{
	"editor": {
		"allAngles": false,
		"entityTextureMode": false
	},
	"textureWidth": 16,
	"textureHeight": 16,
	"elements": [
		{
			"name": "origin",
			"from": [ 8.0, 4.3, 8.0 ], 
			"to": [ 8.0, 4.3, 8.0 ], 
			"rotationOrigin": [ 8.0, 4.3, 8.0 ],
			"faces": {
				"north": { "texture": "#metal", "uv": [ 12.0, 0.5, 12.5, 1.0 ] },
				"east": { "texture": "#metal", "uv": [ 13.5, 12.5, 14.0, 13.0 ] },
				"south": { "texture": "#metal", "uv": [ 12.5, 6.0, 13.0, 6.5 ] },
				"west": { "texture": "#metal", "uv": [ 13.0, 9.0, 13.5, 9.5 ] },
				"up": { "texture": "#metal", "uv": [ 3.5, 4.0, 4.0, 4.5 ] },
				"down": { "texture": "#metal", "uv": [ 6.0, 7.0, 6.5, 7.5 ] }
			},
			"children": [
				{
					"name": "contents",
					"from": [ -5.5, 0.0, -6.0 ], 
					"to": [ 6.3, 1.0, 6.2 ], 
					"rotationOrigin": [ -5.5, 0.0, -6.0 ],
					"renderPass": 4,
					"faces": {
						"north": { "texture": "#water_bucket", "uv": [ 0.0, 0.0, 11.5, 1.0 ], "enabled": false },
						"east": { "texture": "#water_bucket", "uv": [ 0.0, 0.0, 12.0, 1.0 ], "enabled": false },
						"south": { "texture": "#water_bucket", "uv": [ 0.0, 0.0, 11.5, 1.0 ], "enabled": false },
						"west": { "texture": "#water_bucket", "uv": [ 0.0, 0.0, 12.0, 1.0 ], "enabled": false },
						"up": { "texture": "#water_bucket", "uv": [ 1.0, 1.0, 12.5, 13.0 ] },
						"down": { "texture": "#water_bucket", "uv": [ 0.0, 0.0, 11.5, 12.0 ], "enabled": false }
					}
				}
			]
		}
	]}