{
	"code": "deadseraph",
	"class": "butcherable",
	"variantgroups": [
		{ "code": "type", "states": [ "hairless" ] },
		{ "code": "texture", "states": [ "1" ] },
		{ "code": "state", "states": [ "dead", "skinned", "bledout", "rotten" ] }
	],
	"allowedVariants": [ "deadseraph-hairless-*" ],
	"maxstacksize": 1,
	"behaviors": [{ "name": "GroundStorable", "properties": { "layout": "SingleCenter", "collisionBox": { "x1": 0.2, "y1": 0, "z1": 0.2, "x2": 0.8, "y2": 0.5, "z2": 0.8 }}}],
	"texturesByType": { 
		"deadseraph-hairless-*-dead": { "seraph": { "base": "game:entity/humanoid/seraph-naked" } },
		"deadseraph-hairless-*-skinned": { "seraph": { "base": "cannibalism:item/butchercreatures/animalpalemeatbloody" } },
		"deadseraph-hairless-*-bledout": { "seraph": { "base": "cannibalism:item/butchercreatures/animalpalemeatbledout" } },
		"deadseraph-hairless-*-rotten": { "seraph": { "base": "game:block/creature/rot/rot" } }
	},
	"attributesByType": {
		"deadseraph-hairless-*": {
			"size": 0.5,
			"mass": 0.04,
			"bloodAmount": 100,
			"butcheringWorkLoad": "medium",
			"handbookByType": {
				"*-rotten": {
					"exclude": false
				},
				"*": {
					"exclude": true
				}
			},
			"hangingShape": { "base": "cannibalism:entity/humanoid/seraph-hairless-hanging" },
			"excludeRewards": [],
			"butcheringRewards": [
				{
					"type": "item",
					"code": "butchering:offal-bloody",
					"quantity": {
						"avg": 2,
						"var": 1
					}
				}
			],
			"skinningRewards": [
			]
		}
	},
	
	"shapeByType": {
		"deadseraph-hairless-*": { "base": "cannibalism:entity/humanoid/seraph-hairless-dead" }
	},
	"storageFlagsbytype": {
		"*-rotten": 1,
		"*": 2050
	},
    "transitionablePropsByType": {
		"*-rotten": [],
		"*": [
			{
				"type": "Perish",
				"freshHours": {
					"avg": 80
				},
				"transitionHours": {
					"avg": 24
				},
				"transitionedStack": {
					"type": "item",
					"code": "deadseraph-{type}-{texture}-rotten"
				},
				"transitionRatio": 1
			}
		]
	},
	"creativeinventory": { "general": ["*-1-dead"], "items": ["*-1-dead"] },
	"heldTpIdleAnimation": "holdunderarm",
	"guiTransform": {
		"translation": { "x": 0, "y": 0, "z": 0 },
		"rotation": { "x": -20, "y": 21, "z": 180 },
		"origin": { "x": 0.53, "y": 0.35, "z": 0.5 },
		"scale": 1,
		"rotate": true
	},
	"fpHandTransform": {
		"translation": { "x": 0, "y": 0, "z": 0 },
		"rotation": { "x": -132, "y": -180, "z": -18 }
	},
	"tpHandTransform": {
		"translation": { "x": -0.5, "y": -0.3, "z": -0.7 },
		"rotation": { "x": -89, "y": -12, "z": 3 },
		"scale": 0.86
	},
	"groundTransform": {
		"translation": { "x": 0, "y": 0, "z": 0 },
		"rotation": { "x": 180, "y": 33, "z": -180 },
		"origin": { "x": 0.5, "y": 0, "z": 0.5 },
		"scale": 4.5
	}
}