{
	"editor": {
		"allAngles": true,
		"entityTextureMode": false
	},
	"textureWidth": 8,
	"textureHeight": 8,
	"textureSizes": {
		"leaves": [8,8],
		"leaves2": [8,8],
		"flower": [8,8]
	},
	"textures": {
	},
	"elements": [
		{
			"name": "Origin",
			"from": [ 8.0, 0.0, 8.0 ],
			"to": [ 8.0, 0.0, 8.0 ],
			"rotationOrigin": [ 8.0, 0.0, 8.0 ],
			"faces": {
			},
			"children": [
				{
					"name": "Petioles1",
					"from": [ 0.0, 0.0, 0.0 ],
					"to": [ 0.6, 4.8, 0.6 ],
					"rotationOrigin": [ 0.0, 0.0, 0.0 ],
					"rotationZ": -5.0,
					"faces": {
						"north": { "texture": "#leaves", "uv": [ 6.0, 2.0, 7.0, 8.0 ], "autoUv": false, "windMode": [0,7,7,0] },
						"east": { "texture": "#leaves", "uv": [ 6.5, 2.0, 7.5, 8.0 ], "autoUv": false, "windMode": [0,7,7,0] },
						"south": { "texture": "#leaves", "uv": [ 6.5, 2.0, 7.5, 8.0 ], "autoUv": false, "windMode": [0,0,7,7] },
						"west": { "texture": "#leaves", "uv": [ 7.0, 2.0, 8.0, 8.0 ], "autoUv": false, "windMode": [0,0,7,7] },
						"up": { "texture": "#leaves", "uv": [ 6.0, 0.5, 7.0, 1.5 ], "autoUv": false, "windMode": [7,7,7,7] }
					},
					"children": [
						{
							"name": "Leaf1",
							"from": [ -0.6, 4.8, -2.1 ],
							"to": [ 5.4, 4.8, 2.7 ],
							"shade": false,
							"renderPass": 1,
							"rotationOrigin": [ 0.0, 4.8, 0.3 ],
							"rotationZ": 5.0,
							"faces": {
								"up": { "texture": "#leaves", "uv": [ 0.0, 0.0, 6.0, 8.0 ], "rotation": 90, "autoUv": false, "windMode": [7,7,7,7] }
							},
							"children": [
								{
									"name": "Flower1",
									"from": [ -0.4, -0.5, 2.0 ],
									"to": [ 1.6, 1.5, 2.0 ],
									"shade": false,
									"renderPass": 1,
									"rotationOrigin": [ 0.6, -0.5, 2.0 ],
									"faces": {
										"north": { "texture": "#flower", "uv": [ 0.0, 0.0, 8.0, 7.0 ], "autoUv": false, "windMode": [7,7,7,7] }
									},
									"children": [
										{
											"name": "Flower2",
											"from": [ 0.0, 0.0, 0.0 ],
											"to": [ 2.0, 2.0, 0.0 ],
											"shade": false,
											"renderPass": 1,
											"rotationOrigin": [ 1.0, 0.0, 0.0 ],
											"rotationX": -180.0,
											"rotationY": -61.0,
											"rotationZ": -180.0,
											"faces": {
												"north": { "texture": "#flower", "uv": [ 0.0, 0.0, 8.0, 7.0 ], "autoUv": false, "windMode": [7,7,7,7] }
											}
										},
										{
											"name": "Flower3",
											"from": [ 0.0, 0.0, 0.0 ],
											"to": [ 2.0, 2.0, 0.0 ],
											"shade": false,
											"renderPass": 1,
											"rotationOrigin": [ 1.0, 0.0, 0.0 ],
											"rotationX": -180.0,
											"rotationY": 64.0,
											"rotationZ": -180.0,
											"faces": {
												"north": { "texture": "#flower", "uv": [ 0.0, 0.0, 8.0, 7.0 ], "autoUv": false, "windMode": [7,7,7,7] }
											}
										}
									]
								}
							]
						}
					]
				},
				{
					"name": "Rotation point",
					"from": [ -2.0, 0.0, 2.0 ],
					"to": [ -2.0, 0.0, 2.0 ],
					"rotationOrigin": [ -2.0, 0.0, 2.0 ],
					"faces": {
					},
					"children": [
						{
							"name": "Petioles2",
							"from": [ 0.0, 0.0, 0.0 ],
							"to": [ 0.6, 3.8, 0.6 ],
							"rotationOrigin": [ 0.0, 0.0, 0.0 ],
							"rotationY": -67.5,
							"rotationZ": -5.0,
							"faces": {
								"north": { "texture": "#leaves", "uv": [ 6.0, 2.0, 7.0, 8.0 ], "autoUv": false, "windMode": [0,7,7,0] },
								"east": { "texture": "#leaves", "uv": [ 6.5, 2.0, 7.5, 8.0 ], "autoUv": false, "windMode": [0,7,7,0] },
								"south": { "texture": "#leaves", "uv": [ 6.5, 2.0, 7.5, 8.0 ], "autoUv": false, "windMode": [0,0,7,7] },
								"west": { "texture": "#leaves", "uv": [ 7.0, 2.0, 8.0, 8.0 ], "autoUv": false, "windMode": [0,0,7,7] },
								"up": { "texture": "#leaves", "uv": [ 6.0, 0.5, 7.0, 1.5 ], "autoUv": false, "windMode": [7,7,7,7] }
							},
							"children": [
								{
									"name": "Leaf2",
									"from": [ -0.6, 3.8, -2.1 ],
									"to": [ 5.4, 3.8, 2.7 ],
									"shade": false,
									"renderPass": 1,
									"rotationOrigin": [ 0.0, 3.8, 0.3 ],
									"rotationZ": 5.0,
									"faces": {
										"up": { "texture": "#leaves", "uv": [ 0.0, 0.0, 6.0, 8.0 ], "rotation": 90, "autoUv": false, "windMode": [7,7,7,7] }
									}
								}
							]
						}
					]
				},
				{
					"name": "Rotation point2",
					"from": [ 0.0, 0.0, -2.0 ],
					"to": [ 0.0, 0.0, -2.0 ],
					"rotationOrigin": [ 0.0, 0.0, -2.0 ],
					"rotationY": 112.5,
					"faces": {
					},
					"children": [
						{
							"name": "Petioles3",
							"from": [ 0.0, 0.0, 0.0 ],
							"to": [ 0.6, 3.8, 0.6 ],
							"rotationOrigin": [ 0.0, 0.0, 0.0 ],
							"rotationZ": -22.5,
							"faces": {
								"north": { "texture": "#leaves", "uv": [ 6.0, 2.0, 7.0, 8.0 ], "autoUv": false, "windMode": [0,7,7,0] },
								"east": { "texture": "#leaves", "uv": [ 6.5, 2.0, 7.5, 8.0 ], "autoUv": false, "windMode": [0,7,7,0] },
								"south": { "texture": "#leaves", "uv": [ 6.5, 2.0, 7.5, 8.0 ], "autoUv": false, "windMode": [0,0,7,7] },
								"west": { "texture": "#leaves", "uv": [ 7.0, 2.0, 8.0, 8.0 ], "autoUv": false, "windMode": [0,0,7,7] },
								"up": { "texture": "#leaves", "uv": [ 6.0, 0.5, 7.0, 1.5 ], "autoUv": false, "windMode": [7,7,7,7] }
							},
							"children": [
								{
									"name": "Leaf3",
									"from": [ -0.6, 3.8, -2.1 ],
									"to": [ 5.4, 3.8, 2.7 ],
									"shade": false,
									"renderPass": 1,
									"rotationOrigin": [ 0.0, 3.8, 0.3 ],
									"rotationZ": 17.0,
									"faces": {
										"up": { "texture": "#leaves2", "uv": [ 0.0, 0.0, 6.0, 8.0 ], "rotation": 90, "autoUv": false, "windMode": [7,7,0,0] }
									}
								}
							]
						}
					]
				},
				{
					"name": "Rotation point3",
					"from": [ -1.0, 0.0, 0.0 ],
					"to": [ -1.0, 0.0, 0.0 ],
					"rotationOrigin": [ -1.0, 0.0, 0.0 ],
					"rotationY": 180.0,
					"faces": {
					},
					"children": [
						{
							"name": "Petioles4",
							"from": [ 0.0, 0.0, 0.0 ],
							"to": [ 0.6, 3.8, 0.6 ],
							"rotationOrigin": [ 0.0, 0.0, 0.0 ],
							"rotationZ": -22.5,
							"faces": {
								"north": { "texture": "#leaves", "uv": [ 6.0, 2.0, 7.0, 8.0 ], "autoUv": false, "windMode": [0,7,7,0] },
								"east": { "texture": "#leaves", "uv": [ 6.5, 2.0, 7.5, 8.0 ], "autoUv": false, "windMode": [0,7,7,0] },
								"south": { "texture": "#leaves", "uv": [ 6.5, 2.0, 7.5, 8.0 ], "autoUv": false, "windMode": [0,0,7,7] },
								"west": { "texture": "#leaves", "uv": [ 7.0, 2.0, 8.0, 8.0 ], "autoUv": false, "windMode": [0,0,7,7] },
								"up": { "texture": "#leaves", "uv": [ 6.0, 0.5, 7.0, 1.5 ], "autoUv": false, "windMode": [7,7,7,7] }
							},
							"children": [
								{
									"name": "Leaf4",
									"from": [ -0.6, 3.8, -2.1 ],
									"to": [ 5.4, 3.8, 2.7 ],
									"shade": false,
									"renderPass": 1,
									"rotationOrigin": [ 0.0, 3.8, 0.3 ],
									"rotationZ": 53.0,
									"faces": {
										"up": { "texture": "#leaves2", "uv": [ 0.0, 0.0, 6.0, 8.0 ], "rotation": 90, "autoUv": false, "windMode": [7,7,7,7] }
									}
								}
							]
						}
					]
				},
				{
					"name": "Rotation point4",
					"from": [ 1.0, 0.0, -2.0 ],
					"to": [ 1.0, 0.0, -2.0 ],
					"rotationOrigin": [ 1.0, 0.0, -2.0 ],
					"rotationY": 125.0,
					"faces": {
					},
					"children": [
						{
							"name": "Petioles5",
							"from": [ 0.0, 0.0, 0.0 ],
							"to": [ 0.6, 4.6, 0.6 ],
							"rotationOrigin": [ 0.0, 0.0, 0.0 ],
							"rotationY": -67.5,
							"rotationZ": -5.0,
							"faces": {
								"north": { "texture": "#leaves", "uv": [ 6.0, 2.0, 7.0, 8.0 ], "autoUv": false, "windMode": [0,7,7,0] },
								"east": { "texture": "#leaves", "uv": [ 6.5, 2.0, 7.5, 8.0 ], "autoUv": false, "windMode": [0,7,7,0] },
								"south": { "texture": "#leaves", "uv": [ 6.5, 2.0, 7.5, 8.0 ], "autoUv": false, "windMode": [0,0,7,7] },
								"west": { "texture": "#leaves", "uv": [ 7.0, 2.0, 8.0, 8.0 ], "autoUv": false, "windMode": [0,0,7,7] },
								"up": { "texture": "#leaves", "uv": [ 6.0, 0.5, 7.0, 1.5 ], "autoUv": false, "windMode": [7,7,7,7] }
							},
							"children": [
								{
									"name": "Leaf5",
									"from": [ -0.6, 4.6, -2.1 ],
									"to": [ 5.4, 4.6, 2.7 ],
									"shade": false,
									"renderPass": 1,
									"rotationOrigin": [ 0.0, 4.6, 0.3 ],
									"rotationZ": 33.0,
									"faces": {
										"up": { "texture": "#leaves", "uv": [ 0.0, 0.0, 6.0, 8.0 ], "rotation": 90, "autoUv": false, "windMode": [7,7,7,7] }
									},
									"children": [
										{
											"name": "Flower4",
											"from": [ -0.4, -0.5, 2.0 ],
											"to": [ 1.6, 1.5, 2.0 ],
											"shade": false,
											"renderPass": 1,
											"rotationOrigin": [ 0.6, -0.5, 2.0 ],
											"faces": {
												"north": { "texture": "#flower", "uv": [ 0.0, 0.0, 8.0, 7.0 ], "autoUv": false, "windMode": [7,7,7,7] }
											},
											"children": [
												{
													"name": "Flower5",
													"from": [ 0.0, 0.0, 0.0 ],
													"to": [ 2.0, 2.0, 0.0 ],
													"shade": false,
													"renderPass": 1,
													"rotationOrigin": [ 1.0, 0.0, 0.0 ],
													"rotationX": -180.0,
													"rotationY": -61.0,
													"rotationZ": -180.0,
													"faces": {
														"north": { "texture": "#flower", "uv": [ 0.0, 0.0, 8.0, 7.0 ], "autoUv": false, "windMode": [7,7,7,7] }
													}
												},
												{
													"name": "Flower6",
													"from": [ 0.0, 0.0, 0.0 ],
													"to": [ 2.0, 2.0, 0.0 ],
													"shade": false,
													"renderPass": 1,
													"rotationOrigin": [ 1.0, 0.0, 0.0 ],
													"rotationX": -180.0,
													"rotationY": 64.0,
													"rotationZ": -180.0,
													"faces": {
														"north": { "texture": "#flower", "uv": [ 0.0, 0.0, 8.0, 7.0 ], "autoUv": false, "windMode": [7,7,7,7] }
													}
												}
											]
										}
									]
								}
							]
						}
					]
				},
				{
					"name": "Rotation point5",
					"from": [ 3.0, 0.0, 2.0 ],
					"to": [ 3.0, 0.0, 2.0 ],
					"rotationOrigin": [ 3.0, 0.0, 2.0 ],
					"rotationY": -75.0,
					"faces": {
					},
					"children": [
						{
							"name": "Petioles6",
							"from": [ 0.0, 0.0, 0.0 ],
							"to": [ 0.6, 3.8, 0.6 ],
							"rotationOrigin": [ 0.0, 0.0, 0.0 ],
							"rotationZ": -8.0,
							"faces": {
								"north": { "texture": "#leaves", "uv": [ 6.0, 2.0, 7.0, 8.0 ], "autoUv": false, "windMode": [0,7,7,0] },
								"east": { "texture": "#leaves", "uv": [ 6.5, 2.0, 7.5, 8.0 ], "autoUv": false, "windMode": [0,7,7,0] },
								"south": { "texture": "#leaves", "uv": [ 6.5, 2.0, 7.5, 8.0 ], "autoUv": false, "windMode": [0,0,7,7] },
								"west": { "texture": "#leaves", "uv": [ 7.0, 2.0, 8.0, 8.0 ], "autoUv": false, "windMode": [0,0,7,7] },
								"up": { "texture": "#leaves", "uv": [ 6.0, 0.5, 7.0, 1.5 ], "autoUv": false, "windMode": [7,7,7,7] }
							},
							"children": [
								{
									"name": "Leaf6",
									"from": [ -0.6, 3.8, -2.1 ],
									"to": [ 5.4, 3.8, 2.7 ],
									"shade": false,
									"renderPass": 1,
									"rotationOrigin": [ 0.0, 3.8, 0.3 ],
									"rotationZ": 33.0,
									"faces": {
										"up": { "texture": "#leaves", "uv": [ 0.0, 0.0, 6.0, 8.0 ], "rotation": 90, "autoUv": false, "windMode": [7,7,7,7] }
									}
								}
							]
						}
					]
				}
			]
		}
	]}