{
	"editor": {
		"backDropShape": "entity/humanoid/seraph",
		"allAngles": true,
		"entityTextureMode": true
	},
	"textureWidth": 64,
	"textureHeight": 64,
	"textureSizes": {
	},
	"textures": {
	},
	"elements": [
		{
			"name": "ArmorHead",
			"stepParentName": "Head",
			"from": [ -0.075, -0.15, -0.15 ],
			"to": [ 4.2, 3.9, 3.9 ],
			"autoUnwrap": false,
			"uv": [ 7.0, 0.0 ],
			"rotationOrigin": [ -0.075, -0.15, 1.95 ],
			"faces": {
				"north": { "texture": "#forlornhope-damaged", "uv": [ 0.0, 6.0, 5.5, 11.0 ], "autoUv": false },
				"east": { "texture": "#forlornhope-damaged", "uv": [ 17.0, 6.0, 22.0, 11.0 ], "autoUv": false },
				"south": { "texture": "#forlornhope-damaged", "uv": [ 11.5, 6.0, 17.0, 11.0 ], "autoUv": false },
				"west": { "texture": "#forlornhope-damaged", "uv": [ 6.0, 6.0, 11.0, 11.0 ], "autoUv": false },
				"up": { "texture": "#forlornhope-damaged", "uv": [ 6.0, 0.0, 11.0, 5.5 ], "rotation": 90, "autoUv": false },
				"down": { "texture": "#forlornhope-damaged", "uv": [ 0.5, 0.5, 5.5, 6.0 ], "rotation": 90, "autoUv": false }
			},
			"children": [
				{
					"name": "ArmorNeck",
					"stepParentName": "Neck",
					"from": [ -0.075, 0.6, -0.075 ],
					"to": [ 2.325, 1.8, 2.325 ],
					"autoUnwrap": false,
					"uv": [ 11.5, 3.0 ],
					"rotationOrigin": [ -0.075, 0.6, 1.125 ],
					"faces": {
						"north": { "texture": "#forlornhope-damaged", "uv": [ 11.0, 0.0, 14.0, 1.5 ], "autoUv": false },
						"east": { "texture": "#forlornhope-damaged", "uv": [ 20.0, 0.0, 23.0, 1.5 ], "autoUv": false },
						"south": { "texture": "#forlornhope-damaged", "uv": [ 17.0, 0.0, 20.0, 1.5 ], "autoUv": false },
						"west": { "texture": "#forlornhope-damaged", "uv": [ 14.0, 0.0, 17.0, 1.5 ], "autoUv": false }
					}
				},
				{
					"name": "ArmorVisor",
					"from": [ -1.425, 0.45, 0.15 ],
					"to": [ 1.575, 3.45, 3.9 ],
					"autoUnwrap": false,
					"uv": [ 23.5, 3.0 ],
					"rotationOrigin": [ 0.075, 2.025, 2.025 ],
					"rotationX": 8.0,
					"rotationZ": 45.0,
					"faces": {
						"north": { "texture": "#forlornhope-damaged", "uv": [ 23.5, 2.0, 27.5, 6.0 ], "autoUv": false },
						"south": { "texture": "#forlornhope-damaged", "uv": [ 32.5, 2.0, 36.5, 6.0 ], "autoUv": false },
						"west": { "texture": "#forlornhope-damaged", "uv": [ 27.5, 4.0, 32.5, 8.0 ], "autoUv": false },
						"up": { "texture": "#forlornhope-damaged", "uv": [ 27.5, 0.0, 32.5, 4.0 ], "rotation": 90, "autoUv": false }
					}
				},
				{
					"name": "ArmorHelmetNose",
					"from": [ -2.625, 3.675, 1.65 ],
					"to": [ 0.375, 4.05, 2.4 ],
					"autoUnwrap": false,
					"uv": [ 25.0, 0.5 ],
					"rotationOrigin": [ -0.45, 4.05, 2.1 ],
					"rotationX": -6.0,
					"rotationZ": 45.0,
					"faces": {
						"north": { "texture": "#forlornhope-damaged", "uv": [ 35.5, 0.0, 39.5, 0.5 ], "autoUv": false },
						"east": { "texture": "#forlornhope-damaged", "uv": [ 39.5, 0.5, 40.0, 1.5 ], "rotation": 90, "autoUv": false },
						"south": { "texture": "#forlornhope-damaged", "uv": [ 35.5, 1.5, 39.5, 2.0 ], "autoUv": false },
						"west": { "texture": "#forlornhope-damaged", "uv": [ 35.0, 0.5, 35.5, 1.5 ], "rotation": 90, "autoUv": false },
						"up": { "texture": "#forlornhope-damaged", "uv": [ 35.5, 0.5, 39.5, 1.5 ], "autoUv": false }
					}
				},
				{
					"name": "ArmorRidgeTop",
					"from": [ 0.15, 4.05, 1.8 ],
					"to": [ 4.275, 4.575, 2.25 ],
					"autoUnwrap": false,
					"uv": [ 11.5, 4.0 ],
					"rotationOrigin": [ 0.225, 4.05, 2.1 ],
					"rotationX": 3.0,
					"faces": {
						"north": { "texture": "#forlornhope-damaged", "uv": [ 11.5, 4.5, 17.0, 5.0 ], "autoUv": false },
						"east": { "texture": "#forlornhope-damaged", "uv": [ 12.0, 4.5, 12.5, 5.0 ], "autoUv": false, "windMode": [-1,-1,-1,-1] },
						"south": { "texture": "#forlornhope-damaged", "uv": [ 11.5, 3.5, 17.0, 4.0 ], "autoUv": false },
						"up": { "texture": "#forlornhope-damaged", "uv": [ 11.5, 4.0, 17.0, 4.5 ], "autoUv": false }
					}
				},
				{
					"name": "ArmorRidgeBack",
					"from": [ 4.2, 0.75, 1.8 ],
					"to": [ 4.725, 4.575, 2.25 ],
					"uv": [ 34.0, 6.5 ],
					"rotationOrigin": [ 4.2, 0.75, 1.8 ],
					"rotationY": 7.0,
					"faces": {
						"north": { "texture": "#forlornhope-damaged", "uv": [ 34.0, 7.0, 34.5, 12.0 ], "autoUv": false },
						"east": { "texture": "#forlornhope-damaged", "uv": [ 34.5, 7.0, 35.0, 12.0 ], "autoUv": false },
						"south": { "texture": "#forlornhope-damaged", "uv": [ 35.0, 7.0, 35.5, 12.0 ], "autoUv": false },
						"up": { "texture": "#forlornhope-damaged", "uv": [ 34.0, 6.5, 34.5, 7.0 ], "autoUv": false },
						"down": { "texture": "#forlornhope-damaged", "uv": [ 34.5, 6.5, 35.0, 7.0 ], "autoUv": false }
					}
				}
			]
		}
	]}