[
    {
        file: "game:entities/land/gazelle.json",
        op: "remove",
        path: "/client/shape",
        side: "server"
    },
    {
        file: "game:entities/land/gazelle.json",
        op: "add",
        path: "/client/shapeByType",
        value: {
            "*-calf": { base: "game:entity/land/gazelle-calf" },
            "*": { base: "game:entity/land/gazelle-{type}" },
        },
        side: "server"
    },
    {
        file: "game:entities/land/gazelle.json",
        op: "replace",
        path: "/server/spawnconditions/worldgen/companions",
        value: ["game:gazelle-female", "detailedanimals:gazelle-male-calf", "detailedanimals:gazelle-female-calf"],
        side: "server"
    },
    {
        file: "game:entities/land/gazelle.json",
        op: "replace",
        path: "/server/spawnconditions/runtime/companions",
        value: ["game:gazelle-female", "detailedanimals:gazelle-male-calf", "detailedanimals:gazelle-female-calf"],
        side: "server"
    },


    {
        file: "game:entities/land/gazelle.json",
        op: "remove",
        path: "/hitboxSize",
        side: "server"
    },
    {
        file: "game:entities/land/gazelle.json",
        op: "add",
        path: "/hitboxSizeByType",
        value: {
            "*-calf": { x: 0.8, y: 0.92 },
            "*": { x: 1.3, y: 1.4 }
        },
        side: "server"
    },
    {
        file: "game:entities/land/gazelle.json",
        op: "remove",
        path: "/deadHitboxSize",
        side: "server"
    },
    {
        file: "game:entities/land/gazelle.json",
        op: "add",
        path: "/deadHitboxSizeByType",
        value: {
            "*-calf": { x: 0.8, y: 0.5 },
            "*": { x: 1.3, y: 0.75 }
        },
        side: "server"
    },


    {
        file: "game:entities/land/gazelle.json",
        op: "add",
        path: "/attributes/adultWeightKg",
        value: 23.75,
        side: "server"
    },
    {
        file: "game:entities/land/gazelle.json",
        op: "add",
        path: "/attributes/weightDimorphism",
        value: 0.05,
        side: "server"
    },
    {
        file: "game:entities/land/gazelle.json",
        op: "add",
        path: "/server/behaviors/-",
        value: {
            code: "genelib.age",
            adultEntityCodesByType: {
                "*-female-calf": [ "game:gazelle-female" ],
                "*-male-calf": [ "game:gazelle-male" ],
                "*-calf": [ "game:gazelle-male", "game:gazelle-female" ]
            },
            monthsToGrowByType: {
                "*-calf": 6.0,
                "*": 18.0
            },
            startAgeMonthsByType: {
                "*-calf": 12.0,
                "*": 6.0,
            },
            initialWeightByType: {
                "*-calf": 0.1,
                "*": 0.7,
            },
            finalWeightByType: {
                "*-male": 1.0,
                "*-female": 1.0,
            }
        },
        side: "server"
    },
    {
        file: "game:entities/land/gazelle.json",
        op: "add",
        path: "/client/behaviors/-",
        value: { code: "genelib.age" },
        side: "server"
    },
    {
        file: "game:entities/land/gazelle.json",
        op: "add",
        path: "/client/sizeByType",
        value: { "*-calf": 1.5, "*": 1 },
        side: "server"
    },

    {
        file: "game:entities/land/gazelle.json",
        op: "replace",
        path: "/server/behaviors/6/drops/0/quantity",
        value: { avg: 5.9, var: 1 },
        side: "server"
    },
    {
        file: "game:entities/land/gazelle.json",
        op: "replace",
        path: "/server/behaviors/6/drops/1/quantity",
        value: { avgByType: {
                        "*-calf": 0,
                        "*": 1,
                    }, var: 0},
        side: "server"
    },
    {
        file: "game:entities/land/gazelle.json",
        op: "replace",
        path: "/server/behaviors/6/drops/2/quantity",
        value: { avg: 1, var: 0 },
        side: "server"
    },
    {
        file: "game:entities/land/gazelle.json",
        op: "add",
        path: "/server/behaviors/6/drops/-",
        value: {
            type: "item", 
            code: "game:hide-raw-small", 
            category: "pelt",
            quantityByType: {
                "*-calf": { avg: 2, var: 0 },
                "*": { avg: 0, var: 0 },
            },
        },
        side: "server"
    },


    {
        file: "game:entities/land/gazelle.json",
        op: "add",
        path: "/client/behaviors/-",
        value: { code: "genelib.reproduce", enabledByType: { "gazelle-female": true, "*": false } },
        side: "server"
    },
    {
        file: "game:entities/land/gazelle.json",
        op: "add",
        path: "/server/behaviors/-",
        value: {
            code: "genelib.reproduce",
            enabledByType: { "gazelle-female": true, "*": false },
            mateTaskPriority: 1.34,
            sireCodes: ["game:gazelle-male"],
            spawnEntityCodes: [{"code": "detailedanimals:gazelle-male-calf"}, {"code": "detailedanimals:gazelle-female-calf"}],
            pregnancyMonths: 5.5,
            cooldownMonths: 9.0,
            lactationMonths: 6,
            estrousCycleMonths: 1.0,
            daysInHeat: 2.0,
            breedingPeakMonth: 1.0,
            breedingMonthsBefore: 8.0,
            breedingMonthsAfter: 8.0,
            litterAddChance: 0.01,
            litterAddAttempts: 1,
        },
        side: "server"
    },


    {
        file: "game:entities/land/gazelle.json",
        op: "add",
        path: "/attributes/creatureDiet/foodCategories/-",
        value: "Fruit",
        side: "server"
    },
    {
        file: "game:entities/land/gazelle.json",
        op: "addeach",
        path: "/attributes/creatureDiet/foodTags/-",
        value: ["vegetable", "foliage", "hay", "fruitmash", "sheepfeed", "toughstem", "acorn", "peanut", "soybean"],
        side: "server"
    },
    {
        file: "game:entities/land/gazelle.json",
        op: "replace",
        path: "/attributes/creatureDiet/skipFoodTags",
        value: [ "riceCrop", "parsnipCrop", "onion", "cassava" ],
        side: "server"
    },
    {
        file: "game:entities/land/gazelle.json",
        op: "addmerge",
        path: "/behaviorConfigs",
        value: { },
        side: "server"
    },
    {
        file: "game:entities/land/gazelle.json",
        op: "addmerge",
        path: "/behaviorConfigs/genelib.hunger",
        value: { 
            monthsUntilWeaned: 4,
            fiber: 0.5,
            sugar: 0.15,
            fat: 0.04,
            fatMax: 0.2,
            starch: 0.15,
            protein: 0.14,
            water: 1.0,
            minerals: 0.02,
            mineralsMax: 0.1,
            avoidFoodTags: [ "sour" ],
            specialties: [ "toughplant" ],
            fiberDigestion: 1.0,
            grazeMethods: ["nibblegraze"],
        },
        side: "server"
    },
    {
        file: "game:entities/land/gazelle.json",
        op: "replace",
        path: "/server/behaviors/9/aitasks/2/code",
        value: "genelib.forage",
        side: "server"
    },
    {
        file: "game:entities/land/gazelle.json",
        op: "add",
        path: "/server/behaviors/9/aitasks/2/nurseFromEntities",
        value: ["game:gazelle-female"],
        side: "server"
    },
    {
        file: "game:entities/land/gazelle.json",
        op: "replace",
        path: "/server/behaviors/9/aitasks/2/mincooldownHours",
        value: 0.0,
        side: "server"
    },
    {
        file: "game:entities/land/gazelle.json",
        op: "replace",
        path: "/server/behaviors/9/aitasks/2/maxcooldownHours",
        value: 0.05,
        side: "server"
    },
    {
        file: "game:entities/land/gazelle.json",
        op: "replace",
        path: "/server/behaviors/9/aitasks/2/eatSound",
        value: "game:creature/animal-eat-small",
        side: "server"
    },
    {
        file: "game:entities/land/gazelle.json",
        op: "add",
        path: "/server/behaviors/9/aitasks/3/enabled",
        value: false,
        side: "server"
    },
]
