[
    {
        file: "game:entities/land/hooved/goat.json",
        op: "replace",
        path: "/client/behaviors/8/enabledByType",
        value: { "*-adult": true, "*": false },
        side: "server"
    },
    {
        file: "game:entities/land/hooved/goat.json",
        op: "replace",
        path: "/server/behaviors/15/variantsByType",
        value: {
            "goat-angora-female-*": ["01", "02", "03", "04", "05", "06", "07"],
            "goat-angora-*": ["01", "02", "03", "04", "05", "06", "07", "08", "09"],
            "goat-ibexalp-female-*": ["01", "02", "03", "04"],
            "goat-ibexalp-*": ["01", "02", "03", "04", "05", "06", "07"],
            "goat-ibexnub-female-*": ["01", "02", "03"],
            "goat-ibexnub-*": ["01", "02", "03", "04", "05", "06", "07", "08", "09"],
            "goat-markhor-female-*": ["01", "02"],
            "goat-markhor-*": ["01", "02", "03", "04", "05", "06", "07", "08", "09"],
            "goat-mountain-*": ["01", "02", "03"],
            "goat-muskox-*": ["01", "02", "03", "04", "05"],
            "goat-nubian-female-*": ["01", "02", "03"],
            "goat-nubian-*": ["01", "02", "03", "04"],
            "goat-sirohi-female-*": ["01", "02", "03"],
            "goat-sirohi-*": ["01", "02", "03", "04"],
            "goat-takingold-*": ["01", "02", "03", "04", "05"],
            "goat-turdag-female-*": ["01", "02"],
            "goat-turdag-*": ["01", "02", "03", "04", "05", "06", "07"],
            "goat-valais-female-*": ["01", "02", "03", "04", "05", "06", "07"],
            "goat-valais-*": ["01", "02", "03", "04", "05", "06", "07", "08"],
        },
        side: "server"
    },


    {
        file: "game:entities/land/hooved/goat.json",
        op: "add",
        path: "/attributes/adultWeightKgByType",
        value: {
            "goat-ibexalp-*": 58.25,
            "goat-takingold-*": 215,
            "goat-markhor-*": 65,
            "goat-mountain-*": 88,
            "goat-muskox-*": 285,
            "goat-ibexnub-*": 50,
            "goat-turdag-*": 65,
            "goat-angora-*": 60,
            "goat-nubian-*": 60,
            "goat-sirohi-*": 60,
            "goat-valais-*": 60,
        },
        side: "server"
    },
    {
        file: "game:entities/land/hooved/goat.json",
        op: "add",
        path: "/attributes/weightDimorphismByType",
        value: {
            "goat-ibexalp-*": 0.58,
            "goat-takingold-*": 0.12,
            "goat-markhor-*": 0.08,
            "goat-mountain-*": 0.14,
            "goat-muskox-*": 0.08,
            "goat-ibexnub-*": 0.2,
            "goat-turdag-*": 0.05,
            "goat-angora-*": 0.12,
            "goat-nubian-*": 0.12,
            "goat-sirohi-*": 0.12,
            "goat-valais-*": 0.12,
        },
        side: "server"
    },
    {
        file: "game:entities/land/hooved/goat.json",
        op: "replace",
        path: "/client/sizeByType",
        value: {
            "*-adult": 1,
            "goat-ibexalp-*": 2,
            "goat-takingold-*": 2.5,
            "goat-markhor-*": 1.9,
            "goat-mountain-*": 2,
            "goat-muskox-*": 2.9,
            "goat-ibexnub-*": 1.5,
            "goat-turdag-*": 2,
            "goat-angora-*": 1.8,
            "goat-nubian-*": 1.6,
            "goat-sirohi-*": 1.8,
            "goat-valais-*": 1.7,
        },
        side: "server"
    },
    {
        file: "game:entities/land/hooved/goat.json",
        op: "add",
        path: "/client/behaviors/-",
        value: { code: "genelib.age" },
        side: "server"
    },
    {
        file: "game:entities/land/hooved/goat.json",
        op: "replace",
        path: "/server/behaviors/11",
        value: {
            code: "genelib.age",
            adultEntityCodesByType: {
                "*-male-baby": ["goat-{type}-male-adult"],
                "*-female-baby": ["goat-{type}-female-adult"]
            },
            monthsToGrowByType: {
                "*-baby": 10.0,
                "*-adult": 26.0,
            },
            startAgeMonthsByType: {
                "*-adult": 10.0,
            },
            initialWeightByType: {
                "goat-mountain-*-baby": 0.02,
                "*-baby": 0.04,
                "*-adult": 0.6,
            },
        },
        side: "server"
    },
    {
        file: "game:entities/land/hooved/goat.json",
        op: "replace",
        path: "/server/behaviors/7/drops/0/quantityByType",
        value: {
            "goat-ibexalp-*": { avg: 15, var: 0 },
            "goat-takingold-*": { avg: 54, var: 0 },
            "goat-markhor-*": { avg: 16, var: 0 },
            "goat-mountain-*": { avg: 37, var: 0 },
            "goat-muskox-*": { avg: 71, var: 0 },
            "goat-ibexnub-*": { avg: 12.5, var: 0 },
            "goat-turdag-*": { avg: 16, var: 0 },
            "goat-angora-*": { avg: 15, var: 0 },
            "goat-nubian-*": { avg: 15, var: 0 },
            "goat-sirohi-*": { avg: 15, var: 0 },
            "goat-valais-*": { avg: 15, var: 0 },
        },
        side: "server"
    },
    {
        file: "game:entities/land/hooved/goat.json",
        op: "replace",
        path: "/server/behaviors/7/drops/1/quantityByType",
        value: {
            "goat-ibexalp-*-adult": { avg: 1.25, var: 0 },
            "goat-markhor-*-adult": { avg: 1.4, var: 0 },
            "goat-ibexnub-*-adult": { avg: 1.1, var: 0 },
            "goat-turdag-*-adult": { avg: 1.4, var: 0 },
            "goat-angora-*-adult": { avg: 1.1, var: 0 },
            "goat-nubian-*-adult": { avg: 1.1, var: 0 },
            "goat-sirohi-*-adult": { avg: 1.1, var: 0 },
            "goat-valais-*-adult": { avg: 1.1, var: 0 },
            "goat-takingold-*-baby": { avg: 3, var: 0 },
            "goat-muskox-*-baby": { avg: 3.6, var: 0 },
            "*": { avg: 0, var: 0 },
        },
        side: "server"
    },
    {
        file: "game:entities/land/hooved/goat.json",
        // Add instead of replace due to https://github.com/anegostudios/VintageStory-Issues/issues/5094
        op: "add",
        path: "/server/behaviors/7/drops/2/quantityByType",
        value: {
            "goat-mountain-*-baby": { avg: 2.4, var: 0 },
            "goat-turdag-*-baby": { avg: 2, var: 0 },
            "*": { avg: 0, var: 0 },
        },
        side: "server"
    },
    {
        file: "game:entities/land/hooved/goat.json",
        op: "replace",
        path: "/server/behaviors/7/drops/3/quantityByType",
        value: {
            "goat-ibexalp-*-baby": { avg: 3.7, var: 0 },
            "goat-markhor-*-baby": { avg: 4, var: 0 },
            "goat-ibexnub-*-baby": { avg: 3.4, var: 0 },
            "goat-angora-*-baby": { avg: 3.8, var: 0 },
            "goat-nubian-*-baby": { avg: 3.8, var: 0 },
            "goat-sirohi-*-baby": { avg: 3.8, var: 0 },
            "goat-valais-*-baby": { avg: 3.8, var: 0 },
            "*": { avg: 0, var: 0 },
        },
        side: "server"
    },
    {
        file: "game:entities/land/hooved/goat.json",
        op: "replace",
        path: "/server/behaviors/7/drops/4/quantityByType",
        value: {
            "goat-ibexalp-*": { avg: 2.4, var: 0 },
            "goat-takingold-*": { avg: 9, var: 0.1 },
            "goat-markhor-*": { avg: 2.7, var: 0 },
            "goat-mountain-*": { avg: 3.6, var: 0 },
            "goat-muskox-*": { avg: 12, var: 0 },
            "goat-ibexnub-*": { avg: 2.1, var: 0 },
            "goat-turdag-*": { avg: 2.7, var: 0 },
            "goat-angora-*": { avg: 2.7, var: 0 },
            "goat-nubian-*": { avg: 2.7, var: 0 },
            "goat-sirohi-*": { avg: 2.7, var: 0 },
            "goat-valais-*": { avg: 2.7, var: 0 },
        },
        side: "server"
    },
    {
        file: "game:entities/land/hooved/goat.json",
        op: "add",
        path: "/server/behaviors/7/drops/-",
        value: {
            "type": "item",
            "code": "game:hide-raw-huge",
            category: "pelt",
            "quantityByType": {
                "goat-takingold-*-adult": { avg: 1.8, var: 0 },
                "goat-mountain-*-adult": { avg: 1, var: 0 },
                "goat-muskox-*-adult": { avg: 2.2, var: 0 },
                "*": { avg: 0, var: 0 },
            },
        },
        side: "server"
    },


    {
        file: "game:entities/land/hooved/goat.json",
        op: "replace",
        path: "/client/behaviors/5",
        value: { code: "genelib.reproduce", enabledByType: { "*-female-adult": true, "*": false } },
        side: "server"
    },
    {
        file: "game:entities/land/hooved/goat.json",
        op: "replace",
        path: "/server/behaviors/9",
        value: {
            code: "genelib.reproduce",
            enabledByType: { "*-female-adult": true, "*": false },
            mateTaskPriority: 1.37,
            sireCodes: ["game:goat-{type}-male-adult"],
            spawnEntityCodes: [{"code": "game:goat-{type}-male-baby"}, {"code": "game:goat-{type}-female-baby"}],
            pregnancyMonthsByType: {
                "goat-ibexalp-*": 5.45,
                "goat-takingold-*": 7,
                "goat-mountain-*": 5.85,
                "goat-muskox-*": 8.5,
                "goat-ibexnub-*": 5.25,
                "goat-turdag-*": 5.15,
                "*": 5,
            },
            cooldownMonths: 9.0,
            lactationMonths: 5,
            estrousCycleMonths: 0.7,
            daysInHeat: 3.0,
            breedingPeakMonth: 9.5,
            breedingMonthsBefore: 2.0,
            breedingMonthsAfter: 2.0,
            litterAddChanceByType: {
                "goat-muskox-*": 0.001,
                "goat-takingold-*": 0.001,
                "*": 0.01
            },
            litterAddAttempts: 2,
        },
        side: "server"
    },
    {
        file: "game:entities/land/hooved/goat.json",
        op: "add",
        path: "/server/behaviors/-",
        value: {
            code: "genelib.genetics",
            genomeType: "detailedanimals:goat",
            initializersByType: {
                "goat-nubian-*": ["nubian"],
                "goat-sirohi-*": ["sirohi"],
                "*": ["wildtype"],
            },
            enabledByType: {
                "goat-muskox-*": false,
                "goat-mountain-*": false,
                "goat-takingold-*": false,
            }
        },
        side: "server"
    },

    {
        file: "game:entities/land/hooved/goat.json",
        op: "addmerge",
        path: "/behaviorConfigs",
        value: { },
        side: "server"
    },
    {
        file: "game:entities/land/hooved/goat.json",
        op: "addmerge",
        path: "/behaviorConfigs/genelib.hunger",
        value: { 
            monthsUntilWeaned: 3.5,
            fiber: 0.5,
            sugar: 0.15,
            fat: 0.04,
            fatMax: 0.2,
            starch: 0.15,
            protein: 0.14,
            proteinMax: 0.25,
            water: 1.0,
            minerals: 0.02,
            mineralsMax: 0.1,
            avoidFoodTags: [ "sour" ],
            specialties: [ "toughplant" ],
            fiberDigestion: 1.0,
            grazeMethodsByType: {
                "goat-muskox-*": ["graze"],
                "*": ["nibblegraze"],
            }
        },
        side: "server"
    },
    {
        file: "game:entities/land/hooved/goat.json",
        op: "replace",
        path: "/attributes/creatureDiet/skipFoodTags",
        value: [ "riceCrop", "parsnipCrop", "onion", "cassava" ],
        side: "server"
    },
    {
        file: "game:entities/land/hooved/goat.json",
        op: "addeach",
        path: "/attributes/creatureDiet/foodCategories/-",
        value: ["Fruit", "Dairy"],
        side: "server"
    },
    {
        file: "game:entities/land/hooved/goat.json",
        op: "addeach",
        path: "/attributes/creatureDiet/foodTags/-",
        value: ["vegetable", "foliage", "hay", "fruitmash", "sheepfeed", "toughstem", "acorn", "peanut", "soybean"],
        side: "server"
    },
    {
        file: "game:entities/land/hooved/goat.json",
        op: "replace",
        path: "/server/behaviors/13/aitasks/11/code",
        value: "genelib.forage",
        side: "server"
    },
    {
        file: "game:entities/land/hooved/goat.json",
        op: "replace",
        path: "/server/behaviors/13/aitasks/11/priority",
        value: 1.38,
        side: "server"
    },
    {
        file: "game:entities/land/hooved/goat.json",
        op: "add",
        path: "/server/behaviors/13/aitasks/11/nurseFromEntities",
        value: ["game:goat-{type}-female-adult"],
        side: "server"
    },
    {
        file: "game:entities/land/hooved/goat.json",
        op: "replace",
        path: "/server/behaviors/13/aitasks/11/mincooldownHours",
        value: 0.0,
        side: "server"
    },
    {
        file: "game:entities/land/hooved/goat.json",
        op: "replace",
        path: "/server/behaviors/13/aitasks/11/maxcooldownHours",
        value: 0.05,
        side: "server"
    },
    {
        file: "game:entities/land/hooved/goat.json",
        op: "add",
        path: "/server/behaviors/13/aitasks/9/enabled",
        value: false,
        side: "server"
    },
]
