[
    {
        file: "game:entities/land/hyena-male.json",
        op: "replace",
        path: "/server/spawnconditions/worldgen/companions",
        value: ["game:hyena-female", "detailedanimals:hyena-male-pup", "detailedanimals:hyena-female-pup"],
        side: "server"
    },
    {
        file: "game:entities/land/hyena-male.json",
        op: "replace",
        path: "/server/spawnconditions/runtime/companions",
        value: ["game:hyena-female", "detailedanimals:hyena-male-pup", "detailedanimals:hyena-female-pup"],
        side: "server"
    },


    {
        file: "game:entities/land/hyena-female.json",
        op: "addmerge",
        path: "/attributes",
        value: { adultWeightKg: 60, weightDimorphism: -0.03 },
        side: "server"
    },
    {
        file: "game:entities/land/hyena-male.json",
        op: "addmerge",
        path: "/attributes",
        value: { adultWeightKg: 60, weightDimorphism: -0.03 },
        side: "server"
    },
    {
        file: "game:entities/land/hyena-pup.json",
        op: "addmerge",
        path: "/attributes",
        value: { adultWeightKg: 60, weightDimorphism: -0.03 },
        side: "server"
    },
    {
        file: "game:entities/land/hyena-female.json",
        op: "add",
        path: "/server/behaviors/-",
        value: {
            code: "genelib.age",
            monthsToGrow: 12.0,
            startAgeMonths: 6.0,
            initialWeight: 0.7,
            finalWeight: 1.0,
        },
        side: "server"
    },
    {
        file: "game:entities/land/hyena-male.json",
        op: "add",
        path: "/server/behaviors/-",
        value: {
            code: "genelib.age",
            monthsToGrow: 12.0,
            startAgeMonths: 6.0,
            initialWeight: 0.7,
            finalWeight: 1.0,
        },
        side: "server"
    },
    {
        file: "game:entities/land/hyena-pup.json",
        op: "replace",
        path: "/server/behaviors/9",
        value: {
            code: "genelib.age",
            adultEntityCodesByType: {
                "*-female-*": [ "game:hyena-female" ],
                "*-male-*": [ "game:hyena-male" ],
                "*": [ "game:hyena-male", "game:hyena-female" ]
            },
            monthsToGrow: 6.0,
            initialWeight: 0.025,
        },
        side: "server"
    },
    {
        file: "game:entities/land/hyena-female.json",
        op: "add",
        path: "/client/behaviors/-",
        value: { code: "genelib.age" },
        side: "server"
    },
    {
        file: "game:entities/land/hyena-male.json",
        op: "add",
        path: "/client/behaviors/-",
        value: { code: "genelib.age" },
        side: "server"
    },
    {
        file: "game:entities/land/hyena-pup.json",
        op: "add",
        path: "/client/behaviors/-",
        value: { code: "genelib.age" },
        side: "server"
    },
    {
        file: "game:entities/land/hyena-pup.json",
        op: "replace",
        path: "/client/size",
        value: 2.5,
        side: "server"
    },

    {
        file: "game:entities/land/hyena-pup.json",
        op: "replace",
        path: "/server/behaviors/7/drops/0/quantity",
        value: { avg: 15, var: 0 },
        side: "server"
    },
    {
        file: "game:entities/land/hyena-pup.json",
        op: "replace",
        path: "/server/behaviors/7/drops/1/quantity",
        value: { avg: 3.8, var: 0 },
        side: "server"
    },
    {
        file: "game:entities/land/hyena-pup.json",
        op: "add",
        path: "/server/behaviors/7/drops/-",
        value: {
            type: "item", 
            category: "fat",
            code: "game:fat", 
            quantity: { avg: 2.5, var: 0 } 
        },
        side: "server"
    },
    {
        file: "game:entities/land/hyena-female.json",
        op: "replace",
        path: "/server/behaviors/7/drops/0/quantity",
        value: { avg: 15, var: 0 },
        side: "server"
    },
    {
        file: "game:entities/land/hyena-female.json",
        op: "replace",
        path: "/server/behaviors/7/drops/1/quantity",
        value: { avg: 1.3, var: 0 },
        side: "server"
    },
    {
        file: "game:entities/land/hyena-female.json",
        op: "replace",
        path: "/server/behaviors/7/drops/2/quantity",
        value: { avg: 2.5, var: 0 },
        side: "server"
    },
    {
        file: "game:entities/land/hyena-male.json",
        op: "replace",
        path: "/server/behaviors/7/drops/0/quantity",
        value: { avg: 15, var: 0 },
        side: "server"
    },
    {
        file: "game:entities/land/hyena-male.json",
        op: "replace",
        path: "/server/behaviors/7/drops/1/quantity",
        value: { avg: 1.3, var: 0 },
        side: "server"
    },
    {
        file: "game:entities/land/hyena-male.json",
        op: "replace",
        path: "/server/behaviors/7/drops/2/quantity",
        value: { avg: 2.5, var: 0 },
        side: "server"
    },


    {
        file: "game:entities/land/hyena-female.json",
        op: "add",
        path: "/client/behaviors/-",
        value: { code: "genelib.reproduce" },
        side: "server"
    },
    {
        file: "game:entities/land/hyena-female.json",
        op: "replace",
        path: "/server/behaviors/9",
        value: {
            code: "genelib.reproduce",
            mateTaskPriority: 1.37,
            sireCodes: ["game:hyena-male"],
            spawnEntityCodes: [{"code": "detailedanimals:hyena-male-pup"}, {"code": "detailedanimals:hyena-female-pup"}],
            pregnancyMonths: 2.05,
            cooldownMonths: 9.0,
            lactationMonths: 18.0,
            estrousCycleMonths: 3.0,
            daysInHeat: 3.0,
            litterAddChance: 0.21,
            litterAddAttempts: 3,
        },
        side: "server"
    },



    {
        file: "game:entities/land/hyena-female.json",
        op: "add",
        path: "/attributes/creatureDiet",
        value: {
            foodCategories: ["Protein", "Dairy", "Fruit"],
            foodTags: ["meat", "egg", "bone", "rawhide"],
        },
        side: "server"
    },
    {
        file: "game:entities/land/hyena-male.json",
        op: "add",
        path: "/attributes/creatureDiet",
        value: {
            foodCategories: ["Protein", "Dairy", "Fruit"],
            foodTags: ["meat", "egg", "bone", "rawhide"],
        },
        side: "server"
    },
    {
        file: "game:entities/land/hyena-pup.json",
        op: "add",
        path: "/attributes/creatureDiet",
        value: {
            foodCategories: ["Protein", "Dairy", "Fruit"],
            foodTags: ["meat", "egg", "rawhide"],
        },
        side: "server"
    },
    {
        file: "game:entities/land/hyena-female.json",
        op: "addmerge",
        path: "/behaviorConfigs",
        value: { },
        side: "server"
    },
    {
        file: "game:entities/land/hyena-male.json",
        op: "addmerge",
        path: "/behaviorConfigs",
        value: { },
        side: "server"
    },
    {
        file: "game:entities/land/hyena-pup.json",
        op: "addmerge",
        path: "/behaviorConfigs",
        value: { },
        side: "server"
    },
    {
        file: "game:entities/land/hyena-female.json",
        op: "addmerge",
        path: "/behaviorConfigs/genelib.hunger",
        value: { 
            monthsUntilWeaned: 12,
            fiber: 0.02,
            sugar: 0.03,
            fat: 0.2,
            starch: 0.03,
            protein: 0.7,
            water: 1.0,
            minerals: 0.02,
            mineralsMax: 0.1,
            avoidFoodTags: [ "sour" ],
            specialties: [ "bone" ],
            fiberDigestion: 0.0,
            daysUntilHungry: 4,
        },
        side: "server"
    },
    {
        file: "game:entities/land/hyena-male.json",
        op: "addmerge",
        path: "/behaviorConfigs/genelib.hunger",
        value: { 
            monthsUntilWeaned: 12,
            fiber: 0.02,
            sugar: 0.03,
            fat: 0.2,
            starch: 0.03,
            protein: 0.7,
            water: 1.0,
            minerals: 0.02,
            mineralsMax: 0.1,
            avoidFoodTags: [ "sour" ],
            specialties: [ "bone" ],
            fiberDigestion: 0.0,
            daysUntilHungry: 4,
        },
        side: "server"
    },
    {
        file: "game:entities/land/hyena-pup.json",
        op: "addmerge",
        path: "/behaviorConfigs/genelib.hunger",
        value: { 
            monthsUntilWeaned: 12,
            fiber: 0.02,
            sugar: 0.03,
            fat: 0.2,
            starch: 0.03,
            protein: 0.7,
            water: 1.0,
            minerals: 0.02,
            mineralsMax: 0.1,
            avoidFoodTags: [ "sour" ],
            specialties: [ "bone" ],
            fiberDigestion: 0.0,
            daysUntilHungry: 4,
        },
        side: "server"
    },
    {
        file: "game:entities/land/hyena-female.json",
        op: "add",
        path: "/server/behaviors/11/aitasks/-",
        value: {
            code: "genelib.forage",
            nurseFromEntities: "game:hyena-female",
            eatSound: "creature/animal-eat1",
            priority: 1.38,
            eatTime: 1.5,
            animation: "Walk",
            mincooldownHours: 0.0,
            maxcooldownHours: 0.05,
        },
        side: "server"
    },
    {
        file: "game:entities/land/hyena-male.json",
        op: "add",
        path: "/server/behaviors/10/aitasks/-",
        value: {
            code: "genelib.forage",
            nurseFromEntities: "game:hyena-female",
            eatSound: "creature/animal-eat1",
            priority: 1.38,
            eatTime: 1.5,
            animation: "Walk",
            mincooldownHours: 0.0,
            maxcooldownHours: 0.05,
        },
        side: "server"
    },
    {
        file: "game:entities/land/hyena-pup.json",
        op: "add",
        path: "/server/behaviors/11/aitasks/-",
        value: {
            code: "genelib.forage",
            nurseFromEntities: "game:hyena-female",
            eatSound: "creature/animal-eat-small",
            priority: 1.38,
            movespeed: 0.006,
            animationSpeed: 1.75,
            eatTime: 1.5,
            animation: "Walk",
            mincooldownHours: 0.0,
            maxcooldownHours: 0.05,
        },
        side: "server"
    },
]
