[
    {
        file: "game:entities/land/hooved/moose.json",
        op: "replace",
        path: "/server/behaviors/5/decayedBlockByType/*-adult",
        value: "carcass-large",
        side: "server"
    },
    {
        file: "game:entities/land/hooved/moose.json",
        op: "replace",
        path: "/server/behaviors/5/decayedBlockByType/*",
        value: "carcass-medium",
        side: "server"
    },

    {
        file: "game:entities/land/hooved/moose.json",
        op: "replace",
        path: "/server/behaviors/12/beginGrowMonth",
        value: 4.5,
        side: "server"
    },
    {
        file: "game:entities/land/hooved/moose.json",
        op: "replace",
        path: "/server/behaviors/12/growDurationMonths",
        value: 5.5,
        side: "server"
    },
    {
        file: "game:entities/land/hooved/moose.json",
        op: "replace",
        path: "/server/behaviors/12/grownDurationMonths",
        value: 2.4,
        side: "server"
    },
    {
        file: "game:entities/land/hooved/moose.json",
        op: "replace",
        path: "/server/behaviors/12/shedDurationMonths",
        value: 1,
        side: "server"
    },


    {
        file: "game:entities/land/hooved/moose.json",
        op: "add",
        path: "/attributes/adultWeightKg",
        value: 442.5,
        side: "server"
    },
    {
        file: "game:entities/land/hooved/moose.json",
        op: "add",
        path: "/attributes/weightDimorphism",
        value: 0.22,
        side: "server"
    },
    {
        file: "game:entities/land/hooved/moose.json",
        op: "add",
        path: "/server/behaviors/-",
        value: {
            code: "genelib.age",
            adultEntityCodesByType: {
                "*-baby": [ "game:deer-moose-{gender}-adult" ],
            },
            monthsToGrow: 6.0,
            startAgeMonthsByType: {
                "*-adult": 6.0,
            },
            initialWeightByType: {
                "*-baby": 0.06,
                "*-adult": 0.7,
            },
        },
        side: "server"
    },
    {
        file: "game:entities/land/hooved/moose.json",
        op: "add",
        path: "/client/behaviors/-",
        value: { code: "genelib.age" },
        side: "server"
    },
    {
        file: "game:entities/land/hooved/moose.json",
        op: "add",
        path: "/client/sizeByType",
        value: { "*-baby": 1.8, "*": 1 },
        side: "server"
    },
    {
        file: "game:entities/land/hooved/moose.json",
        op: "replace",
        path: "/server/behaviors/7/drops/0/quantityByType",
        value: { "*": { avg: 111, var: 0 } },
        side: "server"
    },
    {
        file: "game:entities/land/hooved/moose.json",
        op: "replace",
        path: "/server/behaviors/7/drops/1",
        value: {
            "type": "item",
            "code": "game:hide-raw-huge",
            category: "pelt",
            "quantityByType": {
                "*-adult": { avg: 2.9, var: 0.2 },
                "*-baby": { avg: 0, var: 0 }
            }
        },
        side: "server"
    },
    {
        file: "game:entities/land/hooved/moose.json",
        op: "replace",
        path: "/server/behaviors/7/drops/2",
        value: {
            "type": "item",
            "code": "game:hide-raw-large",
            category: "pelt",
            "quantityByType": {
                "*-baby": { avg: 4.8, var: 0.2 },
                "*-adult": { avg: 0, var: 0 }
            }
        },
        side: "server"
    },
    {
        file: "game:entities/land/hooved/moose.json",
        op: "replace",
        path: "/server/behaviors/7/drops/3/quantityByType",
        value: { "*": { avg: 18, var: 0.3 } },
        side: "server"
    },


    {
        file: "game:entities/land/hooved/moose.json",
        op: "add",
        path: "/client/behaviors/-",
        value: {
            code: "genelib.reproduce",
            enabledByType: {
                "*-female-adult": true,
                "*": false,
            },
        },
        side: "server"
    },
    {
        file: "game:entities/land/hooved/moose.json",
        op: "add",
        path: "/server/behaviors/-",
        value: {
            code: "genelib.reproduce",
            enabledByType: {
                "*-female-adult": true,
                "*": false,
            },
            mateTaskPriority: 1.37,
            sireCodes: ["game:deer-moose-male-adult"],
            spawnEntityCodes: [{"code": "game:deer-moose-male-baby"}, {"code": "game:deer-moose-female-baby"}],
            pregnancyMonths: 7.56,
            cooldownMonths: 4.0,
            lactationMonths: 6.0,
            estrousCycleMonths: 0.8,
            daysInHeat: 2.0,
            breedingPeakMonth: 9.0,
            breedingMonthsBefore: 0.5,
            breedingMonthsAfter: 0.5,
            litterAddChance: 0.2,
            litterAddAttempts: 2,
        },
        side: "server"
    },


    {
        file: "game:entities/land/hooved/moose.json",
        op: "add",
        path: "/attributes/creatureDiet/foodCategories/-",
        value: "Fruit",
        side: "server"
    },
    {
        file: "game:entities/land/hooved/moose.json",
        op: "addeach",
        path: "/attributes/creatureDiet/foodTags/-",
        value: ["grass", "vegetable", "foliage", "hay", "fruitmash", "sheepfeed", "toughstem", "acorn", "peanut", "soybean"],
        side: "server"
    },
    {
        file: "game:entities/land/hooved/moose.json",
        op: "replace",
        path: "/attributes/creatureDiet/skipFoodTags",
        value: [ "riceCrop", "parsnipCrop", "onion", "cassava" ],
        side: "server"
    },
    {
        file: "game:entities/land/hooved/moose.json",
        op: "addmerge",
        path: "/behaviorConfigs",
        value: { },
        side: "server"
    },
    {
        file: "game:entities/land/hooved/moose.json",
        op: "addmerge",
        path: "/behaviorConfigs/genelib.hunger",
        value: { 
            monthsUntilWeaned: 4,
            fiber: 0.5,
            sugar: 0.15,
            fat: 0.04,
            fatMax: 0.2,
            starch: 0.15,
            protein: 0.14,
            water: 1.0,
            minerals: 0.02,
            mineralsMax: 0.1,
            avoidFoodTags: [ "sour" ],
            specialties: [ "toughplant" ],
            fiberDigestion: 1.0,
            grazeMethods: ["nibblegraze"],
        },
        side: "server"
    },
    {
        file: "game:entities/land/hooved/moose.json",
        op: "replace",
        path: "/server/behaviors/10/aitasks/11/code",
        value: "genelib.forage",
        side: "server"
    },
    {
        file: "game:entities/land/hooved/moose.json",
        op: "add",
        path: "/server/behaviors/10/aitasks/11/nurseFromEntities",
        value: ["game:deer-{type}-female-adult"],
        side: "server"
    },
    {
        file: "game:entities/land/hooved/moose.json",
        op: "replace",
        path: "/server/behaviors/10/aitasks/11/mincooldownHours",
        value: 0.0,
        side: "server"
    },
    {
        file: "game:entities/land/hooved/moose.json",
        op: "replace",
        path: "/server/behaviors/10/aitasks/11/maxcooldownHours",
        value: 0.05,
        side: "server"
    },
    {
        file: "game:entities/land/hooved/moose.json",
        op: "replace",
        path: "/server/behaviors/10/aitasks/11/priority",
        value: 1.39,
        side: "server"
    },
    {
        file: "game:entities/land/hooved/moose.json",
        op: "add",
        path: "/server/behaviors/10/aitasks/9/enabled",
        value: false,
        side: "server"
    },
]
