[
    {
        file: "game:entities/land/sheep-bighorn-male.json",
        op: "replace",
        path: "/server/spawnconditions/worldgen/companions",
        value: ["sheep-bighorn-female", "sheep-bighorn-female", "detailedanimals:sheep-bighorn-female-lamb", "detailedanimals:sheep-bighorn-male-lamb"],
        side: "server"
    },
    {
        file: "game:entities/land/sheep-bighorn-male.json",
        op: "replace",
        path: "/server/spawnconditions/runtime/companions",
        value: ["sheep-bighorn-female", "sheep-bighorn-female", "detailedanimals:sheep-bighorn-female-lamb", "detailedanimals:sheep-bighorn-male-lamb"],
        side: "server"
    },



    {
        file: "game:entities/land/sheep-bighorn-lamb.json",
        op: "replace",
        path: "/server/behaviors/6/drops",
        value: [
            {
                type: "item", 
                code: "game:redmeat-raw", 
                category: "meat",
                quantity: { avg: 21, var: 0 } 
            },
            {
                type: "item", 
                code: "game:hide-raw-small", 
                category: "pelt",
                quantity: { avg: 4.7, var: 0 } 
            },
            {
                type: "item", 
                code: "game:fat", 
                category: "fat",
                quantity: { avg: 3.5, var: 0 },
            }
        ],
        side: "server"
    },
    {
        file: "game:entities/land/sheep-bighorn-female.json",
        op: "replace",
        path: "/server/behaviors/6/drops/0/quantity",
        value: { avg: 21, var: 0 },
        side: "server"
    },
    {
        file: "game:entities/land/sheep-bighorn-female.json",
        op: "replace",
        path: "/server/behaviors/6/drops/1/quantity",
        value: { avg: 1.6, var: 0 },
        side: "server"
    },
    {
        file: "game:entities/land/sheep-bighorn-female.json",
        op: "replace",
        path: "/server/behaviors/6/drops/2/quantity",
        value: { avg: 3.5, var: 0 },
        side: "server"
    },
    {
        file: "game:entities/land/sheep-bighorn-male.json",
        op: "replace",
        path: "/server/behaviors/6/drops/0/quantity",
        value: { avg: 21, var: 0 },
        side: "server"
    },
    {
        file: "game:entities/land/sheep-bighorn-male.json",
        op: "replace",
        path: "/server/behaviors/6/drops/1/quantity",
        value: { avg: 1.6, var: 0 },
        side: "server"
    },
    {
        file: "game:entities/land/sheep-bighorn-male.json",
        op: "replace",
        path: "/server/behaviors/6/drops/2/quantity",
        value: { avg: 3.5, var: 0 },
        side: "server"
    },


    {
        file: "game:entities/land/sheep-bighorn-lamb.json",
        op: "replace",
        path: "/server/behaviors/9",
        value: { 
            code: "genelib.age",
            monthsToGrow: 12.0,
            adultEntityCodesByType: {
                "*-male-*": ["game:sheep-bighorn-male"],
                "*-female-*": ["game:sheep-bighorn-female"],
                "*": ["game:sheep-bighorn-female", "game:sheep-bighorn-male"],
            },
            initialWeight: 0.1,
        },
        side: "server"
    },
    {
        file: "game:entities/land/sheep-bighorn-female.json",
        op: "add",
        path: "/server/behaviors/-",
        value: { 
            code: "genelib.age",
            monthsToGrow: 48.0,
            startAgeMonths: 12.0,
            initialWeight: 0.7,
        },
        side: "server"
    },
    {
        file: "game:entities/land/sheep-bighorn-male.json",
        op: "add",
        path: "/server/behaviors/-",
        value: { 
            code: "genelib.age",
            monthsToGrow: 48.0,
            startAgeMonths: 12.0,
            initialWeight: 0.7,
        },
        side: "server"
    },
    {
        file: "game:entities/land/sheep-bighorn-lamb.json",
        op: "add",
        path: "/client/behaviors/-",
        value: { code: "genelib.age" },
        side: "server"
    },
    {
        file: "game:entities/land/sheep-bighorn-female.json",
        op: "add",
        path: "/client/behaviors/-",
        value: { code: "genelib.age" },
        side: "server"
    },
    {
        file: "game:entities/land/sheep-bighorn-male.json",
        op: "add",
        path: "/client/behaviors/-",
        value: { code: "genelib.age" },
        side: "server"
    },
    {
        file: "game:entities/land/sheep-bighorn-lamb.json",
        op: "addmerge",
        path: "/attributes",
        value: { adultWeightKg: 83, weightDimorphism: 0.14 },
        side: "server"
    },
    {
        file: "game:entities/land/sheep-bighorn-male.json",
        op: "addmerge",
        path: "/attributes",
        value: { adultWeightKg: 83, weightDimorphism: 0.14 },
        side: "server"
    },
    {
        file: "game:entities/land/sheep-bighorn-female.json",
        op: "addmerge",
        path: "/attributes",
        value: { adultWeightKg: 83, weightDimorphism: 0.14 },
        side: "server"
    },
    {
        file: "game:entities/land/sheep-bighorn-lamb.json",
        op: "replace",
        path: "/client/size",
        value: 1.8,
        side: "server"
    },


    {
        file: "game:entities/land/sheep-bighorn-female.json",
        op: "replace",
        path: "/client/behaviors/4",
        value: { code: "genelib.reproduce" },
        side: "server"
    },
    {
        file: "game:entities/land/sheep-bighorn-female.json",
        op: "replace",
        path: "/server/behaviors/8",
        value: {
            code: "genelib.reproduce",
            mateTaskPriority: 1.37,
            sireCodes: ["sheep-bighorn-male"],
            spawnEntityCodes: [{"code": "detailedanimals:sheep-bighorn-male-lamb"}, {"code": "detailedanimals:sheep-bighorn-female-lamb"}],
            pregnancyMonths: 5.9,
            cooldownMonths: 4.0,
            lactationMonths: 6.0,
            estrousCycleMonths: 0.93,
            daysInHeat: 2.0,
            breedingPeakMonth: 10.5,
            breedingMonthsBefore: 1.0,
            breedingMonthsAfter: 1.0,
            litterAddChance: 0.01,
            litterAddAttempts: 2,
        },
        side: "server"
    },


    {
        file: "game:entities/land/sheep-bighorn-female.json",
        op: "add",
        path: "/attributes/creatureDiet/foodCategories/-",
        value: "Fruit",
        side: "server"
    },
    {
        file: "game:entities/land/sheep-bighorn-male.json",
        op: "add",
        path: "/attributes/creatureDiet/foodCategories/-",
        value: "Fruit",
        side: "server"
    },
    {
        file: "game:entities/land/sheep-bighorn-lamb.json",
        op: "add",
        path: "/attributes/creatureDiet/foodCategories/-",
        value: "Fruit",
        side: "server"
    },
    {
        file: "game:entities/land/sheep-bighorn-female.json",
        op: "addeach",
        path: "/attributes/creatureDiet/foodTags/-",
        value: ["vegetable", "foliage", "hay", "toughstem", "acorn", "peanut", "soybean"],
        side: "server"
    },
    {
        file: "game:entities/land/sheep-bighorn-male.json",
        op: "addeach",
        path: "/attributes/creatureDiet/foodTags/-",
        value: ["vegetable", "foliage", "hay", "toughstem", "acorn", "peanut", "soybean"],
        side: "server"
    },
    {
        file: "game:entities/land/sheep-bighorn-lamb.json",
        op: "addeach",
        path: "/attributes/creatureDiet/foodTags/-",
        value: ["vegetable", "foliage", "hay", "toughstem", "acorn", "peanut", "soybean"],
        side: "server"
    },
    {
        file: "game:entities/land/sheep-bighorn-female.json",
        op: "replace",
        path: "/attributes/creatureDiet/skipFoodTags",
        value: [ "riceCrop", "parsnipCrop", "onion", "cassava" ],
        side: "server"
    },
    {
        file: "game:entities/land/sheep-bighorn-male.json",
        op: "replace",
        path: "/attributes/creatureDiet/skipFoodTags",
        value: [ "riceCrop", "parsnipCrop", "onion", "cassava" ],
        side: "server"
    },
    {
        file: "game:entities/land/sheep-bighorn-lamb.json",
        op: "replace",
        path: "/attributes/creatureDiet/skipFoodTags",
        value: [ "riceCrop", "parsnipCrop", "onion", "cassava" ],
        side: "server"
    },
    {
        file: "game:entities/land/sheep-bighorn-female.json",
        op: "addmerge",
        path: "/behaviorConfigs",
        value: { },
        side: "server"
    },
    {
        file: "game:entities/land/sheep-bighorn-male.json",
        op: "addmerge",
        path: "/behaviorConfigs",
        value: { },
        side: "server"
    },
    {
        file: "game:entities/land/sheep-bighorn-lamb.json",
        op: "addmerge",
        path: "/behaviorConfigs",
        value: { },
        side: "server"
    },
    {
        file: "game:entities/land/sheep-bighorn-female.json",
        op: "addmerge",
        path: "/behaviorConfigs/genelib.hunger",
        value: { 
            monthsUntilWeaned: 6.0,
            fiber: 0.52,
            sugar: 0.14,
            fat: 0.04,
            fatMax: 0.2,
            starch: 0.14,
            protein: 0.14,
            water: 1.0,
            minerals: 0.02,
            mineralsMax: 0.1,
            avoidFoodTags: [ "sour" ],
            specialties: [ "toughplant" ],
            fiberDigestion: 1.0,
            grazeMethods: ["graze", "nibblegraze"],
        },
        side: "server"
    },
    {
        file: "game:entities/land/sheep-bighorn-male.json",
        op: "addmerge",
        path: "/behaviorConfigs/genelib.hunger",
        value: { 
            monthsUntilWeaned: 6.0,
            fiber: 0.52,
            sugar: 0.14,
            fat: 0.04,
            fatMax: 0.2,
            starch: 0.14,
            protein: 0.14,
            water: 1.0,
            minerals: 0.02,
            mineralsMax: 0.1,
            avoidFoodTags: [ "sour" ],
            specialties: [ "toughplant" ],
            fiberDigestion: 1.0,
            grazeMethods: ["graze", "nibblegraze"],
        },
        side: "server"
    },
    {
        file: "game:entities/land/sheep-bighorn-lamb.json",
        op: "addmerge",
        path: "/behaviorConfigs/genelib.hunger",
        value: { 
            monthsUntilWeaned: 6.0,
            fiber: 0.52,
            sugar: 0.14,
            fat: 0.04,
            fatMax: 0.2,
            starch: 0.14,
            protein: 0.14,
            water: 1.0,
            minerals: 0.02,
            mineralsMax: 0.1,
            avoidFoodTags: [ "sour" ],
            specialties: [ "toughplant" ],
            fiberDigestion: 1.0,
            grazeMethods: ["graze", "nibblegraze"],
        },
        side: "server"
    },
    {
        file: "game:entities/land/sheep-bighorn-female.json",
        op: "replace",
        path: "/server/behaviors/10/aitasks/6/code",
        value: "genelib.forage",
        side: "server"
    },
    {
        file: "game:entities/land/sheep-bighorn-female.json",
        op: "replace",
        path: "/server/behaviors/10/aitasks/6/mincooldownHours",
        value: 0.05,
        side: "server"
    },
    {
        file: "game:entities/land/sheep-bighorn-female.json",
        op: "replace",
        path: "/server/behaviors/10/aitasks/6/maxcooldownHours",
        value: 1,
        side: "server"
    },
    {
        file: "game:entities/land/sheep-bighorn-female.json",
        op: "replace",
        path: "/server/behaviors/10/aitasks/6/priority",
        value: 1.38,
        side: "server"
    },
    {
        file: "game:entities/land/sheep-bighorn-female.json",
        op: "add",
        path: "/server/behaviors/10/aitasks/6/eatAnimationSpeed",
        value: 1.5,
        side: "server"
    },
    {
        file: "game:entities/land/sheep-bighorn-male.json",
        op: "replace",
        path: "/server/behaviors/9/aitasks/5/code",
        value: "genelib.forage",
        side: "server"
    },
    {
        file: "game:entities/land/sheep-bighorn-male.json",
        op: "replace",
        path: "/server/behaviors/9/aitasks/5/mincooldownHours",
        value: 0.05,
        side: "server"
    },
    {
        file: "game:entities/land/sheep-bighorn-male.json",
        op: "replace",
        path: "/server/behaviors/9/aitasks/5/maxcooldownHours",
        value: 1,
        side: "server"
    },
    {
        file: "game:entities/land/sheep-bighorn-male.json",
        op: "replace",
        path: "/server/behaviors/9/aitasks/5/priority",
        value: 1.38,
        side: "server"
    },
    {
        file: "game:entities/land/sheep-bighorn-male.json",
        op: "add",
        path: "/server/behaviors/9/aitasks/5/eatAnimationSpeed",
        value: 1.5,
        side: "server"
    },
    {
        file: "game:entities/land/sheep-bighorn-lamb.json",
        op: "replace",
        path: "/server/behaviors/10/aitasks/4/code",
        value: "genelib.forage",
        side: "server"
    },
    {
        file: "game:entities/land/sheep-bighorn-lamb.json",
        op: "add",
        path: "/server/behaviors/10/aitasks/6/nurseFromEntities",
        value: ["game:sheep-bighorn-female"],
        side: "server"
    },
    {
        file: "game:entities/land/sheep-bighorn-lamb.json",
        op: "replace",
        path: "/server/behaviors/10/aitasks/4/mincooldownHours",
        value: 0.05,
        side: "server"
    },
    {
        file: "game:entities/land/sheep-bighorn-lamb.json",
        op: "replace",
        path: "/server/behaviors/10/aitasks/4/maxcooldownHours",
        value: 1,
        side: "server"
    },
    {
        file: "game:entities/land/sheep-bighorn-lamb.json",
        op: "replace",
        path: "/server/behaviors/10/aitasks/4/priority",
        value: 1.38,
        side: "server"
    },
    {
        file: "game:entities/land/sheep-bighorn-lamb.json",
        op: "add",
        path: "/server/behaviors/10/aitasks/4/eatAnimationSpeed",
        value: 1.5,
        side: "server"
    },
    {
        file: "game:entities/land/sheep-bighorn-female.json",
        op: "add",
        path: "/server/behaviors/10/aitasks/7/enabled",
        value: false,
        side: "server"
    },
    {
        file: "game:entities/land/sheep-bighorn-male.json",
        op: "add",
        path: "/server/behaviors/9/aitasks/6/enabled",
        value: false,
        side: "server"
    },
    {
        file: "game:entities/land/sheep-bighorn-lamb.json",
        op: "add",
        path: "/server/behaviors/10/aitasks/5/enabled",
        value: false,
        side: "server"
    },
]
