{
	"editor": {
		"backDropShape": "S:/seraph-faceless",
		"collapsedPaths": "Root/UpperTorsoOrigin,Root/LowerTorsoOrigin",
		"allAngles": false,
		"entityTextureMode": true
	},
	"textureWidth": 28,
	"textureHeight": 44,
	"textureSizes": {
		"shirt": [28,44]
	},
	"textures": {
	},
	"elements": [
		{
			"name": "UpperTorsoOrigin",
			"stepParentName": "UpperTorso",
			"from": [ -0.015, -0.015, -0.015 ],
			"to": [ 3.765, 3.765, 4.665 ],
			"unwrapMode": 4,
			"autoUnwrap": false,
			"uv": [ 10.0, 0.0 ],
			"rotationOrigin": [ 1.5, 1.5, 2.4375 ],
			"faces": {
				"north": { "texture": "#shirt", "uv": [ 1.0, 5.5, 6.0, 10.5 ], "autoUv": false, "windMode": [-1,-1,-1,-1], "windData": [1,1,1,1] },
				"east": { "texture": "#shirt", "uv": [ 17.0, 5.5, 23.0, 10.5 ], "autoUv": false, "windMode": [-1,-1,-1,-1] },
				"south": { "texture": "#shirt", "uv": [ 12.0, 5.5, 17.0, 10.5 ], "autoUv": false },
				"west": { "texture": "#shirt", "uv": [ 6.0, 4.5, 12.0, 9.5 ], "autoUv": false },
				"up": { "texture": "#shirt", "uv": [ 6.0, 0.5, 12.0, 5.5 ], "rotation": 90, "autoUv": false },
				"down": { "texture": "#shirt", "uv": [ 19.0, 31.5, 25.0, 36.5 ], "rotation": 90, "autoUv": false, "windMode": [-1,-1,-1,-1] }
			},
			"children": [
				{
					"name": "Blackout",
					"from": [ 0.075, 0.6, 0.45 ],
					"to": [ 3.675, 3.6, 4.2 ],
					"autoUnwrap": false,
					"uv": [ 23.0, 9.0 ],
					"rotationOrigin": [ 0.075, 0.6, 0.45 ],
					"faces": {
						"north": { "texture": "#shirt", "uv": [ 0.0, 0.0, 4.5, 4.0 ], "autoUv": false },
						"east": { "texture": "#shirt", "uv": [ 1.0, 0.0, 5.0, 5.0 ], "rotation": 90, "autoUv": false, "windMode": [-1,-1,-1,-1], "windData": [1,1,1,1] },
						"south": { "texture": "#shirt", "uv": [ 0.0, 1.0, 4.5, 5.0 ], "autoUv": false, "windMode": [-1,-1,-1,-1], "windData": [1,1,1,1] },
						"west": { "texture": "#shirt", "uv": [ 0.5, 0.0, 4.5, 5.0 ], "rotation": 90, "autoUv": false, "windMode": [-1,-1,-1,-1], "windData": [1,1,1,1] },
						"up": { "texture": "#shirt", "uv": [ 0.0, 0.0, 4.5, 5.0 ], "autoUv": false },
						"down": { "texture": "#shirt", "uv": [ 0.5, 0.0, 5.0, 5.0 ], "autoUv": false }
					}
				},
				{
					"name": "buttons1",
					"from": [ -0.0037, -0.0037, 2.145 ],
					"to": [ 0.7463, 3.7763, 2.52 ],
					"unwrapMode": 4,
					"uv": [ 27.0, 5.5 ],
					"rotationOrigin": [ 0.0, 0.0, 2.145 ],
					"faces": {
						"west": { "texture": "#shirt", "uv": [ 27.0, 5.5, 27.5, 10.5 ], "autoUv": false },
						"down": { "texture": "#shirt", "uv": [ 27.0, 10.5, 27.5, 11.5 ], "rotation": 90, "autoUv": false, "windMode": [-1,-1,-1,-1], "windData": [1,1,1,1] }
					}
				},
				{
					"name": "Breasts",
					"from": [ -1.05, 1.65, 0.0075 ],
					"to": [ 0.45, 3.9, 4.6725 ],
					"unwrapMode": 1,
					"autoUnwrap": false,
					"uv": [ -3.0, -0.5 ],
					"rotationOrigin": [ -0.75, 1.5, 0.0 ],
					"rotationZ": -25.0,
					"faces": {
						"north": { "texture": "#shirt", "uv": [ 3.0, 5.5, 5.0, 8.5 ], "autoUv": false },
						"east": { "texture": "#shirt", "uv": [ -3.0, 5.5, 3.0, 8.5 ], "autoUv": false },
						"south": { "texture": "#shirt", "uv": [ 12.0, 5.5, 14.0, 8.5 ], "autoUv": false },
						"west": { "texture": "#shirt", "uv": [ 6.0, 5.5, 12.0, 8.5 ], "autoUv": false },
						"up": { "texture": "#shirt", "uv": [ 6.0, 5.5, 12.0, 7.5 ], "rotation": 270, "autoUv": false },
						"down": { "texture": "#shirt", "uv": [ 3.0, 8.5, 5.0, 14.5 ], "autoUv": false }
					}
				},
				{
					"name": "BreastR",
					"from": [ 0.0, 0.0, 0.0 ],
					"to": [ 0.0, 0.0, 0.0 ],
					"uv": [ 0.0, 0.0 ],
					"faces": {
						"north": { "texture": "#null", "uv": [ 0.0, 0.5, 0.5, 1.0 ], "autoUv": false },
						"east": { "texture": "#null", "uv": [ 0.5, 0.5, 1.0, 1.0 ], "autoUv": false },
						"south": { "texture": "#null", "uv": [ 1.0, 0.5, 1.5, 1.0 ], "autoUv": false },
						"west": { "texture": "#null", "uv": [ 1.5, 0.5, 2.0, 1.0 ], "autoUv": false },
						"up": { "texture": "#null", "uv": [ 0.0, 0.0, 0.5, 0.5 ], "autoUv": false },
						"down": { "texture": "#null", "uv": [ 0.5, 0.0, 1.0, 0.5 ], "autoUv": false }
					}
				},
				{
					"name": "BreastL",
					"from": [ 0.0, 0.0, 0.0 ],
					"to": [ 0.0, 0.0, 0.0 ],
					"uv": [ 0.0, 0.0 ],
					"faces": {
						"north": { "texture": "#null", "uv": [ 0.0, 0.5, 0.5, 1.0 ], "autoUv": false },
						"east": { "texture": "#null", "uv": [ 0.5, 0.5, 1.0, 1.0 ], "autoUv": false },
						"south": { "texture": "#null", "uv": [ 1.0, 0.5, 1.5, 1.0 ], "autoUv": false },
						"west": { "texture": "#null", "uv": [ 1.5, 0.5, 2.0, 1.0 ], "autoUv": false },
						"up": { "texture": "#null", "uv": [ 0.0, 0.0, 0.5, 0.5 ], "autoUv": false },
						"down": { "texture": "#null", "uv": [ 0.5, 0.0, 1.0, 0.5 ], "autoUv": false }
					}
				}
			]
		},
		{
			"name": "LowerTorsoOrigin",
			"stepParentName": "LowerTorso",
			"from": [ -0.015, -0.015, -0.015 ],
			"to": [ 3.765, 3.765, 4.515 ],
			"unwrapMode": 4,
			"autoUnwrap": false,
			"uv": [ 9.0, 10.0 ],
			"rotationOrigin": [ 2.25, 2.25, 2.25 ],
			"faces": {
				"north": { "texture": "#shirt", "uv": [ 1.0, 10.5, 6.0, 15.5 ], "autoUv": false },
				"east": { "texture": "#shirt", "uv": [ 17.0, 10.5, 23.0, 15.5 ], "autoUv": false },
				"south": { "texture": "#shirt", "uv": [ 12.0, 10.5, 17.0, 15.5 ], "autoUv": false },
				"west": { "texture": "#shirt", "uv": [ 6.0, 10.5, 12.0, 15.5 ], "autoUv": false },
				"up": { "texture": "#shirt", "uv": [ 19.0, 31.5, 25.0, 36.5 ], "rotation": 270, "autoUv": false, "windMode": [-1,-1,-1,-1], "windData": [1,1,1,1] },
				"down": { "texture": "#shirt", "uv": [ 0.0, 31.5, 6.0, 36.5 ], "rotation": 90, "autoUv": false, "windMode": [-1,-1,-1,-1] }
			},
			"children": [
				{
					"name": "ShirtFrontTile",
					"from": [ 0.0, -4.53, 0.0 ],
					"to": [ 0.78, 0.0, 4.53 ],
					"autoUnwrap": false,
					"uv": [ 4.5, 38.85 ],
					"rotationOrigin": [ 0.0, 0.0, 2.25 ],
					"rotationZ": -3.5,
					"faces": {
						"north": { "texture": "#shirt", "uv": [ 5.0, 15.5, 6.0, 21.5 ], "autoUv": false, "windMode": [-1,-1,-1,-1] },
						"south": { "texture": "#shirt", "uv": [ 12.0, 15.5, 13.0, 21.5 ], "autoUv": false, "windMode": [-1,-1,-1,-1] },
						"west": { "texture": "#shirt", "uv": [ 6.0, 15.5, 12.0, 21.5 ], "autoUv": false, "windMode": [-1,-1,-1,-1] }
					}
				},
				{
					"name": "ShirtBackTile",
					"from": [ 3.0, -4.53, 0.0 ],
					"to": [ 3.78, 0.0, 4.53 ],
					"unwrapMode": 2,
					"autoUnwrap": false,
					"uv": [ 24.0, 14.0 ],
					"rotationOrigin": [ 3.78, 0.0, 2.25 ],
					"rotationZ": -5.0,
					"faces": {
						"north": { "texture": "#shirt", "uv": [ 1.0, 15.5, 2.0, 21.5 ], "autoUv": false, "windMode": [-1,-1,-1,-1] },
						"east": { "texture": "#shirt", "uv": [ 17.0, 15.5, 23.0, 21.5 ], "autoUv": false, "windMode": [-1,-1,-1,-1] },
						"south": { "texture": "#shirt", "uv": [ 16.0, 15.5, 17.0, 21.5 ], "autoUv": false, "windMode": [-1,-1,-1,-1] }
					}
				},
				{
					"name": "buttons2",
					"from": [ -0.0037, 0.0, 2.07 ],
					"to": [ 0.7463, 3.78, 2.445 ],
					"unwrapMode": 4,
					"uv": [ 27.0, 10.0 ],
					"rotationOrigin": [ 0.0, 0.0, 2.07 ],
					"faces": {
						"west": { "texture": "#shirt", "uv": [ 27.0, 10.0, 27.5, 15.0 ], "autoUv": false }
					}
				}
			]
		},
		{
			"name": "UpperFootLorigin",
			"stepParentName": "UpperFootL",
			"from": [ -0.015, -0.015, -0.015 ],
			"to": [ 3.165, 6.765, 2.415 ],
			"unwrapMode": 3,
			"autoUnwrap": false,
			"uv": [ 15.0, 19.62 ],
			"rotationOrigin": [ 1.5, 6.75, 2.4 ],
			"faces": {
				"east": { "texture": "#shirt", "uv": [ 20.0, 22.0, 23.0, 31.0 ], "autoUv": false, "windMode": [-1,-1,-1,-1] },
				"south": { "texture": "#shirt", "uv": [ 16.0, 22.0, 20.0, 31.0 ], "autoUv": false, "windMode": [-1,-1,-1,-1] },
				"west": { "texture": "#shirt", "uv": [ 13.0, 22.0, 16.0, 31.0 ], "autoUv": false },
				"up": { "texture": "#shirt", "uv": [ 12.5, 11.5, 16.5, 14.5 ], "autoUv": false, "windMode": [-1,-1,-1,-1], "windData": [1,1,1,1] }
			}
		},
		{
			"name": "UpperFootRorigin",
			"stepParentName": "UpperFootR",
			"from": [ -0.015, -0.015, -0.015 ],
			"to": [ 3.165, 6.765, 2.415 ],
			"unwrapMode": 1,
			"autoUnwrap": false,
			"uv": [ 1.0, 19.62 ],
			"rotationOrigin": [ 1.5, 6.75, 0.0 ],
			"faces": {
				"north": { "texture": "#shirt", "uv": [ 4.0, 22.0, 8.0, 31.0 ], "autoUv": false, "windMode": [-1,-1,-1,-1], "windData": [0,1,1,0] },
				"east": { "texture": "#shirt", "uv": [ 1.0, 22.0, 4.0, 31.0 ], "autoUv": false, "windMode": [-1,-1,-1,-1] },
				"west": { "texture": "#shirt", "uv": [ 8.0, 22.0, 11.0, 31.0 ], "autoUv": false, "windMode": [-1,-1,-1,-1] },
				"up": { "texture": "#shirt", "uv": [ 1.5, 11.5, 5.5, 14.5 ], "rotation": 180, "autoUv": false, "windMode": [-1,-1,-1,-1], "windData": [1,1,1,1] }
			}
		},
		{
			"name": "UpperArmROrigin",
			"stepParentName": "UpperArmR",
			"from": [ -0.015, -0.015, -0.015 ],
			"to": [ 2.265, 5.265, 1.515 ],
			"unwrapMode": 1,
			"autoUnwrap": false,
			"uv": [ 8.0, 21.0 ],
			"rotationOrigin": [ 1.125, 5.25, 0.75 ],
			"faces": {
				"north": { "texture": "#shirt", "uv": [ 4.0, 37.0, 7.0, 44.0 ], "autoUv": false },
				"east": { "texture": "#shirt", "uv": [ 2.0, 37.0, 4.0, 44.0 ], "autoUv": false },
				"south": { "texture": "#shirt", "uv": [ 9.0, 37.0, 12.0, 44.0 ], "autoUv": false },
				"west": { "texture": "#shirt", "uv": [ 7.0, 37.0, 9.0, 44.0 ], "autoUv": false },
				"up": { "texture": "#shirt", "uv": [ 7.0, 34.0, 9.0, 37.0 ], "rotation": 90, "autoUv": false, "windMode": [-1,-1,-1,-1] },
				"down": { "texture": "#shirt", "uv": [ 10.0, 33.5, 12.0, 36.5 ], "rotation": 90, "autoUv": false, "windMode": [-1,-1,-1,-1] }
			}
		},
		{
			"name": "UpperArmLorigin",
			"stepParentName": "UpperArmL",
			"from": [ -0.015, -0.015, -0.015 ],
			"to": [ 2.265, 5.265, 1.515 ],
			"unwrapMode": 3,
			"autoUnwrap": false,
			"uv": [ 0.0, 13.0 ],
			"rotationOrigin": [ 1.125, 5.175, 0.75 ],
			"faces": {
				"north": { "texture": "#shirt", "uv": [ 13.0, 37.0, 16.0, 44.0 ], "autoUv": false },
				"east": { "texture": "#shirt", "uv": [ 21.0, 37.0, 23.0, 44.0 ], "autoUv": false, "windMode": [-1,-1,-1,-1] },
				"south": { "texture": "#shirt", "uv": [ 18.0, 37.0, 21.0, 44.0 ], "autoUv": false, "windMode": [-1,-1,-1,-1] },
				"west": { "texture": "#shirt", "uv": [ 16.0, 37.0, 18.0, 44.0 ], "autoUv": false },
				"up": { "texture": "#shirt", "uv": [ 16.0, 34.0, 18.0, 37.0 ], "rotation": 90, "autoUv": false, "windMode": [-1,-1,-1,-1] },
				"down": { "texture": "#shirt", "uv": [ 13.0, 33.5, 15.0, 36.5 ], "rotation": 90, "autoUv": false, "windMode": [-1,-1,-1,-1] }
			}
		},
		{
			"name": "hidecollar",
			"stepParentName": "Neck",
			"from": [ -0.015, 0.375, -0.015 ],
			"to": [ 2.265, 1.875, 2.265 ],
			"unwrapMode": 4,
			"uv": [ 13.0, 2.5 ],
			"rotationOrigin": [ 0.0, 0.375, 0.0 ],
			"faces": {
				"north": { "texture": "#shirt", "uv": [ 13.0, 2.5, 16.0, 4.5 ], "autoUv": false },
				"east": { "texture": "#shirt", "uv": [ 22.0, 2.5, 25.0, 4.5 ], "autoUv": false },
				"south": { "texture": "#shirt", "uv": [ 19.0, 2.5, 22.0, 4.5 ], "autoUv": false },
				"west": { "texture": "#shirt", "uv": [ 16.0, 2.5, 19.0, 4.5 ], "autoUv": false }
			}
		}
	],
	"animations": [
		{
			"name": "SneakWalk",
			"code": "sneakwalk",
			"quantityframes": 40,
			"onActivityStopped": "Rewind",
			"onAnimationEnd": "Repeat",
			"keyframes": [
				{
					"frame": 0,
					"elements": {
						"ShirtBackTile": { "rotationX": 1.0, "rotationY": 0.0, "rotationZ": -32.0 },
						"ShirtFrontTile": { "rotationX": 0.0, "rotationY": 0.0, "rotationZ": -32.0 }
					}
				},
				{
					"frame": 20,
					"elements": {
						"ShirtBackTile": { "rotationX": 1.0, "rotationY": 0.0, "rotationZ": -27.0 },
						"ShirtFrontTile": { "rotationX": 0.0, "rotationY": 0.0, "rotationZ": -27.0 }
					}
				}
			]
		},

		{
			"name": "SneakIdle",
			"code": "sneakidle",
			"quantityframes": 35,
			"onActivityStopped": "Rewind",
			"onAnimationEnd": "Repeat",
			"keyframes": [
				{
					"frame": 0,
					"elements": {
						"ShirtBackTile": { "rotationX": 0.1, "rotationY": 0.0, "rotationZ": -24.0 },
						"ShirtFrontTile": { "rotationX": 0.1, "rotationY": 0.0, "rotationZ": -24.0 }
					}
				}
			]
		}
	]
}