[
    {
        "file": "usefultraders:patches/usefultrader-treasurehunter.json", 
        "op": "addmerge",
        "path": "/1/value",
        "value":[
            {"code": "fatemplar:fa-templar-schematic",
                "type": "item",
                "stacksize": 1,
                "stock": {
                    "avg": 1,
                    "var": 0.25
                },
                "price": {
                    "avg": 180,
                    "var": 20
                }
            }
        ]
    }
]