{
	"editor": {
		"allAngles": false,
		"singleTexture": false
	},
	"textureWidth": 16,
	"textureHeight": 16,
	"textures": {
		"resin": "item/resource/corymbiasap"
	},
	"elements": [
		{
			"name": "origin",
			"from": [ 7.5, -8.0, 8.0 ], 
			"to": [ 7.5, -8.0, 8.0 ], 
			"rotationOrigin": [ 8.0, 0.0, 8.0 ],
			"faces": {
				"north": { "texture": "#null", "uv": [ 0.0, 0.0, 0.5, 0.5 ], "enabled": false },
				"east": { "texture": "#null", "uv": [ 0.0, 0.0, 0.5, 0.5 ], "enabled": false },
				"south": { "texture": "#null", "uv": [ 0.0, 0.0, 0.5, 0.5 ], "enabled": false },
				"west": { "texture": "#null", "uv": [ 0.0, 0.0, 0.5, 0.5 ], "enabled": false },
				"up": { "texture": "#null", "uv": [ 0.0, 0.0, 0.5, 0.5 ], "enabled": false },
				"down": { "texture": "#null", "uv": [ 0.0, 0.0, 0.5, 0.5 ], "enabled": false }
			},
			"children": [
				{
					"name": "Cube1",
					"from": [ -1.0, 8.0, -1.0 ], 
					"to": [ 1.0, 11.0, 1.0 ], 
					"renderPass": 3,
					"rotationOrigin": [ -1.0, 8.0, -1.0 ],
					"faces": {
						"north": { "texture": "#resin", "uv": [ 4.5, 10.0, 6.5, 13.0 ] },
						"east": { "texture": "#resin", "uv": [ 8.0, 2.5, 10.0, 5.5 ] },
						"south": { "texture": "#resin", "uv": [ 1.5, 9.5, 3.5, 12.5 ] },
						"west": { "texture": "#resin", "uv": [ 3.5, 13.0, 5.5, 16.0 ] },
						"up": { "texture": "#resin", "uv": [ 6.5, 7.0, 8.5, 9.0 ] },
						"down": { "texture": "#resin", "uv": [ 1.0, 11.0, 3.0, 13.0 ] }
					}
				},
				{
					"name": "Cube3",
					"from": [ 0.0, 8.5, -2.0 ], 
					"to": [ 1.5, 10.0, -1.0 ], 
					"renderPass": 3,
					"rotationOrigin": [ 0.0, 8.5, -2.0 ],
					"faces": {
						"north": { "texture": "#resin", "uv": [ 5.0, 9.5, 6.5, 11.0 ] },
						"east": { "texture": "#resin", "uv": [ 12.5, 7.5, 13.5, 9.0 ] },
						"south": { "texture": "#resin", "uv": [ 3.5, 8.5, 5.0, 10.0 ] },
						"west": { "texture": "#resin", "uv": [ 0.5, 13.5, 1.5, 15.0 ] },
						"up": { "texture": "#resin", "uv": [ 8.0, 11.0, 9.5, 12.0 ] },
						"down": { "texture": "#resin", "uv": [ 5.0, 9.5, 6.5, 10.5 ] }
					}
				},
				{
					"name": "Cube4",
					"from": [ 0.0, 8.0, 0.5 ], 
					"to": [ 2.0, 10.0, 1.5 ], 
					"renderPass": 3,
					"rotationOrigin": [ 0.0, 8.0, 0.5 ],
					"faces": {
						"north": { "texture": "#resin", "uv": [ 2.5, 12.5, 4.5, 14.5 ] },
						"east": { "texture": "#resin", "uv": [ 3.5, 10.5, 4.5, 12.5 ] },
						"south": { "texture": "#resin", "uv": [ 10.5, 6.0, 12.5, 8.0 ] },
						"west": { "texture": "#resin", "uv": [ 6.5, 1.0, 7.5, 3.0 ] },
						"up": { "texture": "#resin", "uv": [ 8.0, 2.5, 10.0, 3.5 ] },
						"down": { "texture": "#resin", "uv": [ 7.0, 12.5, 9.0, 13.5 ] }
					}
				},
				{
					"name": "Cube5",
					"from": [ -1.0, 8.5, 1.0 ], 
					"to": [ 0.0, 9.5, 1.5 ], 
					"renderPass": 3,
					"rotationOrigin": [ -1.0, 8.5, 1.0 ],
					"faces": {
						"north": { "texture": "#resin", "uv": [ 5.0, 9.5, 6.0, 10.5 ] },
						"east": { "texture": "#resin", "uv": [ 12.5, 7.5, 13.0, 8.5 ] },
						"south": { "texture": "#resin", "uv": [ 5.5, 9.0, 6.5, 10.0 ] },
						"west": { "texture": "#resin", "uv": [ 3.0, 10.0, 3.5, 11.0 ] },
						"up": { "texture": "#resin", "uv": [ 9.0, 11.5, 10.0, 12.0 ] },
						"down": { "texture": "#resin", "uv": [ 6.0, 12.5, 7.0, 13.0 ] }
					}
				},
				{
					"name": "Cube6",
					"from": [ -1.5, 8.0, -1.0 ], 
					"to": [ -1.0, 10.0, 0.5 ], 
					"renderPass": 3,
					"rotationOrigin": [ -1.5, 8.0, -1.0 ],
					"faces": {
						"north": { "texture": "#resin", "uv": [ 5.0, 9.5, 5.5, 11.5 ] },
						"east": { "texture": "#resin", "uv": [ 5.5, 12.0, 7.0, 14.0 ] },
						"south": { "texture": "#resin", "uv": [ 9.5, 1.0, 10.0, 3.0 ] },
						"west": { "texture": "#resin", "uv": [ 4.0, 13.0, 5.5, 15.0 ] },
						"up": { "texture": "#resin", "uv": [ 3.5, 6.0, 4.0, 7.5 ] },
						"down": { "texture": "#resin", "uv": [ 6.0, 12.5, 6.5, 14.0 ] }
					}
				},
				{
					"name": "Cube7",
					"from": [ 0.5, 8.0, 1.5 ], 
					"to": [ 1.0, 8.5, 2.0 ], 
					"renderPass": 3,
					"rotationOrigin": [ 0.5, 8.0, 1.5 ],
					"faces": {
						"north": { "texture": "#resin", "uv": [ 5.0, 9.5, 5.5, 10.0 ] },
						"east": { "texture": "#resin", "uv": [ 12.5, 7.5, 13.0, 8.0 ] },
						"south": { "texture": "#resin", "uv": [ 3.5, 11.0, 4.0, 11.5 ] },
						"west": { "texture": "#resin", "uv": [ 3.0, 10.0, 3.5, 10.5 ] },
						"up": { "texture": "#resin", "uv": [ 8.0, 2.5, 8.5, 3.0 ] },
						"down": { "texture": "#resin", "uv": [ 6.0, 12.5, 6.5, 13.0 ], "enabled": false }
					}
				},
				{
					"name": "Cube8",
					"from": [ 0.0, 11.0, 0.0 ], 
					"to": [ 1.0, 11.5, 1.0 ], 
					"renderPass": 3,
					"rotationOrigin": [ 0.0, 11.0, 0.0 ],
					"faces": {
						"north": { "texture": "#resin", "uv": [ 5.0, 9.5, 6.0, 10.0 ] },
						"east": { "texture": "#resin", "uv": [ 4.0, 12.0, 5.0, 12.5 ] },
						"south": { "texture": "#resin", "uv": [ 1.0, 14.0, 2.0, 14.5 ] },
						"west": { "texture": "#resin", "uv": [ 1.0, 14.5, 2.0, 15.0 ] },
						"up": { "texture": "#resin", "uv": [ 8.0, 2.5, 9.0, 3.5 ] },
						"down": { "texture": "#resin", "uv": [ 1.0, 15.0, 2.0, 16.0 ] }
					}
				},
				{
					"name": "Cube9",
					"from": [ -0.5, 8.5, -1.5 ], 
					"to": [ 0.0, 10.5, -1.0 ], 
					"renderPass": 3,
					"rotationOrigin": [ -0.5, 8.5, -1.5 ],
					"faces": {
						"north": { "texture": "#resin", "uv": [ 5.0, 9.5, 5.5, 11.5 ] },
						"east": { "texture": "#resin", "uv": [ 5.5, 12.0, 6.0, 14.0 ] },
						"south": { "texture": "#resin", "uv": [ 3.5, 11.0, 4.0, 13.0 ] },
						"west": { "texture": "#resin", "uv": [ 3.0, 10.0, 3.5, 12.0 ] },
						"up": { "texture": "#resin", "uv": [ 8.0, 2.5, 8.5, 3.0 ] },
						"down": { "texture": "#resin", "uv": [ 6.0, 12.5, 6.5, 13.0 ] }
					}
				},
				{
					"name": "Cube10",
					"from": [ 0.0, 10.0, 0.9 ], 
					"to": [ 0.5, 10.5, 1.4 ], 
					"renderPass": 3,
					"rotationOrigin": [ 0.0, 10.0, 1.0 ],
					"faces": {
						"north": { "texture": "#resin", "uv": [ 5.0, 9.5, 5.5, 10.0 ] },
						"east": { "texture": "#resin", "uv": [ 0.5, 13.0, 1.0, 13.5 ] },
						"south": { "texture": "#resin", "uv": [ 0.5, 13.5, 1.0, 14.0 ] },
						"west": { "texture": "#resin", "uv": [ 1.0, 14.0, 1.5, 14.5 ] },
						"up": { "texture": "#resin", "uv": [ 1.5, 13.5, 2.0, 14.0 ] },
						"down": { "texture": "#resin", "uv": [ 1.5, 15.0, 2.0, 15.5 ] }
					}
				},
				{
					"name": "Cube11",
					"from": [ 1.0, 8.5, -0.5 ], 
					"to": [ 2.0, 10.5, 0.5 ], 
					"renderPass": 3,
					"rotationOrigin": [ 1.0, 8.5, -0.5 ],
					"faces": {
						"north": { "texture": "#resin", "uv": [ 5.5, 2.0, 6.5, 4.0 ] },
						"east": { "texture": "#resin", "uv": [ 2.0, 7.0, 3.0, 9.0 ] },
						"south": { "texture": "#resin", "uv": [ 1.0, 14.5, 2.0, 16.5 ] },
						"west": { "texture": "#resin", "uv": [ 0.0, 12.0, 1.0, 14.0 ] },
						"up": { "texture": "#resin", "uv": [ 0.5, 14.5, 1.5, 15.5 ] },
						"down": { "texture": "#resin", "uv": [ 2.0, 14.0, 3.0, 15.0 ] }
					}
				},
				{
					"name": "Cube12",
					"from": [ 2.0, 8.5, 0.5 ], 
					"to": [ 2.5, 9.0, 1.0 ], 
					"renderPass": 3,
					"rotationOrigin": [ 2.0, 8.5, 0.5 ],
					"faces": {
						"north": { "texture": "#resin", "uv": [ 5.0, 9.5, 5.5, 10.0 ] },
						"east": { "texture": "#resin", "uv": [ 12.5, 7.5, 13.0, 8.0 ] },
						"south": { "texture": "#resin", "uv": [ 3.5, 11.0, 4.0, 11.5 ] },
						"west": { "texture": "#resin", "uv": [ 3.0, 10.0, 3.5, 10.5 ] },
						"up": { "texture": "#resin", "uv": [ 8.0, 2.5, 8.5, 3.0 ] },
						"down": { "texture": "#resin", "uv": [ 7.0, 12.5, 7.5, 13.0 ] }
					}
				},
				{
					"name": "Cube13",
					"from": [ 1.0, 9.0, -1.0 ], 
					"to": [ 2.0, 10.0, -0.5 ], 
					"renderPass": 3,
					"rotationOrigin": [ 1.0, 9.0, -1.0 ],
					"faces": {
						"north": { "texture": "#resin", "uv": [ 5.0, 9.5, 6.0, 10.5 ] },
						"east": { "texture": "#resin", "uv": [ 12.5, 7.5, 13.0, 8.5 ] },
						"south": { "texture": "#resin", "uv": [ 3.5, 11.0, 4.5, 12.0 ] },
						"west": { "texture": "#resin", "uv": [ 3.0, 10.0, 3.5, 11.0 ] },
						"up": { "texture": "#resin", "uv": [ 8.0, 2.5, 9.0, 3.0 ] },
						"down": { "texture": "#resin", "uv": [ 7.0, 12.5, 8.0, 13.0 ] }
					}
				},
				{
					"name": "Cube14",
					"from": [ -1.5, 9.0, 0.5 ], 
					"to": [ -1.0, 9.5, 1.0 ], 
					"renderPass": 3,
					"rotationOrigin": [ -1.5, 9.0, 0.5 ],
					"faces": {
						"north": { "texture": "#resin", "uv": [ 5.0, 9.5, 5.5, 10.0 ] },
						"east": { "texture": "#resin", "uv": [ 12.5, 7.5, 13.0, 8.0 ] },
						"south": { "texture": "#resin", "uv": [ 3.5, 11.0, 4.0, 11.5 ] },
						"west": { "texture": "#resin", "uv": [ 3.0, 10.0, 3.5, 10.5 ] },
						"up": { "texture": "#resin", "uv": [ 8.0, 2.5, 8.5, 3.0 ] },
						"down": { "texture": "#resin", "uv": [ 7.0, 12.5, 7.5, 13.0 ] }
					}
				},
				{
					"name": "Cube15",
					"from": [ 1.0, 10.5, -0.5 ], 
					"to": [ 1.5, 11.0, 0.5 ], 
					"renderPass": 3,
					"rotationOrigin": [ 1.0, 10.5, -0.5 ],
					"faces": {
						"north": { "texture": "#resin", "uv": [ 5.0, 9.5, 5.5, 10.0 ] },
						"east": { "texture": "#resin", "uv": [ 4.0, 12.0, 5.0, 12.5 ] },
						"south": { "texture": "#resin", "uv": [ 1.0, 14.0, 1.5, 14.5 ] },
						"west": { "texture": "#resin", "uv": [ 1.0, 14.5, 2.0, 15.0 ] },
						"up": { "texture": "#resin", "uv": [ 8.0, 2.5, 8.5, 3.5 ] },
						"down": { "texture": "#resin", "uv": [ 1.0, 15.0, 1.5, 16.0 ] }
					}
				}
			]
		}
	]}