{
	"editor": {
		"allAngles": true,
		"entityTextureMode": false
	},
	"textureWidth": 16,
	"textureHeight": 16,
	"textureSizes": {
	},
	"textures": {
		"triodiascariosa": "block/plant/flower/petal/triodiascariosa"
	},
	"elements": [
		{
			"name": "origin",
			"from": [ 8.0, 0.0, 8.0 ],
			"to": [ 8.0, 0.0, 8.0 ],
			"rotationOrigin": [ 8.0, 0.0, 8.0 ],
			"faces": {
			},
			"children": [
				{
					"name": "reed1",
					"from": [ -4.0, 0.0, -1.0 ],
					"to": [ 4.0, 0.4, -0.6 ],
					"rotationOrigin": [ 0.0, 0.3, -0.7 ],
					"rotationY": 5.0,
					"rotationZ": 8.0,
					"faces": {
						"north": { "texture": "#triodiascariosa", "uv": [ 6.5, 7.0, 7.0, 15.0 ], "rotation": 90 },
						"south": { "texture": "#triodiascariosa", "uv": [ 7.5, 6.0, 8.0, 14.0 ], "rotation": 90 },
						"up": { "texture": "#triodiascariosa", "uv": [ 7.0, 5.5, 7.5, 13.5 ], "rotation": 90 },
						"down": { "texture": "#triodiascariosa", "uv": [ 6.5, 7.5, 7.0, 15.5 ], "rotation": 90 }
					},
					"children": [
						{
							"name": "reed1ex",
							"from": [ 8.0, 0.0, 0.0 ],
							"to": [ 15.0, 0.4, 0.4 ],
							"rotationOrigin": [ 8.0, 0.3, 0.3 ],
							"rotationY": 4.0,
							"faces": {
								"north": { "texture": "#triodiascariosa", "uv": [ 6.5, 6.0, 7.0, 13.0 ], "rotation": 90 },
								"east": { "texture": "#triodiascariosa", "uv": [ 8.5, 6.0, 9.0, 6.5 ] },
								"south": { "texture": "#triodiascariosa", "uv": [ 6.5, 6.5, 7.0, 13.5 ], "rotation": 90 },
								"up": { "texture": "#triodiascariosa", "uv": [ 6.5, 7.5, 7.0, 14.5 ], "rotation": 90 },
								"down": { "texture": "#triodiascariosa", "uv": [ 7.0, 0.5, 7.5, 7.5 ], "rotation": 90 }
							}
						},
						{
							"name": "reed1ex4",
							"from": [ -8.0, 0.1, 0.1 ],
							"to": [ 0.0, 0.5, 0.5 ],
							"rotationOrigin": [ 0.0, 0.3, 0.3 ],
							"rotationZ": 15.0,
							"faces": {
								"north": { "texture": "#triodiascariosa", "uv": [ 5.5, 7.0, 6.0, 15.0 ], "rotation": 90 },
								"south": { "texture": "#triodiascariosa", "uv": [ 7.5, 5.0, 8.0, 13.0 ], "rotation": 90 },
								"west": { "texture": "#triodiascariosa", "uv": [ 7.5, 6.0, 8.0, 6.5 ] },
								"up": { "texture": "#triodiascariosa", "uv": [ 6.5, 5.5, 7.0, 13.5 ], "rotation": 90 },
								"down": { "texture": "#triodiascariosa", "uv": [ 8.0, 5.0, 8.5, 13.0 ], "rotation": 90 }
							}
						},
						{
							"name": "reed2",
							"from": [ 0.0, 0.7, 0.0 ],
							"to": [ 8.0, 0.7, 1.0 ],
							"rotationOrigin": [ 4.0, 0.7, 0.5 ],
							"rotationX": 42.0,
							"rotationY": 14.0,
							"faces": {
								"up": { "texture": "#triodiascariosa", "uv": [ 6.5, 6.0, 7.5, 14.0 ], "rotation": 90 }
							},
							"children": [
								{
									"name": "reed4ex1",
									"from": [ 8.0, 0.0, 0.0 ],
									"to": [ 14.0, 0.0, 1.0 ],
									"rotationOrigin": [ 8.0, 0.0, 0.5 ],
									"rotationX": 6.0,
									"rotationY": -8.0,
									"rotationZ": -25.0,
									"faces": {
										"up": { "texture": "#triodiascariosa", "uv": [ 9.5, 1.0, 10.5, 7.0 ], "rotation": 90 }
									}
								},
								{
									"name": "reed2ex2",
									"from": [ -7.0, 0.0, 0.0 ],
									"to": [ 0.0, 0.0, 1.0 ],
									"rotationOrigin": [ 0.0, 0.0, 0.5 ],
									"rotationZ": 39.0,
									"faces": {
										"up": { "texture": "#triodiascariosa", "uv": [ 7.0, 9.0, 8.0, 16.0 ], "rotation": 90 }
									}
								}
							]
						}
					]
				},
				{
					"name": "reed6",
					"from": [ -3.9, 0.6, -0.2 ],
					"to": [ 4.1, 0.6, 0.8 ],
					"rotationOrigin": [ 0.1, 0.9, 0.1 ],
					"rotationX": 14.0,
					"rotationY": 8.0,
					"rotationZ": 6.0,
					"faces": {
						"up": { "texture": "#triodiascariosa", "uv": [ 7.5, 5.5, 8.5, 13.5 ], "rotation": 90 }
					},
					"children": [
						{
							"name": "reed1ex7",
							"from": [ 8.0, 0.0, 0.0 ],
							"to": [ 16.0, 0.0, 1.0 ],
							"rotationOrigin": [ 8.0, 0.3, 0.3 ],
							"rotationZ": -14.0,
							"faces": {
								"up": { "texture": "#triodiascariosa", "uv": [ 5.5, 4.0, 6.5, 12.0 ], "rotation": 90 }
							}
						},
						{
							"name": "reed1ex9",
							"from": [ -7.0, 0.0, 0.0 ],
							"to": [ 0.0, 0.0, 1.0 ],
							"rotationOrigin": [ 0.0, 0.3, 0.3 ],
							"rotationZ": 14.0,
							"faces": {
								"up": { "texture": "#triodiascariosa", "uv": [ 6.5, 9.0, 7.5, 16.0 ], "rotation": 90 }
							}
						}
					]
				},
				{
					"name": "reed10",
					"from": [ -4.0, -0.4, 0.0 ],
					"to": [ 4.0, 0.0, 0.4 ],
					"rotationOrigin": [ 0.0, -0.1, 0.3 ],
					"rotationY": -12.0,
					"faces": {
						"north": { "texture": "#triodiascariosa", "uv": [ 6.0, 7.0, 6.5, 15.0 ], "rotation": 90 },
						"south": { "texture": "#triodiascariosa", "uv": [ 7.0, 7.5, 7.5, 15.5 ], "rotation": 90 },
						"up": { "texture": "#triodiascariosa", "uv": [ 5.0, 7.5, 5.5, 15.5 ], "rotation": 90 },
						"down": { "texture": "#triodiascariosa", "uv": [ 7.5, 5.5, 8.0, 13.5 ], "rotation": 90 }
					},
					"children": [
						{
							"name": "reed1ex11",
							"from": [ 8.0, 0.0, 0.0 ],
							"to": [ 15.0, 0.4, 0.4 ],
							"rotationOrigin": [ 8.0, 0.2, 0.2 ],
							"rotationZ": -5.0,
							"faces": {
								"north": { "texture": "#triodiascariosa", "uv": [ 7.0, 6.5, 7.5, 13.5 ], "rotation": 90 },
								"east": { "texture": "#triodiascariosa", "uv": [ 7.0, 7.0, 7.5, 7.5 ] },
								"south": { "texture": "#triodiascariosa", "uv": [ 7.5, 6.0, 8.0, 13.0 ], "rotation": 90 },
								"up": { "texture": "#triodiascariosa", "uv": [ 7.0, 7.0, 7.5, 14.0 ], "rotation": 90 },
								"down": { "texture": "#triodiascariosa", "uv": [ 6.5, 5.0, 7.0, 12.0 ], "rotation": 90 }
							}
						},
						{
							"name": "reed1ex13",
							"from": [ -8.0, 0.0, 0.0 ],
							"to": [ 0.0, 0.4, 0.4 ],
							"rotationOrigin": [ 0.0, 0.3, 0.3 ],
							"rotationZ": 19.0,
							"faces": {
								"north": { "texture": "#triodiascariosa", "uv": [ 6.5, 5.5, 7.0, 13.5 ], "rotation": 90 },
								"south": { "texture": "#triodiascariosa", "uv": [ 7.0, 5.5, 7.5, 13.5 ], "rotation": 90 },
								"west": { "texture": "#triodiascariosa", "uv": [ 7.5, 6.0, 8.0, 6.5 ] },
								"up": { "texture": "#triodiascariosa", "uv": [ 6.5, 5.0, 7.0, 13.0 ], "rotation": 90 },
								"down": { "texture": "#triodiascariosa", "uv": [ 6.5, 5.0, 7.0, 13.0 ], "rotation": 90 }
							}
						}
					]
				},
				{
					"name": "reed14",
					"from": [ -4.0, 0.4, -0.3 ],
					"to": [ 4.0, 0.4, 0.7 ],
					"rotationOrigin": [ 0.0, 0.7, 0.0 ],
					"rotationY": 6.0,
					"faces": {
						"up": { "texture": "#triodiascariosa", "uv": [ 7.5, 8.0, 8.5, 16.0 ], "rotation": 90 }
					},
					"children": [
						{
							"name": "reed1ex15",
							"from": [ 8.0, 0.0, 0.0 ],
							"to": [ 16.0, 0.0, 1.0 ],
							"rotationOrigin": [ 8.0, 0.3, 0.3 ],
							"rotationZ": -36.0,
							"faces": {
								"up": { "texture": "#triodiascariosa", "uv": [ 9.0, 5.0, 10.0, 13.0 ], "rotation": 90 }
							}
						},
						{
							"name": "reed1ex17",
							"from": [ -8.2, -0.1, 0.0 ],
							"to": [ -0.2, -0.1, 1.0 ],
							"rotationOrigin": [ -0.2, 0.2, 0.3 ],
							"rotationZ": 43.0,
							"faces": {
								"up": { "texture": "#triodiascariosa", "uv": [ 7.0, 8.0, 8.0, 16.0 ], "rotation": 90 }
							}
						}
					]
				},
				{
					"name": "reed18",
					"from": [ -4.0, 0.0, 0.0 ],
					"to": [ 4.0, 0.6, 0.6 ],
					"rotationOrigin": [ 0.0, 0.3, 0.3 ],
					"faces": {
						"north": { "texture": "#triodiascariosa", "uv": [ 8.0, 6.5, 8.5, 14.5 ], "rotation": 90 },
						"south": { "texture": "#triodiascariosa", "uv": [ 6.5, 6.0, 7.0, 14.0 ], "rotation": 90 },
						"up": { "texture": "#triodiascariosa", "uv": [ 6.5, 5.5, 7.0, 13.5 ], "rotation": 90 },
						"down": { "texture": "#triodiascariosa", "uv": [ 7.0, 5.0, 7.5, 13.0 ], "rotation": 90 }
					},
					"children": [
						{
							"name": "reed1ex19",
							"from": [ 8.0, 0.0, 0.0 ],
							"to": [ 14.0, 0.6, 0.6 ],
							"rotationOrigin": [ 8.0, 0.3, 0.3 ],
							"faces": {
								"north": { "texture": "#triodiascariosa", "uv": [ 7.0, 6.0, 7.5, 12.0 ], "rotation": 90 },
								"east": { "texture": "#triodiascariosa", "uv": [ 6.5, 6.0, 7.0, 6.5 ] },
								"south": { "texture": "#triodiascariosa", "uv": [ 8.0, 5.0, 8.5, 11.0 ], "rotation": 90 },
								"up": { "texture": "#triodiascariosa", "uv": [ 7.0, 5.5, 7.5, 11.5 ], "rotation": 90 },
								"down": { "texture": "#triodiascariosa", "uv": [ 7.0, 5.5, 7.5, 11.5 ], "rotation": 90 }
							}
						},
						{
							"name": "reed1ex21",
							"from": [ -8.0, 0.0, 0.0 ],
							"to": [ 0.0, 0.6, 0.6 ],
							"rotationOrigin": [ 0.0, 0.3, 0.3 ],
							"faces": {
								"north": { "texture": "#triodiascariosa", "uv": [ 7.0, 5.5, 7.5, 13.5 ], "rotation": 90 },
								"south": { "texture": "#triodiascariosa", "uv": [ 6.0, 6.0, 6.5, 14.0 ], "rotation": 90 },
								"west": { "texture": "#triodiascariosa", "uv": [ 6.0, 5.5, 6.5, 6.0 ] },
								"up": { "texture": "#triodiascariosa", "uv": [ 6.5, 5.0, 7.0, 13.0 ], "rotation": 90 },
								"down": { "texture": "#triodiascariosa", "uv": [ 7.0, 5.5, 7.5, 13.5 ], "rotation": 90 }
							}
						},
						{
							"name": "reed4",
							"from": [ -0.1, 0.2, -0.7 ],
							"to": [ 7.9, 0.2, 0.3 ],
							"rotationOrigin": [ 3.9, 0.2, -0.2 ],
							"rotationY": -22.0,
							"faces": {
								"up": { "texture": "#triodiascariosa", "uv": [ 6.0, 5.5, 7.0, 13.5 ], "rotation": 90 }
							},
							"children": [
								{
									"name": "reed4ex",
									"from": [ -8.0, 0.0, 0.0 ],
									"to": [ 0.0, 0.0, 1.0 ],
									"rotationOrigin": [ 0.0, 0.0, 0.5 ],
									"rotationZ": 28.0,
									"faces": {
										"up": { "texture": "#triodiascariosa", "uv": [ 6.0, 6.0, 7.0, 14.0 ], "rotation": 90 }
									}
								},
								{
									"name": "reed4ex2",
									"from": [ 8.0, 0.0, 0.0 ],
									"to": [ 14.0, 0.0, 1.0 ],
									"rotationOrigin": [ 8.0, 0.0, 0.5 ],
									"rotationZ": -19.0,
									"faces": {
										"up": { "texture": "#triodiascariosa", "uv": [ 7.0, 5.0, 8.0, 11.0 ], "rotation": 90 }
									}
								}
							]
						}
					]
				},
				{
					"name": "reed22",
					"from": [ -4.0, 0.0, -1.0 ],
					"to": [ 4.0, 0.0, 0.0 ],
					"rotationOrigin": [ 0.0, 0.3, -0.7 ],
					"rotationY": -15.0,
					"rotationZ": 8.0,
					"faces": {
						"up": { "texture": "#triodiascariosa", "uv": [ 6.5, 5.5, 7.5, 13.5 ], "rotation": 90 }
					},
					"children": [
						{
							"name": "reed1ex23",
							"from": [ 7.9, 0.0, 0.0 ],
							"to": [ 14.9, 0.0, 1.0 ],
							"rotationOrigin": [ 7.9, 0.0, 0.3 ],
							"rotationX": 6.0,
							"rotationY": 4.0,
							"rotationZ": -14.0,
							"faces": {
								"up": { "texture": "#triodiascariosa", "uv": [ 6.5, 6.0, 7.5, 13.0 ], "rotation": 90 }
							}
						},
						{
							"name": "reed1ex25",
							"from": [ -6.0, 0.0, 0.0 ],
							"to": [ 0.0, 0.0, 1.0 ],
							"rotationOrigin": [ 0.0, 0.3, 0.3 ],
							"rotationZ": 15.0,
							"faces": {
								"up": { "texture": "#triodiascariosa", "uv": [ 8.0, 6.5, 9.0, 12.5 ], "rotation": 90 }
							}
						}
					]
				},
				{
					"name": "Tie1",
					"from": [ 0.0, -0.7, -1.2 ],
					"to": [ 0.6, 1.3, 0.8 ],
					"rotationOrigin": [ 0.3, 0.3, -0.2 ],
					"faces": {
						"north": { "texture": "#triodiascariosa", "uv": [ 9.0, 7.5, 9.5, 9.5 ] },
						"east": { "texture": "#triodiascariosa", "uv": [ 8.0, 6.5, 10.0, 8.5 ] },
						"south": { "texture": "#triodiascariosa", "uv": [ 7.5, 6.5, 8.0, 8.5 ] },
						"west": { "texture": "#triodiascariosa", "uv": [ 7.0, 8.0, 9.0, 10.0 ] },
						"up": { "texture": "#triodiascariosa", "uv": [ 10.0, 7.5, 10.5, 9.5 ] },
						"down": { "texture": "#triodiascariosa", "uv": [ 8.5, 7.0, 9.0, 9.0 ] }
					}
				},
				{
					"name": "Tie27",
					"from": [ -0.8, -0.8, -1.0 ],
					"to": [ -0.2, 1.2, 1.0 ],
					"rotationOrigin": [ -0.5, 0.2, 0.0 ],
					"rotationY": -36.0,
					"faces": {
						"north": { "texture": "#triodiascariosa", "uv": [ 7.0, 7.0, 7.5, 9.0 ] },
						"east": { "texture": "#triodiascariosa", "uv": [ 6.5, 10.0, 8.5, 12.0 ] },
						"south": { "texture": "#triodiascariosa", "uv": [ 8.5, 7.5, 9.0, 9.5 ] },
						"west": { "texture": "#triodiascariosa", "uv": [ 8.0, 9.5, 10.0, 11.5 ] },
						"up": { "texture": "#triodiascariosa", "uv": [ 8.0, 8.0, 8.5, 10.0 ] },
						"down": { "texture": "#triodiascariosa", "uv": [ 8.5, 8.5, 9.0, 10.5 ] }
					}
				},
				{
					"name": "Tie28",
					"from": [ 0.9, -0.8, -1.0 ],
					"to": [ 1.5, 1.2, 1.0 ],
					"rotationOrigin": [ 1.2, 0.2, 0.0 ],
					"rotationY": 28.0,
					"faces": {
						"north": { "texture": "#triodiascariosa", "uv": [ 6.5, 6.0, 7.0, 8.0 ] },
						"east": { "texture": "#triodiascariosa", "uv": [ 7.0, 5.5, 9.0, 7.5 ] },
						"south": { "texture": "#triodiascariosa", "uv": [ 7.5, 6.0, 8.0, 8.0 ] },
						"west": { "texture": "#triodiascariosa", "uv": [ 8.0, 8.5, 10.0, 10.5 ] },
						"up": { "texture": "#triodiascariosa", "uv": [ 7.5, 9.0, 8.0, 11.0 ] },
						"down": { "texture": "#triodiascariosa", "uv": [ 8.0, 6.0, 8.5, 8.0 ] }
					}
				},
				{
					"name": "Tie29",
					"from": [ -0.8, -0.9, -1.3 ],
					"to": [ -0.2, 1.1, 0.7 ],
					"rotationOrigin": [ -0.5, 0.1, -0.3 ],
					"rotationY": 11.0,
					"faces": {
						"north": { "texture": "#triodiascariosa", "uv": [ 8.0, 5.5, 8.5, 7.5 ] },
						"east": { "texture": "#triodiascariosa", "uv": [ 6.5, 7.0, 8.5, 9.0 ] },
						"south": { "texture": "#triodiascariosa", "uv": [ 9.0, 6.0, 9.5, 8.0 ] },
						"west": { "texture": "#triodiascariosa", "uv": [ 7.0, 6.0, 9.0, 8.0 ] },
						"up": { "texture": "#triodiascariosa", "uv": [ 8.0, 5.5, 8.5, 7.5 ] },
						"down": { "texture": "#triodiascariosa", "uv": [ 8.5, 5.5, 9.0, 7.5 ] }
					}
				}
			]
		}
	]}