[
	{
		"name": "Crude door",
		"ingredientPattern": "AS,PS,PS",
		"ingredients": {
			"A": { "type": "item", "code": "game:axe-*", "isTool": true  },
			"P": { "type": "block", "code": "floralzonescaribbeanregion:log-placed-*-ud", "name": "wood" },
			"S": { "type": "item", "code": "game:stick" }
		},
		"width": 2,
		"height": 3,
		"output": { "type": "block", "code": "game:door-crude"  }
	},
	{
		"name": "Solid door",
		"ingredientPattern": "WW,WW,WW",
		"ingredients": {
			"W": { "type": "item", "code": "floralzonescaribbeanregion:plank-*", "name": "wood" }
		},
		"width": 2,
		"height": 3,
		"output": { "type": "block", "code": "floralzonescaribbeanregion:door-solid-{wood}"  }
	},
	{
		"name": "1x3 gate",
		"ingredientPattern": "WW_,WW_,WWN",
		"ingredients": {
			"W": { "type": "item", "code": "floralzonescaribbeanregion:plank-*", "name": "wood", "quantity": 2 },
			"N": { "type": "item", "code": "game:metalnailsandstrips-*" }
		},
		"width": 3,
		"height": 3,
		"output": { "type": "block", "code": "floralzonescaribbeanregion:door-1x3gate-{wood}"  }
	},
	{
		"name": "2x2 gate",
		"ingredientPattern": "N__,WWW,WWW",
		"ingredients": {
			"W": { "type": "item", "code": "floralzonescaribbeanregion:plank-*", "name": "wood", "quantity": 2 },
			"N": { "type": "item", "code": "game:metalnailsandstrips-*", "quantity": 2 }
		},
		"width": 3,
		"height": 3,
		"output": { "type": "block", "code": "floralzonescaribbeanregion:door-2x2gate-{wood}"  }
	},
	{
		"name": "2x3 gate",
		"ingredientPattern": "WWW,WWW,NWW",
		"ingredients": {
			"W": { "type": "item", "code": "floralzonescaribbeanregion:plank-*", "name": "wood", "quantity": 2 },
			"N": { "type": "item", "code": "game:metalnailsandstrips-*", "quantity": 2 }
		},
		"width": 3,
		"height": 3,
		"output": { "type": "block", "code": "floralzonescaribbeanregion:door-2x3gate-{wood}"  }
	},
	{
		"name": "2x4 gate",
		"ingredientPattern": "WWW,WWW,WWN",
		"ingredients": {
			"W": { "type": "item", "code": "floralzonescaribbeanregion:plank-*", "name": "wood", "quantity": 4 },
			"N": { "type": "item", "code": "game:metalnailsandstrips-*", "quantity": 10 }
		},
		"width": 3,
		"height": 3,
		"output": { "type": "block", "code": "floralzonescaribbeanregion:door-2x4gate-{wood}"  }
	}
]