[
	{
		"ingredientPattern": "SL",
		"ingredients": {
			"S": { "type": "item", "code": "game:saw-*", "isTool": true  },
			"L": { "type": "block", "code": "floralzonescaribbeanregion:log-placed-*-ud", "name": "wood" }
		},
		"width": 2,
		"height": 1,
		"recipeGroup": 1,
		"shapeless": true,
		"output": { "type": "item", "code": "floralzonescaribbeanregion:plank-{wood}", "quantity": 12  }
	},
	{
		"ingredientPattern": "SL",
		"ingredients": {
			"S": { "type": "item", "code": "game:saw-*", "isTool": true  },
			"L": { "type": "block", "code": "floralzonescaribbeanregion:logsection-placed-*-ne-ud", "name": "wood" }
		},
		"width": 2,
		"height": 1,
		"recipeGroup": 1,
		"shapeless": true,
		"output": { "type": "item", "code": "floralzonescaribbeanregion:plank-{wood}", "quantity": 12  }
	},
	{
		"ingredientPattern": "SL",
		"ingredients": {
			"S": { "type": "item", "code": "game:saw-*", "isTool": true  },
			"L": { "type": "block", "code": "floralzonescaribbeanregion:planks-*-ns", "name": "wood" }
		},
		"width": 2,
		"height": 1,
		"shapeless": true,
		"output": { "type": "item", "code": "floralzonescaribbeanregion:plank-{wood}", "quantity": 4  }
	},
	{
		"ingredientPattern": "SL",
		"ingredients": {
			"S": { "type": "item", "code": "game:saw-*", "isTool": true  },
			"L": { "type": "block", "code": "floralzonescaribbeanregion:plankstairs-*-up-north-free", "name": "wood" }
		},
		"width": 2,
		"height": 1,
		"shapeless": true,
		"output": { "type": "item", "code": "floralzonescaribbeanregion:plank-{wood}", "quantity": 3  }
	},
	{
		"ingredientPattern": "SL",
		"ingredients": {
			"S": { "type": "item", "code": "game:saw-*", "isTool": true  },
			"L": { "type": "block", "code": "floralzonescaribbeanregion:plankslab-*-down-free", "name": "wood" }
		},
		"width": 2,
		"height": 1,
		"shapeless": true,
		"output": { "type": "item", "code": "floralzonescaribbeanregion:plank-{wood}", "quantity": 2  }
	},
]