[
  {
    "op": "add",
    "path": "/enabled",
    "value": false,
    "file": "primitivesurvival:recipes/grid/raft.json",
    "condition": {
      "when": "RaftEnabled",
      "isValue": "false"
    },
    "side": "Server"
  },
  {
    "op": "add",
    "path": "/0/enabled",
    "value": false,
    "file": "primitivesurvival:compatibility/floralzonescaperegion/recipes/grid/floralzonescaperegion-raft.json",
    "condition": {
      "when": "RaftEnabled",
      "isValue": "false"
    },
    "dependsOn": [ { "modid": "floralzonescaperegion" } ],
    "side": "Server"
  },
  {
    "op": "add",
    "path": "/0/enabled",
    "value": false,
    "file": "primitivesurvival:compatibility/floralzonescaribbeanregion/recipes/grid/floralzonescaribbeanregion-raft.json",
    "condition": {
      "when": "RaftEnabled",
      "isValue": "false"
    },
    "dependsOn": [ { "modid": "floralzonescaribbeanregion" } ],
    "side": "Server"
  },
  {
    "op": "add",
    "path": "/0/enabled",
    "value": false,
    "file": "primitivesurvival:compatibility/floralzonescentralaustralianregion/recipes/grid/floralzonescentralaustralianregion-raft.json",
    "condition": {
      "when": "RaftEnabled",
      "isValue": "false"
    },
    "dependsOn": [ { "modid": "floralzonescentralaustralianregion" } ],
    "side": "Server"
  },
  {
    "op": "add",
    "path": "/0/enabled",
    "value": false,
    "file": "primitivesurvival:compatibility/floralzonesneozeylandicregion/recipes/grid/floralzonesneozeylandicregion-raft.json",
    "condition": {
      "when": "RaftEnabled",
      "isValue": "false"
    },
    "dependsOn": [ { "modid": "floralzonesneozeylandicregion" } ],
    "side": "Server"
  },
  {
    "op": "add",
    "path": "/enabled",
    "value": false,
    "file": "primitivesurvival:blocktypes/raft/raft.json",
    "condition": {
      "when": "RaftEnabled",
      "isValue": "false"
    },
    "side": "Server"
  }
]
