{
	"editor": {
		"collapsedPaths": "",
		"allAngles": true,
		"entityTextureMode": false
	},
	"textureWidth": 16,
	"textureHeight": 16,
	"textureSizes": {	},
	"textures": {	},
	"elements": [
		{
			"name": "origin",
			"from": [ 18.0, 0.5, 8.0 ],
			"to": [ 18.0, 0.5, 8.0 ],
			"rotationOrigin": [ 8.0, 0.0, 8.0 ],
			"faces": {
				"north": { "texture": "#string", "uv": [ 0.0, 0.0, 0.5, 0.5 ] },
				"east": { "texture": "#string", "uv": [ 0.0, 0.0, 0.5, 0.5 ] },
				"south": { "texture": "#string", "uv": [ 0.0, 0.0, 0.5, 0.5 ] },
				"west": { "texture": "#string", "uv": [ 0.0, 0.0, 0.5, 0.5 ] },
				"up": { "texture": "#string", "uv": [ 0.0, 0.0, 0.5, 0.5 ] },
				"down": { "texture": "#string", "uv": [ 0.0, 0.0, 0.5, 0.5 ] }
			},
			"children": [
				{
					"name": "handle 1",
					"from": [ -16.0, -0.5, -0.5 ],
					"to": [ 0.0, 1.0, 1.0 ],
					"rotationOrigin": [ -15.5, 0.0, 0.0 ],
					"faces": {
						"north": { "texture": "#handle", "uv": [ 0.0, 5.5, 16.0, 7.0 ] },
						"east": { "texture": "#handle", "uv": [ 0.5, 0.5, 2.0, 2.0 ] },
						"south": { "texture": "#handle", "uv": [ 0.0, 10.5, 16.0, 12.0 ] },
						"up": { "texture": "#handle", "uv": [ 0.0, 4.5, 16.0, 6.0 ] },
						"down": { "texture": "#handle", "uv": [ 0.0, 5.0, 16.0, 6.5 ] }
					},
					"children": [
						{
							"name": "handle 2",
							"from": [ -4.0, 0.0, 0.0 ],
							"to": [ 0.0, 1.5, 1.5 ],
							"rotationOrigin": [ -3.5, 0.5, 0.5 ],
							"faces": {
								"north": { "texture": "#handle", "uv": [ 0.0, 8.5, 4.0, 10.0 ] },
								"south": { "texture": "#handle", "uv": [ 0.0, 12.5, 4.0, 14.0 ] },
								"west": { "texture": "#handle", "uv": [ 14.0, 10.0, 15.5, 11.5 ] },
								"up": { "texture": "#handle", "uv": [ 0.5, 8.5, 4.5, 10.0 ] },
								"down": { "texture": "#handle", "uv": [ 9.0, 7.0, 13.0, 8.5 ] }
							}
						}
					]
				},
				{
					"name": "socket",
					"from": [ -3.2, -0.7, -0.7 ],
					"to": [ -0.2, 1.2, 1.2 ],
					"rotationOrigin": [ -3.2, -0.7, -0.7 ],
					"faces": {
						"north": { "texture": "#material", "uv": [ 6.5, 5.5, 9.5, 7.0 ] },
						"east": { "texture": "#material", "uv": [ 1.0, 2.0, 2.5, 3.5 ] },
						"south": { "texture": "#material", "uv": [ 14.5, 5.0, 16.0, 8.0 ], "rotation": 90 },
						"west": { "texture": "#material", "uv": [ 6.0, 2.0, 7.5, 3.5 ] },
						"up": { "texture": "#material", "uv": [ 12.5, 4.0, 14.0, 7.0 ], "rotation": 90 },
						"down": { "texture": "#material", "uv": [ 3.0, 6.0, 6.0, 7.5 ] }
					},
					"children": [
						{
							"name": "Bladeneck",
							"from": [ 0.6, 0.7, -1.5 ],
							"to": [ 2.3, 1.2, 0.0 ],
							"rotationOrigin": [ 2.1, 0.7, 1.1 ],
							"faces": {
								"north": { "texture": "#material", "uv": [ 1.0, 5.0, 2.5, 5.5 ] },
								"east": { "texture": "#material", "uv": [ 2.0, 5.0, 3.5, 5.5 ] },
								"south": { "texture": "#material", "uv": [ 2.0, 7.0, 3.5, 7.5 ] },
								"west": { "texture": "#material", "uv": [ 2.0, 6.0, 3.5, 6.5 ] },
								"up": { "texture": "#material", "uv": [ 1.5, 3.0, 3.0, 4.5 ], "rotation": 90 },
								"down": { "texture": "#material", "uv": [ 7.5, 5.5, 9.0, 7.0 ] }
							}
						},
						{
							"name": "haftstraps",
							"from": [ -5.0, 0.7, 0.1 ],
							"to": [ 0.0, 1.2, 1.8 ],
							"rotationOrigin": [ -3.5, 0.7, 2.7 ],
							"faces": {
								"north": { "texture": "#material", "uv": [ 7.0, 11.0, 7.5, 16.0 ], "rotation": 90 },
								"east": { "texture": "#material", "uv": [ 2.0, 5.0, 3.5, 5.5 ] },
								"south": { "texture": "#material", "uv": [ 6.0, 9.5, 6.5, 14.5 ], "rotation": 90 },
								"west": { "texture": "#material", "uv": [ 2.0, 6.0, 3.5, 6.5 ] },
								"up": { "texture": "#material", "uv": [ 5.0, 10.0, 6.5, 15.0 ], "rotation": 90 },
								"down": { "texture": "#material", "uv": [ 5.0, 10.5, 10.0, 12.0 ] }
							}
						},
						{
							"name": "Blademiddle",
							"from": [ 0.6, 0.9, -3.5 ],
							"to": [ 2.3, 1.1, -1.5 ],
							"rotationOrigin": [ 2.1, 0.9, -0.9 ],
							"faces": {
								"north": { "texture": "#material", "uv": [ 1.0, 5.0, 2.5, 5.5 ] },
								"east": { "texture": "#material", "uv": [ 2.0, 5.0, 4.0, 5.5 ] },
								"south": { "texture": "#material", "uv": [ 2.0, 7.0, 3.5, 7.5 ] },
								"west": { "texture": "#material", "uv": [ 2.0, 6.0, 4.0, 6.5 ] },
								"up": { "texture": "#material", "uv": [ 1.5, 6.0, 3.5, 7.5 ], "rotation": 270 },
								"down": { "texture": "#material", "uv": [ 8.0, 3.5, 9.5, 5.5 ] }
							}
						},
						{
							"name": "Bladehorn1",
							"from": [ 2.3, 0.9, -3.5 ],
							"to": [ 2.8, 1.1, -0.5 ],
							"rotationOrigin": [ 2.3, 0.9, -3.5 ],
							"rotationY": -10.0,
							"rotationZ": -1.0,
							"faces": {
								"north": { "texture": "#material", "uv": [ 1.0, 5.0, 1.5, 5.5 ] },
								"east": { "texture": "#material", "uv": [ 2.0, 5.0, 5.0, 5.5 ] },
								"south": { "texture": "#material", "uv": [ 2.0, 7.0, 2.5, 7.5 ] },
								"west": { "texture": "#material", "uv": [ 2.0, 6.0, 5.0, 6.5 ] },
								"up": { "texture": "#material", "uv": [ 11.0, 13.0, 14.0, 13.5 ], "rotation": 90 },
								"down": { "texture": "#material", "uv": [ 3.0, 3.0, 3.5, 6.0 ] }
							},
							"children": [
								{
									"name": "Bladehorn2",
									"from": [ 0.41, 0.05, 0.0117 ],
									"to": [ 0.91, 0.15, 1.0117 ],
									"rotationOrigin": [ 0.4098, 0.0, 0.0117 ],
									"rotationY": -10.0,
									"faces": {
										"north": { "texture": "#material", "uv": [ 1.0, 5.0, 1.5, 5.5 ] },
										"east": { "texture": "#material", "uv": [ 2.0, 5.0, 3.0, 5.5 ] },
										"south": { "texture": "#material", "uv": [ 2.0, 7.0, 2.5, 7.5 ] },
										"west": { "texture": "#material", "uv": [ 2.0, 6.0, 3.0, 6.5 ] },
										"up": { "texture": "#material", "uv": [ 3.0, 9.5, 4.0, 10.0 ], "rotation": 90 },
										"down": { "texture": "#material", "uv": [ 3.0, 3.0, 3.5, 4.0 ] }
									}
								}
							]
						},
						{
							"name": "nail 1",
							"from": [ -0.8, 0.1, 0.7 ],
							"to": [ -0.3, 1.8, 1.2 ],
							"rotationOrigin": [ 0.7, 0.1, 3.3 ],
							"faces": {
								"north": { "texture": "#material", "uv": [ 7.0, 11.0, 8.5, 11.5 ], "rotation": 90 },
								"east": { "texture": "#material", "uv": [ 2.0, 5.0, 2.5, 6.5 ] },
								"south": { "texture": "#material", "uv": [ 6.0, 9.5, 7.5, 10.0 ], "rotation": 90 },
								"west": { "texture": "#material", "uv": [ 2.0, 6.0, 2.5, 7.5 ] },
								"up": { "texture": "#material", "uv": [ 6.0, 10.5, 6.5, 11.0 ], "rotation": 90 },
								"down": { "texture": "#material", "uv": [ 12.0, 8.0, 12.5, 8.5 ] }
							}
						},
						{
							"name": "nail 14",
							"from": [ -1.8, 0.1, 0.7 ],
							"to": [ -1.3, 1.8, 1.2 ],
							"rotationOrigin": [ -0.3, 0.1, 3.3 ],
							"faces": {
								"north": { "texture": "#material", "uv": [ 7.0, 11.0, 8.5, 11.5 ], "rotation": 90 },
								"east": { "texture": "#material", "uv": [ 6.5, 13.5, 7.0, 15.0 ] },
								"south": { "texture": "#material", "uv": [ 6.0, 9.5, 7.5, 10.0 ], "rotation": 90 },
								"west": { "texture": "#material", "uv": [ 2.0, 6.0, 2.5, 7.5 ] },
								"up": { "texture": "#material", "uv": [ 5.5, 7.0, 6.0, 7.5 ], "rotation": 90 },
								"down": { "texture": "#material", "uv": [ 4.0, 2.0, 4.5, 2.5 ] }
							}
						},
						{
							"name": "nail 15",
							"from": [ -4.8, 0.1, 0.7 ],
							"to": [ -4.3, 1.8, 1.2 ],
							"rotationOrigin": [ -3.3, 0.1, 3.3 ],
							"faces": {
								"north": { "texture": "#material", "uv": [ 6.0, 11.0, 7.5, 11.5 ], "rotation": 90 },
								"east": { "texture": "#material", "uv": [ 12.0, 8.0, 12.5, 9.5 ] },
								"south": { "texture": "#material", "uv": [ 5.5, 11.0, 7.0, 11.5 ], "rotation": 90 },
								"west": { "texture": "#material", "uv": [ 2.0, 6.0, 2.5, 7.5 ] },
								"up": { "texture": "#material", "uv": [ 12.0, 8.0, 12.5, 8.5 ], "rotation": 90 },
								"down": { "texture": "#material", "uv": [ 12.0, 8.0, 12.5, 8.5 ] }
							}
						},
						{
							"name": "Bladebeard2",
							"from": [ -0.14, 0.88, -3.5 ],
							"to": [ 0.66, 1.08, -2.0 ],
							"rotationOrigin": [ 0.5917, 0.8822, -3.4059 ],
							"rotationX": -0.179,
							"rotationY": 13.9984,
							"rotationZ": 1.0281,
							"faces": {
								"north": { "texture": "#material", "uv": [ 1.0, 5.0, 1.5, 5.5 ] },
								"east": { "texture": "#material", "uv": [ 2.0, 5.0, 3.5, 5.5 ] },
								"south": { "texture": "#material", "uv": [ 2.0, 7.0, 2.5, 7.5 ] },
								"west": { "texture": "#material", "uv": [ 2.0, 6.0, 3.5, 6.5 ] },
								"up": { "texture": "#material", "uv": [ 3.0, 9.5, 4.5, 10.0 ], "rotation": 90 },
								"down": { "texture": "#material", "uv": [ 3.0, 3.0, 3.5, 4.5 ] }
							},
							"children": [
								{
									"name": "Bladebeard3",
									"from": [ -0.5364, 0.05, 0.0 ],
									"to": [ 0.0636, 0.15, 1.0 ],
									"rotationOrigin": [ 0.0275, 0.05, 0.1814 ],
									"rotationY": 10.0,
									"faces": {
										"north": { "texture": "#material", "uv": [ 1.0, 5.0, 1.5, 5.5 ] },
										"east": { "texture": "#material", "uv": [ 2.0, 5.0, 3.0, 5.5 ] },
										"south": { "texture": "#material", "uv": [ 2.0, 7.0, 2.5, 7.5 ] },
										"west": { "texture": "#material", "uv": [ 2.0, 6.0, 3.0, 6.5 ] },
										"up": { "texture": "#material", "uv": [ 3.0, 9.5, 4.0, 10.0 ], "rotation": 90 },
										"down": { "texture": "#material", "uv": [ 3.0, 3.0, 3.5, 4.0 ] }
									}
								}
							]
						}
					]
				},
				{
					"name": "segment 1",
					"from": [ -2.2, 0.7, -4.2 ],
					"to": [ -1.2, 1.7, -2.7 ],
					"rotationOrigin": [ -1.2, 0.7, -1.2 ],
					"rotationX": -180.0,
					"faces": {
						"north": { "texture": "#material", "uv": [ 1.0, 5.0, 2.0, 6.0 ] },
						"east": { "texture": "#material", "uv": [ 2.0, 5.0, 3.5, 6.0 ] },
						"south": { "texture": "#material", "uv": [ 2.0, 7.0, 3.0, 8.0 ] },
						"west": { "texture": "#material", "uv": [ 2.0, 6.0, 3.5, 7.0 ] },
						"up": { "texture": "#material", "uv": [ 7.0, 3.5, 8.0, 5.0 ] },
						"down": { "texture": "#material", "uv": [ 3.0, 3.0, 4.0, 4.5 ] }
					},
					"children": [
						{
							"name": "segment 2",
							"from": [ 0.2, -0.2, -1.9 ],
							"to": [ 0.8, 1.2, 0.1 ],
							"rotationOrigin": [ 0.7, 0.3, 0.1 ],
							"rotationX": -1.0,
							"rotationY": 10.0,
							"faces": {
								"north": { "texture": "#material", "uv": [ 0.0, 0.0, 0.5, 1.0 ] },
								"east": { "texture": "#material", "uv": [ 0.0, 0.0, 2.0, 1.0 ] },
								"south": { "texture": "#material", "uv": [ 0.0, 0.0, 0.5, 1.0 ] },
								"west": { "texture": "#material", "uv": [ 0.0, 0.0, 2.0, 1.0 ] },
								"up": { "texture": "#material", "uv": [ 0.0, 0.0, 0.5, 2.0 ] },
								"down": { "texture": "#material", "uv": [ 0.0, 0.0, 0.5, 2.0 ] }
							}
						},
						{
							"name": "segment 2 tip",
							"from": [ -0.3, -0.44, -3.3 ],
							"to": [ 0.2, 1.36, -1.8 ],
							"rotationOrigin": [ 0.2, 0.1, -2.3 ],
							"rotationY": 30.0,
							"faces": {
								"north": { "texture": "#material", "uv": [ 0.0, 0.0, 0.5, 1.5 ] },
								"east": { "texture": "#material", "uv": [ 0.0, 0.0, 1.5, 1.5 ] },
								"south": { "texture": "#material", "uv": [ 0.0, 0.0, 0.5, 1.5 ] },
								"west": { "texture": "#material", "uv": [ 0.0, 0.0, 1.5, 1.5 ] },
								"up": { "texture": "#material", "uv": [ 0.0, 0.0, 0.5, 1.5 ] },
								"down": { "texture": "#material", "uv": [ 0.0, 0.0, 0.5, 1.5 ] }
							}
						}
					]
				}
			]
		}
	]}