{
	"editor": {
		"allAngles": false,
		"entityTextureMode": false
	},
	"textureWidth": 16,
	"textureHeight": 16,
	"textureSizes": {
	},
	"textures": {
	},
	"elements": [
		{
			"name": "origin",
			"from": [ 24.0, 0.5, 8.0 ],
			"to": [ 24.0, 0.5, 8.0 ],
			"rotationOrigin": [ 8.0, 0.0, 8.0 ],
			"faces": {
			},
			"children": [
				{
					"name": "handle 1",
					"from": [ -21.0, -0.5, -0.5 ],
					"to": [ -5.0, 1.0, 1.0 ],
					"rotationOrigin": [ -20.5, 0.0, 0.0 ],
					"faces": {
						"north": { "texture": "#handle", "uv": [ 0.0, 5.5, 16.0, 7.0 ] },
						"east": { "texture": "#handle", "uv": [ 0.5, 0.5, 2.0, 2.0 ] },
						"south": { "texture": "#handle", "uv": [ 0.0, 10.5, 16.0, 12.0 ] },
						"up": { "texture": "#handle", "uv": [ 0.0, 4.5, 16.0, 6.0 ] },
						"down": { "texture": "#handle", "uv": [ 0.0, 5.0, 16.0, 6.5 ] }
					},
					"children": [
						{
							"name": "handle 2",
							"from": [ -10.0, 0.0, 0.0 ],
							"to": [ 0.0, 1.5, 1.5 ],
							"rotationOrigin": [ -9.5, 0.5, 0.5 ],
							"faces": {
								"north": { "texture": "#handle", "uv": [ 1.0, 8.5, 11.0, 10.0 ] },
								"south": { "texture": "#handle", "uv": [ 1.5, 3.5, 11.5, 5.0 ] },
								"west": { "texture": "#handle", "uv": [ 11.0, 10.0, 12.5, 11.5 ] },
								"up": { "texture": "#handle", "uv": [ 4.0, 2.5, 14.0, 4.0 ] },
								"down": { "texture": "#handle", "uv": [ 1.5, 5.0, 11.5, 6.5 ] }
							}
						},
						{
							"name": "handle 17",
							"from": [ -11.0, 0.0, -1.5 ],
							"to": [ -10.0, 1.5, 3.0 ],
							"rotationOrigin": [ -10.5, 0.4, -1.0 ],
							"faces": {
								"north": { "texture": "#handle", "uv": [ 1.0, 8.5, 2.0, 10.0 ] },
								"east": { "texture": "#handle", "uv": [ 3.5, 4.5, 8.0, 6.0 ] },
								"south": { "texture": "#handle", "uv": [ 3.0, 5.0, 4.0, 6.5 ] },
								"west": { "texture": "#handle", "uv": [ 5.5, 2.5, 10.0, 4.0 ] },
								"up": { "texture": "#handle", "uv": [ 7.0, 4.5, 11.5, 5.5 ], "rotation": 90 },
								"down": { "texture": "#handle", "uv": [ 8.0, 5.0, 12.5, 6.0 ], "rotation": 90 }
							}
						}
					]
				},
				{
					"name": "holder",
					"from": [ -5.0, -0.6, -0.6 ],
					"to": [ -1.0, 1.1, 1.1 ],
					"rotationOrigin": [ -5.0, -0.6, -0.6 ],
					"faces": {
						"north": { "texture": "#metaltwo", "uv": [ 7.0, 3.0, 10.0, 4.5 ] },
						"east": { "texture": "#metaltwo", "uv": [ 1.0, 2.0, 2.5, 3.5 ] },
						"south": { "texture": "#metaltwo", "uv": [ 6.0, 4.0, 9.0, 5.5 ] },
						"west": { "texture": "#metaltwo", "uv": [ 6.0, 2.0, 7.5, 3.5 ] },
						"up": { "texture": "#metaltwo", "uv": [ 11.0, 3.5, 12.5, 7.5 ], "rotation": 90 },
						"down": { "texture": "#metaltwo", "uv": [ 4.0, 3.0, 7.0, 4.5 ] }
					},
					"children": [
						{
							"name": "Blade",
							"from": [ 1.0, 0.3, -2.05 ],
							"to": [ 7.5, 0.8, 0.95 ],
							"rotationOrigin": [ 2.5, 0.3, 0.9 ],
							"rotationX": 5.0,
							"faces": {
								"north": { "texture": "#metal", "uv": [ 7.0, 3.0, 13.5, 3.5 ] },
								"east": { "texture": "#metal", "uv": [ 8.5, 3.5, 11.5, 4.0 ] },
								"south": { "texture": "#metal", "uv": [ 5.0, 6.0, 11.5, 6.5 ] },
								"west": { "texture": "#metal", "uv": [ 2.0, 6.0, 5.0, 6.5 ] },
								"up": { "texture": "#metal", "uv": [ 0.5, 5.5, 7.0, 8.5 ], "rotation": 180 },
								"down": { "texture": "#metal", "uv": [ 4.5, 8.5, 11.0, 11.5 ] }
							},
							"children": [
								{
									"name": "outerblade2",
									"from": [ 0.0, 0.0, -0.7 ],
									"to": [ 0.5, 0.7, 2.3 ],
									"rotationOrigin": [ 0.0, 0.0, 1.3 ],
									"rotationZ": -1.0,
									"faces": {
										"north": { "texture": "#metaltwo", "uv": [ 1.0, 5.0, 1.5, 5.5 ] },
										"east": { "texture": "#metaltwo", "uv": [ 4.0, 3.5, 7.0, 4.0 ] },
										"south": { "texture": "#metaltwo", "uv": [ 2.0, 7.0, 2.5, 7.5 ] },
										"west": { "texture": "#metaltwo", "uv": [ 2.0, 6.0, 5.0, 6.5 ] },
										"up": { "texture": "#metaltwo", "uv": [ 2.5, 7.0, 5.5, 7.5 ], "rotation": 90 },
										"down": { "texture": "#metaltwo", "uv": [ 3.0, 3.0, 3.5, 6.0 ] }
									}
								},
								{
									"name": "outerblade4",
									"from": [ 2.5, 0.0, -2.0 ],
									"to": [ 3.0, 0.7, 4.0 ],
									"rotationOrigin": [ 2.5, 0.0, 0.0 ],
									"rotationY": 90.0,
									"rotationZ": -1.0,
									"faces": {
										"north": { "texture": "#metaltwo", "uv": [ 1.0, 5.0, 1.5, 5.5 ] },
										"east": { "texture": "#metaltwo", "uv": [ 4.0, 3.5, 10.0, 4.0 ] },
										"south": { "texture": "#metaltwo", "uv": [ 2.0, 7.0, 2.5, 7.5 ] },
										"west": { "texture": "#metaltwo", "uv": [ 2.0, 6.0, 8.0, 6.5 ] },
										"up": { "texture": "#metaltwo", "uv": [ 2.5, 7.0, 8.5, 7.5 ], "rotation": 90 },
										"down": { "texture": "#metaltwo", "uv": [ 3.0, 3.0, 3.5, 9.0 ] }
									}
								}
							]
						},
						{
							"name": "tang",
							"from": [ -4.0, 0.0, 0.6 ],
							"to": [ 0.0, 1.7, 1.1 ],
							"rotationOrigin": [ -2.5, 0.0, 3.2 ],
							"faces": {
								"north": { "texture": "#metalthree", "uv": [ 1.0, 5.0, 5.0, 6.5 ] },
								"east": { "texture": "#metalthree", "uv": [ 2.0, 5.0, 2.5, 6.5 ] },
								"south": { "texture": "#metalthree", "uv": [ 2.0, 7.0, 6.0, 8.5 ] },
								"west": { "texture": "#metalthree", "uv": [ 2.0, 6.0, 2.5, 7.5 ] },
								"up": { "texture": "#metalthree", "uv": [ 4.0, 9.5, 4.5, 13.5 ], "rotation": 90 },
								"down": { "texture": "#metalthree", "uv": [ 3.0, 3.0, 7.0, 3.5 ] }
							}
						},
						{
							"name": "Blade12",
							"from": [ 1.0, 0.3, 0.95 ],
							"to": [ 7.5, 0.8, 3.95 ],
							"rotationOrigin": [ 2.5, 0.3, 1.0 ],
							"rotationX": -5.0,
							"faces": {
								"north": { "texture": "#metal", "uv": [ 1.0, 5.0, 7.5, 5.5 ] },
								"east": { "texture": "#metal", "uv": [ 7.0, 5.0, 10.0, 5.5 ] },
								"south": { "texture": "#metal", "uv": [ 6.0, 3.5, 12.5, 4.0 ] },
								"west": { "texture": "#metal", "uv": [ 2.0, 6.0, 5.0, 6.5 ] },
								"up": { "texture": "#metal", "uv": [ 4.0, 1.0, 10.5, 4.0 ] },
								"down": { "texture": "#metal", "uv": [ 3.0, 7.0, 9.5, 10.0 ] }
							},
							"children": [
								{
									"name": "outerblade1",
									"from": [ 0.0, 0.0, 0.7 ],
									"to": [ 0.5, 0.7, 3.7 ],
									"rotationOrigin": [ 0.5, 0.0021, 0.7 ],
									"rotationZ": 1.0,
									"faces": {
										"north": { "texture": "#metaltwo", "uv": [ 1.0, 5.0, 1.5, 5.5 ] },
										"east": { "texture": "#metaltwo", "uv": [ 9.0, 3.5, 12.0, 4.0 ] },
										"south": { "texture": "#metaltwo", "uv": [ 2.0, 7.0, 2.5, 7.5 ] },
										"west": { "texture": "#metaltwo", "uv": [ 2.0, 6.0, 5.0, 6.5 ] },
										"up": { "texture": "#metaltwo", "uv": [ 2.0, 9.5, 5.0, 10.0 ], "rotation": 90 },
										"down": { "texture": "#metaltwo", "uv": [ 3.0, 3.0, 3.5, 6.0 ] }
									}
								},
								{
									"name": "outerblade3",
									"from": [ 0.0, 0.0, 3.0 ],
									"to": [ 0.5, 0.7, 9.0 ],
									"rotationOrigin": [ 0.5, 0.0021, 3.0 ],
									"rotationY": 90.0,
									"rotationZ": 1.0,
									"faces": {
										"north": { "texture": "#metaltwo", "uv": [ 1.0, 5.0, 1.5, 5.5 ] },
										"east": { "texture": "#metaltwo", "uv": [ 9.0, 3.5, 15.0, 4.0 ] },
										"south": { "texture": "#metaltwo", "uv": [ 2.0, 7.0, 2.5, 7.5 ] },
										"west": { "texture": "#metaltwo", "uv": [ 2.0, 6.0, 8.0, 6.5 ] },
										"up": { "texture": "#metaltwo", "uv": [ 2.0, 9.5, 8.0, 10.0 ], "rotation": 90 },
										"down": { "texture": "#metaltwo", "uv": [ 3.0, 3.0, 3.5, 9.0 ] }
									}
								}
							]
						}
					]
				}
			]
		}
	]}