{
	"editor": {
		"collapsedPaths": ",Root/handle/haft2,Root/origin,Root/handle/haft",
		"allAngles": false,
		"entityTextureMode": false
	},
	"textureWidth": 16,
	"textureHeight": 16,
	"textureSizes": {
		"metal": [16,16],
		"wood": [16,16],
		"handle": [16,16]
	},
	"textures": {
	},
	"elements": [
		{
			"name": "handle",
			"from": [ -21.0, -0.5, 7.38 ],
			"to": [ 6.0, 0.5, 8.63 ],
			"rotationOrigin": [ -20.5, -8.8, 8.0 ],
			"faces": {
				"north": { "texture": "#handle", "uv": [ 0.0, 0.0, 27.0, 1.0 ] },
				"south": { "texture": "#handle", "uv": [ 0.0, 0.0, 27.0, 1.0 ] },
				"west": { "texture": "#handle", "uv": [ 3.0, 0.0, 4.0, 1.0 ] },
				"up": { "texture": "#handle", "uv": [ 0.0, 0.0, 27.0, 1.0 ] },
				"down": { "texture": "#handle", "uv": [ 2.5, 0.0, 29.5, 1.0 ] }
			}
		},
		{
			"name": "FeatherHorizontal",
			"from": [ 3.3, -2.0, 7.7 ],
			"to": [ 6.8, 2.0, 7.7 ],
			"shade": false,
			"rotationOrigin": [ 8.8, -0.2, 7.8 ],
			"rotationX": 90.0,
			"rotationY": -1.0,
			"faces": {
				"south": { "texture": "#feather1", "uv": [ 6.0, 10.0, 10.0, 13.5 ], "rotation": 270 }
			}
		},
		{
			"name": "haft",
			"from": [ 5.8, -0.75, 6.83 ],
			"to": [ 15.6, 0.75, 9.13 ],
			"rotationOrigin": [ 4.8, -1.1, 6.68 ],
			"rotationY": 1.0,
			"faces": {
				"north": { "texture": "#haft", "uv": [ 1.5, 2.0, 13.0, 5.5 ], "autoUv": false },
				"east": { "texture": "#haft", "uv": [ 3.5, 0.5, 5.5, 2.0 ], "windMode": [-1,-1,-1,-1] },
				"south": { "texture": "#haft", "uv": [ 2.5, 2.0, 14.0, 5.5 ], "autoUv": false },
				"west": { "texture": "#haft", "uv": [ 5.0, 1.5, 7.0, 3.0 ] },
				"up": { "texture": "#haft", "uv": [ 1.0, 1.0, 12.5, 5.0 ], "autoUv": false },
				"down": { "texture": "#haft", "uv": [ 1.0, 0.5, 12.5, 4.5 ], "autoUv": false }
			},
			"children": [
				{
					"name": "blade8",
					"from": [ 5.3, 0.5, -0.32 ],
					"to": [ 9.55, 1.125, 0.93 ],
					"rotationOrigin": [ 5.8, -7.125, 0.3 ],
					"faces": {
						"north": { "texture": "#material", "uv": [ 0.0, 5.0, 4.0, 5.5 ] },
						"east": { "texture": "#material", "uv": [ 3.0, 0.0, 4.0, 0.5 ], "windMode": [-1,-1,-1,-1] },
						"south": { "texture": "#material", "uv": [ 0.0, 3.5, 4.0, 4.0 ], "windMode": [-1,-1,-1,-1] },
						"west": { "texture": "#material", "uv": [ 3.0, 0.0, 4.0, 0.5 ], "windMode": [-1,-1,-1,-1] },
						"up": { "texture": "#material", "uv": [ 0.0, 4.5, 4.0, 5.5 ], "windMode": [-1,-1,-1,-1] },
						"down": { "texture": "#material", "uv": [ 0.0, 5.0, 4.0, 6.0 ], "windMode": [-1,-1,-1,-1] }
					}
				},
				{
					"name": "blade10",
					"from": [ 1.0, 0.5, -0.32 ],
					"to": [ 5.25, 1.125, 0.93 ],
					"rotationOrigin": [ 1.5, -7.125, 0.3 ],
					"faces": {
						"north": { "texture": "#material", "uv": [ 0.0, 5.0, 4.0, 5.5 ], "windMode": [-1,-1,-1,-1] },
						"east": { "texture": "#material", "uv": [ 3.0, 0.0, 4.0, 0.5 ], "windMode": [-1,-1,-1,-1] },
						"south": { "texture": "#material", "uv": [ 0.0, 3.5, 4.0, 4.0 ], "windMode": [-1,-1,-1,-1] },
						"west": { "texture": "#material", "uv": [ 3.0, 0.0, 4.0, 0.5 ], "windMode": [-1,-1,-1,-1] },
						"up": { "texture": "#material", "uv": [ 0.0, 4.5, 4.0, 5.5 ], "windMode": [-1,-1,-1,-1] },
						"down": { "texture": "#material", "uv": [ 0.0, 5.0, 4.0, 6.0 ], "windMode": [-1,-1,-1,-1] }
					}
				}
			]
		},
		{
			"name": "haft2",
			"from": [ 5.8, -0.7, 6.83 ],
			"to": [ 15.65, 0.7, 9.13 ],
			"rotationOrigin": [ 5.8, -1.1, 6.68 ],
			"rotationY": -1.0,
			"faces": {
				"north": { "texture": "#haft", "uv": [ 0.0, 1.5, 9.5, 2.5 ] },
				"east": { "texture": "#haft", "uv": [ 6.0, 0.5, 8.0, 1.5 ], "windMode": [-1,-1,-1,-1] },
				"south": { "texture": "#haft", "uv": [ 0.5, 1.5, 10.0, 2.5 ] },
				"west": { "texture": "#haft", "uv": [ 2.5, 1.5, 4.5, 2.5 ] },
				"up": { "texture": "#haft", "uv": [ 1.5, 0.0, 11.0, 2.0 ] },
				"down": { "texture": "#haft", "uv": [ 3.0, 6.5, 12.5, 8.5 ] }
			},
			"children": [
				{
					"name": "blade11",
					"from": [ 1.0, 0.5, 1.38 ],
					"to": [ 5.25, 1.125, 2.63 ],
					"rotationOrigin": [ 1.5, -7.125, 2.0 ],
					"faces": {
						"north": { "texture": "#material", "uv": [ 0.0, 5.0, 4.0, 5.5 ] },
						"east": { "texture": "#material", "uv": [ 3.0, 0.0, 4.0, 0.5 ], "windMode": [-1,-1,-1,-1] },
						"south": { "texture": "#material", "uv": [ 0.0, 3.5, 4.0, 4.0 ], "windMode": [-1,-1,-1,-1] },
						"west": { "texture": "#material", "uv": [ 3.0, 0.0, 4.0, 0.5 ], "windMode": [-1,-1,-1,-1] },
						"up": { "texture": "#material", "uv": [ 0.0, 4.5, 4.0, 5.5 ], "windMode": [-1,-1,-1,-1] },
						"down": { "texture": "#material", "uv": [ 0.0, 5.0, 4.0, 6.0 ], "windMode": [-1,-1,-1,-1] }
					}
				},
				{
					"name": "blade13",
					"from": [ 5.3, 0.5, 1.38 ],
					"to": [ 9.55, 1.125, 2.63 ],
					"rotationOrigin": [ 5.8, -7.125, 1.0 ],
					"faces": {
						"north": { "texture": "#material", "uv": [ 0.0, 5.0, 4.0, 5.5 ] },
						"east": { "texture": "#material", "uv": [ 3.0, 0.0, 4.0, 0.5 ], "windMode": [-1,-1,-1,-1] },
						"south": { "texture": "#material", "uv": [ 0.0, 3.5, 4.0, 4.0 ], "windMode": [-1,-1,-1,-1] },
						"west": { "texture": "#material", "uv": [ 3.0, 0.0, 4.0, 0.5 ], "windMode": [-1,-1,-1,-1] },
						"up": { "texture": "#material", "uv": [ 0.0, 4.5, 4.0, 5.5 ], "windMode": [-1,-1,-1,-1] },
						"down": { "texture": "#material", "uv": [ 0.0, 5.0, 4.0, 6.0 ], "windMode": [-1,-1,-1,-1] }
					}
				}
			]
		},
		{
			"name": "haft3",
			"from": [ 5.6, -0.8, 6.73 ],
			"to": [ 6.6, 0.8, 9.23 ],
			"rotationOrigin": [ 5.6, -1.2, 6.58 ],
			"faces": {
				"north": { "texture": "#ebony", "uv": [ 0.0, 1.5, 1.0, 3.0 ] },
				"east": { "texture": "#ebony", "uv": [ 6.0, 0.5, 8.5, 2.0 ], "windMode": [-1,-1,-1,-1] },
				"south": { "texture": "#ebony", "uv": [ 0.5, 1.5, 1.5, 3.0 ] },
				"west": { "texture": "#ebony", "uv": [ 2.5, 1.5, 5.0, 3.0 ] },
				"up": { "texture": "#ebony", "uv": [ 1.5, 0.0, 2.5, 2.5 ] },
				"down": { "texture": "#ebony", "uv": [ 3.0, 6.5, 4.0, 9.0 ] }
			}
		},
		{
			"name": "pommel",
			"from": [ -21.7, -0.6, 7.3 ],
			"to": [ -19.7, 0.6, 9.3 ],
			"rotationOrigin": [ -21.2, -8.9, 8.4 ],
			"rotationY": 45.0,
			"faces": {
				"north": { "texture": "#pommel", "uv": [ 0.0, 0.0, 2.0, 1.0 ] },
				"east": { "texture": "#pommel", "uv": [ 0.0, 0.0, 2.0, 1.0 ], "windMode": [-1,-1,-1,-1] },
				"south": { "texture": "#pommel", "uv": [ 0.0, 0.0, 2.0, 1.0 ] },
				"west": { "texture": "#pommel", "uv": [ 3.0, 0.0, 5.0, 1.0 ] },
				"up": { "texture": "#pommel", "uv": [ 0.0, 0.0, 2.0, 2.0 ] },
				"down": { "texture": "#pommel", "uv": [ 2.5, 0.0, 4.5, 2.0 ] }
			}
		}
	]}