{
	"editor": {
		"collapsedPaths": "Root/origin/handle/collar/shaft/head,Root/origin/handle/spike4",
		"allAngles": false,
		"entityTextureMode": false
	},
	"textureWidth": 16,
	"textureHeight": 16,
	"textureSizes": {
	},
	"textures": {
	},
	"elements": [
		{
			"name": "Head",
			"from": [ 14.0, -0.5, 5.5 ],
			"to": [ 17.0, 2.5, 10.5 ],
			"rotationOrigin": [ 2.0, -7.5, -0.5 ],
			"faces": {
				"north": { "texture": "#metal", "uv": [ 1.0, 5.0, 4.0, 8.0 ] },
				"east": { "texture": "#metal", "uv": [ 2.0, 1.0, 7.0, 4.0 ] },
				"south": { "texture": "#metal", "uv": [ 2.0, 3.0, 5.0, 6.0 ] },
				"west": { "texture": "#metal", "uv": [ 1.0, 5.0, 6.0, 8.0 ] },
				"up": { "texture": "#metal", "uv": [ 5.0, 2.0, 8.0, 7.0 ] },
				"down": { "texture": "#metal", "uv": [ 1.0, 3.0, 4.0, 8.0 ] }
			}
		},
		{
			"name": "handle",
			"from": [ 1.1, 0.5, 7.5 ],
			"to": [ 17.1, 1.5, 8.5 ],
			"rotationOrigin": [ -2.4, -7.0, 8.0 ],
			"faces": {
				"north": { "texture": "#handle", "uv": [ 2.0, 3.0, 18.0, 4.0 ] },
				"east": { "texture": "#handle", "uv": [ 3.0, 0.0, 4.0, 1.0 ] },
				"south": { "texture": "#handle", "uv": [ 1.0, 5.5, 17.0, 6.5 ] },
				"west": { "texture": "#handle", "uv": [ 4.0, 0.0, 5.0, 1.0 ] },
				"up": { "texture": "#handle", "uv": [ 5.0, 2.0, 21.0, 3.0 ] },
				"down": { "texture": "#handle", "uv": [ 0.0, 5.0, 16.0, 6.0 ] }
			}
		},
		{
			"name": "pinwedge",
			"from": [ 16.91, 0.6, 7.95 ],
			"to": [ 17.11, 1.4, 8.05 ],
			"rotationOrigin": [ 4.9, -6.4, 1.9 ],
			"faces": {
				"north": { "texture": "#metaltwo", "uv": [ 1.0, 5.0, 1.5, 5.5 ] },
				"east": { "texture": "#metaltwo", "uv": [ 2.0, 1.0, 2.5, 1.5 ] },
				"south": { "texture": "#metaltwo", "uv": [ 2.0, 3.0, 2.5, 3.5 ] },
				"west": { "texture": "#metaltwo", "uv": [ 1.0, 5.0, 1.5, 5.5 ] },
				"up": { "texture": "#metaltwo", "uv": [ 5.0, 2.0, 5.5, 2.5 ] },
				"down": { "texture": "#metaltwo", "uv": [ 1.0, 3.0, 1.5, 3.5 ] }
			}
		},
		{
			"name": "handle2",
			"from": [ -8.9, 0.5, 7.5 ],
			"to": [ 1.1, 1.5, 8.5 ],
			"rotationOrigin": [ -12.4, -7.0, 8.0 ],
			"faces": {
				"north": { "texture": "#handle", "uv": [ 2.0, 3.0, 12.0, 4.0 ] },
				"east": { "texture": "#handle", "uv": [ 3.0, 0.0, 4.0, 1.0 ] },
				"south": { "texture": "#handle", "uv": [ 1.0, 5.5, 11.0, 6.5 ] },
				"west": { "texture": "#handle", "uv": [ 4.0, 0.0, 5.0, 1.0 ] },
				"up": { "texture": "#handle", "uv": [ 5.0, 2.0, 15.0, 3.0 ] },
				"down": { "texture": "#handle", "uv": [ 0.0, 5.0, 10.0, 6.0 ] }
			}
		}
	]}