{
	"editor": {
		"collapsedPaths": "Root/_origin61,Root/_origin",
		"allAngles": false,
		"entityTextureMode": false
	},
	"textureWidth": 16,
	"textureHeight": 16,
	"textureSizes": {
	},
	"textures": {
	},
	"elements": [
		{
			"name": "_mainorigin",
			"from": [ 8.0, 1.0, 8.0 ],
			"to": [ 8.0, 1.0, 8.0 ],
			"rotationOrigin": [ 8.0, 3.8, 8.0 ],
			"faces": {
				"north": { "texture": "#default", "uv": [ 0.0, 0.0, 0.5, 0.5 ] },
				"east": { "texture": "#default", "uv": [ 0.0, 0.0, 0.5, 0.5 ] },
				"south": { "texture": "#default", "uv": [ 0.0, 0.0, 0.5, 0.5 ] },
				"west": { "texture": "#default", "uv": [ 0.0, 0.0, 0.5, 0.5 ] },
				"up": { "texture": "#default", "uv": [ 0.0, 0.0, 0.5, 0.5 ] },
				"down": { "texture": "#default", "uv": [ 0.0, 0.0, 0.5, 0.5 ] }
			},
			"children": [
				{
					"name": "_origin",
					"from": [ 0.0, 0.0, 0.0 ],
					"to": [ 0.0, 0.0, 0.0 ],
					"faces": {
						"north": { "texture": "#default", "uv": [ 0.0, 0.0, 0.5, 0.5 ], "autoUv": false },
						"east": { "texture": "#default", "uv": [ 0.0, 0.0, 0.5, 0.5 ], "autoUv": false },
						"south": { "texture": "#default", "uv": [ 0.0, 0.0, 0.5, 0.5 ], "autoUv": false },
						"west": { "texture": "#default", "uv": [ 0.0, 0.0, 0.5, 0.5 ], "autoUv": false },
						"up": { "texture": "#default", "uv": [ 0.0, 0.0, 0.5, 0.5 ], "autoUv": false },
						"down": { "texture": "#default", "uv": [ 0.0, 0.0, 0.5, 0.5 ], "autoUv": false }
					},
					"children": [
						{
							"name": "_prism",
							"from": [ -1.2, 3.3, 7.0 ],
							"to": [ -1.2, 3.3, 7.0 ],
							"rotationOrigin": [ -1.2, 3.5, 6.0 ],
							"rotationX": -90.0,
							"faces": {
								"north": { "texture": "#default", "uv": [ 0.0, 13.0, 0.5, 13.5 ], "autoUv": false },
								"east": { "texture": "#default", "uv": [ 1.5, 3.0, 2.0, 3.5 ], "autoUv": false },
								"south": { "texture": "#default", "uv": [ 5.5, 7.0, 6.0, 7.5 ], "autoUv": false },
								"west": { "texture": "#default", "uv": [ 5.5, 6.5, 6.0, 7.0 ], "autoUv": false },
								"up": { "texture": "#default", "uv": [ 11.0, 1.5, 11.5, 2.0 ], "autoUv": false },
								"down": { "texture": "#default", "uv": [ 1.0, 0.0, 1.5, 0.5 ], "autoUv": false }
							},
							"children": [
								{
									"name": "_mainbody-capfront",
									"from": [ 0.0, 0.0, 0.0 ],
									"to": [ 0.0, 0.0, 0.0 ],
									"faces": {
										"north": { "texture": "#default", "uv": [ 0.0, 0.0, 0.5, 0.5 ], "autoUv": false },
										"east": { "texture": "#default", "uv": [ 0.0, 0.0, 0.5, 0.5 ], "autoUv": false },
										"south": { "texture": "#default", "uv": [ 0.0, 0.0, 0.5, 0.5 ], "autoUv": false },
										"west": { "texture": "#default", "uv": [ 0.0, 0.0, 0.5, 0.5 ], "autoUv": false },
										"up": { "texture": "#default", "uv": [ 0.0, 0.0, 0.5, 0.5 ], "autoUv": false },
										"down": { "texture": "#default", "uv": [ 0.0, 0.0, 0.5, 0.5 ], "autoUv": false }
									},
									"children": [
										{
											"name": "mainbody-capfront-1-4",
											"from": [ -0.15, 4.96, -5.6892 ],
											"to": [ 0.0, 7.36, -4.4892 ],
											"rotationOrigin": [ 0.0, 4.9606, -4.4892 ],
											"rotationX": -180.0,
											"rotationY": 60.0,
											"rotationZ": 180.0,
											"faces": {
												"east": { "texture": "#material", "uv": [ 0.0, 0.0, 0.5, 1.0 ], "glow": 50, "autoUv": false },
												"up": { "texture": "#material", "uv": [ 0.0, 0.0, 0.5, 0.5 ], "glow": 50, "autoUv": false },
												"down": { "texture": "#material", "uv": [ 0.0, 0.0, 0.5, 0.5 ], "glow": 50, "autoUv": false }
											}
										},
										{
											"name": "mainbody-capfront-1-2",
											"from": [ 2.4, 4.96, -5.6892 ],
											"to": [ 2.55, 7.36, -4.4892 ],
											"rotationOrigin": [ 2.4, 4.9606, -4.4892 ],
											"rotationX": -180.0,
											"rotationY": -60.0,
											"rotationZ": 180.0,
											"faces": {
												"west": { "texture": "#material", "uv": [ 0.0, 0.0, 0.5, 1.0 ], "glow": 50, "autoUv": false },
												"up": { "texture": "#material", "uv": [ 0.0, 0.0, 0.5, 0.5 ], "glow": 50, "autoUv": false },
												"down": { "texture": "#material", "uv": [ 0.0, 0.0, 0.5, 0.5 ], "glow": 50, "autoUv": false }
											}
										},
										{
											"name": "mainbody-capfront-1-3",
											"from": [ 3.4392, 4.96, -5.0892 ],
											"to": [ 3.5892, 7.36, -3.8892 ],
											"rotationOrigin": [ 3.4392, 4.9606, -3.8892 ],
											"rotationX": -180.0,
											"rotationY": -30.0,
											"rotationZ": 180.0,
											"faces": {
												"west": { "texture": "#material", "uv": [ 0.0, 0.0, 0.5, 1.0 ], "glow": 50, "autoUv": false },
												"up": { "texture": "#material", "uv": [ 0.0, 0.0, 0.5, 0.5 ], "glow": 50, "autoUv": false },
												"down": { "texture": "#material", "uv": [ 0.0, 0.0, 0.5, 0.5 ], "glow": 50, "autoUv": false }
											},
											"children": [
												{
													"name": "mainbody-capfront-1-50",
													"from": [ 0.0, 0.0, -2.4 ],
													"to": [ 0.15, 2.4, 0.0 ],
													"rotationOrigin": [ 0.0, 6.0E-4, 0.0 ],
													"rotationY": -30.0,
													"faces": {
														"west": { "texture": "#material", "uv": [ 0.0, 0.0, 1.0, 1.0 ], "glow": 50, "autoUv": false },
														"up": { "texture": "#material", "uv": [ 0.0, 0.0, 0.5, 1.0 ], "glow": 50, "autoUv": false },
														"down": { "texture": "#material", "uv": [ 0.0, 0.0, 0.5, 1.0 ], "glow": 50, "autoUv": false }
													}
												}
											]
										},
										{
											"name": "mainbody-capfront-1-5",
											"from": [ -1.1892, 4.96, -5.0892 ],
											"to": [ -1.0392, 7.36, -3.8892 ],
											"rotationOrigin": [ -1.0392, 4.9606, -3.8892 ],
											"rotationX": -180.0,
											"rotationY": 30.0,
											"rotationZ": 180.0,
											"faces": {
												"east": { "texture": "#material", "uv": [ 0.0, 0.0, 0.5, 1.0 ], "glow": 50, "autoUv": false },
												"up": { "texture": "#material", "uv": [ 0.0, 0.0, 0.5, 0.5 ], "glow": 50, "autoUv": false },
												"down": { "texture": "#material", "uv": [ 0.0, 0.0, 0.5, 0.5 ], "glow": 50, "autoUv": false }
											},
											"children": [
												{
													"name": "mainbody-capfront-1-49",
													"from": [ 0.0, 0.0, -2.4 ],
													"to": [ 0.15, 2.4, 0.0 ],
													"rotationOrigin": [ 0.15, 6.0E-4, 0.0 ],
													"rotationY": 30.0,
													"faces": {
														"east": { "texture": "#material", "uv": [ 0.0, 0.0, 1.0, 1.0 ], "glow": 50, "autoUv": false },
														"up": { "texture": "#material", "uv": [ 0.0, 0.0, 0.5, 1.0 ], "glow": 50, "autoUv": false },
														"down": { "texture": "#material", "uv": [ 0.0, 0.0, 0.5, 1.0 ], "glow": 50, "autoUv": false }
													}
												}
											]
										},
										{
											"name": "mainbody-capfront-2-1",
											"from": [ -1.1868, 7.1998, -5.684 ],
											"to": [ 0.0132, 7.3498, -4.484 ],
											"rotationOrigin": [ 0.0132, 7.3498, -4.4646 ],
											"rotationX": -165.048,
											"rotationY": 60.054,
											"rotationZ": 107.071,
											"faces": {
												"north": { "texture": "#material", "uv": [ 0.0, 0.0, 0.5, 0.5 ], "glow": 50, "autoUv": false },
												"west": { "texture": "#material", "uv": [ 0.0, 0.0, 0.5, 0.5 ], "glow": 50, "autoUv": false },
												"up": { "texture": "#material", "uv": [ 0.0, 0.0, 0.5, 0.5 ], "glow": 50, "autoUv": false }
											}
										},
										{
											"name": "mainbody-capfront-2-3",
											"from": [ -1.9382, 7.719, -2.8132 ],
											"to": [ -0.7382, 7.869, -1.6132 ],
											"rotationOrigin": [ -1.3382, 7.869, -2.8132 ],
											"rotationX": 163.888,
											"rotationY": 25.513,
											"rotationZ": 123.8,
											"faces": {
												"east": { "texture": "#material", "uv": [ 0.0, 0.0, 0.5, 0.5 ], "glow": 50, "autoUv": false },
												"south": { "texture": "#material", "uv": [ 0.0, 0.0, 0.5, 0.5 ], "glow": 50, "autoUv": false },
												"west": { "texture": "#material", "uv": [ 0.0, 0.0, 0.5, 0.5 ], "glow": 50, "autoUv": false },
												"up": { "texture": "#material", "uv": [ 0.0, 0.0, 0.5, 0.5 ], "glow": 50, "autoUv": false }
											}
										},
										{
											"name": "mainbody-capfront-2-2",
											"from": [ -1.1166, 8.5366, -2.8142 ],
											"to": [ 0.0834, 8.6866, -1.6142 ],
											"rotationOrigin": [ -0.5166, 8.6866, -2.8142 ],
											"rotationX": 153.454,
											"rotationY": 14.316,
											"rotationZ": 153.509,
											"faces": {
												"east": { "texture": "#material", "uv": [ 0.0, 0.0, 0.5, 0.5 ], "glow": 50, "autoUv": false },
												"south": { "texture": "#material", "uv": [ 0.0, 0.0, 0.5, 0.5 ], "glow": 50, "autoUv": false },
												"west": { "texture": "#material", "uv": [ 0.0, 0.0, 0.5, 0.5 ], "glow": 50, "autoUv": false },
												"up": { "texture": "#material", "uv": [ 0.0, 0.0, 0.5, 0.5 ], "glow": 50, "autoUv": false }
											}
										},
										{
											"name": "mainbody-capfront-5-1",
											"from": [ 1.2, 7.194, -5.684 ],
											"to": [ 2.4, 7.344, -4.484 ],
											"rotationOrigin": [ 2.4, 7.344, -4.4646 ],
											"rotationX": 119.1,
											"rotationY": 7.4,
											"rotationZ": -149.9,
											"faces": {
												"north": { "texture": "#material", "uv": [ 0.0, 0.0, 0.5, 0.5 ], "glow": 50, "autoUv": false },
												"west": { "texture": "#material", "uv": [ 0.0, 0.0, 0.5, 0.5 ], "glow": 50, "autoUv": false },
												"up": { "texture": "#material", "uv": [ 0.0, 0.0, 0.5, 0.5 ], "glow": 50, "autoUv": false }
											}
										},
										{
											"name": "mainbody-capfront-5-3",
											"from": [ 2.3192, 8.5454, -2.8132 ],
											"to": [ 3.5192, 8.6954, -1.6132 ],
											"rotationOrigin": [ 2.9192, 8.6954, -2.8132 ],
											"rotationX": 153.583,
											"rotationY": -14.504,
											"rotationZ": -153.292,
											"faces": {
												"east": { "texture": "#material", "uv": [ 6.0, 0.5, 6.5, 1.0 ], "glow": 50, "autoUv": false },
												"south": { "texture": "#material", "uv": [ 5.5, 0.5, 6.0, 1.0 ], "glow": 50, "autoUv": false },
												"west": { "texture": "#material", "uv": [ 2.0, 6.5, 2.5, 7.0 ], "glow": 50, "autoUv": false },
												"up": { "texture": "#material", "uv": [ 2.0, 1.5, 2.5, 2.0 ], "glow": 50, "autoUv": false }
											}
										},
										{
											"name": "mainbody-capfront-5-2",
											"from": [ 3.137, 7.7238, -2.8142 ],
											"to": [ 4.337, 7.8738, -1.6142 ],
											"rotationOrigin": [ 3.737, 7.8738, -2.8142 ],
											"rotationX": 164.078,
											"rotationY": -25.66,
											"rotationZ": -123.533,
											"faces": {
												"east": { "texture": "#material", "uv": [ 0.0, 0.0, 0.5, 0.5 ], "glow": 50, "autoUv": false },
												"south": { "texture": "#material", "uv": [ 0.0, 0.0, 0.5, 0.5 ], "glow": 50, "autoUv": false },
												"west": { "texture": "#material", "uv": [ 0.0, 0.0, 0.5, 0.5 ], "glow": 50, "autoUv": false },
												"up": { "texture": "#material", "uv": [ 0.0, 0.0, 0.5, 0.5 ], "glow": 50, "autoUv": false }
											}
										},
										{
											"name": "mainbody-capfront-1-7",
											"from": [ 2.3986, 8.8498, -2.85 ],
											"to": [ 4.8016, 8.9998, -1.65 ],
											"rotationOrigin": [ 2.4, 8.9998, -2.85 ],
											"rotationX": 150.0,
											"rotationZ": -180.0,
											"faces": {
												"east": { "texture": "#material", "uv": [ 0.0, 0.0, 0.5, 0.5 ], "glow": 50, "autoUv": false },
												"west": { "texture": "#material", "uv": [ 0.0, 0.0, 0.5, 0.5 ], "glow": 50, "autoUv": false },
												"up": { "texture": "#material", "uv": [ 0.0, 0.0, 1.0, 0.5 ], "glow": 50, "autoUv": false }
											},
											"children": [
												{
													"name": "mainbody-capfront-1-51",
													"from": [ 0.0, 0.0, -2.4 ],
													"to": [ 2.403, 0.15, 0.0 ],
													"rotationOrigin": [ 0.0014, 0.15, 0.0 ],
													"rotationX": -30.0,
													"faces": {
														"east": { "texture": "#material", "uv": [ 0.0, 0.0, 1.0, 0.5 ], "glow": 50, "autoUv": false },
														"west": { "texture": "#material", "uv": [ 0.0, 0.0, 1.0, 0.5 ], "glow": 50, "autoUv": false },
														"up": { "texture": "#material", "uv": [ 0.0, 0.0, 1.0, 1.0 ], "glow": 50, "autoUv": false }
													}
												}
											]
										},
										{
											"name": "mainbody-capfront-1-6",
											"from": [ 2.4, 8.2498, -3.8892 ],
											"to": [ 4.8, 8.3998, -2.6892 ],
											"rotationOrigin": [ 2.4, 8.3998, -3.8892 ],
											"rotationX": 120.0,
											"rotationZ": -180.0,
											"faces": {
												"east": { "texture": "#material", "uv": [ 0.0, 0.0, 0.5, 0.5 ], "glow": 50, "autoUv": false },
												"west": { "texture": "#material", "uv": [ 0.0, 0.0, 0.5, 0.5 ], "glow": 50, "autoUv": false },
												"up": { "texture": "#material", "uv": [ 0.0, 0.0, 1.0, 0.5 ], "glow": 50, "autoUv": false }
											}
										},
										{
											"name": "mainbody-capfront-1-1",
											"from": [ 2.4, 7.2108, -4.489 ],
											"to": [ 4.8, 7.3608, -2.089 ],
											"rotationOrigin": [ 2.4, 7.3608, -4.4892 ],
											"rotationX": 90.0,
											"rotationZ": -180.0,
											"faces": {
												"up": { "texture": "#material", "uv": [ 0.0, 0.0, 1.0, 1.0 ], "glow": 50, "autoUv": false }
											}
										},
										{
											"name": "Cube48",
											"from": [ 2.4, -1.2, -5.72 ],
											"to": [ 2.4, -1.2, -5.72 ],
											"rotationOrigin": [ 2.4, 0.0, -5.72 ],
											"rotationX": 180.0,
											"rotationZ": 180.0,
											"faces": {
												"north": { "texture": "#default", "uv": [ 0.0, 0.0, 0.5, 0.5 ], "autoUv": false },
												"east": { "texture": "#default", "uv": [ 0.0, 0.0, 0.5, 0.5 ], "autoUv": false },
												"south": { "texture": "#default", "uv": [ 0.0, 0.0, 0.5, 0.5 ], "autoUv": false },
												"west": { "texture": "#default", "uv": [ 0.0, 0.0, 0.5, 0.5 ], "autoUv": false },
												"up": { "texture": "#default", "uv": [ 0.0, 0.0, 0.5, 0.5 ], "autoUv": false },
												"down": { "texture": "#default", "uv": [ 0.0, 0.0, 0.5, 0.5 ], "autoUv": false }
											},
											"children": [
												{
													"name": "mainbody-capfront-3-57",
													"from": [ 1.2, 6.0354, -2.4748 ],
													"to": [ 2.4, 6.1854, -1.2748 ],
													"rotationOrigin": [ 2.4, 6.1854, -1.2554 ],
													"rotationX": -60.9,
													"rotationY": 7.4,
													"rotationZ": -149.9,
													"faces": {
														"north": { "texture": "#material", "uv": [ 0.0, 0.0, 0.5, 0.5 ], "glow": 50, "autoUv": false },
														"west": { "texture": "#material", "uv": [ 0.0, 0.0, 0.5, 0.5 ], "glow": 50, "autoUv": false },
														"up": { "texture": "#material", "uv": [ 0.0, 0.0, 0.5, 0.5 ], "glow": 50, "autoUv": false }
													}
												},
												{
													"name": "mainbody-capfront-3-58",
													"from": [ 2.3192, 4.684, -2.9068 ],
													"to": [ 3.5192, 4.834, -1.7068 ],
													"rotationOrigin": [ 2.9192, 4.834, -2.9068 ],
													"rotationX": -26.417,
													"rotationY": -14.504,
													"rotationZ": -153.292,
													"faces": {
														"east": { "texture": "#material", "uv": [ 0.0, 0.0, 0.5, 0.5 ], "glow": 50, "autoUv": false },
														"south": { "texture": "#material", "uv": [ 0.0, 0.0, 0.5, 0.5 ], "glow": 50, "autoUv": false },
														"west": { "texture": "#material", "uv": [ 0.0, 0.0, 0.5, 0.5 ], "glow": 50, "autoUv": false },
														"up": { "texture": "#material", "uv": [ 0.0, 0.0, 0.5, 0.5 ], "glow": 50, "autoUv": false }
													}
												},
												{
													"name": "mainbody-capfront-3-59",
													"from": [ 3.1368, 5.5056, -2.9058 ],
													"to": [ 4.3368, 5.6556, -1.7058 ],
													"rotationOrigin": [ 3.7368, 5.6556, -2.9058 ],
													"rotationX": -15.922,
													"rotationY": -25.66,
													"rotationZ": -123.533,
													"faces": {
														"east": { "texture": "#material", "uv": [ 0.0, 0.0, 0.5, 0.5 ], "glow": 50, "autoUv": false },
														"south": { "texture": "#material", "uv": [ 0.0, 0.0, 0.5, 0.5 ], "glow": 50, "autoUv": false },
														"west": { "texture": "#material", "uv": [ 0.0, 0.0, 0.5, 0.5 ], "glow": 50, "autoUv": false },
														"up": { "texture": "#material", "uv": [ 0.0, 0.0, 0.5, 0.5 ], "glow": 50, "autoUv": false }
													}
												},
												{
													"name": "mainbody-capfront-4-60",
													"from": [ -1.1868, 6.0298, -2.4748 ],
													"to": [ 0.0132, 6.1798, -1.2748 ],
													"rotationOrigin": [ 0.0132, 6.1798, -1.2554 ],
													"rotationX": 14.952,
													"rotationY": 60.054,
													"rotationZ": 107.071,
													"faces": {
														"north": { "texture": "#material", "uv": [ 0.0, 0.0, 0.5, 0.5 ], "glow": 50, "autoUv": false },
														"west": { "texture": "#material", "uv": [ 0.0, 0.0, 0.5, 0.5 ], "glow": 50, "autoUv": false },
														"up": { "texture": "#material", "uv": [ 0.0, 0.0, 0.5, 0.5 ], "glow": 50, "autoUv": false }
													}
												},
												{
													"name": "mainbody-capfront-4-61",
													"from": [ -1.9382, 5.5106, -2.9068 ],
													"to": [ -0.7382, 5.6606, -1.7068 ],
													"rotationOrigin": [ -1.3382, 5.6606, -2.9068 ],
													"rotationX": -16.112,
													"rotationY": 25.513,
													"rotationZ": 123.8,
													"faces": {
														"east": { "texture": "#material", "uv": [ 0.0, 0.0, 0.5, 0.5 ], "glow": 50, "autoUv": false },
														"south": { "texture": "#material", "uv": [ 0.0, 0.0, 0.5, 0.5 ], "glow": 50, "autoUv": false },
														"west": { "texture": "#material", "uv": [ 0.0, 0.0, 0.5, 0.5 ], "glow": 50, "autoUv": false },
														"up": { "texture": "#material", "uv": [ 0.0, 0.0, 0.5, 0.5 ], "glow": 50, "autoUv": false }
													}
												},
												{
													"name": "mainbody-capfront-4-62",
													"from": [ -1.1166, 4.6928, -2.9058 ],
													"to": [ 0.0834, 4.8428, -1.7058 ],
													"rotationOrigin": [ -0.5166, 4.8428, -2.9058 ],
													"rotationX": -26.545,
													"rotationY": 14.316,
													"rotationZ": 153.509,
													"faces": {
														"east": { "texture": "#material", "uv": [ 0.0, 0.0, 0.5, 0.5 ], "glow": 50, "autoUv": false },
														"south": { "texture": "#material", "uv": [ 0.0, 0.0, 0.5, 0.5 ], "glow": 50, "autoUv": false },
														"west": { "texture": "#material", "uv": [ 0.0, 0.0, 0.5, 0.5 ], "glow": 50, "autoUv": false },
														"up": { "texture": "#material", "uv": [ 0.0, 0.0, 0.5, 0.5 ], "glow": 50, "autoUv": false }
													}
												},
												{
													"name": "mainbody-capfront-1-63",
													"from": [ -0.0014, 4.9712, -1.8308 ],
													"to": [ 2.4016, 5.1212, -0.6308 ],
													"rotationOrigin": [ 0.0, 5.1212, -1.8308 ],
													"rotationX": 150.0,
													"faces": {
														"east": { "texture": "#material", "uv": [ 0.0, 0.0, 0.5, 0.5 ], "glow": 50, "autoUv": false },
														"west": { "texture": "#material", "uv": [ 0.0, 0.0, 0.5, 0.5 ], "glow": 50, "autoUv": false },
														"up": { "texture": "#material", "uv": [ 0.0, 0.0, 1.0, 0.5 ], "glow": 50, "autoUv": false }
													},
													"children": [
														{
															"name": "mainbody-capfront-1-52",
															"from": [ 0.0, 0.0, 1.2 ],
															"to": [ 2.403, 0.15, 3.6 ],
															"rotationOrigin": [ 0.0014, 0.15, 1.2 ],
															"rotationX": 30.0,
															"faces": {
																"east": { "texture": "#material", "uv": [ 0.0, 0.0, 1.0, 0.5 ], "glow": 50, "autoUv": false },
																"west": { "texture": "#material", "uv": [ 0.0, 0.0, 1.0, 0.5 ], "glow": 50, "autoUv": false },
																"up": { "texture": "#material", "uv": [ 0.0, 0.0, 1.0, 1.0 ], "glow": 50, "autoUv": false }
															}
														}
													]
												},
												{
													"name": "mainbody-capfront-1-64",
													"from": [ 0.0, 6.0104, -1.2308 ],
													"to": [ 2.4, 6.1604, -0.0308 ],
													"rotationOrigin": [ 0.3, 6.1606, -1.2308 ],
													"rotationX": 120.0,
													"faces": {
														"east": { "texture": "#material", "uv": [ 0.0, 0.0, 0.5, 0.5 ], "glow": 50, "autoUv": false },
														"west": { "texture": "#material", "uv": [ 0.0, 0.0, 0.5, 0.5 ], "glow": 50, "autoUv": false },
														"up": { "texture": "#material", "uv": [ 0.0, 0.0, 1.0, 0.5 ], "glow": 50, "autoUv": false }
													}
												}
											]
										}
									]
								},
								{
									"name": "_mainbody-capback",
									"from": [ -2.4, 0.0, 8.12 ],
									"to": [ -2.4, 0.0, 8.12 ],
									"rotationOrigin": [ 0.0, 0.0, 2.4 ],
									"rotationY": 180.0,
									"faces": {
										"north": { "texture": "#default", "uv": [ 0.0, 0.0, 0.5, 0.5 ], "autoUv": false },
										"east": { "texture": "#default", "uv": [ 0.0, 0.0, 0.5, 0.5 ], "autoUv": false },
										"south": { "texture": "#default", "uv": [ 0.0, 0.0, 0.5, 0.5 ], "autoUv": false },
										"west": { "texture": "#default", "uv": [ 0.0, 0.0, 0.5, 0.5 ], "autoUv": false },
										"up": { "texture": "#default", "uv": [ 0.0, 0.0, 0.5, 0.5 ], "autoUv": false },
										"down": { "texture": "#default", "uv": [ 0.0, 0.0, 0.5, 0.5 ], "autoUv": false }
									},
									"children": [
										{
											"name": "mainbody-capback-1-4",
											"from": [ -0.15, 4.96, -5.6892 ],
											"to": [ 0.0, 7.36, -4.4892 ],
											"rotationOrigin": [ 0.0, 4.9606, -4.4892 ],
											"rotationX": -180.0,
											"rotationY": 60.0,
											"rotationZ": 180.0,
											"faces": {
												"east": { "texture": "#material", "uv": [ 0.0, 0.0, 0.5, 1.0 ], "glow": 50, "autoUv": false },
												"up": { "texture": "#material", "uv": [ 0.0, 0.0, 0.5, 0.5 ], "glow": 50, "autoUv": false },
												"down": { "texture": "#material", "uv": [ 0.0, 0.0, 0.5, 0.5 ], "glow": 50, "autoUv": false }
											}
										},
										{
											"name": "mainbody-capback-1-2",
											"from": [ 2.4, 4.96, -5.6892 ],
											"to": [ 2.55, 7.36, -4.4892 ],
											"rotationOrigin": [ 2.4, 4.9606, -4.4892 ],
											"rotationX": -180.0,
											"rotationY": -60.0,
											"rotationZ": 180.0,
											"faces": {
												"west": { "texture": "#material", "uv": [ 0.0, 0.0, 0.5, 1.0 ], "glow": 50, "autoUv": false },
												"up": { "texture": "#material", "uv": [ 0.0, 0.0, 0.5, 0.5 ], "glow": 50, "autoUv": false },
												"down": { "texture": "#material", "uv": [ 0.0, 0.0, 0.5, 0.5 ], "glow": 50, "autoUv": false }
											}
										},
										{
											"name": "mainbody-capback-1-3",
											"from": [ 3.4392, 4.96, -5.0892 ],
											"to": [ 3.5892, 7.36, -3.8892 ],
											"rotationOrigin": [ 3.4392, 4.9606, -3.8892 ],
											"rotationX": -180.0,
											"rotationY": -30.0,
											"rotationZ": 180.0,
											"faces": {
												"west": { "texture": "#material", "uv": [ 0.0, 0.0, 0.5, 1.0 ], "glow": 50, "autoUv": false },
												"up": { "texture": "#material", "uv": [ 0.0, 0.0, 0.5, 0.5 ], "glow": 50, "autoUv": false },
												"down": { "texture": "#material", "uv": [ 0.0, 0.0, 0.5, 0.5 ], "glow": 50, "autoUv": false }
											}
										},
										{
											"name": "mainbody-capback-1-5",
											"from": [ -1.1892, 4.96, -5.0892 ],
											"to": [ -1.0392, 7.36, -3.8892 ],
											"rotationOrigin": [ -1.0392, 4.9606, -3.8892 ],
											"rotationX": -180.0,
											"rotationY": 30.0,
											"rotationZ": 180.0,
											"faces": {
												"east": { "texture": "#material", "uv": [ 0.0, 0.0, 0.5, 1.0 ], "glow": 50, "autoUv": false },
												"up": { "texture": "#material", "uv": [ 0.0, 0.0, 0.5, 0.5 ], "glow": 50, "autoUv": false },
												"down": { "texture": "#material", "uv": [ 0.0, 0.0, 0.5, 0.5 ], "glow": 50, "autoUv": false }
											}
										},
										{
											"name": "mainbody-capback-2-1",
											"from": [ -1.1868, 7.1998, -5.684 ],
											"to": [ 0.0132, 7.3498, -4.484 ],
											"rotationOrigin": [ 0.0132, 7.3498, -4.4646 ],
											"rotationX": -165.048,
											"rotationY": 60.054,
											"rotationZ": 107.071,
											"faces": {
												"north": { "texture": "#material", "uv": [ 0.0, 0.0, 0.5, 0.5 ], "glow": 50, "autoUv": false },
												"west": { "texture": "#material", "uv": [ 0.0, 0.0, 0.5, 0.5 ], "glow": 50, "autoUv": false },
												"up": { "texture": "#material", "uv": [ 0.0, 0.0, 0.5, 0.5 ], "glow": 50, "autoUv": false }
											}
										},
										{
											"name": "mainbody-capback-2-3",
											"from": [ -1.9382, 7.719, -2.8132 ],
											"to": [ -0.7382, 7.869, -1.6132 ],
											"rotationOrigin": [ -1.3382, 7.869, -2.8132 ],
											"rotationX": 163.888,
											"rotationY": 25.513,
											"rotationZ": 123.8,
											"faces": {
												"east": { "texture": "#material", "uv": [ 0.0, 0.0, 0.5, 0.5 ], "glow": 50, "autoUv": false },
												"south": { "texture": "#material", "uv": [ 0.0, 0.0, 0.5, 0.5 ], "glow": 50, "autoUv": false },
												"west": { "texture": "#material", "uv": [ 0.0, 0.0, 0.5, 0.5 ], "glow": 50, "autoUv": false },
												"up": { "texture": "#material", "uv": [ 0.0, 0.0, 0.5, 0.5 ], "glow": 50, "autoUv": false }
											},
											"children": [
												{
													"name": "mainbody-capback-2-59",
													"from": [ 0.0, 0.0, -2.4 ],
													"to": [ 1.2, 0.15, 0.0 ],
													"rotationOrigin": [ 0.6, 0.15, 0.0 ],
													"rotationX": -30.0,
													"faces": {
														"east": { "texture": "#material", "uv": [ 0.0, 0.0, 1.0, 0.5 ], "glow": 50, "autoUv": false },
														"south": { "texture": "#material", "uv": [ 0.0, 0.0, 0.5, 0.5 ], "glow": 50, "autoUv": false },
														"west": { "texture": "#material", "uv": [ 0.0, 0.0, 1.0, 0.5 ], "glow": 50, "autoUv": false },
														"up": { "texture": "#material", "uv": [ 0.0, 0.0, 0.5, 1.0 ], "glow": 50, "autoUv": false }
													}
												}
											]
										},
										{
											"name": "mainbody-capback-2-2",
											"from": [ -1.1166, 8.5366, -2.8142 ],
											"to": [ 0.0834, 8.6866, -1.6142 ],
											"rotationOrigin": [ -0.5166, 8.6866, -2.8142 ],
											"rotationX": 153.454,
											"rotationY": 14.316,
											"rotationZ": 153.509,
											"faces": {
												"east": { "texture": "#material", "uv": [ 0.0, 0.0, 0.5, 0.5 ], "glow": 50, "autoUv": false },
												"south": { "texture": "#material", "uv": [ 0.0, 0.0, 0.5, 0.5 ], "glow": 50, "autoUv": false },
												"west": { "texture": "#material", "uv": [ 0.0, 0.0, 0.5, 0.5 ], "glow": 50, "autoUv": false },
												"up": { "texture": "#material", "uv": [ 0.0, 0.0, 0.5, 0.5 ], "glow": 50, "autoUv": false }
											},
											"children": [
												{
													"name": "mainbody-capback-2-60",
													"from": [ 0.0, 0.0, -2.4 ],
													"to": [ 1.2, 0.15, 0.0 ],
													"rotationOrigin": [ 0.6, 0.15, 0.0 ],
													"rotationX": -30.0,
													"faces": {
														"east": { "texture": "#material", "uv": [ 0.0, 0.0, 1.0, 0.5 ], "glow": 50, "autoUv": false },
														"south": { "texture": "#material", "uv": [ 0.0, 0.0, 0.5, 0.5 ], "glow": 50, "autoUv": false },
														"west": { "texture": "#material", "uv": [ 0.0, 0.0, 1.0, 0.5 ], "glow": 50, "autoUv": false },
														"up": { "texture": "#material", "uv": [ 0.0, 0.0, 0.5, 1.0 ], "glow": 50, "autoUv": false }
													}
												}
											]
										},
										{
											"name": "mainbody-capback-5-1",
											"from": [ 1.2, 7.194, -5.684 ],
											"to": [ 2.4, 7.344, -4.484 ],
											"rotationOrigin": [ 2.4, 7.344, -4.4646 ],
											"rotationX": 119.1,
											"rotationY": 7.4,
											"rotationZ": -149.9,
											"faces": {
												"north": { "texture": "#material", "uv": [ 0.0, 0.0, 0.5, 0.5 ], "glow": 50, "autoUv": false },
												"west": { "texture": "#material", "uv": [ 0.0, 0.0, 0.5, 0.5 ], "glow": 50, "autoUv": false },
												"up": { "texture": "#material", "uv": [ 0.0, 0.0, 0.5, 0.5 ], "glow": 50, "autoUv": false }
											}
										},
										{
											"name": "mainbody-capback-5-3",
											"from": [ 2.3192, 8.5454, -2.8132 ],
											"to": [ 3.5192, 8.6954, -1.6132 ],
											"rotationOrigin": [ 2.9192, 8.6954, -2.8132 ],
											"rotationX": 153.583,
											"rotationY": -14.504,
											"rotationZ": -153.292,
											"faces": {
												"east": { "texture": "#material", "uv": [ 6.0, 0.5, 6.5, 1.0 ], "glow": 50, "autoUv": false },
												"south": { "texture": "#material", "uv": [ 5.5, 0.5, 6.0, 1.0 ], "glow": 50, "autoUv": false },
												"west": { "texture": "#material", "uv": [ 2.0, 6.5, 2.5, 7.0 ], "glow": 50, "autoUv": false },
												"up": { "texture": "#material", "uv": [ 2.0, 1.5, 2.5, 2.0 ], "glow": 50, "autoUv": false }
											},
											"children": [
												{
													"name": "mainbody-capback-5-53",
													"from": [ 0.0, 0.0, -2.4 ],
													"to": [ 1.2, 0.15, 0.0 ],
													"rotationOrigin": [ 0.6, 0.15, 0.0 ],
													"rotationX": -30.0,
													"faces": {
														"east": { "texture": "#material", "uv": [ 6.0, 0.5, 7.0, 1.0 ], "glow": 50, "autoUv": false },
														"south": { "texture": "#material", "uv": [ 5.5, 0.5, 6.0, 1.0 ], "glow": 50, "autoUv": false },
														"west": { "texture": "#material", "uv": [ 2.0, 6.5, 3.0, 7.0 ], "glow": 50, "autoUv": false },
														"up": { "texture": "#material", "uv": [ 2.0, 1.5, 2.5, 2.5 ], "glow": 50, "autoUv": false }
													}
												}
											]
										},
										{
											"name": "mainbody-capback-5-2",
											"from": [ 3.137, 7.7238, -2.8142 ],
											"to": [ 4.337, 7.8738, -1.6142 ],
											"rotationOrigin": [ 3.737, 7.8738, -2.8142 ],
											"rotationX": 164.078,
											"rotationY": -25.66,
											"rotationZ": -123.533,
											"faces": {
												"east": { "texture": "#material", "uv": [ 0.0, 0.0, 0.5, 0.5 ], "glow": 50, "autoUv": false },
												"south": { "texture": "#material", "uv": [ 0.0, 0.0, 0.5, 0.5 ], "glow": 50, "autoUv": false },
												"west": { "texture": "#material", "uv": [ 0.0, 0.0, 0.5, 0.5 ], "glow": 50, "autoUv": false },
												"up": { "texture": "#material", "uv": [ 0.0, 0.0, 0.5, 0.5 ], "glow": 50, "autoUv": false }
											},
											"children": [
												{
													"name": "mainbody-capback-5-54",
													"from": [ 0.0, 0.0, -2.4 ],
													"to": [ 1.2, 0.15, 0.0 ],
													"rotationOrigin": [ 0.6, 0.15, 0.0 ],
													"rotationX": -30.0,
													"faces": {
														"east": { "texture": "#material", "uv": [ 0.0, 0.0, 1.0, 0.5 ], "glow": 50, "autoUv": false },
														"south": { "texture": "#material", "uv": [ 0.0, 0.0, 0.5, 0.5 ], "glow": 50, "autoUv": false },
														"west": { "texture": "#material", "uv": [ 0.0, 0.0, 1.0, 0.5 ], "glow": 50, "autoUv": false },
														"up": { "texture": "#material", "uv": [ 0.0, 0.0, 0.5, 1.0 ], "glow": 50, "autoUv": false }
													}
												}
											]
										},
										{
											"name": "mainbody-capback-1-7",
											"from": [ 2.3986, 8.8498, -2.85 ],
											"to": [ 4.8016, 8.9998, -1.65 ],
											"rotationOrigin": [ 2.4, 8.9998, -2.85 ],
											"rotationX": 150.0,
											"rotationZ": -180.0,
											"faces": {
												"east": { "texture": "#material", "uv": [ 0.0, 0.0, 0.5, 0.5 ], "glow": 50, "autoUv": false },
												"west": { "texture": "#material", "uv": [ 0.0, 0.0, 0.5, 0.5 ], "glow": 50, "autoUv": false },
												"up": { "texture": "#material", "uv": [ 0.0, 0.0, 1.0, 0.5 ], "glow": 50, "autoUv": false }
											}
										},
										{
											"name": "mainbody-capback-1-6",
											"from": [ 2.4, 8.2498, -3.8892 ],
											"to": [ 4.8, 8.3998, -2.6892 ],
											"rotationOrigin": [ 2.4, 8.3998, -3.8892 ],
											"rotationX": 120.0,
											"rotationZ": -180.0,
											"faces": {
												"east": { "texture": "#material", "uv": [ 0.0, 0.0, 0.5, 0.5 ], "glow": 50, "autoUv": false },
												"west": { "texture": "#material", "uv": [ 0.0, 0.0, 0.5, 0.5 ], "glow": 50, "autoUv": false },
												"up": { "texture": "#material", "uv": [ 0.0, 0.0, 1.0, 0.5 ], "glow": 50, "autoUv": false }
											}
										},
										{
											"name": "mainbody-capback-1-1",
											"from": [ 2.4, 7.2108, -4.489 ],
											"to": [ 4.8, 7.3608, -2.089 ],
											"rotationOrigin": [ 2.4, 7.3608, -4.4892 ],
											"rotationX": 90.0,
											"rotationZ": -180.0,
											"faces": {
												"up": { "texture": "#material", "uv": [ 0.0, 0.0, 1.0, 1.0 ], "glow": 50, "autoUv": false }
											}
										},
										{
											"name": "Cube1",
											"from": [ 0.0, -1.2, 0.0 ],
											"to": [ 0.0, -1.2, 0.0 ],
											"faces": {
												"north": { "texture": "#default", "uv": [ 0.0, 0.0, 0.5, 0.5 ], "autoUv": false },
												"east": { "texture": "#default", "uv": [ 0.0, 0.0, 0.5, 0.5 ], "autoUv": false },
												"south": { "texture": "#default", "uv": [ 0.0, 0.0, 0.5, 0.5 ], "autoUv": false },
												"west": { "texture": "#default", "uv": [ 0.0, 0.0, 0.5, 0.5 ], "autoUv": false },
												"up": { "texture": "#default", "uv": [ 0.0, 0.0, 0.5, 0.5 ], "autoUv": false },
												"down": { "texture": "#default", "uv": [ 0.0, 0.0, 0.5, 0.5 ], "autoUv": false }
											},
											"children": [
												{
													"name": "mainbody-capback-3-1",
													"from": [ -1.2, 6.0354, -5.684 ],
													"to": [ 0.0, 6.1854, -4.484 ],
													"rotationOrigin": [ 0.0, 6.1854, -4.4646 ],
													"rotationX": -119.1,
													"rotationY": -7.4,
													"rotationZ": 30.1,
													"faces": {
														"north": { "texture": "#material", "uv": [ 0.0, 0.0, 0.5, 0.5 ], "glow": 50, "autoUv": false },
														"west": { "texture": "#material", "uv": [ 0.0, 0.0, 0.5, 0.5 ], "glow": 50, "autoUv": false },
														"up": { "texture": "#material", "uv": [ 0.0, 0.0, 0.5, 0.5 ], "glow": 50, "autoUv": false }
													}
												},
												{
													"name": "mainbody-capback-3-3",
													"from": [ -1.1192, 4.684, -2.8132 ],
													"to": [ 0.0808, 4.834, -1.6132 ],
													"rotationOrigin": [ -0.5192, 4.834, -2.8132 ],
													"rotationX": -153.583,
													"rotationY": 14.504,
													"rotationZ": 26.708,
													"faces": {
														"east": { "texture": "#material", "uv": [ 0.0, 0.0, 0.5, 0.5 ], "glow": 50, "autoUv": false },
														"south": { "texture": "#material", "uv": [ 0.0, 0.0, 0.5, 0.5 ], "glow": 50, "autoUv": false },
														"west": { "texture": "#material", "uv": [ 0.0, 0.0, 0.5, 0.5 ], "glow": 50, "autoUv": false },
														"up": { "texture": "#material", "uv": [ 0.0, 0.0, 0.5, 0.5 ], "glow": 50, "autoUv": false }
													},
													"children": [
														{
															"name": "mainbody-capback-3-57",
															"from": [ 0.0, 0.0, -2.4 ],
															"to": [ 1.2, 0.15, 0.0 ],
															"rotationOrigin": [ 0.6, 0.15, 0.0 ],
															"rotationX": -30.0,
															"faces": {
																"east": { "texture": "#material", "uv": [ 0.0, 0.0, 1.0, 0.5 ], "glow": 50, "autoUv": false },
																"south": { "texture": "#material", "uv": [ 0.0, 0.0, 0.5, 0.5 ], "glow": 50, "autoUv": false },
																"west": { "texture": "#material", "uv": [ 0.0, 0.0, 1.0, 0.5 ], "glow": 50, "autoUv": false },
																"up": { "texture": "#material", "uv": [ 0.0, 0.0, 0.5, 1.0 ], "glow": 50, "autoUv": false }
															}
														}
													]
												},
												{
													"name": "mainbody-capback-3-2",
													"from": [ -1.9368, 5.5056, -2.8142 ],
													"to": [ -0.7368, 5.6556, -1.6142 ],
													"rotationOrigin": [ -1.3368, 5.6556, -2.8142 ],
													"rotationX": -164.078,
													"rotationY": 25.66,
													"rotationZ": 56.467,
													"faces": {
														"east": { "texture": "#material", "uv": [ 0.0, 0.0, 0.5, 0.5 ], "glow": 50, "autoUv": false },
														"south": { "texture": "#material", "uv": [ 0.0, 0.0, 0.5, 0.5 ], "glow": 50, "autoUv": false },
														"west": { "texture": "#material", "uv": [ 0.0, 0.0, 0.5, 0.5 ], "glow": 50, "autoUv": false },
														"up": { "texture": "#material", "uv": [ 0.0, 0.0, 0.5, 0.5 ], "glow": 50, "autoUv": false }
													},
													"children": [
														{
															"name": "mainbody-capback-3-58",
															"from": [ 0.0, 0.0, -2.4 ],
															"to": [ 1.2, 0.15, 0.0 ],
															"rotationOrigin": [ 0.6, 0.15, 0.0 ],
															"rotationX": -30.0,
															"faces": {
																"east": { "texture": "#material", "uv": [ 0.0, 0.0, 1.0, 0.5 ], "glow": 50, "autoUv": false },
																"south": { "texture": "#material", "uv": [ 0.0, 0.0, 0.5, 0.5 ], "glow": 50, "autoUv": false },
																"west": { "texture": "#material", "uv": [ 0.0, 0.0, 1.0, 0.5 ], "glow": 50, "autoUv": false },
																"up": { "texture": "#material", "uv": [ 0.0, 0.0, 0.5, 1.0 ], "glow": 50, "autoUv": false }
															}
														}
													]
												},
												{
													"name": "mainbody-capback-4-1",
													"from": [ 1.1868, 6.0298, -5.684 ],
													"to": [ 2.3868, 6.1798, -4.484 ],
													"rotationOrigin": [ 2.3868, 6.1798, -4.4646 ],
													"rotationX": 165.048,
													"rotationY": -60.054,
													"rotationZ": -72.929,
													"faces": {
														"north": { "texture": "#material", "uv": [ 0.0, 0.0, 0.5, 0.5 ], "glow": 50, "autoUv": false },
														"west": { "texture": "#material", "uv": [ 0.0, 0.0, 0.5, 0.5 ], "glow": 50, "autoUv": false },
														"up": { "texture": "#material", "uv": [ 0.0, 0.0, 0.5, 0.5 ], "glow": 50, "autoUv": false }
													}
												},
												{
													"name": "mainbody-capback-4-3",
													"from": [ 3.1382, 5.5106, -2.8132 ],
													"to": [ 4.3382, 5.6606, -1.6132 ],
													"rotationOrigin": [ 3.7382, 5.6606, -2.8132 ],
													"rotationX": -163.888,
													"rotationY": -25.513,
													"rotationZ": -56.2,
													"faces": {
														"east": { "texture": "#material", "uv": [ 0.0, 0.0, 0.5, 0.5 ], "glow": 50, "autoUv": false },
														"south": { "texture": "#material", "uv": [ 0.0, 0.0, 0.5, 0.5 ], "glow": 50, "autoUv": false },
														"west": { "texture": "#material", "uv": [ 0.0, 0.0, 0.5, 0.5 ], "glow": 50, "autoUv": false },
														"up": { "texture": "#material", "uv": [ 0.0, 0.0, 0.5, 0.5 ], "glow": 50, "autoUv": false }
													},
													"children": [
														{
															"name": "mainbody-capback-4-55",
															"from": [ 0.0, 0.0, -2.4 ],
															"to": [ 1.2, 0.15, 0.0 ],
															"rotationOrigin": [ 0.6, 0.15, 0.0 ],
															"rotationX": -30.0,
															"faces": {
																"east": { "texture": "#material", "uv": [ 0.0, 0.0, 1.0, 0.5 ], "glow": 50, "autoUv": false },
																"south": { "texture": "#material", "uv": [ 0.0, 0.0, 0.5, 0.5 ], "glow": 50, "autoUv": false },
																"west": { "texture": "#material", "uv": [ 0.0, 0.0, 1.0, 0.5 ], "glow": 50, "autoUv": false },
																"up": { "texture": "#material", "uv": [ 0.0, 0.0, 0.5, 1.0 ], "glow": 50, "autoUv": false }
															}
														}
													]
												},
												{
													"name": "mainbody-capback-4-2",
													"from": [ 2.3166, 4.6928, -2.8142 ],
													"to": [ 3.5166, 4.8428, -1.6142 ],
													"rotationOrigin": [ 2.9166, 4.8428, -2.8142 ],
													"rotationX": -153.455,
													"rotationY": -14.316,
													"rotationZ": -26.491,
													"faces": {
														"east": { "texture": "#material", "uv": [ 0.0, 0.0, 0.5, 0.5 ], "glow": 50, "autoUv": false },
														"south": { "texture": "#material", "uv": [ 0.0, 0.0, 0.5, 0.5 ], "glow": 50, "autoUv": false },
														"west": { "texture": "#material", "uv": [ 0.0, 0.0, 0.5, 0.5 ], "glow": 50, "autoUv": false },
														"up": { "texture": "#material", "uv": [ 0.0, 0.0, 0.5, 0.5 ], "glow": 50, "autoUv": false }
													},
													"children": [
														{
															"name": "mainbody-capback-4-56",
															"from": [ 0.0, 0.0, -2.4 ],
															"to": [ 1.2, 0.15, 0.0 ],
															"rotationOrigin": [ 0.6, 0.15, 0.0 ],
															"rotationX": -30.0,
															"faces": {
																"east": { "texture": "#material", "uv": [ 0.0, 0.0, 1.0, 0.5 ], "glow": 50, "autoUv": false },
																"south": { "texture": "#material", "uv": [ 0.0, 0.0, 0.5, 0.5 ], "glow": 50, "autoUv": false },
																"west": { "texture": "#material", "uv": [ 0.0, 0.0, 1.0, 0.5 ], "glow": 50, "autoUv": false },
																"up": { "texture": "#material", "uv": [ 0.0, 0.0, 0.5, 1.0 ], "glow": 50, "autoUv": false }
															}
														}
													]
												},
												{
													"name": "mainbody-capback-1-9",
													"from": [ 2.3986, 4.9712, -3.8892 ],
													"to": [ 4.8016, 5.1212, -2.6892 ],
													"rotationOrigin": [ 2.4, 5.1212, -3.8892 ],
													"rotationX": 30.0,
													"rotationZ": 180.0,
													"faces": {
														"east": { "texture": "#material", "uv": [ 0.0, 0.0, 0.5, 0.5 ], "glow": 50, "autoUv": false },
														"west": { "texture": "#material", "uv": [ 0.0, 0.0, 0.5, 0.5 ], "glow": 50, "autoUv": false },
														"up": { "texture": "#material", "uv": [ 0.0, 0.0, 1.0, 0.5 ], "glow": 50, "autoUv": false }
													}
												},
												{
													"name": "mainbody-capback-1-8",
													"from": [ 1.8, 6.0104, -4.4892 ],
													"to": [ 4.2, 6.1604, -3.2892 ],
													"rotationOrigin": [ 2.1, 6.1606, -4.4892 ],
													"rotationX": 60.0,
													"rotationZ": 180.0,
													"faces": {
														"east": { "texture": "#material", "uv": [ 0.0, 0.0, 0.5, 0.5 ], "glow": 50, "autoUv": false },
														"west": { "texture": "#material", "uv": [ 0.0, 0.0, 0.5, 0.5 ], "glow": 50, "autoUv": false },
														"up": { "texture": "#material", "uv": [ 0.0, 0.0, 1.0, 0.5 ], "glow": 50, "autoUv": false }
													}
												}
											]
										}
									]
								}
							]
						}
					]
				},
				{
					"name": "_origin61",
					"from": [ 0.0, -0.75, 0.0 ],
					"to": [ 0.0, -0.75, 0.0 ],
					"rotationOrigin": [ 0.0, -0.7, 0.0 ],
					"faces": {
						"north": { "texture": "#default", "uv": [ 0.0, 0.0, 0.625, 0.625 ], "autoUv": false },
						"east": { "texture": "#default", "uv": [ 0.0, 0.0, 0.625, 0.625 ], "autoUv": false },
						"south": { "texture": "#default", "uv": [ 0.0, 0.0, 0.625, 0.625 ], "autoUv": false },
						"west": { "texture": "#default", "uv": [ 0.0, 0.0, 0.625, 0.625 ], "autoUv": false },
						"up": { "texture": "#default", "uv": [ 0.0, 0.0, 0.625, 0.625 ], "autoUv": false },
						"down": { "texture": "#default", "uv": [ 0.0, 0.0, 0.625, 0.625 ], "autoUv": false }
					},
					"children": [
						{
							"name": "_prism62",
							"from": [ -1.5, 4.125, 8.75 ],
							"to": [ -1.5, 4.125, 8.75 ],
							"rotationOrigin": [ -1.5, 4.375, 7.5 ],
							"rotationX": -90.0,
							"faces": {
								"north": { "texture": "#default", "uv": [ 0.0, 13.0, 0.625, 13.625 ], "autoUv": false },
								"east": { "texture": "#default", "uv": [ 1.5, 3.0, 2.125, 3.625 ], "autoUv": false },
								"south": { "texture": "#default", "uv": [ 5.5, 7.0, 6.125, 7.625 ], "autoUv": false },
								"west": { "texture": "#default", "uv": [ 5.5, 6.5, 6.125, 7.125 ], "autoUv": false },
								"up": { "texture": "#default", "uv": [ 11.0, 1.5, 11.625, 2.125 ], "autoUv": false },
								"down": { "texture": "#default", "uv": [ 1.0, 0.0, 1.625, 0.625 ], "autoUv": false }
							},
							"children": [
								{
									"name": "_mainbody-capfront63",
									"from": [ 0.0, 0.0, 0.0 ],
									"to": [ 0.0, 0.0, 0.0 ],
									"faces": {
										"north": { "texture": "#default", "uv": [ 0.0, 0.0, 0.625, 0.625 ], "autoUv": false },
										"east": { "texture": "#default", "uv": [ 0.0, 0.0, 0.625, 0.625 ], "autoUv": false },
										"south": { "texture": "#default", "uv": [ 0.0, 0.0, 0.625, 0.625 ], "autoUv": false },
										"west": { "texture": "#default", "uv": [ 0.0, 0.0, 0.625, 0.625 ], "autoUv": false },
										"up": { "texture": "#default", "uv": [ 0.0, 0.0, 0.625, 0.625 ], "autoUv": false },
										"down": { "texture": "#default", "uv": [ 0.0, 0.0, 0.625, 0.625 ], "autoUv": false }
									},
									"children": [
										{
											"name": "mainbody-capfront-1-65",
											"from": [ -0.1875, 6.2, -7.1115 ],
											"to": [ 0.0, 9.2, -5.6115 ],
											"rotationOrigin": [ 0.0, 6.2008, -5.6115 ],
											"rotationX": -180.0,
											"rotationY": 60.0,
											"rotationZ": 180.0,
											"faces": {
												"east": { "texture": "#outerenergy", "uv": [ 0.0, 0.0, 0.625, 1.25 ], "glow": 50, "autoUv": false },
												"up": { "texture": "#outerenergy", "uv": [ 0.0, 0.0, 0.625, 0.625 ], "glow": 50, "autoUv": false },
												"down": { "texture": "#outerenergy", "uv": [ 0.0, 0.0, 0.625, 0.625 ], "glow": 50, "autoUv": false }
											}
										},
										{
											"name": "mainbody-capfront-1-65",
											"from": [ 3.0, 6.2, -7.1115 ],
											"to": [ 3.1875, 9.2, -5.6115 ],
											"rotationOrigin": [ 3.0, 6.2008, -5.6115 ],
											"rotationX": -180.0,
											"rotationY": -60.0,
											"rotationZ": 180.0,
											"faces": {
												"west": { "texture": "#outerenergy", "uv": [ 0.0, 0.0, 0.625, 1.25 ], "glow": 50, "autoUv": false },
												"up": { "texture": "#outerenergy", "uv": [ 0.0, 0.0, 0.625, 0.625 ], "glow": 50, "autoUv": false },
												"down": { "texture": "#outerenergy", "uv": [ 0.0, 0.0, 0.625, 0.625 ], "glow": 50, "autoUv": false }
											}
										},
										{
											"name": "mainbody-capfront-1-66",
											"from": [ 4.299, 6.2, -6.3615 ],
											"to": [ 4.4865, 9.2, -4.8615 ],
											"rotationOrigin": [ 4.299, 6.2008, -4.8615 ],
											"rotationX": -180.0,
											"rotationY": -30.0,
											"rotationZ": 180.0,
											"faces": {
												"west": { "texture": "#outerenergy", "uv": [ 0.0, 0.0, 0.625, 1.25 ], "glow": 50, "autoUv": false },
												"up": { "texture": "#outerenergy", "uv": [ 0.0, 0.0, 0.625, 0.625 ], "glow": 50, "autoUv": false },
												"down": { "texture": "#outerenergy", "uv": [ 0.0, 0.0, 0.625, 0.625 ], "glow": 50, "autoUv": false }
											},
											"children": [
												{
													"name": "mainbody-capfront-1-67",
													"from": [ 0.0, 0.0, -3.0 ],
													"to": [ 0.1875, 3.0, 0.0 ],
													"rotationOrigin": [ 0.0, 7.0E-4, 0.0 ],
													"rotationY": -30.0,
													"faces": {
														"west": { "texture": "#outerenergy", "uv": [ 0.0, 0.0, 1.25, 1.25 ], "glow": 50, "autoUv": false },
														"up": { "texture": "#outerenergy", "uv": [ 0.0, 0.0, 0.625, 1.25 ], "glow": 50, "autoUv": false },
														"down": { "texture": "#outerenergy", "uv": [ 0.0, 0.0, 0.625, 1.25 ], "glow": 50, "autoUv": false }
													}
												}
											]
										},
										{
											"name": "mainbody-capfront-1-68",
											"from": [ -1.4865, 6.2, -6.3615 ],
											"to": [ -1.299, 9.2, -4.8615 ],
											"rotationOrigin": [ -1.299, 6.2008, -4.8615 ],
											"rotationX": -180.0,
											"rotationY": 30.0,
											"rotationZ": 180.0,
											"faces": {
												"east": { "texture": "#outerenergy", "uv": [ 0.0, 0.0, 0.625, 1.25 ], "glow": 50, "autoUv": false },
												"up": { "texture": "#outerenergy", "uv": [ 0.0, 0.0, 0.625, 0.625 ], "glow": 50, "autoUv": false },
												"down": { "texture": "#outerenergy", "uv": [ 0.0, 0.0, 0.625, 0.625 ], "glow": 50, "autoUv": false }
											},
											"children": [
												{
													"name": "mainbody-capfront-1-69",
													"from": [ 0.0, 0.0, -3.0 ],
													"to": [ 0.1875, 3.0, 0.0 ],
													"rotationOrigin": [ 0.1875, 7.0E-4, 0.0 ],
													"rotationY": 30.0,
													"faces": {
														"east": { "texture": "#outerenergy", "uv": [ 0.0, 0.0, 1.25, 1.25 ], "glow": 50, "autoUv": false },
														"up": { "texture": "#outerenergy", "uv": [ 0.0, 0.0, 0.625, 1.25 ], "glow": 50, "autoUv": false },
														"down": { "texture": "#outerenergy", "uv": [ 0.0, 0.0, 0.625, 1.25 ], "glow": 50, "autoUv": false }
													}
												}
											]
										},
										{
											"name": "mainbody-capfront-2-70",
											"from": [ -1.4835, 8.9997, -7.105 ],
											"to": [ 0.0165, 9.1872, -5.605 ],
											"rotationOrigin": [ 0.0165, 9.1873, -5.5807 ],
											"rotationX": -165.048,
											"rotationY": 60.054,
											"rotationZ": 107.071,
											"faces": {
												"north": { "texture": "#outerenergy", "uv": [ 0.0, 0.0, 0.625, 0.625 ], "glow": 50, "autoUv": false },
												"west": { "texture": "#outerenergy", "uv": [ 0.0, 0.0, 0.625, 0.625 ], "glow": 50, "autoUv": false },
												"up": { "texture": "#outerenergy", "uv": [ 0.0, 0.0, 0.625, 0.625 ], "glow": 50, "autoUv": false }
											}
										},
										{
											"name": "mainbody-capfront-2-71",
											"from": [ -2.4227, 9.6488, -3.5165 ],
											"to": [ -0.9227, 9.8363, -2.0165 ],
											"rotationOrigin": [ -1.6727, 9.8363, -3.5165 ],
											"rotationX": 163.888,
											"rotationY": 25.513,
											"rotationZ": 123.8,
											"faces": {
												"east": { "texture": "#outerenergy", "uv": [ 0.0, 0.0, 0.625, 0.625 ], "glow": 50, "autoUv": false },
												"south": { "texture": "#outerenergy", "uv": [ 0.0, 0.0, 0.625, 0.625 ], "glow": 50, "autoUv": false },
												"west": { "texture": "#outerenergy", "uv": [ 0.0, 0.0, 0.625, 0.625 ], "glow": 50, "autoUv": false },
												"up": { "texture": "#outerenergy", "uv": [ 0.0, 0.0, 0.625, 0.625 ], "glow": 50, "autoUv": false }
											}
										},
										{
											"name": "mainbody-capfront-2-72",
											"from": [ -1.3957, 10.6708, -3.5177 ],
											"to": [ 0.1042, 10.8583, -2.0177 ],
											"rotationOrigin": [ -0.6457, 10.8583, -3.5177 ],
											"rotationX": 153.454,
											"rotationY": 14.316,
											"rotationZ": 153.509,
											"faces": {
												"east": { "texture": "#outerenergy", "uv": [ 0.0, 0.0, 0.625, 0.625 ], "glow": 50, "autoUv": false },
												"south": { "texture": "#outerenergy", "uv": [ 0.0, 0.0, 0.625, 0.625 ], "glow": 50, "autoUv": false },
												"west": { "texture": "#outerenergy", "uv": [ 0.0, 0.0, 0.625, 0.625 ], "glow": 50, "autoUv": false },
												"up": { "texture": "#outerenergy", "uv": [ 0.0, 0.0, 0.625, 0.625 ], "glow": 50, "autoUv": false }
											}
										},
										{
											"name": "mainbody-capfront-5-73",
											"from": [ 1.5, 8.9925, -7.105 ],
											"to": [ 3.0, 9.18, -5.605 ],
											"rotationOrigin": [ 3.0, 9.18, -5.5807 ],
											"rotationX": 119.1,
											"rotationY": 7.4,
											"rotationZ": -149.9,
											"faces": {
												"north": { "texture": "#outerenergy", "uv": [ 0.0, 0.0, 0.625, 0.625 ], "glow": 50, "autoUv": false },
												"west": { "texture": "#outerenergy", "uv": [ 0.0, 0.0, 0.625, 0.625 ], "glow": 50, "autoUv": false },
												"up": { "texture": "#outerenergy", "uv": [ 0.0, 0.0, 0.625, 0.625 ], "glow": 50, "autoUv": false }
											}
										},
										{
											"name": "mainbody-capfront-5-74",
											"from": [ 2.899, 10.6818, -3.5165 ],
											"to": [ 4.399, 10.8692, -2.0165 ],
											"rotationOrigin": [ 3.649, 10.8692, -3.5165 ],
											"rotationX": 153.583,
											"rotationY": -14.504,
											"rotationZ": -153.292,
											"faces": {
												"east": { "texture": "#outerenergy", "uv": [ 6.0, 0.5, 6.625, 1.125 ], "glow": 50, "autoUv": false },
												"south": { "texture": "#outerenergy", "uv": [ 5.5, 0.5, 6.125, 1.125 ], "glow": 50, "autoUv": false },
												"west": { "texture": "#outerenergy", "uv": [ 2.0, 6.5, 2.625, 7.125 ], "glow": 50, "autoUv": false },
												"up": { "texture": "#outerenergy", "uv": [ 2.0, 1.5, 2.625, 2.125 ], "glow": 50, "autoUv": false }
											}
										},
										{
											"name": "mainbody-capfront-5-75",
											"from": [ 3.9213, 9.6548, -3.5177 ],
											"to": [ 5.4213, 9.8423, -2.0177 ],
											"rotationOrigin": [ 4.6713, 9.8423, -3.5177 ],
											"rotationX": 164.078,
											"rotationY": -25.66,
											"rotationZ": -123.533,
											"faces": {
												"east": { "texture": "#outerenergy", "uv": [ 0.0, 0.0, 0.625, 0.625 ], "glow": 50, "autoUv": false },
												"south": { "texture": "#outerenergy", "uv": [ 0.0, 0.0, 0.625, 0.625 ], "glow": 50, "autoUv": false },
												"west": { "texture": "#outerenergy", "uv": [ 0.0, 0.0, 0.625, 0.625 ], "glow": 50, "autoUv": false },
												"up": { "texture": "#outerenergy", "uv": [ 0.0, 0.0, 0.625, 0.625 ], "glow": 50, "autoUv": false }
											}
										},
										{
											"name": "mainbody-capfront-1-76",
											"from": [ 2.9983, 11.0623, -3.5625 ],
											"to": [ 6.002, 11.2498, -2.0625 ],
											"rotationOrigin": [ 3.0, 11.2498, -3.5625 ],
											"rotationX": 150.0,
											"rotationZ": -180.0,
											"faces": {
												"east": { "texture": "#outerenergy", "uv": [ 0.0, 0.0, 0.625, 0.625 ], "glow": 50, "autoUv": false },
												"west": { "texture": "#outerenergy", "uv": [ 0.0, 0.0, 0.625, 0.625 ], "glow": 50, "autoUv": false },
												"up": { "texture": "#outerenergy", "uv": [ 0.0, 0.0, 1.25, 0.625 ], "glow": 50, "autoUv": false }
											},
											"children": [
												{
													"name": "mainbody-capfront-1-77",
													"from": [ 0.0, 0.0, -3.0 ],
													"to": [ 3.0038, 0.1875, 0.0 ],
													"rotationOrigin": [ 0.0018, 0.1875, 0.0 ],
													"rotationX": -30.0,
													"faces": {
														"east": { "texture": "#outerenergy", "uv": [ 0.0, 0.0, 1.25, 0.625 ], "glow": 50, "autoUv": false },
														"west": { "texture": "#outerenergy", "uv": [ 0.0, 0.0, 1.25, 0.625 ], "glow": 50, "autoUv": false },
														"up": { "texture": "#outerenergy", "uv": [ 0.0, 0.0, 1.25, 1.25 ], "glow": 50, "autoUv": false }
													}
												}
											]
										},
										{
											"name": "mainbody-capfront-1-78",
											"from": [ 3.0, 10.3123, -4.8615 ],
											"to": [ 6.0, 10.4998, -3.3615 ],
											"rotationOrigin": [ 3.0, 10.4998, -4.8615 ],
											"rotationX": 120.0,
											"rotationZ": -180.0,
											"faces": {
												"east": { "texture": "#outerenergy", "uv": [ 0.0, 0.0, 0.625, 0.625 ], "glow": 50, "autoUv": false },
												"west": { "texture": "#outerenergy", "uv": [ 0.0, 0.0, 0.625, 0.625 ], "glow": 50, "autoUv": false },
												"up": { "texture": "#outerenergy", "uv": [ 0.0, 0.0, 1.25, 0.625 ], "glow": 50, "autoUv": false }
											}
										},
										{
											"name": "mainbody-capfront-1-79",
											"from": [ 3.0, 9.0135, -5.6112 ],
											"to": [ 6.0, 9.201, -2.6112 ],
											"rotationOrigin": [ 3.0, 9.201, -5.6115 ],
											"rotationX": 90.0,
											"rotationZ": -180.0,
											"faces": {
												"up": { "texture": "#outerenergy", "uv": [ 0.0, 0.0, 1.25, 1.25 ], "glow": 50, "autoUv": false }
											}
										},
										{
											"name": "Cube80",
											"from": [ 3.0, -1.5, -7.15 ],
											"to": [ 3.0, -1.5, -7.15 ],
											"rotationOrigin": [ 3.0, 0.0, -7.15 ],
											"rotationX": 180.0,
											"rotationZ": 180.0,
											"faces": {
												"north": { "texture": "#default", "uv": [ 0.0, 0.0, 0.625, 0.625 ], "autoUv": false },
												"east": { "texture": "#default", "uv": [ 0.0, 0.0, 0.625, 0.625 ], "autoUv": false },
												"south": { "texture": "#default", "uv": [ 0.0, 0.0, 0.625, 0.625 ], "autoUv": false },
												"west": { "texture": "#default", "uv": [ 0.0, 0.0, 0.625, 0.625 ], "autoUv": false },
												"up": { "texture": "#default", "uv": [ 0.0, 0.0, 0.625, 0.625 ], "autoUv": false },
												"down": { "texture": "#default", "uv": [ 0.0, 0.0, 0.625, 0.625 ], "autoUv": false }
											},
											"children": [
												{
													"name": "mainbody-capfront-3-81",
													"from": [ 1.5, 7.5443, -3.0935 ],
													"to": [ 3.0, 7.7317, -1.5935 ],
													"rotationOrigin": [ 3.0, 7.7318, -1.5692 ],
													"rotationX": -60.9,
													"rotationY": 7.4,
													"rotationZ": -149.9,
													"faces": {
														"north": { "texture": "#outerenergy", "uv": [ 0.0, 0.0, 0.625, 0.625 ], "glow": 50, "autoUv": false },
														"west": { "texture": "#outerenergy", "uv": [ 0.0, 0.0, 0.625, 0.625 ], "glow": 50, "autoUv": false },
														"up": { "texture": "#outerenergy", "uv": [ 0.0, 0.0, 0.625, 0.625 ], "glow": 50, "autoUv": false }
													}
												},
												{
													"name": "mainbody-capfront-3-82",
													"from": [ 2.899, 5.855, -3.6335 ],
													"to": [ 4.399, 6.0425, -2.1335 ],
													"rotationOrigin": [ 3.649, 6.0425, -3.6335 ],
													"rotationX": -26.417,
													"rotationY": -14.504,
													"rotationZ": -153.292,
													"faces": {
														"east": { "texture": "#outerenergy", "uv": [ 0.0, 0.0, 0.625, 0.625 ], "glow": 50, "autoUv": false },
														"south": { "texture": "#outerenergy", "uv": [ 0.0, 0.0, 0.625, 0.625 ], "glow": 50, "autoUv": false },
														"west": { "texture": "#outerenergy", "uv": [ 0.0, 0.0, 0.625, 0.625 ], "glow": 50, "autoUv": false },
														"up": { "texture": "#outerenergy", "uv": [ 0.0, 0.0, 0.625, 0.625 ], "glow": 50, "autoUv": false }
													}
												},
												{
													"name": "mainbody-capfront-3-83",
													"from": [ 3.921, 6.882, -3.6322 ],
													"to": [ 5.421, 7.0695, -2.1322 ],
													"rotationOrigin": [ 4.671, 7.0695, -3.6322 ],
													"rotationX": -15.922,
													"rotationY": -25.66,
													"rotationZ": -123.533,
													"faces": {
														"east": { "texture": "#outerenergy", "uv": [ 0.0, 0.0, 0.625, 0.625 ], "glow": 50, "autoUv": false },
														"south": { "texture": "#outerenergy", "uv": [ 0.0, 0.0, 0.625, 0.625 ], "glow": 50, "autoUv": false },
														"west": { "texture": "#outerenergy", "uv": [ 0.0, 0.0, 0.625, 0.625 ], "glow": 50, "autoUv": false },
														"up": { "texture": "#outerenergy", "uv": [ 0.0, 0.0, 0.625, 0.625 ], "glow": 50, "autoUv": false }
													}
												},
												{
													"name": "mainbody-capfront-4-84",
													"from": [ -1.4835, 7.5373, -3.0935 ],
													"to": [ 0.0165, 7.7248, -1.5935 ],
													"rotationOrigin": [ 0.0165, 7.7248, -1.5692 ],
													"rotationX": 14.952,
													"rotationY": 60.054,
													"rotationZ": 107.071,
													"faces": {
														"north": { "texture": "#outerenergy", "uv": [ 0.0, 0.0, 0.625, 0.625 ], "glow": 50, "autoUv": false },
														"west": { "texture": "#outerenergy", "uv": [ 0.0, 0.0, 0.625, 0.625 ], "glow": 50, "autoUv": false },
														"up": { "texture": "#outerenergy", "uv": [ 0.0, 0.0, 0.625, 0.625 ], "glow": 50, "autoUv": false }
													}
												},
												{
													"name": "mainbody-capfront-4-85",
													"from": [ -2.4227, 6.8883, -3.6335 ],
													"to": [ -0.9227, 7.0758, -2.1335 ],
													"rotationOrigin": [ -1.6727, 7.0758, -3.6335 ],
													"rotationX": -16.112,
													"rotationY": 25.513,
													"rotationZ": 123.8,
													"faces": {
														"east": { "texture": "#outerenergy", "uv": [ 0.0, 0.0, 0.625, 0.625 ], "glow": 50, "autoUv": false },
														"south": { "texture": "#outerenergy", "uv": [ 0.0, 0.0, 0.625, 0.625 ], "glow": 50, "autoUv": false },
														"west": { "texture": "#outerenergy", "uv": [ 0.0, 0.0, 0.625, 0.625 ], "glow": 50, "autoUv": false },
														"up": { "texture": "#outerenergy", "uv": [ 0.0, 0.0, 0.625, 0.625 ], "glow": 50, "autoUv": false }
													}
												},
												{
													"name": "mainbody-capfront-4-86",
													"from": [ -1.3957, 5.866, -3.6322 ],
													"to": [ 0.1042, 6.0535, -2.1322 ],
													"rotationOrigin": [ -0.6457, 6.0535, -3.6322 ],
													"rotationX": -26.545,
													"rotationY": 14.316,
													"rotationZ": 153.509,
													"faces": {
														"east": { "texture": "#outerenergy", "uv": [ 0.0, 0.0, 0.625, 0.625 ], "glow": 50, "autoUv": false },
														"south": { "texture": "#outerenergy", "uv": [ 0.0, 0.0, 0.625, 0.625 ], "glow": 50, "autoUv": false },
														"west": { "texture": "#outerenergy", "uv": [ 0.0, 0.0, 0.625, 0.625 ], "glow": 50, "autoUv": false },
														"up": { "texture": "#outerenergy", "uv": [ 0.0, 0.0, 0.625, 0.625 ], "glow": 50, "autoUv": false }
													}
												},
												{
													"name": "mainbody-capfront-1-87",
													"from": [ -0.0017, 6.214, -2.2885 ],
													"to": [ 3.002, 6.4015, -0.7885 ],
													"rotationOrigin": [ 0.0, 6.4015, -2.2885 ],
													"rotationX": 150.0,
													"faces": {
														"east": { "texture": "#outerenergy", "uv": [ 0.0, 0.0, 0.625, 0.625 ], "glow": 50, "autoUv": false },
														"west": { "texture": "#outerenergy", "uv": [ 0.0, 0.0, 0.625, 0.625 ], "glow": 50, "autoUv": false },
														"up": { "texture": "#outerenergy", "uv": [ 0.0, 0.0, 1.25, 0.625 ], "glow": 50, "autoUv": false }
													},
													"children": [
														{
															"name": "mainbody-capfront-1-88",
															"from": [ 0.0, 0.0, 1.5 ],
															"to": [ 3.0038, 0.1875, 4.5 ],
															"rotationOrigin": [ 0.0018, 0.1875, 1.5 ],
															"rotationX": 30.0,
															"faces": {
																"east": { "texture": "#outerenergy", "uv": [ 0.0, 0.0, 1.25, 0.625 ], "glow": 50, "autoUv": false },
																"west": { "texture": "#outerenergy", "uv": [ 0.0, 0.0, 1.25, 0.625 ], "glow": 50, "autoUv": false },
																"up": { "texture": "#outerenergy", "uv": [ 0.0, 0.0, 1.25, 1.25 ], "glow": 50, "autoUv": false }
															}
														}
													]
												},
												{
													"name": "mainbody-capfront-1-89",
													"from": [ 0.0, 7.513, -1.5385 ],
													"to": [ 3.0, 7.7005, -0.0385 ],
													"rotationOrigin": [ 0.375, 7.7008, -1.5385 ],
													"rotationX": 120.0,
													"faces": {
														"east": { "texture": "#outerenergy", "uv": [ 0.0, 0.0, 0.625, 0.625 ], "glow": 50, "autoUv": false },
														"west": { "texture": "#outerenergy", "uv": [ 0.0, 0.0, 0.625, 0.625 ], "glow": 50, "autoUv": false },
														"up": { "texture": "#outerenergy", "uv": [ 0.0, 0.0, 1.25, 0.625 ], "glow": 50, "autoUv": false }
													}
												}
											]
										}
									]
								},
								{
									"name": "_mainbody-capback90",
									"from": [ -3.0, 0.0, 10.15 ],
									"to": [ -3.0, 0.0, 10.15 ],
									"rotationOrigin": [ 0.0, 0.0, 3.0 ],
									"rotationY": 180.0,
									"faces": {
										"north": { "texture": "#default", "uv": [ 0.0, 0.0, 0.625, 0.625 ], "autoUv": false },
										"east": { "texture": "#default", "uv": [ 0.0, 0.0, 0.625, 0.625 ], "autoUv": false },
										"south": { "texture": "#default", "uv": [ 0.0, 0.0, 0.625, 0.625 ], "autoUv": false },
										"west": { "texture": "#default", "uv": [ 0.0, 0.0, 0.625, 0.625 ], "autoUv": false },
										"up": { "texture": "#default", "uv": [ 0.0, 0.0, 0.625, 0.625 ], "autoUv": false },
										"down": { "texture": "#default", "uv": [ 0.0, 0.0, 0.625, 0.625 ], "autoUv": false }
									},
									"children": [
										{
											"name": "mainbody-capback-1-91",
											"from": [ -0.1875, 6.2, -7.1115 ],
											"to": [ 0.0, 9.2, -5.6115 ],
											"rotationOrigin": [ 0.0, 6.2008, -5.6115 ],
											"rotationX": -180.0,
											"rotationY": 60.0,
											"rotationZ": 180.0,
											"faces": {
												"east": { "texture": "#outerenergy", "uv": [ 0.0, 0.0, 0.625, 1.25 ], "glow": 50, "autoUv": false },
												"up": { "texture": "#outerenergy", "uv": [ 0.0, 0.0, 0.625, 0.625 ], "glow": 50, "autoUv": false },
												"down": { "texture": "#outerenergy", "uv": [ 0.0, 0.0, 0.625, 0.625 ], "glow": 50, "autoUv": false }
											}
										},
										{
											"name": "mainbody-capback-1-92",
											"from": [ 3.0, 6.2, -7.1115 ],
											"to": [ 3.1875, 9.2, -5.6115 ],
											"rotationOrigin": [ 3.0, 6.2008, -5.6115 ],
											"rotationX": -180.0,
											"rotationY": -60.0,
											"rotationZ": 180.0,
											"faces": {
												"west": { "texture": "#outerenergy", "uv": [ 0.0, 0.0, 0.625, 1.25 ], "glow": 50, "autoUv": false },
												"up": { "texture": "#outerenergy", "uv": [ 0.0, 0.0, 0.625, 0.625 ], "glow": 50, "autoUv": false },
												"down": { "texture": "#outerenergy", "uv": [ 0.0, 0.0, 0.625, 0.625 ], "glow": 50, "autoUv": false }
											}
										},
										{
											"name": "mainbody-capback-1-93",
											"from": [ 4.299, 6.2, -6.3615 ],
											"to": [ 4.4865, 9.2, -4.8615 ],
											"rotationOrigin": [ 4.299, 6.2008, -4.8615 ],
											"rotationX": -180.0,
											"rotationY": -30.0,
											"rotationZ": 180.0,
											"faces": {
												"west": { "texture": "#outerenergy", "uv": [ 0.0, 0.0, 0.625, 1.25 ], "glow": 50, "autoUv": false },
												"up": { "texture": "#outerenergy", "uv": [ 0.0, 0.0, 0.625, 0.625 ], "glow": 50, "autoUv": false },
												"down": { "texture": "#outerenergy", "uv": [ 0.0, 0.0, 0.625, 0.625 ], "glow": 50, "autoUv": false }
											}
										},
										{
											"name": "mainbody-capback-1-94",
											"from": [ -1.4865, 6.2, -6.3615 ],
											"to": [ -1.299, 9.2, -4.8615 ],
											"rotationOrigin": [ -1.299, 6.2008, -4.8615 ],
											"rotationX": -180.0,
											"rotationY": 30.0,
											"rotationZ": 180.0,
											"faces": {
												"east": { "texture": "#outerenergy", "uv": [ 0.0, 0.0, 0.625, 1.25 ], "glow": 50, "autoUv": false },
												"up": { "texture": "#outerenergy", "uv": [ 0.0, 0.0, 0.625, 0.625 ], "glow": 50, "autoUv": false },
												"down": { "texture": "#outerenergy", "uv": [ 0.0, 0.0, 0.625, 0.625 ], "glow": 50, "autoUv": false }
											}
										},
										{
											"name": "mainbody-capback-2-95",
											"from": [ -1.4835, 8.9997, -7.105 ],
											"to": [ 0.0165, 9.1872, -5.605 ],
											"rotationOrigin": [ 0.0165, 9.1873, -5.5807 ],
											"rotationX": -165.048,
											"rotationY": 60.054,
											"rotationZ": 107.071,
											"faces": {
												"north": { "texture": "#outerenergy", "uv": [ 0.0, 0.0, 0.625, 0.625 ], "glow": 50, "autoUv": false },
												"west": { "texture": "#outerenergy", "uv": [ 0.0, 0.0, 0.625, 0.625 ], "glow": 50, "autoUv": false },
												"up": { "texture": "#outerenergy", "uv": [ 0.0, 0.0, 0.625, 0.625 ], "glow": 50, "autoUv": false }
											}
										},
										{
											"name": "mainbody-capback-2-96",
											"from": [ -2.4227, 9.6488, -3.5165 ],
											"to": [ -0.9227, 9.8363, -2.0165 ],
											"rotationOrigin": [ -1.6727, 9.8363, -3.5165 ],
											"rotationX": 163.888,
											"rotationY": 25.513,
											"rotationZ": 123.8,
											"faces": {
												"east": { "texture": "#outerenergy", "uv": [ 0.0, 0.0, 0.625, 0.625 ], "glow": 50, "autoUv": false },
												"south": { "texture": "#outerenergy", "uv": [ 0.0, 0.0, 0.625, 0.625 ], "glow": 50, "autoUv": false },
												"west": { "texture": "#outerenergy", "uv": [ 0.0, 0.0, 0.625, 0.625 ], "glow": 50, "autoUv": false },
												"up": { "texture": "#outerenergy", "uv": [ 0.0, 0.0, 0.625, 0.625 ], "glow": 50, "autoUv": false }
											},
											"children": [
												{
													"name": "mainbody-capback-2-97",
													"from": [ 0.0, 0.0, -3.0 ],
													"to": [ 1.5, 0.1875, 0.0 ],
													"rotationOrigin": [ 0.75, 0.1875, 0.0 ],
													"rotationX": -30.0,
													"faces": {
														"east": { "texture": "#outerenergy", "uv": [ 0.0, 0.0, 1.25, 0.625 ], "glow": 50, "autoUv": false },
														"south": { "texture": "#outerenergy", "uv": [ 0.0, 0.0, 0.625, 0.625 ], "glow": 50, "autoUv": false },
														"west": { "texture": "#outerenergy", "uv": [ 0.0, 0.0, 1.25, 0.625 ], "glow": 50, "autoUv": false },
														"up": { "texture": "#outerenergy", "uv": [ 0.0, 0.0, 0.625, 1.25 ], "glow": 50, "autoUv": false }
													}
												}
											]
										},
										{
											"name": "mainbody-capback-2-98",
											"from": [ -1.3957, 10.6708, -3.5177 ],
											"to": [ 0.1042, 10.8583, -2.0177 ],
											"rotationOrigin": [ -0.6457, 10.8583, -3.5177 ],
											"rotationX": 153.454,
											"rotationY": 14.316,
											"rotationZ": 153.509,
											"faces": {
												"east": { "texture": "#outerenergy", "uv": [ 0.0, 0.0, 0.625, 0.625 ], "glow": 50, "autoUv": false },
												"south": { "texture": "#outerenergy", "uv": [ 0.0, 0.0, 0.625, 0.625 ], "glow": 50, "autoUv": false },
												"west": { "texture": "#outerenergy", "uv": [ 0.0, 0.0, 0.625, 0.625 ], "glow": 50, "autoUv": false },
												"up": { "texture": "#outerenergy", "uv": [ 0.0, 0.0, 0.625, 0.625 ], "glow": 50, "autoUv": false }
											},
											"children": [
												{
													"name": "mainbody-capback-2-99",
													"from": [ 0.0, 0.0, -3.0 ],
													"to": [ 1.5, 0.1875, 0.0 ],
													"rotationOrigin": [ 0.75, 0.1875, 0.0 ],
													"rotationX": -30.0,
													"faces": {
														"east": { "texture": "#outerenergy", "uv": [ 0.0, 0.0, 1.25, 0.625 ], "glow": 50, "autoUv": false },
														"south": { "texture": "#outerenergy", "uv": [ 0.0, 0.0, 0.625, 0.625 ], "glow": 50, "autoUv": false },
														"west": { "texture": "#outerenergy", "uv": [ 0.0, 0.0, 1.25, 0.625 ], "glow": 50, "autoUv": false },
														"up": { "texture": "#outerenergy", "uv": [ 0.0, 0.0, 0.625, 1.25 ], "glow": 50, "autoUv": false }
													}
												}
											]
										},
										{
											"name": "mainbody-capback-5-100",
											"from": [ 1.5, 8.9925, -7.105 ],
											"to": [ 3.0, 9.18, -5.605 ],
											"rotationOrigin": [ 3.0, 9.18, -5.5807 ],
											"rotationX": 119.1,
											"rotationY": 7.4,
											"rotationZ": -149.9,
											"faces": {
												"north": { "texture": "#outerenergy", "uv": [ 0.0, 0.0, 0.625, 0.625 ], "glow": 50, "autoUv": false },
												"west": { "texture": "#outerenergy", "uv": [ 0.0, 0.0, 0.625, 0.625 ], "glow": 50, "autoUv": false },
												"up": { "texture": "#outerenergy", "uv": [ 0.0, 0.0, 0.625, 0.625 ], "glow": 50, "autoUv": false }
											}
										},
										{
											"name": "mainbody-capback-5-101",
											"from": [ 2.899, 10.6818, -3.5165 ],
											"to": [ 4.399, 10.8692, -2.0165 ],
											"rotationOrigin": [ 3.649, 10.8692, -3.5165 ],
											"rotationX": 153.583,
											"rotationY": -14.504,
											"rotationZ": -153.292,
											"faces": {
												"east": { "texture": "#outerenergy", "uv": [ 6.0, 0.5, 6.625, 1.125 ], "glow": 50, "autoUv": false },
												"south": { "texture": "#outerenergy", "uv": [ 5.5, 0.5, 6.125, 1.125 ], "glow": 50, "autoUv": false },
												"west": { "texture": "#outerenergy", "uv": [ 2.0, 6.5, 2.625, 7.125 ], "glow": 50, "autoUv": false },
												"up": { "texture": "#outerenergy", "uv": [ 2.0, 1.5, 2.625, 2.125 ], "glow": 50, "autoUv": false }
											},
											"children": [
												{
													"name": "mainbody-capback-5-102",
													"from": [ 0.0, 0.0, -3.0 ],
													"to": [ 1.5, 0.1875, 0.0 ],
													"rotationOrigin": [ 0.75, 0.1875, 0.0 ],
													"rotationX": -30.0,
													"faces": {
														"east": { "texture": "#outerenergy", "uv": [ 6.0, 0.5, 7.25, 1.125 ], "glow": 50, "autoUv": false },
														"south": { "texture": "#outerenergy", "uv": [ 5.5, 0.5, 6.125, 1.125 ], "glow": 50, "autoUv": false },
														"west": { "texture": "#outerenergy", "uv": [ 2.0, 6.5, 3.25, 7.125 ], "glow": 50, "autoUv": false },
														"up": { "texture": "#outerenergy", "uv": [ 2.0, 1.5, 2.625, 2.75 ], "glow": 50, "autoUv": false }
													}
												}
											]
										},
										{
											"name": "mainbody-capback-5-103",
											"from": [ 3.9213, 9.6548, -3.5177 ],
											"to": [ 5.4213, 9.8423, -2.0177 ],
											"rotationOrigin": [ 4.6713, 9.8423, -3.5177 ],
											"rotationX": 164.078,
											"rotationY": -25.66,
											"rotationZ": -123.533,
											"faces": {
												"east": { "texture": "#outerenergy", "uv": [ 0.0, 0.0, 0.625, 0.625 ], "glow": 50, "autoUv": false },
												"south": { "texture": "#outerenergy", "uv": [ 0.0, 0.0, 0.625, 0.625 ], "glow": 50, "autoUv": false },
												"west": { "texture": "#outerenergy", "uv": [ 0.0, 0.0, 0.625, 0.625 ], "glow": 50, "autoUv": false },
												"up": { "texture": "#outerenergy", "uv": [ 0.0, 0.0, 0.625, 0.625 ], "glow": 50, "autoUv": false }
											},
											"children": [
												{
													"name": "mainbody-capback-5-104",
													"from": [ 0.0, 0.0, -3.0 ],
													"to": [ 1.5, 0.1875, 0.0 ],
													"rotationOrigin": [ 0.75, 0.1875, 0.0 ],
													"rotationX": -30.0,
													"faces": {
														"east": { "texture": "#outerenergy", "uv": [ 0.0, 0.0, 1.25, 0.625 ], "glow": 50, "autoUv": false },
														"south": { "texture": "#outerenergy", "uv": [ 0.0, 0.0, 0.625, 0.625 ], "glow": 50, "autoUv": false },
														"west": { "texture": "#outerenergy", "uv": [ 0.0, 0.0, 1.25, 0.625 ], "glow": 50, "autoUv": false },
														"up": { "texture": "#outerenergy", "uv": [ 0.0, 0.0, 0.625, 1.25 ], "glow": 50, "autoUv": false }
													}
												}
											]
										},
										{
											"name": "mainbody-capback-1-105",
											"from": [ 2.9983, 11.0623, -3.5625 ],
											"to": [ 6.002, 11.2498, -2.0625 ],
											"rotationOrigin": [ 3.0, 11.2498, -3.5625 ],
											"rotationX": 150.0,
											"rotationZ": -180.0,
											"faces": {
												"east": { "texture": "#outerenergy", "uv": [ 0.0, 0.0, 0.625, 0.625 ], "glow": 50, "autoUv": false },
												"west": { "texture": "#outerenergy", "uv": [ 0.0, 0.0, 0.625, 0.625 ], "glow": 50, "autoUv": false },
												"up": { "texture": "#outerenergy", "uv": [ 0.0, 0.0, 1.25, 0.625 ], "glow": 50, "autoUv": false }
											}
										},
										{
											"name": "mainbody-capback-1-106",
											"from": [ 3.0, 10.3123, -4.8615 ],
											"to": [ 6.0, 10.4998, -3.3615 ],
											"rotationOrigin": [ 3.0, 10.4998, -4.8615 ],
											"rotationX": 120.0,
											"rotationZ": -180.0,
											"faces": {
												"east": { "texture": "#outerenergy", "uv": [ 0.0, 0.0, 0.625, 0.625 ], "glow": 50, "autoUv": false },
												"west": { "texture": "#outerenergy", "uv": [ 0.0, 0.0, 0.625, 0.625 ], "glow": 50, "autoUv": false },
												"up": { "texture": "#outerenergy", "uv": [ 0.0, 0.0, 1.25, 0.625 ], "glow": 50, "autoUv": false }
											}
										},
										{
											"name": "mainbody-capback-1-107",
											"from": [ 3.0, 9.0135, -5.6112 ],
											"to": [ 6.0, 9.201, -2.6112 ],
											"rotationOrigin": [ 3.0, 9.201, -5.6115 ],
											"rotationX": 90.0,
											"rotationZ": -180.0,
											"faces": {
												"up": { "texture": "#outerenergy", "uv": [ 0.0, 0.0, 1.25, 1.25 ], "glow": 50, "autoUv": false }
											}
										},
										{
											"name": "Cube108",
											"from": [ 0.0, -1.5, 0.0 ],
											"to": [ 0.0, -1.5, 0.0 ],
											"faces": {
												"north": { "texture": "#default", "uv": [ 0.0, 0.0, 0.625, 0.625 ], "autoUv": false },
												"east": { "texture": "#default", "uv": [ 0.0, 0.0, 0.625, 0.625 ], "autoUv": false },
												"south": { "texture": "#default", "uv": [ 0.0, 0.0, 0.625, 0.625 ], "autoUv": false },
												"west": { "texture": "#default", "uv": [ 0.0, 0.0, 0.625, 0.625 ], "autoUv": false },
												"up": { "texture": "#default", "uv": [ 0.0, 0.0, 0.625, 0.625 ], "autoUv": false },
												"down": { "texture": "#default", "uv": [ 0.0, 0.0, 0.625, 0.625 ], "autoUv": false }
											},
											"children": [
												{
													"name": "mainbody-capback-3-109",
													"from": [ -1.5, 7.5443, -7.105 ],
													"to": [ 0.0, 7.7317, -5.605 ],
													"rotationOrigin": [ 0.0, 7.7318, -5.5807 ],
													"rotationX": -119.1,
													"rotationY": -7.4,
													"rotationZ": 30.1,
													"faces": {
														"north": { "texture": "#outerenergy", "uv": [ 0.0, 0.0, 0.625, 0.625 ], "glow": 50, "autoUv": false },
														"west": { "texture": "#outerenergy", "uv": [ 0.0, 0.0, 0.625, 0.625 ], "glow": 50, "autoUv": false },
														"up": { "texture": "#outerenergy", "uv": [ 0.0, 0.0, 0.625, 0.625 ], "glow": 50, "autoUv": false }
													}
												},
												{
													"name": "mainbody-capback-3-110",
													"from": [ -1.399, 5.855, -3.5165 ],
													"to": [ 0.101, 6.0425, -2.0165 ],
													"rotationOrigin": [ -0.649, 6.0425, -3.5165 ],
													"rotationX": -153.583,
													"rotationY": 14.504,
													"rotationZ": 26.708,
													"faces": {
														"east": { "texture": "#outerenergy", "uv": [ 0.0, 0.0, 0.625, 0.625 ], "glow": 50, "autoUv": false },
														"south": { "texture": "#outerenergy", "uv": [ 0.0, 0.0, 0.625, 0.625 ], "glow": 50, "autoUv": false },
														"west": { "texture": "#outerenergy", "uv": [ 0.0, 0.0, 0.625, 0.625 ], "glow": 50, "autoUv": false },
														"up": { "texture": "#outerenergy", "uv": [ 0.0, 0.0, 0.625, 0.625 ], "glow": 50, "autoUv": false }
													},
													"children": [
														{
															"name": "mainbody-capback-3-111",
															"from": [ 0.0, 0.0, -3.0 ],
															"to": [ 1.5, 0.1875, 0.0 ],
															"rotationOrigin": [ 0.75, 0.1875, 0.0 ],
															"rotationX": -30.0,
															"faces": {
																"east": { "texture": "#outerenergy", "uv": [ 0.0, 0.0, 1.25, 0.625 ], "glow": 50, "autoUv": false },
																"south": { "texture": "#outerenergy", "uv": [ 0.0, 0.0, 0.625, 0.625 ], "glow": 50, "autoUv": false },
																"west": { "texture": "#outerenergy", "uv": [ 0.0, 0.0, 1.25, 0.625 ], "glow": 50, "autoUv": false },
																"up": { "texture": "#outerenergy", "uv": [ 0.0, 0.0, 0.625, 1.25 ], "glow": 50, "autoUv": false }
															}
														}
													]
												},
												{
													"name": "mainbody-capback-3-112",
													"from": [ -2.421, 6.882, -3.5177 ],
													"to": [ -0.921, 7.0695, -2.0177 ],
													"rotationOrigin": [ -1.671, 7.0695, -3.5177 ],
													"rotationX": -164.078,
													"rotationY": 25.66,
													"rotationZ": 56.467,
													"faces": {
														"east": { "texture": "#outerenergy", "uv": [ 0.0, 0.0, 0.625, 0.625 ], "glow": 50, "autoUv": false },
														"south": { "texture": "#outerenergy", "uv": [ 0.0, 0.0, 0.625, 0.625 ], "glow": 50, "autoUv": false },
														"west": { "texture": "#outerenergy", "uv": [ 0.0, 0.0, 0.625, 0.625 ], "glow": 50, "autoUv": false },
														"up": { "texture": "#outerenergy", "uv": [ 0.0, 0.0, 0.625, 0.625 ], "glow": 50, "autoUv": false }
													},
													"children": [
														{
															"name": "mainbody-capback-3-113",
															"from": [ 0.0, 0.0, -3.0 ],
															"to": [ 1.5, 0.1875, 0.0 ],
															"rotationOrigin": [ 0.75, 0.1875, 0.0 ],
															"rotationX": -30.0,
															"faces": {
																"east": { "texture": "#outerenergy", "uv": [ 0.0, 0.0, 1.25, 0.625 ], "glow": 50, "autoUv": false },
																"south": { "texture": "#outerenergy", "uv": [ 0.0, 0.0, 0.625, 0.625 ], "glow": 50, "autoUv": false },
																"west": { "texture": "#outerenergy", "uv": [ 0.0, 0.0, 1.25, 0.625 ], "glow": 50, "autoUv": false },
																"up": { "texture": "#outerenergy", "uv": [ 0.0, 0.0, 0.625, 1.25 ], "glow": 50, "autoUv": false }
															}
														}
													]
												},
												{
													"name": "mainbody-capback-4-114",
													"from": [ 1.4835, 7.5373, -7.105 ],
													"to": [ 2.9835, 7.7248, -5.605 ],
													"rotationOrigin": [ 2.9835, 7.7248, -5.5807 ],
													"rotationX": 165.048,
													"rotationY": -60.054,
													"rotationZ": -72.929,
													"faces": {
														"north": { "texture": "#outerenergy", "uv": [ 0.0, 0.0, 0.625, 0.625 ], "glow": 50, "autoUv": false },
														"west": { "texture": "#outerenergy", "uv": [ 0.0, 0.0, 0.625, 0.625 ], "glow": 50, "autoUv": false },
														"up": { "texture": "#outerenergy", "uv": [ 0.0, 0.0, 0.625, 0.625 ], "glow": 50, "autoUv": false }
													}
												},
												{
													"name": "mainbody-capback-4-115",
													"from": [ 3.9228, 6.8883, -3.5165 ],
													"to": [ 5.4227, 7.0758, -2.0165 ],
													"rotationOrigin": [ 4.6728, 7.0758, -3.5165 ],
													"rotationX": -163.888,
													"rotationY": -25.513,
													"rotationZ": -56.2,
													"faces": {
														"east": { "texture": "#outerenergy", "uv": [ 0.0, 0.0, 0.625, 0.625 ], "glow": 50, "autoUv": false },
														"south": { "texture": "#outerenergy", "uv": [ 0.0, 0.0, 0.625, 0.625 ], "glow": 50, "autoUv": false },
														"west": { "texture": "#outerenergy", "uv": [ 0.0, 0.0, 0.625, 0.625 ], "glow": 50, "autoUv": false },
														"up": { "texture": "#outerenergy", "uv": [ 0.0, 0.0, 0.625, 0.625 ], "glow": 50, "autoUv": false }
													},
													"children": [
														{
															"name": "mainbody-capback-4-116",
															"from": [ 0.0, 0.0, -3.0 ],
															"to": [ 1.5, 0.1875, 0.0 ],
															"rotationOrigin": [ 0.75, 0.1875, 0.0 ],
															"rotationX": -30.0,
															"faces": {
																"east": { "texture": "#outerenergy", "uv": [ 0.0, 0.0, 1.25, 0.625 ], "glow": 50, "autoUv": false },
																"south": { "texture": "#outerenergy", "uv": [ 0.0, 0.0, 0.625, 0.625 ], "glow": 50, "autoUv": false },
																"west": { "texture": "#outerenergy", "uv": [ 0.0, 0.0, 1.25, 0.625 ], "glow": 50, "autoUv": false },
																"up": { "texture": "#outerenergy", "uv": [ 0.0, 0.0, 0.625, 1.25 ], "glow": 50, "autoUv": false }
															}
														}
													]
												},
												{
													"name": "mainbody-capback-4-117",
													"from": [ 2.8958, 5.866, -3.5177 ],
													"to": [ 4.3957, 6.0535, -2.0177 ],
													"rotationOrigin": [ 3.6457, 6.0535, -3.5177 ],
													"rotationX": -153.455,
													"rotationY": -14.316,
													"rotationZ": -26.491,
													"faces": {
														"east": { "texture": "#outerenergy", "uv": [ 0.0, 0.0, 0.625, 0.625 ], "glow": 50, "autoUv": false },
														"south": { "texture": "#outerenergy", "uv": [ 0.0, 0.0, 0.625, 0.625 ], "glow": 50, "autoUv": false },
														"west": { "texture": "#outerenergy", "uv": [ 0.0, 0.0, 0.625, 0.625 ], "glow": 50, "autoUv": false },
														"up": { "texture": "#outerenergy", "uv": [ 0.0, 0.0, 0.625, 0.625 ], "glow": 50, "autoUv": false }
													},
													"children": [
														{
															"name": "mainbody-capback-4-118",
															"from": [ 0.0, 0.0, -3.0 ],
															"to": [ 1.5, 0.1875, 0.0 ],
															"rotationOrigin": [ 0.75, 0.1875, 0.0 ],
															"rotationX": -30.0,
															"faces": {
																"east": { "texture": "#outerenergy", "uv": [ 0.0, 0.0, 1.25, 0.625 ], "glow": 50, "autoUv": false },
																"south": { "texture": "#outerenergy", "uv": [ 0.0, 0.0, 0.625, 0.625 ], "glow": 50, "autoUv": false },
																"west": { "texture": "#outerenergy", "uv": [ 0.0, 0.0, 1.25, 0.625 ], "glow": 50, "autoUv": false },
																"up": { "texture": "#outerenergy", "uv": [ 0.0, 0.0, 0.625, 1.25 ], "glow": 50, "autoUv": false }
															}
														}
													]
												},
												{
													"name": "mainbody-capback-1-119",
													"from": [ 2.9983, 6.214, -4.8615 ],
													"to": [ 6.002, 6.4015, -3.3615 ],
													"rotationOrigin": [ 3.0, 6.4015, -4.8615 ],
													"rotationX": 30.0,
													"rotationZ": 180.0,
													"faces": {
														"east": { "texture": "#outerenergy", "uv": [ 0.0, 0.0, 0.625, 0.625 ], "glow": 50, "autoUv": false },
														"west": { "texture": "#outerenergy", "uv": [ 0.0, 0.0, 0.625, 0.625 ], "glow": 50, "autoUv": false },
														"up": { "texture": "#outerenergy", "uv": [ 0.0, 0.0, 1.25, 0.625 ], "glow": 50, "autoUv": false }
													}
												},
												{
													"name": "mainbody-capback-1-120",
													"from": [ 2.25, 7.513, -5.6115 ],
													"to": [ 5.25, 7.7005, -4.1115 ],
													"rotationOrigin": [ 2.625, 7.7008, -5.6115 ],
													"rotationX": 60.0,
													"rotationZ": 180.0,
													"faces": {
														"east": { "texture": "#outerenergy", "uv": [ 0.0, 0.0, 0.625, 0.625 ], "glow": 50, "autoUv": false },
														"west": { "texture": "#outerenergy", "uv": [ 0.0, 0.0, 0.625, 0.625 ], "glow": 50, "autoUv": false },
														"up": { "texture": "#outerenergy", "uv": [ 0.0, 0.0, 1.25, 0.625 ], "glow": 50, "autoUv": false }
													}
												}
											]
										}
									]
								}
							]
						}
					]
				}
			]
		}
	],
	"animations": [
		{
			"name": "idle",
			"code": "idle",
			"quantityframes": 16,
			"onActivityStopped": "PlayTillEnd",
			"onAnimationEnd": "Repeat",
			"keyframes": [
				{
					"frame": 0,
					"elements": {
						"_mainorigin": { "rotationX": -180.0, "rotationY": -180.0, "rotationZ": 0.0 }
					}
				},
				{
					"frame": 15,
					"elements": {
						"_mainorigin": { "rotationX": 180.0, "rotationY": 180.0, "rotationZ": 0.0, "rotShortestDistanceY": true }
					}
				}
			]
		}
	]
}