{
	"editor": {
		"backDropShape": "entity/humanoid/seraph-hairless",
		"allAngles": true,
		"entityTextureMode": true
	},
	"textureWidth": 64,
	"textureHeight": 64,
	"textureSizes": {
	},
	"textures": {
	},
	"elements": [
		{
			"name": "GamUpperLegR",
			"stepParentName": "UpperFootR",
			"from": [ -0.1425, -0.375, -0.075 ],
			"to": [ 3.3075, 6.9825, 2.775 ],
			"uv": [ 16.0, 35.0 ],
			"rotationOrigin": [ -0.15, -0.375, -0.075 ],
			"faces": {
				"north": { "texture": "#material", "uv": [ 16.0, 38.5, 20.5, 48.0 ], "autoUv": false },
				"east": { "texture": "#material", "uv": [ 20.5, 38.5, 24.0, 48.0 ], "autoUv": false },
				"south": { "texture": "#material", "uv": [ 24.0, 38.5, 28.5, 48.0 ], "autoUv": false },
				"west": { "texture": "#material", "uv": [ 28.5, 38.5, 32.0, 48.0 ], "autoUv": false },
				"up": { "texture": "#material", "uv": [ 16.0, 35.0, 20.5, 38.5 ], "autoUv": false },
				"down": { "texture": "#material", "uv": [ 20.5, 35.0, 25.0, 38.5 ], "autoUv": false }
			}
		},
		{
			"name": "GamUpperLegL",
			"stepParentName": "UpperFootL",
			"from": [ -0.1425, -0.375, -0.375 ],
			"to": [ 3.3075, 6.9825, 2.475 ],
			"uv": [ 0.0, 35.0 ],
			"rotationOrigin": [ -0.15, -0.375, -0.375 ],
			"faces": {
				"north": { "texture": "#material", "uv": [ 0.0, 38.5, 4.5, 48.0 ], "autoUv": false },
				"east": { "texture": "#material", "uv": [ 4.5, 38.5, 8.0, 48.0 ], "autoUv": false },
				"south": { "texture": "#material", "uv": [ 8.0, 38.5, 12.5, 48.0 ], "autoUv": false },
				"west": { "texture": "#material", "uv": [ 12.5, 38.5, 16.0, 48.0 ], "autoUv": false },
				"up": { "texture": "#material", "uv": [ 0.0, 35.0, 4.5, 38.5 ], "autoUv": false },
				"down": { "texture": "#material", "uv": [ 4.5, 35.0, 9.0, 38.5 ], "autoUv": false }
			}
		},
		{
			"name": "GamLowerLegR",
			"stepParentName": "LowerFootR",
			"from": [ -0.225, 1.35, -0.1875 ],
			"to": [ 3.15, 7.575, 2.4375 ],
			"uv": [ 16.0, 48.0 ],
			"rotationOrigin": [ -0.225, 1.35, -0.3 ],
			"faces": {
				"north": { "texture": "#material", "uv": [ 16.0, 51.5, 20.5, 59.5 ], "autoUv": false },
				"east": { "texture": "#material", "uv": [ 20.5, 51.5, 24.0, 59.5 ], "autoUv": false },
				"south": { "texture": "#material", "uv": [ 24.0, 51.5, 28.5, 59.5 ], "autoUv": false },
				"west": { "texture": "#material", "uv": [ 28.5, 51.5, 32.0, 59.5 ], "autoUv": false },
				"up": { "texture": "#material", "uv": [ 16.0, 48.0, 20.5, 51.5 ], "autoUv": false },
				"down": { "texture": "#material", "uv": [ 20.5, 48.0, 25.0, 51.5 ], "autoUv": false }
			}
		},
		{
			"name": "GamLowerLegL",
			"stepParentName": "LowerFootL",
			"from": [ -0.225, 1.35, -0.1875 ],
			"to": [ 3.15, 7.575, 2.4375 ],
			"uv": [ 0.0, 48.0 ],
			"rotationOrigin": [ -0.225, 1.35, -0.3 ],
			"faces": {
				"north": { "texture": "#material", "uv": [ 0.0, 51.5, 4.5, 59.5 ], "autoUv": false },
				"east": { "texture": "#material", "uv": [ 4.5, 51.5, 8.0, 59.5 ], "autoUv": false },
				"south": { "texture": "#material", "uv": [ 8.0, 51.5, 12.5, 59.5 ], "autoUv": false },
				"west": { "texture": "#material", "uv": [ 12.5, 51.5, 16.0, 59.5 ], "autoUv": false },
				"up": { "texture": "#material", "uv": [ 0.0, 48.0, 4.5, 51.5 ], "autoUv": false },
				"down": { "texture": "#material", "uv": [ 4.5, 48.0, 9.0, 51.5 ], "autoUv": false }
			}
		}
	]}