{
	"code": "chelonioidea",
	"class": "EntityFish",
	"variantgroups": [
		{ "code": "age", "states": ["adult"] },
		{ "code": "gender", "states": ["male", "female"] },
		{ "code": "species", "states": ["carettacaretta", "cheloniamydas", "dermochelyscoriacea","eretmochelysimbricata","lepidochelyskempii","lepidochelysolivacea","natatordepressus" ] }
	],
	"hitBoxSizeByType": {
		"*-adult-*-carettacaretta": { "x": 1.0,"y": 0.4},
		"*-adult-*-cheloniamydas": { "x": 0.9,"y": 0.35},
		"*-adult-*-dermochelyscoriacea": { "x": 1.5,"y": 0.65},
		"*-adult-*-eretmochelysimbricata": { "x": 0.8,"y": 0.3},
		"*-adult-*-lepidochelyskempii": { "x": 0.5,"y": 0.25},
		"*-adult-*-lepidochelysolivacea": { "x": 0.55,"y": 0.3},
		"*-adult-*-natatordepressus": { "x": 0.6,"y": 0.3}
	},
	"deadhitBoxSizeByType": {
		"*-adult-*-carettacaretta": { "x": 1.0,"y": 0.4},
		"*-adult-*-cheloniamydas": { "x": 0.9,"y": 0.35},
		"*-adult-*-dermochelyscoriacea": { "x": 1.5,"y": 0.65},
		"*-adult-*-eretmochelysimbricata": { "x": 0.8,"y": 0.3},
		"*-adult-*-lepidochelyskempii": { "x": 0.5,"y": 0.25},
		"*-adult-*-lepidochelysolivacea": { "x": 0.55,"y": 0.3},
		"*-adult-*-natatordepressus": { "x": 0.6,"y": 0.3}
	},
	"eyeHeightByType": {
		"*-adult-*-carettacaretta": 0.3,
		"*-adult-*-cheloniamydas": 0.4,
		"*-adult-*-dermochelyscoriacea": 0.5,
		"*-adult-*-eretmochelysimbricata": 0.3,
		"*-adult-*-lepidochelyskempii": 0.3,
		"*-adult-*-lepidochelysolivacea": 0.3,
		"*-adult-*-natatordepressus": 0.3,
		"*": 0.6
	},
	"weightByType": {
		"*-adult-*-carettacaretta": 140,
		"*-adult-*-cheloniamydas": 135,
		"*-adult-*-dermochelyscoriacea": 475,
		"*-adult-*-eretmochelysimbricata": 80,
		"*-adult-*-lepidochelyskempii": 40,
		"*-adult-*-lepidochelysolivacea": 45,
		"*-adult-*-natatordepressus": 80
	},	
	"knockbackResistanceByType": {
		"*-adult-*-carettacaretta": 2,
		"*-adult-*-cheloniamydas": 2,
		"*-adult-*-dermochelyscoriacea": 4,
		"*-adult-*-eretmochelysimbricata": 1,
		"*-adult-*-lepidochelyskempii": 0.4,
		"*-adult-*-lepidochelysolivacea": 0.5,
		"*-adult-*-natatordepressus": 1
	},	
	"drops": [],
	"habitat":"Underwater",
	"attributes": {
		"killedByInfoText": "deadcreature-killed",
		"creatureDietByType": {"*-cheloniamydas":{
			"foodCategories": ["Vegetable"],
			"foodTags": ["grass","nibbleCrop"]
		},"*":{
			"foodCategories": ["Vegetable"],
			"foodTags": ["fish","grass","nibbleCrop"]
		}},
		"handbook": {
			"groupcode": "creaturegroup-chelonioidea"
		}
	},
	"client": {
		"renderer": "Shape",
		"shapeByType": {
			"*-adult-*": { "base": "entity/water/chelonioidea/{species}-adult" }
		},
		"textureByType": {  
			"*": { "base": "entity/chelonioidea/{species}-{age}" }   
		},
		"sizeByType": {
			"*-adult-*-carettacaretta": 1.2,
			"*-adult-*-cheloniamydas": 1.1,
			"*-adult-*-dermochelyscoriacea": 1.05,
			"*-adult-*-eretmochelysimbricata": 1.0,
			"*-adult-*-lepidochelyskempii": 0.87,
			"*-adult-*-lepidochelysolivacea": 0.87,
			"*-adult-*-natatordepressus": 1.05
		},
		"behaviors": [
			{ "code": "repulseagents" },
			{ "code": "controlledphysics","stepHeightByType": {"*": 1.1251}},
			{ "code": "interpolateposition" },
			{ "code": "floatupwhenstuck", "onlyWhenDead": true },
			{ "code": "harvestable","quantitySlots": 8 },
			{ "code": "multiply", "enabledByType": { "*-adult-female-*": true, "*": false } },
			{ "code": "despawn", "minPlayerDistance": 16, "belowLightLevel": 1, "minSeconds": 300 }
		],
		"animations": [
			{
				"code": "hurt",
				"animation": "Hurt",
				"animationSpeed": 2.2,
				"weight": 10,
				"blendMode": "AddAverage"
			},
			{
				"code": "die",
				"animation": "Die",
				"weight": 10,
				"blendMode": "Average",
				"triggeredBy": { "onControls": [ "dead" ] }
			},
			{
				"code": "idle",
				"animation": "Idle",
				"blendMode": "AddAverage",
				"easeOutSpeed": 4,
				"animationSpeed": 0.25,
				"triggeredBy": { "defaultAnim": true }
			},
			{
				"code": "idle-land",
				"animation": "Idle-Land",
				"blendMode": "AddAverage",
				"easeOutSpeed": 4,
				"animationSpeed": 0.25
			},
			{
				"code": "sleep",
				"animation": "Sleep",
				"easeInSpeed": 4,
				"easeOutSpeed": 4,
				"animationSpeed": 0.1,
				"blendMode": "Average"
			},
			{
				"code": "eat",
				"animation": "Eat",
				"easeInSpeed": 4,
				"easeOutSpeed": 4,
				"blendMode": "AddAverage"
			},
			{
				"code": "walk",
				"animation": "Walk",
				"supressDefaultAnimation": true,
				"animationSpeed": 1,
				"blendMode": "Average"
			},
			{
				"code": "swim",
				"animation": "Swim",
				"supressDefaultAnimation": true,
				"animationSpeed": 1,
				"blendMode": "Average"
			},
			{
				"code": "swimfast",
				"animation": "Swimfast",
				"supressDefaultAnimation": true,
				"animationSpeed": 1.0,
				"blendMode": "Average"
			}
		]
	},
	"server": {
		"attributes": {
			"pathfinder": {
				"minTurnAnglePerSec": 15,
				"maxTurnAnglePerSec": 45
			}
		},
		"behaviors": [
			{ "code": "repulseagents" },
      { "code": "controlledphysics","stepHeightByType": {"*": 1.1251 }},
			{"code": "despawn","minPlayerDistance": 8,"belowLightLevel": 1,"minSeconds": 300},
			{"code": "health",
				"currenthealthByType": {
				"chelonioidea-adult-*-carettacaretta": 15,
				"chelonioidea-adult-*-cheloniamydas": 14,
				"chelonioidea-adult-*-dermochelyscoriacea": 48,
				"chelonioidea-adult-*-eretmochelysimbricata": 8,
				"chelonioidea-adult-*-lepidochelyskempii": 5,
				"chelonioidea-adult-*-lepidochelysolivacea": 6,
				"chelonioidea-adult-*-natatordepressus": 8
				},
				"maxhealthByType": {
				"chelonioidea-adult-*-carettacaretta": 15,
				"chelonioidea-adult-*-cheloniamydas": 14,
				"chelonioidea-adult-*-dermochelyscoriacea": 48,
				"chelonioidea-adult-*-eretmochelysimbricata": 8,
				"chelonioidea-adult-*-lepidochelyskempii": 5,
				"chelonioidea-adult-*-lepidochelysolivacea": 6,
				"chelonioidea-adult-*-natatordepressus": 8
				}
			},
			{
				"code": "deaddecay",
				"hoursToDecay": 96,
				"decayedBlockByType": {
					"chelonioidea-adult-*-carettacaretta": "carcass-medium",
					"chelonioidea-adult-*-cheloniamydas": "carcass-medium",
					"chelonioidea-adult-*-dermochelyscoriacea": "carcass-large",
					"*-adult-*": "carcass-small"
				}
			},
			{
				"code": "floatupwhenstuck",
				"onlyWhenDead": true
			},
			{
				"code": "harvestable","quantitySlots": 8,
				"drops": [
					{
						"type": "item",
						"code": "game:bushmeat-raw",
						"quantityByType": {
							"chelonioidea-adult-*-carettacaretta": {"avg": 9.5,"var": 0.5},
							"chelonioidea-adult-*-cheloniamydas": {"avg": 9.5,"var": 0.5},
							"chelonioidea-adult-*-dermochelyscoriacea": {"avg": 16,"var": 1},
							"chelonioidea-adult-*-eretmochelysimbricata": {"avg": 4.5,"var": 0.5},
							"chelonioidea-adult-*-lepidochelyskempii": {"avg": 2.5,"var": 0.5},
							"chelonioidea-adult-*-lepidochelysolivacea": {"avg": 2.5,"var": 0.5},
							"chelonioidea-adult-*-natatordepressus": {"avg": 4.5,"var": 0.5}
						}
					},
					{
						"type": "item",
						"code": "chelonioidea:pelt-{gender}-{species}",
						"quantityByType": {
							"*-adult-*": {"avg": 1.0,"var": 0.0},
							"*": {"avg": 0.0,"var": 0.0}
						}
					},
					{
						"type": "item",
						"code": "game:fat",
						"quantityByType": {
							"chelonioidea-adult-*-carettacaretta": {"avg": 2,"var": 0.3},
							"chelonioidea-adult-*-cheloniamydas": {"avg": 2,"var": 0.3},
							"chelonioidea-adult-*-dermochelyscoriacea": {"avg": 4.5,"var": 0.5},
							"chelonioidea-adult-*": {"avg": 1,"var": 0.3}
						}
					}
				]
			},
			{
				"code": "multiply",
				"enabledByType": {
					"*-adult-female-*": true,
					"*": false
				},
				"spawnEntityCodesByType": {
				"*-adult-female-*": [ { "code":"chelonioidea:chelonioidea-baby-male-{species}"}, {"code": "chelonioidea:chelonioidea-baby-female-{species}"} ]
				},
				"requiresNearbyEntityCodeByType": {"*-adult-female-*": "chelonioidea:chelonioidea-adult-male-{species}"},
				"requiresNearbyEntityRange": 10,
				"spawnQuantityMin": 20,
				"spawnQuantityMax": 50,
				"eatAnyway": true,
				"pregnancyDaysByType": {"*":13},
				"multiplyCooldownDaysMin": 73,
				"multiplyCooldownDaysMax": 90,
				"portionsEatenForMultiplyByType": {"*-carettacaretta":12,"*-cheloniamydas": 12, "*-dermochelyscoriacea": 29, "*-eretmochelysimbricata": 10, "*-lepidochelyskempii": 7, "*-lepidochelysolivacea": 7, "*-natatordepressus": 10}
			}, 
			{
				"code": "emotionstates",
				"states": [
					{"code": "fleeondamage","whenHealthRelBelow": 0.5,"duration": 60,"chanceByType": {"*": 1.0},"slot": 0,"priority": 5,"accumType": "max"},
					{"code": "fleeondamage","duration": 40,"chanceByType": {"*-adult-*": 0.75,"*": 1.0},"slot": 0,"priority": 1,"accumType": "max"},
					{"code": "alarmherdondamage","chance": 1,"slot": 1,"priority": 1,"accumType": "max"},
					{"code": "aggressiveondamage","whenHealthRelBelow": 0.75,"duration": 30,"chanceByType": {"*-adult-*": 0.25},"slot": 0,"priority": 2,"accumType": "noaccum"},
					{"code": "saturated","duration": 1200,"chance": 1,"slot": 0,"priority": 1,"accumType": "sum"}]
			},
			{
				"code": "taskai",
				"aitasks": [
					{
						"code": "fishoutofwater", 
						"animation": "walk",
						"priority": 3.5, 
						"priorityForCancel": 3.6,
						"movespeed": 0.005,
						"animationSpeed": 1
					},
					{
						"code": "meleeattack",
						"animation": "eat",
						"entityCodes": [ "player"],
						"priority": 3,
						"damageByType": {
							"chelonioidea-adult-*-dermochelyscoriacea": 3,
							"chelonioidea-adult-*": 2,
							"*-baby-*": 1
						},
						"damageTier": 2,
						"damageType": "SlashingAttack",
						"slot": 1,
						"minDistByType": {
							"*-adult-*": 1.5,
							"*-baby-*": 1
						},
						"minVerDistByType": {
							"*-adult-*": 1.5,
							"*-baby-*": 1
						},
						"mincooldown": 1500,
						"maxcooldown": 2500,
						"attackDurationMs": 1250,
						"damagePlayerAtMs": 500,
						"animationSpeed": 1.5,
						"whenInEmotionState": "aggressiveondamage"
					},
					{
						"code": "fleeentity",
						"animation": "Swimfast",
						"entityCodesByType": {
							"*": [ "bear-*", "hyena-male", "hyena-female", "wolf-male", "wolf-female","bovinae-adult-*", "cetacea-adult-*", "caninae-canina-adult-*","diprotodontidae-adult-*","elephantidae-adult-*","hyaenidae-adult-*","machairodontinae-adult*", "pantherinae-panthera-adult*","rhinocerotidae-adult-*","thylacoleonidae-adult-*", "ursidae-adult-*"]},
						"priority": 1.51,
						"movespeedByType": {
							"*-adult-*": 0.032,
							"*": 0.006
						},
						"animationSpeedByType": {
							"chelonioidea-adult-*-carettacaretta": 0.54,
							"chelonioidea-adult-*-cheloniamydas": 0.6,
							"chelonioidea-adult-*-dermochelyscoriacea": 0.32,
							"chelonioidea-adult-*-eretmochelysimbricata": 0.68,
							"chelonioidea-adult-*-lepidochelyskempii": 0.8,
							"chelonioidea-adult-*-lepidochelysolivacea": 0.72,
							"chelonioidea-adult-*-natatordepressus": 0.64,
							"*-baby-*": 1.6
						},
						"seekingRange": 5
					},
					{
						"code": "seekentity",
						"animation": "Swimfast",
						"entityCodes": [ "player", "hyena-male", "hyena-female", "wolf-male", "wolf-female", "caninae-*","felinae-*","hyaenidae-*","machairodontinae-*", "pantherinae-*","thylacoleonidae-*", "ursidae-*"  ],
						"priority": 1.6,
						"mincooldown": 600,
						"maxcooldown": 650,
						"movespeedByType": {
							"*-adult-*": 0.016,
							"*": 0.006
						},
						"animationSpeedByType": {
							"chelonioidea-adult-*-carettacaretta": 0.54,
							"chelonioidea-adult-*-cheloniamydas": 0.6,
							"chelonioidea-adult-*-dermochelyscoriacea": 0.32,
							"chelonioidea-adult-*-eretmochelysimbricata": 0.68,
							"chelonioidea-adult-*-lepidochelyskempii": 0.8,
							"chelonioidea-adult-*-lepidochelysolivacea": 0.72,
							"chelonioidea-adult-*-natatordepressus": 0.64
						},
						"seekingRange": 10,
						"whenInEmotionState": "aggressiveondamage|aggressivearoundentities"
					},
					{
						"code": "idle",
						"animation": "Idle",
						"priority": 0.9,
						"minduration": 1600,
						"maxduration": 4500,
						"mincooldown": 6000,
						"maxcooldown": 120000,
						"priorityForCancel": 1.28,
						"stopOnNearbyEntityCodes": [ "player", "bear-*", "hyena-male", "hyena-female", "wolf-male", "wolf-female", "caninae-*","felinae-*","hyaenidae-*","machairodontinae-*", "pantherinae-*","thylacoleonidae-*", "ursidae-*" ],
						"stopRange": 5,
						"stopOnHurt": true,
						"animationSpeed": 0.25
					},
					{
						"code": "idle",
						"animation": "Sleep",
						"priority": 1.38,
						"minduration": 200000,
						"maxduration": 800000,
						"mincooldown": 1000000,
						"maxcooldown": 3000000,
						"whenNotInEmotionState": "aggressiveondamage",
						"duringDayTimeFramesByType": {
							"*": [{"fromHour": 0,"toHour": 24}]
						},
						"stopOnNearbyEntityCodes": [ "player", "bear-*", "hyena-male", "hyena-female", "wolf-male", "wolf-female", "caninae-*","felinae-*","hyaenidae-*","machairodontinae-*", "pantherinae-*","thylacoleonidae-*", "ursidae-*"  ],
						"stopRange": 2,
						"stopOnHurt": true,
						"animationSpeed": 0.1
					},
					{
						"code": "idle",
						"animation": "Eat",
						"priority": 1.2,
						"priorityForCancel": 1.35,
						"stopOnNearbyEntityCodes": [  "player", "bear-*", "hyena-male", "hyena-female", "wolf-male", "wolf-female", "caninae-*","felinae-*","hyaenidae-*","machairodontinae-*", "pantherinae-*","thylacoleonidae-*", "ursidae-*" ],
						"minduration": 2667,
						"maxduration": 2667,
						"mincooldown": 6000,
						"maxcooldown": 20000,
						"chance": 0.1,
						"animationSpeed": 0.4
					},
					{
						"code": "wander",
						"animation": "Walk",
						"enabledByType": {"*": false},
						"priority": 1.0,
						"priorityForCancel": 1.35,
						"stopOnNearbyEntityCodes": [ "player", "bear-*", "hyena-male", "hyena-female", "wolf-male", "wolf-female", "caninae-*","felinae-*","hyaenidae-*","machairodontinae-*", "pantherinae-*","thylacoleonidae-*", "ursidae-*"  ],
						"movespeedByType": {
							"*-carettacaretta": 0.0028,
							"*-cheloniamydas": 0.0026,
							"*-dermochelyscoriacea": 0.0052,
							"*-eretmochelysimbricata": 0.0021,
							"*-lepidochelyskempii": 0.002,
							"*-lepidochelysolivacea": 0.0022,
							"*-natatordepressus": 0.0024,
							"*": 0.006
						},
						"animationSpeedByType": {
							"chelonioidea-adult-*": 0.4
						},
						"preferredLightLevel": 22,
						"whenSwimming": false
					},
					{
						"code": "wander",
						"animation": "Swim",
						"priority": 1.0,
						"priorityForCancel": 1.35,
						"stopOnNearbyEntityCodes": [ "player", "bear-*", "hyena-male", "hyena-female", "wolf-male", "wolf-female", "caninae-*","felinae-*","hyaenidae-*","machairodontinae-*", "pantherinae-*","thylacoleonidae-*", "ursidae-*"  ],
						"movespeedByType": {
							"*-adult-*": 0.008,
							"*": 0.004
						},
						"animationSpeedByType": {
							"chelonioidea-adult-*-carettacaretta": 0.27,
							"chelonioidea-adult-*-cheloniamydas": 0.3,
							"chelonioidea-adult-*-dermochelyscoriacea": 0.16,
							"chelonioidea-adult-*-eretmochelysimbricata": 0.34,
							"chelonioidea-adult-*-lepidochelyskempii": 0.4,
							"chelonioidea-adult-*-lepidochelysolivacea": 0.36,
							"chelonioidea-adult-*-natatordepressus": 0.32
						},
						"preferredLightLevel": 22
					},
					{
						"code": "wander",
						"animation": "Swimfast",
						"priority": 1.0,
						"priorityForCancel": 1.35,
						"stopOnNearbyEntityCodes": [ "player", "bear-*", "hyena-male", "hyena-female", "wolf-male", "wolf-female", "caninae-*","felinae-*","hyaenidae-*","machairodontinae-*", "pantherinae-*","thylacoleonidae-*", "ursidae-*"  ],
						"wanderChance": 0.01,
						"movespeedByType": {
							"*-adult-*": 0.016,
							"*": 0.008
						},
						"animationSpeedByType": {
							"chelonioidea-adult-*-carettacaretta": 0.54,
							"chelonioidea-adult-*-cheloniamydas": 0.6,
							"chelonioidea-adult-*-dermochelyscoriacea": 0.32,
							"chelonioidea-adult-*-eretmochelysimbricata": 0.68,
							"chelonioidea-adult-*-lepidochelyskempii": 0.8,
							"chelonioidea-adult-*-lepidochelysolivacea": 0.72,
							"chelonioidea-adult-*-natatordepressus": 0.64
						},
						"preferredLightLevel": 22
					},
					{
						"code": "seekfoodandeat",
						"animation": "Swim",
						"eatAnimation": "Eat",
						"movespeedByType": {
							"*-adult-*": 0.008,
							"*": 0.004
						},
						"animationSpeedByType": {
							"chelonioidea-adult-*-carettacaretta": 0.27,
							"chelonioidea-adult-*-cheloniamydas": 0.3,
							"chelonioidea-adult-*-dermochelyscoriacea": 0.16,
							"chelonioidea-adult-*-eretmochelysimbricata": 0.34,
							"chelonioidea-adult-*-lepidochelyskempii": 0.4,
							"chelonioidea-adult-*-lepidochelysolivacea": 0.36,
							"chelonioidea-adult-*-natatordepressus": 0.32
						},
						"priority": 1.25,
						"eatSoundByType": {
							"*": "game:creature/animal-eat-small"
						},
						"eatTime": 1.5,
						"eatLooseItems": true,
						"mincooldownHours": 1,
						"maxcooldownHours": 4
					},
					{
						"code": "lookaround",
						"animation": "Idle",
						"minduration": 3000,
						"maxduration": 3000,
						"priority": 0.5
					}
				]
			},
			{
				"code": "pettable",
				"minGeneration": 1
			},
			{
				"code": "ropetieable",
				"minGeneration": 2
			}
		],
		"spawnconditions": {
			"worldgen": {
			"requireSolidGround": false,
			"groupSizeByType": {
					"*-adult-female-*": { "dist": "uniform", "avg": 3.0, "var": 2 },
					"*-adult-male-*": { "dist": "uniform", "avg": 1.0, "var": 0 }
			},
				"insideBlockCodesByType": {
					"*-adult-*": [ "game:saltwater-*"]
				},
				"minLightLevel": 3,
			"companionsByType": {
				"*":["chelonioidea:chelonioidea-adult-female-{species}","chelonioidea:chelonioidea-adult-male-{species}"]}
		},
			"runtime": {
				"group": "neutral",
				"maxQuantity": 2,
				"requireSolidGround": false,
				"chanceByType": {
					"*-adult-female-carettacaretta": 0.0002, "*-adult-male-carettacaretta": 0.0002,
					"*-adult-female-cheloniamydas": 0.0002, "*-adult-male-cheloniamydas": 0.0002,
					"*-adult-female-dermochelyscoriacea": 0.0002,"*-adult-male-dermochelyscoriacea": 0.0002,
					"*-adult-female-eretmochelysimbricata": 0.0002, "*-adult-male-eretmochelysimbricata": 0.0002,
					"*-adult-female-lepidochelyskempii": 0.0002, "*-adult-male-lepidochelyskempii": 0.0002,
					"*-adult-female-lepidochelysolivacea": 0.0002, "*-adult-male-lepidochelysolivacea": 0.0002,
					"*-adult-female-natatordepressus": 0.0002, "*-adult-male-natatordepressus": 0.0002,
					"*": 0.0
				},
				"mindistancetoplayer": 20,
				"minLightLevel": 3,
				"spawnCapPlayerScaling": 0.0,	
				"groupSizeByType": {
					"*-adult-female-*": { "dist": "uniform", "avg": 3.0, "var": 2 },
					"*-adult-male-*": { "dist": "uniform", "avg": 1.0, "var": 0 }
				},
				"insideBlockCodesByType": {
					"*-adult-*": [ "game:saltwater-*"]
				},
				"companionsByType": {
				"*":["chelonioidea:chelonioidea-adult-female-{species}","chelonioidea:chelonioidea-adult-male-{species}"]}
			}
		},
		"spawnconditionsByType": {
			"chelonioidea-adult-*-carettacaretta": {
				"climate": {
					"minTemp": 10,
					"maxTemp": 40,
					"minY": 0.5,
					"maxY": 0.98					
				},
				"worldgen": {
					"triesPerChunk": { "avg": 0.005, "var": 0}
				},
				"runtime": {
					"maxQuantityByGroup": { "code": "chelonioidea-*", "maxQuantity": 2 }
				}
			},
			"chelonioidea-adult-*-cheloniamydas": {
				"climate": {
					"minTemp": 6,
					"maxTemp": 40,
					"minY": 0.5,
					"maxY": 0.98					
				},
				"worldgen": {
					"triesPerChunk": { "avg": 0.005, "var": 0}
				},
				"runtime": {
					"maxQuantityByGroup": { "code": "chelonioidea-*", "maxQuantity": 2 }
				}
			},
			"chelonioidea-adult-*-dermochelyscoriacea": {
				"climate": {
					"minTemp": 8,
					"maxTemp": 40,
					"minY": 0.5,
					"maxY": 0.98			
				},
				"worldgen": {
					"triesPerChunk": { "avg": 0.005, "var": 0}
				},
				"runtime": {
					"maxQuantityByGroup": { "code": "chelonioidea-*", "maxQuantity": 2 }
				}
			},
			"chelonioidea-adult-*-eretmochelysimbricata": {
				"climate": {
					"minTemp": 12,
					"maxTemp": 40,
					"minY": 0.5,
					"maxY": 0.98				
				},
				"worldgen": {
					"triesPerChunk": { "avg": 0.005, "var": 0}
				},
				"runtime": {
					"maxQuantityByGroup": { "code": "chelonioidea-*", "maxQuantity": 2 }
				}
			},
			"chelonioidea-adult-*-lepidochelyskempii": {
				"climate": {
					"minTemp": 4,
					"maxTemp": 40,
					"minY": 0.5,
					"maxY": 0.98					
				},
				"worldgen": {
					"triesPerChunk": { "avg": 0.005, "var": 0}
				},
				"runtime": {
					"maxQuantityByGroup": { "code": "chelonioidea-*", "maxQuantity": 2 }
				}
			},
			"chelonioidea-adult-*-lepidochelysolivacea": {
				"climate": {
					"minTemp": 10,
					"maxTemp": 40,
					"minY": 0.5,
					"maxY": 0.98					
				},
				"worldgen": {
					"triesPerChunk": { "avg": 0.005, "var": 0}
				},
				"runtime": {
					"maxQuantityByGroup": { "code": "chelonioidea-*", "maxQuantity": 2 }
				}
			},
			"chelonioidea-adult-*-natatordepressus": {
				"climate": {
					"minTemp": 12,
					"maxTemp": 40,
					"minY": 0.5,
					"maxY": 0.98					
				},
				"worldgen": {
					"triesPerChunk": { "avg": 0.005, "var": 0}
				},
				"runtime": {
					"maxQuantityByGroup": { "code": "chelonioidea-*", "maxQuantity": 2 }
				}
			}
		}
	}
}