{
	"code": "chelonioidea",
	"class": "EntityAgent",
	"variantgroups": [
		{ "code": "age", "states": ["egg"] },
		{ "code": "type", "states": ["carettacaretta", "cheloniamydas", "dermochelyscoriacea","eretmochelysimbricata","lepidochelyskempii","lepidochelysolivacea","natatordepressus" ] },
		{ "code": "state", "states": ["raw"] }
	],
	"collisionBoxSizeByType": {
		"*": {	"x": 0.1,"y": 0.1}
	},
	"deadCollisionBoxSizeByType": {
		"*": {"x": 0.1,"y": 0.1}
	},
	"selectionBoxSizeByType": {
		"*": {"x": 0.5,"y": 0.5}
	},
	"deadSelectionBoxSizeByType": {
		"*": {"x": 0.5,"y": 0.5}
	},
	"knockbackResistanceByType": {
		"*": 0.5
	},	
	"eyeHeight": 0.6,
	"weightByType": {
		"*": 1
	},
	"drops": [{ "type": "item", "code": "creature-chelonioidea-egg-{type}-raw" }],	
	"attributes": {
	},
	"client": {
		"renderer": "Shape",
	"shapeByType": {
		"*-egg-*": {"base": "entity/water/chelonioidea/egg"}
	},
	"texturesByType": {
		"*-egg-*": {"skin": { "base": "game:block/creature/bone" }}
	},
		"sizeByType": {
			"*": 0.25
		},
		"behaviors": [
			{ "code": "repulseagents" },
			{"code": "controlledphysics","stepHeight": 0},
			{ "code": "interpolateposition" },
			{"code": "despawn","minPlayerDistance": 8,"belowLightLevel": 0,"minSeconds": 300},
			{"code": "floatupwhenstuck","onlyWhenDead": true}

		],
		"animations": [
		]
	},
	"server": {
		"attributes": {
		},
		"behaviors": [
			{ "code": "repulseagents" },
			{"code": "controlledphysics","stepHeight": 0},
			{"code": "health","maxhealthByType": {"*": 0.1}},
			{"code": "deaddecay","hoursToDecay": 0,"decayedBlock": "none"},
			{"code": "despawn","minPlayerDistance": 8,"belowLightLevel": 0,"minSeconds": 300},
			{"code": "floatupwhenstuck","onlyWhenDead": true},
			{"code": "emotionstates","states": []},
			{ 
				"code": "grow", 
				"hoursToGrowByType": {"*": 240},
				"adultEntityCodesByType": {"*": ["chelonioidea:chelonioidea-baby-female-{type}","chelonioidea:chelonioidea-baby-male-{type}"]}
				},
			{
				"code": "taskai",
				"aitasks": [
					{
						"code": "idle",
						"priority": 0.9,
						"minduration": 3000,
						"maxduration": 3000,
						"mincooldown": 0,
						"maxcooldown": 0,
						"stopOnNearbyEntityCodes": [ ],
						"stopRange": 15,
						"animation": "Idle",
						"animationSpeed": 2.0,
					}
				]
			}

		]
	}
}