{
	"code": "smoked",
	"maxstacksize": 64,
	"attributes": {
		"onHookTransformByType": {
			"*-palemeat": {
				"scale": 1,
				"origin": {
					"x": 0,
					"y": 0,
					"z": 0
				},
				"translation": {
					"x": -0.24875,
					"y": 0.03625,
					"z": 0.725
				},
				"rotation": {
					"x": 0,
					"y": 70,
					"z": 90
				}
			}
		},
		"nutritionPropsWhenInMealByType": {
			"*-none-palemeat": {
				"satiety": 130,
				"foodcategory": "Protein"
			},
			"*-cured-palemeat": {
				"satiety": 90,
				"foodcategory": "Protein"
			}
		}
	},
	"variantgroups": [
		{
			"code": "prepared",
			"states": [ "none", "cured", "healing" ]
		},
		{
			"code": "type",
			"states": [ "palemeat" ]
		}
	],
	"allowedVariants": [ "*-none-*", "*-cured-palemeat" ],
	"shapebytype": {
		"smoked-*-palemeat": { "base": "cannibalism:item/food/meat/pale" }
	},
	"texturesbytype": {
		"smoked-none-*": {
			"meat": { "base": "cannibalism:item/food/smoked/smoked" }
		},
		"smoked-cured-*": {
			"meat": { "base": "cannibalism:item/food/smoked/cured-smoked" }
		}
	},
	"creativeinventory": {
		"general": [ "*" ],
		"items": [ "*" ],
		"butchering": [ "*" ]
	},
	"nutritionPropsByType": {
		"smoked-none-palemeat": {
			"satiety": 80,
			"health": -0.5,
			"foodcategory": "Protein"
		},
		"smoked-cured-palemeat": {
			"satiety": 60,
			"health": -0.5,
			"foodcategory": "Protein"
		}
	},
	"transitionablePropsByType": {
		"*-none-*": [
			{
				"type": "Perish",
				"freshHours": { "avg": 1000 },
				"spoilHours": { "avg": 400 },
				"transitionedStack": {
					"type": "item",
					"code": "game:rot"
				},
				"transitionRatio": 1
			}
		],
		"*-cured-*": [
			{
				"type": "Perish",
				"freshHours": { "avg": 10000 },
				"spoilHours": { "avg": 4380 },
				"transitionedStack": {
					"type": "item",
					"code": "game:rot"
				},
				"transitionRatio": 1
			}
		],
		"*-healing-*": [
			{
				"type": "Perish",
				"freshHours": { "avg": 10000 },
				"spoilHours": { "avg": 4380 },
				"transitionedStack": {
					"type": "item",
					"code": "game:rot"
				},
				"transitionRatio": 1
			}
		]
	},
	"materialDensity": 600,
	"guiTransformByType": {
		"smoked-*-palemeat": {
			"rotate": false,
			"translation": {
				"x": 0.5,
				"y": 0,
				"z": 0
			},
			"rotation": {
				"x": 171,
				"y": -122,
				"z": 33
			},
			"origin": {
				"x": 0.4,
				"y": 0.08,
				"z": 0.5
			},
			"scale": 4.72
		}
	},
	"tpHandTransformByType": {
		"*": {
			"translation": {
				"x": 0,
				"y": 0,
				"z": 0
			},
			"rotation": {
				"x": 5,
				"y": 41,
				"z": -31
			},
			"origin": {
				"x": 0.23,
				"y": 0,
				"z": 0.13
			},
			"scale": 0.75
		}
	},
	"groundTransformByType": {
		"*": {
			"translation": {
				"x": 0,
				"y": 0,
				"z": 0
			},
			"rotation": {
				"x": 180,
				"y": 33,
				"z": -180
			},
			"origin": {
				"x": 0.5,
				"y": 0,
				"z": 0.5
			},
			"scale": 5
		}
	},
	"fpHandTransformByType": {
		"*": {
			"translation": {
				"x": -0.06,
				"y": 0.36,
				"z": 0.23
			},
			"rotation": {
				"x": 40,
				"y": 91,
				"z": 15
			},
			"origin": {
				"x": 0.5,
				"y": 0.1,
				"z": 0.5
			},
			"scale": 2.5
		}
	}
}