{
	"editor": {
		"backDropShape": "entity/humanoid/kobold",
		"allAngles": true,
		"entityTextureMode": true
	},
	"textureWidth": 16,
	"textureHeight": 8,
	"textureSizes": {
		"gloves": [24,8]
	},
	"textures": {
		"gloves": "entity/humanoid/villagerclothes/hand/alchemist"
	},
	"elements": [
		{
			"name": "GloveLeft",
			"stepParentName": "LowerArmL",
			"from": [ -0.01, -0.01, -0.01 ],
			"to": [ 2.51, 2.49, 2.01 ],
			"unwrapMode": 4,
			"autoUnwrap": false,
			"uv": [ 8.0, -0.5 ],
			"rotationOrigin": [ -0.01, -0.01, -0.01 ],
			"faces": {
				"north": { "texture": "#gloves", "uv": [ 6.5, 1.0, 9.0, 3.5 ] },
				"east": { "texture": "#gloves", "uv": [ 0.0, 1.0, 2.0, 3.5 ] },
				"south": { "texture": "#gloves", "uv": [ 2.0, 1.0, 4.5, 3.5 ] },
				"west": { "texture": "#gloves", "uv": [ 4.5, 1.0, 6.5, 3.5 ] },
				"up": { "texture": "#gloves", "uv": [ 14.0, 0.0, 16.0, 2.5 ], "rotation": 90, "windMode": [-1,-1,-1,-1], "windData": [0,0,0,0] },
				"down": { "texture": "#gloves", "uv": [ 14.0, 3.0, 16.0, 5.5 ], "rotation": 90, "windMode": [-1,-1,-1,-1] }
			},
			"children": [
				{
					"name": "FlapSL",
					"from": [ 0.0, 2.5, 1.92 ],
					"to": [ 2.5, 3.5, 2.02 ],
					"autoUnwrap": false,
					"uv": [ 9.5, 2.5 ],
					"rotationOrigin": [ 0.0, 2.5, 2.0 ],
					"rotationX": 15.0,
					"faces": {
						"north": { "texture": "#gloves", "uv": [ 9.0, 2.0, 11.5, 3.0 ] },
						"east": { "texture": "#gloves", "uv": [ 4.0, 0.0, 4.5, 1.0 ] },
						"south": { "texture": "#gloves", "uv": [ 2.0, 0.0, 4.5, 1.0 ] },
						"west": { "texture": "#gloves", "uv": [ 2.0, 0.0, 2.5, 1.0 ] },
						"up": { "texture": "#gloves", "uv": [ 2.0, 0.0, 4.5, 0.5 ] }
					}
				},
				{
					"name": "FlapWL",
					"from": [ 0.0, 2.5, 0.0 ],
					"to": [ 0.1, 3.5, 2.0 ],
					"autoUnwrap": false,
					"uv": [ 12.0, 1.0 ],
					"rotationOrigin": [ 0.0, 2.5, 0.1 ],
					"rotationZ": 10.0,
					"faces": {
						"north": { "texture": "#gloves", "uv": [ 4.5, 0.0, 5.0, 1.0 ] },
						"east": { "texture": "#gloves", "uv": [ 9.0, 3.0, 11.0, 4.0 ] },
						"south": { "texture": "#gloves", "uv": [ 6.0, 0.0, 6.5, 1.0 ], "windMode": [-1,-1,-1,-1] },
						"west": { "texture": "#gloves", "uv": [ 4.5, 0.0, 6.5, 1.0 ] },
						"up": { "texture": "#gloves", "uv": [ 4.5, 0.0, 6.5, 0.5 ], "rotation": 90 }
					}
				}
			]
		},
		{
			"name": "GloveRight",
			"stepParentName": "LowerArmR",
			"from": [ -0.01, -0.01, -0.01 ],
			"to": [ 2.51, 2.49, 2.01 ],
			"unwrapMode": 4,
			"autoUnwrap": false,
			"uv": [ 2.0, 2.5 ],
			"rotationOrigin": [ -0.01, -0.01, -0.01 ],
			"faces": {
				"north": { "texture": "#gloves", "uv": [ 2.0, 5.5, 4.5, 8.0 ] },
				"east": { "texture": "#gloves", "uv": [ 0.0, 5.5, 2.0, 8.0 ] },
				"south": { "texture": "#gloves", "uv": [ 6.5, 5.5, 9.0, 8.0 ] },
				"west": { "texture": "#gloves", "uv": [ 4.5, 5.5, 6.5, 8.0 ] },
				"up": { "texture": "#gloves", "uv": [ 11.5, 0.0, 13.5, 2.5 ], "rotation": 90, "windMode": [-1,-1,-1,-1], "windData": [1,1,1,1] },
				"down": { "texture": "#gloves", "uv": [ 11.5, 3.0, 13.5, 5.5 ], "rotation": 90, "windMode": [-1,-1,-1,-1] }
			},
			"children": [
				{
					"name": "FlapWR",
					"from": [ 0.0, 2.5, 0.02 ],
					"to": [ 0.1, 3.5, 2.02 ],
					"autoUnwrap": false,
					"uv": [ 0.5, 0.5 ],
					"rotationOrigin": [ 0.0, 2.5, 0.0 ],
					"rotationZ": 10.0,
					"faces": {
						"north": { "texture": "#gloves", "uv": [ 4.5, 4.5, 5.0, 5.5 ] },
						"east": { "texture": "#gloves", "uv": [ 9.0, 4.5, 11.0, 5.5 ] },
						"south": { "texture": "#gloves", "uv": [ 6.0, 4.5, 6.5, 5.5 ] },
						"west": { "texture": "#gloves", "uv": [ 4.5, 4.5, 6.5, 5.5 ] },
						"up": { "texture": "#gloves", "uv": [ 4.5, 4.5, 6.5, 5.0 ], "rotation": 90 }
					}
				},
				{
					"name": "FlapNR",
					"from": [ 0.0, 2.5, 0.0 ],
					"to": [ 2.5, 3.5, 0.1 ],
					"autoUnwrap": false,
					"uv": [ 9.0, 0.0 ],
					"rotationOrigin": [ 0.0, 2.5, 0.0 ],
					"rotationX": -15.0,
					"faces": {
						"north": { "texture": "#gloves", "uv": [ 2.0, 4.5, 4.5, 5.5 ] },
						"east": { "texture": "#gloves", "uv": [ 2.0, 4.5, 2.5, 5.5 ] },
						"south": { "texture": "#gloves", "uv": [ 9.0, 5.5, 11.5, 6.5 ] },
						"west": { "texture": "#gloves", "uv": [ 4.0, 4.5, 4.5, 5.5 ] },
						"up": { "texture": "#gloves", "uv": [ 2.0, 4.5, 4.5, 5.0 ] }
					}
				}
			]
		}
	]}