{
    "editor": {
        "backDropShape": "entity/humanoid/kobold",
        "allAngles": true,
        "entityTextureMode": false
    },
    "textureWidth": 16,
    "textureHeight": 16,
    "textureSizes": {
        "gloves1": [
            16,
            16
        ]
    },
    "textures": {
        "gloves1": "entity/humanoid/seraphclothes/hand/gloves1"
    },
    "elements": [
        {
            "name": "glove 1",
            "stepParentName": "LowerArmL",
            "from": [
                0,
                0,
                0
            ],
            "to": [
                0,
                0,
                0
            ],
            "faces": {},
            "children": [
                {
                    "name": "Cube1",
                    "from": [
                        -0.1,
                        1.5,
                        -0.1
                    ],
                    "to": [
                        2.6,
                        5.5,
                        2.1
                    ],
                    "rotationOrigin": [
                        -0.1,
                        1.5,
                        -0.1
                    ],
                    "faces": {
                        "north": {
                            "texture": "#gloves1",
                            "uv": [
                                0,
                                0.5,
                                2.5,
                                4.5
                            ]
                        },
                        "east": {
                            "texture": "#gloves1",
                            "uv": [
                                7,
                                0.5,
                                9,
                                4.5
                            ]
                        },
                        "south": {
                            "texture": "#gloves1",
                            "uv": [
                                4.5,
                                0.5,
                                7,
                                4.5
                            ]
                        },
                        "west": {
                            "texture": "#gloves1",
                            "uv": [
                                2.5,
                                0.5,
                                4.5,
                                4.5
                            ]
                        },
                        "up": {
                            "texture": "#gloves1",
                            "uv": [
                                12,
                                2,
                                14.5,
                                4
                            ]
                        },
                        "down": {
                            "texture": "#gloves1",
                            "uv": [
                                12,
                                2,
                                14.5,
                                4
                            ]
                        }
                    }
                },
                {
                    "name": "Cube3",
                    "from": [
                        -0.19,
                        2.5,
                        2
                    ],
                    "to": [
                        2.69,
                        6,
                        2.2
                    ],
                    "rotationOrigin": [
                        -0.2,
                        2.5,
                        2
                    ],
                    "faces": {
                        "north": {
                            "texture": "#gloves1",
                            "uv": [
                                4.5,
                                0,
                                7,
                                3.5
                            ]
                        },
                        "east": {
                            "texture": "#gloves1",
                            "uv": [
                                6.5,
                                0,
                                7,
                                3.5
                            ]
                        },
                        "south": {
                            "texture": "#gloves1",
                            "uv": [
                                4.5,
                                0,
                                7,
                                3.5
                            ]
                        },
                        "west": {
                            "texture": "#gloves1",
                            "uv": [
                                4.5,
                                0,
                                5,
                                3.5
                            ]
                        },
                        "up": {
                            "texture": "#gloves1",
                            "uv": [
                                4.5,
                                0,
                                7,
                                0.5
                            ]
                        },
                        "down": {
                            "texture": "#gloves1",
                            "uv": [
                                4.5,
                                3,
                                7,
                                3.5
                            ]
                        }
                    },
                    "children": [
                        {
                            "name": "Cube4",
                            "from": [
                                0,
                                0,
                                -1
                            ],
                            "to": [
                                0.2,
                                3.5,
                                0
                            ],
                            "rotationOrigin": [
                                -0.01,
                                0,
                                -1
                            ],
                            "faces": {
                                "north": {
                                    "texture": "#gloves1",
                                    "uv": [
                                        4.5,
                                        0,
                                        5,
                                        3.5
                                    ]
                                },
                                "east": {
                                    "texture": "#gloves1",
                                    "uv": [
                                        3.5,
                                        0,
                                        4.5,
                                        3.5
                                    ]
                                },
                                "west": {
                                    "texture": "#gloves1",
                                    "uv": [
                                        3.5,
                                        0,
                                        4.5,
                                        3.5
                                    ]
                                },
                                "up": {
                                    "texture": "#gloves1",
                                    "uv": [
                                        3,
                                        0,
                                        4,
                                        0.5
                                    ],
                                    "rotation": 90
                                },
                                "down": {
                                    "texture": "#gloves1",
                                    "uv": [
                                        3.5,
                                        3,
                                        4.5,
                                        3.5
                                    ],
                                    "rotation": 90
                                }
                            },
                            "children": [
                                {
                                    "name": "Cube5",
                                    "from": [
                                        0,
                                        1,
                                        -0.5
                                    ],
                                    "to": [
                                        0.2,
                                        3.5,
                                        0
                                    ],
                                    "rotationOrigin": [
                                        -0.05,
                                        1,
                                        -0.5
                                    ],
                                    "faces": {
                                        "north": {
                                            "texture": "#gloves1",
                                            "uv": [
                                                3,
                                                0,
                                                3.5,
                                                2.5
                                            ]
                                        },
                                        "east": {
                                            "texture": "#gloves1",
                                            "uv": [
                                                3,
                                                0,
                                                3.5,
                                                2.5
                                            ]
                                        },
                                        "west": {
                                            "texture": "#gloves1",
                                            "uv": [
                                                3,
                                                0,
                                                3.5,
                                                2.5
                                            ]
                                        },
                                        "up": {
                                            "texture": "#gloves1",
                                            "uv": [
                                                3,
                                                0,
                                                3.5,
                                                0.5
                                            ]
                                        },
                                        "down": {
                                            "texture": "#gloves1",
                                            "uv": [
                                                3,
                                                2,
                                                3.5,
                                                2.5
                                            ]
                                        }
                                    }
                                }
                            ]
                        },
                        {
                            "name": "Cube6",
                            "from": [
                                2.68,
                                0,
                                -1
                            ],
                            "to": [
                                2.88,
                                3.5,
                                0
                            ],
                            "rotationOrigin": [
                                2.69,
                                0,
                                0
                            ],
                            "faces": {
                                "north": {
                                    "texture": "#gloves1",
                                    "uv": [
                                        7.5,
                                        0,
                                        8,
                                        3.5
                                    ]
                                },
                                "east": {
                                    "texture": "#gloves1",
                                    "uv": [
                                        7,
                                        0,
                                        8,
                                        3.5
                                    ]
                                },
                                "west": {
                                    "texture": "#gloves1",
                                    "uv": [
                                        7,
                                        0,
                                        8,
                                        3.5
                                    ]
                                },
                                "up": {
                                    "texture": "#gloves1",
                                    "uv": [
                                        7,
                                        0,
                                        8,
                                        0.5
                                    ],
                                    "rotation": 90
                                },
                                "down": {
                                    "texture": "#gloves1",
                                    "uv": [
                                        7,
                                        3,
                                        8,
                                        3.5
                                    ],
                                    "rotation": 90
                                }
                            },
                            "children": [
                                {
                                    "name": "Cube7",
                                    "from": [
                                        0,
                                        1,
                                        -0.5
                                    ],
                                    "to": [
                                        0.2,
                                        3.5,
                                        0
                                    ],
                                    "rotationOrigin": [
                                        -0.04,
                                        1,
                                        0
                                    ],
                                    "faces": {
                                        "north": {
                                            "texture": "#gloves1",
                                            "uv": [
                                                8,
                                                0,
                                                8.5,
                                                2.5
                                            ]
                                        },
                                        "east": {
                                            "texture": "#gloves1",
                                            "uv": [
                                                8,
                                                0,
                                                8.5,
                                                2.5
                                            ]
                                        },
                                        "west": {
                                            "texture": "#gloves1",
                                            "uv": [
                                                8,
                                                0,
                                                8.5,
                                                2.5
                                            ]
                                        },
                                        "up": {
                                            "texture": "#gloves1",
                                            "uv": [
                                                8,
                                                0,
                                                8.5,
                                                0.5
                                            ]
                                        },
                                        "down": {
                                            "texture": "#gloves1",
                                            "uv": [
                                                8,
                                                2,
                                                8.5,
                                                2.5
                                            ]
                                        }
                                    }
                                }
                            ]
                        }
                    ]
                }
            ]
        }
    ],
    "animations": [
        {
            "name": "Walk",
            "code": "walk",
            "quantityframes": 25,
            "onActivityStopped": "Rewind",
            "onAnimationEnd": "Repeat",
            "keyframes": []
        }
    ]
}