{
	"editor": {
		"backDropShape": "entity/humanoid/kobold",
		"allAngles": true,
		"entityTextureMode": true
	},
	"textureWidth": 24,
	"textureHeight": 8,
	"textureSizes": {
		"gloves": [24,8]
	},
	"textures": {
		"gloves": "entity/humanoid/seraphclothes/hand/lackey-gloves"
	},
	"elements": [
		{
			"name": "originL",
			"stepParentName": "LowerArmL",
			"from": [ 0.0, 0.0, 0.0 ],
			"to": [ 0.0, 0.0, 0.0 ],
			"uv": [ 999.0, 999.0 ],
			"faces": {
			},
			"children": [
				{
					"name": "Left",
					"from": [ -0.01, -0.01, -0.01 ],
					"to": [ 2.51, 4.99, 2.01 ],
					"unwrapMode": 4,
					"uv": [ 13.0, 0.0 ],
					"rotationOrigin": [ -0.1, -0.1, -0.1 ],
					"faces": {
						"north": { "texture": "#gloves", "uv": [ 13.0, 0.0, 15.5, 5.0 ] },
						"east": { "texture": "#gloves", "uv": [ 20.0, 0.0, 22.0, 5.0 ] },
						"south": { "texture": "#gloves", "uv": [ 17.5, 0.0, 20.0, 5.0 ] },
						"west": { "texture": "#gloves", "uv": [ 15.5, 0.0, 17.5, 5.0 ] },
						"down": { "texture": "#gloves", "uv": [ 15.5, 5.0, 17.5, 7.5 ], "rotation": 90 }
					}
				}
			]
		},
		{
			"name": "originR",
			"stepParentName": "LowerArmR",
			"from": [ 0.0, 0.0, 0.0 ],
			"to": [ 0.0, 0.0, 0.0 ],
			"uv": [ 999.0, 999.0 ],
			"faces": {
			},
			"children": [
				{
					"name": "Right",
					"from": [ -0.01, -0.01, -0.01 ],
					"to": [ 2.51, 4.99, 2.01 ],
					"unwrapMode": 4,
					"uv": [ 2.0, 0.0 ],
					"rotationOrigin": [ -0.1, -0.1, -0.1 ],
					"faces": {
						"north": { "texture": "#gloves", "uv": [ 2.0, 0.0, 4.5, 5.0 ] },
						"east": { "texture": "#gloves", "uv": [ 9.0, 0.0, 11.0, 5.0 ] },
						"south": { "texture": "#gloves", "uv": [ 6.5, 0.0, 9.0, 5.0 ] },
						"west": { "texture": "#gloves", "uv": [ 4.5, 0.0, 6.5, 5.0 ] },
						"down": { "texture": "#gloves", "uv": [ 4.5, 5.0, 6.5, 7.5 ], "rotation": 90 }
					}
				}
			]
		}
	]}