{
    "editor": {
        "allAngles": true,
        "backDropShape": "entity/humanoid/seraph",
        "entityTextureMode": true
    },
    "textureWidth": 64,
    "textureHeight": 64,
    "textures": {
        "material": "entity/humanoid/serapharmor/scale/blackbronze"
    },
    "elements": [
        {
            "name": "ArmorUpperTorso",
            "stepParentName": "UpperTorso",
            "from": [
                -0.3,
                -0.2,
                -0.3
            ],
            "to": [
                5.3,
                5.2,
                6.5
            ],
            "uv": [
                0,
                0
            ],
            "rotationOrigin": [
                -0.3,
                -0.2,
                -0.3
            ],
            "faces": {
                "north": {
                    "texture": "#material",
                    "uv": [
                        0,
                        6.5,
                        5.5,
                        11.5
                    ]
                },
                "east": {
                    "texture": "#material",
                    "uv": [
                        5.5,
                        6.5,
                        12,
                        11.5
                    ]
                },
                "south": {
                    "texture": "#material",
                    "uv": [
                        12,
                        6.5,
                        17.5,
                        11.5
                    ]
                },
                "west": {
                    "texture": "#material",
                    "uv": [
                        17.5,
                        6.5,
                        24,
                        11.5
                    ]
                },
                "up": {
                    "texture": "#material",
                    "uv": [
                        0,
                        0,
                        5.5,
                        6.5
                    ]
                },
                "down": {
                    "texture": "#material",
                    "uv": [
                        5.5,
                        0,
                        11,
                        6.5
                    ]
                }
            },
            "children": [
                {
                    "name": "ArmorCollarR",
                    "from": [
                        0.3,
                        5.4,
                        0.4
                    ],
                    "to": [
                        5.3,
                        6.7,
                        1.2
                    ],
                    "unwrapMode": 5,
                    "uv": [
                        49,
                        18.5
                    ],
                    "rotationOrigin": [
                        0.3,
                        5.4,
                        1.2
                    ],
                    "rotationX": -25,
                    "faces": {
                        "north": {
                            "texture": "#material",
                            "uv": [
                                50,
                                18.5,
                                55,
                                19.5
                            ],
                            "rotation": 180
                        },
                        "east": {
                            "texture": "#material",
                            "uv": [
                                55,
                                19.5,
                                56,
                                20
                            ],
                            "rotation": 90
                        },
                        "south": {
                            "texture": "#material",
                            "uv": [
                                50,
                                20,
                                55,
                                21
                            ]
                        },
                        "west": {
                            "texture": "#material",
                            "uv": [
                                49,
                                19.5,
                                50,
                                20
                            ],
                            "rotation": 270
                        },
                        "up": {
                            "texture": "#material",
                            "uv": [
                                50,
                                19.5,
                                55,
                                20
                            ]
                        }
                    }
                },
                {
                    "name": "ArmorCollarL",
                    "from": [
                        0.3,
                        5.4,
                        5.6
                    ],
                    "to": [
                        5.3,
                        6.7,
                        6.4
                    ],
                    "unwrapMode": 5,
                    "uv": [
                        49,
                        16
                    ],
                    "rotationOrigin": [
                        0.3,
                        5.4,
                        5.6
                    ],
                    "rotationX": 25,
                    "faces": {
                        "north": {
                            "texture": "#material",
                            "uv": [
                                50,
                                16,
                                55,
                                17
                            ],
                            "rotation": 180
                        },
                        "east": {
                            "texture": "#material",
                            "uv": [
                                55,
                                17,
                                56,
                                17.5
                            ],
                            "rotation": 90
                        },
                        "south": {
                            "texture": "#material",
                            "uv": [
                                50,
                                17.5,
                                55,
                                18.5
                            ]
                        },
                        "west": {
                            "texture": "#material",
                            "uv": [
                                49,
                                17,
                                50,
                                17.5
                            ],
                            "rotation": 270
                        },
                        "up": {
                            "texture": "#material",
                            "uv": [
                                50,
                                17,
                                55,
                                17.5
                            ]
                        }
                    }
                },
                {
                    "name": "ArmorCollarRear",
                    "from": [
                        4.7,
                        5.4,
                        0.4
                    ],
                    "to": [
                        5.5,
                        6.7,
                        6.4
                    ],
                    "unwrapMode": 5,
                    "uv": [
                        61.5,
                        20
                    ],
                    "rotationOrigin": [
                        4.7,
                        5.4,
                        0.4
                    ],
                    "rotationZ": -25,
                    "faces": {
                        "north": {
                            "texture": "#material",
                            "uv": [
                                62.5,
                                20,
                                63,
                                21
                            ],
                            "rotation": 180
                        },
                        "east": {
                            "texture": "#material",
                            "uv": [
                                63,
                                21,
                                64,
                                27
                            ],
                            "rotation": 90
                        },
                        "south": {
                            "texture": "#material",
                            "uv": [
                                62.5,
                                27,
                                63,
                                28
                            ]
                        },
                        "west": {
                            "texture": "#material",
                            "uv": [
                                61.5,
                                21,
                                62.5,
                                27
                            ],
                            "rotation": 270
                        },
                        "up": {
                            "texture": "#material",
                            "uv": [
                                62.5,
                                21,
                                63,
                                27
                            ]
                        }
                    }
                }
            ]
        },
        {
            "name": "ArmorLowerTorso",
            "stepParentName": "LowerTorso",
            "from": [
                -0.3,
                -0.5,
                -0.3
            ],
            "to": [
                5.3,
                5.1,
                6.3
            ],
            "uv": [
                0,
                11.5
            ],
            "rotationOrigin": [
                -0.3,
                -0.5,
                -0.3
            ],
            "faces": {
                "north": {
                    "texture": "#material",
                    "uv": [
                        0,
                        18,
                        5.5,
                        23.5
                    ]
                },
                "east": {
                    "texture": "#material",
                    "uv": [
                        5.5,
                        18,
                        12,
                        23.5
                    ]
                },
                "south": {
                    "texture": "#material",
                    "uv": [
                        12,
                        18,
                        17.5,
                        23.5
                    ]
                },
                "west": {
                    "texture": "#material",
                    "uv": [
                        17.5,
                        18,
                        24,
                        23.5
                    ]
                },
                "up": {
                    "texture": "#material",
                    "uv": [
                        0,
                        11.5,
                        5.5,
                        18
                    ]
                },
                "down": {
                    "texture": "#material",
                    "uv": [
                        5.5,
                        11.5,
                        11,
                        18
                    ]
                }
            }
        },
        {
            "name": "ArmorUpperArmR",
            "stepParentName": "UpperArmR",
            "from": [
                -0.2,
                -0.2,
                -0.3
            ],
            "to": [
                3.1,
                7.2,
                2.1
            ],
            "uv": [
                36,
                0
            ],
            "rotationOrigin": [
                -0.2,
                -0.2,
                -0.3
            ],
            "faces": {
                "north": {
                    "texture": "#material",
                    "uv": [
                        36,
                        2,
                        39,
                        9
                    ]
                },
                "east": {
                    "texture": "#material",
                    "uv": [
                        39,
                        2,
                        41,
                        9
                    ]
                },
                "south": {
                    "texture": "#material",
                    "uv": [
                        41,
                        2,
                        44,
                        9
                    ]
                },
                "west": {
                    "texture": "#material",
                    "uv": [
                        44,
                        2,
                        46,
                        9
                    ]
                },
                "up": {
                    "texture": "#material",
                    "uv": [
                        36,
                        0,
                        39,
                        2
                    ]
                },
                "down": {
                    "texture": "#material",
                    "uv": [
                        39,
                        0,
                        42,
                        2
                    ]
                }
            }
        },
        {
            "name": "ArmorUpperArmL",
            "stepParentName": "UpperArmL",
            "from": [
                -0.2,
                -0.2,
                -0.2
            ],
            "to": [
                3.1,
                7.2,
                2.2
            ],
            "uv": [
                26,
                0
            ],
            "rotationOrigin": [
                -0.2,
                -0.2,
                -0.2
            ],
            "faces": {
                "north": {
                    "texture": "#material",
                    "uv": [
                        26,
                        2,
                        29,
                        9
                    ]
                },
                "east": {
                    "texture": "#material",
                    "uv": [
                        29,
                        2,
                        31,
                        9
                    ]
                },
                "south": {
                    "texture": "#material",
                    "uv": [
                        31,
                        2,
                        34,
                        9
                    ]
                },
                "west": {
                    "texture": "#material",
                    "uv": [
                        34,
                        2,
                        36,
                        9
                    ]
                },
                "up": {
                    "texture": "#material",
                    "uv": [
                        26,
                        0,
                        29,
                        2
                    ]
                },
                "down": {
                    "texture": "#material",
                    "uv": [
                        29,
                        0,
                        32,
                        2
                    ]
                }
            }
        },
        {
            "name": "ArmorLowerArmR",
            "stepParentName": "LowerArmR",
            "from": [
                -0.2,
                1.8,
                -0.25
            ],
            "to": [
                2.7,
                8.2,
                2.25
            ],
            "uv": [
                36,
                9
            ],
            "rotationOrigin": [
                -0.2,
                1.8,
                -0.4
            ],
            "faces": {
                "north": {
                    "texture": "#material",
                    "uv": [
                        36,
                        11.5,
                        38.5,
                        17.5
                    ]
                },
                "east": {
                    "texture": "#material",
                    "uv": [
                        38.5,
                        11.5,
                        41,
                        17.5
                    ]
                },
                "south": {
                    "texture": "#material",
                    "uv": [
                        41,
                        11.5,
                        43.5,
                        17.5
                    ]
                },
                "west": {
                    "texture": "#material",
                    "uv": [
                        43.5,
                        11.5,
                        46,
                        17.5
                    ]
                },
                "up": {
                    "texture": "#material",
                    "uv": [
                        36,
                        9,
                        38.5,
                        11.5
                    ]
                },
                "down": {
                    "texture": "#material",
                    "uv": [
                        38.5,
                        9,
                        41,
                        11.5
                    ]
                }
            }
        },
        {
            "name": "ArmorLowerArmL",
            "stepParentName": "LowerArmL",
            "from": [
                -0.2,
                1.8,
                -0.25
            ],
            "to": [
                2.7,
                8.2,
                2.25
            ],
            "uv": [
                26,
                9
            ],
            "rotationOrigin": [
                -0.2,
                1.8,
                -0.3
            ],
            "faces": {
                "north": {
                    "texture": "#material",
                    "uv": [
                        26,
                        11.5,
                        28.5,
                        17.5
                    ]
                },
                "east": {
                    "texture": "#material",
                    "uv": [
                        28.5,
                        11.5,
                        31,
                        17.5
                    ]
                },
                "south": {
                    "texture": "#material",
                    "uv": [
                        31,
                        11.5,
                        33.5,
                        17.5
                    ]
                },
                "west": {
                    "texture": "#material",
                    "uv": [
                        33.5,
                        11.5,
                        36,
                        17.5
                    ]
                },
                "up": {
                    "texture": "#material",
                    "uv": [
                        26,
                        9,
                        28.5,
                        11.5
                    ]
                },
                "down": {
                    "texture": "#material",
                    "uv": [
                        28.5,
                        9,
                        31,
                        11.5
                    ]
                }
            }
        },
        {
            "name": "ArmorCoatR",
            "stepParentName": "UpperFootR",
            "from": [
                -0.7,
                0.2,
                -0.35
            ],
            "to": [
                4.9,
                7.2,
                3.15
            ],
            "uv": [
                18,
                24.5
            ],
            "rotationOrigin": [
                -0.7,
                0.2,
                -0.5
            ],
            "faces": {
                "north": {
                    "texture": "#material",
                    "uv": [
                        18,
                        28,
                        23.5,
                        35
                    ]
                },
                "east": {
                    "texture": "#material",
                    "uv": [
                        23.5,
                        28,
                        27,
                        35
                    ]
                },
                "south": {
                    "texture": "#material",
                    "uv": [
                        27,
                        28,
                        32.5,
                        35
                    ]
                },
                "west": {
                    "texture": "#material",
                    "uv": [
                        32.5,
                        28,
                        36,
                        35
                    ]
                },
                "up": {
                    "texture": "#material",
                    "uv": [
                        18,
                        24.5,
                        23.5,
                        28
                    ]
                },
                "down": {
                    "texture": "#material",
                    "uv": [
                        23.5,
                        24.5,
                        29,
                        28
                    ]
                }
            },
            "children": [
                {
                    "name": "ArmorLegCoverR",
                    "from": [
                        0.5,
                        0.1,
                        0.2
                    ],
                    "to": [
                        5.1,
                        9.1,
                        3.6
                    ],
                    "autoUnwrap": false,
                    "uv": [
                        41.5,
                        40.5
                    ],
                    "rotationOrigin": [
                        0.5,
                        0.1,
                        0.2
                    ],
                    "faces": {
                        "north": {
                            "texture": "#material",
                            "uv": [
                                56,
                                54.5,
                                60.5,
                                63.5
                            ]
                        },
                        "east": {
                            "texture": "#material",
                            "uv": [
                                59.5,
                                54.5,
                                62.5,
                                63.5
                            ]
                        },
                        "south": {
                            "texture": "#material",
                            "uv": [
                                59.5,
                                54.5,
                                64,
                                63.5
                            ]
                        },
                        "west": {
                            "texture": "#material",
                            "uv": [
                                57,
                                54.5,
                                60,
                                63.5
                            ]
                        },
                        "up": {
                            "texture": "#material",
                            "uv": [
                                56,
                                50.5,
                                60.5,
                                53.5
                            ]
                        }
                    }
                }
            ]
        },
        {
            "name": "ArmorCoatL",
            "stepParentName": "UpperFootL",
            "from": [
                -0.7,
                0.2,
                0.05
            ],
            "to": [
                4.9,
                7.2,
                3.55
            ],
            "uv": [
                0,
                24.5
            ],
            "rotationOrigin": [
                -0.7,
                0.2,
                -0.1
            ],
            "faces": {
                "north": {
                    "texture": "#material",
                    "uv": [
                        0,
                        28,
                        5.5,
                        35
                    ]
                },
                "east": {
                    "texture": "#material",
                    "uv": [
                        5.5,
                        28,
                        9,
                        35
                    ]
                },
                "south": {
                    "texture": "#material",
                    "uv": [
                        9,
                        28,
                        14.5,
                        35
                    ]
                },
                "west": {
                    "texture": "#material",
                    "uv": [
                        14.5,
                        28,
                        18,
                        35
                    ]
                },
                "up": {
                    "texture": "#material",
                    "uv": [
                        0,
                        24.5,
                        5.5,
                        28
                    ]
                },
                "down": {
                    "texture": "#material",
                    "uv": [
                        5.5,
                        24.5,
                        11,
                        28
                    ]
                }
            },
            "children": [
                {
                    "name": "ArmorLegCoverL",
                    "from": [
                        0.5,
                        0.1,
                        -0.2
                    ],
                    "to": [
                        5.1,
                        9.1,
                        3.2
                    ],
                    "autoUnwrap": false,
                    "uv": [
                        0,
                        0
                    ],
                    "rotationOrigin": [
                        0.5,
                        0.1,
                        -0.2
                    ],
                    "faces": {
                        "north": {
                            "texture": "#material",
                            "uv": [
                                57,
                                54.5,
                                61.5,
                                63.5
                            ]
                        },
                        "east": {
                            "texture": "#material",
                            "uv": [
                                58,
                                54.5,
                                61,
                                63.5
                            ]
                        },
                        "south": {
                            "texture": "#material",
                            "uv": [
                                59.5,
                                54.5,
                                64,
                                63.5
                            ]
                        },
                        "west": {
                            "texture": "#material",
                            "uv": [
                                56,
                                54.5,
                                59,
                                63.5
                            ]
                        },
                        "up": {
                            "texture": "#material",
                            "uv": [
                                59.5,
                                50.5,
                                64,
                                53.5
                            ]
                        }
                    }
                }
            ]
        },
        {
            "name": "ArmorLowerArmL2",
            "stepParentName": "Tail1",
            "from": [
                -1.2,
                3.8,
                0.75
            ],
            "to": [
                5.7,
                5.2,
                3.25
            ],
            "autoUnwrap": false,
            "uv": [
                26,
                9
            ],
            "rotationOrigin": [
                -1.2,
                3.8,
                0.4
            ],
            "faces": {
                "north": {
                    "texture": "#material",
                    "uv": [
                        39,
                        11,
                        40,
                        17.5
                    ],
                    "rotation": 90
                },
                "east": {
                    "texture": "#material",
                    "uv": [
                        48.5,
                        4.5,
                        49.5,
                        7
                    ],
                    "rotation": 90
                },
                "south": {
                    "texture": "#material",
                    "uv": [
                        35,
                        11,
                        36,
                        17.5
                    ],
                    "rotation": 270
                },
                "west": {
                    "texture": "#material",
                    "uv": [
                        41.5,
                        11.5,
                        44,
                        12.5
                    ]
                },
                "up": {
                    "texture": "#material",
                    "uv": [
                        31,
                        10,
                        33.5,
                        17.5
                    ],
                    "rotation": 270,
                    "autoUv": false
                },
                "down": {
                    "texture": "#material",
                    "uv": [
                        32.5,
                        9,
                        39,
                        11.5
                    ]
                }
            },
            "children": [
                {
                    "name": "ArmorCoatL2",
                    "from": [
                        1.5,
                        -3.25,
                        -1.25
                    ],
                    "to": [
                        8.1,
                        0.75,
                        3.75
                    ],
                    "autoUnwrap": false,
                    "uv": [
                        0,
                        24.5
                    ],
                    "rotationOrigin": [
                        1.5,
                        -3.2,
                        -1.35
                    ],
                    "faces": {
                        "north": {
                            "texture": "#material",
                            "uv": [
                                0,
                                31,
                                6.5,
                                35
                            ]
                        },
                        "east": {
                            "texture": "#material",
                            "uv": [
                                5.5,
                                31,
                                10.5,
                                35
                            ]
                        },
                        "south": {
                            "texture": "#material",
                            "uv": [
                                10.5,
                                31,
                                17,
                                35
                            ]
                        },
                        "up": {
                            "texture": "#material",
                            "uv": [
                                18.5,
                                39.5,
                                23.5,
                                46
                            ],
                            "rotation": 90
                        },
                        "down": {
                            "texture": "#material",
                            "uv": [
                                42,
                                29.5,
                                48.5,
                                34.5
                            ]
                        }
                    }
                }
            ]
        }
    ],
    "textureSizes": {}
}