{
  code: "bogey-narrowgauge",
  class: "EntityPushCart",
  hitboxSize: {
    x: 3,
    y: 3,
    "z": 3
    
  },
  eyeHeight: 1.8,
  knockbackResistance: 1,
  attributes: {
    spawnDamageParticles: true,
    mountAnimations: {
      idle: "idle",
      ready: "idle",
      forwards: "sitflooridle",
      backwards: "idle",
      
    },
    "wheel": "rustandrailroads2:smallwheel",
      "frameshape": "rustandrailroads2:frame-bogey-narrowgauge",
    "linkable": true,
    "rightClickPickup": true,
    "speed": 10,
    "xsize": 3,
    "ysize": 3,
    "zsize": 3,
    "traincaroffset": 3.1
  },
  behaviorConfigs: {
    "rideableaccessories": {
      "dropContentsOnDeath": true,
      "wearableSlots": [
        {
						code: "Cargo-0",
						forCategoryCodes: ["basket","chest","crate"],
						attachmentPointCode: "Cargo-0",
						stepParentTo: {
							"": { elementName: "Cargo-0" }
						},
						emptyInteractPassThrough: true
					}
        
      ]
    },
    "seatable": {
      "__comment": "Note: The FrontSeat selection box originally had that Y-Rotation of 180 degrees - it offseted the player somehow weirdly. Was not able to figure out why. Setting mountRotation works better.",
      seats: [
        {
          apName: "Seat-0",
          controllable: true,
          bodyYawLimit: null,
          eyeHeight: 1.5
        },
        {
          apName: "Seat-1",
          controllable: true,
          bodyYawLimit: null,
          eyeHeight: 1.5
        }

      ]
    },
    "selectionboxes": {
      "__comment": "Modders, make sure the selectionBoxes are in the same order as the wearableSlots, or things can go haywire. Placed chest contents dont get synced properly for example, if wrongly ordered.",
      selectionBoxes: [ "Cargo-0","Seat-0","Seat-1" ]
    }
  },
  client: {
    renderer: "Shape",
    shape: { base: "entity/bogey-narrowgauge" },
    behaviors: [
      { code: "selectionboxes" },
      { "code":  "EntityBehaviorCustomSelectionBoxes"},
      { code: "interpolateposition" },
      { code: "seatable" },
      {
        code: "repulseagents",
        movable: false
      },
      { code: "rideableaccessories" },{"code": "EntityBehaviorFueled"}
    ],
    animations: [
      {
        code: "hurt",
        animation: "bounce",
        animationSpeed: 1.5
      },
      {
        code: "die",
        animation: "death",
        animationSpeed: 1.25,
        weight: 10,
        blendMode: "Average",
      },
      {
        code: "idle",
        animation: "idle",
        blendMode: "Average",
        triggeredBy: { defaultAnim: true },
      }
    ],
  },
  server: {
    behaviors: [
      { code: "selectionboxes" },
      { "code": "EntityBehaviorCustomSelectionBoxes"},
      { code: "seatable" },
      {
        code: "repulseagents",
        movable: false
      },
      { code: "rideableaccessories" },{"code": "EntityBehaviorFueled"}
    ]
  },
  sounds: {
    hurt: "game:creature/strawdummy-hit"
  }
}