{
	"editor": {
		"backDropShape": "entity/humanoid/seraph-hairless",
		"allAngles": true,
		"entityTextureMode": true
	},
	"textureWidth": 48,
	"textureHeight": 48,
	"textureSizes": {
		"hair": [48,48],
		"birch": [16,16]
	},
	"textures": {
	},
	"elements": [
		{
			"name": "Hair",
			"stepParentName": "Head",
			"from": [ -0.1875, -2.325, -0.1875 ],
			"to": [ 4.3125, 4.05, 3.9375 ],
			"autoUnwrap": false,
			"uv": [ 1.5, 10.5 ],
			"rotationOrigin": [ -0.1875, -2.325, -0.15 ],
			"faces": {
				"north": { "texture": "#hair", "uv": [ 1.0, 0.0, 7.0, 8.5 ], "autoUv": false },
				"east": { "texture": "#hair", "uv": [ 16.0, 0.0, 21.5, 8.5 ], "autoUv": false },
				"south": { "texture": "#hair", "uv": [ 11.0, 0.0, 17.0, 8.5 ], "autoUv": false },
				"west": { "texture": "#hair", "uv": [ 6.5, 0.0, 12.0, 8.5 ], "autoUv": false },
				"up": { "texture": "#hair", "uv": [ 24.0, 0.0, 29.5, 6.0 ], "rotation": 90, "autoUv": false }
			},
			"children": [
				{
					"name": "Hair-uncovered",
					"from": [ -0.1875, 0.825, -0.1875 ],
					"to": [ 4.6875, 6.45, 4.3125 ],
					"autoUnwrap": false,
					"uv": [ 32.5, 22.0 ],
					"rotationOrigin": [ 2.4375, 6.45, 2.1 ],
					"faces": {
						"north": { "texture": "#hair", "uv": [ 12.5, 1.0, 19.0, 8.5 ], "autoUv": false },
						"east": { "texture": "#hair", "uv": [ 15.5, 0.5, 21.5, 8.0 ], "autoUv": false },
						"south": { "texture": "#hair", "uv": [ 16.0, 1.0, 22.5, 8.5 ], "autoUv": false },
						"west": { "texture": "#hair", "uv": [ 5.5, 0.0, 11.5, 7.5 ], "autoUv": false },
						"up": { "texture": "#hair", "uv": [ 26.5, 10.5, 32.5, 17.0 ], "rotation": 90, "autoUv": false }
					},
					"children": [
						{
							"name": "HairLeftUp",
							"from": [ 0.0, 2.625, 4.5 ],
							"to": [ 4.875, 5.625, 4.5 ],
							"uv": [ 14.0, 11.5 ],
							"rotationOrigin": [ 2.25, 5.625, 4.5 ],
							"rotationX": -22.0,
							"faces": {
								"south": { "texture": "#hair", "uv": [ 14.0, 11.5, 20.5, 15.5 ], "autoUv": false }
							}
						},
						{
							"name": "HairRightUp",
							"from": [ 0.0, 2.625, 0.0 ],
							"to": [ 4.875, 5.625, 0.0 ],
							"uv": [ 15.0, 11.5 ],
							"rotationOrigin": [ 2.25, 5.625, 0.0 ],
							"rotationX": 22.0,
							"faces": {
								"north": { "texture": "#hair", "uv": [ 15.0, 11.5, 21.5, 15.5 ], "autoUv": false }
							}
						},
						{
							"name": "HairBackUp",
							"from": [ 4.875, 3.375, 0.15 ],
							"to": [ 4.875, 5.625, 4.275 ],
							"uv": [ 34.5, 39.0 ],
							"rotationOrigin": [ 4.875, 5.625, 2.175 ],
							"rotationZ": 22.0,
							"faces": {
								"east": { "texture": "#hair", "uv": [ 34.5, 39.0, 40.0, 42.0 ], "autoUv": false }
							}
						},
						{
							"name": "HairBack",
							"from": [ 4.875, 2.025, 0.0 ],
							"to": [ 4.875, 4.275, 4.5 ],
							"uv": [ 20.5, 11.0 ],
							"rotationOrigin": [ 4.875, 4.275, 2.025 ],
							"rotationZ": 19.0,
							"faces": {
								"east": { "texture": "#hair", "uv": [ 20.5, 11.0, 26.5, 14.0 ], "autoUv": false }
							}
						},
						{
							"name": "HairLeft",
							"from": [ 0.225, 1.5, 4.5 ],
							"to": [ 4.725, 4.5, 4.5 ],
							"uv": [ 16.0, 3.0 ],
							"rotationOrigin": [ 2.475, 4.5, 4.5 ],
							"rotationX": -22.0,
							"faces": {
								"south": { "texture": "#hair", "uv": [ 16.0, 3.0, 22.0, 7.0 ], "autoUv": false }
							}
						},
						{
							"name": "HairRight",
							"from": [ 0.375, 1.5, 0.0 ],
							"to": [ 4.875, 4.5, 0.0 ],
							"uv": [ 14.5, 3.0 ],
							"rotationOrigin": [ 2.625, 4.5, 0.0 ],
							"rotationX": 22.0,
							"faces": {
								"north": { "texture": "#hair", "uv": [ 14.5, 3.0, 20.5, 7.0 ], "autoUv": false }
							}
						},
						{
							"name": "bangs",
							"from": [ 0.0, 4.125, 0.0 ],
							"to": [ 0.0, 5.625, 4.5 ],
							"uv": [ 7.0, 11.0 ],
							"rotationOrigin": [ 0.0, 5.625, 2.025 ],
							"rotationZ": -19.0,
							"faces": {
								"west": { "texture": "#hair", "uv": [ 7.0, 11.0, 13.0, 13.0 ], "autoUv": false }
							}
						}
					]
				}
			]
		}
	]}