{
	"editor": {
		"backDropShape": "entity/humanoid/seraph-hairless",
		"allAngles": true,
		"entityTextureMode": true
	},
	"textureWidth": 48,
	"textureHeight": 48,
	"textureSizes": {
		"hair": [48,48],
		"birch": [16,16]
	},
	"textures": {
	},
	"elements": [
		{
			"name": "Hair",
			"stepParentName": "Head",
			"from": [ -0.15, -2.325, -0.1875 ],
			"to": [ 4.35, 4.05, 3.9375 ],
			"autoUnwrap": false,
			"uv": [ 2.0, 2.5 ],
			"rotationOrigin": [ 2.25, 1.5, 1.875 ],
			"faces": {
				"north": { "texture": "#hair", "uv": [ 0.0, 1.0, 6.0, 9.5 ], "autoUv": false },
				"east": { "texture": "#hair", "uv": [ 18.0, 1.0, 23.5, 9.5 ], "autoUv": false },
				"south": { "texture": "#hair", "uv": [ 11.0, 1.0, 17.0, 9.5 ], "autoUv": false },
				"west": { "texture": "#hair", "uv": [ 27.5, 21.5, 33.0, 30.0 ], "autoUv": false },
				"up": { "texture": "#hair", "uv": [ 24.0, 0.0, 29.5, 6.0 ], "rotation": 90, "autoUv": false }
			},
			"children": [
				{
					"name": "hair-uncovered",
					"from": [ 0.0, 0.0, 0.0 ],
					"to": [ 0.0, 0.0, 0.0 ],
					"uv": [ 0.0, 0.0 ],
					"faces": {
					},
					"children": [
						{
							"name": "PartRightTop",
							"from": [ 0.0, 6.375, -0.15 ],
							"to": [ 4.5, 6.375, 2.1 ],
							"autoUnwrap": false,
							"uv": [ 20.0, 10.5 ],
							"rotationOrigin": [ 2.4, 6.375, 2.1 ],
							"rotationX": 5.0,
							"faces": {
								"up": { "texture": "#hair", "uv": [ 19.0, 10.5, 25.0, 13.5 ], "rotation": 180, "autoUv": false }
							}
						},
						{
							"name": "PartLeftTop",
							"from": [ 0.0, 6.375, 2.1 ],
							"to": [ 4.5, 6.375, 4.35 ],
							"uv": [ 20.0, 10.5 ],
							"rotationOrigin": [ 2.25, 6.375, 2.1 ],
							"rotationX": -5.0,
							"faces": {
								"up": { "texture": "#hair", "uv": [ 20.0, 10.5, 26.0, 13.5 ], "autoUv": false }
							}
						},
						{
							"name": "PartRight",
							"from": [ 0.0, 4.125, 4.125 ],
							"to": [ 4.5, 6.375, 4.125 ],
							"uv": [ 12.5, 11.0 ],
							"rotationOrigin": [ 2.55, 6.375, 4.125 ],
							"rotationX": -5.0,
							"faces": {
								"south": { "texture": "#hair", "uv": [ 12.5, 11.0, 18.5, 14.0 ], "autoUv": false }
							}
						},
						{
							"name": "PartLeft",
							"from": [ 0.0, 4.125, 0.0 ],
							"to": [ 4.5, 6.375, 0.0 ],
							"uv": [ 0.0, 12.0 ],
							"rotationOrigin": [ 2.55, 6.375, 0.0 ],
							"rotationX": 5.0,
							"faces": {
								"north": { "texture": "#hair", "uv": [ 0.0, 12.0, 6.0, 15.0 ], "autoUv": false }
							}
						}
					]
				}
			]
		},
		{
			"name": "Hair tile upper part",
			"stepParentName": "Head",
			"from": [ -0.3, -1.5, -0.375 ],
			"to": [ 4.575, 4.125, 4.125 ],
			"autoUnwrap": false,
			"uv": [ 3.0, 9.0 ],
			"rotationOrigin": [ 2.325, 4.125, 1.875 ],
			"faces": {
			}
		}
	]}