{
	"editor": {
		"backDropShape": "entity/humanoid/seraph-hairless",
		"allAngles": true,
		"entityTextureMode": true
	},
	"textureWidth": 48,
	"textureHeight": 48,
	"textureSizes": {
		"hair": [48,48],
		"birch": [16,16]
	},
	"textures": {
	},
	"elements": [
		{
			"name": "HairBase",
			"stepParentName": "Head",
			"from": [ -0.15, -0.225, -0.075 ],
			"to": [ 4.2, 3.9, 3.825 ],
			"autoUnwrap": false,
			"uv": [ 1.5, 10.5 ],
			"rotationOrigin": [ 2.1, 2.025, 1.875 ],
			"faces": {
				"north": { "texture": "#hair", "uv": [ 7.0, 36.0, 12.5, 41.5 ], "autoUv": false },
				"east": { "texture": "#hair", "uv": [ 0.5, 37.0, 5.5, 42.5 ], "autoUv": false },
				"south": { "texture": "#hair", "uv": [ 17.0, 36.0, 22.5, 41.5 ], "autoUv": false },
				"west": { "texture": "#hair", "uv": [ 12.0, 36.5, 17.0, 42.0 ], "autoUv": false },
				"up": { "texture": "#hair", "uv": [ 0.5, 36.0, 6.0, 41.0 ], "autoUv": false }
			}
		},
		{
			"name": "HairOver",
			"stepParentName": "Head",
			"from": [ -0.225, -2.475, -0.15 ],
			"to": [ 4.65, 3.9, 3.9 ],
			"autoUnwrap": false,
			"uv": [ 32.5, 22.0 ],
			"rotationOrigin": [ 2.025, 2.025, 1.875 ],
			"faces": {
			}
		}
	]}