{
	"editor": {
		"backDropShape": "entity/humanoid/seraph-hairless",
		"allAngles": true,
		"entityTextureMode": true
	},
	"textureWidth": 48,
	"textureHeight": 48,
	"textureSizes": {
		"hair": [48,48],
		"birch": [16,16]
	},
	"textures": {
	},
	"elements": [
		{
			"name": "HairOver",
			"stepParentName": "Head",
			"from": [ -0.225, -2.475, -0.15 ],
			"to": [ 4.65, 3.9, 3.9 ],
			"autoUnwrap": false,
			"uv": [ 32.5, 22.0 ],
			"rotationOrigin": [ 2.025, 2.025, 1.875 ],
			"faces": {
			},
			"children": [
				{
					"name": "hair-uncovered",
					"from": [ 0.225, 2.475, 0.15 ],
					"to": [ 0.225, 2.475, 0.15 ],
					"uv": [ 0.0, 0.0 ],
					"rotationOrigin": [ 0.225, 2.475, 0.15 ],
					"faces": {
					},
					"children": [
						{
							"name": "HairBase",
							"stepParentName": "Head",
							"from": [ -0.15, -0.3, -0.075 ],
							"to": [ 4.2, 3.825, 3.825 ],
							"autoUnwrap": false,
							"uv": [ 1.5, 10.5 ],
							"rotationOrigin": [ 2.1, 1.95, 1.875 ],
							"faces": {
								"north": { "texture": "#hair", "uv": [ 3.5, 27.0, 9.0, 32.5 ], "autoUv": false },
								"east": { "texture": "#hair", "uv": [ 5.0, 27.0, 10.0, 32.5 ], "autoUv": false },
								"south": { "texture": "#hair", "uv": [ 6.0, 27.0, 11.5, 32.5 ], "autoUv": false },
								"west": { "texture": "#hair", "uv": [ 5.0, 27.5, 10.0, 33.0 ], "autoUv": false }
							},
							"children": [
								{
									"name": "TonsureFront",
									"from": [ -0.225, 2.7, 0.0 ],
									"to": [ -0.225, 4.2, 3.9 ],
									"uv": [ 18.0, 4.5 ],
									"rotationOrigin": [ -0.225, 3.45, 1.95 ],
									"rotationZ": -36.0,
									"faces": {
										"west": { "texture": "#hair", "uv": [ 18.0, 4.5, 23.0, 6.5 ], "autoUv": false }
									}
								},
								{
									"name": "TonsureRight",
									"from": [ 0.0, 2.325, -0.225 ],
									"to": [ 4.35, 3.825, -0.225 ],
									"uv": [ 14.5, 4.5 ],
									"rotationOrigin": [ 2.325, 3.075, -0.225 ],
									"rotationX": 36.0,
									"faces": {
										"north": { "texture": "#hair", "uv": [ 14.5, 4.5, 20.0, 6.5 ], "autoUv": false }
									}
								},
								{
									"name": "TonsureLeft",
									"from": [ 0.0, 2.325, 4.125 ],
									"to": [ 4.425, 3.825, 4.125 ],
									"uv": [ 16.0, 4.5 ],
									"rotationOrigin": [ 2.325, 3.075, 4.125 ],
									"rotationX": -36.0,
									"faces": {
										"south": { "texture": "#hair", "uv": [ 16.0, 4.5, 21.5, 6.5 ], "autoUv": false }
									}
								},
								{
									"name": "TonsureBack",
									"from": [ 4.65, 2.175, 0.0 ],
									"to": [ 4.65, 3.675, 3.9 ],
									"uv": [ 16.0, 4.5 ],
									"rotationOrigin": [ 4.65, 2.925, 2.1 ],
									"rotationZ": 28.0,
									"faces": {
										"east": { "texture": "#hair", "uv": [ 16.0, 4.5, 21.0, 6.5 ], "autoUv": false }
									}
								}
							]
						}
					]
				}
			]
		}
	]}