[
	{
		"ingredientPattern": "BL,P_",
		"recipeGroup": 2,
		"ingredients": {
			"B": { "type": "item", "code": "fagothic:fa-gothic-head-sallet-steel-*",  
						"name": "color", "allowedVariants": [
					"plain",
					"blue",
					"red",
					"yellow",
					"green",
					"purple",
					"pink",
					"orange",
					"brown",
					"gray",
					"black",
					"white",
					"none"
				]
			},
			"P": { "type": "item", "code": "agiclasses:tools-*"
			},
			"L": { "type": "item", "code": "agiclasses:tools-*"
			}
		},
		"width": 2,
		"height": 2,
		"shapeless": true,
		"copyAttributesFrom": "'B'",
		"averageDurability": false,
		"name": "gothic steel plate sallet repair",
		"output": { "type": "item", "code": "fagothic:fa-gothic-head-sallet-steel-{color}"
		}
	},
	{
		"ingredientPattern": "BL,P_",
		"recipeGroup": 2,
		"ingredients": {
			"B": { "type": "item", "code": "fagothic:fa-gothic-head-sallet-meteoriciron-*",  
						"name": "color", "allowedVariants": [
					"plain",
					"blue",
					"red",
					"yellow",
					"green",
					"purple",
					"pink",
					"orange",
					"brown",
					"gray",
					"black",
					"white",
					"none"
				]
			},
			"P": { "type": "item", "code": "agiclasses:tools-*"
			},
			"L": { "type": "item", "code": "agiclasses:tools-*"
			}
		},
		"width": 2,
		"height": 2,
		"shapeless": true,
		"copyAttributesFrom": "'B'",
		"averageDurability": false,
		"name": "gothic meteoric iron plate sallet repair",
		"output": { "type": "item", "code": "fagothic:fa-gothic-head-sallet-meteoriciron-{color}"
		}
	},
	{
		"ingredientPattern": "BL,P_",
		"recipeGroup": 2,
		"ingredients": {
			"B": { "type": "item", "code": "fagothic:fa-gothic-head-sallet-iron-*",  
						"name": "color", "allowedVariants": [
					"plain",
					"blue",
					"red",
					"yellow",
					"green",
					"purple",
					"pink",
					"orange",
					"brown",
					"gray",
					"black",
					"none"
				]
			},
			"P": { "type": "item", "code": "agiclasses:tools-*"
			},
			"L": { "type": "item", "code": "agiclasses:tools-*"
			}
		},
		"width": 2,
		"height": 2,
		"shapeless": true,
		"copyAttributesFrom": "'B'",
		"averageDurability": false,
		"name": "gothic iron plate sallet repair",
		"output": { "type": "item", "code": "fagothic:fa-gothic-head-sallet-iron-{color}"
		}
	},
	{
		"ingredientPattern": "BL,P_",
		"recipeGroup": 2,
		"ingredients": {
			"B": { "type": "item", "code": "fagothic:fa-gothic-head-salletwreath-steel-*",  
						"name": "color", "allowedVariants": [
					"plain",
					"blue",
					"red",
					"yellow",
					"green",
					"purple",
					"pink",
					"orange",
					"brown",
					"gray",
					"black",
					"white",
					"none"
				]
			},
			"P": { "type": "item", "code": "agiclasses:tools-*"
			},
			"L": { "type": "item", "code": "agiclasses:tools-*"
			}
		},
		"width": 2,
		"height": 2,
		"shapeless": true,
		"copyAttributesFrom": "'B'",
		"averageDurability": false,
		"name": "gothic steel plate sallet repair",
		"output": { "type": "item", "code": "fagothic:fa-gothic-head-salletwreath-steel-{color}"
		}
	},
	{
		"ingredientPattern": "BL,P_",
		"recipeGroup": 2,
		"ingredients": {
			"B": { "type": "item", "code": "fagothic:fa-gothic-head-salletwreath-meteoriciron-*",  
						"name": "color", "allowedVariants": [
					"plain",
					"blue",
					"red",
					"yellow",
					"green",
					"purple",
					"pink",
					"orange",
					"brown",
					"gray",
					"black",
					"white",
					"none"
				]
			},
			"P": { "type": "item", "code": "agiclasses:tools-*"
			},
			"L": { "type": "item", "code": "agiclasses:tools-*"
			}
		},
		"width": 2,
		"height": 2,
		"shapeless": true,
		"copyAttributesFrom": "'B'",
		"averageDurability": false,
		"name": "gothic meteoric iron plate sallet repair",
		"output": { "type": "item", "code": "fagothic:fa-gothic-head-salletwreath-meteoriciron-{color}"
		}
	},
	{
		"ingredientPattern": "BL,P_",
		"recipeGroup": 2,
		"ingredients": {
			"B": { "type": "item", "code": "fagothic:fa-gothic-head-salletwreath-iron-*",  
						"name": "color", "allowedVariants": [
					"plain",
					"blue",
					"red",
					"yellow",
					"green",
					"purple",
					"pink",
					"orange",
					"brown",
					"gray",
					"black",
					"none"
				]
			},
			"P": { "type": "item", "code": "agiclasses:tools-*"
			},
			"L": { "type": "item", "code": "agiclasses:tools-*"
			}
		},
		"width": 2,
		"height": 2,
		"shapeless": true,
		"copyAttributesFrom": "'B'",
		"averageDurability": false,
		"name": "gothic iron plate sallet repair",
		"output": { "type": "item", "code": "fagothic:fa-gothic-head-salletwreath-iron-{color}"
		}
	},
	{
		"ingredientPattern": "BL,P_",
		"recipeGroup": 2,
		"ingredients": {
			"B": { "type": "item", "code": "fagothic:fa-gothic-body-steel-*",  
						"name": "color", "allowedVariants": [
					"plain",
					"blue",
					"red",
					"yellow",
					"green",
					"purple",
					"pink",
					"orange",
					"brown",
					"gray",
					"black",
					"white"
				]
			},
			"P": { "type": "item", "code": "agiclasses:tools-*"
			},
			"L": { "type": "item", "code": "agiclasses:tools-*"
			}
		},
		"width": 2,
		"height": 2,
		"shapeless": true,
		"copyAttributesFrom": "'B'",
		"averageDurability": false,
		"name": "gothic steel plate body repair",
		"output": { "type": "item", "code": "fagothic:fa-gothic-body-steel-{color}"
		}
	},
	{
		"ingredientPattern": "BL,P_",
		"recipeGroup": 2,
		"ingredients": {
			"B": { "type": "item", "code": "fagothic:fa-gothic-body-meteoriciron-*",  
						"name": "color", "allowedVariants": [
					"plain",
					"blue",
					"red",
					"yellow",
					"green",
					"purple",
					"pink",
					"orange",
					"brown",
					"gray",
					"black",
					"white"
				]
			},
			"P": { "type": "item", "code": "agiclasses:tools-*"
			},
			"L": { "type": "item", "code": "agiclasses:tools-*"
			}
		},
		"width": 2,
		"height": 2,
		"shapeless": true,
		"copyAttributesFrom": "'B'",
		"averageDurability": false,
		"name": "gothic meteoric iron plate body repair",
		"output": { "type": "item", "code": "fagothic:fa-gothic-body-meteoriciron-{color}"
		}
	},
	{
		"ingredientPattern": "BL,P_",
		"recipeGroup": 2,
		"ingredients": {
			"B": { "type": "item", "code": "fagothic:fa-gothic-body-iron-*",  
						"name": "color", "allowedVariants": [
					"plain",
					"blue",
					"red",
					"yellow",
					"green",
					"purple",
					"pink",
					"orange",
					"brown",
					"gray",
					"black",
					"white"
				]
			},
			"P": { "type": "item", "code": "agiclasses:tools-*"
			},
			"L": { "type": "item", "code": "agiclasses:tools-*"
			}
		},
		"width": 2,
		"height": 2,
		"shapeless": true,
		"copyAttributesFrom": "'B'",
		"averageDurability": false,
		"name": "gothic iron plate body repair",
		"output": { "type": "item", "code": "fagothic:fa-gothic-body-iron-{color}"
		}
	},
	{
		"ingredientPattern": "BL,P_",
		"recipeGroup": 2,
		"ingredients": {
			"B": { "type": "item", "code": "fagothic:fa-gothic-legs-steel-*",  
						"name": "color", "allowedVariants": [
					"plain",
					"blue",
					"red",
					"yellow",
					"green",
					"purple",
					"pink",
					"orange",
					"brown",
					"gray",
					"black",
					"white"
				]
			},
			"P": { "type": "item", "code": "agiclasses:tools-*"
			},
			"L": { "type": "item", "code": "agiclasses:tools-*"
			}
		},
		"width": 2,
		"height": 2,
		"shapeless": true,
		"copyAttributesFrom": "'B'",
		"averageDurability": false,
		"name": "gothic steel plate legs repair",
		"output": { "type": "item", "code": "fagothic:fa-gothic-legs-steel-{color}"
		}
	},
	{
		"ingredientPattern": "BL,P_",
		"recipeGroup": 2,
		"ingredients": {
			"B": { "type": "item", "code": "fagothic:fa-gothic-legs-meteoriciron-*",  
						"name": "color", "allowedVariants": [
					"plain",
					"blue",
					"red",
					"yellow",
					"green",
					"purple",
					"pink",
					"orange",
					"brown",
					"gray",
					"black",
					"white"
				]
			},
			"P": { "type": "item", "code": "agiclasses:tools-*"
			},
			"L": { "type": "item", "code": "agiclasses:tools-*"
			}
		},
		"width": 2,
		"height": 2,
		"shapeless": true,
		"copyAttributesFrom": "'B'",
		"averageDurability": false,
		"name": "gothic meteoric iron plate legs repair",
		"output": { "type": "item", "code": "fagothic:fa-gothic-legs-meteoriciron-{color}"
		}
	},
	{
		"ingredientPattern": "BL,P_",
		"recipeGroup": 2,
		"ingredients": {
			"B": { "type": "item", "code": "fagothic:fa-gothic-legs-iron-*",  
						"name": "color", "allowedVariants": [
					"plain",
					"blue",
					"red",
					"yellow",
					"green",
					"purple",
					"pink",
					"orange",
					"brown",
					"gray",
					"black",
					"white"
				]
			},
			"P": { "type": "item", "code": "agiclasses:tools-*"
			},
			"L": { "type": "item", "code": "agiclasses:tools-*"
			}
		},
		"width": 2,
		"height": 2,
		"shapeless": true,
		"copyAttributesFrom": "'B'",
		"averageDurability": false,
		"name": "gothic iron plate legs repair",
		"output": { "type": "item", "code": "fagothic:fa-gothic-legs-iron-{color}"
		}
	}
]