[
{
    "op": "add",
    "path": "/behaviors/-",
    "value": { "name": "Encrustable" },
    "file": "fagothic:itemtypes/wearable/fa-gothic-body.json"
  },
  {
    "op": "add",
    "path": "/behaviors/-",
    "value": { "name": "Encrustable" },
    "file": "fagothic:itemtypes/wearable/fa-gothic-head.json"
  },
  {
    "op": "add",
    "path": "/behaviors/-",
    "value": { "name": "Encrustable" },
    "file": "fagothic:itemtypes/wearable/fa-gothic-legs.json"
  },
  {
    "op": "add",
    "path": "/behaviors/-",
    "value": { "name": "Encrustable" },
    "file": "fagreenwich:itemtypes/wearable/fa-greenwich-head.json"
  },
  {
    "op": "add",
    "path": "/behaviors/-",
    "value": { "name": "Encrustable" },
    "file": "fagreenwich:itemtypes/wearable/fa-greenwich-legs.json"
  },
  {
    "op": "add",
    "path": "/behaviors/-",
    "value": { "name": "Encrustable" },
    "file": "fagreenwich:itemtypes/wearable/fa-greenwich-body.json"
  },
  {
    "op": "add",
    "path": "/behaviors/-",
    "value": { "name": "Encrustable" },
    "file": "fatemplar:itemtypes/wearable/fa-templar-head.json"
  },
  {
    "op": "add",
    "path": "/behaviors/-",
    "value": { "name": "Encrustable" },
    "file": "fatemplar:itemtypes/wearable/fa-templar-body.json"
  },
  {
    "op": "add",
    "path": "/behaviors/-",
    "value": { "name": "Encrustable" },
    "file": "fatemplar:itemtypes/wearable/fa-templar-legs.json"
  },
  {
    "op": "add",
    "path": "canjewelry:cancoronet-*",
    "value": {"enable":"false"},
    "file": "canjewelry/assets/canjewerly/recipes/smithing/coronetbase.json"

  },
  {
    "op": "add",
    "path": "canjewelry:cantiara-*",
    "value": {"enable":"false"},
    "file": "canjewelry/assets/canjewerly/recipes/smithing/tiara.json"

  },
  {
    "op": "add",
    "path": "canjewelry:canarmband-*",
    "value": {"enable":"false"},
    "file": "canjewelry/assets/canjewerly/recipes/grid/can-armband.json"

  },
  {
    "op": "add",
    "path": "canjewelry:canmonocle-*",
    "value": {"enable":"false"},
    "file": "canjewelry/assets/canjewerly/recipes/grid/can-monocle.json"
    
  },
  {
    "op": "add",
    "path": "canjewelry:cansimplenecklace-*",
    "value": {"enable":"false"},
    "file": "canjewelry/assets/canjewerly/recipes/grid/can-simple-necklace.json"

  },
  {
    "op": "add",
    "path": "canjewelry:canrottenkingmask-*",
    "value": {"enable":"false"},
    "file": "canjewelry/assets/canjewerly/recipes/grid/rottenkingmask.json"

  }
]