{
	code: "boat",
	class: "EntityBoat",
	variantgroups: [
		{ code: "type", states: ["raft", "sailed"] },
		{ "code": "material", "loadFromProperties": "floralzonescentralaustralianregion:block/wood" },
	],
	attributes: {
		shouldSwivelFromMotion: false,
		swimmingOffsetYByType: {
			"boat-raft-*": 0.45,
			"boat-sailed-*": 1
		},
		requiresPaddlingToolByType: {
			"boat-raft-*": true
		},
		rightClickPickupByType: {
			"boat-raft-*": true
		},
		unfurlSailsByType: {
			"boat-sailed-*": true
		},
		mountAnimationsByType: {
			"boat-raft-*": {
				idle: "sitflooridle",
				ready: "crudeOarReady",
				forwards: "crudeOarForward",
				backwards: "crudeOarBackward"
			},
			"boat-sailed-*": {
				idle: "sitboatidle",
				ready: "",
				forwards: "",
				backwards: ""
			}
		}
	},
	hitboxSizeByType: {
		"boat-raft-*": { x: 2, y: 0.6, z: 2 },
		"boat-sailed-*": { x: 3, y: 1.2, z: 3 }
	},
	behaviorConfigs: {
		"passivephysicsmultibox": {
			collisionBoxesByType: {
				"boat-raft-*": [
					{ x1: -0.75, y1: 0, z1: 0, x2: 0.75, y2: 0.6, z2: 1.5 },
					{ x1: -0.75, y1: 0, z1: -1.5, x2: 0.75, y2: 0.6, z2: 0 },
				],
				"boat-sailed-*": [
					{ x1: -1.4, y1: 0, z1: 0.1, x2: 1.4, y2: 1.2, z2: 2.9 },
					{ x1: -1.4, y1: 0, z1: -2.9, x2: 1.4, y2: 1.2, z2: -0.1 },
					{ x1: -1.4, y1: 0, z1: -5.9, x2: 1.4, y2: 1.2, z2: -2.9 }
				],
			},
			groundDragFactor: 1,
			airDragFallingFactor: 0.5,
			gravityFactor: 1.0
		},
		"seatable": {
			"__comment": "Note: The FrontSeat selection box originally had that Y-Rotation of 180 degrees - it offseted the player somehow weirdly. Was not able to figure out why. Setting mountRotation works better.",
			seatsByType: {
				"boat-raft-*": [
					{ apName: "BackSeatAP", controllable: true, bodyYawLimit: 0.4, eyeHeight: 1, reverse: true },
					{ apName: "FrontSeatAP", controllable: true, mountRotation: { y: 180 }, bodyYawLimit: 0.4, eyeHeight: 1  }
				],
				"boat-sailed-*": [
					{ apName: "LeftSeatAP", mountOffset: { x: 0.5 }, bodyYawLimit: 0.4, eyeHeight: 1 },
					{ apName: "RightSeatAP", mountOffset: { x: 0.5 }, bodyYawLimit: 0.4, controllable: true, eyeHeight: 1 }
				]
			}
		},
		"rideableaccessories": {
			"__comment": "These need to be in the same order as the selectionBoxes array further down",
			wearableSlotsByType: {
				"boat-raft-*": [
					{
						code: "Back Seat",
						forCategoryCodes: ["basket"],
						attachmentPointCode: "BackSeatAP",
						stepParentTo: {
							"": { elementName: "BackSeat" }
						},
						emptyInteractPassThrough: true
					},
					{
						code: "Front Seat",
						forCategoryCodes: ["basket"],
						attachmentPointCode: "FrontSeatAP",
						stepParentTo: {
							"": { elementName: "FrontSeat" }
						},
						emptyInteractPassThrough: true
					},
					{
						code: "Oar Storage",
						forCategoryCodes: ["oar"],
						attachmentPointCode: "OarAP",
						stepParentTo: {
							"": { elementName: "OarStorage" }
						}
					}
				],
				"boat-sailed-*": [
					{
						code: "Left Prow Storage",
						forCategoryCodes: ["anchor"],
						attachmentPointCode: "LProwAP",
						stepParentTo: {
							"": { elementName: "LeftProwStorage" }
						}
					},
					{
						code: "Upper Mast Storage",
						forCategoryCodes: ["lantern"],
						attachmentPointCode: "UpperMastAP",
						stepParentTo: {
							"": { elementName: "UpperMastStorage" }
						}
					},
					{
						code: "Figurehead",
						forCategoryCodes: ["chiseledblock"],
						attachmentPointCode: "FigureheadAP",
						stepParentTo: {
							"": { elementName: "FigureHeadStorage" }
						}
					},
					{
						code: "Left Ratlines",
						forCategoryCodes: ["ratlines"],
						attachmentPointCode: "RatlineLAP",
						stepParentTo: {
							"": { elementName: "RatlineL" }
						}
					},
					{
						code: "Right Ratlines",
						forCategoryCodes: ["ratlines"],
						attachmentPointCode: "RatlineRAP",
						stepParentTo: {
							"": { elementName: "RatlineR" }
						}
					},
					{
						code: "Left Storage 1",
						forCategoryCodes: ["seat", "chest", "ropetiepost", "basket", "crate"],
						canMergeWith: ["Left Storage 2"],
						attachmentPointCode: "LStore1AP",
						stepParentTo: {
							"": { elementName: "LeftStorage1" }
						}
					},
					{
						code: "Left Storage 2",
						forCategoryCodes: ["seat", "chest", "ropetiepost", "basket", "crate"],
						canMergeWith: ["Left Storage 3"],
						attachmentPointCode: "LStore2AP",
						stepParentTo: {
							"": { elementName: "LeftStorage2" }
						}
					},
					{
						code: "Left Storage 3",
						forCategoryCodes: ["seat", "chest", "ropetiepost", "basket", "crate"],
						canMergeWith: ["Left Storage 4"],
						attachmentPointCode: "LStore3AP",
						stepParentTo: {
							"": { elementName: "LeftStorage3" }
						}
					},
					{
						code: "Left Storage 4",
						forCategoryCodes: ["seat", "chest", "basket", "crate"],
						attachmentPointCode: "LStore4AP",
						stepParentTo: {
							"": { elementName: "LeftStorage4" }
						}
					},
					{
						code: "Right Storage 1",
						forCategoryCodes: ["seat", "chest", "ropetiepost", "basket", "crate"],
						canMergeWith: ["Right Storage 2"],
						attachmentPointCode: "RStore1AP",
						stepParentTo: {
							"": { elementName: "RightStorage1" }
						}
					},
					{
						code: "Right Storage 2",
						forCategoryCodes: ["seat", "chest", "ropetiepost", "basket", "crate"],
						canMergeWith: ["Right Storage 3"],
						attachmentPointCode: "RStore2AP",
						stepParentTo: {
							"": { elementName: "RightStorage2" }
						}
					},
					{
						code: "Right Storage 3",
						forCategoryCodes: ["seat", "chest", "ropetiepost", "basket", "crate"],
						canMergeWith: ["Right Storage 4"],
						attachmentPointCode: "RStore3AP",
						stepParentTo: {
							"": { elementName: "RightStorage3" }
						}
					},
					{
						code: "Right Storage 4",
						forCategoryCodes: ["seat", "chest", "basket", "crate"],
						attachmentPointCode: "RStore4AP",
						stepParentTo: {
							"": { elementName: "RightStorage4" }
						}
					},
					{
						code: "LeftSeatAP",
						forCategoryCodes: [],
					},
					{
						code: "RightSeatAP",
						forCategoryCodes: [],
					},
					{
						code: "Lower Mast Storage",
						forCategoryCodes: ["rope"],
						attachmentPointCode: "LowerMastAP",
						stepParentTo: {
							"": { elementName: "LowerMastStorage" }
						}
					}
				]
			}
		},
		"selectionboxes": {
			selectionBoxesByType: {
				"boat-sailed-*": ["LProwAP", "UpperMastAP", "FigureheadAP", "RatlineLAP", "RatlineRAP", "LStore1AP", "LStore2AP", "LStore3AP", "LStore4AP", "RStore1AP", "RStore2AP", "RStore3AP", "RStore4AP", "LeftSeatAP", "RightSeatAP", "LowerMastAP" ],
				"boat-raft-*": ["BackSeatAP", "FrontSeatAP", "OarAP"]
			}
		}
	},
	client: {
		size: 1,
		renderer: "Shape",
		shapeByType: {
			"boat-raft-*": { base: "game:entity/water/boat/raft" },
			"boat-sailed-*": { base: "game:entity/water/boat/sailed", ignoreElements: ["hideWater"] }
		},
		animations: [
			{
				code: "turnLeft",
				animation: "turnLeft",
				animationSpeed: 1,
				easeInSpeed: 2,
				easeOutSpeed: 2
			},
			{
				code: "turnRight",
				animation: "turnRight",
				animationSpeed: 1,
				easeInSpeed: 2,
				easeOutSpeed: 2
			}
		],
		texturesByType: {
			"*": {
				"material": { base: "floralzonescentralaustralianregion:block/wood/debarked/{material}" },
				"oak": { base: "floralzonescentralaustralianregion:block/wood/debarked/{material}" },
				"oak1": { base: "floralzonescentralaustralianregion:block/wood/planks/{material}*" },
				"birch1": { base: "floralzonescentralaustralianregion:block/wood/planks/{material}*" },
				"plainoak": { base: "floralzonescentralaustralianregion:block/wood/debarked/{material}" }
			}
		},
		behaviors: [
			{ code: "repulseagents" },
			{ code: "passivephysicsmultibox" },
			{ code: "interpolateposition" },
			{ code: "hidewatersurface", hideWaterElement: "ORIGIN/hideWater/*", enabledByType: { "boat-sailed-*": true, "*": false } },
			{ code: "selectionboxes" },
			{ code: "rideableaccessories" },
			{ code: "seatable" }
		],
	},
	server: {
		behaviors: [
			{ code: "repulseagents" },
			{ code: "passivephysicsmultibox" },
			{ code: "selectionboxes" },
			{ code: "rideableaccessories" },
			{ code: "seatable" }
		],
	},
	sounds: { }
}
