{
	"editor": {
		"backDropShape": "entity/humanoid/seraph",
		"collapsedPaths": "Root/shoe R,Root/shoe L",
		"allAngles": true,
		"entityTextureMode": false
	},
	"textureWidth": 16,
	"textureHeight": 16,
	"textureSizes": {
		"shoes": [16,16]
	},
	"textures": {
	},
	"elements": [
		{
			"name": "shoe R",
			"stepParentName": "LowerFootR",
			"from": [ -0.075, -0.075, -0.075 ],
			"to": [ 3.075, 0.675, 2.325 ],
			"rotationOrigin": [ -0.075, -0.075, -0.075 ],
			"faces": {
				"north": { "texture": "#shoes", "uv": [ 3.0, 15.0, 7.0, 16.0 ], "autoUv": false },
				"east": { "texture": "#shoes", "uv": [ 0.0, 15.0, 3.0, 16.0 ], "autoUv": false },
				"south": { "texture": "#shoes", "uv": [ 10.0, 15.0, 14.0, 16.0 ], "autoUv": false },
				"west": { "texture": "#shoes", "uv": [ 7.0, 15.0, 10.0, 16.0 ], "autoUv": false },
				"up": { "texture": "#shoes", "uv": [ 13.0, 0.0, 16.0, 4.0 ], "rotation": 90, "autoUv": false },
				"down": { "texture": "#shoes", "uv": [ 0.0, 4.0, 3.0, 8.0 ], "rotation": 90, "autoUv": false }
			},
			"children": [
				{
					"name": "N fold 20",
					"from": [ 0.0, 0.75, 0.0 ],
					"to": [ 0.75, 1.875, 0.15 ],
					"rotationOrigin": [ 0.0, 0.75, 0.15 ],
					"rotationX": -8.0,
					"faces": {
						"north": { "texture": "#shoes", "uv": [ 6.0, 13.5, 7.0, 15.0 ], "autoUv": false },
						"east": { "texture": "#shoes", "uv": [ 6.0, 13.5, 6.5, 15.0 ], "autoUv": false },
						"south": { "texture": "#shoes", "uv": [ 7.5, 0.5, 8.5, 2.0 ], "autoUv": false },
						"west": { "texture": "#shoes", "uv": [ 3.0, 13.5, 3.5, 15.0 ], "autoUv": false },
						"up": { "texture": "#shoes", "uv": [ 2.5, 13.5, 3.5, 14.0 ], "autoUv": false },
						"down": { "texture": "#shoes", "uv": [ 0.0, 0.0, 1.0, 0.5 ], "autoUv": false }
					}
				},
				{
					"name": "S fold 21",
					"from": [ 0.0, 0.75, 2.25 ],
					"to": [ 0.75, 1.875, 2.4 ],
					"rotationOrigin": [ 0.0, 0.75, 2.25 ],
					"rotationX": 8.0,
					"faces": {
						"north": { "texture": "#shoes", "uv": [ 0.0, 0.0, 1.0, 1.5 ], "autoUv": false },
						"east": { "texture": "#shoes", "uv": [ 10.5, 13.5, 11.0, 15.0 ], "autoUv": false },
						"south": { "texture": "#shoes", "uv": [ 10.0, 13.5, 11.0, 15.0 ], "autoUv": false },
						"west": { "texture": "#shoes", "uv": [ 9.5, 13.5, 10.0, 15.0 ], "autoUv": false },
						"up": { "texture": "#shoes", "uv": [ 10.0, 13.5, 11.0, 14.0 ], "autoUv": false },
						"down": { "texture": "#shoes", "uv": [ 0.0, 0.0, 1.0, 0.5 ], "autoUv": false }
					}
				},
				{
					"name": "back fold 1",
					"from": [ 3.0, 0.75, 0.0 ],
					"to": [ 3.15, 1.875, 2.4 ],
					"rotationOrigin": [ 3.0, 0.75, 0.0 ],
					"rotationZ": -7.0,
					"faces": {
						"north": { "texture": "#shoes", "uv": [ 2.5, 13.5, 3.0, 15.0 ], "autoUv": false },
						"east": { "texture": "#shoes", "uv": [ 0.0, 13.5, 3.0, 15.0 ], "autoUv": false },
						"south": { "texture": "#shoes", "uv": [ 0.0, 13.5, 0.5, 15.0 ], "autoUv": false },
						"west": { "texture": "#shoes", "uv": [ 5.5, 2.0, 8.5, 3.5 ], "autoUv": false },
						"up": { "texture": "#shoes", "uv": [ 0.0, 13.5, 3.0, 14.0 ], "rotation": 270, "autoUv": false },
						"down": { "texture": "#shoes", "uv": [ 0.0, 0.0, 0.5, 3.0 ], "autoUv": false }
					}
				},
				{
					"name": "front 1",
					"from": [ 0.0, 0.75, 0.0 ],
					"to": [ 0.15, 1.875, 2.4 ],
					"rotationOrigin": [ 0.15, 0.75, 0.0 ],
					"rotationZ": 10.0,
					"faces": {
						"north": { "texture": "#shoes", "uv": [ 7.0, 13.5, 7.5, 15.0 ], "autoUv": false },
						"east": { "texture": "#shoes", "uv": [ 1.5, 0.0, 4.5, 1.5 ], "autoUv": false },
						"south": { "texture": "#shoes", "uv": [ 9.5, 13.5, 10.0, 15.0 ], "autoUv": false },
						"west": { "texture": "#shoes", "uv": [ 7.0, 13.5, 10.0, 15.0 ], "autoUv": false },
						"up": { "texture": "#shoes", "uv": [ 7.0, 13.5, 10.0, 14.0 ], "rotation": 90, "autoUv": false },
						"down": { "texture": "#shoes", "uv": [ 0.0, 0.0, 0.5, 3.0 ], "autoUv": false }
					},
					"children": [
						{
							"name": "front 2",
							"from": [ 0.0, 1.125, 0.375 ],
							"to": [ 0.15, 1.5, 2.025 ],
							"rotationOrigin": [ 0.15, 1.125, 0.375 ],
							"faces": {
								"north": { "texture": "#shoes", "uv": [ 7.5, 13.0, 8.0, 13.5 ], "autoUv": false },
								"east": { "texture": "#shoes", "uv": [ 4.5, 2.5, 6.5, 3.0 ], "autoUv": false },
								"south": { "texture": "#shoes", "uv": [ 9.0, 13.0, 9.5, 13.5 ], "autoUv": false },
								"west": { "texture": "#shoes", "uv": [ 7.5, 13.0, 9.5, 13.5 ], "autoUv": false },
								"up": { "texture": "#shoes", "uv": [ 7.5, 13.0, 9.5, 13.5 ], "rotation": 90, "autoUv": false },
								"down": { "texture": "#shoes", "uv": [ 0.0, 0.0, 0.5, 2.0 ], "autoUv": false }
							}
						}
					]
				},
				{
					"name": "N fold 17",
					"from": [ 2.7, 0.75, 0.0 ],
					"to": [ 3.075, 1.875, 0.15 ],
					"rotationOrigin": [ 2.7, 0.75, 0.15 ],
					"rotationX": -8.0,
					"faces": {
						"north": { "texture": "#shoes", "uv": [ 3.0, 13.5, 3.5, 15.0 ], "autoUv": false },
						"east": { "texture": "#shoes", "uv": [ 3.0, 13.5, 3.5, 15.0 ], "autoUv": false },
						"south": { "texture": "#shoes", "uv": [ 2.0, 1.0, 2.5, 2.5 ], "autoUv": false },
						"west": { "texture": "#shoes", "uv": [ 3.0, 13.5, 3.5, 15.0 ], "autoUv": false },
						"up": { "texture": "#shoes", "uv": [ 3.0, 13.5, 3.5, 14.0 ], "autoUv": false },
						"down": { "texture": "#shoes", "uv": [ 0.0, 0.0, 0.5, 0.5 ], "autoUv": false }
					}
				},
				{
					"name": "N fold 18",
					"from": [ 2.325, 0.75, 0.0 ],
					"to": [ 2.7, 1.5, 0.15 ],
					"rotationOrigin": [ 2.325, 0.75, 0.15 ],
					"rotationX": -8.0,
					"faces": {
						"north": { "texture": "#shoes", "uv": [ 3.5, 14.0, 4.0, 15.0 ], "autoUv": false },
						"east": { "texture": "#shoes", "uv": [ 3.5, 14.0, 4.0, 15.0 ], "autoUv": false },
						"south": { "texture": "#shoes", "uv": [ 7.0, 2.0, 7.5, 3.0 ], "autoUv": false },
						"west": { "texture": "#shoes", "uv": [ 3.5, 14.0, 4.0, 15.0 ], "autoUv": false },
						"up": { "texture": "#shoes", "uv": [ 3.5, 14.0, 4.0, 14.5 ], "autoUv": false },
						"down": { "texture": "#shoes", "uv": [ 0.0, 0.0, 0.5, 0.5 ], "autoUv": false }
					}
				},
				{
					"name": "N fold 19",
					"from": [ 0.75, 0.75, 0.0 ],
					"to": [ 1.125, 1.5, 0.15 ],
					"rotationOrigin": [ 0.75, 0.75, 0.15 ],
					"rotationX": -8.0,
					"faces": {
						"north": { "texture": "#shoes", "uv": [ 5.5, 14.0, 6.0, 15.0 ], "autoUv": false },
						"east": { "texture": "#shoes", "uv": [ 5.5, 14.0, 6.0, 15.0 ], "autoUv": false },
						"south": { "texture": "#shoes", "uv": [ 6.0, 2.0, 6.5, 3.0 ], "autoUv": false },
						"west": { "texture": "#shoes", "uv": [ 5.5, 14.0, 6.0, 15.0 ], "autoUv": false },
						"up": { "texture": "#shoes", "uv": [ 5.5, 14.0, 6.0, 14.5 ], "autoUv": false },
						"down": { "texture": "#shoes", "uv": [ 0.0, 0.0, 0.5, 0.5 ], "autoUv": false }
					}
				},
				{
					"name": "N fold 21",
					"from": [ 1.125, 0.75, 0.0 ],
					"to": [ 2.325, 1.125, 0.15 ],
					"rotationOrigin": [ 1.125, 0.75, 0.15 ],
					"rotationX": -11.0,
					"faces": {
						"north": { "texture": "#shoes", "uv": [ 4.5, 14.5, 6.0, 15.0 ], "autoUv": false },
						"east": { "texture": "#shoes", "uv": [ 6.5, 13.5, 7.0, 14.0 ], "autoUv": false },
						"south": { "texture": "#shoes", "uv": [ 8.5, 2.0, 10.0, 2.5 ], "autoUv": false },
						"west": { "texture": "#shoes", "uv": [ 3.0, 13.5, 3.5, 14.0 ], "autoUv": false },
						"up": { "texture": "#shoes", "uv": [ 4.0, 14.5, 5.5, 15.0 ], "autoUv": false },
						"down": { "texture": "#shoes", "uv": [ 0.0, 0.0, 1.5, 0.5 ], "autoUv": false }
					}
				},
				{
					"name": "S fold 18",
					"from": [ 0.75, 0.75, 2.25 ],
					"to": [ 1.125, 1.5, 2.4 ],
					"rotationOrigin": [ 0.75, 0.75, 2.25 ],
					"rotationX": 8.0,
					"faces": {
						"north": { "texture": "#shoes", "uv": [ 0.0, 0.0, 0.5, 1.0 ], "autoUv": false },
						"east": { "texture": "#shoes", "uv": [ 11.0, 14.0, 11.5, 15.0 ], "autoUv": false },
						"south": { "texture": "#shoes", "uv": [ 11.0, 14.0, 11.5, 15.0 ], "autoUv": false },
						"west": { "texture": "#shoes", "uv": [ 11.0, 14.0, 11.5, 15.0 ], "autoUv": false },
						"up": { "texture": "#shoes", "uv": [ 11.0, 14.0, 11.5, 14.5 ], "autoUv": false },
						"down": { "texture": "#shoes", "uv": [ 0.0, 0.0, 0.5, 0.5 ], "autoUv": false }
					}
				},
				{
					"name": "S fold 19",
					"from": [ 1.125, 0.75, 2.25 ],
					"to": [ 2.4, 1.125, 2.4 ],
					"rotationOrigin": [ 1.125, 0.75, 2.25 ],
					"rotationX": 8.0,
					"faces": {
						"north": { "texture": "#shoes", "uv": [ 0.0, 0.0, 1.5, 0.5 ], "autoUv": false },
						"east": { "texture": "#shoes", "uv": [ 12.5, 14.5, 13.0, 15.0 ], "autoUv": false },
						"south": { "texture": "#shoes", "uv": [ 11.5, 14.5, 13.0, 15.0 ], "autoUv": false },
						"west": { "texture": "#shoes", "uv": [ 11.5, 14.5, 12.0, 15.0 ], "autoUv": false },
						"up": { "texture": "#shoes", "uv": [ 11.5, 14.5, 13.0, 15.0 ], "autoUv": false },
						"down": { "texture": "#shoes", "uv": [ 0.0, 0.0, 1.5, 0.5 ], "autoUv": false }
					}
				},
				{
					"name": "S fold 20",
					"from": [ 2.775, 0.75, 2.25 ],
					"to": [ 3.15, 1.875, 2.4 ],
					"rotationOrigin": [ 2.775, 0.75, 2.25 ],
					"rotationX": 8.0,
					"faces": {
						"north": { "texture": "#shoes", "uv": [ 0.0, 0.0, 0.5, 1.5 ], "autoUv": false },
						"east": { "texture": "#shoes", "uv": [ 13.5, 13.5, 14.0, 15.0 ], "autoUv": false },
						"south": { "texture": "#shoes", "uv": [ 13.5, 13.5, 14.0, 15.0 ], "autoUv": false },
						"west": { "texture": "#shoes", "uv": [ 13.5, 13.5, 14.0, 15.0 ], "autoUv": false },
						"up": { "texture": "#shoes", "uv": [ 13.5, 13.5, 14.0, 14.0 ], "autoUv": false },
						"down": { "texture": "#shoes", "uv": [ 0.0, 0.0, 0.5, 0.5 ], "autoUv": false }
					}
				},
				{
					"name": "S fold 22",
					"from": [ 2.4, 0.75, 2.25 ],
					"to": [ 2.775, 1.5, 2.4 ],
					"rotationOrigin": [ 2.4, 0.75, 2.25 ],
					"rotationX": 8.0,
					"faces": {
						"north": { "texture": "#shoes", "uv": [ 0.0, 0.0, 0.5, 1.0 ], "autoUv": false },
						"east": { "texture": "#shoes", "uv": [ 13.0, 14.0, 13.5, 15.0 ], "autoUv": false },
						"south": { "texture": "#shoes", "uv": [ 13.0, 14.0, 13.5, 15.0 ], "autoUv": false },
						"west": { "texture": "#shoes", "uv": [ 13.0, 14.0, 13.5, 15.0 ], "autoUv": false },
						"up": { "texture": "#shoes", "uv": [ 13.0, 14.0, 13.5, 14.5 ], "autoUv": false },
						"down": { "texture": "#shoes", "uv": [ 0.0, 0.0, 0.5, 0.5 ], "autoUv": false }
					}
				}
			]
		},
		{
			"name": "shoe L",
			"stepParentName": "LowerFootL",
			"from": [ -0.075, -0.075, -0.075 ],
			"to": [ 3.075, 0.675, 2.325 ],
			"rotationOrigin": [ -0.075, -0.075, -0.075 ],
			"faces": {
				"north": { "texture": "#shoes", "uv": [ 0.0, 11.0, 4.0, 12.0 ], "autoUv": false },
				"east": { "texture": "#shoes", "uv": [ 11.0, 11.0, 14.0, 12.0 ], "autoUv": false },
				"south": { "texture": "#shoes", "uv": [ 7.0, 11.0, 11.0, 12.0 ], "autoUv": false },
				"west": { "texture": "#shoes", "uv": [ 4.0, 11.0, 7.0, 12.0 ], "autoUv": false },
				"up": { "texture": "#shoes", "uv": [ 10.5, 0.0, 13.5, 4.0 ], "rotation": 90, "autoUv": false },
				"down": { "texture": "#shoes", "uv": [ 4.0, 4.0, 7.0, 8.0 ], "rotation": 90, "autoUv": false }
			},
			"children": [
				{
					"name": "N fold 23",
					"from": [ 0.0, 0.75, 0.0 ],
					"to": [ 0.75, 1.875, 0.15 ],
					"rotationOrigin": [ 0.0, 0.75, 0.15 ],
					"rotationX": -8.0,
					"faces": {
						"north": { "texture": "#shoes", "uv": [ 3.0, 9.5, 4.0, 11.0 ], "autoUv": false },
						"east": { "texture": "#shoes", "uv": [ 3.0, 9.5, 3.5, 11.0 ], "autoUv": false },
						"south": { "texture": "#shoes", "uv": [ 7.5, 2.0, 8.5, 3.5 ], "autoUv": false },
						"west": { "texture": "#shoes", "uv": [ 3.5, 9.5, 4.0, 11.0 ], "autoUv": false },
						"up": { "texture": "#shoes", "uv": [ 3.0, 9.5, 4.0, 10.0 ], "autoUv": false },
						"down": { "texture": "#shoes", "uv": [ 0.0, 0.0, 1.0, 0.5 ], "autoUv": false }
					}
				},
				{
					"name": "S fold 24",
					"from": [ 0.0, 0.75, 2.25 ],
					"to": [ 0.75, 1.875, 2.4 ],
					"rotationOrigin": [ 0.0, 0.75, 2.25 ],
					"rotationX": 8.0,
					"faces": {
						"north": { "texture": "#shoes", "uv": [ 1.5, 1.0, 2.5, 2.5 ], "autoUv": false },
						"east": { "texture": "#shoes", "uv": [ 7.5, 9.5, 8.0, 11.0 ], "autoUv": false },
						"south": { "texture": "#shoes", "uv": [ 7.0, 9.5, 8.0, 11.0 ], "autoUv": false },
						"west": { "texture": "#shoes", "uv": [ 7.0, 9.5, 7.5, 11.0 ], "autoUv": false },
						"up": { "texture": "#shoes", "uv": [ 7.0, 9.5, 8.0, 10.0 ], "autoUv": false },
						"down": { "texture": "#shoes", "uv": [ 0.0, 0.0, 1.0, 0.5 ], "autoUv": false }
					}
				},
				{
					"name": "back fold 25",
					"from": [ 3.0, 0.75, 0.0 ],
					"to": [ 3.15, 1.875, 2.4 ],
					"rotationOrigin": [ 3.0, 0.75, 0.0 ],
					"rotationZ": -7.0,
					"faces": {
						"north": { "texture": "#shoes", "uv": [ 13.5, 9.5, 14.0, 11.0 ], "autoUv": false },
						"east": { "texture": "#shoes", "uv": [ 11.0, 9.5, 14.0, 11.0 ], "autoUv": false },
						"south": { "texture": "#shoes", "uv": [ 11.0, 9.5, 11.5, 11.0 ], "autoUv": false },
						"west": { "texture": "#shoes", "uv": [ 2.5, 1.5, 5.5, 3.0 ], "autoUv": false },
						"up": { "texture": "#shoes", "uv": [ 11.0, 9.5, 14.0, 10.0 ], "rotation": 270, "autoUv": false },
						"down": { "texture": "#shoes", "uv": [ 0.0, 0.0, 0.5, 3.0 ], "autoUv": false }
					}
				},
				{
					"name": "front 26",
					"from": [ 0.0, 0.75, 0.0 ],
					"to": [ 0.15, 1.875, 2.4 ],
					"rotationOrigin": [ 0.15, 0.75, 0.0 ],
					"rotationZ": 10.0,
					"faces": {
						"north": { "texture": "#shoes", "uv": [ 3.5, 9.5, 4.0, 11.0 ], "autoUv": false },
						"east": { "texture": "#shoes", "uv": [ 6.5, 1.0, 9.5, 2.5 ], "autoUv": false },
						"south": { "texture": "#shoes", "uv": [ 7.0, 9.5, 7.5, 11.0 ], "autoUv": false },
						"west": { "texture": "#shoes", "uv": [ 4.0, 9.5, 7.0, 11.0 ], "autoUv": false },
						"up": { "texture": "#shoes", "uv": [ 4.0, 9.5, 7.0, 10.0 ], "rotation": 90, "autoUv": false },
						"down": { "texture": "#shoes", "uv": [ 0.0, 0.0, 0.5, 3.0 ], "autoUv": false }
					},
					"children": [
						{
							"name": "front 27",
							"from": [ 0.0, 1.125, 0.375 ],
							"to": [ 0.15, 1.5, 2.025 ],
							"rotationOrigin": [ 0.15, 1.125, 0.375 ],
							"faces": {
								"north": { "texture": "#shoes", "uv": [ 4.5, 9.0, 5.0, 9.5 ], "autoUv": false },
								"east": { "texture": "#shoes", "uv": [ 7.5, 1.0, 9.5, 1.5 ], "autoUv": false },
								"south": { "texture": "#shoes", "uv": [ 6.0, 9.0, 6.5, 9.5 ], "autoUv": false },
								"west": { "texture": "#shoes", "uv": [ 4.5, 9.0, 6.5, 9.5 ], "autoUv": false },
								"up": { "texture": "#shoes", "uv": [ 4.5, 9.0, 6.5, 9.5 ], "rotation": 90, "autoUv": false }
							}
						}
					]
				},
				{
					"name": "N fold 27",
					"from": [ 2.7, 0.75, 0.0 ],
					"to": [ 3.075, 1.875, 0.15 ],
					"rotationOrigin": [ 2.7, 0.75, 0.15 ],
					"rotationX": -8.0,
					"faces": {
						"north": { "texture": "#shoes", "uv": [ 0.0, 9.5, 0.5, 11.0 ], "autoUv": false },
						"east": { "texture": "#shoes", "uv": [ 0.0, 9.5, 0.5, 11.0 ], "autoUv": false },
						"south": { "texture": "#shoes", "uv": [ 8.5, 1.5, 9.0, 3.0 ], "autoUv": false },
						"west": { "texture": "#shoes", "uv": [ 0.0, 9.5, 0.5, 11.0 ], "autoUv": false },
						"up": { "texture": "#shoes", "uv": [ 0.0, 9.5, 0.5, 10.0 ], "autoUv": false },
						"down": { "texture": "#shoes", "uv": [ 0.0, 0.0, 0.5, 0.5 ], "autoUv": false }
					}
				},
				{
					"name": "N fold 28",
					"from": [ 2.325, 0.75, 0.0 ],
					"to": [ 2.7, 1.5, 0.15 ],
					"rotationOrigin": [ 2.325, 0.75, 0.15 ],
					"rotationX": -8.0,
					"faces": {
						"north": { "texture": "#shoes", "uv": [ 0.5, 10.0, 1.0, 11.0 ], "autoUv": false },
						"east": { "texture": "#shoes", "uv": [ 0.5, 10.0, 1.0, 11.0 ], "autoUv": false },
						"south": { "texture": "#shoes", "uv": [ 1.5, 1.0, 2.0, 2.0 ], "autoUv": false },
						"west": { "texture": "#shoes", "uv": [ 0.5, 10.0, 1.0, 11.0 ], "autoUv": false },
						"up": { "texture": "#shoes", "uv": [ 0.5, 10.0, 1.0, 10.5 ], "autoUv": false },
						"down": { "texture": "#shoes", "uv": [ 0.0, 0.0, 0.5, 0.5 ], "autoUv": false }
					}
				},
				{
					"name": "N fold 29",
					"from": [ 0.75, 0.75, 0.0 ],
					"to": [ 1.125, 1.5, 0.15 ],
					"rotationOrigin": [ 0.75, 0.75, 0.15 ],
					"rotationX": -8.0,
					"faces": {
						"north": { "texture": "#shoes", "uv": [ 2.5, 10.0, 3.0, 11.0 ], "autoUv": false },
						"east": { "texture": "#shoes", "uv": [ 2.5, 10.0, 3.0, 11.0 ], "autoUv": false },
						"south": { "texture": "#shoes", "uv": [ 2.0, 2.0, 2.5, 3.0 ], "autoUv": false },
						"west": { "texture": "#shoes", "uv": [ 2.5, 10.0, 3.0, 11.0 ], "autoUv": false },
						"up": { "texture": "#shoes", "uv": [ 2.5, 10.0, 3.0, 10.5 ], "autoUv": false },
						"down": { "texture": "#shoes", "uv": [ 0.0, 0.0, 0.5, 0.5 ], "autoUv": false }
					}
				},
				{
					"name": "N fold 30",
					"from": [ 1.125, 0.75, 0.0 ],
					"to": [ 2.325, 1.125, 0.15 ],
					"rotationOrigin": [ 1.125, 0.75, 0.15 ],
					"rotationX": -11.0,
					"faces": {
						"north": { "texture": "#shoes", "uv": [ 1.0, 10.5, 2.5, 11.0 ], "autoUv": false },
						"east": { "texture": "#shoes", "uv": [ 1.0, 10.5, 1.5, 11.0 ], "autoUv": false },
						"south": { "texture": "#shoes", "uv": [ 0.0, 2.0, 1.5, 2.5 ], "autoUv": false },
						"west": { "texture": "#shoes", "uv": [ 2.0, 10.5, 2.5, 11.0 ], "autoUv": false },
						"up": { "texture": "#shoes", "uv": [ 1.0, 10.5, 2.5, 11.0 ], "autoUv": false },
						"down": { "texture": "#shoes", "uv": [ 0.0, 0.0, 1.5, 0.5 ], "autoUv": false }
					}
				},
				{
					"name": "S fold 31",
					"from": [ 0.75, 0.75, 2.25 ],
					"to": [ 1.125, 1.5, 2.4 ],
					"rotationOrigin": [ 0.75, 0.75, 2.25 ],
					"rotationX": 8.0,
					"faces": {
						"north": { "texture": "#shoes", "uv": [ 9.0, 2.5, 9.5, 3.5 ], "autoUv": false },
						"east": { "texture": "#shoes", "uv": [ 8.0, 10.0, 8.5, 11.0 ], "autoUv": false },
						"south": { "texture": "#shoes", "uv": [ 8.0, 10.0, 8.5, 11.0 ], "autoUv": false },
						"west": { "texture": "#shoes", "uv": [ 8.0, 10.0, 8.5, 11.0 ], "autoUv": false },
						"up": { "texture": "#shoes", "uv": [ 8.0, 10.0, 8.5, 10.5 ], "autoUv": false },
						"down": { "texture": "#shoes", "uv": [ 0.0, 0.0, 0.5, 0.5 ], "autoUv": false }
					}
				},
				{
					"name": "S fold 32",
					"from": [ 1.125, 0.75, 2.25 ],
					"to": [ 2.4, 1.125, 2.4 ],
					"rotationOrigin": [ 1.125, 0.75, 2.25 ],
					"rotationX": 8.0,
					"faces": {
						"north": { "texture": "#shoes", "uv": [ 3.0, 2.0, 4.5, 2.5 ], "autoUv": false },
						"east": { "texture": "#shoes", "uv": [ 9.5, 10.5, 10.0, 11.0 ], "autoUv": false },
						"south": { "texture": "#shoes", "uv": [ 8.5, 10.5, 10.0, 11.0 ], "autoUv": false },
						"west": { "texture": "#shoes", "uv": [ 8.5, 10.5, 9.0, 11.0 ], "autoUv": false },
						"up": { "texture": "#shoes", "uv": [ 8.5, 10.5, 10.0, 11.0 ], "autoUv": false },
						"down": { "texture": "#shoes", "uv": [ 0.0, 0.0, 1.5, 0.5 ], "autoUv": false }
					}
				},
				{
					"name": "S fold 33",
					"from": [ 2.775, 0.75, 2.25 ],
					"to": [ 3.15, 1.875, 2.4 ],
					"rotationOrigin": [ 2.775, 0.75, 2.25 ],
					"rotationX": 8.0,
					"faces": {
						"north": { "texture": "#shoes", "uv": [ 0.5, 2.5, 1.0, 4.0 ], "autoUv": false },
						"east": { "texture": "#shoes", "uv": [ 10.5, 9.5, 11.0, 11.0 ], "autoUv": false },
						"south": { "texture": "#shoes", "uv": [ 10.5, 9.5, 11.0, 11.0 ], "autoUv": false },
						"west": { "texture": "#shoes", "uv": [ 10.5, 9.5, 11.0, 11.0 ], "autoUv": false },
						"up": { "texture": "#shoes", "uv": [ 10.5, 9.5, 11.0, 10.0 ], "autoUv": false },
						"down": { "texture": "#shoes", "uv": [ 0.0, 0.0, 0.5, 0.5 ], "autoUv": false }
					}
				},
				{
					"name": "S fold 34",
					"from": [ 2.4, 0.75, 2.25 ],
					"to": [ 2.775, 1.5, 2.4 ],
					"rotationOrigin": [ 2.4, 0.75, 2.25 ],
					"rotationX": 8.0,
					"faces": {
						"north": { "texture": "#shoes", "uv": [ 6.0, 1.5, 6.5, 2.5 ], "autoUv": false },
						"east": { "texture": "#shoes", "uv": [ 10.0, 10.0, 10.5, 11.0 ], "autoUv": false },
						"south": { "texture": "#shoes", "uv": [ 10.0, 10.0, 10.5, 11.0 ], "autoUv": false },
						"west": { "texture": "#shoes", "uv": [ 10.0, 10.0, 10.5, 11.0 ], "autoUv": false },
						"up": { "texture": "#shoes", "uv": [ 10.0, 10.0, 10.5, 10.5 ], "autoUv": false },
						"down": { "texture": "#shoes", "uv": [ 0.0, 0.0, 0.5, 0.5 ], "autoUv": false }
					}
				}
			]
		}
	]}