{
	"editor": {
		"backDropShape": "entity/humanoid/seraph",
		"collapsedPaths": "Root/shoe L/LacesR1,Root/shoe L/LacesL1,Root/shoe L/front16,Root/shoe R,Root/shoe L",
		"allAngles": true,
		"entityTextureMode": true
	},
	"textureWidth": 16,
	"textureHeight": 24,
	"textureSizes": {
		"shoes": [16,24]
	},
	"textures": {
	},
	"elements": [
		{
			"name": "shoe R",
			"stepParentName": "LowerFootR",
			"from": [ -0.075, -0.075, -0.075 ],
			"to": [ 3.075, 2.925, 2.325 ],
			"unwrapMode": 4,
			"autoUnwrap": false,
			"uv": [ 1.0, 14.5 ],
			"rotationOrigin": [ -0.075, -0.075, -0.075 ],
			"faces": {
				"north": { "texture": "#shoes", "uv": [ 1.0, 20.0, 5.0, 24.0 ], "autoUv": false, "windMode": [-1,-1,-1,-1] },
				"east": { "texture": "#shoes", "uv": [ 12.0, 20.0, 15.0, 24.0 ], "autoUv": false },
				"south": { "texture": "#shoes", "uv": [ 8.0, 20.0, 12.0, 24.0 ], "autoUv": false },
				"west": { "texture": "#shoes", "uv": [ 5.0, 20.0, 8.0, 24.0 ], "autoUv": false },
				"up": { "texture": "#shoes", "uv": [ 13.0, 0.0, 16.0, 4.0 ], "rotation": 90, "autoUv": false },
				"down": { "texture": "#shoes", "uv": [ 0.0, 4.0, 3.0, 8.0 ], "rotation": 90, "autoUv": false }
			},
			"children": [
				{
					"name": "hideshoeR",
					"from": [ 0.0, 3.0, 0.0 ],
					"to": [ 0.75, 3.75, 0.75 ],
					"uv": [ 3.0, 1.5 ],
					"rotationOrigin": [ 0.0, 3.0, 0.0 ],
					"faces": {
					},
					"children": [
						{
							"name": "RlipELower1",
							"from": [ 3.0, 0.0, 0.0 ],
							"to": [ 3.15, 0.375, 2.4 ],
							"unwrapMode": 2,
							"autoUnwrap": false,
							"uv": [ 11.5, 19.0 ],
							"rotationOrigin": [ 3.0, 0.0, 0.0 ],
							"rotationZ": -8.0,
							"faces": {
								"north": { "texture": "#shoes", "uv": [ 15.0, 19.5, 15.5, 20.0 ], "autoUv": false },
								"east": { "texture": "#shoes", "uv": [ 12.0, 19.5, 15.0, 20.0 ], "autoUv": false },
								"south": { "texture": "#shoes", "uv": [ 11.5, 19.5, 12.0, 20.0 ], "autoUv": false },
								"west": { "texture": "#shoes", "uv": [ 6.0, 0.0, 9.0, 0.5 ], "autoUv": false },
								"up": { "texture": "#shoes", "uv": [ 12.0, 19.0, 15.0, 19.5 ], "rotation": 270, "autoUv": false }
							},
							"children": [
								{
									"name": "RlipELower2",
									"from": [ 0.0, 0.375, 0.75 ],
									"to": [ 0.15, 0.75, 2.4 ],
									"unwrapMode": 2,
									"autoUnwrap": false,
									"uv": [ 11.5, 18.5 ],
									"rotationOrigin": [ 0.0, 0.375, 0.75 ],
									"faces": {
										"north": { "texture": "#shoes", "uv": [ 14.0, 19.0, 14.5, 19.5 ], "autoUv": false },
										"east": { "texture": "#shoes", "uv": [ 12.0, 19.0, 14.0, 19.5 ], "autoUv": false },
										"south": { "texture": "#shoes", "uv": [ 11.5, 19.0, 12.0, 19.5 ], "autoUv": false },
										"west": { "texture": "#shoes", "uv": [ 7.0, 0.5, 9.0, 1.0 ], "autoUv": false },
										"up": { "texture": "#shoes", "uv": [ 12.0, 18.5, 14.0, 19.0 ], "rotation": 270, "autoUv": false }
									},
									"children": [
										{
											"name": "RlipELower3",
											"from": [ 0.0, 0.375, 0.375 ],
											"to": [ 0.15, 0.75, 1.65 ],
											"unwrapMode": 2,
											"autoUnwrap": false,
											"uv": [ 11.5, 18.0 ],
											"rotationOrigin": [ 0.0, 0.375, 0.375 ],
											"faces": {
												"north": { "texture": "#shoes", "uv": [ 13.5, 18.5, 14.0, 19.0 ], "autoUv": false },
												"east": { "texture": "#shoes", "uv": [ 12.0, 18.5, 13.5, 19.0 ], "autoUv": false },
												"south": { "texture": "#shoes", "uv": [ 11.5, 18.5, 12.0, 19.0 ], "autoUv": false },
												"west": { "texture": "#shoes", "uv": [ 7.5, 1.0, 9.0, 1.5 ], "autoUv": false },
												"up": { "texture": "#shoes", "uv": [ 12.0, 18.0, 13.5, 18.5 ], "rotation": 270, "autoUv": false }
											},
											"children": [
												{
													"name": "RlipELower4",
													"from": [ 0.0, 0.375, 0.8625 ],
													"to": [ 0.15, 0.75, 1.275 ],
													"unwrapMode": 2,
													"autoUnwrap": false,
													"uv": [ 11.5, 17.5 ],
													"rotationOrigin": [ 0.0, 0.375, 0.8625 ],
													"faces": {
														"north": { "texture": "#shoes", "uv": [ 12.5, 18.0, 13.0, 18.5 ], "autoUv": false },
														"east": { "texture": "#shoes", "uv": [ 12.0, 18.0, 12.5, 18.5 ], "autoUv": false },
														"south": { "texture": "#shoes", "uv": [ 11.5, 18.0, 12.0, 18.5 ], "autoUv": false },
														"west": { "texture": "#shoes", "uv": [ 8.5, 1.5, 9.0, 2.0 ], "autoUv": false },
														"up": { "texture": "#shoes", "uv": [ 12.0, 17.5, 12.5, 18.0 ], "rotation": 270, "autoUv": false }
													}
												},
												{
													"name": "RlipELower5",
													"from": [ 0.0, -0.375, -1.125 ],
													"to": [ 0.15, 0.0, -0.7125 ],
													"unwrapMode": 2,
													"autoUnwrap": false,
													"uv": [ 14.0, 18.5 ],
													"rotationOrigin": [ 0.0, -0.375, -1.125 ],
													"faces": {
														"north": { "texture": "#shoes", "uv": [ 15.0, 19.0, 15.5, 19.5 ], "autoUv": false },
														"east": { "texture": "#shoes", "uv": [ 14.5, 19.0, 15.0, 19.5 ], "autoUv": false },
														"south": { "texture": "#shoes", "uv": [ 14.0, 19.0, 14.5, 19.5 ], "autoUv": false },
														"west": { "texture": "#shoes", "uv": [ 4.0, 1.0, 4.5, 1.5 ], "autoUv": false },
														"up": { "texture": "#shoes", "uv": [ 14.5, 18.5, 15.0, 19.0 ], "rotation": 270, "autoUv": false }
													}
												}
											]
										}
									]
								}
							]
						},
						{
							"name": "RlipSLower",
							"from": [ 0.0, -0.0075, 2.25 ],
							"to": [ 3.15, 1.1175, 2.4 ],
							"unwrapMode": 3,
							"autoUnwrap": false,
							"uv": [ 7.5, 18.0 ],
							"rotationOrigin": [ 0.0, 0.0, 2.25 ],
							"rotationX": 8.0,
							"faces": {
								"north": { "texture": "#shoes", "uv": [ 4.0, 0.0, 8.0, 1.5 ], "autoUv": false },
								"east": { "texture": "#shoes", "uv": [ 12.0, 18.5, 12.5, 20.0 ], "autoUv": false },
								"south": { "texture": "#shoes", "uv": [ 8.0, 18.5, 12.0, 20.0 ], "autoUv": false },
								"west": { "texture": "#shoes", "uv": [ 7.5, 18.5, 8.0, 20.0 ], "autoUv": false },
								"up": { "texture": "#shoes", "uv": [ 8.0, 18.0, 12.0, 18.5 ], "autoUv": false }
							},
							"children": [
								{
									"name": "RlipSMid",
									"from": [ 0.75, 1.125, 0.0 ],
									"to": [ 3.15, 1.5, 0.15 ],
									"unwrapMode": 3,
									"autoUnwrap": false,
									"uv": [ 8.5, 17.5 ],
									"rotationOrigin": [ 0.75, 1.1325, 0.0 ],
									"faces": {
										"north": { "texture": "#shoes", "uv": [ 5.0, 1.5, 8.0, 2.0 ], "autoUv": false },
										"east": { "texture": "#shoes", "uv": [ 12.0, 18.0, 12.5, 18.5 ], "autoUv": false },
										"south": { "texture": "#shoes", "uv": [ 9.0, 18.0, 12.0, 18.5 ], "autoUv": false },
										"west": { "texture": "#shoes", "uv": [ 8.5, 18.0, 9.0, 18.5 ], "autoUv": false },
										"up": { "texture": "#shoes", "uv": [ 9.0, 17.5, 12.0, 18.0 ], "autoUv": false }
									},
									"children": [
										{
											"name": "RlipSTop",
											"from": [ 1.125, 0.375, 0.0 ],
											"to": [ 2.4, 0.75, 0.15 ],
											"unwrapMode": 3,
											"autoUnwrap": false,
											"uv": [ 10.0, 17.0 ],
											"rotationOrigin": [ 1.125, 0.3825, 0.0 ],
											"faces": {
												"north": { "texture": "#shoes", "uv": [ 6.5, 2.0, 8.0, 2.5 ], "autoUv": false },
												"east": { "texture": "#shoes", "uv": [ 12.0, 17.5, 12.5, 18.0 ], "autoUv": false },
												"south": { "texture": "#shoes", "uv": [ 10.5, 17.5, 12.0, 18.0 ], "autoUv": false },
												"west": { "texture": "#shoes", "uv": [ 10.0, 17.5, 10.5, 18.0 ], "autoUv": false },
												"up": { "texture": "#shoes", "uv": [ 10.5, 17.0, 12.0, 17.5 ], "autoUv": false }
											}
										}
									]
								}
							]
						},
						{
							"name": "LLipNLower2",
							"from": [ 0.0, 0.0, 0.0 ],
							"to": [ 3.15, 0.75, 0.15 ],
							"unwrapMode": 1,
							"autoUnwrap": false,
							"uv": [ 0.5, 18.5 ],
							"rotationOrigin": [ 0.0, 0.0, 0.15 ],
							"rotationX": -8.0,
							"faces": {
								"north": { "texture": "#shoes", "uv": [ 1.0, 19.0, 5.0, 20.0 ], "autoUv": false },
								"east": { "texture": "#shoes", "uv": [ 0.5, 19.0, 1.0, 20.0 ], "autoUv": false },
								"south": { "texture": "#shoes", "uv": [ 4.0, 0.0, 8.0, 1.0 ], "autoUv": false },
								"west": { "texture": "#shoes", "uv": [ 5.0, 19.0, 5.5, 20.0 ], "autoUv": false },
								"up": { "texture": "#shoes", "uv": [ 1.0, 18.5, 5.0, 19.0 ], "rotation": 180, "autoUv": false }
							},
							"children": [
								{
									"name": "LLipNMid2",
									"from": [ 0.0, 0.75, 0.0 ],
									"to": [ 2.4, 1.125, 0.15 ],
									"unwrapMode": 1,
									"autoUnwrap": false,
									"uv": [ 1.5, 18.0 ],
									"rotationOrigin": [ 0.0, 0.75, 0.15 ],
									"faces": {
										"north": { "texture": "#shoes", "uv": [ 2.0, 18.5, 5.0, 19.0 ], "autoUv": false },
										"east": { "texture": "#shoes", "uv": [ 1.5, 18.5, 2.0, 19.0 ], "autoUv": false },
										"south": { "texture": "#shoes", "uv": [ 5.0, 1.0, 8.0, 1.5 ], "autoUv": false },
										"west": { "texture": "#shoes", "uv": [ 5.0, 18.5, 5.5, 19.0 ], "autoUv": false },
										"up": { "texture": "#shoes", "uv": [ 2.0, 18.0, 5.0, 18.5 ], "rotation": 180, "autoUv": false }
									},
									"children": [
										{
											"name": "LLipNTop2",
											"from": [ 0.75, 0.375, 0.0 ],
											"to": [ 1.9875, 0.75, 0.15 ],
											"unwrapMode": 1,
											"autoUnwrap": false,
											"uv": [ 2.0, 17.5 ],
											"rotationOrigin": [ 0.75, 0.375, 0.15 ],
											"faces": {
												"north": { "texture": "#shoes", "uv": [ 2.5, 18.0, 4.0, 18.5 ], "autoUv": false },
												"east": { "texture": "#shoes", "uv": [ 2.0, 18.0, 2.5, 18.5 ], "autoUv": false },
												"south": { "texture": "#shoes", "uv": [ 6.0, 1.5, 7.5, 2.0 ], "autoUv": false },
												"west": { "texture": "#shoes", "uv": [ 4.0, 18.0, 4.5, 18.5 ], "autoUv": false },
												"up": { "texture": "#shoes", "uv": [ 2.5, 17.5, 4.0, 18.0 ], "rotation": 180, "autoUv": false }
											}
										}
									]
								}
							]
						},
						{
							"name": "RLlipWLower",
							"from": [ 0.0, 0.0, 0.0 ],
							"to": [ 0.15, 0.75, 2.4 ],
							"unwrapMode": 4,
							"autoUnwrap": false,
							"uv": [ 4.5, 18.5 ],
							"rotationOrigin": [ 0.15, 0.0, 0.0 ],
							"rotationZ": 8.0,
							"faces": {
								"north": { "texture": "#shoes", "uv": [ 4.5, 19.0, 5.0, 20.0 ], "autoUv": false },
								"east": { "texture": "#shoes", "uv": [ 3.0, 3.0, 6.0, 4.0 ], "autoUv": false },
								"south": { "texture": "#shoes", "uv": [ 8.0, 19.0, 8.5, 20.0 ], "autoUv": false },
								"west": { "texture": "#shoes", "uv": [ 5.0, 19.0, 8.0, 20.0 ], "autoUv": false },
								"up": { "texture": "#shoes", "uv": [ 5.0, 18.5, 8.0, 19.0 ], "rotation": 90, "autoUv": false }
							},
							"children": [
								{
									"name": "RLlipWUpper",
									"from": [ 0.0, 0.75, 0.0 ],
									"to": [ 0.15, 1.125, 0.825 ],
									"unwrapMode": 4,
									"autoUnwrap": false,
									"uv": [ 4.5, 18.5 ],
									"rotationOrigin": [ 0.15, 0.75, 0.0 ],
									"faces": {
										"north": { "texture": "#shoes", "uv": [ 4.5, 19.0, 5.0, 19.5 ], "autoUv": false },
										"east": { "texture": "#shoes", "uv": [ 3.0, 3.0, 4.0, 3.5 ], "autoUv": false },
										"south": { "texture": "#shoes", "uv": [ 8.0, 19.0, 8.5, 19.5 ], "autoUv": false },
										"west": { "texture": "#shoes", "uv": [ 5.0, 19.0, 6.0, 19.5 ], "autoUv": false },
										"up": { "texture": "#shoes", "uv": [ 5.0, 18.5, 6.0, 19.0 ], "rotation": 90, "autoUv": false }
									}
								},
								{
									"name": "RLlipWUpper2",
									"from": [ 0.0, 0.75, 1.95 ],
									"to": [ 0.15, 1.125, 2.4 ],
									"unwrapMode": 4,
									"autoUnwrap": false,
									"uv": [ 7.0, 18.0 ],
									"rotationOrigin": [ 0.15, 0.75, 1.95 ],
									"faces": {
										"north": { "texture": "#shoes", "uv": [ 7.0, 18.5, 7.5, 19.0 ], "autoUv": false },
										"east": { "texture": "#shoes", "uv": [ 5.5, 2.5, 6.0, 3.0 ], "autoUv": false },
										"south": { "texture": "#shoes", "uv": [ 8.0, 18.5, 8.5, 19.0 ], "autoUv": false },
										"west": { "texture": "#shoes", "uv": [ 7.5, 18.5, 8.0, 19.0 ], "autoUv": false },
										"up": { "texture": "#shoes", "uv": [ 7.5, 18.0, 8.0, 18.5 ], "rotation": 90, "autoUv": false }
									}
								}
							]
						}
					]
				},
				{
					"name": "showshoeR",
					"from": [ 0.0, 3.0, 0.0 ],
					"to": [ 3.15, 4.875, 2.4 ],
					"unwrapMode": 4,
					"autoUnwrap": false,
					"uv": [ 1.0, 13.0 ],
					"rotationOrigin": [ 0.0, 3.0, 0.0 ],
					"faces": {
						"north": { "texture": "#shoes", "uv": [ 1.0, 17.0, 5.0, 19.5 ], "autoUv": false },
						"east": { "texture": "#shoes", "uv": [ 12.0, 17.0, 15.0, 19.5 ], "autoUv": false },
						"south": { "texture": "#shoes", "uv": [ 8.0, 17.0, 12.0, 19.5 ], "autoUv": false },
						"west": { "texture": "#shoes", "uv": [ 5.0, 17.0, 8.0, 19.5 ], "autoUv": false }
					}
				}
			]
		},
		{
			"name": "shoe L",
			"stepParentName": "LowerFootL",
			"from": [ -0.075, -0.075, -0.075 ],
			"to": [ 3.075, 3.675, 2.325 ],
			"unwrapMode": 4,
			"autoUnwrap": false,
			"uv": [ 1.0, 7.0 ],
			"rotationOrigin": [ -0.075, -0.075, -0.075 ],
			"faces": {
				"north": { "texture": "#shoes", "uv": [ 1.0, 11.0, 5.0, 16.0 ], "autoUv": false },
				"east": { "texture": "#shoes", "uv": [ 12.0, 11.0, 15.0, 16.0 ], "autoUv": false },
				"south": { "texture": "#shoes", "uv": [ 8.0, 11.0, 12.0, 16.0 ], "autoUv": false },
				"west": { "texture": "#shoes", "uv": [ 5.0, 11.0, 8.0, 16.0 ], "autoUv": false },
				"up": { "texture": "#shoes", "uv": [ 10.0, 0.0, 13.0, 4.0 ], "rotation": 90, "autoUv": false },
				"down": { "texture": "#shoes", "uv": [ 4.0, 4.0, 7.0, 8.0 ], "rotation": 90, "autoUv": false }
			},
			"children": [
				{
					"name": "hideshoeL",
					"from": [ 0.0, 3.75, 0.0 ],
					"to": [ 0.75, 4.5, 0.75 ],
					"uv": [ 3.0, 1.5 ],
					"rotationOrigin": [ 0.0, 3.75, 0.0 ],
					"faces": {
					},
					"children": [
						{
							"name": "LlipELower",
							"from": [ 3.0, 0.0, 0.0 ],
							"to": [ 3.15, 1.125, 2.4 ],
							"unwrapMode": 2,
							"autoUnwrap": false,
							"uv": [ 11.5, 9.0 ],
							"rotationOrigin": [ 3.0, 0.0, 0.0 ],
							"rotationZ": -8.0,
							"faces": {
								"north": { "texture": "#shoes", "uv": [ 15.0, 9.5, 15.5, 11.0 ], "autoUv": false },
								"east": { "texture": "#shoes", "uv": [ 12.0, 9.5, 15.0, 11.0 ], "autoUv": false },
								"south": { "texture": "#shoes", "uv": [ 11.5, 9.5, 12.0, 11.0 ], "autoUv": false },
								"west": { "texture": "#shoes", "uv": [ 4.0, 2.0, 7.0, 3.5 ], "autoUv": false },
								"up": { "texture": "#shoes", "uv": [ 12.0, 9.0, 15.0, 9.5 ], "rotation": 270, "autoUv": false }
							},
							"children": [
								{
									"name": "LlipELower3",
									"from": [ 0.0, 1.125, 1.65 ],
									"to": [ 0.15, 1.5, 2.4 ],
									"unwrapMode": 2,
									"autoUnwrap": false,
									"uv": [ 11.5, 8.5 ],
									"rotationOrigin": [ 0.0, 1.125, 1.65 ],
									"faces": {
										"north": { "texture": "#shoes", "uv": [ 13.0, 9.0, 13.5, 9.5 ], "autoUv": false },
										"east": { "texture": "#shoes", "uv": [ 12.0, 9.0, 13.0, 9.5 ], "autoUv": false },
										"south": { "texture": "#shoes", "uv": [ 11.5, 9.0, 12.0, 9.5 ], "autoUv": false },
										"west": { "texture": "#shoes", "uv": [ 9.0, 1.0, 10.0, 1.5 ], "autoUv": false },
										"up": { "texture": "#shoes", "uv": [ 12.0, 8.5, 13.0, 9.0 ], "rotation": 270, "autoUv": false }
									}
								}
							]
						},
						{
							"name": "LlipSLower",
							"from": [ 0.0, 0.0, 2.25 ],
							"to": [ 3.15, 0.75, 2.4 ],
							"unwrapMode": 3,
							"autoUnwrap": false,
							"uv": [ 7.5, 9.5 ],
							"rotationOrigin": [ 0.0, 0.0, 2.25 ],
							"rotationX": 8.0,
							"faces": {
								"north": { "texture": "#shoes", "uv": [ 6.0, 3.0, 10.0, 4.0 ], "autoUv": false },
								"east": { "texture": "#shoes", "uv": [ 12.0, 10.0, 12.5, 11.0 ], "autoUv": false },
								"south": { "texture": "#shoes", "uv": [ 8.0, 10.0, 12.0, 11.0 ], "autoUv": false },
								"west": { "texture": "#shoes", "uv": [ 7.5, 10.0, 8.0, 11.0 ], "autoUv": false },
								"up": { "texture": "#shoes", "uv": [ 8.0, 9.5, 12.0, 10.0 ], "autoUv": false, "windMode": [-1,-1,-1,-1] }
							},
							"children": [
								{
									"name": "LlipSMid",
									"from": [ 1.95, 0.75, 0.0 ],
									"to": [ 3.15, 1.125, 0.15 ],
									"unwrapMode": 3,
									"autoUnwrap": false,
									"uv": [ 10.0, 9.0 ],
									"rotationOrigin": [ 1.95, 0.7575, 0.0 ],
									"faces": {
										"north": { "texture": "#shoes", "uv": [ 8.5, 2.5, 10.0, 3.0 ], "autoUv": false },
										"east": { "texture": "#shoes", "uv": [ 12.0, 9.5, 12.5, 10.0 ], "autoUv": false },
										"south": { "texture": "#shoes", "uv": [ 10.5, 9.5, 12.0, 10.0 ], "autoUv": false },
										"west": { "texture": "#shoes", "uv": [ 10.0, 9.5, 10.5, 10.0 ], "autoUv": false },
										"up": { "texture": "#shoes", "uv": [ 10.5, 9.0, 12.0, 9.5 ], "autoUv": false }
									},
									"children": [
										{
											"name": "LlipSTop",
											"from": [ 0.825, 0.375, 0.0 ],
											"to": [ 1.2, 0.75, 0.15 ],
											"unwrapMode": 3,
											"autoUnwrap": false,
											"uv": [ 11.0, 8.5 ],
											"rotationOrigin": [ 0.825, 0.3825, 0.0 ],
											"faces": {
												"north": { "texture": "#shoes", "uv": [ 9.5, 2.0, 10.0, 2.5 ], "autoUv": false },
												"east": { "texture": "#shoes", "uv": [ 12.0, 9.0, 12.5, 9.5 ], "autoUv": false },
												"south": { "texture": "#shoes", "uv": [ 11.5, 9.0, 12.0, 9.5 ], "autoUv": false },
												"west": { "texture": "#shoes", "uv": [ 11.0, 9.0, 11.5, 9.5 ], "autoUv": false },
												"up": { "texture": "#shoes", "uv": [ 11.5, 8.5, 12.0, 9.0 ], "autoUv": false }
											}
										},
										{
											"name": "LlipSTop2",
											"from": [ -1.95, 0.0, 0.0 ],
											"to": [ -1.575, 0.375, 0.15 ],
											"unwrapMode": 3,
											"autoUnwrap": false,
											"uv": [ 11.0, 8.5 ],
											"rotationOrigin": [ -1.95, 0.0075, 0.0 ],
											"faces": {
												"north": { "texture": "#shoes", "uv": [ 9.5, 2.0, 10.0, 2.5 ], "autoUv": false },
												"east": { "texture": "#shoes", "uv": [ 12.0, 9.0, 12.5, 9.5 ], "autoUv": false },
												"south": { "texture": "#shoes", "uv": [ 8.0, 9.0, 8.5, 9.5 ], "autoUv": false, "windMode": [-1,-1,-1,-1] },
												"west": { "texture": "#shoes", "uv": [ 11.0, 9.0, 11.5, 9.5 ], "autoUv": false },
												"up": { "texture": "#shoes", "uv": [ 11.5, 8.5, 12.0, 9.0 ], "autoUv": false }
											}
										}
									]
								}
							]
						},
						{
							"name": "LLipNLower",
							"from": [ 0.0, 0.0, 0.0 ],
							"to": [ 3.15, 0.375, 0.15 ],
							"unwrapMode": 1,
							"autoUnwrap": false,
							"uv": [ 0.5, 10.0 ],
							"rotationOrigin": [ 0.0, 0.0, 0.15 ],
							"rotationX": -8.0,
							"faces": {
								"north": { "texture": "#shoes", "uv": [ 1.0, 10.5, 5.0, 11.0 ], "autoUv": false },
								"east": { "texture": "#shoes", "uv": [ 0.5, 10.5, 1.0, 11.0 ], "autoUv": false },
								"south": { "texture": "#shoes", "uv": [ 0.0, 0.0, 4.0, 0.5 ], "autoUv": false, "windMode": [-1,-1,-1,-1] },
								"west": { "texture": "#shoes", "uv": [ 5.0, 10.5, 5.5, 11.0 ], "autoUv": false },
								"up": { "texture": "#shoes", "uv": [ 1.0, 10.0, 5.0, 10.5 ], "rotation": 180, "autoUv": false, "windMode": [-1,-1,-1,-1] }
							},
							"children": [
								{
									"name": "LLipNMid",
									"from": [ 0.0, 0.375, 0.0 ],
									"to": [ 1.95, 0.75, 0.15 ],
									"unwrapMode": 1,
									"autoUnwrap": false,
									"uv": [ 0.5, 9.5 ],
									"rotationOrigin": [ 0.0, 0.375, 0.15 ],
									"faces": {
										"north": { "texture": "#shoes", "uv": [ 1.0, 10.0, 3.5, 10.5 ], "autoUv": false },
										"east": { "texture": "#shoes", "uv": [ 0.5, 10.0, 1.0, 10.5 ], "autoUv": false },
										"south": { "texture": "#shoes", "uv": [ 0.0, 0.5, 2.5, 1.0 ], "autoUv": false },
										"west": { "texture": "#shoes", "uv": [ 3.5, 10.0, 4.0, 10.5 ], "autoUv": false },
										"up": { "texture": "#shoes", "uv": [ 1.0, 9.5, 3.5, 10.0 ], "rotation": 180, "autoUv": false }
									},
									"children": [
										{
											"name": "LLipNTop",
											"from": [ 0.0, 0.375, 0.0 ],
											"to": [ 1.1625, 0.75, 0.15 ],
											"unwrapMode": 1,
											"autoUnwrap": false,
											"uv": [ 1.0, 9.0 ],
											"rotationOrigin": [ 0.0, 0.375, 0.15 ],
											"faces": {
												"north": { "texture": "#shoes", "uv": [ 1.5, 9.5, 3.0, 10.0 ], "autoUv": false },
												"east": { "texture": "#shoes", "uv": [ 1.0, 9.5, 1.5, 10.0 ], "autoUv": false },
												"south": { "texture": "#shoes", "uv": [ 0.0, 1.0, 1.5, 1.5 ], "autoUv": false },
												"west": { "texture": "#shoes", "uv": [ 3.0, 9.5, 3.5, 10.0 ], "autoUv": false },
												"up": { "texture": "#shoes", "uv": [ 1.5, 9.0, 3.0, 9.5 ], "rotation": 180, "autoUv": false }
											}
										}
									]
								}
							]
						},
						{
							"name": "LlipWLower",
							"from": [ 0.0, 0.0, 0.0 ],
							"to": [ 0.15, 0.75, 2.4 ],
							"unwrapMode": 4,
							"autoUnwrap": false,
							"uv": [ 4.5, 9.5 ],
							"rotationOrigin": [ 0.15, 0.0, 0.0 ],
							"rotationZ": 8.0,
							"faces": {
								"north": { "texture": "#shoes", "uv": [ 4.5, 10.0, 5.0, 11.0 ], "autoUv": false },
								"east": { "texture": "#shoes", "uv": [ 0.0, 3.0, 3.0, 4.0 ], "autoUv": false },
								"south": { "texture": "#shoes", "uv": [ 8.0, 10.0, 8.5, 11.0 ], "autoUv": false },
								"west": { "texture": "#shoes", "uv": [ 5.0, 10.0, 8.0, 11.0 ], "autoUv": false },
								"up": { "texture": "#shoes", "uv": [ 5.0, 9.5, 8.0, 10.0 ], "rotation": 90, "autoUv": false, "windMode": [-1,-1,-1,-1] }
							},
							"children": [
								{
									"name": "LlipWMid",
									"from": [ 0.0, 0.75, 0.375 ],
									"to": [ 0.15, 1.125, 2.4 ],
									"unwrapMode": 4,
									"autoUnwrap": false,
									"uv": [ 5.0, 9.0 ],
									"rotationOrigin": [ 0.15, 0.75, 0.375 ],
									"faces": {
										"north": { "texture": "#shoes", "uv": [ 5.0, 9.5, 5.5, 10.0 ], "autoUv": false },
										"east": { "texture": "#shoes", "uv": [ 0.0, 2.5, 2.5, 3.0 ], "autoUv": false },
										"south": { "texture": "#shoes", "uv": [ 8.0, 9.5, 8.5, 10.0 ], "autoUv": false },
										"west": { "texture": "#shoes", "uv": [ 5.5, 9.5, 8.0, 10.0 ], "autoUv": false },
										"up": { "texture": "#shoes", "uv": [ 5.5, 9.0, 8.0, 9.5 ], "rotation": 90, "autoUv": false }
									},
									"children": [
										{
											"name": "LlipWMid2",
											"from": [ 0.0, 0.375, 0.375 ],
											"to": [ 0.15, 0.75, 1.65 ],
											"unwrapMode": 4,
											"autoUnwrap": false,
											"uv": [ 5.5, 8.5 ],
											"rotationOrigin": [ 0.15, 0.375, 0.375 ],
											"faces": {
												"north": { "texture": "#shoes", "uv": [ 5.5, 9.0, 6.0, 9.5 ], "autoUv": false },
												"east": { "texture": "#shoes", "uv": [ 0.0, 2.0, 1.5, 2.5 ], "autoUv": false },
												"south": { "texture": "#shoes", "uv": [ 7.5, 9.0, 8.0, 9.5 ], "autoUv": false },
												"west": { "texture": "#shoes", "uv": [ 6.0, 9.0, 7.5, 9.5 ], "autoUv": false },
												"up": { "texture": "#shoes", "uv": [ 6.0, 8.5, 7.5, 9.0 ], "rotation": 90, "autoUv": false }
											}
										}
									]
								}
							]
						}
					]
				},
				{
					"name": "showshoeL",
					"from": [ 0.0, 3.75, 0.0 ],
					"to": [ 3.15, 5.25, 2.4 ],
					"unwrapMode": 4,
					"uv": [ 1.0, 8.5 ],
					"rotationOrigin": [ 0.0, 3.75, 0.0 ],
					"faces": {
						"north": { "texture": "#shoes", "uv": [ 1.0, 8.5, 5.0, 10.5 ], "autoUv": false },
						"east": { "texture": "#shoes", "uv": [ 12.0, 8.5, 15.0, 10.5 ], "autoUv": false },
						"south": { "texture": "#shoes", "uv": [ 8.0, 8.5, 12.0, 10.5 ], "autoUv": false },
						"west": { "texture": "#shoes", "uv": [ 5.0, 8.5, 8.0, 10.5 ], "autoUv": false }
					}
				}
			]
		}
	]}