{
	"editor": {
		"backDropShape": "entity/humanoid/seraph",
		"collapsedPaths": "Root/shoe R/N fold 19,Root/shoe R/hideshoeR/front 1,Root/shoe R/S fold 18,Root/shoe R/hideshoeR,Root/shoe R/back fold 1,Root/shoe L,Root/shoe R/front 1",
		"allAngles": true,
		"entityTextureMode": true
	},
	"textureWidth": 16,
	"textureHeight": 16,
	"textureSizes": {
	},
	"textures": {
	},
	"elements": [
		{
			"name": "shoe R",
			"stepParentName": "LowerFootR",
			"from": [ -0.075, -0.075, -0.075 ],
			"to": [ 3.075, 0.675, 2.325 ],
			"autoUnwrap": false,
			"uv": [ 0.0, 11.0 ],
			"rotationOrigin": [ -0.075, -0.075, -0.075 ],
			"faces": {
				"north": { "texture": "#fur-lined-reindeer-herder-shoes", "uv": [ 0.0, 15.0, 4.0, 16.0 ], "autoUv": false },
				"east": { "texture": "#fur-lined-reindeer-herder-shoes", "uv": [ 11.0, 15.0, 14.0, 16.0 ], "autoUv": false },
				"south": { "texture": "#fur-lined-reindeer-herder-shoes", "uv": [ 7.0, 15.0, 11.0, 16.0 ], "autoUv": false },
				"west": { "texture": "#fur-lined-reindeer-herder-shoes", "uv": [ 4.0, 15.0, 7.0, 16.0 ], "autoUv": false },
				"up": { "texture": "#fur-lined-reindeer-herder-shoes", "uv": [ 0.0, 0.0, 3.0, 4.0 ], "rotation": 90, "autoUv": false },
				"down": { "texture": "#fur-lined-reindeer-herder-shoes", "uv": [ 3.0, 0.0, 6.0, 4.0 ], "rotation": 90, "autoUv": false }
			},
			"children": [
				{
					"name": "hideshoeR",
					"from": [ 0.0, 0.0, 0.0 ],
					"to": [ 0.75, 0.75, 0.75 ],
					"uv": [ 0.0, 0.0 ],
					"faces": {
					},
					"children": [
						{
							"name": "back fold 1",
							"from": [ 3.0, 0.75, 0.0 ],
							"to": [ 3.15, 2.25, 2.4 ],
							"uv": [ 0.0, 0.0 ],
							"rotationOrigin": [ 3.0, 0.75, 0.0 ],
							"rotationZ": -4.0,
							"faces": {
								"north": { "texture": "#fur-lined-reindeer-herder-shoes", "uv": [ 2.5, 13.0, 3.0, 15.0 ], "autoUv": false },
								"east": { "texture": "#fur-lined-reindeer-herder-shoes", "uv": [ 0.0, 2.0, 3.0, 4.0 ], "autoUv": false },
								"south": { "texture": "#fur-lined-reindeer-herder-shoes", "uv": [ 0.0, 13.0, 0.5, 15.0 ], "autoUv": false },
								"west": { "texture": "#fur-lined-reindeer-herder-shoes", "uv": [ 0.0, 0.0, 3.0, 2.0 ], "autoUv": false },
								"up": { "texture": "#fur-lined-reindeer-herder-shoes", "uv": [ 0.0, 13.0, 3.0, 13.5 ], "rotation": 270, "autoUv": false },
								"down": { "texture": "#fur-lined-reindeer-herder-shoes", "uv": [ 0.0, 0.0, 0.5, 3.0 ], "autoUv": false }
							},
							"children": [
								{
									"name": "back border",
									"from": [ -0.15, 1.2, 0.075 ],
									"to": [ 0.225, 1.575, 2.325 ],
									"uv": [ 0.0, 13.0 ],
									"rotationOrigin": [ -0.15, 1.2, 0.075 ],
									"rotationZ": -4.0,
									"faces": {
										"north": { "texture": "#fur-lined-reindeer-herder-shoes", "uv": [ 2.5, 13.0, 3.0, 13.5 ], "autoUv": false },
										"east": { "texture": "#fur-lined-reindeer-herder-shoes", "uv": [ 0.0, 13.0, 3.0, 13.5 ], "autoUv": false },
										"south": { "texture": "#fur-lined-reindeer-herder-shoes", "uv": [ 0.0, 13.0, 0.5, 13.5 ], "autoUv": false },
										"west": { "texture": "#fur-lined-reindeer-herder-shoes", "uv": [ 0.0, 13.0, 3.0, 13.5 ], "autoUv": false },
										"up": { "texture": "#fur-lined-reindeer-herder-shoes", "uv": [ 0.5, 13.0, 3.5, 13.5 ], "rotation": 90, "autoUv": false },
										"down": { "texture": "#fur-lined-reindeer-herder-shoes", "uv": [ 0.0, 13.0, 3.0, 13.5 ], "rotation": 90, "autoUv": false }
									},
									"children": [
										{
											"name": "back string 1",
											"from": [ 0.225, -1.2, 1.125 ],
											"to": [ 0.375, 0.3, 1.5 ],
											"uv": [ 0.0, 13.0 ],
											"rotationOrigin": [ 0.225, 0.3, 1.125 ],
											"rotationX": -6.0,
											"rotationZ": 12.0,
											"faces": {
												"north": { "texture": "#fur-lined-reindeer-herder-shoes", "uv": [ 0.0, 13.0, 2.0, 13.5 ], "rotation": 90, "autoUv": false },
												"east": { "texture": "#fur-lined-reindeer-herder-shoes", "uv": [ 0.0, 13.0, 2.0, 13.5 ], "rotation": 90, "autoUv": false },
												"south": { "texture": "#fur-lined-reindeer-herder-shoes", "uv": [ 0.0, 13.0, 2.0, 13.5 ], "rotation": 90, "autoUv": false },
												"west": { "texture": "#fur-lined-reindeer-herder-shoes", "uv": [ 0.0, 13.0, 2.0, 13.5 ], "rotation": 90, "autoUv": false },
												"up": { "texture": "#fur-lined-reindeer-herder-shoes", "uv": [ 0.0, 13.0, 0.5, 13.5 ], "autoUv": false },
												"down": { "texture": "#fur-lined-reindeer-herder-shoes", "uv": [ 2.5, 13.0, 3.0, 13.5 ], "autoUv": false }
											}
										},
										{
											"name": "back string 2",
											"from": [ 0.225, -0.75, 0.75 ],
											"to": [ 0.375, 0.375, 1.125 ],
											"uv": [ 2.0, 11.5 ],
											"rotationOrigin": [ 0.225, 0.375, 0.75 ],
											"rotationX": 8.0,
											"rotationZ": 15.0,
											"faces": {
												"north": { "texture": "#fur-lined-reindeer-herder-shoes", "uv": [ 3.0, 12.0, 4.5, 12.5 ], "rotation": 90, "autoUv": false },
												"east": { "texture": "#fur-lined-reindeer-herder-shoes", "uv": [ 2.5, 12.0, 4.0, 12.5 ], "rotation": 90, "autoUv": false },
												"south": { "texture": "#fur-lined-reindeer-herder-shoes", "uv": [ 3.0, 12.0, 4.5, 12.5 ], "rotation": 90, "autoUv": false },
												"west": { "texture": "#fur-lined-reindeer-herder-shoes", "uv": [ 3.0, 12.0, 4.5, 12.5 ], "rotation": 90, "autoUv": false },
												"up": { "texture": "#fur-lined-reindeer-herder-shoes", "uv": [ 2.0, 11.5, 2.5, 12.0 ], "autoUv": false },
												"down": { "texture": "#fur-lined-reindeer-herder-shoes", "uv": [ 2.5, 12.0, 3.0, 12.5 ], "autoUv": false }
											}
										}
									]
								}
							]
						},
						{
							"name": "front 1",
							"from": [ 0.0, 0.75, 0.0 ],
							"to": [ 0.15, 2.25, 2.4 ],
							"uv": [ 0.0, 0.0 ],
							"rotationOrigin": [ 0.15, 0.75, 0.0 ],
							"rotationZ": 4.0,
							"faces": {
								"north": { "texture": "#fur-lined-reindeer-herder-shoes", "uv": [ 7.0, 13.0, 7.5, 15.0 ], "autoUv": false, "windMode": [-1,-1,-1,-1] },
								"east": { "texture": "#fur-lined-reindeer-herder-shoes", "uv": [ 0.0, 0.0, 3.0, 2.0 ], "autoUv": false, "windMode": [-1,-1,-1,-1] },
								"south": { "texture": "#fur-lined-reindeer-herder-shoes", "uv": [ 9.5, 13.0, 10.0, 15.0 ], "autoUv": false, "windMode": [-1,-1,-1,-1] },
								"west": { "texture": "#fur-lined-reindeer-herder-shoes", "uv": [ 0.0, 0.0, 3.0, 2.0 ], "autoUv": false, "windMode": [-1,-1,-1,-1] },
								"up": { "texture": "#fur-lined-reindeer-herder-shoes", "uv": [ 7.0, 13.0, 10.0, 13.5 ], "rotation": 90, "autoUv": false, "windMode": [-1,-1,-1,-1] },
								"down": { "texture": "#fur-lined-reindeer-herder-shoes", "uv": [ 0.0, 0.0, 0.5, 3.0 ], "autoUv": false, "windMode": [-1,-1,-1,-1] }
							},
							"children": [
								{
									"name": "front border",
									"from": [ -0.15, 1.2, -0.15 ],
									"to": [ 0.225, 1.65, 2.55 ],
									"uv": [ 7.0, 13.0 ],
									"rotationOrigin": [ 0.225, 1.2, -0.15 ],
									"rotationZ": 4.0,
									"faces": {
										"north": { "texture": "#fur-lined-reindeer-herder-shoes", "uv": [ 7.0, 13.0, 7.5, 13.5 ], "autoUv": false },
										"east": { "texture": "#fur-lined-reindeer-herder-shoes", "uv": [ 7.0, 13.0, 10.5, 13.5 ], "autoUv": false },
										"south": { "texture": "#fur-lined-reindeer-herder-shoes", "uv": [ 10.0, 13.0, 10.5, 13.5 ], "autoUv": false },
										"west": { "texture": "#fur-lined-reindeer-herder-shoes", "uv": [ 7.0, 13.0, 10.5, 13.5 ], "autoUv": false },
										"up": { "texture": "#fur-lined-reindeer-herder-shoes", "uv": [ 7.0, 13.0, 10.5, 13.5 ], "rotation": 90, "autoUv": false },
										"down": { "texture": "#fur-lined-reindeer-herder-shoes", "uv": [ 7.0, 13.0, 10.5, 13.5 ], "rotation": 90, "autoUv": false }
									},
									"children": [
										{
											"name": "front string 1",
											"from": [ 0.0, -2.1, 1.95 ],
											"to": [ 0.15, 0.15, 2.325 ],
											"unwrapMode": 4,
											"unwrapRotation": 1,
											"uv": [ 0.0, 11.0 ],
											"rotationOrigin": [ 0.15, 0.15, 2.325 ],
											"rotationX": 45.0,
											"rotationZ": -2.0,
											"faces": {
												"north": { "texture": "#fur-lined-reindeer-herder-shoes", "uv": [ 0.5, 12.0, 3.5, 12.5 ], "rotation": 90, "autoUv": false },
												"east": { "texture": "#fur-lined-reindeer-herder-shoes", "uv": [ 4.0, 11.5, 7.0, 12.0 ], "rotation": 270, "autoUv": false },
												"south": { "texture": "#fur-lined-reindeer-herder-shoes", "uv": [ 0.5, 11.0, 3.5, 11.5 ], "rotation": 90, "autoUv": false },
												"west": { "texture": "#fur-lined-reindeer-herder-shoes", "uv": [ 0.5, 11.5, 3.5, 12.0 ], "rotation": 90, "autoUv": false },
												"up": { "texture": "#fur-lined-reindeer-herder-shoes", "uv": [ 0.0, 11.5, 0.5, 12.0 ], "rotation": 180, "autoUv": false },
												"down": { "texture": "#fur-lined-reindeer-herder-shoes", "uv": [ 3.5, 11.5, 4.0, 12.0 ], "rotation": 180, "autoUv": false }
											}
										},
										{
											"name": "front string 2",
											"from": [ 0.0, -2.1, 0.375 ],
											"to": [ 0.15, 0.15, 0.75 ],
											"unwrapMode": 4,
											"unwrapRotation": 1,
											"uv": [ 3.5, 11.0 ],
											"rotationOrigin": [ 0.15, 0.15, 0.375 ],
											"rotationX": -45.0,
											"rotationZ": -2.0,
											"faces": {
												"north": { "texture": "#fur-lined-reindeer-herder-shoes", "uv": [ 4.0, 12.0, 7.0, 12.5 ], "rotation": 90, "autoUv": false },
												"east": { "texture": "#fur-lined-reindeer-herder-shoes", "uv": [ 7.5, 11.5, 10.5, 12.0 ], "rotation": 270, "autoUv": false },
												"south": { "texture": "#fur-lined-reindeer-herder-shoes", "uv": [ 4.0, 11.0, 7.0, 11.5 ], "rotation": 90, "autoUv": false },
												"west": { "texture": "#fur-lined-reindeer-herder-shoes", "uv": [ 4.0, 11.5, 7.0, 12.0 ], "rotation": 90, "autoUv": false },
												"up": { "texture": "#fur-lined-reindeer-herder-shoes", "uv": [ 3.5, 11.5, 4.0, 12.0 ], "rotation": 180, "autoUv": false },
												"down": { "texture": "#fur-lined-reindeer-herder-shoes", "uv": [ 7.0, 11.5, 7.5, 12.0 ], "rotation": 180, "autoUv": false }
											}
										},
										{
											"name": "cross string",
											"from": [ -0.075, -0.75, 0.6 ],
											"to": [ 0.075, -0.375, 2.1 ],
											"unwrapMode": 4,
											"uv": [ 9.0, 11.0 ],
											"rotationOrigin": [ 0.075, -0.375, 1.35 ],
											"faces": {
												"north": { "texture": "#fur-lined-reindeer-herder-shoes", "uv": [ 9.0, 11.5, 9.5, 12.0 ], "autoUv": false },
												"east": { "texture": "#fur-lined-reindeer-herder-shoes", "uv": [ 12.0, 11.5, 14.0, 12.0 ], "autoUv": false },
												"south": { "texture": "#fur-lined-reindeer-herder-shoes", "uv": [ 11.5, 11.5, 12.0, 12.0 ], "autoUv": false },
												"west": { "texture": "#fur-lined-reindeer-herder-shoes", "uv": [ 9.5, 11.5, 11.5, 12.0 ], "autoUv": false },
												"up": { "texture": "#fur-lined-reindeer-herder-shoes", "uv": [ 9.5, 11.0, 11.5, 11.5 ], "rotation": 90, "autoUv": false },
												"down": { "texture": "#fur-lined-reindeer-herder-shoes", "uv": [ 9.5, 12.0, 11.5, 12.5 ], "rotation": 90, "autoUv": false }
											}
										}
									]
								}
							]
						},
						{
							"name": "N fold 19",
							"from": [ 0.0, 0.75, 0.0 ],
							"to": [ 3.15, 2.25, 0.15 ],
							"uv": [ 0.0, 0.0 ],
							"rotationOrigin": [ 0.0, 0.75, 0.15 ],
							"rotationX": -4.0,
							"faces": {
								"north": { "texture": "#fur-lined-reindeer-herder-shoes", "uv": [ 3.0, 13.0, 7.0, 15.0 ], "autoUv": false },
								"east": { "texture": "#fur-lined-reindeer-herder-shoes", "uv": [ 3.0, 13.0, 3.5, 15.0 ], "autoUv": false },
								"south": { "texture": "#fur-lined-reindeer-herder-shoes", "uv": [ 0.0, 0.0, 4.0, 2.0 ], "autoUv": false },
								"west": { "texture": "#fur-lined-reindeer-herder-shoes", "uv": [ 6.5, 13.0, 7.0, 15.0 ], "autoUv": false },
								"up": { "texture": "#fur-lined-reindeer-herder-shoes", "uv": [ 2.5, 13.0, 6.5, 13.5 ], "autoUv": false },
								"down": { "texture": "#fur-lined-reindeer-herder-shoes", "uv": [ 0.0, 0.0, 4.0, 0.5 ], "autoUv": false }
							},
							"children": [
								{
									"name": "N border",
									"from": [ -0.075, 1.125, -0.075 ],
									"to": [ 3.3, 1.575, 0.3 ],
									"uv": [ 2.5, 13.0 ],
									"rotationOrigin": [ -0.075, 1.125, 0.3 ],
									"rotationX": -4.0,
									"rotationZ": 1.0,
									"faces": {
										"north": { "texture": "#fur-lined-reindeer-herder-shoes", "uv": [ 3.0, 13.0, 7.5, 13.5 ], "autoUv": false },
										"east": { "texture": "#fur-lined-reindeer-herder-shoes", "uv": [ 3.0, 13.0, 3.5, 13.5 ], "autoUv": false },
										"south": { "texture": "#fur-lined-reindeer-herder-shoes", "uv": [ 2.5, 13.0, 7.0, 13.5 ], "autoUv": false },
										"west": { "texture": "#fur-lined-reindeer-herder-shoes", "uv": [ 6.0, 13.0, 6.5, 13.5 ], "autoUv": false },
										"up": { "texture": "#fur-lined-reindeer-herder-shoes", "uv": [ 3.0, 13.0, 7.5, 13.5 ], "autoUv": false },
										"down": { "texture": "#fur-lined-reindeer-herder-shoes", "uv": [ 3.0, 13.0, 7.5, 13.5 ], "autoUv": false }
									}
								}
							]
						},
						{
							"name": "S fold 18",
							"from": [ 0.0, 0.75, 2.25 ],
							"to": [ 3.15, 2.25, 2.4 ],
							"uv": [ 0.0, 0.0 ],
							"rotationOrigin": [ 0.0, 0.75, 2.25 ],
							"rotationX": 4.0,
							"faces": {
								"north": { "texture": "#fur-lined-reindeer-herder-shoes", "uv": [ 0.0, 0.0, 4.0, 2.0 ], "autoUv": false },
								"east": { "texture": "#fur-lined-reindeer-herder-shoes", "uv": [ 13.5, 13.0, 14.0, 15.0 ], "autoUv": false },
								"south": { "texture": "#fur-lined-reindeer-herder-shoes", "uv": [ 10.0, 13.0, 14.0, 15.0 ], "autoUv": false },
								"west": { "texture": "#fur-lined-reindeer-herder-shoes", "uv": [ 10.0, 13.0, 10.5, 15.0 ], "autoUv": false },
								"up": { "texture": "#fur-lined-reindeer-herder-shoes", "uv": [ 10.0, 13.0, 14.0, 13.5 ], "autoUv": false },
								"down": { "texture": "#fur-lined-reindeer-herder-shoes", "uv": [ 0.0, 0.0, 4.0, 0.5 ], "autoUv": false }
							},
							"children": [
								{
									"name": "S border",
									"from": [ -0.075, 1.125, -0.15 ],
									"to": [ 3.3, 1.575, 0.225 ],
									"uv": [ 9.5, 13.0 ],
									"rotationOrigin": [ -0.075, 1.125, -0.15 ],
									"rotationX": 4.0,
									"rotationZ": 1.0,
									"faces": {
										"north": { "texture": "#fur-lined-reindeer-herder-shoes", "uv": [ 9.5, 13.0, 14.0, 13.5 ], "autoUv": false },
										"east": { "texture": "#fur-lined-reindeer-herder-shoes", "uv": [ 13.5, 13.0, 14.0, 13.5 ], "autoUv": false },
										"south": { "texture": "#fur-lined-reindeer-herder-shoes", "uv": [ 9.5, 13.0, 14.0, 13.5 ], "autoUv": false },
										"west": { "texture": "#fur-lined-reindeer-herder-shoes", "uv": [ 9.5, 13.0, 10.0, 13.5 ], "autoUv": false },
										"up": { "texture": "#fur-lined-reindeer-herder-shoes", "uv": [ 9.5, 13.0, 14.0, 13.5 ], "autoUv": false },
										"down": { "texture": "#fur-lined-reindeer-herder-shoes", "uv": [ 9.5, 13.0, 14.0, 13.5 ], "autoUv": false }
									}
								}
							]
						},
						{
							"name": "Band W",
							"from": [ -0.075, 2.7, 0.0 ],
							"to": [ 0.075, 3.825, 2.4 ],
							"uv": [ 7.0, 11.0 ],
							"rotationOrigin": [ 0.075, 2.7, 0.0 ],
							"rotationZ": 1.0,
							"faces": {
								"north": { "texture": "#fur-lined-reindeer-herder-shoes", "uv": [ 7.0, 11.0, 7.5, 12.5 ], "autoUv": false },
								"east": { "texture": "#fur-lined-reindeer-herder-shoes", "uv": [ 7.0, 11.0, 10.0, 12.5 ], "autoUv": false },
								"south": { "texture": "#fur-lined-reindeer-herder-shoes", "uv": [ 9.5, 11.0, 10.0, 12.5 ], "autoUv": false },
								"west": { "texture": "#fur-lined-reindeer-herder-shoes", "uv": [ 7.0, 11.0, 10.0, 12.5 ], "autoUv": false },
								"up": { "texture": "#fur-lined-reindeer-herder-shoes", "uv": [ 7.0, 11.0, 10.0, 11.5 ], "rotation": 90, "autoUv": false },
								"down": { "texture": "#fur-lined-reindeer-herder-shoes", "uv": [ 7.0, 12.0, 10.0, 12.5 ], "rotation": 90, "autoUv": false }
							}
						},
						{
							"name": "Band N",
							"from": [ 0.0, 2.7, -0.075 ],
							"to": [ 3.15, 3.825, 0.075 ],
							"uv": [ 0.0, 11.0 ],
							"rotationOrigin": [ 0.0, 2.7, 0.075 ],
							"rotationX": -1.0,
							"faces": {
								"north": { "texture": "#fur-lined-reindeer-herder-shoes", "uv": [ 3.0, 11.0, 7.0, 12.5 ], "autoUv": false },
								"east": { "texture": "#fur-lined-reindeer-herder-shoes", "uv": [ 3.0, 11.0, 3.5, 12.5 ], "autoUv": false },
								"south": { "texture": "#fur-lined-reindeer-herder-shoes", "uv": [ 0.0, 11.0, 4.0, 12.5 ], "autoUv": false },
								"west": { "texture": "#fur-lined-reindeer-herder-shoes", "uv": [ 6.5, 11.0, 7.0, 12.5 ], "autoUv": false },
								"up": { "texture": "#fur-lined-reindeer-herder-shoes", "uv": [ 3.0, 11.0, 7.0, 11.5 ], "autoUv": false },
								"down": { "texture": "#fur-lined-reindeer-herder-shoes", "uv": [ 3.0, 12.0, 7.0, 12.5 ], "autoUv": false }
							}
						},
						{
							"name": "Band S",
							"from": [ 0.0, 2.7, 2.325 ],
							"to": [ 3.15, 3.825, 2.475 ],
							"uv": [ 6.5, 11.0 ],
							"rotationOrigin": [ 0.0, 2.7, 2.325 ],
							"rotationX": 1.0,
							"faces": {
								"north": { "texture": "#fur-lined-reindeer-herder-shoes", "uv": [ 10.0, 11.0, 14.0, 12.5 ], "autoUv": false },
								"east": { "texture": "#fur-lined-reindeer-herder-shoes", "uv": [ 10.0, 11.0, 10.5, 12.5 ], "autoUv": false },
								"south": { "texture": "#fur-lined-reindeer-herder-shoes", "uv": [ 10.0, 11.0, 14.0, 12.5 ], "autoUv": false },
								"west": { "texture": "#fur-lined-reindeer-herder-shoes", "uv": [ 6.5, 11.0, 7.0, 12.5 ], "autoUv": false },
								"up": { "texture": "#fur-lined-reindeer-herder-shoes", "uv": [ 10.0, 11.0, 14.0, 11.5 ], "autoUv": false },
								"down": { "texture": "#fur-lined-reindeer-herder-shoes", "uv": [ 10.0, 12.0, 14.0, 12.5 ], "autoUv": false }
							}
						},
						{
							"name": "Band E",
							"from": [ 3.0, 2.7, 0.0 ],
							"to": [ 3.225, 3.825, 2.4 ],
							"uv": [ 0.0, 11.0 ],
							"rotationOrigin": [ 3.0, 2.7, 0.0 ],
							"rotationZ": -1.0,
							"faces": {
								"north": { "texture": "#fur-lined-reindeer-herder-shoes", "uv": [ 2.5, 11.0, 3.0, 12.5 ], "autoUv": false },
								"east": { "texture": "#fur-lined-reindeer-herder-shoes", "uv": [ 0.0, 11.0, 3.0, 12.5 ], "autoUv": false },
								"south": { "texture": "#fur-lined-reindeer-herder-shoes", "uv": [ 0.0, 11.0, 0.5, 12.5 ], "autoUv": false },
								"west": { "texture": "#fur-lined-reindeer-herder-shoes", "uv": [ 0.0, 11.0, 3.0, 12.5 ], "autoUv": false },
								"up": { "texture": "#fur-lined-reindeer-herder-shoes", "uv": [ 0.5, 11.0, 3.5, 11.5 ], "rotation": 90, "autoUv": false },
								"down": { "texture": "#fur-lined-reindeer-herder-shoes", "uv": [ 0.0, 12.0, 3.0, 12.5 ], "rotation": 90, "autoUv": false }
							}
						}
					]
				},
				{
					"name": "showshoeR",
					"from": [ 0.0, 0.75, 0.0 ],
					"to": [ 3.15, 3.75, 2.4 ],
					"unwrapMode": 4,
					"uv": [ 0.0, 11.0 ],
					"rotationOrigin": [ 0.0, 0.75, 0.0 ],
					"faces": {
						"north": { "texture": "#fur-lined-reindeer-herder-shoes", "uv": [ 0.0, 11.0, 4.0, 15.0 ], "autoUv": false },
						"east": { "texture": "#fur-lined-reindeer-herder-shoes", "uv": [ 11.0, 11.0, 14.0, 15.0 ], "autoUv": false },
						"south": { "texture": "#fur-lined-reindeer-herder-shoes", "uv": [ 7.0, 11.0, 11.0, 15.0 ], "autoUv": false },
						"west": { "texture": "#fur-lined-reindeer-herder-shoes", "uv": [ 4.0, 11.0, 7.0, 15.0 ], "autoUv": false }
					},
					"children": [
						{
							"name": "back string 3",
							"from": [ 3.0075, -0.0267, 1.2 ],
							"to": [ 3.1575, 1.4733, 1.575 ],
							"uv": [ 0.0, 11.5 ],
							"rotationOrigin": [ 2.9737, 1.4733, 1.2 ],
							"rotationX": -6.0,
							"faces": {
								"north": { "texture": "#fur-lined-reindeer-herder-shoes", "uv": [ 0.0, 12.0, 2.0, 12.5 ], "rotation": 90, "autoUv": false },
								"east": { "texture": "#fur-lined-reindeer-herder-shoes", "uv": [ 2.0, 12.0, 4.0, 12.5 ], "rotation": 90, "autoUv": false },
								"south": { "texture": "#fur-lined-reindeer-herder-shoes", "uv": [ 4.0, 12.0, 6.0, 12.5 ], "rotation": 90, "autoUv": false },
								"up": { "texture": "#fur-lined-reindeer-herder-shoes", "uv": [ 0.0, 11.5, 0.5, 12.0 ], "autoUv": false },
								"down": { "texture": "#fur-lined-reindeer-herder-shoes", "uv": [ 0.5, 11.5, 1.0, 12.0 ], "autoUv": false }
							}
						},
						{
							"name": "back string 4",
							"from": [ 3.0075, 0.4226, 0.825 ],
							"to": [ 3.1575, 1.5476, 1.2 ],
							"uv": [ 8.0, 11.5 ],
							"rotationOrigin": [ 3.2091, 1.5476, 0.825 ],
							"rotationX": 8.0,
							"faces": {
								"north": { "texture": "#fur-lined-reindeer-herder-shoes", "uv": [ 8.0, 12.0, 9.5, 12.5 ], "rotation": 90, "autoUv": false },
								"east": { "texture": "#fur-lined-reindeer-herder-shoes", "uv": [ 9.5, 12.0, 11.0, 12.5 ], "rotation": 90, "autoUv": false },
								"south": { "texture": "#fur-lined-reindeer-herder-shoes", "uv": [ 11.0, 12.0, 12.5, 12.5 ], "rotation": 90, "autoUv": false },
								"west": { "texture": "#fur-lined-reindeer-herder-shoes", "uv": [ 12.5, 12.0, 14.0, 12.5 ], "rotation": 90, "autoUv": false },
								"up": { "texture": "#fur-lined-reindeer-herder-shoes", "uv": [ 8.0, 11.5, 8.5, 12.0 ], "autoUv": false },
								"down": { "texture": "#fur-lined-reindeer-herder-shoes", "uv": [ 8.5, 11.5, 9.0, 12.0 ], "autoUv": false }
							}
						}
					]
				}
			]
		},
		{
			"name": "shoe L",
			"stepParentName": "LowerFootL",
			"from": [ -0.075, -0.075, -0.075 ],
			"to": [ 3.075, 0.675, 2.325 ],
			"autoUnwrap": false,
			"uv": [ 0.0, 0.0 ],
			"rotationOrigin": [ -0.075, -0.075, -0.075 ],
			"faces": {
				"north": { "texture": "#fur-lined-reindeer-herder-shoes", "uv": [ 0.0, 9.5, 4.0, 10.5 ], "autoUv": false },
				"east": { "texture": "#fur-lined-reindeer-herder-shoes", "uv": [ 11.0, 9.5, 14.0, 10.5 ], "autoUv": false },
				"south": { "texture": "#fur-lined-reindeer-herder-shoes", "uv": [ 7.0, 9.5, 11.0, 10.5 ], "autoUv": false },
				"west": { "texture": "#fur-lined-reindeer-herder-shoes", "uv": [ 4.0, 9.5, 7.0, 10.5 ], "autoUv": false },
				"up": { "texture": "#fur-lined-reindeer-herder-shoes", "uv": [ 0.0, 0.0, 3.0, 4.0 ], "rotation": 90, "autoUv": false },
				"down": { "texture": "#fur-lined-reindeer-herder-shoes", "uv": [ 3.0, 0.0, 6.0, 4.0 ], "rotation": 90, "autoUv": false }
			},
			"children": [
				{
					"name": "hideshoeL",
					"from": [ 0.0, 0.0, 0.0 ],
					"to": [ 0.75, 0.75, 0.75 ],
					"uv": [ 0.0, 0.0 ],
					"faces": {
					},
					"children": [
						{
							"name": "front 24",
							"from": [ 0.0, 0.75, 0.0 ],
							"to": [ 0.15, 2.25, 2.4 ],
							"autoUnwrap": false,
							"uv": [ 0.0, 0.0 ],
							"rotationOrigin": [ 0.15, 0.75, 0.0 ],
							"rotationZ": 4.0,
							"faces": {
								"north": { "texture": "#fur-lined-reindeer-herder-shoes", "uv": [ 4.0, 7.5, 4.5, 9.5 ], "autoUv": false },
								"east": { "texture": "#fur-lined-reindeer-herder-shoes", "uv": [ 0.0, 2.0, 3.0, 4.0 ], "autoUv": false },
								"south": { "texture": "#fur-lined-reindeer-herder-shoes", "uv": [ 6.5, 7.5, 7.0, 9.5 ], "autoUv": false },
								"west": { "texture": "#fur-lined-reindeer-herder-shoes", "uv": [ 11.0, 7.5, 14.0, 9.5 ], "autoUv": false },
								"up": { "texture": "#fur-lined-reindeer-herder-shoes", "uv": [ 4.0, 7.5, 7.0, 8.0 ], "rotation": 90, "autoUv": false }
							},
							"children": [
								{
									"name": "front border25",
									"from": [ -0.15, 1.2, -0.15 ],
									"to": [ 0.225, 1.65, 2.55 ],
									"uv": [ 3.5, 7.5 ],
									"rotationOrigin": [ 0.225, 1.2, -0.15 ],
									"rotationZ": 4.0,
									"faces": {
										"north": { "texture": "#fur-lined-reindeer-herder-shoes", "uv": [ 3.5, 7.5, 4.0, 8.0 ], "autoUv": false },
										"east": { "texture": "#fur-lined-reindeer-herder-shoes", "uv": [ 3.5, 7.5, 7.0, 8.0 ], "autoUv": false },
										"south": { "texture": "#fur-lined-reindeer-herder-shoes", "uv": [ 6.5, 7.5, 7.0, 8.0 ], "autoUv": false },
										"west": { "texture": "#fur-lined-reindeer-herder-shoes", "uv": [ 3.5, 7.5, 7.0, 8.0 ], "autoUv": false },
										"up": { "texture": "#fur-lined-reindeer-herder-shoes", "uv": [ 3.5, 7.5, 7.0, 8.0 ], "rotation": 90, "autoUv": false },
										"down": { "texture": "#fur-lined-reindeer-herder-shoes", "uv": [ 3.5, 7.5, 7.0, 8.0 ], "rotation": 90, "autoUv": false }
									},
									"children": [
										{
											"name": "front string 26",
											"from": [ 0.0, -2.1, 1.95 ],
											"to": [ 0.15, 0.15, 2.325 ],
											"autoUnwrap": false,
											"uv": [ 2.0, 10.5 ],
											"rotationOrigin": [ 0.15, 0.15, 2.325 ],
											"rotationX": 45.0,
											"rotationZ": -2.0,
											"faces": {
												"north": { "texture": "#fur-lined-reindeer-herder-shoes", "uv": [ 2.0, 5.5, 5.0, 6.0 ], "rotation": 90, "autoUv": false },
												"east": { "texture": "#fur-lined-reindeer-herder-shoes", "uv": [ 5.0, 5.5, 8.0, 6.0 ], "rotation": 90, "autoUv": false },
												"south": { "texture": "#fur-lined-reindeer-herder-shoes", "uv": [ 8.0, 5.5, 11.0, 6.0 ], "rotation": 90, "autoUv": false },
												"west": { "texture": "#fur-lined-reindeer-herder-shoes", "uv": [ 11.0, 5.5, 14.0, 6.0 ], "rotation": 90, "autoUv": false },
												"up": { "texture": "#fur-lined-reindeer-herder-shoes", "uv": [ 1.0, 5.5, 1.5, 6.0 ], "autoUv": false },
												"down": { "texture": "#fur-lined-reindeer-herder-shoes", "uv": [ 1.5, 5.5, 2.0, 6.0 ], "autoUv": false }
											}
										},
										{
											"name": "front string 27",
											"from": [ 0.0, -2.1, 0.375 ],
											"to": [ 0.15, 0.15, 0.75 ],
											"autoUnwrap": false,
											"uv": [ 0.0, 11.5 ],
											"rotationOrigin": [ 0.15, 0.15, 0.375 ],
											"rotationX": -45.0,
											"rotationZ": -2.0,
											"faces": {
												"north": { "texture": "#fur-lined-reindeer-herder-shoes", "uv": [ 0.0, 6.5, 3.0, 7.0 ], "rotation": 90, "autoUv": false },
												"east": { "texture": "#fur-lined-reindeer-herder-shoes", "uv": [ 3.0, 6.5, 6.0, 7.0 ], "rotation": 90, "autoUv": false },
												"south": { "texture": "#fur-lined-reindeer-herder-shoes", "uv": [ 6.0, 6.5, 9.0, 7.0 ], "rotation": 90, "autoUv": false },
												"west": { "texture": "#fur-lined-reindeer-herder-shoes", "uv": [ 9.0, 6.5, 12.0, 7.0 ], "rotation": 90, "autoUv": false },
												"up": { "texture": "#fur-lined-reindeer-herder-shoes", "uv": [ 12.0, 6.5, 12.5, 7.0 ], "autoUv": false },
												"down": { "texture": "#fur-lined-reindeer-herder-shoes", "uv": [ 12.5, 6.5, 13.0, 7.0 ], "autoUv": false }
											}
										},
										{
											"name": "cross string28",
											"from": [ -0.075, -0.75, 0.6 ],
											"to": [ 0.075, -0.375, 2.1 ],
											"unwrapMode": 4,
											"autoUnwrap": false,
											"uv": [ 0.0, 10.5 ],
											"rotationOrigin": [ 0.075, -0.375, 1.35 ],
											"faces": {
												"north": { "texture": "#fur-lined-reindeer-herder-shoes", "uv": [ 0.0, 5.5, 0.5, 6.0 ], "autoUv": false },
												"east": { "texture": "#fur-lined-reindeer-herder-shoes", "uv": [ 3.0, 5.5, 5.0, 6.0 ], "autoUv": false },
												"south": { "texture": "#fur-lined-reindeer-herder-shoes", "uv": [ 2.5, 5.5, 3.0, 6.0 ], "autoUv": false },
												"west": { "texture": "#fur-lined-reindeer-herder-shoes", "uv": [ 0.5, 5.5, 2.5, 6.0 ], "autoUv": false },
												"up": { "texture": "#fur-lined-reindeer-herder-shoes", "uv": [ 5.0, 5.5, 7.0, 6.0 ], "rotation": 90, "autoUv": false },
												"down": { "texture": "#fur-lined-reindeer-herder-shoes", "uv": [ 7.0, 5.5, 9.0, 6.0 ], "rotation": 90, "autoUv": false }
											}
										}
									]
								}
							]
						},
						{
							"name": "back fold 20",
							"from": [ 3.0, 0.75, 0.0 ],
							"to": [ 3.15, 2.25, 2.4 ],
							"autoUnwrap": false,
							"uv": [ 0.0, 0.0 ],
							"rotationOrigin": [ 3.0, 0.75, 0.0 ],
							"rotationZ": -4.0,
							"faces": {
								"north": { "texture": "#fur-lined-reindeer-herder-shoes", "uv": [ 13.5, 7.5, 14.0, 9.5 ], "autoUv": false },
								"east": { "texture": "#fur-lined-reindeer-herder-shoes", "uv": [ 11.0, 7.5, 14.0, 9.5 ], "autoUv": false },
								"south": { "texture": "#fur-lined-reindeer-herder-shoes", "uv": [ 11.0, 7.5, 11.5, 9.5 ], "autoUv": false },
								"west": { "texture": "#fur-lined-reindeer-herder-shoes", "uv": [ 3.0, 2.0, 6.0, 4.0 ], "autoUv": false },
								"up": { "texture": "#fur-lined-reindeer-herder-shoes", "uv": [ 4.0, 7.5, 7.0, 8.0 ], "rotation": 270, "autoUv": false }
							},
							"children": [
								{
									"name": "back border21",
									"from": [ -0.15, 1.2, 0.075 ],
									"to": [ 0.225, 1.575, 2.325 ],
									"autoUnwrap": false,
									"uv": [ 0.0, 7.5 ],
									"rotationOrigin": [ -0.15, 1.2, 0.075 ],
									"rotationZ": -4.0,
									"faces": {
										"north": { "texture": "#fur-lined-reindeer-herder-shoes", "uv": [ 13.5, 7.5, 14.0, 8.0 ], "autoUv": false },
										"east": { "texture": "#fur-lined-reindeer-herder-shoes", "uv": [ 11.0, 7.5, 14.0, 8.0 ], "autoUv": false },
										"south": { "texture": "#fur-lined-reindeer-herder-shoes", "uv": [ 11.0, 7.5, 11.5, 8.0 ], "autoUv": false },
										"west": { "texture": "#fur-lined-reindeer-herder-shoes", "uv": [ 11.0, 7.5, 14.0, 8.0 ], "autoUv": false },
										"up": { "texture": "#fur-lined-reindeer-herder-shoes", "uv": [ 10.5, 7.5, 13.5, 8.0 ], "rotation": 90, "autoUv": false },
										"down": { "texture": "#fur-lined-reindeer-herder-shoes", "uv": [ 11.0, 7.5, 14.0, 8.0 ], "rotation": 90, "autoUv": false }
									},
									"children": [
										{
											"name": "back string 22",
											"from": [ 0.225, -1.125, 0.75 ],
											"to": [ 0.375, 0.375, 1.125 ],
											"autoUnwrap": false,
											"uv": [ 1.0, 11.5 ],
											"rotationOrigin": [ 0.225, 0.375, 0.75 ],
											"rotationX": 6.0,
											"rotationZ": 12.0,
											"faces": {
												"north": { "texture": "#fur-lined-reindeer-herder-shoes", "uv": [ 1.0, 5.5, 3.0, 6.0 ], "rotation": 90, "autoUv": false },
												"east": { "texture": "#fur-lined-reindeer-herder-shoes", "uv": [ 1.0, 5.5, 3.0, 6.0 ], "rotation": 90, "autoUv": false },
												"south": { "texture": "#fur-lined-reindeer-herder-shoes", "uv": [ 1.0, 5.5, 3.0, 6.0 ], "rotation": 90, "autoUv": false },
												"west": { "texture": "#fur-lined-reindeer-herder-shoes", "uv": [ 1.0, 5.5, 3.0, 6.0 ], "rotation": 90, "autoUv": false },
												"up": { "texture": "#fur-lined-reindeer-herder-shoes", "uv": [ 2.5, 5.5, 3.0, 6.0 ], "autoUv": false },
												"down": { "texture": "#fur-lined-reindeer-herder-shoes", "uv": [ 2.5, 5.5, 3.0, 6.0 ], "autoUv": false }
											}
										},
										{
											"name": "back string 23",
											"from": [ 0.225, -0.825, 1.125 ],
											"to": [ 0.375, 0.3, 1.5 ],
											"autoUnwrap": false,
											"uv": [ 0.0, 11.0 ],
											"rotationOrigin": [ 0.225, 0.3, 1.125 ],
											"rotationX": -8.0,
											"rotationZ": 15.0,
											"faces": {
												"north": { "texture": "#fur-lined-reindeer-herder-shoes", "uv": [ 0.0, 5.5, 1.5, 6.0 ], "rotation": 90, "autoUv": false },
												"east": { "texture": "#fur-lined-reindeer-herder-shoes", "uv": [ 0.0, 5.5, 1.5, 6.0 ], "rotation": 90, "autoUv": false },
												"south": { "texture": "#fur-lined-reindeer-herder-shoes", "uv": [ 0.0, 5.5, 1.5, 6.0 ], "rotation": 90, "autoUv": false },
												"west": { "texture": "#fur-lined-reindeer-herder-shoes", "uv": [ 0.0, 5.5, 1.5, 6.0 ], "rotation": 90, "autoUv": false },
												"up": { "texture": "#fur-lined-reindeer-herder-shoes", "uv": [ 1.0, 5.5, 1.5, 6.0 ], "autoUv": false },
												"down": { "texture": "#fur-lined-reindeer-herder-shoes", "uv": [ 1.5, 5.5, 2.0, 6.0 ], "autoUv": false }
											}
										}
									]
								}
							]
						},
						{
							"name": "N fold 29",
							"from": [ 0.0, 0.75, 0.0 ],
							"to": [ 3.15, 2.25, 0.15 ],
							"autoUnwrap": false,
							"uv": [ 0.0, 0.0 ],
							"rotationOrigin": [ 0.0, 0.75, 0.15 ],
							"rotationX": -4.0,
							"faces": {
								"north": { "texture": "#fur-lined-reindeer-herder-shoes", "uv": [ 0.0, 7.5, 4.0, 9.5 ], "autoUv": false },
								"east": { "texture": "#fur-lined-reindeer-herder-shoes", "uv": [ 0.0, 7.5, 0.5, 9.5 ], "autoUv": false },
								"south": { "texture": "#fur-lined-reindeer-herder-shoes", "uv": [ 0.0, 0.0, 4.0, 2.0 ], "autoUv": false },
								"west": { "texture": "#fur-lined-reindeer-herder-shoes", "uv": [ 3.5, 7.5, 4.0, 9.5 ], "autoUv": false },
								"up": { "texture": "#fur-lined-reindeer-herder-shoes", "uv": [ 0.0, 7.5, 4.0, 8.0 ], "autoUv": false },
								"down": { "texture": "#fur-lined-reindeer-herder-shoes", "uv": [ 0.0, 0.0, 4.0, 0.5 ], "autoUv": false }
							},
							"children": [
								{
									"name": "N border30",
									"from": [ -0.075, 1.125, -0.075 ],
									"to": [ 3.3, 1.575, 0.3 ],
									"autoUnwrap": false,
									"uv": [ 4.0, 12.5 ],
									"rotationOrigin": [ -0.075, 1.125, 0.3 ],
									"rotationX": -4.0,
									"rotationZ": 1.0,
									"faces": {
										"north": { "texture": "#fur-lined-reindeer-herder-shoes", "uv": [ 1.0, 7.5, 5.5, 8.0 ], "autoUv": false },
										"east": { "texture": "#fur-lined-reindeer-herder-shoes", "uv": [ 5.5, 7.5, 6.0, 8.0 ], "autoUv": false },
										"south": { "texture": "#fur-lined-reindeer-herder-shoes", "uv": [ 7.0, 7.5, 11.5, 8.0 ], "autoUv": false },
										"west": { "texture": "#fur-lined-reindeer-herder-shoes", "uv": [ 10.5, 7.5, 11.0, 8.0 ], "autoUv": false },
										"up": { "texture": "#fur-lined-reindeer-herder-shoes", "uv": [ 1.0, 7.5, 5.5, 8.0 ], "autoUv": false },
										"down": { "texture": "#fur-lined-reindeer-herder-shoes", "uv": [ 7.0, 7.5, 11.5, 8.0 ], "autoUv": false }
									}
								}
							]
						},
						{
							"name": "S fold 31",
							"from": [ 0.0, 0.75, 2.25 ],
							"to": [ 3.15, 2.25, 2.4 ],
							"autoUnwrap": false,
							"uv": [ 0.0, 0.0 ],
							"rotationOrigin": [ 0.0, 0.75, 2.25 ],
							"rotationX": 4.0,
							"faces": {
								"north": { "texture": "#fur-lined-reindeer-herder-shoes", "uv": [ 0.0, 0.0, 4.0, 2.0 ], "autoUv": false },
								"east": { "texture": "#fur-lined-reindeer-herder-shoes", "uv": [ 10.5, 7.5, 11.0, 9.5 ], "autoUv": false },
								"south": { "texture": "#fur-lined-reindeer-herder-shoes", "uv": [ 7.0, 7.5, 11.0, 9.5 ], "autoUv": false },
								"west": { "texture": "#fur-lined-reindeer-herder-shoes", "uv": [ 7.0, 7.5, 7.5, 9.5 ], "autoUv": false },
								"up": { "texture": "#fur-lined-reindeer-herder-shoes", "uv": [ 7.0, 7.5, 11.0, 8.0 ], "autoUv": false },
								"down": { "texture": "#fur-lined-reindeer-herder-shoes", "uv": [ 0.0, 0.0, 4.0, 0.5 ], "autoUv": false }
							},
							"children": [
								{
									"name": "S border32",
									"from": [ -0.075, 1.125, -0.15 ],
									"to": [ 3.3, 1.575, 0.225 ],
									"autoUnwrap": false,
									"uv": [ 9.5, 13.0 ],
									"rotationOrigin": [ -0.075, 1.125, -0.15 ],
									"rotationX": 4.0,
									"rotationZ": 1.0,
									"faces": {
										"north": { "texture": "#fur-lined-reindeer-herder-shoes", "uv": [ 7.0, 7.5, 11.5, 8.0 ], "autoUv": false },
										"east": { "texture": "#fur-lined-reindeer-herder-shoes", "uv": [ 10.5, 7.5, 11.0, 8.0 ], "autoUv": false },
										"south": { "texture": "#fur-lined-reindeer-herder-shoes", "uv": [ 7.0, 7.5, 11.5, 8.0 ], "autoUv": false },
										"west": { "texture": "#fur-lined-reindeer-herder-shoes", "uv": [ 6.5, 7.5, 7.0, 8.0 ], "autoUv": false },
										"up": { "texture": "#fur-lined-reindeer-herder-shoes", "uv": [ 7.0, 7.5, 11.5, 8.0 ], "autoUv": false },
										"down": { "texture": "#fur-lined-reindeer-herder-shoes", "uv": [ 7.0, 7.5, 11.5, 8.0 ], "autoUv": false }
									}
								}
							]
						},
						{
							"name": "Band W33",
							"from": [ -0.075, 2.7, 0.0 ],
							"to": [ 0.075, 3.825, 2.4 ],
							"unwrapMode": 4,
							"autoUnwrap": false,
							"uv": [ 3.5, 5.0 ],
							"rotationOrigin": [ 0.075, 2.7, 0.0 ],
							"rotationZ": 1.0,
							"faces": {
								"north": { "texture": "#fur-lined-reindeer-herder-shoes", "uv": [ 4.0, 5.5, 4.5, 7.0 ], "autoUv": false },
								"east": { "texture": "#fur-lined-reindeer-herder-shoes", "uv": [ 4.0, 5.5, 7.0, 7.0 ], "autoUv": false },
								"south": { "texture": "#fur-lined-reindeer-herder-shoes", "uv": [ 6.5, 5.5, 7.0, 7.0 ], "autoUv": false },
								"west": { "texture": "#fur-lined-reindeer-herder-shoes", "uv": [ 4.0, 5.5, 7.0, 7.0 ], "autoUv": false },
								"up": { "texture": "#fur-lined-reindeer-herder-shoes", "uv": [ 4.0, 5.5, 7.0, 6.0 ], "rotation": 90, "autoUv": false },
								"down": { "texture": "#fur-lined-reindeer-herder-shoes", "uv": [ 4.0, 6.5, 7.0, 7.0 ], "rotation": 90, "autoUv": false }
							}
						},
						{
							"name": "Band N34",
							"from": [ 0.0, 2.7, -0.075 ],
							"to": [ 3.15, 3.825, 0.075 ],
							"autoUnwrap": false,
							"uv": [ 0.0, 5.5 ],
							"rotationOrigin": [ 0.0, 2.7, 0.075 ],
							"rotationX": -1.0,
							"faces": {
								"north": { "texture": "#fur-lined-reindeer-herder-shoes", "uv": [ 0.0, 5.5, 4.0, 7.0 ], "autoUv": false },
								"east": { "texture": "#fur-lined-reindeer-herder-shoes", "uv": [ 0.0, 5.5, 0.5, 7.0 ], "autoUv": false },
								"south": { "texture": "#fur-lined-reindeer-herder-shoes", "uv": [ 0.0, 5.5, 4.0, 7.0 ], "autoUv": false },
								"west": { "texture": "#fur-lined-reindeer-herder-shoes", "uv": [ 3.5, 5.5, 4.0, 7.0 ], "autoUv": false },
								"up": { "texture": "#fur-lined-reindeer-herder-shoes", "uv": [ 0.0, 5.5, 4.0, 6.0 ], "autoUv": false },
								"down": { "texture": "#fur-lined-reindeer-herder-shoes", "uv": [ 0.0, 6.5, 4.0, 7.0 ], "autoUv": false }
							}
						},
						{
							"name": "Band S35",
							"from": [ 0.0, 2.7, 2.325 ],
							"to": [ 3.15, 3.825, 2.475 ],
							"unwrapMode": 3,
							"autoUnwrap": false,
							"uv": [ 6.5, 5.0 ],
							"rotationOrigin": [ 0.0, 2.7, 2.325 ],
							"rotationX": 1.0,
							"faces": {
								"north": { "texture": "#fur-lined-reindeer-herder-shoes", "uv": [ 7.0, 5.5, 11.0, 7.0 ], "autoUv": false },
								"east": { "texture": "#fur-lined-reindeer-herder-shoes", "uv": [ 10.5, 5.5, 11.0, 7.0 ], "autoUv": false },
								"south": { "texture": "#fur-lined-reindeer-herder-shoes", "uv": [ 7.0, 5.5, 11.0, 7.0 ], "autoUv": false },
								"west": { "texture": "#fur-lined-reindeer-herder-shoes", "uv": [ 7.0, 5.5, 7.5, 7.0 ], "autoUv": false },
								"up": { "texture": "#fur-lined-reindeer-herder-shoes", "uv": [ 7.0, 5.5, 11.0, 6.0 ], "autoUv": false },
								"down": { "texture": "#fur-lined-reindeer-herder-shoes", "uv": [ 7.0, 6.5, 11.0, 7.0 ], "rotation": 180, "autoUv": false }
							}
						},
						{
							"name": "Band E36",
							"from": [ 3.0, 2.7, 0.0 ],
							"to": [ 3.225, 3.825, 2.4 ],
							"autoUnwrap": false,
							"uv": [ 11.0, 5.5 ],
							"rotationOrigin": [ 3.0, 2.7, 0.0 ],
							"rotationZ": -1.0,
							"faces": {
								"north": { "texture": "#fur-lined-reindeer-herder-shoes", "uv": [ 13.5, 5.5, 14.0, 7.0 ], "autoUv": false },
								"east": { "texture": "#fur-lined-reindeer-herder-shoes", "uv": [ 11.0, 5.5, 14.0, 7.0 ], "autoUv": false },
								"south": { "texture": "#fur-lined-reindeer-herder-shoes", "uv": [ 11.0, 5.5, 11.5, 7.0 ], "autoUv": false },
								"west": { "texture": "#fur-lined-reindeer-herder-shoes", "uv": [ 11.0, 5.5, 14.0, 7.0 ], "autoUv": false },
								"up": { "texture": "#fur-lined-reindeer-herder-shoes", "uv": [ 11.0, 5.5, 14.0, 6.0 ], "rotation": 270, "autoUv": false },
								"down": { "texture": "#fur-lined-reindeer-herder-shoes", "uv": [ 11.0, 6.5, 14.0, 7.0 ], "rotation": 90, "autoUv": false }
							}
						}
					]
				},
				{
					"name": "showshoeL",
					"from": [ 0.0, 0.75, 0.0 ],
					"to": [ 3.15, 3.75, 2.4 ],
					"unwrapMode": 4,
					"uv": [ 0.0, 5.5 ],
					"rotationOrigin": [ 0.0, 0.75, 0.0 ],
					"faces": {
						"north": { "texture": "#fur-lined-reindeer-herder-shoes", "uv": [ 0.0, 5.5, 4.0, 9.5 ], "autoUv": false },
						"east": { "texture": "#fur-lined-reindeer-herder-shoes", "uv": [ 11.0, 5.5, 14.0, 9.5 ], "autoUv": false },
						"south": { "texture": "#fur-lined-reindeer-herder-shoes", "uv": [ 7.0, 5.5, 11.0, 9.5 ], "autoUv": false },
						"west": { "texture": "#fur-lined-reindeer-herder-shoes", "uv": [ 4.0, 5.5, 7.0, 9.5 ], "autoUv": false }
					},
					"children": [
						{
							"name": "back string 24",
							"from": [ 3.0075, 0.045, 0.825 ],
							"to": [ 3.1575, 1.545, 1.2 ],
							"autoUnwrap": false,
							"uv": [ 1.0, 11.5 ],
							"rotationOrigin": [ 3.1987, 1.5483, 0.825 ],
							"rotationX": 6.0,
							"faces": {
								"north": { "texture": "#fur-lined-reindeer-herder-shoes", "uv": [ 1.0, 5.5, 3.0, 6.0 ], "rotation": 90, "autoUv": false },
								"east": { "texture": "#fur-lined-reindeer-herder-shoes", "uv": [ 1.0, 5.5, 3.0, 6.0 ], "rotation": 90, "autoUv": false },
								"south": { "texture": "#fur-lined-reindeer-herder-shoes", "uv": [ 1.0, 5.5, 3.0, 6.0 ], "rotation": 90, "autoUv": false },
								"west": { "texture": "#fur-lined-reindeer-herder-shoes", "uv": [ 1.0, 5.5, 3.0, 6.0 ], "rotation": 90, "autoUv": false },
								"up": { "texture": "#fur-lined-reindeer-herder-shoes", "uv": [ 2.5, 5.5, 3.0, 6.0 ], "autoUv": false },
								"down": { "texture": "#fur-lined-reindeer-herder-shoes", "uv": [ 2.5, 5.5, 3.0, 6.0 ], "autoUv": false }
							}
						},
						{
							"name": "back string 25",
							"from": [ 3.0075, 0.3483, 1.2 ],
							"to": [ 3.1575, 1.4733, 1.575 ],
							"autoUnwrap": false,
							"uv": [ 0.0, 11.0 ],
							"rotationOrigin": [ 3.1987, 1.4733, 1.2 ],
							"rotationX": -8.0,
							"faces": {
								"north": { "texture": "#fur-lined-reindeer-herder-shoes", "uv": [ 0.0, 5.5, 1.5, 6.0 ], "rotation": 90, "autoUv": false },
								"east": { "texture": "#fur-lined-reindeer-herder-shoes", "uv": [ 0.0, 5.5, 1.5, 6.0 ], "rotation": 90, "autoUv": false },
								"south": { "texture": "#fur-lined-reindeer-herder-shoes", "uv": [ 0.0, 5.5, 1.5, 6.0 ], "rotation": 90, "autoUv": false },
								"up": { "texture": "#fur-lined-reindeer-herder-shoes", "uv": [ 1.0, 5.5, 1.5, 6.0 ], "autoUv": false },
								"down": { "texture": "#fur-lined-reindeer-herder-shoes", "uv": [ 1.5, 5.5, 2.0, 6.0 ], "autoUv": false }
							}
						}
					]
				}
			]
		}
	]}