{
	"editor": {
		"backDropShape": "entity/humanoid/seraph",
		"collapsedPaths": "Root/shoe R",
		"allAngles": true,
		"entityTextureMode": true
	},
	"textureWidth": 16,
	"textureHeight": 16,
	"textureSizes": {
	},
	"textures": {
	},
	"elements": [
		{
			"name": "shoe R",
			"stepParentName": "LowerFootR",
			"from": [ -0.075, -0.075, -0.075 ],
			"to": [ 3.075, 4.05, 2.325 ],
			"autoUnwrap": false,
			"uv": [ 0.0, 0.0 ],
			"rotationOrigin": [ -0.075, -0.075, -0.075 ],
			"faces": {
				"north": { "texture": "#great-steppe-boots-R", "uv": [ 3.0, 10.5, 7.0, 16.0 ], "autoUv": false },
				"east": { "texture": "#great-steppe-boots-R", "uv": [ 0.0, 10.5, 3.0, 16.0 ], "autoUv": false },
				"south": { "texture": "#great-steppe-boots-R", "uv": [ 10.0, 10.5, 14.0, 16.0 ], "autoUv": false },
				"west": { "texture": "#great-steppe-boots-R", "uv": [ 7.0, 10.5, 10.0, 16.0 ], "autoUv": false },
				"up": { "texture": "#great-steppe-boots-R", "uv": [ 1.0, 0.0, 4.0, 4.0 ], "rotation": 90, "autoUv": false },
				"down": { "texture": "#great-steppe-boots-R", "uv": [ 0.0, 4.0, 3.0, 8.0 ], "rotation": 90, "autoUv": false }
			},
			"children": [
				{
					"name": "hideshoeR",
					"from": [ 0.0, 0.0, 0.0 ],
					"to": [ 0.75, 0.75, 0.75 ],
					"uv": [ 0.0, 0.0 ],
					"faces": {
					},
					"children": [
						{
							"name": "N fold 1",
							"from": [ 0.0, 4.125, 0.0 ],
							"to": [ 3.15, 5.25, 0.15 ],
							"uv": [ 3.0, 0.0 ],
							"rotationOrigin": [ 0.0, 4.125, 0.15 ],
							"rotationX": -8.0,
							"faces": {
								"north": { "texture": "#great-steppe-boots-R", "uv": [ 3.0, 9.0, 7.0, 10.5 ], "autoUv": false },
								"east": { "texture": "#great-steppe-boots-R", "uv": [ 3.0, 9.0, 3.5, 10.5 ], "autoUv": false },
								"south": { "texture": "#great-steppe-boots-R", "uv": [ 9.5, 1.0, 13.5, 2.5 ], "autoUv": false },
								"west": { "texture": "#great-steppe-boots-R", "uv": [ 6.5, 9.0, 7.0, 10.5 ], "autoUv": false },
								"up": { "texture": "#great-steppe-boots-R", "uv": [ 3.0, 9.0, 7.0, 9.5 ], "rotation": 180, "autoUv": false },
								"down": { "texture": "#great-steppe-boots-R", "uv": [ 4.5, 0.0, 8.5, 0.5 ], "autoUv": false }
							}
						},
						{
							"name": "S fold 1",
							"from": [ 0.0, 4.125, 2.25 ],
							"to": [ 3.15, 5.25, 2.4 ],
							"uv": [ 4.0, 1.5 ],
							"rotationOrigin": [ 0.0, 4.125, 2.25 ],
							"rotationX": 4.0,
							"faces": {
								"north": { "texture": "#great-steppe-boots-R", "uv": [ 9.5, 1.5, 13.5, 3.0 ], "autoUv": false },
								"east": { "texture": "#great-steppe-boots-R", "uv": [ 13.5, 9.0, 14.0, 10.5 ], "autoUv": false },
								"south": { "texture": "#great-steppe-boots-R", "uv": [ 10.0, 9.0, 14.0, 10.5 ], "autoUv": false },
								"west": { "texture": "#great-steppe-boots-R", "uv": [ 10.0, 9.0, 10.5, 10.5 ], "autoUv": false },
								"up": { "texture": "#great-steppe-boots-R", "uv": [ 10.0, 9.0, 14.0, 9.5 ], "autoUv": false },
								"down": { "texture": "#great-steppe-boots-R", "uv": [ 4.0, 2.5, 8.0, 3.0 ], "autoUv": false }
							}
						},
						{
							"name": "back fold 1",
							"from": [ 3.0, 4.125, 0.0 ],
							"to": [ 3.15, 5.25, 2.4 ],
							"uv": [ 0.0, 0.0 ],
							"rotationOrigin": [ 3.0, 4.125, 0.0 ],
							"rotationZ": -8.0,
							"faces": {
								"north": { "texture": "#great-steppe-boots-R", "uv": [ 2.5, 9.0, 3.0, 10.5 ], "autoUv": false },
								"east": { "texture": "#great-steppe-boots-R", "uv": [ 0.0, 9.0, 3.0, 10.5 ], "autoUv": false },
								"south": { "texture": "#great-steppe-boots-R", "uv": [ 0.0, 9.0, 0.5, 10.5 ], "autoUv": false },
								"west": { "texture": "#great-steppe-boots-R", "uv": [ 7.5, 0.0, 10.5, 1.5 ], "autoUv": false },
								"up": { "texture": "#great-steppe-boots-R", "uv": [ 0.0, 9.0, 3.0, 9.5 ], "rotation": 270, "autoUv": false },
								"down": { "texture": "#great-steppe-boots-R", "uv": [ 0.0, 0.0, 0.5, 3.0 ], "autoUv": false }
							},
							"children": [
								{
									"name": "Cube18",
									"from": [ 0.0, 0.0, 1.575 ],
									"to": [ 0.15, 1.125, 1.95 ],
									"uv": [ 0.5, 9.0 ],
									"rotationOrigin": [ 0.0, 1.125, 1.575 ],
									"rotationZ": 10.0,
									"faces": {
										"north": { "texture": "#great-steppe-boots-R", "uv": [ 0.5, 9.0, 1.0, 10.5 ], "autoUv": false },
										"east": { "texture": "#great-steppe-boots-R", "uv": [ 0.5, 9.0, 1.0, 10.5 ], "autoUv": false },
										"south": { "texture": "#great-steppe-boots-R", "uv": [ 0.5, 9.0, 1.0, 10.5 ], "autoUv": false },
										"west": { "texture": "#great-steppe-boots-R", "uv": [ 0.5, 9.0, 1.0, 10.5 ], "autoUv": false },
										"up": { "texture": "#great-steppe-boots-R", "uv": [ 0.5, 9.0, 1.0, 9.5 ], "autoUv": false },
										"down": { "texture": "#great-steppe-boots-R", "uv": [ 0.5, 10.0, 1.0, 10.5 ], "autoUv": false }
									}
								},
								{
									"name": "Cube19",
									"from": [ 0.0, 0.0, 0.0 ],
									"to": [ 0.15, 1.125, 0.375 ],
									"uv": [ 2.5, 9.0 ],
									"rotationOrigin": [ 0.0, 1.125, 0.0 ],
									"rotationZ": 10.0,
									"faces": {
										"north": { "texture": "#great-steppe-boots-R", "uv": [ 2.5, 9.0, 3.0, 10.5 ], "autoUv": false },
										"east": { "texture": "#great-steppe-boots-R", "uv": [ 2.5, 9.0, 3.0, 10.5 ], "autoUv": false },
										"south": { "texture": "#great-steppe-boots-R", "uv": [ 2.5, 9.0, 3.0, 10.5 ], "autoUv": false },
										"west": { "texture": "#great-steppe-boots-R", "uv": [ 2.5, 9.0, 3.0, 10.5 ], "autoUv": false },
										"up": { "texture": "#great-steppe-boots-R", "uv": [ 2.5, 9.0, 3.0, 9.5 ], "autoUv": false },
										"down": { "texture": "#great-steppe-boots-R", "uv": [ 2.5, 10.0, 3.0, 10.5 ], "autoUv": false }
									}
								},
								{
									"name": "Cube20",
									"from": [ 0.0, -0.375, 0.825 ],
									"to": [ 0.15, 1.125, 1.2 ],
									"uv": [ 1.5, 9.0 ],
									"rotationOrigin": [ 0.0, 1.125, 0.825 ],
									"rotationZ": 10.0,
									"faces": {
										"north": { "texture": "#great-steppe-boots-R", "uv": [ 1.5, 9.0, 2.0, 11.0 ], "autoUv": false },
										"east": { "texture": "#great-steppe-boots-R", "uv": [ 1.5, 9.0, 2.0, 11.0 ], "autoUv": false },
										"south": { "texture": "#great-steppe-boots-R", "uv": [ 1.5, 9.0, 2.0, 11.0 ], "autoUv": false },
										"west": { "texture": "#great-steppe-boots-R", "uv": [ 1.5, 9.0, 2.0, 11.0 ], "autoUv": false },
										"up": { "texture": "#great-steppe-boots-R", "uv": [ 1.5, 9.0, 2.0, 9.5 ], "autoUv": false },
										"down": { "texture": "#great-steppe-boots-R", "uv": [ 1.5, 11.0, 2.0, 11.5 ], "autoUv": false }
									}
								}
							]
						},
						{
							"name": "front fold 1",
							"from": [ 0.0, 4.125, 0.0 ],
							"to": [ 0.15, 5.25, 2.4 ],
							"uv": [ 0.0, 0.0 ],
							"rotationOrigin": [ 0.15, 4.125, 0.0 ],
							"rotationZ": 8.0,
							"faces": {
								"north": { "texture": "#great-steppe-boots-R", "uv": [ 6.5, 9.0, 7.0, 10.5 ], "autoUv": false },
								"east": { "texture": "#great-steppe-boots-R", "uv": [ 7.5, 1.0, 10.5, 2.5 ], "autoUv": false },
								"south": { "texture": "#great-steppe-boots-R", "uv": [ 9.5, 9.0, 10.0, 10.5 ], "autoUv": false },
								"west": { "texture": "#great-steppe-boots-R", "uv": [ 7.0, 9.0, 10.0, 10.5 ], "autoUv": false },
								"up": { "texture": "#great-steppe-boots-R", "uv": [ 7.0, 9.0, 10.0, 9.5 ], "rotation": 90, "autoUv": false },
								"down": { "texture": "#great-steppe-boots-R", "uv": [ 0.0, 0.0, 0.5, 3.0 ], "autoUv": false }
							}
						},
						{
							"name": "lacetopR",
							"from": [ -0.15, 3.7425, -0.15 ],
							"to": [ 1.5, 4.1175, 1.125 ],
							"uv": [ 4.0, 6.0 ],
							"rotationOrigin": [ -0.1496, 3.75, -0.15 ],
							"faces": {
								"north": { "texture": "#great-steppe-boots-R", "uv": [ 5.0, 10.5, 7.0, 11.0 ], "autoUv": false },
								"east": { "texture": "#great-steppe-boots-R", "uv": [ 4.0, 6.0, 5.5, 6.5 ], "autoUv": false },
								"south": { "texture": "#great-steppe-boots-R", "uv": [ 7.5, 9.0, 9.5, 9.5 ], "autoUv": false },
								"west": { "texture": "#great-steppe-boots-R", "uv": [ 7.0, 10.5, 8.5, 11.0 ], "autoUv": false },
								"up": { "texture": "#great-steppe-boots-R", "uv": [ 4.0, 6.0, 5.5, 8.0 ], "rotation": 90, "autoUv": false },
								"down": { "texture": "#great-steppe-boots-R", "uv": [ 6.5, 6.0, 8.5, 7.5 ], "autoUv": false }
							}
						},
						{
							"name": "lacemidR",
							"from": [ -0.15, 3.0, -0.15 ],
							"to": [ 1.5, 3.375, 1.125 ],
							"uv": [ 4.0, 6.0 ],
							"rotationOrigin": [ -0.1496, 3.0, -0.15 ],
							"faces": {
								"north": { "texture": "#great-steppe-boots-R", "uv": [ 5.0, 10.5, 7.0, 11.0 ], "autoUv": false },
								"east": { "texture": "#great-steppe-boots-R", "uv": [ 4.0, 6.0, 5.5, 6.5 ], "autoUv": false },
								"south": { "texture": "#great-steppe-boots-R", "uv": [ 7.5, 9.0, 9.5, 9.5 ], "autoUv": false },
								"west": { "texture": "#great-steppe-boots-R", "uv": [ 7.0, 10.5, 8.5, 11.0 ], "autoUv": false },
								"up": { "texture": "#great-steppe-boots-R", "uv": [ 4.0, 6.0, 5.5, 8.0 ], "rotation": 90, "autoUv": false },
								"down": { "texture": "#great-steppe-boots-R", "uv": [ 6.5, 6.0, 8.5, 7.5 ], "autoUv": false }
							}
						},
						{
							"name": "lacebotR",
							"from": [ -0.15, 2.25, -0.15 ],
							"to": [ 1.5, 2.625, 1.125 ],
							"uv": [ 4.0, 6.0 ],
							"rotationOrigin": [ -0.1496, 2.25, -0.15 ],
							"faces": {
								"north": { "texture": "#great-steppe-boots-R", "uv": [ 5.0, 10.5, 7.0, 11.0 ], "autoUv": false },
								"east": { "texture": "#great-steppe-boots-R", "uv": [ 4.0, 6.0, 5.5, 6.5 ], "autoUv": false },
								"south": { "texture": "#great-steppe-boots-R", "uv": [ 7.5, 9.0, 9.5, 9.5 ], "autoUv": false },
								"west": { "texture": "#great-steppe-boots-R", "uv": [ 7.0, 10.5, 8.5, 11.0 ], "autoUv": false },
								"up": { "texture": "#great-steppe-boots-R", "uv": [ 4.0, 6.0, 5.5, 8.0 ], "rotation": 90, "autoUv": false },
								"down": { "texture": "#great-steppe-boots-R", "uv": [ 6.5, 6.0, 8.5, 7.5 ], "autoUv": false }
							}
						}
					]
				},
				{
					"name": "showshoeR",
					"from": [ 0.0, 4.125, 0.0 ],
					"to": [ 3.15, 5.25, 2.4 ],
					"unwrapMode": 1,
					"uv": [ 0.0, 9.0 ],
					"rotationOrigin": [ 0.0, 4.125, 0.0 ],
					"faces": {
						"north": { "texture": "#great-steppe-boots-R", "uv": [ 3.0, 9.0, 7.0, 10.5 ], "autoUv": false },
						"east": { "texture": "#great-steppe-boots-R", "uv": [ 0.0, 9.0, 3.0, 10.5 ], "autoUv": false },
						"south": { "texture": "#great-steppe-boots-R", "uv": [ 10.0, 9.0, 14.0, 10.5 ], "autoUv": false },
						"west": { "texture": "#great-steppe-boots-R", "uv": [ 7.0, 9.0, 10.0, 10.5 ], "autoUv": false }
					}
				}
			]
		},
		{
			"name": "shoe L",
			"stepParentName": "LowerFootL",
			"from": [ -0.075, -0.075, -0.075 ],
			"to": [ 3.075, 4.05, 2.325 ],
			"autoUnwrap": false,
			"uv": [ 0.0, 0.0 ],
			"rotationOrigin": [ -0.075, -0.075, -0.075 ],
			"faces": {
				"north": { "texture": "#great-steppe-boots-L", "uv": [ 0.0, 10.5, 4.0, 16.0 ], "autoUv": false },
				"east": { "texture": "#great-steppe-boots-L", "uv": [ 11.0, 10.5, 14.0, 16.0 ], "autoUv": false },
				"south": { "texture": "#great-steppe-boots-L", "uv": [ 7.0, 10.5, 11.0, 16.0 ], "autoUv": false },
				"west": { "texture": "#great-steppe-boots-L", "uv": [ 4.0, 10.5, 7.0, 16.0 ], "autoUv": false },
				"up": { "texture": "#great-steppe-boots-L", "uv": [ 0.5, 0.0, 3.5, 4.0 ], "rotation": 90, "autoUv": false },
				"down": { "texture": "#great-steppe-boots-L", "uv": [ 0.0, 4.0, 3.0, 8.0 ], "rotation": 90, "autoUv": false }
			},
			"children": [
				{
					"name": "hideshoeL",
					"from": [ 0.0, 4.125, 0.0 ],
					"to": [ 0.75, 4.875, 0.75 ],
					"uv": [ 0.0, 0.0 ],
					"rotationOrigin": [ 0.0, 4.125, 0.0 ],
					"faces": {
					},
					"children": [
						{
							"name": "N fold 20",
							"from": [ 0.0, 0.0, 0.0 ],
							"to": [ 3.15, 1.125, 0.15 ],
							"uv": [ 0.0, 0.0 ],
							"rotationOrigin": [ 0.0, 0.0, 0.15 ],
							"rotationX": -4.0,
							"faces": {
								"north": { "texture": "#great-steppe-boots-L", "uv": [ 0.0, 9.0, 4.0, 10.5 ], "autoUv": false },
								"east": { "texture": "#great-steppe-boots-L", "uv": [ 0.0, 9.0, 0.5, 10.5 ], "autoUv": false },
								"south": { "texture": "#great-steppe-boots-L", "uv": [ 9.5, 1.0, 13.5, 2.5 ], "autoUv": false },
								"west": { "texture": "#great-steppe-boots-L", "uv": [ 3.5, 9.0, 4.0, 10.5 ], "autoUv": false },
								"up": { "texture": "#great-steppe-boots-L", "uv": [ 0.0, 9.0, 4.0, 9.5 ], "rotation": 180, "autoUv": false },
								"down": { "texture": "#great-steppe-boots-L", "uv": [ 4.5, 0.0, 8.5, 0.5 ], "autoUv": false }
							}
						},
						{
							"name": "S fold 21",
							"from": [ 0.0, 0.0, 2.25 ],
							"to": [ 3.15, 1.125, 2.4 ],
							"uv": [ 4.0, 1.5 ],
							"rotationOrigin": [ 0.0, 0.0, 2.25 ],
							"rotationX": 8.0,
							"faces": {
								"north": { "texture": "#great-steppe-boots-L", "uv": [ 9.5, 1.5, 13.5, 3.0 ], "autoUv": false },
								"east": { "texture": "#great-steppe-boots-L", "uv": [ 10.5, 9.0, 11.0, 10.5 ], "autoUv": false },
								"south": { "texture": "#great-steppe-boots-L", "uv": [ 7.0, 9.0, 11.0, 10.5 ], "autoUv": false },
								"west": { "texture": "#great-steppe-boots-L", "uv": [ 7.0, 9.0, 7.5, 10.5 ], "autoUv": false },
								"up": { "texture": "#great-steppe-boots-L", "uv": [ 7.0, 9.0, 11.0, 9.5 ], "autoUv": false },
								"down": { "texture": "#great-steppe-boots-L", "uv": [ 4.0, 2.5, 8.0, 3.0 ], "autoUv": false }
							}
						},
						{
							"name": "back fold 22",
							"from": [ 3.0, 0.0, 0.0 ],
							"to": [ 3.15, 1.125, 2.4 ],
							"uv": [ 0.0, 0.0 ],
							"rotationOrigin": [ 3.0, 0.0, 0.0 ],
							"rotationZ": -8.0,
							"faces": {
								"north": { "texture": "#great-steppe-boots-L", "uv": [ 13.5, 9.0, 14.0, 10.5 ], "autoUv": false },
								"east": { "texture": "#great-steppe-boots-L", "uv": [ 11.0, 9.0, 14.0, 10.5 ], "autoUv": false },
								"south": { "texture": "#great-steppe-boots-L", "uv": [ 11.0, 9.0, 11.5, 10.5 ], "autoUv": false },
								"west": { "texture": "#great-steppe-boots-L", "uv": [ 7.5, 0.0, 10.5, 1.5 ], "autoUv": false },
								"up": { "texture": "#great-steppe-boots-L", "uv": [ 11.0, 9.0, 14.0, 9.5 ], "rotation": 270, "autoUv": false },
								"down": { "texture": "#great-steppe-boots-L", "uv": [ 0.0, 0.0, 0.5, 3.0 ], "autoUv": false }
							},
							"children": [
								{
									"name": "Cube23",
									"from": [ 0.0, 0.0, 2.025 ],
									"to": [ 0.15, 1.125, 2.4 ],
									"uv": [ 11.0, 9.0 ],
									"rotationOrigin": [ 0.0, 1.125, 2.025 ],
									"rotationZ": 10.0,
									"faces": {
										"north": { "texture": "#great-steppe-boots-L", "uv": [ 11.0, 9.0, 11.5, 10.5 ], "autoUv": false },
										"east": { "texture": "#great-steppe-boots-L", "uv": [ 11.0, 9.0, 11.5, 10.5 ], "autoUv": false },
										"south": { "texture": "#great-steppe-boots-L", "uv": [ 11.0, 9.0, 11.5, 10.5 ], "autoUv": false },
										"west": { "texture": "#great-steppe-boots-L", "uv": [ 11.0, 9.0, 11.5, 10.5 ], "autoUv": false },
										"up": { "texture": "#great-steppe-boots-L", "uv": [ 11.0, 9.0, 11.5, 9.5 ], "autoUv": false },
										"down": { "texture": "#great-steppe-boots-L", "uv": [ 11.0, 10.0, 11.5, 10.5 ], "autoUv": false }
									}
								},
								{
									"name": "Cube24",
									"from": [ 0.0, 0.0, 0.45 ],
									"to": [ 0.15, 1.125, 0.825 ],
									"uv": [ 13.0, 9.0 ],
									"rotationOrigin": [ 0.0, 1.125, 0.45 ],
									"rotationZ": 10.0,
									"faces": {
										"north": { "texture": "#great-steppe-boots-L", "uv": [ 13.0, 9.0, 13.5, 10.5 ], "autoUv": false },
										"east": { "texture": "#great-steppe-boots-L", "uv": [ 13.0, 9.0, 13.5, 10.5 ], "autoUv": false },
										"south": { "texture": "#great-steppe-boots-L", "uv": [ 13.0, 9.0, 13.5, 10.5 ], "autoUv": false },
										"west": { "texture": "#great-steppe-boots-L", "uv": [ 13.0, 9.0, 13.5, 10.5 ], "autoUv": false },
										"up": { "texture": "#great-steppe-boots-L", "uv": [ 13.0, 9.0, 13.5, 9.5 ], "autoUv": false },
										"down": { "texture": "#great-steppe-boots-L", "uv": [ 13.0, 10.0, 13.5, 10.5 ], "autoUv": false }
									}
								},
								{
									"name": "Cube25",
									"from": [ 0.0, -0.375, 1.2 ],
									"to": [ 0.15, 1.125, 1.575 ],
									"uv": [ 12.0, 9.0 ],
									"rotationOrigin": [ 0.0, 1.125, 1.2 ],
									"rotationZ": 10.0,
									"faces": {
										"north": { "texture": "#great-steppe-boots-L", "uv": [ 12.0, 9.0, 12.5, 11.0 ], "autoUv": false },
										"east": { "texture": "#great-steppe-boots-L", "uv": [ 12.0, 9.0, 12.5, 11.0 ], "autoUv": false },
										"south": { "texture": "#great-steppe-boots-L", "uv": [ 12.0, 9.0, 12.5, 11.0 ], "autoUv": false },
										"west": { "texture": "#great-steppe-boots-L", "uv": [ 12.0, 9.0, 12.5, 11.0 ], "autoUv": false },
										"up": { "texture": "#great-steppe-boots-L", "uv": [ 12.0, 9.0, 12.5, 9.5 ], "autoUv": false },
										"down": { "texture": "#great-steppe-boots-L", "uv": [ 12.0, 10.5, 12.5, 11.0 ], "autoUv": false }
									}
								}
							]
						},
						{
							"name": "front fold 26",
							"from": [ 0.0, 0.0, 0.0 ],
							"to": [ 0.15, 1.125, 2.4 ],
							"uv": [ 0.0, 0.0 ],
							"rotationOrigin": [ 0.15, 0.0, 0.0 ],
							"rotationZ": 8.0,
							"faces": {
								"north": { "texture": "#great-steppe-boots-L", "uv": [ 4.0, 9.0, 4.5, 10.5 ], "autoUv": false },
								"east": { "texture": "#great-steppe-boots-L", "uv": [ 7.5, 1.0, 10.5, 2.5 ], "autoUv": false },
								"south": { "texture": "#great-steppe-boots-L", "uv": [ 7.0, 9.0, 7.5, 10.5 ], "autoUv": false },
								"west": { "texture": "#great-steppe-boots-L", "uv": [ 4.0, 9.0, 7.0, 10.5 ], "autoUv": false },
								"up": { "texture": "#great-steppe-boots-L", "uv": [ 4.0, 9.0, 7.0, 9.5 ], "rotation": 90, "autoUv": false },
								"down": { "texture": "#great-steppe-boots-L", "uv": [ 0.0, 0.0, 0.5, 3.0 ], "autoUv": false }
							}
						},
						{
							"name": "Cube27",
							"from": [ -0.15, -0.3825, 1.275 ],
							"to": [ 1.5, -0.0075, 2.55 ],
							"uv": [ 4.0, 6.0 ],
							"rotationOrigin": [ -0.1496, -0.375, 1.275 ],
							"faces": {
								"north": { "texture": "#great-steppe-boots-L", "uv": [ 4.0, 10.5, 6.0, 11.0 ], "autoUv": false },
								"east": { "texture": "#great-steppe-boots-L", "uv": [ 4.0, 6.0, 5.5, 6.5 ], "autoUv": false },
								"south": { "texture": "#great-steppe-boots-L", "uv": [ 7.0, 10.5, 9.0, 11.0 ], "autoUv": false },
								"west": { "texture": "#great-steppe-boots-L", "uv": [ 5.5, 10.5, 7.0, 11.0 ], "autoUv": false },
								"up": { "texture": "#great-steppe-boots-L", "uv": [ 4.0, 6.0, 5.5, 8.0 ], "rotation": 90, "autoUv": false },
								"down": { "texture": "#great-steppe-boots-L", "uv": [ 6.5, 6.0, 8.5, 7.5 ], "rotation": 180, "autoUv": false }
							}
						},
						{
							"name": "Cube28",
							"from": [ -0.15, -1.125, 1.275 ],
							"to": [ 1.5, -0.75, 2.55 ],
							"uv": [ 4.0, 6.0 ],
							"rotationOrigin": [ -0.1496, -1.125, 1.275 ],
							"faces": {
								"north": { "texture": "#great-steppe-boots-L", "uv": [ 4.0, 11.5, 6.0, 12.0 ], "autoUv": false },
								"east": { "texture": "#great-steppe-boots-L", "uv": [ 4.0, 6.0, 5.5, 6.5 ], "autoUv": false },
								"south": { "texture": "#great-steppe-boots-L", "uv": [ 7.0, 11.5, 9.0, 12.0 ], "autoUv": false },
								"west": { "texture": "#great-steppe-boots-L", "uv": [ 5.5, 11.5, 7.0, 12.0 ], "autoUv": false },
								"up": { "texture": "#great-steppe-boots-L", "uv": [ 4.0, 6.0, 5.5, 8.0 ], "rotation": 90, "autoUv": false },
								"down": { "texture": "#great-steppe-boots-L", "uv": [ 6.5, 6.0, 8.5, 7.5 ], "rotation": 180, "autoUv": false }
							}
						},
						{
							"name": "Cube29",
							"from": [ -0.15, -1.875, 1.275 ],
							"to": [ 1.5, -1.5, 2.55 ],
							"uv": [ 4.0, 6.0 ],
							"rotationOrigin": [ -0.1496, -1.875, 1.275 ],
							"faces": {
								"north": { "texture": "#great-steppe-boots-L", "uv": [ 4.0, 12.5, 6.0, 13.0 ], "autoUv": false },
								"east": { "texture": "#great-steppe-boots-L", "uv": [ 4.0, 6.0, 5.5, 6.5 ], "autoUv": false },
								"south": { "texture": "#great-steppe-boots-L", "uv": [ 7.0, 12.5, 9.0, 13.0 ], "autoUv": false },
								"west": { "texture": "#great-steppe-boots-L", "uv": [ 5.5, 12.5, 7.0, 13.0 ], "autoUv": false },
								"up": { "texture": "#great-steppe-boots-L", "uv": [ 4.0, 6.0, 5.5, 8.0 ], "rotation": 90, "autoUv": false },
								"down": { "texture": "#great-steppe-boots-L", "uv": [ 6.5, 6.0, 8.5, 7.5 ], "rotation": 180, "autoUv": false }
							}
						}
					]
				},
				{
					"name": "showshoeL",
					"from": [ 0.0, 4.125, 0.0 ],
					"to": [ 3.15, 5.25, 2.4 ],
					"unwrapMode": 4,
					"uv": [ 0.0, 9.0 ],
					"rotationOrigin": [ 0.0, 4.125, 0.0 ],
					"faces": {
						"north": { "texture": "#great-steppe-boots-L", "uv": [ 0.0, 9.0, 4.0, 10.5 ], "autoUv": false },
						"east": { "texture": "#great-steppe-boots-L", "uv": [ 11.0, 9.0, 14.0, 10.5 ], "autoUv": false },
						"south": { "texture": "#great-steppe-boots-L", "uv": [ 7.0, 9.0, 11.0, 10.5 ], "autoUv": false },
						"west": { "texture": "#great-steppe-boots-L", "uv": [ 4.0, 9.0, 7.0, 10.5 ], "autoUv": false }
					}
				}
			]
		}
	]}