{
	"editor": {
		"backDropShape": "entity/humanoid/seraph",
		"collapsedPaths": "Root/shoe L/LacesR1,Root/shoe L/LacesL1,Root/shoe L/front16",
		"allAngles": true,
		"entityTextureMode": true
	},
	"textureWidth": 16,
	"textureHeight": 20,
	"textureSizes": {
		"shoes": [16,20]
	},
	"textures": {
	},
	"elements": [
		{
			"name": "shoe R",
			"stepParentName": "LowerFootR",
			"from": [ -0.075, -0.075, -0.075 ],
			"to": [ 3.075, 2.925, 2.325 ],
			"unwrapMode": 4,
			"autoUnwrap": false,
			"uv": [ 1.0, 11.5 ],
			"rotationOrigin": [ -0.075, -0.075, -0.075 ],
			"faces": {
				"north": { "texture": "#shoes", "uv": [ 1.0, 16.0, 5.0, 20.0 ], "autoUv": false, "windMode": [-1,-1,-1,-1] },
				"east": { "texture": "#shoes", "uv": [ 12.0, 16.0, 15.0, 20.0 ], "autoUv": false },
				"south": { "texture": "#shoes", "uv": [ 8.0, 16.0, 12.0, 20.0 ], "autoUv": false },
				"west": { "texture": "#shoes", "uv": [ 5.0, 16.0, 8.0, 20.0 ], "autoUv": false },
				"up": { "texture": "#shoes", "uv": [ 13.0, 0.0, 16.0, 4.0 ], "rotation": 90, "autoUv": false },
				"down": { "texture": "#shoes", "uv": [ 0.0, 4.0, 3.0, 8.0 ], "rotation": 90, "autoUv": false }
			},
			"children": [
				{
					"name": "hideshoeR",
					"from": [ 0.0, 3.0, 0.0 ],
					"to": [ 0.75, 3.75, 0.75 ],
					"uv": [ 3.0, 1.5 ],
					"rotationOrigin": [ 0.0, 3.0, 0.0 ],
					"faces": {
					},
					"children": [
						{
							"name": "LlipELower2",
							"from": [ 3.0, 0.0, 0.0 ],
							"to": [ 3.15, 0.75, 2.4 ],
							"unwrapMode": 2,
							"autoUnwrap": false,
							"uv": [ 11.5, 14.5 ],
							"rotationOrigin": [ 3.0, 0.0, 0.0 ],
							"rotationZ": -8.0,
							"faces": {
								"north": { "texture": "#shoes", "uv": [ 15.0, 15.0, 15.5, 16.0 ], "autoUv": false },
								"east": { "texture": "#shoes", "uv": [ 12.0, 15.0, 15.0, 16.0 ], "autoUv": false },
								"south": { "texture": "#shoes", "uv": [ 11.5, 15.0, 12.0, 16.0 ], "autoUv": false },
								"west": { "texture": "#shoes", "uv": [ 4.5, 3.0, 7.5, 4.0 ], "autoUv": false },
								"up": { "texture": "#shoes", "uv": [ 12.0, 14.5, 15.0, 15.0 ], "rotation": 270, "autoUv": false }
							}
						},
						{
							"name": "LlipSLower2",
							"from": [ 0.0, -0.0075, 2.25 ],
							"to": [ 3.15, 0.7425, 2.4 ],
							"unwrapMode": 3,
							"autoUnwrap": false,
							"uv": [ 7.5, 14.5 ],
							"rotationOrigin": [ 0.0, 0.0, 2.25 ],
							"rotationX": 8.0,
							"faces": {
								"north": { "texture": "#shoes", "uv": [ 4.5, 2.0, 8.5, 3.0 ], "autoUv": false },
								"east": { "texture": "#shoes", "uv": [ 12.0, 15.0, 12.5, 16.0 ], "autoUv": false },
								"south": { "texture": "#shoes", "uv": [ 8.0, 15.0, 12.0, 16.0 ], "autoUv": false },
								"west": { "texture": "#shoes", "uv": [ 7.5, 15.0, 8.0, 16.0 ], "autoUv": false },
								"up": { "texture": "#shoes", "uv": [ 8.0, 14.5, 12.0, 15.0 ], "autoUv": false }
							}
						},
						{
							"name": "LLipNLower2",
							"from": [ 0.0, 0.0, 0.0 ],
							"to": [ 3.15, 0.75, 0.15 ],
							"unwrapMode": 1,
							"autoUnwrap": false,
							"uv": [ 0.5, 14.5 ],
							"rotationOrigin": [ 0.0, 0.0, 0.15 ],
							"rotationX": -8.0,
							"faces": {
								"north": { "texture": "#shoes", "uv": [ 1.0, 15.0, 5.0, 16.0 ], "autoUv": false },
								"east": { "texture": "#shoes", "uv": [ 0.5, 15.0, 1.0, 16.0 ], "autoUv": false },
								"south": { "texture": "#shoes", "uv": [ 4.5, 0.0, 8.5, 1.0 ], "autoUv": false },
								"west": { "texture": "#shoes", "uv": [ 5.0, 15.0, 5.5, 16.0 ], "autoUv": false },
								"up": { "texture": "#shoes", "uv": [ 1.0, 14.5, 5.0, 15.0 ], "rotation": 180, "autoUv": false }
							}
						},
						{
							"name": "RLlipWLower",
							"from": [ 0.0, 0.0, 0.0 ],
							"to": [ 0.15, 0.75, 2.4 ],
							"unwrapMode": 4,
							"autoUnwrap": false,
							"uv": [ 4.5, 14.5 ],
							"rotationOrigin": [ 0.15, 0.0, 0.0 ],
							"rotationZ": 8.0,
							"faces": {
								"north": { "texture": "#shoes", "uv": [ 4.5, 15.0, 5.0, 16.0 ], "autoUv": false },
								"east": { "texture": "#shoes", "uv": [ 4.5, 1.0, 7.5, 2.0 ], "autoUv": false },
								"south": { "texture": "#shoes", "uv": [ 8.0, 15.0, 8.5, 16.0 ], "autoUv": false },
								"west": { "texture": "#shoes", "uv": [ 5.0, 15.0, 8.0, 16.0 ], "autoUv": false },
								"up": { "texture": "#shoes", "uv": [ 5.0, 14.5, 8.0, 15.0 ], "rotation": 90, "autoUv": false }
							}
						}
					]
				},
				{
					"name": "showshoeR",
					"from": [ 0.0, 3.0, 0.0 ],
					"to": [ 3.15, 3.75, 2.4 ],
					"unwrapMode": 4,
					"uv": [ 1.0, 15.0 ],
					"rotationOrigin": [ 0.0, 3.0, 0.0 ],
					"faces": {
						"north": { "texture": "#shoes", "uv": [ 1.0, 15.0, 5.0, 16.0 ], "autoUv": false },
						"east": { "texture": "#shoes", "uv": [ 12.0, 15.0, 15.0, 16.0 ], "autoUv": false },
						"south": { "texture": "#shoes", "uv": [ 8.0, 15.0, 12.0, 16.0 ], "autoUv": false },
						"west": { "texture": "#shoes", "uv": [ 5.0, 15.0, 8.0, 16.0 ], "autoUv": false }
					}
				}
			]
		},
		{
			"name": "shoe L",
			"stepParentName": "LowerFootL",
			"from": [ -0.075, -0.075, -0.075 ],
			"to": [ 3.075, 2.925, 2.325 ],
			"unwrapMode": 4,
			"autoUnwrap": false,
			"uv": [ 1.0, 7.0 ],
			"rotationOrigin": [ -0.075, -0.075, -0.075 ],
			"faces": {
				"north": { "texture": "#shoes", "uv": [ 1.0, 10.0, 5.0, 14.0 ], "autoUv": false },
				"east": { "texture": "#shoes", "uv": [ 12.0, 10.0, 15.0, 14.0 ], "autoUv": false },
				"south": { "texture": "#shoes", "uv": [ 8.0, 10.0, 12.0, 14.0 ], "autoUv": false },
				"west": { "texture": "#shoes", "uv": [ 5.0, 10.0, 8.0, 14.0 ], "autoUv": false },
				"up": { "texture": "#shoes", "uv": [ 10.0, 0.0, 13.0, 4.0 ], "rotation": 90, "autoUv": false },
				"down": { "texture": "#shoes", "uv": [ 4.0, 4.0, 7.0, 8.0 ], "rotation": 90, "autoUv": false }
			},
			"children": [
				{
					"name": "hideshoeL",
					"from": [ 0.0, 3.0, 0.0 ],
					"to": [ 0.75, 3.75, 0.75 ],
					"uv": [ 3.0, 1.5 ],
					"rotationOrigin": [ 0.0, 3.0, 0.0 ],
					"faces": {
					},
					"children": [
						{
							"name": "LlipELower",
							"from": [ 3.0, 0.0, 0.0 ],
							"to": [ 3.15, 0.75, 2.4 ],
							"unwrapMode": 2,
							"autoUnwrap": false,
							"uv": [ 11.5, 8.5 ],
							"rotationOrigin": [ 3.0, 0.0, 0.0 ],
							"rotationZ": -8.0,
							"faces": {
								"north": { "texture": "#shoes", "uv": [ 15.0, 9.0, 15.5, 10.0 ], "autoUv": false },
								"east": { "texture": "#shoes", "uv": [ 12.0, 9.0, 15.0, 10.0 ], "autoUv": false },
								"south": { "texture": "#shoes", "uv": [ 11.5, 9.0, 12.0, 10.0 ], "autoUv": false },
								"west": { "texture": "#shoes", "uv": [ 0.0, 3.0, 3.0, 4.0 ], "autoUv": false },
								"up": { "texture": "#shoes", "uv": [ 12.0, 8.5, 15.0, 9.0 ], "rotation": 270, "autoUv": false }
							}
						},
						{
							"name": "LlipSLower",
							"from": [ 0.0, -0.0075, 2.25 ],
							"to": [ 3.15, 0.7425, 2.4 ],
							"unwrapMode": 3,
							"autoUnwrap": false,
							"uv": [ 7.5, 8.5 ],
							"rotationOrigin": [ 0.0, 0.0, 2.25 ],
							"rotationX": 8.0,
							"faces": {
								"north": { "texture": "#shoes", "uv": [ 0.0, 2.0, 4.0, 3.0 ], "autoUv": false },
								"east": { "texture": "#shoes", "uv": [ 12.0, 9.0, 12.5, 10.0 ], "autoUv": false },
								"south": { "texture": "#shoes", "uv": [ 8.0, 9.0, 12.0, 10.0 ], "autoUv": false },
								"west": { "texture": "#shoes", "uv": [ 7.5, 9.0, 8.0, 10.0 ], "autoUv": false },
								"up": { "texture": "#shoes", "uv": [ 8.0, 8.5, 12.0, 9.0 ], "autoUv": false, "windMode": [-1,-1,-1,-1] }
							}
						},
						{
							"name": "LLipNLower",
							"from": [ 0.0, 0.0, 0.0 ],
							"to": [ 3.15, 0.75, 0.15 ],
							"unwrapMode": 1,
							"autoUnwrap": false,
							"uv": [ 0.5, 8.5 ],
							"rotationOrigin": [ 0.0, 0.0, 0.15 ],
							"rotationX": -8.0,
							"faces": {
								"north": { "texture": "#shoes", "uv": [ 1.0, 9.0, 5.0, 10.0 ], "autoUv": false },
								"east": { "texture": "#shoes", "uv": [ 0.5, 9.0, 1.0, 10.0 ], "autoUv": false },
								"south": { "texture": "#shoes", "uv": [ 0.0, 0.0, 4.0, 1.0 ], "autoUv": false, "windMode": [-1,-1,-1,-1] },
								"west": { "texture": "#shoes", "uv": [ 5.0, 9.0, 5.5, 10.0 ], "autoUv": false },
								"up": { "texture": "#shoes", "uv": [ 1.0, 8.5, 5.0, 9.0 ], "rotation": 180, "autoUv": false, "windMode": [-1,-1,-1,-1] }
							}
						},
						{
							"name": "LlipWLower",
							"from": [ 0.0, 0.0, 0.0 ],
							"to": [ 0.15, 0.75, 2.4 ],
							"unwrapMode": 4,
							"autoUnwrap": false,
							"uv": [ 4.5, 8.5 ],
							"rotationOrigin": [ 0.15, 0.0, 0.0 ],
							"rotationZ": 8.0,
							"faces": {
								"north": { "texture": "#shoes", "uv": [ 4.5, 9.0, 5.0, 10.0 ], "autoUv": false },
								"east": { "texture": "#shoes", "uv": [ 0.0, 1.0, 3.0, 2.0 ], "autoUv": false },
								"south": { "texture": "#shoes", "uv": [ 8.0, 9.0, 8.5, 10.0 ], "autoUv": false },
								"west": { "texture": "#shoes", "uv": [ 5.0, 9.0, 8.0, 10.0 ], "autoUv": false },
								"up": { "texture": "#shoes", "uv": [ 5.0, 8.5, 8.0, 9.0 ], "rotation": 90, "autoUv": false, "windMode": [-1,-1,-1,-1] }
							}
						}
					]
				},
				{
					"name": "showshoeL",
					"from": [ 0.0, 3.0, 0.0 ],
					"to": [ 3.15, 3.75, 2.4 ],
					"uv": [ 1.0, 9.0 ],
					"rotationOrigin": [ 0.0, 3.0, 0.0 ],
					"faces": {
						"north": { "texture": "#shoes", "uv": [ 1.0, 9.0, 5.0, 10.0 ], "autoUv": false },
						"east": { "texture": "#shoes", "uv": [ 5.0, 9.0, 8.0, 10.0 ], "autoUv": false },
						"south": { "texture": "#shoes", "uv": [ 8.0, 9.0, 12.0, 10.0 ], "autoUv": false },
						"west": { "texture": "#shoes", "uv": [ 12.0, 9.0, 15.0, 10.0 ], "autoUv": false }
					}
				}
			]
		}
	]}