{
	"editor": {
		"backDropShape": "entity/humanoid/seraph",
		"collapsedPaths": "Root/shoe L/LacesR1,Root/shoe L/LacesL1,Root/shoe L/front16,Root/shoe L",
		"allAngles": true,
		"entityTextureMode": true
	},
	"textureWidth": 16,
	"textureHeight": 24,
	"textureSizes": {
		"shoes": [16,24]
	},
	"textures": {
	},
	"elements": [
		{
			"name": "shoe R",
			"stepParentName": "LowerFootR",
			"from": [ -0.075, -0.075, -0.075 ],
			"to": [ 3.075, 3.675, 2.325 ],
			"autoUnwrap": false,
			"uv": [ 0.0, 0.5 ],
			"rotationOrigin": [ -0.075, -0.075, -0.075 ],
			"faces": {
				"north": { "texture": "#shoes", "uv": [ 3.0, 19.0, 7.0, 24.0 ], "autoUv": false },
				"east": { "texture": "#shoes", "uv": [ 0.0, 19.0, 3.0, 24.0 ], "autoUv": false },
				"south": { "texture": "#shoes", "uv": [ 10.0, 19.0, 14.0, 24.0 ], "autoUv": false },
				"west": { "texture": "#shoes", "uv": [ 7.0, 19.0, 10.0, 24.0 ], "autoUv": false },
				"up": { "texture": "#shoes", "uv": [ 8.0, 1.0, 12.0, 4.0 ], "autoUv": false },
				"down": { "texture": "#shoes", "uv": [ 0.0, 4.0, 3.0, 8.0 ], "rotation": 90, "autoUv": false }
			},
			"children": [
				{
					"name": "hideshoeR",
					"from": [ 0.0, 3.75, 0.0 ],
					"to": [ 0.75, 4.5, 0.75 ],
					"uv": [ 999.0, 999.0 ],
					"rotationOrigin": [ 0.0, 3.75, 0.0 ],
					"faces": {
					},
					"children": [
						{
							"name": "N fold 20",
							"from": [ 0.0, 0.0, 0.0 ],
							"to": [ 3.15, 1.125, 0.15 ],
							"autoUnwrap": false,
							"uv": [ 2.5, 2.0 ],
							"rotationOrigin": [ 0.0, 0.0, 0.15 ],
							"rotationX": -8.0,
							"faces": {
								"north": { "texture": "#shoes", "uv": [ 3.0, 17.5, 7.0, 19.0 ], "autoUv": false },
								"east": { "texture": "#shoes", "uv": [ 3.0, 17.5, 3.5, 19.0 ], "autoUv": false },
								"south": { "texture": "#shoes", "uv": [ 12.0, 2.5, 16.0, 4.0 ], "autoUv": false },
								"west": { "texture": "#shoes", "uv": [ 6.5, 17.5, 7.0, 19.0 ], "autoUv": false },
								"up": { "texture": "#shoes", "uv": [ 3.0, 16.0, 7.0, 16.5 ], "autoUv": false }
							},
							"children": [
								{
									"name": "N fold 21",
									"from": [ 0.0, 0.375, -0.225 ],
									"to": [ 3.15, 1.125, 0.0 ],
									"uv": [ 3.0, 16.0 ],
									"rotationOrigin": [ 0.0, 1.125, 0.0 ],
									"rotationX": 8.0,
									"faces": {
										"north": { "texture": "#shoes", "uv": [ 3.0, 16.5, 7.0, 17.5 ], "autoUv": false },
										"up": { "texture": "#shoes", "uv": [ 3.0, 16.0, 7.0, 16.5 ], "autoUv": false }
									}
								}
							]
						},
						{
							"name": "RfoldS",
							"from": [ 0.0, 0.0, 2.25 ],
							"to": [ 3.15, 1.125, 2.4 ],
							"autoUnwrap": false,
							"uv": [ 7.0, 1.5 ],
							"rotationOrigin": [ 0.0, 0.0, 2.25 ],
							"rotationX": 8.0,
							"faces": {
								"north": { "texture": "#shoes", "uv": [ 4.0, 2.5, 8.0, 4.0 ], "autoUv": false },
								"east": { "texture": "#shoes", "uv": [ 13.5, 17.5, 14.0, 19.0 ], "autoUv": false },
								"south": { "texture": "#shoes", "uv": [ 10.0, 17.5, 14.0, 19.0 ], "autoUv": false },
								"west": { "texture": "#shoes", "uv": [ 10.0, 17.5, 10.5, 19.0 ], "autoUv": false },
								"up": { "texture": "#shoes", "uv": [ 10.0, 16.0, 14.0, 16.5 ], "autoUv": false }
							},
							"children": [
								{
									"name": "RfoldFrill",
									"from": [ 0.0, 0.375, 0.15 ],
									"to": [ 3.15, 1.125, 0.375 ],
									"uv": [ 10.0, 16.0 ],
									"rotationOrigin": [ 0.0, 1.125, 0.15 ],
									"rotationX": -8.0,
									"faces": {
										"south": { "texture": "#shoes", "uv": [ 10.0, 16.5, 14.0, 17.5 ], "autoUv": false },
										"up": { "texture": "#shoes", "uv": [ 10.0, 16.0, 14.0, 16.5 ], "autoUv": false }
									}
								}
							]
						},
						{
							"name": "RbackFold",
							"from": [ 3.0, 0.0, 0.0 ],
							"to": [ 3.15, 1.125, 2.4 ],
							"autoUnwrap": false,
							"uv": [ 0.0, 2.0 ],
							"rotationOrigin": [ 3.0, 0.0, 0.0 ],
							"rotationZ": -7.0,
							"faces": {
								"north": { "texture": "#shoes", "uv": [ 2.5, 17.5, 3.0, 19.0 ], "autoUv": false },
								"east": { "texture": "#shoes", "uv": [ 0.0, 17.5, 3.0, 19.0 ], "autoUv": false },
								"south": { "texture": "#shoes", "uv": [ 0.0, 17.5, 0.5, 19.0 ], "autoUv": false },
								"west": { "texture": "#shoes", "uv": [ 5.0, 1.0, 8.0, 2.5 ], "autoUv": false },
								"up": { "texture": "#shoes", "uv": [ 0.0, 16.0, 3.0, 16.5 ], "rotation": 270, "autoUv": false }
							},
							"children": [
								{
									"name": "RbackFrill",
									"from": [ 0.15, 0.375, 0.0 ],
									"to": [ 0.375, 1.125, 2.4 ],
									"uv": [ 0.0, 16.0 ],
									"rotationOrigin": [ 0.15, 1.125, 0.0 ],
									"rotationZ": 8.0,
									"faces": {
										"east": { "texture": "#shoes", "uv": [ 0.0, 16.5, 3.0, 17.5 ], "autoUv": false },
										"up": { "texture": "#shoes", "uv": [ 0.0, 16.0, 3.0, 16.5 ], "rotation": 270, "autoUv": false }
									}
								}
							]
						},
						{
							"name": "front 1",
							"from": [ 0.0, 0.0, 0.0 ],
							"to": [ 0.15, 1.125, 2.4 ],
							"autoUnwrap": false,
							"uv": [ 7.0, 1.0 ],
							"rotationOrigin": [ 0.15, 0.0, 0.0 ],
							"rotationZ": 8.0,
							"faces": {
								"north": { "texture": "#shoes", "uv": [ 7.0, 17.5, 7.5, 19.0 ], "autoUv": false },
								"east": { "texture": "#shoes", "uv": [ 12.0, 1.0, 15.0, 2.5 ], "autoUv": false },
								"south": { "texture": "#shoes", "uv": [ 9.5, 17.5, 10.0, 19.0 ], "autoUv": false },
								"west": { "texture": "#shoes", "uv": [ 7.0, 17.5, 10.0, 19.0 ], "autoUv": false },
								"up": { "texture": "#shoes", "uv": [ 7.0, 16.0, 10.0, 16.5 ], "rotation": 90, "autoUv": false }
							},
							"children": [
								{
									"name": "RfrontFrill",
									"from": [ -0.225, 0.375, 0.0 ],
									"to": [ 0.0, 1.125, 2.4 ],
									"uv": [ 7.0, 16.0 ],
									"rotationOrigin": [ 0.0, 1.125, 0.0 ],
									"rotationZ": -8.0,
									"faces": {
										"west": { "texture": "#shoes", "uv": [ 7.0, 16.5, 10.0, 17.5 ], "autoUv": false },
										"up": { "texture": "#shoes", "uv": [ 7.0, 16.0, 10.0, 16.5 ], "rotation": 90, "autoUv": false }
									}
								}
							]
						}
					]
				},
				{
					"name": "showshoeR",
					"from": [ 0.0, 3.75, 0.0 ],
					"to": [ 3.15, 4.875, 2.4 ],
					"unwrapMode": 4,
					"autoUnwrap": false,
					"uv": [ 3.0, 17.5 ],
					"rotationOrigin": [ 0.0, 3.75, 0.0 ],
					"faces": {
						"north": { "texture": "#shoes", "uv": [ 3.0, 17.5, 7.0, 19.0 ], "autoUv": false },
						"east": { "texture": "#shoes", "uv": [ 0.0, 17.5, 3.0, 19.0 ], "autoUv": false },
						"south": { "texture": "#shoes", "uv": [ 10.0, 17.5, 14.0, 19.0 ], "autoUv": false },
						"west": { "texture": "#shoes", "uv": [ 7.0, 17.5, 10.0, 19.0 ], "autoUv": false, "windMode": [-1,-1,-1,-1] }
					},
					"children": [
						{
							"name": "Rfringe",
							"from": [ -0.015, 0.375, -0.015 ],
							"to": [ 3.165, 1.125, 2.415 ],
							"unwrapMode": 4,
							"autoUnwrap": false,
							"uv": [ 3.0, 17.5 ],
							"rotationOrigin": [ 0.0, 0.375, 0.0 ],
							"faces": {
								"north": { "texture": "#shoes", "uv": [ 3.0, 16.5, 7.0, 17.5 ], "autoUv": false },
								"east": { "texture": "#shoes", "uv": [ 0.0, 16.5, 3.0, 17.5 ], "autoUv": false },
								"south": { "texture": "#shoes", "uv": [ 10.0, 16.5, 14.0, 17.5 ], "autoUv": false },
								"west": { "texture": "#shoes", "uv": [ 7.0, 16.5, 10.0, 17.5 ], "autoUv": false, "windMode": [-1,-1,-1,-1] }
							}
						}
					]
				}
			]
		},
		{
			"name": "shoe L",
			"stepParentName": "LowerFootL",
			"from": [ -0.075, -0.075, -0.075 ],
			"to": [ 3.075, 3.675, 2.325 ],
			"autoUnwrap": false,
			"uv": [ 0.0, 0.5 ],
			"rotationOrigin": [ -0.075, -0.075, -0.075 ],
			"faces": {
				"north": { "texture": "#shoes", "uv": [ 0.0, 11.0, 4.0, 16.0 ], "autoUv": false },
				"east": { "texture": "#shoes", "uv": [ 11.0, 11.0, 14.0, 16.0 ], "autoUv": false },
				"south": { "texture": "#shoes", "uv": [ 7.0, 11.0, 11.0, 16.0 ], "autoUv": false },
				"west": { "texture": "#shoes", "uv": [ 4.0, 11.0, 7.0, 16.0 ], "autoUv": false },
				"up": { "texture": "#shoes", "uv": [ 4.0, 0.5, 8.0, 3.5 ], "autoUv": false },
				"down": { "texture": "#shoes", "uv": [ 4.0, 4.0, 7.0, 8.0 ], "rotation": 90, "autoUv": false }
			},
			"children": [
				{
					"name": "hideshoeL",
					"from": [ 0.0, 3.75, 0.0 ],
					"to": [ 0.75, 4.5, 0.75 ],
					"uv": [ 0.0, 0.0 ],
					"rotationOrigin": [ 0.0, 3.75, 0.0 ],
					"faces": {
					},
					"children": [
						{
							"name": "N fold 23",
							"from": [ 0.0, 0.0, 0.0 ],
							"to": [ 3.15, 1.125, 0.15 ],
							"autoUnwrap": false,
							"uv": [ 0.0, 1.0 ],
							"rotationOrigin": [ 0.0, 0.0, 0.15 ],
							"rotationX": -8.0,
							"faces": {
								"north": { "texture": "#shoes", "uv": [ 0.0, 9.5, 4.0, 11.0 ], "autoUv": false },
								"east": { "texture": "#shoes", "uv": [ 0.0, 9.5, 0.5, 11.0 ], "autoUv": false },
								"south": { "texture": "#shoes", "uv": [ 0.0, 2.0, 4.0, 3.5 ], "autoUv": false },
								"west": { "texture": "#shoes", "uv": [ 3.5, 9.5, 4.0, 11.0 ], "autoUv": false },
								"up": { "texture": "#shoes", "uv": [ 0.0, 8.0, 4.0, 8.5 ], "autoUv": false }
							},
							"children": [
								{
									"name": "LfoldN",
									"from": [ 0.0, 0.375, -0.225 ],
									"to": [ 3.15, 1.125, 0.0 ],
									"uv": [ 0.0, 8.0 ],
									"rotationOrigin": [ 0.0, 1.125, 0.0 ],
									"rotationX": 8.0,
									"faces": {
										"north": { "texture": "#shoes", "uv": [ 0.0, 8.5, 4.0, 9.5 ], "autoUv": false },
										"up": { "texture": "#shoes", "uv": [ 0.0, 8.0, 4.0, 8.5 ], "autoUv": false }
									}
								}
							]
						},
						{
							"name": "S fold 24",
							"from": [ 0.0, 0.0, 2.25 ],
							"to": [ 3.15, 1.125, 2.4 ],
							"autoUnwrap": false,
							"uv": [ 7.0, 2.0 ],
							"rotationOrigin": [ 0.0, 0.0, 2.25 ],
							"rotationX": 8.0,
							"faces": {
								"north": { "texture": "#shoes", "uv": [ 8.0, 2.0, 12.0, 3.5 ], "autoUv": false },
								"east": { "texture": "#shoes", "uv": [ 10.5, 9.5, 11.0, 11.0 ], "autoUv": false },
								"south": { "texture": "#shoes", "uv": [ 7.0, 9.5, 11.0, 11.0 ], "autoUv": false },
								"west": { "texture": "#shoes", "uv": [ 7.0, 9.5, 7.5, 11.0 ], "autoUv": false },
								"up": { "texture": "#shoes", "uv": [ 7.0, 8.0, 11.0, 8.5 ], "autoUv": false }
							},
							"children": [
								{
									"name": "S frill",
									"from": [ 0.0, 0.375, 0.15 ],
									"to": [ 3.15, 1.125, 0.375 ],
									"uv": [ 7.0, 8.0 ],
									"rotationOrigin": [ 0.0, 1.125, 0.15 ],
									"rotationX": -8.0,
									"faces": {
										"south": { "texture": "#shoes", "uv": [ 7.0, 8.5, 11.0, 9.5 ], "autoUv": false },
										"up": { "texture": "#shoes", "uv": [ 7.0, 8.0, 11.0, 8.5 ], "autoUv": false }
									}
								}
							]
						},
						{
							"name": "Lback fold 25",
							"from": [ 3.0, 0.0, 0.0 ],
							"to": [ 3.15, 1.125, 2.4 ],
							"autoUnwrap": false,
							"uv": [ 6.5, 2.5 ],
							"rotationOrigin": [ 3.0, 0.0, 0.0 ],
							"rotationZ": -7.0,
							"faces": {
								"north": { "texture": "#shoes", "uv": [ 13.5, 9.5, 14.0, 11.0 ], "autoUv": false },
								"east": { "texture": "#shoes", "uv": [ 11.0, 9.5, 14.0, 11.0 ], "autoUv": false },
								"south": { "texture": "#shoes", "uv": [ 11.0, 9.5, 11.5, 11.0 ], "autoUv": false },
								"west": { "texture": "#shoes", "uv": [ 1.0, 0.5, 4.0, 2.0 ], "autoUv": false },
								"up": { "texture": "#shoes", "uv": [ 11.0, 8.0, 14.0, 8.5 ], "rotation": 270, "autoUv": false }
							},
							"children": [
								{
									"name": "Lback frill",
									"from": [ 0.15, 0.375, 0.0 ],
									"to": [ 0.375, 1.125, 2.4 ],
									"uv": [ 11.0, 8.0 ],
									"rotationOrigin": [ 0.15, 1.125, 0.0 ],
									"rotationZ": 8.0,
									"faces": {
										"east": { "texture": "#shoes", "uv": [ 11.0, 8.5, 14.0, 9.5 ], "autoUv": false },
										"up": { "texture": "#shoes", "uv": [ 11.0, 8.0, 14.0, 8.5 ], "rotation": 270, "autoUv": false }
									}
								}
							]
						},
						{
							"name": "front fold 26",
							"from": [ 0.0, 0.0, 0.0 ],
							"to": [ 0.15, 1.125, 2.4 ],
							"autoUnwrap": false,
							"uv": [ 4.0, 2.0 ],
							"rotationOrigin": [ 0.15, 0.0, 0.0 ],
							"rotationZ": 8.0,
							"faces": {
								"north": { "texture": "#shoes", "uv": [ 4.0, 9.5, 4.5, 11.0 ], "autoUv": false },
								"east": { "texture": "#shoes", "uv": [ 8.0, 0.5, 11.0, 2.0 ], "autoUv": false },
								"south": { "texture": "#shoes", "uv": [ 6.5, 9.5, 7.0, 11.0 ], "autoUv": false },
								"west": { "texture": "#shoes", "uv": [ 4.0, 9.5, 7.0, 11.0 ], "autoUv": false },
								"up": { "texture": "#shoes", "uv": [ 4.0, 8.0, 7.0, 8.5 ], "rotation": 90, "autoUv": false }
							},
							"children": [
								{
									"name": "front fold 30",
									"from": [ -0.225, 0.375, 0.0 ],
									"to": [ 0.0, 1.125, 2.4 ],
									"uv": [ 4.0, 8.0 ],
									"rotationOrigin": [ 0.0, 1.125, 0.0 ],
									"rotationZ": -8.0,
									"faces": {
										"west": { "texture": "#shoes", "uv": [ 4.0, 8.5, 7.0, 9.5 ], "autoUv": false },
										"up": { "texture": "#shoes", "uv": [ 4.0, 8.0, 7.0, 8.5 ], "rotation": 90, "autoUv": false }
									}
								}
							]
						}
					]
				},
				{
					"name": "showshoeL",
					"from": [ 0.0, 3.75, 0.0 ],
					"to": [ 3.15, 4.875, 2.4 ],
					"unwrapMode": 4,
					"uv": [ 0.0, 9.5 ],
					"rotationOrigin": [ 0.0, 3.75, 0.0 ],
					"faces": {
						"north": { "texture": "#shoes", "uv": [ 0.0, 9.5, 4.0, 11.0 ], "autoUv": false },
						"east": { "texture": "#shoes", "uv": [ 11.0, 9.5, 14.0, 11.0 ], "autoUv": false },
						"south": { "texture": "#shoes", "uv": [ 7.0, 9.5, 11.0, 11.0 ], "autoUv": false },
						"west": { "texture": "#shoes", "uv": [ 4.0, 9.5, 7.0, 11.0 ], "autoUv": false }
					},
					"children": [
						{
							"name": "Lfringe",
							"from": [ -0.015, 0.375, -0.015 ],
							"to": [ 3.165, 1.125, 2.415 ],
							"unwrapMode": 4,
							"uv": [ 0.0, 8.5 ],
							"rotationOrigin": [ 0.0, 0.375, 0.0 ],
							"faces": {
								"north": { "texture": "#shoes", "uv": [ 0.0, 8.5, 4.0, 9.5 ], "autoUv": false },
								"east": { "texture": "#shoes", "uv": [ 11.0, 8.5, 14.0, 9.5 ], "autoUv": false },
								"south": { "texture": "#shoes", "uv": [ 7.0, 8.5, 11.0, 9.5 ], "autoUv": false },
								"west": { "texture": "#shoes", "uv": [ 4.0, 8.5, 7.0, 9.5 ], "autoUv": false }
							}
						}
					]
				}
			]
		}
	]}