{
	"editor": {
		"backDropShape": "entity/humanoid/seraph",
		"collapsedPaths": "Root/shoe L/LacesR1,Root/shoe L/LacesL1,Root/shoe L/front16,Root/shoe R,Root/shoe L",
		"allAngles": true,
		"entityTextureMode": true
	},
	"textureWidth": 16,
	"textureHeight": 24,
	"textureSizes": {
		"shoes": [16,24]
	},
	"textures": {
	},
	"elements": [
		{
			"name": "shoe R",
			"stepParentName": "LowerFootR",
			"from": [ -0.075, -0.075, -0.075 ],
			"to": [ 3.075, 3.675, 2.325 ],
			"autoUnwrap": false,
			"uv": [ 0.0, 0.5 ],
			"rotationOrigin": [ -0.075, -0.075, -0.075 ],
			"faces": {
				"north": { "texture": "#shoes", "uv": [ 3.0, 19.0, 7.0, 24.0 ], "autoUv": false },
				"east": { "texture": "#shoes", "uv": [ 0.0, 19.0, 3.0, 24.0 ], "autoUv": false },
				"south": { "texture": "#shoes", "uv": [ 10.0, 19.0, 14.0, 24.0 ], "autoUv": false },
				"west": { "texture": "#shoes", "uv": [ 7.0, 19.0, 10.0, 24.0 ], "autoUv": false },
				"up": { "texture": "#shoes", "uv": [ 10.5, 0.5, 14.5, 3.5 ], "autoUv": false },
				"down": { "texture": "#shoes", "uv": [ 0.0, 4.0, 3.0, 8.0 ], "rotation": 90, "autoUv": false }
			},
			"children": [
				{
					"name": "hideshoeR",
					"from": [ 0.0, 3.75, 0.0 ],
					"to": [ 0.75, 4.5, 0.75 ],
					"uv": [ 0.0, 0.0 ],
					"rotationOrigin": [ 0.0, 3.75, 0.0 ],
					"faces": {
					},
					"children": [
						{
							"name": "N fold 20",
							"from": [ 0.0, 0.0, 0.0 ],
							"to": [ 3.15, 1.125, 0.15 ],
							"uv": [ 2.0, 0.5 ],
							"rotationOrigin": [ 0.0, 0.0, 0.15 ],
							"rotationX": -8.0,
							"faces": {
								"north": { "texture": "#shoes", "uv": [ 3.0, 17.5, 7.0, 19.0 ], "autoUv": false },
								"east": { "texture": "#shoes", "uv": [ 3.0, 17.5, 3.5, 19.0 ], "autoUv": false },
								"south": { "texture": "#shoes", "uv": [ 2.0, 0.5, 6.0, 2.0 ], "autoUv": false },
								"west": { "texture": "#shoes", "uv": [ 5.5, 17.5, 6.0, 19.0 ], "autoUv": false },
								"up": { "texture": "#shoes", "uv": [ 2.5, 16.0, 6.5, 16.5 ], "autoUv": false }
							},
							"children": [
								{
									"name": "N fold 21",
									"from": [ 0.0, 1.125, -0.15 ],
									"to": [ 3.15, 2.25, 0.375 ],
									"uv": [ 0.5, 1.0 ],
									"rotationOrigin": [ 0.0, 1.875, 0.075 ],
									"faces": {
										"north": { "texture": "#shoes", "uv": [ 3.0, 16.0, 7.0, 17.5 ], "autoUv": false },
										"east": { "texture": "#shoes", "uv": [ 3.0, 16.0, 3.5, 17.5 ], "autoUv": false, "windMode": [-1,-1,-1,-1] },
										"south": { "texture": "#shoes", "uv": [ 0.5, 1.0, 4.5, 2.5 ], "autoUv": false, "windMode": [-1,-1,-1,-1] },
										"west": { "texture": "#shoes", "uv": [ 6.5, 16.0, 7.0, 17.5 ], "autoUv": false, "windMode": [-1,-1,-1,-1] },
										"up": { "texture": "#shoes", "uv": [ 2.5, 16.0, 6.5, 16.5 ], "autoUv": false },
										"down": { "texture": "#shoes", "uv": [ 2.5, 17.0, 6.5, 17.5 ], "autoUv": false, "windMode": [-1,-1,-1,-1] }
									}
								}
							]
						},
						{
							"name": "RfoldS",
							"from": [ 0.0, 0.0, 2.25 ],
							"to": [ 3.15, 1.125, 2.4 ],
							"uv": [ 5.5, 1.0 ],
							"rotationOrigin": [ 0.0, 0.0, 2.25 ],
							"rotationX": 8.0,
							"faces": {
								"north": { "texture": "#shoes", "uv": [ 5.5, 1.0, 9.5, 2.5 ], "autoUv": false },
								"east": { "texture": "#shoes", "uv": [ 13.5, 9.5, 14.0, 11.0 ], "autoUv": false },
								"south": { "texture": "#shoes", "uv": [ 10.0, 9.5, 14.0, 11.0 ], "autoUv": false },
								"west": { "texture": "#shoes", "uv": [ 9.5, 9.5, 10.0, 11.0 ], "autoUv": false },
								"up": { "texture": "#shoes", "uv": [ 10.0, 8.0, 14.0, 8.5 ], "autoUv": false }
							},
							"children": [
								{
									"name": "RfoldFrill",
									"from": [ 0.0, 1.125, -0.225 ],
									"to": [ 3.15, 2.25, 0.3 ],
									"uv": [ 5.5, 0.0 ],
									"rotationOrigin": [ 0.0, 1.875, -0.225 ],
									"faces": {
										"north": { "texture": "#shoes", "uv": [ 5.5, 0.0, 9.5, 1.5 ], "autoUv": false, "windMode": [-1,-1,-1,-1] },
										"east": { "texture": "#shoes", "uv": [ 9.5, 16.0, 10.0, 17.5 ], "autoUv": false, "windMode": [-1,-1,-1,-1] },
										"south": { "texture": "#shoes", "uv": [ 10.0, 16.0, 14.0, 17.5 ], "autoUv": false },
										"west": { "texture": "#shoes", "uv": [ 13.5, 16.0, 14.0, 17.5 ], "autoUv": false, "windMode": [-1,-1,-1,-1] },
										"up": { "texture": "#shoes", "uv": [ 10.0, 16.0, 14.0, 16.5 ], "autoUv": false },
										"down": { "texture": "#shoes", "uv": [ 10.0, 9.0, 14.0, 9.5 ], "autoUv": false, "windMode": [-1,-1,-1,-1] }
									}
								}
							]
						},
						{
							"name": "RbackFold",
							"from": [ 3.0, 0.0, 0.0 ],
							"to": [ 3.15, 1.125, 2.4 ],
							"uv": [ 0.0, 2.0 ],
							"rotationOrigin": [ 3.0, 0.0, 0.0 ],
							"rotationZ": -7.0,
							"faces": {
								"north": { "texture": "#shoes", "uv": [ 2.5, 17.5, 3.0, 19.0 ], "autoUv": false },
								"east": { "texture": "#shoes", "uv": [ 0.0, 9.5, 3.0, 11.0 ], "autoUv": false },
								"south": { "texture": "#shoes", "uv": [ 0.0, 17.5, 0.5, 19.0 ], "autoUv": false },
								"west": { "texture": "#shoes", "uv": [ 0.0, 2.0, 3.0, 3.5 ], "autoUv": false },
								"up": { "texture": "#shoes", "uv": [ 0.0, 8.0, 3.0, 8.5 ], "rotation": 270, "autoUv": false }
							},
							"children": [
								{
									"name": "RbackFrill",
									"from": [ -0.225, 1.125, 0.0 ],
									"to": [ 0.3, 2.25, 2.4 ],
									"uv": [ 0.0, 2.0 ],
									"rotationOrigin": [ -0.225, 1.875, 0.0 ],
									"faces": {
										"north": { "texture": "#shoes", "uv": [ 0.0, 8.0, 0.5, 9.5 ], "autoUv": false, "windMode": [-1,-1,-1,-1] },
										"east": { "texture": "#shoes", "uv": [ 0.0, 8.0, 3.0, 9.5 ], "autoUv": false },
										"south": { "texture": "#shoes", "uv": [ 3.0, 8.0, 3.5, 9.5 ], "autoUv": false, "windMode": [-1,-1,-1,-1] },
										"west": { "texture": "#shoes", "uv": [ 1.5, 2.0, 4.5, 3.5 ], "autoUv": false, "windMode": [-1,-1,-1,-1] },
										"up": { "texture": "#shoes", "uv": [ 0.0, 8.0, 3.0, 8.5 ], "rotation": 270, "autoUv": false },
										"down": { "texture": "#shoes", "uv": [ 0.0, 8.0, 3.0, 8.5 ], "rotation": 90, "autoUv": false, "windMode": [-1,-1,-1,-1] }
									}
								}
							]
						},
						{
							"name": "front 1",
							"from": [ 0.0, 0.0, 0.0 ],
							"to": [ 0.15, 1.125, 2.4 ],
							"uv": [ 7.0, 1.5 ],
							"rotationOrigin": [ 0.15, 0.0, 0.0 ],
							"rotationZ": 8.0,
							"faces": {
								"north": { "texture": "#shoes", "uv": [ 7.0, 17.5, 7.5, 19.0 ], "autoUv": false },
								"east": { "texture": "#shoes", "uv": [ 7.0, 1.5, 10.0, 3.0 ], "autoUv": false },
								"south": { "texture": "#shoes", "uv": [ 7.5, 17.5, 8.0, 19.0 ], "autoUv": false },
								"west": { "texture": "#shoes", "uv": [ 7.0, 17.5, 10.0, 19.0 ], "autoUv": false },
								"up": { "texture": "#shoes", "uv": [ 7.0, 16.0, 10.0, 16.5 ], "rotation": 90, "autoUv": false }
							},
							"children": [
								{
									"name": "RfrontFrill",
									"from": [ -0.225, 1.125, 0.0 ],
									"to": [ 0.3, 2.25, 2.4 ],
									"uv": [ 2.5, 1.5 ],
									"rotationOrigin": [ 0.0, 1.875, 0.0 ],
									"faces": {
										"north": { "texture": "#shoes", "uv": [ 7.5, 16.0, 8.0, 17.5 ], "autoUv": false, "windMode": [-1,-1,-1,-1] },
										"east": { "texture": "#shoes", "uv": [ 2.5, 1.5, 5.5, 3.0 ], "autoUv": false, "windMode": [-1,-1,-1,-1] },
										"south": { "texture": "#shoes", "uv": [ 10.0, 16.0, 10.5, 17.5 ], "autoUv": false, "windMode": [-1,-1,-1,-1] },
										"west": { "texture": "#shoes", "uv": [ 7.0, 16.0, 10.0, 17.5 ], "autoUv": false, "windMode": [-1,-1,-1,-1] },
										"up": { "texture": "#shoes", "uv": [ 7.0, 16.0, 10.0, 16.5 ], "rotation": 90, "autoUv": false },
										"down": { "texture": "#shoes", "uv": [ 7.0, 17.0, 10.0, 17.5 ], "rotation": 90, "autoUv": false, "windMode": [-1,-1,-1,-1] }
									}
								}
							]
						}
					]
				},
				{
					"name": "Cube2",
					"from": [ 0.0, 3.75, 0.0 ],
					"to": [ 3.15, 6.0, 2.4 ],
					"unwrapMode": 1,
					"uv": [ 0.0, 16.0 ],
					"rotationOrigin": [ 0.0, 3.75, 0.0 ],
					"faces": {
						"north": { "texture": "#shoes", "uv": [ 3.0, 16.0, 7.0, 19.0 ], "autoUv": false },
						"east": { "texture": "#shoes", "uv": [ 0.0, 16.0, 3.0, 19.0 ], "autoUv": false },
						"south": { "texture": "#shoes", "uv": [ 10.0, 16.0, 14.0, 19.0 ], "autoUv": false },
						"west": { "texture": "#shoes", "uv": [ 7.0, 16.0, 10.0, 19.0 ], "autoUv": false }
					}
				}
			]
		},
		{
			"name": "shoe L",
			"stepParentName": "LowerFootL",
			"from": [ -0.075, -0.075, -0.075 ],
			"to": [ 3.075, 3.675, 2.325 ],
			"autoUnwrap": false,
			"uv": [ 0.0, 0.5 ],
			"rotationOrigin": [ -0.075, -0.075, -0.075 ],
			"faces": {
				"north": { "texture": "#shoes", "uv": [ 0.0, 11.0, 4.0, 16.0 ], "autoUv": false },
				"east": { "texture": "#shoes", "uv": [ 11.0, 11.0, 14.0, 16.0 ], "autoUv": false },
				"south": { "texture": "#shoes", "uv": [ 7.0, 11.0, 11.0, 16.0 ], "autoUv": false },
				"west": { "texture": "#shoes", "uv": [ 4.0, 11.0, 7.0, 16.0 ], "autoUv": false },
				"up": { "texture": "#shoes", "uv": [ 11.0, 0.5, 15.0, 3.5 ], "autoUv": false },
				"down": { "texture": "#shoes", "uv": [ 4.0, 4.0, 7.0, 8.0 ], "rotation": 90, "autoUv": false }
			},
			"children": [
				{
					"name": "hideshoeL",
					"from": [ 0.0, 3.75, 0.0 ],
					"to": [ 3.15, 6.0, 2.4 ],
					"uv": [ 0.0, 0.0 ],
					"rotationOrigin": [ 0.0, 3.75, 0.0 ],
					"faces": {
					},
					"children": [
						{
							"name": "N fold 23",
							"from": [ 0.0, 0.0, 0.0 ],
							"to": [ 3.15, 1.125, 0.15 ],
							"uv": [ 0.0, 1.0 ],
							"rotationOrigin": [ 0.0, 0.0, 0.15 ],
							"rotationX": -8.0,
							"faces": {
								"north": { "texture": "#shoes", "uv": [ 0.0, 9.5, 4.0, 11.0 ], "autoUv": false },
								"east": { "texture": "#shoes", "uv": [ 0.0, 9.5, 0.5, 11.0 ], "autoUv": false },
								"south": { "texture": "#shoes", "uv": [ 0.0, 1.0, 4.0, 2.5 ], "autoUv": false },
								"west": { "texture": "#shoes", "uv": [ 3.5, 9.5, 4.0, 11.0 ], "autoUv": false },
								"up": { "texture": "#shoes", "uv": [ 0.0, 8.0, 4.0, 8.5 ], "autoUv": false }
							},
							"children": [
								{
									"name": "LfoldN",
									"from": [ 0.0, 1.125, -0.075 ],
									"to": [ 3.15, 2.25, 0.45 ],
									"uv": [ 0.0, 1.5 ],
									"rotationOrigin": [ 0.0, 1.875, 0.15 ],
									"faces": {
										"north": { "texture": "#shoes", "uv": [ 0.0, 8.0, 4.0, 9.5 ], "autoUv": false },
										"east": { "texture": "#shoes", "uv": [ 0.0, 8.0, 0.5, 9.5 ], "autoUv": false, "windMode": [-1,-1,-1,-1] },
										"south": { "texture": "#shoes", "uv": [ 4.5, 1.5, 8.5, 3.0 ], "autoUv": false, "windMode": [-1,-1,-1,-1] },
										"west": { "texture": "#shoes", "uv": [ 3.5, 8.0, 4.0, 9.5 ], "autoUv": false, "windMode": [-1,-1,-1,-1] },
										"up": { "texture": "#shoes", "uv": [ 0.0, 8.0, 4.0, 8.5 ], "autoUv": false },
										"down": { "texture": "#shoes", "uv": [ 0.0, 8.0, 4.0, 8.5 ], "autoUv": false, "windMode": [-1,-1,-1,-1] }
									}
								}
							]
						},
						{
							"name": "S fold 24",
							"from": [ 0.0, 0.0, 2.25 ],
							"to": [ 3.15, 1.125, 2.4 ],
							"uv": [ 4.5, 0.5 ],
							"rotationOrigin": [ 0.0, 0.0, 2.25 ],
							"rotationX": 8.0,
							"faces": {
								"north": { "texture": "#shoes", "uv": [ 4.5, 0.5, 8.5, 2.0 ], "autoUv": false },
								"east": { "texture": "#shoes", "uv": [ 10.5, 9.5, 11.0, 11.0 ], "autoUv": false },
								"south": { "texture": "#shoes", "uv": [ 7.0, 9.5, 11.0, 11.0 ], "autoUv": false },
								"west": { "texture": "#shoes", "uv": [ 7.0, 9.5, 7.5, 11.0 ], "autoUv": false },
								"up": { "texture": "#shoes", "uv": [ 7.0, 8.0, 11.0, 8.5 ], "autoUv": false }
							},
							"children": [
								{
									"name": "S frill",
									"from": [ -0.075, 1.125, -0.225 ],
									"to": [ 3.3, 2.25, 0.3 ],
									"uv": [ 3.0, 1.5 ],
									"rotationOrigin": [ -0.075, 1.875, -0.225 ],
									"faces": {
										"north": { "texture": "#shoes", "uv": [ 3.0, 1.5, 7.5, 3.0 ], "autoUv": false, "windMode": [-1,-1,-1,-1] },
										"east": { "texture": "#shoes", "uv": [ 6.0, 8.0, 6.5, 9.5 ], "autoUv": false, "windMode": [-1,-1,-1,-1] },
										"south": { "texture": "#shoes", "uv": [ 7.0, 8.0, 11.5, 9.5 ], "autoUv": false },
										"west": { "texture": "#shoes", "uv": [ 7.0, 8.0, 7.5, 9.5 ], "autoUv": false, "windMode": [-1,-1,-1,-1] },
										"up": { "texture": "#shoes", "uv": [ 7.0, 8.0, 11.5, 8.5 ], "autoUv": false },
										"down": { "texture": "#shoes", "uv": [ 7.0, 9.0, 11.5, 9.5 ], "autoUv": false, "windMode": [-1,-1,-1,-1] }
									}
								}
							]
						},
						{
							"name": "Lback fold 25",
							"from": [ 3.0, 0.0, 0.0 ],
							"to": [ 3.15, 1.125, 2.4 ],
							"uv": [ 6.5, 2.5 ],
							"rotationOrigin": [ 3.0, 0.0, 0.0 ],
							"rotationZ": -7.0,
							"faces": {
								"north": { "texture": "#shoes", "uv": [ 13.5, 9.5, 14.0, 11.0 ], "autoUv": false },
								"east": { "texture": "#shoes", "uv": [ 11.0, 9.5, 14.0, 11.0 ], "autoUv": false },
								"south": { "texture": "#shoes", "uv": [ 11.0, 9.5, 11.5, 11.0 ], "autoUv": false },
								"west": { "texture": "#shoes", "uv": [ 6.5, 2.5, 9.5, 4.0 ], "autoUv": false },
								"up": { "texture": "#shoes", "uv": [ 11.0, 8.0, 14.0, 8.5 ], "rotation": 270, "autoUv": false }
							},
							"children": [
								{
									"name": "Lback frill",
									"from": [ -0.225, 1.125, 0.0 ],
									"to": [ 0.3, 2.25, 2.4 ],
									"uv": [ 4.5, 0.5 ],
									"rotationOrigin": [ -0.225, 1.875, 0.0 ],
									"faces": {
										"north": { "texture": "#shoes", "uv": [ 11.5, 16.0, 12.0, 17.5 ], "autoUv": false, "windMode": [-1,-1,-1,-1] },
										"east": { "texture": "#shoes", "uv": [ 11.0, 8.0, 14.0, 9.5 ], "autoUv": false, "windMode": [-1,-1,-1,-1] },
										"south": { "texture": "#shoes", "uv": [ 13.5, 16.0, 14.0, 17.5 ], "autoUv": false, "windMode": [-1,-1,-1,-1] },
										"west": { "texture": "#shoes", "uv": [ 4.5, 0.5, 7.5, 2.0 ], "autoUv": false, "windMode": [-1,-1,-1,-1] },
										"up": { "texture": "#shoes", "uv": [ 11.0, 8.0, 14.0, 8.5 ], "rotation": 270, "autoUv": false },
										"down": { "texture": "#shoes", "uv": [ 11.0, 9.0, 14.0, 9.5 ], "rotation": 90, "autoUv": false, "windMode": [-1,-1,-1,-1] }
									}
								}
							]
						},
						{
							"name": "front fold 26",
							"from": [ 0.0, 0.0, 0.0 ],
							"to": [ 0.15, 1.125, 2.4 ],
							"uv": [ 4.0, 2.5 ],
							"rotationOrigin": [ 0.15, 0.0, 0.0 ],
							"rotationZ": 8.0,
							"faces": {
								"north": { "texture": "#shoes", "uv": [ 4.0, 9.5, 4.5, 11.0 ], "autoUv": false },
								"east": { "texture": "#shoes", "uv": [ 7.0, 2.5, 10.0, 4.0 ], "autoUv": false },
								"south": { "texture": "#shoes", "uv": [ 6.0, 9.5, 6.5, 11.0 ], "autoUv": false },
								"west": { "texture": "#shoes", "uv": [ 4.0, 9.5, 7.0, 11.0 ], "autoUv": false },
								"up": { "texture": "#shoes", "uv": [ 4.0, 8.0, 7.0, 8.5 ], "rotation": 90, "autoUv": false }
							},
							"children": [
								{
									"name": "front fold 30",
									"from": [ -0.225, 1.125, 0.0 ],
									"to": [ 0.3, 2.25, 2.4 ],
									"uv": [ 1.5, 1.5 ],
									"rotationOrigin": [ 0.0, 1.875, 0.0 ],
									"faces": {
										"north": { "texture": "#shoes", "uv": [ 1.5, 8.0, 2.0, 9.5 ], "autoUv": false, "windMode": [-1,-1,-1,-1] },
										"east": { "texture": "#shoes", "uv": [ 2.0, 1.5, 5.0, 3.0 ], "autoUv": false, "windMode": [-1,-1,-1,-1] },
										"south": { "texture": "#shoes", "uv": [ 1.5, 8.0, 2.0, 9.5 ], "autoUv": false, "windMode": [-1,-1,-1,-1] },
										"west": { "texture": "#shoes", "uv": [ 4.0, 8.0, 7.0, 9.5 ], "autoUv": false },
										"up": { "texture": "#shoes", "uv": [ 4.0, 8.0, 7.0, 8.5 ], "rotation": 90, "autoUv": false },
										"down": { "texture": "#shoes", "uv": [ 4.0, 9.0, 7.0, 9.5 ], "rotation": 90, "autoUv": false, "windMode": [-1,-1,-1,-1] }
									}
								}
							]
						}
					]
				},
				{
					"name": "showshoeL",
					"from": [ 0.0, 3.75, 0.0 ],
					"to": [ 3.15, 6.0, 2.4 ],
					"uv": [ 0.0, 8.0 ],
					"rotationOrigin": [ 0.0, 3.75, 0.0 ],
					"faces": {
						"north": { "texture": "#shoes", "uv": [ 0.0, 8.0, 4.0, 11.0 ], "autoUv": false, "windMode": [-1,-1,-1,-1] },
						"east": { "texture": "#shoes", "uv": [ 4.0, 8.0, 7.0, 11.0 ], "autoUv": false, "windMode": [-1,-1,-1,-1] },
						"south": { "texture": "#shoes", "uv": [ 7.0, 8.0, 11.0, 11.0 ], "autoUv": false, "windMode": [-1,-1,-1,-1] },
						"west": { "texture": "#shoes", "uv": [ 11.0, 8.0, 14.0, 11.0 ], "autoUv": false, "windMode": [-1,-1,-1,-1] }
					}
				}
			]
		}
	]}