{
	"editor": {
		"backDropShape": "entity/humanoid/seraph",
		"collapsedPaths": "Root/shoe R/hideshoeR/N fold 20,Root/shoe L/LacesR1,Root/shoe L/LacesL1,Root/shoe L/front16,Root/shoe L",
		"allAngles": true,
		"entityTextureMode": true
	},
	"textureWidth": 16,
	"textureHeight": 20,
	"textureSizes": {
		"shoes": [16,20]
	},
	"textures": {
	},
	"elements": [
		{
			"name": "shoe R",
			"stepParentName": "LowerFootR",
			"from": [ -0.075, -0.075, -0.075 ],
			"to": [ 3.075, 2.925, 2.325 ],
			"uv": [ 0.0, 0.0 ],
			"rotationOrigin": [ -0.075, -0.075, -0.075 ],
			"faces": {
				"north": { "texture": "#shoes", "uv": [ 3.0, 16.0, 7.0, 20.0 ], "autoUv": false },
				"east": { "texture": "#shoes", "uv": [ 0.0, 16.0, 3.0, 20.0 ], "autoUv": false },
				"south": { "texture": "#shoes", "uv": [ 10.0, 16.0, 14.0, 20.0 ], "autoUv": false },
				"west": { "texture": "#shoes", "uv": [ 7.0, 16.0, 10.0, 20.0 ], "autoUv": false },
				"up": { "texture": "#shoes", "uv": [ 13.0, 0.0, 16.0, 4.0 ], "rotation": 90, "autoUv": false, "windMode": [-1,-1,-1,-1] },
				"down": { "texture": "#shoes", "uv": [ 0.0, 4.0, 3.0, 8.0 ], "rotation": 90, "autoUv": false }
			},
			"children": [
				{
					"name": "hideshoeR",
					"from": [ 0.0, 3.0, 0.0 ],
					"to": [ 0.75, 3.75, 0.75 ],
					"uv": [ 0.0, 0.0 ],
					"rotationOrigin": [ 0.0, 3.0, 0.0 ],
					"faces": {
					},
					"children": [
						{
							"name": "N fold 20",
							"from": [ 0.0, 0.0, 0.0 ],
							"to": [ 3.15, 0.375, 0.15 ],
							"unwrapMode": 4,
							"autoUnwrap": false,
							"uv": [ 2.5, 14.5 ],
							"rotationOrigin": [ 0.0, 0.0, 0.15 ],
							"rotationX": -8.0,
							"faces": {
								"north": { "texture": "#shoes", "uv": [ 3.0, 15.5, 7.0, 16.0 ], "autoUv": false },
								"east": { "texture": "#shoes", "uv": [ 7.0, 15.5, 7.5, 16.0 ], "autoUv": false },
								"south": { "texture": "#shoes", "uv": [ 5.5, 0.5, 9.5, 1.0 ], "autoUv": false },
								"west": { "texture": "#shoes", "uv": [ 2.5, 15.5, 3.0, 16.0 ], "autoUv": false }
							},
							"children": [
								{
									"name": "N fold 21",
									"from": [ 0.0, 0.375, 0.0 ],
									"to": [ 3.15, 0.75, 0.15 ],
									"uv": [ 2.5, 2.0 ],
									"rotationOrigin": [ 0.0, 0.375, 0.15 ],
									"faces": {
										"north": { "texture": "#shoes", "uv": [ 3.0, 15.0, 7.0, 15.5 ], "autoUv": false },
										"east": { "texture": "#shoes", "uv": [ 3.0, 15.0, 3.5, 15.5 ], "autoUv": false },
										"south": { "texture": "#shoes", "uv": [ 9.5, 2.0, 13.5, 2.5 ], "autoUv": false },
										"west": { "texture": "#shoes", "uv": [ 6.5, 15.0, 7.0, 15.5 ], "autoUv": false },
										"up": { "texture": "#shoes", "uv": [ 2.5, 15.0, 6.5, 15.5 ], "autoUv": false }
									}
								}
							]
						},
						{
							"name": "S fold 21",
							"from": [ 0.825, 0.0, 2.25 ],
							"to": [ 3.15, 0.375, 2.4 ],
							"uv": [ 7.0, 1.5 ],
							"rotationOrigin": [ 0.825, 0.0, 2.25 ],
							"rotationX": 8.0,
							"faces": {
								"north": { "texture": "#shoes", "uv": [ 7.0, 1.5, 10.0, 2.0 ], "autoUv": false },
								"east": { "texture": "#shoes", "uv": [ 13.5, 12.0, 14.0, 12.5 ], "autoUv": false },
								"south": { "texture": "#shoes", "uv": [ 11.0, 15.5, 14.0, 16.0 ], "autoUv": false },
								"west": { "texture": "#shoes", "uv": [ 9.5, 12.0, 10.0, 12.5 ], "autoUv": false },
								"up": { "texture": "#shoes", "uv": [ 11.0, 15.5, 14.0, 16.0 ], "autoUv": false }
							},
							"children": [
								{
									"name": "S fold 22",
									"from": [ 0.0, 0.375, 0.0 ],
									"to": [ 1.2, 0.75, 0.15 ],
									"uv": [ 7.0, 1.5 ],
									"rotationOrigin": [ 0.0, 0.375, 0.0 ],
									"faces": {
										"north": { "texture": "#shoes", "uv": [ 7.0, 1.5, 8.5, 2.0 ], "autoUv": false },
										"east": { "texture": "#shoes", "uv": [ 12.0, 15.0, 12.5, 15.5 ], "autoUv": false },
										"south": { "texture": "#shoes", "uv": [ 11.0, 15.0, 12.5, 15.5 ], "autoUv": false },
										"west": { "texture": "#shoes", "uv": [ 11.0, 15.0, 11.5, 15.5 ], "autoUv": false },
										"up": { "texture": "#shoes", "uv": [ 11.0, 15.0, 12.5, 15.5 ], "autoUv": false }
									}
								},
								{
									"name": "S fold 23",
									"from": [ -0.825, 0.0, 0.0 ],
									"to": [ -0.45, 0.375, 0.15 ],
									"uv": [ 7.0, 1.5 ],
									"rotationOrigin": [ -0.825, 0.0, 0.0 ],
									"faces": {
										"north": { "texture": "#shoes", "uv": [ 7.0, 1.5, 7.5, 2.0 ], "autoUv": false },
										"east": { "texture": "#shoes", "uv": [ 10.0, 15.5, 10.5, 16.0 ], "autoUv": false },
										"south": { "texture": "#shoes", "uv": [ 10.0, 15.5, 10.5, 16.0 ], "autoUv": false },
										"west": { "texture": "#shoes", "uv": [ 10.0, 15.5, 10.5, 16.0 ], "autoUv": false },
										"up": { "texture": "#shoes", "uv": [ 10.0, 15.5, 10.5, 16.0 ], "autoUv": false }
									}
								},
								{
									"name": "S fold 27",
									"from": [ 1.575, 0.375, 0.0 ],
									"to": [ 2.325, 0.75, 0.15 ],
									"uv": [ 7.0, 1.5 ],
									"rotationOrigin": [ 1.575, 0.375, 0.0 ],
									"faces": {
										"north": { "texture": "#shoes", "uv": [ 7.0, 1.5, 8.0, 2.0 ], "autoUv": false },
										"east": { "texture": "#shoes", "uv": [ 13.0, 15.0, 13.5, 15.5 ], "autoUv": false },
										"south": { "texture": "#shoes", "uv": [ 13.0, 15.0, 14.0, 15.5 ], "autoUv": false },
										"west": { "texture": "#shoes", "uv": [ 13.5, 15.0, 14.0, 15.5 ], "autoUv": false },
										"up": { "texture": "#shoes", "uv": [ 13.0, 15.0, 14.0, 15.5 ], "autoUv": false }
									}
								}
							]
						},
						{
							"name": "back fold 1",
							"from": [ 3.0, 0.0, 0.0 ],
							"to": [ 3.15, 0.375, 2.4 ],
							"uv": [ 0.0, 2.0 ],
							"rotationOrigin": [ 3.0, 0.0, 0.0 ],
							"rotationZ": -7.0,
							"faces": {
								"north": { "texture": "#shoes", "uv": [ 2.5, 15.5, 3.0, 16.0 ], "autoUv": false },
								"east": { "texture": "#shoes", "uv": [ 0.0, 9.5, 3.0, 10.0 ], "autoUv": false },
								"south": { "texture": "#shoes", "uv": [ 0.0, 15.5, 0.5, 16.0 ], "autoUv": false },
								"west": { "texture": "#shoes", "uv": [ 0.0, 2.0, 3.0, 2.5 ], "autoUv": false },
								"up": { "texture": "#shoes", "uv": [ 0.0, 9.5, 3.0, 10.0 ], "rotation": 270, "autoUv": false }
							},
							"children": [
								{
									"name": "back fold 2",
									"from": [ 0.0, 0.375, 0.0 ],
									"to": [ 0.15, 0.75, 0.825 ],
									"uv": [ 2.0, 1.5 ],
									"rotationOrigin": [ 0.0, 0.375, 0.0 ],
									"faces": {
										"north": { "texture": "#shoes", "uv": [ 2.5, 9.0, 3.0, 9.5 ], "autoUv": false },
										"east": { "texture": "#shoes", "uv": [ 2.0, 9.0, 3.0, 9.5 ], "autoUv": false },
										"south": { "texture": "#shoes", "uv": [ 2.0, 9.0, 2.5, 9.5 ], "autoUv": false },
										"west": { "texture": "#shoes", "uv": [ 7.0, 1.5, 8.0, 2.0 ], "autoUv": false },
										"up": { "texture": "#shoes", "uv": [ 2.0, 9.0, 3.0, 9.5 ], "rotation": 270, "autoUv": false }
									}
								},
								{
									"name": "back fold 3",
									"from": [ 0.0, 0.375, 1.575 ],
									"to": [ 0.15, 0.75, 2.4 ],
									"uv": [ 0.0, 1.5 ],
									"rotationOrigin": [ 0.0, 0.375, 1.575 ],
									"faces": {
										"north": { "texture": "#shoes", "uv": [ 0.0, 9.0, 0.5, 9.5 ], "autoUv": false },
										"east": { "texture": "#shoes", "uv": [ 0.0, 9.0, 1.0, 9.5 ], "autoUv": false },
										"south": { "texture": "#shoes", "uv": [ 0.5, 9.0, 1.0, 9.5 ], "autoUv": false },
										"west": { "texture": "#shoes", "uv": [ 7.0, 1.5, 8.0, 2.0 ], "autoUv": false },
										"up": { "texture": "#shoes", "uv": [ 0.0, 9.0, 1.0, 9.5 ], "rotation": 270, "autoUv": false }
									}
								}
							]
						},
						{
							"name": "front 1",
							"from": [ 0.0, 0.0, 0.0 ],
							"to": [ 0.15, 0.375, 0.825 ],
							"uv": [ 7.0, 1.0 ],
							"rotationOrigin": [ 0.15, 0.0, 0.0 ],
							"rotationZ": 8.0,
							"faces": {
								"north": { "texture": "#shoes", "uv": [ 7.0, 15.5, 7.5, 16.0 ], "autoUv": false },
								"east": { "texture": "#shoes", "uv": [ 7.5, 1.0, 8.5, 1.5 ], "autoUv": false },
								"south": { "texture": "#shoes", "uv": [ 7.5, 15.5, 8.0, 16.0 ], "autoUv": false },
								"west": { "texture": "#shoes", "uv": [ 7.0, 15.5, 8.0, 16.0 ], "autoUv": false },
								"up": { "texture": "#shoes", "uv": [ 7.0, 15.5, 8.0, 16.0 ], "rotation": 90, "autoUv": false }
							},
							"children": [
								{
									"name": "front 2",
									"from": [ 0.0, 0.0, 1.2 ],
									"to": [ 0.15, 0.375, 1.575 ],
									"uv": [ 7.5, 1.0 ],
									"rotationOrigin": [ 0.15, 0.0, 1.2 ],
									"faces": {
										"north": { "texture": "#shoes", "uv": [ 8.5, 15.5, 9.0, 16.0 ], "autoUv": false },
										"east": { "texture": "#shoes", "uv": [ 7.5, 1.0, 8.0, 1.5 ], "autoUv": false },
										"south": { "texture": "#shoes", "uv": [ 8.5, 15.5, 9.0, 16.0 ], "autoUv": false },
										"west": { "texture": "#shoes", "uv": [ 8.5, 15.5, 9.0, 16.0 ], "autoUv": false },
										"up": { "texture": "#shoes", "uv": [ 8.5, 15.5, 9.0, 16.0 ], "rotation": 90, "autoUv": false }
									}
								},
								{
									"name": "front 3",
									"from": [ 0.0, 0.0, 2.025 ],
									"to": [ 0.15, 0.375, 2.4 ],
									"uv": [ 7.5, 1.0 ],
									"rotationOrigin": [ 0.15, 0.0, 2.025 ],
									"faces": {
										"north": { "texture": "#shoes", "uv": [ 9.5, 15.5, 10.0, 16.0 ], "autoUv": false },
										"east": { "texture": "#shoes", "uv": [ 7.5, 1.0, 8.0, 1.5 ], "autoUv": false },
										"south": { "texture": "#shoes", "uv": [ 9.5, 15.5, 10.0, 16.0 ], "autoUv": false },
										"west": { "texture": "#shoes", "uv": [ 9.5, 15.5, 10.0, 16.0 ], "autoUv": false },
										"up": { "texture": "#shoes", "uv": [ 9.5, 15.5, 10.0, 16.0 ], "rotation": 90, "autoUv": false }
									}
								},
								{
									"name": "front 4",
									"from": [ 0.0, 0.375, 0.0 ],
									"to": [ 0.15, 0.75, 1.2 ],
									"uv": [ 7.0, 1.0 ],
									"rotationOrigin": [ 0.15, 0.375, 0.0 ],
									"faces": {
										"north": { "texture": "#shoes", "uv": [ 7.0, 15.0, 7.5, 15.5 ], "autoUv": false, "windMode": [-1,-1,-1,-1] },
										"east": { "texture": "#shoes", "uv": [ 7.5, 1.0, 9.0, 1.5 ], "autoUv": false },
										"south": { "texture": "#shoes", "uv": [ 8.0, 15.0, 8.5, 15.5 ], "autoUv": false },
										"west": { "texture": "#shoes", "uv": [ 7.0, 15.0, 8.5, 15.5 ], "autoUv": false },
										"up": { "texture": "#shoes", "uv": [ 7.0, 15.0, 8.5, 15.5 ], "rotation": 90, "autoUv": false },
										"down": { "texture": "#shoes", "uv": [ 7.0, 15.0, 8.5, 15.5 ], "rotation": 90, "autoUv": false, "windMode": [-1,-1,-1,-1] }
									}
								}
							]
						}
					]
				},
				{
					"name": "showshoeR",
					"from": [ 0.0, 3.0, 0.0 ],
					"to": [ 3.15, 3.75, 2.4 ],
					"unwrapMode": 4,
					"autoUnwrap": false,
					"uv": [ 3.0, 15.0 ],
					"rotationOrigin": [ 0.0, 3.0, 0.0 ],
					"faces": {
						"north": { "texture": "#shoes", "uv": [ 3.0, 15.0, 7.0, 16.0 ], "autoUv": false },
						"east": { "texture": "#shoes", "uv": [ 0.0, 15.0, 3.0, 16.0 ], "autoUv": false },
						"south": { "texture": "#shoes", "uv": [ 10.0, 15.0, 14.0, 16.0 ], "autoUv": false },
						"west": { "texture": "#shoes", "uv": [ 7.0, 15.0, 10.0, 16.0 ], "autoUv": false }
					}
				}
			]
		},
		{
			"name": "shoe L",
			"stepParentName": "LowerFootL",
			"from": [ -0.075, -0.075, -0.075 ],
			"to": [ 3.075, 2.925, 2.325 ],
			"uv": [ 0.0, 0.0 ],
			"rotationOrigin": [ -0.075, -0.075, -0.075 ],
			"faces": {
				"north": { "texture": "#shoes", "uv": [ 0.0, 10.0, 4.0, 14.0 ], "autoUv": false },
				"east": { "texture": "#shoes", "uv": [ 11.0, 10.0, 14.0, 14.0 ], "autoUv": false },
				"south": { "texture": "#shoes", "uv": [ 7.0, 10.0, 11.0, 14.0 ], "autoUv": false },
				"west": { "texture": "#shoes", "uv": [ 4.0, 10.0, 7.0, 14.0 ], "autoUv": false },
				"up": { "texture": "#shoes", "uv": [ 13.0, 0.0, 16.0, 4.0 ], "rotation": 90, "autoUv": false },
				"down": { "texture": "#shoes", "uv": [ 4.0, 4.0, 7.0, 8.0 ], "rotation": 90, "autoUv": false }
			},
			"children": [
				{
					"name": "hideshoeL",
					"from": [ 0.0, 3.0, 0.0 ],
					"to": [ 0.75, 3.75, 0.75 ],
					"uv": [ 0.0, 0.0 ],
					"rotationOrigin": [ 0.0, 3.0, 0.0 ],
					"faces": {
					},
					"children": [
						{
							"name": "N fold 23",
							"from": [ 0.0, 0.0, 0.0 ],
							"to": [ 3.15, 0.375, 0.15 ],
							"uv": [ 0.0, 1.0 ],
							"rotationOrigin": [ 0.0, 0.0, 0.15 ],
							"rotationX": -8.0,
							"faces": {
								"north": { "texture": "#shoes", "uv": [ 0.0, 9.5, 4.0, 10.0 ], "autoUv": false },
								"east": { "texture": "#shoes", "uv": [ 0.0, 9.5, 0.5, 10.0 ], "autoUv": false },
								"south": { "texture": "#shoes", "uv": [ 0.0, 1.0, 4.0, 1.5 ], "autoUv": false },
								"west": { "texture": "#shoes", "uv": [ 3.5, 9.5, 4.0, 10.0 ], "autoUv": false },
								"up": { "texture": "#shoes", "uv": [ 0.0, 9.5, 4.0, 10.0 ], "autoUv": false }
							},
							"children": [
								{
									"name": "N fold 24",
									"from": [ 0.375, 0.375, 0.0 ],
									"to": [ 3.15, 0.75, 0.15 ],
									"uv": [ 0.0, 1.0 ],
									"rotationOrigin": [ 0.375, 0.375, 0.15 ],
									"faces": {
										"north": { "texture": "#shoes", "uv": [ 0.0, 9.0, 3.5, 9.5 ], "autoUv": false },
										"east": { "texture": "#shoes", "uv": [ 0.0, 9.0, 0.5, 9.5 ], "autoUv": false },
										"south": { "texture": "#shoes", "uv": [ 0.0, 1.0, 3.5, 1.5 ], "autoUv": false },
										"west": { "texture": "#shoes", "uv": [ 3.0, 9.0, 3.5, 9.5 ], "autoUv": false },
										"up": { "texture": "#shoes", "uv": [ 0.0, 9.0, 3.5, 9.5 ], "autoUv": false }
									}
								}
							]
						},
						{
							"name": "S fold 24",
							"from": [ 0.0, 0.0, 2.25 ],
							"to": [ 3.15, 0.375, 2.4 ],
							"uv": [ 7.0, 2.0 ],
							"rotationOrigin": [ 0.0, 0.0, 2.25 ],
							"rotationX": 8.0,
							"faces": {
								"north": { "texture": "#shoes", "uv": [ 9.5, 2.0, 13.5, 2.5 ], "autoUv": false },
								"east": { "texture": "#shoes", "uv": [ 10.0, 9.5, 10.5, 10.0 ], "autoUv": false },
								"south": { "texture": "#shoes", "uv": [ 7.0, 9.5, 11.0, 10.0 ], "autoUv": false },
								"west": { "texture": "#shoes", "uv": [ 7.0, 9.5, 7.5, 10.0 ], "autoUv": false },
								"up": { "texture": "#shoes", "uv": [ 7.0, 9.5, 11.0, 10.0 ], "autoUv": false }
							},
							"children": [
								{
									"name": "S fold 25",
									"from": [ 0.375, 0.375, 0.0 ],
									"to": [ 1.575, 0.75, 0.15 ],
									"uv": [ 7.5, 2.0 ],
									"rotationOrigin": [ 0.375, 0.375, 0.0 ],
									"faces": {
										"north": { "texture": "#shoes", "uv": [ 9.5, 2.0, 11.0, 2.5 ], "autoUv": false },
										"east": { "texture": "#shoes", "uv": [ 7.5, 9.0, 8.0, 9.5 ], "autoUv": false },
										"south": { "texture": "#shoes", "uv": [ 7.5, 9.0, 9.0, 9.5 ], "autoUv": false },
										"west": { "texture": "#shoes", "uv": [ 8.5, 9.0, 9.0, 9.5 ], "autoUv": false },
										"up": { "texture": "#shoes", "uv": [ 7.5, 9.0, 9.0, 9.5 ], "autoUv": false }
									}
								},
								{
									"name": "S fold 26",
									"from": [ 2.025, 0.375, 0.0 ],
									"to": [ 3.15, 0.75, 0.15 ],
									"uv": [ 9.5, 2.0 ],
									"rotationOrigin": [ 2.025, 0.375, 0.0 ],
									"faces": {
										"north": { "texture": "#shoes", "uv": [ 9.5, 2.0, 11.0, 2.5 ], "autoUv": false },
										"east": { "texture": "#shoes", "uv": [ 12.0, 9.0, 12.5, 9.5 ], "autoUv": false },
										"south": { "texture": "#shoes", "uv": [ 9.5, 9.0, 11.0, 9.5 ], "autoUv": false },
										"west": { "texture": "#shoes", "uv": [ 10.5, 9.0, 11.0, 9.5 ], "autoUv": false },
										"up": { "texture": "#shoes", "uv": [ 9.5, 9.0, 11.0, 9.5 ], "autoUv": false }
									}
								}
							]
						},
						{
							"name": "back fold 25",
							"from": [ 3.0, 0.0, 0.0 ],
							"to": [ 3.15, 0.375, 2.4 ],
							"uv": [ 6.5, 2.5 ],
							"rotationOrigin": [ 3.0, 0.0, 0.0 ],
							"rotationZ": -7.0,
							"faces": {
								"north": { "texture": "#shoes", "uv": [ 13.5, 9.5, 14.0, 10.0 ], "autoUv": false },
								"east": { "texture": "#shoes", "uv": [ 11.0, 9.5, 14.0, 10.0 ], "autoUv": false },
								"south": { "texture": "#shoes", "uv": [ 11.0, 9.5, 11.5, 10.0 ], "autoUv": false },
								"west": { "texture": "#shoes", "uv": [ 6.5, 2.5, 9.5, 3.0 ], "autoUv": false },
								"up": { "texture": "#shoes", "uv": [ 11.0, 9.5, 14.0, 10.0 ], "rotation": 270, "autoUv": false }
							},
							"children": [
								{
									"name": "back fold 26",
									"from": [ 0.0, 0.375, 0.0 ],
									"to": [ 0.15, 0.75, 1.575 ],
									"uv": [ 0.0, 0.0 ],
									"rotationOrigin": [ 0.0, 0.375, 0.0 ],
									"faces": {
										"north": { "texture": "#shoes", "uv": [ 13.5, 9.0, 14.0, 9.5 ], "autoUv": false },
										"east": { "texture": "#shoes", "uv": [ 12.0, 9.0, 14.0, 9.5 ], "autoUv": false },
										"south": { "texture": "#shoes", "uv": [ 12.0, 9.0, 12.5, 9.5 ], "autoUv": false },
										"west": { "texture": "#shoes", "uv": [ 0.0, 0.0, 2.0, 0.5 ], "autoUv": false },
										"up": { "texture": "#shoes", "uv": [ 12.0, 9.0, 14.0, 9.5 ], "rotation": 270, "autoUv": false }
									}
								},
								{
									"name": "back fold 27",
									"from": [ 0.0, 0.375, 2.025 ],
									"to": [ 0.15, 0.75, 2.4 ],
									"uv": [ 0.0, 0.0 ],
									"rotationOrigin": [ 0.0, 0.375, 2.025 ],
									"faces": {
										"north": { "texture": "#shoes", "uv": [ 11.0, 9.0, 11.5, 9.5 ], "autoUv": false },
										"east": { "texture": "#shoes", "uv": [ 11.0, 9.0, 11.5, 9.5 ], "autoUv": false },
										"south": { "texture": "#shoes", "uv": [ 11.0, 9.0, 11.5, 9.5 ], "autoUv": false },
										"west": { "texture": "#shoes", "uv": [ 0.0, 0.0, 0.5, 0.5 ], "autoUv": false },
										"up": { "texture": "#shoes", "uv": [ 11.0, 9.0, 11.5, 9.5 ], "rotation": 270, "autoUv": false }
									}
								}
							]
						},
						{
							"name": "front fold 26",
							"from": [ 0.0, 0.0, 0.0 ],
							"to": [ 0.15, 0.375, 2.025 ],
							"uv": [ 4.0, 2.0 ],
							"rotationOrigin": [ 0.15, 0.0, 0.0 ],
							"rotationZ": 8.0,
							"faces": {
								"north": { "texture": "#shoes", "uv": [ 4.0, 9.5, 4.5, 10.0 ], "autoUv": false },
								"east": { "texture": "#shoes", "uv": [ 9.5, 2.0, 12.0, 2.5 ], "autoUv": false },
								"south": { "texture": "#shoes", "uv": [ 6.0, 9.5, 6.5, 10.0 ], "autoUv": false },
								"west": { "texture": "#shoes", "uv": [ 4.0, 9.5, 6.5, 10.0 ], "autoUv": false },
								"up": { "texture": "#shoes", "uv": [ 4.0, 9.5, 6.5, 10.0 ], "rotation": 90, "autoUv": false }
							},
							"children": [
								{
									"name": "front fold 27",
									"from": [ 0.0, 0.375, 1.65 ],
									"to": [ 0.15, 0.75, 2.4 ],
									"uv": [ 6.0, 2.0 ],
									"rotationOrigin": [ 0.15, 0.375, 1.65 ],
									"faces": {
										"north": { "texture": "#shoes", "uv": [ 6.0, 9.0, 6.5, 9.5 ], "autoUv": false },
										"east": { "texture": "#shoes", "uv": [ 9.5, 2.0, 10.5, 2.5 ], "autoUv": false },
										"south": { "texture": "#shoes", "uv": [ 6.5, 9.0, 7.0, 9.5 ], "autoUv": false },
										"west": { "texture": "#shoes", "uv": [ 6.0, 9.0, 7.0, 9.5 ], "autoUv": false },
										"up": { "texture": "#shoes", "uv": [ 6.0, 9.0, 7.0, 9.5 ], "rotation": 90, "autoUv": false }
									}
								},
								{
									"name": "front fold 30",
									"from": [ 0.0, 0.375, 0.0 ],
									"to": [ 0.15, 0.75, 1.2 ],
									"uv": [ 4.0, 2.0 ],
									"rotationOrigin": [ 0.15, 0.375, 0.0 ],
									"faces": {
										"north": { "texture": "#shoes", "uv": [ 4.0, 9.0, 4.5, 9.5 ], "autoUv": false },
										"east": { "texture": "#shoes", "uv": [ 9.5, 2.0, 11.0, 2.5 ], "autoUv": false },
										"south": { "texture": "#shoes", "uv": [ 5.0, 9.0, 5.5, 9.5 ], "autoUv": false },
										"west": { "texture": "#shoes", "uv": [ 4.0, 9.0, 5.5, 9.5 ], "autoUv": false },
										"up": { "texture": "#shoes", "uv": [ 4.0, 9.0, 5.5, 9.5 ], "rotation": 90, "autoUv": false }
									}
								}
							]
						}
					]
				},
				{
					"name": "showshoeL",
					"from": [ 0.0, 3.0, 0.0 ],
					"to": [ 3.15, 3.75, 2.4 ],
					"unwrapMode": 4,
					"uv": [ 0.0, 9.0 ],
					"rotationOrigin": [ 0.0, 3.0, 0.0 ],
					"faces": {
						"north": { "texture": "#shoes", "uv": [ 0.0, 9.0, 4.0, 10.0 ], "autoUv": false },
						"east": { "texture": "#shoes", "uv": [ 11.0, 9.0, 14.0, 10.0 ], "autoUv": false },
						"south": { "texture": "#shoes", "uv": [ 7.0, 9.0, 11.0, 10.0 ], "autoUv": false },
						"west": { "texture": "#shoes", "uv": [ 4.0, 9.0, 7.0, 10.0 ], "autoUv": false }
					}
				}
			]
		}
	]}