{
	"editor": {
		"backDropShape": "entity/humanoid/seraph",
		"allAngles": true,
		"entityTextureMode": true
	},
	"textureWidth": 16,
	"textureHeight": 16,
	"textureSizes": {
	},
	"textures": {
	},
	"elements": [
		{
			"name": "shoe R",
			"stepParentName": "LowerFootR",
			"from": [ -0.075, -0.075, -0.075 ],
			"to": [ 3.075, 4.8, 2.325 ],
			"autoUnwrap": false,
			"uv": [ 0.0, 0.0 ],
			"rotationOrigin": [ -0.075, -0.075, -0.075 ],
			"faces": {
				"north": { "texture": "#shoes-malefactor-R", "uv": [ 3.0, 9.5, 7.0, 16.0 ], "autoUv": false },
				"east": { "texture": "#shoes-malefactor-R", "uv": [ 0.0, 9.5, 3.0, 16.0 ], "autoUv": false },
				"south": { "texture": "#shoes-malefactor-R", "uv": [ 10.0, 9.5, 14.0, 16.0 ], "autoUv": false },
				"west": { "texture": "#shoes-malefactor-R", "uv": [ 7.0, 9.5, 10.0, 16.0 ], "autoUv": false },
				"up": { "texture": "#shoes-malefactor-R", "uv": [ 4.0, 0.0, 7.0, 4.0 ], "rotation": 90, "autoUv": false },
				"down": { "texture": "#shoes-malefactor-R", "uv": [ 0.0, 0.0, 3.0, 4.0 ], "rotation": 90, "autoUv": false }
			},
			"children": [
				{
					"name": "hideshoeR",
					"from": [ 0.0, 5.25, 0.0 ],
					"to": [ 0.75, 6.0, 0.75 ],
					"uv": [ 0.0, 0.0 ],
					"rotationOrigin": [ 0.0, 5.25, 0.0 ],
					"faces": {
					},
					"children": [
						{
							"name": "N fold 1",
							"from": [ 0.0, -0.375, 0.0 ],
							"to": [ 3.15, 1.5, 0.15 ],
							"uv": [ 3.0, 0.0 ],
							"rotationOrigin": [ 0.0, -0.375, 0.15 ],
							"rotationX": -6.0,
							"faces": {
								"north": { "texture": "#shoes-malefactor-R", "uv": [ 3.0, 7.0, 7.0, 9.5 ], "autoUv": false },
								"east": { "texture": "#shoes-malefactor-R", "uv": [ 3.0, 7.0, 3.5, 9.5 ], "autoUv": false },
								"south": { "texture": "#shoes-malefactor-R", "uv": [ 9.5, 1.0, 13.5, 3.5 ], "autoUv": false },
								"west": { "texture": "#shoes-malefactor-R", "uv": [ 6.5, 7.0, 7.0, 9.5 ], "autoUv": false },
								"up": { "texture": "#shoes-malefactor-R", "uv": [ 3.0, 7.0, 7.0, 7.5 ], "rotation": 180, "autoUv": false },
								"down": { "texture": "#shoes-malefactor-R", "uv": [ 4.5, 0.0, 8.5, 0.5 ], "autoUv": false }
							}
						},
						{
							"name": "S fold 1",
							"from": [ 0.0, -0.375, 2.25 ],
							"to": [ 3.15, 1.5, 2.4 ],
							"uv": [ 4.0, 1.5 ],
							"rotationOrigin": [ 0.0, -0.375, 2.25 ],
							"rotationX": 4.0,
							"faces": {
								"north": { "texture": "#shoes-malefactor-R", "uv": [ 9.5, 1.5, 13.5, 4.0 ], "autoUv": false },
								"east": { "texture": "#shoes-malefactor-R", "uv": [ 13.5, 7.0, 14.0, 9.5 ], "autoUv": false },
								"south": { "texture": "#shoes-malefactor-R", "uv": [ 10.0, 7.0, 14.0, 9.5 ], "autoUv": false },
								"west": { "texture": "#shoes-malefactor-R", "uv": [ 10.0, 7.0, 10.5, 9.5 ], "autoUv": false },
								"up": { "texture": "#shoes-malefactor-R", "uv": [ 10.0, 7.0, 14.0, 7.5 ], "autoUv": false },
								"down": { "texture": "#shoes-malefactor-R", "uv": [ 4.0, 2.5, 8.0, 3.0 ], "autoUv": false }
							}
						},
						{
							"name": "back fold 1",
							"from": [ 3.0, -0.375, 0.0 ],
							"to": [ 3.15, 1.5, 2.4 ],
							"uv": [ 0.0, 0.0 ],
							"rotationOrigin": [ 3.0, -0.375, 0.0 ],
							"rotationZ": -6.0,
							"faces": {
								"north": { "texture": "#shoes-malefactor-R", "uv": [ 2.5, 7.0, 3.0, 9.5 ], "autoUv": false },
								"east": { "texture": "#shoes-malefactor-R", "uv": [ 0.0, 7.0, 3.0, 9.5 ], "autoUv": false },
								"south": { "texture": "#shoes-malefactor-R", "uv": [ 0.0, 7.0, 0.5, 9.5 ], "autoUv": false },
								"west": { "texture": "#shoes-malefactor-R", "uv": [ 7.5, 0.0, 10.5, 2.5 ], "autoUv": false },
								"up": { "texture": "#shoes-malefactor-R", "uv": [ 0.0, 7.0, 3.0, 7.5 ], "rotation": 270, "autoUv": false },
								"down": { "texture": "#shoes-malefactor-R", "uv": [ 0.0, 0.0, 0.5, 3.0 ], "autoUv": false }
							}
						},
						{
							"name": "front fold 1",
							"from": [ 0.0, -0.375, 0.0 ],
							"to": [ 0.15, 1.5, 2.4 ],
							"uv": [ 0.0, 0.0 ],
							"rotationOrigin": [ 0.15, -0.375, 0.0 ],
							"rotationZ": 6.0,
							"faces": {
								"north": { "texture": "#shoes-malefactor-R", "uv": [ 6.5, 7.0, 7.0, 9.5 ], "autoUv": false },
								"east": { "texture": "#shoes-malefactor-R", "uv": [ 7.5, 1.0, 10.5, 3.5 ], "autoUv": false },
								"south": { "texture": "#shoes-malefactor-R", "uv": [ 9.5, 7.0, 10.0, 9.5 ], "autoUv": false },
								"west": { "texture": "#shoes-malefactor-R", "uv": [ 7.0, 7.0, 10.0, 9.5 ], "autoUv": false },
								"up": { "texture": "#shoes-malefactor-R", "uv": [ 7.0, 7.0, 10.0, 7.5 ], "rotation": 90, "autoUv": false },
								"down": { "texture": "#shoes-malefactor-R", "uv": [ 0.0, 0.0, 0.5, 3.0 ], "autoUv": false }
							}
						},
						{
							"name": "Cube1",
							"from": [ -0.075, -1.5, -0.0375 ],
							"to": [ 2.175, -1.125, 2.4375 ],
							"uv": [ 0.0, 0.5 ],
							"rotationOrigin": [ -0.0746, -1.5, -0.075 ],
							"faces": {
								"north": { "texture": "#shoes-malefactor-R", "uv": [ 4.5, 10.5, 7.5, 11.0 ], "autoUv": false },
								"east": { "texture": "#shoes-malefactor-R", "uv": [ 2.5, 10.5, 5.5, 11.0 ], "autoUv": false },
								"south": { "texture": "#shoes-malefactor-R", "uv": [ 10.5, 10.5, 13.5, 11.0 ], "autoUv": false },
								"west": { "texture": "#shoes-malefactor-R", "uv": [ 7.5, 10.5, 10.5, 11.0 ], "autoUv": false },
								"up": { "texture": "#shoes-malefactor-R", "uv": [ 0.0, 0.5, 3.0, 3.5 ], "autoUv": false },
								"down": { "texture": "#shoes-malefactor-R", "uv": [ 1.0, 9.0, 4.0, 12.0 ], "rotation": 90, "autoUv": false }
							}
						},
						{
							"name": "Cube12",
							"from": [ -0.075, -2.625, 0.7875 ],
							"to": [ 2.175, -2.25, 2.4375 ],
							"uv": [ 0.0, 0.5 ],
							"rotationOrigin": [ -0.0746, -2.625, 0.7875 ],
							"faces": {
								"north": { "texture": "#shoes-malefactor-R", "uv": [ 4.5, 10.5, 7.5, 11.0 ], "autoUv": false },
								"east": { "texture": "#shoes-malefactor-R", "uv": [ 5.0, 12.0, 7.0, 12.5 ], "autoUv": false },
								"south": { "texture": "#shoes-malefactor-R", "uv": [ 10.0, 12.0, 13.0, 12.5 ], "autoUv": false },
								"west": { "texture": "#shoes-malefactor-R", "uv": [ 8.0, 12.0, 10.0, 12.5 ], "autoUv": false },
								"up": { "texture": "#shoes-malefactor-R", "uv": [ 0.0, 0.5, 3.0, 2.5 ], "autoUv": false },
								"down": { "texture": "#shoes-malefactor-R", "uv": [ 1.0, 9.0, 3.0, 12.0 ], "rotation": 90, "autoUv": false }
							}
						},
						{
							"name": "Cube13",
							"from": [ 0.7875, -3.375, -0.0375 ],
							"to": [ 3.1875, -3.0, 2.3625 ],
							"uv": [ 0.0, 0.5 ],
							"rotationOrigin": [ 0.8254, -3.375, -0.075 ],
							"faces": {
								"north": { "texture": "#shoes-malefactor-R", "uv": [ 3.0, 13.0, 6.0, 13.5 ], "autoUv": false },
								"east": { "texture": "#shoes-malefactor-R", "uv": [ 0.0, 13.0, 3.0, 13.5 ], "autoUv": false },
								"south": { "texture": "#shoes-malefactor-R", "uv": [ 8.0, 13.0, 11.0, 13.5 ], "autoUv": false },
								"west": { "texture": "#shoes-malefactor-R", "uv": [ 5.5, 13.0, 8.5, 13.5 ], "autoUv": false },
								"up": { "texture": "#shoes-malefactor-R", "uv": [ 0.0, 0.5, 3.0, 3.5 ], "autoUv": false },
								"down": { "texture": "#shoes-malefactor-R", "uv": [ 1.0, 9.0, 4.0, 12.0 ], "rotation": 90, "autoUv": false }
							}
						}
					]
				},
				{
					"name": "showshoeR",
					"from": [ 0.0, 4.875, 0.0 ],
					"to": [ 3.15, 6.75, 2.4 ],
					"unwrapMode": 1,
					"uv": [ 0.0, 7.0 ],
					"rotationOrigin": [ 0.0, 4.875, 0.0 ],
					"faces": {
						"north": { "texture": "#shoes-malefactor-R", "uv": [ 3.0, 7.0, 7.0, 9.5 ], "autoUv": false },
						"east": { "texture": "#shoes-malefactor-R", "uv": [ 0.0, 7.0, 3.0, 9.5 ], "autoUv": false },
						"south": { "texture": "#shoes-malefactor-R", "uv": [ 10.0, 7.0, 14.0, 9.5 ], "autoUv": false },
						"west": { "texture": "#shoes-malefactor-R", "uv": [ 7.0, 7.0, 10.0, 9.5 ], "autoUv": false }
					}
				}
			]
		},
		{
			"name": "shoe L",
			"stepParentName": "LowerFootL",
			"from": [ -0.075, -0.075, -0.075 ],
			"to": [ 3.075, 4.8, 2.325 ],
			"autoUnwrap": false,
			"uv": [ 0.0, 0.0 ],
			"rotationOrigin": [ -0.075, -0.075, -0.075 ],
			"faces": {
				"north": { "texture": "#shoes-malefactor-L", "uv": [ 0.0, 9.5, 4.0, 16.0 ], "autoUv": false },
				"east": { "texture": "#shoes-malefactor-L", "uv": [ 11.0, 9.5, 14.0, 16.0 ], "autoUv": false },
				"south": { "texture": "#shoes-malefactor-L", "uv": [ 7.0, 9.5, 11.0, 16.0 ], "autoUv": false },
				"west": { "texture": "#shoes-malefactor-L", "uv": [ 4.0, 9.5, 7.0, 16.0 ], "autoUv": false },
				"up": { "texture": "#shoes-malefactor-L", "uv": [ 4.0, 0.0, 7.0, 4.0 ], "rotation": 90, "autoUv": false },
				"down": { "texture": "#shoes-malefactor-L", "uv": [ 0.0, 0.0, 3.0, 4.0 ], "rotation": 90, "autoUv": false }
			},
			"children": [
				{
					"name": "hideshoeL",
					"from": [ 0.0, 5.25, 0.0 ],
					"to": [ 0.75, 6.0, 0.75 ],
					"uv": [ 0.0, 0.0 ],
					"rotationOrigin": [ 0.0, 5.25, 0.0 ],
					"faces": {
					},
					"children": [
						{
							"name": "N fold 2",
							"from": [ 0.0, -0.375, 0.0 ],
							"to": [ 3.15, 1.5, 0.15 ],
							"uv": [ 0.0, 0.5 ],
							"rotationOrigin": [ 0.0, -0.375, 0.15 ],
							"rotationX": -4.0,
							"faces": {
								"north": { "texture": "#shoes-malefactor-L", "uv": [ 0.0, 7.0, 4.0, 9.5 ], "autoUv": false },
								"east": { "texture": "#shoes-malefactor-L", "uv": [ 0.0, 7.0, 0.5, 9.5 ], "autoUv": false },
								"south": { "texture": "#shoes-malefactor-L", "uv": [ 11.0, 0.5, 15.0, 3.0 ], "autoUv": false },
								"west": { "texture": "#shoes-malefactor-L", "uv": [ 3.5, 7.0, 4.0, 9.5 ], "autoUv": false },
								"up": { "texture": "#shoes-malefactor-L", "uv": [ 0.0, 7.0, 4.0, 7.5 ], "rotation": 180, "autoUv": false },
								"down": { "texture": "#shoes-malefactor-L", "uv": [ 3.5, 1.5, 7.5, 2.0 ], "autoUv": false }
							}
						},
						{
							"name": "S fold 2",
							"from": [ 0.0, -0.375, 2.25 ],
							"to": [ 3.15, 1.5, 2.4 ],
							"uv": [ 7.0, 1.0 ],
							"rotationOrigin": [ 0.0, -0.375, 2.25 ],
							"rotationX": 6.0,
							"faces": {
								"north": { "texture": "#shoes-malefactor-L", "uv": [ 7.0, 1.0, 11.0, 3.5 ], "autoUv": false },
								"east": { "texture": "#shoes-malefactor-L", "uv": [ 10.5, 7.0, 11.0, 9.5 ], "autoUv": false },
								"south": { "texture": "#shoes-malefactor-L", "uv": [ 7.0, 7.0, 11.0, 9.5 ], "autoUv": false },
								"west": { "texture": "#shoes-malefactor-L", "uv": [ 7.0, 7.0, 7.5, 9.5 ], "autoUv": false },
								"up": { "texture": "#shoes-malefactor-L", "uv": [ 7.0, 7.0, 11.0, 7.5 ], "autoUv": false },
								"down": { "texture": "#shoes-malefactor-L", "uv": [ 8.5, 2.0, 12.5, 2.5 ], "autoUv": false }
							}
						},
						{
							"name": "back fold 2",
							"from": [ 3.0, -0.375, 0.0 ],
							"to": [ 3.15, 1.5, 2.4 ],
							"uv": [ 4.0, 0.5 ],
							"rotationOrigin": [ 3.0, -0.375, 0.0 ],
							"rotationZ": -6.0,
							"faces": {
								"north": { "texture": "#shoes-malefactor-L", "uv": [ 13.5, 7.0, 14.0, 9.5 ], "autoUv": false },
								"east": { "texture": "#shoes-malefactor-L", "uv": [ 11.0, 7.0, 14.0, 9.5 ], "autoUv": false },
								"south": { "texture": "#shoes-malefactor-L", "uv": [ 11.0, 7.0, 11.5, 9.5 ], "autoUv": false },
								"west": { "texture": "#shoes-malefactor-L", "uv": [ 8.5, 1.0, 11.5, 3.5 ], "autoUv": false },
								"up": { "texture": "#shoes-malefactor-L", "uv": [ 11.0, 7.0, 14.0, 7.5 ], "rotation": 270, "autoUv": false },
								"down": { "texture": "#shoes-malefactor-L", "uv": [ 4.0, 0.5, 4.5, 3.5 ], "autoUv": false }
							}
						},
						{
							"name": "front fold 2",
							"from": [ 0.0, -0.375, 0.0 ],
							"to": [ 0.15, 1.5, 2.4 ],
							"uv": [ 4.0, 0.0 ],
							"rotationOrigin": [ 0.15, -0.375, 0.0 ],
							"rotationZ": 6.0,
							"faces": {
								"north": { "texture": "#shoes-malefactor-L", "uv": [ 4.0, 7.0, 4.5, 9.5 ], "autoUv": false },
								"east": { "texture": "#shoes-malefactor-L", "uv": [ 7.5, 1.0, 10.5, 3.5 ], "autoUv": false },
								"south": { "texture": "#shoes-malefactor-L", "uv": [ 6.5, 7.0, 7.0, 9.5 ], "autoUv": false },
								"west": { "texture": "#shoes-malefactor-L", "uv": [ 4.0, 7.0, 7.0, 9.5 ], "autoUv": false },
								"up": { "texture": "#shoes-malefactor-L", "uv": [ 4.0, 7.0, 7.0, 7.5 ], "rotation": 90, "autoUv": false },
								"down": { "texture": "#shoes-malefactor-L", "uv": [ 10.5, 0.0, 11.0, 3.0 ], "autoUv": false }
							}
						},
						{
							"name": "Cube14",
							"from": [ -0.075, -1.125, -0.0375 ],
							"to": [ 2.325, -0.75, 2.4375 ],
							"uv": [ 0.0, 0.0 ],
							"rotationOrigin": [ -0.075, -1.125, -0.075 ],
							"faces": {
								"north": { "texture": "#shoes-malefactor-L", "uv": [ 1.0, 10.0, 4.0, 10.5 ], "autoUv": false },
								"east": { "texture": "#shoes-malefactor-L", "uv": [ 7.5, 10.0, 10.5, 10.5 ], "autoUv": false },
								"south": { "texture": "#shoes-malefactor-L", "uv": [ 7.0, 10.0, 10.0, 10.5 ], "autoUv": false },
								"west": { "texture": "#shoes-malefactor-L", "uv": [ 4.0, 10.0, 7.0, 10.5 ], "autoUv": false },
								"up": { "texture": "#shoes-malefactor-L", "uv": [ 0.0, 0.0, 3.0, 3.0 ], "autoUv": false },
								"down": { "texture": "#shoes-malefactor-L", "uv": [ 0.0, 0.0, 3.0, 3.0 ], "autoUv": false }
							}
						},
						{
							"name": "Cube15",
							"from": [ -0.075, -1.875, -0.0375 ],
							"to": [ 2.325, -1.5, 2.4375 ],
							"uv": [ 0.0, 0.0 ],
							"rotationOrigin": [ -0.075, -1.875, -0.075 ],
							"faces": {
								"north": { "texture": "#shoes-malefactor-L", "uv": [ 1.0, 11.0, 4.0, 11.5 ], "autoUv": false },
								"east": { "texture": "#shoes-malefactor-L", "uv": [ 7.5, 11.0, 10.5, 11.5 ], "autoUv": false },
								"south": { "texture": "#shoes-malefactor-L", "uv": [ 7.0, 11.0, 10.0, 11.5 ], "autoUv": false },
								"west": { "texture": "#shoes-malefactor-L", "uv": [ 4.0, 11.0, 7.0, 11.5 ], "autoUv": false },
								"up": { "texture": "#shoes-malefactor-L", "uv": [ 0.0, 0.0, 3.0, 3.0 ], "autoUv": false },
								"down": { "texture": "#shoes-malefactor-L", "uv": [ 0.0, 0.0, 3.0, 3.0 ], "autoUv": false }
							}
						}
					]
				},
				{
					"name": "showshoeL",
					"from": [ 0.0, 4.875, 0.0 ],
					"to": [ 3.15, 6.75, 2.4 ],
					"unwrapMode": 4,
					"uv": [ 0.0, 7.0 ],
					"rotationOrigin": [ 0.0, 4.875, 0.0 ],
					"faces": {
						"north": { "texture": "#shoes-malefactor-L", "uv": [ 0.0, 7.0, 4.0, 9.5 ], "autoUv": false },
						"east": { "texture": "#shoes-malefactor-L", "uv": [ 11.0, 7.0, 14.0, 9.5 ], "autoUv": false },
						"south": { "texture": "#shoes-malefactor-L", "uv": [ 7.0, 7.0, 11.0, 9.5 ], "autoUv": false },
						"west": { "texture": "#shoes-malefactor-L", "uv": [ 4.0, 7.0, 7.0, 9.5 ], "autoUv": false }
					}
				}
			]
		}
	]}