{
	"editor": {
		"backDropShape": "entity/humanoid/seraph",
		"collapsedPaths": "Root/WR",
		"allAngles": true,
		"entityTextureMode": true
	},
	"textureWidth": 24,
	"textureHeight": 4,
	"textureSizes": {
		"metal": [24,4],
		"rusty-iron3": [16,16]
	},
	"textures": {
	},
	"elements": [
		{
			"name": "WL",
			"stepParentName": "LowerFootL",
			"from": [ -0.225, 1.695, -0.195 ],
			"to": [ 0.15, 2.82, 2.43 ],
			"uv": [ 6.5, 2.5 ],
			"rotationOrigin": [ -0.0023, 2.2223, 0.7771 ],
			"rotationX": -2.0052,
			"rotationY": 1.0782,
			"rotationZ": -2.066,
			"faces": {
				"north": { "texture": "#rusty-iron3", "uv": [ 6.5, 6.0, 7.0, 7.5 ], "autoUv": false },
				"east": { "texture": "#rusty-iron3", "uv": [ 7.0, 6.0, 10.5, 7.5 ], "autoUv": false },
				"south": { "texture": "#rusty-iron3", "uv": [ 10.5, 6.0, 11.0, 7.5 ], "autoUv": false },
				"west": { "texture": "#rusty-iron3", "uv": [ 11.0, 6.0, 14.5, 7.5 ], "autoUv": false },
				"up": { "texture": "#rusty-iron3", "uv": [ 6.5, 2.5, 7.0, 6.0 ], "autoUv": false },
				"down": { "texture": "#rusty-iron3", "uv": [ 7.0, 2.5, 7.5, 6.0 ], "autoUv": false }
			},
			"children": [
				{
					"name": "NL",
					"from": [ 0.0, 0.0, 0.0 ],
					"to": [ 3.375, 1.125, 0.375 ],
					"uv": [ 2.0, 0.0 ],
					"rotationOrigin": [ 0.75, 0.6, 0.0 ],
					"rotationX": -1.0,
					"rotationZ": -1.0,
					"faces": {
						"north": { "texture": "#rusty-iron3", "uv": [ 2.0, 0.5, 6.5, 2.0 ], "autoUv": false },
						"east": { "texture": "#rusty-iron3", "uv": [ 6.5, 0.5, 7.0, 2.0 ], "autoUv": false },
						"south": { "texture": "#rusty-iron3", "uv": [ 7.0, 0.5, 11.5, 2.0 ], "autoUv": false },
						"west": { "texture": "#rusty-iron3", "uv": [ 11.5, 0.5, 12.0, 2.0 ], "autoUv": false },
						"up": { "texture": "#rusty-iron3", "uv": [ 2.0, 0.0, 6.5, 0.5 ], "autoUv": false },
						"down": { "texture": "#rusty-iron3", "uv": [ 6.5, 0.0, 11.0, 0.5 ], "autoUv": false }
					}
				},
				{
					"name": "SL1",
					"from": [ 0.0, 0.0, 2.25 ],
					"to": [ 1.5, 1.125, 2.625 ],
					"uv": [ 6.0, 4.5 ],
					"rotationOrigin": [ 0.75, 0.6, 2.625 ],
					"rotationX": 1.0,
					"rotationZ": -1.0,
					"faces": {
						"north": { "texture": "#rusty-iron3", "uv": [ 6.0, 5.0, 8.0, 6.5 ], "autoUv": false },
						"east": { "texture": "#rusty-iron3", "uv": [ 8.0, 5.0, 8.5, 6.5 ], "autoUv": false },
						"south": { "texture": "#rusty-iron3", "uv": [ 8.5, 5.0, 10.5, 6.5 ], "autoUv": false },
						"west": { "texture": "#rusty-iron3", "uv": [ 10.5, 5.0, 11.0, 6.5 ], "autoUv": false },
						"up": { "texture": "#rusty-iron3", "uv": [ 6.0, 4.5, 8.0, 5.0 ], "autoUv": false },
						"down": { "texture": "#rusty-iron3", "uv": [ 8.0, 4.5, 10.0, 5.0 ], "autoUv": false }
					},
					"children": [
						{
							"name": "lockL1",
							"from": [ 1.125, 0.0, 0.375 ],
							"to": [ 1.5, 1.125, 1.125 ],
							"uv": [ 0.0, 5.5 ],
							"rotationOrigin": [ 1.35, 0.525, 0.375 ],
							"faces": {
								"east": { "texture": "#rusty-iron3", "uv": [ 0.0, 6.5, 1.0, 8.0 ], "autoUv": false },
								"south": { "texture": "#rusty-iron3", "uv": [ 1.0, 6.5, 1.5, 8.0 ], "autoUv": false },
								"west": { "texture": "#rusty-iron3", "uv": [ 1.5, 6.5, 2.5, 8.0 ], "autoUv": false },
								"up": { "texture": "#rusty-iron3", "uv": [ 0.0, 5.5, 0.5, 6.5 ], "autoUv": false },
								"down": { "texture": "#rusty-iron3", "uv": [ 0.5, 5.5, 1.0, 6.5 ], "autoUv": false }
							}
						},
						{
							"name": "boltL",
							"from": [ 0.975, 0.375, 0.525 ],
							"to": [ 2.475, 0.675, 0.825 ],
							"uv": [ 0.0, 7.5 ],
							"rotationOrigin": [ 1.5, 0.525, 0.675 ],
							"rotationX": -45.0,
							"faces": {
								"north": { "texture": "#rusty-iron3", "uv": [ 0.0, 8.0, 2.0, 8.5 ], "autoUv": false },
								"south": { "texture": "#rusty-iron3", "uv": [ 2.0, 8.0, 4.0, 8.5 ], "autoUv": false },
								"up": { "texture": "#rusty-iron3", "uv": [ 0.0, 7.5, 2.0, 8.0 ], "autoUv": false },
								"down": { "texture": "#rusty-iron3", "uv": [ 2.0, 7.5, 4.0, 8.0 ], "autoUv": false }
							},
							"children": [
								{
									"name": "boltL1",
									"from": [ 1.5, -0.15, -0.15 ],
									"to": [ 1.875, 0.45, 0.45 ],
									"uv": [ 8.0, 5.5 ],
									"rotationOrigin": [ 1.5, 0.15, 0.15 ],
									"faces": {
										"north": { "texture": "#rusty-iron3", "uv": [ 8.0, 6.0, 8.5, 6.5 ], "autoUv": false },
										"east": { "texture": "#rusty-iron3", "uv": [ 8.5, 6.0, 9.0, 6.5 ], "autoUv": false },
										"south": { "texture": "#rusty-iron3", "uv": [ 9.0, 6.0, 9.5, 6.5 ], "autoUv": false },
										"west": { "texture": "#rusty-iron3", "uv": [ 9.5, 6.0, 10.0, 6.5 ], "autoUv": false },
										"up": { "texture": "#rusty-iron3", "uv": [ 8.0, 5.5, 8.5, 6.0 ], "autoUv": false },
										"down": { "texture": "#rusty-iron3", "uv": [ 8.5, 5.5, 9.0, 6.0 ], "autoUv": false }
									}
								},
								{
									"name": "boltL2",
									"from": [ -0.375, -0.15, -0.15 ],
									"to": [ 0.0, 0.45, 0.45 ],
									"uv": [ 9.0, 7.0 ],
									"rotationOrigin": [ 0.0, 0.15, 0.15 ],
									"faces": {
										"north": { "texture": "#rusty-iron3", "uv": [ 9.0, 7.5, 9.5, 8.0 ], "autoUv": false },
										"east": { "texture": "#rusty-iron3", "uv": [ 9.5, 7.5, 10.0, 8.0 ], "autoUv": false },
										"south": { "texture": "#rusty-iron3", "uv": [ 10.0, 7.5, 10.5, 8.0 ], "autoUv": false },
										"west": { "texture": "#rusty-iron3", "uv": [ 10.5, 7.5, 11.0, 8.0 ], "autoUv": false },
										"up": { "texture": "#rusty-iron3", "uv": [ 9.0, 7.0, 9.5, 7.5 ], "autoUv": false },
										"down": { "texture": "#rusty-iron3", "uv": [ 9.5, 7.0, 10.0, 7.5 ], "autoUv": false }
									}
								}
							]
						}
					]
				},
				{
					"name": "SL2",
					"from": [ 1.875, 0.0, 2.25 ],
					"to": [ 3.375, 1.125, 2.625 ],
					"uv": [ 1.0, 4.0 ],
					"rotationOrigin": [ 1.875, 0.6, 2.625 ],
					"rotationX": 1.0,
					"rotationZ": -1.0,
					"faces": {
						"north": { "texture": "#rusty-iron3", "uv": [ 1.0, 4.5, 3.0, 6.0 ], "autoUv": false },
						"east": { "texture": "#rusty-iron3", "uv": [ 3.0, 4.5, 3.5, 6.0 ], "autoUv": false },
						"south": { "texture": "#rusty-iron3", "uv": [ 3.5, 4.5, 5.5, 6.0 ], "autoUv": false },
						"west": { "texture": "#rusty-iron3", "uv": [ 5.5, 4.5, 6.0, 6.0 ], "autoUv": false },
						"up": { "texture": "#rusty-iron3", "uv": [ 1.0, 4.0, 3.0, 4.5 ], "autoUv": false },
						"down": { "texture": "#rusty-iron3", "uv": [ 3.0, 4.0, 5.0, 4.5 ], "autoUv": false }
					},
					"children": [
						{
							"name": "lockL2",
							"from": [ 0.0, 0.0, 0.375 ],
							"to": [ 0.375, 1.125, 1.125 ],
							"uv": [ 11.0, 2.0 ],
							"rotationOrigin": [ 0.0, 0.525, 0.375 ],
							"faces": {
								"east": { "texture": "#rusty-iron3", "uv": [ 11.0, 3.0, 12.0, 4.5 ], "autoUv": false },
								"south": { "texture": "#rusty-iron3", "uv": [ 12.0, 3.0, 12.5, 4.5 ], "autoUv": false },
								"west": { "texture": "#rusty-iron3", "uv": [ 12.5, 3.0, 13.5, 4.5 ], "autoUv": false },
								"up": { "texture": "#rusty-iron3", "uv": [ 11.0, 2.0, 11.5, 3.0 ], "autoUv": false },
								"down": { "texture": "#rusty-iron3", "uv": [ 11.5, 2.0, 12.0, 3.0 ], "autoUv": false }
							}
						}
					]
				},
				{
					"name": "EL",
					"from": [ 3.0, 0.0, 0.0 ],
					"to": [ 3.375, 1.125, 2.625 ],
					"uv": [ 5.5, 3.5 ],
					"rotationOrigin": [ 3.075, 0.6, 1.05 ],
					"rotationZ": -1.0,
					"faces": {
						"north": { "texture": "#rusty-iron3", "uv": [ 5.5, 7.0, 6.0, 8.5 ], "autoUv": false },
						"east": { "texture": "#rusty-iron3", "uv": [ 6.0, 7.0, 9.5, 8.5 ], "autoUv": false },
						"south": { "texture": "#rusty-iron3", "uv": [ 9.5, 7.0, 10.0, 8.5 ], "autoUv": false },
						"west": { "texture": "#rusty-iron3", "uv": [ 10.0, 7.0, 13.5, 8.5 ], "autoUv": false },
						"up": { "texture": "#rusty-iron3", "uv": [ 5.5, 3.5, 6.0, 7.0 ], "autoUv": false },
						"down": { "texture": "#rusty-iron3", "uv": [ 6.0, 3.5, 6.5, 7.0 ], "autoUv": false }
					},
					"children": [
						{
							"name": "chainL1",
							"from": [ 0.375, 0.375, 1.125 ],
							"to": [ 1.125, 0.75, 1.5 ],
							"uv": [ 13.0, 14.0 ],
							"rotationOrigin": [ 0.375, 0.375, 1.125 ],
							"faces": {
								"north": { "texture": "#rusty-iron3", "uv": [ 13.0, 14.5, 14.0, 15.0 ], "autoUv": false },
								"east": { "texture": "#rusty-iron3", "uv": [ 14.0, 14.5, 14.5, 15.0 ], "autoUv": false },
								"south": { "texture": "#rusty-iron3", "uv": [ 14.5, 14.5, 15.5, 15.0 ], "autoUv": false },
								"up": { "texture": "#rusty-iron3", "uv": [ 13.0, 14.0, 14.0, 14.5 ], "autoUv": false },
								"down": { "texture": "#rusty-iron3", "uv": [ 14.0, 14.0, 15.0, 14.5 ], "autoUv": false }
							},
							"children": [
								{
									"name": "chainL2",
									"from": [ 0.0, 0.0, -0.75 ],
									"to": [ 0.75, 0.375, -0.375 ],
									"uv": [ 7.5, 11.0 ],
									"rotationOrigin": [ 0.0, 0.0, -0.375 ],
									"faces": {
										"north": { "texture": "#rusty-iron3", "uv": [ 7.5, 11.5, 8.5, 12.0 ], "autoUv": false },
										"east": { "texture": "#rusty-iron3", "uv": [ 8.5, 11.5, 9.0, 12.0 ], "autoUv": false },
										"south": { "texture": "#rusty-iron3", "uv": [ 9.0, 11.5, 10.0, 12.0 ], "autoUv": false },
										"up": { "texture": "#rusty-iron3", "uv": [ 7.5, 11.0, 8.5, 11.5 ], "autoUv": false },
										"down": { "texture": "#rusty-iron3", "uv": [ 8.5, 11.0, 9.5, 11.5 ], "autoUv": false }
									}
								},
								{
									"name": "chainL3",
									"from": [ 0.375, 0.0, -0.375 ],
									"to": [ 0.75, 0.375, 0.0 ],
									"uv": [ 8.0, 6.0 ],
									"rotationOrigin": [ 0.375, 0.0, -0.375 ],
									"faces": {
										"east": { "texture": "#rusty-iron3", "uv": [ 8.0, 6.5, 8.5, 7.0 ], "autoUv": false },
										"west": { "texture": "#rusty-iron3", "uv": [ 8.5, 6.5, 9.0, 7.0 ], "autoUv": false },
										"up": { "texture": "#rusty-iron3", "uv": [ 8.0, 6.0, 8.5, 6.5 ], "autoUv": false },
										"down": { "texture": "#rusty-iron3", "uv": [ 8.5, 6.0, 9.0, 6.5 ], "autoUv": false }
									}
								}
							]
						}
					]
				}
			]
		},
		{
			"name": "WR",
			"stepParentName": "LowerFootR",
			"from": [ -0.225, 1.665, -0.18 ],
			"to": [ 0.15, 2.79, 2.445 ],
			"uv": [ 1.5, 0.5 ],
			"rotationOrigin": [ -0.0034, 2.1913, 1.544 ],
			"rotationX": 2.0052,
			"rotationY": -1.0782,
			"rotationZ": -2.066,
			"faces": {
				"north": { "texture": "#rusty-iron3", "uv": [ 1.5, 4.0, 2.0, 5.5 ], "autoUv": false },
				"east": { "texture": "#rusty-iron3", "uv": [ 2.0, 4.0, 5.5, 5.5 ], "autoUv": false },
				"south": { "texture": "#rusty-iron3", "uv": [ 5.5, 4.0, 6.0, 5.5 ], "autoUv": false },
				"west": { "texture": "#rusty-iron3", "uv": [ 6.0, 4.0, 9.5, 5.5 ], "autoUv": false },
				"up": { "texture": "#rusty-iron3", "uv": [ 1.5, 0.5, 2.0, 4.0 ], "autoUv": false },
				"down": { "texture": "#rusty-iron3", "uv": [ 2.0, 0.5, 2.5, 4.0 ], "autoUv": false }
			},
			"children": [
				{
					"name": "SR",
					"from": [ 0.0, 0.0, 2.25 ],
					"to": [ 3.375, 1.125, 2.625 ],
					"uv": [ 0.0, 4.5 ],
					"rotationOrigin": [ 0.75, 0.6, 2.25 ],
					"rotationX": 1.0,
					"rotationZ": -1.0,
					"faces": {
						"north": { "texture": "#rusty-iron3", "uv": [ 0.0, 5.0, 4.5, 6.5 ], "autoUv": false },
						"east": { "texture": "#rusty-iron3", "uv": [ 4.5, 5.0, 5.0, 6.5 ], "autoUv": false },
						"south": { "texture": "#rusty-iron3", "uv": [ 5.0, 5.0, 9.5, 6.5 ], "autoUv": false },
						"west": { "texture": "#rusty-iron3", "uv": [ 9.5, 5.0, 10.0, 6.5 ], "autoUv": false },
						"up": { "texture": "#rusty-iron3", "uv": [ 0.0, 4.5, 4.5, 5.0 ], "autoUv": false },
						"down": { "texture": "#rusty-iron3", "uv": [ 4.5, 4.5, 9.0, 5.0 ], "autoUv": false }
					}
				},
				{
					"name": "NR1",
					"from": [ 0.0, 0.0, 0.0 ],
					"to": [ 1.5, 1.125, 0.375 ],
					"uv": [ 4.0, 8.0 ],
					"rotationOrigin": [ 0.75, 0.6, 0.375 ],
					"rotationX": -1.0,
					"rotationZ": -1.0,
					"faces": {
						"north": { "texture": "#rusty-iron3", "uv": [ 4.0, 8.5, 6.0, 10.0 ], "autoUv": false },
						"east": { "texture": "#rusty-iron3", "uv": [ 6.0, 8.5, 6.5, 10.0 ], "autoUv": false },
						"south": { "texture": "#rusty-iron3", "uv": [ 6.5, 8.5, 8.5, 10.0 ], "autoUv": false },
						"west": { "texture": "#rusty-iron3", "uv": [ 8.5, 8.5, 9.0, 10.0 ], "autoUv": false },
						"up": { "texture": "#rusty-iron3", "uv": [ 4.0, 8.0, 6.0, 8.5 ], "autoUv": false },
						"down": { "texture": "#rusty-iron3", "uv": [ 6.0, 8.0, 8.0, 8.5 ], "autoUv": false }
					},
					"children": [
						{
							"name": "lockR1",
							"from": [ 1.125, 0.0, -0.75 ],
							"to": [ 1.5, 1.125, 0.0 ],
							"uv": [ 4.0, 11.0 ],
							"rotationOrigin": [ 1.35, 0.525, 0.0 ],
							"faces": {
								"north": { "texture": "#rusty-iron3", "uv": [ 4.0, 12.0, 4.5, 13.5 ], "autoUv": false, "windMode": [-1,-1,-1,-1] },
								"east": { "texture": "#rusty-iron3", "uv": [ 4.5, 12.0, 5.5, 13.5 ], "autoUv": false },
								"west": { "texture": "#rusty-iron3", "uv": [ 5.5, 12.0, 6.5, 13.5 ], "autoUv": false },
								"up": { "texture": "#rusty-iron3", "uv": [ 4.0, 11.0, 4.5, 12.0 ], "autoUv": false },
								"down": { "texture": "#rusty-iron3", "uv": [ 4.5, 11.0, 5.0, 12.0 ], "autoUv": false }
							}
						},
						{
							"name": "boltR1",
							"from": [ 0.975, 0.375, -0.525 ],
							"to": [ 2.475, 0.675, -0.225 ],
							"uv": [ 11.5, 12.5 ],
							"rotationOrigin": [ 1.5, 0.525, -0.375 ],
							"rotationX": -45.0,
							"faces": {
								"north": { "texture": "#rusty-iron3", "uv": [ 11.5, 13.0, 13.5, 13.5 ], "autoUv": false, "windMode": [-1,-1,-1,-1], "windData": [1,1,1,1] },
								"south": { "texture": "#rusty-iron3", "uv": [ 13.5, 13.0, 15.5, 13.5 ], "autoUv": false, "windMode": [-1,-1,-1,-1], "windData": [1,1,1,1] },
								"up": { "texture": "#rusty-iron3", "uv": [ 11.5, 12.5, 13.5, 13.0 ], "autoUv": false },
								"down": { "texture": "#rusty-iron3", "uv": [ 13.5, 12.5, 15.5, 13.0 ], "autoUv": false }
							},
							"children": [
								{
									"name": "boltR2",
									"from": [ 1.5, -0.15, -0.15 ],
									"to": [ 1.875, 0.45, 0.45 ],
									"uv": [ 8.0, 10.0 ],
									"rotationOrigin": [ 1.5, 0.15, 0.15 ],
									"faces": {
										"north": { "texture": "#rusty-iron3", "uv": [ 8.0, 10.5, 8.5, 11.0 ], "autoUv": false },
										"east": { "texture": "#rusty-iron3", "uv": [ 8.5, 10.5, 9.0, 11.0 ], "autoUv": false },
										"south": { "texture": "#rusty-iron3", "uv": [ 9.0, 10.5, 9.5, 11.0 ], "autoUv": false },
										"west": { "texture": "#rusty-iron3", "uv": [ 9.5, 10.5, 10.0, 11.0 ], "autoUv": false },
										"up": { "texture": "#rusty-iron3", "uv": [ 8.0, 10.0, 8.5, 10.5 ], "autoUv": false },
										"down": { "texture": "#rusty-iron3", "uv": [ 8.5, 10.0, 9.0, 10.5 ], "autoUv": false }
									}
								},
								{
									"name": "boltR3",
									"from": [ -0.375, -0.15, -0.15 ],
									"to": [ 0.0, 0.45, 0.45 ],
									"uv": [ 8.5, 11.0 ],
									"rotationOrigin": [ 0.0, 0.15, 0.15 ],
									"faces": {
										"north": { "texture": "#rusty-iron3", "uv": [ 8.5, 11.5, 9.0, 12.0 ], "autoUv": false },
										"east": { "texture": "#rusty-iron3", "uv": [ 9.0, 11.5, 9.5, 12.0 ], "autoUv": false },
										"south": { "texture": "#rusty-iron3", "uv": [ 9.5, 11.5, 10.0, 12.0 ], "autoUv": false },
										"west": { "texture": "#rusty-iron3", "uv": [ 10.0, 11.5, 10.5, 12.0 ], "autoUv": false },
										"up": { "texture": "#rusty-iron3", "uv": [ 8.5, 11.0, 9.0, 11.5 ], "autoUv": false },
										"down": { "texture": "#rusty-iron3", "uv": [ 9.0, 11.0, 9.5, 11.5 ], "autoUv": false }
									}
								}
							]
						}
					]
				},
				{
					"name": "NR2",
					"from": [ 1.875, 0.0, 0.0 ],
					"to": [ 3.375, 1.125, 0.375 ],
					"uv": [ 5.0, 13.5 ],
					"rotationOrigin": [ 1.875, 0.6, 0.375 ],
					"rotationX": -1.0,
					"rotationZ": -1.0,
					"faces": {
						"north": { "texture": "#rusty-iron3", "uv": [ 5.0, 14.0, 7.0, 15.5 ], "autoUv": false },
						"east": { "texture": "#rusty-iron3", "uv": [ 7.0, 14.0, 7.5, 15.5 ], "autoUv": false },
						"south": { "texture": "#rusty-iron3", "uv": [ 7.5, 14.0, 9.5, 15.5 ], "autoUv": false },
						"west": { "texture": "#rusty-iron3", "uv": [ 9.5, 14.0, 10.0, 15.5 ], "autoUv": false },
						"up": { "texture": "#rusty-iron3", "uv": [ 5.0, 13.5, 7.0, 14.0 ], "autoUv": false },
						"down": { "texture": "#rusty-iron3", "uv": [ 7.0, 13.5, 9.0, 14.0 ], "autoUv": false }
					},
					"children": [
						{
							"name": "lockR2",
							"from": [ 0.0, 0.0, -0.75 ],
							"to": [ 0.375, 1.125, 0.0 ],
							"uv": [ 12.0, 0.0 ],
							"rotationOrigin": [ 0.0, 0.525, 0.0 ],
							"faces": {
								"north": { "texture": "#rusty-iron3", "uv": [ 12.0, 1.0, 12.5, 2.5 ], "autoUv": false },
								"east": { "texture": "#rusty-iron3", "uv": [ 12.5, 1.0, 13.5, 2.5 ], "autoUv": false },
								"west": { "texture": "#rusty-iron3", "uv": [ 13.5, 1.0, 14.5, 2.5 ], "autoUv": false },
								"up": { "texture": "#rusty-iron3", "uv": [ 12.0, 0.0, 12.5, 1.0 ], "autoUv": false },
								"down": { "texture": "#rusty-iron3", "uv": [ 12.5, 0.0, 13.0, 1.0 ], "autoUv": false }
							}
						}
					]
				},
				{
					"name": "ER",
					"from": [ 3.075, 0.0, 0.0 ],
					"to": [ 3.45, 1.125, 2.625 ],
					"uv": [ 6.0, 10.0 ],
					"rotationOrigin": [ 3.525, 0.6, 1.05 ],
					"rotationZ": -1.0,
					"faces": {
						"north": { "texture": "#rusty-iron3", "uv": [ 6.0, 13.5, 6.5, 15.0 ], "autoUv": false },
						"east": { "texture": "#rusty-iron3", "uv": [ 6.5, 13.5, 10.0, 15.0 ], "autoUv": false },
						"south": { "texture": "#rusty-iron3", "uv": [ 10.0, 13.5, 10.5, 15.0 ], "autoUv": false },
						"west": { "texture": "#rusty-iron3", "uv": [ 10.5, 13.5, 14.0, 15.0 ], "autoUv": false },
						"up": { "texture": "#rusty-iron3", "uv": [ 6.0, 10.0, 6.5, 13.5 ], "autoUv": false },
						"down": { "texture": "#rusty-iron3", "uv": [ 6.5, 10.0, 7.0, 13.5 ], "autoUv": false }
					},
					"children": [
						{
							"name": "chainR1",
							"from": [ 0.375, 0.375, 1.875 ],
							"to": [ 1.125, 0.75, 2.25 ],
							"uv": [ 11.5, 11.0 ],
							"rotationOrigin": [ 0.375, 0.375, 1.875 ],
							"faces": {
								"north": { "texture": "#rusty-iron3", "uv": [ 11.5, 11.5, 12.5, 12.0 ], "autoUv": false },
								"east": { "texture": "#rusty-iron3", "uv": [ 12.5, 11.5, 13.0, 12.0 ], "autoUv": false },
								"south": { "texture": "#rusty-iron3", "uv": [ 13.0, 11.5, 14.0, 12.0 ], "autoUv": false },
								"up": { "texture": "#rusty-iron3", "uv": [ 11.5, 11.0, 12.5, 11.5 ], "autoUv": false },
								"down": { "texture": "#rusty-iron3", "uv": [ 12.5, 11.0, 13.5, 11.5 ], "autoUv": false }
							},
							"children": [
								{
									"name": "chainR2",
									"from": [ 0.0, 0.0, -0.75 ],
									"to": [ 0.75, 0.375, -0.375 ],
									"uv": [ 5.0, 8.5 ],
									"rotationOrigin": [ 0.0, 0.0, -0.375 ],
									"faces": {
										"north": { "texture": "#rusty-iron3", "uv": [ 5.0, 9.0, 6.0, 9.5 ], "autoUv": false },
										"east": { "texture": "#rusty-iron3", "uv": [ 6.0, 9.0, 6.5, 9.5 ], "autoUv": false },
										"south": { "texture": "#rusty-iron3", "uv": [ 6.5, 9.0, 7.5, 9.5 ], "autoUv": false },
										"up": { "texture": "#rusty-iron3", "uv": [ 5.0, 8.5, 6.0, 9.0 ], "autoUv": false },
										"down": { "texture": "#rusty-iron3", "uv": [ 6.0, 8.5, 7.0, 9.0 ], "autoUv": false }
									}
								},
								{
									"name": "chainR3",
									"from": [ 0.375, 0.0, -0.375 ],
									"to": [ 0.75, 0.375, 0.0 ],
									"uv": [ 1.0, 8.0 ],
									"rotationOrigin": [ 0.375, 0.0, -0.375 ],
									"faces": {
										"east": { "texture": "#rusty-iron3", "uv": [ 1.0, 8.5, 1.5, 9.0 ], "autoUv": false },
										"west": { "texture": "#rusty-iron3", "uv": [ 1.5, 8.5, 2.0, 9.0 ], "autoUv": false },
										"up": { "texture": "#rusty-iron3", "uv": [ 1.0, 8.0, 1.5, 8.5 ], "autoUv": false },
										"down": { "texture": "#rusty-iron3", "uv": [ 1.5, 8.0, 2.0, 8.5 ], "autoUv": false }
									}
								}
							]
						}
					]
				}
			]
		}
	]}