{
	"editor": {
		"backDropShape": "entity/humanoid/seraph",
		"allAngles": true,
		"entityTextureMode": false
	},
	"textureWidth": 16,
	"textureHeight": 16,
	"textureSizes": {
	},
	"textures": {
	},
	"elements": [
		{
			"name": "shoe R",
			"stepParentName": "LowerFootR",
			"from": [ -0.075, -0.075, -0.075 ],
			"to": [ 3.075, 0.675, 2.325 ],
			"rotationOrigin": [ -0.075, -0.075, -0.075 ],
			"faces": {
				"north": { "texture": "#scribe-shoes", "uv": [ 3.0, 15.0, 7.0, 16.0 ], "autoUv": false },
				"east": { "texture": "#scribe-shoes", "uv": [ 0.0, 15.0, 3.0, 16.0 ], "autoUv": false },
				"south": { "texture": "#scribe-shoes", "uv": [ 10.0, 15.0, 14.0, 16.0 ], "autoUv": false },
				"west": { "texture": "#scribe-shoes", "uv": [ 7.0, 15.0, 10.0, 16.0 ], "autoUv": false },
				"up": { "texture": "#scribe-shoes", "uv": [ 11.5, 0.5, 15.5, 3.5 ], "autoUv": false },
				"down": { "texture": "#scribe-shoes", "uv": [ 0.0, 4.0, 3.0, 8.0 ], "rotation": 90, "autoUv": false }
			},
			"children": [
				{
					"name": "N fold 20",
					"from": [ 0.0, 0.75, 0.0 ],
					"to": [ 0.375, 1.875, 0.15 ],
					"rotationOrigin": [ 0.0, 0.75, 0.15 ],
					"rotationX": -6.0,
					"faces": {
						"north": { "texture": "#scribe-shoes", "uv": [ 6.5, 13.5, 7.0, 15.0 ], "autoUv": false },
						"east": { "texture": "#scribe-shoes", "uv": [ 6.5, 13.5, 7.0, 15.0 ], "autoUv": false },
						"south": { "texture": "#scribe-shoes", "uv": [ 2.5, 1.0, 3.0, 2.5 ], "autoUv": false },
						"west": { "texture": "#scribe-shoes", "uv": [ 6.5, 13.5, 7.0, 15.0 ], "autoUv": false },
						"up": { "texture": "#scribe-shoes", "uv": [ 6.5, 13.5, 7.0, 14.0 ], "autoUv": false },
						"down": { "texture": "#scribe-shoes", "uv": [ 0.0, 0.0, 0.5, 0.5 ], "autoUv": false }
					}
				},
				{
					"name": "S fold 21",
					"from": [ 0.0, 0.75, 2.25 ],
					"to": [ 0.375, 1.875, 2.4 ],
					"rotationOrigin": [ 0.0, 0.75, 2.25 ],
					"rotationX": 6.0,
					"faces": {
						"north": { "texture": "#scribe-shoes", "uv": [ 0.0, 0.0, 0.5, 1.5 ], "autoUv": false },
						"east": { "texture": "#scribe-shoes", "uv": [ 10.0, 13.5, 10.5, 15.0 ], "autoUv": false },
						"south": { "texture": "#scribe-shoes", "uv": [ 10.0, 13.5, 10.5, 15.0 ], "autoUv": false },
						"west": { "texture": "#scribe-shoes", "uv": [ 10.0, 13.5, 10.5, 15.0 ], "autoUv": false },
						"up": { "texture": "#scribe-shoes", "uv": [ 10.0, 13.5, 10.5, 14.0 ], "autoUv": false },
						"down": { "texture": "#scribe-shoes", "uv": [ 0.0, 0.0, 0.5, 0.5 ], "autoUv": false }
					}
				},
				{
					"name": "back fold 1",
					"from": [ 3.0, 0.75, 0.375 ],
					"to": [ 3.15, 1.875, 2.025 ],
					"rotationOrigin": [ 3.0, 0.75, 0.375 ],
					"rotationZ": -15.0,
					"faces": {
						"north": { "texture": "#scribe-shoes", "uv": [ 2.0, 13.5, 2.5, 15.0 ], "autoUv": false },
						"east": { "texture": "#scribe-shoes", "uv": [ 0.5, 13.5, 2.5, 15.0 ], "autoUv": false },
						"south": { "texture": "#scribe-shoes", "uv": [ 0.5, 13.5, 1.0, 15.0 ], "autoUv": false },
						"west": { "texture": "#scribe-shoes", "uv": [ 0.0, 0.0, 2.0, 1.5 ], "autoUv": false },
						"up": { "texture": "#scribe-shoes", "uv": [ 0.5, 13.5, 2.5, 14.0 ], "rotation": 270, "autoUv": false },
						"down": { "texture": "#scribe-shoes", "uv": [ 0.0, 0.0, 0.5, 2.0 ], "autoUv": false }
					}
				},
				{
					"name": "front 1",
					"from": [ 0.0, 0.75, 0.375 ],
					"to": [ 0.15, 2.25, 2.025 ],
					"rotationOrigin": [ 0.15, 0.75, 0.375 ],
					"rotationZ": 17.0,
					"faces": {
						"north": { "texture": "#scribe-shoes", "uv": [ 7.5, 13.0, 8.0, 15.0 ], "autoUv": false },
						"east": { "texture": "#scribe-shoes", "uv": [ 6.5, 0.0, 8.5, 2.0 ], "autoUv": false },
						"south": { "texture": "#scribe-shoes", "uv": [ 9.0, 13.0, 9.5, 15.0 ], "autoUv": false },
						"west": { "texture": "#scribe-shoes", "uv": [ 7.5, 13.0, 9.5, 15.0 ], "autoUv": false },
						"up": { "texture": "#scribe-shoes", "uv": [ 7.5, 13.0, 9.5, 13.5 ], "rotation": 90, "autoUv": false },
						"down": { "texture": "#scribe-shoes", "uv": [ 0.0, 0.0, 0.5, 2.0 ], "autoUv": false }
					}
				},
				{
					"name": "N fold 19",
					"from": [ 0.375, 0.75, 0.0 ],
					"to": [ 3.15, 1.5, 0.15 ],
					"rotationOrigin": [ 0.375, 0.75, 0.15 ],
					"rotationX": -10.0,
					"faces": {
						"north": { "texture": "#scribe-shoes", "uv": [ 3.0, 14.0, 6.5, 15.0 ], "autoUv": false },
						"east": { "texture": "#scribe-shoes", "uv": [ 3.0, 14.0, 3.5, 15.0 ], "autoUv": false },
						"south": { "texture": "#scribe-shoes", "uv": [ 0.0, 1.0, 3.5, 2.0 ], "autoUv": false },
						"west": { "texture": "#scribe-shoes", "uv": [ 6.0, 14.0, 6.5, 15.0 ], "autoUv": false },
						"up": { "texture": "#scribe-shoes", "uv": [ 3.0, 14.0, 6.5, 14.5 ], "autoUv": false },
						"down": { "texture": "#scribe-shoes", "uv": [ 0.0, 0.0, 3.5, 0.5 ], "autoUv": false }
					}
				},
				{
					"name": "S fold 18",
					"from": [ 0.375, 0.75, 2.25 ],
					"to": [ 3.15, 1.5, 2.4 ],
					"rotationOrigin": [ 0.375, 0.75, 2.25 ],
					"rotationX": 10.0,
					"faces": {
						"north": { "texture": "#scribe-shoes", "uv": [ 4.0, 0.5, 7.5, 1.5 ], "autoUv": false },
						"east": { "texture": "#scribe-shoes", "uv": [ 13.5, 14.0, 14.0, 15.0 ], "autoUv": false },
						"south": { "texture": "#scribe-shoes", "uv": [ 10.5, 14.0, 14.0, 15.0 ], "autoUv": false },
						"west": { "texture": "#scribe-shoes", "uv": [ 10.5, 14.0, 11.0, 15.0 ], "autoUv": false },
						"up": { "texture": "#scribe-shoes", "uv": [ 10.5, 14.0, 14.0, 14.5 ], "autoUv": false },
						"down": { "texture": "#scribe-shoes", "uv": [ 0.0, 0.0, 3.5, 0.5 ], "autoUv": false }
					}
				},
				{
					"name": "front 27",
					"from": [ 0.0, 0.75, 0.0 ],
					"to": [ 0.15, 1.875, 0.375 ],
					"rotationOrigin": [ 0.15, 0.75, 0.0 ],
					"rotationZ": 9.0,
					"faces": {
						"north": { "texture": "#scribe-shoes", "uv": [ 7.0, 13.5, 7.5, 15.0 ], "autoUv": false },
						"east": { "texture": "#scribe-shoes", "uv": [ 7.5, 1.0, 8.0, 2.5 ], "autoUv": false },
						"south": { "texture": "#scribe-shoes", "uv": [ 7.0, 13.5, 7.5, 15.0 ], "autoUv": false },
						"west": { "texture": "#scribe-shoes", "uv": [ 7.0, 13.5, 7.5, 15.0 ], "autoUv": false },
						"up": { "texture": "#scribe-shoes", "uv": [ 7.0, 13.5, 7.5, 14.0 ], "rotation": 90, "autoUv": false },
						"down": { "texture": "#scribe-shoes", "uv": [ 0.0, 0.0, 0.5, 0.5 ], "autoUv": false }
					}
				},
				{
					"name": "front 28",
					"from": [ 0.0, 0.75, 2.025 ],
					"to": [ 0.15, 1.875, 2.4 ],
					"rotationOrigin": [ 0.15, 0.75, 2.025 ],
					"rotationZ": 9.0,
					"faces": {
						"north": { "texture": "#scribe-shoes", "uv": [ 9.5, 13.5, 10.0, 15.0 ], "autoUv": false },
						"east": { "texture": "#scribe-shoes", "uv": [ 7.5, 1.0, 8.0, 2.5 ], "autoUv": false },
						"south": { "texture": "#scribe-shoes", "uv": [ 9.5, 13.5, 10.0, 15.0 ], "autoUv": false },
						"west": { "texture": "#scribe-shoes", "uv": [ 9.5, 13.5, 10.0, 15.0 ], "autoUv": false },
						"up": { "texture": "#scribe-shoes", "uv": [ 9.5, 13.5, 10.0, 14.0 ], "rotation": 90, "autoUv": false },
						"down": { "texture": "#scribe-shoes", "uv": [ 0.0, 0.0, 0.5, 0.5 ], "autoUv": false }
					}
				},
				{
					"name": "back fold 26",
					"from": [ 3.0, 0.75, 0.0 ],
					"to": [ 3.15, 1.5, 0.375 ],
					"rotationOrigin": [ 3.0, 0.75, 0.0 ],
					"rotationZ": -8.0,
					"faces": {
						"north": { "texture": "#scribe-shoes", "uv": [ 2.5, 14.0, 3.0, 15.0 ], "autoUv": false },
						"east": { "texture": "#scribe-shoes", "uv": [ 2.5, 14.0, 3.0, 15.0 ], "autoUv": false },
						"south": { "texture": "#scribe-shoes", "uv": [ 2.0, 13.5, 2.5, 14.5 ], "autoUv": false },
						"west": { "texture": "#scribe-shoes", "uv": [ 0.0, 0.0, 0.5, 1.0 ], "autoUv": false },
						"up": { "texture": "#scribe-shoes", "uv": [ 2.5, 14.0, 3.0, 14.5 ], "rotation": 270, "autoUv": false },
						"down": { "texture": "#scribe-shoes", "uv": [ 0.0, 0.0, 0.5, 0.5 ], "autoUv": false }
					}
				},
				{
					"name": "back fold 27",
					"from": [ 3.0, 0.75, 2.025 ],
					"to": [ 3.15, 1.5, 2.4 ],
					"rotationOrigin": [ 3.0, 0.75, 2.025 ],
					"rotationZ": -8.0,
					"faces": {
						"north": { "texture": "#scribe-shoes", "uv": [ 0.0, 14.0, 0.5, 15.0 ], "autoUv": false },
						"east": { "texture": "#scribe-shoes", "uv": [ 0.0, 14.0, 0.5, 15.0 ], "autoUv": false },
						"south": { "texture": "#scribe-shoes", "uv": [ 0.5, 13.5, 1.0, 14.5 ], "autoUv": false },
						"west": { "texture": "#scribe-shoes", "uv": [ 0.0, 0.0, 0.5, 1.0 ], "autoUv": false },
						"up": { "texture": "#scribe-shoes", "uv": [ 0.0, 14.0, 0.5, 14.5 ], "rotation": 270, "autoUv": false },
						"down": { "texture": "#scribe-shoes", "uv": [ 0.0, 0.0, 0.5, 0.5 ], "autoUv": false }
					}
				}
			]
		},
		{
			"name": "shoe L",
			"stepParentName": "LowerFootL",
			"from": [ -0.075, -0.075, -0.075 ],
			"to": [ 3.075, 0.675, 2.325 ],
			"rotationOrigin": [ -0.075, -0.075, -0.075 ],
			"faces": {
				"north": { "texture": "#scribe-shoes", "uv": [ 0.0, 11.0, 4.0, 12.0 ], "autoUv": false },
				"east": { "texture": "#scribe-shoes", "uv": [ 11.0, 11.0, 14.0, 12.0 ], "autoUv": false },
				"south": { "texture": "#scribe-shoes", "uv": [ 7.0, 11.0, 11.0, 12.0 ], "autoUv": false },
				"west": { "texture": "#scribe-shoes", "uv": [ 4.0, 11.0, 7.0, 12.0 ], "autoUv": false },
				"up": { "texture": "#scribe-shoes", "uv": [ 11.5, 0.5, 15.5, 3.5 ], "autoUv": false },
				"down": { "texture": "#scribe-shoes", "uv": [ 4.0, 4.0, 7.0, 8.0 ], "rotation": 90, "autoUv": false }
			},
			"children": [
				{
					"name": "N fold 26",
					"from": [ 0.0, 0.75, 0.0 ],
					"to": [ 0.375, 1.875, 0.15 ],
					"rotationOrigin": [ 0.0, 0.75, 0.15 ],
					"rotationX": -6.0,
					"faces": {
						"north": { "texture": "#scribe-shoes", "uv": [ 3.5, 9.5, 4.0, 11.0 ], "autoUv": false },
						"east": { "texture": "#scribe-shoes", "uv": [ 3.5, 9.5, 4.0, 11.0 ], "autoUv": false },
						"south": { "texture": "#scribe-shoes", "uv": [ 2.5, 0.0, 3.0, 1.5 ], "autoUv": false },
						"west": { "texture": "#scribe-shoes", "uv": [ 3.5, 9.5, 4.0, 11.0 ], "autoUv": false },
						"up": { "texture": "#scribe-shoes", "uv": [ 3.5, 9.5, 4.0, 10.0 ], "autoUv": false },
						"down": { "texture": "#scribe-shoes", "uv": [ 0.0, 0.0, 0.5, 0.5 ], "autoUv": false }
					}
				},
				{
					"name": "S fold 27",
					"from": [ 0.0, 0.75, 2.25 ],
					"to": [ 0.375, 1.875, 2.4 ],
					"rotationOrigin": [ 0.0, 0.75, 2.25 ],
					"rotationX": 6.0,
					"faces": {
						"north": { "texture": "#scribe-shoes", "uv": [ 0.0, 0.0, 0.5, 1.5 ], "autoUv": false },
						"east": { "texture": "#scribe-shoes", "uv": [ 7.0, 9.5, 7.5, 11.0 ], "autoUv": false },
						"south": { "texture": "#scribe-shoes", "uv": [ 7.0, 9.5, 7.5, 11.0 ], "autoUv": false },
						"west": { "texture": "#scribe-shoes", "uv": [ 7.0, 9.5, 7.5, 11.0 ], "autoUv": false },
						"up": { "texture": "#scribe-shoes", "uv": [ 7.0, 9.5, 7.5, 10.0 ], "autoUv": false },
						"down": { "texture": "#scribe-shoes", "uv": [ 0.0, 0.0, 0.5, 0.5 ], "autoUv": false }
					}
				},
				{
					"name": "back fold 28",
					"from": [ 3.0, 0.75, 0.375 ],
					"to": [ 3.15, 1.875, 2.025 ],
					"rotationOrigin": [ 3.0, 0.75, 0.375 ],
					"rotationZ": -15.0,
					"faces": {
						"north": { "texture": "#scribe-shoes", "uv": [ 13.0, 9.5, 13.5, 11.0 ], "autoUv": false },
						"east": { "texture": "#scribe-shoes", "uv": [ 11.5, 9.5, 13.5, 11.0 ], "autoUv": false },
						"south": { "texture": "#scribe-shoes", "uv": [ 13.0, 9.5, 13.5, 11.0 ], "autoUv": false },
						"west": { "texture": "#scribe-shoes", "uv": [ 0.0, 0.0, 2.0, 1.5 ], "autoUv": false },
						"up": { "texture": "#scribe-shoes", "uv": [ 11.5, 9.5, 13.5, 10.0 ], "rotation": 270, "autoUv": false },
						"down": { "texture": "#scribe-shoes", "uv": [ 0.0, 0.0, 0.5, 2.0 ], "autoUv": false }
					}
				},
				{
					"name": "front 29",
					"from": [ 0.0, 0.75, 0.375 ],
					"to": [ 0.15, 2.25, 2.025 ],
					"rotationOrigin": [ 0.15, 0.75, 0.375 ],
					"rotationZ": 17.0,
					"faces": {
						"north": { "texture": "#scribe-shoes", "uv": [ 4.5, 9.0, 5.0, 11.0 ], "autoUv": false },
						"east": { "texture": "#scribe-shoes", "uv": [ 5.5, 0.0, 7.5, 2.0 ], "autoUv": false },
						"south": { "texture": "#scribe-shoes", "uv": [ 6.0, 9.0, 6.5, 11.0 ], "autoUv": false },
						"west": { "texture": "#scribe-shoes", "uv": [ 4.5, 9.0, 6.5, 11.0 ], "autoUv": false },
						"up": { "texture": "#scribe-shoes", "uv": [ 4.5, 9.0, 6.5, 9.5 ], "rotation": 90, "autoUv": false },
						"down": { "texture": "#scribe-shoes", "uv": [ 0.0, 0.0, 0.5, 2.0 ], "autoUv": false }
					}
				},
				{
					"name": "N fold 31",
					"from": [ 0.375, 0.75, 0.0 ],
					"to": [ 3.15, 1.5, 0.15 ],
					"rotationOrigin": [ 0.375, 0.75, 0.15 ],
					"rotationX": -10.0,
					"faces": {
						"north": { "texture": "#scribe-shoes", "uv": [ 0.0, 10.0, 3.5, 11.0 ], "autoUv": false },
						"east": { "texture": "#scribe-shoes", "uv": [ 0.0, 10.0, 0.5, 11.0 ], "autoUv": false },
						"south": { "texture": "#scribe-shoes", "uv": [ 2.0, 0.0, 5.5, 1.0 ], "autoUv": false },
						"west": { "texture": "#scribe-shoes", "uv": [ 3.0, 10.0, 3.5, 11.0 ], "autoUv": false },
						"up": { "texture": "#scribe-shoes", "uv": [ 0.0, 10.0, 3.5, 10.5 ], "autoUv": false },
						"down": { "texture": "#scribe-shoes", "uv": [ 0.0, 0.0, 3.5, 0.5 ], "autoUv": false }
					}
				},
				{
					"name": "S fold 35",
					"from": [ 0.375, 0.75, 2.25 ],
					"to": [ 3.15, 1.5, 2.4 ],
					"rotationOrigin": [ 0.375, 0.75, 2.25 ],
					"rotationX": 10.0,
					"faces": {
						"north": { "texture": "#scribe-shoes", "uv": [ 0.0, 0.0, 3.5, 1.0 ], "autoUv": false },
						"east": { "texture": "#scribe-shoes", "uv": [ 10.5, 10.0, 11.0, 11.0 ], "autoUv": false },
						"south": { "texture": "#scribe-shoes", "uv": [ 7.5, 10.0, 11.0, 11.0 ], "autoUv": false },
						"west": { "texture": "#scribe-shoes", "uv": [ 7.5, 10.0, 8.0, 11.0 ], "autoUv": false },
						"up": { "texture": "#scribe-shoes", "uv": [ 7.5, 10.0, 11.0, 10.5 ], "autoUv": false },
						"down": { "texture": "#scribe-shoes", "uv": [ 0.0, 0.0, 3.5, 0.5 ], "autoUv": false }
					}
				},
				{
					"name": "front 32",
					"from": [ 0.0, 0.75, 0.0 ],
					"to": [ 0.15, 1.875, 0.375 ],
					"rotationOrigin": [ 0.15, 0.75, 0.0 ],
					"rotationZ": 9.0,
					"faces": {
						"north": { "texture": "#scribe-shoes", "uv": [ 3.5, 9.5, 4.0, 11.0 ], "autoUv": false },
						"east": { "texture": "#scribe-shoes", "uv": [ 7.5, 0.0, 8.0, 1.5 ], "autoUv": false, "windMode": [-1,-1,-1,-1] },
						"south": { "texture": "#scribe-shoes", "uv": [ 4.0, 9.5, 4.5, 11.0 ], "autoUv": false },
						"west": { "texture": "#scribe-shoes", "uv": [ 4.0, 9.5, 4.5, 11.0 ], "autoUv": false },
						"up": { "texture": "#scribe-shoes", "uv": [ 4.0, 9.5, 4.5, 10.0 ], "rotation": 90, "autoUv": false },
						"down": { "texture": "#scribe-shoes", "uv": [ 0.0, 0.0, 0.5, 0.5 ], "autoUv": false }
					}
				},
				{
					"name": "front 33",
					"from": [ 0.0, 0.75, 2.025 ],
					"to": [ 0.15, 1.875, 2.4 ],
					"rotationOrigin": [ 0.15, 0.75, 2.025 ],
					"rotationZ": 9.0,
					"faces": {
						"north": { "texture": "#scribe-shoes", "uv": [ 6.5, 9.5, 7.0, 11.0 ], "autoUv": false },
						"east": { "texture": "#scribe-shoes", "uv": [ 7.5, 0.0, 8.0, 1.5 ], "autoUv": false },
						"south": { "texture": "#scribe-shoes", "uv": [ 6.5, 9.5, 7.0, 11.0 ], "autoUv": false },
						"west": { "texture": "#scribe-shoes", "uv": [ 6.5, 9.5, 7.0, 11.0 ], "autoUv": false },
						"up": { "texture": "#scribe-shoes", "uv": [ 6.5, 9.5, 7.0, 10.0 ], "rotation": 90, "autoUv": false },
						"down": { "texture": "#scribe-shoes", "uv": [ 0.0, 0.0, 0.5, 0.5 ], "autoUv": false }
					}
				},
				{
					"name": "back fold 34",
					"from": [ 3.0, 0.75, 0.0 ],
					"to": [ 3.15, 1.5, 0.375 ],
					"rotationOrigin": [ 3.0, 0.75, 0.0 ],
					"rotationZ": -8.0,
					"faces": {
						"north": { "texture": "#scribe-shoes", "uv": [ 13.5, 10.0, 14.0, 11.0 ], "autoUv": false },
						"east": { "texture": "#scribe-shoes", "uv": [ 13.5, 10.0, 14.0, 11.0 ], "autoUv": false },
						"south": { "texture": "#scribe-shoes", "uv": [ 13.5, 10.0, 14.0, 11.0 ], "autoUv": false },
						"west": { "texture": "#scribe-shoes", "uv": [ 0.0, 0.0, 0.5, 1.0 ], "autoUv": false },
						"up": { "texture": "#scribe-shoes", "uv": [ 13.5, 10.0, 14.0, 10.5 ], "rotation": 270, "autoUv": false },
						"down": { "texture": "#scribe-shoes", "uv": [ 0.0, 0.0, 0.5, 0.5 ], "autoUv": false }
					}
				},
				{
					"name": "back fold 35",
					"from": [ 3.0, 0.75, 2.025 ],
					"to": [ 3.15, 1.5, 2.4 ],
					"rotationOrigin": [ 3.0, 0.75, 2.025 ],
					"rotationZ": -8.0,
					"faces": {
						"north": { "texture": "#scribe-shoes", "uv": [ 11.0, 10.0, 11.5, 11.0 ], "autoUv": false },
						"east": { "texture": "#scribe-shoes", "uv": [ 11.0, 10.0, 11.5, 11.0 ], "autoUv": false },
						"south": { "texture": "#scribe-shoes", "uv": [ 11.0, 10.0, 11.5, 11.0 ], "autoUv": false },
						"west": { "texture": "#scribe-shoes", "uv": [ 0.0, 0.0, 0.5, 1.0 ], "autoUv": false },
						"up": { "texture": "#scribe-shoes", "uv": [ 11.0, 10.0, 11.5, 10.5 ], "rotation": 270, "autoUv": false },
						"down": { "texture": "#scribe-shoes", "uv": [ 0.0, 0.0, 0.5, 0.5 ], "autoUv": false }
					}
				}
			]
		}
	]}