{
	"editor": {
		"backDropShape": "entity/humanoid/seraph",
		"collapsedPaths": "Root/shoe L/LacesR1,Root/shoe L/LacesL1,Root/shoe L/front16,Root/originL/shoe 2/LSideW,Root/originR/Rsole/hideshoeR,Root/originL/shoe 2/showshoeL,Root/originL/shoe 2/hideshoeL,Root/originL",
		"allAngles": true,
		"entityTextureMode": true
	},
	"textureWidth": 16,
	"textureHeight": 16,
	"textureSizes": {
	},
	"textures": {
	},
	"elements": [
		{
			"name": "originL",
			"stepParentName": "LowerFootL",
			"from": [ 0.0, 0.0, 0.0 ],
			"to": [ 0.0, 0.0, 0.0 ],
			"uv": [ 999.0, 999.0 ],
			"rotationOrigin": [ -4.575, 0.0, -6.6 ],
			"faces": {
			},
			"children": [
				{
					"name": "Lsole",
					"from": [ -0.075, -0.075, -0.075 ],
					"to": [ 3.075, 0.3, 2.325 ],
					"unwrapMode": 4,
					"autoUnwrap": false,
					"uv": [ 1.0, 7.5 ],
					"rotationOrigin": [ -0.075, -0.075, -0.075 ],
					"faces": {
						"north": { "texture": "#shoes-surgeon", "uv": [ 1.0, 11.5, 5.0, 12.0 ], "autoUv": false },
						"east": { "texture": "#shoes-surgeon", "uv": [ 12.0, 11.5, 15.0, 12.0 ], "autoUv": false },
						"south": { "texture": "#shoes-surgeon", "uv": [ 8.0, 11.5, 12.0, 12.0 ], "autoUv": false },
						"west": { "texture": "#shoes-surgeon", "uv": [ 5.0, 11.5, 8.0, 12.0 ], "autoUv": false },
						"up": { "texture": "#shoes-surgeon", "uv": [ 5.5, 0.0, 8.5, 4.0 ], "rotation": 90, "autoUv": false, "windMode": [-1,-1,-1,-1] },
						"down": { "texture": "#shoes-surgeon", "uv": [ 10.0, 0.0, 13.0, 4.0 ], "rotation": 90, "autoUv": false }
					},
					"children": [
						{
							"name": "LSideW",
							"from": [ 0.0, 0.375, 0.0 ],
							"to": [ 0.15, 1.125, 2.4 ],
							"unwrapMode": 4,
							"autoUnwrap": false,
							"uv": [ 4.5, 10.0 ],
							"rotationOrigin": [ 0.0, 0.375, 0.0 ],
							"faces": {
								"east": { "texture": "#shoes-surgeon", "uv": [ 7.0, 0.0, 10.0, 1.0 ], "autoUv": false },
								"west": { "texture": "#shoes-surgeon", "uv": [ 5.0, 10.5, 8.0, 11.5 ], "autoUv": false },
								"up": { "texture": "#shoes-surgeon", "uv": [ 5.0, 10.0, 8.0, 10.5 ], "rotation": 90, "autoUv": false }
							},
							"children": [
								{
									"name": "LSideE",
									"from": [ 3.0, 0.0, 0.0 ],
									"to": [ 3.15, 0.75, 2.4 ],
									"unwrapMode": 2,
									"autoUnwrap": false,
									"uv": [ 11.0, 10.0 ],
									"rotationOrigin": [ 3.0, 0.0, 0.0 ],
									"faces": {
										"east": { "texture": "#shoes-surgeon", "uv": [ 11.5, 10.5, 14.5, 11.5 ], "autoUv": false },
										"west": { "texture": "#shoes-surgeon", "uv": [ 7.0, 3.0, 10.0, 4.0 ], "autoUv": false },
										"up": { "texture": "#shoes-surgeon", "uv": [ 11.5, 10.0, 14.5, 10.5 ], "rotation": 270, "autoUv": false }
									}
								},
								{
									"name": "LSideN",
									"from": [ 0.0, 0.0, 0.0 ],
									"to": [ 3.15, 0.75, 0.15 ],
									"unwrapMode": 1,
									"autoUnwrap": false,
									"uv": [ 1.0, 10.0 ],
									"faces": {
										"north": { "texture": "#shoes-surgeon", "uv": [ 1.5, 10.5, 5.5, 11.5 ], "autoUv": false },
										"south": { "texture": "#shoes-surgeon", "uv": [ 6.5, 2.0, 10.5, 3.0 ], "autoUv": false },
										"up": { "texture": "#shoes-surgeon", "uv": [ 1.5, 10.0, 5.5, 10.5 ], "rotation": 180, "autoUv": false }
									}
								},
								{
									"name": "LSideS",
									"from": [ 0.0, 0.0, 2.25 ],
									"to": [ 3.15, 0.75, 2.4 ],
									"unwrapMode": 3,
									"autoUnwrap": false,
									"uv": [ 7.5, 10.0 ],
									"rotationOrigin": [ 0.0, 0.0, 2.25 ],
									"faces": {
										"north": { "texture": "#shoes-surgeon", "uv": [ 6.5, 1.0, 10.5, 2.0 ], "autoUv": false },
										"south": { "texture": "#shoes-surgeon", "uv": [ 8.0, 10.5, 12.0, 11.5 ], "autoUv": false },
										"up": { "texture": "#shoes-surgeon", "uv": [ 8.0, 10.0, 12.0, 10.5 ], "autoUv": false }
									}
								}
							]
						},
						{
							"name": "hideshoeL",
							"from": [ 0.0, 1.125, 0.0 ],
							"to": [ 0.75, 1.875, 0.75 ],
							"uv": [ 0.0, 0.0 ],
							"rotationOrigin": [ 0.0, 1.125, 0.0 ],
							"faces": {
							},
							"children": [
								{
									"name": "N fold 2",
									"from": [ 0.0, 0.0, 0.0 ],
									"to": [ 3.15, 1.125, 0.15 ],
									"unwrapMode": 1,
									"autoUnwrap": false,
									"uv": [ 1.0, 8.5 ],
									"rotationOrigin": [ 0.0, 0.0, 0.15 ],
									"rotationX": -8.0,
									"faces": {
										"north": { "texture": "#shoes-surgeon", "uv": [ 1.0, 9.0, 5.0, 10.5 ], "autoUv": false },
										"east": { "texture": "#shoes-surgeon", "uv": [ 0.5, 9.0, 1.0, 10.5 ], "autoUv": false },
										"south": { "texture": "#shoes-surgeon", "uv": [ 3.0, 0.0, 7.0, 1.5 ], "autoUv": false },
										"west": { "texture": "#shoes-surgeon", "uv": [ 5.0, 9.0, 5.5, 10.5 ], "autoUv": false },
										"up": { "texture": "#shoes-surgeon", "uv": [ 1.0, 8.5, 5.0, 9.0 ], "rotation": 180, "autoUv": false },
										"down": { "texture": "#shoes-surgeon", "uv": [ 1.0, 10.5, 5.0, 11.0 ], "autoUv": false }
									}
								},
								{
									"name": "S fold 2",
									"from": [ 0.0, 0.0, 2.25 ],
									"to": [ 3.15, 1.125, 2.4 ],
									"unwrapMode": 3,
									"autoUnwrap": false,
									"uv": [ 7.5, 8.5 ],
									"rotationOrigin": [ 0.0, 0.0, 2.25 ],
									"rotationX": 8.0,
									"faces": {
										"north": { "texture": "#shoes-surgeon", "uv": [ 3.0, 2.5, 7.0, 4.0 ], "autoUv": false },
										"east": { "texture": "#shoes-surgeon", "uv": [ 12.0, 9.0, 12.5, 10.5 ], "autoUv": false },
										"south": { "texture": "#shoes-surgeon", "uv": [ 8.0, 9.0, 12.0, 10.5 ], "autoUv": false },
										"west": { "texture": "#shoes-surgeon", "uv": [ 7.5, 9.0, 8.0, 10.5 ], "autoUv": false },
										"up": { "texture": "#shoes-surgeon", "uv": [ 8.0, 8.5, 12.0, 9.0 ], "autoUv": false },
										"down": { "texture": "#shoes-surgeon", "uv": [ 8.0, 10.5, 12.0, 11.0 ], "rotation": 180, "autoUv": false }
									}
								},
								{
									"name": "back fold",
									"from": [ 3.0, 0.0, 0.0 ],
									"to": [ 3.15, 1.125, 2.4 ],
									"unwrapMode": 2,
									"autoUnwrap": false,
									"uv": [ 11.5, 8.5 ],
									"rotationOrigin": [ 3.0, 0.0, 0.0 ],
									"rotationZ": -7.0,
									"faces": {
										"north": { "texture": "#shoes-surgeon", "uv": [ 15.0, 9.0, 15.5, 10.5 ], "autoUv": false },
										"east": { "texture": "#shoes-surgeon", "uv": [ 12.0, 9.0, 15.0, 10.5 ], "autoUv": false },
										"south": { "texture": "#shoes-surgeon", "uv": [ 11.5, 9.0, 12.0, 10.5 ], "autoUv": false },
										"west": { "texture": "#shoes-surgeon", "uv": [ 7.0, 1.0, 10.0, 2.5 ], "autoUv": false },
										"up": { "texture": "#shoes-surgeon", "uv": [ 12.0, 8.5, 15.0, 9.0 ], "rotation": 270, "autoUv": false },
										"down": { "texture": "#shoes-surgeon", "uv": [ 12.0, 10.5, 15.0, 11.0 ], "rotation": 270, "autoUv": false }
									}
								},
								{
									"name": "front 1 long 2",
									"from": [ 0.0, 0.0, 0.0 ],
									"to": [ 0.15, 1.125, 0.375 ],
									"unwrapMode": 4,
									"autoUnwrap": false,
									"uv": [ 4.5, 8.5 ],
									"rotationOrigin": [ 0.15, 0.0, 0.0 ],
									"rotationZ": 8.0,
									"faces": {
										"north": { "texture": "#shoes-surgeon", "uv": [ 4.5, 9.0, 5.0, 10.5 ], "autoUv": false },
										"east": { "texture": "#shoes-surgeon", "uv": [ 7.0, 2.5, 7.5, 4.0 ], "autoUv": false },
										"south": { "texture": "#shoes-surgeon", "uv": [ 5.5, 9.0, 6.0, 10.5 ], "autoUv": false },
										"west": { "texture": "#shoes-surgeon", "uv": [ 5.0, 9.0, 5.5, 10.5 ], "autoUv": false },
										"up": { "texture": "#shoes-surgeon", "uv": [ 5.0, 8.5, 5.5, 9.0 ], "rotation": 90, "autoUv": false }
									}
								},
								{
									"name": "front 1 short 2",
									"from": [ 0.0, 0.0, 0.375 ],
									"to": [ 0.15, 0.75, 0.75 ],
									"unwrapMode": 4,
									"autoUnwrap": false,
									"uv": [ 5.0, 9.0 ],
									"rotationOrigin": [ 0.15, 0.0, 0.375 ],
									"rotationZ": 14.0,
									"faces": {
										"north": { "texture": "#shoes-surgeon", "uv": [ 5.0, 9.5, 5.5, 10.5 ], "autoUv": false },
										"east": { "texture": "#shoes-surgeon", "uv": [ 6.0, 3.0, 6.5, 4.0 ], "autoUv": false },
										"south": { "texture": "#shoes-surgeon", "uv": [ 6.0, 9.5, 6.5, 10.5 ], "autoUv": false },
										"west": { "texture": "#shoes-surgeon", "uv": [ 5.5, 9.5, 6.0, 10.5 ], "autoUv": false },
										"up": { "texture": "#shoes-surgeon", "uv": [ 5.5, 9.0, 6.0, 9.5 ], "rotation": 90, "autoUv": false },
										"down": { "texture": "#shoes-surgeon", "uv": [ 5.5, 10.5, 6.0, 11.0 ], "rotation": 90, "autoUv": false }
									}
								},
								{
									"name": "front 2 short 2",
									"from": [ 0.0, 0.0, 1.65 ],
									"to": [ 0.15, 0.75, 2.025 ],
									"unwrapMode": 4,
									"autoUnwrap": false,
									"uv": [ 6.5, 9.0 ],
									"rotationOrigin": [ 0.15, 0.0, 2.025 ],
									"rotationZ": 14.0,
									"faces": {
										"north": { "texture": "#shoes-surgeon", "uv": [ 6.5, 9.5, 7.0, 10.5 ], "autoUv": false },
										"east": { "texture": "#shoes-surgeon", "uv": [ 7.5, 3.0, 8.0, 4.0 ], "autoUv": false },
										"south": { "texture": "#shoes-surgeon", "uv": [ 7.5, 9.5, 8.0, 10.5 ], "autoUv": false },
										"west": { "texture": "#shoes-surgeon", "uv": [ 7.0, 9.5, 7.5, 10.5 ], "autoUv": false },
										"up": { "texture": "#shoes-surgeon", "uv": [ 7.0, 9.0, 7.5, 9.5 ], "rotation": 90, "autoUv": false },
										"down": { "texture": "#shoes-surgeon", "uv": [ 7.0, 10.5, 7.5, 11.0 ], "rotation": 90, "autoUv": false }
									}
								},
								{
									"name": "front 2 long 2",
									"from": [ 0.0, 0.0, 2.025 ],
									"to": [ 0.15, 1.125, 2.4 ],
									"unwrapMode": 4,
									"autoUnwrap": false,
									"uv": [ 7.0, 8.5 ],
									"rotationOrigin": [ 0.15, 0.0, 2.4 ],
									"rotationZ": 8.0,
									"faces": {
										"north": { "texture": "#shoes-surgeon", "uv": [ 7.0, 9.0, 7.5, 10.5 ], "autoUv": false },
										"east": { "texture": "#shoes-surgeon", "uv": [ 8.0, 2.5, 8.5, 4.0 ], "autoUv": false },
										"south": { "texture": "#shoes-surgeon", "uv": [ 8.0, 9.0, 8.5, 10.5 ], "autoUv": false },
										"west": { "texture": "#shoes-surgeon", "uv": [ 7.5, 9.0, 8.0, 10.5 ], "autoUv": false },
										"up": { "texture": "#shoes-surgeon", "uv": [ 7.5, 8.5, 8.0, 9.0 ], "rotation": 90, "autoUv": false },
										"down": { "texture": "#shoes-surgeon", "uv": [ 7.5, 10.5, 8.0, 11.0 ], "rotation": 90, "autoUv": false }
									}
								}
							]
						},
						{
							"name": "showshoeL",
							"from": [ 0.0, 1.125, 0.0 ],
							"to": [ 3.15, 2.25, 2.4 ],
							"unwrapMode": 4,
							"autoUnwrap": false,
							"uv": [ 4.0, 9.0 ],
							"rotationOrigin": [ 0.0, 1.125, 0.0 ],
							"faces": {
								"north": { "texture": "#shoes-surgeon", "uv": [ 1.5, 9.0, 5.5, 10.5 ], "autoUv": false },
								"east": { "texture": "#shoes-surgeon", "uv": [ 12.0, 9.0, 15.0, 10.5 ], "autoUv": false },
								"south": { "texture": "#shoes-surgeon", "uv": [ 8.0, 9.0, 12.0, 10.5 ], "autoUv": false }
							},
							"children": [
								{
									"name": "Cube2",
									"from": [ 0.0, 0.0, 0.0 ],
									"to": [ 0.0, 1.125, 0.405 ],
									"uv": [ 5.0, 9.0 ],
									"faces": {
										"west": { "texture": "#shoes-surgeon", "uv": [ 5.0, 9.0, 5.5, 10.5 ], "autoUv": false }
									},
									"children": [
										{
											"name": "Cube4",
											"from": [ 0.0, 0.0, 0.405 ],
											"to": [ 0.0, 0.75, 0.81 ],
											"uv": [ 5.5, 9.5 ],
											"rotationOrigin": [ 0.0, 0.0, 0.405 ],
											"faces": {
												"west": { "texture": "#shoes-surgeon", "uv": [ 5.5, 9.5, 6.0, 10.5 ], "autoUv": false }
											}
										}
									]
								},
								{
									"name": "Cube3",
									"from": [ 0.0, 0.0, 1.995 ],
									"to": [ 0.0, 1.125, 2.4 ],
									"uv": [ 7.5, 9.0 ],
									"rotationOrigin": [ 0.0, 0.0, 2.025 ],
									"faces": {
										"west": { "texture": "#shoes-surgeon", "uv": [ 7.5, 9.0, 8.0, 10.5 ], "autoUv": false }
									},
									"children": [
										{
											"name": "Cube5",
											"from": [ 0.0, 0.0, -0.405 ],
											"to": [ 0.0, 0.75, 0.0 ],
											"uv": [ 7.0, 9.5 ],
											"rotationOrigin": [ 0.0, 0.0, -0.405 ],
											"faces": {
												"west": { "texture": "#shoes-surgeon", "uv": [ 7.0, 9.5, 7.5, 10.5 ], "autoUv": false }
											}
										}
									]
								}
							]
						}
					]
				}
			]
		},
		{
			"name": "originR",
			"stepParentName": "LowerFootR",
			"from": [ 1.35, 0.0, 2.55 ],
			"to": [ 1.35, 0.0, 2.55 ],
			"uv": [ 999.0, 999.0 ],
			"rotationOrigin": [ 1.35, 0.0, 2.55 ],
			"faces": {
			},
			"children": [
				{
					"name": "Rsole",
					"from": [ -1.425, -0.075, -2.625 ],
					"to": [ 1.725, 0.3, -0.225 ],
					"autoUnwrap": false,
					"uv": [ 0.0, 11.5 ],
					"rotationOrigin": [ -1.425, -0.075, -2.625 ],
					"faces": {
						"north": { "texture": "#shoes-surgeon", "uv": [ 1.0, 15.5, 5.0, 16.0 ], "autoUv": false },
						"east": { "texture": "#shoes-surgeon", "uv": [ 5.0, 15.5, 8.0, 16.0 ], "autoUv": false },
						"south": { "texture": "#shoes-surgeon", "uv": [ 8.0, 15.5, 12.0, 16.0 ], "autoUv": false },
						"west": { "texture": "#shoes-surgeon", "uv": [ 12.0, 15.5, 15.0, 16.0 ], "autoUv": false },
						"up": { "texture": "#shoes-surgeon", "uv": [ 0.0, 0.0, 3.0, 4.0 ], "rotation": 90, "autoUv": false },
						"down": { "texture": "#shoes-surgeon", "uv": [ 13.0, 0.0, 16.0, 4.0 ], "rotation": 90, "autoUv": false }
					},
					"children": [
						{
							"name": "RsideN",
							"from": [ 0.0, 0.375, 0.0 ],
							"to": [ 3.15, 1.125, 0.15 ],
							"unwrapMode": 1,
							"autoUnwrap": false,
							"uv": [ 0.5, 14.0 ],
							"rotationOrigin": [ 0.0, 0.375, 0.0 ],
							"faces": {
								"north": { "texture": "#shoes-surgeon", "uv": [ 1.0, 14.5, 5.0, 15.5 ], "autoUv": false },
								"south": { "texture": "#shoes-surgeon", "uv": [ 0.0, 0.0, 4.0, 1.0 ], "autoUv": false }
							},
							"children": [
								{
									"name": "RsideS",
									"from": [ 0.0, 0.0, 2.25 ],
									"to": [ 3.15, 0.75, 2.4 ],
									"unwrapMode": 3,
									"autoUnwrap": false,
									"uv": [ 8.0, 14.0 ],
									"rotationOrigin": [ 0.0, 0.0, 2.25 ],
									"faces": {
										"north": { "texture": "#shoes-surgeon", "uv": [ 0.0, 2.0, 4.0, 3.0 ], "autoUv": false },
										"south": { "texture": "#shoes-surgeon", "uv": [ 8.0, 14.5, 12.0, 15.5 ], "autoUv": false }
									}
								},
								{
									"name": "RsideW",
									"from": [ 0.0, 0.0, 0.0 ],
									"to": [ 0.15, 0.75, 2.4 ],
									"unwrapMode": 4,
									"autoUnwrap": false,
									"uv": [ 4.5, 14.0 ],
									"faces": {
										"east": { "texture": "#shoes-surgeon", "uv": [ 0.0, 1.0, 3.0, 2.0 ], "autoUv": false },
										"west": { "texture": "#shoes-surgeon", "uv": [ 5.0, 14.5, 8.0, 15.5 ], "autoUv": false },
										"up": { "texture": "#shoes-surgeon", "uv": [ 5.0, 14.0, 8.0, 14.5 ], "rotation": 90, "autoUv": false }
									}
								},
								{
									"name": "RsideE",
									"from": [ 3.0, 0.0, 0.0 ],
									"to": [ 3.15, 0.75, 2.4 ],
									"unwrapMode": 2,
									"autoUnwrap": false,
									"uv": [ 11.5, 14.0 ],
									"rotationOrigin": [ 3.0, 0.0, 0.0 ],
									"faces": {
										"east": { "texture": "#shoes-surgeon", "uv": [ 12.0, 14.5, 15.0, 15.5 ], "autoUv": false },
										"west": { "texture": "#shoes-surgeon", "uv": [ 0.0, 3.0, 3.0, 4.0 ], "autoUv": false }
									}
								}
							]
						},
						{
							"name": "hideshoeR",
							"from": [ 0.0, 1.125, 0.0 ],
							"to": [ 0.75, 1.875, 0.75 ],
							"uv": [ 0.0, 0.0 ],
							"rotationOrigin": [ 0.0, 1.125, 0.0 ],
							"faces": {
							},
							"children": [
								{
									"name": "N fold 20",
									"from": [ 0.0, 0.0, 0.0 ],
									"to": [ 3.15, 1.125, 0.15 ],
									"unwrapMode": 1,
									"autoUnwrap": false,
									"uv": [ 0.5, 12.5 ],
									"rotationOrigin": [ 0.0, 0.0, 0.15 ],
									"rotationX": -8.0,
									"faces": {
										"north": { "texture": "#shoes-surgeon", "uv": [ 1.0, 13.0, 5.0, 14.5 ], "autoUv": false },
										"east": { "texture": "#shoes-surgeon", "uv": [ 0.5, 13.0, 1.0, 14.5 ], "autoUv": false },
										"south": { "texture": "#shoes-surgeon", "uv": [ 1.5, 0.0, 5.5, 1.5 ], "autoUv": false },
										"west": { "texture": "#shoes-surgeon", "uv": [ 5.0, 13.0, 5.5, 14.5 ], "autoUv": false },
										"up": { "texture": "#shoes-surgeon", "uv": [ 1.0, 12.5, 5.0, 13.0 ], "rotation": 180, "autoUv": false },
										"down": { "texture": "#shoes-surgeon", "uv": [ 1.0, 14.5, 5.0, 15.0 ], "autoUv": false }
									}
								},
								{
									"name": "S fold 21",
									"from": [ 0.0, 0.0, 2.25 ],
									"to": [ 3.15, 1.125, 2.4 ],
									"unwrapMode": 3,
									"autoUnwrap": false,
									"uv": [ 7.5, 12.5 ],
									"rotationOrigin": [ 0.0, 0.0, 2.25 ],
									"rotationX": 8.0,
									"faces": {
										"north": { "texture": "#shoes-surgeon", "uv": [ 1.5, 1.5, 5.5, 3.0 ], "autoUv": false },
										"east": { "texture": "#shoes-surgeon", "uv": [ 12.0, 13.0, 12.5, 14.5 ], "autoUv": false },
										"south": { "texture": "#shoes-surgeon", "uv": [ 8.0, 13.0, 12.0, 14.5 ], "autoUv": false },
										"west": { "texture": "#shoes-surgeon", "uv": [ 7.5, 13.0, 8.0, 14.5 ], "autoUv": false },
										"up": { "texture": "#shoes-surgeon", "uv": [ 8.0, 12.5, 12.0, 13.0 ], "autoUv": false },
										"down": { "texture": "#shoes-surgeon", "uv": [ 8.0, 14.5, 12.0, 15.0 ], "rotation": 180, "autoUv": false }
									}
								},
								{
									"name": "back fold 22",
									"from": [ 3.0, 0.0, 0.0 ],
									"to": [ 3.15, 1.125, 2.4 ],
									"unwrapMode": 2,
									"autoUnwrap": false,
									"uv": [ 11.5, 12.5 ],
									"rotationOrigin": [ 3.0, 0.0, 0.0 ],
									"rotationZ": -7.0,
									"faces": {
										"north": { "texture": "#shoes-surgeon", "uv": [ 15.0, 13.0, 15.5, 14.5 ], "autoUv": false },
										"east": { "texture": "#shoes-surgeon", "uv": [ 12.0, 13.0, 15.0, 14.5 ], "autoUv": false },
										"south": { "texture": "#shoes-surgeon", "uv": [ 11.5, 13.0, 12.0, 14.5 ], "autoUv": false },
										"west": { "texture": "#shoes-surgeon", "uv": [ 2.5, 2.5, 5.5, 4.0 ], "autoUv": false },
										"up": { "texture": "#shoes-surgeon", "uv": [ 12.0, 12.5, 15.0, 13.0 ], "rotation": 270, "autoUv": false },
										"down": { "texture": "#shoes-surgeon", "uv": [ 12.0, 14.5, 15.0, 15.0 ], "rotation": 270, "autoUv": false }
									}
								},
								{
									"name": "front 1 long23",
									"from": [ 0.0, 0.0, 0.0 ],
									"to": [ 0.15, 1.125, 0.375 ],
									"unwrapMode": 4,
									"autoUnwrap": false,
									"uv": [ 4.5, 12.5 ],
									"rotationOrigin": [ 0.15, 0.0, 0.0 ],
									"rotationZ": 8.0,
									"faces": {
										"north": { "texture": "#shoes-surgeon", "uv": [ 4.5, 13.0, 5.0, 14.5 ], "autoUv": false },
										"east": { "texture": "#shoes-surgeon", "uv": [ 3.0, 2.5, 3.5, 4.0 ], "autoUv": false },
										"south": { "texture": "#shoes-surgeon", "uv": [ 5.5, 13.0, 6.0, 14.5 ], "autoUv": false },
										"west": { "texture": "#shoes-surgeon", "uv": [ 5.0, 13.0, 5.5, 14.5 ], "autoUv": false },
										"up": { "texture": "#shoes-surgeon", "uv": [ 5.0, 12.5, 5.5, 13.0 ], "rotation": 90, "autoUv": false },
										"down": { "texture": "#shoes-surgeon", "uv": [ 5.0, 14.5, 5.5, 15.0 ], "rotation": 90, "autoUv": false }
									}
								},
								{
									"name": "front 1 short24",
									"from": [ 0.0, 0.0, 0.375 ],
									"to": [ 0.15, 0.75, 0.75 ],
									"unwrapMode": 4,
									"autoUnwrap": false,
									"uv": [ 5.0, 13.0 ],
									"rotationOrigin": [ 0.15, 0.0, 0.375 ],
									"rotationZ": 14.0,
									"faces": {
										"north": { "texture": "#shoes-surgeon", "uv": [ 5.0, 13.5, 5.5, 14.5 ], "autoUv": false },
										"east": { "texture": "#shoes-surgeon", "uv": [ 3.5, 3.0, 4.0, 4.0 ], "autoUv": false },
										"south": { "texture": "#shoes-surgeon", "uv": [ 6.0, 13.5, 6.5, 14.5 ], "autoUv": false },
										"west": { "texture": "#shoes-surgeon", "uv": [ 5.5, 13.5, 6.0, 14.5 ], "autoUv": false },
										"up": { "texture": "#shoes-surgeon", "uv": [ 5.5, 13.0, 6.0, 13.5 ], "rotation": 90, "autoUv": false },
										"down": { "texture": "#shoes-surgeon", "uv": [ 5.5, 14.5, 6.0, 15.0 ], "rotation": 90, "autoUv": false }
									}
								},
								{
									"name": "front 2 short25",
									"from": [ 0.0, 0.0, 1.65 ],
									"to": [ 0.15, 0.75, 2.025 ],
									"unwrapMode": 4,
									"autoUnwrap": false,
									"uv": [ 6.5, 13.0 ],
									"rotationOrigin": [ 0.15, 0.0, 2.025 ],
									"rotationZ": 14.0,
									"faces": {
										"north": { "texture": "#shoes-surgeon", "uv": [ 6.5, 13.5, 7.0, 14.5 ], "autoUv": false },
										"east": { "texture": "#shoes-surgeon", "uv": [ 5.0, 3.0, 5.5, 4.0 ], "autoUv": false },
										"south": { "texture": "#shoes-surgeon", "uv": [ 7.5, 13.5, 8.0, 14.5 ], "autoUv": false },
										"west": { "texture": "#shoes-surgeon", "uv": [ 7.0, 13.5, 7.5, 14.5 ], "autoUv": false },
										"up": { "texture": "#shoes-surgeon", "uv": [ 7.0, 13.0, 7.5, 13.5 ], "rotation": 90, "autoUv": false },
										"down": { "texture": "#shoes-surgeon", "uv": [ 7.0, 14.5, 7.5, 15.0 ], "rotation": 90, "autoUv": false }
									}
								},
								{
									"name": "front 2 long26",
									"from": [ 0.0, 0.0, 2.025 ],
									"to": [ 0.15, 1.125, 2.4 ],
									"unwrapMode": 4,
									"autoUnwrap": false,
									"uv": [ 7.0, 12.5 ],
									"rotationOrigin": [ 0.15, 0.0, 2.4 ],
									"rotationZ": 8.0,
									"faces": {
										"north": { "texture": "#shoes-surgeon", "uv": [ 7.0, 13.0, 7.5, 14.5 ], "autoUv": false },
										"east": { "texture": "#shoes-surgeon", "uv": [ 5.5, 2.5, 6.0, 4.0 ], "autoUv": false },
										"south": { "texture": "#shoes-surgeon", "uv": [ 8.0, 13.0, 8.5, 14.5 ], "autoUv": false },
										"west": { "texture": "#shoes-surgeon", "uv": [ 7.5, 13.0, 8.0, 14.5 ], "autoUv": false },
										"up": { "texture": "#shoes-surgeon", "uv": [ 7.5, 12.5, 8.0, 13.0 ], "rotation": 90, "autoUv": false },
										"down": { "texture": "#shoes-surgeon", "uv": [ 7.5, 14.5, 8.0, 15.0 ], "rotation": 90, "autoUv": false }
									}
								}
							]
						},
						{
							"name": "showshoeR",
							"from": [ 0.0, 1.125, 0.0 ],
							"to": [ 3.15, 2.25, 2.4 ],
							"autoUnwrap": false,
							"uv": [ 8.0, 13.0 ],
							"rotationOrigin": [ 0.0, 1.125, 0.0 ],
							"faces": {
								"north": { "texture": "#shoes-surgeon", "uv": [ 8.0, 13.0, 12.0, 14.5 ], "autoUv": false },
								"east": { "texture": "#shoes-surgeon", "uv": [ 12.0, 13.0, 15.0, 14.5 ], "autoUv": false },
								"south": { "texture": "#shoes-surgeon", "uv": [ 1.0, 13.0, 5.0, 14.5 ], "autoUv": false }
							},
							"children": [
								{
									"name": "Cube6",
									"from": [ 0.0, 0.0, 0.0 ],
									"to": [ 0.75, 1.125, 0.405 ],
									"unwrapMode": 4,
									"uv": [ 5.0, 13.0 ],
									"faces": {
										"west": { "texture": "#shoes-surgeon", "uv": [ 5.0, 13.0, 5.5, 14.5 ], "autoUv": false }
									},
									"children": [
										{
											"name": "Cube7",
											"from": [ 0.0, 0.0, 0.405 ],
											"to": [ 0.75, 0.75, 0.8025 ],
											"unwrapMode": 4,
											"uv": [ 5.5, 13.5 ],
											"rotationOrigin": [ 0.0, 0.0, 0.405 ],
											"faces": {
												"west": { "texture": "#shoes-surgeon", "uv": [ 5.5, 13.5, 6.0, 14.5 ], "autoUv": false }
											}
										}
									]
								},
								{
									"name": "Cube8",
									"from": [ 0.0, 0.0, 1.995 ],
									"to": [ 0.75, 1.125, 2.4 ],
									"unwrapMode": 4,
									"uv": [ 7.5, 13.0 ],
									"rotationOrigin": [ 0.0, 0.0, 1.995 ],
									"faces": {
										"west": { "texture": "#shoes-surgeon", "uv": [ 7.5, 13.0, 8.0, 14.5 ], "autoUv": false }
									},
									"children": [
										{
											"name": "Cube9",
											"from": [ 0.0, 0.0, -0.3975 ],
											"to": [ 0.75, 0.75, 0.0 ],
											"unwrapMode": 4,
											"uv": [ 7.0, 13.5 ],
											"rotationOrigin": [ 0.0, 0.0, -0.3975 ],
											"faces": {
												"west": { "texture": "#shoes-surgeon", "uv": [ 7.0, 13.5, 7.5, 14.5 ], "autoUv": false }
											}
										}
									]
								}
							]
						}
					]
				}
			]
		}
	]}