{
	"editor": {
		"backDropShape": "entity/humanoid/seraph",
		"collapsedPaths": "Root/shoe L/LacesR1,Root/shoe L/LacesL1,Root/shoe L/front16,Root/UpperFootRight,Root/UpperFootLeft",
		"allAngles": true,
		"entityTextureMode": true
	},
	"textureWidth": 32,
	"textureHeight": 24,
	"textureSizes": {
		"shoes": [32,24]
	},
	"textures": {
	},
	"elements": [
		{
			"name": "shoe R",
			"stepParentName": "LowerFootR",
			"from": [ -0.0112, -0.075, -0.0112 ],
			"to": [ 3.0112, 7.575, 2.2613 ],
			"unwrapMode": 4,
			"uv": [ 1.0, 6.0 ],
			"rotationOrigin": [ -0.075, -0.075, -0.075 ],
			"faces": {
				"north": { "texture": "#shoes", "uv": [ 1.0, 10.0, 5.0, 20.0 ], "autoUv": false },
				"east": { "texture": "#shoes", "uv": [ 12.0, 10.0, 15.0, 20.0 ], "autoUv": false },
				"south": { "texture": "#shoes", "uv": [ 8.0, 10.0, 12.0, 20.0 ], "autoUv": false },
				"west": { "texture": "#shoes", "uv": [ 5.0, 10.0, 8.0, 20.0 ], "autoUv": false },
				"up": { "texture": "#shoes", "uv": [ 5.0, 6.0, 8.0, 10.0 ], "rotation": 90, "autoUv": false },
				"down": { "texture": "#shoes", "uv": [ 5.0, 20.0, 8.0, 24.0 ], "rotation": 90, "autoUv": false }
			}
		},
		{
			"name": "shoe L",
			"stepParentName": "LowerFootL",
			"from": [ -0.0112, -0.075, -0.0112 ],
			"to": [ 3.0112, 7.575, 2.2613 ],
			"unwrapMode": 4,
			"uv": [ 16.0, 6.0 ],
			"rotationOrigin": [ -0.075, -0.075, -0.075 ],
			"faces": {
				"north": { "texture": "#shoes", "uv": [ 16.0, 10.0, 20.0, 20.0 ], "autoUv": false },
				"east": { "texture": "#shoes", "uv": [ 27.0, 10.0, 30.0, 20.0 ], "autoUv": false },
				"south": { "texture": "#shoes", "uv": [ 23.0, 10.0, 27.0, 20.0 ], "autoUv": false },
				"west": { "texture": "#shoes", "uv": [ 20.0, 10.0, 23.0, 20.0 ], "autoUv": false },
				"up": { "texture": "#shoes", "uv": [ 20.0, 6.0, 23.0, 10.0 ], "rotation": 90, "autoUv": false },
				"down": { "texture": "#shoes", "uv": [ 20.0, 20.0, 23.0, 24.0 ], "rotation": 90, "autoUv": false, "windMode": [-1,-1,-1,-1] }
			}
		},
		{
			"name": "UpperFootRight",
			"stepParentName": "UpperFootR",
			"from": [ -0.015, -0.075, -0.015 ],
			"to": [ 3.165, 3.3, 2.415 ],
			"unwrapMode": 4,
			"uv": [ 1.0, 1.5 ],
			"rotationOrigin": [ -0.075, -0.075, -0.075 ],
			"faces": {
				"north": { "texture": "#shoes", "uv": [ 1.0, 1.5, 5.0, 6.0 ], "autoUv": false },
				"east": { "texture": "#shoes", "uv": [ 12.0, 1.5, 15.0, 6.0 ], "autoUv": false },
				"south": { "texture": "#shoes", "uv": [ 8.0, 1.5, 12.0, 6.0 ], "autoUv": false },
				"west": { "texture": "#shoes", "uv": [ 5.0, 1.5, 8.0, 6.0 ], "autoUv": false },
				"down": { "texture": "#shoes", "uv": [ 5.0, 6.0, 8.0, 10.0 ], "rotation": 90, "autoUv": false }
			},
			"children": [
				{
					"name": "LLinerN2",
					"from": [ -0.003, 0.0, 0.0 ],
					"to": [ 3.177, 3.375, 0.15 ],
					"unwrapMode": 3,
					"uv": [ 16.0, 11.0 ],
					"rotationOrigin": [ -0.003, 0.0, 0.0 ],
					"faces": {
						"south": { "texture": "#shoes", "uv": [ 16.0, 11.5, 20.0, 16.0 ], "autoUv": false },
						"up": { "texture": "#shoes", "uv": [ 16.0, 11.0, 20.0, 11.5 ], "autoUv": false }
					},
					"children": [
						{
							"name": "LLinerW2",
							"from": [ 0.0, 0.0, 0.15 ],
							"to": [ 0.15, 3.375, 2.4 ],
							"unwrapMode": 2,
							"uv": [ 16.0, 11.0 ],
							"rotationOrigin": [ 0.0, 0.0, 0.15 ],
							"faces": {
								"east": { "texture": "#shoes", "uv": [ 16.0, 11.5, 19.0, 16.0 ], "autoUv": false },
								"up": { "texture": "#shoes", "uv": [ 16.0, 11.0, 19.0, 11.5 ], "rotation": 270, "autoUv": false }
							}
						},
						{
							"name": "LLinerS2",
							"from": [ 0.0, 0.0, 2.28 ],
							"to": [ 3.18, 3.375, 2.43 ],
							"unwrapMode": 1,
							"uv": [ 16.0, 10.0 ],
							"rotationOrigin": [ 0.0, 0.0, 2.25 ],
							"faces": {
								"north": { "texture": "#shoes", "uv": [ 16.0, 10.5, 20.0, 15.0 ], "autoUv": false },
								"up": { "texture": "#shoes", "uv": [ 16.0, 10.0, 20.0, 10.5 ], "rotation": 180, "autoUv": false }
							}
						},
						{
							"name": "LLinerE2",
							"from": [ 3.03, 0.0, 0.15 ],
							"to": [ 3.18, 3.375, 2.4 ],
							"unwrapMode": 4,
							"uv": [ 16.0, 11.0 ],
							"rotationOrigin": [ 3.0, 0.0, 0.15 ],
							"faces": {
								"west": { "texture": "#shoes", "uv": [ 16.0, 11.5, 19.0, 16.0 ], "autoUv": false },
								"up": { "texture": "#shoes", "uv": [ 16.0, 11.0, 19.0, 11.5 ], "rotation": 90, "autoUv": false }
							}
						}
					]
				}
			]
		},
		{
			"name": "UpperFootLeft",
			"stepParentName": "UpperFootL",
			"from": [ -0.015, -0.075, -0.015 ],
			"to": [ 3.165, 3.3, 2.415 ],
			"unwrapMode": 4,
			"uv": [ 16.0, 1.5 ],
			"rotationOrigin": [ -0.075, -0.075, -0.075 ],
			"faces": {
				"north": { "texture": "#shoes", "uv": [ 16.0, 1.5, 20.0, 6.0 ], "autoUv": false },
				"east": { "texture": "#shoes", "uv": [ 27.0, 1.5, 30.0, 6.0 ], "autoUv": false },
				"south": { "texture": "#shoes", "uv": [ 23.0, 1.5, 27.0, 6.0 ], "autoUv": false },
				"west": { "texture": "#shoes", "uv": [ 20.0, 1.5, 23.0, 6.0 ], "autoUv": false },
				"down": { "texture": "#shoes", "uv": [ 20.0, 6.0, 23.0, 10.0 ], "rotation": 90, "autoUv": false }
			},
			"children": [
				{
					"name": "LLinerN",
					"from": [ 0.0, 0.0, 0.0 ],
					"to": [ 3.2625, 3.375, 0.15 ],
					"unwrapMode": 3,
					"uv": [ 16.0, 11.0 ],
					"faces": {
						"south": { "texture": "#shoes", "uv": [ 16.0, 11.5, 20.0, 16.0 ], "autoUv": false, "windMode": [-1,-1,-1,-1] },
						"up": { "texture": "#shoes", "uv": [ 16.0, 11.0, 20.0, 11.5 ], "autoUv": false }
					},
					"children": [
						{
							"name": "LLinerW",
							"from": [ 0.0, -7.0E-4, 0.15 ],
							"to": [ 0.15, 3.3743, 2.4 ],
							"unwrapMode": 2,
							"uv": [ 16.0, 11.0 ],
							"rotationOrigin": [ 0.0, 0.0, 0.15 ],
							"faces": {
								"east": { "texture": "#shoes", "uv": [ 16.0, 11.5, 19.0, 16.0 ], "autoUv": false, "windMode": [-1,-1,-1,-1] },
								"up": { "texture": "#shoes", "uv": [ 16.0, 11.0, 19.0, 11.5 ], "rotation": 270, "autoUv": false }
							}
						},
						{
							"name": "LLinerS",
							"from": [ 0.0, 0.0, 2.28 ],
							"to": [ 3.2625, 3.375, 2.43 ],
							"unwrapMode": 1,
							"uv": [ 16.0, 10.0 ],
							"rotationOrigin": [ 0.0, 0.0, 2.325 ],
							"faces": {
								"north": { "texture": "#shoes", "uv": [ 16.0, 10.5, 20.0, 15.0 ], "autoUv": false },
								"up": { "texture": "#shoes", "uv": [ 16.0, 10.0, 20.0, 10.5 ], "rotation": 180, "autoUv": false }
							}
						},
						{
							"name": "LLinerE",
							"from": [ 3.1125, 0.0, 0.15 ],
							"to": [ 3.2625, 3.375, 2.4 ],
							"unwrapMode": 4,
							"uv": [ 16.0, 11.0 ],
							"rotationOrigin": [ 3.075, 0.0, 0.15 ],
							"faces": {
								"west": { "texture": "#shoes", "uv": [ 16.0, 11.5, 19.0, 16.0 ], "autoUv": false, "windMode": [-1,-1,-1,-1] },
								"up": { "texture": "#shoes", "uv": [ 16.0, 11.0, 19.0, 11.5 ], "rotation": 90, "autoUv": false }
							}
						}
					]
				}
			]
		}
	]}