{
	"editor": {
		"backDropShape": "entity/humanoid/seraph",
		"collapsedPaths": "Root/shoe L/front fold 26/LwoolW1,Root/shoe L/LacesR1,Root/shoe L/S fold 24,Root/shoe L/S fold 24/LWoolS1,Root/shoe L/LacesL1,Root/shoe L/front16,Root/shoe R/RbackFold,Root/shoe R/front 1,Root/shoe R/RflapW,Root/shoe R/RflapS,Root/shoe L/front fold 26,Root/shoe R/RflapN,Root/shoe L/N fold 23,Root/shoe R,Root/shoe L,Root/shoe R/RflapE,Root/shoe L/Lback fold 25,Root/shoe L/N fold 23/LfoldN1",
		"allAngles": true,
		"entityTextureMode": true
	},
	"textureWidth": 16,
	"textureHeight": 24,
	"textureSizes": {
		"shoes": [16,24]
	},
	"textures": {
	},
	"elements": [
		{
			"name": "shoe R",
			"stepParentName": "LowerFootR",
			"from": [ -0.075, -0.075, -0.075 ],
			"to": [ 3.075, 4.05, 2.325 ],
			"autoUnwrap": false,
			"uv": [ 0.0, 15.0 ],
			"rotationOrigin": [ -0.075, -0.075, -0.075 ],
			"faces": {
				"north": { "texture": "#shoes", "uv": [ 0.0, 18.5, 4.0, 24.0 ], "autoUv": false },
				"east": { "texture": "#shoes", "uv": [ 4.0, 18.5, 7.0, 24.0 ], "autoUv": false },
				"south": { "texture": "#shoes", "uv": [ 7.0, 18.5, 11.0, 24.0 ], "autoUv": false },
				"west": { "texture": "#shoes", "uv": [ 11.0, 18.5, 14.0, 24.0 ], "autoUv": false },
				"up": { "texture": "#shoes", "uv": [ 0.0, 4.0, 3.0, 8.0 ], "rotation": 90, "autoUv": false, "windMode": [-1,-1,-1,-1] },
				"down": { "texture": "#shoes", "uv": [ 4.0, 4.0, 7.0, 8.0 ], "rotation": 90, "autoUv": false }
			},
			"children": [
				{
					"name": "hideshoeR",
					"from": [ 0.0, 3.75, 0.0 ],
					"to": [ 0.75, 4.5, 0.75 ],
					"uv": [ 0.0, 0.0 ],
					"rotationOrigin": [ 0.0, 3.75, 0.0 ],
					"faces": {
					},
					"children": [
						{
							"name": "RflapN",
							"from": [ 0.0, 0.0, 0.0 ],
							"to": [ 3.15, 1.125, 0.15 ],
							"uv": [ 3.0, 2.0 ],
							"rotationOrigin": [ 0.0, 0.0, 0.15 ],
							"rotationX": -8.0,
							"faces": {
								"north": { "texture": "#shoes", "uv": [ 3.0, 17.5, 7.0, 19.0 ], "autoUv": false },
								"east": { "texture": "#shoes", "uv": [ 3.0, 17.5, 3.5, 19.0 ], "autoUv": false },
								"south": { "texture": "#shoes", "uv": [ 9.5, 2.0, 13.5, 3.5 ], "autoUv": false },
								"west": { "texture": "#shoes", "uv": [ 5.5, 17.5, 6.0, 19.0 ], "autoUv": false },
								"up": { "texture": "#shoes", "uv": [ 9.5, 4.5, 13.5, 5.0 ], "autoUv": false }
							},
							"children": [
								{
									"name": "RwoolN1",
									"from": [ 0.0, 0.375, -0.15 ],
									"to": [ 0.75, 1.125, 0.225 ],
									"uv": [ 0.0, 0.0 ],
									"rotationOrigin": [ 0.0, 1.125, 0.0 ],
									"rotationX": 6.006,
									"rotationY": -0.453,
									"rotationZ": -0.008,
									"faces": {
										"north": { "texture": "#shoes", "uv": [ 11.0, 3.0, 12.0, 4.0 ], "autoUv": false },
										"east": { "texture": "#shoes", "uv": [ 0.0, 0.0, 0.5, 1.0 ], "autoUv": false },
										"south": { "texture": "#shoes", "uv": [ 3.0, 1.5, 4.0, 2.5 ], "autoUv": false },
										"west": { "texture": "#shoes", "uv": [ 0.0, 0.0, 0.5, 1.0 ], "autoUv": false },
										"up": { "texture": "#shoes", "uv": [ 11.0, 2.0, 12.0, 2.5 ], "autoUv": false },
										"down": { "texture": "#shoes", "uv": [ 0.0, 0.0, 1.0, 0.5 ], "autoUv": false }
									},
									"children": [
										{
											"name": "RwoolN2",
											"from": [ 1.5, -0.3713, 0.0 ],
											"to": [ 1.875, 0.7537, 0.375 ],
											"uv": [ 0.0, 0.0 ],
											"rotationOrigin": [ 1.5, 0.3787, 0.225 ],
											"faces": {
												"north": { "texture": "#shoes", "uv": [ 11.0, 3.0, 11.5, 4.5 ], "autoUv": false },
												"east": { "texture": "#shoes", "uv": [ 0.0, 0.0, 0.5, 1.5 ], "autoUv": false },
												"south": { "texture": "#shoes", "uv": [ 3.0, 1.5, 3.5, 3.0 ], "autoUv": false },
												"west": { "texture": "#shoes", "uv": [ 0.0, 0.0, 0.5, 1.5 ], "autoUv": false },
												"up": { "texture": "#shoes", "uv": [ 11.0, 2.0, 11.5, 2.5 ], "autoUv": false },
												"down": { "texture": "#shoes", "uv": [ 0.0, 0.0, 0.5, 0.5 ], "autoUv": false }
											}
										},
										{
											"name": "RwoolN3",
											"from": [ 0.75, -0.15, -0.075 ],
											"to": [ 1.5, 0.825, 0.3 ],
											"uv": [ 0.0, 0.0 ],
											"rotationOrigin": [ 0.75, 0.6037, 0.15 ],
											"faces": {
												"north": { "texture": "#shoes", "uv": [ 11.0, 3.0, 12.0, 4.0 ], "autoUv": false },
												"east": { "texture": "#shoes", "uv": [ 0.0, 0.0, 0.5, 1.0 ], "autoUv": false },
												"south": { "texture": "#shoes", "uv": [ 3.0, 1.5, 4.0, 2.5 ], "autoUv": false },
												"west": { "texture": "#shoes", "uv": [ 0.0, 0.0, 0.5, 1.0 ], "autoUv": false },
												"up": { "texture": "#shoes", "uv": [ 11.0, 2.0, 12.0, 2.5 ], "autoUv": false },
												"down": { "texture": "#shoes", "uv": [ 0.0, 0.0, 1.0, 0.5 ], "autoUv": false }
											}
										},
										{
											"name": "RwoolN4",
											"from": [ 1.875, 0.15, -0.075 ],
											"to": [ 2.625, 0.9, 0.3 ],
											"uv": [ 0.0, 0.0 ],
											"rotationOrigin": [ 1.875, 0.9037, 0.15 ],
											"faces": {
												"north": { "texture": "#shoes", "uv": [ 11.0, 3.0, 12.0, 4.0 ], "autoUv": false },
												"east": { "texture": "#shoes", "uv": [ 0.0, 0.0, 0.5, 1.0 ], "autoUv": false },
												"south": { "texture": "#shoes", "uv": [ 3.0, 1.5, 4.0, 2.5 ], "autoUv": false },
												"west": { "texture": "#shoes", "uv": [ 0.0, 0.0, 0.5, 1.0 ], "autoUv": false },
												"up": { "texture": "#shoes", "uv": [ 11.0, 2.0, 12.0, 2.5 ], "autoUv": false },
												"down": { "texture": "#shoes", "uv": [ 0.0, 0.0, 1.0, 0.5 ], "autoUv": false }
											}
										},
										{
											"name": "RwoolN5",
											"from": [ 2.625, -0.075, 0.0 ],
											"to": [ 3.3, 0.825, 0.375 ],
											"uv": [ 0.0, 0.0 ],
											"rotationOrigin": [ 2.625, 0.6787, 0.225 ],
											"faces": {
												"north": { "texture": "#shoes", "uv": [ 11.0, 3.0, 11.5, 4.0 ], "autoUv": false },
												"east": { "texture": "#shoes", "uv": [ 0.0, 0.0, 0.5, 1.0 ], "autoUv": false },
												"south": { "texture": "#shoes", "uv": [ 3.0, 1.5, 3.5, 2.5 ], "autoUv": false },
												"west": { "texture": "#shoes", "uv": [ 0.0, 0.0, 0.5, 1.0 ], "autoUv": false },
												"up": { "texture": "#shoes", "uv": [ 11.0, 2.0, 11.5, 2.5 ], "autoUv": false },
												"down": { "texture": "#shoes", "uv": [ 0.0, 0.0, 0.5, 0.5 ], "autoUv": false }
											}
										}
									]
								}
							]
						},
						{
							"name": "RflapS",
							"from": [ 0.0, 0.0, 2.25 ],
							"to": [ 3.15, 1.125, 2.4 ],
							"uv": [ 7.0, 1.5 ],
							"rotationOrigin": [ 0.0, 0.0, 2.25 ],
							"rotationX": 8.0,
							"faces": {
								"north": { "texture": "#shoes", "uv": [ 7.0, 1.5, 11.0, 3.0 ], "autoUv": false },
								"east": { "texture": "#shoes", "uv": [ 13.5, 9.5, 14.0, 11.0 ], "autoUv": false },
								"south": { "texture": "#shoes", "uv": [ 10.0, 9.5, 14.0, 11.0 ], "autoUv": false },
								"west": { "texture": "#shoes", "uv": [ 9.5, 9.5, 10.0, 11.0 ], "autoUv": false },
								"up": { "texture": "#shoes", "uv": [ 9.0, 5.5, 13.0, 6.0 ], "autoUv": false }
							},
							"children": [
								{
									"name": "RWoolS1",
									"from": [ -0.075, 0.45, -0.075 ],
									"to": [ 0.675, 1.2, 0.15 ],
									"uv": [ 8.5, 4.5 ],
									"rotationOrigin": [ -0.075, 1.2, -0.075 ],
									"rotationX": -8.0,
									"faces": {
										"east": { "texture": "#shoes", "uv": [ 8.5, 4.5, 9.0, 5.5 ], "autoUv": false },
										"south": { "texture": "#shoes", "uv": [ 11.0, 5.0, 12.0, 6.0 ], "autoUv": false },
										"west": { "texture": "#shoes", "uv": [ 11.5, 5.5, 12.0, 6.5 ], "autoUv": false },
										"up": { "texture": "#shoes", "uv": [ 8.5, 5.5, 9.5, 6.0 ], "autoUv": false },
										"down": { "texture": "#shoes", "uv": [ 11.5, 6.0, 12.5, 6.5 ], "autoUv": false }
									},
									"children": [
										{
											"name": "RWoolS2",
											"from": [ 0.75, -0.2228, 0.0 ],
											"to": [ 1.125, 0.6772, 0.3 ],
											"uv": [ 8.5, 4.5 ],
											"rotationOrigin": [ 0.75, 0.5272, 0.0 ],
											"faces": {
												"east": { "texture": "#shoes", "uv": [ 8.5, 4.5, 9.0, 5.5 ], "autoUv": false },
												"south": { "texture": "#shoes", "uv": [ 11.0, 5.0, 11.5, 6.0 ], "autoUv": false },
												"west": { "texture": "#shoes", "uv": [ 11.5, 5.5, 12.0, 6.5 ], "autoUv": false },
												"up": { "texture": "#shoes", "uv": [ 8.5, 5.5, 9.0, 6.0 ], "autoUv": false },
												"down": { "texture": "#shoes", "uv": [ 11.5, 6.0, 12.0, 6.5 ], "autoUv": false }
											}
										},
										{
											"name": "RWoolS3",
											"from": [ 1.125, -0.15, 0.0 ],
											"to": [ 1.875, 0.75, 0.225 ],
											"uv": [ 9.0, 4.5 ],
											"rotationOrigin": [ 1.125, 0.6022, 0.0 ],
											"faces": {
												"east": { "texture": "#shoes", "uv": [ 10.0, 5.0, 10.5, 6.0 ], "autoUv": false },
												"south": { "texture": "#shoes", "uv": [ 9.0, 6.0, 10.0, 7.0 ], "autoUv": false },
												"west": { "texture": "#shoes", "uv": [ 9.5, 6.0, 10.0, 7.0 ], "autoUv": false },
												"up": { "texture": "#shoes", "uv": [ 9.5, 4.5, 10.5, 5.0 ], "autoUv": false },
												"down": { "texture": "#shoes", "uv": [ 9.5, 5.5, 10.5, 6.0 ], "autoUv": false }
											}
										},
										{
											"name": "RWoolS4",
											"from": [ 1.875, -0.45, 0.0 ],
											"to": [ 2.25, 0.675, 0.3 ],
											"uv": [ 8.5, 4.5 ],
											"rotationOrigin": [ 1.875, 0.3022, 0.0 ],
											"faces": {
												"east": { "texture": "#shoes", "uv": [ 8.5, 4.5, 9.0, 6.0 ], "autoUv": false },
												"south": { "texture": "#shoes", "uv": [ 11.0, 5.0, 11.5, 6.5 ], "autoUv": false },
												"west": { "texture": "#shoes", "uv": [ 11.5, 5.5, 12.0, 7.0 ], "autoUv": false },
												"up": { "texture": "#shoes", "uv": [ 8.5, 5.5, 9.0, 6.0 ], "autoUv": false },
												"down": { "texture": "#shoes", "uv": [ 11.5, 6.0, 12.0, 6.5 ], "autoUv": false }
											}
										},
										{
											"name": "RWoolS5",
											"from": [ 2.25, -0.15, 0.0 ],
											"to": [ 2.625, 0.75, 0.225 ],
											"uv": [ 9.0, 4.5 ],
											"rotationOrigin": [ 2.25, 0.6022, 0.0 ],
											"faces": {
												"east": { "texture": "#shoes", "uv": [ 10.0, 5.0, 10.5, 6.0 ], "autoUv": false },
												"south": { "texture": "#shoes", "uv": [ 9.0, 5.5, 9.5, 6.5 ], "autoUv": false },
												"west": { "texture": "#shoes", "uv": [ 9.5, 6.0, 10.0, 7.0 ], "autoUv": false },
												"up": { "texture": "#shoes", "uv": [ 9.5, 4.5, 10.0, 5.0 ], "autoUv": false },
												"down": { "texture": "#shoes", "uv": [ 9.5, 5.5, 10.0, 6.0 ], "autoUv": false }
											}
										},
										{
											"name": "RWoolS6",
											"from": [ 2.625, -0.075, 0.0 ],
											"to": [ 3.3, 0.675, 0.3 ],
											"uv": [ 8.5, 4.5 ],
											"rotationOrigin": [ 2.625, 0.6772, 0.0 ],
											"faces": {
												"east": { "texture": "#shoes", "uv": [ 8.5, 4.5, 9.0, 5.5 ], "autoUv": false },
												"south": { "texture": "#shoes", "uv": [ 11.0, 5.0, 11.5, 6.0 ], "autoUv": false },
												"west": { "texture": "#shoes", "uv": [ 11.5, 5.5, 12.0, 6.5 ], "autoUv": false },
												"up": { "texture": "#shoes", "uv": [ 8.5, 5.5, 9.0, 6.0 ], "autoUv": false },
												"down": { "texture": "#shoes", "uv": [ 11.5, 6.0, 12.0, 6.5 ], "autoUv": false }
											}
										}
									]
								}
							]
						},
						{
							"name": "RflapE",
							"from": [ 3.0, 0.0, 0.0 ],
							"to": [ 3.15, 1.125, 2.4 ],
							"uv": [ 0.0, 2.0 ],
							"rotationOrigin": [ 3.0, 0.0, 0.0 ],
							"rotationZ": -7.0,
							"faces": {
								"north": { "texture": "#shoes", "uv": [ 2.5, 17.5, 3.0, 19.0 ], "autoUv": false },
								"east": { "texture": "#shoes", "uv": [ 0.0, 9.5, 3.0, 11.0 ], "autoUv": false },
								"south": { "texture": "#shoes", "uv": [ 0.0, 17.5, 0.5, 19.0 ], "autoUv": false },
								"west": { "texture": "#shoes", "uv": [ 0.0, 2.0, 3.0, 3.5 ], "autoUv": false },
								"up": { "texture": "#shoes", "uv": [ 10.0, 4.0, 13.0, 4.5 ], "rotation": 270, "autoUv": false }
							},
							"children": [
								{
									"name": "LwoolW6",
									"from": [ 0.0, 0.45, 0.15 ],
									"to": [ 0.375, 1.2, 0.9 ],
									"uv": [ 0.0, 0.0 ],
									"rotationOrigin": [ 0.0, 1.2, 0.15 ],
									"rotationZ": 7.0,
									"faces": {
										"north": { "texture": "#shoes", "uv": [ 0.0, 0.0, 0.5, 1.0 ], "autoUv": false },
										"east": { "texture": "#shoes", "uv": [ 0.0, 0.0, 1.0, 1.0 ], "autoUv": false },
										"south": { "texture": "#shoes", "uv": [ 0.0, 0.0, 0.5, 1.0 ], "autoUv": false },
										"west": { "texture": "#shoes", "uv": [ 9.5, 3.5, 10.5, 4.5 ], "autoUv": false },
										"up": { "texture": "#shoes", "uv": [ 8.0, 5.5, 9.0, 6.0 ], "rotation": 90, "autoUv": false },
										"down": { "texture": "#shoes", "uv": [ 0.0, 0.0, 0.5, 1.0 ], "autoUv": false }
									},
									"children": [
										{
											"name": "LwoolW7",
											"from": [ -0.0534, -0.3075, 0.75 ],
											"to": [ 0.3216, 0.6675, 1.125 ],
											"uv": [ 0.0, 0.0 ],
											"rotationOrigin": [ 0.1716, 0.441, 0.75 ],
											"faces": {
												"north": { "texture": "#shoes", "uv": [ 0.0, 0.0, 0.5, 1.0 ], "autoUv": false },
												"east": { "texture": "#shoes", "uv": [ 0.0, 0.0, 0.5, 1.0 ], "autoUv": false },
												"south": { "texture": "#shoes", "uv": [ 0.0, 0.0, 0.5, 1.0 ], "autoUv": false },
												"west": { "texture": "#shoes", "uv": [ 9.5, 3.5, 10.0, 4.5 ], "autoUv": false },
												"up": { "texture": "#shoes", "uv": [ 8.0, 5.5, 8.5, 6.0 ], "rotation": 90, "autoUv": false },
												"down": { "texture": "#shoes", "uv": [ 0.0, 0.0, 0.5, 0.5 ], "autoUv": false }
											}
										},
										{
											"name": "LwoolW8",
											"from": [ 0.0522, -0.375, 1.125 ],
											"to": [ 0.4272, 0.75, 1.875 ],
											"uv": [ 0.0, 0.0 ],
											"rotationOrigin": [ 0.2772, 0.3787, 1.125 ],
											"faces": {
												"north": { "texture": "#shoes", "uv": [ 0.0, 0.0, 0.5, 1.5 ], "autoUv": false },
												"east": { "texture": "#shoes", "uv": [ 0.0, 0.0, 1.0, 1.5 ], "autoUv": false },
												"south": { "texture": "#shoes", "uv": [ 0.0, 0.0, 0.5, 1.5 ], "autoUv": false },
												"west": { "texture": "#shoes", "uv": [ 9.5, 3.5, 10.5, 5.0 ], "autoUv": false },
												"up": { "texture": "#shoes", "uv": [ 8.0, 5.5, 9.0, 6.0 ], "rotation": 90, "autoUv": false },
												"down": { "texture": "#shoes", "uv": [ 0.0, 0.0, 0.5, 1.0 ], "autoUv": false }
											}
										},
										{
											"name": "LwoolW9",
											"from": [ -0.075, -0.6, 1.875 ],
											"to": [ 0.3, 0.675, 2.4 ],
											"uv": [ 0.0, 0.0 ],
											"rotationOrigin": [ 0.15, 0.15, 1.875 ],
											"faces": {
												"north": { "texture": "#shoes", "uv": [ 0.0, 0.0, 0.5, 1.5 ], "autoUv": false },
												"east": { "texture": "#shoes", "uv": [ 0.0, 0.0, 0.5, 1.5 ], "autoUv": false },
												"south": { "texture": "#shoes", "uv": [ 0.0, 0.0, 0.5, 1.5 ], "autoUv": false },
												"west": { "texture": "#shoes", "uv": [ 9.5, 3.5, 10.0, 5.0 ], "autoUv": false },
												"up": { "texture": "#shoes", "uv": [ 8.0, 5.5, 8.5, 6.0 ], "rotation": 90, "autoUv": false },
												"down": { "texture": "#shoes", "uv": [ 0.0, 0.0, 0.5, 0.5 ], "autoUv": false }
											}
										},
										{
											"name": "LwoolW10",
											"from": [ 0.0, -0.45, -0.375 ],
											"to": [ 0.375, 0.675, 0.0 ],
											"uv": [ 0.0, 0.0 ],
											"rotationOrigin": [ 0.225, 0.3037, -0.375 ],
											"faces": {
												"north": { "texture": "#shoes", "uv": [ 0.0, 0.0, 0.5, 1.5 ], "autoUv": false },
												"east": { "texture": "#shoes", "uv": [ 0.0, 0.0, 0.5, 1.5 ], "autoUv": false },
												"south": { "texture": "#shoes", "uv": [ 0.0, 0.0, 0.5, 1.5 ], "autoUv": false },
												"west": { "texture": "#shoes", "uv": [ 9.5, 3.5, 10.0, 5.0 ], "autoUv": false },
												"up": { "texture": "#shoes", "uv": [ 8.0, 5.5, 8.5, 6.0 ], "rotation": 90, "autoUv": false },
												"down": { "texture": "#shoes", "uv": [ 0.0, 0.0, 0.5, 0.5 ], "autoUv": false }
											}
										}
									]
								}
							]
						},
						{
							"name": "RflapW",
							"from": [ 0.0, 0.0, 0.0 ],
							"to": [ 0.15, 1.125, 2.4 ],
							"uv": [ 7.0, 1.0 ],
							"rotationOrigin": [ 0.15, 0.0, 0.0 ],
							"rotationZ": 8.0,
							"faces": {
								"north": { "texture": "#shoes", "uv": [ 7.0, 17.5, 7.5, 19.0 ], "autoUv": false },
								"east": { "texture": "#shoes", "uv": [ 7.5, 1.0, 10.5, 2.5 ], "autoUv": false },
								"south": { "texture": "#shoes", "uv": [ 7.5, 17.5, 8.0, 19.0 ], "autoUv": false },
								"west": { "texture": "#shoes", "uv": [ 7.0, 17.5, 10.0, 19.0 ], "autoUv": false },
								"up": { "texture": "#shoes", "uv": [ 9.0, 5.5, 12.0, 6.0 ], "rotation": 90, "autoUv": false }
							},
							"children": [
								{
									"name": "LbackWool6",
									"from": [ -0.15, 0.075, -0.15 ],
									"to": [ 0.225, 1.2, 0.3 ],
									"uv": [ 8.5, 4.5 ],
									"rotationOrigin": [ -0.15, 0.825, -0.15 ],
									"rotationZ": -8.0,
									"faces": {
										"north": { "texture": "#shoes", "uv": [ 10.0, 4.5, 10.5, 6.0 ], "autoUv": false },
										"east": { "texture": "#shoes", "uv": [ 9.5, 5.5, 10.0, 7.0 ], "autoUv": false },
										"south": { "texture": "#shoes", "uv": [ 8.5, 5.0, 9.0, 6.5 ], "autoUv": false },
										"west": { "texture": "#shoes", "uv": [ 10.5, 5.5, 11.0, 7.0 ], "autoUv": false },
										"up": { "texture": "#shoes", "uv": [ 12.5, 6.0, 13.0, 6.5 ], "rotation": 270, "autoUv": false },
										"down": { "texture": "#shoes", "uv": [ 13.0, 5.0, 13.5, 5.5 ], "autoUv": false }
									},
									"children": [
										{
											"name": "LbackWool7",
											"from": [ 0.0534, -0.3, 0.45 ],
											"to": [ 0.4284, 1.2, 0.9 ],
											"uv": [ 8.5, 4.5 ],
											"rotationOrigin": [ 0.0534, 0.45, 0.45 ],
											"faces": {
												"north": { "texture": "#shoes", "uv": [ 10.0, 4.5, 10.5, 6.5 ], "autoUv": false },
												"east": { "texture": "#shoes", "uv": [ 11.0, 4.5, 11.5, 6.5 ], "autoUv": false },
												"south": { "texture": "#shoes", "uv": [ 8.5, 5.0, 9.0, 7.0 ], "autoUv": false },
												"west": { "texture": "#shoes", "uv": [ 10.5, 5.5, 11.0, 7.5 ], "autoUv": false },
												"up": { "texture": "#shoes", "uv": [ 12.5, 6.0, 13.0, 6.5 ], "rotation": 270, "autoUv": false },
												"down": { "texture": "#shoes", "uv": [ 13.0, 5.0, 13.5, 5.5 ], "autoUv": false }
											}
										},
										{
											"name": "LbackWool8",
											"from": [ 0.0, 0.3, 0.9 ],
											"to": [ 0.375, 1.125, 1.65 ],
											"uv": [ 8.5, 4.5 ],
											"rotationOrigin": [ 0.0, 1.05, 0.9 ],
											"faces": {
												"north": { "texture": "#shoes", "uv": [ 10.0, 4.5, 10.5, 5.5 ], "autoUv": false },
												"east": { "texture": "#shoes", "uv": [ 9.5, 5.0, 10.5, 6.0 ], "autoUv": false },
												"south": { "texture": "#shoes", "uv": [ 8.5, 5.0, 9.0, 6.0 ], "autoUv": false },
												"west": { "texture": "#shoes", "uv": [ 10.5, 5.5, 11.5, 6.5 ], "autoUv": false },
												"up": { "texture": "#shoes", "uv": [ 12.5, 6.0, 13.5, 6.5 ], "rotation": 270, "autoUv": false },
												"down": { "texture": "#shoes", "uv": [ 13.0, 5.0, 13.5, 6.0 ], "autoUv": false }
											}
										},
										{
											"name": "LbackWool9",
											"from": [ 0.0534, 0.075, 1.575 ],
											"to": [ 0.4284, 1.2, 1.95 ],
											"uv": [ 8.5, 4.0 ],
											"rotationOrigin": [ 0.0534, 0.825, 1.575 ],
											"faces": {
												"north": { "texture": "#shoes", "uv": [ 10.0, 4.5, 10.5, 6.0 ], "autoUv": false },
												"east": { "texture": "#shoes", "uv": [ 11.0, 4.0, 11.5, 5.5 ], "autoUv": false },
												"south": { "texture": "#shoes", "uv": [ 8.5, 5.0, 9.0, 6.5 ], "autoUv": false },
												"west": { "texture": "#shoes", "uv": [ 10.5, 5.5, 11.0, 7.0 ], "autoUv": false },
												"up": { "texture": "#shoes", "uv": [ 12.5, 6.0, 13.0, 6.5 ], "rotation": 270, "autoUv": false },
												"down": { "texture": "#shoes", "uv": [ 13.0, 5.0, 13.5, 5.5 ], "autoUv": false }
											}
										},
										{
											"name": "LbackWool10",
											"from": [ 0.0, 0.375, 1.95 ],
											"to": [ 0.375, 1.125, 2.7 ],
											"uv": [ 8.5, 4.5 ],
											"rotationOrigin": [ 0.0, 1.125, 1.95 ],
											"faces": {
												"north": { "texture": "#shoes", "uv": [ 10.0, 4.5, 10.5, 5.5 ], "autoUv": false },
												"east": { "texture": "#shoes", "uv": [ 9.5, 4.5, 10.5, 5.5 ], "autoUv": false },
												"south": { "texture": "#shoes", "uv": [ 8.5, 5.0, 9.0, 6.0 ], "autoUv": false },
												"west": { "texture": "#shoes", "uv": [ 10.5, 5.5, 11.5, 6.5 ], "autoUv": false },
												"up": { "texture": "#shoes", "uv": [ 12.5, 6.0, 13.5, 6.5 ], "rotation": 270, "autoUv": false },
												"down": { "texture": "#shoes", "uv": [ 13.0, 5.0, 13.5, 6.0 ], "autoUv": false }
											}
										}
									]
								}
							]
						}
					]
				},
				{
					"name": "showshoeR",
					"from": [ 0.0, 4.125, 0.0 ],
					"to": [ 3.15, 4.875, 2.4 ],
					"unwrapMode": 4,
					"uv": [ 2.0, 0.0 ],
					"rotationOrigin": [ 0.0, 4.125, 0.0 ],
					"faces": {
						"north": { "texture": "#shoes", "uv": [ 2.0, 0.0, 6.0, 1.0 ], "autoUv": false },
						"east": { "texture": "#shoes", "uv": [ 13.0, 0.0, 16.0, 1.0 ], "autoUv": false },
						"south": { "texture": "#shoes", "uv": [ 9.0, 0.0, 13.0, 1.0 ], "autoUv": false },
						"west": { "texture": "#shoes", "uv": [ 6.0, 0.0, 9.0, 1.0 ], "autoUv": false }
					}
				}
			]
		},
		{
			"name": "shoe L",
			"stepParentName": "LowerFootL",
			"from": [ -0.075, -0.075, -0.075 ],
			"to": [ 3.075, 4.05, 2.325 ],
			"autoUnwrap": false,
			"uv": [ 0.0, 6.0 ],
			"rotationOrigin": [ -0.075, -0.075, -0.075 ],
			"faces": {
				"north": { "texture": "#shoes", "uv": [ 0.0, 10.5, 4.0, 16.0 ], "autoUv": false },
				"east": { "texture": "#shoes", "uv": [ 4.0, 10.5, 7.0, 16.0 ], "autoUv": false },
				"south": { "texture": "#shoes", "uv": [ 7.0, 10.5, 11.0, 16.0 ], "autoUv": false },
				"west": { "texture": "#shoes", "uv": [ 11.0, 10.5, 14.0, 16.0 ], "autoUv": false },
				"up": { "texture": "#shoes", "uv": [ 0.0, 4.0, 3.0, 8.0 ], "rotation": 90, "autoUv": false },
				"down": { "texture": "#shoes", "uv": [ 4.0, 4.0, 7.0, 8.0 ], "rotation": 90, "autoUv": false }
			},
			"children": [
				{
					"name": "hideshoeL",
					"from": [ 0.0, 3.75, 0.0 ],
					"to": [ 0.75, 4.5, 0.75 ],
					"uv": [ 0.0, 0.0 ],
					"rotationOrigin": [ 0.0, 3.75, 0.0 ],
					"faces": {
					},
					"children": [
						{
							"name": "N fold 23",
							"from": [ 0.0, 0.0, 0.0 ],
							"to": [ 3.15, 1.125, 0.15 ],
							"uv": [ 0.0, 1.0 ],
							"rotationOrigin": [ 0.0, 0.0, 0.15 ],
							"rotationX": -8.0,
							"faces": {
								"north": { "texture": "#shoes", "uv": [ 0.0, 9.5, 4.0, 11.0 ], "autoUv": false },
								"east": { "texture": "#shoes", "uv": [ 0.0, 9.5, 0.5, 11.0 ], "autoUv": false },
								"south": { "texture": "#shoes", "uv": [ 0.0, 1.0, 4.0, 2.5 ], "autoUv": false },
								"west": { "texture": "#shoes", "uv": [ 3.5, 9.5, 4.0, 11.0 ], "autoUv": false },
								"up": { "texture": "#shoes", "uv": [ 8.0, 4.0, 12.0, 4.5 ], "autoUv": false }
							},
							"children": [
								{
									"name": "LfoldN1",
									"from": [ 0.0, 0.375, -0.075 ],
									"to": [ 0.75, 1.125, 0.3 ],
									"uv": [ 0.0, 0.0 ],
									"rotationOrigin": [ 0.0, 1.125, 0.15 ],
									"rotationX": 8.0,
									"faces": {
										"north": { "texture": "#shoes", "uv": [ 11.0, 3.0, 12.0, 4.0 ], "autoUv": false },
										"east": { "texture": "#shoes", "uv": [ 0.0, 0.0, 0.5, 1.0 ], "autoUv": false, "windMode": [-1,-1,-1,-1] },
										"south": { "texture": "#shoes", "uv": [ 3.0, 1.5, 4.0, 2.5 ], "autoUv": false, "windMode": [-1,-1,-1,-1] },
										"west": { "texture": "#shoes", "uv": [ 0.0, 0.0, 0.5, 1.0 ], "autoUv": false, "windMode": [-1,-1,-1,-1] },
										"up": { "texture": "#shoes", "uv": [ 11.0, 2.0, 12.0, 2.5 ], "autoUv": false },
										"down": { "texture": "#shoes", "uv": [ 0.0, 0.0, 1.0, 0.5 ], "autoUv": false, "windMode": [-1,-1,-1,-1] }
									},
									"children": [
										{
											"name": "LfoldN2",
											"from": [ 1.5, -0.3713, 0.0 ],
											"to": [ 1.875, 0.7537, 0.375 ],
											"uv": [ 0.0, 0.0 ],
											"rotationOrigin": [ 1.5, 0.3787, 0.225 ],
											"faces": {
												"north": { "texture": "#shoes", "uv": [ 11.0, 3.0, 11.5, 4.5 ], "autoUv": false },
												"east": { "texture": "#shoes", "uv": [ 0.0, 0.0, 0.5, 1.5 ], "autoUv": false },
												"south": { "texture": "#shoes", "uv": [ 3.0, 1.5, 3.5, 3.0 ], "autoUv": false },
												"west": { "texture": "#shoes", "uv": [ 0.0, 0.0, 0.5, 1.5 ], "autoUv": false },
												"up": { "texture": "#shoes", "uv": [ 11.0, 2.0, 11.5, 2.5 ], "autoUv": false },
												"down": { "texture": "#shoes", "uv": [ 0.0, 0.0, 0.5, 0.5 ], "autoUv": false }
											}
										},
										{
											"name": "LfoldN3",
											"from": [ 0.75, -0.15, -0.075 ],
											"to": [ 1.5, 0.825, 0.3 ],
											"uv": [ 0.0, 0.0 ],
											"rotationOrigin": [ 0.75, 0.6037, 0.15 ],
											"faces": {
												"north": { "texture": "#shoes", "uv": [ 11.0, 3.0, 12.0, 4.0 ], "autoUv": false },
												"east": { "texture": "#shoes", "uv": [ 0.0, 0.0, 0.5, 1.0 ], "autoUv": false },
												"south": { "texture": "#shoes", "uv": [ 3.0, 1.5, 4.0, 2.5 ], "autoUv": false },
												"west": { "texture": "#shoes", "uv": [ 0.0, 0.0, 0.5, 1.0 ], "autoUv": false },
												"up": { "texture": "#shoes", "uv": [ 11.0, 2.0, 12.0, 2.5 ], "autoUv": false },
												"down": { "texture": "#shoes", "uv": [ 0.0, 0.0, 1.0, 0.5 ], "autoUv": false }
											}
										},
										{
											"name": "LfoldN4",
											"from": [ 1.875, 0.15, -0.075 ],
											"to": [ 2.625, 0.9, 0.3 ],
											"uv": [ 0.0, 0.0 ],
											"rotationOrigin": [ 1.875, 0.9037, 0.15 ],
											"faces": {
												"north": { "texture": "#shoes", "uv": [ 11.0, 3.0, 12.0, 4.0 ], "autoUv": false },
												"east": { "texture": "#shoes", "uv": [ 0.0, 0.0, 0.5, 1.0 ], "autoUv": false },
												"south": { "texture": "#shoes", "uv": [ 3.0, 1.5, 4.0, 2.5 ], "autoUv": false },
												"west": { "texture": "#shoes", "uv": [ 0.0, 0.0, 0.5, 1.0 ], "autoUv": false },
												"up": { "texture": "#shoes", "uv": [ 11.0, 2.0, 12.0, 2.5 ], "autoUv": false },
												"down": { "texture": "#shoes", "uv": [ 0.0, 0.0, 1.0, 0.5 ], "autoUv": false }
											}
										},
										{
											"name": "LfoldN5",
											"from": [ 2.625, -0.075, 0.0 ],
											"to": [ 3.3, 0.825, 0.375 ],
											"uv": [ 0.0, 0.0 ],
											"rotationOrigin": [ 2.625, 0.6787, 0.225 ],
											"faces": {
												"north": { "texture": "#shoes", "uv": [ 11.0, 3.0, 11.5, 4.0 ], "autoUv": false },
												"east": { "texture": "#shoes", "uv": [ 0.0, 0.0, 0.5, 1.0 ], "autoUv": false },
												"south": { "texture": "#shoes", "uv": [ 3.0, 1.5, 3.5, 2.5 ], "autoUv": false },
												"west": { "texture": "#shoes", "uv": [ 0.0, 0.0, 0.5, 1.0 ], "autoUv": false },
												"up": { "texture": "#shoes", "uv": [ 11.0, 2.0, 11.5, 2.5 ], "autoUv": false },
												"down": { "texture": "#shoes", "uv": [ 0.0, 0.0, 0.5, 0.5 ], "autoUv": false }
											}
										}
									]
								}
							]
						},
						{
							"name": "S fold 24",
							"from": [ 0.0, 0.0, 2.25 ],
							"to": [ 3.15, 1.125, 2.4 ],
							"uv": [ 7.0, 2.0 ],
							"rotationOrigin": [ 0.0, 0.0, 2.25 ],
							"rotationX": 8.0,
							"faces": {
								"north": { "texture": "#shoes", "uv": [ 9.5, 2.0, 13.5, 3.5 ], "autoUv": false },
								"east": { "texture": "#shoes", "uv": [ 10.5, 9.5, 11.0, 11.0 ], "autoUv": false },
								"south": { "texture": "#shoes", "uv": [ 7.0, 9.5, 11.0, 11.0 ], "autoUv": false },
								"west": { "texture": "#shoes", "uv": [ 7.0, 9.5, 7.5, 11.0 ], "autoUv": false },
								"up": { "texture": "#shoes", "uv": [ 10.0, 4.0, 14.0, 4.5 ], "autoUv": false }
							},
							"children": [
								{
									"name": "LWoolS1",
									"from": [ -0.075, 0.45, -0.075 ],
									"to": [ 0.675, 1.2, 0.15 ],
									"uv": [ 8.5, 4.5 ],
									"rotationOrigin": [ -0.075, 1.2, -0.075 ],
									"rotationX": -8.0,
									"faces": {
										"east": { "texture": "#shoes", "uv": [ 8.5, 4.5, 9.0, 5.5 ], "autoUv": false, "windMode": [-1,-1,-1,-1] },
										"south": { "texture": "#shoes", "uv": [ 11.0, 5.0, 12.0, 6.0 ], "autoUv": false },
										"west": { "texture": "#shoes", "uv": [ 11.5, 5.5, 12.0, 6.5 ], "autoUv": false, "windMode": [-1,-1,-1,-1] },
										"up": { "texture": "#shoes", "uv": [ 8.5, 5.5, 9.5, 6.0 ], "autoUv": false, "windMode": [-1,-1,-1,-1] },
										"down": { "texture": "#shoes", "uv": [ 11.5, 6.0, 12.5, 6.5 ], "autoUv": false, "windMode": [-1,-1,-1,-1] }
									},
									"children": [
										{
											"name": "LWoolS2",
											"from": [ 0.75, -0.2228, 0.0 ],
											"to": [ 1.125, 0.6772, 0.3 ],
											"uv": [ 8.5, 4.5 ],
											"rotationOrigin": [ 0.75, 0.5272, 0.0 ],
											"faces": {
												"east": { "texture": "#shoes", "uv": [ 8.5, 4.5, 9.0, 5.5 ], "autoUv": false },
												"south": { "texture": "#shoes", "uv": [ 11.0, 5.0, 11.5, 6.0 ], "autoUv": false },
												"west": { "texture": "#shoes", "uv": [ 11.5, 5.5, 12.0, 6.5 ], "autoUv": false },
												"up": { "texture": "#shoes", "uv": [ 8.5, 5.5, 9.0, 6.0 ], "autoUv": false },
												"down": { "texture": "#shoes", "uv": [ 11.5, 6.0, 12.0, 6.5 ], "autoUv": false }
											}
										},
										{
											"name": "LWoolS3",
											"from": [ 1.125, -0.15, 0.0 ],
											"to": [ 1.875, 0.75, 0.225 ],
											"uv": [ 9.0, 4.5 ],
											"rotationOrigin": [ 1.125, 0.6022, 0.0 ],
											"faces": {
												"east": { "texture": "#shoes", "uv": [ 10.0, 5.0, 10.5, 6.0 ], "autoUv": false },
												"south": { "texture": "#shoes", "uv": [ 9.0, 6.0, 10.0, 7.0 ], "autoUv": false },
												"west": { "texture": "#shoes", "uv": [ 9.5, 6.0, 10.0, 7.0 ], "autoUv": false },
												"up": { "texture": "#shoes", "uv": [ 9.5, 4.5, 10.5, 5.0 ], "autoUv": false },
												"down": { "texture": "#shoes", "uv": [ 9.5, 5.5, 10.5, 6.0 ], "autoUv": false }
											}
										},
										{
											"name": "LWoolS4",
											"from": [ 1.875, -0.45, 0.0 ],
											"to": [ 2.25, 0.675, 0.3 ],
											"uv": [ 8.5, 4.5 ],
											"rotationOrigin": [ 1.875, 0.3022, 0.0 ],
											"faces": {
												"east": { "texture": "#shoes", "uv": [ 8.5, 4.5, 9.0, 6.0 ], "autoUv": false },
												"south": { "texture": "#shoes", "uv": [ 11.0, 5.0, 11.5, 6.5 ], "autoUv": false },
												"west": { "texture": "#shoes", "uv": [ 11.5, 5.5, 12.0, 7.0 ], "autoUv": false },
												"up": { "texture": "#shoes", "uv": [ 8.5, 5.5, 9.0, 6.0 ], "autoUv": false },
												"down": { "texture": "#shoes", "uv": [ 11.5, 6.0, 12.0, 6.5 ], "autoUv": false }
											}
										},
										{
											"name": "LWoolS5",
											"from": [ 2.25, -0.15, 0.0 ],
											"to": [ 2.625, 0.75, 0.225 ],
											"uv": [ 9.0, 4.5 ],
											"rotationOrigin": [ 2.25, 0.6022, 0.0 ],
											"faces": {
												"east": { "texture": "#shoes", "uv": [ 10.0, 5.0, 10.5, 6.0 ], "autoUv": false },
												"south": { "texture": "#shoes", "uv": [ 9.0, 5.5, 9.5, 6.5 ], "autoUv": false },
												"west": { "texture": "#shoes", "uv": [ 9.5, 6.0, 10.0, 7.0 ], "autoUv": false },
												"up": { "texture": "#shoes", "uv": [ 9.5, 4.5, 10.0, 5.0 ], "autoUv": false },
												"down": { "texture": "#shoes", "uv": [ 9.5, 5.5, 10.0, 6.0 ], "autoUv": false }
											}
										},
										{
											"name": "LWoolS6",
											"from": [ 2.625, -0.075, 0.0 ],
											"to": [ 3.3, 0.675, 0.3 ],
											"uv": [ 8.5, 4.5 ],
											"rotationOrigin": [ 2.625, 0.6772, 0.0 ],
											"faces": {
												"east": { "texture": "#shoes", "uv": [ 8.5, 4.5, 9.0, 5.5 ], "autoUv": false },
												"south": { "texture": "#shoes", "uv": [ 11.0, 5.0, 11.5, 6.0 ], "autoUv": false },
												"west": { "texture": "#shoes", "uv": [ 11.5, 5.5, 12.0, 6.5 ], "autoUv": false },
												"up": { "texture": "#shoes", "uv": [ 8.5, 5.5, 9.0, 6.0 ], "autoUv": false },
												"down": { "texture": "#shoes", "uv": [ 11.5, 6.0, 12.0, 6.5 ], "autoUv": false }
											}
										}
									]
								}
							]
						},
						{
							"name": "Lback fold 25",
							"from": [ 3.0, 0.0, 0.0 ],
							"to": [ 3.15, 1.125, 2.4 ],
							"uv": [ 6.5, 2.5 ],
							"rotationOrigin": [ 3.0, 0.0, 0.0 ],
							"rotationZ": -7.0,
							"faces": {
								"north": { "texture": "#shoes", "uv": [ 13.5, 9.5, 14.0, 11.0 ], "autoUv": false },
								"east": { "texture": "#shoes", "uv": [ 11.0, 9.5, 14.0, 11.0 ], "autoUv": false },
								"south": { "texture": "#shoes", "uv": [ 11.0, 9.5, 11.5, 11.0 ], "autoUv": false },
								"west": { "texture": "#shoes", "uv": [ 6.5, 2.5, 9.5, 4.0 ], "autoUv": false },
								"up": { "texture": "#shoes", "uv": [ 10.0, 5.0, 13.0, 5.5 ], "rotation": 270, "autoUv": false }
							},
							"children": [
								{
									"name": "LbackWool1",
									"from": [ -0.075, 0.375, -0.075 ],
									"to": [ 0.3, 1.125, 0.375 ],
									"uv": [ 8.5, 4.5 ],
									"rotationOrigin": [ -0.075, 1.125, -0.075 ],
									"rotationZ": 8.0,
									"faces": {
										"north": { "texture": "#shoes", "uv": [ 10.0, 4.5, 10.5, 5.5 ], "autoUv": false, "windMode": [-1,-1,-1,-1] },
										"east": { "texture": "#shoes", "uv": [ 9.5, 5.5, 10.0, 6.5 ], "autoUv": false, "windMode": [-1,-1,-1,-1] },
										"south": { "texture": "#shoes", "uv": [ 8.5, 5.0, 9.0, 6.0 ], "autoUv": false, "windMode": [-1,-1,-1,-1] },
										"west": { "texture": "#shoes", "uv": [ 10.5, 5.5, 11.0, 6.5 ], "autoUv": false, "windMode": [-1,-1,-1,-1] },
										"up": { "texture": "#shoes", "uv": [ 12.5, 6.0, 13.0, 6.5 ], "rotation": 270, "autoUv": false },
										"down": { "texture": "#shoes", "uv": [ 13.0, 5.0, 13.5, 5.5 ], "autoUv": false, "windMode": [-1,-1,-1,-1] }
									},
									"children": [
										{
											"name": "LbackWool2",
											"from": [ 0.0534, -0.15, 0.45 ],
											"to": [ 0.4284, 0.825, 0.9 ],
											"uv": [ 8.5, 4.5 ],
											"rotationOrigin": [ 0.0534, 0.6, 0.45 ],
											"faces": {
												"north": { "texture": "#shoes", "uv": [ 10.0, 4.5, 10.5, 5.5 ], "autoUv": false },
												"east": { "texture": "#shoes", "uv": [ 11.0, 4.5, 11.5, 5.5 ], "autoUv": false },
												"south": { "texture": "#shoes", "uv": [ 8.5, 5.0, 9.0, 6.0 ], "autoUv": false },
												"west": { "texture": "#shoes", "uv": [ 10.5, 5.5, 11.0, 6.5 ], "autoUv": false },
												"up": { "texture": "#shoes", "uv": [ 12.5, 6.0, 13.0, 6.5 ], "rotation": 270, "autoUv": false },
												"down": { "texture": "#shoes", "uv": [ 13.0, 5.0, 13.5, 5.5 ], "autoUv": false }
											}
										},
										{
											"name": "LbackWool3",
											"from": [ 0.0, -0.075, 0.9 ],
											"to": [ 0.375, 0.75, 1.65 ],
											"uv": [ 8.5, 4.5 ],
											"rotationOrigin": [ 0.0, 0.675, 0.9 ],
											"faces": {
												"north": { "texture": "#shoes", "uv": [ 10.0, 4.5, 10.5, 5.5 ], "autoUv": false },
												"east": { "texture": "#shoes", "uv": [ 9.5, 5.0, 10.5, 6.0 ], "autoUv": false },
												"south": { "texture": "#shoes", "uv": [ 8.5, 5.0, 9.0, 6.0 ], "autoUv": false },
												"west": { "texture": "#shoes", "uv": [ 10.5, 5.5, 11.5, 6.5 ], "autoUv": false },
												"up": { "texture": "#shoes", "uv": [ 12.5, 6.0, 13.5, 6.5 ], "rotation": 270, "autoUv": false },
												"down": { "texture": "#shoes", "uv": [ 13.0, 5.0, 13.5, 6.0 ], "autoUv": false }
											}
										},
										{
											"name": "LbackWool4",
											"from": [ 0.0534, -0.3, 1.575 ],
											"to": [ 0.4284, 0.825, 1.95 ],
											"uv": [ 8.5, 4.0 ],
											"rotationOrigin": [ 0.0534, 0.45, 1.575 ],
											"faces": {
												"north": { "texture": "#shoes", "uv": [ 10.0, 4.5, 10.5, 6.0 ], "autoUv": false },
												"east": { "texture": "#shoes", "uv": [ 11.0, 4.0, 11.5, 5.5 ], "autoUv": false },
												"south": { "texture": "#shoes", "uv": [ 8.5, 5.0, 9.0, 6.5 ], "autoUv": false },
												"west": { "texture": "#shoes", "uv": [ 10.5, 5.5, 11.0, 7.0 ], "autoUv": false },
												"up": { "texture": "#shoes", "uv": [ 12.5, 6.0, 13.0, 6.5 ], "rotation": 270, "autoUv": false },
												"down": { "texture": "#shoes", "uv": [ 13.0, 5.0, 13.5, 5.5 ], "autoUv": false }
											}
										},
										{
											"name": "LbackWool5",
											"from": [ 0.0, 0.15, 1.95 ],
											"to": [ 0.375, 0.75, 2.55 ],
											"uv": [ 8.5, 4.5 ],
											"rotationOrigin": [ 0.0, 0.9, 1.95 ],
											"faces": {
												"north": { "texture": "#shoes", "uv": [ 10.0, 4.5, 10.5, 5.0 ], "autoUv": false },
												"east": { "texture": "#shoes", "uv": [ 9.5, 4.5, 10.0, 5.0 ], "autoUv": false },
												"south": { "texture": "#shoes", "uv": [ 8.5, 5.0, 9.0, 5.5 ], "autoUv": false },
												"west": { "texture": "#shoes", "uv": [ 10.5, 5.5, 11.0, 6.0 ], "autoUv": false },
												"up": { "texture": "#shoes", "uv": [ 12.5, 6.0, 13.0, 6.5 ], "rotation": 270, "autoUv": false },
												"down": { "texture": "#shoes", "uv": [ 13.0, 5.0, 13.5, 5.5 ], "autoUv": false }
											}
										}
									]
								}
							]
						},
						{
							"name": "front fold 26",
							"from": [ 0.0, 0.0, 0.0 ],
							"to": [ 0.15, 1.125, 2.4 ],
							"uv": [ 4.0, 2.0 ],
							"rotationOrigin": [ 0.15, 0.0, 0.0 ],
							"rotationZ": 8.0,
							"faces": {
								"north": { "texture": "#shoes", "uv": [ 4.0, 9.5, 4.5, 11.0 ], "autoUv": false },
								"east": { "texture": "#shoes", "uv": [ 9.5, 2.0, 12.5, 3.5 ], "autoUv": false },
								"south": { "texture": "#shoes", "uv": [ 6.0, 9.5, 6.5, 11.0 ], "autoUv": false },
								"west": { "texture": "#shoes", "uv": [ 4.0, 9.5, 7.0, 11.0 ], "autoUv": false },
								"up": { "texture": "#shoes", "uv": [ 9.5, 4.0, 12.5, 4.5 ], "rotation": 90, "autoUv": false }
							},
							"children": [
								{
									"name": "LwoolW1",
									"from": [ -0.075, 0.45, 0.225 ],
									"to": [ 0.3, 1.2, 0.975 ],
									"uv": [ 0.0, 0.0 ],
									"rotationOrigin": [ 0.15, 1.2, 0.225 ],
									"rotationZ": -8.0,
									"faces": {
										"north": { "texture": "#shoes", "uv": [ 0.0, 0.0, 0.5, 1.0 ], "autoUv": false, "windMode": [-1,-1,-1,-1] },
										"east": { "texture": "#shoes", "uv": [ 0.0, 0.0, 1.0, 1.0 ], "autoUv": false, "windMode": [-1,-1,-1,-1] },
										"south": { "texture": "#shoes", "uv": [ 0.0, 0.0, 0.5, 1.0 ], "autoUv": false, "windMode": [-1,-1,-1,-1] },
										"west": { "texture": "#shoes", "uv": [ 9.5, 3.5, 10.5, 4.5 ], "autoUv": false },
										"up": { "texture": "#shoes", "uv": [ 8.0, 5.5, 9.0, 6.0 ], "rotation": 90, "autoUv": false },
										"down": { "texture": "#shoes", "uv": [ 0.0, 0.0, 0.5, 1.0 ], "autoUv": false, "windMode": [-1,-1,-1,-1] }
									},
									"children": [
										{
											"name": "LwoolW2",
											"from": [ -0.0534, -0.159, 0.75 ],
											"to": [ 0.3216, 0.816, 1.125 ],
											"uv": [ 0.0, 0.0 ],
											"rotationOrigin": [ 0.1716, 0.591, 0.75 ],
											"faces": {
												"north": { "texture": "#shoes", "uv": [ 0.0, 0.0, 0.5, 1.0 ], "autoUv": false },
												"east": { "texture": "#shoes", "uv": [ 0.0, 0.0, 0.5, 1.0 ], "autoUv": false },
												"south": { "texture": "#shoes", "uv": [ 0.0, 0.0, 0.5, 1.0 ], "autoUv": false },
												"west": { "texture": "#shoes", "uv": [ 9.5, 3.5, 10.0, 4.5 ], "autoUv": false },
												"up": { "texture": "#shoes", "uv": [ 8.0, 5.5, 8.5, 6.0 ], "rotation": 90, "autoUv": false },
												"down": { "texture": "#shoes", "uv": [ 0.0, 0.0, 0.5, 0.5 ], "autoUv": false }
											}
										},
										{
											"name": "LwoolW3",
											"from": [ 0.0522, -0.3713, 1.125 ],
											"to": [ 0.4272, 0.7537, 1.875 ],
											"uv": [ 0.0, 0.0 ],
											"rotationOrigin": [ 0.2772, 0.3787, 1.125 ],
											"faces": {
												"north": { "texture": "#shoes", "uv": [ 0.0, 0.0, 0.5, 1.5 ], "autoUv": false },
												"east": { "texture": "#shoes", "uv": [ 0.0, 0.0, 1.0, 1.5 ], "autoUv": false },
												"south": { "texture": "#shoes", "uv": [ 0.0, 0.0, 0.5, 1.5 ], "autoUv": false },
												"west": { "texture": "#shoes", "uv": [ 9.5, 3.5, 10.5, 5.0 ], "autoUv": false },
												"up": { "texture": "#shoes", "uv": [ 8.0, 5.5, 9.0, 6.0 ], "rotation": 90, "autoUv": false },
												"down": { "texture": "#shoes", "uv": [ 0.0, 0.0, 0.5, 1.0 ], "autoUv": false }
											}
										},
										{
											"name": "LwoolW4",
											"from": [ -0.075, -0.45, 1.875 ],
											"to": [ 0.3, 0.825, 2.25 ],
											"uv": [ 0.0, 0.0 ],
											"rotationOrigin": [ 0.15, 0.3, 1.875 ],
											"faces": {
												"north": { "texture": "#shoes", "uv": [ 0.0, 0.0, 0.5, 1.5 ], "autoUv": false },
												"east": { "texture": "#shoes", "uv": [ 0.0, 0.0, 0.5, 1.5 ], "autoUv": false },
												"south": { "texture": "#shoes", "uv": [ 0.0, 0.0, 0.5, 1.5 ], "autoUv": false },
												"west": { "texture": "#shoes", "uv": [ 9.5, 3.5, 10.0, 5.0 ], "autoUv": false },
												"up": { "texture": "#shoes", "uv": [ 8.0, 5.5, 8.5, 6.0 ], "rotation": 90, "autoUv": false },
												"down": { "texture": "#shoes", "uv": [ 0.0, 0.0, 0.5, 0.5 ], "autoUv": false }
											}
										},
										{
											"name": "LwoolW5",
											"from": [ 0.0, -0.3, -0.375 ],
											"to": [ 0.375, 0.825, 0.0 ],
											"uv": [ 0.0, 0.0 ],
											"rotationOrigin": [ 0.225, 0.4537, -0.375 ],
											"faces": {
												"north": { "texture": "#shoes", "uv": [ 0.0, 0.0, 0.5, 1.5 ], "autoUv": false },
												"east": { "texture": "#shoes", "uv": [ 0.0, 0.0, 0.5, 1.5 ], "autoUv": false },
												"south": { "texture": "#shoes", "uv": [ 0.0, 0.0, 0.5, 1.5 ], "autoUv": false },
												"west": { "texture": "#shoes", "uv": [ 9.5, 3.5, 10.0, 5.0 ], "autoUv": false },
												"up": { "texture": "#shoes", "uv": [ 8.0, 5.5, 8.5, 6.0 ], "rotation": 90, "autoUv": false },
												"down": { "texture": "#shoes", "uv": [ 0.0, 0.0, 0.5, 0.5 ], "autoUv": false }
											}
										}
									]
								}
							]
						}
					]
				},
				{
					"name": "showshoeL",
					"from": [ 0.0, 4.125, 0.0 ],
					"to": [ 3.15, 4.875, 2.4 ],
					"unwrapMode": 4,
					"uv": [ 2.0, 1.0 ],
					"rotationOrigin": [ 0.0, 4.125, 0.0 ],
					"faces": {
						"north": { "texture": "#shoes", "uv": [ 2.0, 1.0, 6.0, 2.0 ], "autoUv": false },
						"east": { "texture": "#shoes", "uv": [ 13.0, 1.0, 16.0, 2.0 ], "autoUv": false },
						"south": { "texture": "#shoes", "uv": [ 9.0, 1.0, 13.0, 2.0 ], "autoUv": false },
						"west": { "texture": "#shoes", "uv": [ 6.0, 1.0, 9.0, 2.0 ], "autoUv": false }
					}
				}
			]
		}
	]}