{
  "code": "corpse",
  "class": "ItemCreature",
  "maxstacksize": 64,
  "variantgroups": [
    {
      "code": "type",
      "states": [ "simplecorpse" ]
    }
  ],
  "shape": {
    "base": "cannibalism:entity/humanoid/seraph-full-dead"
  },
  "texture": { "base": "game:entity/humanoid/seraph-naked" },
  "creativeinventory": {
    "general": [ "*" ],
    "items": [ "*" ],
    "creatures": [ "*" ]
  },
  "materialDensity": 600,
  "guiTransform": {
    "rotation": {
      "x": 0,
      "y": -90,
      "z": -180
    },
    "origin": {
      "x": 0.5,
      "y": 0.15,
      "z": 0.5
    },
    "scale": 6
  },
  "fpHandTransform": {
    "rotation": {
      "x": 0,
      "y": -90,
      "z": 0
    },
    "origin": {
      "x": 0.5,
      "y": 0.15,
      "z": 0.5
    },
    "scale": 6
  },
  "groundTransform": {
    "translation": {
      "x": 0,
      "y": 0.15,
      "z": 0
    },
    "rotation": {
      "x": 0,
      "y": -90,
      "z": 0
    },
    "origin": {
      "x": 0.5,
      "y": 0.15,
      "z": 0.5
    },
    "scale": 6
  }
}