[
     {
        "op": "addeach",
        "path": "/attributes/contentConfig/0",
        "side": "server",
        "value": [ 
            { "code": "zeamays",
                "content": { "type": "item", "code": "floralzonescosmopolitanregion:grain-zeamays" },
                "quantityPerFillLevel": 2,
                "maxFillLevels": 8,
                "shapesPerFillLevel": [ "block/wood/trough/large/grainfill1", "block/wood/trough/large/grainfill1", 
                                        "block/wood/trough/large/grainfill2", "block/wood/trough/large/grainfill2",
                                        "block/wood/trough/large/grainfill3", "block/wood/trough/large/grainfill3",
                                        "block/wood/trough/large/grainfill4", "block/wood/trough/large/grainfill4" ],
                "textureCode": "contents-spelt" },
            { "code": "phaseolusvulgaris",
                "content": { "type": "item", "code": "floralzonescosmopolitanregion:legume-phaseolusvulgaris" },
                "quantityPerFillLevel": 2,
                "maxFillLevels": 8,
                "shapesPerFillLevel": [ "block/wood/trough/large/grainfill1", "block/wood/trough/large/grainfill1", 
                                        "block/wood/trough/large/grainfill2", "block/wood/trough/large/grainfill2",
                                        "block/wood/trough/large/grainfill3", "block/wood/trough/large/grainfill3",
                                        "block/wood/trough/large/grainfill4", "block/wood/trough/large/grainfill4" ],
                "textureCode": "contents-phaseolusvulgaris" },
            { "code": "phaseolusvulgarisimmature",
                "content": { "type": "item", "code": "floralzonescosmopolitanregion:legume-phaseolusvulgarisimmature" },
                "quantityPerFillLevel": 2,
                "maxFillLevels": 8,
                "shapesPerFillLevel": [ "block/wood/trough/large/grainfill1", "block/wood/trough/large/grainfill1", 
                                        "block/wood/trough/large/grainfill2", "block/wood/trough/large/grainfill2",
                                        "block/wood/trough/large/grainfill3", "block/wood/trough/large/grainfill3",
                                        "block/wood/trough/large/grainfill4", "block/wood/trough/large/grainfill4" ],
                "textureCode": "contents-phaseolusvulgarisimmature" },
            { "code": "alliumsativum",
                "content": { "type": "item", "code": "floralzonescosmopolitanregion:vegetable-alliumsativum" },
                "quantityPerFillLevel": 2,
                "maxFillLevels": 8,
                "shapesPerFillLevel": [ "block/wood/trough/large/grainfill1", "block/wood/trough/large/grainfill1", 
                                        "block/wood/trough/large/grainfill2", "block/wood/trough/large/grainfill2",
                                        "block/wood/trough/large/grainfill3", "block/wood/trough/large/grainfill3",
                                        "block/wood/trough/large/grainfill4", "block/wood/trough/large/grainfill4" ],
                "textureCode": "contents-alliumsativum" },
            { "code": "chamaenerionangustifolium",
                "content": { "type": "item", "code": "floralzonescosmopolitanregion:vegetable-chamaenerionangustifolium" },
                "quantityPerFillLevel": 2,
                "maxFillLevels": 8,
                "shapesPerFillLevel": [ "block/wood/trough/large/grainfill1", "block/wood/trough/large/grainfill1", 
                                        "block/wood/trough/large/grainfill2", "block/wood/trough/large/grainfill2",
                                        "block/wood/trough/large/grainfill3", "block/wood/trough/large/grainfill3",
                                        "block/wood/trough/large/grainfill4", "block/wood/trough/large/grainfill4" ],
                "textureCode": "contents-chamaenerionangustifolium" },
            { "code": "cladoniarangiferina",
                "content": { "type": "item", "code": "floralzonescosmopolitanregion:vegetable-cladoniarangiferina" },
                "quantityPerFillLevel": 2,
                "maxFillLevels": 8,
                "shapesPerFillLevel": [ "block/wood/trough/large/grainfill1", "block/wood/trough/large/grainfill1", 
                                        "block/wood/trough/large/grainfill2", "block/wood/trough/large/grainfill2",
                                        "block/wood/trough/large/grainfill3", "block/wood/trough/large/grainfill3",
                                        "block/wood/trough/large/grainfill4", "block/wood/trough/large/grainfill4" ],
                "textureCode": "contents-cladoniarangiferina" },
            { "code": "ipomoeabatatas",
                "content": { "type": "item", "code": "floralzonescosmopolitanregion:vegetable-ipomoeabatatas" },
                "quantityPerFillLevel": 2,
                "maxFillLevels": 8,
                "shapesPerFillLevel": [ "block/wood/trough/large/grainfill1", "block/wood/trough/large/grainfill1", 
                                        "block/wood/trough/large/grainfill2", "block/wood/trough/large/grainfill2",
                                        "block/wood/trough/large/grainfill3", "block/wood/trough/large/grainfill3",
                                        "block/wood/trough/large/grainfill4", "block/wood/trough/large/grainfill4" ],
                "textureCode": "contents-ipomoeabatatas" },
            { "code": "menyanthestrifoliata",
                "content": { "type": "item", "code": "floralzonescosmopolitanregion:vegetable-menyanthestrifoliata" },
                "quantityPerFillLevel": 2,
                "maxFillLevels": 8,
                "shapesPerFillLevel": [ "block/wood/trough/large/grainfill1", "block/wood/trough/large/grainfill1", 
                                        "block/wood/trough/large/grainfill2", "block/wood/trough/large/grainfill2",
                                        "block/wood/trough/large/grainfill3", "block/wood/trough/large/grainfill3",
                                        "block/wood/trough/large/grainfill4", "block/wood/trough/large/grainfill4" ],
                "textureCode": "contents-menyanthestrifoliata" },
            { "code": "ulvalactuca",
                "content": { "type": "item", "code": "floralzonescosmopolitanregion:vegetable-ulvalactuca" },
                "quantityPerFillLevel": 2,
                "maxFillLevels": 8,
                "shapesPerFillLevel": [ "block/wood/trough/large/grainfill1", "block/wood/trough/large/grainfill1", 
                                        "block/wood/trough/large/grainfill2", "block/wood/trough/large/grainfill2",
                                        "block/wood/trough/large/grainfill3", "block/wood/trough/large/grainfill3",
                                        "block/wood/trough/large/grainfill4", "block/wood/trough/large/grainfill4" ],
                "textureCode": "contents-ulvalactuca" },
            { "code": "caricapapayafruitmash",
                "content": { "type": "item", "code": "floralzonescosmopolitanregion:pressedmash-caricapapaya" },
                "quantityPerFillLevel": 2,
                "maxFillLevels": 8,
                "shapesPerFillLevel": [ "block/wood/trough/large/grainfill1", "block/wood/trough/large/grainfill1", 
                                        "block/wood/trough/large/grainfill2", "block/wood/trough/large/grainfill2",
                                        "block/wood/trough/large/grainfill3", "block/wood/trough/large/grainfill3",
                                        "block/wood/trough/large/grainfill4", "block/wood/trough/large/grainfill4" ],
                "textureCode": "contents-pressedmash-caricapapaya" },
            { "code": "cucurbitaficifoliafruitmash",
                "content": { "type": "item", "code": "floralzonescosmopolitanregion:pressedmash-cucurbitaficifolia" },
                "quantityPerFillLevel": 2,
                "maxFillLevels": 8,
                "shapesPerFillLevel": [ "block/wood/trough/large/grainfill1", "block/wood/trough/large/grainfill1", 
                                        "block/wood/trough/large/grainfill2", "block/wood/trough/large/grainfill2",
                                        "block/wood/trough/large/grainfill3", "block/wood/trough/large/grainfill3",
                                        "block/wood/trough/large/grainfill4", "block/wood/trough/large/grainfill4" ],
                "textureCode": "contents-pressedmash-cucurbitaficifolia" },
            { "code": "empetrumnigrumfruitmash",
                "content": { "type": "item", "code": "floralzonescosmopolitanregion:pressedmash-empetrumnigrum" },
                "quantityPerFillLevel": 2,
                "maxFillLevels": 8,
                "shapesPerFillLevel": [ "block/wood/trough/large/grainfill1", "block/wood/trough/large/grainfill1", 
                                        "block/wood/trough/large/grainfill2", "block/wood/trough/large/grainfill2",
                                        "block/wood/trough/large/grainfill3", "block/wood/trough/large/grainfill3",
                                        "block/wood/trough/large/grainfill4", "block/wood/trough/large/grainfill4" ],
                "textureCode": "contents-pressedmash-empetrumnigrum" },
            { "code": "juniperuscommunisfruitmash",
                "content": { "type": "item", "code": "floralzonescosmopolitanregion:pressedmash-juniperuscommunis" },
                "quantityPerFillLevel": 2,
                "maxFillLevels": 8,
                "shapesPerFillLevel": [ "block/wood/trough/large/grainfill1", "block/wood/trough/large/grainfill1", 
                                        "block/wood/trough/large/grainfill2", "block/wood/trough/large/grainfill2",
                                        "block/wood/trough/large/grainfill3", "block/wood/trough/large/grainfill3",
                                        "block/wood/trough/large/grainfill4", "block/wood/trough/large/grainfill4" ],
                "textureCode": "contents-pressedmash-juniperuscommunis" },
            { "code": "rubuschamaemorusfruitmash",
                "content": { "type": "item", "code": "floralzonescosmopolitanregion:pressedmash-rubuschamaemorus" },
                "quantityPerFillLevel": 2,
                "maxFillLevels": 8,
                "shapesPerFillLevel": [ "block/wood/trough/large/grainfill1", "block/wood/trough/large/grainfill1", 
                                        "block/wood/trough/large/grainfill2", "block/wood/trough/large/grainfill2",
                                        "block/wood/trough/large/grainfill3", "block/wood/trough/large/grainfill3",
                                        "block/wood/trough/large/grainfill4", "block/wood/trough/large/grainfill4" ],
                "textureCode": "contents-pressedmash-rubuschamaemorus" } ],
        "file": "game:blocktypes/wood/trough-large.json"
    },
    {
        "op": "addmerge",
        "path": "/textures",
        "side": "server",
        "value": {
            "contents-phaseolusvulgaris": {
                "base": "block/wood/barrel/raw-soybean",
                "overlays": [
                  "block/wood/trough/large/shadow"
                ]
            },
            "contents-phaseolusvulgarisimmature": {
                "base": "block/food/pie/fill-phaseolusvulgarisimmature",
                "overlays": [
                  "block/wood/trough/large/shadow"
                ]
            },
            "contents-alliumsativum": {
                "base": "block/food/pie/fill-alliumsativum",
                "overlays": [
                  "block/wood/trough/large/shadow"
                ]
            },
            "contents-chamaenerionangustifolium": {
                "base": "block/food/pie/fill-olive",
                "overlays": [
                  "block/wood/trough/large/shadow"
                ]
            },
            "contents-cladoniarangiferina": {
                "base": "block/food/pie/fill-cassava",
                "overlays": [
                  "block/wood/trough/large/shadow"
                ]
            },
            "contents-ipomoeabatatas": {
                "base": "block/food/pie/fill-ipomoeabatatas",
                "overlays": [
                  "block/wood/trough/large/shadow"
                ]
            },
            "contents-menyanthestrifoliata": {
                "base": "block/food/pie/fill-redmeat",
                "overlays": [
                  "block/wood/trough/large/shadow"
                ]
            },
            "contents-ulvalactuca": {
                "base": "block/wood/barrel/pickled-cabbage",
                "overlays": [
                  "block/wood/trough/large/shadow"
                ]
            },
            "contents-pressedmash-caricapapaya": {
                "base": "block/food/pie/fill-caricapapaya",
                "overlays": [
                  "block/wood/trough/large/shadow"
                ]
            },
            "contents-pressedmash-cucurbitaficifolia": {
                "base": "block/food/pie/fill-cucurbitaficifolia",
                "overlays": [
                  "block/wood/trough/large/shadow"
                ]
            },
            "contents-pressedmash-empetrumnigrum": {
                "base": "block/food/pie/fill-plum",
                "overlays": [
                  "block/wood/trough/large/shadow"
                ]
            },
            "contents-pressedmash-juniperuscommunis": {
                "base": "block/food/pie/fill-pineapple",
                "overlays": [
                  "block/wood/trough/large/shadow"
                ]
            },
            "contents-pressedmash-rubuschamaemorus": {
                "base": "block/food/pie/fill-orange",
                "overlays": [
                  "block/wood/trough/large/shadow"
                ]
            }
        },
        "file": "game:blocktypes/wood/trough-large.json"
    }
]