﻿[
  {
    "side": "Server",
    "file": "game:entities/lore/boos/eidolon-immobilized",
    "op": "add",
    "path": "/client/behaviors/-",
    "value": {
      "code": "CombatOverhaul:EntityColliders",
      "elements": {
        "Torso": [],
        "Head": ["Eye-out", "Eye-bracket"],
        "Arm": ["armbone-R2", "armbone-R1", "lower-armR", "armbone-L2", "armbone-L1", "lower-armL", "elbowR", "elbowL", "upperarmL", "upper-armR", "wristR", "wristL"],
        "Leg": [],
        "Critical": ["heart", "brain"],
        "Resistant": [
          "armplateR",
          "shoulderR",
          "shoulderL1",
          "hood-R1",
          "hood-R2",
          "hood-L1",
          "hood-back2",
          "hood-back3",
          "chest-backplate",
          "chest-sideplateL",
          "back-tassetL",
          "back-tassetR",
          "waist-tassetR",
          "hip-tassetR",
          "collar-front",
          "chest-plateL"
        ]
      }
    }
  },
  {
    "side": "Server",
    "file": "game:entities/lore/boos/eidolon-immobilized",
    "op": "add",
    "path": "/server/behaviors/-",
    "value": {
      "code": "CombatOverhaul:EntityColliders",
      "elements": {
        "Torso": [],
        "Head": ["Eye-out", "Eye-bracket"],
        "Arm": ["armbone-R2", "armbone-R1", "lower-armR", "armbone-L2", "armbone-L1", "lower-armL", "elbowR", "elbowL", "upperarmL", "upper-armR", "wristR", "wristL"],
        "Leg": [],
        "Critical": ["heart", "brain"],
        "Resistant": [
          "armplateR",
          "shoulderR",
          "shoulderL1",
          "hood-R1",
          "hood-R2",
          "hood-L1",
          "hood-back2",
          "hood-back3",
          "chest-backplate",
          "chest-sideplateL",
          "back-tassetL",
          "back-tassetR",
          "waist-tassetR",
          "hip-tassetR",
          "collar-front",
          "chest-plateL"
        ]
      }
    }
  },
  {
    "side": "Server",
    "file": "game:entities/lore/boos/eidolon-immobilized",
    "op": "add",
    "path": "/server/behaviors/-",
    "value": {
      "code": "CombatOverhaul:EntityDamageModel",
      "damageModel": {
        "TorsoDamageMultiplier": 1,
        "LimbsDamageMultiplier": 0.5,
        "HeadDamageMultiplier": 1,
        "CriticalDamageMultiplier": 3,
        "DefaultResists": {"BluntAttack": 2, "SlashingAttack": 3, "PiercingAttack": 5}
      }
    }
  },
  {
    "side": "Server",
    "file": "game:entities/lore/boos/eidolon-immobilized",
    "op": "add",
    "path": "/client/behaviors/-",
    "value": {
      "code": "CombatOverhaul:EntityDamageModel",
      "damageModel": {
        "TorsoDamageMultiplier": 1,
        "LimbsDamageMultiplier": 0.5,
        "HeadDamageMultiplier": 1,
        "CriticalDamageMultiplier": 3,
        "DefaultResists": {"BluntAttack": 2, "SlashingAttack": 3, "PiercingAttack": 5}
      }
    }
  },
  {"side": "Server", "file": "game:entities/lore/boos/eidolon-immobilized", "op": "replace", "path": "/server/behaviors/5/aitasks/0/damageTier", "value": 5},
  {"side": "Server", "file": "game:entities/lore/boos/eidolon-immobilized", "op": "replace", "path": "/server/behaviors/5/aitasks/0/damage", "value": 16}
]