[
    {
      "side": "Server",
      "dependsOn": [{"modid": "wool"}],
      "file": "vombatidae:entities/land/thylacoleonidae-adult",
      "op": "addeach",
      "path": "/server/behaviors/6/drops/-",
      "value": [
          { "type": "item", "code": "wool:fleece-generic-lightbrown",
          "quantityByType": {
	    "*-adult-*-thylacoleocarnifex": {"avg": 6,"var": 2},
            "*": { "avg": 0, "var": 0 }
            } },
          { "type": "item", "code": "wool:fleece-generic-plain",
          "quantityByType": {
	    "*-adult-*-thylacoleocarnifex": {"avg": 4,"var": 2},
            "*": { "avg": 0, "var": 0 }
            } }
      ]
    },
    {
      "side": "Server",
      "dependsOn": [{"modid": "wool"}],
      "file": "vombatidae:entities/land/thylacoleonidae-baby",
      "op": "addeach",
      "path": "/server/behaviors/6/drops/-",
      "value": [
          { "type": "item", "code": "wool:fleece-generic-lightbrown",
          "quantityByType": {
	    "*-baby-*-thylacoleocarnifex": {"avg": 1,"var": 1},
            "*": { "avg": 0, "var": 0 }
            } },
          { "type": "item", "code": "wool:fleece-generic-white",
          "quantityByType": {
	    "*-baby-*-thylacoleocarnifex": {"avg": 2,"var": 1},
            "*": { "avg": 0, "var": 0 }
            } }
      ]
    }
  ]

