{
	"editor": {
		"allAngles": true,
		"entityTextureMode": true
	},
	"textureWidth": 60,
	"textureHeight": 48,
	"textureSizes": {
		"skin": [60,48]
	},
	"textures": {
	},
	"elements": [
		{
			"name": "Hip point",
			"from": [ 14.0, 8.0, 8.0 ],
			"to": [ 14.0, 8.0, 8.0 ],
			"uv": [ 1.0, 1.0 ],
			"rotationOrigin": [ 14.0, 8.0, 8.0 ],
			"faces": {
			},
			"children": [
				{
					"name": "Hip",
					"from": [ -3.0, -8.1, -3.2 ],
					"to": [ 1.2, -7.1, 3.3 ],
					"unwrapMode": 7,
					"unwrapRotation": 1,
					"autoUnwrap": false,
					"uv": [ 6.0, 20.0 ],
					"rotationOrigin": [ 0.0, -6.6, 0.0 ],
					"rotationZ": -1.0,
					"faces": {
						"north": { "texture": "#skin", "uv": [ 14.0, 19.0, 15.0, 23.0 ], "rotation": 90 },
						"east": { "texture": "#skin", "uv": [ 7.5, 23.0, 14.0, 24.0 ], "windMode": [-1,-1,-1,-1] },
						"south": { "texture": "#skin", "uv": [ 6.5, 19.0, 7.5, 23.0 ], "rotation": 270 },
						"up": { "texture": "#skin", "uv": [ 7.5, 19.0, 14.0, 23.0 ], "rotation": 270 },
						"down": { "texture": "#skin", "uv": [ 20.0, 19.0, 26.5, 23.0 ], "rotation": 90 }
					},
					"children": [
						{
							"name": "Body",
							"from": [ -3.0, 0.1, -0.2 ],
							"to": [ 0.0, 1.1, 6.7 ],
							"unwrapMode": 7,
							"unwrapRotation": 1,
							"autoUnwrap": false,
							"uv": [ 1.0, 9.5 ],
							"rotationOrigin": [ 0.0, 1.1, 3.3 ],
							"rotationZ": 1.0,
							"faces": {
								"north": { "texture": "#skin", "uv": [ 14.0, 15.5, 15.0, 18.5 ], "rotation": 90 },
								"east": { "texture": "#skin", "uv": [ 15.0, 24.0, 21.5, 25.0 ] },
								"south": { "texture": "#skin", "uv": [ 6.5, 15.5, 7.5, 18.5 ], "rotation": 270 },
								"west": { "texture": "#skin", "uv": [ 22.0, 24.0, 28.5, 25.0 ] },
								"up": { "texture": "#skin", "uv": [ 7.5, 15.5, 14.0, 18.5 ], "rotation": 270 },
								"down": { "texture": "#skin", "uv": [ 20.5, 15.5, 27.0, 18.5 ], "rotation": 90 }
							},
							"children": [
								{
									"name": "Body2",
									"from": [ -4.2, 0.1, 0.1 ],
									"to": [ 0.3, 1.1, 6.8 ],
									"unwrapMode": 7,
									"unwrapRotation": 1,
									"autoUnwrap": false,
									"uv": [ 1.5, 4.5 ],
									"rotationOrigin": [ -0.2, 0.6, 3.4 ],
									"rotationZ": 1.0,
									"faces": {
										"north": { "texture": "#skin", "uv": [ 14.0, 10.5, 15.0, 15.0 ], "rotation": 90 },
										"east": { "texture": "#skin", "uv": [ 15.0, 31.5, 21.5, 32.5 ], "windMode": [-1,-1,-1,-1] },
										"south": { "texture": "#skin", "uv": [ 6.5, 10.5, 7.5, 15.0 ], "rotation": 270 },
										"west": { "texture": "#skin", "uv": [ 22.0, 31.5, 28.5, 32.5 ] },
										"up": { "texture": "#skin", "uv": [ 7.5, 10.5, 14.0, 15.0 ], "rotation": 270 },
										"down": { "texture": "#skin", "uv": [ 20.0, 10.5, 26.5, 15.0 ], "rotation": 90 }
									},
									"children": [
										{
											"name": "Neck1",
											"from": [ -2.4, 0.0, 1.4 ],
											"to": [ 0.6, 1.0, 5.3 ],
											"unwrapMode": 7,
											"unwrapRotation": 1,
											"autoUnwrap": false,
											"uv": [ 3.5, 3.0 ],
											"rotationOrigin": [ -0.8, 0.0, 3.4 ],
											"rotationZ": 1.0,
											"faces": {
												"north": { "texture": "#skin", "uv": [ 12.5, 7.0, 13.5, 10.0 ], "rotation": 90 },
												"south": { "texture": "#skin", "uv": [ 8.0, 7.0, 9.0, 10.0 ], "rotation": 270 },
												"west": { "texture": "#skin", "uv": [ 1.0, 2.5, 4.5, 3.5 ] },
												"up": { "texture": "#skin", "uv": [ 9.0, 7.0, 12.5, 10.0 ], "rotation": 270 },
												"down": { "texture": "#skin", "uv": [ 16.5, 7.0, 20.0, 10.0 ], "rotation": 90 }
											},
											"children": [
												{
													"name": "Neck2",
													"from": [ -2.1, 0.0, 0.4 ],
													"to": [ 0.3, 1.0, 3.5 ],
													"unwrapMode": 7,
													"unwrapRotation": 1,
													"autoUnwrap": false,
													"uv": [ 4.0, 1.0 ],
													"rotationOrigin": [ -0.7, 0.7, 1.9 ],
													"rotationZ": -1.0,
													"faces": {
														"north": { "texture": "#skin", "uv": [ 12.0, 4.5, 13.0, 6.5 ], "rotation": 90 },
														"east": { "texture": "#skin", "uv": [ 19.5, 1.0, 22.5, 2.0 ] },
														"south": { "texture": "#skin", "uv": [ 8.0, 4.5, 9.0, 6.5 ], "rotation": 270 },
														"west": { "texture": "#skin", "uv": [ 9.0, 3.5, 12.0, 4.5 ], "rotation": 180 },
														"up": { "texture": "#skin", "uv": [ 9.0, 4.5, 12.0, 6.5 ], "rotation": 270 },
														"down": { "texture": "#skin", "uv": [ 15.5, 4.5, 18.5, 6.5 ], "rotation": 90 }
													},
													"attachmentpoints": [
														{
															"code": "rope",
															"posX": "1.0","posY": "0.0","posZ": "1.5",
															"rotationX": "0.0","rotationY": "0.0","rotationZ": "0.0"
														}
													]
												}
											]
										},
										{
											"name": "R Shoulder",
											"from": [ 0.3, -0.8, 0.0 ],
											"to": [ 3.9, 0.2, 1.4 ],
											"unwrapMode": 6,
											"unwrapRotation": 1,
											"uv": [ 48.0, 19.0 ],
											"rotationOrigin": [ 2.8, 0.2, 0.7 ],
											"rotationX": 90.0,
											"faces": {
												"north": { "texture": "#skin", "uv": [ 48.0, 20.0, 49.0, 23.5 ], "rotation": 90 },
												"east": { "texture": "#skin", "uv": [ 49.0, 23.5, 50.0, 24.5 ], "rotation": 180 },
												"west": { "texture": "#skin", "uv": [ 49.0, 19.0, 50.0, 20.0 ] },
												"up": { "texture": "#skin", "uv": [ 49.0, 20.0, 50.0, 23.5 ], "rotation": 270, "windMode": [-1,-1,-1,-1] }
											},
											"children": [
												{
													"name": "R Arm",
													"from": [ 0.0, -3.7, -0.1 ],
													"to": [ 2.4, 0.7, 1.5 ],
													"unwrapMode": 1,
													"uv": [ 45.0, 24.0 ],
													"rotationOrigin": [ 0.0, 1.0, 0.7 ],
													"rotationY": -1.0,
													"rotationZ": 50.0,
													"faces": {
														"north": { "texture": "#skin", "uv": [ 46.5, 25.5, 48.5, 29.5 ] },
														"east": { "texture": "#skin", "uv": [ 45.0, 25.5, 46.5, 29.5 ] },
														"south": { "texture": "#skin", "uv": [ 50.0, 25.5, 52.0, 29.5 ] },
														"west": { "texture": "#skin", "uv": [ 48.5, 25.5, 50.0, 29.5 ] },
														"up": { "texture": "#skin", "uv": [ 46.5, 24.0, 48.5, 25.5 ], "rotation": 180 },
														"down": { "texture": "#skin", "uv": [ 46.5, 29.5, 48.5, 31.0 ] }
													}
												}
											]
										},
										{
											"name": "L Shoulder",
											"from": [ 0.3, -0.8, 5.3 ],
											"to": [ 3.9, 0.2, 6.7 ],
											"unwrapMode": 5,
											"unwrapRotation": 1,
											"uv": [ 35.5, 19.0 ],
											"rotationOrigin": [ 2.8, 0.2, 6.0 ],
											"rotationX": -90.0,
											"faces": {
												"east": { "texture": "#skin", "uv": [ 35.5, 19.0, 36.5, 20.0 ], "rotation": 180 },
												"south": { "texture": "#skin", "uv": [ 36.5, 20.0, 37.5, 23.5 ], "rotation": 90 },
												"west": { "texture": "#skin", "uv": [ 35.5, 23.5, 36.5, 24.5 ] },
												"up": { "texture": "#skin", "uv": [ 35.5, 20.0, 36.5, 23.5 ], "rotation": 90, "windMode": [-1,-1,-1,-1] }
											},
											"children": [
												{
													"name": "L Arm",
													"from": [ 0.0, -3.7, -0.1 ],
													"to": [ 2.4, 0.7, 1.5 ],
													"unwrapMode": 3,
													"uv": [ 30.5, 24.0 ],
													"rotationOrigin": [ 0.0, 1.0, 0.7 ],
													"rotationY": 1.0,
													"rotationZ": 50.0,
													"faces": {
														"north": { "texture": "#skin", "uv": [ 35.5, 25.5, 37.5, 29.5 ] },
														"east": { "texture": "#skin", "uv": [ 34.0, 25.5, 35.5, 29.5 ] },
														"south": { "texture": "#skin", "uv": [ 32.0, 25.5, 34.0, 29.5 ] },
														"west": { "texture": "#skin", "uv": [ 30.5, 25.5, 32.0, 29.5 ] },
														"up": { "texture": "#skin", "uv": [ 32.0, 24.0, 34.0, 25.5 ] },
														"down": { "texture": "#skin", "uv": [ 32.0, 29.5, 34.0, 31.0 ], "rotation": 180 }
													}
												}
											]
										}
									]
								}
							]
						},
						{
							"name": "Tail01",
							"from": [ 4.0, 0.0, 2.8 ],
							"to": [ 5.5, 1.0, 4.0 ],
							"unwrapMode": 7,
							"unwrapRotation": 1,
							"uv": [ 41.0, 20.5 ],
							"rotationOrigin": [ 4.3, 1.0, 3.3 ],
							"rotationZ": 1.0,
							"faces": {
								"north": { "texture": "#skin", "uv": [ 43.0, 20.5, 44.0, 22.0 ], "rotation": 90 },
								"east": { "texture": "#skin", "uv": [ 42.0, 22.0, 43.0, 23.0 ], "windMode": [-1,-1,-1,-1] },
								"south": { "texture": "#skin", "uv": [ 41.0, 20.5, 42.0, 22.0 ], "rotation": 270 },
								"up": { "texture": "#skin", "uv": [ 42.0, 20.5, 43.0, 22.0 ], "rotation": 270 },
								"down": { "texture": "#skin", "uv": [ 44.0, 20.5, 45.0, 22.0 ], "rotation": 90 }
							},
							"children": [
								{
									"name": "Tail2",
									"from": [ 1.5, 0.0, 0.05 ],
									"to": [ 3.0, 1.1, 1.15 ],
									"unwrapMode": 7,
									"unwrapRotation": 1,
									"uv": [ 40.0, 24.5 ],
									"rotationOrigin": [ 1.8, 1.0, 0.6 ],
									"rotationX": 1.0,
									"faces": {
										"north": { "texture": "#skin", "uv": [ 42.0, 24.5, 43.0, 26.0 ], "rotation": 90 },
										"east": { "texture": "#skin", "uv": [ 41.0, 26.0, 42.0, 27.0 ], "windMode": [-1,-1,-1,-1] },
										"south": { "texture": "#skin", "uv": [ 40.0, 24.5, 41.0, 26.0 ], "rotation": 270 },
										"up": { "texture": "#skin", "uv": [ 41.0, 24.5, 42.0, 26.0 ], "rotation": 270 },
										"down": { "texture": "#skin", "uv": [ 43.0, 24.5, 44.0, 26.0 ], "rotation": 90 }
									},
									"children": [
										{
											"name": "Tail3",
											"from": [ 1.5, 0.0, 0.05 ],
											"to": [ 3.0, 1.0, 1.05 ],
											"unwrapMode": 7,
											"unwrapRotation": 1,
											"uv": [ 40.0, 28.5 ],
											"rotationOrigin": [ 1.8, 1.0, 0.55 ],
											"faces": {
												"north": { "texture": "#skin", "uv": [ 42.0, 28.5, 43.0, 30.0 ], "rotation": 90 },
												"east": { "texture": "#skin", "uv": [ 41.0, 30.0, 42.0, 31.0 ], "windMode": [-1,-1,-1,-1] },
												"south": { "texture": "#skin", "uv": [ 40.0, 28.5, 41.0, 30.0 ], "rotation": 270 },
												"up": { "texture": "#skin", "uv": [ 41.0, 28.5, 42.0, 30.0 ], "rotation": 270 },
												"down": { "texture": "#skin", "uv": [ 43.0, 28.5, 44.0, 30.0 ], "rotation": 90 }
											}
										}
									]
								}
							]
						},
						{
							"name": "R Thigh",
							"from": [ 2.0, -3.4, 0.2 ],
							"to": [ 4.4, 0.8, 1.2 ],
							"unwrapMode": 1,
							"uv": [ 48.0, 2.0 ],
							"rotationOrigin": [ 3.0, 0.3, 0.7 ],
							"rotationX": 88.0,
							"rotationZ": 53.0,
							"faces": {
								"north": { "texture": "#skin", "uv": [ 49.0, 3.0, 51.0, 7.0 ] },
								"east": { "texture": "#skin", "uv": [ 48.0, 3.0, 49.0, 7.0 ] },
								"south": { "texture": "#skin", "uv": [ 52.0, 3.0, 54.0, 7.0 ] },
								"west": { "texture": "#skin", "uv": [ 51.0, 3.0, 52.0, 7.0 ] },
								"up": { "texture": "#skin", "uv": [ 49.0, 2.0, 51.0, 3.0 ], "rotation": 180 },
								"down": { "texture": "#skin", "uv": [ 49.0, 7.0, 51.0, 8.0 ] }
							}
						},
						{
							"name": "L Thigh",
							"from": [ 2.0, -3.3, 5.1 ],
							"to": [ 4.4, 0.9, 6.1 ],
							"unwrapMode": 3,
							"uv": [ 33.5, 2.0 ],
							"rotationOrigin": [ 3.0, 0.4, 5.6 ],
							"rotationX": -89.0,
							"rotationZ": 53.0,
							"faces": {
								"north": { "texture": "#skin", "uv": [ 37.5, 3.0, 39.5, 7.0 ] },
								"east": { "texture": "#skin", "uv": [ 36.5, 3.0, 37.5, 7.0 ] },
								"south": { "texture": "#skin", "uv": [ 34.5, 3.0, 36.5, 7.0 ] },
								"west": { "texture": "#skin", "uv": [ 33.5, 3.0, 34.5, 7.0 ] },
								"up": { "texture": "#skin", "uv": [ 34.5, 2.0, 36.5, 3.0 ] },
								"down": { "texture": "#skin", "uv": [ 34.5, 7.0, 36.5, 8.0 ], "rotation": 180 }
							}
						}
					]
				}
			],
			"attachmentpoints": [
				{
					"code": "center",
					"posX": "-6.0","posY": "-3.0","posZ": "0.0",
					"rotationX": "0.0","rotationY": "0.0","rotationZ": "0.0"
				}
			]
		}
	]}