[
////////////////////////////////////////////////////////////////////////////////////////////////////
{ "op": "add", "path": "/allowedVariants/-", "value": "ore-rich-orichalcum-whitemarble", "file": "game:blocktypes/stone/ore-graded.json" },
{ "op": "add", "path": "/allowedVariants/-", "value": "ore-bountiful-orichalcum-whitemarble", "file": "game:blocktypes/stone/ore-graded.json" },

{ "op": "add", "path": "/allowedVariants/-", "value": "ore-rich-orichalcum-whitemarble", "file": "game:itemtypes/resource/ore-graded.json" },
{ "op": "add", "path": "/allowedVariants/-", "value": "ore-bountiful-orichalcum-whitemarble", "file": "game:itemtypes/resource/ore-graded.json" },

{ "op": "add", "path": "/allowedVariants/-", "value": "crystalizedore-poor-orichalcum-whitemarble", "file": "game:itemtypes/resource/crystalizedore-graded.json" },
{ "op": "add", "path": "/allowedVariants/-", "value": "crystalizedore-medium-orichalcum-whitemarble", "file": "game:itemtypes/resource/crystalizedore-graded.json" },
{ "op": "add", "path": "/allowedVariants/-", "value": "crystalizedore-rich-orichalcum-whitemarble", "file": "game:itemtypes/resource/crystalizedore-graded.json" },
{ "op": "add", "path": "/allowedVariants/-", "value": "crystalizedore-bountiful-orichalcum-whitemarble", "file": "game:itemtypes/resource/crystalizedore-graded.json" },

{ "op": "add", "path": "/allowedVariants/-", "value": "looseores-orichalcum-whitemarble-free", "file": "game:blocktypes/stone/looseores.json" },
////////////////////////////////////////////////////////////////////////////////////////////////////
{ "op": "add", "path": "/allowedVariants/-", "value": "ore-rich-orichalcum-redmarble", "file": "game:blocktypes/stone/ore-graded.json" },
{ "op": "add", "path": "/allowedVariants/-", "value": "ore-bountiful-orichalcum-redmarble", "file": "game:blocktypes/stone/ore-graded.json" },

{ "op": "add", "path": "/allowedVariants/-", "value": "ore-rich-orichalcum-redmarble", "file": "game:itemtypes/resource/ore-graded.json" },
{ "op": "add", "path": "/allowedVariants/-", "value": "ore-bountiful-orichalcum-redmarble", "file": "game:itemtypes/resource/ore-graded.json" },

{ "op": "add", "path": "/allowedVariants/-", "value": "crystalizedore-rich-orichalcum-redmarble", "file": "game:itemtypes/resource/crystalizedore-graded.json" },
{ "op": "add", "path": "/allowedVariants/-", "value": "crystalizedore-bountiful-orichalcum-redmarble", "file": "game:itemtypes/resource/crystalizedore-graded.json" },

{ "op": "add", "path": "/allowedVariants/-", "value": "looseores-orichalcum-redmarble-free", "file": "game:blocktypes/stone/looseores.json" },
////////////////////////////////////////////////////////////////////////////////////////////////////
{ "op": "add", "path": "/allowedVariants/-", "value": "ore-medium-orichalcum-phyllite", "file": "game:blocktypes/stone/ore-graded.json" },
{ "op": "add", "path": "/allowedVariants/-", "value": "ore-rich-orichalcum-phyllite", "file": "game:blocktypes/stone/ore-graded.json" },

{ "op": "add", "path": "/allowedVariants/-", "value": "ore-medium-orichalcum-phyllite", "file": "game:itemtypes/resource/ore-graded.json" },
{ "op": "add", "path": "/allowedVariants/-", "value": "ore-rich-orichalcum-phyllite", "file": "game:itemtypes/resource/ore-graded.json" },

{ "op": "add", "path": "/allowedVariants/-", "value": "crystalizedore-medium-orichalcum-phyllite", "file": "game:itemtypes/resource/crystalizedore-graded.json" },
{ "op": "add", "path": "/allowedVariants/-", "value": "crystalizedore-rich-orichalcum-phyllite", "file": "game:itemtypes/resource/crystalizedore-graded.json" },

{ "op": "add", "path": "/allowedVariants/-", "value": "looseores-orichalcum-phyllite-free", "file": "game:blocktypes/stone/looseores.json" },
////////////////////////////////////////////////////////////////////////////////////////////////////
{ "op": "add", "path": "/allowedVariants/-", "value": "ore-poor-orichalcum-bauxite", "file": "game:blocktypes/stone/ore-graded.json" },
{ "op": "add", "path": "/allowedVariants/-", "value": "ore-poor-orichalcum-bauxite", "file": "game:itemtypes/resource/ore-graded.json" },
{ "op": "add", "path": "/allowedVariants/-", "value": "crystalizedore-poor-orichalcum-bauxite", "file": "game:itemtypes/resource/crystalizedore-graded.json" },
{ "op": "add", "path": "/allowedVariants/-", "value": "looseores-orichalcum-bauxite-free", "file": "game:blocktypes/stone/looseores.json" },
////////////////////////////////////////////////////////////////////////////////////////////////////
{ "op": "add", "path": "/allowedVariants/-", "value": "ore-poor-orichalcum-basalt", "file": "game:blocktypes/stone/ore-graded.json" },
{ "op": "add", "path": "/allowedVariants/-", "value": "ore-poor-orichalcum-basalt", "file": "game:itemtypes/resource/ore-graded.json" },
{ "op": "add", "path": "/allowedVariants/-", "value": "crystalizedore-poor-orichalcum-basalt", "file": "game:itemtypes/resource/crystalizedore-graded.json" },
{ "op": "add", "path": "/allowedVariants/-", "value": "looseores-orichalcum-basalt-free", "file": "game:blocktypes/stone/looseores.json" },
////////////////////////////////////////////////////////////////////////////////////////////////////
{ "op": "add", "path": "/allowedVariants/-", "value": "ore-poor-orichalcum-chert", "file": "game:blocktypes/stone/ore-graded.json" },
{ "op": "add", "path": "/allowedVariants/-", "value": "ore-poor-orichalcum-chert", "file": "game:itemtypes/resource/ore-graded.json" },
{ "op": "add", "path": "/allowedVariants/-", "value": "crystalizedore-poor-orichalcum-chert", "file": "game:itemtypes/resource/crystalizedore-graded.json" },
{ "op": "add", "path": "/allowedVariants/-", "value": "looseores-orichalcum-chert-free", "file": "game:blocktypes/stone/looseores.json" },
////////////////////////////////////////////////////////////////////////////////////////////////////
{	"op": "add", "path": "/requiredMiningTierByType/ore-*-orichalcum-*", "value": 9, "file": "game:blocktypes/stone/ore-graded.json" },
{	"op": "add", "path": "/variants/-", "value": { "Code": "orichalcum"  }, "file": "game:worldproperties/block/ore-graded.json" },
{	"op": "add", "path": "/variants/-", "value": { "Code": "orichalcum" }, "file": "game:worldproperties/block/ore-nugget.json" },
//{	"op": "add", "path": "/combustiblePropsByType/*-orichalcum", "value": { "meltingPoint": 1498, "meltingDuration": 30, "smeltedRatio": 35, "smeltedStack": { "type": "item", "code": "game:ingot-orichalcum" } }, "file": "game:itemtypes/resource/nugget.json" }
//																		melting point can only be at most 1499 in bloomery (?)
]