[
  {
    "enabled": false,
    "op": "addeach",
    "path": "/behaviorConfigs/rideableaccessories/wearableSlotsByType/*/1/forCategoryCodes/4",
    "value": [ "vessel", "chest", "storage" ],
    "file": "entities/land/sled.json",
    "side": "Server"
  },
  {
    "enabled": false,
    "op": "addeach",
    "path": "/behaviorConfigs/rideableaccessories/wearableSlotsByType/*/2/forCategoryCodes/4",
    "value": [ "vessel", "chest", "storage" ],
    "file": "entities/land/sled.json",
    "side": "Server"
  },
  {
    "enabled": false,
    "op": "addeach",
    "path": "/behaviorConfigs/rideableaccessories/wearableSlotsByType/*/3/forCategoryCodes/4",
    "value": [ "vessel", "chest", "storage" ],
    "file": "entities/land/sled.json",
    "side": "Server"
  },
  {
    "enabled": false,
    "op": "remove",
    "path": "/attributes/minGenerationToAllowHealing",
    "file": "entities/land/cart.json",
    "side": "Server"
  },
  {
    "enabled": false,
    "op": "remove",
    "path": "/attributes/minGenerationToAllowHealing",
    "file": "entities/land/marketstall.json",
    "side": "Server"
  },
  {
    "enabled": false,
    "op": "remove",
    "path": "/attributes/minGenerationToAllowHealing",
    "file": "entities/land/sled.json",
    "side": "Server"
  },
  {
    "enabled": false,
    "op": "replace",
    "path": "/dropsByType/*sled*",
    "value": [
      {
        "type": "block",
        "code": "game:debarkedlog-{wood}-ud",
        "quantityByType": {
          "*": {
            "avg": 8,
            "var": 2
          }
        }
      },
      {
        "type": "block",
        "code": "game:log-placed-{wood}-ud",
        "quantityByType": {
          "*": {
            "avg": 8,
            "var": 2
          }
        }
      },
      {
        "type": "item",
        "code": "game:resin",
        "quantityByType": {
          "*": {
            "avg": 2,
            "var": 1
          }
        }
      }
    ],
    "file": "blocktypes/cartcarcass.json",
    "side": "Server"
  },
  {
    "enabled": false,
    "op": "replace",
    "path": "/dropsByType/*stall*",
    "value": [
      {
        "type": "block",
        "code": "game:supportbeam-{wood}",
        "quantityByType": {
          "*": {
            "avg": 24,
            "var": 6
          }
        }
      },
      {
        "type": "item",
        "code": "game:plank-{wood}",
        "quantityByType": {
          "*": {
            "avg": 24,
            "var": 6
          }
        }
      },
      {
        "type": "item",
        "code": "game:resin",
        "quantityByType": {
          "*": {
            "avg": 4,
            "var": 2
          }
        }
      }
    ],
    "file": "blocktypes/cartcarcass.json",
    "side": "Server"
  },
  {
    "enabled": false,
    "op": "replace",
    "path": "/dropsByType/*slimcart*",
    "value": [
      {
        "type": "block",
        "code": "game:supportbeam-{wood}",
        "quantityByType": {
          "*": {
            "avg": 32,
            "var": 10
          }
        }
      },
      {
        "type": "item",
        "code": "game:plank-{wood}",
        "quantityByType": {
          "*": {
            "avg": 32,
            "var": 10
          }
        }
      },
      {
        "type": "item",
        "code": "game:resin",
        "quantityByType": {
          "*": {
            "avg": 3,
            "var": 2
          }
        }
      }
    ],
    "file": "blocktypes/cartcarcass.json",
    "side": "Server"
  },
  {
    "enabled": false,
    "op": "replace",
    "path": "/dropsByType/*basiccart*",
    "value": [
      {
        "type": "block",
        "code": "game:supportbeam-{wood}",
        "quantityByType": {
          "*": {
            "avg": 48,
            "var": 12
          }
        }
      },
      {
        "type": "item",
        "code": "game:plank-{wood}",
        "quantityByType": {
          "*": {
            "avg": 48,
            "var": 12
          }
        }
      },
      {
        "type": "item",
        "code": "game:resin",
        "quantityByType": {
          "*": {
            "avg": 4,
            "var": 2
          }
        }
      }
    ],
    "file": "blocktypes/cartcarcass.json",
    "side": "Server"
  }
]
