[
  {
    "enabled": true,
    "dependsOn": [
      {
        "modid": "cervinae",
        "invert": true
      }
    ],
    "op": "remove",
    "path": "/attributesByType/bed-hay-*/attachableToEntity/attachedShape",
    "file": "game:blocktypes/wood/bed.json",
    "side": "Server"
  },
  {
    "op": "addmerge",
    "path": "/attributesByType/bed-hay-*/attachableToEntity/attachedShapeBySlotCode",
    "value": {
      "cart*": {
        "base": "cartwrightscaravan:item/small/cartbedroll"
      },
      "*": {
        "base": "item/wearable/hooved/strawbed"
      }
    },
    "file": "game:blocktypes/wood/bed.json",
    "side": "Server"
  }
]
