[
  {
    "op": "addmerge",
    "path": "/attributes/attachableToEntity",
    "value": {
      "categoryCode": "small1"
    },
    "file": "game:blocktypes/clay/bowl.json",
    "side": "Server"
  },
  {
    "op": "addmerge",
    "path": "/attributes/attachableToEntity/attachedShape",
    "value": { "base": "cartwrightscaravan:item/small/bowl-empty-centered" },
    "file": "game:blocktypes/clay/bowl.json",
    "side": "Server"
  },
  {
    "op": "addmerge",
    "path": "/attributes/attachableToEntity",
    "value": {
      "categoryCode": "small1"
    },
    "file": "game:blocktypes/clay/bowl-meal.json",
    "side": "Server"
  },
  {
    "op": "addmerge",
    "path": "/attributes/attachableToEntity/attachedShape",
    "value": { "base": "cartwrightscaravan:item/small/bowl-ground-centered" },
    "file": "game:blocktypes/clay/bowl-meal.json",
    "side": "Server"
  }
]