{
	code: "creature",
	class: "ItemCreature",
	
	variantgroups: [
		{ code: "type", states: ["airship-small","bogey-narrowgauge","bogey-cart"]}],

	shapeByType: {
		
			"creature-airship-small": { base: "entity/airshipframe" },
			"*-narrowgauge": { base: "rustandrailroads2:entity/frame-bogey-narrowgauge" },
			"*-cart": { base: "rustandrailroads2:entity/frame-bogey-cart" }
		},
	
	
	heldTpIdleAnimation: "holdunderarm",
	maxstacksize: 1,
	materialDensity: 1,
	liquidSelectable: 1,
	creativeinventory: { "general": ["*"], "items": ["*"], "rr": ["*"] },
	guiTransformByType: {
		
		"*-cart":{
		 
		translation: { x: 3, y: 13, z: 0 },
		rotation: { x: 64, y: 0, z: 0 }
	

		},
		"*":{
		translation: { x: 4.0, y: 7.0, z: 0.0 },
		rotation: { x: -32.0, y: -35.0, z: -180.0 },
		origin: { x: 0.5, y: 0.0, z: 0.5 },
		scale: 0.6
		}

	},
	groundTransformByType: {
		
		"*": {
			translation: { x: 0, y: 0, z: 0 },
			rotation: { x: 0, y: 0, z: 0 },
			origin: { x: 0.5, y: 0, z: 0.5 },
			scale: 3.5
		}
	},

	tpHandTransformByType: {
		
		"*": {
			translation: { x: -0.93, y: 0.64, z: -0 },
		rotation: { x: -85, y: -34, z: 0 },
		origin: { x: 0.5, y: 0, z: 0.5 },
		scale: 0.5299
		}
	}
}