{
	"code": "engineerwrench-iron",
	"class": "ItemEngineerWrench",
	"creativeinventory": {
		"rr": [ "*" ]
	},
	"drawtype": "json",
	"shape": { "base": "pipewrench-iron" },
	"attributes": {


		"toolrackTransform": {
			"translation": {
				"x": 0,
				"y": 0.4,
				"z": 0
			},
			"rotation": {
				"x": 5,
				"y": 3,
				"z": -1
			},
			"scale": 1.25
		},
		"groundStorageTransform": {
			"translation": {
				"x": -0.028,
				"y": -0.03,
				"z": 0.015
			},
			"rotation": {
				"x": 0,
				"y": 45,
				"z": 0
			},
			"origin": {
				"x": 0.5,
				"y": 0,
				"z": 0.5
			}
		}

	},
	"behaviors": [
		{
			"name": "GroundStorable",
			"properties": {
				"layout": "SingleCenter",
				"collisionBox": {
					"x1": 0,
					"y1": 0,
					"z1": 0,
					"x2": 1,
					"y2": 0.094,
					"z2": 1
				}
			}
		}
	],
	"tool": "hammer",
	"enabled": true,
	"heldTpHitAnimation": "breaktool",
	"attackpower": 3, 
	attackRange: 3,
	"damageTier":  2,
	"durability": 2500,
	tool: "wrench",
	"tooltier": 5,
	damagedby: ["blockbreaking", "attacking"],
	"guiTransform": {
		"translation": {
			"x": 10,
			"y": -1,
			"z": 0
		},
		"rotation": {
			"x": -89,
			"y": -52,
			"z": -180
		},
		"origin": {
			"x": 0.44,
			"y": 0,
			"z": 0.38
		},
		"scale": 1.73
	},
	"fpHandTransform": {
		"translation": {
			"x": -0.1,
			"y": 0.4,
			"z": 0
		},
		"rotation": {
			"x": -180,
			"y": -5,
			"z": -87
		},
		"origin": {
			"x": 0.5,
			"y": 0,
			"z": 0.5
		},
		"scale": 2.3
	},
	"groundTransform": {
		"translation": {
			"x": 0,
			"y": 0,
			"z": 0
		},
		"rotation": {
			"x": 0,
			"y": 0,
			"z": 0
		},
		"origin": {
			"x": 0.5,
			"y": 0,
			"z": 0.5
		},
		"scale": 4.31
	},
	"tpHandTransform": {
		"translation": {
			"x": -0.85,
			"y": 0.05,
			"z": -0.49
		},
		"rotation": {
			"x": -90,
			"y": -4,
			"z": 0
		},
		"origin": {
			"x": 0.5,
			"y": 0,
			"z": 0.5
		},
		"scale": 0.77
	}
	
	
}