{"GameVersion":"1.18.0-pre.3","SizeX":4,"SizeY":2,"SizeZ":5,"BlockCodes":{"17876":"game:slantedroofingcornerouter-copper-east-free","1909":"game:slantedroofing-copper-east-free","17867":"game:slantedroofingcornerouter-copper-north-free","1917":"game:slantedroofing-copper-south-free","6322":"game:planks-aged-ns","1901":"game:slantedroofing-copper-north-free","1965":"game:slantedroofingridge-copper-ns-free","7115":"game:groundstorage","17885":"game:slantedroofingcornerouter-copper-south-free","1925":"game:slantedroofing-copper-west-free","17894":"game:slantedroofingcornerouter-copper-west-free"},"ItemCodes":{"814":"game:metalplate-copper"},"Indices":[0,1024,2048,3072,4096,1,1025,2049,3073,4097,1049601,1050625,1051649,2,1026,2050,3074,4098,1049602,1050626,1051650,3,1027,2051,3075,4099],"BlockIds":[17876,1909,1909,1909,17867,1917,6322,6322,6322,1901,1965,1965,1965,1917,7115,6322,6322,1901,1965,1965,1965,17885,1925,1925,1925,17894],"DecorIndices":[],"DecorIds":[],"BlockEntities":{"1026":"!<d@[F*Q@<!!!$&E,TfC&c_n3!<d@[F*bn-!!!0/@VfsmCI<#NAIW9mDfor.F*)>@@:s-U$#+:#ASuU.Ed7ZiEH>r7FE7Qb!!!3,F)5c:EsD_\"!!*'\"!%n?R!!<3$!!WgQASlBtEaa'4Eb,=fFCf<.ATD4$F`M%e@<6NjE+EC!AXlg8cO->,5QhI:ASlBtEaa'4Eb,4NTKrPX!!!<;AoD^\"AQ*\\hEa`Tl:i^JnErZ=LD.Rd%6#L=OA_R_e5QM4#FECr$BLZE?AH2]1!!!"},"Entities":[],"ReplaceMode":2}