{"GameVersion":"1.18.0-pre.5","SizeX":7,"SizeY":2,"SizeZ":6,"BlockCodes":{"2061":"game:soil-medium-normal","42579":"game:clutter","71965":"game:jonas-lamp","1264":"game:loosegears-1","1278":"game:metalpartpile-large","1270":"game:metal-scraps","1266":"game:loosegears-3","1268":"game:loosegears-5","1265":"game:loosegears-2"},"ItemCodes":{},"Indices":[0,1024,2048,3072,4096,5120,1050624,1,1025,2049,3073,4097,5121,1048577,1049601,1050625,1051649,2,1026,2050,3074,4098,5122,1051650,1052674,3,1027,2051,3075,4099,5123,1049603,1051651,1053699,4,1028,2052,3076,4100,5124,1049604,1050628,1051652,5,1029,2053,3077,4101,5125,1052677,6,1030,2054,3078,4102,5126,1049606,1052678],"BlockIds":[2061,2061,2061,2061,2061,2061,42579,2061,2061,2061,2061,2061,2061,42579,42579,71965,1264,2061,2061,2061,2061,2061,2061,1278,1270,2061,2061,2061,2061,2061,2061,1266,71965,42579,2061,2061,2061,2061,2061,2061,1278,1268,1265,2061,2061,2061,2061,2061,2061,1264,2061,2061,2061,2061,2061,2061,42579,42579],"DecorIndices":[],"DecorIds":[],"BlockEntities":{"1050624":"!<d@[F*QaG!!!$&E,TfC&c_n3!<d@[F*c=9!!!0/@VfsmCI<#NAHu^]F`__:EWlSfH#R=%B5_TtD(TF4@:TKGEc6&.FCePS!!!!%$#O6pBL-NKCh;?3ahIr`Ec6&.FCeVU!!!!*$\"ImiCh7*uARkc@","1048577":"!<d@[F*QdH!!!$&E,TfC&c_n3!<d@[F*c77!!!0/@VfsmCI<#NAHu^]F`__:EWlSfH#R=%B5_TtD(TF0DI`kTEc6&.FCePS!!!!%$#O6pBL-NKCh;?38O!=_Ec6&.FCeVU!!!!*$\"ImiCh7*uARkc@","1049601":"!<d@[F*QdH!!!$&E,TfC&c_n3!<d@[F*c:8!!!0/@VfsmCI<#NAHu^]F`__:EWlSfH#R=&B5_TtD(TF0DIbL*#BFa)@<?'_z\":8pVF(djWB5D/6&'7$=#BFa)@<?'az#mk*[Ci!ZmFCet_!!","1050625":"!<d@[F*QdH!!!$&E,TfC&c_n3!<d@[F*c=9!!!0/@VfsmCI<#NAI<0jDIIT<Cgh1\"\"U&pmE+L,-BkM+$F)Q2A@q@<3DD,gKD.tS@BlIW8BJ\"%/D/]U_Ec6&.FCePS!!!!%$#O6pBL-NKCh;?38O*C`Ec6&.FCeVU!!!!*$\"ImiCh7*uARkcE$Z9NtGAhM;6Z6LH!!!","1051651":"!<d@[F*QjJ!!!$&E,TfC&c_n3!<d@[F*c@:!!!0/@VfsmCI<#NAI<0jDIIT<Cgh1\"\"U&pmE+L/.BkM+$F)Q2A@q@<3AnE]4F_thEE+s9&/Tr^^@;Trd#BFa)@<?'_z\":8pVF(djWB5D/;m4Z6X#BFa)@<?'az#mk*[Ci!ZmFCet_\"Uf3ZFE_YDCI<#NAH2]","1053699":"!<d@[F*QjJ!!!$&E,TfC&c_n3!<d@[F*cF<!!!0/@VfsmCI<#NAHu^]F`__:EWlSfH#R=&B5_TtD(TF0DIbO+#BFa)@<?'_z\":8pVF(djWB5D/6&';Qh#BFa)@<?'az#mk*[Ci!ZmFCet_!!","1049606":"!<d@[F*QsM!!!$&E,TfC&c_n3!<d@[F*c:8!!!0/@VfsmCI<#NAHu^]F`__:EWlSfH#R=&B5_TtD(T@<Dfd]:#BFa)@<?'_z\":8pVF(djWB5D/6%nT\"h#BFa)@<?'az#mk*[Ci!ZmFCet_!!","1052678":"!<d@[F*QsM!!!$&E,TfC&c_n3!<d@[F*cC;!!!0/@VfsmCI<#NAHu^]F`__:EWlSfH#R=&B5_TtD(T@<Dfd`;#BFa)@<?'_z\":8pVF(djWB5D/6%nT\"h#BFa)@<?'az#mk*[Ci!ZmFCet_!!"},"Entities":[],"ReplaceMode":2}