{"GameVersion":"1.18.0-pre.3","SizeX":3,"SizeY":3,"SizeZ":3,"BlockCodes":{"2042":"game:peatbrick","2046":"game:soil-medium-none","7124":"game:stationarybasket-east"},"ItemCodes":{"182":"game:stackrandomizer-accessory-highstatus","3480":"game:stackrandomizer-ruinedweapon","187":"game:stackrandomizer-lore-jonas","179":"game:stackrandomizer-cloth-highstatus","191":"game:stackrandomizer-seed","198":"game:stackrandomizer-gear","196":"game:stackrandomizer-lantern"},"Indices":[0,1024,2048,1048576,1049600,1050624,2097152,2098176,2099200,1,1025,2049,1048577,1049601,1050625,2097153,2098177,2099201,2,1026,2050,1048578,1049602,1050626,2097154,2098178,2099202],"BlockIds":[2046,2046,2046,2046,2046,2046,2046,2046,2046,2046,2046,2046,2046,7124,2046,2046,2046,2046,2046,2046,2046,2046,2046,2046,2046,2046,2046],"DecorIndices":[],"DecorIds":[],"BlockEntities":{"1049601":"!<d@[F*QdH!!!$&E,TfC&c_n3!<d@[F*csK!!!0/@VfsmCI<#NAJK9.@<?4%DIIR2@UX=nATTM8@<6Mp$#+:#ASuU.Ed7ZiEH>r7FE7]f!!!3,F)5c:EsD_\"!!*'\"!4Dk-!!*'\"!!!6)0`V4S!!&Aq!!!$\"!!!!(!AXWU!!!#2!!!!\"z#6?U\\!<<*\"ZN't*!<<*\"!!`N]!!*'\"!5AL6!!*'\"!!!6)2#mXW!!(\"=!!!$\"!!!!(!B'oY!!!#;!!!!\"z#6?a`zq?I!#+92BA!!!!&$taEu6>URMCI<#NAJK9.@<?4%DIIR2@UX=nATTM8@<6Mo\"E\\p.AHZFSARkoMD.Rd%6#L=OA_Ra;^An"},"Entities":[],"ReplaceMode":2}