{
  "longshankfemale": {
    "ShapePath": "beastsofmen:bodies/basemouse",
    "MainTextureCode": "basemouse",
	"CollisionBox": [ 0.45, 1.39 ],
	"EyeHeight": 1.3,
    "SkinnableParts": [
			{
				"code": "baseskin",
				"type": "texture", 
				"textureTarget": "basemouse",
				"overlayTexture": false,
				"overlayMode": "Normal",
				"variants": [
					{ "code": "chocolate", "texture": "beastsofmen:bodies/girl/chocolate" },
					{ "code": "caramel", "texture": "beastsofmen:bodies/girl/caramel" },
					{ "code": "sand", "texture": "beastsofmen:bodies/girl/sand" },
					{ "code": "espresso", "texture": "beastsofmen:bodies/girl/espresso" },
					{ "code": "clay", "texture": "beastsofmen:bodies/girl/clay" },
					{ "code": "glacier", "texture": "beastsofmen:bodies/girl/glacier" },
					{ "code": "lava", "texture": "beastsofmen:bodies/girl/lava" },
					{ "code": "obsidian", "texture": "beastsofmen:bodies/girl/obsidian" },
					{ "code": "dahlia", "texture": "beastsofmen:bodies/girl/dahlia" },
					{ "code": "djinn", "texture": "beastsofmen:bodies/girl/djinn" },
					{ "code": "grass", "texture": "beastsofmen:bodies/girl/grass" },
					{ "code": "moss", "texture": "beastsofmen:bodies/girl/moss" },
					{ "code": "ocean", "texture": "beastsofmen:bodies/girl/ocean" },
					{ "code": "rose", "texture": "beastsofmen:bodies/girl/rose" },
					{ "code": "pale", "texture": "beastsofmen:bodies/girl/pale" }
				]
			},
			{
				"code": "facialexpression",
				"type": "shape",
				"shapeTemplate": { "base": "beastsofmen:clothes/75scale/face/{code}" },
				"variants": [
					{ "code": "grin"},
					{ "code": "smirk"},
					{ "code": "kind"},
					{ "code": "upset"},
					{ "code": "neutral"},
					{ "code": "sad"},
					{ "code": "serious"},
					{ "code": "tired"},
					{ "code": "very-sad"}
				]
			},
			{
				"code": "eyecolor",
				"type": "texture",
				"textureTarget": "baseeyes",
				"overlayTexture": false,
				"overlayMode": "Normal",
				"useDropDown": true,
				"targetSkinParts": ["facialexpression"],
				"textureTemplate": "beastsofmen:eyecolors/{code}",
				"variants": [
					{ "code": "acid-green"},
					{ "code": "aquamarine"},
					{ "code": "azure"},
					{ "code": "bitter-lemon"},
					{ "code": "cadmium-orange"},
					{ "code": "citron"},
					{ "code": "dark-green"},
					{ "code": "forest-green"},
					{ "code": "goldenrod"},
					{ "code": "jade"},
					{ "code": "lavander"},
					{ "code": "malachite"},
					{ "code": "mantis"},
					{ "code": "midnight"},
					{ "code": "phthalo-blue"},
					{ "code": "purple"},
					{ "code": "sand"},
					{ "code": "sapphire"}
				]
			},
			{
				"code": "voicetype",
				"type": "voice", 
				"useDropDown": true,
				"variants": [
					{ "code": "altoflute", "sound": "sounds/voice/altoflute" },
					{ "code": "harmonica", "sound": "sounds/voice/harmonica" },
					{ "code": "oboe", "sound": "sounds/voice/oboe" },
					{ "code": "clarinet", "sound": "sounds/voice/clarinet" },
					{ "code": "accordion", "sound": "sounds/voice/accordion" },
					{ "code": "trumpet", "sound": "sounds/voice/trumpet" },
					{ "code": "sax", "sound": "sounds/voice/sax" },
					{ "code": "tuba", "sound": "sounds/voice/tuba" }
				]
			},
			{
				"code": "voicepitch",
				"type": "voice", 
				"colbreak": true,
				"useDropDown": true,
				"variants": [
					{ "code": "verylow" },
					{ "code": "low" },
					{ "code": "medium" },
					{ "code": "high" }
				]
			},
			{
				"code": "hairbase",
				"type": "shape",
				"shapeTemplate": { "base": "beastsofmen:clothes/75scale/hair-base/{code}" },
				"variants": [
					{ "code": "bald" },
					{ "code": "balding" },
					{ "code": "afro" },
					{ "code": "combed" },
					{ "code": "dreadlocks" },
					{ "code": "indigenousbalding" },
					{ "code": "iroquois" },
					{ "code": "kniaz" },
					{ "code": "layered" },
					{ "code": "longflowing" },
					{ "code": "longwithstrands" },
					{ "code": "mediumlength-bangs" },
					{ "code": "messy" },
					{ "code": "messy2" },
					{ "code": "classic" },
					{ "code": "short" },
					{ "code": "short-parted" },
					{ "code": "shortspiky" },
					{ "code": "short-trimmed" },
					{ "code": "tonsure" }
				]
			},
			{ 
				"code": "hairextra",
				"type": "shape", 
				"shapeTemplate": { "base": "beastsofmen:clothes/75scale/hair-extra/{code}" },
				"variants": [
					{ "code": "none" },
					{ "code": "backbun" },
					{ "code": "braidedup" },
					{ "code": "elaboratestickbun" },
					{ "code": "headsidebraid" },
					{ "code": "largestickbun" },
					{ "code": "neatbraid" },
					{ "code": "classicponytail" },
					{ "code": "ponytail" },
					{ "code": "rolledbraidwithbun" },
					{ "code": "shortmessybraid" },
					{ "code": "sidebraids" },
					{ "code": "sidebuns" },
					{ "code": "siderolls" },
					{ "code": "snood" },
					{ "code": "thicklongfrenchbraid" },
					{ "code": "tiedback" },
					{ "code": "tieddreads" },
					{ "code": "tiedtopknot" },
					{ "code": "topbun" },
					{ "code": "topknot" },
					{ "code": "unkempt" },
					{ "code": "vikingtopbraid" }
				]
			},
			{ 
				"code": "haircolor",
				"type": "texture",
				"textureTarget": "hair",
				"targetSkinParts": ["hairbase", "hairextra"],
				"textureTemplate": "game:entity/humanoid/seraphskinparts/hair/{code}",
				"variants": [
					{ "code": "lightgray" },
					{ "code": "silverchalice" },
					{ "code": "slategray" },
					{ "code": "eerieblack" },
					{ "code": "mossgreen" },
					{ "code": "seagreen" },
					{ "code": "wintergreendream" },
					{ "code": "steelblue" },
					{ "code": "queenblue" },
					{ "code": "indigodye" },
					{ "code": "heliotropegray" },
					{ "code": "palatinatepurple" },
					{ "code": "darkpurple" },
					{ "code": "wheat" },
					{ "code": "ecru" },
					{ "code": "sanddune" },
					{ "code": "harvestgold" },
					{ "code": "cordovan" },
					{ "code": "rosewood" },
					{ "code": "russet" },
					{ "code": "liver" },
					{ "code": "oldburgundy" }
				]
			},
			{
				"code": "subspecies",
				"type": "shape",
				"useDropDown": true,
				"shapeTemplate": { "base": "beastsofmen:animalextras/mouse/{code}" },
				"variants": [
					{ "code": "longtail" },
					{ "code": "shortail" }
				]
			},		
			{
				"code": "furcolor",
				"type": "texture",
				"useDropDown": true,
				"textureTarget": "baseears",
				"targetSkinParts": ["subspecies"],
				"textureTemplate": "beastsofmen:racials/mouse/{code}",
				"variants": [
					{ "code": "black" },
					{ "code": "blue" },
					{ "code": "white" },
					{ "code": "green" },
					{ "code": "lavablack" },
					{ "code": "pink" }
				]
			}
		]
  }
}