{
  "windstriders": {
    "ShapePath": "beastsofmen:bodies/basebird",
    "MainTextureCode": "basebird",
    "SkinnableParts": [
			{
				"code": "baseskin",
				"type": "texture", 
				"textureTarget": "basebird",
				"overlayTexture": false,
				"overlayMode": "Normal",
				"variants": [
					{ "code": "chocolate", "texture": "beastsofmen:bodies/girl/chocolate" },
					{ "code": "caramel", "texture": "beastsofmen:bodies/girl/caramel" },
					{ "code": "sand", "texture": "beastsofmen:bodies/girl/sand" },
					{ "code": "espresso", "texture": "beastsofmen:bodies/girl/espresso" },
					{ "code": "clay", "texture": "beastsofmen:bodies/girl/clay" },
					{ "code": "glacier", "texture": "beastsofmen:bodies/girl/glacier" },
					{ "code": "lava", "texture": "beastsofmen:bodies/girl/lava" },
					{ "code": "obsidian", "texture": "beastsofmen:bodies/girl/obsidian" },
					{ "code": "dahlia", "texture": "beastsofmen:bodies/girl/dahlia" },
					{ "code": "djinn", "texture": "beastsofmen:bodies/girl/djinn" },
					{ "code": "grass", "texture": "beastsofmen:bodies/girl/grass" },
					{ "code": "moss", "texture": "beastsofmen:bodies/girl/moss" },
					{ "code": "ocean", "texture": "beastsofmen:bodies/girl/ocean" },
					{ "code": "rose", "texture": "beastsofmen:bodies/girl/rose" },
					{ "code": "pale", "texture": "beastsofmen:bodies/girl/pale" }
				]
			},
			{
				"code": "facialexpression",
				"type": "shape",
				"variants": [
					{ "code": "angry", "shape": { "base": "playermodellib:seraphfaces/angry" } },
					{ "code": "grin", "shape": { "base": "playermodellib:seraphfaces/grin" } },
					{ "code": "smirk", "shape": { "base": "playermodellib:seraphfaces/smirk" } },
					{ "code": "kind", "shape": { "base": "playermodellib:seraphfaces/kind" } },
					{ "code": "upset", "shape": { "base": "playermodellib:seraphfaces/upset" } },
					{ "code": "neutral", "shape": { "base": "playermodellib:seraphfaces/neutral" } },
					{ "code": "sad", "shape": { "base": "playermodellib:seraphfaces/sad" } },
					{ "code": "serious", "shape": { "base": "playermodellib:seraphfaces/serious" } },
					{ "code": "tired", "shape": { "base": "playermodellib:seraphfaces/tired" } },
					{ "code": "very-sad", "shape": { "base": "playermodellib:seraphfaces/very-sad" } }
				]
			},
			{
				"code": "eyecolor",
				"type": "texture", 
				"textureTarget": "playermodellib-iris",
				"targetSkinParts": ["facialexpression"],
				"variants": [
					{ "code": "acid-green", "texture": "game:entity/humanoid/seraphskinparts/eyes/acid-green" },
					{ "code": "aquamarine", "texture": "game:entity/humanoid/seraphskinparts/eyes/aquamarine" },
					{ "code": "azure", "texture": "game:entity/humanoid/seraphskinparts/eyes/azure" },
					{ "code": "bitter-lemon", "texture": "game:entity/humanoid/seraphskinparts/eyes/bitter-lemon" },
					{ "code": "cadmium-orange", "texture": "game:entity/humanoid/seraphskinparts/eyes/cadmium-orange" },
					{ "code": "citron", "texture": "game:entity/humanoid/seraphskinparts/eyes/citron" },
					{ "code": "dark-green", "texture": "game:entity/humanoid/seraphskinparts/eyes/dark-green" },
					{ "code": "forest-green", "texture": "game:entity/humanoid/seraphskinparts/eyes/forest-green" },
					{ "code": "goldenrod", "texture": "game:entity/humanoid/seraphskinparts/eyes/goldenrod" },
					{ "code": "jade", "texture": "game:entity/humanoid/seraphskinparts/eyes/jade" },
					{ "code": "lavander", "texture": "game:entity/humanoid/seraphskinparts/eyes/lavander" },
					{ "code": "malachite", "texture": "game:entity/humanoid/seraphskinparts/eyes/malachite" },
					{ "code": "mantis", "texture": "game:entity/humanoid/seraphskinparts/eyes/mantis" },
					{ "code": "midnight", "texture": "game:entity/humanoid/seraphskinparts/eyes/midnight" },
					{ "code": "phthalo-blue", "texture": "game:entity/humanoid/seraphskinparts/eyes/phthalo-blue" },
					{ "code": "purple", "texture": "game:entity/humanoid/seraphskinparts/eyes/purple" },
					{ "code": "sand", "texture": "game:entity/humanoid/seraphskinparts/eyes/sand" },
					{ "code": "sapphire", "texture": "game:entity/humanoid/seraphskinparts/eyes/sapphire" }
				]
			},
			{
				"code": "talons",
				"type": "shape",
				"useDropDown": true,
				"shapeTemplate": { "base": "beastsofmen:animalextras/bird/{code}" },
				"variants": [
					{ "code": "talons" },
					{ "code": "none" }
				]
			},
			{
				"code": "taloncolor",
				"type": "texture",
				"useDropDown": true,
				"textureTarget": "basetalons",
				"textureTemplate": "beastsofmen:racials/bird/{code}",
				"targetSkinParts": ["talons"],
				"variants": [
					{ "code": "blacktalons" },
					{ "code": "bluetalons" },
					{ "code": "goldtalons" },
					{ "code": "graytalons" },
					{ "code": "whitetalons" }
				]
			},
			{
				"code": "voicetype",
				"type": "voice", 
				"useDropDown": true,
				"variants": [
					{ "code": "altoflute", "sound": "sounds/voice/altoflute" },
					{ "code": "harmonica", "sound": "sounds/voice/harmonica" },
					{ "code": "oboe", "sound": "sounds/voice/oboe" },
					{ "code": "clarinet", "sound": "sounds/voice/clarinet" },
					{ "code": "accordion", "sound": "sounds/voice/accordion" },
					{ "code": "trumpet", "sound": "sounds/voice/trumpet" },
					{ "code": "sax", "sound": "sounds/voice/sax" },
					{ "code": "tuba", "sound": "sounds/voice/tuba" }
				]
			},
			{
				"code": "voicepitch",
				"type": "voice", 
				"colbreak": true,
				"useDropDown": true,
				"variants": [
					{ "code": "verylow" },
					{ "code": "low" },
					{ "code": "medium" },
					{ "code": "high" }
				]
			},
			{
				"code": "hairbase",
				"type": "shape",
				"shapeTemplate": { "base": "game:entity/humanoid/seraphskinparts/hair-base/{code}" },
				"variants": [
					{ "code": "bald" },
					{ "code": "balding" },
					{ "code": "afro" },
					{ "code": "combed" },
					{ "code": "dreadlocks" },
					{ "code": "indigenousbalding" },
					{ "code": "iroquois" },
					{ "code": "kniaz" },
					{ "code": "layered" },
					{ "code": "longflowing" },
					{ "code": "longwithstrands" },
					{ "code": "mediumlength-bangs" },
					{ "code": "messy" },
					{ "code": "messy2" },
					{ "code": "classic" },
					{ "code": "short" },
					{ "code": "short-parted" },
					{ "code": "shortspiky" },
					{ "code": "short-trimmed" },
					{ "code": "tonsure" }
				]
			},
			{ 
				"code": "hairextra",
				"type": "shape", 
				"shapeTemplate": { "base": "game:entity/humanoid/seraphskinparts/hair-extra/{code}" },
				"variants": [
					{ "code": "none" },
					{ "code": "backbun" },
					{ "code": "braidedup" },
					{ "code": "elaboratestickbun" },
					{ "code": "headsidebraid" },
					{ "code": "largestickbun" },
					{ "code": "neatbraid" },
					{ "code": "classicponytail" },
					{ "code": "ponytail" },
					{ "code": "rolledbraidwithbun" },
					{ "code": "shortmessybraid" },
					{ "code": "sidebraids" },
					{ "code": "sidebuns" },
					{ "code": "siderolls" },
					{ "code": "snood" },
					{ "code": "thicklongfrenchbraid" },
					{ "code": "tiedback" },
					{ "code": "tieddreads" },
					{ "code": "tiedtopknot" },
					{ "code": "topbun" },
					{ "code": "topknot" },
					{ "code": "unkempt" },
					{ "code": "vikingtopbraid" }
				]
			},
			{ 
				"code": "haircolor",
				"type": "texture",
				"textureTarget": "hair",
				"targetSkinParts": ["hairbase", "hairextra"],
				"textureTemplate": "game:entity/humanoid/seraphskinparts/hair/{code}",
				"variants": [
					{ "code": "lightgray" },
					{ "code": "silverchalice" },
					{ "code": "slategray" },
					{ "code": "eerieblack" },
					{ "code": "mossgreen" },
					{ "code": "seagreen" },
					{ "code": "wintergreendream" },
					{ "code": "steelblue" },
					{ "code": "queenblue" },
					{ "code": "indigodye" },
					{ "code": "heliotropegray" },
					{ "code": "palatinatepurple" },
					{ "code": "darkpurple" },
					{ "code": "wheat" },
					{ "code": "ecru" },
					{ "code": "sanddune" },
					{ "code": "harvestgold" },
					{ "code": "cordovan" },
					{ "code": "rosewood" },
					{ "code": "russet" },
					{ "code": "liver" },
					{ "code": "oldburgundy" }
				]
			},
			{
				"code": "subspecies",
				"type": "shape",
				"useDropDown": true,
				"shapeTemplate": { "base": "beastsofmen:animalextras/bird/{code}" },
				"variants": [
					{ "code": "bird1" },
					{ "code": "bird2" }
				]
			},		
			{
				"code": "furcolor",
				"type": "texture",
				"useDropDown": true,
				"textureTarget": "basefeathers",
				"targetSkinParts": ["subspecies"],
				"textureTemplate": "beastsofmen:racials/bird/{code}",
				"variants": [
					{ "code": "blackfeather" },
					{ "code": "bluefeather" },
					{ "code": "goldfeather" },
					{ "code": "redfeather" },
					{ "code": "tropicalfeather" },
					{ "code": "whitefeather" },
					{ "code": "woodfeather" }
				]
			}
		]
  }
}