[
	{
		"file": "fagothic:recipes/grid/armor/fa-gothic-legs-recipe",
		"op": "replace",
		"path": "/0",
		"value": {
		ingredientPattern: "ABC,DEF,GHI",
		recipeGroup: 1,
		ingredients: {
			"A": { type: "item", code: "game:cloth-*", name: "color", 
					allowedVariants: [
						"plain",
						"blue", 
						"red", 
						"yellow", 
						"green", 
						"purple", 
						"pink", 
						"orange", 
						"brown", 
						"gray", 
						"black", 
						"white"], quantity: 4 },
				"B": { type: "item", code: "game:leather-sturdy-plain", quantity: 4
				},
				"C": { type: "item", code: "game:metalplate-silver", quantity: 4
				},
				"D": { type: "item", code: "fa-gothic-schematic"
				},
				"E": { type: "item", code: "game:metalnailsandstrips-meteoriciron", quantity: 4
				},
				"G": { type: "item", code: "game:hammer-*", isTool: true, toolDurabilityCost: 100
				},
				"F": { type: "item", code: "game:armor-legs-sewn-linen"
				},
				"H": { type: "item", code: "game:armor-legs-chain-steel"
				},
				"I": { type: "item", code: "game:armor-legs-plate-steel"
				}
			},	
		width: 3,
		height: 3,
		name: "gothic steel plate legs",
		output: { type: "item", code: "fa-gothic-legs-steel-{color}"
			}
		}
	},
	{
		"file": "fagothic:recipes/grid/armor/fa-gothic-legs-recipe",
		"op": "replace",
		"path": "/1",
		"value": {	
		ingredientPattern: "ABC,DEF,GHI",
		recipeGroup: 1,
		ingredients: {
			"A": { type: "item", code: "game:cloth-*", name: "color", 
					allowedVariants: [
					"plain",
					"blue",
					"red",
					"yellow",
					"green",
					"purple",
					"pink",
					"orange",
					"brown",
					"gray",
					"black",
					"white"
				], quantity: 4
				},
				"B": { type: "item", code: "game:leather-normal-plain", quantity: 4
				},
				"C": { type: "item", code: "game:metalplate-silver", quantity: 4
				},
				"D": { type: "item", code: "fa-gothic-schematic"
				},
				"E": { type: "item", code: "game:metalnailsandstrips-meteoriciron", quantity: 4
				},
				"G": { type: "item", code: "game:hammer-*", isTool: true, toolDurabilityCost: 100
				},
				"F": { type: "item", code: "game:armor-legs-sewn-linen"
				},
				"H": { type: "item", code: "game:armor-legs-chain-meteoriciron"
				},
				"I": { type: "item", code: "game:armor-legs-plate-meteoriciron"
				}
			},
		width: 3,
		height: 3,
		name: "gothic steel meteoric iron legs",
		output: { type: "item", code: "fa-gothic-legs-meteoriciron-{color}"
			}
		}
	},
	{
		"file": "fagothic:recipes/grid/armor/fa-gothic-legs-recipe",
		"op": "replace",
		"path": "/2",
		"value": {	
		ingredientPattern: "ABC,DEF,GHI",
		recipeGroup: 1,
		ingredients: {
			"A": { type: "item", code: "game:cloth-*", name: "color", 
					allowedVariants: [
					"plain",
					"blue",
					"red",
					"yellow",
					"green",
					"purple",
					"pink",
					"orange",
					"brown",
					"gray",
					"black",
					"white"
				], quantity: 4
				},
				"B": { type: "item", code: "game:leather-normal-plain", quantity: 4
				},
				"C": { type: "item", code: "game:metalplate-zinc", quantity: 4
				},
				"D": { type: "item", code: "fa-gothic-schematic"
				},
				"E": { type: "item", code: "game:metallamellae-lead", quantity: 4
				},
				"G": { type: "item", code: "game:hammer-*", isTool: true, toolDurabilityCost: 100
				},
				"F": { type: "item", code: "game:armor-legs-sewn-linen"
				},
				"H": { type: "item", code: "game:armor-legs-chain-iron"
				},
				"I": { type: "item", code: "game:armor-legs-plate-iron"
				}
			},
		width: 3,
		height: 3,
		name: "gothic iron plate legs",
		output: { type: "item", code: "fa-gothic-legs-iron-{color}"
			}
		}
	}
]