[
	{
		"file": "fagothic:recipes/grid/armor/fa-gothic-head-recipe",
		"op": "replace",
		"path": "/0",
		"value": {
			ingredientPattern: "ABA,IEF,GHD",
			recipeGroup: 1,
			ingredients: {
				"A": { type: "item", code: "game:leather-sturdy-plain", quantity: 2
				},
				"B": { type: "item", code: "game:metalnailsandstrips-meteoriciron", quantity: 4
				},
				"D": { type: "item", code: "game:metalplate-silver", quantity: 2
				},
				"E": { type: "item", code: "game:armor-head-plate-steel"
				},
				"F": { type: "item", code: "game:armor-head-chain-steel"
				},
				"G": { type: "item", code: "game:hammer-*", isTool: true, toolDurabilityCost: 100
				},
				"H": { type: "item", code: "fa-gothic-schematic"
				},
				"I": { type: "item", code: "game:armor-head-sewn-linen"
				}
			},
			width: 3,
			height: 3,
			name: "gothic steel plate sallet",
			output: { type: "item", code: "fa-gothic-head-sallet-steel-none"
			}
		}
	},
	{
		"file": "fagothic:recipes/grid/armor/fa-gothic-head-recipe",
		"op": "replace",
		"path": "/1",
		"value": {
			ingredientPattern: "ABA,IEF,GHD",
			recipeGroup: 1,
			ingredients: {
				"A": { type: "item", code: "game:leather-normal-plain", quantity: 2
				},
				"B": { type: "item", code: "game:metalnailsandstrips-silver", quantity: 4
				},
				"D": { type: "item", code: "game:metalplate-silver", quantity: 2
				},
				"E": { type: "item", code: "game:armor-head-plate-meteoriciron"
				},
				"F": { type: "item", code: "game:armor-head-chain-meteoriciron"
				},
				"G": { type: "item", code: "game:hammer-*", isTool: true, toolDurabilityCost: 100
				},
				"H": { type: "item", code: "fa-gothic-schematic"
				},
				"I": { type: "item", code: "game:armor-head-sewn-linen"
				}
			},
			width: 3,
			height: 3,
			name: "gothic steel plate sallet",
			output: { type: "item", code: "fa-gothic-head-sallet-meteoriciron-none"
			}
		}
	},
	{
		"file": "fagothic:recipes/grid/armor/fa-gothic-head-recipe",
		"op": "replace",
		"path": "/2",
		"value": {
			ingredientPattern: "ABA,IEF,GHD",
			recipeGroup: 1,
			ingredients: {
				"A": { type: "item", code: "game:leather-sturdy-plain", quantity: 2
				},
				"B": { type: "item", code: "game:metallamellae-lead", quantity: 4
				},
				"D": { type: "item", code: "game:metalplate-zinc", quantity: 2
				},
				"E": { type: "item", code: "game:armor-head-plate-iron"
				},
				"F": { type: "item", code: "game:armor-head-chain-iron"
				},
				"G": { type: "item", code: "game:hammer-*", isTool: true, toolDurabilityCost: 100
				},
				"H": { type: "item", code: "fa-gothic-schematic"
				},
				"I": { type: "item", code: "game:armor-head-sewn-linen"
				}
			},
			width: 3,
			height: 3,
			name: "gothic steel plate sallet",
			output: { type: "item", code: "fa-gothic-head-sallet-iron-none"
			},
		},
	}
]