[
 {
	"ingredientPattern": "APS	PSP	SPS",
	"ingredients": {
		"A": { "type": "item", "code": "game:axe-*", "isTool": true  },
		"P": { "type": "block", "code": "floralzonesneozeylandicregion:log-placed-*-ud", "name": "wood" },
		"S": { "type": "item", "code": "game:stick" }
	},
	"width": 3,
	"height": 3,
	"output": { "type": "block", "code": "floralzonesneozeylandicregion:roughhewnfencegate-{wood}-n-closed-free", "quantity": 2  }
 },
 {
	"ingredientPattern": "APS	PSP	SPS",
	"ingredients": {
		"A": { "type": "item", "code": "game:axe-*", "isTool": true  },
		"P": { "type": "block", "code": "floralzonesneozeylandicregion:logsection-placed-*-ne-ud", "name": "wood" },
		"S": { "type": "item", "code": "game:stick" }
	},
	"width": 3,
	"height": 3,
	"output": { "type": "block", "code": "floralzonesneozeylandicregion:roughhewnfencegate-{wood}-n-closed-free", "quantity": 2  }
 },
]