{
	"editor": {
		"allAngles": false,
		"entityTextureMode": false
	},
	"textureWidth": 16,
	"textureHeight": 16,
	"textureSizes": {
	},
	"textures": {
		"chromium": "game:block/metal/ingot/chromium"
	},
	"elements": [
		{
			"name": "ingot",
			"from": [ 2.5, 0.0, 0.5 ],
			"to": [ 5.5, 2.0, 7.5 ],
			"rotationOrigin": [ 4.0, 0.0, 4.0 ],
			"faces": {
				"north": { "texture": "#chromium", "uv": [ 7.0, 6.0, 10.0, 8.0 ] },
				"east": { "texture": "#chromium", "uv": [ 2.5, 2.0, 9.5, 4.0 ] },
				"south": { "texture": "#chromium", "uv": [ 8.0, 11.0, 11.0, 13.0 ] },
				"west": { "texture": "#chromium", "uv": [ 7.5, 8.0, 14.5, 10.0 ] },
				"up": { "texture": "#chromium", "uv": [ 7.5, 5.0, 10.5, 12.0 ] },
				"down": { "texture": "#chromium", "uv": [ 9.5, 2.0, 12.5, 9.0 ] }
			}
		}
	]}