[
   {
        "op": "addeach",
        "path": "/ingredients/5/validStacks/-",
        "value": [
            { type: "item", code: "cannibalism:palemeat-raw",  shapeElement: "bowl/red meat/*", textureMapping: ["meat", "group7"] },
			{ type: "item", code: "cannibalism:palemeat-cured",  shapeElement: "bowl/red meat/*", textureMapping: ["meat", "group7"] },
			{ type: "item", code: "cannibalism:meatnugget-palemeat-raw",  shapeElement: "bowl/meatnugget 1/*", textureMapping: ["meatnugget", "bushmeat-raw"]  },
			{ type: "item", code: "cannibalism:meatnugget-palemeat-smashed",  shapeElement: "bowl/red meat/*", textureMapping: ["meat", "group7"]  },
			{ type: "item", code: "cannibalism:sausage-palemeat-raw",  shapeElement: "bowl/meatnugget 1/*", textureMapping: ["meatnugget", "bushmeat-raw"]  },
			{ type: "item", code: "cannibalism:sausage-palemeat-dried",  shapeElement: "bowl/meatnugget 1/*", textureMapping: ["meatnugget", "bushmeat-raw"]  },
			{ type: "item", code: "cannibalism:sausage-palemeat-curing",  shapeElement: "bowl/meatnugget 1/*", textureMapping: ["meatnugget", "bushmeat-raw"]  },
			{ type: "item", code: "cannibalism:sausage-palemeat-cured",  shapeElement: "bowl/meatnugget 1/*", textureMapping: ["meatnugget", "bushmeat-raw"]  },
			{ type: "item", code: "cannibalism:sausage-palemeatcheese-raw",  shapeElement: "bowl/meatnugget 1/*", textureMapping: ["meatnugget", "bushmeat-raw"]  },
			{ type: "item", code: "cannibalism:sausage-palemeatcheese-dried",  shapeElement: "bowl/meatnugget 1/*", textureMapping: ["meatnugget", "bushmeat-raw"]  },
			{ type: "item", code: "cannibalism:sausage-palemeatcheese-curing",  shapeElement: "bowl/meatnugget 1/*", textureMapping: ["meatnugget", "bushmeat-raw"]  },
			{ type: "item", code: "cannibalism:sausage-palemeatcheese-cured",  shapeElement: "bowl/meatnugget 1/*", textureMapping: ["meatnugget", "bushmeat-raw"]  },
			{ type: "item", code: "cannibalism:meatnugget-palemeat-cured",  shapeElement: "bowl/meatnugget 1/*", textureMapping: ["meatnugget", "bushmeat-raw"]  },
			{ type: "item", code: "cannibalism:agedmeat-palemeat-cut",  shapeElement: "bowl/red meat/*", textureMapping: ["meat", "group8"]  },
			{ type: "item", code: "cannibalism:agedmeat-palemeat-raw",  shapeElement: "bowl/meatnugget 1/*", textureMapping: ["meatnugget", "bushmeat-raw"]  },
    ],
    "side": "server",
    "file": "game:recipes/cooking/pastahot.json"
  },
  {
    "op": "addeach",
    "path": "/ingredients/6/validStacks/-",
    "value": [
        { type: "item", code: "cannibalism:palemeat-raw",  shapeElement: "bowl/red meat/*", textureMapping: ["meat", "group7"] },
			{ type: "item", code: "cannibalism:palemeat-cured",  shapeElement: "bowl/red meat/*", textureMapping: ["meat", "group7"] },
			{ type: "item", code: "cannibalism:meatnugget-palemeat-raw",  shapeElement: "bowl/meatnugget 2/*", textureMapping: ["meatnugget", "bushmeat-raw"]  },
			{ type: "item", code: "cannibalism:meatnugget-palemeat-smashed",  shapeElement: "bowl/red meat/*", textureMapping: ["meat", "group7"]  },
			{ type: "item", code: "cannibalism:sausage-palemeat-raw",  shapeElement: "bowl/meatnugget 2/*", textureMapping: ["meatnugget", "bushmeat-raw"]  },
			{ type: "item", code: "cannibalism:sausage-palemeat-dried",  shapeElement: "bowl/meatnugget 2/*", textureMapping: ["meatnugget", "bushmeat-raw"]  },
			{ type: "item", code: "cannibalism:sausage-palemeat-curing",  shapeElement: "bowl/meatnugget 2/*", textureMapping: ["meatnugget", "bushmeat-raw"]  },
			{ type: "item", code: "cannibalism:sausage-palemeat-cured",  shapeElement: "bowl/meatnugget 2/*", textureMapping: ["meatnugget", "bushmeat-raw"]  },
			{ type: "item", code: "cannibalism:sausage-palemeatcheese-raw",  shapeElement: "bowl/meatnugget 2/*", textureMapping: ["meatnugget", "bushmeat-raw"]  },
			{ type: "item", code: "cannibalism:sausage-palemeatcheese-dried",  shapeElement: "bowl/meatnugget 2/*", textureMapping: ["meatnugget", "bushmeat-raw"]  },
			{ type: "item", code: "cannibalism:sausage-palemeatcheese-curing",  shapeElement: "bowl/meatnugget 2/*", textureMapping: ["meatnugget", "bushmeat-raw"]  },
			{ type: "item", code: "cannibalism:sausage-palemeatcheese-cured",  shapeElement: "bowl/meatnugget 2/*", textureMapping: ["meatnugget", "bushmeat-raw"]  },
			{ type: "item", code: "cannibalism:meatnugget-palemeat-cured",  shapeElement: "bowl/meatnugget 2/*", textureMapping: ["meatnugget", "bushmeat-raw"]  },
			{ type: "item", code: "cannibalism:agedmeat-palemeat-cut",  shapeElement: "bowl/red meat/*", textureMapping: ["meat", "group8"]  },
			{ type: "item", code: "cannibalism:agedmeat-palemeat-raw",  shapeElement: "bowl/meatnugget 2/*", textureMapping: ["meatnugget", "bushmeat-raw"]  },
],
    "side": "server",
    "file": "game:recipes/cooking/pastahot.json"
  },
]