[
  {
    "op": "remove",
    "path": "/attributes/nutritionPropsWhenInMeal",
    "side": "server",
    "file": "cannibalism:itemtypes/food/palemeat.json"
  },
  {
    "op": "addmerge",
    "path": "/attributes/nutritionPropsWhenInMealByType",
    "value": {
      "*-raw": {
        "satiety": 200,
        "foodcategory": "Protein"
      },
      "*-cured": {
        "satiety": 140,
        "foodcategory": "Protein"
      }
    },
    "side": "server",
    "file": "cannibalism:itemtypes/food/palemeat.json"
  },
  {
    "op": "add",
    "path": "/class",
    "value": "TransFix",
    "side": "server",
    "file": "itemtypes/food/palemeat.json"
  },
  {
    "op": "addmerge",
    "path": "/attributes/meathookable",
    "value": true,
    "side": "server",
    "file": "cannibalism:itemtypes/food/palemeat.json"
  },
  {
    "op": "addmerge",
    "path": "/attributes/meatHookTransform",
    "value": {
      "translation": {
        "x": 0.025,
        "y": -0.8,
        "z": 0.0
      },
      "rotation": {
        "x": -90,
        "y": 90,
        "z": 0
      },
      "origin": {
        "x": 0.5,
        "y": 0,
        "z": 0.5
      },
      "scale": 1
    },
    "side": "server",
    "file": "cannibalism:itemtypes/food/palemeat.json"
  },
  {
    "op": "addmerge",
    "path": "/transitionablePropsByType/*-raw/1",
    "value": {
      "type": "Dry",
      "freshHours": {
        "avg": 480
      },
      "transitionHours": {
        "avg": 20
      },
      "transitionedStack": {
        "type": "item",
        "code": "cannibalism:agedmeat-palemeat-normal"
      },
      "transitionRatio": 1
    },
    "side": "server",
    "file": "cannibalism:itemtypes/food/palemeat.json"
  },

  {
    "op": "addmerge",
    "path": "/attributes/bakingPropertiesByType",
    "value": {
      "*-raw": {
        "temp": 150,
        "levelFrom": 0.0,
        "levelTo": 0.25,
        "startScaleY": 1.0,
        "endScaleY": 1.0,
        "resultCode": "cannibalism:palemeat-partbaked"
      },
      "*-partbaked": {
        "temp": 150,
        "levelFrom": 0.25,
        "levelTo": 0.5,
        "startScaleY": 1.0,
        "endScaleY": 1.0,
        "resultCode": "cannibalism:palemeat-cooked",
        "initialCode": "cannibalism:palemeat-raw"
      },
      "*-cooked": {
        "temp": 150,
        "levelFrom": 0.5,
        "levelTo": 0.75,
        "startScaleY": 1.0,
        "endScaleY": 1.0,
        "resultCode": "cannibalism:palemeat-charred",
        "initialCode": "cannibalism:palemeat-partbaked"
      },
      "*-charred": {
        "temp": 150,
        "levelFrom": 0.75,
        "levelTo": 1.0,
        "startScaleY": 1.0,
        "endScaleY": 0.9,
        "initialCode": "cannibalism:palemeat-cooked"
      }
    },
    "side": "server",
    "file": "cannibalism:itemtypes/food/palemeat.json"
  },
  {
    "op": "addmerge",
    "path": "/attributes/onDisplayTransform",
    "value": {
      "translation": {
        "x": 0.05,
        "y": 0,
        "z": 0.05
      },
      "scale": 1
    },
    "side": "server",
    "file": "cannibalism:itemtypes/food/palemeat.json"
  },
  {
    "op": "replace",
    "path": "/combustiblePropsByType/palemeat-raw/smeltedStack/code",
    "value": "cannibalism:palemeat-charred",
    "side": "server",
    "file": "cannibalism:itemtypes/food/palemeat.json"
  },
  {
    "op": "addmerge",
    "path": "/combustiblePropsByType/@*-(partbaked|cooked)",
    "value": {
		meltingPoint: 150,
		meltingDuration: 30,
		smeltedRatio: 1,
		smeltingType: "cook",
		smeltedStack: { type: "item", code: "cannibalism:palemeat-charred" },
		requiresContainer: false
	},
    "side": "server",
    "file": "cannibalism:itemtypes/food/palemeat.json"
  },
  {
    "op": "addmerge",
    "path": "/nutritionPropsByType/*-charred",
    "value": {
      "satiety": 110,
	  "health": -0.5,
      "foodcategory": "Protein"
    },
    "side": "server",
    "file": "cannibalism:itemtypes/food/palemeat.json"
  },
  {
    "op": "addmerge",
    "path": "/nutritionPropsByType/*-partbaked",
    "value": {
      "satiety": 120,
	  "health": -0.5,
      "foodcategory": "Protein"
    },
    "side": "server",
    "file": "cannibalism:itemtypes/food/palemeat.json"
  },
  {
    "op": "addmerge",
    "path": "/transitionablePropsByType/*-charred",
    "value": [
      {
        "type": "Perish",
        "freshHours": {
          "avg": 420
        },
        "transitionHours": {
          "avg": 60
        },
        "transitionedStack": {
          "type": "item",
          "code": "game:rot"
        },
        "transitionRatio": 1
      }
    ],
    "side": "server",
    "file": "cannibalism:itemtypes/food/palemeat.json"
  },
  {
    "op": "addmerge",
    "path": "/transitionablePropsByType/*-partbaked",
    "value": [
      {
        "type": "Perish",
        "freshHours": {
          "avg": 120
        },
        "transitionHours": {
          "avg": 36
        },
        "transitionedStack": {
          "type": "item",
          "code": "game:rot"
        },
        "transitionRatio": 1
      }
    ],
    "side": "server",
    "file": "cannibalism:itemtypes/food/palemeat.json"
  },
  {
    "op": "replace",
    "path": "/variantgroups/0/states/1",
    "value": "partbaked",
    "side": "server",
    "file": "cannibalism:itemtypes/food/palemeat.json"
  },
  {
    "op": "addmerge",
    "path": "/variantgroups/0/states/-",
    "value": "cooked",
    "side": "server",
    "file": "cannibalism:itemtypes/food/palemeat.json"
  },
  {
    "op": "addmerge",
    "path": "/variantgroups/0/states/-",
    "value": "charred",
    "side": "server",
    "file": "cannibalism:itemtypes/food/palemeat.json"
  },
  {
    "op": "addmerge",
    "path": "/texturesbytype/palemeat-charred",
    "value": {
      "meat": {
        "base": "cannibalism:item/food/meat/expandedfoods/charred"
      }
    },
    "side": "server",
    "file": "itemtypes/food/palemeat.json"
  },
  {
    "op": "addmerge",
    "path": "/texturesbytype/palemeat-partbaked",
    "value": {
      "meat": {
        "base": "cannibalism:item/food/meat/expandedfoods/partbaked"
      }
    },
    "side": "server",
    "file": "itemtypes/food/palemeat.json"
  },
  {
    "op": "addmerge",
    "path": "/attributes/inPiePropertiesByType/*-cured",
    "value": {
      "texture": "cannibalism:block/food/pie/fill-palemeat",
      "partType": "Filling"
    },
    "side": "server",
    "file": "cannibalism:itemtypes/food/palemeat.json"
  }
]