{
	"editor": {
		"allAngles": false,
		"entityTextureMode": false
	},
	"textureWidth": 16,
	"textureHeight": 16,
	"textureSizes": {
	},
	"textures": {
		"stem": "game:block/plant/bamboo/stem-brown"
	},
	"elements": [
		{
			"name": "StalkMidNW",
			"from": [ 4.0, 0.0, 3.0 ],
			"to": [ 5.0, 16.0, 4.0 ],
			"faces": {
				"north": { "texture": "#stem", "uv": [ 3.0, 0.0, 4.0, 16.0 ], "windMode": [5,5,5,5] },
				"east": { "texture": "#stem", "uv": [ 1.0, 0.0, 2.0, 16.0 ], "windMode": [5,5,5,5] },
				"south": { "texture": "#stem", "uv": [ 5.0, 0.0, 6.0, 16.0 ], "windMode": [5,5,5,5] },
				"west": { "texture": "#stem", "uv": [ 1.0, 0.0, 2.0, 16.0 ], "windMode": [5,5,5,5] },
				"up": { "texture": "#stem", "uv": [ 8.5, 14.5, 9.5, 15.5 ], "windMode": [5,5,5,5] },
				"down": { "texture": "#stem", "uv": [ 8.0, 14.0, 9.0, 15.0 ], "windMode": [5,5,5,5] }
			}
		},
		{
			"name": "StalkMidNE",
			"from": [ 13.0, 0.0, 7.0 ],
			"to": [ 14.0, 16.0, 8.0 ],
			"faces": {
				"north": { "texture": "#stem", "uv": [ 0.0, 0.0, 1.0, 16.0 ], "windMode": [5,5,5,5] },
				"east": { "texture": "#stem", "uv": [ 1.0, 0.0, 2.0, 16.0 ], "windMode": [5,5,5,5] },
				"south": { "texture": "#stem", "uv": [ 2.0, 0.0, 3.0, 16.0 ], "windMode": [5,5,5,5] },
				"west": { "texture": "#stem", "uv": [ 2.0, 0.0, 3.0, 16.0 ], "windMode": [5,5,5,5] },
				"up": { "texture": "#stem", "uv": [ 8.5, 14.5, 9.5, 15.5 ], "windMode": [5,5,5,5] },
				"down": { "texture": "#stem", "uv": [ 8.5, 14.5, 9.5, 15.5 ], "windMode": [5,5,5,5] }
			}
		},
		{
			"name": "StalkMidSE",
			"from": [ 10.0, 0.0, 10.0 ],
			"to": [ 11.0, 16.0, 11.0 ],
			"faces": {
				"north": { "texture": "#stem", "uv": [ 4.0, 0.0, 5.0, 16.0 ], "windMode": [5,5,5,5] },
				"east": { "texture": "#stem", "uv": [ 4.0, 0.0, 5.0, 16.0 ], "windMode": [5,5,5,5] },
				"south": { "texture": "#stem", "uv": [ 5.0, 0.0, 6.0, 16.0 ], "windMode": [5,5,5,5] },
				"west": { "texture": "#stem", "uv": [ 1.0, 0.0, 2.0, 16.0 ], "windMode": [5,5,5,5] },
				"up": { "texture": "#stem", "uv": [ 8.5, 14.5, 9.5, 15.5 ], "windMode": [5,5,5,5] },
				"down": { "texture": "#stem", "uv": [ 8.5, 14.5, 9.5, 15.5 ], "windMode": [5,5,5,5] }
			}
		},
		{
			"name": "StalkMidSW",
			"from": [ 3.0, 0.0, 13.0 ],
			"to": [ 4.0, 16.0, 14.0 ],
			"faces": {
				"north": { "texture": "#stem", "uv": [ 0.0, 0.0, 1.0, 16.0 ], "windMode": [5,5,5,5] },
				"east": { "texture": "#stem", "uv": [ 2.0, 0.0, 3.0, 16.0 ], "windMode": [5,5,5,5] },
				"south": { "texture": "#stem", "uv": [ 0.0, 0.0, 1.0, 16.0 ], "windMode": [5,5,5,5] },
				"west": { "texture": "#stem", "uv": [ 5.0, 0.0, 6.0, 16.0 ], "windMode": [5,5,5,5] },
				"up": { "texture": "#stem", "uv": [ 8.5, 14.5, 9.5, 15.5 ], "windMode": [5,5,5,5] },
				"down": { "texture": "#stem", "uv": [ 8.5, 14.5, 9.5, 15.5 ], "windMode": [5,5,5,5] }
			}
		},
		{
			"name": "StalkCenter",
			"from": [ 7.0, 0.0, 7.0 ],
			"to": [ 8.0, 16.0, 8.0 ],
			"faces": {
				"north": { "texture": "#stem", "uv": [ 3.0, 0.0, 4.0, 16.0 ] },
				"east": { "texture": "#stem", "uv": [ 1.0, 0.0, 2.0, 16.0 ] },
				"south": { "texture": "#stem", "uv": [ 5.0, 0.0, 6.0, 16.0 ] },
				"west": { "texture": "#stem", "uv": [ 1.0, 0.0, 2.0, 16.0 ] },
				"up": { "texture": "#stem", "uv": [ 8.5, 14.5, 9.5, 15.5 ] },
				"down": { "texture": "#stem", "uv": [ 8.5, 14.5, 9.5, 15.5 ] }
			}
		},
		{
			"name": "StalkMidW",
			"from": [ 2.0, 0.0, 8.0 ],
			"to": [ 3.0, 16.0, 9.0 ],
			"faces": {
				"north": { "texture": "#stem", "uv": [ 3.0, 0.0, 4.0, 16.0 ] },
				"east": { "texture": "#stem", "uv": [ 1.0, 0.0, 2.0, 16.0 ] },
				"south": { "texture": "#stem", "uv": [ 5.0, 0.0, 6.0, 16.0 ] },
				"west": { "texture": "#stem", "uv": [ 1.0, 0.0, 2.0, 16.0 ] },
				"up": { "texture": "#stem", "uv": [ 8.5, 14.5, 9.5, 15.5 ] },
				"down": { "texture": "#stem", "uv": [ 8.5, 14.5, 9.5, 15.5 ] }
			}
		}
	]}