{
	"editor": {
		"allAngles": false,
		"entityTextureMode": false
	},
	"textureWidth": 16,
	"textureHeight": 16,
	"textureSizes": {
	},
	"textures": {
		"stem": "game:block/plant/bamboo/stem-brown"
	},
	"elements": [
		{
			"name": "StalkTopSW",
			"from": [ 4.0, 0.0, 11.0 ],
			"to": [ 5.0, 16.0, 12.0 ],
			"faces": {
				"north": { "texture": "#stem", "uv": [ 1.0, 0.0, 2.0, 16.0 ], "windMode": [5,5,5,5] },
				"east": { "texture": "#stem", "uv": [ 3.0, 0.0, 4.0, 16.0 ], "windMode": [5,5,5,5] },
				"south": { "texture": "#stem", "uv": [ 3.0, 0.0, 4.0, 16.0 ], "windMode": [5,5,5,5] },
				"west": { "texture": "#stem", "uv": [ 4.0, 0.0, 5.0, 16.0 ], "windMode": [5,5,5,5] },
				"up": { "texture": "#stem", "uv": [ 8.5, 14.5, 9.5, 15.5 ], "windMode": [5,5,5,5] },
				"down": { "texture": "#stem", "uv": [ 8.5, 14.5, 9.5, 15.5 ], "windMode": [5,5,5,5] }
			}
		},
		{
			"name": "StalkTopSE",
			"from": [ 12.0, 0.0, 12.0 ],
			"to": [ 13.0, 16.0, 13.0 ],
			"faces": {
				"north": { "texture": "#stem", "uv": [ 4.0, 0.0, 5.0, 16.0 ], "windMode": [5,5,5,5] },
				"east": { "texture": "#stem", "uv": [ 3.0, 0.0, 4.0, 16.0 ], "windMode": [5,5,5,5] },
				"south": { "texture": "#stem", "uv": [ 1.0, 0.0, 2.0, 16.0 ], "windMode": [5,5,5,5] },
				"west": { "texture": "#stem", "uv": [ 1.0, 0.0, 2.0, 16.0 ], "windMode": [5,5,5,5] },
				"up": { "texture": "#stem", "uv": [ 8.5, 14.5, 9.5, 15.5 ], "windMode": [5,5,5,5] },
				"down": { "texture": "#stem", "uv": [ 8.5, 14.5, 9.5, 15.5 ], "windMode": [5,5,5,5] }
			}
		},
		{
			"name": "StalkTopNE",
			"from": [ 10.0, 0.0, 4.0 ],
			"to": [ 11.0, 16.0, 5.0 ],
			"faces": {
				"north": { "texture": "#stem", "uv": [ 2.0, 0.0, 3.0, 16.0 ], "windMode": [5,5,5,5] },
				"east": { "texture": "#stem", "uv": [ 2.0, 0.0, 3.0, 16.0 ], "windMode": [5,5,5,5] },
				"south": { "texture": "#stem", "uv": [ 0.0, 0.0, 1.0, 16.0 ], "windMode": [5,5,5,5] },
				"west": { "texture": "#stem", "uv": [ 4.0, 0.0, 5.0, 16.0 ], "windMode": [5,5,5,5] },
				"up": { "texture": "#stem", "uv": [ 8.5, 14.5, 9.5, 15.5 ], "windMode": [5,5,5,5] },
				"down": { "texture": "#stem", "uv": [ 8.5, 14.5, 9.5, 15.5 ], "windMode": [5,5,5,5] }
			}
		},
		{
			"name": "StalkTopNW",
			"from": [ 3.0, 0.0, 2.0 ],
			"to": [ 4.0, 16.0, 3.0 ],
			"faces": {
				"north": { "texture": "#stem", "uv": [ 5.0, 0.0, 6.0, 16.0 ], "windMode": [5,5,5,5] },
				"east": { "texture": "#stem", "uv": [ 6.0, 0.0, 7.0, 16.0 ], "windMode": [5,5,5,5] },
				"south": { "texture": "#stem", "uv": [ 6.0, 0.0, 7.0, 16.0 ], "windMode": [5,5,5,5] },
				"west": { "texture": "#stem", "uv": [ 3.0, 0.0, 4.0, 16.0 ], "windMode": [5,5,5,5] },
				"up": { "texture": "#stem", "uv": [ 8.5, 14.5, 9.5, 15.5 ], "windMode": [5,5,5,5] },
				"down": { "texture": "#stem", "uv": [ 8.5, 14.5, 9.5, 15.5 ], "windMode": [5,5,5,5] }
			}
		}
	]}