[
  {
    "op": "replace",
    "path": "/enabled",
    "value": true,
    "file": "butchering:itemtypes/butchercreatures/pantherinae/panthra.json",
    "dependsOn": [ { "modid": "pantherinae" } ]
  },
  {
    "op": "add",
    "path": "/server/behaviors/-",
    "value": {
      "code": "butcherable",
      "itemByType": {
        "pantherinae-panthra-adult-female-*": "butchering:deadpanthra-female-dead",
        "pantherinae-panthra-adult-male-*": "butchering:deadpanthra-male-dead"
      }
    },
    "file": "pantherinae:entities/land/pantherinae-panthra-adult.json",
    "dependsOn": [ { "modid": "pantherinae" } ]
  },
  {
    "op": "add",
    "path": "/client/behaviors/-",
    "value": {
      "code": "butcherable",
      "itemByType": {
        "pantherinae-panthra-adult-female-*": "butchering:deadpanthra-female-dead",
        "pantherinae-panthra-adult-male-*": "butchering:deadpanthra-male-dead"
      }
    },
    "file": "pantherinae:entities/land/pantherinae-panthra-adult.json",
    "dependsOn": [ { "modid": "pantherinae" } ]
  },
  {
    "op": "add",
    "path": "/server/behaviors/-",
    "value": {
      "code": "butcherable",
      "itemByType": {
        "pantherinae-panthra-baby-*": "butchering:deadpanthra-baby-dead"
      }
    },
    "file": "pantherinae:entities/land/pantherinae-panthra-baby.json",
    "dependsOn": [ { "modid": "pantherinae" } ]
  },
  {
    "op": "add",
    "path": "/client/behaviors/-",
    "value": {
      "code": "butcherable",
      "itemByType": {
        "pantherinae-panthra-baby-*": "butchering:deadpanthra-baby-dead"
      }
    },
    "file": "pantherinae:entities/land/pantherinae-panthra-baby.json",
    "dependsOn": [ { "modid": "pantherinae" } ]
  }
]
