﻿{
  "code": "gem",
  "__comment": "ItemOre is just for displaying the yield in units in the tooltip",
  "maxstacksize": 4,
  "class": "CANCutGemItem",
  "attributes": {
    "handbook": {
      "groupBy": [ "ore-{ore}-*" ]
    },
    "pigmentByType": {
      "*-malachite": {
        "name": "Verdigris",
        "color": {
          "red": 112,
          "green": 154,
          "blue": 108
        }
      }
    },
    "canGemTypeByType": {
      "*-exquisite-*": 3,
      "*-flawless-*": 2,
      "*-normal-*": 1
    },

    "displaycaseable": true,
    "shelvable": true
  },
  "texturesByType": {
    
    "*": {
      "gem": { "base": "canjewelry:item/gem/{gemtype}" }
    }
  },
  "variantgroups": [
    {
      "code": "refinestate",
      "states": [ "cut" ]
    },
    {
      "code": "quality",
      "states": [ "exquisite", "flawless", "normal" ]
    },
    {
      "code": "gemtype",
      "states": [ "diamond", "corundum", "emerald", "fluorite", "lapislazuli", "malachite", "olivine", "quartz", "uranium", "ruby", "citrine", "amethyst", "topaz" ]
    }
  ],
  "storageFlags": 5,
  "shape": { "base": "canjewelry:item/gem/{refinestate}/{quality}/gem" },
  "creativeinventory": {
    "general": [ "*" ],
    "items": [ "*" ],
    "canjewelry": [ "*" ]
  },
  "guiTransformByType": {
    "gem-cut-flawless-*": {
      "translation": {
        "x": 0,
        "y": 0,
        "z": 0
      },
      "rotation": {
        "x": 151,
        "y": -3,
        "z": 0
      },
      "origin": {
        "x": 0.51,
        "y": 0.08,
        "z": 0.5
      },
      "scale": 6
    },
    "*": {
      "translation": {
        "x": 4,
        "y": -2,
        "z": 0
      },
      "rotation": {
        "x": 151,
        "y": -3,
        "z": 0
      },
      "origin": {
        "x": 0.51,
        "y": 0.08,
        "z": 0.5
      },
      "scale": 6
    }
  },
  "fpHandTransform": {
    "translation": {
      "x": 0.1,
      "y": 0.2,
      "z": 0
    },
    "rotation": {
      "x": 5,
      "y": 100,
      "z": 0
    },
    "origin": {
      "x": 0.5,
      "y": -0.13,
      "z": 0.5
    },
    "scale": 4
  },
  "tpHandTransform": {
    "translation": {
      "x": -0.78,
      "y": -0.11,
      "z": -0.7
    },
    "rotation": {
      "x": -41,
      "y": -29,
      "z": -60
    },
    "origin": {
      "x": 0.5,
      "y": 0.09,
      "z": 0.5
    },
    "scale": 0.75
  },
  "groundTransform": {
    "translation": {
      "x": 0,
      "y": 0,
      "z": 0
    },
    "rotation": {
      "x": 0,
      "y": 0,
      "z": 0
    },
    "origin": {
      "x": 0.5,
      "y": 0,
      "z": 0.5
    },
    "scale": 4.5
  }
}