{
    "textures": {
    },
    "elements": [
        {
            "name": "Cube",
            "from": [ 0.0, 0.0, 0.0 ], 
            "to": [ 16.0, 1.0, 16.0 ], 
            "faces": {
                "north": { "reflectiveMode": 5, "texture": "#north" },
                "east": { "reflectiveMode": 5, "texture": "#east" },
                "south": { "reflectiveMode": 5, "texture": "#south" },
                "west": { "reflectiveMode": 5, "texture": "#west" },
                "up": { "reflectiveMode": 5, "texture": "#up" },
                "down": { "reflectiveMode": 5, "texture": "#down" }
            }
        }
    ]
}