{
	"code": "nandiniidae",
	"class": "EntityAgent",
	"canClimb": true,
	"canClimbAnywhereByType": {"*-nandiniabinotata":true,"*":false},
	"climbTouchDistance": 0.05,
	"rotateModelOnClimb": true,
	"fallDamageMultiplierByType": { "*-baby-*" :0.01,"*-adult-*" :0.05},
	"variantgroups": [
		{"code": "age","states": [ "adult","baby" ]},
		{"code": "gender","states": [ "female","male"]},
		{"code": "type","states": [ "nandiniabinotata"]}
	],
	"hitBoxSizeByType": {
		"*-adult-female-nandiniabinotata": {	"x": 0.5,"y": 0.3},"*-adult-male-nandiniabinotata": {	"x": 0.4,"y": 0.3},"*-baby-*-nandiniabinotata": {	"x": 0.2,"y": 0.15}
	},
	"deadhitBoxSizeByType": {
		"*-adult-female-nandiniabinotata": {	"x": 0.5,"y": 0.15},"*-adult-male-nandiniabinotata": {	"x": 0.4,"y": 0.15},"*-baby-*-nandiniabinotata": {	"x": 0.2,"y": 0.075}
	},
	"eyeHeightByType": {
		"*-adult-*-nandiniabinotata": 0.2,"*-baby-*-nandiniabinotata": 0.1
	},
	"weightByType": {
		"*-adult-*-nandiniabinotata": 2,"*-baby-*-nandiniabinotata": 0.5
	},	
	"knockbackResistanceByType": {
		"*-adult-*": 0.2,
		"*-baby-*": 0.1	},	
	"attributes": {
		"killedByInfoText": "deadcreature-killed",
		"basketCatchable": true,
		"trapChanceByType": {"*-adult-*": 0.5,"*-baby-*": 0.8 },
		"trapDestroyChanceByType": { "*-baby-*": 0.05, "*": 0.1 },
		"creatureDiet": {
			"foodCategories": ["Fruit"],
			"foodTags": ["fruitmash","sweetBerryBush" ]
		},
		"handbook": {
			"groupcode": "creaturegroup-nandiniidae"
		}
	},
	"drops": [],
	"client": {
		"renderer": "Shape",
		"shapeByType": {
			"*-adult-*": { "base": "entity/land/nandiniidae/{type}-adult" },
			"*-baby-*": { "base": "entity/land/nandiniidae/{type}-baby" }
		},
		"textureByType": {
			"*-adult-*": { "base": "entity/nandiniidae/{type}-adult" },
			"*-baby-*": { "base": "entity/nandiniidae/{type}-baby" }
		},
		"sizeByType": {
			"*-adult-male-nandiniabinotata": 1.0,"*-adult-female-nandiniabinotata": 0.95,"*-baby-*-nandiniabinotata": 1
		},
		"behaviors": [
			{"code": "repulseagents" },
			{"code": "controlledphysics","stepHeightByType": {"*":2.1251},"climbUpSpeed": 0.1,"climbDownSpeed": 0.1},
			{"code": "floatupwhenstuck","onlyWhenDead": true},
			{"code": "interpolateposition" },
			{"code": "harvestable","quantitySlots": 8},
			{ "code": "multiply", "enabledByType": { "*-adult-female-*": true, "*": false } },
			{"code": "despawn","minPlayerDistance": 8,"belowLightLevel": 8,"minSeconds": 300},
			{"code": "ropetieable","minGeneration": 2}
		],
		"animations": [
			{"code": "attack","animation": "Attack","animationSpeed": 1.2,"weight": 10,"blendMode": "AddAverage"},
			{"code": "die","animation": "Die","easeInSpeed": 3,"animationSpeed": 2.25,"weight": 10,"blendMode": "Average","triggeredBy": { "onControls": [ "dead" ] }},
			{"code": "eat","animation": "Eat","easeInSpeed": 2,"easeOutSpeed": 2,"blendMode": "Average"},
			{"code": "hurt","animation": "Hurt","animationSpeed": 2.2,"weight": 10,"blendMode": "AddAverage"},
			{"code": "idle","animation": "Idle","animationSpeed": 0.5,"blendMode": "AddAverage","easeOutSpeed": 4,"triggeredBy": { "defaultAnim": true }},
			{"code": "yawn","animation": "Yawn","easeInSpeed": 1.5,"easeOutSpeed": 2.5,"weight": 10,"blendMode": "AddAverage"},
			{"code": "roar","animation": "Roar","easeInSpeed": 1.5,"easeOutSpeed": 1.5,"weight": 10,"blendMode": "AddAverage"},
			{"code": "sit","animation": "Sit","easeInSpeed": 2,"easeOutSpeed": 5,"blendMode": "Average"},
			{"code": "lie","animation": "Lie","easeInSpeed": 2,"easeOutSpeed": 5,"weight": 5,"blendMode": "Average"},
			{"code": "sleep","animation": "Sleep","easeInSpeed": 2,"easeOutSpeed": 5,"weight": 5,"blendMode": "Average"},
			{"code": "swim","animation": "Swim","supressDefaultAnimation": true,"blendMode": "Average"},
			{"code": "run","animation": "Run","easeInSpeed": 10,"supressDefaultAnimation": true,"blendMode": "Average"},
			{"code": "canter","animation": "Canter","easeInSpeed": 10,"supressDefaultAnimation": true,"blendMode": "Average"},
			{"code": "walk","animation": "Walk","easeInSpeed": 10,"supressDefaultAnimation": true,"blendMode": "Average"}
		]
	},
	"server": {
		"attributes": {
			"pathfinder": {
				"minTurnAnglePerSec": 0,
				"maxTurnAnglePerSecByType": { "*-adult-*": 650, "*-baby-*": 360}
			}
		},
		"behaviors": [
			{ "code": "repulseagents" },
			{"code": "controlledphysics","stepHeightByType": {"*":2.1251},"climbUpSpeed": 0.1,"climbDownSpeed": 0.1},
			{"code": "despawn","minPlayerDistance": 8,"belowLightLevel": 8,"minSeconds": 300},
			{"code": "health",
				"maxhealthByType": {
					"*-adult-*-nandiniabinotata": 3,"*-baby-*-nandiniabinotata": 3
				}
			},
			{"code": "deaddecay",
				"hoursToDecay": 96,
				"decayedBlockByType": {
				"*-adult-*": "carcass-small",
				"*-baby-*": "carcass-tiny"
				}
			},
			{"code": "floatupwhenstuck","onlyWhenDead": true},
			{"code": "harvestable",
				"quantitySlots": 8,
				"drops": [
					{
						"type": "item",
						"code": "game:bushmeat-raw",
						"quantityByType": {
							"*-adult-*-nandiniabinotata": {"avg": 0.5,"var": 0.0},
							"*-baby-*": {"avg": 0,"var": 0.1}
						}
					},
					{
						"type": "item",
						"code": "viverridae:pelt-{gender}-{type}",
						"quantityByType": {
							"*-adult-*": {"avg": 1.0,"var": 0.0},
							"*": {"avg": 0.0,"var": 0.0}
						}
					},
					{
						"type": "item",
						"code": "game:fat",
						"quantityByType": {
							"*-adult-*-nandiniabinotata": {"avg": 0,"var": 0.0},
							"*-baby-*": {"avg": 0,"var": 0.0}
						}
					}
				]
			},
			{"code": "breathe" },
			{"code": "multiply",
				"enabledByType": {
					"*-adult-female-*": true,
					"*": false
				},
				"spawnEntityCodesByType": {
				"*-adult-female-*": [ { "code":"viverridae:nandiniidae-baby-female-{type}"}, {"code": "viverridae:nandiniidae-baby-male-{type}"} ]},
				"requiresNearbyEntityCodeByType": {
					"*-adult-female-*": "viverridae:nandiniidae-adult-male-{type}"},
				"requiresNearbyEntityRange": 10,
				"spawnQuantityMin": 1,
				"spawnQuantityMaxByType": {"*-nandiniabinotata": 4,"*": 3},
				"pregnancyDaysByType": {"*-nandiniabinotata": 18,"*": 28},
				"multiplyCooldownDaysMinByType": {"*": 9},
				"multiplyCooldownDaysMaxByType": {"*": 18},
				"portionsEatenForMultiplyByType": {"*-nandiniabinotata": 3,"*": 4}
			},
			{"code": "grow",
					"enabledByType": {
					"*-baby-*": true,
					"*": false
				},
				"hoursToGrowByType": {"*-nandiniabinotata": 525,"*": 350},
				"adultEntityCodesByType": {
					"*-baby-male-*": ["viverridae:nandiniidae-adult-male-{type}"],
					"*-baby-female-*": ["viverridae:nandiniidae-adult-female-{type}"]
				}
			},
			{"code": "emotionstates",
				"states": [
					{"code": "fleeondamage","duration": 60,"chanceByType": {"*-adult-*": 1,"*-baby-*": 1},"slot": 2,"priority": 4,"accumType": "max","whenHealthRelBelow": 0.5},
					{"code": "fleeondamage","duration": 60,"slot": 2,"chanceByType": {"*-adult-*": 0.5,"*-baby-*": 1},"priority": 3,"accumType": "max"},
					{"code": "aggressiveondamage","duration": 30,"chanceByType": {"*-adult-*": 1,"*-baby-*": 0.0},"slot": 2,"priority": 1,"accumType": "noaccum"},
					{"code": "alarmherdondamage","chance": 1,"slot": 1,"priority": 1.5,"accumType": "max"},
					{"code": "saturated","duration": 2880,"chance": 1,"slot": 0,"priority": 1,"accumType": "sum"}
				]
			},
			{
				"code": "taskai",
				"aiCreatureType": "LandCreature",
				"aitasks": [
					{
						"code": "meleeattack",
						"animation": "Attack",
						"enabledByType": {"*-baby-*": false,"*": true},
						"entityCodesByType": {
							"@.*-(nandiniabinotata)": [ "accanthisittidae-*" ]
						},
						"priority": 1.7,
						"damageByType": {
							"*-adult-*-nandiniabinotata":2
						},
						"damageType": "SlashingAttack",
						"damageTierByType": {"*": 1},
						"slot": 1,
						"mincooldown": 1500,
						"maxcooldown": 2500,
						"attackDurationMs": 1250,
						"damagePlayerAtMs": 500,
						"animationSpeed": 1,
						"whenNotInEmotionState": "aggressiveondamage"
					},
					{
						"code": "meleeattack",
						"animation": "Attack",
						"enabledByType": {"*-baby-*": false,"*": true},
						"entityCodes": ["player", "bear-*","chicken-*", "deer-*","drifter-*", "fox-*", "gazelle-*", "goat-*","hare-*","hyena-*", "moose-*", "pig-*", "raccoon-*",  "sheep-*", "wolf-*","anatidae-*", "antilopinae-*","apterygidae-*","aptornithidae-*","bovinae-*","caninae-*", "caprinae-*","cervidae-*","dasyuridae-*","dinornithidae-*","diprotodontidae-*","dromornithidae-*","elephantidae-*","emeidae-*","hyaenidae-*","machairodontinae-*","manidae-*","megalapterygidae-*","meiolaniidae-*","pantherinae-panthera-*","procyonidae-*","rallidae-*","rhinocerotidae-*","spheniscidae-*","strigopidae-*", "suidae-*","thylacoleonidae-*", "ursidae-*","viverridae-*","vombatidae-*"],
						"priority": 1.9,
						"slot": 1,
						"damageByType": {
							"*-adult-*-nandiniabinotata":2
						},
						"knockbackStrengthByType": {"*":0.2},
						"damageType": "SlashingAttack",
						"damageTierByType": {"*":1},
						"mincooldown": 1500,
						"maxcooldown": 2500,
						"attackDurationMs": 1250,
						"damagePlayerAtMs": 500,
						"animationSpeed": 1.25,
						"whenInEmotionState": "aggressiveondamage"
					},
					{
						"code": "fleeentity",
						"animation": "Run",
						"entityCodesByType": {
							"*": [ "player", "bear-*","bell-*","bowtorn-*","deer-*","drifter-*","goat-*","hyena-*", "moose-*", "pig-*","sheep-*","wolf-*", "antilopinae-adult-*","bovinae-*","caninae-canina-adult-*","caninae-cerdocyonina-adult-*", "caprinae-adult-*","cervidae-*","dasyuridae-adult*","dinornithidae-adult*","diprotodontidae-*","dromornithidae-adult*","elephantidae-*","hyaenidae-adult-*","machairodontinae-adult-*","pantherinae-panthera-adult-*","rhinocerotidae-adult-*", "suidae-adult-*","suidae-elder-*","thylacoleonidae-*","ursidae-adult-*","viverridae-*"  ]
						},
						"priority": 1.53,
						"movespeedByType": {
							"*-adult-*-nandiniabinotata": 0.06,"*-baby-*-nandiniabinotata": 0.045
						},
						"animationSpeedByType": {
							"*-adult-male-nandiniabinotata": 2.7,"*-adult-female-nandiniabinotata": 3,"*-baby-*-nandiniabinotata": 4,
							"*": 1
						},
						"seekingRange": 20,
						"whenInEmotionState": "fleeondamage"

					},
					{
						"code": "fleeentity",
						"animation": "Canter",
						"entityCodesByType": {
							"*":["player","bear-*","bell-*","bowtorn-*","drifter-*","hyena-*","locust-*","moose-*","wolf-*","bovinae-adult-*","caninae-canina-adult-*","caninae-cerdocyonina-adult-*","dasyuridae-adult*","dinornithidae-adult*","diprotodontidae-*","dromornithidae-adult*","elephantidae-*", "machairodontinae-adult-*","pantherinae-neofelis-adult-*", "pantherinae-panthera-adult-*", "rhinocerotidae-adult-*","thylacoleonidae-adult-*","ursidae-adult-*"  ]
						},
						"priority": 1.52,
						"movespeedByType": {
							"*-adult-*-nandiniabinotata": 0.04,"*-baby-*-nandiniabinotata": 0.03
						},
						"animationSpeedByType": {
							"*-adult-male-nandiniabinotata": 2.7,"*-adult-female-nandiniabinotata": 3,"*-baby-*-nandiniabinotata": 4,
							"*": 1
						},
						"seekingRange": 10
					},
					{
						"code": "fleeentity",
						"animation": "Walk",
						"entityCodesByType": {
							"*":["player","bear-*","bell-*","bowtorn-*","drifter-*","hyena-*","locust-*","moose-*","wolf-*","bovinae-adult-*","caninae-canina-adult-*","caninae-cerdocyonina-adult-*","dasyuridae-adult*","dinornithidae-adult*","diprotodontidae-*","dromornithidae-adult*","elephantidae-*", "machairodontinae-adult-*","pantherinae-neofelis-adult-*", "pantherinae-panthera-adult-*", "rhinocerotidae-adult-*","thylacoleonidae-adult-*","ursidae-adult-*","viverridae-*"  ]
						},
						"priority": 1.51,
						"movespeedByType": {
							"*-adult-*-nandiniabinotata": 0.0036,"*-baby-*-nandiniabinotata": 0.0027
						},
						"animationSpeedByType": {
							"*-adult-male-nandiniabinotata": 0.9,"*-adult-female-nandiniabinotata": 1,"*-baby-*-nandiniabinotata": 1.35,
							"*": 1
						},
						"seekingRange": 25
					},
					{
						"code": "getoutofwater",
						"animation": "Swim",
						"priority": 1.4,
						"movespeedByType": {
							"*-adult-*": 0.02,"*-baby-*": 0.01
						},
						"animationSpeed": 1.5
					},
					{
						"code": "seekentity",
						"animation": "Canter",
						"enabledByType": {"*-baby-*": false,"*": true},
						"entityCodes": [ "player" ],
						"priority": 1.51,
						"movespeedByType": {
							"*-adult-*-nandiniabinotata": 0.0144
						},
						"animationSpeedByType": {
							"*-adult-male-nandiniabinotata": 1.8,"*-adult-female-nandiniabinotata": 2,
							"*": 1
						},
						"seekingRange": 5,
						"leapAtTarget": false,
						"leapAnimation": null,
						"leapChance": 0.1,
						"whenInEmotionState": "aggressiveondamage"
					},
					{
						"code": "stayclosetoentity",
						"animation": "Walk",
						"enabledByType": {"*": true},
						"priority": 1.81,
						"entityCodeByType": {
							"*-adult-female-*": "nandiniidae-baby-female-{type}",
							"*-baby-*": "nandiniidae-adult-female-{type}"},
						"movespeedByType": {
							"*-adult-*-nandiniabinotata": 0.0036,"*-baby-*-nandiniabinotata": 0.0027
						},
						"animationSpeedByType": {
							"*-adult-male-nandiniabinotata": 0.9,"*-adult-female-nandiniabinotata": 1,"*-baby-*-nandiniabinotata": 1.35,
							"*": 1
						},
						"maxDistanceByType": {"*-baby-*": 5,"*": 10},
						"searchRange": 15
					},
					{
						"code": "idle",
						"animation": "Sit",
						"priority": 1.2,
						"minduration": 6000,
						"maxduration": 24000,
						"mincooldown": 48000,
						"maxcooldown": 96000,
						"chanceByType": {"*":0.7},
						"priorityForCancel": 1.28,
						"stopOnNearbyEntityCodes": [  "player","bear-*","bell-*","drifter-*","hyena-*","locust-*", "wolf-*", "caninae-canina-adult-*","caninae-cerdocyonina-adult-*", "machairodontinae-adult-*","pantherinae-neofelis-adult-*", "pantherinae-panthera-adult-*","thylacoleonidae-adult-*"  ],
						"stopRange": 10,
						"animationSpeedByType": {"*-baby-*": 0.6,"*": 0.5},
						"stopOnHurt": true,
						"whenNotInEmotionState": "aggressiveondamage|fleeondamage"
					},
					{
						"code": "idle",
						"animation": "Lie",
						"priority": 1.2,
						"minduration": 6000,
						"maxduration": 24000,
						"mincooldown": 48000,
						"maxcooldown": 96000,
						"chanceByType": {"*":0.5},
						"priorityForCancel": 1.28,
						"stopOnNearbyEntityCodes": [  "player","bear-*","bell-*","drifter-*","hyena-*","locust-*", "wolf-*", "caninae-canina-adult-*","caninae-cerdocyonina-adult-*", "machairodontinae-adult-*","pantherinae-neofelis-adult-*", "pantherinae-panthera-adult-*","thylacoleonidae-adult-*"  ],
						"stopRange": 10,
						"animationSpeedByType": {"*-baby-*": 0.6,"*": 0.5},
						"stopOnHurt": true,
						"whenNotInEmotionState": "aggressiveondamage|fleeondamage"
					},
					{
						"code": "idle",
						"animation": "Sleep",
						"priority": 1.25,
						"minduration": 200000,
						"maxduration": 800000,
						"mincooldown": 1000,
						"maxcooldown": 3000,
						"chanceByType": {"*":0.5},
						"animationSpeed": 0.3,
						"whenNotInEmotionState": "aggressiveondamage|fleeondamage",
						"duringDayTimeFramesByType": {
							"*-nandiniabinotata":[{"fromHour": 8,"toHour": 20}],
							"*":[{"fromHour": 7,"toHour": 16}]},
						"stopOnNearbyEntityCodes": [ "player" ],
						"stopRange": 1,
						"stopOnHurt": true
					},
					{
						"code": "seekfoodandeat",
						"animation": "Walk",
						"eatAnimation": "Eat",
						"movespeedByType": {
							"*-adult-*-nandiniabinotata": 0.0036,"*-baby-*-nandiniabinotata": 0.0027
						},
						"animationSpeedByType": {
							"*-adult-male-nandiniabinotata": 0.9,"*-adult-female-nandiniabinotata": 1,"*-baby-*-nandiniabinotata": 1.35,
							"*": 1
						},
						"priority": 1.24,
						"eatSoundByType": {"*":"game:creature/animal-eat-small"},
						"eatTime": 1.5,
						"eatLooseItems": true,
						"mincooldownHours": 1,
						"maxcooldownHours": 4,
						"whenNotInEmotionState": "aggressiveondamage|fleeondamage"
					},
					{
						"code": "idle",
						"animation": "Yawn",
						"priority": 1.0,
						"priorityForCancel": 1.35,
						"minduration": 4667,
						"maxduration": 4667,
						"chanceByType": {"*":0.2},
						"mincooldown": 8000,
						"maxcooldown": 50000,
						"animationSpeed": 0.2,
						"whenNotInEmotionState": "aggressiveondamage|fleeondamage"
					},
					{
						"code": "idle",
						"animation": "Roar",
						"priority": 1.0,
						"priorityForCancel": 1.35,
						"minduration": 4667,
						"maxduration": 4667,
						"chanceByType": {"*-baby-*":0.2,"*":0.01},
						"mincooldown": 8000,
						"maxcooldown": 50000,
						"animationSpeedByType": {
							"*-nandiniabinotata": 1,
							"*": 1
						},
						"whenNotInEmotionState": "aggressiveondamage|fleeondamage",
						"SoundByType": {
							"*adult-*-nandiniabinotata": "viverridae:creature/nandiniidae/call*","*baby-*-nandiniabinotata": "viverridae:creature/nandiniidae/babycall*"
						},
						"soundRangeByType": {
							"*-baby-*": 12,
							"*-nandiniabinotata": 40,
							"*": 120
						}
					},
					{
						"code": "wander",
						"animation": "Walk",
						"priority": 1.0,
						"priorityForCancel": 1.35,
						"movespeedByType": {
							"*-adult-*-nandiniabinotata": 0.0036,"*-baby-*-nandiniabinotata": 0.0027
						},
						"animationSpeedByType": {
							"*-adult-male-nandiniabinotata": 0.9,"*-adult-female-nandiniabinotata": 1,"*-baby-*-nandiniabinotata": 1.35,
							"*": 1
						},
						"preferredLightLevel": 8,
						"whenNotInEmotionState": "aggressiveondamage|fleeondamage"
					},
					{
						"code": "lookaround",
						"priority": 0.5,
						"animationSpeed": 0.75,
						"whenNotInEmotionState": "aggressiveondamage|fleeondamage"
					}
				]
			},
			{"code": "ropetieable","minGeneration": 2},
			{"code": "pettable","minGeneration": 1}
		],
		"spawnconditions": {
			"worldgen": {
			"tryOnlySurface": true,	
			"groupSizeByType": {
					"nandiniidae-adult-*": { "dist": "uniform", "avg": 1.0, "var": 0.0 }
			},
			"insideBlockCodes":["game:air", "game:gravel-*","game:leaves-*", "game:sand-*", "game:snow-*","game:soil-*","game:tallgrass-*"],
			"companionsByType": {
				"*-adult-*":["viverridae:nandiniidae-adult-female-{type}","viverridae:nandiniidae-adult-male-{type}"]}
		},
			"runtime": {
				"group": "neutral",
				"tryOnlySurface": true,
				"maxQuantityByGroup": { "code": "nandiniidae-*", "maxQuantity": 6 },
				"chanceByType": {
					"*-adult-female-nandiniabinotata": 0.001,"*-adult-male-nandiniabinotata": 0.001,
					"*": 0.0
				},
				"mindistancetoplayer": 50,
				"maxLightLevel": 7,
				"lightLevelType": "onlyBlockLight",	
				"spawnCapPlayerScaling": 0.0,	
				"groupSizeByType": {
					"nandiniidae-adult-*": { "dist": "uniform", "avg": 1.0, "var": 0.0 }
				},
				"insideBlockCodes": [ "game:air", "game:gravel-*","game:leaves-*", "game:sand-*", "game:snow-*","game:soil-*","game:tallgrass-*" ],
				"companionsByType": {
				"*-adult-*":["viverridae:nandiniidae-adult-female-{type}","viverridae:nandiniidae-adult-male-{type}"]}
			}
		},
		"spawnconditionsByType": {
			"nandiniidae-adult-*-nandiniabinotata": {
				"climate": {
					"minTemp": 19,
					"maxTemp": 40,
					"minRain": 0.6,
					"maxRain": 1,
					"minForest": 0.4,
					"maxForest": 1.0,
					"maxShrubs": 1.0,
					"minY": 1.0,
					"maxY": 1.65				
				},
				"worldgen": {
					"triesPerChunk": { "avg": 0.005, "var": 0}
				},
				"runtime": {
					"maxQuantityByGroup": { "code": "nandiniidae-*", "maxQuantity": 6 }
				}
			}
		}
	},
	"soundsByType": {
		"*-baby-*-nandiniabinotata":{"hurt": "creature/nandiniidae/babycall*","death": "creature/nandiniidae/babycall*","idle": "creature/nandiniidae/babycall*"}
	},
	"idleSoundRangeByType": {
		"*-adult-*": 40,
		"*-baby-*":12
	},
	"idleSoundChanceByType": {
		"*-baby-*":0.1
	}
}