{
	"code": "viverridae",
	"class": "EntityAgent",
	"canClimb": true,
	"canClimbAnywhereByType": {"*-civettictiscivetta":false,"*-viverracivettina":false,"*-viverramegaspila":false,"*-viverratangalunga":false,"*-viverrazibetha":false,"*-viverriculaindica":false,"*":true},
	"climbTouchDistance": 0.05,
	"rotateModelOnClimb": true,
	"fallDamageMultiplierByType": { "*-baby-*" :0.01,"*-adult-*" :0.05},
	"variantgroups": [
		{"code": "age","states": [ "adult","baby" ]},
		{"code": "gender","states": [ "female","male"]},
		{"code": "type","states": ["arctictisbinturong","arctogalidiatrivirgata","chrotogaleowstoni","civettictiscivetta","cynogalebennettii","diplogalehosei","genettaabyssinica","genettaangolensis","genettabourloni","genettacristata","genettagenetta","genettajohnstoni","genettamaculata","genettapardina","genettapiscivora","genettaplesictoides","genettapoensis","genettaservalina","genettathierryi","genettatigrina","genettavictoriae","hemigalusderbyanus","macrogalidiamusschenbroekii","pagumalarvata","paradoxurushermaphroditus","paradoxurusjerdoni","paradoxuruszeylonensis","poianaleightoni","poianarichardsonii","viverracivettina","viverramegaspila","viverratangalunga","viverrazibetha","viverriculaindica"]}
	],
	"hitBoxSizeByType": {
		"*-adult-*-arctictisbinturong": {	"x": 0.5,"y": 0.4},"*-baby-*-arctictisbinturong": {	"x": 0.25,"y": 0.2},
		"*-adult-*-civettictiscivetta": {	"x": 0.5,"y": 0.4},"*-baby-*-civettictiscivetta": {	"x": 0.25,"y": 0.2},
		"*-adult-*-macrogalidiamusschenbroekii": {	"x": 0.5,"y": 0.4},"*-baby-*-macrogalidiamusschenbroekii": {	"x": 0.25,"y": 0.2},
		"*-adult-*-viverracivettina": {	"x": 0.5,"y": 0.4},"*-baby-*-viverracivettina": {	"x": 0.25,"y": 0.2},
		"*-adult-*-viverramegaspila": {	"x": 0.5,"y": 0.4},"*-baby-*-viverramegaspila": {	"x": 0.25,"y": 0.2},
		"*-adult-*-viverratangalunga": {	"x": 0.5,"y": 0.4},"*-baby-*-viverratangalunga": {	"x": 0.25,"y": 0.2},
		"*-adult-*-viverrazibetha": {	"x": 0.5,"y": 0.4},"*-baby-*-viverrazibetha": {	"x": 0.25,"y": 0.2},
		"*-adult-*": {	"x": 0.4,"y": 0.3},"*-baby-*": {	"x": 0.2,"y": 0.15}
	},
	"deadhitBoxSizeByType": {
		"*-adult-*-arctictisbinturong": {	"x": 0.5,"y": 0.2},"*-baby-*-arctictisbinturong": {	"x": 0.25,"y": 0.1},
		"*-adult-*-civettictiscivetta": {	"x": 0.5,"y": 0.2},"*-baby-*-civettictiscivetta": {	"x": 0.25,"y": 0.1},
		"*-adult-*-macrogalidiamusschenbroekii": {	"x": 0.5,"y": 0.2},"*-baby-*-macrogalidiamusschenbroekii": {	"x": 0.25,"y": 0.1},
		"*-adult-*-viverracivettina": {	"x": 0.5,"y": 0.2},"*-baby-*-viverracivettina": {	"x": 0.25,"y": 0.1},
		"*-adult-*-viverramegaspila": {	"x": 0.5,"y": 0.2},"*-baby-*-viverramegaspila": {	"x": 0.25,"y": 0.1},
		"*-adult-*-viverratangalunga": {	"x": 0.5,"y": 0.2},"*-baby-*-viverratangalunga": {	"x": 0.25,"y": 0.1},
		"*-adult-*-viverrazibetha": {	"x": 0.5,"y": 0.2},"*-baby-*-viverrazibetha": {	"x": 0.25,"y": 0.1},
		"*-adult-*": {	"x": 0.4,"y": 0.15},"*-baby-*": {	"x": 0.2,"y": 0.1}
	},
	"eyeHeightByType": {
		"*-adult-*-arctictisbinturong": 0.4,"*-baby-*-arctictisbinturong": 0.2,
		"*-adult-*-civettictiscivetta": 0.4,"*-baby-*-civettictiscivetta": 0.2,
		"*-adult-*-macrogalidiamusschenbroekii": 0.4,"*-baby-*-macrogalidiamusschenbroekii": 0.2,
		"*-adult-*-viverracivettina": 0.4,"*-baby-*-viverracivettina": 0.2,
		"*-adult-*-viverramegaspila": 0.4,"*-baby-*-viverramegaspila": 0.2,
		"*-adult-*-viverratangalunga": 0.4,"*-baby-*-viverratangalunga": 0.2,
		"*-adult-*-viverrazibetha": 0.4,"*-baby-*-viverrazibetha": 0.2,
		"*-adult-*": 0.3,"*-baby-*": 0.15
	},
	"weightByType": {
		"*-adult-*-arctictisbinturong": 15,"*-baby-*-arctictisbinturong": 1,
		"*-adult-*-arctogalidiatrivirgata": 2.5,
		"*-adult-*-civettictiscivetta": 13,"*-baby-*-civettictiscivetta": 1,
		"*-adult-*-cynogalebennettii": 4,
		"*-adult-*-diplogalehosei": 1.5,"*-baby-*-diplogalehosei": 0.25,
		"*-adult-*-genettaabyssinica": 1.5,"*-baby-*-genettaabyssinica": 0.25,
		"*-adult-*-genettaangolensis": 1.5,"*-baby-*-genettaangolensis": 0.25,
		"*-adult-*-genettabourloni": 1.5,"*-baby-*-genettabourloni": 0.25,
		"*-adult-*-genettacristata": 3,
		"*-adult-*-genettapardina": 3,
		"*-adult-*-genettapiscivora": 1.5,"*-baby-*-genettapiscivora": 0.25,
		"*-adult-*-genettathierryi": 1.5,"*-baby-*-genettathierryi": 0.25,
		"*-adult-*-genettatigrina": 1.5,"*-baby-*-genettatigrina": 0.25,
		"*-adult-*-genettavictoriae": 3.5,
		"*-adult-*-macrogalidiamusschenbroekii": 6,
		"*-adult-*-pagumalarvata": 4,
		"*-adult-*-paradoxurushermaphroditus": 4,
		"*-adult-*-paradoxurusjerdoni": 4,
		"*-adult-*-paradoxuruszeylonensis": 4,
		"*-adult-*-poianaleightoni": 0.7,"*-baby-*-poianaleightoni": 0.1,
		"*-adult-*-poianarichardsonii": 0.7,"*-baby-*-poianarichardsonii": 0.1,
		"*-adult-*-viverracivettina": 6,
		"*-adult-*-viverramegaspila": 7,
		"*-adult-*-viverratangalunga": 4,
		"*-adult-*-viverrazibetha": 8,
		"*-adult-*-viverriculaindica": 3,
		"*-adult-*": 2,"*-baby-*": 0.5
	},	
	"knockbackResistanceByType": {
		"*-adult-*": 0.2,
		"*-baby-*": 0.1	},	
	"attributes": {
		"killedByInfoText": "deadcreature-killed",
		"basketCatchable": true,
		"trapChanceByType": {"*-adult-*": 0.5,"*-baby-*": 0.8 },
		"trapDestroyChanceByType": { "*-baby-*": 0.05, "*": 0.1 },
		"creatureDietByType": {
			"@.*-(chrotogaleowstoni)": {"foodCategories": ["Fruit","Protein"],"foodTags": ["egg","fruitmash","insect","meat","sweetBerryBush"]},
			"@.*-(diplogalehosei|poianaleightoni|poianarichardsonii)": {"foodCategories": ["Protein"],"foodTags": ["egg","fish","insect","meat" ]},
			"*": {"foodCategories": ["Fruit","Protein"],"foodTags": ["egg","fish","fruitmash","insect","meat","sweetBerryBush" ]}
		},
		"handbook": {
			"groupcode": "creaturegroup-viverridae"
		}
	},
	"drops": [],
	"client": {
		"renderer": "Shape",
		"shapeByType": {
			"*-baby-*-genetta*": { "base": "entity/land/viverridae/genettagenetta-{age}" },
			"*-genettaangolensis": { "base": "entity/land/viverridae/genettaabyssinica-{age}" },
			"*-genettajohnstoni": { "base": "entity/land/viverridae/genettagenetta-{age}" },
			"*-genettaplesictoides": { "base": "entity/land/viverridae/genettagenetta-{age}" },
			"*-genettaservalina": { "base": "entity/land/viverridae/genettaabyssinica-{age}" },
			"*-genettavictoriae": { "base": "entity/land/viverridae/genettapoensis-{age}" },
			"*-poianaleightoni": { "base": "entity/land/viverridae/poianarichardsonii-{age}" },
			"*-baby-*-hemigalusderbyanus": { "base": "entity/land/viverridae/diplogalehosei-{age}" },
			"*-baby-*-pagumalarvata": { "base": "entity/land/viverridae/arctogalidiatrivirgata-{age}" },
			"*-baby-*-paradoxurushermaphroditus": { "base": "entity/land/viverridae/arctogalidiatrivirgata-{age}" },
			"*-baby-*-paradoxurusjerdoni": { "base": "entity/land/viverridae/arctogalidiatrivirgata-{age}" },
			"*-baby-*-paradoxuruszeylonensis": { "base": "entity/land/viverridae/arctogalidiatrivirgata-{age}" },
			"*-baby-*-viverracivettina": { "base": "entity/land/viverridae/viverrazibetha-{age}" },
			"*-baby-*-viverramegaspila": { "base": "entity/land/viverridae/viverrazibetha-{age}" },
			"*-baby-*-viverratangalunga": { "base": "entity/land/viverridae/viverrazibetha-{age}" },
			"*": { "base": "entity/land/viverridae/{type}-{age}" }
		},
		"textureByType": {
			"*-baby-*-genettapiscivora": { "base": "entity/viverridae/genettapiscivora-{age}" },
			"*-baby-*-genetta*": { "base": "entity/viverridae/genettagenetta-{age}" },
			"*-baby-*-paradoxurusjerdoni": { "base": "entity/viverridae/paradoxurushermaphroditus-{age}" },
			"*-baby-*-paradoxuruszeylonensis": { "base": "entity/viverridae/paradoxurushermaphroditus-{age}" },
			"*-baby-*-poianaleightoni": { "base": "entity/viverridae/poianarichardsonii-{age}" },
			"*-baby-*-viverra*": { "base": "entity/viverridae/civettictiscivetta-{age}" },
			"*": { "base": "entity/viverridae/{type}-{age}" }
		},
		"sizeByType": {
			"*-adult-male-genettaangolensis": 0.96,"*-adult-female-genettaangolensis": 0.91,"*-baby-*-genettaangolensis": 0.96,
			"*-adult-male-poianaleightoni": 0.96,"*-adult-female-poianaleightoni": 0.91,"*-baby-*-poianaleightoni": 0.96,
			"*-adult-male-*": 1.0,"*-adult-female-*": 0.95,"*-baby-*": 1
		},
		"behaviors": [
			{"code": "repulseagents" },
			{"code": "controlledphysics","stepHeightByType": {"*":3.1251},"climbUpSpeed": 0.1,"climbDownSpeed": 0.1},
			{"code": "floatupwhenstuck","onlyWhenDead": true},
			{"code": "interpolateposition" },
			{"code": "harvestable","quantitySlots": 8},
			{ "code": "multiply", "enabledByType": { "*-adult-female-*": true, "*": false } },
			{"code": "despawn","minPlayerDistance": 8,"belowLightLevel": 8,"minSeconds": 300},
			{"code": "ropetieable","minGeneration": 2}
		],
		"animations": [
			{"code": "attack","animation": "Attack","animationSpeed": 1.2,"weight": 10,"blendMode": "AddAverage"},
			{"code": "die","animation": "Die","easeInSpeed": 3,"animationSpeed": 2.25,"weight": 10,"blendMode": "Average","triggeredBy": { "onControls": [ "dead" ] }},
			{"code": "eat","animation": "Eat","easeInSpeed": 2,"easeOutSpeed": 2,"blendMode": "Average"},
			{"code": "hurt","animation": "Hurt","animationSpeed": 2.2,"weight": 10,"blendMode": "AddAverage"},
			{"code": "idle","animation": "Idle","animationSpeed": 0.5,"blendMode": "AddAverage","easeOutSpeed": 4,"triggeredBy": { "defaultAnim": true }},
			{"code": "yawn","animation": "Yawn","easeInSpeed": 1.5,"easeOutSpeed": 4,"weight": 10,"blendMode": "AddAverage"},
			{"code": "stand","animation": "Stand","easeInSpeed": 1.5,"easeOutSpeed": 4,"weight": 10,"blendMode": "AddAverage"},
			{"code": "roar","animation": "Roar","easeInSpeed": 1.5,"easeOutSpeed": 4,"weight": 10,"blendMode": "AddAverage"},
			{"code": "sit","animation": "Sit","easeInSpeed": 2,"easeOutSpeed": 4,"blendMode": "Average"},
			{"code": "lie","animation": "Lie","easeInSpeed": 2,"easeOutSpeed": 5,"weight": 5,"blendMode": "Average"},
			{"code": "sleep","animation": "Sleep","easeInSpeed": 2,"easeOutSpeed": 5,"weight": 5,"blendMode": "Average"},
			{"code": "swim","animation": "Swim","supressDefaultAnimation": true,"blendMode": "Average"},
			{"code": "run","animation": "Run","easeInSpeed": 10,"supressDefaultAnimation": true,"blendMode": "Average"},
			{"code": "canter","animation": "Canter","easeInSpeed": 10,"supressDefaultAnimation": true,"blendMode": "Average"},
			{"code": "walk","animation": "Walk","easeInSpeed": 10,"supressDefaultAnimation": true,"blendMode": "Average"}
		]
	},
	"server": {
		"attributes": {
			"pathfinder": {
				"minTurnAnglePerSec": 0,
				"maxTurnAnglePerSecByType": { "*-adult-*": 650, "*-baby-*": 360}
			}
		},
		"behaviors": [
			{ "code": "repulseagents" },
			{"code": "controlledphysics","stepHeightByType": {"*":3.1251},"climbUpSpeed": 0.1,"climbDownSpeed": 0.1},
			{"code": "despawn","minPlayerDistance": 8,"belowLightLevel": 8,"minSeconds": 300},
			{"code": "health",
				"maxhealthByType": {
					"*-adult-*-arctictisbinturong": 6,"*-baby-*-arctictisbinturong": 3,
					"*-adult-*-civettictiscivetta": 5,
					"*-baby-*-diplogalehosei": 2,
					"*-baby-*-genettaabyssinica": 2,
					"*-baby-*-genettaangolensis": 2,
					"*-baby-*-genettabourloni": 2,
					"*-baby-*-genettapiscivora": 2,
					"*-baby-*-genettathierryi": 2,
					"*-baby-*-genettatigrina": 2,
					"*-adult-*-macrogalidiamusschenbroekii": 4,
					"*-baby-*-poianaleightoni": 2,
					"*-baby-*-poianarichardsonii": 2,
					"*-adult-*-viverracivettina": 4,
					"*-adult-*-viverramegaspila": 4,
					"*-adult-*-viverrazibetha": 4,
					"*-adult-*": 3,"*-baby-*": 3
				}
			},
			{"code": "deaddecay",
				"hoursToDecay": 96,
				"decayedBlockByType": {
				"*-adult-*": "carcass-small",
				"*-baby-*": "carcass-tiny"
				}
			},
			{"code": "floatupwhenstuck","onlyWhenDead": true},
			{"code": "harvestable",
				"quantitySlots": 8,
				"drops": [
					{
						"type": "item",
						"code": "game:bushmeat-raw",
						"quantityByType": {
							"*-adult-*-arctictisbinturong": {"avg": 1.5,"var": 0.5},
							"*-adult-*-civettictiscivetta": {"avg": 1.5,"var": 0.5},
							"*-adult-*-macrogalidiamusschenbroekii": {"avg": 1.5,"var": 0.5},
							"*-adult-*-viverracivettina": {"avg": 1.5,"var": 0.5},
							"*-adult-*-viverramegaspila": {"avg": 1.5,"var": 0.5},
							"*-adult-*-viverrazibetha": {"avg": 1.5,"var": 0.5},
							"*-adult-*": {"avg": 0.5,"var": 0},
							"*-baby-*": {"avg": 0,"var": 0.1}
						}
					},
					{
						"type": "item",
						"code": "viverridae:pelt-{gender}-{type}",
						"quantityByType": {
							"*-adult-*": {"avg": 1.0,"var": 0.0},
							"*": {"avg": 0.0,"var": 0.0}
						}
					},
					{
						"type": "item",
						"code": "game:fat",
						"quantityByType": {
							"*": {"avg": 0,"var": 0.0}
						}
					}
				]
			},
			{"code": "breathe" },
			{"code": "multiply",
				"enabledByType": {
					"*-adult-female-*": true,
					"*": false
				},
				"spawnEntityCodesByType": {
				"*-adult-female-*": [ { "code":"viverridae:viverridae-baby-female-{type}"}, {"code": "viverridae:viverridae-baby-male-{type}"} ]},
				"requiresNearbyEntityCodeByType": {
					"*-adult-female-*": "viverridae:viverridae-adult-male-{type}"},
				"requiresNearbyEntityRange": 10,
				"spawnQuantityMin": 1,
				"spawnQuantityMaxByType": {"*": 5},
				"pregnancyDaysByType": {"*": 14},
				"multiplyCooldownDaysMinByType": {"*": 9},
				"multiplyCooldownDaysMaxByType": {"*": 18},
				"portionsEatenForMultiplyByType": {"*-arctictisbinturong": 5,"*-civettictiscivetta": 5,"*": 4}
			},
			{"code": "grow",
					"enabledByType": {
					"*-baby-*": true,
					"*": false
				},
				"hoursToGrowByType": {"*": 175},
				"adultEntityCodesByType": {
					"*-baby-male-*": ["viverridae:viverridae-adult-male-{type}"],
					"*-baby-female-*": ["viverridae:viverridae-adult-female-{type}"]
				}
			},
			{"code": "emotionstates",
				"states": [
					{"code": "fleeondamage","duration": 60,"chanceByType": {"*-adult-*": 1,"*-baby-*": 1},"slot": 2,"priority": 4,"accumType": "max","whenHealthRelBelow": 0.5},
					{"code": "fleeondamage","duration": 60,"slot": 2,"chanceByType": {"*-adult-*": 0.5,"*-baby-*": 1},"priority": 3,"accumType": "max"},
					{"code": "aggressiveondamage","duration": 30,"chanceByType": {"*-adult-*": 1,"*-baby-*": 0.0},"slot": 2,"priority": 1,"accumType": "noaccum"},
					{"code": "alarmherdondamage","chance": 1,"slot": 1,"priority": 1.5,"accumType": "max"},
					{"code": "saturated","duration": 2880,"chance": 1,"slot": 0,"priority": 1,"accumType": "sum"}
				]
			},
			{
				"code": "taskai",
				"aiCreatureType": "LandCreature",
				"aitasks": [
					{
						"code": "meleeattack",
						"animation": "Attack",
						"enabledByType": {"*-baby-*": false,"*": true},
						"entityCodesByType": {
							"*": ["player","chicken-*","accanthisittidae-*","aegothelidae-*","anatidae-*","apterygidae-*","aptornithidae-*","bovinae-carcass","caninae-canina-carcass","caninae-cerdocyonina-carcass","casuariidae-carcass","cervidae-alceini-carcass","dinornithidae-carcass","elephantidae-carcass","machairodontinae-carcass","pantherinae-neofelis-carcass","pantherinae-panthera-carcass","rallidae-*","rhinocerotidae-carcass","strigopidae-*"]
						},
						"priority": 1.7,
						"damageByType": {
							"*-adult-*-arctictisbinturong":4,
							"*-adult-*-civettictiscivetta":4,
							"*-adult-*-cynogalebennettii":2,
							"*-adult-*-genettacristata":2,
							"*-adult-*-genettapardina":2,
							"*-adult-*-genettavictoriae":2,
							"*-adult-*-macrogalidiamusschenbroekii":3,
							"*-adult-*-pagumalarvata":2,
							"*-adult-*-paradoxurushermaphroditus":2,
							"*-adult-*-paradoxurusjerdoni":2,
							"*-adult-*-paradoxuruszeylonensis":2,
							"*-adult-*-viverracivettina":3,
							"*-adult-*-viverramegaspila":3,
							"*-adult-*-viverratangalunga":2,
							"*-adult-*-viverrazibetha":3,
							"*-adult-*-viverriculaindica":2,
							"*-adult-*":1
						},
						"damageType": "SlashingAttack",
						"damageTierByType": {"*": 1},
						"slot": 1,
						"mincooldown": 1500,
						"maxcooldown": 2500,
						"attackDurationMs": 1250,
						"damagePlayerAtMs": 500,
						"animationSpeed": 1,
						"whenNotInEmotionState": "aggressiveondamage"
					},
					{
						"code": "meleeattack",
						"animation": "Attack",
						"enabledByType": {"*-baby-*": false,"*": true},
						"entityCodes": ["player","bear-*","chicken-*","deer-*","drifter-*","fox-*","gazelle-*","goat-*","hare-*","hyena-*","moose-*","pig-*","raccoon-*","sheep-*","wolf-*","anatidae-*","antilopinae-*","apterygidae-*","aptornithidae-*","bovinae-*","caninae-*","caprinae-*","cervidae-*","dasyuridae-*","dinornithidae-*","diprotodontidae-*","dromornithidae-*","elephantidae-*","emeidae-*","hyaenidae-*","machairodontinae-*","manidae-*","megalapterygidae-*","meiolaniidae-*","pantherinae-panthera-*","procyonidae-*","rallidae-*","rhinocerotidae-*","spheniscidae-*","strigopidae-*","suidae-*","thylacoleonidae-*","ursidae-*","vombatidae-*"],
						"priority": 1.9,
						"slot": 1,
						"damageByType": {
							"*-adult-*-arctictisbinturong":4,
							"*-adult-*-civettictiscivetta":4,
							"*-adult-*-cynogalebennettii":2,
							"*-adult-*-genettacristata":2,
							"*-adult-*-genettapardina":2,
							"*-adult-*-genettavictoriae":2,
							"*-adult-*-macrogalidiamusschenbroekii":3,
							"*-adult-*-pagumalarvata":2,
							"*-adult-*-paradoxurushermaphroditus":2,
							"*-adult-*-paradoxurusjerdoni":2,
							"*-adult-*-paradoxuruszeylonensis":2,
							"*-adult-*-viverracivettina":3,
							"*-adult-*-viverramegaspila":3,
							"*-adult-*-viverratangalunga":2,
							"*-adult-*-viverrazibetha":3,
							"*-adult-*-viverriculaindica":2,
							"*-adult-*":1
						},
						"knockbackStrengthByType": {"*":0.2},
						"damageType": "SlashingAttack",
						"damageTierByType": {"*":1},
						"mincooldown": 1500,
						"maxcooldown": 2500,
						"attackDurationMs": 1250,
						"damagePlayerAtMs": 500,
						"animationSpeed": 1.25,
						"whenInEmotionState": "aggressiveondamage"
					},
					{
						"code": "fleeentity",
						"animation": "Run",
						"entityCodesByType": {
							"*": ["player","bear-*","bell-*","bowtorn-*","deer-*","drifter-*","goat-*","hyena-*","moose-*","pig-*","sheep-*","wolf-*","antilopinae-adult-*","bovinae-*","caninae-canina-adult-*","caninae-cerdocyonina-adult-*","caprinae-adult-*","cervidae-*","dasyuridae-adult*","dinornithidae-adult*","diprotodontidae-*","dromornithidae-adult*","elephantidae-*","hyaenidae-adult-*","machairodontinae-adult-*","pantherinae-panthera-adult-*","rhinocerotidae-adult-*","suidae-adult-*","suidae-elder-*","thylacoleonidae-adult-*","ursidae-adult-*"]
						},
						"priority": 1.53,
						"movespeedByType": {
							"*-adult-*": 0.06,"*-baby-*": 0.045
						},
						"animationSpeedByType": {
							"*-adult-male-arctictisbinturong": 1.8,"*-adult-female-arctictisbinturong": 2,"*-baby-*-arctictisbinturong": 2.64,
							"*-adult-male-civettictiscivetta": 1.8,"*-adult-female-civettictiscivetta": 2,"*-baby-*-civettictiscivetta": 2.64,
							"*-adult-male-macrogalidiamusschenbroekii": 1.8,"*-adult-female-macrogalidiamusschenbroekii": 2,"*-baby-*-macrogalidiamusschenbroekii": 2.64,
							"*-adult-male-viverracivettina": 1.8,"*-adult-female-viverracivettina": 2,"*-baby-*-viverracivettina": 2.64,
							"*-adult-male-viverramegaspila": 1.8,"*-adult-female-viverramegaspila": 2,"*-baby-*-viverramegaspila": 2.64,
							"*-adult-male-viverrazibetha": 1.8,"*-adult-female-viverrazibetha": 2,"*-baby-*-viverrazibetha": 2.64,
							"*-adult-male-*": 2.7,"*-adult-female-*": 3,"*-baby-*": 4,
							"*": 1
						},
						"seekingRange": 20,
						"whenInEmotionState": "fleeondamage"

					},
					{
						"code": "fleeentity",
						"animation": "Canter",
						"entityCodesByType": {
							"*":["player","bear-*","bell-*","bowtorn-*","drifter-*","hyena-*","locust-*","moose-*","wolf-*","bovinae-adult-*","caninae-canina-adult-*","caninae-cerdocyonina-adult-*","dasyuridae-adult*","dinornithidae-adult*","diprotodontidae-*","dromornithidae-adult*","elephantidae-*","machairodontinae-adult-*","pantherinae-neofelis-adult-*","pantherinae-panthera-adult-*","rhinocerotidae-adult-*","thylacoleonidae-adult-*","ursidae-adult-*"]
						},
						"priority": 1.52,
						"movespeedByType": {
							"*-adult-*": 0.04,"*-baby-*": 0.03
						},
						"animationSpeedByType": {
							"*-adult-male-arctictisbinturong": 1.8,"*-adult-female-arctictisbinturong": 2,"*-baby-*-arctictisbinturong": 2.64,
							"*-adult-male-civettictiscivetta": 1.8,"*-adult-female-civettictiscivetta": 2,"*-baby-*-civettictiscivetta": 2.64,
							"*-adult-male-macrogalidiamusschenbroekii": 1.8,"*-adult-female-macrogalidiamusschenbroekii": 2,"*-baby-*-macrogalidiamusschenbroekii": 2.64,
							"*-adult-male-viverracivettina": 1.8,"*-adult-female-viverracivettina": 2,"*-baby-*-viverracivettina": 2.64,
							"*-adult-male-viverramegaspila": 1.8,"*-adult-female-viverramegaspila": 2,"*-baby-*-viverramegaspila": 2.64,
							"*-adult-male-viverrazibetha": 1.8,"*-adult-female-viverrazibetha": 2,"*-baby-*-viverrazibetha": 2.64,
							"*-adult-male-*": 2.7,"*-adult-female-*": 3,"*-baby-*": 4,
							"*": 1
						},
						"seekingRange": 10
					},
					{
						"code": "fleeentity",
						"animation": "Walk",
						"entityCodesByType": {
							"*":["player","bear-*","bell-*","bowtorn-*","drifter-*","hyena-*","locust-*","moose-*","wolf-*","bovinae-adult-*","caninae-canina-adult-*","caninae-cerdocyonina-adult-*","dasyuridae-adult*","dinornithidae-adult*","diprotodontidae-*","dromornithidae-adult*","elephantidae-*","machairodontinae-adult-*","pantherinae-neofelis-adult-*","pantherinae-panthera-adult-*","rhinocerotidae-adult-*","thylacoleonidae-adult-*","ursidae-adult-*"]
						},
						"priority": 1.51,
						"movespeedByType": {
							"*-adult-*": 0.0036,"*-baby-*": 0.0027
						},
						"animationSpeedByType": {
							"*-adult-male-arctictisbinturong": 0.6,"*-adult-female-arctictisbinturong": 0.66,"*-baby-*-arctictisbinturong": 0.89,
							"*-adult-male-civettictiscivetta": 0.6,"*-adult-female-civettictiscivetta": 0.66,"*-baby-*-civettictiscivetta": 0.89,
							"*-adult-male-macrogalidiamusschenbroekii": 0.6,"*-adult-female-macrogalidiamusschenbroekii": 0.66,"*-baby-*-macrogalidiamusschenbroekii": 0.89,
							"*-adult-male-viverracivettina": 0.6,"*-adult-female-viverracivettina": 0.66,"*-baby-*-viverracivettina": 0.89,
							"*-adult-male-viverramegaspila": 0.6,"*-adult-female-viverramegaspila": 0.66,"*-baby-*-viverramegaspila": 0.89,
							"*-adult-male-viverrazibetha": 0.6,"*-adult-female-viverrazibetha": 0.66,"*-baby-*-viverrazibetha": 0.89,
							"*-adult-male-*": 0.9,"*-adult-female-*": 1,"*-baby-*": 1.35,
							"*": 1
						},
						"seekingRange": 25
					},
					{
						"code": "getoutofwater",
						"animation": "Swim",
						"priority": 1.4,
						"movespeedByType": {
							"*-adult-*": 0.02,"*-baby-*": 0.01
						},
						"animationSpeed": 1.5
					},
					{
						"code": "seekentity",
						"animation": "Canter",
						"enabledByType": {"*-baby-*": false,"*": true},
						"entityCodesByType": {
							"*": ["chicken-*","accanthisittidae-*","aegothelidae-*","anatidae-*","apterygidae-*","aptornithidae-*","bovinae-carcass","caninae-canina-carcass","caninae-cerdocyonina-carcass","casuariidae-carcass","cervidae-alceini-carcass","dinornithidae-carcass","elephantidae-carcass","machairodontinae-carcass","pantherinae-neofelis-carcass","pantherinae-panthera-carcass","rallidae-*","rhinocerotidae-carcass","strigopidae-*"]
						},
						"priority": 1.5,
						"movespeedByType": {
							"*-adult-*": 0.0144
						},
						"animationSpeedByType": {
							"*-adult-male-arctictisbinturong": 1.2,"*-adult-female-arctictisbinturong": 1.33,
							"*-adult-male-civettictiscivetta": 1.2,"*-adult-female-civettictiscivetta": 1.33,
							"*-adult-male-macrogalidiamusschenbroekii": 1.2,"*-adult-female-macrogalidiamusschenbroekii": 1.33,
							"*-adult-male-viverracivettina": 1.2,"*-adult-female-viverracivettina": 1.33,
							"*-adult-male-viverramegaspila": 1.2,"*-adult-female-viverramegaspila": 1.33,
							"*-adult-male-viverrazibetha": 1.2,"*-adult-female-viverrazibetha": 1.33,
							"*-adult-male-*": 1.8,"*-adult-female-*": 2,
							"*": 1
						},
						"seekingRange": 12,
						"leapAtTarget": false,
						"leapAnimation": null,
						"leapChance": 0.1,
						"whenNotInEmotionState": "aggressiveondamage|fleeondamage|saturated"
					},
					{
						"code": "seekentity",
						"animation": "Canter",
						"enabledByType": {"*-baby-*": false,"*": true},
						"entityCodes": [ "player" ],
						"priority": 1.51,
						"movespeedByType": {
							"*-adult-*": 0.0144
						},
						"animationSpeedByType": {
							"*-adult-male-arctictisbinturong": 1.2,"*-adult-female-arctictisbinturong": 1.33,
							"*-adult-male-civettictiscivetta": 1.2,"*-adult-female-civettictiscivetta": 1.33,
							"*-adult-male-macrogalidiamusschenbroekii": 1.2,"*-adult-female-macrogalidiamusschenbroekii": 1.33,
							"*-adult-male-viverracivettina": 1.2,"*-adult-female-viverracivettina": 1.33,
							"*-adult-male-viverramegaspila": 1.2,"*-adult-female-viverramegaspila": 1.33,
							"*-adult-male-viverrazibetha": 1.2,"*-adult-female-viverrazibetha": 1.33,
							"*-adult-male-*": 1.8,"*-adult-female-*": 2,
							"*": 1
						},
						"seekingRange": 5,
						"leapAtTarget": false,
						"leapAnimation": null,
						"leapChance": 0.1,
						"whenInEmotionState": "aggressiveondamage"
					},
					{
						"code": "stayclosetoentity",
						"animation": "Walk",
						"enabledByType": {"*": true},
						"priority": 1.81,
						"entityCodeByType": {
							"*-adult-female-*": "viverridae-baby-female-{type}",
							"*-baby-*": "viverridae-adult-female-{type}"},
						"movespeedByType": {
							"*-adult-*": 0.0036,"*-baby-*": 0.0027
						},
						"animationSpeedByType": {
							"*-adult-male-arctictisbinturong": 0.6,"*-adult-female-arctictisbinturong": 0.66,"*-baby-*-arctictisbinturong": 0.89,
							"*-adult-male-civettictiscivetta": 0.6,"*-adult-female-civettictiscivetta": 0.66,"*-baby-*-civettictiscivetta": 0.89,
							"*-adult-male-macrogalidiamusschenbroekii": 0.6,"*-adult-female-macrogalidiamusschenbroekii": 0.66,"*-baby-*-macrogalidiamusschenbroekii": 0.89,
							"*-adult-male-viverracivettina": 0.6,"*-adult-female-viverracivettina": 0.66,"*-baby-*-viverracivettina": 0.89,
							"*-adult-male-viverramegaspila": 0.6,"*-adult-female-viverramegaspila": 0.66,"*-baby-*-viverramegaspila": 0.89,
							"*-adult-male-viverrazibetha": 0.6,"*-adult-female-viverrazibetha": 0.66,"*-baby-*-viverrazibetha": 0.89,
							"*-adult-male-*": 0.9,"*-adult-female-*": 1,"*-baby-*": 1.35,
							"*": 1
						},
						"maxDistanceByType": {"*-baby-*": 5,"*": 10},
						"searchRange": 15
					},
					{
						"code": "idle",
						"animation": "Sit",
						"priority": 1.2,
						"minduration": 6000,
						"maxduration": 24000,
						"mincooldown": 48000,
						"maxcooldown": 96000,
						"chanceByType": {"*":0.7},
						"priorityForCancel": 1.28,
						"stopOnNearbyEntityCodes": [  "player","bear-*","bell-*","drifter-*","hyena-*","locust-*", "wolf-*", "caninae-canina-adult-*","caninae-cerdocyonina-adult-*", "machairodontinae-adult-*","pantherinae-neofelis-adult-*", "pantherinae-panthera-adult-*","thylacoleonidae-adult-*"  ],
						"stopRange": 10,
						"animationSpeedByType": {"*-baby-*": 0.6,"*": 0.5},
						"stopOnHurt": true,
						"whenNotInEmotionState": "aggressiveondamage|fleeondamage"
					},
					{
						"code": "idle",
						"animation": "Lie",
						"priority": 1.2,
						"minduration": 6000,
						"maxduration": 24000,
						"mincooldown": 48000,
						"maxcooldown": 96000,
						"chanceByType": {"*":0.5},
						"priorityForCancel": 1.28,
						"stopOnNearbyEntityCodes": [  "player","bear-*","bell-*","drifter-*","hyena-*","locust-*", "wolf-*", "caninae-canina-adult-*","caninae-cerdocyonina-adult-*", "machairodontinae-adult-*","pantherinae-neofelis-adult-*", "pantherinae-panthera-adult-*","thylacoleonidae-adult-*"  ],
						"stopRange": 10,
						"animationSpeedByType": {"*-baby-*": 0.6,"*": 0.5},
						"stopOnHurt": true,
						"whenNotInEmotionState": "aggressiveondamage|fleeondamage"
					},
					{
						"code": "idle",
						"animation": "Sleep",
						"priority": 1.25,
						"minduration": 200000,
						"maxduration": 800000,
						"mincooldown": 1000,
						"maxcooldown": 3000,
						"chanceByType": {"*":0.5},
						"animationSpeed": 0.3,
						"whenNotInEmotionState": "aggressiveondamage|fleeondamage",
						"duringDayTimeFramesByType": {
							"*-arctictisbinturong":[{"fromHour": 8,"toHour": 20}],
							"*":[{"fromHour": 7,"toHour": 16}]},
						"stopOnNearbyEntityCodes": [ "player" ],
						"stopRange": 1,
						"stopOnHurt": true
					},
					{
						"code": "seekfoodandeat",
						"animation": "Walk",
						"eatAnimation": "Eat",
						"movespeedByType": {
							"*-adult-*": 0.0036,"*-baby-*": 0.0027
						},
						"animationSpeedByType": {
							"*-adult-male-arctictisbinturong": 0.6,"*-adult-female-arctictisbinturong": 0.66,"*-baby-*-arctictisbinturong": 0.89,
							"*-adult-male-civettictiscivetta": 0.6,"*-adult-female-civettictiscivetta": 0.66,"*-baby-*-civettictiscivetta": 0.89,
							"*-adult-male-macrogalidiamusschenbroekii": 0.6,"*-adult-female-macrogalidiamusschenbroekii": 0.66,"*-baby-*-macrogalidiamusschenbroekii": 0.89,
							"*-adult-male-viverracivettina": 0.6,"*-adult-female-viverracivettina": 0.66,"*-baby-*-viverracivettina": 0.89,
							"*-adult-male-viverramegaspila": 0.6,"*-adult-female-viverramegaspila": 0.66,"*-baby-*-viverramegaspila": 0.89,
							"*-adult-male-viverrazibetha": 0.6,"*-adult-female-viverrazibetha": 0.66,"*-baby-*-viverrazibetha": 0.89,
							"*-adult-male-*": 0.9,"*-adult-female-*": 1,"*-baby-*": 1.35,
							"*": 1
						},
						"priority": 1.24,
						"eatSoundByType": {"*":"game:creature/animal-eat-small"},
						"eatTime": 1.5,
						"eatLooseItems": true,
						"mincooldownHours": 1,
						"maxcooldownHours": 4,
						"whenNotInEmotionState": "aggressiveondamage|fleeondamage"
					},
					{
						"code": "idle",
						"animation": "Yawn",
						"priority": 1.0,
						"priorityForCancel": 1.35,
						"minduration": 3000,
						"maxduration": 3000,
						"chanceByType": {"*":0.2},
						"mincooldown": 8000,
						"maxcooldown": 50000,
						"animationSpeed": 0.5,
						"whenNotInEmotionState": "aggressiveondamage|fleeondamage"
					},
					{
						"code": "idle",
						"enabledByType": {"*genetta*": true,"*": false},
						"animation": "Stand",
						"priority": 1.01,
						"priorityForCancel": 1.35,
						"minduration": 4000,
						"maxduration": 16000,
						"chanceByType": {"*":0.2},
						"mincooldown": 8000,
						"maxcooldown": 50000,
						"animationSpeed": 0.5,
						"whenNotInEmotionState": "aggressiveondamage|fleeondamage"
					},
					{
						"code": "idle",
						"animation": "Roar",
						"priority": 1.0,
						"priorityForCancel": 1.35,
						"minduration": 4667,
						"maxduration": 4667,
						"chanceByType": {"*-baby-*":0.2,"*":0.01},
						"mincooldown": 8000,
						"maxcooldown": 50000,
						"animationSpeedByType": {
							"*-arctictisbinturong": 1,
							"*": 1
						},
						"whenNotInEmotionState": "aggressiveondamage|fleeondamage",
						"SoundByType": {
							"*adult-*-arctictisbinturong": "creature/viverridae/idle*","*baby-*-arctictisbinturong": "creature/viverridae/idle*"
						},
						"soundRangeByType": {
							"*-baby-*": 12,
							"*-arctictisbinturong": 40,
							"*": 120
						}
					},
					{
						"code": "wander",
						"animation": "Walk",
						"priority": 1.0,
						"priorityForCancel": 1.35,
						"movespeedByType": {
							"*-adult-*": 0.0036,"*-baby-*": 0.0027
						},
						"animationSpeedByType": {
							"*-adult-male-arctictisbinturong": 0.6,"*-adult-female-arctictisbinturong": 0.66,"*-baby-*-arctictisbinturong": 0.89,
							"*-adult-male-civettictiscivetta": 0.6,"*-adult-female-civettictiscivetta": 0.66,"*-baby-*-civettictiscivetta": 0.89,
							"*-adult-male-macrogalidiamusschenbroekii": 0.6,"*-adult-female-macrogalidiamusschenbroekii": 0.66,"*-baby-*-macrogalidiamusschenbroekii": 0.89,
							"*-adult-male-viverracivettina": 0.6,"*-adult-female-viverracivettina": 0.66,"*-baby-*-viverracivettina": 0.89,
							"*-adult-male-viverramegaspila": 0.6,"*-adult-female-viverramegaspila": 0.66,"*-baby-*-viverramegaspila": 0.89,
							"*-adult-male-viverrazibetha": 0.6,"*-adult-female-viverrazibetha": 0.66,"*-baby-*-viverrazibetha": 0.89,
							"*-adult-male-*": 0.9,"*-adult-female-*": 1,"*-baby-*": 1.35,
							"*": 1
						},
						"preferredLightLevel": 8,
						"whenNotInEmotionState": "aggressiveondamage|fleeondamage"
					},
					{
						"code": "lookaround",
						"priority": 0.5,
						"animationSpeed": 0.75,
						"whenNotInEmotionState": "aggressiveondamage|fleeondamage"
					}
				]
			},
			{"code": "ropetieable","minGeneration": 2},
			{"code": "pettable","minGeneration": 1}
		],
		"spawnconditions": {
			"worldgen": {
			"tryOnlySurface": true,	
			"groupSizeByType": {
					"viverridae-adult-*-cynogalebennettii": { "dist": "uniform", "avg": 2.5, "var": 1.5 },
					"viverridae-adult-*": { "dist": "uniform", "avg": 1.0, "var": 0.0 }
			},
			"insideBlockCodes":["game:air", "game:gravel-*","game:leaves-*", "game:sand-*", "game:snow-*","game:soil-*","game:tallgrass-*"],
			"companionsByType": {
				"*-adult-*":["viverridae:viverridae-adult-female-{type}","viverridae:viverridae-adult-male-{type}"]}
		},
			"runtime": {
				"group": "neutral",
				"tryOnlySurface": true,
				"maxQuantityByGroup": { "code": "viverridae-*", "maxQuantity": 6 },
				"chanceByType": {
					"*-adult-female-arctictisbinturong": 0.001,"*-adult-male-arctictisbinturong": 0.001,
					"*-adult-female-arctogalidiatrivirgata": 0.001,"*-adult-male-arctogalidiatrivirgata": 0.001,
					"*-adult-female-chrotogaleowstoni": 0.001,"*-adult-male-chrotogaleowstoni": 0.001,
					"*-adult-female-civettictiscivetta": 0.001,"*-adult-male-civettictiscivetta": 0.001,
					"*-adult-female-cynogalebennettii": 0.001,"*-adult-male-cynogalebennettii": 0.001,
					"*-adult-female-diplogalehosei": 0.001,"*-adult-male-diplogalehosei": 0.001,
					"*-adult-female-genettaabyssinica": 0.001,"*-adult-male-genettaabyssinica": 0.001,
					"*-adult-female-genettaangolensis": 0.001,"*-adult-male-genettaangolensis": 0.001,
					"*-adult-female-genettabourloni": 0.001,"*-adult-male-genettabourloni": 0.001,
					"*-adult-female-genettacristata": 0.001,"*-adult-male-genettacristata": 0.001,
					"*-adult-female-genettagenetta": 0.001,"*-adult-male-genettagenetta": 0.001,
					"*-adult-female-genettajohnstoni": 0.001,"*-adult-male-genettajohnstoni": 0.001,
					"*-adult-female-genettamaculata": 0.001,"*-adult-male-genettamaculata": 0.001,
					"*-adult-female-genettapardina": 0.001,"*-adult-male-genettapardina": 0.001,
					"*-adult-female-genettapiscivora": 0.001,"*-adult-male-genettapiscivora": 0.001,
					"*-adult-female-genettaplesictoides": 0.001,"*-adult-male-genettaplesictoides": 0.001,
					"*-adult-female-genettapoensis": 0.001,"*-adult-male-genettapoensis": 0.001,
					"*-adult-female-genettaservalina": 0.001,"*-adult-male-genettaservalina": 0.001,
					"*-adult-female-genettathierryi": 0.001,"*-adult-male-genettathierryi": 0.001,
					"*-adult-female-genettatigrina": 0.001,"*-adult-male-genettatigrina": 0.001,
					"*-adult-female-genettavictoriae": 0.001,"*-adult-male-genettavictoriae": 0.001,
					"*-adult-female-hemigalusderbyanus": 0.001,"*-adult-male-hemigalusderbyanus": 0.001,
					"*-adult-female-macrogalidiamusschenbroekii": 0.001,"*-adult-male-macrogalidiamusschenbroekii": 0.001,
					"*-adult-female-pagumalarvata": 0.001,"*-adult-male-pagumalarvata": 0.001,
					"*-adult-female-paradoxurushermaphroditus": 0.001,"*-adult-male-paradoxurushermaphroditus": 0.001,
					"*-adult-female-paradoxurusjerdoni": 0.001,"*-adult-male-paradoxurusjerdoni": 0.001,
					"*-adult-female-paradoxuruszeylonensis": 0.001,"*-adult-male-paradoxuruszeylonensis": 0.001,
					"*-adult-female-poianaleightoni": 0.001,"*-adult-male-poianaleightoni": 0.001,
					"*-adult-female-poianarichardsonii": 0.001,"*-adult-male-poianarichardsonii": 0.001,
					"*-adult-female-viverracivettina": 0.001,"*-adult-male-viverracivettina": 0.001,
					"*-adult-female-viverramegaspila": 0.001,"*-adult-male-viverramegaspila": 0.001,
					"*-adult-female-viverratangalunga": 0.001,"*-adult-male-viverratangalunga": 0.001,
					"*-adult-female-viverrazibetha": 0.001,"*-adult-male-viverrazibetha": 0.001,
					"*-adult-female-viverriculaindica": 0.001,"*-adult-male-viverriculaindica": 0.001,
					"*": 0.0
				},
				"mindistancetoplayer": 50,
				"maxLightLevel": 7,
				"lightLevelType": "onlyBlockLight",	
				"spawnCapPlayerScaling": 0.0,	
				"groupSizeByType": {
					"viverridae-adult-*-cynogalebennettii": { "dist": "uniform", "avg": 2.5, "var": 1.5 },
					"viverridae-adult-*": { "dist": "uniform", "avg": 1.0, "var": 0.0 }
				},
				"insideBlockCodes": [ "game:air", "game:gravel-*","game:leaves-*", "game:sand-*", "game:snow-*","game:soil-*","game:tallgrass-*" ],
				"companionsByType": {
				"*-adult-*":["viverridae:viverridae-adult-female-{type}","viverridae:viverridae-adult-male-{type}"]}
			}
		},
		"spawnconditionsByType": {
			"viverridae-adult-*-arctictisbinturong": {
				"climate": {
					"minTemp": 17,
					"maxTemp": 40,
					"minRain": 0.5,
					"maxRain": 1,
					"minForest": 0.4,
					"maxForest": 1.0,
					"maxShrubs": 1.0,
					"minY": 1.0,
					"maxY": 1.3				
				},
				"worldgen": {
					"triesPerChunk": { "avg": 0.005, "var": 0}
				}
			},
			"viverridae-adult-*-arctogalidiatrivirgata": {
				"climate": {
					"minTemp": 18,
					"maxTemp": 26,
					"minRain": 0.65,
					"maxRain": 1,
					"minForest": 0.7,
					"maxForest": 1.0,
					"maxShrubs": 1.0,
					"minY": 1.0,
					"maxY": 1.3				
				},
				"worldgen": {
					"triesPerChunk": { "avg": 0.005, "var": 0}
				}
			},
			"viverridae-adult-*-chrotogaleowstoni": {
				"climate": {
					"minTemp": 24,
					"maxTemp": 40,
					"minRain": 0.65,
					"maxRain": 1,
					"minForest": 0.5,
					"maxForest": 1.0,
					"maxShrubs": 1.0,
					"minY": 1.0,
					"maxY": 1.4				
				},
				"worldgen": {
					"triesPerChunk": { "avg": 0.005, "var": 0}
				}
			},
			"viverridae-adult-*-civettictiscivetta": {
				"climate": {
					"minTemp": 16,
					"maxTemp": 40,
					"minRain": 0.1,
					"maxRain": 1,
					"minForest": 0.2,
					"maxForest": 0.7,
					"maxShrubs": 1.0,
					"minY": 1.0,
					"maxY": 1.5				
				},
				"worldgen": {
					"triesPerChunk": { "avg": 0.005, "var": 0}
				}
			},
			"viverridae-adult-*-cynogalebennettii": {
				"climate": {
					"minTemp": 27,
					"maxTemp": 40,
					"minRain": 0.75,
					"maxRain": 1,
					"minForest": 0.6,
					"maxForest": 1.0,
					"maxShrubs": 1.0,
					"minY": 1.0,
					"maxY": 1.05				
				},
				"worldgen": {
					"triesPerChunk": { "avg": 0.005, "var": 0}
				}
			},
			"viverridae-adult-*-diplogalehosei": {
				"climate": {
					"minTemp": 29,
					"maxTemp": 40,
					"minRain": 0.85,
					"maxRain": 1,
					"minForest": 0.6,
					"maxForest": 1.0,
					"maxShrubs": 1.0,
					"minY": 1.1,
					"maxY": 1.3				
				},
				"worldgen": {
					"triesPerChunk": { "avg": 0.005, "var": 0}
				}
			},
			"viverridae-adult-*-genettaabyssinica": {
				"climate": {
					"minTemp": 13,
					"maxTemp": 40,
					"minRain": 0.05,
					"maxRain": 0.6,
					"minForest": 0.0,
					"maxForest": 0.4,
					"maxShrubs": 1.0,
					"minY": 1.0,
					"maxY": 1.8				
				},
				"worldgen": {
					"triesPerChunk": { "avg": 0.005, "var": 0}
				}
			},
			"viverridae-adult-*-genettaangolensis": {
				"climate": {
					"minTemp": 18,
					"maxTemp": 24,
					"minRain": 0.5,
					"maxRain": 0.75,
					"minForest": 0.1,
					"maxForest": 1.0,
					"maxShrubs": 1.0,
					"minY": 1.0,
					"maxY": 1.6				
				},
				"worldgen": {
					"triesPerChunk": { "avg": 0.005, "var": 0}
				}
			},
			"viverridae-adult-*-genettabourloni": {
				"climate": {
					"minTemp": 25,
					"maxTemp": 40,
					"minRain": 0.85,
					"maxRain": 1,
					"minForest": 0.5,
					"maxForest": 1.0,
					"maxShrubs": 1.0,
					"minY": 1.0,
					"maxY": 1.6				
				},
				"worldgen": {
					"triesPerChunk": { "avg": 0.005, "var": 0}
				}
			},
			"viverridae-adult-*-genettacristata": {
				"climate": {
					"minTemp": 27,
					"maxTemp": 40,
					"minRain": 0.8,
					"maxRain": 1,
					"minForest": 0.3,
					"maxForest": 0.8,
					"maxShrubs": 1.0,
					"minY": 1.0,
					"maxY": 1.3				
				},
				"worldgen": {
					"triesPerChunk": { "avg": 0.005, "var": 0}
				}
			},
			"viverridae-adult-*-genettagenetta": {
				"climate": {
					"minTemp": 13,
					"maxTemp": 40,
					"minRain": 0.1,
					"maxRain": 0.8,
					"minForest": 0.3,
					"maxForest": 1.0,
					"maxShrubs": 1.0,
					"minY": 1.0,
					"maxY": 1.4				
				},
				"worldgen": {
					"triesPerChunk": { "avg": 0.005, "var": 0}
				}
			},
			"viverridae-adult-*-genettajohnstoni": {
				"climate": {
					"minTemp": 25,
					"maxTemp": 40,
					"minRain": 0.85,
					"maxRain": 1,
					"minForest": 0.5,
					"maxForest": 1.0,
					"maxShrubs": 1.0,
					"minY": 1.0,
					"maxY": 1.6				
				},
				"worldgen": {
					"triesPerChunk": { "avg": 0.005, "var": 0}
				}
			},
			"viverridae-adult-*-genettamaculata": {
				"climate": {
					"minTemp": 15,
					"maxTemp": 40,
					"minRain": 0.4,
					"maxRain": 1,
					"minForest": 0.3,
					"maxForest": 1.0,
					"maxShrubs": 1.0,
					"minY": 1.0,
					"maxY": 1.6				
				},
				"worldgen": {
					"triesPerChunk": { "avg": 0.005, "var": 0}
				}
			},
			"viverridae-adult-*-genettapardina": {
				"climate": {
					"minTemp": 23,
					"maxTemp": 40,
					"minRain": 0.3,
					"maxRain": 1,
					"minForest": 0.3,
					"maxForest": 1.0,
					"maxShrubs": 1.0,
					"minY": 1.0,
					"maxY": 1.4				
				},
				"worldgen": {
					"triesPerChunk": { "avg": 0.005, "var": 0}
				}
			},
			"viverridae-adult-*-genettapiscivora": {
				"climate": {
					"minTemp": 24,
					"maxTemp": 28,
					"minRain": 0.65,
					"maxRain": 0.85,
					"minForest": 0.7,
					"maxForest": 1.0,
					"maxShrubs": 1.0,
					"minY": 1.1,
					"maxY": 1.5				
				},
				"worldgen": {
					"triesPerChunk": { "avg": 0.005, "var": 0}
				}
			},
			"viverridae-adult-*-genettaplesictoides": {
				"climate": {
					"minTemp": 15,
					"maxTemp": 20,
					"minRain": 0.3,
					"maxRain": 0.65,
					"minForest": 0.0,
					"maxForest": 0.7,
					"maxShrubs": 1.0,
					"minY": 1.0,
					"maxY": 1.5				
				},
				"worldgen": {
					"triesPerChunk": { "avg": 0.005, "var": 0}
				}
			},
			"viverridae-adult-*-genettapoensis": {
				"climate": {
					"minTemp": 26,
					"maxTemp": 40,
					"minRain": 0.65,
					"maxRain": 0.85,
					"minForest": 0.7,
					"maxForest": 1.0,
					"maxShrubs": 1.0,
					"minY": 1.0,
					"maxY": 1.4				
				},
				"worldgen": {
					"triesPerChunk": { "avg": 0.005, "var": 0}
				}
			},
			"viverridae-adult-*-genettaservalina": {
				"climate": {
					"minTemp": 20,
					"maxTemp": 28,
					"minRain": 0.6,
					"maxRain": 1,
					"minForest": 0.4,
					"maxForest": 1.0,
					"maxShrubs": 1.0,
					"minY": 1.1,
					"maxY": 1.5				
				},
				"worldgen": {
					"triesPerChunk": { "avg": 0.005, "var": 0}
				}
			},
			"viverridae-adult-*-genettathierryi": {
				"climate": {
					"minTemp": 24,
					"maxTemp": 40,
					"minRain": 0.65,
					"maxRain": 1,
					"minForest": 0.5,
					"maxForest": 1.0,
					"maxShrubs": 1.0,
					"minY": 1.0,
					"maxY": 1.5				
				},
				"worldgen": {
					"triesPerChunk": { "avg": 0.005, "var": 0}
				}
			},
			"viverridae-adult-*-genettatigrina": {
				"climate": {
					"minTemp": 12,
					"maxTemp": 18,
					"minRain": 0.2,
					"maxRain": 0.65,
					"minForest": 0.6,
					"maxForest": 1.0,
					"maxShrubs": 1.0,
					"minY": 1.0,
					"maxY": 1.4				
				},
				"worldgen": {
					"triesPerChunk": { "avg": 0.005, "var": 0}
				}
			},
			"viverridae-adult-*-genettavictoriae": {
				"climate": {
					"minTemp": 22,
					"maxTemp": 26,
					"minRain": 0.65,
					"maxRain": 0.85,
					"minForest": 0.4,
					"maxForest": 1.0,
					"maxShrubs": 1.0,
					"minY": 1.1,
					"maxY": 1.6				
				},
				"worldgen": {
					"triesPerChunk": { "avg": 0.005, "var": 0}
				}
			},
			"viverridae-adult-*-hemigalusderbyanus": {
				"climate": {
					"minTemp": 26,
					"maxTemp": 40,
					"minRain": 0.75,
					"maxRain": 1,
					"minForest": 0.6,
					"maxForest": 1.0,
					"maxShrubs": 1.0,
					"minY": 1.0,
					"maxY": 1.55				
				},
				"worldgen": {
					"triesPerChunk": { "avg": 0.005, "var": 0}
				}
			},
			"viverridae-adult-*-macrogalidiamusschenbroekii": {
				"climate": {
					"minTemp": 26,
					"maxTemp": 40,
					"minRain": 0.85,
					"maxRain": 1,
					"minForest": 0.6,
					"maxForest": 1.0,
					"maxShrubs": 1.0,
					"minY": 1.1,
					"maxY": 1.65				
				},
				"worldgen": {
					"triesPerChunk": { "avg": 0.005, "var": 0}
				}
			},
			"viverridae-adult-*-pagumalarvata": {
				"climate": {
					"minTemp": 12,
					"maxTemp": 40,
					"minRain": 0.3,
					"maxRain": 1,
					"minForest": 0.5,
					"maxForest": 1.0,
					"maxShrubs": 1.0,
					"minY": 1.0,
					"maxY": 1.6				
				},
				"worldgen": {
					"triesPerChunk": { "avg": 0.005, "var": 0}
				}
			},
			"viverridae-adult-*-paradoxurushermaphroditus": {
				"climate": {
					"minTemp": 18,
					"maxTemp": 40,
					"minRain": 0.25,
					"maxRain": 1,
					"minForest": 0.7,
					"maxForest": 1.0,
					"maxShrubs": 1.0,
					"minY": 1.0,
					"maxY": 1.6				
				},
				"worldgen": {
					"triesPerChunk": { "avg": 0.005, "var": 0}
				}
			},
			"viverridae-adult-*-paradoxurusjerdoni": {
				"climate": {
					"minTemp": 26,
					"maxTemp": 40,
					"minRain": 0.75,
					"maxRain": 1,
					"minForest": 0.6,
					"maxForest": 1.0,
					"maxShrubs": 1.0,
					"minY": 1.1,
					"maxY": 1.5				
				},
				"worldgen": {
					"triesPerChunk": { "avg": 0.005, "var": 0}
				}
			},
			"viverridae-adult-*-paradoxuruszeylonensis": {
				"climate": {
					"minTemp": 28,
					"maxTemp": 40,
					"minRain": 0.75,
					"maxRain": 1,
					"minForest": 0.6,
					"maxForest": 1.0,
					"maxShrubs": 1.0,
					"minY": 1.1,
					"maxY": 1.5				
				},
				"worldgen": {
					"triesPerChunk": { "avg": 0.005, "var": 0}
				}
			},
			"viverridae-adult-*-poianaleightoni": {
				"climate": {
					"minTemp": 24,
					"maxTemp": 26,
					"minRain": 0.75,
					"maxRain": 1,
					"minForest": 0.8,
					"maxForest": 1.0,
					"maxShrubs": 1.0,
					"minY": 1.0,
					"maxY": 1.4				
				},
				"worldgen": {
					"triesPerChunk": { "avg": 0.005, "var": 0}
				}
			},
			"viverridae-adult-*-poianarichardsonii": {
				"climate": {
					"minTemp": 22,
					"maxTemp": 26,
					"minRain": 0.65,
					"maxRain": 1,
					"minForest": 0.8,
					"maxForest": 1.0,
					"maxShrubs": 1.0,
					"minY": 1.0,
					"maxY": 1.6				
				},
				"worldgen": {
					"triesPerChunk": { "avg": 0.005, "var": 0}
				}
			},
			"viverridae-adult-*-viverracivettina": {
				"climate": {
					"minTemp": 24,
					"maxTemp": 26,
					"minRain": 0.75,
					"maxRain": 1,
					"minForest": 0.8,
					"maxForest": 1.0,
					"maxShrubs": 1.0,
					"minY": 1.0,
					"maxY": 1.6				
				},
				"worldgen": {
					"triesPerChunk": { "avg": 0.005, "var": 0}
				}
			},
			"viverridae-adult-*-viverramegaspila": {
				"climate": {
					"minTemp": 16,
					"maxTemp": 28,
					"minRain": 0.5,
					"maxRain": 1,
					"minForest": 0.6,
					"maxForest": 1.0,
					"maxShrubs": 1.0,
					"minY": 1.0,
					"maxY": 1.1				
				},
				"worldgen": {
					"triesPerChunk": { "avg": 0.005, "var": 0}
				}
			},
			"viverridae-adult-*-viverratangalunga": {
				"climate": {
					"minTemp": 22,
					"maxTemp": 40,
					"minRain": 0.75,
					"maxRain": 1,
					"minForest": 0.7,
					"maxForest": 1.0,
					"maxShrubs": 1.0,
					"minY": 1.0,
					"maxY": 1.4			
				},
				"worldgen": {
					"triesPerChunk": { "avg": 0.005, "var": 0}
				}
			},
			"viverridae-adult-*-viverrazibetha": {
				"climate": {
					"minTemp": 10,
					"maxTemp": 40,
					"minRain": 0.5,
					"maxRain": 1,
					"minForest": 0.3,
					"maxForest": 1.0,
					"maxShrubs": 1.0,
					"minY": 1.0,
					"maxY": 1.6				
				},
				"worldgen": {
					"triesPerChunk": { "avg": 0.005, "var": 0}
				}
			},
			"viverridae-adult-*-viverriculaindica": {
				"climate": {
					"minTemp": 10,
					"maxTemp": 40,
					"minRain": 0.25,
					"maxRain": 1,
					"minForest": 0.1,
					"maxForest": 1.0,
					"maxShrubs": 1.0,
					"minY": 1.0,
					"maxY": 1.65				
				},
				"worldgen": {
					"triesPerChunk": { "avg": 0.005, "var": 0}
				}
			}
		}
	},
	"soundsByType": {
		"*-adult-*":{"hurt": "creature/viverridae/idle*","death": "creature/viverridae/idle*","idle": "creature/viverridae/idle*"},
		"*-baby-*":{"hurt": "creature/viverridae/idle*","death": "creature/viverridae/idle*","idle": "creature/viverridae/idle*"}
	},
	"idleSoundRangeByType": {
		"*-adult-*": 20,
		"*-baby-*":12
	},
	"idleSoundChanceByType": {
		"*-adult-*":0.01,
		"*-baby-*":0.1
	}
}