{
	"editor": {
		"allAngles": true,
		"entityTextureMode": true
	},
	"textureWidth": 64,
	"textureHeight": 64,
	"textureSizes": {},
	"textures": {},
	"elements": [
		{
			"name": "ArmorHelmet",
			"stepParentName": "Head",
			"from": [ 0.1, 0.3, -0.6 ],
			"to": [ 6.6, 5.8, 5.7 ],
			"unwrapMode": 1,
			"uv": [ 36.0, 17.5 ],
			"rotationOrigin": [ 0.1, 0.3, -0.6 ],
			"faces": {
				"north": { "texture": "#material", "uv": [ 42.0, 23.5, 48.5, 29.0 ] },
				"east": { "texture": "#material", "uv": [ 36.0, 23.5, 42.0, 29.0 ] },
				"south": { "texture": "#material", "uv": [ 54.5, 23.5, 61.0, 29.0 ] },
				"west": { "texture": "#material", "uv": [ 48.5, 23.5, 54.5, 29.0 ] },
				"up": { "texture": "#material", "uv": [ 42.0, 17.5, 48.5, 23.5 ], "rotation": 180 },
				"down": { "texture": "#material", "uv": [ 42.0, 29.0, 48.5, 35.0 ] }
			},
			"children": [
				{
					"name": "ArmorHelmetstrap",
					"from": [ 0.5, -0.5, 0.2 ],
					"to": [ 2.0, 0.5, 6.1 ],
					"unwrapMode": 5,
					"uv": [ 46.5, 1.0 ],
					"rotationOrigin": [ 0.5, -0.5, 0.2 ],
					"faces": {
						"north": { "texture": "#material", "uv": [ 47.5, 1.0, 49.0, 2.0 ], "rotation": 180 },
						"east": { "texture": "#material", "uv": [ 49.0, 2.0, 50.0, 7.5 ], "rotation": 90 },
						"south": { "texture": "#material", "uv": [ 47.5, 7.5, 49.0, 8.5 ] },
						"west": { "texture": "#material", "uv": [ 46.5, 2.0, 47.5, 7.5 ], "rotation": 270 },
						"up": { "texture": "#material", "uv": [ 47.5, 2.0, 49.0, 7.5 ] },
						"down": { "texture": "#material", "uv": [ 50.0, 2.0, 51.5, 7.5 ] }
					}
				},
				{
					"name": "ArmorHelmetFace",
					"from": [ -0.5, 2.8, 0.0 ],
					"to": [ 0.0, 5.5, 6.3 ],
					"unwrapMode": 1,
					"uv": [ 32.0, 35.5 ],
					"rotationOrigin": [ -0.5, 2.8, 0.0 ],
					"faces": {
						"north": { "texture": "#material", "uv": [ 32.0, 41.5, 32.5, 44.0 ] },
						"south": { "texture": "#material", "uv": [ 38.5, 41.5, 39.0, 44.0 ] },
						"west": { "texture": "#material", "uv": [ 32.5, 41.5, 38.5, 44.0 ] },
						"up": { "texture": "#material", "uv": [ 32.0, 35.5, 32.5, 41.5 ], "rotation": 180 },
						"down": { "texture": "#material", "uv": [ 32.0, 44.0, 32.5, 50.0 ] }
					}
				},
				{
					"name": "ArmorHelmetTop",
					"from": [ 0.5, 5.5, 0.5 ],
					"to": [ 6.0, 6.3, 5.7 ],
					"unwrapMode": 1,
					"uv": [ 31.0, 30.0 ],
					"rotationOrigin": [ 0.5, 5.5, 0.5 ],
					"faces": {
						"north": { "texture": "#material", "uv": [ 36.0, 35.0, 41.5, 35.5 ] },
						"east": { "texture": "#material", "uv": [ 31.0, 35.0, 36.0, 35.5 ] },
						"south": { "texture": "#material", "uv": [ 46.5, 35.0, 52.0, 35.5 ] },
						"west": { "texture": "#material", "uv": [ 41.5, 35.0, 46.5, 35.5 ] },
						"up": { "texture": "#material", "uv": [ 36.0, 30.0, 41.5, 35.0 ], "rotation": 180 }
					}
				},
				{
					"name": "PlumeL",
					"from": [ 2.9, 2.8, 5.0 ],
					"to": [ 8.9, 3.3, 6.0 ],
					"autoUnwrap": false,
					"uv": [ 13.5, 2.5 ],
					"rotationOrigin": [ 2.9, 3.0, 5.5 ],
					"rotationY": -28.0,
					"rotationZ": 36.0,
					"faces": {
						"north": { "texture": "#material", "uv": [ 14.0, 3.0, 20.0, 3.5 ], "rotation": 180 },
						"east": { "texture": "#material", "uv": [ 17.5, 2.5, 18.5, 3.0 ] },
						"south": { "texture": "#material", "uv": [ 14.0, 3.0, 20.0, 3.5 ] },
						"up": { "texture": "#material", "uv": [ 14.0, 2.0, 20.0, 3.0 ] },
						"down": { "texture": "#material", "uv": [ 14.0, 2.0, 20.0, 3.0 ], "rotation": 180 }
					},
					"children": [
						{
							"name": "Plume2",
							"from": [ 0.4365, -0.4996, 0.0 ],
							"to": [ 4.8365, 4.0E-4, 1.0 ],
							"autoUnwrap": false,
							"uv": [ 0.0, 0.0 ],
							"rotationOrigin": [ 0.5755, -0.3557, 0.5 ],
							"rotationZ": -3.0,
							"faces": {
								"north": { "texture": "#material", "uv": [ 14.0, 2.0, 18.0, 2.5 ] },
								"east": { "texture": "#material", "uv": [ 18.0, 3.0, 19.0, 3.5 ] },
								"south": { "texture": "#material", "uv": [ 15.5, 3.0, 19.5, 3.5 ] },
								"up": { "texture": "#material", "uv": [ 15.5, 2.0, 19.5, 3.0 ] },
								"down": { "texture": "#material", "uv": [ 14.0, 2.5, 18.0, 3.5 ] }
							}
						},
						{
							"name": "Plume3",
							"from": [ 0.4365, -0.4996, 0.0 ],
							"to": [ 4.4365, 4.0E-4, 1.0 ],
							"autoUnwrap": false,
							"uv": [ 0.0, 0.0 ],
							"rotationOrigin": [ 0.5755, -0.3557, 0.5 ],
							"rotationZ": -17.0,
							"faces": {
								"north": { "texture": "#material", "uv": [ 15.0, 2.0, 19.0, 2.5 ] },
								"east": { "texture": "#material", "uv": [ 18.0, 3.0, 19.0, 3.5 ] },
								"south": { "texture": "#material", "uv": [ 15.5, 3.0, 19.5, 3.5 ] },
								"up": { "texture": "#material", "uv": [ 15.5, 2.0, 19.5, 3.0 ] },
								"down": { "texture": "#material", "uv": [ 15.5, 2.0, 19.5, 3.0 ] }
							}
						}
					]
				},
				{
					"name": "PlumeR",
					"from": [ 2.9, 2.8, 0.2 ],
					"to": [ 8.9, 3.3, 1.2 ],
					"autoUnwrap": false,
					"uv": [ 0.0, 0.0 ],
					"rotationOrigin": [ 2.9, 3.0, 0.7 ],
					"rotationY": 28.0,
					"rotationZ": 36.0,
					"faces": {
						"north": { "texture": "#material", "uv": [ 14.0, 2.5, 20.0, 3.0 ], "rotation": 180 },
						"east": { "texture": "#material", "uv": [ 16.5, 3.0, 17.5, 3.5 ] },
						"south": { "texture": "#material", "uv": [ 14.0, 3.0, 20.0, 3.5 ] },
						"up": { "texture": "#material", "uv": [ 14.0, 2.0, 20.0, 3.0 ] },
						"down": { "texture": "#material", "uv": [ 14.0, 2.5, 20.0, 3.5 ], "rotation": 180 }
					},
					"children": [
						{
							"name": "Plume9",
							"from": [ 0.4365, -0.4996, 0.0 ],
							"to": [ 4.8365, 4.0E-4, 1.0 ],
							"autoUnwrap": false,
							"uv": [ 0.0, 0.0 ],
							"rotationOrigin": [ 0.5755, -0.3557, 0.5 ],
							"rotationZ": -3.0,
							"faces": {
								"north": { "texture": "#material", "uv": [ 16.0, 2.0, 20.0, 2.5 ] },
								"east": { "texture": "#material", "uv": [ 17.0, 2.5, 18.0, 3.0 ] },
								"south": { "texture": "#material", "uv": [ 15.0, 2.5, 19.0, 3.0 ] },
								"up": { "texture": "#material", "uv": [ 15.0, 2.0, 19.0, 3.0 ] },
								"down": { "texture": "#material", "uv": [ 15.0, 2.0, 19.0, 3.0 ] }
							}
						},
						{
							"name": "Plume10",
							"from": [ 0.4365, -0.4996, 0.0 ],
							"to": [ 4.4365, 4.0E-4, 1.0 ],
							"autoUnwrap": false,
							"uv": [ 0.0, 0.0 ],
							"rotationOrigin": [ 0.5755, -0.3557, 0.5 ],
							"rotationZ": -17.0,
							"faces": {
								"north": { "texture": "#material", "uv": [ 15.5, 2.5, 19.5, 3.0 ] },
								"east": { "texture": "#material", "uv": [ 16.0, 2.5, 17.0, 3.0 ] },
								"south": { "texture": "#material", "uv": [ 15.0, 2.5, 19.0, 3.0 ] },
								"up": { "texture": "#material", "uv": [ 15.5, 2.5, 19.5, 3.5 ] },
								"down": { "texture": "#material", "uv": [ 15.5, 2.0, 19.5, 3.0 ] }
							}
						}
					]
				}
			]
		}
	]}