{
	"code": "coconut",
	"class": "ItemSpear",
		"behaviors": [
		{ "name": "GroundStorable", "properties": { "layout": "SingleCenter"}},
		{ "name": "AnimationAuthoritative" }
	],
  "variantgroups": [
    {"code": "type","states": ["wholecoconut"]}],

  "shapebytype": {
    "*": {
      "base": "item/resource/cocosnucifera"
    }
  },
	"creativeinventory": { "general": ["*"], "items": ["*"] },
	"maxstacksize": 64,
	"attributes": {
		"handbook": {"groupBy": ["coconut-*"]},
		"displaycaseable": false, 
		"shelvable": false,
		"onDisplayTransform": {
			"translation": { "x": 0, "y": -0.05, "z": 0.0 },
			"rotation": { "x": 0, "y": -45, "z": 0 },
			"origin": { "x": 0.5, "y": 0.5, "z": 0.5 },
			"scale": 1.0
		},
		"groundStorageTransform": {
			"translation": { "x": 0, "y": 0.0, "z": -0.0 },
			"rotation": { "x": 0, "y": 90, "z": 0 },
			"scale": 1.00
		},
		"spearEntityCodeByType": {
			"*": "floralzonescosmopolitanregion:coconut"
		},
		"damage":  2,
		"damageTier":  0
	},
  "sounds": {
    "walk": "game:walk/plant"
  },
	"transitionablePropsByType": {
		"*-wholecoconut": [{
			"type": "Perish",
			"freshHours": { "avg": 648 },
			"transitionHours": { "avg": 12 },
			"transitionedStack": { "type": "item", "code": "game:rot" },
			"transitionRatio": 0.25
		}],
	},
	"materialDensity": 500,
	"heldTpHitAnimation": "breaktool",
	"combustibleProps": {
		"burnTemperature": 400,
		"burnDuration": 8,
	},
	"fpHandTransform": {
		"translation": { "x": -0.55, "y": -0.3, "z": -0.55 },
		"rotation": { "x": 90, "y": 2, "z": 90 },
		"origin": { "x": 0.5, "y": 0.2, "z": 0.5 },
		"scale": 0.75
	},
	"guiTransformByType": {
    "*": {"translation": {"x": 0,"y": 1,"z": 0},"rotation": {"x": 0,"y": 145,"z": 125},"origin": {"x": 0.5,"y": 0.1,"z": 0.5},"scale": 2}
	},
	"tpHandTransform": {
		"translation": { "x": -0.75, "y": -0.10, "z": -0.65},
		"rotation": { "x": 0, "y": 0, "z": 0 },
		"origin": { "x": 0.5, "y": 0.0, "z": 0.5 },
		"scale": 0.8
	},

		"groundTransform": {
		"translation": { "x": 0, "y": 0, "z": 0 },
		"rotation": { "x": 0, "y": 0, "z": 0 },
		"origin": { "x": 0.5, "y": 0.0, "z": 0.5299 },
		"scale": 3
	}
	

}