{
	"editor": {
		"allAngles": false,
		"entityTextureMode": false
	},
	"textureWidth": 16,
	"textureHeight": 8,
	"textureSizes": {
	},
	"textures": {
		"handle": "item/tool/material/wood"
	},
	"elements": [
		{
			"name": "handle",
			"from": [ 3.5, 7.6, 7.6 ],
			"to": [ 14.5, 8.4, 8.4 ],
			"rotationOrigin": [ 0.0, 0.1, 8.1 ],
			"faces": {
				"north": { "texture": "#handle", "uv": [ 2.0, 3.0, 13.0, 3.75 ] },
				"east": { "texture": "#handle", "uv": [ 3.0, 0.0, 3.75, 0.75 ] },
				"south": { "texture": "#handle", "uv": [ 1.0, 5.5, 12.0, 6.25 ] },
				"west": { "texture": "#handle", "uv": [ 4.0, 0.0, 4.75, 0.75 ] },
				"up": { "texture": "#handle", "uv": [ 5.0, 2.0, 16.0, 2.75 ] },
				"down": { "texture": "#handle", "uv": [ 0.0, 5.0, 11.0, 5.75 ] }
			}
		},
		{
			"name": "Cube1",
			"from": [ 12.0, 7.2, 6.0 ],
			"to": [ 14.0, 8.8, 8.0 ],
			"rotationOrigin": [ 0.0, 0.2, 0.0 ],
			"faces": {
				"north": { "texture": "#material", "uv": [ 1.0, 5.0, 3.0, 6.5 ] },
				"east": { "texture": "#material", "uv": [ 2.0, 1.0, 4.0, 2.5 ] },
				"south": { "texture": "#material", "uv": [ 2.0, 3.0, 4.0, 4.5 ] },
				"west": { "texture": "#material", "uv": [ 1.0, 5.0, 3.0, 6.5 ] },
				"up": { "texture": "#material", "uv": [ 5.0, 2.0, 7.0, 4.0 ] },
				"down": { "texture": "#material", "uv": [ 1.0, 3.0, 3.0, 5.0 ] }
			}
		},
		{
			"name": "Cube2",
			"from": [ 12.2, 7.4, 8.0 ],
			"to": [ 13.8, 8.6, 9.0 ],
			"rotationOrigin": [ 0.2, 1.4, 2.0 ],
			"faces": {
				"north": { "texture": "#material", "uv": [ 1.0, 5.0, 2.5, 6.0 ] },
				"east": { "texture": "#material", "uv": [ 2.0, 1.0, 3.0, 2.0 ] },
				"south": { "texture": "#material", "uv": [ 2.0, 3.0, 3.5, 4.0 ] },
				"west": { "texture": "#material", "uv": [ 1.0, 5.0, 2.0, 6.0 ] },
				"up": { "texture": "#material", "uv": [ 5.0, 2.0, 6.5, 3.0 ] },
				"down": { "texture": "#material", "uv": [ 1.0, 3.0, 2.5, 4.0 ] }
			}
		},
		{
			"name": "Cube3",
			"from": [ 12.4, 7.6, 9.0 ],
			"to": [ 13.6, 8.4, 10.0 ],
			"rotationOrigin": [ 0.4, 1.6, 3.0 ],
			"faces": {
				"north": { "texture": "#material", "uv": [ 1.0, 5.0, 2.0, 5.5 ] },
				"east": { "texture": "#material", "uv": [ 2.0, 1.0, 3.0, 1.5 ] },
				"south": { "texture": "#material", "uv": [ 2.0, 3.0, 3.0, 3.5 ] },
				"west": { "texture": "#material", "uv": [ 1.0, 5.0, 2.0, 5.5 ] },
				"up": { "texture": "#material", "uv": [ 5.0, 2.0, 6.0, 3.0 ] },
				"down": { "texture": "#material", "uv": [ 1.0, 3.0, 2.0, 4.0 ] }
			}
		}
	]}