{
	"editor": {
		"backDropShape": "entity/bovinae/tragelaphuseurycerus/adult",
		"allAngles": true,
		"entityTextureMode": true
	},
	"textureWidth": 64,
	"textureHeight": 76,
	"textureSizes": {
		"skin": [64,76]
	},
	"textures": {
		"skin": "entity/bovinae/tragelaphuseurycerus-male"
	},
	"elements": [
		{
			"name": "R Antler01",
			"stepParentName": "AntlerBase",
			"from": [ 1.0, -0.2, -1.2 ],
			"to": [ 2.5, 1.0, 0.0 ],
			"unwrapMode": 5,
			"unwrapRotation": 1,
			"uv": [ 8.5, 62.5 ],
			"rotationOrigin": [ 1.0, 0.3, -0.6 ],
			"rotationY": 10.0,
			"rotationZ": 8.0,
			"faces": {
				"north": { "texture": "#skin", "uv": [ 8.5, 63.5, 9.5, 65.0 ], "rotation": 270 },
				"east": { "texture": "#skin", "uv": [ 9.5, 62.5, 10.5, 63.5 ], "rotation": 180 },
				"south": { "texture": "#skin", "uv": [ 10.5, 63.5, 11.5, 65.0 ], "rotation": 90 },
				"up": { "texture": "#skin", "uv": [ 9.5, 63.5, 10.5, 65.0 ], "rotation": 90 },
				"down": { "texture": "#skin", "uv": [ 11.5, 63.5, 12.5, 65.0 ], "rotation": 270, "windMode": [-1,-1,-1,-1], "windData": [1,1,1,1] }
			},
			"children": [
				{
					"name": "R Antler02",
					"from": [ 1.4, 0.1, 0.1 ],
					"to": [ 2.9, 1.1, 1.1 ],
					"unwrapMode": 5,
					"unwrapRotation": 1,
					"uv": [ 58.5, 37.0 ],
					"rotationOrigin": [ 1.4, 0.6, 0.6 ],
					"rotationX": -15.0,
					"rotationY": 10.0,
					"rotationZ": 8.0,
					"faces": {
						"north": { "texture": "#skin", "uv": [ 58.5, 38.0, 59.5, 39.5 ], "rotation": 270 },
						"east": { "texture": "#skin", "uv": [ 59.5, 37.0, 60.5, 38.0 ], "rotation": 180 },
						"south": { "texture": "#skin", "uv": [ 60.5, 38.0, 61.5, 39.5 ], "rotation": 90 },
						"up": { "texture": "#skin", "uv": [ 59.5, 38.0, 60.5, 39.5 ], "rotation": 90 },
						"down": { "texture": "#skin", "uv": [ 61.5, 38.0, 62.5, 39.5 ], "rotation": 270, "windMode": [-1,-1,-1,-1], "windData": [1,1,1,1] }
					},
					"children": [
						{
							"name": "R Antler03",
							"from": [ 1.3, 0.05, 0.05 ],
							"to": [ 2.3, 0.95, 0.95 ],
							"unwrapMode": 5,
							"unwrapRotation": 1,
							"uv": [ 59.5, 35.5 ],
							"rotationOrigin": [ 1.3, 0.55, 0.55 ],
							"rotationX": -15.0,
							"rotationZ": -2.0,
							"faces": {
								"north": { "texture": "#skin", "uv": [ 59.5, 36.0, 60.0, 37.0 ], "rotation": 270 },
								"east": { "texture": "#skin", "uv": [ 60.0, 35.5, 60.5, 36.0 ], "rotation": 180 },
								"south": { "texture": "#skin", "uv": [ 60.5, 36.0, 61.0, 37.0 ], "rotation": 90 },
								"up": { "texture": "#skin", "uv": [ 60.0, 36.0, 60.5, 37.0 ], "rotation": 90 },
								"down": { "texture": "#skin", "uv": [ 61.0, 36.0, 61.5, 37.0 ], "rotation": 270, "windMode": [-1,-1,-1,-1], "windData": [1,1,1,1] }
							},
							"children": [
								{
									"name": "R Antler04",
									"from": [ 0.8, 0.05, 0.05 ],
									"to": [ 1.8, 0.85, 0.85 ],
									"unwrapMode": 5,
									"unwrapRotation": 1,
									"uv": [ 59.5, 34.0 ],
									"rotationOrigin": [ 0.8, 0.5, 0.5 ],
									"rotationX": -15.0,
									"rotationY": -11.0,
									"rotationZ": -6.0,
									"faces": {
										"north": { "texture": "#skin", "uv": [ 59.5, 34.5, 60.0, 35.5 ], "rotation": 270 },
										"east": { "texture": "#skin", "uv": [ 60.0, 34.0, 60.5, 34.5 ], "rotation": 180 },
										"south": { "texture": "#skin", "uv": [ 60.5, 34.5, 61.0, 35.5 ], "rotation": 90 },
										"up": { "texture": "#skin", "uv": [ 60.0, 34.5, 60.5, 35.5 ], "rotation": 90 },
										"down": { "texture": "#skin", "uv": [ 61.0, 34.5, 61.5, 35.5 ], "rotation": 270, "windMode": [-1,-1,-1,-1], "windData": [1,1,1,1] }
									},
									"children": [
										{
											"name": "R Antler05",
											"from": [ 0.8, 0.05, 0.05 ],
											"to": [ 1.8, 0.75, 0.75 ],
											"unwrapMode": 3,
											"unwrapRotation": 1,
											"uv": [ 60.5, 33.0 ],
											"rotationOrigin": [ 0.8, 0.45, 0.45 ],
											"rotationX": -15.0,
											"rotationY": -3.0,
											"rotationZ": -11.0,
											"faces": {
												"north": { "texture": "#skin", "uv": [ 62.0, 33.5, 62.5, 34.5 ], "rotation": 270 },
												"east": { "texture": "#skin", "uv": [ 61.0, 33.0, 61.5, 33.5 ], "rotation": 90 },
												"south": { "texture": "#skin", "uv": [ 61.0, 33.5, 61.5, 34.5 ], "rotation": 90 },
												"up": { "texture": "#skin", "uv": [ 60.5, 33.5, 61.0, 34.5 ], "rotation": 90 },
												"down": { "texture": "#skin", "uv": [ 61.5, 33.5, 62.0, 34.5 ], "rotation": 270, "windMode": [-1,-1,-1,-1], "windData": [1,1,1,1] }
											},
											"children": [
												{
													"name": "R Antler06",
													"from": [ 0.8, 0.15, 0.05 ],
													"to": [ 1.8, 0.65, 0.65 ],
													"unwrapMode": 3,
													"unwrapRotation": 1,
													"uv": [ 60.5, 31.0 ],
													"rotationOrigin": [ 0.8, 0.45, 0.4 ],
													"rotationX": -15.0,
													"rotationY": 5.0,
													"rotationZ": -20.0,
													"faces": {
														"north": { "texture": "#skin", "uv": [ 62.0, 31.5, 62.5, 32.5 ], "rotation": 270 },
														"east": { "texture": "#skin", "uv": [ 61.0, 31.0, 61.5, 31.5 ], "rotation": 90 },
														"south": { "texture": "#skin", "uv": [ 61.0, 31.5, 61.5, 32.5 ], "rotation": 90 },
														"up": { "texture": "#skin", "uv": [ 60.5, 31.5, 61.0, 32.5 ], "rotation": 90 },
														"down": { "texture": "#skin", "uv": [ 61.5, 31.5, 62.0, 32.5 ], "rotation": 270, "windMode": [-1,-1,-1,-1], "windData": [1,1,1,1] }
													},
													"children": [
														{
															"name": "R Antler07",
															"from": [ 0.9, 0.15, 0.05 ],
															"to": [ 1.9, 0.55, 0.55 ],
															"unwrapMode": 3,
															"unwrapRotation": 1,
															"uv": [ 60.5, 29.0 ],
															"rotationOrigin": [ 0.9, 0.4, 0.35 ],
															"rotationX": -15.0,
															"rotationY": -5.0,
															"rotationZ": -20.0,
															"faces": {
																"north": { "texture": "#skin", "uv": [ 62.0, 29.5, 62.5, 30.5 ], "rotation": 270 },
																"east": { "texture": "#skin", "uv": [ 61.0, 29.0, 61.5, 29.5 ], "rotation": 90 },
																"south": { "texture": "#skin", "uv": [ 61.0, 29.5, 61.5, 30.5 ], "rotation": 90 },
																"up": { "texture": "#skin", "uv": [ 60.5, 29.5, 61.0, 30.5 ], "rotation": 90 },
																"down": { "texture": "#skin", "uv": [ 61.5, 29.5, 62.0, 30.5 ], "rotation": 270, "windMode": [-1,-1,-1,-1], "windData": [1,1,1,1] }
															},
															"children": [
																{
																	"name": "R Antler08",
																	"from": [ 0.8, 0.05, 0.05 ],
																	"to": [ 2.3, 0.35, 0.45 ],
																	"unwrapMode": 3,
																	"unwrapRotation": 1,
																	"uv": [ 60.5, 27.0 ],
																	"rotationOrigin": [ 0.8, 0.25, 0.3 ],
																	"rotationX": -15.0,
																	"rotationY": -5.0,
																	"rotationZ": -12.0,
																	"faces": {
																		"north": { "texture": "#skin", "uv": [ 62.0, 27.5, 62.5, 29.0 ], "rotation": 270 },
																		"east": { "texture": "#skin", "uv": [ 61.0, 27.0, 61.5, 27.5 ], "rotation": 90 },
																		"south": { "texture": "#skin", "uv": [ 61.0, 27.5, 61.5, 29.0 ], "rotation": 90 },
																		"up": { "texture": "#skin", "uv": [ 60.5, 27.5, 61.0, 29.0 ], "rotation": 90 },
																		"down": { "texture": "#skin", "uv": [ 61.5, 27.5, 62.0, 29.0 ], "rotation": 270, "windMode": [-1,-1,-1,-1], "windData": [1,1,1,1] }
																	},
																	"children": [
																		{
																			"name": "R Antler09",
																			"from": [ 1.3, 0.05, 0.05 ],
																			"to": [ 2.3, 0.25, 0.35 ],
																			"unwrapMode": 3,
																			"unwrapRotation": 1,
																			"uv": [ 60.5, 25.5 ],
																			"rotationOrigin": [ 1.3, 0.25, 0.25 ],
																			"rotationX": -15.0,
																			"rotationY": -5.0,
																			"rotationZ": -5.0,
																			"faces": {
																				"north": { "texture": "#skin", "uv": [ 62.0, 26.0, 62.5, 27.0 ], "rotation": 270 },
																				"east": { "texture": "#skin", "uv": [ 61.0, 25.5, 61.5, 26.0 ], "rotation": 90 },
																				"south": { "texture": "#skin", "uv": [ 61.0, 26.0, 61.5, 27.0 ], "rotation": 90 },
																				"up": { "texture": "#skin", "uv": [ 60.5, 26.0, 61.0, 27.0 ], "rotation": 90 },
																				"down": { "texture": "#skin", "uv": [ 61.5, 26.0, 62.0, 27.0 ], "rotation": 270, "windMode": [-1,-1,-1,-1], "windData": [1,1,1,1] }
																			}
																		}
																	]
																}
															]
														}
													]
												}
											]
										}
									]
								}
							]
						}
					]
				}
			]
		},
		{
			"name": "L Antler01",
			"stepParentName": "AntlerBase",
			"from": [ 1.0, -0.2, 0.0 ],
			"to": [ 2.5, 1.0, 1.2 ],
			"unwrapMode": 5,
			"unwrapRotation": 1,
			"uv": [ 15.5, 62.5 ],
			"rotationOrigin": [ 1.0, 0.3, 0.6 ],
			"rotationY": -10.0,
			"rotationZ": 8.0,
			"faces": {
				"north": { "texture": "#skin", "uv": [ 15.5, 63.5, 16.5, 65.0 ], "rotation": 270 },
				"east": { "texture": "#skin", "uv": [ 16.5, 62.5, 17.5, 63.5 ], "rotation": 180 },
				"south": { "texture": "#skin", "uv": [ 17.5, 63.5, 18.5, 65.0 ], "rotation": 90 },
				"up": { "texture": "#skin", "uv": [ 16.5, 63.5, 17.5, 65.0 ], "rotation": 90 },
				"down": { "texture": "#skin", "uv": [ 18.5, 63.5, 19.5, 65.0 ], "rotation": 270, "windMode": [-1,-1,-1,-1], "windData": [1,1,1,1] }
			},
			"children": [
				{
					"name": "L Antler02",
					"from": [ 1.4, 0.1, 0.1 ],
					"to": [ 2.9, 1.1, 1.1 ],
					"unwrapMode": 5,
					"unwrapRotation": 1,
					"uv": [ 56.5, 37.0 ],
					"rotationOrigin": [ 1.4, 0.6, 0.6 ],
					"rotationX": 15.0,
					"rotationY": -10.0,
					"rotationZ": 8.0,
					"faces": {
						"north": { "texture": "#skin", "uv": [ 56.5, 38.0, 57.5, 39.5 ], "rotation": 270 },
						"east": { "texture": "#skin", "uv": [ 57.5, 37.0, 58.5, 38.0 ], "rotation": 180 },
						"south": { "texture": "#skin", "uv": [ 58.5, 38.0, 59.5, 39.5 ], "rotation": 90 },
						"up": { "texture": "#skin", "uv": [ 57.5, 38.0, 58.5, 39.5 ], "rotation": 90 },
						"down": { "texture": "#skin", "uv": [ 59.5, 38.0, 60.5, 39.5 ], "rotation": 270, "windMode": [-1,-1,-1,-1], "windData": [1,1,1,1] }
					},
					"children": [
						{
							"name": "L Antler03",
							"from": [ 1.3, 0.05, 0.05 ],
							"to": [ 2.3, 0.95, 0.95 ],
							"unwrapMode": 5,
							"unwrapRotation": 1,
							"uv": [ 56.5, 35.5 ],
							"rotationOrigin": [ 1.3, 0.55, 0.55 ],
							"rotationX": 15.0,
							"rotationZ": -2.0,
							"faces": {
								"north": { "texture": "#skin", "uv": [ 56.5, 36.0, 57.0, 37.0 ], "rotation": 270 },
								"east": { "texture": "#skin", "uv": [ 57.0, 35.5, 57.5, 36.0 ], "rotation": 180 },
								"south": { "texture": "#skin", "uv": [ 57.5, 36.0, 58.0, 37.0 ], "rotation": 90 },
								"up": { "texture": "#skin", "uv": [ 57.0, 36.0, 57.5, 37.0 ], "rotation": 90 },
								"down": { "texture": "#skin", "uv": [ 58.0, 36.0, 58.5, 37.0 ], "rotation": 270, "windMode": [-1,-1,-1,-1], "windData": [1,1,1,1] }
							},
							"children": [
								{
									"name": "L Antler04",
									"from": [ 0.8, 0.05, 0.05 ],
									"to": [ 2.3, 0.85, 0.85 ],
									"unwrapMode": 5,
									"unwrapRotation": 1,
									"uv": [ 56.5, 34.0 ],
									"rotationOrigin": [ 0.8, 0.5, 0.5 ],
									"rotationX": 15.0,
									"rotationY": 14.0,
									"rotationZ": -8.0,
									"faces": {
										"north": { "texture": "#skin", "uv": [ 56.5, 34.5, 57.0, 36.0 ], "rotation": 270 },
										"east": { "texture": "#skin", "uv": [ 57.0, 34.0, 57.5, 34.5 ], "rotation": 180 },
										"south": { "texture": "#skin", "uv": [ 57.5, 34.5, 58.0, 36.0 ], "rotation": 90 },
										"up": { "texture": "#skin", "uv": [ 57.0, 34.5, 57.5, 36.0 ], "rotation": 90 },
										"down": { "texture": "#skin", "uv": [ 58.0, 34.5, 58.5, 36.0 ], "rotation": 270, "windMode": [-1,-1,-1,-1], "windData": [1,1,1,1] }
									},
									"children": [
										{
											"name": "L Antler05",
											"from": [ 1.3, 0.05, 0.05 ],
											"to": [ 2.3, 0.75, 0.75 ],
											"unwrapMode": 5,
											"unwrapRotation": 1,
											"uv": [ 56.5, 33.0 ],
											"rotationOrigin": [ 1.3, 0.45, 0.45 ],
											"rotationX": 15.0,
											"rotationY": -15.0,
											"rotationZ": -20.0,
											"faces": {
												"north": { "texture": "#skin", "uv": [ 56.5, 33.5, 57.0, 34.5 ], "rotation": 270 },
												"east": { "texture": "#skin", "uv": [ 57.0, 33.0, 57.5, 33.5 ], "rotation": 180 },
												"south": { "texture": "#skin", "uv": [ 57.5, 33.5, 58.0, 34.5 ], "rotation": 90 },
												"up": { "texture": "#skin", "uv": [ 57.0, 33.5, 57.5, 34.5 ], "rotation": 90 },
												"down": { "texture": "#skin", "uv": [ 58.0, 33.5, 58.5, 34.5 ], "rotation": 270, "windMode": [-1,-1,-1,-1], "windData": [1,1,1,1] }
											},
											"children": [
												{
													"name": "L Antler06",
													"from": [ 0.8, 0.15, 0.05 ],
													"to": [ 1.8, 0.65, 0.65 ],
													"unwrapMode": 5,
													"unwrapRotation": 1,
													"uv": [ 56.5, 31.0 ],
													"rotationOrigin": [ 0.8, 0.45, 0.4 ],
													"rotationX": 15.0,
													"rotationY": -5.0,
													"rotationZ": -20.0,
													"faces": {
														"north": { "texture": "#skin", "uv": [ 56.5, 31.5, 57.0, 32.5 ], "rotation": 270 },
														"east": { "texture": "#skin", "uv": [ 57.0, 31.0, 57.5, 31.5 ], "rotation": 180 },
														"south": { "texture": "#skin", "uv": [ 57.5, 31.5, 58.0, 32.5 ], "rotation": 90 },
														"up": { "texture": "#skin", "uv": [ 57.0, 31.5, 57.5, 32.5 ], "rotation": 90 },
														"down": { "texture": "#skin", "uv": [ 58.0, 31.5, 58.5, 32.5 ], "rotation": 270, "windMode": [-1,-1,-1,-1], "windData": [1,1,1,1] }
													},
													"children": [
														{
															"name": "L Antler07",
															"from": [ 0.8, 0.15, 0.05 ],
															"to": [ 1.8, 0.55, 0.55 ],
															"unwrapMode": 5,
															"unwrapRotation": 1,
															"uv": [ 56.5, 29.0 ],
															"rotationOrigin": [ 0.8, 0.4, 0.35 ],
															"rotationX": 15.0,
															"rotationY": 5.0,
															"rotationZ": -20.0,
															"faces": {
																"north": { "texture": "#skin", "uv": [ 56.5, 29.5, 57.0, 30.5 ], "rotation": 270 },
																"east": { "texture": "#skin", "uv": [ 57.0, 29.0, 57.5, 29.5 ], "rotation": 180 },
																"south": { "texture": "#skin", "uv": [ 57.5, 29.5, 58.0, 30.5 ], "rotation": 90 },
																"up": { "texture": "#skin", "uv": [ 57.0, 29.5, 57.5, 30.5 ], "rotation": 90 },
																"down": { "texture": "#skin", "uv": [ 58.0, 29.5, 58.5, 30.5 ], "rotation": 270, "windMode": [-1,-1,-1,-1], "windData": [1,1,1,1] }
															},
															"children": [
																{
																	"name": "L Antler08",
																	"from": [ 0.8, 0.05, 0.05 ],
																	"to": [ 2.3, 0.35, 0.45 ],
																	"unwrapMode": 5,
																	"unwrapRotation": 1,
																	"uv": [ 56.5, 27.0 ],
																	"rotationOrigin": [ 0.8, 0.25, 0.3 ],
																	"rotationX": 15.0,
																	"rotationY": 5.0,
																	"rotationZ": -12.0,
																	"faces": {
																		"north": { "texture": "#skin", "uv": [ 56.5, 27.5, 57.0, 29.0 ], "rotation": 270 },
																		"east": { "texture": "#skin", "uv": [ 57.0, 27.0, 57.5, 27.5 ], "rotation": 180 },
																		"south": { "texture": "#skin", "uv": [ 57.5, 27.5, 58.0, 29.0 ], "rotation": 90 },
																		"up": { "texture": "#skin", "uv": [ 57.0, 27.5, 57.5, 29.0 ], "rotation": 90 },
																		"down": { "texture": "#skin", "uv": [ 58.0, 27.5, 58.5, 29.0 ], "rotation": 270, "windMode": [-1,-1,-1,-1], "windData": [1,1,1,1] }
																	},
																	"children": [
																		{
																			"name": "L Antler09",
																			"from": [ 1.3, 0.05, 0.05 ],
																			"to": [ 2.3, 0.25, 0.35 ],
																			"unwrapMode": 5,
																			"unwrapRotation": 1,
																			"uv": [ 56.5, 25.5 ],
																			"rotationOrigin": [ 1.3, 0.25, 0.25 ],
																			"rotationX": 15.0,
																			"rotationY": 5.0,
																			"rotationZ": -5.0,
																			"faces": {
																				"north": { "texture": "#skin", "uv": [ 56.5, 26.0, 57.0, 27.0 ], "rotation": 270 },
																				"east": { "texture": "#skin", "uv": [ 57.0, 25.5, 57.5, 26.0 ], "rotation": 180 },
																				"south": { "texture": "#skin", "uv": [ 57.5, 26.0, 58.0, 27.0 ], "rotation": 90 },
																				"up": { "texture": "#skin", "uv": [ 57.0, 26.0, 57.5, 27.0 ], "rotation": 90 },
																				"down": { "texture": "#skin", "uv": [ 58.0, 26.0, 58.5, 27.0 ], "rotation": 270, "windMode": [-1,-1,-1,-1], "windData": [1,1,1,1] }
																			}
																		}
																	]
																}
															]
														}
													]
												}
											]
										}
									]
								}
							]
						}
					]
				}
			]
		}
	]}