{
	code: "logquad",
	behaviors: [	
		{name: "HorizontalOrientable"}, 
		{name: "WrenchOrientable", properties: { baseCode: "logquad-{type}-{wood}"}}
	],
	variantgroups: [
		{ code: "type", states: ["barkedcorner"] },
		{ code: "wood", states: ["cocosnucifera"]},
		{ code:"side", loadFromProperties: "abstract/horizontalorientation" }
	],
	shapebytype: {
		"*-north": { base: "game:block/wood/logquad-corner", rotateY: 0 },
		"*-east": { base: "game:block/wood/logquad-corner", rotateY: 270 },
		"*-south": { base: "game:block/wood/logquad-corner2", rotateY: 180 },
		"*-west": { base: "game:block/wood/logquad-corner2", rotateY: 90 }
	},
	texturesByType: {
		"logquad-barkedcorner-*": {
			"bark": { base: "block/wood/bark/quad/placed/{wood}*" },
			"barkup": { base: "block/wood/bark/quad/placed/{wood}*" },
			"ends": { base: "block/wood/bark/quad/ends/placed/{wood}*" }
		},
		"logquad-debarkedcorner-*": {
			"bark": { base: "block/wood/bark/quad/debarked/{wood}*" },
			"barkup": { base: "block/wood/bark/quad/debarked/{wood}*" },
			"ends": { base: "block/wood/bark/quad/ends/debarked/{wood}*" }
		}
	},
	creativeinventory: { "general": ["*-north"], "flora": ["*-north"], "construction": ["*-north"] },
	drawtype: "json",
	blockmaterial: "Wood",
	requiredMiningTier: 1,
	attributes: {
		handbook: {
			groupBy: ["logquad-{type}-{wood}-north"]
		}
	},
	replaceable: 500,
	resistance: 4.5,
	sounds: {
		"place": "game:block/planks",
		"walk": "game:walk/wood",
		"hit": "game:block/planks",
		"break": "game:block/planks",
		byTool: {
			"Axe": { hit: "game:block/chop", break: "game:block/planks" }
		}
	},
	drops: [
		{ type: "block", code: "floralzonescosmopolitanregion:logquad-{type}-{wood}-north", quantity: { avg: 1 }  }
	],
	combustiblePropsByType: {
		"*": {
			burnTemperature: 800,
			burnDuration: 72
		}
	},
	maxStackSize: 16,
	materialDensity: 700,
	heldTpIdleAnimation: "holdbothhandslarge", heldRightReadyAnimation: "heldblockready", heldTpUseAnimation: "twohandplaceblock",
	guiTransform: {
		rotation: { x: -22.6, y: 130, z: 0 }
	},
	tpHandTransform: {
		translation: { x: -1.23, y: -0.91, z: -0.8 },
		rotation: { x: -2, y: 25, z: -78 },
		scale: 0.4
	}
}
