{
	"code": "lognarrow",
	"behaviorsByType": {
		"*-grown-*": [{"name": "PushEventOnBlockBroken",	"properties": {"eventname": "testForDecay"}}],
		"*": [{"name": "Pillar"}]
	},
	"attributes": {
		"preventsDecayByType": {
			"*-grown-*": true
		},
		"treeFellingGroupCodeByType": {
			"*-grown-*": "{wood}"
		},
		"treeFellingGroupSpreadIndex": 3
	},
	"variantgroups": [
		{ "code": "type", "states": ["grown", "placed"] },
		{ "code": "wood", "states": ["lagunculariaracemosa","sonneratiacaseolaris","rhizophoramangle"] },
		{ "code": "rotation", "states": ["ud", "ns", "we"] }
	],
	"creativeinventory": { "general": ["lognarrow-placed-*-ud"], "flora": ["lognarrow-placed-*-ud"]},
	"shape": { "base": "block/plant/mangroves/{wood}/roots*" },
	"sideopaque": {
		"all": false
	},
	"sidesolid": {
		"all": false
	},
	"blockmaterial": "Wood",
	"requiredMiningTier": 1,
	"texturesByType": {"*-rhizophoramangle-*":{
		"all": { "base": "block/plant/mangroves/{wood}/roots*" }
	}},
	"replaceable": 500,
	"resistance": 4,
	"fertility": 30,
	"sounds": {
		"place": "game:block/planks",
		"walk": "game:walk/wood",
		"hit": "game:block/planks",
		"break": "game:block/planks",
		"byTool": {
			"Axe": { "hit": "game:block/chop", "break": "game:block/planks" }
		}
	},
	"dropsByType": {
				"*": [{ "type": "item", "code": "game:stick", "quantity": { "avg": 5.6 }   }]
	},
	"combustibleProps": {
		"burnTemperature": 800,
		"burnDuration": 48
	},
	"collisionBox": { "x1": 0.25, "y1": 0, "z1": 0.25, "x2": 0.75, "y2": 1, "z2": 0.75 },
	"selectionBox": { "x1": 0.21, "y1": 0, "z1": 0.21, "x2": 0.79, "y2": 1, "z2": 0.79 },
	"maxstacksize": 16,
	"materialDensity": 700,
	"heldTpIdleAnimation": "holdbothhandslarge", "heldTpUseAnimation": "twohandplaceblock",
	"tpHandTransform": {
		"translation": { "x": -1.23, "y": -0.91, "z": -0.8 },
		"rotation": { "x": -2, "y": 25, "z": -78 },
		"scale": 0.4
	}
}
