{
	"editor": {
		"allAngles": false,
		"entityTextureMode": false
	},
	"textureWidth": 16,
	"textureHeight": 16,
	"textureSizes": {
	},
	"textures": {
	},
	"elements": [
		{
			"name": "origin",
			"from": [ -2.0, 0.0, -2.0 ],
			"to": [ -2.0, 0.0, -2.0 ],
			"rotationOrigin": [ 6.0, 0.0, 6.0 ],
			"faces": {
			},
			"children": [
				{
					"name": "flower",
					"from": [ 8.0, 0.0, 8.0 ],
					"to": [ 8.0, 0.0, 8.0 ],
					"rotationOrigin": [ 8.0, 0.0, 8.0 ],
					"faces": {
					},
					"children": [
						{
							"name": "face 6",
							"from": [ -8.0, 0.0, 0.0 ],
							"to": [ 8.0, 16.0, 0.0 ],
							"shade": false,
							"rotationOrigin": [ 0.0, 0.0, 0.0 ],
							"rotationY": -22.5,
							"faces": {
								"north": { "texture": "#flower", "uv": [ 0.0, 0.0, 15.75, 15.75 ], "windMode": [0,2,2,0], "windData": [0,1,1,0] }
							}
						},
						{
							"name": "face 7",
							"from": [ -8.0, 0.0, 0.0 ],
							"to": [ 8.0, 16.0, 0.0 ],
							"shade": false,
							"rotationOrigin": [ 0.0, 0.0, 0.0 ],
							"rotationY": 45.0,
							"faces": {
								"north": { "texture": "#flower", "uv": [ 0.0, 0.0, 15.75, 15.75 ], "windMode": [0,2,2,0], "windData": [0,1,1,0] }
							}
						},
						{
							"name": "face 8",
							"from": [ -8.0, 0.0, 0.0 ],
							"to": [ 8.0, 16.0, 0.0 ],
							"shade": false,
							"rotationOrigin": [ 0.0, 0.0, 0.0 ],
							"rotationY": -67.5,
							"faces": {
								"north": { "texture": "#flower", "uv": [ 0.0, 0.0, 15.75, 15.75 ], "windMode": [0,2,2,0], "windData": [0,1,1,0] }
							}
						}
					]
				},
				{
					"name": "stem",
					"from": [ 8.0, 0.0, 8.0 ],
					"to": [ 8.0, 0.0, 8.0 ],
					"rotationOrigin": [ 8.0, 0.0, 8.0 ],
					"faces": {
					},
					"children": [
						{
							"name": "face 1",
							"from": [ -8.0, 0.0, 0.0 ],
							"to": [ 8.0, 16.0, 0.0 ],
							"shade": false,
							"climateColorMap": "climatePlantTint",
							"seasonColorMap": "seasonalGrass",
							"rotationOrigin": [ 0.0, 0.0, 0.0 ],
							"rotationY": -22.5,
							"faces": {
								"north": { "texture": "#leaves", "uv": [ 0.0, 0.0, 15.75, 15.75 ], "windMode": [0,2,2,0], "windData": [0,1,1,0] }
							}
						},
						{
							"name": "face 2",
							"from": [ -8.0, 0.0, 0.0 ],
							"to": [ 8.0, 16.0, 0.0 ],
							"shade": false,
							"climateColorMap": "climatePlantTint",
							"seasonColorMap": "seasonalGrass",
							"rotationOrigin": [ 0.0, 0.0, 0.0 ],
							"rotationY": 45.0,
							"faces": {
								"north": { "texture": "#leaves", "uv": [ 0.0, 0.0, 15.75, 15.75 ], "windMode": [0,2,2,0], "windData": [0,1,1,0] }
							}
						},
						{
							"name": "face 3",
							"from": [ -8.0, 0.0, 0.0 ],
							"to": [ 8.0, 16.0, 0.0 ],
							"shade": false,
							"climateColorMap": "climatePlantTint",
							"seasonColorMap": "seasonalGrass",
							"rotationOrigin": [ 0.0, 0.0, 0.0 ],
							"rotationY": -67.5,
							"faces": {
								"north": { "texture": "#leaves", "uv": [ 0.0, 0.0, 15.75, 15.75 ], "windMode": [0,2,2,0], "windData": [0,1,1,0] }
							}
						}
					]
				}
			]
		},
		{
			"name": "origin1",
			"from": [ 3.0, 0.0, 3.0 ],
			"to": [ 3.0, 0.0, 3.0 ],
			"rotationOrigin": [ 11.0, 0.0, 11.0 ],
			"rotationY": -45.0,
			"faces": {
			},
			"children": [
				{
					"name": "flower1",
					"from": [ 8.0, 0.0, 8.0 ],
					"to": [ 8.0, 0.0, 8.0 ],
					"rotationOrigin": [ 8.0, 0.0, 8.0 ],
					"faces": {
					},
					"children": [
						{
							"name": "face 9",
							"from": [ -8.0, 0.0, 0.0 ],
							"to": [ 8.0, 16.0, 0.0 ],
							"shade": false,
							"rotationOrigin": [ 0.0, 0.0, 0.0 ],
							"rotationY": -22.5,
							"faces": {
								"north": { "texture": "#flower", "uv": [ 0.0, 0.0, 16.0, 16.0 ], "windMode": [0,2,2,0], "windData": [0,1,1,0] }
							}
						},
						{
							"name": "face 9",
							"from": [ -8.0, 0.0, 0.0 ],
							"to": [ 8.0, 16.0, 0.0 ],
							"shade": false,
							"rotationOrigin": [ 0.0, 0.0, 0.0 ],
							"rotationY": 45.0,
							"faces": {
								"north": { "texture": "#flower", "uv": [ 0.0, 0.0, 16.0, 16.0 ], "windMode": [0,2,2,0], "windData": [0,1,1,0] }
							}
						},
						{
							"name": "face 9",
							"from": [ -8.0, 0.0, 0.0 ],
							"to": [ 8.0, 16.0, 0.0 ],
							"shade": false,
							"rotationOrigin": [ 0.0, 0.0, 0.0 ],
							"rotationY": -67.5,
							"faces": {
								"north": { "texture": "#flower", "uv": [ 0.0, 0.0, 16.0, 16.0 ], "windMode": [0,2,2,0], "windData": [0,1,1,0] }
							}
						}
					]
				},
				{
					"name": "stem1",
					"from": [ 8.0, 0.0, 8.0 ],
					"to": [ 8.0, 0.0, 8.0 ],
					"rotationOrigin": [ 8.0, 0.0, 8.0 ],
					"faces": {
					},
					"children": [
						{
							"name": "face 4",
							"from": [ -8.0, 0.0, 0.0 ],
							"to": [ 8.0, 16.0, 0.0 ],
							"shade": false,
							"climateColorMap": "climatePlantTint",
							"seasonColorMap": "seasonalGrass",
							"rotationOrigin": [ 0.0, 0.0, 0.0 ],
							"rotationY": -22.5,
							"faces": {
								"north": { "texture": "#leaves", "uv": [ 0.0, 0.0, 16.0, 16.0 ], "windMode": [0,2,2,0], "windData": [0,1,1,0] }
							}
						},
						{
							"name": "face 4",
							"from": [ -8.0, 0.0, 0.0 ],
							"to": [ 8.0, 16.0, 0.0 ],
							"shade": false,
							"climateColorMap": "climatePlantTint",
							"seasonColorMap": "seasonalGrass",
							"rotationOrigin": [ 0.0, 0.0, 0.0 ],
							"rotationY": 45.0,
							"faces": {
								"north": { "texture": "#leaves", "uv": [ 0.0, 0.0, 16.0, 16.0 ], "windMode": [0,2,2,0], "windData": [0,1,1,0] }
							}
						},
						{
							"name": "face 4",
							"from": [ -8.0, 0.0, 0.0 ],
							"to": [ 8.0, 16.0, 0.0 ],
							"shade": false,
							"climateColorMap": "climatePlantTint",
							"seasonColorMap": "seasonalGrass",
							"rotationOrigin": [ 0.0, 0.0, 0.0 ],
							"rotationY": -67.5,
							"faces": {
								"north": { "texture": "#leaves", "uv": [ 0.0, 0.0, 16.0, 16.0 ], "windMode": [0,2,2,0], "windData": [0,1,1,0] }
							}
						}
					]
				}
			]
		},
		{
			"name": "origin2",
			"from": [ -3.0, 0.0, 5.0 ],
			"to": [ -3.0, 0.0, 5.0 ],
			"rotationOrigin": [ 5.0, 0.0, 13.0 ],
			"rotationY": 22.5,
			"faces": {
			},
			"children": [
				{
					"name": "flower2",
					"from": [ 8.0, 0.0, 8.0 ],
					"to": [ 8.0, 0.0, 8.0 ],
					"rotationOrigin": [ 8.0, 0.0, 8.0 ],
					"faces": {
					},
					"children": [
						{
							"name": "face 10",
							"from": [ -8.0, 0.0, 0.0 ],
							"to": [ 8.0, 16.0, 0.0 ],
							"shade": false,
							"rotationOrigin": [ 0.0, 0.0, 0.0 ],
							"rotationY": -22.5,
							"faces": {
								"north": { "texture": "#flower", "uv": [ 0.0, 0.0, 16.0, 16.0 ], "windMode": [0,2,2,0], "windData": [0,1,1,0] }
							}
						},
						{
							"name": "face 10",
							"from": [ -8.0, 0.0, 0.0 ],
							"to": [ 8.0, 16.0, 0.0 ],
							"shade": false,
							"rotationOrigin": [ 0.0, 0.0, 0.0 ],
							"rotationY": 45.0,
							"faces": {
								"north": { "texture": "#flower", "uv": [ 0.0, 0.0, 16.0, 16.0 ], "windMode": [0,2,2,0], "windData": [0,1,1,0] }
							}
						},
						{
							"name": "face 10",
							"from": [ -8.0, 0.0, 0.0 ],
							"to": [ 8.0, 16.0, 0.0 ],
							"shade": false,
							"rotationOrigin": [ 0.0, 0.0, 0.0 ],
							"rotationY": -67.5,
							"faces": {
								"north": { "texture": "#flower", "uv": [ 0.0, 0.0, 16.0, 16.0 ], "windMode": [0,2,2,0], "windData": [0,1,1,0] }
							}
						}
					]
				},
				{
					"name": "stem2",
					"from": [ 8.0, 0.0, 8.0 ],
					"to": [ 8.0, 0.0, 8.0 ],
					"rotationOrigin": [ 8.0, 0.0, 8.0 ],
					"faces": {
					},
					"children": [
						{
							"name": "face 5",
							"from": [ -8.0, 0.0, 0.0 ],
							"to": [ 8.0, 16.0, 0.0 ],
							"shade": false,
							"climateColorMap": "climatePlantTint",
							"seasonColorMap": "seasonalGrass",
							"rotationOrigin": [ 0.0, 0.0, 0.0 ],
							"rotationY": -22.5,
							"faces": {
								"north": { "texture": "#leaves", "uv": [ 0.0, 0.0, 16.0, 16.0 ], "windMode": [0,2,2,0], "windData": [0,1,1,0] }
							}
						},
						{
							"name": "face 5",
							"from": [ -8.0, 0.0, 0.0 ],
							"to": [ 8.0, 16.0, 0.0 ],
							"shade": false,
							"climateColorMap": "climatePlantTint",
							"seasonColorMap": "seasonalGrass",
							"rotationOrigin": [ 0.0, 0.0, 0.0 ],
							"rotationY": 45.0,
							"faces": {
								"north": { "texture": "#leaves", "uv": [ 0.0, 0.0, 16.0, 16.0 ], "windMode": [0,2,2,0], "windData": [0,1,1,0] }
							}
						},
						{
							"name": "face 5",
							"from": [ -8.0, 0.0, 0.0 ],
							"to": [ 8.0, 16.0, 0.0 ],
							"shade": false,
							"climateColorMap": "climatePlantTint",
							"seasonColorMap": "seasonalGrass",
							"rotationOrigin": [ 0.0, 0.0, 0.0 ],
							"rotationY": -67.5,
							"faces": {
								"north": { "texture": "#leaves", "uv": [ 0.0, 0.0, 16.0, 16.0 ], "windMode": [0,2,2,0], "windData": [0,1,1,0] }
							}
						}
					]
				}
			]
		}
	]}