{
	"editor": {
		"allAngles": false,
		"entityTextureMode": false
	},
	"textureWidth": 4,
	"textureHeight": 4,
	"textureSizes": {
		"leaves": [32,32],
		"flower": [4,4]
	},
	"textures": {
	},
	"elements": [
		{
			"name": "base",
			"from": [ -8.0, 1.0, -8.0 ],
			"to": [ 24.0, 1.0, 24.0 ],
			"rotationOrigin": [ -8.0, 1.0, -8.0 ],
			"faces": {
				"up": { "texture": "#leaves", "uv": [ 0.0, 0.0, 32.0, 32.0 ], "windMode": [-1,-1,-1,-1] }
			}
		},
		{
			"name": "base2",
			"from": [ 8.0, 16.0, 8.0 ],
			"to": [ 40.0, 16.0, 40.0 ],
			"rotationOrigin": [ 8.0, 16.0, 8.0 ],
			"rotationX": 15.0,
			"rotationZ": -15.0,
			"faces": {
				"up": { "texture": "#leaves", "uv": [ 0.0, 0.0, 32.0, 32.0 ], "rotation": 90, "windMode": [7,-1,-1,-1], "windData": [1,0,0,0] }
			}
		},
		{
			"name": "base3",
			"from": [ -24.0, 16.0, 8.0 ],
			"to": [ 8.0, 16.0, 40.0 ],
			"rotationOrigin": [ 8.0, 16.0, 8.0 ],
			"rotationX": 15.0,
			"rotationZ": 15.0,
			"faces": {
				"up": { "texture": "#leaves", "uv": [ 0.0, 0.0, 32.0, 32.0 ], "rotation": 180, "windMode": [-1,-1,-1,7], "windData": [0,0,0,1] }
			}
		},
		{
			"name": "base4",
			"from": [ -24.0, 16.0, -24.0 ],
			"to": [ 8.0, 16.0, 8.0 ],
			"rotationOrigin": [ 8.0, 16.0, 8.0 ],
			"rotationX": -15.0,
			"rotationZ": 15.0,
			"faces": {
				"up": { "texture": "#leaves", "uv": [ 0.0, 0.0, 32.0, 32.0 ], "rotation": 270, "windMode": [-1,-1,7,-1] }
			}
		},
		{
			"name": "base5",
			"from": [ 8.0, 16.0, -24.0 ],
			"to": [ 40.0, 16.0, 8.0 ],
			"rotationOrigin": [ 8.0, 16.0, 8.0 ],
			"rotationX": -15.0,
			"rotationZ": -15.0,
			"faces": {
				"up": { "texture": "#leaves", "uv": [ 0.0, 0.0, 32.0, 32.0 ], "windMode": [-1,7,-1,-1], "windData": [0,1,0,0] }
			}
		},
		{
			"name": "base6",
			"from": [ -8.0, 1.0, -8.0 ],
			"to": [ 24.0, 1.0, 24.0 ],
			"rotationOrigin": [ -8.0, 1.0, -8.0 ],
			"rotationZ": 20.0,
			"faces": {
				"up": { "texture": "#leaves", "uv": [ 0.0, 0.0, 32.0, 32.0 ], "rotation": 90, "windMode": [-1,-1,7,7] }
			}
		},
		{
			"name": "base7",
			"from": [ -8.0, 1.0, -8.0 ],
			"to": [ 24.0, 1.0, 24.0 ],
			"rotationOrigin": [ 24.0, 1.0, -8.0 ],
			"rotationZ": -20.0,
			"faces": {
				"up": { "texture": "#leaves", "uv": [ 0.0, 0.0, 32.0, 32.0 ], "rotation": 180, "windMode": [7,7,-1,-1] }
			}
		},
		{
			"name": "Flowerstem",
			"from": [ 0.0, 11.0, 0.0 ],
			"to": [ 0.0, 11.0, 0.0 ],
			"rotationOrigin": [ 0.0, 11.0, 0.0 ],
			"faces": {
			},
			"children": [
				{
					"name": "Flowerface",
					"from": [ -1.0, 0.0, 0.0 ],
					"to": [ 1.0, 3.0, 0.0 ],
					"shade": false,
					"renderPass": 1,
					"faces": {
						"south": { "texture": "#flower", "uv": [ 0.0, 0.0, 2.0, 3.0 ], "windMode": [7,7,7,7] }
					}
				},
				{
					"name": "Flowerface2",
					"from": [ -1.0, 0.0, 0.0 ],
					"to": [ 1.0, 3.0, 0.0 ],
					"shade": false,
					"renderPass": 1,
					"rotationOrigin": [ 0.0, 0.0, 0.0 ],
					"rotationY": 60.0,
					"faces": {
						"south": { "texture": "#flower", "uv": [ 0.0, 0.0, 2.0, 3.0 ], "windMode": [7,7,7,7] }
					}
				},
				{
					"name": "Flowerface3",
					"from": [ -1.0, 0.0, 0.0 ],
					"to": [ 1.0, 3.0, 0.0 ],
					"shade": false,
					"renderPass": 1,
					"rotationOrigin": [ 0.0, 0.0, 0.0 ],
					"rotationY": -60.0,
					"faces": {
						"south": { "texture": "#flower", "uv": [ 0.0, 0.0, 2.0, 3.0 ], "windMode": [7,7,7,7] }
					}
				}
			]
		},
		{
			"name": "Flowerstem2",
			"from": [ 6.0, 14.0, 4.0 ],
			"to": [ 6.0, 14.0, 4.0 ],
			"rotationOrigin": [ 6.0, 14.0, 4.0 ],
			"faces": {
			},
			"children": [
				{
					"name": "Flowerface4",
					"from": [ -1.0, 0.0, 0.0 ],
					"to": [ 1.0, 3.0, 0.0 ],
					"shade": false,
					"renderPass": 1,
					"faces": {
						"south": { "texture": "#flower", "uv": [ 0.0, 0.0, 2.0, 3.0 ], "windMode": [7,7,7,7], "windData": [0,0,1,1] }
					}
				},
				{
					"name": "Flowerface5",
					"from": [ -1.0, 0.0, 0.0 ],
					"to": [ 1.0, 3.0, 0.0 ],
					"shade": false,
					"renderPass": 1,
					"rotationOrigin": [ 0.0, 0.0, 0.0 ],
					"rotationY": 60.0,
					"faces": {
						"south": { "texture": "#flower", "uv": [ 0.0, 0.0, 2.0, 3.0 ], "windMode": [7,7,7,7], "windData": [0,0,1,1] }
					}
				},
				{
					"name": "Flowerface6",
					"from": [ -1.0, 0.0, 0.0 ],
					"to": [ 1.0, 3.0, 0.0 ],
					"shade": false,
					"renderPass": 1,
					"rotationOrigin": [ 0.0, 0.0, 0.0 ],
					"rotationY": -60.0,
					"faces": {
						"south": { "texture": "#flower", "uv": [ 0.0, 0.0, 2.0, 3.0 ], "windMode": [7,7,7,7], "windData": [0,0,1,1] }
					}
				}
			]
		},
		{
			"name": "Flowerstem3",
			"from": [ 4.0, 13.0, 12.0 ],
			"to": [ 4.0, 13.0, 12.0 ],
			"rotationOrigin": [ 4.0, 13.0, 12.0 ],
			"faces": {
			},
			"children": [
				{
					"name": "Flowerface7",
					"from": [ -1.0, 0.0, 0.0 ],
					"to": [ 1.0, 3.0, 0.0 ],
					"shade": false,
					"renderPass": 1,
					"faces": {
						"south": { "texture": "#flower", "uv": [ 0.0, 0.0, 2.0, 3.0 ], "windMode": [7,7,7,7], "windData": [0,0,1,1] }
					}
				},
				{
					"name": "Flowerface8",
					"from": [ -1.0, 0.0, 0.0 ],
					"to": [ 1.0, 3.0, 0.0 ],
					"shade": false,
					"renderPass": 1,
					"rotationOrigin": [ 0.0, 0.0, 0.0 ],
					"rotationY": 60.0,
					"faces": {
						"south": { "texture": "#flower", "uv": [ 0.0, 0.0, 2.0, 3.0 ], "windMode": [7,7,7,7], "windData": [0,0,1,1] }
					}
				},
				{
					"name": "Flowerface9",
					"from": [ -1.0, 0.0, 0.0 ],
					"to": [ 1.0, 3.0, 0.0 ],
					"shade": false,
					"renderPass": 1,
					"rotationOrigin": [ 0.0, 0.0, 0.0 ],
					"rotationY": -60.0,
					"faces": {
						"south": { "texture": "#flower", "uv": [ 0.0, 0.0, 2.0, 3.0 ], "windMode": [7,7,7,7], "windData": [0,0,1,1] }
					}
				}
			]
		},
		{
			"name": "Flowerstem4",
			"from": [ 19.0, 12.0, 11.0 ],
			"to": [ 19.0, 12.0, 11.0 ],
			"rotationOrigin": [ 19.0, 12.0, 11.0 ],
			"faces": {
			},
			"children": [
				{
					"name": "Flowerface10",
					"from": [ -1.0, 0.0, 0.0 ],
					"to": [ 1.0, 3.0, 0.0 ],
					"shade": false,
					"renderPass": 1,
					"faces": {
						"south": { "texture": "#flower", "uv": [ 0.0, 0.0, 2.0, 3.0 ], "windMode": [7,7,7,7] }
					}
				},
				{
					"name": "Flowerface11",
					"from": [ -1.0, 0.0, 0.0 ],
					"to": [ 1.0, 3.0, 0.0 ],
					"shade": false,
					"renderPass": 1,
					"rotationOrigin": [ 0.0, 0.0, 0.0 ],
					"rotationY": 60.0,
					"faces": {
						"south": { "texture": "#flower", "uv": [ 0.0, 0.0, 2.0, 3.0 ], "windMode": [7,7,7,7] }
					}
				},
				{
					"name": "Flowerface12",
					"from": [ -1.0, 0.0, 0.0 ],
					"to": [ 1.0, 3.0, 0.0 ],
					"shade": false,
					"renderPass": 1,
					"rotationOrigin": [ 0.0, 0.0, 0.0 ],
					"rotationY": -60.0,
					"faces": {
						"south": { "texture": "#flower", "uv": [ 0.0, 0.0, 2.0, 3.0 ], "windMode": [7,7,7,7] }
					}
				}
			]
		},
		{
			"name": "Flowerstem5",
			"from": [ 12.0, 12.0, 16.0 ],
			"to": [ 12.0, 12.0, 16.0 ],
			"rotationOrigin": [ 12.0, 12.0, 16.0 ],
			"faces": {
			},
			"children": [
				{
					"name": "Flowerface13",
					"from": [ -1.0, 0.0, 0.0 ],
					"to": [ 1.0, 3.0, 0.0 ],
					"shade": false,
					"renderPass": 1,
					"faces": {
						"south": { "texture": "#flower", "uv": [ 2.0, 0.0, 4.0, 3.0 ], "windMode": [7,7,7,7] }
					}
				},
				{
					"name": "Flowerface14",
					"from": [ -1.0, 0.0, 0.0 ],
					"to": [ 1.0, 3.0, 0.0 ],
					"shade": false,
					"renderPass": 1,
					"rotationOrigin": [ 0.0, 0.0, 0.0 ],
					"rotationY": 60.0,
					"faces": {
						"south": { "texture": "#flower", "uv": [ 2.0, 0.0, 4.0, 3.0 ], "windMode": [7,7,7,7] }
					}
				},
				{
					"name": "Flowerface15",
					"from": [ -1.0, 0.0, 0.0 ],
					"to": [ 1.0, 3.0, 0.0 ],
					"shade": false,
					"renderPass": 1,
					"rotationOrigin": [ 0.0, 0.0, 0.0 ],
					"rotationY": -60.0,
					"faces": {
						"south": { "texture": "#flower", "uv": [ 2.0, 0.0, 4.0, 3.0 ], "windMode": [7,7,7,7] }
					}
				}
			]
		},
		{
			"name": "Flowerstem6",
			"from": [ 15.0, 12.0, 1.0 ],
			"to": [ 15.0, 12.0, 1.0 ],
			"rotationOrigin": [ 15.0, 12.0, 1.0 ],
			"faces": {
			},
			"children": [
				{
					"name": "Flowerface16",
					"from": [ -1.0, 0.0, 0.0 ],
					"to": [ 1.0, 3.0, 0.0 ],
					"shade": false,
					"renderPass": 1,
					"faces": {
						"south": { "texture": "#flower", "uv": [ 2.0, 0.0, 4.0, 3.0 ], "windMode": [7,7,7,7] }
					}
				},
				{
					"name": "Flowerface17",
					"from": [ -1.0, 0.0, 0.0 ],
					"to": [ 1.0, 3.0, 0.0 ],
					"shade": false,
					"renderPass": 1,
					"rotationOrigin": [ 0.0, 0.0, 0.0 ],
					"rotationY": 60.0,
					"faces": {
						"south": { "texture": "#flower", "uv": [ 2.0, 0.0, 4.0, 3.0 ], "windMode": [7,7,7,7] }
					}
				},
				{
					"name": "Flowerface18",
					"from": [ -1.0, 0.0, 0.0 ],
					"to": [ 1.0, 3.0, 0.0 ],
					"shade": false,
					"renderPass": 1,
					"rotationOrigin": [ 0.0, 0.0, 0.0 ],
					"rotationY": -60.0,
					"faces": {
						"south": { "texture": "#flower", "uv": [ 2.0, 0.0, 4.0, 3.0 ], "windMode": [7,7,7,7] }
					}
				}
			]
		},
		{
			"name": "Flowerstem7",
			"from": [ 3.0, 14.0, 5.0 ],
			"to": [ 3.0, 14.0, 5.0 ],
			"rotationOrigin": [ 3.0, 14.0, 5.0 ],
			"faces": {
			},
			"children": [
				{
					"name": "Flowerface19",
					"from": [ -1.0, 0.0, 0.0 ],
					"to": [ 1.0, 3.0, 0.0 ],
					"shade": false,
					"renderPass": 1,
					"faces": {
						"south": { "texture": "#flower", "uv": [ 2.0, 0.0, 4.0, 3.0 ], "windMode": [7,7,7,7], "windData": [0,0,1,1] }
					}
				},
				{
					"name": "Flowerface20",
					"from": [ -1.0, 0.0, 0.0 ],
					"to": [ 1.0, 3.0, 0.0 ],
					"shade": false,
					"renderPass": 1,
					"rotationOrigin": [ 0.0, 0.0, 0.0 ],
					"rotationY": 60.0,
					"faces": {
						"south": { "texture": "#flower", "uv": [ 2.0, 0.0, 4.0, 3.0 ], "windMode": [7,7,7,7], "windData": [0,0,1,1] }
					}
				},
				{
					"name": "Flowerface21",
					"from": [ -1.0, 0.0, 0.0 ],
					"to": [ 1.0, 3.0, 0.0 ],
					"shade": false,
					"renderPass": 1,
					"rotationOrigin": [ 0.0, 0.0, 0.0 ],
					"rotationY": -60.0,
					"faces": {
						"south": { "texture": "#flower", "uv": [ 2.0, 0.0, 4.0, 3.0 ], "windMode": [7,7,7,7], "windData": [0,0,1,1] }
					}
				}
			]
		}
	]}