{
  "code": "headmount",
	"maxstacksize": 4,
  "variantgroups": [
    {"code": "tribe","states": [ "cervini"]},
    {"code": "type","states": [ "baby","female","male" ]},
    {"code": "species","states": [ "megalocerosgiganteus"]},
    {"code": "size","states": [ "00","01", "02", "03", "04", "05", "06", "07", "08", "09"]}
  ],
	"allowedVariants": [
		"*-cervini-male-megalocerosgiganteus-*",
		"*-cervini-*-megalocerosgiganteus-00"
	],
  "attributes": {
    "handbook": {
      "groupBy": [ "headmount-*" ]
    },
		"antlerMountableByType": {
			"*": true
		},
		"onAntlerMountTransformByType": {
			"*-female-megalocerosgiganteus-*": {"translation": { "x": -0.9, "y": 0, "z": 0 },"rotation": { "x": 0, "y": 180, "z": 0 },"origin": { "x": 1, "y": 0.5, "z": 0.5 },"scale": 0.95},"*-male-megalocerosgiganteus-*": {"translation": { "x": -0.9, "y": 0, "z": 0 },"rotation": { "x": 0, "y": 180, "z": 0 },"origin": { "x": 1, "y": 0.5, "z": 0.5 }, "scale": 1.05},
			"*": {"translation": { "x": -0.9, "y": 0, "z": 0 },"rotation": { "x": 0, "y": 180, "z": 0 },"origin": { "x": 1, "y": 0.5, "z": 0.5 }}			
		}
  },
  "shapebytype": {
    "*-female-*-00": {"base": "item/{tribe}/{species}/headmount-male-{size}"},
    "*": {"base": "item/{tribe}/{species}/headmount-{type}-{size}"}
  },
  "creativeinventory": {"general": [ "*" ], "decorative": [ "*" ]
  },
  "texturesByType": {
    "*-baby-*": {"skin": {"base": "entity/{tribe}/{species}-baby"}},
    "*-female-*": {"skin": {"base": "entity/{tribe}/{species}-adult"}},
    "*-male-*": {"skin": {"base": "entity/{tribe}/{species}-adult"}}
  },
  "combustibleProps": {
    "burnTemperature": 400,
    "burnDuration": 10
  },
  "sounds": {
    "place": "game:block/cloth",
    "walk": "game:walk/cloth"
  },
  "guiTransformByType": {
		"*-cervini-*": {
     "translation": {"x": 0,"y": 3,"z": 0},
    "rotation": {"x": 0,"y": -60,"z": 180},
    "origin": {"x": 1,"y": 0.5,"z": 0.5},
    "scale": 1.5
      },
    "*": {
     "translation": {"x": 0,"y": 3,"z": 0},
    "rotation": {"x": 0,"y": -60,"z": 180},
    "origin": {"x": 1,"y": 0.6,"z": 0.5},
    "scale": 2.0
      }
  },
  "groundTransform": {
    "translation": {"x": 0.5,"y": 0,"z": 0},
    "rotation": {"x": 0,"y": 135,"z": 0},
    "origin": {"x": 0.5,"y": -0.02,"z": 0.5},
    "scale": 1
  },
  "tpHandTransform": {
    "translation": {"x": -0.55,"y": -0.6,"z": -0.15},
    "rotation": {"x": 0,"y": 0,"z": 0},
    "origin": {"x": 0.5,"y": 0.5,"z": 0.1},
    "scale": 1.0
  },
  "fpHandTransform": {
    "rotation": {"x": 0,"y": 0,"z": 0},
    "origin": {"x": 0.5,"y": -1,"z": 1.5}
  },
  "materialDensity": 200
}