{
	"editor": {
		"allAngles": false,
		"entityTextureMode": false
	},
	"textureWidth": 4,
	"textureHeight": 8,
	"textureSizes": {
		"fruit": [8,4],
		"cactus": [4,8]
	},
	"textures": {
	},
	"elements": [
		{
			"name": "origin",
			"from": [ 8.0, 0.0, 8.0 ],
			"to": [ 8.0, 0.0, 8.0 ],
			"rotationOrigin": [ 8.0, 0.0, 8.0 ],
			"faces": {
			},
			"children": [
				{
					"name": "Base 1",
					"from": [ -1.0, 0.0, -1.0 ],
					"to": [ 1.2, 8.0, 1.2 ],
					"rotationOrigin": [ -1.0, 0.0, -1.0 ],
					"faces": {
						"north": { "texture": "#cactus", "uv": [ 0.0, 0.0, 2.0, 8.0 ] },
						"east": { "texture": "#cactus", "uv": [ 2.0, 0.0, 4.0, 8.0 ] },
						"south": { "texture": "#cactus", "uv": [ 0.0, 0.0, 2.0, 8.0 ] },
						"west": { "texture": "#cactus", "uv": [ 2.0, 0.0, 4.0, 8.0 ], "windMode": [-1,-1,-1,-1] },
						"up": { "texture": "#cactus", "uv": [ 0.0, 0.0, 2.0, 2.0 ] }
					},
					"children": [
						{
							"name": "Segment 2 1",
							"from": [ 0.05, 7.9, 0.05 ],
							"to": [ 2.15, 13.9, 2.15 ],
							"rotationOrigin": [ 1.05, 7.9, 1.05 ],
							"rotationZ": 4.0,
							"faces": {
								"north": { "texture": "#cactus", "uv": [ 0.0, 0.0, 2.0, 6.0 ] },
								"east": { "texture": "#cactus", "uv": [ 2.0, 0.0, 4.0, 6.0 ] },
								"south": { "texture": "#cactus", "uv": [ 0.0, 0.0, 2.0, 6.0 ] },
								"west": { "texture": "#cactus", "uv": [ 2.0, 0.0, 4.0, 6.0 ], "windMode": [-1,-1,-1,-1] },
								"up": { "texture": "#cactus", "uv": [ 0.0, 0.0, 2.0, 2.0 ] }
							},
							"children": [
								{
									"name": "Segment 3 1",
									"from": [ 0.15, 5.4, 0.15 ],
									"to": [ 1.85, 11.4, 1.85 ],
									"rotationOrigin": [ 1.05, 5.4, 1.05 ],
									"rotationZ": 32.5,
									"faces": {
										"north": { "texture": "#cactus", "uv": [ 0.0, 0.0, 1.5, 6.0 ] },
										"east": { "texture": "#cactus", "uv": [ 2.0, 0.0, 3.5, 6.0 ] },
										"south": { "texture": "#cactus", "uv": [ 0.0, 0.0, 1.5, 6.0 ] },
										"west": { "texture": "#cactus", "uv": [ 0.0, 0.0, 1.5, 6.0 ] },
										"up": { "texture": "#cactus", "uv": [ 0.0, 0.0, 1.5, 1.5 ] }
									},
									"children": [
										{
											"name": "Segment 4 2",
											"from": [ 0.05, 5.4, 0.05 ],
											"to": [ 1.65, 11.4, 1.65 ],
											"rotationOrigin": [ 0.8, 5.4, 0.8 ],
											"rotationZ": 22.5,
											"faces": {
												"north": { "texture": "#cactus", "uv": [ 0.0, 0.0, 1.5, 6.0 ] },
												"east": { "texture": "#cactus", "uv": [ 2.0, 0.0, 3.5, 6.0 ] },
												"south": { "texture": "#cactus", "uv": [ 0.0, 0.0, 1.5, 6.0 ] },
												"west": { "texture": "#cactus", "uv": [ 0.0, 0.0, 1.5, 6.0 ] },
												"up": { "texture": "#cactus", "uv": [ 0.0, 0.0, 1.5, 1.5 ] }
											},
											"children": [
												{
													"name": "End 1",
													"from": [ 0.05, 5.4, 0.05 ],
													"to": [ 1.55, 12.4, 1.55 ],
													"rotationOrigin": [ 1.0, 5.4, 1.0 ],
													"rotationZ": 30.0,
													"faces": {
														"north": { "texture": "#cactus", "uv": [ 0.0, 0.0, 1.5, 7.0 ] },
														"east": { "texture": "#cactus", "uv": [ 2.0, 0.0, 3.5, 7.0 ] },
														"south": { "texture": "#cactus", "uv": [ 0.0, 0.0, 1.5, 7.0 ] },
														"west": { "texture": "#cactus", "uv": [ 0.0, 0.0, 1.5, 7.0 ] },
														"up": { "texture": "#cactus", "uv": [ 0.0, 0.0, 1.5, 1.5 ] }
													}
												}
											]
										}
									]
								},
								{
									"name": "Segment 3 2",
									"from": [ 0.15, 5.4, 0.15 ],
									"to": [ 1.85, 11.4, 1.85 ],
									"rotationOrigin": [ 1.05, 5.4, 1.05 ],
									"rotationX": 26.0,
									"rotationZ": 3.0,
									"faces": {
										"north": { "texture": "#cactus", "uv": [ 0.0, 0.0, 1.5, 6.0 ] },
										"east": { "texture": "#cactus", "uv": [ 2.0, 0.0, 3.5, 6.0 ] },
										"south": { "texture": "#cactus", "uv": [ 0.0, 0.0, 1.5, 6.0 ] },
										"west": { "texture": "#cactus", "uv": [ 0.0, 0.0, 1.5, 6.0 ] },
										"up": { "texture": "#cactus", "uv": [ 0.0, 0.0, 1.5, 1.5 ] }
									},
									"children": [
										{
											"name": "Segment 4 3",
											"from": [ 0.05, 5.4, 0.05 ],
											"to": [ 1.65, 11.4, 1.65 ],
											"rotationOrigin": [ 0.8, 5.4, 0.8 ],
											"rotationX": 25.0,
											"rotationZ": 2.5,
											"faces": {
												"north": { "texture": "#cactus", "uv": [ 0.0, 0.0, 1.5, 6.0 ] },
												"east": { "texture": "#cactus", "uv": [ 2.0, 0.0, 3.5, 6.0 ] },
												"south": { "texture": "#cactus", "uv": [ 0.0, 0.0, 1.5, 6.0 ] },
												"west": { "texture": "#cactus", "uv": [ 0.0, 0.0, 1.5, 6.0 ] },
												"up": { "texture": "#cactus", "uv": [ 0.0, 0.0, 1.5, 1.5 ] }
											},
											"children": [
												{
													"name": "End 2",
													"from": [ 0.05, 5.4, 0.05 ],
													"to": [ 1.55, 13.4, 1.55 ],
													"rotationOrigin": [ 1.0, 5.4, 1.0 ],
													"rotationX": 25.0,
													"rotationZ": 3.0,
													"faces": {
														"north": { "texture": "#cactus", "uv": [ 0.0, 0.0, 1.5, 8.0 ] },
														"east": { "texture": "#cactus", "uv": [ 2.0, 0.0, 3.5, 8.0 ] },
														"south": { "texture": "#cactus", "uv": [ 0.0, 0.0, 1.5, 8.0 ] },
														"west": { "texture": "#cactus", "uv": [ 0.0, 0.0, 1.5, 8.0 ] },
														"up": { "texture": "#cactus", "uv": [ 0.0, 0.0, 1.5, 1.5 ] }
													}
												}
											]
										}
									]
								},
								{
									"name": "Segment 3 3",
									"from": [ 0.25, 5.4, 0.25 ],
									"to": [ 1.95, 13.4, 1.95 ],
									"rotationOrigin": [ 1.15, 5.4, 1.15 ],
									"rotationZ": -12.5,
									"faces": {
										"north": { "texture": "#cactus", "uv": [ 0.0, 0.0, 1.5, 8.0 ] },
										"east": { "texture": "#cactus", "uv": [ 2.0, 0.0, 3.5, 8.0 ] },
										"south": { "texture": "#cactus", "uv": [ 0.0, 0.0, 1.5, 8.0 ] },
										"west": { "texture": "#cactus", "uv": [ 0.0, 0.0, 1.5, 8.0 ] },
										"up": { "texture": "#cactus", "uv": [ 0.0, 0.0, 1.5, 1.5 ] }
									},
									"children": [
										{
											"name": "Segment 4 4",
											"from": [ 0.05, 7.4, 0.05 ],
											"to": [ 1.65, 15.4, 1.65 ],
											"rotationOrigin": [ 0.8, 7.4, 0.8 ],
											"rotationX": -5.0,
											"rotationZ": -12.5,
											"faces": {
												"north": { "texture": "#cactus", "uv": [ 0.0, 0.0, 1.5, 8.0 ] },
												"east": { "texture": "#cactus", "uv": [ 2.0, 0.0, 3.5, 8.0 ] },
												"south": { "texture": "#cactus", "uv": [ 0.0, 0.0, 1.5, 8.0 ] },
												"west": { "texture": "#cactus", "uv": [ 0.0, 0.0, 1.5, 8.0 ] },
												"up": { "texture": "#cactus", "uv": [ 0.0, 0.0, 1.5, 1.5 ] }
											},
											"children": [
												{
													"name": "End 3",
													"from": [ 0.05, 7.4, 0.05 ],
													"to": [ 1.55, 15.4, 1.55 ],
													"rotationOrigin": [ 1.0, 7.4, 1.0 ],
													"rotationZ": -15.0,
													"faces": {
														"north": { "texture": "#cactus", "uv": [ 0.0, 0.0, 1.5, 8.0 ] },
														"east": { "texture": "#cactus", "uv": [ 2.0, 0.0, 3.5, 8.0 ] },
														"south": { "texture": "#cactus", "uv": [ 0.0, 0.0, 1.5, 8.0 ] },
														"west": { "texture": "#cactus", "uv": [ 0.0, 0.0, 1.5, 8.0 ] },
														"up": { "texture": "#cactus", "uv": [ 0.0, 0.0, 1.5, 1.5 ] }
													}
												}
											]
										}
									]
								}
							]
						}
					]
				}
			]
		}
	]}