[
	{
	"ingredientPattern": "K,D",
	"ingredients": {
		"D": { "type": "block", "code": "game:flotsam-driftwood-*", "name": "driftwood", "allowedVariants": [ "1", "2" ] },
		"K": { "type": "block", "code": "game:knife-generic-*", "isTool": true }
	},
	"width": 1,
	"height": 2,
	"output": { "type": "item", "code": "game:stick", "quantity": 2 }
	},

	{
	"ingredientPattern": "K,D",
	"ingredients": {
		"D": { "type": "block", "code": "game:flotsam-driftwood-3" },
		"K": { "type": "block", "code": "game:knife-generic-*", "isTool": true, "toolDurabilityCost": 2 }
	},
	"width": 1,
	"height": 2,
	"output": { "type": "item", "code": "game:stick", "quantity": 4 }
	},

	{
	"ingredientPattern": "K,D",
	"ingredients": {
		"D": { "type": "block", "code": "game:flotsam-driftwood-4" },
		"K": { "type": "block", "code": "game:knife-generic-*", "isTool": true }
	},
	"width": 1,
	"height": 2,
	"output": { "type": "item", "code": "game:stick", "quantity": 1 }
	}
]
