[
  {
    "op": "add",
    "path": "/client/behaviors/-",
    "value": {
      "code": "EntityBehaviorElementalDamageModifiersRM"
    },
    "file": "game:entities/land/sheep-bighorn-female.json"
  },



  {
    "op": "add",
    "path": "/attributes/weaknessElement1RM",
    "value": "none",
    "file": "game:entities/land/sheep-bighorn-female.json"
  },
  {
    "op": "add",
    "path": "/attributes/weaknessAmount1RM",
    "value": 0,
    "file": "game:entities/land/sheep-bighorn-female.json"
  },

  {
    "op": "add",
    "path": "/attributes/resistanceElement1RM",
    "value": "nature",
    "file": "game:entities/land/sheep-bighorn-female.json"
  },
  {
    "op": "add",
    "path": "/attributes/resistanceAmount1RM",
    "value": 0.5,
    "file": "game:entities/land/sheep-bighorn-female.json"
  },

  {
    "op": "add",
    "path": "/attributes/strengthElement1RM",
    "value": "none",
    "file": "game:entities/land/sheep-bighorn-female.json"
  },
  {
    "op": "add",
    "path": "/attributes/strengthAmount1RM",
    "value": 0,
    "file": "game:entities/land/sheep-bighorn-female.json"
  }
]