[
  {
    "file": "rainfrogs:entities/land/rainfrog.json",
    "op": "addmerge",
    "path": "/attributesByType",
    "side": "Server",
    "value": {
      "*-macrops": {
        "biorealm": [
          "atlantic afrotropic"
        ]
      },
      "*-fuscus": {
        "biorealm": [
          "atlantic afrotropic",
          "eastern afrotropic"
        ]
      },
      "*-fichus": {
        "biorealm": [
          "eastern afrotropic"
        ]
      },
      "*-gibbosus": {
        "biorealm": [
          "atlantic afrotropic"
        ]
      },
      "*-acutirostris": {
        "biorealm": [
          "atlantic afrotropic"
        ]
      },
      "*-adspersus": {
        "biorealm": [
          "atlantic afrotropic",
          "eastern afrotropic"
        ]
      },
      "*-namaquensis": {
        "biorealm": [
          "atlantic afrotropic"
        ]
      },
      "*-sylvestris": {
        "biorealm": [
          "eastern afrotropic"
        ]
      },
      "*-bagginsi": {
        "biorealm": [
          "eastern afrotropic"
        ]
      },
      "*-carruthersi": {
        "biorealm": [
          "eastern afrotropic"
        ]
      },
      "*-rosei": {
        "biorealm": [
          "atlantic afrotropic"
        ]
      },
      "*-mossambicus": {
        "biorealm": [
          "eastern afrotropic"
        ]
      },
      "*-pentheri": {
        "biorealm": [
          "eastern afrotropic"
        ]
      },
      "*-montanus": {
        "biorealm": [
          "atlantic afrotropic"
        ]
      },
      "*-passmorei": {
        "biorealm": [
          "eastern afrotropic"
        ]
      },
      "*-poweri": {
        "biorealm": [
          "atlantic afrotropic",
          "eastern afrotropic"
        ]
      },
      "*-verrucosus": {
        "biorealm": [
          "eastern afrotropic"
        ]
      },
      "*-sopranus": {
        "biorealm": [
          "eastern afrotropic"
        ]
      },
      "*-ombelanonga": {
        "biorealm": [
          "atlantic afrotropic"
        ]
      }
    },
    "dependsOn": [
      {
        "modid": "rainfrogs"
      }
    ]
  }
]
