{
	"code": "crop",
	"class": "BlockCrop",
	"behaviors": [{"name": "Unstable"}],
	"variantgroups": [
		{ "code": "type", "states": ["agavetequilana"] },
		{ "code": "stage", "states": ["1", "2", "3", "4", "5", "6", "7", "8", "9"] },
	],
	"creativeinventory": { "general": [""], "plants": [""] },
	"renderpass": "OpaqueNoCull",
	"shape": { "base": "block/plant/crop/agavetequilana/stage{stage}" },
	"blockmaterial": "Plant",
	"randomizeRotations": true,
	"randomSizeAdjust": 0.025,
	"attributes": {
		"foodTagsByType": {
			"*-1": ["nibbleCrop"],
			"*-2": ["nibbleCrop"],
			"*-3": ["nibbleCrop"]
		},
		"butterflyFeed": false,
		"beeFeed": false,
		"tickGrowthProbability": 0.02,
		"handbook": {
			"include": true			
		}
	},
	"sideopaque": {
		"all": false
	},
	"sidesolid": {
		"all": false
	},
	"replaceable": 3000,
	"lightAbsorption": 0,
	"resistance": 0.5,
	"sounds": {
		"place": "game:block/plant",
		"break": "game:block/plant",
		"hit": "game:block/plant",
  	"inside": "game:walk/inside/leafy/bushrustle*"
	},
	"rainPermeable": false,
	"dropsByType": {
		"*-8": [
			{ "type": "item", "code": "floralzonescaribbeanregion:seeds-agavetequilana", "quantity": { "avg": 1.2 }  },
			{ "type": "item", "code": "floralzonescaribbeanregion:vegetable-agavetequilana", "quantity": { "avg": 1, "var": 0 }  },
		],
		"*-9": [
			{ "type": "item", "code": "floralzonescaribbeanregion:seeds-agavetequilana", "quantity": { "avg": 4.1 }  },
			{ "type": "item", "code": "floralzonescaribbeanregion:vegetable-agavetequilana", "quantity": { "avg": 1, "var": 0 }  },
		],
		"*": [
			{ "type": "item", "code": "floralzonescaribbeanregion:seeds-agavetequilana", "quantity": { "avg": 0.7 }  },
		]
	},
	"cropProps": {
		"requiredNutrient": "P",
		"nutrientConsumption": 25,
		"growthStages": 9,
		"totalGrowthMonths": 12,
		"coldDamageBelow": -4,
		"heatDamageAbove": 55,
	},
	"collisionBox": null,
	"selectionBoxByType": {
		"*-1": { "x1": 0.375, "y1": -0.0625, "z1": 0.375, "x2": 0.625, "y2": 0.125, "z2": 0.625 },
		"*-2": { "x1": 0.375, "y1": -0.0625, "z1": 0.375, "x2": 0.625, "y2": 0.25, "z2": 0.625 },
		"*-3": { "x1": 0.34, "y1": -0.0625, "z1": 0.34, "x2": 0.66, "y2": 0.375, "z2": 0.66 },
		"*-4": { "x1": 0.3125, "y1": -0.0625, "z1": 0.3125, "x2": 0.6875, "y2": 0.5, "z2": 0.6875 },
		"*-5": { "x1": 0.3125, "y1": -0.0625, "z1": 0.3125, "x2": 0.6875, "y2": 0.625, "z2": 0.6875 },
		"*-6": { "x1": 0.25, "y1": -0.0625, "z1": 0.25, "x2": 0.75, "y2": 0.75, "z2": 0.75 },
		"*-7": { "x1": 0.25, "y1": -0.0625, "z1": 0.25, "x2": 0.75, "y2": 0.9125, "z2": 0.75 },
		"*-8": { "x1": 0.25, "y1": -0.0625, "z1": 0.25, "x2": 0.75, "y2": 1.1, "z2": 0.75 },
		"*-9": { "x1": 0.22, "y1": -0.0625, "z1": 0.22, "x2": 0.78, "y2": 1.25, "z2": 0.78 }
	},
	"materialDensity": 300,
	"combustibleProps": {
		"burnTemperature": 600,
		"burnDuration": 10,
	}
}
