{
	"code": "flower",
	"class": "BlockPlant",
	"behaviors": [ { "name": "DropNotSnowCovered" } ],
	"variantgroups": [
		{ "code": "type", "states": ["agavechiapensis","heliconiacaribaea","heliconiarostrata","justiciaspicigera","pinguiculagigantea","salvialeucantha","tradescantiazebrina","turneraulmifolia"] },
		{ "code": "cover", "states": ["free", "snow"] }
	],
	"attributes": {
		"butterflyFeed": true,
		"beeFeed": true,
		"reinforcable": true,
		"plantContainable": {
			"smallContainerByType": {
				"*-agavechiapensis-*": {"shape": {"base": "block/plant/flower/agavechiapensis_var1"},"textures": {"agavechiapensis-leaf": { "base": "block/plant/flower/petal/agavechiapensis-leaf" }}},
				"*-justiciaspicigera-*": {"shape": {"base": "block/plant/flower/1patch-dense-shadeless-24x24"},"textures": {"north1": { "base": "block/plant/flower/petal/{type}" },"south1": { "base": "block/plant/flower/petal/{type}" },"flower2": { "base": "block/plant/flower/petal/{type}" }}},
				"*-pinguiculagigantea-*": {"shape": {"base": "block/plant/flower/pinguiculagigantea_var0"},"textures": {"flower": { "base": "block/plant/flower/petal/{type}" }}},
				"*-salvialeucantha-*": {"shape": {"base": "block/plant/flower/1patch-dense-shadeless-24x24"},"textures": {"north1": { "base": "block/plant/flower/petal/{type}" },"south1": { "base": "block/plant/flower/petal/{type}" },"flower2": { "base": "block/plant/flower/petal/{type}" }}},
				"*-tradescantiazebrina-*": {"shape": {"base": "block/plant/flower/tradescantiazebrina_var1"},"textures": {"flower": { "base": "block/plant/flower/petal/{type}" }}},
				"*-turneraulmifolia-*": {"shape": {"base": "block/plant/flower/1patch-3faces-shadeless-16x16"},"textures": {"north1": { "base": "block/plant/flower/petal/{type}" },"south1": { "base": "block/plant/flower/petal/{type}2" },"north3": { "base": "block/plant/flower/petal/{type}" }}}
			},
			"largeContainerByType": {
				"*-agavechiapensis-*": {"shape": {"base": "block/plant/flower/agavechiapensis_var0"},"textures": {"agavechiapensis-stem": { "base": "block/plant/flower/petal/agavechiapensis-flower" },"agavechiapensis-center": { "base": "block/plant/flower/petal/agavechiapensis-center" },"agavechiapensis-leaf": { "base": "block/plant/flower/petal/agavechiapensis-leaf" }}},
				"*-heliconiacaribaea-*": {"shape": {"base": "block/plant/flower/heliconiacaribaea_var0"},"textures": {"flower": { "base": "block/plant/flower/petal/heliconiacaribaea*" },"leaf": { "base": "block/plant/flower/petal/heliconiarostrata-leaf" }}},
				"*-heliconiarostrata-*": {"shape": {"base": "block/plant/flower/heliconiarostrata_var0"},"textures": {"flower": { "base": "block/plant/flower/petal/heliconiarostrata-flower" },"leaf": { "base": "block/plant/flower/petal/heliconiarostrata-leaf" }}},
				"*-justiciaspicigera-*": {"shape": {"base": "block/plant/flower/1patch-dense-shadeless-24x24"},"textures": {"north1": { "base": "block/plant/flower/petal/{type}" },"south1": { "base": "block/plant/flower/petal/{type}" },"flower2": { "base": "block/plant/flower/petal/{type}" }}},
				"*-pinguiculagigantea-*": {"shape": {"base": "block/plant/flower/pinguiculagigantea_var0"},"textures": {"flower": { "base": "block/plant/flower/petal/{type}" }}},
				"*-salvialeucantha-*": {"shape": {"base": "block/plant/flower/1patch-dense-shadeless-24x24"},"textures": {"north1": { "base": "block/plant/flower/petal/{type}" },"south1": { "base": "block/plant/flower/petal/{type}" },"flower2": { "base": "block/plant/flower/petal/{type}" }}},
				"*-tradescantiazebrina-*": {"shape": {"base": "block/plant/flower/tradescantiazebrina_var1"},"textures": {"flower": { "base": "block/plant/flower/petal/{type}" }}},
				"*-turneraulmifolia-*": {"shape": {"base": "block/plant/flower/1patch-3faces-shadeless-16x16"},"textures": {"north1": { "base": "block/plant/flower/petal/{type}2" },"north2": { "base": "block/plant/flower/petal/{type}" },"north3": { "base": "block/plant/flower/petal/{type}" }}}
			}
		}
	},
	"creativeinventory": { "general": ["*-free"], "flora": ["*-free"] },
	"renderpass": "OpaqueNoCull",
	"drawtypeByType": {
		"*-snow": "JSONAndSnowLayer",
		"*": "JSON"
	},
	"shapeByType": {
		"*-agavechiapensis-*":{"base": "block/plant/flower/agavechiapensis_var0", "alternates": [ { "base": "block/plant/flower/agavechiapensis_var1" },{ "base": "block/plant/flower/agavechiapensis_var1" },{ "base": "block/plant/flower/agavechiapensis_var1" } ] },
		"*-heliconiacaribaea-*":{"base": "block/plant/flower/heliconiacaribaea_var0", "alternates": [ { "base": "block/plant/flower/heliconiacaribaea_var1" },{ "base": "block/plant/flower/heliconiacaribaea_var2" },{ "base": "block/plant/flower/heliconiacaribaea_var3" } ] },
		"*-heliconiarostrata-*":{"base": "block/plant/flower/heliconiarostrata_var0", "alternates": [ { "base": "block/plant/flower/heliconiarostrata_var1" },{ "base": "block/plant/flower/heliconiarostrata_var2" },{ "base": "block/plant/flower/heliconiarostrata_var3" } ] },
		"@.*-(justiciaspicigera|salvialeucantha)-.*":{"base": "block/plant/flower/1patch-dense-shadeless-24x24"},
		"*-pinguiculagigantea-*":{"base": "block/plant/flower/pinguiculagigantea_var0", "alternates": [ { "base": "block/plant/flower/pinguiculagigantea_var1" } ] },
		"*-tradescantiazebrina-*":{"base": "block/plant/flower/tradescantiazebrina_var0" },
		"*-turneraulmifolia-*":{"base": "block/plant/flower/1patch-3faces-shadeless-16x16", "alternates": [ { "base": "block/plant/flower/1patch-dense-shadeless-16x16" } ]  }

	},
	"randomDrawOffset": true,
	"texturesByType": {
		"*-agavechiapensis-*": {
		 "agavechiapensis-stem": { "base": "block/plant/flower/petal/agavechiapensis-stem" },
		 "agavechiapensis-center": { "base": "block/plant/flower/petal/agavechiapensis-center" },
		 "agavechiapensis-leaf": { "base": "block/plant/flower/petal/agavechiapensis-leaf" }
		},
		"*-heliconiacaribaea-*": {
		 "flower": { "base": "block/plant/flower/petal/heliconiacaribaea1", "alternates": [ { "base": "block/plant/flower/petal/heliconiacaribaea2" } ] },
		 "leaf": { "base": "block/plant/flower/petal/heliconiarostrata-leaf" }
		},
		"*-heliconiarostrata-*": {
		 "flower": { "base": "block/plant/flower/petal/heliconiarostrata-flower" },
		 "leaf": { "base": "block/plant/flower/petal/heliconiarostrata-leaf" }
		},
		"@.*-(justiciaspicigera|salvialeucantha)-.*": {
		 "north1": { "base": "block/plant/flower/petal/{type}" },
		 "south1": { "base": "block/plant/flower/petal/{type}" },
		 "flower2": { "base": "block/plant/flower/petal/{type}" }
		},
		"@.*-(pinguiculagigantea|tradescantiazebrina)-.*": {
			"flower": { "base": "block/plant/flower/petal/{type}" }
		},
		"@.*-(turneraulmifolia)-.*": {
			"north1": { "base": "block/plant/flower/petal/{type}2" },
			"north2": { "base": "block/plant/flower/petal/{type}" },
			"north3": { "base": "block/plant/flower/petal/{type}" }
		}

		
	},
	"randomizeRotations": true,
	"randomSizeAdjust": 0.1,
	"blockmaterialByType": {
		"*-free": "Plant",
		"*": "Snow"
	},
	"faceCullModeByType": {
		"*-free": "Default",
		"*": "MergeSnowLayer"
	},
	"sideopaqueByType": {
		"*-snow": { "all": false, "down": true },
		"*": { "all": false }
	},
	"sidesolid": {
		"all": false
	},
	"replaceable": 3000,
	"lightAbsorption": 0,
	"resistance": 0.5,
	"collisionbox": null,
	"selectionbox": {
		"x1": 0.125, "y1": 0, "z1": 0.125,
		"x2": 0.875, "y2": 0.25, "z2": 0.875
	},
	"sounds": {
		"place": "game:block/plant",
		"break": "game:block/plant",
		"hit": "game:block/plant"
	},
	"rainPermeable": false,
	"materialDensity": 200,
	"combustibleProps": {
		"burnTemperature": 600,
		"burnDuration": 10
	},
	"frostable": true,
	"guiTransformByType": {
		"*-heliconiacaribaea-*": { "origin": { "x": 0.5, "y": 1.5, "z": 0.5},"scale": 0.3},
		"*-heliconiarostrata-*": { "origin": { "x": 0.5, "y": 1.05, "z": 0.5},"scale": 0.5},
		"@.*-(justiciaspicigera|salvialeucantha)-.*": { "origin": { "x": 0.5, "y": 0.55, "z": 0.5},"scale": 0.75},
		"*": { "scale": 1.5}
	}
}