{
  "classexpmult": {
    "commoner": 0.1,
    "hunter": 0.15,
    "malefactor": 0.05,
    "clockmaker": 0.0,
    "blackguard": -0.15,
    "miner": -0.15,
    "forager": 0.2,
    "archer": 0.1,
    "vanguard": -0.2,
    "gatherer": 0.2,
    "mercenary": -0.1
  },
  "fastfood": {
    "requirements": [
      {
        "code": "ability",
        "minimumTier": 3,
        "skill": "cooking",
        "ability": "chef",
        "requiredTier": 1
      }
    ]
  },
  "dilution": {
    "requirements": [
      {
        "code": "ability",
        "minimumTier": 3,
        "skill": "cooking",
        "ability": "chef",
        "requiredTier": 1
      }
    ]
  },
  "welldone": {
    "requirements": [
      {
        "code": "ability",
        "minimumTier": 3,
        "skill": "cooking",
        "ability": "chef",
        "requiredTier": 1
      }
    ]
  },
  "desalinate": {
    "requirements": [
      {
        "code": "ability",
        "minimumTier": 3,
        "skill": "cooking",
        "ability": "chef",
        "requiredTier": 1
      },
      {
        "code": "skill",
        "minimumTier": 2,
        "skill": "cooking",
        "requiredLevel": 5
      }
    ]
  },
  "gourmet": {
    "requirements": [
      {
        "code": "ability",
        "minimumTier": 2,
        "skill": "cooking",
        "ability": "chef",
        "requiredTier": 1
      }
    ]
  },
  "happymeal": {
    "requirements": [
      {
        "code": "ability",
        "minimumTier": 3,
        "skill": "cooking",
        "ability": "chef",
        "requiredTier": 1
      }
    ]
  }
}