{
  "classexpmult": {
    "commoner": 0.1,
    "miner": 0.2,
    "archer": -0.2,
    "hunter": -0.15,
    "malefactor": 0.1,
    "clockmaker": -0.15,
    "blackguard": 0.1,
    "forager": 0.15,
    "vanguard": -0.05,
    "gatherer": 0.15,
    "mercenary": -0.05
  },
  "claydigger": {
    "requirements": [
      {
        "code": "ability",
        "minimumTier": 3,
        "skill": "digging",
        "ability": "digger",
        "requiredTier": 1
      },
      {
        "code": "exclusiveAbility",
        "minimumTier": 3,
        "skill": "digging",
        "ability": "peatcutter",
        "exclusiveTier": 3
      },
      {
        "code": "exclusiveAbility",
        "minimumTier": 3,
        "skill": "digging",
        "ability": "saltpeterdigger",
        "exclusiveTier": 3
      }
    ]
  },
  "peatcutter": {
    "requirements": [
      {
        "code": "ability",
        "minimumTier": 3,
        "skill": "digging",
        "ability": "digger",
        "requiredTier": 1
      },
      {
        "code": "exclusiveAbility",
        "minimumTier": 3,
        "skill": "digging",
        "ability": "claydigger",
        "exclusiveTier": 3
      },
      {
        "code": "exclusiveAbility",
        "minimumTier": 3,
        "skill": "digging",
        "ability": "saltpeterdigger",
        "exclusiveTier": 3
      }
    ]
  },
  "saltpeterdigger": {
    "requirements": [
      {
        "code": "ability",
        "minimumTier": 3,
        "skill": "digging",
        "ability": "digger",
        "requiredTier": 1
      },
      {
        "code": "exclusiveAbility",
        "minimumTier": 3,
        "skill": "digging",
        "ability": "claydigger",
        "exclusiveTier": 3
      },
      {
        "code": "exclusiveAbility",
        "minimumTier": 3,
        "skill": "digging",
        "ability": "peatcutter",
        "exclusiveTier": 3
      }
    ]
  },
  "shovelexpert": {
    "requirements": [
      {
        "code": "ability",
        "minimumTier": 3,
        "skill": "digging",
        "ability": "digger",
        "requiredTier": 1
      }
    ]
  },
  "carefuldigger": {
    "requirements": [
      {
        "code": "ability",
        "minimumTier": 3,
        "skill": "digging",
        "ability": "digger",
        "requiredTier": 1
      }
    ]
  },
  "mixedclay": {
    "requirements": [
      {
        "code": "ability",
        "minimumTier": 1,
        "skill": "digging",
        "ability": "claydigger",
        "requiredTier": 1
      }
    ]
  },
  "scrapspecialist": {
    "requirements": [
      {
        "code": "ability",
        "minimumTier": 2,
        "skill": "digging",
        "ability": "digger",
        "requiredTier": 1
      },
      {
        "code": "ability",
        "minimumTier": 1,
        "skill": "digging",
        "ability": "scrapdetector",
        "requiredTier": 2
      }
    ]
  }
}
