{
  "classexpmult": {
    "commoner": 0.1,
    "forager": 0.2,
    "hunter": 0.1,
    "malefactor": -0.2,
    "clockmaker": -0.15,
    "blackguard": -0.05,
    "miner": 0.1,
    "archer": 0.15,
    "vanguard": -0.15,
    "gatherer": 0.2,
    "mercenary": -0.15
  },
  "lumberjack": {
    "requirements": [
      {
        "code": "ability",
        "minimumTier": 3,
        "skill": "forestry",
        "ability": "forester",
        "requiredTier": 1
      }
    ]
  },
  "treenursery": {
    "requirements": [
      {
        "code": "ability",
        "minimumTier": 3,
        "skill": "forestry",
        "ability": "forester",
        "requiredTier": 1
      },
      {
        "code": "ability",
        "minimumTier": 1,
        "skill": "forestry",
        "ability": "afforestation",
        "requiredTier": 1
      }
    ]
  },
  "axeexpert": {
    "requirements": [
      {
        "code": "ability",
        "minimumTier": 3,
        "skill": "forestry",
        "ability": "forester",
        "requiredTier": 1
      }
    ]
  },
  "carefullumberjack": {
    "requirements": [
      {
        "code": "ability",
        "minimumTier": 3,
        "skill": "forestry",
        "ability": "forester",
        "requiredTier": 1
      }
    ]
  },
  "charcoalburner": {
    "requirements": [
      {
        "code": "ability",
        "minimumTier": 3,
        "skill": "forestry",
        "ability": "forester",
        "requiredTier": 1
      }
    ]
  },
  "grafter": {
    "requirements": [
      {
        "code": "skill",
        "minimumTier": 1,
        "skill": "farming",
        "requiredLevel": 4
      },
      {
        "code": "skill",
        "minimumTier": 2,
        "skill": "forestry",
        "requiredLevel": 10
      },
      {
        "code": "skill",
        "minimumTier": 2,
        "skill": "farming",
        "requiredLevel": 6
      }
    ]
  },
  "resinextractor": {
    "requirements": [
      {
        "code": "ability",
        "minimumTier": 1,
        "skill": "forestry",
        "ability": "forester",
        "requiredTier": 1
      },
      {
        "code": "ability",
        "minimumTier": 1,
        "skill": "forestry",
        "ability": "resinfarmer",
        "requiredTier": 1
      }
    ]
  }
}