{
  "classexpmult": {
    "commoner": 0.1,
    "blackguard": -0.2,
    "hunter": 0.15,
    "malefactor": 0.05,
    "clockmaker": 0.2,
    "miner": -0.15,
    "forager": -0.05,
    "archer": 0.1,
    "vanguard": -0.1,
    "gatherer": -0.05,
    "mercenary": -0.1
  },
  "layerlayer": {
    "requirements": [
      {
        "code": "ability",
        "minimumTier": 3,
        "skill": "pottery",
        "ability": "potter",
        "requiredTier": 1
      }
    ]
  },
  "fastpotter": {
    "requirements": [
      {
        "code": "ability",
        "minimumTier": 3,
        "skill": "pottery",
        "ability": "potter",
        "requiredTier": 1
      }
    ]
  },
  "jackpot": {
    "requirements": [
      {
        "code": "ability",
        "minimumTier": 3,
        "skill": "pottery",
        "ability": "potter",
        "requiredTier": 1
      }
    ]
  },
  "infallible": {
    "requirements": [
      {
        "code": "ability",
        "minimumTier": 1,
        "skill": "pottery",
        "ability": "perfectfit",
        "requiredTier": 1
      },
      {
        "code": "ability",
        "minimumTier": 1,
        "skill": "pottery",
        "ability": "perfectionist",
        "requiredTier": 1
      },
      {
        "code": "ability",
        "minimumTier": 2,
        "skill": "pottery",
        "ability": "potter",
        "requiredTier": 1
      },
      {
        "code": "ability",
        "minimumTier": 2,
        "skill": "pottery",
        "ability": "layerlayer",
        "requiredTier": 2
      },
      {
        "code": "skill",
        "minimumTier": 2,
        "skill": "pottery",
        "requiredLevel": 8
      }
    ]
  },
  "inspiration": {
    "requirements": [
      {
        "code": "ability",
        "minimumTier": 1,
        "skill": "pottery",
        "ability": "potter",
        "requiredTier": 1
      }
    ]
  }
}