{
	"editor": {
		"allAngles": false,
		"entityTextureMode": false
	},
	"textureWidth": 8,
	"textureHeight": 4,
	"textureSizes": {
		"harrisiaportoricensis": [8,4]
	},
	"textures": {
		"harrisiaportoricensis": "item/resource/harrisiaportoricensis"
	},
	"elements": [
		{
			"name": "origin",
			"from": [ 8.0, 0.0, 8.0 ],
			"to": [ 8.0, 0.0, 8.0 ],
			"rotationOrigin": [ 8.0, 0.0, 8.0 ],
			"faces": {
			},
			"children": [
				{
					"name": "apple-main",
					"from": [ -2.0, 0.5, -2.0 ],
					"to": [ 2.0, 3.5, 2.0 ],
					"rotationOrigin": [ 0.0, 2.5, 0.0 ],
					"rotationY": -45.0,
					"faces": {
						"north": { "texture": "#harrisiaportoricensis", "uv": [ 4.0, 1.0, 8.0, 4.0 ] },
						"east": { "texture": "#harrisiaportoricensis", "uv": [ 4.0, 1.0, 8.0, 4.0 ], "rotation": 180 },
						"south": { "texture": "#harrisiaportoricensis", "uv": [ 4.0, 1.0, 8.0, 4.0 ] },
						"west": { "texture": "#harrisiaportoricensis", "uv": [ 4.0, 1.0, 8.0, 4.0 ], "rotation": 180 },
						"up": { "texture": "#harrisiaportoricensis", "uv": [ 0.0, 0.0, 4.0, 4.0 ] },
						"down": { "texture": "#harrisiaportoricensis", "uv": [ 0.0, 0.0, 4.0, 4.0 ] }
					},
					"children": [
						{
							"name": "apple-top",
							"from": [ 0.5, 3.0, 0.5 ],
							"to": [ 3.5, 3.5, 3.5 ],
							"rotationOrigin": [ 2.0, 3.0, 2.0 ],
							"faces": {
								"north": { "texture": "#harrisiaportoricensis", "uv": [ 4.5, 1.0, 7.5, 1.5 ] },
								"east": { "texture": "#harrisiaportoricensis", "uv": [ 0.5, 0.0, 3.5, 0.5 ], "windMode": [-1,-1,-1,-1] },
								"south": { "texture": "#harrisiaportoricensis", "uv": [ 5.0, 1.0, 8.0, 1.5 ], "windMode": [-1,-1,-1,-1] },
								"west": { "texture": "#harrisiaportoricensis", "uv": [ 1.0, 0.0, 4.0, 0.5 ], "windMode": [-1,-1,-1,-1] },
								"up": { "texture": "#harrisiaportoricensis", "uv": [ 5.0, 1.0, 8.0, 4.0 ], "windMode": [-1,-1,-1,-1] }
							}
						},
						{
							"name": "apple-down",
							"from": [ 0.5, -0.5, 0.5 ],
							"to": [ 3.5, 0.0, 3.5 ],
							"rotationOrigin": [ 2.0, -0.5, 2.0 ],
							"faces": {
								"north": { "texture": "#harrisiaportoricensis", "uv": [ 5.0, 1.0, 8.0, 1.5 ] },
								"east": { "texture": "#harrisiaportoricensis", "uv": [ 0.5, 0.5, 3.5, 1.0 ], "windMode": [-1,-1,-1,-1] },
								"south": { "texture": "#harrisiaportoricensis", "uv": [ 4.5, 1.0, 7.5, 1.5 ], "windMode": [-1,-1,-1,-1] },
								"west": { "texture": "#harrisiaportoricensis", "uv": [ 3.5, 1.0, 6.5, 1.5 ], "windMode": [-1,-1,-1,-1] },
								"down": { "texture": "#harrisiaportoricensis", "uv": [ 4.0, 1.0, 7.0, 4.0 ] }
							}
						}
					]
				},
				{
					"name": "apple-stem",
					"from": [ 0.0, 3.8, -0.4243 ],
					"to": [ 0.5, 6.8, 0.0757 ],
					"rotationOrigin": [ 0.0, 3.8, -0.4243 ],
					"rotationX": -14.0,
					"rotationY": -45.0,
					"rotationZ": 10.0,
					"faces": {
						"north": { "texture": "#harrisiaportoricensis", "uv": [ 4.5, 0.0, 7.5, 0.5 ], "rotation": 90 },
						"east": { "texture": "#harrisiaportoricensis", "uv": [ 4.0, 0.0, 7.0, 0.5 ], "rotation": 90, "windMode": [-1,-1,-1,-1] },
						"south": { "texture": "#harrisiaportoricensis", "uv": [ 5.0, 0.0, 8.0, 0.5 ], "rotation": 90, "windMode": [-1,-1,-1,-1] },
						"west": { "texture": "#harrisiaportoricensis", "uv": [ 4.5, 0.0, 7.5, 0.5 ], "rotation": 90, "windMode": [-1,-1,-1,-1] },
						"up": { "texture": "#harrisiaportoricensis", "uv": [ 6.0, 0.0, 6.5, 0.5 ], "windMode": [-1,-1,-1,-1] }
					}
				}
			]
		}
	]}