{
	"editor": {
		"collapsedPaths": "Root/origin/handle1/hilt1,Root/origin/blademiddle1/blade1S,Root/origin/blademiddle1/fuller1S,Root/origin/blademiddle1/fuller1N,Root/origin/blademiddle1/blade1N,Root/origin/Ricasso/Central Band,Root/origin/hilt/blademiddle1,Root/origin/handle/hilt,Root/origin/blademiddle1/blade1S/blade2S,Root/origin/blademiddle1/blade1N/blade2N",
		"allAngles": false,
		"entityTextureMode": false
	},
	"textureWidth": 16,
	"textureHeight": 16,
	"textureSizes": {
		"metal": [16,16],
		"wood": [16,16],
		"handle": [16,16]
	},
	"textures": {
	},
	"elements": [
		{
			"name": "origin",
			"from": [ 8.0, 0.0, 8.0 ],
			"to": [ 8.0, 0.0, 8.0 ],
			"rotationOrigin": [ 8.0, 0.0, 8.0 ],
			"faces": {
			},
			"children": [
				{
					"name": "handle1",
					"from": [ -7.7, -0.51, -0.75 ],
					"to": [ 0.3, 0.59, 0.35 ],
					"rotationOrigin": [ -3.7, 0.2, 0.0 ],
					"faces": {
						"north": { "texture": "#handle", "uv": [ 6.5, 6.0, 14.5, 7.0 ] },
						"south": { "texture": "#handle", "uv": [ 2.0, 14.0, 10.0, 15.0 ] },
						"west": { "texture": "#handle", "uv": [ 10.5, 3.5, 11.5, 4.5 ], "windMode": [-1,-1,-1,-1] },
						"up": { "texture": "#handle", "uv": [ 3.5, 6.5, 11.5, 7.5 ] },
						"down": { "texture": "#handle", "uv": [ 10.5, 9.5, 18.5, 10.5 ] }
					},
					"children": [
						{
							"name": "pommel",
							"from": [ -0.8, -0.4, -0.25 ],
							"to": [ 0.8, 1.2, 1.35 ],
							"rotationOrigin": [ 1.2, 0.5, 0.75 ],
							"rotationX": 45.0,
							"faces": {
								"north": { "texture": "#brass", "uv": [ 2.5, 2.0, 4.0, 3.5 ] },
								"east": { "texture": "#brass", "uv": [ 14.0, 0.5, 15.5, 2.0 ] },
								"south": { "texture": "#brass", "uv": [ 13.5, 1.0, 15.0, 2.5 ] },
								"west": { "texture": "#brass", "uv": [ 9.5, 11.5, 11.0, 13.0 ] },
								"up": { "texture": "#brass", "uv": [ 1.5, 2.0, 3.0, 3.5 ] },
								"down": { "texture": "#brass", "uv": [ 7.5, 9.0, 9.0, 10.5 ] }
							},
							"children": [
								{
									"name": "pommelcap",
									"from": [ -0.3, 0.4479, 0.4207 ],
									"to": [ 0.1, 1.2479, 1.2207 ],
									"rotationOrigin": [ 0.2, 0.8293, 0.8707 ],
									"rotationX": -45.0,
									"faces": {
										"north": { "texture": "#brass", "uv": [ 11.0, 9.0, 11.5, 9.5 ] },
										"south": { "texture": "#brass", "uv": [ 7.5, 5.5, 8.0, 6.0 ] },
										"west": { "texture": "#brass", "uv": [ 0.0, 13.5, 0.5, 14.0 ] },
										"up": { "texture": "#brass", "uv": [ 13.5, 10.0, 14.0, 10.5 ] },
										"down": { "texture": "#brass", "uv": [ 4.5, 13.5, 5.0, 14.0 ] }
									}
								}
							]
						}
					]
				},
				{
					"name": "hilt1",
					"from": [ 0.3, -1.7, -2.25 ],
					"to": [ 0.8, 1.8, 1.75 ],
					"rotationOrigin": [ 0.3, -0.75, 0.0 ],
					"faces": {
						"north": { "texture": "#brass", "uv": [ 7.5, 9.0, 8.0, 12.5 ] },
						"east": { "texture": "#brass", "uv": [ 3.0, 10.5, 7.0, 14.0 ] },
						"south": { "texture": "#brass", "uv": [ 11.0, 1.0, 11.5, 4.5 ] },
						"west": { "texture": "#brass", "uv": [ 9.0, 0.5, 13.0, 4.0 ] },
						"up": { "texture": "#brass", "uv": [ 3.0, 9.0, 3.5, 13.0 ] },
						"down": { "texture": "#brass", "uv": [ 11.5, 2.5, 12.0, 6.5 ] }
					}
				},
				{
					"name": "handguard",
					"from": [ 0.2, -0.25, -4.43 ],
					"to": [ 0.7, 0.25, -2.43 ],
					"rotationOrigin": [ 1.2001, 0.0, -2.4286 ],
					"rotationY": 35.0,
					"faces": {
						"north": { "texture": "#brass", "uv": [ 9.0, 9.5, 9.5, 10.0 ] },
						"east": { "texture": "#brass", "uv": [ 9.5, 3.0, 11.5, 3.5 ] },
						"west": { "texture": "#brass", "uv": [ 13.0, 13.0, 15.0, 13.5 ] },
						"up": { "texture": "#brass", "uv": [ 8.0, 10.0, 8.5, 12.0 ] },
						"down": { "texture": "#brass", "uv": [ 3.0, 0.5, 3.5, 2.5 ] }
					},
					"children": [
						{
							"name": "handguard1",
							"from": [ -0.05, 0.03, -2.17 ],
							"to": [ 0.45, 0.48, -0.17 ],
							"rotationOrigin": [ 0.9, 0.75, -0.2 ],
							"rotationY": 22.5,
							"faces": {
								"north": { "texture": "#brass", "uv": [ 0.5, 9.0, 1.0, 9.5 ] },
								"east": { "texture": "#brass", "uv": [ 3.0, 11.0, 5.0, 11.5 ], "windMode": [-1,-1,-1,-1] },
								"west": { "texture": "#brass", "uv": [ 3.5, 1.0, 5.5, 1.5 ] },
								"up": { "texture": "#brass", "uv": [ 6.5, 1.0, 7.0, 3.0 ] },
								"down": { "texture": "#brass", "uv": [ 4.0, 4.5, 4.5, 6.5 ] }
							},
							"children": [
								{
									"name": "handguard2",
									"from": [ -0.1, 0.015, -2.3 ],
									"to": [ 0.4, 0.435, -0.24 ],
									"rotationOrigin": [ 0.9, 0.75, -0.3 ],
									"rotationY": 30.0,
									"faces": {
										"north": { "texture": "#brass", "uv": [ 14.5, 0.5, 15.0, 1.0 ] },
										"east": { "texture": "#brass", "uv": [ 1.0, 2.0, 3.0, 2.5 ] },
										"west": { "texture": "#brass", "uv": [ 8.5, 1.5, 10.5, 2.0 ] },
										"up": { "texture": "#brass", "uv": [ 3.0, 12.0, 3.5, 14.0 ] },
										"down": { "texture": "#brass", "uv": [ 10.0, 12.5, 10.5, 14.5 ] }
									},
									"children": [
										{
											"name": "handguard3",
											"from": [ -0.07, 0.01, -2.3 ],
											"to": [ 0.43, 0.41, -0.23 ],
											"rotationOrigin": [ 0.9331, 0.73, -0.2297 ],
											"rotationY": 29.0,
											"faces": {
												"north": { "texture": "#brass", "uv": [ 0.5, 9.0, 1.0, 9.5 ] },
												"east": { "texture": "#brass", "uv": [ 3.0, 11.0, 5.0, 11.5 ] },
												"west": { "texture": "#brass", "uv": [ 3.5, 1.0, 5.5, 1.5 ] },
												"up": { "texture": "#brass", "uv": [ 6.5, 1.0, 7.0, 3.0 ] },
												"down": { "texture": "#brass", "uv": [ 4.0, 4.5, 4.5, 6.5 ] }
											},
											"children": [
												{
													"name": "handguard4",
													"from": [ -2.0732, 0.005, -3.6191 ],
													"to": [ -1.5732, 0.385, -1.2191 ],
													"rotationOrigin": [ -1.0848, 0.74, -1.5968 ],
													"rotationX": -180.0,
													"rotationY": -18.5,
													"rotationZ": -180.0,
													"faces": {
														"north": { "texture": "#brass", "uv": [ 0.5, 9.0, 1.0, 9.5 ] },
														"east": { "texture": "#brass", "uv": [ 3.0, 11.0, 5.0, 11.5 ] },
														"west": { "texture": "#brass", "uv": [ 3.5, 1.0, 5.5, 1.5 ] },
														"up": { "texture": "#brass", "uv": [ 6.5, 1.0, 7.0, 3.0 ] },
														"down": { "texture": "#brass", "uv": [ 4.0, 4.5, 4.5, 6.5 ] }
													},
													"children": [
														{
															"name": "handguarddeco",
															"from": [ -0.05, -0.1, 2.4 ],
															"to": [ 0.55, 0.5, 3.0 ],
															"rotationOrigin": [ 0.7884, 0.635, 4.4224 ],
															"faces": {
																"north": { "texture": "#brass", "uv": [ 0.5, 9.0, 1.0, 9.5 ], "windMode": [-1,-1,-1,-1] },
																"east": { "texture": "#brass", "uv": [ 3.0, 11.0, 3.5, 11.5 ], "windMode": [-1,-1,-1,-1] },
																"south": { "texture": "#brass", "uv": [ 0.0, 0.0, 0.5, 0.5 ], "windMode": [-1,-1,-1,-1] },
																"west": { "texture": "#brass", "uv": [ 3.5, 1.0, 4.0, 1.5 ] },
																"up": { "texture": "#brass", "uv": [ 6.5, 1.0, 7.0, 1.5 ] },
																"down": { "texture": "#brass", "uv": [ 4.0, 4.5, 4.5, 5.0 ] }
															}
														}
													]
												}
											]
										}
									]
								}
							]
						}
					]
				},
				{
					"name": "hilt2S",
					"from": [ 0.3, -0.25, 1.74 ],
					"to": [ 0.8, 0.25, 3.24 ],
					"rotationOrigin": [ 0.2961, 0.45, 1.7414 ],
					"rotationY": 35.0,
					"faces": {
						"east": { "texture": "#brass", "uv": [ 4.5, 12.0, 6.0, 12.5 ] },
						"south": { "texture": "#brass", "uv": [ 11.5, 7.5, 12.0, 8.0 ] },
						"west": { "texture": "#brass", "uv": [ 12.0, 1.0, 13.5, 1.5 ] },
						"up": { "texture": "#brass", "uv": [ 0.5, 1.5, 1.0, 3.0 ] },
						"down": { "texture": "#brass", "uv": [ 10.0, 12.0, 10.5, 13.5 ] }
					},
					"children": [
						{
							"name": "hilt3S",
							"from": [ 0.0, 0.05, 1.5 ],
							"to": [ 0.4, 0.45, 3.5 ],
							"rotationOrigin": [ 0.0, 0.9, 1.5 ],
							"rotationY": 30.0,
							"faces": {
								"east": { "texture": "#brass", "uv": [ 8.5, 4.5, 10.5, 5.0 ] },
								"south": { "texture": "#brass", "uv": [ 3.5, 2.5, 4.0, 3.0 ] },
								"west": { "texture": "#brass", "uv": [ 5.5, 8.5, 7.5, 9.0 ] },
								"up": { "texture": "#brass", "uv": [ 7.0, 10.0, 7.5, 12.0 ] },
								"down": { "texture": "#brass", "uv": [ 13.0, 9.0, 13.5, 11.0 ] }
							},
							"children": [
								{
									"name": "hill4S",
									"from": [ 0.0, 0.05, 2.0 ],
									"to": [ 0.3, 0.35, 3.5 ],
									"rotationOrigin": [ 0.0, 0.7, 2.0 ],
									"rotationY": 22.5,
									"faces": {
										"east": { "texture": "#brass", "uv": [ 0.0, 13.5, 1.5, 14.0 ] },
										"south": { "texture": "#brass", "uv": [ 9.5, 2.0, 10.0, 2.5 ] },
										"west": { "texture": "#brass", "uv": [ 4.0, 4.5, 5.5, 5.0 ] },
										"up": { "texture": "#brass", "uv": [ 8.5, 12.5, 9.0, 14.0 ] },
										"down": { "texture": "#brass", "uv": [ 14.0, 11.0, 14.5, 12.5 ] }
									}
								}
							]
						}
					]
				},
				{
					"name": "tang",
					"from": [ -4.26, -0.027, -0.35 ],
					"to": [ 1.74, 0.093, 0.15 ],
					"rotationOrigin": [ -4.2612, 0.1375, -0.572 ],
					"faces": {
						"north": { "texture": "#metal", "uv": [ 0.0, 6.5, 6.0, 7.0 ] },
						"east": { "texture": "#metal", "uv": [ 8.5, 0.5, 9.0, 1.0 ] },
						"south": { "texture": "#metal", "uv": [ 0.0, 8.5, 6.0, 9.0 ] },
						"west": { "texture": "#metal", "uv": [ 0.0, 0.0, 0.5, 0.5 ], "windMode": [-1,-1,-1,-1] },
						"up": { "texture": "#metal", "uv": [ 0.0, 4.5, 6.0, 5.0 ] },
						"down": { "texture": "#metal", "uv": [ 0.0, 8.0, 6.0, 8.5 ] }
					}
				},
				{
					"name": "ricasso",
					"from": [ 0.8, -0.05, -0.5 ],
					"to": [ 2.8, 0.1, 0.25 ],
					"rotationOrigin": [ 0.7995, 0.0375, -0.4963 ],
					"faces": {
						"north": { "texture": "#metal", "uv": [ 2.5, 8.5, 4.5, 9.0 ], "windMode": [-1,-1,-1,-1] },
						"east": { "texture": "#metal", "uv": [ 0.0, 0.0, 0.5, 0.5 ], "windMode": [-1,-1,-1,-1] },
						"south": { "texture": "#metal", "uv": [ 0.0, 0.0, 2.0, 0.5 ], "windMode": [-1,-1,-1,-1] },
						"west": { "texture": "#metal", "uv": [ 7.5, 9.0, 8.0, 9.5 ], "windMode": [-1,-1,-1,-1] },
						"up": { "texture": "#metal", "uv": [ 1.0, 5.0, 3.0, 5.5 ], "windMode": [-1,-1,-1,-1] },
						"down": { "texture": "#metal", "uv": [ 1.0, 11.0, 3.0, 11.5 ] }
					},
					"children": [
						{
							"name": "blade2",
							"from": [ 2.0, 0.01, 0.1 ],
							"to": [ 22.0, 0.16, 0.65 ],
							"rotationOrigin": [ 2.0, 0.075, 0.1 ],
							"faces": {
								"north": { "texture": "#metal", "uv": [ 2.5, 2.5, 22.5, 3.0 ] },
								"east": { "texture": "#metal", "uv": [ 3.5, 1.0, 4.0, 1.5 ], "windMode": [-1,-1,-1,-1] },
								"south": { "texture": "#metal", "uv": [ 0.0, 0.0, 20.0, 0.5 ], "windMode": [-1,-1,-1,-1] },
								"up": { "texture": "#metal", "uv": [ 2.5, 12.5, 22.5, 13.0 ] },
								"down": { "texture": "#metal", "uv": [ 0.5, 13.5, 20.5, 14.0 ] }
							},
							"children": [
								{
									"name": "blade3",
									"from": [ 20.0, -0.0075, 0.1 ],
									"to": [ 22.0, 0.1425, 0.45 ],
									"rotationOrigin": [ 20.0, 0.075, 0.1 ],
									"faces": {
										"north": { "texture": "#metal", "uv": [ 0.5, 5.0, 2.5, 5.5 ] },
										"east": { "texture": "#metal", "uv": [ 2.5, 5.0, 3.0, 5.5 ] },
										"south": { "texture": "#metal", "uv": [ 0.0, 0.0, 2.0, 0.5 ], "windMode": [-1,-1,-1,-1] },
										"up": { "texture": "#metal", "uv": [ 3.5, 7.5, 5.5, 8.0 ] },
										"down": { "texture": "#metal", "uv": [ 2.5, 11.0, 4.5, 11.5 ] }
									},
									"children": [
										{
											"name": "blade4",
											"from": [ 2.0, 0.0075, 0.05 ],
											"to": [ 3.5, 0.1575, 0.3 ],
											"rotationOrigin": [ 1.85, 0.075, 0.1 ],
											"faces": {
												"north": { "texture": "#metal", "uv": [ 5.0, 11.0, 6.5, 11.5 ] },
												"east": { "texture": "#metal", "uv": [ 2.0, 14.0, 2.5, 14.5 ] },
												"south": { "texture": "#metal", "uv": [ 0.0, 0.0, 1.5, 0.5 ], "windMode": [-1,-1,-1,-1] },
												"up": { "texture": "#metal", "uv": [ 8.5, 14.5, 10.0, 15.0 ] },
												"down": { "texture": "#metal", "uv": [ 3.5, 6.5, 5.0, 7.0 ] }
											},
											"children": [
												{
													"name": "blade5",
													"from": [ 1.5, -0.0075, 0.05 ],
													"to": [ 2.75, 0.1425, 0.2 ],
													"rotationOrigin": [ 1.5, 0.0, 0.1 ],
													"faces": {
														"north": { "texture": "#metal", "uv": [ 1.0, 3.5, 2.0, 4.0 ] },
														"east": { "texture": "#metal", "uv": [ 2.0, 10.0, 2.5, 10.5 ], "windMode": [-1,-1,-1,-1] },
														"south": { "texture": "#metal", "uv": [ 0.0, 0.0, 1.0, 0.5 ], "windMode": [-1,-1,-1,-1] },
														"up": { "texture": "#metal", "uv": [ 4.5, 1.5, 6.75, 2.25 ], "autoUv": false, "windMode": [-1,-1,-1,-1] },
														"down": { "texture": "#metal", "uv": [ 6.5, 10.5, 7.5, 11.0 ] }
													},
													"children": [
														{
															"name": "blade6",
															"from": [ 1.25, 0.0075, 0.025 ],
															"to": [ 1.8, 0.1575, 0.125 ],
															"rotationOrigin": [ 1.25, 0.0, 0.0 ],
															"faces": {
																"north": { "texture": "#metal", "uv": [ 12.0, 8.5, 12.5, 9.0 ] },
																"east": { "texture": "#metal", "uv": [ 1.0, 11.5, 1.5, 12.0 ] },
																"south": { "texture": "#metal", "uv": [ 0.0, 0.0, 0.5, 0.5 ], "windMode": [-1,-1,-1,-1] },
																"up": { "texture": "#metal", "uv": [ 1.5, 13.5, 2.0, 14.0 ] },
																"down": { "texture": "#metal", "uv": [ 5.5, 4.0, 6.0, 4.5 ] }
															}
														}
													]
												}
											]
										}
									]
								}
							]
						}
					]
				}
			]
		}
	]}