{
	"editor": {
		"collapsedPaths": "Root/origin/handle1/hilt1,Root/origin/blademiddle1/blade1S,Root/origin/blademiddle1/fuller1S,Root/origin/blademiddle1/fuller1N,Root/origin/blademiddle1/blade1N,Root/origin/Ricasso/Central Band,Root/origin/hilt/blademiddle1,Root/origin/handle/hilt,Root/origin/blademiddle1/blade1S/blade2S,Root/origin/blademiddle1/blade1N/blade2N,Root/hilt1",
		"allAngles": false,
		"entityTextureMode": false
	},
	"textureWidth": 16,
	"textureHeight": 16,
	"textureSizes": {
		"blackbronze": [16,16],
		"metal": [16,16],
		"wood": [16,16],
		"handle": [16,16]
	},
	"textures": {
	},
	"elements": [
		{
			"name": "origin",
			"from": [ 8.0, 0.0, 8.0 ],
			"to": [ 8.0, 0.0, 8.0 ],
			"rotationOrigin": [ 8.0, 0.0, 8.0 ],
			"faces": {
			},
			"children": [
				{
					"name": "blademiddle1",
					"from": [ 7.4, -0.15, -0.24 ],
					"to": [ 10.4, 0.225, 0.685 ],
					"rotationOrigin": [ 7.3388, 0.0375, 0.128 ],
					"rotationY": -2.0,
					"faces": {
						"north": { "texture": "#blackbronze", "uv": [ 0.0, 6.5, 3.0, 7.0 ] },
						"east": { "texture": "#blackbronze", "uv": [ 8.5, 0.5, 9.0, 1.0 ] },
						"south": { "texture": "#blackbronze", "uv": [ 0.0, 8.5, 3.0, 9.0 ] },
						"west": { "texture": "#blackbronze", "uv": [ 0.0, 0.0, 0.5, 0.5 ], "windMode": [-1,-1,-1,-1] },
						"up": { "texture": "#blackbronze", "uv": [ 0.0, 4.5, 3.0, 5.0 ] },
						"down": { "texture": "#blackbronze", "uv": [ 0.0, 8.0, 3.0, 8.5 ] }
					},
					"children": [
						{
							"name": "blademiddle2",
							"from": [ 2.95, 0.0075, 0.0 ],
							"to": [ 6.95, 0.3825, 0.925 ],
							"rotationOrigin": [ 2.95, 0.1875, 0.0 ],
							"rotationY": -5.0,
							"faces": {
								"north": { "texture": "#blackbronze", "uv": [ 0.0, 3.5, 4.0, 4.0 ] },
								"east": { "texture": "#blackbronze", "uv": [ 13.0, 3.0, 13.5, 3.5 ] },
								"south": { "texture": "#blackbronze", "uv": [ 0.0, 5.5, 4.0, 6.0 ] },
								"up": { "texture": "#blackbronze", "uv": [ 0.0, 7.5, 4.0, 8.0 ] },
								"down": { "texture": "#blackbronze", "uv": [ 0.0, 14.0, 4.0, 14.5 ] }
							},
							"children": [
								{
									"name": "blademiddle3",
									"from": [ 3.95, -0.0075, 0.0 ],
									"to": [ 7.95, 0.3675, 0.925 ],
									"rotationOrigin": [ 3.95, 0.0, 0.0 ],
									"rotationY": -11.0,
									"faces": {
										"north": { "texture": "#blackbronze", "uv": [ 1.0, 5.5, 5.0, 6.0 ] },
										"east": { "texture": "#blackbronze", "uv": [ 5.5, 8.0, 6.0, 8.5 ] },
										"south": { "texture": "#blackbronze", "uv": [ 3.5, 6.5, 7.5, 7.0 ] },
										"up": { "texture": "#blackbronze", "uv": [ 0.5, 11.5, 4.5, 12.0 ] },
										"down": { "texture": "#blackbronze", "uv": [ 6.0, 9.0, 10.0, 9.5 ] }
									},
									"children": [
										{
											"name": "blademiddle4",
											"from": [ 3.92, 0.0075, 0.0 ],
											"to": [ 7.92, 0.3825, 0.9 ],
											"rotationOrigin": [ 3.925, 0.1875, -1.05 ],
											"rotationY": -8.0,
											"faces": {
												"north": { "texture": "#blackbronze", "uv": [ 4.0, 7.5, 8.0, 8.0 ] },
												"east": { "texture": "#blackbronze", "uv": [ 9.5, 12.5, 10.0, 13.0 ], "windMode": [-1,-1,-1,-1] },
												"south": { "texture": "#blackbronze", "uv": [ 5.5, 13.5, 9.5, 14.0 ], "windMode": [-1,-1,-1,-1] },
												"west": { "texture": "#blackbronze", "uv": [ 5.5, 7.5, 6.0, 8.0 ] },
												"up": { "texture": "#blackbronze", "uv": [ 11.5, 3.5, 15.5, 4.0 ] },
												"down": { "texture": "#blackbronze", "uv": [ 6.0, 14.5, 10.0, 15.0 ] }
											},
											"children": [
												{
													"name": "blademiddle5",
													"from": [ 4.05, 0.0, 0.0 ],
													"to": [ 7.05, 0.375, 0.8 ],
													"rotationOrigin": [ 4.005, 0.18, -1.05 ],
													"rotationY": -7.0,
													"faces": {
														"north": { "texture": "#blackbronze", "uv": [ 4.0, 7.5, 7.0, 8.0 ] },
														"east": { "texture": "#blackbronze", "uv": [ 9.5, 12.5, 10.0, 13.0 ], "windMode": [-1,-1,-1,-1] },
														"south": { "texture": "#blackbronze", "uv": [ 5.5, 13.5, 8.5, 14.0 ], "windMode": [-1,-1,-1,-1] },
														"west": { "texture": "#blackbronze", "uv": [ 5.5, 7.5, 6.0, 8.0 ] },
														"up": { "texture": "#blackbronze", "uv": [ 11.5, 3.5, 14.5, 4.0 ] },
														"down": { "texture": "#blackbronze", "uv": [ 6.0, 14.5, 9.0, 15.0 ] }
													},
													"children": [
														{
															"name": "blademiddle6",
															"from": [ 3.2, 0.0, 0.02 ],
															"to": [ 5.1, 0.375, 0.72 ],
															"rotationOrigin": [ 3.155, 0.18, -0.95 ],
															"rotationY": -13.0,
															"faces": {
																"north": { "texture": "#blackbronze", "uv": [ 4.0, 7.5, 5.5, 8.0 ] },
																"east": { "texture": "#blackbronze", "uv": [ 9.5, 12.5, 10.0, 13.0 ], "windMode": [-1,-1,-1,-1] },
																"south": { "texture": "#blackbronze", "uv": [ 5.5, 13.5, 7.0, 14.0 ], "windMode": [-1,-1,-1,-1] },
																"west": { "texture": "#blackbronze", "uv": [ 5.5, 7.5, 6.0, 8.0 ] },
																"up": { "texture": "#blackbronze", "uv": [ 11.5, 3.5, 13.0, 4.0 ] },
																"down": { "texture": "#blackbronze", "uv": [ 6.0, 14.5, 7.5, 15.0 ] }
															}
														}
													]
												}
											]
										}
									]
								}
							]
						},
						{
							"name": "blade1",
							"from": [ 0.0, 0.1125, -0.75 ],
							"to": [ 3.0, 0.2625, 0.0 ],
							"rotationOrigin": [ 0.0, 0.1875, -0.75 ],
							"faces": {
								"north": { "texture": "#blackbronze", "uv": [ 2.5, 8.5, 5.5, 9.0 ] },
								"west": { "texture": "#blackbronze", "uv": [ 7.5, 9.0, 8.0, 9.5 ] },
								"up": { "texture": "#blackbronze", "uv": [ 1.0, 5.0, 4.0, 5.5 ] },
								"down": { "texture": "#blackbronze", "uv": [ 1.0, 11.0, 4.0, 11.5 ] }
							},
							"children": [
								{
									"name": "blade2",
									"from": [ 3.0, 0.0075, 0.0 ],
									"to": [ 7.0, 0.1575, 0.75 ],
									"rotationOrigin": [ 3.0, 0.075, 0.0 ],
									"rotationY": -5.0,
									"faces": {
										"north": { "texture": "#blackbronze", "uv": [ 2.5, 2.5, 6.5, 3.0 ] },
										"east": { "texture": "#blackbronze", "uv": [ 3.5, 1.0, 4.0, 1.5 ] },
										"up": { "texture": "#blackbronze", "uv": [ 2.5, 12.5, 6.5, 13.0 ] },
										"down": { "texture": "#blackbronze", "uv": [ 0.5, 13.5, 4.5, 14.0 ] }
									},
									"children": [
										{
											"name": "blade3",
											"from": [ 4.0, -0.0075, 0.0 ],
											"to": [ 8.0, 0.1425, 0.75 ],
											"rotationOrigin": [ 4.0, 0.075, 0.0 ],
											"rotationY": -11.0,
											"faces": {
												"north": { "texture": "#blackbronze", "uv": [ 0.5, 5.0, 4.5, 5.5 ] },
												"east": { "texture": "#blackbronze", "uv": [ 2.5, 5.0, 3.0, 5.5 ] },
												"up": { "texture": "#blackbronze", "uv": [ 3.5, 7.5, 7.5, 8.0 ] },
												"down": { "texture": "#blackbronze", "uv": [ 2.5, 11.0, 6.5, 11.5 ] }
											},
											"children": [
												{
													"name": "blade4",
													"from": [ 3.95, 0.0075, 0.0 ],
													"to": [ 6.95, 0.1575, 0.75 ],
													"rotationOrigin": [ 3.95, 0.075, 0.0 ],
													"rotationY": -8.0,
													"faces": {
														"north": { "texture": "#blackbronze", "uv": [ 5.0, 11.0, 8.0, 11.5 ] },
														"east": { "texture": "#blackbronze", "uv": [ 2.0, 14.0, 2.5, 14.5 ] },
														"up": { "texture": "#blackbronze", "uv": [ 8.5, 14.5, 11.5, 15.0 ] },
														"down": { "texture": "#blackbronze", "uv": [ 3.5, 6.5, 6.5, 7.0 ] }
													},
													"children": [
														{
															"name": "blade5",
															"from": [ 3.0, -0.0075, 0.0 ],
															"to": [ 5.25, 0.1425, 0.75 ],
															"rotationOrigin": [ 3.0, 0.0, 0.0 ],
															"rotationY": -7.0,
															"faces": {
																"north": { "texture": "#blackbronze", "uv": [ 1.0, 3.5, 3.0, 4.0 ] },
																"east": { "texture": "#blackbronze", "uv": [ 2.0, 10.0, 2.5, 10.5 ] },
																"up": { "texture": "#blackbronze", "uv": [ 4.5, 1.5, 6.5, 2.0 ] },
																"down": { "texture": "#blackbronze", "uv": [ 6.5, 10.5, 8.5, 11.0 ] }
															},
															"children": [
																{
																	"name": "blade6",
																	"from": [ 2.25, 0.0075, 0.0 ],
																	"to": [ 4.5, 0.1575, 0.75 ],
																	"rotationOrigin": [ 2.25, 0.0, 0.0 ],
																	"rotationY": -5.0,
																	"faces": {
																		"north": { "texture": "#blackbronze", "uv": [ 12.0, 8.5, 14.25, 8.875 ] },
																		"east": { "texture": "#blackbronze", "uv": [ 1.0, 11.5, 1.75, 11.875 ] },
																		"up": { "texture": "#blackbronze", "uv": [ 1.5, 13.5, 3.75, 14.25 ] },
																		"down": { "texture": "#blackbronze", "uv": [ 5.5, 4.0, 7.75, 4.75 ] }
																	},
																	"children": [
																		{
																			"name": "blade7",
																			"from": [ 2.25, -0.0075, 0.0 ],
																			"to": [ 3.75, 0.1425, 0.95 ],
																			"rotationOrigin": [ 2.25, 0.075, 0.0 ],
																			"rotationY": -15.0,
																			"faces": {
																				"north": { "texture": "#blackbronze", "uv": [ 3.5, 1.5, 5.0, 2.0 ] },
																				"east": { "texture": "#blackbronze", "uv": [ 7.0, 1.0, 8.0, 1.5 ] },
																				"south": { "texture": "#blackbronze", "uv": [ 2.5, 14.5, 4.0, 15.0 ] },
																				"up": { "texture": "#blackbronze", "uv": [ 11.5, 4.5, 13.0, 5.5 ] },
																				"down": { "texture": "#blackbronze", "uv": [ 2.0, 11.0, 3.5, 12.0 ] }
																			},
																			"children": [
																				{
																					"name": "blade8",
																					"from": [ 1.5, 0.0075, 0.0 ],
																					"to": [ 2.225, 0.1575, 1.0 ],
																					"rotationOrigin": [ 1.5, 0.0, 0.0 ],
																					"rotationY": -17.0,
																					"faces": {
																						"north": { "texture": "#blackbronze", "uv": [ 7.0, 13.0, 7.5, 13.5 ] },
																						"east": { "texture": "#blackbronze", "uv": [ 1.5, 4.5, 2.0, 5.0 ] },
																						"south": { "texture": "#blackbronze", "uv": [ 9.0, 6.0, 9.5, 6.5 ] },
																						"up": { "texture": "#blackbronze", "uv": [ 5.0, 4.0, 5.5, 4.5 ] },
																						"down": { "texture": "#blackbronze", "uv": [ 4.0, 7.0, 4.5, 7.5 ] }
																					},
																					"children": [
																						{
																							"name": "bladetip",
																							"from": [ 0.35, 0.03, 0.15 ],
																							"to": [ 1.05, 0.105, 0.85 ],
																							"rotationOrigin": [ 0.725, 0.075, 0.525 ],
																							"rotationY": -45.0,
																							"faces": {
																								"north": { "texture": "#blackbronze", "uv": [ 9.0, 14.0, 9.5, 14.5 ] },
																								"east": { "texture": "#blackbronze", "uv": [ 2.0, 10.0, 2.5, 10.5 ] },
																								"south": { "texture": "#blackbronze", "uv": [ 14.5, 11.0, 15.0, 11.5 ] },
																								"west": { "texture": "#blackbronze", "uv": [ 6.5, 11.0, 7.0, 11.5 ] },
																								"up": { "texture": "#blackbronze", "uv": [ 6.5, 1.0, 7.0, 1.5 ] },
																								"down": { "texture": "#blackbronze", "uv": [ 14.5, 3.5, 15.0, 4.0 ] }
																							}
																						}
																					]
																				}
																			]
																		}
																	]
																}
															]
														}
													]
												}
											]
										}
									]
								}
							]
						}
					]
				},
				{
					"name": "tang",
					"from": [ -4.26, -0.05, -0.4 ],
					"to": [ 0.74, 0.15, 0.1 ],
					"rotationOrigin": [ -4.2612, 0.1375, -0.072 ],
					"faces": {
						"north": { "texture": "#blackbronze", "uv": [ 0.0, 6.5, 5.0, 7.0 ] },
						"east": { "texture": "#blackbronze", "uv": [ 8.5, 0.5, 9.0, 1.0 ] },
						"south": { "texture": "#blackbronze", "uv": [ 0.0, 8.5, 5.0, 9.0 ] },
						"west": { "texture": "#blackbronze", "uv": [ 0.0, 0.0, 0.5, 0.5 ], "windMode": [-1,-1,-1,-1] },
						"up": { "texture": "#blackbronze", "uv": [ 0.0, 4.5, 5.0, 5.0 ] },
						"down": { "texture": "#blackbronze", "uv": [ 0.0, 8.0, 5.0, 8.5 ] }
					}
				},
				{
					"name": "hilt1",
					"from": [ -0.2, -0.7, -2.25 ],
					"to": [ 0.8, 0.8, 2.25 ],
					"rotationOrigin": [ -0.2, 0.25, 0.0 ],
					"faces": {
						"north": { "texture": "#brass", "uv": [ 7.5, 9.0, 8.5, 10.5 ] },
						"east": { "texture": "#brass", "uv": [ 3.0, 10.5, 7.5, 12.0 ] },
						"south": { "texture": "#brass", "uv": [ 11.0, 1.0, 12.0, 2.5 ] },
						"west": { "texture": "#brass", "uv": [ 9.0, 0.5, 13.5, 2.0 ] },
						"up": { "texture": "#brass", "uv": [ 3.0, 9.0, 4.0, 13.5 ] },
						"down": { "texture": "#brass", "uv": [ 11.5, 2.5, 12.5, 7.0 ] }
					},
					"children": [
						{
							"name": "crossguard north",
							"from": [ 0.3, 0.55, -1.9913 ],
							"to": [ 0.7, 0.95, 0.0087 ],
							"rotationOrigin": [ 1.2996, 1.1, 0.0087 ],
							"faces": {
								"north": { "texture": "#brass", "uv": [ 9.0, 9.5, 9.5, 10.0 ] },
								"east": { "texture": "#brass", "uv": [ 9.5, 3.0, 11.5, 3.5 ] },
								"west": { "texture": "#brass", "uv": [ 13.0, 13.0, 15.0, 13.5 ] },
								"up": { "texture": "#brass", "uv": [ 8.0, 10.0, 8.5, 12.0 ] },
								"down": { "texture": "#brass", "uv": [ 3.0, 0.5, 3.5, 2.5 ] }
							},
							"children": [
								{
									"name": "crossguard north decoration",
									"from": [ -0.1, -0.05, -0.1 ],
									"to": [ 0.4, 0.45, 0.4 ],
									"rotationOrigin": [ -0.1, 0.0, 0.0 ],
									"rotationY": 45.0,
									"faces": {
										"north": { "texture": "#brass", "uv": [ 0.0, 0.0, 0.5, 0.5 ] },
										"east": { "texture": "#brass", "uv": [ 0.0, 0.0, 0.5, 0.5 ] },
										"south": { "texture": "#brass", "uv": [ 0.0, 0.0, 0.5, 0.5 ] },
										"west": { "texture": "#brass", "uv": [ 0.0, 0.0, 0.5, 0.5 ] },
										"up": { "texture": "#brass", "uv": [ 0.0, 0.0, 0.5, 0.5 ] },
										"down": { "texture": "#brass", "uv": [ 0.0, 0.0, 0.5, 0.5 ] }
									}
								}
							]
						},
						{
							"name": "crossguard south",
							"from": [ 0.3, 0.55, 4.5073 ],
							"to": [ 0.7, 0.95, 6.5073 ],
							"rotationOrigin": [ 0.2996, 1.25, 4.5087 ],
							"faces": {
								"east": { "texture": "#brass", "uv": [ 4.5, 12.0, 6.5, 12.5 ] },
								"south": { "texture": "#brass", "uv": [ 11.5, 7.5, 12.0, 8.0 ] },
								"west": { "texture": "#brass", "uv": [ 12.0, 1.0, 14.0, 1.5 ] },
								"up": { "texture": "#brass", "uv": [ 0.5, 1.5, 1.0, 3.5 ] },
								"down": { "texture": "#brass", "uv": [ 10.0, 12.0, 10.5, 14.0 ] }
							},
							"children": [
								{
									"name": "crossguard south decoration",
									"from": [ -0.15, -0.05, 2.1 ],
									"to": [ 0.35, 0.45, 2.6 ],
									"rotationOrigin": [ -0.204, 0.0, 2.1014 ],
									"rotationY": 45.0,
									"faces": {
										"north": { "texture": "#brass", "uv": [ 0.0, 0.0, 0.5, 0.5 ] },
										"east": { "texture": "#brass", "uv": [ 0.0, 0.0, 0.5, 0.5 ] },
										"south": { "texture": "#brass", "uv": [ 0.0, 0.0, 0.5, 0.5 ] },
										"west": { "texture": "#brass", "uv": [ 0.0, 0.0, 0.5, 0.5 ] },
										"up": { "texture": "#brass", "uv": [ 0.0, 0.0, 0.5, 0.5 ] },
										"down": { "texture": "#brass", "uv": [ 0.0, 0.0, 0.5, 0.5 ] }
									}
								}
							]
						},
						{
							"name": "handle1",
							"from": [ -5.0, 0.19, 1.6 ],
							"to": [ 0.0, 1.29, 2.7 ],
							"rotationOrigin": [ -1.0, 0.9, 2.35 ],
							"faces": {
								"north": { "texture": "#handle", "uv": [ 6.5, 6.0, 11.5, 7.0 ] },
								"south": { "texture": "#handle", "uv": [ 2.0, 14.0, 7.0, 15.0 ] },
								"west": { "texture": "#handle", "uv": [ 10.5, 3.5, 11.5, 4.5 ], "windMode": [-1,-1,-1,-1] },
								"up": { "texture": "#handle", "uv": [ 3.5, 6.5, 8.5, 7.5 ] },
								"down": { "texture": "#handle", "uv": [ 10.5, 9.5, 15.5, 10.5 ] }
							},
							"children": [
								{
									"name": "handle3",
									"from": [ -1.35, 0.05, 1.94 ],
									"to": [ -0.45, 1.05, 2.94 ],
									"rotationOrigin": [ 2.7, 0.75, 2.75 ],
									"rotationY": -35.0,
									"faces": {
										"north": { "texture": "#handle", "uv": [ 0.0, 13.0, 0.5, 14.0 ] },
										"south": { "texture": "#handle", "uv": [ 7.5, 7.0, 8.0, 8.0 ] },
										"west": { "texture": "#handle", "uv": [ 11.5, 6.0, 12.5, 7.0 ] },
										"up": { "texture": "#handle", "uv": [ 8.0, 8.5, 8.5, 9.5 ] },
										"down": { "texture": "#handle", "uv": [ 3.0, 9.5, 3.5, 10.5 ] }
									},
									"children": [
										{
											"name": "handle2",
											"from": [ -1.34, 0.05, 1.53 ],
											"to": [ -0.34, 0.95, 2.53 ],
											"rotationOrigin": [ 2.6985, 0.7, 2.4067 ],
											"rotationY": -30.0,
											"faces": {
												"north": { "texture": "#handle", "uv": [ 0.0, 13.0, 1.0, 13.5 ] },
												"south": { "texture": "#handle", "uv": [ 7.5, 7.0, 8.5, 7.5 ] },
												"west": { "texture": "#handle", "uv": [ 11.5, 6.0, 12.5, 6.5 ] },
												"up": { "texture": "#handle", "uv": [ 8.0, 8.5, 9.0, 9.5 ] },
												"down": { "texture": "#handle", "uv": [ 3.0, 9.5, 4.0, 10.5 ] }
											},
											"children": [
												{
													"name": "pommel",
													"from": [ -1.3, -0.25, 0.05 ],
													"to": [ 0.1, 1.15, 1.45 ],
													"rotationOrigin": [ 0.7, 0.65, 1.05 ],
													"rotationY": -25.0,
													"faces": {
														"north": { "texture": "#brass", "uv": [ 2.5, 2.0, 3.5, 3.0 ] },
														"east": { "texture": "#brass", "uv": [ 14.0, 0.5, 15.0, 1.5 ] },
														"south": { "texture": "#brass", "uv": [ 13.5, 1.0, 14.5, 2.0 ] },
														"west": { "texture": "#brass", "uv": [ 9.5, 11.5, 10.5, 12.5 ] },
														"up": { "texture": "#brass", "uv": [ 1.5, 2.0, 2.5, 3.0 ] },
														"down": { "texture": "#brass", "uv": [ 7.5, 9.0, 8.5, 10.0 ] }
													},
													"children": [
														{
															"name": "pommelcap",
															"from": [ -0.3, 0.35, 0.25 ],
															"to": [ 0.1, 1.15, 1.05 ],
															"rotationOrigin": [ 0.2, 0.8, 0.7 ],
															"rotationX": -45.0,
															"faces": {
																"north": { "texture": "#brass", "uv": [ 11.0, 9.0, 11.5, 9.5 ] },
																"south": { "texture": "#brass", "uv": [ 7.5, 5.5, 8.0, 6.0 ] },
																"west": { "texture": "#brass", "uv": [ 0.0, 13.5, 0.5, 14.0 ] },
																"up": { "texture": "#brass", "uv": [ 13.5, 10.0, 14.0, 10.5 ] },
																"down": { "texture": "#brass", "uv": [ 4.5, 13.5, 5.0, 14.0 ] }
															}
														}
													]
												}
											]
										}
									]
								}
							]
						}
					]
				},
				{
					"name": "blademiddle7",
					"from": [ 0.54, -0.15, -0.247 ],
					"to": [ 4.54, 0.225, 0.678 ],
					"rotationOrigin": [ 0.5388, 0.0375, 0.128 ],
					"faces": {
						"north": { "texture": "#blackbronze", "uv": [ 0.0, 6.5, 4.0, 7.0 ] },
						"east": { "texture": "#blackbronze", "uv": [ 8.5, 0.5, 9.0, 1.0 ] },
						"south": { "texture": "#blackbronze", "uv": [ 0.0, 8.5, 4.0, 9.0 ] },
						"west": { "texture": "#blackbronze", "uv": [ 0.0, 0.0, 0.5, 0.5 ], "windMode": [-1,-1,-1,-1] },
						"up": { "texture": "#blackbronze", "uv": [ 0.0, 4.5, 4.0, 5.0 ] },
						"down": { "texture": "#blackbronze", "uv": [ 0.0, 8.0, 4.0, 8.5 ] }
					},
					"children": [
						{
							"name": "blademiddle8",
							"from": [ 3.95, 0.0075, 0.0 ],
							"to": [ 6.95, 0.3825, 0.925 ],
							"rotationOrigin": [ 3.95, 0.1875, 0.0 ],
							"faces": {
								"north": { "texture": "#blackbronze", "uv": [ 0.0, 3.5, 3.0, 4.0 ] },
								"east": { "texture": "#blackbronze", "uv": [ 13.0, 3.0, 13.5, 3.5 ] },
								"south": { "texture": "#blackbronze", "uv": [ 0.0, 5.5, 3.0, 6.0 ] },
								"up": { "texture": "#blackbronze", "uv": [ 0.0, 7.5, 3.0, 8.0 ] },
								"down": { "texture": "#blackbronze", "uv": [ 0.0, 14.0, 3.0, 14.5 ] }
							}
						},
						{
							"name": "blade9",
							"from": [ 0.0, 0.1125, -0.75 ],
							"to": [ 4.0, 0.2625, 0.0 ],
							"rotationOrigin": [ 0.0, 0.1875, -0.75 ],
							"faces": {
								"north": { "texture": "#blackbronze", "uv": [ 2.5, 8.5, 6.5, 9.0 ] },
								"west": { "texture": "#blackbronze", "uv": [ 7.5, 9.0, 8.0, 9.5 ] },
								"up": { "texture": "#blackbronze", "uv": [ 1.0, 5.0, 5.0, 5.5 ] },
								"down": { "texture": "#blackbronze", "uv": [ 1.0, 11.0, 5.0, 11.5 ] }
							},
							"children": [
								{
									"name": "blade10",
									"from": [ 4.0, 0.0075, 0.0 ],
									"to": [ 7.0, 0.1575, 0.75 ],
									"rotationOrigin": [ 4.0, 0.075, 0.0 ],
									"faces": {
										"north": { "texture": "#blackbronze", "uv": [ 2.5, 2.5, 5.5, 3.0 ] },
										"east": { "texture": "#blackbronze", "uv": [ 3.5, 1.0, 4.0, 1.5 ] },
										"up": { "texture": "#blackbronze", "uv": [ 2.5, 12.5, 5.5, 13.0 ] },
										"down": { "texture": "#blackbronze", "uv": [ 0.5, 13.5, 3.5, 14.0 ] }
									}
								}
							]
						}
					]
				}
			]
		}
	]}