{
	"editor": {
		"allAngles": false,
		"entityTextureMode": false
	},
	"textureWidth": 24,
	"textureHeight": 24,
	"textureSizes": {
		"succotrina-stem": [4,32],
		"succotrina-flowers": [4,8],
		"succotrina-center": [24,24],
		"succotrina-tip": [4,4],
		"succotrina-tall": [24,24]
	},
	"textures": {
	},
	"elements": [
		{
			"name": "origin 1",
			"from": [ 0.0, 0.0, 0.0 ],
			"to": [ 0.0, 0.0, 0.0 ],
			"rotationOrigin": [ 8.0, 0.0, 8.0 ],
			"faces": {
			},
			"children": [
				{
					"name": "face 3",
					"from": [ -4.0, 0.0, 8.0 ],
					"to": [ 20.0, 24.0, 8.0 ],
					"shade": false,
					"climateColorMap": "",
					"seasonColorMap": "",
					"rotationOrigin": [ 7.0, 0.0, 8.0 ],
					"rotationX": 67.5,
					"rotationY": 10.0,
					"faces": {
						"north": { "texture": "#succotrina-tall", "uv": [ 0.0, 0.0, 24.0, 24.0 ], "windMode": [0,1,1,0], "windData": [0,0,0,0] }
					}
				},
				{
					"name": "face 4",
					"from": [ -4.0, 0.0, 8.0 ],
					"to": [ 20.0, 24.0, 8.0 ],
					"shade": false,
					"climateColorMap": "",
					"seasonColorMap": "",
					"rotationOrigin": [ 7.0, 0.0, 8.0 ],
					"rotationX": -67.5,
					"rotationY": 10.0,
					"faces": {
						"north": { "texture": "#succotrina-tall", "uv": [ 0.0, 0.0, 24.0, 24.0 ], "windMode": [0,1,1,0], "windData": [0,0,0,0] }
					}
				},
				{
					"name": "face 5",
					"from": [ -3.0, 0.0, 7.0 ],
					"to": [ 21.0, 24.0, 7.0 ],
					"shade": false,
					"climateColorMap": "",
					"seasonColorMap": "",
					"rotationOrigin": [ 8.0, 0.0, 7.0 ],
					"rotationX": -80.0,
					"rotationY": -22.5,
					"rotationZ": -90.0,
					"faces": {
						"north": { "texture": "#succotrina-tall", "uv": [ 0.0, 0.0, 24.0, 24.0 ], "windMode": [0,1,1,0], "windData": [0,0,0,0] }
					}
				},
				{
					"name": "face 6",
					"from": [ -3.0, 0.0, 7.5 ],
					"to": [ 21.0, 24.0, 7.5 ],
					"shade": false,
					"climateColorMap": "",
					"seasonColorMap": "",
					"rotationOrigin": [ 8.0, 0.0, 7.5 ],
					"rotationX": -100.0,
					"rotationY": -157.5,
					"rotationZ": -90.0,
					"faces": {
						"north": { "texture": "#succotrina-tall", "uv": [ 0.0, 0.0, 24.0, 24.0 ], "windMode": [0,1,1,0], "windData": [0,0,0,0] }
					}
				},
				{
					"name": "face 7",
					"from": [ -3.0, 0.0, 7.3 ],
					"to": [ 21.0, 24.0, 7.3 ],
					"shade": false,
					"climateColorMap": "",
					"seasonColorMap": "",
					"rotationOrigin": [ 8.0, 0.0, 7.3 ],
					"rotationX": -67.5,
					"rotationY": -135.0,
					"rotationZ": -45.0,
					"faces": {
						"north": { "texture": "#succotrina-center", "uv": [ 0.0, 0.0, 24.0, 24.0 ], "windMode": [0,1,1,0], "windData": [0,0,1,0] }
					}
				},
				{
					"name": "face 8",
					"from": [ -2.6, 0.0, 7.8 ],
					"to": [ 21.4, 24.0, 7.8 ],
					"shade": false,
					"climateColorMap": "",
					"seasonColorMap": "",
					"rotationOrigin": [ 8.4, 0.0, 7.8 ],
					"rotationX": -135.0,
					"rotationY": -22.5,
					"rotationZ": -157.5,
					"faces": {
						"north": { "texture": "#succotrina-center", "uv": [ 0.0, 0.0, 24.0, 24.0 ], "windMode": [0,1,1,0], "windData": [0,1,1,0] }
					}
				},
				{
					"name": "face 9",
					"from": [ -3.5, 0.0, 7.6 ],
					"to": [ 20.5, 24.0, 7.6 ],
					"shade": false,
					"climateColorMap": "",
					"seasonColorMap": "",
					"rotationOrigin": [ 7.5, 0.0, 7.6 ],
					"rotationX": -45.0,
					"rotationY": -22.5,
					"rotationZ": -22.5,
					"faces": {
						"north": { "texture": "#succotrina-center", "uv": [ 0.0, 0.0, 24.0, 24.0 ], "windMode": [0,1,1,0], "windData": [0,1,1,0] }
					}
				},
				{
					"name": "face 10",
					"from": [ -3.3, 0.0, 7.7 ],
					"to": [ 20.7, 24.0, 7.7 ],
					"shade": false,
					"climateColorMap": "",
					"seasonColorMap": "",
					"rotationOrigin": [ 7.7, 0.0, 7.7 ],
					"rotationX": 45.0,
					"rotationY": -22.5,
					"rotationZ": 22.5,
					"faces": {
						"north": { "texture": "#succotrina-center", "uv": [ 0.0, 0.0, 24.0, 24.0 ], "windMode": [0,1,1,0], "windData": [0,1,1,0] }
					}
				}
			]
		}
	]}