{
	"editor": {
		"backDropShape": "C:/Users/Robin/AppData/Roaming/VintagestoryData/Mods/IndiginousVillagers/assets/game/shapes/entity/humanoid/seraph-faceless",
		"allAngles": false,
		"entityTextureMode": true
	},
	"textureWidth": 64,
	"textureHeight": 64,
	"textureSizes": {
	},
	"textures": {
	},
	"elements": [
		{
			"name": "ArmorUpperArmR",
			"stepParentName": "UpperArmR",
			"from": [ -0.15, -0.15, -0.225 ],
			"to": [ 2.325, 5.4, 1.575 ],
			"autoUnwrap": false,
			"uv": [ 47.0, 34.5 ],
			"rotationOrigin": [ -0.15, -0.15, -0.225 ],
			"faces": {
				"north": { "texture": "#forlornhopeWIP", "uv": [ 45.0, 44.0, 48.0, 51.0 ], "autoUv": false },
				"east": { "texture": "#forlornhopeWIP", "uv": [ 43.0, 44.0, 45.0, 51.0 ], "autoUv": false },
				"south": { "texture": "#forlornhopeWIP", "uv": [ 50.0, 44.0, 53.0, 51.0 ], "autoUv": false },
				"west": { "texture": "#forlornhopeWIP", "uv": [ 48.0, 44.0, 50.0, 51.0 ], "autoUv": false },
				"up": { "texture": "#forlornhopeWIP", "uv": [ 45.0, 42.0, 48.0, 44.0 ], "autoUv": false },
				"down": { "texture": "#forlornhopeWIP", "uv": [ 48.0, 51.0, 51.0, 53.0 ], "autoUv": false }
			}
		},
		{
			"name": "ArmorUpperArmL",
			"stepParentName": "UpperArmL",
			"from": [ -0.15, -0.15, -0.075 ],
			"to": [ 2.325, 5.4, 1.725 ],
			"autoUnwrap": false,
			"uv": [ 33.0, 37.5 ],
			"rotationOrigin": [ -0.15, -0.15, -0.075 ],
			"faces": {
				"north": { "texture": "#forlornhopeWIP", "uv": [ 39.0, 44.0, 42.0, 51.0 ], "autoUv": false },
				"east": { "texture": "#forlornhopeWIP", "uv": [ 37.0, 44.0, 39.0, 51.0 ], "autoUv": false },
				"south": { "texture": "#forlornhopeWIP", "uv": [ 34.0, 44.0, 37.0, 51.0 ], "autoUv": false },
				"west": { "texture": "#forlornhopeWIP", "uv": [ 32.0, 44.0, 34.0, 51.0 ], "autoUv": false },
				"up": { "texture": "#forlornhopeWIP", "uv": [ 34.0, 42.0, 37.0, 44.0 ], "autoUv": false },
				"down": { "texture": "#forlornhopeWIP", "uv": [ 37.0, 51.0, 40.0, 53.0 ], "autoUv": false }
			}
		},
		{
			"name": "ArmorLowerArmL",
			"stepParentName": "LowerArmL",
			"from": [ -0.15, -0.15, -0.1875 ],
			"to": [ 2.025, 6.15, 1.6875 ],
			"autoUnwrap": false,
			"uv": [ 32.5, 44.5 ],
			"rotationOrigin": [ -0.15, -0.15, -0.225 ],
			"faces": {
				"north": { "texture": "#forlornhopeWIP", "uv": [ 39.5, 53.5, 42.0, 61.5 ], "autoUv": false },
				"east": { "texture": "#forlornhopeWIP", "uv": [ 37.0, 53.5, 39.5, 61.5 ], "autoUv": false },
				"south": { "texture": "#forlornhopeWIP", "uv": [ 34.5, 53.5, 37.0, 61.5 ], "autoUv": false },
				"west": { "texture": "#forlornhopeWIP", "uv": [ 32.0, 53.5, 34.5, 61.5 ], "autoUv": false },
				"up": { "texture": "#forlornhopeWIP", "uv": [ 34.5, 51.0, 37.0, 53.5 ], "autoUv": false },
				"down": { "texture": "#forlornhopeWIP", "uv": [ 34.5, 61.5, 37.0, 64.0 ], "autoUv": false }
			},
			"children": [
				{
					"name": "ArmorHandL",
					"from": [ -0.225, -0.15, 0.9 ],
					"to": [ 2.4, 2.4, 2.25 ],
					"autoUnwrap": false,
					"uv": [ 30.5, 16.0 ],
					"rotationOrigin": [ -0.225, -0.15, 0.9 ],
					"faces": {
						"north": { "texture": "#forlornhopeWIP", "uv": [ 6.5, 13.0, 10.0, 16.0 ], "autoUv": false },
						"east": { "texture": "#forlornhopeWIP", "uv": [ 5.0, 13.0, 6.5, 16.0 ], "autoUv": false },
						"south": { "texture": "#forlornhopeWIP", "uv": [ 1.5, 13.0, 5.0, 16.0 ], "autoUv": false },
						"west": { "texture": "#forlornhopeWIP", "uv": [ 0.0, 13.0, 1.5, 16.0 ], "autoUv": false },
						"up": { "texture": "#forlornhopeWIP", "uv": [ 1.5, 11.5, 5.0, 13.0 ], "autoUv": false },
						"down": { "texture": "#forlornhopeWIP", "uv": [ 1.5, 16.0, 5.0, 17.5 ], "rotation": 180, "autoUv": false }
					}
				},
				{
					"name": "ArmorBracerL",
					"from": [ -0.15, 2.1, 0.975 ],
					"to": [ 2.325, 5.1, 1.95 ],
					"autoUnwrap": false,
					"uv": [ 38.5, 29.5 ],
					"rotationOrigin": [ 1.125, 2.1, 0.975 ],
					"faces": {
						"north": { "texture": "#forlornhopeWIP", "uv": [ 37.5, 31.0, 40.5, 35.0 ], "autoUv": false },
						"east": { "texture": "#forlornhopeWIP", "uv": [ 36.5, 31.0, 37.5, 35.0 ], "autoUv": false },
						"south": { "texture": "#forlornhopeWIP", "uv": [ 33.5, 31.0, 36.5, 35.0 ], "autoUv": false },
						"west": { "texture": "#forlornhopeWIP", "uv": [ 32.5, 31.0, 33.5, 35.0 ], "autoUv": false },
						"up": { "texture": "#forlornhopeWIP", "uv": [ 33.5, 30.0, 36.5, 31.0 ], "autoUv": false },
						"down": { "texture": "#forlornhopeWIP", "uv": [ 33.5, 35.0, 36.5, 36.0 ], "autoUv": false }
					}
				}
			]
		},
		{
			"name": "ArmorUpperTorso",
			"stepParentName": "UpperTorso",
			"from": [ -0.6, -0.375, -0.3 ],
			"to": [ 3.9, 3.975, 4.95 ],
			"autoUnwrap": false,
			"uv": [ 35.0, 0.0 ],
			"rotationOrigin": [ 1.875, 2.625, 2.325 ],
			"rotationZ": 5.0,
			"faces": {
				"north": { "texture": "#forlornhopeWIP", "uv": [ 38.0, 6.0, 44.0, 11.5 ], "autoUv": false },
				"east": { "texture": "#forlornhopeWIP", "uv": [ 57.0, 6.0, 64.0, 11.5 ], "autoUv": false },
				"south": { "texture": "#forlornhopeWIP", "uv": [ 51.0, 6.0, 57.0, 11.5 ], "autoUv": false },
				"west": { "texture": "#forlornhopeWIP", "uv": [ 44.0, 6.0, 51.0, 11.5 ], "autoUv": false },
				"up": { "texture": "#forlornhopeWIP", "uv": [ 44.0, 0.0, 51.0, 6.0 ], "rotation": 90, "autoUv": false },
				"down": { "texture": "#forlornhopeWIP", "uv": [ 51.0, 0.0, 58.0, 6.0 ], "rotation": 270, "autoUv": false }
			},
			"children": [
				{
					"name": "ArmorFauldFront",
					"from": [ 0.0, -0.75, 0.075 ],
					"to": [ 0.45, 0.0, 5.175 ],
					"uv": [ 23.5, 12.5 ],
					"rotationOrigin": [ 0.225, 0.0, 2.625 ],
					"rotationZ": -22.5,
					"faces": {
						"north": { "texture": "#forlornhopeWIP", "uv": [ 23.5, 13.0, 24.0, 14.0 ], "autoUv": false },
						"east": { "texture": "#forlornhopeWIP", "uv": [ 24.0, 13.0, 30.5, 14.0 ], "autoUv": false },
						"south": { "texture": "#forlornhopeWIP", "uv": [ 30.5, 13.0, 31.0, 14.0 ], "autoUv": false },
						"west": { "texture": "#forlornhopeWIP", "uv": [ 31.0, 13.0, 37.5, 14.0 ], "autoUv": false },
						"down": { "texture": "#forlornhopeWIP", "uv": [ 23.5, 12.5, 30.0, 13.0 ], "rotation": 90, "autoUv": false }
					}
				},
				{
					"name": "Breasts",
					"from": [ -0.75, 2.4, 0.0075 ],
					"to": [ 0.75, 4.05, 5.2425 ],
					"unwrapMode": 1,
					"autoUnwrap": false,
					"uv": [ 36.0, -0.5 ],
					"rotationOrigin": [ -0.75, 2.25, 0.0 ],
					"rotationZ": -25.0,
					"faces": {
						"north": { "texture": "#forlornhopeWIP", "uv": [ 42.5, 6.0, 44.5, 8.0 ], "autoUv": false },
						"east": { "texture": "#forlornhopeWIP", "uv": [ 36.0, 6.0, 42.5, 8.0 ], "autoUv": false },
						"south": { "texture": "#forlornhopeWIP", "uv": [ 51.0, 6.0, 53.0, 8.0 ], "autoUv": false },
						"west": { "texture": "#forlornhopeWIP", "uv": [ 44.5, 6.0, 51.0, 8.0 ], "autoUv": false },
						"up": { "texture": "#forlornhopeWIP", "uv": [ 44.5, 4.0, 51.0, 6.0 ], "rotation": 270, "autoUv": false, "windMode": [-1,-1,-1,-1], "windData": [1,1,1,1] },
						"down": { "texture": "#forlornhopeWIP", "uv": [ 44.5, 7.5, 51.0, 9.5 ], "rotation": 90, "autoUv": false }
					}
				}
			]
		},
		{
			"name": "ArmorLowerTorso",
			"stepParentName": "LowerTorso",
			"from": [ -0.225, -0.375, -0.225 ],
			"to": [ 3.975, 3.825, 4.725 ],
			"autoUnwrap": false,
			"uv": [ 39.5, 8.0 ],
			"rotationOrigin": [ -0.225, -0.375, -0.225 ],
			"faces": {
				"north": { "texture": "#forlornhopeWIP", "uv": [ 38.5, 12.0, 44.0, 17.5 ], "autoUv": false },
				"east": { "texture": "#forlornhopeWIP", "uv": [ 56.0, 12.0, 62.5, 17.5 ], "autoUv": false },
				"south": { "texture": "#forlornhopeWIP", "uv": [ 50.5, 12.0, 56.0, 17.5 ], "autoUv": false },
				"west": { "texture": "#forlornhopeWIP", "uv": [ 44.0, 12.0, 50.5, 17.5 ], "autoUv": false },
				"up": { "texture": "#forlornhopeWIP", "uv": [ 44.0, 17.5, 50.5, 23.0 ], "rotation": 90, "autoUv": false },
				"down": { "texture": "#forlornhopeWIP", "uv": [ 56.0, 17.5, 62.5, 23.0 ], "rotation": 90, "autoUv": false }
			}
		},
		{
			"name": "ArmorLowerArmR",
			"stepParentName": "LowerArmR",
			"from": [ -0.15, -0.225, -0.1875 ],
			"to": [ 2.025, 6.075, 1.6875 ],
			"autoUnwrap": false,
			"uv": [ 50.5, 40.0 ],
			"rotationOrigin": [ -0.15, -0.225, -0.3 ],
			"faces": {
				"north": { "texture": "#forlornhopeWIP", "uv": [ 45.5, 53.5, 48.0, 61.5 ], "autoUv": false },
				"east": { "texture": "#forlornhopeWIP", "uv": [ 43.0, 53.5, 45.5, 61.5 ], "autoUv": false },
				"south": { "texture": "#forlornhopeWIP", "uv": [ 50.5, 53.5, 53.0, 61.5 ], "autoUv": false },
				"west": { "texture": "#forlornhopeWIP", "uv": [ 48.0, 53.5, 50.5, 61.5 ], "autoUv": false },
				"up": { "texture": "#forlornhopeWIP", "uv": [ 45.5, 51.0, 48.0, 53.5 ], "autoUv": false },
				"down": { "texture": "#forlornhopeWIP", "uv": [ 45.5, 61.5, 48.0, 64.0 ], "autoUv": false }
			},
			"children": [
				{
					"name": "ArmorBracerR",
					"from": [ -0.15, 2.175, -0.3 ],
					"to": [ 2.325, 5.175, 0.675 ],
					"autoUnwrap": false,
					"uv": [ 48.5, 34.5 ],
					"rotationOrigin": [ 1.125, 2.175, -0.3 ],
					"faces": {
						"north": { "texture": "#forlornhopeWIP", "uv": [ 42.0, 31.0, 45.0, 35.0 ], "autoUv": false },
						"east": { "texture": "#forlornhopeWIP", "uv": [ 41.0, 31.0, 42.0, 35.0 ], "autoUv": false },
						"south": { "texture": "#forlornhopeWIP", "uv": [ 46.0, 31.0, 49.0, 35.0 ], "autoUv": false },
						"west": { "texture": "#forlornhopeWIP", "uv": [ 45.0, 31.0, 46.0, 35.0 ], "autoUv": false },
						"up": { "texture": "#forlornhopeWIP", "uv": [ 42.0, 30.0, 45.0, 31.0 ], "rotation": 180, "autoUv": false },
						"down": { "texture": "#forlornhopeWIP", "uv": [ 42.0, 35.0, 45.0, 36.0 ], "autoUv": false }
					}
				},
				{
					"name": "ArmorHandR",
					"stepParentName": "LowerArmR",
					"from": [ -0.375, -0.375, -0.6 ],
					"to": [ 2.25, 2.175, 0.75 ],
					"autoUnwrap": false,
					"uv": [ 32.0, 40.0 ],
					"rotationOrigin": [ -0.375, -0.375, -0.6 ],
					"faces": {
						"north": { "texture": "#forlornhopeWIP", "uv": [ 12.5, 13.0, 16.0, 16.0 ], "autoUv": false },
						"east": { "texture": "#forlornhopeWIP", "uv": [ 11.0, 13.0, 12.5, 16.0 ], "autoUv": false },
						"south": { "texture": "#forlornhopeWIP", "uv": [ 17.5, 13.0, 21.0, 16.0 ], "autoUv": false },
						"west": { "texture": "#forlornhopeWIP", "uv": [ 16.0, 13.0, 17.5, 16.0 ], "autoUv": false },
						"up": { "texture": "#forlornhopeWIP", "uv": [ 12.5, 11.5, 16.0, 13.0 ], "autoUv": false },
						"down": { "texture": "#forlornhopeWIP", "uv": [ 12.5, 16.0, 16.0, 17.5 ], "autoUv": false }
					}
				}
			]
		},
		{
			"name": "ArmorCoatR",
			"stepParentName": "UpperFootR",
			"from": [ -0.525, 0.9, -0.2625 ],
			"to": [ 3.675, 5.4, 2.3625 ],
			"autoUnwrap": false,
			"uv": [ 26.0, 21.5 ],
			"rotationOrigin": [ -0.525, 0.9, -0.375 ],
			"faces": {
				"north": { "texture": "#forlornhopeWIP", "uv": [ 18.5, 23.0, 24.0, 29.0 ], "autoUv": false },
				"east": { "texture": "#forlornhopeWIP", "uv": [ 33.0, 23.0, 36.5, 29.0 ], "autoUv": false },
				"south": { "texture": "#forlornhopeWIP", "uv": [ 27.5, 23.0, 33.0, 29.0 ], "autoUv": false },
				"west": { "texture": "#forlornhopeWIP", "uv": [ 24.0, 23.0, 27.5, 29.0 ], "autoUv": false },
				"up": { "texture": "#forlornhopeWIP", "uv": [ 24.0, 17.5, 27.5, 23.0 ], "rotation": 90, "autoUv": false },
				"down": { "texture": "#forlornhopeWIP", "uv": [ 27.5, 19.5, 33.0, 23.0 ], "autoUv": false }
			}
		},
		{
			"name": "ArmorCoatL",
			"stepParentName": "UpperFootL",
			"from": [ -0.525, 0.9, 0.0375 ],
			"to": [ 3.675, 5.4, 2.6625 ],
			"autoUnwrap": false,
			"uv": [ 0.0, 23.0 ],
			"rotationOrigin": [ -0.525, 0.9, -0.075 ],
			"faces": {
				"north": { "texture": "#forlornhopeWIP", "uv": [ 0.0, 23.0, 5.5, 29.0 ], "autoUv": false },
				"east": { "texture": "#forlornhopeWIP", "uv": [ 14.5, 23.0, 18.0, 29.0 ], "autoUv": false },
				"south": { "texture": "#forlornhopeWIP", "uv": [ 9.0, 23.0, 14.5, 29.0 ], "autoUv": false },
				"west": { "texture": "#forlornhopeWIP", "uv": [ 5.5, 23.0, 9.0, 29.0 ], "autoUv": false },
				"up": { "texture": "#forlornhopeWIP", "uv": [ 5.5, 17.5, 9.0, 23.0 ], "rotation": 90, "autoUv": false },
				"down": { "texture": "#forlornhopeWIP", "uv": [ 9.0, 19.5, 14.5, 23.0 ], "autoUv": false }
			}
		}
	]}