{
	"code": "sponge",
  "variantgroups": [
    {"code": "type","states": [ "luffaaegyptiaca"]}],

  "shapebytype": {
    "*": {
      "base": "item/resource/{type}"
    }
  },
  "texturesByType": {
    "*-luffaaegyptiaca": {"luffaaegyptiacasponge": { "base": "floralzoneseastasiaticregion:item/resource/luffaaegyptiacasponge" }}
  },
	"durabilitybytype": {
		"*": 10
	},
	"creativeinventory": { "general": ["*"], "items": ["*"] },
	"maxstacksize": 1,
	"attributes": {
		"handbook": {"groupBy": ["sponge-*"]},
		"displaycaseable": false, 
		"shelvable": false,
		"onDisplayTransform": {
			"translation": { "x": 0, "y": -0.05, "z": 0.0 },
			"rotation": { "x": 0, "y": -45, "z": 0 },
			"origin": { "x": 0.5, "y": 0.5, "z": 0.5 },
			"scale": 1.0
		},
		"groundStorageTransform": {
			"translation": { "x": 0, "y": 0.0, "z": -0.0 },
			"rotation": { "x": 0, "y": 90, "z": 0 },
			"scale": 3.5
		}
	},
  "sounds": {
    "walk": "game:walk/plant"
  },
	"materialDensity": 500,
	"heldTpHitAnimation": "breaktool",
	"fpHandTransform": {
		"translation": { "x": 0, "y": -0.5, "z": -1.5 },
		"rotation": { "x": 180, "y": 0, "z": 90 },
		"scale": 3
	},
	"combustibleProps": {
		"burnTemperature": 600,
		"burnDuration": 10
	},
	"guiTransformByType": {
    "*": {"translation": {"x": 0,"y": 1,"z": 0},"rotation": {"x": 0,"y": 145,"z": 90},"origin": {"x": 0.5,"y": 0.1,"z": 0.5},"scale": 2.5}
	},
	"tpHandTransform": {
		"translation": { "x": -0.85, "y": -0.10, "z": -0.65},
		"rotation": { "x": -90, "y": 90, "z": 0 },
		"origin": { "x": 0.5, "y": 0.0, "z": 0.5 },
		"scale": 0.65
	},

		"groundTransform": {
		"translation": { "x": 0, "y": 0, "z": 0 },
		"rotation": { "x": 0, "y": 0, "z": 0 },
		"origin": { "x": 0.5, "y": 0.0, "z": 0.5299 },
		"scale": 0.65
	}
	

}