{
	"editor": {
		"allAngles": true,
		"entityTextureMode": false
	},
	"textureWidth": 8,
	"textureHeight": 8,
	"textureSizes": {
	},
	"textures": {
		"oak": "item/resource/seeds/oak",
		"reedrope": "block/cloth/ropedcloth"
	},
	"elements": [
		{
			"name": "hideme",
			"stepParentName": "UpperTorso",
			"from": [ 2.0, 5.0, 3.0 ], 
			"to": [ 2.0, 5.0, 3.0 ], 
			"rotationOrigin": [ 2.0, 5.0, 3.0 ],
			"faces": {
				"north": { "texture": "#oak", "uv": [ 0.0, 0.0, 0.5, 0.5 ], "enabled": false },
				"east": { "texture": "#oak", "uv": [ 0.0, 0.0, 0.5, 0.5 ], "enabled": false },
				"south": { "texture": "#oak", "uv": [ 0.0, 0.0, 0.5, 0.5 ], "enabled": false },
				"west": { "texture": "#oak", "uv": [ 0.0, 0.0, 0.5, 0.5 ], "enabled": false },
				"up": { "texture": "#oak", "uv": [ 0.0, 0.0, 0.5, 0.5 ], "enabled": false },
				"down": { "texture": "#oak", "uv": [ 0.0, 0.0, 0.5, 0.5 ], "enabled": false }
			},
			"children": [
				{
					"name": "acorn",
					"from": [ -2.8, -3.0, -0.3 ], 
					"to": [ -2.0, -1.5, 0.5 ], 
					"rotationOrigin": [ -2.4, -1.5, 0.1 ],
					"rotationX": -9.000000326445022,
					"rotationY": -45.00000137831748,
					"rotationZ": -10.000000056017633,
					"faces": {
						"north": { "texture": "#oak", "uv": [ 5.5, 3.0, 6.0, 4.5 ], "rotation": 180 },
						"east": { "texture": "#oak", "uv": [ 1.5, 3.0, 2.0, 4.5 ], "rotation": 180 },
						"south": { "texture": "#oak", "uv": [ 1.5, 3.0, 2.0, 4.5 ], "rotation": 180 },
						"west": { "texture": "#oak", "uv": [ 3.0, 3.0, 3.5, 4.5 ], "rotation": 180 },
						"up": { "texture": "#oak", "uv": [ 6.5, 0.0, 7.0, 0.5 ] },
						"down": { "texture": "#oak", "uv": [ 2.5, 0.5, 3.0, 1.0 ] }
					},
					"children": [
						{
							"name": "acorn top",
							"from": [ -0.1, 1.0, -0.1 ], 
							"to": [ 0.9, 1.3, 0.9 ], 
							"rotationOrigin": [ 0.4, 1.0, 0.4 ],
							"faces": {
								"north": { "texture": "#oak", "uv": [ 3.0, 7.0, 4.0, 7.5 ] },
								"east": { "texture": "#oak", "uv": [ 2.0, 5.0, 3.0, 5.5 ] },
								"south": { "texture": "#oak", "uv": [ 2.5, 4.0, 3.5, 4.5 ] },
								"west": { "texture": "#oak", "uv": [ 2.0, 4.5, 3.0, 5.0 ] },
								"up": { "texture": "#oak", "uv": [ 7.0, 0.5, 8.0, 1.5 ] },
								"down": { "texture": "#oak", "uv": [ 7.0, 0.0, 8.0, 1.0 ] }
							}
						},
						{
							"name": "string R1",
							"from": [ 0.2, 1.5, 0.1 ], 
							"to": [ 0.4, 3.0, 0.3 ], 
							"rotationOrigin": [ 0.3, 1.5, 0.2 ],
							"rotationX": -15.0,
							"rotationZ": 15.0,
							"faces": {
								"north": { "texture": "#reedrope", "uv": [ 0.0, 0.0, 0.25, 1.5 ] },
								"east": { "texture": "#reedrope", "uv": [ 0.0, 0.0, 0.25, 1.5 ] },
								"south": { "texture": "#reedrope", "uv": [ 0.0, 0.0, 0.25, 1.5 ] },
								"west": { "texture": "#reedrope", "uv": [ 0.0, 0.0, 0.25, 1.5 ] },
								"up": { "texture": "#reedrope", "uv": [ 0.0, 0.0, 0.25, 0.25 ], "enabled": false },
								"down": { "texture": "#reedrope", "uv": [ 0.0, 0.0, 0.25, 0.25 ], "enabled": false }
							}
						},
						{
							"name": "string L1",
							"from": [ 0.5, 1.5, 0.5 ], 
							"to": [ 0.7, 3.0, 0.7 ], 
							"rotationOrigin": [ 0.6, 1.5, 0.6 ],
							"rotationX": 15.0,
							"rotationZ": -15.0,
							"faces": {
								"north": { "texture": "#reedrope", "uv": [ 0.0, 0.0, 0.25, 1.5 ] },
								"east": { "texture": "#reedrope", "uv": [ 0.0, 0.0, 0.25, 1.5 ] },
								"south": { "texture": "#reedrope", "uv": [ 0.0, 0.0, 0.25, 1.5 ] },
								"west": { "texture": "#reedrope", "uv": [ 0.0, 0.0, 0.25, 1.5 ] },
								"up": { "texture": "#reedrope", "uv": [ 0.0, 0.0, 0.25, 0.25 ], "enabled": false },
								"down": { "texture": "#reedrope", "uv": [ 0.0, 0.0, 0.25, 0.25 ], "enabled": false }
							}
						}
					]
				},
				{
					"name": "string back",
					"from": [ 2.2, 0.2, -1.4 ], 
					"to": [ 2.4, 0.4, 1.6 ], 
					"rotationOrigin": [ 2.3, 0.3, 0.1 ],
					"rotationZ": 45.0,
					"faces": {
						"north": { "texture": "#reedrope", "uv": [ 0.0, 0.0, 0.25, 0.25 ] },
						"east": { "texture": "#reedrope", "uv": [ 0.0, 0.0, 3.0, 0.25 ] },
						"south": { "texture": "#reedrope", "uv": [ 0.0, 0.0, 0.25, 0.25 ] },
						"west": { "texture": "#reedrope", "uv": [ 0.0, 0.0, 3.0, 0.25 ] },
						"up": { "texture": "#reedrope", "uv": [ 0.0, 0.0, 0.25, 3.0 ] },
						"down": { "texture": "#reedrope", "uv": [ 0.0, 0.0, 0.25, 3.0 ] }
					}
				},
				{
					"name": "string R2",
					"from": [ -1.0, 0.2, -1.5 ], 
					"to": [ 2.3, 0.4, -1.3 ], 
					"rotationOrigin": [ 0.4, 0.3, -1.4 ],
					"rotationX": 45.0,
					"faces": {
						"north": { "texture": "#reedrope", "uv": [ 0.0, 0.0, 3.25, 0.25 ] },
						"east": { "texture": "#reedrope", "uv": [ 0.0, 0.0, 0.25, 0.25 ] },
						"south": { "texture": "#reedrope", "uv": [ 0.0, 0.0, 3.25, 0.25 ] },
						"west": { "texture": "#reedrope", "uv": [ 0.0, 0.0, 0.25, 0.25 ] },
						"up": { "texture": "#reedrope", "uv": [ 0.0, 0.0, 3.25, 0.25 ] },
						"down": { "texture": "#reedrope", "uv": [ 0.0, 0.0, 3.25, 0.25 ] }
					}
				},
				{
					"name": "string L2",
					"from": [ -1.0, 0.2, 1.5 ], 
					"to": [ 2.3, 0.4, 1.7 ], 
					"rotationOrigin": [ 0.4, 0.3, 1.6 ],
					"rotationX": 45.0,
					"faces": {
						"north": { "texture": "#reedrope", "uv": [ 0.0, 0.0, 3.25, 0.25 ] },
						"east": { "texture": "#reedrope", "uv": [ 0.0, 0.0, 0.25, 0.25 ] },
						"south": { "texture": "#reedrope", "uv": [ 0.0, 0.0, 3.25, 0.25 ] },
						"west": { "texture": "#reedrope", "uv": [ 0.0, 0.0, 0.25, 0.25 ] },
						"up": { "texture": "#reedrope", "uv": [ 0.0, 0.0, 3.25, 0.25 ] },
						"down": { "texture": "#reedrope", "uv": [ 0.0, 0.0, 3.25, 0.25 ] }
					}
				},
				{
					"name": "string R3",
					"from": [ -2.3, -0.1, -1.0 ], 
					"to": [ -0.8, 0.1, -0.8 ], 
					"rotationOrigin": [ -1.8, 0.0, -0.9 ],
					"rotationY": 33.0,
					"rotationZ": 17.0,
					"faces": {
						"north": { "texture": "#reedrope", "uv": [ 0.0, 0.0, 1.5, 0.25 ] },
						"east": { "texture": "#reedrope", "uv": [ 0.0, 0.0, 0.25, 0.25 ] },
						"south": { "texture": "#reedrope", "uv": [ 0.0, 0.0, 1.5, 0.25 ] },
						"west": { "texture": "#reedrope", "uv": [ 0.0, 0.0, 0.25, 0.25 ] },
						"up": { "texture": "#reedrope", "uv": [ 0.0, 0.0, 1.5, 0.25 ] },
						"down": { "texture": "#reedrope", "uv": [ 0.0, 0.0, 1.5, 0.25 ] }
					}
				},
				{
					"name": "string L",
					"from": [ -2.3, -0.1, 1.0 ], 
					"to": [ -0.8, 0.1, 1.2 ], 
					"rotationOrigin": [ -1.8, 0.0, 1.1 ],
					"rotationY": -33.0,
					"rotationZ": 17.0,
					"faces": {
						"north": { "texture": "#reedrope", "uv": [ 0.0, 0.0, 1.5, 0.25 ] },
						"east": { "texture": "#reedrope", "uv": [ 0.0, 0.0, 0.25, 0.25 ] },
						"south": { "texture": "#reedrope", "uv": [ 0.0, 0.0, 1.5, 0.25 ] },
						"west": { "texture": "#reedrope", "uv": [ 0.0, 0.0, 0.25, 0.25 ] },
						"up": { "texture": "#reedrope", "uv": [ 0.0, 0.0, 1.5, 0.25 ] },
						"down": { "texture": "#reedrope", "uv": [ 0.0, 0.0, 1.5, 0.25 ] }
					}
				}
			]
		}
	]}