{
	"editor": {
		"backDropShape": "entity/humanoid/villager-male",
		"allAngles": true,
		"entityTextureMode": false
	},
	"textureWidth": 8,
	"textureHeight": 4,
	"textureSizes": {
		"coppertarnished2": [8,4],
		"lapislazuli": [16,16]
	},
	"textures": {
		"lapislazuli": "block/stone/gem/lapislazuli",
		"coppertarnished2": "entity/humanoid/seraphclothes/neck/chain/coppertarnished2"
	},
	"elements": [
		{
			"name": "hideme",
			"stepParentName": "Neck",
			"from": [ 2.0, 2.0, 1.5 ],
			"to": [ 2.0, 2.0, 1.5 ],
			"rotationOrigin": [ 2.0, 2.0, 1.5 ],
			"faces": {
			},
			"children": [
				{
					"name": "chainback",
					"from": [ 1.0, -0.2, -1.8 ],
					"to": [ 1.2, 0.0, 1.8 ],
					"rotationOrigin": [ 1.0, 0.0, 0.2 ],
					"faces": {
						"north": { "texture": "#coppertarnished2", "uv": [ 4.5, 0.5, 5.0, 1.0 ] },
						"east": { "texture": "#coppertarnished2", "uv": [ 1.0, 1.5, 4.5, 2.0 ] },
						"south": { "texture": "#coppertarnished2", "uv": [ 1.0, 1.5, 1.5, 2.0 ] },
						"west": { "texture": "#coppertarnished2", "uv": [ 3.5, 1.0, 7.0, 1.5 ] },
						"up": { "texture": "#coppertarnished2", "uv": [ 0.5, 0.0, 1.0, 3.5 ] },
						"down": { "texture": "#coppertarnished2", "uv": [ 7.0, 0.0, 7.5, 3.5 ] }
					},
					"children": [
						{
							"name": "chainR1",
							"from": [ -3.0, 0.0, 0.0 ],
							"to": [ 0.0, 0.2, 0.2 ],
							"rotationOrigin": [ 0.0, 0.1, 0.1 ],
							"rotationY": 5.0,
							"rotationZ": -3.0,
							"faces": {
								"north": { "texture": "#coppertarnished2", "uv": [ 3.5, 1.5, 6.5, 2.0 ] },
								"east": { "texture": "#coppertarnished2", "uv": [ 6.0, 2.5, 6.5, 3.0 ] },
								"south": { "texture": "#coppertarnished2", "uv": [ 2.5, 1.5, 5.5, 2.0 ] },
								"west": { "texture": "#coppertarnished2", "uv": [ 1.5, 1.5, 2.0, 2.0 ] },
								"up": { "texture": "#coppertarnished2", "uv": [ 4.5, 0.5, 7.5, 1.0 ] },
								"down": { "texture": "#coppertarnished2", "uv": [ 2.0, 1.0, 5.0, 1.5 ] }
							},
							"children": [
								{
									"name": "chainR2",
									"from": [ -1.0, 0.0, 0.0 ],
									"to": [ 0.0, 0.2, 0.2 ],
									"rotationOrigin": [ 0.0, 0.2, 0.2 ],
									"rotationY": 15.0,
									"rotationZ": 10.0,
									"faces": {
										"north": { "texture": "#coppertarnished2", "uv": [ 5.0, 2.5, 6.0, 3.0 ] },
										"east": { "texture": "#coppertarnished2", "uv": [ 3.0, 1.5, 3.5, 2.0 ] },
										"south": { "texture": "#coppertarnished2", "uv": [ 6.5, 1.5, 7.5, 2.0 ] },
										"west": { "texture": "#coppertarnished2", "uv": [ 0.0, 1.0, 0.5, 1.5 ] },
										"up": { "texture": "#coppertarnished2", "uv": [ 1.5, 3.0, 2.5, 3.5 ] },
										"down": { "texture": "#coppertarnished2", "uv": [ 0.0, 1.5, 1.0, 2.0 ] }
									},
									"children": [
										{
											"name": "chainR3",
											"from": [ -2.5, 0.0, 0.0 ],
											"to": [ -0.1, 0.2, 0.2 ],
											"rotationOrigin": [ -0.1, 0.2, 0.2 ],
											"rotationY": 6.0,
											"rotationZ": 67.5,
											"faces": {
												"north": { "texture": "#coppertarnished2", "uv": [ 5.0, 1.5, 7.0, 2.0 ] },
												"east": { "texture": "#coppertarnished2", "uv": [ 4.0, 0.0, 4.5, 0.5 ] },
												"south": { "texture": "#coppertarnished2", "uv": [ 2.0, 2.0, 4.0, 2.5 ] },
												"west": { "texture": "#coppertarnished2", "uv": [ 2.5, 0.0, 3.0, 0.5 ] },
												"up": { "texture": "#coppertarnished2", "uv": [ 4.0, 0.5, 6.0, 1.0 ] },
												"down": { "texture": "#coppertarnished2", "uv": [ 3.0, 3.0, 5.0, 3.5 ] }
											},
											"children": [
												{
													"name": "chainR4",
													"from": [ -0.1, 0.0, 0.1 ],
													"to": [ 0.1, 0.2, 1.1 ],
													"rotationOrigin": [ 0.1, 0.2, 0.1 ],
													"rotationX": -5.0,
													"rotationY": -40.0,
													"faces": {
														"north": { "texture": "#coppertarnished2", "uv": [ 1.5, 0.5, 2.0, 1.0 ] },
														"east": { "texture": "#coppertarnished2", "uv": [ 0.0, 2.0, 1.0, 2.5 ] },
														"south": { "texture": "#coppertarnished2", "uv": [ 0.5, 0.0, 1.0, 0.5 ] },
														"west": { "texture": "#coppertarnished2", "uv": [ 6.0, 2.5, 7.0, 3.0 ] },
														"up": { "texture": "#coppertarnished2", "uv": [ 7.0, 0.0, 7.5, 1.0 ] },
														"down": { "texture": "#coppertarnished2", "uv": [ 1.0, 2.0, 1.5, 3.0 ] }
													}
												}
											]
										}
									]
								}
							]
						},
						{
							"name": "chainL1",
							"from": [ -3.0, 0.0, 3.4 ],
							"to": [ 0.0, 0.2, 3.6 ],
							"rotationOrigin": [ 0.0, 0.1, 3.5 ],
							"rotationY": -5.0,
							"rotationZ": -3.0,
							"faces": {
								"north": { "texture": "#coppertarnished2", "uv": [ 2.0, 2.0, 5.0, 2.5 ] },
								"east": { "texture": "#coppertarnished2", "uv": [ 2.0, 3.0, 2.5, 3.5 ] },
								"south": { "texture": "#coppertarnished2", "uv": [ 3.5, 0.0, 6.5, 0.5 ] },
								"west": { "texture": "#coppertarnished2", "uv": [ 1.0, 0.5, 1.5, 1.0 ] },
								"up": { "texture": "#coppertarnished2", "uv": [ 0.0, 0.0, 3.0, 0.5 ] },
								"down": { "texture": "#coppertarnished2", "uv": [ 2.5, 2.0, 5.5, 2.5 ] }
							},
							"children": [
								{
									"name": "chainL2",
									"from": [ -1.0, 0.0, 0.0 ],
									"to": [ 0.0, 0.2, 0.2 ],
									"rotationOrigin": [ 0.0, 0.2, 0.2 ],
									"rotationY": -15.0,
									"rotationZ": 10.0,
									"faces": {
										"north": { "texture": "#coppertarnished2", "uv": [ 4.0, 2.0, 5.0, 2.5 ] },
										"east": { "texture": "#coppertarnished2", "uv": [ 5.5, 0.0, 6.0, 0.5 ] },
										"south": { "texture": "#coppertarnished2", "uv": [ 5.0, 0.0, 6.0, 0.5 ] },
										"west": { "texture": "#coppertarnished2", "uv": [ 2.0, 2.5, 2.5, 3.0 ] },
										"up": { "texture": "#coppertarnished2", "uv": [ 5.0, 1.0, 6.0, 1.5 ] },
										"down": { "texture": "#coppertarnished2", "uv": [ 3.5, 1.5, 4.5, 2.0 ] }
									},
									"children": [
										{
											"name": "chainL3",
											"from": [ -2.4, 0.1, 0.0 ],
											"to": [ 0.0, 0.3, 0.2 ],
											"rotationOrigin": [ 0.0, 0.2, 0.2 ],
											"rotationY": -6.0,
											"rotationZ": 67.0,
											"faces": {
												"north": { "texture": "#coppertarnished2", "uv": [ 0.5, 2.5, 2.5, 3.0 ] },
												"east": { "texture": "#coppertarnished2", "uv": [ 1.0, 2.5, 1.5, 3.0 ] },
												"south": { "texture": "#coppertarnished2", "uv": [ 0.5, 0.0, 2.5, 0.5 ] },
												"west": { "texture": "#coppertarnished2", "uv": [ 3.0, 2.0, 3.5, 2.5 ] },
												"up": { "texture": "#coppertarnished2", "uv": [ 2.5, 0.5, 4.5, 1.0 ] },
												"down": { "texture": "#coppertarnished2", "uv": [ 2.5, 2.5, 4.5, 3.0 ] }
											},
											"children": [
												{
													"name": "chainL4",
													"from": [ 0.0, 0.0, -0.9 ],
													"to": [ 0.2, 0.2, 0.1 ],
													"rotationOrigin": [ 0.2, 0.2, 0.1 ],
													"rotationX": 5.0,
													"rotationY": 45.0,
													"faces": {
														"north": { "texture": "#coppertarnished2", "uv": [ 0.0, 3.0, 0.5, 3.5 ] },
														"east": { "texture": "#coppertarnished2", "uv": [ 3.5, 0.0, 4.5, 0.5 ] },
														"south": { "texture": "#coppertarnished2", "uv": [ 0.0, 1.5, 0.5, 2.0 ] },
														"west": { "texture": "#coppertarnished2", "uv": [ 3.0, 2.5, 4.0, 3.0 ] },
														"up": { "texture": "#coppertarnished2", "uv": [ 5.5, 0.5, 6.0, 1.5 ] },
														"down": { "texture": "#coppertarnished2", "uv": [ 1.0, 1.5, 1.5, 2.5 ] }
													}
												}
											]
										}
									]
								}
							]
						},
						{
							"name": "chainfront1",
							"from": [ -4.2, -0.1, 0.8 ],
							"to": [ -4.0, 0.1, 2.8 ],
							"rotationOrigin": [ -4.0, 0.1, 2.0 ],
							"rotationZ": 22.5,
							"faces": {
								"north": { "texture": "#coppertarnished2", "uv": [ 0.5, 2.5, 1.0, 3.0 ] },
								"east": { "texture": "#coppertarnished2", "uv": [ 2.5, 3.0, 4.5, 3.5 ] },
								"south": { "texture": "#coppertarnished2", "uv": [ 7.0, 0.5, 7.5, 1.0 ] },
								"west": { "texture": "#coppertarnished2", "uv": [ 2.0, 0.5, 4.0, 1.0 ] },
								"up": { "texture": "#coppertarnished2", "uv": [ 2.5, 0.0, 3.0, 2.0 ] },
								"down": { "texture": "#coppertarnished2", "uv": [ 4.0, 1.0, 4.5, 3.0 ] }
							},
							"children": [
								{
									"name": "gem1",
									"from": [ -0.2, 0.0, 0.2 ],
									"to": [ 0.0, 0.2, 0.4 ],
									"rotationOrigin": [ -0.1, 0.1, 0.3 ],
									"faces": {
										"north": { "texture": "#lapislazuli", "uv": [ 0.0, 0.0, 0.5, 0.5 ] },
										"south": { "texture": "#lapislazuli", "uv": [ 0.0, 0.0, 0.5, 0.5 ] },
										"west": { "texture": "#lapislazuli", "uv": [ 0.0, 0.0, 0.5, 0.5 ] },
										"up": { "texture": "#lapislazuli", "uv": [ 0.0, 0.0, 0.5, 0.5 ] },
										"down": { "texture": "#lapislazuli", "uv": [ 0.0, 0.0, 0.5, 0.5 ] }
									}
								},
								{
									"name": "gem2",
									"from": [ -0.2, 0.0, 1.6 ],
									"to": [ 0.0, 0.2, 1.8 ],
									"rotationOrigin": [ -0.1, 0.1, 1.7 ],
									"faces": {
										"north": { "texture": "#lapislazuli", "uv": [ 4.0, 1.0, 4.5, 1.5 ] },
										"south": { "texture": "#lapislazuli", "uv": [ 3.0, 2.5, 3.5, 3.0 ] },
										"west": { "texture": "#lapislazuli", "uv": [ 4.5, 3.0, 5.0, 3.5 ] },
										"up": { "texture": "#lapislazuli", "uv": [ 3.5, 3.0, 4.0, 3.5 ] },
										"down": { "texture": "#lapislazuli", "uv": [ 2.0, 0.5, 2.5, 1.0 ] }
									}
								},
								{
									"name": "gem3",
									"from": [ -0.4, -0.1, 0.8 ],
									"to": [ 0.0, 0.3, 1.2 ],
									"rotationOrigin": [ -0.1, 0.1, 0.95 ],
									"faces": {
										"north": { "texture": "#lapislazuli", "uv": [ 6.5, 3.5, 7.0, 4.0 ] },
										"east": { "texture": "#lapislazuli", "uv": [ 4.0, 13.0, 4.5, 13.5 ] },
										"south": { "texture": "#lapislazuli", "uv": [ 12.5, 3.0, 13.0, 3.5 ] },
										"west": { "texture": "#lapislazuli", "uv": [ 0.5, 13.0, 1.0, 13.5 ] },
										"up": { "texture": "#lapislazuli", "uv": [ 4.5, 11.0, 5.0, 11.5 ] },
										"down": { "texture": "#lapislazuli", "uv": [ 10.0, 8.0, 10.5, 8.5 ] }
									}
								}
							]
						},
						{
							"name": "chainfront2",
							"from": [ -4.3, -1.0, 0.95 ],
							"to": [ -4.1, -0.8, 2.65 ],
							"rotationOrigin": [ -4.1, -0.8, 1.9 ],
							"rotationZ": -8.0,
							"faces": {
								"north": { "texture": "#coppertarnished2", "uv": [ 1.0, 1.5, 1.5, 2.0 ] },
								"east": { "texture": "#coppertarnished2", "uv": [ 2.0, 0.0, 3.5, 0.5 ] },
								"south": { "texture": "#coppertarnished2", "uv": [ 0.0, 1.5, 0.5, 2.0 ] },
								"west": { "texture": "#coppertarnished2", "uv": [ 1.0, 3.0, 2.5, 3.5 ] },
								"up": { "texture": "#coppertarnished2", "uv": [ 4.0, 1.5, 4.5, 3.0 ] },
								"down": { "texture": "#coppertarnished2", "uv": [ 0.5, 0.5, 1.0, 2.0 ] }
							},
							"children": [
								{
									"name": "gem4",
									"from": [ -0.2, -0.1, 0.2 ],
									"to": [ 0.0, 0.1, 0.4 ],
									"rotationOrigin": [ -0.1, 0.0, 0.3 ],
									"faces": {
										"north": { "texture": "#lapislazuli", "uv": [ 13.0, 11.5, 13.5, 12.0 ] },
										"south": { "texture": "#lapislazuli", "uv": [ 8.5, 8.0, 9.0, 8.5 ] },
										"west": { "texture": "#lapislazuli", "uv": [ 3.5, 1.5, 4.0, 2.0 ] },
										"up": { "texture": "#lapislazuli", "uv": [ 11.0, 7.0, 11.5, 7.5 ] },
										"down": { "texture": "#lapislazuli", "uv": [ 8.5, 11.5, 9.0, 12.0 ] }
									}
								},
								{
									"name": "gem5",
									"from": [ -0.2, -0.1, 1.3 ],
									"to": [ 0.0, 0.1, 1.5 ],
									"rotationOrigin": [ -0.1, 0.0, 1.4 ],
									"faces": {
										"north": { "texture": "#lapislazuli", "uv": [ 13.0, 11.5, 13.5, 12.0 ] },
										"south": { "texture": "#lapislazuli", "uv": [ 8.5, 8.0, 9.0, 8.5 ] },
										"west": { "texture": "#lapislazuli", "uv": [ 3.5, 1.5, 4.0, 2.0 ] },
										"up": { "texture": "#lapislazuli", "uv": [ 11.0, 7.0, 11.5, 7.5 ] },
										"down": { "texture": "#lapislazuli", "uv": [ 8.5, 11.5, 9.0, 12.0 ] }
									}
								},
								{
									"name": "gem6",
									"from": [ -0.2, -0.1, 0.7 ],
									"to": [ 0.0, 0.1, 0.9 ],
									"rotationOrigin": [ -0.1, 0.0, 0.8 ],
									"faces": {
										"north": { "texture": "#lapislazuli", "uv": [ 13.0, 11.5, 13.5, 12.0 ] },
										"south": { "texture": "#lapislazuli", "uv": [ 8.5, 8.0, 9.0, 8.5 ] },
										"west": { "texture": "#lapislazuli", "uv": [ 3.5, 1.5, 4.0, 2.0 ] },
										"up": { "texture": "#lapislazuli", "uv": [ 11.0, 7.0, 11.5, 7.5 ] },
										"down": { "texture": "#lapislazuli", "uv": [ 8.5, 11.5, 9.0, 12.0 ] }
									}
								},
								{
									"name": "gem7",
									"from": [ -0.15, -1.75, 0.7 ],
									"to": [ 0.15, -1.45, 1.0 ],
									"rotationOrigin": [ 0.0, -1.6, 0.9 ],
									"rotationZ": 45.0,
									"faces": {
										"north": { "texture": "#lapislazuli", "uv": [ 0.0, 0.0, 0.5, 0.5 ] },
										"east": { "texture": "#lapislazuli", "uv": [ 0.0, 0.0, 0.5, 0.5 ] },
										"south": { "texture": "#lapislazuli", "uv": [ 0.0, 0.0, 0.5, 0.5 ] },
										"west": { "texture": "#lapislazuli", "uv": [ 0.0, 0.0, 0.5, 0.5 ] },
										"up": { "texture": "#lapislazuli", "uv": [ 0.0, 0.0, 0.5, 0.5 ] },
										"down": { "texture": "#lapislazuli", "uv": [ 0.0, 0.0, 0.5, 0.5 ] }
									}
								},
								{
									"name": "gem8",
									"from": [ -0.2, -1.4, 1.4 ],
									"to": [ 0.0, -1.2, 1.6 ],
									"rotationOrigin": [ -0.1, -1.3, 1.5 ],
									"faces": {
										"north": { "texture": "#lapislazuli", "uv": [ 0.0, 0.0, 0.5, 0.5 ] },
										"east": { "texture": "#lapislazuli", "uv": [ 0.0, 0.0, 0.5, 0.5 ] },
										"south": { "texture": "#lapislazuli", "uv": [ 0.0, 0.0, 0.5, 0.5 ] },
										"west": { "texture": "#lapislazuli", "uv": [ 0.0, 0.0, 0.5, 0.5 ] },
										"up": { "texture": "#lapislazuli", "uv": [ 0.0, 0.0, 0.5, 0.5 ] },
										"down": { "texture": "#lapislazuli", "uv": [ 0.0, 0.0, 0.5, 0.5 ] }
									}
								},
								{
									"name": "gem9",
									"from": [ -0.2, -1.5, 0.2 ],
									"to": [ 0.0, -1.3, 0.4 ],
									"rotationOrigin": [ -0.1, -1.4, 0.3 ],
									"faces": {
										"north": { "texture": "#lapislazuli", "uv": [ 0.0, 0.0, 0.5, 0.5 ] },
										"east": { "texture": "#lapislazuli", "uv": [ 0.0, 0.0, 0.5, 0.5 ] },
										"south": { "texture": "#lapislazuli", "uv": [ 0.0, 0.0, 0.5, 0.5 ] },
										"west": { "texture": "#lapislazuli", "uv": [ 0.0, 0.0, 0.5, 0.5 ] },
										"up": { "texture": "#lapislazuli", "uv": [ 0.0, 0.0, 0.5, 0.5 ] },
										"down": { "texture": "#lapislazuli", "uv": [ 0.0, 0.0, 0.5, 0.5 ] }
									}
								}
							]
						}
					]
				}
			]
		}
	]}