{
	"editor": {
		"backDropShape": "entity/humanoid/kobold",
		"collapsedPaths": "Root/bandN/toothR1,Root/bandN/toothL1",
		"allAngles": true,
		"entityTextureMode": false
	},
	"textureWidth": 8,
	"textureHeight": 8,
	"textureSizes": {
		"metal": [8,8],
		"chain": [8,4],
		"gem2": [4,4],
		"gem1": [4,4],
		"gem4": [4,4],
		"gem5": [4,4],
		"gem6": [4,4],
		"gem3": [4,4]
	},
	"textures": {
		"chain": "entity/humanoid/seraphclothes/neck/chain/gold",
		"gem2": "entity/humanoid/seraphclothes/neck/gem/emerald",
		"gem5": "entity/humanoid/seraphclothes/neck/gem/emerald",
		"gem4": "entity/humanoid/seraphclothes/neck/gem/opal",
		"gem3": "entity/humanoid/seraphclothes/neck/gem/ruby",
		"gem1": "entity/humanoid/seraphclothes/neck/gem/sapphire",
		"metal": "entity/humanoid/seraphclothes/neck/metal/gold"
	},
	"elements": [
		{
			"name": "origin",
			"stepParentName": "UpperTorso",
			"from": [ 2.0, 5.7, 2.9 ],
			"to": [ 2.0, 5.7, 2.9 ],
			"rotationOrigin": [ 2.0, 5.7, 2.9 ],
			"rotationZ": 5.0,
			"faces": {
			},
			"children": [
				{
					"name": "collarN",
					"from": [ -1.0, -0.7, -1.5 ],
					"to": [ 2.0, 0.3, -1.0 ],
					"rotationOrigin": [ -1.0, -0.7, -1.0 ],
					"faces": {
						"north": { "texture": "#metal", "uv": [ 2.5, 1.5, 5.5, 2.5 ] },
						"east": { "texture": "#metal", "uv": [ 5.0, 6.5, 5.5, 7.5 ] },
						"south": { "texture": "#metal", "uv": [ 0.5, 0.0, 3.5, 1.0 ] },
						"west": { "texture": "#metal", "uv": [ 7.0, 5.5, 7.5, 6.5 ] },
						"up": { "texture": "#metal", "uv": [ 1.0, 1.5, 4.0, 2.0 ] },
						"down": { "texture": "#metal", "uv": [ 1.0, 3.0, 4.0, 3.5 ] }
					},
					"children": [
						{
							"name": "Gem3",
							"from": [ 0.75, 0.25, -0.1 ],
							"to": [ 1.25, 0.75, 0.1 ],
							"rotationOrigin": [ 0.75, 0.25, -0.1 ],
							"faces": {
								"north": { "texture": "#gem5", "uv": [ 0.0, 0.0, 0.5, 0.5 ] },
								"east": { "texture": "#gem5", "uv": [ 0.0, 0.0, 0.5, 0.5 ] },
								"west": { "texture": "#gem5", "uv": [ 0.0, 0.0, 0.5, 0.5 ] },
								"up": { "texture": "#gem5", "uv": [ 0.0, 0.0, 0.5, 0.5 ] },
								"down": { "texture": "#gem5", "uv": [ 0.0, 0.0, 0.5, 0.5 ] }
							},
							"children": [
								{
									"name": "Gem4",
									"from": [ 1.5, 0.0, 0.0 ],
									"to": [ 2.0, 0.5, 0.2 ],
									"rotationOrigin": [ 1.5, 0.0, 0.0 ],
									"faces": {
										"north": { "texture": "#gem3", "uv": [ 0.0, 0.0, 0.5, 0.5 ] },
										"east": { "texture": "#gem3", "uv": [ 0.0, 0.0, 0.5, 0.5 ] },
										"west": { "texture": "#gem3", "uv": [ 0.0, 0.0, 0.5, 0.5 ] },
										"up": { "texture": "#gem3", "uv": [ 0.0, 0.0, 0.5, 0.5 ] },
										"down": { "texture": "#gem3", "uv": [ 0.0, 0.0, 0.5, 0.5 ] }
									}
								}
							]
						},
						{
							"name": "collarW",
							"from": [ -0.2132, -0.0675, 0.2 ],
							"to": [ 0.2868, 0.9325, 3.2 ],
							"rotationOrigin": [ -0.2132, -0.0675, 0.2 ],
							"rotationZ": -9.0,
							"faces": {
								"north": { "texture": "#metal", "uv": [ 6.5, 0.0, 7.0, 1.0 ] },
								"east": { "texture": "#metal", "uv": [ 2.0, 1.0, 5.0, 2.0 ] },
								"south": { "texture": "#metal", "uv": [ 6.0, 6.0, 6.5, 7.0 ] },
								"west": { "texture": "#metal", "uv": [ 1.5, 1.0, 4.5, 2.0 ] },
								"up": { "texture": "#metal", "uv": [ 2.0, 3.5, 5.0, 4.0 ], "rotation": 270 },
								"down": { "texture": "#metal", "uv": [ 0.0, 3.0, 3.0, 3.5 ], "rotation": 90 }
							},
							"children": [
								{
									"name": "collarGem",
									"from": [ -0.3, 0.0, 1.0 ],
									"to": [ 0.2, 1.0, 2.0 ],
									"rotationOrigin": [ -0.3, 0.0, 1.0 ],
									"rotationZ": -1.0,
									"faces": {
										"north": { "texture": "#gem1", "uv": [ 2.0, 0.0, 2.5, 1.0 ] },
										"south": { "texture": "#gem1", "uv": [ 3.0, 2.0, 3.5, 3.0 ] },
										"west": { "texture": "#gem1", "uv": [ 2.0, 1.5, 3.0, 2.5 ] },
										"up": { "texture": "#gem1", "uv": [ 2.0, 1.5, 2.5, 2.5 ] },
										"down": { "texture": "#gem1", "uv": [ 0.0, 1.5, 0.5, 2.5 ] }
									}
								}
							]
						},
						{
							"name": "collarS",
							"from": [ 0.0, 0.0, 2.9 ],
							"to": [ 3.0, 1.0, 3.4 ],
							"rotationOrigin": [ 0.0, 0.0, 2.9 ],
							"faces": {
								"north": { "texture": "#metal", "uv": [ 1.0, 4.0, 4.0, 5.0 ] },
								"east": { "texture": "#metal", "uv": [ 6.5, 4.5, 7.0, 5.5 ] },
								"south": { "texture": "#metal", "uv": [ 3.5, 3.5, 6.5, 4.5 ] },
								"west": { "texture": "#metal", "uv": [ 7.0, 4.0, 7.5, 5.0 ] },
								"up": { "texture": "#metal", "uv": [ 1.5, 2.0, 4.5, 2.5 ], "rotation": 180 },
								"down": { "texture": "#metal", "uv": [ 3.5, 6.0, 6.5, 6.5 ] }
							},
							"children": [
								{
									"name": "Gem1",
									"from": [ 0.75, 0.25, 0.4 ],
									"to": [ 1.25, 0.75, 0.6 ],
									"rotationOrigin": [ 0.75, 0.25, 0.4 ],
									"faces": {
										"east": { "texture": "#gem5", "uv": [ 0.0, 0.0, 0.5, 0.5 ] },
										"south": { "texture": "#gem5", "uv": [ 0.0, 0.0, 0.5, 0.5 ] },
										"west": { "texture": "#gem5", "uv": [ 0.0, 0.0, 0.5, 0.5 ] },
										"up": { "texture": "#gem5", "uv": [ 0.0, 0.0, 0.5, 0.5 ] },
										"down": { "texture": "#gem5", "uv": [ 0.0, 0.0, 0.5, 0.5 ] }
									},
									"children": [
										{
											"name": "Gem2",
											"from": [ 1.5, 0.0, 0.0 ],
											"to": [ 2.0, 0.5, 0.2 ],
											"rotationOrigin": [ 1.5, 0.0, 0.0 ],
											"faces": {
												"east": { "texture": "#gem3", "uv": [ 0.0, 0.0, 0.5, 0.5 ] },
												"south": { "texture": "#gem3", "uv": [ 0.0, 0.0, 0.5, 0.5 ] },
												"west": { "texture": "#gem3", "uv": [ 0.0, 0.0, 0.5, 0.5 ] },
												"up": { "texture": "#gem3", "uv": [ 0.0, 0.0, 0.5, 0.5 ] },
												"down": { "texture": "#gem3", "uv": [ 0.0, 0.0, 0.5, 0.5 ] }
											}
										}
									]
								}
							]
						},
						{
							"name": "collarE",
							"from": [ 2.7293, -0.0273, 0.1 ],
							"to": [ 3.2293, 0.9727, 3.3 ],
							"rotationOrigin": [ 2.7293, -0.0273, 0.1 ],
							"faces": {
								"north": { "texture": "#metal", "uv": [ 7.0, 3.0, 7.5, 4.0 ] },
								"east": { "texture": "#metal", "uv": [ 0.5, 4.0, 3.5, 5.0 ] },
								"south": { "texture": "#metal", "uv": [ 2.0, 0.5, 2.5, 1.5 ] },
								"west": { "texture": "#metal", "uv": [ 3.0, 1.5, 6.0, 2.5 ] },
								"up": { "texture": "#metal", "uv": [ 2.0, 1.5, 5.0, 2.0 ], "rotation": 90 },
								"down": { "texture": "#metal", "uv": [ 1.0, 4.5, 4.0, 5.0 ], "rotation": 90 }
							}
						}
					]
				},
				{
					"name": "hideme-chest",
					"from": [ -0.3, 5.2, 2.95 ],
					"to": [ -0.3, 5.2, 2.95 ],
					"rotationOrigin": [ -1.9, -0.5, 0.15 ],
					"rotationZ": -9.0,
					"faces": {
					},
					"children": [
						{
							"name": "pendant blue L",
							"from": [ -2.3, -6.5, -4.8 ],
							"to": [ -1.7, -5.9, -4.2 ],
							"rotationOrigin": [ -1.7, -5.9, -4.2 ],
							"rotationX": 17.0,
							"faces": {
								"north": { "texture": "#metal", "uv": [ 6.0, 2.5, 6.5, 3.0 ] },
								"east": { "texture": "#metal", "uv": [ 5.0, 1.0, 5.5, 1.5 ] },
								"south": { "texture": "#metal", "uv": [ 2.5, 5.0, 3.0, 5.5 ] },
								"west": { "texture": "#metal", "uv": [ 4.0, 3.0, 4.5, 3.5 ] },
								"up": { "texture": "#metal", "uv": [ 6.0, 7.0, 6.5, 7.5 ] },
								"down": { "texture": "#metal", "uv": [ 0.5, 0.0, 1.0, 0.5 ] }
							},
							"children": [
								{
									"name": "Cube28",
									"from": [ -0.1, 0.1, 0.1 ],
									"to": [ 0.4, 0.5, 0.5 ],
									"rotationOrigin": [ -0.1, 0.1, 0.1 ],
									"faces": {
										"north": { "texture": "#gem4", "uv": [ 3.0, 0.5, 3.5, 1.0 ] },
										"south": { "texture": "#gem4", "uv": [ 0.5, 2.0, 1.0, 2.5 ] },
										"west": { "texture": "#gem4", "uv": [ 1.0, 1.5, 1.5, 2.0 ] },
										"up": { "texture": "#gem4", "uv": [ 2.5, 0.5, 3.0, 1.0 ] },
										"down": { "texture": "#gem4", "uv": [ 1.5, 1.5, 2.0, 2.0 ] }
									}
								}
							]
						},
						{
							"name": "pendant blue R",
							"from": [ -2.3, -6.5, -1.4 ],
							"to": [ -1.7, -5.9, -0.8 ],
							"rotationOrigin": [ -1.8, -5.9, -1.4 ],
							"rotationX": -17.0,
							"faces": {
								"north": { "texture": "#metal", "uv": [ 1.5, 3.5, 2.0, 4.0 ] },
								"east": { "texture": "#metal", "uv": [ 6.5, 2.5, 7.0, 3.0 ] },
								"south": { "texture": "#metal", "uv": [ 5.0, 0.5, 5.5, 1.0 ] },
								"west": { "texture": "#metal", "uv": [ 4.0, 1.0, 4.5, 1.5 ] },
								"up": { "texture": "#metal", "uv": [ 3.0, 4.5, 3.5, 5.0 ] },
								"down": { "texture": "#metal", "uv": [ 2.5, 7.0, 3.0, 7.5 ] }
							},
							"children": [
								{
									"name": "Cube27",
									"from": [ -0.1, 0.1, 0.1 ],
									"to": [ 0.4, 0.5, 0.5 ],
									"rotationOrigin": [ -0.1, 0.1, 0.1 ],
									"faces": {
										"north": { "texture": "#gem4", "uv": [ 2.5, 1.5, 3.0, 2.0 ] },
										"south": { "texture": "#gem4", "uv": [ 0.5, 3.0, 1.0, 3.5 ] },
										"west": { "texture": "#gem4", "uv": [ 0.5, 2.5, 1.0, 3.0 ] },
										"up": { "texture": "#gem4", "uv": [ 2.5, 0.5, 3.0, 1.0 ] },
										"down": { "texture": "#gem4", "uv": [ 3.0, 1.5, 3.5, 2.0 ] }
									}
								}
							]
						},
						{
							"name": "pendant red L",
							"from": [ -2.3, -7.5, -5.1 ],
							"to": [ -1.7, -6.5, -4.1 ],
							"rotationOrigin": [ -1.8, -6.5, -4.1 ],
							"rotationX": -9.0,
							"rotationZ": 5.0,
							"faces": {
								"north": { "texture": "#metal", "uv": [ 5.0, 1.5, 5.5, 2.5 ] },
								"east": { "texture": "#metal", "uv": [ 1.0, 6.0, 2.0, 7.0 ] },
								"south": { "texture": "#metal", "uv": [ 1.0, 1.0, 1.5, 2.0 ] },
								"west": { "texture": "#metal", "uv": [ 2.0, 6.5, 3.0, 7.5 ] },
								"up": { "texture": "#metal", "uv": [ 6.0, 2.5, 6.5, 3.5 ] },
								"down": { "texture": "#metal", "uv": [ 1.5, 4.5, 2.0, 5.5 ] }
							},
							"children": [
								{
									"name": "Cube22",
									"from": [ -0.1, 0.2, 0.2 ],
									"to": [ 0.4, 0.8, 0.8 ],
									"rotationOrigin": [ -0.1, 0.2, 0.2 ],
									"faces": {
										"north": { "texture": "#gem3", "uv": [ 1.5, 1.0, 2.0, 1.5 ] },
										"south": { "texture": "#gem3", "uv": [ 2.5, 3.0, 3.0, 3.5 ] },
										"west": { "texture": "#gem3", "uv": [ 1.0, 2.0, 1.5, 2.5 ] },
										"up": { "texture": "#gem3", "uv": [ 0.5, 2.5, 1.0, 3.0 ] },
										"down": { "texture": "#gem3", "uv": [ 0.0, 3.0, 0.5, 3.5 ] }
									}
								}
							]
						},
						{
							"name": "pendant red R",
							"from": [ -2.3, -7.5, -1.5 ],
							"to": [ -1.7, -6.5, -0.5 ],
							"rotationOrigin": [ -1.7, -6.5, -1.5 ],
							"rotationX": 9.0,
							"rotationZ": 3.0,
							"faces": {
								"north": { "texture": "#metal", "uv": [ 6.0, 0.5, 6.5, 1.5 ] },
								"east": { "texture": "#metal", "uv": [ 2.5, 5.5, 3.5, 6.5 ] },
								"south": { "texture": "#metal", "uv": [ 5.5, 6.5, 6.0, 7.5 ] },
								"west": { "texture": "#metal", "uv": [ 5.5, 2.5, 6.5, 3.5 ] },
								"up": { "texture": "#metal", "uv": [ 2.5, 1.0, 3.0, 2.0 ] },
								"down": { "texture": "#metal", "uv": [ 1.0, 6.5, 1.5, 7.5 ] }
							},
							"children": [
								{
									"name": "Cube24",
									"from": [ -0.1, 0.2, 0.2 ],
									"to": [ 0.4, 0.8, 0.8 ],
									"rotationOrigin": [ -0.1, 0.2, 0.2 ],
									"rotationX": 0.0,
									"rotationY": 0.0,
									"rotationZ": 0.0,
									"faces": {
										"north": { "texture": "#gem3", "uv": [ 3.0, 2.5, 3.5, 3.0 ] },
										"south": { "texture": "#gem3", "uv": [ 0.0, 2.0, 0.5, 2.5 ] },
										"west": { "texture": "#gem3", "uv": [ 1.5, 1.5, 2.0, 2.0 ] },
										"up": { "texture": "#gem3", "uv": [ 2.0, 3.0, 2.5, 3.5 ] },
										"down": { "texture": "#gem3", "uv": [ 3.0, 0.0, 3.5, 0.5 ] }
									}
								}
							]
						},
						{
							"name": "pendant green R",
							"from": [ -2.2, -8.8, -1.9 ],
							"to": [ -1.6, -7.8, -0.9 ],
							"rotationOrigin": [ -1.7, -7.8, -1.9 ],
							"rotationX": -7.0,
							"rotationZ": 2.0,
							"faces": {
								"north": { "texture": "#metal", "uv": [ 3.0, 0.5, 3.5, 1.5 ] },
								"east": { "texture": "#metal", "uv": [ 2.5, 4.5, 3.5, 5.5 ] },
								"south": { "texture": "#metal", "uv": [ 1.0, 2.5, 1.5, 3.5 ] },
								"west": { "texture": "#metal", "uv": [ 1.0, 6.0, 2.0, 7.0 ] },
								"up": { "texture": "#metal", "uv": [ 1.5, 1.5, 2.0, 2.5 ] },
								"down": { "texture": "#metal", "uv": [ 4.0, 1.0, 4.5, 2.0 ] }
							},
							"children": [
								{
									"name": "Cube21",
									"from": [ -0.1, 0.2, 0.2 ],
									"to": [ 0.4, 0.8, 0.8 ],
									"rotationOrigin": [ -0.1, 0.2, 0.2 ],
									"faces": {
										"north": { "texture": "#gem2", "uv": [ 0.0, 2.5, 0.5, 3.0 ] },
										"south": { "texture": "#gem2", "uv": [ 2.0, 1.0, 2.5, 1.5 ] },
										"west": { "texture": "#gem2", "uv": [ 1.0, 0.5, 1.5, 1.0 ] },
										"up": { "texture": "#gem2", "uv": [ 0.0, 0.0, 0.5, 0.5 ] },
										"down": { "texture": "#gem2", "uv": [ 0.5, 0.0, 1.0, 0.5 ] }
									}
								}
							]
						},
						{
							"name": "pendant green L",
							"from": [ -2.2, -8.8, -4.7 ],
							"to": [ -1.6, -7.8, -3.7 ],
							"rotationOrigin": [ -1.6, -7.8, -3.7 ],
							"rotationX": 7.0,
							"rotationZ": 2.0,
							"faces": {
								"north": { "texture": "#metal", "uv": [ 5.5, 0.0, 6.0, 1.0 ] },
								"east": { "texture": "#metal", "uv": [ 3.0, 1.5, 4.0, 2.5 ] },
								"south": { "texture": "#metal", "uv": [ 3.0, 3.5, 3.5, 4.5 ] },
								"west": { "texture": "#metal", "uv": [ 5.5, 0.5, 6.5, 1.5 ] },
								"up": { "texture": "#metal", "uv": [ 6.5, 2.5, 7.0, 3.5 ] },
								"down": { "texture": "#metal", "uv": [ 1.5, 1.0, 2.0, 2.0 ] }
							},
							"children": [
								{
									"name": "Cube20",
									"from": [ -0.1, 0.2, 0.2 ],
									"to": [ 0.4, 0.8, 0.8 ],
									"rotationOrigin": [ -0.1, 0.2, 0.2 ],
									"faces": {
										"north": { "texture": "#gem2", "uv": [ 1.0, 3.0, 1.5, 3.5 ] },
										"south": { "texture": "#gem2", "uv": [ 2.5, 1.5, 3.0, 2.0 ] },
										"west": { "texture": "#gem2", "uv": [ 1.0, 0.5, 1.5, 1.0 ] },
										"up": { "texture": "#gem2", "uv": [ 2.5, 0.0, 3.0, 0.5 ] },
										"down": { "texture": "#gem2", "uv": [ 0.0, 1.0, 0.5, 1.5 ] }
									}
								}
							]
						},
						{
							"name": "Cube6",
							"from": [ -2.15, -6.0, -4.4 ],
							"to": [ -0.45, -5.5, -3.9 ],
							"rotationOrigin": [ -2.1, -6.0, -3.9 ],
							"rotationZ": 18.0,
							"faces": {
								"north": { "texture": "#chain", "uv": [ 4.5, 3.0, 6.0, 3.5 ] },
								"east": { "texture": "#chain", "uv": [ 3.5, 1.0, 4.0, 1.5 ] },
								"south": { "texture": "#chain", "uv": [ 6.0, 2.5, 7.5, 3.0 ] },
								"west": { "texture": "#chain", "uv": [ 0.0, 1.5, 0.5, 2.0 ] },
								"up": { "texture": "#chain", "uv": [ 0.5, 1.0, 2.0, 1.5 ] },
								"down": { "texture": "#chain", "uv": [ 0.5, 3.0, 2.0, 3.5 ] }
							},
							"children": [
								{
									"name": "Cube7",
									"from": [ -2.5, 0.0, -0.1 ],
									"to": [ 0.0, 0.5, 0.4 ],
									"rotationOrigin": [ 0.0, 0.5, 0.4 ],
									"rotationX": -15.0,
									"rotationZ": 76.0,
									"faces": {
										"north": { "texture": "#chain", "uv": [ 3.5, 2.5, 6.0, 3.0 ] },
										"east": { "texture": "#chain", "uv": [ 5.5, 1.0, 6.0, 1.5 ] },
										"south": { "texture": "#chain", "uv": [ 2.5, 0.5, 5.0, 1.0 ] },
										"west": { "texture": "#chain", "uv": [ 1.5, 2.5, 2.0, 3.0 ] },
										"up": { "texture": "#chain", "uv": [ 3.0, 3.0, 5.5, 3.5 ] },
										"down": { "texture": "#chain", "uv": [ 5.0, 1.5, 7.5, 2.0 ] }
									}
								},
								{
									"name": "Cube15",
									"from": [ -0.7, -2.3, 0.6 ],
									"to": [ -0.2, -1.8, 2.6 ],
									"rotationOrigin": [ -0.7, -2.3, 0.6 ],
									"rotationZ": -18.0,
									"faces": {
										"north": { "texture": "#chain", "uv": [ 1.5, 3.0, 2.0, 3.5 ] },
										"east": { "texture": "#chain", "uv": [ 5.5, 1.5, 7.5, 2.0 ] },
										"south": { "texture": "#chain", "uv": [ 1.5, 3.0, 2.0, 3.5 ] },
										"west": { "texture": "#chain", "uv": [ 3.5, 0.5, 5.5, 1.0 ] },
										"up": { "texture": "#chain", "uv": [ 3.5, 0.5, 5.5, 1.0 ], "rotation": 90 },
										"down": { "texture": "#chain", "uv": [ 3.5, 0.5, 4.0, 2.5 ] }
									}
								}
							]
						},
						{
							"name": "Cube8",
							"from": [ -2.15, -6.0, -1.6 ],
							"to": [ -0.45, -5.5, -1.1 ],
							"rotationOrigin": [ -2.1, -6.0, -1.6 ],
							"rotationZ": 18.0,
							"faces": {
								"north": { "texture": "#chain", "uv": [ 1.0, 0.5, 2.5, 1.0 ] },
								"east": { "texture": "#chain", "uv": [ 3.0, 1.0, 3.5, 1.5 ] },
								"south": { "texture": "#chain", "uv": [ 3.5, 2.5, 5.0, 3.0 ] },
								"west": { "texture": "#chain", "uv": [ 5.5, 3.0, 6.0, 3.5 ] },
								"up": { "texture": "#chain", "uv": [ 2.0, 1.5, 3.5, 2.0 ] },
								"down": { "texture": "#chain", "uv": [ 2.0, 0.5, 3.5, 1.0 ] }
							},
							"children": [
								{
									"name": "Cube9",
									"from": [ -2.5, 0.0, 0.0 ],
									"to": [ 0.0, 0.5, 0.5 ],
									"rotationOrigin": [ 0.0, 0.5, 0.0 ],
									"rotationX": 15.0,
									"rotationZ": 76.0,
									"faces": {
										"north": { "texture": "#chain", "uv": [ 0.5, 1.5, 3.0, 2.0 ] },
										"east": { "texture": "#chain", "uv": [ 1.0, 1.0, 1.5, 1.5 ] },
										"south": { "texture": "#chain", "uv": [ 0.0, 2.5, 2.5, 3.0 ] },
										"west": { "texture": "#chain", "uv": [ 0.0, 2.5, 0.5, 3.0 ] },
										"up": { "texture": "#chain", "uv": [ 2.5, 1.0, 5.0, 1.5 ] },
										"down": { "texture": "#chain", "uv": [ 5.0, 2.0, 7.5, 2.5 ] }
									}
								}
							]
						},
						{
							"name": "pendantVert",
							"from": [ -2.2, -10.2, -3.3 ],
							"to": [ -1.6, -8.2, -2.3 ],
							"rotationOrigin": [ -2.2, -8.2, -3.3 ],
							"rotationZ": 4.0,
							"faces": {
								"north": { "texture": "#metal", "uv": [ 4.0, 2.0, 4.5, 4.0 ] },
								"east": { "texture": "#metal", "uv": [ 2.5, 2.0, 3.5, 4.0 ], "windMode": [-1,-1,-1,-1], "windData": [1,1,1,1] },
								"south": { "texture": "#metal", "uv": [ 2.0, 5.5, 2.5, 7.5 ] },
								"west": { "texture": "#metal", "uv": [ 4.5, 3.5, 5.5, 5.5 ], "windMode": [-1,-1,-1,-1], "windData": [1,1,1,1] },
								"up": { "texture": "#metal", "uv": [ 0.0, 0.0, 0.5, 1.0 ], "windMode": [-1,-1,-1,-1], "windData": [1,1,1,1] },
								"down": { "texture": "#metal", "uv": [ 6.5, 5.0, 7.5, 5.5 ], "rotation": 90, "windMode": [-1,-1,-1,-1], "windData": [1,1,1,1] }
							},
							"children": [
								{
									"name": "PendantHoriz",
									"from": [ 0.0, 0.5, -0.5 ],
									"to": [ 0.6, 1.5, 1.5 ],
									"rotationOrigin": [ 0.0, 0.5, -0.5 ],
									"faces": {
										"north": { "texture": "#metal", "uv": [ 3.5, 3.0, 4.0, 4.0 ] },
										"east": { "texture": "#metal", "uv": [ 1.5, 6.0, 3.5, 7.0 ] },
										"south": { "texture": "#metal", "uv": [ 3.5, 4.0, 4.0, 5.0 ], "windMode": [-1,-1,-1,-1], "windData": [1,1,1,1] },
										"west": { "texture": "#metal", "uv": [ 4.0, 3.5, 6.0, 4.5 ] },
										"up": { "texture": "#metal", "uv": [ 5.0, 0.5, 5.5, 2.5 ] },
										"down": { "texture": "#metal", "uv": [ 6.5, 2.0, 7.0, 4.0 ] }
									}
								},
								{
									"name": "pendantGEM",
									"from": [ -0.2, 0.5, 0.0 ],
									"to": [ 0.3, 1.5, 1.0 ],
									"rotationOrigin": [ -0.2, 0.5, 0.0 ],
									"faces": {
										"north": { "texture": "#gem1", "uv": [ 0.5, 1.5, 2.5, 3.5 ], "windMode": [-1,-1,-1,-1], "windData": [1,1,1,1] },
										"south": { "texture": "#gem1", "uv": [ 0.5, 1.0, 2.5, 3.0 ], "windMode": [-1,-1,-1,-1], "windData": [1,1,1,1] },
										"west": { "texture": "#gem1", "uv": [ 1.0, 0.5, 3.0, 2.5 ] },
										"up": { "texture": "#gem1", "uv": [ 1.0, 1.5, 3.0, 3.5 ], "windMode": [-1,-1,-1,-1], "windData": [1,1,1,1] },
										"down": { "texture": "#gem1", "uv": [ 2.0, 0.5, 2.5, 1.5 ], "autoUv": false, "windMode": [-1,-1,-1,-1], "windData": [1,1,1,1] }
									}
								}
							]
						}
					]
				}
			]
		}
	]}