{
	"editor": {
		"backDropShape": "entity/humanoid/kobold",
		"allAngles": true,
		"entityTextureMode": false
	},
	"textureWidth": 16,
	"textureHeight": 16,
	"textureSizes": {
		"metal": [8,8],
		"chain": [8,4],
		"gem": [4,4],
		"irontarnished": [8,4]
	},
	"textures": {
		"rusty-iron": "block/metal/tarnished/rusty-iron",
		"irontarnished": "entity/humanoid/seraphclothes/neck/chain/irontarnished"
	},
	"elements": [
		{
			"name": "hideme",
			"stepParentName": "UpperTorso",
			"from": [ 2.0, 5.7, 3.1 ],
			"to": [ 2.0, 5.7, 3.1 ],
			"rotationOrigin": [ 1.0, 5.0, 3.1 ],
			"faces": {
			},
			"children": [
				{
					"name": "chainR1",
					"from": [ -1.2, -0.8, -2.0 ],
					"to": [ 2.3, -0.3, -1.5 ],
					"rotationOrigin": [ -1.2, -0.8, -1.5 ],
					"rotationZ": 7.0,
					"faces": {
						"north": { "texture": "#irontarnished", "uv": [ 4.0, 0.5, 7.5, 1.0 ] },
						"east": { "texture": "#irontarnished", "uv": [ 6.5, 1.5, 7.0, 2.0 ] },
						"south": { "texture": "#irontarnished", "uv": [ 0.0, 0.5, 3.5, 1.0 ] },
						"west": { "texture": "#irontarnished", "uv": [ 0.5, 2.0, 1.0, 2.5 ] },
						"up": { "texture": "#irontarnished", "uv": [ 2.0, 0.5, 5.5, 1.0 ] },
						"down": { "texture": "#irontarnished", "uv": [ 3.0, 0.5, 6.5, 1.0 ] }
					}
				},
				{
					"name": "chainL1",
					"from": [ -1.2, -0.8, 1.4 ],
					"to": [ 2.3, -0.3, 1.9 ],
					"rotationOrigin": [ -1.2, -0.8, 1.4 ],
					"rotationZ": 7.0,
					"faces": {
						"north": { "texture": "#irontarnished", "uv": [ 1.5, 1.5, 5.0, 2.0 ] },
						"east": { "texture": "#irontarnished", "uv": [ 4.5, 0.5, 5.0, 1.0 ] },
						"south": { "texture": "#irontarnished", "uv": [ 2.0, 1.5, 5.5, 2.0 ] },
						"west": { "texture": "#irontarnished", "uv": [ 3.0, 2.0, 3.5, 2.5 ] },
						"up": { "texture": "#irontarnished", "uv": [ 0.0, 0.0, 3.5, 0.5 ] },
						"down": { "texture": "#irontarnished", "uv": [ 0.0, 1.5, 3.5, 2.0 ] }
					}
				},
				{
					"name": "chainE",
					"from": [ 2.1, -0.4, -1.8 ],
					"to": [ 2.6, 0.1, 1.7 ],
					"rotationOrigin": [ 2.1, -0.4, -0.1 ],
					"rotationZ": 10.0,
					"faces": {
						"north": { "texture": "#irontarnished", "uv": [ 2.0, 2.0, 2.5, 2.5 ] },
						"east": { "texture": "#irontarnished", "uv": [ 3.0, 0.0, 6.5, 0.5 ] },
						"south": { "texture": "#irontarnished", "uv": [ 7.0, 2.0, 7.5, 2.5 ] },
						"west": { "texture": "#irontarnished", "uv": [ 2.5, 2.5, 6.0, 3.0 ] },
						"up": { "texture": "#irontarnished", "uv": [ 4.0, 2.5, 7.5, 3.0 ], "rotation": 90 },
						"down": { "texture": "#irontarnished", "uv": [ 0.5, 2.0, 4.0, 2.5 ], "rotation": 90 }
					}
				},
				{
					"name": "chainR2",
					"from": [ -2.4, -0.9, -1.7 ],
					"to": [ -1.0, -0.4, -1.2 ],
					"rotationOrigin": [ -2.4, -0.9, -1.2 ],
					"rotationY": 20.0,
					"rotationZ": 5.0,
					"faces": {
						"north": { "texture": "#irontarnished", "uv": [ 4.0, 1.0, 5.0, 1.5 ] },
						"east": { "texture": "#irontarnished", "uv": [ 2.0, 1.0, 2.5, 1.5 ] },
						"south": { "texture": "#irontarnished", "uv": [ 1.0, 0.5, 2.0, 1.0 ] },
						"west": { "texture": "#irontarnished", "uv": [ 5.0, 1.0, 5.5, 1.5 ] },
						"up": { "texture": "#irontarnished", "uv": [ 5.0, 0.5, 6.0, 1.0 ] },
						"down": { "texture": "#irontarnished", "uv": [ 1.0, 0.0, 2.0, 0.5 ] }
					},
					"children": [
						{
							"name": "chainR3",
							"from": [ -2.6, -0.1, -0.1 ],
							"to": [ 0.0, 0.4, 0.4 ],
							"rotationOrigin": [ 0.0, 0.4, 0.4 ],
							"rotationX": -23.0,
							"rotationY": 10.0,
							"rotationZ": 79.0,
							"faces": {
								"north": { "texture": "#irontarnished", "uv": [ 3.5, 1.0, 6.0, 1.5 ] },
								"east": { "texture": "#irontarnished", "uv": [ 0.0, 0.5, 0.5, 1.0 ] },
								"south": { "texture": "#irontarnished", "uv": [ 3.5, 0.5, 6.0, 1.0 ] },
								"west": { "texture": "#irontarnished", "uv": [ 4.5, 0.0, 5.0, 0.5 ] },
								"up": { "texture": "#irontarnished", "uv": [ 2.5, 1.0, 5.0, 1.5 ] },
								"down": { "texture": "#irontarnished", "uv": [ 3.5, 1.0, 6.0, 1.5 ] }
							}
						}
					]
				},
				{
					"name": "chainL2",
					"from": [ -2.4, -0.9, 1.1 ],
					"to": [ -1.0, -0.4, 1.6 ],
					"rotationOrigin": [ -2.4, -0.9, 1.1 ],
					"rotationY": -20.0,
					"rotationZ": 5.0,
					"faces": {
						"north": { "texture": "#irontarnished", "uv": [ 4.0, 0.0, 5.0, 0.5 ] },
						"east": { "texture": "#irontarnished", "uv": [ 7.0, 1.5, 7.5, 2.0 ] },
						"south": { "texture": "#irontarnished", "uv": [ 6.0, 1.5, 7.0, 2.0 ] },
						"west": { "texture": "#irontarnished", "uv": [ 7.0, 1.0, 7.5, 1.5 ] },
						"up": { "texture": "#irontarnished", "uv": [ 1.0, 1.0, 2.0, 1.5 ] },
						"down": { "texture": "#irontarnished", "uv": [ 4.0, 0.0, 5.0, 0.5 ] }
					},
					"children": [
						{
							"name": "chainL3",
							"from": [ -2.6, -0.1, 0.1 ],
							"to": [ 0.0, 0.4, 0.6 ],
							"rotationOrigin": [ 0.0, 0.4, 0.1 ],
							"rotationX": 23.0,
							"rotationZ": 78.0,
							"faces": {
								"north": { "texture": "#irontarnished", "uv": [ 4.5, 1.0, 7.0, 1.5 ] },
								"east": { "texture": "#irontarnished", "uv": [ 4.0, 1.5, 4.5, 2.0 ] },
								"south": { "texture": "#irontarnished", "uv": [ 4.5, 1.0, 7.0, 1.5 ] },
								"west": { "texture": "#irontarnished", "uv": [ 5.5, 3.0, 6.0, 3.5 ] },
								"up": { "texture": "#irontarnished", "uv": [ 0.5, 1.0, 3.0, 1.5 ] },
								"down": { "texture": "#irontarnished", "uv": [ 3.5, 1.0, 6.0, 1.5 ] }
							}
						}
					]
				},
				{
					"name": "gem-MID",
					"from": [ -2.6, -4.0, 0.0 ],
					"to": [ -2.6, -4.0, 0.0 ],
					"rotationOrigin": [ -2.5349, -4.0, 0.0 ],
					"faces": {
					},
					"children": [
						{
							"name": "barH1",
							"from": [ 0.0, 0.5, -1.0 ],
							"to": [ 0.5, 1.0, 1.0 ],
							"rotationOrigin": [ 0.0, 0.5, 0.0 ],
							"faces": {
								"north": { "texture": "#rusty-iron", "uv": [ 4.0, 4.0, 4.5, 4.5 ] },
								"east": { "texture": "#rusty-iron", "uv": [ 8.5, 1.0, 10.5, 1.5 ] },
								"south": { "texture": "#rusty-iron", "uv": [ 6.0, 15.0, 6.5, 15.5 ] },
								"west": { "texture": "#rusty-iron", "uv": [ 5.5, 3.0, 7.5, 3.5 ] },
								"up": { "texture": "#rusty-iron", "uv": [ 15.0, 13.5, 15.5, 15.5 ] },
								"down": { "texture": "#rusty-iron", "uv": [ 14.5, 1.5, 15.0, 3.5 ] }
							}
						},
						{
							"name": "barH2",
							"from": [ 0.0, -1.0, -1.0 ],
							"to": [ 0.5, -0.5, 1.0 ],
							"rotationOrigin": [ 0.0, -0.5, 0.0 ],
							"faces": {
								"north": { "texture": "#rusty-iron", "uv": [ 12.5, 12.5, 13.0, 13.0 ] },
								"east": { "texture": "#rusty-iron", "uv": [ 5.0, 3.0, 7.0, 3.5 ] },
								"south": { "texture": "#rusty-iron", "uv": [ 4.5, 9.0, 5.0, 9.5 ] },
								"west": { "texture": "#rusty-iron", "uv": [ 8.0, 12.0, 10.0, 12.5 ] },
								"up": { "texture": "#rusty-iron", "uv": [ 2.0, 8.0, 2.5, 10.0 ] },
								"down": { "texture": "#rusty-iron", "uv": [ 7.5, 5.0, 8.0, 7.0 ] }
							},
							"children": [
								{
									"name": "barV1",
									"from": [ 0.0, 0.5, 0.0 ],
									"to": [ 0.5, 1.5, 0.5 ],
									"rotationOrigin": [ 0.0, 0.5, 0.0 ],
									"faces": {
										"north": { "texture": "#rusty-iron", "uv": [ 3.5, 12.0, 4.0, 13.0 ] },
										"east": { "texture": "#rusty-iron", "uv": [ 9.0, 14.5, 9.5, 15.5 ] },
										"south": { "texture": "#rusty-iron", "uv": [ 9.0, 0.0, 9.5, 1.0 ] },
										"west": { "texture": "#rusty-iron", "uv": [ 3.0, 8.5, 3.5, 9.5 ] }
									}
								},
								{
									"name": "barV2",
									"from": [ 0.0, 0.5, 1.5 ],
									"to": [ 0.5, 1.5, 2.0 ],
									"rotationOrigin": [ 0.0, 0.5, 2.0 ],
									"faces": {
										"north": { "texture": "#rusty-iron", "uv": [ 14.5, 12.0, 15.0, 13.0 ] },
										"east": { "texture": "#rusty-iron", "uv": [ 11.5, 11.0, 12.0, 12.0 ] },
										"south": { "texture": "#rusty-iron", "uv": [ 15.0, 6.5, 15.5, 7.5 ] },
										"west": { "texture": "#rusty-iron", "uv": [ 14.5, 11.5, 15.0, 12.5 ] }
									}
								}
							]
						},
						{
							"name": "teethV1",
							"from": [ -0.05, -1.3, -0.75 ],
							"to": [ 0.55, 1.3, -0.25 ],
							"rotationOrigin": [ 0.0, 0.0, -0.5 ],
							"faces": {
								"north": { "texture": "#rusty-iron", "uv": [ 7.0, 7.5, 7.5, 10.0 ] },
								"east": { "texture": "#rusty-iron", "uv": [ 12.5, 8.5, 13.0, 11.0 ] },
								"south": { "texture": "#rusty-iron", "uv": [ 10.0, 5.5, 10.5, 8.0 ] },
								"west": { "texture": "#rusty-iron", "uv": [ 5.0, 3.5, 5.5, 6.0 ] },
								"up": { "texture": "#rusty-iron", "uv": [ 14.5, 6.5, 15.0, 7.0 ] },
								"down": { "texture": "#rusty-iron", "uv": [ 13.0, 1.5, 13.5, 2.0 ] }
							}
						},
						{
							"name": "teethV2",
							"from": [ -0.05, -1.3, 0.25 ],
							"to": [ 0.55, 1.3, 0.75 ],
							"rotationOrigin": [ 0.0, 0.0, 0.5 ],
							"faces": {
								"north": { "texture": "#rusty-iron", "uv": [ 15.0, 0.5, 15.5, 3.0 ] },
								"east": { "texture": "#rusty-iron", "uv": [ 8.5, 6.0, 9.0, 8.5 ] },
								"south": { "texture": "#rusty-iron", "uv": [ 4.0, 3.5, 4.5, 6.0 ] },
								"west": { "texture": "#rusty-iron", "uv": [ 5.5, 9.5, 6.0, 12.0 ] },
								"up": { "texture": "#rusty-iron", "uv": [ 12.5, 9.0, 13.0, 9.5 ] },
								"down": { "texture": "#rusty-iron", "uv": [ 14.5, 13.5, 15.0, 14.0 ] }
							}
						},
						{
							"name": "teethH1",
							"from": [ -0.06, 0.2, -1.3 ],
							"to": [ 0.54, 0.7, 1.3 ],
							"rotationOrigin": [ 0.0, 0.45, 0.0 ],
							"faces": {
								"north": { "texture": "#rusty-iron", "uv": [ 3.0, 2.5, 3.5, 3.0 ] },
								"east": { "texture": "#rusty-iron", "uv": [ 3.5, 14.0, 6.0, 14.5 ] },
								"south": { "texture": "#rusty-iron", "uv": [ 3.0, 6.0, 3.5, 6.5 ] },
								"west": { "texture": "#rusty-iron", "uv": [ 1.0, 2.0, 3.5, 2.5 ] },
								"up": { "texture": "#rusty-iron", "uv": [ 7.0, 5.0, 7.5, 7.5 ] },
								"down": { "texture": "#rusty-iron", "uv": [ 7.0, 5.5, 7.5, 8.0 ] }
							}
						},
						{
							"name": "teethH2",
							"from": [ -0.06, -0.8, -1.3 ],
							"to": [ 0.54, -0.3, 1.3 ],
							"rotationOrigin": [ 0.0, -0.55, 0.0 ],
							"faces": {
								"north": { "texture": "#rusty-iron", "uv": [ 0.5, 9.5, 1.0, 10.0 ] },
								"east": { "texture": "#rusty-iron", "uv": [ 5.5, 14.0, 8.0, 14.5 ] },
								"south": { "texture": "#rusty-iron", "uv": [ 9.5, 2.5, 10.0, 3.0 ] },
								"west": { "texture": "#rusty-iron", "uv": [ 10.5, 7.5, 13.0, 8.0 ] },
								"up": { "texture": "#rusty-iron", "uv": [ 3.0, 4.0, 3.5, 6.5 ] },
								"down": { "texture": "#rusty-iron", "uv": [ 5.5, 0.0, 6.0, 2.5 ] }
							}
						}
					]
				}
			]
		}
	]}