{
	"editor": {
		"backDropShape": "entity/humanoid/kobold",
		"allAngles": true,
		"entityTextureMode": false
	},
	"textureWidth": 16,
	"textureHeight": 16,
	"textureSizes": {
		"metal": [8,8],
		"chain": [8,4],
		"gem": [4,4]
	},
	"textures": {
		"chain": "entity/humanoid/seraphclothes/neck/chain/gold",
		"gem": "entity/humanoid/seraphclothes/neck/gem/ruby",
		"metal": "entity/humanoid/seraphclothes/neck/metal/gold"
	},
	"elements": [
		{
			"name": "hideme",
			"stepParentName": "UpperTorso",
			"from": [ 2.0, 5.7, 3.1 ],
			"to": [ 2.0, 5.7, 3.1 ],
			"rotationOrigin": [ 1.0, 5.0, 3.1 ],
			"faces": {
			},
			"children": [
				{
					"name": "chainR1",
					"from": [ -1.2, -0.8, -2.0 ],
					"to": [ 2.3, -0.3, -1.5 ],
					"rotationOrigin": [ -1.2, -0.8, -1.5 ],
					"rotationZ": 7.0,
					"faces": {
						"north": { "texture": "#chain", "uv": [ 4.0, 0.5, 7.5, 1.0 ] },
						"east": { "texture": "#chain", "uv": [ 6.5, 1.5, 7.0, 2.0 ] },
						"south": { "texture": "#chain", "uv": [ 0.0, 0.5, 3.5, 1.0 ] },
						"west": { "texture": "#chain", "uv": [ 0.5, 2.0, 1.0, 2.5 ] },
						"up": { "texture": "#chain", "uv": [ 2.0, 0.5, 5.5, 1.0 ] },
						"down": { "texture": "#chain", "uv": [ 3.0, 0.5, 6.5, 1.0 ] }
					}
				},
				{
					"name": "chainL1",
					"from": [ -1.2, -0.8, 1.4 ],
					"to": [ 2.3, -0.3, 1.9 ],
					"rotationOrigin": [ -1.2, -0.8, 1.4 ],
					"rotationZ": 7.0,
					"faces": {
						"north": { "texture": "#chain", "uv": [ 1.5, 1.5, 5.0, 2.0 ] },
						"east": { "texture": "#chain", "uv": [ 4.5, 0.5, 5.0, 1.0 ] },
						"south": { "texture": "#chain", "uv": [ 2.0, 1.5, 5.5, 2.0 ] },
						"west": { "texture": "#chain", "uv": [ 3.0, 2.0, 3.5, 2.5 ] },
						"up": { "texture": "#chain", "uv": [ 0.0, 0.0, 3.5, 0.5 ] },
						"down": { "texture": "#chain", "uv": [ 0.0, 1.5, 3.5, 2.0 ] }
					}
				},
				{
					"name": "chainE",
					"from": [ 2.1, -0.4, -1.8 ],
					"to": [ 2.6, 0.1, 1.7 ],
					"rotationOrigin": [ 2.1, -0.4, -0.1 ],
					"rotationZ": 10.0,
					"faces": {
						"north": { "texture": "#chain", "uv": [ 2.0, 2.0, 2.5, 2.5 ] },
						"east": { "texture": "#chain", "uv": [ 3.0, 0.0, 6.5, 0.5 ] },
						"south": { "texture": "#chain", "uv": [ 7.0, 2.0, 7.5, 2.5 ] },
						"west": { "texture": "#chain", "uv": [ 2.5, 2.5, 6.0, 3.0 ] },
						"up": { "texture": "#chain", "uv": [ 4.0, 2.5, 7.5, 3.0 ], "rotation": 90 },
						"down": { "texture": "#chain", "uv": [ 0.5, 2.0, 4.0, 2.5 ], "rotation": 90 }
					}
				},
				{
					"name": "chainR2",
					"from": [ -2.4, -0.9, -1.7 ],
					"to": [ -1.0, -0.4, -1.2 ],
					"rotationOrigin": [ -2.4, -0.9, -1.2 ],
					"rotationY": 20.0,
					"rotationZ": 5.0,
					"faces": {
						"north": { "texture": "#chain", "uv": [ 4.0, 1.0, 5.0, 1.5 ] },
						"east": { "texture": "#chain", "uv": [ 2.0, 1.0, 2.5, 1.5 ] },
						"south": { "texture": "#chain", "uv": [ 1.0, 0.5, 2.0, 1.0 ] },
						"west": { "texture": "#chain", "uv": [ 5.0, 1.0, 5.5, 1.5 ] },
						"up": { "texture": "#chain", "uv": [ 5.0, 0.5, 6.0, 1.0 ] },
						"down": { "texture": "#chain", "uv": [ 1.0, 0.0, 2.0, 0.5 ] }
					},
					"children": [
						{
							"name": "chainR3",
							"from": [ -2.6, -0.1, -0.1 ],
							"to": [ 0.0, 0.4, 0.4 ],
							"rotationOrigin": [ 0.0, 0.4, 0.4 ],
							"rotationX": -27.0,
							"rotationY": 10.0,
							"rotationZ": 78.0,
							"faces": {
								"north": { "texture": "#chain", "uv": [ 3.5, 1.0, 6.0, 1.5 ] },
								"east": { "texture": "#chain", "uv": [ 0.0, 0.5, 0.5, 1.0 ] },
								"south": { "texture": "#chain", "uv": [ 3.5, 0.5, 6.0, 1.0 ] },
								"west": { "texture": "#chain", "uv": [ 4.5, 0.0, 5.0, 0.5 ] },
								"up": { "texture": "#chain", "uv": [ 2.5, 1.0, 5.0, 1.5 ] },
								"down": { "texture": "#chain", "uv": [ 3.5, 1.0, 6.0, 1.5 ] }
							}
						}
					]
				},
				{
					"name": "chainL2",
					"from": [ -2.4, -0.9, 1.1 ],
					"to": [ -1.0, -0.4, 1.6 ],
					"rotationOrigin": [ -2.4, -0.9, 1.1 ],
					"rotationY": -20.0,
					"rotationZ": 5.0,
					"faces": {
						"north": { "texture": "#chain", "uv": [ 4.0, 0.0, 5.0, 0.5 ] },
						"east": { "texture": "#chain", "uv": [ 7.0, 1.5, 7.5, 2.0 ] },
						"south": { "texture": "#chain", "uv": [ 6.0, 1.5, 7.0, 2.0 ] },
						"west": { "texture": "#chain", "uv": [ 7.0, 1.0, 7.5, 1.5 ] },
						"up": { "texture": "#chain", "uv": [ 1.0, 1.0, 2.0, 1.5 ] },
						"down": { "texture": "#chain", "uv": [ 4.0, 0.0, 5.0, 0.5 ] }
					},
					"children": [
						{
							"name": "chainL3",
							"from": [ -2.6, -0.1, 0.1 ],
							"to": [ 0.0, 0.4, 0.6 ],
							"rotationOrigin": [ 0.0, 0.4, 0.1 ],
							"rotationX": 27.0,
							"rotationZ": 78.0,
							"faces": {
								"north": { "texture": "#chain", "uv": [ 4.5, 1.0, 7.0, 1.5 ] },
								"east": { "texture": "#chain", "uv": [ 4.0, 1.5, 4.5, 2.0 ] },
								"south": { "texture": "#chain", "uv": [ 4.5, 1.0, 7.0, 1.5 ] },
								"west": { "texture": "#chain", "uv": [ 5.5, 3.0, 6.0, 3.5 ] },
								"up": { "texture": "#chain", "uv": [ 0.5, 1.0, 3.0, 1.5 ] },
								"down": { "texture": "#chain", "uv": [ 3.5, 1.0, 6.0, 1.5 ] }
							}
						}
					]
				},
				{
					"name": "Pendant",
					"from": [ -2.4, -4.75, -0.75 ],
					"to": [ -2.1, -3.25, 0.75 ],
					"rotationOrigin": [ -2.2349, -4.0, 0.0 ],
					"faces": {
						"north": { "texture": "#metal", "uv": [ 1.5, 0.0, 2.0, 1.5 ] },
						"east": { "texture": "#metal", "uv": [ 4.0, 4.5, 5.5, 6.0 ] },
						"south": { "texture": "#metal", "uv": [ 1.0, 5.5, 1.5, 7.0 ] },
						"west": { "texture": "#metal", "uv": [ 0.0, 3.0, 1.5, 4.5 ] },
						"up": { "texture": "#metal", "uv": [ 3.5, 3.5, 4.0, 5.0 ] },
						"down": { "texture": "#metal", "uv": [ 1.5, 1.0, 2.0, 2.5 ] }
					},
					"children": [
						{
							"name": "gem",
							"from": [ -0.2, 0.5, 0.5 ],
							"to": [ 0.0, 1.0, 1.0 ],
							"rotationOrigin": [ -0.2, 0.75, 0.75 ],
							"faces": {
								"north": { "texture": "#gem", "uv": [ 2.5, 1.5, 3.0, 2.0 ] },
								"south": { "texture": "#gem", "uv": [ 0.5, 2.5, 1.0, 3.0 ] },
								"west": { "texture": "#gem", "uv": [ 1.0, 0.5, 1.5, 1.0 ] },
								"up": { "texture": "#gem", "uv": [ 0.5, 2.0, 1.0, 2.5 ] },
								"down": { "texture": "#gem", "uv": [ 3.0, 0.5, 3.5, 1.0 ] }
							}
						},
						{
							"name": "Cube2",
							"from": [ -0.1, 1.5, 0.5 ],
							"to": [ 0.4, 2.0, 1.0 ],
							"rotationOrigin": [ 0.15, 1.5, 0.7 ],
							"rotationY": -45.0,
							"faces": {
								"north": { "texture": "#chain", "uv": [ 1.5, 2.5, 2.0, 3.0 ] },
								"east": { "texture": "#chain", "uv": [ 7.0, 1.0, 7.5, 1.5 ] },
								"south": { "texture": "#chain", "uv": [ 5.5, 1.0, 6.0, 1.5 ] },
								"west": { "texture": "#chain", "uv": [ 0.5, 1.0, 1.0, 1.5 ] },
								"up": { "texture": "#chain", "uv": [ 0.0, 0.5, 0.5, 1.0 ] },
								"down": { "texture": "#chain", "uv": [ 0.0, 3.0, 0.5, 3.5 ] }
							}
						},
						{
							"name": "gem2",
							"from": [ -0.1, 1.1, 0.1 ],
							"to": [ 0.0, 1.4, 0.4 ],
							"rotationOrigin": [ -0.1, 1.25, 0.25 ],
							"faces": {
								"north": { "texture": "#gem", "uv": [ 2.0, 3.0, 2.5, 3.5 ] },
								"south": { "texture": "#gem", "uv": [ 1.5, 0.0, 2.0, 0.5 ] },
								"west": { "texture": "#gem", "uv": [ 1.5, 1.0, 2.0, 1.5 ] },
								"up": { "texture": "#gem", "uv": [ 3.0, 3.0, 3.5, 3.5 ] },
								"down": { "texture": "#gem", "uv": [ 2.5, 2.5, 3.0, 3.0 ] }
							}
						},
						{
							"name": "gem3",
							"from": [ -0.1, 0.1, 1.1 ],
							"to": [ 0.0, 0.4, 1.4 ],
							"rotationOrigin": [ -0.1, 0.25, 1.25 ],
							"faces": {
								"north": { "texture": "#gem", "uv": [ 0.0, 0.5, 0.5, 1.0 ] },
								"south": { "texture": "#gem", "uv": [ 1.5, 0.5, 2.0, 1.0 ] },
								"west": { "texture": "#gem", "uv": [ 2.5, 1.5, 3.0, 2.0 ] },
								"up": { "texture": "#gem", "uv": [ 0.0, 3.0, 0.5, 3.5 ] },
								"down": { "texture": "#gem", "uv": [ 2.5, 3.0, 3.0, 3.5 ] }
							}
						},
						{
							"name": "gem4",
							"from": [ -0.1, 0.1, 0.1 ],
							"to": [ 0.0, 0.4, 0.4 ],
							"rotationOrigin": [ -0.1, 0.25, 0.25 ],
							"faces": {
								"north": { "texture": "#gem", "uv": [ 2.5, 0.0, 3.0, 0.5 ] },
								"south": { "texture": "#gem", "uv": [ 1.0, 1.0, 1.5, 1.5 ] },
								"west": { "texture": "#gem", "uv": [ 2.5, 3.0, 3.0, 3.5 ] },
								"up": { "texture": "#gem", "uv": [ 0.5, 0.5, 1.0, 1.0 ] },
								"down": { "texture": "#gem", "uv": [ 2.5, 2.5, 3.0, 3.0 ] }
							}
						},
						{
							"name": "gem5",
							"from": [ -0.1, 1.1, 1.1 ],
							"to": [ 0.0, 1.4, 1.4 ],
							"rotationOrigin": [ -0.1, 1.25, 1.25 ],
							"faces": {
								"north": { "texture": "#gem", "uv": [ 2.0, 1.5, 2.5, 2.0 ] },
								"south": { "texture": "#gem", "uv": [ 3.0, 2.5, 3.5, 3.0 ] },
								"west": { "texture": "#gem", "uv": [ 0.5, 2.0, 1.0, 2.5 ] },
								"up": { "texture": "#gem", "uv": [ 3.0, 1.5, 3.5, 2.0 ] },
								"down": { "texture": "#gem", "uv": [ 0.5, 1.0, 1.0, 1.5 ] }
							}
						},
						{
							"name": "gem6",
							"from": [ -0.1, 0.15, 0.65 ],
							"to": [ 0.0, 0.35, 0.85 ],
							"rotationOrigin": [ -0.1, 0.25, 0.75 ],
							"faces": {
								"north": { "texture": "#gem", "uv": [ 0.0, 2.0, 0.5, 2.5 ] },
								"south": { "texture": "#gem", "uv": [ 1.5, 1.5, 2.0, 2.0 ] },
								"west": { "texture": "#gem", "uv": [ 0.5, 1.5, 1.0, 2.0 ] },
								"up": { "texture": "#gem", "uv": [ 2.0, 3.0, 2.5, 3.5 ] },
								"down": { "texture": "#gem", "uv": [ 3.0, 3.0, 3.5, 3.5 ] }
							}
						},
						{
							"name": "gem7",
							"from": [ -0.1, 1.15, 0.65 ],
							"to": [ 0.0, 1.35, 0.85 ],
							"rotationOrigin": [ -0.1, 1.25, 0.75 ],
							"faces": {
								"north": { "texture": "#gem", "uv": [ 0.0, 2.5, 0.5, 3.0 ] },
								"south": { "texture": "#gem", "uv": [ 2.0, 2.0, 2.5, 2.5 ] },
								"west": { "texture": "#gem", "uv": [ 0.5, 0.5, 1.0, 1.0 ] },
								"up": { "texture": "#gem", "uv": [ 1.0, 2.5, 1.5, 3.0 ] },
								"down": { "texture": "#gem", "uv": [ 2.5, 1.0, 3.0, 1.5 ] }
							}
						},
						{
							"name": "gem8",
							"from": [ -0.1, 0.65, 0.15 ],
							"to": [ 0.0, 0.85, 0.35 ],
							"rotationOrigin": [ -0.1, 0.75, 0.25 ],
							"faces": {
								"north": { "texture": "#gem", "uv": [ 1.5, 1.0, 2.0, 1.5 ] },
								"south": { "texture": "#gem", "uv": [ 1.5, 3.0, 2.0, 3.5 ] },
								"west": { "texture": "#gem", "uv": [ 0.5, 3.0, 1.0, 3.5 ] },
								"up": { "texture": "#gem", "uv": [ 1.5, 2.0, 2.0, 2.5 ] },
								"down": { "texture": "#gem", "uv": [ 2.0, 1.5, 2.5, 2.0 ] }
							}
						},
						{
							"name": "gem9",
							"from": [ -0.1, 0.65, 1.15 ],
							"to": [ 0.0, 0.85, 1.35 ],
							"rotationOrigin": [ -0.1, 0.75, 1.25 ],
							"faces": {
								"north": { "texture": "#gem", "uv": [ 0.5, 3.0, 1.0, 3.5 ] },
								"south": { "texture": "#gem", "uv": [ 0.5, 2.5, 1.0, 3.0 ] },
								"west": { "texture": "#gem", "uv": [ 1.0, 3.0, 1.5, 3.5 ] },
								"up": { "texture": "#gem", "uv": [ 1.5, 2.0, 2.0, 2.5 ] },
								"down": { "texture": "#gem", "uv": [ 0.5, 0.0, 1.0, 0.5 ] }
							}
						}
					]
				}
			]
		}
	]}