{
	"editor": {
		"backDropShape": "entity/humanoid/kobold",
		"allAngles": false,
		"entityTextureMode": false
	},
	"textureWidth": 8,
	"textureHeight": 8,
	"textureSizes": {
		"gold": [8,8],
		"gold2": [8,4]
	},
	"textures": {
		"gold2": "entity/humanoid/seraphclothes/neck/chain/gold",
		"gold": "entity/humanoid/seraphclothes/neck/metal/gold"
	},
	"elements": [
		{
			"name": "hideme",
			"stepParentName": "UpperTorso",
			"from": [ 0.0, 5.0, 3.0 ],
			"to": [ 0.0, 5.0, 3.0 ],
			"rotationOrigin": [ 0.0, 5.0, 3.0 ],
			"faces": {
			},
			"children": [
				{
					"name": "chest",
					"from": [ -0.1, -2.0, -1.5 ],
					"to": [ 0.0, 0.0, 1.5 ],
					"faces": {
						"north": { "texture": "#gold", "uv": [ 1.0, 0.5, 1.5, 2.5 ] },
						"east": { "texture": "#gold", "uv": [ 3.0, 0.0, 6.0, 2.0 ] },
						"south": { "texture": "#gold", "uv": [ 3.5, 5.5, 4.0, 7.5 ] },
						"west": { "texture": "#gold", "uv": [ 3.5, 4.5, 6.5, 6.5 ] },
						"up": { "texture": "#gold", "uv": [ 3.0, 2.0, 3.5, 5.0 ] },
						"down": { "texture": "#gold", "uv": [ 0.0, 3.0, 0.5, 6.0 ] }
					},
					"children": [
						{
							"name": "R1",
							"from": [ 0.0, 0.5, -1.0 ],
							"to": [ 0.1, 2.0, 0.0 ],
							"rotationOrigin": [ 0.0, 0.5, 0.0 ],
							"faces": {
								"north": { "texture": "#gold", "uv": [ 1.0, 4.5, 1.5, 6.0 ] },
								"east": { "texture": "#gold", "uv": [ 4.0, 2.0, 5.0, 3.5 ] },
								"west": { "texture": "#gold", "uv": [ 1.5, 2.0, 2.5, 3.5 ] },
								"down": { "texture": "#gold", "uv": [ 6.5, 5.5, 7.0, 6.5 ] }
							},
							"children": [
								{
									"name": "R2",
									"from": [ 0.0, 1.5, 0.0 ],
									"to": [ 3.0, 1.6, 1.0 ],
									"rotationOrigin": [ 0.0, 1.5, 0.0 ],
									"faces": {
										"north": { "texture": "#gold", "uv": [ 4.0, 4.0, 7.0, 4.5 ] },
										"east": { "texture": "#gold", "uv": [ 1.0, 4.5, 2.0, 5.0 ] },
										"south": { "texture": "#gold", "uv": [ 0.0, 4.5, 3.0, 5.0 ] },
										"west": { "texture": "#gold", "uv": [ 1.0, 3.5, 2.0, 4.0 ] },
										"up": { "texture": "#gold", "uv": [ 3.0, 1.0, 6.0, 2.0 ] },
										"down": { "texture": "#gold", "uv": [ 4.0, 1.0, 7.0, 2.0 ] }
									},
									"children": [
										{
											"name": "R3",
											"from": [ 3.0, 0.0, 0.5 ],
											"to": [ 4.5, 0.1, 1.0 ],
											"rotationOrigin": [ 3.0, 0.0, 0.5 ],
											"faces": {
												"north": { "texture": "#gold", "uv": [ 3.5, 1.0, 5.0, 1.5 ] },
												"east": { "texture": "#gold", "uv": [ 0.0, 4.0, 0.5, 4.5 ] },
												"south": { "texture": "#gold", "uv": [ 1.0, 3.0, 2.5, 3.5 ] },
												"up": { "texture": "#gold", "uv": [ 3.5, 3.0, 5.0, 3.5 ] },
												"down": { "texture": "#gold", "uv": [ 0.5, 3.0, 2.0, 3.5 ] }
											}
										},
										{
											"name": "grooveR4",
											"from": [ -0.1, 0.0, 0.5 ],
											"to": [ 3.9, 0.2, 0.7 ],
											"rotationOrigin": [ -0.1, 0.1, 0.6 ],
											"rotationX": -45.0,
											"faces": {
												"north": { "texture": "#gold2", "uv": [ 2.5, 3.0, 6.5, 3.5 ] },
												"east": { "texture": "#gold2", "uv": [ 0.0, 2.5, 0.5, 3.0 ] },
												"south": { "texture": "#gold2", "uv": [ 1.0, 1.5, 5.0, 2.0 ] },
												"west": { "texture": "#gold2", "uv": [ 2.5, 1.5, 3.0, 2.0 ] },
												"up": { "texture": "#gold2", "uv": [ 3.5, 1.0, 7.5, 1.5 ] },
												"down": { "texture": "#gold2", "uv": [ 3.0, 2.0, 7.0, 2.5 ] }
											}
										}
									]
								},
								{
									"name": "clipR1",
									"from": [ -0.3, 0.5, 0.5 ],
									"to": [ -0.1, 1.5, 1.5 ],
									"rotationOrigin": [ -0.2, 1.0, 1.0 ],
									"rotationX": -45.0,
									"faces": {
										"north": { "texture": "#gold", "uv": [ 5.5, 1.5, 6.0, 2.5 ] },
										"east": { "texture": "#gold", "uv": [ 1.5, 4.5, 2.5, 5.5 ] },
										"south": { "texture": "#gold", "uv": [ 6.0, 2.0, 6.5, 3.0 ] },
										"west": { "texture": "#gold", "uv": [ 3.0, 6.0, 4.0, 7.0 ] },
										"up": { "texture": "#gold", "uv": [ 0.5, 2.0, 1.0, 3.0 ] },
										"down": { "texture": "#gold", "uv": [ 1.0, 2.5, 1.5, 3.5 ] }
									},
									"children": [
										{
											"name": "clipR2",
											"from": [ 0.05, 0.0, 0.0 ],
											"to": [ 0.15, 1.0, 1.0 ],
											"rotationOrigin": [ 0.1, 0.5, 0.5 ],
											"rotationX": -45.0,
											"faces": {
												"north": { "texture": "#gold", "uv": [ 6.5, 5.0, 7.0, 6.0 ] },
												"east": { "texture": "#gold", "uv": [ 3.5, 3.0, 4.5, 4.0 ] },
												"south": { "texture": "#gold", "uv": [ 7.0, 5.0, 7.5, 6.0 ] },
												"west": { "texture": "#gold", "uv": [ 0.5, 3.0, 1.5, 4.0 ] },
												"up": { "texture": "#gold", "uv": [ 2.5, 5.5, 3.0, 6.5 ] },
												"down": { "texture": "#gold", "uv": [ 3.0, 2.0, 3.5, 3.0 ] }
											}
										},
										{
											"name": "spikeR",
											"from": [ -0.3, 0.4, 0.4 ],
											"to": [ 0.2, 0.6, 0.6 ],
											"rotationOrigin": [ 0.0, 0.5, 0.5 ],
											"faces": {
												"north": { "texture": "#gold2", "uv": [ 7.0, 1.5, 7.5, 2.0 ] },
												"south": { "texture": "#gold2", "uv": [ 6.0, 3.0, 6.5, 3.5 ] },
												"west": { "texture": "#gold2", "uv": [ 1.0, 2.0, 1.5, 2.5 ] },
												"up": { "texture": "#gold2", "uv": [ 3.5, 2.0, 4.0, 2.5 ] },
												"down": { "texture": "#gold2", "uv": [ 0.0, 1.0, 0.5, 1.5 ] }
											}
										}
									]
								},
								{
									"name": "clipL1",
									"from": [ -0.3, 0.5, 3.5 ],
									"to": [ -0.1, 1.5, 4.5 ],
									"rotationOrigin": [ -0.2, 1.0, 4.0 ],
									"rotationX": -45.0,
									"faces": {
										"north": { "texture": "#gold", "uv": [ 1.5, 0.0, 2.0, 1.0 ] },
										"east": { "texture": "#gold", "uv": [ 0.0, 6.5, 1.0, 7.5 ] },
										"south": { "texture": "#gold", "uv": [ 3.5, 6.5, 4.0, 7.5 ] },
										"west": { "texture": "#gold", "uv": [ 3.0, 2.5, 4.0, 3.5 ] },
										"up": { "texture": "#gold", "uv": [ 2.0, 4.5, 2.5, 5.5 ] },
										"down": { "texture": "#gold", "uv": [ 1.0, 1.5, 1.5, 2.5 ] }
									},
									"children": [
										{
											"name": "clipL2",
											"from": [ 0.05, 0.0, 0.0 ],
											"to": [ 0.15, 1.0, 1.0 ],
											"rotationOrigin": [ 0.1, 0.5, 0.5 ],
											"rotationX": -45.0,
											"faces": {
												"north": { "texture": "#gold", "uv": [ 4.5, 4.5, 5.0, 5.5 ] },
												"east": { "texture": "#gold", "uv": [ 2.5, 0.0, 3.5, 1.0 ] },
												"south": { "texture": "#gold", "uv": [ 1.0, 4.0, 1.5, 5.0 ] },
												"west": { "texture": "#gold", "uv": [ 6.5, 1.5, 7.5, 2.5 ] },
												"up": { "texture": "#gold", "uv": [ 2.5, 3.5, 3.0, 4.5 ] },
												"down": { "texture": "#gold", "uv": [ 3.5, 4.5, 4.0, 5.5 ] }
											}
										},
										{
											"name": "spikeL",
											"from": [ -0.3, 0.4, 0.4 ],
											"to": [ 0.2, 0.6, 0.6 ],
											"rotationOrigin": [ 0.0, 0.5, 0.5 ],
											"faces": {
												"north": { "texture": "#gold2", "uv": [ 4.0, 2.0, 4.5, 2.5 ] },
												"south": { "texture": "#gold2", "uv": [ 0.5, 2.0, 1.0, 2.5 ] },
												"west": { "texture": "#gold2", "uv": [ 7.0, 2.0, 7.5, 2.5 ] },
												"up": { "texture": "#gold2", "uv": [ 1.5, 0.5, 2.0, 1.0 ] },
												"down": { "texture": "#gold2", "uv": [ 5.5, 1.5, 6.0, 2.0 ] }
											}
										}
									]
								},
								{
									"name": "grooveR5",
									"from": [ -0.1, 0.7, 0.4 ],
									"to": [ 0.1, 1.7, 0.6 ],
									"rotationOrigin": [ 0.0, 1.2, 0.5 ],
									"rotationX": 22.5,
									"rotationY": 45.0,
									"faces": {
										"north": { "texture": "#gold2", "uv": [ 6.0, 2.0, 7.0, 2.5 ], "rotation": 90 },
										"east": { "texture": "#gold2", "uv": [ 2.0, 0.5, 3.0, 1.0 ], "rotation": 90 },
										"south": { "texture": "#gold2", "uv": [ 1.5, 1.5, 2.5, 2.0 ], "rotation": 90 },
										"west": { "texture": "#gold2", "uv": [ 5.5, 0.0, 6.5, 0.5 ], "rotation": 90 },
										"up": { "texture": "#gold2", "uv": [ 6.5, 0.0, 7.0, 0.5 ] },
										"down": { "texture": "#gold2", "uv": [ 2.0, 2.5, 2.5, 3.0 ] }
									}
								}
							]
						},
						{
							"name": "L1",
							"from": [ 0.0, 0.5, 3.0 ],
							"to": [ 0.1, 2.0, 4.0 ],
							"rotationOrigin": [ 0.0, 0.5, 3.0 ],
							"faces": {
								"east": { "texture": "#gold", "uv": [ 5.5, 3.0, 6.5, 4.5 ] },
								"south": { "texture": "#gold", "uv": [ 0.5, 0.0, 1.0, 1.5 ], "windMode": [-1,-1,-1,-1], "windData": [1,1,1,1] },
								"west": { "texture": "#gold", "uv": [ 3.0, 3.5, 4.0, 5.0 ] },
								"down": { "texture": "#gold", "uv": [ 3.0, 6.0, 3.5, 7.0 ] }
							},
							"children": [
								{
									"name": "L2",
									"from": [ 0.0, 1.5, 0.0 ],
									"to": [ 3.0, 1.6, 1.0 ],
									"rotationOrigin": [ 0.0, 1.5, 0.0 ],
									"faces": {
										"north": { "texture": "#gold", "uv": [ 1.5, 3.0, 4.5, 3.5 ] },
										"east": { "texture": "#gold", "uv": [ 5.0, 6.0, 6.0, 6.5 ] },
										"south": { "texture": "#gold", "uv": [ 2.0, 0.5, 5.0, 1.0 ] },
										"west": { "texture": "#gold", "uv": [ 0.0, 6.5, 1.0, 7.0 ] },
										"up": { "texture": "#gold", "uv": [ 4.0, 6.5, 7.0, 7.5 ] },
										"down": { "texture": "#gold", "uv": [ 4.0, 0.0, 7.0, 1.0 ] }
									},
									"children": [
										{
											"name": "L3",
											"from": [ 3.0, 0.0, 0.0 ],
											"to": [ 4.5, 0.1, 0.5 ],
											"rotationOrigin": [ 3.0, 0.0, 0.5 ],
											"faces": {
												"north": { "texture": "#gold", "uv": [ 2.0, 6.5, 3.5, 7.0 ] },
												"east": { "texture": "#gold", "uv": [ 5.0, 0.5, 5.5, 1.0 ] },
												"south": { "texture": "#gold", "uv": [ 5.0, 1.5, 6.5, 2.0 ] },
												"up": { "texture": "#gold", "uv": [ 4.0, 4.0, 5.5, 4.5 ] },
												"down": { "texture": "#gold", "uv": [ 4.0, 1.0, 5.5, 1.5 ] }
											}
										},
										{
											"name": "grooveL4",
											"from": [ -0.1, 0.0, 0.4 ],
											"to": [ 3.9, 0.2, 0.6 ],
											"rotationOrigin": [ -0.1, 0.1, 0.5 ],
											"rotationX": 45.0,
											"faces": {
												"north": { "texture": "#gold2", "uv": [ 0.0, 0.0, 4.0, 0.5 ] },
												"east": { "texture": "#gold2", "uv": [ 0.0, 0.0, 0.5, 0.5 ] },
												"south": { "texture": "#gold2", "uv": [ 0.0, 0.0, 4.0, 0.5 ] },
												"west": { "texture": "#gold2", "uv": [ 0.0, 0.0, 0.5, 0.5 ] },
												"up": { "texture": "#gold2", "uv": [ 0.0, 0.0, 4.0, 0.5 ] },
												"down": { "texture": "#gold2", "uv": [ 0.0, 0.0, 4.0, 0.5 ] }
											}
										}
									]
								},
								{
									"name": "grooveL5",
									"from": [ -0.1, 0.7, 0.1 ],
									"to": [ 0.1, 1.7, 0.3 ],
									"rotationOrigin": [ 0.0, 0.7, 0.2 ],
									"rotationX": 22.5,
									"rotationY": -45.0,
									"faces": {
										"north": { "texture": "#gold2", "uv": [ 5.0, 0.0, 6.0, 0.5 ], "rotation": 90 },
										"east": { "texture": "#gold2", "uv": [ 5.5, 2.0, 6.5, 2.5 ], "rotation": 90 },
										"south": { "texture": "#gold2", "uv": [ 3.5, 2.5, 4.5, 3.0 ], "rotation": 90 },
										"west": { "texture": "#gold2", "uv": [ 2.0, 1.5, 3.0, 2.0 ], "rotation": 90 },
										"up": { "texture": "#gold2", "uv": [ 5.5, 0.5, 6.0, 1.0 ] },
										"down": { "texture": "#gold2", "uv": [ 5.0, 1.5, 5.5, 2.0 ] }
									}
								}
							]
						},
						{
							"name": "back",
							"from": [ 4.2, 2.0, 0.0 ],
							"to": [ 4.7, 2.1, 3.0 ],
							"rotationOrigin": [ 4.0, 2.0, 1.5 ],
							"faces": {
								"north": { "texture": "#gold", "uv": [ 2.0, 7.0, 2.5, 7.5 ] },
								"east": { "texture": "#gold", "uv": [ 2.5, 6.0, 5.5, 6.5 ] },
								"south": { "texture": "#gold", "uv": [ 5.5, 2.5, 6.0, 3.0 ] },
								"west": { "texture": "#gold", "uv": [ 3.5, 6.5, 6.5, 7.0 ] },
								"up": { "texture": "#gold", "uv": [ 1.5, 1.5, 2.0, 4.5 ] },
								"down": { "texture": "#gold", "uv": [ 6.5, 4.0, 7.0, 7.0 ] }
							}
						},
						{
							"name": "groove1",
							"from": [ -0.1, -0.1, 0.0 ],
							"to": [ 0.1, 0.1, 3.0 ],
							"rotationOrigin": [ 0.0, 0.0, 1.6 ],
							"rotationZ": -45.0,
							"faces": {
								"north": { "texture": "#gold2", "uv": [ 4.5, 2.0, 5.0, 2.5 ] },
								"east": { "texture": "#gold2", "uv": [ 1.5, 1.5, 4.5, 2.0 ] },
								"south": { "texture": "#gold2", "uv": [ 6.0, 2.5, 6.5, 3.0 ] },
								"west": { "texture": "#gold2", "uv": [ 2.0, 2.5, 5.0, 3.0 ] },
								"down": { "texture": "#gold2", "uv": [ 1.5, 0.5, 4.5, 1.0 ], "rotation": 90 }
							}
						},
						{
							"name": "L4",
							"from": [ 0.01, 0.0, 3.0 ],
							"to": [ 0.11, 0.5, 4.1 ],
							"rotationOrigin": [ 0.1, 0.0, 3.0 ],
							"rotationX": -25.0,
							"faces": {
								"east": { "texture": "#gold", "uv": [ 0.0, 4.0, 1.0, 4.5 ] },
								"south": { "texture": "#gold", "uv": [ 3.5, 3.5, 4.0, 4.0 ] },
								"west": { "texture": "#gold", "uv": [ 5.0, 4.5, 6.0, 5.0 ] },
								"down": { "texture": "#gold", "uv": [ 4.5, 3.0, 5.0, 4.0 ] }
							},
							"children": [
								{
									"name": "grooveL1",
									"from": [ -0.1, -0.1, 0.0 ],
									"to": [ 0.1, 0.1, 1.0 ],
									"rotationOrigin": [ 0.0, 0.0, 0.0 ],
									"rotationZ": -45.0,
									"faces": {
										"north": { "texture": "#gold2", "uv": [ 2.5, 0.0, 3.0, 0.5 ] },
										"east": { "texture": "#gold2", "uv": [ 3.5, 2.5, 4.5, 3.0 ] },
										"south": { "texture": "#gold2", "uv": [ 7.0, 2.0, 7.5, 2.5 ] },
										"west": { "texture": "#gold2", "uv": [ 6.5, 2.0, 7.5, 2.5 ] },
										"up": { "texture": "#gold2", "uv": [ 5.5, 0.0, 6.5, 0.5 ], "rotation": 90 },
										"down": { "texture": "#gold2", "uv": [ 5.5, 2.5, 6.5, 3.0 ], "rotation": 90 }
									}
								},
								{
									"name": "grooveL2",
									"from": [ -0.1, 0.4, 0.1 ],
									"to": [ 0.1, 0.6, 1.4 ],
									"rotationOrigin": [ 0.0, 0.5, 0.1 ],
									"rotationZ": -45.0,
									"faces": {
										"north": { "texture": "#gold2", "uv": [ 4.5, 0.0, 5.0, 0.5 ] },
										"east": { "texture": "#gold2", "uv": [ 1.0, 2.0, 2.0, 2.5 ] },
										"south": { "texture": "#gold2", "uv": [ 5.0, 0.5, 5.5, 1.0 ] },
										"west": { "texture": "#gold2", "uv": [ 2.0, 0.0, 3.0, 0.5 ] },
										"up": { "texture": "#gold2", "uv": [ 3.0, 1.0, 4.0, 1.5 ], "rotation": 90 },
										"down": { "texture": "#gold2", "uv": [ 3.5, 1.5, 4.5, 2.0 ], "rotation": 90 }
									}
								},
								{
									"name": "grooveL3",
									"from": [ -0.1, 0.9, 0.3 ],
									"to": [ 0.1, 1.1, 1.3 ],
									"rotationOrigin": [ 0.0, 1.0, 0.3 ],
									"rotationZ": -45.0,
									"faces": {
										"north": { "texture": "#gold2", "uv": [ 4.5, 0.0, 5.0, 0.5 ] },
										"east": { "texture": "#gold2", "uv": [ 1.0, 2.0, 2.0, 2.5 ] },
										"south": { "texture": "#gold2", "uv": [ 5.0, 0.5, 5.5, 1.0 ] },
										"west": { "texture": "#gold2", "uv": [ 2.0, 0.0, 3.0, 0.5 ] },
										"up": { "texture": "#gold2", "uv": [ 3.0, 1.0, 4.0, 1.5 ], "rotation": 90 },
										"down": { "texture": "#gold2", "uv": [ 3.5, 1.5, 4.5, 2.0 ], "rotation": 90 }
									}
								}
							]
						},
						{
							"name": "R4",
							"from": [ 0.01, 0.0, -1.1 ],
							"to": [ 0.11, 0.5, 0.0 ],
							"rotationOrigin": [ 0.1, 0.0, 0.0 ],
							"rotationX": 25.0,
							"faces": {
								"north": { "texture": "#gold", "uv": [ 2.5, 1.0, 3.0, 1.5 ], "windMode": [-1,-1,-1,-1], "windData": [1,1,1,1] },
								"east": { "texture": "#gold", "uv": [ 2.5, 0.0, 3.5, 0.5 ] },
								"west": { "texture": "#gold", "uv": [ 5.5, 1.0, 6.5, 1.5 ] },
								"down": { "texture": "#gold", "uv": [ 6.0, 4.5, 6.5, 5.5 ] }
							},
							"children": [
								{
									"name": "groveR1",
									"from": [ -0.1, -0.1, 0.1 ],
									"to": [ 0.1, 0.1, 1.1 ],
									"rotationOrigin": [ 0.0, 0.0, 1.1 ],
									"rotationZ": -45.0,
									"faces": {
										"north": { "texture": "#gold2", "uv": [ 1.5, 1.5, 2.0, 2.0 ] },
										"east": { "texture": "#gold2", "uv": [ 3.5, 0.0, 4.5, 0.5 ] },
										"south": { "texture": "#gold2", "uv": [ 3.5, 2.5, 4.0, 3.0 ] },
										"west": { "texture": "#gold2", "uv": [ 2.0, 1.5, 3.0, 2.0 ] },
										"up": { "texture": "#gold2", "uv": [ 4.0, 2.5, 5.0, 3.0 ], "rotation": 90 },
										"down": { "texture": "#gold2", "uv": [ 3.0, 2.0, 4.0, 2.5 ], "rotation": 90 }
									}
								},
								{
									"name": "groveR2",
									"from": [ -0.1, 0.4, -0.3 ],
									"to": [ 0.1, 0.6, 1.0 ],
									"rotationOrigin": [ 0.0, 0.5, 0.7 ],
									"rotationZ": -45.0,
									"faces": {
										"north": { "texture": "#gold2", "uv": [ 1.0, 3.0, 1.5, 3.5 ] },
										"south": { "texture": "#gold2", "uv": [ 2.5, 1.5, 3.0, 2.0 ] },
										"west": { "texture": "#gold2", "uv": [ 6.5, 3.0, 7.5, 3.5 ] },
										"down": { "texture": "#gold2", "uv": [ 0.0, 1.0, 1.0, 1.5 ], "rotation": 90 }
									}
								},
								{
									"name": "groveR3",
									"from": [ -0.1, 0.9, -0.1 ],
									"to": [ 0.1, 1.1, 0.9 ],
									"rotationOrigin": [ 0.0, 1.0, 0.4 ],
									"rotationZ": -45.0,
									"faces": {
										"north": { "texture": "#gold2", "uv": [ 5.0, 2.0, 5.5, 2.5 ] },
										"south": { "texture": "#gold2", "uv": [ 1.5, 0.5, 2.0, 1.0 ] },
										"west": { "texture": "#gold2", "uv": [ 6.5, 1.0, 7.5, 1.5 ] },
										"down": { "texture": "#gold2", "uv": [ 4.0, 2.5, 5.0, 3.0 ], "rotation": 90 }
									}
								}
							]
						},
						{
							"name": "groove2",
							"from": [ -0.1, 0.4, 0.1 ],
							"to": [ 0.1, 0.6, 2.9 ],
							"rotationOrigin": [ 0.0, 0.5, 1.6 ],
							"rotationZ": -45.0,
							"faces": {
								"north": { "texture": "#gold2", "uv": [ 3.0, 0.5, 3.5, 1.0 ] },
								"south": { "texture": "#gold2", "uv": [ 5.0, 3.0, 5.5, 3.5 ] },
								"west": { "texture": "#gold2", "uv": [ 1.0, 3.0, 3.5, 3.5 ] },
								"down": { "texture": "#gold2", "uv": [ 2.0, 1.5, 4.5, 2.0 ], "rotation": 90 }
							}
						},
						{
							"name": "groove3",
							"from": [ -0.1, 0.9, 0.1 ],
							"to": [ 0.1, 1.1, 2.9 ],
							"rotationOrigin": [ 0.0, 1.0, 1.6 ],
							"rotationZ": -45.0,
							"faces": {
								"north": { "texture": "#gold2", "uv": [ 0.0, 2.5, 0.5, 3.0 ] },
								"south": { "texture": "#gold2", "uv": [ 4.0, 3.0, 4.5, 3.5 ] },
								"west": { "texture": "#gold2", "uv": [ 3.5, 0.5, 6.0, 1.0 ] },
								"down": { "texture": "#gold2", "uv": [ 2.0, 0.0, 4.5, 0.5 ], "rotation": 90 }
							}
						},
						{
							"name": "groove4",
							"from": [ -0.1, 1.4, 0.1 ],
							"to": [ 0.1, 1.6, 2.9 ],
							"rotationOrigin": [ 0.0, 1.5, 1.6 ],
							"rotationZ": -45.0,
							"faces": {
								"north": { "texture": "#gold2", "uv": [ 6.0, 2.0, 6.5, 2.5 ] },
								"south": { "texture": "#gold2", "uv": [ 0.5, 0.5, 1.0, 1.0 ] },
								"west": { "texture": "#gold2", "uv": [ 3.5, 2.5, 6.0, 3.0 ] },
								"down": { "texture": "#gold2", "uv": [ 1.0, 2.0, 3.5, 2.5 ], "rotation": 90 }
							}
						}
					]
				}
			]
		}
	]}