{
	"editor": {
		"backDropShape": "entity/humanoid/kobold",
		"allAngles": true,
		"entityTextureMode": false
	},
	"textureWidth": 16,
	"textureHeight": 16,
	"textureSizes": {
		"blue": [16,16],
		"blackbronze": [4,4],
		"jade": [4,4]
	},
	"textures": {
		"blue": "block/cloth/basic/blue",
		"red": "block/cloth/basic/red",
		"jade": "entity/humanoid/seraphclothes/neck/gem/jade",
		"blackbronze": "entity/humanoid/seraphclothes/neck/metal/blackbronze"
	},
	"elements": [
		{
			"name": "hideme",
			"stepParentName": "UpperTorso",
			"from": [ 2.0, 5.0, 3.0 ],
			"to": [ 2.0, 5.0, 3.0 ],
			"rotationOrigin": [ 2.0, 5.0, 3.0 ],
			"faces": {
			},
			"children": [
				{
					"name": "string back",
					"from": [ 2.2, 0.2, -1.4 ],
					"to": [ 2.4, 0.4, 1.6 ],
					"rotationOrigin": [ 2.3, 0.3, 0.1 ],
					"rotationZ": 45.0,
					"faces": {
						"north": { "texture": "#blue", "uv": [ 12.5, 13.0, 12.75, 13.25 ] },
						"east": { "texture": "#blue", "uv": [ 10.0, 13.5, 13.0, 13.75 ] },
						"south": { "texture": "#blue", "uv": [ 11.0, 13.5, 11.25, 13.75 ] },
						"west": { "texture": "#blue", "uv": [ 4.0, 6.0, 7.0, 6.25 ] },
						"up": { "texture": "#blue", "uv": [ 11.5, 11.0, 11.75, 14.0 ] },
						"down": { "texture": "#blue", "uv": [ 13.0, 11.5, 13.25, 14.5 ] }
					}
				},
				{
					"name": "stringR1",
					"from": [ -1.0, 0.2, -1.5 ],
					"to": [ 2.3, 0.4, -1.3 ],
					"rotationOrigin": [ 0.4, 0.3, -1.4 ],
					"rotationX": 45.0,
					"faces": {
						"north": { "texture": "#blue", "uv": [ 8.5, 14.0, 11.75, 14.25 ] },
						"east": { "texture": "#blue", "uv": [ 2.0, 9.5, 2.25, 9.75 ] },
						"south": { "texture": "#blue", "uv": [ 12.0, 10.5, 15.25, 10.75 ] },
						"west": { "texture": "#blue", "uv": [ 10.5, 1.0, 10.75, 1.25 ] },
						"up": { "texture": "#blue", "uv": [ 5.5, 4.0, 8.75, 4.25 ] },
						"down": { "texture": "#blue", "uv": [ 6.0, 2.5, 9.25, 2.75 ] }
					}
				},
				{
					"name": "stringL1",
					"from": [ -1.0, 0.2, 1.5 ],
					"to": [ 2.3, 0.4, 1.7 ],
					"rotationOrigin": [ 0.4, 0.3, 1.6 ],
					"rotationX": 45.0,
					"faces": {
						"north": { "texture": "#blue", "uv": [ 4.5, 1.0, 7.75, 1.25 ] },
						"east": { "texture": "#blue", "uv": [ 1.0, 10.5, 1.25, 10.75 ] },
						"south": { "texture": "#blue", "uv": [ 3.0, 13.5, 6.25, 13.75 ] },
						"west": { "texture": "#blue", "uv": [ 10.0, 2.5, 10.25, 2.75 ] },
						"up": { "texture": "#blue", "uv": [ 7.0, 5.0, 10.25, 5.25 ] },
						"down": { "texture": "#blue", "uv": [ 4.0, 11.0, 7.25, 11.25 ] }
					}
				},
				{
					"name": "stringR2",
					"from": [ -2.3, -0.1, -1.0 ],
					"to": [ -0.8, 0.1, -0.8 ],
					"rotationOrigin": [ -1.8, 0.0, -0.9 ],
					"rotationY": 33.0,
					"rotationZ": 17.0,
					"faces": {
						"north": { "texture": "#blue", "uv": [ 5.5, 3.5, 7.0, 3.75 ] },
						"east": { "texture": "#blue", "uv": [ 9.5, 7.0, 9.75, 7.25 ] },
						"south": { "texture": "#blue", "uv": [ 14.0, 7.5, 15.5, 7.75 ] },
						"west": { "texture": "#blue", "uv": [ 1.5, 3.5, 1.75, 3.75 ] },
						"up": { "texture": "#blue", "uv": [ 5.5, 3.5, 7.0, 3.75 ] },
						"down": { "texture": "#blue", "uv": [ 8.0, 14.0, 9.5, 14.25 ] }
					}
				},
				{
					"name": "stringL2",
					"from": [ -2.3, -0.1, 1.0 ],
					"to": [ -0.8, 0.1, 1.2 ],
					"rotationOrigin": [ -1.8, 0.0, 1.1 ],
					"rotationY": -33.0,
					"rotationZ": 17.0,
					"faces": {
						"north": { "texture": "#blue", "uv": [ 5.5, 9.0, 7.0, 9.25 ] },
						"east": { "texture": "#blue", "uv": [ 5.5, 10.0, 5.75, 10.25 ] },
						"south": { "texture": "#blue", "uv": [ 12.0, 10.0, 13.5, 10.25 ] },
						"west": { "texture": "#blue", "uv": [ 11.0, 12.5, 11.25, 12.75 ] },
						"up": { "texture": "#blue", "uv": [ 4.5, 10.5, 6.0, 10.75 ] },
						"down": { "texture": "#blue", "uv": [ 0.5, 15.0, 2.0, 15.25 ] }
					}
				},
				{
					"name": "pendant",
					"from": [ -2.4, -2.6, -0.1 ],
					"to": [ -2.2, -1.6, 0.3 ],
					"rotationOrigin": [ -2.3, -1.5, 0.1 ],
					"faces": {
						"north": { "texture": "#jade", "uv": [ 2.5, 1.0, 3.0, 2.0 ] },
						"east": { "texture": "#jade", "uv": [ 2.0, 0.0, 2.5, 1.0 ] },
						"south": { "texture": "#jade", "uv": [ 1.0, 1.5, 1.5, 2.5 ] },
						"west": { "texture": "#jade", "uv": [ 1.0, 0.5, 1.5, 1.5 ] },
						"up": { "texture": "#jade", "uv": [ 0.0, 1.5, 0.5, 2.0 ] },
						"down": { "texture": "#jade", "uv": [ 1.0, 0.5, 1.5, 1.0 ] }
					},
					"children": [
						{
							"name": "chain1",
							"from": [ -0.1, 0.9, 0.1 ],
							"to": [ 0.3, 1.3, 0.3 ],
							"rotationOrigin": [ 0.1, 1.1, 0.2 ],
							"rotationZ": 47.0,
							"faces": {
								"north": { "texture": "#blackbronze", "uv": [ 2.5, 0.75, 2.75, 1.0 ] },
								"east": { "texture": "#blackbronze", "uv": [ 0.0, 3.0, 0.25, 3.25 ] },
								"south": { "texture": "#blackbronze", "uv": [ 2.5, 1.0, 2.75, 1.25 ] },
								"west": { "texture": "#blackbronze", "uv": [ 1.75, 1.5, 2.0, 1.75 ] },
								"up": { "texture": "#blackbronze", "uv": [ 1.0, 2.0, 1.25, 2.25 ] },
								"down": { "texture": "#blackbronze", "uv": [ 0.25, 3.0, 0.5, 3.25 ] }
							}
						},
						{
							"name": "chain2",
							"from": [ 0.0, -0.2, 0.1 ],
							"to": [ 0.2, 0.0, 0.3 ],
							"rotationOrigin": [ 0.1, -0.1, 0.2 ],
							"rotationZ": 55.0,
							"faces": {
								"north": { "texture": "#blackbronze", "uv": [ 3.25, 3.0, 3.5, 3.25 ] },
								"east": { "texture": "#blackbronze", "uv": [ 2.5, 3.5, 2.75, 3.75 ] },
								"south": { "texture": "#blackbronze", "uv": [ 1.75, 1.75, 2.0, 2.0 ] },
								"west": { "texture": "#blackbronze", "uv": [ 0.0, 1.75, 0.25, 2.0 ] },
								"up": { "texture": "#blackbronze", "uv": [ 3.5, 2.75, 3.75, 3.0 ] },
								"down": { "texture": "#blackbronze", "uv": [ 0.75, 2.25, 1.0, 2.5 ] }
							}
						},
						{
							"name": "pendantH",
							"from": [ -0.01, 0.3, -0.3 ],
							"to": [ 0.19, 0.7, 0.7 ],
							"rotationOrigin": [ 0.0, 0.5, 0.2 ],
							"faces": {
								"north": { "texture": "#jade", "uv": [ 2.0, 0.5, 2.5, 1.0 ] },
								"east": { "texture": "#jade", "uv": [ 0.5, 0.5, 1.5, 1.0 ] },
								"south": { "texture": "#jade", "uv": [ 2.5, 3.0, 3.0, 3.5 ] },
								"west": { "texture": "#jade", "uv": [ 0.0, 2.0, 1.0, 2.5 ] },
								"up": { "texture": "#jade", "uv": [ 1.0, 2.5, 1.5, 3.5 ] },
								"down": { "texture": "#jade", "uv": [ 1.5, 0.5, 2.0, 1.5 ] }
							}
						},
						{
							"name": "pendantD1",
							"from": [ 0.01, 0.3, -0.3 ],
							"to": [ 0.21, 0.7, 0.7 ],
							"rotationOrigin": [ 0.0, 0.5, 0.2 ],
							"rotationX": 45.0,
							"faces": {
								"north": { "texture": "#jade", "uv": [ 2.0, 3.0, 2.5, 3.5 ] },
								"east": { "texture": "#jade", "uv": [ 2.5, 1.5, 3.5, 2.0 ] },
								"south": { "texture": "#jade", "uv": [ 0.0, 2.0, 0.5, 2.5 ] },
								"west": { "texture": "#jade", "uv": [ 0.0, 0.0, 1.0, 0.5 ] },
								"up": { "texture": "#jade", "uv": [ 1.0, 2.0, 1.5, 3.0 ] },
								"down": { "texture": "#jade", "uv": [ 1.5, 1.0, 2.0, 2.0 ] }
							}
						},
						{
							"name": "pendantD2",
							"from": [ 0.01, 0.3, -0.3 ],
							"to": [ 0.21, 0.7, 0.7 ],
							"rotationOrigin": [ 0.0, 0.5, 0.2 ],
							"rotationX": -45.0,
							"faces": {
								"north": { "texture": "#jade", "uv": [ 3.0, 2.0, 3.5, 2.5 ] },
								"east": { "texture": "#jade", "uv": [ 1.0, 0.5, 2.0, 1.0 ] },
								"south": { "texture": "#jade", "uv": [ 0.0, 0.5, 0.5, 1.0 ] },
								"west": { "texture": "#jade", "uv": [ 2.0, 2.5, 3.0, 3.0 ] },
								"up": { "texture": "#jade", "uv": [ 3.0, 0.5, 3.5, 1.5 ] },
								"down": { "texture": "#jade", "uv": [ 1.0, 2.5, 1.5, 3.5 ] }
							}
						},
						{
							"name": "coin-mid",
							"from": [ 0.0, -0.6, 0.1 ],
							"to": [ 0.2, -0.4, 0.3 ],
							"rotationOrigin": [ 0.0, -0.5, 0.2 ],
							"faces": {
							},
							"children": [
								{
									"name": "coinU",
									"from": [ 0.0, 0.2, 0.0 ],
									"to": [ 0.2, 0.4, 0.4 ],
									"rotationOrigin": [ 0.0, 0.2, 0.0 ],
									"faces": {
										"east": { "texture": "#blackbronze", "uv": [ 2.5, 0.5, 2.75, 0.75 ] },
										"south": { "texture": "#blackbronze", "uv": [ 3.0, 3.25, 3.25, 3.5 ] },
										"west": { "texture": "#blackbronze", "uv": [ 2.75, 1.75, 3.0, 2.0 ] },
										"up": { "texture": "#blackbronze", "uv": [ 0.75, 1.5, 1.0, 1.75 ] },
										"down": { "texture": "#blackbronze", "uv": [ 2.0, 2.5, 2.25, 2.75 ] }
									}
								},
								{
									"name": "coinD",
									"from": [ 0.0, -0.2, -0.2 ],
									"to": [ 0.2, 0.0, 0.2 ],
									"faces": {
										"north": { "texture": "#blackbronze", "uv": [ 0.5, 3.0, 0.75, 3.25 ] },
										"east": { "texture": "#blackbronze", "uv": [ 2.75, 1.75, 3.0, 2.0 ] },
										"west": { "texture": "#blackbronze", "uv": [ 2.75, 1.25, 3.0, 1.5 ] },
										"up": { "texture": "#blackbronze", "uv": [ 0.75, 3.25, 1.0, 3.5 ] },
										"down": { "texture": "#blackbronze", "uv": [ 0.5, 0.25, 0.75, 0.5 ] }
									}
								},
								{
									"name": "coinR",
									"from": [ 0.0, 0.0, -0.2 ],
									"to": [ 0.2, 0.4, 0.0 ],
									"faces": {
										"north": { "texture": "#blackbronze", "uv": [ 3.0, 3.5, 3.25, 3.75 ] },
										"east": { "texture": "#blackbronze", "uv": [ 1.25, 1.5, 1.5, 1.75 ] },
										"south": { "texture": "#blackbronze", "uv": [ 1.0, 1.75, 1.25, 2.0 ] },
										"west": { "texture": "#blackbronze", "uv": [ 0.75, 2.25, 1.0, 2.5 ] },
										"up": { "texture": "#blackbronze", "uv": [ 1.5, 1.0, 1.75, 1.25 ] }
									}
								},
								{
									"name": "coinL",
									"from": [ 0.0, -0.2, 0.2 ],
									"to": [ 0.2, 0.2, 0.4 ],
									"rotationOrigin": [ 0.0, 0.0, 0.2 ],
									"faces": {
										"north": { "texture": "#blackbronze", "uv": [ 1.75, 2.25, 2.0, 2.5 ] },
										"east": { "texture": "#blackbronze", "uv": [ 1.75, 2.0, 2.0, 2.25 ] },
										"south": { "texture": "#blackbronze", "uv": [ 2.75, 3.25, 3.0, 3.5 ] },
										"west": { "texture": "#blackbronze", "uv": [ 2.0, 0.75, 2.25, 1.0 ] },
										"down": { "texture": "#blackbronze", "uv": [ 3.0, 0.75, 3.25, 1.0 ] }
									}
								}
							]
						},
						{
							"name": "chain3",
							"from": [ 0.0, -1.0, 0.1 ],
							"to": [ 0.2, -0.8, 0.3 ],
							"rotationOrigin": [ 0.1, -0.9, 0.2 ],
							"rotationY": -45.0,
							"faces": {
								"north": { "texture": "#blackbronze", "uv": [ 3.0, 0.5, 3.25, 0.75 ] },
								"east": { "texture": "#blackbronze", "uv": [ 0.0, 3.5, 0.25, 3.75 ] },
								"south": { "texture": "#blackbronze", "uv": [ 2.0, 1.0, 2.25, 1.25 ] },
								"west": { "texture": "#blackbronze", "uv": [ 0.75, 0.25, 1.0, 0.5 ] },
								"up": { "texture": "#blackbronze", "uv": [ 1.25, 1.75, 1.5, 2.0 ] },
								"down": { "texture": "#blackbronze", "uv": [ 1.25, 1.25, 1.5, 1.5 ] }
							},
							"children": [
								{
									"name": "string1",
									"from": [ 0.05, -1.0, 0.05 ],
									"to": [ 0.15, 0.0, 0.15 ],
									"rotationOrigin": [ 0.1, 0.0, 0.1 ],
									"faces": {
										"north": { "texture": "#red", "uv": [ 2.0, 11.5, 2.5, 12.5 ] },
										"east": { "texture": "#red", "uv": [ 14.5, 8.5, 15.0, 9.5 ] },
										"south": { "texture": "#red", "uv": [ 11.0, 9.5, 11.5, 10.5 ] },
										"west": { "texture": "#red", "uv": [ 6.5, 10.5, 7.0, 11.5 ] },
										"down": { "texture": "#red", "uv": [ 10.0, 11.0, 10.5, 11.5 ] }
									}
								},
								{
									"name": "string2",
									"from": [ 0.05, -0.8, 0.05 ],
									"to": [ 0.15, 0.0, 0.15 ],
									"rotationOrigin": [ 0.1, 0.0, 0.1 ],
									"rotationY": -19.0,
									"rotationZ": 8.0,
									"faces": {
										"north": { "texture": "#red", "uv": [ 14.5, 6.5, 15.0, 7.0 ] },
										"east": { "texture": "#red", "uv": [ 4.0, 5.0, 4.5, 5.5 ] },
										"south": { "texture": "#red", "uv": [ 5.0, 1.5, 5.5, 2.0 ] },
										"west": { "texture": "#red", "uv": [ 4.5, 5.5, 5.0, 6.0 ] },
										"down": { "texture": "#red", "uv": [ 11.0, 1.5, 11.5, 2.0 ] }
									}
								},
								{
									"name": "string3",
									"from": [ 0.05, -0.8, 0.05 ],
									"to": [ 0.15, 0.0, 0.15 ],
									"rotationOrigin": [ 0.1, 0.0, 0.1 ],
									"rotationX": 17.0,
									"rotationY": 22.0,
									"rotationZ": -8.0,
									"faces": {
										"north": { "texture": "#red", "uv": [ 15.0, 8.5, 15.5, 9.0 ] },
										"east": { "texture": "#red", "uv": [ 8.0, 6.5, 8.5, 7.0 ] },
										"south": { "texture": "#red", "uv": [ 13.0, 2.0, 13.5, 2.5 ] },
										"west": { "texture": "#red", "uv": [ 3.0, 14.5, 3.5, 15.0 ] },
										"down": { "texture": "#red", "uv": [ 1.0, 7.5, 1.5, 8.0 ] }
									}
								},
								{
									"name": "string4",
									"from": [ 0.05, -0.9, 0.05 ],
									"to": [ 0.15, 0.0, 0.15 ],
									"rotationOrigin": [ 0.1, 0.0, 0.1 ],
									"rotationX": 6.0,
									"rotationY": -19.0,
									"rotationZ": -11.0,
									"faces": {
										"north": { "texture": "#red", "uv": [ 2.5, 3.5, 3.0, 4.0 ] },
										"east": { "texture": "#red", "uv": [ 12.5, 14.0, 13.0, 14.5 ] },
										"south": { "texture": "#red", "uv": [ 10.0, 7.0, 10.5, 7.5 ] },
										"west": { "texture": "#red", "uv": [ 11.0, 15.0, 11.5, 15.5 ] },
										"down": { "texture": "#red", "uv": [ 7.0, 15.0, 7.5, 15.5 ] }
									}
								}
							]
						}
					]
				},
				{
					"name": "stringR3",
					"from": [ -2.3, -1.6, -0.7 ],
					"to": [ -2.1, -0.1, -0.5 ],
					"rotationOrigin": [ -2.2, -0.1, -0.6 ],
					"rotationX": -22.0,
					"rotationZ": -5.0,
					"faces": {
						"north": { "texture": "#blue", "uv": [ 5.0, 8.0, 5.25, 9.5 ] },
						"east": { "texture": "#blue", "uv": [ 5.5, 2.0, 5.75, 3.5 ] },
						"south": { "texture": "#blue", "uv": [ 5.5, 3.0, 5.75, 4.5 ] },
						"west": { "texture": "#blue", "uv": [ 15.5, 8.5, 15.75, 10.0 ] },
						"up": { "texture": "#blue", "uv": [ 5.5, 1.0, 5.75, 1.25 ] },
						"down": { "texture": "#blue", "uv": [ 15.5, 0.5, 15.75, 0.75 ] }
					}
				},
				{
					"name": "stringL3",
					"from": [ -2.3, -1.6, 0.7 ],
					"to": [ -2.1, -0.1, 0.9 ],
					"rotationOrigin": [ -2.2, -0.1, 0.8 ],
					"rotationX": 22.0,
					"rotationZ": -5.0,
					"faces": {
						"north": { "texture": "#blue", "uv": [ 2.0, 11.5, 2.25, 13.0 ] },
						"east": { "texture": "#blue", "uv": [ 14.5, 7.0, 14.75, 8.5 ] },
						"south": { "texture": "#blue", "uv": [ 9.5, 5.0, 9.75, 6.5 ] },
						"west": { "texture": "#blue", "uv": [ 2.0, 10.5, 2.25, 12.0 ] },
						"up": { "texture": "#blue", "uv": [ 12.0, 13.0, 12.25, 13.25 ] },
						"down": { "texture": "#blue", "uv": [ 13.5, 3.0, 13.75, 3.25 ] }
					}
				}
			]
		}
	]}