{
	"editor": {
		"backDropShape": "entity/humanoid/seraph-hairless",
		"allAngles": true,
		"entityTextureMode": false
	},
	"textureWidth": 8,
	"textureHeight": 8,
	"textureSizes": {
	},
	"textures": {
		"larch": "item/resource/seeds/larch",
		"reedrope": "block/cloth/ropedcloth"
	},
	"elements": [
		{
			"name": "hideme",
			"stepParentName": "UpperTorso",
			"from": [ 2.0, 5.0, 3.0 ], 
			"to": [ 2.0, 5.0, 3.0 ], 
			"rotationOrigin": [ 2.0, 5.0, 3.0 ],
			"faces": {
				"north": { "texture": "#null", "uv": [ 0.0, 0.0, 0.5, 0.5 ], "enabled": false },
				"east": { "texture": "#null", "uv": [ 0.0, 0.0, 0.5, 0.5 ], "enabled": false },
				"south": { "texture": "#null", "uv": [ 0.0, 0.0, 0.5, 0.5 ], "enabled": false },
				"west": { "texture": "#null", "uv": [ 0.0, 0.0, 0.5, 0.5 ], "enabled": false },
				"up": { "texture": "#null", "uv": [ 0.0, 0.0, 0.5, 0.5 ], "enabled": false },
				"down": { "texture": "#null", "uv": [ 0.0, 0.0, 0.5, 0.5 ], "enabled": false }
			},
			"children": [
				{
					"name": "string back",
					"from": [ 2.2, 0.2, -1.4 ], 
					"to": [ 2.4, 0.4, 1.6 ], 
					"rotationOrigin": [ 2.3, 0.3, 0.1 ],
					"rotationZ": 45.0,
					"faces": {
						"north": { "texture": "#reedrope", "uv": [ 0.0, 0.0, 0.25, 0.25 ] },
						"east": { "texture": "#reedrope", "uv": [ 0.0, 0.0, 3.0, 0.25 ] },
						"south": { "texture": "#reedrope", "uv": [ 0.0, 0.0, 0.25, 0.25 ] },
						"west": { "texture": "#reedrope", "uv": [ 0.0, 0.0, 3.0, 0.25 ] },
						"up": { "texture": "#reedrope", "uv": [ 0.0, 0.0, 0.25, 3.0 ] },
						"down": { "texture": "#reedrope", "uv": [ 0.0, 0.0, 0.25, 3.0 ] }
					}
				},
				{
					"name": "string R2",
					"from": [ -1.0, 0.2, -1.5 ], 
					"to": [ 2.3, 0.4, -1.3 ], 
					"rotationOrigin": [ 0.4, 0.3, -1.4 ],
					"rotationX": 45.0,
					"faces": {
						"north": { "texture": "#reedrope", "uv": [ 0.0, 0.0, 3.25, 0.25 ] },
						"east": { "texture": "#reedrope", "uv": [ 0.0, 0.0, 0.25, 0.25 ] },
						"south": { "texture": "#reedrope", "uv": [ 0.0, 0.0, 3.25, 0.25 ] },
						"west": { "texture": "#reedrope", "uv": [ 0.0, 0.0, 0.25, 0.25 ] },
						"up": { "texture": "#reedrope", "uv": [ 0.0, 0.0, 3.25, 0.25 ] },
						"down": { "texture": "#reedrope", "uv": [ 0.0, 0.0, 3.25, 0.25 ] }
					}
				},
				{
					"name": "string L2",
					"from": [ -1.0, 0.2, 1.5 ], 
					"to": [ 2.3, 0.4, 1.7 ], 
					"rotationOrigin": [ 0.4, 0.3, 1.6 ],
					"rotationX": 45.0,
					"faces": {
						"north": { "texture": "#reedrope", "uv": [ 0.0, 0.0, 3.25, 0.25 ] },
						"east": { "texture": "#reedrope", "uv": [ 0.0, 0.0, 0.25, 0.25 ] },
						"south": { "texture": "#reedrope", "uv": [ 0.0, 0.0, 3.25, 0.25 ] },
						"west": { "texture": "#reedrope", "uv": [ 0.0, 0.0, 0.25, 0.25 ] },
						"up": { "texture": "#reedrope", "uv": [ 0.0, 0.0, 3.25, 0.25 ] },
						"down": { "texture": "#reedrope", "uv": [ 0.0, 0.0, 3.25, 0.25 ] }
					}
				},
				{
					"name": "string R3",
					"from": [ -2.3, -0.1, -1.0 ], 
					"to": [ -0.8, 0.1, -0.8 ], 
					"rotationOrigin": [ -1.8, 0.0, -0.9 ],
					"rotationY": 33.0,
					"rotationZ": 17.0,
					"faces": {
						"north": { "texture": "#reedrope", "uv": [ 0.0, 0.0, 1.5, 0.25 ] },
						"east": { "texture": "#reedrope", "uv": [ 0.0, 0.0, 0.25, 0.25 ] },
						"south": { "texture": "#reedrope", "uv": [ 0.0, 0.0, 1.5, 0.25 ] },
						"west": { "texture": "#reedrope", "uv": [ 0.0, 0.0, 0.25, 0.25 ] },
						"up": { "texture": "#reedrope", "uv": [ 0.0, 0.0, 1.5, 0.25 ] },
						"down": { "texture": "#reedrope", "uv": [ 0.0, 0.0, 1.5, 0.25 ] }
					}
				},
				{
					"name": "string L3",
					"from": [ -2.3, -0.1, 1.0 ], 
					"to": [ -0.8, 0.1, 1.2 ], 
					"rotationOrigin": [ -1.8, 0.0, 1.1 ],
					"rotationY": -33.0,
					"rotationZ": 17.0,
					"faces": {
						"north": { "texture": "#reedrope", "uv": [ 0.0, 0.0, 1.5, 0.25 ] },
						"east": { "texture": "#reedrope", "uv": [ 0.0, 0.0, 0.25, 0.25 ] },
						"south": { "texture": "#reedrope", "uv": [ 0.0, 0.0, 1.5, 0.25 ] },
						"west": { "texture": "#reedrope", "uv": [ 0.0, 0.0, 0.25, 0.25 ] },
						"up": { "texture": "#reedrope", "uv": [ 0.0, 0.0, 1.5, 0.25 ] },
						"down": { "texture": "#reedrope", "uv": [ 0.0, 0.0, 1.5, 0.25 ] }
					}
				},
				{
					"name": "larch",
					"from": [ -2.6, -2.1, -0.3 ], 
					"to": [ -2.0, -0.6, 0.3 ], 
					"rotationOrigin": [ -2.3, -1.1, 0.0 ],
					"rotationY": 45.0,
					"faces": {
						"north": { "texture": "#larch", "uv": [ 0.5, 0.0, 1.0, 1.5 ] },
						"east": { "texture": "#larch", "uv": [ 2.0, 0.0, 2.5, 1.5 ] },
						"south": { "texture": "#larch", "uv": [ 0.5, 0.0, 1.0, 1.5 ] },
						"west": { "texture": "#larch", "uv": [ 1.0, 0.0, 1.5, 1.5 ] },
						"up": { "texture": "#larch", "uv": [ 3.5, 0.0, 4.0, 0.5 ] },
						"down": { "texture": "#larch", "uv": [ 6.0, 3.0, 6.5, 3.5 ] }
					},
					"children": [
						{
							"name": "larch2",
							"from": [ -0.1, 0.3, -0.1 ], 
							"to": [ 0.7, 1.3, 0.7 ], 
							"rotationOrigin": [ 0.3, 0.3, 0.3 ],
							"faces": {
								"north": { "texture": "#larch", "uv": [ 1.5, 2.0, 2.0, 3.0 ] },
								"east": { "texture": "#larch", "uv": [ 2.5, 2.5, 3.0, 3.5 ] },
								"south": { "texture": "#larch", "uv": [ 2.0, 3.0, 2.5, 4.0 ] },
								"west": { "texture": "#larch", "uv": [ 1.5, 2.0, 2.0, 3.0 ] },
								"up": { "texture": "#larch", "uv": [ 2.0, 2.0, 2.5, 2.5 ] },
								"down": { "texture": "#larch", "uv": [ 1.0, 2.0, 1.5, 2.5 ] }
							}
						},
						{
							"name": "string L1",
							"from": [ 0.1, 1.3, 0.3 ], 
							"to": [ 0.3, 2.3, 0.5 ], 
							"rotationOrigin": [ 0.2, 1.3, 0.4 ],
							"rotationX": 40.0,
							"rotationZ": 26.0,
							"faces": {
								"north": { "texture": "#reedrope", "uv": [ 0.0, 0.0, 0.25, 1.0 ] },
								"east": { "texture": "#reedrope", "uv": [ 0.0, 0.0, 0.25, 1.0 ] },
								"south": { "texture": "#reedrope", "uv": [ 0.0, 0.0, 0.25, 1.0 ] },
								"west": { "texture": "#reedrope", "uv": [ 0.0, 0.0, 0.25, 1.0 ] },
								"up": { "texture": "#reedrope", "uv": [ 0.0, 0.0, 0.25, 0.25 ] },
								"down": { "texture": "#reedrope", "uv": [ 0.0, 0.0, 0.25, 0.25 ], "enabled": false }
							}
						},
						{
							"name": "string R1",
							"from": [ 0.3, 1.3, 0.2 ], 
							"to": [ 0.5, 2.3, 0.4 ], 
							"rotationOrigin": [ 0.4, 1.3, 0.3 ],
							"rotationX": -35.0,
							"rotationZ": -26.0,
							"faces": {
								"north": { "texture": "#reedrope", "uv": [ 0.0, 0.0, 0.25, 1.0 ] },
								"east": { "texture": "#reedrope", "uv": [ 0.0, 0.0, 0.25, 1.0 ] },
								"south": { "texture": "#reedrope", "uv": [ 0.0, 0.0, 0.25, 1.0 ] },
								"west": { "texture": "#reedrope", "uv": [ 0.0, 0.0, 0.25, 1.0 ] },
								"up": { "texture": "#reedrope", "uv": [ 0.0, 0.0, 0.25, 0.25 ] },
								"down": { "texture": "#reedrope", "uv": [ 0.0, 0.0, 0.25, 0.25 ], "enabled": false }
							}
						}
					]
				}
			]
		}
	]}