{
	"editor": {
		"backDropShape": "entity/humanoid/kobold",
		"allAngles": false,
		"entityTextureMode": false
	},
	"textureWidth": 8,
	"textureHeight": 8,
	"textureSizes": {
		"gold": [8,8],
		"gold2": [8,4],
		"silver": [8,8]
	},
	"textures": {
		"aquamarine": "entity/humanoid/seraphclothes/neck/gem/aquamarine",
		"lapislazuli": "entity/humanoid/seraphclothes/neck/gem/lapislazuli",
		"sapphire": "entity/humanoid/seraphclothes/neck/gem/sapphire",
		"silver": "entity/humanoid/seraphclothes/neck/metal/silver"
	},
	"elements": [
		{
			"name": "hideme",
			"stepParentName": "UpperTorso",
			"from": [ 0.0, 5.0, 3.0 ],
			"to": [ 0.0, 5.0, 3.0 ],
			"rotationOrigin": [ 0.0, 5.0, 3.0 ],
			"faces": {
			},
			"children": [
				{
					"name": "chest1",
					"from": [ -0.1, -1.5, -1.0 ],
					"to": [ 0.0, -0.5, 1.0 ],
					"faces": {
						"north": { "texture": "#silver", "uv": [ 6.0, 1.5, 6.5, 2.5 ] },
						"east": { "texture": "#silver", "uv": [ 4.5, 5.0, 6.5, 6.0 ] },
						"south": { "texture": "#silver", "uv": [ 4.0, 4.5, 4.5, 5.5 ] },
						"west": { "texture": "#silver", "uv": [ 1.5, 5.5, 3.5, 6.5 ] },
						"up": { "texture": "#silver", "uv": [ 2.5, 2.5, 3.0, 4.5 ] },
						"down": { "texture": "#silver", "uv": [ 2.5, 3.0, 3.0, 5.0 ] }
					},
					"children": [
						{
							"name": "R1",
							"from": [ 0.0, 0.5, -1.0 ],
							"to": [ 0.1, 1.5, 0.0 ],
							"rotationOrigin": [ 0.0, 0.5, 0.0 ],
							"faces": {
								"north": { "texture": "#silver", "uv": [ 4.5, 1.0, 5.0, 2.0 ] },
								"east": { "texture": "#silver", "uv": [ 5.0, 3.5, 6.0, 4.5 ] },
								"south": { "texture": "#silver", "uv": [ 6.5, 0.0, 7.0, 1.0 ], "windMode": [-1,-1,-1,-1], "windData": [1,1,1,1] },
								"west": { "texture": "#silver", "uv": [ 6.0, 4.5, 7.0, 5.5 ] },
								"down": { "texture": "#silver", "uv": [ 5.5, 5.0, 6.0, 6.0 ] }
							},
							"children": [
								{
									"name": "R2",
									"from": [ 0.0, 1.0, 0.0 ],
									"to": [ 3.0, 1.1, 1.0 ],
									"rotationOrigin": [ 0.0, 1.0, 0.0 ],
									"faces": {
										"north": { "texture": "#silver", "uv": [ 0.0, 3.5, 3.0, 4.0 ] },
										"east": { "texture": "#silver", "uv": [ 0.5, 1.5, 1.5, 2.0 ] },
										"south": { "texture": "#silver", "uv": [ 2.5, 6.0, 5.5, 6.5 ] },
										"west": { "texture": "#silver", "uv": [ 1.5, 5.0, 2.5, 5.5 ] },
										"up": { "texture": "#silver", "uv": [ 2.5, 3.5, 5.5, 4.5 ] },
										"down": { "texture": "#silver", "uv": [ 1.5, 2.5, 4.5, 3.5 ] }
									},
									"children": [
										{
											"name": "R3",
											"from": [ 3.0, 0.0, 0.0 ],
											"to": [ 4.5, 0.1, 0.5 ],
											"rotationOrigin": [ 3.0, 0.0, 0.0 ],
											"rotationY": -15.0,
											"rotationZ": 1.0,
											"faces": {
												"north": { "texture": "#silver", "uv": [ 3.5, 2.0, 5.0, 2.5 ] },
												"east": { "texture": "#silver", "uv": [ 5.5, 0.5, 6.0, 1.0 ] },
												"south": { "texture": "#silver", "uv": [ 3.0, 4.0, 4.5, 4.5 ] },
												"up": { "texture": "#silver", "uv": [ 5.5, 2.5, 7.0, 3.0 ] },
												"down": { "texture": "#silver", "uv": [ 1.0, 1.5, 2.5, 2.0 ] }
											}
										}
									]
								}
							]
						},
						{
							"name": "L1",
							"from": [ 0.0, 0.5, 2.0 ],
							"to": [ 0.1, 1.5, 3.0 ],
							"rotationOrigin": [ 0.0, 0.5, 2.0 ],
							"faces": {
								"north": { "texture": "#silver", "uv": [ 1.0, 0.0, 1.5, 1.0 ], "windMode": [-1,-1,-1,-1], "windData": [1,1,1,1] },
								"east": { "texture": "#silver", "uv": [ 6.5, 4.5, 7.5, 5.5 ] },
								"south": { "texture": "#silver", "uv": [ 5.0, 1.5, 5.5, 2.5 ], "windMode": [-1,-1,-1,-1], "windData": [1,1,1,1] },
								"west": { "texture": "#silver", "uv": [ 5.0, 3.0, 6.0, 4.0 ] },
								"down": { "texture": "#silver", "uv": [ 5.5, 2.5, 6.0, 3.5 ] }
							},
							"children": [
								{
									"name": "L2",
									"from": [ 0.0, 1.0, 0.0 ],
									"to": [ 3.0, 1.1, 1.0 ],
									"rotationOrigin": [ 0.0, 1.0, 0.0 ],
									"faces": {
										"north": { "texture": "#silver", "uv": [ 3.0, 4.5, 6.0, 5.0 ] },
										"east": { "texture": "#silver", "uv": [ 2.0, 2.0, 3.0, 2.5 ] },
										"south": { "texture": "#silver", "uv": [ 4.0, 1.0, 7.0, 1.5 ] },
										"west": { "texture": "#silver", "uv": [ 4.5, 1.0, 5.5, 1.5 ] },
										"up": { "texture": "#silver", "uv": [ 1.0, 5.5, 4.0, 6.5 ] },
										"down": { "texture": "#silver", "uv": [ 1.5, 4.0, 4.5, 5.0 ] }
									},
									"children": [
										{
											"name": "L3",
											"from": [ 3.0, 0.0, 0.5 ],
											"to": [ 4.5, 0.1, 1.0 ],
											"rotationOrigin": [ 3.0, 0.0, 1.0 ],
											"rotationY": 15.0,
											"rotationZ": 1.0,
											"faces": {
												"north": { "texture": "#silver", "uv": [ 0.5, 5.0, 2.0, 5.5 ] },
												"east": { "texture": "#silver", "uv": [ 0.0, 6.5, 0.5, 7.0 ] },
												"south": { "texture": "#silver", "uv": [ 0.5, 6.0, 2.0, 6.5 ] },
												"up": { "texture": "#silver", "uv": [ 6.0, 0.5, 7.5, 1.0 ] },
												"down": { "texture": "#silver", "uv": [ 2.0, 1.0, 3.5, 1.5 ] }
											}
										}
									]
								}
							]
						},
						{
							"name": "L4",
							"from": [ 0.01, -0.2, 1.4 ],
							"to": [ 0.11, 0.5, 3.2 ],
							"rotationOrigin": [ 0.1, -0.2, 2.0 ],
							"rotationX": -25.0,
							"faces": {
								"east": { "texture": "#silver", "uv": [ 6.0, 4.0, 7.5, 4.5 ] },
								"south": { "texture": "#silver", "uv": [ 4.0, 4.5, 4.5, 5.0 ] },
								"west": { "texture": "#silver", "uv": [ 1.0, 6.5, 2.5, 7.0 ] },
								"down": { "texture": "#silver", "uv": [ 4.0, 4.0, 4.5, 5.5 ] }
							}
						},
						{
							"name": "R4",
							"from": [ 0.01, -0.2, -1.2 ],
							"to": [ 0.11, 0.5, 0.6 ],
							"rotationOrigin": [ 0.1, -0.2, 0.0 ],
							"rotationX": 25.0,
							"faces": {
								"north": { "texture": "#silver", "uv": [ 5.0, 5.5, 5.5, 6.0 ], "windMode": [-1,-1,-1,-1], "windData": [1,1,1,1] },
								"east": { "texture": "#silver", "uv": [ 3.5, 1.0, 5.0, 1.5 ] },
								"west": { "texture": "#silver", "uv": [ 3.0, 1.0, 4.5, 1.5 ] },
								"down": { "texture": "#silver", "uv": [ 4.0, 4.0, 4.5, 5.5 ] }
							}
						},
						{
							"name": "chest2",
							"from": [ 0.0, -0.5, 0.5 ],
							"to": [ 0.1, 0.0, 1.5 ],
							"rotationOrigin": [ 0.0, 0.0, 1.0 ],
							"faces": {
								"north": { "texture": "#silver", "uv": [ 4.0, 3.5, 4.5, 4.0 ] },
								"east": { "texture": "#silver", "uv": [ 0.0, 7.0, 1.0, 7.5 ] },
								"south": { "texture": "#silver", "uv": [ 1.0, 4.5, 1.5, 5.0 ] },
								"west": { "texture": "#silver", "uv": [ 2.5, 1.0, 3.5, 1.5 ] },
								"down": { "texture": "#silver", "uv": [ 6.0, 4.5, 6.5, 5.5 ] }
							}
						},
						{
							"name": "R5",
							"from": [ 0.01, 1.0, -0.3 ],
							"to": [ 0.11, 1.5, 1.2 ],
							"rotationOrigin": [ 0.1, 1.0, 0.0 ],
							"rotationX": 22.5,
							"faces": {
								"east": { "texture": "#silver", "uv": [ 1.0, 5.5, 2.5, 6.0 ] },
								"west": { "texture": "#silver", "uv": [ 1.0, 0.5, 2.5, 1.0 ] },
								"up": { "texture": "#silver", "uv": [ 3.5, 1.0, 4.0, 2.5 ], "windMode": [-1,-1,-1,-1], "windData": [1,1,1,1] }
							}
						},
						{
							"name": "L5",
							"from": [ 0.02, 1.0, 0.8 ],
							"to": [ 0.12, 1.5, 2.3 ],
							"rotationOrigin": [ 0.1, 1.0, 2.0 ],
							"rotationX": -25.0,
							"faces": {
								"east": { "texture": "#silver", "uv": [ 4.0, 5.0, 5.5, 5.5 ] },
								"west": { "texture": "#silver", "uv": [ 2.0, 3.0, 3.5, 3.5 ] },
								"up": { "texture": "#silver", "uv": [ 3.5, 4.0, 4.0, 5.5 ], "windMode": [-1,-1,-1,-1], "windData": [1,1,1,1] }
							}
						},
						{
							"name": "gem1",
							"from": [ -0.2, -0.15, 0.85 ],
							"to": [ 0.0, 0.15, 1.15 ],
							"rotationOrigin": [ 0.0, 0.0, 1.0 ],
							"faces": {
								"north": { "texture": "#aquamarine", "uv": [ 4.0, 2.0, 5.0, 3.0 ] },
								"south": { "texture": "#aquamarine", "uv": [ 2.0, 5.0, 3.0, 6.0 ] },
								"west": { "texture": "#aquamarine", "uv": [ 1.0, 3.0, 2.0, 4.0 ] },
								"up": { "texture": "#aquamarine", "uv": [ 3.0, 0.0, 4.0, 1.0 ] },
								"down": { "texture": "#aquamarine", "uv": [ 2.0, 6.0, 3.0, 7.0 ] }
							}
						},
						{
							"name": "gem2",
							"from": [ -0.2, 0.5, 0.9 ],
							"to": [ 0.0, 0.7, 1.1 ],
							"rotationOrigin": [ 0.0, 0.6, 1.0 ],
							"faces": {
								"north": { "texture": "#aquamarine", "uv": [ 6.0, 6.0, 7.0, 7.0 ] },
								"south": { "texture": "#aquamarine", "uv": [ 4.0, 6.0, 5.0, 7.0 ] },
								"west": { "texture": "#aquamarine", "uv": [ 3.0, 1.0, 4.0, 2.0 ] },
								"up": { "texture": "#aquamarine", "uv": [ 0.0, 3.0, 1.0, 4.0 ] },
								"down": { "texture": "#aquamarine", "uv": [ 2.0, 4.0, 3.0, 5.0 ] }
							}
						},
						{
							"name": "gem3",
							"from": [ -0.2, 0.25, -0.15 ],
							"to": [ 0.0, 0.55, 0.15 ],
							"rotationOrigin": [ 0.0, 0.4, 0.0 ],
							"rotationX": 22.5,
							"faces": {
								"north": { "texture": "#sapphire", "uv": [ 0.0, 5.0, 1.0, 6.0 ] },
								"south": { "texture": "#sapphire", "uv": [ 6.0, 5.0, 7.0, 6.0 ] },
								"west": { "texture": "#sapphire", "uv": [ 6.0, 2.0, 7.0, 3.0 ] },
								"up": { "texture": "#sapphire", "uv": [ 4.0, 6.0, 5.0, 7.0 ] },
								"down": { "texture": "#sapphire", "uv": [ 6.0, 2.0, 7.0, 3.0 ] }
							}
						},
						{
							"name": "gem4",
							"from": [ -0.2, 0.25, 1.85 ],
							"to": [ 0.0, 0.55, 2.15 ],
							"rotationOrigin": [ 0.0, 0.4, 2.0 ],
							"rotationX": -22.5,
							"faces": {
								"north": { "texture": "#sapphire", "uv": [ 0.0, 3.0, 1.0, 4.0 ] },
								"south": { "texture": "#sapphire", "uv": [ 2.0, 6.0, 3.0, 7.0 ] },
								"west": { "texture": "#sapphire", "uv": [ 5.0, 0.0, 6.0, 1.0 ] },
								"up": { "texture": "#sapphire", "uv": [ 1.0, 6.0, 2.0, 7.0 ] },
								"down": { "texture": "#sapphire", "uv": [ 2.0, 3.0, 3.0, 4.0 ] }
							}
						},
						{
							"name": "gem5",
							"from": [ -0.2, 0.75, 2.35 ],
							"to": [ 0.0, 1.05, 2.65 ],
							"rotationOrigin": [ 0.0, 0.9, 2.5 ],
							"rotationX": -45.0,
							"faces": {
								"north": { "texture": "#lapislazuli", "uv": [ 4.0, 6.0, 5.0, 7.0 ] },
								"south": { "texture": "#lapislazuli", "uv": [ 1.0, 6.0, 2.0, 7.0 ] },
								"west": { "texture": "#lapislazuli", "uv": [ 5.0, 6.0, 6.0, 7.0 ] },
								"up": { "texture": "#lapislazuli", "uv": [ 1.0, 1.0, 2.0, 2.0 ] },
								"down": { "texture": "#lapislazuli", "uv": [ 3.0, 1.0, 4.0, 2.0 ] }
							}
						},
						{
							"name": "gem6",
							"from": [ -0.2, 0.75, -0.65 ],
							"to": [ 0.0, 1.05, -0.35 ],
							"rotationOrigin": [ 0.0, 0.9, -0.5 ],
							"rotationX": 45.0,
							"faces": {
								"north": { "texture": "#lapislazuli", "uv": [ 5.0, 1.0, 6.0, 2.0 ] },
								"south": { "texture": "#lapislazuli", "uv": [ 2.0, 0.0, 3.0, 1.0 ] },
								"west": { "texture": "#lapislazuli", "uv": [ 0.0, 0.0, 1.0, 1.0 ] },
								"up": { "texture": "#lapislazuli", "uv": [ 3.0, 5.0, 4.0, 6.0 ] },
								"down": { "texture": "#lapislazuli", "uv": [ 2.0, 0.0, 3.0, 1.0 ] }
							}
						},
						{
							"name": "gem7",
							"from": [ -0.2, 0.6, 0.4 ],
							"to": [ 0.0, 0.8, 0.6 ],
							"rotationOrigin": [ 0.0, 0.7, 0.5 ],
							"rotationX": 22.5,
							"faces": {
								"north": { "texture": "#sapphire", "uv": [ 4.0, 2.0, 5.0, 3.0 ] },
								"south": { "texture": "#sapphire", "uv": [ 6.0, 1.0, 7.0, 2.0 ] },
								"west": { "texture": "#sapphire", "uv": [ 1.0, 2.0, 2.0, 3.0 ] },
								"up": { "texture": "#sapphire", "uv": [ 3.0, 4.0, 4.0, 5.0 ] },
								"down": { "texture": "#sapphire", "uv": [ 1.0, 0.0, 2.0, 1.0 ] }
							}
						},
						{
							"name": "gem8",
							"from": [ -0.2, 0.6, 1.4 ],
							"to": [ 0.0, 0.8, 1.6 ],
							"rotationOrigin": [ 0.0, 0.7, 1.5 ],
							"rotationX": -22.5,
							"faces": {
								"north": { "texture": "#sapphire", "uv": [ 2.0, 3.0, 3.0, 4.0 ] },
								"south": { "texture": "#sapphire", "uv": [ 0.0, 1.0, 1.0, 2.0 ] },
								"west": { "texture": "#sapphire", "uv": [ 3.0, 3.0, 4.0, 4.0 ] },
								"up": { "texture": "#sapphire", "uv": [ 3.0, 0.0, 4.0, 1.0 ] },
								"down": { "texture": "#sapphire", "uv": [ 3.0, 4.0, 4.0, 5.0 ] }
							}
						},
						{
							"name": "gem9",
							"from": [ -0.2, 1.0, -0.1 ],
							"to": [ 0.0, 1.2, 0.1 ],
							"rotationOrigin": [ 0.0, 1.1, 0.0 ],
							"rotationX": 45.0,
							"faces": {
								"north": { "texture": "#lapislazuli", "uv": [ 4.0, 2.0, 5.0, 3.0 ] },
								"south": { "texture": "#lapislazuli", "uv": [ 1.0, 1.0, 2.0, 2.0 ] },
								"west": { "texture": "#lapislazuli", "uv": [ 4.0, 4.0, 5.0, 5.0 ] },
								"up": { "texture": "#lapislazuli", "uv": [ 4.0, 5.0, 5.0, 6.0 ] },
								"down": { "texture": "#lapislazuli", "uv": [ 2.0, 4.0, 3.0, 5.0 ] }
							}
						},
						{
							"name": "gem10",
							"from": [ -0.2, 1.0, 1.9 ],
							"to": [ 0.0, 1.2, 2.1 ],
							"rotationOrigin": [ 0.0, 1.1, 2.0 ],
							"rotationX": -45.0,
							"faces": {
								"north": { "texture": "#lapislazuli", "uv": [ 2.0, 6.0, 3.0, 7.0 ] },
								"south": { "texture": "#lapislazuli", "uv": [ 6.0, 5.0, 7.0, 6.0 ] },
								"west": { "texture": "#lapislazuli", "uv": [ 2.0, 3.0, 3.0, 4.0 ] },
								"up": { "texture": "#lapislazuli", "uv": [ 1.0, 3.0, 2.0, 4.0 ] },
								"down": { "texture": "#lapislazuli", "uv": [ 2.0, 6.0, 3.0, 7.0 ] }
							}
						}
					]
				}
			]
		}
	]}