{
	"editor": {
		"backDropShape": "entity/humanoid/kobold",
		"allAngles": true,
		"entityTextureMode": false
	},
	"textureWidth": 16,
	"textureHeight": 16,
	"textureSizes": {
		"metal": [8,8],
		"chain": [8,4],
		"gem": [4,4]
	},
	"textures": {
		"chain": "entity/humanoid/seraphclothes/neck/chain/gold",
		"ruby": "entity/humanoid/seraphclothes/neck/gem/ruby",
		"metal": "entity/humanoid/seraphclothes/neck/metal/gold"
	},
	"elements": [
		{
			"name": "hideme",
			"stepParentName": "UpperTorso",
			"from": [ 2.0, 5.7, 3.1 ],
			"to": [ 2.0, 5.7, 3.1 ],
			"rotationOrigin": [ 1.0, 5.0, 3.1 ],
			"faces": {
			},
			"children": [
				{
					"name": "chainR1",
					"from": [ -1.2, -0.8, -2.0 ],
					"to": [ 2.3, -0.3, -1.5 ],
					"rotationOrigin": [ -1.2, -0.8, -1.5 ],
					"rotationZ": 7.0,
					"faces": {
						"north": { "texture": "#chain", "uv": [ 3.0, 3.0, 6.5, 3.5 ] },
						"east": { "texture": "#chain", "uv": [ 1.0, 1.0, 1.5, 1.5 ] },
						"south": { "texture": "#chain", "uv": [ 1.5, 0.0, 5.0, 0.5 ] },
						"west": { "texture": "#chain", "uv": [ 4.0, 0.5, 4.5, 1.0 ] },
						"up": { "texture": "#chain", "uv": [ 2.0, 3.0, 5.5, 3.5 ] },
						"down": { "texture": "#chain", "uv": [ 2.5, 2.0, 6.0, 2.5 ] }
					}
				},
				{
					"name": "chainL1",
					"from": [ -1.2, -0.8, 1.4 ],
					"to": [ 2.3, -0.3, 1.9 ],
					"rotationOrigin": [ -1.2, -0.8, 1.4 ],
					"rotationZ": 7.0,
					"faces": {
						"north": { "texture": "#chain", "uv": [ 1.5, 0.5, 5.0, 1.0 ] },
						"east": { "texture": "#chain", "uv": [ 7.0, 2.0, 7.5, 2.5 ] },
						"south": { "texture": "#chain", "uv": [ 3.0, 2.5, 6.5, 3.0 ] },
						"west": { "texture": "#chain", "uv": [ 1.5, 1.0, 2.0, 1.5 ] },
						"up": { "texture": "#chain", "uv": [ 2.5, 1.5, 6.0, 2.0 ] },
						"down": { "texture": "#chain", "uv": [ 4.0, 3.0, 7.5, 3.5 ] }
					}
				},
				{
					"name": "chainE",
					"from": [ 2.1, -0.4, -1.8 ],
					"to": [ 2.6, 0.1, 1.7 ],
					"rotationOrigin": [ 2.1, -0.4, -0.1 ],
					"rotationZ": 10.0,
					"faces": {
						"north": { "texture": "#chain", "uv": [ 0.5, 3.0, 1.0, 3.5 ] },
						"east": { "texture": "#chain", "uv": [ 3.0, 3.0, 6.5, 3.5 ] },
						"south": { "texture": "#chain", "uv": [ 2.0, 3.0, 2.5, 3.5 ] },
						"west": { "texture": "#chain", "uv": [ 3.5, 1.5, 7.0, 2.0 ] },
						"up": { "texture": "#chain", "uv": [ 2.0, 0.0, 5.5, 0.5 ], "rotation": 90 },
						"down": { "texture": "#chain", "uv": [ 1.0, 2.0, 4.5, 2.5 ], "rotation": 90 }
					}
				},
				{
					"name": "chainR2",
					"from": [ -2.4, -0.9, -1.7 ],
					"to": [ -1.0, -0.4, -1.2 ],
					"rotationOrigin": [ -2.4, -0.9, -1.2 ],
					"rotationY": 20.0,
					"rotationZ": 5.0,
					"faces": {
						"north": { "texture": "#chain", "uv": [ 1.0, 2.5, 2.0, 3.0 ] },
						"east": { "texture": "#chain", "uv": [ 7.0, 1.5, 7.5, 2.0 ] },
						"south": { "texture": "#chain", "uv": [ 3.0, 3.0, 4.0, 3.5 ] },
						"west": { "texture": "#chain", "uv": [ 5.5, 0.0, 6.0, 0.5 ] },
						"up": { "texture": "#chain", "uv": [ 2.0, 2.0, 3.0, 2.5 ] },
						"down": { "texture": "#chain", "uv": [ 0.5, 1.0, 1.5, 1.5 ] }
					},
					"children": [
						{
							"name": "chainR3",
							"from": [ -2.6, -0.1, -0.1 ],
							"to": [ 0.0, 0.4, 0.4 ],
							"rotationOrigin": [ 0.0, 0.4, 0.4 ],
							"rotationX": -27.0,
							"rotationY": 10.0,
							"rotationZ": 78.0,
							"faces": {
								"north": { "texture": "#chain", "uv": [ 4.0, 1.0, 6.5, 1.5 ] },
								"east": { "texture": "#chain", "uv": [ 6.0, 0.0, 6.5, 0.5 ] },
								"south": { "texture": "#chain", "uv": [ 3.5, 2.5, 6.0, 3.0 ] },
								"west": { "texture": "#chain", "uv": [ 0.5, 1.0, 1.0, 1.5 ] },
								"up": { "texture": "#chain", "uv": [ 0.0, 0.5, 2.5, 1.0 ] },
								"down": { "texture": "#chain", "uv": [ 4.0, 1.5, 6.5, 2.0 ] }
							},
							"children": [
								{
									"name": "gem5",
									"from": [ 0.0, 0.1, -0.4 ],
									"to": [ 0.4, 0.3, 0.0 ],
									"rotationOrigin": [ 0.2, 0.2, -0.2 ],
									"rotationY": -42.0,
									"faces": {
										"north": { "texture": "#ruby", "uv": [ 4.0, 12.0, 6.0, 14.0 ] },
										"east": { "texture": "#ruby", "uv": [ 6.0, 0.0, 8.0, 2.0 ] },
										"south": { "texture": "#ruby", "uv": [ 12.0, 0.0, 14.0, 2.0 ] },
										"west": { "texture": "#ruby", "uv": [ 12.0, 2.0, 14.0, 4.0 ] },
										"up": { "texture": "#ruby", "uv": [ 10.0, 8.0, 12.0, 10.0 ] },
										"down": { "texture": "#ruby", "uv": [ 4.0, 6.0, 6.0, 8.0 ] }
									}
								},
								{
									"name": "gem6",
									"from": [ 0.6, 0.1, -0.4 ],
									"to": [ 1.0, 0.3, 0.0 ],
									"rotationOrigin": [ 0.8, 0.2, -0.2 ],
									"rotationY": -33.0,
									"faces": {
										"north": { "texture": "#ruby", "uv": [ 12.0, 4.0, 14.0, 6.0 ] },
										"east": { "texture": "#ruby", "uv": [ 0.0, 6.0, 2.0, 8.0 ] },
										"south": { "texture": "#ruby", "uv": [ 2.0, 12.0, 4.0, 14.0 ] },
										"west": { "texture": "#ruby", "uv": [ 6.0, 2.0, 8.0, 4.0 ] },
										"up": { "texture": "#ruby", "uv": [ 0.0, 6.0, 2.0, 8.0 ] },
										"down": { "texture": "#ruby", "uv": [ 4.0, 0.0, 6.0, 2.0 ] }
									}
								},
								{
									"name": "gem7",
									"from": [ 1.3, 0.1, -0.4 ],
									"to": [ 1.7, 0.3, 0.0 ],
									"rotationOrigin": [ 1.5, 0.2, -0.2 ],
									"rotationY": 22.0,
									"faces": {
										"north": { "texture": "#ruby", "uv": [ 12.0, 2.0, 14.0, 4.0 ] },
										"east": { "texture": "#ruby", "uv": [ 0.0, 10.0, 2.0, 12.0 ] },
										"south": { "texture": "#ruby", "uv": [ 4.0, 10.0, 6.0, 12.0 ] },
										"west": { "texture": "#ruby", "uv": [ 0.0, 8.0, 2.0, 10.0 ] },
										"up": { "texture": "#ruby", "uv": [ 12.0, 6.0, 14.0, 8.0 ] },
										"down": { "texture": "#ruby", "uv": [ 8.0, 2.0, 10.0, 4.0 ] }
									}
								},
								{
									"name": "gem8",
									"from": [ 1.9, 0.1, -0.4 ],
									"to": [ 2.3, 0.3, 0.0 ],
									"rotationOrigin": [ 2.1, 0.2, -0.2 ],
									"rotationY": -28.0,
									"faces": {
										"north": { "texture": "#ruby", "uv": [ 12.0, 2.0, 14.0, 4.0 ] },
										"east": { "texture": "#ruby", "uv": [ 6.0, 12.0, 8.0, 14.0 ] },
										"south": { "texture": "#ruby", "uv": [ 2.0, 0.0, 4.0, 2.0 ] },
										"west": { "texture": "#ruby", "uv": [ 2.0, 4.0, 4.0, 6.0 ] },
										"up": { "texture": "#ruby", "uv": [ 8.0, 12.0, 10.0, 14.0 ] },
										"down": { "texture": "#ruby", "uv": [ 12.0, 8.0, 14.0, 10.0 ] }
									}
								}
							]
						}
					]
				},
				{
					"name": "chainL2",
					"from": [ -2.4, -0.9, 1.1 ],
					"to": [ -1.0, -0.4, 1.6 ],
					"rotationOrigin": [ -2.4, -0.9, 1.1 ],
					"rotationY": -20.0,
					"rotationZ": 5.0,
					"faces": {
						"north": { "texture": "#chain", "uv": [ 5.5, 1.0, 6.5, 1.5 ] },
						"east": { "texture": "#chain", "uv": [ 0.0, 1.0, 0.5, 1.5 ] },
						"south": { "texture": "#chain", "uv": [ 6.5, 3.0, 7.5, 3.5 ] },
						"west": { "texture": "#chain", "uv": [ 2.5, 0.0, 3.0, 0.5 ] },
						"up": { "texture": "#chain", "uv": [ 5.5, 2.0, 6.5, 2.5 ] },
						"down": { "texture": "#chain", "uv": [ 2.5, 2.0, 3.5, 2.5 ] }
					},
					"children": [
						{
							"name": "chainL3",
							"from": [ -2.6, -0.1, 0.1 ],
							"to": [ 0.0, 0.4, 0.6 ],
							"rotationOrigin": [ 0.0, 0.4, 0.1 ],
							"rotationX": 27.0,
							"rotationZ": 78.0,
							"faces": {
								"north": { "texture": "#chain", "uv": [ 0.5, 2.5, 3.0, 3.0 ] },
								"east": { "texture": "#chain", "uv": [ 5.5, 1.0, 6.0, 1.5 ] },
								"south": { "texture": "#chain", "uv": [ 0.5, 0.5, 3.0, 1.0 ] },
								"west": { "texture": "#chain", "uv": [ 0.0, 2.0, 0.5, 2.5 ] },
								"up": { "texture": "#chain", "uv": [ 1.0, 2.0, 3.5, 2.5 ] },
								"down": { "texture": "#chain", "uv": [ 3.5, 0.5, 6.0, 1.0 ] }
							},
							"children": [
								{
									"name": "gem1",
									"from": [ -0.1, 0.1, 0.5 ],
									"to": [ 0.3, 0.3, 0.9 ],
									"rotationOrigin": [ 0.1, 0.2, 0.7 ],
									"rotationY": 36.0,
									"faces": {
										"north": { "texture": "#ruby", "uv": [ 4.0, 6.0, 6.0, 8.0 ] },
										"east": { "texture": "#ruby", "uv": [ 4.0, 12.0, 6.0, 14.0 ] },
										"south": { "texture": "#ruby", "uv": [ 2.0, 2.0, 4.0, 4.0 ] },
										"west": { "texture": "#ruby", "uv": [ 0.0, 2.0, 2.0, 4.0 ] },
										"up": { "texture": "#ruby", "uv": [ 2.0, 12.0, 4.0, 14.0 ] },
										"down": { "texture": "#ruby", "uv": [ 12.0, 8.0, 14.0, 10.0 ] }
									}
								},
								{
									"name": "gem2",
									"from": [ 0.5, 0.1, 0.5 ],
									"to": [ 0.9, 0.3, 0.9 ],
									"rotationOrigin": [ 0.7, 0.2, 0.7 ],
									"rotationY": 40.0,
									"faces": {
										"north": { "texture": "#ruby", "uv": [ 12.0, 6.0, 14.0, 8.0 ] },
										"east": { "texture": "#ruby", "uv": [ 2.0, 4.0, 4.0, 6.0 ] },
										"south": { "texture": "#ruby", "uv": [ 12.0, 4.0, 14.0, 6.0 ] },
										"west": { "texture": "#ruby", "uv": [ 0.0, 6.0, 2.0, 8.0 ] },
										"up": { "texture": "#ruby", "uv": [ 6.0, 8.0, 8.0, 10.0 ] },
										"down": { "texture": "#ruby", "uv": [ 4.0, 12.0, 6.0, 14.0 ] }
									}
								},
								{
									"name": "gem3",
									"from": [ 1.1, 0.1, 0.5 ],
									"to": [ 1.5, 0.3, 0.9 ],
									"rotationOrigin": [ 1.3, 0.2, 0.7 ],
									"rotationY": 35.0,
									"faces": {
										"north": { "texture": "#ruby", "uv": [ 4.0, 4.0, 6.0, 6.0 ] },
										"east": { "texture": "#ruby", "uv": [ 2.0, 12.0, 4.0, 14.0 ] },
										"south": { "texture": "#ruby", "uv": [ 4.0, 10.0, 6.0, 12.0 ] },
										"west": { "texture": "#ruby", "uv": [ 12.0, 6.0, 14.0, 8.0 ] },
										"up": { "texture": "#ruby", "uv": [ 2.0, 6.0, 4.0, 8.0 ] },
										"down": { "texture": "#ruby", "uv": [ 0.0, 4.0, 2.0, 6.0 ] }
									}
								},
								{
									"name": "gem4",
									"from": [ 1.8, 0.1, 0.5 ],
									"to": [ 2.2, 0.3, 0.9 ],
									"rotationOrigin": [ 2.0, 0.2, 0.7 ],
									"rotationY": 36.0,
									"faces": {
										"north": { "texture": "#ruby", "uv": [ 10.0, 12.0, 12.0, 14.0 ] },
										"east": { "texture": "#ruby", "uv": [ 12.0, 6.0, 14.0, 8.0 ] },
										"south": { "texture": "#ruby", "uv": [ 12.0, 12.0, 14.0, 14.0 ] },
										"west": { "texture": "#ruby", "uv": [ 8.0, 6.0, 10.0, 8.0 ] },
										"up": { "texture": "#ruby", "uv": [ 6.0, 10.0, 8.0, 12.0 ] },
										"down": { "texture": "#ruby", "uv": [ 6.0, 0.0, 8.0, 2.0 ] }
									}
								}
							]
						}
					]
				},
				{
					"name": "Pendant",
					"from": [ -2.4, -4.3, -0.5 ],
					"to": [ -2.1, -3.3, 0.5 ],
					"rotationOrigin": [ -2.2349, -3.8, 0.0 ],
					"faces": {
						"north": { "texture": "#metal", "uv": [ 7.0, 4.5, 7.5, 5.5 ] },
						"east": { "texture": "#metal", "uv": [ 1.5, 0.0, 2.5, 1.0 ] },
						"south": { "texture": "#metal", "uv": [ 1.5, 6.5, 2.0, 7.5 ] },
						"west": { "texture": "#metal", "uv": [ 6.0, 3.5, 7.0, 4.5 ] },
						"up": { "texture": "#metal", "uv": [ 5.0, 5.0, 5.5, 6.0 ] },
						"down": { "texture": "#metal", "uv": [ 5.0, 6.0, 5.5, 7.0 ] }
					},
					"children": [
						{
							"name": "Cube2",
							"from": [ -0.1, 1.0, 0.3 ],
							"to": [ 0.4, 1.5, 0.8 ],
							"rotationOrigin": [ 0.15, 1.0, 0.5 ],
							"rotationY": -45.0,
							"faces": {
								"north": { "texture": "#chain", "uv": [ 5.0, 0.5, 5.5, 1.0 ] },
								"east": { "texture": "#chain", "uv": [ 5.0, 1.0, 5.5, 1.5 ] },
								"south": { "texture": "#chain", "uv": [ 5.5, 0.0, 6.0, 0.5 ] },
								"west": { "texture": "#chain", "uv": [ 0.5, 1.0, 1.0, 1.5 ] },
								"up": { "texture": "#chain", "uv": [ 1.5, 0.5, 2.0, 1.0 ] },
								"down": { "texture": "#chain", "uv": [ 4.5, 2.5, 5.0, 3.0 ] }
							}
						},
						{
							"name": "cross1",
							"from": [ -0.1, 0.4, 0.1 ],
							"to": [ 0.0, 0.6, 0.9 ],
							"rotationOrigin": [ 0.0, 0.5, 0.5 ],
							"faces": {
								"north": { "texture": "#chain", "uv": [ 1.0, 3.0, 1.5, 3.5 ] },
								"south": { "texture": "#chain", "uv": [ 5.0, 0.5, 5.5, 1.0 ] },
								"west": { "texture": "#chain", "uv": [ 7.0, 0.0, 7.5, 0.5 ] },
								"up": { "texture": "#chain", "uv": [ 3.0, 1.5, 3.5, 2.0 ] },
								"down": { "texture": "#chain", "uv": [ 5.5, 0.5, 6.0, 1.0 ] }
							}
						},
						{
							"name": "cross2",
							"from": [ -0.11, 0.1, 0.4 ],
							"to": [ 0.0, 0.9, 0.6 ],
							"rotationOrigin": [ 0.0, 0.5, 0.5 ],
							"faces": {
								"north": { "texture": "#chain", "uv": [ 0.5, 1.5, 1.0, 2.0 ] },
								"south": { "texture": "#chain", "uv": [ 2.5, 3.0, 3.0, 3.5 ] },
								"west": { "texture": "#chain", "uv": [ 7.0, 3.0, 7.5, 3.5 ] },
								"up": { "texture": "#chain", "uv": [ 4.0, 2.0, 4.5, 2.5 ] },
								"down": { "texture": "#chain", "uv": [ 3.0, 1.5, 3.5, 2.0 ] }
							}
						}
					]
				}
			]
		}
	]}