{
	"editor": {
		"backDropShape": "entity/humanoid/kobold",
		"allAngles": true,
		"entityTextureMode": false
	},
	"textureWidth": 8,
	"textureHeight": 8,
	"textureSizes": {
		"cinnamon": [16,16],
		"pine": [8,8],
		"reedrope": [8,8]
	},
	"textures": {
		"reedrope": "block/cloth/reedrope",
		"cinnamon": "block/creature/aquatic/seashell/cinnamon"
	},
	"elements": [
		{
			"name": "hideme",
			"stepParentName": "UpperTorso",
			"from": [ 2.0, 5.0, 3.0 ],
			"to": [ 2.0, 5.0, 3.0 ],
			"rotationOrigin": [ 2.0, 5.0, 3.0 ],
			"faces": {
			},
			"children": [
				{
					"name": "string back",
					"from": [ 2.2, 0.2, -1.4 ],
					"to": [ 2.4, 0.4, 1.6 ],
					"rotationOrigin": [ 2.3, 0.3, 0.1 ],
					"rotationZ": 45.0,
					"faces": {
						"north": { "texture": "#reedrope", "uv": [ 0.0, 0.0, 0.25, 0.25 ] },
						"east": { "texture": "#reedrope", "uv": [ 0.0, 0.0, 3.0, 0.25 ] },
						"south": { "texture": "#reedrope", "uv": [ 0.0, 0.0, 0.25, 0.25 ] },
						"west": { "texture": "#reedrope", "uv": [ 0.0, 0.0, 3.0, 0.25 ] },
						"up": { "texture": "#reedrope", "uv": [ 0.0, 0.0, 0.25, 3.0 ] },
						"down": { "texture": "#reedrope", "uv": [ 0.0, 0.0, 0.25, 3.0 ] }
					}
				},
				{
					"name": "stringR1",
					"from": [ -1.0, 0.2, -1.5 ],
					"to": [ 2.3, 0.4, -1.3 ],
					"rotationOrigin": [ 0.4, 0.3, -1.4 ],
					"rotationX": 45.0,
					"faces": {
						"north": { "texture": "#reedrope", "uv": [ 0.0, 0.0, 3.25, 0.25 ] },
						"east": { "texture": "#reedrope", "uv": [ 0.0, 0.0, 0.25, 0.25 ] },
						"south": { "texture": "#reedrope", "uv": [ 0.0, 0.0, 3.25, 0.25 ] },
						"west": { "texture": "#reedrope", "uv": [ 0.0, 0.0, 0.25, 0.25 ] },
						"up": { "texture": "#reedrope", "uv": [ 0.0, 0.0, 3.25, 0.25 ] },
						"down": { "texture": "#reedrope", "uv": [ 0.0, 0.0, 3.25, 0.25 ] }
					}
				},
				{
					"name": "stringL1",
					"from": [ -1.0, 0.2, 1.5 ],
					"to": [ 2.3, 0.4, 1.7 ],
					"rotationOrigin": [ 0.4, 0.3, 1.6 ],
					"rotationX": 45.0,
					"faces": {
						"north": { "texture": "#reedrope", "uv": [ 0.0, 0.0, 3.25, 0.25 ] },
						"east": { "texture": "#reedrope", "uv": [ 0.0, 0.0, 0.25, 0.25 ] },
						"south": { "texture": "#reedrope", "uv": [ 0.0, 0.0, 3.25, 0.25 ] },
						"west": { "texture": "#reedrope", "uv": [ 0.0, 0.0, 0.25, 0.25 ] },
						"up": { "texture": "#reedrope", "uv": [ 0.0, 0.0, 3.25, 0.25 ] },
						"down": { "texture": "#reedrope", "uv": [ 0.0, 0.0, 3.25, 0.25 ] }
					}
				},
				{
					"name": "stringR2",
					"from": [ -2.3, -0.1, -1.0 ],
					"to": [ -0.8, 0.1, -0.8 ],
					"rotationOrigin": [ -1.8, 0.0, -0.9 ],
					"rotationY": 33.0,
					"rotationZ": 17.0,
					"faces": {
						"north": { "texture": "#reedrope", "uv": [ 0.0, 0.0, 1.5, 0.25 ] },
						"east": { "texture": "#reedrope", "uv": [ 0.0, 0.0, 0.25, 0.25 ] },
						"south": { "texture": "#reedrope", "uv": [ 0.0, 0.0, 1.5, 0.25 ] },
						"west": { "texture": "#reedrope", "uv": [ 0.0, 0.0, 0.25, 0.25 ] },
						"up": { "texture": "#reedrope", "uv": [ 0.0, 0.0, 1.5, 0.25 ] },
						"down": { "texture": "#reedrope", "uv": [ 0.0, 0.0, 1.5, 0.25 ] }
					}
				},
				{
					"name": "stringL2",
					"from": [ -2.3, -0.1, 1.0 ],
					"to": [ -0.8, 0.1, 1.2 ],
					"rotationOrigin": [ -1.8, 0.0, 1.1 ],
					"rotationY": -33.0,
					"rotationZ": 17.0,
					"faces": {
						"north": { "texture": "#reedrope", "uv": [ 0.0, 0.0, 1.5, 0.25 ] },
						"east": { "texture": "#reedrope", "uv": [ 0.0, 0.0, 0.25, 0.25 ] },
						"south": { "texture": "#reedrope", "uv": [ 0.0, 0.0, 1.5, 0.25 ] },
						"west": { "texture": "#reedrope", "uv": [ 0.0, 0.0, 0.25, 0.25 ] },
						"up": { "texture": "#reedrope", "uv": [ 0.0, 0.0, 1.5, 0.25 ] },
						"down": { "texture": "#reedrope", "uv": [ 0.0, 0.0, 1.5, 0.25 ] }
					}
				},
				{
					"name": "mid",
					"from": [ -2.4, -2.5, -0.05 ],
					"to": [ -2.2, -1.5, 0.25 ],
					"rotationOrigin": [ -2.3, -1.5, 0.1 ],
					"faces": {
						"north": { "texture": "#cinnamon", "uv": [ 11.5, 3.0, 12.0, 4.0 ] },
						"east": { "texture": "#cinnamon", "uv": [ 13.0, 4.0, 13.5, 5.0 ] },
						"south": { "texture": "#cinnamon", "uv": [ 14.0, 5.0, 14.5, 6.0 ] },
						"west": { "texture": "#cinnamon", "uv": [ 8.5, 5.5, 9.0, 6.5 ] },
						"up": { "texture": "#cinnamon", "uv": [ 9.5, 7.0, 10.0, 7.5 ] },
						"down": { "texture": "#cinnamon", "uv": [ 11.0, 5.5, 11.5, 6.0 ] }
					},
					"children": [
						{
							"name": "R1",
							"from": [ 0.05, 0.0, 0.1 ],
							"to": [ 0.25, 1.0, 0.4 ],
							"rotationOrigin": [ 0.1, 1.0, 0.3 ],
							"rotationX": 20.0,
							"rotationY": -5.0,
							"faces": {
								"north": { "texture": "#cinnamon", "uv": [ 14.5, 2.0, 15.0, 3.0 ] },
								"east": { "texture": "#cinnamon", "uv": [ 11.0, 2.0, 11.5, 3.0 ] },
								"south": { "texture": "#cinnamon", "uv": [ 13.5, 4.5, 14.0, 5.5 ] },
								"west": { "texture": "#cinnamon", "uv": [ 12.5, 4.5, 13.0, 5.5 ] },
								"up": { "texture": "#cinnamon", "uv": [ 11.5, 4.0, 12.0, 4.5 ] },
								"down": { "texture": "#cinnamon", "uv": [ 10.0, 6.0, 10.5, 6.5 ] }
							}
						},
						{
							"name": "R2",
							"from": [ 0.05, 0.0, 0.1 ],
							"to": [ 0.25, 1.0, 0.4 ],
							"rotationOrigin": [ 0.1, 1.0, 0.3 ],
							"rotationX": 35.0,
							"rotationY": -10.0,
							"faces": {
								"north": { "texture": "#cinnamon", "uv": [ 10.5, 4.0, 11.0, 5.0 ] },
								"east": { "texture": "#cinnamon", "uv": [ 10.5, 2.0, 11.0, 3.0 ] },
								"south": { "texture": "#cinnamon", "uv": [ 11.0, 3.5, 11.5, 4.5 ] },
								"west": { "texture": "#cinnamon", "uv": [ 11.0, 4.0, 11.5, 5.0 ] },
								"up": { "texture": "#cinnamon", "uv": [ 12.0, 4.0, 12.5, 4.5 ] },
								"down": { "texture": "#cinnamon", "uv": [ 14.0, 0.5, 14.5, 1.0 ] }
							}
						},
						{
							"name": "R3",
							"from": [ 0.05, 0.0, 0.1 ],
							"to": [ 0.25, 1.0, 0.4 ],
							"rotationOrigin": [ 0.1, 1.0, 0.3 ],
							"rotationX": 50.0,
							"rotationY": -15.0,
							"faces": {
								"north": { "texture": "#cinnamon", "uv": [ 12.0, 2.5, 12.5, 3.5 ] },
								"east": { "texture": "#cinnamon", "uv": [ 10.0, 4.5, 10.5, 5.5 ] },
								"south": { "texture": "#cinnamon", "uv": [ 11.0, 2.0, 11.5, 3.0 ] },
								"west": { "texture": "#cinnamon", "uv": [ 8.5, 2.5, 9.0, 3.5 ] },
								"up": { "texture": "#cinnamon", "uv": [ 9.0, 11.5, 9.5, 12.0 ] },
								"down": { "texture": "#cinnamon", "uv": [ 9.5, 2.5, 10.0, 3.0 ] }
							}
						},
						{
							"name": "L1",
							"from": [ 0.05, 0.0, -0.1 ],
							"to": [ 0.25, 1.0, 0.2 ],
							"rotationOrigin": [ 0.1, 1.0, 0.0 ],
							"rotationX": -20.0,
							"rotationY": 5.0,
							"faces": {
								"north": { "texture": "#cinnamon", "uv": [ 10.0, 3.5, 10.5, 4.5 ] },
								"east": { "texture": "#cinnamon", "uv": [ 11.5, 3.0, 12.0, 4.0 ] },
								"south": { "texture": "#cinnamon", "uv": [ 10.0, 2.5, 10.5, 3.5 ] },
								"west": { "texture": "#cinnamon", "uv": [ 10.0, 4.0, 10.5, 5.0 ] },
								"up": { "texture": "#cinnamon", "uv": [ 10.5, 3.5, 11.0, 4.0 ] },
								"down": { "texture": "#cinnamon", "uv": [ 13.0, 5.0, 13.5, 5.5 ] }
							}
						},
						{
							"name": "L2",
							"from": [ 0.05, 0.0, -0.1 ],
							"to": [ 0.25, 1.0, 0.2 ],
							"rotationOrigin": [ 0.1, 1.0, 0.0 ],
							"rotationX": -35.0,
							"rotationY": 10.0,
							"faces": {
								"north": { "texture": "#cinnamon", "uv": [ 11.5, 4.5, 12.0, 5.5 ] },
								"east": { "texture": "#cinnamon", "uv": [ 10.0, 4.0, 10.5, 5.0 ] },
								"south": { "texture": "#cinnamon", "uv": [ 10.0, 3.5, 10.5, 4.5 ] },
								"west": { "texture": "#cinnamon", "uv": [ 12.5, 4.0, 13.0, 5.0 ] },
								"up": { "texture": "#cinnamon", "uv": [ 11.5, 5.0, 12.0, 5.5 ] },
								"down": { "texture": "#cinnamon", "uv": [ 15.0, 5.5, 15.5, 6.0 ] }
							}
						},
						{
							"name": "L3",
							"from": [ 0.05, 0.0, -0.1 ],
							"to": [ 0.25, 1.0, 0.2 ],
							"rotationOrigin": [ 0.1, 1.0, 0.0 ],
							"rotationX": -50.0,
							"rotationY": 15.0,
							"faces": {
								"north": { "texture": "#cinnamon", "uv": [ 11.5, 5.0, 12.0, 6.0 ] },
								"east": { "texture": "#cinnamon", "uv": [ 14.5, 2.0, 15.0, 3.0 ] },
								"south": { "texture": "#cinnamon", "uv": [ 13.5, 3.0, 14.0, 4.0 ] },
								"west": { "texture": "#cinnamon", "uv": [ 11.0, 1.5, 11.5, 2.5 ] },
								"up": { "texture": "#cinnamon", "uv": [ 11.0, 7.0, 11.5, 7.5 ] },
								"down": { "texture": "#cinnamon", "uv": [ 11.5, 5.0, 12.0, 5.5 ] }
							}
						}
					]
				},
				{
					"name": "stringR3",
					"from": [ -2.3, -1.6, -0.7 ],
					"to": [ -2.1, -0.1, -0.5 ],
					"rotationOrigin": [ -2.2, -0.1, -0.6 ],
					"rotationX": -22.0,
					"rotationZ": -5.0,
					"faces": {
						"north": { "texture": "#reedrope", "uv": [ 0.0, 0.0, 0.25, 1.5 ] },
						"east": { "texture": "#reedrope", "uv": [ 0.0, 0.0, 0.25, 1.5 ] },
						"south": { "texture": "#reedrope", "uv": [ 0.0, 0.0, 0.25, 1.5 ] },
						"west": { "texture": "#reedrope", "uv": [ 0.0, 0.0, 0.25, 1.5 ] },
						"up": { "texture": "#reedrope", "uv": [ 0.0, 0.0, 0.25, 0.25 ] },
						"down": { "texture": "#reedrope", "uv": [ 0.0, 0.0, 0.25, 0.25 ] }
					}
				},
				{
					"name": "stringL3",
					"from": [ -2.3, -1.6, 0.7 ],
					"to": [ -2.1, -0.1, 0.9 ],
					"rotationOrigin": [ -2.2, -0.1, 0.8 ],
					"rotationX": 22.0,
					"rotationZ": -5.0,
					"faces": {
						"north": { "texture": "#reedrope", "uv": [ 0.0, 0.0, 0.25, 1.5 ] },
						"east": { "texture": "#reedrope", "uv": [ 0.0, 0.0, 0.25, 1.5 ] },
						"south": { "texture": "#reedrope", "uv": [ 0.0, 0.0, 0.25, 1.5 ] },
						"west": { "texture": "#reedrope", "uv": [ 0.0, 0.0, 0.25, 1.5 ] },
						"up": { "texture": "#reedrope", "uv": [ 0.0, 0.0, 0.25, 0.25 ] },
						"down": { "texture": "#reedrope", "uv": [ 0.0, 0.0, 0.25, 0.25 ] }
					}
				}
			]
		}
	]}