{
	"editor": {
		"collapsedPaths": "",
		"allAngles": false,
		"entityTextureMode": false
	},
	"textureWidth": 16,
	"textureHeight": 16,
	"textureSizes": {
		"leaves1": [8,32],
		"flower1": [8,32],
		"leaves2": [8,24],
		"flower2": [8,24],
		"flower3": [8,16],
		"leaves3": [8,16]
	},
	"textures": {
	},
	"elements": [
		{
			"name": "Origin2",
			"from": [ 12.0, 0.0, 12.0 ],
			"to": [ 12.0, 0.0, 12.0 ],
			"rotationOrigin": [ 12.0, 0.0, 12.0 ],
			"rotationY": 10.0,
			"faces": {
			},
			"children": [
				{
					"name": "Flower4",
					"from": [ -4.2, 0.0, 0.0 ],
					"to": [ 3.8, 24.0, 0.0 ],
					"shade": false,
					"renderPass": 1,
					"rotationOrigin": [ 0.0, 0.0, 0.0 ],
					"rotationY": 180.0,
					"faces": {
						"north": { "texture": "#flower2", "uv": [ 0.0, 0.0, 8.0, 24.0 ], "windMode": [0,9,9,0], "windData": [0,1,1,0] }
					},
					"children": [
						{
							"name": "Leaves4",
							"from": [ 0.0, 0.0, 0.01 ],
							"to": [ 8.0, 24.0, 0.01 ],
					"shade": false,
							"climateColorMap": "climatePlantTint",
							"seasonColorMap": "seasonalMaple",
							"renderPass": 1,
							"rotationOrigin": [ 0.0, 0.0, 0.01 ],
							"faces": {
								"north": { "texture": "#leaves2", "uv": [ 0.0, 0.0, 8.0, 24.0 ], "windMode": [0,9,9,0], "windData": [0,1,1,0] }
							}
						}
					]
				},
				{
					"name": "Flower5",
					"from": [ -4.2, 0.0, 0.0 ],
					"to": [ 3.8, 24.0, 0.0 ],
					"shade": false,
					"renderPass": 1,
					"rotationOrigin": [ 0.0, 0.0, 0.0 ],
					"rotationY": -67.5,
					"faces": {
						"north": { "texture": "#flower2", "uv": [ 0.0, 0.0, 8.0, 24.0 ], "windMode": [0,9,9,0], "windData": [0,1,1,0] }
					},
					"children": [
						{
							"name": "Leaves5",
							"from": [ 0.0, 0.0, 0.01 ],
							"to": [ 8.0, 24.0, 0.01 ],
					"shade": false,
							"climateColorMap": "climatePlantTint",
							"seasonColorMap": "seasonalMaple",
							"renderPass": 1,
							"rotationOrigin": [ 0.0, 0.0, 0.01 ],
							"faces": {
								"north": { "texture": "#leaves2", "uv": [ 0.0, 0.0, 8.0, 24.0 ], "windMode": [0,9,9,0], "windData": [0,1,1,0] }
							}
						}
					]
				},
				{
					"name": "Flower6",
					"from": [ -4.2, 0.0, 0.0 ],
					"to": [ 3.8, 24.0, 0.0 ],
					"shade": false,
					"renderPass": 1,
					"rotationOrigin": [ 0.0, 0.0, 0.0 ],
					"rotationY": 67.5,
					"faces": {
						"north": { "texture": "#flower2", "uv": [ 0.0, 0.0, 8.0, 24.0 ], "windMode": [0,9,9,0], "windData": [0,1,1,0] }
					},
					"children": [
						{
							"name": "Leaves6",
							"from": [ 0.0, 0.0, 0.01 ],
							"to": [ 8.0, 24.0, 0.01 ],
					"shade": false,
							"climateColorMap": "climatePlantTint",
							"seasonColorMap": "seasonalMaple",
							"renderPass": 1,
							"rotationOrigin": [ 0.0, 0.0, 0.01 ],
							"faces": {
								"north": { "texture": "#leaves2", "uv": [ 0.0, 0.0, 8.0, 24.0 ], "windMode": [0,9,9,0], "windData": [0,1,1,0] }
							}
						}
					]
				}
			]
		},
		{
			"name": "Origin3",
			"from": [ 4.0, 0.0, 12.0 ],
			"to": [ 4.0, 0.0, 12.0 ],
			"rotationOrigin": [ 4.0, 0.0, 12.0 ],
			"rotationY": 20.0,
			"faces": {
			},
			"children": [
				{
					"name": "Flower7",
					"from": [ -4.2, 0.0, 0.0 ],
					"to": [ 3.8, 16.0, 0.0 ],
					"shade": false,
					"renderPass": 1,
					"rotationOrigin": [ 0.0, 0.0, 0.0 ],
					"rotationY": 180.0,
					"faces": {
						"north": { "texture": "#flower3", "uv": [ 0.0, 0.0, 8.0, 16.0 ], "windMode": [0,9,9,0], "windData": [0,1,1,0] }
					},
					"children": [
						{
							"name": "Leaves7",
							"from": [ 0.0, 0.0, 0.01 ],
							"to": [ 8.0, 16.0, 0.01 ],
					"shade": false,
							"climateColorMap": "climatePlantTint",
							"seasonColorMap": "seasonalMaple",
							"renderPass": 1,
							"rotationOrigin": [ 0.0, 0.0, 0.01 ],
							"faces": {
								"north": { "texture": "#leaves3", "uv": [ 0.0, 0.0, 8.0, 16.0 ], "windMode": [0,9,9,0], "windData": [0,1,1,0] }
							}
						}
					]
				},
				{
					"name": "Flower8",
					"from": [ -4.2, 0.0, 0.0 ],
					"to": [ 3.8, 16.0, 0.0 ],
					"shade": false,
					"renderPass": 1,
					"rotationOrigin": [ 0.0, 0.0, 0.0 ],
					"rotationY": -67.5,
					"faces": {
						"north": { "texture": "#flower3", "uv": [ 0.0, 0.0, 8.0, 16.0 ], "windMode": [0,9,9,0], "windData": [0,1,1,0] }
					},
					"children": [
						{
							"name": "Leaves8",
							"from": [ 0.0, 0.0, 0.01 ],
							"to": [ 8.0, 16.0, 0.01 ],
					"shade": false,
							"climateColorMap": "climatePlantTint",
							"seasonColorMap": "seasonalMaple",
							"renderPass": 1,
							"rotationOrigin": [ 0.0, 0.0, 0.01 ],
							"faces": {
								"north": { "texture": "#leaves3", "uv": [ 0.0, 0.0, 8.0, 16.0 ], "windMode": [0,9,9,0], "windData": [0,1,1,0] }
							}
						}
					]
				},
				{
					"name": "Flower9",
					"from": [ -4.2, 0.0, 0.0 ],
					"to": [ 3.8, 16.0, 0.0 ],
					"shade": false,
					"renderPass": 1,
					"rotationOrigin": [ 0.0, 0.0, 0.0 ],
					"rotationY": 67.5,
					"faces": {
						"north": { "texture": "#flower3", "uv": [ 0.0, 0.0, 8.0, 16.0 ], "windMode": [0,9,9,0], "windData": [0,1,1,0] }
					},
					"children": [
						{
							"name": "Leaves9",
							"from": [ 0.0, 0.0, 0.01 ],
							"to": [ 8.0, 16.0, 0.01 ],
					"shade": false,
							"climateColorMap": "climatePlantTint",
							"seasonColorMap": "seasonalMaple",
							"renderPass": 1,
							"rotationOrigin": [ 0.0, 0.0, 0.01 ],
							"faces": {
								"north": { "texture": "#leaves3", "uv": [ 0.0, 0.0, 8.0, 16.0 ], "windMode": [0,9,9,0], "windData": [0,1,1,0] }
							}
						}
					]
				}
			]
		},
		{
			"name": "Origin6",
			"from": [ 8.0, 0.0, 6.0 ],
			"to": [ 8.0, 0.0, 6.0 ],
			"rotationOrigin": [ 8.0, 0.0, 6.0 ],
			"rotationY": -22.5,
			"faces": {
			},
			"children": [
				{
					"name": "Flower16",
					"from": [ -4.2, 0.0, 0.0 ],
					"to": [ 3.8, 24.0, 0.0 ],
					"shade": false,
					"renderPass": 1,
					"rotationOrigin": [ 0.0, 0.0, 0.0 ],
					"rotationY": 180.0,
					"faces": {
						"north": { "texture": "#flower2", "uv": [ 0.0, 0.0, 8.0, 24.0 ], "windMode": [0,9,9,0], "windData": [0,1,1,0] }
					},
					"children": [
						{
							"name": "Leaves16",
							"from": [ 0.0, 0.0, 0.01 ],
							"to": [ 8.0, 24.0, 0.01 ],
					"shade": false,
							"climateColorMap": "climatePlantTint",
							"seasonColorMap": "seasonalMaple",
							"renderPass": 1,
							"rotationOrigin": [ 0.0, 0.0, 0.01 ],
							"faces": {
								"north": { "texture": "#leaves2", "uv": [ 0.0, 0.0, 8.0, 24.0 ], "windMode": [0,9,9,0], "windData": [0,1,1,0] }
							}
						}
					]
				},
				{
					"name": "Flower17",
					"from": [ -4.2, 0.0, 0.0 ],
					"to": [ 3.8, 24.0, 0.0 ],
					"shade": false,
					"renderPass": 1,
					"rotationOrigin": [ 0.0, 0.0, 0.0 ],
					"rotationY": -67.5,
					"faces": {
						"north": { "texture": "#flower2", "uv": [ 0.0, 0.0, 8.0, 24.0 ], "windMode": [0,9,9,0], "windData": [0,1,1,0] }
					},
					"children": [
						{
							"name": "Leaves17",
							"from": [ 0.0, 0.0, 0.01 ],
							"to": [ 8.0, 24.0, 0.01 ],
					"shade": false,
							"climateColorMap": "climatePlantTint",
							"seasonColorMap": "seasonalMaple",
							"renderPass": 1,
							"rotationOrigin": [ 0.0, 0.0, 0.01 ],
							"faces": {
								"north": { "texture": "#leaves2", "uv": [ 0.0, 0.0, 8.0, 24.0 ], "windMode": [0,9,9,0], "windData": [0,1,1,0] }
							}
						}
					]
				},
				{
					"name": "Flower18",
					"from": [ -4.2, 0.0, 0.0 ],
					"to": [ 3.8, 24.0, 0.0 ],
					"shade": false,
					"renderPass": 1,
					"rotationOrigin": [ 0.0, 0.0, 0.0 ],
					"rotationY": 67.5,
					"faces": {
						"north": { "texture": "#flower2", "uv": [ 0.0, 0.0, 8.0, 24.0 ], "windMode": [0,9,9,0], "windData": [0,1,1,0] }
					},
					"children": [
						{
							"name": "Leaves18",
							"from": [ 0.0, 0.0, 0.01 ],
							"to": [ 8.0, 24.0, 0.01 ],
					"shade": false,
							"climateColorMap": "climatePlantTint",
							"seasonColorMap": "seasonalMaple",
							"renderPass": 1,
							"rotationOrigin": [ 0.0, 0.0, 0.01 ],
							"faces": {
								"north": { "texture": "#leaves2", "uv": [ 0.0, 0.0, 8.0, 24.0 ], "windMode": [0,9,9,0], "windData": [0,1,1,0] }
							}
						}
					]
				}
			]
		},
		{
			"name": "Origin7",
			"from": [ 2.0, 0.0, 8.0 ],
			"to": [ 2.0, 0.0, 8.0 ],
			"rotationOrigin": [ 2.0, 0.0, 8.0 ],
			"rotationY": 22.5,
			"faces": {
			},
			"children": [
				{
					"name": "Flower19",
					"from": [ -4.2, 0.0, 0.0 ],
					"to": [ 3.8, 24.0, 0.0 ],
					"shade": false,
					"renderPass": 1,
					"rotationOrigin": [ 0.0, 0.0, 0.0 ],
					"rotationY": 180.0,
					"faces": {
						"north": { "texture": "#flower2", "uv": [ 0.0, 0.0, 8.0, 24.0 ], "windMode": [0,9,9,0], "windData": [0,1,1,0] }
					},
					"children": [
						{
							"name": "Leaves19",
							"from": [ 0.0, 0.0, 0.01 ],
							"to": [ 8.0, 24.0, 0.01 ],
					"shade": false,
							"climateColorMap": "climatePlantTint",
							"seasonColorMap": "seasonalMaple",
							"renderPass": 1,
							"rotationOrigin": [ 0.0, 0.0, 0.01 ],
							"faces": {
								"north": { "texture": "#leaves2", "uv": [ 0.0, 0.0, 8.0, 24.0 ], "windMode": [0,9,9,0], "windData": [0,1,1,0] }
							}
						}
					]
				},
				{
					"name": "Flower20",
					"from": [ -4.2, 0.0, 0.0 ],
					"to": [ 3.8, 24.0, 0.0 ],
					"shade": false,
					"renderPass": 1,
					"rotationOrigin": [ 0.0, 0.0, 0.0 ],
					"rotationY": -67.5,
					"faces": {
						"north": { "texture": "#flower2", "uv": [ 0.0, 0.0, 8.0, 24.0 ], "windMode": [0,9,9,0], "windData": [0,1,1,0] }
					},
					"children": [
						{
							"name": "Leaves20",
							"from": [ 0.0, 0.0, 0.01 ],
							"to": [ 8.0, 24.0, 0.01 ],
					"shade": false,
							"climateColorMap": "climatePlantTint",
							"seasonColorMap": "seasonalMaple",
							"renderPass": 1,
							"rotationOrigin": [ 0.0, 0.0, 0.01 ],
							"faces": {
								"north": { "texture": "#leaves2", "uv": [ 0.0, 0.0, 8.0, 24.0 ], "windMode": [0,9,9,0], "windData": [0,1,1,0] }
							}
						}
					]
				},
				{
					"name": "Flower21",
					"from": [ -4.2, 0.0, 0.0 ],
					"to": [ 3.8, 24.0, 0.0 ],
					"shade": false,
					"renderPass": 1,
					"rotationOrigin": [ 0.0, 0.0, 0.0 ],
					"rotationY": 67.5,
					"faces": {
						"north": { "texture": "#flower2", "uv": [ 0.0, 0.0, 8.0, 24.0 ], "windMode": [0,9,9,0], "windData": [0,1,1,0] }
					},
					"children": [
						{
							"name": "Leaves21",
							"from": [ 0.0, 0.0, 0.01 ],
							"to": [ 8.0, 24.0, 0.01 ],
					"shade": false,
							"climateColorMap": "climatePlantTint",
							"seasonColorMap": "seasonalMaple",
							"renderPass": 1,
							"rotationOrigin": [ 0.0, 0.0, 0.01 ],
							"faces": {
								"north": { "texture": "#leaves2", "uv": [ 0.0, 0.0, 8.0, 24.0 ], "windMode": [0,9,9,0], "windData": [0,1,1,0] }
							}
						}
					]
				}
			]
		},
		{
			"name": "Origin8",
			"from": [ 4.0, 0.0, 3.0 ],
			"to": [ 4.0, 0.0, 3.0 ],
			"rotationOrigin": [ 4.0, 0.0, 3.0 ],
			"rotationY": -22.5,
			"faces": {
			},
			"children": [
				{
					"name": "Flower22",
					"from": [ -4.2, 0.0, 0.0 ],
					"to": [ 3.8, 16.0, 0.0 ],
					"shade": false,
					"renderPass": 1,
					"rotationOrigin": [ 0.0, 0.0, 0.0 ],
					"rotationY": 180.0,
					"faces": {
						"north": { "texture": "#flower3", "uv": [ 0.0, 0.0, 8.0, 16.0 ], "windMode": [0,9,9,0], "windData": [0,1,1,0] }
					},
					"children": [
						{
							"name": "Leaves22",
							"from": [ 0.0, 0.0, 0.01 ],
							"to": [ 8.0, 16.0, 0.01 ],
					"shade": false,
							"climateColorMap": "climatePlantTint",
							"seasonColorMap": "seasonalMaple",
							"renderPass": 1,
							"rotationOrigin": [ 0.0, 0.0, 0.01 ],
							"faces": {
								"north": { "texture": "#leaves3", "uv": [ 0.0, 0.0, 8.0, 16.0 ], "windMode": [0,9,9,0], "windData": [0,1,1,0] }
							}
						}
					]
				},
				{
					"name": "Flower23",
					"from": [ -4.2, 0.0, 0.0 ],
					"to": [ 3.8, 16.0, 0.0 ],
					"shade": false,
					"renderPass": 1,
					"rotationOrigin": [ 0.0, 0.0, 0.0 ],
					"rotationY": -67.5,
					"faces": {
						"north": { "texture": "#flower3", "uv": [ 0.0, 0.0, 8.0, 16.0 ], "windMode": [0,9,9,0], "windData": [0,1,1,0] }
					},
					"children": [
						{
							"name": "Leaves23",
							"from": [ 0.0, 0.0, 0.01 ],
							"to": [ 8.0, 16.0, 0.01 ],
					"shade": false,
							"climateColorMap": "climatePlantTint",
							"seasonColorMap": "seasonalMaple",
							"renderPass": 1,
							"rotationOrigin": [ 0.0, 0.0, 0.01 ],
							"faces": {
								"north": { "texture": "#leaves3", "uv": [ 0.0, 0.0, 8.0, 16.0 ], "windMode": [0,9,9,0], "windData": [0,1,1,0] }
							}
						}
					]
				},
				{
					"name": "Flower24",
					"from": [ -4.2, 0.0, 0.0 ],
					"to": [ 3.8, 16.0, 0.0 ],
					"shade": false,
					"renderPass": 1,
					"rotationOrigin": [ 0.0, 0.0, 0.0 ],
					"rotationY": 67.5,
					"faces": {
						"north": { "texture": "#flower3", "uv": [ 0.0, 0.0, 8.0, 16.0 ], "windMode": [0,9,9,0], "windData": [0,1,1,0] }
					},
					"children": [
						{
							"name": "Leaves24",
							"from": [ 0.0, 0.0, 0.01 ],
							"to": [ 8.0, 16.0, 0.01 ],
					"shade": false,
							"climateColorMap": "climatePlantTint",
							"seasonColorMap": "seasonalMaple",
							"renderPass": 1,
							"rotationOrigin": [ 0.0, 0.0, 0.01 ],
							"faces": {
								"north": { "texture": "#leaves3", "uv": [ 0.0, 0.0, 8.0, 16.0 ], "windMode": [0,9,9,0], "windData": [0,1,1,0] }
							}
						}
					]
				}
			]
		},
		{
			"name": "Origin9",
			"from": [ 12.0, 0.0, 3.0 ],
			"to": [ 12.0, 0.0, 3.0 ],
			"rotationOrigin": [ 12.0, 0.0, 3.0 ],
			"faces": {
			},
			"children": [
				{
					"name": "Flower25",
					"from": [ -4.2, 0.0, 0.0 ],
					"to": [ 3.8, 16.0, 0.0 ],
					"shade": false,
					"renderPass": 1,
					"rotationOrigin": [ 0.0, 0.0, 0.0 ],
					"rotationY": 180.0,
					"faces": {
						"north": { "texture": "#flower3", "uv": [ 0.0, 0.0, 8.0, 16.0 ], "windMode": [0,9,9,0], "windData": [0,1,1,0] }
					},
					"children": [
						{
							"name": "Leaves25",
							"from": [ 0.0, 0.0, 0.01 ],
							"to": [ 8.0, 16.0, 0.01 ],
					"shade": false,
							"climateColorMap": "climatePlantTint",
							"seasonColorMap": "seasonalMaple",
							"renderPass": 1,
							"rotationOrigin": [ 0.0, 0.0, 0.01 ],
							"faces": {
								"north": { "texture": "#leaves3", "uv": [ 0.0, 0.0, 8.0, 16.0 ], "windMode": [0,9,9,0], "windData": [0,1,1,0] }
							}
						}
					]
				},
				{
					"name": "Flower26",
					"from": [ -4.2, 0.0, 0.0 ],
					"to": [ 3.8, 16.0, 0.0 ],
					"shade": false,
					"renderPass": 1,
					"rotationOrigin": [ 0.0, 0.0, 0.0 ],
					"rotationY": -67.5,
					"faces": {
						"north": { "texture": "#flower3", "uv": [ 0.0, 0.0, 8.0, 16.0 ], "windMode": [0,9,9,0], "windData": [0,1,1,0] }
					},
					"children": [
						{
							"name": "Leaves26",
							"from": [ 0.0, 0.0, 0.01 ],
							"to": [ 8.0, 16.0, 0.01 ],
					"shade": false,
							"climateColorMap": "climatePlantTint",
							"seasonColorMap": "seasonalMaple",
							"renderPass": 1,
							"rotationOrigin": [ 0.0, 0.0, 0.01 ],
							"faces": {
								"north": { "texture": "#leaves3", "uv": [ 0.0, 0.0, 8.0, 16.0 ], "windMode": [0,9,9,0], "windData": [0,1,1,0] }
							}
						}
					]
				},
				{
					"name": "Flower27",
					"from": [ -4.2, 0.0, 0.0 ],
					"to": [ 3.8, 16.0, 0.0 ],
					"shade": false,
					"renderPass": 1,
					"rotationOrigin": [ 0.0, 0.0, 0.0 ],
					"rotationY": 67.5,
					"faces": {
						"north": { "texture": "#flower3", "uv": [ 0.0, 0.0, 8.0, 16.0 ], "windMode": [0,9,9,0], "windData": [0,1,1,0] }
					},
					"children": [
						{
							"name": "Leaves27",
							"from": [ 0.0, 0.0, 0.01 ],
							"to": [ 8.0, 16.0, 0.01 ],
					"shade": false,
							"climateColorMap": "climatePlantTint",
							"seasonColorMap": "seasonalMaple",
							"renderPass": 1,
							"rotationOrigin": [ 0.0, 0.0, 0.01 ],
							"faces": {
								"north": { "texture": "#leaves3", "uv": [ 0.0, 0.0, 8.0, 16.0 ], "windMode": [0,9,9,0], "windData": [0,1,1,0] }
							}
						}
					]
				}
			]
		}
	]}