{
	"editor": {
		"allAngles": false,
		"entityTextureMode": false
	},
	"textureWidth": 24,
	"textureHeight": 16,
	"textureSizes": {
		"leaves1": [24,16],
		"leaves2": [24,16]
	},
	"textures": {
	},
	"elements": [
		{
			"name": "Origin",
			"from": [ 8.0, 0.0, 8.0 ],
			"to": [ 8.0, 0.0, 8.0 ],
			"rotationOrigin": [ 8.0, 0.0, 8.0 ],
			"faces": {
			},
			"children": [
				{
					"name": "Foliage a",
					"from": [ 0.0, 0.0, -12.0 ],
					"to": [ 0.0, 16.0, 12.0 ],
					"shade": false,
					"renderPass": 1,
					"faces": {
						"east": { "texture": "#leaves1", "uv": [ 0.0, 0.0, 24.0, 16.0 ], "windMode": [0,7,7,0], "windData": [0,1,1,0] }
					}
				},
				{
					"name": "Foliage b",
					"from": [ 0.0, 0.0, -12.0 ],
					"to": [ 0.0, 16.0, 12.0 ],
					"shade": false,
					"renderPass": 1,
					"rotationOrigin": [ 0.0, 0.0, 0.0 ],
					"rotationY": 120.0,
					"faces": {
						"west": { "texture": "#leaves1", "uv": [ 0.0, 0.0, 24.0, 16.0 ], "windMode": [0,0,7,7], "windData": [0,0,1,1] }
					}
				},
				{
					"name": "Foliage c",
					"from": [ 0.0, 0.0, -12.0 ],
					"to": [ 0.0, 16.0, 12.0 ],
					"shade": false,
					"renderPass": 1,
					"rotationOrigin": [ 0.0, 0.0, 0.0 ],
					"rotationY": -120.0,
					"faces": {
						"east": { "texture": "#leaves2", "uv": [ 0.0, 0.0, 24.0, 16.0 ], "windMode": [0,7,7,0], "windData": [0,1,1,0] }
					}
				},
				{
					"name": "Foliage d",
					"from": [ 2.0, 0.0, -12.0 ],
					"to": [ 2.0, 16.0, 12.0 ],
					"shade": false,
					"renderPass": 1,
					"rotationOrigin": [ 2.0, 0.0, 0.0 ],
					"rotationZ": -20.0,
					"faces": {
						"west": { "texture": "#leaves2", "uv": [ 0.0, 0.0, 24.0, 16.0 ], "windMode": [0,0,7,7] }
					}
				},
				{
					"name": "Foliage e",
					"from": [ -1.0, 0.0, -10.2679 ],
					"to": [ -1.0, 16.0, 13.7321 ],
					"shade": false,
					"renderPass": 1,
					"rotationOrigin": [ -1.0, 0.0, 1.7321 ],
					"rotationX": -180.0,
					"rotationY": -60.0,
					"rotationZ": 160.0,
					"faces": {
						"east": { "texture": "#leaves1", "uv": [ 0.0, 0.0, 24.0, 16.0 ], "windMode": [0,7,7,0] }
					}
				},
				{
					"name": "Foliage f",
					"from": [ -1.0, 0.0, -13.7321 ],
					"to": [ -1.0, 16.0, 10.2679 ],
					"shade": false,
					"renderPass": 1,
					"rotationOrigin": [ -1.0, 0.0, -1.7321 ],
					"rotationX": 180.0,
					"rotationY": 60.0,
					"rotationZ": 160.0,
					"faces": {
						"west": { "texture": "#leaves2", "uv": [ 0.0, 0.0, 24.0, 16.0 ], "windMode": [0,0,7,7] }
					}
				}
			]
		},
		{
			"name": "Origin2",
			"from": [ 8.0, 8.0, 8.0 ],
			"to": [ 8.0, 8.0, 8.0 ],
			"rotationOrigin": [ 8.0, 8.0, 8.0 ],
			"rotationX": 10.0,
			"rotationY": 32.0,
			"faces": {
			},
			"children": [
				{
					"name": "Foliage a2",
					"from": [ 0.0, 0.0, -12.0 ],
					"to": [ 0.0, 16.0, 12.0 ],
					"shade": false,
					"renderPass": 1,
					"faces": {
						"east": { "texture": "#leaves1", "uv": [ 0.0, 0.0, 24.0, 16.0 ], "windMode": [0,7,7,0], "windData": [0,1,1,0] }
					}
				},
				{
					"name": "Foliage b2",
					"from": [ 0.0, 0.0, -12.0 ],
					"to": [ 0.0, 16.0, 12.0 ],
					"shade": false,
					"renderPass": 1,
					"rotationOrigin": [ 0.0, 0.0, 0.0 ],
					"rotationY": 120.0,
					"faces": {
						"west": { "texture": "#leaves1", "uv": [ 0.0, 0.0, 24.0, 16.0 ], "windMode": [0,0,7,7], "windData": [0,0,1,1] }
					}
				},
				{
					"name": "Foliage c2",
					"from": [ 0.0, 0.0, -12.0 ],
					"to": [ 0.0, 16.0, 12.0 ],
					"shade": false,
					"renderPass": 1,
					"rotationOrigin": [ 0.0, 0.0, 0.0 ],
					"rotationY": -120.0,
					"faces": {
						"east": { "texture": "#leaves2", "uv": [ 0.0, 0.0, 24.0, 16.0 ], "windMode": [0,7,7,0], "windData": [0,1,1,0] }
					}
				},
				{
					"name": "Foliage d2",
					"from": [ 2.0, 0.0, -12.0 ],
					"to": [ 2.0, 16.0, 12.0 ],
					"shade": false,
					"renderPass": 1,
					"rotationOrigin": [ 2.0, 0.0, 0.0 ],
					"rotationZ": -20.0,
					"faces": {
						"west": { "texture": "#leaves2", "uv": [ 0.0, 0.0, 24.0, 16.0 ], "windMode": [0,0,7,7] }
					}
				},
				{
					"name": "Foliage e2",
					"from": [ -1.0, 0.0, -10.2679 ],
					"to": [ -1.0, 16.0, 13.7321 ],
					"shade": false,
					"renderPass": 1,
					"rotationOrigin": [ -1.0, 0.0, 1.7321 ],
					"rotationX": -180.0,
					"rotationY": -60.0,
					"rotationZ": 160.0,
					"faces": {
						"east": { "texture": "#leaves1", "uv": [ 0.0, 0.0, 24.0, 16.0 ], "windMode": [0,7,7,0] }
					}
				},
				{
					"name": "Foliage f2",
					"from": [ -1.0, 0.0, -13.7321 ],
					"to": [ -1.0, 16.0, 10.2679 ],
					"shade": false,
					"renderPass": 1,
					"rotationOrigin": [ -1.0, 0.0, -1.7321 ],
					"rotationX": 180.0,
					"rotationY": 60.0,
					"rotationZ": 160.0,
					"faces": {
						"west": { "texture": "#leaves2", "uv": [ 0.0, 0.0, 24.0, 16.0 ], "windMode": [0,0,7,7] }
					}
				}
			]
		}
	]}