{
	"editor": {
		"backDropShape": "D:/Hry/Vintagestory120/assets/game/shapes/entity/humanoid/seraph-hairless",
		"allAngles": true,
		"entityTextureMode": true
	},
	"textureWidth": 64,
	"textureHeight": 64,
	"textureSizes": {
		"steel": [64,64],
		"templarbody": [64,64],
		"textile": [64,64]
	},
	"textures": {
	},
	"elements": [
		{
			"name": "ArmorUpperTorso",
			"stepParentName": "UpperTorso",
			"from": [ -0.3, -0.2, -0.3 ],
			"to": [ 5.3, 5.2, 6.5 ],
			"uv": [ 0.0, 0.0 ],
			"rotationOrigin": [ -0.3, -0.2, -0.3 ],
			"faces": {
				"north": { "texture": "#templarbody", "uv": [ 0.0, 6.5, 5.5, 11.5 ] },
				"east": { "texture": "#templarbody", "uv": [ 5.5, 6.5, 12.0, 11.5 ] },
				"south": { "texture": "#templarbody", "uv": [ 12.0, 6.5, 17.5, 11.5 ] },
				"west": { "texture": "#templarbody", "uv": [ 17.5, 6.5, 24.0, 11.5 ] },
				"up": { "texture": "#templarbody", "uv": [ 0.0, 0.0, 5.5, 6.5 ] },
				"down": { "texture": "#templarbody", "uv": [ 5.5, 0.0, 11.0, 6.5 ] }
			},
			"children": [
				{
					"name": "Tabard",
					"from": [ -0.3, -0.1, -0.1 ],
					"to": [ 0.3, 5.5, 1.1 ],
					"uv": [ 0.0, 23.0 ],
					"rotationOrigin": [ -0.3, -0.1, -0.1 ],
					"faces": {
						"north": { "texture": "#textile", "uv": [ 0.0, 24.0, 0.5, 29.5 ] },
						"east": { "texture": "#textile", "uv": [ 0.5, 24.0, 1.5, 29.5 ] },
						"south": { "texture": "#textile", "uv": [ 1.5, 24.0, 2.0, 29.5 ] },
						"west": { "texture": "#textile", "uv": [ 2.0, 24.0, 3.0, 29.5 ] },
						"up": { "texture": "#textile", "uv": [ 0.0, 23.0, 0.5, 24.0 ] },
						"down": { "texture": "#textile", "uv": [ 0.5, 23.0, 1.0, 24.0 ] }
					}
				},
				{
					"name": "Tabard1",
					"from": [ 4.4, 0.4, -0.4 ],
					"to": [ 5.8, 5.6, 0.2 ],
					"uv": [ 0.0, 23.0 ],
					"rotationOrigin": [ 4.4, 0.4, -0.4 ],
					"faces": {
						"north": { "texture": "#textile", "uv": [ 0.0, 23.5, 1.0, 28.5 ] },
						"east": { "texture": "#textile", "uv": [ 1.0, 23.5, 1.5, 28.5 ] },
						"south": { "texture": "#textile", "uv": [ 1.5, 23.5, 2.5, 28.5 ] },
						"west": { "texture": "#textile", "uv": [ 2.5, 23.5, 3.0, 28.5 ] },
						"up": { "texture": "#textile", "uv": [ 0.0, 23.0, 1.0, 23.5 ] },
						"down": { "texture": "#textile", "uv": [ 1.0, 23.0, 2.0, 23.5 ] }
					}
				},
				{
					"name": "Tabard3",
					"from": [ -0.6, 0.0, 2.1 ],
					"to": [ 0.0, 5.6, 3.1 ],
					"uv": [ 0.0, 23.0 ],
					"rotationOrigin": [ -0.6, 0.0, 2.1 ],
					"rotationY": 8.0,
					"rotationZ": -4.0,
					"faces": {
						"north": { "texture": "#textile", "uv": [ 0.0, 24.0, 0.5, 29.5 ] },
						"east": { "texture": "#textile", "uv": [ 0.5, 24.0, 1.5, 29.5 ] },
						"south": { "texture": "#textile", "uv": [ 1.5, 24.0, 2.0, 29.5 ] },
						"west": { "texture": "#textile", "uv": [ 2.0, 24.0, 3.0, 29.5 ] },
						"up": { "texture": "#textile", "uv": [ 0.0, 23.0, 0.5, 24.0 ] },
						"down": { "texture": "#textile", "uv": [ 0.5, 23.0, 1.0, 24.0 ] }
					}
				},
				{
					"name": "Tabard6",
					"from": [ 0.0, -2.1, 0.13 ],
					"to": [ 5.9, 0.5, 0.73 ],
					"uv": [ 0.0, 24.0 ],
					"rotationOrigin": [ 0.0, -2.1, 0.1 ],
					"rotationX": -12.0,
					"faces": {
						"north": { "texture": "#textile", "uv": [ 0.0, 24.5, 5.5, 27.0 ] },
						"east": { "texture": "#textile", "uv": [ 5.5, 24.5, 6.0, 27.0 ] },
						"south": { "texture": "#textile", "uv": [ 6.0, 24.5, 11.5, 27.0 ] },
						"west": { "texture": "#textile", "uv": [ 11.5, 24.5, 12.0, 27.0 ] },
						"up": { "texture": "#textile", "uv": [ 0.0, 24.0, 5.5, 24.5 ] },
						"down": { "texture": "#textile", "uv": [ 5.5, 24.0, 11.0, 24.5 ] }
					}
				},
				{
					"name": "Tabard5",
					"from": [ -0.2, 0.0, -0.5 ],
					"to": [ 1.2, 5.6, 0.1 ],
					"uv": [ 0.0, 17.0 ],
					"rotationOrigin": [ -0.2, 0.0, -0.5 ],
					"faces": {
						"north": { "texture": "#textile", "uv": [ 0.0, 17.5, 1.0, 23.0 ] },
						"east": { "texture": "#textile", "uv": [ 1.0, 17.5, 1.5, 23.0 ] },
						"south": { "texture": "#textile", "uv": [ 1.5, 17.5, 2.5, 23.0 ] },
						"west": { "texture": "#textile", "uv": [ 2.5, 17.5, 3.0, 23.0 ] },
						"up": { "texture": "#textile", "uv": [ 0.0, 17.0, 1.0, 17.5 ] },
						"down": { "texture": "#textile", "uv": [ 1.0, 17.0, 2.0, 17.5 ] }
					}
				},
				{
					"name": "Tabard4",
					"from": [ -0.4, 0.0, 2.9 ],
					"to": [ 0.2, 5.6, 3.7 ],
					"uv": [ 0.0, 24.0 ],
					"rotationOrigin": [ -0.4, 0.0, 2.9 ],
					"rotationX": -2.0,
					"rotationY": -21.0,
					"rotationZ": -4.0,
					"faces": {
						"north": { "texture": "#textile", "uv": [ 0.0, 24.5, 0.5, 30.0 ] },
						"east": { "texture": "#textile", "uv": [ 0.5, 24.5, 1.0, 30.0 ] },
						"south": { "texture": "#textile", "uv": [ 1.0, 24.5, 1.5, 30.0 ] },
						"west": { "texture": "#textile", "uv": [ 1.5, 24.5, 2.0, 30.0 ] },
						"up": { "texture": "#textile", "uv": [ 0.0, 24.0, 0.5, 24.5 ] },
						"down": { "texture": "#textile", "uv": [ 0.5, 24.0, 1.0, 24.5 ] }
					}
				},
				{
					"name": "Tabard2",
					"from": [ -0.4, 0.0, 1.0 ],
					"to": [ 0.6, 5.5, 2.0 ],
					"uv": [ 0.0, 24.0 ],
					"rotationOrigin": [ -0.4, 0.0, 1.0 ],
					"rotationX": -3.0,
					"rotationY": -29.0,
					"rotationZ": -4.0,
					"faces": {
						"north": { "texture": "#textile", "uv": [ 0.0, 25.0, 1.0, 30.5 ] },
						"east": { "texture": "#textile", "uv": [ 1.0, 25.0, 2.0, 30.5 ] },
						"south": { "texture": "#textile", "uv": [ 2.0, 25.0, 3.0, 30.5 ] },
						"west": { "texture": "#textile", "uv": [ 3.0, 25.0, 4.0, 30.5 ] },
						"up": { "texture": "#textile", "uv": [ 0.0, 24.0, 1.0, 25.0 ] },
						"down": { "texture": "#textile", "uv": [ 1.0, 24.0, 2.0, 25.0 ] }
					}
				},
				{
					"name": "Tabard7",
					"from": [ 0.2, -2.3, -0.1 ],
					"to": [ 0.8, 0.1, 1.1 ],
					"uv": [ 0.0, 20.0 ],
					"rotationOrigin": [ 0.2, -2.3, -0.1 ],
					"rotationZ": 13.0,
					"faces": {
						"north": { "texture": "#textile", "uv": [ 0.0, 21.0, 0.5, 23.0 ] },
						"east": { "texture": "#textile", "uv": [ 0.5, 21.0, 1.5, 23.0 ] },
						"south": { "texture": "#textile", "uv": [ 1.5, 21.0, 2.0, 23.0 ] },
						"west": { "texture": "#textile", "uv": [ 2.0, 21.0, 3.0, 23.0 ] },
						"up": { "texture": "#textile", "uv": [ 0.0, 20.0, 0.5, 21.0 ] },
						"down": { "texture": "#textile", "uv": [ 0.5, 20.0, 1.0, 21.0 ] }
					}
				},
				{
					"name": "Tabard8",
					"from": [ -0.3, -0.1, 5.7 ],
					"to": [ 0.3, 5.5, 6.9 ],
					"uv": [ 0.0, 18.0 ],
					"rotationOrigin": [ -0.3, -0.1, 5.7 ],
					"faces": {
						"north": { "texture": "#textile", "uv": [ 0.0, 19.0, 0.5, 24.5 ] },
						"east": { "texture": "#textile", "uv": [ 0.5, 19.0, 1.5, 24.5 ] },
						"south": { "texture": "#textile", "uv": [ 1.5, 19.0, 2.0, 24.5 ] },
						"west": { "texture": "#textile", "uv": [ 2.0, 19.0, 3.0, 24.5 ] },
						"up": { "texture": "#textile", "uv": [ 0.0, 18.0, 0.5, 19.0 ] },
						"down": { "texture": "#textile", "uv": [ 0.5, 18.0, 1.0, 19.0 ] }
					}
				},
				{
					"name": "Tabard9",
					"from": [ -0.4, 0.0, 4.6 ],
					"to": [ 0.6, 5.5, 5.6 ],
					"uv": [ 0.0, 18.0 ],
					"rotationOrigin": [ -0.4, 0.0, 4.6 ],
					"rotationX": -3.0,
					"rotationY": -29.0,
					"rotationZ": -4.0,
					"faces": {
						"north": { "texture": "#textile", "uv": [ 0.0, 19.0, 1.0, 24.5 ] },
						"east": { "texture": "#textile", "uv": [ 1.0, 19.0, 2.0, 24.5 ] },
						"south": { "texture": "#textile", "uv": [ 2.0, 19.0, 3.0, 24.5 ] },
						"west": { "texture": "#textile", "uv": [ 3.0, 19.0, 4.0, 24.5 ] },
						"up": { "texture": "#textile", "uv": [ 0.0, 18.0, 1.0, 19.0 ] },
						"down": { "texture": "#textile", "uv": [ 1.0, 18.0, 2.0, 19.0 ] }
					}
				},
				{
					"name": "Tabard10",
					"from": [ -0.5, 0.0, 3.6 ],
					"to": [ 0.1, 5.6, 4.6 ],
					"uv": [ 0.0, 18.0 ],
					"rotationOrigin": [ -0.5, 0.0, 3.6 ],
					"rotationY": -11.0,
					"rotationZ": -4.0,
					"faces": {
						"north": { "texture": "#textile", "uv": [ 0.0, 19.0, 0.5, 24.5 ] },
						"east": { "texture": "#textile", "uv": [ 0.5, 19.0, 1.5, 24.5 ] },
						"south": { "texture": "#textile", "uv": [ 1.5, 19.0, 2.0, 24.5 ] },
						"west": { "texture": "#textile", "uv": [ 2.0, 19.0, 3.0, 24.5 ] },
						"up": { "texture": "#textile", "uv": [ 0.0, 18.0, 0.5, 19.0 ] },
						"down": { "texture": "#textile", "uv": [ 0.5, 18.0, 1.0, 19.0 ] }
					}
				},
				{
					"name": "Tabard11",
					"from": [ 0.5, -2.0, 0.9 ],
					"to": [ 1.5, 0.4, 1.9 ],
					"uv": [ 0.0, 18.0 ],
					"rotationOrigin": [ 0.5, -2.0, 0.9 ],
					"rotationX": 12.0,
					"rotationY": -29.0,
					"rotationZ": 25.0,
					"faces": {
						"north": { "texture": "#textile", "uv": [ 0.0, 19.0, 1.0, 21.0 ] },
						"east": { "texture": "#textile", "uv": [ 1.0, 19.0, 2.0, 21.0 ] },
						"south": { "texture": "#textile", "uv": [ 2.0, 19.0, 3.0, 21.0 ] },
						"west": { "texture": "#textile", "uv": [ 3.0, 19.0, 4.0, 21.0 ] },
						"up": { "texture": "#textile", "uv": [ 0.0, 18.0, 1.0, 19.0 ] },
						"down": { "texture": "#textile", "uv": [ 1.0, 18.0, 2.0, 19.0 ] }
					}
				},
				{
					"name": "Tabard12",
					"from": [ 0.1, -2.0, 2.0 ],
					"to": [ 0.7, 0.1, 3.0 ],
					"uv": [ 0.0, 18.0 ],
					"rotationOrigin": [ 0.1, -2.0, 2.0 ],
					"rotationX": -4.0,
					"rotationY": 6.0,
					"rotationZ": 11.0,
					"faces": {
						"north": { "texture": "#textile", "uv": [ 0.0, 19.0, 0.5, 21.0 ] },
						"east": { "texture": "#textile", "uv": [ 0.5, 19.0, 1.5, 21.0 ] },
						"south": { "texture": "#textile", "uv": [ 1.5, 19.0, 2.0, 21.0 ] },
						"west": { "texture": "#textile", "uv": [ 2.0, 19.0, 3.0, 21.0 ] },
						"up": { "texture": "#textile", "uv": [ 0.0, 18.0, 0.5, 19.0 ] },
						"down": { "texture": "#textile", "uv": [ 0.5, 18.0, 1.0, 19.0 ] }
					}
				},
				{
					"name": "Tabard13",
					"from": [ 0.3, -1.9, 2.8 ],
					"to": [ 0.9, 0.2, 3.6 ],
					"uv": [ 0.0, 18.0 ],
					"rotationOrigin": [ 0.3, -1.9, 2.8 ],
					"rotationX": 6.0,
					"rotationY": -21.0,
					"rotationZ": 18.0,
					"faces": {
						"north": { "texture": "#textile", "uv": [ 0.0, 18.5, 0.5, 20.5 ] },
						"east": { "texture": "#textile", "uv": [ 0.5, 18.5, 1.0, 20.5 ] },
						"south": { "texture": "#textile", "uv": [ 1.0, 18.5, 1.5, 20.5 ] },
						"west": { "texture": "#textile", "uv": [ 1.5, 18.5, 2.0, 20.5 ] },
						"up": { "texture": "#textile", "uv": [ 0.0, 18.0, 0.5, 18.5 ] },
						"down": { "texture": "#textile", "uv": [ 0.5, 18.0, 1.0, 18.5 ] }
					}
				},
				{
					"name": "Tabard14",
					"from": [ 0.3, -1.9, 3.6 ],
					"to": [ 0.9, 0.1, 4.6 ],
					"uv": [ 0.0, 18.0 ],
					"rotationOrigin": [ 0.3, -1.9, 3.6 ],
					"rotationY": -11.0,
					"rotationZ": 20.0,
					"faces": {
						"north": { "texture": "#textile", "uv": [ 0.0, 19.0, 0.5, 21.0 ] },
						"east": { "texture": "#textile", "uv": [ 0.5, 19.0, 1.5, 21.0 ] },
						"south": { "texture": "#textile", "uv": [ 1.5, 19.0, 2.0, 21.0 ] },
						"west": { "texture": "#textile", "uv": [ 2.0, 19.0, 3.0, 21.0 ] },
						"up": { "texture": "#textile", "uv": [ 0.0, 18.0, 0.5, 19.0 ] },
						"down": { "texture": "#textile", "uv": [ 0.5, 18.0, 1.0, 19.0 ] }
					}
				},
				{
					"name": "Tabard15",
					"from": [ 0.4, -2.0, 4.5 ],
					"to": [ 1.4, 0.3, 5.5 ],
					"uv": [ 0.0, 18.0 ],
					"rotationOrigin": [ 0.4, -2.0, 4.5 ],
					"rotationX": 8.0,
					"rotationY": -14.0,
					"rotationZ": 25.0,
					"faces": {
						"north": { "texture": "#textile", "uv": [ 0.0, 19.0, 1.0, 21.0 ] },
						"east": { "texture": "#textile", "uv": [ 1.0, 19.0, 2.0, 21.0 ] },
						"south": { "texture": "#textile", "uv": [ 2.0, 19.0, 3.0, 21.0 ] },
						"west": { "texture": "#textile", "uv": [ 3.0, 19.0, 4.0, 21.0 ] },
						"up": { "texture": "#textile", "uv": [ 0.0, 18.0, 1.0, 19.0 ] },
						"down": { "texture": "#textile", "uv": [ 1.0, 18.0, 2.0, 19.0 ] }
					}
				},
				{
					"name": "Tabard16",
					"from": [ -0.2, -1.8, 5.6 ],
					"to": [ 0.4, -0.1, 6.8 ],
					"uv": [ 0.0, 18.0 ],
					"rotationOrigin": [ -0.2, -1.8, 5.6 ],
					"rotationY": 8.0,
					"rotationZ": 6.0,
					"faces": {
						"north": { "texture": "#textile", "uv": [ 0.0, 19.0, 0.5, 20.5 ] },
						"east": { "texture": "#textile", "uv": [ 0.5, 19.0, 1.5, 20.5 ] },
						"south": { "texture": "#textile", "uv": [ 1.5, 19.0, 2.0, 20.5 ] },
						"west": { "texture": "#textile", "uv": [ 2.0, 19.0, 3.0, 20.5 ] },
						"up": { "texture": "#textile", "uv": [ 0.0, 18.0, 0.5, 19.0 ] },
						"down": { "texture": "#textile", "uv": [ 0.5, 18.0, 1.0, 19.0 ] }
					}
				},
				{
					"name": "Tabard17",
					"from": [ 0.0, -2.1, 6.33 ],
					"to": [ 5.9, 0.5, 7.03 ],
					"uv": [ 0.0, 18.0 ],
					"rotationOrigin": [ 0.0, -2.1, 6.3 ],
					"rotationX": 7.0,
					"faces": {
						"north": { "texture": "#textile", "uv": [ 0.0, 18.5, 5.5, 21.0 ] },
						"east": { "texture": "#textile", "uv": [ 5.5, 18.5, 6.0, 21.0 ] },
						"south": { "texture": "#textile", "uv": [ 6.0, 18.5, 11.5, 21.0 ] },
						"west": { "texture": "#textile", "uv": [ 11.5, 18.5, 12.0, 21.0 ] },
						"up": { "texture": "#textile", "uv": [ 0.0, 18.0, 5.5, 18.5 ] },
						"down": { "texture": "#textile", "uv": [ 5.5, 18.0, 11.0, 18.5 ] }
					}
				},
				{
					"name": "Tabard18",
					"from": [ -0.2, 0.1, 6.7 ],
					"to": [ 1.2, 5.5, 7.3 ],
					"uv": [ 0.0, 18.0 ],
					"rotationOrigin": [ -0.2, 0.1, 6.7 ],
					"faces": {
						"north": { "texture": "#textile", "uv": [ 0.0, 18.5, 1.0, 23.5 ] },
						"east": { "texture": "#textile", "uv": [ 1.0, 18.5, 1.5, 23.5 ] },
						"south": { "texture": "#textile", "uv": [ 1.5, 18.5, 2.5, 23.5 ] },
						"west": { "texture": "#textile", "uv": [ 2.5, 18.5, 3.0, 23.5 ] },
						"up": { "texture": "#textile", "uv": [ 0.0, 18.0, 1.0, 18.5 ] },
						"down": { "texture": "#textile", "uv": [ 1.0, 18.0, 2.0, 18.5 ] }
					}
				},
				{
					"name": "Tabard19",
					"from": [ 4.4, 0.4, 6.8 ],
					"to": [ 5.7, 5.6, 7.4 ],
					"uv": [ 0.0, 18.0 ],
					"rotationOrigin": [ 4.4, 0.4, 6.8 ],
					"faces": {
						"north": { "texture": "#textile", "uv": [ 0.0, 18.5, 1.0, 23.5 ] },
						"east": { "texture": "#textile", "uv": [ 1.0, 18.5, 1.5, 23.5 ] },
						"south": { "texture": "#textile", "uv": [ 1.5, 18.5, 2.5, 23.5 ] },
						"west": { "texture": "#textile", "uv": [ 2.5, 18.5, 3.0, 23.5 ] },
						"up": { "texture": "#textile", "uv": [ 0.0, 18.0, 1.0, 18.5 ] },
						"down": { "texture": "#textile", "uv": [ 1.0, 18.0, 2.0, 18.5 ] }
					}
				},
				{
					"name": "Tabard20",
					"from": [ -0.3, 5.5, -0.27 ],
					"to": [ 5.8, 5.8, 1.13 ],
					"uv": [ 0.0, 18.0 ],
					"rotationOrigin": [ -0.3, 5.5, -0.3 ],
					"faces": {
						"north": { "texture": "#textile", "uv": [ 0.0, 19.0, 6.0, 19.5 ] },
						"east": { "texture": "#textile", "uv": [ 6.0, 19.0, 7.0, 19.5 ] },
						"south": { "texture": "#textile", "uv": [ 7.0, 19.0, 13.0, 19.5 ] },
						"west": { "texture": "#textile", "uv": [ 13.0, 19.0, 14.0, 19.5 ] },
						"up": { "texture": "#textile", "uv": [ 0.0, 18.0, 6.0, 19.0 ] },
						"down": { "texture": "#textile", "uv": [ 6.0, 18.0, 12.0, 19.0 ] }
					}
				},
				{
					"name": "Tabard21",
					"from": [ -0.3, 5.5, 5.73 ],
					"to": [ 5.8, 5.8, 7.13 ],
					"uv": [ 0.0, 18.0 ],
					"rotationOrigin": [ -0.3, 5.5, 5.7 ],
					"faces": {
						"north": { "texture": "#textile", "uv": [ 0.0, 19.0, 6.0, 19.5 ] },
						"east": { "texture": "#textile", "uv": [ 6.0, 19.0, 7.0, 19.5 ] },
						"south": { "texture": "#textile", "uv": [ 7.0, 19.0, 13.0, 19.5 ] },
						"west": { "texture": "#textile", "uv": [ 13.0, 19.0, 14.0, 19.5 ] },
						"up": { "texture": "#textile", "uv": [ 0.0, 18.0, 6.0, 19.0 ] },
						"down": { "texture": "#textile", "uv": [ 6.0, 18.0, 12.0, 19.0 ] }
					}
				},
				{
					"name": "Tabard22",
					"from": [ 5.6, -0.1, 0.2 ],
					"to": [ 6.2, 5.5, 1.4 ],
					"uv": [ 0.0, 18.0 ],
					"rotationOrigin": [ 5.6, -0.1, 0.2 ],
					"faces": {
						"north": { "texture": "#textile", "uv": [ 0.0, 19.0, 0.5, 24.5 ] },
						"east": { "texture": "#textile", "uv": [ 0.5, 19.0, 1.5, 24.5 ] },
						"south": { "texture": "#textile", "uv": [ 1.5, 19.0, 2.0, 24.5 ] },
						"west": { "texture": "#textile", "uv": [ 2.0, 19.0, 3.0, 24.5 ] },
						"up": { "texture": "#textile", "uv": [ 0.0, 18.0, 0.5, 19.0 ] },
						"down": { "texture": "#textile", "uv": [ 0.5, 18.0, 1.0, 19.0 ] }
					}
				},
				{
					"name": "Tabard23",
					"from": [ 5.9, 0.0, 1.0 ],
					"to": [ 6.9, 5.5, 2.0 ],
					"uv": [ 0.0, 18.0 ],
					"rotationOrigin": [ 5.9, 0.0, 1.0 ],
					"rotationX": 4.0,
					"rotationY": -35.0,
					"rotationZ": 5.0,
					"faces": {
						"north": { "texture": "#textile", "uv": [ 0.0, 19.0, 1.0, 24.5 ] },
						"east": { "texture": "#textile", "uv": [ 1.0, 19.0, 2.0, 24.5 ] },
						"south": { "texture": "#textile", "uv": [ 2.0, 19.0, 3.0, 24.5 ] },
						"west": { "texture": "#textile", "uv": [ 3.0, 19.0, 4.0, 24.5 ] },
						"up": { "texture": "#textile", "uv": [ 0.0, 18.0, 1.0, 19.0 ] },
						"down": { "texture": "#textile", "uv": [ 1.0, 18.0, 2.0, 19.0 ] }
					}
				},
				{
					"name": "Tabard24",
					"from": [ 5.7, 0.0, 2.1 ],
					"to": [ 6.3, 5.6, 3.1 ],
					"uv": [ 0.0, 18.0 ],
					"rotationOrigin": [ 5.7, 0.0, 2.1 ],
					"rotationY": 8.0,
					"rotationZ": 6.0,
					"faces": {
						"north": { "texture": "#textile", "uv": [ 0.0, 19.0, 0.5, 24.5 ] },
						"east": { "texture": "#textile", "uv": [ 0.5, 19.0, 1.5, 24.5 ] },
						"south": { "texture": "#textile", "uv": [ 1.5, 19.0, 2.0, 24.5 ] },
						"west": { "texture": "#textile", "uv": [ 2.0, 19.0, 3.0, 24.5 ] },
						"up": { "texture": "#textile", "uv": [ 0.0, 18.0, 0.5, 19.0 ] },
						"down": { "texture": "#textile", "uv": [ 0.5, 18.0, 1.0, 19.0 ] }
					}
				},
				{
					"name": "Tabard25",
					"from": [ 5.8, 0.0, 2.9 ],
					"to": [ 6.6, 5.6, 3.5 ],
					"uv": [ 0.0, 18.0 ],
					"rotationOrigin": [ 5.8, 0.0, 2.9 ],
					"rotationX": -2.0,
					"rotationY": -33.0,
					"faces": {
						"north": { "texture": "#textile", "uv": [ 0.0, 18.5, 0.5, 24.0 ] },
						"east": { "texture": "#textile", "uv": [ 0.5, 18.5, 1.0, 24.0 ] },
						"south": { "texture": "#textile", "uv": [ 1.0, 18.5, 1.5, 24.0 ] },
						"west": { "texture": "#textile", "uv": [ 1.5, 18.5, 2.0, 24.0 ] },
						"up": { "texture": "#textile", "uv": [ 0.0, 18.0, 0.5, 18.5 ] },
						"down": { "texture": "#textile", "uv": [ 0.5, 18.0, 1.0, 18.5 ] }
					}
				},
				{
					"name": "Tabard26",
					"from": [ 5.8, -0.1, 3.6 ],
					"to": [ 6.4, 5.5, 4.6 ],
					"uv": [ 0.0, 18.0 ],
					"rotationOrigin": [ 5.8, -0.1, 3.6 ],
					"rotationY": 12.0,
					"rotationZ": 5.0,
					"faces": {
						"north": { "texture": "#textile", "uv": [ 0.0, 19.0, 0.5, 24.5 ] },
						"east": { "texture": "#textile", "uv": [ 0.5, 19.0, 1.5, 24.5 ] },
						"south": { "texture": "#textile", "uv": [ 1.5, 19.0, 2.0, 24.5 ] },
						"west": { "texture": "#textile", "uv": [ 2.0, 19.0, 3.0, 24.5 ] },
						"up": { "texture": "#textile", "uv": [ 0.0, 18.0, 0.5, 19.0 ] },
						"down": { "texture": "#textile", "uv": [ 0.5, 18.0, 1.0, 19.0 ] }
					}
				},
				{
					"name": "Tabard27",
					"from": [ 5.8, 0.0, 4.3 ],
					"to": [ 6.8, 5.5, 5.3 ],
					"uv": [ 0.0, 18.0 ],
					"rotationOrigin": [ 5.8, 0.0, 4.3 ],
					"rotationX": 3.0,
					"rotationY": -29.0,
					"rotationZ": 4.0,
					"faces": {
						"north": { "texture": "#textile", "uv": [ 0.0, 19.0, 1.0, 24.5 ] },
						"east": { "texture": "#textile", "uv": [ 1.0, 19.0, 2.0, 24.5 ] },
						"south": { "texture": "#textile", "uv": [ 2.0, 19.0, 3.0, 24.5 ] },
						"west": { "texture": "#textile", "uv": [ 3.0, 19.0, 4.0, 24.5 ] },
						"up": { "texture": "#textile", "uv": [ 0.0, 18.0, 1.0, 19.0 ] },
						"down": { "texture": "#textile", "uv": [ 1.0, 18.0, 2.0, 19.0 ] }
					}
				},
				{
					"name": "Tabard28",
					"from": [ 5.6, -0.1, 5.7 ],
					"to": [ 6.2, 5.5, 6.9 ],
					"uv": [ 0.0, 18.0 ],
					"rotationOrigin": [ 5.6, -0.1, 5.7 ],
					"faces": {
						"north": { "texture": "#textile", "uv": [ 0.0, 19.0, 0.5, 24.5 ] },
						"east": { "texture": "#textile", "uv": [ 0.5, 19.0, 1.5, 24.5 ] },
						"south": { "texture": "#textile", "uv": [ 1.5, 19.0, 2.0, 24.5 ] },
						"west": { "texture": "#textile", "uv": [ 2.0, 19.0, 3.0, 24.5 ] },
						"up": { "texture": "#textile", "uv": [ 0.0, 18.0, 0.5, 19.0 ] },
						"down": { "texture": "#textile", "uv": [ 0.5, 18.0, 1.0, 19.0 ] }
					}
				},
				{
					"name": "Tabard29",
					"from": [ 5.6, -2.1, 5.7 ],
					"to": [ 6.2, -0.1, 6.9 ],
					"uv": [ 0.0, 18.0 ],
					"rotationOrigin": [ 5.6, -2.1, 5.7 ],
					"faces": {
						"north": { "texture": "#textile", "uv": [ 0.0, 19.0, 0.5, 21.0 ] },
						"east": { "texture": "#textile", "uv": [ 0.5, 19.0, 1.5, 21.0 ] },
						"south": { "texture": "#textile", "uv": [ 1.5, 19.0, 2.0, 21.0 ] },
						"west": { "texture": "#textile", "uv": [ 2.0, 19.0, 3.0, 21.0 ] },
						"up": { "texture": "#textile", "uv": [ 0.0, 18.0, 0.5, 19.0 ] },
						"down": { "texture": "#textile", "uv": [ 0.5, 18.0, 1.0, 19.0 ] }
					}
				},
				{
					"name": "Tabard30",
					"from": [ 5.6, -1.7, 0.2 ],
					"to": [ 6.2, -0.1, 1.4 ],
					"uv": [ 0.0, 18.0 ],
					"rotationOrigin": [ 5.6, -1.7, 0.2 ],
					"faces": {
						"north": { "texture": "#textile", "uv": [ 0.0, 19.0, 0.5, 20.5 ] },
						"east": { "texture": "#textile", "uv": [ 0.5, 19.0, 1.5, 20.5 ] },
						"south": { "texture": "#textile", "uv": [ 1.5, 19.0, 2.0, 20.5 ] },
						"west": { "texture": "#textile", "uv": [ 2.0, 19.0, 3.0, 20.5 ] },
						"up": { "texture": "#textile", "uv": [ 0.0, 18.0, 0.5, 19.0 ] },
						"down": { "texture": "#textile", "uv": [ 0.5, 18.0, 1.0, 19.0 ] }
					}
				},
				{
					"name": "Tabard31",
					"from": [ 5.35, -1.7, 4.4 ],
					"to": [ 6.35, 0.6, 5.4 ],
					"uv": [ 0.0, 18.0 ],
					"rotationOrigin": [ 5.3, -1.7, 4.4 ],
					"rotationX": -9.0,
					"rotationY": -21.0,
					"rotationZ": -14.0,
					"faces": {
						"north": { "texture": "#textile", "uv": [ 0.0, 19.0, 1.0, 21.0 ] },
						"east": { "texture": "#textile", "uv": [ 1.0, 19.0, 2.0, 21.0 ] },
						"south": { "texture": "#textile", "uv": [ 2.0, 19.0, 3.0, 21.0 ] },
						"west": { "texture": "#textile", "uv": [ 3.0, 19.0, 4.0, 21.0 ] },
						"up": { "texture": "#textile", "uv": [ 0.0, 18.0, 1.0, 19.0 ] },
						"down": { "texture": "#textile", "uv": [ 1.0, 18.0, 2.0, 19.0 ] }
					}
				},
				{
					"name": "Tabard32",
					"from": [ 5.5, -1.3, 3.7 ],
					"to": [ 6.1, 0.1, 4.7 ],
					"uv": [ 0.0, 18.0 ],
					"rotationOrigin": [ 5.5, -1.3, 3.7 ],
					"rotationY": 12.0,
					"rotationZ": -8.0,
					"faces": {
						"north": { "texture": "#textile", "uv": [ 0.0, 19.0, 0.5, 20.0 ] },
						"east": { "texture": "#textile", "uv": [ 0.5, 19.0, 1.5, 20.0 ] },
						"south": { "texture": "#textile", "uv": [ 1.5, 19.0, 2.0, 20.0 ] },
						"west": { "texture": "#textile", "uv": [ 2.0, 19.0, 3.0, 20.0 ] },
						"up": { "texture": "#textile", "uv": [ 0.0, 18.0, 0.5, 19.0 ] },
						"down": { "texture": "#textile", "uv": [ 0.5, 18.0, 1.0, 19.0 ] }
					}
				},
				{
					"name": "Tabard33",
					"from": [ 5.7, -2.0, 2.9 ],
					"to": [ 6.5, 0.1, 3.5 ],
					"uv": [ 0.0, 18.0 ],
					"rotationOrigin": [ 5.7, -2.0, 2.9 ],
					"rotationX": 1.0,
					"rotationY": -33.0,
					"faces": {
						"north": { "texture": "#textile", "uv": [ 0.0, 18.5, 0.5, 20.5 ] },
						"east": { "texture": "#textile", "uv": [ 0.5, 18.5, 1.0, 20.5 ] },
						"south": { "texture": "#textile", "uv": [ 1.0, 18.5, 1.5, 20.5 ] },
						"west": { "texture": "#textile", "uv": [ 1.5, 18.5, 2.0, 20.5 ] },
						"up": { "texture": "#textile", "uv": [ 0.0, 18.0, 0.5, 18.5 ] },
						"down": { "texture": "#textile", "uv": [ 0.5, 18.0, 1.0, 18.5 ] }
					}
				},
				{
					"name": "Tabard34",
					"from": [ 5.6, -1.3, 2.2 ],
					"to": [ 6.2, 0.3, 3.2 ],
					"uv": [ 0.0, 18.0 ],
					"rotationOrigin": [ 5.6, -1.3, 2.2 ],
					"rotationZ": -6.0,
					"faces": {
						"north": { "texture": "#textile", "uv": [ 0.0, 19.0, 0.5, 20.5 ] },
						"east": { "texture": "#textile", "uv": [ 0.5, 19.0, 1.5, 20.5 ] },
						"south": { "texture": "#textile", "uv": [ 1.5, 19.0, 2.0, 20.5 ] },
						"west": { "texture": "#textile", "uv": [ 2.0, 19.0, 3.0, 20.5 ] },
						"up": { "texture": "#textile", "uv": [ 0.0, 18.0, 0.5, 19.0 ] },
						"down": { "texture": "#textile", "uv": [ 0.5, 18.0, 1.0, 19.0 ] }
					}
				},
				{
					"name": "Tabard35",
					"from": [ 5.4, -1.4, 1.0 ],
					"to": [ 6.4, 0.4, 2.0 ],
					"uv": [ 0.0, 18.0 ],
					"rotationOrigin": [ 5.4, -1.4, 1.0 ],
					"rotationX": -14.0,
					"rotationY": -35.0,
					"rotationZ": -22.0,
					"faces": {
						"north": { "texture": "#textile", "uv": [ 0.0, 19.0, 1.0, 20.5 ] },
						"east": { "texture": "#textile", "uv": [ 1.0, 19.0, 2.0, 20.5 ] },
						"south": { "texture": "#textile", "uv": [ 2.0, 19.0, 3.0, 20.5 ] },
						"west": { "texture": "#textile", "uv": [ 3.0, 19.0, 4.0, 20.5 ] },
						"up": { "texture": "#textile", "uv": [ 0.0, 18.0, 1.0, 19.0 ] },
						"down": { "texture": "#textile", "uv": [ 1.0, 18.0, 2.0, 19.0 ] }
					}
				},
				{
					"name": "Tabard36",
					"stepParentName": "LowerTorso",
					"from": [ 4.7, -1.9, -0.5 ],
					"to": [ 5.3, 1.2, 6.6 ],
					"uv": [ 0.5, 3.185 ],
					"rotationOrigin": [ 4.7, -1.9, -0.5 ],
					"rotationZ": -3.0,
					"faces": {
						"north": { "texture": "#textile", "uv": [ 0.5, 10.5, 1.0, 13.5 ] },
						"east": { "texture": "#textile", "uv": [ 1.0, 10.5, 8.0, 13.5 ] },
						"south": { "texture": "#textile", "uv": [ 8.0, 10.5, 8.5, 13.5 ] },
						"west": { "texture": "#textile", "uv": [ 8.5, 10.5, 15.5, 13.5 ] },
						"up": { "texture": "#textile", "uv": [ 0.5, 3.0, 1.0, 10.0 ] },
						"down": { "texture": "#textile", "uv": [ 1.0, 3.0, 1.5, 10.0 ] }
					}
				}
			]
		},
		{
			"name": "ArmorLowerTorso",
			"stepParentName": "LowerTorso",
			"from": [ -0.3, -0.5, -0.3 ],
			"to": [ 5.3, 5.1, 6.3 ],
			"uv": [ 0.0, 11.5 ],
			"rotationOrigin": [ -0.3, -0.5, -0.3 ],
			"faces": {
				"north": { "texture": "#templarbody", "uv": [ 0.0, 18.0, 5.5, 23.5 ] },
				"east": { "texture": "#templarbody", "uv": [ 5.5, 18.0, 12.0, 23.5 ] },
				"south": { "texture": "#templarbody", "uv": [ 12.0, 18.0, 17.5, 23.5 ] },
				"west": { "texture": "#templarbody", "uv": [ 17.5, 18.0, 24.0, 23.5 ] },
				"up": { "texture": "#templarbody", "uv": [ 0.0, 11.5, 5.5, 18.0 ] },
				"down": { "texture": "#templarbody", "uv": [ 5.5, 11.5, 11.0, 18.0 ] }
			}
		},
		{
			"name": "ArmorUpperArmR",
			"stepParentName": "UpperArmR",
			"from": [ -0.2, -0.2, -0.3 ],
			"to": [ 3.1, 7.2, 2.1 ],
			"uv": [ 36.0, 0.0 ],
			"rotationOrigin": [ -0.2, -0.2, -0.3 ],
			"faces": {
				"north": { "texture": "#templarbody", "uv": [ 36.0, 2.0, 39.0, 9.0 ] },
				"east": { "texture": "#templarbody", "uv": [ 39.0, 2.0, 41.0, 9.0 ] },
				"south": { "texture": "#templarbody", "uv": [ 41.0, 2.0, 44.0, 9.0 ] },
				"west": { "texture": "#templarbody", "uv": [ 44.0, 2.0, 46.0, 9.0 ] },
				"up": { "texture": "#templarbody", "uv": [ 36.0, 0.0, 39.0, 2.0 ] },
				"down": { "texture": "#templarbody", "uv": [ 39.0, 0.0, 42.0, 2.0 ] }
			}
		},
		{
			"name": "ArmorUpperArmL",
			"stepParentName": "UpperArmL",
			"from": [ -0.2, -0.2, -0.2 ],
			"to": [ 3.1, 7.2, 2.2 ],
			"uv": [ 26.0, 0.0 ],
			"rotationOrigin": [ -0.2, -0.2, -0.2 ],
			"faces": {
				"north": { "texture": "#templarbody", "uv": [ 26.0, 2.0, 29.0, 9.0 ] },
				"east": { "texture": "#templarbody", "uv": [ 29.0, 2.0, 31.0, 9.0 ] },
				"south": { "texture": "#templarbody", "uv": [ 31.0, 2.0, 34.0, 9.0 ] },
				"west": { "texture": "#templarbody", "uv": [ 34.0, 2.0, 36.0, 9.0 ] },
				"up": { "texture": "#templarbody", "uv": [ 26.0, 0.0, 29.0, 2.0 ] },
				"down": { "texture": "#templarbody", "uv": [ 29.0, 0.0, 32.0, 2.0 ] }
			}
		},
		{
			"name": "ArmorLowerArmR",
			"stepParentName": "LowerArmR",
			"from": [ -0.2, -0.2, -0.25 ],
			"to": [ 2.7, 8.2, 2.25 ],
			"uv": [ 36.0, 9.0 ],
			"rotationOrigin": [ -0.2, -0.2, -0.4 ],
			"faces": {
				"north": { "texture": "#templarbody", "uv": [ 36.0, 11.5, 38.5, 19.5 ] },
				"east": { "texture": "#templarbody", "uv": [ 38.5, 11.5, 41.0, 19.5 ] },
				"south": { "texture": "#templarbody", "uv": [ 41.0, 11.5, 43.5, 19.5 ] },
				"west": { "texture": "#templarbody", "uv": [ 43.5, 11.5, 46.0, 19.5 ] },
				"up": { "texture": "#templarbody", "uv": [ 36.0, 9.0, 38.5, 11.5 ] },
				"down": { "texture": "#templarbody", "uv": [ 38.5, 9.0, 41.0, 11.5 ] }
			}
		},
		{
			"name": "ArmorLowerArmL",
			"stepParentName": "LowerArmL",
			"from": [ -0.2, -0.2, -0.25 ],
			"to": [ 2.7, 8.2, 2.25 ],
			"uv": [ 26.0, 9.0 ],
			"rotationOrigin": [ -0.2, -0.2, -0.3 ],
			"faces": {
				"north": { "texture": "#templarbody", "uv": [ 26.0, 11.5, 28.5, 19.5 ] },
				"east": { "texture": "#templarbody", "uv": [ 28.5, 11.5, 31.0, 19.5 ] },
				"south": { "texture": "#templarbody", "uv": [ 31.0, 11.5, 33.5, 19.5 ] },
				"west": { "texture": "#templarbody", "uv": [ 33.5, 11.5, 36.0, 19.5 ] },
				"up": { "texture": "#templarbody", "uv": [ 26.0, 9.0, 28.5, 11.5 ] },
				"down": { "texture": "#templarbody", "uv": [ 28.5, 9.0, 31.0, 11.5 ] }
			}
		},
		{
			"name": "ArmorCoatR",
			"stepParentName": "UpperFootR",
			"from": [ -0.7, 0.2, -0.35 ],
			"to": [ 4.9, 7.2, 3.15 ],
			"uv": [ 18.0, 24.5 ],
			"rotationOrigin": [ -0.7, 0.2, -0.5 ],
			"faces": {
				"north": { "texture": "#templarbody", "uv": [ 18.0, 28.0, 23.5, 35.0 ] },
				"east": { "texture": "#templarbody", "uv": [ 23.5, 28.0, 27.0, 35.0 ] },
				"south": { "texture": "#templarbody", "uv": [ 27.0, 28.0, 32.5, 35.0 ] },
				"west": { "texture": "#templarbody", "uv": [ 32.5, 28.0, 36.0, 35.0 ] },
				"up": { "texture": "#templarbody", "uv": [ 18.0, 24.5, 23.5, 28.0 ] },
				"down": { "texture": "#templarbody", "uv": [ 23.5, 24.5, 29.0, 28.0 ] }
			},
			"children": [
				{
					"name": "ArmorLegCoverR",
					"from": [ 0.5, 0.1, 0.2 ],
					"to": [ 5.1, 9.1, 3.6 ],
					"autoUnwrap": false,
					"uv": [ 41.5, 40.5 ],
					"rotationOrigin": [ 0.5, 0.1, 0.2 ],
					"faces": {
						"north": { "texture": "#templarbody", "uv": [ 56.0, 54.5, 60.5, 63.5 ] },
						"east": { "texture": "#templarbody", "uv": [ 59.5, 54.5, 62.5, 63.5 ] },
						"south": { "texture": "#templarbody", "uv": [ 59.5, 54.5, 64.0, 63.5 ] },
						"west": { "texture": "#templarbody", "uv": [ 57.0, 54.5, 60.0, 63.5 ] },
						"up": { "texture": "#templarbody", "uv": [ 56.0, 50.5, 60.5, 53.5 ] }
					}
				},
				{
					"name": "Cube3",
					"from": [ -0.2, 2.5, -0.4 ],
					"to": [ 5.9, 9.0, 3.8 ],
					"autoUnwrap": false,
					"uv": [ 0.0, 13.5 ],
					"rotationOrigin": [ -0.2, 2.5, -0.4 ],
					"rotationX": 2.0,
					"rotationZ": 2.0,
					"faces": {
						"north": { "texture": "#textile", "uv": [ 0.0, 17.5, 6.0, 24.0 ] },
						"east": { "texture": "#textile", "uv": [ 6.0, 17.5, 10.0, 24.0 ] },
						"south": { "texture": "#textile", "uv": [ 10.0, 17.5, 16.0, 24.0 ] },
						"west": { "texture": "#textile", "uv": [ 12.0, 22.0, 16.0, 28.5 ] },
						"up": { "texture": "#textile", "uv": [ 0.0, 13.5, 6.0, 17.5 ] },
						"down": { "texture": "#textile", "uv": [ 6.0, 13.5, 12.0, 17.5 ] }
					}
				},
				{
					"name": "Cube9",
					"from": [ 0.6, 1.0, -0.35 ],
					"to": [ 3.4, 3.0, -0.05 ],
					"autoUnwrap": false,
					"uv": [ 0.0, 22.5 ],
					"rotationOrigin": [ 0.8389, 1.6555, -0.6148 ],
					"rotationZ": 38.0,
					"faces": {
						"north": { "texture": "#textile", "uv": [ 0.0, 26.5, 2.5, 28.5 ] },
						"east": { "texture": "#textile", "uv": [ 6.0, 26.5, 6.5, 28.5 ] },
						"south": { "texture": "#textile", "uv": [ 10.0, 26.5, 12.5, 28.5 ] },
						"west": { "texture": "#textile", "uv": [ 12.0, 31.0, 12.5, 33.0 ] },
						"up": { "texture": "#textile", "uv": [ 0.0, 22.5, 2.5, 23.0 ] },
						"down": { "texture": "#textile", "uv": [ 6.0, 22.5, 8.5, 23.0 ] }
					},
					"children": [
						{
							"name": "Cube10",
							"from": [ 2.1326, 0.6181, 0.0 ],
							"to": [ 4.9326, 2.6181, 0.3 ],
							"autoUnwrap": false,
							"uv": [ 0.0, 22.5 ],
							"rotationOrigin": [ 2.1326, 0.6181, 0.0 ],
							"rotationZ": -73.0,
							"faces": {
								"north": { "texture": "#textile", "uv": [ 0.0, 26.5, 2.5, 28.5 ] },
								"east": { "texture": "#textile", "uv": [ 6.0, 26.5, 6.5, 28.5 ] },
								"south": { "texture": "#textile", "uv": [ 10.0, 26.5, 12.5, 28.5 ] },
								"west": { "texture": "#textile", "uv": [ 12.0, 31.0, 12.5, 33.0 ] },
								"up": { "texture": "#textile", "uv": [ 0.0, 22.5, 2.5, 23.0 ] },
								"down": { "texture": "#textile", "uv": [ 6.0, 22.5, 8.5, 23.0 ] }
							}
						},
						{
							"name": "Cube11",
							"from": [ 2.4773, -2.1893, 0.1 ],
							"to": [ 3.8773, -0.1893, 0.4 ],
							"autoUnwrap": false,
							"uv": [ 0.0, 22.5 ],
							"rotationOrigin": [ 2.4773, -2.1893, 0.1 ],
							"rotationX": -1.5763,
							"rotationY": 1.2312,
							"rotationZ": -37.9831,
							"faces": {
								"north": { "texture": "#textile", "uv": [ 0.0, 26.5, 1.0, 28.5 ] },
								"east": { "texture": "#textile", "uv": [ 6.0, 26.5, 6.5, 28.5 ] },
								"south": { "texture": "#textile", "uv": [ 10.0, 26.5, 11.0, 28.5 ] },
								"west": { "texture": "#textile", "uv": [ 12.0, 31.0, 12.5, 33.0 ] },
								"up": { "texture": "#textile", "uv": [ 0.0, 22.5, 1.0, 23.0 ] },
								"down": { "texture": "#textile", "uv": [ 6.0, 22.5, 7.0, 23.0 ] }
							}
						},
						{
							"name": "Cube12",
							"from": [ -1.0687, 0.5812, 0.1 ],
							"to": [ 0.3313, 2.5812, 0.4 ],
							"autoUnwrap": false,
							"uv": [ 0.0, 22.5 ],
							"rotationOrigin": [ -1.0687, 0.5812, 0.1 ],
							"rotationX": -1.5763,
							"rotationY": 1.2312,
							"rotationZ": -37.9831,
							"faces": {
								"north": { "texture": "#textile", "uv": [ 0.0, 26.5, 1.0, 28.5 ] },
								"east": { "texture": "#textile", "uv": [ 6.0, 26.5, 6.5, 28.5 ] },
								"south": { "texture": "#textile", "uv": [ 10.0, 26.5, 11.0, 28.5 ] },
								"west": { "texture": "#textile", "uv": [ 12.0, 31.0, 12.5, 33.0 ] },
								"up": { "texture": "#textile", "uv": [ 0.0, 22.5, 1.0, 23.0 ] },
								"down": { "texture": "#textile", "uv": [ 6.0, 22.5, 7.0, 23.0 ] }
							}
						}
					]
				},
				{
					"name": "Cube13",
					"from": [ 0.0, -4.6, -0.2 ],
					"to": [ 0.4, 2.6, 3.8 ],
					"autoUnwrap": false,
					"uv": [ 0.0, 13.5 ],
					"rotationOrigin": [ 0.0, -4.6, -0.2 ],
					"rotationZ": 2.0,
					"faces": {
						"north": { "texture": "#textile", "uv": [ 0.0, 17.5, 0.5, 24.5 ] },
						"east": { "texture": "#textile", "uv": [ 6.0, 17.5, 10.0, 24.5 ] },
						"south": { "texture": "#textile", "uv": [ 10.0, 17.5, 10.5, 24.5 ] },
						"west": { "texture": "#textile", "uv": [ 12.0, 22.0, 16.0, 29.0 ] },
						"up": { "texture": "#textile", "uv": [ 0.0, 13.5, 0.5, 17.5 ] },
						"down": { "texture": "#textile", "uv": [ 6.0, 13.5, 6.5, 17.5 ] }
					},
					"children": [
						{
							"name": "Cube19",
							"from": [ 0.01, 0.0, 0.0 ],
							"to": [ 0.4, 2.9, 2.8 ],
							"autoUnwrap": false,
							"uv": [ 0.0, 13.5 ],
							"rotationOrigin": [ 0.0, 0.0, 0.0 ],
							"rotationX": 44.9825,
							"rotationY": -1.4141,
							"rotationZ": -1.4145,
							"faces": {
								"north": { "texture": "#textile", "uv": [ 0.0, 17.5, 0.5, 20.0 ] },
								"east": { "texture": "#textile", "uv": [ 6.0, 17.5, 8.5, 20.0 ] },
								"south": { "texture": "#textile", "uv": [ 10.0, 17.5, 10.5, 20.0 ] },
								"west": { "texture": "#textile", "uv": [ 12.0, 22.0, 14.5, 24.5 ] },
								"up": { "texture": "#textile", "uv": [ 0.0, 13.5, 0.5, 16.0 ] },
								"down": { "texture": "#textile", "uv": [ 6.0, 13.5, 6.5, 16.0 ] }
							}
						}
					]
				},
				{
					"name": "Cube16",
					"from": [ 5.6, 0.3, -0.1 ],
					"to": [ 6.0, 2.8, 3.9 ],
					"autoUnwrap": false,
					"uv": [ 0.0, 13.5 ],
					"rotationOrigin": [ 5.6, 0.3, -0.1 ],
					"rotationZ": 2.0,
					"faces": {
						"north": { "texture": "#textile", "uv": [ 0.0, 17.5, 0.5, 20.0 ] },
						"east": { "texture": "#textile", "uv": [ 6.0, 17.5, 10.0, 20.0 ] },
						"south": { "texture": "#textile", "uv": [ 10.0, 17.5, 10.5, 20.0 ] },
						"west": { "texture": "#textile", "uv": [ 12.0, 22.0, 16.0, 24.5 ] },
						"up": { "texture": "#textile", "uv": [ 0.0, 13.5, 0.5, 17.5 ] },
						"down": { "texture": "#textile", "uv": [ 6.0, 13.5, 6.5, 17.5 ] }
					}
				}
			]
		},
		{
			"name": "ArmorCoatL",
			"stepParentName": "UpperFootL",
			"from": [ -0.7, 0.2, 0.05 ],
			"to": [ 4.9, 7.2, 3.55 ],
			"uv": [ 0.0, 24.5 ],
			"rotationOrigin": [ -0.7, 0.2, -0.1 ],
			"faces": {
				"north": { "texture": "#templarbody", "uv": [ 0.0, 28.0, 5.5, 35.0 ] },
				"east": { "texture": "#templarbody", "uv": [ 5.5, 28.0, 9.0, 35.0 ] },
				"south": { "texture": "#templarbody", "uv": [ 9.0, 28.0, 14.5, 35.0 ] },
				"west": { "texture": "#templarbody", "uv": [ 14.5, 28.0, 18.0, 35.0 ] },
				"up": { "texture": "#templarbody", "uv": [ 0.0, 24.5, 5.5, 28.0 ] },
				"down": { "texture": "#templarbody", "uv": [ 5.5, 24.5, 11.0, 28.0 ] }
			},
			"children": [
				{
					"name": "ArmorLegCoverL",
					"from": [ 0.5, 0.1, -0.2 ],
					"to": [ 5.1, 9.1, 3.2 ],
					"autoUnwrap": false,
					"uv": [ 0.0, 0.0 ],
					"rotationOrigin": [ 0.5, 0.1, -0.2 ],
					"faces": {
						"north": { "texture": "#templarbody", "uv": [ 57.0, 54.5, 61.5, 63.5 ] },
						"east": { "texture": "#templarbody", "uv": [ 58.0, 54.5, 61.0, 63.5 ] },
						"south": { "texture": "#templarbody", "uv": [ 59.5, 54.5, 64.0, 63.5 ] },
						"west": { "texture": "#templarbody", "uv": [ 56.0, 54.5, 59.0, 63.5 ] },
						"up": { "texture": "#templarbody", "uv": [ 59.5, 50.5, 64.0, 53.5 ] }
					}
				},
				{
					"name": "Cube4",
					"from": [ 0.0, -4.7, -0.4 ],
					"to": [ 0.4, 2.5, 3.6 ],
					"autoUnwrap": false,
					"uv": [ 0.0, 22.5 ],
					"rotationOrigin": [ 0.0, -4.7, 3.6 ],
					"rotationX": 2.0,
					"rotationZ": 2.0,
					"faces": {
						"north": { "texture": "#textile", "uv": [ 0.0, 26.5, 0.5, 33.5 ] },
						"east": { "texture": "#textile", "uv": [ 6.0, 26.5, 10.0, 33.5 ] },
						"south": { "texture": "#textile", "uv": [ 10.0, 26.5, 10.5, 33.5 ] },
						"west": { "texture": "#textile", "uv": [ 12.0, 31.0, 16.0, 38.0 ] },
						"up": { "texture": "#textile", "uv": [ 0.0, 22.5, 0.5, 26.5 ] },
						"down": { "texture": "#textile", "uv": [ 6.0, 22.5, 6.5, 26.5 ] }
					},
					"children": [
						{
							"name": "Cube20",
							"from": [ -0.0027, 0.175, -0.02 ],
							"to": [ 0.3873, 3.075, 2.78 ],
							"autoUnwrap": false,
							"uv": [ 0.0, 13.5 ],
							"rotationOrigin": [ -0.0127, 0.175, -0.0172 ],
							"rotationX": 48.9731,
							"rotationY": 0.1469,
							"rotationZ": -0.1728,
							"faces": {
								"north": { "texture": "#textile", "uv": [ 0.0, 17.5, 0.5, 20.0 ] },
								"east": { "texture": "#textile", "uv": [ 6.0, 17.5, 8.5, 20.0 ] },
								"south": { "texture": "#textile", "uv": [ 10.0, 17.5, 10.5, 20.0 ] },
								"west": { "texture": "#textile", "uv": [ 12.0, 22.0, 14.5, 24.5 ] },
								"up": { "texture": "#textile", "uv": [ 0.0, 13.5, 0.5, 16.0 ] },
								"down": { "texture": "#textile", "uv": [ 6.0, 13.5, 6.5, 16.0 ] }
							}
						}
					]
				},
				{
					"name": "Cube5",
					"from": [ 1.1, 0.9, 3.6 ],
					"to": [ 3.9, 2.9, 3.9 ],
					"autoUnwrap": false,
					"uv": [ 0.0, 22.5 ],
					"rotationOrigin": [ 1.1, 0.9, 3.6 ],
					"rotationZ": 38.0,
					"faces": {
						"north": { "texture": "#textile", "uv": [ 0.0, 26.5, 2.5, 28.5 ] },
						"east": { "texture": "#textile", "uv": [ 6.0, 26.5, 6.5, 28.5 ] },
						"south": { "texture": "#textile", "uv": [ 10.0, 26.5, 12.5, 28.5 ] },
						"west": { "texture": "#textile", "uv": [ 12.0, 31.0, 12.5, 33.0 ] },
						"up": { "texture": "#textile", "uv": [ 0.0, 22.5, 2.5, 23.0 ] },
						"down": { "texture": "#textile", "uv": [ 6.0, 22.5, 8.5, 23.0 ] }
					},
					"children": [
						{
							"name": "Cube6",
							"from": [ 2.1326, 0.6181, 0.0 ],
							"to": [ 4.9326, 2.6181, 0.3 ],
							"autoUnwrap": false,
							"uv": [ 0.0, 22.5 ],
							"rotationOrigin": [ 2.1326, 0.6181, 0.0 ],
							"rotationZ": -73.0,
							"faces": {
								"north": { "texture": "#textile", "uv": [ 0.0, 26.5, 2.5, 28.5 ] },
								"east": { "texture": "#textile", "uv": [ 6.0, 26.5, 6.5, 28.5 ] },
								"south": { "texture": "#textile", "uv": [ 10.0, 26.5, 12.5, 28.5 ] },
								"west": { "texture": "#textile", "uv": [ 12.0, 31.0, 12.5, 33.0 ] },
								"up": { "texture": "#textile", "uv": [ 0.0, 22.5, 2.5, 23.0 ] },
								"down": { "texture": "#textile", "uv": [ 6.0, 22.5, 8.5, 23.0 ] }
							}
						},
						{
							"name": "Cube7",
							"from": [ 2.4773, -2.1893, 0.1 ],
							"to": [ 3.8773, -0.1893, 0.4 ],
							"autoUnwrap": false,
							"uv": [ 0.0, 22.5 ],
							"rotationOrigin": [ 2.4773, -2.1893, 0.1 ],
							"rotationX": -1.5763,
							"rotationY": 1.2312,
							"rotationZ": -37.9831,
							"faces": {
								"north": { "texture": "#textile", "uv": [ 0.0, 26.5, 1.0, 28.5 ] },
								"east": { "texture": "#textile", "uv": [ 6.0, 26.5, 6.5, 28.5 ] },
								"south": { "texture": "#textile", "uv": [ 10.0, 26.5, 11.0, 28.5 ] },
								"west": { "texture": "#textile", "uv": [ 12.0, 31.0, 12.5, 33.0 ] },
								"up": { "texture": "#textile", "uv": [ 0.0, 22.5, 1.0, 23.0 ] },
								"down": { "texture": "#textile", "uv": [ 6.0, 22.5, 7.0, 23.0 ] }
							}
						},
						{
							"name": "Cube8",
							"from": [ -1.0687, 0.5812, 0.1 ],
							"to": [ 0.3313, 2.5812, 0.4 ],
							"autoUnwrap": false,
							"uv": [ 0.0, 22.5 ],
							"rotationOrigin": [ -1.0687, 0.5812, 0.1 ],
							"rotationX": -1.5763,
							"rotationY": 1.2312,
							"rotationZ": -37.9831,
							"faces": {
								"north": { "texture": "#textile", "uv": [ 0.0, 26.5, 1.0, 28.5 ] },
								"east": { "texture": "#textile", "uv": [ 6.0, 26.5, 6.5, 28.5 ] },
								"south": { "texture": "#textile", "uv": [ 10.0, 26.5, 11.0, 28.5 ] },
								"west": { "texture": "#textile", "uv": [ 12.0, 31.0, 12.5, 33.0 ] },
								"up": { "texture": "#textile", "uv": [ 0.0, 22.5, 1.0, 23.0 ] },
								"down": { "texture": "#textile", "uv": [ 6.0, 22.5, 7.0, 23.0 ] }
							}
						}
					]
				},
				{
					"name": "Cube14",
					"from": [ -0.2, 2.5, -0.2 ],
					"to": [ 5.9, 9.0, 4.0 ],
					"autoUnwrap": false,
					"uv": [ 0.0, 22.5 ],
					"rotationOrigin": [ -0.2, 2.5, 3.8 ],
					"rotationX": -2.0,
					"rotationZ": 2.0,
					"faces": {
						"north": { "texture": "#textile", "uv": [ 0.0, 26.5, 6.0, 33.0 ] },
						"east": { "texture": "#textile", "uv": [ 6.0, 26.5, 10.0, 33.0 ] },
						"south": { "texture": "#textile", "uv": [ 10.0, 26.5, 16.0, 33.0 ] },
						"west": { "texture": "#textile", "uv": [ 12.0, 31.0, 16.0, 37.5 ] },
						"up": { "texture": "#textile", "uv": [ 0.0, 22.5, 6.0, 26.5 ] },
						"down": { "texture": "#textile", "uv": [ 6.0, 22.5, 12.0, 26.5 ] }
					}
				},
				{
					"name": "Cube15",
					"from": [ 5.7, 0.3, -0.4 ],
					"to": [ 6.1, 2.8, 3.6 ],
					"autoUnwrap": false,
					"uv": [ 0.0, 22.5 ],
					"rotationOrigin": [ 5.7, 0.3, 3.6 ],
					"rotationX": 2.0,
					"rotationZ": 2.0,
					"faces": {
						"north": { "texture": "#textile", "uv": [ 0.0, 26.5, 0.5, 29.0 ] },
						"east": { "texture": "#textile", "uv": [ 6.0, 26.5, 10.0, 29.0 ] },
						"south": { "texture": "#textile", "uv": [ 10.0, 26.5, 10.5, 29.0 ] },
						"west": { "texture": "#textile", "uv": [ 12.0, 31.0, 16.0, 33.5 ] },
						"up": { "texture": "#textile", "uv": [ 0.0, 22.5, 0.5, 26.5 ] },
						"down": { "texture": "#textile", "uv": [ 6.0, 22.5, 6.5, 26.5 ] }
					}
				}
			]
		},
		{
			"name": "Belt",
			"stepParentName": "LowerTorso",
			"from": [ -0.7, 1.2, -0.9 ],
			"to": [ 5.9, 2.5, 7.0 ],
			"autoUnwrap": false,
			"uv": [ 29.8, 55.5 ],
			"rotationOrigin": [ -0.7, 1.2, -0.9 ],
			"faces": {
				"north": { "texture": "#templarbody", "uv": [ 43.0, 62.5, 49.5, 63.5 ] },
				"east": { "texture": "#templarbody", "uv": [ 49.0, 62.5, 56.5, 63.5 ] },
				"south": { "texture": "#templarbody", "uv": [ 43.0, 62.5, 49.5, 63.5 ] },
				"west": { "texture": "#templarbody", "uv": [ 49.0, 62.5, 56.5, 63.5 ] },
				"up": { "texture": "#templarbody", "uv": [ 43.5, 56.5, 50.0, 64.0 ] },
				"down": { "texture": "#templarbody", "uv": [ 49.5, 56.5, 56.0, 64.0 ] }
			},
			"children": [
				{
					"name": "Cube2",
					"from": [ 0.6, -5.0, 7.8 ],
					"to": [ 1.6, 0.9, 8.6 ],
					"unwrapMode": 3,
					"unwrapRotation": 1,
					"uv": [ 42.5, 54.0 ],
					"rotationOrigin": [ 0.6, -3.7, 7.8 ],
					"rotationX": -10.0,
					"faces": {
						"north": { "texture": "#templarbody", "uv": [ 49.0, 54.5, 54.5, 55.5 ], "rotation": 270 },
						"east": { "texture": "#templarbody", "uv": [ 43.0, 54.0, 48.5, 54.5 ], "rotation": 90 },
						"south": { "texture": "#templarbody", "uv": [ 43.0, 54.5, 48.5, 55.5 ], "rotation": 90 },
						"west": { "texture": "#templarbody", "uv": [ 43.0, 55.5, 48.5, 56.0 ], "rotation": 90 },
						"up": { "texture": "#templarbody", "uv": [ 42.5, 54.5, 43.0, 55.5 ], "rotation": 90 },
						"down": { "texture": "#templarbody", "uv": [ 48.5, 54.5, 49.0, 55.5 ], "rotation": 270 }
					}
				}
			]
		},
		{
			"name": "Cube17",
			"stepParentName": "LowerFootL",
			"from": [ 4.8, 3.8, -0.3 ],
			"to": [ 5.2, 9.6, 3.7 ],
			"autoUnwrap": false,
			"uv": [ 0.0, 22.5 ],
			"rotationOrigin": [ 4.8, 3.1, -0.3 ],
			"rotationX": -0.9971,
			"rotationY": -0.2268,
			"rotationZ": 0.0026,
			"faces": {
				"north": { "texture": "#textile", "uv": [ 0.0, 26.5, 0.5, 32.0 ] },
				"east": { "texture": "#textile", "uv": [ 6.0, 26.5, 10.0, 32.0 ] },
				"south": { "texture": "#textile", "uv": [ 10.0, 26.5, 10.5, 32.0 ] },
				"west": { "texture": "#textile", "uv": [ 12.0, 31.0, 16.0, 36.5 ] },
				"up": { "texture": "#textile", "uv": [ 0.0, 22.5, 0.5, 26.5 ] },
				"down": { "texture": "#textile", "uv": [ 6.0, 22.5, 6.5, 26.5 ] }
			},
			"children": [
				{
					"name": "Cube22",
					"from": [ -0.01, 0.15, 0.01 ],
					"to": [ 0.39, 2.95, 2.81 ],
					"autoUnwrap": false,
					"uv": [ 0.0, 13.5 ],
					"rotationOrigin": [ -0.0521, 0.1456, 0.0085 ],
					"rotationX": 46.99,
					"faces": {
						"north": { "texture": "#textile", "uv": [ 0.0, 17.5, 0.5, 20.0 ] },
						"east": { "texture": "#textile", "uv": [ 6.0, 17.5, 8.5, 20.0 ] },
						"south": { "texture": "#textile", "uv": [ 10.0, 17.5, 10.5, 20.0 ] },
						"west": { "texture": "#textile", "uv": [ 12.0, 22.0, 14.5, 24.5 ] },
						"up": { "texture": "#textile", "uv": [ 0.0, 13.5, 0.5, 16.0 ] },
						"down": { "texture": "#textile", "uv": [ 6.0, 13.5, 6.5, 16.0 ] }
					}
				}
			]
		},
		{
			"name": "Cube18",
			"stepParentName": "LowerFootR",
			"from": [ 4.7, 3.9, -0.8 ],
			"to": [ 5.1, 9.7, 3.2 ],
			"autoUnwrap": false,
			"uv": [ 0.0, 13.5 ],
			"rotationOrigin": [ 4.7, 3.9, -0.8 ],
			"rotationX": 2.9959,
			"rotationY": 0.1569,
			"rotationZ": -0.0041,
			"faces": {
				"north": { "texture": "#textile", "uv": [ 0.0, 17.5, 0.5, 23.0 ] },
				"east": { "texture": "#textile", "uv": [ 6.0, 17.5, 10.0, 23.0 ] },
				"south": { "texture": "#textile", "uv": [ 10.0, 17.5, 10.5, 23.0 ] },
				"west": { "texture": "#textile", "uv": [ 12.0, 22.0, 16.0, 27.5 ] },
				"up": { "texture": "#textile", "uv": [ 0.0, 13.5, 0.5, 17.5 ] },
				"down": { "texture": "#textile", "uv": [ 6.0, 13.5, 6.5, 17.5 ] }
			},
			"children": [
				{
					"name": "Cube21",
					"from": [ 0.0, 0.0, 0.0 ],
					"to": [ 0.4, 2.8, 2.8 ],
					"autoUnwrap": false,
					"uv": [ 0.0, 13.5 ],
					"rotationOrigin": [ 0.0, 0.0, 0.0 ],
					"rotationX": 45.0042,
					"rotationY": -0.1081,
					"rotationZ": 0.1139,
					"faces": {
						"north": { "texture": "#textile", "uv": [ 0.0, 17.5, 0.5, 20.0 ] },
						"east": { "texture": "#textile", "uv": [ 6.0, 17.5, 8.5, 20.0 ] },
						"south": { "texture": "#textile", "uv": [ 10.0, 17.5, 10.5, 20.0 ] },
						"west": { "texture": "#textile", "uv": [ 12.0, 22.0, 14.5, 24.5 ] },
						"up": { "texture": "#textile", "uv": [ 0.0, 13.5, 0.5, 16.0 ] },
						"down": { "texture": "#textile", "uv": [ 6.0, 13.5, 6.5, 16.0 ] }
					}
				}
			]
		}
	]}