{
	"editor": {
		"backDropShape": "D:/Hry/Vintagestory120/assets/game/shapes/entity/humanoid/seraph-hairless",
		"collapsedPaths": "Root/SideDecorationCrown/CrownFront,Root/ArmorHelmet/PlumeP3/Plume22,Root/ArmorHelmet/SideDecorationCrown/CrownBack,Root/ArmorHelmet/TopDecorationLion/leg2/legdown2,Root/ArmorHelmet/TopDecorationLion/hand2,Root/ArmorHelmet/TopDecorationLion/hand1,Root/ArmorHelmet/SideDecorationCrown/CrownRight,Root/SideDecorationCrown,Root/ArmorHelmet/Plume/Plume12,Root/ArmorHelmet/ArmorNose,Root/ArmorHelmet/TopDecorationLion/hand1/forearm1,Root/ArmorHelmet/lining,Root/TopDecorationLion/hand1,Root/ArmorHelmet/TopDecorationLion/Tail,Root/ArmorHelmet/SideDecorationCrown/CrownLeft,Root/ArmorHelmet/HeadDecCrownBase,Root/TopDecorationLion/hand2,Root/TopDecorationLion/Head,Root/ArmorHelmet/Plume/Plume4,Root/ArmorHelmet/Plume/Plume3,Root/ArmorHelmet/HeadDecCrownBase/CrownBack,Root/ArmorHelmet/TopDecorationLion/leg2,Root/ArmorHelmet/TopDecorationLion/leg1,Root/ArmorHelmet/Plume/Plume21,Root/ArmorHelmet/FaceCoverR1/WreathCenter/Cube29,Root/TopDecorationLion/leg2,Root/ArmorHelmet/TopDecorationLion/hand2/forearm2,Root/ArmorHelmet/TopDecorationLion/Head,Root/ArmorHelmet/SideDecorationCrown/CrownFront,Root/ArmorHelmet/PlumeP2,Root/ArmorHelmet/TopDecorationLion/Bottomtop,Root/ArmorHelmet/Plume/Plume3/Plume4,Root/TopDecorationLion,Root/ArmorHelmet/TopDecorationLion/Head/Nose,Root/ArmorHelmet/HeadDecCrownBase/CrownFront3,Root/SideDecorationCrown/CrownRight,Root/ArmorHelmet/Plume/Plume21/Plume22,Root/ArmorHelmet/HeadDecCrownBase/CrownFront4,Root/ArmorHelmet/PlumeP1/Plume4,Root/ArmorHelmet/TopDecorationLion/leg1/legdown1,Root/ArmorHelmet/WreathCenter,Root/ArmorHelmet/HeadDecCrownBase/CrownLeft,Root/ArmorHelmet/HeadDecCrownBase/CrownFront2,Root/ArmorHelmet/Fin,Root/ArmorHelmet/Hinge1,Root/ArmorHelmet/HeadDecCrownBase/CrownFront,Root/ArmorHelmet/Hinge4,Root/SideDecorationCrown/CrownLeft,Root/ArmorHelmet/HeadDecCrownBase/CrownRight,Root/ArmorHelmet/HeadDecCrownBase/CrownRight2,Root/ArmorHelmet/PlumeBase,Root/SideDecorationCrown/CrownFront4,Root/SideDecorationCrown/CrownFront3,Root/SideDecorationCrown/CrownFront2",
		"allAngles": true,
		"entityTextureMode": true
	},
	"textureWidth": 64,
	"textureHeight": 64,
	"textureSizes": {
		"templarhead": [64,64],
		"plume": [64,64],
		"plume": [64,64]
	},
	"textures": {
	},
	"elements": [
		{
			"name": "ArmorHelmet",
			"stepParentName": "Head",
			"from": [ -0.3, 3.9, -0.6 ],
			"to": [ 6.3, 5.9, 5.7 ],
			"autoUnwrap": false,
			"uv": [ 27.0, 14.0 ],
			"rotationOrigin": [ -0.3, 3.9, -0.6 ],
			"faces": {
				"north": { "texture": "#templarhead", "uv": [ 26.5, 24.5, 33.0, 26.5 ], "windMode": [-1,-1,-1,-1], "windData": [1,1,1,1] },
				"east": { "texture": "#templarhead", "uv": [ 45.5, 24.5, 51.5, 26.5 ], "windMode": [-1,-1,-1,-1], "windData": [0,0,0,0] },
				"south": { "texture": "#templarhead", "uv": [ 38.5, 24.5, 45.0, 26.5 ], "windMode": [-1,-1,-1,-1], "windData": [1,1,1,1] },
				"west": { "texture": "#templarhead", "uv": [ 33.0, 26.5, 39.0, 28.5 ], "windMode": [-1,-1,-1,-1], "windData": [1,1,1,1] },
				"up": { "texture": "#templarhead", "uv": [ 33.0, 20.5, 39.0, 27.0 ], "rotation": 90, "windMode": [-1,-1,-1,-1], "windData": [1,1,1,1] },
				"down": { "texture": "#templarhead", "uv": [ 33.0, 26.0, 39.0, 32.5 ], "rotation": 90, "windMode": [-1,-1,-1,-1], "windData": [1,1,1,1] }
			},
			"children": [
				{
					"name": "ArmorHelmetTop",
					"from": [ 0.5, 2.0, 0.5 ],
					"to": [ 6.1, 2.2, 5.8 ],
					"unwrapMode": 4,
					"autoUnwrap": false,
					"uv": [ 23.5, 7.5 ],
					"rotationOrigin": [ 0.5, 2.0, 0.5 ],
					"faces": {
						"north": { "texture": "#templarhead", "uv": [ 33.5, 16.0, 39.0, 16.5 ], "windMode": [-1,-1,-1,-1], "windData": [1,1,1,1] },
						"east": { "texture": "#templarhead", "uv": [ 34.0, 16.0, 39.0, 16.5 ], "windMode": [-1,-1,-1,-1], "windData": [1,1,1,1] },
						"south": { "texture": "#templarhead", "uv": [ 33.0, 16.0, 38.5, 16.5 ], "windMode": [-1,-1,-1,-1], "windData": [1,1,1,1] },
						"west": { "texture": "#templarhead", "uv": [ 33.5, 19.5, 38.5, 20.0 ], "windMode": [-1,-1,-1,-1], "windData": [1,1,1,1] },
						"up": { "texture": "#templarhead", "uv": [ 33.5, 14.5, 38.5, 20.0 ], "rotation": 90, "windMode": [-1,-1,-1,-1], "windData": [1,1,1,1] }
					}
				},
				{
					"name": "FaceMask1",
					"from": [ -0.4, -1.1, 3.1 ],
					"to": [ 0.1, 0.2, 6.1 ],
					"autoUnwrap": false,
					"uv": [ 10.0, 12.0 ],
					"rotationOrigin": [ -0.4, -1.1, 3.1 ],
					"rotationY": 5.0,
					"rotationZ": -10.0,
					"faces": {
						"north": { "texture": "#templarhead", "uv": [ 23.0, 28.5, 23.5, 29.5 ] },
						"east": { "texture": "#templarhead", "uv": [ 22.0, 29.5, 25.0, 30.5 ] },
						"south": { "texture": "#templarhead", "uv": [ 22.5, 28.5, 23.0, 29.5 ] },
						"west": { "texture": "#templarhead", "uv": [ 25.0, 32.0, 30.0, 34.5 ], "autoUv": false },
						"up": { "texture": "#templarhead", "uv": [ 23.0, 28.0, 23.5, 31.0 ] },
						"down": { "texture": "#templarhead", "uv": [ 23.0, 28.0, 23.5, 31.0 ] }
					},
					"children": [
						{
							"name": "Cube2",
							"from": [ -0.2, 0.0, -0.4 ],
							"to": [ 0.2, 3.1, 0.4 ],
							"uv": [ 8.5, 21.0 ],
							"rotationOrigin": [ -0.2, 0.0, -0.4 ],
							"faces": {
								"north": { "texture": "#templarhead", "uv": [ 8.5, 21.5, 9.0, 24.5 ] },
								"east": { "texture": "#templarhead", "uv": [ 9.0, 21.5, 9.5, 24.5 ] },
								"south": { "texture": "#templarhead", "uv": [ 9.5, 21.5, 10.0, 24.5 ] },
								"west": { "texture": "#templarhead", "uv": [ 10.0, 21.5, 10.5, 24.5 ] },
								"up": { "texture": "#templarhead", "uv": [ 8.5, 21.0, 9.0, 21.5 ] },
								"down": { "texture": "#templarhead", "uv": [ 9.0, 21.0, 9.5, 21.5 ] }
							}
						},
						{
							"name": "Cube3",
							"from": [ 0.3, -2.4, -0.41 ],
							"to": [ 0.7, 0.1, 0.41 ],
							"uv": [ 8.5, 21.0 ],
							"rotationOrigin": [ 0.3, -2.4, -0.4 ],
							"rotationZ": 11.0,
							"faces": {
								"north": { "texture": "#templarhead", "uv": [ 8.5, 21.5, 9.0, 24.0 ] },
								"east": { "texture": "#templarhead", "uv": [ 9.0, 21.5, 9.5, 24.0 ] },
								"south": { "texture": "#templarhead", "uv": [ 9.5, 21.5, 10.0, 24.0 ] },
								"west": { "texture": "#templarhead", "uv": [ 10.0, 21.5, 10.5, 24.0 ] },
								"up": { "texture": "#templarhead", "uv": [ 8.5, 21.0, 9.0, 21.5 ] },
								"down": { "texture": "#templarhead", "uv": [ 9.0, 21.0, 9.5, 21.5 ] }
							}
						}
					]
				},
				{
					"name": "FaceMask2",
					"from": [ -0.4, -1.1, 0.1 ],
					"to": [ 0.1, 0.2, 3.1 ],
					"autoUnwrap": false,
					"uv": [ 12.0, 3.5 ],
					"rotationOrigin": [ -0.4, -1.1, 3.3 ],
					"rotationY": -5.0,
					"rotationZ": -10.0,
					"faces": {
						"north": { "texture": "#templarhead", "uv": [ 23.0, 29.0, 23.5, 30.0 ] },
						"east": { "texture": "#templarhead", "uv": [ 22.0, 28.5, 25.0, 29.5 ] },
						"south": { "texture": "#templarhead", "uv": [ 22.5, 28.5, 23.0, 29.5 ] },
						"west": { "texture": "#templarhead", "uv": [ 21.0, 32.0, 26.0, 34.5 ], "autoUv": false },
						"up": { "texture": "#templarhead", "uv": [ 22.5, 28.0, 23.0, 31.0 ] },
						"down": { "texture": "#templarhead", "uv": [ 23.5, 27.5, 24.0, 30.5 ] }
					}
				},
				{
					"name": "FaceMask3",
					"from": [ -0.4, -2.4, 0.3 ],
					"to": [ 0.1, -1.1, 3.1 ],
					"autoUnwrap": false,
					"uv": [ 7.5, 5.0 ],
					"rotationOrigin": [ -0.4, -2.4, 3.5 ],
					"rotationY": -5.0,
					"faces": {
						"north": { "texture": "#templarhead", "uv": [ 22.5, 27.5, 23.0, 28.5 ] },
						"east": { "texture": "#templarhead", "uv": [ 22.0, 28.0, 24.5, 29.0 ] },
						"south": { "texture": "#templarhead", "uv": [ 22.5, 28.0, 23.0, 29.0 ] },
						"west": { "texture": "#templarhead", "uv": [ 21.0, 34.0, 26.0, 36.0 ], "autoUv": false },
						"up": { "texture": "#templarhead", "uv": [ 23.0, 27.0, 23.5, 29.5 ] },
						"down": { "texture": "#templarhead", "uv": [ 23.0, 27.5, 23.5, 30.0 ] }
					}
				},
				{
					"name": "FaceMask4",
					"from": [ -0.38, -2.4, 3.1 ],
					"to": [ 0.12, -1.1, 5.9 ],
					"autoUnwrap": false,
					"uv": [ 18.5, 22.0 ],
					"rotationOrigin": [ -0.4, -2.4, 3.1 ],
					"rotationY": 5.0,
					"rotationZ": 1.0,
					"faces": {
						"north": { "texture": "#templarhead", "uv": [ 22.0, 29.5, 22.5, 30.5 ] },
						"east": { "texture": "#templarhead", "uv": [ 22.0, 30.0, 24.5, 31.0 ] },
						"south": { "texture": "#templarhead", "uv": [ 22.0, 29.5, 22.5, 30.5 ] },
						"west": { "texture": "#templarhead", "uv": [ 25.0, 34.0, 30.0, 36.0 ], "autoUv": false, "windMode": [-1,-1,-1,-1], "windData": [1,1,1,1] },
						"up": { "texture": "#templarhead", "uv": [ 21.5, 28.5, 22.0, 31.0 ] },
						"down": { "texture": "#templarhead", "uv": [ 22.0, 28.5, 22.5, 31.0 ] }
					}
				},
				{
					"name": "FaceMask5",
					"from": [ -0.13, -3.7, 3.1 ],
					"to": [ 0.37, -2.4, 5.8 ],
					"autoUnwrap": false,
					"uv": [ 19.0, 15.5 ],
					"rotationOrigin": [ -0.1, -3.7, 3.1 ],
					"rotationY": 5.0,
					"rotationZ": 10.0,
					"faces": {
						"north": { "texture": "#templarhead", "uv": [ 22.5, 29.0, 23.0, 30.0 ] },
						"east": { "texture": "#templarhead", "uv": [ 22.5, 30.0, 25.0, 31.0 ] },
						"south": { "texture": "#templarhead", "uv": [ 22.5, 29.0, 23.0, 30.0 ] },
						"west": { "texture": "#templarhead", "uv": [ 25.0, 36.0, 30.0, 39.0 ], "autoUv": false },
						"up": { "texture": "#templarhead", "uv": [ 23.0, 28.5, 23.5, 31.0 ] },
						"down": { "texture": "#templarhead", "uv": [ 23.0, 27.5, 23.5, 30.0 ] }
					}
				},
				{
					"name": "FaceMask6",
					"from": [ -0.15, -3.7, 0.4 ],
					"to": [ 0.35, -2.4, 3.1 ],
					"autoUnwrap": false,
					"uv": [ 22.0, 13.0 ],
					"rotationOrigin": [ -0.1, -3.7, 3.6 ],
					"rotationY": -5.0,
					"rotationZ": 10.0,
					"faces": {
						"north": { "texture": "#templarhead", "uv": [ 22.5, 30.0, 23.0, 31.0 ] },
						"east": { "texture": "#templarhead", "uv": [ 21.5, 30.5, 24.0, 31.5 ] },
						"south": { "texture": "#templarhead", "uv": [ 23.0, 30.0, 23.5, 31.0 ] },
						"west": { "texture": "#templarhead", "uv": [ 21.0, 36.0, 26.0, 39.0 ], "autoUv": false },
						"up": { "texture": "#templarhead", "uv": [ 22.0, 29.5, 22.5, 32.0 ] },
						"down": { "texture": "#templarhead", "uv": [ 22.5, 29.5, 23.0, 32.0 ] }
					}
				},
				{
					"name": "FaceCoverL1",
					"from": [ 0.01, -2.3, 5.8 ],
					"to": [ 1.41, 0.3, 6.2 ],
					"uv": [ 28.5, 20.5 ],
					"rotationOrigin": [ 0.0, -3.3, 5.8 ],
					"faces": {
						"north": { "texture": "#templarhead", "uv": [ 28.5, 21.0, 29.5, 23.5 ] },
						"east": { "texture": "#templarhead", "uv": [ 29.5, 21.0, 30.0, 23.5 ] },
						"south": { "texture": "#templarhead", "uv": [ 30.0, 21.0, 31.0, 23.5 ] },
						"west": { "texture": "#templarhead", "uv": [ 31.0, 21.0, 31.5, 23.5 ] },
						"up": { "texture": "#templarhead", "uv": [ 28.5, 20.5, 29.5, 21.0 ] },
						"down": { "texture": "#templarhead", "uv": [ 29.5, 20.5, 30.5, 21.0 ] }
					},
					"children": [
						{
							"name": "FaceCoverL2",
							"from": [ 0.5069, -1.3907, -0.12 ],
							"to": [ 1.9069, 0.2093, 0.28 ],
							"uv": [ 40.0, 24.5 ],
							"rotationOrigin": [ 0.5069, -1.3907, -0.1209 ],
							"rotationX": 2.9995,
							"rotationY": 0.0523,
							"rotationZ": 17.9986,
							"faces": {
								"north": { "texture": "#templarhead", "uv": [ 40.0, 25.0, 41.0, 26.5 ] },
								"east": { "texture": "#templarhead", "uv": [ 41.0, 25.0, 41.5, 26.5 ] },
								"south": { "texture": "#templarhead", "uv": [ 41.5, 25.0, 42.5, 26.5 ] },
								"west": { "texture": "#templarhead", "uv": [ 42.5, 25.0, 43.0, 26.5 ] },
								"up": { "texture": "#templarhead", "uv": [ 40.0, 24.5, 41.0, 25.0 ] },
								"down": { "texture": "#templarhead", "uv": [ 41.0, 24.5, 42.0, 25.0 ] }
							}
						}
					]
				},
				{
					"name": "FaceCoverR1",
					"from": [ 0.0, -2.3, 0.2 ],
					"to": [ 1.4, 0.3, 0.6 ],
					"uv": [ 41.0, 20.5 ],
					"rotationOrigin": [ 0.0, -3.3, 0.2 ],
					"rotationX": -3.0,
					"rotationZ": -1.0,
					"faces": {
						"north": { "texture": "#templarhead", "uv": [ 41.0, 21.0, 42.0, 23.5 ] },
						"east": { "texture": "#templarhead", "uv": [ 42.0, 21.0, 42.5, 23.5 ] },
						"south": { "texture": "#templarhead", "uv": [ 42.5, 21.0, 43.5, 23.5 ] },
						"west": { "texture": "#templarhead", "uv": [ 43.5, 21.0, 44.0, 23.5 ] },
						"up": { "texture": "#templarhead", "uv": [ 41.0, 20.5, 42.0, 21.0 ] },
						"down": { "texture": "#templarhead", "uv": [ 42.0, 20.5, 43.0, 21.0 ] }
					},
					"children": [
						{
							"name": "FaceCoverR2",
							"from": [ 0.5069, -1.3907, -0.1 ],
							"to": [ 1.9069, 0.2093, 0.3 ],
							"uv": [ 31.0, 24.5 ],
							"rotationOrigin": [ 0.5069, -1.3907, -0.0209 ],
							"rotationX": 2.9995,
							"rotationY": 0.0523,
							"rotationZ": 17.9986,
							"faces": {
								"north": { "texture": "#templarhead", "uv": [ 31.0, 25.0, 32.0, 26.5 ] },
								"east": { "texture": "#templarhead", "uv": [ 32.0, 25.0, 32.5, 26.5 ] },
								"south": { "texture": "#templarhead", "uv": [ 32.5, 25.0, 33.5, 26.5 ] },
								"west": { "texture": "#templarhead", "uv": [ 33.5, 25.0, 34.0, 26.5 ] },
								"up": { "texture": "#templarhead", "uv": [ 31.0, 24.5, 32.0, 25.0 ] },
								"down": { "texture": "#templarhead", "uv": [ 32.0, 24.5, 33.0, 25.0 ] }
							}
						},
						{
							"name": "WreathCenter",
							"from": [ 2.8616, 4.0892, 3.2181 ],
							"to": [ 2.8616, 4.0892, 3.2181 ],
							"uv": [ 12.5, 20.9 ],
							"rotationOrigin": [ 2.8616, 4.0892, 3.2181 ],
							"rotationX": 2.9995,
							"rotationY": 0.0523,
							"rotationZ": 0.9986,
							"faces": {
								"north": { "texture": "#plume", "uv": [ 12.5, 21.5, 13.0, 22.0 ] },
								"east": { "texture": "#plume", "uv": [ 13.0, 21.5, 13.5, 22.0 ] },
								"south": { "texture": "#plume", "uv": [ 13.5, 21.5, 14.0, 22.0 ] },
								"west": { "texture": "#plume", "uv": [ 14.0, 21.5, 14.5, 22.0 ] },
								"up": { "texture": "#plume", "uv": [ 12.5, 21.0, 13.0, 21.5 ] },
								"down": { "texture": "#plume", "uv": [ 13.0, 21.0, 13.5, 21.5 ] }
							},
							"children": [
								{
									"name": "Cube20",
									"from": [ -0.8005, -5.0, 3.4 ],
									"to": [ -0.5005, -0.9, 5.4 ],
									"uv": [ 0.0, 29.9 ],
									"rotationOrigin": [ -0.8002, -4.3, 3.4001 ],
									"rotationX": -180.0,
									"rotationY": 87.0197,
									"rotationZ": 173.0,
									"faces": {
										"north": { "texture": "#plume", "uv": [ 0.0, 32.0, 0.5, 36.0 ] },
										"east": { "texture": "#plume", "uv": [ 0.5, 32.0, 2.5, 36.0 ] },
										"south": { "texture": "#plume", "uv": [ 2.5, 32.0, 3.0, 36.0 ] },
										"west": { "texture": "#plume", "uv": [ 3.0, 32.0, 5.0, 36.0 ] },
										"up": { "texture": "#plume", "uv": [ 0.0, 30.0, 0.5, 32.0 ] },
										"down": { "texture": "#plume", "uv": [ 0.5, 30.0, 1.0, 32.0 ] }
									},
									"children": [
										{
											"name": "Cube21",
											"from": [ -0.4, -1.7, 0.0 ],
											"to": [ -0.1, 0.7, 2.0 ],
											"uv": [ 0.0, 33.5 ],
											"rotationOrigin": [ -0.3997, -1.0, -0.0014 ],
											"rotationX": 1.0,
											"rotationY": 5.0,
											"rotationZ": -11.0,
											"faces": {
												"north": { "texture": "#plume", "uv": [ 0.0, 35.5, 0.5, 37.5 ] },
												"east": { "texture": "#plume", "uv": [ 0.5, 35.5, 2.5, 37.5 ] },
												"south": { "texture": "#plume", "uv": [ 2.5, 35.5, 3.0, 37.5 ] },
												"west": { "texture": "#plume", "uv": [ 3.0, 35.5, 5.0, 37.5 ] },
												"up": { "texture": "#plume", "uv": [ 0.0, 33.5, 0.5, 35.5 ] },
												"down": { "texture": "#plume", "uv": [ 0.5, 33.5, 1.0, 35.5 ] }
											}
										}
									]
								},
								{
									"name": "Cube22",
									"from": [ -0.13, -4.4086, 2.54 ],
									"to": [ 0.17, -0.9086, 4.14 ],
									"uv": [ 3.5, 35.0 ],
									"rotationOrigin": [ 0.7687, -3.8062, 2.536 ],
									"rotationX": 174.2125,
									"rotationY": 82.9,
									"rotationZ": 177.1222,
									"faces": {
										"north": { "texture": "#plume", "uv": [ 3.5, 36.5, 4.0, 40.0 ] },
										"east": { "texture": "#plume", "uv": [ 4.0, 36.5, 5.5, 40.0 ] },
										"south": { "texture": "#plume", "uv": [ 5.5, 36.5, 6.0, 40.0 ] },
										"west": { "texture": "#plume", "uv": [ 6.0, 36.5, 7.5, 40.0 ] },
										"up": { "texture": "#plume", "uv": [ 3.5, 35.0, 4.0, 36.5 ] },
										"down": { "texture": "#plume", "uv": [ 4.0, 35.0, 4.5, 36.5 ] }
									},
									"children": [
										{
											"name": "Cube23",
											"from": [ -0.2, -2.3, 0.0 ],
											"to": [ 0.1, 0.0, 1.6 ],
											"uv": [ 3.4, 32.3 ],
											"rotationOrigin": [ 0.6979, -1.6976, -0.004 ],
											"rotationY": -3.0,
											"rotationZ": -8.0,
											"faces": {
												"north": { "texture": "#plume", "uv": [ 3.5, 34.0, 4.0, 36.0 ] },
												"east": { "texture": "#plume", "uv": [ 4.0, 34.0, 5.5, 36.0 ] },
												"south": { "texture": "#plume", "uv": [ 5.5, 34.0, 6.0, 36.0 ] },
												"west": { "texture": "#plume", "uv": [ 6.0, 34.0, 7.5, 36.0 ] },
												"up": { "texture": "#plume", "uv": [ 3.5, 32.5, 4.0, 34.0 ] },
												"down": { "texture": "#plume", "uv": [ 4.0, 32.5, 4.5, 34.0 ] }
											}
										}
									]
								},
								{
									"name": "Cube25",
									"from": [ 2.3, -4.9, 3.5 ],
									"to": [ 2.6, -0.9, 4.8 ],
									"uv": [ 0.0, 35.2 ],
									"rotationOrigin": [ 2.3, -4.2, 3.5 ],
									"rotationX": 180.0,
									"rotationY": 86.0,
									"rotationZ": 169.9999,
									"faces": {
										"north": { "texture": "#plume", "uv": [ 0.0, 36.5, 0.5, 40.5 ] },
										"east": { "texture": "#plume", "uv": [ 0.5, 36.5, 1.5, 40.5 ] },
										"south": { "texture": "#plume", "uv": [ 1.5, 36.5, 2.0, 40.5 ] },
										"west": { "texture": "#plume", "uv": [ 2.0, 36.5, 3.0, 40.5 ] },
										"up": { "texture": "#plume", "uv": [ 0.0, 35.0, 0.5, 36.0 ] },
										"down": { "texture": "#plume", "uv": [ 0.5, 35.0, 1.0, 36.0 ] }
									},
									"children": [
										{
											"name": "Cube24",
											"from": [ -0.2, -1.5, -0.1 ],
											"to": [ 0.1, 0.5, 1.5 ],
											"uv": [ 2.0, 32.5 ],
											"rotationOrigin": [ -0.2, -0.8, -0.1 ],
											"rotationY": -1.0,
											"rotationZ": -13.0,
											"faces": {
												"north": { "texture": "#plume", "uv": [ 2.0, 34.0, 2.5, 36.0 ] },
												"east": { "texture": "#plume", "uv": [ 2.5, 34.0, 4.0, 36.0 ] },
												"south": { "texture": "#plume", "uv": [ 4.0, 34.0, 4.5, 36.0 ] },
												"west": { "texture": "#plume", "uv": [ 4.5, 34.0, 6.0, 36.0 ] },
												"up": { "texture": "#plume", "uv": [ 2.0, 32.5, 2.5, 34.0 ] },
												"down": { "texture": "#plume", "uv": [ 2.5, 32.5, 3.0, 34.0 ] }
											}
										}
									]
								},
								{
									"name": "Cube26",
									"from": [ 3.8, -4.9, 3.23 ],
									"to": [ 4.1, -0.9, 4.53 ],
									"uv": [ 0.0, 30.7 ],
									"rotationOrigin": [ 3.8021, -4.2, 3.1636 ],
									"rotationX": -176.5031,
									"rotationY": 13.94,
									"rotationZ": 167.4728,
									"faces": {
										"north": { "texture": "#plume", "uv": [ 0.0, 32.0, 0.5, 36.0 ] },
										"east": { "texture": "#plume", "uv": [ 0.5, 32.0, 1.5, 36.0 ] },
										"south": { "texture": "#plume", "uv": [ 1.5, 32.0, 2.0, 36.0 ] },
										"west": { "texture": "#plume", "uv": [ 2.0, 32.0, 3.0, 36.0 ] },
										"up": { "texture": "#plume", "uv": [ 0.0, 30.5, 0.5, 31.5 ] },
										"down": { "texture": "#plume", "uv": [ 0.5, 30.5, 1.0, 31.5 ] }
									},
									"children": [
										{
											"name": "Cube27",
											"from": [ -0.2, -1.5, -0.1 ],
											"to": [ 0.1, 0.5, 1.3 ],
											"uv": [ 6.0, 34.4 ],
											"rotationOrigin": [ -0.2, -0.8, -0.1 ],
											"rotationY": -1.0,
											"rotationZ": -13.0,
											"faces": {
												"north": { "texture": "#plume", "uv": [ 6.0, 35.5, 6.5, 37.5 ] },
												"east": { "texture": "#plume", "uv": [ 6.5, 35.5, 7.5, 37.5 ] },
												"south": { "texture": "#plume", "uv": [ 7.5, 35.5, 8.0, 37.5 ] },
												"west": { "texture": "#plume", "uv": [ 8.0, 35.5, 9.0, 37.5 ] },
												"up": { "texture": "#plume", "uv": [ 6.0, 34.5, 6.5, 35.5 ] },
												"down": { "texture": "#plume", "uv": [ 6.5, 34.5, 7.0, 35.5 ] }
											}
										}
									]
								},
								{
									"name": "Cube33",
									"from": [ 3.9, -5.0, 0.8016 ],
									"to": [ 4.2, -0.9, 2.8016 ],
									"uv": [ 0.0, 31.3 ],
									"rotationOrigin": [ 3.9001, -4.3, 0.8002 ],
									"rotationX": 180.0,
									"rotationY": -2.9802,
									"rotationZ": 173.0,
									"faces": {
										"north": { "texture": "#plume", "uv": [ 0.0, 33.5, 0.5, 37.5 ] },
										"east": { "texture": "#plume", "uv": [ 0.5, 33.5, 2.5, 37.5 ] },
										"south": { "texture": "#plume", "uv": [ 2.5, 33.5, 3.0, 37.5 ] },
										"west": { "texture": "#plume", "uv": [ 3.0, 33.5, 5.0, 37.5 ] },
										"up": { "texture": "#plume", "uv": [ 0.0, 31.5, 0.5, 33.5 ] },
										"down": { "texture": "#plume", "uv": [ 0.5, 31.5, 1.0, 33.5 ] }
									},
									"children": [
										{
											"name": "Cube34",
											"from": [ -0.4, -1.7, 0.0 ],
											"to": [ -0.1, 0.7, 2.0 ],
											"uv": [ 0.0, 32.0 ],
											"rotationOrigin": [ -0.3997, -1.0, -0.0014 ],
											"rotationX": 1.0,
											"rotationY": 5.0,
											"rotationZ": -11.0,
											"faces": {
												"north": { "texture": "#plume", "uv": [ 0.0, 34.0, 0.5, 36.0 ] },
												"east": { "texture": "#plume", "uv": [ 0.5, 34.0, 2.5, 36.0 ] },
												"south": { "texture": "#plume", "uv": [ 2.5, 34.0, 3.0, 36.0 ] },
												"west": { "texture": "#plume", "uv": [ 3.0, 34.0, 5.0, 36.0 ] },
												"up": { "texture": "#plume", "uv": [ 0.0, 32.0, 0.5, 34.0 ] },
												"down": { "texture": "#plume", "uv": [ 0.5, 32.0, 1.0, 34.0 ] }
											}
										}
									]
								},
								{
									"name": "Cube36",
									"from": [ 2.32, -4.4086, -0.7647 ],
									"to": [ 2.62, -0.9086, 0.8353 ],
									"uv": [ 0.5, 33.5 ],
									"rotationOrigin": [ 3.136, -3.8062, -0.7687 ],
									"rotationX": 178.0,
									"rotationY": -8.0,
									"rotationZ": 171.0,
									"faces": {
										"north": { "texture": "#plume", "uv": [ 0.5, 35.0, 1.0, 38.5 ] },
										"east": { "texture": "#plume", "uv": [ 1.0, 35.0, 2.5, 38.5 ] },
										"south": { "texture": "#plume", "uv": [ 2.5, 35.0, 3.0, 38.5 ] },
										"west": { "texture": "#plume", "uv": [ 3.0, 35.0, 4.5, 38.5 ] },
										"up": { "texture": "#plume", "uv": [ 0.5, 33.5, 1.0, 35.0 ] },
										"down": { "texture": "#plume", "uv": [ 1.0, 33.5, 1.5, 35.0 ] }
									},
									"children": [
										{
											"name": "Cube37",
											"from": [ -0.2, -2.3, 0.0 ],
											"to": [ 0.1, 0.0, 1.6 ],
											"uv": [ 1.0, 31.0 ],
											"rotationOrigin": [ 0.6979, -1.6976, -0.004 ],
											"rotationY": -3.0,
											"rotationZ": -8.0,
											"faces": {
												"north": { "texture": "#plume", "uv": [ 1.0, 32.5, 1.5, 34.5 ] },
												"east": { "texture": "#plume", "uv": [ 1.5, 32.5, 3.0, 34.5 ] },
												"south": { "texture": "#plume", "uv": [ 3.0, 32.5, 3.5, 34.5 ] },
												"west": { "texture": "#plume", "uv": [ 3.5, 32.5, 5.0, 34.5 ] },
												"up": { "texture": "#plume", "uv": [ 1.0, 31.0, 1.5, 32.5 ] },
												"down": { "texture": "#plume", "uv": [ 1.5, 31.0, 2.0, 32.5 ] }
											}
										}
									]
								},
								{
									"name": "Cube39",
									"from": [ 2.12, -4.2, -0.8965 ],
									"to": [ 2.42, -0.7, 0.9035 ],
									"uv": [ 6.0, 30.0 ],
									"rotationOrigin": [ 2.9864, -3.6, 0.7035 ],
									"rotationX": 180.0,
									"rotationY": 10.0,
									"rotationZ": 172.0,
									"faces": {
										"north": { "texture": "#plume", "uv": [ 6.0, 31.5, 6.5, 35.0 ] },
										"east": { "texture": "#plume", "uv": [ 6.5, 31.5, 8.0, 35.0 ] },
										"south": { "texture": "#plume", "uv": [ 8.0, 31.5, 8.5, 35.0 ] },
										"west": { "texture": "#plume", "uv": [ 8.5, 31.5, 10.0, 35.0 ] },
										"up": { "texture": "#plume", "uv": [ 6.0, 30.0, 6.5, 31.5 ] },
										"down": { "texture": "#plume", "uv": [ 6.5, 30.0, 7.0, 31.5 ] }
									},
									"children": [
										{
											"name": "Cube40",
											"from": [ -0.0321, -2.4081, 0.0 ],
											"to": [ 0.2679, -0.0081, 1.8 ],
											"uv": [ 2.0, 32.0 ],
											"rotationOrigin": [ 0.8679, -1.8081, 1.6 ],
											"rotationX": -0.4201,
											"rotationY": 5.9853,
											"rotationZ": -1.978,
											"faces": {
												"north": { "texture": "#plume", "uv": [ 2.0, 33.5, 2.5, 35.5 ] },
												"east": { "texture": "#plume", "uv": [ 2.5, 33.5, 4.0, 35.5 ] },
												"south": { "texture": "#plume", "uv": [ 4.0, 33.5, 4.5, 35.5 ] },
												"west": { "texture": "#plume", "uv": [ 4.5, 33.5, 6.0, 35.5 ] },
												"up": { "texture": "#plume", "uv": [ 2.0, 32.0, 2.5, 33.5 ] },
												"down": { "texture": "#plume", "uv": [ 2.5, 32.0, 3.0, 33.5 ] }
											}
										}
									]
								},
								{
									"name": "Cube42",
									"from": [ 4.15, -4.9, -1.9 ],
									"to": [ 4.45, -1.0, -0.6 ],
									"uv": [ 4.0, 30.0 ],
									"rotationOrigin": [ 4.1, -4.2, -1.9 ],
									"rotationX": 179.9999,
									"rotationY": -11.0,
									"rotationZ": 170.0,
									"faces": {
										"north": { "texture": "#plume", "uv": [ 4.0, 31.0, 4.5, 34.5 ] },
										"east": { "texture": "#plume", "uv": [ 4.5, 31.0, 5.5, 34.5 ] },
										"south": { "texture": "#plume", "uv": [ 5.5, 31.0, 6.0, 34.5 ] },
										"west": { "texture": "#plume", "uv": [ 6.0, 31.0, 7.0, 34.5 ] },
										"up": { "texture": "#plume", "uv": [ 4.0, 30.0, 4.5, 31.0 ] },
										"down": { "texture": "#plume", "uv": [ 4.5, 30.0, 5.0, 31.0 ] }
									},
									"children": [
										{
											"name": "Cube43",
											"from": [ -0.2, -1.5, -0.1 ],
											"to": [ 0.1, 0.5, 1.5 ],
											"uv": [ 2.0, 34.0 ],
											"rotationOrigin": [ -0.2, -0.8, -0.1 ],
											"rotationY": -1.0,
											"rotationZ": -13.0,
											"faces": {
												"north": { "texture": "#plume", "uv": [ 2.0, 35.5, 2.5, 37.5 ] },
												"east": { "texture": "#plume", "uv": [ 2.5, 35.5, 4.0, 37.5 ] },
												"south": { "texture": "#plume", "uv": [ 4.0, 35.5, 4.5, 37.5 ] },
												"west": { "texture": "#plume", "uv": [ 4.5, 35.5, 6.0, 37.5 ] },
												"up": { "texture": "#plume", "uv": [ 2.0, 34.0, 2.5, 35.5 ] },
												"down": { "texture": "#plume", "uv": [ 2.5, 34.0, 3.0, 35.5 ] }
											}
										}
									]
								},
								{
									"name": "Cube44",
									"from": [ 3.53, -4.9, -3.3 ],
									"to": [ 3.83, -0.9, -2.0 ],
									"uv": [ 0.0, 36.0 ],
									"rotationOrigin": [ 3.5636, -4.2, -3.3021 ],
									"rotationX": -174.621,
									"rotationY": -77.9,
									"rotationZ": 173.89,
									"faces": {
										"north": { "texture": "#plume", "uv": [ 0.0, 37.0, 0.5, 41.0 ] },
										"east": { "texture": "#plume", "uv": [ 0.5, 37.0, 1.5, 41.0 ] },
										"south": { "texture": "#plume", "uv": [ 1.5, 37.0, 2.0, 41.0 ] },
										"west": { "texture": "#plume", "uv": [ 2.0, 37.0, 3.0, 41.0 ] },
										"up": { "texture": "#plume", "uv": [ 0.0, 36.0, 0.5, 37.0 ] },
										"down": { "texture": "#plume", "uv": [ 0.5, 36.0, 1.0, 37.0 ] }
									},
									"children": [
										{
											"name": "Cube45",
											"from": [ -0.2, -1.5, -0.1 ],
											"to": [ 0.1, 0.5, 1.3 ],
											"uv": [ 0.0, 34.0 ],
											"rotationOrigin": [ -0.2, -0.8, -0.1 ],
											"rotationY": -1.0,
											"rotationZ": -13.0,
											"faces": {
												"north": { "texture": "#plume", "uv": [ 0.0, 35.0, 0.5, 37.0 ] },
												"east": { "texture": "#plume", "uv": [ 0.5, 35.0, 1.5, 37.0 ] },
												"south": { "texture": "#plume", "uv": [ 1.5, 35.0, 2.0, 37.0 ] },
												"west": { "texture": "#plume", "uv": [ 2.0, 35.0, 3.0, 37.0 ] },
												"up": { "texture": "#plume", "uv": [ 0.0, 34.0, 0.5, 35.0 ] },
												"down": { "texture": "#plume", "uv": [ 0.5, 34.0, 1.0, 35.0 ] }
											}
										}
									]
								},
								{
									"name": "Cube29",
									"from": [ 0.8001, -5.0, -3.4 ],
									"to": [ 1.1001, -0.9, -1.4 ],
									"uv": [ 0.0, 33.5 ],
									"rotationOrigin": [ 0.8004, -4.3, -3.4014 ],
									"rotationY": -87.0,
									"rotationZ": -7.0,
									"faces": {
										"north": { "texture": "#plume", "uv": [ 0.0, 35.5, 0.5, 39.5 ] },
										"east": { "texture": "#plume", "uv": [ 0.5, 35.5, 2.5, 39.5 ] },
										"south": { "texture": "#plume", "uv": [ 2.5, 35.5, 3.0, 39.5 ] },
										"west": { "texture": "#plume", "uv": [ 3.0, 35.5, 5.0, 39.5 ] },
										"up": { "texture": "#plume", "uv": [ 0.0, 33.5, 0.5, 35.5 ] },
										"down": { "texture": "#plume", "uv": [ 0.5, 33.5, 1.0, 35.5 ] }
									},
									"children": [
										{
											"name": "Cube30",
											"from": [ -0.4, -1.7, 0.0 ],
											"to": [ -0.1, 0.7, 2.0 ],
											"uv": [ 0.0, 31.0 ],
											"rotationOrigin": [ -0.3997, -1.0, -0.0014 ],
											"rotationX": 1.0,
											"rotationY": 5.0,
											"rotationZ": -11.0,
											"faces": {
												"north": { "texture": "#plume", "uv": [ 0.0, 33.0, 0.5, 35.0 ] },
												"east": { "texture": "#plume", "uv": [ 0.5, 33.0, 2.5, 35.0 ] },
												"south": { "texture": "#plume", "uv": [ 2.5, 33.0, 3.0, 35.0 ] },
												"west": { "texture": "#plume", "uv": [ 3.0, 33.0, 5.0, 35.0 ] },
												"up": { "texture": "#plume", "uv": [ 0.0, 31.0, 0.5, 33.0 ] },
												"down": { "texture": "#plume", "uv": [ 0.5, 31.0, 1.0, 33.0 ] }
											}
										}
									]
								},
								{
									"name": "Cube49",
									"from": [ -0.04, -4.3, -3.98 ],
									"to": [ 0.36, -1.1, -2.18 ],
									"uv": [ 2.0, 31.0 ],
									"rotationOrigin": [ 0.8553, -3.7, -2.3796 ],
									"rotationX": 176.0,
									"rotationY": -85.0,
									"rotationZ": 171.0,
									"faces": {
										"north": { "texture": "#plume", "uv": [ 2.0, 32.5, 2.5, 35.5 ] },
										"east": { "texture": "#plume", "uv": [ 2.5, 32.5, 4.0, 35.5 ] },
										"south": { "texture": "#plume", "uv": [ 4.0, 32.5, 4.5, 35.5 ] },
										"west": { "texture": "#plume", "uv": [ 4.5, 32.5, 6.0, 35.5 ] },
										"up": { "texture": "#plume", "uv": [ 2.0, 31.0, 2.5, 32.5 ] },
										"down": { "texture": "#plume", "uv": [ 2.5, 31.0, 3.0, 32.5 ] }
									},
									"children": [
										{
											"name": "Cube50",
											"from": [ -0.33, -2.41, 0.0 ],
											"to": [ -0.03, -0.01, 1.8 ],
											"uv": [ 0.5, 32.5 ],
											"rotationOrigin": [ 0.5679, -1.8081, 1.6 ],
											"rotationX": -0.4201,
											"rotationY": 5.9853,
											"rotationZ": -9.98,
											"faces": {
												"north": { "texture": "#plume", "uv": [ 0.5, 34.0, 1.0, 36.0 ] },
												"east": { "texture": "#plume", "uv": [ 1.0, 34.0, 2.5, 36.0 ] },
												"south": { "texture": "#plume", "uv": [ 2.5, 34.0, 3.0, 36.0 ] },
												"west": { "texture": "#plume", "uv": [ 3.0, 34.0, 4.5, 36.0 ] },
												"up": { "texture": "#plume", "uv": [ 0.5, 32.5, 1.0, 34.0 ] },
												"down": { "texture": "#plume", "uv": [ 1.0, 32.5, 1.5, 34.0 ] }
											}
										}
									]
								}
							]
						}
					]
				},
				{
					"name": "ArmorNeck1",
					"from": [ 1.5492, -5.6701, 1.3 ],
					"to": [ 5.1492, -3.8701, 4.9 ],
					"unwrapMode": 4,
					"uv": [ 5.5, 26.5 ],
					"rotationOrigin": [ 1.5492, -3.6701, 1.3 ],
					"rotationZ": 7.0,
					"faces": {
						"north": { "texture": "#templarhead", "uv": [ 5.5, 26.5, 9.0, 28.0 ] },
						"east": { "texture": "#templarhead", "uv": [ 16.0, 26.5, 19.5, 28.0 ] },
						"south": { "texture": "#templarhead", "uv": [ 12.5, 26.5, 16.0, 28.0 ] },
						"west": { "texture": "#templarhead", "uv": [ 9.0, 26.5, 12.5, 28.0 ] }
					}
				},
				{
					"name": "InnerCowl",
					"from": [ 0.3, -3.2, 0.2 ],
					"to": [ 6.4, 0.6, 6.1 ],
					"autoUnwrap": false,
					"uv": [ 53.5, 46.0 ],
					"rotationOrigin": [ 0.3, -3.2, 0.2 ],
					"faces": {
						"north": { "texture": "#templarhead", "uv": [ 53.5, 51.5, 59.5, 55.0 ] },
						"east": { "texture": "#templarhead", "uv": [ 57.5, 51.5, 63.0, 55.0 ] },
						"south": { "texture": "#templarhead", "uv": [ 56.0, 51.5, 62.0, 55.0 ], "autoUv": false, "windMode": [-1,-1,-1,-1], "windData": [1,1,1,1] },
						"west": { "texture": "#templarhead", "uv": [ 56.0, 51.5, 61.5, 55.0 ], "windMode": [-1,-1,-1,-1], "windData": [1,1,1,1] },
						"up": { "texture": "#templarhead", "uv": [ 53.5, 44.0, 59.5, 49.5 ], "windMode": [-1,-1,-1,-1], "windData": [1,1,1,1] },
						"down": { "texture": "#templarhead", "uv": [ 57.0, 44.0, 63.0, 49.5 ], "windMode": [-1,-1,-1,-1], "windData": [1,1,1,1] }
					}
				}
			]
		}
	]}