{
	"editor": {
		"backDropShape": "D:/Hry/Vintagestory120/assets/game/shapes/entity/humanoid/seraph-hairless",
		"collapsedPaths": "Root/SideDecorationCrown/CrownFront,Root/ArmorHelmet/PlumeP3/Plume22,Root/ArmorHelmet/SideDecorationCrown/CrownBack,Root/ArmorHelmet/TopDecorationLion/leg2/legdown2,Root/ArmorHelmet/TopDecorationLion/hand2,Root/ArmorHelmet/TopDecorationLion/hand1,Root/ArmorHelmet/SideDecorationCrown/CrownRight,Root/SideDecorationCrown,Root/ArmorHelmet/Plume/Plume12,Root/ArmorHelmet/ArmorNose,Root/ArmorHelmet/TopDecorationLion/hand1/forearm1,Root/ArmorHelmet/lining,Root/TopDecorationLion/hand1,Root/ArmorHelmet/TopDecorationLion/Tail,Root/ArmorHelmet/SideDecorationCrown/CrownLeft,Root/ArmorHelmet/HeadDecCrownBase,Root/TopDecorationLion/hand2,Root/TopDecorationLion/Head,Root/ArmorHelmet/Plume/Plume4,Root/ArmorHelmet/Plume/Plume3,Root/ArmorHelmet/HeadDecCrownBase/CrownBack,Root/ArmorHelmet/TopDecorationLion/leg2,Root/ArmorHelmet/TopDecorationLion/leg1,Root/ArmorHelmet/Plume/Plume21,Root/ArmorHelmet/FaceCoverR1/WreathCenter/Cube29,Root/TopDecorationLion/leg2,Root/ArmorHelmet/TopDecorationLion/hand2/forearm2,Root/ArmorHelmet/TopDecorationLion/Head,Root/ArmorHelmet/SideDecorationCrown/CrownFront,Root/ArmorHelmet/PlumeP2,Root/ArmorHelmet/TopDecorationLion/Bottomtop,Root/ArmorHelmet/Plume/Plume3/Plume4,Root/TopDecorationLion,Root/ArmorHelmet/TopDecorationLion/Head/Nose,Root/ArmorHelmet/HeadDecCrownBase/CrownFront3,Root/SideDecorationCrown/CrownRight,Root/ArmorHelmet/Plume/Plume21/Plume22,Root/ArmorHelmet/HeadDecCrownBase/CrownFront4,Root/ArmorHelmet/PlumeP1/Plume4,Root/ArmorHelmet/TopDecorationLion/leg1/legdown1,Root/ArmorHelmet/WreathCenter,Root/ArmorHelmet/HeadDecCrownBase/CrownLeft,Root/ArmorHelmet/HeadDecCrownBase/CrownFront2,Root/ArmorHelmet/Fin,Root/ArmorHelmet/Hinge1,Root/ArmorHelmet/HeadDecCrownBase/CrownFront,Root/ArmorHelmet/Hinge4,Root/SideDecorationCrown/CrownLeft,Root/ArmorHelmet/HeadDecCrownBase/CrownRight,Root/ArmorHelmet/HeadDecCrownBase/CrownRight2,Root/ArmorHelmet/PlumeBase,Root/SideDecorationCrown/CrownFront4,Root/SideDecorationCrown/CrownFront3,Root/SideDecorationCrown/CrownFront2",
		"allAngles": true,
		"entityTextureMode": true
	},
	"textureWidth": 64,
	"textureHeight": 64,
	"textureSizes": {
	},
	"textures": {
	},
	"elements": [
		{
			"name": "ArmorHelmet",
			"stepParentName": "Head",
			"from": [ -0.3, 3.9, -0.6 ],
			"to": [ 6.3, 5.9, 5.7 ],
			"autoUnwrap": false,
			"uv": [ 27.0, 14.0 ],
			"rotationOrigin": [ -0.3, 3.9, -0.6 ],
			"faces": {
				"north": { "texture": "#templarhead", "uv": [ 26.5, 24.5, 33.0, 26.5 ], "windMode": [-1,-1,-1,-1], "windData": [1,1,1,1] },
				"east": { "texture": "#templarhead", "uv": [ 45.5, 24.5, 51.5, 26.5 ], "windMode": [-1,-1,-1,-1], "windData": [0,0,0,0] },
				"south": { "texture": "#templarhead", "uv": [ 38.5, 24.5, 45.0, 26.5 ], "windMode": [-1,-1,-1,-1], "windData": [1,1,1,1] },
				"west": { "texture": "#templarhead", "uv": [ 33.0, 26.5, 39.0, 28.5 ], "windMode": [-1,-1,-1,-1], "windData": [1,1,1,1] },
				"up": { "texture": "#templarhead", "uv": [ 33.0, 20.5, 39.0, 27.0 ], "rotation": 90, "windMode": [-1,-1,-1,-1], "windData": [1,1,1,1] },
				"down": { "texture": "#templarhead", "uv": [ 33.0, 26.0, 39.0, 32.5 ], "rotation": 90, "windMode": [-1,-1,-1,-1], "windData": [1,1,1,1] }
			},
			"children": [
				{
					"name": "ArmorHelmetTop",
					"from": [ 0.5, 2.0, 0.5 ],
					"to": [ 6.1, 2.2, 5.8 ],
					"unwrapMode": 4,
					"autoUnwrap": false,
					"uv": [ 23.5, 7.5 ],
					"rotationOrigin": [ 0.5, 2.0, 0.5 ],
					"faces": {
						"north": { "texture": "#templarhead", "uv": [ 33.5, 16.0, 39.0, 16.5 ], "windMode": [-1,-1,-1,-1], "windData": [1,1,1,1] },
						"east": { "texture": "#templarhead", "uv": [ 34.0, 16.0, 39.0, 16.5 ], "windMode": [-1,-1,-1,-1], "windData": [1,1,1,1] },
						"south": { "texture": "#templarhead", "uv": [ 33.0, 16.0, 38.5, 16.5 ], "windMode": [-1,-1,-1,-1], "windData": [1,1,1,1] },
						"west": { "texture": "#templarhead", "uv": [ 33.5, 19.5, 38.5, 20.0 ], "windMode": [-1,-1,-1,-1], "windData": [1,1,1,1] },
						"up": { "texture": "#templarhead", "uv": [ 33.5, 14.5, 38.5, 20.0 ], "rotation": 90, "windMode": [-1,-1,-1,-1], "windData": [1,1,1,1] }
					}
				},
				{
					"name": "FaceMask1",
					"from": [ -0.4, -1.1, 3.1 ],
					"to": [ 0.1, 0.2, 6.1 ],
					"autoUnwrap": false,
					"uv": [ 10.0, 12.0 ],
					"rotationOrigin": [ -0.4, -1.1, 3.1 ],
					"rotationY": 5.0,
					"rotationZ": -10.0,
					"faces": {
						"north": { "texture": "#templarhead", "uv": [ 23.0, 28.5, 23.5, 29.5 ] },
						"east": { "texture": "#templarhead", "uv": [ 22.0, 29.5, 25.0, 30.5 ] },
						"south": { "texture": "#templarhead", "uv": [ 22.5, 28.5, 23.0, 29.5 ] },
						"west": { "texture": "#templarhead", "uv": [ 42.5, 33.5, 47.0, 36.0 ], "autoUv": false },
						"up": { "texture": "#templarhead", "uv": [ 23.0, 28.0, 23.5, 31.0 ] },
						"down": { "texture": "#templarhead", "uv": [ 23.0, 28.0, 23.5, 31.0 ] }
					}
				},
				{
					"name": "FaceMask2",
					"from": [ -0.4, -1.1, 0.1 ],
					"to": [ 0.1, 0.2, 3.1 ],
					"autoUnwrap": false,
					"uv": [ 12.0, 3.5 ],
					"rotationOrigin": [ -0.4, -1.1, 3.3 ],
					"rotationY": -5.0,
					"rotationZ": -10.0,
					"faces": {
						"north": { "texture": "#templarhead", "uv": [ 23.0, 29.0, 23.5, 30.0 ] },
						"east": { "texture": "#templarhead", "uv": [ 22.0, 28.5, 25.0, 29.5 ] },
						"south": { "texture": "#templarhead", "uv": [ 22.5, 28.5, 23.0, 29.5 ] },
						"west": { "texture": "#templarhead", "uv": [ 40.0, 33.5, 45.0, 36.0 ], "autoUv": false },
						"up": { "texture": "#templarhead", "uv": [ 22.5, 28.0, 23.0, 31.0 ] },
						"down": { "texture": "#templarhead", "uv": [ 23.5, 27.5, 24.0, 30.5 ] }
					}
				},
				{
					"name": "FaceMask3",
					"from": [ -0.4, -2.4, 0.3 ],
					"to": [ 0.1, -1.1, 3.1 ],
					"autoUnwrap": false,
					"uv": [ 7.5, 5.0 ],
					"rotationOrigin": [ -0.4, -2.4, 3.5 ],
					"rotationY": -5.0,
					"faces": {
						"north": { "texture": "#templarhead", "uv": [ 22.5, 27.5, 23.0, 28.5 ] },
						"east": { "texture": "#templarhead", "uv": [ 22.0, 28.0, 24.5, 29.0 ] },
						"south": { "texture": "#templarhead", "uv": [ 22.5, 28.0, 23.0, 29.0 ] },
						"west": { "texture": "#templarhead", "uv": [ 30.5, 33.5, 35.5, 35.5 ], "autoUv": false },
						"up": { "texture": "#templarhead", "uv": [ 23.0, 27.0, 23.5, 29.5 ] },
						"down": { "texture": "#templarhead", "uv": [ 23.0, 27.5, 23.5, 30.0 ] }
					}
				},
				{
					"name": "FaceMask4",
					"from": [ -0.38, -2.4, 3.1 ],
					"to": [ 0.12, -1.1, 5.9 ],
					"autoUnwrap": false,
					"uv": [ 18.5, 22.0 ],
					"rotationOrigin": [ -0.4, -2.4, 3.1 ],
					"rotationY": 5.0,
					"rotationZ": 1.0,
					"faces": {
						"north": { "texture": "#templarhead", "uv": [ 22.0, 29.5, 22.5, 30.5 ] },
						"east": { "texture": "#templarhead", "uv": [ 22.0, 30.0, 24.5, 31.0 ] },
						"south": { "texture": "#templarhead", "uv": [ 22.0, 29.5, 22.5, 30.5 ] },
						"west": { "texture": "#templarhead", "uv": [ 33.5, 33.5, 38.5, 35.5 ], "autoUv": false, "windMode": [-1,-1,-1,-1], "windData": [1,1,1,1] },
						"up": { "texture": "#templarhead", "uv": [ 21.5, 28.5, 22.0, 31.0 ] },
						"down": { "texture": "#templarhead", "uv": [ 22.0, 28.5, 22.5, 31.0 ] }
					}
				},
				{
					"name": "FaceMask5",
					"from": [ -0.13, -3.7, 3.1 ],
					"to": [ 0.37, -2.4, 5.8 ],
					"autoUnwrap": false,
					"uv": [ 19.0, 15.5 ],
					"rotationOrigin": [ -0.1, -3.7, 3.1 ],
					"rotationY": 5.0,
					"rotationZ": 10.0,
					"faces": {
						"north": { "texture": "#templarhead", "uv": [ 22.5, 29.0, 23.0, 30.0 ] },
						"east": { "texture": "#templarhead", "uv": [ 22.5, 30.0, 25.0, 31.0 ] },
						"south": { "texture": "#templarhead", "uv": [ 22.5, 29.0, 23.0, 30.0 ] },
						"west": { "texture": "#templarhead", "uv": [ 34.0, 35.5, 39.0, 38.5 ], "autoUv": false },
						"up": { "texture": "#templarhead", "uv": [ 23.0, 28.5, 23.5, 31.0 ] },
						"down": { "texture": "#templarhead", "uv": [ 23.0, 27.5, 23.5, 30.0 ] }
					}
				},
				{
					"name": "FaceMask6",
					"from": [ -0.15, -3.7, 0.4 ],
					"to": [ 0.35, -2.4, 3.1 ],
					"autoUnwrap": false,
					"uv": [ 22.0, 13.0 ],
					"rotationOrigin": [ -0.1, -3.7, 3.6 ],
					"rotationY": -5.0,
					"rotationZ": 10.0,
					"faces": {
						"north": { "texture": "#templarhead", "uv": [ 22.5, 30.0, 23.0, 31.0 ] },
						"east": { "texture": "#templarhead", "uv": [ 21.5, 30.5, 24.0, 31.5 ] },
						"south": { "texture": "#templarhead", "uv": [ 23.0, 30.0, 23.5, 31.0 ] },
						"west": { "texture": "#templarhead", "uv": [ 30.0, 35.5, 35.0, 38.5 ], "autoUv": false },
						"up": { "texture": "#templarhead", "uv": [ 22.0, 29.5, 22.5, 32.0 ] },
						"down": { "texture": "#templarhead", "uv": [ 22.5, 29.5, 23.0, 32.0 ] }
					}
				},
				{
					"name": "FaceCoverL1",
					"from": [ 0.01, -2.3, 5.8 ],
					"to": [ 1.41, 0.3, 6.2 ],
					"uv": [ 28.5, 20.5 ],
					"rotationOrigin": [ 0.0, -3.3, 5.8 ],
					"faces": {
						"north": { "texture": "#templarhead", "uv": [ 28.5, 21.0, 29.5, 23.5 ] },
						"east": { "texture": "#templarhead", "uv": [ 29.5, 21.0, 30.0, 23.5 ] },
						"south": { "texture": "#templarhead", "uv": [ 30.0, 21.0, 31.0, 23.5 ] },
						"west": { "texture": "#templarhead", "uv": [ 31.0, 21.0, 31.5, 23.5 ] },
						"up": { "texture": "#templarhead", "uv": [ 28.5, 20.5, 29.5, 21.0 ] },
						"down": { "texture": "#templarhead", "uv": [ 29.5, 20.5, 30.5, 21.0 ] }
					},
					"children": [
						{
							"name": "FaceCoverL2",
							"from": [ 0.5069, -1.3907, -0.12 ],
							"to": [ 1.9069, 0.2093, 0.28 ],
							"uv": [ 40.0, 24.5 ],
							"rotationOrigin": [ 0.5069, -1.3907, -0.1209 ],
							"rotationX": 2.9995,
							"rotationY": 0.0523,
							"rotationZ": 17.9986,
							"faces": {
								"north": { "texture": "#templarhead", "uv": [ 40.0, 25.0, 41.0, 26.5 ] },
								"east": { "texture": "#templarhead", "uv": [ 41.0, 25.0, 41.5, 26.5 ] },
								"south": { "texture": "#templarhead", "uv": [ 41.5, 25.0, 42.5, 26.5 ] },
								"west": { "texture": "#templarhead", "uv": [ 42.5, 25.0, 43.0, 26.5 ] },
								"up": { "texture": "#templarhead", "uv": [ 40.0, 24.5, 41.0, 25.0 ] },
								"down": { "texture": "#templarhead", "uv": [ 41.0, 24.5, 42.0, 25.0 ] }
							}
						}
					]
				},
				{
					"name": "FaceCoverR1",
					"from": [ 0.0, -2.3, 0.2 ],
					"to": [ 1.4, 0.3, 0.6 ],
					"uv": [ 41.0, 20.5 ],
					"rotationOrigin": [ 0.0, -3.3, 0.2 ],
					"rotationX": -3.0,
					"rotationZ": -1.0,
					"faces": {
						"north": { "texture": "#templarhead", "uv": [ 41.0, 21.0, 42.0, 23.5 ] },
						"east": { "texture": "#templarhead", "uv": [ 42.0, 21.0, 42.5, 23.5 ] },
						"south": { "texture": "#templarhead", "uv": [ 42.5, 21.0, 43.5, 23.5 ] },
						"west": { "texture": "#templarhead", "uv": [ 43.5, 21.0, 44.0, 23.5 ] },
						"up": { "texture": "#templarhead", "uv": [ 41.0, 20.5, 42.0, 21.0 ] },
						"down": { "texture": "#templarhead", "uv": [ 42.0, 20.5, 43.0, 21.0 ] }
					},
					"children": [
						{
							"name": "FaceCoverR2",
							"from": [ 0.5069, -1.3907, -0.1 ],
							"to": [ 1.9069, 0.2093, 0.3 ],
							"uv": [ 31.0, 24.5 ],
							"rotationOrigin": [ 0.5069, -1.3907, -0.0209 ],
							"rotationX": 2.9995,
							"rotationY": 0.0523,
							"rotationZ": 17.9986,
							"faces": {
								"north": { "texture": "#templarhead", "uv": [ 31.0, 25.0, 32.0, 26.5 ] },
								"east": { "texture": "#templarhead", "uv": [ 32.0, 25.0, 32.5, 26.5 ] },
								"south": { "texture": "#templarhead", "uv": [ 32.5, 25.0, 33.5, 26.5 ] },
								"west": { "texture": "#templarhead", "uv": [ 33.5, 25.0, 34.0, 26.5 ] },
								"up": { "texture": "#templarhead", "uv": [ 31.0, 24.5, 32.0, 25.0 ] },
								"down": { "texture": "#templarhead", "uv": [ 32.0, 24.5, 33.0, 25.0 ] }
							}
						}
					]
				},
				{
					"name": "ArmorNeck1",
					"from": [ 1.5492, -5.6701, 1.3 ],
					"to": [ 5.1492, -3.8701, 4.9 ],
					"unwrapMode": 4,
					"uv": [ 5.5, 26.5 ],
					"rotationOrigin": [ 1.5492, -3.6701, 1.3 ],
					"rotationZ": 7.0,
					"faces": {
						"north": { "texture": "#templarhead", "uv": [ 5.5, 26.5, 9.0, 28.0 ] },
						"east": { "texture": "#templarhead", "uv": [ 16.0, 26.5, 19.5, 28.0 ] },
						"south": { "texture": "#templarhead", "uv": [ 12.5, 26.5, 16.0, 28.0 ] },
						"west": { "texture": "#templarhead", "uv": [ 9.0, 26.5, 12.5, 28.0 ] }
					}
				},
				{
					"name": "InnerCowl",
					"from": [ 0.3, -3.2, 0.2 ],
					"to": [ 6.4, 0.6, 6.1 ],
					"autoUnwrap": false,
					"uv": [ 53.5, 46.0 ],
					"rotationOrigin": [ 0.3, -3.2, 0.2 ],
					"faces": {
						"north": { "texture": "#templarhead", "uv": [ 44.5, 51.0, 50.5, 54.5 ] },
						"east": { "texture": "#templarhead", "uv": [ 48.0, 51.0, 53.5, 54.5 ] },
						"south": { "texture": "#templarhead", "uv": [ 44.5, 49.0, 50.5, 52.5 ], "autoUv": false, "windMode": [-1,-1,-1,-1], "windData": [1,1,1,1] },
						"west": { "texture": "#templarhead", "uv": [ 48.0, 49.0, 53.5, 52.5 ], "windMode": [-1,-1,-1,-1], "windData": [1,1,1,1] },
						"up": { "texture": "#templarhead", "uv": [ 47.5, 44.0, 53.5, 49.5 ], "windMode": [-1,-1,-1,-1], "windData": [1,1,1,1] },
						"down": { "texture": "#templarhead", "uv": [ 44.5, 44.0, 50.5, 49.5 ], "windMode": [-1,-1,-1,-1], "windData": [1,1,1,1] }
					}
				},
				{
					"name": "Plume",
					"from": [ 0.3, -3.2, 0.2 ],
					"to": [ 0.3, -3.2, 0.2 ],
					"autoUnwrap": false,
					"uv": [ 53.5, 46.0 ],
					"rotationOrigin": [ 0.3, -3.2, 0.2 ],
					"faces": {
						"north": { "texture": "#plume", "uv": [ 44.5, 51.0, 45.0, 51.5 ] },
						"east": { "texture": "#plume", "uv": [ 48.0, 51.0, 48.5, 51.5 ] },
						"south": { "texture": "#plume", "uv": [ 44.5, 49.0, 50.5, 52.5 ], "autoUv": false, "windMode": [-1,-1,-1,-1], "windData": [1,1,1,1] },
						"west": { "texture": "#plume", "uv": [ 48.0, 49.0, 48.5, 49.5 ], "windMode": [-1,-1,-1,-1], "windData": [1,1,1,1] },
						"up": { "texture": "#plume", "uv": [ 47.5, 44.0, 48.0, 44.5 ], "windMode": [-1,-1,-1,-1], "windData": [1,1,1,1] },
						"down": { "texture": "#plume", "uv": [ 44.5, 44.0, 45.0, 44.5 ], "windMode": [-1,-1,-1,-1], "windData": [1,1,1,1] }
					}
				}
			]
		}
	]}