{
	"editor": {
		"backDropShape": "entity/humanoid/kobold",
		"allAngles": false,
		"entityTextureMode": false
	},
	"textureWidth": 8,
	"textureHeight": 8,
	"textureSizes": {
		"gold-waist-chain": [8, 8]
	},
	"textures": {
		"gold-waist-chain": "entity/humanoid/seraphclothes/waist/gold-waist-chain"
	},
	"elements": [
		{
			"name": "Waist",
			"stepParentName": "LowerTorso",
			"from": [ -0.2, 0.0, -0.3 ], 
			"to": [ 5.2, 0.5, 6.3 ], 
			"rotationOrigin": [ 2.8, 0.0, 2.9 ],
			"faces": {
				"north": { "reflectiveMode": 4, "texture": "#gold-waist-chain", "uv": [ 1.0, 0.0, 6.0, 0.5 ] },
				"east": { "reflectiveMode": 4, "texture": "#gold-waist-chain", "uv": [ 1.0, 1.0, 7.5, 1.5 ] },
				"south": { "reflectiveMode": 4, "texture": "#gold-waist-chain", "uv": [ 2.0, 0.5, 7.0, 1.0 ] },
				"west": { "reflectiveMode": 4, "texture": "#gold-waist-chain", "uv": [ 0.5, 0.5, 7.0, 1.0 ] },
				"up": { "reflectiveMode": 4, "texture": "#gold-waist-chain", "uv": [ 0.0, 0.5, 5.0, 7.0 ] },
				"down": { "reflectiveMode": 4, "texture": "#gold-waist-chain", "uv": [ 0.0, 0.5, 5.0, 7.0 ] }
			},
			"children": [
				{
					"name": "Gem",
					"from": [ -0.2, -0.3, 2.8 ], 
					"to": [ 0.3, 0.7, 3.8 ], 
					"rotationOrigin": [ -0.2, -0.3, 3.3 ],
					"faces": {
						"north": { "reflectiveMode": 4, "texture": "#gold-waist-chain", "uv": [ 0.0, 0.0, 0.5, 1.0 ], "enabled": false },
						"east": { "reflectiveMode": 4, "texture": "#gold-waist-chain", "uv": [ 0.0, 0.0, 1.0, 1.0 ], "enabled": false },
						"south": { "reflectiveMode": 4, "texture": "#gold-waist-chain", "uv": [ 0.0, 0.0, 0.5, 1.0 ], "enabled": false },
						"west": { "reflectiveMode": 4, "texture": "#gold-waist-chain", "uv": [ 7.0, 2.5, 8.0, 3.5 ] },
						"up": { "reflectiveMode": 4, "texture": "#gold-waist-chain", "uv": [ 0.0, 0.0, 0.5, 1.0 ], "enabled": false },
						"down": { "reflectiveMode": 4, "texture": "#gold-waist-chain", "uv": [ 0.0, 0.0, 0.5, 1.0 ], "enabled": false }
					},
					"children": [
						{
							"name": "frametop",
							"from": [ -0.2, 1.0, 0.0 ], 
							"to": [ 0.5, 2.0, 1.0 ], 
							"rotationOrigin": [ -0.2, 1.0, 0.0 ],
							"faces": {
								"north": { "reflectiveMode": 4, "texture": "#gold-waist-chain", "uv": [ 0.0, 0.0, 0.5, 1.0 ] },
								"east": { "reflectiveMode": 4, "texture": "#gold-waist-chain", "uv": [ 2.0, 0.0, 3.0, 1.0 ], "enabled": false },
								"south": { "reflectiveMode": 4, "texture": "#gold-waist-chain", "uv": [ 6.0, 0.0, 6.5, 1.0 ] },
								"west": { "reflectiveMode": 4, "texture": "#gold-waist-chain", "uv": [ 5.5, 0.5, 6.5, 1.5 ] },
								"up": { "reflectiveMode": 4, "texture": "#gold-waist-chain", "uv": [ 5.0, 0.0, 5.5, 1.0 ] },
								"down": { "reflectiveMode": 4, "texture": "#gold-waist-chain", "uv": [ 4.5, 0.5, 5.0, 1.5 ] }
							}
						},
						{
							"name": "framebottom",
							"from": [ -0.2, -1.0, 0.0 ], 
							"to": [ 0.5, 0.0, 1.0 ], 
							"rotationOrigin": [ -0.2, -1.0, 0.0 ],
							"faces": {
								"north": { "reflectiveMode": 4, "texture": "#gold-waist-chain", "uv": [ 0.0, 0.0, 0.5, 1.0 ] },
								"east": { "reflectiveMode": 4, "texture": "#gold-waist-chain", "uv": [ 2.0, 0.0, 3.0, 1.0 ], "enabled": false },
								"south": { "reflectiveMode": 4, "texture": "#gold-waist-chain", "uv": [ 5.0, 0.5, 5.5, 1.5 ] },
								"west": { "reflectiveMode": 4, "texture": "#gold-waist-chain", "uv": [ 4.5, 0.5, 5.5, 1.5 ] },
								"up": { "reflectiveMode": 4, "texture": "#gold-waist-chain", "uv": [ 5.0, 0.0, 5.5, 1.0 ] },
								"down": { "reflectiveMode": 4, "texture": "#gold-waist-chain", "uv": [ 4.5, 0.5, 5.0, 1.5 ] }
							}
						},
						{
							"name": "frameleft",
							"from": [ -0.2, -0.5, -0.5 ], 
							"to": [ 0.5, 1.5, 0.0 ], 
							"rotationOrigin": [ -0.2, -0.5, -0.5 ],
							"faces": {
								"north": { "reflectiveMode": 4, "texture": "#gold-waist-chain", "uv": [ 4.0, 2.0, 4.5, 4.0 ] },
								"east": { "reflectiveMode": 4, "texture": "#gold-waist-chain", "uv": [ 4.0, 2.0, 4.5, 4.0 ], "enabled": false },
								"south": { "reflectiveMode": 4, "texture": "#gold-waist-chain", "uv": [ 0.0, 4.0, 0.5, 6.0 ] },
								"west": { "reflectiveMode": 4, "texture": "#gold-waist-chain", "uv": [ 4.0, 4.0, 4.5, 6.0 ] },
								"up": { "reflectiveMode": 4, "texture": "#gold-waist-chain", "uv": [ 4.5, 0.5, 5.0, 1.0 ] },
								"down": { "reflectiveMode": 4, "texture": "#gold-waist-chain", "uv": [ 3.0, 0.0, 3.5, 0.5 ] }
							}
						},
						{
							"name": "frameright",
							"from": [ -0.2, -0.5, 1.0 ], 
							"to": [ 0.5, 1.5, 1.5 ], 
							"rotationOrigin": [ -0.2, -0.5, 1.0 ],
							"faces": {
								"north": { "reflectiveMode": 4, "texture": "#gold-waist-chain", "uv": [ 4.0, 4.5, 4.5, 6.5 ] },
								"east": { "reflectiveMode": 4, "texture": "#gold-waist-chain", "uv": [ 4.0, 2.0, 4.5, 4.0 ], "enabled": false },
								"south": { "reflectiveMode": 4, "texture": "#gold-waist-chain", "uv": [ 4.0, 5.0, 4.5, 7.0 ] },
								"west": { "reflectiveMode": 4, "texture": "#gold-waist-chain", "uv": [ 4.5, 2.0, 5.0, 4.0 ] },
								"up": { "reflectiveMode": 4, "texture": "#gold-waist-chain", "uv": [ 4.5, 0.5, 5.0, 1.0 ] },
								"down": { "reflectiveMode": 4, "texture": "#gold-waist-chain", "uv": [ 3.0, 0.0, 3.5, 0.5 ] }
							}
						}
					]
				},
				{
					"name": "chain",
					"from": [ 0.0, -3.0, 1.0 ], 
					"to": [ 0.5, 0.0, 1.5 ], 
					"rotationOrigin": [ 0.0, 0.0, 1.2 ],
					"rotationZ": -7.0,
					"faces": {
						"north": { "reflectiveMode": 4, "texture": "#gold-waist-chain", "uv": [ 4.0, 2.5, 4.5, 5.5 ] },
						"east": { "reflectiveMode": 4, "texture": "#gold-waist-chain", "uv": [ 0.0, 0.0, 0.5, 3.0 ], "enabled": false },
						"south": { "reflectiveMode": 4, "texture": "#gold-waist-chain", "uv": [ 4.0, 2.5, 4.5, 5.5 ] },
						"west": { "reflectiveMode": 4, "texture": "#gold-waist-chain", "uv": [ 4.5, 4.0, 5.0, 7.0 ] },
						"up": { "reflectiveMode": 4, "texture": "#gold-waist-chain", "uv": [ 0.0, 0.0, 0.5, 0.5 ], "enabled": false },
						"down": { "reflectiveMode": 4, "texture": "#gold-waist-chain", "uv": [ 4.5, 4.5, 5.0, 5.0 ] }
					}
				},
				{
					"name": "chain8",
					"from": [ 0.0, -3.0, 5.1 ], 
					"to": [ 0.5, 0.0, 5.6 ], 
					"rotationOrigin": [ 0.0, 0.0, 5.3 ],
					"rotationZ": -7.0,
					"faces": {
						"north": { "reflectiveMode": 4, "texture": "#gold-waist-chain", "uv": [ 4.0, 2.5, 4.5, 5.5 ] },
						"east": { "reflectiveMode": 4, "texture": "#gold-waist-chain", "uv": [ 0.0, 0.0, 0.5, 3.0 ], "enabled": false },
						"south": { "reflectiveMode": 4, "texture": "#gold-waist-chain", "uv": [ 4.0, 2.5, 4.5, 5.5 ] },
						"west": { "reflectiveMode": 4, "texture": "#gold-waist-chain", "uv": [ 4.5, 0.5, 5.0, 3.5 ] },
						"up": { "reflectiveMode": 4, "texture": "#gold-waist-chain", "uv": [ 0.0, 0.0, 0.5, 0.5 ], "enabled": false },
						"down": { "reflectiveMode": 4, "texture": "#gold-waist-chain", "uv": [ 4.5, 4.5, 5.0, 5.0 ] }
					}
				},
				{
					"name": "chain9",
					"from": [ 4.9, -3.0, 5.1 ], 
					"to": [ 5.4, 0.0, 5.6 ], 
					"rotationOrigin": [ 4.9, 0.0, 5.3 ],
					"rotationZ": 5.0,
					"faces": {
						"north": { "reflectiveMode": 4, "texture": "#gold-waist-chain", "uv": [ 4.0, 2.5, 4.5, 5.5 ] },
						"east": { "reflectiveMode": 4, "texture": "#gold-waist-chain", "uv": [ 0.0, 3.0, 0.5, 6.0 ] },
						"south": { "reflectiveMode": 4, "texture": "#gold-waist-chain", "uv": [ 4.0, 2.5, 4.5, 5.5 ] },
						"west": { "reflectiveMode": 4, "texture": "#gold-waist-chain", "uv": [ 4.5, 0.5, 5.0, 3.5 ], "enabled": false },
						"up": { "reflectiveMode": 4, "texture": "#gold-waist-chain", "uv": [ 0.0, 0.0, 0.5, 0.5 ], "enabled": false },
						"down": { "reflectiveMode": 4, "texture": "#gold-waist-chain", "uv": [ 4.5, 4.5, 5.0, 5.0 ] }
					}
				},
				{
					"name": "chain10",
					"from": [ 4.9, -3.0, 1.0 ], 
					"to": [ 5.4, 0.0, 1.5 ], 
					"rotationOrigin": [ 4.9, 0.0, 1.2 ],
					"rotationZ": 5.0,
					"faces": {
						"north": { "reflectiveMode": 4, "texture": "#gold-waist-chain", "uv": [ 4.0, 4.0, 4.5, 7.0 ] },
						"east": { "reflectiveMode": 4, "texture": "#gold-waist-chain", "uv": [ 0.0, 1.0, 0.5, 4.0 ] },
						"south": { "reflectiveMode": 4, "texture": "#gold-waist-chain", "uv": [ 4.0, 1.0, 4.5, 4.0 ] },
						"west": { "reflectiveMode": 4, "texture": "#gold-waist-chain", "uv": [ 4.5, 0.5, 5.0, 3.5 ], "enabled": false },
						"up": { "reflectiveMode": 4, "texture": "#gold-waist-chain", "uv": [ 0.0, 0.0, 0.5, 0.5 ], "enabled": false },
						"down": { "reflectiveMode": 4, "texture": "#gold-waist-chain", "uv": [ 4.5, 4.5, 5.0, 5.0 ] }
					}
				},
				{
					"name": "chain11",
					"from": [ 4.9, -3.0, 4.1 ], 
					"to": [ 5.4, 0.0, 4.6 ], 
					"rotationOrigin": [ 4.9, 0.0, 4.3 ],
					"rotationZ": 5.0,
					"faces": {
						"north": { "reflectiveMode": 4, "texture": "#gold-waist-chain", "uv": [ 4.0, 4.0, 4.5, 7.0 ] },
						"east": { "reflectiveMode": 4, "texture": "#gold-waist-chain", "uv": [ 0.0, 1.0, 0.5, 4.0 ] },
						"south": { "reflectiveMode": 4, "texture": "#gold-waist-chain", "uv": [ 4.0, 1.0, 4.5, 4.0 ] },
						"west": { "reflectiveMode": 4, "texture": "#gold-waist-chain", "uv": [ 4.5, 0.5, 5.0, 3.5 ], "enabled": false },
						"up": { "reflectiveMode": 4, "texture": "#gold-waist-chain", "uv": [ 0.0, 0.0, 0.5, 0.5 ], "enabled": false },
						"down": { "reflectiveMode": 4, "texture": "#gold-waist-chain", "uv": [ 4.5, 4.5, 5.0, 5.0 ] }
					}
				},
				{
					"name": "chain12",
					"from": [ 4.9, -3.0, 2.0 ], 
					"to": [ 5.4, 0.0, 2.5 ], 
					"rotationOrigin": [ 4.9, 0.0, 2.2 ],
					"rotationZ": 5.0,
					"faces": {
						"north": { "reflectiveMode": 4, "texture": "#gold-waist-chain", "uv": [ 4.0, 2.5, 4.5, 5.5 ] },
						"east": { "reflectiveMode": 4, "texture": "#gold-waist-chain", "uv": [ 0.0, 3.0, 0.5, 6.0 ] },
						"south": { "reflectiveMode": 4, "texture": "#gold-waist-chain", "uv": [ 4.0, 2.5, 4.5, 5.5 ] },
						"west": { "reflectiveMode": 4, "texture": "#gold-waist-chain", "uv": [ 4.5, 0.5, 5.0, 3.5 ], "enabled": false },
						"up": { "reflectiveMode": 4, "texture": "#gold-waist-chain", "uv": [ 0.0, 0.0, 0.5, 0.5 ], "enabled": false },
						"down": { "reflectiveMode": 4, "texture": "#gold-waist-chain", "uv": [ 4.5, 4.5, 5.0, 5.0 ] }
					}
				},
				{
					"name": "chain13",
					"from": [ 4.9, -4.0, 3.0 ], 
					"to": [ 5.4, 0.0, 3.5 ], 
					"rotationOrigin": [ 4.9, 0.0, 3.2 ],
					"rotationZ": 5.0,
					"faces": {
						"north": { "reflectiveMode": 4, "texture": "#gold-waist-chain", "uv": [ 4.0, 2.5, 4.5, 6.5 ] },
						"east": { "reflectiveMode": 4, "texture": "#gold-waist-chain", "uv": [ 0.0, 1.0, 0.5, 5.0 ] },
						"south": { "reflectiveMode": 4, "texture": "#gold-waist-chain", "uv": [ 4.0, 2.5, 4.5, 6.5 ] },
						"west": { "reflectiveMode": 4, "texture": "#gold-waist-chain", "uv": [ 4.5, 0.5, 5.0, 4.5 ], "enabled": false },
						"up": { "reflectiveMode": 4, "texture": "#gold-waist-chain", "uv": [ 0.0, 0.0, 0.5, 0.5 ], "enabled": false },
						"down": { "reflectiveMode": 4, "texture": "#gold-waist-chain", "uv": [ 4.5, 4.5, 5.0, 5.0 ] }
					}
				},
				{
					"name": "chain14",
					"from": [ 0.5, -3.0, 0.0 ], 
					"to": [ 1.0, 0.0, 0.5 ], 
					"rotationOrigin": [ 0.7, 0.0, 0.1 ],
					"rotationX": 7.0,
					"faces": {
						"north": { "reflectiveMode": 4, "texture": "#gold-waist-chain", "uv": [ 0.0, 2.5, 0.5, 5.5 ] },
						"east": { "reflectiveMode": 4, "texture": "#gold-waist-chain", "uv": [ 0.5, 3.0, 1.0, 6.0 ] },
						"south": { "reflectiveMode": 4, "texture": "#gold-waist-chain", "uv": [ 0.0, 0.0, 0.5, 3.0 ], "enabled": false },
						"west": { "reflectiveMode": 4, "texture": "#gold-waist-chain", "uv": [ 4.0, 3.0, 4.5, 6.0 ] },
						"up": { "reflectiveMode": 4, "texture": "#gold-waist-chain", "uv": [ 0.0, 1.0, 0.5, 1.5 ], "enabled": false },
						"down": { "reflectiveMode": 4, "texture": "#gold-waist-chain", "uv": [ 0.0, 0.0, 0.5, 0.5 ] }
					}
				},
				{
					"name": "chain15",
					"from": [ 4.3, -3.0, 0.0 ], 
					"to": [ 4.8, 0.0, 0.5 ], 
					"rotationOrigin": [ 4.5, 0.0, 0.1 ],
					"rotationX": 5.0,
					"faces": {
						"north": { "reflectiveMode": 4, "texture": "#gold-waist-chain", "uv": [ 0.0, 0.5, 0.5, 3.5 ] },
						"east": { "reflectiveMode": 4, "texture": "#gold-waist-chain", "uv": [ 0.0, 1.5, 0.5, 4.5 ] },
						"south": { "reflectiveMode": 4, "texture": "#gold-waist-chain", "uv": [ 0.0, 0.0, 0.5, 3.0 ], "enabled": false },
						"west": { "reflectiveMode": 4, "texture": "#gold-waist-chain", "uv": [ 4.5, 1.0, 5.0, 4.0 ] },
						"up": { "reflectiveMode": 4, "texture": "#gold-waist-chain", "uv": [ 0.0, 1.0, 0.5, 1.5 ], "enabled": false },
						"down": { "reflectiveMode": 4, "texture": "#gold-waist-chain", "uv": [ 0.0, 0.0, 0.5, 0.5 ] }
					}
				},
				{
					"name": "chain16",
					"from": [ 3.3, -3.0, 0.0 ], 
					"to": [ 3.8, 0.0, 0.5 ], 
					"rotationOrigin": [ 3.5, 0.0, 0.1 ],
					"rotationX": 7.0,
					"faces": {
						"north": { "reflectiveMode": 4, "texture": "#gold-waist-chain", "uv": [ 4.0, 2.0, 4.5, 5.0 ] },
						"east": { "reflectiveMode": 4, "texture": "#gold-waist-chain", "uv": [ 0.0, 1.5, 0.5, 4.5 ] },
						"south": { "reflectiveMode": 4, "texture": "#gold-waist-chain", "uv": [ 0.0, 0.0, 0.5, 3.0 ], "enabled": false },
						"west": { "reflectiveMode": 4, "texture": "#gold-waist-chain", "uv": [ 4.5, 1.0, 5.0, 4.0 ] },
						"up": { "reflectiveMode": 4, "texture": "#gold-waist-chain", "uv": [ 0.0, 1.0, 0.5, 1.5 ], "enabled": false },
						"down": { "reflectiveMode": 4, "texture": "#gold-waist-chain", "uv": [ 0.0, 0.0, 0.5, 0.5 ] }
					}
				},
				{
					"name": "chain17",
					"from": [ 1.6, -3.0, 0.0 ], 
					"to": [ 2.1, 0.0, 0.5 ], 
					"rotationOrigin": [ 1.8, 0.0, 0.1 ],
					"rotationX": 7.0,
					"faces": {
						"north": { "reflectiveMode": 4, "texture": "#gold-waist-chain", "uv": [ 4.5, 3.5, 5.0, 6.5 ] },
						"east": { "reflectiveMode": 4, "texture": "#gold-waist-chain", "uv": [ 0.0, 1.5, 0.5, 4.5 ] },
						"south": { "reflectiveMode": 4, "texture": "#gold-waist-chain", "uv": [ 0.0, 0.0, 0.5, 3.0 ], "enabled": false },
						"west": { "reflectiveMode": 4, "texture": "#gold-waist-chain", "uv": [ 4.5, 1.0, 5.0, 4.0 ] },
						"up": { "reflectiveMode": 4, "texture": "#gold-waist-chain", "uv": [ 0.0, 1.0, 0.5, 1.5 ], "enabled": false },
						"down": { "reflectiveMode": 4, "texture": "#gold-waist-chain", "uv": [ 0.0, 0.0, 0.5, 0.5 ] }
					}
				},
				{
					"name": "chain18",
					"from": [ 3.3, -3.0, 6.1 ], 
					"to": [ 3.8, 0.0, 6.6 ], 
					"rotationOrigin": [ 3.5, 0.0, 6.2 ],
					"rotationX": -7.0,
					"faces": {
						"north": { "reflectiveMode": 4, "texture": "#gold-waist-chain", "uv": [ 4.0, 2.0, 4.5, 5.0 ], "enabled": false },
						"east": { "reflectiveMode": 4, "texture": "#gold-waist-chain", "uv": [ 0.0, 1.5, 0.5, 4.5 ] },
						"south": { "reflectiveMode": 4, "texture": "#gold-waist-chain", "uv": [ 0.0, 0.0, 0.5, 3.0 ] },
						"west": { "reflectiveMode": 4, "texture": "#gold-waist-chain", "uv": [ 4.5, 1.0, 5.0, 4.0 ] },
						"up": { "reflectiveMode": 4, "texture": "#gold-waist-chain", "uv": [ 0.0, 1.0, 0.5, 1.5 ], "enabled": false },
						"down": { "reflectiveMode": 4, "texture": "#gold-waist-chain", "uv": [ 0.0, 0.0, 0.5, 0.5 ] }
					}
				},
				{
					"name": "chain19",
					"from": [ 4.3, -3.0, 6.1 ], 
					"to": [ 4.8, 0.0, 6.6 ], 
					"rotationOrigin": [ 4.5, 0.0, 6.2 ],
					"rotationX": -7.0,
					"faces": {
						"north": { "reflectiveMode": 4, "texture": "#gold-waist-chain", "uv": [ 4.0, 2.0, 4.5, 5.0 ], "enabled": false },
						"east": { "reflectiveMode": 4, "texture": "#gold-waist-chain", "uv": [ 0.0, 1.5, 0.5, 4.5 ] },
						"south": { "reflectiveMode": 4, "texture": "#gold-waist-chain", "uv": [ 0.0, 2.5, 0.5, 5.5 ] },
						"west": { "reflectiveMode": 4, "texture": "#gold-waist-chain", "uv": [ 5.0, 3.5, 5.5, 6.5 ] },
						"up": { "reflectiveMode": 4, "texture": "#gold-waist-chain", "uv": [ 0.0, 1.0, 0.5, 1.5 ], "enabled": false },
						"down": { "reflectiveMode": 4, "texture": "#gold-waist-chain", "uv": [ 0.0, 0.0, 0.5, 0.5 ] }
					}
				},
				{
					"name": "chain20",
					"from": [ 1.6, -3.0, 6.1 ], 
					"to": [ 2.1, 0.0, 6.6 ], 
					"rotationOrigin": [ 1.8, 0.0, 6.2 ],
					"rotationX": -7.0,
					"faces": {
						"north": { "reflectiveMode": 4, "texture": "#gold-waist-chain", "uv": [ 4.0, 2.0, 4.5, 5.0 ], "enabled": false },
						"east": { "reflectiveMode": 4, "texture": "#gold-waist-chain", "uv": [ 0.0, 1.5, 0.5, 4.5 ] },
						"south": { "reflectiveMode": 4, "texture": "#gold-waist-chain", "uv": [ 0.0, 2.5, 0.5, 5.5 ] },
						"west": { "reflectiveMode": 4, "texture": "#gold-waist-chain", "uv": [ 5.0, 3.5, 5.5, 6.5 ] },
						"up": { "reflectiveMode": 4, "texture": "#gold-waist-chain", "uv": [ 0.0, 1.0, 0.5, 1.5 ], "enabled": false },
						"down": { "reflectiveMode": 4, "texture": "#gold-waist-chain", "uv": [ 0.0, 0.0, 0.5, 0.5 ] }
					}
				},
				{
					"name": "chain21",
					"from": [ 0.6, -3.0, 6.1 ], 
					"to": [ 1.1, 0.0, 6.6 ], 
					"rotationOrigin": [ 0.8, 0.0, 6.2 ],
					"rotationX": -7.0,
					"faces": {
						"north": { "reflectiveMode": 4, "texture": "#gold-waist-chain", "uv": [ 4.0, 2.0, 4.5, 5.0 ], "enabled": false },
						"east": { "reflectiveMode": 4, "texture": "#gold-waist-chain", "uv": [ 0.0, 1.0, 0.5, 4.0 ] },
						"south": { "reflectiveMode": 4, "texture": "#gold-waist-chain", "uv": [ 4.5, 4.0, 5.0, 7.0 ] },
						"west": { "reflectiveMode": 4, "texture": "#gold-waist-chain", "uv": [ 4.5, 2.0, 5.0, 5.0 ] },
						"up": { "reflectiveMode": 4, "texture": "#gold-waist-chain", "uv": [ 0.0, 1.0, 0.5, 1.5 ], "enabled": false },
						"down": { "reflectiveMode": 4, "texture": "#gold-waist-chain", "uv": [ 5.5, 0.5, 6.0, 1.0 ] }
					}
				}
			]
		}
	]}