{
	"editor": {
		"backDropShape": "F:/Games/VSDEV/assets/game/shapes/entity/humanoid/seraph-hairless",
		"allAngles": true,
		"entityTextureMode": false
	},
	"textureWidth": 16,
	"textureHeight": 16,
	"textureSizes": {
	},
	"textures": {
		"pelt": "block/cloth/pelt",
		"gold": "block/metal/tarnished/gold",
		"silver": "block/metal/tarnished/silver"
	},
	"elements": [
		{
			"name": "waist",
			"stepParentName": "LowerTorso",
			"from": [ 0.0, 2.0, 0.0 ],
			"to": [ 5.0, 3.0, 6.0 ],
			"rotationOrigin": [ 3.0, 2.0, 3.0 ],
			"faces": {
			},
			"children": [
				{
					"name": "W",
					"from": [ -0.3, 0.0, 0.0 ],
					"to": [ 0.0, 1.0, 6.3 ],
					"faces": {
						"east": { "texture": "#pelt", "uv": [ 8.0, 12.5, 14.0, 13.5 ] },
						"south": { "texture": "#pelt", "uv": [ 8.5, 2.0, 9.0, 3.0 ] },
						"west": { "texture": "#pelt", "uv": [ 1.0, 8.0, 7.0, 9.0 ] },
						"up": { "texture": "#pelt", "uv": [ 3.0, 8.0, 3.5, 14.0 ] },
						"down": { "texture": "#pelt", "uv": [ 12.0, 7.0, 12.5, 13.0 ] }
					},
					"children": [
						{
							"name": "E",
							"from": [ 5.3, 0.0, -0.3 ],
							"to": [ 5.6, 1.0, 6.0 ],
							"rotationOrigin": [ 5.3, 0.0, 0.0 ],
							"faces": {
								"north": { "texture": "#pelt", "uv": [ 0.5, 0.5, 1.0, 1.5 ] },
								"east": { "texture": "#pelt", "uv": [ 8.5, 8.0, 14.5, 9.0 ] },
								"west": { "texture": "#pelt", "uv": [ 7.5, 8.5, 13.5, 9.5 ] },
								"up": { "texture": "#pelt", "uv": [ 12.5, 2.5, 13.0, 8.5 ] },
								"down": { "texture": "#pelt", "uv": [ 11.0, 4.5, 11.5, 10.5 ] }
							},
							"children": [
								{
									"name": "plate11",
									"from": [ 0.3, 0.1, 0.0 ],
									"to": [ 0.4, 0.9, 0.8 ],
									"rotationOrigin": [ 0.3, 0.5, 0.4 ],
									"faces": {
										"north": { "texture": "#gold", "uv": [ 3.0, 7.0, 3.5, 7.5 ] },
										"east": { "texture": "#gold", "uv": [ 12.0, 14.5, 12.5, 15.0 ] },
										"south": { "texture": "#gold", "uv": [ 5.5, 5.5, 6.0, 6.0 ] },
										"up": { "texture": "#gold", "uv": [ 1.5, 15.0, 2.0, 15.5 ] },
										"down": { "texture": "#gold", "uv": [ 9.5, 13.0, 10.0, 13.5 ] }
									}
								},
								{
									"name": "plate12",
									"from": [ 0.3, 0.1, 0.9 ],
									"to": [ 0.4, 0.9, 1.7 ],
									"rotationOrigin": [ 0.3, 0.5, 1.3 ],
									"faces": {
										"north": { "texture": "#gold", "uv": [ 4.0, 4.5, 4.5, 5.0 ] },
										"east": { "texture": "#gold", "uv": [ 9.0, 4.0, 9.5, 4.5 ] },
										"south": { "texture": "#gold", "uv": [ 10.5, 9.5, 11.0, 10.0 ] },
										"up": { "texture": "#gold", "uv": [ 9.0, 8.5, 9.5, 9.0 ] },
										"down": { "texture": "#gold", "uv": [ 6.5, 6.5, 7.0, 7.0 ] }
									}
								},
								{
									"name": "plate13",
									"from": [ 0.3, 0.1, 1.8 ],
									"to": [ 0.4, 0.9, 2.6 ],
									"rotationOrigin": [ 0.3, 0.5, 2.2 ],
									"faces": {
										"north": { "texture": "#gold", "uv": [ 2.5, 10.0, 3.0, 10.5 ] },
										"east": { "texture": "#gold", "uv": [ 0.5, 7.0, 1.0, 7.5 ] },
										"south": { "texture": "#gold", "uv": [ 14.5, 4.5, 15.0, 5.0 ] },
										"up": { "texture": "#gold", "uv": [ 15.0, 10.5, 15.5, 11.0 ] },
										"down": { "texture": "#gold", "uv": [ 0.0, 9.5, 0.5, 10.0 ] }
									}
								},
								{
									"name": "plate14",
									"from": [ 0.3, 0.1, 2.7 ],
									"to": [ 0.4, 0.9, 3.5 ],
									"rotationOrigin": [ 0.3, 0.5, 3.1 ],
									"faces": {
										"north": { "texture": "#gold", "uv": [ 10.5, 1.0, 11.0, 1.5 ] },
										"east": { "texture": "#gold", "uv": [ 12.0, 12.5, 12.5, 13.0 ] },
										"south": { "texture": "#gold", "uv": [ 9.0, 5.0, 9.5, 5.5 ] },
										"up": { "texture": "#gold", "uv": [ 4.5, 6.0, 5.0, 6.5 ] },
										"down": { "texture": "#gold", "uv": [ 2.5, 12.0, 3.0, 12.5 ] }
									}
								},
								{
									"name": "plate15",
									"from": [ 0.3, 0.1, 3.6 ],
									"to": [ 0.4, 0.9, 4.4 ],
									"rotationOrigin": [ 0.3, 0.5, 4.0 ],
									"faces": {
										"north": { "texture": "#gold", "uv": [ 6.0, 13.0, 6.5, 13.5 ] },
										"east": { "texture": "#gold", "uv": [ 10.0, 4.0, 10.5, 4.5 ] },
										"south": { "texture": "#gold", "uv": [ 2.0, 4.0, 2.5, 4.5 ] },
										"up": { "texture": "#gold", "uv": [ 3.0, 0.5, 3.5, 1.0 ] },
										"down": { "texture": "#gold", "uv": [ 3.5, 2.5, 4.0, 3.0 ] }
									}
								},
								{
									"name": "plate16",
									"from": [ 0.3, 0.1, 4.5 ],
									"to": [ 0.4, 0.9, 5.3 ],
									"rotationOrigin": [ 0.3, 0.5, 4.9 ],
									"faces": {
										"north": { "texture": "#gold", "uv": [ 6.0, 1.5, 6.5, 2.0 ] },
										"east": { "texture": "#gold", "uv": [ 10.5, 13.5, 11.0, 14.0 ] },
										"south": { "texture": "#gold", "uv": [ 12.0, 12.0, 12.5, 12.5 ] },
										"up": { "texture": "#gold", "uv": [ 11.5, 5.5, 12.0, 6.0 ] },
										"down": { "texture": "#gold", "uv": [ 8.0, 13.0, 8.5, 13.5 ] }
									}
								},
								{
									"name": "plate17",
									"from": [ 0.3, 0.1, 5.4 ],
									"to": [ 0.4, 0.9, 6.2 ],
									"rotationOrigin": [ 0.3, 0.5, 5.8 ],
									"faces": {
										"north": { "texture": "#gold", "uv": [ 6.0, 15.0, 6.5, 15.5 ] },
										"east": { "texture": "#gold", "uv": [ 14.0, 2.0, 14.5, 2.5 ] },
										"south": { "texture": "#gold", "uv": [ 7.0, 1.0, 7.5, 1.5 ] },
										"up": { "texture": "#gold", "uv": [ 1.5, 1.5, 2.0, 2.0 ] },
										"down": { "texture": "#gold", "uv": [ 2.0, 3.5, 2.5, 4.0 ] }
									}
								},
								{
									"name": "plate18",
									"from": [ 0.3, 0.1, 6.3 ],
									"to": [ 0.4, 0.9, 6.7 ],
									"rotationOrigin": [ 0.3, 0.5, 6.6 ],
									"faces": {
										"north": { "texture": "#gold", "uv": [ 10.5, 11.5, 11.0, 12.0 ] },
										"east": { "texture": "#gold", "uv": [ 14.5, 11.0, 15.0, 11.5 ] },
										"south": { "texture": "#gold", "uv": [ 4.5, 12.0, 5.0, 12.5 ] },
										"up": { "texture": "#gold", "uv": [ 6.0, 2.0, 6.5, 2.5 ] },
										"down": { "texture": "#gold", "uv": [ 1.5, 2.0, 2.0, 2.5 ] }
									},
									"children": [
										{
											"name": "Cube2",
											"from": [ -0.4, 0.0, 0.3 ],
											"to": [ 0.0, 0.8, 0.4 ],
											"rotationOrigin": [ -0.2, 0.0, 0.4 ],
											"faces": {
												"north": { "texture": "#gold", "uv": [ 11.5, 2.5, 12.0, 3.0 ] },
												"east": { "texture": "#gold", "uv": [ 1.0, 10.5, 1.5, 11.0 ] },
												"south": { "texture": "#gold", "uv": [ 14.5, 3.5, 15.0, 4.0 ] },
												"west": { "texture": "#gold", "uv": [ 0.0, 6.5, 0.5, 7.0 ] },
												"up": { "texture": "#gold", "uv": [ 9.0, 12.0, 9.5, 12.5 ] },
												"down": { "texture": "#gold", "uv": [ 14.5, 12.5, 15.0, 13.0 ] }
											}
										}
									]
								}
							]
						},
						{
							"name": "N",
							"from": [ 0.0, 0.0, -0.3 ],
							"to": [ 5.3, 1.0, 0.0 ],
							"faces": {
								"north": { "texture": "#pelt", "uv": [ 2.5, 6.5, 7.5, 7.5 ] },
								"south": { "texture": "#pelt", "uv": [ 6.0, 12.0, 11.0, 13.0 ] },
								"west": { "texture": "#pelt", "uv": [ 6.0, 4.0, 6.5, 5.0 ] },
								"up": { "texture": "#pelt", "uv": [ 8.0, 5.5, 13.0, 6.0 ] },
								"down": { "texture": "#pelt", "uv": [ 0.0, 10.5, 5.0, 11.0 ] }
							},
							"children": [
								{
									"name": "plate5",
									"from": [ 0.1, 0.1, -0.1 ],
									"to": [ 0.9, 0.9, 0.0 ],
									"rotationOrigin": [ 0.5, 0.5, -0.1 ],
									"faces": {
										"north": { "texture": "#gold", "uv": [ 10.5, 10.0, 11.0, 10.5 ] },
										"east": { "texture": "#gold", "uv": [ 2.0, 12.0, 2.5, 12.5 ] },
										"west": { "texture": "#gold", "uv": [ 1.0, 6.0, 1.5, 6.5 ] },
										"up": { "texture": "#gold", "uv": [ 4.0, 1.0, 4.5, 1.5 ] },
										"down": { "texture": "#gold", "uv": [ 2.0, 9.0, 2.5, 9.5 ] }
									}
								},
								{
									"name": "plate6",
									"from": [ 1.0, 0.1, -0.1 ],
									"to": [ 1.8, 0.9, 0.0 ],
									"rotationOrigin": [ 1.4, 0.5, -0.1 ],
									"faces": {
										"north": { "texture": "#gold", "uv": [ 4.0, 1.0, 4.5, 1.5 ] },
										"east": { "texture": "#gold", "uv": [ 13.5, 10.0, 14.0, 10.5 ] },
										"west": { "texture": "#gold", "uv": [ 7.5, 6.0, 8.0, 6.5 ] },
										"up": { "texture": "#gold", "uv": [ 6.5, 4.5, 7.0, 5.0 ] },
										"down": { "texture": "#gold", "uv": [ 11.5, 3.0, 12.0, 3.5 ] }
									}
								},
								{
									"name": "plate7",
									"from": [ 1.9, 0.1, -0.1 ],
									"to": [ 2.7, 0.9, 0.0 ],
									"rotationOrigin": [ 2.3, 0.5, -0.1 ],
									"faces": {
										"north": { "texture": "#gold", "uv": [ 10.0, 1.0, 10.5, 1.5 ] },
										"east": { "texture": "#gold", "uv": [ 14.0, 5.5, 14.5, 6.0 ] },
										"west": { "texture": "#gold", "uv": [ 13.5, 12.0, 14.0, 12.5 ] },
										"up": { "texture": "#gold", "uv": [ 1.5, 14.0, 2.0, 14.5 ] },
										"down": { "texture": "#gold", "uv": [ 14.0, 9.5, 14.5, 10.0 ] }
									}
								},
								{
									"name": "plate8",
									"from": [ 2.8, 0.1, -0.1 ],
									"to": [ 3.6, 0.9, 0.0 ],
									"rotationOrigin": [ 3.2, 0.5, -0.1 ],
									"faces": {
										"north": { "texture": "#gold", "uv": [ 4.5, 8.0, 5.0, 8.5 ] },
										"east": { "texture": "#gold", "uv": [ 1.0, 10.5, 1.5, 11.0 ] },
										"west": { "texture": "#gold", "uv": [ 6.5, 7.0, 7.0, 7.5 ] },
										"up": { "texture": "#gold", "uv": [ 9.0, 1.5, 9.5, 2.0 ] },
										"down": { "texture": "#gold", "uv": [ 10.5, 0.5, 11.0, 1.0 ] }
									}
								},
								{
									"name": "plate9",
									"from": [ 3.7, 0.1, -0.1 ],
									"to": [ 4.5, 0.9, 0.0 ],
									"rotationOrigin": [ 4.1, 0.5, -0.1 ],
									"faces": {
										"north": { "texture": "#gold", "uv": [ 13.0, 4.5, 13.5, 5.0 ] },
										"east": { "texture": "#gold", "uv": [ 6.5, 8.0, 7.0, 8.5 ] },
										"west": { "texture": "#gold", "uv": [ 1.0, 2.0, 1.5, 2.5 ] },
										"up": { "texture": "#gold", "uv": [ 8.5, 14.0, 9.0, 14.5 ] },
										"down": { "texture": "#gold", "uv": [ 9.5, 10.5, 10.0, 11.0 ] }
									}
								},
								{
									"name": "plate10",
									"from": [ 4.6, 0.1, -0.1 ],
									"to": [ 5.4, 0.9, 0.0 ],
									"rotationOrigin": [ 5.0, 0.5, -0.1 ],
									"faces": {
										"north": { "texture": "#gold", "uv": [ 2.5, 4.5, 3.0, 5.0 ] },
										"east": { "texture": "#gold", "uv": [ 4.5, 10.0, 5.0, 10.5 ] },
										"west": { "texture": "#gold", "uv": [ 0.5, 6.5, 1.0, 7.0 ] },
										"up": { "texture": "#gold", "uv": [ 4.5, 10.5, 5.0, 11.0 ] },
										"down": { "texture": "#gold", "uv": [ 1.5, 2.0, 2.0, 2.5 ] }
									}
								}
							]
						},
						{
							"name": "S",
							"from": [ 0.3, 0.0, 6.0 ],
							"to": [ 5.6, 1.0, 6.3 ],
							"rotationOrigin": [ 0.3, 0.0, 6.0 ],
							"faces": {
								"north": { "texture": "#pelt", "uv": [ 3.5, 11.5, 8.5, 12.5 ], "windMode": [-1,-1,-1,-1] },
								"east": { "texture": "#pelt", "uv": [ 0.0, 3.5, 0.5, 4.5 ] },
								"south": { "texture": "#pelt", "uv": [ 1.0, 2.0, 6.0, 3.0 ] },
								"up": { "texture": "#pelt", "uv": [ 6.5, 12.5, 11.5, 13.0 ] },
								"down": { "texture": "#pelt", "uv": [ 2.0, 4.5, 7.0, 5.0 ] }
							},
							"children": [
								{
									"name": "plate19",
									"from": [ 4.0, 0.1, 0.3 ],
									"to": [ 4.8, 0.9, 0.4 ],
									"rotationOrigin": [ 4.4, 0.5, 0.3 ],
									"faces": {
										"east": { "texture": "#gold", "uv": [ 12.0, 11.5, 12.5, 12.0 ] },
										"south": { "texture": "#gold", "uv": [ 4.5, 0.0, 5.0, 0.5 ] },
										"west": { "texture": "#gold", "uv": [ 14.5, 1.5, 15.0, 2.0 ] },
										"up": { "texture": "#gold", "uv": [ 0.0, 3.0, 0.5, 3.5 ] },
										"down": { "texture": "#gold", "uv": [ 5.0, 0.5, 5.5, 1.0 ] }
									}
								},
								{
									"name": "plate20",
									"from": [ 3.1, 0.1, 0.3 ],
									"to": [ 3.9, 0.9, 0.4 ],
									"rotationOrigin": [ 3.5, 0.5, 0.3 ],
									"faces": {
										"east": { "texture": "#gold", "uv": [ 2.0, 13.0, 2.5, 13.5 ] },
										"south": { "texture": "#gold", "uv": [ 11.5, 8.5, 12.0, 9.0 ] },
										"west": { "texture": "#gold", "uv": [ 11.0, 4.5, 11.5, 5.0 ] },
										"up": { "texture": "#gold", "uv": [ 1.5, 13.0, 2.0, 13.5 ] },
										"down": { "texture": "#gold", "uv": [ 3.0, 9.0, 3.5, 9.5 ] }
									}
								},
								{
									"name": "plate21",
									"from": [ 2.2, 0.1, 0.3 ],
									"to": [ 3.0, 0.9, 0.4 ],
									"rotationOrigin": [ 2.6, 0.5, 0.3 ],
									"faces": {
										"east": { "texture": "#gold", "uv": [ 2.0, 7.5, 2.5, 8.0 ] },
										"south": { "texture": "#gold", "uv": [ 1.0, 3.5, 1.5, 4.0 ] },
										"west": { "texture": "#gold", "uv": [ 10.0, 0.5, 10.5, 1.0 ] },
										"up": { "texture": "#gold", "uv": [ 0.5, 11.5, 1.0, 12.0 ] },
										"down": { "texture": "#gold", "uv": [ 12.0, 15.0, 12.5, 15.5 ] }
									}
								},
								{
									"name": "plate22",
									"from": [ 1.3, 0.1, 0.3 ],
									"to": [ 2.1, 0.9, 0.4 ],
									"rotationOrigin": [ 1.7, 0.5, 0.3 ],
									"faces": {
										"east": { "texture": "#gold", "uv": [ 5.5, 7.0, 6.0, 7.5 ] },
										"south": { "texture": "#gold", "uv": [ 5.0, 7.0, 5.5, 7.5 ] },
										"west": { "texture": "#gold", "uv": [ 11.5, 8.5, 12.0, 9.0 ] },
										"up": { "texture": "#gold", "uv": [ 9.5, 3.5, 10.0, 4.0 ] },
										"down": { "texture": "#gold", "uv": [ 11.5, 14.0, 12.0, 14.5 ] }
									}
								},
								{
									"name": "plate23",
									"from": [ 0.4, 0.1, 0.3 ],
									"to": [ 1.2, 0.9, 0.4 ],
									"rotationOrigin": [ 0.8, 0.5, 0.3 ],
									"faces": {
										"east": { "texture": "#gold", "uv": [ 14.0, 9.5, 14.5, 10.0 ] },
										"south": { "texture": "#gold", "uv": [ 3.5, 2.5, 4.0, 3.0 ] },
										"west": { "texture": "#gold", "uv": [ 4.0, 10.0, 4.5, 10.5 ] },
										"up": { "texture": "#gold", "uv": [ 10.5, 8.0, 11.0, 8.5 ] },
										"down": { "texture": "#gold", "uv": [ 15.0, 2.5, 15.5, 3.0 ] }
									}
								},
								{
									"name": "strap",
									"from": [ 0.4, -3.9, 0.0 ],
									"to": [ 1.4, 0.1, 0.3 ],
									"rotationOrigin": [ 0.4, 0.0, 0.3 ],
									"rotationX": -10.0,
									"faces": {
										"north": { "texture": "#pelt", "uv": [ 12.5, 11.0, 13.5, 15.0 ] },
										"east": { "texture": "#pelt", "uv": [ 4.0, 5.5, 4.5, 9.5 ] },
										"south": { "texture": "#pelt", "uv": [ 14.0, 4.5, 15.0, 8.5 ] },
										"west": { "texture": "#pelt", "uv": [ 7.5, 9.0, 8.0, 13.0 ] },
										"down": { "texture": "#pelt", "uv": [ 8.0, 13.0, 9.0, 13.5 ] }
									},
									"children": [
										{
											"name": "plate24",
											"from": [ 0.1, 3.1, 0.3 ],
											"to": [ 0.9, 3.9, 0.4 ],
											"rotationOrigin": [ 0.5, 3.5, 0.3 ],
											"faces": {
												"north": { "texture": "#gold", "uv": [ 12.5, 4.5, 13.0, 5.0 ] },
												"east": { "texture": "#gold", "uv": [ 0.0, 4.0, 0.5, 4.5 ] },
												"south": { "texture": "#gold", "uv": [ 0.5, 7.0, 1.0, 7.5 ] },
												"west": { "texture": "#gold", "uv": [ 12.5, 8.0, 13.0, 8.5 ] },
												"up": { "texture": "#gold", "uv": [ 9.5, 8.5, 10.0, 9.0 ] },
												"down": { "texture": "#gold", "uv": [ 11.0, 6.5, 11.5, 7.0 ] }
											}
										},
										{
											"name": "plate25",
											"from": [ 0.1, 2.2, 0.3 ],
											"to": [ 0.9, 3.0, 0.4 ],
											"rotationOrigin": [ 0.5, 2.6, 0.3 ],
											"faces": {
												"north": { "texture": "#gold", "uv": [ 13.0, 14.5, 13.5, 15.0 ] },
												"east": { "texture": "#gold", "uv": [ 14.5, 6.5, 15.0, 7.0 ] },
												"south": { "texture": "#gold", "uv": [ 12.5, 6.5, 13.0, 7.0 ] },
												"west": { "texture": "#gold", "uv": [ 11.0, 8.5, 11.5, 9.0 ] },
												"up": { "texture": "#gold", "uv": [ 9.0, 4.0, 9.5, 4.5 ] },
												"down": { "texture": "#gold", "uv": [ 14.0, 11.0, 14.5, 11.5 ] }
											}
										},
										{
											"name": "plate26",
											"from": [ 0.1, 1.3, 0.3 ],
											"to": [ 0.9, 2.1, 0.4 ],
											"rotationOrigin": [ 0.5, 1.7, 0.3 ],
											"faces": {
												"north": { "texture": "#gold", "uv": [ 2.0, 13.0, 2.5, 13.5 ] },
												"east": { "texture": "#gold", "uv": [ 11.0, 8.0, 11.5, 8.5 ] },
												"south": { "texture": "#gold", "uv": [ 14.5, 12.0, 15.0, 12.5 ] },
												"west": { "texture": "#gold", "uv": [ 13.5, 6.0, 14.0, 6.5 ] },
												"up": { "texture": "#gold", "uv": [ 10.5, 14.0, 11.0, 14.5 ] },
												"down": { "texture": "#gold", "uv": [ 0.5, 12.5, 1.0, 13.0 ] }
											}
										}
									]
								}
							]
						},
						{
							"name": "buckle",
							"from": [ 0.1, -0.1, 4.5 ],
							"to": [ 0.4, 1.1, 5.5 ],
							"rotationOrigin": [ 0.2, 0.5, 4.5 ],
							"rotationY": -7.0,
							"faces": {
								"north": { "texture": "#gold", "uv": [ 12.5, 6.0, 13.0, 7.0 ] },
								"east": { "texture": "#gold", "uv": [ 13.0, 11.5, 14.0, 12.5 ] },
								"south": { "texture": "#gold", "uv": [ 3.0, 14.5, 3.5, 15.5 ] },
								"west": { "texture": "#gold", "uv": [ 8.0, 0.5, 9.0, 1.5 ] },
								"up": { "texture": "#gold", "uv": [ 5.5, 8.0, 6.0, 9.0 ] },
								"down": { "texture": "#gold", "uv": [ 9.5, 11.0, 10.0, 12.0 ] }
							},
							"children": [
								{
									"name": "pin",
									"from": [ -0.1, 0.5, 0.5 ],
									"to": [ 0.1, 0.7, 1.5 ],
									"rotationOrigin": [ 0.0, 0.6, 0.6 ],
									"faces": {
										"north": { "texture": "#gold", "uv": [ 9.5, 10.0, 10.0, 10.5 ] },
										"south": { "texture": "#gold", "uv": [ 2.0, 0.0, 2.5, 0.5 ] },
										"west": { "texture": "#gold", "uv": [ 9.0, 15.0, 10.0, 15.5 ] },
										"up": { "texture": "#gold", "uv": [ 0.0, 7.0, 0.5, 8.0 ] },
										"down": { "texture": "#gold", "uv": [ 3.5, 9.5, 4.0, 10.5 ] }
									}
								}
							]
						},
						{
							"name": "plate1",
							"from": [ -0.1, 0.1, 2.5 ],
							"to": [ 0.0, 0.9, 3.3 ],
							"rotationOrigin": [ 0.0, 0.5, 2.9 ],
							"faces": {
								"north": { "texture": "#gold", "uv": [ 4.0, 0.5, 4.5, 1.0 ] },
								"south": { "texture": "#gold", "uv": [ 7.5, 3.5, 8.0, 4.0 ] },
								"west": { "texture": "#gold", "uv": [ 6.0, 2.5, 6.5, 3.0 ] },
								"up": { "texture": "#gold", "uv": [ 3.0, 0.5, 3.5, 1.0 ] },
								"down": { "texture": "#gold", "uv": [ 13.5, 5.0, 14.0, 5.5 ] }
							}
						},
						{
							"name": "plate2",
							"from": [ -0.1, 0.1, 1.6 ],
							"to": [ 0.0, 0.9, 2.4 ],
							"rotationOrigin": [ 0.0, 0.5, 2.0 ],
							"faces": {
								"north": { "texture": "#gold", "uv": [ 14.0, 4.5, 14.5, 5.0 ] },
								"south": { "texture": "#gold", "uv": [ 1.0, 0.0, 1.5, 0.5 ] },
								"west": { "texture": "#gold", "uv": [ 3.0, 12.0, 3.5, 12.5 ] },
								"up": { "texture": "#gold", "uv": [ 13.0, 8.0, 13.5, 8.5 ] },
								"down": { "texture": "#gold", "uv": [ 7.5, 10.0, 8.0, 10.5 ] }
							}
						},
						{
							"name": "plate-start",
							"from": [ -0.1, 0.1, 3.4 ],
							"to": [ 0.0, 0.9, 3.6 ],
							"rotationOrigin": [ 0.0, 0.5, 3.8 ],
							"faces": {
								"north": { "texture": "#gold", "uv": [ 7.5, 5.5, 8.0, 6.0 ] },
								"south": { "texture": "#gold", "uv": [ 2.5, 7.5, 3.0, 8.0 ] },
								"west": { "texture": "#gold", "uv": [ 8.0, 5.0, 8.5, 5.5 ] },
								"up": { "texture": "#gold", "uv": [ 0.5, 11.0, 1.0, 11.5 ] },
								"down": { "texture": "#gold", "uv": [ 6.5, 7.0, 7.0, 7.5 ] }
							},
							"children": [
								{
									"name": "plate-ornament1",
									"from": [ 0.0, 0.0, 0.2 ],
									"to": [ 0.1, 0.2, 0.8 ],
									"rotationOrigin": [ 0.0, 0.0, 0.2 ],
									"faces": {
										"south": { "texture": "#gold", "uv": [ 0.5, 8.0, 1.0, 8.5 ] },
										"west": { "texture": "#gold", "uv": [ 10.0, 12.0, 10.5, 12.5 ] },
										"up": { "texture": "#gold", "uv": [ 12.5, 11.0, 13.0, 11.5 ] },
										"down": { "texture": "#gold", "uv": [ 9.5, 3.0, 10.0, 3.5 ] }
									}
								},
								{
									"name": "plate-ornament2",
									"from": [ 0.0, 0.6, 0.2 ],
									"to": [ 0.1, 0.8, 0.8 ],
									"rotationOrigin": [ 0.0, 0.8, 0.2 ],
									"faces": {
										"south": { "texture": "#gold", "uv": [ 4.5, 10.0, 5.0, 10.5 ] },
										"west": { "texture": "#gold", "uv": [ 7.0, 12.0, 7.5, 12.5 ] },
										"up": { "texture": "#gold", "uv": [ 11.0, 5.5, 11.5, 6.0 ] },
										"down": { "texture": "#gold", "uv": [ 14.0, 15.0, 14.5, 15.5 ] }
									}
								},
								{
									"name": "plate-ornament3",
									"from": [ 0.0, 0.25, 0.45 ],
									"to": [ 0.1, 0.55, 0.75 ],
									"rotationOrigin": [ 0.0, 0.4, 0.6 ],
									"rotationX": -45.0,
									"faces": {
										"north": { "texture": "#gold", "uv": [ 8.5, 13.0, 9.0, 13.5 ] },
										"south": { "texture": "#gold", "uv": [ 15.0, 4.0, 15.5, 4.5 ] },
										"west": { "texture": "#gold", "uv": [ 11.5, 9.0, 12.0, 9.5 ] },
										"up": { "texture": "#gold", "uv": [ 0.5, 9.0, 1.0, 9.5 ] },
										"down": { "texture": "#gold", "uv": [ 0.5, 0.5, 1.0, 1.0 ] }
									}
								}
							]
						},
						{
							"name": "plate3",
							"from": [ -0.1, 0.1, 0.7 ],
							"to": [ 0.0, 0.9, 1.5 ],
							"rotationOrigin": [ 0.0, 0.5, 1.1 ],
							"faces": {
								"north": { "texture": "#gold", "uv": [ 6.0, 3.5, 6.5, 4.0 ] },
								"south": { "texture": "#gold", "uv": [ 2.5, 10.5, 3.0, 11.0 ] },
								"west": { "texture": "#gold", "uv": [ 7.0, 1.0, 7.5, 1.5 ] },
								"up": { "texture": "#gold", "uv": [ 1.5, 9.0, 2.0, 9.5 ] },
								"down": { "texture": "#gold", "uv": [ 0.0, 4.0, 0.5, 4.5 ] }
							}
						},
						{
							"name": "plate4",
							"from": [ -0.1, 0.1, -0.2 ],
							"to": [ 0.0, 0.9, 0.6 ],
							"rotationOrigin": [ 0.0, 0.5, 0.2 ],
							"faces": {
								"north": { "texture": "#gold", "uv": [ 13.5, 4.0, 14.0, 4.5 ] },
								"south": { "texture": "#gold", "uv": [ 2.0, 11.5, 2.5, 12.0 ] },
								"west": { "texture": "#gold", "uv": [ 11.5, 10.5, 12.0, 11.0 ] },
								"up": { "texture": "#gold", "uv": [ 1.0, 14.0, 1.5, 14.5 ] },
								"down": { "texture": "#gold", "uv": [ 8.5, 11.5, 9.0, 12.0 ] }
							}
						},
						{
							"name": "sheath-main",
							"from": [ -0.4, -0.4, 2.0 ],
							"to": [ -0.08, 1.2, 3.28 ],
							"rotationOrigin": [ -0.24, 0.4, 2.64 ],
							"rotationX": 22.5,
							"rotationZ": 8.0,
							"faces": {
								"north": { "texture": "#gold", "uv": [ 13.0, 3.5, 13.5, 5.0 ] },
								"east": { "texture": "#gold", "uv": [ 7.5, 3.5, 8.5, 5.0 ] },
								"south": { "texture": "#gold", "uv": [ 3.5, 3.5, 4.0, 5.0 ] },
								"west": { "texture": "#gold", "uv": [ 4.0, 5.0, 5.0, 6.5 ] },
								"down": { "texture": "#gold", "uv": [ 8.5, 11.5, 9.0, 12.5 ] }
							},
							"children": [
								{
									"name": "sheath1",
									"from": [ 0.008, -1.6, 0.08 ],
									"to": [ 0.312, 0.0, 1.28 ],
									"rotationOrigin": [ 0.0, 0.0, 1.28 ],
									"rotationX": 22.5,
									"faces": {
										"north": { "texture": "#gold", "uv": [ 15.0, 11.0, 15.4, 12.6 ] },
										"east": { "texture": "#gold", "uv": [ 0.5, 1.5, 1.7, 3.1 ] },
										"south": { "texture": "#gold", "uv": [ 11.0, 12.5, 11.4, 14.1 ] },
										"west": { "texture": "#gold", "uv": [ 4.5, 7.0, 5.7, 8.6 ] },
										"down": { "texture": "#gold", "uv": [ 6.0, 6.5, 6.4, 7.7 ] }
									},
									"children": [
										{
											"name": "sheath2",
											"from": [ 0.008, -1.6, 0.08 ],
											"to": [ 0.296, 0.0, 1.2 ],
											"rotationOrigin": [ 0.08, 0.0, 1.2 ],
											"rotationX": 22.5,
											"faces": {
												"north": { "texture": "#gold", "uv": [ 1.0, 10.5, 1.4, 12.1 ] },
												"east": { "texture": "#gold", "uv": [ 11.5, 9.5, 12.3, 11.1 ] },
												"south": { "texture": "#gold", "uv": [ 7.5, 3.0, 7.9, 4.6 ] },
												"west": { "texture": "#gold", "uv": [ 5.0, 12.5, 5.8, 14.1 ] },
												"down": { "texture": "#gold", "uv": [ 4.5, 13.5, 4.9, 14.3 ] }
											},
											"children": [
												{
													"name": "sheath3",
													"from": [ 0.008, 0.0, 0.0 ],
													"to": [ 0.28, 0.8, 0.8 ],
													"rotationOrigin": [ -0.08, 0.0, 0.0 ],
													"rotationX": 45.0,
													"faces": {
														"east": { "texture": "#gold", "uv": [ 5.0, 1.5, 5.8, 2.3 ] },
														"south": { "texture": "#gold", "uv": [ 12.5, 14.0, 12.9, 14.8 ] },
														"west": { "texture": "#gold", "uv": [ 7.0, 0.5, 7.8, 1.3 ] },
														"down": { "texture": "#gold", "uv": [ 3.0, 15.0, 3.4, 15.8 ] }
													}
												}
											]
										}
									]
								},
								{
									"name": "hilt",
									"from": [ -0.04, 1.6, -0.08 ],
									"to": [ 0.36, 2.0, 1.36 ],
									"rotationOrigin": [ 0.16, 1.6, 0.64 ],
									"faces": {
										"north": { "texture": "#silver", "uv": [ 8.0, 4.5, 8.4, 4.9 ] },
										"east": { "texture": "#silver", "uv": [ 5.0, 1.0, 6.2, 1.4 ] },
										"south": { "texture": "#silver", "uv": [ 9.0, 8.5, 9.4, 8.9 ] },
										"west": { "texture": "#silver", "uv": [ 4.0, 3.0, 5.2, 3.4 ] },
										"up": { "texture": "#silver", "uv": [ 9.0, 11.5, 9.4, 12.7 ] },
										"down": { "texture": "#silver", "uv": [ 8.5, 7.0, 8.9, 8.2 ] }
									},
									"children": [
										{
											"name": "handle",
											"from": [ 0.0, 0.4, 0.4 ],
											"to": [ 0.4, 2.0, 1.04 ],
											"rotationOrigin": [ 0.2, 0.4, 0.72 ],
											"faces": {
												"north": { "texture": "#silver", "uv": [ 4.0, 8.0, 4.4, 9.6 ] },
												"east": { "texture": "#silver", "uv": [ 2.0, 6.0, 2.4, 7.6 ] },
												"south": { "texture": "#silver", "uv": [ 13.5, 5.0, 13.9, 6.6 ] },
												"west": { "texture": "#silver", "uv": [ 11.5, 11.5, 11.9, 13.1 ] }
											},
											"children": [
												{
													"name": "pommel",
													"from": [ 0.0, 1.6, -0.16 ],
													"to": [ 0.4, 2.0, 0.8 ],
													"rotationOrigin": [ 0.0, 1.6, 0.32 ],
													"faces": {
														"north": { "texture": "#silver", "uv": [ 0.5, 13.5, 0.9, 13.9 ] },
														"east": { "texture": "#silver", "uv": [ 11.5, 10.5, 12.3, 10.9 ] },
														"south": { "texture": "#silver", "uv": [ 13.5, 9.0, 13.9, 9.4 ] },
														"west": { "texture": "#silver", "uv": [ 3.0, 0.0, 3.8, 0.4 ] },
														"up": { "texture": "#silver", "uv": [ 2.0, 6.5, 2.4, 7.3 ] },
														"down": { "texture": "#silver", "uv": [ 9.5, 7.5, 9.9, 8.3 ] }
													}
												},
												{
													"name": "ornament1",
													"from": [ -0.04, -0.16, 0.16 ],
													"to": [ 0.44, 0.16, 0.48 ],
													"rotationOrigin": [ 0.0, 0.0, 0.32 ],
													"rotationX": -45.0,
													"faces": {
														"north": { "texture": "#gold", "uv": [ 13.0, 12.0, 13.4, 12.4 ] },
														"east": { "texture": "#gold", "uv": [ 11.0, 15.0, 11.4, 15.4 ] },
														"south": { "texture": "#gold", "uv": [ 6.5, 6.5, 6.9, 6.9 ] },
														"west": { "texture": "#gold", "uv": [ 7.5, 10.5, 7.9, 10.9 ] },
														"up": { "texture": "#gold", "uv": [ 8.5, 7.0, 8.9, 7.4 ] },
														"down": { "texture": "#gold", "uv": [ 4.0, 13.5, 4.4, 13.9 ] }
													}
												},
												{
													"name": "ornament2",
													"from": [ -0.04, 1.44, 0.16 ],
													"to": [ 0.44, 1.76, 0.48 ],
													"rotationOrigin": [ 0.0, 1.6, 0.32 ],
													"rotationX": -45.0,
													"faces": {
														"north": { "texture": "#gold", "uv": [ 10.0, 10.5, 10.4, 10.9 ] },
														"east": { "texture": "#gold", "uv": [ 6.5, 14.5, 6.9, 14.9 ] },
														"south": { "texture": "#gold", "uv": [ 9.5, 11.5, 9.9, 11.9 ] },
														"west": { "texture": "#gold", "uv": [ 8.0, 5.0, 8.4, 5.4 ] },
														"up": { "texture": "#gold", "uv": [ 3.0, 3.0, 3.4, 3.4 ] },
														"down": { "texture": "#gold", "uv": [ 14.5, 1.0, 14.9, 1.4 ] }
													}
												}
											]
										}
									]
								},
								{
									"name": "strap1",
									"from": [ -0.05, 1.2, -0.05 ],
									"to": [ 0.25, 1.5, 1.35 ],
									"rotationOrigin": [ 0.1, 1.35, 0.6 ],
									"rotationZ": 45.0,
									"faces": {
										"north": { "texture": "#pelt", "uv": [ 13.0, 11.5, 13.5, 12.0 ] },
										"east": { "texture": "#pelt", "uv": [ 12.0, 0.0, 13.0, 0.5 ] },
										"south": { "texture": "#pelt", "uv": [ 5.0, 14.5, 5.5, 15.0 ] },
										"west": { "texture": "#pelt", "uv": [ 13.5, 8.0, 14.5, 8.5 ] },
										"up": { "texture": "#pelt", "uv": [ 4.0, 8.0, 4.5, 9.0 ] },
										"down": { "texture": "#pelt", "uv": [ 7.0, 6.0, 7.5, 7.0 ] }
									}
								},
								{
									"name": "strap2",
									"from": [ -0.05, 0.2, -0.05 ],
									"to": [ 0.25, 0.5, 1.35 ],
									"rotationOrigin": [ 0.1, 0.35, 0.6 ],
									"rotationZ": 45.0,
									"faces": {
										"north": { "texture": "#pelt", "uv": [ 4.0, 9.5, 4.5, 10.0 ] },
										"east": { "texture": "#pelt", "uv": [ 10.0, 13.5, 11.0, 14.0 ] },
										"south": { "texture": "#pelt", "uv": [ 1.5, 0.0, 2.0, 0.5 ] },
										"west": { "texture": "#pelt", "uv": [ 10.0, 3.0, 11.0, 3.5 ] },
										"up": { "texture": "#pelt", "uv": [ 0.0, 3.5, 0.5, 4.5 ] },
										"down": { "texture": "#pelt", "uv": [ 8.0, 5.0, 8.5, 6.0 ] }
									}
								},
								{
									"name": "strap3",
									"from": [ -0.1, 0.3, 0.55 ],
									"to": [ 0.1, 1.3, 0.75 ],
									"rotationOrigin": [ -0.1, 0.5, 0.65 ],
									"faces": {
										"north": { "texture": "#pelt", "uv": [ 5.5, 8.0, 6.0, 9.0 ] },
										"south": { "texture": "#pelt", "uv": [ 7.0, 4.5, 7.5, 5.5 ] },
										"west": { "texture": "#pelt", "uv": [ 14.5, 5.5, 15.0, 6.5 ] }
									}
								}
							]
						}
					]
				}
			]
		}
	]}