{
	"editor": {
		"backDropShape": "entity/humanoid/kobold",
		"allAngles": false,
		"entityTextureMode": false
	},
	"textureWidth": 8,
	"textureHeight": 8,
	"textureSizes": {
		"linen-rope": [8, 8]
	},
	"textures": {
		"linen-rope": "entity/humanoid/seraphclothes/waist/linen-rope"
	},
	"elements": [
		{
			"name": "Waist",
			"stepParentName": "LowerTorso",
			"from": [ -0.2, 0.0, -0.4 ], 
			"to": [ 5.2, 1.0, 6.4 ], 
			"rotationOrigin": [ 2.8, 0.0, 3.0 ],
			"faces": {
				"north": { "texture": "#linen-rope", "uv": [ 0.0, 0.0, 5.0, 1.0 ] },
				"east": { "texture": "#linen-rope", "uv": [ 1.5, 0.5, 8.0, 1.5 ] },
				"south": { "texture": "#linen-rope", "uv": [ 0.0, 0.0, 5.0, 1.0 ] },
				"west": { "texture": "#linen-rope", "uv": [ 1.0, 0.5, 7.5, 1.5 ] },
				"up": { "texture": "#linen-rope", "uv": [ 0.0, 1.5, 5.0, 8.0 ] },
				"down": { "texture": "#linen-rope", "uv": [ 0.0, 1.5, 5.0, 8.0 ] }
			},
			"children": [
				{
					"name": "belt-down1",
					"from": [ 0.0, -5.1, 2.6 ], 
					"to": [ 0.5, -0.1, 3.6 ], 
					"rotationOrigin": [ 0.0, -0.1, 3.1 ],
					"rotationX": 4.0,
					"rotationZ": -8.0,
					"faces": {
						"north": { "texture": "#linen-rope", "uv": [ 4.5, 0.5, 5.0, 5.5 ] },
						"east": { "texture": "#linen-rope", "uv": [ 5.0, 0.5, 10.0, 1.5 ], "rotation": 90, "enabled": false },
						"south": { "texture": "#linen-rope", "uv": [ 0.0, 2.0, 0.5, 7.0 ] },
						"west": { "texture": "#linen-rope", "uv": [ 2.5, 0.5, 7.5, 1.5 ], "rotation": 90 },
						"up": { "texture": "#linen-rope", "uv": [ 0.0, 0.0, 0.5, 1.0 ], "enabled": false },
						"down": { "texture": "#linen-rope", "uv": [ 0.0, 0.0, 0.5, 1.0 ] }
					}
				},
				{
					"name": "belt-down2",
					"from": [ 0.0, -3.7, 3.1 ], 
					"to": [ 0.5, 0.3, 4.1 ], 
					"rotationOrigin": [ 0.0, 0.3, 3.6 ],
					"rotationX": -7.0,
					"rotationZ": -15.0,
					"faces": {
						"north": { "texture": "#linen-rope", "uv": [ 4.0, 3.5, 4.5, 7.5 ] },
						"east": { "texture": "#linen-rope", "uv": [ 5.0, 0.5, 9.0, 1.5 ], "rotation": 90, "enabled": false },
						"south": { "texture": "#linen-rope", "uv": [ 0.0, 4.0, 0.5, 8.0 ] },
						"west": { "texture": "#linen-rope", "uv": [ 2.5, 0.5, 6.5, 1.5 ], "rotation": 90 },
						"up": { "texture": "#linen-rope", "uv": [ 0.0, 0.0, 0.5, 1.0 ], "enabled": false },
						"down": { "texture": "#linen-rope", "uv": [ 0.0, 0.0, 0.5, 1.0 ] }
					}
				},
				{
					"name": "belt-knot",
					"from": [ -0.2, -0.2, 2.6 ], 
					"to": [ 0.8, 1.3, 4.1 ], 
					"rotationOrigin": [ -0.2, -0.2, 2.6 ],
					"faces": {
						"north": { "texture": "#linen-rope", "uv": [ 3.5, 0.0, 4.5, 1.5 ] },
						"east": { "texture": "#linen-rope", "uv": [ 0.0, 0.0, 1.5, 1.5 ], "enabled": false },
						"south": { "texture": "#linen-rope", "uv": [ 1.5, 0.0, 2.5, 1.5 ] },
						"west": { "texture": "#linen-rope", "uv": [ 2.0, 0.0, 3.5, 1.5 ] },
						"up": { "texture": "#linen-rope", "uv": [ 3.5, 0.0, 4.5, 1.5 ] },
						"down": { "texture": "#linen-rope", "uv": [ 7.0, 0.0, 8.0, 1.5 ] }
					}
				}
			]
		}
	]}