{
	"editor": {
		"backDropShape": "entity/humanoid/kobold",
		"collapsedPaths": "Root/bandN/toothR1,Root/bandN/toothL1",
		"allAngles": false,
		"entityTextureMode": true
	},
	"textureWidth": 16,
	"textureHeight": 8,
	"textureSizes": {
		"belt": [16,8]
	},
	"textures": {
		"belt": "entity/humanoid/seraphclothes/waist/marketeer"
	},
	"elements": [
		{
			"name": "BeltW",
			"stepParentName": "LowerTorso",
			"from": [ -0.2, 1.5, -0.4 ],
			"to": [ 0.3, 3.5, 6.4 ],
			"unwrapMode": 4,
			"uv": [ 0.0, 0.0 ],
			"rotationOrigin": [ 2.8, 1.5, 3.0 ],
			"faces": {
				"north": { "texture": "#belt", "uv": [ 0.0, 0.5, 0.5, 2.5 ] },
				"east": { "texture": "#belt", "uv": [ 7.5, 0.5, 14.0, 2.5 ] },
				"south": { "texture": "#belt", "uv": [ 7.0, 0.5, 7.5, 2.5 ] },
				"west": { "texture": "#belt", "uv": [ 0.5, 0.5, 7.0, 2.5 ] },
				"up": { "texture": "#belt", "uv": [ 0.5, 0.0, 7.0, 0.5 ], "rotation": 90 },
				"down": { "texture": "#belt", "uv": [ 0.5, 2.5, 7.0, 3.0 ], "rotation": 90 }
			},
			"children": [
				{
					"name": "BeltE",
					"from": [ 5.0, 0.0, 0.0 ],
					"to": [ 5.5, 2.0, 6.8 ],
					"unwrapMode": 4,
					"uv": [ 0.0, 2.5 ],
					"rotationOrigin": [ 5.0, 0.0, 0.0 ],
					"faces": {
						"north": { "texture": "#belt", "uv": [ 0.0, 3.0, 0.5, 5.0 ] },
						"east": { "texture": "#belt", "uv": [ 7.5, 3.0, 14.0, 5.0 ] },
						"south": { "texture": "#belt", "uv": [ 7.0, 3.0, 7.5, 5.0 ] },
						"west": { "texture": "#belt", "uv": [ 0.5, 3.0, 7.0, 5.0 ] },
						"up": { "texture": "#belt", "uv": [ 0.5, 2.5, 7.0, 3.0 ], "rotation": 90 },
						"down": { "texture": "#belt", "uv": [ 0.5, 5.0, 7.0, 5.5 ], "rotation": 90 }
					}
				},
				{
					"name": "BeltN",
					"from": [ 0.5, 0.0, 0.0 ],
					"to": [ 5.0, 2.0, 0.5 ],
					"unwrapMode": 1,
					"uv": [ 7.0, 5.0 ],
					"rotationOrigin": [ 0.5, 0.0, 0.0 ],
					"faces": {
						"north": { "texture": "#belt", "uv": [ 7.0, 5.5, 11.5, 7.5 ] },
						"south": { "texture": "#belt", "uv": [ 11.5, 5.5, 16.0, 7.5 ] },
						"up": { "texture": "#belt", "uv": [ 7.0, 5.0, 11.5, 5.5 ], "rotation": 180 },
						"down": { "texture": "#belt", "uv": [ 7.0, 7.5, 11.5, 8.0 ] }
					}
				},
				{
					"name": "BeltS",
					"from": [ 0.5, 0.0, 6.3 ],
					"to": [ 5.0, 2.0, 6.8 ],
					"unwrapMode": 3,
					"uv": [ 0.5, 5.0 ],
					"rotationOrigin": [ 0.5, 0.0, 6.3 ],
					"faces": {
						"north": { "texture": "#belt", "uv": [ 5.0, 5.5, 9.5, 7.5 ] },
						"south": { "texture": "#belt", "uv": [ 0.5, 5.5, 5.0, 7.5 ] },
						"up": { "texture": "#belt", "uv": [ 0.5, 5.0, 5.0, 5.5 ] },
						"down": { "texture": "#belt", "uv": [ 0.5, 7.5, 5.0, 8.0 ], "rotation": 180 }
					}
				},
				{
					"name": "Tail1",
					"from": [ -0.2, -5.9, 1.05 ],
					"to": [ 0.3, 2.1, 1.55 ],
					"unwrapMode": 4,
					"unwrapRotation": 1,
					"uv": [ 0.0, 2.5 ],
					"rotationOrigin": [ -0.2, -5.9, 1.05 ],
					"faces": {
						"north": { "texture": "#belt", "uv": [ 0.5, 3.0, 8.5, 3.5 ], "rotation": 90 },
						"east": { "texture": "#belt", "uv": [ 9.0, 2.5, 17.0, 3.0 ], "rotation": 270 },
						"south": { "texture": "#belt", "uv": [ 0.5, 2.5, 8.5, 3.0 ], "rotation": 90, "windMode": [-1,-1,-1,-1], "windData": [0,0,1,1] },
						"west": { "texture": "#belt", "uv": [ 0.5, 2.5, 8.5, 3.0 ], "rotation": 90 },
						"up": { "texture": "#belt", "uv": [ 0.0, 2.5, 0.5, 3.0 ], "rotation": 180 },
						"down": { "texture": "#belt", "uv": [ 8.5, 2.5, 9.0, 3.0 ], "rotation": 180 }
					},
					"children": [
						{
							"name": "Tail2",
							"from": [ 0.0, 0.5, 0.5 ],
							"to": [ 0.5, 8.0, 1.0 ],
							"unwrapMode": 4,
							"unwrapRotation": 1,
							"uv": [ 0.0, 3.5 ],
							"rotationOrigin": [ 0.0, 0.5, 0.5 ],
							"faces": {
								"north": { "texture": "#belt", "uv": [ 0.5, 4.0, 8.0, 4.5 ], "rotation": 90 },
								"east": { "texture": "#belt", "uv": [ 8.5, 3.5, 16.0, 4.0 ], "rotation": 270 },
								"south": { "texture": "#belt", "uv": [ 0.5, 3.5, 8.0, 4.0 ], "rotation": 90, "windMode": [-1,-1,-1,-1], "windData": [0,0,1,1] },
								"west": { "texture": "#belt", "uv": [ 0.5, 3.5, 8.0, 4.0 ], "rotation": 90 },
								"up": { "texture": "#belt", "uv": [ 0.0, 3.5, 0.5, 4.0 ], "rotation": 180 },
								"down": { "texture": "#belt", "uv": [ 8.0, 3.5, 8.5, 4.0 ], "rotation": 180 }
							}
						},
						{
							"name": "Tail5",
							"from": [ 0.0, 1.0, 1.5 ],
							"to": [ 0.5, 8.0, 2.0 ],
							"unwrapMode": 4,
							"unwrapRotation": 1,
							"uv": [ 0.0, 4.5 ],
							"rotationOrigin": [ 0.0, 1.0, 1.5 ],
							"faces": {
								"north": { "texture": "#belt", "uv": [ 0.5, 5.5, 7.5, 6.0 ], "rotation": 90 },
								"east": { "texture": "#belt", "uv": [ 8.0, 5.0, 15.0, 5.5 ], "rotation": 270 },
								"south": { "texture": "#belt", "uv": [ 0.5, 4.5, 7.5, 5.0 ], "rotation": 90, "windMode": [-1,-1,-1,-1], "windData": [0,0,1,1] },
								"west": { "texture": "#belt", "uv": [ 0.5, 5.0, 7.5, 5.5 ], "rotation": 90 },
								"up": { "texture": "#belt", "uv": [ 0.0, 5.0, 0.5, 5.5 ], "rotation": 180 },
								"down": { "texture": "#belt", "uv": [ 7.5, 5.0, 8.0, 5.5 ], "rotation": 180 }
							}
						},
						{
							"name": "Tail3",
							"from": [ 0.0, 1.5, 1.0 ],
							"to": [ 0.5, 8.0, 1.5 ],
							"unwrapMode": 4,
							"unwrapRotation": 1,
							"uv": [ 1.0, 1.0 ],
							"rotationOrigin": [ 0.0, 1.5, 1.0 ],
							"faces": {
								"north": { "texture": "#belt", "uv": [ 1.5, 1.5, 8.0, 2.0 ], "rotation": 90 },
								"east": { "texture": "#belt", "uv": [ 8.5, 1.0, 15.0, 1.5 ], "rotation": 270 },
								"west": { "texture": "#belt", "uv": [ 1.5, 1.0, 8.0, 1.5 ], "rotation": 90 },
								"up": { "texture": "#belt", "uv": [ 1.0, 1.0, 1.5, 1.5 ], "rotation": 180 },
								"down": { "texture": "#belt", "uv": [ 8.0, 1.0, 8.5, 1.5 ], "rotation": 180 }
							}
						}
					]
				}
			]
		}
	]}