{
	"editor": {
		"backDropShape": "entity/humanoid/kobold",
		"collapsedPaths": "Root/bandN/toothR1,Root/bandN/toothL1",
		"allAngles": false,
		"entityTextureMode": true
	},
	"textureWidth": 16,
	"textureHeight": 8,
	"textureSizes": {
	},
	"textures": {
		"waisttexture": "entity/humanoid/villagerclothes/waist/musician"
	},
	"elements": [
		{
			"name": "WaistWest",
			"stepParentName": "LowerTorso",
			"from": [ -0.2, 1.0, -0.4 ],
			"to": [ 0.3, 2.5, 6.4 ],
			"unwrapMode": 4,
			"autoUnwrap": false,
			"uv": [ 1.5, 4.0 ],
			"rotationOrigin": [ 1.7, 1.0, 3.0 ],
			"rotationZ": 3.0,
			"faces": {
				"north": { "texture": "#waisttexture", "uv": [ 0.0, 6.5, 0.5, 8.0 ] },
				"east": { "texture": "#waisttexture", "uv": [ 9.5, 0.0, 16.0, 1.5 ] },
				"south": { "texture": "#waisttexture", "uv": [ 6.0, 6.5, 6.5, 8.0 ] },
				"west": { "texture": "#waisttexture", "uv": [ 0.0, 6.5, 6.5, 8.0 ] },
				"up": { "texture": "#waisttexture", "uv": [ 0.0, 6.5, 6.5, 7.0 ], "rotation": 90 },
				"down": { "texture": "#waisttexture", "uv": [ 0.0, 7.5, 6.5, 8.0 ], "rotation": 90 }
			},
			"children": [
				{
					"name": "WaistS",
					"from": [ 0.5, 0.0, 6.3 ],
					"to": [ 5.0, 1.5, 6.8 ],
					"unwrapMode": 3,
					"autoUnwrap": false,
					"uv": [ 7.0, 5.5 ],
					"rotationOrigin": [ 0.5, 0.0, 6.3 ],
					"faces": {
						"north": { "texture": "#waisttexture", "uv": [ 10.5, 0.0, 15.0, 1.5 ] },
						"south": { "texture": "#waisttexture", "uv": [ 6.5, 6.5, 11.0, 8.0 ] },
						"up": { "texture": "#waisttexture", "uv": [ 6.5, 6.5, 11.0, 7.0 ] },
						"down": { "texture": "#waisttexture", "uv": [ 6.5, 7.5, 11.0, 8.0 ], "rotation": 180 }
					}
				},
				{
					"name": "WaistN",
					"from": [ 0.5, 0.0, 0.0 ],
					"to": [ 5.0, 1.5, 0.5 ],
					"unwrapMode": 3,
					"autoUnwrap": false,
					"uv": [ 5.0, 4.0 ],
					"rotationOrigin": [ 0.5, 0.0, 0.0 ],
					"faces": {
						"north": { "texture": "#waisttexture", "uv": [ 6.5, 6.5, 11.0, 8.0 ] },
						"south": { "texture": "#waisttexture", "uv": [ 10.5, 0.0, 15.0, 1.5 ] },
						"up": { "texture": "#waisttexture", "uv": [ 6.5, 6.5, 11.0, 7.0 ] },
						"down": { "texture": "#waisttexture", "uv": [ 6.5, 7.5, 11.0, 8.0 ], "rotation": 180 }
					}
				},
				{
					"name": "WaistE",
					"from": [ 5.0, 0.0, 0.0 ],
					"to": [ 5.5, 1.5, 6.8 ],
					"unwrapMode": 2,
					"autoUnwrap": false,
					"uv": [ 0.0, 5.5 ],
					"rotationOrigin": [ 5.0, 0.0, 0.0 ],
					"faces": {
						"north": { "texture": "#waisttexture", "uv": [ 6.0, 6.5, 6.5, 8.0 ] },
						"east": { "texture": "#waisttexture", "uv": [ 0.0, 6.5, 6.5, 8.0 ] },
						"south": { "texture": "#waisttexture", "uv": [ 0.0, 6.5, 0.5, 8.0 ] },
						"west": { "texture": "#waisttexture", "uv": [ 9.5, 0.0, 16.0, 1.5 ] },
						"up": { "texture": "#waisttexture", "uv": [ 0.0, 6.5, 6.5, 7.0 ], "rotation": 270 },
						"down": { "texture": "#waisttexture", "uv": [ 0.0, 7.5, 6.5, 8.0 ], "rotation": 270 }
					},
					"children": [
						{
							"name": "Pouch2",
							"from": [ -0.3, -1.5, 0.0 ],
							"to": [ 1.7, 0.5, 2.0 ],
							"autoUnwrap": false,
							"uv": [ 0.0, 2.0 ],
							"rotationOrigin": [ 0.7, 0.5, 1.0 ],
							"rotationY": 22.5,
							"rotationZ": 10.0,
							"faces": {
								"north": { "texture": "#waisttexture", "uv": [ 0.0, 3.0, 2.0, 5.0 ] },
								"east": { "texture": "#waisttexture", "uv": [ 2.0, 3.0, 4.0, 5.0 ] },
								"south": { "texture": "#waisttexture", "uv": [ 2.0, 4.0, 4.0, 6.0 ] },
								"west": { "texture": "#waisttexture", "uv": [ 1.5, 4.0, 3.5, 6.0 ] },
								"up": { "texture": "#waisttexture", "uv": [ 0.5, 3.0, 2.5, 5.0 ] },
								"down": { "texture": "#waisttexture", "uv": [ 0.0, 4.0, 2.0, 6.0 ] }
							},
							"children": [
								{
									"name": "Tie",
									"from": [ 0.5, 2.0, 0.5 ],
									"to": [ 1.5, 2.5, 1.5 ],
									"autoUnwrap": false,
									"uv": [ 1.5, 0.0 ],
									"rotationOrigin": [ 0.5, 2.0, 0.5 ],
									"faces": {
										"north": { "texture": "#waisttexture", "uv": [ 2.5, 6.0, 3.5, 6.5 ], "windMode": [-1,-1,-1,-1] },
										"east": { "texture": "#waisttexture", "uv": [ 3.0, 6.0, 4.0, 6.5 ], "windMode": [-1,-1,-1,-1] },
										"south": { "texture": "#waisttexture", "uv": [ 3.5, 6.0, 4.5, 6.5 ], "windMode": [-1,-1,-1,-1] },
										"west": { "texture": "#waisttexture", "uv": [ 4.0, 6.0, 5.0, 6.5 ], "windMode": [-1,-1,-1,-1] },
										"up": { "texture": "#waisttexture", "uv": [ 4.0, 0.0, 5.0, 1.0 ], "windMode": [-1,-1,-1,-1] }
									},
									"children": [
										{
											"name": "Pouchtie1",
											"from": [ -0.1, 0.2, 0.1 ],
											"to": [ 1.1, 1.2, 0.3 ],
											"autoUnwrap": false,
											"uv": [ 1.0, 1.5 ],
											"rotationOrigin": [ 0.0, 0.2, 0.1 ],
											"rotationX": -22.5,
											"faces": {
												"north": { "texture": "#waisttexture", "uv": [ 0.5, 0.5, 1.5, 1.5 ] },
												"east": { "texture": "#waisttexture", "uv": [ 1.5, 1.5, 2.0, 2.5 ] },
												"south": { "texture": "#waisttexture", "uv": [ 0.5, 1.5, 1.5, 2.5 ] },
												"west": { "texture": "#waisttexture", "uv": [ 1.5, 0.5, 2.0, 1.5 ] },
												"up": { "texture": "#waisttexture", "uv": [ 1.0, 1.5, 2.0, 2.0 ] },
												"down": { "texture": "#waisttexture", "uv": [ 1.0, 1.0, 2.0, 1.5 ] }
											}
										},
										{
											"name": "Pouchtie2",
											"from": [ -0.1, 0.2, 0.7 ],
											"to": [ 1.1, 1.2, 0.9 ],
											"autoUnwrap": false,
											"uv": [ 0.0, 0.0 ],
											"rotationOrigin": [ 0.0, 0.2, 0.9 ],
											"rotationX": 22.5,
											"faces": {
												"north": { "texture": "#waisttexture", "uv": [ 0.0, 1.5, 1.0, 2.5 ] },
												"east": { "texture": "#waisttexture", "uv": [ 1.0, 1.5, 1.5, 2.5 ] },
												"south": { "texture": "#waisttexture", "uv": [ 0.5, 1.0, 1.5, 2.0 ] },
												"west": { "texture": "#waisttexture", "uv": [ 0.0, 0.5, 0.5, 1.5 ] },
												"up": { "texture": "#waisttexture", "uv": [ 0.0, 1.0, 1.0, 1.5 ] },
												"down": { "texture": "#waisttexture", "uv": [ 0.5, 0.5, 1.5, 1.0 ] }
											}
										},
										{
											"name": "Pouchtie3",
											"from": [ 0.8, 0.2, -0.1 ],
											"to": [ 1.0, 1.2, 1.1 ],
											"autoUnwrap": false,
											"uv": [ 2.5, 0.0 ],
											"rotationOrigin": [ 1.0, 0.2, 0.0 ],
											"rotationZ": -22.5,
											"faces": {
												"north": { "texture": "#waisttexture", "uv": [ 1.0, 0.0, 2.0, 0.5 ], "rotation": 90 },
												"east": { "texture": "#waisttexture", "uv": [ 0.5, 1.0, 1.5, 2.0 ] },
												"south": { "texture": "#waisttexture", "uv": [ 1.0, 1.5, 2.0, 2.0 ], "rotation": 90 },
												"west": { "texture": "#waisttexture", "uv": [ 1.0, 0.0, 2.0, 1.0 ] },
												"up": { "texture": "#waisttexture", "uv": [ 0.5, 1.5, 1.0, 2.5 ] },
												"down": { "texture": "#waisttexture", "uv": [ 0.0, 0.0, 1.0, 0.5 ], "rotation": 90 }
											}
										},
										{
											"name": "Pouchtie4",
											"from": [ 0.3, 0.2, -0.1 ],
											"to": [ 0.5, 1.2, 1.1 ],
											"autoUnwrap": false,
											"uv": [ 2.5, 1.0 ],
											"rotationOrigin": [ 0.5, 0.2, 0.0 ],
											"rotationZ": 5.0,
											"faces": {
												"north": { "texture": "#waisttexture", "uv": [ 0.0, 1.5, 0.5, 2.5 ] },
												"east": { "texture": "#waisttexture", "uv": [ 1.0, 0.0, 2.0, 1.0 ] },
												"south": { "texture": "#waisttexture", "uv": [ 1.5, 0.0, 2.0, 1.0 ] },
												"west": { "texture": "#waisttexture", "uv": [ 0.0, 0.0, 1.0, 1.0 ] },
												"up": { "texture": "#waisttexture", "uv": [ 1.5, 0.0, 2.0, 1.0 ] },
												"down": { "texture": "#waisttexture", "uv": [ 1.5, 1.5, 2.0, 2.5 ] }
											}
										}
									]
								}
							]
						}
					]
				},
				{
					"name": "buckleBottom",
					"from": [ -0.1, -0.3, 3.3 ],
					"to": [ 0.1, 0.0, 4.5 ],
					"unwrapMode": 4,
					"autoUnwrap": false,
					"uv": [ 13.5, 4.75 ],
					"rotationOrigin": [ 0.0, -0.3, 3.3 ],
					"rotationX": -45.0,
					"faces": {
						"north": { "texture": "#waisttexture", "uv": [ 14.0, 7.5, 14.5, 8.0 ] },
						"east": { "texture": "#waisttexture", "uv": [ 14.0, 7.5, 15.0, 8.0 ] },
						"west": { "texture": "#waisttexture", "uv": [ 14.5, 7.5, 15.5, 8.0 ] },
						"up": { "texture": "#waisttexture", "uv": [ 14.0, 6.5, 15.0, 7.0 ], "rotation": 90 },
						"down": { "texture": "#waisttexture", "uv": [ 14.0, 7.0, 15.0, 7.5 ], "rotation": 90 }
					},
					"children": [
						{
							"name": "buckleTop",
							"from": [ 0.0, 1.2, 0.3 ],
							"to": [ 0.2, 1.5, 1.5 ],
							"unwrapMode": 4,
							"autoUnwrap": false,
							"uv": [ 13.0, 5.0 ],
							"rotationOrigin": [ 0.0, 1.2, 0.3 ],
							"faces": {
								"east": { "texture": "#waisttexture", "uv": [ 15.0, 6.5, 16.0, 7.0 ] },
								"south": { "texture": "#waisttexture", "uv": [ 15.0, 7.5, 15.5, 8.0 ] },
								"west": { "texture": "#waisttexture", "uv": [ 14.0, 7.5, 15.0, 8.0 ] },
								"up": { "texture": "#waisttexture", "uv": [ 14.0, 6.5, 15.0, 7.0 ], "rotation": 90 },
								"down": { "texture": "#waisttexture", "uv": [ 14.0, 7.0, 15.0, 7.5 ], "rotation": 90 }
							}
						},
						{
							"name": "buckleCross",
							"from": [ 0.0, 0.0, 1.2 ],
							"to": [ 0.2, 1.2, 1.5 ],
							"unwrapMode": 4,
							"uv": [ 14.0, 6.25 ],
							"rotationOrigin": [ 0.0, 0.0, 1.2 ],
							"faces": {
								"north": { "texture": "#waisttexture", "uv": [ 14.0, 6.5, 14.5, 7.5 ] },
								"east": { "texture": "#waisttexture", "uv": [ 15.5, 6.5, 16.0, 7.5 ] },
								"south": { "texture": "#waisttexture", "uv": [ 15.0, 6.5, 15.5, 7.5 ] },
								"west": { "texture": "#waisttexture", "uv": [ 14.5, 6.5, 15.0, 7.5 ] },
								"down": { "texture": "#waisttexture", "uv": [ 14.5, 7.5, 15.0, 8.0 ], "rotation": 90 }
							}
						},
						{
							"name": "buckleCross2",
							"from": [ 0.0, 0.3, 0.0 ],
							"to": [ 0.2, 1.5, 0.3 ],
							"unwrapMode": 4,
							"uv": [ 14.0, 6.25 ],
							"rotationOrigin": [ 0.0, 0.3, 0.0 ],
							"faces": {
								"north": { "texture": "#waisttexture", "uv": [ 14.0, 7.0, 14.5, 8.0 ] },
								"east": { "texture": "#waisttexture", "uv": [ 15.5, 7.0, 16.0, 8.0 ] },
								"south": { "texture": "#waisttexture", "uv": [ 15.0, 7.0, 15.5, 8.0 ] },
								"west": { "texture": "#waisttexture", "uv": [ 14.5, 7.0, 15.0, 8.0 ] },
								"up": { "texture": "#waisttexture", "uv": [ 14.5, 6.5, 15.0, 7.0 ], "rotation": 90 }
							}
						}
					]
				},
				{
					"name": "buckleCatch",
					"from": [ -0.0347, 0.65, 3.197 ],
					"to": [ 0.1653, 0.85, 4.197 ],
					"unwrapMode": 4,
					"autoUnwrap": false,
					"uv": [ 13.0, 5.0 ],
					"rotationOrigin": [ -0.0347, 0.65, 3.197 ],
					"rotationY": -26.0,
					"faces": {
						"north": { "texture": "#waisttexture", "uv": [ 12.5, 7.5, 13.0, 8.0 ] },
						"east": { "texture": "#waisttexture", "uv": [ 12.5, 7.5, 13.5, 8.0 ] },
						"south": { "texture": "#waisttexture", "uv": [ 13.0, 7.0, 13.5, 7.5 ] },
						"west": { "texture": "#waisttexture", "uv": [ 13.0, 7.0, 13.5, 8.0 ], "rotation": 90 },
						"up": { "texture": "#waisttexture", "uv": [ 12.5, 7.0, 13.0, 8.0 ] },
						"down": { "texture": "#waisttexture", "uv": [ 12.5, 7.0, 13.5, 7.5 ], "rotation": 90 }
					}
				},
				{
					"name": "pouchEast",
					"from": [ 0.9, -1.8, 6.6 ],
					"to": [ 2.9, 1.2, 7.6 ],
					"unwrapMode": 4,
					"autoUnwrap": false,
					"uv": [ 11.0, 1.5 ],
					"rotationOrigin": [ 1.9, 0.8, 7.3 ],
					"rotationX": 5.0,
					"faces": {
						"north": { "texture": "#waisttexture", "uv": [ 13.0, 2.5, 15.0, 5.5 ], "windMode": [-1,-1,-1,-1] },
						"east": { "texture": "#waisttexture", "uv": [ 15.0, 2.5, 16.0, 5.5 ], "windMode": [-1,-1,-1,-1] },
						"south": { "texture": "#waisttexture", "uv": [ 13.0, 2.5, 15.0, 5.5 ] },
						"west": { "texture": "#waisttexture", "uv": [ 12.0, 2.5, 13.0, 5.5 ] },
						"up": { "texture": "#waisttexture", "uv": [ 13.0, 1.5, 15.0, 2.5 ] },
						"down": { "texture": "#waisttexture", "uv": [ 13.0, 5.5, 15.0, 6.5 ] }
					},
					"children": [
						{
							"name": "FlapFront4",
							"from": [ 0.11, 1.7, 0.0 ],
							"to": [ 1.91, 3.1, 1.2 ],
							"unwrapMode": 5,
							"autoUnwrap": false,
							"uv": [ 9.5, 1.0 ],
							"rotationOrigin": [ 0.1, 1.7, 1.2 ],
							"faces": {
								"east": { "texture": "#waisttexture", "uv": [ 11.0, 2.0, 12.0, 3.0 ], "rotation": 90, "windMode": [-1,-1,-1,-1] },
								"south": { "texture": "#waisttexture", "uv": [ 9.5, 2.5, 11.0, 3.5 ] },
								"west": { "texture": "#waisttexture", "uv": [ 8.5, 2.0, 9.5, 3.0 ], "rotation": 270 },
								"up": { "texture": "#waisttexture", "uv": [ 9.5, 1.5, 11.0, 2.5 ], "windMode": [-1,-1,-1,-1] },
								"down": { "texture": "#waisttexture", "uv": [ 9.5, 1.5, 11.0, 2.5 ] }
							},
							"children": [
								{
									"name": "tab4",
									"from": [ 0.8, -0.5, 1.1 ],
									"to": [ 1.3, 0.5, 1.3 ],
									"unwrapMode": 4,
									"autoUnwrap": false,
									"uv": [ 11.0, 6.0 ],
									"rotationOrigin": [ 0.8, 0.5, 1.1 ],
									"rotationX": 6.0,
									"faces": {
										"north": { "texture": "#waisttexture", "uv": [ 11.0, 6.5, 11.5, 7.5 ] },
										"south": { "texture": "#waisttexture", "uv": [ 12.0, 6.5, 12.5, 7.5 ] },
										"west": { "texture": "#waisttexture", "uv": [ 11.5, 6.5, 12.0, 7.5 ] },
										"up": { "texture": "#waisttexture", "uv": [ 11.0, 7.0, 11.5, 7.5 ], "rotation": 90 },
										"down": { "texture": "#waisttexture", "uv": [ 11.5, 7.5, 12.0, 8.0 ], "rotation": 90 }
									}
								}
							]
						}
					]
				},
				{
					"name": "Stud1",
					"from": [ -0.1, 0.6, 4.5 ],
					"to": [ 0.0, 0.8, 4.7 ],
					"autoUnwrap": false,
					"uv": [ 10.5, 5.0 ],
					"rotationOrigin": [ 0.0, 0.7, 4.6 ],
					"rotationX": -45.0,
					"faces": {
						"north": { "texture": "#waisttexture", "uv": [ 10.5, 5.5, 11.0, 6.0 ] },
						"south": { "texture": "#waisttexture", "uv": [ 11.0, 5.5, 11.5, 6.0 ] },
						"west": { "texture": "#waisttexture", "uv": [ 11.0, 5.5, 11.5, 6.0 ] },
						"up": { "texture": "#waisttexture", "uv": [ 10.5, 5.0, 11.0, 5.5 ] },
						"down": { "texture": "#waisttexture", "uv": [ 11.0, 5.0, 11.5, 5.5 ] }
					}
				},
				{
					"name": "Stud2",
					"from": [ -0.1, 0.7, 5.2 ],
					"to": [ 0.0, 0.9, 5.4 ],
					"autoUnwrap": false,
					"uv": [ 8.5, 5.0 ],
					"rotationOrigin": [ 0.0, 0.8, 5.3 ],
					"rotationX": -30.0,
					"faces": {
						"north": { "texture": "#waisttexture", "uv": [ 11.0, 5.0, 11.5, 5.5 ] },
						"south": { "texture": "#waisttexture", "uv": [ 10.5, 5.5, 11.0, 6.0 ] },
						"west": { "texture": "#waisttexture", "uv": [ 10.5, 5.0, 11.0, 5.5 ] },
						"up": { "texture": "#waisttexture", "uv": [ 10.5, 5.0, 11.0, 5.5 ] },
						"down": { "texture": "#waisttexture", "uv": [ 11.0, 5.5, 11.5, 6.0 ] }
					}
				},
				{
					"name": "Stud3",
					"from": [ -0.1, 0.6, 5.9 ],
					"to": [ 0.0, 0.8, 6.1 ],
					"autoUnwrap": false,
					"uv": [ 9.5, 4.0 ],
					"rotationOrigin": [ 0.0, 0.7, 6.0 ],
					"rotationX": 20.0,
					"faces": {
						"north": { "texture": "#waisttexture", "uv": [ 10.5, 5.5, 11.0, 6.0 ] },
						"south": { "texture": "#waisttexture", "uv": [ 11.0, 5.0, 11.5, 5.5 ] },
						"west": { "texture": "#waisttexture", "uv": [ 11.0, 5.0, 11.5, 5.5 ] },
						"up": { "texture": "#waisttexture", "uv": [ 10.5, 5.5, 11.0, 6.0 ] },
						"down": { "texture": "#waisttexture", "uv": [ 11.0, 5.0, 11.5, 5.5 ] }
					}
				},
				{
					"name": "Bottle",
					"from": [ -0.9, -2.0, -0.5 ],
					"to": [ 0.1, 1.0, 1.5 ],
					"autoUnwrap": false,
					"uv": [ 3.5, 1.0 ],
					"rotationOrigin": [ 0.1, 0.0, 0.5 ],
					"rotationY": -15.0,
					"faces": {
						"north": { "texture": "#waisttexture", "uv": [ 4.5, 2.5, 5.5, 5.5 ] },
						"east": { "texture": "#waisttexture", "uv": [ 5.5, 2.5, 7.5, 5.5 ] },
						"south": { "texture": "#waisttexture", "uv": [ 7.5, 2.5, 8.5, 5.5 ] },
						"west": { "texture": "#waisttexture", "uv": [ 5.5, 2.5, 7.5, 5.5 ] },
						"up": { "texture": "#waisttexture", "uv": [ 5.5, 1.5, 7.5, 2.5 ], "rotation": 90 },
						"down": { "texture": "#waisttexture", "uv": [ 5.5, 5.5, 7.5, 6.5 ], "rotation": 90 }
					},
					"children": [
						{
							"name": "Bottleneck",
							"from": [ 0.25, 3.0, 0.75 ],
							"to": [ 0.75, 4.0, 1.25 ],
							"uv": [ 5.5, 0.5 ],
							"rotationOrigin": [ 0.5, 3.0, 1.0 ],
							"faces": {
								"north": { "texture": "#waisttexture", "uv": [ 5.5, 0.5, 6.0, 1.5 ] },
								"east": { "texture": "#waisttexture", "uv": [ 6.0, 0.5, 6.5, 1.5 ] },
								"south": { "texture": "#waisttexture", "uv": [ 6.5, 0.5, 7.0, 1.5 ] },
								"west": { "texture": "#waisttexture", "uv": [ 7.0, 0.5, 7.5, 1.5 ] }
							},
							"children": [
								{
									"name": "Bottlecap",
									"from": [ -0.15, 1.0, -0.15 ],
									"to": [ 0.65, 1.4, 0.65 ],
									"autoUnwrap": false,
									"uv": [ 7.5, 0.0 ],
									"rotationOrigin": [ 0.25, 1.0, 0.25 ],
									"rotationY": -45.0,
									"faces": {
										"north": { "texture": "#waisttexture", "uv": [ 8.0, 0.5, 8.5, 1.0 ] },
										"east": { "texture": "#waisttexture", "uv": [ 8.0, 0.5, 8.5, 1.0 ] },
										"south": { "texture": "#waisttexture", "uv": [ 8.5, 0.5, 9.0, 1.0 ] },
										"west": { "texture": "#waisttexture", "uv": [ 8.5, 0.0, 9.0, 0.5 ] },
										"up": { "texture": "#waisttexture", "uv": [ 8.5, 0.0, 9.0, 0.5 ] },
										"down": { "texture": "#waisttexture", "uv": [ 8.0, 0.0, 8.5, 0.5 ] }
									}
								}
							]
						},
						{
							"name": "String1",
							"from": [ -0.1, 2.0, -0.1 ],
							"to": [ 1.1, 2.5, 2.1 ],
							"autoUnwrap": false,
							"uv": [ 0.0, 1.0 ],
							"rotationOrigin": [ 0.0, 2.0, 0.0 ],
							"faces": {
								"north": { "texture": "#waisttexture", "uv": [ 9.0, 4.0, 10.0, 4.5 ] },
								"east": { "texture": "#waisttexture", "uv": [ 9.0, 4.0, 9.5, 6.0 ], "rotation": 90 },
								"south": { "texture": "#waisttexture", "uv": [ 9.0, 5.5, 10.0, 6.0 ] },
								"west": { "texture": "#waisttexture", "uv": [ 9.5, 4.0, 10.0, 6.0 ], "rotation": 90 },
								"up": { "texture": "#waisttexture", "uv": [ 9.0, 4.0, 10.0, 6.0 ] },
								"down": { "texture": "#waisttexture", "uv": [ 9.0, 4.0, 10.0, 6.0 ] }
							},
							"children": [
								{
									"name": "String2",
									"from": [ 0.0, -2.1, 0.85 ],
									"to": [ 1.2, 0.0, 1.35 ],
									"autoUnwrap": false,
									"uv": [ 1.5, 2.0 ],
									"rotationOrigin": [ 0.0, -2.0, 1.1 ],
									"faces": {
										"north": { "texture": "#waisttexture", "uv": [ 9.0, 4.0, 11.0, 5.0 ], "rotation": 90 },
										"east": { "texture": "#waisttexture", "uv": [ 9.0, 4.5, 11.0, 5.0 ], "rotation": 90 },
										"south": { "texture": "#waisttexture", "uv": [ 9.0, 4.0, 11.0, 5.0 ], "rotation": 90 },
										"west": { "texture": "#waisttexture", "uv": [ 9.0, 4.0, 11.0, 4.5 ], "rotation": 90 },
										"down": { "texture": "#waisttexture", "uv": [ 10.5, 4.0, 11.0, 5.0 ], "rotation": 90 }
									}
								}
							]
						}
					]
				}
			]
		}
	],
	"animations": [
	]
}