{
	"editor": {
		"backDropShape": "entity/humanoid/kobold",
		"allAngles": false,
		"entityTextureMode": true
	},
	"textureWidth": 8,
	"textureHeight": 8,
	"textureSizes": {
	},
	"textures": {
		"waisttexture": "entity/humanoid/villagerclothes/waist/peasant1"
	},
	"elements": [
		{
			"name": "WaistORIGIN",
			"stepParentName": "LowerTorso",
			"from": [ -0.2, 1.0, -0.4 ],
			"to": [ 5.2, 2.0, 6.4 ],
			"autoUnwrap": false,
			"uv": [ 0.0, 0.0 ],
			"rotationOrigin": [ 2.8, 1.0, 3.0 ],
			"faces": {
			},
			"children": [
				{
					"name": "belt-down1",
					"from": [ 0.0, -4.4, 1.6 ],
					"to": [ 0.5, 0.1, 2.6 ],
					"uv": [ 0.0, 0.0 ],
					"rotationOrigin": [ 0.0, 0.2, 2.1 ],
					"rotationZ": -8.0,
					"faces": {
						"north": { "texture": "#waisttexture", "uv": [ 0.0, 1.0, 0.5, 5.5 ] },
						"south": { "texture": "#waisttexture", "uv": [ 0.5, 1.0, 1.0, 5.5 ] },
						"west": { "texture": "#waisttexture", "uv": [ 1.0, 1.0, 5.5, 2.0 ], "rotation": 90 },
						"down": { "texture": "#waisttexture", "uv": [ 0.0, 0.0, 0.5, 1.0 ] }
					}
				},
				{
					"name": "Pouch",
					"from": [ -1.3, -2.5, 5.0 ],
					"to": [ 0.2, 0.0, 7.0 ],
					"autoUnwrap": false,
					"uv": [ 2.0, 3.5 ],
					"rotationOrigin": [ 0.1, 0.5, 6.0 ],
					"rotationY": 22.5,
					"rotationZ": 5.0,
					"faces": {
						"north": { "texture": "#waisttexture", "uv": [ 5.0, 4.5, 6.5, 7.0 ], "windMode": [-1,-1,-1,-1] },
						"east": { "texture": "#waisttexture", "uv": [ 5.0, 3.5, 7.0, 6.0 ], "windMode": [-1,-1,-1,-1] },
						"south": { "texture": "#waisttexture", "uv": [ 6.0, 4.5, 7.5, 7.0 ] },
						"west": { "texture": "#waisttexture", "uv": [ 6.0, 4.5, 8.0, 7.0 ], "windMode": [-1,-1,-1,-1] },
						"up": { "texture": "#waisttexture", "uv": [ 6.0, 3.5, 8.0, 5.0 ], "rotation": 90, "windMode": [-1,-1,-1,-1] },
						"down": { "texture": "#waisttexture", "uv": [ 5.0, 5.0, 6.5, 7.0 ], "windMode": [-1,-1,-1,-1] }
					},
					"children": [
						{
							"name": "Pouch-neck",
							"from": [ 0.2, 2.5, 0.5 ],
							"to": [ 1.7, 3.0, 1.5 ],
							"uv": [ 0.0, 0.0 ],
							"rotationOrigin": [ 0.2, 2.5, 0.5 ],
							"faces": {
								"north": { "texture": "#waisttexture", "uv": [ 0.0, 1.0, 1.5, 1.5 ] },
								"south": { "texture": "#waisttexture", "uv": [ 1.5, 1.0, 3.0, 1.5 ], "windMode": [-1,-1,-1,-1] },
								"west": { "texture": "#waisttexture", "uv": [ 3.0, 1.0, 4.0, 1.5 ] },
								"up": { "texture": "#waisttexture", "uv": [ 0.0, 0.0, 1.5, 1.0 ], "windMode": [-1,-1,-1,-1] }
							},
							"children": [
								{
									"name": "poch-mouth1",
									"from": [ -0.1, 0.1, 0.3 ],
									"to": [ 1.1, 1.1, 0.8 ],
									"uv": [ 5.0, 4.0 ],
									"rotationOrigin": [ 0.6, 0.1, 0.3 ],
									"rotationX": -45.0,
									"faces": {
										"north": { "texture": "#waisttexture", "uv": [ 5.0, 4.5, 6.0, 5.5 ] },
										"east": { "texture": "#waisttexture", "uv": [ 6.0, 4.5, 6.5, 5.5 ] },
										"south": { "texture": "#waisttexture", "uv": [ 6.5, 4.5, 7.5, 5.5 ] },
										"west": { "texture": "#waisttexture", "uv": [ 7.5, 4.5, 8.0, 5.5 ] },
										"up": { "texture": "#waisttexture", "uv": [ 5.0, 4.0, 6.0, 4.5 ] },
										"down": { "texture": "#waisttexture", "uv": [ 6.0, 4.0, 7.0, 4.5 ] }
									}
								},
								{
									"name": "poch-mouth2",
									"from": [ -0.1, 0.1, 0.2 ],
									"to": [ 1.1, 1.1, 0.7 ],
									"uv": [ 5.0, 5.5 ],
									"rotationOrigin": [ 0.6, 0.1, 0.7 ],
									"rotationX": 45.0,
									"rotationY": 3.0,
									"faces": {
										"north": { "texture": "#waisttexture", "uv": [ 5.0, 6.0, 6.0, 7.0 ] },
										"east": { "texture": "#waisttexture", "uv": [ 6.0, 6.0, 6.5, 7.0 ] },
										"south": { "texture": "#waisttexture", "uv": [ 6.5, 6.0, 7.5, 7.0 ] },
										"west": { "texture": "#waisttexture", "uv": [ 7.5, 6.0, 8.0, 7.0 ] },
										"up": { "texture": "#waisttexture", "uv": [ 5.0, 5.5, 6.0, 6.0 ] },
										"down": { "texture": "#waisttexture", "uv": [ 6.0, 5.5, 7.0, 6.0 ] }
									}
								},
								{
									"name": "poch-mouth3",
									"from": [ 0.2, 0.1, -0.1 ],
									"to": [ 0.7, 1.1, 1.1 ],
									"uv": [ 5.0, 4.5 ],
									"rotationOrigin": [ 0.2, 0.1, 0.0 ],
									"rotationZ": 45.0,
									"faces": {
										"north": { "texture": "#waisttexture", "uv": [ 5.0, 5.5, 5.5, 6.5 ] },
										"east": { "texture": "#waisttexture", "uv": [ 5.5, 5.5, 6.5, 6.5 ] },
										"south": { "texture": "#waisttexture", "uv": [ 6.5, 5.5, 7.0, 6.5 ] },
										"west": { "texture": "#waisttexture", "uv": [ 7.0, 5.5, 8.0, 6.5 ] },
										"up": { "texture": "#waisttexture", "uv": [ 5.0, 4.5, 5.5, 5.5 ] },
										"down": { "texture": "#waisttexture", "uv": [ 5.5, 4.5, 6.0, 5.5 ] }
									}
								},
								{
									"name": "poch-mouth4",
									"from": [ 0.5, 0.1, -0.1 ],
									"to": [ 1.0, 1.1, 1.1 ],
									"uv": [ 5.0, 4.5 ],
									"rotationOrigin": [ 1.0, 0.1, 0.0 ],
									"rotationZ": -22.5,
									"faces": {
										"north": { "texture": "#waisttexture", "uv": [ 5.0, 5.5, 5.5, 6.5 ] },
										"east": { "texture": "#waisttexture", "uv": [ 5.5, 5.5, 6.5, 6.5 ] },
										"south": { "texture": "#waisttexture", "uv": [ 6.5, 5.5, 7.0, 6.5 ] },
										"west": { "texture": "#waisttexture", "uv": [ 7.0, 5.5, 8.0, 6.5 ] },
										"up": { "texture": "#waisttexture", "uv": [ 5.0, 4.5, 5.5, 5.5 ] },
										"down": { "texture": "#waisttexture", "uv": [ 5.5, 4.5, 6.0, 5.5 ] }
									}
								}
							]
						}
					]
				},
				{
					"name": "WaistW",
					"from": [ 0.0, 0.0, 0.0 ],
					"to": [ 0.3, 1.0, 6.8 ],
					"autoUnwrap": false,
					"uv": [ 0.0, 0.5 ],
					"faces": {
						"east": { "texture": "#waisttexture", "uv": [ 1.5, 0.0, 8.0, 1.0 ] },
						"west": { "texture": "#waisttexture", "uv": [ 1.5, 1.0, 8.0, 2.0 ] },
						"up": { "texture": "#waisttexture", "uv": [ 4.5, 1.5, 5.0, 8.0 ] },
						"down": { "texture": "#waisttexture", "uv": [ 0.0, 1.5, 0.5, 8.0 ] }
					}
				},
				{
					"name": "WaistE",
					"from": [ 5.1, 0.0, 0.0 ],
					"to": [ 5.4, 1.0, 6.8 ],
					"autoUnwrap": false,
					"uv": [ 0.0, 0.5 ],
					"rotationOrigin": [ 5.1, 0.0, 0.0 ],
					"faces": {
						"east": { "texture": "#waisttexture", "uv": [ 1.5, 0.0, 8.0, 1.0 ] },
						"west": { "texture": "#waisttexture", "uv": [ 1.5, 1.0, 8.0, 2.0 ] },
						"up": { "texture": "#waisttexture", "uv": [ 4.5, 1.5, 5.0, 8.0 ] },
						"down": { "texture": "#waisttexture", "uv": [ 0.0, 1.5, 0.5, 8.0 ] }
					}
				},
				{
					"name": "WaistN",
					"from": [ 0.0, -0.002, 0.0 ],
					"to": [ 5.4, 0.998, 0.3 ],
					"autoUnwrap": false,
					"uv": [ 0.0, 0.5 ],
					"faces": {
						"north": { "texture": "#waisttexture", "uv": [ 0.0, 0.5, 5.0, 1.5 ], "autoUv": false, "windMode": [-1,-1,-1,-1] },
						"south": { "texture": "#waisttexture", "uv": [ 3.0, 7.0, 8.0, 8.0 ], "windMode": [-1,-1,-1,-1] },
						"up": { "texture": "#waisttexture", "uv": [ 0.0, 7.5, 5.0, 8.0 ] },
						"down": { "texture": "#waisttexture", "uv": [ 0.0, 1.5, 5.0, 2.0 ] }
					}
				},
				{
					"name": "WaistN2",
					"from": [ 0.0, -0.002, 6.5 ],
					"to": [ 5.4, 0.998, 6.8 ],
					"autoUnwrap": false,
					"uv": [ 0.0, 0.5 ],
					"rotationOrigin": [ 0.0, 0.0, 6.5 ],
					"faces": {
						"north": { "texture": "#waisttexture", "uv": [ 0.0, 0.5, 5.0, 1.5 ], "autoUv": false, "windMode": [-1,-1,-1,-1] },
						"south": { "texture": "#waisttexture", "uv": [ 3.0, 7.0, 8.0, 8.0 ], "windMode": [-1,-1,-1,-1] },
						"up": { "texture": "#waisttexture", "uv": [ 0.0, 7.5, 5.0, 8.0 ] },
						"down": { "texture": "#waisttexture", "uv": [ 0.0, 1.5, 5.0, 2.0 ] }
					}
				}
			]
		}
	],
	"animations": [
	]
}