{
	"editor": {
		"backDropShape": "entity/humanoid/kobold",
		"allAngles": false,
		"entityTextureMode": false
	},
	"textureWidth": 8,
	"textureHeight": 8,
	"textureSizes": {
	},
	"textures": {
		"waisttexture": "entity/humanoid/villagerclothes/waist/peasant2"
	},
	"elements": [
		{
			"name": "Waist",
			"stepParentName": "LowerTorso",
			"from": [ -0.2, 1.0, -0.4 ],
			"to": [ 5.2, 2.0, 6.4 ],
			"rotationOrigin": [ 2.8, 1.0, 3.0 ],
			"faces": {
				"north": { "texture": "#waisttexture", "uv": [ 0.0, 0.0, 5.0, 1.0 ] },
				"east": { "texture": "#waisttexture", "uv": [ 1.5, 0.5, 8.0, 1.5 ] },
				"south": { "texture": "#waisttexture", "uv": [ 0.0, 0.0, 5.0, 1.0 ] },
				"west": { "texture": "#waisttexture", "uv": [ 1.0, 0.5, 7.5, 1.5 ] },
				"up": { "texture": "#waisttexture", "uv": [ 0.0, 1.5, 5.0, 8.0 ] },
				"down": { "texture": "#waisttexture", "uv": [ 0.0, 1.5, 5.0, 8.0 ] }
			},
			"children": [
				{
					"name": "belt-down1",
					"from": [ 0.0, -4.9, 3.6 ],
					"to": [ 0.5, 0.1, 4.6 ],
					"rotationOrigin": [ 0.0, 0.1, 4.1 ],
					"rotationX": -5.0,
					"rotationZ": -8.0,
					"faces": {
						"north": { "texture": "#waisttexture", "uv": [ 4.5, 0.5, 5.0, 5.5 ] },
						"south": { "texture": "#waisttexture", "uv": [ 0.0, 2.0, 0.5, 7.0 ] },
						"west": { "texture": "#waisttexture", "uv": [ 2.5, 0.5, 7.5, 1.5 ], "rotation": 90 },
						"down": { "texture": "#waisttexture", "uv": [ 0.0, 0.0, 0.5, 1.0 ] }
					}
				},
				{
					"name": "belt-down2",
					"from": [ 0.0, -2.7, 2.1 ],
					"to": [ 0.5, 0.3, 3.1 ],
					"rotationOrigin": [ 0.0, 0.3, 2.6 ],
					"rotationX": 7.0,
					"rotationZ": -15.0,
					"faces": {
						"north": { "texture": "#waisttexture", "uv": [ 4.0, 3.5, 4.5, 6.5 ] },
						"south": { "texture": "#waisttexture", "uv": [ 0.0, 4.0, 0.5, 7.0 ] },
						"west": { "texture": "#waisttexture", "uv": [ 2.5, 0.5, 5.5, 1.5 ], "rotation": 90 },
						"down": { "texture": "#waisttexture", "uv": [ 0.0, 0.0, 0.5, 1.0 ] }
					}
				}
			]
		}
	]}