[
  {
    "op": "remove",
    "path": "/guiTransformByType/@hoehead-(copper|tinbronze|bismuthbronze|blackbronze|iron|meteoriciron|gold|silver|steel)",
    "file": "game:itemtypes/toolhead/hoehead.json"
  },
  {
    "op": "add",
    "path": "/guiTransformByType/@hoehead-(copper|tinbronze|bismuthbronze|blackbronze|iron|meteoriciron|gold|silver|steel|stainlesssteel|titanium|mithril|adamant|orichalcum|aithril)",
    "value": {
      "rotate": false,
      "translation": {
        "x": 0,
        "y": 0,
        "z": 0
      },
      "rotation": {
        "x": -52,
        "y": -131,
        "z": -180
      },
      "origin": {
        "x": 0.93,
        "y": 0,
        "z": 0.5
      },
      "scale": 3.76
    },
    "file": "game:itemtypes/toolhead/hoehead.json"
  },
  {
    "op": "add",
    "path": "/shapeByType/*-adamant",
    "value": {
      "base": "item/tool/shovelhead-copper"
    },
    "file": "game:itemtypes/toolhead/hoehead.json",
    "condition": { "when": "fantasymetalsenabled", "isValue": "true" }
  },
  {
    "op": "add",
    "path": "/shapeByType/*-mithril",
    "value": {
      "base": "item/tool/shovelhead-copper"
    },
    "file": "game:itemtypes/toolhead/hoehead.json",
    "condition": { "when": "fantasymetalsenabled", "isValue": "true" }
  },
  {
    "op": "add",
    "path": "/shapeByType/*-orichalcum",
    "value": {
      "base": "item/tool/shovelhead-copper"
    },
    "file": "game:itemtypes/toolhead/hoehead.json",
    "condition": { "when": "fantasymetalsenabled", "isValue": "true" }
  },
  {
    "op": "add",
    "path": "/shapeByType/*-stainlesssteel",
    "value": {
      "base": "item/tool/shovelhead-copper"
    },
    "file": "game:itemtypes/toolhead/hoehead.json",
    "condition": { "when": "stainlessenabled", "isValue": "true" }
  },
  {
    "op": "add",
    "path": "/shapeByType/*-titanium",
    "value": {
      "base": "item/tool/shovelhead-copper"
    },
    "file": "game:itemtypes/toolhead/hoehead.json",
    "condition": { "when": "titaniumenabled", "isValue": "true" }
  },
  {
    "op": "add",
    "path": "/shapeByType/*-aithril",
    "value": {
      "base": "item/tool/shovelhead-copper"
    },
    "file": "game:itemtypes/toolhead/hoehead.json",
    "condition": { "when": "fantasymetalsenabled", "isValue": "true" }
  },
  {
    "op": "add",
    "path": "/variantgroups/0/states/16",
    "value": "stainlesssteel",
    "file": "game:itemtypes/toolhead/hoehead.json",
    "condition": { "when": "stainlessenabled", "isValue": "true" }
  },
  {
    "op": "add",
    "path": "/variantgroups/0/states/17",
    "value": "titanium",
    "file": "game:itemtypes/toolhead/hoehead.json",
    "condition": { "when": "titaniumenabled", "isValue": "true" }
  },
  {
    "op": "add",
    "path": "/variantgroups/0/states/18",
    "value": "mithril",
    "file": "game:itemtypes/toolhead/hoehead.json",
    "condition": { "when": "fantasymetalsenabled", "isValue": "true" }
  },
  {
    "op": "add",
    "path": "/variantgroups/0/states/19",
    "value": "adamant",
    "file": "game:itemtypes/toolhead/hoehead.json",
    "condition": { "when": "fantasymetalsenabled", "isValue": "true" }
  },
  {
    "op": "add",
    "path": "/variantgroups/0/states/20",
    "value": "orichalcum",
    "file": "game:itemtypes/toolhead/hoehead.json",
    "condition": { "when": "fantasymetalsenabled", "isValue": "true" }
  },
  {
    "op": "add",
    "path": "/variantgroups/0/states/20",
    "value": "aithril",
    "file": "game:itemtypes/toolhead/hoehead.json",
    "condition": { "when": "fantasymetalsenabled", "isValue": "true" }
  }
]