{
	"editor": {
		"allAngles": false,
		"entityTextureMode": false
	},
	"textureWidth": 16,
	"textureHeight": 48,
	"textureSizes": {
		"leaves": [16,48],
		"stalk": [4,48]
	},
	"textures": {
	},
	"elements": [
		{
			"name": "baseleaves1",
			"from": [ 4.0, 0.0, 0.0 ],
			"to": [ 4.0, 48.0, 16.0 ],
			"renderPass": 1,
			"rotationOrigin": [ 4.0, 0.0, 0.0 ],
			"rotationZ": 9.0,
			"faces": {
				"west": { "texture": "#leaves", "uv": [ 0.0, 0.0, 16.0, 48.0 ], "windMode": [0,0,5,5], "windData": [0,0,2,2] }
			}
		},
		{
			"name": "baseleaves2",
			"from": [ 12.0, 0.0, 0.0 ],
			"to": [ 12.0, 48.0, 16.0 ],
			"shade": false,
			"renderPass": 1,
			"rotationOrigin": [ 12.0, 0.0, 0.0 ],
			"rotationZ": -9.0,
			"faces": {
				"east": { "texture": "#leaves", "uv": [ 0.0, 0.0, 16.0, 48.0 ], "windMode": [0,5,5,0], "windData": [0,2,2,0] }
			}
		},
		{
			"name": "baseleaves3",
			"from": [ 0.0, 0.0, 4.0 ],
			"to": [ 16.0, 48.0, 4.0 ],
			"shade": false,
			"renderPass": 1,
			"rotationOrigin": [ 0.0, 0.0, 4.0 ],
			"rotationX": -9.0,
			"faces": {
				"south": { "texture": "#leaves", "uv": [ 0.0, 0.0, 16.0, 48.0 ], "windMode": [0,0,5,5], "windData": [0,0,2,2] }
			}
		},
		{
			"name": "baseleaves4",
			"from": [ 0.0, 0.0, 12.0 ],
			"to": [ 16.0, 48.0, 12.0 ],
			"shade": false,
			"renderPass": 1,
			"rotationOrigin": [ 0.0, 0.0, 12.0 ],
			"rotationX": 9.0,
			"faces": {
				"south": { "texture": "#leaves", "uv": [ 0.0, 0.0, 16.0, 48.0 ], "windMode": [0,0,5,5], "windData": [0,0,2,2] }
			}
		},
		{
			"name": "baseleaves5",
			"from": [ 3.0, 0.0, 13.0 ],
			"to": [ 19.0, 48.0, 13.0 ],
			"shade": false,
			"renderPass": 1,
			"rotationOrigin": [ 3.0, 0.0, 13.0 ],
			"rotationY": 45.0,
			"faces": {
				"south": { "texture": "#leaves", "uv": [ 0.0, 0.0, 16.0, 48.0 ], "windMode": [0,0,5,5], "windData": [0,0,3,3] }
			}
		},
		{
			"name": "baseleaves6",
			"from": [ 1.0, 0.0, 6.0 ],
			"to": [ 17.0, 48.0, 6.0 ],
			"shade": false,
			"renderPass": 1,
			"rotationOrigin": [ 1.0, 0.0, 6.0 ],
			"rotationY": -25.0,
			"faces": {
				"south": { "texture": "#leaves", "uv": [ 0.0, 0.0, 16.0, 48.0 ], "windMode": [0,0,5,5], "windData": [0,0,3,3] }
			}
		}
	]}