{
	"editor": {
		"allAngles": false,
		"entityTextureMode": false
	},
	"textureWidth": 16,
	"textureHeight": 16,
	"textureSizes": {
		"cabombacaroliniana-top": [16,16]
	},
	"textures": {
	},
	"elements": [
		{
			"name": "origin",
			"from": [ 8.0, 0.0, 8.0 ],
			"to": [ 8.0, 0.0, 8.0 ],
			"shade": false,
			"rotationOrigin": [ 8.0, 0.0, 8.0 ],
			"faces": {
				"north": { "texture": "#cabombacaroliniana-top", "uv": [ 0.0, 0.0, 0.5, 0.5 ], "windMode": [0,0,0,0] },
				"east": { "texture": "#cabombacaroliniana-top", "uv": [ 0.0, 0.0, 0.5, 0.5 ], "windMode": [0,0,0,0] },
				"south": { "texture": "#cabombacaroliniana-top", "uv": [ 0.0, 0.0, 0.5, 0.5 ], "windMode": [0,0,0,0] },
				"west": { "texture": "#cabombacaroliniana-top", "uv": [ 0.0, 0.0, 0.5, 0.5 ], "windMode": [0,0,0,0] },
				"up": { "texture": "#cabombacaroliniana-top", "uv": [ 0.0, 0.0, 0.5, 0.5 ], "windMode": [0,0,0,0] },
				"down": { "texture": "#cabombacaroliniana-top", "uv": [ 0.0, 0.0, 0.5, 0.5 ], "windMode": [0,0,0,0] }
			},
			"children": [
				{
					"name": "W1",
					"from": [ 3.0, -2.0, -5.0 ],
					"to": [ 7.5, 13.0, -5.0 ],
					"shade": false,
					"rotationOrigin": [ 5.3, -2.0, -5.0 ],
					"rotationY": -22.5,
					"faces": {
						"south": { "texture": "#cabombacaroliniana-top", "uv": [ 9.5, 0.0, 14.0, 15.0 ] }
					},
					"children": [
						{
							"name": "N1",
							"from": [ 2.25, 0.0, -2.3 ],
							"to": [ 2.25, 15.0, 2.2 ],
							"shade": false,
							"rotationOrigin": [ 2.25, 0.0, 0.0 ],
							"faces": {
								"east": { "texture": "#cabombacaroliniana-top", "uv": [ 9.5, 0.0, 14.0, 15.0 ] }
							}
						},
						{
							"name": "W6",
							"from": [ 0.0, 0.0, 0.0 ],
							"to": [ 4.5, 15.0, 0.0 ],
							"shade": false,
							"rotationOrigin": [ 2.3, 0.0, 0.0 ],
							"rotationY": 45.0,
							"faces": {
								"south": { "texture": "#cabombacaroliniana-top", "uv": [ 9.5, 0.0, 14.0, 15.0 ] }
							},
							"children": [
								{
									"name": "N6",
									"from": [ 2.25, 0.0, -2.3 ],
									"to": [ 2.25, 15.0, 2.2 ],
									"shade": false,
									"rotationOrigin": [ 2.25, 0.0, 0.0 ],
									"faces": {
										"east": { "texture": "#cabombacaroliniana-top", "uv": [ 9.5, 0.0, 14.0, 15.0 ] }
									}
								}
							]
						}
					]
				},
				{
					"name": "W2",
					"from": [ -3.0, -2.0, 6.0 ],
					"to": [ 1.5, 5.0, 6.0 ],
					"shade": false,
					"rotationOrigin": [ -0.8, -2.0, 6.0 ],
					"rotationY": -45.0,
					"faces": {
						"south": { "texture": "#cabombacaroliniana-top", "uv": [ 2.0, 0.0, 6.5, 7.0 ] }
					},
					"children": [
						{
							"name": "N2",
							"from": [ 2.25, 0.0, -2.3 ],
							"to": [ 2.25, 7.0, 2.2 ],
							"shade": false,
							"rotationOrigin": [ 2.25, 0.0, 0.0 ],
							"faces": {
								"east": { "texture": "#cabombacaroliniana-top", "uv": [ 2.0, 0.0, 6.5, 7.0 ] }
							}
						},
						{
							"name": "W7",
							"from": [ 0.0, 0.0, 0.0 ],
							"to": [ 4.5, 7.0, 0.0 ],
							"shade": false,
							"rotationOrigin": [ 2.2, 0.0, 0.0 ],
							"rotationY": 45.0,
							"faces": {
								"south": { "texture": "#cabombacaroliniana-top", "uv": [ 2.0, 0.0, 6.5, 7.0 ] }
							},
							"children": [
								{
									"name": "N7",
									"from": [ 2.25, 0.0, -2.3 ],
									"to": [ 2.25, 7.0, 2.2 ],
									"shade": false,
									"rotationOrigin": [ 2.25, 0.0, 0.0 ],
									"faces": {
										"east": { "texture": "#cabombacaroliniana-top", "uv": [ 2.0, 0.0, 6.5, 7.0 ] }
									}
								}
							]
						}
					]
				},
				{
					"name": "W3",
					"from": [ -6.0, -2.0, -5.0 ],
					"to": [ -1.5, 5.0, -5.0 ],
					"shade": false,
					"rotationOrigin": [ -3.7, -2.0, -5.0 ],
					"rotationY": 22.5,
					"faces": {
						"south": { "texture": "#cabombacaroliniana-top", "uv": [ 2.0, 0.0, 6.5, 7.0 ] }
					},
					"children": [
						{
							"name": "N3",
							"from": [ 2.25, 0.0, -2.3 ],
							"to": [ 2.25, 7.0, 2.2 ],
							"shade": false,
							"rotationOrigin": [ 2.25, 0.0, 0.0 ],
							"faces": {
								"east": { "texture": "#cabombacaroliniana-top", "uv": [ 2.0, 0.0, 6.5, 7.0 ] }
							}
						},
						{
							"name": "W8",
							"from": [ 0.0, 0.0, 0.0 ],
							"to": [ 4.5, 7.0, 0.0 ],
							"shade": false,
							"rotationOrigin": [ 2.3, 0.0, 0.0 ],
							"rotationY": 45.0,
							"faces": {
								"south": { "texture": "#cabombacaroliniana-top", "uv": [ 2.0, 0.0, 6.5, 7.0 ] }
							},
							"children": [
								{
									"name": "N8",
									"from": [ 2.25, 0.0, -2.3 ],
									"to": [ 2.25, 7.0, 2.2 ],
									"shade": false,
									"rotationOrigin": [ 2.25, 0.0, 0.0 ],
									"faces": {
										"east": { "texture": "#cabombacaroliniana-top", "uv": [ 2.0, 0.0, 6.5, 7.0 ] }
									}
								}
							]
						}
					]
				},
				{
					"name": "W4",
					"from": [ -1.0, -2.0, -4.0 ],
					"to": [ 3.5, 2.0, -4.0 ],
					"shade": false,
					"rotationOrigin": [ 1.3, -2.0, -4.0 ],
					"faces": {
						"south": { "texture": "#cabombacaroliniana-top", "uv": [ 2.0, 0.0, 6.5, 4.0 ] }
					},
					"children": [
						{
							"name": "N4",
							"from": [ 2.25, 0.0, -2.3 ],
							"to": [ 2.25, 4.0, 2.2 ],
							"shade": false,
							"rotationOrigin": [ 2.25, 0.0, 0.0 ],
							"faces": {
								"east": { "texture": "#cabombacaroliniana-top", "uv": [ 2.0, 0.0, 6.5, 4.0 ] }
							}
						},
						{
							"name": "W9",
							"from": [ 0.0, 0.0, 0.0 ],
							"to": [ 4.5, 4.0, 0.0 ],
							"shade": false,
							"rotationOrigin": [ 2.3, 0.0, 0.0 ],
							"rotationY": 45.0,
							"faces": {
								"south": { "texture": "#cabombacaroliniana-top", "uv": [ 2.0, 0.0, 6.5, 4.0 ] }
							},
							"children": [
								{
									"name": "N9",
									"from": [ 2.25, 0.0, -2.3 ],
									"to": [ 2.25, 4.0, 2.2 ],
									"shade": false,
									"rotationOrigin": [ 2.25, 0.0, 0.0 ],
									"faces": {
										"east": { "texture": "#cabombacaroliniana-top", "uv": [ 2.0, 0.0, 6.5, 4.0 ] }
									}
								}
							]
						}
					]
				},
				{
					"name": "W5",
					"from": [ 1.0, -2.0, 4.0 ],
					"to": [ 5.5, 8.0, 4.0 ],
					"shade": false,
					"rotationOrigin": [ 3.3, -2.0, 4.0 ],
					"rotationY": 22.5,
					"faces": {
						"south": { "texture": "#cabombacaroliniana-top", "uv": [ 2.0, 0.0, 6.5, 10.0 ] }
					},
					"children": [
						{
							"name": "N5",
							"from": [ 2.25, 0.0, -2.3 ],
							"to": [ 2.25, 10.0, 2.2 ],
							"shade": false,
							"rotationOrigin": [ 2.25, 0.0, 0.0 ],
							"faces": {
								"east": { "texture": "#cabombacaroliniana-top", "uv": [ 2.0, 0.0, 6.5, 10.0 ] }
							}
						},
						{
							"name": "W10",
							"from": [ 0.0, 0.0, 0.0 ],
							"to": [ 4.5, 10.0, 0.0 ],
							"shade": false,
							"rotationOrigin": [ 2.3, 0.0, 0.0 ],
							"rotationY": 45.0,
							"faces": {
								"south": { "texture": "#cabombacaroliniana-top", "uv": [ 2.0, 0.0, 6.5, 10.0 ] }
							},
							"children": [
								{
									"name": "N10",
									"from": [ 2.25, 0.0, -2.3 ],
									"to": [ 2.25, 10.0, 2.2 ],
									"shade": false,
									"rotationOrigin": [ 2.25, 0.0, 0.0 ],
									"faces": {
										"east": { "texture": "#cabombacaroliniana-top", "uv": [ 2.0, 0.0, 6.5, 10.0 ] }
									}
								}
							]
						}
					]
				},
				{
					"name": "W11",
					"from": [ -7.0, -2.0, 2.0 ],
					"to": [ -2.5, 9.0, 2.0 ],
					"shade": false,
					"rotationOrigin": [ -4.7, -2.0, 2.0 ],
					"rotationY": -22.5,
					"faces": {
						"south": { "texture": "#cabombacaroliniana-top", "uv": [ 2.0, 0.0, 6.5, 11.0 ] }
					},
					"children": [
						{
							"name": "N11",
							"from": [ 2.25, 0.0, -2.3 ],
							"to": [ 2.25, 11.0, 2.2 ],
							"shade": false,
							"rotationOrigin": [ 2.25, 0.0, 0.0 ],
							"faces": {
								"east": { "texture": "#cabombacaroliniana-top", "uv": [ 2.0, 0.0, 6.5, 11.0 ] }
							}
						},
						{
							"name": "W12",
							"from": [ 0.0, 0.0, 0.0 ],
							"to": [ 4.5, 11.0, 0.0 ],
							"shade": false,
							"rotationOrigin": [ 2.3, 0.0, 0.0 ],
							"rotationY": 45.0,
							"faces": {
								"south": { "texture": "#cabombacaroliniana-top", "uv": [ 2.0, 0.0, 6.5, 11.0 ] }
							},
							"children": [
								{
									"name": "N12",
									"from": [ 2.25, 0.0, -2.3 ],
									"to": [ 2.25, 11.0, 2.2 ],
									"shade": false,
									"rotationOrigin": [ 2.25, 0.0, 0.0 ],
									"faces": {
										"east": { "texture": "#cabombacaroliniana-top", "uv": [ 2.0, 0.0, 6.5, 11.0 ] }
									}
								}
							]
						}
					]
				},
				{
					"name": "W13",
					"from": [ -4.0, -2.0, -1.0 ],
					"to": [ 0.5, 12.0, -1.0 ],
					"shade": false,
					"rotationOrigin": [ -1.7, -2.0, -1.0 ],
					"rotationY": -22.5,
					"faces": {
						"south": { "texture": "#cabombacaroliniana-top", "uv": [ 2.0, 0.0, 6.5, 14.0 ] }
					},
					"children": [
						{
							"name": "N13",
							"from": [ 2.25, 0.0, -2.3 ],
							"to": [ 2.25, 14.0, 2.2 ],
							"shade": false,
							"rotationOrigin": [ 2.25, 0.0, 0.0 ],
							"faces": {
								"east": { "texture": "#cabombacaroliniana-top", "uv": [ 2.0, 0.0, 6.5, 14.0 ] }
							}
						},
						{
							"name": "W14",
							"from": [ 0.0, 0.0, 0.0 ],
							"to": [ 4.5, 14.0, 0.0 ],
							"shade": false,
							"rotationOrigin": [ 2.3, 0.0, 0.0 ],
							"rotationY": 45.0,
							"faces": {
								"south": { "texture": "#cabombacaroliniana-top", "uv": [ 2.0, 0.0, 6.5, 14.0 ] }
							},
							"children": [
								{
									"name": "N14",
									"from": [ 2.25, 0.0, -2.3 ],
									"to": [ 2.25, 14.0, 2.2 ],
									"shade": false,
									"rotationOrigin": [ 2.25, 0.0, 0.0 ],
									"faces": {
										"east": { "texture": "#cabombacaroliniana-top", "uv": [ 2.0, 0.0, 6.5, 14.0 ] }
									}
								}
							]
						}
					]
				},
				{
					"name": "W15",
					"from": [ -2.0, -2.0, 2.0 ],
					"to": [ 2.5, 14.0, 2.0 ],
					"shade": false,
					"rotationOrigin": [ 0.3, -2.0, 2.0 ],
					"rotationY": -22.5,
					"faces": {
						"south": { "texture": "#cabombacaroliniana-top", "uv": [ 9.5, 0.0, 14.0, 16.0 ] }
					},
					"children": [
						{
							"name": "N15",
							"from": [ 2.25, 0.0, -2.3 ],
							"to": [ 2.25, 16.0, 2.2 ],
							"shade": false,
							"rotationOrigin": [ 2.25, 0.0, 0.0 ],
							"faces": {
								"east": { "texture": "#cabombacaroliniana-top", "uv": [ 9.5, 0.0, 14.0, 16.0 ] }
							}
						},
						{
							"name": "W16",
							"from": [ 0.0, 0.0, 0.0 ],
							"to": [ 4.5, 16.0, 0.0 ],
							"shade": false,
							"rotationOrigin": [ 2.3, 0.0, 0.0 ],
							"rotationY": 45.0,
							"faces": {
								"south": { "texture": "#cabombacaroliniana-top", "uv": [ 9.5, 0.0, 14.0, 16.0 ] }
							},
							"children": [
								{
									"name": "N16",
									"from": [ 2.25, 0.0, -2.3 ],
									"to": [ 2.25, 16.0, 2.2 ],
									"shade": false,
									"rotationOrigin": [ 2.25, 0.0, 0.0 ],
									"faces": {
										"east": { "texture": "#cabombacaroliniana-top", "uv": [ 9.5, 0.0, 14.0, 16.0 ] }
									}
								}
							]
						},
						{
							"name": "Flower1",
							"from": [ 1.5, 16.0, 0.0 ],
							"to": [ 3.0, 18.0, 0.0 ],
							"shade": false,
							"rotationOrigin": [ 1.5, 0.0, 0.0 ],
							"faces": {
								"north": { "texture": "#cabombacaroliniana-top", "uv": [ 14.5, 14.0, 16.0, 16.0 ] }
							}
						},
						{
							"name": "Flower2",
							"from": [ 1.5, 16.0, 0.0 ],
							"to": [ 3.0, 18.0, 0.0 ],
							"shade": false,
							"rotationOrigin": [ 2.2, 0.0, 0.0 ],
							"rotationY": 67.5,
							"faces": {
								"north": { "texture": "#cabombacaroliniana-top", "uv": [ 14.5, 14.0, 16.0, 16.0 ] }
							}
						},
						{
							"name": "Flower3",
							"from": [ 1.5, 16.0, 0.0 ],
							"to": [ 3.0, 18.0, 0.0 ],
							"shade": false,
							"rotationOrigin": [ 2.2, 0.0, 0.0 ],
							"rotationY": 112.5,
							"faces": {
								"north": { "texture": "#cabombacaroliniana-top", "uv": [ 14.5, 14.0, 16.0, 16.0 ] }
							}
						}
					]
				},
				{
					"name": "W17",
					"from": [ 3.0, -2.0, -1.0 ],
					"to": [ 7.5, 11.0, -1.0 ],
					"shade": false,
					"rotationOrigin": [ 5.3, -2.0, -1.0 ],
					"rotationY": -22.5,
					"faces": {
						"south": { "texture": "#cabombacaroliniana-top", "uv": [ 2.0, 0.0, 6.5, 13.0 ] }
					},
					"children": [
						{
							"name": "N17",
							"from": [ 2.25, 0.0, -2.3 ],
							"to": [ 2.25, 13.0, 2.2 ],
							"shade": false,
							"rotationOrigin": [ 2.25, 0.0, 0.0 ],
							"faces": {
								"east": { "texture": "#cabombacaroliniana-top", "uv": [ 2.0, 0.0, 6.5, 13.0 ] }
							}
						},
						{
							"name": "W18",
							"from": [ 0.0, 0.0, 0.0 ],
							"to": [ 4.5, 13.0, 0.0 ],
							"shade": false,
							"rotationOrigin": [ 2.3, 0.0, 0.0 ],
							"rotationY": 45.0,
							"faces": {
								"south": { "texture": "#cabombacaroliniana-top", "uv": [ 2.0, 0.0, 6.5, 13.0 ] }
							},
							"children": [
								{
									"name": "N18",
									"from": [ 2.25, 0.0, -2.3 ],
									"to": [ 2.25, 13.0, 2.2 ],
									"shade": false,
									"rotationOrigin": [ 2.25, 0.0, 0.0 ],
									"faces": {
										"east": { "texture": "#cabombacaroliniana-top", "uv": [ 2.0, 0.0, 6.5, 13.0 ] }
									}
								}
							]
						}
					]
				},
				{
					"name": "W19",
					"from": [ -8.0, -2.0, 6.0 ],
					"to": [ -3.5, 3.0, 6.0 ],
					"shade": false,
					"rotationOrigin": [ -5.7, -2.0, 6.0 ],
					"rotationY": -22.5,
					"faces": {
						"south": { "texture": "#cabombacaroliniana-top", "uv": [ 2.0, 0.0, 6.5, 5.0 ] }
					},
					"children": [
						{
							"name": "N19",
							"from": [ 2.25, 0.0, -2.3 ],
							"to": [ 2.25, 5.0, 2.2 ],
							"shade": false,
							"rotationOrigin": [ 2.25, 0.0, 0.0 ],
							"faces": {
								"east": { "texture": "#cabombacaroliniana-top", "uv": [ 2.0, 0.0, 6.5, 5.0 ] }
							}
						},
						{
							"name": "W20",
							"from": [ 0.0, 0.0, 0.0 ],
							"to": [ 4.5, 5.0, 0.0 ],
							"shade": false,
							"rotationOrigin": [ 2.3, 0.0, 0.0 ],
							"rotationY": 45.0,
							"faces": {
								"south": { "texture": "#cabombacaroliniana-top", "uv": [ 2.0, 0.0, 6.5, 5.0 ] }
							},
							"children": [
								{
									"name": "N20",
									"from": [ 2.25, 0.0, -2.3 ],
									"to": [ 2.25, 5.0, 2.2 ],
									"shade": false,
									"rotationOrigin": [ 2.25, 0.0, 0.0 ],
									"faces": {
										"east": { "texture": "#cabombacaroliniana-top", "uv": [ 2.0, 0.0, 6.5, 5.0 ] }
									}
								}
							]
						}
					]
				}
			]
		}
	]}