{
	"code": "roofridgeslab",
	"behaviors": [{
		"name": "HorizontalOrientable", 
			"properties": {  
				"dropBlockFace": "east", 
				"drop": { 
					"type": "block", 
					"code": "roofridgeslab-{material}-east-free" 
				}
			}
		}
	],
	
	"variantgroups": [
		{ "code": "material", "states":  ["blue", "brown", "green", "pink", "plain", "quartzglass", "smoky", "violet", "yellow","red"] },
		{ "loadFromProperties": "abstract/horizontalorientation" },
		{ "code": "cover", "states": ["free", "snow"] }
	],
	"attributes": {
		"humanoidTraversalCost": 100,
		"mapColorCode": "settlement",
		canChisel: true

	},
	"shapeByType": { 
		"*-north-*": { "base": "glassroof:block/slanted-ridge-slab", "rotateY": 180 },
		"*-west-*": { "base": "glassroof:block/slanted-ridge-slab", "rotateY": 90 },
		"*-south-*": { "base": "glassroof:block/slanted-ridge-slab", "rotateY": 0 },
		"*-east-*": { "base": "glassroof:block/slanted-ridge-slab", "rotateY": 270 }
	},
	"texturesByType": {
		"*":{"color":  {base: "{material}"},
"color-cut-twice": {base: "{material}-cut-twice"}}
	},


	"drawtype": "json",
	"faceCullMode": "MergeMaterial",	


	renderPass: "Transparent",
	sidesolid: { all: false, down: true },
	"sideopaque": { "all": false },
 	blockmaterial: "Glass",
	"creativeinventory": { "general": ["*-east-free"]},
	"replaceable": 300,
	lightAbsorption: 0,
	"resistance": .25,
	"emitSideAo": {
		"all": true
	},
	"sideAoByType": { "*-sod-*": { "all": false } },
	vertexFlags: {
		zOffset: 2
	},



"sounds": {
		
		
			"place": "game:player/buildhigh",
			"break": "game:block/glass",
			"hit": "game:block/glass",
	"walk": "walk/glass*"



		
	},
	collisionSelectionBoxes: [
		{ x1: 0, y1: 0, z1: 0, x2: 1, y2: 0.375, z2: 1, rotateYByType: { "*-we-*": 90 } },
		{ x1: 0.25, y1: 0.375, z1: 0, x2: 0.75, y2: 0.5625, z2: 1, rotateYByType: { "*-we-*": 90 } },
	],
	"guiTransformByType": {
		
		"*": {
			"rotation": { x: -22.6, y: -40, z: 0 },
			"origin": { x: 0.53, y: 0.55, z: 0.46 },
			"scale": 0.85
		}
	}
}