{
	"code": "roof",
	"behaviors": [{
		"name": "HorizontalOrientable", 
			"properties": {  
				"dropBlockFace": "east", 
				"drop": { 
					"type": "block", 
					"code": "roof-{material}-east-free" 
				}
			}
		}
	],
	
	"variantgroups": [
		{ "code": "material", "states":  ["blue", "brown", "green", "pink", "plain", "quartzglass", "smoky", "violet", "yellow","red"] },
		{ "loadFromProperties": "abstract/horizontalorientation" },
		{ "code": "cover", "states": ["free", "snow"] }
	],
	"attributes": {
		"humanoidTraversalCost": 100,
		"mapColorCode": "settlement",
		canChisel: true

	},
	"shapeByType": { 
		"*-north-*": { "base": "glassroof:block/slanted-main", "rotateY": 90 },
		"*-west-*": { "base": "glassroof:block/slanted-main", "rotateY": 180 },
		"*-south-*": { "base": "glassroof:block/slanted-main", "rotateY": 270 },
		"*-east-*": { "base": "glassroof:block/slanted-main", "rotateY": 0 }
	},
	"texturesByType": {
		"*":{"color":  {base: "{material}"}}
	},


	"drawtype": "json",
	"faceCullMode": "MergeMaterial",	


	renderPass: "Transparent",
	"sidesolidByType": {
		"*-north-*": {"north": true, "south": false, "east": false, "west": false, "up": false, "down": true },
		"*-south-*": {"north": false, "south": true, "east": false, "west": false, "up": false, "down": true },
		"*-east-*": {"north": false, "south": false, "east": true, "west": false, "up": false, "down": true },
		"*-west-*": {"north": false, "south": false, "east": false, "west": true, "up": false, "down": true }
	},
	"sideopaque": { "all": false },
 	blockmaterial: "Glass",
	"creativeinventory": { "general": ["*-east-free"]},
	"replaceable": 300,
	lightAbsorption: 0,
	"resistance": .25,
	"emitSideAo": {
		"all": true
	},
	"sideAoByType": { "*-sod-*": { "all": false } },
	vertexFlags: {
		zOffset: 2
	},



"sounds": {
		
		
			"place": "game:player/buildhigh",
			"break": "game:block/glass",
			"hit": "game:block/glass",
	"walk": "walk/glass*"



		
	},
	collisionSelectionBoxesByType: {
		"*-north-*": [ { x1: 0, y1: 0, z1: 0, x2: 1, y2: 0.5625, z2: 1, rotateY: 90 }, { x1: 0.625, y1: 0.5625, z1: 0, x2: 1, y2: 1, z2: 1, rotateY: 90 } ],
		"*-west-*": [ { x1: 0, y1: 0, z1: 0, x2: 1, y2: 0.5625, z2: 1, rotateY: 180 }, { x1: 0.625, y1: 0.5625, z1: 0, x2: 1, y2: 1, z2: 1, rotateY: 180 } ],
		"*-south-*": [ { x1: 0, y1: 0, z1: 0, x2: 1, y2: 0.5625, z2: 1, rotateY: 270 }, { x1: 0.625, y1: 0.5625, z1: 0, x2: 1, y2: 1, z2: 1, rotateY: 270 } ],
		"*-east-*": [ { x1: 0, y1: 0, z1: 0, x2: 1, y2: 0.5625, z2: 1 }, { x1: 0.625, y1: 0.5625, z1: 0, x2: 1, y2: 1, z2: 1 } ]
	},
	"guiTransformByType": {
		
		"*": {
			"rotation": { x: -22.6, y: -40, z: 0 },
			"origin": { x: 0.53, y: 0.55, z: 0.46 },
			"scale": 0.85
		}
	}
}