{
	"code": "rooftopice",
	"behaviors": [{
		"name": "HorizontalOrientable", 
			"properties": {  
				"dropBlockFace": "east", 
				"drop": { 
					"type": "block", 
					"code": "rooftopice-east-free" 
				}
			}
		}
	],

	"variantgroups": [
		{ "loadFromProperties": "abstract/horizontalorientation" },
		{ "code": "cover", "states": ["free", "snow"] }
	],
	"attributes": {
		"humanoidTraversalCost": 100,
		"mapColorCode": "settlement"
	},
	"shapeByType": { 
		"*-north-*": { "base": "glassroof:block/slanted-top-ice", "rotateY": 90 },
		"*-west-*": { "base": "glassroof:block/slanted-top-ice", "rotateY": 180 },
		"*-south-*": { "base": "glassroof:block/slanted-top-ice", "rotateY": 270 },
		"*-east-*": { "base": "glassroof:block/slanted-top-ice", "rotateY": 0 }
	},
 	blockmaterial: "Ice",
	dragMultiplier: 0.02,
	materialDensity: 800,
	vertexFlags: {
		zOffset: 2
	},
 
	"drawtype": "json",
	"faceCullMode": "MergeMaterial",
	"renderpass": "Transparent", 
	sidesolidByType: {
		"*-north-*": {"north": true, "south": false, "east": false, "west": false, "up": false, "down": true },
		"*-south-*": {"north": false, "south": true, "east": false, "west": false, "up": false, "down": true },
		"*-east-*": {"north": false, "south": false, "east": true, "west": false, "up": false, "down": true },
		"*-west-*": {"north": false, "south": false, "east": false, "west": true, "up": false, "down": true }
	},
	"sideopaque": { "all": false },
	"creativeinventory": { "general": ["*-east-free"]},
	"replaceable": 300,
	"resistance": .25,
	"lightAbsorption": 0,
renderPass: "Transparent",
	"emitSideAo": {
		"all": true
	},
	"sideAoByType": { "*-sod-*": { "all": false } },


	"soundsByType": {
		
		"*": {
			"place": "game:player/buildhigh",
			"break": "game:block/glass",
			"hit": "game:block/glass",
			"walk": "walk/ice"



		}
	},
	collisionSelectionBoxesByType: {
		"*-north-*": [ { x1: 0.5, y1: 0, z1: 0, x2: 1, y2: 0.8, z2: 1, rotateY: 90 }],
		"*-west-*": [ { x1: 0.5, y1: 0, z1: 0, x2: 1, y2: 0.8, z2: 1, rotateY: 180 }],
		"*-south-*": [ { x1: 0.5, y1: 0, z1: 0, x2: 1, y2: 0.8, z2: 1, rotateY: 270 }],
		"*-east-*": [ { x1: 0.5, y1: 0, z1: 0, x2: 1, y2: 0.8, z2: 1, }]
	},
	"guiTransformByType": {
		
		"*": {
			"rotation": { x: -22.6, y: -40, z: 0 },
			"origin": { x: 0.53, y: 0.55, z: 0.46 },
			"scale": 0.85
		}
	}
}