{
	"editor": {
		"allAngles": true,
		"entityTextureMode": true
	},
	"textureWidth": 44,
	"textureHeight": 40,
	"textureSizes": {
		"skin": [44,40]
	},
	"textures": {
	},
	"elements": [
		{
			"name": "Hip",
			"from": [ 13.9, 4.2, 6.5 ],
			"to": [ 16.6, 8.2, 9.5 ],
			"unwrapMode": 7,
			"unwrapRotation": 1,
			"autoUnwrap": false,
			"uv": [ 1.62, 55.38 ],
			"rotationOrigin": [ 11.0, 8.0, 8.0 ],
			"rotationZ": -69.0,
			"faces": {
				"north": { "texture": "#skin", "uv": [ 8.5, 17.5, 12.5, 20.0 ], "rotation": 90 },
				"east": { "texture": "#skin", "uv": [ 5.5, 20.0, 8.5, 24.0 ] },
				"south": { "texture": "#skin", "uv": [ 1.5, 17.5, 5.5, 20.0 ], "rotation": 270 },
				"west": { "texture": "#skin", "uv": [ 1.5, 21.0, 4.5, 25.0 ] },
				"up": { "texture": "#skin", "uv": [ 5.5, 17.5, 8.5, 20.0 ], "rotation": 270 },
				"down": { "texture": "#skin", "uv": [ 12.5, 17.5, 15.5, 20.0 ], "rotation": 90 }
			},
			"children": [
				{
					"name": "Tail 1",
					"from": [ 1.65, 2.0, 0.7 ],
					"to": [ 3.15, 4.0, 2.3 ],
					"unwrapMode": 7,
					"unwrapRotation": 1,
					"uv": [ 17.0, 0.75 ],
					"rotationOrigin": [ 2.4, 3.8, 1.5 ],
					"rotationZ": 10.0,
					"faces": {
						"north": { "texture": "#skin", "uv": [ 20.5, 3.0, 22.5, 4.5 ], "rotation": 90 },
						"east": { "texture": "#skin", "uv": [ 19.0, 4.5, 20.5, 6.5 ] },
						"south": { "texture": "#skin", "uv": [ 17.0, 3.0, 19.0, 4.5 ], "rotation": 270 },
						"west": { "texture": "#skin", "uv": [ 19.0, 1.0, 20.5, 3.0 ], "rotation": 180 },
						"up": { "texture": "#skin", "uv": [ 19.0, 3.0, 20.5, 4.5 ], "rotation": 270 },
						"down": { "texture": "#skin", "uv": [ 22.5, 3.0, 24.0, 4.5 ], "rotation": 90 }
					},
					"children": [
						{
							"name": "Tail 2",
							"from": [ 1.2, -0.05, -0.1 ],
							"to": [ 2.7, 1.95, 1.7 ],
							"unwrapMode": 7,
							"unwrapRotation": 1,
							"uv": [ 19.0, 4.88 ],
							"rotationOrigin": [ 1.5, 1.2, 0.8 ],
							"rotationZ": 6.0,
							"faces": {
								"north": { "texture": "#skin", "uv": [ 22.5, 7.0, 24.5, 8.5 ], "rotation": 90 },
								"east": { "texture": "#skin", "uv": [ 21.0, 8.5, 22.5, 10.5 ] },
								"south": { "texture": "#skin", "uv": [ 19.0, 7.0, 21.0, 8.5 ], "rotation": 270 },
								"west": { "texture": "#skin", "uv": [ 21.0, 5.0, 22.5, 7.0 ], "rotation": 180 },
								"up": { "texture": "#skin", "uv": [ 21.0, 7.0, 22.5, 8.5 ], "rotation": 270 },
								"down": { "texture": "#skin", "uv": [ 24.5, 7.0, 26.0, 8.5 ], "rotation": 90 }
							},
							"children": [
								{
									"name": "Tail 3",
									"from": [ 0.6, 0.15, 0.1 ],
									"to": [ 2.1, 2.15, 1.7 ],
									"unwrapMode": 7,
									"unwrapRotation": 1,
									"uv": [ 17.0, 8.88 ],
									"rotationOrigin": [ 1.5, 1.4, 1.0 ],
									"rotationY": -3.0,
									"rotationZ": 50.0,
									"faces": {
										"north": { "texture": "#skin", "uv": [ 20.5, 11.0, 22.5, 12.5 ], "rotation": 90 },
										"east": { "texture": "#skin", "uv": [ 19.0, 12.5, 20.5, 14.5 ] },
										"south": { "texture": "#skin", "uv": [ 17.0, 11.0, 19.0, 12.5 ], "rotation": 270 },
										"west": { "texture": "#skin", "uv": [ 19.0, 9.0, 20.5, 11.0 ], "rotation": 180 },
										"up": { "texture": "#skin", "uv": [ 19.0, 11.0, 20.5, 12.5 ], "rotation": 270 },
										"down": { "texture": "#skin", "uv": [ 22.5, 11.0, 24.0, 12.5 ], "rotation": 90 }
									},
									"children": [
										{
											"name": "Tail 4",
											"from": [ 1.2, 0.1, 0.05 ],
											"to": [ 2.7, 1.9, 1.55 ],
											"unwrapMode": 7,
											"unwrapRotation": 1,
											"uv": [ 19.5, 13.38 ],
											"rotationOrigin": [ 1.5, 1.3, 0.8 ],
											"rotationY": 22.0,
											"rotationZ": -2.0,
											"faces": {
												"north": { "texture": "#skin", "uv": [ 22.5, 15.0, 24.0, 16.5 ], "rotation": 90 },
												"east": { "texture": "#skin", "uv": [ 21.0, 16.5, 22.5, 18.0 ] },
												"south": { "texture": "#skin", "uv": [ 19.5, 15.0, 21.0, 16.5 ], "rotation": 270 },
												"west": { "texture": "#skin", "uv": [ 21.0, 13.5, 22.5, 15.0 ], "rotation": 180 },
												"up": { "texture": "#skin", "uv": [ 21.0, 15.0, 22.5, 16.5 ], "rotation": 270 },
												"down": { "texture": "#skin", "uv": [ 24.0, 15.0, 25.5, 16.5 ], "rotation": 90 }
											},
											"children": [
												{
													"name": "Tail 5",
													"from": [ 1.2, 0.1, 0.05 ],
													"to": [ 2.7, 1.7, 1.45 ],
													"unwrapMode": 7,
													"unwrapRotation": 1,
													"uv": [ 18.0, 16.88 ],
													"rotationOrigin": [ 1.5, 1.2, 0.75 ],
													"rotationY": 30.0,
													"rotationZ": 1.0,
													"faces": {
														"north": { "texture": "#skin", "uv": [ 20.5, 18.5, 22.0, 20.0 ], "rotation": 90 },
														"east": { "texture": "#skin", "uv": [ 19.5, 20.0, 20.5, 21.5 ] },
														"south": { "texture": "#skin", "uv": [ 18.0, 18.5, 19.5, 20.0 ], "rotation": 270 },
														"west": { "texture": "#skin", "uv": [ 19.5, 17.0, 20.5, 18.5 ], "rotation": 180 },
														"up": { "texture": "#skin", "uv": [ 19.5, 18.5, 20.5, 20.0 ], "rotation": 270 },
														"down": { "texture": "#skin", "uv": [ 22.0, 18.5, 23.0, 20.0 ], "rotation": 90 }
													},
													"children": [
														{
															"name": "Tail 6",
															"from": [ 1.2, 0.05, 0.05 ],
															"to": [ 2.2, 1.45, 1.35 ],
															"unwrapMode": 7,
															"unwrapRotation": 1,
															"uv": [ 20.0, 20.88 ],
															"rotationOrigin": [ 1.5, 1.2, 0.7 ],
															"rotationY": 30.0,
															"rotationZ": -2.0,
															"faces": {
																"north": { "texture": "#skin", "uv": [ 22.0, 22.0, 23.0, 23.0 ], "rotation": 90 },
																"east": { "texture": "#skin", "uv": [ 21.0, 23.0, 22.0, 24.0 ] },
																"south": { "texture": "#skin", "uv": [ 20.0, 22.0, 21.0, 23.0 ], "rotation": 270 },
																"west": { "texture": "#skin", "uv": [ 21.0, 21.0, 22.0, 22.0 ], "rotation": 180 },
																"up": { "texture": "#skin", "uv": [ 21.0, 22.0, 22.0, 23.0 ], "rotation": 270 },
																"down": { "texture": "#skin", "uv": [ 23.0, 22.0, 24.0, 23.0 ], "rotation": 90 }
															},
															"children": [
																{
																	"name": "Tail 7",
																	"from": [ 0.7, 0.1, 0.05 ],
																	"to": [ 1.7, 1.3, 1.25 ],
																	"unwrapMode": 7,
																	"unwrapRotation": 1,
																	"uv": [ 18.5, 23.38 ],
																	"rotationOrigin": [ 1.0, 1.05, 0.65 ],
																	"rotationY": 30.0,
																	"rotationZ": 1.0,
																	"faces": {
																		"north": { "texture": "#skin", "uv": [ 20.5, 24.5, 21.5, 25.5 ], "rotation": 90 },
																		"east": { "texture": "#skin", "uv": [ 19.5, 25.5, 20.5, 26.5 ] },
																		"south": { "texture": "#skin", "uv": [ 18.5, 24.5, 19.5, 25.5 ], "rotation": 270 },
																		"west": { "texture": "#skin", "uv": [ 19.5, 23.5, 20.5, 24.5 ], "rotation": 180 },
																		"up": { "texture": "#skin", "uv": [ 19.5, 24.5, 20.5, 25.5 ], "rotation": 270 },
																		"down": { "texture": "#skin", "uv": [ 21.5, 24.5, 22.5, 25.5 ], "rotation": 90 }
																	},
																	"children": [
																		{
																			"name": "Tail 8",
																			"from": [ 0.8, 0.1, 0.05 ],
																			"to": [ 1.8, 1.1, 1.15 ],
																			"unwrapMode": 7,
																			"unwrapRotation": 1,
																			"uv": [ 17.0, 25.88 ],
																			"rotationOrigin": [ 0.8, 1.0, 0.6 ],
																			"rotationY": 30.0,
																			"rotationZ": -2.0,
																			"faces": {
																				"north": { "texture": "#skin", "uv": [ 19.0, 27.0, 20.0, 28.0 ], "rotation": 90 },
																				"east": { "texture": "#skin", "uv": [ 18.0, 28.0, 19.0, 29.0 ] },
																				"south": { "texture": "#skin", "uv": [ 17.0, 27.0, 18.0, 28.0 ], "rotation": 270 },
																				"west": { "texture": "#skin", "uv": [ 18.0, 26.0, 19.0, 27.0 ], "rotation": 180 },
																				"up": { "texture": "#skin", "uv": [ 18.0, 27.0, 19.0, 28.0 ], "rotation": 270 },
																				"down": { "texture": "#skin", "uv": [ 20.0, 27.0, 21.0, 28.0 ], "rotation": 90 }
																			},
																			"children": [
																				{
																					"name": "Tail 9",
																					"from": [ 0.7, 0.1, 0.05 ],
																					"to": [ 1.7, 0.9, 1.05 ],
																					"unwrapMode": 7,
																					"unwrapRotation": 1,
																					"uv": [ 19.5, 28.38 ],
																					"rotationOrigin": [ 1.0, 0.7, 0.55 ],
																					"rotationY": 30.0,
																					"rotationZ": -7.0,
																					"faces": {
																						"north": { "texture": "#skin", "uv": [ 21.0, 29.0, 21.5, 30.0 ], "rotation": 90 },
																						"east": { "texture": "#skin", "uv": [ 20.0, 30.0, 21.0, 30.5 ] },
																						"south": { "texture": "#skin", "uv": [ 19.5, 29.0, 20.0, 30.0 ], "rotation": 270 },
																						"west": { "texture": "#skin", "uv": [ 20.0, 28.5, 21.0, 29.0 ], "rotation": 180 },
																						"up": { "texture": "#skin", "uv": [ 20.0, 29.0, 21.0, 30.0 ], "rotation": 270 },
																						"down": { "texture": "#skin", "uv": [ 21.5, 29.0, 22.5, 30.0 ], "rotation": 90 }
																					},
																					"children": [
																						{
																							"name": "Tail 10",
																							"from": [ 0.7, 0.075, 0.075 ],
																							"to": [ 1.7, 0.825, 0.825 ],
																							"unwrapMode": 7,
																							"unwrapRotation": 1,
																							"uv": [ 19.5, 30.88 ],
																							"rotationOrigin": [ 1.0, 0.675, 0.45 ],
																							"rotationY": 30.0,
																							"rotationZ": 1.0,
																							"faces": {
																								"north": { "texture": "#skin", "uv": [ 20.5, 31.5, 21.0, 32.5 ], "rotation": 90 },
																								"east": { "texture": "#skin", "uv": [ 20.0, 32.5, 20.5, 33.0 ] },
																								"south": { "texture": "#skin", "uv": [ 19.5, 31.5, 20.0, 32.5 ], "rotation": 270 },
																								"west": { "texture": "#skin", "uv": [ 20.0, 31.0, 20.5, 31.5 ], "rotation": 180 },
																								"up": { "texture": "#skin", "uv": [ 20.0, 31.5, 20.5, 32.5 ], "rotation": 270 },
																								"down": { "texture": "#skin", "uv": [ 21.0, 31.5, 21.5, 32.5 ], "rotation": 90 }
																							}
																						}
																					]
																				}
																			]
																		}
																	]
																}
															]
														}
													]
												}
											]
										}
									]
								}
							]
						}
					]
				},
				{
					"name": "R Upper Leg",
					"from": [ 0.3, -0.7, -0.3 ],
					"to": [ 2.8, 3.3, 1.2 ],
					"unwrapMode": 1,
					"uv": [ 33.0, 22.5 ],
					"rotationOrigin": [ 1.95, 2.4, 0.15 ],
					"faces": {
						"north": { "texture": "#skin", "uv": [ 34.5, 24.0, 37.0, 28.0 ] },
						"east": { "texture": "#skin", "uv": [ 33.0, 24.0, 34.5, 28.0 ] },
						"south": { "texture": "#skin", "uv": [ 38.5, 24.0, 41.0, 28.0 ] },
						"west": { "texture": "#skin", "uv": [ 37.0, 24.0, 38.5, 28.0 ] },
						"up": { "texture": "#skin", "uv": [ 34.5, 22.5, 37.0, 24.0 ], "rotation": 180 },
						"down": { "texture": "#skin", "uv": [ 34.5, 28.0, 37.0, 29.5 ] }
					},
					"children": [
						{
							"name": "R Lower Leg",
							"from": [ -0.45, -2.85, 0.15 ],
							"to": [ 1.05, -0.65, 1.35 ],
							"unwrapMode": 1,
							"uv": [ 33.5, 30.0 ],
							"rotationOrigin": [ 0.15, 0.3, 0.75 ],
							"rotationZ": 124.0,
							"faces": {
								"north": { "texture": "#skin", "uv": [ 34.5, 31.0, 36.0, 33.0 ] },
								"east": { "texture": "#skin", "uv": [ 33.5, 31.0, 34.5, 33.0 ] },
								"south": { "texture": "#skin", "uv": [ 37.0, 31.0, 38.5, 33.0 ] },
								"west": { "texture": "#skin", "uv": [ 36.0, 31.0, 37.0, 33.0 ] },
								"up": { "texture": "#skin", "uv": [ 34.5, 30.0, 36.0, 31.0 ], "rotation": 180 },
								"down": { "texture": "#skin", "uv": [ 34.5, 33.0, 36.0, 34.0 ] }
							},
							"children": [
								{
									"name": "R Foot",
									"from": [ 0.0, -1.5, 0.0 ],
									"to": [ 1.2, 0.6, 1.2 ],
									"unwrapMode": 1,
									"uv": [ 36.0, 33.5 ],
									"rotationOrigin": [ 0.6, 0.0, 0.6 ],
									"rotationY": -1.0,
									"rotationZ": -95.0,
									"faces": {
										"north": { "texture": "#skin", "uv": [ 37.0, 34.5, 38.0, 36.5 ] },
										"east": { "texture": "#skin", "uv": [ 36.0, 34.5, 37.0, 36.5 ] },
										"south": { "texture": "#skin", "uv": [ 39.0, 34.5, 40.0, 36.5 ] },
										"west": { "texture": "#skin", "uv": [ 38.0, 34.5, 39.0, 36.5 ] },
										"up": { "texture": "#skin", "uv": [ 37.0, 33.5, 38.0, 34.5 ], "rotation": 180 },
										"down": { "texture": "#skin", "uv": [ 37.0, 36.5, 38.0, 37.5 ] }
									},
									"children": [
										{
											"name": "R Toes",
											"from": [ -1.0, -0.6, 0.0 ],
											"to": [ 1.0, 0.15, 1.2 ],
											"unwrapMode": 5,
											"unwrapRotation": 1,
											"uv": [ 32.5, 34.0 ],
											"rotationOrigin": [ 0.2, 0.15, 0.6 ],
											"rotationZ": 49.0,
											"faces": {
												"north": { "texture": "#skin", "uv": [ 32.5, 34.5, 33.0, 36.5 ], "rotation": 270 },
												"east": { "texture": "#skin", "uv": [ 33.0, 34.0, 34.0, 34.5 ], "rotation": 180 },
												"south": { "texture": "#skin", "uv": [ 34.0, 34.5, 34.5, 36.5 ], "rotation": 90 },
												"west": { "texture": "#skin", "uv": [ 33.0, 36.5, 34.0, 37.0 ] },
												"up": { "texture": "#skin", "uv": [ 33.0, 34.5, 34.0, 36.5 ], "rotation": 90 },
												"down": { "texture": "#skin", "uv": [ 34.5, 34.5, 35.5, 36.5 ], "rotation": 270 }
											}
										}
									]
								}
							]
						}
					]
				},
				{
					"name": "L Upper Leg",
					"from": [ 0.3, -0.7, 1.8 ],
					"to": [ 2.8, 3.3, 3.3 ],
					"unwrapMode": 3,
					"uv": [ 24.0, 22.5 ],
					"rotationOrigin": [ 1.95, 2.4, 2.85 ],
					"faces": {
						"north": { "texture": "#skin", "uv": [ 29.5, 24.0, 32.0, 28.0 ] },
						"east": { "texture": "#skin", "uv": [ 28.0, 24.0, 29.5, 28.0 ] },
						"south": { "texture": "#skin", "uv": [ 25.5, 24.0, 28.0, 28.0 ] },
						"west": { "texture": "#skin", "uv": [ 24.0, 24.0, 25.5, 28.0 ] },
						"up": { "texture": "#skin", "uv": [ 25.5, 22.5, 28.0, 24.0 ] },
						"down": { "texture": "#skin", "uv": [ 25.5, 28.0, 28.0, 29.5 ], "rotation": 180 }
					},
					"children": [
						{
							"name": "L Lower Leg",
							"from": [ -0.45, -2.85, 0.15 ],
							"to": [ 1.05, -0.65, 1.35 ],
							"unwrapMode": 3,
							"uv": [ 24.5, 29.88 ],
							"rotationOrigin": [ 0.15, 0.3, 0.75 ],
							"rotationZ": 124.0,
							"faces": {
								"north": { "texture": "#skin", "uv": [ 28.0, 31.0, 29.5, 33.0 ] },
								"east": { "texture": "#skin", "uv": [ 27.0, 31.0, 28.0, 33.0 ] },
								"south": { "texture": "#skin", "uv": [ 25.5, 31.0, 27.0, 33.0 ] },
								"west": { "texture": "#skin", "uv": [ 24.5, 31.0, 25.5, 33.0 ] },
								"up": { "texture": "#skin", "uv": [ 25.5, 30.0, 27.0, 31.0 ] },
								"down": { "texture": "#skin", "uv": [ 25.5, 33.0, 27.0, 34.0 ], "rotation": 180 }
							},
							"children": [
								{
									"name": "L Foot",
									"from": [ 0.0, -1.5, 0.0 ],
									"to": [ 1.2, 0.6, 1.2 ],
									"unwrapMode": 3,
									"uv": [ 27.0, 33.5 ],
									"rotationOrigin": [ 0.6, 0.0, 0.6 ],
									"rotationY": 1.0,
									"rotationZ": -95.0,
									"faces": {
										"north": { "texture": "#skin", "uv": [ 30.0, 34.5, 31.0, 36.5 ] },
										"east": { "texture": "#skin", "uv": [ 29.0, 34.5, 30.0, 36.5 ] },
										"south": { "texture": "#skin", "uv": [ 28.0, 34.5, 29.0, 36.5 ] },
										"west": { "texture": "#skin", "uv": [ 27.0, 34.5, 28.0, 36.5 ] },
										"up": { "texture": "#skin", "uv": [ 28.0, 33.5, 29.0, 34.5 ] },
										"down": { "texture": "#skin", "uv": [ 28.0, 36.5, 29.0, 37.5 ], "rotation": 180 }
									},
									"children": [
										{
											"name": "L Toes",
											"from": [ -1.0, -0.6, 0.0 ],
											"to": [ 1.0, 0.15, 1.2 ],
											"unwrapMode": 5,
											"unwrapRotation": 1,
											"uv": [ 23.5, 34.0 ],
											"rotationOrigin": [ 0.2, 0.15, 0.6 ],
											"rotationZ": 49.0,
											"faces": {
												"north": { "texture": "#skin", "uv": [ 23.5, 34.5, 24.0, 36.5 ], "rotation": 270 },
												"east": { "texture": "#skin", "uv": [ 24.0, 34.0, 25.0, 34.5 ], "rotation": 180 },
												"south": { "texture": "#skin", "uv": [ 25.0, 34.5, 25.5, 36.5 ], "rotation": 90 },
												"west": { "texture": "#skin", "uv": [ 24.0, 36.5, 25.0, 37.0 ] },
												"up": { "texture": "#skin", "uv": [ 24.0, 34.5, 25.0, 36.5 ], "rotation": 90 },
												"down": { "texture": "#skin", "uv": [ 25.5, 34.5, 26.5, 36.5 ], "rotation": 270 }
											}
										}
									]
								}
							]
						}
					]
				},
				{
					"name": "Abdomen",
					"from": [ -3.0, -0.45, -0.1 ],
					"to": [ 0.15, 4.05, 3.1 ],
					"unwrapMode": 7,
					"unwrapRotation": 1,
					"autoUnwrap": false,
					"uv": [ 0.75, 46.0 ],
					"rotationOrigin": [ -0.3, 3.5, 1.5 ],
					"rotationZ": 48.0,
					"faces": {
						"north": { "texture": "#skin", "uv": [ 8.5, 14.0, 13.0, 17.0 ], "rotation": 90 },
						"east": { "texture": "#skin", "uv": [ 13.0, 21.0, 16.0, 25.5 ] },
						"south": { "texture": "#skin", "uv": [ 1.0, 14.0, 5.5, 17.0 ], "rotation": 270 },
						"west": { "texture": "#skin", "uv": [ 9.5, 21.0, 12.5, 25.5 ], "windMode": [-1,-1,-1,-1], "windData": [0,0,1,1] },
						"up": { "texture": "#skin", "uv": [ 5.5, 14.0, 8.5, 17.0 ], "rotation": 270 },
						"down": { "texture": "#skin", "uv": [ 13.0, 14.0, 16.0, 17.0 ], "rotation": 90 }
					},
					"children": [
						{
							"name": "Body",
							"from": [ -3.3, 0.0, 0.05 ],
							"to": [ 0.2, 4.6, 3.35 ],
							"unwrapMode": 7,
							"unwrapRotation": 1,
							"autoUnwrap": false,
							"uv": [ 0.62, 37.62 ],
							"rotationOrigin": [ 0.3, 4.0, 1.7 ],
							"rotationZ": 25.0,
							"faces": {
								"north": { "texture": "#skin", "uv": [ 8.5, 10.0, 13.0, 13.5 ], "rotation": 90 },
								"east": { "texture": "#skin", "uv": [ 1.5, 25.5, 4.5, 30.0 ], "windMode": [-1,-1,-1,-1] },
								"south": { "texture": "#skin", "uv": [ 1.0, 10.0, 5.5, 13.5 ], "rotation": 270, "windMode": [-1,-1,-1,-1], "windData": [0,0,0,1] },
								"west": { "texture": "#skin", "uv": [ 5.5, 25.0, 8.5, 29.5 ], "windMode": [-1,-1,-1,-1], "windData": [0,0,1,1] },
								"up": { "texture": "#skin", "uv": [ 5.5, 10.0, 8.5, 13.5 ], "rotation": 270, "windMode": [-1,-1,-1,-1], "windData": [1,1,0,0] },
								"down": { "texture": "#skin", "uv": [ 13.0, 10.0, 16.0, 13.5 ], "rotation": 90, "windMode": [-1,-1,-1,-1] }
							},
							"children": [
								{
									"name": "Neck",
									"from": [ -1.05, 0.9, 0.3 ],
									"to": [ 1.45, 4.4, 2.7 ],
									"unwrapMode": 7,
									"unwrapRotation": 1,
									"autoUnwrap": false,
									"uv": [ 3.75, 4.25 ],
									"rotationOrigin": [ 0.75, 3.95, 1.5 ],
									"rotationZ": -32.0,
									"faces": {
										"north": { "texture": "#skin", "uv": [ 8.0, 7.0, 11.5, 9.5 ], "rotation": 90 },
										"east": { "texture": "#skin", "uv": [ 14.5, 5.0, 16.5, 8.5 ] },
										"south": { "texture": "#skin", "uv": [ 2.5, 7.0, 6.0, 9.5 ], "rotation": 270 },
										"west": { "texture": "#skin", "uv": [ 14.0, 0.5, 16.0, 4.0 ] },
										"up": { "texture": "#skin", "uv": [ 6.0, 7.0, 8.0, 9.5 ], "rotation": 270 },
										"down": { "texture": "#skin", "uv": [ 11.5, 7.0, 13.5, 9.5 ], "rotation": 90 }
									},
									"children": [
										{
											"name": "Neck 2",
											"from": [ -0.9, 0.75, 0.15 ],
											"to": [ 1.35, 3.35, 2.25 ],
											"unwrapMode": 7,
											"unwrapRotation": 1,
											"autoUnwrap": false,
											"uv": [ 4.25, 0.88 ],
											"rotationOrigin": [ 0.6, 2.9, 1.2 ],
											"rotationZ": -13.0,
											"faces": {
												"north": { "texture": "#skin", "uv": [ 8.0, 4.5, 10.5, 6.5 ], "rotation": 90 },
												"east": { "texture": "#skin", "uv": [ 8.5, 0.5, 10.5, 3.0 ] },
												"south": { "texture": "#skin", "uv": [ 3.5, 4.5, 6.0, 6.5 ], "rotation": 270 },
												"west": { "texture": "#skin", "uv": [ 11.0, 0.5, 13.0, 3.0 ] },
												"up": { "texture": "#skin", "uv": [ 6.0, 4.5, 8.0, 6.5 ], "rotation": 270 },
												"down": { "texture": "#skin", "uv": [ 10.5, 4.5, 12.5, 6.5 ], "rotation": 90 }
											},
											"children": [
												{
													"name": "Neck 3",
													"from": [ -0.9, 0.05, 0.3 ],
													"to": [ 0.0, 2.55, 1.8 ],
													"unwrapMode": 7,
													"unwrapRotation": 1,
													"autoUnwrap": false,
													"uv": [ 2.25, 0.88 ],
													"rotationOrigin": [ 0.0, 2.5, 1.05 ],
													"rotationZ": 11.0,
													"faces": {
														"north": { "texture": "#skin", "uv": [ 7.5, 3.5, 10.0, 4.0 ], "rotation": 90 },
														"east": { "texture": "#skin", "uv": [ 1.0, 3.5, 2.5, 6.0 ] },
														"south": { "texture": "#skin", "uv": [ 3.5, 3.5, 6.0, 4.0 ], "rotation": 270 },
														"west": { "texture": "#skin", "uv": [ 6.0, 1.0, 7.5, 3.5 ], "rotation": 180 },
														"up": { "texture": "#skin", "uv": [ 6.0, 3.5, 7.5, 4.0 ], "rotation": 270 },
														"down": { "texture": "#skin", "uv": [ 10.0, 3.5, 11.5, 4.0 ], "rotation": 90 }
													},
													"children": [
														{
															"name": "Head",
															"from": [ -1.85, 0.3, -0.45 ],
															"to": [ 0.15, 2.5, 1.95 ],
															"unwrapMode": 4,
															"uv": [ 3.5, 30.5 ],
															"rotationOrigin": [ -0.1, 2.25, 0.75 ],
															"rotationZ": 33.0,
															"faces": {
																"north": { "texture": "#skin", "uv": [ 3.5, 32.5, 5.5, 34.5 ] },
																"east": { "texture": "#skin", "uv": [ 9.5, 32.5, 11.5, 34.5 ], "windMode": [-1,-1,-1,-1], "windData": [1,2,2,1] },
																"south": { "texture": "#skin", "uv": [ 7.5, 32.5, 9.5, 34.5 ] },
																"west": { "texture": "#skin", "uv": [ 5.5, 32.5, 7.5, 34.5 ] },
																"up": { "texture": "#skin", "uv": [ 5.5, 30.5, 7.5, 32.5 ], "rotation": 90 },
																"down": { "texture": "#skin", "uv": [ 5.5, 34.5, 7.5, 36.5 ], "rotation": 90 }
															},
															"children": [
																{
																	"name": "R Ear",
																	"from": [ 1.2, 1.8, 0.0 ],
																	"to": [ 1.5, 2.8, 1.0 ],
																	"unwrapMode": 4,
																	"uv": [ 14.5, 28.0 ],
																	"rotationOrigin": [ 1.2, 1.8, 0.5 ],
																	"rotationX": -40.0,
																	"faces": {
																		"north": { "texture": "#skin", "uv": [ 14.5, 28.5, 15.0, 29.5 ] },
																		"east": { "texture": "#skin", "uv": [ 16.5, 28.5, 17.5, 29.5 ] },
																		"south": { "texture": "#skin", "uv": [ 16.0, 28.5, 16.5, 29.5 ] },
																		"west": { "texture": "#skin", "uv": [ 15.0, 28.5, 16.0, 29.5 ] },
																		"up": { "texture": "#skin", "uv": [ 15.0, 28.0, 16.0, 28.5 ], "rotation": 90 },
																		"down": { "texture": "#skin", "uv": [ 15.0, 29.5, 16.0, 30.0 ], "rotation": 90 }
																	}
																},
																{
																	"name": "L Ear",
																	"from": [ 1.2, 1.8, 1.4 ],
																	"to": [ 1.5, 2.8, 2.4 ],
																	"unwrapMode": 4,
																	"uv": [ 15.5, 30.5 ],
																	"rotationOrigin": [ 1.2, 1.8, 1.9 ],
																	"rotationX": 40.0,
																	"faces": {
																		"north": { "texture": "#skin", "uv": [ 15.5, 31.0, 16.0, 32.0 ] },
																		"east": { "texture": "#skin", "uv": [ 17.5, 31.0, 18.5, 32.0 ] },
																		"south": { "texture": "#skin", "uv": [ 17.0, 31.0, 17.5, 32.0 ] },
																		"west": { "texture": "#skin", "uv": [ 16.0, 31.0, 17.0, 32.0 ] },
																		"up": { "texture": "#skin", "uv": [ 16.0, 30.5, 17.0, 31.0 ], "rotation": 90 },
																		"down": { "texture": "#skin", "uv": [ 16.0, 32.0, 17.0, 32.5 ], "rotation": 90 }
																	}
																},
																{
																	"name": "Nose Bridge",
																	"from": [ -1.65, 1.05, 0.9 ],
																	"to": [ -0.15, 1.75, 1.5 ],
																	"unwrapMode": 5,
																	"unwrapRotation": 1,
																	"uv": [ 12.38, 32.88 ],
																	"rotationOrigin": [ -0.3, 1.8, 0.9 ],
																	"rotationZ": 22.0,
																	"faces": {
																		"north": { "texture": "#skin", "uv": [ 12.5, 33.0, 13.0, 34.5 ], "rotation": 270, "windMode": [-1,-1,-1,-1], "windData": [2,2,2,2] },
																		"south": { "texture": "#skin", "uv": [ 13.5, 33.0, 14.0, 34.5 ], "rotation": 90 },
																		"west": { "texture": "#skin", "uv": [ 13.0, 34.5, 13.5, 35.0 ] },
																		"up": { "texture": "#skin", "uv": [ 13.0, 33.0, 13.5, 34.5 ], "rotation": 90 }
																	}
																},
																{
																	"name": "Upper mouth",
																	"from": [ -2.0, 0.675, 0.7 ],
																	"to": [ 0.0, 1.275, 1.7 ],
																	"unwrapMode": 5,
																	"unwrapRotation": 1,
																	"uv": [ 15.0, 33.0 ],
																	"rotationOrigin": [ -0.05, 1.425, 0.7 ],
																	"rotationZ": 4.0,
																	"faces": {
																		"north": { "texture": "#skin", "uv": [ 15.0, 33.0, 15.5, 35.0 ], "rotation": 270, "windMode": [-1,-1,-1,-1] },
																		"south": { "texture": "#skin", "uv": [ 16.5, 33.0, 17.0, 35.0 ], "rotation": 90, "windMode": [-1,-1,-1,-1] },
																		"west": { "texture": "#skin", "uv": [ 15.5, 35.0, 16.5, 35.5 ], "windMode": [-1,-1,-1,-1], "windData": [0,0,1,1] },
																		"up": { "texture": "#skin", "uv": [ 15.5, 33.0, 16.5, 35.0 ], "rotation": 90, "windMode": [-1,-1,-1,-1] },
																		"down": { "texture": "#skin", "uv": [ 17.0, 33.0, 18.0, 35.0 ], "rotation": 270, "windMode": [-1,-1,-1,-1] }
																	},
																	"children": [
																		{
																			"name": "Nose",
																			"from": [ -0.15, 0.25, 0.25 ],
																			"to": [ 0.85, 0.75, 0.75 ],
																			"unwrapMode": 4,
																			"uv": [ 12.0, 29.5 ],
																			"rotationOrigin": [ 0.3, 0.7, 0.25 ],
																			"rotationZ": 6.0,
																			"faces": {
																				"north": { "texture": "#skin", "uv": [ 12.0, 30.5, 13.0, 31.0 ] },
																				"east": { "texture": "#skin", "uv": [ 14.5, 30.5, 15.0, 31.0 ] },
																				"south": { "texture": "#skin", "uv": [ 13.5, 30.5, 14.5, 31.0 ] },
																				"west": { "texture": "#skin", "uv": [ 13.0, 30.5, 13.5, 31.0 ] },
																				"up": { "texture": "#skin", "uv": [ 13.0, 29.5, 13.5, 30.5 ], "rotation": 90 },
																				"down": { "texture": "#skin", "uv": [ 13.0, 31.0, 13.5, 32.0 ], "rotation": 90 }
																			}
																		},
																		{
																			"name": "Lower Jaw",
																			"from": [ 1.15, -0.65, 0.075 ],
																			"to": [ 2.15, 0.1, 0.825 ],
																			"unwrapMode": 5,
																			"unwrapRotation": 1,
																			"uv": [ 0.75, 33.5 ],
																			"rotationOrigin": [ 2.05, 0.1, -0.15 ],
																			"rotationZ": -14.0,
																			"faces": {
																				"north": { "texture": "#skin", "uv": [ 1.0, 33.5, 1.5, 34.5 ], "rotation": 270 },
																				"south": { "texture": "#skin", "uv": [ 2.0, 33.5, 2.5, 34.5 ], "rotation": 90 },
																				"west": { "texture": "#skin", "uv": [ 1.5, 34.5, 2.0, 35.0 ] },
																				"up": { "texture": "#skin", "uv": [ 1.5, 33.5, 2.0, 34.5 ], "rotation": 90 },
																				"down": { "texture": "#skin", "uv": [ 2.5, 33.5, 3.0, 34.5 ], "rotation": 270 }
																			},
																			"children": [
																				{
																					"name": "Chin",
																					"from": [ -0.9, 0.1, 0.075 ],
																					"to": [ 0.15, 0.6, 0.675 ],
																					"unwrapMode": 5,
																					"unwrapRotation": 1,
																					"uv": [ 1.0, 31.0 ],
																					"rotationOrigin": [ 0.15, 0.6, 0.6 ],
																					"rotationZ": 6.0,
																					"faces": {
																						"north": { "texture": "#skin", "uv": [ 1.0, 31.5, 1.5, 32.5 ], "rotation": 270 },
																						"east": { "texture": "#skin", "uv": [ 1.5, 31.0, 2.0, 31.5 ], "rotation": 180 },
																						"south": { "texture": "#skin", "uv": [ 2.0, 31.5, 2.5, 32.5 ], "rotation": 90 },
																						"west": { "texture": "#skin", "uv": [ 1.5, 32.5, 2.0, 33.0 ] },
																						"up": { "texture": "#skin", "uv": [ 1.5, 31.5, 2.0, 32.5 ], "rotation": 90 },
																						"down": { "texture": "#skin", "uv": [ 2.5, 31.5, 3.0, 32.5 ], "rotation": 270 }
																					}
																				}
																			]
																		}
																	]
																},
																{
																	"name": "Forehead",
																	"from": [ -0.6, 0.7, 0.1 ],
																	"to": [ 0.0, 2.2, 2.3 ],
																	"unwrapMode": 5,
																	"unwrapRotation": 1,
																	"uv": [ 10.0, 27.0 ],
																	"rotationOrigin": [ 0.0, 2.2, 0.1 ],
																	"rotationZ": 45.0,
																	"faces": {
																		"north": { "texture": "#skin", "uv": [ 10.0, 27.0, 11.5, 27.5 ], "rotation": 270 },
																		"south": { "texture": "#skin", "uv": [ 13.5, 27.0, 15.0, 27.5 ], "rotation": 90 },
																		"west": { "texture": "#skin", "uv": [ 11.5, 27.5, 13.5, 29.0 ] },
																		"up": { "texture": "#skin", "uv": [ 11.5, 27.0, 13.5, 27.5 ], "rotation": 90 }
																	},
																	"children": [
																		{
																			"name": "R Eye",
																			"from": [ -0.3, 1.05, 0.3 ],
																			"to": [ 0.3, 1.5, 0.75 ],
																			"unwrapMode": 4,
																			"uv": [ 17.0, 15.0 ],
																			"rotationOrigin": [ -0.3, 1.2, 0.6 ],
																			"rotationX": 4.0,
																			"rotationZ": -55.0,
																			"faces": {
																				"north": { "texture": "#skin", "uv": [ 17.0, 15.5, 17.5, 16.0 ] },
																				"south": { "texture": "#skin", "uv": [ 18.0, 15.5, 18.5, 16.0 ] },
																				"west": { "texture": "#skin", "uv": [ 17.5, 15.5, 18.0, 16.0 ] },
																				"up": { "texture": "#skin", "uv": [ 17.5, 15.0, 18.0, 15.5 ], "rotation": 90 },
																				"down": { "texture": "#skin", "uv": [ 17.5, 16.0, 18.0, 16.5 ], "rotation": 90 }
																			},
																			"children": [
																				{
																					"name": "R pupil",
																					"from": [ -0.015, 0.15, 0.15 ],
																					"to": [ 0.285, 0.3, 0.3 ],
																					"unwrapMode": 4,
																					"uv": [ 17.5, 16.0 ],
																					"rotationOrigin": [ -0.015, 0.15, 0.15 ],
																					"faces": {
																						"north": { "texture": "#skin", "uv": [ 17.5, 16.5, 18.0, 17.0 ] },
																						"south": { "texture": "#skin", "uv": [ 18.5, 16.5, 19.0, 17.0 ] },
																						"west": { "texture": "#skin", "uv": [ 18.0, 16.5, 18.5, 17.0 ] },
																						"up": { "texture": "#skin", "uv": [ 18.0, 16.0, 18.5, 16.5 ], "rotation": 90 },
																						"down": { "texture": "#skin", "uv": [ 18.0, 17.0, 18.5, 17.5 ], "rotation": 90 }
																					}
																				},
																				{
																					"name": "R Eyelid",
																					"from": [ 0.075, -0.6, -0.3 ],
																					"to": [ 0.975, 0.6, 0.6 ],
																					"unwrapMode": 5,
																					"unwrapRotation": 1,
																					"uv": [ 8.5, 30.0 ],
																					"rotationOrigin": [ 0.075, 0.0, -0.3 ],
																					"rotationX": 15.0,
																					"faces": {
																						"north": { "texture": "#skin", "uv": [ 8.5, 30.0, 9.5, 30.5 ], "rotation": 270 },
																						"south": { "texture": "#skin", "uv": [ 10.0, 30.0, 11.0, 30.5 ], "rotation": 90 },
																						"west": { "texture": "#skin", "uv": [ 9.5, 30.5, 10.0, 31.5 ] },
																						"up": { "texture": "#skin", "uv": [ 9.5, 30.0, 10.0, 30.5 ], "rotation": 90 },
																						"down": { "texture": "#skin", "uv": [ 11.0, 30.0, 11.5, 30.5 ], "rotation": 270 }
																					}
																				}
																			]
																		},
																		{
																			"name": "L Eye",
																			"from": [ -0.3, 1.05, 1.5 ],
																			"to": [ 0.3, 1.5, 1.95 ],
																			"unwrapMode": 4,
																			"uv": [ 17.0, 15.0 ],
																			"rotationOrigin": [ -0.3, 1.2, 1.8 ],
																			"rotationX": -4.0,
																			"rotationZ": -55.0,
																			"faces": {
																				"north": { "texture": "#skin", "uv": [ 17.0, 15.5, 17.5, 16.0 ] },
																				"south": { "texture": "#skin", "uv": [ 18.0, 15.5, 18.5, 16.0 ] },
																				"west": { "texture": "#skin", "uv": [ 17.5, 15.5, 18.0, 16.0 ] },
																				"up": { "texture": "#skin", "uv": [ 17.5, 15.0, 18.0, 15.5 ], "rotation": 90 },
																				"down": { "texture": "#skin", "uv": [ 17.5, 16.0, 18.0, 16.5 ], "rotation": 90 }
																			},
																			"children": [
																				{
																					"name": "L pupil",
																					"from": [ -0.015, 0.15, 0.15 ],
																					"to": [ 0.285, 0.3, 0.3 ],
																					"unwrapMode": 4,
																					"uv": [ 17.5, 16.0 ],
																					"rotationOrigin": [ -0.015, 0.15, 0.15 ],
																					"faces": {
																						"north": { "texture": "#skin", "uv": [ 17.5, 16.5, 18.0, 17.0 ] },
																						"south": { "texture": "#skin", "uv": [ 18.5, 16.5, 19.0, 17.0 ] },
																						"west": { "texture": "#skin", "uv": [ 18.0, 16.5, 18.5, 17.0 ] },
																						"up": { "texture": "#skin", "uv": [ 18.0, 16.0, 18.5, 16.5 ], "rotation": 90 },
																						"down": { "texture": "#skin", "uv": [ 18.0, 17.0, 18.5, 17.5 ], "rotation": 90 }
																					}
																				},
																				{
																					"name": "L Eyelid",
																					"from": [ 0.075, -0.6, -0.15 ],
																					"to": [ 0.975, 0.6, 0.75 ],
																					"unwrapMode": 5,
																					"unwrapRotation": 1,
																					"uv": [ 8.5, 30.0 ],
																					"rotationOrigin": [ 0.075, 0.0, 0.75 ],
																					"rotationX": -15.0,
																					"faces": {
																						"north": { "texture": "#skin", "uv": [ 8.5, 30.0, 9.5, 30.5 ], "rotation": 270 },
																						"south": { "texture": "#skin", "uv": [ 10.0, 30.0, 11.0, 30.5 ], "rotation": 90 },
																						"west": { "texture": "#skin", "uv": [ 9.5, 30.5, 10.0, 31.5 ] },
																						"up": { "texture": "#skin", "uv": [ 9.5, 30.0, 10.0, 30.5 ], "rotation": 90 },
																						"down": { "texture": "#skin", "uv": [ 11.0, 30.0, 11.5, 30.5 ], "rotation": 270 }
																					}
																				}
																			]
																		}
																	]
																}
															]
														}
													]
												}
											]
										}
									],
									"attachmentpoints": [
										{
											"code": "rope",
											"posX": "0.0","posY": "0.0","posZ": "1.2",
											"rotationX": "0.0","rotationY": "0.0","rotationZ": "0.0"
										}
									]
								},
								{
									"name": "R Shoulder",
									"from": [ -0.6, 0.4, -0.3 ],
									"to": [ 1.2, 3.4, 0.9 ],
									"unwrapMode": 1,
									"uv": [ 32.88, 1.0 ],
									"rotationOrigin": [ 0.6, 3.15, 0.6 ],
									"rotationZ": -19.0,
									"faces": {
										"north": { "texture": "#skin", "uv": [ 34.0, 2.0, 35.5, 5.0 ] },
										"east": { "texture": "#skin", "uv": [ 33.0, 2.0, 34.0, 5.0 ] },
										"south": { "texture": "#skin", "uv": [ 36.5, 2.0, 38.0, 5.0 ] },
										"west": { "texture": "#skin", "uv": [ 35.5, 2.0, 36.5, 5.0 ] },
										"up": { "texture": "#skin", "uv": [ 34.0, 1.0, 35.5, 2.0 ], "rotation": 180 },
										"down": { "texture": "#skin", "uv": [ 34.0, 5.0, 35.5, 6.0 ] }
									},
									"children": [
										{
											"name": "R Upper Arm",
											"from": [ 0.0, -2.0, 0.0 ],
											"to": [ 1.5, 0.0, 1.2 ],
											"unwrapMode": 1,
											"uv": [ 32.75, 6.38 ],
											"rotationOrigin": [ 0.0, 0.0, 0.6 ],
											"rotationY": -1.0,
											"rotationZ": 69.5,
											"faces": {
												"north": { "texture": "#skin", "uv": [ 34.0, 7.5, 35.5, 9.5 ] },
												"east": { "texture": "#skin", "uv": [ 33.0, 7.5, 34.0, 9.5 ] },
												"south": { "texture": "#skin", "uv": [ 36.5, 7.5, 38.0, 9.5 ] },
												"west": { "texture": "#skin", "uv": [ 35.5, 7.5, 36.5, 9.5 ] },
												"up": { "texture": "#skin", "uv": [ 34.0, 6.5, 35.5, 7.5 ], "rotation": 180 },
												"down": { "texture": "#skin", "uv": [ 34.0, 9.5, 35.5, 10.5 ] }
											},
											"children": [
												{
													"name": "R Lower Arm",
													"from": [ 0.3, -2.0, 0.075 ],
													"to": [ 1.45, 0.5, 1.125 ],
													"unwrapMode": 1,
													"uv": [ 32.88, 11.0 ],
													"rotationOrigin": [ 1.5, 0.25, 0.6 ],
													"rotationZ": -69.5,
													"faces": {
														"north": { "texture": "#skin", "uv": [ 34.0, 12.0, 35.0, 14.5 ] },
														"east": { "texture": "#skin", "uv": [ 33.0, 12.0, 34.0, 14.5 ] },
														"south": { "texture": "#skin", "uv": [ 36.0, 12.0, 37.0, 14.5 ] },
														"west": { "texture": "#skin", "uv": [ 35.0, 12.0, 36.0, 14.5 ] },
														"up": { "texture": "#skin", "uv": [ 34.0, 11.0, 35.0, 12.0 ], "rotation": 180 },
														"down": { "texture": "#skin", "uv": [ 34.0, 14.5, 35.0, 15.5 ] }
													},
													"children": [
														{
															"name": "R Hand",
															"from": [ 0.0, -0.9, 0.075 ],
															"to": [ 1.0, 0.6, 0.975 ],
															"unwrapMode": 1,
															"uv": [ 33.38, 16.0 ],
															"rotationOrigin": [ 0.6, 0.3, 0.6 ],
															"rotationZ": -10.0,
															"faces": {
																"north": { "texture": "#skin", "uv": [ 34.0, 16.5, 35.0, 18.0 ] },
																"east": { "texture": "#skin", "uv": [ 33.5, 16.5, 34.0, 18.0 ] },
																"south": { "texture": "#skin", "uv": [ 35.5, 16.5, 36.5, 18.0 ] },
																"west": { "texture": "#skin", "uv": [ 35.0, 16.5, 35.5, 18.0 ] },
																"up": { "texture": "#skin", "uv": [ 34.0, 16.0, 35.0, 16.5 ], "rotation": 180 },
																"down": { "texture": "#skin", "uv": [ 34.0, 18.0, 35.0, 18.5 ] }
															},
															"children": [
																{
																	"name": "R Fingers",
																	"from": [ -0.9, -0.45, -0.15 ],
																	"to": [ 0.9, 0.3, 1.05 ],
																	"unwrapMode": 5,
																	"unwrapRotation": 1,
																	"uv": [ 33.38, 19.0 ],
																	"rotationOrigin": [ 0.3, 0.15, 0.45 ],
																	"rotationZ": 23.0,
																	"faces": {
																		"north": { "texture": "#skin", "uv": [ 33.5, 19.5, 34.0, 21.0 ], "rotation": 270 },
																		"east": { "texture": "#skin", "uv": [ 34.0, 19.0, 35.0, 19.5 ], "rotation": 180 },
																		"south": { "texture": "#skin", "uv": [ 35.0, 19.5, 35.5, 21.0 ], "rotation": 90 },
																		"west": { "texture": "#skin", "uv": [ 34.0, 21.0, 35.0, 21.5 ] },
																		"up": { "texture": "#skin", "uv": [ 34.0, 19.5, 35.0, 21.0 ], "rotation": 90 },
																		"down": { "texture": "#skin", "uv": [ 35.5, 19.5, 36.5, 21.0 ], "rotation": 270 }
																	}
																}
															]
														}
													]
												}
											]
										}
									]
								},
								{
									"name": "L Shoulder",
									"from": [ -0.6, 0.4, 2.3 ],
									"to": [ 1.2, 3.4, 3.5 ],
									"unwrapMode": 3,
									"uv": [ 26.75, 0.88 ],
									"rotationOrigin": [ 0.6, 3.15, 3.05 ],
									"rotationZ": -19.0,
									"faces": {
										"north": { "texture": "#skin", "uv": [ 30.5, 2.0, 32.0, 5.0 ] },
										"east": { "texture": "#skin", "uv": [ 29.5, 2.0, 30.5, 5.0 ] },
										"south": { "texture": "#skin", "uv": [ 28.0, 2.0, 29.5, 5.0 ] },
										"west": { "texture": "#skin", "uv": [ 27.0, 2.0, 28.0, 5.0 ] },
										"up": { "texture": "#skin", "uv": [ 28.0, 1.0, 29.5, 2.0 ] },
										"down": { "texture": "#skin", "uv": [ 28.0, 5.0, 29.5, 6.0 ], "rotation": 180 }
									},
									"children": [
										{
											"name": "L Upper Arm",
											"from": [ 0.0, -2.0, 0.0 ],
											"to": [ 1.5, 0.0, 1.2 ],
											"unwrapMode": 3,
											"uv": [ 27.0, 6.5 ],
											"rotationOrigin": [ 0.0, 0.0, 0.6 ],
											"rotationY": 1.0,
											"rotationZ": 69.5,
											"faces": {
												"north": { "texture": "#skin", "uv": [ 30.5, 7.5, 32.0, 9.5 ] },
												"east": { "texture": "#skin", "uv": [ 29.5, 7.5, 30.5, 9.5 ] },
												"south": { "texture": "#skin", "uv": [ 28.0, 7.5, 29.5, 9.5 ] },
												"west": { "texture": "#skin", "uv": [ 27.0, 7.5, 28.0, 9.5 ] },
												"up": { "texture": "#skin", "uv": [ 28.0, 6.5, 29.5, 7.5 ] },
												"down": { "texture": "#skin", "uv": [ 28.0, 9.5, 29.5, 10.5 ], "rotation": 180 }
											},
											"children": [
												{
													"name": "L Lower Arm",
													"from": [ 0.3, -2.0, 0.075 ],
													"to": [ 1.45, 0.5, 1.125 ],
													"unwrapMode": 3,
													"uv": [ 26.88, 11.0 ],
													"rotationOrigin": [ 1.5, 0.25, 0.6 ],
													"rotationZ": -69.5,
													"faces": {
														"north": { "texture": "#skin", "uv": [ 30.0, 12.0, 31.0, 14.5 ] },
														"east": { "texture": "#skin", "uv": [ 29.0, 12.0, 30.0, 14.5 ] },
														"south": { "texture": "#skin", "uv": [ 28.0, 12.0, 29.0, 14.5 ] },
														"west": { "texture": "#skin", "uv": [ 27.0, 12.0, 28.0, 14.5 ] },
														"up": { "texture": "#skin", "uv": [ 28.0, 11.0, 29.0, 12.0 ] },
														"down": { "texture": "#skin", "uv": [ 28.0, 14.5, 29.0, 15.5 ], "rotation": 180 }
													},
													"children": [
														{
															"name": "L Hand",
															"from": [ 0.0, -0.9, 0.075 ],
															"to": [ 1.0, 0.6, 0.975 ],
															"unwrapMode": 3,
															"uv": [ 27.25, 15.88 ],
															"rotationOrigin": [ 0.6, 0.3, 0.45 ],
															"rotationZ": -10.0,
															"faces": {
																"north": { "texture": "#skin", "uv": [ 29.5, 16.5, 30.5, 18.0 ] },
																"east": { "texture": "#skin", "uv": [ 29.0, 16.5, 29.5, 18.0 ] },
																"south": { "texture": "#skin", "uv": [ 28.0, 16.5, 29.0, 18.0 ] },
																"west": { "texture": "#skin", "uv": [ 27.5, 16.5, 28.0, 18.0 ] },
																"up": { "texture": "#skin", "uv": [ 28.0, 16.0, 29.0, 16.5 ] },
																"down": { "texture": "#skin", "uv": [ 28.0, 18.0, 29.0, 18.5 ], "rotation": 180 }
															},
															"children": [
																{
																	"name": "L Fingers",
																	"from": [ -0.9, -0.45, -0.15 ],
																	"to": [ 0.9, 0.3, 1.05 ],
																	"unwrapMode": 5,
																	"unwrapRotation": 1,
																	"uv": [ 27.5, 18.75 ],
																	"rotationOrigin": [ 0.3, 0.15, 0.45 ],
																	"rotationZ": 23.0,
																	"faces": {
																		"north": { "texture": "#skin", "uv": [ 27.5, 19.5, 28.0, 21.0 ], "rotation": 270 },
																		"east": { "texture": "#skin", "uv": [ 28.0, 19.0, 29.0, 19.5 ], "rotation": 180 },
																		"south": { "texture": "#skin", "uv": [ 29.0, 19.5, 29.5, 21.0 ], "rotation": 90 },
																		"west": { "texture": "#skin", "uv": [ 28.0, 21.0, 29.0, 21.5 ] },
																		"up": { "texture": "#skin", "uv": [ 28.0, 19.5, 29.0, 21.0 ], "rotation": 90 },
																		"down": { "texture": "#skin", "uv": [ 29.5, 19.5, 30.5, 21.0 ], "rotation": 270 }
																	}
																}
															]
														}
													]
												}
											]
										}
									]
								}
							],
							"attachmentpoints": [
								{
									"code": "Center",
									"posX": "3.0","posY": "4.0","posZ": "1.8",
									"rotationX": "0.0","rotationY": "0.0","rotationZ": "0.0"
								}
							]
						}
					]
				}
			]
		}
	]}