{
	"editor": {
		"backDropShape": "C:/Users/quent/source/repos/rustandrailroads2/rustandrailroads2/assets/rustandrailroads2/shapes/entity/frame-bogey-narrowgauge",
		"collapsedPaths": ",Root/origin/frontassy5,Root/origin/frontassy9,Root/origin/pedal2,Root/origin/pedal,Root/origin/frontassy",
		"allAngles": false,
		"entityTextureMode": false
	},
	"textureWidth": 16,
	"textureHeight": 16,
	"textureSizes": {
	},
	"textures": {
		"railsteel": "railsteel",
		"traintexture": "traintexture"
	},
	"elements": [
		{
			"name": "origin",
			"from": [ 0.0, 0.0, 0.0 ],
			"to": [ 1.0, 1.0, 1.0 ],
			"rotationOrigin": [ 0.0, 5.0, 0.0 ],
			"faces": {
			},
			"children": [
				{
					"name": "frontassy",
					"from": [ -2.0, 4.0, 5.0 ],
					"to": [ 2.0, 6.0, 11.0 ],
					"rotationOrigin": [ -2.0, 4.0, 5.0 ],
					"rotationZ": 22.5,
					"faces": {
						"north": { "texture": "#traintexture", "uv": [ 0.0, 0.0, 4.0, 2.0 ] },
						"east": { "texture": "#traintexture", "uv": [ 0.0, 0.0, 6.0, 2.0 ] },
						"south": { "texture": "#traintexture", "uv": [ 0.0, 0.0, 4.0, 2.0 ] },
						"west": { "texture": "#traintexture", "uv": [ 0.0, 0.0, 6.0, 2.0 ] },
						"up": { "texture": "#traintexture", "uv": [ 0.0, 0.0, 4.0, 6.0 ] },
						"down": { "texture": "#traintexture", "uv": [ 0.0, 0.0, 4.0, 6.0 ] }
					},
					"children": [
						{
							"name": "Cube2",
							"from": [ 4.0, 2.0, 1.0 ],
							"to": [ 8.0, 4.0, 5.0 ],
							"rotationOrigin": [ 4.0, 2.0, 1.0 ],
							"faces": {
								"north": { "texture": "#traintexture", "uv": [ 0.0, 0.0, 4.0, 2.0 ] },
								"east": { "texture": "#traintexture", "uv": [ 0.0, 0.0, 4.0, 2.0 ] },
								"south": { "texture": "#traintexture", "uv": [ 0.0, 0.0, 4.0, 2.0 ] },
								"west": { "texture": "#traintexture", "uv": [ 0.0, 0.0, 4.0, 2.0 ] },
								"up": { "texture": "#traintexture", "uv": [ 0.0, 0.0, 4.0, 4.0 ] },
								"down": { "texture": "#traintexture", "uv": [ 0.0, 0.0, 4.0, 4.0 ] }
							}
						},
						{
							"name": "Cube3",
							"from": [ 2.0, 2.0, 0.0 ],
							"to": [ 4.0, 4.0, 6.0 ],
							"rotationOrigin": [ 2.0, 2.0, 0.0 ],
							"faces": {
								"north": { "texture": "#traintexture", "uv": [ 0.0, 0.0, 2.0, 2.0 ] },
								"east": { "texture": "#traintexture", "uv": [ 0.0, 0.0, 6.0, 2.0 ] },
								"south": { "texture": "#traintexture", "uv": [ 0.0, 0.0, 2.0, 2.0 ] },
								"west": { "texture": "#traintexture", "uv": [ 0.0, 0.0, 6.0, 2.0 ] },
								"up": { "texture": "#traintexture", "uv": [ 0.0, 0.0, 2.0, 6.0 ] },
								"down": { "texture": "#traintexture", "uv": [ 0.0, 0.0, 2.0, 6.0 ] }
							}
						},
						{
							"name": "Cube4",
							"from": [ 1.5, 0.6, 0.5 ],
							"to": [ 4.2, 2.6, 5.5 ],
							"rotationOrigin": [ 1.5, 0.6, 0.5 ],
							"rotationZ": 45.0,
							"faces": {
								"north": { "texture": "#traintexture", "uv": [ 0.0, 0.0, 2.5, 2.0 ] },
								"east": { "texture": "#traintexture", "uv": [ 0.0, 0.0, 5.0, 2.0 ] },
								"south": { "texture": "#traintexture", "uv": [ 0.0, 0.0, 2.5, 2.0 ] },
								"west": { "texture": "#traintexture", "uv": [ 0.0, 0.0, 5.0, 2.0 ] },
								"up": { "texture": "#traintexture", "uv": [ 0.0, 0.0, 2.5, 5.0 ] },
								"down": { "texture": "#traintexture", "uv": [ 0.0, 0.0, 2.5, 5.0 ] }
							}
						}
					]
				},
				{
					"name": "axle-fr",
					"from": [ -1.0, 6.0, 3.0 ],
					"to": [ 0.0, 7.0, 5.0 ],
					"rotationOrigin": [ -0.5, 6.5, 3.0 ],
					"faces": {
						"north": { "texture": "#railsteel", "uv": [ 0.0, 0.0, 1.0, 1.0 ] },
						"east": { "texture": "#railsteel", "uv": [ 0.0, 0.0, 2.0, 1.0 ] },
						"south": { "texture": "#railsteel", "uv": [ 0.0, 0.0, 1.0, 1.0 ] },
						"west": { "texture": "#railsteel", "uv": [ 0.0, 0.0, 2.0, 1.0 ] },
						"up": { "texture": "#railsteel", "uv": [ 0.0, 0.0, 1.0, 2.0 ] },
						"down": { "texture": "#railsteel", "uv": [ 0.0, 0.0, 1.0, 2.0 ] }
					},
					"attachmentpoints": [
						{
							"code": "wheel-1",
							"posX": "0.0","posY": "0.0","posZ": "0.0",
							"rotationX": "0.0","rotationY": "180.0","rotationZ": "0.0"
						}
					]
				},
				{
					"name": "axle-rr",
					"from": [ 15.0, 6.0, 3.0 ],
					"to": [ 16.0, 7.0, 5.0 ],
					"rotationOrigin": [ 15.5, 6.5, 3.0 ],
					"faces": {
						"north": { "texture": "#railsteel", "uv": [ 0.0, 0.0, 1.0, 1.0 ] },
						"east": { "texture": "#railsteel", "uv": [ 0.0, 0.0, 2.0, 1.0 ] },
						"south": { "texture": "#railsteel", "uv": [ 0.0, 0.0, 1.0, 1.0 ] },
						"west": { "texture": "#railsteel", "uv": [ 0.0, 0.0, 2.0, 1.0 ] },
						"up": { "texture": "#railsteel", "uv": [ 0.0, 0.0, 1.0, 2.0 ] },
						"down": { "texture": "#railsteel", "uv": [ 0.0, 0.0, 1.0, 2.0 ] }
					},
					"attachmentpoints": [
						{
							"code": "wheel-3",
							"posX": "0.0","posY": "0.0","posZ": "0.0",
							"rotationX": "0.0","rotationY": "180.0","rotationZ": "0.0"
						}
					]
				},
				{
					"name": "axle-rl",
					"from": [ 15.0, 6.0, 13.0 ],
					"to": [ 16.0, 7.0, 15.0 ],
					"rotationOrigin": [ 15.5, 6.5, 13.0 ],
					"rotationY": 180.0,
					"faces": {
						"north": { "texture": "#railsteel", "uv": [ 0.0, 0.0, 1.0, 1.0 ] },
						"east": { "texture": "#railsteel", "uv": [ 0.0, 0.0, 2.0, 1.0 ] },
						"south": { "texture": "#railsteel", "uv": [ 0.0, 0.0, 1.0, 1.0 ] },
						"west": { "texture": "#railsteel", "uv": [ 0.0, 0.0, 2.0, 1.0 ] },
						"up": { "texture": "#railsteel", "uv": [ 0.0, 0.0, 1.0, 2.0 ] },
						"down": { "texture": "#railsteel", "uv": [ 0.0, 0.0, 1.0, 2.0 ] }
					},
					"attachmentpoints": [
						{
							"code": "wheel-4",
							"posX": "0.5","posY": "0.0","posZ": "0.0",
							"rotationX": "0.0","rotationY": "0.0","rotationZ": "0.0"
						}
					]
				},
				{
					"name": "axle-rl2",
					"from": [ -1.0, 6.0, 13.0 ],
					"to": [ 0.0, 7.0, 15.0 ],
					"rotationOrigin": [ -0.5, 6.5, 13.0 ],
					"rotationY": 180.0,
					"faces": {
						"north": { "texture": "#railsteel", "uv": [ 0.0, 0.0, 1.0, 1.0 ] },
						"east": { "texture": "#railsteel", "uv": [ 0.0, 0.0, 2.0, 1.0 ] },
						"south": { "texture": "#railsteel", "uv": [ 0.0, 0.0, 1.0, 1.0 ] },
						"west": { "texture": "#railsteel", "uv": [ 0.0, 0.0, 2.0, 1.0 ] },
						"up": { "texture": "#railsteel", "uv": [ 0.0, 0.0, 1.0, 2.0 ] },
						"down": { "texture": "#railsteel", "uv": [ 0.0, 0.0, 1.0, 2.0 ] }
					},
					"attachmentpoints": [
						{
							"code": "wheel-2",
							"posX": "0.5","posY": "0.0","posZ": "0.0",
							"rotationX": "0.0","rotationY": "0.0","rotationZ": "0.0"
						}
					]
				},
				{
					"name": "frontassy2",
					"from": [ 2.0, 9.3, 4.5 ],
					"to": [ 7.0, 14.3, 11.5 ],
					"rotationOrigin": [ 2.0, 9.3, 4.5 ],
					"faces": {
						"north": { "texture": "#railsteel", "uv": [ 0.0, 0.0, 5.0, 5.0 ] },
						"east": { "texture": "#railsteel", "uv": [ 0.0, 0.0, 7.0, 5.0 ] },
						"south": { "texture": "#railsteel", "uv": [ 0.0, 0.0, 5.0, 5.0 ] },
						"west": { "texture": "#railsteel", "uv": [ 0.0, 0.0, 7.0, 5.0 ] },
						"up": { "texture": "#railsteel", "uv": [ 0.0, 0.0, 5.0, 7.0 ] },
						"down": { "texture": "#railsteel", "uv": [ 0.0, 0.0, 5.0, 7.0 ] }
					}
				},
				{
					"name": "frontassy4",
					"from": [ 2.0, 7.3, 4.9 ],
					"to": [ 14.0, 9.3, 11.1 ],
					"rotationOrigin": [ 2.0, 7.3, 4.9 ],
					"faces": {
						"north": { "texture": "#traintexture", "uv": [ 0.0, 0.0, 12.0, 2.0 ] },
						"east": { "texture": "#traintexture", "uv": [ 0.0, 0.0, 6.0, 2.0 ] },
						"south": { "texture": "#traintexture", "uv": [ 0.0, 0.0, 12.0, 2.0 ] },
						"west": { "texture": "#traintexture", "uv": [ 0.0, 0.0, 6.0, 2.0 ] },
						"up": { "texture": "#traintexture", "uv": [ 0.0, 0.0, 12.0, 6.0 ] },
						"down": { "texture": "#traintexture", "uv": [ 0.0, 0.0, 12.0, 6.0 ] }
					}
				},
				{
					"name": "frontassy5",
					"from": [ 17.0, 4.0, 11.0 ],
					"to": [ 21.0, 6.0, 17.0 ],
					"rotationOrigin": [ 17.0, 4.0, 11.0 ],
					"rotationY": 180.0,
					"rotationZ": 22.5,
					"faces": {
						"north": { "texture": "#traintexture", "uv": [ 0.0, 0.0, 4.0, 2.0 ] },
						"east": { "texture": "#traintexture", "uv": [ 0.0, 0.0, 6.0, 2.0 ] },
						"south": { "texture": "#traintexture", "uv": [ 0.0, 0.0, 4.0, 2.0 ] },
						"west": { "texture": "#traintexture", "uv": [ 0.0, 0.0, 6.0, 2.0 ] },
						"up": { "texture": "#traintexture", "uv": [ 0.0, 0.0, 4.0, 6.0 ] },
						"down": { "texture": "#traintexture", "uv": [ 0.0, 0.0, 4.0, 6.0 ] }
					},
					"children": [
						{
							"name": "Cube5",
							"from": [ 4.0, 2.0, 1.0 ],
							"to": [ 8.0, 4.0, 5.0 ],
							"rotationOrigin": [ 4.0, 2.0, 1.0 ],
							"faces": {
								"north": { "texture": "#traintexture", "uv": [ 0.0, 0.0, 4.0, 2.0 ] },
								"east": { "texture": "#traintexture", "uv": [ 0.0, 0.0, 4.0, 2.0 ] },
								"south": { "texture": "#traintexture", "uv": [ 0.0, 0.0, 4.0, 2.0 ] },
								"west": { "texture": "#traintexture", "uv": [ 0.0, 0.0, 4.0, 2.0 ] },
								"up": { "texture": "#traintexture", "uv": [ 0.0, 0.0, 4.0, 4.0 ] },
								"down": { "texture": "#traintexture", "uv": [ 0.0, 0.0, 4.0, 4.0 ] }
							}
						},
						{
							"name": "Cube6",
							"from": [ 2.0, 2.0, 0.0 ],
							"to": [ 4.0, 4.0, 6.0 ],
							"rotationOrigin": [ 2.0, 2.0, 0.0 ],
							"faces": {
								"north": { "texture": "#traintexture", "uv": [ 0.0, 0.0, 2.0, 2.0 ] },
								"east": { "texture": "#traintexture", "uv": [ 0.0, 0.0, 6.0, 2.0 ] },
								"south": { "texture": "#traintexture", "uv": [ 0.0, 0.0, 2.0, 2.0 ] },
								"west": { "texture": "#traintexture", "uv": [ 0.0, 0.0, 6.0, 2.0 ] },
								"up": { "texture": "#traintexture", "uv": [ 0.0, 0.0, 2.0, 6.0 ] },
								"down": { "texture": "#traintexture", "uv": [ 0.0, 0.0, 2.0, 6.0 ] }
							}
						},
						{
							"name": "Cube7",
							"from": [ 1.5, 0.6, 0.5 ],
							"to": [ 4.2, 2.6, 5.5 ],
							"rotationOrigin": [ 1.5, 0.6, 0.5 ],
							"rotationZ": 45.0,
							"faces": {
								"north": { "texture": "#traintexture", "uv": [ 0.0, 0.0, 2.5, 2.0 ] },
								"east": { "texture": "#traintexture", "uv": [ 0.0, 0.0, 5.0, 2.0 ] },
								"south": { "texture": "#traintexture", "uv": [ 0.0, 0.0, 2.5, 2.0 ] },
								"west": { "texture": "#traintexture", "uv": [ 0.0, 0.0, 5.0, 2.0 ] },
								"up": { "texture": "#traintexture", "uv": [ 0.0, 0.0, 2.5, 5.0 ] },
								"down": { "texture": "#traintexture", "uv": [ 0.0, 0.0, 2.5, 5.0 ] }
							}
						}
					]
				},
				{
					"name": "frontassy3",
					"from": [ 9.0, 9.3, 4.5 ],
					"to": [ 14.0, 14.3, 11.5 ],
					"rotationOrigin": [ 9.0, 9.3, 4.5 ],
					"faces": {
						"north": { "texture": "#railsteel", "uv": [ 0.0, 0.0, 5.0, 5.0 ] },
						"east": { "texture": "#railsteel", "uv": [ 0.0, 0.0, 7.0, 5.0 ] },
						"south": { "texture": "#railsteel", "uv": [ 0.0, 0.0, 5.0, 5.0 ] },
						"west": { "texture": "#railsteel", "uv": [ 0.0, 0.0, 7.0, 5.0 ] },
						"up": { "texture": "#railsteel", "uv": [ 0.0, 0.0, 5.0, 7.0 ] },
						"down": { "texture": "#railsteel", "uv": [ 0.0, 0.0, 5.0, 7.0 ] }
					}
				},
				{
					"name": "frontassy6",
					"from": [ 7.0, 9.3, 5.5 ],
					"to": [ 9.0, 13.8, 10.5 ],
					"rotationOrigin": [ 7.0, 9.3, 5.5 ],
					"faces": {
						"north": { "texture": "#railsteel", "uv": [ 0.0, 0.0, 2.0, 4.5 ] },
						"east": { "texture": "#railsteel", "uv": [ 0.0, 0.0, 5.0, 4.5 ] },
						"south": { "texture": "#railsteel", "uv": [ 0.0, 0.0, 2.0, 4.5 ] },
						"west": { "texture": "#railsteel", "uv": [ 0.0, 0.0, 5.0, 4.5 ] },
						"up": { "texture": "#railsteel", "uv": [ 0.0, 0.0, 2.0, 5.0 ] },
						"down": { "texture": "#railsteel", "uv": [ 0.0, 0.0, 2.0, 5.0 ] }
					}
				},
				{
					"name": "frontassy7",
					"from": [ 1.0, 8.3, 6.5 ],
					"to": [ 3.0, 12.8, 9.5 ],
					"rotationOrigin": [ 1.0, 8.3, 6.5 ],
					"faces": {
						"north": { "texture": "#railsteel", "uv": [ 0.0, 0.0, 2.0, 4.5 ] },
						"east": { "texture": "#railsteel", "uv": [ 0.0, 0.0, 3.0, 4.5 ] },
						"south": { "texture": "#railsteel", "uv": [ 0.0, 0.0, 2.0, 4.5 ] },
						"west": { "texture": "#railsteel", "uv": [ 0.0, 0.0, 3.0, 4.5 ] },
						"up": { "texture": "#railsteel", "uv": [ 0.0, 0.0, 2.0, 3.0 ] },
						"down": { "texture": "#railsteel", "uv": [ 0.0, 0.0, 2.0, 3.0 ] }
					}
				},
				{
					"name": "frontassy8",
					"from": [ 13.0, 8.3, 6.5 ],
					"to": [ 15.0, 12.8, 9.5 ],
					"rotationOrigin": [ 13.0, 8.3, 6.5 ],
					"faces": {
						"north": { "texture": "#railsteel", "uv": [ 0.0, 0.0, 2.0, 4.5 ] },
						"east": { "texture": "#railsteel", "uv": [ 0.0, 0.0, 3.0, 4.5 ] },
						"south": { "texture": "#railsteel", "uv": [ 0.0, 0.0, 2.0, 4.5 ] },
						"west": { "texture": "#railsteel", "uv": [ 0.0, 0.0, 3.0, 4.5 ] },
						"up": { "texture": "#railsteel", "uv": [ 0.0, 0.0, 2.0, 3.0 ] },
						"down": { "texture": "#railsteel", "uv": [ 0.0, 0.0, 2.0, 3.0 ] }
					}
				},
				{
					"name": "frontassy9",
					"from": [ 25.0, 4.0, 11.0 ],
					"to": [ 29.0, 6.0, 17.0 ],
					"rotationOrigin": [ 25.0, 4.0, 11.0 ],
					"rotationY": 180.0,
					"rotationZ": 22.5,
					"faces": {
						"north": { "texture": "#traintexture", "uv": [ 0.0, 0.0, 4.0, 2.0 ] },
						"east": { "texture": "#traintexture", "uv": [ 0.0, 0.0, 6.0, 2.0 ] },
						"south": { "texture": "#traintexture", "uv": [ 0.0, 0.0, 4.0, 2.0 ] },
						"west": { "texture": "#traintexture", "uv": [ 0.0, 0.0, 6.0, 2.0 ] },
						"up": { "texture": "#traintexture", "uv": [ 0.0, 0.0, 4.0, 6.0 ] },
						"down": { "texture": "#traintexture", "uv": [ 0.0, 0.0, 4.0, 6.0 ] }
					},
					"children": [
						{
							"name": "Cube8",
							"from": [ 3.0, 2.0, 2.0 ],
							"to": [ 10.0, 4.0, 4.0 ],
							"rotationOrigin": [ 3.0, 2.0, 2.0 ],
							"rotationZ": -22.5,
							"faces": {
								"north": { "texture": "#traintexture", "uv": [ 0.0, 0.0, 7.0, 2.0 ] },
								"east": { "texture": "#traintexture", "uv": [ 0.0, 0.0, 2.0, 2.0 ] },
								"south": { "texture": "#traintexture", "uv": [ 0.0, 0.0, 7.0, 2.0 ] },
								"west": { "texture": "#traintexture", "uv": [ 0.0, 0.0, 2.0, 2.0 ] },
								"up": { "texture": "#traintexture", "uv": [ 0.0, 0.0, 7.0, 2.0 ] },
								"down": { "texture": "#traintexture", "uv": [ 0.0, 0.0, 7.0, 2.0 ] }
							}
						},
						{
							"name": "Cube9",
							"from": [ 2.0, 2.0, 0.0 ],
							"to": [ 4.0, 4.0, 6.0 ],
							"rotationOrigin": [ 2.0, 2.0, 0.0 ],
							"faces": {
								"north": { "texture": "#traintexture", "uv": [ 0.0, 0.0, 2.0, 2.0 ] },
								"east": { "texture": "#traintexture", "uv": [ 0.0, 0.0, 6.0, 2.0 ] },
								"south": { "texture": "#traintexture", "uv": [ 0.0, 0.0, 2.0, 2.0 ] },
								"west": { "texture": "#traintexture", "uv": [ 0.0, 0.0, 6.0, 2.0 ] },
								"up": { "texture": "#traintexture", "uv": [ 0.0, 0.0, 2.0, 6.0 ] },
								"down": { "texture": "#traintexture", "uv": [ 0.0, 0.0, 2.0, 6.0 ] }
							}
						},
						{
							"name": "Cube10",
							"from": [ 1.5, 0.6, 0.5 ],
							"to": [ 4.2, 2.6, 5.5 ],
							"rotationOrigin": [ 1.5, 0.6, 0.5 ],
							"rotationZ": 45.0,
							"faces": {
								"north": { "texture": "#traintexture", "uv": [ 0.0, 0.0, 2.5, 2.0 ] },
								"east": { "texture": "#traintexture", "uv": [ 0.0, 0.0, 5.0, 2.0 ] },
								"south": { "texture": "#traintexture", "uv": [ 0.0, 0.0, 2.5, 2.0 ] },
								"west": { "texture": "#traintexture", "uv": [ 0.0, 0.0, 5.0, 2.0 ] },
								"up": { "texture": "#traintexture", "uv": [ 0.0, 0.0, 2.5, 5.0 ] },
								"down": { "texture": "#traintexture", "uv": [ 0.0, 0.0, 2.5, 5.0 ] }
							}
						}
					]
				},
				{
					"name": "axle-rl3",
					"from": [ 23.0, 6.0, 13.0 ],
					"to": [ 24.0, 7.0, 15.0 ],
					"rotationOrigin": [ 23.5, 6.5, 13.0 ],
					"rotationY": 180.0,
					"faces": {
						"north": { "texture": "#railsteel", "uv": [ 0.0, 0.0, 1.0, 1.0 ] },
						"east": { "texture": "#railsteel", "uv": [ 0.0, 0.0, 2.0, 1.0 ] },
						"south": { "texture": "#railsteel", "uv": [ 0.0, 0.0, 1.0, 1.0 ] },
						"west": { "texture": "#railsteel", "uv": [ 0.0, 0.0, 2.0, 1.0 ] },
						"up": { "texture": "#railsteel", "uv": [ 0.0, 0.0, 1.0, 2.0 ] },
						"down": { "texture": "#railsteel", "uv": [ 0.0, 0.0, 1.0, 2.0 ] }
					},
					"attachmentpoints": [
						{
							"code": "wheel-5",
							"posX": "0.5","posY": "0.0","posZ": "0.0",
							"rotationX": "0.0","rotationY": "0.0","rotationZ": "0.0"
						}
					]
				},
				{
					"name": "axle-rr2",
					"from": [ 23.0, 6.0, 3.0 ],
					"to": [ 24.0, 7.0, 5.0 ],
					"rotationOrigin": [ 23.5, 6.5, 3.0 ],
					"faces": {
						"north": { "texture": "#railsteel", "uv": [ 0.0, 0.0, 1.0, 1.0 ] },
						"east": { "texture": "#railsteel", "uv": [ 0.0, 0.0, 2.0, 1.0 ] },
						"south": { "texture": "#railsteel", "uv": [ 0.0, 0.0, 1.0, 1.0 ] },
						"west": { "texture": "#railsteel", "uv": [ 0.0, 0.0, 2.0, 1.0 ] },
						"up": { "texture": "#railsteel", "uv": [ 0.0, 0.0, 1.0, 2.0 ] },
						"down": { "texture": "#railsteel", "uv": [ 0.0, 0.0, 1.0, 2.0 ] }
					},
					"attachmentpoints": [
						{
							"code": "wheel-6",
							"posX": "0.0","posY": "0.0","posZ": "0.0",
							"rotationX": "0.0","rotationY": "180.0","rotationZ": "0.0"
						}
					]
				},
				{
					"name": "frontassy10",
					"from": [ -10.0, 4.0, 5.0 ],
					"to": [ -6.0, 6.0, 11.0 ],
					"rotationOrigin": [ -10.0, 4.0, 5.0 ],
					"rotationZ": 22.5,
					"faces": {
						"north": { "texture": "#traintexture", "uv": [ 0.0, 0.0, 4.0, 2.0 ] },
						"east": { "texture": "#traintexture", "uv": [ 0.0, 0.0, 6.0, 2.0 ] },
						"south": { "texture": "#traintexture", "uv": [ 0.0, 0.0, 4.0, 2.0 ] },
						"west": { "texture": "#traintexture", "uv": [ 0.0, 0.0, 6.0, 2.0 ] },
						"up": { "texture": "#traintexture", "uv": [ 0.0, 0.0, 4.0, 6.0 ] },
						"down": { "texture": "#traintexture", "uv": [ 0.0, 0.0, 4.0, 6.0 ] }
					},
					"children": [
						{
							"name": "Cube11",
							"from": [ 3.0, 2.0, 2.0 ],
							"to": [ 10.0, 4.0, 4.0 ],
							"rotationOrigin": [ 3.0, 2.0, 2.0 ],
							"rotationZ": -22.5,
							"faces": {
								"north": { "texture": "#traintexture", "uv": [ 0.0, 0.0, 7.0, 2.0 ] },
								"east": { "texture": "#traintexture", "uv": [ 0.0, 0.0, 2.0, 2.0 ] },
								"south": { "texture": "#traintexture", "uv": [ 0.0, 0.0, 7.0, 2.0 ] },
								"west": { "texture": "#traintexture", "uv": [ 0.0, 0.0, 2.0, 2.0 ] },
								"up": { "texture": "#traintexture", "uv": [ 0.0, 0.0, 7.0, 2.0 ] },
								"down": { "texture": "#traintexture", "uv": [ 0.0, 0.0, 7.0, 2.0 ] }
							}
						},
						{
							"name": "Cube12",
							"from": [ 2.0, 2.0, 0.0 ],
							"to": [ 4.0, 4.0, 6.0 ],
							"rotationOrigin": [ 2.0, 2.0, 0.0 ],
							"faces": {
								"north": { "texture": "#traintexture", "uv": [ 0.0, 0.0, 2.0, 2.0 ] },
								"east": { "texture": "#traintexture", "uv": [ 0.0, 0.0, 6.0, 2.0 ] },
								"south": { "texture": "#traintexture", "uv": [ 0.0, 0.0, 2.0, 2.0 ] },
								"west": { "texture": "#traintexture", "uv": [ 0.0, 0.0, 6.0, 2.0 ] },
								"up": { "texture": "#traintexture", "uv": [ 0.0, 0.0, 2.0, 6.0 ] },
								"down": { "texture": "#traintexture", "uv": [ 0.0, 0.0, 2.0, 6.0 ] }
							}
						},
						{
							"name": "Cube13",
							"from": [ 1.5, 0.6, 0.5 ],
							"to": [ 4.2, 2.6, 5.5 ],
							"rotationOrigin": [ 1.5, 0.6, 0.5 ],
							"rotationZ": 45.0,
							"faces": {
								"north": { "texture": "#traintexture", "uv": [ 0.0, 0.0, 2.5, 2.0 ] },
								"east": { "texture": "#traintexture", "uv": [ 0.0, 0.0, 5.0, 2.0 ] },
								"south": { "texture": "#traintexture", "uv": [ 0.0, 0.0, 2.5, 2.0 ] },
								"west": { "texture": "#traintexture", "uv": [ 0.0, 0.0, 5.0, 2.0 ] },
								"up": { "texture": "#traintexture", "uv": [ 0.0, 0.0, 2.5, 5.0 ] },
								"down": { "texture": "#traintexture", "uv": [ 0.0, 0.0, 2.5, 5.0 ] }
							}
						}
					]
				},
				{
					"name": "axle-fr2",
					"from": [ -9.0, 6.0, 3.0 ],
					"to": [ -8.0, 7.0, 5.0 ],
					"rotationOrigin": [ -8.5, 6.5, 3.0 ],
					"faces": {
						"north": { "texture": "#railsteel", "uv": [ 0.0, 0.0, 1.0, 1.0 ] },
						"east": { "texture": "#railsteel", "uv": [ 0.0, 0.0, 2.0, 1.0 ] },
						"south": { "texture": "#railsteel", "uv": [ 0.0, 0.0, 1.0, 1.0 ] },
						"west": { "texture": "#railsteel", "uv": [ 0.0, 0.0, 2.0, 1.0 ] },
						"up": { "texture": "#railsteel", "uv": [ 0.0, 0.0, 1.0, 2.0 ] },
						"down": { "texture": "#railsteel", "uv": [ 0.0, 0.0, 1.0, 2.0 ] }
					},
					"attachmentpoints": [
						{
							"code": "wheel-7",
							"posX": "0.0","posY": "0.0","posZ": "0.0",
							"rotationX": "0.0","rotationY": "180.0","rotationZ": "0.0"
						}
					]
				},
				{
					"name": "axle-rl4",
					"from": [ -9.0, 6.0, 13.0 ],
					"to": [ -8.0, 7.0, 15.0 ],
					"rotationOrigin": [ -8.5, 6.5, 13.0 ],
					"rotationY": 180.0,
					"faces": {
						"north": { "texture": "#railsteel", "uv": [ 0.0, 0.0, 1.0, 1.0 ] },
						"east": { "texture": "#railsteel", "uv": [ 0.0, 0.0, 2.0, 1.0 ] },
						"south": { "texture": "#railsteel", "uv": [ 0.0, 0.0, 1.0, 1.0 ] },
						"west": { "texture": "#railsteel", "uv": [ 0.0, 0.0, 2.0, 1.0 ] },
						"up": { "texture": "#railsteel", "uv": [ 0.0, 0.0, 1.0, 2.0 ] },
						"down": { "texture": "#railsteel", "uv": [ 0.0, 0.0, 1.0, 2.0 ] }
					},
					"attachmentpoints": [
						{
							"code": "wheel-0",
							"posX": "0.5","posY": "0.0","posZ": "0.0",
							"rotationX": "0.0","rotationY": "0.0","rotationZ": "0.0"
						}
					]
				},
				{
					"name": "frontassy11",
					"from": [ -8.0, 8.3, 6.5 ],
					"to": [ 1.0, 12.3, 9.5 ],
					"rotationOrigin": [ -8.0, 8.3, 6.5 ],
					"faces": {
						"north": { "texture": "#railsteel", "uv": [ 0.0, 0.0, 9.0, 4.0 ] },
						"east": { "texture": "#railsteel", "uv": [ 0.0, 0.0, 3.0, 4.0 ] },
						"south": { "texture": "#railsteel", "uv": [ 0.0, 0.0, 9.0, 4.0 ] },
						"west": { "texture": "#railsteel", "uv": [ 0.0, 0.0, 3.0, 4.0 ] },
						"up": { "texture": "#railsteel", "uv": [ 0.0, 0.0, 9.0, 3.0 ] },
						"down": { "texture": "#railsteel", "uv": [ 0.0, 0.0, 9.0, 3.0 ] }
					}
				},
				{
					"name": "frontassy12",
					"from": [ -10.0, 8.3, 6.5 ],
					"to": [ -8.0, 11.3, 9.5 ],
					"rotationOrigin": [ -10.0, 8.3, 6.5 ],
					"faces": {
						"north": { "texture": "#railsteel", "uv": [ 0.0, 0.0, 2.0, 3.0 ] },
						"east": { "texture": "#railsteel", "uv": [ 0.0, 0.0, 3.0, 3.0 ] },
						"south": { "texture": "#railsteel", "uv": [ 0.0, 0.0, 2.0, 3.0 ] },
						"west": { "texture": "#railsteel", "uv": [ 0.0, 0.0, 3.0, 3.0 ] },
						"up": { "texture": "#railsteel", "uv": [ 0.0, 0.0, 2.0, 3.0 ] },
						"down": { "texture": "#railsteel", "uv": [ 0.0, 0.0, 2.0, 3.0 ] }
					}
				},
				{
					"name": "frontassy13",
					"from": [ 15.0, 8.3, 6.5 ],
					"to": [ 24.0, 10.8, 9.5 ],
					"rotationOrigin": [ 15.0, 8.3, 6.5 ],
					"faces": {
						"north": { "texture": "#railsteel", "uv": [ 0.0, 0.0, 9.0, 2.5 ] },
						"east": { "texture": "#railsteel", "uv": [ 0.0, 0.0, 3.0, 2.5 ] },
						"south": { "texture": "#railsteel", "uv": [ 0.0, 0.0, 9.0, 2.5 ] },
						"west": { "texture": "#railsteel", "uv": [ 0.0, 0.0, 3.0, 2.5 ] },
						"up": { "texture": "#railsteel", "uv": [ 0.0, 0.0, 9.0, 3.0 ] },
						"down": { "texture": "#railsteel", "uv": [ 0.0, 0.0, 9.0, 3.0 ] }
					}
				},
				{
					"name": "frontassy14",
					"from": [ 7.5, 9.3, 5.0 ],
					"to": [ 8.5, 14.0, 11.0 ],
					"rotationOrigin": [ 7.5, 9.3, 5.0 ],
					"faces": {
						"north": { "texture": "#railsteel", "uv": [ 0.0, 0.0, 1.0, 4.5 ] },
						"east": { "texture": "#railsteel", "uv": [ 0.0, 0.0, 6.0, 4.5 ] },
						"south": { "texture": "#railsteel", "uv": [ 0.0, 0.0, 1.0, 4.5 ] },
						"west": { "texture": "#railsteel", "uv": [ 0.0, 0.0, 6.0, 4.5 ] },
						"up": { "texture": "#railsteel", "uv": [ 0.0, 0.0, 1.0, 6.0 ] },
						"down": { "texture": "#railsteel", "uv": [ 0.0, 0.0, 1.0, 6.0 ] }
					}
				},
				{
					"name": "pedal",
					"from": [ -7.7, 9.0, 5.3 ],
					"to": [ -7.2, 10.0, 6.8 ],
					"rotationOrigin": [ -7.7, 9.0, 5.3 ],
					"rotationZ": 22.5,
					"faces": {
						"north": { "texture": "#traintexture", "uv": [ 0.0, 0.0, 0.5, 1.0 ] },
						"east": { "texture": "#traintexture", "uv": [ 0.0, 0.0, 1.5, 1.0 ] },
						"south": { "texture": "#traintexture", "uv": [ 0.0, 0.0, 0.5, 1.0 ] },
						"west": { "texture": "#traintexture", "uv": [ 0.0, 0.0, 1.5, 1.0 ] },
						"up": { "texture": "#traintexture", "uv": [ 0.0, 0.0, 0.5, 1.5 ] },
						"down": { "texture": "#traintexture", "uv": [ 0.0, 0.0, 0.5, 1.5 ] }
					},
					"children": [
						{
							"name": "frontassy15",
							"from": [ 0.3788, -0.9146, -1.0 ],
							"to": [ 0.8788, 2.0854, 1.0 ],
							"rotationOrigin": [ 0.3788, -0.9146, -1.0 ],
							"faces": {
								"north": { "texture": "#railsteel", "uv": [ 0.0, 0.0, 0.5, 3.0 ] },
								"east": { "texture": "#railsteel", "uv": [ 0.0, 0.0, 2.0, 3.0 ] },
								"south": { "texture": "#railsteel", "uv": [ 0.0, 0.0, 0.5, 3.0 ] },
								"west": { "texture": "#railsteel", "uv": [ 0.0, 0.0, 2.0, 3.0 ] },
								"up": { "texture": "#railsteel", "uv": [ 0.0, 0.0, 0.5, 2.0 ] },
								"down": { "texture": "#railsteel", "uv": [ 0.0, 0.0, 0.5, 2.0 ] }
							}
						},
						{
							"name": "frontassy17",
							"from": [ 0.7325, -0.8446, -0.9 ],
							"to": [ 1.2325, 1.9554, 0.9 ],
							"rotationOrigin": [ 0.7325, -0.8446, -0.9 ],
							"faces": {
								"north": { "texture": "#traintexture", "uv": [ 0.0, 0.0, 0.5, 2.5 ] },
								"east": { "texture": "#traintexture", "uv": [ 0.0, 0.0, 1.5, 2.5 ] },
								"south": { "texture": "#traintexture", "uv": [ 0.0, 0.0, 0.5, 2.5 ] },
								"west": { "texture": "#traintexture", "uv": [ 0.0, 0.0, 1.5, 2.5 ] },
								"up": { "texture": "#traintexture", "uv": [ 0.0, 0.0, 0.5, 1.5 ] },
								"down": { "texture": "#traintexture", "uv": [ 0.0, 0.0, 0.5, 1.5 ] }
							}
						}
					]
				},
				{
					"name": "pedal2",
					"from": [ -7.8, 9.0, 9.4 ],
					"to": [ -7.3, 10.0, 10.9 ],
					"rotationOrigin": [ -7.8, 9.0, 9.4 ],
					"rotationZ": 22.5,
					"faces": {
						"north": { "texture": "#traintexture", "uv": [ 0.0, 0.0, 0.5, 1.0 ] },
						"east": { "texture": "#traintexture", "uv": [ 0.0, 0.0, 1.5, 1.0 ] },
						"south": { "texture": "#traintexture", "uv": [ 0.0, 0.0, 0.5, 1.0 ] },
						"west": { "texture": "#traintexture", "uv": [ 0.0, 0.0, 1.5, 1.0 ] },
						"up": { "texture": "#traintexture", "uv": [ 0.0, 0.0, 0.5, 1.5 ] },
						"down": { "texture": "#traintexture", "uv": [ 0.0, 0.0, 0.5, 1.5 ] }
					},
					"children": [
						{
							"name": "frontassy16",
							"from": [ 0.38, -0.9146, 0.3 ],
							"to": [ 0.88, 2.0854, 2.3 ],
							"rotationOrigin": [ 0.3788, -0.9146, 0.3 ],
							"faces": {
								"north": { "texture": "#railsteel", "uv": [ 0.0, 0.0, 0.5, 3.0 ] },
								"east": { "texture": "#railsteel", "uv": [ 0.0, 0.0, 2.0, 3.0 ] },
								"south": { "texture": "#railsteel", "uv": [ 0.0, 0.0, 0.5, 3.0 ] },
								"west": { "texture": "#railsteel", "uv": [ 0.0, 0.0, 2.0, 3.0 ] },
								"up": { "texture": "#railsteel", "uv": [ 0.0, 0.0, 0.5, 2.0 ] },
								"down": { "texture": "#railsteel", "uv": [ 0.0, 0.0, 0.5, 2.0 ] }
							},
							"children": [
								{
									"name": "frontassy18",
									"from": [ 0.3537, 0.07, 0.1 ],
									"to": [ 0.8537, 2.87, 1.9 ],
									"rotationOrigin": [ 0.3537, 0.07, 0.1 ],
									"faces": {
										"north": { "texture": "#traintexture", "uv": [ 0.0, 0.0, 0.5, 2.5 ] },
										"east": { "texture": "#traintexture", "uv": [ 0.0, 0.0, 1.5, 2.5 ] },
										"south": { "texture": "#traintexture", "uv": [ 0.0, 0.0, 0.5, 2.5 ] },
										"west": { "texture": "#traintexture", "uv": [ 0.0, 0.0, 1.5, 2.5 ] },
										"up": { "texture": "#traintexture", "uv": [ 0.0, 0.0, 0.5, 1.5 ] },
										"down": { "texture": "#traintexture", "uv": [ 0.0, 0.0, 0.5, 1.5 ] }
									}
								}
							]
						}
					]
				},
				{
					"name": "Seat-0",
					"from": [ -14.0, 16.0, 0.0 ],
					"to": [ 2.0, 32.0, 16.0 ],
					"rotationOrigin": [ -14.0, 16.0, 0.0 ],
					"faces": {
					},
					"attachmentpoints": [
						{
							"code": "Seat-0",
							"posX": "8.0","posY": "0.0","posZ": "8.0",
							"rotationX": "0.0","rotationY": "0.0","rotationZ": "0.0"
						}
					]
				},
				{
					"name": "LanternAP",
					"from": [ -22.0, 4.0, 0.0 ],
					"to": [ -18.0, 9.0, 4.0 ],
					"rotationOrigin": [ -22.0, 4.0, 0.0 ],
					"faces": {
					},
					"attachmentpoints": [
						{
							"code": "LanternAP",
							"posX": "0.0","posY": "0.0","posZ": "0.0",
							"rotationX": "0.0","rotationY": "0.0","rotationZ": "0.0"
						}
					]
				},
				{
					"name": "Seat-1",
					"from": [ -4.0, 16.0, 0.0 ],
					"to": [ 12.0, 32.0, 16.0 ],
					"rotationOrigin": [ -4.0, 16.0, 8.0 ],
					"faces": {
					},
					"attachmentpoints": [
						{
							"code": "Seat-1",
							"posX": "8.0","posY": "0.0","posZ": "8.0",
							"rotationX": "0.0","rotationY": "0.0","rotationZ": "0.0"
						}
					]
				},
				{
					"name": "Cargo-0",
					"from": [ 14.0, 16.0, 0.0 ],
					"to": [ 30.0, 32.0, 16.0 ],
					"rotationOrigin": [ 14.0, 16.0, 8.0 ],
					"faces": {
					},
					"attachmentpoints": [
						{
							"code": "Cargo-0",
							"posX": "8.0","posY": "0.0","posZ": "8.0",
							"rotationX": "0.0","rotationY": "0.0","rotationZ": "0.0"
						}
					]
				}
			]
		}
	],
	"animations": [
		{
			"name": "Animation 1",
			"code": "idle",
			"quantityframes": 30,
			"onActivityStopped": "Rewind",
			"onAnimationEnd": "Repeat",
			"keyframes": [
				{
					"frame": 0,
					"elements": {
						"origin": { "offsetX": 0.0, "offsetY": 0.0, "offsetZ": 0.0, "rotationX": 0.0, "rotationY": 0.0, "rotationZ": 0.0 }
					}
				}
			]
		}
	]
}