{
	"editor": {
		"backDropShape": "C:/Users/quent/source/repos/rustandrailroads2/rustandrailroads2/assets/rustandrailroads2/shapes/entity/bogey-cart",
		"allAngles": false,
		"entityTextureMode": false
	},
	"textureWidth": 16,
	"textureHeight": 16,
	"textureSizes": {
	},
	"textures": {
		"railtie": "railtie"
	},
	"elements": [
		{
			"name": "origin",
			"from": [ 0.0, 0.0, 0.0 ],
			"to": [ 0.0, 0.0, 0.0 ],
			"faces": {
			},
			"children": [
				{
					"name": "deck",
					"from": [ 0.0, 8.0, 0.0 ],
					"to": [ 16.0, 10.0, 16.0 ],
					"rotationOrigin": [ 0.0, 8.0, 0.0 ],
					"faces": {
						"north": { "texture": "#railtie", "uv": [ 0.0, 0.0, 16.0, 2.0 ] },
						"east": { "texture": "#railtie", "uv": [ 0.0, 0.0, 16.0, 2.0 ], "windMode": [-1,-1,-1,-1], "windData": [0,1,1,0] },
						"south": { "texture": "#railtie", "uv": [ 0.0, 0.0, 16.0, 2.0 ] },
						"west": { "texture": "#railtie", "uv": [ 0.0, 0.0, 16.0, 2.0 ], "windMode": [-1,-1,-1,-1], "windData": [0,0,1,1] },
						"up": { "texture": "#railtie", "uv": [ 0.0, 0.0, 16.0, 16.0 ] },
						"down": { "texture": "#railtie", "uv": [ 0.0, 0.0, 16.0, 16.0 ] }
					}
				}
			]
		}
	],
	"animations": [
	]
}