{
	"editor": {
		"allAngles": false,
		"entityTextureMode": false
	},
	"textureWidth": 16,
	"textureHeight": 16,
	"textureSizes": {
	},
	"textures": {
		"railsteel": "railsteel",
		"traintexture": "traintexture"
	},
	"elements": [
		{
			"name": "SmallWheel",
			"from": [ 0.0, 0.0, 0.0 ],
			"to": [ 1.0, 1.0, 1.0 ],
			"faces": {
			},
			"children": [
				{
					"name": "Cube2",
					"from": [ -1.5, -1.5, 0.0 ],
					"to": [ 1.5, 1.5, 1.0 ],
					"rotationOrigin": [ -0.5, -1.5, 0.0 ],
					"faces": {
						"north": { "texture": "#traintexture", "uv": [ 0.0, 0.0, 3.0, 3.0 ] },
						"south": { "texture": "#traintexture", "uv": [ 0.0, 0.0, 3.0, 3.0 ] }
					},
					"children": [
						{
							"name": "Cube3",
							"from": [ 0.0, -1.0, 0.0 ],
							"to": [ 3.0, 0.0, 1.0 ],
							"rotationOrigin": [ 0.0, -1.0, 0.0 ],
							"faces": {
								"north": { "texture": "#railsteel", "uv": [ 0.0, 0.0, 3.0, 1.0 ] },
								"east": { "texture": "#railsteel", "uv": [ 0.0, 0.0, 1.0, 1.0 ] },
								"south": { "texture": "#railsteel", "uv": [ 0.0, 0.0, 3.0, 1.0 ] },
								"west": { "texture": "#railsteel", "uv": [ 0.0, 0.0, 1.0, 1.0 ] },
								"up": { "texture": "#railsteel", "uv": [ 0.0, 0.0, 3.0, 1.0 ] },
								"down": { "texture": "#railsteel", "uv": [ 0.0, 0.0, 3.0, 1.0 ] }
							}
						},
						{
							"name": "Cube4",
							"from": [ 0.0, 3.0, 0.0 ],
							"to": [ 3.0, 4.0, 1.0 ],
							"rotationOrigin": [ 0.0, 3.0, 0.0 ],
							"faces": {
								"north": { "texture": "#railsteel", "uv": [ 0.0, 0.0, 3.0, 1.0 ] },
								"east": { "texture": "#railsteel", "uv": [ 0.0, 0.0, 1.0, 1.0 ] },
								"south": { "texture": "#railsteel", "uv": [ 0.0, 0.0, 3.0, 1.0 ] },
								"west": { "texture": "#railsteel", "uv": [ 0.0, 0.0, 1.0, 1.0 ] },
								"up": { "texture": "#railsteel", "uv": [ 0.0, 0.0, 3.0, 1.0 ] },
								"down": { "texture": "#railsteel", "uv": [ 0.0, 0.0, 3.0, 1.0 ] }
							}
						},
						{
							"name": "Cube5",
							"from": [ -1.0, 0.0, 0.0 ],
							"to": [ 0.0, 3.0, 1.0 ],
							"rotationOrigin": [ -1.0, 0.0, 0.0 ],
							"faces": {
								"north": { "texture": "#railsteel", "uv": [ 0.0, 0.0, 1.0, 3.0 ] },
								"east": { "texture": "#railsteel", "uv": [ 0.0, 0.0, 1.0, 3.0 ] },
								"south": { "texture": "#railsteel", "uv": [ 0.0, 0.0, 1.0, 3.0 ] },
								"west": { "texture": "#railsteel", "uv": [ 0.0, 0.0, 1.0, 3.0 ] },
								"up": { "texture": "#railsteel", "uv": [ 0.0, 0.0, 1.0, 1.0 ] },
								"down": { "texture": "#railsteel", "uv": [ 0.0, 0.0, 1.0, 1.0 ] }
							}
						},
						{
							"name": "Cube6",
							"from": [ 3.0, 0.0, 0.0 ],
							"to": [ 4.0, 3.0, 1.0 ],
							"rotationOrigin": [ 3.0, 0.0, 0.0 ],
							"faces": {
								"north": { "texture": "#railsteel", "uv": [ 0.0, 0.0, 1.0, 3.0 ] },
								"east": { "texture": "#railsteel", "uv": [ 0.0, 0.0, 1.0, 3.0 ] },
								"south": { "texture": "#railsteel", "uv": [ 0.0, 0.0, 1.0, 3.0 ] },
								"west": { "texture": "#railsteel", "uv": [ 0.0, 0.0, 1.0, 3.0 ] },
								"up": { "texture": "#railsteel", "uv": [ 0.0, 0.0, 1.0, 1.0 ] },
								"down": { "texture": "#railsteel", "uv": [ 0.0, 0.0, 1.0, 1.0 ] }
							}
						},
						{
							"name": "Cube7",
							"from": [ 1.0, 1.0, -1.0 ],
							"to": [ 2.0, 2.0, 2.2 ],
							"rotationOrigin": [ 1.5, 1.5, -1.0 ],
							"rotationZ": 45.0,
							"faces": {
								"north": { "texture": "#railsteel", "uv": [ 0.0, 0.0, 1.0, 1.0 ] },
								"east": { "texture": "#railsteel", "uv": [ 0.0, 0.0, 3.0, 1.0 ] },
								"south": { "texture": "#railsteel", "uv": [ 0.0, 0.0, 1.0, 1.0 ] },
								"west": { "texture": "#railsteel", "uv": [ 0.0, 0.0, 3.0, 1.0 ] },
								"up": { "texture": "#railsteel", "uv": [ 0.0, 0.0, 1.0, 3.0 ] },
								"down": { "texture": "#railsteel", "uv": [ 0.0, 0.0, 1.0, 3.0 ] }
							}
						}
					]
				},
				{
					"name": "Cube8",
					"from": [ -2.5, -2.4, 1.0 ],
					"to": [ 2.5, 2.6, 1.6 ],
					"rotationOrigin": [ -1.5, -2.4, 1.0 ],
					"faces": {
						"north": { "texture": "#traintexture", "uv": [ 0.0, 0.0, 5.0, 5.0 ] },
						"south": { "texture": "#traintexture", "uv": [ 0.0, 0.0, 5.0, 5.0 ] }
					},
					"children": [
						{
							"name": "wheelframe",
							"from": [ -1.0, 1.0, -0.1 ],
							"to": [ 0.0, 4.0, 0.9 ],
							"rotationOrigin": [ -1.0, 1.0, -0.1 ],
							"faces": {
								"north": { "texture": "#railsteel", "uv": [ 0.0, 0.0, 1.0, 3.0 ] },
								"east": { "texture": "#railsteel", "uv": [ 0.0, 0.0, 1.0, 3.0 ] },
								"south": { "texture": "#railsteel", "uv": [ 0.0, 0.0, 1.0, 3.0 ] },
								"west": { "texture": "#railsteel", "uv": [ 0.0, 0.0, 1.0, 3.0 ] },
								"up": { "texture": "#railsteel", "uv": [ 0.0, 0.0, 1.0, 1.0 ] },
								"down": { "texture": "#railsteel", "uv": [ 0.0, 0.0, 1.0, 1.0 ] }
							},
							"children": [
								{
									"name": "wheelframe2",
									"from": [ 0.0, 3.0, 0.0 ],
									"to": [ 1.0, 5.8, 0.9 ],
									"rotationOrigin": [ 0.0, 3.0, 0.0 ],
									"rotationZ": -45.0,
									"faces": {
										"north": { "texture": "#railsteel", "uv": [ 0.0, 0.0, 1.0, 2.5 ] },
										"east": { "texture": "#railsteel", "uv": [ 0.0, 0.0, 0.5, 2.5 ] },
										"south": { "texture": "#railsteel", "uv": [ 0.0, 0.0, 1.0, 2.5 ] },
										"west": { "texture": "#railsteel", "uv": [ 0.0, 0.0, 0.5, 2.5 ] },
										"up": { "texture": "#railsteel", "uv": [ 0.0, 0.0, 1.0, 0.5 ] },
										"down": { "texture": "#railsteel", "uv": [ 0.0, 0.0, 1.0, 0.5 ] }
									}
								}
							]
						},
						{
							"name": "wheelframe3",
							"from": [ 1.0, 6.0, -0.1 ],
							"to": [ 2.0, 9.0, 0.9 ],
							"rotationOrigin": [ 1.0, 6.0, -0.1 ],
							"rotationZ": -90.0,
							"faces": {
								"north": { "texture": "#railsteel", "uv": [ 0.0, 0.0, 1.0, 3.0 ] },
								"east": { "texture": "#railsteel", "uv": [ 0.0, 0.0, 1.0, 3.0 ] },
								"south": { "texture": "#railsteel", "uv": [ 0.0, 0.0, 1.0, 3.0 ] },
								"west": { "texture": "#railsteel", "uv": [ 0.0, 0.0, 1.0, 3.0 ] },
								"up": { "texture": "#railsteel", "uv": [ 0.0, 0.0, 1.0, 1.0 ] },
								"down": { "texture": "#railsteel", "uv": [ 0.0, 0.0, 1.0, 1.0 ] }
							},
							"children": [
								{
									"name": "wheelframe4",
									"from": [ 0.0, 3.0, 0.0 ],
									"to": [ 1.0, 5.8, 0.9 ],
									"rotationOrigin": [ 0.0, 3.0, 0.0 ],
									"rotationZ": -45.0,
									"faces": {
										"north": { "texture": "#railsteel", "uv": [ 0.0, 0.0, 1.0, 2.5 ] },
										"east": { "texture": "#railsteel", "uv": [ 0.0, 0.0, 0.5, 2.5 ] },
										"south": { "texture": "#railsteel", "uv": [ 0.0, 0.0, 1.0, 2.5 ] },
										"west": { "texture": "#railsteel", "uv": [ 0.0, 0.0, 0.5, 2.5 ] },
										"up": { "texture": "#railsteel", "uv": [ 0.0, 0.0, 1.0, 0.5 ] },
										"down": { "texture": "#railsteel", "uv": [ 0.0, 0.0, 1.0, 0.5 ] }
									}
								}
							]
						},
						{
							"name": "wheelframe5",
							"from": [ 6.0, 4.0, -0.1 ],
							"to": [ 7.0, 7.0, 0.9 ],
							"rotationOrigin": [ 6.0, 4.0, -0.1 ],
							"rotationZ": -180.0,
							"faces": {
								"north": { "texture": "#railsteel", "uv": [ 0.0, 0.0, 1.0, 3.0 ] },
								"east": { "texture": "#railsteel", "uv": [ 0.0, 0.0, 1.0, 3.0 ] },
								"south": { "texture": "#railsteel", "uv": [ 0.0, 0.0, 1.0, 3.0 ] },
								"west": { "texture": "#railsteel", "uv": [ 0.0, 0.0, 1.0, 3.0 ] },
								"up": { "texture": "#railsteel", "uv": [ 0.0, 0.0, 1.0, 1.0 ] },
								"down": { "texture": "#railsteel", "uv": [ 0.0, 0.0, 1.0, 1.0 ] }
							},
							"children": [
								{
									"name": "wheelframe6",
									"from": [ 0.0, 3.0, 0.0 ],
									"to": [ 1.0, 5.8, 0.9 ],
									"rotationOrigin": [ 0.0, 3.0, 0.0 ],
									"rotationZ": -45.0,
									"faces": {
										"north": { "texture": "#railsteel", "uv": [ 0.0, 0.0, 1.0, 2.5 ] },
										"east": { "texture": "#railsteel", "uv": [ 0.0, 0.0, 0.5, 2.5 ] },
										"south": { "texture": "#railsteel", "uv": [ 0.0, 0.0, 1.0, 2.5 ] },
										"west": { "texture": "#railsteel", "uv": [ 0.0, 0.0, 0.5, 2.5 ] },
										"up": { "texture": "#railsteel", "uv": [ 0.0, 0.0, 1.0, 0.5 ] },
										"down": { "texture": "#railsteel", "uv": [ 0.0, 0.0, 1.0, 0.5 ] }
									}
								}
							]
						},
						{
							"name": "wheelframe7",
							"from": [ 4.0, -1.0, -0.1 ],
							"to": [ 5.0, 2.0, 0.9 ],
							"rotationOrigin": [ 4.0, -1.0, -0.1 ],
							"rotationZ": 90.0,
							"faces": {
								"north": { "texture": "#railsteel", "uv": [ 0.0, 0.0, 1.0, 3.0 ] },
								"east": { "texture": "#railsteel", "uv": [ 0.0, 0.0, 1.0, 3.0 ] },
								"south": { "texture": "#railsteel", "uv": [ 0.0, 0.0, 1.0, 3.0 ] },
								"west": { "texture": "#railsteel", "uv": [ 0.0, 0.0, 1.0, 3.0 ] },
								"up": { "texture": "#railsteel", "uv": [ 0.0, 0.0, 1.0, 1.0 ] },
								"down": { "texture": "#railsteel", "uv": [ 0.0, 0.0, 1.0, 1.0 ] }
							},
							"children": [
								{
									"name": "wheelframe8",
									"from": [ 0.0, 3.0, 0.0 ],
									"to": [ 1.0, 5.8, 0.9 ],
									"rotationOrigin": [ 0.0, 3.0, 0.0 ],
									"rotationZ": -45.0,
									"faces": {
										"north": { "texture": "#railsteel", "uv": [ 0.0, 0.0, 1.0, 2.5 ] },
										"east": { "texture": "#railsteel", "uv": [ 0.0, 0.0, 0.5, 2.5 ] },
										"south": { "texture": "#railsteel", "uv": [ 0.0, 0.0, 1.0, 2.5 ] },
										"west": { "texture": "#railsteel", "uv": [ 0.0, 0.0, 0.5, 2.5 ] },
										"up": { "texture": "#railsteel", "uv": [ 0.0, 0.0, 1.0, 0.5 ] },
										"down": { "texture": "#railsteel", "uv": [ 0.0, 0.0, 1.0, 0.5 ] }
									}
								}
							]
						}
					]
				}
			]
		}
	]}