{
	"editor": {
		"allAngles": false,
		"entityTextureMode": false
	},
	"textureWidth": 16,
	"textureHeight": 16,
	"textureSizes": {
	},
	"textures": {
	},
	"elements": [
		{
			"name": "origin",
			"from": [ 0.0, 0.0, 0.0 ],
			"to": [ 1.0, 1.0, 1.0 ],
			"rotationOrigin": [ 0.0, 5.0, 0.0 ],
			"faces": {
			},
			"children": [
				{
					"name": "BackSeat",
					"from": [ -1.0, 16.0, 3.0 ],
					"to": [ 8.0, 26.0, 13.0 ],
					"rotationOrigin": [ 4.0, 16.0, 8.0 ],
					"faces": {
					},
					"attachmentpoints": [
						{
							"code": "BackSeatAP",
							"posX": "4.0","posY": "0.0","posZ": "5.0",
							"rotationX": "0.0","rotationY": "0.0","rotationZ": "0.0"
						}
					]
				},
				{
					"name": "Cargo",
					"from": [ 13.0, 16.0, 3.0 ],
					"to": [ 22.0, 26.0, 13.0 ],
					"rotationOrigin": [ 18.0, 16.0, 8.0 ],
					"faces": {
					},
					"attachmentpoints": [
						{
							"code": "Cargo",
							"posX": "4.0","posY": "0.0","posZ": "4.0",
							"rotationX": "0.0","rotationY": "0.0","rotationZ": "0.0"
						}
					]
				}
			]
		}
	]}