{
	"editor": {
		"collapsedPaths": "Root/origin/frontassy5,Root/origin/frontassy",
		"allAngles": false,
		"entityTextureMode": false
	},
	"textureWidth": 16,
	"textureHeight": 16,
	"textureSizes": {
	},
	"textures": {
		"railsteel": "railsteel",
		"traintexture": "traintexture"
	},
	"elements": [
		{
			"name": "origin",
			"from": [ 0.0, 0.0, 0.0 ],
			"to": [ 1.0, 1.0, 1.0 ],
			"rotationOrigin": [ 0.0, 5.0, 0.0 ],
			"faces": {
			},
			"children": [
				{
					"name": "Seat-0",
					"from": [ -1.0, 10.0, 3.0 ],
					"to": [ 8.0, 20.0, 13.0 ],
					"rotationOrigin": [ 4.0, 10.0, 8.0 ],
					"faces": {
					},
					"attachmentpoints": [
						{
							"code": "Seat-0",
							"posX": "4.0","posY": "0.0","posZ": "5.0",
							"rotationX": "0.0","rotationY": "0.0","rotationZ": "0.0"
						}
					]
				},
				{
					"name": "frontassy",
					"from": [ -3.0, 4.0, 5.0 ],
					"to": [ 1.0, 6.0, 11.0 ],
					"rotationOrigin": [ -3.0, 4.0, 5.0 ],
					"rotationZ": 22.5,
					"faces": {
						"north": { "texture": "#traintexture", "uv": [ 0.0, 0.0, 4.0, 2.0 ] },
						"east": { "texture": "#traintexture", "uv": [ 0.0, 0.0, 6.0, 2.0 ] },
						"south": { "texture": "#traintexture", "uv": [ 0.0, 0.0, 4.0, 2.0 ] },
						"west": { "texture": "#traintexture", "uv": [ 0.0, 0.0, 6.0, 2.0 ] },
						"up": { "texture": "#traintexture", "uv": [ 0.0, 0.0, 4.0, 6.0 ] },
						"down": { "texture": "#traintexture", "uv": [ 0.0, 0.0, 4.0, 6.0 ] }
					},
					"children": [
						{
							"name": "Cube2",
							"from": [ 4.0, 2.0, 1.0 ],
							"to": [ 8.0, 4.0, 5.0 ],
							"rotationOrigin": [ 4.0, 2.0, 1.0 ],
							"faces": {
								"north": { "texture": "#traintexture", "uv": [ 0.0, 0.0, 4.0, 2.0 ] },
								"east": { "texture": "#traintexture", "uv": [ 0.0, 0.0, 4.0, 2.0 ] },
								"south": { "texture": "#traintexture", "uv": [ 0.0, 0.0, 4.0, 2.0 ] },
								"west": { "texture": "#traintexture", "uv": [ 0.0, 0.0, 4.0, 2.0 ] },
								"up": { "texture": "#traintexture", "uv": [ 0.0, 0.0, 4.0, 4.0 ] },
								"down": { "texture": "#traintexture", "uv": [ 0.0, 0.0, 4.0, 4.0 ] }
							}
						},
						{
							"name": "Cube3",
							"from": [ 2.0, 2.0, 0.0 ],
							"to": [ 4.0, 4.0, 6.0 ],
							"rotationOrigin": [ 2.0, 2.0, 0.0 ],
							"faces": {
								"north": { "texture": "#traintexture", "uv": [ 0.0, 0.0, 2.0, 2.0 ] },
								"east": { "texture": "#traintexture", "uv": [ 0.0, 0.0, 6.0, 2.0 ] },
								"south": { "texture": "#traintexture", "uv": [ 0.0, 0.0, 2.0, 2.0 ] },
								"west": { "texture": "#traintexture", "uv": [ 0.0, 0.0, 6.0, 2.0 ] },
								"up": { "texture": "#traintexture", "uv": [ 0.0, 0.0, 2.0, 6.0 ] },
								"down": { "texture": "#traintexture", "uv": [ 0.0, 0.0, 2.0, 6.0 ] }
							}
						},
						{
							"name": "Cube4",
							"from": [ 1.5, 0.6, 0.5 ],
							"to": [ 4.2, 2.6, 5.5 ],
							"rotationOrigin": [ 1.5, 0.6, 0.5 ],
							"rotationZ": 45.0,
							"faces": {
								"north": { "texture": "#traintexture", "uv": [ 0.0, 0.0, 2.5, 2.0 ] },
								"east": { "texture": "#traintexture", "uv": [ 0.0, 0.0, 5.0, 2.0 ] },
								"south": { "texture": "#traintexture", "uv": [ 0.0, 0.0, 2.5, 2.0 ] },
								"west": { "texture": "#traintexture", "uv": [ 0.0, 0.0, 5.0, 2.0 ] },
								"up": { "texture": "#traintexture", "uv": [ 0.0, 0.0, 2.5, 5.0 ] },
								"down": { "texture": "#traintexture", "uv": [ 0.0, 0.0, 2.5, 5.0 ] }
							}
						}
					]
				},
				{
					"name": "axle-fr",
					"from": [ -2.0, 6.0, 3.0 ],
					"to": [ -1.0, 7.0, 5.0 ],
					"rotationOrigin": [ -1.5, 6.5, 3.0 ],
					"faces": {
						"north": { "texture": "#railsteel", "uv": [ 0.0, 0.0, 1.0, 1.0 ] },
						"east": { "texture": "#railsteel", "uv": [ 0.0, 0.0, 2.0, 1.0 ] },
						"south": { "texture": "#railsteel", "uv": [ 0.0, 0.0, 1.0, 1.0 ] },
						"west": { "texture": "#railsteel", "uv": [ 0.0, 0.0, 2.0, 1.0 ] },
						"up": { "texture": "#railsteel", "uv": [ 0.0, 0.0, 1.0, 2.0 ] },
						"down": { "texture": "#railsteel", "uv": [ 0.0, 0.0, 1.0, 2.0 ] }
					},
					"attachmentpoints": [
						{
							"code": "wheel-1",
							"posX": "0.0","posY": "0.0","posZ": "0.0",
							"rotationX": "0.0","rotationY": "180.0","rotationZ": "0.0"
						}
					]
				},
				{
					"name": "axle-rr",
					"from": [ 16.0, 6.0, 3.0 ],
					"to": [ 17.0, 7.0, 5.0 ],
					"rotationOrigin": [ 16.5, 6.5, 3.0 ],
					"faces": {
						"north": { "texture": "#railsteel", "uv": [ 0.0, 0.0, 1.0, 1.0 ] },
						"east": { "texture": "#railsteel", "uv": [ 0.0, 0.0, 2.0, 1.0 ] },
						"south": { "texture": "#railsteel", "uv": [ 0.0, 0.0, 1.0, 1.0 ] },
						"west": { "texture": "#railsteel", "uv": [ 0.0, 0.0, 2.0, 1.0 ] },
						"up": { "texture": "#railsteel", "uv": [ 0.0, 0.0, 1.0, 2.0 ] },
						"down": { "texture": "#railsteel", "uv": [ 0.0, 0.0, 1.0, 2.0 ] }
					},
					"attachmentpoints": [
						{
							"code": "wheel-3",
							"posX": "0.0","posY": "0.0","posZ": "0.0",
							"rotationX": "0.0","rotationY": "180.0","rotationZ": "0.0"
						}
					]
				},
				{
					"name": "axle-rl",
					"from": [ 16.0, 6.0, 13.0 ],
					"to": [ 17.0, 7.0, 15.0 ],
					"rotationOrigin": [ 16.5, 6.5, 13.0 ],
					"rotationY": 180.0,
					"faces": {
						"north": { "texture": "#railsteel", "uv": [ 0.0, 0.0, 1.0, 1.0 ] },
						"east": { "texture": "#railsteel", "uv": [ 0.0, 0.0, 2.0, 1.0 ] },
						"south": { "texture": "#railsteel", "uv": [ 0.0, 0.0, 1.0, 1.0 ] },
						"west": { "texture": "#railsteel", "uv": [ 0.0, 0.0, 2.0, 1.0 ] },
						"up": { "texture": "#railsteel", "uv": [ 0.0, 0.0, 1.0, 2.0 ] },
						"down": { "texture": "#railsteel", "uv": [ 0.0, 0.0, 1.0, 2.0 ] }
					},
					"attachmentpoints": [
						{
							"code": "wheel-4",
							"posX": "0.0","posY": "0.0","posZ": "0.0",
							"rotationX": "0.0","rotationY": "0.0","rotationZ": "0.0"
						}
					]
				},
				{
					"name": "axle-rl2",
					"from": [ -2.0, 6.0, 13.0 ],
					"to": [ -1.0, 7.0, 15.0 ],
					"rotationOrigin": [ -1.5, 6.5, 13.0 ],
					"rotationY": 180.0,
					"faces": {
						"north": { "texture": "#railsteel", "uv": [ 0.0, 0.0, 1.0, 1.0 ] },
						"east": { "texture": "#railsteel", "uv": [ 0.0, 0.0, 2.0, 1.0 ] },
						"south": { "texture": "#railsteel", "uv": [ 0.0, 0.0, 1.0, 1.0 ] },
						"west": { "texture": "#railsteel", "uv": [ 0.0, 0.0, 2.0, 1.0 ] },
						"up": { "texture": "#railsteel", "uv": [ 0.0, 0.0, 1.0, 2.0 ] },
						"down": { "texture": "#railsteel", "uv": [ 0.0, 0.0, 1.0, 2.0 ] }
					},
					"attachmentpoints": [
						{
							"code": "wheel-2",
							"posX": "0.0","posY": "0.0","posZ": "0.0",
							"rotationX": "0.0","rotationY": "0.0","rotationZ": "0.0"
						}
					]
				},
				{
					"name": "frontassy2",
					"from": [ 2.0, 9.3, 4.5 ],
					"to": [ 7.0, 14.3, 11.5 ],
					"rotationOrigin": [ 2.0, 9.3, 4.5 ],
					"faces": {
						"north": { "texture": "#railsteel", "uv": [ 0.0, 0.0, 5.0, 5.0 ] },
						"east": { "texture": "#railsteel", "uv": [ 0.0, 0.0, 7.0, 5.0 ] },
						"south": { "texture": "#railsteel", "uv": [ 0.0, 0.0, 5.0, 5.0 ] },
						"west": { "texture": "#railsteel", "uv": [ 0.0, 0.0, 7.0, 5.0 ] },
						"up": { "texture": "#railsteel", "uv": [ 0.0, 0.0, 5.0, 7.0 ] },
						"down": { "texture": "#railsteel", "uv": [ 0.0, 0.0, 5.0, 7.0 ] }
					}
				},
				{
					"name": "frontassy4",
					"from": [ 2.0, 7.3, 4.9 ],
					"to": [ 14.0, 9.3, 11.1 ],
					"rotationOrigin": [ 2.0, 7.3, 4.9 ],
					"faces": {
						"north": { "texture": "#traintexture", "uv": [ 0.0, 0.0, 12.0, 2.0 ] },
						"east": { "texture": "#traintexture", "uv": [ 0.0, 0.0, 6.0, 2.0 ] },
						"south": { "texture": "#traintexture", "uv": [ 0.0, 0.0, 12.0, 2.0 ] },
						"west": { "texture": "#traintexture", "uv": [ 0.0, 0.0, 6.0, 2.0 ] },
						"up": { "texture": "#traintexture", "uv": [ 0.0, 0.0, 12.0, 6.0 ] },
						"down": { "texture": "#traintexture", "uv": [ 0.0, 0.0, 12.0, 6.0 ] }
					}
				},
				{
					"name": "frontassy5",
					"from": [ 18.0, 4.0, 11.0 ],
					"to": [ 22.0, 6.0, 17.0 ],
					"rotationOrigin": [ 18.0, 4.0, 11.0 ],
					"rotationY": 180.0,
					"rotationZ": 22.5,
					"faces": {
						"north": { "texture": "#traintexture", "uv": [ 0.0, 0.0, 4.0, 2.0 ] },
						"east": { "texture": "#traintexture", "uv": [ 0.0, 0.0, 6.0, 2.0 ] },
						"south": { "texture": "#traintexture", "uv": [ 0.0, 0.0, 4.0, 2.0 ] },
						"west": { "texture": "#traintexture", "uv": [ 0.0, 0.0, 6.0, 2.0 ] },
						"up": { "texture": "#traintexture", "uv": [ 0.0, 0.0, 4.0, 6.0 ] },
						"down": { "texture": "#traintexture", "uv": [ 0.0, 0.0, 4.0, 6.0 ] }
					},
					"children": [
						{
							"name": "Cube5",
							"from": [ 4.0, 2.0, 1.0 ],
							"to": [ 8.0, 4.0, 5.0 ],
							"rotationOrigin": [ 4.0, 2.0, 1.0 ],
							"faces": {
								"north": { "texture": "#traintexture", "uv": [ 0.0, 0.0, 4.0, 2.0 ] },
								"east": { "texture": "#traintexture", "uv": [ 0.0, 0.0, 4.0, 2.0 ] },
								"south": { "texture": "#traintexture", "uv": [ 0.0, 0.0, 4.0, 2.0 ] },
								"west": { "texture": "#traintexture", "uv": [ 0.0, 0.0, 4.0, 2.0 ] },
								"up": { "texture": "#traintexture", "uv": [ 0.0, 0.0, 4.0, 4.0 ] },
								"down": { "texture": "#traintexture", "uv": [ 0.0, 0.0, 4.0, 4.0 ] }
							}
						},
						{
							"name": "Cube6",
							"from": [ 2.0, 2.0, 0.0 ],
							"to": [ 4.0, 4.0, 6.0 ],
							"rotationOrigin": [ 2.0, 2.0, 0.0 ],
							"faces": {
								"north": { "texture": "#traintexture", "uv": [ 0.0, 0.0, 2.0, 2.0 ] },
								"east": { "texture": "#traintexture", "uv": [ 0.0, 0.0, 6.0, 2.0 ] },
								"south": { "texture": "#traintexture", "uv": [ 0.0, 0.0, 2.0, 2.0 ] },
								"west": { "texture": "#traintexture", "uv": [ 0.0, 0.0, 6.0, 2.0 ] },
								"up": { "texture": "#traintexture", "uv": [ 0.0, 0.0, 2.0, 6.0 ] },
								"down": { "texture": "#traintexture", "uv": [ 0.0, 0.0, 2.0, 6.0 ] }
							}
						},
						{
							"name": "Cube7",
							"from": [ 1.5, 0.6, 0.5 ],
							"to": [ 4.2, 2.6, 5.5 ],
							"rotationOrigin": [ 1.5, 0.6, 0.5 ],
							"rotationZ": 45.0,
							"faces": {
								"north": { "texture": "#traintexture", "uv": [ 0.0, 0.0, 2.5, 2.0 ] },
								"east": { "texture": "#traintexture", "uv": [ 0.0, 0.0, 5.0, 2.0 ] },
								"south": { "texture": "#traintexture", "uv": [ 0.0, 0.0, 2.5, 2.0 ] },
								"west": { "texture": "#traintexture", "uv": [ 0.0, 0.0, 5.0, 2.0 ] },
								"up": { "texture": "#traintexture", "uv": [ 0.0, 0.0, 2.5, 5.0 ] },
								"down": { "texture": "#traintexture", "uv": [ 0.0, 0.0, 2.5, 5.0 ] }
							}
						}
					]
				},
				{
					"name": "frontassy3",
					"from": [ 9.0, 9.3, 4.5 ],
					"to": [ 14.0, 14.3, 11.5 ],
					"rotationOrigin": [ 9.0, 9.3, 4.5 ],
					"faces": {
						"north": { "texture": "#railsteel", "uv": [ 0.0, 0.0, 5.0, 5.0 ] },
						"east": { "texture": "#railsteel", "uv": [ 0.0, 0.0, 7.0, 5.0 ] },
						"south": { "texture": "#railsteel", "uv": [ 0.0, 0.0, 5.0, 5.0 ] },
						"west": { "texture": "#railsteel", "uv": [ 0.0, 0.0, 7.0, 5.0 ] },
						"up": { "texture": "#railsteel", "uv": [ 0.0, 0.0, 5.0, 7.0 ] },
						"down": { "texture": "#railsteel", "uv": [ 0.0, 0.0, 5.0, 7.0 ] }
					}
				},
				{
					"name": "frontassy6",
					"from": [ 7.0, 9.3, 5.5 ],
					"to": [ 9.0, 13.8, 10.5 ],
					"rotationOrigin": [ 7.0, 9.3, 5.5 ],
					"faces": {
						"north": { "texture": "#railsteel", "uv": [ 0.0, 0.0, 2.0, 4.5 ] },
						"east": { "texture": "#railsteel", "uv": [ 0.0, 0.0, 5.0, 4.5 ] },
						"south": { "texture": "#railsteel", "uv": [ 0.0, 0.0, 2.0, 4.5 ] },
						"west": { "texture": "#railsteel", "uv": [ 0.0, 0.0, 5.0, 4.5 ] },
						"up": { "texture": "#railsteel", "uv": [ 0.0, 0.0, 2.0, 5.0 ] },
						"down": { "texture": "#railsteel", "uv": [ 0.0, 0.0, 2.0, 5.0 ] }
					}
				},
				{
					"name": "frontassy7",
					"from": [ 1.0, 8.3, 6.5 ],
					"to": [ 3.0, 12.8, 9.5 ],
					"rotationOrigin": [ 1.0, 8.3, 6.5 ],
					"faces": {
						"north": { "texture": "#railsteel", "uv": [ 0.0, 0.0, 2.0, 4.5 ] },
						"east": { "texture": "#railsteel", "uv": [ 0.0, 0.0, 3.0, 4.5 ] },
						"south": { "texture": "#railsteel", "uv": [ 0.0, 0.0, 2.0, 4.5 ] },
						"west": { "texture": "#railsteel", "uv": [ 0.0, 0.0, 3.0, 4.5 ] },
						"up": { "texture": "#railsteel", "uv": [ 0.0, 0.0, 2.0, 3.0 ] },
						"down": { "texture": "#railsteel", "uv": [ 0.0, 0.0, 2.0, 3.0 ] }
					}
				},
				{
					"name": "frontassy8",
					"from": [ 13.0, 8.3, 6.5 ],
					"to": [ 15.0, 12.8, 9.5 ],
					"rotationOrigin": [ 13.0, 8.3, 6.5 ],
					"faces": {
						"north": { "texture": "#railsteel", "uv": [ 0.0, 0.0, 2.0, 4.5 ] },
						"east": { "texture": "#railsteel", "uv": [ 0.0, 0.0, 3.0, 4.5 ] },
						"south": { "texture": "#railsteel", "uv": [ 0.0, 0.0, 2.0, 4.5 ] },
						"west": { "texture": "#railsteel", "uv": [ 0.0, 0.0, 3.0, 4.5 ] },
						"up": { "texture": "#railsteel", "uv": [ 0.0, 0.0, 2.0, 3.0 ] },
						"down": { "texture": "#railsteel", "uv": [ 0.0, 0.0, 2.0, 3.0 ] }
					}
				},
				{
					"name": "Cargo-0",
					"from": [ 2.0, 14.0, 7.0 ],
					"to": [ 3.0, 15.0, 8.0 ],
					"rotationOrigin": [ 2.0, 14.0, 7.0 ],
					"faces": {
					},
					"attachmentpoints": [
						{
							"code": "Cargo-0",
							"posX": "0.0","posY": "0.0","posZ": "0.0",
							"rotationX": "0.0","rotationY": "0.0","rotationZ": "0.0"
						}
					]
				},
				{
					"name": "Cargo-1",
					"from": [ 11.0, 14.0, 7.0 ],
					"to": [ 12.0, 15.0, 8.0 ],
					"rotationOrigin": [ 11.0, 14.0, 7.0 ],
					"faces": {
					},
					"attachmentpoints": [
						{
							"code": "Cargo-1",
							"posX": "0.0","posY": "0.0","posZ": "0.0",
							"rotationX": "0.0","rotationY": "0.0","rotationZ": "0.0"
						}
					]
				}
			]
		}
	],
	"animations": [
		{
			"name": "Animation 1",
			"code": "idle",
			"quantityframes": 30,
			"onActivityStopped": "Rewind",
			"onAnimationEnd": "Repeat",
			"keyframes": [
				{
					"frame": 0,
					"elements": {
						"origin": { "offsetX": 0.0, "offsetY": 0.0, "offsetZ": 0.0, "rotationX": 0.0, "rotationY": 0.0, "rotationZ": 0.0 }
					}
				}
			]
		}
	]
}