[	
	{
		"ingredientPattern": "H	L",
		"ingredients": {
			"L": { "type": "block", "code": "game:linen-*" },
			"H": { "type": "item", "code": "floralzonescaperegion:vegetable-aloesuccotrina", "quantity": 6 }
		},
		"width": 1,
		"height": 2,
		"output": { "type": "item", "code": "floralzonescaperegion:poultice-linen-aloesuccotrina", "quantity": 3  }
	},
	
	{
		"ingredientPattern": "H	C",
		"ingredients": {
			"C": { "type": "item", "code": "game:cattailtops", "quantity": 2 },
			"H": { "type": "item", "code": "floralzonescaperegion:vegetable-aloesuccotrina", "quantity": 6 }
		},
		"width": 1,
		"height": 2,
		"output": { "type": "item", "code": "floralzonescaperegion:poultice-reed-aloesuccotrina", "quantity": 3  }
	},
	
	{
		"ingredientPattern": "H	P",
		"ingredients": {
			"P": { "type": "item", "code": "game:papyrustops", "quantity": 2 },
			"H": { "type": "item", "code": "floralzonescaperegion:vegetable-aloesuccotrina", "quantity": 6 }
		},
		"width": 1,
		"height": 2,
		"output": { "type": "item", "code": "floralzonescaperegion:poultice-reed-aloesuccotrina", "quantity": 3  }
	},	
]