{
    "editor": {
        "backDropShape": "entity/humanoid/seraph-hairless",
        "collapsedPaths": "Root/shoe L/front fold 26/LwoolW1,Root/ShoeR/RflapN/RwoolN1,Root/ShoeR,Root/shoe R/RbackFold,Root/shoe R/RflapN/RwoolN1,Root/shoe R/front 1,Root/shoe R/RflapW,Root/shoe R/RflapS,Root/shoe R/RflapN,Root/shoe L/front fold 26,Root/ShoeL/Lback fold 25,Root/ShoeR/RflapS,Root/shoe L/N fold 23,Root/shoe L/back fold 25,Root/KneeFlapR/LbackWool6,Root/shoe R/RflapE,Root/shoe L/Lback fold 25,Root/shoe L/N fold 23/LfoldN1,Root/shoe R/Rknot,Root/shoe L/LacesR1,Root/shoe L/S fold 24/LWoolS1,Root/shoe L/LacesL1,Root/shoe L/front16,Root/ShoeR/RflapE,Root/ShoeR/RflapN,Root/ShoeL/S fold 24,Root/shoe L/front 26,Root/ShoeL/N fold 23,Root/KneeFlapL/LwoolW1",
        "allAngles": false,
        "entityTextureMode": true
    },
    "textureWidth": 16,
    "textureHeight": 16,
    "textureSizes": {},
    "textures": {
        "tophat": "entity/humanoid/seraphclothes/head/tophat"
    },
    "elements": [
        {
            "name": "hidehat",
            "stepParentName": "Head",
            "from": [
                -0.1,
                5,
                -0.2
            ],
            "to": [
                5.8,
                6.4,
                5.2
            ],
            "autoUnwrap": false,
            "uv": [
                0,
                0
            ],
            "rotationOrigin": [
                3.2,
                5,
                2.5
            ],
            "faces": {
                "north": {
                    "texture": "#tophat",
                    "uv": [
                        10,
                        15,
                        15.5,
                        16
                    ]
                },
                "east": {
                    "texture": "#tophat",
                    "uv": [
                        11,
                        14,
                        16,
                        15
                    ]
                },
                "south": {
                    "texture": "#tophat",
                    "uv": [
                        10,
                        15,
                        15.5,
                        16
                    ]
                },
                "west": {
                    "texture": "#tophat",
                    "uv": [
                        11,
                        14,
                        16,
                        15
                    ]
                },
                "up": {
                    "texture": "#tophat",
                    "uv": [
                        0,
                        5,
                        5.5,
                        10
                    ]
                },
                "down": {
                    "texture": "#tophat",
                    "uv": [
                        10,
                        0,
                        15.5,
                        5
                    ],
                    "windMode": [
                        -1,
                        -1,
                        -1,
                        -1
                    ]
                }
            },
            "children": [
                {
                    "name": "Pin",
                    "from": [
                        3,
                        0.4,
                        5.1
                    ],
                    "to": [
                        3.4,
                        1.5,
                        5.5
                    ],
                    "autoUnwrap": false,
                    "uv": [
                        9,
                        0
                    ],
                    "rotationOrigin": [
                        3.2,
                        0.4,
                        5.3
                    ],
                    "faces": {
                        "east": {
                            "texture": "#tophat",
                            "uv": [
                                10,
                                14,
                                10.5,
                                15
                            ],
                            "windMode": [
                                -1,
                                -1,
                                -1,
                                -1
                            ]
                        },
                        "south": {
                            "texture": "#tophat",
                            "uv": [
                                10,
                                14,
                                11,
                                14.5
                            ],
                            "rotation": 90,
                            "windMode": [
                                -1,
                                -1,
                                -1,
                                -1
                            ]
                        },
                        "west": {
                            "texture": "#tophat",
                            "uv": [
                                10.5,
                                14,
                                11,
                                15
                            ],
                            "windMode": [
                                -1,
                                -1,
                                -1,
                                -1
                            ]
                        },
                        "up": {
                            "texture": "#tophat",
                            "uv": [
                                10.5,
                                14,
                                11,
                                14.5
                            ],
                            "windMode": [
                                -1,
                                -1,
                                -1,
                                -1
                            ]
                        }
                    }
                },
                {
                    "name": "Brim-W",
                    "from": [
                        -0.9,
                        0.2,
                        -0.8
                    ],
                    "to": [
                        0.1,
                        0.6,
                        6.2
                    ],
                    "autoUnwrap": false,
                    "uv": [
                        3,
                        2.5
                    ],
                    "rotationOrigin": [
                        0.1,
                        0.2,
                        2.7
                    ],
                    "rotationZ": 10,
                    "faces": {
                        "north": {
                            "texture": "#tophat",
                            "uv": [
                                10,
                                11.5,
                                10.5,
                                12.5
                            ],
                            "rotation": 90
                        },
                        "east": {
                            "texture": "#tophat",
                            "uv": [
                                0,
                                10,
                                7,
                                10.5
                            ]
                        },
                        "south": {
                            "texture": "#tophat",
                            "uv": [
                                10,
                                11.5,
                                10.5,
                                12.5
                            ],
                            "rotation": 90,
                            "windMode": [
                                -1,
                                -1,
                                -1,
                                -1
                            ]
                        },
                        "west": {
                            "texture": "#tophat",
                            "uv": [
                                0,
                                11.5,
                                7,
                                12
                            ],
                            "windMode": [
                                -1,
                                -1,
                                -1,
                                -1
                            ]
                        },
                        "up": {
                            "texture": "#tophat",
                            "uv": [
                                0,
                                12,
                                7,
                                13
                            ],
                            "rotation": 90
                        },
                        "down": {
                            "texture": "#tophat",
                            "uv": [
                                0,
                                10.5,
                                7,
                                11.5
                            ],
                            "rotation": 90
                        }
                    }
                },
                {
                    "name": "Brim-E",
                    "from": [
                        5.7,
                        0.2,
                        -0.8
                    ],
                    "to": [
                        6.7,
                        0.6,
                        6.2
                    ],
                    "autoUnwrap": false,
                    "uv": [
                        3,
                        0
                    ],
                    "rotationOrigin": [
                        5.7,
                        0.2,
                        2.7
                    ],
                    "rotationZ": -10,
                    "faces": {
                        "north": {
                            "texture": "#tophat",
                            "uv": [
                                10,
                                9.5,
                                10.5,
                                10.5
                            ],
                            "rotation": 90
                        },
                        "east": {
                            "texture": "#tophat",
                            "uv": [
                                0,
                                11.5,
                                7,
                                12
                            ],
                            "windMode": [
                                -1,
                                -1,
                                -1,
                                -1
                            ]
                        },
                        "south": {
                            "texture": "#tophat",
                            "uv": [
                                10,
                                9.5,
                                10.5,
                                10.5
                            ],
                            "rotation": 90,
                            "windMode": [
                                -1,
                                -1,
                                -1,
                                -1
                            ]
                        },
                        "west": {
                            "texture": "#tophat",
                            "uv": [
                                0,
                                10,
                                7,
                                10.5
                            ],
                            "windMode": [
                                -1,
                                -1,
                                -1,
                                -1
                            ]
                        },
                        "up": {
                            "texture": "#tophat",
                            "uv": [
                                0,
                                10.5,
                                7,
                                11.5
                            ],
                            "rotation": 90
                        },
                        "down": {
                            "texture": "#tophat",
                            "uv": [
                                0,
                                12,
                                7,
                                13
                            ],
                            "rotation": 90
                        }
                    }
                },
                {
                    "name": "Brim-N",
                    "from": [
                        -0.5,
                        0.1,
                        -1
                    ],
                    "to": [
                        6.7,
                        0.5,
                        0
                    ],
                    "autoUnwrap": false,
                    "uv": [
                        1,
                        5.5
                    ],
                    "rotationOrigin": [
                        3,
                        0.1,
                        0
                    ],
                    "rotationX": 5,
                    "faces": {
                        "north": {
                            "texture": "#tophat",
                            "uv": [
                                7,
                                6,
                                7.5,
                                13
                            ],
                            "rotation": 90,
                            "windMode": [
                                -1,
                                -1,
                                -1,
                                -1
                            ]
                        },
                        "east": {
                            "texture": "#tophat",
                            "uv": [
                                10,
                                12.5,
                                10.5,
                                13.5
                            ],
                            "rotation": 90,
                            "windMode": [
                                -1,
                                -1,
                                -1,
                                -1
                            ]
                        },
                        "south": {
                            "texture": "#tophat",
                            "uv": [
                                9.5,
                                6,
                                10,
                                13
                            ],
                            "rotation": 90,
                            "windMode": [
                                -1,
                                -1,
                                -1,
                                -1
                            ]
                        },
                        "west": {
                            "texture": "#tophat",
                            "uv": [
                                10,
                                12.5,
                                10.5,
                                13.5
                            ],
                            "rotation": 90,
                            "windMode": [
                                -1,
                                -1,
                                -1,
                                -1
                            ]
                        },
                        "up": {
                            "texture": "#tophat",
                            "uv": [
                                7.5,
                                6,
                                8.5,
                                13
                            ],
                            "rotation": 90
                        },
                        "down": {
                            "texture": "#tophat",
                            "uv": [
                                7.5,
                                6,
                                8.5,
                                13
                            ],
                            "rotation": 90
                        }
                    }
                },
                {
                    "name": "Brim-S",
                    "from": [
                        -0.5,
                        0.1,
                        5.4
                    ],
                    "to": [
                        6.7,
                        0.5,
                        6.4
                    ],
                    "autoUnwrap": false,
                    "uv": [
                        0,
                        3.5
                    ],
                    "rotationOrigin": [
                        3,
                        0.1,
                        5.4
                    ],
                    "rotationX": -5,
                    "faces": {
                        "north": {
                            "texture": "#tophat",
                            "uv": [
                                9.5,
                                6,
                                10,
                                13
                            ],
                            "rotation": 90
                        },
                        "east": {
                            "texture": "#tophat",
                            "uv": [
                                10,
                                10.5,
                                10.5,
                                11.5
                            ],
                            "rotation": 90
                        },
                        "south": {
                            "texture": "#tophat",
                            "uv": [
                                7,
                                6,
                                7.5,
                                13
                            ],
                            "rotation": 90,
                            "windMode": [
                                -1,
                                -1,
                                -1,
                                -1
                            ]
                        },
                        "west": {
                            "texture": "#tophat",
                            "uv": [
                                10,
                                10.5,
                                10.5,
                                11.5
                            ],
                            "rotation": 90,
                            "windMode": [
                                -1,
                                -1,
                                -1,
                                -1
                            ]
                        },
                        "up": {
                            "texture": "#tophat",
                            "uv": [
                                8.5,
                                6,
                                9.5,
                                13
                            ],
                            "rotation": 270
                        },
                        "down": {
                            "texture": "#tophat",
                            "uv": [
                                7.5,
                                6,
                                8.5,
                                13
                            ],
                            "rotation": 270
                        }
                    }
                },
                {
                    "name": "Crown",
                    "from": [
                        0.25,
                        1.1,
                        0.25
                    ],
                    "to": [
                        5.65,
                        4.1,
                        5.15
                    ],
                    "autoUnwrap": false,
                    "uv": [
                        1.5,
                        2
                    ],
                    "rotationOrigin": [
                        3,
                        1.1,
                        2.5
                    ],
                    "rotationZ": -5,
                    "faces": {
                        "north": {
                            "texture": "#tophat",
                            "uv": [
                                0,
                                13,
                                5,
                                16
                            ]
                        },
                        "east": {
                            "texture": "#tophat",
                            "uv": [
                                5.5,
                                13,
                                10,
                                16
                            ]
                        },
                        "south": {
                            "texture": "#tophat",
                            "uv": [
                                0,
                                13,
                                5,
                                16
                            ]
                        },
                        "west": {
                            "texture": "#tophat",
                            "uv": [
                                5.5,
                                13,
                                10,
                                16
                            ],
                            "windMode": [
                                -1,
                                -1,
                                -1,
                                -1
                            ]
                        },
                        "up": {
                            "texture": "#tophat",
                            "uv": [
                                10.5,
                                9.5,
                                15.5,
                                14
                            ]
                        }
                    },
                    "children": [
                        {
                            "name": "Crown-W",
                            "from": [
                                0,
                                2.2,
                                -0.1
                            ],
                            "to": [
                                1,
                                3.2,
                                4.9
                            ],
                            "autoUnwrap": false,
                            "uv": [
                                1.5,
                                3.5
                            ],
                            "rotationOrigin": [
                                0,
                                2.2,
                                2.5
                            ],
                            "rotationZ": 15,
                            "faces": {
                                "north": {
                                    "texture": "#tophat",
                                    "uv": [
                                        6,
                                        2,
                                        7,
                                        3
                                    ],
                                    "windMode": [
                                        -1,
                                        -1,
                                        -1,
                                        -1
                                    ]
                                },
                                "east": {
                                    "texture": "#tophat",
                                    "uv": [
                                        11,
                                        5,
                                        16,
                                        6
                                    ]
                                },
                                "south": {
                                    "texture": "#tophat",
                                    "uv": [
                                        6,
                                        3,
                                        7,
                                        4
                                    ],
                                    "windMode": [
                                        -1,
                                        -1,
                                        -1,
                                        -1
                                    ]
                                },
                                "west": {
                                    "texture": "#tophat",
                                    "uv": [
                                        11,
                                        6,
                                        16,
                                        7
                                    ],
                                    "windMode": [
                                        -1,
                                        -1,
                                        -1,
                                        -1
                                    ]
                                },
                                "up": {
                                    "texture": "#tophat",
                                    "uv": [
                                        7,
                                        0,
                                        8,
                                        5
                                    ]
                                },
                                "down": {
                                    "texture": "#tophat",
                                    "uv": [
                                        8,
                                        0,
                                        9,
                                        5
                                    ]
                                }
                            }
                        },
                        {
                            "name": "Crown-E",
                            "from": [
                                4.3,
                                2.2,
                                -0.1
                            ],
                            "to": [
                                5.3,
                                3.2,
                                4.9
                            ],
                            "autoUnwrap": false,
                            "uv": [
                                3.5,
                                6
                            ],
                            "rotationOrigin": [
                                5.3,
                                2.2,
                                2.5
                            ],
                            "rotationZ": -15,
                            "faces": {
                                "north": {
                                    "texture": "#tophat",
                                    "uv": [
                                        6,
                                        3,
                                        7,
                                        4
                                    ],
                                    "windMode": [
                                        -1,
                                        -1,
                                        -1,
                                        -1
                                    ]
                                },
                                "east": {
                                    "texture": "#tophat",
                                    "uv": [
                                        11,
                                        6,
                                        16,
                                        7
                                    ],
                                    "windMode": [
                                        -1,
                                        -1,
                                        -1,
                                        -1
                                    ]
                                },
                                "south": {
                                    "texture": "#tophat",
                                    "uv": [
                                        6,
                                        2,
                                        7,
                                        3
                                    ],
                                    "windMode": [
                                        -1,
                                        -1,
                                        -1,
                                        -1
                                    ]
                                },
                                "west": {
                                    "texture": "#tophat",
                                    "uv": [
                                        11,
                                        5,
                                        16,
                                        6
                                    ]
                                },
                                "up": {
                                    "texture": "#tophat",
                                    "uv": [
                                        9,
                                        0,
                                        10,
                                        5
                                    ],
                                    "windMode": [
                                        -1,
                                        -1,
                                        -1,
                                        -1
                                    ]
                                },
                                "down": {
                                    "texture": "#tophat",
                                    "uv": [
                                        8,
                                        0,
                                        9,
                                        5
                                    ]
                                }
                            }
                        },
                        {
                            "name": "Crown-N",
                            "from": [
                                -0.1,
                                2.2,
                                0
                            ],
                            "to": [
                                5.4,
                                3.2,
                                1
                            ],
                            "autoUnwrap": false,
                            "uv": [
                                0,
                                0
                            ],
                            "rotationOrigin": [
                                3,
                                2.2,
                                0
                            ],
                            "rotationX": -15,
                            "faces": {
                                "north": {
                                    "texture": "#tophat",
                                    "uv": [
                                        0,
                                        2,
                                        5.5,
                                        3
                                    ]
                                },
                                "east": {
                                    "texture": "#tophat",
                                    "uv": [
                                        6,
                                        1,
                                        7,
                                        2
                                    ]
                                },
                                "south": {
                                    "texture": "#tophat",
                                    "uv": [
                                        0,
                                        1,
                                        5.5,
                                        2
                                    ]
                                },
                                "west": {
                                    "texture": "#tophat",
                                    "uv": [
                                        6,
                                        0,
                                        7,
                                        1
                                    ],
                                    "windMode": [
                                        -1,
                                        -1,
                                        -1,
                                        -1
                                    ]
                                },
                                "up": {
                                    "texture": "#tophat",
                                    "uv": [
                                        0,
                                        0,
                                        5.5,
                                        1
                                    ]
                                },
                                "down": {
                                    "texture": "#tophat",
                                    "uv": [
                                        0,
                                        3,
                                        5.5,
                                        4
                                    ]
                                }
                            }
                        },
                        {
                            "name": "Crown-S",
                            "from": [
                                -0.1,
                                2.2,
                                3.8
                            ],
                            "to": [
                                5.4,
                                3.2,
                                4.8
                            ],
                            "autoUnwrap": false,
                            "uv": [
                                0,
                                4.5
                            ],
                            "rotationOrigin": [
                                3,
                                2.2,
                                4.8
                            ],
                            "rotationX": 15,
                            "faces": {
                                "north": {
                                    "texture": "#tophat",
                                    "uv": [
                                        0,
                                        1,
                                        5.5,
                                        2
                                    ]
                                },
                                "east": {
                                    "texture": "#tophat",
                                    "uv": [
                                        6,
                                        1,
                                        7,
                                        2
                                    ]
                                },
                                "south": {
                                    "texture": "#tophat",
                                    "uv": [
                                        0,
                                        2,
                                        5.5,
                                        3
                                    ],
                                    "windMode": [
                                        -1,
                                        -1,
                                        -1,
                                        -1
                                    ]
                                },
                                "west": {
                                    "texture": "#tophat",
                                    "uv": [
                                        6,
                                        0,
                                        7,
                                        1
                                    ],
                                    "windMode": [
                                        -1,
                                        -1,
                                        -1,
                                        -1
                                    ]
                                },
                                "up": {
                                    "texture": "#tophat",
                                    "uv": [
                                        0,
                                        4,
                                        5.5,
                                        5
                                    ]
                                },
                                "down": {
                                    "texture": "#tophat",
                                    "uv": [
                                        0,
                                        3,
                                        5.5,
                                        4
                                    ]
                                }
                            }
                        }
                    ]
                }
            ]
        }
    ],
    "animations": [
        {
            "name": "Walk",
            "code": "walk",
            "quantityframes": 25,
            "onActivityStopped": "Rewind",
            "onAnimationEnd": "Repeat",
            "keyframes": []
        }
    ]
}