{
	"editor": {
		"collapsedPaths": ",Root/ORIGIN,Root/origin5,Root/origin3,Root/origin,Root/origin4,Root/origin2",
		"allAngles": true,
		"entityTextureMode": false
	},
	"textureWidth": 8,
	"textureHeight": 8,
	"textureSizes": {
		"string": [16,16],
		"aged": [16,16],
		"arrow": [8,8],
		"feather2": [16,16],
		"bone": [16,16],
		"stick": [16,16],
		"beeswax": [8,8],
		"leather": [16,16]
	},
	"textures": {
		"handle": "item/tool/material/handle"
	},
	"elements": [
		{
			"name": "ORIGINHub",
			"from": [ 8.0, 0.0, 7.4 ],
			"to": [ 8.8, 0.8, 8.2 ],
			"rotationOrigin": [ 8.0, 0.0, 7.8 ],
			"rotationX": 90.0,
			"faces": {
			},
			"children": [
				{
					"name": "ORIGINspokes",
					"from": [ 0.0, 0.0, 0.0 ],
					"to": [ 0.0, 0.0, 0.8 ],
					"faces": {
						"east": { "texture": "#machinic3", "uv": [ 2.25, 2.75, 3.0, 3.0 ] },
						"west": { "texture": "#machinic3", "uv": [ 0.75, 1.0, 1.5, 1.25 ] },
						"up": { "texture": "#machinic3", "uv": [ 2.0, 4.5, 2.25, 5.25 ] },
						"down": { "texture": "#machinic3", "uv": [ 2.75, 0.0, 3.0, 0.75 ] }
					},
					"children": [
						{
							"name": "Spoke3",
							"from": [ -0.6, 1.9, -0.2 ],
							"to": [ 0.6, 2.7, 1.0 ],
							"rotationOrigin": [ 0.0, 0.0, 0.2 ],
							"rotationZ": 90.0,
							"faces": {
								"north": { "texture": "#machinic3", "uv": [ 3.75, 5.75, 4.75, 6.5 ], "windMode": [-1,-1,-1,-1], "windData": [1,2,2,1] },
								"east": { "texture": "#machinic3", "uv": [ 0.5, 5.0, 1.5, 5.75 ], "windMode": [-1,-1,-1,-1], "windData": [1,2,2,1] },
								"south": { "texture": "#machinic3", "uv": [ 0.0, 1.75, 1.0, 2.5 ] },
								"west": { "texture": "#machinic3", "uv": [ 0.5, 4.5, 1.5, 5.25 ], "windMode": [-1,-1,-1,-1], "windData": [1,1,2,2] },
								"up": { "texture": "#machinic3", "uv": [ 1.25, 2.5, 2.25, 3.5 ], "windMode": [-1,-1,-1,-1], "windData": [2,2,2,2] },
								"down": { "texture": "#machinic3", "uv": [ 3.0, 0.5, 4.2, 1.7 ], "autoUv": false, "windMode": [-1,-1,-1,-1] }
							},
							"children": [
								{
									"name": "Cube44",
									"from": [ 0.1, 0.8, 0.1 ],
									"to": [ 1.1, 2.4, 1.1 ],
									"rotationOrigin": [ 0.1, 0.8, 0.1 ],
									"faces": {
										"north": { "texture": "#machinic2", "uv": [ 2.0, 2.75, 3.0, 4.35 ] },
										"east": { "texture": "#machinic2", "uv": [ 1.5, 1.0, 2.5, 2.6 ] },
										"south": { "texture": "#machinic2", "uv": [ 1.0, 1.5, 2.0, 3.1 ] },
										"west": { "texture": "#machinic2", "uv": [ 6.75, 2.25, 7.75, 3.85 ] }
									},
									"children": [
										{
											"name": "Core2",
											"from": [ 0.15, 0.65, -0.15 ],
											"to": [ 2.25, 2.75, 1.65 ],
											"rotationOrigin": [ 0.15, 0.65, -0.15 ],
											"rotationZ": 7.0,
											"faces": {
												"north": { "texture": "#machinic", "uv": [ 2.75, 0.0, 4.75, 2.0 ] },
												"east": { "texture": "#machinic", "uv": [ 5.75, 0.25, 7.5, 2.25 ] },
												"south": { "texture": "#machinic", "uv": [ 5.5, 5.75, 7.5, 7.75 ] },
												"west": { "texture": "#machinic", "uv": [ 3.0, 0.0, 4.75, 2.0 ] },
												"up": { "texture": "#machinic", "uv": [ 5.25, 3.0, 7.25, 4.75 ] },
												"down": { "texture": "#machinic", "uv": [ 1.0, 4.5, 3.0, 6.25 ] }
											},
											"children": [
												{
													"name": "Cube46",
													"from": [ 0.15, 2.1, 0.15 ],
													"to": [ 1.05, 4.5, 1.05 ],
													"rotationOrigin": [ 1.05, 2.1, 0.15 ],
													"rotationX": 3.0,
													"rotationZ": 4.0,
													"faces": {
														"north": { "texture": "#machinic2", "uv": [ 5.5, 5.5, 6.4, 7.9 ] },
														"east": { "texture": "#machinic2", "uv": [ 6.5, 1.75, 7.4, 4.15 ] },
														"south": { "texture": "#machinic2", "uv": [ 2.5, 1.25, 3.4, 3.65 ] },
														"west": { "texture": "#machinic2", "uv": [ 7.0, 5.25, 7.9, 7.65 ] },
														"up": { "texture": "#machinic2", "uv": [ 6.5, 6.25, 7.4, 7.15 ], "windMode": [-1,-1,-1,-1], "windData": [4,4,4,4] }
													},
													"children": [
														{
															"name": "Cube47",
															"from": [ 0.0, 2.4, 0.0 ],
															"to": [ 0.9, 4.8, 0.9 ],
															"rotationOrigin": [ 0.0, 2.4, 0.9 ],
															"rotationX": -8.0,
															"rotationZ": -20.0,
															"faces": {
																"north": { "texture": "#machinic2", "uv": [ 0.5, 5.5, 1.4, 7.9 ] },
																"east": { "texture": "#machinic2", "uv": [ 4.0, 5.25, 4.9, 7.65 ] },
																"south": { "texture": "#machinic2", "uv": [ 4.75, 5.5, 5.65, 7.9 ] },
																"west": { "texture": "#machinic2", "uv": [ 0.25, 4.0, 1.15, 6.4 ] },
																"up": { "texture": "#machinic2", "uv": [ 4.25, 2.25, 5.15, 3.15 ], "windMode": [-1,-1,-1,-1], "windData": [4,4,5,5] }
															},
															"children": [
																{
																	"name": "Cube48",
																	"from": [ 0.0, 2.4, 0.0 ],
																	"to": [ 0.9, 4.8, 0.9 ],
																	"rotationOrigin": [ 0.0, 2.4, 0.0 ],
																	"rotationX": 15.0,
																	"rotationZ": -31.0,
																	"faces": {
																		"north": { "texture": "#machinic2", "uv": [ 0.75, 4.5, 1.5, 6.75 ] },
																		"east": { "texture": "#machinic2", "uv": [ 1.5, 3.25, 2.25, 5.5 ] },
																		"south": { "texture": "#machinic2", "uv": [ 1.25, 5.25, 2.0, 7.5 ] },
																		"west": { "texture": "#machinic2", "uv": [ 1.25, 3.75, 2.0, 6.0 ] },
																		"up": { "texture": "#machinic2", "uv": [ 2.75, 1.0, 3.5, 1.75 ], "windMode": [-1,-1,-1,-1], "windData": [5,5,5,5] }
																	},
																	"children": [
																		{
																			"name": "Cube266",
																			"from": [ 0.0, 0.0, 0.075 ],
																			"to": [ 0.75, 2.4, 0.825 ],
																			"rotationOrigin": [ 0.0, 0.0, 0.075 ],
																			"rotationX": 13.0,
																			"rotationZ": 45.0,
																			"faces": {
																				"north": { "texture": "#machinic2", "uv": [ 5.25, 0.25, 6.0, 2.65 ] },
																				"east": { "texture": "#machinic2", "uv": [ 6.5, 4.75, 7.25, 7.15 ] },
																				"south": { "texture": "#machinic2", "uv": [ 6.0, 3.5, 6.75, 5.9 ] },
																				"west": { "texture": "#machinic2", "uv": [ 2.5, 4.25, 3.25, 6.65 ] },
																				"up": { "texture": "#machinic2", "uv": [ 1.5, 1.25, 2.25, 2.0 ], "windMode": [-1,-1,-1,-1], "windData": [5,5,5,5] }
																			}
																		}
																	]
																}
															]
														}
													]
												},
												{
													"name": "Cube49",
													"from": [ 1.2, 1.95, 0.75 ],
													"to": [ 2.1, 4.35, 1.65 ],
													"rotationOrigin": [ 1.2, 1.95, 0.75 ],
													"rotationX": 8.0,
													"rotationZ": -21.0,
													"faces": {
														"north": { "texture": "#machinic2", "uv": [ 3.0, 4.75, 3.9, 7.15 ] },
														"east": { "texture": "#machinic2", "uv": [ 4.0, 0.75, 4.9, 3.15 ] },
														"south": { "texture": "#machinic2", "uv": [ 1.25, 2.5, 2.15, 4.9 ] },
														"west": { "texture": "#machinic2", "uv": [ 0.75, 1.0, 1.65, 3.4 ] },
														"up": { "texture": "#machinic2", "uv": [ 1.0, 3.25, 1.9, 4.15 ], "windMode": [-1,-1,-1,-1], "windData": [4,4,4,4] }
													},
													"children": [
														{
															"name": "Cube50",
															"from": [ 0.0, 2.4, 0.0 ],
															"to": [ 0.9, 4.8, 0.9 ],
															"rotationOrigin": [ 0.0, 2.4, 0.0 ],
															"rotationX": 9.0,
															"rotationZ": -20.0,
															"faces": {
																"north": { "texture": "#machinic2", "uv": [ 4.0, 2.0, 4.9, 4.4 ] },
																"east": { "texture": "#machinic2", "uv": [ 2.0, 2.75, 2.9, 5.15 ] },
																"south": { "texture": "#machinic2", "uv": [ 6.25, 2.75, 7.15, 5.15 ] },
																"west": { "texture": "#machinic2", "uv": [ 3.5, 3.0, 4.4, 5.4 ] },
																"up": { "texture": "#machinic2", "uv": [ 1.0, 4.25, 1.9, 5.15 ], "windMode": [-1,-1,-1,-1], "windData": [5,5,5,5] }
															},
															"children": [
																{
																	"name": "Cube51",
																	"from": [ 0.0, 2.4, 0.0 ],
																	"to": [ 0.9, 4.8, 0.9 ],
																	"rotationOrigin": [ 0.9, 2.4, 0.9 ],
																	"rotationX": -25.0,
																	"rotationY": -11.0,
																	"rotationZ": 25.0,
																	"faces": {
																		"north": { "texture": "#machinic2", "uv": [ 7.0, 2.5, 7.75, 4.75 ] },
																		"east": { "texture": "#machinic2", "uv": [ 1.5, 4.75, 2.25, 7.0 ] },
																		"south": { "texture": "#machinic2", "uv": [ 1.75, 5.75, 2.5, 8.0 ] },
																		"west": { "texture": "#machinic2", "uv": [ 5.5, 0.0, 6.25, 2.25 ] },
																		"up": { "texture": "#machinic2", "uv": [ 1.5, 6.0, 2.25, 6.75 ], "windMode": [-1,-1,-1,-1] },
																		"down": { "texture": "#machinic2", "uv": [ 0.0, 6.5, 0.5, 7.0 ], "autoUv": false, "windMode": [-1,-1,-1,-1] }
																	}
																}
															]
														},
														{
															"name": "Cube52",
															"from": [ 0.075, 0.6, 0.0 ],
															"to": [ 0.825, 3.0, 0.75 ],
															"rotationOrigin": [ 0.075, 0.6, 0.0 ],
															"rotationX": -29.0,
															"rotationZ": -45.0,
															"faces": {
																"north": { "texture": "#machinic2", "uv": [ 7.25, 3.0, 8.0, 5.4 ] },
																"east": { "texture": "#machinic2", "uv": [ 4.0, 1.75, 4.75, 4.15 ] },
																"south": { "texture": "#machinic2", "uv": [ 2.25, 1.5, 3.0, 3.9 ] },
																"west": { "texture": "#machinic2", "uv": [ 4.25, 4.5, 5.0, 6.9 ] },
																"up": { "texture": "#machinic2", "uv": [ 5.5, 0.75, 6.25, 1.5 ], "windMode": [-1,-1,-1,-1], "windData": [4,4,4,4] }
															},
															"children": [
																{
																	"name": "Cube53",
																	"from": [ 0.0, 2.4, 0.0 ],
																	"to": [ 0.75, 4.8, 0.75 ],
																	"rotationOrigin": [ 0.75, 2.4, 0.0 ],
																	"rotationX": 30.0,
																	"rotationZ": 20.0,
																	"faces": {
																		"north": { "texture": "#machinic2", "uv": [ 7.25, 0.0, 8.0, 2.4 ] },
																		"east": { "texture": "#machinic2", "uv": [ 0.25, 1.25, 1.0, 3.65 ] },
																		"south": { "texture": "#machinic2", "uv": [ 0.25, 0.25, 1.0, 2.65 ] },
																		"west": { "texture": "#machinic2", "uv": [ 2.0, 3.25, 2.75, 5.65 ] },
																		"up": { "texture": "#machinic2", "uv": [ 1.5, 1.75, 2.25, 2.5 ], "windMode": [-1,-1,-1,-1], "windData": [5,5,5,5] }
																	},
																	"children": [
																		{
																			"name": "Cube54",
																			"from": [ 0.0, 2.4, 0.0 ],
																			"to": [ 0.75, 3.8, 0.75 ],
																			"rotationOrigin": [ 0.9, 2.4, 0.9 ],
																			"rotationX": 4.0,
																			"rotationZ": 25.0,
																			"faces": {
																				"north": { "texture": "#machinic2", "uv": [ 0.5, 4.5, 1.25, 5.75 ] },
																				"east": { "texture": "#machinic2", "uv": [ 3.25, 0.75, 4.0, 2.0 ] },
																				"south": { "texture": "#machinic2", "uv": [ 0.75, 2.75, 1.5, 4.0 ] },
																				"west": { "texture": "#machinic2", "uv": [ 4.25, 1.0, 5.0, 2.25 ] },
																				"up": { "texture": "#machinic2", "uv": [ 6.0, 5.5, 6.75, 6.25 ], "windMode": [-1,-1,-1,-1] },
																				"down": { "texture": "#machinic2", "uv": [ 1.0, 4.5, 1.75, 5.25 ], "windMode": [-1,-1,-1,-1] }
																			}
																		}
																	]
																}
															]
														}
													]
												},
												{
													"name": "Cube55",
													"from": [ 2.1, 0.15, 0.15 ],
													"to": [ 4.5, 1.05, 1.05 ],
													"rotationOrigin": [ 2.1, 0.15, 1.05 ],
													"rotationX": -5.0,
													"rotationZ": 22.0,
													"faces": {
														"north": { "texture": "#machinic2", "uv": [ 7.0, 0.5, 7.5, 2.5 ], "rotation": 90 },
														"east": { "texture": "#machinic2", "uv": [ 2.75, 3.5, 3.65, 4.4 ] },
														"south": { "texture": "#machinic2", "uv": [ 6.5, 5.5, 7.0, 7.5 ], "rotation": 90 },
														"up": { "texture": "#machinic2", "uv": [ 7.0, 5.0, 7.5, 7.0 ], "rotation": 90 },
														"down": { "texture": "#machinic2", "uv": [ 4.5, 1.5, 5.0, 3.5 ], "rotation": 90 }
													},
													"children": [
														{
															"name": "Cube56",
															"from": [ 2.4, 0.0, 0.0 ],
															"to": [ 4.8, 0.9, 0.9 ],
															"rotationOrigin": [ 2.4, 0.9, 0.0 ],
															"rotationX": 2.0,
															"rotationY": -11.0,
															"rotationZ": -14.0,
															"faces": {
																"north": { "texture": "#machinic2", "uv": [ 1.0, 2.5, 1.5, 4.5 ], "rotation": 90 },
																"east": { "texture": "#machinic2", "uv": [ 0.5, 0.75, 1.4, 1.65 ] },
																"south": { "texture": "#machinic2", "uv": [ 3.0, 5.0, 3.5, 7.0 ], "rotation": 90 },
																"up": { "texture": "#machinic2", "uv": [ 5.5, 2.0, 6.0, 4.0 ], "rotation": 90 },
																"down": { "texture": "#machinic2", "uv": [ 7.0, 5.5, 7.5, 7.5 ], "rotation": 90 }
															},
															"children": [
																{
																	"name": "Cube57",
																	"from": [ 2.4, 0.0, 0.0 ],
																	"to": [ 4.8, 0.9, 0.9 ],
																	"rotationOrigin": [ 2.4, 0.0, 0.0 ],
																	"rotationX": -3.0,
																	"rotationY": -21.0,
																	"rotationZ": 23.0,
																	"faces": {
																		"north": { "texture": "#machinic2", "uv": [ 3.0, 2.5, 3.5, 4.5 ], "rotation": 90 },
																		"east": { "texture": "#machinic2", "uv": [ 3.75, 0.5, 4.65, 1.4 ] },
																		"south": { "texture": "#machinic2", "uv": [ 4.0, 3.0, 4.5, 5.0 ], "rotation": 90 },
																		"up": { "texture": "#machinic2", "uv": [ 0.0, 5.0, 0.5, 7.0 ], "rotation": 90 },
																		"down": { "texture": "#machinic2", "uv": [ 1.5, 1.0, 2.0, 3.0 ], "rotation": 90 }
																	}
																},
																{
																	"name": "Cube267",
																	"from": [ 0.0, 0.0, 0.075 ],
																	"to": [ 2.4, 0.75, 0.825 ],
																	"rotationOrigin": [ 0.0, 0.75, 0.075 ],
																	"rotationY": 12.0,
																	"rotationZ": 49.0,
																	"faces": {
																		"north": { "texture": "#machinic2", "uv": [ 6.5, 2.0, 7.0, 4.0 ], "rotation": 90 },
																		"east": { "texture": "#machinic2", "uv": [ 0.75, 6.75, 1.5, 7.5 ] },
																		"south": { "texture": "#machinic2", "uv": [ 2.5, 6.0, 3.0, 8.0 ], "rotation": 90 },
																		"up": { "texture": "#machinic2", "uv": [ 1.5, 4.5, 2.0, 6.5 ], "rotation": 90 },
																		"down": { "texture": "#machinic2", "uv": [ 2.0, 3.0, 2.5, 5.0 ], "rotation": 90 }
																	},
																	"children": [
																		{
																			"name": "Cube268",
																			"from": [ 2.4, 0.0, 0.0 ],
																			"to": [ 4.8, 0.75, 0.75 ],
																			"rotationOrigin": [ 2.4, 0.75, 0.0 ],
																			"rotationX": -3.0,
																			"rotationY": -21.0,
																			"rotationZ": -21.0,
																			"faces": {
																				"north": { "texture": "#machinic2", "uv": [ 7.0, 5.0, 7.5, 7.0 ], "rotation": 90 },
																				"east": { "texture": "#machinic2", "uv": [ 4.5, 4.0, 5.25, 4.75 ] },
																				"south": { "texture": "#machinic2", "uv": [ 2.0, 3.0, 2.5, 5.0 ], "rotation": 90 },
																				"up": { "texture": "#machinic2", "uv": [ 5.5, 1.5, 6.0, 3.5 ], "rotation": 90 },
																				"down": { "texture": "#machinic2", "uv": [ 4.5, 3.0, 5.0, 5.0 ], "rotation": 90 }
																			}
																		}
																	]
																}
															]
														}
													]
												},
												{
													"name": "Skid2",
													"from": [ 7.7, 2.1, 2.2 ],
													"to": [ 11.7, 3.1, 4.2 ],
													"rotationOrigin": [ 7.7, 2.1, 2.2 ],
													"rotationX": 180.0,
													"rotationZ": -119.0,
													"faces": {
														"north": { "texture": "#iron-sheet1", "uv": [ 0.0, 0.0, 4.0, 1.0 ] },
														"east": { "texture": "#iron-sheet1", "uv": [ 0.0, 0.0, 2.0, 1.0 ] },
														"south": { "texture": "#iron-sheet1", "uv": [ 0.0, 0.0, 4.0, 1.0 ] },
														"west": { "texture": "#iron-sheet1", "uv": [ 0.0, 0.0, 2.0, 1.0 ] },
														"up": { "texture": "#iron-sheet1", "uv": [ 0.0, 0.0, 4.0, 2.0 ] },
														"down": { "texture": "#iron-sheet1", "uv": [ 0.0, 0.0, 4.0, 2.0 ] }
													},
													"children": [
														{
															"name": "Cube10",
															"from": [ 3.6, 0.0, 0.1 ],
															"to": [ 8.6, 1.0, 1.9 ],
															"rotationOrigin": [ 3.6, 0.0, 0.1 ],
															"rotationZ": -22.5,
															"faces": {
																"north": { "texture": "#iron-sheet1", "uv": [ 0.0, 0.0, 5.0, 1.0 ] },
																"east": { "texture": "#iron-sheet1", "uv": [ 0.0, 0.0, 1.75, 1.0 ] },
																"south": { "texture": "#iron-sheet1", "uv": [ 0.0, 0.0, 5.0, 1.0 ] },
																"west": { "texture": "#iron-sheet1", "uv": [ 0.0, 0.0, 1.75, 1.0 ] },
																"up": { "texture": "#iron-sheet1", "uv": [ 0.0, 0.0, 5.0, 1.75 ] },
																"down": { "texture": "#iron-sheet1", "uv": [ 0.0, 0.0, 5.0, 1.75 ] }
															},
															"children": [
																{
																	"name": "Cube11",
																	"from": [ 4.6, 0.0, 0.1 ],
																	"to": [ 6.6, 1.0, 1.7 ],
																	"rotationOrigin": [ 4.6, 0.0, 0.1 ],
																	"rotationZ": -22.5,
																	"faces": {
																		"north": { "texture": "#iron-sheet1", "uv": [ 0.0, 0.0, 2.0, 1.0 ] },
																		"east": { "texture": "#iron-sheet1", "uv": [ 0.0, 0.0, 1.5, 1.0 ] },
																		"south": { "texture": "#iron-sheet1", "uv": [ 0.0, 0.0, 2.0, 1.0 ] },
																		"west": { "texture": "#iron-sheet1", "uv": [ 0.0, 0.0, 1.5, 1.0 ] },
																		"up": { "texture": "#iron-sheet1", "uv": [ 0.0, 0.0, 2.0, 1.5 ] },
																		"down": { "texture": "#iron-sheet1", "uv": [ 0.0, 0.0, 2.0, 1.5 ] }
																	}
																}
															]
														},
														{
															"name": "Cube3",
															"from": [ -0.5, -0.1, 0.8 ],
															"to": [ 7.2, 0.4, 1.3 ],
															"rotationOrigin": [ 0.0, 0.4, 1.0 ],
															"rotationZ": -177.0,
															"faces": {
																"north": { "texture": "#string", "uv": [ 0.0, 0.0, 7.5, 0.5 ] },
																"east": { "texture": "#string", "uv": [ 0.0, 0.0, 0.5, 0.5 ] },
																"south": { "texture": "#string", "uv": [ 0.0, 0.0, 7.5, 0.5 ] },
																"west": { "texture": "#string", "uv": [ 0.0, 0.0, 0.5, 0.5 ] },
																"up": { "texture": "#string", "uv": [ 0.0, 0.0, 7.5, 0.5 ] },
																"down": { "texture": "#string", "uv": [ 0.0, 0.0, 7.5, 0.5 ] }
															},
															"children": [
																{
																	"name": "Cube13",
																	"from": [ 7.2, 0.0, -0.2 ],
																	"to": [ 9.4, 0.5, 0.6 ],
																	"rotationOrigin": [ 7.7, 0.5, 0.0 ],
																	"rotationY": 1.0,
																	"rotationZ": 33.0,
																	"faces": {
																		"north": { "texture": "#string", "uv": [ 0.0, 0.0, 2.0, 0.5 ] },
																		"east": { "texture": "#string", "uv": [ 0.0, 0.0, 0.5, 0.5 ] },
																		"south": { "texture": "#string", "uv": [ 0.0, 0.0, 2.0, 0.5 ] },
																		"west": { "texture": "#string", "uv": [ 0.0, 0.0, 0.5, 0.5 ] },
																		"up": { "texture": "#string", "uv": [ 0.0, 0.0, 2.0, 0.5 ] },
																		"down": { "texture": "#string", "uv": [ 0.0, 0.0, 2.0, 0.5 ] }
																	}
																}
															]
														}
													]
												}
											]
										}
									]
								}
							]
						}
					]
				},
				{
					"name": "ORIGINspokes2",
					"from": [ 0.0, 0.0, 0.0 ],
					"to": [ 0.0, 0.0, 0.0 ],
					"rotationOrigin": [ 0.0, 0.0, 0.0 ],
					"rotationZ": 180.0,
					"faces": {
						"east": { "texture": "#machinic3", "uv": [ 5.5, 3.25, 5.75, 3.5 ] },
						"west": { "texture": "#machinic3", "uv": [ 0.0, 1.75, 0.25, 2.0 ] },
						"up": { "texture": "#machinic3", "uv": [ 7.5, 4.0, 7.75, 4.25 ] },
						"down": { "texture": "#machinic3", "uv": [ 5.25, 4.5, 5.5, 4.75 ] }
					},
					"children": [
						{
							"name": "Spoke7",
							"from": [ -0.6, 1.9, -0.2 ],
							"to": [ 0.6, 2.9, 1.0 ],
							"rotationOrigin": [ 0.0, 0.0, 0.2 ],
							"rotationZ": 90.0,
							"faces": {
								"north": { "texture": "#machinic3", "uv": [ 0.0, 7.0, 1.0, 8.0 ], "windMode": [-1,-1,-1,-1], "windData": [1,2,2,1] },
								"east": { "texture": "#machinic3", "uv": [ 4.25, 5.75, 5.25, 6.75 ], "windMode": [-1,-1,-1,-1], "windData": [1,2,2,1] },
								"south": { "texture": "#machinic3", "uv": [ 1.0, 2.5, 2.0, 3.5 ] },
								"west": { "texture": "#machinic3", "uv": [ 2.5, 2.25, 3.5, 3.25 ], "windMode": [-1,-1,-1,-1], "windData": [1,1,2,2] },
								"up": { "texture": "#metal", "uv": [ 6.0, 0.75, 7.0, 1.75 ], "windMode": [-1,-1,-1,-1], "windData": [2,2,2,2] },
								"down": { "texture": "#machinic3", "uv": [ 3.5, 3.5, 4.5, 4.5 ], "windMode": [-1,-1,-1,-1] }
							},
							"children": [
								{
									"name": "Cube136",
									"from": [ 0.1, 0.8, 0.1 ],
									"to": [ 1.1, 2.4, 1.1 ],
									"rotationOrigin": [ 0.1, 0.8, 0.1 ],
									"faces": {
										"north": { "texture": "#machinic2", "uv": [ 0.75, 3.0, 1.75, 4.6 ] },
										"east": { "texture": "#machinic2", "uv": [ 0.5, 6.0, 1.5, 7.6 ] },
										"south": { "texture": "#machinic2", "uv": [ 1.5, 2.0, 2.5, 3.6 ] },
										"west": { "texture": "#machinic2", "uv": [ 0.25, 1.75, 1.25, 3.35 ] }
									},
									"children": [
										{
											"name": "Core1",
											"from": [ 0.75, 0.65, -0.15 ],
											"to": [ 2.85, 2.75, 1.65 ],
											"rotationOrigin": [ 0.75, 0.65, -0.15 ],
											"rotationZ": 72.5,
											"faces": {
												"north": { "texture": "#machinic", "uv": [ 3.25, 5.25, 5.25, 7.25 ] },
												"east": { "texture": "#machinic", "uv": [ 1.75, 3.5, 3.5, 5.5 ] },
												"south": { "texture": "#machinic", "uv": [ 1.25, 4.25, 3.25, 6.25 ] },
												"west": { "texture": "#machinic", "uv": [ 3.0, 5.5, 4.75, 7.5 ] },
												"up": { "texture": "#machinic", "uv": [ 2.5, 0.5, 4.5, 2.25 ] },
												"down": { "texture": "#machinic", "uv": [ 2.5, 6.0, 4.5, 7.75 ] }
											},
											"children": [
												{
													"name": "Cube138",
													"from": [ 0.15, 2.1, 0.15 ],
													"to": [ 1.05, 4.5, 1.05 ],
													"rotationOrigin": [ 1.05, 2.1, 0.15 ],
													"rotationX": 3.0,
													"rotationZ": 4.0,
													"faces": {
														"north": { "texture": "#machinic2", "uv": [ 3.5, 1.5, 4.4, 3.9 ] },
														"east": { "texture": "#machinic2", "uv": [ 1.25, 2.5, 2.15, 4.9 ] },
														"south": { "texture": "#machinic2", "uv": [ 4.5, 4.5, 5.4, 6.9 ] },
														"west": { "texture": "#machinic2", "uv": [ 4.0, 2.25, 4.9, 4.65 ] },
														"up": { "texture": "#machinic2", "uv": [ 0.75, 5.5, 1.65, 6.4 ], "windMode": [-1,-1,-1,-1], "windData": [4,4,4,4] }
													},
													"children": [
														{
															"name": "Cube139",
															"from": [ 0.0, 2.4, 0.0 ],
															"to": [ 0.9, 4.8, 0.9 ],
															"rotationOrigin": [ 0.0, 2.4, 0.9 ],
															"rotationX": -8.0,
															"rotationZ": -20.0,
															"faces": {
																"north": { "texture": "#machinic2", "uv": [ 3.25, 4.75, 4.15, 7.15 ] },
																"east": { "texture": "#machinic2", "uv": [ 1.0, 0.25, 1.9, 2.65 ] },
																"south": { "texture": "#machinic2", "uv": [ 2.5, 0.5, 3.4, 2.9 ] },
																"west": { "texture": "#machinic2", "uv": [ 3.5, 0.0, 4.4, 2.4 ] },
																"up": { "texture": "#machinic2", "uv": [ 6.5, 1.0, 7.4, 1.9 ], "windMode": [-1,-1,-1,-1], "windData": [4,4,5,5] }
															},
															"children": [
																{
																	"name": "Cube140",
																	"from": [ 0.0, 2.4, 0.0 ],
																	"to": [ 0.9, 4.8, 0.9 ],
																	"rotationOrigin": [ 0.0, 2.4, 0.0 ],
																	"rotationX": 15.0,
																	"rotationZ": -31.0,
																	"faces": {
																		"north": { "texture": "#machinic2", "uv": [ 0.75, 2.0, 1.65, 4.4 ] },
																		"east": { "texture": "#machinic2", "uv": [ 5.5, 5.25, 6.4, 7.65 ] },
																		"south": { "texture": "#machinic2", "uv": [ 3.5, 5.5, 4.4, 7.9 ] },
																		"west": { "texture": "#machinic2", "uv": [ 0.5, 4.25, 1.4, 6.65 ] },
																		"up": { "texture": "#machinic2", "uv": [ 1.0, 1.25, 1.9, 2.15 ], "windMode": [-1,-1,-1,-1], "windData": [5,5,5,5] }
																	},
																	"children": [
																		{
																			"name": "Cube278",
																			"from": [ 0.0, 0.0, 0.075 ],
																			"to": [ 0.75, 2.4, 0.825 ],
																			"rotationOrigin": [ 0.0, 0.0, 0.075 ],
																			"rotationX": 13.0,
																			"rotationZ": 45.0,
																			"faces": {
																				"north": { "texture": "#machinic2", "uv": [ 4.75, 4.75, 5.5, 7.15 ] },
																				"east": { "texture": "#machinic2", "uv": [ 6.5, 4.5, 7.25, 6.9 ] },
																				"south": { "texture": "#machinic2", "uv": [ 6.5, 4.5, 7.25, 6.9 ] },
																				"west": { "texture": "#machinic2", "uv": [ 7.0, 1.5, 7.75, 3.9 ] },
																				"up": { "texture": "#machinic2", "uv": [ 3.0, 6.0, 3.75, 6.75 ], "windMode": [-1,-1,-1,-1], "windData": [5,5,5,5] }
																			}
																		}
																	]
																}
															]
														}
													]
												},
												{
													"name": "Cube141",
													"from": [ 1.2, 1.95, 0.75 ],
													"to": [ 2.1, 4.35, 1.65 ],
													"rotationOrigin": [ 1.2, 1.95, 0.75 ],
													"rotationX": 8.0,
													"rotationZ": -21.0,
													"faces": {
														"north": { "texture": "#machinic2", "uv": [ 1.5, 5.0, 2.25, 7.25 ] },
														"east": { "texture": "#machinic2", "uv": [ 3.5, 0.25, 4.25, 2.5 ] },
														"south": { "texture": "#machinic2", "uv": [ 6.5, 0.25, 7.25, 2.5 ] },
														"west": { "texture": "#machinic2", "uv": [ 6.75, 4.25, 7.5, 6.5 ] },
														"up": { "texture": "#machinic2", "uv": [ 0.75, 7.25, 1.5, 8.0 ], "windMode": [-1,-1,-1,-1], "windData": [4,4,4,4] }
													},
													"children": [
														{
															"name": "Cube142",
															"from": [ 0.0, 2.4, 0.0 ],
															"to": [ 0.9, 4.8, 0.9 ],
															"rotationOrigin": [ 0.0, 2.4, 0.0 ],
															"rotationX": 9.0,
															"rotationZ": -20.0,
															"faces": {
																"north": { "texture": "#machinic2", "uv": [ 2.0, 3.75, 2.9, 6.15 ] },
																"east": { "texture": "#machinic2", "uv": [ 5.25, 0.25, 6.15, 2.65 ] },
																"south": { "texture": "#machinic2", "uv": [ 2.5, 2.0, 3.4, 4.4 ] },
																"west": { "texture": "#machinic2", "uv": [ 0.25, 2.75, 1.15, 5.15 ] },
																"up": { "texture": "#machinic2", "uv": [ 1.75, 1.0, 2.65, 1.9 ], "windMode": [-1,-1,-1,-1], "windData": [5,5,5,5] }
															},
															"children": [
																{
																	"name": "Cube143",
																	"from": [ 0.0, 2.4, 0.0 ],
																	"to": [ 0.9, 4.8, 0.9 ],
																	"rotationOrigin": [ 0.9, 2.4, 0.9 ],
																	"rotationX": -39.0,
																	"rotationZ": 25.0,
																	"faces": {
																		"north": { "texture": "#machinic2", "uv": [ 7.0, 4.25, 7.9, 6.65 ], "autoUv": false, "windMode": [-1,-1,-1,-1] },
																		"east": { "texture": "#machinic2", "uv": [ 3.0, 4.25, 3.75, 6.5 ] },
																		"south": { "texture": "#machinic2", "uv": [ 3.75, 0.25, 4.5, 2.5 ] },
																		"west": { "texture": "#machinic2", "uv": [ 2.0, 2.25, 2.75, 4.5 ] },
																		"up": { "texture": "#machinic2", "uv": [ 3.5, 6.5, 4.0, 7.0 ], "windMode": [-1,-1,-1,-1] },
																		"down": { "texture": "#machinic2", "uv": [ 5.5, 7.0, 6.0, 7.5 ], "windMode": [-1,-1,-1,-1] }
																	}
																}
															]
														},
														{
															"name": "Cube144",
															"from": [ 0.075, 0.6, 0.0 ],
															"to": [ 0.825, 3.0, 0.75 ],
															"rotationOrigin": [ 0.075, 0.6, 0.0 ],
															"rotationX": -29.0,
															"rotationZ": -45.0,
															"faces": {
																"north": { "texture": "#machinic2", "uv": [ 6.0, 5.5, 6.75, 7.9 ] },
																"east": { "texture": "#machinic2", "uv": [ 5.75, 2.0, 6.5, 4.4 ] },
																"south": { "texture": "#machinic2", "uv": [ 5.5, 0.0, 6.25, 2.4 ] },
																"west": { "texture": "#machinic2", "uv": [ 1.5, 3.75, 2.25, 6.15 ] },
																"up": { "texture": "#machinic2", "uv": [ 2.0, 2.75, 2.75, 3.5 ], "windMode": [-1,-1,-1,-1], "windData": [4,4,4,4] }
															},
															"children": [
																{
																	"name": "Cube145",
																	"from": [ 0.0, 2.4, 0.0 ],
																	"to": [ 0.75, 4.8, 0.75 ],
																	"rotationOrigin": [ 0.75, 2.4, 0.0 ],
																	"rotationX": 30.0,
																	"rotationZ": 20.0,
																	"faces": {
																		"north": { "texture": "#machinic2", "uv": [ 4.0, 2.5, 4.75, 4.9 ] },
																		"east": { "texture": "#machinic2", "uv": [ 6.0, 3.25, 6.75, 5.65 ] },
																		"south": { "texture": "#machinic2", "uv": [ 5.25, 3.0, 6.0, 5.4 ] },
																		"west": { "texture": "#machinic2", "uv": [ 1.75, 4.5, 2.5, 6.9 ] },
																		"up": { "texture": "#machinic2", "uv": [ 7.0, 1.0, 7.75, 1.75 ], "windMode": [-1,-1,-1,-1], "windData": [5,5,5,5] }
																	},
																	"children": [
																		{
																			"name": "Cube146",
																			"from": [ 0.0, 2.2, 0.2 ],
																			"to": [ 0.65, 4.6, 0.85 ],
																			"rotationOrigin": [ 0.9, 2.2, 1.1 ],
																			"rotationX": 4.0,
																			"rotationZ": 25.0,
																			"faces": {
																				"north": { "texture": "#machinic2", "uv": [ 1.25, 1.0, 1.75, 3.25 ] },
																				"east": { "texture": "#machinic2", "uv": [ 3.0, 2.75, 3.5, 5.0 ] },
																				"south": { "texture": "#machinic2", "uv": [ 1.5, 5.0, 2.0, 7.25 ] },
																				"west": { "texture": "#machinic2", "uv": [ 0.75, 2.5, 1.25, 4.75 ] },
																				"up": { "texture": "#machinic2", "uv": [ 6.0, 6.0, 6.5, 6.5 ], "windMode": [-1,-1,-1,-1] },
																				"down": { "texture": "#machinic2", "uv": [ 6.0, 0.5, 6.75, 1.25 ], "autoUv": false, "windMode": [-1,-1,-1,-1] }
																			}
																		}
																	]
																}
															]
														}
													]
												},
												{
													"name": "Cube147",
													"from": [ 2.1, 0.15, 0.15 ],
													"to": [ 4.5, 1.05, 1.05 ],
													"rotationOrigin": [ 2.1, 0.15, 1.05 ],
													"rotationX": -5.0,
													"rotationZ": 22.0,
													"faces": {
														"north": { "texture": "#machinic2", "uv": [ 7.0, 2.5, 7.5, 4.5 ], "rotation": 90 },
														"east": { "texture": "#machinic2", "uv": [ 2.75, 0.25, 3.5, 1.0 ] },
														"south": { "texture": "#machinic2", "uv": [ 1.5, 3.5, 2.0, 5.5 ], "rotation": 90 },
														"up": { "texture": "#machinic2", "uv": [ 1.0, 2.5, 1.5, 4.5 ], "rotation": 90 },
														"down": { "texture": "#machinic2", "uv": [ 4.0, 6.0, 4.5, 8.0 ], "rotation": 90 }
													},
													"children": [
														{
															"name": "Cube148",
															"from": [ 2.4, 0.0, 0.0 ],
															"to": [ 4.8, 0.9, 0.9 ],
															"rotationOrigin": [ 2.4, 0.9, 0.0 ],
															"rotationX": 2.0,
															"rotationY": -11.0,
															"rotationZ": -14.0,
															"faces": {
																"north": { "texture": "#machinic2", "uv": [ 1.0, 3.0, 1.5, 5.0 ], "rotation": 90 },
																"east": { "texture": "#machinic2", "uv": [ 4.75, 3.0, 5.65, 3.9 ] },
																"south": { "texture": "#machinic2", "uv": [ 4.0, 2.0, 4.5, 4.0 ], "rotation": 90 },
																"up": { "texture": "#machinic2", "uv": [ 1.5, 1.0, 2.0, 3.0 ], "rotation": 90 },
																"down": { "texture": "#machinic2", "uv": [ 5.0, 0.5, 5.5, 2.5 ], "rotation": 90 }
															},
															"children": [
																{
																	"name": "Cube149",
																	"from": [ 2.4, 0.0, 0.0 ],
																	"to": [ 4.8, 0.9, 0.9 ],
																	"rotationOrigin": [ 2.4, 0.0, 0.0 ],
																	"rotationX": -3.0,
																	"rotationY": -21.0,
																	"rotationZ": 23.0,
																	"faces": {
																		"north": { "texture": "#machinic2", "uv": [ 3.0, 3.5, 3.5, 5.5 ], "rotation": 90 },
																		"east": { "texture": "#machinic2", "uv": [ 1.75, 4.75, 2.65, 5.65 ] },
																		"south": { "texture": "#machinic2", "uv": [ 5.0, 1.0, 5.5, 3.0 ], "rotation": 90 },
																		"up": { "texture": "#machinic2", "uv": [ 6.5, 3.5, 7.0, 5.5 ], "rotation": 90 },
																		"down": { "texture": "#machinic2", "uv": [ 4.0, 4.5, 4.5, 6.5 ], "rotation": 90 }
																	}
																},
																{
																	"name": "Cube279",
																	"from": [ 0.0, 0.0, 0.075 ],
																	"to": [ 2.4, 0.75, 0.825 ],
																	"rotationOrigin": [ 0.0, 0.75, 0.075 ],
																	"rotationY": 12.0,
																	"rotationZ": 49.0,
																	"faces": {
																		"north": { "texture": "#machinic2", "uv": [ 5.0, 2.5, 5.5, 4.5 ], "rotation": 90 },
																		"east": { "texture": "#machinic2", "uv": [ 2.0, 1.0, 2.75, 1.75 ] },
																		"south": { "texture": "#machinic2", "uv": [ 4.5, 3.5, 5.0, 5.5 ], "rotation": 90 },
																		"up": { "texture": "#machinic2", "uv": [ 3.5, 3.5, 4.0, 5.5 ], "rotation": 90 },
																		"down": { "texture": "#machinic2", "uv": [ 4.0, 3.0, 4.5, 5.0 ], "rotation": 90 }
																	},
																	"children": [
																		{
																			"name": "Cube280",
																			"from": [ 2.4, 0.0, 0.0 ],
																			"to": [ 4.8, 0.75, 0.75 ],
																			"rotationOrigin": [ 2.4, 0.75, 0.0 ],
																			"rotationX": -3.0,
																			"rotationY": -21.0,
																			"rotationZ": -21.0,
																			"faces": {
																				"north": { "texture": "#machinic2", "uv": [ 3.5, 4.5, 4.0, 6.5 ], "rotation": 90 },
																				"east": { "texture": "#machinic2", "uv": [ 5.0, 5.0, 5.75, 5.75 ] },
																				"south": { "texture": "#machinic2", "uv": [ 0.5, 3.0, 1.0, 5.0 ], "rotation": 90 },
																				"up": { "texture": "#machinic2", "uv": [ 6.0, 2.0, 6.5, 4.0 ], "rotation": 90 },
																				"down": { "texture": "#machinic2", "uv": [ 5.5, 1.0, 6.0, 3.0 ], "rotation": 90 }
																			}
																		}
																	]
																}
															]
														}
													]
												},
												{
													"name": "Skid1",
													"from": [ 0.6, 8.7, 0.2 ],
													"to": [ 4.6, 9.7, 2.2 ],
													"rotationOrigin": [ 0.6, 8.7, 0.2 ],
													"rotationZ": -22.5,
													"faces": {
														"north": { "texture": "#iron-sheet1", "uv": [ 0.0, 0.0, 4.0, 1.0 ] },
														"east": { "texture": "#iron-sheet1", "uv": [ 0.0, 0.0, 2.0, 1.0 ] },
														"south": { "texture": "#iron-sheet1", "uv": [ 0.0, 0.0, 4.0, 1.0 ] },
														"west": { "texture": "#iron-sheet1", "uv": [ 0.0, 0.0, 2.0, 1.0 ] },
														"up": { "texture": "#iron-sheet1", "uv": [ 0.0, 0.0, 4.0, 2.0 ] },
														"down": { "texture": "#iron-sheet1", "uv": [ 0.0, 0.0, 4.0, 2.0 ] }
													},
													"children": [
														{
															"name": "Cube4",
															"from": [ 3.6, 0.0, 0.1 ],
															"to": [ 8.6, 1.0, 1.9 ],
															"rotationOrigin": [ 3.6, 0.0, 0.1 ],
															"rotationZ": -22.5,
															"faces": {
																"north": { "texture": "#iron-sheet1", "uv": [ 0.0, 0.0, 5.0, 1.0 ] },
																"east": { "texture": "#iron-sheet1", "uv": [ 0.0, 0.0, 1.5, 1.0 ] },
																"south": { "texture": "#iron-sheet1", "uv": [ 0.0, 0.0, 5.0, 1.0 ] },
																"west": { "texture": "#iron-sheet1", "uv": [ 0.0, 0.0, 1.5, 1.0 ] },
																"up": { "texture": "#iron-sheet1", "uv": [ 0.0, 0.0, 5.0, 1.5 ] },
																"down": { "texture": "#iron-sheet1", "uv": [ 0.0, 0.0, 5.0, 1.5 ] }
															},
															"children": [
																{
																	"name": "Cube9",
																	"from": [ 4.6, 0.0, 0.1 ],
																	"to": [ 6.6, 1.0, 1.7 ],
																	"rotationOrigin": [ 4.6, 0.0, 0.1 ],
																	"rotationZ": -22.5,
																	"faces": {
																		"north": { "texture": "#iron-sheet1", "uv": [ 0.0, 0.0, 2.0, 1.0 ] },
																		"east": { "texture": "#iron-sheet1", "uv": [ 0.0, 0.0, 1.5, 1.0 ] },
																		"south": { "texture": "#iron-sheet1", "uv": [ 0.0, 0.0, 2.0, 1.0 ] },
																		"west": { "texture": "#iron-sheet1", "uv": [ 0.0, 0.0, 1.5, 1.0 ] },
																		"up": { "texture": "#iron-sheet1", "uv": [ 0.0, 0.0, 2.0, 1.5 ] },
																		"down": { "texture": "#iron-sheet1", "uv": [ 0.0, 0.0, 2.0, 1.5 ] }
																	}
																}
															]
														},
														{
															"name": "Cube12",
															"from": [ -0.85, -0.23, 0.8 ],
															"to": [ 6.05, 0.27, 1.3 ],
															"rotationOrigin": [ -0.3456, 0.2668, 1.0 ],
															"rotationX": 180.0,
															"rotationZ": 173.0,
															"faces": {
																"north": { "texture": "#string", "uv": [ 0.0, 0.0, 6.5, 0.5 ] },
																"east": { "texture": "#string", "uv": [ 0.0, 0.0, 0.5, 0.5 ] },
																"south": { "texture": "#string", "uv": [ 0.0, 0.0, 6.5, 0.5 ] },
																"west": { "texture": "#string", "uv": [ 0.0, 0.0, 0.5, 0.5 ] },
																"up": { "texture": "#string", "uv": [ 0.0, 0.0, 6.5, 0.5 ] },
																"down": { "texture": "#string", "uv": [ 0.0, 0.0, 6.5, 0.5 ] }
															}
														}
													]
												}
											]
										}
									]
								}
							]
						}
					]
				},
				{
					"name": "Arrow",
					"from": [ -8.22, 8.4, 0.7 ],
					"to": [ 5.28, 9.15, 1.45 ],
					"rotationOrigin": [ -4.0, 4.8, 0.925 ],
					"rotationZ": -90.0,
					"faces": {
						"north": { "texture": "#handle", "uv": [ 0.25, 3.5, 7.25, 4.5 ], "autoUv": false },
						"east": { "texture": "#handle", "uv": [ 5.0, 2.75, 6.0, 3.75 ], "autoUv": false },
						"south": { "texture": "#handle", "uv": [ 0.25, 3.5, 7.25, 4.5 ], "autoUv": false },
						"up": { "texture": "#handle", "uv": [ 0.25, 3.5, 7.25, 4.5 ], "autoUv": false },
						"down": { "texture": "#handle", "uv": [ 0.25, 3.0, 7.25, 4.0 ], "autoUv": false }
					},
					"children": [
						{
							"name": "Cube14",
							"from": [ -2.3175, 0.15, -0.075 ],
							"to": [ -0.0675, 0.45, 0.825 ],
							"rotationOrigin": [ -2.325, 0.15, -0.075 ],
							"faces": {
								"north": { "texture": "#tainted-cooked", "uv": [ 4.0, 14.0, 7.0, 14.5 ], "autoUv": false },
								"east": { "texture": "#tainted-cooked", "uv": [ 10.5, 10.0, 11.5, 10.5 ], "autoUv": false },
								"south": { "texture": "#tainted-cooked", "uv": [ 3.5, 10.0, 6.5, 10.5 ], "autoUv": false },
								"west": { "texture": "#tainted-cooked", "uv": [ 10.5, 8.0, 11.5, 8.5 ], "autoUv": false },
								"up": { "texture": "#tainted-cooked", "uv": [ 9.0, 9.0, 12.0, 10.0 ], "autoUv": false },
								"down": { "texture": "#tainted-cooked", "uv": [ 8.5, 8.0, 11.5, 9.0 ], "autoUv": false }
							}
						},
						{
							"name": "Cube15",
							"from": [ -2.33, -0.075, 0.225 ],
							"to": [ -0.08, 0.825, 0.525 ],
							"rotationOrigin": [ -2.325, -0.075, 0.225 ],
							"faces": {
								"north": { "texture": "#tainted-cooked", "uv": [ 1.0, 14.0, 4.0, 15.0 ], "autoUv": false },
								"east": { "texture": "#tainted-cooked", "uv": [ 10.5, 10.0, 11.0, 11.0 ], "autoUv": false },
								"south": { "texture": "#tainted-cooked", "uv": [ 5.5, 6.5, 8.5, 7.5 ], "autoUv": false },
								"west": { "texture": "#tainted-cooked", "uv": [ 14.5, 12.0, 15.0, 13.0 ], "autoUv": false },
								"up": { "texture": "#tainted-cooked", "uv": [ 5.5, 14.5, 8.5, 15.0 ], "autoUv": false },
								"down": { "texture": "#tainted-cooked", "uv": [ 6.0, 7.0, 9.0, 7.5 ], "autoUv": false }
							}
						},
						{
							"name": "FeatherHorizontal19",
							"from": [ -3.75, -0.975, 0.375 ],
							"to": [ 0.375, 2.025, 0.375 ],
							"shade": false,
							"rotationOrigin": [ 0.375, 0.45, 0.45 ],
							"rotationX": -45.0,
							"rotationY": -1.0,
							"faces": {
								"south": { "texture": "#feather2", "uv": [ 6.0, 10.0, 10.0, 15.5 ], "rotation": 270, "autoUv": false }
							}
						},
						{
							"name": "FeatherHorizontal20",
							"from": [ -3.75, -1.125, 0.375 ],
							"to": [ 0.375, 1.875, 0.375 ],
							"shade": false,
							"rotationOrigin": [ 0.375, 0.3, 0.45 ],
							"rotationX": 45.0,
							"rotationY": -1.0,
							"faces": {
								"south": { "texture": "#feather2", "uv": [ 6.0, 10.0, 10.0, 15.5 ], "rotation": 270, "autoUv": false }
							}
						},
						{
							"name": "stick 2",
							"from": [ -2.25, 0.0, 0.0 ],
							"to": [ 0.0, 0.75, 0.75 ],
							"rotationOrigin": [ -2.25, 0.0, 0.0 ],
							"faces": {
								"north": { "texture": "#handle", "uv": [ 1.5, 2.5, 4.5, 3.5 ], "autoUv": false },
								"south": { "texture": "#handle", "uv": [ 3.0, 2.5, 6.0, 3.5 ], "autoUv": false },
								"west": { "texture": "#handle", "uv": [ 0.0, 0.0, 1.0, 1.0 ], "autoUv": false },
								"up": { "texture": "#handle", "uv": [ 9.5, 1.5, 12.5, 2.5 ], "autoUv": false },
								"down": { "texture": "#handle", "uv": [ 2.5, 0.5, 5.5, 1.5 ], "autoUv": false }
							}
						},
						{
							"name": "origin",
							"from": [ -0.75, 0.0, -5.775 ],
							"to": [ -0.75, 0.0, -5.775 ],
							"rotationOrigin": [ 5.25, 1.125, 0.225 ],
							"faces": {
							},
							"children": [
								{
									"name": "stick",
									"from": [ 3.75, 0.1875, 0.0 ],
									"to": [ 6.0, 0.5625, 0.375 ],
									"rotationOrigin": [ 8.25, 1.8, 2.775 ],
									"rotationY": 90.0,
									"faces": {
										"north": { "texture": "#tainted-cooked", "uv": [ 0.0, 12.0, 7.0, 13.0 ], "autoUv": false },
										"east": { "texture": "#tainted-cooked", "uv": [ 2.5, 5.5, 3.0, 6.0 ], "autoUv": false },
										"south": { "texture": "#tainted-cooked", "uv": [ 0.0, 12.0, 7.0, 13.0 ], "autoUv": false },
										"west": { "texture": "#tainted-cooked", "uv": [ 1.5, 4.0, 2.0, 4.5 ], "autoUv": false },
										"up": { "texture": "#tainted-cooked", "uv": [ 0.0, 11.5, 7.0, 12.5 ], "autoUv": false },
										"down": { "texture": "#tainted-cooked", "uv": [ 0.0, 12.0, 8.0, 13.0 ], "autoUv": false }
									}
								},
								{
									"name": "stick2",
									"from": [ 4.275, 2.1375, 4.8 ],
									"to": [ 6.525, 2.5125, 5.175 ],
									"rotationOrigin": [ 8.775, 3.75, 7.575 ],
									"rotationX": 90.0,
									"rotationY": 90.0,
									"faces": {
										"north": { "texture": "#tainted-cooked", "uv": [ 0.0, 12.0, 7.0, 13.0 ], "autoUv": false },
										"east": { "texture": "#tainted-cooked", "uv": [ 2.5, 5.5, 3.0, 6.0 ], "autoUv": false },
										"south": { "texture": "#tainted-cooked", "uv": [ 0.0, 12.0, 7.0, 13.0 ], "autoUv": false },
										"west": { "texture": "#tainted-cooked", "uv": [ 1.5, 4.0, 2.0, 4.5 ], "autoUv": false },
										"up": { "texture": "#tainted-cooked", "uv": [ 0.0, 11.5, 7.0, 12.5 ], "autoUv": false },
										"down": { "texture": "#tainted-cooked", "uv": [ 0.0, 12.0, 8.0, 13.0 ], "autoUv": false }
									}
								}
							]
						},
						{
							"name": "origin3",
							"from": [ 2.25, 0.0, -5.775 ],
							"to": [ 2.25, 0.0, -5.775 ],
							"rotationOrigin": [ 8.25, 1.125, 0.225 ],
							"faces": {
							},
							"children": [
								{
									"name": "stick5",
									"from": [ 3.75, 0.1875, 0.0 ],
									"to": [ 6.0, 0.5625, 0.375 ],
									"rotationOrigin": [ 8.25, 1.8, 2.775 ],
									"rotationY": 90.0,
									"faces": {
										"north": { "texture": "#tainted-cooked", "uv": [ 0.0, 12.0, 7.0, 13.0 ], "autoUv": false },
										"east": { "texture": "#tainted-cooked", "uv": [ 2.5, 5.5, 3.0, 6.0 ], "autoUv": false },
										"south": { "texture": "#tainted-cooked", "uv": [ 0.0, 12.0, 7.0, 13.0 ], "autoUv": false },
										"west": { "texture": "#tainted-cooked", "uv": [ 1.5, 4.0, 2.0, 4.5 ], "autoUv": false },
										"up": { "texture": "#tainted-cooked", "uv": [ 0.0, 11.5, 7.0, 12.5 ], "autoUv": false },
										"down": { "texture": "#tainted-cooked", "uv": [ 0.0, 12.0, 8.0, 13.0 ], "autoUv": false }
									}
								},
								{
									"name": "stick6",
									"from": [ 4.275, 2.1375, 4.8 ],
									"to": [ 6.525, 2.5125, 5.175 ],
									"rotationOrigin": [ 8.775, 3.75, 7.575 ],
									"rotationX": 90.0,
									"rotationY": 90.0,
									"faces": {
										"north": { "texture": "#tainted-cooked", "uv": [ 0.0, 12.0, 7.0, 13.0 ], "autoUv": false },
										"east": { "texture": "#tainted-cooked", "uv": [ 2.5, 5.5, 3.0, 6.0 ], "autoUv": false },
										"south": { "texture": "#tainted-cooked", "uv": [ 0.0, 12.0, 7.0, 13.0 ], "autoUv": false },
										"west": { "texture": "#tainted-cooked", "uv": [ 1.5, 4.0, 2.0, 4.5 ], "autoUv": false },
										"up": { "texture": "#tainted-cooked", "uv": [ 0.0, 11.5, 7.0, 12.5 ], "autoUv": false },
										"down": { "texture": "#tainted-cooked", "uv": [ 0.0, 12.0, 8.0, 13.0 ], "autoUv": false }
									}
								}
							]
						},
						{
							"name": "origin2",
							"from": [ 0.75, 0.0, -5.775 ],
							"to": [ 0.75, 0.0, -5.775 ],
							"rotationOrigin": [ 6.75, 1.125, 0.225 ],
							"faces": {
							},
							"children": [
								{
									"name": "stick3",
									"from": [ 3.75, 0.1875, 0.0 ],
									"to": [ 6.0, 0.5625, 0.375 ],
									"rotationOrigin": [ 8.25, 1.8, 2.775 ],
									"rotationY": 90.0,
									"faces": {
										"north": { "texture": "#tainted-cooked", "uv": [ 0.0, 12.0, 7.0, 13.0 ], "autoUv": false },
										"east": { "texture": "#tainted-cooked", "uv": [ 2.5, 5.5, 3.0, 6.0 ], "autoUv": false },
										"south": { "texture": "#tainted-cooked", "uv": [ 0.0, 12.0, 7.0, 13.0 ], "autoUv": false },
										"west": { "texture": "#tainted-cooked", "uv": [ 1.5, 4.0, 2.0, 4.5 ], "autoUv": false },
										"up": { "texture": "#tainted-cooked", "uv": [ 0.0, 11.5, 7.0, 12.5 ], "autoUv": false },
										"down": { "texture": "#tainted-cooked", "uv": [ 0.0, 12.0, 8.0, 13.0 ], "autoUv": false }
									}
								},
								{
									"name": "stick4",
									"from": [ 4.275, 2.1375, 4.8 ],
									"to": [ 6.525, 2.5125, 5.175 ],
									"rotationOrigin": [ 8.775, 3.75, 7.575 ],
									"rotationX": 90.0,
									"rotationY": 90.0,
									"faces": {
										"north": { "texture": "#tainted-cooked", "uv": [ 0.0, 12.0, 7.0, 13.0 ], "autoUv": false },
										"east": { "texture": "#tainted-cooked", "uv": [ 2.5, 5.5, 3.0, 6.0 ], "autoUv": false },
										"south": { "texture": "#tainted-cooked", "uv": [ 0.0, 12.0, 7.0, 13.0 ], "autoUv": false },
										"west": { "texture": "#tainted-cooked", "uv": [ 1.5, 4.0, 2.0, 4.5 ], "autoUv": false },
										"up": { "texture": "#tainted-cooked", "uv": [ 0.0, 11.5, 7.0, 12.5 ], "autoUv": false },
										"down": { "texture": "#tainted-cooked", "uv": [ 0.0, 12.0, 8.0, 13.0 ], "autoUv": false }
									}
								}
							]
						},
						{
							"name": "origin4",
							"from": [ 3.75, 0.0, -5.775 ],
							"to": [ 3.75, 0.0, -5.775 ],
							"rotationOrigin": [ 9.75, 1.125, 0.225 ],
							"faces": {
							},
							"children": [
								{
									"name": "stick7",
									"from": [ 3.75, 0.1875, 0.0 ],
									"to": [ 6.0, 0.5625, 0.375 ],
									"rotationOrigin": [ 8.25, 1.8, 2.775 ],
									"rotationY": 90.0,
									"faces": {
										"north": { "texture": "#tainted-cooked", "uv": [ 0.0, 12.0, 7.0, 13.0 ], "autoUv": false },
										"east": { "texture": "#tainted-cooked", "uv": [ 2.5, 5.5, 3.0, 6.0 ], "autoUv": false },
										"south": { "texture": "#tainted-cooked", "uv": [ 0.0, 12.0, 7.0, 13.0 ], "autoUv": false },
										"west": { "texture": "#tainted-cooked", "uv": [ 1.5, 4.0, 2.0, 4.5 ], "autoUv": false },
										"up": { "texture": "#tainted-cooked", "uv": [ 0.0, 11.5, 7.0, 12.5 ], "autoUv": false },
										"down": { "texture": "#tainted-cooked", "uv": [ 0.0, 12.0, 8.0, 13.0 ], "autoUv": false }
									}
								},
								{
									"name": "stick8",
									"from": [ 4.275, 2.1375, 4.8 ],
									"to": [ 6.525, 2.5125, 5.175 ],
									"rotationOrigin": [ 8.775, 3.75, 7.575 ],
									"rotationX": 90.0,
									"rotationY": 90.0,
									"faces": {
										"north": { "texture": "#tainted-cooked", "uv": [ 0.0, 12.0, 7.0, 13.0 ], "autoUv": false },
										"east": { "texture": "#tainted-cooked", "uv": [ 2.5, 5.5, 3.0, 6.0 ], "autoUv": false },
										"south": { "texture": "#tainted-cooked", "uv": [ 0.0, 12.0, 7.0, 13.0 ], "autoUv": false },
										"west": { "texture": "#tainted-cooked", "uv": [ 1.5, 4.0, 2.0, 4.5 ], "autoUv": false },
										"up": { "texture": "#tainted-cooked", "uv": [ 0.0, 11.5, 7.0, 12.5 ], "autoUv": false },
										"down": { "texture": "#tainted-cooked", "uv": [ 0.0, 12.0, 8.0, 13.0 ], "autoUv": false }
									}
								}
							]
						},
						{
							"name": "origin5",
							"from": [ 5.25, 0.0, -5.775 ],
							"to": [ 5.25, 0.0, -5.775 ],
							"rotationOrigin": [ 11.25, 1.125, 0.225 ],
							"faces": {
							},
							"children": [
								{
									"name": "stick9",
									"from": [ 3.75, 0.1875, 0.0 ],
									"to": [ 6.0, 0.5625, 0.375 ],
									"rotationOrigin": [ 8.25, 1.8, 2.775 ],
									"rotationY": 90.0,
									"faces": {
										"north": { "texture": "#tainted-cooked", "uv": [ 0.0, 12.0, 7.0, 13.0 ], "autoUv": false },
										"east": { "texture": "#tainted-cooked", "uv": [ 2.5, 5.5, 3.0, 6.0 ], "autoUv": false },
										"south": { "texture": "#tainted-cooked", "uv": [ 0.0, 12.0, 7.0, 13.0 ], "autoUv": false },
										"west": { "texture": "#tainted-cooked", "uv": [ 1.5, 4.0, 2.0, 4.5 ], "autoUv": false },
										"up": { "texture": "#tainted-cooked", "uv": [ 0.0, 11.5, 7.0, 12.5 ], "autoUv": false },
										"down": { "texture": "#tainted-cooked", "uv": [ 0.0, 12.0, 8.0, 13.0 ], "autoUv": false }
									}
								},
								{
									"name": "stick10",
									"from": [ 4.275, 2.1375, 4.8 ],
									"to": [ 6.525, 2.5125, 5.175 ],
									"rotationOrigin": [ 8.775, 3.75, 7.575 ],
									"rotationX": 90.0,
									"rotationY": 90.0,
									"faces": {
										"north": { "texture": "#tainted-cooked", "uv": [ 0.0, 12.0, 7.0, 13.0 ], "autoUv": false },
										"east": { "texture": "#tainted-cooked", "uv": [ 2.5, 5.5, 3.0, 6.0 ], "autoUv": false },
										"south": { "texture": "#tainted-cooked", "uv": [ 0.0, 12.0, 7.0, 13.0 ], "autoUv": false },
										"west": { "texture": "#tainted-cooked", "uv": [ 1.5, 4.0, 2.0, 4.5 ], "autoUv": false },
										"up": { "texture": "#tainted-cooked", "uv": [ 0.0, 11.5, 7.0, 12.5 ], "autoUv": false },
										"down": { "texture": "#tainted-cooked", "uv": [ 0.0, 12.0, 8.0, 13.0 ], "autoUv": false }
									}
								}
							]
						},
						{
							"name": "stick12",
							"from": [ 13.5, 0.06, 0.4125 ],
							"to": [ 18.0, 0.285, 0.6375 ],
							"rotationOrigin": [ 18.0, 1.65, 3.225 ],
							"faces": {
								"north": { "texture": "#tainted-cooked", "uv": [ 0.0, 12.0, 7.0, 13.0 ], "autoUv": false },
								"east": { "texture": "#tainted-cooked", "uv": [ 2.5, 5.5, 3.0, 6.0 ], "autoUv": false },
								"south": { "texture": "#tainted-cooked", "uv": [ 0.0, 12.0, 7.0, 13.0 ], "autoUv": false },
								"west": { "texture": "#tainted-cooked", "uv": [ 1.5, 4.0, 2.0, 4.5 ], "autoUv": false },
								"up": { "texture": "#tainted-cooked", "uv": [ 0.0, 11.5, 7.0, 12.5 ], "autoUv": false },
								"down": { "texture": "#tainted-cooked", "uv": [ 0.0, 12.0, 8.0, 13.0 ], "autoUv": false }
							}
						},
						{
							"name": "stick11",
							"from": [ 13.5, 0.36, 0.0375 ],
							"to": [ 15.75, 0.66, 0.3375 ],
							"rotationOrigin": [ 18.0, 1.95, 2.85 ],
							"faces": {
								"north": { "texture": "#tainted-cooked", "uv": [ 0.0, 12.0, 7.0, 13.0 ], "autoUv": false },
								"east": { "texture": "#tainted-cooked", "uv": [ 2.5, 5.5, 3.0, 6.0 ], "autoUv": false },
								"south": { "texture": "#tainted-cooked", "uv": [ 0.0, 12.0, 7.0, 13.0 ], "autoUv": false },
								"west": { "texture": "#tainted-cooked", "uv": [ 1.5, 4.0, 2.0, 4.5 ], "autoUv": false },
								"up": { "texture": "#tainted-cooked", "uv": [ 0.0, 11.5, 7.0, 12.5 ], "autoUv": false },
								"down": { "texture": "#tainted-cooked", "uv": [ 0.0, 12.0, 8.0, 13.0 ], "autoUv": false }
							}
						}
					]
				}
			]
		},
		{
			"name": "ORIGIN",
			"from": [ 7.75, -0.25, 9.05 ],
			"to": [ 8.25, 0.25, 9.55 ],
			"rotationOrigin": [ 8.0, 0.0, 9.3 ],
			"rotationX": 90.0,
			"faces": {
			}
		},
		{
			"name": "Cube2",
			"from": [ 6.0, -0.1, 7.3 ],
			"to": [ 10.0, 0.9, 8.3 ],
			"rotationOrigin": [ 6.0, -0.1, 7.3 ],
			"faces": {
				"north": { "texture": "#machinic2", "uv": [ 0.0, 0.0, 4.0, 1.0 ] },
				"east": { "texture": "#machinic2", "uv": [ 0.0, 0.0, 1.0, 1.0 ] },
				"south": { "texture": "#machinic2", "uv": [ 0.0, 0.0, 4.0, 1.0 ] },
				"west": { "texture": "#machinic2", "uv": [ 0.0, 0.0, 1.0, 1.0 ] },
				"up": { "texture": "#machinic2", "uv": [ 0.0, 0.0, 4.0, 1.0 ] },
				"down": { "texture": "#machinic2", "uv": [ 0.0, 0.0, 4.0, 1.0 ] }
			}
		},
		{
			"name": "ORIGIN",
			"from": [ 7.0, 7.0, 7.0 ],
			"to": [ 9.0, 9.0, 9.0 ],
			"rotationOrigin": [ 8.0, 8.0, 8.0 ],
			"rotationX": 90.0,
			"faces": {
			}
		},
		{
			"name": "ORIGIN",
			"from": [ 7.0, 7.0, 7.0 ],
			"to": [ 9.0, 9.0, 9.0 ],
			"rotationOrigin": [ 8.0, 8.0, 8.0 ],
			"rotationX": 90.0,
			"faces": {
			},
			"children": [
				{
					"name": "ShaftUD36",
					"from": [ 0.8, 0.25, 8.8 ],
					"to": [ 1.3, 0.875, 9.3 ],
					"rotationOrigin": [ 1.05, 0.25, 9.05 ],
					"faces": {
						"north": { "texture": "#metal", "uv": [ 3.5, 4.75, 4.0, 5.25 ] },
						"east": { "texture": "#metal", "uv": [ 4.25, 4.25, 4.75, 4.75 ] },
						"south": { "texture": "#metal", "uv": [ 4.5, 3.75, 5.0, 4.25 ] },
						"west": { "texture": "#metal", "uv": [ 5.5, 6.0, 6.0, 6.5 ] },
						"down": { "texture": "#metal", "uv": [ 7.0, 0.0, 7.5, 0.5 ] }
					},
					"children": [
						{
							"name": "Rim1",
							"from": [ 2.275, 0.3125, -0.495 ],
							"to": [ 3.025, 0.7125, 0.995 ],
							"rotationOrigin": [ 0.25, 0.325, 0.25 ],
							"faces": {
								"east": { "texture": "#metal", "uv": [ 2.25, 0.0, 3.625, 0.375 ] },
								"west": { "texture": "#metal", "uv": [ 3.5, 3.0, 4.875, 3.375 ] },
								"up": { "texture": "#metal", "uv": [ 0.5, 1.5, 1.5, 2.0 ], "rotation": 90 },
								"down": { "texture": "#metal", "uv": [ 5.0, 6.25, 5.75, 7.625 ] }
							},
							"children": [
								{
									"name": "Rim2",
									"from": [ 0.0, 0.0025, 0.0 ],
									"to": [ 0.75, 0.4025, 1.49 ],
									"rotationOrigin": [ -2.025, 0.0125, 0.745 ],
									"rotationY": 30.0,
									"faces": {
										"east": { "texture": "#metal", "uv": [ 4.0, 0.5, 5.375, 0.875 ] },
										"west": { "texture": "#metal", "uv": [ 1.5, 1.5, 2.875, 1.875 ] },
										"up": { "texture": "#metal", "uv": [ 3.0, 3.5, 4.0, 4.0 ], "rotation": 90 },
										"down": { "texture": "#metal", "uv": [ 2.25, 0.0, 3.0, 1.375 ] }
									}
								},
								{
									"name": "Rim3",
									"from": [ 0.0, 3.0E-4, 0.0 ],
									"to": [ 0.75, 0.4003, 1.49 ],
									"rotationOrigin": [ -2.025, 0.0125, 0.745 ],
									"rotationY": 60.0,
									"faces": {
										"east": { "texture": "#metal", "uv": [ 5.75, 7.25, 7.125, 7.625 ] },
										"west": { "texture": "#metal", "uv": [ 0.75, 0.25, 2.125, 0.625 ] },
										"up": { "texture": "#metal", "uv": [ 3.0, 1.5, 4.0, 2.0 ], "rotation": 90 },
										"down": { "texture": "#metal", "uv": [ 2.25, 0.0, 3.0, 1.375 ] }
									}
								},
								{
									"name": "Rim4",
									"from": [ 0.0, 0.0025, 0.0 ],
									"to": [ 0.75, 0.4025, 1.49 ],
									"rotationOrigin": [ -2.025, 0.0125, 0.745 ],
									"rotationY": 90.0,
									"faces": {
										"east": { "texture": "#metal", "uv": [ 1.0, 2.5, 2.375, 2.875 ] },
										"west": { "texture": "#metal", "uv": [ 0.75, 6.25, 2.125, 6.625 ] },
										"up": { "texture": "#metal", "uv": [ 1.0, 4.5, 2.0, 5.0 ], "rotation": 90 },
										"down": { "texture": "#metal", "uv": [ 5.25, 5.5, 6.0, 6.875 ] }
									}
								},
								{
									"name": "Rim5",
									"from": [ 0.0, 3.0E-4, 0.0 ],
									"to": [ 0.75, 0.4003, 1.49 ],
									"rotationOrigin": [ -2.025, 0.0125, 0.745 ],
									"rotationY": 120.0,
									"faces": {
										"east": { "texture": "#metal", "uv": [ 1.5, 3.25, 2.875, 3.625 ] },
										"west": { "texture": "#metal", "uv": [ 0.25, 5.25, 1.625, 5.625 ] },
										"up": { "texture": "#metal", "uv": [ 2.5, 1.5, 3.5, 2.0 ], "rotation": 90 },
										"down": { "texture": "#metal", "uv": [ 2.25, 6.0, 3.0, 7.375 ] }
									}
								},
								{
									"name": "Rim6",
									"from": [ 0.0, 0.0025, 0.0 ],
									"to": [ 0.75, 0.4025, 1.49 ],
									"rotationOrigin": [ -2.025, 0.0125, 0.745 ],
									"rotationY": 150.0,
									"faces": {
										"east": { "texture": "#metal", "uv": [ 4.5, 1.5, 5.875, 1.875 ] },
										"west": { "texture": "#metal", "uv": [ 1.0, 5.0, 2.375, 5.375 ] },
										"up": { "texture": "#metal", "uv": [ 1.0, 3.5, 2.0, 4.0 ], "rotation": 90 },
										"down": { "texture": "#metal", "uv": [ 0.5, 4.5, 1.25, 5.875 ] }
									}
								},
								{
									"name": "Rim7",
									"from": [ 0.0, 3.0E-4, 0.0 ],
									"to": [ 0.75, 0.4003, 1.49 ],
									"rotationOrigin": [ -2.025, 0.0125, 0.745 ],
									"rotationY": 180.0,
									"faces": {
										"east": { "texture": "#metal", "uv": [ 2.75, 3.0, 4.125, 3.375 ] },
										"west": { "texture": "#metal", "uv": [ 2.0, 0.75, 3.375, 1.125 ] },
										"up": { "texture": "#metal", "uv": [ 3.0, 0.5, 4.0, 1.0 ], "rotation": 90 },
										"down": { "texture": "#metal", "uv": [ 6.75, 0.75, 7.5, 2.125 ] }
									}
								},
								{
									"name": "Rim8",
									"from": [ 0.0, 0.0025, 0.0 ],
									"to": [ 0.75, 0.4025, 1.49 ],
									"rotationOrigin": [ -2.025, 0.0125, 0.745 ],
									"rotationY": 210.0,
									"faces": {
										"east": { "texture": "#metal", "uv": [ 1.75, 1.0, 3.125, 1.375 ] },
										"west": { "texture": "#metal", "uv": [ 6.25, 4.75, 7.625, 5.125 ] },
										"up": { "texture": "#metal", "uv": [ 4.5, 1.5, 5.5, 2.0 ], "rotation": 90 },
										"down": { "texture": "#metal", "uv": [ 2.75, 1.5, 3.5, 2.875 ] }
									}
								},
								{
									"name": "Rim9",
									"from": [ 0.0, 3.0E-4, 0.0 ],
									"to": [ 0.75, 0.4003, 1.49 ],
									"rotationOrigin": [ -2.025, 0.0125, 0.745 ],
									"rotationY": 240.0,
									"faces": {
										"east": { "texture": "#metal", "uv": [ 2.0, 3.25, 3.375, 3.625 ] },
										"west": { "texture": "#metal", "uv": [ 0.5, 5.5, 1.875, 5.875 ] },
										"up": { "texture": "#metal", "uv": [ 6.0, 1.0, 7.0, 1.5 ], "rotation": 90 },
										"down": { "texture": "#metal", "uv": [ 3.25, 3.75, 4.0, 5.125 ] }
									}
								},
								{
									"name": "Rim10",
									"from": [ 0.0, 0.0025, 0.0 ],
									"to": [ 0.75, 0.4025, 1.49 ],
									"rotationOrigin": [ -2.025, 0.0125, 0.745 ],
									"rotationY": 270.0,
									"faces": {
										"east": { "texture": "#metal", "uv": [ 4.25, 5.0, 5.625, 5.375 ] },
										"west": { "texture": "#metal", "uv": [ 4.25, 5.75, 5.625, 6.125 ] },
										"up": { "texture": "#metal", "uv": [ 1.0, 6.5, 2.0, 7.0 ], "rotation": 90 },
										"down": { "texture": "#metal", "uv": [ 1.25, 5.5, 2.0, 6.875 ] }
									}
								},
								{
									"name": "Rim11",
									"from": [ 0.0, 3.0E-4, 0.0 ],
									"to": [ 0.75, 0.4003, 1.49 ],
									"rotationOrigin": [ -2.025, 0.0125, 0.745 ],
									"rotationY": 300.0,
									"faces": {
										"east": { "texture": "#metal", "uv": [ 0.75, 1.5, 2.125, 1.875 ] },
										"west": { "texture": "#metal", "uv": [ 4.5, 6.75, 5.875, 7.125 ] },
										"up": { "texture": "#metal", "uv": [ 0.5, 2.0, 1.5, 2.5 ], "rotation": 90 },
										"down": { "texture": "#metal", "uv": [ 1.0, 0.75, 1.75, 2.125 ] }
									}
								},
								{
									"name": "Rim12",
									"from": [ 0.0, 0.0025, 0.0 ],
									"to": [ 0.75, 0.4025, 1.49 ],
									"rotationOrigin": [ -2.025, 0.0125, 0.745 ],
									"rotationY": 330.0,
									"faces": {
										"east": { "texture": "#metal", "uv": [ 1.5, 6.25, 2.875, 6.625 ] },
										"west": { "texture": "#metal", "uv": [ 6.5, 1.0, 7.875, 1.375 ] },
										"up": { "texture": "#metal", "uv": [ 5.5, 2.0, 6.5, 2.5 ], "rotation": 90 },
										"down": { "texture": "#metal", "uv": [ 2.75, 0.5, 3.5, 1.875 ] }
									}
								}
							]
						},
						{
							"name": "Hub36",
							"from": [ 0.125, 0.7, 0.125 ],
							"to": [ 0.375, 0.825, 0.375 ],
							"rotationOrigin": [ 0.125, 0.7, 0.125 ],
							"faces": {
								"north": { "texture": "#metal", "uv": [ 2.75, 2.25, 3.0, 2.375 ] },
								"east": { "texture": "#metal", "uv": [ 0.25, 4.0, 0.5, 4.125 ] },
								"south": { "texture": "#metal", "uv": [ 5.75, 5.25, 6.0, 5.375 ] },
								"west": { "texture": "#metal", "uv": [ 6.75, 7.25, 7.0, 7.375 ] },
								"up": { "texture": "#metal", "uv": [ 7.25, 1.75, 7.5, 2.0 ] }
							}
						},
						{
							"name": "TOOTHMOVER1",
							"from": [ 0.0, 0.325, 0.0 ],
							"to": [ 0.5, 0.575, 0.5 ],
							"rotationOrigin": [ 0.25, 0.325, 0.25 ],
							"faces": {
							},
							"children": [
								{
									"name": "Tooth1",
									"from": [ 3.025, 0.0, 0.125 ],
									"to": [ 3.275, 0.375, 0.375 ],
									"rotationOrigin": [ 0.25, 0.0, 0.25 ],
									"faces": {
										"north": { "texture": "#metal", "uv": [ 3.25, 4.5, 3.5, 4.875 ] },
										"east": { "texture": "#metal", "uv": [ 7.5, 2.75, 7.75, 3.125 ] },
										"south": { "texture": "#metal", "uv": [ 5.5, 4.25, 5.75, 4.625 ] },
										"up": { "texture": "#metal", "uv": [ 6.5, 4.75, 6.75, 5.0 ] },
										"down": { "texture": "#metal", "uv": [ 0.75, 3.75, 1.0, 4.0 ], "windMode": [-1,-1,-1,-1] }
									}
								},
								{
									"name": "Tooth2",
									"from": [ 3.025, 0.0, 0.125 ],
									"to": [ 3.275, 0.375, 0.375 ],
									"rotationOrigin": [ 0.25, 0.0, 0.25 ],
									"rotationY": 10.0,
									"faces": {
										"north": { "texture": "#metal", "uv": [ 0.25, 6.75, 0.5, 7.125 ] },
										"east": { "texture": "#metal", "uv": [ 4.75, 0.0, 5.0, 0.375 ] },
										"south": { "texture": "#metal", "uv": [ 0.5, 0.0, 0.75, 0.375 ] },
										"up": { "texture": "#metal", "uv": [ 2.25, 0.25, 2.5, 0.5 ] },
										"down": { "texture": "#metal", "uv": [ 1.5, 3.75, 1.75, 4.0 ] }
									}
								},
								{
									"name": "Tooth3",
									"from": [ 3.025, 0.0, 0.125 ],
									"to": [ 3.275, 0.375, 0.375 ],
									"rotationOrigin": [ 0.25, 0.0, 0.25 ],
									"rotationY": 20.0,
									"faces": {
										"north": { "texture": "#metal", "uv": [ 2.75, 7.25, 3.0, 7.625 ] },
										"east": { "texture": "#metal", "uv": [ 4.75, 5.5, 5.0, 5.875 ] },
										"south": { "texture": "#metal", "uv": [ 4.5, 1.0, 4.75, 1.375 ] },
										"up": { "texture": "#metal", "uv": [ 3.75, 2.25, 4.0, 2.5 ] },
										"down": { "texture": "#metal", "uv": [ 0.5, 2.0, 0.75, 2.25 ] }
									}
								},
								{
									"name": "Tooth4",
									"from": [ 3.025, 0.0, 0.125 ],
									"to": [ 3.275, 0.375, 0.375 ],
									"rotationOrigin": [ 0.25, 0.0, 0.25 ],
									"rotationY": 30.0,
									"faces": {
										"north": { "texture": "#metal", "uv": [ 4.5, 0.75, 4.75, 1.125 ] },
										"east": { "texture": "#metal", "uv": [ 6.0, 3.5, 6.25, 3.875 ] },
										"south": { "texture": "#metal", "uv": [ 4.5, 0.0, 4.75, 0.375 ] },
										"up": { "texture": "#metal", "uv": [ 2.25, 3.75, 2.5, 4.0 ] },
										"down": { "texture": "#metal", "uv": [ 1.5, 4.0, 1.75, 4.25 ] }
									}
								},
								{
									"name": "Tooth5",
									"from": [ 3.025, 0.0, 0.125 ],
									"to": [ 3.275, 0.375, 0.375 ],
									"rotationOrigin": [ 0.25, 0.0, 0.25 ],
									"rotationY": 40.0,
									"faces": {
										"north": { "texture": "#metal", "uv": [ 5.5, 2.25, 5.75, 2.625 ] },
										"east": { "texture": "#metal", "uv": [ 3.5, 4.5, 3.75, 4.875 ] },
										"south": { "texture": "#metal", "uv": [ 1.75, 1.5, 2.0, 1.875 ] },
										"up": { "texture": "#metal", "uv": [ 6.75, 3.0, 7.0, 3.25 ] },
										"down": { "texture": "#metal", "uv": [ 2.0, 1.25, 2.25, 1.5 ] }
									}
								},
								{
									"name": "Tooth6",
									"from": [ 3.025, 0.0, 0.125 ],
									"to": [ 3.275, 0.375, 0.375 ],
									"rotationOrigin": [ 0.25, 0.0, 0.25 ],
									"rotationY": 50.0,
									"faces": {
										"north": { "texture": "#metal", "uv": [ 1.25, 0.75, 1.5, 1.125 ] },
										"east": { "texture": "#metal", "uv": [ 3.25, 2.25, 3.5, 2.625 ] },
										"south": { "texture": "#metal", "uv": [ 7.25, 1.0, 7.5, 1.375 ] },
										"up": { "texture": "#metal", "uv": [ 3.0, 4.5, 3.25, 4.75 ] },
										"down": { "texture": "#metal", "uv": [ 1.75, 6.75, 2.0, 7.0 ] }
									}
								},
								{
									"name": "Tooth7",
									"from": [ 3.025, 0.0, 0.125 ],
									"to": [ 3.275, 0.375, 0.375 ],
									"rotationOrigin": [ 0.25, 0.0, 0.25 ],
									"rotationY": 60.0,
									"faces": {
										"north": { "texture": "#metal", "uv": [ 4.0, 1.5, 4.25, 1.875 ] },
										"east": { "texture": "#metal", "uv": [ 3.75, 4.5, 4.0, 4.875 ] },
										"south": { "texture": "#metal", "uv": [ 4.25, 6.25, 4.5, 6.625 ] },
										"up": { "texture": "#metal", "uv": [ 0.5, 3.75, 0.75, 4.0 ] },
										"down": { "texture": "#metal", "uv": [ 2.0, 0.25, 2.25, 0.5 ] }
									}
								},
								{
									"name": "Tooth8",
									"from": [ 3.025, 0.0, 0.125 ],
									"to": [ 3.275, 0.375, 0.375 ],
									"rotationOrigin": [ 0.25, 0.0, 0.25 ],
									"rotationY": 70.0,
									"faces": {
										"north": { "texture": "#metal", "uv": [ 2.25, 0.0, 2.5, 0.375 ] },
										"east": { "texture": "#metal", "uv": [ 7.5, 0.25, 7.75, 0.625 ] },
										"south": { "texture": "#metal", "uv": [ 6.5, 5.0, 6.75, 5.375 ] },
										"up": { "texture": "#metal", "uv": [ 6.75, 3.75, 7.0, 4.0 ] },
										"down": { "texture": "#metal", "uv": [ 3.0, 2.0, 3.25, 2.25 ] }
									}
								},
								{
									"name": "Tooth9",
									"from": [ 3.025, 0.0, 0.125 ],
									"to": [ 3.275, 0.375, 0.375 ],
									"rotationOrigin": [ 0.25, 0.0, 0.25 ],
									"rotationY": 80.0,
									"faces": {
										"north": { "texture": "#metal", "uv": [ 4.5, 5.0, 4.75, 5.375 ] },
										"east": { "texture": "#metal", "uv": [ 2.75, 2.75, 3.0, 3.125 ] },
										"south": { "texture": "#metal", "uv": [ 2.75, 0.75, 3.0, 1.125 ] },
										"up": { "texture": "#metal", "uv": [ 7.25, 1.5, 7.5, 1.75 ] },
										"down": { "texture": "#metal", "uv": [ 6.75, 3.5, 7.0, 3.75 ] }
									}
								}
							]
						},
						{
							"name": "TOOTHMOVER2",
							"from": [ 0.0, 0.325, 0.0 ],
							"to": [ 0.5, 0.575, 0.5 ],
							"rotationOrigin": [ 0.25, 0.325, 0.25 ],
							"rotationY": 90.0,
							"faces": {
							},
							"children": [
								{
									"name": "Tooth10",
									"from": [ 3.025, 0.0, 0.125 ],
									"to": [ 3.275, 0.375, 0.375 ],
									"rotationOrigin": [ 0.25, 0.0, 0.25 ],
									"faces": {
										"north": { "texture": "#metal", "uv": [ 1.5, 7.0, 1.75, 7.375 ] },
										"east": { "texture": "#metal", "uv": [ 3.0, 0.25, 3.25, 0.625 ] },
										"south": { "texture": "#metal", "uv": [ 1.0, 6.25, 1.25, 6.625 ] },
										"up": { "texture": "#metal", "uv": [ 0.5, 6.75, 0.75, 7.0 ] },
										"down": { "texture": "#metal", "uv": [ 0.75, 2.25, 1.0, 2.5 ] }
									}
								},
								{
									"name": "Tooth11",
									"from": [ 3.025, 0.0, 0.125 ],
									"to": [ 3.275, 0.375, 0.375 ],
									"rotationOrigin": [ 0.25, 0.0, 0.25 ],
									"rotationY": 10.0,
									"faces": {
										"north": { "texture": "#metal", "uv": [ 2.75, 1.0, 3.0, 1.375 ] },
										"east": { "texture": "#metal", "uv": [ 6.0, 5.25, 6.25, 5.625 ] },
										"south": { "texture": "#metal", "uv": [ 2.0, 5.5, 2.25, 5.875 ] },
										"up": { "texture": "#metal", "uv": [ 4.5, 6.0, 4.75, 6.25 ] },
										"down": { "texture": "#metal", "uv": [ 7.0, 1.0, 7.25, 1.25 ] }
									}
								},
								{
									"name": "Tooth12",
									"from": [ 3.025, 0.0, 0.125 ],
									"to": [ 3.275, 0.375, 0.375 ],
									"rotationOrigin": [ 0.25, 0.0, 0.25 ],
									"rotationY": 20.0,
									"faces": {
										"north": { "texture": "#metal", "uv": [ 4.5, 7.25, 4.75, 7.625 ] },
										"east": { "texture": "#metal", "uv": [ 3.5, 2.25, 3.75, 2.625 ] },
										"south": { "texture": "#metal", "uv": [ 0.5, 3.5, 0.75, 3.875 ] },
										"up": { "texture": "#metal", "uv": [ 3.75, 0.25, 4.0, 0.5 ] },
										"down": { "texture": "#metal", "uv": [ 0.25, 3.5, 0.5, 3.75 ] }
									}
								},
								{
									"name": "Tooth13",
									"from": [ 3.025, 0.0, 0.125 ],
									"to": [ 3.275, 0.375, 0.375 ],
									"rotationOrigin": [ 0.25, 0.0, 0.25 ],
									"rotationY": 30.0,
									"faces": {
										"north": { "texture": "#metal", "uv": [ 4.0, 4.5, 4.25, 4.875 ] },
										"east": { "texture": "#metal", "uv": [ 5.25, 2.75, 5.5, 3.125 ] },
										"south": { "texture": "#metal", "uv": [ 7.25, 3.0, 7.5, 3.375 ] },
										"up": { "texture": "#metal", "uv": [ 1.5, 2.0, 1.75, 2.25 ] },
										"down": { "texture": "#metal", "uv": [ 6.75, 3.75, 7.0, 4.0 ] }
									}
								},
								{
									"name": "Tooth14",
									"from": [ 3.025, 0.0, 0.125 ],
									"to": [ 3.275, 0.375, 0.375 ],
									"rotationOrigin": [ 0.25, 0.0, 0.25 ],
									"rotationY": 40.0,
									"faces": {
										"north": { "texture": "#metal", "uv": [ 7.5, 7.0, 7.75, 7.375 ] },
										"east": { "texture": "#metal", "uv": [ 3.0, 6.25, 3.25, 6.625 ] },
										"south": { "texture": "#metal", "uv": [ 1.25, 7.0, 1.5, 7.375 ] },
										"up": { "texture": "#metal", "uv": [ 6.25, 6.0, 6.5, 6.25 ] },
										"down": { "texture": "#metal", "uv": [ 1.25, 2.0, 1.5, 2.25 ] }
									}
								},
								{
									"name": "Tooth15",
									"from": [ 3.025, 0.0, 0.125 ],
									"to": [ 3.275, 0.375, 0.375 ],
									"rotationOrigin": [ 0.25, 0.0, 0.25 ],
									"rotationY": 50.0,
									"faces": {
										"north": { "texture": "#metal", "uv": [ 4.75, 3.0, 5.0, 3.375 ] },
										"east": { "texture": "#metal", "uv": [ 6.75, 2.5, 7.0, 2.875 ] },
										"south": { "texture": "#metal", "uv": [ 6.0, 4.0, 6.25, 4.375 ] },
										"up": { "texture": "#metal", "uv": [ 5.0, 1.5, 5.25, 1.75 ] },
										"down": { "texture": "#metal", "uv": [ 1.75, 0.75, 2.0, 1.0 ] }
									}
								},
								{
									"name": "Tooth16",
									"from": [ 3.025, 0.0, 0.125 ],
									"to": [ 3.275, 0.375, 0.375 ],
									"rotationOrigin": [ 0.25, 0.0, 0.25 ],
									"rotationY": 60.0,
									"faces": {
										"north": { "texture": "#metal", "uv": [ 7.5, 4.0, 7.75, 4.375 ] },
										"east": { "texture": "#metal", "uv": [ 4.25, 5.75, 4.5, 6.125 ] },
										"south": { "texture": "#metal", "uv": [ 2.25, 0.5, 2.5, 0.875 ] },
										"up": { "texture": "#metal", "uv": [ 4.5, 3.0, 4.75, 3.25 ] },
										"down": { "texture": "#metal", "uv": [ 2.5, 6.75, 2.75, 7.0 ] }
									}
								},
								{
									"name": "Tooth17",
									"from": [ 3.025, 0.0, 0.125 ],
									"to": [ 3.275, 0.375, 0.375 ],
									"rotationOrigin": [ 0.25, 0.0, 0.25 ],
									"rotationY": 70.0,
									"faces": {
										"north": { "texture": "#metal", "uv": [ 2.75, 4.5, 3.0, 4.875 ] },
										"east": { "texture": "#metal", "uv": [ 3.25, 2.5, 3.5, 2.875 ] },
										"south": { "texture": "#metal", "uv": [ 0.25, 6.5, 0.5, 6.875 ] },
										"up": { "texture": "#metal", "uv": [ 5.5, 6.25, 5.75, 6.5 ] },
										"down": { "texture": "#metal", "uv": [ 4.25, 1.5, 4.5, 1.75 ] }
									}
								},
								{
									"name": "Tooth18",
									"from": [ 3.025, 0.0, 0.125 ],
									"to": [ 3.275, 0.375, 0.375 ],
									"rotationOrigin": [ 0.25, 0.0, 0.25 ],
									"rotationY": 80.0,
									"faces": {
										"north": { "texture": "#metal", "uv": [ 3.0, 5.25, 3.25, 5.625 ] },
										"east": { "texture": "#metal", "uv": [ 3.5, 2.25, 3.75, 2.625 ] },
										"south": { "texture": "#metal", "uv": [ 2.75, 1.5, 3.0, 1.875 ] },
										"up": { "texture": "#metal", "uv": [ 0.5, 6.75, 0.75, 7.0 ] },
										"down": { "texture": "#metal", "uv": [ 3.25, 0.5, 3.5, 0.75 ] }
									}
								}
							]
						},
						{
							"name": "TOOTHMOVER3",
							"from": [ 0.0, 0.325, 0.0 ],
							"to": [ 0.5, 0.575, 0.5 ],
							"rotationOrigin": [ 0.25, 0.325, 0.25 ],
							"rotationY": 180.0,
							"faces": {
							},
							"children": [
								{
									"name": "Tooth19",
									"from": [ 3.025, 0.0, 0.125 ],
									"to": [ 3.275, 0.375, 0.375 ],
									"rotationOrigin": [ 0.25, 0.0, 0.25 ],
									"faces": {
										"north": { "texture": "#metal", "uv": [ 4.25, 2.0, 4.5, 2.375 ] },
										"east": { "texture": "#metal", "uv": [ 0.0, 5.25, 0.25, 5.625 ] },
										"south": { "texture": "#metal", "uv": [ 2.25, 5.75, 2.5, 6.125 ] },
										"up": { "texture": "#metal", "uv": [ 6.0, 6.0, 6.25, 6.25 ] },
										"down": { "texture": "#metal", "uv": [ 3.75, 7.25, 4.0, 7.5 ] }
									}
								},
								{
									"name": "Tooth20",
									"from": [ 3.025, 0.0, 0.125 ],
									"to": [ 3.275, 0.375, 0.375 ],
									"rotationOrigin": [ 0.25, 0.0, 0.25 ],
									"rotationY": 10.0,
									"faces": {
										"north": { "texture": "#metal", "uv": [ 1.0, 0.25, 1.25, 0.625 ] },
										"east": { "texture": "#metal", "uv": [ 5.75, 0.0, 6.0, 0.375 ] },
										"south": { "texture": "#metal", "uv": [ 3.25, 3.0, 3.5, 3.375 ] },
										"up": { "texture": "#metal", "uv": [ 2.5, 4.0, 2.75, 4.25 ] },
										"down": { "texture": "#metal", "uv": [ 0.5, 7.5, 0.75, 7.75 ] }
									}
								},
								{
									"name": "Tooth21",
									"from": [ 3.025, 0.0, 0.125 ],
									"to": [ 3.275, 0.375, 0.375 ],
									"rotationOrigin": [ 0.25, 0.0, 0.25 ],
									"rotationY": 20.0,
									"faces": {
										"north": { "texture": "#metal", "uv": [ 6.0, 4.5, 6.25, 4.875 ] },
										"east": { "texture": "#metal", "uv": [ 1.25, 0.25, 1.5, 0.625 ] },
										"south": { "texture": "#metal", "uv": [ 6.5, 6.75, 6.75, 7.125 ] },
										"up": { "texture": "#metal", "uv": [ 1.5, 4.5, 1.75, 4.75 ] },
										"down": { "texture": "#metal", "uv": [ 5.25, 0.5, 5.5, 0.75 ] }
									}
								},
								{
									"name": "Tooth22",
									"from": [ 3.025, 0.0, 0.125 ],
									"to": [ 3.275, 0.375, 0.375 ],
									"rotationOrigin": [ 0.25, 0.0, 0.25 ],
									"rotationY": 30.0,
									"faces": {
										"north": { "texture": "#metal", "uv": [ 7.0, 1.0, 7.25, 1.375 ] },
										"east": { "texture": "#metal", "uv": [ 4.75, 5.5, 5.0, 5.875 ] },
										"south": { "texture": "#metal", "uv": [ 6.75, 1.25, 7.0, 1.625 ] },
										"up": { "texture": "#metal", "uv": [ 1.5, 5.25, 1.75, 5.5 ] },
										"down": { "texture": "#metal", "uv": [ 6.5, 3.25, 6.75, 3.5 ] }
									}
								},
								{
									"name": "Tooth23",
									"from": [ 3.025, 0.0, 0.125 ],
									"to": [ 3.275, 0.375, 0.375 ],
									"rotationOrigin": [ 0.25, 0.0, 0.25 ],
									"rotationY": 40.0,
									"faces": {
										"north": { "texture": "#metal", "uv": [ 2.75, 2.75, 3.0, 3.125 ] },
										"east": { "texture": "#metal", "uv": [ 3.0, 6.5, 3.25, 6.875 ] },
										"south": { "texture": "#metal", "uv": [ 7.5, 4.0, 7.75, 4.375 ] },
										"up": { "texture": "#metal", "uv": [ 6.5, 1.5, 6.75, 1.75 ] },
										"down": { "texture": "#metal", "uv": [ 3.0, 6.75, 3.25, 7.0 ] }
									}
								},
								{
									"name": "Tooth24",
									"from": [ 3.025, 0.0, 0.125 ],
									"to": [ 3.275, 0.375, 0.375 ],
									"rotationOrigin": [ 0.25, 0.0, 0.25 ],
									"rotationY": 50.0,
									"faces": {
										"north": { "texture": "#metal", "uv": [ 0.5, 6.5, 0.75, 6.875 ] },
										"east": { "texture": "#metal", "uv": [ 3.0, 3.0, 3.25, 3.375 ] },
										"south": { "texture": "#metal", "uv": [ 4.5, 4.5, 4.75, 4.875 ] },
										"up": { "texture": "#metal", "uv": [ 4.0, 4.25, 4.25, 4.5 ] },
										"down": { "texture": "#metal", "uv": [ 4.75, 4.0, 5.0, 4.25 ] }
									}
								},
								{
									"name": "Tooth25",
									"from": [ 3.025, 0.0, 0.125 ],
									"to": [ 3.275, 0.375, 0.375 ],
									"rotationOrigin": [ 0.25, 0.0, 0.25 ],
									"rotationY": 60.0,
									"faces": {
										"north": { "texture": "#metal", "uv": [ 2.75, 1.75, 3.0, 2.125 ] },
										"east": { "texture": "#metal", "uv": [ 7.0, 6.75, 7.25, 7.125 ] },
										"south": { "texture": "#metal", "uv": [ 6.0, 7.5, 6.25, 7.875 ] },
										"up": { "texture": "#metal", "uv": [ 2.0, 5.5, 2.25, 5.75 ] },
										"down": { "texture": "#metal", "uv": [ 5.25, 0.75, 5.5, 1.0 ] }
									}
								},
								{
									"name": "Tooth26",
									"from": [ 3.025, 0.0, 0.125 ],
									"to": [ 3.275, 0.375, 0.375 ],
									"rotationOrigin": [ 0.25, 0.0, 0.25 ],
									"rotationY": 70.0,
									"faces": {
										"north": { "texture": "#metal", "uv": [ 1.0, 0.5, 1.25, 0.875 ] },
										"east": { "texture": "#metal", "uv": [ 2.75, 4.25, 3.0, 4.625 ] },
										"south": { "texture": "#metal", "uv": [ 2.5, 2.75, 2.75, 3.125 ] },
										"up": { "texture": "#metal", "uv": [ 5.25, 2.75, 5.5, 3.0 ] },
										"down": { "texture": "#metal", "uv": [ 5.5, 7.25, 5.75, 7.5 ] }
									}
								},
								{
									"name": "Tooth27",
									"from": [ 3.025, 0.0, 0.125 ],
									"to": [ 3.275, 0.375, 0.375 ],
									"rotationOrigin": [ 0.25, 0.0, 0.25 ],
									"rotationY": 80.0,
									"faces": {
										"north": { "texture": "#metal", "uv": [ 4.75, 6.0, 5.0, 6.375 ] },
										"east": { "texture": "#metal", "uv": [ 6.5, 4.25, 6.75, 4.625 ] },
										"south": { "texture": "#metal", "uv": [ 2.75, 3.0, 3.0, 3.375 ] },
										"up": { "texture": "#metal", "uv": [ 7.5, 5.5, 7.75, 5.75 ] },
										"down": { "texture": "#metal", "uv": [ 5.25, 7.0, 5.5, 7.25 ] }
									}
								}
							]
						},
						{
							"name": "TOOTHMOVER4",
							"from": [ 0.0, 0.325, 0.0 ],
							"to": [ 0.5, 0.575, 0.5 ],
							"rotationOrigin": [ 0.25, 0.325, 0.25 ],
							"rotationY": 270.0,
							"faces": {
							},
							"children": [
								{
									"name": "Tooth28",
									"from": [ 3.025, 0.0, 0.125 ],
									"to": [ 3.275, 0.375, 0.375 ],
									"rotationOrigin": [ 0.25, 0.0, 0.25 ],
									"faces": {
										"north": { "texture": "#metal", "uv": [ 5.0, 1.5, 5.25, 1.875 ] },
										"east": { "texture": "#metal", "uv": [ 5.0, 6.75, 5.25, 7.125 ] },
										"south": { "texture": "#metal", "uv": [ 3.25, 0.75, 3.5, 1.125 ] },
										"up": { "texture": "#metal", "uv": [ 0.5, 6.0, 0.75, 6.25 ] },
										"down": { "texture": "#metal", "uv": [ 6.0, 7.0, 6.25, 7.25 ] }
									}
								},
								{
									"name": "Tooth29",
									"from": [ 3.025, 0.0, 0.125 ],
									"to": [ 3.275, 0.375, 0.375 ],
									"rotationOrigin": [ 0.25, 0.0, 0.25 ],
									"rotationY": 10.0,
									"faces": {
										"north": { "texture": "#metal", "uv": [ 2.5, 6.0, 2.75, 6.375 ] },
										"east": { "texture": "#metal", "uv": [ 1.0, 5.5, 1.25, 5.875 ] },
										"south": { "texture": "#metal", "uv": [ 1.75, 4.0, 2.0, 4.375 ] },
										"up": { "texture": "#metal", "uv": [ 6.0, 0.25, 6.25, 0.5 ] },
										"down": { "texture": "#metal", "uv": [ 0.5, 5.5, 0.75, 5.75 ] }
									}
								},
								{
									"name": "Tooth30",
									"from": [ 3.025, 0.0, 0.125 ],
									"to": [ 3.275, 0.375, 0.375 ],
									"rotationOrigin": [ 0.25, 0.0, 0.25 ],
									"rotationY": 20.0,
									"faces": {
										"north": { "texture": "#metal", "uv": [ 7.25, 2.0, 7.5, 2.375 ] },
										"east": { "texture": "#metal", "uv": [ 0.25, 5.0, 0.5, 5.375 ] },
										"south": { "texture": "#metal", "uv": [ 4.5, 4.75, 4.75, 5.125 ] },
										"up": { "texture": "#metal", "uv": [ 5.25, 5.5, 5.5, 5.75 ] },
										"down": { "texture": "#metal", "uv": [ 7.25, 3.25, 7.5, 3.5 ] }
									}
								},
								{
									"name": "Tooth31",
									"from": [ 3.025, 0.0, 0.125 ],
									"to": [ 3.275, 0.375, 0.375 ],
									"rotationOrigin": [ 0.25, 0.0, 0.25 ],
									"rotationY": 30.0,
									"faces": {
										"north": { "texture": "#metal", "uv": [ 1.5, 3.0, 1.75, 3.375 ] },
										"east": { "texture": "#metal", "uv": [ 5.75, 2.25, 6.0, 2.625 ] },
										"south": { "texture": "#metal", "uv": [ 2.75, 4.5, 3.0, 4.875 ] },
										"up": { "texture": "#metal", "uv": [ 2.25, 0.5, 2.5, 0.75 ] },
										"down": { "texture": "#metal", "uv": [ 7.0, 2.5, 7.25, 2.75 ] }
									}
								},
								{
									"name": "Tooth32",
									"from": [ 3.025, 0.0, 0.125 ],
									"to": [ 3.275, 0.375, 0.375 ],
									"rotationOrigin": [ 0.25, 0.0, 0.25 ],
									"rotationY": 40.0,
									"faces": {
										"north": { "texture": "#metal", "uv": [ 2.25, 0.0, 2.5, 0.375 ] },
										"east": { "texture": "#metal", "uv": [ 6.25, 1.75, 6.5, 2.125 ] },
										"south": { "texture": "#metal", "uv": [ 5.0, 2.5, 5.25, 2.875 ] },
										"up": { "texture": "#metal", "uv": [ 1.0, 0.0, 1.25, 0.25 ] },
										"down": { "texture": "#metal", "uv": [ 3.0, 0.0, 3.25, 0.25 ] }
									}
								},
								{
									"name": "Tooth33",
									"from": [ 3.025, 0.0, 0.125 ],
									"to": [ 3.275, 0.375, 0.375 ],
									"rotationOrigin": [ 0.25, 0.0, 0.25 ],
									"rotationY": 50.0,
									"faces": {
										"north": { "texture": "#metal", "uv": [ 1.0, 0.25, 1.25, 0.625 ] },
										"east": { "texture": "#metal", "uv": [ 7.25, 3.0, 7.5, 3.375 ] },
										"south": { "texture": "#metal", "uv": [ 2.75, 5.75, 3.0, 6.125 ] },
										"up": { "texture": "#metal", "uv": [ 1.0, 5.75, 1.25, 6.0 ] },
										"down": { "texture": "#metal", "uv": [ 4.5, 6.0, 4.75, 6.25 ] }
									}
								},
								{
									"name": "Tooth34",
									"from": [ 3.025, 0.0, 0.125 ],
									"to": [ 3.275, 0.375, 0.375 ],
									"rotationOrigin": [ 0.25, 0.0, 0.25 ],
									"rotationY": 60.0,
									"faces": {
										"north": { "texture": "#metal", "uv": [ 5.0, 6.25, 5.25, 6.625 ] },
										"east": { "texture": "#metal", "uv": [ 5.25, 3.25, 5.5, 3.625 ] },
										"south": { "texture": "#metal", "uv": [ 1.25, 1.75, 1.5, 2.125 ] },
										"up": { "texture": "#metal", "uv": [ 4.0, 6.5, 4.25, 6.75 ] },
										"down": { "texture": "#metal", "uv": [ 5.5, 4.5, 5.75, 4.75 ] }
									}
								},
								{
									"name": "Tooth35",
									"from": [ 3.025, 0.0, 0.125 ],
									"to": [ 3.275, 0.375, 0.375 ],
									"rotationOrigin": [ 0.25, 0.0, 0.25 ],
									"rotationY": 70.0,
									"faces": {
										"north": { "texture": "#metal", "uv": [ 2.75, 5.75, 3.0, 6.125 ] },
										"east": { "texture": "#metal", "uv": [ 4.0, 4.0, 4.25, 4.375 ] },
										"south": { "texture": "#metal", "uv": [ 3.5, 1.5, 3.75, 1.875 ] },
										"up": { "texture": "#metal", "uv": [ 3.75, 1.5, 4.0, 1.75 ] },
										"down": { "texture": "#metal", "uv": [ 6.0, 1.5, 6.25, 1.75 ] }
									}
								},
								{
									"name": "Tooth36",
									"from": [ 3.025, 0.0, 0.125 ],
									"to": [ 3.275, 0.375, 0.375 ],
									"rotationOrigin": [ 0.25, 0.0, 0.25 ],
									"rotationY": 80.0,
									"faces": {
										"north": { "texture": "#metal", "uv": [ 0.75, 4.5, 1.0, 4.875 ] },
										"east": { "texture": "#metal", "uv": [ 0.75, 0.75, 1.0, 1.125 ] },
										"south": { "texture": "#metal", "uv": [ 5.0, 6.75, 5.25, 7.125 ] },
										"up": { "texture": "#metal", "uv": [ 6.75, 3.5, 7.0, 3.75 ] },
										"down": { "texture": "#metal", "uv": [ 7.25, 3.0, 7.5, 3.25 ] }
									}
								}
							]
						},
						{
							"name": "Spoke36b",
							"from": [ 0.25, 0.3375, -1.25 ],
							"to": [ 0.75, 0.6875, 1.25 ],
							"rotationOrigin": [ 0.5, 0.325, 0.25 ],
							"rotationY": 89.98,
							"faces": {
								"east": { "texture": "#metal", "uv": [ 4.75, 1.75, 7.25, 2.0 ] },
								"west": { "texture": "#metal", "uv": [ 4.75, 4.0, 7.25, 4.25 ] },
								"up": { "texture": "#metal", "uv": [ 1.25, 0.5, 1.75, 3.0 ] },
								"down": { "texture": "#metal", "uv": [ 1.0, 6.0, 3.5, 6.5 ], "rotation": 90 }
							},
							"children": [
								{
									"name": "Y3",
									"from": [ -0.125, -0.0125, 2.05 ],
									"to": [ 0.625, 0.3625, 2.8 ],
									"rotationOrigin": [ 0.25, 0.0, 2.425 ],
									"rotationY": 45.0,
									"faces": {
										"north": { "texture": "#metal", "uv": [ 1.25, 5.5, 2.0, 5.875 ] },
										"east": { "texture": "#metal", "uv": [ 1.5, 6.0, 2.25, 6.375 ] },
										"south": { "texture": "#metal", "uv": [ 1.75, 3.0, 2.5, 3.375 ] },
										"west": { "texture": "#metal", "uv": [ 2.0, 5.5, 2.75, 5.875 ] },
										"up": { "texture": "#metal", "uv": [ 2.5, 4.5, 3.0, 5.0 ], "rotation": 90 },
										"down": { "texture": "#metal", "uv": [ 4.25, 0.25, 5.0, 1.0 ] }
									},
									"children": [
										{
											"name": "Cube5",
											"from": [ 0.125, 0.0125, 0.75 ],
											"to": [ 0.625, 0.3625, 1.5 ],
											"rotationOrigin": [ 0.125, 0.0, 0.75 ],
											"faces": {
												"east": { "texture": "#metal", "uv": [ 4.25, 0.5, 5.0, 0.75 ] },
												"west": { "texture": "#metal", "uv": [ 4.25, 3.0, 5.0, 3.25 ] },
												"up": { "texture": "#metal", "uv": [ 3.5, 1.0, 4.0, 1.5 ], "rotation": 270 },
												"down": { "texture": "#metal", "uv": [ 1.0, 2.5, 1.5, 3.0 ], "rotation": 180 }
											}
										},
										{
											"name": "Cube6",
											"from": [ -0.875, 0.0125, 0.125 ],
											"to": [ 0.125, 0.3625, 0.625 ],
											"rotationOrigin": [ -0.875, 0.0, 0.125 ],
											"faces": {
												"north": { "texture": "#metal", "uv": [ 6.75, 7.25, 7.75, 7.5 ] },
												"south": { "texture": "#metal", "uv": [ 3.75, 2.0, 4.75, 2.25 ] },
												"up": { "texture": "#metal", "uv": [ 5.5, 4.5, 6.0, 5.5 ], "rotation": 270 },
												"down": { "texture": "#metal", "uv": [ 4.5, 5.5, 5.5, 6.0 ], "rotation": 180 }
											}
										}
									]
								},
								{
									"name": "Y4",
									"from": [ -0.125, -0.0125, -0.3 ],
									"to": [ 0.625, 0.3625, 0.45 ],
									"rotationOrigin": [ 0.25, 0.0, 0.075 ],
									"rotationY": 45.0,
									"faces": {
										"north": { "texture": "#metal", "uv": [ 6.25, 2.0, 7.0, 2.375 ] },
										"east": { "texture": "#metal", "uv": [ 1.0, 0.0, 1.75, 0.375 ] },
										"south": { "texture": "#metal", "uv": [ 3.0, 0.25, 3.75, 0.625 ] },
										"west": { "texture": "#metal", "uv": [ 2.0, 1.5, 2.75, 1.875 ] },
										"up": { "texture": "#metal", "uv": [ 4.0, 2.0, 4.5, 2.5 ], "rotation": 270 },
										"down": { "texture": "#metal", "uv": [ 5.5, 0.5, 6.0, 1.0 ], "rotation": 180 }
									},
									"children": [
										{
											"name": "Cube7",
											"from": [ 0.125, 0.0125, -0.75 ],
											"to": [ 0.625, 0.3625, 0.0 ],
											"rotationOrigin": [ 0.125, 0.0, -0.75 ],
											"faces": {
												"east": { "texture": "#metal", "uv": [ 0.25, 4.75, 1.0, 5.0 ] },
												"west": { "texture": "#metal", "uv": [ 2.75, 7.0, 3.5, 7.25 ] },
												"up": { "texture": "#metal", "uv": [ 3.0, 1.5, 3.5, 2.0 ], "rotation": 180 },
												"down": { "texture": "#metal", "uv": [ 3.75, 5.0, 4.25, 5.75 ] }
											}
										},
										{
											"name": "Cube8",
											"from": [ 0.75, 0.0125, 0.125 ],
											"to": [ 1.5, 0.3625, 0.625 ],
											"rotationOrigin": [ 0.75, 0.0, 0.125 ],
											"faces": {
												"north": { "texture": "#metal", "uv": [ 2.75, 7.0, 3.5, 7.25 ] },
												"south": { "texture": "#metal", "uv": [ 3.5, 1.0, 4.25, 1.25 ] },
												"up": { "texture": "#metal", "uv": [ 2.75, 1.0, 3.5, 1.5 ] },
												"down": { "texture": "#metal", "uv": [ 6.75, 3.25, 7.5, 3.75 ] }
											}
										}
									]
								}
							]
						}
					]
				}
			]
		}
	],
	"animations": [
		{
			"name": "active",
			"code": "active",
			"quantityframes": 30,
			"onActivityStopped": "EaseOut",
			"onAnimationEnd": "Repeat",
			"keyframes": [
				{
					"frame": 0,
					"elements": {
						"ShaftUD36": { "rotationX": 0.0, "rotationY": 0.0, "rotationZ": 0.0 }
					}
				},
				{
					"frame": 29,
					"elements": {
						"ShaftUD36": { "rotationX": 0.0, "rotationY": -348.0, "rotationZ": 0.0 }
					}
				}
			]
		}
	]
}