{
	"editor": {
		"allAngles": true,
		"entityTextureMode": true
	},
	"textureWidth": 48,
	"textureHeight": 48,
	"textureSizes": {
		"skin": [48,48]
	},
	"textures": {
	},
	"elements": [
		{
			"name": "Hip point",
			"from": [ 14.0, 8.7, 8.0 ],
			"to": [ 14.0, 8.7, 8.0 ],
			"uv": [ 1.0, 1.0 ],
			"rotationOrigin": [ 14.0, 8.0, 8.0 ],
			"faces": {
			},
			"children": [
				{
					"name": "Hip",
					"from": [ -2.2, -7.3, -3.0 ],
					"to": [ 2.3, -2.8, 3.0 ],
					"unwrapMode": 7,
					"unwrapRotation": 1,
					"uv": [ 2.5, 22.0 ],
					"rotationOrigin": [ 2.0, -3.0, 0.0 ],
					"rotationY": 2.0,
					"rotationZ": -40.0,
					"faces": {
						"north": { "texture": "#skin", "uv": [ 13.0, 22.0, 17.5, 26.5 ], "rotation": 90 },
						"east": { "texture": "#skin", "uv": [ 7.0, 26.5, 13.0, 31.0 ], "windMode": [-1,-1,-1,-1] },
						"south": { "texture": "#skin", "uv": [ 2.5, 22.0, 7.0, 26.5 ], "rotation": 270 },
						"up": { "texture": "#skin", "uv": [ 7.0, 22.0, 13.0, 26.5 ], "rotation": 270 },
						"down": { "texture": "#skin", "uv": [ 17.5, 22.0, 23.5, 26.5 ], "rotation": 90 }
					},
					"children": [
						{
							"name": "Body",
							"from": [ -6.0, -1.5, -0.1 ],
							"to": [ 0.0, 4.5, 6.1 ],
							"unwrapMode": 7,
							"unwrapRotation": 1,
							"autoUnwrap": false,
							"uv": [ 1.0, 9.5 ],
							"rotationOrigin": [ 0.0, 4.5, 3.0 ],
							"rotationZ": 40.0,
							"faces": {
								"north": { "texture": "#skin", "uv": [ 13.0, 15.5, 19.0, 21.5 ], "rotation": 90 },
								"east": { "texture": "#skin", "uv": [ 17.5, 27.5, 23.5, 33.5 ] },
								"south": { "texture": "#skin", "uv": [ 1.0, 15.5, 7.0, 21.5 ], "rotation": 270 },
								"west": { "texture": "#skin", "uv": [ 24.0, 27.5, 30.0, 33.5 ] },
								"up": { "texture": "#skin", "uv": [ 7.0, 15.5, 13.0, 21.5 ], "rotation": 270 },
								"down": { "texture": "#skin", "uv": [ 19.0, 15.5, 25.0, 21.5 ], "rotation": 90 }
							},
							"children": [
								{
									"name": "Body2",
									"from": [ -5.0, 0.5, 0.1 ],
									"to": [ 0.2, 6.0, 6.1 ],
									"unwrapMode": 7,
									"unwrapRotation": 1,
									"autoUnwrap": false,
									"uv": [ 1.5, 4.5 ],
									"rotationOrigin": [ 0.0, 6.0, 3.1 ],
									"rotationY": -4.0,
									"rotationZ": 10.0,
									"faces": {
										"north": { "texture": "#skin", "uv": [ 13.0, 10.0, 18.5, 15.0 ], "rotation": 90 },
										"east": { "texture": "#skin", "uv": [ 17.5, 34.5, 23.5, 40.0 ], "windMode": [-1,-1,-1,-1] },
										"south": { "texture": "#skin", "uv": [ 1.5, 10.0, 7.0, 15.0 ], "rotation": 270 },
										"west": { "texture": "#skin", "uv": [ 24.0, 34.5, 30.0, 40.0 ] },
										"up": { "texture": "#skin", "uv": [ 7.0, 10.0, 13.0, 15.0 ], "rotation": 270 },
										"down": { "texture": "#skin", "uv": [ 18.5, 10.0, 24.5, 15.0 ], "rotation": 90 }
									},
									"children": [
										{
											"name": "Neck1",
											"from": [ 0.0, 1.0, 1.0 ],
											"to": [ 2.0, 5.5, 5.0 ],
											"unwrapMode": 7,
											"unwrapRotation": 1,
											"autoUnwrap": false,
											"uv": [ 3.5, 3.0 ],
											"rotationOrigin": [ 1.6, 5.4, 3.0 ],
											"rotationY": -4.0,
											"rotationZ": -14.0,
											"faces": {
												"north": { "texture": "#skin", "uv": [ 12.0, 7.5, 16.5, 9.5 ], "rotation": 90 },
												"south": { "texture": "#skin", "uv": [ 3.5, 7.5, 8.0, 9.5 ], "rotation": 270 },
												"west": { "texture": "#skin", "uv": [ 24.5, 22.5, 28.5, 27.0 ] },
												"up": { "texture": "#skin", "uv": [ 8.0, 7.5, 12.0, 9.5 ], "rotation": 270 },
												"down": { "texture": "#skin", "uv": [ 16.5, 7.5, 20.5, 9.5 ], "rotation": 90 }
											},
											"children": [
												{
													"name": "Neck2",
													"from": [ -1.3, 0.5, 0.5 ],
													"to": [ 0.2, 4.5, 3.5 ],
													"unwrapMode": 7,
													"unwrapRotation": 1,
													"autoUnwrap": false,
													"uv": [ 4.0, 1.0 ],
													"rotationOrigin": [ 0.9, 4.2, 2.0 ],
													"rotationZ": 9.0,
													"faces": {
														"north": { "texture": "#skin", "uv": [ 11.5, 5.5, 15.5, 7.0 ], "rotation": 90 },
														"east": { "texture": "#skin", "uv": [ 21.5, 4.5, 24.5, 8.5 ] },
														"south": { "texture": "#skin", "uv": [ 4.5, 5.5, 8.5, 7.0 ], "rotation": 270 },
														"west": { "texture": "#skin", "uv": [ 8.5, 1.5, 11.5, 5.5 ], "rotation": 180 },
														"up": { "texture": "#skin", "uv": [ 8.5, 5.5, 11.5, 7.0 ], "rotation": 270 },
														"down": { "texture": "#skin", "uv": [ 15.5, 5.5, 18.5, 7.0 ], "rotation": 90 }
													},
													"children": [
														{
															"name": "Head",
															"from": [ -3.0, 1.1, -0.1 ],
															"to": [ 0.0, 4.1, 3.1 ],
															"unwrapMode": 4,
															"uv": [ 3.5, 34.5 ],
															"rotationOrigin": [ 0.0, 4.1, 1.4 ],
															"rotationZ": 39.0,
															"faces": {
																"north": { "texture": "#skin", "uv": [ 3.5, 37.5, 6.5, 40.5 ] },
																"east": { "texture": "#skin", "uv": [ 12.5, 37.5, 15.5, 40.5 ], "windMode": [-1,-1,-1,-1] },
																"south": { "texture": "#skin", "uv": [ 9.5, 37.5, 12.5, 40.5 ] },
																"west": { "texture": "#skin", "uv": [ 6.5, 37.5, 9.5, 40.5 ], "windMode": [-1,-1,-1,-1] },
																"up": { "texture": "#skin", "uv": [ 6.5, 34.5, 9.5, 37.5 ], "rotation": 90, "windMode": [-1,-1,-1,-1] },
																"down": { "texture": "#skin", "uv": [ 6.5, 40.5, 9.5, 43.5 ], "rotation": 90 }
															},
															"children": [
																{
																	"name": "Face",
																	"from": [ -1.5, 2.0, 0.8 ],
																	"to": [ 0.0, 3.0, 2.4 ],
																	"unwrapMode": 5,
																	"unwrapRotation": 1,
																	"uv": [ 15.5, 41.0 ],
																	"rotationOrigin": [ 0.0, 3.0, 1.6 ],
																	"rotationZ": 10.0,
																	"faces": {
																		"north": { "texture": "#skin", "uv": [ 15.5, 41.0, 16.5, 42.5 ], "rotation": 270 },
																		"south": { "texture": "#skin", "uv": [ 18.0, 41.0, 19.0, 42.5 ], "rotation": 90 },
																		"west": { "texture": "#skin", "uv": [ 16.5, 42.5, 18.0, 43.5 ], "windMode": [-1,-1,-1,-1] },
																		"up": { "texture": "#skin", "uv": [ 16.5, 41.0, 18.0, 42.5 ], "rotation": 90 }
																	},
																	"children": [
																		{
																			"name": "Uppermouth",
																			"from": [ 0.0, 0.0, -0.1 ],
																			"to": [ 2.0, 0.6, 1.7 ],
																			"unwrapMode": 5,
																			"unwrapRotation": 1,
																			"uv": [ 1.5, 34.5 ],
																			"rotationOrigin": [ 0.0, 0.6, -0.1 ],
																			"rotationZ": -20.0,
																			"faces": {
																				"north": { "texture": "#skin", "uv": [ 1.5, 34.5, 2.0, 36.5 ], "rotation": 270 },
																				"south": { "texture": "#skin", "uv": [ 3.5, 34.5, 4.0, 36.5 ], "rotation": 90 },
																				"west": { "texture": "#skin", "uv": [ 2.0, 36.5, 3.5, 37.0 ], "windMode": [-1,-1,-1,-1] },
																				"up": { "texture": "#skin", "uv": [ 2.0, 34.5, 3.5, 36.5 ], "rotation": 90 },
																				"down": { "texture": "#skin", "uv": [ 4.0, 34.5, 5.5, 36.5 ], "rotation": 270 }
																			},
																			"children": [
																				{
																					"name": "Upper teeth",
																					"from": [ 0.2, -0.2, 0.7 ],
																					"to": [ 0.4, 0.3, 1.1 ],
																					"unwrapMode": 7,
																					"unwrapRotation": 1,
																					"uv": [ 1.0, 31.0 ],
																					"rotationOrigin": [ 0.2, 0.3, 0.7 ],
																					"rotationZ": 7.0,
																					"faces": {
																						"north": { "texture": "#skin", "uv": [ 1.5, 31.5, 2.0, 32.0 ], "rotation": 90 },
																						"east": { "texture": "#skin", "uv": [ 1.5, 32.0, 2.0, 32.5 ] },
																						"south": { "texture": "#skin", "uv": [ 1.0, 31.5, 1.5, 32.0 ], "rotation": 270 },
																						"west": { "texture": "#skin", "uv": [ 1.5, 31.0, 2.0, 31.5 ], "rotation": 180 },
																						"down": { "texture": "#skin", "uv": [ 2.0, 31.5, 2.5, 32.0 ], "rotation": 90 }
																					}
																				}
																			]
																		},
																		{
																			"name": "Snout",
																			"from": [ -0.1, 0.0, 0.3 ],
																			"to": [ 0.9, 1.0, 1.3 ],
																			"unwrapMode": 5,
																			"unwrapRotation": 1,
																			"uv": [ 10.0, 34.5 ],
																			"rotationOrigin": [ 0.9, 1.0, 0.3 ],
																			"rotationZ": -5.0,
																			"faces": {
																				"north": { "texture": "#skin", "uv": [ 10.0, 34.5, 11.0, 35.5 ], "rotation": 270 },
																				"south": { "texture": "#skin", "uv": [ 12.0, 34.5, 13.0, 35.5 ], "rotation": 90 },
																				"west": { "texture": "#skin", "uv": [ 11.0, 35.5, 12.0, 36.5 ] },
																				"up": { "texture": "#skin", "uv": [ 11.0, 34.5, 12.0, 35.5 ], "rotation": 90 }
																			},
																			"children": [
																				{
																					"name": "Upper nose",
																					"from": [ -0.15, 0.45, 0.15 ],
																					"to": [ 0.05, 0.95, 0.85 ],
																					"unwrapMode": 4,
																					"uv": [ 1.5, 37.5 ],
																					"rotationOrigin": [ -0.15, 0.45, 0.15 ],
																					"rotationZ": 5.0,
																					"faces": {
																						"north": { "texture": "#skin", "uv": [ 1.5, 38.0, 2.0, 38.5 ] },
																						"south": { "texture": "#skin", "uv": [ 2.5, 38.0, 3.0, 38.5 ] },
																						"west": { "texture": "#skin", "uv": [ 2.0, 38.0, 2.5, 38.5 ] },
																						"up": { "texture": "#skin", "uv": [ 2.0, 37.5, 2.5, 38.0 ], "rotation": 90 },
																						"down": { "texture": "#skin", "uv": [ 2.0, 38.5, 2.5, 39.0 ], "rotation": 90 }
																					},
																					"children": [
																						{
																							"name": "Lowernose",
																							"from": [ 0.01, -0.2, 0.15 ],
																							"to": [ 0.21, 0.2, 0.55 ],
																							"uv": [ 1.5, 38.5 ],
																							"rotationOrigin": [ 0.01, 0.0, 0.35 ],
																							"rotationX": 45.0,
																							"faces": {
																								"south": { "texture": "#skin", "uv": [ 1.5, 39.0, 2.0, 39.5 ], "windMode": [-1,-1,-1,-1] },
																								"west": { "texture": "#skin", "uv": [ 2.0, 39.0, 2.5, 39.5 ] },
																								"down": { "texture": "#skin", "uv": [ 1.5, 38.5, 2.0, 39.0 ] }
																							}
																						}
																					]
																				}
																			]
																		},
																		{
																			"name": "REye",
																			"from": [ 1.3, 0.5, -0.3 ],
																			"to": [ 1.5, 0.8, 0.0 ],
																			"unwrapMode": 2,
																			"uv": [ 16.5, 3.5 ],
																			"rotationOrigin": [ 1.3, 0.5, 0.0 ],
																			"rotationY": -15.0,
																			"rotationZ": -20.0,
																			"faces": {
																				"north": { "texture": "#skin", "uv": [ 16.5, 4.0, 17.0, 4.5 ] },
																				"west": { "texture": "#skin", "uv": [ 17.0, 4.0, 17.5, 4.5 ] },
																				"up": { "texture": "#skin", "uv": [ 16.5, 3.5, 17.0, 4.0 ], "rotation": 270 }
																			},
																			"children": [
																				{
																					"name": "RCheek",
																					"from": [ -0.3, -1.0, -0.6 ],
																					"to": [ 0.2, 0.0, 0.4 ],
																					"unwrapMode": 4,
																					"uv": [ 16.0, 1.0 ],
																					"rotationOrigin": [ -0.3, -1.0, 0.4 ],
																					"rotationY": -12.0,
																					"faces": {
																						"north": { "texture": "#skin", "uv": [ 16.0, 1.5, 16.5, 2.5 ] },
																						"west": { "texture": "#skin", "uv": [ 16.5, 1.5, 17.5, 2.5 ] },
																						"up": { "texture": "#skin", "uv": [ 16.5, 1.0, 17.5, 1.5 ], "rotation": 90 },
																						"down": { "texture": "#skin", "uv": [ 16.5, 2.5, 17.5, 3.0 ], "rotation": 90 }
																					}
																				}
																			]
																		},
																		{
																			"name": "LEye",
																			"from": [ 1.3, 0.5, 1.6 ],
																			"to": [ 1.5, 0.8, 1.9 ],
																			"unwrapMode": 2,
																			"uv": [ 13.0, 3.5 ],
																			"rotationOrigin": [ 1.3, 0.5, 1.6 ],
																			"rotationY": 15.0,
																			"rotationZ": -20.0,
																			"faces": {
																				"south": { "texture": "#skin", "uv": [ 13.0, 4.0, 13.5, 4.5 ] },
																				"west": { "texture": "#skin", "uv": [ 13.5, 4.0, 14.0, 4.5 ] },
																				"up": { "texture": "#skin", "uv": [ 13.5, 3.5, 14.0, 4.0 ], "rotation": 270 }
																			},
																			"children": [
																				{
																					"name": "LCheek",
																					"from": [ -0.3, -1.0, -0.1 ],
																					"to": [ 0.2, 0.0, 0.9 ],
																					"unwrapMode": 2,
																					"uv": [ 13.0, 1.0 ],
																					"rotationOrigin": [ -0.3, -1.0, -0.1 ],
																					"rotationY": 12.0,
																					"faces": {
																						"south": { "texture": "#skin", "uv": [ 13.0, 1.5, 13.5, 2.5 ] },
																						"west": { "texture": "#skin", "uv": [ 13.5, 1.5, 14.5, 2.5 ] },
																						"up": { "texture": "#skin", "uv": [ 13.5, 1.0, 14.5, 1.5 ], "rotation": 270 },
																						"down": { "texture": "#skin", "uv": [ 13.5, 2.5, 14.5, 3.0 ], "rotation": 270 }
																					}
																				}
																			]
																		}
																	]
																},
																{
																	"name": "Jaw",
																	"from": [ -0.1, -0.2, -0.1 ],
																	"to": [ 1.9, 1.3, 3.3 ],
																	"unwrapMode": 6,
																	"unwrapRotation": 1,
																	"uv": [ 19.5, 41.0 ],
																	"rotationOrigin": [ 1.9, 0.8, 1.6 ],
																	"rotationZ": -19.0,
																	"faces": {
																		"north": { "texture": "#skin", "uv": [ 19.5, 42.5, 21.0, 44.5 ], "rotation": 90 },
																		"south": { "texture": "#skin", "uv": [ 24.0, 42.5, 25.5, 44.5 ], "rotation": 270 },
																		"west": { "texture": "#skin", "uv": [ 21.0, 41.0, 24.0, 42.5 ] },
																		"down": { "texture": "#skin", "uv": [ 21.0, 42.5, 24.0, 44.5 ], "rotation": 90 }
																	},
																	"children": [
																		{
																			"name": "Lowermouth",
																			"from": [ -1.0, 0.4, 1.1 ],
																			"to": [ 0.0, 1.0, 2.3 ],
																			"unwrapMode": 5,
																			"unwrapRotation": 1,
																			"uv": [ 13.5, 34.5 ],
																			"rotationOrigin": [ 0.1, 0.9, 1.7 ],
																			"faces": {
																				"north": { "texture": "#skin", "uv": [ 13.5, 34.5, 14.0, 35.5 ], "rotation": 270 },
																				"south": { "texture": "#skin", "uv": [ 15.0, 34.5, 15.5, 35.5 ], "rotation": 90 },
																				"west": { "texture": "#skin", "uv": [ 14.0, 35.5, 15.0, 36.0 ] },
																				"up": { "texture": "#skin", "uv": [ 14.0, 34.5, 15.0, 35.5 ], "rotation": 90 },
																				"down": { "texture": "#skin", "uv": [ 15.5, 34.5, 16.5, 35.5 ], "rotation": 270 }
																			},
																			"children": [
																				{
																					"name": "Lower teeth",
																					"from": [ 0.0, 0.2, 0.45 ],
																					"to": [ 0.2, 0.7, 0.75 ],
																					"unwrapMode": 2,
																					"uv": [ 1.0, 33.0 ],
																					"rotationOrigin": [ 0.0, 0.2, 0.45 ],
																					"rotationZ": 40.0,
																					"faces": {
																						"north": { "texture": "#skin", "uv": [ 2.0, 33.5, 2.5, 34.0 ] },
																						"east": { "texture": "#skin", "uv": [ 1.5, 33.5, 2.0, 34.0 ] },
																						"south": { "texture": "#skin", "uv": [ 1.0, 33.5, 1.5, 34.0 ] },
																						"west": { "texture": "#skin", "uv": [ 2.5, 33.5, 3.0, 34.0 ] },
																						"up": { "texture": "#skin", "uv": [ 1.5, 33.0, 2.0, 33.5 ], "rotation": 270 }
																					}
																				}
																			]
																		}
																	]
																},
																{
																	"name": "Rfluff",
																	"from": [ 0.01, 0.0, -1.0 ],
																	"to": [ 3.01, 2.8, 0.0 ],
																	"unwrapMode": 1,
																	"uv": [ 1.0, 41.0 ],
																	"rotationOrigin": [ 0.01, 0.0, 0.0 ],
																	"rotationX": 20.0,
																	"faces": {
																		"north": { "texture": "#skin", "uv": [ 2.0, 41.0, 5.0, 43.5 ] },
																		"east": { "texture": "#skin", "uv": [ 1.0, 41.0, 2.0, 43.5 ] },
																		"west": { "texture": "#skin", "uv": [ 5.0, 41.0, 6.0, 43.5 ] },
																		"down": { "texture": "#skin", "uv": [ 2.0, 43.5, 5.0, 44.5 ] }
																	}
																},
																{
																	"name": "Lfluff",
																	"from": [ 0.01, 0.0, 3.2 ],
																	"to": [ 3.01, 2.8, 4.2 ],
																	"unwrapMode": 3,
																	"uv": [ 10.0, 41.0 ],
																	"rotationOrigin": [ 0.01, 0.0, 3.2 ],
																	"rotationX": -20.0,
																	"faces": {
																		"east": { "texture": "#skin", "uv": [ 14.0, 41.0, 15.0, 43.5 ] },
																		"south": { "texture": "#skin", "uv": [ 11.0, 41.0, 14.0, 43.5 ] },
																		"west": { "texture": "#skin", "uv": [ 10.0, 41.0, 11.0, 43.5 ] },
																		"down": { "texture": "#skin", "uv": [ 11.0, 43.5, 14.0, 44.5 ], "rotation": 180 }
																	}
																},
																{
																	"name": "R Earbase",
																	"from": [ 2.2, 2.6, 0.1 ],
																	"to": [ 3.2, 3.2, 0.5 ],
																	"unwrapMode": 3,
																	"uv": [ 1.0, 3.5 ],
																	"rotationOrigin": [ 2.7, 2.6, 0.3 ],
																	"rotationY": 25.5,
																	"rotationZ": -51.0,
																	"faces": {
																		"north": { "texture": "#skin", "uv": [ 3.0, 4.0, 4.0, 4.5 ] },
																		"east": { "texture": "#skin", "uv": [ 2.5, 4.0, 3.0, 4.5 ] },
																		"south": { "texture": "#skin", "uv": [ 1.5, 4.0, 2.5, 4.5 ] },
																		"west": { "texture": "#skin", "uv": [ 1.0, 4.0, 1.5, 4.5 ] },
																		"up": { "texture": "#skin", "uv": [ 1.5, 3.5, 2.5, 4.0 ] }
																	},
																	"children": [
																		{
																			"name": "R Eartip",
																			"from": [ 0.0, 0.6, 0.05 ],
																			"to": [ 0.7, 1.3, 0.35 ],
																			"unwrapMode": 3,
																			"uv": [ 1.0, 2.0 ],
																			"rotationOrigin": [ 0.0, 0.6, 0.05 ],
																			"rotationZ": -45.0,
																			"faces": {
																				"north": { "texture": "#skin", "uv": [ 2.0, 2.5, 2.5, 3.0 ] },
																				"south": { "texture": "#skin", "uv": [ 1.5, 2.5, 2.0, 3.0 ] },
																				"west": { "texture": "#skin", "uv": [ 1.0, 2.5, 1.5, 3.0 ], "windMode": [-1,-1,-1,-1] },
																				"up": { "texture": "#skin", "uv": [ 1.5, 2.0, 2.0, 2.5 ] }
																			}
																		}
																	]
																},
																{
																	"name": "L Earbase",
																	"from": [ 2.2, 2.6, 2.7 ],
																	"to": [ 3.2, 3.2, 3.1 ],
																	"unwrapMode": 1,
																	"uv": [ 4.5, 3.5 ],
																	"rotationOrigin": [ 2.7, 2.6, 2.9 ],
																	"rotationY": -25.5,
																	"rotationZ": -45.0,
																	"faces": {
																		"north": { "texture": "#skin", "uv": [ 5.0, 4.0, 6.0, 4.5 ] },
																		"east": { "texture": "#skin", "uv": [ 4.5, 4.0, 5.0, 4.5 ] },
																		"south": { "texture": "#skin", "uv": [ 6.5, 4.0, 7.5, 4.5 ] },
																		"west": { "texture": "#skin", "uv": [ 6.0, 4.0, 6.5, 4.5 ] },
																		"up": { "texture": "#skin", "uv": [ 5.0, 3.5, 6.0, 4.0 ], "rotation": 180 }
																	},
																	"children": [
																		{
																			"name": "L Eartip",
																			"from": [ 0.0, 0.6, 0.05 ],
																			"to": [ 0.7, 1.3, 0.35 ],
																			"unwrapMode": 1,
																			"uv": [ 5.0, 2.0 ],
																			"rotationOrigin": [ 0.0, 0.6, 0.05 ],
																			"rotationZ": -45.0,
																			"faces": {
																				"north": { "texture": "#skin", "uv": [ 5.0, 2.5, 5.5, 3.0 ] },
																				"south": { "texture": "#skin", "uv": [ 6.0, 2.5, 6.5, 3.0 ] },
																				"west": { "texture": "#skin", "uv": [ 5.5, 2.5, 6.0, 3.0 ] },
																				"up": { "texture": "#skin", "uv": [ 5.0, 2.0, 5.5, 2.5 ], "rotation": 180 }
																			}
																		}
																	]
																}
															]
														}
													],
													"attachmentpoints": [
														{
															"code": "rope",
															"posX": "1.0","posY": "0.0","posZ": "1.5",
															"rotationX": "0.0","rotationY": "0.0","rotationZ": "0.0"
														}
													]
												}
											]
										},
										{
											"name": "R Shoulder",
											"from": [ -0.7, 4.4, 0.3 ],
											"to": [ 1.8, 5.4, 1.7 ],
											"unwrapMode": 1,
											"unwrapRotation": 1,
											"uv": [ 41.5, 17.0 ],
											"rotationOrigin": [ 1.8, 5.4, 1.0 ],
											"rotationY": -10.0,
											"rotationZ": 68.0,
											"faces": {
												"north": { "texture": "#skin", "uv": [ 41.5, 18.0, 42.5, 20.5 ], "rotation": 90 },
												"east": { "texture": "#skin", "uv": [ 41.5, 20.5, 42.5, 21.5 ], "rotation": 90 },
												"west": { "texture": "#skin", "uv": [ 41.5, 17.0, 42.5, 18.0 ], "rotation": 90 },
												"down": { "texture": "#skin", "uv": [ 42.5, 18.0, 43.5, 20.5 ], "rotation": 90 }
											},
											"children": [
												{
													"name": "R Arm",
													"from": [ 0.0, -2.7, -0.1 ],
													"to": [ 2.0, 1.0, 1.5 ],
													"unwrapMode": 1,
													"uv": [ 37.5, 20.5 ],
													"rotationOrigin": [ 0.0, 1.0, 0.7 ],
													"rotationX": 10.0,
													"rotationY": 10.0,
													"rotationZ": -47.0,
													"faces": {
														"north": { "texture": "#skin", "uv": [ 39.0, 22.0, 41.0, 25.5 ] },
														"east": { "texture": "#skin", "uv": [ 37.5, 22.0, 39.0, 25.5 ] },
														"south": { "texture": "#skin", "uv": [ 42.5, 22.0, 44.5, 25.5 ] },
														"west": { "texture": "#skin", "uv": [ 41.0, 22.0, 42.5, 25.5 ] },
														"up": { "texture": "#skin", "uv": [ 39.0, 20.5, 41.0, 22.0 ], "rotation": 180 },
														"down": { "texture": "#skin", "uv": [ 39.0, 25.5, 41.0, 27.0 ] }
													},
													"children": [
														{
															"name": "R Lowerarm",
															"from": [ 0.0, -2.3, 0.1 ],
															"to": [ 1.5, 0.2, 1.5 ],
															"unwrapMode": 1,
															"uv": [ 39.0, 27.5 ],
															"rotationOrigin": [ 1.5, 0.0, 0.8 ],
															"rotationZ": -23.0,
															"faces": {
																"north": { "texture": "#skin", "uv": [ 40.0, 28.5, 41.5, 31.0 ] },
																"east": { "texture": "#skin", "uv": [ 39.0, 28.5, 40.0, 31.0 ] },
																"south": { "texture": "#skin", "uv": [ 42.5, 28.5, 44.0, 31.0 ] },
																"west": { "texture": "#skin", "uv": [ 41.5, 28.5, 42.5, 31.0 ] },
																"up": { "texture": "#skin", "uv": [ 40.0, 27.5, 41.5, 28.5 ], "rotation": 180 },
																"down": { "texture": "#skin", "uv": [ 40.0, 31.0, 41.5, 32.0 ] }
															},
															"children": [
																{
																	"name": "R Wrist",
																	"from": [ 0.0, -0.5, 0.2 ],
																	"to": [ 1.0, 0.5, 1.2 ],
																	"unwrapMode": 1,
																	"uv": [ 40.0, 32.5 ],
																	"rotationOrigin": [ 0.5, 0.5, 0.7 ],
																	"rotationX": 5.0,
																	"rotationZ": -12.0,
																	"faces": {
																		"north": { "texture": "#skin", "uv": [ 41.0, 32.5, 42.0, 33.5 ] },
																		"east": { "texture": "#skin", "uv": [ 40.0, 32.5, 41.0, 33.5 ] },
																		"south": { "texture": "#skin", "uv": [ 43.0, 32.5, 44.0, 33.5 ] },
																		"west": { "texture": "#skin", "uv": [ 42.0, 32.5, 43.0, 33.5 ] }
																	},
																	"children": [
																		{
																			"name": "R Hand",
																			"from": [ 0.8, -0.9, -0.25 ],
																			"to": [ 1.3, 0.7, 1.25 ],
																			"unwrapMode": 2,
																			"unwrapRotation": 1,
																			"uv": [ 39.5, 34.0 ],
																			"rotationOrigin": [ 0.8, 0.4, 0.5 ],
																			"rotationZ": -84.0,
																			"faces": {
																				"north": { "texture": "#skin", "uv": [ 40.0, 34.0, 41.5, 34.5 ], "rotation": 90 },
																				"east": { "texture": "#skin", "uv": [ 40.0, 34.5, 41.5, 36.0 ], "rotation": 90 },
																				"south": { "texture": "#skin", "uv": [ 40.0, 36.0, 41.5, 36.5 ], "rotation": 90 },
																				"west": { "texture": "#skin", "uv": [ 42.0, 34.5, 43.5, 36.0 ], "rotation": 270 },
																				"up": { "texture": "#skin", "uv": [ 39.5, 34.5, 40.0, 36.0 ] },
																				"down": { "texture": "#skin", "uv": [ 41.5, 34.5, 42.0, 36.0 ] }
																			},
																			"children": [
																				{
																					"name": "R finger 1",
																					"from": [ 0.05, -0.1, 0.0 ],
																					"to": [ 0.45, 0.5, 0.3 ],
																					"unwrapMode": 4,
																					"uv": [ 39.0, 37.0 ],
																					"rotationOrigin": [ 0.05, 0.5, 0.1 ],
																					"rotationX": 22.5,
																					"rotationZ": 15.0,
																					"faces": {
																						"north": { "texture": "#skin", "uv": [ 39.0, 37.0, 39.5, 37.5 ] },
																						"east": { "texture": "#skin", "uv": [ 40.5, 37.0, 41.0, 37.5 ] },
																						"south": { "texture": "#skin", "uv": [ 40.0, 37.0, 40.5, 37.5 ] },
																						"west": { "texture": "#skin", "uv": [ 39.5, 37.0, 40.0, 37.5 ] },
																						"down": { "texture": "#skin", "uv": [ 39.5, 37.5, 40.0, 38.0 ], "rotation": 90 }
																					},
																					"children": [
																						{
																							"name": "R finger claw 1",
																							"from": [ 0.0, -0.4, 0.05 ],
																							"to": [ 0.2, 0.0, 0.25 ],
																							"unwrapMode": 4,
																							"uv": [ 36.0, 37.0 ],
																							"rotationOrigin": [ 0.0, 0.0, 0.15 ],
																							"rotationZ": 5.0,
																							"faces": {
																								"north": { "texture": "#skin", "uv": [ 36.0, 37.0, 36.5, 37.5 ] },
																								"east": { "texture": "#skin", "uv": [ 37.5, 37.0, 38.0, 37.5 ] },
																								"south": { "texture": "#skin", "uv": [ 37.0, 37.0, 37.5, 37.5 ] },
																								"west": { "texture": "#skin", "uv": [ 36.5, 37.0, 37.0, 37.5 ] },
																								"down": { "texture": "#skin", "uv": [ 36.5, 37.5, 37.0, 38.0 ], "rotation": 90 }
																							}
																						}
																					]
																				},
																				{
																					"name": "R finger 2",
																					"from": [ 0.15, -0.5, 0.2 ],
																					"to": [ 0.45, 0.1, 0.6 ],
																					"unwrapMode": 4,
																					"uv": [ 39.0, 38.5 ],
																					"rotationOrigin": [ 0.15, 0.1, 0.4 ],
																					"rotationX": 12.5,
																					"rotationZ": 10.0,
																					"faces": {
																						"north": { "texture": "#skin", "uv": [ 39.0, 38.5, 39.5, 39.0 ] },
																						"east": { "texture": "#skin", "uv": [ 40.5, 38.5, 41.0, 39.0 ] },
																						"south": { "texture": "#skin", "uv": [ 40.0, 38.5, 40.5, 39.0 ] },
																						"west": { "texture": "#skin", "uv": [ 39.5, 38.5, 40.0, 39.0 ] },
																						"down": { "texture": "#skin", "uv": [ 39.5, 39.0, 40.0, 39.5 ], "rotation": 90 }
																					},
																					"children": [
																						{
																							"name": "R finger claw 2",
																							"from": [ 0.0, -0.4, 0.1 ],
																							"to": [ 0.2, 0.0, 0.3 ],
																							"unwrapMode": 4,
																							"uv": [ 36.0, 37.5 ],
																							"rotationOrigin": [ 0.0, 0.0, 0.2 ],
																							"rotationZ": 5.0,
																							"faces": {
																								"north": { "texture": "#skin", "uv": [ 36.0, 37.5, 36.5, 38.0 ] },
																								"east": { "texture": "#skin", "uv": [ 37.5, 37.5, 38.0, 38.0 ] },
																								"south": { "texture": "#skin", "uv": [ 37.0, 37.5, 37.5, 38.0 ] },
																								"west": { "texture": "#skin", "uv": [ 36.5, 37.5, 37.0, 38.0 ] },
																								"down": { "texture": "#skin", "uv": [ 36.5, 38.0, 37.0, 38.5 ], "rotation": 90 }
																							}
																						}
																					]
																				},
																				{
																					"name": "R finger 3",
																					"from": [ 0.15, -0.7, 0.6 ],
																					"to": [ 0.45, 0.3, 1.0 ],
																					"unwrapMode": 4,
																					"uv": [ 39.0, 40.0 ],
																					"rotationOrigin": [ 0.15, 0.1, 0.8 ],
																					"rotationZ": 5.0,
																					"faces": {
																						"north": { "texture": "#skin", "uv": [ 39.0, 40.0, 39.5, 41.0 ] },
																						"east": { "texture": "#skin", "uv": [ 40.5, 40.0, 41.0, 41.0 ] },
																						"south": { "texture": "#skin", "uv": [ 40.0, 40.0, 40.5, 41.0 ] },
																						"west": { "texture": "#skin", "uv": [ 39.5, 40.0, 40.0, 41.0 ] },
																						"down": { "texture": "#skin", "uv": [ 39.5, 41.0, 40.0, 41.5 ], "rotation": 90 }
																					},
																					"children": [
																						{
																							"name": "R finger claw 3",
																							"from": [ 0.0, -0.5, 0.1 ],
																							"to": [ 0.2, 0.0, 0.3 ],
																							"unwrapMode": 4,
																							"uv": [ 36.0, 38.0 ],
																							"rotationOrigin": [ 0.0, 0.0, 0.2 ],
																							"rotationZ": 5.0,
																							"faces": {
																								"north": { "texture": "#skin", "uv": [ 36.0, 38.0, 36.5, 38.5 ] },
																								"east": { "texture": "#skin", "uv": [ 37.5, 38.0, 38.0, 38.5 ] },
																								"south": { "texture": "#skin", "uv": [ 37.0, 38.0, 37.5, 38.5 ] },
																								"west": { "texture": "#skin", "uv": [ 36.5, 38.0, 37.0, 38.5 ] },
																								"down": { "texture": "#skin", "uv": [ 36.5, 38.5, 37.0, 39.0 ], "rotation": 90 }
																							}
																						}
																					]
																				},
																				{
																					"name": "R finger 4",
																					"from": [ 0.15, -0.7, 1.1 ],
																					"to": [ 0.45, 0.3, 1.5 ],
																					"unwrapMode": 4,
																					"uv": [ 39.0, 42.0 ],
																					"rotationOrigin": [ 0.15, 0.1, 1.3 ],
																					"rotationX": -5.0,
																					"rotationZ": 5.0,
																					"faces": {
																						"north": { "texture": "#skin", "uv": [ 39.0, 42.0, 39.5, 43.0 ] },
																						"east": { "texture": "#skin", "uv": [ 40.5, 42.0, 41.0, 43.0 ] },
																						"south": { "texture": "#skin", "uv": [ 40.0, 42.0, 40.5, 43.0 ] },
																						"west": { "texture": "#skin", "uv": [ 39.5, 42.0, 40.0, 43.0 ] },
																						"down": { "texture": "#skin", "uv": [ 39.5, 43.0, 40.0, 43.5 ], "rotation": 90 }
																					},
																					"children": [
																						{
																							"name": "R finger claw 4",
																							"from": [ 0.0, -0.5, 0.1 ],
																							"to": [ 0.2, 0.0, 0.3 ],
																							"unwrapMode": 4,
																							"uv": [ 36.0, 38.5 ],
																							"rotationOrigin": [ 0.0, 0.0, 0.2 ],
																							"rotationZ": 5.0,
																							"faces": {
																								"north": { "texture": "#skin", "uv": [ 36.0, 38.5, 36.5, 39.0 ] },
																								"east": { "texture": "#skin", "uv": [ 37.5, 38.5, 38.0, 39.0 ] },
																								"south": { "texture": "#skin", "uv": [ 37.0, 38.5, 37.5, 39.0 ] },
																								"west": { "texture": "#skin", "uv": [ 36.5, 38.5, 37.0, 39.0 ] },
																								"down": { "texture": "#skin", "uv": [ 36.5, 39.0, 37.0, 39.5 ], "rotation": 90 }
																							}
																						}
																					]
																				},
																				{
																					"name": "R finger 5",
																					"from": [ 0.05, -0.1, 1.3 ],
																					"to": [ 0.45, 0.5, 1.6 ],
																					"unwrapMode": 4,
																					"uv": [ 39.0, 44.0 ],
																					"rotationOrigin": [ 0.05, 0.5, 1.4 ],
																					"rotationX": -28.0,
																					"rotationZ": 15.0,
																					"faces": {
																						"north": { "texture": "#skin", "uv": [ 39.0, 44.0, 39.5, 44.5 ] },
																						"east": { "texture": "#skin", "uv": [ 40.5, 44.0, 41.0, 44.5 ] },
																						"south": { "texture": "#skin", "uv": [ 40.0, 44.0, 40.5, 44.5 ] },
																						"west": { "texture": "#skin", "uv": [ 39.5, 44.0, 40.0, 44.5 ] },
																						"down": { "texture": "#skin", "uv": [ 39.5, 44.5, 40.0, 45.0 ], "rotation": 90 }
																					},
																					"children": [
																						{
																							"name": "R finger claw 5",
																							"from": [ 0.0, -0.4, 0.05 ],
																							"to": [ 0.2, 0.0, 0.25 ],
																							"unwrapMode": 4,
																							"uv": [ 36.0, 39.0 ],
																							"rotationOrigin": [ 0.0, 0.0, 0.15 ],
																							"rotationZ": 5.0,
																							"faces": {
																								"north": { "texture": "#skin", "uv": [ 36.0, 39.0, 36.5, 39.5 ] },
																								"east": { "texture": "#skin", "uv": [ 37.5, 39.0, 38.0, 39.5 ] },
																								"south": { "texture": "#skin", "uv": [ 37.0, 39.0, 37.5, 39.5 ] },
																								"west": { "texture": "#skin", "uv": [ 36.5, 39.0, 37.0, 39.5 ] },
																								"down": { "texture": "#skin", "uv": [ 36.5, 39.5, 37.0, 40.0 ], "rotation": 90 }
																							}
																						}
																					]
																				}
																			]
																		}
																	]
																}
															]
														}
													]
												}
											]
										},
										{
											"name": "L Shoulder",
											"from": [ -1.7, 4.4, 4.3 ],
											"to": [ 0.8, 5.4, 5.7 ],
											"unwrapMode": 3,
											"unwrapRotation": 1,
											"uv": [ 33.5, 17.0 ],
											"rotationOrigin": [ 1.8, 5.4, 5.0 ],
											"rotationY": 10.0,
											"rotationZ": 40.0,
											"faces": {
												"east": { "texture": "#skin", "uv": [ 33.5, 17.0, 34.5, 18.0 ], "rotation": 90 },
												"south": { "texture": "#skin", "uv": [ 33.5, 18.0, 34.5, 20.5 ], "rotation": 90 },
												"west": { "texture": "#skin", "uv": [ 33.5, 20.5, 34.5, 21.5 ], "rotation": 90 },
												"down": { "texture": "#skin", "uv": [ 34.5, 18.0, 35.5, 20.5 ], "rotation": 270 }
											},
											"children": [
												{
													"name": "L Arm",
													"from": [ 0.0, -2.7, -0.1 ],
													"to": [ 2.0, 1.0, 1.5 ],
													"unwrapMode": 3,
													"uv": [ 29.5, 20.5 ],
													"rotationOrigin": [ 0.0, 1.0, 0.7 ],
													"rotationX": -10.0,
													"rotationY": -10.0,
													"rotationZ": -42.0,
													"faces": {
														"north": { "texture": "#skin", "uv": [ 34.5, 22.0, 36.5, 25.5 ] },
														"east": { "texture": "#skin", "uv": [ 33.0, 22.0, 34.5, 25.5 ] },
														"south": { "texture": "#skin", "uv": [ 31.0, 22.0, 33.0, 25.5 ] },
														"west": { "texture": "#skin", "uv": [ 29.5, 22.0, 31.0, 25.5 ] },
														"up": { "texture": "#skin", "uv": [ 31.0, 20.5, 33.0, 22.0 ] },
														"down": { "texture": "#skin", "uv": [ 31.0, 25.5, 33.0, 27.0 ], "rotation": 180 }
													},
													"children": [
														{
															"name": "L Lowerarm",
															"from": [ 0.0, -2.3, 0.1 ],
															"to": [ 1.5, 0.2, 1.5 ],
															"unwrapMode": 3,
															"uv": [ 31.0, 27.5 ],
															"rotationOrigin": [ 1.5, 0.0, 0.8 ],
															"rotationZ": -53.0,
															"faces": {
																"north": { "texture": "#skin", "uv": [ 34.5, 28.5, 36.0, 31.0 ] },
																"east": { "texture": "#skin", "uv": [ 33.5, 28.5, 34.5, 31.0 ] },
																"south": { "texture": "#skin", "uv": [ 32.0, 28.5, 33.5, 31.0 ] },
																"west": { "texture": "#skin", "uv": [ 31.0, 28.5, 32.0, 31.0 ] },
																"up": { "texture": "#skin", "uv": [ 32.0, 27.5, 33.5, 28.5 ] },
																"down": { "texture": "#skin", "uv": [ 32.0, 31.0, 33.5, 32.0 ], "rotation": 180 }
															},
															"children": [
																{
																	"name": "L Wrist",
																	"from": [ 0.0, -0.5, 0.2 ],
																	"to": [ 1.0, 0.5, 1.2 ],
																	"unwrapMode": 3,
																	"uv": [ 32.0, 32.5 ],
																	"rotationOrigin": [ 0.5, 0.5, 0.7 ],
																	"rotationZ": 27.0,
																	"faces": {
																		"north": { "texture": "#skin", "uv": [ 35.0, 32.5, 36.0, 33.5 ] },
																		"east": { "texture": "#skin", "uv": [ 34.0, 32.5, 35.0, 33.5 ] },
																		"south": { "texture": "#skin", "uv": [ 33.0, 32.5, 34.0, 33.5 ] },
																		"west": { "texture": "#skin", "uv": [ 32.0, 32.5, 33.0, 33.5 ] }
																	},
																	"children": [
																		{
																			"name": "L Hand",
																			"from": [ 0.8, -0.9, -0.25 ],
																			"to": [ 1.3, 0.7, 1.25 ],
																			"unwrapMode": 2,
																			"unwrapRotation": 1,
																			"uv": [ 31.5, 34.0 ],
																			"rotationOrigin": [ 0.8, 0.4, 0.5 ],
																			"rotationZ": -72.0,
																			"faces": {
																				"north": { "texture": "#skin", "uv": [ 32.0, 34.0, 33.5, 34.5 ], "rotation": 90 },
																				"east": { "texture": "#skin", "uv": [ 32.0, 34.5, 33.5, 36.0 ], "rotation": 90 },
																				"south": { "texture": "#skin", "uv": [ 32.0, 36.0, 33.5, 36.5 ], "rotation": 90 },
																				"west": { "texture": "#skin", "uv": [ 34.0, 34.5, 35.5, 36.0 ], "rotation": 270 },
																				"up": { "texture": "#skin", "uv": [ 31.5, 34.5, 32.0, 36.0 ] },
																				"down": { "texture": "#skin", "uv": [ 33.5, 34.5, 34.0, 36.0 ] }
																			},
																			"children": [
																				{
																					"name": "L finger 1",
																					"from": [ 0.05, -0.1, 1.2 ],
																					"to": [ 0.45, 0.5, 1.5 ],
																					"unwrapMode": 4,
																					"uv": [ 31.0, 37.0 ],
																					"rotationOrigin": [ 0.05, 0.5, 1.3 ],
																					"rotationX": -22.5,
																					"rotationZ": 15.0,
																					"faces": {
																						"north": { "texture": "#skin", "uv": [ 31.0, 37.0, 31.5, 37.5 ] },
																						"east": { "texture": "#skin", "uv": [ 32.5, 37.0, 33.0, 37.5 ] },
																						"south": { "texture": "#skin", "uv": [ 32.0, 37.0, 32.5, 37.5 ] },
																						"west": { "texture": "#skin", "uv": [ 31.5, 37.0, 32.0, 37.5 ] },
																						"down": { "texture": "#skin", "uv": [ 31.5, 37.5, 32.0, 38.0 ], "rotation": 90 }
																					},
																					"children": [
																						{
																							"name": "L finger claw 1",
																							"from": [ 0.0, -0.4, 0.05 ],
																							"to": [ 0.2, 0.0, 0.25 ],
																							"unwrapMode": 4,
																							"uv": [ 34.0, 37.0 ],
																							"rotationOrigin": [ 0.0, 0.0, 0.15 ],
																							"rotationZ": 5.0,
																							"faces": {
																								"north": { "texture": "#skin", "uv": [ 34.0, 37.0, 34.5, 37.5 ] },
																								"east": { "texture": "#skin", "uv": [ 35.5, 37.0, 36.0, 37.5 ] },
																								"south": { "texture": "#skin", "uv": [ 35.0, 37.0, 35.5, 37.5 ] },
																								"west": { "texture": "#skin", "uv": [ 34.5, 37.0, 35.0, 37.5 ] },
																								"down": { "texture": "#skin", "uv": [ 34.5, 37.5, 35.0, 38.0 ], "rotation": 90 }
																							}
																						}
																					]
																				},
																				{
																					"name": "L finger 2",
																					"from": [ 0.15, -0.5, 0.9 ],
																					"to": [ 0.45, 0.1, 1.3 ],
																					"unwrapMode": 4,
																					"uv": [ 31.0, 38.5 ],
																					"rotationOrigin": [ 0.15, 0.1, 1.1 ],
																					"rotationX": -12.5,
																					"rotationZ": 10.0,
																					"faces": {
																						"north": { "texture": "#skin", "uv": [ 31.0, 38.5, 31.5, 39.0 ] },
																						"east": { "texture": "#skin", "uv": [ 32.5, 38.5, 33.0, 39.0 ] },
																						"south": { "texture": "#skin", "uv": [ 32.0, 38.5, 32.5, 39.0 ] },
																						"west": { "texture": "#skin", "uv": [ 31.5, 38.5, 32.0, 39.0 ] },
																						"down": { "texture": "#skin", "uv": [ 31.5, 39.0, 32.0, 39.5 ], "rotation": 90 }
																					},
																					"children": [
																						{
																							"name": "L finger claw 2",
																							"from": [ 0.0, -0.4, 0.1 ],
																							"to": [ 0.2, 0.0, 0.3 ],
																							"unwrapMode": 4,
																							"uv": [ 34.0, 37.5 ],
																							"rotationOrigin": [ 0.0, 0.0, 0.2 ],
																							"rotationZ": 5.0,
																							"faces": {
																								"north": { "texture": "#skin", "uv": [ 34.0, 37.5, 34.5, 38.0 ] },
																								"east": { "texture": "#skin", "uv": [ 35.5, 37.5, 36.0, 38.0 ] },
																								"south": { "texture": "#skin", "uv": [ 35.0, 37.5, 35.5, 38.0 ] },
																								"west": { "texture": "#skin", "uv": [ 34.5, 37.5, 35.0, 38.0 ] },
																								"down": { "texture": "#skin", "uv": [ 34.5, 38.0, 35.0, 38.5 ], "rotation": 90 }
																							}
																						}
																					]
																				},
																				{
																					"name": "L finger 3",
																					"from": [ 0.15, -0.7, 0.5 ],
																					"to": [ 0.45, 0.3, 0.9 ],
																					"unwrapMode": 4,
																					"uv": [ 31.0, 40.0 ],
																					"rotationOrigin": [ 0.15, 0.1, 0.7 ],
																					"rotationZ": 5.0,
																					"faces": {
																						"north": { "texture": "#skin", "uv": [ 31.0, 40.0, 31.5, 41.0 ] },
																						"east": { "texture": "#skin", "uv": [ 32.5, 40.0, 33.0, 41.0 ] },
																						"south": { "texture": "#skin", "uv": [ 32.0, 40.0, 32.5, 41.0 ] },
																						"west": { "texture": "#skin", "uv": [ 31.5, 40.0, 32.0, 41.0 ] },
																						"down": { "texture": "#skin", "uv": [ 31.5, 41.0, 32.0, 41.5 ], "rotation": 90 }
																					},
																					"children": [
																						{
																							"name": "L finger claw 3",
																							"from": [ 0.0, -0.5, 0.1 ],
																							"to": [ 0.2, 0.0, 0.3 ],
																							"unwrapMode": 4,
																							"uv": [ 34.0, 38.0 ],
																							"rotationOrigin": [ 0.0, 0.0, 0.2 ],
																							"rotationZ": 5.0,
																							"faces": {
																								"north": { "texture": "#skin", "uv": [ 34.0, 38.0, 34.5, 38.5 ] },
																								"east": { "texture": "#skin", "uv": [ 35.5, 38.0, 36.0, 38.5 ] },
																								"south": { "texture": "#skin", "uv": [ 35.0, 38.0, 35.5, 38.5 ] },
																								"west": { "texture": "#skin", "uv": [ 34.5, 38.0, 35.0, 38.5 ] },
																								"down": { "texture": "#skin", "uv": [ 34.5, 38.5, 35.0, 39.0 ], "rotation": 90 }
																							}
																						}
																					]
																				},
																				{
																					"name": "L finger 4",
																					"from": [ 0.15, -0.7, 0.0 ],
																					"to": [ 0.45, 0.3, 0.4 ],
																					"unwrapMode": 4,
																					"uv": [ 31.0, 42.0 ],
																					"rotationOrigin": [ 0.15, 0.1, 0.2 ],
																					"rotationX": 5.0,
																					"rotationZ": 5.0,
																					"faces": {
																						"north": { "texture": "#skin", "uv": [ 31.0, 42.0, 31.5, 43.0 ] },
																						"east": { "texture": "#skin", "uv": [ 32.5, 42.0, 33.0, 43.0 ] },
																						"south": { "texture": "#skin", "uv": [ 32.0, 42.0, 32.5, 43.0 ] },
																						"west": { "texture": "#skin", "uv": [ 31.5, 42.0, 32.0, 43.0 ] },
																						"down": { "texture": "#skin", "uv": [ 31.5, 43.0, 32.0, 43.5 ], "rotation": 90 }
																					},
																					"children": [
																						{
																							"name": "L finger claw 4",
																							"from": [ 0.0, -0.5, 0.1 ],
																							"to": [ 0.2, 0.0, 0.3 ],
																							"unwrapMode": 4,
																							"uv": [ 34.0, 38.5 ],
																							"rotationOrigin": [ 0.0, 0.0, 0.2 ],
																							"rotationZ": 5.0,
																							"faces": {
																								"north": { "texture": "#skin", "uv": [ 34.0, 38.5, 34.5, 39.0 ] },
																								"east": { "texture": "#skin", "uv": [ 35.5, 38.5, 36.0, 39.0 ] },
																								"south": { "texture": "#skin", "uv": [ 35.0, 38.5, 35.5, 39.0 ] },
																								"west": { "texture": "#skin", "uv": [ 34.5, 38.5, 35.0, 39.0 ] },
																								"down": { "texture": "#skin", "uv": [ 34.5, 39.0, 35.0, 39.5 ], "rotation": 90 }
																							}
																						}
																					]
																				},
																				{
																					"name": "L finger 5",
																					"from": [ 0.05, -0.1, -0.1 ],
																					"to": [ 0.45, 0.5, 0.2 ],
																					"unwrapMode": 4,
																					"uv": [ 31.0, 44.0 ],
																					"rotationOrigin": [ 0.05, 0.5, 0.0 ],
																					"rotationX": 28.0,
																					"rotationZ": 15.0,
																					"faces": {
																						"north": { "texture": "#skin", "uv": [ 31.0, 44.0, 31.5, 44.5 ] },
																						"east": { "texture": "#skin", "uv": [ 32.5, 44.0, 33.0, 44.5 ] },
																						"south": { "texture": "#skin", "uv": [ 32.0, 44.0, 32.5, 44.5 ] },
																						"west": { "texture": "#skin", "uv": [ 31.5, 44.0, 32.0, 44.5 ] },
																						"down": { "texture": "#skin", "uv": [ 31.5, 44.5, 32.0, 45.0 ], "rotation": 90 }
																					},
																					"children": [
																						{
																							"name": "L finger claw 5",
																							"from": [ 0.0, -0.4, 0.05 ],
																							"to": [ 0.2, 0.0, 0.25 ],
																							"unwrapMode": 4,
																							"uv": [ 34.0, 39.0 ],
																							"rotationOrigin": [ 0.0, 0.0, 0.15 ],
																							"rotationZ": 5.0,
																							"faces": {
																								"north": { "texture": "#skin", "uv": [ 34.0, 39.0, 34.5, 39.5 ] },
																								"east": { "texture": "#skin", "uv": [ 35.5, 39.0, 36.0, 39.5 ] },
																								"south": { "texture": "#skin", "uv": [ 35.0, 39.0, 35.5, 39.5 ] },
																								"west": { "texture": "#skin", "uv": [ 34.5, 39.0, 35.0, 39.5 ] },
																								"down": { "texture": "#skin", "uv": [ 34.5, 39.5, 35.0, 40.0 ], "rotation": 90 }
																							}
																						}
																					]
																				}
																			]
																		}
																	]
																}
															]
														}
													]
												}
											]
										}
									]
								}
							]
						},
						{
							"name": "Tail01",
							"from": [ 4.1, 3.2, 2.5 ],
							"to": [ 5.4, 4.2, 3.5 ],
							"unwrapMode": 7,
							"uv": [ 2.0, 27.5 ],
							"rotationOrigin": [ 4.4, 4.2, 3.0 ],
							"faces": {
								"north": { "texture": "#skin", "uv": [ 4.0, 27.5, 5.0, 28.5 ] },
								"east": { "texture": "#skin", "uv": [ 3.0, 28.5, 4.0, 29.5 ], "rotation": 270, "windMode": [-1,-1,-1,-1] },
								"south": { "texture": "#skin", "uv": [ 2.0, 27.5, 3.0, 28.5 ], "rotation": 180 },
								"up": { "texture": "#skin", "uv": [ 3.0, 27.5, 4.0, 28.5 ], "rotation": 180 },
								"down": { "texture": "#skin", "uv": [ 5.0, 27.5, 6.0, 28.5 ] }
							}
						},
						{
							"name": "R Thigh",
							"from": [ 2.0, 0.0, -0.1 ],
							"to": [ 4.0, 3.5, 1.9 ],
							"unwrapMode": 1,
							"uv": [ 34.5, 1.0 ],
							"rotationOrigin": [ 3.0, 3.0, 0.4 ],
							"rotationX": 10.0,
							"rotationZ": 50.0,
							"faces": {
								"north": { "texture": "#skin", "uv": [ 36.5, 3.0, 38.5, 6.5 ] },
								"east": { "texture": "#skin", "uv": [ 34.5, 3.0, 36.5, 6.5 ] },
								"south": { "texture": "#skin", "uv": [ 40.5, 3.0, 42.5, 6.5 ] },
								"west": { "texture": "#skin", "uv": [ 38.5, 3.0, 40.5, 6.5 ] },
								"up": { "texture": "#skin", "uv": [ 36.5, 1.0, 38.5, 3.0 ], "rotation": 180 },
								"down": { "texture": "#skin", "uv": [ 36.5, 6.5, 38.5, 8.5 ] }
							},
							"children": [
								{
									"name": "R Lowerleg",
									"from": [ 0.0, 0.0, 0.2 ],
									"to": [ 2.5, 1.6, 1.8 ],
									"unwrapMode": 1,
									"unwrapRotation": 1,
									"uv": [ 35.0, 9.0 ],
									"rotationOrigin": [ 0.0, 0.0, 1.0 ],
									"rotationX": 5.0,
									"rotationZ": -45.0,
									"faces": {
										"north": { "texture": "#skin", "uv": [ 36.5, 10.5, 38.0, 13.0 ], "rotation": 90 },
										"east": { "texture": "#skin", "uv": [ 36.5, 13.0, 38.0, 14.5 ], "rotation": 90 },
										"south": { "texture": "#skin", "uv": [ 39.5, 10.5, 41.0, 13.0 ], "rotation": 270 },
										"west": { "texture": "#skin", "uv": [ 36.5, 9.0, 38.0, 10.5 ], "rotation": 90 },
										"up": { "texture": "#skin", "uv": [ 35.0, 10.5, 36.5, 13.0 ], "rotation": 270 },
										"down": { "texture": "#skin", "uv": [ 38.0, 10.5, 39.5, 13.0 ], "rotation": 90 }
									},
									"children": [
										{
											"name": "R Ankle",
											"from": [ 1.8, 0.4, 0.3 ],
											"to": [ 2.8, 1.4, 1.3 ],
											"unwrapMode": 1,
											"unwrapRotation": 1,
											"uv": [ 38.5, 13.5 ],
											"rotationOrigin": [ 1.8, 0.9, 0.8 ],
											"rotationZ": 17.0,
											"faces": {
												"north": { "texture": "#skin", "uv": [ 39.5, 13.5, 40.5, 14.5 ], "rotation": 90 },
												"south": { "texture": "#skin", "uv": [ 41.5, 13.5, 42.5, 14.5 ], "rotation": 270 },
												"up": { "texture": "#skin", "uv": [ 38.5, 13.5, 39.5, 14.5 ], "rotation": 270 },
												"down": { "texture": "#skin", "uv": [ 40.5, 13.5, 41.5, 14.5 ], "rotation": 90 }
											},
											"children": [
												{
													"name": "R Foot",
													"from": [ 0.6, -0.5, -0.25 ],
													"to": [ 1.1, 1.1, 1.25 ],
													"unwrapMode": 2,
													"unwrapRotation": 1,
													"uv": [ 36.0, 15.0 ],
													"rotationOrigin": [ 0.6, 0.8, 0.5 ],
													"rotationX": 36.0,
													"rotationZ": 22.0,
													"faces": {
														"north": { "texture": "#skin", "uv": [ 36.5, 15.0, 38.0, 15.5 ], "rotation": 90 },
														"east": { "texture": "#skin", "uv": [ 36.5, 15.5, 38.0, 17.0 ], "rotation": 90 },
														"south": { "texture": "#skin", "uv": [ 36.5, 17.0, 38.0, 17.5 ], "rotation": 90 },
														"west": { "texture": "#skin", "uv": [ 38.5, 15.5, 40.0, 17.0 ], "rotation": 270 },
														"up": { "texture": "#skin", "uv": [ 36.0, 15.5, 36.5, 17.0 ] },
														"down": { "texture": "#skin", "uv": [ 38.0, 15.5, 38.5, 17.0 ] }
													},
													"children": [
														{
															"name": "R toe 1",
															"from": [ 0.05, -0.1, 0.0 ],
															"to": [ 0.45, 0.5, 0.3 ],
															"unwrapMode": 4,
															"uv": [ 40.5, 15.0 ],
															"rotationOrigin": [ 0.05, 0.5, 0.1 ],
															"rotationX": 22.5,
															"rotationZ": 15.0,
															"faces": {
																"north": { "texture": "#skin", "uv": [ 40.5, 15.0, 41.0, 15.5 ] },
																"east": { "texture": "#skin", "uv": [ 42.0, 15.0, 42.5, 15.5 ] },
																"south": { "texture": "#skin", "uv": [ 41.5, 15.0, 42.0, 15.5 ] },
																"west": { "texture": "#skin", "uv": [ 41.0, 15.0, 41.5, 15.5 ] },
																"down": { "texture": "#skin", "uv": [ 41.0, 15.5, 41.5, 16.0 ], "rotation": 90, "windMode": [-1,-1,-1,-1] }
															},
															"children": [
																{
																	"name": "R toe claw 1",
																	"from": [ 0.0, -0.4, 0.05 ],
																	"to": [ 0.2, 0.0, 0.25 ],
																	"unwrapMode": 4,
																	"uv": [ 36.0, 39.5 ],
																	"rotationOrigin": [ 0.0, 0.0, 0.15 ],
																	"rotationZ": 5.0,
																	"faces": {
																		"north": { "texture": "#skin", "uv": [ 36.0, 39.5, 36.5, 40.0 ] },
																		"east": { "texture": "#skin", "uv": [ 37.5, 39.5, 38.0, 40.0 ] },
																		"south": { "texture": "#skin", "uv": [ 37.0, 39.5, 37.5, 40.0 ] },
																		"west": { "texture": "#skin", "uv": [ 36.5, 39.5, 37.0, 40.0 ] },
																		"down": { "texture": "#skin", "uv": [ 36.5, 40.0, 37.0, 40.5 ], "rotation": 90 }
																	}
																}
															]
														},
														{
															"name": "R toe 2",
															"from": [ 0.15, -0.5, 0.2 ],
															"to": [ 0.45, 0.1, 0.6 ],
															"unwrapMode": 4,
															"uv": [ 38.5, 17.5 ],
															"rotationOrigin": [ 0.15, 0.1, 0.4 ],
															"rotationX": 12.5,
															"rotationZ": 10.0,
															"faces": {
																"north": { "texture": "#skin", "uv": [ 38.5, 17.5, 39.0, 18.0 ] },
																"east": { "texture": "#skin", "uv": [ 40.0, 17.5, 40.5, 18.0 ] },
																"south": { "texture": "#skin", "uv": [ 39.5, 17.5, 40.0, 18.0 ] },
																"west": { "texture": "#skin", "uv": [ 39.0, 17.5, 39.5, 18.0 ] },
																"down": { "texture": "#skin", "uv": [ 39.0, 18.0, 39.5, 18.5 ], "rotation": 90 }
															},
															"children": [
																{
																	"name": "R toe claw 2",
																	"from": [ 0.0, -0.4, 0.1 ],
																	"to": [ 0.2, 0.0, 0.3 ],
																	"unwrapMode": 4,
																	"uv": [ 36.0, 40.0 ],
																	"rotationOrigin": [ 0.0, 0.0, 0.2 ],
																	"rotationZ": 5.0,
																	"faces": {
																		"north": { "texture": "#skin", "uv": [ 36.0, 40.0, 36.5, 40.5 ] },
																		"east": { "texture": "#skin", "uv": [ 37.5, 40.0, 38.0, 40.5 ] },
																		"south": { "texture": "#skin", "uv": [ 37.0, 40.0, 37.5, 40.5 ] },
																		"west": { "texture": "#skin", "uv": [ 36.5, 40.0, 37.0, 40.5 ] },
																		"down": { "texture": "#skin", "uv": [ 36.5, 40.5, 37.0, 41.0 ], "rotation": 90 }
																	}
																}
															]
														},
														{
															"name": "R toe 3",
															"from": [ 0.15, -0.7, 0.6 ],
															"to": [ 0.45, 0.3, 1.0 ],
															"unwrapMode": 4,
															"uv": [ 39.0, 7.0 ],
															"rotationOrigin": [ 0.15, 0.1, 0.8 ],
															"rotationZ": 5.0,
															"faces": {
																"north": { "texture": "#skin", "uv": [ 39.0, 7.0, 39.5, 8.0 ] },
																"east": { "texture": "#skin", "uv": [ 40.5, 7.0, 41.0, 8.0 ] },
																"south": { "texture": "#skin", "uv": [ 40.0, 7.0, 40.5, 8.0 ] },
																"west": { "texture": "#skin", "uv": [ 39.5, 7.0, 40.0, 8.0 ] },
																"down": { "texture": "#skin", "uv": [ 39.5, 8.0, 40.0, 8.5 ], "rotation": 90 }
															},
															"children": [
																{
																	"name": "R toe claw 3",
																	"from": [ 0.0, -0.5, 0.1 ],
																	"to": [ 0.2, 0.0, 0.3 ],
																	"unwrapMode": 4,
																	"uv": [ 36.0, 40.5 ],
																	"rotationOrigin": [ 0.0, 0.0, 0.2 ],
																	"rotationZ": 5.0,
																	"faces": {
																		"north": { "texture": "#skin", "uv": [ 36.0, 40.5, 36.5, 41.0 ] },
																		"east": { "texture": "#skin", "uv": [ 37.5, 40.5, 38.0, 41.0 ] },
																		"south": { "texture": "#skin", "uv": [ 37.0, 40.5, 37.5, 41.0 ] },
																		"west": { "texture": "#skin", "uv": [ 36.5, 40.5, 37.0, 41.0 ] },
																		"down": { "texture": "#skin", "uv": [ 36.5, 41.0, 37.0, 41.5 ], "rotation": 90 }
																	}
																}
															]
														},
														{
															"name": "R toe 4",
															"from": [ 0.15, -0.7, 1.1 ],
															"to": [ 0.45, 0.3, 1.5 ],
															"unwrapMode": 4,
															"uv": [ 40.5, 8.5 ],
															"rotationOrigin": [ 0.15, 0.1, 1.3 ],
															"rotationX": -5.0,
															"rotationZ": 5.0,
															"faces": {
																"north": { "texture": "#skin", "uv": [ 40.5, 8.5, 41.0, 9.5 ] },
																"east": { "texture": "#skin", "uv": [ 42.0, 8.5, 42.5, 9.5 ] },
																"south": { "texture": "#skin", "uv": [ 41.5, 8.5, 42.0, 9.5 ] },
																"west": { "texture": "#skin", "uv": [ 41.0, 8.5, 41.5, 9.5 ] },
																"down": { "texture": "#skin", "uv": [ 41.0, 9.5, 41.5, 10.0 ], "rotation": 90 }
															},
															"children": [
																{
																	"name": "R toe claw 4",
																	"from": [ 0.0, -0.5, 0.1 ],
																	"to": [ 0.2, 0.0, 0.3 ],
																	"unwrapMode": 4,
																	"uv": [ 36.0, 41.0 ],
																	"rotationOrigin": [ 0.0, 0.0, 0.2 ],
																	"rotationZ": 5.0,
																	"faces": {
																		"north": { "texture": "#skin", "uv": [ 36.0, 41.0, 36.5, 41.5 ] },
																		"east": { "texture": "#skin", "uv": [ 37.5, 41.0, 38.0, 41.5 ] },
																		"south": { "texture": "#skin", "uv": [ 37.0, 41.0, 37.5, 41.5 ] },
																		"west": { "texture": "#skin", "uv": [ 36.5, 41.0, 37.0, 41.5 ] },
																		"down": { "texture": "#skin", "uv": [ 36.5, 41.5, 37.0, 42.0 ], "rotation": 90 }
																	}
																}
															]
														}
													]
												}
											]
										}
									]
								}
							]
						},
						{
							"name": "L Thigh",
							"from": [ 2.0, -0.7, 4.1 ],
							"to": [ 4.0, 2.8, 6.1 ],
							"unwrapMode": 3,
							"uv": [ 25.5, 1.0 ],
							"rotationOrigin": [ 3.0, 3.0, 5.6 ],
							"rotationX": -4.6667,
							"rotationZ": 8.0,
							"faces": {
								"north": { "texture": "#skin", "uv": [ 31.5, 3.0, 33.5, 6.5 ] },
								"east": { "texture": "#skin", "uv": [ 29.5, 3.0, 31.5, 6.5 ] },
								"south": { "texture": "#skin", "uv": [ 27.5, 3.0, 29.5, 6.5 ] },
								"west": { "texture": "#skin", "uv": [ 25.5, 3.0, 27.5, 6.5 ] },
								"up": { "texture": "#skin", "uv": [ 27.5, 1.0, 29.5, 3.0 ] },
								"down": { "texture": "#skin", "uv": [ 27.5, 6.5, 29.5, 8.5 ], "rotation": 180 }
							},
							"children": [
								{
									"name": "L Lowerleg",
									"from": [ 0.0, 0.0, 0.2 ],
									"to": [ 2.5, 1.6, 1.8 ],
									"unwrapMode": 3,
									"unwrapRotation": 1,
									"uv": [ 26.0, 9.0 ],
									"rotationOrigin": [ 0.0, 0.0, 1.0 ],
									"rotationX": 4.0,
									"rotationZ": -51.0,
									"faces": {
										"north": { "texture": "#skin", "uv": [ 30.5, 10.5, 32.0, 13.0 ], "rotation": 270 },
										"east": { "texture": "#skin", "uv": [ 27.5, 9.0, 29.0, 10.5 ], "rotation": 90 },
										"south": { "texture": "#skin", "uv": [ 27.5, 10.5, 29.0, 13.0 ], "rotation": 90 },
										"west": { "texture": "#skin", "uv": [ 27.5, 13.0, 29.0, 14.5 ], "rotation": 90 },
										"up": { "texture": "#skin", "uv": [ 26.0, 10.5, 27.5, 13.0 ], "rotation": 90 },
										"down": { "texture": "#skin", "uv": [ 29.0, 10.5, 30.5, 13.0 ], "rotation": 270 }
									},
									"children": [
										{
											"name": "L Ankle",
											"from": [ 1.8, 0.4, 0.3 ],
											"to": [ 2.8, 1.4, 1.3 ],
											"unwrapMode": 3,
											"unwrapRotation": 1,
											"uv": [ 29.5, 13.5 ],
											"rotationOrigin": [ 1.8, 0.9, 0.8 ],
											"rotationZ": -11.0,
											"faces": {
												"north": { "texture": "#skin", "uv": [ 32.5, 13.5, 33.5, 14.5 ], "rotation": 270 },
												"south": { "texture": "#skin", "uv": [ 30.5, 13.5, 31.5, 14.5 ], "rotation": 90 },
												"up": { "texture": "#skin", "uv": [ 29.5, 13.5, 30.5, 14.5 ], "rotation": 90 },
												"down": { "texture": "#skin", "uv": [ 31.5, 13.5, 32.5, 14.5 ], "rotation": 270 }
											},
											"children": [
												{
													"name": "L Foot",
													"from": [ 0.6, -0.5, -0.25 ],
													"to": [ 1.1, 1.1, 1.25 ],
													"unwrapMode": 2,
													"unwrapRotation": 1,
													"uv": [ 27.0, 15.0 ],
													"rotationOrigin": [ 0.6, 0.8, 0.5 ],
													"rotationX": 3.0,
													"rotationZ": 6.0,
													"faces": {
														"north": { "texture": "#skin", "uv": [ 27.5, 15.0, 29.0, 15.5 ], "rotation": 90 },
														"east": { "texture": "#skin", "uv": [ 27.5, 15.5, 29.0, 17.0 ], "rotation": 90 },
														"south": { "texture": "#skin", "uv": [ 27.5, 17.0, 29.0, 17.5 ], "rotation": 90 },
														"west": { "texture": "#skin", "uv": [ 29.5, 15.5, 31.0, 17.0 ], "rotation": 270 },
														"up": { "texture": "#skin", "uv": [ 27.0, 15.5, 27.5, 17.0 ] },
														"down": { "texture": "#skin", "uv": [ 29.0, 15.5, 29.5, 17.0 ] }
													},
													"children": [
														{
															"name": "L toe 1",
															"from": [ 0.05, -0.1, 1.2 ],
															"to": [ 0.45, 0.5, 1.5 ],
															"unwrapMode": 4,
															"uv": [ 31.5, 15.0 ],
															"rotationOrigin": [ 0.05, 0.5, 1.3 ],
															"rotationX": -22.5,
															"rotationZ": 15.0,
															"faces": {
																"north": { "texture": "#skin", "uv": [ 31.5, 15.0, 32.0, 15.5 ] },
																"east": { "texture": "#skin", "uv": [ 33.0, 15.0, 33.5, 15.5 ] },
																"south": { "texture": "#skin", "uv": [ 32.5, 15.0, 33.0, 15.5 ] },
																"west": { "texture": "#skin", "uv": [ 32.0, 15.0, 32.5, 15.5 ] },
																"down": { "texture": "#skin", "uv": [ 32.0, 15.5, 32.5, 16.0 ], "rotation": 90 }
															},
															"children": [
																{
																	"name": "L toe claw 1",
																	"from": [ 0.0, -0.4, 0.05 ],
																	"to": [ 0.2, 0.0, 0.25 ],
																	"unwrapMode": 4,
																	"uv": [ 34.0, 39.5 ],
																	"rotationOrigin": [ 0.0, 0.0, 0.05 ],
																	"faces": {
																		"north": { "texture": "#skin", "uv": [ 34.0, 39.5, 34.5, 40.0 ] },
																		"east": { "texture": "#skin", "uv": [ 35.5, 39.5, 36.0, 40.0 ] },
																		"south": { "texture": "#skin", "uv": [ 35.0, 39.5, 35.5, 40.0 ] },
																		"west": { "texture": "#skin", "uv": [ 34.5, 39.5, 35.0, 40.0 ] },
																		"down": { "texture": "#skin", "uv": [ 34.5, 40.0, 35.0, 40.5 ], "rotation": 90 }
																	}
																}
															]
														},
														{
															"name": "L toe 2",
															"from": [ 0.15, -0.5, 0.9 ],
															"to": [ 0.45, 0.1, 1.3 ],
															"unwrapMode": 4,
															"uv": [ 29.5, 17.5 ],
															"rotationOrigin": [ 0.15, 0.1, 1.1 ],
															"rotationX": -12.5,
															"rotationZ": 10.0,
															"faces": {
																"north": { "texture": "#skin", "uv": [ 29.5, 17.5, 30.0, 18.0 ] },
																"east": { "texture": "#skin", "uv": [ 31.0, 17.5, 31.5, 18.0 ] },
																"south": { "texture": "#skin", "uv": [ 30.5, 17.5, 31.0, 18.0 ] },
																"west": { "texture": "#skin", "uv": [ 30.0, 17.5, 30.5, 18.0 ] },
																"down": { "texture": "#skin", "uv": [ 30.0, 18.0, 30.5, 18.5 ], "rotation": 90 }
															},
															"children": [
																{
																	"name": "L toe claw 2",
																	"from": [ 0.0, -0.4, 0.1 ],
																	"to": [ 0.2, 0.0, 0.3 ],
																	"unwrapMode": 4,
																	"uv": [ 34.0, 40.0 ],
																	"rotationOrigin": [ 0.0, 0.0, 0.2 ],
																	"rotationZ": 5.0,
																	"faces": {
																		"north": { "texture": "#skin", "uv": [ 34.0, 40.0, 34.5, 40.5 ] },
																		"east": { "texture": "#skin", "uv": [ 35.5, 40.0, 36.0, 40.5 ] },
																		"south": { "texture": "#skin", "uv": [ 35.0, 40.0, 35.5, 40.5 ] },
																		"west": { "texture": "#skin", "uv": [ 34.5, 40.0, 35.0, 40.5 ] },
																		"down": { "texture": "#skin", "uv": [ 34.5, 40.5, 35.0, 41.0 ], "rotation": 90 }
																	}
																}
															]
														},
														{
															"name": "L toe 3",
															"from": [ 0.15, -0.7, 0.5 ],
															"to": [ 0.45, 0.3, 0.9 ],
															"unwrapMode": 4,
															"uv": [ 30.0, 7.0 ],
															"rotationOrigin": [ 0.15, 0.1, 0.7 ],
															"rotationZ": 5.0,
															"faces": {
																"north": { "texture": "#skin", "uv": [ 30.0, 7.0, 30.5, 8.0 ] },
																"east": { "texture": "#skin", "uv": [ 31.5, 7.0, 32.0, 8.0 ] },
																"south": { "texture": "#skin", "uv": [ 31.0, 7.0, 31.5, 8.0 ] },
																"west": { "texture": "#skin", "uv": [ 30.5, 7.0, 31.0, 8.0 ] },
																"down": { "texture": "#skin", "uv": [ 30.5, 8.0, 31.0, 8.5 ], "rotation": 90 }
															},
															"children": [
																{
																	"name": "L toe claw 3",
																	"from": [ 0.0, -0.5, 0.1 ],
																	"to": [ 0.2, 0.0, 0.3 ],
																	"unwrapMode": 4,
																	"uv": [ 34.0, 40.5 ],
																	"rotationOrigin": [ 0.0, 0.0, 0.2 ],
																	"rotationZ": 5.0,
																	"faces": {
																		"north": { "texture": "#skin", "uv": [ 34.0, 40.5, 34.5, 41.0 ] },
																		"east": { "texture": "#skin", "uv": [ 35.5, 40.5, 36.0, 41.0 ] },
																		"south": { "texture": "#skin", "uv": [ 35.0, 40.5, 35.5, 41.0 ] },
																		"west": { "texture": "#skin", "uv": [ 34.5, 40.5, 35.0, 41.0 ] },
																		"down": { "texture": "#skin", "uv": [ 34.5, 41.0, 35.0, 41.5 ], "rotation": 90 }
																	}
																}
															]
														},
														{
															"name": "L toe 4",
															"from": [ 0.15, -0.7, 0.0 ],
															"to": [ 0.45, 0.3, 0.4 ],
															"unwrapMode": 4,
															"uv": [ 31.5, 8.5 ],
															"rotationOrigin": [ 0.15, 0.1, 0.2 ],
															"rotationX": 5.0,
															"rotationZ": 5.0,
															"faces": {
																"north": { "texture": "#skin", "uv": [ 31.5, 8.5, 32.0, 9.5 ] },
																"east": { "texture": "#skin", "uv": [ 33.0, 8.5, 33.5, 9.5 ] },
																"south": { "texture": "#skin", "uv": [ 32.5, 8.5, 33.0, 9.5 ] },
																"west": { "texture": "#skin", "uv": [ 32.0, 8.5, 32.5, 9.5 ] },
																"down": { "texture": "#skin", "uv": [ 32.0, 9.5, 32.5, 10.0 ], "rotation": 90 }
															},
															"children": [
																{
																	"name": "L toe claw 4",
																	"from": [ 0.0, -0.5, 0.1 ],
																	"to": [ 0.2, 0.0, 0.3 ],
																	"unwrapMode": 4,
																	"uv": [ 34.0, 41.0 ],
																	"rotationOrigin": [ 0.0, 0.0, 0.2 ],
																	"rotationZ": 5.0,
																	"faces": {
																		"north": { "texture": "#skin", "uv": [ 34.0, 41.0, 34.5, 41.5 ] },
																		"east": { "texture": "#skin", "uv": [ 35.5, 41.0, 36.0, 41.5 ] },
																		"south": { "texture": "#skin", "uv": [ 35.0, 41.0, 35.5, 41.5 ] },
																		"west": { "texture": "#skin", "uv": [ 34.5, 41.0, 35.0, 41.5 ] },
																		"down": { "texture": "#skin", "uv": [ 34.5, 41.5, 35.0, 42.0 ], "rotation": 90 }
																	}
																}
															]
														}
													]
												}
											]
										}
									]
								}
							]
						},
						{
							"name": "Butt fuzz",
							"from": [ 4.5, 1.0, -0.1 ],
							"to": [ 6.5, 4.5, 6.1 ],
							"unwrapMode": 7,
							"unwrapRotation": 1,
							"uv": [ 3.5, 31.5 ],
							"rotationOrigin": [ 4.5, 4.5, -0.1 ],
							"rotationZ": -30.0,
							"faces": {
								"north": { "texture": "#skin", "uv": [ 13.0, 31.5, 16.5, 33.5 ], "rotation": 90 },
								"south": { "texture": "#skin", "uv": [ 3.5, 31.5, 7.0, 33.5 ], "rotation": 270 },
								"up": { "texture": "#skin", "uv": [ 7.0, 31.5, 13.0, 33.5 ], "rotation": 270 }
							}
						}
					]
				}
			],
			"attachmentpoints": [
				{
					"code": "center",
					"posX": "-6.0","posY": "-3.0","posZ": "0.0",
					"rotationX": "0.0","rotationY": "0.0","rotationZ": "0.0"
				}
			]
		}
	]}