{
	"editor": {
		"allAngles": true,
		"entityTextureMode": true
	},
	"textureWidth": 20,
	"textureHeight": 24,
	"textureSizes": {
		"skin": [20,24]
	},
	"textures": {
	},
	"elements": [
		{
			"name": "Hip",
			"from": [ 2.6, 0.0, 7.2 ],
			"to": [ 3.7, 1.0, 8.8 ],
			"unwrapMode": 7,
			"unwrapRotation": 1,
			"autoUnwrap": false,
			"uv": [ 1.62, 55.38 ],
			"rotationOrigin": [ 2.6, 0.0, 8.0 ],
			"rotationZ": -1.0,
			"faces": {
				"north": { "texture": "#skin", "uv": [ 4.0, 10.0, 5.0, 11.0 ], "rotation": 90 },
				"east": { "texture": "#skin", "uv": [ 2.5, 11.0, 4.0, 12.0 ] },
				"south": { "texture": "#skin", "uv": [ 1.5, 10.0, 2.5, 11.0 ], "rotation": 270 },
				"west": { "texture": "#skin", "uv": [ 2.5, 12.5, 4.0, 13.5 ] },
				"up": { "texture": "#skin", "uv": [ 2.5, 10.0, 4.0, 11.0 ], "rotation": 270 },
				"down": { "texture": "#skin", "uv": [ 5.0, 10.0, 6.5, 11.0 ], "rotation": 90 }
			},
			"children": [
				{
					"name": "Tail 1",
					"from": [ 1.1, 0.2, 0.4 ],
					"to": [ 1.8, 0.9, 1.2 ],
					"unwrapMode": 7,
					"unwrapRotation": 1,
					"uv": [ 7.5, 0.25 ],
					"rotationOrigin": [ 1.1, 0.8, 0.8 ],
					"rotationZ": -2.0,
					"faces": {
						"north": { "texture": "#skin", "uv": [ 8.5, 1.0, 9.0, 1.5 ], "rotation": 90 },
						"east": { "texture": "#skin", "uv": [ 8.0, 1.5, 8.5, 2.0 ] },
						"south": { "texture": "#skin", "uv": [ 7.5, 1.0, 8.0, 1.5 ], "rotation": 270 },
						"west": { "texture": "#skin", "uv": [ 8.0, 0.5, 8.5, 1.0 ], "rotation": 180 },
						"up": { "texture": "#skin", "uv": [ 8.0, 1.0, 8.5, 1.5 ], "rotation": 270 },
						"down": { "texture": "#skin", "uv": [ 9.0, 1.0, 9.5, 1.5 ], "rotation": 90 }
					},
					"children": [
						{
							"name": "Tail 2",
							"from": [ 0.5, -0.01, 0.05 ],
							"to": [ 1.2, 0.69, 0.75 ],
							"unwrapMode": 7,
							"unwrapRotation": 1,
							"uv": [ 8.5, 1.88 ],
							"rotationOrigin": [ 0.7, 0.4, 0.4 ],
							"faces": {
								"north": { "texture": "#skin", "uv": [ 9.5, 2.5, 10.0, 3.0 ], "rotation": 90 },
								"east": { "texture": "#skin", "uv": [ 9.0, 3.0, 9.5, 3.5 ] },
								"south": { "texture": "#skin", "uv": [ 8.5, 2.5, 9.0, 3.0 ], "rotation": 270 },
								"west": { "texture": "#skin", "uv": [ 9.0, 2.0, 9.5, 2.5 ], "rotation": 180 },
								"up": { "texture": "#skin", "uv": [ 9.0, 2.5, 9.5, 3.0 ], "rotation": 270 },
								"down": { "texture": "#skin", "uv": [ 10.0, 2.5, 10.5, 3.0 ], "rotation": 90 }
							},
							"children": [
								{
									"name": "Tail 3",
									"from": [ 0.5, -0.01, 0.05 ],
									"to": [ 1.5, 0.69, 0.65 ],
									"unwrapMode": 7,
									"unwrapRotation": 1,
									"uv": [ 7.5, 3.88 ],
									"rotationOrigin": [ 0.7, 0.4, 0.3 ],
									"faces": {
										"north": { "texture": "#skin", "uv": [ 8.5, 4.5, 9.0, 5.5 ], "rotation": 90 },
										"east": { "texture": "#skin", "uv": [ 8.0, 5.5, 8.5, 6.0 ] },
										"south": { "texture": "#skin", "uv": [ 7.5, 4.5, 8.0, 5.5 ], "rotation": 270 },
										"west": { "texture": "#skin", "uv": [ 8.0, 4.0, 8.5, 4.5 ], "rotation": 180 },
										"up": { "texture": "#skin", "uv": [ 8.0, 4.5, 8.5, 5.5 ], "rotation": 270 },
										"down": { "texture": "#skin", "uv": [ 9.0, 4.5, 9.5, 5.5 ], "rotation": 90 }
									},
									"children": [
										{
											"name": "Tail 4",
											"from": [ 0.8, 0.0, -0.05 ],
											"to": [ 1.8, 0.7, 0.65 ],
											"unwrapMode": 7,
											"unwrapRotation": 1,
											"uv": [ 8.5, 5.88 ],
											"rotationOrigin": [ 1.0, 0.4, 0.3 ],
											"rotationZ": 1.0,
											"faces": {
												"north": { "texture": "#skin", "uv": [ 9.5, 6.5, 10.0, 7.5 ], "rotation": 90 },
												"east": { "texture": "#skin", "uv": [ 9.0, 7.5, 9.5, 8.0 ] },
												"south": { "texture": "#skin", "uv": [ 8.5, 6.5, 9.0, 7.5 ], "rotation": 270 },
												"west": { "texture": "#skin", "uv": [ 9.0, 6.0, 9.5, 6.5 ], "rotation": 180 },
												"up": { "texture": "#skin", "uv": [ 9.0, 6.5, 9.5, 7.5 ], "rotation": 270 },
												"down": { "texture": "#skin", "uv": [ 10.0, 6.5, 10.5, 7.5 ], "rotation": 90 }
											},
											"children": [
												{
													"name": "Tail 5",
													"from": [ 0.9, -0.05, -0.05 ],
													"to": [ 1.9, 0.75, 0.75 ],
													"unwrapMode": 7,
													"unwrapRotation": 1,
													"uv": [ 7.5, 7.88 ],
													"rotationOrigin": [ 1.0, 0.5, 0.4 ],
													"rotationZ": 1.0,
													"faces": {
														"north": { "texture": "#skin", "uv": [ 8.5, 8.5, 9.0, 9.5 ], "rotation": 90 },
														"east": { "texture": "#skin", "uv": [ 8.0, 9.5, 8.5, 10.0 ] },
														"south": { "texture": "#skin", "uv": [ 7.5, 8.5, 8.0, 9.5 ], "rotation": 270 },
														"west": { "texture": "#skin", "uv": [ 8.0, 8.0, 8.5, 8.5 ], "rotation": 180 },
														"up": { "texture": "#skin", "uv": [ 8.0, 8.5, 8.5, 9.5 ], "rotation": 270 },
														"down": { "texture": "#skin", "uv": [ 9.0, 8.5, 9.5, 9.5 ], "rotation": 90 }
													},
													"children": [
														{
															"name": "Tail 6",
															"from": [ 0.9, 0.05, 0.05 ],
															"to": [ 1.9, 0.75, 0.75 ],
															"unwrapMode": 7,
															"unwrapRotation": 1,
															"uv": [ 8.5, 9.88 ],
															"rotationOrigin": [ 1.0, 0.5, 0.4 ],
															"rotationZ": 1.0,
															"faces": {
																"north": { "texture": "#skin", "uv": [ 9.5, 10.5, 10.0, 11.5 ], "rotation": 90 },
																"east": { "texture": "#skin", "uv": [ 9.0, 11.5, 9.5, 12.0 ] },
																"south": { "texture": "#skin", "uv": [ 8.5, 10.5, 9.0, 11.5 ], "rotation": 270 },
																"west": { "texture": "#skin", "uv": [ 9.0, 10.0, 9.5, 10.5 ], "rotation": 180 },
																"up": { "texture": "#skin", "uv": [ 9.0, 10.5, 9.5, 11.5 ], "rotation": 270 },
																"down": { "texture": "#skin", "uv": [ 10.0, 10.5, 10.5, 11.5 ], "rotation": 90 }
															},
															"children": [
																{
																	"name": "Tail 7",
																	"from": [ 0.9, 0.05, 0.05 ],
																	"to": [ 1.9, 0.65, 0.65 ],
																	"unwrapMode": 7,
																	"unwrapRotation": 1,
																	"uv": [ 8.5, 12.38 ],
																	"rotationOrigin": [ 1.0, 0.5, 0.3 ],
																	"rotationZ": 1.0,
																	"faces": {
																		"north": { "texture": "#skin", "uv": [ 9.5, 13.0, 10.0, 14.0 ], "rotation": 90 },
																		"east": { "texture": "#skin", "uv": [ 9.0, 14.0, 9.5, 14.5 ] },
																		"south": { "texture": "#skin", "uv": [ 8.5, 13.0, 9.0, 14.0 ], "rotation": 270 },
																		"west": { "texture": "#skin", "uv": [ 9.0, 12.5, 9.5, 13.0 ], "rotation": 180 },
																		"up": { "texture": "#skin", "uv": [ 9.0, 13.0, 9.5, 14.0 ], "rotation": 270 },
																		"down": { "texture": "#skin", "uv": [ 10.0, 13.0, 10.5, 14.0 ], "rotation": 90 }
																	},
																	"children": [
																		{
																			"name": "Tail 8",
																			"from": [ 0.9, 0.05, 0.05 ],
																			"to": [ 1.9, 0.55, 0.55 ],
																			"unwrapMode": 7,
																			"unwrapRotation": 1,
																			"uv": [ 8.5, 14.88 ],
																			"rotationOrigin": [ 1.0, 0.6, 0.4 ],
																			"rotationZ": 1.0,
																			"faces": {
																				"north": { "texture": "#skin", "uv": [ 9.5, 15.5, 10.0, 16.5 ], "rotation": 90 },
																				"east": { "texture": "#skin", "uv": [ 9.0, 16.5, 9.5, 17.0 ] },
																				"south": { "texture": "#skin", "uv": [ 8.5, 15.5, 9.0, 16.5 ], "rotation": 270 },
																				"west": { "texture": "#skin", "uv": [ 9.0, 15.0, 9.5, 15.5 ], "rotation": 180 },
																				"up": { "texture": "#skin", "uv": [ 9.0, 15.5, 9.5, 16.5 ], "rotation": 270 },
																				"down": { "texture": "#skin", "uv": [ 10.0, 15.5, 10.5, 16.5 ], "rotation": 90 }
																			}
																		}
																	]
																}
															]
														}
													]
												}
											]
										}
									]
								}
							]
						}
					]
				},
				{
					"name": "Abdomen",
					"from": [ -1.4, 0.0, -0.05 ],
					"to": [ 0.1, 1.0, 1.65 ],
					"unwrapMode": 7,
					"unwrapRotation": 1,
					"autoUnwrap": false,
					"uv": [ 0.75, 46.0 ],
					"rotationOrigin": [ -0.1, 0.0, 0.8 ],
					"rotationZ": 1.0,
					"faces": {
						"north": { "texture": "#skin", "uv": [ 4.5, 8.0, 5.5, 9.5 ], "rotation": 90 },
						"east": { "texture": "#skin", "uv": [ 6.5, 11.5, 8.0, 12.5 ] },
						"south": { "texture": "#skin", "uv": [ 1.0, 8.0, 2.0, 9.5 ], "rotation": 270 },
						"west": { "texture": "#skin", "uv": [ 4.5, 11.5, 6.0, 12.5 ], "windMode": [-1,-1,-1,-1], "windData": [0,0,1,1] },
						"up": { "texture": "#skin", "uv": [ 2.5, 8.0, 4.0, 9.5 ], "rotation": 270 },
						"down": { "texture": "#skin", "uv": [ 5.5, 8.0, 7.0, 9.5 ], "rotation": 90 }
					},
					"children": [
						{
							"name": "Body",
							"from": [ -1.1, 0.0, 0.1 ],
							"to": [ 0.4, 1.0, 1.6 ],
							"unwrapMode": 7,
							"unwrapRotation": 1,
							"autoUnwrap": false,
							"uv": [ 0.62, 37.62 ],
							"rotationOrigin": [ 0.3, 0.0, 0.9 ],
							"rotationZ": 1.0,
							"faces": {
								"north": { "texture": "#skin", "uv": [ 4.5, 6.0, 5.5, 7.5 ], "rotation": 90 },
								"east": { "texture": "#skin", "uv": [ 6.5, 13.5, 8.0, 14.5 ], "windMode": [-1,-1,-1,-1] },
								"south": { "texture": "#skin", "uv": [ 1.0, 6.0, 2.0, 7.5 ], "rotation": 270, "windMode": [-1,-1,-1,-1], "windData": [0,0,0,1] },
								"west": { "texture": "#skin", "uv": [ 4.5, 13.5, 6.0, 14.5 ], "windMode": [-1,-1,-1,-1], "windData": [0,0,1,1] },
								"up": { "texture": "#skin", "uv": [ 2.5, 6.0, 4.0, 7.5 ], "rotation": 270, "windMode": [-1,-1,-1,-1], "windData": [1,1,0,0] },
								"down": { "texture": "#skin", "uv": [ 5.5, 6.0, 7.0, 7.5 ], "rotation": 90, "windMode": [-1,-1,-1,-1] }
							},
							"children": [
								{
									"name": "Neck",
									"from": [ -0.6, 0.0, 0.2 ],
									"to": [ 0.5, 1.0, 1.3 ],
									"unwrapMode": 7,
									"unwrapRotation": 1,
									"autoUnwrap": false,
									"uv": [ 3.75, 4.25 ],
									"rotationOrigin": [ 0.3, 0.0, 0.8 ],
									"rotationZ": -1.0,
									"faces": {
										"north": { "texture": "#skin", "uv": [ 3.5, 4.5, 4.5, 5.5 ], "rotation": 90 },
										"east": { "texture": "#skin", "uv": [ 5.0, 1.0, 6.0, 2.0 ] },
										"south": { "texture": "#skin", "uv": [ 1.5, 4.5, 2.5, 5.5 ], "rotation": 270 },
										"west": { "texture": "#skin", "uv": [ 6.0, 1.0, 7.0, 2.0 ] },
										"up": { "texture": "#skin", "uv": [ 2.5, 4.5, 3.5, 5.5 ], "rotation": 270 },
										"down": { "texture": "#skin", "uv": [ 4.5, 4.5, 5.5, 5.5 ], "rotation": 90 }
									},
									"attachmentpoints": [
										{
											"code": "rope",
											"posX": "0.0","posY": "0.0","posZ": "0.5",
											"rotationX": "0.0","rotationY": "0.0","rotationZ": "0.0"
										}
									]
								}
							],
							"attachmentpoints": [
								{
									"code": "Center",
									"posX": "1.4","posY": "1.4","posZ": "0.8",
									"rotationX": "0.0","rotationY": "0.0","rotationZ": "0.0"
								}
							]
						}
					]
				}
			]
		}
	]}