{
	"editor": {
		"allAngles": false,
		"entityTextureMode": false
	},
	"textureWidth": 16,
	"textureHeight": 16,
	"textureSizes": {
	},
	"textures": {
		"cover": "game:item/lore/normal-orangebrown"
	},
	"elements": [
		{
			"name": "book 1",
			"from": [ 1.6, 1.2, 7.0 ],
			"to": [ 1.6, 1.2, 7.0 ],
			"rotationOrigin": [ 4.1, 0.9, 7.0 ],
			"rotationY": -90.0,
			"rotationZ": 90.0,
			"faces": {
			},
			"children": [
				{
					"name": "pages",
					"from": [ 2.0, -0.1, -2.0 ],
					"to": [ 3.1, 5.5, 2.0 ],
					"rotationOrigin": [ 2.5, -0.1, 0.0 ],
					"faces": {
						"north": { "texture": "#cover", "uv": [ 6.0, 0.0, 7.0, 5.5 ] },
						"up": { "texture": "#cover", "uv": [ 5.0, 0.0, 6.0, 4.0 ], "rotation": 180 },
						"down": { "texture": "#cover", "uv": [ 5.0, 2.0, 6.0, 6.0 ] }
					}
				},
				{
					"name": "cover front",
					"from": [ 1.6, -0.3, -2.2 ],
					"to": [ 2.0, 5.7, 2.3 ],
					"rotationOrigin": [ 1.6, -0.3, -2.2 ],
					"faces": {
						"north": { "texture": "#cover", "uv": [ 3.5, 0.0, 4.0, 6.0 ] },
						"east": { "texture": "#cover", "uv": [ 11.5, 0.0, 16.0, 6.0 ] },
						"south": { "texture": "#cover", "uv": [ 0.0, 0.0, 0.5, 6.0 ] },
						"west": { "texture": "#cover", "uv": [ 7.0, 0.0, 11.5, 6.0 ] },
						"up": { "texture": "#cover", "uv": [ 3.5, 0.0, 4.0, 4.5 ] },
						"down": { "texture": "#cover", "uv": [ 3.5, 0.0, 4.0, 4.5 ] }
					}
				},
				{
					"name": "cover back",
					"from": [ 3.1, -0.3, -2.2 ],
					"to": [ 3.5, 5.7, 2.3 ],
					"rotationOrigin": [ 3.1, -0.3, -2.2 ],
					"faces": {
						"north": { "texture": "#cover", "uv": [ 4.0, 0.0, 4.5, 6.0 ] },
						"east": { "texture": "#cover", "uv": [ 11.5, 0.0, 16.0, 6.0 ] },
						"south": { "texture": "#cover", "uv": [ 3.0, 0.0, 3.5, 6.0 ] },
						"west": { "texture": "#cover", "uv": [ 7.0, 0.0, 11.5, 6.0 ] },
						"up": { "texture": "#cover", "uv": [ 4.0, 0.0, 4.5, 4.5 ] },
						"down": { "texture": "#cover", "uv": [ 4.0, 0.0, 4.5, 4.5 ] }
					}
				},
				{
					"name": "back",
					"from": [ 2.0, -0.3, 2.0 ],
					"to": [ 3.1, 5.7, 2.3 ],
					"rotationOrigin": [ 2.0, -0.3, 2.0 ],
					"faces": {
						"north": { "texture": "#cover", "uv": [ 11.0, 0.0, 12.0, 6.0 ], "windMode": [-1,-1,-1,-1] },
						"up": { "texture": "#cover", "uv": [ 4.0, 0.0, 5.0, 0.5 ] },
						"down": { "texture": "#cover", "uv": [ 4.0, 5.5, 5.0, 6.0 ], "windMode": [-1,-1,-1,-1] }
					}
				},
				{
					"name": "back end",
					"from": [ 1.8, -0.3, 2.3 ],
					"to": [ 3.3, 5.7, 2.6 ],
					"rotationOrigin": [ 1.8, -0.3, 2.3 ],
					"faces": {
						"east": { "texture": "#cover", "uv": [ 2.5, 0.0, 3.0, 6.0 ] },
						"south": { "texture": "#cover", "uv": [ 1.0, 0.0, 2.5, 6.0 ] },
						"west": { "texture": "#cover", "uv": [ 0.5, 0.0, 1.0, 6.0 ] },
						"up": { "texture": "#cover", "uv": [ 1.0, 0.0, 2.5, 0.5 ] },
						"down": { "texture": "#cover", "uv": [ 1.0, 5.5, 2.5, 6.0 ] }
					}
				}
			]
		}
	]}