{
	"editor": {
		"backDropShape": "entity/land/smallstall-open",
		"collapsedPaths": "Root/ORIGINsaddlebags/StrawBedBody",
		"allAngles": true,
		"entityTextureMode": false
	},
	"textureWidth": 16,
	"textureHeight": 16,
	"textureSizes": {
	},
	"textures": {
	},
	"elements": [
		{
			"name": "Leather",
			"from": [ -1.8, -6.5413, -4.4641 ],
			"to": [ 3.6, -3.5413, 0.9359 ],
			"rotationOrigin": [ 1.2, -6.5413, -1.4641 ],
			"rotationX": 2.0,
			"faces": {
				"north": { "texture": "#mordant2", "uv": [ 8.0, 12.5, 13.0, 15.5 ] },
				"east": { "texture": "#mordant2", "uv": [ 8.0, 12.5, 13.0, 15.5 ] },
				"south": { "texture": "#mordant2", "uv": [ 8.0, 12.5, 13.0, 15.5 ] },
				"west": { "texture": "#mordant2", "uv": [ 8.0, 12.5, 13.0, 15.5 ] },
				"up": { "texture": "#mordant2", "uv": [ 8.5, 9.0, 13.5, 14.0 ] },
				"down": { "texture": "#mordant2", "uv": [ 8.0, 6.0, 13.0, 11.0 ] }
			},
			"children": [
				{
					"name": "Leather2",
					"from": [ -0.3, 2.7, -0.3 ],
					"to": [ 5.7, 3.2, 5.7 ],
					"rotationOrigin": [ 2.7, 2.7, 2.7 ],
					"faces": {
						"north": { "texture": "#mordant", "uv": [ 8.0, 12.5, 14.0, 13.0 ] },
						"east": { "texture": "#mordant", "uv": [ 8.0, 12.5, 14.0, 13.0 ] },
						"south": { "texture": "#mordant", "uv": [ 8.0, 12.5, 14.0, 13.0 ] },
						"west": { "texture": "#mordant", "uv": [ 8.0, 12.5, 14.0, 13.0 ] },
						"up": { "texture": "#mordant", "uv": [ 8.5, 9.0, 14.5, 15.0 ] },
						"down": { "texture": "#mordant", "uv": [ 8.0, 6.0, 14.0, 12.0 ] }
					}
				},
				{
					"name": "Leather3",
					"from": [ -0.3, -0.1, -0.3 ],
					"to": [ 5.7, 0.4, 2.9 ],
					"rotationOrigin": [ 2.7, -0.1, 2.7 ],
					"rotationX": 81.0,
					"faces": {
						"north": { "texture": "#mordant", "uv": [ 8.0, 12.5, 14.0, 13.0 ] },
						"east": { "texture": "#mordant", "uv": [ 8.0, 12.5, 11.0, 13.0 ] },
						"south": { "texture": "#mordant", "uv": [ 8.0, 12.5, 14.0, 13.0 ] },
						"west": { "texture": "#mordant", "uv": [ 8.0, 12.5, 11.0, 13.0 ] },
						"up": { "texture": "#mordant", "uv": [ 8.5, 9.0, 14.5, 12.0 ] },
						"down": { "texture": "#mordant", "uv": [ 8.0, 6.0, 14.0, 9.0 ] }
					}
				},
				{
					"name": "Leather4",
					"from": [ -0.31, -0.29, 2.7 ],
					"to": [ 1.29, 0.21, 3.92 ],
					"rotationOrigin": [ -0.3, -0.3, 2.7 ],
					"rotationX": 90.0,
					"rotationY": 35.0,
					"rotationZ": 0.0,
					"faces": {
						"north": { "texture": "#mordant", "uv": [ 8.0, 12.5, 9.5, 13.0 ] },
						"east": { "texture": "#mordant", "uv": [ 8.0, 12.5, 9.0, 13.0 ] },
						"south": { "texture": "#mordant", "uv": [ 8.0, 12.5, 9.5, 13.0 ] },
						"west": { "texture": "#mordant", "uv": [ 8.0, 12.5, 9.0, 13.0 ] },
						"up": { "texture": "#mordant", "uv": [ 8.5, 9.0, 10.0, 10.0 ] },
						"down": { "texture": "#mordant", "uv": [ 8.0, 6.0, 9.5, 7.0 ] }
					}
				},
				{
					"name": "Leather5",
					"from": [ 0.4, -2.8, -0.3 ],
					"to": [ 5.0, -2.3, 1.2 ],
					"rotationOrigin": [ 3.4, -2.8, 2.7 ],
					"rotationX": 90.0,
					"faces": {
						"north": { "texture": "#mordant", "uv": [ 8.0, 12.5, 12.5, 13.0 ] },
						"east": { "texture": "#mordant", "uv": [ 8.0, 12.5, 9.5, 13.0 ] },
						"south": { "texture": "#mordant", "uv": [ 8.0, 12.5, 12.5, 13.0 ] },
						"west": { "texture": "#mordant", "uv": [ 8.0, 12.5, 9.5, 13.0 ] },
						"up": { "texture": "#mordant", "uv": [ 8.5, 9.0, 13.0, 10.5 ] },
						"down": { "texture": "#mordant", "uv": [ 8.0, 6.0, 12.5, 7.5 ] }
					}
				},
				{
					"name": "Leather6",
					"from": [ -0.3, -0.3, -0.3 ],
					"to": [ 5.7, 0.2, 5.7 ],
					"rotationOrigin": [ 2.7, -0.3, 2.7 ],
					"faces": {
						"north": { "texture": "#mordant", "uv": [ 8.0, 12.5, 14.0, 13.0 ] },
						"east": { "texture": "#mordant", "uv": [ 8.0, 12.5, 14.0, 13.0 ] },
						"south": { "texture": "#mordant", "uv": [ 8.0, 12.5, 14.0, 13.0 ] },
						"west": { "texture": "#mordant", "uv": [ 8.0, 12.5, 14.0, 13.0 ] },
						"up": { "texture": "#mordant", "uv": [ 8.5, 9.0, 14.5, 15.0 ] },
						"down": { "texture": "#mordant", "uv": [ 8.0, 6.0, 14.0, 12.0 ] }
					}
				},
				{
					"name": "Leather7",
					"from": [ -0.5, -0.3, -0.3 ],
					"to": [ 5.5, 0.2, 2.2 ],
					"rotationOrigin": [ 2.5, -0.3, 2.7 ],
					"rotationX": 90.0,
					"rotationZ": -90.0,
					"faces": {
						"north": { "texture": "#mordant", "uv": [ 8.0, 12.5, 14.0, 13.0 ] },
						"east": { "texture": "#mordant", "uv": [ 8.0, 12.5, 10.5, 13.0 ] },
						"south": { "texture": "#mordant", "uv": [ 8.0, 12.5, 14.0, 13.0 ] },
						"west": { "texture": "#mordant", "uv": [ 8.0, 12.5, 10.5, 13.0 ] },
						"up": { "texture": "#mordant", "uv": [ 8.5, 9.0, 14.5, 11.5 ] },
						"down": { "texture": "#mordant", "uv": [ 8.0, 6.0, 14.0, 8.5 ] }
					}
				},
				{
					"name": "Leather8",
					"from": [ -0.6, -2.8, -1.0 ],
					"to": [ 4.0, -2.3, 0.5 ],
					"rotationOrigin": [ 2.4, -2.8, 2.0 ],
					"rotationX": 90.0,
					"rotationZ": -90.0,
					"faces": {
						"north": { "texture": "#mordant", "uv": [ 8.0, 12.5, 12.5, 13.0 ] },
						"east": { "texture": "#mordant", "uv": [ 8.0, 12.5, 9.5, 13.0 ] },
						"south": { "texture": "#mordant", "uv": [ 8.0, 12.5, 12.5, 13.0 ] },
						"west": { "texture": "#mordant", "uv": [ 8.0, 12.5, 9.5, 13.0 ] },
						"up": { "texture": "#mordant", "uv": [ 8.5, 9.0, 13.0, 10.5 ] },
						"down": { "texture": "#mordant", "uv": [ 8.0, 6.0, 12.5, 7.5 ] }
					}
				},
				{
					"name": "Leather10",
					"from": [ 5.7, -0.29, 2.7 ],
					"to": [ 6.92, 0.21, 4.2 ],
					"rotationOrigin": [ 5.7, -0.3, 2.7 ],
					"rotationX": -90.0,
					"rotationY": -55.0,
					"rotationZ": 180.0,
					"faces": {
						"north": { "texture": "#mordant", "uv": [ 8.0, 12.5, 9.0, 13.0 ] },
						"east": { "texture": "#mordant", "uv": [ 8.0, 12.5, 9.5, 13.0 ] },
						"south": { "texture": "#mordant", "uv": [ 8.0, 12.5, 9.0, 13.0 ] },
						"west": { "texture": "#mordant", "uv": [ 8.0, 12.5, 9.5, 13.0 ] },
						"up": { "texture": "#mordant", "uv": [ 8.5, 9.0, 9.5, 10.5 ] },
						"down": { "texture": "#mordant", "uv": [ 8.0, 6.0, 9.0, 7.5 ] }
					}
				},
				{
					"name": "Leather11",
					"from": [ 2.41, -0.3, -0.3 ],
					"to": [ 2.91, 1.2, 0.92 ],
					"rotationOrigin": [ 2.4, -0.3, -0.3 ],
					"rotationX": 55.0,
					"faces": {
						"north": { "texture": "#mordant", "uv": [ 8.0, 12.5, 8.5, 14.0 ] },
						"east": { "texture": "#mordant", "uv": [ 8.0, 12.5, 9.0, 14.0 ] },
						"south": { "texture": "#mordant", "uv": [ 8.0, 12.5, 8.5, 14.0 ] },
						"west": { "texture": "#mordant", "uv": [ 8.0, 12.5, 9.0, 14.0 ] },
						"up": { "texture": "#mordant", "uv": [ 8.5, 9.0, 9.0, 10.0 ] },
						"down": { "texture": "#mordant", "uv": [ 8.0, 6.0, 8.5, 7.0 ] }
					}
				},
				{
					"name": "Leather12",
					"from": [ 2.41, -0.3, 5.7 ],
					"to": [ 2.91, 0.92, 7.2 ],
					"rotationOrigin": [ 2.4, -0.3, 5.7 ],
					"rotationX": -145.0,
					"faces": {
						"north": { "texture": "#mordant", "uv": [ 8.0, 12.5, 8.5, 13.5 ] },
						"east": { "texture": "#mordant", "uv": [ 8.0, 12.5, 9.5, 13.5 ] },
						"south": { "texture": "#mordant", "uv": [ 8.0, 12.5, 8.5, 13.5 ] },
						"west": { "texture": "#mordant", "uv": [ 8.0, 12.5, 9.5, 13.5 ] },
						"up": { "texture": "#mordant", "uv": [ 8.5, 9.0, 9.0, 10.5 ] },
						"down": { "texture": "#mordant", "uv": [ 8.0, 6.0, 8.5, 7.5 ] }
					}
				}
			]
		}
	]}