{
	"editor": {
		"collapsedPaths": "",
		"allAngles": false,
		"entityTextureMode": false
	},
	"textureWidth": 16,
	"textureHeight": 16,
	"textureSizes": {
	},
	"textures": {
		"chestaccessories": "game:block/wood/trunk/accessories",
		"chestlid": "game:block/wood/trunk/lid",
		"chestsides2": "game:block/wood/trunk/sides"
	},
	"elements": [
		{
			"name": "origin",
			"from": [ 0.2, -0.5, 0.4 ],
			"to": [ 0.2, -0.5, 0.4 ],
			"rotationOrigin": [ 4.04, -0.5, 4.24 ],
			"faces": {
			},
			"children": [
				{
					"name": "floor",
					"from": [ 0.96, 0.48, 0.96 ],
					"to": [ 6.72, 0.96, 6.24 ],
					"rotationOrigin": [ 0.48, 0.48, 0.48 ],
					"faces": {
						"up": { "texture": "#chestlid", "uv": [ 1.0, 3.5, 13.0, 14.5 ], "autoUv": false },
						"down": { "texture": "#chestlid", "uv": [ 1.0, 2.0, 13.0, 13.0 ], "autoUv": false }
					},
					"children": [
						{
							"name": "S",
							"from": [ -0.48, 0.0, 5.28 ],
							"to": [ 6.24, 4.8, 5.76 ],
							"rotationOrigin": [ -0.96, -0.48, -0.48 ],
							"faces": {
								"north": { "texture": "#chestlid", "uv": [ 0.5, 4.0, 14.5, 14.0 ], "autoUv": false },
								"east": { "texture": "#chestsides2", "uv": [ 0.0, 2.0, 1.0, 12.0 ], "autoUv": false },
								"south": { "texture": "#chestsides2", "uv": [ 0.0, 2.0, 14.0, 12.0 ], "autoUv": false },
								"west": { "texture": "#chestsides2", "uv": [ 13.0, 2.0, 14.0, 12.0 ], "autoUv": false },
								"up": { "texture": "#chestlid", "uv": [ 2.0, 9.0, 16.0, 10.0 ], "autoUv": false },
								"down": { "texture": "#chestsides2", "uv": [ 2.0, 3.0, 16.0, 4.0 ], "autoUv": false }
							}
						},
						{
							"name": "W",
							"from": [ -0.48, 0.0, 0.0 ],
							"to": [ 0.0, 4.8, 5.28 ],
							"rotationOrigin": [ -0.96, -0.48, -0.96 ],
							"faces": {
								"east": { "texture": "#chestlid", "uv": [ 1.5, 2.0, 12.5, 12.0 ], "autoUv": false },
								"west": { "texture": "#chestsides2", "uv": [ 1.5, 2.0, 12.5, 12.0 ], "autoUv": false },
								"up": { "texture": "#chestlid", "uv": [ 4.5, 9.0, 15.5, 10.0 ], "rotation": 90, "autoUv": false },
								"down": { "texture": "#chestsides2", "uv": [ 1.0, 2.0, 2.0, 13.0 ], "autoUv": false }
							}
						},
						{
							"name": "E",
							"from": [ 5.76, 0.0, 0.0 ],
							"to": [ 6.24, 4.8, 5.28 ],
							"rotationOrigin": [ 0.0, -0.48, -0.96 ],
							"faces": {
								"east": { "texture": "#chestsides2", "uv": [ 1.5, 2.0, 12.5, 12.0 ], "autoUv": false },
								"west": { "texture": "#chestlid", "uv": [ 1.5, 2.0, 12.5, 12.0 ], "autoUv": false },
								"up": { "texture": "#chestlid", "uv": [ 1.0, 1.5, 12.0, 2.5 ], "rotation": 90, "autoUv": false },
								"down": { "texture": "#chestsides2", "uv": [ 1.0, 2.0, 2.0, 13.0 ], "autoUv": false }
							}
						},
						{
							"name": "N",
							"from": [ -0.48, 0.0, -0.48 ],
							"to": [ 6.24, 4.8, 0.0 ],
							"rotationOrigin": [ -0.96, -0.48, -0.96 ],
							"faces": {
								"north": { "texture": "#chestsides2", "uv": [ 0.0, 2.0, 14.0, 12.0 ], "autoUv": false },
								"east": { "texture": "#chestsides2", "uv": [ 13.0, 2.0, 14.0, 12.0 ], "autoUv": false },
								"south": { "texture": "#chestlid", "uv": [ 1.0, 2.0, 15.0, 12.0 ], "autoUv": false },
								"west": { "texture": "#chestsides2", "uv": [ 0.0, 2.0, 1.0, 12.0 ], "autoUv": false },
								"up": { "texture": "#chestlid", "uv": [ 2.0, 4.0, 16.0, 5.0 ], "rotation": 180, "autoUv": false },
								"down": { "texture": "#chestsides2", "uv": [ 1.0, 4.0, 15.0, 5.0 ], "autoUv": false }
							},
							"children": [
								{
									"name": "hinge 1",
									"from": [ 1.2, 4.32, 0.384 ],
									"to": [ 1.68, 5.28, 0.624 ],
									"rotationOrigin": [ 1.44, 4.32, 0.528 ],
									"faces": {
										"north": { "texture": "#chestaccessories", "uv": [ 0.0, 0.0, 1.0, 2.0 ], "autoUv": false },
										"east": { "texture": "#chestaccessories", "uv": [ 0.0, 0.0, 0.5, 2.0 ], "autoUv": false },
										"south": { "texture": "#chestaccessories", "uv": [ 0.0, 0.0, 1.0, 2.0 ], "autoUv": false },
										"west": { "texture": "#chestaccessories", "uv": [ 0.0, 0.0, 0.5, 2.0 ], "autoUv": false },
										"up": { "texture": "#chestaccessories", "uv": [ 0.0, 0.0, 1.0, 0.5 ], "autoUv": false },
										"down": { "texture": "#chestaccessories", "uv": [ 0.0, 0.0, 1.0, 0.5 ], "autoUv": false }
									}
								},
								{
									"name": "hinge 2",
									"from": [ 5.04, 4.32, 0.384 ],
									"to": [ 5.52, 5.28, 0.624 ],
									"rotationOrigin": [ 5.28, 4.32, 0.528 ],
									"faces": {
										"north": { "texture": "#chestaccessories", "uv": [ 0.0, 0.0, 1.0, 2.0 ], "autoUv": false },
										"east": { "texture": "#chestaccessories", "uv": [ 0.0, 0.0, 0.5, 2.0 ], "autoUv": false },
										"south": { "texture": "#chestaccessories", "uv": [ 0.0, 0.0, 1.0, 2.0 ], "autoUv": false },
										"west": { "texture": "#chestaccessories", "uv": [ 0.0, 0.0, 0.5, 2.0 ], "autoUv": false },
										"up": { "texture": "#chestaccessories", "uv": [ 0.0, 0.0, 1.0, 0.5 ], "autoUv": false },
										"down": { "texture": "#chestaccessories", "uv": [ 0.0, 0.0, 1.0, 0.5 ], "autoUv": false }
									}
								}
							]
						}
					]
				},
				{
					"name": "chestlid",
					"from": [ 0.96, 5.76, 0.96 ],
					"to": [ 6.72, 6.24, 6.24 ],
					"rotationOrigin": [ 3.84, 5.28, 0.48 ],
					"faces": {
						"up": { "texture": "#chestlid", "uv": [ 0.0, 0.0, 12.0, 11.0 ], "autoUv": false },
						"down": { "texture": "#chestlid", "uv": [ 0.0, 0.0, 8.5, 8.0 ], "rotation": 180, "autoUv": false }
					},
					"children": [
						{
							"name": "West",
							"from": [ -0.48, -0.48, 0.0 ],
							"to": [ 0.0, 0.48, 5.28 ],
							"rotationOrigin": [ -0.48, -0.48, 0.0 ],
							"faces": {
								"east": { "texture": "#chestsides2", "uv": [ 1.0, 11.0, 12.0, 13.0 ], "autoUv": false },
								"west": { "texture": "#chestsides2", "uv": [ 1.5, 0.0, 12.5, 2.0 ], "autoUv": false },
								"up": { "texture": "#chestsides2", "uv": [ 0.0, 0.0, 1.0, 11.0 ], "autoUv": false },
								"down": { "texture": "#chestsides2", "uv": [ 3.5, 12.5, 14.5, 13.5 ], "rotation": 90, "autoUv": false }
							}
						},
						{
							"name": "East",
							"from": [ 5.76, -0.48, 0.0 ],
							"to": [ 6.24, 0.48, 5.28 ],
							"rotationOrigin": [ 5.76, -0.48, 0.0 ],
							"faces": {
								"east": { "texture": "#chestsides2", "uv": [ 1.5, 0.0, 12.5, 2.0 ], "autoUv": false },
								"west": { "texture": "#chestsides2", "uv": [ 3.0, 11.0, 14.0, 13.0 ], "autoUv": false },
								"up": { "texture": "#chestsides2", "uv": [ 13.0, 0.0, 14.0, 11.0 ], "autoUv": false },
								"down": { "texture": "#chestsides2", "uv": [ 2.5, 13.5, 13.5, 14.5 ], "rotation": 90, "autoUv": false }
							}
						},
						{
							"name": "North",
							"from": [ -0.48, -0.48, -0.48 ],
							"to": [ 6.24, 0.48, 0.0 ],
							"rotationOrigin": [ -0.48, -0.48, -0.48 ],
							"faces": {
								"north": { "texture": "#chestsides2", "uv": [ 0.0, 0.0, 14.0, 2.0 ], "autoUv": false },
								"east": { "texture": "#chestsides2", "uv": [ 13.0, 0.0, 14.0, 2.0 ], "autoUv": false },
								"south": { "texture": "#chestsides2", "uv": [ 2.0, 11.0, 16.0, 13.0 ], "autoUv": false },
								"west": { "texture": "#chestsides2", "uv": [ 0.0, 0.0, 1.0, 2.0 ], "autoUv": false },
								"up": { "texture": "#chestsides2", "uv": [ 0.0, 0.0, 14.0, 1.0 ], "autoUv": false },
								"down": { "texture": "#chestsides2", "uv": [ 0.0, 14.5, 14.0, 15.5 ], "autoUv": false }
							},
							"children": [
								{
									"name": "hinge 3",
									"from": [ 1.2, -0.384, 0.48 ],
									"to": [ 1.68, 0.576, 0.72 ],
									"rotationOrigin": [ 1.44, -0.384, 0.48 ],
									"faces": {
										"north": { "texture": "#chestaccessories", "uv": [ 0.0, 0.0, 1.0, 2.0 ], "autoUv": false },
										"east": { "texture": "#chestaccessories", "uv": [ 0.0, 0.0, 0.5, 2.0 ], "autoUv": false },
										"south": { "texture": "#chestaccessories", "uv": [ 0.0, 0.0, 1.0, 2.0 ], "autoUv": false },
										"west": { "texture": "#chestaccessories", "uv": [ 0.0, 0.0, 0.5, 2.0 ], "autoUv": false },
										"up": { "texture": "#chestaccessories", "uv": [ 0.0, 0.0, 1.0, 0.5 ], "autoUv": false },
										"down": { "texture": "#chestaccessories", "uv": [ 0.0, 0.0, 1.0, 0.5 ], "autoUv": false }
									}
								},
								{
									"name": "hinge 4",
									"from": [ 5.04, -0.384, 0.48 ],
									"to": [ 5.52, 0.576, 0.72 ],
									"rotationOrigin": [ 5.28, -0.384, 0.48 ],
									"faces": {
										"north": { "texture": "#chestaccessories", "uv": [ 0.0, 0.0, 1.0, 2.0 ], "autoUv": false },
										"east": { "texture": "#chestaccessories", "uv": [ 0.0, 0.0, 0.5, 2.0 ], "autoUv": false },
										"south": { "texture": "#chestaccessories", "uv": [ 0.0, 0.0, 1.0, 2.0 ], "autoUv": false },
										"west": { "texture": "#chestaccessories", "uv": [ 0.0, 0.0, 0.5, 2.0 ], "autoUv": false },
										"up": { "texture": "#chestaccessories", "uv": [ 0.0, 0.0, 1.0, 0.5 ], "autoUv": false },
										"down": { "texture": "#chestaccessories", "uv": [ 0.0, 0.0, 1.0, 0.5 ], "autoUv": false }
									}
								}
							]
						},
						{
							"name": "South",
							"from": [ -0.48, -0.48, 5.28 ],
							"to": [ 6.24, 0.48, 5.76 ],
							"rotationOrigin": [ -0.48, -0.48, 5.28 ],
							"faces": {
								"north": { "texture": "#chestsides2", "uv": [ 0.5, 11.0, 14.5, 13.0 ], "autoUv": false },
								"east": { "texture": "#chestsides2", "uv": [ 0.0, 0.0, 1.0, 2.0 ], "autoUv": false },
								"south": { "texture": "#chestsides2", "uv": [ 0.0, 0.0, 14.0, 2.0 ], "autoUv": false },
								"west": { "texture": "#chestsides2", "uv": [ 13.0, 0.0, 14.0, 2.0 ], "autoUv": false },
								"up": { "texture": "#chestsides2", "uv": [ 0.0, 0.0, 14.0, 1.0 ], "autoUv": false },
								"down": { "texture": "#chestsides2", "uv": [ 0.5, 13.5, 14.5, 14.5 ], "autoUv": false }
							}
						},
						{
							"name": "Cube34",
							"from": [ 2.16, -1.2, 5.76 ],
							"to": [ 3.6, 0.0, 6.0 ],
							"rotationOrigin": [ 2.16, -1.2, 5.76 ],
							"faces": {
								"north": { "texture": "#chestaccessories", "uv": [ 0.0, 0.0, 3.0, 2.5 ], "autoUv": false },
								"east": { "texture": "#chestaccessories", "uv": [ 0.0, 0.0, 0.5, 2.5 ], "autoUv": false },
								"south": { "texture": "#chestaccessories", "uv": [ 9.0, 0.5, 12.0, 3.0 ], "autoUv": false },
								"west": { "texture": "#chestaccessories", "uv": [ 0.0, 0.0, 0.5, 2.5 ], "autoUv": false },
								"up": { "texture": "#chestaccessories", "uv": [ 0.0, 0.0, 3.0, 0.5 ], "autoUv": false },
								"down": { "texture": "#chestaccessories", "uv": [ 0.0, 0.0, 3.0, 0.5 ], "autoUv": false }
							}
						},
						{
							"name": "Cube35",
							"from": [ 2.4, 0.0, 5.76 ],
							"to": [ 3.36, 0.24, 6.0 ],
							"rotationOrigin": [ 2.4, 0.0, 5.76 ],
							"faces": {
								"east": { "texture": "#chestaccessories", "uv": [ 0.0, 0.0, 0.5, 0.5 ], "autoUv": false },
								"south": { "texture": "#chestaccessories", "uv": [ 9.5, 0.0, 11.5, 0.5 ], "autoUv": false },
								"west": { "texture": "#chestaccessories", "uv": [ 0.0, 0.0, 0.5, 0.5 ], "autoUv": false },
								"up": { "texture": "#chestaccessories", "uv": [ 0.0, 0.0, 2.0, 0.5 ], "autoUv": false }
							}
						},
						{
							"name": "handle 2",
							"from": [ 1.18, 1.42, 2.48 ],
							"to": [ 1.52, 1.76, 5.4 ],
							"rotationOrigin": [ 1.42, 1.42, 2.48 ],
							"rotationY": 90.0,
							"rotationZ": 90.0,
							"faces": {
								"north": { "texture": "#chestaccessories", "uv": [ 2.5, 3.0, 3.0, 3.5 ], "autoUv": false },
								"east": { "texture": "#chestaccessories", "uv": [ 0.0, 3.0, 4.0, 3.5 ], "autoUv": false },
								"south": { "texture": "#chestaccessories", "uv": [ 4.0, 2.5, 4.5, 3.0 ], "autoUv": false },
								"west": { "texture": "#chestaccessories", "uv": [ 0.0, 3.0, 4.0, 3.5 ], "autoUv": false },
								"up": { "texture": "#chestaccessories", "uv": [ 0.0, 1.0, 4.0, 1.5 ], "rotation": 90, "autoUv": false },
								"down": { "texture": "#chestaccessories", "uv": [ 0.0, 2.5, 4.0, 3.0 ], "rotation": 90, "autoUv": false }
							},
							"children": [
								{
									"name": "R holder2",
									"from": [ -0.74, -0.24, 2.54 ],
									"to": [ -0.5, 0.48, 3.26 ],
									"rotationOrigin": [ -0.74, 0.48, 3.26 ],
									"faces": {
										"north": { "texture": "#chestaccessories", "uv": [ 0.0, 1.0, 0.5, 2.5 ], "autoUv": false },
										"east": { "texture": "#chestaccessories", "uv": [ 1.5, 1.5, 3.0, 3.0 ], "autoUv": false },
										"south": { "texture": "#chestaccessories", "uv": [ 4.0, 0.5, 4.5, 2.0 ], "autoUv": false },
										"up": { "texture": "#chestaccessories", "uv": [ 0.0, 1.0, 0.5, 2.5 ], "autoUv": false },
										"down": { "texture": "#chestaccessories", "uv": [ 0.0, 0.0, 0.5, 1.5 ], "autoUv": false }
									}
								},
								{
									"name": "L holder1",
									"from": [ -0.74, -0.24, -0.24 ],
									"to": [ -0.5, 0.48, 0.48 ],
									"rotationOrigin": [ -0.74, 0.48, -0.24 ],
									"faces": {
										"north": { "texture": "#chestaccessories", "uv": [ 0.0, 1.0, 0.5, 2.5 ], "autoUv": false },
										"east": { "texture": "#chestaccessories", "uv": [ 0.5, 1.0, 2.0, 2.5 ], "autoUv": false },
										"south": { "texture": "#chestaccessories", "uv": [ 4.0, 1.0, 4.5, 2.5 ], "autoUv": false },
										"up": { "texture": "#chestaccessories", "uv": [ 4.0, 1.0, 4.5, 2.5 ], "autoUv": false },
										"down": { "texture": "#chestaccessories", "uv": [ 0.0, 1.5, 0.5, 3.0 ], "autoUv": false }
									}
								},
								{
									"name": "R holder3",
									"from": [ -0.74, 0.01, 2.74 ],
									"to": [ 0.16, 0.33, 3.08 ],
									"rotationOrigin": [ -0.74, 0.68, 3.46 ],
									"rotationY": 5.0,
									"faces": {
										"north": { "texture": "#chestaccessories", "uv": [ 0.0, 1.0, 0.5, 2.5 ], "autoUv": false },
										"east": { "texture": "#chestaccessories", "uv": [ 1.5, 1.5, 3.0, 3.0 ], "autoUv": false },
										"south": { "texture": "#chestaccessories", "uv": [ 4.0, 0.5, 4.5, 2.0 ], "autoUv": false },
										"up": { "texture": "#chestaccessories", "uv": [ 0.0, 1.0, 0.5, 2.5 ], "autoUv": false },
										"down": { "texture": "#chestaccessories", "uv": [ 0.0, 0.0, 0.5, 1.5 ], "autoUv": false }
									}
								},
								{
									"name": "R holder4",
									"from": [ -0.74, 0.01, -0.06 ],
									"to": [ 0.16, 0.33, 0.28 ],
									"rotationOrigin": [ -0.74, 0.68, 0.66 ],
									"rotationY": -5.0,
									"faces": {
										"north": { "texture": "#chestaccessories", "uv": [ 0.0, 1.0, 0.5, 2.5 ], "autoUv": false },
										"east": { "texture": "#chestaccessories", "uv": [ 1.5, 1.5, 3.0, 3.0 ], "autoUv": false },
										"south": { "texture": "#chestaccessories", "uv": [ 4.0, 0.5, 4.5, 2.0 ], "autoUv": false },
										"up": { "texture": "#chestaccessories", "uv": [ 0.0, 1.0, 0.5, 2.5 ], "autoUv": false },
										"down": { "texture": "#chestaccessories", "uv": [ 0.0, 0.0, 0.5, 1.5 ], "autoUv": false }
									}
								}
							]
						}
					]
				}
			]
		}
	],
	"animations": [
		{
			"name": "chestlidopen",
			"code": "chestlidopen",
			"quantityframes": 30,
			"onActivityStopped": "Rewind",
			"onAnimationEnd": "Hold",
			"keyframes": [
				{
					"frame": 0,
					"elements": {
						"chestlid": { "rotationX": 0.0, "rotationY": 0.0, "rotationZ": 0.0 }
					}
				},
				{
					"frame": 29,
					"elements": {
						"chestlid": { "rotationX": -67.5, "rotationY": 0.0, "rotationZ": 0.0 }
					}
				}
			]
		}
	]
}