[
    {
        file: "game:entities/land/bear.json",
        op: "add",
        path: "/attributes/adultWeightKgByType",
        value: {
            "*-black": 95.8,
            "*-brown": 236.25,
            "*-sun": 45,
            "*-panda": 107.5,
            "*-polar": 387.5,
        },
        side: "server"
    },
    {
        file: "game:entities/land/bear.json",
        op: "add",
        path: "/attributes/weightDimorphismByType",
        value: {
            "*-black": 0.25,
            "*-brown": 0.14,
            "*-sun": 0.05,
            "*-panda": 0.07,
            "*-polar": 0.4,
        },
        side: "server"
    },
    {
        file: "game:entities/land/bear.json",
        op: "add",
        path: "/client/behaviors/-",
        value: { code: "genelib.age" },
        side: "server"
    },
    {
        file: "game:entities/land/bear.json",
        op: "add",
        path: "/server/behaviors/-",
        value: {
            code: "genelib.age",
            "_comment": "40% of adult weight at one year old, stays with mother about 2.5 years. Here is years 2.5-5.",
            startAgeMonths: 30,
            monthsToGrow: 30.0,
            initialWeight: 0.7,
            finalWeight: 1.0,
        },
        side: "server"
    },
    {
        file: "game:entities/land/bear.json",
        op: "replace",
        path: "/server/behaviors/6/drops/0/quantityByType",
        value: {
            "*-black": { avg: 24, var: 1 },
            "*-brown": { avg: 59, var: 3 },
            "*-sun": { avg: 11, var: 0.5 },
            "*-panda": { avg: 27, var: 1 },
            "*-polar": { avg: 97, var: 5 },
        },
        side: "server"
    },
    {
        file: "game:entities/land/bear.json",
        op: "replace",
        path: "/server/behaviors/6/drops/1/quantityByType",
        value: {
            "*-black": { avg: 1, var: 0.1 },
            "*-brown": { avg: 1.9, var: 0.1 },
            "*-sun": { avg: 0, var: 0 },
            "*-panda": { avg: 1.1, var: 0.1 },
            "*-polar": { avg: 2.6, var: 0.1 },
        },
        side: "server"
    },
    {
        file: "game:entities/land/bear.json",
        op: "replace",
        path: "/server/behaviors/6/drops/2/quantityByType",
        value: {
            "*-black": { avg: 6, var: 0.1 },
            "*-brown": { avg: 15, var: 0.2 },
            "*-sun": { avg: 2.8, var: 0.1 },
            "*-panda": { avg: 7, var: 0.1 },
            "*-polar": { avg: 24, var: 0.3 },
        },
        side: "server"
    },
    {
        file: "game:entities/land/bear.json",
        op: "add",
        path: "/server/behaviors/6/drops/-",
        value: {
            type: "item", 
            code: "game:hide-raw-large", 
            quantityByType: {
                "*-black": { avg: 0, var: 0 },
                "*-brown": { avg: 0, var: 0 },
                "*-sun": { avg: 1.3, var: 0.1 },
                "*-panda": { avg: 0, var: 0 },
                "*-polar": { avg: 0, var: 0 },
            },
        },
        dependsOn: [ { modid: "hideandfabric", invert: true } ],
        side: "server"
    },
    {
        file: "game:entities/land/bear.json",
        op: "replace",
        path: "/server/behaviors/6/drops/1/quantityByType/*-sun",
        value: { avg: 1.3, var: 0.1 },
        dependsOn: [ { modid: "hideandfabric" } ],
        side: "server"
    },



    {
        file: "game:entities/land/bear.json",
        op: "add",
        path: "/attributes/creatureDiet",
        value: {
            foodCategories: ["Protein", "Dairy", "Fruit", "Grain", "Vegetable"],
            foodTagsByType: {
                "*-panda": ["meat", "egg", "vegetable", "lootableSweet", "sweetBerryBush", "acorn", "foliage", "grass"],
                "*": ["meat", "egg", "vegetable", "lootableSweet", "sweetBerryBush", "acorn"],
            },
        },
        side: "server"
    },
    {
        file: "game:entities/land/bear.json",
        op: "addmerge",
        path: "/behaviorConfigs",
        value: { },
        side: "server"
    },
    {
        file: "game:entities/land/bear.json",
        op: "addmerge",
        path: "/behaviorConfigs/genelib.hunger",
        value: { 
            monthsUntilWeaned: 10,
            fiberByType: { "*-polar": 0.02, "*-panda": 0.6, "*": 0.18 },
            sugarByType: { "*-polar": 0.03, "*-panda": 0.12, "*-sun": 0.3, "*": 0.18 },
            fatByType: { "*-polar": 0.3, "*-panda": 0.05, "*-sun": 0.1, "*": 0.17 },
            starchByType: { "*-polar": 0.03, "*-panda": 0.08, "*": 0.15 },
            proteinByType: { "*-polar": 0.6, "*-panda": 0.13, "*": 0.3 },
            water: 1.0,
            minerals: 0.02,
            mineralsMax: 0.1,
            avoidFoodTags: [ "sour" ],
            specialties: [ "bone" ],
            fiberDigestionByType: {
                "*-panda": 0.4,
                "*": 0.1
            },
            grazeMethods: ["nibblegraze", "root"],
            daysUntilHungry: 4,
            eatFromInventoryTask: {
                "_comment": "Bears are not small, but animal-eat sounds like getting hay out of a trough",
                useSound: "creature/animal-eat-small",
                priority: 1.36,
                animation: "eat",
            },
        },
        side: "server"
    },
    {
        file: "game:entities/land/bear.json",
        op: "add",
        path: "/server/behaviors/9/aitasks/-",
        value: {
            code: "genelib.forage",
            nurseFromEntities: "game:bear-female-{type}",
            mincooldownHours: 0.0,
            maxcooldownHours: 0.05,
            priority: 1.35,
            eatAnimation: "eat",
            animationSpeedByType: {
                "*-sun": 1.1,
                "*-black": 0.8,
                "*-brown": 0.9,
                "*-panda": 1,
                "*-polar": 0.8,
            },
            movespeedByType: {
                "*-sun": 0.01,
                "*-black": 0.015,
                "*-polar": 0.019,
                "*-brown": 0.02,
                "*-panda": 0.015,
            },
        },
        side: "server"
    },
]
