[
    {
        file: "game:entities/land/chicken-rooster.json",
        op: "replace",
        path: "/server/spawnconditionsByType/*/worldgen/companions",
        value: ["chicken-hen", "chicken-hen", "detailedanimals:chicken-female-chick", "detailedanimals:chicken-male-chick"],
        side: "server"
    },
    {
        file: "game:entities/land/chicken-rooster.json",
        op: "add",
        path: "/attributes/male",
        value: true,
        side: "server"
    },
    {
        file: "game:entities/land/chicken-hen.json",
        op: "add",
        path: "/attributes/male",
        value: false,
        side: "server"
    },
    {
        file: "game:entities/land/chicken-rooster.json",
        op: "replace",
        path: "/server/spawnconditionsByType/*/runtime/companions",
        value: ["chicken-hen", "chicken-hen", "detailedanimals:chicken-female-chick", "detailedanimals:chicken-male-chick"],
        side: "server"
    },



    {
        file: "game:entities/land/chicken-baby.json",
        op: "add",
        path: "/server/behaviors/6/drops/-",
        value: {
            type: "item", 
            code: "game:poultry-raw", 
            category: "meat",
            quantity: {
                "*":{ avg: 0.7, var: 0 } 
            }
        },
        side: "server"
    },
    {
        file: "game:entities/land/chicken-hen.json",
        op: "replace",
        path: "/server/behaviors/5/drops/0/quantityByType",
        value: { "*": { avg: 0.7, var: 0 } },
        side: "server"
    },
    {
        file: "game:entities/land/chicken-hen.json",
        op: "replace",
        path: "/server/behaviors/5/drops/1/quantity",
        value: { avg: 12, var: 4 },
        side: "server"
    },
    {
        file: "game:entities/land/chicken-rooster.json",
        op: "replace",
        path: "/server/behaviors/6/drops/0/quantityByType",
        value: { "*": { avg: 0.7, var: 0 } },
        side: "server"
    },
    {
        file: "game:entities/land/chicken-rooster.json",
        op: "replace",
        path: "/server/behaviors/6/drops/1/quantity",
        value: { avg: 12, var: 4 },
        side: "server"
    },

    {
        file: "game:entities/land/chicken-baby.json",
        op: "replace",
        path: "/server/behaviors/7",
        value: { 
            code: "genelib.age",
            monthsToGrow: 2.0,
            adultEntityCodesByType: {
                "*-male-*": ["game:chicken-roosterpoult"],
                "*-female-*": ["game:chicken-henpoult"],
                "*": ["game:chicken-henpoult", "game:chicken-roosterpoult"],
            },
            initialWeight: 0.0175,
        },
        side: "server"
    },
    {
        file: "game:entities/land/chicken-hen.json",
        op: "replace",
        path: "/server/behaviors/8",
        value: { 
            code: "genelib.age",
            monthsToGrow: 2.7,
            startAgeMonthsByType: {
                "*-henpoult": 2.0,
                "*-hen": 4.7,
            },
            adultEntityCodeByType: {
                "*-henpoult": "chicken-hen",
            },
            initialWeightByType: {
                "*-henpoult": 0.3,
                "*-hen": 0.7,
            },
            finalWeightByType: {
                "*-hen": 1.0,
            },
        },
        side: "server"
    },
    {
        file: "game:entities/land/chicken-rooster.json",
        op: "replace",
        path: "/server/behaviors/7",
        value: { 
            code: "genelib.age",
            monthsToGrow: 2.7,
            startAgeMonthsByType: {
                "*-roosterpoult": 2.0,
                "*-rooster": 4.7,
            },
            adultEntityCodeByType: {
                "*-roosterpoult": "chicken-rooster",
            },
            initialWeightByType: {
                "*-roosterpoult": 0.3,
                "*-rooster": 0.7,
            },
            finalWeightByType: {
                "*-rooster": 1.0,
            },
        },
        side: "server"
    },
    {
        file: "game:entities/land/chicken-baby.json",
        op: "add",
        path: "/client/behaviors/-",
        value: { code: "genelib.age" },
        side: "server"
    },
    {
        file: "game:entities/land/chicken-hen.json",
        op: "add",
        path: "/client/behaviors/-",
        value: { code: "genelib.age" },
        side: "server"
    },
    {
        file: "game:entities/land/chicken-rooster.json",
        op: "add",
        path: "/client/behaviors/-",
        value: { code: "genelib.age" },
        side: "server"
    },
    {
        file: "game:entities/land/chicken-baby.json",
        op: "addmerge",
        path: "/attributes",
        value: { adultWeightKg: 2, weightDimorphism: 0.08 },
        side: "server"
    },
    {
        file: "game:entities/land/chicken-hen.json",
        op: "addmerge",
        path: "/attributes",
        value: { adultWeightKg: 2, weightDimorphism: 0.08 },
        side: "server"
    },
    {
        file: "game:entities/land/chicken-rooster.json",
        op: "addmerge",
        path: "/attributes",
        value: { adultWeightKg: 2, weightDimorphism: 0.08 },
        side: "server"
    },
    {
        file: "game:entities/land/chicken-baby.json",
        op: "add",
        path: "/client/size",
        value: 2.0,
        side: "server"
    },
    {
        file: "game:entities/land/chicken-hen.json",
        op: "remove",
        path: "/client/sizeByType",
        side: "server"
    },
    {
        file: "game:entities/land/chicken-rooster.json",
        op: "remove",
        path: "/client/sizeByType",
        side: "server"
    },


    {
        file: "game:entities/land/chicken-hen.json",
        op: "addeach",
        path: "/attributes/creatureDiet/foodCategories/-",
        value: [ "Fruit", "Vegetable", "Protein", "Dairy" ],
        side: "server"
    },
    {
        file: "game:entities/land/chicken-rooster.json",
        op: "addeach",
        path: "/attributes/creatureDiet/foodCategories/-",
        value: [ "Fruit", "Vegetable", "Protein", "Dairy" ],
        side: "server"
    },
    {
        file: "game:entities/land/chicken-baby.json",
        op: "addeach",
        path: "/attributes/creatureDiet/foodCategories/-",
        value: [ "Fruit", "Vegetable", "Protein", "Dairy" ],
        side: "server"
    },
    {
        file: "game:entities/land/chicken-hen.json",
        op: "addeach",
        path: "/attributes/creatureDiet/foodTags/-",
        value: [ "grass", "vegetable", "foliage", "meat", "acorn", "soybean" ],
        side: "server"
    },
    {
        file: "game:entities/land/chicken-rooster.json",
        op: "addeach",
        path: "/attributes/creatureDiet/foodTags/-",
        value: [ "grass", "vegetable", "foliage", "meat", "acorn", "soybean" ],
        side: "server"
    },
    {
        file: "game:entities/land/chicken-baby.json",
        op: "addeach",
        path: "/attributes/creatureDiet/foodTags/-",
        value: [ "grass", "vegetable", "foliage", "meat", "acorn", "soybean" ],
        side: "server"
    },
    {
        file: "game:entities/land/chicken-hen.json",
        op: "addmerge",
        path: "/attributes/creatureDiet/skipFoodTags",
        value: [ "rawegg" ],
        side: "server"
    },
    {
        file: "game:entities/land/chicken-rooster.json",
        op: "addmerge",
        path: "/attributes/creatureDiet/skipFoodTags",
        value: [ "rawegg" ],
        side: "server"
    },
    {
        file: "game:entities/land/chicken-baby.json",
        op: "addmerge",
        path: "/attributes/creatureDiet/skipFoodTags",
        value: [ "rawegg" ],
        side: "server"
    },
    {
        file: "game:entities/land/chicken-hen.json",
        op: "addmerge",
        path: "/behaviorConfigs",
        value: { },
        side: "server"
    },
    {
        file: "game:entities/land/chicken-rooster.json",
        op: "addmerge",
        path: "/behaviorConfigs",
        value: { },
        side: "server"
    },
    {
        file: "game:entities/land/chicken-baby.json",
        op: "addmerge",
        path: "/behaviorConfigs",
        value: { },
        side: "server"
    },
    {
        file: "game:entities/land/chicken-rooster.json",
        op: "addmerge",
        path: "/behaviorConfigs/genelib.hunger",
        value: { 
            fiber: 0.1,
            fiberMax: 0.5,
            sugar: 0.1,
            fat: 0.05,
            fatMax: 0.3,
            starch: 0.55,
            protein: 0.18,
            water: 1.0,
            minerals: 0.02,
            mineralsMax: 0.1,
            fiberDigestion: 0.1,
            grazeMethods: ["nibblegraze"],
            eatRate: 0.04,
            saturationPerKgPerDay: 30,
        },
        side: "server"
    },
    {
        file: "game:entities/land/chicken-hen.json",
        op: "addmerge",
        path: "/behaviorConfigs/genelib.hunger",
        value: { 
            fiber: 0.1,
            fiberMax: 0.5,
            sugar: 0.1,
            fat: 0.05,
            fatMax: 0.3,
            starch: 0.55,
            protein: 0.18,
            water: 1.0,
            minerals: 0.02,
            mineralsMax: 0.1,
            fiberDigestion: 0.1,
            grazeMethods: ["nibblegraze"],
            eatRate: 0.04,
            saturationPerKgPerDay: 30,
        },
        side: "server"
    },
    {
        file: "game:entities/land/chicken-baby.json",
        op: "addmerge",
        path: "/behaviorConfigs/genelib.hunger",
        value: { 
            fiber: 0.1,
            fiberMax: 0.5,
            sugar: 0.1,
            fat: 0.05,
            fatMax: 0.3,
            starch: 0.55,
            protein: 0.18,
            water: 1.0,
            minerals: 0.02,
            mineralsMax: 0.1,
            fiberDigestion: 0.1,
            grazeMethods: ["nibblegraze"],
            eatRate: 0.04,
            saturationPerKgPerDay: 30,
        },
        side: "server"
    },
    {
        file: "game:entities/land/chicken-hen.json",
        op: "replace",
        path: "/server/behaviors/11/aitasks/3/code",
        value: "genelib.forage",
        side: "server"
    },
    {
        file: "game:entities/land/chicken-hen.json",
        op: "add",
        path: "/server/behaviors/11/aitasks/3/eatAnimation",
        value: "Eat",
        side: "server"
    },
    {
        file: "game:entities/land/chicken-hen.json",
        op: "replace",
        path: "/server/behaviors/11/aitasks/3/mincooldownHours",
        value: 0.0,
        side: "server"
    },
    {
        file: "game:entities/land/chicken-hen.json",
        op: "replace",
        path: "/server/behaviors/11/aitasks/3/maxcooldownHours",
        value: 0.05,
        side: "server"
    },
    {
        file: "game:entities/land/chicken-rooster.json",
        op: "replace",
        path: "/server/behaviors/10/aitasks/6/code",
        value: "genelib.forage",
        side: "server"
    },
    {
        file: "game:entities/land/chicken-rooster.json",
        op: "add",
        path: "/server/behaviors/10/aitasks/6/eatAnimation",
        value: "Eat",
        side: "server"
    },
    {
        file: "game:entities/land/chicken-rooster.json",
        op: "replace",
        path: "/server/behaviors/10/aitasks/6/mincooldownHours",
        value: 0.0,
        side: "server"
    },
    {
        file: "game:entities/land/chicken-rooster.json",
        op: "replace",
        path: "/server/behaviors/10/aitasks/6/maxcooldownHours",
        value: 0.05,
        side: "server"
    },
    {
        file: "game:entities/land/chicken-baby.json",
        op: "replace",
        path: "/server/behaviors/10/aitasks/3/code",
        value: "genelib.forage",
        side: "server"
    },
    {
        file: "game:entities/land/chicken-baby.json",
        op: "add",
        path: "/server/behaviors/10/aitasks/3/eatAnimation",
        value: "Eat",
        side: "server"
    },
    {
        file: "game:entities/land/chicken-baby.json",
        op: "replace",
        path: "/server/behaviors/10/aitasks/3/mincooldownHours",
        value: 0.0,
        side: "server"
    },
    {
        file: "game:entities/land/chicken-baby.json",
        op: "replace",
        path: "/server/behaviors/10/aitasks/3/maxcooldownHours",
        value: 0.05,
        side: "server"
    },
    {
        file: "game:entities/land/chicken-hen.json",
        op: "add",
        path: "/server/behaviors/11/aitasks/6/enabled",
        value: false,
        side: "server"
    },
    {
        file: "game:entities/land/chicken-rooster.json",
        op: "add",
        path: "/server/behaviors/10/aitasks/9/enabled",
        value: false,
        side: "server"
    },
    {
        file: "game:entities/land/chicken-baby.json",
        op: "add",
        path: "/server/behaviors/10/aitasks/4/enabled",
        value: false,
        side: "server"
    },


    {
        file: "game:entities/land/chicken-hen.json",
        op: "add",
        path: "/attributes/eggTypes",
        value: [
                { type: "item", code: "detailedanimals:egg-chicken-peewee-raw", },
                { type: "item", code: "detailedanimals:egg-chicken-small-raw", },
                { type: "item", code: "detailedanimals:egg-chicken-medium-raw", },
                { type: "item", code: "detailedanimals:egg-chicken-large-raw", },
                { type: "item", code: "detailedanimals:egg-chicken-jumbo-raw", },
            ],
        side: "server"
    },
    {
        file: "game:entities/land/chicken-hen.json",
        op: "replace",
        path: "/client/behaviors/4",
        value: { code: "genelib.eggreproduce", enabledByType: { "chicken-hen": true, "chicken-henpoult": false } },
        side: "server"
    },
    {
        file: "game:entities/land/chicken-hen.json",
        op: "replace",
        path: "/server/behaviors/7",
        value: {
            code: "genelib.eggreproduce",
            enabledByType: { "*-henpoult": false, "*": true },
            mateTaskPriority: 1.29,
            sireCodes: [ "game:chicken-rooster" ],
            offspringCodes: [ "detailedanimals:chicken-male-chick", "detailedanimals:chicken-female-chick" ],
            "_comment": "In egg-layers, gestationMonths is how long the female can lay fertile eggs after mating.",
            gestationMonths: 0.6,
            estrousCycleDays: 1,
            breedingPeakMonth: 4.0,
            breedingMonthsBefore: 3.5,
            breedingMonthsAfter: 6.5,
            breedingCooldownMonths: 1.5,
            "_comment2": "In egg layers, litter size is the number of fertile eggs that can be laid after a single mating.",
            litterAddAttempts: 15,
            litterAddChance: 0.5,
            hoursPerEgg: { avg: 25, var: 2, dist: "narrowgaussian" },
            incubationMonths: 0.7,
            layeggtask: {
                code: "genelib.layegg",
                priority: 1.37,
                layTime: 5,
                movespeed: 0.006,
                animation: "Walk",
                mincooldownHours: 1,
                maxcooldownHours: 2,
                sitAnimation: "Sit",
                sound: "creature/chicken/hen-lay"
            }
        },
        side: "server"
    },
    {
        file: "game:entities/land/chicken-hen.json",
        op: "replace",
        path: "/server/behaviors/11/aitasks/2",
        value: {
            code: "genelib.sitonnest",
            enabledByType: { "*-henpoult": false, "*": true },
            priority: 1.36,
            layTime: 5,
            sitDays: 0.45,
            movespeed: 0.006,
            animation: "Walk",
            mincooldownHours: 0.1,
            maxcooldownHours: 0.8,
            sitAnimation: "Sit",
            sound: "creature/chicken/hen-lay"
        },
        side: "server"
    },
    {
        file: "game:entities/land/chicken-hen.json",
        op: "add",
        path: "/server/behaviors/-",
        value: { code: "genelib.genetics", genomeType: "detailedanimals:junglefowl" },
        side: "server"
    },
    {
        file: "game:entities/land/chicken-rooster.json",
        op: "add",
        path: "/server/behaviors/-",
        value: { code: "genelib.genetics", genomeType: "detailedanimals:junglefowl" },
        side: "server"
    },
    {
        file: "game:entities/land/chicken-baby.json",
        op: "add",
        path: "/server/behaviors/-",
        value: { code: "genelib.genetics", genomeType: "detailedanimals:junglefowl" },
        side: "server"
    },
    {
        file: "game:entities/land/chicken-hen.json",
        op: "add",
        path: "/client/behaviors/-",
        value: { code: "genelib.genetics", genomeType: "detailedanimals:junglefowl" },
        side: "server"
    },
    {
        file: "game:entities/land/chicken-rooster.json",
        op: "add",
        path: "/client/behaviors/-",
        value: { code: "genelib.genetics", genomeType: "detailedanimals:junglefowl" },
        side: "server"
    },
    {
        file: "game:entities/land/chicken-baby.json",
        op: "add",
        path: "/client/behaviors/-",
        value: { code: "genelib.genetics", genomeType: "detailedanimals:junglefowl" },
        side: "server"
    },


    {
        file: "game:entities/land/chicken-baby.json",
        op: "replace",
        path: "/client/shape",
        value: { base: "detailedanimals:entity/chicken/chick" },
        side: "server"
    },
    {
        file: "game:entities/land/chicken-baby.json",
        op: "replace",
        path: "/client/texture",
        value: { base: "detailedanimals:entity/chicken/chick-duckwing", 
            alternates: [{ base: "detailedanimals:entity/chicken/chick-yellow"}, 
            { base: "detailedanimals:entity/chicken/chick-black"}, 
            { base: "detailedanimals:entity/chicken/chick-blue"},
            { base: "detailedanimals:entity/chicken/chick-splash"},
            { base: "detailedanimals:entity/chicken/chick-black", "_comment": "Birchen chicks look just like black ones"}, 
            { base: "detailedanimals:entity/chicken/chick-blue"},
            { base: "detailedanimals:entity/chicken/chick-splash"},
            { base: "detailedanimals:entity/chicken/chick-duckwing-blue"},
            { base: "detailedanimals:entity/chicken/chick-duckwing-splash"},
            ] 
        },
        side: "server"
    },
    {
        file: "game:entities/land/chicken-hen.json",
        op: "replace",
        path: "/client/shape",
        value: { base: "detailedanimals:entity/chicken/hen" },
        side: "server"
    },
    {
        file: "game:entities/land/chicken-hen.json",
        op: "remove",
        path: "/client/texture",
        side: "server"
    },
    {
        file: "game:entities/land/chicken-hen.json",
        op: "add",
        path: "/client/textures",
        value: {
                chicken: { base: "detailedanimals:entity/chicken/hen-duckwing", 
                    alternates: [{ base: "detailedanimals:entity/chicken/adult-white"}, 
                    { base: "detailedanimals:entity/chicken/adult-black"}, 
                    { base: "detailedanimals:entity/chicken/hen-blue"},
                    { base: "detailedanimals:entity/chicken/hen-splash"},
                    { base: "detailedanimals:entity/chicken/hen-birchen"},
                    { base: "detailedanimals:entity/chicken/hen-birchen-blue"},
                    { base: "detailedanimals:entity/chicken/hen-birchen-splash"},
                    { base: "detailedanimals:entity/chicken/hen-duckwing-blue"},
                    { base: "detailedanimals:entity/chicken/hen-duckwing-splash"},
                ]},
                shanks: { base: "detailedanimals:entity/chicken/shanks/darkwhite",
                    alternates: [{ base: "detailedanimals:entity/chicken/shanks/darkyellow"},
                    { base: "detailedanimals:entity/chicken/shanks/black"},
                    { base: "detailedanimals:entity/chicken/shanks/blackyellow"},
                    { base: "detailedanimals:entity/chicken/shanks/white"},
                    { base: "detailedanimals:entity/chicken/shanks/yellow"},
                ]}
        },
        side: "server"
    },
    {
        file: "game:entities/land/chicken-rooster.json",
        op: "replace",
        path: "/client/shape",
        value: { base: "detailedanimals:entity/chicken/rooster" },
        side: "server"
    },
    {
        file: "game:entities/land/chicken-rooster.json",
        op: "remove",
        path: "/client/texture",
        side: "server"
    },
    {
        file: "game:entities/land/chicken-rooster.json",
        op: "add",
        path: "/client/textures",
        value: {
                chicken: { base: "detailedanimals:entity/chicken/rooster-duckwing", 
                    alternates: [{ base: "detailedanimals:entity/chicken/adult-white"}, 
                    { base: "detailedanimals:entity/chicken/adult-black"}, 
                    { base: "detailedanimals:entity/chicken/rooster-blue"},
                    { base: "detailedanimals:entity/chicken/rooster-splash"},
                    { base: "detailedanimals:entity/chicken/rooster-birchen"},
                    { base: "detailedanimals:entity/chicken/rooster-birchen-blue"},
                    { base: "detailedanimals:entity/chicken/rooster-birchen-splash"},
                    { base: "detailedanimals:entity/chicken/rooster-duckwing-blue"},
                    { base: "detailedanimals:entity/chicken/rooster-duckwing-splash"},
                    ]},
                shanks: { base: "detailedanimals:entity/chicken/shanks/darkwhite",
                    alternates: [{ base: "detailedanimals:entity/chicken/shanks/darkyellow"},
                    { base: "detailedanimals:entity/chicken/shanks/black"},
                    { base: "detailedanimals:entity/chicken/shanks/blackyellow"},
                    { base: "detailedanimals:entity/chicken/shanks/white"},
                    { base: "detailedanimals:entity/chicken/shanks/yellow"},
                ]}
        },
        side: "server"
    },
]
