[
    {
        file: "game:entities/land/fox.json",
        op: "replace",
        path: "/client/shapeByType",
        value: {
            "*-pup-*": { base: "game:entity/land/fox-pup" },
            "*": { base: "game:entity/land/fox-{gender}" },
        },
        side: "server"
    },
    {
        file: "game:entities/land/fox.json",
        op: "replace",
        path: "/client/textureByType",
        value: {
            "*-pup-*": { base: "game:entity/fox/{type}-pup" },
            "*": { base: "game:entity/fox/{type}-{gender}" },
        },
        side: "server"
    },
    {
        file: "game:entities/land/fox.json",
        op: "replace",
        path: "/server/spawnconditionsByType/fox-male-red/worldgen/companions",
        value: ["game:fox-female-red", "detailedanimals:fox-male-pup-red", "detailedanimals:fox-female-pup-red"],
        side: "server"
    },
    {
        file: "game:entities/land/fox.json",
        op: "replace",
        path: "/server/spawnconditionsByType/fox-male-red/runtime/companions",
        value: ["game:fox-female-red", "detailedanimals:fox-male-pup-red", "detailedanimals:fox-female-pup-red"],
        side: "server"
    },
    {
        file: "game:entities/land/fox.json",
        op: "replace",
        path: "/server/spawnconditionsByType/fox-male-arctic/worldgen/companions",
        value: ["game:fox-female-arctic", "detailedanimals:fox-male-pup-arctic", "detailedanimals:fox-female-pup-arctic"],
        side: "server"
    },
    {
        file: "game:entities/land/fox.json",
        op: "replace",
        path: "/server/spawnconditionsByType/fox-male-arctic/runtime/companions",
        value: ["game:fox-female-arctic", "detailedanimals:fox-male-pup-arctic", "detailedanimals:fox-female-pup-arctic"],
        side: "server"
    },


    {
        file: "game:entities/land/fox.json",
        op: "add",
        path: "/attributes/adultWeightKgByType",
        value: { "*-red": 7.4, "*-arctic": 3.2 },
        side: "server"
    },
    {
        file: "game:entities/land/fox.json",
        op: "add",
        path: "/attributes/weightDimorphism",
        value: 0.1,
        side: "server"
    },
    {
        file: "game:entities/land/fox.json",
        op: "replace",
        path: "/server/behaviors/10",
        value: {
            code: "genelib.age",
            adultEntityCodesByType: {
                "fox-female-pup-*": [ "game:fox-female-{type}" ],
                "fox-male-pup-*": [ "game:fox-male-{type}" ],
                "fox-pup-*": [ "game:fox-male-{type}", "game:fox-female-{type}" ]
            },
            monthsToGrow: 6.0,
            startAgeMonthsByType: {
                "*-pup": 0.0,
                "*": 6.0,
            },
            initialWeightByType: {
                "*-pup-*": 0.08,
                "*": 0.7,
            },
        },
        side: "server"
    },
    {
        file: "game:entities/land/fox.json",
        op: "add",
        path: "/client/behaviors/-",
        value: { code: "genelib.age" },
        side: "server"
    },
    {
        file: "game:entities/land/fox.json",
        op: "add",
        path: "/client/sizeByType",
        value: {
            "*-pup-*": 1.6,
            "*": 1
        },
        side: "server"
    },

    {
        file: "game:entities/land/fox.json",
        op: "replace",
        path: "/server/behaviors/7/drops/0/quantityByType",
        value: {
            "*-red-*": { avg: 1.8, var: 0 },
            "*-arctic-*": { avg: 0.8, var: 0 } 
        },
        side: "server"
    },
    {
        file: "game:entities/land/fox.json",
        op: "replace",
        path: "/server/behaviors/7/drops/1/quantityByType",
        value: {
            "*-red-*": { avg: 1, var: 0 },
            "*-arctic-*": { avg: 0.5, var: 0 } 
        },
        side: "server"
    },
    {
        file: "game:entities/land/fox.json",
        op: "replace",
        path: "/server/behaviors/7/drops/2/quantityByType",
        value: {
            "*-red-*": { avg: 0.3, var: 0 },
            "*-arctic-*": { avg: 0.1, var: 0 } 
        },
        side: "server"
    },



    {
        file: "game:entities/land/fox.json",
        op: "add",
        path: "/client/behaviors/-",
        value: { code: "genelib.reproduce", enabledByType: { "fox-female-red": true, "fox-female-arctic": true, "*": false } },
        side: "server"
    },
    {
        file: "game:entities/land/fox.json",
        op: "replace",
        path: "/server/behaviors/9",
        value: {
            code: "genelib.reproduce",
            enabledByType: { "fox-female-red": true, "fox-female-arctic": true, "*": false },
            mateTaskPriority: 1.34,
            sireCodes: ["game:fox-male-{type}"],
            offspringCodes: ["detailedanimals:fox-male-pup-{type}", "detailedanimals:fox-female-pup-{type}"],
            gestationMonths: 1.72,
            cooldownMonths: 9.0,
            lactationMonths: 5,
            estrousCycleMonths: 0.9,
            daysInHeat: 4.0,
            breedingPeakMonthByType: {
                "*-red": 1.6,
                "*-arctic": 2.5,
            },
            breedingMonthsBefore: 0.5,
            breedingMonthsAfter: 0.3,
            litterAddChance: 0.4,
            litterAddAttempts: 12,
        },
        side: "server"
    },



    {
        file: "game:entities/land/fox.json",
        op: "add",
        path: "/attributes/creatureDiet",
        value: {
            foodCategories: ["Protein", "Dairy", "Fruit", "Grain", "Vegetable"],
            foodTags: ["meat", "vegetable", "egg"],
        },
        side: "server"
    },
    {
        file: "game:entities/land/fox.json",
        op: "addmerge",
        path: "/behaviorConfigs",
        value: { },
        side: "server"
    },
    {
        file: "game:entities/land/fox.json",
        op: "addmerge",
        path: "/behaviorConfigs/genelib.hunger",
        value: { 
            monthsUntilWeaned: 4,
            fiber: 0.1,
            sugar: 0.08,
            fat: 0.2,
            starch: 0.1,
            protein: 0.5,
            water: 1.0,
            minerals: 0.02,
            mineralsMax: 0.1,
            avoidFoodTags: [ "sour" ],
            specialties: [ "bone" ],
            fiberDigestion: 0.0,
            daysUntilHungry: 3.2,
        },
        side: "server"
    },
    {
        file: "game:entities/land/fox.json",
        op: "add",
        path: "/server/behaviors/12/aitasks/-",
        value: {
            code: "genelib.forage",
            nurseFromEntities: "game:fox-female-{type}",
            priority: 1.35,
            movespeed: 0.008,
            animationSpeed: 2,
            eatTime: 2,
            animation: "Walk",
            mincooldownHours: 0.0,
            maxcooldownHours: 0.05,
        },
        side: "server"
    },

    {
        file: "game:entities/land/fox.json",
        op: "add",
        path: "/server/behaviors/12/aitasks/4/entityCodes/-",
        value: "chicken-*-chick",
        side: "server"
    },
    {
        file: "game:entities/land/fox.json",
        op: "add",
        path: "/server/behaviors/12/aitasks/5/entityCodes/-",
        value: "chicken-*-chick",
        side: "server"
    },
]
