{
	"editor": {
		"collapsedPaths": "Root/ORIGIN/Axle/Axle2/LeftWheel2,Root/ORIGIN/FrontAxle/Axle6/LeftWheel5,Root/ORIGIN/BackAxle/Axle3/LeftWheel2,Root/ORIGIN/Frame/Frame6,Root/ORIGIN/RotationCenter/Top3,Root/ORIGIN/Frame/FrameMid/Frame3/Frame4,Root/ORIGIN/Frame/SideFrame1/SideFrame2/Sideboard4,Root/originCHEST2,Root/ORIGIN/Axle4/Axle6,Root/ORIGIN/Base3,Root/ORIGIN/Axle/Axle3/LeftWheel2,Root/ORIGIN/FrontAxle,Root/ORIGIN/Frame6/Frame7,Root/ORIGIN/Cube22,Root/ORIGIN/Frame11/Frame12,Root/ORIGIN/Frame/Frame11,Root/origin,Root/ORIGIN/Base,Root/ORIGIN/RotationCenter/Base3,Root/originCHEST,Root/ORIGIN/Top,Root/ORIGIN/Frame/SideFrame9,Root/ORIGIN/FrameL2,Root/ORIGIN/Axle/Axle2/LeftWheel,Root/ORIGIN/Axle4/Axle5/LeftWheel4,Root/ORIGIN/RotationCenter/FrameL2,Root/origin/floor,Root/ORIGIN/Frame3,Root/ORIGIN/RotationCenter/Base",
		"allAngles": false,
		"entityTextureMode": false
	},
	"textureWidth": 16,
	"textureHeight": 16,
	"textureSizes": {
		"oak-h": [16,16],
		"oak1": [16,16],
		"oak": [16,16],
		"oak2": [16,16],
		"iron": [16,16],
		"oak3": [16,16],
		"oak4": [16,16],
		"blackbronze": [16,16],
		"mordant": [16,16]
	},
	"textures": {
	},
	"elements": [
		{
			"name": "ORIGIN",
			"from": [ 15.0, -1.5, 8.0 ],
			"to": [ 15.0, -1.5, 8.0 ],
			"rotationOrigin": [ 15.0, -1.5, 8.0 ],
			"rotationZ": -5.0,
			"faces": {
				"north": { "texture": "#oak1", "uv": [ 0.0, 0.0, 0.5, 0.5 ] },
				"east": { "texture": "#oak1", "uv": [ 0.0, 0.0, 0.5, 0.5 ] },
				"south": { "texture": "#oak1", "uv": [ 0.0, 0.0, 0.5, 0.5 ] },
				"west": { "texture": "#oak1", "uv": [ 0.0, 0.0, 0.5, 0.5 ] },
				"up": { "texture": "#oak1", "uv": [ 0.0, 0.0, 0.5, 0.5 ] },
				"down": { "texture": "#oak1", "uv": [ 0.0, 0.0, 0.5, 0.5 ] }
			},
			"children": [
				{
					"name": "BackAxle",
					"from": [ 16.0, 3.0, 0.0 ],
					"to": [ 18.0, 5.0, 11.0 ],
					"rotationOrigin": [ 17.0, 4.0, 8.0 ],
					"rotationZ": 180.0,
					"faces": {
						"north": { "texture": "#oak-h", "uv": [ 0.0, 0.0, 2.0, 2.0 ] },
						"east": { "texture": "#oak-h", "uv": [ 0.0, 0.0, 11.0, 2.0 ] },
						"south": { "texture": "#oak-h", "uv": [ 0.0, 0.0, 2.0, 2.0 ] },
						"west": { "texture": "#oak-h", "uv": [ 0.0, 0.0, 11.0, 2.0 ] },
						"up": { "texture": "#oak-h", "uv": [ 0.0, 0.0, 11.0, 2.0 ], "rotation": 90, "windMode": [-1,-1,-1,-1] },
						"down": { "texture": "#oak-h", "uv": [ 0.0, 0.0, 11.0, 2.0 ], "rotation": 90, "windMode": [-1,-1,-1,-1] }
					},
					"children": [
						{
							"name": "Axle3",
							"from": [ 0.0, 0.0, -11.0 ],
							"to": [ 2.0, 2.0, 0.0 ],
							"rotationOrigin": [ 1.0, 1.0, -3.0 ],
							"faces": {
								"north": { "texture": "#oak-h", "uv": [ 0.0, 0.0, 2.0, 2.0 ] },
								"east": { "texture": "#oak-h", "uv": [ 0.0, 0.0, 11.0, 2.0 ] },
								"south": { "texture": "#oak-h", "uv": [ 0.0, 0.0, 2.0, 2.0 ] },
								"west": { "texture": "#oak-h", "uv": [ 0.0, 0.0, 11.0, 2.0 ] },
								"up": { "texture": "#oak-h", "uv": [ 0.0, 0.0, 11.0, 2.0 ], "rotation": 90, "windMode": [-1,-1,-1,-1] },
								"down": { "texture": "#oak-h", "uv": [ 0.0, 0.0, 11.0, 2.0 ], "rotation": 90, "windMode": [-1,-1,-1,-1] }
							}
						}
					]
				},
				{
					"name": "RotationCenter",
					"from": [ 17.0, 4.0, 0.0 ],
					"to": [ 17.0, 4.0, 0.0 ],
					"rotationOrigin": [ 17.0, 4.0, 0.0 ],
					"faces": {
						"north": { "texture": "#blackbronze", "uv": [ 0.0, 0.0, 0.5, 0.5 ] },
						"east": { "texture": "#blackbronze", "uv": [ 0.0, 0.0, 0.5, 0.5 ] },
						"south": { "texture": "#blackbronze", "uv": [ 0.0, 0.0, 0.5, 0.5 ] },
						"west": { "texture": "#blackbronze", "uv": [ 0.0, 0.0, 0.5, 0.5 ] },
						"up": { "texture": "#blackbronze", "uv": [ 0.0, 0.0, 0.5, 0.5 ] },
						"down": { "texture": "#blackbronze", "uv": [ 0.0, 0.0, 0.5, 0.5 ] }
					},
					"children": [
						{
							"name": "RightStorage1",
							"from": [ -17.0, 10.0, -4.0 ],
							"to": [ -1.0, 18.0, 12.0 ],
							"rotationOrigin": [ -17.0, 10.0, -4.0 ],
							"rotationX": 22.5,
							"faces": {
							},
							"attachmentpoints": [
								{
									"code": "RightStorage1AP",
									"posX": "8.0","posY": "0.0","posZ": "8.0",
									"rotationX": "0.0","rotationY": "0.0","rotationZ": "0.0"
								}
							]
						},
						{
							"name": "LeftStorage1",
							"from": [ -33.0, 10.0, -4.0 ],
							"to": [ -17.0, 18.0, 12.0 ],
							"rotationOrigin": [ -33.0, 10.0, -4.0 ],
							"rotationX": 22.5,
							"faces": {
							},
							"attachmentpoints": [
								{
									"code": "LeftStorage1AP",
									"posX": "8.0","posY": "0.0","posZ": "8.0",
									"rotationX": "0.0","rotationY": "0.0","rotationZ": "0.0"
								}
							]
						},
						{
							"name": "Light1",
							"from": [ -36.8, 13.2, 7.0 ],
							"to": [ -34.8, 17.2, 9.0 ],
							"rotationOrigin": [ -35.7, 13.0, 8.0 ],
							"rotationY": 90.0,
							"faces": {
							},
							"attachmentpoints": [
								{
									"code": "Light1AP",
									"posX": "0.0","posY": "0.0","posZ": "0.0",
									"rotationX": "0.0","rotationY": "0.0","rotationZ": "0.0"
								}
							]
						},
						{
							"name": "Canopy",
							"from": [ -37.0, 1.7, -7.0 ],
							"to": [ -35.0, 7.7, 7.0 ],
							"rotationOrigin": [ -37.0, 1.5, -7.0 ],
							"faces": {
							},
							"attachmentpoints": [
								{
									"code": "CanopyAP",
									"posX": "8.0","posY": "6.0","posZ": "2.0",
									"rotationX": "0.0","rotationY": "0.0","rotationZ": "0.0"
								}
							]
						},
						{
							"name": "Base",
							"from": [ -22.9991, 2.0001, 7.0007 ],
							"to": [ -8.9991, 3.0001, 19.0007 ],
							"rotationOrigin": [ -23.0, 2.0, 7.0 ],
							"rotationX": 89.993,
							"rotationY": -89.9657,
							"rotationZ": -89.979,
							"faces": {
								"north": { "texture": "#oak", "uv": [ 0.0, 10.0, 14.0, 11.0 ] },
								"east": { "texture": "#oak", "uv": [ 0.0, 8.0, 12.0, 9.0 ] },
								"south": { "texture": "#oak", "uv": [ 1.5, 10.5, 15.5, 11.5 ] },
								"west": { "texture": "#oak", "uv": [ 0.0, 5.5, 12.0, 6.5 ] },
								"up": { "texture": "#oak", "uv": [ 0.0, 0.0, 12.0, 14.0 ], "rotation": 90, "windMode": [-1,-1,-1,-1] },
								"down": { "texture": "#oak", "uv": [ 0.0, 0.0, 12.0, 14.0 ], "rotation": 90, "windMode": [-1,-1,-1,-1] }
							},
							"children": [
								{
									"name": "Base2",
									"from": [ 0.0, 0.0078, -12.5 ],
									"to": [ 14.0, 1.0078, 0.0 ],
									"rotationOrigin": [ 0.0, 0.0078, -12.5 ],
									"faces": {
										"north": { "texture": "#oak", "uv": [ 0.0, 10.0, 14.0, 11.0 ] },
										"east": { "texture": "#oak", "uv": [ 0.0, 8.0, 12.5, 9.0 ] },
										"south": { "texture": "#oak", "uv": [ 1.5, 10.5, 15.5, 11.5 ] },
										"west": { "texture": "#oak", "uv": [ 0.0, 5.5, 12.5, 6.5 ] },
										"up": { "texture": "#oak", "uv": [ 0.0, 0.0, 12.5, 14.0 ], "rotation": 90, "windMode": [-1,-1,-1,-1] },
										"down": { "texture": "#oak", "uv": [ 0.0, 0.0, 12.5, 14.0 ], "rotation": 90, "windMode": [-1,-1,-1,-1] }
									}
								},
								{
									"name": "Base5",
									"from": [ 0.0, 0.0078, -23.5 ],
									"to": [ 14.0, 1.0078, -12.5 ],
									"rotationOrigin": [ 0.0, 0.0078, -23.5 ],
									"faces": {
										"north": { "texture": "#oak", "uv": [ 0.0, 10.0, 14.0, 11.0 ] },
										"east": { "texture": "#oak", "uv": [ 0.0, 8.0, 11.0, 9.0 ] },
										"south": { "texture": "#oak", "uv": [ 1.5, 10.5, 15.5, 11.5 ] },
										"west": { "texture": "#oak", "uv": [ 0.0, 5.5, 11.0, 6.5 ] },
										"up": { "texture": "#oak", "uv": [ 0.0, 0.0, 11.0, 14.0 ], "rotation": 90, "windMode": [-1,-1,-1,-1] },
										"down": { "texture": "#oak", "uv": [ 0.0, 0.0, 11.0, 14.0 ], "rotation": 90, "windMode": [-1,-1,-1,-1] }
									}
								},
								{
									"name": "Base11",
									"from": [ 14.0, 0.01, -23.3 ],
									"to": [ 26.0, 0.51, -9.3 ],
									"rotationOrigin": [ 14.0, 0.01, -23.3 ],
									"rotationX": 90.0,
									"rotationY": -90.0,
									"faces": {
										"north": { "texture": "#oak", "uv": [ 0.0, 10.0, 12.0, 10.5 ] },
										"east": { "texture": "#oak", "uv": [ 0.0, 8.0, 14.0, 8.5 ] },
										"south": { "texture": "#oak", "uv": [ 1.5, 10.5, 13.5, 11.0 ] },
										"west": { "texture": "#oak", "uv": [ 0.0, 5.5, 14.0, 6.0 ] },
										"up": { "texture": "#oak", "uv": [ 0.0, 0.0, 14.0, 12.0 ], "rotation": 90, "windMode": [-1,-1,-1,-1] },
										"down": { "texture": "#oak", "uv": [ 0.0, 0.0, 14.0, 12.0 ], "rotation": 90, "windMode": [-1,-1,-1,-1] }
									}
								},
								{
									"name": "Base12",
									"from": [ 14.0, 0.01, 11.0 ],
									"to": [ 26.0, 0.81, 25.0 ],
									"rotationOrigin": [ 14.0, 0.01, 11.0 ],
									"rotationX": 90.0,
									"rotationY": -90.0,
									"faces": {
										"north": { "texture": "#oak", "uv": [ 0.0, 10.0, 12.0, 10.5 ] },
										"east": { "texture": "#oak", "uv": [ 0.0, 8.0, 14.0, 8.5 ] },
										"south": { "texture": "#oak", "uv": [ 1.5, 10.5, 13.5, 11.0 ] },
										"west": { "texture": "#oak", "uv": [ 0.0, 5.5, 14.0, 6.0 ] },
										"up": { "texture": "#oak", "uv": [ 0.0, 0.0, 14.0, 12.0 ], "rotation": 90, "windMode": [-1,-1,-1,-1] },
										"down": { "texture": "#oak", "uv": [ 0.0, 0.0, 14.0, 12.0 ], "rotation": 90, "windMode": [-1,-1,-1,-1] }
									}
								}
							]
						},
						{
							"name": "Base3",
							"from": [ 0.5, 0.3, 30.4 ],
							"to": [ 4.5, 0.8, 41.4 ],
							"rotationOrigin": [ -0.5, 0.3, 7.4 ],
							"rotationX": -90.0,
							"rotationY": -90.0,
							"faces": {
								"north": { "texture": "#oak", "uv": [ 0.0, 10.0, 4.0, 10.5 ] },
								"east": { "texture": "#oak", "uv": [ 0.0, 8.0, 11.0, 8.5 ] },
								"south": { "texture": "#oak", "uv": [ 1.5, 10.5, 5.5, 11.0 ] },
								"west": { "texture": "#oak", "uv": [ 0.0, 5.5, 11.0, 6.0 ] },
								"up": { "texture": "#oak", "uv": [ 0.0, 0.0, 11.0, 4.0 ], "rotation": 90, "windMode": [-1,-1,-1,-1] },
								"down": { "texture": "#oak", "uv": [ 0.0, 0.0, 11.0, 4.0 ], "rotation": 90, "windMode": [-1,-1,-1,-1] }
							},
							"children": [
								{
									"name": "Base4",
									"from": [ 0.0, 0.0078, -12.0 ],
									"to": [ 4.0, 0.5078, 0.0 ],
									"rotationOrigin": [ 0.0, 0.0078, -12.0 ],
									"faces": {
										"north": { "texture": "#oak", "uv": [ 0.0, 10.0, 4.0, 10.5 ] },
										"east": { "texture": "#oak", "uv": [ 0.0, 8.0, 12.0, 8.5 ] },
										"south": { "texture": "#oak", "uv": [ 1.5, 10.5, 5.5, 11.0 ] },
										"west": { "texture": "#oak", "uv": [ 0.0, 5.5, 12.0, 6.0 ] },
										"up": { "texture": "#oak", "uv": [ 0.0, 0.0, 12.0, 4.0 ], "rotation": 90, "windMode": [-1,-1,-1,-1] },
										"down": { "texture": "#oak", "uv": [ 0.0, 0.0, 12.0, 4.0 ], "rotation": 90, "windMode": [-1,-1,-1,-1] }
									}
								},
								{
									"name": "Base6",
									"from": [ 0.0, 0.01, -24.0 ],
									"to": [ 4.0, 0.51, -12.0 ],
									"rotationOrigin": [ 0.0, 0.0078, -24.0 ],
									"faces": {
										"north": { "texture": "#oak", "uv": [ 0.0, 10.0, 4.0, 10.5 ] },
										"east": { "texture": "#oak", "uv": [ 0.0, 8.0, 12.0, 8.5 ] },
										"south": { "texture": "#oak", "uv": [ 1.5, 10.5, 5.5, 11.0 ] },
										"west": { "texture": "#oak", "uv": [ 0.0, 5.5, 12.0, 6.0 ] },
										"up": { "texture": "#oak", "uv": [ 0.0, 0.0, 12.0, 4.0 ], "rotation": 90, "windMode": [-1,-1,-1,-1] },
										"down": { "texture": "#oak", "uv": [ 0.0, 0.0, 12.0, 4.0 ], "rotation": 90, "windMode": [-1,-1,-1,-1] }
									}
								}
							]
						},
						{
							"name": "MainGrip",
							"from": [ -61.0, 13.2, -8.0 ],
							"to": [ -53.0, 17.2, 8.0 ],
							"rotationOrigin": [ -57.0, 15.0, 0.0 ],
							"faces": {
							},
							"attachmentpoints": [
								{
									"code": "MainGripAP",
									"posX": "0.0","posY": "0.0","posZ": "0.0",
									"rotationX": "0.0","rotationY": "0.0","rotationZ": "0.0"
								}
							]
						},
						{
							"name": "FrameL2",
							"from": [ -1.0, 9.0, 7.0 ],
							"to": [ 1.0, 19.0, 9.0 ],
							"rotationOrigin": [ -1.0, 9.0, 7.0 ],
							"faces": {
								"north": { "texture": "#oak-h", "uv": [ 0.0, 0.0, 10.0, 2.0 ], "rotation": 90 },
								"east": { "texture": "#oak-h", "uv": [ 0.0, 0.0, 10.0, 2.0 ], "rotation": 90, "windMode": [-1,-1,-1,-1] },
								"south": { "texture": "#oak-h", "uv": [ 0.0, 0.0, 10.0, 2.0 ], "rotation": 90, "windMode": [-1,-1,-1,-1] },
								"west": { "texture": "#oak-h", "uv": [ 0.0, 0.0, 10.0, 2.0 ], "rotation": 90, "windMode": [-1,-1,-1,-1] },
								"up": { "texture": "#oak-h", "uv": [ 0.0, 0.0, 2.0, 2.0 ], "rotation": 90, "windMode": [-1,-1,-1,-1] },
								"down": { "texture": "#oak-h", "uv": [ 0.0, 0.0, 2.0, 2.0 ], "rotation": 90, "windMode": [-1,-1,-1,-1] }
							},
							"children": [
								{
									"name": "FrameL",
									"from": [ 0.0, -8.0, 0.0 ],
									"to": [ 2.0, 0.0, 2.0 ],
									"rotationOrigin": [ 0.0, -8.0, 0.0 ],
									"faces": {
										"north": { "texture": "#oak-h", "uv": [ 0.0, 0.0, 8.0, 2.0 ], "rotation": 90 },
										"east": { "texture": "#oak-h", "uv": [ 0.0, 0.0, 8.0, 2.0 ], "rotation": 90, "windMode": [-1,-1,-1,-1] },
										"south": { "texture": "#oak-h", "uv": [ 0.0, 0.0, 8.0, 2.0 ], "rotation": 90, "windMode": [-1,-1,-1,-1] },
										"west": { "texture": "#oak-h", "uv": [ 0.0, 0.0, 8.0, 2.0 ], "rotation": 90, "windMode": [-1,-1,-1,-1] },
										"up": { "texture": "#oak-h", "uv": [ 0.0, 0.0, 2.0, 2.0 ], "rotation": 90, "windMode": [-1,-1,-1,-1] },
										"down": { "texture": "#oak-h", "uv": [ 0.0, 0.0, 2.0, 2.0 ], "rotation": 90, "windMode": [-1,-1,-1,-1] }
									}
								},
								{
									"name": "Frame3",
									"from": [ 0.0, 0.0, -16.0 ],
									"to": [ 2.0, 10.0, -14.0 ],
									"faces": {
										"north": { "texture": "#oak-h", "uv": [ 0.0, 0.0, 10.0, 2.0 ], "rotation": 90 },
										"east": { "texture": "#oak-h", "uv": [ 0.0, 0.0, 10.0, 2.0 ], "rotation": 90, "windMode": [-1,-1,-1,-1] },
										"south": { "texture": "#oak-h", "uv": [ 0.0, 0.0, 10.0, 2.0 ], "rotation": 90, "windMode": [-1,-1,-1,-1] },
										"west": { "texture": "#oak-h", "uv": [ 0.0, 0.0, 10.0, 2.0 ], "rotation": 90, "windMode": [-1,-1,-1,-1] },
										"up": { "texture": "#oak-h", "uv": [ 0.0, 0.0, 2.0, 2.0 ], "rotation": 90, "windMode": [-1,-1,-1,-1] },
										"down": { "texture": "#oak-h", "uv": [ 0.0, 0.0, 2.0, 2.0 ], "rotation": 90, "windMode": [-1,-1,-1,-1] }
									},
									"children": [
										{
											"name": "Frame4",
											"from": [ 0.0, -8.0, 0.0 ],
											"to": [ 2.0, 0.0, 2.0 ],
											"rotationOrigin": [ 0.0, -8.0, 0.0 ],
											"faces": {
												"north": { "texture": "#oak-h", "uv": [ 0.0, 0.0, 8.0, 2.0 ], "rotation": 90 },
												"east": { "texture": "#oak-h", "uv": [ 0.0, 0.0, 8.0, 2.0 ], "rotation": 90, "windMode": [-1,-1,-1,-1] },
												"south": { "texture": "#oak-h", "uv": [ 0.0, 0.0, 8.0, 2.0 ], "rotation": 90, "windMode": [-1,-1,-1,-1] },
												"west": { "texture": "#oak-h", "uv": [ 0.0, 0.0, 8.0, 2.0 ], "rotation": 90, "windMode": [-1,-1,-1,-1] },
												"up": { "texture": "#oak-h", "uv": [ 0.0, 0.0, 2.0, 2.0 ], "rotation": 90, "windMode": [-1,-1,-1,-1] },
												"down": { "texture": "#oak-h", "uv": [ 0.0, 0.0, 2.0, 2.0 ], "rotation": 90, "windMode": [-1,-1,-1,-1] }
											}
										},
										{
											"name": "Frame5",
											"from": [ 0.0, 4.5, 0.0 ],
											"to": [ 2.0, 20.5, 2.0 ],
											"rotationOrigin": [ 0.0, 4.5, 0.0 ],
											"rotationZ": 90.0,
											"faces": {
												"north": { "texture": "#oak-h", "uv": [ 0.0, 0.0, 16.0, 2.0 ], "rotation": 90 },
												"east": { "texture": "#oak-h", "uv": [ 0.0, 0.0, 16.0, 2.0 ], "rotation": 90, "windMode": [-1,-1,-1,-1] },
												"south": { "texture": "#oak-h", "uv": [ 0.0, 0.0, 16.0, 2.0 ], "rotation": 90, "windMode": [-1,-1,-1,-1] },
												"west": { "texture": "#oak-h", "uv": [ 0.0, 0.0, 16.0, 2.0 ], "rotation": 90, "windMode": [-1,-1,-1,-1] },
												"up": { "texture": "#oak-h", "uv": [ 0.0, 0.0, 2.0, 2.0 ], "rotation": 90, "windMode": [-1,-1,-1,-1] },
												"down": { "texture": "#oak-h", "uv": [ 0.0, 0.0, 2.0, 2.0 ], "rotation": 90, "windMode": [-1,-1,-1,-1] }
											},
											"children": [
												{
													"name": "Frame6",
													"from": [ 0.0, 16.0, 0.0 ],
													"to": [ 2.0, 32.0, 2.0 ],
													"faces": {
														"north": { "texture": "#oak-h", "uv": [ 0.0, 0.0, 16.0, 2.0 ], "rotation": 90 },
														"east": { "texture": "#oak-h", "uv": [ 0.0, 0.0, 16.0, 2.0 ], "rotation": 90, "windMode": [-1,-1,-1,-1] },
														"south": { "texture": "#oak-h", "uv": [ 0.0, 0.0, 16.0, 2.0 ], "rotation": 90, "windMode": [-1,-1,-1,-1] },
														"west": { "texture": "#oak-h", "uv": [ 0.0, 0.0, 16.0, 2.0 ], "rotation": 90, "windMode": [-1,-1,-1,-1] },
														"up": { "texture": "#oak-h", "uv": [ 0.0, 0.0, 2.0, 2.0 ], "rotation": 90, "windMode": [-1,-1,-1,-1] },
														"down": { "texture": "#oak-h", "uv": [ 0.0, 0.0, 2.0, 2.0 ], "rotation": 90, "windMode": [-1,-1,-1,-1] }
													},
													"children": [
														{
															"name": "Frame11",
															"from": [ -4.5, 18.0, 0.0 ],
															"to": [ -2.5, 28.0, 2.0 ],
															"rotationOrigin": [ -4.5, 18.0, 0.0 ],
															"rotationZ": -90.0,
															"faces": {
																"north": { "texture": "#oak-h", "uv": [ 0.0, 0.0, 10.0, 2.0 ], "rotation": 90 },
																"east": { "texture": "#oak-h", "uv": [ 0.0, 0.0, 10.0, 2.0 ], "rotation": 90, "windMode": [-1,-1,-1,-1] },
																"south": { "texture": "#oak-h", "uv": [ 0.0, 0.0, 10.0, 2.0 ], "rotation": 90, "windMode": [-1,-1,-1,-1] },
																"west": { "texture": "#oak-h", "uv": [ 0.0, 0.0, 10.0, 2.0 ], "rotation": 90, "windMode": [-1,-1,-1,-1] },
																"up": { "texture": "#oak-h", "uv": [ 0.0, 0.0, 2.0, 2.0 ], "rotation": 90, "windMode": [-1,-1,-1,-1] },
																"down": { "texture": "#oak-h", "uv": [ 0.0, 0.0, 2.0, 2.0 ], "rotation": 90, "windMode": [-1,-1,-1,-1] }
															},
															"children": [
																{
																	"name": "Frame12",
																	"from": [ 0.0, -13.0, 0.0 ],
																	"to": [ 2.0, 0.0, 2.0 ],
																	"rotationOrigin": [ 0.0, -13.0, 0.0 ],
																	"faces": {
																		"north": { "texture": "#oak-h", "uv": [ 0.0, 0.0, 13.0, 2.0 ], "rotation": 90 },
																		"east": { "texture": "#oak-h", "uv": [ 0.0, 0.0, 13.0, 2.0 ], "rotation": 90, "windMode": [-1,-1,-1,-1] },
																		"south": { "texture": "#oak-h", "uv": [ 0.0, 0.0, 13.0, 2.0 ], "rotation": 90, "windMode": [-1,-1,-1,-1] },
																		"west": { "texture": "#oak-h", "uv": [ 0.0, 0.0, 13.0, 2.0 ], "rotation": 90, "windMode": [-1,-1,-1,-1] },
																		"up": { "texture": "#oak-h", "uv": [ 0.0, 0.0, 2.0, 2.0 ], "rotation": 90, "windMode": [-1,-1,-1,-1] },
																		"down": { "texture": "#oak-h", "uv": [ 0.0, 0.0, 2.0, 2.0 ], "rotation": 90, "windMode": [-1,-1,-1,-1] }
																	}
																},
																{
																	"name": "Grips",
																	"from": [ 0.0, 5.0, 16.0 ],
																	"to": [ 2.0, 18.0, 18.0 ],
																	"rotationOrigin": [ 0.0, 5.0, 18.0 ],
																	"rotationY": -8.0,
																	"rotationZ": 90.0,
																	"faces": {
																		"north": { "texture": "#oak-h", "uv": [ 0.0, 0.0, 13.0, 2.0 ], "rotation": 90 },
																		"east": { "texture": "#oak-h", "uv": [ 0.0, 0.0, 13.0, 2.0 ], "rotation": 90, "windMode": [-1,-1,-1,-1] },
																		"south": { "texture": "#oak-h", "uv": [ 0.0, 0.0, 13.0, 2.0 ], "rotation": 90, "windMode": [-1,-1,-1,-1] },
																		"west": { "texture": "#oak-h", "uv": [ 0.0, 0.0, 13.0, 2.0 ], "rotation": 90, "windMode": [-1,-1,-1,-1] },
																		"up": { "texture": "#oak-h", "uv": [ 0.0, 0.0, 2.0, 2.0 ], "rotation": 90, "windMode": [-1,-1,-1,-1] },
																		"down": { "texture": "#oak-h", "uv": [ 0.0, 0.0, 2.0, 2.0 ], "rotation": 90, "windMode": [-1,-1,-1,-1] }
																	},
																	"children": [
																		{
																			"name": "Frame14",
																			"from": [ 0.01, 13.0, 0.0 ],
																			"to": [ 2.01, 17.0, 2.0 ],
																			"rotationOrigin": [ 0.0, 13.0, 0.0 ],
																			"rotationX": 8.0,
																			"faces": {
																				"north": { "texture": "#oak-h", "uv": [ 0.0, 0.0, 4.0, 2.0 ], "rotation": 90 },
																				"east": { "texture": "#oak-h", "uv": [ 0.0, 0.0, 4.0, 2.0 ], "rotation": 90, "windMode": [-1,-1,-1,-1] },
																				"south": { "texture": "#oak-h", "uv": [ 0.0, 0.0, 4.0, 2.0 ], "rotation": 90, "windMode": [-1,-1,-1,-1] },
																				"west": { "texture": "#oak-h", "uv": [ 0.0, 0.0, 4.0, 2.0 ], "rotation": 90, "windMode": [-1,-1,-1,-1] },
																				"up": { "texture": "#oak-h", "uv": [ 0.0, 0.0, 2.0, 2.0 ], "rotation": 90, "windMode": [-1,-1,-1,-1] },
																				"down": { "texture": "#oak-h", "uv": [ 0.0, 0.0, 2.0, 2.0 ], "rotation": 90, "windMode": [-1,-1,-1,-1] }
																			},
																			"children": [
																				{
																					"name": "Frame26",
																					"from": [ 0.0, 4.0, 0.01 ],
																					"to": [ 2.0, 8.0, 2.01 ],
																					"rotationOrigin": [ 0.0, 4.0, 0.0 ],
																					"rotationZ": -20.0,
																					"faces": {
																						"north": { "texture": "#oak-h", "uv": [ 0.0, 0.0, 4.0, 2.0 ], "rotation": 90 },
																						"east": { "texture": "#oak-h", "uv": [ 0.0, 0.0, 4.0, 2.0 ], "rotation": 90, "windMode": [-1,-1,-1,-1] },
																						"south": { "texture": "#oak-h", "uv": [ 0.0, 0.0, 4.0, 2.0 ], "rotation": 90, "windMode": [-1,-1,-1,-1] },
																						"west": { "texture": "#oak-h", "uv": [ 0.0, 0.0, 4.0, 2.0 ], "rotation": 90, "windMode": [-1,-1,-1,-1] },
																						"up": { "texture": "#oak-h", "uv": [ 0.0, 0.0, 2.0, 2.0 ], "rotation": 90, "windMode": [-1,-1,-1,-1] },
																						"down": { "texture": "#oak-h", "uv": [ 0.0, 0.0, 2.0, 2.0 ], "rotation": 90, "windMode": [-1,-1,-1,-1] }
																					},
																					"children": [
																						{
																							"name": "Frame28",
																							"from": [ 0.0, 4.0, 0.01 ],
																							"to": [ 2.0, 10.0, 2.01 ],
																							"rotationOrigin": [ 2.0, 4.0, 0.0 ],
																							"rotationZ": 20.0,
																							"faces": {
																								"north": { "texture": "#oak-h", "uv": [ 0.0, 0.0, 6.0, 2.0 ], "rotation": 90 },
																								"east": { "texture": "#oak-h", "uv": [ 0.0, 0.0, 6.0, 2.0 ], "rotation": 90, "windMode": [-1,-1,-1,-1] },
																								"south": { "texture": "#oak-h", "uv": [ 0.0, 0.0, 6.0, 2.0 ], "rotation": 90, "windMode": [-1,-1,-1,-1] },
																								"west": { "texture": "#oak-h", "uv": [ 0.0, 0.0, 6.0, 2.0 ], "rotation": 90, "windMode": [-1,-1,-1,-1] },
																								"up": { "texture": "#oak-h", "uv": [ 0.0, 0.0, 2.0, 2.0 ], "rotation": 90, "windMode": [-1,-1,-1,-1] },
																								"down": { "texture": "#oak-h", "uv": [ 0.0, 0.0, 2.0, 2.0 ], "rotation": 90, "windMode": [-1,-1,-1,-1] }
																							},
																							"children": [
																								{
																									"name": "Frame29",
																									"from": [ 0.0, 6.0, -0.01 ],
																									"to": [ 2.0, 9.0, 1.99 ],
																									"rotationOrigin": [ 2.0, 6.0, 0.0 ],
																									"rotationZ": 30.0,
																									"faces": {
																										"north": { "texture": "#oak-h", "uv": [ 0.0, 0.0, 3.0, 2.0 ], "rotation": 90 },
																										"east": { "texture": "#oak-h", "uv": [ 0.0, 0.0, 3.0, 2.0 ], "rotation": 90, "windMode": [-1,-1,-1,-1] },
																										"south": { "texture": "#oak-h", "uv": [ 0.0, 0.0, 3.0, 2.0 ], "rotation": 90, "windMode": [-1,-1,-1,-1] },
																										"west": { "texture": "#oak-h", "uv": [ 0.0, 0.0, 3.0, 2.0 ], "rotation": 90, "windMode": [-1,-1,-1,-1] },
																										"up": { "texture": "#oak-h", "uv": [ 0.0, 0.0, 2.0, 2.0 ], "rotation": 90, "windMode": [-1,-1,-1,-1] },
																										"down": { "texture": "#oak-h", "uv": [ 0.0, 0.0, 2.0, 2.0 ], "rotation": 90, "windMode": [-1,-1,-1,-1] }
																									},
																									"children": [
																										{
																											"name": "Frame32",
																											"from": [ -0.2, 3.0, -0.2 ],
																											"to": [ 2.2, 4.0, 2.2 ],
																											"rotationOrigin": [ 1.8, 3.0, -0.2 ],
																											"faces": {
																												"north": { "texture": "#oak-h", "uv": [ 0.0, 0.0, 1.0, 2.0 ], "rotation": 90 },
																												"east": { "texture": "#oak-h", "uv": [ 0.0, 0.0, 1.0, 2.0 ], "rotation": 90, "windMode": [-1,-1,-1,-1] },
																												"south": { "texture": "#oak-h", "uv": [ 0.0, 0.0, 1.0, 2.0 ], "rotation": 90, "windMode": [-1,-1,-1,-1] },
																												"west": { "texture": "#oak-h", "uv": [ 0.0, 0.0, 1.0, 2.0 ], "rotation": 90, "windMode": [-1,-1,-1,-1] },
																												"up": { "texture": "#oak-h", "uv": [ 0.0, 0.0, 2.0, 2.0 ], "rotation": 90, "windMode": [-1,-1,-1,-1] },
																												"down": { "texture": "#oak-h", "uv": [ 0.0, 0.0, 2.0, 2.0 ], "rotation": 90, "windMode": [-1,-1,-1,-1] }
																											}
																										},
																										{
																											"name": "Frame33",
																											"from": [ -0.2, 3.0, -12.6 ],
																											"to": [ 2.2, 4.0, -10.2 ],
																											"rotationOrigin": [ 1.8, 3.0, -12.6 ],
																											"faces": {
																												"north": { "texture": "#oak-h", "uv": [ 0.0, 0.0, 1.0, 2.0 ], "rotation": 90 },
																												"east": { "texture": "#oak-h", "uv": [ 0.0, 0.0, 1.0, 2.0 ], "rotation": 90, "windMode": [-1,-1,-1,-1] },
																												"south": { "texture": "#oak-h", "uv": [ 0.0, 0.0, 1.0, 2.0 ], "rotation": 90, "windMode": [-1,-1,-1,-1] },
																												"west": { "texture": "#oak-h", "uv": [ 0.0, 0.0, 1.0, 2.0 ], "rotation": 90, "windMode": [-1,-1,-1,-1] },
																												"up": { "texture": "#oak-h", "uv": [ 0.0, 0.0, 2.0, 2.0 ], "rotation": 90, "windMode": [-1,-1,-1,-1] },
																												"down": { "texture": "#oak-h", "uv": [ 0.0, 0.0, 2.0, 2.0 ], "rotation": 90, "windMode": [-1,-1,-1,-1] }
																											}
																										}
																									]
																								}
																							]
																						}
																					]
																				}
																			]
																		},
																		{
																			"name": "Frame15",
																			"from": [ 0.0, 2.5051, -17.8248 ],
																			"to": [ 2.0, 15.5051, -15.8248 ],
																			"rotationOrigin": [ 1.0, 2.5051, -15.8248 ],
																			"rotationX": -164.0,
																			"rotationZ": -180.0,
																			"faces": {
																				"north": { "texture": "#oak-h", "uv": [ 0.0, 0.0, 13.0, 2.0 ], "rotation": 90 },
																				"east": { "texture": "#oak-h", "uv": [ 0.0, 0.0, 13.0, 2.0 ], "rotation": 90, "windMode": [-1,-1,-1,-1] },
																				"south": { "texture": "#oak-h", "uv": [ 0.0, 0.0, 13.0, 2.0 ], "rotation": 90, "windMode": [-1,-1,-1,-1] },
																				"west": { "texture": "#oak-h", "uv": [ 0.0, 0.0, 13.0, 2.0 ], "rotation": 90, "windMode": [-1,-1,-1,-1] },
																				"up": { "texture": "#oak-h", "uv": [ 0.0, 0.0, 2.0, 2.0 ], "rotation": 90, "windMode": [-1,-1,-1,-1] },
																				"down": { "texture": "#oak-h", "uv": [ 0.0, 0.0, 2.0, 2.0 ], "rotation": 90, "windMode": [-1,-1,-1,-1] }
																			},
																			"children": [
																				{
																					"name": "Frame16",
																					"from": [ 0.01, 13.0, -0.01 ],
																					"to": [ 2.01, 17.0, 1.99 ],
																					"rotationOrigin": [ 0.0, 13.0, 0.0 ],
																					"rotationX": 8.0,
																					"faces": {
																						"north": { "texture": "#oak-h", "uv": [ 0.0, 0.0, 4.0, 2.0 ], "rotation": 90 },
																						"east": { "texture": "#oak-h", "uv": [ 0.0, 0.0, 4.0, 2.0 ], "rotation": 90, "windMode": [-1,-1,-1,-1] },
																						"south": { "texture": "#oak-h", "uv": [ 0.0, 0.0, 4.0, 2.0 ], "rotation": 90, "windMode": [-1,-1,-1,-1] },
																						"west": { "texture": "#oak-h", "uv": [ 0.0, 0.0, 4.0, 2.0 ], "rotation": 90, "windMode": [-1,-1,-1,-1] },
																						"up": { "texture": "#oak-h", "uv": [ 0.0, 0.0, 2.0, 2.0 ], "rotation": 90, "windMode": [-1,-1,-1,-1] },
																						"down": { "texture": "#oak-h", "uv": [ 0.0, 0.0, 2.0, 2.0 ], "rotation": 90, "windMode": [-1,-1,-1,-1] }
																					},
																					"children": [
																						{
																							"name": "Frame27",
																							"from": [ 0.0, 4.0, 0.01 ],
																							"to": [ 2.0, 8.0, 2.01 ],
																							"rotationOrigin": [ 2.0, 4.0, 0.0 ],
																							"rotationZ": 20.0,
																							"faces": {
																								"north": { "texture": "#oak-h", "uv": [ 0.0, 0.0, 4.0, 2.0 ], "rotation": 90 },
																								"east": { "texture": "#oak-h", "uv": [ 0.0, 0.0, 4.0, 2.0 ], "rotation": 90, "windMode": [-1,-1,-1,-1] },
																								"south": { "texture": "#oak-h", "uv": [ 0.0, 0.0, 4.0, 2.0 ], "rotation": 90, "windMode": [-1,-1,-1,-1] },
																								"west": { "texture": "#oak-h", "uv": [ 0.0, 0.0, 4.0, 2.0 ], "rotation": 90, "windMode": [-1,-1,-1,-1] },
																								"up": { "texture": "#oak-h", "uv": [ 0.0, 0.0, 2.0, 2.0 ], "rotation": 90, "windMode": [-1,-1,-1,-1] },
																								"down": { "texture": "#oak-h", "uv": [ 0.0, 0.0, 2.0, 2.0 ], "rotation": 90, "windMode": [-1,-1,-1,-1] }
																							},
																							"children": [
																								{
																									"name": "Frame30",
																									"from": [ 0.0, 4.0, -0.01 ],
																									"to": [ 2.0, 10.0, 1.99 ],
																									"rotationOrigin": [ 0.0, 4.0, 0.0 ],
																									"rotationZ": -20.0,
																									"faces": {
																										"north": { "texture": "#oak-h", "uv": [ 0.0, 0.0, 6.0, 2.0 ], "rotation": 90 },
																										"east": { "texture": "#oak-h", "uv": [ 0.0, 0.0, 6.0, 2.0 ], "rotation": 90, "windMode": [-1,-1,-1,-1] },
																										"south": { "texture": "#oak-h", "uv": [ 0.0, 0.0, 6.0, 2.0 ], "rotation": 90, "windMode": [-1,-1,-1,-1] },
																										"west": { "texture": "#oak-h", "uv": [ 0.0, 0.0, 6.0, 2.0 ], "rotation": 90, "windMode": [-1,-1,-1,-1] },
																										"up": { "texture": "#oak-h", "uv": [ 0.0, 0.0, 2.0, 2.0 ], "rotation": 90, "windMode": [-1,-1,-1,-1] },
																										"down": { "texture": "#oak-h", "uv": [ 0.0, 0.0, 2.0, 2.0 ], "rotation": 90, "windMode": [-1,-1,-1,-1] }
																									},
																									"children": [
																										{
																											"name": "Frame31",
																											"from": [ 0.0, 6.0, -0.01 ],
																											"to": [ 2.0, 9.0, 1.99 ],
																											"rotationOrigin": [ 0.0, 6.0, 0.0 ],
																											"rotationZ": -30.0,
																											"faces": {
																												"north": { "texture": "#oak-h", "uv": [ 0.0, 0.0, 3.0, 2.0 ], "rotation": 90 },
																												"east": { "texture": "#oak-h", "uv": [ 0.0, 0.0, 3.0, 2.0 ], "rotation": 90, "windMode": [-1,-1,-1,-1] },
																												"south": { "texture": "#oak-h", "uv": [ 0.0, 0.0, 3.0, 2.0 ], "rotation": 90, "windMode": [-1,-1,-1,-1] },
																												"west": { "texture": "#oak-h", "uv": [ 0.0, 0.0, 3.0, 2.0 ], "rotation": 90, "windMode": [-1,-1,-1,-1] },
																												"up": { "texture": "#oak-h", "uv": [ 0.0, 0.0, 2.0, 2.0 ], "rotation": 90, "windMode": [-1,-1,-1,-1] },
																												"down": { "texture": "#oak-h", "uv": [ 0.0, 0.0, 2.0, 2.0 ], "rotation": 90, "windMode": [-1,-1,-1,-1] }
																											}
																										}
																									]
																								}
																							]
																						}
																					]
																				}
																			]
																		}
																	]
																},
																{
																	"name": "Frame13",
																	"from": [ 0.0, 1.0, 0.5 ],
																	"to": [ 1.0, 10.0, 1.5 ],
																	"rotationOrigin": [ 0.0, 1.0, 0.5 ],
																	"rotationY": 7.0,
																	"rotationZ": 60.0,
																	"faces": {
																		"north": { "texture": "#oak-h", "uv": [ 0.0, 0.0, 9.0, 1.0 ], "rotation": 90 },
																		"east": { "texture": "#oak-h", "uv": [ 0.0, 0.0, 9.0, 1.0 ], "rotation": 90, "windMode": [-1,-1,-1,-1] },
																		"south": { "texture": "#oak-h", "uv": [ 0.0, 0.0, 9.0, 1.0 ], "rotation": 90, "windMode": [-1,-1,-1,-1] },
																		"west": { "texture": "#oak-h", "uv": [ 0.0, 0.0, 9.0, 1.0 ], "rotation": 90, "windMode": [-1,-1,-1,-1] },
																		"up": { "texture": "#oak-h", "uv": [ 0.0, 0.0, 1.0, 1.0 ], "rotation": 90, "windMode": [-1,-1,-1,-1] },
																		"down": { "texture": "#oak-h", "uv": [ 0.0, 0.0, 1.0, 1.0 ], "rotation": 90, "windMode": [-1,-1,-1,-1] }
																	}
																},
																{
																	"name": "Frame20",
																	"from": [ 0.0, 1.0, 16.5 ],
																	"to": [ 1.0, 10.0, 17.5 ],
																	"rotationOrigin": [ 0.0, 1.0, 16.5 ],
																	"rotationY": -7.0,
																	"rotationZ": 60.0,
																	"faces": {
																		"north": { "texture": "#oak-h", "uv": [ 0.0, 0.0, 9.0, 1.0 ], "rotation": 90 },
																		"east": { "texture": "#oak-h", "uv": [ 0.0, 0.0, 9.0, 1.0 ], "rotation": 90, "windMode": [-1,-1,-1,-1] },
																		"south": { "texture": "#oak-h", "uv": [ 0.0, 0.0, 9.0, 1.0 ], "rotation": 90, "windMode": [-1,-1,-1,-1] },
																		"west": { "texture": "#oak-h", "uv": [ 0.0, 0.0, 9.0, 1.0 ], "rotation": 90, "windMode": [-1,-1,-1,-1] },
																		"up": { "texture": "#oak-h", "uv": [ 0.0, 0.0, 1.0, 1.0 ], "rotation": 90, "windMode": [-1,-1,-1,-1] },
																		"down": { "texture": "#oak-h", "uv": [ 0.0, 0.0, 1.0, 1.0 ], "rotation": 90, "windMode": [-1,-1,-1,-1] }
																	}
																}
															]
														}
													]
												}
											]
										}
									]
								},
								{
									"name": "Frame9",
									"from": [ -34.0, 0.0, 0.0 ],
									"to": [ -32.0, 10.0, 2.0 ],
									"rotationOrigin": [ -34.0, 0.0, 0.0 ],
									"faces": {
										"north": { "texture": "#oak-h", "uv": [ 0.0, 0.0, 10.0, 2.0 ], "rotation": 90 },
										"east": { "texture": "#oak-h", "uv": [ 0.0, 0.0, 10.0, 2.0 ], "rotation": 90, "windMode": [-1,-1,-1,-1] },
										"south": { "texture": "#oak-h", "uv": [ 0.0, 0.0, 10.0, 2.0 ], "rotation": 90, "windMode": [-1,-1,-1,-1] },
										"west": { "texture": "#oak-h", "uv": [ 0.0, 0.0, 10.0, 2.0 ], "rotation": 90, "windMode": [-1,-1,-1,-1] },
										"up": { "texture": "#oak-h", "uv": [ 0.0, 0.0, 2.0, 2.0 ], "rotation": 90, "windMode": [-1,-1,-1,-1] },
										"down": { "texture": "#oak-h", "uv": [ 0.0, 0.0, 2.0, 2.0 ], "rotation": 90, "windMode": [-1,-1,-1,-1] }
									},
									"children": [
										{
											"name": "Frame10",
											"from": [ 0.0, -13.0, 0.0 ],
											"to": [ 2.0, 0.0, 2.0 ],
											"rotationOrigin": [ 0.0, -13.0, 0.0 ],
											"faces": {
												"north": { "texture": "#oak-h", "uv": [ 0.0, 0.0, 13.0, 2.0 ], "rotation": 90 },
												"east": { "texture": "#oak-h", "uv": [ 0.0, 0.0, 13.0, 2.0 ], "rotation": 90, "windMode": [-1,-1,-1,-1] },
												"south": { "texture": "#oak-h", "uv": [ 0.0, 0.0, 13.0, 2.0 ], "rotation": 90, "windMode": [-1,-1,-1,-1] },
												"west": { "texture": "#oak-h", "uv": [ 0.0, 0.0, 13.0, 2.0 ], "rotation": 90, "windMode": [-1,-1,-1,-1] },
												"up": { "texture": "#oak-h", "uv": [ 0.0, 0.0, 2.0, 2.0 ], "rotation": 90, "windMode": [-1,-1,-1,-1] },
												"down": { "texture": "#oak-h", "uv": [ 0.0, 0.0, 2.0, 2.0 ], "rotation": 90, "windMode": [-1,-1,-1,-1] }
											},
											"children": [
												{
													"name": "Frame17",
													"from": [ 0.0, 3.5, 0.0 ],
													"to": [ 2.0, 17.5, 2.0 ],
													"rotationOrigin": [ 0.0, 3.5, 0.0 ],
													"rotationX": -90.0,
													"faces": {
														"north": { "texture": "#oak-h", "uv": [ 0.0, 0.0, 14.0, 2.0 ], "rotation": 90 },
														"east": { "texture": "#oak-h", "uv": [ 0.0, 0.0, 14.0, 2.0 ], "rotation": 90, "windMode": [-1,-1,-1,-1] },
														"south": { "texture": "#oak-h", "uv": [ 0.0, 0.0, 14.0, 2.0 ], "rotation": 90, "windMode": [-1,-1,-1,-1] },
														"west": { "texture": "#oak-h", "uv": [ 0.0, 0.0, 14.0, 2.0 ], "rotation": 90, "windMode": [-1,-1,-1,-1] },
														"up": { "texture": "#oak-h", "uv": [ 0.0, 0.0, 2.0, 2.0 ], "rotation": 90, "windMode": [-1,-1,-1,-1] },
														"down": { "texture": "#oak-h", "uv": [ 0.0, 0.0, 2.0, 2.0 ], "rotation": 90, "windMode": [-1,-1,-1,-1] }
													}
												},
												{
													"name": "Frame18",
													"from": [ 0.0, 17.5, 0.0 ],
													"to": [ 2.0, 31.5, 2.0 ],
													"rotationOrigin": [ 0.0, 17.5, 0.0 ],
													"rotationX": -90.0,
													"faces": {
														"north": { "texture": "#oak-h", "uv": [ 0.0, 0.0, 14.0, 2.0 ], "rotation": 90 },
														"east": { "texture": "#oak-h", "uv": [ 0.0, 0.0, 14.0, 2.0 ], "rotation": 90, "windMode": [-1,-1,-1,-1] },
														"south": { "texture": "#oak-h", "uv": [ 0.0, 0.0, 14.0, 2.0 ], "rotation": 90, "windMode": [-1,-1,-1,-1] },
														"west": { "texture": "#oak-h", "uv": [ 0.0, 0.0, 14.0, 2.0 ], "rotation": 90, "windMode": [-1,-1,-1,-1] },
														"up": { "texture": "#oak-h", "uv": [ 0.0, 0.0, 2.0, 2.0 ], "rotation": 90, "windMode": [-1,-1,-1,-1] },
														"down": { "texture": "#oak-h", "uv": [ 0.0, 0.0, 2.0, 2.0 ], "rotation": 90, "windMode": [-1,-1,-1,-1] }
													}
												},
												{
													"name": "Frame19",
													"from": [ 34.0, 17.5, 0.0 ],
													"to": [ 36.0, 31.5, 2.0 ],
													"rotationOrigin": [ 34.0, 17.5, 0.0 ],
													"rotationX": -90.0,
													"faces": {
														"north": { "texture": "#oak-h", "uv": [ 0.0, 0.0, 14.0, 2.0 ], "rotation": 90 },
														"east": { "texture": "#oak-h", "uv": [ 0.0, 0.0, 14.0, 2.0 ], "rotation": 90, "windMode": [-1,-1,-1,-1] },
														"south": { "texture": "#oak-h", "uv": [ 0.0, 0.0, 14.0, 2.0 ], "rotation": 90, "windMode": [-1,-1,-1,-1] },
														"west": { "texture": "#oak-h", "uv": [ 0.0, 0.0, 14.0, 2.0 ], "rotation": 90, "windMode": [-1,-1,-1,-1] },
														"up": { "texture": "#oak-h", "uv": [ 0.0, 0.0, 2.0, 2.0 ], "rotation": 90, "windMode": [-1,-1,-1,-1] },
														"down": { "texture": "#oak-h", "uv": [ 0.0, 0.0, 2.0, 2.0 ], "rotation": 90, "windMode": [-1,-1,-1,-1] }
													}
												}
											]
										}
									]
								}
							]
						},
						{
							"name": "Top3",
							"from": [ -19.2, 9.9, -10.6 ],
							"to": [ -11.2, 10.4, 5.4 ],
							"rotationOrigin": [ -19.0, 10.4, -4.6 ],
							"rotationX": 22.5,
							"rotationY": -89.9802,
							"faces": {
								"north": { "texture": "#oak", "uv": [ 0.0, 10.0, 8.0, 10.5 ] },
								"east": { "texture": "#oak", "uv": [ 0.0, 8.0, 16.0, 8.5 ] },
								"south": { "texture": "#oak", "uv": [ 1.5, 10.5, 9.5, 11.0 ] },
								"west": { "texture": "#oak", "uv": [ 0.0, 5.5, 16.0, 6.0 ] },
								"up": { "texture": "#oak", "uv": [ 0.0, 4.5, 16.0, 12.5 ], "rotation": 90, "windMode": [-1,-1,-1,-1] },
								"down": { "texture": "#oak", "uv": [ 0.0, 0.0, 16.0, 8.0 ], "rotation": 90, "windMode": [-1,-1,-1,-1] }
							},
							"children": [
								{
									"name": "Top4",
									"from": [ 0.0, 0.0078, -12.0 ],
									"to": [ 8.0, 0.5078, 0.0 ],
									"rotationOrigin": [ 0.0, 0.0078, -8.0 ],
									"faces": {
										"north": { "texture": "#oak", "uv": [ 0.0, 10.0, 8.0, 10.5 ] },
										"east": { "texture": "#oak", "uv": [ 0.0, 8.0, 12.0, 8.5 ] },
										"south": { "texture": "#oak", "uv": [ 1.5, 10.5, 9.5, 11.0 ] },
										"west": { "texture": "#oak", "uv": [ 0.0, 5.5, 12.0, 6.0 ] },
										"up": { "texture": "#oak", "uv": [ 0.0, 1.5, 12.0, 9.5 ], "rotation": 90, "windMode": [-1,-1,-1,-1] },
										"down": { "texture": "#oak", "uv": [ 0.0, 4.0, 12.0, 12.0 ], "rotation": 90, "windMode": [-1,-1,-1,-1] }
									}
								},
								{
									"name": "Top7",
									"from": [ 0.0, 0.0078, 16.0 ],
									"to": [ 8.0, 0.5078, 20.0 ],
									"rotationOrigin": [ 0.0, 0.0078, 20.0 ],
									"faces": {
										"north": { "texture": "#oak", "uv": [ 0.0, 10.0, 8.0, 10.5 ] },
										"east": { "texture": "#oak", "uv": [ 0.0, 8.0, 4.0, 8.5 ] },
										"south": { "texture": "#oak", "uv": [ 1.5, 10.5, 9.5, 11.0 ] },
										"west": { "texture": "#oak", "uv": [ 0.0, 5.5, 4.0, 6.0 ] },
										"up": { "texture": "#oak", "uv": [ 0.0, 4.5, 4.0, 12.5 ], "rotation": 90, "windMode": [-1,-1,-1,-1] },
										"down": { "texture": "#oak", "uv": [ 0.0, 4.0, 4.0, 12.0 ], "rotation": 90, "windMode": [-1,-1,-1,-1] }
									}
								},
								{
									"name": "Top",
									"from": [ 8.3042, 0.0, 3.9993 ],
									"to": [ 16.8042, 0.5, 19.9993 ],
									"rotationOrigin": [ 8.3042, 0.0022, 3.9993 ],
									"faces": {
										"north": { "texture": "#oak", "uv": [ 0.0, 10.0, 8.5, 10.5 ] },
										"east": { "texture": "#oak", "uv": [ 0.0, 8.0, 16.0, 8.5 ] },
										"south": { "texture": "#oak", "uv": [ 1.5, 10.5, 10.0, 11.0 ] },
										"west": { "texture": "#oak", "uv": [ 0.0, 5.5, 16.0, 6.0 ] },
										"up": { "texture": "#oak", "uv": [ 0.0, 6.5, 16.0, 15.0 ], "rotation": 90, "windMode": [-1,-1,-1,-1] },
										"down": { "texture": "#oak", "uv": [ 0.0, 0.0, 16.0, 8.5 ], "rotation": 90, "windMode": [-1,-1,-1,-1] }
									},
									"children": [
										{
											"name": "Top2",
											"from": [ 0.0, 0.0078, -16.0 ],
											"to": [ 8.5, 0.5078, 0.0 ],
											"rotationOrigin": [ 0.0, 0.0078, -12.0 ],
											"faces": {
												"north": { "texture": "#oak", "uv": [ 0.0, 10.0, 8.5, 10.5 ] },
												"east": { "texture": "#oak", "uv": [ 0.0, 8.0, 16.0, 8.5 ] },
												"south": { "texture": "#oak", "uv": [ 1.5, 10.5, 10.0, 11.0 ] },
												"west": { "texture": "#oak", "uv": [ 0.0, 5.5, 16.0, 6.0 ] },
												"up": { "texture": "#oak", "uv": [ 0.0, 3.5, 16.0, 12.0 ], "rotation": 90, "windMode": [-1,-1,-1,-1] },
												"down": { "texture": "#oak", "uv": [ 0.0, 4.0, 16.0, 12.5 ], "rotation": 90, "windMode": [-1,-1,-1,-1] }
											}
										},
										{
											"name": "Top10",
											"from": [ -7.5, 0.51, -15.5 ],
											"to": [ 8.5, 1.01, -10.5 ],
											"rotationOrigin": [ -7.5, 0.5078, -15.5 ],
											"rotationX": -90.0,
											"faces": {
												"north": { "texture": "#oak", "uv": [ 0.0, 10.0, 16.0, 10.5 ] },
												"east": { "texture": "#oak", "uv": [ 0.0, 8.0, 5.0, 8.5 ] },
												"south": { "texture": "#oak", "uv": [ 0.0, 10.5, 16.0, 11.0 ] },
												"west": { "texture": "#oak", "uv": [ 0.0, 5.5, 5.0, 6.0 ] },
												"up": { "texture": "#oak", "uv": [ 0.0, 0.5, 16.0, 5.5 ], "windMode": [-1,-1,-1,-1] },
												"down": { "texture": "#oak", "uv": [ 0.0, 1.0, 16.0, 6.0 ], "windMode": [-1,-1,-1,-1] }
											}
										},
										{
											"name": "Top11",
											"from": [ -7.5, 0.51, 0.25 ],
											"to": [ 8.5, 1.01, 5.25 ],
											"rotationOrigin": [ -7.5, 0.5078, 0.2 ],
											"rotationX": -90.0,
											"faces": {
												"north": { "texture": "#oak", "uv": [ 0.0, 10.0, 16.0, 10.5 ] },
												"east": { "texture": "#oak", "uv": [ 0.0, 8.0, 5.0, 8.5 ] },
												"south": { "texture": "#oak", "uv": [ 0.0, 10.5, 16.0, 11.0 ] },
												"west": { "texture": "#oak", "uv": [ 0.0, 5.5, 5.0, 6.0 ] },
												"up": { "texture": "#oak", "uv": [ 0.0, 0.5, 16.0, 5.5 ], "windMode": [-1,-1,-1,-1] },
												"down": { "texture": "#oak", "uv": [ 0.0, 1.0, 16.0, 6.0 ], "windMode": [-1,-1,-1,-1] }
											}
										},
										{
											"name": "Top12",
											"from": [ -7.5, 0.51, 16.0 ],
											"to": [ 8.5, 1.01, 21.0 ],
											"rotationOrigin": [ -7.5, 0.5078, 16.0 ],
											"rotationX": -90.0,
											"faces": {
												"north": { "texture": "#oak", "uv": [ 0.0, 10.0, 16.0, 10.5 ] },
												"east": { "texture": "#oak", "uv": [ 0.0, 8.0, 5.0, 8.5 ] },
												"south": { "texture": "#oak", "uv": [ 0.0, 10.5, 16.0, 11.0 ] },
												"west": { "texture": "#oak", "uv": [ 0.0, 5.5, 5.0, 6.0 ] },
												"up": { "texture": "#oak", "uv": [ 0.0, 0.5, 16.0, 5.5 ], "windMode": [-1,-1,-1,-1] },
												"down": { "texture": "#oak", "uv": [ 0.0, 1.0, 16.0, 6.0 ], "windMode": [-1,-1,-1,-1] }
											}
										},
										{
											"name": "Top13",
											"from": [ -7.5, 0.01, -16.0 ],
											"to": [ 8.5, 0.51, -10.0 ],
											"rotationOrigin": [ -7.5, 0.51, -16.0 ],
											"rotationX": -90.0,
											"rotationZ": -90.0,
											"faces": {
												"north": { "texture": "#oak", "uv": [ 0.0, 10.0, 16.0, 10.5 ] },
												"east": { "texture": "#oak", "uv": [ 0.0, 8.0, 6.0, 8.5 ] },
												"south": { "texture": "#oak", "uv": [ 0.0, 10.5, 16.0, 11.0 ] },
												"west": { "texture": "#oak", "uv": [ 0.0, 5.5, 6.0, 6.0 ] },
												"up": { "texture": "#oak", "uv": [ 0.0, 0.5, 16.0, 6.5 ], "windMode": [-1,-1,-1,-1] },
												"down": { "texture": "#oak", "uv": [ 0.0, 1.0, 16.0, 7.0 ], "windMode": [-1,-1,-1,-1] }
											},
											"children": [
												{
													"name": "Top14",
													"from": [ 16.0, 0.0, 0.0 ],
													"to": [ 32.0, 0.5, 6.0 ],
													"rotationOrigin": [ 0.0, 0.5, 0.0 ],
													"faces": {
														"north": { "texture": "#oak", "uv": [ 0.0, 10.0, 16.0, 10.5 ] },
														"east": { "texture": "#oak", "uv": [ 0.0, 8.0, 6.0, 8.5 ] },
														"south": { "texture": "#oak", "uv": [ 0.0, 10.5, 16.0, 11.0 ] },
														"west": { "texture": "#oak", "uv": [ 0.0, 5.5, 6.0, 6.0 ] },
														"up": { "texture": "#oak", "uv": [ 0.0, 0.5, 16.0, 6.5 ], "windMode": [-1,-1,-1,-1] },
														"down": { "texture": "#oak", "uv": [ 0.0, 1.0, 16.0, 7.0 ], "windMode": [-1,-1,-1,-1] }
													}
												}
											]
										},
										{
											"name": "Top15",
											"from": [ -8.0, 16.51, -16.0 ],
											"to": [ 8.0, 17.01, -9.5 ],
											"rotationOrigin": [ -8.0, 0.01, -16.0 ],
											"rotationX": -90.0,
											"rotationZ": -90.0,
											"faces": {
												"north": { "texture": "#oak", "uv": [ 0.0, 10.0, 16.0, 10.5 ] },
												"east": { "texture": "#oak", "uv": [ 0.0, 8.0, 6.5, 8.5 ] },
												"south": { "texture": "#oak", "uv": [ 0.0, 10.5, 16.0, 11.0 ] },
												"west": { "texture": "#oak", "uv": [ 0.0, 5.5, 6.5, 6.0 ] },
												"up": { "texture": "#oak", "uv": [ 0.0, 0.5, 16.0, 7.0 ], "windMode": [-1,-1,-1,-1] },
												"down": { "texture": "#oak", "uv": [ 0.0, 1.0, 16.0, 7.5 ], "windMode": [-1,-1,-1,-1] }
											},
											"children": [
												{
													"name": "Top16",
													"from": [ 16.0, 0.0, 0.0 ],
													"to": [ 32.0, 0.5, 6.5 ],
													"rotationOrigin": [ 0.0, 0.5, 0.0 ],
													"faces": {
														"north": { "texture": "#oak", "uv": [ 0.0, 10.0, 16.0, 10.5 ] },
														"east": { "texture": "#oak", "uv": [ 0.0, 8.0, 6.5, 8.5 ] },
														"south": { "texture": "#oak", "uv": [ 0.0, 10.5, 16.0, 11.0 ] },
														"west": { "texture": "#oak", "uv": [ 0.0, 5.5, 6.5, 6.0 ] },
														"up": { "texture": "#oak", "uv": [ 0.0, 0.5, 16.0, 7.0 ], "windMode": [-1,-1,-1,-1] },
														"down": { "texture": "#oak", "uv": [ 0.0, 1.0, 16.0, 7.5 ], "windMode": [-1,-1,-1,-1] }
													}
												}
											]
										}
									]
								}
							]
						},
						{
							"name": "Top5",
							"from": [ -23.4063, 15.4978, -15.1955 ],
							"to": [ -15.4063, 15.9978, 0.8045 ],
							"rotationOrigin": [ -23.0063, 15.5, -9.1955 ],
							"rotationY": -89.9802,
							"faces": {
								"north": { "texture": "#oak", "uv": [ 0.0, 10.0, 8.0, 10.5 ] },
								"east": { "texture": "#oak", "uv": [ 0.0, 8.0, 16.0, 8.5 ] },
								"south": { "texture": "#oak", "uv": [ 1.5, 10.5, 9.5, 11.0 ] },
								"west": { "texture": "#oak", "uv": [ 0.0, 5.5, 16.0, 6.0 ] },
								"up": { "texture": "#oak", "uv": [ 0.0, 4.0, 16.0, 12.0 ], "rotation": 90, "windMode": [-1,-1,-1,-1] },
								"down": { "texture": "#oak", "uv": [ 0.0, 0.0, 16.0, 8.0 ], "rotation": 90, "windMode": [-1,-1,-1,-1] }
							},
							"children": [
								{
									"name": "Top6",
									"from": [ 0.0, 0.0078, -16.0 ],
									"to": [ 8.0, 0.5078, 0.0 ],
									"rotationOrigin": [ 0.0, 0.0078, -12.0 ],
									"faces": {
										"north": { "texture": "#oak", "uv": [ 0.0, 10.0, 8.0, 10.5 ] },
										"east": { "texture": "#oak", "uv": [ 0.0, 8.0, 16.0, 8.5 ] },
										"south": { "texture": "#oak", "uv": [ 1.5, 10.5, 9.5, 11.0 ] },
										"west": { "texture": "#oak", "uv": [ 0.0, 5.5, 16.0, 6.0 ] },
										"up": { "texture": "#oak", "uv": [ 0.0, 4.0, 16.0, 12.0 ], "rotation": 90, "windMode": [-1,-1,-1,-1] },
										"down": { "texture": "#oak", "uv": [ 0.0, 4.0, 16.0, 12.0 ], "rotation": 90, "windMode": [-1,-1,-1,-1] }
									}
								},
								{
									"name": "Top8",
									"from": [ 2.5, 0.01, -19.0 ],
									"to": [ 8.0, 0.51, -16.0 ],
									"rotationOrigin": [ 2.5, 0.0078, -15.0 ],
									"faces": {
										"north": { "texture": "#oak", "uv": [ 0.0, 10.0, 5.5, 10.5 ] },
										"east": { "texture": "#oak", "uv": [ 0.0, 8.0, 3.0, 8.5 ] },
										"south": { "texture": "#oak", "uv": [ 1.5, 10.5, 7.0, 11.0 ] },
										"west": { "texture": "#oak", "uv": [ 0.0, 5.5, 3.0, 6.0 ] },
										"up": { "texture": "#oak", "uv": [ 0.0, 4.0, 3.0, 9.5 ], "rotation": 90, "windMode": [-1,-1,-1,-1] },
										"down": { "texture": "#oak", "uv": [ 0.0, 4.0, 3.0, 9.5 ], "rotation": 90, "windMode": [-1,-1,-1,-1] }
									}
								},
								{
									"name": "Top9",
									"from": [ 2.5, 0.01, 16.0 ],
									"to": [ 8.0, 0.51, 19.0 ],
									"rotationOrigin": [ 2.5, 0.0078, 20.0 ],
									"faces": {
										"north": { "texture": "#oak", "uv": [ 0.0, 10.0, 5.5, 10.5 ] },
										"east": { "texture": "#oak", "uv": [ 0.0, 8.0, 3.0, 8.5 ] },
										"south": { "texture": "#oak", "uv": [ 1.5, 10.5, 7.0, 11.0 ] },
										"west": { "texture": "#oak", "uv": [ 0.0, 5.5, 3.0, 6.0 ] },
										"up": { "texture": "#oak", "uv": [ 1.0, 5.0, 4.0, 10.5 ], "rotation": 90, "windMode": [-1,-1,-1,-1] },
										"down": { "texture": "#oak", "uv": [ 0.0, 4.0, 3.0, 9.5 ], "rotation": 90, "windMode": [-1,-1,-1,-1] }
									}
								}
							]
						},
						{
							"name": "Base7",
							"from": [ -2.0, 1.5, 7.0 ],
							"to": [ 3.0, 2.0, 8.0 ],
							"rotationOrigin": [ -2.0, 1.5, 7.0 ],
							"rotationX": -32.0,
							"rotationY": -90.0,
							"faces": {
								"north": { "texture": "#oak", "uv": [ 0.0, 10.0, 5.0, 10.5 ] },
								"east": { "texture": "#oak", "uv": [ 0.0, 8.0, 1.0, 8.5 ] },
								"south": { "texture": "#oak", "uv": [ 1.5, 10.5, 6.5, 11.0 ] },
								"west": { "texture": "#oak", "uv": [ 0.0, 5.5, 1.0, 6.0 ] },
								"up": { "texture": "#oak", "uv": [ 0.0, 0.0, 1.0, 5.0 ], "rotation": 90, "windMode": [-1,-1,-1,-1] },
								"down": { "texture": "#oak", "uv": [ 0.0, 0.0, 1.0, 5.0 ], "rotation": 90, "windMode": [-1,-1,-1,-1] }
							},
							"children": [
								{
									"name": "Base8",
									"from": [ 0.0, 0.0, 13.0 ],
									"to": [ 5.0, 0.5, 14.0 ],
									"rotationOrigin": [ 0.0, 0.0, 13.0 ],
									"faces": {
										"north": { "texture": "#oak", "uv": [ 0.0, 10.0, 5.0, 10.5 ] },
										"east": { "texture": "#oak", "uv": [ 0.0, 8.0, 1.0, 8.5 ] },
										"south": { "texture": "#oak", "uv": [ 1.5, 10.5, 6.5, 11.0 ] },
										"west": { "texture": "#oak", "uv": [ 0.0, 5.5, 1.0, 6.0 ] },
										"up": { "texture": "#oak", "uv": [ 0.0, 0.0, 1.0, 5.0 ], "rotation": 90, "windMode": [-1,-1,-1,-1] },
										"down": { "texture": "#oak", "uv": [ 0.0, 0.0, 1.0, 5.0 ], "rotation": 90, "windMode": [-1,-1,-1,-1] }
									}
								},
								{
									"name": "Base9",
									"from": [ 0.0, 0.0, 29.0 ],
									"to": [ 5.0, 0.5, 30.0 ],
									"rotationOrigin": [ 0.0, 0.0, 29.0 ],
									"faces": {
										"north": { "texture": "#oak", "uv": [ 0.0, 10.0, 5.0, 10.5 ] },
										"east": { "texture": "#oak", "uv": [ 0.0, 8.0, 1.0, 8.5 ] },
										"south": { "texture": "#oak", "uv": [ 1.5, 10.5, 6.5, 11.0 ] },
										"west": { "texture": "#oak", "uv": [ 0.0, 5.5, 1.0, 6.0 ] },
										"up": { "texture": "#oak", "uv": [ 0.0, 0.0, 1.0, 5.0 ], "rotation": 90, "windMode": [-1,-1,-1,-1] },
										"down": { "texture": "#oak", "uv": [ 0.0, 0.0, 1.0, 5.0 ], "rotation": 90, "windMode": [-1,-1,-1,-1] }
									}
								},
								{
									"name": "Base10",
									"from": [ 0.0, 0.0, 16.0 ],
									"to": [ 5.0, 0.5, 17.0 ],
									"rotationOrigin": [ 0.0, 0.0, 16.0 ],
									"faces": {
										"north": { "texture": "#oak", "uv": [ 0.0, 10.0, 5.0, 10.5 ] },
										"east": { "texture": "#oak", "uv": [ 0.0, 8.0, 1.0, 8.5 ] },
										"south": { "texture": "#oak", "uv": [ 1.5, 10.5, 6.5, 11.0 ] },
										"west": { "texture": "#oak", "uv": [ 0.0, 5.5, 1.0, 6.0 ] },
										"up": { "texture": "#oak", "uv": [ 0.0, 0.0, 1.0, 5.0 ], "rotation": 90, "windMode": [-1,-1,-1,-1] },
										"down": { "texture": "#oak", "uv": [ 0.0, 0.0, 1.0, 5.0 ], "rotation": 90, "windMode": [-1,-1,-1,-1] }
									}
								},
								{
									"name": "Base13",
									"from": [ 0.0, 0.0, 6.0 ],
									"to": [ 5.0, 0.5, 7.0 ],
									"rotationOrigin": [ 0.0, 0.0, 6.0 ],
									"faces": {
										"north": { "texture": "#oak", "uv": [ 0.0, 10.0, 5.0, 10.5 ] },
										"east": { "texture": "#oak", "uv": [ 0.0, 8.0, 1.0, 8.5 ] },
										"south": { "texture": "#oak", "uv": [ 1.5, 10.5, 6.5, 11.0 ] },
										"west": { "texture": "#oak", "uv": [ 0.0, 5.5, 1.0, 6.0 ] },
										"up": { "texture": "#oak", "uv": [ 0.0, 0.0, 1.0, 5.0 ], "rotation": 90, "windMode": [-1,-1,-1,-1] },
										"down": { "texture": "#oak", "uv": [ 0.0, 0.0, 1.0, 5.0 ], "rotation": 90, "windMode": [-1,-1,-1,-1] }
									}
								},
								{
									"name": "Base14",
									"from": [ 0.0, 0.0, 23.0 ],
									"to": [ 5.0, 0.5, 24.0 ],
									"rotationOrigin": [ 0.0, 0.0, 23.0 ],
									"faces": {
										"north": { "texture": "#oak", "uv": [ 0.0, 10.0, 5.0, 10.5 ] },
										"east": { "texture": "#oak", "uv": [ 0.0, 8.0, 1.0, 8.5 ] },
										"south": { "texture": "#oak", "uv": [ 1.5, 10.5, 6.5, 11.0 ] },
										"west": { "texture": "#oak", "uv": [ 0.0, 5.5, 1.0, 6.0 ] },
										"up": { "texture": "#oak", "uv": [ 0.0, 0.0, 1.0, 5.0 ], "rotation": 90, "windMode": [-1,-1,-1,-1] },
										"down": { "texture": "#oak", "uv": [ 0.0, 0.0, 1.0, 5.0 ], "rotation": 90, "windMode": [-1,-1,-1,-1] }
									}
								}
							]
						},
						{
							"name": "Light2",
							"from": [ -36.8, 13.2, -9.1 ],
							"to": [ -34.8, 17.2, -7.1 ],
							"rotationOrigin": [ -35.7, 13.0, -8.1 ],
							"rotationY": 90.0,
							"faces": {
							},
							"attachmentpoints": [
								{
									"code": "Light2AP",
									"posX": "0.0","posY": "0.0","posZ": "0.0",
									"rotationX": "0.0","rotationY": "0.0","rotationZ": "0.0"
								}
							]
						},
						{
							"name": "Light3",
							"from": [ 0.9, 13.2, -9.1 ],
							"to": [ 2.9, 17.2, -7.1 ],
							"rotationOrigin": [ 2.0, 13.0, -8.1 ],
							"rotationY": -90.0,
							"faces": {
							},
							"attachmentpoints": [
								{
									"code": "Light3AP",
									"posX": "0.0","posY": "0.0","posZ": "0.0",
									"rotationX": "0.0","rotationY": "0.0","rotationZ": "0.0"
								}
							]
						},
						{
							"name": "Light4",
							"from": [ 0.9, 13.2, 7.1 ],
							"to": [ 2.9, 17.2, 9.1 ],
							"rotationOrigin": [ 2.0, 13.0, 8.1 ],
							"rotationY": -90.0,
							"faces": {
							},
							"attachmentpoints": [
								{
									"code": "Light4AP",
									"posX": "0.0","posY": "0.0","posZ": "0.0",
									"rotationX": "0.0","rotationY": "0.0","rotationZ": "0.0"
								}
							]
						},
						{
							"name": "Nose",
							"from": [ -40.0, 10.3, -6.6 ],
							"to": [ -35.0, 12.3, -4.2 ],
							"rotationOrigin": [ -40.0, 10.3, -6.6 ],
							"rotationY": -82.0,
							"rotationZ": 90.0,
							"faces": {
							},
							"attachmentpoints": [
								{
									"code": "NoseAP",
									"posX": "0.0","posY": "0.0","posZ": "0.0",
									"rotationX": "0.0","rotationY": "0.0","rotationZ": "0.0"
								}
							]
						},
						{
							"name": "Cube22",
							"from": [ -1.3, 13.01, 6.62 ],
							"to": [ 1.2, 15.51, 9.22 ],
							"rotationOrigin": [ -1.3, 13.0057, 6.6193 ],
							"rotationZ": 0.0133,
							"faces": {
								"north": { "texture": "#mordant2", "uv": [ 0.0, 0.0, 2.5, 2.5 ] },
								"east": { "texture": "#mordant2", "uv": [ 0.0, 0.0, 2.5, 2.5 ] },
								"south": { "texture": "#mordant2", "uv": [ 0.0, 0.0, 2.5, 2.5 ] },
								"west": { "texture": "#mordant2", "uv": [ 0.0, 0.0, 2.5, 2.5 ] },
								"up": { "texture": "#mordant2", "uv": [ 0.0, 0.0, 2.5, 2.5 ] },
								"down": { "texture": "#mordant2", "uv": [ 0.0, 0.0, 2.5, 2.5 ] }
							},
							"children": [
								{
									"name": "Cube23",
									"from": [ -0.1, 0.014, -0.1 ],
									"to": [ 2.7, 0.514, 2.7 ],
									"rotationOrigin": [ -0.1, 0.012, -0.103 ],
									"faces": {
										"north": { "texture": "#mordant", "uv": [ 0.0, 0.0, 2.5, 0.5 ] },
										"east": { "texture": "#mordant", "uv": [ 0.0, 0.0, 2.5, 0.5 ] },
										"south": { "texture": "#mordant", "uv": [ 0.0, 0.0, 2.5, 0.5 ] },
										"west": { "texture": "#mordant", "uv": [ 0.0, 0.0, 2.5, 0.5 ] },
										"up": { "texture": "#mordant", "uv": [ 0.0, 0.0, 2.5, 2.5 ] },
										"down": { "texture": "#mordant", "uv": [ 0.0, 0.0, 2.5, 2.5 ] }
									}
								},
								{
									"name": "Cube24",
									"from": [ -0.1, 2.21, -0.1 ],
									"to": [ 2.7, 2.71, 2.7 ],
									"rotationOrigin": [ -0.1, 2.212, -0.103 ],
									"faces": {
										"north": { "texture": "#mordant", "uv": [ 0.0, 0.0, 2.5, 0.5 ] },
										"east": { "texture": "#mordant", "uv": [ 0.0, 0.0, 2.5, 0.5 ] },
										"south": { "texture": "#mordant", "uv": [ 0.0, 0.0, 2.5, 0.5 ] },
										"west": { "texture": "#mordant", "uv": [ 0.0, 0.0, 2.5, 0.5 ] },
										"up": { "texture": "#mordant", "uv": [ 0.0, 0.0, 2.5, 2.5 ] },
										"down": { "texture": "#mordant", "uv": [ 0.0, 0.0, 2.5, 2.5 ] }
									}
								},
								{
									"name": "Cube25",
									"from": [ 0.1, 0.0, -15.7 ],
									"to": [ 2.6, 2.6, -13.2 ],
									"rotationOrigin": [ 0.1, -0.0043, -15.7007 ],
									"faces": {
										"north": { "texture": "#mordant2", "uv": [ 0.0, 0.0, 2.5, 2.5 ] },
										"east": { "texture": "#mordant2", "uv": [ 0.0, 0.0, 2.5, 2.5 ] },
										"south": { "texture": "#mordant2", "uv": [ 0.0, 0.0, 2.5, 2.5 ] },
										"west": { "texture": "#mordant2", "uv": [ 0.0, 0.0, 2.5, 2.5 ] },
										"up": { "texture": "#mordant2", "uv": [ 0.0, 0.0, 2.5, 2.5 ] },
										"down": { "texture": "#mordant2", "uv": [ 0.0, 0.0, 2.5, 2.5 ] }
									},
									"children": [
										{
											"name": "Cube26",
											"from": [ -0.4, 0.014, -0.1 ],
											"to": [ 2.6, 0.514, 2.9 ],
											"rotationOrigin": [ -0.4, 0.012, -0.103 ],
											"faces": {
												"north": { "texture": "#mordant", "uv": [ 0.0, 0.0, 3.0, 0.5 ] },
												"east": { "texture": "#mordant", "uv": [ 0.0, 0.0, 3.0, 0.5 ] },
												"south": { "texture": "#mordant", "uv": [ 0.0, 0.0, 3.0, 0.5 ] },
												"west": { "texture": "#mordant", "uv": [ 0.0, 0.0, 3.0, 0.5 ] },
												"up": { "texture": "#mordant", "uv": [ 0.0, 0.0, 3.0, 3.0 ] },
												"down": { "texture": "#mordant", "uv": [ 0.0, 0.0, 3.0, 3.0 ] }
											}
										},
										{
											"name": "Cube27",
											"from": [ -0.4, 2.21, -0.2 ],
											"to": [ 2.6, 2.71, 2.8 ],
											"rotationOrigin": [ -0.4, 2.212, -0.203 ],
											"faces": {
												"north": { "texture": "#mordant", "uv": [ 0.0, 0.0, 3.0, 0.5 ] },
												"east": { "texture": "#mordant", "uv": [ 0.0, 0.0, 3.0, 0.5 ] },
												"south": { "texture": "#mordant", "uv": [ 0.0, 0.0, 3.0, 0.5 ] },
												"west": { "texture": "#mordant", "uv": [ 0.0, 0.0, 3.0, 0.5 ] },
												"up": { "texture": "#mordant", "uv": [ 0.0, 0.0, 3.0, 3.0 ] },
												"down": { "texture": "#mordant", "uv": [ 0.0, 0.0, 3.0, 3.0 ] }
											}
										}
									]
								},
								{
									"name": "Cube28",
									"from": [ -33.8, 0.6, -15.8 ],
									"to": [ -31.6, 2.0, -13.2 ],
									"rotationOrigin": [ -33.8, 0.5957, -15.8007 ],
									"faces": {
										"north": { "texture": "#mordant2", "uv": [ 0.0, 0.0, 2.0, 1.0 ] },
										"east": { "texture": "#mordant2", "uv": [ 0.0, 0.0, 2.5, 1.0 ] },
										"south": { "texture": "#mordant2", "uv": [ 0.0, 0.0, 2.0, 1.0 ] },
										"west": { "texture": "#mordant2", "uv": [ 0.0, 0.0, 2.5, 1.0 ] },
										"up": { "texture": "#mordant2", "uv": [ 0.0, 0.0, 2.0, 2.5 ] },
										"down": { "texture": "#mordant2", "uv": [ 0.0, 0.0, 2.0, 2.5 ] }
									},
									"children": [
										{
											"name": "Cube29",
											"from": [ -0.2, -0.29, -0.1995 ],
											"to": [ 2.4, 0.21, 2.8005 ],
											"rotationOrigin": [ -0.2, -0.288, -0.203 ],
											"rotationZ": -5.0,
											"faces": {
												"north": { "texture": "#mordant", "uv": [ 0.0, 0.0, 2.5, 0.5 ] },
												"east": { "texture": "#mordant", "uv": [ 0.0, 0.0, 3.0, 0.5 ] },
												"south": { "texture": "#mordant", "uv": [ 0.0, 0.0, 2.5, 0.5 ] },
												"west": { "texture": "#mordant", "uv": [ 0.0, 0.0, 3.0, 0.5 ] },
												"up": { "texture": "#mordant", "uv": [ 0.0, 0.0, 2.5, 3.0 ] },
												"down": { "texture": "#mordant", "uv": [ 0.0, 0.0, 2.5, 3.0 ] }
											}
										},
										{
											"name": "Cube30",
											"from": [ -0.4, 2.41, -0.1995 ],
											"to": [ 2.5, 2.91, 2.8005 ],
											"rotationOrigin": [ -0.4, 2.412, -0.203 ],
											"rotationZ": -21.0,
											"faces": {
												"north": { "texture": "#mordant", "uv": [ 0.0, 0.0, 2.5, 0.5 ] },
												"east": { "texture": "#mordant", "uv": [ 0.0, 0.0, 3.0, 0.5 ] },
												"south": { "texture": "#mordant", "uv": [ 0.0, 0.0, 2.5, 0.5 ] },
												"west": { "texture": "#mordant", "uv": [ 0.0, 0.0, 3.0, 0.5 ] },
												"up": { "texture": "#mordant", "uv": [ 0.0, 0.0, 2.5, 3.0 ] },
												"down": { "texture": "#mordant", "uv": [ 0.0, 0.0, 2.5, 3.0 ] }
											}
										}
									]
								},
								{
									"name": "Cube31",
									"from": [ -33.9, 0.7, 0.1 ],
									"to": [ -31.4, 3.3, 2.7 ],
									"rotationOrigin": [ -33.9, 0.6957, 0.0993 ],
									"faces": {
										"north": { "texture": "#mordant2", "uv": [ 0.0, 0.0, 2.5, 2.5 ] },
										"east": { "texture": "#mordant2", "uv": [ 0.0, 0.0, 2.5, 2.5 ] },
										"south": { "texture": "#mordant2", "uv": [ 0.0, 0.0, 2.5, 2.5 ] },
										"west": { "texture": "#mordant2", "uv": [ 0.0, 0.0, 2.5, 2.5 ] },
										"up": { "texture": "#mordant2", "uv": [ 0.0, 0.0, 2.5, 2.5 ] },
										"down": { "texture": "#mordant2", "uv": [ 0.0, 0.0, 2.5, 2.5 ] }
									},
									"children": [
										{
											"name": "Cube32",
											"from": [ -0.2, -0.49, -0.1995 ],
											"to": [ 2.7, 0.01, 2.8005 ],
											"rotationOrigin": [ -0.2, -0.488, -0.203 ],
											"faces": {
												"north": { "texture": "#mordant", "uv": [ 0.0, 0.0, 2.5, 0.5 ] },
												"east": { "texture": "#mordant", "uv": [ 0.0, 0.0, 3.0, 0.5 ] },
												"south": { "texture": "#mordant", "uv": [ 0.0, 0.0, 2.5, 0.5 ] },
												"west": { "texture": "#mordant", "uv": [ 0.0, 0.0, 3.0, 0.5 ] },
												"up": { "texture": "#mordant", "uv": [ 0.0, 0.0, 2.5, 3.0 ] },
												"down": { "texture": "#mordant", "uv": [ 0.0, 0.0, 2.5, 3.0 ] }
											}
										},
										{
											"name": "Cube33",
											"from": [ -0.2, 2.21, -0.1995 ],
											"to": [ 2.7, 2.71, 2.8005 ],
											"rotationOrigin": [ -0.2, 2.212, -0.203 ],
											"faces": {
												"north": { "texture": "#mordant", "uv": [ 0.0, 0.0, 2.5, 0.5 ] },
												"east": { "texture": "#mordant", "uv": [ 0.0, 0.0, 3.0, 0.5 ] },
												"south": { "texture": "#mordant", "uv": [ 0.0, 0.0, 2.5, 0.5 ] },
												"west": { "texture": "#mordant", "uv": [ 0.0, 0.0, 3.0, 0.5 ] },
												"up": { "texture": "#mordant", "uv": [ 0.0, 0.0, 2.5, 3.0 ] },
												"down": { "texture": "#mordant", "uv": [ 0.0, 0.0, 2.5, 3.0 ] }
											}
										}
									]
								},
								{
									"name": "Cube34",
									"from": [ -33.8, 2.0, -15.8 ],
									"to": [ -31.6, 2.5, -13.2 ],
									"rotationOrigin": [ -33.8, 1.9957, -15.8007 ],
									"faces": {
										"north": { "texture": "#mordant", "uv": [ 0.0, 0.0, 2.0, 0.5 ] },
										"east": { "texture": "#mordant", "uv": [ 0.0, 0.0, 2.5, 0.5 ] },
										"south": { "texture": "#mordant", "uv": [ 0.0, 0.0, 2.0, 0.5 ] },
										"west": { "texture": "#mordant", "uv": [ 0.0, 0.0, 2.5, 0.5 ] },
										"up": { "texture": "#mordant", "uv": [ 0.0, 0.0, 2.0, 2.5 ] },
										"down": { "texture": "#mordant", "uv": [ 0.0, 0.0, 2.0, 2.5 ] }
									}
								},
								{
									"name": "Cube35",
									"from": [ -33.8, 2.5, -15.8 ],
									"to": [ -32.8, 3.0, -13.2 ],
									"rotationOrigin": [ -33.8, 2.4957, -15.8007 ],
									"faces": {
										"north": { "texture": "#mordant", "uv": [ 0.0, 0.0, 1.0, 0.5 ] },
										"east": { "texture": "#mordant", "uv": [ 0.0, 0.0, 2.5, 0.5 ] },
										"south": { "texture": "#mordant", "uv": [ 0.0, 0.0, 1.0, 0.5 ] },
										"west": { "texture": "#mordant", "uv": [ 0.0, 0.0, 2.5, 0.5 ] },
										"up": { "texture": "#mordant", "uv": [ 0.0, 0.0, 1.0, 2.5 ] },
										"down": { "texture": "#mordant", "uv": [ 0.0, 0.0, 1.0, 2.5 ] }
									}
								}
							]
						},
						{
							"name": "Head",
							"from": [ -40.0, 10.0, -8.6 ],
							"to": [ -35.0, 12.0, -6.2 ],
							"rotationOrigin": [ -40.0, 10.0, -8.6 ],
							"rotationY": 10.0,
							"faces": {
							}
						},
						{
							"name": "Blanket",
							"from": [ 0.0, 13.0, -8.0 ],
							"to": [ 3.0, 16.0, 8.0 ],
							"rotationOrigin": [ -4.0, 13.0, -12.0 ],
							"faces": {
							},
							"attachmentpoints": [
								{
									"code": "BlanketAP",
									"posX": "0.0","posY": "0.0","posZ": "0.0",
									"rotationX": "0.0","rotationY": "0.0","rotationZ": "0.0"
								}
							]
						},
						{
							"name": "SmallOrigin",
							"from": [ -17.0, 16.0, -9.5 ],
							"to": [ -17.0, 16.0, -9.5 ],
							"rotationOrigin": [ -17.0, 16.0, -9.5 ],
							"faces": {
							},
							"children": [
								{
									"name": "Smallitem5",
									"from": [ 7.9, 0.0, 0.0 ],
									"to": [ 15.9, 2.0, 8.0 ],
									"rotationOrigin": [ 3.9, 0.0, -4.0 ],
									"faces": {
									},
									"attachmentpoints": [
										{
											"code": "Smallitem5AP",
											"posX": "0.0","posY": "0.0","posZ": "0.0",
											"rotationX": "0.0","rotationY": "0.0","rotationZ": "0.0"
										}
									]
								},
								{
									"name": "Smallitem6",
									"from": [ -15.9, 0.0, 0.0 ],
									"to": [ -7.9, 2.0, 8.0 ],
									"rotationOrigin": [ 0.1, 0.0, 16.0 ],
									"faces": {
									},
									"attachmentpoints": [
										{
											"code": "Smallitem6AP",
											"posX": "16.0","posY": "0.0","posZ": "16.0",
											"rotationX": "0.0","rotationY": "0.0","rotationZ": "0.0"
										}
									]
								},
								{
									"name": "Smallitem7",
									"from": [ 0.0, -14.0, 2.5 ],
									"to": [ 8.0, -12.0, 10.5 ],
									"rotationOrigin": [ 0.0, -14.0, 2.5 ],
									"faces": {
									},
									"attachmentpoints": [
										{
											"code": "Smallitem7AP",
											"posX": "0.0","posY": "0.0","posZ": "0.0",
											"rotationX": "0.0","rotationY": "0.0","rotationZ": "0.0"
										}
									]
								},
								{
									"name": "Smallitem8",
									"from": [ -16.0, -14.0, 2.5 ],
									"to": [ -8.0, -12.0, 10.5 ],
									"rotationOrigin": [ -16.0, -14.0, 2.5 ],
									"faces": {
									},
									"attachmentpoints": [
										{
											"code": "Smallitem8AP",
											"posX": "3.0","posY": "0.0","posZ": "3.0",
											"rotationX": "0.0","rotationY": "0.0","rotationZ": "0.0"
										}
									]
								},
								{
									"name": "Smallitem9",
									"from": [ 0.0, 0.0, 0.0 ],
									"to": [ 8.0, 2.0, 8.0 ],
									"rotationOrigin": [ -4.0, 0.0, -4.0 ],
									"faces": {
									},
									"attachmentpoints": [
										{
											"code": "Smallitem9AP",
											"posX": "0.0","posY": "0.0","posZ": "0.0",
											"rotationX": "0.0","rotationY": "0.0","rotationZ": "0.0"
										}
									]
								},
								{
									"name": "Smallitem10",
									"from": [ -8.0, 0.0, 0.0 ],
									"to": [ 0.0, 2.0, 8.0 ],
									"rotationOrigin": [ 8.0, 0.0, 16.0 ],
									"faces": {
									},
									"attachmentpoints": [
										{
											"code": "Smallitem10AP",
											"posX": "0.0","posY": "0.0","posZ": "0.0",
											"rotationX": "0.0","rotationY": "0.0","rotationZ": "0.0"
										}
									]
								},
								{
									"name": "Smallitem11",
									"from": [ 8.0, -14.0, 2.5 ],
									"to": [ 16.0, -12.0, 10.5 ],
									"rotationOrigin": [ 8.0, -14.0, 2.5 ],
									"faces": {
									},
									"attachmentpoints": [
										{
											"code": "Smallitem11AP",
											"posX": "0.0","posY": "0.0","posZ": "0.0",
											"rotationX": "0.0","rotationY": "0.0","rotationZ": "0.0"
										}
									]
								},
								{
									"name": "Smallitem12",
									"from": [ -8.0, -14.0, 2.5 ],
									"to": [ 0.0, -12.0, 10.5 ],
									"rotationOrigin": [ -8.0, -14.0, 2.5 ],
									"faces": {
									},
									"attachmentpoints": [
										{
											"code": "Smallitem12AP",
											"posX": "0.0","posY": "0.0","posZ": "0.0",
											"rotationX": "0.0","rotationY": "0.0","rotationZ": "0.0"
										}
									]
								},
								{
									"name": "Cartbedroll",
									"from": [ -4.1, -14.0, 11.0 ],
									"to": [ 11.9, -12.0, 15.0 ],
									"rotationOrigin": [ -4.1, -14.0, 11.0 ],
									"faces": {
									},
									"attachmentpoints": [
										{
											"code": "CartbedrollAP",
											"posX": "0.0","posY": "0.0","posZ": "0.0",
											"rotationX": "0.0","rotationY": "0.0","rotationZ": "0.0"
										}
									]
								},
								{
									"name": "Smallitem13",
									"from": [ -13.0, -14.0, 9.5 ],
									"to": [ -5.0, -12.0, 17.5 ],
									"rotationOrigin": [ -13.0, -14.0, 9.5 ],
									"faces": {
									},
									"attachmentpoints": [
										{
											"code": "Smallitem13AP",
											"posX": "0.0","posY": "0.0","posZ": "0.0",
											"rotationX": "0.0","rotationY": "0.0","rotationZ": "0.0"
										}
									]
								}
							]
						}
					]
				},
				{
					"name": "RiderGrip",
					"from": [ -36.0, 16.2, -8.0 ],
					"to": [ -28.0, 20.2, 8.0 ],
					"rotationOrigin": [ -32.0, 18.0, 0.0 ],
					"faces": {
					},
					"attachmentpoints": [
						{
							"code": "Rider",
							"posX": "4.0","posY": "2.0","posZ": "8.0",
							"rotationX": "0.0","rotationY": "-180.0","rotationZ": "0.0"
						},
						{
							"code": "RiderGripAP",
							"posX": "4.0","posY": "2.0","posZ": "8.0",
							"rotationX": "0.0","rotationY": "-180.0","rotationZ": "0.0"
						}
					]
				}
			]
		}
	],
	"animations": [
		{
			"name": "walk",
			"code": "walk",
			"quantityframes": 70,
			"onActivityStopped": "EaseOut",
			"onAnimationEnd": "Repeat",
			"keyframes": [
				{
					"frame": 0,
					"elements": {
						"BackAxle": { "rotationX": 0.0, "rotationY": 0.0, "rotationZ": 180.0 },
						"RotationCenter": { "rotationX": 0.0, "rotationY": 0.0, "rotationZ": -4.0 }
					}
				},
				{
					"frame": 1,
					"elements": {
						"BackAxle": { "rotationX": 0.0, "rotationY": 0.0, "rotationZ": -180.0 },
						"RotationCenter": { "rotationX": 0.0, "rotationY": 0.0, "rotationZ": -4.0 }
					}
				}
			]
		},

		{
			"name": "sprint",
			"code": "sprint",
			"quantityframes": 50,
			"onActivityStopped": "EaseOut",
			"onAnimationEnd": "Repeat",
			"keyframes": [
				{
					"frame": 1,
					"elements": {
						"BackAxle": { "rotationX": 0.0, "rotationY": 0.0, "rotationZ": -179.0 },
						"RotationCenter": { "rotationX": 0.0, "rotationY": 0.0, "rotationZ": -5.0 }
					}
				},
				{
					"frame": 49,
					"elements": {
						"BackAxle": { "rotationX": 0.0, "rotationY": 0.0, "rotationZ": 179.0 },
						"RotationCenter": { "rotationX": 0.0, "rotationY": 0.0, "rotationZ": -5.0 }
					}
				}
			]
		},

		{
			"name": "walkback",
			"code": "walkback",
			"quantityframes": 30,
			"onActivityStopped": "Rewind",
			"onAnimationEnd": "Repeat",
			"keyframes": [
				{
					"frame": 0,
					"elements": {
						"RotationCenter": { "rotationX": 0.0, "rotationY": 0.0, "rotationZ": -3.0 },
						"BackAxle": { "rotationX": 0.0, "rotationY": 0.0, "rotationZ": 0.0 }
					}
				},
				{
					"frame": 1,
					"elements": {
						"BackAxle": { "rotationX": 0.0, "rotationY": 0.0, "rotationZ": 180.0 },
						"RotationCenter": { "rotationX": 0.0, "rotationY": 0.0, "rotationZ": -3.0 }
					}
				}
			]
		}
	]
}