{
	"editor": {
		"backDropShape": "entity/land/basiccart",
		"collapsedPaths": "Root/ORIGIN/CanopyTop/CanopyTopRidge,Root/ORIGIN/CanopyTop17,Root/ORIGIN/BindingsMain3,Root/ORIGIN/BindingsMain4,Root/ORIGIN/RightBeam1,Root/ORIGIN/CanopyTop/CanopyTop5,Root/ORIGIN/CanopyTop/CanopyTop9,Root/ORIGIN/TopBeam/TopBeam16,Root/ORIGIN/CanopyTop/CanopyTopRidge5,Root/ORIGIN/TopBeam,Root/ORIGIN/CanopyTop41,Root/ORIGIN/CanopyTop/CanopyTopRidge10,Root/ORIGIN/BindingsMain2",
		"allAngles": false,
		"entityTextureMode": false
	},
	"textureWidth": 16,
	"textureHeight": 16,
	"textureSizes": {
		"oak-h": [16,16],
		"canopycolor": [16,16],
		"canopycolor2": [16,16]
	},
	"textures": {
		"canopycolor2": "game:block/cloth/basic/green",
		"mordant": "game:block/cloth/linen/mordant",
		"mordant2": "game:block/cloth/pelt"
	},
	"elements": [
		{
			"name": "ORIGIN",
			"stepParentName": "Canopy",
			"from": [ 7.0, 1.5, 0.0 ],
			"to": [ 8.0, 2.5, 1.0 ],
			"rotationOrigin": [ 8.0, 0.2, 0.0 ],
			"faces": {
			},
			"children": [
				{
					"name": "Ropes",
					"from": [ -2.7, -1.5, 0.9 ],
					"to": [ -2.2, -0.2, 1.7 ],
					"rotationOrigin": [ -1.3, -1.7, 0.9 ],
					"faces": {
						"north": { "texture": "#mordant2", "uv": [ 0.0, 0.0, 1.0, 0.5 ], "rotation": 90 },
						"east": { "texture": "#mordant2", "uv": [ 0.0, 0.0, 1.0, 0.5 ], "rotation": 90 },
						"south": { "texture": "#mordant2", "uv": [ 0.0, 0.0, 1.0, 0.5 ], "rotation": 90 },
						"west": { "texture": "#mordant2", "uv": [ 0.0, 0.0, 1.0, 0.5 ], "rotation": 90 },
						"up": { "texture": "#mordant2", "uv": [ 0.0, 0.0, 0.5, 0.5 ], "rotation": 90 },
						"down": { "texture": "#mordant2", "uv": [ 0.0, 0.0, 0.5, 0.5 ], "rotation": 90 }
					},
					"children": [
						{
							"name": "Ropes2",
							"from": [ 6.7, 0.0, 0.0 ],
							"to": [ 7.2, 1.3, 0.8 ],
							"rotationOrigin": [ 8.1, -0.2, 0.0 ],
							"faces": {
								"north": { "texture": "#mordant2", "uv": [ 0.0, 0.0, 1.0, 0.5 ], "rotation": 90 },
								"east": { "texture": "#mordant2", "uv": [ 0.0, 0.0, 1.0, 0.5 ], "rotation": 90 },
								"south": { "texture": "#mordant2", "uv": [ 0.0, 0.0, 1.0, 0.5 ], "rotation": 90 },
								"west": { "texture": "#mordant2", "uv": [ 0.0, 0.0, 1.0, 0.5 ], "rotation": 90 },
								"up": { "texture": "#mordant2", "uv": [ 0.0, 0.0, 0.5, 0.5 ], "rotation": 90 },
								"down": { "texture": "#mordant2", "uv": [ 0.0, 0.0, 0.5, 0.5 ], "rotation": 90 }
							}
						}
					]
				}
			]
		},
		{
			"name": "Bindings40",
			"from": [ -15.7, 11.6809, 2.0066 ],
			"to": [ -13.3, 13.5809, 3.0066 ],
			"rotationOrigin": [ -14.3, 11.481, 2.0078 ],
			"rotationX": 100.0,
			"faces": {
				"north": { "texture": "#mordant", "uv": [ 0.0, 0.0, 1.5, 2.0 ], "rotation": 90 },
				"east": { "texture": "#mordant", "uv": [ 0.0, 0.0, 1.5, 1.0 ], "rotation": 90 },
				"south": { "texture": "#mordant", "uv": [ 0.0, 0.0, 1.5, 2.0 ], "rotation": 90 },
				"west": { "texture": "#mordant", "uv": [ 0.0, 0.0, 1.5, 1.0 ], "rotation": 90 },
				"up": { "texture": "#mordant", "uv": [ 0.0, 0.0, 1.0, 2.0 ], "rotation": 90 },
				"down": { "texture": "#mordant", "uv": [ 0.0, 0.0, 1.0, 2.0 ], "rotation": 90 }
			},
			"children": [
				{
					"name": "Bindings43",
					"from": [ 15.0, 0.0, 0.0 ],
					"to": [ 17.4, 1.9, 1.0 ],
					"rotationOrigin": [ 16.4, -0.2, 0.0012 ],
					"faces": {
						"north": { "texture": "#mordant", "uv": [ 0.0, 0.0, 1.5, 2.0 ], "rotation": 90 },
						"east": { "texture": "#mordant", "uv": [ 0.0, 0.0, 1.5, 1.0 ], "rotation": 90 },
						"south": { "texture": "#mordant", "uv": [ 0.0, 0.0, 1.5, 2.0 ], "rotation": 90 },
						"west": { "texture": "#mordant", "uv": [ 0.0, 0.0, 1.5, 1.0 ], "rotation": 90 },
						"up": { "texture": "#mordant", "uv": [ 0.0, 0.0, 1.0, 2.0 ], "rotation": 90 },
						"down": { "texture": "#mordant", "uv": [ 0.0, 0.0, 1.0, 2.0 ], "rotation": 90 }
					}
				},
				{
					"name": "Bindings44",
					"from": [ 30.0, 0.0, 0.0 ],
					"to": [ 32.4, 1.9, 1.0 ],
					"rotationOrigin": [ 31.4, -0.1999, 0.0012 ],
					"faces": {
						"north": { "texture": "#mordant", "uv": [ 0.0, 0.0, 1.5, 2.0 ], "rotation": 90 },
						"east": { "texture": "#mordant", "uv": [ 0.0, 0.0, 1.5, 1.0 ], "rotation": 90 },
						"south": { "texture": "#mordant", "uv": [ 0.0, 0.0, 1.5, 2.0 ], "rotation": 90 },
						"west": { "texture": "#mordant", "uv": [ 0.0, 0.0, 1.5, 1.0 ], "rotation": 90 },
						"up": { "texture": "#mordant", "uv": [ 0.0, 0.0, 1.0, 2.0 ], "rotation": 90 },
						"down": { "texture": "#mordant", "uv": [ 0.0, 0.0, 1.0, 2.0 ], "rotation": 90 }
					},
					"children": [
						{
							"name": "Cube4",
							"from": [ -30.3, 0.0, -0.4 ],
							"to": [ -30.3, 0.0, -0.4 ],
							"rotationOrigin": [ -30.3, 0.0, -0.4 ],
							"faces": {
								"north": { "texture": "#canopycolor2", "uv": [ 0.0, 0.0, 0.5, 0.5 ] },
								"east": { "texture": "#canopycolor2", "uv": [ 0.0, 0.0, 0.5, 0.5 ] },
								"south": { "texture": "#canopycolor2", "uv": [ 0.0, 0.0, 0.5, 0.5 ] },
								"west": { "texture": "#canopycolor2", "uv": [ 0.0, 0.0, 0.5, 0.5 ] },
								"up": { "texture": "#canopycolor2", "uv": [ 0.0, 0.0, 0.5, 0.5 ] },
								"down": { "texture": "#canopycolor2", "uv": [ 0.0, 0.0, 0.5, 0.5 ] }
							},
							"children": [
								{
									"name": "Bindings56",
									"from": [ 2.2, 0.5, 0.2 ],
									"to": [ 6.2, 1.4, 0.8 ],
									"rotationOrigin": [ 1.2, 0.5, 0.2012 ],
									"rotationY": -15.0,
									"faces": {
										"north": { "texture": "#mordant", "uv": [ 0.0, 0.0, 0.5, 4.0 ], "rotation": 90 },
										"east": { "texture": "#mordant", "uv": [ 0.0, 0.0, 0.5, 0.5 ], "rotation": 90 },
										"south": { "texture": "#mordant", "uv": [ 0.0, 0.0, 0.5, 4.0 ], "rotation": 90 },
										"west": { "texture": "#mordant", "uv": [ 0.0, 0.0, 0.5, 0.5 ], "rotation": 90 },
										"up": { "texture": "#mordant", "uv": [ 0.0, 0.0, 0.5, 4.0 ], "rotation": 90 },
										"down": { "texture": "#mordant", "uv": [ 0.0, 0.0, 0.5, 4.0 ], "rotation": 90 }
									},
									"children": [
										{
											"name": "Bindings57",
											"from": [ 4.0, 0.0, 0.0 ],
											"to": [ 10.0, 0.9, 0.6 ],
											"rotationOrigin": [ 4.0, 0.0, 0.5 ],
											"rotationY": 15.0,
											"faces": {
												"north": { "texture": "#mordant", "uv": [ 0.0, 0.0, 0.5, 6.0 ], "rotation": 90 },
												"east": { "texture": "#mordant", "uv": [ 0.0, 0.0, 0.5, 0.5 ], "rotation": 90 },
												"south": { "texture": "#mordant", "uv": [ 0.0, 0.0, 0.5, 6.0 ], "rotation": 90 },
												"west": { "texture": "#mordant", "uv": [ 0.0, 0.0, 0.5, 0.5 ], "rotation": 90 },
												"up": { "texture": "#mordant", "uv": [ 0.0, 0.0, 0.5, 6.0 ], "rotation": 90 },
												"down": { "texture": "#mordant", "uv": [ 0.0, 0.0, 0.5, 6.0 ], "rotation": 90 }
											},
											"children": [
												{
													"name": "Bindings58",
													"from": [ 6.0, 0.0, 0.0 ],
													"to": [ 10.0, 0.9, 0.6 ],
													"rotationOrigin": [ 6.0, 0.0, 0.5 ],
													"rotationY": 15.0,
													"faces": {
														"north": { "texture": "#mordant", "uv": [ 0.0, 0.0, 0.5, 4.0 ], "rotation": 90 },
														"east": { "texture": "#mordant", "uv": [ 0.0, 0.0, 0.5, 0.5 ], "rotation": 90 },
														"south": { "texture": "#mordant", "uv": [ 0.0, 0.0, 0.5, 4.0 ], "rotation": 90 },
														"west": { "texture": "#mordant", "uv": [ 0.0, 0.0, 0.5, 0.5 ], "rotation": 90 },
														"up": { "texture": "#mordant", "uv": [ 0.0, 0.0, 0.5, 4.0 ], "rotation": 90 },
														"down": { "texture": "#mordant", "uv": [ 0.0, 0.0, 0.5, 4.0 ], "rotation": 90 }
													}
												}
											]
										}
									]
								}
							]
						},
						{
							"name": "Cube5",
							"from": [ -15.3, 0.0, -0.5 ],
							"to": [ -15.3, 0.0, -0.5 ],
							"rotationOrigin": [ -15.3, 0.0, -0.5 ],
							"faces": {
								"north": { "texture": "#canopycolor2", "uv": [ 0.0, 0.0, 0.5, 0.5 ] },
								"east": { "texture": "#canopycolor2", "uv": [ 0.0, 0.0, 0.5, 0.5 ] },
								"south": { "texture": "#canopycolor2", "uv": [ 0.0, 0.0, 0.5, 0.5 ] },
								"west": { "texture": "#canopycolor2", "uv": [ 0.0, 0.0, 0.5, 0.5 ] },
								"up": { "texture": "#canopycolor2", "uv": [ 0.0, 0.0, 0.5, 0.5 ] },
								"down": { "texture": "#canopycolor2", "uv": [ 0.0, 0.0, 0.5, 0.5 ] }
							},
							"children": [
								{
									"name": "Bindings59",
									"from": [ 2.2, 0.5, 0.2 ],
									"to": [ 6.2, 1.4, 0.8 ],
									"rotationOrigin": [ 1.2, 0.5, 0.2012 ],
									"rotationY": -15.0,
									"faces": {
										"north": { "texture": "#mordant", "uv": [ 0.0, 0.0, 0.5, 4.0 ], "rotation": 90 },
										"east": { "texture": "#mordant", "uv": [ 0.0, 0.0, 0.5, 0.5 ], "rotation": 90 },
										"south": { "texture": "#mordant", "uv": [ 0.0, 0.0, 0.5, 4.0 ], "rotation": 90 },
										"west": { "texture": "#mordant", "uv": [ 0.0, 0.0, 0.5, 0.5 ], "rotation": 90 },
										"up": { "texture": "#mordant", "uv": [ 0.0, 0.0, 0.5, 4.0 ], "rotation": 90 },
										"down": { "texture": "#mordant", "uv": [ 0.0, 0.0, 0.5, 4.0 ], "rotation": 90 }
									},
									"children": [
										{
											"name": "Bindings60",
											"from": [ 4.0, 0.0, 0.0 ],
											"to": [ 10.0, 0.9, 0.6 ],
											"rotationOrigin": [ 4.0, 0.0, 0.5 ],
											"rotationY": 15.0,
											"faces": {
												"north": { "texture": "#mordant", "uv": [ 0.0, 0.0, 0.5, 6.0 ], "rotation": 90 },
												"east": { "texture": "#mordant", "uv": [ 0.0, 0.0, 0.5, 0.5 ], "rotation": 90 },
												"south": { "texture": "#mordant", "uv": [ 0.0, 0.0, 0.5, 6.0 ], "rotation": 90 },
												"west": { "texture": "#mordant", "uv": [ 0.0, 0.0, 0.5, 0.5 ], "rotation": 90 },
												"up": { "texture": "#mordant", "uv": [ 0.0, 0.0, 0.5, 6.0 ], "rotation": 90 },
												"down": { "texture": "#mordant", "uv": [ 0.0, 0.0, 0.5, 6.0 ], "rotation": 90 }
											},
											"children": [
												{
													"name": "Bindings61",
													"from": [ 6.0, 0.0, 0.0 ],
													"to": [ 10.0, 0.9, 0.6 ],
													"rotationOrigin": [ 6.0, 0.0, 0.5 ],
													"rotationY": 15.0,
													"faces": {
														"north": { "texture": "#mordant", "uv": [ 0.0, 0.0, 0.5, 4.0 ], "rotation": 90 },
														"east": { "texture": "#mordant", "uv": [ 0.0, 0.0, 0.5, 0.5 ], "rotation": 90 },
														"south": { "texture": "#mordant", "uv": [ 0.0, 0.0, 0.5, 4.0 ], "rotation": 90 },
														"west": { "texture": "#mordant", "uv": [ 0.0, 0.0, 0.5, 0.5 ], "rotation": 90 },
														"up": { "texture": "#mordant", "uv": [ 0.0, 0.0, 0.5, 4.0 ], "rotation": 90 },
														"down": { "texture": "#mordant", "uv": [ 0.0, 0.0, 0.5, 4.0 ], "rotation": 90 }
													}
												}
											]
										}
									]
								}
							]
						},
						{
							"name": "Cube6",
							"from": [ -0.3, 0.0, -0.5 ],
							"to": [ -0.3, 0.0, -0.5 ],
							"rotationOrigin": [ -0.3, 0.0, -0.5 ],
							"faces": {
								"north": { "texture": "#canopycolor2", "uv": [ 0.0, 0.0, 0.5, 0.5 ] },
								"east": { "texture": "#canopycolor2", "uv": [ 0.0, 0.0, 0.5, 0.5 ] },
								"south": { "texture": "#canopycolor2", "uv": [ 0.0, 0.0, 0.5, 0.5 ] },
								"west": { "texture": "#canopycolor2", "uv": [ 0.0, 0.0, 0.5, 0.5 ] },
								"up": { "texture": "#canopycolor2", "uv": [ 0.0, 0.0, 0.5, 0.5 ] },
								"down": { "texture": "#canopycolor2", "uv": [ 0.0, 0.0, 0.5, 0.5 ] }
							},
							"children": [
								{
									"name": "Bindings62",
									"from": [ 2.2, 0.5, 0.2 ],
									"to": [ 6.2, 1.4, 0.8 ],
									"rotationOrigin": [ 1.2, 0.5, 0.2012 ],
									"rotationY": -15.0,
									"faces": {
										"north": { "texture": "#mordant", "uv": [ 0.0, 0.0, 0.5, 4.0 ], "rotation": 90 },
										"east": { "texture": "#mordant", "uv": [ 0.0, 0.0, 0.5, 0.5 ], "rotation": 90 },
										"south": { "texture": "#mordant", "uv": [ 0.0, 0.0, 0.5, 4.0 ], "rotation": 90 },
										"west": { "texture": "#mordant", "uv": [ 0.0, 0.0, 0.5, 0.5 ], "rotation": 90 },
										"up": { "texture": "#mordant", "uv": [ 0.0, 0.0, 0.5, 4.0 ], "rotation": 90 },
										"down": { "texture": "#mordant", "uv": [ 0.0, 0.0, 0.5, 4.0 ], "rotation": 90 }
									},
									"children": [
										{
											"name": "Bindings63",
											"from": [ 4.0, 0.0, 0.0 ],
											"to": [ 10.0, 0.9, 0.6 ],
											"rotationOrigin": [ 4.0, 0.0, 0.5 ],
											"rotationY": 15.0,
											"faces": {
												"north": { "texture": "#mordant", "uv": [ 0.0, 0.0, 0.5, 6.0 ], "rotation": 90 },
												"east": { "texture": "#mordant", "uv": [ 0.0, 0.0, 0.5, 0.5 ], "rotation": 90 },
												"south": { "texture": "#mordant", "uv": [ 0.0, 0.0, 0.5, 6.0 ], "rotation": 90 },
												"west": { "texture": "#mordant", "uv": [ 0.0, 0.0, 0.5, 0.5 ], "rotation": 90 },
												"up": { "texture": "#mordant", "uv": [ 0.0, 0.0, 0.5, 6.0 ], "rotation": 90 },
												"down": { "texture": "#mordant", "uv": [ 0.0, 0.0, 0.5, 6.0 ], "rotation": 90 }
											},
											"children": [
												{
													"name": "Bindings64",
													"from": [ 6.0, 0.0, 0.0 ],
													"to": [ 10.0, 0.9, 0.6 ],
													"rotationOrigin": [ 6.0, 0.0, 0.5 ],
													"rotationY": 15.0,
													"faces": {
														"north": { "texture": "#mordant", "uv": [ 0.0, 0.0, 0.5, 4.0 ], "rotation": 90 },
														"east": { "texture": "#mordant", "uv": [ 0.0, 0.0, 0.5, 0.5 ], "rotation": 90 },
														"south": { "texture": "#mordant", "uv": [ 0.0, 0.0, 0.5, 4.0 ], "rotation": 90 },
														"west": { "texture": "#mordant", "uv": [ 0.0, 0.0, 0.5, 0.5 ], "rotation": 90 },
														"up": { "texture": "#mordant", "uv": [ 0.0, 0.0, 0.5, 4.0 ], "rotation": 90 },
														"down": { "texture": "#mordant", "uv": [ 0.0, 0.0, 0.5, 4.0 ], "rotation": 90 }
													}
												}
											]
										}
									]
								}
							]
						}
					]
				},
				{
					"name": "Bindings45",
					"from": [ 45.0, 0.0, 0.0 ],
					"to": [ 47.4, 1.9, 1.0 ],
					"rotationOrigin": [ 46.4, -0.1999, 0.0012 ],
					"faces": {
						"north": { "texture": "#mordant", "uv": [ 0.0, 0.0, 1.5, 2.0 ], "rotation": 90 },
						"east": { "texture": "#mordant", "uv": [ 0.0, 0.0, 1.5, 1.0 ], "rotation": 90 },
						"south": { "texture": "#mordant", "uv": [ 0.0, 0.0, 1.5, 2.0 ], "rotation": 90 },
						"west": { "texture": "#mordant", "uv": [ 0.0, 0.0, 1.5, 1.0 ], "rotation": 90 },
						"up": { "texture": "#mordant", "uv": [ 0.0, 0.0, 1.0, 2.0 ], "rotation": 90 },
						"down": { "texture": "#mordant", "uv": [ 0.0, 0.0, 1.0, 2.0 ], "rotation": 90 }
					}
				},
				{
					"name": "Ropes3",
					"from": [ 14.9, 0.1395, 1.9882 ],
					"to": [ 17.5, 1.1395, 4.0882 ],
					"rotationOrigin": [ 16.3, -0.0605, 1.9882 ],
					"rotationX": -90.0,
					"faces": {
						"north": { "texture": "#mordant2", "uv": [ 0.0, 0.0, 1.0, 2.5 ], "rotation": 90 },
						"east": { "texture": "#mordant2", "uv": [ 0.0, 0.0, 1.0, 2.0 ], "rotation": 90 },
						"south": { "texture": "#mordant2", "uv": [ 0.0, 0.0, 1.0, 2.5 ], "rotation": 90 },
						"west": { "texture": "#mordant2", "uv": [ 0.0, 0.0, 1.0, 2.0 ], "rotation": 90 },
						"up": { "texture": "#mordant2", "uv": [ 0.0, 0.0, 2.0, 2.5 ], "rotation": 90 },
						"down": { "texture": "#mordant2", "uv": [ 0.0, 0.0, 2.0, 2.5 ], "rotation": 90 }
					},
					"children": [
						{
							"name": "Ropes4",
							"from": [ -15.0, 0.0, 0.0 ],
							"to": [ -12.4, 1.0, 2.1 ],
							"rotationOrigin": [ -13.6, -0.2, 0.0 ],
							"faces": {
								"north": { "texture": "#mordant2", "uv": [ 0.0, 0.0, 1.0, 2.5 ], "rotation": 90 },
								"east": { "texture": "#mordant2", "uv": [ 0.0, 0.0, 1.0, 2.0 ], "rotation": 90 },
								"south": { "texture": "#mordant2", "uv": [ 0.0, 0.0, 1.0, 2.5 ], "rotation": 90 },
								"west": { "texture": "#mordant2", "uv": [ 0.0, 0.0, 1.0, 2.0 ], "rotation": 90 },
								"up": { "texture": "#mordant2", "uv": [ 0.0, 0.0, 2.0, 2.5 ], "rotation": 90 },
								"down": { "texture": "#mordant2", "uv": [ 0.0, 0.0, 2.0, 2.5 ], "rotation": 90 }
							}
						},
						{
							"name": "Ropes5",
							"from": [ 15.0, 0.0, 0.0 ],
							"to": [ 17.6, 1.0, 2.1 ],
							"rotationOrigin": [ 16.4, -0.2, 0.0 ],
							"faces": {
								"north": { "texture": "#mordant2", "uv": [ 0.0, 0.0, 1.0, 2.5 ], "rotation": 90 },
								"east": { "texture": "#mordant2", "uv": [ 0.0, 0.0, 1.0, 2.0 ], "rotation": 90 },
								"south": { "texture": "#mordant2", "uv": [ 0.0, 0.0, 1.0, 2.5 ], "rotation": 90 },
								"west": { "texture": "#mordant2", "uv": [ 0.0, 0.0, 1.0, 2.0 ], "rotation": 90 },
								"up": { "texture": "#mordant2", "uv": [ 0.0, 0.0, 2.0, 2.5 ], "rotation": 90 },
								"down": { "texture": "#mordant2", "uv": [ 0.0, 0.0, 2.0, 2.5 ], "rotation": 90 }
							}
						},
						{
							"name": "Ropes6",
							"from": [ 30.0, 0.0, 0.0 ],
							"to": [ 32.6, 1.0, 2.1 ],
							"rotationOrigin": [ 31.4, -0.2, 0.0 ],
							"faces": {
								"north": { "texture": "#mordant2", "uv": [ 0.0, 0.0, 1.0, 2.5 ], "rotation": 90 },
								"east": { "texture": "#mordant2", "uv": [ 0.0, 0.0, 1.0, 2.0 ], "rotation": 90 },
								"south": { "texture": "#mordant2", "uv": [ 0.0, 0.0, 1.0, 2.5 ], "rotation": 90 },
								"west": { "texture": "#mordant2", "uv": [ 0.0, 0.0, 1.0, 2.0 ], "rotation": 90 },
								"up": { "texture": "#mordant2", "uv": [ 0.0, 0.0, 2.0, 2.5 ], "rotation": 90 },
								"down": { "texture": "#mordant2", "uv": [ 0.0, 0.0, 2.0, 2.5 ], "rotation": 90 }
							}
						}
					]
				},
				{
					"name": "Bindings50",
					"from": [ 0.0, -0.4082, -19.5682 ],
					"to": [ 2.4, 1.8918, -18.5682 ],
					"rotationOrigin": [ 1.4, -0.6081, -19.567 ],
					"rotationX": -10.0,
					"faces": {
						"north": { "texture": "#mordant", "uv": [ 0.0, 0.0, 2.0, 2.0 ], "rotation": 90 },
						"east": { "texture": "#mordant", "uv": [ 0.0, 0.0, 2.0, 1.0 ], "rotation": 90 },
						"south": { "texture": "#mordant", "uv": [ 0.0, 0.0, 2.0, 2.0 ], "rotation": 90 },
						"west": { "texture": "#mordant", "uv": [ 0.0, 0.0, 2.0, 1.0 ], "rotation": 90 },
						"up": { "texture": "#mordant", "uv": [ 0.0, 0.0, 1.0, 2.0 ], "rotation": 90 },
						"down": { "texture": "#mordant", "uv": [ 0.0, 0.0, 1.0, 2.0 ], "rotation": 90 }
					},
					"children": [
						{
							"name": "Bindings51",
							"from": [ 15.0, 0.0, 0.0 ],
							"to": [ 17.4, 2.3, 1.0 ],
							"rotationOrigin": [ 16.4, -0.2, 0.0012 ],
							"faces": {
								"north": { "texture": "#mordant", "uv": [ 0.0, 0.0, 2.0, 2.0 ], "rotation": 90 },
								"east": { "texture": "#mordant", "uv": [ 0.0, 0.0, 2.0, 1.0 ], "rotation": 90 },
								"south": { "texture": "#mordant", "uv": [ 0.0, 0.0, 2.0, 2.0 ], "rotation": 90 },
								"west": { "texture": "#mordant", "uv": [ 0.0, 0.0, 2.0, 1.0 ], "rotation": 90 },
								"up": { "texture": "#mordant", "uv": [ 0.0, 0.0, 1.0, 2.0 ], "rotation": 90 },
								"down": { "texture": "#mordant", "uv": [ 0.0, 0.0, 1.0, 2.0 ], "rotation": 90 }
							}
						},
						{
							"name": "Bindings52",
							"from": [ 30.0, 0.0, 0.0 ],
							"to": [ 32.4, 2.3, 1.0 ],
							"rotationOrigin": [ 31.4, -0.1999, 0.0012 ],
							"faces": {
								"north": { "texture": "#mordant", "uv": [ 0.0, 0.0, 2.0, 2.0 ], "rotation": 90 },
								"east": { "texture": "#mordant", "uv": [ 0.0, 0.0, 2.0, 1.0 ], "rotation": 90 },
								"south": { "texture": "#mordant", "uv": [ 0.0, 0.0, 2.0, 2.0 ], "rotation": 90 },
								"west": { "texture": "#mordant", "uv": [ 0.0, 0.0, 2.0, 1.0 ], "rotation": 90 },
								"up": { "texture": "#mordant", "uv": [ 0.0, 0.0, 1.0, 2.0 ], "rotation": 90 },
								"down": { "texture": "#mordant", "uv": [ 0.0, 0.0, 1.0, 2.0 ], "rotation": 90 }
							},
							"children": [
								{
									"name": "Cube7",
									"from": [ -30.3, 0.0, -0.4 ],
									"to": [ -30.3, 0.0, -0.4 ],
									"rotationOrigin": [ -30.3, 0.0, -0.4 ],
									"faces": {
										"north": { "texture": "#canopycolor2", "uv": [ 0.0, 0.0, 0.5, 0.5 ] },
										"east": { "texture": "#canopycolor2", "uv": [ 0.0, 0.0, 0.5, 0.5 ] },
										"south": { "texture": "#canopycolor2", "uv": [ 0.0, 0.0, 0.5, 0.5 ] },
										"west": { "texture": "#canopycolor2", "uv": [ 0.0, 0.0, 0.5, 0.5 ] },
										"up": { "texture": "#canopycolor2", "uv": [ 0.0, 0.0, 0.5, 0.5 ] },
										"down": { "texture": "#canopycolor2", "uv": [ 0.0, 0.0, 0.5, 0.5 ] }
									},
									"children": [
										{
											"name": "Bindings65",
											"from": [ 2.2, 0.5, 0.2 ],
											"to": [ 6.2, 1.4, 0.8 ],
											"rotationOrigin": [ 1.2, 0.5, 0.2012 ],
											"rotationY": -15.0,
											"faces": {
												"north": { "texture": "#mordant", "uv": [ 0.0, 0.0, 0.5, 4.0 ], "rotation": 90 },
												"east": { "texture": "#mordant", "uv": [ 0.0, 0.0, 0.5, 0.5 ], "rotation": 90 },
												"south": { "texture": "#mordant", "uv": [ 0.0, 0.0, 0.5, 4.0 ], "rotation": 90 },
												"west": { "texture": "#mordant", "uv": [ 0.0, 0.0, 0.5, 0.5 ], "rotation": 90 },
												"up": { "texture": "#mordant", "uv": [ 0.0, 0.0, 0.5, 4.0 ], "rotation": 90 },
												"down": { "texture": "#mordant", "uv": [ 0.0, 0.0, 0.5, 4.0 ], "rotation": 90 }
											},
											"children": [
												{
													"name": "Bindings66",
													"from": [ 4.0, 0.0, 0.0 ],
													"to": [ 10.0, 0.9, 0.6 ],
													"rotationOrigin": [ 4.0, 0.0, 0.5 ],
													"rotationY": 15.0,
													"faces": {
														"north": { "texture": "#mordant", "uv": [ 0.0, 0.0, 0.5, 6.0 ], "rotation": 90 },
														"east": { "texture": "#mordant", "uv": [ 0.0, 0.0, 0.5, 0.5 ], "rotation": 90 },
														"south": { "texture": "#mordant", "uv": [ 0.0, 0.0, 0.5, 6.0 ], "rotation": 90 },
														"west": { "texture": "#mordant", "uv": [ 0.0, 0.0, 0.5, 0.5 ], "rotation": 90 },
														"up": { "texture": "#mordant", "uv": [ 0.0, 0.0, 0.5, 6.0 ], "rotation": 90 },
														"down": { "texture": "#mordant", "uv": [ 0.0, 0.0, 0.5, 6.0 ], "rotation": 90 }
													},
													"children": [
														{
															"name": "Bindings67",
															"from": [ 6.0, 0.0, 0.0 ],
															"to": [ 10.0, 0.9, 0.6 ],
															"rotationOrigin": [ 6.0, 0.0, 0.5 ],
															"rotationY": 15.0,
															"faces": {
																"north": { "texture": "#mordant", "uv": [ 0.0, 0.0, 0.5, 4.0 ], "rotation": 90 },
																"east": { "texture": "#mordant", "uv": [ 0.0, 0.0, 0.5, 0.5 ], "rotation": 90 },
																"south": { "texture": "#mordant", "uv": [ 0.0, 0.0, 0.5, 4.0 ], "rotation": 90 },
																"west": { "texture": "#mordant", "uv": [ 0.0, 0.0, 0.5, 0.5 ], "rotation": 90 },
																"up": { "texture": "#mordant", "uv": [ 0.0, 0.0, 0.5, 4.0 ], "rotation": 90 },
																"down": { "texture": "#mordant", "uv": [ 0.0, 0.0, 0.5, 4.0 ], "rotation": 90 }
															}
														}
													]
												}
											]
										}
									]
								},
								{
									"name": "Cube8",
									"from": [ -15.3, 0.0, -0.5 ],
									"to": [ -15.3, 0.0, -0.5 ],
									"rotationOrigin": [ -15.3, 0.0, -0.5 ],
									"faces": {
										"north": { "texture": "#canopycolor2", "uv": [ 0.0, 0.0, 0.5, 0.5 ] },
										"east": { "texture": "#canopycolor2", "uv": [ 0.0, 0.0, 0.5, 0.5 ] },
										"south": { "texture": "#canopycolor2", "uv": [ 0.0, 0.0, 0.5, 0.5 ] },
										"west": { "texture": "#canopycolor2", "uv": [ 0.0, 0.0, 0.5, 0.5 ] },
										"up": { "texture": "#canopycolor2", "uv": [ 0.0, 0.0, 0.5, 0.5 ] },
										"down": { "texture": "#canopycolor2", "uv": [ 0.0, 0.0, 0.5, 0.5 ] }
									},
									"children": [
										{
											"name": "Bindings68",
											"from": [ 2.2, 0.5, 0.2 ],
											"to": [ 6.2, 1.4, 0.8 ],
											"rotationOrigin": [ 1.2, 0.5, 0.2012 ],
											"rotationY": -15.0,
											"faces": {
												"north": { "texture": "#mordant", "uv": [ 0.0, 0.0, 0.5, 4.0 ], "rotation": 90 },
												"east": { "texture": "#mordant", "uv": [ 0.0, 0.0, 0.5, 0.5 ], "rotation": 90 },
												"south": { "texture": "#mordant", "uv": [ 0.0, 0.0, 0.5, 4.0 ], "rotation": 90 },
												"west": { "texture": "#mordant", "uv": [ 0.0, 0.0, 0.5, 0.5 ], "rotation": 90 },
												"up": { "texture": "#mordant", "uv": [ 0.0, 0.0, 0.5, 4.0 ], "rotation": 90 },
												"down": { "texture": "#mordant", "uv": [ 0.0, 0.0, 0.5, 4.0 ], "rotation": 90 }
											},
											"children": [
												{
													"name": "Bindings69",
													"from": [ 4.0, 0.0, 0.0 ],
													"to": [ 10.0, 0.9, 0.6 ],
													"rotationOrigin": [ 4.0, 0.0, 0.5 ],
													"rotationY": 15.0,
													"faces": {
														"north": { "texture": "#mordant", "uv": [ 0.0, 0.0, 0.5, 6.0 ], "rotation": 90 },
														"east": { "texture": "#mordant", "uv": [ 0.0, 0.0, 0.5, 0.5 ], "rotation": 90 },
														"south": { "texture": "#mordant", "uv": [ 0.0, 0.0, 0.5, 6.0 ], "rotation": 90 },
														"west": { "texture": "#mordant", "uv": [ 0.0, 0.0, 0.5, 0.5 ], "rotation": 90 },
														"up": { "texture": "#mordant", "uv": [ 0.0, 0.0, 0.5, 6.0 ], "rotation": 90 },
														"down": { "texture": "#mordant", "uv": [ 0.0, 0.0, 0.5, 6.0 ], "rotation": 90 }
													},
													"children": [
														{
															"name": "Bindings70",
															"from": [ 6.0, 0.0, 0.0 ],
															"to": [ 10.0, 0.9, 0.6 ],
															"rotationOrigin": [ 6.0, 0.0, 0.5 ],
															"rotationY": 15.0,
															"faces": {
																"north": { "texture": "#mordant", "uv": [ 0.0, 0.0, 0.5, 4.0 ], "rotation": 90 },
																"east": { "texture": "#mordant", "uv": [ 0.0, 0.0, 0.5, 0.5 ], "rotation": 90 },
																"south": { "texture": "#mordant", "uv": [ 0.0, 0.0, 0.5, 4.0 ], "rotation": 90 },
																"west": { "texture": "#mordant", "uv": [ 0.0, 0.0, 0.5, 0.5 ], "rotation": 90 },
																"up": { "texture": "#mordant", "uv": [ 0.0, 0.0, 0.5, 4.0 ], "rotation": 90 },
																"down": { "texture": "#mordant", "uv": [ 0.0, 0.0, 0.5, 4.0 ], "rotation": 90 }
															}
														}
													]
												}
											]
										}
									]
								},
								{
									"name": "Cube9",
									"from": [ -0.3, 0.0, -0.5 ],
									"to": [ -0.3, 0.0, -0.5 ],
									"rotationOrigin": [ -0.3, 0.0, -0.5 ],
									"faces": {
										"north": { "texture": "#canopycolor2", "uv": [ 0.0, 0.0, 0.5, 0.5 ] },
										"east": { "texture": "#canopycolor2", "uv": [ 0.0, 0.0, 0.5, 0.5 ] },
										"south": { "texture": "#canopycolor2", "uv": [ 0.0, 0.0, 0.5, 0.5 ] },
										"west": { "texture": "#canopycolor2", "uv": [ 0.0, 0.0, 0.5, 0.5 ] },
										"up": { "texture": "#canopycolor2", "uv": [ 0.0, 0.0, 0.5, 0.5 ] },
										"down": { "texture": "#canopycolor2", "uv": [ 0.0, 0.0, 0.5, 0.5 ] }
									},
									"children": [
										{
											"name": "Bindings71",
											"from": [ 2.2, 0.5, 0.2 ],
											"to": [ 6.2, 1.4, 0.8 ],
											"rotationOrigin": [ 1.2, 0.5, 0.2012 ],
											"rotationY": -15.0,
											"faces": {
												"north": { "texture": "#mordant", "uv": [ 0.0, 0.0, 0.5, 4.0 ], "rotation": 90 },
												"east": { "texture": "#mordant", "uv": [ 0.0, 0.0, 0.5, 0.5 ], "rotation": 90 },
												"south": { "texture": "#mordant", "uv": [ 0.0, 0.0, 0.5, 4.0 ], "rotation": 90 },
												"west": { "texture": "#mordant", "uv": [ 0.0, 0.0, 0.5, 0.5 ], "rotation": 90 },
												"up": { "texture": "#mordant", "uv": [ 0.0, 0.0, 0.5, 4.0 ], "rotation": 90 },
												"down": { "texture": "#mordant", "uv": [ 0.0, 0.0, 0.5, 4.0 ], "rotation": 90 }
											},
											"children": [
												{
													"name": "Bindings72",
													"from": [ 4.0, 0.0, 0.0 ],
													"to": [ 10.0, 0.9, 0.6 ],
													"rotationOrigin": [ 4.0, 0.0, 0.5 ],
													"rotationY": 15.0,
													"faces": {
														"north": { "texture": "#mordant", "uv": [ 0.0, 0.0, 0.5, 6.0 ], "rotation": 90 },
														"east": { "texture": "#mordant", "uv": [ 0.0, 0.0, 0.5, 0.5 ], "rotation": 90 },
														"south": { "texture": "#mordant", "uv": [ 0.0, 0.0, 0.5, 6.0 ], "rotation": 90 },
														"west": { "texture": "#mordant", "uv": [ 0.0, 0.0, 0.5, 0.5 ], "rotation": 90 },
														"up": { "texture": "#mordant", "uv": [ 0.0, 0.0, 0.5, 6.0 ], "rotation": 90 },
														"down": { "texture": "#mordant", "uv": [ 0.0, 0.0, 0.5, 6.0 ], "rotation": 90 }
													},
													"children": [
														{
															"name": "Bindings73",
															"from": [ 6.0, 0.0, 0.0 ],
															"to": [ 10.0, 0.9, 0.6 ],
															"rotationOrigin": [ 6.0, 0.0, 0.5 ],
															"rotationY": 15.0,
															"faces": {
																"north": { "texture": "#mordant", "uv": [ 0.0, 0.0, 0.5, 4.0 ], "rotation": 90 },
																"east": { "texture": "#mordant", "uv": [ 0.0, 0.0, 0.5, 0.5 ], "rotation": 90 },
																"south": { "texture": "#mordant", "uv": [ 0.0, 0.0, 0.5, 4.0 ], "rotation": 90 },
																"west": { "texture": "#mordant", "uv": [ 0.0, 0.0, 0.5, 0.5 ], "rotation": 90 },
																"up": { "texture": "#mordant", "uv": [ 0.0, 0.0, 0.5, 4.0 ], "rotation": 90 },
																"down": { "texture": "#mordant", "uv": [ 0.0, 0.0, 0.5, 4.0 ], "rotation": 90 }
															}
														}
													]
												}
											]
										}
									]
								}
							]
						},
						{
							"name": "Bindings53",
							"from": [ 45.0, 0.0, 0.0 ],
							"to": [ 47.4, 2.3, 1.0 ],
							"rotationOrigin": [ 46.4, -0.1999, 0.0012 ],
							"faces": {
								"north": { "texture": "#mordant", "uv": [ 0.0, 0.0, 2.0, 2.0 ], "rotation": 90 },
								"east": { "texture": "#mordant", "uv": [ 0.0, 0.0, 2.0, 1.0 ], "rotation": 90 },
								"south": { "texture": "#mordant", "uv": [ 0.0, 0.0, 2.0, 2.0 ], "rotation": 90 },
								"west": { "texture": "#mordant", "uv": [ 0.0, 0.0, 2.0, 1.0 ], "rotation": 90 },
								"up": { "texture": "#mordant", "uv": [ 0.0, 0.0, 1.0, 2.0 ], "rotation": 90 },
								"down": { "texture": "#mordant", "uv": [ 0.0, 0.0, 1.0, 2.0 ], "rotation": 90 }
							}
						}
					]
				}
			]
		}
	]}