{
	"editor": {
		"collapsedPaths": "Root/ORIGIN/Axle/Axle2/LeftWheel2,Root/ORIGIN/FrontAxle/Axle6/LeftWheel5,Root/ORIGIN/BackAxle/Axle3/LeftWheel2,Root/ORIGIN/Frame/Frame6,Root/ORIGIN/RotationCenter/Top,Root/ORIGIN/Frame/FrameMid/Frame3/Frame4,Root/ORIGIN/Frame/SideFrame1/SideFrame2/Sideboard4,Root/originCHEST2,Root/ORIGIN/Axle4/Axle6,Root/ORIGIN/Base3,Root/ORIGIN/Axle/Axle3/LeftWheel2,Root/ORIGIN/FrontAxle,Root/ORIGIN/Frame6/Frame7,Root/ORIGIN/Frame11/Frame12,Root/ORIGIN/Frame/Frame11,Root/origin,Root/ORIGIN/Base,Root/ORIGIN/RotationCenter/Base3,Root/ORIGIN/BackAxle,Root/originCHEST,Root/ORIGIN/Top,Root/ORIGIN/Frame/SideFrame9,Root/ORIGIN/FrameL2,Root/ORIGIN/Axle/Axle2/LeftWheel,Root/ORIGIN/Axle4/Axle5/LeftWheel4,Root/ORIGIN/RotationCenter/FrameL2,Root/origin/floor,Root/ORIGIN/Frame3,Root/ORIGIN/RotationCenter/Base",
		"allAngles": false,
		"entityTextureMode": false
	},
	"textureWidth": 16,
	"textureHeight": 16,
	"textureSizes": {
		"oak-h": [16,16],
		"oak1": [16,16],
		"oak": [16,16],
		"oak2": [16,16],
		"iron": [16,16],
		"oak3": [16,16],
		"oak4": [16,16],
		"blackbronze": [16,16],
		"knots": [16,16]
	},
	"textures": {
		"oak1": "game:block/wood/planks/oak1"
	},
	"elements": [
		{
			"name": "ORIGIN",
			"from": [ 8.0, 0.0, 8.0 ],
			"to": [ 8.0, 0.0, 8.0 ],
			"rotationOrigin": [ 8.0, 0.0, 8.0 ],
			"faces": {
				"north": { "texture": "#oak1", "uv": [ 0.0, 0.0, 0.5, 0.5 ] },
				"east": { "texture": "#oak1", "uv": [ 0.0, 0.0, 0.5, 0.5 ] },
				"south": { "texture": "#oak1", "uv": [ 0.0, 0.0, 0.5, 0.5 ] },
				"west": { "texture": "#oak1", "uv": [ 0.0, 0.0, 0.5, 0.5 ] },
				"up": { "texture": "#oak1", "uv": [ 0.0, 0.0, 0.5, 0.5 ] },
				"down": { "texture": "#oak1", "uv": [ 0.0, 0.0, 0.5, 0.5 ] }
			},
			"children": [
				{
					"name": "Cube22",
					"from": [ 15.5004, 17.0074, 6.52 ],
					"to": [ 18.1004, 19.6074, 9.12 ],
					"rotationOrigin": [ 15.5, 17.0057, 6.5193 ],
					"rotationX": 0.0,
					"rotationY": 0.0,
					"rotationZ": 0.0133,
					"faces": {
						"north": { "texture": "#knots", "uv": [ 0.0, 0.0, 2.5, 2.5 ] },
						"east": { "texture": "#knots", "uv": [ 0.0, 0.0, 2.5, 2.5 ] },
						"south": { "texture": "#knots", "uv": [ 0.0, 0.0, 2.5, 2.5 ] },
						"west": { "texture": "#knots", "uv": [ 0.0, 0.0, 2.5, 2.5 ] },
						"up": { "texture": "#knots", "uv": [ 0.0, 0.0, 2.5, 2.5 ] },
						"down": { "texture": "#knots", "uv": [ 0.0, 0.0, 2.5, 2.5 ] }
					},
					"children": [
						{
							"name": "Cube23",
							"from": [ -0.2, 0.014, -0.1995 ],
							"to": [ 2.8, 0.514, 2.8005 ],
							"rotationOrigin": [ -0.2, 0.012, -0.203 ],
							"rotationX": 0.0,
							"faces": {
								"north": { "texture": "#knots", "uv": [ 0.0, 0.0, 3.0, 0.5 ] },
								"east": { "texture": "#knots", "uv": [ 0.0, 0.0, 3.0, 0.5 ] },
								"south": { "texture": "#knots", "uv": [ 0.0, 0.0, 3.0, 0.5 ] },
								"west": { "texture": "#knots", "uv": [ 0.0, 0.0, 3.0, 0.5 ] },
								"up": { "texture": "#knots", "uv": [ 0.0, 0.0, 3.0, 3.0 ] },
								"down": { "texture": "#knots", "uv": [ 0.0, 0.0, 3.0, 3.0 ] }
							}
						},
						{
							"name": "Cube24",
							"from": [ -0.2, 2.21, -0.1995 ],
							"to": [ 2.8, 2.71, 2.8005 ],
							"rotationOrigin": [ -0.2, 2.212, -0.203 ],
							"rotationX": 0.0,
							"faces": {
								"north": { "texture": "#knots", "uv": [ 0.0, 0.0, 3.0, 0.5 ] },
								"east": { "texture": "#knots", "uv": [ 0.0, 0.0, 3.0, 0.5 ] },
								"south": { "texture": "#knots", "uv": [ 0.0, 0.0, 3.0, 0.5 ] },
								"west": { "texture": "#knots", "uv": [ 0.0, 0.0, 3.0, 0.5 ] },
								"up": { "texture": "#knots", "uv": [ 0.0, 0.0, 3.0, 3.0 ] },
								"down": { "texture": "#knots", "uv": [ 0.0, 0.0, 3.0, 3.0 ] }
							}
						},
						{
							"name": "Cube25",
							"from": [ 0.0, 0.0, -15.6 ],
							"to": [ 2.6, 2.6, -13.0 ],
							"rotationOrigin": [ 0.0, -0.0043, -15.6007 ],
							"faces": {
								"north": { "texture": "#knots", "uv": [ 0.0, 0.0, 2.5, 2.5 ] },
								"east": { "texture": "#knots", "uv": [ 0.0, 0.0, 2.5, 2.5 ] },
								"south": { "texture": "#knots", "uv": [ 0.0, 0.0, 2.5, 2.5 ] },
								"west": { "texture": "#knots", "uv": [ 0.0, 0.0, 2.5, 2.5 ] },
								"up": { "texture": "#knots", "uv": [ 0.0, 0.0, 2.5, 2.5 ] },
								"down": { "texture": "#knots", "uv": [ 0.0, 0.0, 2.5, 2.5 ] }
							},
							"children": [
								{
									"name": "Cube26",
									"from": [ -0.2, 0.014, -0.1995 ],
									"to": [ 2.8, 0.514, 2.8005 ],
									"rotationOrigin": [ -0.2, 0.012, -0.203 ],
									"rotationX": 0.0,
									"faces": {
										"north": { "texture": "#knots", "uv": [ 0.0, 0.0, 3.0, 0.5 ] },
										"east": { "texture": "#knots", "uv": [ 0.0, 0.0, 3.0, 0.5 ] },
										"south": { "texture": "#knots", "uv": [ 0.0, 0.0, 3.0, 0.5 ] },
										"west": { "texture": "#knots", "uv": [ 0.0, 0.0, 3.0, 0.5 ] },
										"up": { "texture": "#knots", "uv": [ 0.0, 0.0, 3.0, 3.0 ] },
										"down": { "texture": "#knots", "uv": [ 0.0, 0.0, 3.0, 3.0 ] }
									}
								},
								{
									"name": "Cube27",
									"from": [ -0.2, 2.21, -0.1995 ],
									"to": [ 2.8, 2.71, 2.8005 ],
									"rotationOrigin": [ -0.2, 2.212, -0.203 ],
									"rotationX": 0.0,
									"faces": {
										"north": { "texture": "#knots", "uv": [ 0.0, 0.0, 3.0, 0.5 ] },
										"east": { "texture": "#knots", "uv": [ 0.0, 0.0, 3.0, 0.5 ] },
										"south": { "texture": "#knots", "uv": [ 0.0, 0.0, 3.0, 0.5 ] },
										"west": { "texture": "#knots", "uv": [ 0.0, 0.0, 3.0, 0.5 ] },
										"up": { "texture": "#knots", "uv": [ 0.0, 0.0, 3.0, 3.0 ] },
										"down": { "texture": "#knots", "uv": [ 0.0, 0.0, 3.0, 3.0 ] }
									}
								}
							]
						},
						{
							"name": "Cube28",
							"from": [ -33.6, 0.0, -15.8 ],
							"to": [ -31.0, 2.6, -13.2 ],
							"rotationOrigin": [ -33.6, -0.0043, -15.8007 ],
							"faces": {
								"north": { "texture": "#knots", "uv": [ 0.0, 0.0, 2.5, 2.5 ] },
								"east": { "texture": "#knots", "uv": [ 0.0, 0.0, 2.5, 2.5 ] },
								"south": { "texture": "#knots", "uv": [ 0.0, 0.0, 2.5, 2.5 ] },
								"west": { "texture": "#knots", "uv": [ 0.0, 0.0, 2.5, 2.5 ] },
								"up": { "texture": "#knots", "uv": [ 0.0, 0.0, 2.5, 2.5 ] },
								"down": { "texture": "#knots", "uv": [ 0.0, 0.0, 2.5, 2.5 ] }
							},
							"children": [
								{
									"name": "Cube29",
									"from": [ -0.2, -0.49, -0.1995 ],
									"to": [ 2.8, 0.01, 2.8005 ],
									"rotationOrigin": [ -0.2, -0.488, -0.203 ],
									"rotationZ": 9.0,
									"faces": {
										"north": { "texture": "#knots", "uv": [ 0.0, 0.0, 3.0, 0.5 ] },
										"east": { "texture": "#knots", "uv": [ 0.0, 0.0, 3.0, 0.5 ] },
										"south": { "texture": "#knots", "uv": [ 0.0, 0.0, 3.0, 0.5 ] },
										"west": { "texture": "#knots", "uv": [ 0.0, 0.0, 3.0, 0.5 ] },
										"up": { "texture": "#knots", "uv": [ 0.0, 0.0, 3.0, 3.0 ] },
										"down": { "texture": "#knots", "uv": [ 0.0, 0.0, 3.0, 3.0 ] }
									}
								},
								{
									"name": "Cube30",
									"from": [ -0.2, 2.21, -0.1995 ],
									"to": [ 2.8, 2.71, 2.8005 ],
									"rotationOrigin": [ -0.2, 2.212, -0.203 ],
									"rotationX": 0.0,
									"faces": {
										"north": { "texture": "#knots", "uv": [ 0.0, 0.0, 3.0, 0.5 ] },
										"east": { "texture": "#knots", "uv": [ 0.0, 0.0, 3.0, 0.5 ] },
										"south": { "texture": "#knots", "uv": [ 0.0, 0.0, 3.0, 0.5 ] },
										"west": { "texture": "#knots", "uv": [ 0.0, 0.0, 3.0, 0.5 ] },
										"up": { "texture": "#knots", "uv": [ 0.0, 0.0, 3.0, 3.0 ] },
										"down": { "texture": "#knots", "uv": [ 0.0, 0.0, 3.0, 3.0 ] }
									}
								}
							]
						},
						{
							"name": "Cube31",
							"from": [ -33.6, 0.0, 0.1 ],
							"to": [ -31.0, 2.6, 2.7 ],
							"rotationOrigin": [ -33.6, -0.0043, 0.0993 ],
							"faces": {
								"north": { "texture": "#knots", "uv": [ 0.0, 0.0, 2.5, 2.5 ] },
								"east": { "texture": "#knots", "uv": [ 0.0, 0.0, 2.5, 2.5 ] },
								"south": { "texture": "#knots", "uv": [ 0.0, 0.0, 2.5, 2.5 ] },
								"west": { "texture": "#knots", "uv": [ 0.0, 0.0, 2.5, 2.5 ] },
								"up": { "texture": "#knots", "uv": [ 0.0, 0.0, 2.5, 2.5 ] },
								"down": { "texture": "#knots", "uv": [ 0.0, 0.0, 2.5, 2.5 ] }
							},
							"children": [
								{
									"name": "Cube32",
									"from": [ -0.2, -0.49, -0.1995 ],
									"to": [ 2.8, 0.01, 2.8005 ],
									"rotationOrigin": [ -0.2, -0.488, -0.203 ],
									"rotationZ": 9.0,
									"faces": {
										"north": { "texture": "#knots", "uv": [ 0.0, 0.0, 3.0, 0.5 ] },
										"east": { "texture": "#knots", "uv": [ 0.0, 0.0, 3.0, 0.5 ] },
										"south": { "texture": "#knots", "uv": [ 0.0, 0.0, 3.0, 0.5 ] },
										"west": { "texture": "#knots", "uv": [ 0.0, 0.0, 3.0, 0.5 ] },
										"up": { "texture": "#knots", "uv": [ 0.0, 0.0, 3.0, 3.0 ] },
										"down": { "texture": "#knots", "uv": [ 0.0, 0.0, 3.0, 3.0 ] }
									}
								},
								{
									"name": "Cube33",
									"from": [ -0.2, 2.21, -0.1995 ],
									"to": [ 2.8, 2.71, 2.8005 ],
									"rotationOrigin": [ -0.2, 2.212, -0.203 ],
									"rotationX": 0.0,
									"faces": {
										"north": { "texture": "#knots", "uv": [ 0.0, 0.0, 3.0, 0.5 ] },
										"east": { "texture": "#knots", "uv": [ 0.0, 0.0, 3.0, 0.5 ] },
										"south": { "texture": "#knots", "uv": [ 0.0, 0.0, 3.0, 0.5 ] },
										"west": { "texture": "#knots", "uv": [ 0.0, 0.0, 3.0, 0.5 ] },
										"up": { "texture": "#knots", "uv": [ 0.0, 0.0, 3.0, 3.0 ] },
										"down": { "texture": "#knots", "uv": [ 0.0, 0.0, 3.0, 3.0 ] }
									}
								}
							]
						}
					]
				}
			]
		}
	],
	"animations": [
	]
}