{
	"editor": {
		"backDropShape": "entity/land/stall1",
		"collapsedPaths": ",Root/ORIGIN/CanopyTop13,Root/ORIGIN/CanopyTop3/CanopyTop11/CanopyTop7,Root/ORIGIN/CanopyTopRidge/CanopyTopRidge6/CanopyTop11/CanopyTop7,Root/ORIGIN/Beam/Beam5/Beam7,Root/ORIGIN/CanopyTopRidge/CanopyTop/CanopyTop4,Root/ORIGIN/CanopyTopRidge10,Root/ORIGIN/CanopyTopRidge4",
		"allAngles": false,
		"entityTextureMode": false
	},
	"textureWidth": 16,
	"textureHeight": 16,
	"textureSizes": {
		"oak-h": [16,16],
		"canopycolor": [16,16],
		"canopycolor2": [16,16]
	},
	"textures": {
		"canopycolor2": "game:block/cloth/linen/green",
		"mordant": "game:block/cloth/linen/mordant"
	},
	"elements": [
		{
			"name": "ORIGIN",
			"stepParentName": "Canopy",
			"from": [ 7.0, 1.5, -4.0 ],
			"to": [ 8.0, 2.5, -3.0 ],
			"rotationOrigin": [ 8.0, 0.2, -4.0 ],
			"faces": {
			}
		},
		{
			"name": "Bindings43",
			"from": [ 1.8, 40.98, 13.61 ],
			"to": [ 4.2, 43.38, 14.61 ],
			"rotationOrigin": [ 3.2, 40.781, 13.6078 ],
			"rotationX": 90.0,
			"faces": {
				"north": { "texture": "#mordant", "uv": [ 0.0, 0.0, 2.0, 2.0 ], "rotation": 90 },
				"east": { "texture": "#mordant", "uv": [ 0.0, 0.0, 2.0, 1.0 ], "rotation": 90 },
				"south": { "texture": "#mordant", "uv": [ 0.0, 0.0, 2.0, 2.0 ], "rotation": 90 },
				"west": { "texture": "#mordant", "uv": [ 0.0, 0.0, 2.0, 1.0 ], "rotation": 90 },
				"up": { "texture": "#mordant", "uv": [ 0.0, 0.0, 1.0, 2.0 ], "rotation": 90 },
				"down": { "texture": "#mordant", "uv": [ 0.0, 0.0, 1.0, 2.0 ], "rotation": 90 }
			},
			"children": [
				{
					"name": "Bindings44",
					"from": [ 0.0, 12.0, 0.9 ],
					"to": [ 2.4, 15.5, 1.9 ],
					"rotationOrigin": [ 1.4, 11.801, 0.8978 ],
					"rotationX": -2.0,
					"faces": {
						"north": { "texture": "#mordant", "uv": [ 0.0, 0.0, 3.5, 2.0 ], "rotation": 90 },
						"east": { "texture": "#mordant", "uv": [ 0.0, 0.0, 3.5, 1.0 ], "rotation": 90 },
						"south": { "texture": "#mordant", "uv": [ 0.0, 0.0, 3.5, 2.0 ], "rotation": 90 },
						"west": { "texture": "#mordant", "uv": [ 0.0, 0.0, 3.5, 1.0 ], "rotation": 90 },
						"up": { "texture": "#mordant", "uv": [ 0.0, 0.0, 1.0, 2.0 ], "rotation": 90 },
						"down": { "texture": "#mordant", "uv": [ 0.0, 0.0, 1.0, 2.0 ], "rotation": 90 }
					}
				},
				{
					"name": "Cube6",
					"from": [ 2.7, 2.0, -0.4 ],
					"to": [ 2.7, 2.0, -0.4 ],
					"rotationOrigin": [ 2.7, 2.0, -0.4 ],
					"rotationY": -2.0,
					"rotationZ": 90.0,
					"faces": {
						"north": { "texture": "#canopycolor2", "uv": [ 0.0, 0.0, 0.5, 0.5 ] },
						"east": { "texture": "#canopycolor2", "uv": [ 0.0, 0.0, 0.5, 0.5 ] },
						"south": { "texture": "#canopycolor2", "uv": [ 0.0, 0.0, 0.5, 0.5 ] },
						"west": { "texture": "#canopycolor2", "uv": [ 0.0, 0.0, 0.5, 0.5 ] },
						"up": { "texture": "#canopycolor2", "uv": [ 0.0, 0.0, 0.5, 0.5 ] },
						"down": { "texture": "#canopycolor2", "uv": [ 0.0, 0.0, 0.5, 0.5 ] }
					},
					"children": [
						{
							"name": "Bindings64",
							"from": [ -1.0, 1.0, 0.2 ],
							"to": [ 3.0, 1.9, 0.8 ],
							"rotationOrigin": [ -1.0, 1.0, 0.2012 ],
							"rotationY": -23.0,
							"faces": {
								"north": { "texture": "#mordant", "uv": [ 0.0, 0.0, 0.5, 4.0 ], "rotation": 90 },
								"east": { "texture": "#mordant", "uv": [ 0.0, 0.0, 0.5, 0.5 ], "rotation": 90 },
								"south": { "texture": "#mordant", "uv": [ 0.0, 0.0, 0.5, 4.0 ], "rotation": 90 },
								"west": { "texture": "#mordant", "uv": [ 0.0, 0.0, 0.5, 0.5 ], "rotation": 90 },
								"up": { "texture": "#mordant", "uv": [ 0.0, 0.0, 0.5, 4.0 ], "rotation": 90 },
								"down": { "texture": "#mordant", "uv": [ 0.0, 0.0, 0.5, 4.0 ], "rotation": 90 }
							},
							"children": [
								{
									"name": "Bindings65",
									"from": [ 4.0, 0.0, 0.0 ],
									"to": [ 8.0, 0.9, 0.6 ],
									"rotationOrigin": [ 4.0, 0.0, 0.5 ],
									"rotationY": 15.0,
									"faces": {
										"north": { "texture": "#mordant", "uv": [ 0.0, 0.0, 0.5, 4.0 ], "rotation": 90 },
										"east": { "texture": "#mordant", "uv": [ 0.0, 0.0, 0.5, 0.5 ], "rotation": 90 },
										"south": { "texture": "#mordant", "uv": [ 0.0, 0.0, 0.5, 4.0 ], "rotation": 90 },
										"west": { "texture": "#mordant", "uv": [ 0.0, 0.0, 0.5, 0.5 ], "rotation": 90 },
										"up": { "texture": "#mordant", "uv": [ 0.0, 0.0, 0.5, 4.0 ], "rotation": 90 },
										"down": { "texture": "#mordant", "uv": [ 0.0, 0.0, 0.5, 4.0 ], "rotation": 90 }
									},
									"children": [
										{
											"name": "Bindings66",
											"from": [ 4.0, 0.0, 0.0 ],
											"to": [ 8.0, 0.9, 0.6 ],
											"rotationOrigin": [ 4.0, 0.0, 0.5 ],
											"rotationY": 15.0,
											"faces": {
												"north": { "texture": "#mordant", "uv": [ 0.0, 0.0, 0.5, 4.0 ], "rotation": 90 },
												"east": { "texture": "#mordant", "uv": [ 0.0, 0.0, 0.5, 0.5 ], "rotation": 90 },
												"south": { "texture": "#mordant", "uv": [ 0.0, 0.0, 0.5, 4.0 ], "rotation": 90 },
												"west": { "texture": "#mordant", "uv": [ 0.0, 0.0, 0.5, 0.5 ], "rotation": 90 },
												"up": { "texture": "#mordant", "uv": [ 0.0, 0.0, 0.5, 4.0 ], "rotation": 90 },
												"down": { "texture": "#mordant", "uv": [ 0.0, 0.0, 0.5, 4.0 ], "rotation": 90 }
											},
											"children": [
												{
													"name": "Bindings67",
													"from": [ 4.0, 0.0, 0.0 ],
													"to": [ 8.0, 0.9, 0.6 ],
													"rotationOrigin": [ 4.0, 0.0, 0.5 ],
													"rotationY": 15.0,
													"faces": {
														"north": { "texture": "#mordant", "uv": [ 0.0, 0.0, 0.5, 4.0 ], "rotation": 90 },
														"east": { "texture": "#mordant", "uv": [ 0.0, 0.0, 0.5, 0.5 ], "rotation": 90 },
														"south": { "texture": "#mordant", "uv": [ 0.0, 0.0, 0.5, 4.0 ], "rotation": 90 },
														"west": { "texture": "#mordant", "uv": [ 0.0, 0.0, 0.5, 0.5 ], "rotation": 90 },
														"up": { "texture": "#mordant", "uv": [ 0.0, 0.0, 0.5, 4.0 ], "rotation": 90 },
														"down": { "texture": "#mordant", "uv": [ 0.0, 0.0, 0.5, 4.0 ], "rotation": 90 }
													}
												}
											]
										}
									]
								}
							]
						}
					]
				},
				{
					"name": "Cube4",
					"from": [ -0.3, 0.0, -0.4 ],
					"to": [ -0.3, 0.0, -0.4 ],
					"rotationOrigin": [ -0.3, 0.0, -0.4 ],
					"rotationZ": -90.0,
					"faces": {
						"north": { "texture": "#canopycolor2", "uv": [ 0.0, 0.0, 0.5, 0.5 ] },
						"east": { "texture": "#canopycolor2", "uv": [ 0.0, 0.0, 0.5, 0.5 ] },
						"south": { "texture": "#canopycolor2", "uv": [ 0.0, 0.0, 0.5, 0.5 ] },
						"west": { "texture": "#canopycolor2", "uv": [ 0.0, 0.0, 0.5, 0.5 ] },
						"up": { "texture": "#canopycolor2", "uv": [ 0.0, 0.0, 0.5, 0.5 ] },
						"down": { "texture": "#canopycolor2", "uv": [ 0.0, 0.0, 0.5, 0.5 ] }
					},
					"children": [
						{
							"name": "Bindings56",
							"from": [ -1.0, 1.0, 0.2 ],
							"to": [ 3.0, 1.9, 0.8 ],
							"rotationOrigin": [ -1.0, 1.0, 0.2012 ],
							"rotationY": -23.0,
							"faces": {
								"north": { "texture": "#mordant", "uv": [ 0.0, 0.0, 0.5, 4.0 ], "rotation": 90 },
								"east": { "texture": "#mordant", "uv": [ 0.0, 0.0, 0.5, 0.5 ], "rotation": 90 },
								"south": { "texture": "#mordant", "uv": [ 0.0, 0.0, 0.5, 4.0 ], "rotation": 90 },
								"west": { "texture": "#mordant", "uv": [ 0.0, 0.0, 0.5, 0.5 ], "rotation": 90 },
								"up": { "texture": "#mordant", "uv": [ 0.0, 0.0, 0.5, 4.0 ], "rotation": 90 },
								"down": { "texture": "#mordant", "uv": [ 0.0, 0.0, 0.5, 4.0 ], "rotation": 90 }
							},
							"children": [
								{
									"name": "Bindings57",
									"from": [ 4.0, 0.0, 0.0 ],
									"to": [ 8.0, 0.9, 0.6 ],
									"rotationOrigin": [ 4.0, 0.0, 0.5 ],
									"rotationY": 15.0,
									"faces": {
										"north": { "texture": "#mordant", "uv": [ 0.0, 0.0, 0.5, 4.0 ], "rotation": 90 },
										"east": { "texture": "#mordant", "uv": [ 0.0, 0.0, 0.5, 0.5 ], "rotation": 90 },
										"south": { "texture": "#mordant", "uv": [ 0.0, 0.0, 0.5, 4.0 ], "rotation": 90 },
										"west": { "texture": "#mordant", "uv": [ 0.0, 0.0, 0.5, 0.5 ], "rotation": 90 },
										"up": { "texture": "#mordant", "uv": [ 0.0, 0.0, 0.5, 4.0 ], "rotation": 90 },
										"down": { "texture": "#mordant", "uv": [ 0.0, 0.0, 0.5, 4.0 ], "rotation": 90 }
									},
									"children": [
										{
											"name": "Bindings58",
											"from": [ 4.0, 0.0, 0.0 ],
											"to": [ 8.0, 0.9, 0.6 ],
											"rotationOrigin": [ 4.0, 0.0, 0.5 ],
											"rotationY": 15.0,
											"faces": {
												"north": { "texture": "#mordant", "uv": [ 0.0, 0.0, 0.5, 4.0 ], "rotation": 90 },
												"east": { "texture": "#mordant", "uv": [ 0.0, 0.0, 0.5, 0.5 ], "rotation": 90 },
												"south": { "texture": "#mordant", "uv": [ 0.0, 0.0, 0.5, 4.0 ], "rotation": 90 },
												"west": { "texture": "#mordant", "uv": [ 0.0, 0.0, 0.5, 0.5 ], "rotation": 90 },
												"up": { "texture": "#mordant", "uv": [ 0.0, 0.0, 0.5, 4.0 ], "rotation": 90 },
												"down": { "texture": "#mordant", "uv": [ 0.0, 0.0, 0.5, 4.0 ], "rotation": 90 }
											},
											"children": [
												{
													"name": "Bindings59",
													"from": [ 4.0, 0.0, 0.0 ],
													"to": [ 8.0, 0.9, 0.6 ],
													"rotationOrigin": [ 4.0, 0.0, 0.5 ],
													"rotationY": 15.0,
													"faces": {
														"north": { "texture": "#mordant", "uv": [ 0.0, 0.0, 0.5, 4.0 ], "rotation": 90 },
														"east": { "texture": "#mordant", "uv": [ 0.0, 0.0, 0.5, 0.5 ], "rotation": 90 },
														"south": { "texture": "#mordant", "uv": [ 0.0, 0.0, 0.5, 4.0 ], "rotation": 90 },
														"west": { "texture": "#mordant", "uv": [ 0.0, 0.0, 0.5, 0.5 ], "rotation": 90 },
														"up": { "texture": "#mordant", "uv": [ 0.0, 0.0, 0.5, 4.0 ], "rotation": 90 },
														"down": { "texture": "#mordant", "uv": [ 0.0, 0.0, 0.5, 4.0 ], "rotation": 90 }
													}
												}
											]
										}
									]
								}
							]
						}
					]
				},
				{
					"name": "Bindings45",
					"from": [ -0.4, -13.2, -0.3 ],
					"to": [ 2.0, -10.8, 0.7 ],
					"rotationOrigin": [ 1.0, -13.399, -0.3022 ],
					"rotationX": -2.0,
					"rotationZ": 180.0,
					"faces": {
						"north": { "texture": "#mordant", "uv": [ 0.0, 0.0, 2.0, 2.0 ], "rotation": 90 },
						"east": { "texture": "#mordant", "uv": [ 0.0, 0.0, 2.0, 1.0 ], "rotation": 90 },
						"south": { "texture": "#mordant", "uv": [ 0.0, 0.0, 2.0, 2.0 ], "rotation": 90 },
						"west": { "texture": "#mordant", "uv": [ 0.0, 0.0, 2.0, 1.0 ], "rotation": 90 },
						"up": { "texture": "#mordant", "uv": [ 0.0, 0.0, 1.0, 2.0 ], "rotation": 90 },
						"down": { "texture": "#mordant", "uv": [ 0.0, 0.0, 1.0, 2.0 ], "rotation": 90 }
					},
					"children": [
						{
							"name": "Bindings46",
							"from": [ 0.0, 12.0, 0.8 ],
							"to": [ 2.4, 15.5, 1.8 ],
							"rotationOrigin": [ 1.4, 11.801, 0.7978 ],
							"rotationX": -2.0,
							"faces": {
								"north": { "texture": "#mordant", "uv": [ 0.0, 0.0, 3.5, 2.0 ], "rotation": 90 },
								"east": { "texture": "#mordant", "uv": [ 0.0, 0.0, 3.5, 1.0 ], "rotation": 90 },
								"south": { "texture": "#mordant", "uv": [ 0.0, 0.0, 3.5, 2.0 ], "rotation": 90 },
								"west": { "texture": "#mordant", "uv": [ 0.0, 0.0, 3.5, 1.0 ], "rotation": 90 },
								"up": { "texture": "#mordant", "uv": [ 0.0, 0.0, 1.0, 2.0 ], "rotation": 90 },
								"down": { "texture": "#mordant", "uv": [ 0.0, 0.0, 1.0, 2.0 ], "rotation": 90 }
							}
						}
					]
				},
				{
					"name": "Cube5",
					"from": [ -0.3, -16.0, -0.4 ],
					"to": [ -0.3, -16.0, -0.4 ],
					"rotationOrigin": [ -0.3, -16.0, -0.4 ],
					"rotationZ": -90.0,
					"faces": {
						"north": { "texture": "#canopycolor2", "uv": [ 0.0, 0.0, 0.5, 0.5 ] },
						"east": { "texture": "#canopycolor2", "uv": [ 0.0, 0.0, 0.5, 0.5 ] },
						"south": { "texture": "#canopycolor2", "uv": [ 0.0, 0.0, 0.5, 0.5 ] },
						"west": { "texture": "#canopycolor2", "uv": [ 0.0, 0.0, 0.5, 0.5 ] },
						"up": { "texture": "#canopycolor2", "uv": [ 0.0, 0.0, 0.5, 0.5 ] },
						"down": { "texture": "#canopycolor2", "uv": [ 0.0, 0.0, 0.5, 0.5 ] }
					},
					"children": [
						{
							"name": "Bindings60",
							"from": [ -1.0, 1.0, 0.2 ],
							"to": [ 3.0, 1.9, 0.8 ],
							"rotationOrigin": [ -1.0, 1.0, 0.2012 ],
							"rotationY": -23.0,
							"faces": {
								"north": { "texture": "#mordant", "uv": [ 0.0, 0.0, 0.5, 4.0 ], "rotation": 90 },
								"east": { "texture": "#mordant", "uv": [ 0.0, 0.0, 0.5, 0.5 ], "rotation": 90 },
								"south": { "texture": "#mordant", "uv": [ 0.0, 0.0, 0.5, 4.0 ], "rotation": 90 },
								"west": { "texture": "#mordant", "uv": [ 0.0, 0.0, 0.5, 0.5 ], "rotation": 90 },
								"up": { "texture": "#mordant", "uv": [ 0.0, 0.0, 0.5, 4.0 ], "rotation": 90 },
								"down": { "texture": "#mordant", "uv": [ 0.0, 0.0, 0.5, 4.0 ], "rotation": 90 }
							},
							"children": [
								{
									"name": "Bindings61",
									"from": [ 4.0, 0.0, 0.0 ],
									"to": [ 8.0, 0.9, 0.6 ],
									"rotationOrigin": [ 4.0, 0.0, 0.5 ],
									"rotationY": 15.0,
									"faces": {
										"north": { "texture": "#mordant", "uv": [ 0.0, 0.0, 0.5, 4.0 ], "rotation": 90 },
										"east": { "texture": "#mordant", "uv": [ 0.0, 0.0, 0.5, 0.5 ], "rotation": 90 },
										"south": { "texture": "#mordant", "uv": [ 0.0, 0.0, 0.5, 4.0 ], "rotation": 90 },
										"west": { "texture": "#mordant", "uv": [ 0.0, 0.0, 0.5, 0.5 ], "rotation": 90 },
										"up": { "texture": "#mordant", "uv": [ 0.0, 0.0, 0.5, 4.0 ], "rotation": 90 },
										"down": { "texture": "#mordant", "uv": [ 0.0, 0.0, 0.5, 4.0 ], "rotation": 90 }
									},
									"children": [
										{
											"name": "Bindings62",
											"from": [ 4.0, 0.0, 0.0 ],
											"to": [ 8.0, 0.9, 0.6 ],
											"rotationOrigin": [ 4.0, 0.0, 0.5 ],
											"rotationY": 15.0,
											"faces": {
												"north": { "texture": "#mordant", "uv": [ 0.0, 0.0, 0.5, 4.0 ], "rotation": 90 },
												"east": { "texture": "#mordant", "uv": [ 0.0, 0.0, 0.5, 0.5 ], "rotation": 90 },
												"south": { "texture": "#mordant", "uv": [ 0.0, 0.0, 0.5, 4.0 ], "rotation": 90 },
												"west": { "texture": "#mordant", "uv": [ 0.0, 0.0, 0.5, 0.5 ], "rotation": 90 },
												"up": { "texture": "#mordant", "uv": [ 0.0, 0.0, 0.5, 4.0 ], "rotation": 90 },
												"down": { "texture": "#mordant", "uv": [ 0.0, 0.0, 0.5, 4.0 ], "rotation": 90 }
											},
											"children": [
												{
													"name": "Bindings63",
													"from": [ 4.0, 0.0, 0.0 ],
													"to": [ 8.0, 0.9, 0.6 ],
													"rotationOrigin": [ 4.0, 0.0, 0.5 ],
													"rotationY": 15.0,
													"faces": {
														"north": { "texture": "#mordant", "uv": [ 0.0, 0.0, 0.5, 4.0 ], "rotation": 90 },
														"east": { "texture": "#mordant", "uv": [ 0.0, 0.0, 0.5, 0.5 ], "rotation": 90 },
														"south": { "texture": "#mordant", "uv": [ 0.0, 0.0, 0.5, 4.0 ], "rotation": 90 },
														"west": { "texture": "#mordant", "uv": [ 0.0, 0.0, 0.5, 0.5 ], "rotation": 90 },
														"up": { "texture": "#mordant", "uv": [ 0.0, 0.0, 0.5, 4.0 ], "rotation": 90 },
														"down": { "texture": "#mordant", "uv": [ 0.0, 0.0, 0.5, 4.0 ], "rotation": 90 }
													}
												}
											]
										}
									]
								}
							]
						}
					]
				},
				{
					"name": "Bindings47",
					"from": [ 34.0, 0.0, 0.1 ],
					"to": [ 36.4, 2.4, 1.1 ],
					"rotationOrigin": [ 35.4, -0.199, 0.0978 ],
					"faces": {
						"north": { "texture": "#mordant", "uv": [ 0.0, 0.0, 2.0, 2.0 ], "rotation": 90 },
						"east": { "texture": "#mordant", "uv": [ 0.0, 0.0, 2.0, 1.0 ], "rotation": 90 },
						"south": { "texture": "#mordant", "uv": [ 0.0, 0.0, 2.0, 2.0 ], "rotation": 90 },
						"west": { "texture": "#mordant", "uv": [ 0.0, 0.0, 2.0, 1.0 ], "rotation": 90 },
						"up": { "texture": "#mordant", "uv": [ 0.0, 0.0, 1.0, 2.0 ], "rotation": 90 },
						"down": { "texture": "#mordant", "uv": [ 0.0, 0.0, 1.0, 2.0 ], "rotation": 90 }
					},
					"children": [
						{
							"name": "Bindings48",
							"from": [ 0.0, 12.0, 0.9 ],
							"to": [ 2.4, 15.5, 1.9 ],
							"rotationOrigin": [ 1.4, 11.801, 0.8978 ],
							"rotationX": -3.0,
							"faces": {
								"north": { "texture": "#mordant", "uv": [ 0.0, 0.0, 3.5, 2.0 ], "rotation": 90 },
								"east": { "texture": "#mordant", "uv": [ 0.0, 0.0, 3.5, 1.0 ], "rotation": 90 },
								"south": { "texture": "#mordant", "uv": [ 0.0, 0.0, 3.5, 2.0 ], "rotation": 90 },
								"west": { "texture": "#mordant", "uv": [ 0.0, 0.0, 3.5, 1.0 ], "rotation": 90 },
								"up": { "texture": "#mordant", "uv": [ 0.0, 0.0, 1.0, 2.0 ], "rotation": 90 },
								"down": { "texture": "#mordant", "uv": [ 0.0, 0.0, 1.0, 2.0 ], "rotation": 90 }
							}
						},
						{
							"name": "Cube7",
							"from": [ 2.7, 2.0, -0.4 ],
							"to": [ 2.7, 2.0, -0.4 ],
							"rotationOrigin": [ 2.7, 2.0, -0.4 ],
							"rotationZ": 90.0,
							"faces": {
								"north": { "texture": "#canopycolor2", "uv": [ 0.0, 0.0, 0.5, 0.5 ] },
								"east": { "texture": "#canopycolor2", "uv": [ 0.0, 0.0, 0.5, 0.5 ] },
								"south": { "texture": "#canopycolor2", "uv": [ 0.0, 0.0, 0.5, 0.5 ] },
								"west": { "texture": "#canopycolor2", "uv": [ 0.0, 0.0, 0.5, 0.5 ] },
								"up": { "texture": "#canopycolor2", "uv": [ 0.0, 0.0, 0.5, 0.5 ] },
								"down": { "texture": "#canopycolor2", "uv": [ 0.0, 0.0, 0.5, 0.5 ] }
							},
							"children": [
								{
									"name": "Bindings68",
									"from": [ -1.0, 1.0, 0.2 ],
									"to": [ 3.0, 1.9, 0.8 ],
									"rotationOrigin": [ -1.0, 1.0, 0.2012 ],
									"rotationY": -23.0,
									"faces": {
										"north": { "texture": "#mordant", "uv": [ 0.0, 0.0, 0.5, 4.0 ], "rotation": 90 },
										"east": { "texture": "#mordant", "uv": [ 0.0, 0.0, 0.5, 0.5 ], "rotation": 90 },
										"south": { "texture": "#mordant", "uv": [ 0.0, 0.0, 0.5, 4.0 ], "rotation": 90 },
										"west": { "texture": "#mordant", "uv": [ 0.0, 0.0, 0.5, 0.5 ], "rotation": 90 },
										"up": { "texture": "#mordant", "uv": [ 0.0, 0.0, 0.5, 4.0 ], "rotation": 90 },
										"down": { "texture": "#mordant", "uv": [ 0.0, 0.0, 0.5, 4.0 ], "rotation": 90 }
									},
									"children": [
										{
											"name": "Bindings69",
											"from": [ 4.0, 0.0, 0.0 ],
											"to": [ 8.0, 0.9, 0.6 ],
											"rotationOrigin": [ 4.0, 0.0, 0.5 ],
											"rotationY": 15.0,
											"faces": {
												"north": { "texture": "#mordant", "uv": [ 0.0, 0.0, 0.5, 4.0 ], "rotation": 90 },
												"east": { "texture": "#mordant", "uv": [ 0.0, 0.0, 0.5, 0.5 ], "rotation": 90 },
												"south": { "texture": "#mordant", "uv": [ 0.0, 0.0, 0.5, 4.0 ], "rotation": 90 },
												"west": { "texture": "#mordant", "uv": [ 0.0, 0.0, 0.5, 0.5 ], "rotation": 90 },
												"up": { "texture": "#mordant", "uv": [ 0.0, 0.0, 0.5, 4.0 ], "rotation": 90 },
												"down": { "texture": "#mordant", "uv": [ 0.0, 0.0, 0.5, 4.0 ], "rotation": 90 }
											},
											"children": [
												{
													"name": "Bindings70",
													"from": [ 4.0, 0.0, 0.0 ],
													"to": [ 8.0, 0.9, 0.6 ],
													"rotationOrigin": [ 4.0, 0.0, 0.5 ],
													"rotationY": 15.0,
													"faces": {
														"north": { "texture": "#mordant", "uv": [ 0.0, 0.0, 0.5, 4.0 ], "rotation": 90 },
														"east": { "texture": "#mordant", "uv": [ 0.0, 0.0, 0.5, 0.5 ], "rotation": 90 },
														"south": { "texture": "#mordant", "uv": [ 0.0, 0.0, 0.5, 4.0 ], "rotation": 90 },
														"west": { "texture": "#mordant", "uv": [ 0.0, 0.0, 0.5, 0.5 ], "rotation": 90 },
														"up": { "texture": "#mordant", "uv": [ 0.0, 0.0, 0.5, 4.0 ], "rotation": 90 },
														"down": { "texture": "#mordant", "uv": [ 0.0, 0.0, 0.5, 4.0 ], "rotation": 90 }
													},
													"children": [
														{
															"name": "Bindings71",
															"from": [ 4.0, 0.0, 0.0 ],
															"to": [ 8.0, 0.9, 0.6 ],
															"rotationOrigin": [ 4.0, 0.0, 0.5 ],
															"rotationY": 15.0,
															"faces": {
																"north": { "texture": "#mordant", "uv": [ 0.0, 0.0, 0.5, 4.0 ], "rotation": 90 },
																"east": { "texture": "#mordant", "uv": [ 0.0, 0.0, 0.5, 0.5 ], "rotation": 90 },
																"south": { "texture": "#mordant", "uv": [ 0.0, 0.0, 0.5, 4.0 ], "rotation": 90 },
																"west": { "texture": "#mordant", "uv": [ 0.0, 0.0, 0.5, 0.5 ], "rotation": 90 },
																"up": { "texture": "#mordant", "uv": [ 0.0, 0.0, 0.5, 4.0 ], "rotation": 90 },
																"down": { "texture": "#mordant", "uv": [ 0.0, 0.0, 0.5, 4.0 ], "rotation": 90 }
															}
														}
													]
												}
											]
										}
									]
								}
							]
						},
						{
							"name": "Cube8",
							"from": [ -0.3, 0.0, -0.4 ],
							"to": [ -0.3, 0.0, -0.4 ],
							"rotationOrigin": [ -0.3, 0.0, -0.4 ],
							"rotationZ": -90.0,
							"faces": {
								"north": { "texture": "#canopycolor2", "uv": [ 0.0, 0.0, 0.5, 0.5 ] },
								"east": { "texture": "#canopycolor2", "uv": [ 0.0, 0.0, 0.5, 0.5 ] },
								"south": { "texture": "#canopycolor2", "uv": [ 0.0, 0.0, 0.5, 0.5 ] },
								"west": { "texture": "#canopycolor2", "uv": [ 0.0, 0.0, 0.5, 0.5 ] },
								"up": { "texture": "#canopycolor2", "uv": [ 0.0, 0.0, 0.5, 0.5 ] },
								"down": { "texture": "#canopycolor2", "uv": [ 0.0, 0.0, 0.5, 0.5 ] }
							},
							"children": [
								{
									"name": "Bindings72",
									"from": [ -1.0, 1.0, 0.2 ],
									"to": [ 3.0, 1.9, 0.8 ],
									"rotationOrigin": [ -1.0, 1.0, 0.2012 ],
									"rotationY": -23.0,
									"faces": {
										"north": { "texture": "#mordant", "uv": [ 0.0, 0.0, 0.5, 4.0 ], "rotation": 90 },
										"east": { "texture": "#mordant", "uv": [ 0.0, 0.0, 0.5, 0.5 ], "rotation": 90 },
										"south": { "texture": "#mordant", "uv": [ 0.0, 0.0, 0.5, 4.0 ], "rotation": 90 },
										"west": { "texture": "#mordant", "uv": [ 0.0, 0.0, 0.5, 0.5 ], "rotation": 90 },
										"up": { "texture": "#mordant", "uv": [ 0.0, 0.0, 0.5, 4.0 ], "rotation": 90 },
										"down": { "texture": "#mordant", "uv": [ 0.0, 0.0, 0.5, 4.0 ], "rotation": 90 }
									},
									"children": [
										{
											"name": "Bindings73",
											"from": [ 4.0, 0.0, 0.0 ],
											"to": [ 8.0, 0.9, 0.6 ],
											"rotationOrigin": [ 4.0, 0.0, 0.5 ],
											"rotationY": 15.0,
											"faces": {
												"north": { "texture": "#mordant", "uv": [ 0.0, 0.0, 0.5, 4.0 ], "rotation": 90 },
												"east": { "texture": "#mordant", "uv": [ 0.0, 0.0, 0.5, 0.5 ], "rotation": 90 },
												"south": { "texture": "#mordant", "uv": [ 0.0, 0.0, 0.5, 4.0 ], "rotation": 90 },
												"west": { "texture": "#mordant", "uv": [ 0.0, 0.0, 0.5, 0.5 ], "rotation": 90 },
												"up": { "texture": "#mordant", "uv": [ 0.0, 0.0, 0.5, 4.0 ], "rotation": 90 },
												"down": { "texture": "#mordant", "uv": [ 0.0, 0.0, 0.5, 4.0 ], "rotation": 90 }
											},
											"children": [
												{
													"name": "Bindings74",
													"from": [ 4.0, 0.0, 0.0 ],
													"to": [ 8.0, 0.9, 0.6 ],
													"rotationOrigin": [ 4.0, 0.0, 0.5 ],
													"rotationY": 15.0,
													"faces": {
														"north": { "texture": "#mordant", "uv": [ 0.0, 0.0, 0.5, 4.0 ], "rotation": 90 },
														"east": { "texture": "#mordant", "uv": [ 0.0, 0.0, 0.5, 0.5 ], "rotation": 90 },
														"south": { "texture": "#mordant", "uv": [ 0.0, 0.0, 0.5, 4.0 ], "rotation": 90 },
														"west": { "texture": "#mordant", "uv": [ 0.0, 0.0, 0.5, 0.5 ], "rotation": 90 },
														"up": { "texture": "#mordant", "uv": [ 0.0, 0.0, 0.5, 4.0 ], "rotation": 90 },
														"down": { "texture": "#mordant", "uv": [ 0.0, 0.0, 0.5, 4.0 ], "rotation": 90 }
													},
													"children": [
														{
															"name": "Bindings75",
															"from": [ 4.0, 0.0, 0.0 ],
															"to": [ 8.0, 0.9, 0.6 ],
															"rotationOrigin": [ 4.0, 0.0, 0.5 ],
															"rotationY": 15.0,
															"faces": {
																"north": { "texture": "#mordant", "uv": [ 0.0, 0.0, 0.5, 4.0 ], "rotation": 90 },
																"east": { "texture": "#mordant", "uv": [ 0.0, 0.0, 0.5, 0.5 ], "rotation": 90 },
																"south": { "texture": "#mordant", "uv": [ 0.0, 0.0, 0.5, 4.0 ], "rotation": 90 },
																"west": { "texture": "#mordant", "uv": [ 0.0, 0.0, 0.5, 0.5 ], "rotation": 90 },
																"up": { "texture": "#mordant", "uv": [ 0.0, 0.0, 0.5, 4.0 ], "rotation": 90 },
																"down": { "texture": "#mordant", "uv": [ 0.0, 0.0, 0.5, 4.0 ], "rotation": 90 }
															}
														}
													]
												}
											]
										}
									]
								}
							]
						},
						{
							"name": "Bindings49",
							"from": [ -0.4, -13.2, -0.3 ],
							"to": [ 2.0, -10.8, 0.7 ],
							"rotationOrigin": [ 1.0, -13.399, -0.3022 ],
							"rotationX": -2.0,
							"rotationZ": 180.0,
							"faces": {
								"north": { "texture": "#mordant", "uv": [ 0.0, 0.0, 2.0, 2.0 ], "rotation": 90 },
								"east": { "texture": "#mordant", "uv": [ 0.0, 0.0, 2.0, 1.0 ], "rotation": 90 },
								"south": { "texture": "#mordant", "uv": [ 0.0, 0.0, 2.0, 2.0 ], "rotation": 90 },
								"west": { "texture": "#mordant", "uv": [ 0.0, 0.0, 2.0, 1.0 ], "rotation": 90 },
								"up": { "texture": "#mordant", "uv": [ 0.0, 0.0, 1.0, 2.0 ], "rotation": 90 },
								"down": { "texture": "#mordant", "uv": [ 0.0, 0.0, 1.0, 2.0 ], "rotation": 90 }
							},
							"children": [
								{
									"name": "Bindings50",
									"from": [ 0.0, 12.0, 0.8 ],
									"to": [ 2.4, 15.5, 1.8 ],
									"rotationOrigin": [ 1.4, 11.801, 0.7978 ],
									"rotationX": -3.0,
									"faces": {
										"north": { "texture": "#mordant", "uv": [ 0.0, 0.0, 3.5, 2.0 ], "rotation": 90 },
										"east": { "texture": "#mordant", "uv": [ 0.0, 0.0, 3.5, 1.0 ], "rotation": 90 },
										"south": { "texture": "#mordant", "uv": [ 0.0, 0.0, 3.5, 2.0 ], "rotation": 90 },
										"west": { "texture": "#mordant", "uv": [ 0.0, 0.0, 3.5, 1.0 ], "rotation": 90 },
										"up": { "texture": "#mordant", "uv": [ 0.0, 0.0, 1.0, 2.0 ], "rotation": 90 },
										"down": { "texture": "#mordant", "uv": [ 0.0, 0.0, 1.0, 2.0 ], "rotation": 90 }
									}
								}
							]
						},
						{
							"name": "Cube9",
							"from": [ -0.3, -16.0, -0.4 ],
							"to": [ -0.3, -16.0, -0.4 ],
							"rotationOrigin": [ -0.3, -16.0, -0.4 ],
							"rotationZ": -90.0,
							"faces": {
								"north": { "texture": "#canopycolor2", "uv": [ 0.0, 0.0, 0.5, 0.5 ] },
								"east": { "texture": "#canopycolor2", "uv": [ 0.0, 0.0, 0.5, 0.5 ] },
								"south": { "texture": "#canopycolor2", "uv": [ 0.0, 0.0, 0.5, 0.5 ] },
								"west": { "texture": "#canopycolor2", "uv": [ 0.0, 0.0, 0.5, 0.5 ] },
								"up": { "texture": "#canopycolor2", "uv": [ 0.0, 0.0, 0.5, 0.5 ] },
								"down": { "texture": "#canopycolor2", "uv": [ 0.0, 0.0, 0.5, 0.5 ] }
							},
							"children": [
								{
									"name": "Bindings76",
									"from": [ -1.0, 1.0, 0.2 ],
									"to": [ 3.0, 1.9, 0.8 ],
									"rotationOrigin": [ -1.0, 1.0, 0.2012 ],
									"rotationY": -23.0,
									"faces": {
										"north": { "texture": "#mordant", "uv": [ 0.0, 0.0, 0.5, 4.0 ], "rotation": 90 },
										"east": { "texture": "#mordant", "uv": [ 0.0, 0.0, 0.5, 0.5 ], "rotation": 90 },
										"south": { "texture": "#mordant", "uv": [ 0.0, 0.0, 0.5, 4.0 ], "rotation": 90 },
										"west": { "texture": "#mordant", "uv": [ 0.0, 0.0, 0.5, 0.5 ], "rotation": 90 },
										"up": { "texture": "#mordant", "uv": [ 0.0, 0.0, 0.5, 4.0 ], "rotation": 90 },
										"down": { "texture": "#mordant", "uv": [ 0.0, 0.0, 0.5, 4.0 ], "rotation": 90 }
									},
									"children": [
										{
											"name": "Bindings77",
											"from": [ 4.0, 0.0, 0.0 ],
											"to": [ 8.0, 0.9, 0.6 ],
											"rotationOrigin": [ 4.0, 0.0, 0.5 ],
											"rotationY": 15.0,
											"faces": {
												"north": { "texture": "#mordant", "uv": [ 0.0, 0.0, 0.5, 4.0 ], "rotation": 90 },
												"east": { "texture": "#mordant", "uv": [ 0.0, 0.0, 0.5, 0.5 ], "rotation": 90 },
												"south": { "texture": "#mordant", "uv": [ 0.0, 0.0, 0.5, 4.0 ], "rotation": 90 },
												"west": { "texture": "#mordant", "uv": [ 0.0, 0.0, 0.5, 0.5 ], "rotation": 90 },
												"up": { "texture": "#mordant", "uv": [ 0.0, 0.0, 0.5, 4.0 ], "rotation": 90 },
												"down": { "texture": "#mordant", "uv": [ 0.0, 0.0, 0.5, 4.0 ], "rotation": 90 }
											},
											"children": [
												{
													"name": "Bindings78",
													"from": [ 4.0, 0.0, 0.0 ],
													"to": [ 8.0, 0.9, 0.6 ],
													"rotationOrigin": [ 4.0, 0.0, 0.5 ],
													"rotationY": 15.0,
													"faces": {
														"north": { "texture": "#mordant", "uv": [ 0.0, 0.0, 0.5, 4.0 ], "rotation": 90 },
														"east": { "texture": "#mordant", "uv": [ 0.0, 0.0, 0.5, 0.5 ], "rotation": 90 },
														"south": { "texture": "#mordant", "uv": [ 0.0, 0.0, 0.5, 4.0 ], "rotation": 90 },
														"west": { "texture": "#mordant", "uv": [ 0.0, 0.0, 0.5, 0.5 ], "rotation": 90 },
														"up": { "texture": "#mordant", "uv": [ 0.0, 0.0, 0.5, 4.0 ], "rotation": 90 },
														"down": { "texture": "#mordant", "uv": [ 0.0, 0.0, 0.5, 4.0 ], "rotation": 90 }
													},
													"children": [
														{
															"name": "Bindings79",
															"from": [ 4.0, 0.0, 0.0 ],
															"to": [ 8.0, 0.9, 0.6 ],
															"rotationOrigin": [ 4.0, 0.0, 0.5 ],
															"rotationY": 15.0,
															"faces": {
																"north": { "texture": "#mordant", "uv": [ 0.0, 0.0, 0.5, 4.0 ], "rotation": 90 },
																"east": { "texture": "#mordant", "uv": [ 0.0, 0.0, 0.5, 0.5 ], "rotation": 90 },
																"south": { "texture": "#mordant", "uv": [ 0.0, 0.0, 0.5, 4.0 ], "rotation": 90 },
																"west": { "texture": "#mordant", "uv": [ 0.0, 0.0, 0.5, 0.5 ], "rotation": 90 },
																"up": { "texture": "#mordant", "uv": [ 0.0, 0.0, 0.5, 4.0 ], "rotation": 90 },
																"down": { "texture": "#mordant", "uv": [ 0.0, 0.0, 0.5, 4.0 ], "rotation": 90 }
															}
														}
													]
												}
											]
										}
									]
								}
							]
						}
					]
				},
				{
					"name": "Bindings53",
					"from": [ -1.3, -8.0, -5.0 ],
					"to": [ 0.2, -5.6, -2.6 ],
					"rotationOrigin": [ 0.1, -8.199, -5.0022 ],
					"faces": {
						"north": { "texture": "#mordant", "uv": [ 0.0, 0.0, 2.0, 1.5 ], "rotation": 90 },
						"east": { "texture": "#mordant", "uv": [ 0.0, 0.0, 2.0, 2.0 ], "rotation": 90 },
						"south": { "texture": "#mordant", "uv": [ 0.0, 0.0, 2.0, 1.5 ], "rotation": 90 },
						"west": { "texture": "#mordant", "uv": [ 0.0, 0.0, 2.0, 2.0 ], "rotation": 90 },
						"up": { "texture": "#mordant", "uv": [ 0.0, 0.0, 2.0, 1.5 ], "rotation": 90 },
						"down": { "texture": "#mordant", "uv": [ 0.0, 0.0, 2.0, 1.5 ], "rotation": 90 }
					},
					"children": [
						{
							"name": "Bindings54",
							"from": [ 37.5, 0.0, 0.0 ],
							"to": [ 39.0, 2.4, 2.4 ],
							"rotationOrigin": [ 38.9, -0.199, -0.0022 ],
							"faces": {
								"north": { "texture": "#mordant", "uv": [ 0.0, 0.0, 2.0, 1.5 ], "rotation": 90 },
								"east": { "texture": "#mordant", "uv": [ 0.0, 0.0, 2.0, 2.0 ], "rotation": 90 },
								"south": { "texture": "#mordant", "uv": [ 0.0, 0.0, 2.0, 1.5 ], "rotation": 90 },
								"west": { "texture": "#mordant", "uv": [ 0.0, 0.0, 2.0, 2.0 ], "rotation": 90 },
								"up": { "texture": "#mordant", "uv": [ 0.0, 0.0, 2.0, 1.5 ], "rotation": 90 },
								"down": { "texture": "#mordant", "uv": [ 0.0, 0.0, 2.0, 1.5 ], "rotation": 90 }
							}
						},
						{
							"name": "Bindings55",
							"from": [ 34.0, 0.0, 0.0 ],
							"to": [ 35.5, 2.4, 2.4 ],
							"rotationOrigin": [ 35.4, -0.199, -0.0022 ],
							"faces": {
								"north": { "texture": "#mordant", "uv": [ 0.0, 0.0, 2.0, 1.5 ], "rotation": 90 },
								"east": { "texture": "#mordant", "uv": [ 0.0, 0.0, 2.0, 2.0 ], "rotation": 90 },
								"south": { "texture": "#mordant", "uv": [ 0.0, 0.0, 2.0, 1.5 ], "rotation": 90 },
								"west": { "texture": "#mordant", "uv": [ 0.0, 0.0, 2.0, 2.0 ], "rotation": 90 },
								"up": { "texture": "#mordant", "uv": [ 0.0, 0.0, 2.0, 1.5 ], "rotation": 90 },
								"down": { "texture": "#mordant", "uv": [ 0.0, 0.0, 2.0, 1.5 ], "rotation": 90 }
							}
						},
						{
							"name": "Bindings80",
							"from": [ 3.4, 0.0, 0.0 ],
							"to": [ 4.9, 2.4, 2.4 ],
							"rotationOrigin": [ 4.8, -0.199, -0.0022 ],
							"faces": {
								"north": { "texture": "#mordant", "uv": [ 0.0, 0.0, 2.0, 1.5 ], "rotation": 90 },
								"east": { "texture": "#mordant", "uv": [ 0.0, 0.0, 2.0, 2.0 ], "rotation": 90 },
								"south": { "texture": "#mordant", "uv": [ 0.0, 0.0, 2.0, 1.5 ], "rotation": 90 },
								"west": { "texture": "#mordant", "uv": [ 0.0, 0.0, 2.0, 2.0 ], "rotation": 90 },
								"up": { "texture": "#mordant", "uv": [ 0.0, 0.0, 2.0, 1.5 ], "rotation": 90 },
								"down": { "texture": "#mordant", "uv": [ 0.0, 0.0, 2.0, 1.5 ], "rotation": 90 }
							}
						},
						{
							"name": "Bindings81",
							"from": [ 18.8, 0.0, 0.0 ],
							"to": [ 20.3, 2.4, 2.4 ],
							"rotationOrigin": [ 20.2, -0.199, -0.0022 ],
							"faces": {
								"north": { "texture": "#mordant", "uv": [ 0.0, 0.0, 2.0, 1.5 ], "rotation": 90 },
								"east": { "texture": "#mordant", "uv": [ 0.0, 0.0, 2.0, 2.0 ], "rotation": 90 },
								"south": { "texture": "#mordant", "uv": [ 0.0, 0.0, 2.0, 1.5 ], "rotation": 90 },
								"west": { "texture": "#mordant", "uv": [ 0.0, 0.0, 2.0, 2.0 ], "rotation": 90 },
								"up": { "texture": "#mordant", "uv": [ 0.0, 0.0, 2.0, 1.5 ], "rotation": 90 },
								"down": { "texture": "#mordant", "uv": [ 0.0, 0.0, 2.0, 1.5 ], "rotation": 90 }
							}
						}
					]
				},
				{
					"name": "Bindings40",
					"from": [ -0.5, 0.0, 17.3 ],
					"to": [ 2.3, 2.4, 18.3 ],
					"rotationOrigin": [ 0.9, -0.199, 17.2978 ],
					"rotationX": 0.0,
					"rotationY": 8.0,
					"faces": {
						"north": { "texture": "#mordant", "uv": [ 0.0, 0.0, 2.0, 2.5 ], "rotation": 90 },
						"east": { "texture": "#mordant", "uv": [ 0.0, 0.0, 2.0, 1.0 ], "rotation": 90 },
						"south": { "texture": "#mordant", "uv": [ 0.0, 0.0, 2.0, 2.5 ], "rotation": 90 },
						"west": { "texture": "#mordant", "uv": [ 0.0, 0.0, 2.0, 1.0 ], "rotation": 90 },
						"up": { "texture": "#mordant", "uv": [ 0.0, 0.0, 1.0, 2.5 ], "rotation": 90 },
						"down": { "texture": "#mordant", "uv": [ 0.0, 0.0, 1.0, 2.5 ], "rotation": 90 }
					},
					"children": [
						{
							"name": "Bindings41",
							"from": [ 0.0, -16.0, 0.0 ],
							"to": [ 2.8, -13.6, 1.0 ],
							"rotationOrigin": [ 1.4, -16.199, -0.0022 ],
							"faces": {
								"north": { "texture": "#mordant", "uv": [ 0.0, 0.0, 2.0, 2.5 ], "rotation": 90 },
								"east": { "texture": "#mordant", "uv": [ 0.0, 0.0, 2.0, 1.0 ], "rotation": 90 },
								"south": { "texture": "#mordant", "uv": [ 0.0, 0.0, 2.0, 2.5 ], "rotation": 90 },
								"west": { "texture": "#mordant", "uv": [ 0.0, 0.0, 2.0, 1.0 ], "rotation": 90 },
								"up": { "texture": "#mordant", "uv": [ 0.0, 0.0, 1.0, 2.5 ], "rotation": 90 },
								"down": { "texture": "#mordant", "uv": [ 0.0, 0.0, 1.0, 2.5 ], "rotation": 90 }
							}
						},
						{
							"name": "Bindings42",
							"from": [ 34.2633, 0.0, 4.8154 ],
							"to": [ 37.0633, 2.4, 5.8154 ],
							"rotationOrigin": [ 35.6633, -0.199, 4.8132 ],
							"rotationX": 0.0,
							"rotationY": -12.0,
							"rotationZ": 0.0,
							"faces": {
								"north": { "texture": "#mordant", "uv": [ 0.0, 0.0, 2.0, 2.5 ], "rotation": 90 },
								"east": { "texture": "#mordant", "uv": [ 0.0, 0.0, 2.0, 1.0 ], "rotation": 90 },
								"south": { "texture": "#mordant", "uv": [ 0.0, 0.0, 2.0, 2.5 ], "rotation": 90 },
								"west": { "texture": "#mordant", "uv": [ 0.0, 0.0, 2.0, 1.0 ], "rotation": 90 },
								"up": { "texture": "#mordant", "uv": [ 0.0, 0.0, 1.0, 2.5 ], "rotation": 90 },
								"down": { "texture": "#mordant", "uv": [ 0.0, 0.0, 1.0, 2.5 ], "rotation": 90 }
							},
							"children": [
								{
									"name": "Bindings52",
									"from": [ 0.0, -16.0, 0.0 ],
									"to": [ 2.8, -13.6, 1.0 ],
									"rotationOrigin": [ 1.4, -16.199, -0.0022 ],
									"faces": {
										"north": { "texture": "#mordant", "uv": [ 0.0, 0.0, 2.0, 2.5 ], "rotation": 90 },
										"east": { "texture": "#mordant", "uv": [ 0.0, 0.0, 2.0, 1.0 ], "rotation": 90 },
										"south": { "texture": "#mordant", "uv": [ 0.0, 0.0, 2.0, 2.5 ], "rotation": 90 },
										"west": { "texture": "#mordant", "uv": [ 0.0, 0.0, 2.0, 1.0 ], "rotation": 90 },
										"up": { "texture": "#mordant", "uv": [ 0.0, 0.0, 1.0, 2.5 ], "rotation": 90 },
										"down": { "texture": "#mordant", "uv": [ 0.0, 0.0, 1.0, 2.5 ], "rotation": 90 }
									}
								}
							]
						}
					]
				},
				{
					"name": "Bindings51",
					"from": [ 0.1, -9.1, 37.2 ],
					"to": [ 1.1, -4.5, 41.0 ],
					"rotationOrigin": [ 1.5, -9.299, 37.1978 ],
					"rotationX": 0.0,
					"rotationY": 0.0,
					"rotationZ": 0.0,
					"faces": {
						"north": { "texture": "#mordant", "uv": [ 0.0, 0.0, 4.5, 1.0 ], "rotation": 90 },
						"east": { "texture": "#mordant", "uv": [ 0.0, 0.0, 4.5, 3.5 ], "rotation": 90 },
						"south": { "texture": "#mordant", "uv": [ 0.0, 0.0, 4.5, 1.0 ], "rotation": 90 },
						"west": { "texture": "#mordant", "uv": [ 0.0, 0.0, 4.5, 3.5 ], "rotation": 90 },
						"up": { "texture": "#mordant", "uv": [ 0.0, 0.0, 3.5, 1.0 ], "rotation": 90 },
						"down": { "texture": "#mordant", "uv": [ 0.0, 0.0, 3.5, 1.0 ], "rotation": 90 }
					}
				}
			]
		}
	]}