{
	"code": "ultimateweapon",
	"classByType": {
		"*": "EntitySpellUltimateWeaponRM"
	},
	"habitat": "Land",
	"enabled": false,

	"variantgroups": [
		{
			"code": "glyphs",
			"states": [ "none" ],
			"loadFromProperties": "rustboundmagic:abstract/glyphs" //,

			//"code": "element",
			//"states": [ "rust" ],
			//"loadFromProperties": "rustboundmagic:abstract/elements"
		},
		{
			"code": "type",
			"states": [ "unstable", "permanent", "admin" ]
		}
	],
	"skipVariants": [ "*-permanent", "*-admin", "*-rust-*", "*-none-*", "*-frost-*", "*-nature-*", "*-arcane-*" ],

	"canClimb": false,
	"canClimbAnywhere": false,
	"climbTouchDistance": 0.1,
	"rotateModelOnClimb": false,
	"fallDamage": false,

	"hitboxSizeByType": {
		"*": {
			"x": 0.5,
			"y": 0.9
		}
	},
	"deadHitboxSizeByType": {
		"*": {
			"x": 0.5,
			"y": 0.9
		}
	},

	"eyeHeight": 1.0,

	"knockbackResistanceByType": {
		"*": 0.75
	},

	"attributesByType": {
		"*": {
			"frostable": false,
			"killedByInfoText": "rustboundmagic:deadcreature-elementaldamage",
			"glitchAffected": true,
			"glitchFlicker": true,
			"spawnDamageParticles": true

			//"weaknessElement2RM": "frost",
			//"weaknessAmount2RM": 1.5,
			//"resistanceElement2RM": "none",
			//"resistanceAmount2RM": 0,
			//"strengthElement2RM": "none",
			//"strengthAmount2RM": 0
		}
	},

	"client": {
		"pitchStep": false,
		"sizeByType": {
			"*": 1.0
		},
		"glowLevelByType": {
			"*": 16
		},
		//"renderer": "Shape",
		"renderer": "ShapeEntityRendererSpellUltimateWeaponRM",
		"shapeByType": {
			"*": { "base": "entities/spells/summoneditems/summonedweapons/ultimateweapon-lightning" }
		},
		"texturesByType": {
			"*": {
				"default": { "base": "default" },
				"material1": { "base": "items/spells/summoneditems/summonedweapon/ultimateweapon-lightning-1" },
				"eldrathium": { "base": "blocks/eldrathium" },
				"handle1": { "base": "game:block/leather/plain" },
				"handle2": { "base": "game:block/linen" },
				"decal1": { "base": "items/spells/summoneditems/summonedweapon/ultimateweapon-lightning-decal1" }
			}
		},
		"behaviors": [
			{
				"code": "repulseagents",
				"movable": false
			},
			{
				"code": "controlledphysics",
				"stepHeight": 1.1251,
				"airDragFallingFactor": 0.5
			},
			{
				"code": "floatupwhenstuck",
				"onlyWhenDead": true
			},
			{
				"code": "interpolateposition"
			}
		],
		"animations": [
			{
				"code": "fall",
				"animation": "fall",
				"blendMode": "Average",
				"triggeredBy": { "defaultAnim": true }
			}
		]
	},
	"server": {
		"attributes": {
			"pathfinder": {
				"minTurnAnglePerSec": 720,
				"maxTurnAnglePerSec": 1440
			}
		},
		"behaviors": [
			{
				"code": "repulseagents",
				"movable": false
			},
			{
				"code": "controlledphysics",
				"stepHeight": 1.1251,
				"airDragFallingFactor": 0.5
			},
			{
				"code": "floatupwhenstuck",
				"onlyWhenDead": true
			},
			{
				"code": "despawn",
				"minSeconds": 300
				//"minPlayerDistance": 32,
				//"minSeconds": 300
			}
		]
	},
	//"sounds": {
	//"hurt": "eldritchmonsters:monsters/hollows/hollow-hurt",
	//"death": "eldritchmonsters:monsters/hollows/hollow-death",
	//"idle": "entities/elementalidle"
	//},
	//"idleSoundChance": 0.15,
	"idleSoundChance": 0.15,
	"idleSoundRange": 10
}
