{
	"code": "pelt",
		"behaviors": [
		{ "name": "GroundStorable", "properties": { "layout": "SingleCenter"}}
	],
  "variantgroups": [
    {"code": "type","states": [ "baby","female","male" ]},
    {"code": "species","states": [ "caracalcaracal","lynxcanadensis","lynxlynx","lynxpardinus"]}
  ],
  "shapebytype": {
    "*-baby-*": {"base": "item/felinae/{species}/floorpelt-baby"},
    "*": {"base": "item/felinae/{species}/floorpelt-male"}
  },
  "texturesByType": {
    "*-baby-*": {"skin": {"base": "entity/felinae/{species}-baby"}},
    "*": {"skin": {"base": "entity/felinae/{species}-adult"}}
  },
	"creativeinventory": { "general": ["*"], "items": ["*"] },
	"maxstacksize": 64,
	"attributes": {
		"handbook": {"groupBy": ["floorpelt-*"]},
		"displaycaseable": false, 
		"shelvable": false,
		"antlerMountableByType": {
			"*": true
		},
		"onAntlerMountTransformByType": {
			"*-baby-caracalcaracal": {"translation": { "x": 0.0, "y": 0.45, "z": 0 },"rotation": { "x": 0, "y": 0, "z": -90 },"origin": { "x": 0.1, "y": 0.0, "z": 0.5 },"scale": 0.4},"*-female-caracalcaracal": {"translation": { "x": 0.0, "y": 0.45, "z": 0 },"rotation": { "x": 0, "y": 0, "z": -90 },"origin": { "x": 0.1, "y": 0.0, "z": 0.5 },"scale": 0.45},"*-male-caracalcaracal": {"translation": { "x": 0.0, "y": 0.45, "z": 0 },"rotation": { "x": 0, "y": 0, "z": -90 },"origin": { "x": 0.1, "y": 0.0, "z": 0.5 },"scale": 0.5},	
			"*-baby-lynxcanadensis": {"translation": { "x": 0.0, "y": 0.45, "z": 0 },"rotation": { "x": 0, "y": 0, "z": -90 },"origin": { "x": 0.1, "y": 0.0, "z": 0.5 },"scale": 0.5},"*-female-lynxcanadensis": {"translation": { "x": 0.0, "y": 0.45, "z": 0 },"rotation": { "x": 0, "y": 0, "z": -90 },"origin": { "x": 0.1, "y": 0.0, "z": 0.5 },"scale": 0.55},"*-male-lynxcanadensis": {"translation": { "x": 0.0, "y": 0.45, "z": 0 },"rotation": { "x": 0, "y": 0, "z": -90 },"origin": { "x": 0.1, "y": 0.0, "z": 0.5 },"scale": 0.6},
			"*-baby-lynxlynx": {"translation": { "x": 0.0, "y": 0.45, "z": 0 },"rotation": { "x": 0, "y": 0, "z": -90 },"origin": { "x": 0.1, "y": 0.0, "z": 0.5 },"scale": 0.5},"*-female-lynxlynx": {"translation": { "x": 0.0, "y": 0.45, "z": 0 },"rotation": { "x": 0, "y": 0, "z": -90 },"origin": { "x": 0.1, "y": 0.0, "z": 0.5 },"scale": 0.7},"*-male-lynxlynx": {"translation": { "x": 0.0, "y": 0.45, "z": 0 },"rotation": { "x": 0, "y": 0, "z": -90 },"origin": { "x": 0.1, "y": 0.0, "z": 0.5 },"scale": 0.75},		
			"*-baby-lynxpardinus": {"translation": { "x": 0.0, "y": 0.45, "z": 0 },"rotation": { "x": 0, "y": 0, "z": -90 },"origin": { "x": 0.1, "y": 0.0, "z": 0.5 },"scale": 0.5},"*-female-lynxpardinus": {"translation": { "x": 0.0, "y": 0.45, "z": 0 },"rotation": { "x": 0, "y": 0, "z": -90 },"origin": { "x": 0.1, "y": 0.0, "z": 0.5 },"scale": 0.7},"*-male-lynxpardinus": {"translation": { "x": 0.0, "y": 0.45, "z": 0 },"rotation": { "x": 0, "y": 0, "z": -90 },"origin": { "x": 0.1, "y": 0.0, "z": 0.5 },"scale": 0.75},			
			"*": {"translation": { "x": 0.0, "y": 0.45, "z": 0 },"rotation": { "x": 0, "y": 0, "z": -90 },"origin": { "x": 0.1, "y": 0.0, "z": 0.5 },"scale": 1.0}			
		},
		"rackable": true,
		"toolrackTransformByType": {
			"*-baby-caracalcaracal": {"translation": { "x": 0, "y": 0.0, "z": 0 },"rotation": { "x": -179.9, "y": 180, "z": 0 },"origin": { "x": 0.3, "y": 0.2, "z": 0.5 },"scale": 0.6},"*-female-caracalcaracal": {"translation": { "x": 0, "y": 0.0, "z": 0 },"rotation": { "x": -179.9, "y": 180, "z": 0 },"origin": { "x": 0.3, "y": 0.2, "z": 0.5 },"scale": 0.675},"*-male-caracalcaracal": {"translation": { "x": 0, "y": 0.0, "z": 0 },"rotation": { "x": -179.9, "y": 180, "z": 0 },"origin": { "x": 0.3, "y": 0.2, "z": 0.5 },"scale": 0.75},
			"*-baby-lynxcanadensis": {"translation": { "x": 0, "y": 0.0, "z": 0 },"rotation": { "x": -179.9, "y": 180, "z": 0 },"origin": { "x": 0.3, "y": 0.2, "z": 0.5 },"scale": 0.75},"*-female-lynxcanadensis": {"translation": { "x": 0, "y": 0.0, "z": 0 },"rotation": { "x": -179.9, "y": 180, "z": 0 },"origin": { "x": 0.3, "y": 0.2, "z": 0.5 },"scale": 0.825},"*-male-lynxcanadensis": {"translation": { "x": 0, "y": 0.0, "z": 0 },"rotation": { "x": -179.9, "y": 180, "z": 0 },"origin": { "x": 0.3, "y": 0.2, "z": 0.5 },"scale": 0.9},
			"*-baby-lynxlynx": {"translation": { "x": 0, "y": 0.0, "z": 0 },"rotation": { "x": -179.9, "y": 180, "z": 0 },"origin": { "x": 0.3, "y": 0.2, "z": 0.5 },"scale": 0.75},"*-female-lynxlynx": {"translation": { "x": 0, "y": 0.0, "z": 0 },"rotation": { "x": -179.9, "y": 180, "z": 0 },"origin": { "x": 0.3, "y": 0.2, "z": 0.5 },"scale": 1.05},"*-male-lynxlynx": {"translation": { "x": 0, "y": 0.0, "z": 0 },"rotation": { "x": -179.9, "y": 180, "z": 0 },"origin": { "x": 0.3, "y": 0.2, "z": 0.5 },"scale": 1.125},
			"*-baby-lynxpardinus": {"translation": { "x": 0, "y": 0.0, "z": 0 },"rotation": { "x": -179.9, "y": 180, "z": 0 },"origin": { "x": 0.3, "y": 0.2, "z": 0.5 },"scale": 0.75},"*-female-lynxpardinus": {"translation": { "x": 0, "y": 0.0, "z": 0 },"rotation": { "x": -179.9, "y": 180, "z": 0 },"origin": { "x": 0.3, "y": 0.2, "z": 0.5 },"scale": 1.05},"*-male-lynxpardinus": {"translation": { "x": 0, "y": 0.0, "z": 0 },"rotation": { "x": -179.9, "y": 180, "z": 0 },"origin": { "x": 0.3, "y": 0.2, "z": 0.5 },"scale": 1.125},
			"*": {"translation": { "x": 0, "y": 0.45, "z": 0 },"rotation": { "x": -179.9, "y": 180, "z": 0 },"origin": { "x": 0.1, "y": 0.0, "z": 0.5 },"scale": 1.75}
		},
		"onDisplayTransformByType": {
			"*-baby-caracalcaracal": {"origin": { "x": 0.1, "y": 0, "z": 0.5 },"scale": 0.4},"*-female-caracalcaracal": {"origin": { "x": 0.1, "y": 0, "z": 0.5 },"scale": 0.45},"*-male-caracalcaracal": {"origin": { "x": 0.1, "y": 0, "z": 0.5 },"scale": 0.5},
			"*-baby-lynxcanadensis": {"origin": { "x": 0.1, "y": 0, "z": 0.5 },"scale": 0.4},"*-female-lynxcanadensis": {"origin": { "x": 0.1, "y": 0, "z": 0.5 },"scale": 0.55},"*-male-lynxcanadensis": {"origin": { "x": 0.1, "y": 0, "z": 0.5 },"scale": 0.6},
			"*-baby-lynxlynx": {"origin": { "x": 0.1, "y": 0, "z": 0.5 },"scale": 0.4},"*-female-lynxlynx": {"origin": { "x": 0.1, "y": 0, "z": 0.5 },"scale": 0.7},"*-male-lynxlynx": {"origin": { "x": 0.1, "y": 0, "z": 0.5 },"scale": 0.75},
			"*-baby-lynxpardinus": {"origin": { "x": 0.1, "y": 0, "z": 0.5 },"scale": 0.4},"*-female-lynxpardinus": {"origin": { "x": 0.1, "y": 0, "z": 0.5 },"scale": 0.7},"*-male-lynxpardinus": {"origin": { "x": 0.1, "y": 0, "z": 0.5 },"scale": 0.75},
			"*": {"origin": { "x": 0.1, "y": 0, "z": 0.5 },"scale": 1.0}
		},
		"groundStorageTransformByType": {
			"*-baby-caracalcaracal": {"origin": { "x": 0.1, "y": 0, "z": 0.5 }, "scale": 0.4},"*-female-caracalcaracal": {"origin": { "x": 0.1, "y": 0, "z": 0.5 },"scale": 0.45},"*-male-caracalcaracal": {"origin": { "x": 0.1, "y": 0, "z": 0.5 },"scale": 0.5},
			"*-baby-lynxcanadensis": {"origin": { "x": 0.1, "y": 0, "z": 0.5 }, "scale": 0.5},"*-female-lynxcanadensis": {"origin": { "x": 0.1, "y": 0, "z": 0.55 },"scale": 0.45},"*-male-lynxcanadensis": {"origin": { "x": 0.1, "y": 0, "z": 0.5 },"scale": 0.6},
			"*-baby-lynxlynx": {"origin": { "x": 0.1, "y": 0, "z": 0.5 }, "scale": 0.5},"*-female-lynxlynx": {"origin": { "x": 0.1, "y": 0, "z": 0.55 },"scale": 0.7},"*-male-lynxlynx": {"origin": { "x": 0.1, "y": 0, "z": 0.5 },"scale": 0.75},
			"*-baby-lynxpardinus": {"origin": { "x": 0.1, "y": 0, "z": 0.5 }, "scale": 0.5},"*-female-lynxpardinus": {"origin": { "x": 0.1, "y": 0, "z": 0.55 },"scale": 0.7},"*-male-lynxpardinus": {"origin": { "x": 0.1, "y": 0, "z": 0.5 },"scale": 0.75},
			"*": {"scale": 1.0}
		}

	},
  "sounds": {
    "walk": "game:walk/cloth"
  },
	"materialDensity": 500,
	"heldTpHitAnimation": "breaktool",
	"fpHandTransform": {
		"translation": { "x": 0, "y": -0.5, "z": -1.5 },
		"rotation": { "x": 180, "y": 0, "z": 90 },
		"scale": 1
	},
	"guiTransformByType": {
    "*": {"translation": {"x": 0,"y": 1,"z": 0},"rotation": {"x": 0,"y": 145,"z": 90},"origin": {"x": 0.5,"y": 0.1,"z": 0.5},"scale": 1.5}
	},
	"tpHandTransform": {
		"translation": { "x": -0.55, "y": -0.10, "z": -0.45},
		"rotation": { "x": -90, "y": 90, "z": 0 },
		"origin": { "x": 0.5, "y": 0.0, "z": 0.5 },
		"scale": 1.0
	},

		"groundTransform": {
		"translation": { "x": 0, "y": 0, "z": 0 },
		"rotation": { "x": 0, "y": 0, "z": 0 },
		"origin": { "x": 0.5, "y": 0.0, "z": 0.5299 },
		"scale": 1
	}
	

}