{
	"editor": {
		"backDropShape": "entity/humanoid/seraph",
		"allAngles": true,
		"entityTextureMode": true
	},
	"textureWidth": 64,
	"textureHeight": 64,
	"textureSizes": {
	},
	"textures": {
	},
	"elements": [
		{
			"name": "ArmorUpperTorso",
			"stepParentName": "UpperTorso",
			"from": [ -0.375, -0.15, -0.3 ],
			"to": [ 4.125, 3.9, 4.95 ],
			"uv": [ 0.0, 0.0 ],
			"rotationOrigin": [ -0.375, -0.15, -0.3 ],
			"faces": {
				"north": { "texture": "#material", "uv": [ 0.0, 7.0, 6.0, 12.0 ], "autoUv": false },
				"east": { "texture": "#material", "uv": [ 6.0, 7.0, 13.0, 12.0 ], "autoUv": false },
				"south": { "texture": "#material", "uv": [ 13.0, 7.0, 19.0, 12.0 ], "autoUv": false },
				"west": { "texture": "#material", "uv": [ 19.0, 7.0, 26.0, 12.0 ], "autoUv": false },
				"up": { "texture": "#material", "uv": [ 0.0, 0.0, 6.0, 7.0 ], "autoUv": false },
				"down": { "texture": "#material", "uv": [ 6.0, 0.0, 12.0, 7.0 ], "autoUv": false }
			}
		},
		{
			"name": "ArmorLowerTorso",
			"stepParentName": "LowerTorso",
			"from": [ -0.225, -0.375, -0.225 ],
			"to": [ 3.9, 3.825, 4.725 ],
			"uv": [ 0.0, 18.0 ],
			"rotationOrigin": [ -0.225, -0.375, -0.225 ],
			"faces": {
				"north": { "texture": "#material", "uv": [ 0.0, 24.5, 5.5, 30.0 ], "autoUv": false },
				"east": { "texture": "#material", "uv": [ 5.5, 24.5, 12.0, 30.0 ], "autoUv": false },
				"south": { "texture": "#material", "uv": [ 12.0, 24.5, 17.5, 30.0 ], "autoUv": false },
				"west": { "texture": "#material", "uv": [ 17.5, 24.5, 24.0, 30.0 ], "autoUv": false },
				"up": { "texture": "#material", "uv": [ 0.0, 18.0, 5.5, 24.5 ], "autoUv": false },
				"down": { "texture": "#material", "uv": [ 5.5, 18.0, 11.0, 24.5 ], "autoUv": false }
			}
		},
		{
			"name": "ArmorUpperArmR",
			"stepParentName": "UpperArmR",
			"from": [ -0.15, -0.15, -0.225 ],
			"to": [ 2.325, 5.4, 1.575 ],
			"uv": [ 54.0, 0.0 ],
			"rotationOrigin": [ -0.15, -0.15, -0.225 ],
			"faces": {
				"north": { "texture": "#material", "uv": [ 54.0, 2.0, 57.0, 9.0 ], "autoUv": false },
				"east": { "texture": "#material", "uv": [ 57.0, 2.0, 59.0, 9.0 ], "autoUv": false },
				"south": { "texture": "#material", "uv": [ 59.0, 2.0, 62.0, 9.0 ], "autoUv": false },
				"west": { "texture": "#material", "uv": [ 62.0, 2.0, 64.0, 9.0 ], "autoUv": false },
				"up": { "texture": "#material", "uv": [ 54.0, 0.0, 57.0, 2.0 ], "autoUv": false },
				"down": { "texture": "#material", "uv": [ 57.0, 0.0, 60.0, 2.0 ], "autoUv": false }
			},
			"children": [
				{
					"name": "ArmorPauldronR",
					"from": [ -0.225, 3.0, -0.375 ],
					"to": [ 2.625, 6.0, 1.125 ],
					"unwrapMode": 1,
					"uv": [ 22.0, 12.0 ],
					"rotationOrigin": [ -0.225, 3.0, -0.375 ],
					"faces": {
						"north": { "texture": "#material", "uv": [ 24.0, 14.0, 27.5, 18.0 ], "autoUv": false },
						"east": { "texture": "#material", "uv": [ 22.0, 14.0, 24.0, 18.0 ], "autoUv": false },
						"south": { "texture": "#material", "uv": [ 29.5, 14.0, 33.0, 18.0 ], "autoUv": false },
						"west": { "texture": "#material", "uv": [ 27.5, 14.0, 29.5, 18.0 ], "autoUv": false },
						"up": { "texture": "#material", "uv": [ 24.0, 12.0, 27.5, 14.0 ], "rotation": 180, "autoUv": false },
						"down": { "texture": "#material", "uv": [ 24.0, 18.0, 27.5, 20.0 ], "autoUv": false }
					}
				}
			]
		},
		{
			"name": "ArmorUpperArmL",
			"stepParentName": "UpperArmL",
			"from": [ -0.15, -0.15, -0.075 ],
			"to": [ 2.325, 5.4, 1.725 ],
			"uv": [ 44.0, 0.0 ],
			"rotationOrigin": [ -0.15, -0.15, -0.075 ],
			"faces": {
				"north": { "texture": "#material", "uv": [ 44.0, 2.0, 47.0, 9.0 ], "autoUv": false },
				"east": { "texture": "#material", "uv": [ 47.0, 2.0, 49.0, 9.0 ], "autoUv": false },
				"south": { "texture": "#material", "uv": [ 49.0, 2.0, 52.0, 9.0 ], "autoUv": false },
				"west": { "texture": "#material", "uv": [ 52.0, 2.0, 54.0, 9.0 ], "autoUv": false },
				"up": { "texture": "#material", "uv": [ 44.0, 0.0, 47.0, 2.0 ], "autoUv": false },
				"down": { "texture": "#material", "uv": [ 47.0, 0.0, 50.0, 2.0 ], "autoUv": false }
			},
			"children": [
				{
					"name": "ArmorPauldronL",
					"from": [ -0.225, 3.0, 0.525 ],
					"to": [ 2.625, 6.0, 2.025 ],
					"unwrapMode": 3,
					"uv": [ 11.0, 12.0 ],
					"rotationOrigin": [ -0.225, 3.0, 0.525 ],
					"faces": {
						"north": { "texture": "#material", "uv": [ 18.5, 14.0, 22.0, 18.0 ], "autoUv": false },
						"east": { "texture": "#material", "uv": [ 16.5, 14.0, 18.5, 18.0 ], "autoUv": false },
						"south": { "texture": "#material", "uv": [ 13.0, 14.0, 16.5, 18.0 ], "autoUv": false },
						"west": { "texture": "#material", "uv": [ 11.0, 14.0, 13.0, 18.0 ], "autoUv": false },
						"up": { "texture": "#material", "uv": [ 13.0, 12.0, 16.5, 14.0 ], "autoUv": false },
						"down": { "texture": "#material", "uv": [ 13.0, 18.0, 16.5, 20.0 ], "rotation": 180, "autoUv": false }
					}
				}
			]
		},
		{
			"name": "ArmorLowerArmR",
			"stepParentName": "LowerArmR",
			"from": [ -0.15, -0.15, -0.2625 ],
			"to": [ 2.025, 6.15, 1.6875 ],
			"uv": [ 54.0, 9.0 ],
			"rotationOrigin": [ -0.15, -0.15, -0.375 ],
			"faces": {
				"north": { "texture": "#material", "uv": [ 54.0, 11.5, 56.5, 19.5 ], "autoUv": false },
				"east": { "texture": "#material", "uv": [ 56.5, 11.5, 59.0, 19.5 ], "autoUv": false },
				"south": { "texture": "#material", "uv": [ 59.0, 11.5, 61.5, 19.5 ], "autoUv": false },
				"west": { "texture": "#material", "uv": [ 61.5, 11.5, 64.0, 19.5 ], "autoUv": false },
				"up": { "texture": "#material", "uv": [ 54.0, 9.0, 56.5, 11.5 ], "autoUv": false },
				"down": { "texture": "#material", "uv": [ 56.5, 9.0, 59.0, 11.5 ], "autoUv": false }
			},
			"children": [
				{
					"name": "ArmorElbowSideR",
					"from": [ 0.45, 4.2, -0.15 ],
					"to": [ 2.7, 6.45, 0.225 ],
					"unwrapMode": 1,
					"uv": [ 44.5, 52.5 ],
					"rotationOrigin": [ 0.45, 4.2, -0.15 ],
					"faces": {
						"north": { "texture": "#material", "uv": [ 45.0, 53.0, 48.0, 56.0 ], "autoUv": false },
						"east": { "texture": "#material", "uv": [ 44.5, 53.0, 45.0, 56.0 ], "autoUv": false },
						"south": { "texture": "#material", "uv": [ 48.5, 53.0, 51.5, 56.0 ], "autoUv": false },
						"west": { "texture": "#material", "uv": [ 48.0, 53.0, 48.5, 56.0 ], "autoUv": false },
						"up": { "texture": "#material", "uv": [ 45.0, 52.5, 48.0, 53.0 ], "rotation": 180, "autoUv": false },
						"down": { "texture": "#material", "uv": [ 45.0, 56.0, 48.0, 56.5 ], "autoUv": false }
					}
				},
				{
					"name": "ArmorElbowR",
					"from": [ 1.5, 4.65, 0.225 ],
					"to": [ 3.0, 6.15, 1.725 ],
					"unwrapMode": 1,
					"uv": [ 40.0, 47.0 ],
					"rotationOrigin": [ 2.25, 5.4, 0.975 ],
					"rotationZ": -45.0,
					"faces": {
						"north": { "texture": "#material", "uv": [ 42.0, 49.0, 44.0, 51.0 ], "autoUv": false },
						"east": { "texture": "#material", "uv": [ 40.0, 49.0, 42.0, 51.0 ], "autoUv": false },
						"south": { "texture": "#material", "uv": [ 46.0, 49.0, 48.0, 51.0 ], "autoUv": false },
						"west": { "texture": "#material", "uv": [ 44.0, 49.0, 46.0, 51.0 ], "autoUv": false },
						"up": { "texture": "#material", "uv": [ 42.0, 47.0, 44.0, 49.0 ], "rotation": 180, "autoUv": false },
						"down": { "texture": "#material", "uv": [ 42.0, 51.0, 44.0, 53.0 ], "autoUv": false }
					}
				},
				{
					"name": "ArmorHandR",
					"from": [ -0.225, -0.225, -0.375 ],
					"to": [ 2.4, 2.325, 1.125 ],
					"unwrapMode": 1,
					"uv": [ 43.0, 40.0 ],
					"rotationOrigin": [ -0.225, -0.225, -0.375 ],
					"faces": {
						"north": { "texture": "#material", "uv": [ 45.0, 42.0, 48.5, 45.0 ], "autoUv": false },
						"east": { "texture": "#material", "uv": [ 43.0, 42.0, 45.0, 45.0 ], "autoUv": false },
						"south": { "texture": "#material", "uv": [ 50.5, 42.0, 54.0, 45.0 ], "autoUv": false },
						"west": { "texture": "#material", "uv": [ 48.5, 42.0, 50.5, 45.0 ], "autoUv": false },
						"up": { "texture": "#material", "uv": [ 45.0, 40.0, 48.5, 42.0 ], "rotation": 180, "autoUv": false },
						"down": { "texture": "#material", "uv": [ 45.0, 45.0, 48.5, 47.0 ], "autoUv": false }
					}
				}
			]
		},
		{
			"name": "ArmorLowerArmL",
			"stepParentName": "LowerArmL",
			"from": [ -0.15, -0.15, -0.1875 ],
			"to": [ 2.025, 6.15, 1.7625 ],
			"uv": [ 44.0, 9.0 ],
			"rotationOrigin": [ -0.15, -0.15, -0.225 ],
			"faces": {
				"north": { "texture": "#material", "uv": [ 44.0, 11.5, 46.5, 19.5 ], "autoUv": false },
				"east": { "texture": "#material", "uv": [ 46.5, 11.5, 49.0, 19.5 ], "autoUv": false },
				"south": { "texture": "#material", "uv": [ 49.0, 11.5, 51.5, 19.5 ], "autoUv": false },
				"west": { "texture": "#material", "uv": [ 51.5, 11.5, 54.0, 19.5 ], "autoUv": false },
				"up": { "texture": "#material", "uv": [ 44.0, 9.0, 46.5, 11.5 ], "autoUv": false },
				"down": { "texture": "#material", "uv": [ 46.5, 9.0, 49.0, 11.5 ], "autoUv": false }
			},
			"children": [
				{
					"name": "ArmorElbowSideL",
					"from": [ 0.45, 4.2, 1.8 ],
					"to": [ 2.7, 6.45, 2.175 ],
					"unwrapMode": 3,
					"uv": [ 35.0, 53.0 ],
					"rotationOrigin": [ 0.45, 4.2, 1.8 ],
					"faces": {
						"north": { "texture": "#material", "uv": [ 39.0, 53.5, 42.0, 56.5 ], "autoUv": false },
						"east": { "texture": "#material", "uv": [ 38.5, 53.5, 39.0, 56.5 ], "autoUv": false },
						"south": { "texture": "#material", "uv": [ 35.5, 53.5, 38.5, 56.5 ], "autoUv": false },
						"west": { "texture": "#material", "uv": [ 35.0, 53.5, 35.5, 56.5 ], "autoUv": false },
						"up": { "texture": "#material", "uv": [ 35.5, 53.0, 38.5, 53.5 ], "autoUv": false },
						"down": { "texture": "#material", "uv": [ 35.5, 56.5, 38.5, 57.0 ], "rotation": 180, "autoUv": false }
					}
				},
				{
					"name": "ArmorElbowL",
					"from": [ 1.5, 4.575, 0.3 ],
					"to": [ 3.0, 6.075, 1.8 ],
					"unwrapMode": 3,
					"uv": [ 32.0, 47.0 ],
					"rotationOrigin": [ 2.25, 5.325, 1.05 ],
					"rotationZ": 45.0,
					"faces": {
						"north": { "texture": "#material", "uv": [ 38.0, 49.0, 40.0, 51.0 ], "autoUv": false },
						"east": { "texture": "#material", "uv": [ 36.0, 49.0, 38.0, 51.0 ], "autoUv": false },
						"south": { "texture": "#material", "uv": [ 34.0, 49.0, 36.0, 51.0 ], "autoUv": false },
						"west": { "texture": "#material", "uv": [ 32.0, 49.0, 34.0, 51.0 ], "autoUv": false },
						"up": { "texture": "#material", "uv": [ 34.0, 47.0, 36.0, 49.0 ], "autoUv": false },
						"down": { "texture": "#material", "uv": [ 34.0, 51.0, 36.0, 53.0 ], "rotation": 180, "autoUv": false }
					}
				},
				{
					"name": "ArmorHandL",
					"from": [ -0.225, -0.225, 0.6 ],
					"to": [ 2.4, 2.325, 2.1 ],
					"unwrapMode": 3,
					"uv": [ 32.0, 40.0 ],
					"rotationOrigin": [ -0.225, -0.225, 0.6 ],
					"faces": {
						"north": { "texture": "#material", "uv": [ 39.5, 42.0, 43.0, 45.0 ], "autoUv": false },
						"east": { "texture": "#material", "uv": [ 37.5, 42.0, 39.5, 45.0 ], "autoUv": false },
						"south": { "texture": "#material", "uv": [ 34.0, 42.0, 37.5, 45.0 ], "autoUv": false },
						"west": { "texture": "#material", "uv": [ 32.0, 42.0, 34.0, 45.0 ], "autoUv": false },
						"up": { "texture": "#material", "uv": [ 34.0, 40.0, 37.5, 42.0 ], "autoUv": false },
						"down": { "texture": "#material", "uv": [ 34.0, 45.0, 37.5, 47.0 ], "rotation": 180, "autoUv": false }
					}
				}
			]
		},
		{
			"name": "ArmorCoatR",
			"stepParentName": "UpperFootR",
			"from": [ -0.675, 0.9, -0.6375 ],
			"to": [ 3.675, 5.4, 2.3625 ],
			"autoUnwrap": false,
			"uv": [ 19.0, 30.0 ],
			"rotationOrigin": [ -0.675, 0.9, -0.75 ],
			"faces": {
				"north": { "texture": "#material", "uv": [ 19.0, 34.0, 24.5, 40.0 ], "autoUv": false },
				"east": { "texture": "#material", "uv": [ 34.0, 34.0, 38.0, 40.0 ], "autoUv": false },
				"south": { "texture": "#material", "uv": [ 28.5, 34.0, 34.0, 40.0 ], "autoUv": false },
				"west": { "texture": "#material", "uv": [ 24.5, 34.0, 28.5, 40.0 ], "autoUv": false },
				"up": { "texture": "#material", "uv": [ 19.0, 30.0, 24.5, 34.0 ], "rotation": 180, "autoUv": false },
				"down": { "texture": "#material", "uv": [ 24.5, 30.0, 30.0, 34.0 ], "rotation": 180, "autoUv": false }
			},
			"children": [
				{
					"name": "ArmorLegCoveR",
					"from": [ 0.375, 1.5, 0.6 ],
					"to": [ 3.975, 5.925, 3.15 ],
					"autoUnwrap": false,
					"uv": [ 0.0, 0.0 ],
					"rotationOrigin": [ 0.375, 1.5, 0.6 ],
					"faces": {
						"north": { "texture": "#material", "uv": [ 53.0, 46.0, 57.5, 51.5 ], "autoUv": false },
						"east": { "texture": "#material", "uv": [ 58.0, 46.0, 61.0, 51.5 ], "autoUv": false },
						"south": { "texture": "#material", "uv": [ 53.0, 51.5, 57.5, 57.0 ], "autoUv": false },
						"west": { "texture": "#material", "uv": [ 53.0, 53.0, 56.0, 58.5 ], "autoUv": false },
						"up": { "texture": "#material", "uv": [ 58.0, 51.5, 62.5, 54.5 ], "autoUv": false },
						"down": { "texture": "#material", "uv": [ 55.5, 51.0, 60.0, 54.0 ], "autoUv": false }
					}
				}
			]
		},
		{
			"name": "ArmorCoatL",
			"stepParentName": "UpperFootL",
			"from": [ -0.675, 0.9, 0.0375 ],
			"to": [ 3.675, 5.4, 3.0375 ],
			"autoUnwrap": false,
			"uv": [ 0.0, 30.0 ],
			"rotationOrigin": [ -0.675, 0.9, -0.075 ],
			"faces": {
				"north": { "texture": "#material", "uv": [ 0.0, 34.0, 5.5, 40.0 ], "autoUv": false },
				"east": { "texture": "#material", "uv": [ 15.0, 34.0, 19.0, 40.0 ], "autoUv": false },
				"south": { "texture": "#material", "uv": [ 9.5, 34.0, 15.0, 40.0 ], "autoUv": false },
				"west": { "texture": "#material", "uv": [ 5.5, 34.0, 9.5, 40.0 ], "autoUv": false },
				"up": { "texture": "#material", "uv": [ 0.0, 30.0, 5.5, 34.0 ], "autoUv": false },
				"down": { "texture": "#material", "uv": [ 5.5, 30.0, 11.0, 34.0 ], "autoUv": false }
			},
			"children": [
				{
					"name": "ArmorLegCoverL",
					"from": [ 0.375, 1.5, -0.075 ],
					"to": [ 3.975, 5.925, 2.475 ],
					"autoUnwrap": false,
					"uv": [ 41.5, 27.0 ],
					"rotationOrigin": [ 0.375, 1.5, -0.075 ],
					"faces": {
						"north": { "texture": "#material", "uv": [ 59.0, 53.0, 63.5, 58.5 ], "autoUv": false },
						"east": { "texture": "#material", "uv": [ 56.5, 53.0, 59.5, 58.5 ], "autoUv": false },
						"south": { "texture": "#material", "uv": [ 59.0, 46.0, 63.5, 51.5 ], "autoUv": false },
						"west": { "texture": "#material", "uv": [ 60.5, 49.0, 63.5, 54.5 ], "autoUv": false },
						"up": { "texture": "#material", "uv": [ 56.0, 50.5, 60.5, 53.5 ], "autoUv": false },
						"down": { "texture": "#material", "uv": [ 56.5, 46.5, 61.0, 49.5 ], "autoUv": false }
					}
				}
			]
		}
	]}