{
	"editor": {
		"backDropShape": "entity/humanoid/seraph-hairless",
		"allAngles": true,
		"entityTextureMode": true
	},
	"textureWidth": 64,
	"textureHeight": 64,
	"textureSizes": {
	},
	"textures": {
	},
	"elements": [
		{
			"name": "ArmorHelmet",
			"stepParentName": "Head",
			"from": [ -0.15, -0.375, -0.45 ],
			"to": [ 4.425, 4.125, 4.275 ],
			"unwrapMode": 4,
			"uv": [ 27.0, 14.5 ],
			"rotationOrigin": [ -0.15, -0.375, -0.45 ],
			"faces": {
				"north": { "texture": "#silver", "uv": [ 27.0, 20.5, 33.0, 26.5 ], "autoUv": false },
				"east": { "texture": "#silver", "uv": [ 45.0, 20.5, 51.0, 26.5 ], "autoUv": false },
				"south": { "texture": "#silver", "uv": [ 39.0, 20.5, 45.0, 26.5 ], "autoUv": false },
				"west": { "texture": "#silver", "uv": [ 33.0, 20.5, 39.0, 26.5 ], "autoUv": false },
				"up": { "texture": "#silver", "uv": [ 33.0, 14.5, 39.0, 20.5 ], "rotation": 90, "autoUv": false },
				"down": { "texture": "#silver", "uv": [ 33.0, 26.5, 39.0, 32.5 ], "rotation": 90, "autoUv": false }
			},
			"children": [
				{
					"name": "ArmorHelmetFront",
					"from": [ -1.275, 0.5325, 1.05 ],
					"to": [ 2.1, 4.2825, 4.275 ],
					"autoUnwrap": false,
					"uv": [ 48.5, 26.0 ],
					"rotationOrigin": [ 0.0, 0.975, 2.4 ],
					"rotationY": 45.0,
					"faces": {
						"north": { "texture": "#silver", "uv": [ 33.5, 21.5, 38.0, 26.5 ], "autoUv": false },
						"south": { "texture": "#silver", "uv": [ 38.0, 20.5, 42.5, 25.5 ], "autoUv": false },
						"west": { "texture": "#silver", "uv": [ 34.0, 21.5, 38.0, 26.5 ], "autoUv": false },
						"up": { "texture": "#silver", "uv": [ 33.0, 14.5, 37.5, 18.5 ], "autoUv": false },
						"down": { "texture": "#silver", "uv": [ 34.5, 14.5, 39.0, 18.5 ], "autoUv": false }
					}
				},
				{
					"name": "FaceplateR",
					"from": [ 2.25, 1.5, -0.375 ],
					"to": [ 3.75, 3.0, 0.0 ],
					"autoUnwrap": false,
					"uv": [ 27.0, 8.0 ],
					"rotationOrigin": [ 2.25, 1.5, -0.45 ],
					"rotationZ": 45.0,
					"faces": {
						"north": { "texture": "#silver", "uv": [ 41.5, 8.0, 43.5, 10.0 ], "autoUv": false },
						"east": { "texture": "#silver", "uv": [ 42.0, 3.0, 42.5, 5.0 ], "autoUv": false },
						"west": { "texture": "#silver", "uv": [ 42.5, 3.0, 43.0, 5.0 ], "autoUv": false },
						"up": { "texture": "#silver", "uv": [ 41.5, 1.0, 43.5, 1.5 ], "autoUv": false },
						"down": { "texture": "#silver", "uv": [ 41.5, 1.5, 43.5, 2.0 ], "autoUv": false }
					},
					"children": [
						{
							"name": "Plume1R",
							"from": [ 1.575, 0.075, 0.075 ],
							"to": [ 6.075, 0.825, 0.45 ],
							"autoUnwrap": false,
							"uv": [ 50.5, 47.5 ],
							"rotationOrigin": [ 1.5, 0.0, 0.0 ],
							"rotationY": 5.0,
							"faces": {
								"north": { "texture": "#silver", "uv": [ 54.0, 50.0, 60.0, 51.0 ], "autoUv": false },
								"east": { "texture": "#silver", "uv": [ 56.5, 48.0, 57.0, 49.0 ], "autoUv": false },
								"south": { "texture": "#silver", "uv": [ 57.0, 48.0, 63.0, 49.0 ], "autoUv": false },
								"up": { "texture": "#silver", "uv": [ 56.0, 53.5, 62.0, 54.0 ], "autoUv": false },
								"down": { "texture": "#silver", "uv": [ 56.5, 47.5, 62.5, 48.0 ], "autoUv": false }
							}
						},
						{
							"name": "Plume2R",
							"from": [ 1.05, 0.075, 0.225 ],
							"to": [ 4.8, 0.825, 0.6 ],
							"autoUnwrap": false,
							"uv": [ 0.0, 0.0 ],
							"rotationOrigin": [ 1.5, 0.0, 0.0 ],
							"rotationY": 7.0,
							"rotationZ": -17.0,
							"faces": {
								"north": { "texture": "#silver", "uv": [ 54.0, 50.0, 59.0, 51.0 ], "autoUv": false },
								"east": { "texture": "#silver", "uv": [ 56.5, 48.0, 57.0, 49.0 ], "autoUv": false },
								"south": { "texture": "#silver", "uv": [ 57.0, 48.0, 62.0, 49.0 ], "autoUv": false },
								"up": { "texture": "#silver", "uv": [ 56.0, 53.5, 61.0, 54.0 ], "autoUv": false }
							}
						},
						{
							"name": "Plume3R",
							"from": [ 1.05, 0.075, 0.225 ],
							"to": [ 4.8, 0.825, 0.6 ],
							"autoUnwrap": false,
							"uv": [ 0.0, 0.0 ],
							"rotationOrigin": [ 1.125, 0.0, 0.9 ],
							"rotationY": 8.0,
							"rotationZ": -30.0,
							"faces": {
								"north": { "texture": "#silver", "uv": [ 54.0, 50.0, 59.0, 51.0 ], "autoUv": false },
								"east": { "texture": "#silver", "uv": [ 56.5, 48.0, 57.0, 49.0 ], "autoUv": false },
								"south": { "texture": "#silver", "uv": [ 57.0, 48.0, 62.0, 49.0 ], "autoUv": false },
								"up": { "texture": "#silver", "uv": [ 56.0, 53.5, 61.0, 54.0 ], "autoUv": false }
							}
						}
					]
				},
				{
					"name": "FaceplateL",
					"from": [ 2.25, 1.5, 4.725 ],
					"to": [ 3.75, 3.0, 5.1 ],
					"autoUnwrap": false,
					"uv": [ 33.0, 8.0 ],
					"rotationOrigin": [ 2.25, 1.5, 4.8 ],
					"rotationZ": 45.0,
					"faces": {
						"east": { "texture": "#silver", "uv": [ 41.5, 3.0, 42.0, 5.0 ], "autoUv": false },
						"south": { "texture": "#silver", "uv": [ 41.5, 6.0, 43.5, 8.0 ], "autoUv": false },
						"west": { "texture": "#silver", "uv": [ 43.0, 3.0, 43.5, 5.0 ], "autoUv": false },
						"up": { "texture": "#silver", "uv": [ 41.5, 2.5, 43.5, 3.0 ], "autoUv": false },
						"down": { "texture": "#silver", "uv": [ 41.5, 2.0, 43.5, 2.5 ], "autoUv": false }
					},
					"children": [
						{
							"name": "Plume1L",
							"from": [ 1.425, 0.075, 0.0 ],
							"to": [ 5.925, 0.825, 0.375 ],
							"autoUnwrap": false,
							"uv": [ 0.0, 0.0 ],
							"rotationOrigin": [ 1.5, 0.0, 0.15 ],
							"rotationY": -5.0,
							"faces": {
								"north": { "texture": "#silver", "uv": [ 54.0, 50.0, 60.0, 51.0 ], "autoUv": false },
								"east": { "texture": "#silver", "uv": [ 56.5, 48.0, 57.0, 49.0 ], "autoUv": false },
								"south": { "texture": "#silver", "uv": [ 57.0, 48.0, 63.0, 49.0 ], "autoUv": false },
								"up": { "texture": "#silver", "uv": [ 56.0, 53.5, 62.0, 54.0 ], "autoUv": false },
								"down": { "texture": "#silver", "uv": [ 56.5, 47.5, 62.5, 48.0 ], "autoUv": false }
							}
						},
						{
							"name": "Plume2L",
							"from": [ 1.05, 0.075, 0.0 ],
							"to": [ 4.8, 0.825, 0.375 ],
							"autoUnwrap": false,
							"uv": [ 0.0, 0.0 ],
							"rotationOrigin": [ 1.5, 0.0, 0.15 ],
							"rotationY": -7.0,
							"rotationZ": -17.0,
							"faces": {
								"north": { "texture": "#silver", "uv": [ 54.0, 50.0, 59.0, 51.0 ], "autoUv": false },
								"east": { "texture": "#silver", "uv": [ 56.5, 48.0, 57.0, 49.0 ], "autoUv": false },
								"south": { "texture": "#silver", "uv": [ 57.0, 48.0, 62.0, 49.0 ], "autoUv": false },
								"up": { "texture": "#silver", "uv": [ 56.0, 53.5, 61.0, 54.0 ], "autoUv": false },
								"down": { "texture": "#silver", "uv": [ 56.5, 47.5, 61.5, 48.0 ], "autoUv": false }
							}
						},
						{
							"name": "Plume3L",
							"from": [ 1.05, 0.075, 0.0 ],
							"to": [ 4.8, 0.825, 0.375 ],
							"autoUnwrap": false,
							"uv": [ 0.0, 0.0 ],
							"rotationOrigin": [ 1.05, 0.0, 0.0 ],
							"rotationY": -8.0,
							"rotationZ": -30.0,
							"faces": {
								"north": { "texture": "#silver", "uv": [ 54.0, 50.0, 59.0, 51.0 ], "autoUv": false },
								"east": { "texture": "#silver", "uv": [ 56.5, 48.0, 57.0, 49.0 ], "autoUv": false },
								"south": { "texture": "#silver", "uv": [ 57.0, 48.0, 62.0, 49.0 ], "autoUv": false },
								"up": { "texture": "#silver", "uv": [ 56.0, 53.5, 61.0, 54.0 ], "autoUv": false },
								"down": { "texture": "#silver", "uv": [ 56.5, 47.5, 61.5, 48.0 ], "autoUv": false }
							}
						}
					]
				}
			]
		},
		{
			"name": "ArmorNeck",
			"stepParentName": "Neck",
			"from": [ -0.225, 0.45, -0.225 ],
			"to": [ 2.475, 1.8, 2.475 ],
			"unwrapMode": 4,
			"uv": [ 12.0, 5.5 ],
			"rotationOrigin": [ -0.225, 1.95, -0.225 ],
			"faces": {
				"north": { "texture": "#silver", "uv": [ 12.0, 5.5, 15.5, 7.0 ], "autoUv": false },
				"east": { "texture": "#silver", "uv": [ 22.5, 5.5, 26.0, 7.0 ], "autoUv": false },
				"south": { "texture": "#silver", "uv": [ 19.0, 5.5, 22.5, 7.0 ], "autoUv": false },
				"west": { "texture": "#silver", "uv": [ 15.5, 5.5, 19.0, 7.0 ], "autoUv": false }
			}
		}
	]}