{
	"editor": {
		"backDropShape": "entity/humanoid/seraph",
		"allAngles": true,
		"entityTextureMode": true
	},
	"textureWidth": 64,
	"textureHeight": 64,
	"textureSizes": {
	},
	"textures": {
	},
	"elements": [
		{
			"name": "ArmorHelmet",
			"stepParentName": "Head",
			"from": [ -0.15, -0.375, -0.45 ],
			"to": [ 4.425, 4.125, 4.275 ],
			"unwrapMode": 4,
			"uv": [ 27.0, 14.5 ],
			"rotationOrigin": [ -0.15, -0.375, -0.45 ],
			"faces": {
				"north": { "texture": "#material", "uv": [ 27.0, 20.5, 33.0, 26.5 ], "autoUv": false },
				"east": { "texture": "#material", "uv": [ 45.0, 20.5, 51.0, 26.5 ], "autoUv": false },
				"south": { "texture": "#material", "uv": [ 39.0, 20.5, 45.0, 26.5 ], "autoUv": false },
				"west": { "texture": "#material", "uv": [ 33.0, 20.5, 39.0, 26.5 ], "autoUv": false },
				"up": { "texture": "#material", "uv": [ 33.0, 14.5, 39.0, 20.5 ], "rotation": 90, "autoUv": false },
				"down": { "texture": "#material", "uv": [ 33.0, 26.5, 39.0, 32.5 ], "rotation": 90, "autoUv": false }
			},
			"children": [
				{
					"name": "ArmorHelmetTop",
					"from": [ 0.375, 4.5, 0.375 ],
					"to": [ 4.2, 4.875, 4.35 ],
					"autoUnwrap": false,
					"uv": [ 41.0, 28.5 ],
					"rotationOrigin": [ 0.375, 4.5, 0.375 ],
					"faces": {
						"north": { "texture": "#material", "uv": [ 45.0, 21.0, 50.0, 21.5 ], "autoUv": false },
						"east": { "texture": "#material", "uv": [ 46.0, 20.5, 51.0, 21.0 ], "autoUv": false },
						"south": { "texture": "#material", "uv": [ 45.5, 25.5, 50.5, 26.0 ], "autoUv": false },
						"west": { "texture": "#material", "uv": [ 33.5, 15.0, 38.5, 15.5 ], "autoUv": false },
						"up": { "texture": "#material", "uv": [ 45.5, 21.0, 50.5, 26.0 ], "autoUv": false }
					}
				},
				{
					"name": "ArmorHelmetFront",
					"from": [ -0.375, 0.0, 0.75 ],
					"to": [ 0.0, 4.5, 3.975 ],
					"autoUnwrap": false,
					"uv": [ 48.5, 26.0 ],
					"rotationOrigin": [ -0.375, 0.0, 0.75 ],
					"faces": {
						"north": { "texture": "#material", "uv": [ 33.5, 20.5, 34.0, 26.5 ], "autoUv": false },
						"south": { "texture": "#material", "uv": [ 38.0, 20.5, 38.5, 26.5 ], "autoUv": false },
						"west": { "texture": "#material", "uv": [ 34.0, 20.5, 38.0, 26.5 ], "autoUv": false },
						"up": { "texture": "#material", "uv": [ 38.5, 28.0, 39.0, 32.0 ], "autoUv": false },
						"down": { "texture": "#material", "uv": [ 33.0, 28.0, 33.5, 32.0 ], "autoUv": false }
					}
				}
			]
		},
		{
			"name": "ArmorNeck",
			"stepParentName": "Neck",
			"from": [ -0.225, 0.45, -0.225 ],
			"to": [ 2.475, 1.8, 2.475 ],
			"unwrapMode": 4,
			"uv": [ 12.0, 5.5 ],
			"rotationOrigin": [ -0.225, 1.95, -0.225 ],
			"faces": {
				"north": { "texture": "#material", "uv": [ 12.0, 5.5, 15.5, 7.0 ], "autoUv": false },
				"east": { "texture": "#material", "uv": [ 22.5, 5.5, 26.0, 7.0 ], "autoUv": false },
				"south": { "texture": "#material", "uv": [ 19.0, 5.5, 22.5, 7.0 ], "autoUv": false },
				"west": { "texture": "#material", "uv": [ 15.5, 5.5, 19.0, 7.0 ], "autoUv": false }
			}
		}
	]}