{
	"editor": {
		"backDropShape": "entity/humanoid/seraph-hairless",
		"allAngles": true,
		"entityTextureMode": true
	},
	"textureWidth": 64,
	"textureHeight": 64,
	"textureSizes": {
	},
	"textures": {
	},
	"elements": [
		{
			"name": "ArmorHelmet",
			"stepParentName": "Head",
			"from": [ -0.15, -0.375, -0.45 ],
			"to": [ 4.425, 4.125, 4.275 ],
			"unwrapMode": 4,
			"uv": [ 27.0, 14.5 ],
			"rotationOrigin": [ -0.15, -0.375, -0.45 ],
			"faces": {
				"north": { "texture": "#meteoric", "uv": [ 27.0, 20.5, 33.0, 26.5 ], "autoUv": false },
				"east": { "texture": "#meteoric", "uv": [ 45.0, 20.5, 51.0, 26.5 ], "autoUv": false },
				"south": { "texture": "#meteoric", "uv": [ 39.0, 20.5, 45.0, 26.5 ], "autoUv": false },
				"west": { "texture": "#meteoric", "uv": [ 33.0, 20.5, 39.0, 26.5 ], "autoUv": false },
				"up": { "texture": "#meteoric", "uv": [ 33.0, 14.5, 39.0, 20.5 ], "rotation": 90, "autoUv": false },
				"down": { "texture": "#meteoric", "uv": [ 33.0, 26.5, 39.0, 32.5 ], "rotation": 90, "autoUv": false }
			},
			"children": [
				{
					"name": "ArmorFace",
					"from": [ -1.125, 0.3, 0.075 ],
					"to": [ 1.125, 2.55, 4.575 ],
					"autoUnwrap": false,
					"uv": [ 47.5, 25.0 ],
					"rotationOrigin": [ 0.0, 1.425, 2.325 ],
					"rotationZ": 45.0,
					"faces": {
						"north": { "texture": "#meteoric", "uv": [ 31.0, 9.0, 34.0, 12.0 ], "autoUv": false },
						"south": { "texture": "#meteoric", "uv": [ 40.0, 9.0, 43.0, 12.0 ], "autoUv": false },
						"west": { "texture": "#meteoric", "uv": [ 34.0, 10.5, 40.0, 13.5 ], "autoUv": false },
						"up": { "texture": "#meteoric", "uv": [ 34.0, 7.5, 40.0, 10.5 ], "rotation": 90, "autoUv": false }
					},
					"children": [
						{
							"name": "ArmorNasal",
							"from": [ 0.75, 2.25, 1.875 ],
							"to": [ 3.0, 2.625, 2.625 ],
							"uv": [ 39.5, 27.0 ],
							"rotationOrigin": [ 0.75, 2.25, 2.25 ],
							"faces": {
								"north": { "texture": "#meteoric", "uv": [ 39.5, 28.0, 42.5, 28.5 ], "autoUv": false },
								"south": { "texture": "#meteoric", "uv": [ 42.5, 28.0, 45.5, 28.5 ], "autoUv": false },
								"west": { "texture": "#meteoric", "uv": [ 45.5, 28.0, 46.5, 28.5 ], "autoUv": false },
								"up": { "texture": "#meteoric", "uv": [ 39.5, 27.0, 42.5, 28.0 ], "autoUv": false }
							}
						}
					]
				}
			]
		},
		{
			"name": "ArmorNeck",
			"stepParentName": "Neck",
			"from": [ -0.225, 0.45, -0.225 ],
			"to": [ 2.475, 1.8, 2.475 ],
			"unwrapMode": 4,
			"uv": [ 12.0, 5.5 ],
			"rotationOrigin": [ -0.225, 1.95, -0.225 ],
			"faces": {
				"north": { "texture": "#meteoric", "uv": [ 12.0, 5.5, 15.5, 7.0 ], "autoUv": false },
				"east": { "texture": "#meteoric", "uv": [ 22.5, 5.5, 26.0, 7.0 ], "autoUv": false },
				"south": { "texture": "#meteoric", "uv": [ 19.0, 5.5, 22.5, 7.0 ], "autoUv": false },
				"west": { "texture": "#meteoric", "uv": [ 15.5, 5.5, 19.0, 7.0 ], "autoUv": false }
			}
		}
	]}