{
	"editor": {
		"backDropShape": "entity/humanoid/seraph",
		"allAngles": true,
		"entityTextureMode": true
	},
	"textureWidth": 64,
	"textureHeight": 64,
	"textureSizes": {
	},
	"textures": {
	},
	"elements": [
		{
			"name": "ArmorUpperLegR",
			"stepParentName": "UpperFootR",
			"from": [ -0.1425, -0.375, -0.075 ],
			"to": [ 3.3075, 7.125, 2.775 ],
			"autoUnwrap": false,
			"uv": [ 17.5, 40.5 ],
			"rotationOrigin": [ -0.15, -0.375, -0.075 ],
			"faces": {
				"north": { "texture": "#material", "uv": [ 16.0, 40.0, 20.5, 50.0 ], "autoUv": false },
				"east": { "texture": "#material", "uv": [ 20.5, 40.0, 24.0, 50.0 ], "autoUv": false },
				"south": { "texture": "#material", "uv": [ 24.0, 40.0, 28.5, 50.0 ], "autoUv": false },
				"west": { "texture": "#material", "uv": [ 28.5, 40.0, 32.0, 50.0 ], "autoUv": false },
				"up": { "texture": "#material", "uv": [ 32.0, 4.0, 36.5, 7.5 ], "autoUv": false },
				"down": { "texture": "#material", "uv": [ 36.5, 4.0, 41.0, 7.5 ], "autoUv": false }
			}
		},
		{
			"name": "ArmorUpperLegL",
			"stepParentName": "UpperFootL",
			"from": [ -0.1425, -0.375, -0.375 ],
			"to": [ 3.3075, 7.125, 2.475 ],
			"autoUnwrap": false,
			"uv": [ 0.0, 40.0 ],
			"rotationOrigin": [ -0.15, -0.375, -0.375 ],
			"faces": {
				"north": { "texture": "#material", "uv": [ 0.0, 40.0, 4.5, 50.0 ], "autoUv": false },
				"east": { "texture": "#material", "uv": [ 4.5, 40.0, 8.0, 50.0 ], "autoUv": false },
				"south": { "texture": "#material", "uv": [ 8.0, 40.0, 12.5, 50.0 ], "autoUv": false },
				"west": { "texture": "#material", "uv": [ 12.5, 40.0, 16.0, 50.0 ], "autoUv": false },
				"up": { "texture": "#material", "uv": [ 32.0, 0.5, 36.5, 4.0 ], "autoUv": false },
				"down": { "texture": "#material", "uv": [ 36.5, 0.5, 41.0, 4.0 ], "autoUv": false }
			}
		},
		{
			"name": "ArmorLowerLegR",
			"stepParentName": "LowerFootR",
			"from": [ -0.1875, -0.15, -0.1875 ],
			"to": [ 3.1875, 6.975, 2.4375 ],
			"uv": [ 16.0, 51.0 ],
			"rotationOrigin": [ -0.1875, -0.15, -0.1875 ],
			"faces": {
				"north": { "texture": "#material", "uv": [ 16.0, 54.5, 20.5, 64.0 ], "autoUv": false },
				"east": { "texture": "#material", "uv": [ 20.5, 54.5, 24.0, 64.0 ], "autoUv": false },
				"south": { "texture": "#material", "uv": [ 24.0, 54.5, 28.5, 64.0 ], "autoUv": false },
				"west": { "texture": "#material", "uv": [ 28.5, 54.5, 32.0, 64.0 ], "autoUv": false },
				"up": { "texture": "#material", "uv": [ 16.0, 51.0, 20.5, 54.5 ], "autoUv": false },
				"down": { "texture": "#material", "uv": [ 20.5, 51.0, 25.0, 54.5 ], "autoUv": false }
			},
			"children": [
				{
					"name": "ArmorKneeSideR",
					"from": [ 1.125, 5.25, -0.375 ],
					"to": [ 4.125, 8.25, 0.0 ],
					"unwrapMode": 1,
					"uv": [ 22.0, 0.0 ],
					"rotationOrigin": [ 1.125, 5.25, -0.375 ],
					"faces": {
						"north": { "texture": "#material", "uv": [ 22.5, 0.5, 26.5, 4.5 ], "autoUv": false },
						"east": { "texture": "#material", "uv": [ 22.0, 0.5, 22.5, 4.5 ], "autoUv": false },
						"south": { "texture": "#material", "uv": [ 27.0, 0.5, 31.0, 4.5 ], "autoUv": false },
						"west": { "texture": "#material", "uv": [ 26.5, 0.5, 27.0, 4.5 ], "autoUv": false },
						"up": { "texture": "#material", "uv": [ 22.5, 0.0, 26.5, 0.5 ], "rotation": 180, "autoUv": false },
						"down": { "texture": "#material", "uv": [ 22.5, 4.5, 26.5, 5.0 ], "autoUv": false }
					}
				},
				{
					"name": "ArmorKneeR",
					"from": [ -0.225, 6.375, -0.225 ],
					"to": [ 1.275, 8.85, 2.775 ],
					"unwrapMode": 4,
					"uv": [ 44.0, 57.0 ],
					"rotationOrigin": [ -0.225, 6.375, -0.225 ],
					"faces": {
						"north": { "texture": "#material", "uv": [ 44.0, 59.0, 46.0, 62.0 ], "autoUv": false },
						"east": { "texture": "#material", "uv": [ 52.0, 59.0, 56.0, 62.0 ], "autoUv": false },
						"south": { "texture": "#material", "uv": [ 50.0, 59.0, 52.0, 62.0 ], "autoUv": false },
						"west": { "texture": "#material", "uv": [ 46.0, 59.0, 50.0, 62.0 ], "autoUv": false },
						"up": { "texture": "#material", "uv": [ 46.0, 57.0, 50.0, 59.0 ], "rotation": 90, "autoUv": false },
						"down": { "texture": "#material", "uv": [ 46.0, 62.0, 50.0, 64.0 ], "rotation": 90, "autoUv": false }
					}
				}
			]
		},
		{
			"name": "ArmorLowerLegL",
			"stepParentName": "LowerFootL",
			"from": [ -0.1875, -0.15, -0.1875 ],
			"to": [ 3.1875, 6.975, 2.4375 ],
			"uv": [ 0.0, 51.0 ],
			"rotationOrigin": [ -0.1875, -0.15, -0.1875 ],
			"faces": {
				"north": { "texture": "#material", "uv": [ 0.0, 54.5, 4.5, 64.0 ], "autoUv": false },
				"east": { "texture": "#material", "uv": [ 4.5, 54.5, 8.0, 64.0 ], "autoUv": false },
				"south": { "texture": "#material", "uv": [ 8.0, 54.5, 12.5, 64.0 ], "autoUv": false },
				"west": { "texture": "#material", "uv": [ 12.5, 54.5, 16.0, 64.0 ], "autoUv": false },
				"up": { "texture": "#material", "uv": [ 0.0, 51.0, 4.5, 54.5 ], "autoUv": false },
				"down": { "texture": "#material", "uv": [ 4.5, 51.0, 9.0, 54.5 ], "autoUv": false }
			},
			"children": [
				{
					"name": "ArmorKneeSideL",
					"from": [ 1.125, 5.25, 2.625 ],
					"to": [ 4.125, 8.25, 3.0 ],
					"unwrapMode": 3,
					"uv": [ 12.5, 0.0 ],
					"rotationOrigin": [ 1.125, 5.25, 2.625 ],
					"faces": {
						"north": { "texture": "#material", "uv": [ 17.5, 0.5, 21.5, 4.5 ], "autoUv": false },
						"east": { "texture": "#material", "uv": [ 17.0, 0.5, 17.5, 4.5 ], "autoUv": false },
						"south": { "texture": "#material", "uv": [ 13.0, 0.5, 17.0, 4.5 ], "autoUv": false },
						"west": { "texture": "#material", "uv": [ 12.5, 0.5, 13.0, 4.5 ], "autoUv": false },
						"up": { "texture": "#material", "uv": [ 13.0, 0.0, 17.0, 0.5 ], "autoUv": false },
						"down": { "texture": "#material", "uv": [ 13.0, 4.5, 17.0, 5.0 ], "rotation": 180, "autoUv": false }
					}
				},
				{
					"name": "ArmorKneeL",
					"from": [ -0.225, 6.375, -0.225 ],
					"to": [ 1.275, 8.85, 2.775 ],
					"unwrapMode": 4,
					"uv": [ 32.0, 57.0 ],
					"rotationOrigin": [ -0.225, 6.375, -0.225 ],
					"faces": {
						"north": { "texture": "#material", "uv": [ 32.0, 59.0, 34.0, 62.0 ], "autoUv": false },
						"east": { "texture": "#material", "uv": [ 40.0, 59.0, 44.0, 62.0 ], "autoUv": false },
						"south": { "texture": "#material", "uv": [ 38.0, 59.0, 40.0, 62.0 ], "autoUv": false },
						"west": { "texture": "#material", "uv": [ 34.0, 59.0, 38.0, 62.0 ], "autoUv": false },
						"up": { "texture": "#material", "uv": [ 34.0, 57.0, 38.0, 59.0 ], "rotation": 90, "autoUv": false },
						"down": { "texture": "#material", "uv": [ 34.0, 62.0, 38.0, 64.0 ], "rotation": 90, "autoUv": false }
					}
				}
			]
		}
	]}