{
    "editor": {
        "backDropShape": "shapes/entity/humanoid/seraph",
        "allAngles": true,
        "entityTextureMode": true
    },
    "textureWidth": 64,
    "textureHeight": 64,
    "textureSizes": {},
    "textures": {
        "material": "entity/humanoid/serapharmor/sewn/leather"
    },
    "elements": [
        {
            "name": "ArmorHelmet",
            "stepParentName": "Head",
            "from": [
                0.1,
                1.8,
                -0.6
            ],
            "to": [
                6.6,
                5.8,
                5.7
            ],
            "unwrapMode": 5,
            "uv": [
                34,
                0.5
            ],
            "rotationOrigin": [
                0.1,
                1.8,
                -0.6
            ],
            "faces": {
                "north": {
                    "texture": "#material",
                    "uv": [
                        38,
                        0.5,
                        44.5,
                        4.5
                    ],
                    "rotation": 180
                },
                "east": {
                    "texture": "#material",
                    "uv": [
                        44.5,
                        4.5,
                        48.5,
                        10.5
                    ],
                    "rotation": 90
                },
                "south": {
                    "texture": "#material",
                    "uv": [
                        38,
                        10.5,
                        44.5,
                        14.5
                    ]
                },
                "west": {
                    "texture": "#material",
                    "uv": [
                        34,
                        4.5,
                        38,
                        10.5
                    ],
                    "rotation": 270
                },
                "up": {
                    "texture": "#material",
                    "uv": [
                        38,
                        4.5,
                        44.5,
                        10.5
                    ]
                },
                "down": {
                    "texture": "#material",
                    "uv": [
                        48.5,
                        4.5,
                        55,
                        10.5
                    ]
                }
            },
            "children": [
                {
                    "name": "ArmorHelmetstrap",
                    "from": [
                        1,
                        -3,
                        0.2
                    ],
                    "to": [
                        2,
                        0,
                        6.1
                    ],
                    "uv": [
                        46.5,
                        19.5
                    ],
                    "rotationOrigin": [
                        1,
                        -3,
                        0.2
                    ],
                    "faces": {
                        "north": {
                            "texture": "#material",
                            "uv": [
                                46.5,
                                25,
                                49.5,
                                26
                            ],
                            "rotation": 270
                        },
                        "east": {
                            "texture": "#material",
                            "uv": [
                                49.5,
                                25,
                                55,
                                27
                            ],
                            "autoUv": false
                        },
                        "south": {
                            "texture": "#material",
                            "uv": [
                                55,
                                25,
                                56,
                                27
                            ],
                            "autoUv": false
                        },
                        "west": {
                            "texture": "#material",
                            "uv": [
                                55,
                                25,
                                60.5,
                                27
                            ],
                            "autoUv": false
                        },
                        "down": {
                            "texture": "#material",
                            "uv": [
                                46.5,
                                19.5,
                                47.5,
                                25
                            ]
                        }
                    },
                    "autoUnwrap": false
                },
                {
                    "name": "ArmorHelmetFront",
                    "from": [
                        -0.7,
                        1,
                        0
                    ],
                    "to": [
                        0,
                        4,
                        6.3
                    ],
                    "unwrapMode": 4,
                    "uv": [
                        45.5,
                        11
                    ],
                    "rotationOrigin": [
                        -0.5,
                        1,
                        0
                    ],
                    "faces": {
                        "north": {
                            "texture": "#material",
                            "uv": [
                                45.5,
                                11.5,
                                46,
                                14.5
                            ]
                        },
                        "south": {
                            "texture": "#material",
                            "uv": [
                                52,
                                11.5,
                                52.5,
                                14.5
                            ]
                        },
                        "west": {
                            "texture": "#material",
                            "uv": [
                                46,
                                11.5,
                                52,
                                14.5
                            ]
                        },
                        "up": {
                            "texture": "#material",
                            "uv": [
                                46,
                                11,
                                52,
                                11.5
                            ],
                            "rotation": 90
                        },
                        "down": {
                            "texture": "#material",
                            "uv": [
                                46,
                                14.5,
                                52,
                                15
                            ],
                            "rotation": 90
                        }
                    }
                }
            ]
        }
    ]
}