﻿{
  "code": "keymoldpre",
  "class": "Block",
  "behaviorsByType": {
    "*": [
      {
        "name": "GroundStorable",
        "properties": { "layout": "SingleCenter" }
      },
      {
        "name": "Unplaceable",
        "__comment": "The ground storable obsoletes this being a block. Should be an item, but is kept a block for backwards compatibility"
      },
      { "name": "RightClickPickup" },
      { "name": "Lockable" },
      { "name": "UnstableFalling" }
    ]
  },
  "shape": { "base": "thievery:keymoldpre" },
  "attributes": {
    "reinforcable": true,
    "shatteredShape": { "base": "game:block/clay/mold/shattered-ingot" }
  },
  "blockmaterial": "Ceramic",
  "creativeinventory": {
    "general": ["*"],
    "construction": ["*"]
  },
  "replaceable": 700,
  "resistance": 2,
  "maxStackSize": 1,
  "lightAbsorption": 0,
  "textures": {
      "floor": { "base": "game:block/clay/blueclay" },
      "other": { "base": "game:block/clay/blueclay" }
  },
  "sounds": {
    "walk": "walk/stone"
  },
  "collisionbox": {
    "x1": 0,
    "y1": 0,
    "z1": 0,
    "x2": 1,
    "y2": 0.1875,
    "z2": 1
  },
  "selectionbox": {
    "x1": 0,
    "y1": 0,
    "z1": 0,
    "x2": 1,
    "y2": 0.1875,
    "z2": 1
  },
  "sideopaque": {
    "all": false
  },
  "sidesolid": {
    "all": false
  },
  "combustiblePropsByType": {
    "keymoldpre": {
      "meltingPoint": 650,
      "meltingDuration": 30,
      "smeltedRatio": 1,
      "smeltingType": "fire",
      "smeltedStack": { "type": "item", "code": "game:burnedbrick-gray" },
      "requiresContainer": false
    }
  },
  "guiTransform": {
    "rotation": { "x": -22.5937, "y": -45.2968, "z": 0 },
    "origin": { "x": 0.52, "y": 0.15, "z": 0.5299 },
    "scale": 2
  },
  "fpHandTransform": {
    "translation": { "x": 0, "y": 0, "z": 0 },
    "rotation": { "x": 15, "y": -38, "z": -2 },
    "origin": { "x": 0.5, "y": 0.2, "z": 0.5 }
  },
  "tpHandTransform": {
    "translation": { "x": -1.1, "y": -0.9, "z": -1.3 },
    "rotation": { "x": -80, "y": -81, "z": -1 },
    "scale": 0.5
  },
  "groundTransform": {
    "translation": { "x": 0, "y": 0, "z": 0 },
    "rotation": { "x": 0, "y": -45, "z": 0 },
    "origin": { "x": 0.5, "y": 0, "z": 0.5 },
    "scale": 2.2
  }
}
