{
	"editor": {
		"allAngles": false,
		"entityTextureMode": false
	},
	"textureWidth": 16,
	"textureHeight": 16,
	"textureSizes": {
	},
	"textures": {
		"dacrydiumcupressinum3": "block/wood/planks/dacrydiumcupressinum3"
	},
	"elements": [
		{
			"name": "Origin",
			"from": [ 6.0, 0.0, 7.0 ],
			"to": [ 9.0, 1.0, 10.0 ],
			"rotationOrigin": [ 6.0, 0.0, 7.0 ],
			"faces": {
				"north": { "texture": "#dacrydiumcupressinum3", "uv": [ 0.5, 2.5, 3.5, 3.5 ] },
				"east": { "texture": "#dacrydiumcupressinum3", "uv": [ 1.5, 2.0, 4.5, 3.0 ] },
				"south": { "texture": "#dacrydiumcupressinum3", "uv": [ 1.5, 3.5, 4.5, 4.5 ] },
				"west": { "texture": "#dacrydiumcupressinum3", "uv": [ 2.0, 2.5, 5.0, 3.5 ] },
				"up": { "texture": "#dacrydiumcupressinum3", "uv": [ 0.0, 1.0, 3.0, 4.0 ] },
				"down": { "texture": "#dacrydiumcupressinum3", "uv": [ 1.5, 1.5, 4.5, 4.5 ] }
			},
			"children": [
				{
					"name": "Cube2",
					"from": [ -1.0, 0.0, -1.0 ],
					"to": [ -0.5, 0.5, -0.5 ],
					"rotationOrigin": [ -1.0, 0.0, -1.0 ],
					"faces": {
						"north": { "texture": "#dacrydiumcupressinum3", "uv": [ 3.0, 2.0, 3.5, 2.5 ] },
						"east": { "texture": "#dacrydiumcupressinum3", "uv": [ 3.0, 3.5, 3.5, 4.0 ] },
						"south": { "texture": "#dacrydiumcupressinum3", "uv": [ 4.0, 3.5, 4.5, 4.0 ] },
						"west": { "texture": "#dacrydiumcupressinum3", "uv": [ 2.5, 3.0, 3.0, 3.5 ] },
						"up": { "texture": "#dacrydiumcupressinum3", "uv": [ 2.0, 3.5, 2.5, 4.0 ] },
						"down": { "texture": "#dacrydiumcupressinum3", "uv": [ 2.5, 2.0, 3.0, 2.5 ] }
					}
				},
				{
					"name": "Cube3",
					"from": [ -3.0, 0.0, 0.0 ],
					"to": [ -2.5, 0.5, 0.5 ],
					"rotationOrigin": [ -3.0, 0.0, 0.0 ],
					"faces": {
						"north": { "texture": "#dacrydiumcupressinum3", "uv": [ 3.5, 2.0, 4.0, 2.5 ] },
						"east": { "texture": "#dacrydiumcupressinum3", "uv": [ 3.5, 2.5, 4.0, 3.0 ] },
						"south": { "texture": "#dacrydiumcupressinum3", "uv": [ 3.5, 3.5, 4.0, 4.0 ] },
						"west": { "texture": "#dacrydiumcupressinum3", "uv": [ 4.5, 2.0, 5.0, 2.5 ] },
						"up": { "texture": "#dacrydiumcupressinum3", "uv": [ 3.5, 2.5, 4.0, 3.0 ] },
						"down": { "texture": "#dacrydiumcupressinum3", "uv": [ 3.0, 2.5, 3.5, 3.0 ] }
					}
				},
				{
					"name": "Cube4",
					"from": [ 0.5, 1.0, 0.5 ],
					"to": [ 2.5, 1.5, 2.5 ],
					"rotationOrigin": [ 0.5, 1.0, 0.5 ],
					"faces": {
						"north": { "texture": "#dacrydiumcupressinum3", "uv": [ 1.5, 1.5, 3.5, 2.0 ] },
						"east": { "texture": "#dacrydiumcupressinum3", "uv": [ 2.5, 2.5, 4.5, 3.0 ] },
						"south": { "texture": "#dacrydiumcupressinum3", "uv": [ 1.5, 3.0, 3.5, 3.5 ] },
						"west": { "texture": "#dacrydiumcupressinum3", "uv": [ 1.0, 2.0, 3.0, 2.5 ] },
						"up": { "texture": "#dacrydiumcupressinum3", "uv": [ 2.0, 2.0, 4.0, 4.0 ] },
						"down": { "texture": "#dacrydiumcupressinum3", "uv": [ 1.5, 1.5, 3.5, 3.5 ] }
					}
				},
				{
					"name": "Cube5",
					"from": [ -1.0, 0.0, 0.0 ],
					"to": [ 0.0, 0.5, 2.0 ],
					"rotationOrigin": [ -1.0, 0.0, 0.0 ],
					"faces": {
						"north": { "texture": "#dacrydiumcupressinum3", "uv": [ 3.0, 2.0, 4.0, 2.5 ] },
						"east": { "texture": "#dacrydiumcupressinum3", "uv": [ 3.0, 7.0, 5.0, 7.5 ] },
						"south": { "texture": "#dacrydiumcupressinum3", "uv": [ 3.5, 3.0, 4.5, 3.5 ] },
						"west": { "texture": "#dacrydiumcupressinum3", "uv": [ 2.5, 2.0, 4.5, 2.5 ] },
						"up": { "texture": "#dacrydiumcupressinum3", "uv": [ 3.5, 2.5, 4.5, 4.5 ] },
						"down": { "texture": "#dacrydiumcupressinum3", "uv": [ 2.5, 2.0, 3.5, 4.0 ] }
					}
				},
				{
					"name": "Cube6",
					"from": [ 0.5, 0.0, -1.0 ],
					"to": [ 2.5, 0.5, 0.0 ],
					"rotationOrigin": [ 0.5, 0.0, -1.0 ],
					"faces": {
						"north": { "texture": "#dacrydiumcupressinum3", "uv": [ 2.5, 3.0, 4.5, 3.5 ] },
						"east": { "texture": "#dacrydiumcupressinum3", "uv": [ 1.5, 3.0, 2.5, 3.5 ] },
						"south": { "texture": "#dacrydiumcupressinum3", "uv": [ 3.0, 3.5, 5.0, 4.0 ] },
						"west": { "texture": "#dacrydiumcupressinum3", "uv": [ 2.0, 2.0, 3.0, 2.5 ] },
						"up": { "texture": "#dacrydiumcupressinum3", "uv": [ 1.0, 3.0, 3.0, 4.0 ] },
						"down": { "texture": "#dacrydiumcupressinum3", "uv": [ 1.5, 3.0, 3.5, 4.0 ] }
					}
				},
				{
					"name": "Cube7",
					"from": [ 1.0, 0.0, -2.0 ],
					"to": [ 1.5, 0.5, -1.5 ],
					"rotationOrigin": [ 1.0, 0.0, -2.0 ],
					"faces": {
						"north": { "texture": "#dacrydiumcupressinum3", "uv": [ 2.5, 3.0, 3.0, 3.5 ] },
						"east": { "texture": "#dacrydiumcupressinum3", "uv": [ 2.0, 2.0, 2.5, 2.5 ] },
						"south": { "texture": "#dacrydiumcupressinum3", "uv": [ 2.5, 3.5, 3.0, 4.0 ] },
						"west": { "texture": "#dacrydiumcupressinum3", "uv": [ 2.5, 2.0, 3.0, 2.5 ] },
						"up": { "texture": "#dacrydiumcupressinum3", "uv": [ 2.0, 2.0, 2.5, 2.5 ] },
						"down": { "texture": "#dacrydiumcupressinum3", "uv": [ 2.0, 2.5, 2.5, 3.0 ] }
					}
				}
			]
		}
	]}