{
	"editor": {
		"allAngles": false,
		"entityTextureMode": false
	},
	"textureWidth": 8,
	"textureHeight": 16,
	"textureSizes": {
		"araucariaheterophylla": [8,16]
	},
	"textures": {
		"araucariaheterophylla": "item/resource/treeseeds/araucariaheterophylla"
	},
	"elements": [
		{
			"name": "Origin",
			"from": [ 8.0, 0.0, 8.0 ],
			"to": [ 8.0, 0.0, 8.0 ],
			"rotationOrigin": [ 8.0, 0.0, 8.0 ],
			"faces": {
			},
			"children": [
				{
					"name": "Bottom",
					"from": [ -2.0, 0.0, -2.0 ],
					"to": [ 2.0, 1.0, 2.0 ],
					"rotationOrigin": [ -2.0, 0.0, -2.0 ],
					"faces": {
						"north": { "texture": "#araucariaheterophylla", "uv": [ 0.0, 0.0, 4.0, 1.0 ] },
						"east": { "texture": "#araucariaheterophylla", "uv": [ 0.0, 0.0, 4.0, 1.0 ] },
						"south": { "texture": "#araucariaheterophylla", "uv": [ 0.0, 0.0, 4.0, 1.0 ] },
						"west": { "texture": "#araucariaheterophylla", "uv": [ 0.0, 0.0, 4.0, 1.0 ] },
						"down": { "texture": "#araucariaheterophylla", "uv": [ 0.0, 8.0, 4.0, 12.0 ], "windMode": [-1,-1,-1,-1] }
					},
					"children": [
						{
							"name": "Second bottom",
							"from": [ -1.0, 1.0, -1.0 ],
							"to": [ 5.0, 2.0, 5.0 ],
							"rotationOrigin": [ -1.0, 1.0, -1.0 ],
							"faces": {
								"north": { "texture": "#araucariaheterophylla", "uv": [ 0.0, 0.0, 6.0, 1.0 ] },
								"east": { "texture": "#araucariaheterophylla", "uv": [ 0.0, 0.0, 6.0, 1.0 ] },
								"south": { "texture": "#araucariaheterophylla", "uv": [ 0.0, 0.0, 6.0, 1.0 ] },
								"west": { "texture": "#araucariaheterophylla", "uv": [ 0.0, 0.0, 6.0, 1.0 ] },
								"down": { "texture": "#araucariaheterophylla", "uv": [ 1.0, 9.0, 7.0, 15.0 ], "windMode": [-1,-1,-1,-1] }
							},
							"children": [
								{
									"name": "Center",
									"from": [ -1.0, 1.0, -1.0 ],
									"to": [ 7.0, 7.0, 7.0 ],
									"rotationOrigin": [ -1.0, 1.0, -1.0 ],
									"faces": {
										"north": { "texture": "#araucariaheterophylla", "uv": [ 0.0, 0.0, 8.0, 6.0 ] },
										"east": { "texture": "#araucariaheterophylla", "uv": [ 0.0, 0.0, 8.0, 6.0 ] },
										"south": { "texture": "#araucariaheterophylla", "uv": [ 0.0, 0.0, 8.0, 6.0 ] },
										"west": { "texture": "#araucariaheterophylla", "uv": [ 0.0, 0.0, 8.0, 6.0 ] },
										"up": { "texture": "#araucariaheterophylla", "uv": [ 0.0, 8.0, 8.0, 16.0 ], "windMode": [-1,-1,-1,-1] },
										"down": { "texture": "#araucariaheterophylla", "uv": [ 0.0, 8.0, 8.0, 16.0 ], "windMode": [-1,-1,-1,-1] }
									},
									"children": [
										{
											"name": "Top",
											"from": [ 1.0, 6.0, 1.0 ],
											"to": [ 7.0, 7.0, 7.0 ],
											"rotationOrigin": [ 1.0, 6.0, 1.0 ],
											"faces": {
												"north": { "texture": "#araucariaheterophylla", "uv": [ 0.0, 0.0, 6.0, 1.0 ] },
												"east": { "texture": "#araucariaheterophylla", "uv": [ 0.0, 0.0, 6.0, 1.0 ] },
												"south": { "texture": "#araucariaheterophylla", "uv": [ 0.0, 0.0, 6.0, 1.0 ] },
												"west": { "texture": "#araucariaheterophylla", "uv": [ 0.0, 0.0, 6.0, 1.0 ] },
												"up": { "texture": "#araucariaheterophylla", "uv": [ 1.0, 9.0, 7.0, 15.0 ], "windMode": [-1,-1,-1,-1] }
											},
											"children": [
												{
													"name": "Top Tip",
													"from": [ 1.0, 1.0, 1.0 ],
													"to": [ 5.0, 1.8, 5.0 ],
													"rotationOrigin": [ 1.0, 1.0, 1.0 ],
													"faces": {
														"north": { "texture": "#araucariaheterophylla", "uv": [ 0.0, 0.0, 4.0, 0.5 ] },
														"east": { "texture": "#araucariaheterophylla", "uv": [ 0.0, 0.0, 4.0, 0.5 ] },
														"south": { "texture": "#araucariaheterophylla", "uv": [ 0.0, 0.0, 4.0, 0.5 ] },
														"west": { "texture": "#araucariaheterophylla", "uv": [ 0.0, 0.0, 4.0, 0.5 ] },
														"up": { "texture": "#araucariaheterophylla", "uv": [ 2.0, 10.0, 6.0, 14.0 ], "windMode": [-1,-1,-1,-1] }
													}
												}
											]
										}
									]
								}
							]
						}
					]
				}
			]
		}
	]}