{
	"editor": {
		"allAngles": false,
		"entityTextureMode": false
	},
	"textureWidth": 4,
	"textureHeight": 4,
	"textureSizes": {
		"nothofagusmenziesii": [4,4]
	},
	"textures": {
		"nothofagusmenziesii": "item/resource/treeseeds/nothofagusmenziesii"
	},
	"elements": [
		{
			"name": "Origin",
			"from": [ 8.0, 1.0, 8.0 ],
			"to": [ 8.0, 1.0, 8.0 ],
			"rotationOrigin": [ 8.0, 1.0, 8.0 ],
			"faces": {
			},
			"children": [
				{
					"name": "Shield 1",
					"from": [ -1.5, 0.0, -1.0 ],
					"to": [ 1.5, 3.0, 0.0 ],
					"rotationOrigin": [ 0.0, 0.0, 0.0 ],
					"rotationX": -35.0,
					"faces": {
						"north": { "texture": "#nothofagusmenziesii", "uv": [ 0.5, 0.5, 3.5, 3.5 ] },
						"east": { "texture": "#nothofagusmenziesii", "uv": [ 1.5, 0.0, 2.5, 3.0 ] },
						"south": { "texture": "#nothofagusmenziesii", "uv": [ 1.0, 1.0, 4.0, 4.0 ] },
						"west": { "texture": "#nothofagusmenziesii", "uv": [ 2.5, 0.0, 3.5, 3.0 ] },
						"up": { "texture": "#nothofagusmenziesii", "uv": [ 0.5, 0.0, 3.5, 1.0 ] },
						"down": { "texture": "#nothofagusmenziesii", "uv": [ 1.0, 3.0, 4.0, 4.0 ] }
					},
					"children": [
						{
							"name": "Fuzz",
							"from": [ 2.5, 0.0, -1.0 ],
							"to": [ 2.5, 3.0, 0.0 ],
							"shade": false,
							"renderPass": 1,
							"rotationOrigin": [ 2.5, 0.0, -1.0 ],
							"faces": {
								"west": { "texture": "#nothofagusmenziesii", "uv": [ 0.0, 0.0, 1.0, 3.0 ], "windMode": [-1,-1,-1,-1] }
							}
						},
						{
							"name": "Fuzz2",
							"from": [ 0.5, 0.0, -1.0 ],
							"to": [ 0.5, 3.0, 0.0 ],
							"shade": false,
							"renderPass": 1,
							"rotationOrigin": [ 0.5, 0.0, -1.0 ],
							"faces": {
								"west": { "texture": "#nothofagusmenziesii", "uv": [ 0.0, 1.0, 1.0, 4.0 ] }
							}
						}
					]
				}
			]
		},
		{
			"name": "Origin2",
			"from": [ 8.0, 1.0, 8.0 ],
			"to": [ 8.0, 1.0, 8.0 ],
			"rotationOrigin": [ 8.0, 1.0, 8.0 ],
			"rotationY": -45.0,
			"faces": {
			},
			"children": [
				{
					"name": "Shield 2",
					"from": [ -1.5, 0.0, -1.0 ],
					"to": [ 1.5, 3.0, 0.0 ],
					"rotationOrigin": [ 0.0, 0.0, 0.0 ],
					"rotationX": -35.0,
					"faces": {
						"north": { "texture": "#nothofagusmenziesii", "uv": [ 0.5, 0.5, 3.5, 3.5 ] },
						"east": { "texture": "#nothofagusmenziesii", "uv": [ 1.5, 0.0, 2.5, 3.0 ] },
						"south": { "texture": "#nothofagusmenziesii", "uv": [ 1.0, 1.0, 4.0, 4.0 ] },
						"west": { "texture": "#nothofagusmenziesii", "uv": [ 2.5, 0.0, 3.5, 3.0 ] },
						"up": { "texture": "#nothofagusmenziesii", "uv": [ 0.5, 0.0, 3.5, 1.0 ] },
						"down": { "texture": "#nothofagusmenziesii", "uv": [ 1.0, 3.0, 4.0, 4.0 ] }
					},
					"children": [
						{
							"name": "Fuzz3",
							"from": [ 2.5, 0.0, -1.0 ],
							"to": [ 2.5, 3.0, 0.0 ],
							"shade": false,
							"renderPass": 1,
							"rotationOrigin": [ 2.5, 0.0, -1.0 ],
							"faces": {
								"west": { "texture": "#nothofagusmenziesii", "uv": [ 0.0, 0.0, 1.0, 3.0 ] }
							}
						},
						{
							"name": "Fuzz4",
							"from": [ 0.5, 0.0, -1.0 ],
							"to": [ 0.5, 3.0, 0.0 ],
							"shade": false,
							"renderPass": 1,
							"rotationOrigin": [ 0.5, 0.0, -1.0 ],
							"faces": {
								"west": { "texture": "#nothofagusmenziesii", "uv": [ 0.0, 1.0, 1.0, 4.0 ] }
							}
						}
					]
				}
			]
		},
		{
			"name": "Origin3",
			"from": [ 8.0, 1.0, 8.0 ],
			"to": [ 8.0, 1.0, 8.0 ],
			"rotationOrigin": [ 8.0, 1.0, 8.0 ],
			"rotationY": 135.0,
			"faces": {
			},
			"children": [
				{
					"name": "Shield 3",
					"from": [ -1.5, 0.0, -1.0 ],
					"to": [ 1.5, 3.0, 0.0 ],
					"rotationOrigin": [ 0.0, 0.0, 0.0 ],
					"rotationX": -35.0,
					"faces": {
						"north": { "texture": "#nothofagusmenziesii", "uv": [ 0.5, 0.5, 3.5, 3.5 ] },
						"east": { "texture": "#nothofagusmenziesii", "uv": [ 1.5, 0.0, 2.5, 3.0 ] },
						"south": { "texture": "#nothofagusmenziesii", "uv": [ 1.0, 1.0, 4.0, 4.0 ] },
						"west": { "texture": "#nothofagusmenziesii", "uv": [ 2.5, 0.0, 3.5, 3.0 ] },
						"up": { "texture": "#nothofagusmenziesii", "uv": [ 0.5, 0.0, 3.5, 1.0 ] },
						"down": { "texture": "#nothofagusmenziesii", "uv": [ 1.0, 3.0, 4.0, 4.0 ] }
					},
					"children": [
						{
							"name": "Fuzz5",
							"from": [ 2.5, 0.0, -1.0 ],
							"to": [ 2.5, 3.0, 0.0 ],
							"shade": false,
							"renderPass": 1,
							"rotationOrigin": [ 2.5, 0.0, -1.0 ],
							"faces": {
								"west": { "texture": "#nothofagusmenziesii", "uv": [ 0.0, 0.0, 1.0, 3.0 ] }
							}
						},
						{
							"name": "Fuzz6",
							"from": [ 0.5, 0.0, -1.0 ],
							"to": [ 0.5, 3.0, 0.0 ],
							"shade": false,
							"renderPass": 1,
							"rotationOrigin": [ 0.5, 0.0, -1.0 ],
							"faces": {
								"west": { "texture": "#nothofagusmenziesii", "uv": [ 0.0, 1.0, 1.0, 4.0 ] }
							}
						}
					]
				}
			]
		},
		{
			"name": "Origin4",
			"from": [ 8.0, 1.0, 8.0 ],
			"to": [ 8.0, 1.0, 8.0 ],
			"rotationOrigin": [ 8.0, 1.0, 8.0 ],
			"rotationY": 180.0,
			"faces": {
			},
			"children": [
				{
					"name": "Shield 4",
					"from": [ -1.5, 0.0, -1.0 ],
					"to": [ 1.5, 3.0, 0.0 ],
					"rotationOrigin": [ 0.0, 0.0, 0.0 ],
					"rotationX": -35.0,
					"faces": {
						"north": { "texture": "#nothofagusmenziesii", "uv": [ 0.5, 0.5, 3.5, 3.5 ] },
						"east": { "texture": "#nothofagusmenziesii", "uv": [ 1.5, 0.0, 2.5, 3.0 ] },
						"south": { "texture": "#nothofagusmenziesii", "uv": [ 1.0, 1.0, 4.0, 4.0 ] },
						"west": { "texture": "#nothofagusmenziesii", "uv": [ 2.5, 0.0, 3.5, 3.0 ] },
						"up": { "texture": "#nothofagusmenziesii", "uv": [ 0.5, 0.0, 3.5, 1.0 ] },
						"down": { "texture": "#nothofagusmenziesii", "uv": [ 1.0, 3.0, 4.0, 4.0 ] }
					},
					"children": [
						{
							"name": "Fuzz7",
							"from": [ 2.5, 0.0, -1.0 ],
							"to": [ 2.5, 3.0, 0.0 ],
							"shade": false,
							"renderPass": 1,
							"rotationOrigin": [ 2.5, 0.0, -1.0 ],
							"faces": {
								"west": { "texture": "#nothofagusmenziesii", "uv": [ 0.0, 0.0, 1.0, 3.0 ] }
							}
						},
						{
							"name": "Fuzz8",
							"from": [ 0.5, 0.0, -1.0 ],
							"to": [ 0.5, 3.0, 0.0 ],
							"shade": false,
							"renderPass": 1,
							"rotationOrigin": [ 0.5, 0.0, -1.0 ],
							"faces": {
								"west": { "texture": "#nothofagusmenziesii", "uv": [ 0.0, 1.0, 1.0, 4.0 ] }
							}
						}
					]
				}
			]
		}
	]}