{
	"editor": {
		"allAngles": false,
		"entityTextureMode": false
	},
	"textureWidth": 4,
	"textureHeight": 8,
	"textureSizes": {
		"dacrydiumcupressinum": [4,8]
	},
	"textures": {
		"podocarpusnivalis": "item/resource/treeseeds/podocarpusnivalis"
	},
	"elements": [
		{
			"name": "Origin",
			"from": [ 8.0, 0.0, 8.0 ],
			"to": [ 8.0, 0.0, 8.0 ],
			"rotationOrigin": [ 8.0, 0.0, 8.0 ],
			"faces": {
			},
			"children": [
				{
					"name": "Body",
					"from": [ -1.5, 1.0, -2.0 ],
					"to": [ 1.5, 4.0, 2.0 ],
					"rotationOrigin": [ -1.5, 1.0, -2.0 ],
					"faces": {
						"north": { "texture": "#podocarpusnivalis", "uv": [ 0.0, 0.0, 3.0, 3.0 ] },
						"east": { "texture": "#podocarpusnivalis", "uv": [ 0.0, 0.0, 4.0, 3.0 ] },
						"south": { "texture": "#podocarpusnivalis", "uv": [ 0.0, 0.0, 3.0, 3.0 ] },
						"west": { "texture": "#podocarpusnivalis", "uv": [ 0.0, 0.0, 4.0, 3.0 ] },
						"up": { "texture": "#podocarpusnivalis", "uv": [ 0.0, 0.0, 3.0, 4.0 ] },
						"down": { "texture": "#podocarpusnivalis", "uv": [ 0.0, 0.0, 3.0, 4.0 ] }
					},
					"children": [
						{
							"name": "Top",
							"from": [ 0.5, 3.0, 0.5 ],
							"to": [ 2.5, 4.0, 3.5 ],
							"rotationOrigin": [ 0.5, 3.0, 0.5 ],
							"faces": {
								"north": { "texture": "#podocarpusnivalis", "uv": [ 1.0, 1.5, 3.0, 2.5 ] },
								"east": { "texture": "#podocarpusnivalis", "uv": [ 0.0, 2.0, 3.0, 3.0 ] },
								"south": { "texture": "#podocarpusnivalis", "uv": [ 0.0, 0.0, 2.0, 1.0 ] },
								"west": { "texture": "#podocarpusnivalis", "uv": [ 1.0, 1.0, 4.0, 2.0 ], "windMode": [-1,-1,-1,-1] },
								"up": { "texture": "#podocarpusnivalis", "uv": [ 0.0, 0.0, 2.0, 3.0 ] }
							},
							"children": [
								{
									"name": "Nub",
									"from": [ 0.5, 1.0, 1.0 ],
									"to": [ 1.5, 2.0, 2.0 ],
									"rotationOrigin": [ 1.0, 1.0, 1.5 ],
									"rotationY": -45.0,
									"faces": {
										"north": { "texture": "#podocarpusnivalis", "uv": [ 0.5, 5.5, 1.5, 6.5 ] },
										"east": { "texture": "#podocarpusnivalis", "uv": [ 2.0, 5.0, 3.0, 6.0 ] },
										"south": { "texture": "#podocarpusnivalis", "uv": [ 0.0, 5.0, 1.0, 6.0 ], "windMode": [-1,-1,-1,-1] },
										"west": { "texture": "#podocarpusnivalis", "uv": [ 1.0, 5.0, 2.0, 6.0 ], "windMode": [-1,-1,-1,-1] },
										"up": { "texture": "#podocarpusnivalis", "uv": [ 1.0, 5.0, 2.0, 6.0 ], "windMode": [-1,-1,-1,-1] }
									},
									"children": [
										{
											"name": "Tip",
											"from": [ 0.3, 0.6, -0.7 ],
											"to": [ 2.3, 2.6, 0.7 ],
											"rotationOrigin": [ 0.3, 0.6, -0.7 ],
											"rotationY": -45.0,
											"faces": {
												"north": { "texture": "#podocarpusnivalis", "uv": [ 1.0, 5.0, 3.0, 7.0 ] },
												"east": { "texture": "#podocarpusnivalis", "uv": [ 1.5, 5.5, 2.5, 7.5 ] },
												"south": { "texture": "#podocarpusnivalis", "uv": [ 0.0, 6.0, 2.0, 8.0 ], "windMode": [-1,-1,-1,-1] },
												"west": { "texture": "#podocarpusnivalis", "uv": [ 2.0, 6.0, 3.0, 8.0 ], "windMode": [-1,-1,-1,-1] },
												"up": { "texture": "#podocarpusnivalis", "uv": [ 2.0, 5.0, 4.0, 6.0 ], "windMode": [-1,-1,-1,-1] },
												"down": { "texture": "#podocarpusnivalis", "uv": [ 0.0, 4.0, 2.0, 5.0 ], "windMode": [-1,-1,-1,-1] }
											},
											"children": [
												{
													"name": "Tip2",
													"from": [ 0.5, 2.0, 0.2 ],
													"to": [ 1.5, 3.0, 1.2 ],
													"rotationOrigin": [ 0.5, 2.0, 0.2 ],
													"faces": {
														"north": { "texture": "#podocarpusnivalis", "uv": [ 1.0, 5.0, 2.0, 6.0 ] },
														"east": { "texture": "#podocarpusnivalis", "uv": [ 1.5, 5.5, 2.5, 6.5 ] },
														"south": { "texture": "#podocarpusnivalis", "uv": [ 0.0, 6.0, 1.0, 7.0 ] },
														"west": { "texture": "#podocarpusnivalis", "uv": [ 2.0, 6.0, 3.0, 7.0 ] },
														"up": { "texture": "#podocarpusnivalis", "uv": [ 2.0, 5.0, 3.0, 6.0 ] },
														"down": { "texture": "#podocarpusnivalis", "uv": [ 0.0, 4.0, 1.0, 5.0 ] }
													}
												}
											]
										}
									]
								}
							]
						},
						{
							"name": "Bottom",
							"from": [ 0.5, -1.0, 0.5 ],
							"to": [ 2.5, 0.0, 3.5 ],
							"rotationOrigin": [ 0.5, -1.0, 0.5 ],
							"faces": {
								"north": { "texture": "#podocarpusnivalis", "uv": [ 0.0, 0.0, 2.0, 1.0 ] },
								"east": { "texture": "#podocarpusnivalis", "uv": [ 0.0, 0.0, 3.0, 1.0 ] },
								"south": { "texture": "#podocarpusnivalis", "uv": [ 0.0, 0.0, 2.0, 1.0 ] },
								"west": { "texture": "#podocarpusnivalis", "uv": [ 0.0, 0.0, 3.0, 1.0 ] },
								"down": { "texture": "#podocarpusnivalis", "uv": [ 0.0, 0.0, 2.0, 3.0 ] }
							}
						}
					]
				}
			]
		}
	]}