{
	"editor": {
		"allAngles": false,
		"entityTextureMode": false
	},
	"textureWidth": 4,
	"textureHeight": 4,
	"textureSizes": {
		"luffaaegyptiaca1": [4,4]
	},
	"textures": {
		"luffaaegyptiaca1": "block/plant/crop/luffaaegyptiaca1"
	},
	"elements": [
		{
			"name": "origin",
			"from": [ 8.0, 0.0, 8.0 ],
			"to": [ 8.0, 0.0, 8.0 ],
			"rotationOrigin": [ 8.0, 0.0, 8.0 ],
			"faces": {
				"north": { "texture": "#luffaaegyptiaca1", "uv": [ 0.0, 0.0, 0.5, 0.5 ] },
				"east": { "texture": "#luffaaegyptiaca1", "uv": [ 0.0, 0.0, 0.5, 0.5 ] },
				"south": { "texture": "#luffaaegyptiaca1", "uv": [ 0.0, 0.0, 0.5, 0.5 ] },
				"west": { "texture": "#luffaaegyptiaca1", "uv": [ 0.0, 0.0, 0.5, 0.5 ] },
				"up": { "texture": "#luffaaegyptiaca1", "uv": [ 0.0, 0.0, 0.5, 0.5 ] },
				"down": { "texture": "#luffaaegyptiaca1", "uv": [ 0.0, 0.0, 0.5, 0.5 ] }
			},
			"children": [
				{
					"name": "Face1",
					"from": [ -2.0, 0.0, 0.0 ],
					"to": [ 2.0, 4.0, 0.0 ],
					"shade": false,
					"renderPass": 1,
					"faces": {
						"north": { "texture": "#luffaaegyptiaca1", "uv": [ 0.0, 0.0, 4.0, 4.0 ] }
					}
				},
				{
					"name": "Face2",
					"from": [ -2.0, 0.0, 0.0 ],
					"to": [ 2.0, 4.0, 0.0 ],
					"shade": false,
					"renderPass": 1,
					"rotationOrigin": [ 0.0, 0.0, 0.0 ],
					"rotationY": 90.0,
					"faces": {
						"north": { "texture": "#luffaaegyptiaca1", "uv": [ 0.0, 0.0, 4.0, 4.0 ] }
					}
				}
			]
		}
	]}