[
		{
			"op": "add",
			"path": "/treegens/-",
			"value": {
				"Generator": "afrocarpusfalcatuslarge",
				"MinSize": 0.15,
				"MaxSize": 0.6,
				"Weight": 5,
				"SuitabilitySizeBonus": 0.6,
				"MinTemp": 15,
				"MaxTemp": 33,
				"MinRain": 133,
				"MaxRain": 196,
				"MinFert": 0,
				"MaxFert": 153,
				"MinForest": 200,
				"MaxForest": 255,
				"MinHeight": 0.0,
				"MaxHeight": 0.77
			},
			"file": "game:worldgen/treengenproperties.json",
			"side": "server",
			"dependsOn": [{ "modid": "bio_atlantic_nearctic","invert": true },{ "modid": "bio_atlantic_neotropic","invert": true },{ "modid": "bio_atlantic_palearctic","invert": true },{ "modid": "bio_australasian","invert": true },{ "modid": "bio_central_palearctic","invert": true },{ "modid": "bio_eastern_palearctic","invert": true },{ "modid": "bio_oceanian","invert": true },{ "modid": "bio_pacific_nearctic","invert": true },{ "modid": "bio_pacific_neotropic","invert": true },{ "modid": "bio_pacific_palearctic","invert": true }]
		},
		{
			"op": "add",
			"path": "/treegens/-",
			"value": {
				"Generator": "afrocarpusfalcatus",
				"MinSize": 0.15,
				"MaxSize": 0.6,
				"Weight": 20,
				"SuitabilitySizeBonus": 0.6,
				"MinTemp": 15,
				"MaxTemp": 33,
				"MinRain": 133,
				"MaxRain": 196,
				"MinFert": 0,
				"MaxFert": 153,
				"MinForest": 153,
				"MaxForest": 255,
				"MinHeight": 0.0,
				"MaxHeight": 0.77
			},
			"file": "game:worldgen/treengenproperties.json",
			"side": "server",
			"dependsOn": [{ "modid": "bio_atlantic_nearctic","invert": true },{ "modid": "bio_atlantic_neotropic","invert": true },{ "modid": "bio_atlantic_palearctic","invert": true },{ "modid": "bio_australasian","invert": true },{ "modid": "bio_central_palearctic","invert": true },{ "modid": "bio_eastern_palearctic","invert": true },{ "modid": "bio_oceanian","invert": true },{ "modid": "bio_pacific_nearctic","invert": true },{ "modid": "bio_pacific_neotropic","invert": true },{ "modid": "bio_pacific_palearctic","invert": true }]
		},
		{
			"op": "add",
			"path": "/shrubgens/-",
			"value": {
				"Generator": "diospyroswhyteana",
				"MinSize": 1,
				"MaxSize": 1,
				"Weight": 2,
				"SuitabilitySizeBonus": 0,
				"MinTemp": 16,
				"MaxTemp": 29,
				"MinRain": 133,
				"MaxRain": 196,
				"MinFert": 0,
				"MaxFert": 255,
				"MinForest": 153,
				"MaxForest": 178,
				"MinHeight": 0.0,
				"MaxHeight": 0.67
			},
			"file": "game:worldgen/treengenproperties.json",
			"side": "server",
			"dependsOn": [{ "modid": "bio_atlantic_nearctic","invert": true },{ "modid": "bio_atlantic_neotropic","invert": true },{ "modid": "bio_atlantic_palearctic","invert": true },{ "modid": "bio_australasian","invert": true },{ "modid": "bio_central_palearctic","invert": true },{ "modid": "bio_eastern_palearctic","invert": true },{ "modid": "bio_oceanian","invert": true },{ "modid": "bio_pacific_nearctic","invert": true },{ "modid": "bio_pacific_neotropic","invert": true },{ "modid": "bio_pacific_palearctic","invert": true }]
		},
		{
			"op": "add",
			"path": "/treegens/-",
			"value": {
				"Generator": "leucadendronargenteum",
				"MinSize": 0.15,
				"MaxSize": 0.3,
				"Weight": 2,
				"SuitabilitySizeBonus": 0.6,
				"MinTemp": 16,
				"MaxTemp": 22,
				"MinRain": 133,
				"MaxRain": 176,
				"MinFert": 0,
				"MaxFert": 153,
				"MinForest": 20,
				"MaxForest": 190,
				"MinHeight": 0.0,
				"MaxHeight": 0.4
			},
			"file": "game:worldgen/treengenproperties.json",
			"side": "server",
			"dependsOn": [{ "modid": "bio_atlantic_nearctic","invert": true },{ "modid": "bio_atlantic_neotropic","invert": true },{ "modid": "bio_atlantic_palearctic","invert": true },{ "modid": "bio_australasian","invert": true },{ "modid": "bio_central_palearctic","invert": true },{ "modid": "bio_eastern_palearctic","invert": true },{ "modid": "bio_oceanian","invert": true },{ "modid": "bio_pacific_nearctic","invert": true },{ "modid": "bio_pacific_neotropic","invert": true },{ "modid": "bio_pacific_palearctic","invert": true }]

		},
		{
			"op": "add",
			"path": "/treegens/-",
			"value": {
				"Generator": "leucadendronargenteum",
				"MinSize": 0.05,
				"MaxSize": 0.15,
				"Weight": 8,
				"SuitabilitySizeBonus": 0.3,
				"MinTemp": 16,
				"MaxTemp": 22,
				"MinRain": 133,
				"MaxRain": 176,
				"MinFert": 0,
				"MaxFert": 153,
				"MinForest": 20,
				"MaxForest": 190,
				"MinHeight": 0.0,
				"MaxHeight": 0.4
			},
			"file": "game:worldgen/treengenproperties.json",
			"side": "server",
			"dependsOn": [{ "modid": "bio_atlantic_nearctic","invert": true },{ "modid": "bio_atlantic_neotropic","invert": true },{ "modid": "bio_atlantic_palearctic","invert": true },{ "modid": "bio_australasian","invert": true },{ "modid": "bio_central_palearctic","invert": true },{ "modid": "bio_eastern_palearctic","invert": true },{ "modid": "bio_oceanian","invert": true },{ "modid": "bio_pacific_nearctic","invert": true },{ "modid": "bio_pacific_neotropic","invert": true },{ "modid": "bio_pacific_palearctic","invert": true }]

		},
		{
			"op": "add",
			"path": "/shrubgens/-",
			"value": {
				"Generator": "shrubleucadendronargenteum",
				"MinSize": 0.15,
				"MaxSize": 0.6,
				"Weight": 20,
				"SuitabilitySizeBonus": 0.6,
				"MinTemp": 16,
				"MaxTemp": 22,
				"MinRain": 133,
				"MaxRain": 176,
				"MinFert": 0,
				"MaxFert": 153,
				"MinForest": 20,
				"MaxForest": 90,
				"MinHeight": 0.0,
				"MaxHeight": 0.4
			},
			"file": "game:worldgen/treengenproperties.json",
			"side": "server",
			"dependsOn": [{ "modid": "bio_atlantic_nearctic","invert": true },{ "modid": "bio_atlantic_neotropic","invert": true },{ "modid": "bio_atlantic_palearctic","invert": true },{ "modid": "bio_australasian","invert": true },{ "modid": "bio_central_palearctic","invert": true },{ "modid": "bio_eastern_palearctic","invert": true },{ "modid": "bio_oceanian","invert": true },{ "modid": "bio_pacific_nearctic","invert": true },{ "modid": "bio_pacific_neotropic","invert": true },{ "modid": "bio_pacific_palearctic","invert": true }]

		},
		{
			"op": "add",
			"path": "/treegens/-",
			"value": {
				"Generator": "ocoteabullata",
				"MinSize": 0.7,
				"MaxSize": 1,
				"Weight": 10,
				"SuitabilitySizeBonus": 0.6,
				"MinTemp": 15,
				"MaxTemp": 26,
				"MinRain": 133,
				"MaxRain": 196,
				"MinFert": 0,
				"MaxFert": 255,
				"MinForest": 153,
				"MaxForest": 255,
				"MinHeight": 0.0,
				"MaxHeight": 0.73
			},
			"file": "game:worldgen/treengenproperties.json",
			"side": "server",
			"dependsOn": [{ "modid": "bio_atlantic_nearctic","invert": true },{ "modid": "bio_atlantic_neotropic","invert": true },{ "modid": "bio_atlantic_palearctic","invert": true },{ "modid": "bio_australasian","invert": true },{ "modid": "bio_central_palearctic","invert": true },{ "modid": "bio_eastern_palearctic","invert": true },{ "modid": "bio_oceanian","invert": true },{ "modid": "bio_pacific_nearctic","invert": true },{ "modid": "bio_pacific_neotropic","invert": true },{ "modid": "bio_pacific_palearctic","invert": true }]
		},
		{
			"op": "add",
			"path": "/treegens/-",
			"value": {
				"Generator": "pterocelastrustricuspidatus",
				"MinSize": 0.15,
				"MaxSize": 0.7,
				"Weight": 50,
				"SuitabilitySizeBonus": 0.9,
				"MinTemp": 15,
				"MaxTemp": 24,
				"MinRain": 153,
				"MaxRain": 166,
				"MinFert": 0,
				"MaxFert": 255,
				"MinForest": 125,
				"MaxForest": 190,
				"MinHeight": 0.0,
				"MaxHeight": 0.52
			},
			"file": "game:worldgen/treengenproperties.json",
			"side": "server",
			"dependsOn": [{ "modid": "bio_atlantic_nearctic","invert": true },{ "modid": "bio_atlantic_neotropic","invert": true },{ "modid": "bio_atlantic_palearctic","invert": true },{ "modid": "bio_australasian","invert": true },{ "modid": "bio_central_palearctic","invert": true },{ "modid": "bio_eastern_palearctic","invert": true },{ "modid": "bio_oceanian","invert": true },{ "modid": "bio_pacific_nearctic","invert": true },{ "modid": "bio_pacific_neotropic","invert": true },{ "modid": "bio_pacific_palearctic","invert": true }]

		},
		{
			"op": "add",
			"path": "/shrubgens/-",
			"value": {
				"Generator": "shrubpterocelastrustricuspidatus",
				"MinSize": 0.15,
				"MaxSize": 0.6,
				"Weight": 50,
				"SuitabilitySizeBonus": 0.6,
				"MinTemp": 15,
				"MaxTemp": 24,
				"MinRain": 153,
				"MaxRain": 166,
				"MinFert": 0,
				"MaxFert": 255,
				"MinForest": 10,
				"MaxForest": 190,
				"MinHeight": 0.0,
				"MaxHeight": 0.52
			},
			"file": "game:worldgen/treengenproperties.json",
			"side": "server",
			"dependsOn": [{ "modid": "bio_atlantic_nearctic","invert": true },{ "modid": "bio_atlantic_neotropic","invert": true },{ "modid": "bio_atlantic_palearctic","invert": true },{ "modid": "bio_australasian","invert": true },{ "modid": "bio_central_palearctic","invert": true },{ "modid": "bio_eastern_palearctic","invert": true },{ "modid": "bio_oceanian","invert": true },{ "modid": "bio_pacific_nearctic","invert": true },{ "modid": "bio_pacific_neotropic","invert": true },{ "modid": "bio_pacific_palearctic","invert": true }]

		},
		{
			"op": "add",
			"path": "/treegens/-",
			"value": {
				"Generator": "pterocelastrustricuspidatuslarge",
				"MinSize": 0.5,
				"MaxSize": 1.5,
				"Weight": 60,
				"SuitabilitySizeBonus": 0.8,
				"MinTemp": 15,
				"MaxTemp": 24,
				"MinRain": 153,
				"MaxRain": 166,
				"MinFert": 0,
				"MaxFert": 255,
				"MinForest": 190,
				"MaxForest": 255,
				"MinHeight": 0.0,
				"MaxHeight": 0.52
			},
			"file": "game:worldgen/treengenproperties.json",
			"side": "server",
			"dependsOn": [{ "modid": "bio_atlantic_nearctic","invert": true },{ "modid": "bio_atlantic_neotropic","invert": true },{ "modid": "bio_atlantic_palearctic","invert": true },{ "modid": "bio_australasian","invert": true },{ "modid": "bio_central_palearctic","invert": true },{ "modid": "bio_eastern_palearctic","invert": true },{ "modid": "bio_oceanian","invert": true },{ "modid": "bio_pacific_nearctic","invert": true },{ "modid": "bio_pacific_neotropic","invert": true },{ "modid": "bio_pacific_palearctic","invert": true }]

		},
		{
			"op": "add",
			"path": "/treegens/-",
			"value": {
				"Generator": "searsialancea",
				"MinSize": 0.15,
				"MaxSize": 0.6,
				"Weight": 40,
				"SuitabilitySizeBonus": 0.6,
				"MinTemp": 15,
				"MaxTemp": 33,
				"MinRain": 89,
				"MaxRain": 163,
				"MinFert": 102,
				"MaxFert": 255,
				"MinForest": 10,
				"MaxForest": 80,
				"MinHeight": 0.0,
				"MaxHeight": 0.64
			},
			"file": "game:worldgen/treengenproperties.json",
			"side": "server",
			"dependsOn": [{ "modid": "bio_atlantic_nearctic","invert": true },{ "modid": "bio_atlantic_neotropic","invert": true },{ "modid": "bio_atlantic_palearctic","invert": true },{ "modid": "bio_australasian","invert": true },{ "modid": "bio_central_palearctic","invert": true },{ "modid": "bio_eastern_palearctic","invert": true },{ "modid": "bio_oceanian","invert": true },{ "modid": "bio_pacific_nearctic","invert": true },{ "modid": "bio_pacific_neotropic","invert": true },{ "modid": "bio_pacific_palearctic","invert": true }]

		}
]