{
	"editor": {
		"allAngles": false,
		"singleTexture": false
	},
	"textureWidth": 16,
	"textureHeight": 16,
	"textures": {
	},
	"elements": [
		{
			"name": "origin",
			"from": [ 6.3, -0.5, 6.0 ], 
			"to": [ 6.3, -0.5, 6.0 ], 
			"rotationOrigin": [ 8.0, 0.0, 8.0 ],
			"faces": {
				"north": { "texture": "#native", "uv": [ 6.0, 6.0, 6.0, 6.0 ], "enabled": false },
				"east": { "texture": "#native", "uv": [ 8.0, 8.0, 8.0, 8.0 ], "enabled": false },
				"south": { "texture": "#native", "uv": [ 5.0, 8.0, 5.0, 8.0 ], "enabled": false },
				"west": { "texture": "#native", "uv": [ 7.0, 7.0, 7.0, 7.0 ], "enabled": false },
				"up": { "texture": "#native", "uv": [ 0.0, 12.0, 0.0, 12.0 ], "enabled": false },
				"down": { "texture": "#native", "uv": [ 5.0, 6.0, 5.0, 6.0 ], "enabled": false }
			},
			"children": [
				{
					"name": "Cube1",
					"from": [ 1.1, 0.7, 0.6 ], 
					"to": [ 3.1, 1.0, 2.6 ], 
					"faces": {
						"north": { "texture": "#gem", "uv": [ 4.0, 8.5, 6.0, 9.0 ] },
						"east": { "texture": "#gem", "uv": [ 7.5, 5.5, 9.5, 6.0 ] },
						"south": { "texture": "#gem", "uv": [ 9.0, 8.5, 11.0, 9.0 ] },
						"west": { "texture": "#gem", "uv": [ 9.0, 8.0, 11.0, 8.5 ] },
						"up": { "texture": "#gem", "uv": [ 11.5, 7.0, 13.5, 9.0 ] },
						"down": { "texture": "#gem", "uv": [ 3.0, 10.5, 5.0, 12.5 ] }
					}
				},
				{
					"name": "Cube3",
					"from": [ 1.4, 0.7, 0.1 ], 
					"to": [ 2.8, 1.0, 0.6 ], 
					"faces": {
						"north": { "texture": "#gem", "uv": [ 2.5, 8.5, 3.5, 9.0 ] },
						"east": { "texture": "#gem", "uv": [ 7.5, 5.5, 8.0, 6.0 ] },
						"south": { "texture": "#gem", "uv": [ 9.0, 10.5, 10.0, 11.0 ], "enabled": false },
						"west": { "texture": "#gem", "uv": [ 10.0, 5.5, 10.5, 6.0 ] },
						"up": { "texture": "#gem", "uv": [ 10.0, 5.0, 11.0, 5.5 ] },
						"down": { "texture": "#gem", "uv": [ 3.0, 10.5, 4.0, 11.0 ] }
					}
				},
				{
					"name": "Cube4",
					"from": [ 1.4, 0.7, 2.6 ], 
					"to": [ 2.8, 1.0, 3.1 ], 
					"faces": {
						"north": { "texture": "#gem", "uv": [ 2.5, 8.5, 3.5, 9.0 ], "enabled": false },
						"east": { "texture": "#gem", "uv": [ 7.5, 5.5, 8.0, 6.0 ] },
						"south": { "texture": "#gem", "uv": [ 9.0, 10.5, 10.0, 11.0 ] },
						"west": { "texture": "#gem", "uv": [ 5.5, 9.5, 6.0, 10.0 ] },
						"up": { "texture": "#gem", "uv": [ 11.5, 7.0, 12.5, 7.5 ] },
						"down": { "texture": "#gem", "uv": [ 3.0, 10.5, 4.0, 11.0 ] }
					}
				},
				{
					"name": "Cube5",
					"from": [ 1.3, 0.5, 0.8 ], 
					"to": [ 2.9, 1.2, 2.4 ], 
					"faces": {
						"north": { "texture": "#gem", "uv": [ 2.5, 8.5, 4.0, 9.0 ] },
						"east": { "texture": "#gem", "uv": [ 7.5, 5.5, 9.0, 6.0 ] },
						"south": { "texture": "#gem", "uv": [ 9.0, 10.5, 10.5, 11.0 ] },
						"west": { "texture": "#gem", "uv": [ 10.0, 5.5, 11.5, 6.0 ] },
						"up": { "texture": "#gem", "uv": [ 9.5, 11.0, 11.0, 12.5 ] },
						"down": { "texture": "#gem", "uv": [ 12.5, 7.5, 14.0, 9.0 ] }
					}
				},
				{
					"name": "Cube6",
					"from": [ 1.6, 0.6, 0.3 ], 
					"to": [ 2.6, 1.1, 0.8 ], 
					"faces": {
						"north": { "texture": "#gem", "uv": [ 3.5, 12.0, 4.5, 12.5 ] },
						"east": { "texture": "#gem", "uv": [ 7.5, 5.5, 8.0, 6.0 ] },
						"south": { "texture": "#gem", "uv": [ 9.0, 10.5, 10.0, 11.0 ], "enabled": false },
						"west": { "texture": "#gem", "uv": [ 8.5, 7.0, 9.0, 7.5 ] },
						"up": { "texture": "#gem", "uv": [ 5.0, 9.5, 6.0, 10.0 ] },
						"down": { "texture": "#gem", "uv": [ 1.5, 10.5, 2.5, 11.0 ] }
					}
				},
				{
					"name": "Cube7",
					"from": [ 1.6, 0.6, 2.4 ], 
					"to": [ 2.6, 1.1, 2.9 ], 
					"faces": {
						"north": { "texture": "#gem", "uv": [ 3.5, 12.0, 4.5, 12.5 ], "enabled": false },
						"east": { "texture": "#gem", "uv": [ 7.5, 5.5, 8.0, 6.0 ] },
						"south": { "texture": "#gem", "uv": [ 9.0, 10.5, 10.0, 11.0 ] },
						"west": { "texture": "#gem", "uv": [ 5.0, 5.5, 5.5, 6.0 ] },
						"up": { "texture": "#gem", "uv": [ 10.0, 11.5, 11.0, 12.0 ] },
						"down": { "texture": "#gem", "uv": [ 1.5, 10.5, 2.5, 11.0 ] }
					}
				},
				{
					"name": "Cube8",
					"from": [ 0.8, 0.6, 1.1 ], 
					"to": [ 1.3, 1.1, 2.1 ], 
					"faces": {
						"north": { "texture": "#gem", "uv": [ 3.5, 12.0, 4.0, 12.5 ] },
						"east": { "texture": "#gem", "uv": [ 7.5, 5.5, 8.5, 6.0 ], "enabled": false },
						"south": { "texture": "#gem", "uv": [ 9.0, 10.5, 9.5, 11.0 ] },
						"west": { "texture": "#gem", "uv": [ 5.0, 5.5, 6.0, 6.0 ] },
						"up": { "texture": "#gem", "uv": [ 10.0, 11.5, 10.5, 12.5 ] },
						"down": { "texture": "#gem", "uv": [ 1.5, 10.5, 2.0, 11.5 ] }
					}
				},
				{
					"name": "Cube9",
					"from": [ 2.9, 0.6, 1.1 ], 
					"to": [ 3.4, 1.1, 2.1 ], 
					"faces": {
						"north": { "texture": "#gem", "uv": [ 11.0, 11.5, 11.5, 12.0 ] },
						"east": { "texture": "#gem", "uv": [ 12.0, 9.0, 13.0, 9.5 ] },
						"south": { "texture": "#gem", "uv": [ 9.0, 10.5, 9.5, 11.0 ] },
						"west": { "texture": "#gem", "uv": [ 5.0, 5.5, 6.0, 6.0 ], "enabled": false },
						"up": { "texture": "#gem", "uv": [ 10.5, 3.0, 11.0, 4.0 ] },
						"down": { "texture": "#gem", "uv": [ 1.5, 10.5, 2.0, 11.5 ] }
					}
				},
				{
					"name": "Cube10",
					"from": [ 0.6, 0.7, 0.9 ], 
					"to": [ 1.1, 1.0, 2.3 ], 
					"faces": {
						"north": { "texture": "#gem", "uv": [ 2.5, 8.5, 3.0, 9.0 ] },
						"east": { "texture": "#gem", "uv": [ 7.5, 5.5, 8.5, 6.0 ], "enabled": false },
						"south": { "texture": "#gem", "uv": [ 9.0, 10.5, 9.5, 11.0 ] },
						"west": { "texture": "#gem", "uv": [ 5.5, 9.5, 6.5, 10.0 ] },
						"up": { "texture": "#gem", "uv": [ 10.0, 10.5, 10.5, 11.5 ] },
						"down": { "texture": "#gem", "uv": [ 9.5, 5.0, 10.0, 6.0 ] }
					}
				},
				{
					"name": "Cube11",
					"from": [ 3.1, 0.7, 0.9 ], 
					"to": [ 3.6, 1.0, 2.3 ], 
					"faces": {
						"north": { "texture": "#gem", "uv": [ 2.5, 8.5, 3.0, 9.0 ] },
						"east": { "texture": "#gem", "uv": [ 7.5, 5.5, 8.5, 6.0 ] },
						"south": { "texture": "#gem", "uv": [ 11.0, 11.5, 11.5, 12.0 ] },
						"west": { "texture": "#gem", "uv": [ 5.5, 9.5, 6.5, 10.0 ], "enabled": false },
						"up": { "texture": "#gem", "uv": [ 3.5, 11.5, 4.0, 12.5 ] },
						"down": { "texture": "#gem", "uv": [ 9.5, 5.0, 10.0, 6.0 ] }
					}
				}
			]
		}
	]}