[
	{
		"ingredientPattern": "X",
		"ingredients": {
			"X": {
				"type": "item",
				"code": "essenceashtier2-*",
				"name": "type",
				"allowedVariants": [ "neutral", "light", "dark" ],
				"quantity": 1
			}
		},
		"width": 1,
		"height": 1,
		"shapeless": true,
		"output": {
			"type": "item",
			"code": "essenceashtier1-{type}",
			"quantity": 4
		}
	},
	{
		"ingredientPattern": "X",
		"ingredients": {
			"X": {
				"type": "item",
				"code": "essenceashtier3-*",
				"name": "type",
				"allowedVariants": [ "neutral", "light", "dark" ],
				"quantity": 1
			}
		},
		"width": 1,
		"height": 1,
		"shapeless": true,
		"output": {
			"type": "item",
			"code": "essenceashtier1-{type}",
			"quantity": 16
		}
	}
]
