{
	code: "lanternbell",
	class: "BlockLantern",
	entityClass: "Lantern",
	storageFlags: 257,
	behaviors: [
		{ name: "Lockable" }, 
		{ name: "OmniAttachable", properties: { 
			facingCode: "position",
			attachmentAreas: {
				"down": { x1: 7, y1: 15, z1: 7, x2: 8, y2: 15, z2: 8 },
				"up": { x1: 4, y1: 0, z1: 4, x2: 11, y2: 0, z2: 11 },
				"north": { x1: 7, y1: 11, z1: 0, x2: 8, y2: 13, z2: 1 },
				"east": { x1: 7, y1: 11, z1: 0, x2: 8, y2: 13, z2: 1, rotateY: 90 },
				"south": { x1: 7, y1: 11, z1: 0, x2: 8, y2: 13, z2: 1, rotateY: 180 },
				"west": { x1: 7, y1: 11, z1: 0, x2: 8, y2: 13, z2: 1, rotateY: 270 },
			},
		}},
		{ name: "RightClickPickup" } 
	],
	variantgroups: [
		{ code:"position", states: ["up", "down"], loadFromProperties: "abstract/horizontalorientation" }
	],
	shapebytype: {
		"lanternbell-up": { base: "block/metal/lanterns/bell/ground" },
		"lanternbell-down": { base: "block/metal/lanterns/bell/ceiling" },
		"lanternbell-north": { base: "block/metal/lanterns/bell/wall", rotateY: 180 },
		"lanternbell-east": { base: "block/metal/lanterns/bell/wall", rotateY: 90 },
		"lanternbell-south": { base: "block/metal/lanterns/bell/wall", rotateY: 0 },
		"lanternbell-west": { base: "block/metal/lanterns/bell/wall", rotateY: 270 }
	},
	"_comment": "Must declare textures so they get added to the block texture atlas",
	textures: {
		"copper": { base: "game:block/metal/lantern/copper" },
	},
	heldRightTpIdleAnimation: "holdinglanternrighthand",
	heldLeftTpIdleAnimation: "holdinglanternlefthand",
	attributesByType: {
		"*-up": {
			attachableToEntity: {
				categoryCode: "lantern",
				attachedShapeBySlotCode: {
					"Upper Mast Storage": { base: "block/metal/lantern/boat" },
					"neck": { base: "item/wearable/hooved/lantern1-elk" }
				},
				texturePrefixCode: "lantern"
			},	
		},
	},	
	creativeinventory: {  },
	creativeinventoryStacksByType: {
		"*-up": [
			{
				tabs: [ "general", "decorative" ],
				stacks: [
					{ type: "block", code: "lanternbell-up", attributes: { material: "bell"} },
				]
			}
		]
	},
	blockmaterial: "Metal",
	lightAbsorption: 0,
	lightHsv: [0, 90, 24],
	particlePropertiesbyType: {
		"*":[
		{
			"__comment": "Ember cubicles",
			hsvaColor: [{ avg: 20, var: 20 }, { avg: 255, var: 50 }, { avg: 255, var: 50 },  { avg: 255, var: 0 }],
			gravityEffect: { dist: "invexp", avg: 0, var: 0 },
			posOffsetByType: {
				"lanternbell-up-*": [ { avg: 0, var: 0.1 }, { avg: -0.2, var: 0 }, { avg: 0, var: 0.1 }],
				"lanternbell-north-*": [ { avg: 0, var: 0.1 }, { avg: -0.23, var: 0 }, { avg: -0.09, var: 0.1 }],
				"lanternbell-east-*": [ { avg: 0.09, var: 0.1 }, { avg: -0.23, var: 0 }, { avg: 0, var: 0.1 }],
				"lanternbell-south-*": [ { avg: 0, var: 0.1 }, { avg: -0.23, var: 0 }, { avg: 0.09, var: 0.1 }],
				"lanternbell-west-*": [ { avg: -0.09, var: 0.1 }, { avg: -0.23, var: 0 }, { avg: 0, var: 0.1 }],
			},
			velocity: [ { avg: 0, var: 0.15 }, { avg: 0.5, var: 0.1 }, { avg: 0, var: 0.15 }],
			quantity: { avg: 0.5 },
			size: { avg: 0.6, var: 0.4 },
			sizeEvolve: { transform: "quadratic", factor: -0.7 },
			lifeLength: { avg: 1.25 },
			vertexFlags: 128,
			windAffectednes: 0
		}
		]
	},
	sidesolid: {
		all: false
	},
	sideopaque: {
		all: false
	},
	replaceable: 500,
	resistance: 1,
	fpHandTransform: {
		translation: { x: 0.3, y: -0.1, z: 0 },
		rotation: { x: 0, y: -45, z: 0 },
		scale: 1.18
	},
	guiTransform: {
		translation: { x: 3, y: 13, z: 3 },
		rotation: { x: -13, y: -3, z: 24 },
		origin: { x: 0.5, y: 0.3, z: 0.5 },
		scale: 1.39
	},
	tpHandTransform: {
		translation: { x: -1.29, y: -0.74, z: -0.77 },
		rotation: { x: -180, y: -3, z: -90 },
		scale: 0.61
	},
	tpOffHandTransform: {
		translation: { x: -1.29, y: -0.74, z: -0.77 },
		rotation: { x: -180, y: -3, z: -90 },
		scale: 0.61
	},
	groundTransform: {
		translation: { x: 0, y: 0, z: 0 },
		rotation: { x: -79, y: -31, z: -9 },
		origin: { x: 0.5, y: 0, z: 0.5 },
		scale: 3.08
	},
	selectionboxbytype: {
		"*-up": { x1: 0.25, y1: 0, z1: 0.25, x2: 0.75, y2: 1, z2: 0.75 },
		"*-down": { x1: 0.25, y1: 0, z1: 0.25, x2: 0.75, y2: 1, z2: 0.75 },
		"*-east": { x1: 0.25, y1: 0, z1: 0.25, x2: 0.75, y2: 0.875, z2: 1, rotateY: 270 },
		"*-south": { x1: 0.25, y1: 0, z1: 0.25, x2: 0.75, y2: 0.875, z2: 1, rotateY: 180 },
		"*-west": { x1: 0.25, y1: 0, z1: 0.25, x2: 0.75, y2: 0.875, z2: 1, rotateY: 90 },
		"*-north": { x1: 0.25, y1: 0, z1: 0.25, x2: 0.75, y2: 0.875, z2: 1, rotateY: 0 }
	},
	collisionboxbytype: {
		"*-up": { x1: 0.25, y1: 0, z1: 0.25, x2: 0.6875, y2: 0.75, z2: 0.75 },
		"*-down": { x1: 0.25, y1: 0, z1: 0.25, x2: 0.75, y2: 1, z2: 0.75 },
		"*-east": { x1: 0.25, y1: 0, z1: 0.25, x2: 0.75, y2: 0.875, z2: 1, rotateY: 270 },
		"*-south": { x1: 0.25, y1: 0, z1: 0.25, x2: 0.75, y2: 0.875, z2: 1, rotateY: 180 },
		"*-west": { x1: 0.25, y1: 0, z1: 0.25, x2: 0.75, y2: 0.875, z2: 1, rotateY: 90 },
		"*-north": { x1: 0.25, y1: 0, z1: 0.25, x2: 0.75, y2: 0.875, z2: 1, rotateY: 0 }
	}
}