[
	{
   		"op": "addeach",
    	"path": "/selling/list/-",
			"side": "Server",
    	"value": [
			{
			"code": "floralzoneseastasiaticregion:flower-callistephuschinensis-6-free",
			"type": "block",
			"stacksize": 8,
			"stock": { "avg": 8, "var": 2 },
			"price": { "avg": 2, "var": 0.5 }
			},
			{
			"code": "floralzoneseastasiaticregion:flower-callistephuschinensis-7-free",
			"type": "block",
			"stacksize": 8,
			"stock": { "avg": 8, "var": 2 },
			"price": { "avg": 2, "var": 0.5 }
			}
		],
	"file": "game:config/tradelists/trader-luxuries.json"
	}
]