{
	"editor": {
		"allAngles": true,
		"entityTextureMode": true
	},
	"textureWidth": 64,
	"textureHeight": 64,
	"textureSizes": {
	},
	"textures": {
	},
	"elements": [
		{
			"name": "ArmorHelmet",
			"stepParentName": "Head",
			"from": [ -0.2, -0.5, -0.6 ], 
			"to": [ 6.4, 5.5, 5.7 ], 
			"unwrapMode": 4,
			"uv": [ 26.5, 14.0 ],
			"rotationOrigin": [ -0.2, -0.5, -0.6 ],
			"faces": {
				"north": { "texture": "#material", "uv": [ 26.5, 20.5, 33.0, 26.5 ] },
				"east": { "texture": "#material", "uv": [ 45.5, 20.5, 51.5, 26.5 ] },
				"south": { "texture": "#material", "uv": [ 39.0, 20.5, 45.5, 26.5 ] },
				"west": { "texture": "#material", "uv": [ 33.0, 20.5, 39.0, 26.5 ] },
				"up": { "texture": "#material", "uv": [ 33.0, 14.0, 39.0, 20.5 ], "rotation": 90 },
				"down": { "texture": "#material", "uv": [ 33.0, 26.5, 39.0, 33.0 ], "rotation": 90 }
			},
			"children": [
				{
					"name": "ArmorFace",
					"from": [ -1.5, 0.4, 0.1 ], 
					"to": [ 1.5, 3.4, 6.1 ], 
					"autoUnwrap": false,
					"uv": [ 47.5, 25.0 ],
					"rotationOrigin": [ 0.0, 1.9, 3.1 ],
					"rotationZ": 45.0,
					"faces": {
						"north": { "texture": "#material", "uv": [ 31.0, 9.0, 34.0, 12.0 ] },
						"east": { "texture": "#material", "uv": [ 3.0, 1.0, 9.0, 4.0 ], "enabled": false },
						"south": { "texture": "#material", "uv": [ 40.0, 9.0, 43.0, 12.0 ] },
						"west": { "texture": "#material", "uv": [ 34.0, 10.5, 40.0, 13.5 ] },
						"up": { "texture": "#material", "uv": [ 34.0, 7.5, 40.0, 10.5 ], "rotation": 90 },
						"down": { "texture": "#material", "uv": [ 3.0, 0.0, 6.0, 6.0 ], "enabled": false }
					},
					"children": [
						{
							"name": "ArmorNasal",
							"from": [ 1.0, 3.0, 2.5 ], 
							"to": [ 4.0, 3.5, 3.5 ], 
							"uv": [ 39.5, 27.0 ],
							"rotationOrigin": [ 1.0, 3.0, 3.0 ],
							"faces": {
								"north": { "texture": "#material", "uv": [ 39.5, 28.0, 42.5, 28.5 ] },
								"east": { "texture": "#material", "uv": [ 3.0, 1.0, 4.0, 2.0 ], "enabled": false },
								"south": { "texture": "#material", "uv": [ 42.5, 28.0, 45.5, 28.5 ] },
								"west": { "texture": "#material", "uv": [ 45.5, 28.0, 46.5, 28.5 ] },
								"up": { "texture": "#material", "uv": [ 39.5, 27.0, 42.5, 28.0 ] },
								"down": { "texture": "#material", "uv": [ 3.0, 0.0, 6.0, 1.0 ], "enabled": false }
							}
						}
					]
				}
			]
		},
		{
			"name": "ArmorNeck",
			"stepParentName": "Neck",
			"from": [ -0.3, 0.6, -0.3 ], 
			"to": [ 3.3, 2.4, 3.3 ], 
			"unwrapMode": 4,
			"uv": [ 12.0, 5.5 ],
			"rotationOrigin": [ -0.3, 2.6, -0.3 ],
			"faces": {
				"north": { "texture": "#material", "uv": [ 12.0, 5.5, 15.5, 7.0 ] },
				"east": { "texture": "#material", "uv": [ 22.5, 5.5, 26.0, 7.0 ] },
				"south": { "texture": "#material", "uv": [ 19.0, 5.5, 22.5, 7.0 ] },
				"west": { "texture": "#material", "uv": [ 15.5, 5.5, 19.0, 7.0 ] },
				"up": { "texture": "#material", "uv": [ 15.5, 5.5, 19.0, 9.0 ], "rotation": 90, "enabled": false },
				"down": { "texture": "#material", "uv": [ 15.5, 7.0, 19.0, 10.5 ], "rotation": 90, "enabled": false }
			}
		}
	]}