{
  "code": "storagevesselsortable",
  "class": "BlockGenericSortableTypedContainer",
  "entityclass": "BEGenericSortableTypedContainer",
  "behaviors": [
    { "name": "Lockable" },
    { "name": "SortableContainer" },
    { "name": "UnstableFalling" }
  ],
  "entityBehaviors": [ { "name": "Animatable" } ],
  "variantgroups": [
    {
      "code": "variant",
      "states": [
        "ashforest",
        "chthonic",
        "copper",
        "burned",
        "earthen",
        "rain",
        "cowrie",
        "rime",
        "oxblood",
        "loam",
        "undergrowth",
        "beehive",
        "harvest",
        "honeydew",
        "rutile",
        "seasalt",
        "springflowers",
        "volcanic",
        "cloisonne",
        "cornflower",
        "talik",
        "caveaurora",
        "collonade",
        "rattlesnake",
        "waves",
        "wintersea"
      ]
    }
  ],
  "shape": { "base": "game:block/clay/storagevessel" },
  "texturesByType": {
    "*": {
      "ceramic": { "base": "game:block/clay/ceramic" },
      "top": { "base": "game:block/clay/vessel/top/{variant}" },
      "sides": { "base": "game:block/clay/vessel/sides/{variant}" },
      "inside": { "base": "game:block/clay/vessel/inside/{variant}" },

      "normal-ceramic": { "base": "game:block/clay/ceramic" },
      "normal-top": { "base": "game:block/clay/vessel/top/{variant}" },
      "normal-sides": { "base": "game:block/clay/vessel/sides/{variant}" },
      "normal-inside": { "base": "game:block/clay/vessel/inside/{variant}" }
    }
  },
  "attributes": {
    "reinforcable": true,
    "humanoidTraversalCost": 100,
    "tempGlowMode": 1,
    "partialAttachable": true,
    "inventoryClassName": "chest",
    "defaultType": "normal",
    "types": [ "normal" ],
    "drop": {
      "normal": true
    },
    "quantitySlots": {
      "normal": 12
    },
    "dialogTitleLangCode": {
      "normal": "vesselcontents"
    },
    "storageType": {
      "normal": 32
    },
    "retrieveOnly": {
      "normal": false
    },
    "spoilSpeedMulByFoodCat": {
      "normal": {
        "vegetable": 0.75,
        "grain": 0.5
      }
    },
    "shape": {
      "normal": "game:block/clay/storagevessel"
    },
    "variantByGroup": "variant",
    "variantByGroupInventory": "variant",
    "openSound": "game:sounds/block/vesselopen",
    "closeSound": "game:sounds/block/vesselclose",
    "onTongTransform": {
      "translation": {
        "x": -1.3,
        "y": -1.06,
        "z": -0.4
      },
      "rotation": {
        "x": -88,
        "y": -16,
        "z": -2
      },
      "scale": 0.7
    }
  },
  "blockmaterial": "Ceramic",
  "creativeinventory": {},
  "creativeinventoryStacksByType": {
    "*": [
      {
        "tabs": [ "general", "decorative", "sortable" ],
        "stacks": [
          {
            "type": "block",
            "code": "storagevesselsortable-{variant}",
            "attributes": { "type": "normal" }
          }
        ]
      }
    ]
  },
  "replaceable": 1000,
  "resistance": 0.8,
  "maxStackSize": 4,
  "sideAo": { "all": false },
  "lightAbsorption": 0,
  "sounds": {
    "walk": "game:walk/stone",
    "break": "game:block/ceramicplace",
    "hit": "game:block/ceramichit",
    "place": "game:block/ceramicplace"
  },
  "sideopaque": {
    "all": false
  },
  "sidesolid": {
    "all": false
  },
  "collisionSelectionBox": {
    "x1": 0.125,
    "y1": 0,
    "z1": 0.125,
    "x2": 0.875,
    "y2": 1,
    "z2": 0.875
  },
  "heldTpIdleAnimation": "holdunderarm",
  "guiTransform": {
    "rotation": {
      "x": -22.6,
      "y": -98,
      "z": 0
    },
    "scale": 1.25
  },
  "tpHandTransform": {
    "translation": {
      "x": -1,
      "y": -0.5,
      "z": -0.5
    },
    "rotation": {
      "x": 25,
      "y": -20,
      "z": -99
    },
    "scale": 0.56
  }
}
