{
			"money": { "avg": 100, "var": 20 },
//Продаж
			"selling": {
				"maxItems": 2,
				"list": [
					{
						"code": "game:creature-humanoid-trader-painter",
						"type": "item",
						"stacksize": 1,
						"stock": {
							"avg": 1,
							"var": 0.25
						},
						"price": {
							"avg": 1000,
							"var": 100
						}
					},
					{
						"code": "game:creature-humanoid-trader-clockmaker",
						"type": "item",
						"stacksize": 1,
						"stock": {
							"avg": 1,
							"var": 0.25
						},
						"price": {
							"avg": 1000,
							"var": 100
						}
					},
					{
						"code": "game:creature-humanoid-trader-antique",
						"type": "item",
						"stacksize": 1,
						"stock": {
							"avg": 1,
							"var": 0.25
						},
						"price": {
							"avg": 1000,
							"var": 100
						}
					},
					{
						"code": "game:creature-humanoid-trader-sommelier",
						"type": "item",
						"stacksize": 1,
						"stock": {
							"avg": 1,
							"var": 0.25
						},
						"price": {
							"avg": 1000,
							"var": 100
						}
					},
					{
						"code": "game:creature-humanoid-trader-lepidopterologist",
						"type": "item",
						"stacksize": 1,
						"stock": {
							"avg": 1,
							"var": 0.25
						},
						"price": {
							"avg": 1000,
							"var": 100
						}
					}
				]
			},
//Купівля
			"buying": {
				"maxItems": 8,
				"list": [
					{
						"code": "game:rope",
						"type": "item",
						"stacksize": 6,
						"stock": {
							"avg": 2,
							"var": 0.25
						},
						"price": {
							"avg": 3,
							"var": 0.25
						}
					},
					{
						"code": "game:clothes-upperbody-tattered-linen-shirt",
						"type": "item",
						"stacksize": 1,
						"stock": {
							"avg": 1,
							"var": 0.25
						},
						"price": {
							"avg": 5,
							"var": 0.25
						}
					}
				]
			}
}