{
			"money": { "avg": 100, "var": 20 },
//Продаж
			"selling": {
				"maxItems": 12,
				"list": [
//Закуска
					{
						"code": "game:cheese-waxedcheddar-4slice",
						"type": "item",
						"stacksize": 1,
						"stock": {
							"avg": 4,
							"var": 0.25
						},
						"price": {
							"avg": 10,
							"var": 2.5
						},
					},
					{
						"code": "game:cheese-blue-4slice",
						"type": "item",
						"stacksize": 1,
						"stock": {
							"avg": 4,
							"var": 0.25
						},
						"price": {
							"avg": 8,
							"var": 2
						},
					},
					{
						"code": "game:redmeat-cooked",
						"type": "item",
						"stacksize": 2,
						"stock": {
							"avg": 6,
							"var": 1.5
						},
						"price": {
							"avg": 1,
							"var": 0.25
						},
					},
                    {
						"code": "game:cheese-cheddar-1slice",
						"type": "item",
						"stacksize": 1,
						"stock": {
							"avg": 4,
							"var": 1
						},
						"price": {
							"avg": 1,
							"var": 0.25
						},
					},
					{
						"code": "game:cheese-blue-1slice",
						"type": "item",
						"stacksize": 1,
						"stock": {
							"avg": 2,
							"var": 1
						},
						"price": {
							"avg": 1,
							"var": 0.25
						},
					},
                    {
						"code": "game:fat",
						"type": "item",
						"stacksize": 2,
						"stock": {
							"avg": 2,
							"var": 0.5
						},
						"price": {
							"avg": 2,
							"var": 0.5
						},
					},
					{
						"code": "game:legume-peanut",
						"type": "item",
						"stacksize": 20,
						"stock": {
							"avg": 4,
							"var": 0.25
						},
						"price": {
							"avg": 6,
							"var": 0
						},
					},
					{
						"code": "game:fish-cured",
						"type": "item",
						"stacksize": 2,
						"stock": {
							"avg": 4,
							"var": 1.5
						},
						"price": {
							"avg": 3,
							"var": 0
						},
					},   
//Посудини			
					{
						"code": "game:woodbucket",
						"type": "block",
						"stacksize": 4,
						"stock": {
							"avg": 4,
							"var": 0.25
						},
						"price": {
							"avg": 3,
							"var": 0.25
						},
					},
					{
						"code": "game:jug-blue-fired",
						"type": "block",
						"stacksize": 8,
						"stock": {
							"avg": 4,
							"var": 0.25
						},
						"price": {
							"avg": 8,
							"var": 0
						},
					},
					{
						"code": "game:jug-fire-fired",
						"type": "block",
						"stacksize": 8,
						"stock": {
							"avg": 4,
							"var": 0.25
						},
						"price": {
							"avg": 8,
							"var": 0
						},
					},
					{
						"code": "game:jug-black-fired",
						"type": "block",
						"stacksize": 8,
						"stock": {
							"avg": 4,
							"var": 0.25
						},
						"price": {
							"avg": 8,
							"var": 0
						},
					},
					{
						"code": "game:jug-brown-fired",
						"type": "block",
						"stacksize": 8,
						"stock": {
							"avg": 4,
							"var": 0.25
						},
						"price": {
							"avg": 8,
							"var": 0
						},
					},
					{
						"code": "game:jug-cream-fired",
						"type": "block",
						"stacksize": 8,
						"stock": {
							"avg": 4,
							"var": 0.25
						},
						"price": {
							"avg": 8,
							"var": 0
						},
					},
					{
						"code": "game:jug-orange-fired",
						"type": "block",
						"stacksize": 8,
						"stock": {
							"avg": 4,
							"var": 0.25
						},
						"price": {
							"avg": 8,
							"var": 0
						},
					},
					{
						"code": "game:jug-red-fired",
						"type": "block",
						"stacksize": 8,
						"stock": {
							"avg": 4,
							"var": 0.25
						},
						"price": {
							"avg": 8,
							"var": 0
						}
					},		      
				]
			},
//Купівля
			"buying": {
				"maxItems": 12,
				"list": [
//Вино/сидр ciderportion
					{
						"code": "game:woodbucket",
						"type": "block",
						"stacksize": 1,
						"stock": {
							"avg": 4,
							"var": 0.25
						},
						"price": {
							"avg": 9,
							"var": 0.75
						},
						"attributes": {
							"ucontents": [
								{
									"type": "item",
									"code": "game:ciderportion-blueberry",
									"makefull": true
								}
							]
						}
					},
					{
						"code": "game:woodbucket",
						"type": "block",
						"stacksize": 1,
						"stock": {
							"avg": 4,
							"var": 0.25
						},
						"price": {
							"avg": 9,
							"var": 0.75
						},
						"attributes": {
							"ucontents": [
								{
									"type": "item",
									"code": "game:ciderportion-cranberry",
									"makefull": true
								}
							]
						}
					},
					{
						"code": "game:woodbucket",
						"type": "block",
						"stacksize": 1,
						"stock": {
							"avg": 4,
							"var": 0.25
						},
						"price": {
							"avg": 9,
							"var": 0.75
						},
						"attributes": {
							"ucontents": [
								{
									"type": "item",
									"code": "game:ciderportion-redcurrant",
									"makefull": true
								}
							]
						}
					},
					{
						"code": "game:woodbucket",
						"type": "block",
						"stacksize": 1,
						"stock": {
							"avg": 4,
							"var": 0.25
						},
						"price": {
							"avg": 9,
							"var": 0.75
						},
						"attributes": {
							"ucontents": [
								{
									"type": "item",
									"code": "game:ciderportion-whitecurrant",
									"makefull": true
								}
							]
						}
					},
					{
						"code": "game:woodbucket",
						"type": "block",
						"stacksize": 1,
						"stock": {
							"avg": 4,
							"var": 0.25
						},
						"price": {
							"avg": 9,
							"var": 0.75
						},
						"attributes": {
							"ucontents": [
								{
									"type": "item",
								    "code": "game:ciderportion-blackcurrant",
									"makefull": true
								}
							]
						}
					},
					{
						"code": "game:woodbucket",
						"type": "block",
						"stacksize": 1,
						"stock": {
							"avg": 4,
							"var": 0.25
						},
						"price": {
							"avg": 9,
							"var": 0.75
						},
						"attributes": {
							"ucontents": [
								{
									"type": "item",
									"code": "game:ciderportion-saguaro",
									"makefull": true
								}
							]
						}
					},
					{
						"code": "game:woodbucket",
						"type": "block",
						"stacksize": 1,
						"stock": {
							"avg": 4,
							"var": 0.25
						},
						"price": {
							"avg": 9,
							"var": 0.75
						},
						"attributes": {
							"ucontents": [
								{
									"type": "item",
									"code": "game:ciderportion-pineapple",
									"makefull": true
								}
							]
						}
					},
					{
						"code": "game:woodbucket",
						"type": "block",
						"stacksize": 1,
						"stock": {
							"avg": 4,
							"var": 0.25
						},
						"price": {
							"avg": 9,
							"var": 0.75
						},
						"attributes": {
							"ucontents": [
								{
									"type": "item",
									"code": "game:ciderportion-apple",
									"makefull": true
								}
							]
						}
					},
					{
						"code": "game:woodbucket",
						"type": "block",
						"stacksize": 1,
						"stock": {
							"avg": 4,
							"var": 0.25
						},
						"price": {
							"avg": 9,
							"var": 0.75
						},
						"attributes": {
							"ucontents": [
								{
									"type": "item",
									"code": "game:ciderportion-cherry",
									"makefull": true
								}
							]
						}
					},
					{
						"code": "game:woodbucket",
						"type": "block",
						"stacksize": 1,
						"stock": {
							"avg": 4,
							"var": 0.25
						},
						"price": {
							"avg": 9,
							"var": 0.75
						},
						"attributes": {
							"ucontents": [
								{
									"type": "item",
									"code": "game:ciderportion-peach",
									"makefull": true
								}
							]
						}
					},
					{
						"code": "game:woodbucket",
						"type": "block",
						"stacksize": 1,
						"stock": {
							"avg": 4,
							"var": 0.25
						},
						"price": {
							"avg": 9,
							"var": 0.75
						},
						"attributes": {
							"ucontents": [
								{
									"type": "item",
									"code": "game:ciderportion-pear",
									"makefull": true
								}
							]
						}
					},
					{
						"code": "game:woodbucket",
						"type": "block",
						"stacksize": 1,
						"stock": {
							"avg": 4,
							"var": 0.25
						},
						"price": {
							"avg": 9,
							"var": 0.75
						},
						"attributes": {
							"ucontents": [
								{
									"type": "item",
									"code": "game:ciderportion-orange",
									"makefull": true
								}
							]
						}
					},
					{
						"code": "game:woodbucket",
						"type": "block",
						"stacksize": 1,
						"stock": {
							"avg": 4,
							"var": 0.25
						},
						"price": {
							"avg": 9,
							"var": 0.75
						},
						"attributes": {
							"ucontents": [
								{
									"type": "item",
									"code": "game:ciderportion-mango",
									"makefull": true
								}
							]
						}
					},
					{
						"code": "game:woodbucket",
						"type": "block",
						"stacksize": 1,
						"stock": {
							"avg": 4,
							"var": 0.25
						},
						"price": {
							"avg": 9,
							"var": 0.75
						},
						"attributes": {
							"ucontents": [
								{
									"type": "item",
									"code": "game:ciderportion-mead",
									"makefull": true
								}
							]
						}
					},
					{
						"code": "game:woodbucket",
						"type": "block",
						"stacksize": 1,
						"stock": {
							"avg": 4,
							"var": 0.25
						},
						"price": {
							"avg": 9,
							"var": 0.75
						},
						"attributes": {
							"ucontents": [
								{
									"type": "item",
									"code": "game:ciderportion-breadfruit",
									"makefull": true
								}
							]
						}
					},
					{
						"code": "game:woodbucket",
						"type": "block",
						"stacksize": 1,
						"stock": {
							"avg": 4,
							"var": 0.25
						},
						"price": {
							"avg": 9,
							"var": 0.75
						},
						"attributes": {
							"ucontents": [
								{
									"type": "item",
									"code": "game:ciderportion-spelt",
									"makefull": true
								}
							]
						}
					},
					{
						"code": "game:woodbucket",
						"type": "block",
						"stacksize": 1,
						"stock": {
							"avg": 4,
							"var": 0.25
						},
						"price": {
							"avg": 9,
							"var": 0.75
						},
						"attributes": {
							"ucontents": [
								{
									"type": "item",
									"code": "game:ciderportion-rice",
									"makefull": true
								}
							]
						}
					},
					{
						"code": "game:woodbucket",
						"type": "block",
						"stacksize": 1,
						"stock": {
							"avg": 4,
							"var": 0.25
						},
						"price": {
							"avg": 9,
							"var": 0.75
						},
						"attributes": {
							"ucontents": [
								{
									"type": "item",
									"code": "game:ciderportion-rye",
									"makefull": true
								}
							]
						}
					},
					{
						"code": "game:woodbucket",
						"type": "block",
						"stacksize": 1,
						"stock": {
							"avg": 4,
							"var": 0.25
						},
						"price": {
							"avg": 9,
							"var": 0.75
						},
						"attributes": {
							"ucontents": [
								{
									"type": "item",
									"code": "game:ciderportion-amaranth",
									"makefull": true
								}
							]
						}
					},
					{
						"code": "game:woodbucket",
						"type": "block",
						"stacksize": 1,
						"stock": {
							"avg": 4,
							"var": 0.25
						},
						"price": {
							"avg": 9,
							"var": 0.75
						},
						"attributes": {
							"ucontents": [
								{
									"type": "item",
									"code": "game:ciderportion-cassava",
									"makefull": true
								}
							]
						}
					},
					{
						"code": "game:woodbucket",
						"type": "block",
						"stacksize": 1,
						"stock": {
							"avg": 4,
							"var": 0.25
						},
						"price": {
							"avg": 9,
							"var": 0.75
						},
						"attributes": {
							"ucontents": [
								{
									"type": "item",
									"code": "game:ciderportion-lychee",
									"makefull": true
								}
							]
						}
					},
					{
						"code": "game:woodbucket",
						"type": "block",
						"stacksize": 1,
						"stock": {
							"avg": 4,
							"var": 0.25
						},
						"price": {
							"avg": 9,
							"var": 0.75
						},
						"attributes": {
							"ucontents": [
								{
									"type": "item",
									"code": "game:ciderportion-pomegranate",
									"makefull": true
								}
							]
						}
					},
//Спиртовий алкоголь/бренді spiritportion
//Ягодні кущі
					{
						"code": "game:jug-brown-fired",
						"type": "block",
						"stacksize": 1,
						"stock": {
							"avg": 8,
							"var": 1.5
						},
						"price": {
							"avg": 5,
							"var": 1.5
						},
						"attributes": {
							"ucontents": [
								{
									"type": "item",
									"code": "game:spiritportion-blueberry",
									"makefull": true
								}
							]
						}
					},
					{
						"code": "game:jug-brown-fired",
						"type": "block",
						"stacksize": 1,
						"stock": {
							"avg": 8,
							"var": 1.5
						},
						"price": {
							"avg": 5,
							"var": 1.5
						},
						"attributes": {
							"ucontents": [
								{
									"type": "item",
									"code": "game:spiritportion-cranberry",
									"makefull": true
								}
							]
						}
					},
					{
						"code": "game:jug-brown-fired",
						"type": "block",
						"stacksize": 1,
						"stock": {
							"avg": 8,
							"var": 1.5
						},
						"price": {
							"avg": 5,
							"var": 1.5
						},
						"attributes": {
							"ucontents": [
								{
									"type": "item",
									"code": "game:spiritportion-redcurrant",
									"makefull": true
								}
							]
						}
					},
					{
						"code": "game:jug-brown-fired",
						"type": "block",
						"stacksize": 1,
						"stock": {
							"avg": 8,
							"var": 1.5
						},
						"price": {
							"avg": 5,
							"var": 1.5
						},
						"attributes": {
							"ucontents": [
								{
									"type": "item",
									"code": "game:spiritportion-whitecurrant",
									"makefull": true
								}
							]
						}
					},
					{
						"code": "game:jug-brown-fired",
						"type": "block",
						"stacksize": 1,
						"stock": {
							"avg": 8,
							"var": 1.5
						},
						"price": {
							"avg": 5,
							"var": 1.5
						},
						"attributes": {
							"ucontents": [
								{
									"type": "item",
									"code": "game:spiritportion-blackcurrant",
									"makefull": true
								}
							]
						}
					},
//Кактуси
                    {
						"code": "game:jug-black-fired",
						"type": "block",
						"stacksize": 1,
						"stock": {
							"avg": 8,
							"var": 1.5
						},
						"price": {
							"avg": 5,
							"var": 1.5
						},
						"attributes": {
							"ucontents": [
								{
									"type": "item",
									"code": "game:spiritportion-saguaro",
									"makefull": true
								}
							]
						}
					},
//Фруктові дерева
					{
						"code": "game:jug-red-fired",
						"type": "block",
						"stacksize": 1,
						"stock": {
							"avg": 8,
							"var": 1.5
						},
						"price": {
							"avg": 5,
							"var": 1.5
						},
						"attributes": {
							"ucontents": [
								{
									"type": "item",
									"code": "game:spiritportion-pineapple",
									"makefull": true
								}
							]
						}
					},
					{
						"code": "game:jug-red-fired",
						"type": "block",
						"stacksize": 1,
						"stock": {
							"avg": 8,
							"var": 1.5
						},
						"price": {
							"avg": 5,
							"var": 1.5
						},
						"attributes": {
							"ucontents": [
								{
									"type": "item",
									"code": "game:spiritportion-apple",
									"makefull": true
								}
							]
						}
					},
					{
						"code": "game:jug-red-fired",
						"type": "block",
						"stacksize": 1,
						"stock": {
							"avg": 8,
							"var": 1.5
						},
						"price": {
							"avg": 5,
							"var": 1.5
						},
						"attributes": {
							"ucontents": [
								{
									"type": "item",
									"code": "game:spiritportion-cherry",
									"makefull": true
								}
							]
						}
					},
					{
						"code": "game:jug-red-fired",
						"type": "block",
						"stacksize": 1,
						"stock": {
							"avg": 8,
							"var": 1.5
						},
						"price": {
							"avg": 5,
							"var": 1.5
						},
						"attributes": {
							"ucontents": [
								{
									"type": "item",
									"code": "game:spiritportion-peach",
									"makefull": true
								}
							]
						}
					},
					{
						"code": "game:jug-red-fired",
						"type": "block",
						"stacksize": 1,
						"stock": {
							"avg": 8,
							"var": 1.5
						},
						"price": {
							"avg": 5,
							"var": 1.5
						},
						"attributes": {
							"ucontents": [
								{
									"type": "item",
									"code": "game:spiritportion-pear",
									"makefull": true
								}
							]
						}
					},
					{
						"code": "game:jug-red-fired",
						"type": "block",
						"stacksize": 1,
						"stock": {
							"avg": 8,
							"var": 1.5
						},
						"price": {
							"avg": 5,
							"var": 1.5
						},
						"attributes": {
							"ucontents": [
								{
									"type": "item",
									"code": "game:spiritportion-orange",
									"makefull": true
								}
							]
						}
					},
					{
						"code": "game:jug-red-fired",
						"type": "block",
						"stacksize": 1,
						"stock": {
							"avg": 8,
							"var": 1.5
						},
						"price": {
							"avg": 5,
							"var": 1.5
						},
						"attributes": {
							"ucontents": [
								{
									"type": "item",
									"code": "game:spiritportion-mango",
									"makefull": true
								}
							]
						}
					},
					{
						"code": "game:jug-red-fired",
						"type": "block",
						"stacksize": 1,
						"stock": {
							"avg": 8,
							"var": 1.5
						},
						"price": {
							"avg": 5,
							"var": 1.5
						},
						"attributes": {
							"ucontents": [
								{
									"type": "item",
									"code": "game:spiritportion-lychee",
									"makefull": true
								}
							]
						}
					},
					{
						"code": "game:jug-red-fired",
						"type": "block",
						"stacksize": 1,
						"stock": {
							"avg": 8,
							"var": 1.5
						},
						"price": {
							"avg": 5,
							"var": 1.5
						},
						"attributes": {
							"ucontents": [
								{
									"type": "item",
									"code": "game:spiritportion-pomegranate",
									"makefull": true
								}
							]
						}
					},
//Горілка, віскі
					{
						"code": "game:jug-cream-fired",
						"type": "block",
						"stacksize": 1,
						"stock": {
							"avg": 8,
							"var": 1.5
						},
						"price": {
							"avg": 5,
							"var": 1.5
						},
						"attributes": {
							"ucontents": [
								{
									"type": "item",
									"code": "game:spiritportion-mead",
									"makefull": true
								}
							]
						}
					},
					{
						"code": "game:jug-cream-fired",
						"type": "block",
						"stacksize": 1,
						"stock": {
							"avg": 8,
							"var": 1.5
						},
						"price": {
							"avg": 5,
							"var": 1.5
						},
						"attributes": {
							"ucontents": [
								{
									"type": "item",
									"code": "game:spiritportion-breadfruit",
									"makefull": true
								}
							]
						}
					},
					{
						"code": "game:jug-cream-fired",
						"type": "block",
						"stacksize": 1,
						"stock": {
							"avg": 8,
							"var": 1.5
						},
						"price": {
							"avg": 5,
							"var": 1.5
						},
						"attributes": {
							"ucontents": [
								{
									"type": "item",
									"code": "game:spiritportion-spelt",
									"makefull": true
								}
							]
						}
					},
					{
						"code": "game:jug-cream-fired",
						"type": "block",
						"stacksize": 1,
						"stock": {
							"avg": 8,
							"var": 1.5
						},
						"price": {
							"avg": 5,
							"var": 1.5
						},
						"attributes": {
							"ucontents": [
								{
									"type": "item",
									"code": "game:spiritportion-rice",
									"makefull": true
								}
							]
						}
					},
					{
						"code": "game:jug-cream-fired",
						"type": "block",
						"stacksize": 1,
						"stock": {
							"avg": 8,
							"var": 1.5
						},
						"price": {
							"avg": 5,
							"var": 1.5
						},
						"attributes": {
							"ucontents": [
								{
									"type": "item",
									"code": "game:spiritportion-rye",
									"makefull": true
								}
							]
						}
					},
					{
						"code": "game:jug-cream-fired",
						"type": "block",
						"stacksize": 1,
						"stock": {
							"avg": 8,
							"var": 1.5
						},
						"price": {
							"avg": 5,
							"var": 1.5
						},
						"attributes": {
							"ucontents": [
								{
									"type": "item",
									"code": "game:spiritportion-amaranth",
									"makefull": true
								}
							]
						}
					},
					{
						"code": "game:jug-cream-fired",
						"type": "block",
						"stacksize": 1,
						"stock": {
							"avg": 8,
							"var": 1.5
						},
						"price": {
							"avg": 5,
							"var": 1.5
						},
						"attributes": {
							"ucontents": [
								{
									"type": "item",
									"code": "game:spiritportion-cassava",
									"makefull": true
								}
							]
						}
					},									
//Чистий спирт					
					{
						"code": "game:jug-fire-fired",
						"type": "block",
						"stacksize": 1,
						"stock": {
							"avg": 8,
							"var": 1.5
						},
						"price": {
							"avg": 6,
							"var": 1.5
						},
						"attributes": {
							"ucontents": [
								{
									"type": "item",
									"code": "game:alcoholportion",
									"makefull": true
								}
							]
						}
					},
]
}
}
	