{
	"editor": {
		"allAngles": false,
		"entityTextureMode": false
	},
	"textureWidth": 16,
	"textureHeight": 16,
	"textureSizes": {
	},
	"textures": {
	},
	"elements": [
		{
			"name": "Cube2",
			"from": [ 5.0, 0.0, 7.0 ],
			"to": [ 11.0, 1.0, 9.0 ],
			"rotationOrigin": [ 5.0, 0.0, 7.0 ],
			"faces": {
				"north": { "texture": "#metal", "uv": [ 0.0, 0.0, 6.0, 1.0 ], "snapUv": false, "windMode": [-1,-1,-1,-1] },
				"east": { "texture": "#metal", "uv": [ 0.0, 0.0, 2.0, 1.0 ], "windMode": [-1,-1,-1,-1] },
				"south": { "texture": "#metal", "uv": [ 0.0, 0.0, 6.0, 1.0 ], "windMode": [-1,-1,-1,-1] },
				"west": { "texture": "#metal", "uv": [ 0.0, 0.0, 2.0, 1.0 ], "windMode": [-1,-1,-1,-1] },
				"up": { "texture": "#metal", "uv": [ 8.5, 8.5, 14.5, 10.5 ], "windMode": [-1,-1,-1,-1] },
				"down": { "texture": "#metal", "uv": [ 0.0, 0.0, 6.0, 2.0 ], "windMode": [-1,-1,-1,-1] }
			}
		},
		{
			"name": "Cube3",
			"from": [ 7.0, 0.0, 7.0 ],
			"to": [ 9.0, 1.0, 9.0 ],
			"rotationOrigin": [ 7.0, 0.0, 7.0 ],
			"rotationY": 90.0,
			"faces": {
				"north": { "texture": "#metal", "uv": [ 0.0, 0.0, 2.0, 1.0 ] },
				"east": { "texture": "#metal", "uv": [ 0.0, 0.0, 2.0, 1.0 ] },
				"south": { "texture": "#metal", "uv": [ 0.0, 0.0, 2.0, 1.0 ] },
				"west": { "texture": "#metal", "uv": [ 0.0, 0.0, 2.0, 1.0 ] },
				"up": { "texture": "#metal", "uv": [ 8.5, 8.5, 10.5, 10.5 ] },
				"down": { "texture": "#metal", "uv": [ 0.0, 0.0, 2.0, 2.0 ] }
			}
		},
		{
			"name": "Cube4",
			"from": [ 7.0, 0.0, 11.0 ],
			"to": [ 9.0, 1.0, 13.0 ],
			"rotationOrigin": [ 7.0, 0.0, 11.0 ],
			"rotationY": 90.0,
			"faces": {
				"north": { "texture": "#metal", "uv": [ 0.0, 0.0, 2.0, 1.0 ] },
				"east": { "texture": "#metal", "uv": [ 0.0, 0.0, 2.0, 1.0 ] },
				"south": { "texture": "#metal", "uv": [ 0.0, 0.0, 2.0, 1.0 ] },
				"west": { "texture": "#metal", "uv": [ 0.0, 0.0, 2.0, 1.0 ] },
				"up": { "texture": "#metal", "uv": [ 8.5, 8.5, 10.5, 10.5 ] },
				"down": { "texture": "#metal", "uv": [ 0.0, 0.0, 2.0, 2.0 ] }
			}
		},
		{
			"name": "Cube5",
			"from": [ 9.0, 0.0, 10.0 ],
			"to": [ 10.0, 1.0, 11.0 ],
			"rotationOrigin": [ 9.0, 0.0, 10.0 ],
			"rotationY": 90.0,
			"faces": {
				"north": { "texture": "#metal", "uv": [ 0.0, 0.0, 1.0, 1.0 ] },
				"east": { "texture": "#metal", "uv": [ 0.0, 0.0, 1.0, 1.0 ] },
				"south": { "texture": "#metal", "uv": [ 0.0, 0.0, 1.0, 1.0 ] },
				"west": { "texture": "#metal", "uv": [ 0.0, 0.0, 1.0, 1.0 ] },
				"up": { "texture": "#metal", "uv": [ 8.5, 8.5, 9.5, 9.5 ] },
				"down": { "texture": "#metal", "uv": [ 0.0, 0.0, 1.0, 1.0 ] }
			}
		},
		{
			"name": "Cube6",
			"from": [ 9.0, 0.0, 7.0 ],
			"to": [ 10.0, 1.0, 8.0 ],
			"rotationOrigin": [ 9.0, 0.0, 7.0 ],
			"rotationY": 90.0,
			"faces": {
				"north": { "texture": "#metal", "uv": [ 0.0, 0.0, 1.0, 1.0 ] },
				"east": { "texture": "#metal", "uv": [ 0.0, 0.0, 1.0, 1.0 ] },
				"south": { "texture": "#metal", "uv": [ 0.0, 0.0, 1.0, 1.0 ] },
				"west": { "texture": "#metal", "uv": [ 0.0, 0.0, 1.0, 1.0 ] },
				"up": { "texture": "#metal", "uv": [ 8.5, 8.5, 9.5, 9.5 ] },
				"down": { "texture": "#metal", "uv": [ 0.0, 0.0, 1.0, 1.0 ] }
			}
		},
		{
			"name": "Cube7",
			"from": [ 6.0, 0.0, 7.0 ],
			"to": [ 7.0, 1.0, 8.0 ],
			"rotationOrigin": [ 6.0, 0.0, 7.0 ],
			"rotationY": 90.0,
			"faces": {
				"north": { "texture": "#metal", "uv": [ 0.0, 0.0, 1.0, 1.0 ] },
				"east": { "texture": "#metal", "uv": [ 0.0, 0.0, 1.0, 1.0 ] },
				"south": { "texture": "#metal", "uv": [ 0.0, 0.0, 1.0, 1.0 ] },
				"west": { "texture": "#metal", "uv": [ 0.0, 0.0, 1.0, 1.0 ] },
				"up": { "texture": "#metal", "uv": [ 8.5, 8.5, 9.5, 9.5 ] },
				"down": { "texture": "#metal", "uv": [ 0.0, 0.0, 1.0, 1.0 ] }
			}
		},
		{
			"name": "Cube8",
			"from": [ 6.0, 0.0, 10.0 ],
			"to": [ 7.0, 1.0, 11.0 ],
			"rotationOrigin": [ 6.0, 0.0, 10.0 ],
			"rotationY": 90.0,
			"faces": {
				"north": { "texture": "#metal", "uv": [ 0.0, 0.0, 1.0, 1.0 ] },
				"east": { "texture": "#metal", "uv": [ 0.0, 0.0, 1.0, 1.0 ] },
				"south": { "texture": "#metal", "uv": [ 0.0, 0.0, 1.0, 1.0 ] },
				"west": { "texture": "#metal", "uv": [ 0.0, 0.0, 1.0, 1.0 ] },
				"up": { "texture": "#metal", "uv": [ 8.5, 8.5, 9.5, 9.5 ] },
				"down": { "texture": "#metal", "uv": [ 0.0, 0.0, 1.0, 1.0 ] }
			}
		},
		{
			"name": "Cube9",
			"from": [ 7.0, 1.0, 10.0 ],
			"to": [ 11.0, 2.0, 12.0 ],
			"rotationOrigin": [ 7.0, 1.0, 10.0 ],
			"rotationY": 90.0,
			"faces": {
				"north": { "texture": "#metal", "uv": [ 0.0, 0.0, 4.0, 1.0 ] },
				"east": { "texture": "#metal", "uv": [ 0.0, 0.0, 2.0, 1.0 ] },
				"south": { "texture": "#metal", "uv": [ 0.0, 0.0, 4.0, 1.0 ] },
				"west": { "texture": "#metal", "uv": [ 0.0, 0.0, 2.0, 1.0 ] },
				"up": { "texture": "#metal", "uv": [ 8.5, 8.5, 12.5, 10.5 ] },
				"down": { "texture": "#metal", "uv": [ 0.0, 0.0, 4.0, 2.0 ] }
			}
		},
		{
			"name": "Cube10",
			"from": [ 9.0, 1.0, 9.0 ],
			"to": [ 11.0, 2.0, 10.0 ],
			"rotationOrigin": [ 9.0, 1.0, 9.0 ],
			"rotationY": 90.0,
			"faces": {
				"north": { "texture": "#metal", "uv": [ 0.0, 0.0, 2.0, 1.0 ] },
				"east": { "texture": "#metal", "uv": [ 0.0, 0.0, 1.0, 1.0 ] },
				"south": { "texture": "#metal", "uv": [ 0.0, 0.0, 2.0, 1.0 ] },
				"west": { "texture": "#metal", "uv": [ 0.0, 0.0, 1.0, 1.0 ] },
				"up": { "texture": "#metal", "uv": [ 8.5, 8.5, 10.5, 9.5 ] },
				"down": { "texture": "#metal", "uv": [ 0.0, 0.0, 2.0, 1.0 ] }
			}
		},
		{
			"name": "Cube11",
			"from": [ 6.0, 1.0, 9.0 ],
			"to": [ 8.0, 2.0, 10.0 ],
			"rotationOrigin": [ 6.0, 1.0, 9.0 ],
			"rotationY": 90.0,
			"faces": {
				"north": { "texture": "#metal", "uv": [ 0.0, 0.0, 2.0, 1.0 ] },
				"east": { "texture": "#metal", "uv": [ 0.0, 0.0, 1.0, 1.0 ] },
				"south": { "texture": "#metal", "uv": [ 0.0, 0.0, 2.0, 1.0 ] },
				"west": { "texture": "#metal", "uv": [ 0.0, 0.0, 1.0, 1.0 ] },
				"up": { "texture": "#metal", "uv": [ 8.5, 8.5, 10.5, 9.5 ] },
				"down": { "texture": "#metal", "uv": [ 0.0, 0.0, 2.0, 1.0 ] }
			}
		},
		{
			"name": "Cube12",
			"from": [ 7.0, 2.0, 9.0 ],
			"to": [ 9.0, 4.0, 11.0 ],
			"rotationOrigin": [ 7.0, 2.0, 9.0 ],
			"rotationY": 90.0,
			"faces": {
				"north": { "texture": "#metal", "uv": [ 0.0, 0.0, 2.0, 2.0 ] },
				"east": { "texture": "#metal", "uv": [ 0.0, 0.0, 2.0, 2.0 ] },
				"south": { "texture": "#metal", "uv": [ 0.0, 0.0, 2.0, 2.0 ] },
				"west": { "texture": "#metal", "uv": [ 0.0, 0.0, 2.0, 2.0 ] },
				"up": { "texture": "#metal", "uv": [ 8.5, 8.5, 10.5, 10.5 ] },
				"down": { "texture": "#metal", "uv": [ 0.0, 0.0, 2.0, 2.0 ] }
			}
		},
		{
			"name": "Cube13",
			"from": [ 6.0, 4.0, 9.0 ],
			"to": [ 8.0, 5.0, 13.0 ],
			"rotationOrigin": [ 6.0, 4.0, 9.0 ],
			"rotationY": 90.0,
			"faces": {
				"north": { "texture": "#metal", "uv": [ 0.0, 0.0, 2.0, 1.0 ] },
				"east": { "texture": "#metal", "uv": [ 0.0, 0.0, 4.0, 1.0 ] },
				"south": { "texture": "#metal", "uv": [ 0.0, 0.0, 2.0, 1.0 ] },
				"west": { "texture": "#metal", "uv": [ 0.0, 0.0, 4.0, 1.0 ] },
				"up": { "texture": "#metal", "uv": [ 8.5, 8.5, 10.5, 12.5 ] },
				"down": { "texture": "#metal", "uv": [ 0.0, 0.0, 2.0, 4.0 ] }
			}
		},
		{
			"name": "Cube14",
			"from": [ 7.0, 4.0, 10.0 ],
			"to": [ 8.0, 5.0, 12.0 ],
			"rotationOrigin": [ 7.0, 4.0, 10.0 ],
			"rotationY": 90.0,
			"faces": {
				"north": { "texture": "#metal", "uv": [ 0.0, 0.0, 1.0, 1.0 ] },
				"east": { "texture": "#metal", "uv": [ 0.0, 0.0, 2.0, 1.0 ] },
				"south": { "texture": "#metal", "uv": [ 0.0, 0.0, 1.0, 1.0 ] },
				"west": { "texture": "#metal", "uv": [ 0.0, 0.0, 2.0, 1.0 ] },
				"up": { "texture": "#metal", "uv": [ 8.5, 8.5, 9.5, 10.5 ] },
				"down": { "texture": "#metal", "uv": [ 0.0, 0.0, 1.0, 2.0 ] }
			}
		},
		{
			"name": "Cube15",
			"from": [ 7.0, 4.0, 7.0 ],
			"to": [ 8.0, 5.0, 9.0 ],
			"rotationOrigin": [ 7.0, 4.0, 7.0 ],
			"rotationY": 90.0,
			"faces": {
				"north": { "texture": "#metal", "uv": [ 0.0, 0.0, 1.0, 1.0 ] },
				"east": { "texture": "#metal", "uv": [ 0.0, 0.0, 2.0, 1.0 ] },
				"south": { "texture": "#metal", "uv": [ 0.0, 0.0, 1.0, 1.0 ] },
				"west": { "texture": "#metal", "uv": [ 0.0, 0.0, 2.0, 1.0 ] },
				"up": { "texture": "#metal", "uv": [ 8.5, 8.5, 9.5, 10.5 ] },
				"down": { "texture": "#metal", "uv": [ 0.0, 0.0, 1.0, 2.0 ] }
			}
		},
		{
			"name": "Cube16",
			"from": [ 7.0, 5.0, 11.0 ],
			"to": [ 13.0, 7.0, 13.0 ],
			"rotationOrigin": [ 7.0, 5.0, 11.0 ],
			"rotationY": 90.0,
			"faces": {
				"north": { "texture": "#metal", "uv": [ 0.0, 0.0, 6.0, 2.0 ] },
				"east": { "texture": "#metal", "uv": [ 0.0, 0.0, 2.0, 2.0 ] },
				"south": { "texture": "#metal", "uv": [ 0.0, 0.0, 6.0, 2.0 ] },
				"west": { "texture": "#metal", "uv": [ 0.0, 0.0, 2.0, 2.0 ] },
				"up": { "texture": "#metal", "uv": [ 8.5, 8.5, 14.5, 10.5 ] },
				"down": { "texture": "#metal", "uv": [ 0.0, 0.0, 6.0, 2.0 ] }
			}
		},
		{
			"name": "Cube17",
			"from": [ 9.0, 5.0, 9.0 ],
			"to": [ 11.0, 7.0, 11.0 ],
			"rotationOrigin": [ 9.0, 5.0, 9.0 ],
			"rotationY": 90.0,
			"faces": {
				"north": { "texture": "#metal", "uv": [ 0.0, 0.0, 2.0, 2.0 ] },
				"east": { "texture": "#metal", "uv": [ 0.0, 0.0, 2.0, 2.0 ] },
				"south": { "texture": "#metal", "uv": [ 0.0, 0.0, 2.0, 2.0 ] },
				"west": { "texture": "#metal", "uv": [ 0.0, 0.0, 2.0, 2.0 ] },
				"up": { "texture": "#metal", "uv": [ 8.5, 8.5, 10.5, 10.5 ] },
				"down": { "texture": "#metal", "uv": [ 0.0, 0.0, 2.0, 2.0 ] }
			}
		},
		{
			"name": "Cube18",
			"from": [ 5.0, 5.0, 9.0 ],
			"to": [ 7.0, 7.0, 11.0 ],
			"rotationOrigin": [ 5.0, 5.0, 9.0 ],
			"rotationY": 90.0,
			"faces": {
				"north": { "texture": "#metal", "uv": [ 0.0, 0.0, 2.0, 2.0 ] },
				"east": { "texture": "#metal", "uv": [ 0.0, 0.0, 2.0, 2.0 ] },
				"south": { "texture": "#metal", "uv": [ 0.0, 0.0, 2.0, 2.0 ] },
				"west": { "texture": "#metal", "uv": [ 0.0, 0.0, 2.0, 2.0 ] },
				"up": { "texture": "#metal", "uv": [ 8.5, 8.5, 10.5, 10.5 ] },
				"down": { "texture": "#metal", "uv": [ 0.0, 0.0, 2.0, 2.0 ] }
			}
		},
		{
			"name": "Cube19",
			"from": [ 5.0, 7.0, 11.0 ],
			"to": [ 6.0, 12.0, 12.0 ],
			"rotationOrigin": [ 5.0, 7.0, 11.0 ],
			"rotationY": 90.0,
			"faces": {
				"north": { "texture": "#metal", "uv": [ 0.0, 0.0, 1.0, 5.0 ] },
				"east": { "texture": "#metal", "uv": [ 0.0, 0.0, 1.0, 5.0 ] },
				"south": { "texture": "#metal", "uv": [ 0.0, 0.0, 1.0, 5.0 ] },
				"west": { "texture": "#metal", "uv": [ 0.0, 0.0, 1.0, 5.0 ] },
				"up": { "texture": "#metal", "uv": [ 8.5, 8.5, 9.5, 9.5 ] },
				"down": { "texture": "#metal", "uv": [ 0.0, 0.0, 1.0, 1.0 ] }
			}
		},
		{
			"name": "Cube20",
			"from": [ 10.0, 7.0, 11.0 ],
			"to": [ 11.0, 12.0, 12.0 ],
			"rotationOrigin": [ 10.0, 7.0, 11.0 ],
			"rotationY": 90.0,
			"faces": {
				"north": { "texture": "#metal", "uv": [ 0.0, 0.0, 1.0, 5.0 ] },
				"east": { "texture": "#metal", "uv": [ 0.0, 0.0, 1.0, 5.0 ] },
				"south": { "texture": "#metal", "uv": [ 0.0, 0.0, 1.0, 5.0 ] },
				"west": { "texture": "#metal", "uv": [ 0.0, 0.0, 1.0, 5.0 ] },
				"up": { "texture": "#metal", "uv": [ 8.5, 8.5, 9.5, 9.5 ] },
				"down": { "texture": "#metal", "uv": [ 0.0, 0.0, 1.0, 1.0 ] }
			}
		},
		{
			"name": "Cube21",
			"from": [ 10.0, 7.0, 6.0 ],
			"to": [ 11.0, 12.0, 7.0 ],
			"rotationOrigin": [ 10.0, 7.0, 6.0 ],
			"rotationY": 90.0,
			"faces": {
				"north": { "texture": "#metal", "uv": [ 0.0, 0.0, 1.0, 5.0 ] },
				"east": { "texture": "#metal", "uv": [ 0.0, 0.0, 1.0, 5.0 ] },
				"south": { "texture": "#metal", "uv": [ 0.0, 0.0, 1.0, 5.0 ] },
				"west": { "texture": "#metal", "uv": [ 0.0, 0.0, 1.0, 5.0 ] },
				"up": { "texture": "#metal", "uv": [ 8.5, 8.5, 9.5, 9.5 ] },
				"down": { "texture": "#metal", "uv": [ 0.0, 0.0, 1.0, 1.0 ] }
			}
		},
		{
			"name": "Cube22",
			"from": [ 5.0, 7.0, 6.0 ],
			"to": [ 6.0, 12.0, 7.0 ],
			"rotationOrigin": [ 5.0, 7.0, 6.0 ],
			"rotationY": 90.0,
			"faces": {
				"north": { "texture": "#metal", "uv": [ 0.0, 0.0, 1.0, 5.0 ] },
				"east": { "texture": "#metal", "uv": [ 0.0, 0.0, 1.0, 5.0 ] },
				"south": { "texture": "#metal", "uv": [ 0.0, 0.0, 1.0, 5.0 ] },
				"west": { "texture": "#metal", "uv": [ 0.0, 0.0, 1.0, 5.0 ] },
				"up": { "texture": "#metal", "uv": [ 8.5, 8.5, 9.5, 9.5 ] },
				"down": { "texture": "#metal", "uv": [ 0.0, 0.0, 1.0, 1.0 ] }
			}
		},
		{
			"name": "Cube23",
			"from": [ 6.0, 7.0, 5.0 ],
			"to": [ 7.0, 12.0, 9.0 ],
			"rotationOrigin": [ 6.0, 7.0, 5.0 ],
			"rotationY": 90.0,
			"faces": {
				"north": { "texture": "#metal", "uv": [ 0.0, 0.0, 1.0, 5.0 ] },
				"east": { "texture": "#metal", "uv": [ 0.0, 0.0, 4.0, 5.0 ] },
				"south": { "texture": "#metal", "uv": [ 0.0, 0.0, 1.0, 5.0 ] },
				"west": { "texture": "#metal", "uv": [ 0.0, 0.0, 4.0, 5.0 ] },
				"up": { "texture": "#metal", "uv": [ 8.5, 8.5, 9.5, 12.5 ] },
				"down": { "texture": "#metal", "uv": [ 0.0, 0.0, 1.0, 4.0 ] }
			}
		},
		{
			"name": "Cube24",
			"from": [ 11.0, 7.0, 6.0 ],
			"to": [ 12.0, 12.0, 10.0 ],
			"rotationOrigin": [ 11.0, 7.0, 6.0 ],
			"faces": {
				"north": { "texture": "#metal", "uv": [ 0.0, 0.0, 1.0, 5.0 ] },
				"east": { "texture": "#metal", "uv": [ 0.0, 0.0, 4.0, 5.0 ] },
				"south": { "texture": "#metal", "uv": [ 0.0, 0.0, 1.0, 5.0 ] },
				"west": { "texture": "#metal", "uv": [ 0.0, 0.0, 4.0, 5.0 ] },
				"up": { "texture": "#metal", "uv": [ 8.5, 8.5, 9.5, 12.5 ] },
				"down": { "texture": "#metal", "uv": [ 0.0, 0.0, 1.0, 4.0 ] }
			}
		},
		{
			"name": "Cube25",
			"from": [ 10.0, 7.0, 11.0 ],
			"to": [ 11.0, 12.0, 15.0 ],
			"rotationOrigin": [ 10.0, 7.0, 11.0 ],
			"rotationY": -90.0,
			"faces": {
				"north": { "texture": "#metal", "uv": [ 0.0, 0.0, 1.0, 5.0 ] },
				"east": { "texture": "#metal", "uv": [ 0.0, 0.0, 4.0, 5.0 ] },
				"south": { "texture": "#metal", "uv": [ 0.0, 0.0, 1.0, 5.0 ] },
				"west": { "texture": "#metal", "uv": [ 0.0, 0.0, 4.0, 5.0 ] },
				"up": { "texture": "#metal", "uv": [ 8.5, 8.5, 9.5, 12.5 ] },
				"down": { "texture": "#metal", "uv": [ 0.0, 0.0, 1.0, 4.0 ] }
			}
		},
		{
			"name": "Cube26",
			"from": [ 5.0, 7.0, 10.0 ],
			"to": [ 6.0, 12.0, 14.0 ],
			"rotationOrigin": [ 5.0, 7.0, 10.0 ],
			"rotationY": -180.0,
			"faces": {
				"north": { "texture": "#metal", "uv": [ 0.0, 0.0, 1.0, 5.0 ] },
				"east": { "texture": "#metal", "uv": [ 0.0, 0.0, 4.0, 5.0 ] },
				"south": { "texture": "#metal", "uv": [ 0.0, 0.0, 1.0, 5.0 ] },
				"west": { "texture": "#metal", "uv": [ 0.0, 0.0, 4.0, 5.0 ] },
				"up": { "texture": "#metal", "uv": [ 8.5, 8.5, 9.5, 12.5 ] },
				"down": { "texture": "#metal", "uv": [ 0.0, 0.0, 1.0, 4.0 ] }
			}
		},
		{
			"name": "Cube27",
			"from": [ 6.0, 6.0, 7.0 ],
			"to": [ 8.0, 7.0, 8.0 ],
			"rotationOrigin": [ 6.0, 6.0, 7.0 ],
			"rotationY": 90.0,
			"faces": {
				"north": { "texture": "#metal", "uv": [ 0.0, 0.0, 2.0, 1.0 ] },
				"east": { "texture": "#metal", "uv": [ 0.0, 0.0, 1.0, 1.0 ] },
				"south": { "texture": "#metal", "uv": [ 0.0, 0.0, 2.0, 1.0 ] },
				"west": { "texture": "#metal", "uv": [ 0.0, 0.0, 1.0, 1.0 ] },
				"up": { "texture": "#metal", "uv": [ 8.5, 8.5, 10.5, 9.5 ] },
				"down": { "texture": "#metal", "uv": [ 0.0, 0.0, 2.0, 1.0 ] }
			}
		},
		{
			"name": "Cube28",
			"from": [ 9.0, 6.0, 7.0 ],
			"to": [ 11.0, 7.0, 8.0 ],
			"rotationOrigin": [ 9.0, 6.0, 7.0 ],
			"rotationY": 90.0,
			"faces": {
				"north": { "texture": "#metal", "uv": [ 0.0, 0.0, 2.0, 1.0 ] },
				"east": { "texture": "#metal", "uv": [ 0.0, 0.0, 1.0, 1.0 ] },
				"south": { "texture": "#metal", "uv": [ 0.0, 0.0, 2.0, 1.0 ] },
				"west": { "texture": "#metal", "uv": [ 0.0, 0.0, 1.0, 1.0 ] },
				"up": { "texture": "#metal", "uv": [ 8.5, 8.5, 10.5, 9.5 ] },
				"down": { "texture": "#metal", "uv": [ 0.0, 0.0, 2.0, 1.0 ] }
			}
		},
		{
			"name": "Cube29",
			"from": [ 9.0, 6.0, 11.0 ],
			"to": [ 11.0, 7.0, 12.0 ],
			"rotationOrigin": [ 9.0, 6.0, 11.0 ],
			"rotationY": 90.0,
			"faces": {
				"north": { "texture": "#metal", "uv": [ 0.0, 0.0, 2.0, 1.0 ] },
				"east": { "texture": "#metal", "uv": [ 0.0, 0.0, 1.0, 1.0 ] },
				"south": { "texture": "#metal", "uv": [ 0.0, 0.0, 2.0, 1.0 ] },
				"west": { "texture": "#metal", "uv": [ 0.0, 0.0, 1.0, 1.0 ] },
				"up": { "texture": "#metal", "uv": [ 8.5, 8.5, 10.5, 9.5 ] },
				"down": { "texture": "#metal", "uv": [ 0.0, 0.0, 2.0, 1.0 ] }
			}
		},
		{
			"name": "Cube30",
			"from": [ 6.0, 6.0, 11.0 ],
			"to": [ 8.0, 7.0, 12.0 ],
			"rotationOrigin": [ 6.0, 6.0, 11.0 ],
			"rotationY": 90.0,
			"faces": {
				"north": { "texture": "#metal", "uv": [ 0.0, 0.0, 2.0, 1.0 ] },
				"east": { "texture": "#metal", "uv": [ 0.0, 0.0, 1.0, 1.0 ] },
				"south": { "texture": "#metal", "uv": [ 0.0, 0.0, 2.0, 1.0 ] },
				"west": { "texture": "#metal", "uv": [ 0.0, 0.0, 1.0, 1.0 ] },
				"up": { "texture": "#metal", "uv": [ 8.5, 8.5, 10.5, 9.5 ] },
				"down": { "texture": "#metal", "uv": [ 0.0, 0.0, 2.0, 1.0 ] }
			}
		},
		{
			"name": "Cube31",
			"from": [ 5.0, 6.0, 10.0 ],
			"to": [ 6.0, 7.0, 11.0 ],
			"rotationOrigin": [ 5.0, 6.0, 10.0 ],
			"rotationY": 90.0,
			"faces": {
				"north": { "texture": "#metal", "uv": [ 0.0, 0.0, 1.0, 1.0 ] },
				"east": { "texture": "#metal", "uv": [ 0.0, 0.0, 1.0, 1.0 ] },
				"south": { "texture": "#metal", "uv": [ 0.0, 0.0, 1.0, 1.0 ] },
				"west": { "texture": "#metal", "uv": [ 0.0, 0.0, 1.0, 1.0 ] },
				"up": { "texture": "#metal", "uv": [ 8.5, 8.5, 9.5, 9.5 ] },
				"down": { "texture": "#metal", "uv": [ 0.0, 0.0, 1.0, 1.0 ] }
			}
		},
		{
			"name": "Cube32",
			"from": [ 5.0, 6.0, 7.0 ],
			"to": [ 6.0, 7.0, 8.0 ],
			"rotationOrigin": [ 5.0, 6.0, 7.0 ],
			"rotationY": 90.0,
			"faces": {
				"north": { "texture": "#metal", "uv": [ 0.0, 0.0, 1.0, 1.0 ] },
				"east": { "texture": "#metal", "uv": [ 0.0, 0.0, 1.0, 1.0 ] },
				"south": { "texture": "#metal", "uv": [ 0.0, 0.0, 1.0, 1.0 ] },
				"west": { "texture": "#metal", "uv": [ 0.0, 0.0, 1.0, 1.0 ] },
				"up": { "texture": "#metal", "uv": [ 8.5, 8.5, 9.5, 9.5 ] },
				"down": { "texture": "#metal", "uv": [ 0.0, 0.0, 1.0, 1.0 ] }
			}
		},
		{
			"name": "Cube33",
			"from": [ 10.0, 6.0, 7.0 ],
			"to": [ 11.0, 7.0, 8.0 ],
			"rotationOrigin": [ 10.0, 6.0, 7.0 ],
			"rotationY": 90.0,
			"faces": {
				"north": { "texture": "#metal", "uv": [ 0.0, 0.0, 1.0, 1.0 ] },
				"east": { "texture": "#metal", "uv": [ 0.0, 0.0, 1.0, 1.0 ] },
				"south": { "texture": "#metal", "uv": [ 0.0, 0.0, 1.0, 1.0 ] },
				"west": { "texture": "#metal", "uv": [ 0.0, 0.0, 1.0, 1.0 ] },
				"up": { "texture": "#metal", "uv": [ 8.5, 8.5, 9.5, 9.5 ] },
				"down": { "texture": "#metal", "uv": [ 0.0, 0.0, 1.0, 1.0 ] }
			}
		},
		{
			"name": "Cube34",
			"from": [ 10.0, 6.0, 10.0 ],
			"to": [ 11.0, 7.0, 11.0 ],
			"rotationOrigin": [ 10.0, 6.0, 10.0 ],
			"rotationY": 90.0,
			"faces": {
				"north": { "texture": "#metal", "uv": [ 0.0, 0.0, 1.0, 1.0 ] },
				"east": { "texture": "#metal", "uv": [ 0.0, 0.0, 1.0, 1.0 ] },
				"south": { "texture": "#metal", "uv": [ 0.0, 0.0, 1.0, 1.0 ] },
				"west": { "texture": "#metal", "uv": [ 0.0, 0.0, 1.0, 1.0 ] },
				"up": { "texture": "#metal", "uv": [ 8.5, 8.5, 9.5, 9.5 ] },
				"down": { "texture": "#metal", "uv": [ 0.0, 0.0, 1.0, 1.0 ] }
			}
		},
		{
			"name": "Cube35",
			"from": [ 10.5, 6.0, 8.0 ],
			"to": [ 11.5, 7.0, 10.0 ],
			"rotationOrigin": [ 11.0, 6.0, 8.0 ],
			"rotationY": 90.0,
			"faces": {
				"north": { "texture": "#metal", "uv": [ 0.0, 0.0, 1.0, 1.0 ] },
				"east": { "texture": "#metal", "uv": [ 0.0, 0.0, 2.0, 1.0 ] },
				"south": { "texture": "#metal", "uv": [ 0.0, 0.0, 1.0, 1.0 ] },
				"west": { "texture": "#metal", "uv": [ 0.0, 0.0, 2.0, 1.0 ] },
				"up": { "texture": "#metal", "uv": [ 8.5, 8.5, 9.5, 10.5 ] },
				"down": { "texture": "#metal", "uv": [ 0.0, 0.0, 1.0, 2.0 ] }
			}
		},
		{
			"name": "Cube36",
			"from": [ 2.5, 6.0, 8.0 ],
			"to": [ 3.5, 7.0, 10.0 ],
			"rotationOrigin": [ 3.0, 6.0, 8.0 ],
			"rotationY": 90.0,
			"faces": {
				"north": { "texture": "#metal", "uv": [ 0.0, 0.0, 1.0, 1.0 ] },
				"east": { "texture": "#metal", "uv": [ 0.0, 0.0, 2.0, 1.0 ] },
				"south": { "texture": "#metal", "uv": [ 0.0, 0.0, 1.0, 1.0 ] },
				"west": { "texture": "#metal", "uv": [ 0.0, 0.0, 2.0, 1.0 ] },
				"up": { "texture": "#metal", "uv": [ 8.5, 8.5, 9.5, 10.5 ] },
				"down": { "texture": "#metal", "uv": [ 0.0, 0.0, 1.0, 2.0 ] }
			}
		},
		{
			"name": "Cube37",
			"from": [ 1.5, 7.0, 8.0 ],
			"to": [ 2.5, 8.0, 9.0 ],
			"rotationOrigin": [ 2.0, 7.0, 8.0 ],
			"rotationY": 90.0,
			"faces": {
				"north": { "texture": "#metal", "uv": [ 0.0, 0.0, 1.0, 1.0 ] },
				"east": { "texture": "#metal", "uv": [ 0.0, 0.0, 1.0, 1.0 ] },
				"south": { "texture": "#metal", "uv": [ 0.0, 0.0, 1.0, 1.0 ] },
				"west": { "texture": "#metal", "uv": [ 0.0, 0.0, 1.0, 1.0 ] },
				"up": { "texture": "#metal", "uv": [ 8.5, 8.5, 9.5, 9.5 ] },
				"down": { "texture": "#metal", "uv": [ 0.0, 0.0, 1.0, 1.0 ] }
			}
		},
		{
			"name": "Cube38",
			"from": [ 12.5, 7.0, 8.0 ],
			"to": [ 13.5, 8.0, 9.0 ],
			"rotationOrigin": [ 13.0, 7.0, 8.0 ],
			"rotationY": 90.0,
			"faces": {
				"north": { "texture": "#metal", "uv": [ 0.0, 0.0, 1.0, 1.0 ] },
				"east": { "texture": "#metal", "uv": [ 0.0, 0.0, 1.0, 1.0 ] },
				"south": { "texture": "#metal", "uv": [ 0.0, 0.0, 1.0, 1.0 ] },
				"west": { "texture": "#metal", "uv": [ 0.0, 0.0, 1.0, 1.0 ] },
				"up": { "texture": "#metal", "uv": [ 8.5, 8.5, 9.5, 9.5 ] },
				"down": { "texture": "#metal", "uv": [ 0.0, 0.0, 1.0, 1.0 ] }
			}
		},
		{
			"name": "Cube39",
			"from": [ 11.5, 11.0, 8.0 ],
			"to": [ 12.5, 12.0, 10.0 ],
			"rotationOrigin": [ 12.0, 11.0, 8.0 ],
			"rotationY": 90.0,
			"faces": {
				"north": { "texture": "#metal", "uv": [ 0.0, 0.0, 1.0, 1.0 ] },
				"east": { "texture": "#metal", "uv": [ 0.0, 0.0, 2.0, 1.0 ] },
				"south": { "texture": "#metal", "uv": [ 0.0, 0.0, 1.0, 1.0 ] },
				"west": { "texture": "#metal", "uv": [ 0.0, 0.0, 2.0, 1.0 ] },
				"up": { "texture": "#metal", "uv": [ 8.5, 8.5, 9.5, 10.5 ] },
				"down": { "texture": "#metal", "uv": [ 0.0, 0.0, 1.0, 2.0 ] }
			}
		},
		{
			"name": "Cube40",
			"from": [ 1.5, 11.0, 8.0 ],
			"to": [ 2.5, 12.0, 10.0 ],
			"rotationOrigin": [ 2.0, 11.0, 8.0 ],
			"rotationY": 90.0,
			"faces": {
				"north": { "texture": "#metal", "uv": [ 0.0, 0.0, 1.0, 1.0 ] },
				"east": { "texture": "#metal", "uv": [ 0.0, 0.0, 2.0, 1.0 ] },
				"south": { "texture": "#metal", "uv": [ 0.0, 0.0, 1.0, 1.0 ] },
				"west": { "texture": "#metal", "uv": [ 0.0, 0.0, 2.0, 1.0 ] },
				"up": { "texture": "#metal", "uv": [ 8.5, 8.5, 9.5, 10.5 ] },
				"down": { "texture": "#metal", "uv": [ 0.0, 0.0, 1.0, 2.0 ] }
			}
		},
		{
			"name": "Cube41",
			"from": [ 0.5, 8.0, 8.0 ],
			"to": [ 1.5, 11.0, 9.0 ],
			"rotationOrigin": [ 1.0, 8.0, 8.0 ],
			"rotationY": 90.0,
			"faces": {
				"north": { "texture": "#metal", "uv": [ 0.0, 0.0, 1.0, 3.0 ] },
				"east": { "texture": "#metal", "uv": [ 0.0, 0.0, 1.0, 3.0 ] },
				"south": { "texture": "#metal", "uv": [ 0.0, 0.0, 1.0, 3.0 ] },
				"west": { "texture": "#metal", "uv": [ 0.0, 0.0, 1.0, 3.0 ] },
				"up": { "texture": "#metal", "uv": [ 8.5, 8.5, 9.5, 9.5 ] },
				"down": { "texture": "#metal", "uv": [ 0.0, 0.0, 1.0, 1.0 ] }
			}
		},
		{
			"name": "Cube42",
			"from": [ 13.5, 8.0, 8.0 ],
			"to": [ 14.5, 11.0, 9.0 ],
			"rotationOrigin": [ 14.0, 8.0, 8.0 ],
			"rotationY": 90.0,
			"faces": {
				"north": { "texture": "#metal", "uv": [ 0.0, 0.0, 1.0, 3.0 ] },
				"east": { "texture": "#metal", "uv": [ 0.0, 0.0, 1.0, 3.0 ] },
				"south": { "texture": "#metal", "uv": [ 0.0, 0.0, 1.0, 3.0 ] },
				"west": { "texture": "#metal", "uv": [ 0.0, 0.0, 1.0, 3.0 ] },
				"up": { "texture": "#metal", "uv": [ 8.5, 8.5, 9.5, 9.5 ] },
				"down": { "texture": "#metal", "uv": [ 0.0, 0.0, 1.0, 1.0 ] }
			}
		}
	]}