{
	"editor": {
		"allAngles": false,
		"entityTextureMode": false
	},
	"textureWidth": 16,
	"textureHeight": 16,
	"textureSizes": {
	},
	"textures": {
	},
	"elements": [
		{
			"name": "bas1",
			"from": [ 4.5, 0.0, 4.5 ],
			"to": [ 11.5, 2.0, 11.5 ],
			"rotationOrigin": [ 4.0, 0.0, 4.0 ],
			"faces": {
				"north": { "texture": "#base", "uv": [ 0.0, 0.0, 7.0, 2.0 ] },
				"east": { "texture": "#base", "uv": [ 0.0, 0.0, 7.0, 2.0 ] },
				"south": { "texture": "#base", "uv": [ 0.0, 0.0, 7.0, 2.0 ] },
				"west": { "texture": "#base", "uv": [ 0.0, 0.0, 7.0, 2.0 ] },
				"up": { "texture": "#base", "uv": [ 0.0, 0.0, 7.0, 7.0 ] },
				"down": { "texture": "#base", "uv": [ 0.0, 0.0, 7.0, 7.0 ] }
			}
		},
		{
			"name": "Cube3",
			"from": [ 5.25, 1.0, 5.25 ],
			"to": [ 10.75, 3.0, 10.75 ],
			"rotationOrigin": [ 5.0, 1.0, 5.0 ],
			"faces": {
				"north": { "texture": "#metal", "uv": [ 0.0, 0.0, 5.5, 2.0 ] },
				"east": { "texture": "#metal", "uv": [ 0.0, 0.0, 5.5, 2.0 ] },
				"south": { "texture": "#metal", "uv": [ 0.0, 0.0, 5.5, 2.0 ] },
				"west": { "texture": "#metal", "uv": [ 0.0, 0.0, 5.5, 2.0 ] },
				"up": { "texture": "#metal", "uv": [ 0.0, 0.0, 5.5, 5.5 ] },
				"down": { "texture": "#metal", "uv": [ 0.0, 0.0, 5.5, 5.5 ] }
			}
		},
		{
			"name": "Cube4",
			"from": [ 5.5, 3.0, 5.5 ],
			"to": [ 10.5, 7.0, 10.5 ],
			"rotationOrigin": [ 5.0, 3.0, 5.0 ],
			"faces": {
				"north": { "texture": "#metal", "uv": [ 0.0, 0.0, 5.0, 4.0 ] },
				"east": { "texture": "#metal", "uv": [ 0.0, 0.0, 5.0, 4.0 ] },
				"south": { "texture": "#metal", "uv": [ 0.0, 0.0, 5.0, 4.0 ] },
				"west": { "texture": "#metal", "uv": [ 0.0, 0.0, 5.0, 4.0 ] },
				"up": { "texture": "#metal", "uv": [ 0.0, 0.0, 5.0, 5.0 ] },
				"down": { "texture": "#metal", "uv": [ 0.0, 0.0, 5.0, 5.0 ] }
			}
		},
		{
			"name": "Cube5",
			"from": [ 5.5, 5.0, 5.5 ],
			"to": [ 8.5, 7.0, 10.5 ],
			"rotationOrigin": [ 5.5, 7.0, 5.0 ],
			"rotationZ": 45.0,
			"faces": {
				"north": { "texture": "#metal", "uv": [ 0.0, 0.0, 3.0, 2.0 ] },
				"east": { "texture": "#metal", "uv": [ 0.0, 0.0, 5.0, 2.0 ] },
				"south": { "texture": "#metal", "uv": [ 0.0, 0.0, 3.0, 2.0 ] },
				"west": { "texture": "#metal", "uv": [ 0.0, 0.0, 5.0, 2.0 ] },
				"up": { "texture": "#metal", "uv": [ 0.0, 0.0, 3.0, 5.0 ] },
				"down": { "texture": "#metal", "uv": [ 0.0, 0.0, 3.0, 5.0 ] }
			}
		},
		{
			"name": "Cube6",
			"from": [ 10.5, 7.0, 5.55 ],
			"to": [ 14.03, 9.0, 10.45 ],
			"rotationOrigin": [ 10.5, 7.0, 5.0 ],
			"rotationZ": 135.0,
			"faces": {
				"north": { "texture": "#metal", "uv": [ 0.0, 0.0, 3.5, 2.0 ] },
				"east": { "texture": "#metal", "uv": [ 0.0, 0.0, 4.5, 2.0 ] },
				"south": { "texture": "#metal", "uv": [ 0.0, 0.0, 3.5, 2.0 ] },
				"west": { "texture": "#metal", "uv": [ 0.0, 0.0, 4.5, 2.0 ] },
				"up": { "texture": "#metal", "uv": [ 0.0, 0.0, 3.5, 4.5 ] },
				"down": { "texture": "#metal", "uv": [ 0.0, 0.0, 3.5, 4.5 ] }
			}
		},
		{
			"name": "Cube7",
			"from": [ 5.25, 6.0, 5.4 ],
			"to": [ 10.75, 7.0, 10.6 ],
			"rotationOrigin": [ 5.0, 6.0, 5.0 ],
			"faces": {
				"north": { "texture": "#metal", "uv": [ 0.0, 0.0, 5.5, 1.0 ] },
				"east": { "texture": "#metal", "uv": [ 0.0, 0.0, 5.0, 1.0 ] },
				"south": { "texture": "#metal", "uv": [ 0.0, 0.0, 5.5, 1.0 ] },
				"west": { "texture": "#metal", "uv": [ 0.0, 0.0, 5.0, 1.0 ] },
				"up": { "texture": "#metal", "uv": [ 0.0, 0.0, 5.5, 5.0 ] },
				"down": { "texture": "#metal", "uv": [ 0.0, 0.0, 5.5, 5.0 ] }
			}
		},
		{
			"name": "Cube8",
			"from": [ 6.25, 3.5, 5.25 ],
			"to": [ 7.75, 4.5, 10.75 ],
			"rotationOrigin": [ 6.0, 4.0, 5.0 ],
			"faces": {
				"north": { "texture": "#metal", "uv": [ 0.0, 0.0, 1.5, 1.0 ] },
				"east": { "texture": "#metal", "uv": [ 0.0, 0.0, 5.5, 1.0 ] },
				"south": { "texture": "#metal", "uv": [ 0.0, 0.0, 1.5, 1.0 ] },
				"west": { "texture": "#metal", "uv": [ 0.0, 0.0, 5.5, 1.0 ] },
				"up": { "texture": "#metal", "uv": [ 0.0, 0.0, 1.5, 5.5 ] },
				"down": { "texture": "#metal", "uv": [ 0.0, 0.0, 1.5, 5.5 ] }
			}
		},
		{
			"name": "Cube9",
			"from": [ 6.25, 5.0, 5.25 ],
			"to": [ 7.75, 6.0, 10.75 ],
			"rotationOrigin": [ 6.0, 6.0, 5.0 ],
			"faces": {
				"north": { "texture": "#metal", "uv": [ 0.0, 0.0, 1.5, 1.0 ] },
				"east": { "texture": "#metal", "uv": [ 0.0, 0.0, 5.5, 1.0 ] },
				"south": { "texture": "#metal", "uv": [ 0.0, 0.0, 1.5, 1.0 ] },
				"west": { "texture": "#metal", "uv": [ 0.0, 0.0, 5.5, 1.0 ] },
				"up": { "texture": "#metal", "uv": [ 0.0, 0.0, 1.5, 5.5 ] },
				"down": { "texture": "#metal", "uv": [ 0.0, 0.0, 1.5, 5.5 ] }
			}
		},
		{
			"name": "Cube10",
			"from": [ 8.25, 5.0, 5.25 ],
			"to": [ 9.75, 6.0, 10.75 ],
			"rotationOrigin": [ 8.0, 6.0, 5.0 ],
			"faces": {
				"north": { "texture": "#metal", "uv": [ 0.0, 0.0, 1.5, 1.0 ] },
				"east": { "texture": "#metal", "uv": [ 0.0, 0.0, 5.5, 1.0 ] },
				"south": { "texture": "#metal", "uv": [ 0.0, 0.0, 1.5, 1.0 ] },
				"west": { "texture": "#metal", "uv": [ 0.0, 0.0, 5.5, 1.0 ] },
				"up": { "texture": "#metal", "uv": [ 0.0, 0.0, 1.5, 5.5 ] },
				"down": { "texture": "#metal", "uv": [ 0.0, 0.0, 1.5, 5.5 ] }
			}
		},
		{
			"name": "Cube11",
			"from": [ 9.5, 1.7, 5.4 ],
			"to": [ 11.5, 2.7, 10.65 ],
			"rotationOrigin": [ 9.0, 2.0, 5.0 ],
			"rotationZ": 90.0,
			"faces": {
				"north": { "texture": "#metal", "uv": [ 0.0, 0.0, 2.0, 1.0 ] },
				"east": { "texture": "#metal", "uv": [ 0.0, 0.0, 5.0, 1.0 ] },
				"south": { "texture": "#metal", "uv": [ 0.0, 0.0, 2.0, 1.0 ] },
				"west": { "texture": "#metal", "uv": [ 0.0, 0.0, 5.0, 1.0 ] },
				"up": { "texture": "#metal", "uv": [ 0.0, 0.0, 2.0, 5.0 ] },
				"down": { "texture": "#metal", "uv": [ 0.0, 0.0, 2.0, 5.0 ] }
			}
		},
		{
			"name": "bas2",
			"from": [ 4.0, 0.0, 4.0 ],
			"to": [ 12.0, 1.0, 12.0 ],
			"rotationOrigin": [ 3.0, 0.0, 4.0 ],
			"faces": {
				"north": { "texture": "#base", "uv": [ 0.0, 0.0, 8.0, 1.0 ] },
				"east": { "texture": "#base", "uv": [ 0.0, 0.0, 8.0, 1.0 ] },
				"south": { "texture": "#base", "uv": [ 0.0, 0.0, 8.0, 1.0 ] },
				"west": { "texture": "#base", "uv": [ 0.0, 0.0, 8.0, 1.0 ] },
				"up": { "texture": "#base", "uv": [ 0.0, 0.0, 8.0, 8.0 ] },
				"down": { "texture": "#base", "uv": [ 0.0, 0.0, 8.0, 8.0 ] }
			}
		}
	]}