{
	"editor": {
		"allAngles": false,
		"entityTextureMode": false
	},
	"textureWidth": 16,
	"textureHeight": 16,
	"textureSizes": {
	},
	"textures": {
	},
	"elements": [
		{
			"name": "bas1",
			"from": [ 4.0, 0.0, 4.0 ],
			"to": [ 12.0, 1.0, 12.0 ],
			"rotationOrigin": [ 4.0, 0.0, 4.0 ],
			"faces": {
				"north": { "texture": "#base", "uv": [ 0.0, 0.0, 8.0, 1.0 ] },
				"east": { "texture": "#base", "uv": [ 0.0, 0.0, 8.0, 1.0 ] },
				"south": { "texture": "#base", "uv": [ 0.0, 0.0, 8.0, 1.0 ] },
				"west": { "texture": "#base", "uv": [ 0.0, 0.0, 8.0, 1.0 ] },
				"up": { "texture": "#base", "uv": [ 0.0, 0.0, 8.0, 8.0 ] },
				"down": { "texture": "#base", "uv": [ 0.0, 0.0, 8.0, 8.0 ] }
			}
		},
		{
			"name": "bas2",
			"from": [ 5.0, 1.0, 5.0 ],
			"to": [ 11.0, 2.0, 11.0 ],
			"rotationOrigin": [ 5.0, 1.0, 5.0 ],
			"faces": {
				"north": { "texture": "#base", "uv": [ 0.0, 0.0, 6.0, 1.0 ] },
				"east": { "texture": "#base", "uv": [ 0.0, 0.0, 6.0, 1.0 ] },
				"south": { "texture": "#base", "uv": [ 0.0, 0.0, 6.0, 1.0 ] },
				"west": { "texture": "#base", "uv": [ 0.0, 0.0, 6.0, 1.0 ] },
				"up": { "texture": "#base", "uv": [ 0.0, 0.0, 6.0, 6.0 ] },
				"down": { "texture": "#base", "uv": [ 0.0, 0.0, 6.0, 6.0 ] }
			}
		},
		{
			"name": "Cube4",
			"from": [ 5.8, 2.0, 6.3 ],
			"to": [ 10.3, 5.0, 6.8 ],
			"rotationOrigin": [ 5.5, 2.0, 5.5 ],
			"faces": {
				"north": { "texture": "#metal", "uv": [ 0.0, 0.0, 4.5, 3.0 ] },
				"east": { "texture": "#metal", "uv": [ 0.0, 0.0, 0.5, 3.0 ] },
				"south": { "texture": "#metal", "uv": [ 0.0, 0.0, 4.5, 3.0 ] },
				"west": { "texture": "#metal", "uv": [ 0.0, 0.0, 0.5, 3.0 ] },
				"up": { "texture": "#metal", "uv": [ 0.0, 0.0, 4.5, 0.5 ] },
				"down": { "texture": "#metal", "uv": [ 0.0, 0.0, 4.5, 0.5 ] }
			}
		},
		{
			"name": "Cube5",
			"from": [ 5.7, 2.0, 6.2 ],
			"to": [ 6.2, 5.0, 6.7 ],
			"rotationOrigin": [ 5.5, 2.0, 5.5 ],
			"faces": {
				"north": { "texture": "#metal", "uv": [ 0.0, 0.0, 0.5, 3.0 ] },
				"east": { "texture": "#metal", "uv": [ 0.0, 0.0, 0.5, 3.0 ] },
				"south": { "texture": "#metal", "uv": [ 0.0, 0.0, 0.5, 3.0 ] },
				"west": { "texture": "#metal", "uv": [ 0.0, 0.0, 0.5, 3.0 ] },
				"up": { "texture": "#metal", "uv": [ 0.0, 0.0, 0.5, 0.5 ] },
				"down": { "texture": "#metal", "uv": [ 0.0, 0.0, 0.5, 0.5 ] }
			}
		},
		{
			"name": "Cube6",
			"from": [ 5.7, 2.0, 9.45 ],
			"to": [ 6.2, 5.0, 9.95 ],
			"rotationOrigin": [ 5.5, 2.0, 8.5 ],
			"faces": {
				"north": { "texture": "#metal", "uv": [ 0.0, 0.0, 0.5, 3.0 ] },
				"east": { "texture": "#metal", "uv": [ 0.0, 0.0, 0.5, 3.0 ] },
				"south": { "texture": "#metal", "uv": [ 0.0, 0.0, 0.5, 3.0 ] },
				"west": { "texture": "#metal", "uv": [ 0.0, 0.0, 0.5, 3.0 ] },
				"up": { "texture": "#metal", "uv": [ 0.0, 0.0, 0.5, 0.5 ] },
				"down": { "texture": "#metal", "uv": [ 0.0, 0.0, 0.5, 0.5 ] }
			}
		},
		{
			"name": "Cube7",
			"from": [ 9.9, 2.0, 9.45 ],
			"to": [ 10.4, 5.0, 9.95 ],
			"rotationOrigin": [ 9.5, 2.0, 8.5 ],
			"faces": {
				"north": { "texture": "#metal", "uv": [ 0.0, 0.0, 0.5, 3.0 ] },
				"east": { "texture": "#metal", "uv": [ 0.0, 0.0, 0.5, 3.0 ] },
				"south": { "texture": "#metal", "uv": [ 0.0, 0.0, 0.5, 3.0 ] },
				"west": { "texture": "#metal", "uv": [ 0.0, 0.0, 0.5, 3.0 ] },
				"up": { "texture": "#metal", "uv": [ 0.0, 0.0, 0.5, 0.5 ] },
				"down": { "texture": "#metal", "uv": [ 0.0, 0.0, 0.5, 0.5 ] }
			}
		},
		{
			"name": "Cube8",
			"from": [ 9.9, 2.0, 6.2 ],
			"to": [ 10.4, 5.0, 6.7 ],
			"rotationOrigin": [ 9.5, 2.0, 5.5 ],
			"faces": {
				"north": { "texture": "#metal", "uv": [ 0.0, 0.0, 0.5, 3.0 ] },
				"east": { "texture": "#metal", "uv": [ 0.0, 0.0, 0.5, 3.0 ] },
				"south": { "texture": "#metal", "uv": [ 0.0, 0.0, 0.5, 3.0 ] },
				"west": { "texture": "#metal", "uv": [ 0.0, 0.0, 0.5, 3.0 ] },
				"up": { "texture": "#metal", "uv": [ 0.0, 0.0, 0.5, 0.5 ] },
				"down": { "texture": "#metal", "uv": [ 0.0, 0.0, 0.5, 0.5 ] }
			}
		},
		{
			"name": "Cube9",
			"from": [ 7.8, 2.0, 7.7 ],
			"to": [ 10.9, 5.0, 8.2 ],
			"rotationOrigin": [ 7.5, 2.0, 6.5 ],
			"rotationY": -90.0,
			"faces": {
				"north": { "texture": "#metal", "uv": [ 0.0, 0.0, 3.0, 3.0 ] },
				"east": { "texture": "#metal", "uv": [ 0.0, 0.0, 0.5, 3.0 ] },
				"south": { "texture": "#metal", "uv": [ 0.0, 0.0, 3.0, 3.0 ] },
				"west": { "texture": "#metal", "uv": [ 0.0, 0.0, 0.5, 3.0 ] },
				"up": { "texture": "#metal", "uv": [ 0.0, 0.0, 3.0, 0.5 ] },
				"down": { "texture": "#metal", "uv": [ 0.0, 0.0, 3.0, 0.5 ] }
			}
		},
		{
			"name": "Cube10",
			"from": [ 11.8, 2.0, 7.7 ],
			"to": [ 14.9, 5.0, 8.2 ],
			"rotationOrigin": [ 11.5, 2.0, 6.5 ],
			"rotationY": -90.0,
			"faces": {
				"north": { "texture": "#metal", "uv": [ 0.0, 0.0, 3.0, 3.0 ] },
				"east": { "texture": "#metal", "uv": [ 0.0, 0.0, 0.5, 3.0 ] },
				"south": { "texture": "#metal", "uv": [ 0.0, 0.0, 3.0, 3.0 ] },
				"west": { "texture": "#metal", "uv": [ 0.0, 0.0, 0.5, 3.0 ] },
				"up": { "texture": "#metal", "uv": [ 0.0, 0.0, 3.0, 0.5 ] },
				"down": { "texture": "#metal", "uv": [ 0.0, 0.0, 3.0, 0.5 ] }
			}
		},
		{
			"name": "Cube11",
			"from": [ 5.8, 2.0, 9.41 ],
			"to": [ 10.3, 5.0, 9.91 ],
			"rotationOrigin": [ 5.5, 2.0, 8.5 ],
			"faces": {
				"north": { "texture": "#metal", "uv": [ 0.0, 0.0, 4.5, 3.0 ] },
				"east": { "texture": "#metal", "uv": [ 0.0, 0.0, 0.5, 3.0 ] },
				"south": { "texture": "#metal", "uv": [ 0.0, 0.0, 4.5, 3.0 ] },
				"west": { "texture": "#metal", "uv": [ 0.0, 0.0, 0.5, 3.0 ] },
				"up": { "texture": "#metal", "uv": [ 0.0, 0.0, 4.5, 0.5 ] },
				"down": { "texture": "#metal", "uv": [ 0.0, 0.0, 4.5, 0.5 ] }
			}
		},
		{
			"name": "cube",
			"from": [ 5.8, 4.7, 6.5 ],
			"to": [ 10.3, 5.1, 10.0 ],
			"rotationOrigin": [ 6.0, 5.0, 6.0 ],
			"rotationX": -22.5,
			"faces": {
				"north": { "texture": "#metal", "uv": [ 0.0, 0.0, 4.5, 0.5 ] },
				"east": { "texture": "#metal", "uv": [ 0.0, 0.0, 3.5, 0.5 ] },
				"south": { "texture": "#metal", "uv": [ 0.0, 0.0, 4.5, 0.5 ] },
				"west": { "texture": "#metal", "uv": [ 0.0, 0.0, 3.5, 0.5 ] },
				"up": { "texture": "#metal", "uv": [ 0.0, 0.0, 4.5, 3.5 ] },
				"down": { "texture": "#metal", "uv": [ 0.0, 0.0, 4.5, 3.5 ] }
			}
		},
		{
			"name": "cube55",
			"from": [ 7.0, 2.0, 7.5 ],
			"to": [ 8.0, 4.5, 8.5 ],
			"rotationOrigin": [ 7.0, 2.0, 8.0 ],
			"rotationY": 22.5,
			"faces": {
				"north": { "texture": "#metal", "uv": [ 0.0, 0.0, 1.0, 2.5 ] },
				"east": { "texture": "#metal", "uv": [ 0.0, 0.0, 1.0, 2.5 ] },
				"south": { "texture": "#metal", "uv": [ 0.0, 0.0, 1.0, 2.5 ] },
				"west": { "texture": "#metal", "uv": [ 0.0, 0.0, 1.0, 2.5 ] },
				"up": { "texture": "#metal", "uv": [ 0.0, 0.0, 1.0, 1.0 ] },
				"down": { "texture": "#metal", "uv": [ 0.0, 0.0, 1.0, 1.0 ] }
			}
		},
		{
			"name": "cube56",
			"from": [ 8.5, 2.0, 7.5 ],
			"to": [ 9.5, 4.5, 8.5 ],
			"rotationOrigin": [ 8.0, 2.0, 8.0 ],
			"rotationY": -22.5,
			"faces": {
				"north": { "texture": "#metal", "uv": [ 0.0, 0.0, 1.0, 2.5 ] },
				"east": { "texture": "#metal", "uv": [ 0.0, 0.0, 1.0, 2.5 ] },
				"south": { "texture": "#metal", "uv": [ 0.0, 0.0, 1.0, 2.5 ] },
				"west": { "texture": "#metal", "uv": [ 0.0, 0.0, 1.0, 2.5 ] },
				"up": { "texture": "#metal", "uv": [ 0.0, 0.0, 1.0, 1.0 ] },
				"down": { "texture": "#metal", "uv": [ 0.0, 0.0, 1.0, 1.0 ] }
			}
		}
	]}