[
{"name": "Giant Deer Taxidermy (Calf)", "ingredientPattern": "_BC,DEF,GHI","ingredients": {"B": { "type": "item", "code": "game:hammer-*", "isTool": true },"C": { "type": "item", "code": "game:knife-*", "isTool": true },"D": { "type": "item", "code": "cervinae:pelt-cervini-baby-megalocerosgiganteus" },"E": { "type": "item", "code": "game:metalnailsandstrips-*", "quantity": 1 },"F": { "type": "item", "code": "game:clay-*", "quantity": 4 },"G": { "type": "block", "code": "game:debarkedlog-*", "quantity": 2 },"H": { "type": "block", "code": "game:glass-*" },"I": { "type": "item", "code": "game:powder-borax", "quantity": 1 }},"width": 3,"height": 3,"output": { "type": "item", "code": "cervinae:taxidermy-cervini-baby-megalocerosgiganteus-00", "quantity": 1  }},
{"name": "Giant Deer Taxidermy (Female)", "ingredientPattern": "_BC,DEF,GHI","ingredients": {"B": { "type": "item", "code": "game:hammer-*", "isTool": true },"C": { "type": "item", "code": "game:knife-*", "isTool": true },"D": { "type": "item", "code": "cervinae:pelt-cervini-female-megalocerosgiganteus" },"E": { "type": "item", "code": "game:metalnailsandstrips-*", "quantity": 1 },"F": { "type": "item", "code": "game:clay-*", "quantity": 4 },"G": { "type": "block", "code": "game:debarkedlog-*", "quantity": 3 },"H": { "type": "block", "code": "game:glass-*" },"I": { "type": "item", "code": "game:powder-borax", "quantity": 2 }},"width": 3,"height": 3,"output": { "type": "item", "code": "cervinae:taxidermy-cervini-female-megalocerosgiganteus-00", "quantity": 1  }},
{"name": "Giant Deer Taxidermy (Male)", "ingredientPattern": "_BC,DEF,GHI","ingredients": {"B": { "type": "item", "code": "game:hammer-*", "isTool": true },"C": { "type": "item", "code": "game:knife-*", "isTool": true },"D": { "type": "item", "code": "cervinae:pelt-cervini-male-megalocerosgiganteus" },"E": { "type": "item", "code": "game:metalnailsandstrips-*", "quantity": 1 },"F": { "type": "item", "code": "game:clay-*", "quantity": 4 },"G": { "type": "block", "code": "game:debarkedlog-*", "quantity": 4 },"H": { "type": "block", "code": "game:glass-*" },"I": { "type": "item", "code": "game:powder-borax", "quantity": 2 }},"width": 3,"height": 3,"output": { "type": "item", "code": "cervinae:taxidermy-cervini-male-megalocerosgiganteus-00", "quantity": 1  }},
{"name": "Giant Deer Taxidermy (Male)", "ingredientPattern": "ABC,DEF,GHI","ingredients": {"A": { "type": "item", "code": "game:antler-megalocerosgiganteus-*", "name": "size", "allowedVariants": ["01","02","03","04","05","06","07","08","09"] },"B": { "type": "item", "code": "game:hammer-*", "isTool": true },"C": { "type": "item", "code": "game:knife-*", "isTool": true },"D": { "type": "item", "code": "cervinae:pelt-cervini-male-megalocerosgiganteus" },"E": { "type": "item", "code": "game:metalnailsandstrips-*", "quantity": 1 },"F": { "type": "item", "code": "game:clay-*", "quantity": 4 },"G": { "type": "block", "code": "game:debarkedlog-*", "quantity": 4 },"H": { "type": "block", "code": "game:glass-*" },"I": { "type": "item", "code": "game:powder-borax", "quantity": 2 }},"width": 3,"height": 3,"output": { "type": "item", "code": "cervinae:taxidermy-cervini-male-megalocerosgiganteus-{size}", "quantity": 1  }},
]