{
	"editor": {
		"backDropShape": "entity/humanoid/seraph",
		"allAngles": true,
		"entityTextureMode": true
	},
	"textureWidth": 64,
	"textureHeight": 64,
	"textureSizes": {
	},
	"textures": {
	},
	"elements": [
		{
			"name": "ArmorUpperTorso",
			"stepParentName": "UpperTorso",
			"from": [ -0.225, -0.15, -0.225 ],
			"to": [ 3.975, 3.9, 4.875 ],
			"uv": [ 0.0, 0.0 ],
			"rotationOrigin": [ -0.225, -0.15, -0.225 ],
			"faces": {
				"north": { "texture": "#linen", "uv": [ 0.0, 6.5, 5.5, 11.5 ], "autoUv": false },
				"east": { "texture": "#linen", "uv": [ 5.5, 6.5, 12.0, 11.5 ], "autoUv": false },
				"south": { "texture": "#linen", "uv": [ 12.0, 6.5, 17.5, 11.5 ], "autoUv": false },
				"west": { "texture": "#linen", "uv": [ 17.5, 6.5, 24.0, 11.5 ], "autoUv": false },
				"up": { "texture": "#linen", "uv": [ 0.0, 0.0, 5.5, 6.5 ], "autoUv": false },
				"down": { "texture": "#linen", "uv": [ 5.5, 0.0, 11.0, 6.5 ], "autoUv": false }
			}
		},
		{
			"name": "ArmorLowerTorso",
			"stepParentName": "LowerTorso",
			"from": [ -0.225, -0.375, -0.225 ],
			"to": [ 3.975, 3.825, 4.725 ],
			"uv": [ 0.0, 11.5 ],
			"rotationOrigin": [ -0.225, -0.375, -0.225 ],
			"faces": {
				"north": { "texture": "#linen", "uv": [ 0.0, 18.0, 5.5, 23.5 ], "autoUv": false },
				"east": { "texture": "#linen", "uv": [ 5.5, 18.0, 12.0, 23.5 ], "autoUv": false },
				"south": { "texture": "#linen", "uv": [ 12.0, 18.0, 17.5, 23.5 ], "autoUv": false },
				"west": { "texture": "#linen", "uv": [ 17.5, 18.0, 24.0, 23.5 ], "autoUv": false },
				"up": { "texture": "#linen", "uv": [ 0.0, 11.5, 5.5, 18.0 ], "autoUv": false },
				"down": { "texture": "#linen", "uv": [ 5.5, 11.5, 11.0, 18.0 ], "autoUv": false }
			}
		},
		{
			"name": "ArmorUpperArmR",
			"stepParentName": "UpperArmR",
			"from": [ -0.15, -0.15, -0.225 ],
			"to": [ 2.325, 5.4, 1.575 ],
			"uv": [ 36.0, 0.0 ],
			"rotationOrigin": [ -0.15, -0.15, -0.225 ],
			"faces": {
				"north": { "texture": "#linen", "uv": [ 36.0, 2.0, 39.0, 9.0 ], "autoUv": false },
				"east": { "texture": "#linen", "uv": [ 39.0, 2.0, 41.0, 9.0 ], "autoUv": false },
				"south": { "texture": "#linen", "uv": [ 41.0, 2.0, 44.0, 9.0 ], "autoUv": false },
				"west": { "texture": "#linen", "uv": [ 44.0, 2.0, 46.0, 9.0 ], "autoUv": false },
				"up": { "texture": "#linen", "uv": [ 36.0, 0.0, 39.0, 2.0 ], "autoUv": false },
				"down": { "texture": "#linen", "uv": [ 39.0, 0.0, 42.0, 2.0 ], "autoUv": false }
			}
		},
		{
			"name": "ArmorUpperArmL",
			"stepParentName": "UpperArmL",
			"from": [ -0.15, -0.15, -0.15 ],
			"to": [ 2.325, 5.4, 1.65 ],
			"uv": [ 26.0, 0.0 ],
			"rotationOrigin": [ -0.15, -0.15, -0.15 ],
			"faces": {
				"north": { "texture": "#linen", "uv": [ 26.0, 2.0, 29.0, 9.0 ], "autoUv": false },
				"east": { "texture": "#linen", "uv": [ 29.0, 2.0, 31.0, 9.0 ], "autoUv": false },
				"south": { "texture": "#linen", "uv": [ 31.0, 2.0, 34.0, 9.0 ], "autoUv": false },
				"west": { "texture": "#linen", "uv": [ 34.0, 2.0, 36.0, 9.0 ], "autoUv": false },
				"up": { "texture": "#linen", "uv": [ 26.0, 0.0, 29.0, 2.0 ], "autoUv": false },
				"down": { "texture": "#linen", "uv": [ 29.0, 0.0, 32.0, 2.0 ], "autoUv": false }
			}
		},
		{
			"name": "ArmorLowerArmR",
			"stepParentName": "LowerArmR",
			"from": [ -0.15, 1.35, -0.1875 ],
			"to": [ 2.025, 6.15, 1.6875 ],
			"uv": [ 36.0, 9.0 ],
			"rotationOrigin": [ -0.15, 1.35, -0.3 ],
			"faces": {
				"north": { "texture": "#linen", "uv": [ 36.0, 11.5, 38.5, 17.5 ], "autoUv": false },
				"east": { "texture": "#linen", "uv": [ 38.5, 11.5, 41.0, 17.5 ], "autoUv": false },
				"south": { "texture": "#linen", "uv": [ 41.0, 11.5, 43.5, 17.5 ], "autoUv": false },
				"west": { "texture": "#linen", "uv": [ 43.5, 11.5, 46.0, 17.5 ], "autoUv": false },
				"up": { "texture": "#linen", "uv": [ 36.0, 9.0, 38.5, 11.5 ], "autoUv": false },
				"down": { "texture": "#linen", "uv": [ 38.5, 9.0, 41.0, 11.5 ], "autoUv": false }
			}
		},
		{
			"name": "ArmorLowerArmL",
			"stepParentName": "LowerArmL",
			"from": [ -0.15, 1.35, -0.1875 ],
			"to": [ 2.025, 6.15, 1.6875 ],
			"uv": [ 26.0, 9.0 ],
			"rotationOrigin": [ -0.15, 1.35, -0.225 ],
			"faces": {
				"north": { "texture": "#linen", "uv": [ 26.0, 11.5, 28.5, 17.5 ], "autoUv": false },
				"east": { "texture": "#linen", "uv": [ 28.5, 11.5, 31.0, 17.5 ], "autoUv": false },
				"south": { "texture": "#linen", "uv": [ 31.0, 11.5, 33.5, 17.5 ], "autoUv": false },
				"west": { "texture": "#linen", "uv": [ 33.5, 11.5, 36.0, 17.5 ], "autoUv": false },
				"up": { "texture": "#linen", "uv": [ 26.0, 9.0, 28.5, 11.5 ], "autoUv": false },
				"down": { "texture": "#linen", "uv": [ 28.5, 9.0, 31.0, 11.5 ], "autoUv": false }
			}
		},
		{
			"name": "ArmorCoatR",
			"stepParentName": "UpperFootR",
			"from": [ -0.525, 0.15, -0.2625 ],
			"to": [ 3.675, 5.4, 2.3625 ],
			"autoUnwrap": false,
			"uv": [ 18.0, 24.5 ],
			"rotationOrigin": [ -0.525, 0.15, -0.375 ],
			"faces": {
				"north": { "texture": "#linen", "uv": [ 18.0, 28.0, 23.5, 35.0 ], "autoUv": false },
				"east": { "texture": "#linen", "uv": [ 23.5, 28.0, 27.0, 35.0 ], "autoUv": false },
				"south": { "texture": "#linen", "uv": [ 27.0, 28.0, 32.5, 35.0 ], "autoUv": false },
				"west": { "texture": "#linen", "uv": [ 32.5, 28.0, 36.0, 35.0 ], "autoUv": false },
				"up": { "texture": "#linen", "uv": [ 17.5, 24.5, 23.0, 28.0 ], "rotation": 180, "autoUv": false },
				"down": { "texture": "#linen", "uv": [ 23.0, 24.5, 28.5, 28.0 ], "rotation": 180, "autoUv": false }
			},
			"children": [
				{
					"name": "LegCoverR",
					"from": [ 0.45, 0.075, 0.15 ],
					"to": [ 3.825, 6.825, 2.7 ],
					"autoUnwrap": false,
					"uv": [ 49.0, 52.0 ],
					"rotationOrigin": [ 0.45, 0.075, 0.15 ],
					"faces": {
						"north": { "texture": "#linen", "uv": [ 57.5, 55.0, 62.0, 64.0 ], "autoUv": false },
						"east": { "texture": "#linen", "uv": [ 59.5, 55.0, 62.5, 64.0 ], "autoUv": false },
						"south": { "texture": "#linen", "uv": [ 57.0, 55.0, 61.5, 64.0 ], "autoUv": false },
						"west": { "texture": "#linen", "uv": [ 61.0, 55.0, 64.0, 64.0 ], "autoUv": false },
						"up": { "texture": "#linen", "uv": [ 59.5, 54.0, 64.0, 57.0 ], "autoUv": false },
						"down": { "texture": "#linen", "uv": [ 57.0, 54.0, 61.5, 57.0 ], "autoUv": false }
					}
				}
			]
		},
		{
			"name": "ArmorCoatL",
			"stepParentName": "UpperFootL",
			"from": [ -0.525, 0.15, 0.0375 ],
			"to": [ 3.675, 5.4, 2.6625 ],
			"uv": [ 0.0, 24.5 ],
			"rotationOrigin": [ -0.525, 0.15, -0.075 ],
			"faces": {
				"north": { "texture": "#linen", "uv": [ 0.0, 28.0, 5.5, 35.0 ], "autoUv": false },
				"east": { "texture": "#linen", "uv": [ 5.5, 28.0, 9.0, 35.0 ], "autoUv": false },
				"south": { "texture": "#linen", "uv": [ 9.0, 28.0, 14.5, 35.0 ], "autoUv": false },
				"west": { "texture": "#linen", "uv": [ 14.5, 28.0, 18.0, 35.0 ], "autoUv": false },
				"up": { "texture": "#linen", "uv": [ 0.0, 24.5, 5.5, 28.0 ], "autoUv": false },
				"down": { "texture": "#linen", "uv": [ 5.5, 24.5, 11.0, 28.0 ], "autoUv": false }
			},
			"children": [
				{
					"name": "LegCoverL",
					"from": [ 0.45, 0.075, -0.15 ],
					"to": [ 3.825, 6.825, 2.4 ],
					"autoUnwrap": false,
					"uv": [ 0.0, 0.0 ],
					"rotationOrigin": [ 0.45, 0.075, -0.15 ],
					"faces": {
						"north": { "texture": "#linen", "uv": [ 57.5, 55.0, 62.0, 64.0 ], "autoUv": false },
						"east": { "texture": "#linen", "uv": [ 59.5, 55.0, 62.5, 64.0 ], "autoUv": false },
						"south": { "texture": "#linen", "uv": [ 57.0, 55.0, 61.5, 64.0 ], "autoUv": false },
						"west": { "texture": "#linen", "uv": [ 61.0, 55.0, 64.0, 64.0 ], "autoUv": false },
						"up": { "texture": "#linen", "uv": [ 59.5, 54.0, 64.0, 57.0 ], "autoUv": false },
						"down": { "texture": "#linen", "uv": [ 57.0, 54.0, 61.5, 57.0 ], "autoUv": false }
					}
				}
			]
		}
	]}