{
  "code": "netherite",
  "class": "ItemNetheriteRM",
  "enabled": true,

  "storageFlags": 131073,

  //"variantgroups": [
  //  {
  //    "code": "element",
  //    "loadFromProperties": "rustboundmagic:abstract/elements"
  //  }
  //],
  //"skipVariants": [ "*-fire", "*-water", "*-wind", "*-earth", "*-lightning", "*-frost", "*-nature", "*-arcane" ],

  "creativeinventory": {
    "general": [ "*" ],
    "items": [ "*" ],
    "rustboundmagic": [ "*" ]
  },

  "maxstacksize": 64,
  "materialDensity": 1200,

  "shapebytype": {
    "*": {
      "base": "game:item/stone"
    }
  },
  "texturesByType": {
    "*": {
      "default": { "base": "default" },
      "material": { "base": "blocks/resources/netherite/netherite-rock*" }
    }
  },

  "attributesByType": {
    "*": {
      "displaycaseable": true,
      "onDisplayTransform": {
        "translation": {
          "x": 0,
          "y": -0.125,
          "z": 0
        },
        "scale": 0.75
      },
      "shelvable": true,
      "onshelfTransform": {
        "translation": {
          "x": 0,
          "y": -0.125,
          "z": 0
        },
        "scale": 0.75
      },
      "handbook": {
        "groupBy": [ "netherite-*" ],
        "extraSections": [
          {
            "title": "game:Created by",
            "text": "rustboundmagic:handbook-thaumicworkbenchonlytier2-text"
          }
        ]
      }
    }
  },



  "guiTransform": {
    "translation": {
      "x": 2,
      "y": 1,
      "z": 0
    },
    "rotation": {
      "x": 150,
      "y": -38,
      "z": 0
    },
    "origin": {
      "x": 0.5,
      "y": 0.1,
      "z": 0.5
    },
    "scale": 2.8
  },
  "fpHandTransform": {
    "translation": {
      "x": 0.05,
      "y": 0.2,
      "z": 0
    },
    "rotation": {
      "x": 94,
      "y": 95,
      "z": -21
    },
    "origin": {
      "x": 0.5,
      "y": 0.1,
      "z": 0.5
    },
    "scale": 1.78
  },
  "tpHandTransform": {
    "translation": {
      "x": -0.7,
      "y": -0.12,
      "z": -0.7
    },
    "rotation": {
      "x": -44,
      "y": 7,
      "z": -9
    },
    "origin": {
      "x": 0.5,
      "y": 0.1,
      "z": 0.5
    },
    "scale": 0.7
  },
  "groundTransform": {
    "translation": {
      "x": 0,
      "y": 0,
      "z": 0
    },
    "rotation": {
      "x": 0,
      "y": 0,
      "z": 0
    },
    "origin": {
      "x": 0.5,
      "y": 0,
      "z": 0.5
    },
    "scale": 4.5
  }
}
