{
	"code": "bovinae",
	"class": "EntityAgent",
	"fallDamageMultiplierByType": { "*-adult-*" :4},
	"variantgroups": [
		{"code": "age","states": [ "adult"]},
		{"code": "gender","states": [ "female","male"]},
		{"code": "type","states": [ "bosprimigeniusprimigenius","tragelaphuseurycerus"]}
	],
	"hitBoxSizeByType": {
		"*-adult-female-bosprimigeniusprimigenius": {	"x": 1.0,"y": 1.4},"*-adult-male-bosprimigeniusprimigenius": {	"x": 1.0,"y": 1.6},
		"*-adult-female-tragelaphuseurycerus": {	"x": 1.0,"y": 1.2},"*-adult-male-tragelaphuseurycerus": {	"x": 1.0,"y": 1.3}
	},
	"deadhitBoxSizeByType": {
		"*-adult-female-bosprimigeniusprimigenius": {	"x": 1.0,"y": 0.7},"*-adult-male-bosprimigeniusprimigenius": {	"x": 1.0,"y": 0.8},
		"*-adult-female-tragelaphuseurycerus": {	"x": 1.0,"y": 0.6},"*-adult-male-tragelaphuseurycerus": {	"x": 1.0,"y": 0.6}
	},
	"eyeHeightByType": {
		"*-adult-female-bosprimigeniusprimigenius": 1.4,"*-adult-male-bosprimigeniusprimigenius": 1.5,
		"*-adult-female-tragelaphuseurycerus": 1.2,"*-adult-male-tragelaphuseurycerus": 1.3
	},
	"weightByType": {
		"*-adult-female-bosprimigeniusprimigenius": 500,"*-adult-male-bosprimigeniusprimigenius": 800,
		"*-adult-female-tragelaphuseurycerus": 190,"*-adult-male-tragelaphuseurycerus": 310
	},	
	"knockbackResistanceByType": {
		"*-adult-*": 1
	},	
	"attributes": {
		"killedByInfoText": "deadcreature-killed",
		"basketCatchable": true,
		"trapChanceByType": {"*": 0.0 },
		"trapDestroyChanceByType": {"*": 0.3 },
		"creatureDiet": {
			"foodCategoriesByType": {"*-tragelaphuseurycerus":["Fruit","Grain","Vegetable"],"*":["Grain","Vegetable"]},
			"foodTagsByType": {"*-tragelaphuseurycerus":["fruitmash","grass","nibblecrop","sweetBerryBush"],"*":["grass","nibblecrop"]}
		},
		"handbook": {
			"groupcode": "creaturegroup-bovinae"
		}
	},
	"drops": [],
	"client": {
		"renderer": "Shape",
		"shapeByType": {
			"*-adult-*-bosprimigeniusprimigenius": { "base": "entity/bovinae/{type}/{gender}" },
			"*-adult-*": { "base": "entity/bovinae/{type}/adult" }
		},
		"textureByType": {
			"*-adult-*": { "base": "entity/bovinae/{type}-{gender}" }
		},
		"sizeByType": {
			"*-adult-female-tragelaphuseurycerus": 0.95,"*-adult-male-tragelaphuseurycerus": 1.05
		},
		"behaviors": [
			{"code": "repulseagents" },
			{"code": "controlledphysics","stepHeight": 2.1251},
			{"code": "floatupwhenstuck","onlyWhenDead": true},
			{"code": "interpolateposition" },
			{"code": "harvestable","quantitySlots": 8},
			{ "code": "multiply", "enabledByType": { "*-adult-female-*": true, "*": false } },
			{ "code": "milkable", "enabledByType": { "*-adult-female-*": true, "*": false } },
			{"code": "despawn","minPlayerDistance": 8,"belowLightLevel": 8,"minSeconds": 300},
			{ "code": "antlergrowth", "enabledByType": { "*-adult-*": true, "*": false }},
			{"code": "ropetieable","minGeneration": 2}
		],
		"animations": [
			{"code": "attack","animation": "Attack","animationSpeed": 2.2,"weight": 10,"blendMode": "AddAverage"},
			{"code": "charge","animation": "Charge","animationSpeed": 2.2,"weight": 10,"blendMode": "Average"},
			{"code": "die","animation": "Die","animationSpeed": 1.25,"weight": 10,"blendMode": "Average","triggeredBy": { "onControls": [ "dead" ] }},
			{"code": "eat","animation": "Eat","easeInSpeed": 4,"easeOutSpeed": 4,"blendMode": "Average"},
			{"code": "hurt","animation": "Hurt","animationSpeed": 2.2,"weight": 10,"blendMode": "AddAverage"},
			{"code": "idle","animation": "Idle","blendMode": "AddAverage","easeOutSpeed": 4,"triggeredBy": { "defaultAnim": true }},
			{"code": "roar","animation": "Roar","animationSpeed": 2.2,"weight": 10,"blendMode": "AddAverage"},
			{"code": "sit","animation": "Sit","easeInSpeed": 4,"easeOutSpeed": 4,"blendMode": "Average"},
			{"code": "sleep","animation": "Sleep","easeInSpeed": 4,"easeOutSpeed": 4,"blendMode": "Average"},
			{"code": "swim","animation": "Swim","supressDefaultAnimation": true,"blendMode": "Average"},
			{"code": "walk","animation": "Walk","supressDefaultAnimation": true,"blendMode": "Average"},
			{"code": "trot","animation": "Trot","supressDefaultAnimation": true,"blendMode": "Average"},
			{"code": "canter","animation": "Canter","supressDefaultAnimation": true,"blendMode": "Average"},
			{"code": "run","animation": "Run","supressDefaultAnimation": true,"blendMode": "Average"}
		]
	},
	"server": {
		"attributes": {
			"pathfinder": {
				"minTurnAnglePerSec": 90,
				"maxTurnAnglePerSec": 180
			}
		},
		"behaviors": [
			{ "code": "repulseagents" },
			{"code": "controlledphysics","stepHeight": 2.1251},
			{"code": "despawn","minPlayerDistance": 8,"belowLightLevel": 8,"minSeconds": 300},
			{"code": "health",
				"maxhealthByType": {
					"*-adult-female-bosprimigeniusprimigenius": 30,"*-adult-male-bosprimigeniusprimigenius": 42,
					"*-adult-female-tragelaphuseurycerus": 18,"*-adult-male-tragelaphuseurycerus": 22
				}
			},
			{"code": "deaddecay",
				"hoursToDecay": 96,
				"decayedBlockByType": {
				"*-adult-*-tragelaphuseurycerus": "carcass-medium",
				"*-adult-*": "carcass-large"
				}
			},
			{"code": "floatupwhenstuck","onlyWhenDead": true},
			{"code": "harvestable",
				"quantitySlots": 8,
				"drops": [
					{
						"type": "item",
						"code": "game:redmeat-raw",
						"quantityByType": {
							"*-adult-female-bosprimigeniusprimigenius": {"avg": 34,"var": 3},"*-adult-male-bosprimigeniusprimigenius": {"avg": 54,"var": 6},
							"*-adult-female-tragelaphuseurycerus": {"avg": 22,"var": 2},"*-adult-male-tragelaphuseurycerus": {"avg": 34,"var": 3}
						}
					},
					{
						"type": "item",
						"code": "game:fat",
						"quantityByType": {
							"*-adult-female-bosprimigeniusprimigenius": {"avg": 7,"var": 1},"*-adult-male-bosprimigeniusprimigenius": {"avg": 10,"var": 1},
							"*-adult-female-tragelaphuseurycerus": {"avg": 2.5,"var": 0.5},"*-adult-male-tragelaphuseurycerus": {"avg": 4.5,"var": 0.5}
						}
					},
					{
						"type": "item",
						"code": "bovinae:pelt-{gender}-{type}",
						"quantityByType": {
							"*-adult-*": {"avg": 1.0,"var": 0.0},
							"*": {"avg": 0.0,"var": 0.0}
						}
					}
				]
			},
			{"code": "breathe" },
			{"code": "multiply",
				"enabledByType": {
					"*-adult-female-*": true,
					"*": false
				},
				"spawnEntityCodesByType": {
				"*-adult-female-*": [ {"code": "bovinae:bovinae-baby-male-{type}"},{ "code":"bovinae:bovinae-baby-female-{type}"} ]},
				"requiresNearbyEntityCodeByType": {
					"*-adult-female-*": "bovinae:bovinae-adult-male-{type}"},
				"requiresNearbyEntityRange": 10,
				"spawnQuantityMin": 1,
				"spawnQuantityMaxByType": {"*": 1},
				"pregnancyDaysByType": {"*": 57},
				"multiplyCooldownDaysMinByType": {"*": 8},
				"multiplyCooldownDaysMaxByType": {"*": 22},
				"portionsEatenForMultiplyByType": {"*-bosprimigeniusprimigenius": 2,"*-tragelaphuseurycerus": 14}
			},
			{ "code": "milkable", "enabledByType": { "*-adult-female-*": true, "*": false } },
			{"code": "emotionstates",
				"states": [
					{"code": "fleeondamage","duration": 60,
						"chanceByType": {
							"*-adult-*": 1
						},
						"slot": 2,"priority": 4,"accumType": "max","whenHealthRelBelow": 0.6},
					{"code": "aggressiveondamage","duration": 300,
						"chanceByType": {
							"*-adult-*": 1
						},
						"slot": 2,"priority": 3,"accumType": "noaccum"},
					{"code": "fleeondamage","duration": 60,"slot": 2,"chance": 0.01,"priority": 1,"accumType": "max"},
					{"code": "alarmherdondamage","chance": 1,"slot": 1,"priority": 1.5,"accumType": "max"},
					{"code": "saturated","duration": 1200,"chance": 1,"slot": 0,"priority": 1,"accumType": "sum"},
					{ "code": "aggressivearoundentities", "duration": 60, "chanceByType": {"*-adult-male-*": 1.0,"*": 0.0}, "slot": 2, "priority": 4, "entityCodes": ["bovinae:bovinae-adult-female-{type}"], "maxGeneration": 6 },
					{ "code": "aggressivearoundentities", "duration": 60, "chanceByType": {"*-adult-*": 1.0}, "slot": 2, "priority": 5, "entityCodes": ["bovinae:bovinae-baby-female-{type}","bovinae:bovinae-baby-male-{type}"], "maxGeneration": 2 }
				]
			},
			{
				"code": "taskai",
				"aiCreatureType": "LandCreature",
				"aitasks": [
					{
						"code": "meleeattack",
						"animation": "Attack",
						"entityCodesByType": {
							"*-adult-*": [ "player","bear-*","fox-*","hyena-*", "wolf-*", "caninae-canina-adult-*","felinae-adult-*", "machairodontinae-adult-*", "pantherinae-*","thylacoleonidae-*", "ursidae-*" ]},
						"priority": 1.9,
						"slot": 1,
						"damageByType": {
							"*-adult-female-bosprimigeniusprimigenius":15,"*-adult-male-bosprimigeniusprimigenius":17,
							"*-adult-female-tragelaphuseurycerus":9,"*-adult-male-tragelaphuseurycerus":11
						},
						"knockbackStrengthByType": {"*":0.2},
						"damageTierByType": {"*":2},
						"mincooldown": 1500,
						"maxcooldown": 2500,
						"minDistByType": {"*":2},
						"minVerDistByType": {"*":2},
						"attackDurationMs": 1250,
						"damagePlayerAtMs": 500,
						"animationSpeed": 2.5,
						"soundByType": {
							"*-bosprimigeniusprimigenius": "creature/bos/roar*",
							"*":"game:creature/hooved/generic/sniff*"}
					},
					{
						"code": "fleeentity",
						"animation": "Run",
						"entityCodesByType": {
							"@.*-(bosprimigeniusprimigenius)":["bear-male-polar","bear-female-polar","bear-male-brown","bear-female-brown","wolf-male", "wolf-female","caninae-canina-adult-*","machairodontinae-adult-*","pantherinae-panthera-adult-*","thylacoleonidae-adult-*"],
							"*":["player","bear-*","hyena-male","hyena-female","wolf-male","wolf-female","caninae-canina-adult-*","felinae-adult-*","machairodontinae-adult-*","pantherinae-panthera-adult-*","thylacoleonidae-adult-*"]
						},
						"priority": 1.8,
						"movespeedByType": {
							"*-adult-female-bosprimigeniusprimigenius": 0.096,"*-adult-male-bosprimigeniusprimigenius": 0.118,
							"*-adult-female-tragelaphuseurycerus": 0.0864,"*-adult-male-tragelaphuseurycerus": 0.096
						},
						"animationSpeedByType": {
							"*-adult-*": 2.5,
							"*": 4
						},
						"seekingRangeByType": {"*":15},
						"whenNotInEmotionState": "aggressiveondamage|aggressivearoundentities|fleeondamage"
					},
					{
						"code": "fleeentity",
						"animation": "Trot",
						"entityCodesByType": {
							"*": ["bell-*","bowtorn-*","drifter-*","shiver-*","elephantidae-adult-*","rhinocerotidae-adult-*"]
						},
						"priority": 1.75,
						"movespeedByType": {
							"*-adult-female-bosprimigeniusprimigenius": 0.012,"*-adult-male-bosprimigeniusprimigenius": 0.0144,
							"*-adult-female-tragelaphuseurycerus": 0.0108,"*-adult-male-tragelaphuseurycerus": 0.012
						},
						"animationSpeedByType": {
							"*": 1
						},
						"seekingRange": 5,
						"whenNotInEmotionState": "aggressiveondamage|fleeondamage"
					},
					{
						"code": "seekentity",
						"animation": "Charge",
						"enabledByType": {"*": true},
						"entityCodesByType": {
							"@.*-(tragelaphuseurycerus)": [ "hyena-*", "wolf-*","caninae-canina-adult-*","felinae-adult-*","pantherinae-neofelis-adult-*" ],
							"*": ["bear-*","hyena-*", "wolf-*","caninae-canina-adult-*","felinae-adult-*","machairodontinae-adult-*","pantherinae-*","thylacoleonidae-*" ]
						},
						"priority": 1.81,
						"mincooldown": 600,
						"maxcooldown": 650,
						"seekingRange": 10,
						"movespeedByType": {
							"*-adult-female-bosprimigeniusprimigenius": 0.048,"*-adult-male-bosprimigeniusprimigenius": 0.06,
							"*-adult-female-tragelaphuseurycerus": 0.0432,"*-adult-male-tragelaphuseurycerus": 0.048
						},
						"animationSpeedByType": {
							"*": 2
						},
						"soundByType": {
							"*-bosprimigeniusprimigenius": "creature/bos/roar*",
							"*-adult-*-tragelaphuseurycerus":"game:creature/sheep/idle"
						},
						"whenNotInEmotionState": "fleeondamage"
					},
					{
						"code": "seekentity",
						"animation": "Canter",
						"entityCodesByType": {
							"*-adult-*": [ "player","bear-*","hyena-*",  "wolf-*", "caninae-canina-adult-*", "felinae-adult-*", "machairodontinae-adult-*", "pantherinae-*","thylacoleonidae-*" ]
						},
						"priority": 1.82,
						"mincooldown": 6000,
						"maxcooldown": 6500,
						"seekingRange": 28,
						"movespeedByType": {
							"*-adult-female-bosprimigeniusprimigenius": 0.048,"*-adult-male-bosprimigeniusprimigenius": 0.06,
							"*-adult-female-tragelaphuseurycerus": 0.0432,"*-adult-male-tragelaphuseurycerus": 0.048
						},
						"animationSpeedByType": {
							"*": 2
						},
						"soundByType": {
							"*-bosprimigeniusprimigenius": "creature/bos/roar*",
							"*":"game:creature/hooved/generic/sniff*"},
						"whenInEmotionState": "aggressiveondamage"
					},
					{
						"code": "seekentity",
						"animation": "Canter",
						"entityCodesByType": {
							"@.*-(tragelaphuseurycerus)": [ "hyena-*", "wolf-*","caninae-canina-adult-*","felinae-adult-*","pantherinae-neofelis-adult-*" ],
							"*": [ "player","bear-*","hyena-*", "wolf-*","caninae-canina-adult-*","felinae-adult-*","machairodontinae-adult-*","pantherinae-*","thylacoleonidae-*" ]
						},
						"priority": 1.81,
						"mincooldown": 6000,
						"maxcooldown": 6500,
						"seekingRange": 12,
						"movespeedByType": {
							"*-adult-female-bosprimigeniusprimigenius": 0.048,"*-adult-male-bosprimigeniusprimigenius": 0.06,
							"*-adult-female-tragelaphuseurycerus": 0.0432,"*-adult-male-tragelaphuseurycerus": 0.048
						},
						"animationSpeedByType": {
							"*": 2
						},
						"soundByType": {
							"*-bosprimigeniusprimigenius": "creature/bos/roar*",
							"*":"game:creature/hooved/generic/sniff*"},
						"whenInEmotionState": "aggressivearoundentities"
					},
					{
						"code": "fleeentity",
						"animation": "Run",
						"entityCodesByType": {
							"*": [ "player","bear-*","hyena-*", "wolf-*", "caninae-canina-adult-*", "felinae-adult-*", "machairodontinae-adult-*", "pantherinae-*","thylacoleonidae-*" ]
						},
						"priority": 2.1,
						"movespeedByType": {
							"*-adult-female-bosprimigeniusprimigenius": 0.096,"*-adult-male-bosprimigeniusprimigenius": 0.118,
							"*-adult-female-tragelaphuseurycerus": 0.0864,"*-adult-male-tragelaphuseurycerus": 0.096
						},
						"animationSpeedByType": {
							"*-bosprimigeniusprimigenius": 2.5,
							"*": 3
						},
						"seekingRange": 25,
						"soundByType": {
							"*-bosprimigeniusprimigenius": "creature/bos/roar*",
							"*":"game:creature/hooved/generic/sniff*"},
						"whenInEmotionState": "fleeondamage"
					},
					{
						"code": "getoutofwater",
						"animation": "Swim",
						"priority": 1.4,
						"movespeedByType": {
							"*-adult-*": 0.05},
						"animationSpeed": 1.5
					},
					{
						"code": "stayclosetoentity",
						"animation": "Canter",
						"enabledByType": {
							"*-adult-male-*": false,
							"*": true
						},
						"priority": 1.39,
						"entityCode": "bovinae-adult-male-{type}",
						"movespeedByType": {
							"*-adult-female-bosprimigeniusprimigenius": 0.048,"*-adult-male-bosprimigeniusprimigenius": 0.06,
							"*-adult-female-tragelaphuseurycerus": 0.0432,"*-adult-male-tragelaphuseurycerus": 0.048
							},
						"maxDistanceByType": {"*-female-*": 15},
						"searchRange": 25,
						"animationSpeedByType": {
							"*": 2
						},
						"soundByType": {
							"*": "game:creature/hooved/generic/sniff*"
						}
					},
					{
						"code": "idle",
						"animation": "Sleep",
						"priority": 1.3,
						"priorityForCancel": 1.35,
						"minduration": 200000,
						"maxduration": 800000,
						"mincooldown": 10000,
						"maxcooldown": 30000,
						"animationSpeed": 0.3,
						"whenNotInEmotionState": "aggressiveondamage|aggressivearoundentities|fleeondamage",
						"duringDayTimeFramesByType": {
							"*-tragelaphuseurycerus":[{"fromHour": 8,"toHour": 16},{"fromHour": 0,"toHour": 1}],
							"*":[{"fromHour": 20,"toHour": 24},{"fromHour": 0,"toHour": 6}]},
						"stopOnNearbyEntityCodes": [ "player" ],
						"stopRange": 2,
						"stopOnHurt": true
					},
					{
						"code": "seekfoodandeat",
						"animation": "Walk",
						"eatAnimation": "Eat",
						"movespeedByType": {
							"*-adult-female-bosprimigeniusprimigenius": 0.004,"*-adult-male-bosprimigeniusprimigenius": 0.0048,
							"*-adult-female-tragelaphuseurycerus": 0.004,"*-adult-male-tragelaphuseurycerus": 0.0045
						},
						"priority": 1.34,
						"eatSoundByType": {
							"*":"game:creature/animal-eat-small"},
						"eatTime": 1.5,
						"eatLooseItems": true,
						"animationSpeed": 1.0,
						"mincooldownHours": 1,
						"maxcooldownHours": 4,
						"whenNotInEmotionState": "aggressiveondamage|aggressivearoundentities|fleeondamage"
					},
					{
						"code": "idle",
						"animation": "Eat",
						"priority": 1.2,
						"priorityForCancel": 1.35,
						"minduration": 3000,
						"maxduration": 12000,
						"mincooldown": 6000,
						"maxcooldown": 20000,
						"animationSpeed": 1.5,
						"eatSoundByType": {
							"*":"game:creature/animal-eat-small"},
						"whenNotInEmotionState": "aggressiveondamage|aggressivearoundentities|fleeondamage"
					},
					{
						"code": "idle",
						"animation": "Roar",
						"priority": 1.0,
						"priorityForCancel": 1.35,
						"minduration": 4667,
						"maxduration": 4667,
						"chance": 0.005,
						"mincooldown": 8000,
						"maxcooldown": 50000,
						"animationSpeed": 1.5,
						"soundByType": {
							"*-bosprimigeniusprimigenius": "creature/bos/roar*",
							"*": "game:creature/hooved/generic/sniff*"
						},
						"soundRangeByType": {
							"*-adult-*": 60,
							"*": 30
						},
						"whenNotInEmotionState": "aggressiveondamage|aggressivearoundentities|fleeondamage"
					},
					{
						"code": "wander",
						"animation": "Walk",
						"priority": 1.0,
						"priorityForCancel": 1.35,
						"movespeedByType": {
							"*-adult-female-bosprimigeniusprimigenius": 0.004,"*-adult-male-bosprimigeniusprimigenius": 0.0048,
							"*-adult-female-tragelaphuseurycerus": 0.004,"*-adult-male-tragelaphuseurycerus": 0.0045
						},
						"animationSpeedByType": {
							"*": 1
						},
						"preferredLightLevel": 24,
						"whenNotInEmotionState": "aggressiveondamage|aggressivearoundentities|fleeondamage"
					},
					{
						"code": "wander",
						"animation": "Trot",
						"priority": 1.01,
						"priorityForCancel": 1.35,
						"wanderChance": 0.001,
						"movespeedByType": {
							"*-adult-female-bosprimigeniusprimigenius": 0.012,"*-adult-male-bosprimigeniusprimigenius": 0.014,
							"*-adult-female-tragelaphuseurycerus": 0.0108,"*-adult-male-tragelaphuseurycerus": 0.012
						},
						"animationSpeedByType": {
							"*": 1
						},
						"preferredLightLevel": 24,
						"soundByType": {
							"*-bosprimigeniusprimigenius": "creature/bos/moo*"
						},
						"wanderRangeMaxByType": {"*-adult-male-*":250,"*adult-female-*":50},
						"whenNotInEmotionState": "aggressiveondamage|aggressivearoundentities|fleeondamage"
					},
					{
						"code": "idle",
						"animation": "Sit",
						"priority": 0.9,
						"minduration": 6000,
						"maxduration": 45000,
						"mincooldown": 6000,
						"maxcooldown": 120000,
						"priorityForCancel": 1.28,
						"stopOnNearbyEntityCodes": [ "player", "wolf-male", "wolf-female", "hyena-male", "hyena-female", "bear-*" ],
						"stopRange": 10,
						"stopOnHurt": true,
						"whenNotInEmotionState": "aggressiveondamage|aggressivearoundentities|fleeondamage"
					},
					{
						"code": "lookaround",
						"priority": 0.5
					}
				]
			},
			{"code": "ropetieable","minGeneration": 2},
			{"code": "pettable","minGeneration": 1},
			{
				"code": "antlergrowth",
				"enabledByType": {"*-adult-*": true, "*": false },
				"variantsByType": {
					"*-adult-male-bosprimigeniusprimigenius":["01", "02", "03", "04","05","06"],"*-adult-female-bosprimigeniusprimigenius":["01", "02", "03", "04"],
					"*-adult-male-tragelaphuseurycerus":["01", "02", "03", "04", "05","06"],"*-adult-female-tragelaphuseurycerus":["01", "02", "03", "04", "05"]},
				"beginGrowMonth": -1,				
				"growDurationMonths": 12
			}
		],
		"spawnconditions": {
			"worldgen": {
				"tryOnlySurface": true,
				"triesPerChunk": { "avg": 0, "var": 0 },
				"groupSizeByType": {
					"*-adult-female-bosprimigeniusprimigenius": { "dist": "uniform", "avg": 7, "var": 3 },
					"*-adult-male-bosprimigeniusprimigenius": { "dist": "uniform", "avg": 3.5, "var": 2.5 },
					"*-adult-female-tragelaphuseurycerus": { "dist": "uniform", "avg": 7, "var": 1 },
					"*-adult-male-tragelaphuseurycerus": { "dist": "uniform", "avg": 1.0, "var": 0.0 }
				},
				"insideBlockCodes": [ "game:air", "game:gravel-*",  "game:sand-*","game:snowlayer-1","game:soil-*","game:tallgrass-*" ],
				"companionsByType": {
				"*-adult-male-*":["bovinae:bovinae-adult-female-{type}"],
				"*-adult-female-*":["bovinae:bovinae-adult-female-{type}","bovinae:bovinae-baby-female-{type}","bovinae:bovinae-baby-male-{type}"]}
			},
			"runtime": {
				"group": "neutral",
				"tryOnlySurface": true,
				"chanceByType": {
					"*-adult-female-bosprimigeniusprimigenius": 0.0001,"*-adult-male-bosprimigeniusprimigenius": 0.0001,
					"*-adult-female-tragelaphuseurycerus": 0.0001,"*-adult-male-tragelaphuseurycerus": 0.0001,
					"*": 0.0
				},
				"mindistancetoplayer": 50,
				"maxLightLevel": 7,
				"lightLevelType": "onlyBlockLight",
				"spawnCapPlayerScaling": 0.0,			
				"groupSizeByType": {
					"*-adult-female-bosprimigeniusprimigenius": { "dist": "uniform", "avg": 7, "var": 3 },
					"*-adult-male-bosprimigeniusprimigenius": { "dist": "uniform", "avg": 3.5, "var": 2.5 },
					"*-adult-female-tragelaphuseurycerus": { "dist": "uniform", "avg": 7, "var": 1 },
					"*-adult-male-tragelaphuseurycerus": { "dist": "uniform", "avg": 1.0, "var": 0.0 }
				},
				"insideBlockCodes": [ "game:air", "game:gravel-*",  "game:sand-*","game:snowlayer-1","game:soil-*","game:tallgrass-*" ],
				"companionsByType": {
				"*-adult-male-*":["bovinae:bovinae-adult-female-{type}"],
				"*-adult-female-*":["bovinae:bovinae-adult-female-{type}","bovinae:bovinae-baby-female-{type}","bovinae:bovinae-baby-male-{type}"]}
			}
		},
		"spawnconditionsByType": {
			"bovinae-adult-*-bosprimigeniusprimigenius": {
				"climate": {
					"minTemp": 2,
					"maxTemp": 14,
					"minRain": 0.25,
					"maxRain": 0.8,
					"minForest": 0.0,
					"maxForest": 0.6,
					"maxShrubs": 0.9,
					"minY": 1.0,
					"maxY": 1.3					
				},
				"worldgen": {
					"triesPerChunk": { "avg": 0.001, "var": 0}
				},
				"runtime": {
					"maxQuantityByGroup": { "code": "bovinae-*", "maxQuantity": 3 }
				}
			},
			"bovinae-adult-*-tragelaphuseurycerus": {
				"climate": {
					"minTemp": 15,
					"maxTemp": 28,
					"minRain": 0.65,
					"maxRain": 1.0,
					"minForest": 0.50,
					"maxForest": 0.9,
					"maxShrubs": 0.9,
					"minY": 1.1,
					"maxY": 1.8					
				},
				"worldgen": {
					"triesPerChunk": { "avg": 0.001, "var": 0}
				},
				"runtime": {
					"maxQuantityByGroup": { "code": "bovinae-*", "maxQuantity": 3 }
				}
			}
		}
	},
	"soundsByType": {
"*-bosprimigeniusprimigenius":{"hurt": "creature/bos/hurt*","death": "creature/bos/roar*","idle": "creature/bos/moo*"},
"*-adult-*-tragelaphuseurycerus":{"hurt": "game:creature/hooved/generic/sniff*","death": "game:creature/hooved/generic/sniff*","idle": "game:creature/sheep/idle"}},
	"idleSoundChance": 0.01
}