[
    {
        "op": "addeach",
        "path": "/selling/list/-",
        "value": [
            { "code": "flags:bannerpattern", "type": "item", "attributes": { "bannerpattern": { "type": "yin", "unlockedTypes": "yang" } }, "stacksize": 1, "stock": { "avg": 1, "var": 0.25 }, "price": { "avg": 10, "var": 2.5 } },
            { "code": "flags:bannerpattern", "type": "item", "attributes": { "bannerpattern": { "type": "crescent_left", "unlockedTypes": "crescent_left-crescent_right" } }, "stacksize": 1, "stock": { "avg": 1, "var": 0.25 }, "price": { "avg": 10, "var": 2.5 } },
            { "code": "flags:bannerpattern", "type": "item", "attributes": { "bannerpattern": { "type": "globe" } }, "stacksize": 1, "stock": { "avg": 1, "var": 0.25 }, "price": { "avg": 10, "var": 2.5 } },

            { "code": "flags:bannerpattern", "type": "item", "attributes": { "bannerpattern": { "type": "flower" } }, "stacksize": 1, "stock": { "avg": 1, "var": 0.25 }, "price": { "avg": 10, "var": 2.5 } },
            { "code": "flags:bannerpattern", "type": "item", "attributes": { "bannerpattern": { "type": "moby_dick" } }, "stacksize": 1, "stock": { "avg": 1, "var": 0.25 }, "price": { "avg": 10, "var": 2.5 } },
            { "code": "flags:bannerpattern", "type": "item", "attributes": { "bannerpattern": { "type": "sad_catfish" } }, "stacksize": 1, "stock": { "avg": 1, "var": 0.25 }, "price": { "avg": 10, "var": 2.5 } },
            { "code": "flags:bannerpattern", "type": "item", "attributes": { "bannerpattern": { "type": "skull" } }, "stacksize": 1, "stock": { "avg": 1, "var": 0.25 }, "price": { "avg": 10, "var": 2.5 } },

            { "code": "flags:bannerpattern", "type": "item", "attributes": { "bannerpattern": { "type": "vs_elk" } }, "stacksize": 1, "stock": { "avg": 1, "var": 0.25 }, "price": { "avg": 10, "var": 2.5 } }
        ],
        "file": "game:config/tradelists/trader-agriculture.json"
    }
]
