{
	"editor": {
		"collapsedPaths": ",Root/L horn2",
		"allAngles": false,
		"entityTextureMode": false
	},
	"textureWidth": 16,
	"textureHeight": 16,
	"textureSizes": {
	},
	"textures": {
		"preist-mask": "agiclasses:clothing/preist-mask",
		"sheepskull": "game:entity/humanoid/seraphclothes/face/sheepskull"
	},
	"elements": [
		{
			"name": "origin",
			"stepParentName": "Head",
			"from": [ -0.4, 1.6, 2.3 ],
			"to": [ -0.4, 1.6, 2.3 ],
			"rotationOrigin": [ -0.4, 1.6, 2.3 ],
			"rotationZ": 3.0,
			"faces": {
			},
			"children": [
				{
					"name": "L side",
					"from": [ -0.8, 0.0, -2.3 ],
					"to": [ -0.3, 3.5, 0.2 ],
					"rotationOrigin": [ -0.8, 0.0, 0.2 ],
					"rotationY": -20.0,
					"faces": {
						"north": { "texture": "#preist-mask", "uv": [ 0.0, 0.0, 0.5, 3.5 ] },
						"east": { "texture": "#preist-mask", "uv": [ 1.5, 2.5, 4.0, 6.0 ] },
						"south": { "texture": "#preist-mask", "uv": [ 0.0, 0.0, 0.5, 3.5 ] },
						"west": { "texture": "#preist-mask", "uv": [ 0.0, 4.5, 2.5, 8.0 ], "rotation": 180, "windMode": [-1,-1,-1,-1] },
						"up": { "texture": "#preist-mask", "uv": [ 0.0, 0.0, 0.5, 2.5 ] },
						"down": { "texture": "#preist-mask", "uv": [ 0.0, 0.0, 0.5, 2.5 ] }
					},
					"children": [
						{
							"name": "L string",
							"from": [ 0.0, 1.0, -0.5 ],
							"to": [ 5.9, 1.5, 0.0 ],
							"rotationOrigin": [ 0.0, 1.5, -0.5 ],
							"rotationY": 18.0,
							"rotationZ": -1.0,
							"faces": {
								"north": { "texture": "#cat-mask", "uv": [ 0.0, 0.0, 5.5, 0.5 ] },
								"east": { "texture": "#cat-mask", "uv": [ 0.0, 0.0, 0.5, 0.5 ] },
								"south": { "texture": "#cat-mask", "uv": [ 0.0, 0.0, 5.5, 0.5 ] },
								"west": { "texture": "#cat-mask", "uv": [ 0.0, 0.0, 0.5, 0.5 ] },
								"up": { "texture": "#cat-mask", "uv": [ 0.0, 0.0, 5.5, 0.5 ] },
								"down": { "texture": "#cat-mask", "uv": [ 0.0, 0.0, 5.5, 0.5 ] }
							}
						},
						{
							"name": "Cube19",
							"from": [ 0.0, 0.0, -0.5 ],
							"to": [ 0.5, 1.5, 0.0 ],
							"faces": {
								"north": { "texture": "#cat-mask", "uv": [ 12.5, 12.0, 13.0, 13.5 ] },
								"east": { "texture": "#cat-mask", "uv": [ 12.0, 12.5, 12.5, 14.0 ] },
								"south": { "texture": "#cat-mask", "uv": [ 12.0, 12.0, 12.5, 13.5 ] },
								"west": { "texture": "#cat-mask", "uv": [ 15.0, 13.0, 15.5, 14.5 ] },
								"up": { "texture": "#cat-mask", "uv": [ 14.0, 12.5, 14.5, 13.0 ] },
								"down": { "texture": "#cat-mask", "uv": [ 13.5, 12.0, 14.0, 12.5 ] }
							}
						}
					]
				},
				{
					"name": "R side",
					"from": [ -0.8, 0.0, 0.2 ],
					"to": [ -0.3, 0.7, 2.7 ],
					"rotationOrigin": [ -0.8, 0.0, 0.2 ],
					"rotationY": 20.0,
					"faces": {
						"north": { "texture": "#preist-mask", "uv": [ 0.0, 0.0, 0.5, 0.5 ] },
						"east": { "texture": "#preist-mask", "uv": [ 5.0, 2.0, 7.5, 2.5 ] },
						"south": { "texture": "#preist-mask", "uv": [ 3.0, 4.5, 3.5, 5.0 ] },
						"west": { "texture": "#preist-mask", "uv": [ 4.0, 5.0, 6.5, 5.5 ] },
						"up": { "texture": "#preist-mask", "uv": [ 0.0, 0.0, 0.5, 2.5 ] },
						"down": { "texture": "#preist-mask", "uv": [ 0.0, 0.0, 0.5, 2.5 ] }
					},
					"children": [
						{
							"name": "R string",
							"from": [ 0.1, 1.0, 2.5 ],
							"to": [ 5.9, 1.5, 3.0 ],
							"rotationOrigin": [ 0.1, 1.5, 2.9 ],
							"rotationY": -18.0,
							"rotationZ": -1.0,
							"faces": {
								"north": { "texture": "#cat-mask", "uv": [ 0.0, 0.0, 5.5, 0.5 ] },
								"east": { "texture": "#cat-mask", "uv": [ 0.0, 0.0, 0.5, 0.5 ] },
								"south": { "texture": "#cat-mask", "uv": [ 0.0, 0.0, 5.5, 0.5 ] },
								"west": { "texture": "#cat-mask", "uv": [ 0.0, 0.0, 0.5, 0.5 ] },
								"up": { "texture": "#cat-mask", "uv": [ 0.0, 0.0, 5.5, 0.5 ] },
								"down": { "texture": "#cat-mask", "uv": [ 0.0, 0.0, 5.5, 0.5 ] }
							}
						},
						{
							"name": "Cube20",
							"from": [ 0.0, 0.0, 2.5 ],
							"to": [ 0.5, 1.5, 3.0 ],
							"rotationOrigin": [ 0.0, 0.0, 2.5 ],
							"faces": {
								"north": { "texture": "#cat-mask", "uv": [ 12.5, 12.0, 13.0, 13.5 ] },
								"east": { "texture": "#cat-mask", "uv": [ 12.5, 11.5, 13.0, 13.0 ] },
								"south": { "texture": "#cat-mask", "uv": [ 13.0, 13.0, 13.5, 14.5 ] },
								"west": { "texture": "#cat-mask", "uv": [ 10.0, 3.5, 10.5, 5.0 ] },
								"up": { "texture": "#cat-mask", "uv": [ 14.0, 13.5, 14.5, 14.0 ] },
								"down": { "texture": "#cat-mask", "uv": [ 12.5, 12.0, 13.0, 12.5 ] }
							}
						},
						{
							"name": "R side6",
							"from": [ -0.1668, 0.8, 0.35 ],
							"to": [ -0.0668, 1.1, 1.45 ],
							"rotationOrigin": [ -0.1624, 0.8, 0.3537 ],
							"rotationX": -11.2,
							"rotationY": 0.472,
							"rotationZ": -1.4127,
							"faces": {
								"north": { "texture": "#preist-mask", "uv": [ 3.5, 4.0, 4.0, 4.5 ] },
								"east": { "texture": "#preist-mask", "uv": [ 5.0, 3.5, 6.0, 4.0 ] },
								"south": { "texture": "#preist-mask", "uv": [ 5.5, 2.0, 6.0, 2.5 ] },
								"west": { "texture": "#preist-mask", "uv": [ 3.5, 3.5, 4.5, 4.0 ] },
								"up": { "texture": "#preist-mask", "uv": [ 0.0, 0.0, 0.5, 1.0 ] },
								"down": { "texture": "#preist-mask", "uv": [ 3.0, 1.5, 3.5, 2.5 ] }
							}
						},
						{
							"name": "R side7",
							"from": [ -0.17, 1.05, 1.28 ],
							"to": [ -0.07, 1.35, 2.08 ],
							"rotationOrigin": [ -0.1624, 1.0, 1.2537 ],
							"rotationX": 15.8,
							"rotationY": 0.472,
							"rotationZ": -1.4127,
							"faces": {
								"north": { "texture": "#preist-mask", "uv": [ 0.0, 0.0, 0.5, 0.5 ] },
								"east": { "texture": "#preist-mask", "uv": [ 7.0, 2.0, 7.5, 2.5 ] },
								"south": { "texture": "#preist-mask", "uv": [ 1.5, 5.0, 2.0, 5.5 ] },
								"west": { "texture": "#preist-mask", "uv": [ 7.5, 2.0, 8.0, 2.5 ] },
								"up": { "texture": "#preist-mask", "uv": [ 0.0, 0.0, 0.5, 0.5 ] },
								"down": { "texture": "#preist-mask", "uv": [ 0.0, 0.0, 0.5, 0.5 ] }
							}
						},
						{
							"name": "R side9",
							"from": [ -0.17, 0.4, 1.35 ],
							"to": [ -0.07, 0.7, 2.45 ],
							"rotationOrigin": [ -0.1624, 0.4, 1.3537 ],
							"rotationX": -26.9,
							"rotationY": 0.472,
							"rotationZ": -1.4127,
							"faces": {
								"north": { "texture": "#preist-mask", "uv": [ 0.0, 0.0, 0.5, 0.5 ] },
								"east": { "texture": "#preist-mask", "uv": [ 7.0, 4.5, 8.0, 5.0 ] },
								"south": { "texture": "#preist-mask", "uv": [ 2.5, 4.5, 3.0, 5.0 ] },
								"west": { "texture": "#preist-mask", "uv": [ 3.0, 5.0, 4.0, 5.5 ] },
								"up": { "texture": "#preist-mask", "uv": [ 0.0, 0.0, 0.5, 1.0 ] },
								"down": { "texture": "#preist-mask", "uv": [ 0.0, 0.0, 0.5, 1.0 ] }
							}
						},
						{
							"name": "R side10",
							"from": [ -0.17, 0.7, 0.35 ],
							"to": [ -0.07, 1.0, 1.45 ],
							"rotationOrigin": [ -0.1624, 0.7, 0.3537 ],
							"rotationX": 17.1,
							"rotationY": 0.472,
							"rotationZ": -1.4127,
							"faces": {
								"north": { "texture": "#preist-mask", "uv": [ 0.0, 0.0, 0.5, 0.5 ] },
								"east": { "texture": "#preist-mask", "uv": [ 3.5, 5.0, 4.5, 5.5 ] },
								"south": { "texture": "#preist-mask", "uv": [ 11.5, 0.5, 12.0, 1.0 ] },
								"west": { "texture": "#preist-mask", "uv": [ 3.0, 4.0, 4.0, 4.5 ] },
								"up": { "texture": "#preist-mask", "uv": [ 0.0, 0.0, 0.5, 1.0 ] },
								"down": { "texture": "#preist-mask", "uv": [ 0.0, 0.0, 0.5, 1.0 ] }
							}
						},
						{
							"name": "R side2",
							"from": [ 0.1879, -2.5, 0.0684 ],
							"to": [ 0.6879, 0.0, 2.5684 ],
							"rotationOrigin": [ 0.1879, -2.5, 0.0684 ],
							"rotationX": -1.8075,
							"rotationY": 6.0108,
							"rotationZ": 5.3123,
							"faces": {
								"north": { "texture": "#preist-mask", "uv": [ 0.0, 0.0, 0.5, 2.5 ] },
								"east": { "texture": "#preist-mask", "uv": [ 2.0, 2.5, 4.5, 5.0 ] },
								"south": { "texture": "#preist-mask", "uv": [ 4.0, 2.0, 4.5, 4.5 ] },
								"west": { "texture": "#preist-mask", "uv": [ 2.5, 3.5, 5.0, 6.0 ] },
								"up": { "texture": "#preist-mask", "uv": [ 0.0, 0.0, 0.5, 2.5 ] },
								"down": { "texture": "#preist-mask", "uv": [ 0.0, 0.0, 0.5, 2.5 ] }
							},
							"children": [
								{
									"name": "R side11",
									"from": [ -0.1, 1.11, 0.3436 ],
									"to": [ 0.0, 1.31, 1.2436 ],
									"rotationOrigin": [ -0.0919, 1.1117, 0.3473 ],
									"rotationX": 22.45,
									"rotationY": -1.92,
									"rotationZ": -2.52,
									"faces": {
										"north": { "texture": "#preist-mask", "uv": [ 0.0, 0.0, 0.5, 0.5 ] },
										"east": { "texture": "#preist-mask", "uv": [ 7.0, 2.0, 7.5, 2.5 ] },
										"south": { "texture": "#preist-mask", "uv": [ 11.5, 0.5, 12.0, 1.0 ] },
										"west": { "texture": "#preist-mask", "uv": [ 2.5, 5.0, 3.0, 5.5 ] },
										"up": { "texture": "#preist-mask", "uv": [ 0.0, 0.0, 0.5, 0.5 ] },
										"down": { "texture": "#preist-mask", "uv": [ 0.0, 0.0, 0.5, 0.5 ] }
									}
								},
								{
									"name": "R side12",
									"from": [ -0.1, 0.91, 0.04 ],
									"to": [ 0.0, 1.11, 0.54 ],
									"rotationOrigin": [ -0.0919, 0.9117, 0.0473 ],
									"rotationX": -23.0,
									"rotationY": -1.92,
									"rotationZ": -2.52,
									"faces": {
										"north": { "texture": "#preist-mask", "uv": [ 0.0, 0.0, 0.5, 0.5 ] },
										"east": { "texture": "#preist-mask", "uv": [ 7.0, 2.0, 7.5, 2.5 ] },
										"south": { "texture": "#preist-mask", "uv": [ 2.0, 5.5, 2.5, 6.0 ] },
										"west": { "texture": "#preist-mask", "uv": [ 1.0, 5.0, 1.5, 5.5 ] },
										"up": { "texture": "#preist-mask", "uv": [ 0.0, 0.0, 0.5, 0.5 ] },
										"down": { "texture": "#preist-mask", "uv": [ 0.0, 0.0, 0.5, 0.5 ] }
									}
								},
								{
									"name": "R side13",
									"from": [ -0.1, 0.81, 0.04 ],
									"to": [ 0.0, 1.01, 0.54 ],
									"rotationOrigin": [ -0.0919, 0.8117, 0.0473 ],
									"rotationX": 5.0,
									"rotationY": -1.92,
									"rotationZ": -2.52,
									"faces": {
										"north": { "texture": "#preist-mask", "uv": [ 0.0, 0.0, 0.5, 0.5 ] },
										"east": { "texture": "#preist-mask", "uv": [ 7.0, 2.0, 7.5, 2.5 ] },
										"south": { "texture": "#preist-mask", "uv": [ 11.5, 0.5, 12.0, 1.0 ] },
										"west": { "texture": "#preist-mask", "uv": [ 4.0, 5.5, 4.5, 6.0 ] },
										"up": { "texture": "#preist-mask", "uv": [ 0.0, 0.0, 0.5, 0.5 ] },
										"down": { "texture": "#preist-mask", "uv": [ 0.0, 0.0, 0.5, 0.5 ] }
									}
								},
								{
									"name": "R side14",
									"from": [ -0.1, 0.81, 0.54 ],
									"to": [ 0.0, 1.01, 0.94 ],
									"rotationOrigin": [ -0.0919, 0.8117, 0.5473 ],
									"rotationX": -11.0,
									"rotationY": -1.92,
									"rotationZ": -2.52,
									"faces": {
										"north": { "texture": "#preist-mask", "uv": [ 0.0, 0.0, 0.5, 0.5 ] },
										"east": { "texture": "#preist-mask", "uv": [ 7.0, 2.0, 7.5, 2.5 ] },
										"south": { "texture": "#preist-mask", "uv": [ 11.5, 0.5, 12.0, 1.0 ] },
										"west": { "texture": "#preist-mask", "uv": [ 3.5, 5.5, 4.0, 6.0 ] },
										"up": { "texture": "#preist-mask", "uv": [ 0.0, 0.0, 0.5, 0.5 ] },
										"down": { "texture": "#preist-mask", "uv": [ 0.0, 0.0, 0.5, 0.5 ] }
									}
								}
							]
						}
					]
				},
				{
					"name": "string back",
					"from": [ 5.6, 0.9, -2.3 ],
					"to": [ 6.1, 1.4, 2.7 ],
					"rotationOrigin": [ 5.6, 1.4, 0.1 ],
					"rotationZ": 1.0,
					"faces": {
						"north": { "texture": "#cat-mask", "uv": [ 0.0, 0.0, 0.5, 0.5 ] },
						"east": { "texture": "#cat-mask", "uv": [ 0.0, 0.0, 5.0, 0.5 ] },
						"south": { "texture": "#cat-mask", "uv": [ 0.0, 0.0, 0.5, 0.5 ] },
						"west": { "texture": "#cat-mask", "uv": [ 0.0, 0.0, 5.0, 0.5 ] },
						"up": { "texture": "#cat-mask", "uv": [ 0.0, 0.0, 0.5, 5.0 ] },
						"down": { "texture": "#cat-mask", "uv": [ 0.0, 0.0, 0.5, 5.0 ] }
					}
				},
				{
					"name": "L side2",
					"from": [ -1.0, -2.3, -1.4 ],
					"to": [ -0.5, -1.8, 0.1 ],
					"rotationOrigin": [ -1.0, -2.3, 1.1 ],
					"rotationX": -9.0,
					"rotationY": -21.0,
					"rotationZ": 2.0,
					"faces": {
						"north": { "texture": "#preist-mask", "uv": [ 0.0, 0.0, 0.5, 0.5 ] },
						"east": { "texture": "#preist-mask", "uv": [ 5.5, 2.0, 7.0, 2.5 ] },
						"south": { "texture": "#preist-mask", "uv": [ 0.0, 0.0, 0.5, 0.5 ] },
						"west": { "texture": "#preist-mask", "uv": [ 3.0, 5.0, 4.5, 5.5 ] },
						"up": { "texture": "#preist-mask", "uv": [ 0.0, 0.0, 0.5, 1.5 ] },
						"down": { "texture": "#preist-mask", "uv": [ 0.0, 0.0, 0.5, 1.5 ] }
					}
				},
				{
					"name": "R side3",
					"from": [ -0.8, 1.0, 0.2 ],
					"to": [ -0.3, 3.5, 2.7 ],
					"rotationOrigin": [ -0.8, 1.0, 0.2 ],
					"rotationY": 20.0,
					"faces": {
						"north": { "texture": "#preist-mask", "uv": [ 0.0, 0.0, 0.5, 2.5 ] },
						"east": { "texture": "#preist-mask", "uv": [ 1.5, 4.5, 4.0, 7.0 ] },
						"south": { "texture": "#preist-mask", "uv": [ 4.0, 2.5, 4.5, 5.0 ] },
						"west": { "texture": "#preist-mask", "uv": [ 4.0, 3.5, 6.5, 6.0 ] },
						"up": { "texture": "#preist-mask", "uv": [ 0.0, 0.0, 0.5, 2.5 ] },
						"down": { "texture": "#preist-mask", "uv": [ 0.0, 0.0, 0.5, 2.5 ] }
					}
				},
				{
					"name": "R side4",
					"from": [ -0.8, 0.7, 0.2 ],
					"to": [ -0.3, 1.0, 0.9 ],
					"rotationOrigin": [ -0.8, 0.7, 0.2 ],
					"rotationY": 20.0,
					"faces": {
						"north": { "texture": "#cat-mask", "uv": [ 0.0, 0.0, 0.5, 0.5 ] },
						"east": { "texture": "#cat-mask", "uv": [ 7.0, 2.0, 7.5, 2.5 ] },
						"south": { "texture": "#cat-mask", "uv": [ 11.5, 0.5, 12.0, 1.0 ] },
						"west": { "texture": "#cat-mask", "uv": [ 7.5, 2.0, 8.0, 2.5 ] },
						"up": { "texture": "#cat-mask", "uv": [ 0.0, 0.0, 0.5, 0.5 ] },
						"down": { "texture": "#cat-mask", "uv": [ 0.0, 0.0, 0.5, 0.5 ] }
					}
				},
				{
					"name": "R side5",
					"from": [ -0.2, 0.7, 1.9 ],
					"to": [ 0.3, 1.0, 2.6 ],
					"rotationOrigin": [ -0.2, 0.7, 1.9 ],
					"rotationY": 20.0,
					"faces": {
						"north": { "texture": "#cat-mask", "uv": [ 0.0, 0.0, 0.5, 0.5 ] },
						"east": { "texture": "#cat-mask", "uv": [ 7.0, 2.0, 7.5, 2.5 ] },
						"south": { "texture": "#cat-mask", "uv": [ 11.5, 0.5, 12.0, 1.0 ] },
						"west": { "texture": "#cat-mask", "uv": [ 7.5, 2.0, 8.0, 2.5 ] },
						"up": { "texture": "#cat-mask", "uv": [ 0.0, 0.0, 0.5, 0.5 ] },
						"down": { "texture": "#cat-mask", "uv": [ 0.0, 0.0, 0.5, 0.5 ] }
					}
				},
				{
					"name": "L side3",
					"from": [ -0.8, -2.0, -1.9 ],
					"to": [ -0.3, -1.5, 0.2 ],
					"rotationOrigin": [ -0.8, -2.0, 0.6 ],
					"rotationX": -2.0,
					"rotationY": -26.1,
					"rotationZ": 6.0,
					"faces": {
						"north": { "texture": "#preist-mask", "uv": [ 0.0, 0.0, 0.5, 0.5 ] },
						"east": { "texture": "#preist-mask", "uv": [ 5.5, 2.0, 7.5, 2.5 ] },
						"south": { "texture": "#preist-mask", "uv": [ 0.0, 0.0, 0.5, 0.5 ] },
						"west": { "texture": "#preist-mask", "uv": [ 3.0, 4.5, 5.0, 5.0 ] },
						"up": { "texture": "#preist-mask", "uv": [ 0.0, 0.0, 0.5, 2.0 ] },
						"down": { "texture": "#preist-mask", "uv": [ 0.0, 0.0, 0.5, 2.0 ] }
					}
				},
				{
					"name": "L side4",
					"from": [ -0.45, -1.5, -2.7 ],
					"to": [ 0.05, -1.0, 0.3 ],
					"rotationOrigin": [ -0.5, -1.5, -0.2 ],
					"rotationX": 2.0,
					"rotationY": -21.0,
					"rotationZ": 6.0,
					"faces": {
						"north": { "texture": "#preist-mask", "uv": [ 0.0, 0.0, 0.5, 0.5 ] },
						"east": { "texture": "#preist-mask", "uv": [ 4.0, 3.5, 7.0, 4.0 ] },
						"south": { "texture": "#preist-mask", "uv": [ 0.0, 0.0, 0.5, 0.5 ] },
						"west": { "texture": "#preist-mask", "uv": [ 2.5, 5.5, 5.5, 6.0 ] },
						"up": { "texture": "#preist-mask", "uv": [ 0.0, 0.0, 0.5, 3.0 ] },
						"down": { "texture": "#preist-mask", "uv": [ 0.0, 0.0, 0.5, 3.0 ] }
					}
				},
				{
					"name": "L side5",
					"from": [ -1.05, -1.0, -1.7 ],
					"to": [ -0.55, -0.5, 0.1 ],
					"rotationOrigin": [ -1.1, -1.0, 0.8 ],
					"rotationX": 2.0,
					"rotationY": -32.0,
					"rotationZ": 6.0,
					"faces": {
						"north": { "texture": "#preist-mask", "uv": [ 0.0, 0.0, 0.5, 0.5 ] },
						"east": { "texture": "#preist-mask", "uv": [ 5.5, 2.0, 7.0, 2.5 ] },
						"south": { "texture": "#preist-mask", "uv": [ 0.0, 0.0, 0.5, 0.5 ] },
						"west": { "texture": "#preist-mask", "uv": [ 3.0, 5.5, 4.5, 6.0 ] },
						"up": { "texture": "#preist-mask", "uv": [ 0.0, 0.0, 0.5, 1.5 ] },
						"down": { "texture": "#preist-mask", "uv": [ 0.0, 0.0, 0.5, 1.5 ] }
					}
				},
				{
					"name": "L side6",
					"from": [ -0.75, -0.5, -2.3 ],
					"to": [ -0.25, 0.0, 0.2 ],
					"rotationOrigin": [ -0.8, -0.5, 0.2 ],
					"rotationX": 3.0,
					"rotationY": -15.0,
					"rotationZ": 6.0,
					"faces": {
						"north": { "texture": "#preist-mask", "uv": [ 0.0, 0.0, 0.5, 0.5 ] },
						"east": { "texture": "#preist-mask", "uv": [ 5.5, 2.0, 8.0, 2.5 ] },
						"south": { "texture": "#preist-mask", "uv": [ 0.0, 0.0, 0.5, 0.5 ] },
						"west": { "texture": "#preist-mask", "uv": [ 2.5, 5.0, 5.0, 5.5 ] },
						"up": { "texture": "#preist-mask", "uv": [ 0.0, 0.0, 0.5, 2.5 ] },
						"down": { "texture": "#preist-mask", "uv": [ 0.0, 0.0, 0.5, 2.5 ] }
					}
				},
				{
					"name": "L horn",
					"from": [ 0.2836, 3.2872, -2.5 ],
					"to": [ 2.2836, 6.2872, -0.5 ],
					"rotationOrigin": [ 1.286, 3.2832, -1.5 ],
					"rotationX": -42.4131,
					"rotationY": 16.7147,
					"rotationZ": 4.5247,
					"faces": {
						"north": { "texture": "#sheepskull", "uv": [ 13.0, 12.5, 15.0, 15.5 ] },
						"east": { "texture": "#sheepskull", "uv": [ 13.0, 12.5, 15.0, 15.5 ] },
						"south": { "texture": "#sheepskull", "uv": [ 13.5, 12.5, 15.5, 15.5 ] },
						"west": { "texture": "#sheepskull", "uv": [ 12.5, 12.5, 14.5, 15.5 ] },
						"up": { "texture": "#sheepskull", "uv": [ 12.0, 13.5, 14.0, 15.5 ] },
						"down": { "texture": "#sheepskull", "uv": [ 14.0, 13.5, 16.0, 15.5 ] }
					},
					"children": [
						{
							"name": "Cube27",
							"from": [ -0.2, 2.0, 0.2 ],
							"to": [ 1.6, 4.8, 2.0 ],
							"rotationOrigin": [ 0.7, 2.0, 1.1 ],
							"rotationX": -22.0,
							"rotationZ": -45.0,
							"faces": {
								"north": { "texture": "#sheepskull", "uv": [ 13.0, 12.0, 14.5, 14.5 ] },
								"east": { "texture": "#sheepskull", "uv": [ 14.0, 12.0, 15.5, 14.5 ] },
								"south": { "texture": "#sheepskull", "uv": [ 12.5, 12.0, 14.0, 14.5 ] },
								"west": { "texture": "#sheepskull", "uv": [ 14.0, 12.0, 15.5, 14.5 ] },
								"up": { "texture": "#sheepskull", "uv": [ 13.5, 11.5, 15.0, 13.0 ] },
								"down": { "texture": "#sheepskull", "uv": [ 14.0, 12.0, 15.5, 13.5 ] }
							},
							"children": [
								{
									"name": "Cube28",
									"from": [ 0.1, 2.2, 0.1 ],
									"to": [ 1.7, 4.8, 1.7 ],
									"rotationOrigin": [ 0.9, 2.2, 0.9 ],
									"rotationX": -22.0,
									"rotationZ": -42.0,
									"faces": {
										"north": { "texture": "#sheepskull", "uv": [ 14.0, 12.0, 15.5, 14.5 ] },
										"east": { "texture": "#sheepskull", "uv": [ 13.5, 11.0, 15.0, 13.5 ] },
										"south": { "texture": "#sheepskull", "uv": [ 13.0, 11.0, 14.5, 13.5 ] },
										"west": { "texture": "#sheepskull", "uv": [ 13.0, 11.0, 14.5, 13.5 ] },
										"up": { "texture": "#sheepskull", "uv": [ 14.0, 10.5, 15.5, 12.0 ] },
										"down": { "texture": "#sheepskull", "uv": [ 14.5, 11.5, 16.0, 13.0 ] }
									},
									"children": [
										{
											"name": "Cube29",
											"from": [ 0.1, 2.0, 0.1 ],
											"to": [ 1.5, 4.4, 1.5 ],
											"rotationOrigin": [ 0.8, 2.0, 0.8 ],
											"rotationX": -45.0,
											"rotationZ": -22.0,
											"faces": {
												"north": { "texture": "#sheepskull", "uv": [ 13.0, 8.0, 14.0, 10.0 ] },
												"east": { "texture": "#sheepskull", "uv": [ 14.0, 8.0, 15.0, 10.0 ] },
												"south": { "texture": "#sheepskull", "uv": [ 13.5, 9.0, 14.5, 11.0 ] },
												"west": { "texture": "#sheepskull", "uv": [ 13.5, 8.0, 14.5, 10.0 ] },
												"up": { "texture": "#sheepskull", "uv": [ 14.0, 5.5, 15.0, 6.5 ] },
												"down": { "texture": "#sheepskull", "uv": [ 12.5, 8.5, 13.5, 9.5 ] }
											},
											"children": [
												{
													"name": "Cube31",
													"from": [ 0.1, 2.0, 0.1 ],
													"to": [ 1.3, 4.2, 1.3 ],
													"rotationOrigin": [ 0.7, 2.0, 0.7 ],
													"rotationX": -33.0,
													"rotationZ": -14.0,
													"faces": {
														"north": { "texture": "#sheepskull", "uv": [ 14.0, 6.5, 15.0, 8.5 ] },
														"east": { "texture": "#sheepskull", "uv": [ 14.0, 6.5, 15.0, 8.5 ] },
														"south": { "texture": "#sheepskull", "uv": [ 13.0, 6.5, 14.0, 8.5 ] },
														"west": { "texture": "#sheepskull", "uv": [ 14.0, 4.5, 15.0, 6.5 ] },
														"up": { "texture": "#sheepskull", "uv": [ 13.5, 5.5, 14.5, 6.5 ] },
														"down": { "texture": "#sheepskull", "uv": [ 13.5, 6.0, 14.5, 7.0 ] }
													},
													"children": [
														{
															"name": "Cube32",
															"from": [ 0.1, 2.0, 0.1 ],
															"to": [ 1.1, 4.0, 1.1 ],
															"rotationOrigin": [ 0.6, 2.0, 0.6 ],
															"rotationX": -22.0,
															"rotationZ": -22.0,
															"faces": {
																"north": { "texture": "#sheepskull", "uv": [ 13.5, 4.5, 14.5, 6.5 ] },
																"east": { "texture": "#sheepskull", "uv": [ 13.0, 4.5, 14.0, 6.5 ] },
																"south": { "texture": "#sheepskull", "uv": [ 12.0, 4.5, 13.0, 6.5 ] },
																"west": { "texture": "#sheepskull", "uv": [ 13.0, 4.5, 14.0, 6.5 ] },
																"up": { "texture": "#sheepskull", "uv": [ 12.5, 4.5, 13.5, 5.5 ] },
																"down": { "texture": "#sheepskull", "uv": [ 12.0, 4.5, 13.0, 5.5 ] }
															}
														}
													]
												}
											]
										}
									]
								},
								{
									"name": "Cube39",
									"from": [ 0.1, 2.2, 0.1 ],
									"to": [ 1.7, 4.8, 1.7 ],
									"rotationOrigin": [ 0.9, 2.2, 0.9 ],
									"rotationX": 22.5,
									"rotationZ": -42.0,
									"faces": {
										"north": { "texture": "#sheepskull", "uv": [ 14.0, 12.0, 15.5, 14.5 ] },
										"east": { "texture": "#sheepskull", "uv": [ 13.5, 11.0, 15.0, 13.5 ] },
										"south": { "texture": "#sheepskull", "uv": [ 13.0, 11.0, 14.5, 13.5 ] },
										"west": { "texture": "#sheepskull", "uv": [ 13.0, 11.0, 14.5, 13.5 ] },
										"up": { "texture": "#sheepskull", "uv": [ 14.0, 10.5, 15.5, 12.0 ] },
										"down": { "texture": "#sheepskull", "uv": [ 14.5, 11.5, 16.0, 13.0 ] }
									},
									"children": [
										{
											"name": "Cube40",
											"from": [ 0.1, 2.0, 0.1 ],
											"to": [ 1.5, 4.4, 1.5 ],
											"rotationOrigin": [ 0.8, 2.0, 0.8 ],
											"rotationX": -22.5,
											"rotationZ": -22.0,
											"faces": {
												"north": { "texture": "#sheepskull", "uv": [ 13.0, 8.0, 14.0, 10.0 ] },
												"east": { "texture": "#sheepskull", "uv": [ 14.0, 8.0, 15.0, 10.0 ] },
												"south": { "texture": "#sheepskull", "uv": [ 13.5, 9.0, 14.5, 11.0 ] },
												"west": { "texture": "#sheepskull", "uv": [ 13.5, 8.0, 14.5, 10.0 ] },
												"up": { "texture": "#sheepskull", "uv": [ 14.0, 5.5, 15.0, 6.5 ] },
												"down": { "texture": "#sheepskull", "uv": [ 12.5, 8.5, 13.5, 9.5 ] }
											},
											"children": [
												{
													"name": "Cube41",
													"from": [ 0.1, 2.0, 0.1 ],
													"to": [ 1.3, 5.2, 1.3 ],
													"rotationOrigin": [ 0.7, 2.0, 0.7 ],
													"rotationX": -33.0,
													"rotationZ": -14.0,
													"faces": {
														"north": { "texture": "#sheepskull", "uv": [ 14.0, 6.5, 15.0, 9.5 ] },
														"east": { "texture": "#sheepskull", "uv": [ 14.0, 6.5, 15.0, 9.5 ] },
														"south": { "texture": "#sheepskull", "uv": [ 13.0, 6.5, 14.0, 9.5 ] },
														"west": { "texture": "#sheepskull", "uv": [ 14.0, 4.5, 15.0, 7.5 ] },
														"up": { "texture": "#sheepskull", "uv": [ 13.5, 5.5, 14.5, 6.5 ] },
														"down": { "texture": "#sheepskull", "uv": [ 13.5, 6.0, 14.5, 7.0 ] }
													}
												}
											]
										}
									]
								}
							]
						},
						{
							"name": "L horn2",
							"from": [ -0.0198, -0.5475, 0.6164 ],
							"to": [ 1.9802, 2.4525, 2.6164 ],
							"rotationOrigin": [ 0.9826, -0.5515, 1.6164 ],
							"rotationX": 20.1371,
							"rotationY": -7.4283,
							"rotationZ": 34.6207,
							"faces": {
								"north": { "texture": "#sheepskull", "uv": [ 13.0, 12.5, 15.0, 15.5 ] },
								"east": { "texture": "#sheepskull", "uv": [ 13.0, 12.5, 15.0, 15.5 ] },
								"south": { "texture": "#sheepskull", "uv": [ 13.5, 12.5, 15.5, 15.5 ] },
								"west": { "texture": "#sheepskull", "uv": [ 12.5, 12.5, 14.5, 15.5 ] },
								"up": { "texture": "#sheepskull", "uv": [ 12.0, 13.5, 14.0, 15.5 ] },
								"down": { "texture": "#sheepskull", "uv": [ 14.0, 13.5, 16.0, 15.5 ] }
							},
							"children": [
								{
									"name": "Cube30",
									"from": [ -0.2, 2.0, 0.2 ],
									"to": [ 1.6, 4.8, 2.0 ],
									"rotationOrigin": [ 0.7, 2.0, 1.1 ],
									"rotationX": -3.0,
									"rotationY": -30.0,
									"rotationZ": -45.0,
									"faces": {
										"north": { "texture": "#sheepskull", "uv": [ 13.0, 12.0, 14.5, 14.5 ] },
										"east": { "texture": "#sheepskull", "uv": [ 14.0, 12.0, 15.5, 14.5 ] },
										"south": { "texture": "#sheepskull", "uv": [ 12.5, 12.0, 14.0, 14.5 ] },
										"west": { "texture": "#sheepskull", "uv": [ 14.0, 12.0, 15.5, 14.5 ] },
										"up": { "texture": "#sheepskull", "uv": [ 13.5, 11.5, 15.0, 13.0 ] },
										"down": { "texture": "#sheepskull", "uv": [ 14.0, 12.0, 15.5, 13.5 ] }
									},
									"children": [
										{
											"name": "Cube33",
											"from": [ 0.1, 2.2, 0.1 ],
											"to": [ 1.7, 4.8, 1.7 ],
											"rotationOrigin": [ 0.9, 2.2, 0.9 ],
											"rotationX": -25.0,
											"rotationY": -11.0,
											"rotationZ": -42.0,
											"faces": {
												"north": { "texture": "#sheepskull", "uv": [ 14.0, 12.0, 15.5, 14.5 ] },
												"east": { "texture": "#sheepskull", "uv": [ 13.5, 11.0, 15.0, 13.5 ] },
												"south": { "texture": "#sheepskull", "uv": [ 13.0, 11.0, 14.5, 13.5 ] },
												"west": { "texture": "#sheepskull", "uv": [ 13.0, 11.0, 14.5, 13.5 ] },
												"up": { "texture": "#sheepskull", "uv": [ 14.0, 10.5, 15.5, 12.0 ] },
												"down": { "texture": "#sheepskull", "uv": [ 14.5, 11.5, 16.0, 13.0 ] }
											},
											"children": [
												{
													"name": "Cube34",
													"from": [ 0.1, 2.0, 0.1 ],
													"to": [ 1.5, 4.4, 1.5 ],
													"rotationOrigin": [ 0.8, 2.0, 0.8 ],
													"rotationX": -34.0,
													"rotationZ": 2.0,
													"faces": {
														"north": { "texture": "#sheepskull", "uv": [ 13.0, 8.0, 14.0, 10.0 ] },
														"east": { "texture": "#sheepskull", "uv": [ 14.0, 8.0, 15.0, 10.0 ] },
														"south": { "texture": "#sheepskull", "uv": [ 13.5, 9.0, 14.5, 11.0 ] },
														"west": { "texture": "#sheepskull", "uv": [ 13.5, 8.0, 14.5, 10.0 ] },
														"up": { "texture": "#sheepskull", "uv": [ 14.0, 5.5, 15.0, 6.5 ] },
														"down": { "texture": "#sheepskull", "uv": [ 12.5, 8.5, 13.5, 9.5 ] }
													},
													"children": [
														{
															"name": "Cube35",
															"from": [ 0.1, 2.0, 0.1 ],
															"to": [ 1.3, 4.2, 1.3 ],
															"rotationOrigin": [ 0.7, 2.0, 0.7 ],
															"rotationX": -33.0,
															"rotationY": 1.0,
															"rotationZ": -7.0,
															"faces": {
																"north": { "texture": "#sheepskull", "uv": [ 14.0, 6.5, 15.0, 8.5 ] },
																"east": { "texture": "#sheepskull", "uv": [ 14.0, 6.5, 15.0, 8.5 ] },
																"south": { "texture": "#sheepskull", "uv": [ 13.0, 6.5, 14.0, 8.5 ] },
																"west": { "texture": "#sheepskull", "uv": [ 14.0, 4.5, 15.0, 6.5 ] },
																"up": { "texture": "#sheepskull", "uv": [ 13.5, 5.5, 14.5, 6.5 ] },
																"down": { "texture": "#sheepskull", "uv": [ 13.5, 6.0, 14.5, 7.0 ] }
															},
															"children": [
																{
																	"name": "Cube36",
																	"from": [ 0.1, 2.0, 0.1 ],
																	"to": [ 1.1, 4.0, 1.1 ],
																	"rotationOrigin": [ 0.6, 2.0, 0.6 ],
																	"rotationX": -17.0,
																	"rotationZ": -22.0,
																	"faces": {
																		"north": { "texture": "#sheepskull", "uv": [ 13.5, 4.5, 14.5, 6.5 ] },
																		"east": { "texture": "#sheepskull", "uv": [ 13.0, 4.5, 14.0, 6.5 ] },
																		"south": { "texture": "#sheepskull", "uv": [ 12.0, 4.5, 13.0, 6.5 ] },
																		"west": { "texture": "#sheepskull", "uv": [ 13.0, 4.5, 14.0, 6.5 ] },
																		"up": { "texture": "#sheepskull", "uv": [ 12.5, 4.5, 13.5, 5.5 ] },
																		"down": { "texture": "#sheepskull", "uv": [ 12.0, 4.5, 13.0, 5.5 ] }
																	}
																}
															]
														},
														{
															"name": "Cube37",
															"from": [ 0.1, 2.0, 0.1 ],
															"to": [ 1.3, 4.2, 1.3 ],
															"rotationOrigin": [ 0.7, 2.0, 0.7 ],
															"rotationX": 10.0,
															"rotationY": 1.0,
															"rotationZ": -7.0,
															"faces": {
																"north": { "texture": "#sheepskull", "uv": [ 14.0, 6.5, 15.0, 8.5 ] },
																"east": { "texture": "#sheepskull", "uv": [ 14.0, 6.5, 15.0, 8.5 ] },
																"south": { "texture": "#sheepskull", "uv": [ 13.0, 6.5, 14.0, 8.5 ] },
																"west": { "texture": "#sheepskull", "uv": [ 14.0, 4.5, 15.0, 6.5 ] },
																"up": { "texture": "#sheepskull", "uv": [ 13.5, 5.5, 14.5, 6.5 ] },
																"down": { "texture": "#sheepskull", "uv": [ 13.5, 6.0, 14.5, 7.0 ] }
															},
															"children": [
																{
																	"name": "Cube38",
																	"from": [ 0.1, 2.0, 0.1 ],
																	"to": [ 1.1, 4.0, 1.1 ],
																	"rotationOrigin": [ 0.6, 2.0, 0.6 ],
																	"rotationX": 22.5,
																	"rotationZ": -22.0,
																	"faces": {
																		"north": { "texture": "#sheepskull", "uv": [ 13.5, 4.5, 14.5, 6.5 ] },
																		"east": { "texture": "#sheepskull", "uv": [ 13.0, 4.5, 14.0, 6.5 ] },
																		"south": { "texture": "#sheepskull", "uv": [ 12.0, 4.5, 13.0, 6.5 ] },
																		"west": { "texture": "#sheepskull", "uv": [ 13.0, 4.5, 14.0, 6.5 ] },
																		"up": { "texture": "#sheepskull", "uv": [ 12.5, 4.5, 13.5, 5.5 ] },
																		"down": { "texture": "#sheepskull", "uv": [ 12.0, 4.5, 13.0, 5.5 ] }
																	}
																}
															]
														}
													]
												}
											]
										},
										{
											"name": "Cube42",
											"from": [ -0.3, 1.2, 0.1 ],
											"to": [ 1.3, 3.8, 1.7 ],
											"rotationOrigin": [ 0.5, 1.2, 0.9 ],
											"rotationX": 65.5,
											"rotationY": -9.0,
											"rotationZ": -22.5,
											"faces": {
												"north": { "texture": "#sheepskull", "uv": [ 14.0, 12.0, 15.5, 14.5 ] },
												"east": { "texture": "#sheepskull", "uv": [ 13.5, 11.0, 15.0, 13.5 ] },
												"south": { "texture": "#sheepskull", "uv": [ 13.0, 11.0, 14.5, 13.5 ] },
												"west": { "texture": "#sheepskull", "uv": [ 13.0, 11.0, 14.5, 13.5 ] },
												"up": { "texture": "#sheepskull", "uv": [ 14.0, 10.5, 15.5, 12.0 ] },
												"down": { "texture": "#sheepskull", "uv": [ 14.5, 11.5, 16.0, 13.0 ] }
											},
											"children": [
												{
													"name": "Cube43",
													"from": [ 0.1, 2.0, 0.1 ],
													"to": [ 1.5, 4.4, 1.5 ],
													"rotationOrigin": [ 0.8, 2.0, 0.8 ],
													"rotationX": -34.0,
													"rotationZ": 2.0,
													"faces": {
														"north": { "texture": "#sheepskull", "uv": [ 13.0, 8.0, 14.0, 10.0 ] },
														"east": { "texture": "#sheepskull", "uv": [ 14.0, 8.0, 15.0, 10.0 ] },
														"south": { "texture": "#sheepskull", "uv": [ 13.5, 9.0, 14.5, 11.0 ] },
														"west": { "texture": "#sheepskull", "uv": [ 13.5, 8.0, 14.5, 10.0 ] },
														"up": { "texture": "#sheepskull", "uv": [ 14.0, 5.5, 15.0, 6.5 ] },
														"down": { "texture": "#sheepskull", "uv": [ 12.5, 8.5, 13.5, 9.5 ] }
													},
													"children": [
														{
															"name": "Cube44",
															"from": [ 0.1, 2.0, 0.1 ],
															"to": [ 1.3, 4.2, 1.3 ],
															"rotationOrigin": [ 0.7, 2.0, 0.7 ],
															"rotationX": -33.0,
															"rotationY": 1.0,
															"rotationZ": -7.0,
															"faces": {
																"north": { "texture": "#sheepskull", "uv": [ 14.0, 6.5, 15.0, 8.5 ] },
																"east": { "texture": "#sheepskull", "uv": [ 14.0, 6.5, 15.0, 8.5 ] },
																"south": { "texture": "#sheepskull", "uv": [ 13.0, 6.5, 14.0, 8.5 ] },
																"west": { "texture": "#sheepskull", "uv": [ 14.0, 4.5, 15.0, 6.5 ] },
																"up": { "texture": "#sheepskull", "uv": [ 13.5, 5.5, 14.5, 6.5 ] },
																"down": { "texture": "#sheepskull", "uv": [ 13.5, 6.0, 14.5, 7.0 ] }
															},
															"children": [
																{
																	"name": "Cube45",
																	"from": [ 0.1, 2.0, 0.1 ],
																	"to": [ 1.1, 4.0, 1.1 ],
																	"rotationOrigin": [ 0.6, 2.0, 0.6 ],
																	"rotationX": -17.0,
																	"rotationZ": -22.0,
																	"faces": {
																		"north": { "texture": "#sheepskull", "uv": [ 13.5, 4.5, 14.5, 6.5 ] },
																		"east": { "texture": "#sheepskull", "uv": [ 13.0, 4.5, 14.0, 6.5 ] },
																		"south": { "texture": "#sheepskull", "uv": [ 12.0, 4.5, 13.0, 6.5 ] },
																		"west": { "texture": "#sheepskull", "uv": [ 13.0, 4.5, 14.0, 6.5 ] },
																		"up": { "texture": "#sheepskull", "uv": [ 12.5, 4.5, 13.5, 5.5 ] },
																		"down": { "texture": "#sheepskull", "uv": [ 12.0, 4.5, 13.0, 5.5 ] }
																	}
																}
															]
														},
														{
															"name": "Cube46",
															"from": [ 0.1, 2.0, 0.1 ],
															"to": [ 1.3, 4.2, 1.3 ],
															"rotationOrigin": [ 0.7, 2.0, 0.7 ],
															"rotationX": 10.0,
															"rotationY": 1.0,
															"rotationZ": -7.0,
															"faces": {
																"north": { "texture": "#sheepskull", "uv": [ 14.0, 6.5, 15.0, 8.5 ] },
																"east": { "texture": "#sheepskull", "uv": [ 14.0, 6.5, 15.0, 8.5 ] },
																"south": { "texture": "#sheepskull", "uv": [ 13.0, 6.5, 14.0, 8.5 ] },
																"west": { "texture": "#sheepskull", "uv": [ 14.0, 4.5, 15.0, 6.5 ] },
																"up": { "texture": "#sheepskull", "uv": [ 13.5, 5.5, 14.5, 6.5 ] },
																"down": { "texture": "#sheepskull", "uv": [ 13.5, 6.0, 14.5, 7.0 ] }
															},
															"children": [
																{
																	"name": "Cube47",
																	"from": [ 0.1, 2.0, 0.1 ],
																	"to": [ 1.1, 4.0, 1.1 ],
																	"rotationOrigin": [ 0.6, 2.0, 0.6 ],
																	"rotationX": 22.5,
																	"rotationZ": -22.0,
																	"faces": {
																		"north": { "texture": "#sheepskull", "uv": [ 13.5, 4.5, 14.5, 6.5 ] },
																		"east": { "texture": "#sheepskull", "uv": [ 13.0, 4.5, 14.0, 6.5 ] },
																		"south": { "texture": "#sheepskull", "uv": [ 12.0, 4.5, 13.0, 6.5 ] },
																		"west": { "texture": "#sheepskull", "uv": [ 13.0, 4.5, 14.0, 6.5 ] },
																		"up": { "texture": "#sheepskull", "uv": [ 12.5, 4.5, 13.5, 5.5 ] },
																		"down": { "texture": "#sheepskull", "uv": [ 12.0, 4.5, 13.0, 5.5 ] }
																	}
																}
															]
														}
													]
												}
											]
										}
									]
								}
							]
						}
					]
				},
				{
					"name": "R side8",
					"from": [ -1.0, 1.0, 0.2 ],
					"to": [ -0.8, 3.5, 2.7 ],
					"rotationOrigin": [ -1.0, 1.0, 0.2 ],
					"rotationY": 20.0,
					"faces": {
						"north": { "texture": "#preist-mask", "uv": [ 10.5, 10.0, 11.0, 12.5 ] },
						"south": { "texture": "#preist-mask", "uv": [ 10.0, 11.0, 10.5, 13.5 ] },
						"west": { "texture": "#preist-mask", "uv": [ 8.5, 8.5, 15.0, 14.0 ], "autoUv": false },
						"up": { "texture": "#preist-mask", "uv": [ 13.0, 9.0, 13.5, 11.5 ] },
						"down": { "texture": "#preist-mask", "uv": [ 10.0, 10.0, 10.5, 12.5 ] }
					}
				},
				{
					"name": "R side15",
					"from": [ -1.0, -1.1, 0.2 ],
					"to": [ -0.8, 1.4, 2.7 ],
					"rotationOrigin": [ -1.0, -1.1, 0.2 ],
					"rotationX": -1.0,
					"rotationY": 23.0,
					"rotationZ": 4.0,
					"faces": {
						"north": { "texture": "#preist-mask", "uv": [ 10.5, 10.0, 11.0, 12.5 ] },
						"south": { "texture": "#preist-mask", "uv": [ 10.0, 11.0, 10.5, 13.5 ] },
						"west": { "texture": "#preist-mask", "uv": [ 9.5, 9.5, 16.0, 15.0 ], "autoUv": false },
						"up": { "texture": "#preist-mask", "uv": [ 13.0, 9.0, 13.5, 11.5 ] },
						"down": { "texture": "#preist-mask", "uv": [ 10.0, 10.0, 10.5, 12.5 ] }
					}
				},
				{
					"name": "R side16",
					"from": [ -0.9, -2.8, 0.7 ],
					"to": [ -0.7, -0.3, 3.2 ],
					"rotationOrigin": [ -0.9, -2.8, 0.7 ],
					"rotationX": -17.0,
					"rotationY": 23.0,
					"rotationZ": 11.0,
					"faces": {
						"north": { "texture": "#preist-mask", "uv": [ 10.5, 10.0, 11.0, 12.5 ] },
						"south": { "texture": "#preist-mask", "uv": [ 10.0, 11.0, 10.5, 13.5 ] },
						"west": { "texture": "#preist-mask", "uv": [ 9.5, 9.5, 16.0, 15.0 ], "autoUv": false },
						"up": { "texture": "#preist-mask", "uv": [ 13.0, 9.0, 13.5, 11.5 ] },
						"down": { "texture": "#preist-mask", "uv": [ 10.0, 10.0, 10.5, 12.5 ] }
					}
				},
				{
					"name": "L side7",
					"from": [ -0.75, -0.5, -2.3 ],
					"to": [ -0.55, 3.5, 0.2 ],
					"rotationOrigin": [ -0.8, -0.5, 0.2 ],
					"rotationX": 3.0,
					"rotationY": -15.0,
					"rotationZ": 6.0,
					"faces": {
						"north": { "texture": "#preist-mask", "uv": [ 11.5, 9.5, 12.0, 13.5 ] },
						"south": { "texture": "#preist-mask", "uv": [ 10.5, 9.5, 11.0, 13.5 ] },
						"west": { "texture": "#preist-mask", "uv": [ 8.5, 8.0, 14.0, 15.0 ], "autoUv": false },
						"up": { "texture": "#preist-mask", "uv": [ 10.0, 10.5, 10.5, 13.0 ] },
						"down": { "texture": "#preist-mask", "uv": [ 10.0, 9.5, 10.5, 12.0 ] }
					}
				}
			]
		}
	]}