[{	"enabled":false,
    "side": "Server",
	"file": "game:worldproperties/block/toolmetal.json",
    "op": "add",
    "path": "/variants/-",
	"value": { "code": "stainlesssteel"} },
	
	{"enabled":false,
    "side": "Server",
	"file": "game:worldproperties/block/toolmetal.json",
    "op": "add",
    "path": "/variants/-",
	"value": { "code": "titanium"} },
	
	{"enabled":true,
    "side": "Server",
	"file": "game:worldproperties/block/toolmetal.json",
    "op": "add",
    "path": "/variants/-",
	"value": { "code": "mithril"} },
	
	{"enabled":true,
    "side": "Server",
	"file": "game:worldproperties/block/toolmetal.json",
    "op": "add",
    "path": "/variants/-",
	"value": { "code": "adamant"} },
	
	{"enabled":true,
    "side": "Server",
	"file": "game:worldproperties/block/toolmetal.json",
    "op": "add",
    "path": "/variants/-",
	"value": { "code": "orichalcum"} },
]