{"GameVersion":"1.18.0-pre.3","SizeX":6,"SizeY":8,"SizeZ":7,"BlockCodes":{"7118":"game:meta-underground","2256":"game:cobblestone-slate","2085":"game:cobbleskull-basalt","42579":"game:clutter","7116":"game:meta-filler","7119":"game:meta-spawner","5280":"game:chest-east","7117":"game:meta-pathway"},"ItemCodes":{"176":"game:lootrandomizer","1898":"game:armor-body-antique-blackguard-broken","1529":"game:blade-blackguard-iron","1899":"game:armor-legs-antique-blackguard-broken","1897":"game:armor-head-antique-blackguard-broken","1329":"game:seeds-bellpepper","3145":"game:shield-blackguard","301":"game:crystalizedore-rich-uranium-andesite","1475":"game:hammer-gold"},"Indices":[3148800,2099201,2100225,2101249,3147777,3148801,3149825,4196353,4197377,4198401,1050626,1051650,1052674,2098178,2099202,2100226,2101250,2102274,3146754,3147778,3148802,3149826,3150850,4195330,4196354,4197378,4198402,4199426,5244930,5245954,5246978,6293506,6294530,6295554,3075,1050627,1051651,1052675,2098179,2099203,2100227,2101251,2102275,3145731,3146755,3147779,3148803,3149827,3150851,3151875,4195331,4196355,4197379,4198403,4199427,5244931,5245955,5246979,6293507,6294531,6295555,7343107,1050628,1051652,1052676,2098180,2099204,2100228,2101252,2102276,3146756,3147780,3148804,3149828,3150852,4195332,4196356,4197380,4198404,4199428,5244932,5245956,5246980,6293508,6294532,6295556,7343108,1051653,2099205,2100229,2101253,3147781,3148805,3149829,4196357,4197381,4198405],"BlockIds":[7118,2256,2256,2256,2256,2085,2256,2256,2256,2256,2256,2256,2256,2256,42579,42579,42579,2256,2256,7116,7116,7116,2256,2256,7116,7116,7116,2256,2256,2256,2256,2256,2256,2256,7118,2256,2085,2256,2256,7116,7119,7116,2256,7118,2085,7116,7116,7116,2085,7118,2256,7116,42579,7116,2256,2256,2085,2256,2256,5280,2256,2256,2256,2256,2256,2256,7116,7116,42579,2256,2256,7116,7116,7116,2256,2256,7116,7116,7116,2256,2256,2256,2256,2256,2256,2256,7118,2256,2256,7117,2256,2256,7117,2256,2256,2256,2256],"DecorIndices":[],"DecorIds":[],"BlockEntities":{"2099202":"!<d@[F*Q79!!!$&E,TfC'EA+5!<d@[F*_!i!!!0/@VfsmCI<#NAHu^]F`__:EWlSfH#R=,C2[uuF\"M3:D/_.?Ci=642$=/)DffE0AQSp4!!!-.D.Rd%6#L=OA_Ra;^B=d^DffE0AQf'6!!!<3@rH1\"ARfgnA,lT","2100226":"!<d@[F*Q79!!!$&E,TfC'EA+5!<d@[F*_$j!!!0/@VfsmCI<#NAHu^]F`__:EWlSfH#R='B6%F(ATMs3DIkCW\":&scFCB9&=9&=$!!EUFATMNNDJ*csgCMCj\":&scFCB9&=o\\O&!!rsADes6$@ru9m!!!","2101250":"!<d@[F*Q79!!!$&E,TfC'EA+5!<d@[F*_'k!!!0/@VfsmCI<#NAHu^]F`__:EWlSfH#R=&Ci<g+F*'!GF_kjs#BFa)@<?'_z\":8pVF(djWB5D/6&'7$=#BFa)@<?'az#mk*[Ci!ZmFCet_!!","2100227":"!<d@[F*Q::!!!$&E,TfC'EA+5!<d@[F*_$j!!!0/@VfsmCI<#NAINEeFC?bBE+*s.AT@eWD..ZVDfor>!<<*\"\":]'_FCfK9@;JJQF`MO'!!!!+$Y=3tBlnVfDe*F#!<<*\"&8,EgANF:3Cht\\@DfT]'C]OT^1&q:RrrE1H0`V1R!!*.I1&q:RrrE1G1'%@T!!*.H1'%@T!!*.I1'%@T!!*RHBl6a`@<lF);IOHUAH2]1!!*RH@<bUb@<lF);IOHUAH2]1!!*RNE+*s.;IOHUAPI)RAH2]1!!*FJE+*s.6Z7*bF9)@A!!s?\\E+*s.:Msuo6\"Y4ME_1+eDfTq#!>]BeBln&tCf,=`DKKT7GuJZjGA^u&z!>K6cBln&tCf>:]GA^9#@;^1$FEmid!!!$+B6%p5E)UIsAH;c2!!s$W@<5\"WE,Tc=ARkcC'5V)uFAm-eGA^AuFCAuVDfp)AhVI#D*C,]O!>&s_FCfK1@;J;>E+*6jFEmid!!!*2Bl8$(Ec,<%6YKnKB4V&Cz!!!*3Eb/`o@<-!l:h=Z<Dfp(#z!!!!$)Jii'F@0_MEbAr`E+EC!AQ3Si@;JJQF`MO'z!!!!0%s)\\uGA^u&7;d3]FD5<-z!!","4197379":"!<d@[F*Q::!!!$&E,TfC('\"=7!<d@[F*_$j!!!0/@VfsmCI<#NAHu^]F`__:EWlSfH#R=!E-5u5AU+C`Ec6&.FCePS!!!!%$#O6pBL-NKCh;?3ahIr`Ec6&.FCeVU!!!!*$\"ImiCh7*uARkc@","6294531":"!<d@[F*Q::!!!$&E,TfC(]XO9!<d@[F*_$j!!!0/@VfsmCI<#NAI;p\\ATMrFARTY%\"po!]G%GQ5DfU+(#'\"^#Dfg%'!!!!'\"`nKuFE7Zf0E;+R!!'5'!!!$\"!!!$&F('6'!<<*\"\"pT-j@:O(,#6f0j@:O'Q!<<*\"C'O_=!<<*\"!!EL9BOPdgAH2]Q5l_)nF*(i#CG?%tF*(i#CB+A8!!)fu!!!$\"!!!!%#%M=TDI[5X!$FQ-\"pT-j@:O(.#6f0j@:O'Q!<<*\"CBjh>!<<*\"!!EL9BOPdgAH2]Q5l_)nF*(i#CGQ2!F*(i#CB+A8!!$^<!!!$\"!!!!%#%M=TDI[5X!$FQ-\"pT-j@:O(0#6f0j@:O'Q!<<*\"0a.OW+92BA!!EL9BOPdgAH2]Q5l_)nF*(i#CGc>#F*(i#CB+A8!!#S!!!!$\"!!!!%#%M=TDI[5X!$FQ-\"pT-j@:O(2#6f0j@:O'Q!<<*\"/HGhO!<<*\"!!EL9BOPdgAH2]Q5l_)nF*(i#CGuJ%F*(i#CB+A8!!'n?!!!$\"!!!!%#%M=TDI[5X!$FQ-!!`NZ!!*'\"!3cG'!!*'\"!!*4D@<Q2_!!!!'#'4lp@r!b'\"`nco@qu&F!!!\"6#64`)z\"9r@L@;]Rd!!\"--!!WXKFCAZp0a@l'FCAZp!!*'\"!;Qcu!!*'\"!!!-+@q]:g@q>W?+@,u3#'4lp@r!h)\"`nco@qu&F!!!\"7#64`)z\"9r@L@;]Rd!!\"--!!WXKFCAZp1C\"))FCAZp!!*'\"!,2Z<!!*'\"!!!-+@q]:g@q>W?+@,u3#'4lp@r!n+\"`nco@qu&F!!!!R\"TSNFz\"9r@L@;]Rd!!\"--!!WXKFCAZp2$X;+FCAZp!!*'\"!(dS!!!*'\"!!!-+@q]:g@q>W?+@,u3#'4lp@r!t-\"`nco@qu&F!!!!N!<<*#z\"9r@L@;]Rd!!\"--!!WXKFCAZp2[9M-FCAZp!!*'\"!5es?!!*'\"!!!-+@q]:g@q>W?+@,u-!!!02AoD]VCi<g!6Z6LH$=da\\F*'!F@<6Mo\"E\\p.AHldcCh.*p\":8pVF(djWB5D/?bEfmC","2101252":"!<d@[F*Q=;!!!$&E,TfC'EA+5!<d@[F*_'k!!!0/@VfsmCI<#NAHu^]F`__:EWlSfH#R=0@rc\"\"AM7P6@<?'4Cgh?sAM%q@F9DhhDffE0AQSp4!!!-.D.Rd%6#L=OA_Ra;^B=d^DffE0AQf'6!!!<3@rH1\"ARfgnA,lT"},"Entities":[],"ReplaceMode":2}