{
  "ingredient": {
    "type": "item",
    "code": "game:clay-*",
    "name": "type",
    "allowedVariants": ["blue", "red", "fire"]
  },
  "pattern": [
    [
      "##############",
      "##############",
      "##############",
      "##############",
      "##############",
      "##############",
      "##############",
      "##############",
      "##############",
      "##############",
      "##############",
      "##############",
      "##############",
      "##############"
    ],
    [
      "##############",
      "###_###_###_##",
      "##_#_#_#_#_#_#",
      "##_###_###_###",
      "##_###_###_###",
      "##_###_###_###",
      "##############",
      "##############",
      "###_###_###_##",
      "##_#_#_#_#_#_#",
      "##_###_###_###",
      "##_###_###_###",
      "##_###_###_###",
      "##############"
    ]
  ],
  "name": "Hook Mold",
  "output": {
    "type": "block",
    "code": "primitivesurvival:pslargemold-raw-metalfishinghook"
  }
}
