{
	"editor": {
		"allAngles": false,
		"entityTextureMode": true
	},
	"textureWidth": 8,
	"textureHeight": 8,
	"textureSizes": {
	},
	"textures": {
        "base": "detailedanimals:item/egg/white"
	},
	"elements": [
		{
			"name": "Cube",
			"from": [ 7.2, 0.0, 7.0 ],
			"to": [ 8.8, 1.6, 9.0 ],
			"unwrapMode": 5,
			"uv": [ 0.0, 0.0 ],
			"rotationOrigin": [ 8.0, 0.8, 8.0 ],
			"faces": {
				"north": { "texture": "#egg", "uv": [ 1.5, 0.0, 3.0, 1.5 ], "rotation": 180, "windMode": [-1,-1,-1,-1] },
				"east": { "texture": "#egg", "uv": [ 3.0, 1.5, 4.5, 3.5 ], "rotation": 90, "windMode": [-1,-1,-1,-1] },
				"south": { "texture": "#egg", "uv": [ 1.5, 3.5, 3.0, 5.0 ], "windMode": [-1,-1,-1,-1] },
				"west": { "texture": "#egg", "uv": [ 0.0, 1.5, 1.5, 3.5 ], "rotation": 270, "windMode": [-1,-1,-1,-1] },
				"up": { "texture": "#egg", "uv": [ 1.5, 1.5, 3.0, 3.5 ], "windMode": [-1,-1,-1,-1] },
				"down": { "texture": "#egg", "uv": [ 4.5, 1.5, 6.0, 3.5 ], "windMode": [-1,-1,-1,-1] }
			}
		}
	]}
