{
	"editor": {
		"allAngles": false,
		"entityTextureMode": false
	},
	"textureWidth": 16,
	"textureHeight": 16,
	"textureSizes": {
	},
	"textures": {
		"stem": "block/plant/bamboo/phyllostachysnigra",
		"leaves": "game:block/plant/bamboo/foliage-planter"
	},
	"elements": [
		{
			"name": "bamboo-stem1",
			"from": [ 7.2, 0.0, 7.2 ],
			"to": [ 8.8, 10.5, 8.8 ],
			"rotationOrigin": [ 8.0, 0.0, 8.0 ],
			"faces": {
				"north": { "texture": "#stem", "uv": [ 2.0, 1.0, 3.5, 11.5 ] },
				"east": { "texture": "#stem", "uv": [ 2.0, 1.0, 3.5, 11.5 ] },
				"south": { "texture": "#stem", "uv": [ 2.0, 0.5, 3.5, 11.0 ] },
				"west": { "texture": "#stem", "uv": [ 2.5, 1.5, 4.0, 12.0 ] },
				"up": { "texture": "#stem", "uv": [ 2.0, 0.5, 3.5, 2.0 ], "windMode": [-1,-1,-1,-1] }
			},
			"children": [
				{
					"name": "bamboo-band1",
					"from": [ -0.1, 3.0, -0.1 ],
					"to": [ 1.7, 4.0, 1.7 ],
					"rotationOrigin": [ -0.1, 3.0, -0.1 ],
					"faces": {
						"north": { "texture": "#stem", "uv": [ 2.5, 7.5, 4.0, 8.5 ] },
						"east": { "texture": "#stem", "uv": [ 4.5, 7.5, 6.0, 8.5 ] },
						"south": { "texture": "#stem", "uv": [ 0.5, 7.5, 2.0, 8.5 ] },
						"west": { "texture": "#stem", "uv": [ 6.0, 7.5, 7.5, 8.5 ] },
						"up": { "texture": "#stem", "uv": [ 6.5, 6.5, 8.0, 8.0 ] },
						"down": { "texture": "#stem", "uv": [ 6.5, 6.5, 8.0, 8.0 ] }
					}
				},
				{
					"name": "bamboo-band2",
					"from": [ -0.1, 9.0, -0.1 ],
					"to": [ 1.7, 10.0, 1.7 ],
					"rotationOrigin": [ -0.1, 9.0, -0.1 ],
					"faces": {
						"north": { "texture": "#stem", "uv": [ 1.5, 15.0, 3.0, 16.0 ] },
						"east": { "texture": "#stem", "uv": [ 4.0, 15.0, 5.5, 16.0 ] },
						"south": { "texture": "#stem", "uv": [ 2.5, 15.0, 4.0, 16.0 ] },
						"west": { "texture": "#stem", "uv": [ 2.5, 15.0, 4.0, 16.0 ] },
						"up": { "texture": "#stem", "uv": [ 5.5, 13.5, 7.0, 15.0 ] },
						"down": { "texture": "#stem", "uv": [ 2.0, 14.0, 3.5, 15.5 ] }
					}
				},
				{
					"name": "bamboo-leafW",
					"from": [ -7.5, 4.0, 0.8 ],
					"to": [ 8.5, 12.0, 0.8 ],
					"shade": false,
					"climateColorMap": "climatePlantTint", "seasonColorMap": "tropicalKapok",
					"renderPass": 1,
					"rotationOrigin": [ 0.3, 10.0, 0.8 ],
					"faces": {
						"north": { "texture": "#leaves", "uv": [ 0.0, 8.0, 16.0, 16.0 ] }
					}
				},
				{
					"name": "bamboo-leafN",
					"from": [ 0.7, 4.0, -7.5 ],
					"to": [ 0.7, 12.0, 8.5 ],
					"shade": false,
					"climateColorMap": "climatePlantTint", "seasonColorMap": "tropicalKapok",
					"renderPass": 1,
					"rotationOrigin": [ 0.7, 10.0, 0.0 ],
					"faces": {
						"west": { "texture": "#leaves", "uv": [ 0.0, 8.0, 16.0, 16.0 ] }
					}
				},
				{
					"name": "bamboo-leafNE",
					"from": [ 0.9, 5.5, -7.1 ],
					"to": [ 0.9, 13.5, 8.9 ],
					"shade": false,
					"climateColorMap": "climatePlantTint", "seasonColorMap": "tropicalKapok",
					"renderPass": 1,
					"rotationOrigin": [ 0.9, 11.5, 0.9 ],
					"rotationY": 45.0,
					"faces": {
						"east": { "texture": "#leaves", "uv": [ 0.0, 8.0, 16.0, 16.0 ] }
					}
				},
				{
					"name": "bamboo-leafSW",
					"from": [ -7.5, 6.0, 1.0 ],
					"to": [ 8.5, 14.0, 1.0 ],
					"shade": false,
					"climateColorMap": "climatePlantTint", "seasonColorMap": "tropicalKapok",
					"renderPass": 1,
					"rotationOrigin": [ 0.5, 12.0, 1.0 ],
					"rotationY": 45.0,
					"faces": {
						"south": { "texture": "#leaves", "uv": [ 0.0, 8.0, 16.0, 16.0 ] }
					}
				}
			]
		}
	]}