{
	"editor": {
		"allAngles": false,
		"entityTextureMode": false
	},
	"textureWidth": 16,
	"textureHeight": 16,
	"textureSizes": {
	},
	"textures": {
	},
	"elements": [
		{
			"name": "origin",
			"from": [ 6.3, -0.5, 6.0 ], 
			"to": [ 6.3, -0.5, 6.0 ], 
			"rotationOrigin": [ 8.0, 0.0, 8.0 ],
			"faces": {
				"north": { "texture": "#native", "uv": [ 6.0, 6.0, 6.0, 6.0 ], "enabled": false },
				"east": { "texture": "#native", "uv": [ 8.0, 8.0, 8.0, 8.0 ], "enabled": false },
				"south": { "texture": "#native", "uv": [ 5.0, 8.0, 5.0, 8.0 ], "enabled": false },
				"west": { "texture": "#native", "uv": [ 7.0, 7.0, 7.0, 7.0 ], "enabled": false },
				"up": { "texture": "#native", "uv": [ 0.0, 12.0, 0.0, 12.0 ], "enabled": false },
				"down": { "texture": "#native", "uv": [ 5.0, 6.0, 5.0, 6.0 ], "enabled": false }
			},
			"children": [
				{
					"name": "Cube1",
					"from": [ 1.0, 0.7, 0.7 ], 
					"to": [ 2.1, 1.2, 2.5 ], 
					"rotationOrigin": [ 0.4, 0.0, 0.1 ],
					"faces": {
						"north": { "texture": "#gem", "uv": [ 8.0, 6.5, 9.0, 7.0 ] },
						"east": { "texture": "#gem", "uv": [ 7.5, 8.0, 9.0, 8.5 ] },
						"south": { "texture": "#gem", "uv": [ 8.5, 6.5, 9.5, 7.0 ] },
						"west": { "texture": "#gem", "uv": [ 3.5, 8.5, 5.0, 9.0 ] },
						"up": { "texture": "#gem", "uv": [ 9.5, 8.0, 10.5, 9.5 ] },
						"down": { "texture": "#gem", "uv": [ 5.0, 6.0, 6.0, 7.5 ] }
					}
				},
				{
					"name": "Cube4",
					"from": [ 0.55, 0.75, 1.0 ], 
					"to": [ 1.0, 1.15, 2.2 ], 
					"rotationOrigin": [ -0.1, 0.0, 0.4 ],
					"faces": {
						"north": { "texture": "#gem", "uv": [ 8.0, 6.5, 8.5, 7.0 ] },
						"east": { "texture": "#gem", "uv": [ 7.5, 8.0, 8.5, 8.5 ] },
						"south": { "texture": "#gem", "uv": [ 8.5, 6.5, 9.0, 7.0 ] },
						"west": { "texture": "#gem", "uv": [ 3.5, 8.5, 4.5, 9.0 ] },
						"up": { "texture": "#gem", "uv": [ 9.5, 8.0, 10.0, 9.0 ] },
						"down": { "texture": "#gem", "uv": [ 5.0, 6.0, 5.5, 7.0 ] }
					}
				},
				{
					"name": "Cube5",
					"from": [ 1.85, 0.75, 1.5 ], 
					"to": [ 2.55, 1.15, 2.4 ], 
					"rotationOrigin": [ 2.2, 0.9, 1.95 ],
					"rotationY": -55.0,
					"faces": {
						"north": { "texture": "#gem", "uv": [ 8.0, 6.5, 8.5, 7.0 ] },
						"east": { "texture": "#gem", "uv": [ 7.5, 8.0, 8.0, 8.5 ] },
						"south": { "texture": "#gem", "uv": [ 8.5, 6.5, 9.0, 7.0 ] },
						"west": { "texture": "#gem", "uv": [ 3.5, 8.5, 4.0, 9.0 ] },
						"up": { "texture": "#gem", "uv": [ 9.5, 8.0, 10.0, 8.5 ] },
						"down": { "texture": "#gem", "uv": [ 5.0, 6.0, 5.5, 6.5 ] }
					}
				},
				{
					"name": "Cube6",
					"from": [ 2.35, 0.8, 1.25 ], 
					"to": [ 2.95, 1.1, 1.85 ], 
					"rotationOrigin": [ 2.6, 0.9, 1.6 ],
					"rotationY": -45.0,
					"faces": {
						"north": { "texture": "#gem", "uv": [ 8.0, 6.5, 8.5, 7.0 ] },
						"east": { "texture": "#gem", "uv": [ 7.5, 8.0, 8.0, 8.5 ] },
						"south": { "texture": "#gem", "uv": [ 8.5, 6.5, 9.0, 7.0 ] },
						"west": { "texture": "#gem", "uv": [ 3.5, 8.5, 4.0, 9.0 ] },
						"up": { "texture": "#gem", "uv": [ 9.5, 8.0, 10.0, 8.5 ] },
						"down": { "texture": "#gem", "uv": [ 5.0, 6.0, 5.5, 6.5 ] }
					}
				},
				{
					"name": "Cube9",
					"from": [ 1.75, 0.752, 0.95 ], 
					"to": [ 2.65, 1.152, 1.65 ], 
					"rotationOrigin": [ 2.25, 0.9, 1.3 ],
					"rotationY": -35.0,
					"faces": {
						"north": { "texture": "#gem", "uv": [ 8.0, 6.5, 8.5, 7.0 ] },
						"east": { "texture": "#gem", "uv": [ 7.5, 8.0, 8.0, 8.5 ] },
						"south": { "texture": "#gem", "uv": [ 8.5, 6.5, 9.0, 7.0 ] },
						"west": { "texture": "#gem", "uv": [ 3.5, 8.5, 4.0, 9.0 ] },
						"up": { "texture": "#gem", "uv": [ 9.5, 8.0, 10.0, 8.5 ] },
						"down": { "texture": "#gem", "uv": [ 5.0, 6.0, 5.5, 6.5 ] }
					}
				},
				{
					"name": "Cube7",
					"from": [ 0.63, 0.76, 1.95 ], 
					"to": [ 1.15, 1.11, 2.35 ], 
					"rotationOrigin": [ 0.9, 0.8, 2.2 ],
					"rotationY": -30.0,
					"faces": {
						"north": { "texture": "#gem", "uv": [ 8.0, 6.5, 8.5, 7.0 ] },
						"east": { "texture": "#gem", "uv": [ 7.5, 8.0, 8.0, 8.5 ] },
						"south": { "texture": "#gem", "uv": [ 8.5, 6.5, 9.0, 7.0 ] },
						"west": { "texture": "#gem", "uv": [ 3.5, 8.5, 4.0, 9.0 ] },
						"up": { "texture": "#gem", "uv": [ 9.5, 8.0, 10.0, 8.5 ] },
						"down": { "texture": "#gem", "uv": [ 5.0, 6.0, 5.5, 6.5 ] }
					}
				},
				{
					"name": "Cube8",
					"from": [ 0.66, 0.76, 0.85 ], 
					"to": [ 1.18, 1.11, 1.25 ], 
					"rotationOrigin": [ 0.9, 0.8, 1.1 ],
					"rotationY": 30.0,
					"faces": {
						"north": { "texture": "#gem", "uv": [ 8.0, 6.5, 8.5, 7.0 ] },
						"east": { "texture": "#gem", "uv": [ 7.5, 8.0, 8.0, 8.5 ] },
						"south": { "texture": "#gem", "uv": [ 8.5, 6.5, 9.0, 7.0 ] },
						"west": { "texture": "#gem", "uv": [ 3.5, 8.5, 4.0, 9.0 ] },
						"up": { "texture": "#gem", "uv": [ 9.5, 8.0, 10.0, 8.5 ] },
						"down": { "texture": "#gem", "uv": [ 5.0, 6.0, 5.5, 6.5 ] }
					}
				},
				{
					"name": "Cube10",
					"from": [ 0.7, 0.65, 1.1 ], 
					"to": [ 2.0, 1.25, 2.1 ], 
					"rotationOrigin": [ 0.1, -0.1, 0.5 ],
					"faces": {
						"north": { "texture": "#gem", "uv": [ 8.0, 6.5, 9.0, 7.0 ] },
						"east": { "texture": "#gem", "uv": [ 7.5, 8.0, 8.5, 8.5 ] },
						"south": { "texture": "#gem", "uv": [ 8.5, 6.5, 9.5, 7.0 ] },
						"west": { "texture": "#gem", "uv": [ 3.5, 8.5, 4.5, 9.0 ] },
						"up": { "texture": "#gem", "uv": [ 9.5, 8.0, 10.5, 9.0 ] },
						"down": { "texture": "#gem", "uv": [ 5.0, 6.0, 6.0, 7.0 ] }
					}
				},
				{
					"name": "Cube11",
					"from": [ 1.9, 1.2, 1.2 ], 
					"to": [ 2.4, 1.3, 2.0 ], 
					"rotationOrigin": [ 1.3, 0.5, 0.6 ],
					"rotationZ": -6.0,
					"faces": {
						"north": { "texture": "#gem", "uv": [ 8.0, 6.5, 8.5, 7.0 ] },
						"east": { "texture": "#gem", "uv": [ 7.5, 8.0, 8.0, 8.5 ] },
						"south": { "texture": "#gem", "uv": [ 8.5, 6.5, 9.0, 7.0 ] },
						"west": { "texture": "#gem", "uv": [ 3.5, 8.5, 4.0, 9.0 ] },
						"up": { "texture": "#gem", "uv": [ 9.5, 8.0, 10.0, 8.5 ] },
						"down": { "texture": "#gem", "uv": [ 5.0, 6.0, 5.5, 6.5 ] }
					}
				}
			]
		}
	]}