{
    "editor": {
        "backDropShape": "shapes/entity/humanoid/seraph",
        "allAngles": false,
        "entityTextureMode": true
    },
    "textureWidth": 64,
    "textureHeight": 64,
    "textureSizes": {},
    "textures": {
        "forlornhopeWIP": "entity/humanoid/serapharmor/forlorn/forlorn-pristine"
    },
    "elements": [
        {
            "name": "ArmorHead",
            "stepParentName": "Head",
            "from": [
                -0.1,
                -0.2,
                -0.2
            ],
            "to": [
                6.1,
                5.2,
                5.2
            ],
            "autoUnwrap": false,
            "uv": [
                7,
                0
            ],
            "rotationOrigin": [
                -0.1,
                -0.2,
                2.6
            ],
            "faces": {
                "north": {
                    "texture": "#forlornhopeWIP",
                    "uv": [
                        0,
                        6,
                        6,
                        11
                    ]
                },
                "east": {
                    "texture": "#forlornhopeWIP",
                    "uv": [
                        17,
                        6,
                        22,
                        11
                    ]
                },
                "south": {
                    "texture": "#forlornhopeWIP",
                    "uv": [
                        11,
                        6,
                        17,
                        11
                    ]
                },
                "west": {
                    "texture": "#forlornhopeWIP",
                    "uv": [
                        6,
                        6,
                        11,
                        11
                    ]
                },
                "up": {
                    "texture": "#forlornhopeWIP",
                    "uv": [
                        6,
                        0,
                        11,
                        6
                    ],
                    "rotation": 90
                },
                "down": {
                    "texture": "#forlornhopeWIP",
                    "uv": [
                        0.5,
                        0,
                        5.5,
                        6
                    ],
                    "rotation": 90
                }
            },
            "children": [
                {
                    "name": "ArmorNeck",
                    "stepParentName": "Neck",
                    "from": [
                        -0.1,
                        0.8,
                        -0.1
                    ],
                    "to": [
                        3.1,
                        2.4,
                        3.1
                    ],
                    "autoUnwrap": false,
                    "uv": [
                        11.5,
                        3
                    ],
                    "rotationOrigin": [
                        -0.1,
                        0.8,
                        1.5
                    ],
                    "faces": {
                        "north": {
                            "texture": "#forlornhopeWIP",
                            "uv": [
                                11,
                                0,
                                14,
                                1.5
                            ]
                        },
                        "east": {
                            "texture": "#forlornhopeWIP",
                            "uv": [
                                20,
                                0,
                                23,
                                1.5
                            ]
                        },
                        "south": {
                            "texture": "#forlornhopeWIP",
                            "uv": [
                                17,
                                0,
                                20,
                                1.5
                            ]
                        },
                        "west": {
                            "texture": "#forlornhopeWIP",
                            "uv": [
                                14,
                                0,
                                17,
                                1.5
                            ]
                        }
                    }
                },
                {
                    "name": "ArmorVisor",
                    "from": [
                        -2.9,
                        0.6,
                        0.2
                    ],
                    "to": [
                        1.1,
                        4.6,
                        5.2
                    ],
                    "autoUnwrap": false,
                    "uv": [
                        23.5,
                        3
                    ],
                    "rotationOrigin": [
                        -0.9,
                        2.7,
                        2.7
                    ],
                    "rotationZ": 45,
                    "faces": {
                        "north": {
                            "texture": "#forlornhopeWIP",
                            "uv": [
                                23.5,
                                2,
                                27.5,
                                6
                            ]
                        },
                        "south": {
                            "texture": "#forlornhopeWIP",
                            "uv": [
                                32.5,
                                2,
                                36.5,
                                6
                            ]
                        },
                        "west": {
                            "texture": "#forlornhopeWIP",
                            "uv": [
                                27.5,
                                4,
                                32.5,
                                8
                            ]
                        },
                        "up": {
                            "texture": "#forlornhopeWIP",
                            "uv": [
                                27.5,
                                0,
                                32.5,
                                4
                            ],
                            "rotation": 90
                        }
                    }
                },
                {
                    "name": "ArmorHelmetNose",
                    "from": [
                        -4.5,
                        4.9,
                        2.2
                    ],
                    "to": [
                        -0.5,
                        5.4,
                        3.2
                    ],
                    "autoUnwrap": false,
                    "uv": [
                        25,
                        0.5
                    ],
                    "rotationOrigin": [
                        -1.6,
                        5.4,
                        2.8
                    ],
                    "rotationZ": 45,
                    "faces": {
                        "north": {
                            "texture": "#forlornhopeWIP",
                            "uv": [
                                35.5,
                                0,
                                39.5,
                                0.5
                            ]
                        },
                        "east": {
                            "texture": "#forlornhopeWIP",
                            "uv": [
                                39.5,
                                0.5,
                                40,
                                1.5
                            ],
                            "rotation": 90
                        },
                        "south": {
                            "texture": "#forlornhopeWIP",
                            "uv": [
                                35.5,
                                1.5,
                                39.5,
                                2
                            ]
                        },
                        "west": {
                            "texture": "#forlornhopeWIP",
                            "uv": [
                                35,
                                0.5,
                                35.5,
                                1.5
                            ],
                            "rotation": 90
                        },
                        "up": {
                            "texture": "#forlornhopeWIP",
                            "uv": [
                                35.5,
                                0.5,
                                39.5,
                                1.5
                            ]
                        }
                    }
                },
                {
                    "name": "ArmorRidgeTop",
                    "from": [
                        -0.8,
                        5.4,
                        2.4
                    ],
                    "to": [
                        6.2,
                        6.1,
                        3
                    ],
                    "autoUnwrap": false,
                    "uv": [
                        11.5,
                        4
                    ],
                    "rotationOrigin": [
                        -0.7,
                        5.4,
                        2.8
                    ],
                    "faces": {
                        "north": {
                            "texture": "#forlornhopeWIP",
                            "uv": [
                                11.5,
                                4.5,
                                18.5,
                                5
                            ]
                        },
                        "south": {
                            "texture": "#forlornhopeWIP",
                            "uv": [
                                11.5,
                                3.5,
                                18.5,
                                4
                            ]
                        },
                        "up": {
                            "texture": "#forlornhopeWIP",
                            "uv": [
                                11.5,
                                4,
                                18.5,
                                4.5
                            ]
                        }
                    }
                },
                {
                    "name": "ArmorRidgeBack",
                    "from": [
                        6.2,
                        1,
                        2.4
                    ],
                    "to": [
                        6.9,
                        6.1,
                        3
                    ],
                    "uv": [
                        34,
                        6.5
                    ],
                    "rotationOrigin": [
                        6.2,
                        1,
                        2.4
                    ],
                    "faces": {
                        "north": {
                            "texture": "#forlornhopeWIP",
                            "uv": [
                                34,
                                7,
                                34.5,
                                12
                            ]
                        },
                        "east": {
                            "texture": "#forlornhopeWIP",
                            "uv": [
                                34.5,
                                7,
                                35,
                                12
                            ]
                        },
                        "south": {
                            "texture": "#forlornhopeWIP",
                            "uv": [
                                35,
                                7,
                                35.5,
                                12
                            ]
                        },
                        "up": {
                            "texture": "#forlornhopeWIP",
                            "uv": [
                                34,
                                6.5,
                                34.5,
                                7
                            ]
                        },
                        "down": {
                            "texture": "#forlornhopeWIP",
                            "uv": [
                                34.5,
                                6.5,
                                35,
                                7
                            ]
                        }
                    }
                }
            ]
        }
    ]
}