{
    "editor": {
        "allAngles": false,
        "entityTextureMode": true
    },
    "textureWidth": 64,
    "textureHeight": 64,
    "textureSizes": {},
    "textures": {
        "forlornhopeWIP": "entity/humanoid/serapharmor/forlorn/forlorn-pristine"
    },
    "elements": [
        {
            "name": "ArmorUpperLegR",
            "stepParentName": "UpperFootR",
            "from": [
                -0.2,
                -0.5,
                -0.3
            ],
            "to": [
                4.4,
                7,
                3.5
            ],
            "autoUnwrap": false,
            "uv": [
                16,
                33
            ],
            "rotationOrigin": [
                -0.2,
                -0.5,
                -0.3
            ],
            "faces": {
                "north": {
                    "texture": "#forlornhopeWIP",
                    "uv": [
                        16,
                        33,
                        20.5,
                        40.5
                    ]
                },
                "east": {
                    "texture": "#forlornhopeWIP",
                    "uv": [
                        28.5,
                        33,
                        32,
                        40.5
                    ]
                },
                "south": {
                    "texture": "#forlornhopeWIP",
                    "uv": [
                        24,
                        33,
                        28.5,
                        40.5
                    ]
                },
                "west": {
                    "texture": "#forlornhopeWIP",
                    "uv": [
                        20.5,
                        33,
                        24,
                        40.5
                    ]
                },
                "up": {
                    "texture": "#forlornhopeWIP",
                    "uv": [
                        16,
                        29.5,
                        20.5,
                        33
                    ]
                },
                "down": {
                    "texture": "#forlornhopeWIP",
                    "uv": [
                        24,
                        29.5,
                        28.5,
                        33
                    ]
                }
            }
        },
        {
            "name": "ArmorUpperLegL",
            "stepParentName": "UpperFootL",
            "from": [
                -0.2,
                -0.5,
                -0.3
            ],
            "to": [
                4.4,
                7,
                3.5
            ],
            "autoUnwrap": false,
            "uv": [
                0,
                33
            ],
            "rotationOrigin": [
                -0.2,
                -0.5,
                -0.3
            ],
            "faces": {
                "north": {
                    "texture": "#forlornhopeWIP",
                    "uv": [
                        0,
                        33,
                        4.5,
                        40.5
                    ]
                },
                "east": {
                    "texture": "#forlornhopeWIP",
                    "uv": [
                        12.5,
                        33,
                        16,
                        40.5
                    ]
                },
                "south": {
                    "texture": "#forlornhopeWIP",
                    "uv": [
                        8,
                        33,
                        12.5,
                        40.5
                    ]
                },
                "west": {
                    "texture": "#forlornhopeWIP",
                    "uv": [
                        4.5,
                        33,
                        8,
                        40.5
                    ]
                },
                "up": {
                    "texture": "#forlornhopeWIP",
                    "uv": [
                        0,
                        29.5,
                        4.5,
                        33
                    ]
                },
                "down": {
                    "texture": "#forlornhopeWIP",
                    "uv": [
                        8,
                        29.5,
                        12.5,
                        33
                    ]
                }
            }
        },
        {
            "name": "ArmorLowerLegR",
            "stepParentName": "LowerFootR",
            "from": [
                -0.3,
                -0.2,
                -0.25
            ],
            "to": [
                3.2,
                5.3,
                3.25
            ],
            "autoUnwrap": false,
            "uv": [
                16,
                44
            ],
            "rotationOrigin": [
                -0.3,
                -0.2,
                -0.4
            ],
            "faces": {
                "north": {
                    "texture": "#forlornhopeWIP",
                    "uv": [
                        16,
                        45,
                        19.5,
                        50.5
                    ]
                },
                "east": {
                    "texture": "#forlornhopeWIP",
                    "uv": [
                        28.5,
                        45,
                        32,
                        50.5
                    ]
                },
                "south": {
                    "texture": "#forlornhopeWIP",
                    "uv": [
                        24,
                        45,
                        27.5,
                        50.5
                    ]
                },
                "west": {
                    "texture": "#forlornhopeWIP",
                    "uv": [
                        20.5,
                        45,
                        24,
                        50.5
                    ]
                },
                "up": {
                    "texture": "#forlornhopeWIP",
                    "uv": [
                        16,
                        41.5,
                        19.5,
                        45
                    ]
                },
                "down": {
                    "texture": "#forlornhopeWIP",
                    "uv": [
                        24,
                        41.5,
                        27.5,
                        45
                    ]
                }
            },
            "children": [
                {
                    "name": "ArmorKneeR",
                    "from": [
                        -0.5,
                        1,
                        0.2
                    ],
                    "to": [
                        0.5,
                        4,
                        3.2
                    ],
                    "autoUnwrap": false,
                    "uv": [
                        19.5,
                        56
                    ],
                    "rotationOrigin": [
                        -0.5,
                        2.5,
                        1.7
                    ],
                    "rotationX": 45,
                    "faces": {
                        "north": {
                            "texture": "#forlornhopeWIP",
                            "uv": [
                                20,
                                58.5,
                                21,
                                61.5
                            ]
                        },
                        "south": {
                            "texture": "#forlornhopeWIP",
                            "uv": [
                                24,
                                58.5,
                                25,
                                61.5
                            ]
                        },
                        "west": {
                            "texture": "#forlornhopeWIP",
                            "uv": [
                                21,
                                58.5,
                                24,
                                61.5
                            ]
                        },
                        "up": {
                            "texture": "#forlornhopeWIP",
                            "uv": [
                                21,
                                57.5,
                                24,
                                58.5
                            ],
                            "rotation": 90
                        },
                        "down": {
                            "texture": "#forlornhopeWIP",
                            "uv": [
                                21,
                                61.5,
                                24,
                                62.5
                            ],
                            "rotation": 90
                        }
                    }
                }
            ]
        },
        {
            "name": "ArmorLowerLegL",
            "stepParentName": "LowerFootL",
            "from": [
                -0.3,
                -0.2,
                -0.25
            ],
            "to": [
                3.2,
                5.3,
                3.25
            ],
            "autoUnwrap": false,
            "uv": [
                0,
                44
            ],
            "rotationOrigin": [
                -0.3,
                -0.2,
                -0.4
            ],
            "faces": {
                "north": {
                    "texture": "#forlornhopeWIP",
                    "uv": [
                        0,
                        45,
                        3.5,
                        50.5
                    ]
                },
                "east": {
                    "texture": "#forlornhopeWIP",
                    "uv": [
                        12.5,
                        45,
                        16,
                        50.5
                    ]
                },
                "south": {
                    "texture": "#forlornhopeWIP",
                    "uv": [
                        8,
                        45,
                        11.5,
                        50.5
                    ]
                },
                "west": {
                    "texture": "#forlornhopeWIP",
                    "uv": [
                        4.5,
                        45,
                        8,
                        50.5
                    ]
                },
                "up": {
                    "texture": "#forlornhopeWIP",
                    "uv": [
                        0,
                        41.5,
                        3.5,
                        45
                    ]
                },
                "down": {
                    "texture": "#forlornhopeWIP",
                    "uv": [
                        8,
                        41.5,
                        11.5,
                        45
                    ]
                }
            },
            "children": [
                {
                    "name": "ArmorKneeL",
                    "from": [
                        -0.5,
                        1,
                        0.3
                    ],
                    "to": [
                        0.5,
                        4,
                        3.3
                    ],
                    "autoUnwrap": false,
                    "uv": [
                        2.5,
                        57.5
                    ],
                    "rotationOrigin": [
                        0.5,
                        2.5,
                        1.8
                    ],
                    "rotationX": -45,
                    "faces": {
                        "north": {
                            "texture": "#forlornhopeWIP",
                            "uv": [
                                3.5,
                                58.5,
                                4.5,
                                61.5
                            ]
                        },
                        "south": {
                            "texture": "#forlornhopeWIP",
                            "uv": [
                                7.5,
                                58.5,
                                8.5,
                                61.5
                            ]
                        },
                        "west": {
                            "texture": "#forlornhopeWIP",
                            "uv": [
                                4.5,
                                58.5,
                                7.5,
                                61.5
                            ]
                        },
                        "up": {
                            "texture": "#forlornhopeWIP",
                            "uv": [
                                4.5,
                                57.5,
                                7.5,
                                58.5
                            ],
                            "rotation": 90
                        },
                        "down": {
                            "texture": "#forlornhopeWIP",
                            "uv": [
                                4.5,
                                61.5,
                                7.5,
                                62.5
                            ],
                            "rotation": 90
                        }
                    }
                }
            ]
        },
        {
            "name": "ArmorLowerLegL2",
            "stepParentName": "PawL",
            "from": [
                -0.3,
                -0.2,
                -0.25
            ],
            "to": [
                3.2,
                7.3,
                3.25
            ],
            "autoUnwrap": false,
            "uv": [
                0,
                44
            ],
            "rotationOrigin": [
                -0.3,
                -0.2,
                -0.4
            ],
            "faces": {
                "north": {
                    "texture": "#forlornhopeWIP",
                    "uv": [
                        0,
                        45,
                        3.5,
                        52.5
                    ]
                },
                "east": {
                    "texture": "#forlornhopeWIP",
                    "uv": [
                        12.5,
                        45,
                        16,
                        52.5
                    ]
                },
                "south": {
                    "texture": "#forlornhopeWIP",
                    "uv": [
                        8,
                        45,
                        11.5,
                        52.5
                    ]
                },
                "west": {
                    "texture": "#forlornhopeWIP",
                    "uv": [
                        4.5,
                        45,
                        8,
                        52.5
                    ]
                },
                "up": {
                    "texture": "#forlornhopeWIP",
                    "uv": [
                        0,
                        41.5,
                        3.5,
                        45
                    ]
                },
                "down": {
                    "texture": "#forlornhopeWIP",
                    "uv": [
                        8,
                        41.5,
                        11.5,
                        45
                    ]
                }
            },
            "children": [
                {
                    "name": "ArmorAnkleL2",
                    "from": [
                        1,
                        1.9,
                        -0.2
                    ],
                    "to": [
                        4,
                        2.9,
                        3.6
                    ],
                    "autoUnwrap": false,
                    "uv": [
                        19.5,
                        59
                    ],
                    "rotationOrigin": [
                        3,
                        2.9,
                        1.7
                    ],
                    "rotationZ": 22.5,
                    "faces": {
                        "north": {
                            "texture": "#forlornhopeWIP",
                            "uv": [
                                48.5,
                                24,
                                51.5,
                                25
                            ]
                        },
                        "east": {
                            "texture": "#forlornhopeWIP",
                            "uv": [
                                51.5,
                                24,
                                55,
                                25
                            ]
                        },
                        "south": {
                            "texture": "#forlornhopeWIP",
                            "uv": [
                                55,
                                24,
                                58,
                                25
                            ]
                        },
                        "west": {
                            "texture": "#forlornhopeWIP",
                            "uv": [
                                51.5,
                                25,
                                55,
                                26
                            ]
                        },
                        "up": {
                            "texture": "#forlornhopeWIP",
                            "uv": [
                                51.5,
                                21,
                                55,
                                24
                            ],
                            "rotation": 90
                        },
                        "down": {
                            "texture": "#forlornhopeWIP",
                            "uv": [
                                51.5,
                                21,
                                55,
                                24
                            ],
                            "rotation": 270
                        }
                    },
                    "children": [
                        {
                            "name": "ArmorSpurL2",
                            "from": [
                                2.8,
                                0.1,
                                1.5
                            ],
                            "to": [
                                4.8,
                                0.9,
                                2.3
                            ],
                            "uv": [
                                17,
                                2
                            ],
                            "rotationOrigin": [
                                2.8,
                                0.4,
                                1.9
                            ],
                            "rotationZ": -22.5,
                            "faces": {
                                "north": {
                                    "texture": "#forlornhopeWIP",
                                    "uv": [
                                        17,
                                        2.5,
                                        19,
                                        3
                                    ]
                                },
                                "east": {
                                    "texture": "#forlornhopeWIP",
                                    "uv": [
                                        19,
                                        2.5,
                                        19.5,
                                        3
                                    ]
                                },
                                "south": {
                                    "texture": "#forlornhopeWIP",
                                    "uv": [
                                        19.5,
                                        2.5,
                                        21.5,
                                        3
                                    ]
                                },
                                "up": {
                                    "texture": "#forlornhopeWIP",
                                    "uv": [
                                        17,
                                        2,
                                        19,
                                        2.5
                                    ]
                                },
                                "down": {
                                    "texture": "#forlornhopeWIP",
                                    "uv": [
                                        19,
                                        2,
                                        21,
                                        2.5
                                    ]
                                }
                            }
                        }
                    ]
                },
                {
                    "name": "ArmorKneeL2",
                    "from": [
                        -0.5,
                        7,
                        0.3
                    ],
                    "to": [
                        0.5,
                        10,
                        3.3
                    ],
                    "autoUnwrap": false,
                    "uv": [
                        2.5,
                        57.5
                    ],
                    "rotationOrigin": [
                        0.5,
                        8.5,
                        1.8
                    ],
                    "rotationX": -45,
                    "faces": {
                        "north": {
                            "texture": "#forlornhopeWIP",
                            "uv": [
                                3.5,
                                58.5,
                                4.5,
                                61.5
                            ]
                        },
                        "south": {
                            "texture": "#forlornhopeWIP",
                            "uv": [
                                7.5,
                                58.5,
                                8.5,
                                61.5
                            ]
                        },
                        "west": {
                            "texture": "#forlornhopeWIP",
                            "uv": [
                                4.5,
                                58.5,
                                7.5,
                                61.5
                            ]
                        },
                        "up": {
                            "texture": "#forlornhopeWIP",
                            "uv": [
                                4.5,
                                57.5,
                                7.5,
                                58.5
                            ],
                            "rotation": 90
                        },
                        "down": {
                            "texture": "#forlornhopeWIP",
                            "uv": [
                                4.5,
                                61.5,
                                7.5,
                                62.5
                            ],
                            "rotation": 90
                        }
                    }
                },
                {
                    "name": "ArmorAnkleFrontL2",
                    "from": [
                        -1,
                        1.9,
                        -0.2
                    ],
                    "to": [
                        1,
                        2.9,
                        3.6
                    ],
                    "autoUnwrap": false,
                    "uv": [
                        4,
                        60.5
                    ],
                    "rotationOrigin": [
                        1,
                        2.9,
                        1.7
                    ],
                    "rotationZ": 22.5,
                    "faces": {
                        "north": {
                            "texture": "#forlornhopeWIP",
                            "uv": [
                                2.5,
                                56.5,
                                4.5,
                                57.5
                            ]
                        },
                        "east": {
                            "texture": "#forlornhopeWIP",
                            "uv": [
                                10,
                                56.5,
                                13.5,
                                57.5
                            ]
                        },
                        "south": {
                            "texture": "#forlornhopeWIP",
                            "uv": [
                                8,
                                56.5,
                                10,
                                57.5
                            ]
                        },
                        "west": {
                            "texture": "#forlornhopeWIP",
                            "uv": [
                                4.5,
                                56.5,
                                8,
                                57.5
                            ]
                        },
                        "up": {
                            "texture": "#forlornhopeWIP",
                            "uv": [
                                4.5,
                                54.5,
                                8,
                                56.5
                            ],
                            "rotation": 90
                        },
                        "down": {
                            "texture": "#forlornhopeWIP",
                            "uv": [
                                4.5,
                                54.5,
                                8,
                                56.5
                            ],
                            "rotation": 270
                        }
                    }
                }
            ]
        },
        {
            "name": "ArmorLowerLegR2",
            "stepParentName": "PawR",
            "from": [
                -0.3,
                -0.2,
                -0.25
            ],
            "to": [
                3.2,
                7.3,
                3.25
            ],
            "autoUnwrap": false,
            "uv": [
                16,
                44
            ],
            "rotationOrigin": [
                -0.3,
                -0.2,
                -0.4
            ],
            "faces": {
                "north": {
                    "texture": "#forlornhopeWIP",
                    "uv": [
                        16,
                        45,
                        19.5,
                        52.5
                    ]
                },
                "east": {
                    "texture": "#forlornhopeWIP",
                    "uv": [
                        28.5,
                        45,
                        32,
                        52.5
                    ]
                },
                "south": {
                    "texture": "#forlornhopeWIP",
                    "uv": [
                        24,
                        45,
                        27.5,
                        52.5
                    ]
                },
                "west": {
                    "texture": "#forlornhopeWIP",
                    "uv": [
                        20.5,
                        45,
                        24,
                        52.5
                    ]
                },
                "up": {
                    "texture": "#forlornhopeWIP",
                    "uv": [
                        16,
                        41.5,
                        19.5,
                        45
                    ]
                },
                "down": {
                    "texture": "#forlornhopeWIP",
                    "uv": [
                        24,
                        41.5,
                        27.5,
                        45
                    ]
                }
            },
            "children": [
                {
                    "name": "ArmorAnkleR2",
                    "from": [
                        0.7,
                        1.7,
                        -0.4
                    ],
                    "to": [
                        3.7,
                        2.7,
                        3.4
                    ],
                    "autoUnwrap": false,
                    "uv": [
                        3,
                        58.5
                    ],
                    "rotationOrigin": [
                        2.7,
                        2.7,
                        1.5
                    ],
                    "rotationZ": 22.5,
                    "faces": {
                        "north": {
                            "texture": "#forlornhopeWIP",
                            "uv": [
                                37,
                                24,
                                40,
                                25
                            ]
                        },
                        "east": {
                            "texture": "#forlornhopeWIP",
                            "uv": [
                                40,
                                24,
                                43.5,
                                25
                            ]
                        },
                        "south": {
                            "texture": "#forlornhopeWIP",
                            "uv": [
                                43.5,
                                24,
                                46.5,
                                25
                            ]
                        },
                        "west": {
                            "texture": "#forlornhopeWIP",
                            "uv": [
                                40,
                                25,
                                43.5,
                                26
                            ]
                        },
                        "up": {
                            "texture": "#forlornhopeWIP",
                            "uv": [
                                40,
                                21,
                                43.5,
                                24
                            ],
                            "rotation": 90
                        },
                        "down": {
                            "texture": "#forlornhopeWIP",
                            "uv": [
                                40,
                                21,
                                43.5,
                                24
                            ],
                            "rotation": 270
                        }
                    },
                    "children": [
                        {
                            "name": "ArmorSpurR2",
                            "from": [
                                2.8,
                                0.1,
                                1.4
                            ],
                            "to": [
                                4.8,
                                0.9,
                                2.2
                            ],
                            "uv": [
                                11.5,
                                2
                            ],
                            "rotationOrigin": [
                                2.8,
                                0.5,
                                1.8
                            ],
                            "rotationZ": -22.5,
                            "faces": {
                                "north": {
                                    "texture": "#forlornhopeWIP",
                                    "uv": [
                                        11.5,
                                        2.5,
                                        13.5,
                                        3
                                    ]
                                },
                                "east": {
                                    "texture": "#forlornhopeWIP",
                                    "uv": [
                                        13.5,
                                        2.5,
                                        14,
                                        3
                                    ]
                                },
                                "south": {
                                    "texture": "#forlornhopeWIP",
                                    "uv": [
                                        14,
                                        2.5,
                                        16,
                                        3
                                    ]
                                },
                                "up": {
                                    "texture": "#forlornhopeWIP",
                                    "uv": [
                                        11.5,
                                        2,
                                        13.5,
                                        2.5
                                    ]
                                },
                                "down": {
                                    "texture": "#forlornhopeWIP",
                                    "uv": [
                                        13.5,
                                        2,
                                        15.5,
                                        2.5
                                    ]
                                }
                            }
                        }
                    ]
                },
                {
                    "name": "ArmorKneeR2",
                    "from": [
                        -0.5,
                        7,
                        0.2
                    ],
                    "to": [
                        0.5,
                        10,
                        3.2
                    ],
                    "autoUnwrap": false,
                    "uv": [
                        19.5,
                        56
                    ],
                    "rotationOrigin": [
                        -0.5,
                        8.5,
                        1.7
                    ],
                    "rotationX": 45,
                    "faces": {
                        "north": {
                            "texture": "#forlornhopeWIP",
                            "uv": [
                                20,
                                58.5,
                                21,
                                61.5
                            ]
                        },
                        "south": {
                            "texture": "#forlornhopeWIP",
                            "uv": [
                                24,
                                58.5,
                                25,
                                61.5
                            ]
                        },
                        "west": {
                            "texture": "#forlornhopeWIP",
                            "uv": [
                                21,
                                58.5,
                                24,
                                61.5
                            ]
                        },
                        "up": {
                            "texture": "#forlornhopeWIP",
                            "uv": [
                                21,
                                57.5,
                                24,
                                58.5
                            ],
                            "rotation": 90
                        },
                        "down": {
                            "texture": "#forlornhopeWIP",
                            "uv": [
                                21,
                                61.5,
                                24,
                                62.5
                            ],
                            "rotation": 90
                        }
                    }
                },
                {
                    "name": "ArmorAnkleFrontR2",
                    "from": [
                        -0.9,
                        2,
                        -0.1
                    ],
                    "to": [
                        1.1,
                        3,
                        3.7
                    ],
                    "autoUnwrap": false,
                    "uv": [
                        20.5,
                        54.5
                    ],
                    "rotationOrigin": [
                        1.1,
                        3,
                        1.8
                    ],
                    "rotationZ": 22.5,
                    "faces": {
                        "north": {
                            "texture": "#forlornhopeWIP",
                            "uv": [
                                18.5,
                                56.5,
                                20.5,
                                57.5
                            ]
                        },
                        "east": {
                            "texture": "#forlornhopeWIP",
                            "uv": [
                                26,
                                56.5,
                                29.5,
                                57.5
                            ]
                        },
                        "south": {
                            "texture": "#forlornhopeWIP",
                            "uv": [
                                24,
                                56.5,
                                26,
                                57.5
                            ]
                        },
                        "west": {
                            "texture": "#forlornhopeWIP",
                            "uv": [
                                20.5,
                                56.5,
                                24,
                                57.5
                            ]
                        },
                        "up": {
                            "texture": "#forlornhopeWIP",
                            "uv": [
                                20.5,
                                54.5,
                                24,
                                56.5
                            ],
                            "rotation": 90
                        },
                        "down": {
                            "texture": "#forlornhopeWIP",
                            "uv": [
                                20.5,
                                54.5,
                                24,
                                56.5
                            ],
                            "rotation": 270
                        }
                    }
                }
            ]
        }
    ]
}