{
	code: "arrow",
	class: "ItemArrow",
	variantgroups: [
		{ code: "material", states: ["shivertooth", "crudetooth"] },
	],
	maxstacksize: 64,
	storageFlags: 513,
	shapeByType: { 
		"arrow-shivertooth": { base: "item/tool/shivertootharrow" },
		"arrow-crudetooth": { base: "item/tool/crudetootharrow" },
		"*": { base: "game:item/tool/arrow-copper" }
	},
	creativeinventory: { "general": ["*"], "items": ["*"], "tools": ["*"] },
	guiTransform: {
		rotation: { x: -23, y: -45, z: -145 },
		origin: { x: 0.7, y: -0.45, z: 0 },
		scale: 1.44
	},
	fpHandTransform: {
		translation: { x: 0.35, y: 0, z: 0 },
		rotation: { x: 87, y: 90, z: -30 },
		scale: 1.14
	},
	tpHandTransform: {
		translation: { x: -1.05, y: -0.4599, z: -0.87 },
		rotation: { x: 0, y: 2, z: 3 },
		scale: 0.55
	},
	groundTransform: {
		translation: { x: 0, y: 0, z: 0 },
		rotation: { x: 0, y: 0, z: 0 },
		origin: { x: 0.5, y: -0.03, z: 0.5 },
		scale: 2.64
	},
	attributes: {
		arrowEntityCodeByType: {
			"*": "game:arrow-copper"
		},
		damageByType: {
			"*-crudetooth": -0.75,
			"*-shivertooth": -0.5,
		},
		breakChanceOnImpactByType: {
			"*-crudetooth": 1,
			"*-shivertooth": 0.08,
		},
		handbook: {
			groupBy: ["arrow-*"]
		}
	},
}