{
    "code": "gachaloader",
    "class": "VinconGachaLoader",
    "entityClass": "BEVinconGachaLoader",
    "priorityInteract": true,
    "creativeinventory": { "vinconomy": [ "*-east" ] },
    "attributes": {
        "handbook": {
            "groupBy": [ "gacha-east" ],
            "extraSections": [
                {
                    "title": "",
                    "text": "vinconomy:handbooktext-gachaloader"
                }
            ]
        }
    },
    "behaviors": [
        {
            "name": "HorizontalOrientable",
            "properties": { "dropBlockFace": "east" }
        }
    ],
    "heldTpIdleAnimation": "holdbothhandslarge",
    "heldTpUseAnimation": "twohandplaceblock",
    "blockmaterial": "Metal",
    "variantgroups": [
        {
            "code": "side",
            "loadFromProperties": "abstract/horizontalorientation"
        }
    ],
    "guiTransform": {
        "rotation": {
            "x": -22.6,
            "y": -145,
            "z": 0
        },
        "scaleXyz": {
            "x": -1.25,
            "y": 1.25,
            "z": 1.25
        }
    },
    "tpHandTransform": {
        "translation": {
            "x": -2.2,
            "y": -1.9,
            "z": -1.1
        },
        "rotation": {
            "x": 135,
            "y": 0,
            "z": -80
        }
    },
    "shapebytype": {
        "*-north": {
            "base": "block/gachaloader",
            "rotateY": 0
        },
        "*-east": {
            "base": "block/gachaloader",
            "rotateY": 270
        },
        "*-south": {
            "base": "block/gachaloader",
            "rotateY": 180
        },
        "*-west": {
            "base": "block/gachaloader",
            "rotateY": 90
        }
    },
    "selectionBox": {
        "x1": 0,
        "y1": 0,
        "z1": 0,
        "x2": 1,
        "y2": 1,
        "z2": 0.875
    },

    "collisionboxes": [
        {
            "x1": 0,
            "y1": 0,
            "z1": 0,
            "x2": 1,
            "y2": 1,
            "z2": 0.875,
            "rotateYByType": {
                "*-north": 0,
                "*-east": 270,
                "*-west": 90,
                "*-south": 180
            }
        }
    ],

    "selectionBoxes": [
        {
            "x1": 0,
            "y1": 0,
            "z1": 0,
            "x2": 1,
            "y2": 1,
            "z2": 0.875,
            "rotateYByType": {
                "*-north": 0,
                "*-east": 270,
                "*-west": 90,
                "*-south": 180
            }
        }
    ],
    "lightAbsorption": 0,
    "sidesolid": {
        "all": "false"
    },
    "sideopaque": {
        "all": "false"
    },
    "resistance": 3.5,
    "sounds": {
        "hit": "game:block/planks",
        "break": "game:block/planks",
        "place": "game:block/planks",
        "walk": "game:walk/wood"
    }
}