[
	{
	"code": "wet-brush",
	"ingredientPattern": "P,B",
	"ingredients": {
		"P": { "type": "item", "code": "tailorsdelight:brush-dry-red" },
		"B": { "type": "block", "code": "game:bowl-*-fired" }
	},
	"attributes": { "liquidContainerProps": { "requiresContent": { "type": "item", "code": "wildcraftfruit:dye-spindle" }, "requiresLitres": 0.1 } },
	"width": 1,
	"height": 2,
	"output": { "type": "item", "code": "tailorsdelight:brush-wet-red" }
	},

	{
	"name": "wet-brush",
	"ingredientPattern": "SK,TF,B_",
	"ingredients": {
		"S": { "type": "item", "code": "game:stick" },
		"K": { "type": "item", "code": "game:knife-generic-*" },
		"T": { "type": "item", "code": "game:flaxtwine" },
		"F": { "type": "item", "code": "game:fat" },
		"B": { "type": "block", "code": "game:bowl-*-fired" }
	},
	"attributes": { "liquidContainerProps": { "requiresContent": { "type": "item", "code": "wildcraftfruit:dye-spindle" }, "requiresLitres": 0.25 } },
	"recipeGroup": 2,
	"width": 2,
	"height": 3,
	"output": { "type": "item", "code": "tailorsdelight:brush-wet-red" }
	}
]
