[
  {
    "op": "add",
    "path": "/variantgroups/0/states/-",
    "value": "humanoid-trader-antique",
    "file": "game:itemtypes/creature.json",
    "side": "Server"
  },
  {
    "op": "add",
    "path": "/variantgroups/0/states/-",
    "value": "humanoid-trader-painter",
    "file": "game:itemtypes/creature.json",
    "side": "Server"
  },
  {
    "op": "add",
    "path": "/variantgroups/0/states/-",
    "value": "humanoid-trader-clockmaker",
    "file": "game:itemtypes/creature.json",
    "side": "Server"
  },
  {
    "op": "add",
    "path": "/variantgroups/0/states/-",
    "value": "humanoid-trader-lepidopterologist",
    "file": "game:itemtypes/creature.json",
    "side": "Server"
  },
  {
    "op": "add",
    "path": "/variantgroups/0/states/-",
    "value": "humanoid-trader-sh",
    "file": "game:itemtypes/creature.json",
    "side": "Server"
  },
  {
    "op": "add",
    "path": "/variantgroups/0/states/-",
    "value": "humanoid-trader-sommelier",
    "file": "game:itemtypes/creature.json",
    "side": "Server"
  },
  {
    "op": "add",
    "path": "/variantgroups/0/states/-",
    "value": "humanoid-trader-potter",
    "file": "game:itemtypes/creature.json",
    "side": "Server"
  }
]