[
  {
    "op": "add",
    "path": "/structures/-",
    "value": {
      "code": "tradercavaran",
      "group": "trader",
      "minGroupDistance": 2000,
      "name": "Clockmaker Home",
      "chance": 0.5,
      "offsetY": -2,
	  "MaxBelowSealevel": 0,
      "schematics": [
        "overground/tradeoutposts/settlement/house-clockmaker"
      ],
      "buildProtected": true,
      "buildProtectionName": "Trader",
      "buildProtectionDesc": "Trader Perimenter",
      "replacewithblocklayers": ["soil-medium-normal", "soil-low-normal", "forestfloor-1", "soil-verylow-normal", "soil-verylow-none"],
      "postPass": true,
      "suppressTrees": true,
	  "suppressWaterfalls": true,
      "placement": "surface"
    },
    "file": "game:worldgen/structures.json",
    "side": "Server"
  },
  {
  "op": "add",
    "path": "/structures/-",
    "value": {
      "code": "tradercavaran",
      "group": "trader",
      "minGroupDistance": 2000,
      "name": "Antique Home",
      "chance": 0.5,
      "offsetY": -2,
	  "MaxBelowSealevel": 0,
      "schematics": [
        "overground/tradeoutposts/settlement/house-antique"
      ],
      "buildProtected": true,
      "buildProtectionName": "Trader",
      "buildProtectionDesc": "Trader Perimenter",
      "replacewithblocklayers": ["soil-medium-normal", "soil-low-normal", "forestfloor-1", "soil-verylow-normal", "soil-verylow-none"],
      "postPass": true,
      "suppressTrees": true,
	  "suppressWaterfalls": true,
      "placement": "surface"
    },
    "file": "game:worldgen/structures.json",
    "side": "Server"
  },
  {
  "op": "add",
    "path": "/structures/-",
    "value": {
      "code": "tradercavaran",
      "group": "trader",
      "minGroupDistance": 2000,
      "name": "Artist Home",
      "chance": 0.5,
      "offsetY": -2,
	  "MaxBelowSealevel": 0,
      "schematics": [
        "overground/tradeoutposts/settlement/house-painter"
      ],
      "buildProtected": true,
      "buildProtectionName": "Trader",
      "buildProtectionDesc": "Trader Perimenter",
       "replacewithblocklayers": ["soil-medium-normal", "soil-low-normal", "forestfloor-1", "soil-verylow-normal", "soil-verylow-none"],
      "postPass": true,
      "suppressTrees": true,
	  "suppressWaterfalls": true,
      "placement": "surface"
    },
    "file": "game:worldgen/structures.json",
    "side": "Server"
  },
  {
  "op": "add",
    "path": "/structures/-",
    "value": {
      "code": "tradercavaran",
      "group": "trader",
      "minGroupDistance": 2000,
      "name": "Lepidopterologist Home",
      "chance": 0.5,
      "offsetY": -2,
	  "MaxBelowSealevel": 0,
      "schematics": [
        "overground/tradeoutposts/settlement/house-lepidopterologist"
      ],
      "buildProtected": true,
      "buildProtectionName": "Trader",
      "buildProtectionDesc": "Trader Perimenter",
       "replacewithblocklayers": ["soil-medium-normal", "soil-low-normal", "forestfloor-1", "soil-verylow-normal", "soil-verylow-none"],
      "postPass": true,
      "suppressTrees": true,
	  "suppressWaterfalls": true,
      "placement": "surface"
    },
    "file": "game:worldgen/structures.json",
    "side": "Server"
  },
  {
  "op": "add",
    "path": "/structures/-",
    "value": {
      "code": "tradercavaran",
      "group": "trader",
      "minGroupDistance": 2000,
      "name": "Sommelier Home",
      "chance": 0.5,
      "offsetY": -2,
	  "MaxBelowSealevel": 0,
      "schematics": [
        "overground/tradeoutposts/settlement/house-sommelier"
      ],
      "buildProtected": true,
      "buildProtectionName": "Trader",
      "buildProtectionDesc": "Trader Perimenter",
      "replacewithblocklayers": ["soil-medium-normal", "soil-low-normal", "forestfloor-1", "soil-verylow-normal", "soil-verylow-none"],
      "postPass": true,
      "suppressTrees": true,
	  "suppressWaterfalls": true,
      "placement": "surface"
    },
    "file": "game:worldgen/structures.json",
    "side": "Server"
  },
  {
  "op": "add",
    "path": "/structures/-",
    "value": {
      "code": "tradercavaran",
      "group": "trader",
      "minGroupDistance": 2000,
      "name": "Sommelier Home",
      "chance": 0.5,
      "offsetY": -2,
	  "MaxBelowSealevel": 0,
      "schematics": [
        "overground/tradeoutposts/settlement/house-potter"
      ],
      "buildProtected": true,
      "buildProtectionName": "Trader",
      "buildProtectionDesc": "Trader Perimenter",
       "replacewithblocklayers": ["soil-medium-normal", "soil-low-normal", "forestfloor-1", "soil-verylow-normal", "soil-verylow-none"],
      "postPass": true,
      "suppressTrees": true,
	  "suppressWaterfalls": true,
      "placement": "surface"
    },
    "file": "game:worldgen/structures.json",
    "side": "Server"
  }
]