[
    {
        "op": "addmerge",
        "path": "/behaviors",
        "value": [
            {
                "name": "Flags.BannerContainableInteractions",
                "properties": { "enabledByType": { "*-head-*": true } }
            }
        ],
        "file": "vanvar:blocktypes/wood/bed.json",
        "side": "Server"
    },
    {
        "op": "addmerge",
        "path": "/entityBehaviorsByType",
        "value": {
            "*-head-*": [
                {
                    "name": "Flags.BannerContainable",
                    "properties": {
                        // "NORTH": 0,
                        // "EAST": 1,
                        // "SOUTH": 2,
                        // "WEST": 3,
                        // "UP": 4,
                        // "DOWN": 5,
                        "excludeFaces": [0, 1, 2, 3, 5],
                        "shapeKey": "bed-vanilla-wood",
                        "rotationsByFace": {
                            "up": {
                                "yByType": {
                                    "*-north": 180,
                                    "*-east": 90,
                                    "*-south": 0,
                                    "*-west": 270
                                }
                            }
                        }
                    }
                }
            ]
        },
        "file": "vanvar:blocktypes/wood/bed.json",
        "side": "Server"
    }
]
