{
	"editor": {
		"backDropShape": "entity/humanoid/seraph-hairless",
		"collapsedPaths": "Root/origin",
		"allAngles": true,
		"entityTextureMode": false
	},
	"textureWidth": 16,
	"textureHeight": 16,
	"textureSizes": {
	},
	"textures": {
	},
	"elements": [
		{
			"name": "origin",
			"stepParentName": "Head",
			"from": [ -0.3, 1.2, 1.725 ],
			"to": [ -0.3, 1.2, 1.725 ],
			"rotationOrigin": [ -0.3, 1.2, 1.725 ],
			"rotationZ": 3.0,
			"faces": {
			},
			"children": [
				{
					"name": "L side",
					"from": [ -0.6, 0.0, -1.725 ],
					"to": [ -0.225, 1.875, 0.15 ],
					"rotationOrigin": [ -0.6, 0.0, 0.15 ],
					"rotationY": -20.0,
					"faces": {
						"north": { "texture": "#cat-mask", "uv": [ 0.0, 0.0, 0.5, 2.5 ], "autoUv": false },
						"east": { "texture": "#cat-mask", "uv": [ 5.5, 2.0, 8.0, 4.5 ], "autoUv": false },
						"south": { "texture": "#cat-mask", "uv": [ 0.0, 0.0, 0.5, 2.5 ], "autoUv": false },
						"west": { "texture": "#cat-mask", "uv": [ 5.0, 2.0, 7.5, 4.5 ], "autoUv": false },
						"up": { "texture": "#cat-mask", "uv": [ 0.0, 0.0, 0.5, 2.5 ], "autoUv": false },
						"down": { "texture": "#cat-mask", "uv": [ 0.0, 0.0, 0.5, 2.5 ], "autoUv": false }
					},
					"children": [
						{
							"name": "L string",
							"from": [ 0.0, 0.75, -0.375 ],
							"to": [ 4.425, 1.125, 0.0 ],
							"rotationOrigin": [ 0.0, 1.125, -0.375 ],
							"rotationY": 18.0,
							"rotationZ": -1.0,
							"faces": {
								"north": { "texture": "#cat-mask", "uv": [ 0.0, 0.0, 5.5, 0.5 ], "autoUv": false },
								"east": { "texture": "#cat-mask", "uv": [ 0.0, 0.0, 0.5, 0.5 ], "autoUv": false },
								"south": { "texture": "#cat-mask", "uv": [ 0.0, 0.0, 5.5, 0.5 ], "autoUv": false },
								"west": { "texture": "#cat-mask", "uv": [ 0.0, 0.0, 0.5, 0.5 ], "autoUv": false },
								"up": { "texture": "#cat-mask", "uv": [ 0.0, 0.0, 5.5, 0.5 ], "autoUv": false },
								"down": { "texture": "#cat-mask", "uv": [ 0.0, 0.0, 5.5, 0.5 ], "autoUv": false }
							}
						},
						{
							"name": "L Ear base",
							"from": [ 0.075, 1.35, 0.75 ],
							"to": [ 0.45, 2.1, 1.5 ],
							"rotationOrigin": [ 0.075, 1.35, 0.75 ],
							"rotationX": -20.0,
							"faces": {
								"north": { "texture": "#cat-mask", "uv": [ 5.5, 0.0, 6.0, 1.0 ], "autoUv": false },
								"east": { "texture": "#cat-mask", "uv": [ 6.0, 0.0, 7.0, 1.0 ], "autoUv": false },
								"south": { "texture": "#cat-mask", "uv": [ 12.0, 12.0, 12.5, 13.0 ], "autoUv": false },
								"west": { "texture": "#cat-mask", "uv": [ 5.0, 3.0, 6.0, 4.0 ], "autoUv": false },
								"up": { "texture": "#cat-mask", "uv": [ 0.0, 0.0, 0.5, 1.0 ], "autoUv": false },
								"down": { "texture": "#cat-mask", "uv": [ 0.0, 0.0, 0.5, 1.0 ], "autoUv": false }
							},
							"children": [
								{
									"name": "L Ear base12",
									"from": [ 0.0, 0.0, -0.375 ],
									"to": [ 0.375, 1.125, 0.0 ],
									"rotationOrigin": [ 0.0, 0.0, 0.0 ],
									"rotationX": 7.0,
									"rotationY": -1.0,
									"faces": {
										"north": { "texture": "#cat-mask", "uv": [ 0.0, 0.0, 0.5, 1.5 ], "autoUv": false },
										"east": { "texture": "#cat-mask", "uv": [ 0.0, 0.0, 0.5, 1.5 ], "autoUv": false },
										"south": { "texture": "#cat-mask", "uv": [ 0.0, 0.0, 0.5, 1.5 ], "autoUv": false },
										"west": { "texture": "#cat-mask", "uv": [ 5.0, 3.0, 5.5, 4.5 ], "autoUv": false },
										"up": { "texture": "#cat-mask", "uv": [ 0.0, 0.0, 0.5, 0.5 ], "autoUv": false },
										"down": { "texture": "#cat-mask", "uv": [ 0.0, 0.0, 0.5, 0.5 ], "autoUv": false }
									}
								}
							]
						},
						{
							"name": "Cube19",
							"from": [ 0.0, 0.0, -0.375 ],
							"to": [ 0.375, 1.125, 0.0 ],
							"faces": {
								"north": { "texture": "#cat-mask", "uv": [ 12.5, 12.0, 13.0, 13.5 ], "autoUv": false },
								"east": { "texture": "#cat-mask", "uv": [ 12.0, 12.5, 12.5, 14.0 ], "autoUv": false },
								"south": { "texture": "#cat-mask", "uv": [ 12.0, 12.0, 12.5, 13.5 ], "autoUv": false },
								"west": { "texture": "#cat-mask", "uv": [ 15.0, 13.0, 15.5, 14.5 ], "autoUv": false },
								"up": { "texture": "#cat-mask", "uv": [ 14.0, 12.5, 14.5, 13.0 ], "autoUv": false },
								"down": { "texture": "#cat-mask", "uv": [ 13.5, 12.0, 14.0, 12.5 ], "autoUv": false }
							}
						}
					]
				},
				{
					"name": "R side",
					"from": [ -0.6, 0.0, 0.15 ],
					"to": [ -0.225, 1.875, 2.025 ],
					"rotationOrigin": [ -0.6, 0.0, 0.15 ],
					"rotationY": 20.0,
					"faces": {
						"north": { "texture": "#cat-mask", "uv": [ 0.0, 0.0, 0.5, 2.5 ], "autoUv": false },
						"east": { "texture": "#cat-mask", "uv": [ 7.0, 2.0, 9.5, 4.5 ], "autoUv": false },
						"south": { "texture": "#cat-mask", "uv": [ 11.5, 0.5, 12.0, 3.0 ], "autoUv": false },
						"west": { "texture": "#cat-mask", "uv": [ 7.5, 2.0, 10.0, 4.5 ], "autoUv": false },
						"up": { "texture": "#cat-mask", "uv": [ 0.0, 0.0, 0.5, 2.5 ], "autoUv": false },
						"down": { "texture": "#cat-mask", "uv": [ 0.0, 0.0, 0.5, 2.5 ], "autoUv": false }
					},
					"children": [
						{
							"name": "R string",
							"from": [ 0.075, 0.75, 1.875 ],
							"to": [ 4.425, 1.125, 2.25 ],
							"rotationOrigin": [ 0.075, 1.125, 2.175 ],
							"rotationY": -18.0,
							"rotationZ": -1.0,
							"faces": {
								"north": { "texture": "#cat-mask", "uv": [ 0.0, 0.0, 5.5, 0.5 ], "autoUv": false },
								"east": { "texture": "#cat-mask", "uv": [ 0.0, 0.0, 0.5, 0.5 ], "autoUv": false },
								"south": { "texture": "#cat-mask", "uv": [ 0.0, 0.0, 5.5, 0.5 ], "autoUv": false },
								"west": { "texture": "#cat-mask", "uv": [ 0.0, 0.0, 0.5, 0.5 ], "autoUv": false },
								"up": { "texture": "#cat-mask", "uv": [ 0.0, 0.0, 5.5, 0.5 ], "autoUv": false },
								"down": { "texture": "#cat-mask", "uv": [ 0.0, 0.0, 5.5, 0.5 ], "autoUv": false }
							}
						},
						{
							"name": "R Ear base16",
							"from": [ 0.075, 1.35, 0.375 ],
							"to": [ 0.45, 2.85, 1.125 ],
							"rotationOrigin": [ 0.075, 1.35, 1.125 ],
							"rotationX": 20.0,
							"faces": {
								"north": { "texture": "#cat-mask", "uv": [ 14.5, 13.0, 15.0, 15.0 ], "autoUv": false },
								"east": { "texture": "#cat-mask", "uv": [ 0.0, 0.0, 1.0, 2.0 ], "autoUv": false },
								"south": { "texture": "#cat-mask", "uv": [ 0.0, 0.0, 0.5, 2.0 ], "autoUv": false },
								"west": { "texture": "#cat-mask", "uv": [ 9.0, 3.0, 10.0, 5.0 ], "autoUv": false },
								"up": { "texture": "#cat-mask", "uv": [ 0.0, 0.0, 0.5, 1.0 ], "autoUv": false },
								"down": { "texture": "#cat-mask", "uv": [ 0.0, 0.0, 0.5, 1.0 ], "autoUv": false }
							},
							"children": [
								{
									"name": "R Ear base17",
									"from": [ 0.0075, 0.0, -0.375 ],
									"to": [ 0.3825, 1.125, 0.0 ],
									"rotationOrigin": [ 0.0, 0.0, 0.0 ],
									"rotationX": 6.0,
									"faces": {
										"north": { "texture": "#cat-mask", "uv": [ 0.0, 0.0, 0.5, 1.5 ], "autoUv": false },
										"east": { "texture": "#cat-mask", "uv": [ 0.0, 0.0, 0.5, 1.5 ], "autoUv": false },
										"south": { "texture": "#cat-mask", "uv": [ 0.0, 0.0, 0.5, 1.5 ], "autoUv": false },
										"west": { "texture": "#cat-mask", "uv": [ 0.0, 0.0, 0.5, 1.5 ], "autoUv": false },
										"up": { "texture": "#cat-mask", "uv": [ 0.0, 0.0, 0.5, 0.5 ], "autoUv": false },
										"down": { "texture": "#cat-mask", "uv": [ 0.0, 0.0, 0.5, 0.5 ], "autoUv": false }
									}
								},
								{
									"name": "R Ear base18",
									"from": [ 0.0075, 0.0, 0.75 ],
									"to": [ 0.3825, 1.125, 1.125 ],
									"rotationOrigin": [ 0.0, 0.0, 0.75 ],
									"rotationX": -7.0,
									"rotationY": 1.0,
									"faces": {
										"north": { "texture": "#cat-mask", "uv": [ 0.0, 0.0, 0.5, 1.5 ], "autoUv": false },
										"east": { "texture": "#cat-mask", "uv": [ 0.0, 0.0, 0.5, 1.5 ], "autoUv": false },
										"south": { "texture": "#cat-mask", "uv": [ 0.0, 0.0, 0.5, 1.5 ], "autoUv": false },
										"west": { "texture": "#cat-mask", "uv": [ 9.5, 3.0, 10.0, 4.5 ], "autoUv": false },
										"up": { "texture": "#cat-mask", "uv": [ 0.0, 0.0, 0.5, 0.5 ], "autoUv": false },
										"down": { "texture": "#cat-mask", "uv": [ 0.0, 0.0, 0.5, 0.5 ], "autoUv": false }
									}
								}
							]
						},
						{
							"name": "Cube20",
							"from": [ 0.0, 0.0, 1.875 ],
							"to": [ 0.375, 1.125, 2.25 ],
							"rotationOrigin": [ 0.0, 0.0, 1.875 ],
							"faces": {
								"north": { "texture": "#cat-mask", "uv": [ 12.5, 12.0, 13.0, 13.5 ], "autoUv": false },
								"east": { "texture": "#cat-mask", "uv": [ 12.5, 11.5, 13.0, 13.0 ], "autoUv": false },
								"south": { "texture": "#cat-mask", "uv": [ 13.0, 13.0, 13.5, 14.5 ], "autoUv": false },
								"west": { "texture": "#cat-mask", "uv": [ 10.0, 3.5, 10.5, 5.0 ], "autoUv": false },
								"up": { "texture": "#cat-mask", "uv": [ 14.0, 13.5, 14.5, 14.0 ], "autoUv": false },
								"down": { "texture": "#cat-mask", "uv": [ 12.5, 12.0, 13.0, 12.5 ], "autoUv": false }
							}
						}
					]
				},
				{
					"name": "L bottom tile",
					"from": [ -0.525, -0.225, -1.425 ],
					"to": [ -0.15, 0.15, 0.075 ],
					"rotationOrigin": [ -0.525, -0.225, 0.075 ],
					"rotationX": -6.0,
					"rotationY": -20.0,
					"faces": {
						"north": { "texture": "#cat-mask", "uv": [ 0.0, 0.0, 0.5, 0.5 ], "autoUv": false },
						"east": { "texture": "#cat-mask", "uv": [ 0.0, 0.0, 2.0, 0.5 ], "autoUv": false },
						"south": { "texture": "#cat-mask", "uv": [ 7.0, 4.5, 7.5, 5.0 ], "autoUv": false },
						"west": { "texture": "#cat-mask", "uv": [ 5.5, 4.5, 7.5, 5.0 ], "autoUv": false },
						"up": { "texture": "#cat-mask", "uv": [ 0.0, 0.0, 0.5, 2.0 ], "autoUv": false },
						"down": { "texture": "#cat-mask", "uv": [ 0.0, 0.0, 0.5, 2.0 ], "autoUv": false }
					},
					"children": [
						{
							"name": "L bottom tile14",
							"from": [ 0.15, -0.3, 0.375 ],
							"to": [ 0.525, 0.075, 1.5 ],
							"rotationOrigin": [ 0.15, -0.3, 1.5 ],
							"rotationX": -18.0,
							"faces": {
								"north": { "texture": "#cat-mask", "uv": [ 0.0, 0.0, 0.5, 0.5 ], "autoUv": false },
								"east": { "texture": "#cat-mask", "uv": [ 0.0, 0.0, 1.5, 0.5 ], "autoUv": false },
								"south": { "texture": "#cat-mask", "uv": [ 0.0, 0.0, 0.5, 0.5 ], "autoUv": false },
								"west": { "texture": "#cat-mask", "uv": [ 6.0, 5.0, 7.5, 5.5 ], "autoUv": false },
								"up": { "texture": "#cat-mask", "uv": [ 0.0, 0.0, 0.5, 1.5 ], "autoUv": false },
								"down": { "texture": "#cat-mask", "uv": [ 0.0, 0.0, 0.5, 1.5 ], "autoUv": false }
							}
						}
					]
				},
				{
					"name": "R bottom tile",
					"from": [ -0.525, -0.225, 0.225 ],
					"to": [ -0.15, 0.15, 1.725 ],
					"rotationOrigin": [ -0.525, -0.225, 0.225 ],
					"rotationX": 6.0,
					"rotationY": 20.0,
					"faces": {
						"north": { "texture": "#cat-mask", "uv": [ 7.5, 4.5, 8.0, 5.0 ], "autoUv": false },
						"east": { "texture": "#cat-mask", "uv": [ 0.0, 0.0, 2.0, 0.5 ], "autoUv": false },
						"south": { "texture": "#cat-mask", "uv": [ 0.0, 0.0, 0.5, 0.5 ], "autoUv": false },
						"west": { "texture": "#cat-mask", "uv": [ 7.5, 4.5, 9.5, 5.0 ], "autoUv": false },
						"up": { "texture": "#cat-mask", "uv": [ 0.0, 0.0, 0.5, 2.0 ], "autoUv": false },
						"down": { "texture": "#cat-mask", "uv": [ 0.0, 0.0, 0.5, 2.0 ], "autoUv": false }
					},
					"children": [
						{
							"name": "R bottom tile15",
							"from": [ 0.15, -0.3, 0.0 ],
							"to": [ 0.525, 0.075, 1.125 ],
							"rotationOrigin": [ 0.15, -0.3, 0.0 ],
							"rotationX": 5.0,
							"faces": {
								"north": { "texture": "#cat-mask", "uv": [ 0.0, 0.0, 0.5, 0.5 ], "autoUv": false },
								"east": { "texture": "#cat-mask", "uv": [ 0.0, 0.0, 1.5, 0.5 ], "autoUv": false },
								"south": { "texture": "#cat-mask", "uv": [ 0.0, 0.0, 0.5, 0.5 ], "autoUv": false },
								"west": { "texture": "#cat-mask", "uv": [ 7.5, 5.0, 9.0, 5.5 ], "autoUv": false },
								"up": { "texture": "#cat-mask", "uv": [ 0.0, 0.0, 0.5, 1.5 ], "autoUv": false },
								"down": { "texture": "#cat-mask", "uv": [ 0.0, 0.0, 0.5, 1.5 ], "autoUv": false }
							}
						}
					]
				},
				{
					"name": "string back",
					"from": [ 4.2, 0.675, -1.725 ],
					"to": [ 4.575, 1.05, 2.025 ],
					"rotationOrigin": [ 4.2, 1.05, 0.075 ],
					"rotationZ": 1.0,
					"faces": {
						"north": { "texture": "#cat-mask", "uv": [ 0.0, 0.0, 0.5, 0.5 ], "autoUv": false },
						"east": { "texture": "#cat-mask", "uv": [ 0.0, 0.0, 5.0, 0.5 ], "autoUv": false },
						"south": { "texture": "#cat-mask", "uv": [ 0.0, 0.0, 0.5, 0.5 ], "autoUv": false },
						"west": { "texture": "#cat-mask", "uv": [ 0.0, 0.0, 5.0, 0.5 ], "autoUv": false },
						"up": { "texture": "#cat-mask", "uv": [ 0.0, 0.0, 0.5, 5.0 ], "autoUv": false },
						"down": { "texture": "#cat-mask", "uv": [ 0.0, 0.0, 0.5, 5.0 ], "autoUv": false }
					}
				},
				{
					"name": "nose",
					"from": [ -0.6, -0.525, -0.075 ],
					"to": [ -0.225, -0.075, 0.375 ],
					"rotationOrigin": [ -0.6, -0.525, 0.3 ],
					"faces": {
						"north": { "texture": "#cat-mask", "uv": [ 7.0, 4.5, 7.5, 5.0 ], "autoUv": false },
						"east": { "texture": "#cat-mask", "uv": [ 7.0, 4.5, 7.5, 5.0 ], "autoUv": false },
						"south": { "texture": "#cat-mask", "uv": [ 7.0, 4.5, 7.5, 5.0 ], "autoUv": false },
						"west": { "texture": "#cat-mask", "uv": [ 7.0, 4.5, 7.5, 5.0 ], "autoUv": false },
						"up": { "texture": "#cat-mask", "uv": [ 7.0, 4.5, 7.5, 5.0 ], "rotation": 90, "autoUv": false },
						"down": { "texture": "#cat-mask", "uv": [ 7.0, 4.5, 7.5, 5.0 ], "rotation": 90, "autoUv": false }
					},
					"children": [
						{
							"name": "whisker 1",
							"from": [ 0.075, 0.225, 0.3 ],
							"to": [ 0.15, 0.375, 1.05 ],
							"rotationOrigin": [ 0.075, 0.225, 0.3 ],
							"rotationX": 21.0,
							"faces": {
								"north": { "texture": "#cat-mask", "uv": [ 0.5, 15.5, 1.0, 16.0 ], "autoUv": false },
								"east": { "texture": "#cat-mask", "uv": [ 0.5, 15.0, 1.5, 15.5 ], "autoUv": false },
								"south": { "texture": "#cat-mask", "uv": [ 2.0, 15.0, 2.5, 15.5 ], "autoUv": false },
								"west": { "texture": "#cat-mask", "uv": [ 1.5, 15.5, 2.5, 16.0 ], "autoUv": false },
								"up": { "texture": "#cat-mask", "uv": [ 1.0, 15.5, 2.0, 16.0 ], "rotation": 90, "autoUv": false },
								"down": { "texture": "#cat-mask", "uv": [ 2.5, 15.0, 3.5, 15.5 ], "rotation": 90, "autoUv": false }
							},
							"children": [
								{
									"name": "whisker 23",
									"from": [ 0.0, 0.0, 0.675 ],
									"to": [ 0.075, 0.15, 1.425 ],
									"rotationOrigin": [ 0.0, 0.0, 0.675 ],
									"rotationX": 37.0,
									"faces": {
										"north": { "texture": "#cat-mask", "uv": [ 0.5, 15.5, 1.0, 16.0 ], "autoUv": false },
										"east": { "texture": "#cat-mask", "uv": [ 0.5, 15.0, 1.5, 15.5 ], "autoUv": false },
										"south": { "texture": "#cat-mask", "uv": [ 2.0, 15.0, 2.5, 15.5 ], "autoUv": false },
										"west": { "texture": "#cat-mask", "uv": [ 1.5, 15.5, 2.5, 16.0 ], "autoUv": false },
										"up": { "texture": "#cat-mask", "uv": [ 1.0, 15.5, 2.0, 16.0 ], "rotation": 90, "autoUv": false },
										"down": { "texture": "#cat-mask", "uv": [ 2.5, 15.0, 3.5, 15.5 ], "rotation": 90, "autoUv": false }
									},
									"children": [
										{
											"name": "whisker 24",
											"from": [ 0.0, 0.0, 0.75 ],
											"to": [ 0.075, 0.15, 1.5 ],
											"rotationOrigin": [ 0.0, 0.0, 0.75 ],
											"rotationX": -24.0,
											"faces": {
												"north": { "texture": "#cat-mask", "uv": [ 0.5, 15.5, 1.0, 16.0 ], "autoUv": false },
												"east": { "texture": "#cat-mask", "uv": [ 0.5, 15.0, 1.5, 15.5 ], "autoUv": false },
												"south": { "texture": "#cat-mask", "uv": [ 2.0, 15.0, 2.5, 15.5 ], "autoUv": false },
												"west": { "texture": "#cat-mask", "uv": [ 1.5, 15.5, 2.5, 16.0 ], "autoUv": false },
												"up": { "texture": "#cat-mask", "uv": [ 1.0, 15.5, 2.0, 16.0 ], "rotation": 90, "autoUv": false },
												"down": { "texture": "#cat-mask", "uv": [ 2.5, 15.0, 3.5, 15.5 ], "rotation": 90, "autoUv": false }
											}
										}
									]
								}
							]
						},
						{
							"name": "whisker 2",
							"from": [ 0.075, 0.075, 0.3 ],
							"to": [ 0.15, 0.225, 1.05 ],
							"rotationOrigin": [ 0.075, 0.075, 0.3 ],
							"rotationX": -42.0,
							"rotationZ": -8.0,
							"faces": {
								"north": { "texture": "#cat-mask", "uv": [ 0.5, 15.5, 1.0, 16.0 ], "autoUv": false },
								"east": { "texture": "#cat-mask", "uv": [ 0.5, 15.0, 1.5, 15.5 ], "autoUv": false },
								"south": { "texture": "#cat-mask", "uv": [ 2.0, 15.0, 2.5, 15.5 ], "autoUv": false },
								"west": { "texture": "#cat-mask", "uv": [ 1.5, 15.5, 2.5, 16.0 ], "autoUv": false },
								"up": { "texture": "#cat-mask", "uv": [ 1.0, 15.5, 2.0, 16.0 ], "rotation": 90, "autoUv": false },
								"down": { "texture": "#cat-mask", "uv": [ 2.5, 15.0, 3.5, 15.5 ], "rotation": 90, "autoUv": false }
							},
							"children": [
								{
									"name": "whisker 26",
									"from": [ 0.0, 0.075, 0.675 ],
									"to": [ 0.075, 0.225, 1.425 ],
									"rotationOrigin": [ 0.0, 0.075, 0.675 ],
									"rotationX": 83.0,
									"faces": {
										"north": { "texture": "#cat-mask", "uv": [ 0.5, 15.5, 1.0, 16.0 ], "autoUv": false },
										"east": { "texture": "#cat-mask", "uv": [ 0.5, 15.0, 1.5, 15.5 ], "autoUv": false },
										"south": { "texture": "#cat-mask", "uv": [ 2.0, 15.0, 2.5, 15.5 ], "autoUv": false },
										"west": { "texture": "#cat-mask", "uv": [ 1.5, 15.5, 2.5, 16.0 ], "autoUv": false },
										"up": { "texture": "#cat-mask", "uv": [ 1.0, 15.5, 2.0, 16.0 ], "rotation": 90, "autoUv": false },
										"down": { "texture": "#cat-mask", "uv": [ 2.5, 15.0, 3.5, 15.5 ], "rotation": 90, "autoUv": false }
									},
									"children": [
										{
											"name": "whisker 27",
											"from": [ 0.0, 0.0, 0.675 ],
											"to": [ 0.075, 0.15, 1.425 ],
											"rotationOrigin": [ 0.0, 0.0, 0.675 ],
											"rotationX": 30.0,
											"faces": {
												"north": { "texture": "#cat-mask", "uv": [ 0.5, 15.5, 1.0, 16.0 ], "autoUv": false },
												"east": { "texture": "#cat-mask", "uv": [ 0.5, 15.0, 1.5, 15.5 ], "autoUv": false },
												"south": { "texture": "#cat-mask", "uv": [ 2.0, 15.0, 2.5, 15.5 ], "autoUv": false },
												"west": { "texture": "#cat-mask", "uv": [ 1.5, 15.5, 2.5, 16.0 ], "autoUv": false },
												"up": { "texture": "#cat-mask", "uv": [ 1.0, 15.5, 2.0, 16.0 ], "rotation": 90, "autoUv": false },
												"down": { "texture": "#cat-mask", "uv": [ 2.5, 15.0, 3.5, 15.5 ], "rotation": 90, "autoUv": false }
											}
										}
									]
								}
							]
						},
						{
							"name": "whisker 3",
							"from": [ 0.075, 0.075, 0.375 ],
							"to": [ 0.15, 0.225, 1.125 ],
							"rotationOrigin": [ 0.075, 0.075, 0.375 ],
							"rotationX": 75.0,
							"faces": {
								"north": { "texture": "#cat-mask", "uv": [ 0.5, 15.5, 1.0, 16.0 ], "autoUv": false },
								"east": { "texture": "#cat-mask", "uv": [ 0.5, 15.0, 1.5, 15.5 ], "autoUv": false },
								"south": { "texture": "#cat-mask", "uv": [ 2.0, 15.0, 2.5, 15.5 ], "autoUv": false },
								"west": { "texture": "#cat-mask", "uv": [ 1.5, 15.5, 2.5, 16.0 ], "autoUv": false },
								"up": { "texture": "#cat-mask", "uv": [ 1.0, 15.5, 2.0, 16.0 ], "rotation": 90, "autoUv": false },
								"down": { "texture": "#cat-mask", "uv": [ 2.5, 15.0, 3.5, 15.5 ], "rotation": 90, "autoUv": false }
							},
							"children": [
								{
									"name": "whisker 29",
									"from": [ 0.0, 0.0, 0.675 ],
									"to": [ 0.075, 0.15, 1.425 ],
									"rotationOrigin": [ 0.0, 0.0, 0.675 ],
									"rotationX": 25.0,
									"faces": {
										"north": { "texture": "#cat-mask", "uv": [ 0.5, 15.5, 1.0, 16.0 ], "autoUv": false },
										"east": { "texture": "#cat-mask", "uv": [ 0.5, 15.0, 1.5, 15.5 ], "autoUv": false },
										"south": { "texture": "#cat-mask", "uv": [ 2.0, 15.0, 2.5, 15.5 ], "autoUv": false },
										"west": { "texture": "#cat-mask", "uv": [ 1.5, 15.5, 2.5, 16.0 ], "autoUv": false },
										"up": { "texture": "#cat-mask", "uv": [ 1.0, 15.5, 2.0, 16.0 ], "rotation": 90, "autoUv": false },
										"down": { "texture": "#cat-mask", "uv": [ 2.5, 15.0, 3.5, 15.5 ], "rotation": 90, "autoUv": false }
									}
								}
							]
						},
						{
							"name": "whisker 4",
							"from": [ 0.075, 0.075, -0.6 ],
							"to": [ 0.15, 0.225, 0.15 ],
							"rotationOrigin": [ 0.075, 0.075, 0.15 ],
							"rotationX": -72.0,
							"faces": {
								"north": { "texture": "#cat-mask", "uv": [ 0.5, 15.5, 1.0, 16.0 ], "autoUv": false },
								"east": { "texture": "#cat-mask", "uv": [ 0.5, 15.0, 1.5, 15.5 ], "autoUv": false },
								"south": { "texture": "#cat-mask", "uv": [ 2.0, 15.0, 2.5, 15.5 ], "autoUv": false },
								"west": { "texture": "#cat-mask", "uv": [ 1.5, 15.5, 2.5, 16.0 ], "autoUv": false },
								"up": { "texture": "#cat-mask", "uv": [ 1.0, 15.5, 2.0, 16.0 ], "rotation": 90, "autoUv": false },
								"down": { "texture": "#cat-mask", "uv": [ 2.5, 15.0, 3.5, 15.5 ], "rotation": 90, "autoUv": false }
							},
							"children": [
								{
									"name": "whisker 32",
									"from": [ 0.0, 0.0, -0.6 ],
									"to": [ 0.075, 0.15, 0.15 ],
									"rotationOrigin": [ 0.0, 0.0, 0.15 ],
									"rotationX": -39.0,
									"faces": {
										"north": { "texture": "#cat-mask", "uv": [ 0.5, 15.5, 1.0, 16.0 ], "autoUv": false },
										"east": { "texture": "#cat-mask", "uv": [ 0.5, 15.0, 1.5, 15.5 ], "autoUv": false },
										"south": { "texture": "#cat-mask", "uv": [ 2.0, 15.0, 2.5, 15.5 ], "autoUv": false },
										"west": { "texture": "#cat-mask", "uv": [ 1.5, 15.5, 2.5, 16.0 ], "autoUv": false },
										"up": { "texture": "#cat-mask", "uv": [ 1.0, 15.5, 2.0, 16.0 ], "rotation": 90, "autoUv": false },
										"down": { "texture": "#cat-mask", "uv": [ 2.5, 15.0, 3.5, 15.5 ], "rotation": 90, "autoUv": false }
									},
									"children": [
										{
											"name": "whisker 33",
											"from": [ 0.0, 0.0, -0.675 ],
											"to": [ 0.075, 0.15, 0.075 ],
											"rotationOrigin": [ 0.0, 0.0, 0.075 ],
											"rotationX": 11.0,
											"faces": {
												"north": { "texture": "#cat-mask", "uv": [ 0.5, 15.5, 1.0, 16.0 ], "autoUv": false },
												"east": { "texture": "#cat-mask", "uv": [ 0.5, 15.0, 1.5, 15.5 ], "autoUv": false },
												"south": { "texture": "#cat-mask", "uv": [ 2.0, 15.0, 2.5, 15.5 ], "autoUv": false },
												"west": { "texture": "#cat-mask", "uv": [ 1.5, 15.5, 2.5, 16.0 ], "autoUv": false },
												"up": { "texture": "#cat-mask", "uv": [ 1.0, 15.5, 2.0, 16.0 ], "rotation": 90, "autoUv": false },
												"down": { "texture": "#cat-mask", "uv": [ 2.5, 15.0, 3.5, 15.5 ], "rotation": 90, "autoUv": false }
											}
										}
									]
								}
							]
						},
						{
							"name": "whisker 5",
							"from": [ 0.15, 0.375, -0.525 ],
							"to": [ 0.225, 0.525, 0.225 ],
							"rotationOrigin": [ 0.15, 0.375, 0.225 ],
							"rotationX": -89.0,
							"faces": {
								"north": { "texture": "#cat-mask", "uv": [ 0.5, 15.5, 1.0, 16.0 ], "autoUv": false },
								"east": { "texture": "#cat-mask", "uv": [ 0.5, 15.0, 1.5, 15.5 ], "autoUv": false },
								"south": { "texture": "#cat-mask", "uv": [ 2.0, 15.0, 2.5, 15.5 ], "autoUv": false },
								"west": { "texture": "#cat-mask", "uv": [ 1.5, 15.5, 2.5, 16.0 ], "autoUv": false },
								"up": { "texture": "#cat-mask", "uv": [ 1.0, 15.5, 2.0, 16.0 ], "rotation": 90, "autoUv": false },
								"down": { "texture": "#cat-mask", "uv": [ 2.5, 15.0, 3.5, 15.5 ], "rotation": 90, "autoUv": false }
							},
							"children": [
								{
									"name": "whisker 34",
									"from": [ 0.0, 0.0, -0.675 ],
									"to": [ 0.075, 0.15, 0.075 ],
									"rotationOrigin": [ 0.0, 0.0, 0.075 ],
									"rotationX": 11.0,
									"rotationY": -19.0,
									"faces": {
										"north": { "texture": "#cat-mask", "uv": [ 0.5, 15.5, 1.0, 16.0 ], "autoUv": false },
										"east": { "texture": "#cat-mask", "uv": [ 0.5, 15.0, 1.5, 15.5 ], "autoUv": false },
										"south": { "texture": "#cat-mask", "uv": [ 2.0, 15.0, 2.5, 15.5 ], "autoUv": false },
										"west": { "texture": "#cat-mask", "uv": [ 1.5, 15.5, 2.5, 16.0 ], "autoUv": false },
										"up": { "texture": "#cat-mask", "uv": [ 1.0, 15.5, 2.0, 16.0 ], "rotation": 90, "autoUv": false },
										"down": { "texture": "#cat-mask", "uv": [ 2.5, 15.0, 3.5, 15.5 ], "rotation": 90, "autoUv": false }
									},
									"children": [
										{
											"name": "whisker 35",
											"from": [ 0.0, 0.0, -0.3 ],
											"to": [ 0.075, 0.15, 0.075 ],
											"rotationOrigin": [ 0.0, 0.0, 0.075 ],
											"rotationY": 17.0,
											"faces": {
												"north": { "texture": "#cat-mask", "uv": [ 0.5, 15.5, 1.0, 16.0 ], "autoUv": false },
												"east": { "texture": "#cat-mask", "uv": [ 0.5, 15.0, 1.0, 15.5 ], "autoUv": false },
												"south": { "texture": "#cat-mask", "uv": [ 2.0, 15.0, 2.5, 15.5 ], "autoUv": false },
												"west": { "texture": "#cat-mask", "uv": [ 1.5, 15.5, 2.0, 16.0 ], "autoUv": false },
												"up": { "texture": "#cat-mask", "uv": [ 1.0, 15.5, 1.5, 16.0 ], "rotation": 90, "autoUv": false },
												"down": { "texture": "#cat-mask", "uv": [ 2.5, 15.0, 3.0, 15.5 ], "rotation": 90, "autoUv": false }
											}
										}
									]
								}
							]
						}
					]
				}
			]
		}
	]}