{
	"editor": {
		"backDropShape": "entity/humanoid/seraph-hairless",
		"collapsedPaths": "Root/origin,Root/head cover top",
		"allAngles": true,
		"entityTextureMode": false
	},
	"textureWidth": 16,
	"textureHeight": 16,
	"textureSizes": {
	},
	"textures": {
	},
	"elements": [
		{
			"name": "origin",
			"stepParentName": "Head",
			"from": [ -0.375, 1.875, 1.725 ],
			"to": [ -0.375, 1.875, 1.725 ],
			"rotationOrigin": [ -0.375, 1.875, 1.875 ],
			"rotationZ": -6.0,
			"faces": {
				"east": { "texture": "#corroded helmet", "uv": [ 0.0, 0.0, 0.5, 0.5 ], "autoUv": false },
				"south": { "texture": "#corroded helmet", "uv": [ 0.0, 0.0, 0.5, 0.5 ], "autoUv": false },
				"west": { "texture": "#corroded helmet", "uv": [ 0.0, 0.0, 0.5, 0.5 ], "autoUv": false },
				"up": { "texture": "#corroded helmet", "uv": [ 0.0, 0.0, 0.5, 0.5 ], "autoUv": false },
				"down": { "texture": "#corroded helmet", "uv": [ 0.0, 0.0, 0.5, 0.5 ], "autoUv": false }
			},
			"children": [
				{
					"name": "L side",
					"from": [ -0.6, 0.0, -1.8 ],
					"to": [ -0.225, 1.875, 0.075 ],
					"rotationOrigin": [ -0.6, 1.875, 0.075 ],
					"rotationY": -15.0,
					"rotationZ": -4.0,
					"faces": {
						"north": { "texture": "#corroded helmet", "uv": [ 5.5, 1.0, 6.0, 3.5 ], "autoUv": false },
						"east": { "texture": "#corroded helmet", "uv": [ 5.5, 1.0, 8.0, 3.5 ], "autoUv": false },
						"south": { "texture": "#corroded helmet", "uv": [ 7.5, 1.0, 8.0, 3.5 ], "autoUv": false },
						"west": { "texture": "#corroded helmet", "uv": [ 5.5, 1.0, 8.0, 3.5 ], "autoUv": false },
						"up": { "texture": "#corroded helmet", "uv": [ 5.5, 0.5, 8.0, 1.0 ], "rotation": 90, "autoUv": false },
						"down": { "texture": "#corroded helmet", "uv": [ 5.5, 3.0, 8.0, 3.5 ], "rotation": 90, "autoUv": false }
					},
					"children": [
						{
							"name": "L side 1",
							"from": [ 0.075, 0.75, -0.225 ],
							"to": [ 3.075, 1.875, 0.15 ],
							"rotationOrigin": [ 0.075, 1.125, -0.225 ],
							"rotationY": 17.0,
							"rotationZ": -1.0,
							"faces": {
								"north": { "texture": "#corroded helmet", "uv": [ 1.5, 1.0, 5.5, 2.5 ], "autoUv": false },
								"east": { "texture": "#corroded helmet", "uv": [ 1.5, 1.0, 2.0, 2.5 ], "autoUv": false },
								"south": { "texture": "#corroded helmet", "uv": [ 6.5, 13.5, 10.5, 15.0 ], "autoUv": false },
								"west": { "texture": "#corroded helmet", "uv": [ 5.0, 1.0, 5.5, 2.5 ], "autoUv": false },
								"up": { "texture": "#corroded helmet", "uv": [ 1.5, 0.5, 5.5, 1.0 ], "autoUv": false },
								"down": { "texture": "#corroded helmet", "uv": [ 1.5, 2.0, 5.5, 2.5 ], "autoUv": false }
							}
						},
						{
							"name": "L side 17",
							"from": [ 0.15, 0.0, -0.225 ],
							"to": [ 2.025, 0.75, 0.15 ],
							"rotationOrigin": [ 0.15, 0.375, -0.15 ],
							"rotationY": 17.0,
							"rotationZ": -1.0,
							"faces": {
								"north": { "texture": "#corroded helmet", "uv": [ 3.0, 2.5, 5.5, 3.5 ], "autoUv": false },
								"east": { "texture": "#corroded helmet", "uv": [ 3.0, 2.5, 3.5, 3.5 ], "autoUv": false },
								"south": { "texture": "#corroded helmet", "uv": [ 6.5, 13.5, 9.0, 14.5 ], "autoUv": false },
								"west": { "texture": "#corroded helmet", "uv": [ 5.0, 2.5, 5.5, 3.5 ], "autoUv": false },
								"up": { "texture": "#corroded helmet", "uv": [ 3.0, 2.5, 5.5, 3.0 ], "autoUv": false },
								"down": { "texture": "#corroded helmet", "uv": [ 3.0, 3.0, 5.5, 3.5 ], "autoUv": false }
							}
						},
						{
							"name": "L side 20",
							"from": [ 0.15, -0.75, -0.15 ],
							"to": [ 1.275, 0.0, 0.225 ],
							"rotationOrigin": [ 0.15, -0.375, -0.075 ],
							"rotationY": 17.0,
							"rotationZ": -1.0,
							"faces": {
								"north": { "texture": "#corroded helmet", "uv": [ 4.0, 3.5, 5.5, 4.5 ], "autoUv": false },
								"east": { "texture": "#corroded helmet", "uv": [ 4.0, 3.5, 4.5, 4.5 ], "autoUv": false },
								"south": { "texture": "#corroded helmet", "uv": [ 6.5, 13.5, 8.0, 14.5 ], "autoUv": false },
								"west": { "texture": "#corroded helmet", "uv": [ 5.0, 3.5, 5.5, 4.5 ], "autoUv": false },
								"up": { "texture": "#corroded helmet", "uv": [ 4.0, 3.5, 5.5, 4.0 ], "autoUv": false },
								"down": { "texture": "#corroded helmet", "uv": [ 4.0, 4.0, 5.5, 4.5 ], "autoUv": false }
							},
							"children": [
								{
									"name": "L ornament",
									"from": [ 0.75, -0.6, 0.075 ],
									"to": [ 1.125, 0.15, 0.225 ],
									"rotationOrigin": [ 0.75, 0.15, 0.075 ],
									"rotationZ": 52.0,
									"faces": {
										"north": { "texture": "#corroded helmet", "uv": [ 2.5, 13.5, 3.0, 14.5 ], "autoUv": false },
										"east": { "texture": "#corroded helmet", "uv": [ 0.0, 0.0, 0.5, 1.0 ], "autoUv": false },
										"south": { "texture": "#corroded helmet", "uv": [ 0.0, 0.0, 0.5, 1.0 ], "autoUv": false },
										"west": { "texture": "#corroded helmet", "uv": [ 0.0, 0.0, 0.5, 1.0 ], "autoUv": false },
										"up": { "texture": "#corroded helmet", "uv": [ 0.0, 0.0, 0.5, 0.5 ], "autoUv": false },
										"down": { "texture": "#corroded helmet", "uv": [ 0.0, 0.0, 0.5, 0.5 ], "autoUv": false }
									},
									"children": [
										{
											"name": "Cube1",
											"from": [ 0.15, -0.45, 0.0 ],
											"to": [ 0.525, 0.3, 0.15 ],
											"rotationOrigin": [ 0.15, 0.3, 0.0 ],
											"rotationX": 0.1,
											"rotationZ": -59.0,
											"faces": {
												"north": { "texture": "#corroded helmet", "uv": [ 1.5, 13.5, 2.0, 14.5 ], "autoUv": false },
												"east": { "texture": "#corroded helmet", "uv": [ 0.0, 0.0, 0.5, 1.0 ], "autoUv": false },
												"south": { "texture": "#corroded helmet", "uv": [ 0.0, 0.0, 0.5, 1.0 ], "autoUv": false },
												"west": { "texture": "#corroded helmet", "uv": [ 0.0, 0.0, 0.5, 1.0 ], "autoUv": false },
												"up": { "texture": "#corroded helmet", "uv": [ 0.0, 0.0, 0.5, 0.5 ], "autoUv": false },
												"down": { "texture": "#corroded helmet", "uv": [ 0.0, 0.0, 0.5, 0.5 ], "autoUv": false }
											}
										},
										{
											"name": "Cube25",
											"from": [ -0.375, -1.125, 0.0 ],
											"to": [ 0.0, 0.0, 0.15 ],
											"rotationOrigin": [ -0.375, 0.0, 0.0 ],
											"rotationZ": -78.0,
											"faces": {
												"north": { "texture": "#corroded helmet", "uv": [ 1.0, 14.5, 1.5, 16.0 ], "autoUv": false },
												"east": { "texture": "#corroded helmet", "uv": [ 0.0, 0.0, 0.5, 1.5 ], "autoUv": false },
												"south": { "texture": "#corroded helmet", "uv": [ 0.0, 0.0, 0.5, 1.5 ], "autoUv": false },
												"west": { "texture": "#corroded helmet", "uv": [ 0.0, 0.0, 0.5, 1.5 ], "autoUv": false },
												"up": { "texture": "#corroded helmet", "uv": [ 0.0, 0.0, 0.5, 0.5 ], "autoUv": false },
												"down": { "texture": "#corroded helmet", "uv": [ 0.0, 0.0, 0.5, 0.5 ], "autoUv": false }
											}
										}
									]
								},
								{
									"name": "L ornament26",
									"from": [ 1.5, 0.0, -0.075 ],
									"to": [ 1.875, 0.75, 0.075 ],
									"rotationOrigin": [ 1.5, 0.75, -0.075 ],
									"rotationZ": 76.0,
									"faces": {
										"north": { "texture": "#corroded helmet", "uv": [ 2.0, 9.5, 2.5, 10.5 ], "autoUv": false },
										"east": { "texture": "#corroded helmet", "uv": [ 1.5, 6.5, 2.0, 7.5 ], "autoUv": false },
										"south": { "texture": "#corroded helmet", "uv": [ 3.5, 0.0, 4.0, 1.0 ], "autoUv": false },
										"west": { "texture": "#corroded helmet", "uv": [ 6.5, 13.0, 7.0, 14.0 ], "autoUv": false },
										"up": { "texture": "#corroded helmet", "uv": [ 5.5, 6.0, 6.0, 6.5 ], "autoUv": false },
										"down": { "texture": "#corroded helmet", "uv": [ 4.5, 2.5, 5.0, 3.0 ], "autoUv": false }
									},
									"children": [
										{
											"name": "Cube27",
											"from": [ 0.15, -0.45, 0.0 ],
											"to": [ 0.525, 0.3, 0.15 ],
											"rotationOrigin": [ 0.15, 0.3, 0.0 ],
											"rotationY": -1.0,
											"rotationZ": -59.0,
											"faces": {
												"north": { "texture": "#corroded helmet", "uv": [ 0.0, 13.5, 0.5, 14.5 ], "autoUv": false },
												"east": { "texture": "#corroded helmet", "uv": [ 10.0, 11.5, 10.5, 12.5 ], "autoUv": false },
												"south": { "texture": "#corroded helmet", "uv": [ 8.5, 14.5, 9.0, 15.5 ], "autoUv": false },
												"west": { "texture": "#corroded helmet", "uv": [ 5.5, 4.5, 6.0, 5.5 ], "autoUv": false },
												"up": { "texture": "#corroded helmet", "uv": [ 13.0, 4.5, 13.5, 5.0 ], "autoUv": false },
												"down": { "texture": "#corroded helmet", "uv": [ 0.5, 1.5, 1.0, 2.0 ], "autoUv": false }
											}
										},
										{
											"name": "Cube28",
											"from": [ -0.525, -1.2, 0.0 ],
											"to": [ -0.15, -0.075, 0.15 ],
											"rotationOrigin": [ -0.525, -0.075, 0.0 ],
											"faces": {
												"north": { "texture": "#corroded helmet", "uv": [ 13.0, 7.0, 13.5, 8.5 ], "autoUv": false },
												"east": { "texture": "#corroded helmet", "uv": [ 7.0, 1.5, 7.5, 3.0 ], "autoUv": false },
												"south": { "texture": "#corroded helmet", "uv": [ 4.5, 9.5, 5.0, 11.0 ], "autoUv": false },
												"west": { "texture": "#corroded helmet", "uv": [ 9.0, 5.5, 9.5, 7.0 ], "autoUv": false },
												"up": { "texture": "#corroded helmet", "uv": [ 3.5, 8.5, 4.0, 9.0 ], "autoUv": false },
												"down": { "texture": "#corroded helmet", "uv": [ 3.5, 4.0, 4.0, 4.5 ], "autoUv": false }
											}
										}
									]
								}
							]
						},
						{
							"name": "L side 29",
							"from": [ 0.45, -1.5, 0.0 ],
							"to": [ 0.825, -0.75, 0.15 ],
							"rotationOrigin": [ 0.45, -0.75, 0.075 ],
							"rotationY": 17.0,
							"rotationZ": -1.0,
							"faces": {
								"north": { "texture": "#corroded helmet", "uv": [ 4.0, 3.5, 4.5, 4.5 ], "autoUv": false },
								"east": { "texture": "#corroded helmet", "uv": [ 13.5, 14.0, 14.0, 15.0 ], "autoUv": false },
								"south": { "texture": "#corroded helmet", "uv": [ 6.5, 13.5, 7.0, 14.5 ], "autoUv": false },
								"west": { "texture": "#corroded helmet", "uv": [ 5.0, 3.5, 5.5, 4.5 ], "autoUv": false },
								"up": { "texture": "#corroded helmet", "uv": [ 8.5, 15.5, 9.0, 16.0 ], "autoUv": false },
								"down": { "texture": "#corroded helmet", "uv": [ 5.0, 15.5, 5.5, 16.0 ], "autoUv": false }
							}
						}
					]
				},
				{
					"name": "R side",
					"from": [ -0.6, 0.0, 0.15 ],
					"to": [ -0.225, 1.875, 2.025 ],
					"rotationOrigin": [ -0.6, 1.875, 0.15 ],
					"rotationY": 15.0,
					"rotationZ": -4.0,
					"faces": {
						"north": { "texture": "#corroded helmet", "uv": [ 8.0, 1.0, 8.5, 3.5 ], "autoUv": false },
						"east": { "texture": "#corroded helmet", "uv": [ 8.0, 1.0, 10.5, 3.5 ], "autoUv": false },
						"south": { "texture": "#corroded helmet", "uv": [ 10.0, 1.0, 10.5, 3.5 ], "autoUv": false },
						"west": { "texture": "#corroded helmet", "uv": [ 8.0, 1.0, 10.5, 3.5 ], "autoUv": false },
						"up": { "texture": "#corroded helmet", "uv": [ 8.0, 0.5, 10.5, 1.0 ], "rotation": 90, "autoUv": false },
						"down": { "texture": "#corroded helmet", "uv": [ 8.0, 3.0, 10.5, 3.5 ], "rotation": 90, "autoUv": false }
					},
					"children": [
						{
							"name": "R side 1",
							"from": [ 0.075, 0.75, 1.8 ],
							"to": [ 3.075, 1.875, 2.175 ],
							"rotationOrigin": [ 0.075, 1.125, 2.175 ],
							"rotationY": -17.0,
							"rotationZ": -1.0,
							"faces": {
								"north": { "texture": "#corroded helmet", "uv": [ 4.5, 13.0, 8.5, 14.5 ], "autoUv": false },
								"east": { "texture": "#corroded helmet", "uv": [ 14.0, 1.0, 14.5, 2.5 ], "autoUv": false },
								"south": { "texture": "#corroded helmet", "uv": [ 10.5, 1.0, 14.5, 2.5 ], "autoUv": false },
								"west": { "texture": "#corroded helmet", "uv": [ 10.5, 1.0, 11.0, 2.5 ], "autoUv": false },
								"up": { "texture": "#corroded helmet", "uv": [ 10.5, 0.5, 14.5, 1.0 ], "autoUv": false },
								"down": { "texture": "#corroded helmet", "uv": [ 10.5, 2.0, 14.5, 2.5 ], "autoUv": false }
							}
						},
						{
							"name": "R side 18",
							"from": [ 0.15, 0.0, 1.8 ],
							"to": [ 2.025, 0.75, 2.175 ],
							"rotationOrigin": [ 0.15, 0.375, 2.1 ],
							"rotationY": -17.0,
							"rotationZ": -1.0,
							"faces": {
								"north": { "texture": "#corroded helmet", "uv": [ 4.5, 13.0, 7.0, 14.0 ], "autoUv": false },
								"east": { "texture": "#corroded helmet", "uv": [ 12.5, 2.5, 13.0, 3.5 ], "autoUv": false },
								"south": { "texture": "#corroded helmet", "uv": [ 10.5, 2.5, 13.0, 3.5 ], "autoUv": false },
								"west": { "texture": "#corroded helmet", "uv": [ 10.5, 2.5, 11.0, 3.5 ], "autoUv": false },
								"up": { "texture": "#corroded helmet", "uv": [ 10.5, 2.5, 13.0, 3.0 ], "autoUv": false },
								"down": { "texture": "#corroded helmet", "uv": [ 10.5, 3.0, 13.0, 3.5 ], "autoUv": false }
							}
						},
						{
							"name": "R side 19",
							"from": [ 0.15, -0.75, 1.725 ],
							"to": [ 1.275, 0.0, 2.1 ],
							"rotationOrigin": [ 0.15, -0.375, 2.025 ],
							"rotationY": -17.0,
							"rotationZ": -1.0,
							"faces": {
								"north": { "texture": "#corroded helmet", "uv": [ 4.5, 13.0, 6.0, 14.0 ], "autoUv": false },
								"east": { "texture": "#corroded helmet", "uv": [ 11.5, 3.5, 12.0, 4.5 ], "autoUv": false },
								"south": { "texture": "#corroded helmet", "uv": [ 10.5, 3.5, 12.0, 4.5 ], "autoUv": false },
								"west": { "texture": "#corroded helmet", "uv": [ 10.5, 3.5, 11.0, 4.5 ], "autoUv": false },
								"up": { "texture": "#corroded helmet", "uv": [ 10.5, 3.5, 12.0, 4.0 ], "autoUv": false },
								"down": { "texture": "#corroded helmet", "uv": [ 10.5, 4.0, 12.0, 4.5 ], "autoUv": false }
							},
							"children": [
								{
									"name": "Cube39",
									"from": [ 0.9, 0.0, 0.075 ],
									"to": [ 2.025, 0.375, 0.225 ],
									"rotationOrigin": [ 0.9, 0.375, 0.225 ],
									"rotationX": -18.0,
									"rotationY": 1.0,
									"rotationZ": -40.0,
									"faces": {
										"north": { "texture": "#corroded helmet", "uv": [ 12.0, 10.0, 13.5, 10.5 ], "autoUv": false },
										"east": { "texture": "#corroded helmet", "uv": [ 10.0, 2.0, 10.5, 2.5 ], "autoUv": false },
										"south": { "texture": "#corroded helmet", "uv": [ 2.5, 14.0, 4.0, 14.5 ], "autoUv": false },
										"west": { "texture": "#corroded helmet", "uv": [ 4.0, 9.5, 4.5, 10.0 ], "autoUv": false },
										"up": { "texture": "#corroded helmet", "uv": [ 5.0, 11.5, 6.5, 12.0 ], "autoUv": false },
										"down": { "texture": "#corroded helmet", "uv": [ 10.0, 7.0, 11.5, 7.5 ], "autoUv": false }
									},
									"children": [
										{
											"name": "Cube38",
											"from": [ 1.125, 0.0, 0.0 ],
											"to": [ 1.875, 0.375, 0.15 ],
											"rotationOrigin": [ 1.125, 0.0, 0.0 ],
											"rotationZ": 24.0,
											"faces": {
												"north": { "texture": "#corroded helmet", "uv": [ 12.0, 10.0, 13.0, 10.5 ], "autoUv": false },
												"east": { "texture": "#corroded helmet", "uv": [ 10.0, 2.0, 10.5, 2.5 ], "autoUv": false },
												"south": { "texture": "#corroded helmet", "uv": [ 2.5, 14.0, 3.5, 14.5 ], "autoUv": false },
												"west": { "texture": "#corroded helmet", "uv": [ 4.0, 9.5, 4.5, 10.0 ], "autoUv": false },
												"up": { "texture": "#corroded helmet", "uv": [ 5.0, 11.5, 6.0, 12.0 ], "autoUv": false },
												"down": { "texture": "#corroded helmet", "uv": [ 10.0, 7.0, 11.0, 7.5 ], "autoUv": false }
											}
										}
									]
								}
							]
						}
					]
				},
				{
					"name": "L bottom tile",
					"from": [ -0.675, -1.05, -1.8 ],
					"to": [ -0.3, -0.3, 0.075 ],
					"rotationOrigin": [ -0.675, 0.075, 0.075 ],
					"rotationX": -3.0,
					"rotationY": -15.0,
					"rotationZ": -3.0,
					"faces": {
						"north": { "texture": "#corroded helmet", "uv": [ 5.5, 3.5, 6.0, 4.5 ], "autoUv": false },
						"east": { "texture": "#corroded helmet", "uv": [ 5.5, 3.5, 8.0, 4.5 ], "autoUv": false },
						"south": { "texture": "#corroded helmet", "uv": [ 7.5, 3.5, 8.0, 4.5 ], "autoUv": false },
						"west": { "texture": "#corroded helmet", "uv": [ 5.5, 3.5, 8.0, 4.5 ], "autoUv": false },
						"up": { "texture": "#corroded helmet", "uv": [ 0.0, 0.0, 0.5, 2.5 ], "autoUv": false },
						"down": { "texture": "#corroded helmet", "uv": [ 5.5, 4.5, 8.0, 5.0 ], "rotation": 90, "autoUv": false }
					},
					"children": [
						{
							"name": "L bottom tile14",
							"from": [ 0.075, -0.975, 0.375 ],
							"to": [ 0.45, 0.15, 1.875 ],
							"rotationOrigin": [ 0.075, 0.15, 1.875 ],
							"rotationX": 3.0,
							"faces": {
								"north": { "texture": "#corroded helmet", "uv": [ 6.0, 5.0, 6.5, 6.5 ], "autoUv": false },
								"east": { "texture": "#corroded helmet", "uv": [ 6.0, 5.0, 8.0, 6.5 ], "autoUv": false },
								"south": { "texture": "#corroded helmet", "uv": [ 3.0, 6.5, 3.5, 8.0 ], "autoUv": false },
								"west": { "texture": "#corroded helmet", "uv": [ 6.0, 5.0, 8.0, 6.5 ], "autoUv": false },
								"up": { "texture": "#corroded helmet", "uv": [ 0.0, 0.0, 0.5, 2.0 ], "autoUv": false },
								"down": { "texture": "#corroded helmet", "uv": [ 6.0, 6.0, 8.0, 6.5 ], "rotation": 90, "autoUv": false }
							},
							"children": [
								{
									"name": "L bottom tile31",
									"from": [ 0.0, -0.675, 0.375 ],
									"to": [ 0.375, 0.075, 1.5 ],
									"rotationOrigin": [ 0.0, 0.075, 1.5 ],
									"rotationX": -1.0,
									"rotationZ": 4.0,
									"faces": {
										"north": { "texture": "#corroded helmet", "uv": [ 6.5, 6.5, 7.0, 7.5 ], "autoUv": false },
										"east": { "texture": "#corroded helmet", "uv": [ 6.5, 6.5, 8.0, 7.5 ], "autoUv": false },
										"south": { "texture": "#corroded helmet", "uv": [ 7.5, 6.5, 8.0, 7.5 ], "autoUv": false },
										"west": { "texture": "#corroded helmet", "uv": [ 6.5, 6.5, 8.0, 7.5 ], "autoUv": false },
										"up": { "texture": "#corroded helmet", "uv": [ 0.0, 0.0, 0.5, 1.5 ], "autoUv": false },
										"down": { "texture": "#corroded helmet", "uv": [ 6.5, 7.0, 8.0, 7.5 ], "rotation": 90, "autoUv": false }
									},
									"children": [
										{
											"name": "L bottom tile33",
											"from": [ 0.0, -0.6, 0.3 ],
											"to": [ 0.375, 0.15, 1.05 ],
											"rotationOrigin": [ 0.0, 0.15, 1.05 ],
											"rotationX": -7.0,
											"rotationZ": 13.0,
											"faces": {
												"north": { "texture": "#corroded helmet", "uv": [ 6.5, 7.5, 7.0, 8.5 ], "autoUv": false },
												"east": { "texture": "#corroded helmet", "uv": [ 6.5, 7.5, 7.5, 8.5 ], "autoUv": false },
												"south": { "texture": "#corroded helmet", "uv": [ 7.0, 7.5, 7.5, 8.5 ], "autoUv": false },
												"west": { "texture": "#corroded helmet", "uv": [ 6.5, 7.5, 7.5, 8.5 ], "autoUv": false },
												"up": { "texture": "#corroded helmet", "uv": [ 0.0, 0.0, 0.5, 1.0 ], "autoUv": false },
												"down": { "texture": "#corroded helmet", "uv": [ 6.5, 8.0, 7.5, 8.5 ], "rotation": 90, "autoUv": false }
											}
										}
									]
								}
							]
						}
					]
				},
				{
					"name": "R bottom tile",
					"from": [ -0.675, -1.05, 0.15 ],
					"to": [ -0.3, -0.3, 2.025 ],
					"rotationOrigin": [ -0.675, 0.075, 0.15 ],
					"rotationX": 3.0,
					"rotationY": 15.0,
					"rotationZ": -3.0,
					"faces": {
						"north": { "texture": "#corroded helmet", "uv": [ 8.0, 3.5, 8.5, 4.5 ], "autoUv": false },
						"east": { "texture": "#corroded helmet", "uv": [ 8.0, 3.5, 10.5, 4.5 ], "autoUv": false },
						"south": { "texture": "#corroded helmet", "uv": [ 10.0, 3.5, 10.5, 4.5 ], "autoUv": false },
						"west": { "texture": "#corroded helmet", "uv": [ 8.0, 3.5, 10.5, 4.5 ], "autoUv": false },
						"up": { "texture": "#corroded helmet", "uv": [ 0.0, 0.0, 0.5, 2.5 ], "autoUv": false },
						"down": { "texture": "#corroded helmet", "uv": [ 8.0, 4.5, 10.5, 5.0 ], "rotation": 90, "autoUv": false }
					},
					"children": [
						{
							"name": "R bottom tile15",
							"from": [ 0.075, -0.975, 0.0 ],
							"to": [ 0.45, 0.15, 1.5 ],
							"rotationOrigin": [ 0.075, 0.15, 0.0 ],
							"rotationX": -3.0,
							"faces": {
								"north": { "texture": "#corroded helmet", "uv": [ 8.0, 5.0, 8.5, 6.5 ], "autoUv": false },
								"east": { "texture": "#corroded helmet", "uv": [ 8.0, 5.0, 10.0, 6.5 ], "autoUv": false },
								"south": { "texture": "#corroded helmet", "uv": [ 9.5, 5.0, 10.0, 6.5 ], "autoUv": false },
								"west": { "texture": "#corroded helmet", "uv": [ 8.0, 5.0, 10.0, 6.5 ], "autoUv": false },
								"up": { "texture": "#corroded helmet", "uv": [ 0.0, 0.0, 0.5, 2.0 ], "autoUv": false },
								"down": { "texture": "#corroded helmet", "uv": [ 8.0, 6.0, 10.0, 6.5 ], "rotation": 90, "autoUv": false }
							},
							"children": [
								{
									"name": "R bottom tile32",
									"from": [ 0.0, -0.675, 0.0 ],
									"to": [ 0.375, 0.075, 1.125 ],
									"rotationOrigin": [ 0.0, 0.0, 0.0 ],
									"rotationX": 1.0,
									"rotationZ": 4.0,
									"faces": {
										"north": { "texture": "#corroded helmet", "uv": [ 8.0, 6.5, 8.5, 7.5 ], "autoUv": false },
										"east": { "texture": "#corroded helmet", "uv": [ 8.0, 6.5, 9.5, 7.5 ], "autoUv": false },
										"south": { "texture": "#corroded helmet", "uv": [ 9.0, 6.5, 9.5, 7.5 ], "autoUv": false },
										"west": { "texture": "#corroded helmet", "uv": [ 8.0, 6.5, 9.5, 7.5 ], "autoUv": false },
										"up": { "texture": "#corroded helmet", "uv": [ 0.0, 0.0, 0.5, 1.5 ], "autoUv": false },
										"down": { "texture": "#corroded helmet", "uv": [ 8.0, 7.0, 9.5, 7.5 ], "rotation": 90, "autoUv": false }
									},
									"children": [
										{
											"name": "R bottom tile34",
											"from": [ 0.0, -0.6, 0.075 ],
											"to": [ 0.375, 0.15, 0.825 ],
											"rotationOrigin": [ 0.0, 0.15, 0.075 ],
											"rotationX": 7.0,
											"rotationZ": 13.0,
											"faces": {
												"north": { "texture": "#corroded helmet", "uv": [ 8.0, 7.5, 8.5, 8.5 ], "autoUv": false },
												"east": { "texture": "#corroded helmet", "uv": [ 8.5, 7.5, 9.5, 8.5 ], "autoUv": false },
												"south": { "texture": "#corroded helmet", "uv": [ 9.0, 7.5, 9.5, 8.5 ], "autoUv": false },
												"west": { "texture": "#corroded helmet", "uv": [ 8.5, 7.5, 9.5, 8.5 ], "autoUv": false },
												"up": { "texture": "#corroded helmet", "uv": [ 0.0, 0.0, 0.5, 1.0 ], "autoUv": false },
												"down": { "texture": "#corroded helmet", "uv": [ 8.5, 8.0, 9.5, 8.5 ], "rotation": 90, "autoUv": false }
											}
										}
									]
								}
							]
						}
					]
				},
				{
					"name": "nose tip",
					"from": [ -0.75, -3.15, -0.225 ],
					"to": [ -0.375, -0.9, 0.525 ],
					"rotationOrigin": [ -0.75, -0.9, 0.15 ],
					"rotationZ": 2.0,
					"faces": {
						"north": { "texture": "#corroded helmet", "uv": [ 7.5, 4.5, 8.0, 7.5 ], "autoUv": false },
						"east": { "texture": "#corroded helmet", "uv": [ 7.5, 4.5, 8.5, 7.5 ], "autoUv": false },
						"south": { "texture": "#corroded helmet", "uv": [ 8.0, 4.5, 8.5, 7.5 ], "autoUv": false },
						"west": { "texture": "#corroded helmet", "uv": [ 7.5, 4.5, 8.5, 7.5 ], "autoUv": false },
						"up": { "texture": "#corroded helmet", "uv": [ 7.5, 4.5, 8.5, 5.0 ], "rotation": 90, "autoUv": false },
						"down": { "texture": "#corroded helmet", "uv": [ 7.5, 7.0, 8.5, 7.5 ], "rotation": 90, "autoUv": false }
					}
				},
				{
					"name": "nose tip30",
					"from": [ -0.6, -0.45, -0.225 ],
					"to": [ -0.225, 0.3, 0.525 ],
					"rotationOrigin": [ -0.6, 0.3, 0.15 ],
					"faces": {
						"north": { "texture": "#corroded helmet", "uv": [ 7.5, 6.0, 8.0, 7.0 ], "autoUv": false },
						"east": { "texture": "#corroded helmet", "uv": [ 7.5, 6.0, 8.5, 7.0 ], "autoUv": false },
						"south": { "texture": "#corroded helmet", "uv": [ 8.0, 6.0, 8.5, 7.0 ], "autoUv": false },
						"west": { "texture": "#corroded helmet", "uv": [ 7.5, 6.0, 8.5, 7.0 ], "autoUv": false },
						"up": { "texture": "#corroded helmet", "uv": [ 7.5, 6.0, 8.5, 6.5 ], "rotation": 90, "autoUv": false },
						"down": { "texture": "#corroded helmet", "uv": [ 7.5, 8.5, 8.5, 9.0 ], "rotation": 90, "autoUv": false }
					}
				},
				{
					"name": "nose tip31",
					"from": [ -0.3, -0.45, -1.425 ],
					"to": [ -0.15, 0.3, -1.05 ],
					"rotationOrigin": [ -0.3, 0.3, -1.05 ],
					"rotationX": -3.0,
					"rotationY": -15.0,
					"faces": {
						"north": { "texture": "#corroded helmet", "uv": [ 0.0, 11.0, 0.5, 12.0 ], "autoUv": false },
						"east": { "texture": "#corroded helmet", "uv": [ 15.0, 9.0, 15.5, 10.0 ], "autoUv": false },
						"south": { "texture": "#corroded helmet", "uv": [ 8.0, 8.0, 8.5, 9.0 ], "autoUv": false },
						"west": { "texture": "#corroded helmet", "uv": [ 1.5, 14.5, 2.0, 15.5 ], "autoUv": false },
						"up": { "texture": "#corroded helmet", "uv": [ 5.0, 2.0, 5.5, 2.5 ], "rotation": 90, "autoUv": false },
						"down": { "texture": "#corroded helmet", "uv": [ 9.5, 12.5, 10.0, 13.0 ], "rotation": 90, "autoUv": false }
					}
				},
				{
					"name": "nose tip32",
					"from": [ -0.3, -0.45, 1.35 ],
					"to": [ -0.15, 0.3, 1.725 ],
					"rotationOrigin": [ -0.3, 0.3, 1.35 ],
					"rotationX": 3.0,
					"rotationY": 15.0,
					"faces": {
						"north": { "texture": "#corroded helmet", "uv": [ 4.5, 11.5, 5.0, 12.5 ], "autoUv": false },
						"east": { "texture": "#corroded helmet", "uv": [ 8.0, 2.5, 8.5, 3.5 ], "autoUv": false },
						"south": { "texture": "#corroded helmet", "uv": [ 10.0, 0.5, 10.5, 1.5 ], "autoUv": false },
						"west": { "texture": "#corroded helmet", "uv": [ 3.5, 9.5, 4.0, 10.5 ], "autoUv": false },
						"up": { "texture": "#corroded helmet", "uv": [ 14.5, 3.0, 15.0, 3.5 ], "rotation": 90, "autoUv": false },
						"down": { "texture": "#corroded helmet", "uv": [ 2.5, 2.5, 3.0, 3.0 ], "rotation": 90, "autoUv": false }
					}
				}
			]
		},
		{
			"name": "head cover top",
			"stepParentName": "Head",
			"from": [ -0.075, 3.225, -0.075 ],
			"to": [ 4.425, 3.975, 3.825 ],
			"rotationOrigin": [ -0.075, 3.225, -0.075 ],
			"faces": {
				"north": { "texture": "#corroded helmet", "uv": [ 4.5, 5.5, 5.5, 11.5 ], "rotation": 270, "autoUv": false },
				"east": { "texture": "#corroded helmet", "uv": [ 5.5, 4.5, 10.5, 5.5 ], "autoUv": false },
				"south": { "texture": "#corroded helmet", "uv": [ 10.5, 5.5, 11.5, 11.5 ], "rotation": 90, "autoUv": false },
				"west": { "texture": "#corroded helmet", "uv": [ 1.0, 5.0, 6.0, 6.0 ], "autoUv": false },
				"up": { "texture": "#corroded helmet", "uv": [ 5.5, 5.5, 10.5, 11.5 ], "rotation": 90, "autoUv": false },
				"down": { "texture": "#corroded helmet", "uv": [ 0.0, 0.0, 6.0, 5.0 ], "autoUv": false }
			},
			"children": [
				{
					"name": "L side cover",
					"from": [ 1.875, -1.875, 0.0 ],
					"to": [ 4.5, 0.0, 0.375 ],
					"rotationOrigin": [ 3.375, 0.0, 0.0 ],
					"rotationX": 3.0,
					"faces": {
						"north": { "texture": "#corroded helmet", "uv": [ 1.5, 5.5, 4.0, 9.0 ], "rotation": 270, "autoUv": false },
						"east": { "texture": "#corroded helmet", "uv": [ 1.5, 5.5, 4.0, 6.0 ], "rotation": 270, "autoUv": false },
						"south": { "texture": "#corroded helmet", "uv": [ 0.0, 0.0, 3.5, 2.5 ], "autoUv": false },
						"west": { "texture": "#corroded helmet", "uv": [ 1.5, 8.5, 4.0, 9.0 ], "rotation": 270, "autoUv": false },
						"up": { "texture": "#corroded helmet", "uv": [ 0.0, 0.0, 3.5, 0.5 ], "autoUv": false },
						"down": { "texture": "#corroded helmet", "uv": [ 1.5, 5.5, 2.0, 9.0 ], "rotation": 90, "autoUv": false }
					},
					"children": [
						{
							"name": "Cube33",
							"from": [ 0.375, -1.425, 0.0 ],
							"to": [ 2.625, 0.075, 0.375 ],
							"rotationOrigin": [ 0.375, 0.075, 0.0 ],
							"rotationX": 10.0,
							"faces": {
								"north": { "texture": "#corroded helmet", "uv": [ 11.5, 8.0, 14.5, 10.0 ], "autoUv": false },
								"east": { "texture": "#corroded helmet", "uv": [ 13.5, 11.0, 14.0, 13.0 ], "autoUv": false },
								"south": { "texture": "#corroded helmet", "uv": [ 6.0, 3.5, 9.0, 5.5 ], "autoUv": false },
								"west": { "texture": "#corroded helmet", "uv": [ 14.0, 11.0, 14.5, 13.0 ], "autoUv": false },
								"up": { "texture": "#corroded helmet", "uv": [ 2.0, 14.5, 5.0, 15.0 ], "autoUv": false },
								"down": { "texture": "#corroded helmet", "uv": [ 3.0, 1.5, 6.0, 2.0 ], "autoUv": false }
							}
						}
					]
				},
				{
					"name": "R side cover",
					"from": [ 1.875, -1.875, 3.525 ],
					"to": [ 4.5, 0.0, 3.9 ],
					"rotationOrigin": [ 3.375, 0.0, 3.9 ],
					"rotationX": -3.0,
					"faces": {
						"north": { "texture": "#corroded helmet", "uv": [ 0.0, 0.0, 3.5, 2.5 ], "autoUv": false },
						"east": { "texture": "#corroded helmet", "uv": [ 11.5, 5.5, 14.0, 6.0 ], "rotation": 90, "autoUv": false },
						"south": { "texture": "#corroded helmet", "uv": [ 11.5, 5.5, 14.0, 9.0 ], "rotation": 90, "autoUv": false },
						"west": { "texture": "#corroded helmet", "uv": [ 11.5, 8.5, 14.0, 9.0 ], "rotation": 90, "autoUv": false },
						"up": { "texture": "#corroded helmet", "uv": [ 0.0, 0.0, 3.5, 0.5 ], "autoUv": false },
						"down": { "texture": "#corroded helmet", "uv": [ 14.0, 5.5, 14.5, 9.0 ], "rotation": 90, "autoUv": false }
					},
					"children": [
						{
							"name": "Cube35",
							"from": [ 0.375, -1.425, 0.0 ],
							"to": [ 2.625, 0.075, 0.375 ],
							"rotationOrigin": [ 0.375, 0.075, 0.375 ],
							"rotationX": -10.0,
							"faces": {
								"north": { "texture": "#corroded helmet", "uv": [ 5.0, 11.0, 8.0, 13.0 ], "autoUv": false },
								"east": { "texture": "#corroded helmet", "uv": [ 13.5, 7.0, 14.0, 9.0 ], "autoUv": false },
								"south": { "texture": "#corroded helmet", "uv": [ 6.5, 12.0, 9.5, 14.0 ], "autoUv": false },
								"west": { "texture": "#corroded helmet", "uv": [ 15.0, 3.5, 15.5, 5.5 ], "autoUv": false },
								"up": { "texture": "#corroded helmet", "uv": [ 1.0, 6.5, 4.0, 7.0 ], "autoUv": false },
								"down": { "texture": "#corroded helmet", "uv": [ 1.0, 6.0, 4.0, 6.5 ], "autoUv": false }
							},
							"children": [
								{
									"name": "Cube37",
									"from": [ 1.125, -0.675, 0.0 ],
									"to": [ 2.25, 0.075, 0.375 ],
									"rotationOrigin": [ 1.125, 0.075, 0.375 ],
									"rotationX": -15.0,
									"faces": {
										"north": { "texture": "#corroded helmet", "uv": [ 11.5, 13.5, 13.0, 14.5 ], "autoUv": false },
										"east": { "texture": "#corroded helmet", "uv": [ 10.0, 2.0, 10.5, 3.0 ], "autoUv": false },
										"south": { "texture": "#corroded helmet", "uv": [ 12.0, 12.5, 13.5, 13.5 ], "autoUv": false },
										"west": { "texture": "#corroded helmet", "uv": [ 13.0, 12.5, 13.5, 13.5 ], "autoUv": false },
										"up": { "texture": "#corroded helmet", "uv": [ 1.0, 6.5, 2.5, 7.0 ], "autoUv": false },
										"down": { "texture": "#corroded helmet", "uv": [ 11.0, 1.5, 12.5, 2.0 ], "autoUv": false }
									}
								},
								{
									"name": "Cube40",
									"from": [ 0.0, -0.375, 0.0 ],
									"to": [ 0.375, 0.0, 0.375 ],
									"rotationOrigin": [ 0.0, 0.0, 0.375 ],
									"rotationX": -15.0,
									"faces": {
										"north": { "texture": "#corroded helmet", "uv": [ 11.5, 13.5, 12.0, 14.0 ], "autoUv": false },
										"east": { "texture": "#corroded helmet", "uv": [ 10.0, 2.0, 10.5, 2.5 ], "autoUv": false },
										"south": { "texture": "#corroded helmet", "uv": [ 10.5, 9.5, 11.0, 10.0 ], "autoUv": false },
										"west": { "texture": "#corroded helmet", "uv": [ 13.0, 12.5, 13.5, 13.0 ], "autoUv": false },
										"up": { "texture": "#corroded helmet", "uv": [ 1.0, 6.5, 1.5, 7.0 ], "autoUv": false },
										"down": { "texture": "#corroded helmet", "uv": [ 11.0, 1.5, 11.5, 2.0 ], "autoUv": false }
									}
								},
								{
									"name": "Cube41",
									"from": [ -0.75, 0.75, 0.0 ],
									"to": [ 0.0, 1.125, 0.375 ],
									"rotationOrigin": [ 0.0, 1.125, 0.375 ],
									"rotationZ": 6.0,
									"faces": {
										"north": { "texture": "#corroded helmet", "uv": [ 11.5, 13.5, 12.5, 14.0 ], "autoUv": false },
										"east": { "texture": "#corroded helmet", "uv": [ 10.0, 2.0, 10.5, 2.5 ], "autoUv": false },
										"south": { "texture": "#corroded helmet", "uv": [ 10.5, 9.5, 11.5, 10.0 ], "autoUv": false },
										"west": { "texture": "#corroded helmet", "uv": [ 13.0, 12.5, 13.5, 13.0 ], "autoUv": false },
										"up": { "texture": "#corroded helmet", "uv": [ 1.0, 6.5, 2.0, 7.0 ], "autoUv": false },
										"down": { "texture": "#corroded helmet", "uv": [ 11.0, 1.5, 12.0, 2.0 ], "autoUv": false }
									}
								}
							]
						}
					]
				},
				{
					"name": "back",
					"from": [ 4.125, -2.625, 0.075 ],
					"to": [ 4.5, 0.0, 3.825 ],
					"rotationOrigin": [ 4.125, 0.0, 1.95 ],
					"rotationZ": 3.0,
					"faces": {
						"north": { "texture": "#corroded helmet", "uv": [ 10.0, 1.0, 10.5, 4.5 ], "rotation": 180, "autoUv": false },
						"east": { "texture": "#corroded helmet", "uv": [ 5.5, 1.0, 10.5, 4.5 ], "rotation": 180, "autoUv": false },
						"south": { "texture": "#corroded helmet", "uv": [ 5.5, 1.0, 6.0, 4.5 ], "rotation": 180, "autoUv": false },
						"west": { "texture": "#corroded helmet", "uv": [ 0.0, 0.0, 5.0, 3.5 ], "autoUv": false },
						"up": { "texture": "#corroded helmet", "uv": [ 0.0, 0.0, 0.5, 5.0 ], "autoUv": false },
						"down": { "texture": "#corroded helmet", "uv": [ 5.5, 1.0, 10.5, 1.5 ], "rotation": 90, "autoUv": false }
					},
					"children": [
						{
							"name": "Cube34",
							"from": [ 0.0, -1.5, 0.375 ],
							"to": [ 0.375, 0.0, 3.375 ],
							"rotationOrigin": [ 0.0, 0.0, 0.375 ],
							"rotationZ": 10.0,
							"faces": {
								"north": { "texture": "#corroded helmet", "uv": [ 5.0, 1.5, 5.5, 3.5 ], "autoUv": false },
								"east": { "texture": "#corroded helmet", "uv": [ 6.0, 3.0, 10.0, 5.0 ], "autoUv": false },
								"south": { "texture": "#corroded helmet", "uv": [ 2.0, 9.5, 2.5, 11.5 ], "autoUv": false },
								"west": { "texture": "#corroded helmet", "uv": [ 9.5, 3.0, 13.5, 5.0 ], "autoUv": false },
								"up": { "texture": "#corroded helmet", "uv": [ 7.5, 8.0, 8.0, 12.0 ], "autoUv": false },
								"down": { "texture": "#corroded helmet", "uv": [ 1.0, 8.5, 1.5, 12.5 ], "autoUv": false }
							},
							"children": [
								{
									"name": "Cube36",
									"from": [ 0.0, -0.3, 0.375 ],
									"to": [ 0.375, 0.075, 2.625 ],
									"rotationOrigin": [ 0.375, 0.075, 0.375 ],
									"rotationZ": 18.0,
									"faces": {
										"north": { "texture": "#corroded helmet", "uv": [ 0.0, 0.0, 0.5, 0.5 ], "autoUv": false },
										"east": { "texture": "#corroded helmet", "uv": [ 0.0, 0.0, 3.0, 0.5 ], "autoUv": false },
										"south": { "texture": "#corroded helmet", "uv": [ 0.0, 0.0, 0.5, 0.5 ], "autoUv": false },
										"west": { "texture": "#corroded helmet", "uv": [ 0.0, 0.0, 3.0, 0.5 ], "autoUv": false },
										"up": { "texture": "#corroded helmet", "uv": [ 0.0, 0.0, 0.5, 3.0 ], "autoUv": false },
										"down": { "texture": "#corroded helmet", "uv": [ 0.0, 0.0, 0.5, 3.0 ], "autoUv": false }
									}
								}
							]
						}
					]
				}
			]
		}
	]}