{
	"editor": {
		"backDropShape": "entity/humanoid/seraph-hairless",
		"collapsedPaths": "Root/bandN/toothR1,Root/bandN/toothL1",
		"allAngles": false,
		"entityTextureMode": false
	},
	"textureWidth": 16,
	"textureHeight": 16,
	"textureSizes": {
	},
	"textures": {
	},
	"elements": [
		{
			"name": "Glasses-nasal",
			"stepParentName": "Head",
			"from": [ -0.15, 1.575, 1.575 ],
			"to": [ -0.075, 1.65, 2.175 ],
			"rotationOrigin": [ -0.15, 1.575, 1.875 ],
			"faces": {
				"west": { "texture": "#brass", "uv": [ 6.0, 5.5, 6.5, 6.0 ], "autoUv": false },
				"up": { "texture": "#brass", "uv": [ 14.5, 10.5, 15.0, 11.0 ], "autoUv": false },
				"down": { "texture": "#brass", "uv": [ 7.0, 1.0, 7.5, 1.5 ], "autoUv": false }
			},
			"children": [
				{
					"name": "Lens-R",
					"from": [ 0.0, -0.15, -0.975 ],
					"to": [ 0.075, 0.375, -0.075 ],
					"rotationOrigin": [ 0.0, -0.15, -0.9 ],
					"faces": {
						"north": { "texture": "#plain", "uv": [ 12.5, 11.0, 13.0, 11.5 ], "autoUv": false },
						"east": { "texture": "#plain", "uv": [ 12.0, 0.5, 13.0, 1.0 ], "autoUv": false },
						"south": { "texture": "#plain", "uv": [ 3.0, 4.5, 3.5, 5.0 ], "autoUv": false },
						"west": { "texture": "#plain", "uv": [ 4.0, 11.0, 5.0, 11.5 ], "autoUv": false },
						"up": { "texture": "#plain", "uv": [ 0.5, 7.5, 1.0, 8.5 ], "autoUv": false }
					},
					"children": [
						{
							"name": "Frame-R1",
							"from": [ -0.0375, -0.075, 0.0 ],
							"to": [ 0.075, 0.0, 0.9 ],
							"rotationOrigin": [ 0.0, -0.075, 0.0 ],
							"faces": {
								"west": { "texture": "#brass", "uv": [ 3.0, 4.0, 4.0, 4.5 ], "autoUv": false },
								"up": { "texture": "#brass", "uv": [ 10.0, 14.5, 10.5, 15.5 ], "autoUv": false },
								"down": { "texture": "#brass", "uv": [ 12.0, 2.0, 12.5, 3.0 ], "autoUv": false }
							}
						},
						{
							"name": "Frame-R2",
							"from": [ -0.0375, -0.075, 0.9 ],
							"to": [ 0.075, 0.225, 0.975 ],
							"rotationOrigin": [ 0.0, -0.075, 0.9 ],
							"faces": {
								"north": { "texture": "#brass", "uv": [ 8.5, 6.5, 9.0, 7.0 ], "autoUv": false, "windMode": [-1,-1,-1,-1] },
								"east": { "texture": "#brass", "uv": [ 7.5, 7.5, 8.0, 8.0 ], "autoUv": false, "windMode": [-1,-1,-1,-1] },
								"south": { "texture": "#brass", "uv": [ 12.5, 4.5, 13.0, 5.0 ], "autoUv": false, "windMode": [-1,-1,-1,-1] },
								"west": { "texture": "#brass", "uv": [ 13.5, 8.5, 14.0, 9.0 ], "autoUv": false },
								"up": { "texture": "#brass", "uv": [ 11.5, 3.5, 12.0, 4.0 ], "autoUv": false },
								"down": { "texture": "#brass", "uv": [ 4.5, 8.5, 5.0, 9.0 ], "autoUv": false }
							}
						},
						{
							"name": "Frame-R3",
							"from": [ -0.0375, -0.075, -0.075 ],
							"to": [ 0.075, 0.225, 0.0 ],
							"rotationOrigin": [ 0.0, -0.075, -0.075 ],
							"faces": {
								"north": { "texture": "#brass", "uv": [ 15.0, 4.5, 15.5, 5.0 ], "autoUv": false },
								"east": { "texture": "#brass", "uv": [ 6.0, 5.5, 6.5, 6.0 ], "autoUv": false },
								"south": { "texture": "#brass", "uv": [ 11.0, 0.0, 11.5, 0.5 ], "autoUv": false },
								"west": { "texture": "#brass", "uv": [ 9.0, 2.5, 9.5, 3.0 ], "autoUv": false },
								"up": { "texture": "#brass", "uv": [ 7.0, 3.5, 7.5, 4.0 ], "autoUv": false },
								"down": { "texture": "#brass", "uv": [ 10.0, 5.0, 10.5, 5.5 ], "autoUv": false }
							}
						}
					]
				},
				{
					"name": "Lens-L",
					"from": [ 0.0, -0.15, 0.675 ],
					"to": [ 0.075, 0.375, 1.575 ],
					"rotationOrigin": [ 0.0, -0.15, 1.5 ],
					"faces": {
						"north": { "texture": "#plain", "uv": [ 5.0, 8.5, 5.5, 9.0 ], "autoUv": false },
						"east": { "texture": "#plain", "uv": [ 4.5, 6.0, 5.5, 6.5 ], "autoUv": false },
						"south": { "texture": "#plain", "uv": [ 6.0, 13.0, 6.5, 13.5 ], "autoUv": false },
						"west": { "texture": "#plain", "uv": [ 6.5, 3.5, 7.5, 4.0 ], "autoUv": false },
						"up": { "texture": "#plain", "uv": [ 1.0, 8.0, 1.5, 9.0 ], "autoUv": false }
					},
					"children": [
						{
							"name": "Frame-L1",
							"from": [ -0.0375, -0.075, 0.0 ],
							"to": [ 0.075, 0.0, 0.9 ],
							"faces": {
								"west": { "texture": "#brass", "uv": [ 12.0, 3.5, 13.0, 4.0 ], "autoUv": false },
								"up": { "texture": "#brass", "uv": [ 1.5, 3.5, 2.0, 4.5 ], "autoUv": false },
								"down": { "texture": "#brass", "uv": [ 1.0, 5.5, 1.5, 6.5 ], "autoUv": false }
							}
						},
						{
							"name": "Frame-L2",
							"from": [ -0.0375, -0.075, -0.075 ],
							"to": [ 0.075, 0.225, 0.0 ],
							"rotationOrigin": [ 0.0, 0.0, -0.075 ],
							"faces": {
								"north": { "texture": "#brass", "uv": [ 12.5, 1.0, 13.0, 1.5 ], "autoUv": false, "windMode": [-1,-1,-1,-1] },
								"south": { "texture": "#brass", "uv": [ 10.0, 4.5, 10.5, 5.0 ], "autoUv": false, "windMode": [-1,-1,-1,-1] },
								"west": { "texture": "#brass", "uv": [ 6.0, 1.5, 6.5, 2.0 ], "autoUv": false },
								"up": { "texture": "#brass", "uv": [ 9.0, 14.0, 9.5, 14.5 ], "autoUv": false },
								"down": { "texture": "#brass", "uv": [ 0.0, 10.0, 0.5, 10.5 ], "autoUv": false }
							}
						},
						{
							"name": "Frame-L3",
							"from": [ -0.0375, -0.075, 0.9 ],
							"to": [ 0.075, 0.225, 0.975 ],
							"rotationOrigin": [ 0.0, 0.0, 0.9 ],
							"faces": {
								"north": { "texture": "#brass", "uv": [ 5.5, 9.5, 6.0, 10.0 ], "autoUv": false },
								"south": { "texture": "#brass", "uv": [ 9.0, 0.5, 9.5, 1.0 ], "autoUv": false },
								"west": { "texture": "#brass", "uv": [ 3.0, 13.0, 3.5, 13.5 ], "autoUv": false },
								"up": { "texture": "#brass", "uv": [ 10.0, 10.0, 10.5, 10.5 ], "autoUv": false },
								"down": { "texture": "#brass", "uv": [ 6.0, 0.5, 6.5, 1.0 ], "autoUv": false }
							}
						}
					]
				},
				{
					"name": "Face-R",
					"from": [ 0.0, 0.0, -1.65 ],
					"to": [ 0.075, 0.075, -1.05 ],
					"rotationOrigin": [ 0.0, 0.0, -1.575 ],
					"faces": {
						"north": { "texture": "#brass", "uv": [ 13.0, 9.0, 13.5, 9.5 ], "autoUv": false },
						"west": { "texture": "#brass", "uv": [ 14.5, 11.0, 15.0, 11.5 ], "autoUv": false },
						"up": { "texture": "#brass", "uv": [ 2.0, 3.0, 2.5, 3.5 ], "autoUv": false },
						"down": { "texture": "#brass", "uv": [ 8.5, 8.0, 9.0, 8.5 ], "autoUv": false }
					},
					"children": [
						{
							"name": "Ear-R",
							"from": [ 0.075, 0.0, 0.0 ],
							"to": [ 3.075, 0.075, 0.075 ],
							"rotationOrigin": [ 0.075, 0.0, 0.0 ],
							"faces": {
								"north": { "texture": "#brass", "uv": [ 11.0, 0.5, 15.0, 1.0 ], "autoUv": false },
								"east": { "texture": "#brass", "uv": [ 11.0, 3.0, 11.5, 3.5 ], "autoUv": false },
								"up": { "texture": "#brass", "uv": [ 2.0, 9.5, 6.0, 10.0 ], "autoUv": false },
								"down": { "texture": "#brass", "uv": [ 3.0, 13.5, 7.0, 14.0 ], "autoUv": false }
							}
						}
					]
				},
				{
					"name": "Face-L",
					"from": [ 0.0, 0.0, 1.65 ],
					"to": [ 0.075, 0.075, 2.25 ],
					"rotationOrigin": [ 0.0, 0.0, 1.725 ],
					"faces": {
						"south": { "texture": "#brass", "uv": [ 2.0, 10.0, 2.5, 10.5 ], "autoUv": false, "windMode": [-1,-1,-1,-1] },
						"west": { "texture": "#brass", "uv": [ 13.0, 6.5, 13.5, 7.0 ], "autoUv": false },
						"up": { "texture": "#brass", "uv": [ 0.0, 8.5, 0.5, 9.0 ], "autoUv": false },
						"down": { "texture": "#brass", "uv": [ 8.0, 15.0, 8.5, 15.5 ], "autoUv": false }
					},
					"children": [
						{
							"name": "Ear-L",
							"from": [ 0.075, 0.0, 0.525 ],
							"to": [ 3.075, 0.075, 0.6 ],
							"rotationOrigin": [ 0.075, 0.0, 0.525 ],
							"faces": {
								"east": { "texture": "#brass", "uv": [ 15.0, 3.0, 15.5, 3.5 ], "autoUv": false },
								"south": { "texture": "#brass", "uv": [ 4.5, 4.0, 8.5, 4.5 ], "autoUv": false },
								"up": { "texture": "#brass", "uv": [ 0.0, 8.0, 4.0, 8.5 ], "autoUv": false },
								"down": { "texture": "#brass", "uv": [ 7.5, 13.5, 11.5, 14.0 ], "autoUv": false }
							}
						}
					]
				}
			]
		}
	]}