{
	"editor": {
		"backDropShape": "entity/humanoid/seraph-hairless",
		"collapsedPaths": "Root/origin",
		"allAngles": true,
		"entityTextureMode": false
	},
	"textureWidth": 16,
	"textureHeight": 16,
	"textureSizes": {
	},
	"textures": {
	},
	"elements": [
		{
			"name": "origin",
			"stepParentName": "Head",
			"from": [ -0.375, 0.75, 1.725 ],
			"to": [ -0.375, 0.75, 1.725 ],
			"rotationOrigin": [ -0.375, 0.75, 1.725 ],
			"rotationZ": -4.0,
			"faces": {
			},
			"children": [
				{
					"name": "L side",
					"from": [ -0.6, 0.0, -1.725 ],
					"to": [ -0.225, 1.875, 0.15 ],
					"rotationOrigin": [ -0.6, 0.0, 0.15 ],
					"rotationY": -20.0,
					"faces": {
						"north": { "texture": "#mask-bird", "uv": [ 0.0, 0.0, 0.5, 2.5 ], "autoUv": false },
						"east": { "texture": "#mask-bird", "uv": [ 5.5, 2.0, 8.0, 4.5 ], "autoUv": false },
						"south": { "texture": "#mask-bird", "uv": [ 0.0, 0.0, 0.5, 2.5 ], "autoUv": false },
						"west": { "texture": "#mask-bird", "uv": [ 5.0, 2.5, 7.5, 5.0 ], "autoUv": false },
						"up": { "texture": "#mask-bird", "uv": [ 0.0, 0.0, 0.5, 2.5 ], "autoUv": false },
						"down": { "texture": "#mask-bird", "uv": [ 0.0, 0.0, 0.5, 2.5 ], "autoUv": false }
					},
					"children": [
						{
							"name": "L string",
							"from": [ 0.0, 0.75, -0.375 ],
							"to": [ 4.425, 1.125, 0.0 ],
							"rotationOrigin": [ 0.0, 1.125, -0.375 ],
							"rotationY": 18.0,
							"rotationZ": -1.0,
							"faces": {
								"north": { "texture": "#mask-bird", "uv": [ 0.0, 0.0, 5.5, 0.5 ], "autoUv": false },
								"east": { "texture": "#mask-bird", "uv": [ 0.0, 0.0, 0.5, 0.5 ], "autoUv": false },
								"south": { "texture": "#mask-bird", "uv": [ 0.0, 0.0, 5.5, 0.5 ], "autoUv": false },
								"west": { "texture": "#mask-bird", "uv": [ 0.0, 0.0, 0.5, 0.5 ], "autoUv": false },
								"up": { "texture": "#mask-bird", "uv": [ 0.0, 0.0, 5.5, 0.5 ], "autoUv": false },
								"down": { "texture": "#mask-bird", "uv": [ 0.0, 0.0, 5.5, 0.5 ], "autoUv": false }
							}
						},
						{
							"name": "Cube19",
							"from": [ 0.0, 0.0, -0.375 ],
							"to": [ 0.375, 1.125, 0.0 ],
							"renderInEditor": false,
							"faces": {
								"north": { "texture": "#mask-bird", "uv": [ 12.5, 12.0, 13.0, 13.5 ], "autoUv": false },
								"east": { "texture": "#mask-bird", "uv": [ 12.0, 12.5, 12.5, 14.0 ], "autoUv": false },
								"south": { "texture": "#mask-bird", "uv": [ 12.0, 12.0, 12.5, 13.5 ], "autoUv": false },
								"west": { "texture": "#mask-bird", "uv": [ 15.0, 13.0, 15.5, 14.5 ], "autoUv": false },
								"up": { "texture": "#mask-bird", "uv": [ 14.0, 12.5, 14.5, 13.0 ], "autoUv": false },
								"down": { "texture": "#mask-bird", "uv": [ 13.5, 12.0, 14.0, 12.5 ], "autoUv": false }
							}
						}
					]
				},
				{
					"name": "R side",
					"from": [ -0.6, 0.0, 0.15 ],
					"to": [ -0.225, 1.875, 2.025 ],
					"rotationOrigin": [ -0.6, 0.0, 0.15 ],
					"rotationY": 20.0,
					"faces": {
						"north": { "texture": "#mask-bird", "uv": [ 0.0, 0.0, 0.5, 2.5 ], "autoUv": false },
						"east": { "texture": "#mask-bird", "uv": [ 7.0, 2.0, 9.5, 4.5 ], "autoUv": false },
						"south": { "texture": "#mask-bird", "uv": [ 11.5, 0.5, 12.0, 3.0 ], "autoUv": false },
						"west": { "texture": "#mask-bird", "uv": [ 7.5, 2.5, 10.0, 5.0 ], "autoUv": false },
						"up": { "texture": "#mask-bird", "uv": [ 0.0, 0.0, 0.5, 2.5 ], "autoUv": false },
						"down": { "texture": "#mask-bird", "uv": [ 0.0, 0.0, 0.5, 2.5 ], "autoUv": false }
					},
					"children": [
						{
							"name": "R string",
							"from": [ 0.075, 0.75, 1.875 ],
							"to": [ 4.425, 1.125, 2.25 ],
							"rotationOrigin": [ 0.075, 1.125, 2.175 ],
							"rotationY": -18.0,
							"rotationZ": -1.0,
							"faces": {
								"north": { "texture": "#mask-bird", "uv": [ 0.0, 0.0, 5.5, 0.5 ], "autoUv": false },
								"east": { "texture": "#mask-bird", "uv": [ 0.0, 0.0, 0.5, 0.5 ], "autoUv": false },
								"south": { "texture": "#mask-bird", "uv": [ 0.0, 0.0, 5.5, 0.5 ], "autoUv": false },
								"west": { "texture": "#mask-bird", "uv": [ 0.0, 0.0, 0.5, 0.5 ], "autoUv": false },
								"up": { "texture": "#mask-bird", "uv": [ 0.0, 0.0, 5.5, 0.5 ], "autoUv": false },
								"down": { "texture": "#mask-bird", "uv": [ 0.0, 0.0, 5.5, 0.5 ], "autoUv": false }
							}
						},
						{
							"name": "Cube20",
							"from": [ 0.0, 0.0, 1.875 ],
							"to": [ 0.375, 1.125, 2.25 ],
							"renderInEditor": false,
							"rotationOrigin": [ 0.0, 0.0, 1.875 ],
							"faces": {
								"north": { "texture": "#mask-bird", "uv": [ 12.5, 12.0, 13.0, 13.5 ], "autoUv": false },
								"east": { "texture": "#mask-bird", "uv": [ 12.5, 11.5, 13.0, 13.0 ], "autoUv": false },
								"south": { "texture": "#mask-bird", "uv": [ 13.0, 13.0, 13.5, 14.5 ], "autoUv": false },
								"west": { "texture": "#mask-bird", "uv": [ 10.0, 3.5, 10.5, 5.0 ], "autoUv": false },
								"up": { "texture": "#mask-bird", "uv": [ 14.0, 13.5, 14.5, 14.0 ], "autoUv": false },
								"down": { "texture": "#mask-bird", "uv": [ 12.5, 12.0, 13.0, 12.5 ], "autoUv": false }
							}
						}
					]
				},
				{
					"name": "L bottom tile",
					"from": [ -0.525, -0.375, -1.725 ],
					"to": [ -0.15, 0.0, -0.225 ],
					"rotationOrigin": [ -0.525, -0.375, -0.225 ],
					"rotationY": -20.0,
					"faces": {
						"north": { "texture": "#mask-bird", "uv": [ 0.0, 0.0, 0.5, 0.5 ], "autoUv": false },
						"east": { "texture": "#mask-bird", "uv": [ 0.0, 0.0, 2.0, 0.5 ], "autoUv": false },
						"south": { "texture": "#mask-bird", "uv": [ 7.0, 4.5, 7.5, 5.0 ], "autoUv": false },
						"west": { "texture": "#mask-bird", "uv": [ 5.5, 4.5, 7.5, 5.0 ], "autoUv": false },
						"up": { "texture": "#mask-bird", "uv": [ 0.0, 0.0, 0.5, 2.0 ], "autoUv": false },
						"down": { "texture": "#mask-bird", "uv": [ 0.0, 0.0, 0.5, 2.0 ], "autoUv": false }
					},
					"children": [
						{
							"name": "L bottom tile14",
							"from": [ 0.0, -0.375, 0.375 ],
							"to": [ 0.375, 0.0, 1.125 ],
							"rotationOrigin": [ 0.0, -0.375, 1.2 ],
							"faces": {
								"north": { "texture": "#mask-bird", "uv": [ 0.0, 0.0, 0.5, 0.5 ], "autoUv": false },
								"east": { "texture": "#mask-bird", "uv": [ 0.0, 0.0, 1.0, 0.5 ], "autoUv": false },
								"south": { "texture": "#mask-bird", "uv": [ 0.0, 0.0, 0.5, 0.5 ], "autoUv": false },
								"west": { "texture": "#mask-bird", "uv": [ 6.0, 5.0, 7.0, 5.5 ], "autoUv": false },
								"up": { "texture": "#mask-bird", "uv": [ 0.0, 0.0, 0.5, 1.0 ], "autoUv": false },
								"down": { "texture": "#mask-bird", "uv": [ 0.0, 0.0, 0.5, 1.0 ], "autoUv": false }
							}
						}
					]
				},
				{
					"name": "R bottom tile",
					"from": [ -0.525, -0.375, 0.525 ],
					"to": [ -0.15, 0.0, 2.025 ],
					"rotationOrigin": [ -0.525, -0.375, 0.525 ],
					"rotationY": 20.0,
					"faces": {
						"north": { "texture": "#mask-bird", "uv": [ 7.5, 4.5, 8.0, 5.0 ], "autoUv": false },
						"east": { "texture": "#mask-bird", "uv": [ 0.0, 0.0, 2.0, 0.5 ], "autoUv": false },
						"south": { "texture": "#mask-bird", "uv": [ 0.0, 0.0, 0.5, 0.5 ], "autoUv": false },
						"west": { "texture": "#mask-bird", "uv": [ 7.5, 4.5, 9.5, 5.0 ], "autoUv": false },
						"up": { "texture": "#mask-bird", "uv": [ 0.0, 0.0, 0.5, 2.0 ], "autoUv": false },
						"down": { "texture": "#mask-bird", "uv": [ 0.0, 0.0, 0.5, 2.0 ], "autoUv": false }
					},
					"children": [
						{
							"name": "R bottom tile15",
							"from": [ 0.0, -0.375, 0.375 ],
							"to": [ 0.375, 0.0, 1.125 ],
							"rotationOrigin": [ 0.0, -0.375, 0.375 ],
							"faces": {
								"north": { "texture": "#mask-bird", "uv": [ 0.0, 0.0, 0.5, 0.5 ], "autoUv": false },
								"east": { "texture": "#mask-bird", "uv": [ 0.0, 0.0, 1.0, 0.5 ], "autoUv": false },
								"south": { "texture": "#mask-bird", "uv": [ 0.0, 0.0, 0.5, 0.5 ], "autoUv": false },
								"west": { "texture": "#mask-bird", "uv": [ 7.5, 5.0, 8.5, 5.5 ], "autoUv": false },
								"up": { "texture": "#mask-bird", "uv": [ 0.0, 0.0, 0.5, 1.0 ], "autoUv": false },
								"down": { "texture": "#mask-bird", "uv": [ 0.0, 0.0, 0.5, 1.0 ], "autoUv": false }
							}
						}
					]
				},
				{
					"name": "string back",
					"from": [ 4.2, 0.675, -1.725 ],
					"to": [ 4.575, 1.05, 2.025 ],
					"rotationOrigin": [ 4.2, 1.05, 0.075 ],
					"rotationZ": 1.0,
					"faces": {
						"north": { "texture": "#mask-bird", "uv": [ 0.0, 0.0, 0.5, 0.5 ], "autoUv": false },
						"east": { "texture": "#mask-bird", "uv": [ 0.0, 0.0, 5.0, 0.5 ], "autoUv": false },
						"south": { "texture": "#mask-bird", "uv": [ 0.0, 0.0, 0.5, 0.5 ], "autoUv": false },
						"west": { "texture": "#mask-bird", "uv": [ 0.0, 0.0, 5.0, 0.5 ], "autoUv": false },
						"up": { "texture": "#mask-bird", "uv": [ 0.0, 0.0, 0.5, 5.0 ], "autoUv": false },
						"down": { "texture": "#mask-bird", "uv": [ 0.0, 0.0, 0.5, 5.0 ], "autoUv": false }
					}
				},
				{
					"name": "nose",
					"from": [ -0.825, 0.15, -0.075 ],
					"to": [ -0.45, 0.9, 0.375 ],
					"rotationOrigin": [ -0.825, 0.15, 0.3 ],
					"rotationZ": -16.0,
					"faces": {
						"north": { "texture": "#mask-bird", "uv": [ 7.0, 4.5, 7.5, 5.5 ], "autoUv": false },
						"east": { "texture": "#mask-bird", "uv": [ 7.0, 4.5, 7.5, 5.5 ], "autoUv": false },
						"south": { "texture": "#mask-bird", "uv": [ 7.0, 4.5, 7.5, 5.5 ], "autoUv": false },
						"west": { "texture": "#mask-bird", "uv": [ 7.0, 4.5, 7.5, 5.5 ], "autoUv": false },
						"up": { "texture": "#mask-bird", "uv": [ 7.0, 4.5, 7.5, 5.0 ], "rotation": 90, "autoUv": false },
						"down": { "texture": "#mask-bird", "uv": [ 7.0, 4.5, 7.5, 5.0 ], "rotation": 90, "autoUv": false }
					},
					"children": [
						{
							"name": "Cube1",
							"from": [ -0.45, -0.15, 0.075 ],
							"to": [ 0.3, 0.225, 0.375 ],
							"rotationOrigin": [ -0.45, -0.15, 0.075 ],
							"rotationZ": 17.0,
							"faces": {
								"north": { "texture": "#mask-bird", "uv": [ 0.0, 0.0, 1.0, 0.5 ], "autoUv": false },
								"east": { "texture": "#mask-bird", "uv": [ 0.0, 0.0, 0.5, 0.5 ], "autoUv": false },
								"south": { "texture": "#mask-bird", "uv": [ 0.0, 0.0, 1.0, 0.5 ], "autoUv": false },
								"west": { "texture": "#mask-bird", "uv": [ 0.0, 0.0, 0.5, 0.5 ], "autoUv": false },
								"up": { "texture": "#mask-bird", "uv": [ 0.0, 0.0, 1.0, 0.5 ], "autoUv": false },
								"down": { "texture": "#mask-bird", "uv": [ 0.0, 0.0, 1.0, 0.5 ], "autoUv": false }
							},
							"children": [
								{
									"name": "Cube16",
									"from": [ -1.425, 0.0, 0.0 ],
									"to": [ 0.075, 0.375, 0.3 ],
									"rotationOrigin": [ 0.075, 0.0, 0.225 ],
									"rotationZ": 6.0,
									"faces": {
										"north": { "texture": "#mask-bird", "uv": [ 0.0, 0.0, 2.0, 0.5 ], "autoUv": false },
										"east": { "texture": "#mask-bird", "uv": [ 0.0, 0.0, 0.5, 0.5 ], "autoUv": false },
										"south": { "texture": "#mask-bird", "uv": [ 0.0, 0.0, 2.0, 0.5 ], "autoUv": false },
										"west": { "texture": "#mask-bird", "uv": [ 0.0, 0.0, 0.5, 0.5 ], "autoUv": false },
										"up": { "texture": "#mask-bird", "uv": [ 0.0, 0.0, 2.0, 0.5 ], "autoUv": false },
										"down": { "texture": "#mask-bird", "uv": [ 0.0, 0.0, 2.0, 0.5 ], "autoUv": false }
									},
									"children": [
										{
											"name": "Cube17",
											"from": [ -1.35, 0.0, 0.0 ],
											"to": [ 0.15, 0.375, 0.3 ],
											"rotationOrigin": [ 0.15, 0.0, 0.225 ],
											"rotationZ": 13.0,
											"faces": {
												"north": { "texture": "#mask-bird", "uv": [ 0.0, 0.0, 2.0, 0.5 ], "autoUv": false },
												"east": { "texture": "#mask-bird", "uv": [ 0.0, 0.0, 0.5, 0.5 ], "autoUv": false },
												"south": { "texture": "#mask-bird", "uv": [ 0.0, 0.0, 2.0, 0.5 ], "autoUv": false },
												"west": { "texture": "#mask-bird", "uv": [ 0.0, 0.0, 0.5, 0.5 ], "autoUv": false },
												"up": { "texture": "#mask-bird", "uv": [ 0.0, 0.0, 2.0, 0.5 ], "autoUv": false },
												"down": { "texture": "#mask-bird", "uv": [ 0.0, 0.0, 2.0, 0.5 ], "autoUv": false }
											}
										}
									]
								}
							]
						}
					]
				},
				{
					"name": "head cover",
					"from": [ 0.075, -2.85, -1.8 ],
					"to": [ 4.725, 2.55, 2.1 ],
					"renderInEditor": false,
					"rotationOrigin": [ 0.075, -2.85, -1.8 ],
					"faces": {
						"north": { "texture": "#mask-bird", "uv": [ 0.0, 0.0, 6.0, 7.0 ], "autoUv": false },
						"east": { "texture": "#mask-bird", "uv": [ 0.0, 0.0, 5.0, 7.0 ], "autoUv": false },
						"south": { "texture": "#mask-bird", "uv": [ 0.0, 0.0, 6.0, 7.0 ], "autoUv": false },
						"west": { "texture": "#mask-bird", "uv": [ 0.0, 0.0, 5.0, 7.0 ], "autoUv": false },
						"up": { "texture": "#mask-bird", "uv": [ 0.0, 0.0, 6.0, 5.0 ], "autoUv": false }
					}
				}
			]
		}
	]}