{
	"editor": {
		"backDropShape": "/entity/humanoid/seraph",
		"collapsedPaths": "Root/monocle-lens",
		"allAngles": false,
		"entityTextureMode": false
	},
	"textureWidth": 16,
	"textureHeight": 16,
	"textureSizes": {
	},
	"textures": {
	},
	"elements": [
		{
			"name": "monocle-lens",
			"stepParentName": "Head",
			"from": [ -0.15, 1.275, 0.675 ],
			"to": [ -0.075, 2.025, 1.425 ],
			"renderPass": 3,
			"rotationOrigin": [ -0.15, 1.65, 1.05 ],
			"faces": {
				"west": { "texture": "#plain", "uv": [ 0.0, 0.0, 0.75, 0.75 ] }
			},
			"children": [
				{
					"name": "edge-d",
					"from": [ -0.0375, -0.075, 0.0 ],
					"to": [ 0.1125, 0.0, 0.825 ],
					"rotationOrigin": [ 0.0, -0.075, 0.0 ],
					"faces": {
						"south": { "texture": "#brass", "uv": [ 0.0, 0.0, 0.375, 0.375 ] },
						"west": { "texture": "#brass", "uv": [ 0.0, 0.0, 0.75, 0.375 ] },
						"up": { "texture": "#brass", "uv": [ 0.0, 0.0, 0.375, 0.75 ] },
						"down": { "texture": "#brass", "uv": [ 0.0, 0.0, 0.375, 0.75 ] }
					}
				},
				{
					"name": "edge-u",
					"from": [ -0.0375, 0.75, -0.075 ],
					"to": [ 0.1125, 0.825, 0.75 ],
					"rotationOrigin": [ 0.0, 0.75, -0.075 ],
					"faces": {
						"north": { "texture": "#brass", "uv": [ 0.0, 0.0, 0.375, 0.375 ] },
						"west": { "texture": "#brass", "uv": [ 0.0, 0.0, 0.75, 0.375 ] },
						"up": { "texture": "#brass", "uv": [ 0.0, 0.0, 0.375, 0.75 ] },
						"down": { "texture": "#brass", "uv": [ 0.0, 0.0, 0.375, 0.75 ] }
					}
				},
				{
					"name": "edge-r",
					"from": [ -0.0375, -0.075, -0.075 ],
					"to": [ 0.1125, 0.75, 0.0 ],
					"rotationOrigin": [ 0.0, -0.075, -0.075 ],
					"faces": {
						"north": { "texture": "#brass", "uv": [ 0.0, 0.0, 0.375, 0.75 ] },
						"south": { "texture": "#brass", "uv": [ 0.0, 0.0, 0.375, 0.75 ] },
						"west": { "texture": "#brass", "uv": [ 0.0, 0.0, 0.375, 0.75 ] },
						"down": { "texture": "#brass", "uv": [ 0.0, 0.0, 0.375, 0.375 ] }
					}
				},
				{
					"name": "edge-l",
					"from": [ -0.0375, 0.0, 0.75 ],
					"to": [ 0.1125, 0.825, 0.825 ],
					"rotationOrigin": [ 0.0, 0.0, 0.75 ],
					"faces": {
						"north": { "texture": "#brass", "uv": [ 0.0, 0.0, 0.375, 0.75 ] },
						"south": { "texture": "#brass", "uv": [ 0.0, 0.0, 0.375, 0.75 ] },
						"west": { "texture": "#brass", "uv": [ 0.0, 0.0, 0.375, 0.75 ] },
						"up": { "texture": "#brass", "uv": [ 0.0, 0.0, 0.375, 0.375 ], "windMode": [-1,-1,-1,-1] }
					}
				},
				{
					"name": "chain1",
					"from": [ 0.075, -0.225, -0.075 ],
					"to": [ 0.15, 0.0, 0.075 ],
					"rotationOrigin": [ 0.075, 0.0, 0.0 ],
					"rotationX": 45.0,
					"faces": {
						"north": { "texture": "#brass", "uv": [ 0.0, 0.0, 0.375, 0.375 ] },
						"south": { "texture": "#brass", "uv": [ 0.0, 0.0, 0.375, 0.375 ] },
						"west": { "texture": "#brass", "uv": [ 0.0, 0.0, 0.375, 0.375 ] },
						"up": { "texture": "#brass", "uv": [ 0.0, 0.0, 0.375, 0.375 ] },
						"down": { "texture": "#brass", "uv": [ 0.0, 0.0, 0.375, 0.375 ] }
					},
					"children": [
						{
							"name": "chain2",
							"from": [ -0.075, -0.15, 0.0375 ],
							"to": [ 0.0375, 0.075, 0.1125 ],
							"rotationOrigin": [ 0.0, 0.075, 0.075 ],
							"rotationX": 10.0,
							"faces": {
								"north": { "texture": "#brass", "uv": [ 0.0, 0.0, 0.375, 0.375 ] },
								"south": { "texture": "#brass", "uv": [ 0.0, 0.0, 0.375, 0.375 ] },
								"west": { "texture": "#brass", "uv": [ 0.0, 0.0, 0.375, 0.375 ] },
								"up": { "texture": "#brass", "uv": [ 0.0, 0.0, 0.375, 0.375 ] },
								"down": { "texture": "#brass", "uv": [ 0.0, 0.0, 0.375, 0.375 ] }
							},
							"children": [
								{
									"name": "chain3",
									"from": [ 0.075, -0.15, -0.0375 ],
									"to": [ 0.15, 0.075, 0.1125 ],
									"rotationOrigin": [ 0.075, 0.075, 0.0375 ],
									"rotationX": 22.5,
									"faces": {
										"north": { "texture": "#brass", "uv": [ 0.0, 0.0, 0.375, 0.375 ] },
										"south": { "texture": "#brass", "uv": [ 0.0, 0.0, 0.375, 0.375 ] },
										"west": { "texture": "#brass", "uv": [ 0.0, 0.0, 0.375, 0.375 ] },
										"up": { "texture": "#brass", "uv": [ 0.0, 0.0, 0.375, 0.375 ] },
										"down": { "texture": "#brass", "uv": [ 0.0, 0.0, 0.375, 0.375 ] }
									},
									"children": [
										{
											"name": "chain4",
											"from": [ -0.075, -0.165, 0.0525 ],
											"to": [ 0.0375, 0.06, 0.1275 ],
											"rotationOrigin": [ 0.0, 0.0636, 0.0926 ],
											"faces": {
												"north": { "texture": "#brass", "uv": [ 0.0, 0.0, 0.375, 0.375 ] },
												"south": { "texture": "#brass", "uv": [ 0.0, 0.0, 0.375, 0.375 ] },
												"west": { "texture": "#brass", "uv": [ 0.0, 0.0, 0.375, 0.375 ] },
												"up": { "texture": "#brass", "uv": [ 0.0, 0.0, 0.375, 0.375 ] },
												"down": { "texture": "#brass", "uv": [ 0.0, 0.0, 0.375, 0.375 ] }
											},
											"children": [
												{
													"name": "chain5",
													"from": [ 0.075, -0.15, -0.0375 ],
													"to": [ 0.15, 0.075, 0.1125 ],
													"rotationOrigin": [ 0.075, 0.075, 0.0375 ],
													"rotationX": 22.5,
													"rotationZ": 22.5,
													"faces": {
														"north": { "texture": "#brass", "uv": [ 0.0, 0.0, 0.375, 0.375 ] },
														"south": { "texture": "#brass", "uv": [ 0.0, 0.0, 0.375, 0.375 ] },
														"west": { "texture": "#brass", "uv": [ 0.0, 0.0, 0.375, 0.375 ] },
														"up": { "texture": "#brass", "uv": [ 0.0, 0.0, 0.375, 0.375 ] },
														"down": { "texture": "#brass", "uv": [ 0.0, 0.0, 0.375, 0.375 ] }
													}
												}
											]
										}
									]
								}
							]
						}
					]
				},
				{
					"name": "chain6",
					"from": [ 0.15, -0.2625, -0.7875 ],
					"to": [ 0.375, -0.1875, -0.675 ],
					"rotationOrigin": [ 0.15, -0.225, -0.75 ],
					"rotationZ": -5.0,
					"faces": {
						"north": { "texture": "#brass", "uv": [ 0.0, 0.0, 0.375, 0.375 ] },
						"east": { "texture": "#brass", "uv": [ 0.0, 0.0, 0.375, 0.375 ] },
						"west": { "texture": "#brass", "uv": [ 0.0, 0.0, 0.375, 0.375 ] },
						"up": { "texture": "#brass", "uv": [ 0.0, 0.0, 0.375, 0.375 ] },
						"down": { "texture": "#brass", "uv": [ 0.0, 0.0, 0.375, 0.375 ] }
					},
					"children": [
						{
							"name": "chain7",
							"from": [ 0.225, -0.0375, 0.0375 ],
							"to": [ 0.45, 0.1125, 0.1125 ],
							"rotationOrigin": [ 0.225, 0.0375, 0.15 ],
							"rotationZ": 5.0,
							"faces": {
								"north": { "texture": "#brass", "uv": [ 0.0, 0.0, 0.375, 0.375 ] },
								"east": { "texture": "#brass", "uv": [ 0.0, 0.0, 0.375, 0.375 ] },
								"west": { "texture": "#brass", "uv": [ 0.0, 0.0, 0.375, 0.375 ] },
								"up": { "texture": "#brass", "uv": [ 0.0, 0.0, 0.375, 0.375 ] },
								"down": { "texture": "#brass", "uv": [ 0.0, 0.0, 0.375, 0.375 ] }
							},
							"children": [
								{
									"name": "chain8",
									"from": [ 0.1508, 0.0571, -0.0375 ],
									"to": [ 0.3758, 0.1321, 0.075 ],
									"rotationOrigin": [ 0.1508, 0.0946, 0.0 ],
									"rotationZ": 5.0,
									"faces": {
										"north": { "texture": "#brass", "uv": [ 0.0, 0.0, 0.375, 0.375 ] },
										"east": { "texture": "#brass", "uv": [ 0.0, 0.0, 0.375, 0.375 ] },
										"west": { "texture": "#brass", "uv": [ 0.0, 0.0, 0.375, 0.375 ] },
										"up": { "texture": "#brass", "uv": [ 0.0, 0.0, 0.375, 0.375 ] },
										"down": { "texture": "#brass", "uv": [ 0.0, 0.0, 0.375, 0.375 ] }
									},
									"children": [
										{
											"name": "chain9",
											"from": [ 0.225, -0.0375, 0.0375 ],
											"to": [ 0.45, 0.1125, 0.1125 ],
											"rotationOrigin": [ 0.225, 0.0375, 0.15 ],
											"rotationZ": 5.0,
											"faces": {
												"north": { "texture": "#brass", "uv": [ 0.0, 0.0, 0.375, 0.375 ] },
												"east": { "texture": "#brass", "uv": [ 0.0, 0.0, 0.375, 0.375 ] },
												"west": { "texture": "#brass", "uv": [ 0.0, 0.0, 0.375, 0.375 ] },
												"up": { "texture": "#brass", "uv": [ 0.0, 0.0, 0.375, 0.375 ] },
												"down": { "texture": "#brass", "uv": [ 0.0, 0.0, 0.375, 0.375 ] }
											},
											"children": [
												{
													"name": "chain10",
													"from": [ 0.1575, 0.045, -0.0375 ],
													"to": [ 0.3825, 0.12, 0.075 ],
													"rotationOrigin": [ 0.1565, 0.0848, 0.0 ],
													"rotationZ": 5.0,
													"faces": {
														"north": { "texture": "#brass", "uv": [ 0.0, 0.0, 0.375, 0.375 ] },
														"east": { "texture": "#brass", "uv": [ 0.0, 0.0, 0.375, 0.375 ] },
														"west": { "texture": "#brass", "uv": [ 0.0, 0.0, 0.375, 0.375 ] },
														"up": { "texture": "#brass", "uv": [ 0.0, 0.0, 0.375, 0.375 ] },
														"down": { "texture": "#brass", "uv": [ 0.0, 0.0, 0.375, 0.375 ] }
													},
													"children": [
														{
															"name": "chain11",
															"from": [ 0.225, -0.0375, 0.0375 ],
															"to": [ 0.45, 0.1125, 0.1125 ],
															"rotationOrigin": [ 0.225, 0.0375, 0.15 ],
															"rotationZ": 5.0,
															"faces": {
																"north": { "texture": "#brass", "uv": [ 0.0, 0.0, 0.375, 0.375 ] },
																"east": { "texture": "#brass", "uv": [ 0.0, 0.0, 0.375, 0.375 ] },
																"west": { "texture": "#brass", "uv": [ 0.0, 0.0, 0.375, 0.375 ] },
																"up": { "texture": "#brass", "uv": [ 0.0, 0.0, 0.375, 0.375 ] },
																"down": { "texture": "#brass", "uv": [ 0.0, 0.0, 0.375, 0.375 ] }
															},
															"children": [
																{
																	"name": "chain12",
																	"from": [ 0.1508, 0.0571, -0.0375 ],
																	"to": [ 0.3758, 0.1321, 0.075 ],
																	"rotationOrigin": [ 0.1508, 0.0946, 0.0 ],
																	"rotationZ": 5.0,
																	"faces": {
																		"north": { "texture": "#brass", "uv": [ 0.0, 0.0, 0.375, 0.375 ] },
																		"east": { "texture": "#brass", "uv": [ 0.0, 0.0, 0.375, 0.375 ] },
																		"west": { "texture": "#brass", "uv": [ 0.0, 0.0, 0.375, 0.375 ] },
																		"up": { "texture": "#brass", "uv": [ 0.0, 0.0, 0.375, 0.375 ] },
																		"down": { "texture": "#brass", "uv": [ 0.0, 0.0, 0.375, 0.375 ] }
																	},
																	"children": [
																		{
																			"name": "chain13",
																			"from": [ 0.225, -0.0375, 0.0375 ],
																			"to": [ 0.45, 0.1125, 0.1125 ],
																			"rotationOrigin": [ 0.225, 0.0375, 0.15 ],
																			"rotationZ": 5.0,
																			"faces": {
																				"north": { "texture": "#brass", "uv": [ 0.0, 0.0, 0.375, 0.375 ] },
																				"east": { "texture": "#brass", "uv": [ 0.0, 0.0, 0.375, 0.375 ] },
																				"west": { "texture": "#brass", "uv": [ 0.0, 0.0, 0.375, 0.375 ] },
																				"up": { "texture": "#brass", "uv": [ 0.0, 0.0, 0.375, 0.375 ] },
																				"down": { "texture": "#brass", "uv": [ 0.0, 0.0, 0.375, 0.375 ] }
																			}
																		}
																	]
																}
															]
														}
													]
												}
											]
										}
									]
								}
							]
						}
					]
				}
			]
		}
	]}