{
	"editor": {
		"backDropShape": "entity/humanoid/seraph-hairless",
		"collapsedPaths": "Root/origin",
		"allAngles": true,
		"entityTextureMode": false
	},
	"textureWidth": 16,
	"textureHeight": 16,
	"textureSizes": {
	},
	"textures": {
	},
	"elements": [
		{
			"name": "origin",
			"stepParentName": "Head",
			"from": [ -0.45, 0.75, 1.725 ],
			"to": [ -0.45, 0.75, 1.725 ],
			"rotationOrigin": [ -0.45, 0.75, 1.425 ],
			"rotationZ": -6.0,
			"faces": {
				"north": { "texture": "#mask-hazmat", "uv": [ 0.0, 0.0, 0.5, 0.5 ], "autoUv": false },
				"east": { "texture": "#mask-hazmat", "uv": [ 0.0, 0.0, 0.5, 0.5 ], "autoUv": false },
				"south": { "texture": "#mask-hazmat", "uv": [ 0.0, 0.0, 0.5, 0.5 ], "autoUv": false },
				"west": { "texture": "#mask-hazmat", "uv": [ 0.0, 0.0, 0.5, 0.5 ], "autoUv": false },
				"up": { "texture": "#mask-hazmat", "uv": [ 0.0, 0.0, 0.5, 0.5 ], "autoUv": false },
				"down": { "texture": "#mask-hazmat", "uv": [ 0.0, 0.0, 0.5, 0.5 ], "autoUv": false }
			},
			"children": [
				{
					"name": "L side",
					"from": [ -0.6, 0.0, -1.725 ],
					"to": [ -0.225, 2.625, 0.15 ],
					"rotationOrigin": [ -0.6, 0.0, 0.15 ],
					"rotationY": -20.0,
					"faces": {
						"north": { "texture": "#mask-hazmat", "uv": [ 0.0, 0.0, 0.5, 3.5 ], "autoUv": false },
						"east": { "texture": "#mask-hazmat", "uv": [ 5.5, 2.0, 8.0, 5.5 ], "autoUv": false },
						"south": { "texture": "#mask-hazmat", "uv": [ 0.0, 0.0, 0.5, 3.5 ], "autoUv": false },
						"west": { "texture": "#mask-hazmat", "uv": [ 5.0, 2.0, 7.5, 5.5 ], "autoUv": false },
						"up": { "texture": "#mask-hazmat", "uv": [ 0.0, 0.0, 0.5, 2.5 ], "autoUv": false },
						"down": { "texture": "#mask-hazmat", "uv": [ 0.0, 0.0, 0.5, 2.5 ], "autoUv": false }
					},
					"children": [
						{
							"name": "L string",
							"from": [ 0.0, 0.75, -0.375 ],
							"to": [ 4.2, 1.125, 0.0 ],
							"rotationOrigin": [ 0.0, 1.125, -0.375 ],
							"rotationY": 21.0,
							"rotationZ": -1.0,
							"faces": {
								"north": { "texture": "#mask-hazmat", "uv": [ 3.0, 15.5, 8.5, 16.0 ], "autoUv": false },
								"east": { "texture": "#mask-hazmat", "uv": [ 13.5, 15.5, 14.0, 16.0 ], "autoUv": false },
								"south": { "texture": "#mask-hazmat", "uv": [ 6.5, 15.5, 12.0, 16.0 ], "autoUv": false },
								"west": { "texture": "#mask-hazmat", "uv": [ 8.5, 15.5, 9.0, 16.0 ], "autoUv": false },
								"up": { "texture": "#mask-hazmat", "uv": [ 8.5, 15.5, 14.0, 16.0 ], "autoUv": false },
								"down": { "texture": "#mask-hazmat", "uv": [ 5.0, 15.5, 10.5, 16.0 ], "autoUv": false }
							}
						},
						{
							"name": "horn",
							"from": [ -2.1, 1.95, 0.675 ],
							"to": [ 0.15, 2.325, 1.05 ],
							"rotationOrigin": [ 0.15, 1.95, 0.675 ],
							"rotationX": 10.0,
							"rotationY": -20.0,
							"rotationZ": -34.0,
							"faces": {
								"north": { "texture": "#mask-hazmat", "uv": [ 0.0, 0.0, 3.0, 0.5 ], "autoUv": false },
								"east": { "texture": "#mask-hazmat", "uv": [ 0.0, 0.0, 0.5, 0.5 ], "autoUv": false },
								"south": { "texture": "#mask-hazmat", "uv": [ 0.0, 0.0, 3.0, 0.5 ], "autoUv": false },
								"west": { "texture": "#mask-hazmat", "uv": [ 0.0, 0.0, 0.5, 0.5 ], "autoUv": false },
								"up": { "texture": "#mask-hazmat", "uv": [ 0.0, 0.0, 3.0, 0.5 ], "autoUv": false },
								"down": { "texture": "#mask-hazmat", "uv": [ 0.0, 0.0, 3.0, 0.5 ], "autoUv": false }
							},
							"children": [
								{
									"name": "Cube16",
									"from": [ -1.125, 0.375, 0.0 ],
									"to": [ 0.375, 0.75, 0.375 ],
									"rotationOrigin": [ 0.375, 0.375, 0.225 ],
									"rotationX": -16.0,
									"rotationZ": 77.0,
									"faces": {
										"north": { "texture": "#mask-hazmat", "uv": [ 0.0, 0.0, 2.0, 0.5 ], "autoUv": false },
										"east": { "texture": "#mask-hazmat", "uv": [ 0.0, 0.0, 0.5, 0.5 ], "autoUv": false },
										"south": { "texture": "#mask-hazmat", "uv": [ 0.0, 0.0, 2.0, 0.5 ], "autoUv": false },
										"west": { "texture": "#mask-hazmat", "uv": [ 0.0, 0.0, 0.5, 0.5 ], "autoUv": false },
										"up": { "texture": "#mask-hazmat", "uv": [ 0.0, 0.0, 2.0, 0.5 ], "autoUv": false },
										"down": { "texture": "#mask-hazmat", "uv": [ 0.0, 0.0, 2.0, 0.5 ], "autoUv": false }
									},
									"children": [
										{
											"name": "Cube17",
											"from": [ -1.2, 0.075, 0.0 ],
											"to": [ 0.3, 0.45, 0.375 ],
											"rotationOrigin": [ 0.3, 0.075, 0.225 ],
											"rotationX": -2.0,
											"rotationY": -5.0,
											"rotationZ": 41.0,
											"faces": {
												"north": { "texture": "#mask-hazmat", "uv": [ 0.0, 0.0, 2.0, 0.5 ], "autoUv": false },
												"east": { "texture": "#mask-hazmat", "uv": [ 0.0, 0.0, 0.5, 0.5 ], "autoUv": false },
												"south": { "texture": "#mask-hazmat", "uv": [ 0.0, 0.0, 2.0, 0.5 ], "autoUv": false },
												"west": { "texture": "#mask-hazmat", "uv": [ 0.0, 0.0, 0.5, 0.5 ], "autoUv": false },
												"up": { "texture": "#mask-hazmat", "uv": [ 0.0, 0.0, 2.0, 0.5 ], "autoUv": false },
												"down": { "texture": "#mask-hazmat", "uv": [ 0.0, 0.0, 2.0, 0.5 ], "autoUv": false }
											},
											"children": [
												{
													"name": "Cube18",
													"from": [ -1.275, 0.0, 0.075 ],
													"to": [ 0.225, 0.3, 0.375 ],
													"rotationOrigin": [ 0.225, 0.0, 0.3 ],
													"rotationY": -6.0,
													"rotationZ": 17.0,
													"faces": {
														"north": { "texture": "#mask-hazmat", "uv": [ 14.0, 13.5, 14.5, 15.5 ], "rotation": 90, "autoUv": false },
														"east": { "texture": "#mask-hazmat", "uv": [ 4.5, 13.0, 5.0, 13.5 ], "autoUv": false },
														"south": { "texture": "#mask-hazmat", "uv": [ 14.0, 12.5, 14.5, 14.5 ], "rotation": 90, "autoUv": false },
														"west": { "texture": "#mask-hazmat", "uv": [ 14.0, 13.5, 14.5, 14.0 ], "autoUv": false },
														"up": { "texture": "#mask-hazmat", "uv": [ 14.0, 13.5, 16.0, 14.0 ], "autoUv": false },
														"down": { "texture": "#mask-hazmat", "uv": [ 12.5, 13.5, 14.5, 14.0 ], "autoUv": false }
													}
												}
											]
										}
									]
								}
							]
						}
					]
				},
				{
					"name": "R side",
					"from": [ -0.6, 0.0, 0.15 ],
					"to": [ -0.225, 2.625, 2.025 ],
					"rotationOrigin": [ -0.6, 0.0, 0.15 ],
					"rotationY": 20.0,
					"faces": {
						"north": { "texture": "#mask-hazmat", "uv": [ 0.0, 0.0, 0.5, 3.5 ], "autoUv": false },
						"east": { "texture": "#mask-hazmat", "uv": [ 7.0, 2.0, 9.5, 5.5 ], "autoUv": false },
						"south": { "texture": "#mask-hazmat", "uv": [ 11.5, 0.5, 12.0, 4.0 ], "autoUv": false },
						"west": { "texture": "#mask-hazmat", "uv": [ 7.5, 2.0, 10.0, 5.5 ], "autoUv": false },
						"up": { "texture": "#mask-hazmat", "uv": [ 0.0, 0.0, 0.5, 2.5 ], "autoUv": false },
						"down": { "texture": "#mask-hazmat", "uv": [ 0.0, 0.0, 0.5, 2.5 ], "autoUv": false }
					},
					"children": [
						{
							"name": "R string",
							"from": [ 0.075, 0.75, 1.875 ],
							"to": [ 4.275, 1.125, 2.25 ],
							"rotationOrigin": [ 0.075, 1.125, 2.175 ],
							"rotationY": -21.0,
							"rotationZ": -1.0,
							"faces": {
								"north": { "texture": "#mask-hazmat", "uv": [ 4.5, 15.5, 10.0, 16.0 ], "autoUv": false },
								"east": { "texture": "#mask-hazmat", "uv": [ 11.0, 15.5, 11.5, 16.0 ], "autoUv": false },
								"south": { "texture": "#mask-hazmat", "uv": [ 6.5, 15.5, 12.0, 16.0 ], "autoUv": false },
								"west": { "texture": "#mask-hazmat", "uv": [ 1.0, 15.5, 1.5, 16.0 ], "autoUv": false },
								"up": { "texture": "#mask-hazmat", "uv": [ 6.0, 15.5, 11.5, 16.0 ], "autoUv": false },
								"down": { "texture": "#mask-hazmat", "uv": [ 5.5, 15.5, 11.0, 16.0 ], "autoUv": false }
							}
						}
					]
				},
				{
					"name": "L bottom tile",
					"from": [ -0.525, -0.675, -1.575 ],
					"to": [ -0.15, 0.075, -0.075 ],
					"rotationOrigin": [ -0.225, 0.075, -0.075 ],
					"rotationY": -20.0,
					"rotationZ": 14.0,
					"faces": {
						"north": { "texture": "#mask-hazmat", "uv": [ 0.0, 0.0, 0.5, 1.0 ], "autoUv": false },
						"east": { "texture": "#mask-hazmat", "uv": [ 0.0, 0.0, 2.0, 1.0 ], "autoUv": false },
						"south": { "texture": "#mask-hazmat", "uv": [ 7.0, 4.5, 7.5, 5.5 ], "autoUv": false },
						"west": { "texture": "#mask-hazmat", "uv": [ 5.5, 4.5, 7.5, 5.5 ], "autoUv": false },
						"up": { "texture": "#mask-hazmat", "uv": [ 0.0, 0.0, 0.5, 2.0 ], "autoUv": false },
						"down": { "texture": "#mask-hazmat", "uv": [ 0.0, 0.0, 0.5, 2.0 ], "autoUv": false }
					},
					"children": [
						{
							"name": "L bottom tile14",
							"from": [ 0.0, -0.75, 0.375 ],
							"to": [ 0.375, 0.0, 0.75 ],
							"rotationOrigin": [ 0.0, 0.0, 0.75 ],
							"faces": {
								"north": { "texture": "#mask-hazmat", "uv": [ 0.0, 0.0, 0.5, 1.0 ], "autoUv": false },
								"east": { "texture": "#mask-hazmat", "uv": [ 0.0, 0.0, 0.5, 1.0 ], "autoUv": false },
								"south": { "texture": "#mask-hazmat", "uv": [ 0.0, 0.0, 0.5, 1.0 ], "autoUv": false },
								"west": { "texture": "#mask-hazmat", "uv": [ 6.0, 5.0, 6.5, 6.0 ], "autoUv": false },
								"up": { "texture": "#mask-hazmat", "uv": [ 0.0, 0.0, 0.5, 0.5 ], "autoUv": false },
								"down": { "texture": "#mask-hazmat", "uv": [ 0.0, 0.0, 0.5, 0.5 ], "autoUv": false }
							}
						},
						{
							"name": "L bottom tile16",
							"from": [ 0.0, -1.125, 1.125 ],
							"to": [ 0.375, 0.0, 1.5 ],
							"rotationOrigin": [ 0.0, 0.0, 1.5 ],
							"faces": {
								"north": { "texture": "#mask-hazmat", "uv": [ 0.0, 0.0, 0.5, 1.5 ], "autoUv": false },
								"east": { "texture": "#mask-hazmat", "uv": [ 0.0, 0.0, 0.5, 1.5 ], "autoUv": false },
								"south": { "texture": "#mask-hazmat", "uv": [ 0.0, 0.0, 0.5, 1.5 ], "autoUv": false },
								"west": { "texture": "#mask-hazmat", "uv": [ 6.0, 5.0, 6.5, 6.5 ], "autoUv": false },
								"up": { "texture": "#mask-hazmat", "uv": [ 0.0, 0.0, 0.5, 0.5 ], "autoUv": false },
								"down": { "texture": "#mask-hazmat", "uv": [ 0.0, 0.0, 0.5, 0.5 ], "autoUv": false }
							}
						}
					]
				},
				{
					"name": "R bottom tile",
					"from": [ -0.525, -0.675, 0.375 ],
					"to": [ -0.15, 0.075, 1.875 ],
					"rotationOrigin": [ -0.225, 0.0, 0.375 ],
					"rotationY": 20.0,
					"rotationZ": 14.0,
					"faces": {
						"north": { "texture": "#mask-hazmat", "uv": [ 7.5, 4.5, 8.0, 5.5 ], "autoUv": false },
						"east": { "texture": "#mask-hazmat", "uv": [ 0.0, 0.0, 2.0, 1.0 ], "autoUv": false },
						"south": { "texture": "#mask-hazmat", "uv": [ 0.0, 0.0, 0.5, 1.0 ], "autoUv": false },
						"west": { "texture": "#mask-hazmat", "uv": [ 7.5, 4.5, 9.5, 5.5 ], "autoUv": false },
						"up": { "texture": "#mask-hazmat", "uv": [ 0.0, 0.0, 0.5, 2.0 ], "autoUv": false },
						"down": { "texture": "#mask-hazmat", "uv": [ 0.0, 0.0, 0.5, 2.0 ], "autoUv": false }
					},
					"children": [
						{
							"name": "R bottom tile15",
							"from": [ 0.0, -1.125, 0.0 ],
							"to": [ 0.375, 0.0, 0.375 ],
							"faces": {
								"north": { "texture": "#mask-hazmat", "uv": [ 0.0, 0.0, 0.5, 1.5 ], "autoUv": false },
								"east": { "texture": "#mask-hazmat", "uv": [ 0.0, 0.0, 0.5, 1.5 ], "autoUv": false },
								"south": { "texture": "#mask-hazmat", "uv": [ 0.0, 0.0, 0.5, 1.5 ], "autoUv": false },
								"west": { "texture": "#mask-hazmat", "uv": [ 7.5, 5.0, 8.0, 6.5 ], "autoUv": false },
								"up": { "texture": "#mask-hazmat", "uv": [ 0.0, 0.0, 0.5, 0.5 ], "autoUv": false },
								"down": { "texture": "#mask-hazmat", "uv": [ 0.0, 0.0, 0.5, 0.5 ], "autoUv": false }
							}
						},
						{
							"name": "R bottom tile17",
							"from": [ 0.0, -0.75, 0.75 ],
							"to": [ 0.375, 0.0, 1.125 ],
							"rotationOrigin": [ 0.0, 0.0, 0.75 ],
							"faces": {
								"north": { "texture": "#mask-hazmat", "uv": [ 0.0, 0.0, 0.5, 1.0 ], "autoUv": false },
								"east": { "texture": "#mask-hazmat", "uv": [ 0.0, 0.0, 0.5, 1.0 ], "autoUv": false },
								"south": { "texture": "#mask-hazmat", "uv": [ 0.0, 0.0, 0.5, 1.0 ], "autoUv": false },
								"west": { "texture": "#mask-hazmat", "uv": [ 7.5, 5.0, 8.0, 6.0 ], "autoUv": false },
								"up": { "texture": "#mask-hazmat", "uv": [ 0.0, 0.0, 0.5, 0.5 ], "autoUv": false },
								"down": { "texture": "#mask-hazmat", "uv": [ 0.0, 0.0, 0.5, 0.5 ], "autoUv": false }
							}
						}
					]
				},
				{
					"name": "string back",
					"from": [ 4.35, 0.675, -1.95 ],
					"to": [ 4.725, 1.05, 2.25 ],
					"rotationOrigin": [ 4.35, 1.05, -0.15 ],
					"rotationZ": 1.0,
					"faces": {
						"north": { "texture": "#mask-hazmat", "uv": [ 0.0, 0.0, 0.5, 0.5 ], "autoUv": false },
						"east": { "texture": "#mask-hazmat", "uv": [ 0.0, 0.0, 5.5, 0.5 ], "autoUv": false },
						"south": { "texture": "#mask-hazmat", "uv": [ 0.0, 0.0, 0.5, 0.5 ], "autoUv": false },
						"west": { "texture": "#mask-hazmat", "uv": [ 0.0, 0.0, 5.5, 0.5 ], "autoUv": false },
						"up": { "texture": "#mask-hazmat", "uv": [ 0.0, 0.0, 0.5, 5.5 ], "autoUv": false },
						"down": { "texture": "#mask-hazmat", "uv": [ 0.0, 0.0, 0.5, 5.5 ], "autoUv": false }
					}
				},
				{
					"name": "nose",
					"from": [ -0.075, -0.375, -0.6 ],
					"to": [ 0.3, 0.0, 0.9 ],
					"rotationOrigin": [ 0.3, 0.0, 0.15 ],
					"rotationZ": 9.0,
					"faces": {
						"north": { "texture": "#mask-hazmat", "uv": [ 7.0, 5.5, 7.5, 6.0 ], "autoUv": false },
						"east": { "texture": "#mask-hazmat", "uv": [ 6.5, 5.0, 8.5, 5.5 ], "autoUv": false },
						"south": { "texture": "#mask-hazmat", "uv": [ 7.5, 5.0, 8.0, 5.5 ], "autoUv": false },
						"west": { "texture": "#mask-hazmat", "uv": [ 6.5, 5.0, 8.5, 5.5 ], "autoUv": false },
						"up": { "texture": "#mask-hazmat", "uv": [ 6.0, 6.0, 8.0, 6.5 ], "rotation": 90, "autoUv": false },
						"down": { "texture": "#mask-hazmat", "uv": [ 13.5, 13.5, 15.5, 14.0 ], "rotation": 90, "autoUv": false }
					}
				}
			]
		}
	]}