{
	"editor": {
		"backDropShape": "entity/humanoid/seraph-hairless",
		"collapsedPaths": "Root/bandN/toothR1,Root/bandN/toothL1",
		"allAngles": false,
		"entityTextureMode": false
	},
	"textureWidth": 16,
	"textureHeight": 16,
	"textureSizes": {
	},
	"textures": {
	},
	"elements": [
		{
			"name": "goggles-top",
			"stepParentName": "Head",
			"from": [ -0.225, 1.8, 0.15 ],
			"to": [ 0.15, 2.175, 3.6 ],
			"rotationOrigin": [ -0.225, 1.8, 1.875 ],
			"faces": {
				"north": { "texture": "#bone-yellow", "uv": [ 2.5, 12.5, 3.0, 13.0 ], "autoUv": false },
				"south": { "texture": "#bone-yellow", "uv": [ 11.5, 7.5, 12.0, 8.0 ], "autoUv": false },
				"west": { "texture": "#bone-yellow", "uv": [ 8.5, 9.0, 13.0, 9.5 ], "autoUv": false },
				"up": { "texture": "#bone-yellow", "uv": [ 1.0, 5.5, 1.5, 10.0 ], "autoUv": false },
				"down": { "texture": "#bone-yellow", "uv": [ 11.0, 11.0, 11.5, 15.5 ], "autoUv": false }
			},
			"children": [
				{
					"name": "bridge",
					"from": [ 0.0, -0.225, 1.35 ],
					"to": [ 0.375, 0.0, 2.1 ],
					"rotationOrigin": [ 0.0, -0.075, 1.95 ],
					"faces": {
						"north": { "texture": "#bone-yellow", "uv": [ 1.0, 14.0, 1.5, 14.5 ], "autoUv": false },
						"south": { "texture": "#bone-yellow", "uv": [ 6.0, 2.5, 6.5, 3.0 ], "autoUv": false },
						"west": { "texture": "#bone-yellow", "uv": [ 10.0, 2.5, 11.0, 3.0 ], "autoUv": false }
					}
				},
				{
					"name": "goggles-down",
					"from": [ 0.0, -0.525, 0.0 ],
					"to": [ 0.375, -0.225, 3.45 ],
					"rotationOrigin": [ 0.0, -0.525, 1.725 ],
					"faces": {
						"north": { "texture": "#bone-yellow", "uv": [ 2.0, 1.5, 2.5, 2.0 ], "autoUv": false },
						"south": { "texture": "#bone-yellow", "uv": [ 4.0, 5.0, 4.5, 5.5 ], "autoUv": false },
						"west": { "texture": "#bone-yellow", "uv": [ 10.0, 3.0, 14.5, 3.5 ], "autoUv": false },
						"up": { "texture": "#bone-yellow", "uv": [ 12.5, 2.5, 13.0, 7.0 ], "autoUv": false },
						"down": { "texture": "#bone-yellow", "uv": [ 12.5, 8.5, 13.0, 13.0 ], "autoUv": false }
					}
				},
				{
					"name": "goggles-R",
					"from": [ 0.0, -0.225, 0.0 ],
					"to": [ 0.375, 0.0, 0.45 ],
					"faces": {
						"north": { "texture": "#bone-yellow", "uv": [ 2.0, 4.5, 2.5, 5.0 ], "autoUv": false },
						"south": { "texture": "#bone-yellow", "uv": [ 7.0, 7.0, 7.5, 7.5 ], "autoUv": false },
						"west": { "texture": "#bone-yellow", "uv": [ 1.0, 4.5, 1.5, 5.0 ], "autoUv": false }
					}
				},
				{
					"name": "goggles-L",
					"from": [ 0.0, -0.225, 3.0 ],
					"to": [ 0.375, 0.0, 3.45 ],
					"rotationOrigin": [ 0.0, 0.0, 3.375 ],
					"faces": {
						"north": { "texture": "#bone-yellow", "uv": [ 9.0, 12.0, 9.5, 12.5 ], "autoUv": false },
						"south": { "texture": "#bone-yellow", "uv": [ 11.5, 7.5, 12.0, 8.0 ], "autoUv": false },
						"west": { "texture": "#bone-yellow", "uv": [ 7.5, 2.0, 8.0, 2.5 ], "autoUv": false }
					}
				},
				{
					"name": "shade",
					"from": [ 0.075, -0.225, 0.375 ],
					"to": [ 0.825, 0.0, 3.075 ],
					"rotationOrigin": [ 0.075, -0.225, 1.725 ],
					"faces": {
						"west": { "texture": "#slightlydarker", "uv": [ 10.0, 11.0, 13.5, 11.5 ], "autoUv": false }
					}
				},
				{
					"name": "mask-browR",
					"from": [ -0.075, -0.0375, 2.1 ],
					"to": [ 0.225, 0.1875, 3.0 ],
					"rotationOrigin": [ -0.075, -0.0375, 2.1 ],
					"rotationX": -2.0,
					"faces": {
						"north": { "texture": "#bone-yellow", "uv": [ 10.0, 3.0, 10.5, 3.5 ], "autoUv": false },
						"south": { "texture": "#bone-yellow", "uv": [ 1.0, 10.0, 1.5, 10.5 ], "autoUv": false },
						"west": { "texture": "#bone-yellow", "uv": [ 8.5, 3.5, 9.5, 4.0 ], "autoUv": false },
						"up": { "texture": "#bone-yellow", "uv": [ 2.0, 3.0, 2.5, 4.0 ], "autoUv": false },
						"down": { "texture": "#bone-yellow", "uv": [ 9.0, 13.5, 9.5, 14.5 ], "autoUv": false }
					}
				},
				{
					"name": "mask-browL",
					"from": [ -0.075, -0.0375, 0.45 ],
					"to": [ 0.225, 0.1875, 1.35 ],
					"rotationOrigin": [ -0.075, -0.0375, 1.35 ],
					"rotationX": 3.0,
					"faces": {
						"north": { "texture": "#bone-yellow", "uv": [ 6.0, 12.5, 6.5, 13.0 ], "autoUv": false },
						"south": { "texture": "#bone-yellow", "uv": [ 4.5, 1.5, 5.0, 2.0 ], "autoUv": false },
						"west": { "texture": "#bone-yellow", "uv": [ 9.5, 13.0, 10.5, 13.5 ], "autoUv": false },
						"up": { "texture": "#bone-yellow", "uv": [ 11.0, 9.5, 11.5, 10.5 ], "autoUv": false },
						"down": { "texture": "#bone-yellow", "uv": [ 13.0, 14.5, 13.5, 15.5 ], "autoUv": false }
					}
				},
				{
					"name": "strap-back",
					"from": [ 4.125, -0.15, -0.225 ],
					"to": [ 4.425, 0.15, 3.675 ],
					"rotationOrigin": [ 4.275, 0.0, 1.8 ],
					"faces": {
						"north": { "texture": "#rawhide", "uv": [ 9.5, 12.0, 10.0, 12.5 ], "autoUv": false },
						"east": { "texture": "#rawhide", "uv": [ 1.0, 6.0, 6.0, 6.5 ], "autoUv": false },
						"south": { "texture": "#rawhide", "uv": [ 12.5, 4.0, 13.0, 4.5 ], "autoUv": false },
						"west": { "texture": "#rawhide", "uv": [ 2.5, 1.5, 7.5, 2.0 ], "autoUv": false },
						"up": { "texture": "#rawhide", "uv": [ 11.0, 3.5, 11.5, 8.5 ], "autoUv": false },
						"down": { "texture": "#rawhide", "uv": [ 4.0, 4.5, 4.5, 9.5 ], "autoUv": false }
					},
					"children": [
						{
							"name": "strap-R",
							"from": [ -3.975, 0.0, 0.0 ],
							"to": [ 0.0, 0.3, 0.3 ],
							"faces": {
								"north": { "texture": "#rawhide", "uv": [ 9.5, 7.5, 14.5, 8.0 ], "autoUv": false },
								"south": { "texture": "#rawhide", "uv": [ 8.5, 4.5, 13.5, 5.0 ], "autoUv": false },
								"west": { "texture": "#rawhide", "uv": [ 15.0, 5.5, 15.5, 6.0 ], "autoUv": false },
								"up": { "texture": "#rawhide", "uv": [ 2.5, 10.5, 7.5, 11.0 ], "autoUv": false },
								"down": { "texture": "#rawhide", "uv": [ 3.5, 5.5, 8.5, 6.0 ], "autoUv": false }
							}
						},
						{
							"name": "strap-L",
							"from": [ -3.975, 0.0, 3.6 ],
							"to": [ 0.0, 0.3, 3.9 ],
							"rotationOrigin": [ 0.0, 0.0, 3.825 ],
							"faces": {
								"north": { "texture": "#rawhide", "uv": [ 7.0, 3.0, 12.0, 3.5 ], "autoUv": false },
								"south": { "texture": "#rawhide", "uv": [ 7.5, 11.0, 12.5, 11.5 ], "autoUv": false },
								"west": { "texture": "#rawhide", "uv": [ 9.0, 10.5, 9.5, 11.0 ], "autoUv": false },
								"up": { "texture": "#rawhide", "uv": [ 0.5, 9.0, 5.5, 9.5 ], "autoUv": false },
								"down": { "texture": "#rawhide", "uv": [ 7.5, 5.5, 12.5, 6.0 ], "autoUv": false }
							}
						}
					]
				}
			]
		}
	]}