{
	"editor": {
		"backDropShape": "entity/humanoid/seraph-hairless",
		"collapsedPaths": "Root/origin",
		"allAngles": true,
		"entityTextureMode": false
	},
	"textureWidth": 24,
	"textureHeight": 20,
	"textureSizes": {
	},
	"textures": {
	},
	"elements": [
		{
			"name": "origin",
			"stepParentName": "Head",
			"from": [ -0.525, 0.675, 1.725 ],
			"to": [ -0.525, 0.675, 1.725 ],
			"rotationOrigin": [ -0.525, 0.675, 1.725 ],
			"rotationZ": -9.0,
			"faces": {
				"north": { "texture": "#mask-surgeon", "uv": [ 4.5, 12.0, 5.0, 12.5 ], "autoUv": false },
				"east": { "texture": "#mask-surgeon", "uv": [ 0.5, 18.5, 1.0, 19.0 ], "autoUv": false },
				"south": { "texture": "#mask-surgeon", "uv": [ 8.0, 16.0, 8.5, 16.5 ], "autoUv": false },
				"west": { "texture": "#mask-surgeon", "uv": [ 11.0, 6.5, 11.5, 7.0 ], "autoUv": false },
				"up": { "texture": "#mask-surgeon", "uv": [ 16.5, 5.0, 17.0, 5.5 ], "autoUv": false },
				"down": { "texture": "#mask-surgeon", "uv": [ 3.5, 5.5, 4.0, 6.0 ], "autoUv": false }
			},
			"children": [
				{
					"name": "L side",
					"from": [ -0.6, 0.0, -1.725 ],
					"to": [ -0.225, 2.625, 0.15 ],
					"rotationOrigin": [ -0.6, 0.0, 0.15 ],
					"rotationY": -20.0,
					"faces": {
						"north": { "texture": "#mask-surgeon", "uv": [ 2.5, 8.0, 3.0, 11.5 ], "autoUv": false },
						"east": { "texture": "#mask-surgeon", "uv": [ 11.0, 2.0, 13.5, 5.5 ], "autoUv": false },
						"south": { "texture": "#mask-surgeon", "uv": [ 11.5, 6.0, 12.0, 9.5 ], "autoUv": false },
						"west": { "texture": "#mask-surgeon", "uv": [ 8.5, 5.5, 11.0, 9.0 ], "autoUv": false },
						"up": { "texture": "#mask-surgeon", "uv": [ 8.5, 10.0, 9.0, 12.5 ], "autoUv": false },
						"down": { "texture": "#mask-surgeon", "uv": [ 9.5, 7.0, 10.0, 9.5 ], "autoUv": false }
					},
					"children": [
						{
							"name": "L string",
							"from": [ 0.0, 0.75, -0.375 ],
							"to": [ 4.2, 1.125, 0.0 ],
							"rotationOrigin": [ 0.0, 1.125, -0.375 ],
							"rotationY": 21.0,
							"rotationZ": -1.0,
							"faces": {
								"north": { "texture": "#mask-surgeon", "uv": [ 1.5, 3.0, 7.0, 3.5 ], "autoUv": false },
								"east": { "texture": "#mask-surgeon", "uv": [ 10.5, 3.0, 11.0, 3.5 ], "autoUv": false },
								"south": { "texture": "#mask-surgeon", "uv": [ 4.5, 9.5, 10.0, 10.0 ], "autoUv": false },
								"west": { "texture": "#mask-surgeon", "uv": [ 18.5, 10.5, 19.0, 11.0 ], "autoUv": false },
								"up": { "texture": "#mask-surgeon", "uv": [ 12.5, 5.5, 18.0, 6.0 ], "autoUv": false },
								"down": { "texture": "#mask-surgeon", "uv": [ 5.5, 9.0, 11.0, 9.5 ], "autoUv": false }
							}
						},
						{
							"name": "R Lens",
							"from": [ -0.075, 0.75, 0.75 ],
							"to": [ 0.45, 1.5, 1.5 ],
							"rotationOrigin": [ -0.075, 0.75, 0.75 ],
							"faces": {
								"north": { "texture": "#mask-surgeon", "uv": [ 0.0, 0.0, 0.5, 1.0 ], "autoUv": false },
								"south": { "texture": "#mask-surgeon", "uv": [ 0.0, 0.0, 0.5, 1.0 ], "autoUv": false },
								"west": { "texture": "#mask-surgeon", "uv": [ 0.0, 0.0, 1.0, 1.0 ], "autoUv": false },
								"up": { "texture": "#mask-surgeon", "uv": [ 0.0, 0.0, 0.5, 1.0 ], "autoUv": false },
								"down": { "texture": "#mask-surgeon", "uv": [ 0.0, 0.0, 0.5, 1.0 ], "autoUv": false }
							}
						}
					]
				},
				{
					"name": "R side",
					"from": [ -0.6, 0.0, 0.15 ],
					"to": [ -0.225, 2.625, 2.025 ],
					"rotationOrigin": [ -0.6, 0.0, 0.15 ],
					"rotationY": 20.0,
					"faces": {
						"north": { "texture": "#mask-surgeon", "uv": [ 10.5, 8.5, 11.0, 12.0 ], "autoUv": false },
						"east": { "texture": "#mask-surgeon", "uv": [ 2.0, 4.0, 4.5, 7.5 ], "autoUv": false },
						"south": { "texture": "#mask-surgeon", "uv": [ 8.5, 9.0, 9.0, 12.5 ], "autoUv": false },
						"west": { "texture": "#mask-surgeon", "uv": [ 14.0, 8.5, 16.5, 12.0 ], "autoUv": false },
						"up": { "texture": "#mask-surgeon", "uv": [ 3.5, 4.5, 4.0, 7.0 ], "autoUv": false },
						"down": { "texture": "#mask-surgeon", "uv": [ 6.5, 0.5, 7.0, 3.0 ], "autoUv": false }
					},
					"children": [
						{
							"name": "R string",
							"from": [ 0.075, 0.75, 1.875 ],
							"to": [ 4.275, 1.125, 2.25 ],
							"rotationOrigin": [ 0.075, 1.125, 2.175 ],
							"rotationY": -21.0,
							"rotationZ": -1.0,
							"faces": {
								"north": { "texture": "#mask-surgeon", "uv": [ 1.0, 8.5, 6.5, 9.0 ], "autoUv": false },
								"east": { "texture": "#mask-surgeon", "uv": [ 6.5, 10.5, 7.0, 11.0 ], "autoUv": false },
								"south": { "texture": "#mask-surgeon", "uv": [ 12.5, 9.0, 18.0, 9.5 ], "autoUv": false },
								"west": { "texture": "#mask-surgeon", "uv": [ 21.0, 2.0, 21.5, 2.5 ], "autoUv": false },
								"up": { "texture": "#mask-surgeon", "uv": [ 10.5, 7.5, 16.0, 8.0 ], "autoUv": false },
								"down": { "texture": "#mask-surgeon", "uv": [ 5.5, 9.5, 11.0, 10.0 ], "autoUv": false }
							}
						},
						{
							"name": "L Lens",
							"from": [ -0.075, 0.75, 0.375 ],
							"to": [ 0.45, 1.5, 1.125 ],
							"rotationOrigin": [ -0.075, 0.75, 0.375 ],
							"faces": {
								"north": { "texture": "#mask-surgeon", "uv": [ 2.5, 0.0, 3.0, 1.0 ], "autoUv": false },
								"south": { "texture": "#mask-surgeon", "uv": [ 2.0, 0.0, 2.5, 1.0 ], "autoUv": false },
								"west": { "texture": "#mask-surgeon", "uv": [ 2.0, 0.0, 3.0, 1.0 ], "autoUv": false },
								"up": { "texture": "#mask-surgeon", "uv": [ 2.5, 0.0, 3.0, 1.0 ], "autoUv": false },
								"down": { "texture": "#mask-surgeon", "uv": [ 2.0, 0.0, 2.5, 1.0 ], "autoUv": false }
							}
						}
					]
				},
				{
					"name": "L bottom tile",
					"from": [ -0.525, -0.375, -1.725 ],
					"to": [ -0.15, 0.0, -0.225 ],
					"rotationOrigin": [ -0.525, -0.375, -0.225 ],
					"rotationY": -20.0,
					"faces": {
						"north": { "texture": "#mask-surgeon", "uv": [ 4.5, 3.0, 5.0, 3.5 ], "autoUv": false },
						"east": { "texture": "#mask-surgeon", "uv": [ 13.0, 9.5, 15.0, 10.0 ], "autoUv": false },
						"south": { "texture": "#mask-surgeon", "uv": [ 2.0, 10.5, 2.5, 11.0 ], "autoUv": false },
						"west": { "texture": "#mask-surgeon", "uv": [ 1.5, 5.0, 3.5, 5.5 ], "autoUv": false },
						"up": { "texture": "#mask-surgeon", "uv": [ 18.0, 10.5, 18.5, 12.5 ], "autoUv": false },
						"down": { "texture": "#mask-surgeon", "uv": [ 22.5, 9.5, 23.0, 11.5 ], "autoUv": false }
					},
					"children": [
						{
							"name": "L bottom tile14",
							"from": [ 0.0, -0.375, 0.375 ],
							"to": [ 0.375, 0.0, 1.125 ],
							"rotationOrigin": [ 0.0, -0.375, 1.2 ],
							"faces": {
								"north": { "texture": "#mask-surgeon", "uv": [ 14.5, 0.5, 15.0, 1.0 ], "autoUv": false },
								"east": { "texture": "#mask-surgeon", "uv": [ 11.5, 0.5, 12.5, 1.0 ], "autoUv": false },
								"south": { "texture": "#mask-surgeon", "uv": [ 10.5, 1.0, 11.0, 1.5 ], "autoUv": false },
								"west": { "texture": "#mask-surgeon", "uv": [ 17.5, 8.5, 18.5, 9.0 ], "autoUv": false },
								"up": { "texture": "#mask-surgeon", "uv": [ 17.5, 7.5, 18.0, 8.5 ], "autoUv": false },
								"down": { "texture": "#mask-surgeon", "uv": [ 11.5, 7.5, 12.0, 8.5 ], "autoUv": false }
							}
						}
					]
				},
				{
					"name": "R bottom tile",
					"from": [ -0.525, -0.375, 0.525 ],
					"to": [ -0.15, 0.0, 2.025 ],
					"rotationOrigin": [ -0.525, -0.375, 0.525 ],
					"rotationY": 20.0,
					"faces": {
						"north": { "texture": "#mask-surgeon", "uv": [ 5.5, 10.0, 6.0, 10.5 ], "autoUv": false },
						"east": { "texture": "#mask-surgeon", "uv": [ 21.0, 6.5, 23.0, 7.0 ], "autoUv": false },
						"south": { "texture": "#mask-surgeon", "uv": [ 3.5, 8.5, 4.0, 9.0 ], "autoUv": false },
						"west": { "texture": "#mask-surgeon", "uv": [ 18.0, 1.0, 20.0, 1.5 ], "autoUv": false },
						"up": { "texture": "#mask-surgeon", "uv": [ 6.5, 6.5, 7.0, 8.5 ], "autoUv": false },
						"down": { "texture": "#mask-surgeon", "uv": [ 12.5, 6.0, 13.0, 8.0 ], "autoUv": false }
					},
					"children": [
						{
							"name": "R bottom tile15",
							"from": [ 0.0, -0.375, 0.375 ],
							"to": [ 0.375, 0.0, 1.125 ],
							"rotationOrigin": [ 0.0, -0.375, 0.375 ],
							"faces": {
								"north": { "texture": "#mask-surgeon", "uv": [ 2.5, 12.5, 3.0, 13.0 ], "autoUv": false },
								"east": { "texture": "#mask-surgeon", "uv": [ 19.5, 10.0, 20.5, 10.5 ], "autoUv": false },
								"south": { "texture": "#mask-surgeon", "uv": [ 8.5, 11.0, 9.0, 11.5 ], "autoUv": false },
								"west": { "texture": "#mask-surgeon", "uv": [ 7.5, 11.0, 8.5, 11.5 ], "autoUv": false },
								"up": { "texture": "#mask-surgeon", "uv": [ 20.0, 8.0, 20.5, 9.0 ], "autoUv": false },
								"down": { "texture": "#mask-surgeon", "uv": [ 2.5, 7.5, 3.0, 8.5 ], "autoUv": false }
							}
						}
					]
				},
				{
					"name": "string back",
					"from": [ 4.35, 0.675, -1.95 ],
					"to": [ 4.725, 1.05, 2.25 ],
					"rotationOrigin": [ 4.35, 1.05, -0.15 ],
					"rotationZ": 1.0,
					"faces": {
						"north": { "texture": "#mask-surgeon", "uv": [ 10.0, 10.5, 10.5, 11.0 ], "autoUv": false },
						"east": { "texture": "#mask-surgeon", "uv": [ 12.0, 12.0, 17.5, 12.5 ], "autoUv": false },
						"south": { "texture": "#mask-surgeon", "uv": [ 20.5, 1.0, 21.0, 1.5 ], "autoUv": false },
						"west": { "texture": "#mask-surgeon", "uv": [ 11.0, 5.0, 16.5, 5.5 ], "autoUv": false },
						"up": { "texture": "#mask-surgeon", "uv": [ 15.5, 4.0, 16.0, 9.5 ], "autoUv": false },
						"down": { "texture": "#mask-surgeon", "uv": [ 22.5, 1.0, 23.0, 6.5 ], "autoUv": false }
					}
				},
				{
					"name": "nose",
					"from": [ -0.825, 0.15, -0.225 ],
					"to": [ -0.45, 0.9, 0.525 ],
					"rotationOrigin": [ -0.825, 0.15, 0.15 ],
					"rotationZ": -16.0,
					"faces": {
						"north": { "texture": "#mask-surgeon", "uv": [ 18.0, 1.5, 18.5, 2.5 ], "autoUv": false },
						"east": { "texture": "#mask-surgeon", "uv": [ 6.0, 7.5, 7.0, 8.5 ], "autoUv": false },
						"south": { "texture": "#mask-surgeon", "uv": [ 17.5, 8.5, 18.0, 9.5 ], "autoUv": false },
						"west": { "texture": "#mask-surgeon", "uv": [ 3.5, 9.0, 4.5, 10.0 ], "autoUv": false },
						"up": { "texture": "#mask-surgeon", "uv": [ 22.5, 0.0, 23.5, 0.5 ], "rotation": 90, "autoUv": false },
						"down": { "texture": "#mask-surgeon", "uv": [ 10.5, 2.5, 11.5, 3.0 ], "rotation": 90, "autoUv": false }
					},
					"children": [
						{
							"name": "Cube1",
							"from": [ -0.225, -0.225, -0.075 ],
							"to": [ 0.525, 0.375, 0.825 ],
							"rotationOrigin": [ -0.225, -0.225, -0.075 ],
							"rotationZ": 35.0,
							"faces": {
								"north": { "texture": "#mask-surgeon", "uv": [ 17.5, 9.0, 18.5, 9.5 ], "autoUv": false },
								"east": { "texture": "#mask-surgeon", "uv": [ 14.0, 9.0, 15.0, 9.5 ], "autoUv": false },
								"south": { "texture": "#mask-surgeon", "uv": [ 5.5, 9.5, 6.5, 10.0 ], "autoUv": false },
								"west": { "texture": "#mask-surgeon", "uv": [ 8.0, 4.0, 9.0, 4.5 ], "autoUv": false },
								"up": { "texture": "#mask-surgeon", "uv": [ 7.0, 8.0, 8.0, 9.0 ], "autoUv": false },
								"down": { "texture": "#mask-surgeon", "uv": [ 14.0, 8.5, 15.0, 9.5 ], "autoUv": false }
							},
							"children": [
								{
									"name": "Cube16",
									"from": [ -1.425, 0.075, 0.075 ],
									"to": [ 0.075, 0.525, 0.825 ],
									"rotationOrigin": [ 0.075, 0.075, 0.3 ],
									"rotationZ": 6.0,
									"faces": {
										"north": { "texture": "#mask-surgeon", "uv": [ 8.0, 7.0, 10.0, 7.5 ], "autoUv": false },
										"east": { "texture": "#mask-surgeon", "uv": [ 16.0, 0.5, 17.0, 1.0 ], "autoUv": false },
										"south": { "texture": "#mask-surgeon", "uv": [ 14.5, 11.0, 16.5, 11.5 ], "autoUv": false },
										"west": { "texture": "#mask-surgeon", "uv": [ 8.5, 10.5, 9.5, 11.0 ], "autoUv": false },
										"up": { "texture": "#mask-surgeon", "uv": [ 9.5, 1.5, 11.5, 2.5 ], "autoUv": false },
										"down": { "texture": "#mask-surgeon", "uv": [ 18.5, 15.0, 20.5, 16.0 ], "autoUv": false }
									},
									"children": [
										{
											"name": "Cube17",
											"from": [ -1.35, 0.0, 0.15 ],
											"to": [ 0.15, 0.375, 0.6 ],
											"rotationOrigin": [ 0.15, 0.0, 0.375 ],
											"rotationZ": 4.0,
											"faces": {
												"north": { "texture": "#mask-surgeon", "uv": [ 7.5, 12.0, 9.5, 12.5 ], "autoUv": false },
												"east": { "texture": "#mask-surgeon", "uv": [ 13.0, 1.5, 13.5, 2.0 ], "autoUv": false },
												"south": { "texture": "#mask-surgeon", "uv": [ 3.5, 11.0, 5.5, 11.5 ], "autoUv": false },
												"west": { "texture": "#mask-surgeon", "uv": [ 16.0, 11.5, 16.5, 12.0 ], "autoUv": false },
												"up": { "texture": "#mask-surgeon", "uv": [ 20.5, 0.5, 22.5, 1.0 ], "autoUv": false },
												"down": { "texture": "#mask-surgeon", "uv": [ 13.0, 3.5, 15.0, 4.0 ], "autoUv": false }
											},
											"children": [
												{
													"name": "Cube18",
													"from": [ -1.5, 0.075, 0.075 ],
													"to": [ 0.0, 0.3, 0.375 ],
													"rotationOrigin": [ 0.0, 0.075, 0.3 ],
													"faces": {
														"north": { "texture": "#mask-surgeon", "uv": [ 10.5, 7.5, 12.5, 8.0 ], "autoUv": false },
														"east": { "texture": "#mask-surgeon", "uv": [ 21.0, 19.0, 21.5, 19.5 ], "autoUv": false },
														"south": { "texture": "#mask-surgeon", "uv": [ 16.0, 18.0, 18.0, 18.5 ], "autoUv": false },
														"west": { "texture": "#mask-surgeon", "uv": [ 15.0, 6.0, 15.5, 6.5 ], "autoUv": false },
														"up": { "texture": "#mask-surgeon", "uv": [ 18.0, 1.5, 20.0, 2.0 ], "autoUv": false },
														"down": { "texture": "#mask-surgeon", "uv": [ 4.0, 14.5, 6.0, 15.0 ], "autoUv": false }
													}
												}
											]
										}
									]
								}
							]
						}
					]
				}
			]
		}
	]}