{
  "code": "lime",
  "perishableProps": {
    "freshHours": { "avg": 1 },
    "transitionHours": { "avg": 1 },
    "transitionRatio": 1,
    "transitionedStack": {
      "type": "item",
      "code": "game:rot"
    }
  },
  "shape": { "base": "game:block/food/meal/porridge" },
  "ingredients": [
    {
      "code": "water",
      "validStacks": [
        {
          "type": "item",
          "code": "game:waterportion",
          "shapeElement": "bowl/water"
        }
      ],
      "minQuantity": 4,
      "maxQuantity": 4,
      "portionSizeLitres": 6
    }
  ],
  "cooksInto": { "type": "Item", "code": "game:lime", "quantity": 1 }
}