[
	{
		"requiresTrait": "craftingrecipesmagictier2",
		"ingredientPattern": "X__,MSM,___",
		"ingredients": {
			"M": {
				"type": "block",
				"code": "magecandle-ritual-*",
				"quantity": 1
			},
			"S": {
				"type": "item",
				"code": "attunementcore-*",
				"name": "typein",
				"allowedVariants": [ "light", "neutral", "dark" ],
				"quantity": 1
			},
			"X": {
				"type": "item",
				"code": "magicchalk-normal",
				"quantity": 1,
				"isTool": true
			}
		},
		"width": 3,
		"height": 3,
		"output": {
			"type": "item",
			"code": "attunementcore-evocation",
			"quantity": 1
		}
	},
	{
		"requiresTrait": "craftingrecipesmagictier2",
		"ingredientPattern": "_X_,MSM,___",
		"ingredients": {
			"M": {
				"type": "block",
				"code": "magecandle-ritual-*",
				"quantity": 1
			},
			"S": {
				"type": "item",
				"code": "attunementcore-*",
				"name": "typein",
				"allowedVariants": [ "light", "neutral", "dark" ],
				"quantity": 1
			},
			"X": {
				"type": "item",
				"code": "magicchalk-normal",
				"quantity": 1,
				"isTool": true
			}
		},
		"width": 3,
		"height": 3,
		"output": {
			"type": "item",
			"code": "attunementcore-alteration",
			"quantity": 1
		}
	},
	{
		"requiresTrait": "craftingrecipesmagictier2",
		"ingredientPattern": "__X,MSM,___",
		"ingredients": {
			"M": {
				"type": "block",
				"code": "magecandle-ritual-*",
				"quantity": 1
			},
			"S": {
				"type": "item",
				"code": "attunementcore-*",
				"name": "typein",
				"allowedVariants": [ "light", "neutral", "dark" ],
				"quantity": 1
			},
			"X": {
				"type": "item",
				"code": "magicchalk-normal",
				"quantity": 1,
				"isTool": true
			}
		},
		"width": 3,
		"height": 3,
		"output": {
			"type": "item",
			"code": "attunementcore-incantation",
			"quantity": 1
		}
	},
	{
		"requiresTrait": "craftingrecipesmagictier2",
		"ingredientPattern": "___,MSM,X__",
		"ingredients": {
			"M": {
				"type": "block",
				"code": "magecandle-ritual-*",
				"quantity": 1
			},
			"S": {
				"type": "item",
				"code": "attunementcore-*",
				"name": "typein",
				"allowedVariants": [ "light", "neutral", "dark" ],
				"quantity": 1
			},
			"X": {
				"type": "item",
				"code": "magicchalk-normal",
				"quantity": 1,
				"isTool": true
			}
		},
		"width": 3,
		"height": 3,
		"output": {
			"type": "item",
			"code": "attunementcore-conjuration",
			"quantity": 1
		}
	}
]
