{
	"code": "creature",
	"class": "ItemCreature",
	"maxstacksize": 64,
	"variantgroups": [
		{
			"code": "type",
			"states": [
				"felinae-adult-male-caracalcaracal", "felinae-adult-female-caracalcaracal", "felinae-baby-female-caracalcaracal", "felinae-baby-male-caracalcaracal",
				"felinae-adult-male-lynxcanadensis", "felinae-adult-female-lynxcanadensis", "felinae-baby-female-lynxcanadensis", "felinae-baby-male-lynxcanadensis",
				"felinae-adult-male-lynxlynx", "felinae-adult-female-lynxlynx", "felinae-baby-female-lynxlynx", "felinae-baby-male-lynxlynx",
				"felinae-adult-male-lynxpardinus", "felinae-adult-female-lynxpardinus", "felinae-baby-female-lynxpardinus", "felinae-baby-male-lynxpardinus"
			]
		}
		
		],

	"shapeByType": {
		"*-adult-*-caracalcaracal": {"base": "entity/land/felinae/caracalcaracal-adult"},
		"*-baby-*-caracalcaracal": {"base": "entity/land/felinae/caracalcaracal-baby"},
		"*-adult-*-lynxcanadensis": {"base": "entity/land/felinae/lynxcanadensis-adult"},
		"*-baby-*-lynxcanadensis": {"base": "entity/land/felinae/lynxcanadensis-baby"},
		"*-adult-*-lynxlynx": {"base": "entity/land/felinae/lynxcanadensis-adult"},
		"*-baby-*-lynxlynx": {"base": "entity/land/felinae/lynxcanadensis-baby"},
		"*-adult-*-lynxpardinus": {"base": "entity/land/felinae/lynxcanadensis-adult"},
		"*-baby-*-lynxpardinus": {"base": "entity/land/felinae/lynxcanadensis-baby"}
	},
	"texturesByType": {
		"*-adult-*-caracalcaracal": {"skin": { "base": "entity/felinae/caracalcaracal-adult" }},
		"*-baby-*-caracalcaracal": {"skin": { "base": "entity/felinae/caracalcaracal-baby" }},
		"*-adult-*-lynxcanadensis": {"skin": { "base": "entity/felinae/lynxcanadensis-adult" }},
		"*-baby-*-lynxcanadensis": {"skin": { "base": "entity/felinae/lynxcanadensis-baby" }},
		"*-adult-*-lynxlynx": {"skin": { "base": "entity/felinae/lynxlynx-adult" }},
		"*-baby-*-lynxlynx": {"skin": { "base": "entity/felinae/lynxlynx-baby" }},
		"*-adult-*-lynxpardinus": {"skin": { "base": "entity/felinae/lynxpardinus-adult" }},
		"*-baby-*-lynxpardinus": {"skin": { "base": "entity/felinae/lynxpardinus-baby" }}
	},
	
	
	
	
	"creativeinventory": { "general": ["*"], "items": ["*"], "creatures": ["*"] },
	"materialDensity": 600,
	"guiTransformByType": {
		
		"creature-felinae-*": {
			"rotate": true,
			"translation": { "x": 3, "y": 0, "z": 0 },
			"rotation": { "x": -11, "y": -52, "z": -180 },
			"origin": { "x": 0.5, "y": 0.5, "z": 0.5 },
			"scale": 1.5
		}				
	},
	
	"tpHandTransformByType": {
		"creature-felinae-*": {
			"translation": { x: -0.9, y: -0.9, z: -0.7 },
			"rotation": { x: -180, y: 0, z: -156 },
			"scale": 0.45
		}		
	},
	
	"fpHandTransformByType": {
		"creature-felinae-*": {
			"translation": { x: 0.2, y: 0, z: 0 },
			"rotation": { x: -8, y: -63, z: -7 }
		}
	}
	}
	

	
	
	
	




