{
    "code": "call-duck-egg",
    "class": "EntityAgent",
    "knockbackResistanceByType": {
        "*": 10
    },
    "eyeHeight": 0.2,
    "weight": 100,
    "fallDamageMultiplier": 0.75,
    "client": {
        "renderer": "Shape",
        "shape": {
            "base": "entity/land/duck/1egg_duck",
            "broken": "entity/land/duck/1egg_duck_broke",
            "alternates": [
                {
                    "base": "entity/land/duck/1-1egg_duck",
                    "broken": "entity/land/duck/1egg_duck_broke"
                }
            ]
        },
        "texture": {
            "base": "entity/duck/egg/duck_egg"
        },
        "handbook": {
            "groupcode": "thecritterpack:creaturegroup-callduck"
        },
        "size": 0.65,
        "behaviors": [
            {
                "code": "controlledphysics",
                "stepHeight": 0.001
            },
            {
                "code": "floatupwhenstuck",
                "onlyWhenDead": true
            },
            {
                "code": "interpolateposition"
            },
            {
                "code": "harvestable"
            },
            {
                "code": "despawn",
                "minPlayerDistance": 8,
                "belowLightLevel": 5,
                "minSeconds": 300
            },
            {
                "code": "pettable",
                "minGeneration": 1
            }
        ],
        "animations": []
    },
    "server": {
        "behaviors": [
            {
                "code": "controlledphysics",
                "stepHeight": 0.001
            },
            {
                "code": "despawn",
                "belowLightLevel": 5,
                "minSeconds": 750
            },
            {
                "code": "health",
                "currenthealth": 1,
                "maxhealth": 1
            },
            {
                "code": "deaddecay",
                "hoursToDecay": 0.3
            },
            {
                "code": "floatupwhenstuck",
                "onlyWhenDead": true
            },
            {
                "code": "harvestable",
                "drops": []
            },
            {
                "code": "grow",
                "hoursToGrow": 195,
                "adultEntityCodes": [
                    "thecritterpack:call-duck-baby"
                ]
            },
            {
                "code": "emotionstates",
                "states": []
            },
            {
                "code": "taskai",
                "aitasks": [
                    {
                        "code": "idle",
                        "animation": "Idle",
                        "priority": 0.5,
                        "minduration": 120000,
                        "maxduration": 240000,
                        "mincooldown": 3000,
                        "maxcooldown": 3000
                    }
                ]
            }
        ]
    },
    "sounds": {}
}