{
    "code": "call-duck-nest",
    "class": "EntityAgent",
    "variantgroups": [
        {
            "code": "state",
            "states": [
                "new",
                "incubating",
                "mature",
                "empty"
            ]
        }
    ],
    "attributes": {
        "minGenerationToAllowHealing": 0,
        "handbook": {
            "groupcode": "thecritterpack:creaturegroup-callduck"
        }
    },
    "knockbackResistanceByType": {
        "*": 10
    },
    "eyeHeight": 0.2,
    "weight": 100,
    "fallDamageMultiplier": 0.75,
    "client": {
        "renderer": "Shape",
        "shapeByType": {
            "call-duck-nest-new": {
                "base": "entity/land/duck/nest-shape-half"
            },
            "*-nest-empty": {
                "base": "entity/land/duck/nest-shape-empty"
            },
            "*": {
                "base": "entity/land/duck/nest-shape-eggs"
            }
        },
        "sizeByType": {
            "*": 0.65
        },
        "behaviors": [
            {
                "code": "controlledphysics",
                "stepHeight": 0
            },
            {
                "code": "interpolateposition"
            },
            {
                "code": "despawn",
                "minPlayerDistance": 8,
                "belowLightLevel": 8,
                "minSeconds": 300
            },
            {
                "code": "floatupwhenstuck",
                "onlyWhenDead": true
            },
            {
                "code": "harvestable"
            },
            {
                "code": "pettable",
                "minGeneration": 1
            }
        ],
        "animations": []
    },
    "server": {
        "behaviors": [
            {
                "code": "controlledphysics",
                "stepHeight": 0.001
            },
            {
                "code": "despawn",
                "minPlayerDistance": 8,
                "belowLightLevel": 8,
                "minSeconds": 300
            },
            {
                "code": "health",
                "currenthealth": 5,
                "maxhealth": 5
            },
            {
                "code": "deaddecay",
                "hoursToDecay": 24
            },
            {
                "code": "floatupwhenstuck",
                "onlyWhenDead": true
            },
            {
                "code": "harvestable",
                "drops": [
                    {
                        "type": "item",
                        "code": "game:stick",
                        "quantityByType": {
                            "*": {
                                "avg": 3,
                                "var": 3
                            }
                        }
                    }
                ]
            },
            {
                "code": "grow",
                "enabledByType": {
                    "*-empty": false,
                    "*": true
                },
                "hoursToGrowByType": {
                    "*-new": 12,
                    "*-incubating": 120,
                    "*-mature": 0.5
                },
                "adultEntityCodesByType": {
                    "*-new": [
                        "thecritterpack:call-duck-nest-incubating"
                    ],
                    "*-incubating": [
                        "thecritterpack:call-duck-nest-mature"
                    ],
                    "*-mature": [
                        "thecritterpack:call-duck-nest-empty"
                    ]
                }
            },
            {
                "code": "emotionstates",
                "states": []
            },
            {
                "code": "taskai",
                "aitasks": [
                    {
                        "code": "bellalarm",
                        "animation": "null",
                        "enabledByType": {
                            "*-mature": true,
                            "*": false
                        },
                        "onNearbyEntityCodes": [
                            "player"
                        ],
                        "spawnMobs": [
                            "thecritterpack:call-duck-baby"
                        ],
                        "spawnMaxQuantity": 1,
                        "spawnIntervalMsMin": 2500,
                        "spawnIntervalMsMax": 7500,
                        "spawnRange": 0.5,
                        "seekingRange": 64,
                        "priority": 1.9,
                        "minduration": 2000,
                        "maxduration": 8000,
                        "mincooldown": 12000,
                        "maxcooldown": 24000
                    },
                    {
                        "code": "idle",
                        "animation": "null",
                        "priority": 1,
                        "minduration": 120000,
                        "maxduration": 240000,
                        "mincooldown": 3000,
                        "maxcooldown": 3000
                    }
                ]
            },
            {
                "code": "pettable",
                "minGeneration": 1
            }
        ],
        "spawnconditionsByType": {
            "*-nest-incubating": null,
            "*-nest-mature": null,
            "*-nest-nest-empty": null,
            "*-nest-nest-new": {
                "runtime": {
                    "group": "passive",
                    "tryOnlySurface": true,
                    "chance": 0.00001,
                    "maxQuantity": 2,
                    "maxLightLevel": 7,
                    "lightLevelType": "onlyBlockLight",
                    "groupSize": {
                        "dist": "verynarrowgaussian",
                        "avg": 0,
                        "var": 1
                    },
                    "insideBlockCodes": [
                        "game:tallplant-coopersreed-land-normal-free",
                        "game:tallplant-tule-land-normal-free",
                        "game:tallplant-brownsedge-land-normal-free",
                        "game:sand-*",
                        "game:tallgrass-*"
                    ],
                    "minTemp": 10,
                    "minRain": 0.05,
                    "minForest": 0,
                    "maxForest": 0.65,
                    "companions": [
                        "thecritterpack:call-duck-female-hen",
                        "thecritterpack:call-duck-male-drake"
                    ]
                }
            }
        }
    },
    "sounds": {}
}