{
	"editor": {
		"allAngles": true,
		"entityTextureMode": false
	},
	"textureWidth": 16,
	"textureHeight": 16,
	"textureSizes": {
	},
	"textures": {},
	"elements": [
		{
			"name": "root",
			"from": [ 0.1, 1.0, 0.1 ],
			"to": [ 0.1, 1.0, 0.1 ],
			"rotationOrigin": [ 8.1, 1.0, 8.1 ],
			"faces": {
				"north": { "texture": "#skin", "uv": [ 0.0, 0.0, 0.5, 0.5 ] },
				"east": { "texture": "#skin", "uv": [ 0.0, 0.0, 0.5, 0.5 ] },
				"south": { "texture": "#skin", "uv": [ 0.0, 0.0, 0.5, 0.5 ] },
				"west": { "texture": "#skin", "uv": [ 0.0, 0.0, 0.5, 0.5 ] },
				"up": { "texture": "#skin", "uv": [ 0.0, 0.0, 0.5, 0.5 ] },
				"down": { "texture": "#skin", "uv": [ 0.0, 0.0, 0.5, 0.5 ] }
			},
			"children": [
				{
					"name": "base",
					"from": [ 0.0, 0.0, 0.0 ],
					"to": [ 0.0, 0.0, 0.0 ],
					"rotationOrigin": [ 8.0, 0.0, 8.0 ],
					"faces": {
						"north": { "texture": "#skin", "uv": [ 0.0, 0.0, 0.5, 0.5 ], "glow": 30, "windMode": [3,3,3,3], "windData": [8,8,10,10]  },
						"east": { "texture": "#skin", "uv": [ 0.0, 0.0, 0.5, 0.5 ], "glow": 30, "windMode": [3,3,3,3], "windData": [8,8,10,10]  },
						"south": { "texture": "#skin", "uv": [ 0.0, 0.0, 0.5, 0.5 ], "glow": 30, "windMode": [3,3,3,3], "windData": [8,8,10,10]  },
						"west": { "texture": "#skin", "uv": [ 0.0, 0.0, 0.5, 0.5 ], "glow": 30, "windMode": [3,3,3,3], "windData": [8,8,10,10]  },
						"up": { "texture": "#skin", "uv": [ 0.0, 0.0, 0.5, 0.5 ], "glow": 30, "windMode": [3,3,3,3], "windData": [8,8,10,10]  },
						"down": { "texture": "#skin", "uv": [ 0.0, 0.0, 0.5, 0.5 ], "glow": 30, "windMode": [3,3,3,3], "windData": [8,8,10,10]  }
					},
					"children": [
						{
							"name": "body",
							"from": [ 1.0, -5.0, 1.0 ],
							"to": [ 15.0, 3.0, 15.0 ],
							"rotationOrigin": [ 8.0, 0.0, 8.0 ],
							"faces": {
								"north": { "texture": "#skin", "uv": [ 0.0, 0.0, 14.0, 8.0 ], "glow": 30, "windMode": [3,3,3,3], "windData": [8,8,10,10]  },
								"east": { "texture": "#skin", "uv": [ 0.0, 0.0, 14.0, 8.0 ], "glow": 30, "windMode": [3,3,3,3], "windData": [8,8,10,10] },
								"south": { "texture": "#skin", "uv": [ 0.0, 0.0, 14.0, 8.0 ], "glow": 30, "windMode": [3,3,3,3], "windData": [8,8,10,10]  },
								"west": { "texture": "#skin", "uv": [ 0.0, 0.0, 14.0, 8.0 ], "glow": 30, "windMode": [3,3,3,3], "windData": [8,8,10,10]  },
								"up": { "texture": "#skin", "uv": [ 0.0, 0.0, 14.0, 14.0 ], "glow": 30, "windMode": [3,3,3,3], "windData": [8,8,10,10]  },
								"down": { "texture": "#skin", "uv": [ 0.0, 0.0, 14.0, 14.0 ], "glow": 30, "windMode": [3,3,3,3], "windData": [8,8,10,10]  }
							},
							"children": [
								{
									"name": "body4",
									"from": [ -1.0, 5.0, -1.0 ],
									"to": [ -1.0, 5.0, -1.0 ],
									"rotationOrigin": [ 7.0, 5.0, 7.0 ],
									"rotationY": 45.0,
									"faces": {
										"north": { "texture": "#skin", "uv": [ 0.0, 0.0, 0.5, 0.5 ], "glow": 30, "windMode": [3,3,3,3], "windData": [8,8,10,10]  },
										"east": { "texture": "#skin", "uv": [ 0.0, 0.0, 0.5, 0.5 ], "glow": 30, "windMode": [3,3,3,3], "windData": [8,8,10,10]  },
										"south": { "texture": "#skin", "uv": [ 0.0, 0.0, 0.5, 0.5 ], "glow": 30, "windMode": [3,3,3,3], "windData": [8,8,10,10]  },
										"west": { "texture": "#skin", "uv": [ 0.0, 0.0, 0.5, 0.5 ], "glow": 30, "windMode": [3,3,3,3], "windData": [8,8,10,10]  },
										"up": { "texture": "#skin", "uv": [ 0.0, 0.0, 0.5, 0.5 ], "glow": 30, "windMode": [3,3,3,3], "windData": [8,8,10,10]  },
										"down": { "texture": "#skin", "uv": [ 0.0, 0.0, 0.5, 0.5 ], "glow": 30, "windMode": [3,3,3,3], "windData": [8,8,10,10]  }
									},
									"children": [
										{
											"name": "body11",
											"from": [ 5.0, -3.9, 5.6 ],
											"to": [ 15.0, 4.1, 15.6 ],
											"rotationOrigin": [ 5.0, 0.1, 13.6 ],
											"rotationY": -90.0,
											"rotationZ": -14.0,
											"faces": {
												"north": { "texture": "#skin", "uv": [ 0.0, 0.0, 10.0, 8.0 ], "glow": 30, "windMode": [3,3,3,3], "windData": [8,8,10,10]  },
												"east": { "texture": "#skin", "uv": [ 0.0, 0.0, 10.0, 8.0 ], "glow": 30, "windMode": [3,3,3,3], "windData": [8,8,10,10] },
												"south": { "texture": "#skin", "uv": [ 0.0, 0.0, 10.0, 8.0 ], "glow": 30, "windMode": [3,3,3,3], "windData": [8,8,10,10]  },
												"west": { "texture": "#skin", "uv": [ 0.0, 0.0, 10.0, 8.0 ], "glow": 30, "windMode": [3,3,3,3], "windData": [8,8,10,10]  },
												"up": { "texture": "#skin", "uv": [ 0.0, 0.0, 10.0, 10.0 ], "glow": 30, "windMode": [3,3,3,3], "windData": [8,8,10,10]  },
												"down": { "texture": "#skin", "uv": [ 0.0, 0.0, 10.0, 10.0 ], "glow": 30, "windMode": [3,3,3,3], "windData": [8,8,10,10]  }
											}
										},
										{
											"name": "body12",
											"from": [ 5.0, 0.2, 4.0 ],
											"to": [ 17.0, 8.2, 14.0 ],
											"rotationOrigin": [ 5.0, 4.2, 12.0 ],
											"rotationY": -90.0,
											"rotationZ": -30.0,
											"faces": {
												"north": { "texture": "#skin", "uv": [ 0.0, 0.0, 12.0, 8.0 ], "glow": 30, "windMode": [3,3,3,3], "windData": [8,8,10,10]  },
												"east": { "texture": "#skin", "uv": [ 0.0, 0.0, 10.0, 8.0 ], "glow": 30, "windMode": [3,3,3,3], "windData": [8,8,10,10]  },
												"south": { "texture": "#skin", "uv": [ 0.0, 0.0, 12.0, 8.0 ], "glow": 30, "windMode": [3,3,3,3], "windData": [8,8,10,10]  },
												"west": { "texture": "#skin", "uv": [ 0.0, 0.0, 10.0, 8.0 ], "glow": 30, "windMode": [3,3,3,3], "windData": [8,8,10,10]  },
												"up": { "texture": "#skin", "uv": [ 0.0, 0.0, 12.0, 10.0 ], "glow": 30, "windMode": [3,3,3,3], "windData": [8,8,10,10] },
												"down": { "texture": "#skin", "uv": [ 0.0, 0.0, 12.0, 10.0 ], "glow": 30, "windMode": [3,3,3,3], "windData": [8,8,10,10]  }
											}
										},
										{
											"name": "body6",
											"from": [ 12.3841, -3.0, 4.3841 ],
											"to": [ 20.3841, 5.0, 20.3841 ],
											"rotationOrigin": [ 12.3841, 1.0, 12.3841 ],
											"rotationY": -45.0,
											"rotationZ": -22.5,
											"faces": {
												"north": { "texture": "#skin", "uv": [ 0.0, 0.0, 8.0, 8.0 ], "glow": 30, "windMode": [3,3,3,3], "windData": [8,8,10,10]  },
												"east": { "texture": "#skin", "uv": [ 0.0, 0.0, 16.0, 8.0 ], "glow": 30, "windMode": [3,3,3,3], "windData": [8,8,10,10]  },
												"south": { "texture": "#skin", "uv": [ 0.0, 0.0, 8.0, 8.0 ], "glow": 30, "windMode": [3,3,3,3], "windData": [8,8,10,10]  },
												"west": { "texture": "#skin", "uv": [ 0.0, 0.0, 16.0, 8.0 ], "glow": 30, "windMode": [3,3,3,3], "windData": [8,8,10,10]  },
												"up": { "texture": "#skin", "uv": [ 0.0, 0.0, 8.0, 16.0 ], "glow": 30, "windMode": [3,3,3,3], "windData": [8,8,10,10] },
												"down": { "texture": "#skin", "uv": [ 0.0, 0.0, 8.0, 16.0 ], "glow": 30, "windMode": [3,3,3,3], "windData": [8,8,10,10]  }
											}
										}
									]
								},
								{
									"name": "body5",
									"from": [ -1.0, 5.0, -1.0 ],
									"to": [ -1.0, 5.0, -1.0 ],
									"rotationOrigin": [ 7.0, 5.0, 7.0 ],
									"rotationY": -45.0,
									"faces": {
										"north": { "texture": "#skin", "uv": [ 0.0, 0.0, 0.5, 0.5 ] },
										"east": { "texture": "#skin", "uv": [ 0.0, 0.0, 0.5, 0.5 ] },
										"south": { "texture": "#skin", "uv": [ 0.0, 0.0, 0.5, 0.5 ] },
										"west": { "texture": "#skin", "uv": [ 0.0, 0.0, 0.5, 0.5 ] },
										"up": { "texture": "#skin", "uv": [ 0.0, 0.0, 0.5, 0.5 ] },
										"down": { "texture": "#skin", "uv": [ 0.0, 0.0, 0.5, 0.5 ] }
									},
									"children": [
										{
											"name": "body13",
											"from": [ 5.0, -3.9, 5.6 ],
											"to": [ 15.0, 4.1, 15.6 ],
											"rotationOrigin": [ 5.0, 0.1, 13.6 ],
											"rotationY": -90.0,
											"rotationZ": -14.0,
											"faces": {
												"north": { "texture": "#skin", "uv": [ 0.0, 0.0, 10.0, 8.0 ], "glow": 30, "windMode": [3,3,3,3], "windData": [8,8,10,10] },
												"east": { "texture": "#skin", "uv": [ 0.0, 0.0, 10.0, 8.0 ], "glow": 30, "windMode": [3,3,3,3], "windData": [8,8,10,10] },
												"south": { "texture": "#skin", "uv": [ 0.0, 0.0, 10.0, 8.0 ], "glow": 30, "windMode": [3,3,3,3], "windData": [8,8,10,10] },
												"west": { "texture": "#skin", "uv": [ 0.0, 0.0, 10.0, 8.0 ], "glow": 30, "windMode": [3,3,3,3], "windData": [8,8,10,10]  },
												"up": { "texture": "#skin", "uv": [ 0.0, 0.0, 10.0, 10.0 ], "glow": 30, "windMode": [3,3,3,3], "windData": [8,8,10,10]  },
												"down": { "texture": "#skin", "uv": [ 0.0, 0.0, 10.0, 10.0 ], "glow": 30, "windMode": [3,3,3,3], "windData": [8,8,10,10]  }
											}
										},
										{
											"name": "body14",
											"from": [ 5.0, 0.2, 4.0 ],
											"to": [ 17.0, 8.2, 14.0 ],
											"rotationOrigin": [ 5.0, 4.2, 12.0 ],
											"rotationY": -90.0,
											"rotationZ": -30.0,
											"faces": {
												"north": { "texture": "#skin", "uv": [ 0.0, 0.0, 12.0, 8.0 ], "glow": 30, "windMode": [3,3,3,3], "windData": [8,8,10,10]  },
												"east": { "texture": "#skin", "uv": [ 0.0, 0.0, 10.0, 8.0 ], "glow": 30, "windMode": [3,3,3,3], "windData": [8,8,10,10]  },
												"south": { "texture": "#skin", "uv": [ 0.0, 0.0, 12.0, 8.0 ], "glow": 30, "windMode": [3,3,3,3], "windData": [8,8,10,10]  },
												"west": { "texture": "#skin", "uv": [ 0.0, 0.0, 10.0, 8.0 ], "glow": 30, "windMode": [3,3,3,3], "windData": [8,8,10,10]  },
												"up": { "texture": "#skin", "uv": [ 0.0, 0.0, 12.0, 10.0 ], "glow": 30, "windMode": [3,3,3,3], "windData": [8,8,10,10] },
												"down": { "texture": "#skin", "uv": [ 0.0, 0.0, 12.0, 10.0 ], "glow": 30, "windMode": [3,3,3,3], "windData": [8,8,10,10]  }
											}
										},
										{
											"name": "body7",
											"from": [ 12.3841, -3.0, 4.3841 ],
											"to": [ 20.3841, 5.0, 20.3841 ],
											"rotationOrigin": [ 12.3841, 1.0, 12.3841 ],
											"rotationY": -45.0,
											"rotationZ": -22.5,
											"faces": {
												"north": { "texture": "#skin", "uv": [ 0.0, 0.0, 8.0, 8.0 ], "glow": 30, "windMode": [3,3,3,3], "windData": [8,8,10,10]  },
												"east": { "texture": "#skin", "uv": [ 0.0, 0.0, 16.0, 8.0 ], "glow": 30, "windMode": [3,3,3,3], "windData": [8,8,10,10]  },
												"south": { "texture": "#skin", "uv": [ 0.0, 0.0, 8.0, 8.0 ], "glow": 30, "windMode": [3,3,3,3], "windData": [8,8,10,10]  },
												"west": { "texture": "#skin", "uv": [ 0.0, 0.0, 16.0, 8.0 ], "glow": 30, "windMode": [3,3,3,3], "windData": [8,8,10,10]  },
												"up": { "texture": "#skin", "uv": [ 0.0, 0.0, 8.0, 16.0 ], "glow": 30, "windMode": [3,3,3,3], "windData": [8,8,10,10] },
												"down": { "texture": "#skin", "uv": [ 0.0, 0.0, 8.0, 16.0 ], "glow": 30, "windMode": [3,3,3,3], "windData": [8,8,10,10]  }
											}
										}
									]
								},
								{
									"name": "body8",
									"from": [ -1.0, 5.0, -1.0 ],
									"to": [ -1.0, 5.0, -1.0 ],
									"rotationOrigin": [ 7.0, 5.0, 7.0 ],
									"rotationX": -180.0,
									"rotationY": -45.0,
									"rotationZ": -180.0,
									"faces": {
										"north": { "texture": "#skin", "uv": [ 0.0, 0.0, 0.5, 0.5 ], "glow": 30, "windMode": [3,3,3,3], "windData": [8,8,10,10]  },
										"east": { "texture": "#skin", "uv": [ 0.0, 0.0, 0.5, 0.5 ], "glow": 30, "windMode": [3,3,3,3], "windData": [8,8,10,10]  },
										"south": { "texture": "#skin", "uv": [ 0.0, 0.0, 0.5, 0.5 ], "glow": 30, "windMode": [3,3,3,3], "windData": [8,8,10,10]  },
										"west": { "texture": "#skin", "uv": [ 0.0, 0.0, 0.5, 0.5 ], "glow": 30, "windMode": [3,3,3,3], "windData": [8,8,10,10]  },
										"up": { "texture": "#skin", "uv": [ 0.0, 0.0, 0.5, 0.5 ], "glow": 30, "windMode": [3,3,3,3], "windData": [8,8,10,10]  },
										"down": { "texture": "#skin", "uv": [ 0.0, 0.0, 0.5, 0.5 ], "glow": 30, "windMode": [3,3,3,3], "windData": [8,8,10,10]  }
									},
									"children": [
										{
											"name": "body15",
											"from": [ 5.0, -3.9, 5.6 ],
											"to": [ 15.0, 4.1, 15.6 ],
											"rotationOrigin": [ 5.0, 0.1, 13.6 ],
											"rotationY": -90.0,
											"rotationZ": -14.0,
											"faces": {
												"north": { "texture": "#skin", "uv": [ 0.0, 0.0, 10.0, 8.0 ], "glow": 30, "windMode": [3,3,3,3], "windData": [8,8,10,10]  },
												"east": { "texture": "#skin", "uv": [ 0.0, 0.0, 10.0, 8.0 ], "glow": 30, "windMode": [3,3,3,3], "windData": [8,8,10,10] },
												"south": { "texture": "#skin", "uv": [ 0.0, 0.0, 10.0, 8.0 ], "glow": 30, "windMode": [3,3,3,3], "windData": [8,8,10,10]  },
												"west": { "texture": "#skin", "uv": [ 0.0, 0.0, 10.0, 8.0 ], "glow": 30, "windMode": [3,3,3,3], "windData": [8,8,10,10]  },
												"up": { "texture": "#skin", "uv": [ 0.0, 0.0, 10.0, 10.0 ], "glow": 30, "windMode": [3,3,3,3], "windData": [8,8,10,10]  },
												"down": { "texture": "#skin", "uv": [ 0.0, 0.0, 10.0, 10.0 ], "glow": 30, "windMode": [3,3,3,3], "windData": [8,8,10,10]  }
											}
										},
										{
											"name": "body16",
											"from": [ 5.0, 0.2, 4.0 ],
											"to": [ 17.0, 8.2, 14.0 ],
											"rotationOrigin": [ 5.0, 4.2, 12.0 ],
											"rotationY": -90.0,
											"rotationZ": -30.0,
											"faces": {
												"north": { "texture": "#skin", "uv": [ 0.0, 0.0, 12.0, 8.0 ], "glow": 30, "windMode": [3,3,3,3], "windData": [8,8,10,10]  },
												"east": { "texture": "#skin", "uv": [ 0.0, 0.0, 10.0, 8.0 ], "glow": 30, "windMode": [3,3,3,3], "windData": [8,8,10,10]  },
												"south": { "texture": "#skin", "uv": [ 0.0, 0.0, 12.0, 8.0 ], "glow": 30, "windMode": [3,3,3,3], "windData": [8,8,10,10]  },
												"west": { "texture": "#skin", "uv": [ 0.0, 0.0, 10.0, 8.0 ], "glow": 30, "windMode": [3,3,3,3], "windData": [8,8,10,10]  },
												"up": { "texture": "#skin", "uv": [ 0.0, 0.0, 12.0, 10.0 ], "glow": 30, "windMode": [3,3,3,3], "windData": [8,8,10,10] },
												"down": { "texture": "#skin", "uv": [ 0.0, 0.0, 12.0, 10.0 ], "glow": 30, "windMode": [3,3,3,3], "windData": [8,8,10,10]  }
											}
										},
										{
											"name": "body9",
											"from": [ 12.3841, -3.0, 4.3841 ],
											"to": [ 20.3841, 5.0, 20.3841 ],
											"rotationOrigin": [ 12.3841, 1.0, 12.3841 ],
											"rotationY": -45.0,
											"rotationZ": -22.5,
											"faces": {
												"north": { "texture": "#skin", "uv": [ 0.0, 0.0, 8.0, 8.0 ], "glow": 30, "windMode": [3,3,3,3], "windData": [8,8,10,10]  },
												"east": { "texture": "#skin", "uv": [ 0.0, 0.0, 16.0, 8.0 ], "glow": 30, "windMode": [3,3,3,3], "windData": [8,8,10,10]  },
												"south": { "texture": "#skin", "uv": [ 0.0, 0.0, 8.0, 8.0 ], "glow": 30, "windMode": [3,3,3,3], "windData": [8,8,10,10]  },
												"west": { "texture": "#skin", "uv": [ 0.0, 0.0, 16.0, 8.0 ], "glow": 30, "windMode": [3,3,3,3], "windData": [8,8,10,10]  },
												"up": { "texture": "#skin", "uv": [ 0.0, 0.0, 8.0, 16.0 ], "glow": 30, "windMode": [3,3,3,3], "windData": [8,8,10,10] },
												"down": { "texture": "#skin", "uv": [ 0.0, 0.0, 8.0, 16.0 ], "glow": 30, "windMode": [3,3,3,3], "windData": [8,8,10,10]  }
											}
										}
									]
								},
								{
									"name": "body10",
									"from": [ -1.0, 5.0, -1.0 ],
									"to": [ -1.0, 5.0, -1.0 ],
									"rotationOrigin": [ 7.0, 5.0, 7.0 ],
									"rotationX": -180.0,
									"rotationY": 45.0,
									"rotationZ": -180.0,
									"faces": {
										"north": { "texture": "#skin", "uv": [ 0.0, 0.0, 0.5, 0.5 ] },
										"east": { "texture": "#skin", "uv": [ 0.0, 0.0, 0.5, 0.5 ] },
										"south": { "texture": "#skin", "uv": [ 0.0, 0.0, 0.5, 0.5 ] },
										"west": { "texture": "#skin", "uv": [ 0.0, 0.0, 0.5, 0.5 ] },
										"up": { "texture": "#skin", "uv": [ 0.0, 0.0, 0.5, 0.5 ] },
										"down": { "texture": "#skin", "uv": [ 0.0, 0.0, 0.5, 0.5 ] }
									},
									"children": [
										{
											"name": "body17",
											"from": [ 5.0, -3.9, 5.6 ],
											"to": [ 15.0, 4.1, 15.6 ],
											"rotationOrigin": [ 5.0, 0.1, 13.6 ],
											"rotationY": -90.0,
											"rotationZ": -14.0,
											"faces": {
												"north": { "texture": "#skin", "uv": [ 0.0, 0.0, 10.0, 8.0 ], "glow": 30, "windMode": [3,3,3,3], "windData": [8,8,10,10]  },
												"east": { "texture": "#skin", "uv": [ 0.0, 0.0, 10.0, 8.0 ], "glow": 30, "windMode": [3,3,3,3], "windData": [8,8,10,10] },
												"south": { "texture": "#skin", "uv": [ 0.0, 0.0, 10.0, 8.0 ], "glow": 30, "windMode": [3,3,3,3], "windData": [8,8,10,10]  },
												"west": { "texture": "#skin", "uv": [ 0.0, 0.0, 10.0, 8.0 ], "glow": 30, "windMode": [3,3,3,3], "windData": [8,8,10,10]  },
												"up": { "texture": "#skin", "uv": [ 0.0, 0.0, 10.0, 10.0 ], "glow": 30, "windMode": [3,3,3,3], "windData": [8,8,10,10]  },
												"down": { "texture": "#skin", "uv": [ 0.0, 0.0, 10.0, 10.0 ], "glow": 30, "windMode": [3,3,3,3], "windData": [8,8,10,10]  }
											}
										},
										{
											"name": "body18",
											"from": [ 5.0, 0.2, 4.0 ],
											"to": [ 17.0, 8.2, 14.0 ],
											"rotationOrigin": [ 5.0, 4.2, 12.0 ],
											"rotationY": -90.0,
											"rotationZ": -30.0,
											"faces": {
												"north": { "texture": "#skin", "uv": [ 0.0, 0.0, 12.0, 8.0 ], "glow": 30, "windMode": [3,3,3,3], "windData": [8,8,10,10]  },
												"east": { "texture": "#skin", "uv": [ 0.0, 0.0, 10.0, 8.0 ], "glow": 30, "windMode": [3,3,3,3], "windData": [8,8,10,10]  },
												"south": { "texture": "#skin", "uv": [ 0.0, 0.0, 12.0, 8.0 ], "glow": 30, "windMode": [3,3,3,3], "windData": [8,8,10,10]  },
												"west": { "texture": "#skin", "uv": [ 0.0, 0.0, 10.0, 8.0 ], "glow": 30, "windMode": [3,3,3,3], "windData": [8,8,10,10]  },
												"up": { "texture": "#skin", "uv": [ 0.0, 0.0, 12.0, 10.0 ], "glow": 30, "windMode": [3,3,3,3], "windData": [8,8,10,10] },
												"down": { "texture": "#skin", "uv": [ 0.0, 0.0, 12.0, 10.0 ], "glow": 30, "windMode": [3,3,3,3], "windData": [8,8,10,10]  }
											}
										},
										{
											"name": "body19",
											"from": [ 12.3841, -3.0, 4.3841 ],
											"to": [ 20.3841, 5.0, 20.3841 ],
											"rotationOrigin": [ 12.3841, 1.0, 12.3841 ],
											"rotationY": -45.0,
											"rotationZ": -22.5,
											"faces": {
												"north": { "texture": "#skin", "uv": [ 0.0, 0.0, 8.0, 8.0 ], "glow": 30, "windMode": [3,3,3,3], "windData": [8,8,10,10]  },
												"east": { "texture": "#skin", "uv": [ 0.0, 0.0, 16.0, 8.0 ], "glow": 30, "windMode": [3,3,3,3], "windData": [8,8,10,10]  },
												"south": { "texture": "#skin", "uv": [ 0.0, 0.0, 8.0, 8.0 ], "glow": 30, "windMode": [3,3,3,3], "windData": [8,8,10,10]  },
												"west": { "texture": "#skin", "uv": [ 0.0, 0.0, 16.0, 8.0 ], "glow": 30, "windMode": [3,3,3,3], "windData": [8,8,10,10]  },
												"up": { "texture": "#skin", "uv": [ 0.0, 0.0, 8.0, 16.0 ], "glow": 30, "windMode": [3,3,3,3], "windData": [8,8,10,10] },
												"down": { "texture": "#skin", "uv": [ 0.0, 0.0, 8.0, 16.0 ], "glow": 30, "windMode": [3,3,3,3], "windData": [8,8,10,10]  }
											}
										}
									]
								},
								{
									"name": "arm",
									"from": [ 16.0, -13.0, -2.0 ],
									"to": [ 18.0, 1.0, 0.0 ],
									"rotationOrigin": [ 17.0, 1.0, -1.0 ],
									"rotationZ": -97.0,
									"faces": {
										"north": { "texture": "#skin", "uv": [ 13.5, 1.0, 15.5, 15.0 ] },
										"east": { "texture": "#skin", "uv": [ 11.5, 1.5, 13.5, 15.5 ] },
										"south": { "texture": "#skin", "uv": [ 6.5, 0.5, 8.5, 14.5 ] },
										"west": { "texture": "#skin", "uv": [ 7.0, 1.5, 9.0, 15.5 ] },
										"up": { "texture": "#skin", "uv": [ 0.0, 0.0, 2.0, 2.0 ] },
										"down": { "texture": "#skin", "uv": [ 0.0, 0.0, 2.0, 2.0 ] }
									},
									"children": [
										{
											"name": "arm2",
											"from": [ 0.1, 0.0, 0.1 ],
											"to": [ 1.9, 14.0, 1.9 ],
											"rotationOrigin": [ 1.1, 0.0, 1.1 ],
											"faces": {
												"north": { "texture": "#skin", "uv": [ 6.5, 1.5, 8.0, 15.5 ] },
												"east": { "texture": "#skin", "uv": [ 4.5, 1.5, 6.0, 15.5 ] },
												"south": { "texture": "#skin", "uv": [ 11.5, 2.0, 13.0, 16.0 ] },
												"west": { "texture": "#skin", "uv": [ 9.0, 1.5, 10.5, 15.5 ] },
												"up": { "texture": "#skin", "uv": [ 0.0, 0.0, 1.5, 1.5 ] },
												"down": { "texture": "#skin", "uv": [ 0.0, 0.0, 1.5, 1.5 ] }
											},
											"children": [
												{
													"name": "arm3",
													"from": [ -0.6, -3.0, -0.6 ],
													"to": [ 2.4, 0.0, 2.4 ],
													"rotationOrigin": [ 0.9, 0.0, 0.9 ],
													"faces": {
														"north": { "texture": "#skin", "uv": [ 0.0, 0.0, 3.0, 3.0 ] },
														"east": { "texture": "#skin", "uv": [ 0.0, 0.0, 3.0, 3.0 ] },
														"south": { "texture": "#skin", "uv": [ 0.0, 0.0, 3.0, 3.0 ] },
														"west": { "texture": "#skin", "uv": [ 0.0, 0.0, 3.0, 3.0 ] },
														"up": { "texture": "#skin", "uv": [ 0.0, 0.0, 3.0, 3.0 ] },
														"down": { "texture": "#skin", "uv": [ 0.0, 0.0, 3.0, 3.0 ] }
													}
												}
											]
										}
									]
								}
							]
						},
						{
							"name": "headstretch",
							"from": [ 1.1268, 2.2734, 2.0 ],
							"to": [ 13.1268, 13.2734, 14.0 ],
							"rotationOrigin": [ 1.1268, 8.2719, 8.0 ],
							"rotationZ": -25.0,
							"faces": {
								"north": { "texture": "#skin", "uv": [ 0.0, 0.0, 12.0, 11.0 ], "glow": 30, "windMode": [3,3,3,3], "windData": [8,8,10,10]  },
								"east": { "texture": "#skin", "uv": [ 0.0, 0.0, 12.0, 11.0 ], "glow": 30, "windMode": [3,3,3,3], "windData": [8,8,10,10]  },
								"south": { "texture": "#skin", "uv": [ 0.0, 0.0, 12.0, 11.0 ], "glow": 30, "windMode": [3,3,3,3], "windData": [8,8,10,10]  },
								"west": { "texture": "#skin", "uv": [ 0.0, 0.0, 12.0, 11.0 ], "glow": 30, "windMode": [3,3,3,3], "windData": [8,8,10,10]  },
								"up": { "texture": "#skin", "uv": [ 0.0, 0.0, 12.0, 12.0 ], "glow": 30, "windMode": [3,3,3,3], "windData": [8,8,10,10] },
								"down": { "texture": "#skin", "uv": [ 0.0, 0.0, 12.0, 12.0 ], "glow": 30, "windMode": [3,3,3,3], "windData": [8,8,10,10]  }
							},
							"children": [
								{
									"name": "head",
									"from": [ -2.1131, -0.77, -1.0 ],
									"to": [ 13.8869, 12.23, 13.0 ],
									"rotationOrigin": [ -2.1131, 10.23, 5.0 ],
									"rotationZ": 0.0,
									"faces": {
										"north": { "texture": "#skin", "uv": [ 0.0, 0.0, 16.0, 13.0 ], "glow": 30, "windMode": [3,3,3,3], "windData": [8,8,10,10]  },
										"east": { "texture": "#skin", "uv": [ 0.0, 0.0, 14.0, 13.0 ], "glow": 30, "windMode": [3,3,3,3], "windData": [8,8,10,10]  },
										"south": { "texture": "#skin", "uv": [ 0.0, 0.0, 16.0, 13.0 ], "glow": 30, "windMode": [3,3,3,3], "windData": [8,8,10,10]  },
										"west": { "texture": "#skin", "uv": [ 0.0, 0.0, 14.0, 13.0 ], "glow": 30, "windMode": [3,3,3,3], "windData": [8,8,10,10]  },
										"up": { "texture": "#skin", "uv": [ 0.0, 0.0, 16.0, 14.0 ], "glow": 30, "windMode": [3,3,3,3], "windData": [8,8,10,10] },
										"down": { "texture": "#skin", "uv": [ 0.0, 0.0, 16.0, 14.0 ], "glow": 30, "windMode": [3,3,3,3], "windData": [8,8,10,10]  }
									}
								}
							]
						}
					]
				}
			]
		}
	],
	"animations": [
		{
			"name": "idle",
			"code": "idle",
			"quantityframes": 30,
			"onActivityStopped": "PlayTillEnd",
			"onAnimationEnd": "EaseOut",
			"keyframes": [
				{
					"frame": 0,
					"elements": {
						"head": { "offsetX": 0.0, "offsetY": 0.0, "offsetZ": 0.0 },
						"body": { "offsetX": 0.0, "offsetY": 0.0, "offsetZ": 0.0, "rotationX": 0.0, "rotationY": 0.0, "rotationZ": 0.0 },
						"headstretch": { "offsetX": 1.0, "offsetY": 1.5, "offsetZ": 0.0 }
					}
				},
				{
					"frame": 8,
					"elements": {
						"body": { "rotationX": 0.0, "rotationY": -14.0, "rotationZ": 0.0 }
					}
				},
				{
					"frame": 12,
					"elements": {

					}
				},
				{
					"frame": 15,
					"elements": {
						"head": { "offsetX": 0.0, "offsetY": -1.0, "offsetZ": 0.0 },
						"body": { "offsetX": 0.0, "offsetY": 1.0, "offsetZ": 0.0 }
					}
				},
				{
					"frame": 21,
					"elements": {
						"body": { "rotationX": 0.0, "rotationY": 14.0, "rotationZ": 0.0 }
					}
				},
				{
					"frame": 29,
					"elements": {
						"head": { "offsetX": 0.0, "offsetY": 0.0, "offsetZ": 0.0 },
						"body": { "offsetX": 0.0, "offsetY": 0.0, "offsetZ": 0.0, "rotationX": 0.0, "rotationY": 0.0, "rotationZ": 0.0 }
					}
				}
			]
		},

		{
			"name": "walk",
			"code": "walk",
			"quantityframes": 60,
			"onActivityStopped": "EaseOut",
			"onAnimationEnd": "Repeat",
			"keyframes": [
				{
					"frame": 0,
					"elements": {
						"root": { "offsetX": -1.0, "offsetY": 0.0, "offsetZ": 0.0 },
						"head": { "offsetX": 0.0, "offsetY": 0.0, "offsetZ": 0.0, "rotationX": 0.0, "rotationY": 0.0, "rotationZ": 0.0 },
						"headstretch": { "offsetX": 0.0, "offsetY": 0.0, "offsetZ": 0.0, "rotationX": 0.0, "rotationY": 0.0, "rotationZ": 0.0 },
						"base": { "offsetX": 0.0, "offsetY": 0.0, "offsetZ": 0.0 },
						"body": { "rotationX": 0.0, "rotationY": 0.0, "rotationZ": 0.0 }
					}
				},
				{
					"frame": 10,
					"elements": {
						"root": { "offsetX": 0.0, "offsetY": 2.0, "offsetZ": 0.0 },
						"head": { "offsetX": 0.8, "offsetY": 5.0, "offsetZ": 1.0, "rotationX": 0.0, "rotationY": 8.0, "rotationZ": -14.0 },
						"headstretch": { "offsetX": -1.0, "offsetY": 0.0, "offsetZ": 0.0 },
						"base": { "offsetX": -5.0, "offsetY": -1.0, "offsetZ": 0.0 }
					}
				},
				{
					"frame": 14,
					"elements": {
						"base": { "offsetX": -9.0, "offsetY": 0.0, "offsetZ": 0.0 },
						"body": { "rotationX": 0.0, "rotationY": -14.0, "rotationZ": 0.0 }
					}
				},
				{
					"frame": 18,
					"elements": {
						"root": { "offsetX": 0.0, "offsetY": 0.0, "offsetZ": 0.0 },
						"head": { "offsetX": -11.0, "offsetY": -1.0, "offsetZ": 0.0, "rotationX": 0.0, "rotationY": 0.0, "rotationZ": 0.0 },
						"headstretch": { "offsetX": 1.0, "offsetY": -5.0, "offsetZ": 0.0, "rotationX": 0.0, "rotationY": 0.0, "rotationZ": 25.0 }
					}
				},
				{
					"frame": 24,
					"elements": {

					}
				},
				{
					"frame": 29,
					"elements": {
						"body": { "rotationX": 0.0, "rotationY": 14.0, "rotationZ": 0.0 },
						"head": { "rotationX": 0.0, "rotationY": -8.0, "rotationZ": 19.0 }
					}
				},
				{
					"frame": 48,
					"elements": {
						"root": { "offsetX": -1.0, "offsetY": 0.0, "offsetZ": 0.0 },
						"head": { "offsetX": -7.0, "offsetY": -2.0, "offsetZ": 0.0, "rotationX": 0.0, "rotationY": 0.0, "rotationZ": 25.0 },
						"headstretch": { "offsetX": 0.0, "offsetY": -3.0, "offsetZ": 0.0 }
					}
				}
			]
		},

		{
			"name": "attack",
			"code": "attack",
			"quantityframes": 30,
			"onActivityStopped": "EaseOut",
			"onAnimationEnd": "Stop",
			"keyframes": [
				{
					"frame": 0,
					"elements": {
						"body": { "rotationX": 0.0, "rotationY": 0.0, "rotationZ": 0.0 },
						"arm": { "offsetX": 12.0, "offsetY": 17.0, "offsetZ": 0.0, "rotationX": 0.0, "rotationY": 0.0, "rotationZ": -83.0 },
						"arm2": { "offsetX": 0.0, "offsetY": 0.0, "offsetZ": 0.0, "rotationX": 0.0, "rotationY": 0.0, "rotationZ": 0.0 }
					}
				},
				{
					"frame": 6,
					"elements": {
						"arm2": { "offsetX": 0.0, "offsetY": -2.0, "offsetZ": 0.0, "rotationX": 0.0, "rotationY": 0.0, "rotationZ": -3.0 }
					}
				},
				{
					"frame": 8,
					"elements": {
						"arm": { "offsetX": 0.0, "offsetY": 0.0, "offsetZ": 0.0, "rotationX": 0.0, "rotationY": 0.0, "rotationZ": -100.0 },
						"arm2": { "offsetX": 0.0, "offsetY": -2.0, "offsetZ": 0.0, "rotationX": 0.0, "rotationY": 0.0, "rotationZ": -3.0 }
					}
				},
				{
					"frame": 10,
					"elements": {
						"body": { "rotationX": 0.0, "rotationY": -14.0, "rotationZ": 0.0 }
					}
				},
				{
					"frame": 11,
					"elements": {
						"arm": { "offsetX": 0.0, "offsetY": -4.0, "offsetZ": 0.0, "rotationX": 0.0, "rotationY": -28.0, "rotationZ": -55.0 }
					}
				},
				{
					"frame": 13,
					"elements": {
						"arm2": { "offsetX": 0.0, "offsetY": -2.0, "offsetZ": 0.0, "rotationX": 0.0, "rotationY": 0.0, "rotationZ": 8.0 }
					}
				},
				{
					"frame": 14,
					"elements": {
						"body": { "rotationX": 0.0, "rotationY": -11.455, "rotationZ": 0.0 },
						"arm": { "offsetX": 0.0, "offsetY": -4.0, "offsetZ": 0.0, "rotationX": 0.0, "rotationY": -28.0, "rotationZ": -55.0 }
					}
				},
				{
					"frame": 15,
					"elements": {
						"arm2": { "rotationX": 0.0, "rotationY": 0.0, "rotationZ": 0.0 }
					}
				},
				{
					"frame": 18,
					"elements": {
						"arm": { "offsetX": 0.0, "offsetY": -1.0, "offsetZ": 0.0, "rotationX": 0.0, "rotationY": 0.0, "rotationZ": -89.0 },
						"arm2": { "offsetX": 0.0, "offsetY": -14.0, "offsetZ": 0.0, "rotationX": 0.0, "rotationY": 0.0, "rotationZ": -55.0 }
					}
				},
				{
					"frame": 21,
					"elements": {
						"body": { "rotationX": 0.0, "rotationY": 14.0, "rotationZ": 0.0 },
						"arm": { "offsetX": 5.0, "offsetY": -14.0, "offsetZ": 2.0, "rotationX": 0.0, "rotationY": -17.0, "rotationZ": -36.0 },
						"arm2": { "offsetX": 0.0, "offsetY": -13.0, "offsetZ": 0.0, "rotationX": 0.0, "rotationY": 0.0, "rotationZ": 14.0 }
					}
				},
				{
					"frame": 23,
					"elements": {
						"arm2": { "offsetX": 0.0, "offsetY": 0.0, "offsetZ": 0.0, "rotationX": 0.0, "rotationY": 0.0, "rotationZ": 0.0 }
					}
				},
				{
					"frame": 29,
					"elements": {
						"body": { "rotationX": 0.0, "rotationY": 0.0, "rotationZ": 0.0 },
						"arm": { "offsetX": 0.0, "offsetY": 0.0, "offsetZ": 0.0, "rotationX": 0.0, "rotationY": 0.0, "rotationZ": 0.0 }
					}
				}
			]
		},

		{
			"name": "death",
			"code": "death",
			"quantityframes": 30,
			"onActivityStopped": "Stop",
			"onAnimationEnd": "Hold",
			"keyframes": [
				{
					"frame": 0,
					"elements": {
						"root": { "offsetX": 0.0, "offsetY": 0.0, "offsetZ": 0.0 },
						"body": { "offsetX": 0.0, "offsetY": 0.0, "offsetZ": 0.0 },
						"headstretch": { "offsetX": 0.0, "offsetY": 0.0, "offsetZ": 0.0, "rotationX": 0.0, "rotationY": 0.0, "rotationZ": 0.0 },
						"head": { "offsetX": 0.0, "offsetY": 0.0, "offsetZ": 0.0 }
					}
				},
				{
					"frame": 7,
					"elements": {
						"body": { "offsetX": 0.0, "offsetY": 3.0, "offsetZ": 0.0 },
						"head": { "offsetX": -3.0, "offsetY": 11.0, "offsetZ": 0.0, "rotationX": 0.0, "rotationY": 0.0, "rotationZ": 0.0 }
					}
				},
				{
					"frame": 11,
					"elements": {
						"root": { "offsetX": 0.0, "offsetY": 0.0, "offsetZ": 0.0 },
						"body": { "offsetX": 0.0, "offsetY": 3.0, "offsetZ": 0.0 },
						"headstretch": { "offsetX": 0.0, "offsetY": 0.0, "offsetZ": 0.0, "rotationX": 0.0, "rotationY": 0.0, "rotationZ": 0.0 },
						"head": { "offsetX": -10.0, "offsetY": 9.0, "offsetZ": 0.0, "rotationX": 0.0, "rotationY": 0.0, "rotationZ": -42.0 }
					}
				},
				{
					"frame": 20,
					"elements": {
						"root": { "offsetX": 0.0, "offsetY": 0.0, "offsetZ": 0.0 },
						"headstretch": { "offsetX": 0.0, "offsetY": 0.0, "offsetZ": 0.0, "rotationX": 0.0, "rotationY": 0.0, "rotationZ": 0.0 },
						"head": { "offsetX": -10.0, "offsetY": 12.0, "offsetZ": 0.0, "rotationX": 0.0, "rotationY": 0.0, "rotationZ": -64.0 }
					}
				},
				{
					"frame": 25,
					"elements": {
						"root": { "offsetX": 0.0, "offsetY": 0.0, "offsetZ": 0.0 },
						"body": { "offsetX": 0.0, "offsetY": -5.0, "offsetZ": 0.0 },
						"body12": { "offsetX": 0.0, "offsetY": 0.0, "offsetZ": 0.0, "rotationX": 0.0, "rotationY": 0.0, "rotationZ": 0.0 },
						"body6": { "offsetX": 0.0, "offsetY": 0.0, "offsetZ": 0.0, "rotationX": 0.0, "rotationY": 0.0, "rotationZ": 0.0 },
						"body14": { "offsetX": 0.0, "offsetY": 0.0, "offsetZ": 0.0, "rotationX": 0.0, "rotationY": 0.0, "rotationZ": 0.0 },
						"body7": { "offsetX": 0.0, "offsetY": 0.0, "offsetZ": 0.0, "rotationX": 0.0, "rotationY": 0.0, "rotationZ": 0.0 },
						"body16": { "offsetX": 0.0, "offsetY": 0.0, "offsetZ": 0.0, "rotationX": 0.0, "rotationY": 0.0, "rotationZ": 0.0 },
						"body9": { "offsetX": 0.0, "offsetY": 0.0, "offsetZ": 0.0, "rotationX": 0.0, "rotationY": 0.0, "rotationZ": 0.0 },
						"body18": { "offsetX": 0.0, "offsetY": 0.0, "offsetZ": 0.0, "rotationX": 0.0, "rotationY": 0.0, "rotationZ": 0.0 },
						"body19": { "offsetX": 0.0, "offsetY": 0.0, "offsetZ": 0.0, "rotationX": 0.0, "rotationY": 0.0, "rotationZ": 0.0 },
						"headstretch": { "offsetX": 13.0, "offsetY": -4.0, "offsetZ": 0.0, "rotationX": 0.0, "rotationY": 0.0, "rotationZ": -36.0 },
						"head": { "offsetX": -5.79, "offsetY": 5.21, "offsetZ": 0.0, "rotationX": 0.0, "rotationY": 0.0, "rotationZ": -29.08 }
					}
				},
				{
					"frame": 29,
					"elements": {
						"root": { "offsetX": 0.0, "offsetY": 0.0, "offsetZ": 0.0 },
						"body": { "offsetX": 0.0, "offsetY": -5.0, "offsetZ": 0.0 },
						"body12": { "offsetX": -1.0, "offsetY": 0.0, "offsetZ": 0.0, "rotationX": 0.0, "rotationY": 0.0, "rotationZ": 14.0 },
						"body6": { "rotationX": 0.0, "rotationY": 0.0, "rotationZ": 22.0 },
						"body14": { "offsetX": -1.0, "offsetY": 0.0, "offsetZ": 0.0, "rotationX": 0.0, "rotationY": 0.0, "rotationZ": 14.0 },
						"body7": { "rotationX": 0.0, "rotationY": 0.0, "rotationZ": 22.0 },
						"body16": { "offsetX": -1.0, "offsetY": 0.0, "offsetZ": 0.0, "rotationX": 0.0, "rotationY": 0.0, "rotationZ": 14.0 },
						"body9": { "rotationX": 0.0, "rotationY": 0.0, "rotationZ": 22.0 },
						"body18": { "offsetX": -1.0, "offsetY": 0.0, "offsetZ": 0.0, "rotationX": 0.0, "rotationY": 0.0, "rotationZ": 14.0 },
						"body19": { "rotationX": 0.0, "rotationY": 0.0, "rotationZ": 22.0 },
						"headstretch": { "offsetX": 13.0, "offsetY": -4.0, "offsetZ": 0.0, "rotationX": 0.0, "rotationY": 0.0, "rotationZ": -36.0 },
						"head": { "offsetX": -4.59, "offsetY": 5.21, "offsetZ": 0.0, "rotationX": 0.0, "rotationY": 0.0, "rotationZ": -29.08 }
					}
				}
			]
		}
	]
}