{
	"code": "phormiumtenaxbundle",
	"shape": { "base": "item/resource/phormiumtenax-bundle" },
	"creativeinventory": { "general": ["*"], "items": ["*"] },
	"maxstacksize": 64,
	"guiTransform": {
		"rotation": { "x": -105, "y": 40, "z": 18 },
		"origin": { "x": 0.5, "y": 0, "z": 0.5 },
		"scale": 1.27
	},
	"fpHandTransform": {
		"translation": { "x": 0.25, "y": -0.4, "z": 0 },
		"rotation": { "x": -3, "y": 65, "z": 88 },
		"scale": 1.28
	},
	"tpHandTransform": {
		"translation": { "x": -0.7, "y": -1.2, "z": -0.7 },
		"rotation": { "x": 180, "y": 3, "z": 3 },
		"scale": 0.68
	},
	"groundTransform": {
		"translation": { "x": 0, "y": 0, "z": 0 },
		"rotation": { "x": -180, "y": 2, "z": 3 },
		"origin": { "x": 0.5, "y": 0.35, "z": 0.5 },
		"scale": 4
	},
	"combustibleProps": {
		"burnTemperature": 600,
		"burnDuration": 4,
	},
	"materialDensity": 100,
}