[
  {
    "op": "replace",
    "path": "/0/ingredientPattern",
    "value": "QAQ,LSL,LLL",
    "file": "game:recipes/grid/armor/jerkin.json",
    "side": "Server"
  },
  {
    "op": "add",
    "path": "/0/ingredients/A",
    "value": { "type": "item", "code": "tailorsdelight:awl-*", "isTool": true, "toolDurabilityCost": 14 },
    "file": "game:recipes/grid/armor/jerkin.json",
    "side": "Server"
  },
  {
    "op": "add",
    "path": "/0/ingredients/S",
    "value": { "type": "item", "code": "tailorsdelight:leatherstrips-plain", "quantity": 3 },
    "file": "game:recipes/grid/armor/jerkin.json",
    "side": "Server"
  },

  {
    "op": "replace",
    "path": "/1/ingredientPattern",
    "value": "QLQ,QAQ,QSQ",
    "file": "game:recipes/grid/armor/jerkin.json",
    "side": "Server"
  },
  {
    "op": "add",
    "path": "/1/ingredients/A",
    "value": { "type": "item", "code": "tailorsdelight:awl-*", "isTool": true, "toolDurabilityCost": 8 },
    "file": "game:recipes/grid/armor/jerkin.json",
    "side": "Server"
  },
  {
    "op": "add",
    "path": "/1/ingredients/S",
    "value": { "type": "item", "code": "tailorsdelight:leatherstrips-plain", "quantity": 1 },
    "file": "game:recipes/grid/armor/jerkin.json",
    "side": "Server"
  }
]
