[
  {
    "op": "addeach",
    "path": "/buying/list/-",
    "value": [
	{ "code": "tailorsdelight:ruler-oak",             "type": "item", "stacksize": 1, "stock": { "avg": 2, "var": 0.8 }, "price": { "avg": 3, "var": 0.5 } },
	{ "code": "tailorsdelight:ruler-larch",           "type": "item", "stacksize": 1, "stock": { "avg": 2, "var": 0.8 }, "price": { "avg": 3, "var": 0.5 } },
	{ "code": "tailorsdelight:leatherbundle-plain",   "type": "item", "stacksize": 2, "stock": { "avg": 2, "var": 0.8 }, "price": { "avg": 4, "var": 0.5 } },
	{ "code": "tailorsdelight:buttons-copper",        "type": "item", "stacksize": 4, "stock": { "avg": 2, "var": 0.8 }, "price": { "avg": 2, "var": 0.5 } },
	{ "code": "tailorsdelight:buttons-zinc",          "type": "item", "stacksize": 4, "stock": { "avg": 2, "var": 0.8 }, "price": { "avg": 2, "var": 0.5 } },
	{ "code": "tailorsdelight:buttons-mixed",         "type": "item", "stacksize": 4, "stock": { "avg": 4, "var": 0.8 }, "price": { "avg": 1, "var": 0   } },
	{ "code": "tailorsdelight:buttons-horn",          "type": "item", "stacksize": 2, "stock": { "avg": 4, "var": 0.8 }, "price": { "avg": 2, "var": 0.7 } },
	{ "code": "tailorsdelight:checkeredcloth-purple", "type": "item", "stacksize": 4, "stock": { "avg": 3, "var": 0.8 }, "price": { "avg": 6, "var": 1   } },
	{ "code": "tailorsdelight:checkeredcloth-plain",  "type": "item", "stacksize": 4, "stock": { "avg": 3, "var": 0.8 }, "price": { "avg": 4, "var": 1   } },
	{ "code": "tailorsdelight:twine-red",             "type": "item", "stacksize": 4, "stock": { "avg": 3, "var": 1.2 }, "price": { "avg": 4, "var": 0.8 } },
	{ "code": "tailorsdelight:twine-purple",          "type": "item", "stacksize": 4, "stock": { "avg": 3, "var": 1.2 }, "price": { "avg": 5, "var": 0.8 } },
	{ "code": "tailorsdelight:leatherstrips-plain",   "type": "item", "stacksize": 4, "stock": { "avg": 2, "var": 0.8 }, "price": { "avg": 1, "var": 0.8 } }
    ],
    "file": "game:config/tradelists/trader-clothing.json",
    "side": "Server"
  }
]
