{
	"editor": {
		"collapsedPaths": "",
		"allAngles": false,
		"entityTextureMode": true
	},
	"textureWidth": 16,
	"textureHeight": 16,
	"textureSizes": {
		"baseears": [24,16]
	},
	"textures": {
		"baseears": "beastsofmen:racials/bunny/baseears"
	},
	"elements": [
		{
			"name": "Tailbase",
			"stepParentName": "TailBaseAttach",
			"from": [ -0.9, -0.6, -0.5 ],
			"to": [ 0.6, 1.6, 1.5 ],
			"unwrapMode": 5,
			"uv": [ 17.0, 9.5 ],
			"rotationOrigin": [ -0.9, -0.6, -0.5 ],
			"rotationZ": -15.0,
			"faces": {
				"north": { "texture": "#baseears", "uv": [ 19.0, 9.5, 20.5, 11.5 ], "rotation": 180 },
				"east": { "texture": "#baseears", "uv": [ 20.5, 11.5, 22.5, 13.5 ], "rotation": 90 },
				"south": { "texture": "#baseears", "uv": [ 19.0, 13.5, 20.5, 15.5 ] },
				"west": { "texture": "#baseears", "uv": [ 17.0, 11.5, 19.0, 13.5 ], "rotation": 270 },
				"up": { "texture": "#baseears", "uv": [ 19.0, 11.5, 20.5, 13.5 ] },
				"down": { "texture": "#baseears", "uv": [ 22.5, 11.5, 24.0, 13.5 ] }
			},
			"children": [
				{
					"name": "TailPuff",
					"from": [ 1.5, -0.7, -0.5 ],
					"to": [ 3.0, 2.3, 2.5 ],
					"unwrapMode": 5,
					"uv": [ 14.5, 2.5 ],
					"rotationOrigin": [ 1.5, -0.7, -0.5 ],
					"rotationZ": 10.0,
					"faces": {
						"north": { "texture": "#baseears", "uv": [ 17.5, 2.5, 19.0, 5.5 ], "rotation": 180 },
						"east": { "texture": "#baseears", "uv": [ 19.0, 5.5, 22.0, 8.5 ], "rotation": 90 },
						"south": { "texture": "#baseears", "uv": [ 17.5, 8.5, 19.0, 11.5 ] },
						"west": { "texture": "#baseears", "uv": [ 14.5, 5.5, 17.5, 8.5 ], "rotation": 270 },
						"up": { "texture": "#baseears", "uv": [ 17.5, 5.5, 19.0, 8.5 ] },
						"down": { "texture": "#baseears", "uv": [ 22.0, 5.5, 23.5, 8.5 ] }
					},
					"children": [
						{
							"name": "TailPuff2",
							"from": [ 1.5, -0.4, -0.2 ],
							"to": [ 3.1, 3.1, 3.2 ],
							"unwrapMode": 5,
							"uv": [ 7.5, 5.0 ],
							"rotationOrigin": [ 1.5, -0.4, -0.2 ],
							"rotationX": 1.0,
							"rotationZ": 5.0,
							"faces": {
								"north": { "texture": "#baseears", "uv": [ 11.0, 5.0, 12.5, 8.5 ], "rotation": 180 },
								"east": { "texture": "#baseears", "uv": [ 12.5, 8.5, 16.0, 11.5 ], "rotation": 90 },
								"south": { "texture": "#baseears", "uv": [ 11.0, 11.5, 12.5, 15.0 ] },
								"west": { "texture": "#baseears", "uv": [ 7.5, 8.5, 11.0, 11.5 ], "rotation": 270 },
								"up": { "texture": "#baseears", "uv": [ 11.0, 8.5, 12.5, 11.5 ] },
								"down": { "texture": "#baseears", "uv": [ 16.0, 8.5, 17.5, 11.5 ] }
							},
							"children": [
								{
									"name": "Tailtip1",
									"from": [ 1.6, 0.3, 0.4 ],
									"to": [ 3.1, 3.27, 3.0 ],
									"unwrapMode": 5,
									"uv": [ 7.0, 0.0 ],
									"rotationOrigin": [ 1.6, 0.3, 0.4 ],
									"rotationZ": 20.0,
									"faces": {
										"north": { "texture": "#baseears", "uv": [ 9.5, 0.0, 11.0, 2.5 ], "rotation": 180 },
										"east": { "texture": "#baseears", "uv": [ 11.0, 2.5, 13.5, 5.0 ], "rotation": 90 },
										"south": { "texture": "#baseears", "uv": [ 9.5, 5.0, 11.0, 7.5 ] },
										"west": { "texture": "#baseears", "uv": [ 7.0, 2.5, 9.5, 5.0 ], "rotation": 270 },
										"up": { "texture": "#baseears", "uv": [ 9.5, 2.5, 11.0, 5.0 ] },
										"down": { "texture": "#baseears", "uv": [ 13.5, 2.5, 15.0, 5.0 ] }
									},
									"children": [
										{
											"name": "Tailtip2",
											"from": [ 1.5, 0.5, 0.4 ],
											"to": [ 2.8, 2.77, 2.2 ],
											"unwrapMode": 5,
											"uv": [ 4.5, 10.0 ],
											"rotationOrigin": [ 1.5, 0.5, 0.4 ],
											"rotationZ": 20.0,
											"faces": {
												"north": { "texture": "#baseears", "uv": [ 6.5, 10.0, 7.5, 12.0 ], "rotation": 180 },
												"east": { "texture": "#baseears", "uv": [ 7.5, 12.0, 9.5, 13.5 ], "rotation": 90 },
												"south": { "texture": "#baseears", "uv": [ 6.5, 13.5, 7.5, 15.5 ] },
												"west": { "texture": "#baseears", "uv": [ 4.5, 12.0, 6.5, 13.5 ], "rotation": 270 },
												"up": { "texture": "#baseears", "uv": [ 6.5, 12.0, 7.5, 13.5 ] },
												"down": { "texture": "#baseears", "uv": [ 9.5, 12.0, 10.5, 13.5 ] }
											}
										}
									]
								}
							]
						}
					]
				}
			]
		},
		{
			"name": "bunnyearbase",
			"stepParentName": "EarAttachLeft",
			"from": [ 0.0, 0.0, 0.0 ],
			"to": [ 0.5, 2.0, 2.0 ],
			"unwrapMode": 4,
			"uv": [ 0.0, 8.0 ],
			"faces": {
				"north": { "texture": "#baseears", "uv": [ 0.0, 8.5, 0.5, 10.5 ], "windMode": [-1,-1,-1,-1], "windData": [1,1,1,1] },
				"east": { "texture": "#baseears", "uv": [ 3.0, 8.5, 5.0, 10.5 ] },
				"south": { "texture": "#baseears", "uv": [ 2.5, 8.5, 3.0, 10.5 ] },
				"west": { "texture": "#baseears", "uv": [ 0.5, 8.5, 2.5, 10.5 ] },
				"up": { "texture": "#baseears", "uv": [ 0.5, 8.0, 2.5, 8.5 ], "rotation": 90 },
				"down": { "texture": "#baseears", "uv": [ 0.5, 10.5, 2.5, 11.0 ], "rotation": 90 }
			},
			"children": [
				{
					"name": "BunnyEarLeftSideBottom",
					"from": [ 0.01, 1.8, 0.0 ],
					"to": [ 0.51, 5.3, 0.5 ],
					"uv": [ 5.0, 2.0 ],
					"rotationOrigin": [ 0.0, 1.8, 0.0 ],
					"rotationX": -5.0,
					"faces": {
						"north": { "texture": "#baseears", "uv": [ 5.0, 2.5, 5.5, 6.0 ] },
						"east": { "texture": "#baseears", "uv": [ 5.5, 2.5, 6.0, 6.0 ] },
						"south": { "texture": "#baseears", "uv": [ 6.0, 2.5, 6.5, 6.0 ] },
						"west": { "texture": "#baseears", "uv": [ 6.5, 2.5, 7.0, 6.0 ] },
						"up": { "texture": "#baseears", "uv": [ 5.0, 2.0, 5.5, 2.5 ] },
						"down": { "texture": "#baseears", "uv": [ 5.5, 2.0, 6.0, 2.5 ] }
					}
				},
				{
					"name": "BunnyEarRightSideBottom",
					"from": [ 0.01, 1.8, 1.5 ],
					"to": [ 0.61, 5.3, 2.0 ],
					"uv": [ 5.0, 2.0 ],
					"rotationOrigin": [ 0.0, 1.8, 2.0 ],
					"rotationX": 5.0,
					"faces": {
						"north": { "texture": "#baseears", "uv": [ 5.0, 2.5, 5.5, 6.0 ] },
						"east": { "texture": "#baseears", "uv": [ 5.5, 2.5, 6.0, 6.0 ] },
						"south": { "texture": "#baseears", "uv": [ 6.0, 2.5, 6.5, 6.0 ] },
						"west": { "texture": "#baseears", "uv": [ 6.5, 2.5, 7.0, 6.0 ] },
						"up": { "texture": "#baseears", "uv": [ 5.0, 2.0, 5.5, 2.5 ] },
						"down": { "texture": "#baseears", "uv": [ 5.5, 2.0, 6.0, 2.5 ] }
					}
				},
				{
					"name": "BunnyEarBack",
					"from": [ 0.5, 1.8, 0.0 ],
					"to": [ 0.7, 5.3, 2.0 ],
					"unwrapMode": 4,
					"uv": [ 0.0, 3.5 ],
					"rotationOrigin": [ 0.5, 1.8, 0.0 ],
					"faces": {
						"north": { "texture": "#baseears", "uv": [ 0.0, 4.0, 0.5, 7.5 ] },
						"east": { "texture": "#baseears", "uv": [ 3.0, 4.0, 5.0, 7.5 ] },
						"south": { "texture": "#baseears", "uv": [ 2.5, 4.0, 3.0, 7.5 ] },
						"west": { "texture": "#baseears", "uv": [ 0.5, 4.0, 2.5, 7.5 ] },
						"up": { "texture": "#baseears", "uv": [ 0.5, 3.5, 2.5, 4.0 ], "rotation": 90 },
						"down": { "texture": "#baseears", "uv": [ 0.5, 7.5, 2.5, 8.0 ], "rotation": 90 }
					},
					"children": [
						{
							"name": "BunnyEarBack2",
							"from": [ 0.0, 3.4, 0.0 ],
							"to": [ 0.2, 6.0, 2.0 ],
							"unwrapMode": 4,
							"uv": [ 0.0, 0.0 ],
							"rotationOrigin": [ 0.0, 3.4, 0.0 ],
							"rotationZ": 45.0,
							"faces": {
								"north": { "texture": "#baseears", "uv": [ 0.0, 0.5, 0.5, 3.0 ] },
								"east": { "texture": "#baseears", "uv": [ 3.0, 0.5, 5.0, 3.0 ] },
								"south": { "texture": "#baseears", "uv": [ 2.5, 0.5, 3.0, 3.0 ] },
								"west": { "texture": "#baseears", "uv": [ 0.5, 0.5, 2.5, 3.0 ] },
								"up": { "texture": "#baseears", "uv": [ 0.5, 0.0, 2.5, 0.5 ], "rotation": 90 },
								"down": { "texture": "#baseears", "uv": [ 0.5, 3.0, 2.5, 3.5 ], "rotation": 90, "windMode": [-1,-1,-1,-1], "windData": [2,2,2,2] }
							},
							"children": [
								{
									"name": "BunnyEarRightSideTop",
									"from": [ -0.48, 1.481, 1.9358 ],
									"to": [ 0.02, 2.981, 2.4358 ],
									"uv": [ 5.0, 0.0 ],
									"rotationOrigin": [ -0.49, 1.481, 2.4358 ],
									"rotationX": -20.0,
									"faces": {
										"north": { "texture": "#baseears", "uv": [ 5.0, 0.5, 5.5, 2.0 ] },
										"east": { "texture": "#baseears", "uv": [ 5.5, 0.5, 6.0, 2.0 ] },
										"south": { "texture": "#baseears", "uv": [ 6.0, 0.5, 6.5, 2.0 ] },
										"west": { "texture": "#baseears", "uv": [ 6.5, 0.5, 7.0, 2.0 ] },
										"up": { "texture": "#baseears", "uv": [ 5.0, 0.0, 5.5, 0.5 ] },
										"down": { "texture": "#baseears", "uv": [ 5.5, 0.0, 6.0, 0.5 ] }
									}
								},
								{
									"name": "BunnyEarLeftSideTop",
									"from": [ -0.48, 1.481, -0.4358 ],
									"to": [ 0.02, 2.981, 0.0642 ],
									"uv": [ 5.0, 0.0 ],
									"rotationOrigin": [ -0.49, 1.481, -0.4358 ],
									"rotationX": 20.0,
									"faces": {
										"north": { "texture": "#baseears", "uv": [ 5.0, 0.5, 5.5, 2.0 ] },
										"east": { "texture": "#baseears", "uv": [ 5.5, 0.5, 6.0, 2.0 ] },
										"south": { "texture": "#baseears", "uv": [ 6.0, 0.5, 6.5, 2.0 ] },
										"west": { "texture": "#baseears", "uv": [ 6.5, 0.5, 7.0, 2.0 ] },
										"up": { "texture": "#baseears", "uv": [ 5.0, 0.0, 5.5, 0.5 ] },
										"down": { "texture": "#baseears", "uv": [ 5.5, 0.0, 6.0, 0.5 ] }
									},
									"children": [
										{
											"name": "BunnyEarTip",
											"from": [ -0.01, 1.5, 0.0 ],
											"to": [ 0.49, 3.34, 0.5 ],
											"uv": [ 5.0, 6.0 ],
											"rotationOrigin": [ 0.0, 1.5, 0.0 ],
											"rotationX": 70.0,
											"faces": {
												"north": { "texture": "#baseears", "uv": [ 5.0, 6.5, 5.5, 8.0 ] },
												"east": { "texture": "#baseears", "uv": [ 5.5, 6.5, 6.0, 8.0 ] },
												"south": { "texture": "#baseears", "uv": [ 6.0, 6.5, 6.5, 8.0 ] },
												"west": { "texture": "#baseears", "uv": [ 6.5, 6.5, 7.0, 8.0 ] },
												"up": { "texture": "#baseears", "uv": [ 5.0, 6.0, 5.5, 6.5 ], "rotation": 90 },
												"down": { "texture": "#baseears", "uv": [ 5.5, 6.0, 6.0, 6.5 ], "rotation": 90 }
											}
										}
									]
								},
								{
									"name": "BunnyEarRightSideBottom2",
									"from": [ -0.49, 0.0, 1.5 ],
									"to": [ 0.11, 1.5, 2.0 ],
									"uv": [ 5.0, 8.0 ],
									"rotationOrigin": [ -0.5, -3.5, 2.0 ],
									"rotationX": 5.0,
									"faces": {
										"north": { "texture": "#baseears", "uv": [ 5.0, 8.5, 5.5, 10.0 ] },
										"east": { "texture": "#baseears", "uv": [ 5.5, 8.5, 6.0, 10.0 ] },
										"south": { "texture": "#baseears", "uv": [ 6.0, 8.5, 6.5, 10.0 ] },
										"west": { "texture": "#baseears", "uv": [ 6.5, 8.5, 7.0, 10.0 ] },
										"up": { "texture": "#baseears", "uv": [ 5.0, 8.0, 5.5, 8.5 ] },
										"down": { "texture": "#baseears", "uv": [ 5.5, 8.0, 6.0, 8.5 ] }
									}
								},
								{
									"name": "BunnyEarLeftSideBottom2",
									"from": [ -0.49, 0.0, 0.0 ],
									"to": [ 0.01, 1.5, 0.5 ],
									"uv": [ 5.0, 8.0 ],
									"rotationOrigin": [ -0.5, -3.5, 0.0 ],
									"rotationX": -5.0,
									"faces": {
										"north": { "texture": "#baseears", "uv": [ 5.0, 8.5, 5.5, 10.0 ] },
										"east": { "texture": "#baseears", "uv": [ 5.5, 8.5, 6.0, 10.0 ] },
										"south": { "texture": "#baseears", "uv": [ 6.0, 8.5, 6.5, 10.0 ] },
										"west": { "texture": "#baseears", "uv": [ 6.5, 8.5, 7.0, 10.0 ] },
										"up": { "texture": "#baseears", "uv": [ 5.0, 8.0, 5.5, 8.5 ] },
										"down": { "texture": "#baseears", "uv": [ 5.5, 8.0, 6.0, 8.5 ] }
									}
								}
							]
						}
					]
				}
			]
		},
		{
			"name": "bunnyearbase2",
			"stepParentName": "EarAttachRight",
			"from": [ 0.0, 0.0, 0.0 ],
			"to": [ 0.5, 2.0, 2.0 ],
			"unwrapMode": 4,
			"uv": [ 0.0, 8.0 ],
			"faces": {
				"north": { "texture": "#baseears", "uv": [ 0.0, 8.5, 0.5, 10.5 ], "windMode": [-1,-1,-1,-1], "windData": [1,1,1,1] },
				"east": { "texture": "#baseears", "uv": [ 3.0, 8.5, 5.0, 10.5 ] },
				"south": { "texture": "#baseears", "uv": [ 2.5, 8.5, 3.0, 10.5 ] },
				"west": { "texture": "#baseears", "uv": [ 0.5, 8.5, 2.5, 10.5 ] },
				"up": { "texture": "#baseears", "uv": [ 0.5, 8.0, 2.5, 8.5 ], "rotation": 90 },
				"down": { "texture": "#baseears", "uv": [ 0.5, 10.5, 2.5, 11.0 ], "rotation": 90 }
			},
			"children": [
				{
					"name": "BunnyEarLeftSideBottom3",
					"from": [ 0.01, 1.8, 0.0 ],
					"to": [ 0.51, 5.3, 0.5 ],
					"uv": [ 5.0, 2.0 ],
					"rotationOrigin": [ 0.0, 1.8, 0.0 ],
					"rotationX": -5.0,
					"faces": {
						"north": { "texture": "#baseears", "uv": [ 5.0, 2.5, 5.5, 6.0 ] },
						"east": { "texture": "#baseears", "uv": [ 5.5, 2.5, 6.0, 6.0 ] },
						"south": { "texture": "#baseears", "uv": [ 6.0, 2.5, 6.5, 6.0 ] },
						"west": { "texture": "#baseears", "uv": [ 6.5, 2.5, 7.0, 6.0 ] },
						"up": { "texture": "#baseears", "uv": [ 5.0, 2.0, 5.5, 2.5 ] },
						"down": { "texture": "#baseears", "uv": [ 5.5, 2.0, 6.0, 2.5 ] }
					}
				},
				{
					"name": "BunnyEarRightSideBottom3",
					"from": [ 0.01, 1.8, 1.5 ],
					"to": [ 0.61, 5.3, 2.0 ],
					"uv": [ 5.0, 2.0 ],
					"rotationOrigin": [ 0.0, 1.8, 2.0 ],
					"rotationX": 5.0,
					"faces": {
						"north": { "texture": "#baseears", "uv": [ 5.0, 2.5, 5.5, 6.0 ] },
						"east": { "texture": "#baseears", "uv": [ 5.5, 2.5, 6.0, 6.0 ] },
						"south": { "texture": "#baseears", "uv": [ 6.0, 2.5, 6.5, 6.0 ] },
						"west": { "texture": "#baseears", "uv": [ 6.5, 2.5, 7.0, 6.0 ] },
						"up": { "texture": "#baseears", "uv": [ 5.0, 2.0, 5.5, 2.5 ] },
						"down": { "texture": "#baseears", "uv": [ 5.5, 2.0, 6.0, 2.5 ] }
					}
				},
				{
					"name": "BunnyEarBack3",
					"from": [ 0.5, 1.8, 0.0 ],
					"to": [ 0.7, 5.3, 2.0 ],
					"unwrapMode": 4,
					"uv": [ 0.0, 3.5 ],
					"rotationOrigin": [ 0.5, 1.8, 0.0 ],
					"faces": {
						"north": { "texture": "#baseears", "uv": [ 0.0, 4.0, 0.5, 7.5 ] },
						"east": { "texture": "#baseears", "uv": [ 3.0, 4.0, 5.0, 7.5 ] },
						"south": { "texture": "#baseears", "uv": [ 2.5, 4.0, 3.0, 7.5 ] },
						"west": { "texture": "#baseears", "uv": [ 0.5, 4.0, 2.5, 7.5 ] },
						"up": { "texture": "#baseears", "uv": [ 0.5, 3.5, 2.5, 4.0 ], "rotation": 90 },
						"down": { "texture": "#baseears", "uv": [ 0.5, 7.5, 2.5, 8.0 ], "rotation": 90 }
					},
					"children": [
						{
							"name": "BunnyEarBack4",
							"from": [ -0.01, 3.4, 0.0 ],
							"to": [ 0.19, 6.0, 2.0 ],
							"unwrapMode": 4,
							"uv": [ 0.0, 0.0 ],
							"rotationOrigin": [ 0.0, 3.4, 0.0 ],
							"faces": {
								"north": { "texture": "#baseears", "uv": [ 0.0, 0.5, 0.5, 3.0 ] },
								"east": { "texture": "#baseears", "uv": [ 3.0, 0.5, 5.0, 3.0 ] },
								"south": { "texture": "#baseears", "uv": [ 2.5, 0.5, 3.0, 3.0 ] },
								"west": { "texture": "#baseears", "uv": [ 0.5, 0.5, 2.5, 3.0 ] },
								"up": { "texture": "#baseears", "uv": [ 0.5, 0.0, 2.5, 0.5 ], "rotation": 90 },
								"down": { "texture": "#baseears", "uv": [ 0.5, 3.0, 2.5, 3.5 ], "rotation": 90, "windMode": [-1,-1,-1,-1], "windData": [2,2,2,2] }
							},
							"children": [
								{
									"name": "BunnyEarRightSideTop2",
									"from": [ -0.48, 1.481, 1.9358 ],
									"to": [ 0.02, 2.981, 2.4358 ],
									"uv": [ 5.0, 0.0 ],
									"rotationOrigin": [ -0.49, 1.481, 2.4358 ],
									"rotationX": -20.0,
									"faces": {
										"north": { "texture": "#baseears", "uv": [ 5.0, 0.5, 5.5, 2.0 ] },
										"east": { "texture": "#baseears", "uv": [ 5.5, 0.5, 6.0, 2.0 ] },
										"south": { "texture": "#baseears", "uv": [ 6.0, 0.5, 6.5, 2.0 ] },
										"west": { "texture": "#baseears", "uv": [ 6.5, 0.5, 7.0, 2.0 ] },
										"up": { "texture": "#baseears", "uv": [ 5.0, 0.0, 5.5, 0.5 ] },
										"down": { "texture": "#baseears", "uv": [ 5.5, 0.0, 6.0, 0.5 ] }
									}
								},
								{
									"name": "BunnyEarLeftSideTop2",
									"from": [ -0.48, 1.481, -0.4358 ],
									"to": [ 0.02, 2.981, 0.0642 ],
									"uv": [ 5.0, 0.0 ],
									"rotationOrigin": [ -0.49, 1.481, -0.4358 ],
									"rotationX": 20.0,
									"faces": {
										"north": { "texture": "#baseears", "uv": [ 5.0, 0.5, 5.5, 2.0 ] },
										"east": { "texture": "#baseears", "uv": [ 5.5, 0.5, 6.0, 2.0 ] },
										"south": { "texture": "#baseears", "uv": [ 6.0, 0.5, 6.5, 2.0 ] },
										"west": { "texture": "#baseears", "uv": [ 6.5, 0.5, 7.0, 2.0 ] },
										"up": { "texture": "#baseears", "uv": [ 5.0, 0.0, 5.5, 0.5 ] },
										"down": { "texture": "#baseears", "uv": [ 5.5, 0.0, 6.0, 0.5 ] }
									},
									"children": [
										{
											"name": "BunnyEarTip2",
											"from": [ -0.01, 1.5, 0.0 ],
											"to": [ 0.49, 3.34, 0.5 ],
											"uv": [ 5.0, 6.0 ],
											"rotationOrigin": [ 0.0, 1.5, 0.0 ],
											"rotationX": 70.0,
											"faces": {
												"north": { "texture": "#baseears", "uv": [ 5.0, 6.5, 5.5, 8.0 ] },
												"east": { "texture": "#baseears", "uv": [ 5.5, 6.5, 6.0, 8.0 ] },
												"south": { "texture": "#baseears", "uv": [ 6.0, 6.5, 6.5, 8.0 ] },
												"west": { "texture": "#baseears", "uv": [ 6.5, 6.5, 7.0, 8.0 ] },
												"up": { "texture": "#baseears", "uv": [ 5.0, 6.0, 5.5, 6.5 ], "rotation": 90 },
												"down": { "texture": "#baseears", "uv": [ 5.5, 6.0, 6.0, 6.5 ], "rotation": 90 }
											}
										}
									]
								},
								{
									"name": "BunnyEarRightSideBottom3",
									"from": [ -0.49, 0.0, 1.5 ],
									"to": [ 0.11, 1.5, 2.0 ],
									"uv": [ 5.0, 8.0 ],
									"rotationOrigin": [ -0.5, -3.5, 2.0 ],
									"rotationX": 5.0,
									"faces": {
										"north": { "texture": "#baseears", "uv": [ 5.0, 8.5, 5.5, 10.0 ] },
										"east": { "texture": "#baseears", "uv": [ 5.5, 8.5, 6.0, 10.0 ] },
										"south": { "texture": "#baseears", "uv": [ 6.0, 8.5, 6.5, 10.0 ] },
										"west": { "texture": "#baseears", "uv": [ 6.5, 8.5, 7.0, 10.0 ] },
										"up": { "texture": "#baseears", "uv": [ 5.0, 8.0, 5.5, 8.5 ] },
										"down": { "texture": "#baseears", "uv": [ 5.5, 8.0, 6.0, 8.5 ] }
									}
								},
								{
									"name": "BunnyEarLeftSideBottom3",
									"from": [ -0.49, 0.0, 0.0 ],
									"to": [ 0.01, 1.5, 0.5 ],
									"uv": [ 5.0, 8.0 ],
									"rotationOrigin": [ -0.5, -3.5, 0.0 ],
									"rotationX": -5.0,
									"faces": {
										"north": { "texture": "#baseears", "uv": [ 5.0, 8.5, 5.5, 10.0 ] },
										"east": { "texture": "#baseears", "uv": [ 5.5, 8.5, 6.0, 10.0 ] },
										"south": { "texture": "#baseears", "uv": [ 6.0, 8.5, 6.5, 10.0 ] },
										"west": { "texture": "#baseears", "uv": [ 6.5, 8.5, 7.0, 10.0 ] },
										"up": { "texture": "#baseears", "uv": [ 5.0, 8.0, 5.5, 8.5 ] },
										"down": { "texture": "#baseears", "uv": [ 5.5, 8.0, 6.0, 8.5 ] }
									}
								}
							]
						}
					]
				}
			]
		}
	]}