[
	{
		"file": "fatemplar:recipes/grid/armor/light/fa-templar-legs-light-recipe",
		"op": "replace",
		"path": "/0",
		"value": {
		ingredientPattern: "AB_,DE_,GHI",
		recipeGroup: 1,
		ingredients: {
			"B": { type: "item", code: "game:metalnailsandstrips-steel", quantity: 2
			},
			"D": { type: "item", code: "game:metalplate-steel"
			},
			"E": { type: "item", code: "game:armor-legs-chain-steel"
			},
			"A": { type: "item", code: "game:armor-legs-sewn-linen"
			},
			"G": { type: "item", code: "game:hammer-*", isTool: true, toolDurabilityCost: 100
			},
			"H": { type: "item", code: "fa-templar-schematic"
			},
			"I": { type: "item", code: "game:leather-sturdy-plain", quantity: 4
			}
		},
		width: 3,
		height: 3,
		name: "templar legs plain",
		output: { type: "item", code: "fa-templar-legs-light-steel-plain"
			}
		}
	},
	{
		"file": "fatemplar:recipes/grid/armor/light/fa-templar-legs-light-recipe",
		"op": "replace",
		"path": "/1",
		"value": {
		ingredientPattern: "AB_,DE_,GHI",
		recipeGroup: 1,
		ingredients: {
			"B": { type: "item", code: "game:metalnailsandstrips-meteoriciron", quantity: 2
			},
			"D": { type: "item", code: "game:metalplate-meteoriciron"
			},
			"E": { type: "item", code: "game:armor-legs-chain-meteoriciron"
			},
			"A": { type: "item", code: "game:armor-legs-sewn-linen"
			},
			"G": { type: "item", code: "game:hammer-*", isTool: true, toolDurabilityCost: 100
			},
			"H": { type: "item", code: "fa-templar-schematic"
			},
			"I": { type: "item", code: "game:leather-normal-plain", quantity: 4
			}
		},
		width: 3,
		height: 3,
		name: "templar legs plain",
		output: { type: "item", code: "fa-templar-legs-light-meteoriciron-plain"
			}
		}
	},
	{
		"file": "fatemplar:recipes/grid/armor/light/fa-templar-legs-light-recipe",
		"op": "replace",
		"path": "/2",
		"value": {
		ingredientPattern: "AB_,DE_,GHI",
		recipeGroup: 1,
		ingredients: {
			"B": { type: "item", code: "game:metalnailsandstrips-iron", quantity: 2
			},
			"D": { type: "item", code: "game:metalplate-iron"
			},
			"E": { type: "item", code: "game:armor-legs-chain-iron"
			},
			"A": { type: "item", code: "game:armor-legs-sewn-linen"
			},
			"G": { type: "item", code: "game:hammer-*", isTool: true, toolDurabilityCost: 100
			},
			"H": { type: "item", code: "fa-templar-schematic"
			},
			"I": { type: "item", code: "game:leather-normal-plain", quantity: 4
			}
		},
		width: 3,
		height: 3,
		name: "templar legs plain",
		output: { type: "item", code: "fa-templar-legs-light-iron-plain"
			},
		},
	}
]