{
	"editor": {
		"allAngles": false,
		"entityTextureMode": false
	},
	"textureWidth": 16,
	"textureHeight": 16,
	"textureSizes": {
	},
	"textures": {
		"bread": "game:item/food/grain/flaxbread"
	},
	"elements": [
		{
			"name": "flaxbread 19",
			"from": [ 2.25, 0.0, 1.5 ],
			"to": [ 5.75, 1.5, 6.5 ],
			"rotationOrigin": [ 4.0, 0.0, 4.0 ],
			"faces": {
				"north": { "texture": "#bread", "uv": [ 2.0, 6.0, 5.5, 7.5 ] },
				"east": { "texture": "#bread", "uv": [ 0.0, 6.0, 5.0, 7.5 ] },
				"south": { "texture": "#bread", "uv": [ 0.5, 6.0, 4.0, 7.5 ] },
				"west": { "texture": "#bread", "uv": [ 0.0, 6.0, 5.0, 7.5 ] },
				"up": { "texture": "#bread", "uv": [ 0.5, 1.5, 4.0, 6.5 ] },
				"down": { "texture": "#bread", "uv": [ 4.0, 0.0, 7.5, 5.0 ] }
			},
			"children": [
				{
					"name": "flaxbread 1 top20",
					"from": [ 0.5, 1.5, 0.5 ],
					"to": [ 3.0, 2.0, 4.5 ],
					"faces": {
						"north": { "texture": "#bread", "uv": [ 1.0, 1.5, 3.5, 2.0 ] },
						"east": { "texture": "#bread", "uv": [ 0.5, 2.0, 1.0, 6.0 ], "rotation": 90 },
						"south": { "texture": "#bread", "uv": [ 1.0, 5.5, 3.5, 6.0 ] },
						"west": { "texture": "#bread", "uv": [ 3.5, 2.0, 4.0, 6.0 ], "rotation": 90 },
						"up": { "texture": "#bread", "uv": [ 1.0, 2.0, 3.5, 6.0 ] }
					}
				}
			]
		}
	]}