{
	"editor": {
		"allAngles": false,
		"entityTextureMode": false
	},
	"textureWidth": 8,
	"textureHeight": 16,
	"textureSizes": {
		"leaf": [12,16],
		"trunk": [8,16]
	},
	"textures": {
	},
	"elements": [
		{
			"name": "origin",
			"from": [ 8.0, 0.0, 8.0 ],
			"to": [ 8.0, 0.0, 8.0 ],
			"rotationOrigin": [ 8.0, 0.0, 8.0 ],
			"faces": {
			},
			"children": [
				{
					"name": "trunk",
					"from": [ -1.0, 0.0, -1.0 ],
					"to": [ 1.0, 16.0, 1.0 ],
					"rotationOrigin": [ -1.0, 0.0, -1.0 ],
					"faces": {
						"north": { "texture": "#trunk", "uv": [ 4.0, 0.0, 6.0, 16.0 ] },
						"east": { "texture": "#trunk", "uv": [ 4.0, 0.0, 6.0, 16.0 ] },
						"south": { "texture": "#trunk", "uv": [ 4.0, 0.0, 6.0, 16.0 ], "windMode": [-1,-1,-1,-1], "windData": [0,0,1,1] },
						"west": { "texture": "#trunk", "uv": [ 4.0, 0.0, 6.0, 16.0 ], "windMode": [-1,-1,-1,-1], "windData": [0,0,1,1] },
						"up": { "texture": "#trunk", "uv": [ 1.0, 5.0, 3.0, 7.0 ], "windMode": [-1,-1,-1,-1], "windData": [1,1,1,1] },
						"down": { "texture": "#trunk", "uv": [ 1.0, 5.0, 3.0, 7.0 ], "windMode": [-1,-1,-1,-1] }
					},
					"children": [
						{
							"name": "branch origin 1",
							"from": [ 1.0, 5.0, 1.0 ],
							"to": [ 1.0, 5.0, 1.0 ],
							"rotationOrigin": [ 1.0, 5.0, 1.0 ],
							"faces": {
							},
							"children": [
								{
									"name": "branch 1",
									"from": [ 0.0, 0.0, 0.0 ],
									"to": [ 0.0, 0.5, 16.0 ],
									"renderPass": 1,
									"faces": {
										"east": { "texture": "#leaf", "uv": [ 5.5, 0.0, 6.0, 16.0 ], "rotation": 90, "windMode": [0,0,3,3] }
									},
									"children": [
										{
											"name": "branch side 1",
											"from": [ -0.25, 0.25, 0.0 ],
											"to": [ 0.25, 0.25, 16.0 ],
											"renderPass": 1,
											"rotationOrigin": [ -0.25, 0.25, 0.0 ],
											"faces": {
												"up": { "texture": "#leaf", "uv": [ 5.5, 0.0, 6.0, 16.0 ], "windMode": [0,3,3,0] }
											}
										},
										{
											"name": "outer branch 1",
											"from": [ 0.0, 0.0, 16.0 ],
											"to": [ 0.0, 0.5, 32.0 ],
											"renderPass": 1,
											"rotationOrigin": [ 0.0, 0.0, 16.0 ],
											"rotationX": -45.0,
											"faces": {
												"east": { "texture": "#leaf", "uv": [ 5.5, 0.0, 6.0, 16.0 ], "rotation": 90, "windMode": [3,3,3,3], "windData": [0,0,1,1] }
											},
											"children": [
												{
													"name": "outer branch side 1",
													"from": [ -0.25, 0.25, 0.0 ],
													"to": [ 0.25, 0.25, 16.0 ],
													"renderPass": 1,
													"rotationOrigin": [ -0.25, 0.25, 0.0 ],
													"faces": {
														"up": { "texture": "#leaf", "uv": [ 5.5, 0.0, 6.0, 16.0 ], "windMode": [3,3,3,3], "windData": [0,1,1,0] }
													}
												},
												{
													"name": "leaf origin 1",
													"from": [ 0.0, 0.3536, 16.05 ],
													"to": [ 0.0, 0.3536, 16.05 ],
													"rotationOrigin": [ 0.0, 0.3536, 16.0536 ],
													"rotationX": 50.0,
													"faces": {
													},
													"children": [
														{
															"name": "Leaf br 1",
															"from": [ 0.0, 0.0, 0.0 ],
															"to": [ 5.5, 0.0, 8.0 ],
															"renderPass": 1,
															"faces": {
																"up": { "texture": "#leaf", "uv": [ 6.5, 6.0, 12.0, 14.0 ], "windMode": [3,3,3,3], "windData": [1,0,0,1] }
															}
														},
														{
															"name": "Leaf ur 1",
															"from": [ 0.0, 0.0, -6.0 ],
															"to": [ 5.5, 0.0, 0.0 ],
															"renderPass": 1,
															"faces": {
																"up": { "texture": "#leaf", "uv": [ 6.5, 0.0, 12.0, 6.0 ], "windMode": [3,3,3,3], "windData": [1,1,1,1] }
															}
														},
														{
															"name": "Leaf ul 1",
															"from": [ -5.5, 0.0, -6.0 ],
															"to": [ 0.0, 0.0, 0.0 ],
															"renderPass": 1,
															"faces": {
																"up": { "texture": "#leaf", "uv": [ 0.0, 0.0, 5.5, 6.0 ], "windMode": [3,3,3,3], "windData": [1,1,1,1] }
															}
														},
														{
															"name": "Leaf bl 1",
															"from": [ -5.5, 0.0, 0.0 ],
															"to": [ 0.0, 0.0, 8.0 ],
															"renderPass": 1,
															"faces": {
																"up": { "texture": "#leaf", "uv": [ 0.0, 6.0, 5.5, 14.0 ], "windMode": [3,3,3,3], "windData": [1,0,0,1] }
															}
														}
													]
												}
											]
										}
									]
								}
							]
						},
						{
							"name": "branch origin 2",
							"from": [ 1.0, 5.0, 1.0 ],
							"to": [ 1.0, 5.0, 1.0 ],
							"rotationOrigin": [ 1.0, 5.0, 1.0 ],
							"rotationY": -67.5,
							"faces": {
							},
							"children": [
								{
									"name": "branch 2",
									"from": [ 0.0, 0.0, 0.0 ],
									"to": [ 0.0, 0.5, 16.0 ],
									"renderPass": 1,
									"faces": {
										"east": { "texture": "#leaf", "uv": [ 5.5, 0.0, 6.0, 16.0 ], "rotation": 90, "windMode": [0,0,3,3] }
									},
									"children": [
										{
											"name": "branch side 2",
											"from": [ -0.25, 0.25, 0.0 ],
											"to": [ 0.25, 0.25, 16.0 ],
											"renderPass": 1,
											"rotationOrigin": [ -0.25, 0.25, 0.0 ],
											"faces": {
												"up": { "texture": "#leaf", "uv": [ 5.5, 0.0, 6.0, 16.0 ], "windMode": [0,3,3,0] }
											}
										},
										{
											"name": "outer branch 2",
											"from": [ 0.0, 0.0, 16.0 ],
											"to": [ 0.0, 0.5, 32.0 ],
											"renderPass": 1,
											"rotationOrigin": [ 0.0, 0.0, 16.0 ],
											"rotationX": -44.0,
											"faces": {
												"east": { "texture": "#leaf", "uv": [ 5.5, 0.0, 6.0, 16.0 ], "rotation": 90, "windMode": [3,3,3,3], "windData": [0,0,1,1] }
											},
											"children": [
												{
													"name": "outer branch side 2",
													"from": [ -0.25, 0.25, 0.0 ],
													"to": [ 0.25, 0.25, 16.0 ],
													"renderPass": 1,
													"rotationOrigin": [ -0.25, 0.25, 0.0 ],
													"faces": {
														"up": { "texture": "#leaf", "uv": [ 5.5, 0.0, 6.0, 16.0 ], "windMode": [3,3,3,3], "windData": [0,1,1,0] }
													}
												},
												{
													"name": "leaf origin 2",
													"from": [ 0.0, 0.5, 16.0 ],
													"to": [ 0.0, 0.5, 16.0 ],
													"rotationOrigin": [ 0.0, 0.5, 16.0 ],
													"rotationX": 45.0,
													"faces": {
													},
													"children": [
														{
															"name": "Leaf br 2",
															"from": [ 0.0, 0.0, 0.0 ],
															"to": [ 5.5, 0.0, 8.0 ],
															"renderPass": 1,
															"faces": {
																"up": { "texture": "#leaf", "uv": [ 6.5, 6.0, 12.0, 14.0 ], "windMode": [3,3,3,3], "windData": [1,1,1,1] }
															}
														},
														{
															"name": "Leaf ur 2",
															"from": [ 0.0, 0.0, -6.0 ],
															"to": [ 5.5, 0.0, 0.0 ],
															"renderPass": 1,
															"faces": {
																"up": { "texture": "#leaf", "uv": [ 6.5, 0.0, 12.0, 6.0 ], "windMode": [3,3,3,3], "windData": [1,1,1,1] }
															}
														},
														{
															"name": "Leaf ul 2",
															"from": [ -5.5, 0.0, -6.0 ],
															"to": [ 0.0, 0.0, 0.0 ],
															"renderPass": 1,
															"faces": {
																"up": { "texture": "#leaf", "uv": [ 0.0, 0.0, 5.5, 6.0 ], "windMode": [3,3,3,3], "windData": [1,1,1,1] }
															}
														},
														{
															"name": "Leaf bl 2",
															"from": [ -5.5, 0.0, 0.0 ],
															"to": [ 0.0, 0.0, 8.0 ],
															"renderPass": 1,
															"faces": {
																"up": { "texture": "#leaf", "uv": [ 0.0, 6.0, 5.5, 14.0 ], "windMode": [3,3,3,3], "windData": [1,1,1,1] }
															}
														}
													]
												}
											]
										}
									]
								}
							]
						},
						{
							"name": "branch origin 3",
							"from": [ 1.0, 5.0, 1.0 ],
							"to": [ 1.0, 5.0, 1.0 ],
							"rotationOrigin": [ 1.0, 5.0, 1.0 ],
							"rotationY": -135.0,
							"faces": {
							},
							"children": [
								{
									"name": "branch 3",
									"from": [ 0.0, 0.0, 0.0 ],
									"to": [ 0.0, 0.5, 16.0 ],
									"renderPass": 1,
									"rotationOrigin": [ 0.0, 0.0, 0.0 ],
									"faces": {
										"east": { "texture": "#leaf", "uv": [ 5.5, 0.0, 6.0, 16.0 ], "rotation": 90, "windMode": [0,0,3,3] }
									},
									"children": [
										{
											"name": "branch side 3",
											"from": [ -0.25, 0.25, 0.0 ],
											"to": [ 0.25, 0.25, 16.0 ],
											"renderPass": 1,
											"rotationOrigin": [ -0.25, 0.25, 0.0 ],
											"faces": {
												"up": { "texture": "#leaf", "uv": [ 5.5, 0.0, 6.0, 16.0 ], "windMode": [0,3,3,0] }
											}
										},
										{
											"name": "outer branch 3",
											"from": [ 0.0, 0.0, 16.0 ],
											"to": [ 0.0, 0.5, 32.0 ],
											"renderPass": 1,
											"rotationOrigin": [ 0.0, 0.0, 16.0 ],
											"rotationX": -49.0,
											"faces": {
												"east": { "texture": "#leaf", "uv": [ 5.5, 0.0, 6.0, 16.0 ], "rotation": 90, "windMode": [3,3,3,3], "windData": [0,0,1,1] }
											},
											"children": [
												{
													"name": "outer branch side 3",
													"from": [ -0.25, 0.25, 0.0 ],
													"to": [ 0.25, 0.25, 16.0 ],
													"renderPass": 1,
													"rotationOrigin": [ -0.25, 0.25, 0.0 ],
													"faces": {
														"up": { "texture": "#leaf", "uv": [ 5.5, 0.0, 6.0, 16.0 ], "windMode": [3,3,3,3], "windData": [0,1,1,0] }
													}
												},
												{
													"name": "leaf origin 3",
													"from": [ 0.0, 0.5, 16.0 ],
													"to": [ 0.0, 0.5, 16.0 ],
													"rotationOrigin": [ 0.0, 0.5, 16.0 ],
													"rotationX": 35.0,
													"faces": {
													},
													"children": [
														{
															"name": "Leaf br 3",
															"from": [ 0.0, 0.0, 0.0 ],
															"to": [ 5.5, 0.0, 8.0 ],
															"renderPass": 1,
															"faces": {
																"up": { "texture": "#leaf", "uv": [ 6.5, 6.0, 12.0, 14.0 ], "windMode": [3,3,3,3], "windData": [1,1,1,1] }
															}
														},
														{
															"name": "Leaf ur 3",
															"from": [ 0.0, 0.0, -6.0 ],
															"to": [ 5.5, 0.0, 0.0 ],
															"renderPass": 1,
															"faces": {
																"up": { "texture": "#leaf", "uv": [ 6.5, 0.0, 12.0, 6.0 ], "windMode": [3,3,3,3], "windData": [0,1,1,0] }
															}
														},
														{
															"name": "Leaf ul 3",
															"from": [ -5.5, 0.0, -6.0 ],
															"to": [ 0.0, 0.0, 0.0 ],
															"renderPass": 1,
															"faces": {
																"up": { "texture": "#leaf", "uv": [ 0.0, 0.0, 5.5, 6.0 ], "windMode": [3,3,3,3], "windData": [0,1,1,0] }
															}
														},
														{
															"name": "Leaf bl 3",
															"from": [ -5.5, 0.0, 0.0 ],
															"to": [ 0.0, 0.0, 8.0 ],
															"renderPass": 1,
															"faces": {
																"up": { "texture": "#leaf", "uv": [ 0.0, 6.0, 5.5, 14.0 ], "windMode": [3,3,3,3], "windData": [1,1,1,1] }
															}
														}
													]
												}
											]
										}
									]
								}
							]
						},
						{
							"name": "branch origin 4",
							"from": [ 1.0, 5.0, 1.0 ],
							"to": [ 1.0, 5.0, 1.0 ],
							"rotationOrigin": [ 1.0, 5.0, 1.0 ],
							"rotationY": 157.5,
							"faces": {
							},
							"children": [
								{
									"name": "branch 4",
									"from": [ 0.0, 0.0, 0.0 ],
									"to": [ 0.0, 0.5, 16.0 ],
									"renderPass": 1,
									"faces": {
										"east": { "texture": "#leaf", "uv": [ 5.5, 0.0, 6.0, 16.0 ], "rotation": 90, "windMode": [0,0,3,3] }
									},
									"children": [
										{
											"name": "branch side 4",
											"from": [ -0.25, 0.25, 0.0 ],
											"to": [ 0.25, 0.25, 16.0 ],
											"renderPass": 1,
											"rotationOrigin": [ -0.25, 0.25, 0.0 ],
											"faces": {
												"up": { "texture": "#leaf", "uv": [ 5.5, 0.0, 6.0, 16.0 ], "windMode": [0,3,3,0] }
											}
										},
										{
											"name": "outer branch 4",
											"from": [ 0.0, 0.0, 16.0 ],
											"to": [ 0.0, 0.5, 32.0 ],
											"renderPass": 1,
											"rotationOrigin": [ 0.0, 0.0, 16.0 ],
											"rotationX": -47.0,
											"faces": {
												"east": { "texture": "#leaf", "uv": [ 5.5, 0.0, 6.0, 16.0 ], "rotation": 90, "windMode": [3,3,3,3], "windData": [0,0,1,1] }
											},
											"children": [
												{
													"name": "outer branch side 4",
													"from": [ -0.25, 0.25, 0.0 ],
													"to": [ 0.25, 0.25, 16.0 ],
													"renderPass": 1,
													"rotationOrigin": [ -0.25, 0.25, 0.0 ],
													"faces": {
														"up": { "texture": "#leaf", "uv": [ 5.5, 0.0, 6.0, 16.0 ], "windMode": [3,3,3,3], "windData": [0,1,1,0] }
													}
												},
												{
													"name": "leaf origin 4",
													"from": [ 0.0, 0.5, 16.0 ],
													"to": [ 0.0, 0.5, 16.0 ],
													"rotationOrigin": [ 0.0, 0.5, 16.0 ],
													"rotationX": 67.5,
													"faces": {
													},
													"children": [
														{
															"name": "Leaf br 4",
															"from": [ 0.0, 0.0, 0.0 ],
															"to": [ 5.5, 0.0, 8.0 ],
															"renderPass": 1,
															"faces": {
																"up": { "texture": "#leaf", "uv": [ 6.5, 6.0, 12.0, 14.0 ], "windMode": [3,3,3,3], "windData": [1,0,0,1] }
															}
														},
														{
															"name": "Leaf ur 4",
															"from": [ 0.0, 0.0, -6.0 ],
															"to": [ 5.5, 0.0, 0.0 ],
															"renderPass": 1,
															"faces": {
																"up": { "texture": "#leaf", "uv": [ 6.5, 0.0, 12.0, 6.0 ], "windMode": [3,3,3,3], "windData": [1,1,1,1] }
															}
														},
														{
															"name": "Leaf ul 4",
															"from": [ -5.5, 0.0, -6.0 ],
															"to": [ 0.0, 0.0, 0.0 ],
															"renderPass": 1,
															"faces": {
																"up": { "texture": "#leaf", "uv": [ 0.0, 0.0, 5.5, 6.0 ], "windMode": [3,3,3,3], "windData": [1,1,1,1] }
															}
														},
														{
															"name": "Leaf bl 4",
															"from": [ -5.5, 0.0, 0.0 ],
															"to": [ 0.0, 0.0, 8.0 ],
															"renderPass": 1,
															"faces": {
																"up": { "texture": "#leaf", "uv": [ 0.0, 6.0, 5.5, 14.0 ], "windMode": [3,3,3,3], "windData": [1,0,0,1] }
															}
														}
													]
												}
											]
										}
									]
								}
							]
						},
						{
							"name": "branch origin 5",
							"from": [ 1.0, 5.0, 1.0 ],
							"to": [ 1.0, 5.0, 1.0 ],
							"rotationOrigin": [ 1.0, 5.0, 1.0 ],
							"rotationY": 90.0,
							"faces": {
							},
							"children": [
								{
									"name": "branch 5",
									"from": [ 0.0, 0.0, 0.0 ],
									"to": [ 0.0, 0.5, 16.0 ],
									"renderPass": 1,
									"faces": {
										"east": { "texture": "#leaf", "uv": [ 5.5, 0.0, 6.0, 16.0 ], "rotation": 90, "windMode": [0,0,3,3] }
									},
									"children": [
										{
											"name": "branch side 5",
											"from": [ -0.25, 0.25, 0.0 ],
											"to": [ 0.25, 0.25, 16.0 ],
											"renderPass": 1,
											"rotationOrigin": [ -0.25, 0.25, 0.0 ],
											"faces": {
												"up": { "texture": "#leaf", "uv": [ 5.5, 0.0, 6.0, 16.0 ], "windMode": [0,3,3,0] }
											}
										},
										{
											"name": "outer branch 5",
											"from": [ 0.0, 0.0, 16.0 ],
											"to": [ 0.0, 0.5, 32.0 ],
											"renderPass": 1,
											"rotationOrigin": [ 0.0, 0.0, 16.0 ],
											"rotationX": -25.0,
											"faces": {
												"east": { "texture": "#leaf", "uv": [ 5.5, 0.0, 6.0, 16.0 ], "rotation": 90, "windMode": [3,3,3,3] }
											},
											"children": [
												{
													"name": "outer branch side 5",
													"from": [ -0.25, 0.25, 0.0 ],
													"to": [ 0.25, 0.25, 16.0 ],
													"renderPass": 1,
													"rotationOrigin": [ -0.25, 0.25, 0.0 ],
													"faces": {
														"up": { "texture": "#leaf", "uv": [ 5.5, 0.0, 6.0, 16.0 ], "windMode": [3,3,3,3] }
													}
												},
												{
													"name": "leaf origin 5",
													"from": [ 0.0, 0.5, 16.0 ],
													"to": [ 0.0, 0.5, 16.0 ],
													"rotationOrigin": [ 0.0, 0.5, 16.0 ],
													"rotationX": 45.0,
													"faces": {
													},
													"children": [
														{
															"name": "Leaf br 5",
															"from": [ 0.0, 0.0, 0.0 ],
															"to": [ 5.5, 0.0, 8.0 ],
															"renderPass": 1,
															"faces": {
																"up": { "texture": "#leaf", "uv": [ 6.5, 6.0, 12.0, 14.0 ], "windMode": [3,3,3,3] }
															}
														},
														{
															"name": "Leaf ur 5",
															"from": [ 0.0, 0.0, -6.0 ],
															"to": [ 5.5, 0.0, 0.0 ],
															"renderPass": 1,
															"faces": {
																"up": { "texture": "#leaf", "uv": [ 6.5, 0.0, 12.0, 6.0 ], "windMode": [3,3,3,3] }
															}
														},
														{
															"name": "Leaf ul 5",
															"from": [ -5.5, 0.0, -6.0 ],
															"to": [ 0.0, 0.0, 0.0 ],
															"renderPass": 1,
															"faces": {
																"up": { "texture": "#leaf", "uv": [ 0.0, 0.0, 5.5, 6.0 ], "windMode": [3,3,3,3] }
															}
														},
														{
															"name": "Leaf bl 5",
															"from": [ -5.5, 0.0, 0.0 ],
															"to": [ 0.0, 0.0, 8.0 ],
															"renderPass": 1,
															"faces": {
																"up": { "texture": "#leaf", "uv": [ 0.0, 6.0, 5.5, 14.0 ], "windMode": [3,3,3,3] }
															}
														}
													]
												}
											]
										}
									]
								}
							]
						},
						{
							"name": "branch origin 6",
							"from": [ 1.0, 7.0, 1.0 ],
							"to": [ 1.0, 7.0, 1.0 ],
							"rotationOrigin": [ 1.0, 7.0, 1.0 ],
							"rotationY": 135.0,
							"faces": {
							},
							"children": [
								{
									"name": "branch 6",
									"from": [ 0.0, 0.0, 0.0 ],
									"to": [ 0.0, 0.5, 16.0 ],
									"renderPass": 1,
									"rotationOrigin": [ 0.0, 0.0, 0.0 ],
									"rotationX": -10.0,
									"faces": {
										"east": { "texture": "#leaf", "uv": [ 5.5, 0.0, 6.0, 16.0 ], "rotation": 90, "windMode": [0,0,3,3] }
									},
									"children": [
										{
											"name": "branch side 6",
											"from": [ -0.25, 0.25, 0.0 ],
											"to": [ 0.25, 0.25, 16.0 ],
											"renderPass": 1,
											"rotationOrigin": [ -0.25, 0.25, 0.0 ],
											"faces": {
												"up": { "texture": "#leaf", "uv": [ 5.5, 0.0, 6.0, 16.0 ], "windMode": [0,3,3,0] }
											}
										},
										{
											"name": "outer branch 6",
											"from": [ 0.0, 0.0, 16.0 ],
											"to": [ 0.0, 0.5, 32.0 ],
											"renderPass": 1,
											"rotationOrigin": [ 0.0, 0.0, 16.0 ],
											"rotationX": -30.0,
											"faces": {
												"east": { "texture": "#leaf", "uv": [ 5.5, 0.0, 6.0, 16.0 ], "rotation": 90, "windMode": [3,3,3,3], "windData": [0,0,1,1] }
											},
											"children": [
												{
													"name": "outer branch side 6",
													"from": [ -0.25, 0.25, 0.0 ],
													"to": [ 0.25, 0.25, 16.0 ],
													"renderPass": 1,
													"rotationOrigin": [ -0.25, 0.25, 0.0 ],
													"faces": {
														"up": { "texture": "#leaf", "uv": [ 5.5, 0.0, 6.0, 16.0 ], "windMode": [3,3,3,3], "windData": [0,1,1,0] }
													}
												},
												{
													"name": "leaf origin 6",
													"from": [ 0.0, 0.5, 16.0 ],
													"to": [ 0.0, 0.5, 16.0 ],
													"rotationOrigin": [ 0.0, 0.5, 16.0 ],
													"rotationX": 45.0,
													"faces": {
													},
													"children": [
														{
															"name": "Leaf br 6",
															"from": [ 0.0, 0.0, 0.0 ],
															"to": [ 5.5, 0.0, 8.0 ],
															"renderPass": 1,
															"faces": {
																"up": { "texture": "#leaf", "uv": [ 6.5, 6.0, 12.0, 14.0 ], "windMode": [3,3,3,3], "windData": [1,1,1,1] }
															}
														},
														{
															"name": "Leaf ur 6",
															"from": [ 0.0, 0.0, -6.0 ],
															"to": [ 5.5, 0.0, 0.0 ],
															"renderPass": 1,
															"faces": {
																"up": { "texture": "#leaf", "uv": [ 6.5, 0.0, 12.0, 6.0 ], "windMode": [3,3,3,3], "windData": [1,1,1,1] }
															}
														},
														{
															"name": "Leaf ul 6",
															"from": [ -5.5, 0.0, -6.0 ],
															"to": [ 0.0, 0.0, 0.0 ],
															"renderPass": 1,
															"faces": {
																"up": { "texture": "#leaf", "uv": [ 0.0, 0.0, 5.5, 6.0 ], "windMode": [3,3,3,3], "windData": [1,1,1,1] }
															}
														},
														{
															"name": "Leaf bl 6",
															"from": [ -5.5, 0.0, 0.0 ],
															"to": [ 0.0, 0.0, 8.0 ],
															"renderPass": 1,
															"faces": {
																"up": { "texture": "#leaf", "uv": [ 0.0, 6.0, 5.5, 14.0 ], "windMode": [3,3,3,3], "windData": [1,1,1,1] }
															}
														}
													]
												}
											]
										}
									]
								}
							]
						},
						{
							"name": "branch origin 7",
							"from": [ 1.0, 7.0, 1.0 ],
							"to": [ 1.0, 7.0, 1.0 ],
							"rotationOrigin": [ 1.0, 7.0, 1.0 ],
							"rotationY": 45.0,
							"faces": {
							},
							"children": [
								{
									"name": "branch 7",
									"from": [ 0.0, 0.0, 0.0 ],
									"to": [ 0.0, 0.5, 16.0 ],
									"renderPass": 1,
									"rotationOrigin": [ 0.0, 0.0, 0.0 ],
									"rotationX": -10.0,
									"faces": {
										"east": { "texture": "#leaf", "uv": [ 5.5, 0.0, 6.0, 16.0 ], "rotation": 90, "windMode": [0,0,3,3] }
									},
									"children": [
										{
											"name": "branch side 7",
											"from": [ -0.25, 0.25, 0.0 ],
											"to": [ 0.25, 0.25, 16.0 ],
											"renderPass": 1,
											"rotationOrigin": [ -0.25, 0.25, 0.0 ],
											"faces": {
												"up": { "texture": "#leaf", "uv": [ 5.5, 0.0, 6.0, 16.0 ], "windMode": [0,3,3,0] }
											}
										},
										{
											"name": "leaf origin 7",
											"from": [ 0.0, 0.5, 16.0 ],
											"to": [ 0.0, 0.5, 16.0 ],
											"rotationOrigin": [ 0.0, 0.5, 16.0 ],
											"rotationX": 25.0,
											"faces": {
											},
											"children": [
												{
													"name": "Leaf br 7",
													"from": [ 0.0, 0.0, 0.0 ],
													"to": [ 5.5, 0.0, 8.0 ],
													"renderPass": 1,
													"faces": {
														"up": { "texture": "#leaf", "uv": [ 6.5, 6.0, 12.0, 14.0 ], "windMode": [3,3,3,3] }
													}
												},
												{
													"name": "Leaf ur 7",
													"from": [ 0.0, 0.0, -6.0 ],
													"to": [ 5.5, 0.0, 0.0 ],
													"renderPass": 1,
													"faces": {
														"up": { "texture": "#leaf", "uv": [ 6.5, 0.0, 12.0, 6.0 ], "windMode": [3,3,3,3] }
													}
												},
												{
													"name": "Leaf ul 7",
													"from": [ -5.5, 0.0, -6.0 ],
													"to": [ 0.0, 0.0, 0.0 ],
													"renderPass": 1,
													"faces": {
														"up": { "texture": "#leaf", "uv": [ 0.0, 0.0, 5.5, 6.0 ], "windMode": [3,3,3,3] }
													}
												},
												{
													"name": "Leaf bl 7",
													"from": [ -5.5, 0.0, 0.0 ],
													"to": [ 0.0, 0.0, 8.0 ],
													"renderPass": 1,
													"faces": {
														"up": { "texture": "#leaf", "uv": [ 0.0, 6.0, 5.5, 14.0 ], "windMode": [3,3,3,3] }
													}
												}
											]
										}
									]
								}
							]
						},
						{
							"name": "branch origin 8",
							"from": [ 1.0, 7.0, 1.0 ],
							"to": [ 1.0, 7.0, 1.0 ],
							"rotationOrigin": [ 1.0, 7.0, 1.0 ],
							"rotationY": -45.0,
							"faces": {
							},
							"children": [
								{
									"name": "branch 8",
									"from": [ 0.0, 0.0, 0.0 ],
									"to": [ 0.0, 0.5, 16.0 ],
									"renderPass": 1,
									"rotationOrigin": [ 0.0, 0.0, 0.0 ],
									"rotationX": -10.0,
									"faces": {
										"east": { "texture": "#leaf", "uv": [ 5.5, 0.0, 6.0, 16.0 ], "rotation": 90, "windMode": [0,0,3,3] }
									},
									"children": [
										{
											"name": "branch side 8",
											"from": [ -0.25, 0.25, 0.0 ],
											"to": [ 0.25, 0.25, 16.0 ],
											"renderPass": 1,
											"rotationOrigin": [ -0.25, 0.25, 0.0 ],
											"faces": {
												"up": { "texture": "#leaf", "uv": [ 5.5, 0.0, 6.0, 16.0 ], "windMode": [0,3,3,0] }
											}
										},
										{
											"name": "leaf origin 8",
											"from": [ 0.0, 0.5, 16.0 ],
											"to": [ 0.0, 0.5, 16.0 ],
											"rotationOrigin": [ 0.0, 0.5, 16.0 ],
											"rotationX": 25.0,
											"faces": {
											},
											"children": [
												{
													"name": "Leaf br 8",
													"from": [ 0.0, 0.0, 0.0 ],
													"to": [ 5.5, 0.0, 8.0 ],
													"renderPass": 1,
													"faces": {
														"up": { "texture": "#leaf", "uv": [ 6.5, 6.0, 12.0, 14.0 ], "windMode": [3,3,3,3] }
													}
												},
												{
													"name": "Leaf ur 8",
													"from": [ 0.0, 0.0, -6.0 ],
													"to": [ 5.5, 0.0, 0.0 ],
													"renderPass": 1,
													"faces": {
														"up": { "texture": "#leaf", "uv": [ 6.5, 0.0, 12.0, 6.0 ], "windMode": [3,3,3,3] }
													}
												},
												{
													"name": "Leaf ul 8",
													"from": [ -5.5, 0.0, -6.0 ],
													"to": [ 0.0, 0.0, 0.0 ],
													"renderPass": 1,
													"faces": {
														"up": { "texture": "#leaf", "uv": [ 0.0, 0.0, 5.5, 6.0 ], "windMode": [3,3,3,3] }
													}
												},
												{
													"name": "Leaf bl 8",
													"from": [ -5.5, 0.0, 0.0 ],
													"to": [ 0.0, 0.0, 8.0 ],
													"renderPass": 1,
													"faces": {
														"up": { "texture": "#leaf", "uv": [ 0.0, 6.0, 5.5, 14.0 ], "windMode": [3,3,3,3] }
													}
												}
											]
										}
									]
								}
							]
						},
						{
							"name": "branch origin 9",
							"from": [ 1.0, 7.0, 1.0 ],
							"to": [ 1.0, 7.0, 1.0 ],
							"rotationOrigin": [ 1.0, 7.0, 1.0 ],
							"rotationY": -157.5,
							"faces": {
							},
							"children": [
								{
									"name": "branch 9",
									"from": [ 0.0, 0.0, 0.0 ],
									"to": [ 0.0, 0.5, 16.0 ],
									"renderPass": 1,
									"rotationOrigin": [ 0.0, 0.0, 0.0 ],
									"rotationX": -10.0,
									"faces": {
										"east": { "texture": "#leaf", "uv": [ 5.5, 0.0, 6.0, 16.0 ], "rotation": 90, "windMode": [0,0,3,3] }
									},
									"children": [
										{
											"name": "branch side 9",
											"from": [ -0.25, 0.25, 0.0 ],
											"to": [ 0.25, 0.25, 16.0 ],
											"renderPass": 1,
											"rotationOrigin": [ -0.25, 0.25, 0.0 ],
											"faces": {
												"up": { "texture": "#leaf", "uv": [ 5.5, 0.0, 6.0, 16.0 ], "windMode": [0,3,3,0] }
											}
										},
										{
											"name": "leaf origin 9",
											"from": [ 0.0, 0.5, 16.0 ],
											"to": [ 0.0, 0.5, 16.0 ],
											"rotationOrigin": [ 0.0, 0.5, 16.0 ],
											"rotationX": 25.0,
											"faces": {
											},
											"children": [
												{
													"name": "Leaf br 9",
													"from": [ 0.0, 0.0, 0.0 ],
													"to": [ 5.5, 0.0, 8.0 ],
													"renderPass": 1,
													"faces": {
														"up": { "texture": "#leaf", "uv": [ 6.5, 6.0, 12.0, 14.0 ], "windMode": [3,3,3,3] }
													}
												},
												{
													"name": "Leaf ur 9",
													"from": [ 0.0, 0.0, -6.0 ],
													"to": [ 5.5, 0.0, 0.0 ],
													"renderPass": 1,
													"faces": {
														"up": { "texture": "#leaf", "uv": [ 6.5, 0.0, 12.0, 6.0 ], "windMode": [3,3,3,3] }
													}
												},
												{
													"name": "Leaf ul 9",
													"from": [ -5.5, 0.0, -6.0 ],
													"to": [ 0.0, 0.0, 0.0 ],
													"renderPass": 1,
													"faces": {
														"up": { "texture": "#leaf", "uv": [ 0.0, 0.0, 5.5, 6.0 ], "windMode": [3,3,3,3] }
													}
												},
												{
													"name": "Leaf bl 9",
													"from": [ -5.5, 0.0, 0.0 ],
													"to": [ 0.0, 0.0, 8.0 ],
													"renderPass": 1,
													"faces": {
														"up": { "texture": "#leaf", "uv": [ 0.0, 6.0, 5.5, 14.0 ], "windMode": [3,3,3,3] }
													}
												}
											]
										}
									]
								}
							]
						},
						{
							"name": "branch origin 10",
							"from": [ 1.0, 7.0, 1.0 ],
							"to": [ 1.0, 7.0, 1.0 ],
							"rotationOrigin": [ 1.0, 7.0, 1.0 ],
							"rotationY": -112.5,
							"faces": {
							},
							"children": [
								{
									"name": "branch 10",
									"from": [ 0.0, 0.0, 0.0 ],
									"to": [ 0.0, 0.5, 16.0 ],
									"renderPass": 1,
									"rotationOrigin": [ 0.0, 0.0, 0.0 ],
									"rotationX": -30.0,
									"faces": {
										"east": { "texture": "#leaf", "uv": [ 5.5, 0.0, 6.0, 16.0 ], "rotation": 90, "windMode": [0,0,3,3] }
									},
									"children": [
										{
											"name": "branch side 10",
											"from": [ -0.25, 0.25, 0.0 ],
											"to": [ 0.25, 0.25, 16.0 ],
											"renderPass": 1,
											"rotationOrigin": [ -0.25, 0.25, 0.0 ],
											"faces": {
												"up": { "texture": "#leaf", "uv": [ 5.5, 0.0, 6.0, 16.0 ], "windMode": [0,3,3,0] }
											}
										},
										{
											"name": "leaf origin 10",
											"from": [ 0.0, 0.5, 16.0 ],
											"to": [ 0.0, 0.5, 16.0 ],
											"rotationOrigin": [ 0.0, 0.5, 16.0 ],
											"rotationX": 45.0,
											"faces": {
											},
											"children": [
												{
													"name": "Leaf br 10",
													"from": [ 0.0, 0.0, 0.0 ],
													"to": [ 5.5, 0.0, 8.0 ],
													"renderPass": 1,
													"faces": {
														"up": { "texture": "#leaf", "uv": [ 6.5, 6.0, 12.0, 14.0 ], "windMode": [3,3,3,3] }
													}
												},
												{
													"name": "Leaf ur 10",
													"from": [ 0.0, 0.0, -6.0 ],
													"to": [ 5.5, 0.0, 0.0 ],
													"renderPass": 1,
													"faces": {
														"up": { "texture": "#leaf", "uv": [ 6.5, 0.0, 12.0, 6.0 ], "windMode": [3,3,3,3], "windData": [1,0,0,1] }
													}
												},
												{
													"name": "Leaf ul 10",
													"from": [ -5.5, 0.0, -6.0 ],
													"to": [ 0.0, 0.0, 0.0 ],
													"renderPass": 1,
													"faces": {
														"up": { "texture": "#leaf", "uv": [ 0.0, 0.0, 5.5, 6.0 ], "windMode": [3,3,3,3], "windData": [1,0,0,1] }
													}
												},
												{
													"name": "Leaf bl 10",
													"from": [ -5.5, 0.0, 0.0 ],
													"to": [ 0.0, 0.0, 8.0 ],
													"renderPass": 1,
													"faces": {
														"up": { "texture": "#leaf", "uv": [ 0.0, 6.0, 5.5, 14.0 ], "windMode": [3,3,3,3] }
													}
												}
											]
										}
									]
								}
							]
						},
						{
							"name": "branch origin 11",
							"from": [ 1.0, 7.0, 1.0 ],
							"to": [ 1.0, 7.0, 1.0 ],
							"rotationOrigin": [ 1.0, 7.0, 1.0 ],
							"rotationY": 112.5,
							"faces": {
							},
							"children": [
								{
									"name": "branch 11",
									"from": [ 0.0, 0.0, 0.0 ],
									"to": [ 0.0, 0.5, 16.0 ],
									"renderPass": 1,
									"rotationOrigin": [ 0.0, 0.0, 0.0 ],
									"rotationX": -30.0,
									"faces": {
										"east": { "texture": "#leaf", "uv": [ 5.5, 0.0, 6.0, 16.0 ], "rotation": 90, "windMode": [0,0,3,3] }
									},
									"children": [
										{
											"name": "branch side 11",
											"from": [ -0.25, 0.25, 0.0 ],
											"to": [ 0.25, 0.25, 16.0 ],
											"renderPass": 1,
											"rotationOrigin": [ -0.25, 0.25, 0.0 ],
											"faces": {
												"up": { "texture": "#leaf", "uv": [ 5.5, 0.0, 6.0, 16.0 ], "windMode": [0,3,3,0] }
											}
										},
										{
											"name": "leaf origin 11",
											"from": [ 0.0, 0.5, 16.0 ],
											"to": [ 0.0, 0.5, 16.0 ],
											"rotationOrigin": [ 0.0, 0.5, 16.0 ],
											"rotationX": 45.0,
											"faces": {
											},
											"children": [
												{
													"name": "Leaf br 11",
													"from": [ 0.0, 0.0, 0.0 ],
													"to": [ 5.5, 0.0, 8.0 ],
													"renderPass": 1,
													"faces": {
														"up": { "texture": "#leaf", "uv": [ 6.5, 6.0, 12.0, 14.0 ], "windMode": [3,3,3,3] }
													}
												},
												{
													"name": "Leaf ur 11",
													"from": [ 0.0, 0.0, -6.0 ],
													"to": [ 5.5, 0.0, 0.0 ],
													"renderPass": 1,
													"faces": {
														"up": { "texture": "#leaf", "uv": [ 6.5, 0.0, 12.0, 6.0 ], "windMode": [3,3,3,3], "windData": [1,0,0,1] }
													}
												},
												{
													"name": "Leaf ul 11",
													"from": [ -5.5, 0.0, -6.0 ],
													"to": [ 0.0, 0.0, 0.0 ],
													"renderPass": 1,
													"faces": {
														"up": { "texture": "#leaf", "uv": [ 0.0, 0.0, 5.5, 6.0 ], "windMode": [3,3,3,3], "windData": [1,0,0,1] }
													}
												},
												{
													"name": "Leaf bl 11",
													"from": [ -5.5, 0.0, 0.0 ],
													"to": [ 0.0, 0.0, 8.0 ],
													"renderPass": 1,
													"faces": {
														"up": { "texture": "#leaf", "uv": [ 0.0, 6.0, 5.5, 14.0 ], "windMode": [3,3,3,3] }
													}
												}
											]
										}
									]
								}
							]
						},
						{
							"name": "branch origin 12",
							"from": [ 1.0, 7.0, 1.0 ],
							"to": [ 1.0, 7.0, 1.0 ],
							"rotationOrigin": [ 1.0, 7.0, 1.0 ],
							"rotationY": 22.5,
							"faces": {
							},
							"children": [
								{
									"name": "branch 12",
									"from": [ 0.0, 0.0, 0.0 ],
									"to": [ 0.0, 0.5, 16.0 ],
									"renderPass": 1,
									"rotationOrigin": [ 0.0, 0.0, 0.0 ],
									"rotationX": -30.0,
									"faces": {
										"east": { "texture": "#leaf", "uv": [ 5.5, 0.0, 6.0, 16.0 ], "rotation": 90, "windMode": [0,0,3,3] }
									},
									"children": [
										{
											"name": "branch side 12",
											"from": [ -0.25, 0.25, 0.0 ],
											"to": [ 0.25, 0.25, 16.0 ],
											"renderPass": 1,
											"rotationOrigin": [ -0.25, 0.25, 0.0 ],
											"faces": {
												"up": { "texture": "#leaf", "uv": [ 5.5, 0.0, 6.0, 16.0 ], "windMode": [0,3,3,0] }
											}
										},
										{
											"name": "leaf origin 12",
											"from": [ 0.0, 0.5, 16.0 ],
											"to": [ 0.0, 0.5, 16.0 ],
											"rotationOrigin": [ 0.0, 0.5, 16.0 ],
											"rotationX": 45.0,
											"faces": {
											},
											"children": [
												{
													"name": "Leaf br 12",
													"from": [ 0.0, 0.0, 0.0 ],
													"to": [ 5.5, 0.0, 8.0 ],
													"renderPass": 1,
													"faces": {
														"up": { "texture": "#leaf", "uv": [ 6.5, 6.0, 12.0, 14.0 ], "windMode": [3,3,3,3] }
													}
												},
												{
													"name": "Leaf ur 12",
													"from": [ 0.0, 0.0, -6.0 ],
													"to": [ 5.5, 0.0, 0.0 ],
													"renderPass": 1,
													"faces": {
														"up": { "texture": "#leaf", "uv": [ 6.5, 0.0, 12.0, 6.0 ], "windMode": [3,3,3,3], "windData": [1,0,0,1] }
													}
												},
												{
													"name": "Leaf ul 12",
													"from": [ -5.5, 0.0, -6.0 ],
													"to": [ 0.0, 0.0, 0.0 ],
													"renderPass": 1,
													"faces": {
														"up": { "texture": "#leaf", "uv": [ 0.0, 0.0, 5.5, 6.0 ], "windMode": [3,3,3,3], "windData": [1,0,0,1] }
													}
												},
												{
													"name": "Leaf bl 12",
													"from": [ -5.5, 0.0, 0.0 ],
													"to": [ 0.0, 0.0, 8.0 ],
													"renderPass": 1,
													"faces": {
														"up": { "texture": "#leaf", "uv": [ 0.0, 6.0, 5.5, 14.0 ], "windMode": [3,3,3,3] }
													}
												}
											]
										}
									]
								}
							]
						}
					]
				}
			]
		}
	]}