{
	"editor": {
		"collapsedPaths": "Root/Frond Base 1/Frond Stem 1",
		"allAngles": true,
		"entityTextureMode": false
	},
	"textureWidth": 4,
	"textureHeight": 8,
	"textureSizes": {
		"leaf": [8,16],
		"flower": [4,8]
	},
	"textures": {
	},
	"elements": [
		{
			"name": "Frond Root 1",
			"from": [ 8.0, 0.0, 8.0 ],
			"to": [ 8.0, 0.0, 8.0 ],
			"renderPass": 1,
			"rotationOrigin": [ 8.0, 0.0, 8.0 ],
			"faces": {
			},
			"children": [
				{
					"name": "Frond Base 1",
					"from": [ -1.0, 0.0, -0.4 ],
					"to": [ -0.4, 12.0, 0.6 ],
					"shade": false,
					"climateColorMap": "climatePlantTint",
					"seasonColorMap": "tropicalKapok",
					"renderPass": 1,
					"rotationOrigin": [ -1.0, 0.0, -0.4 ],
					"faces": {
						"north": { "texture": "#leaf", "uv": [ 1.0, 4.0, 1.5, 16.0 ], "windMode": [0,5,5,0] },
						"south": { "texture": "#leaf", "uv": [ 1.5, 4.0, 2.0, 16.0 ], "windMode": [0,0,5,5] },
						"west": { "texture": "#leaf", "uv": [ 1.0, 4.0, 2.0, 16.0 ], "windMode": [0,0,5,5] }
					},
					"children": [
						{
							"name": "Frond Stem 1",
							"from": [ 0.0, 11.7, 0.1 ],
							"to": [ 0.5, 23.7, 0.9 ],
							"shade": false,
							"climateColorMap": "climatePlantTint",
							"seasonColorMap": "tropicalKapok",
							"renderPass": 1,
							"rotationOrigin": [ 0.0, 11.7, 0.1 ],
							"rotationZ": 6.0,
							"faces": {
								"north": { "texture": "#leaf", "uv": [ 0.0, 4.0, 0.5, 16.0 ], "windMode": [5,5,5,5], "windData": [0,1,1,0] },
								"south": { "texture": "#leaf", "uv": [ 0.5, 4.0, 1.0, 16.0 ], "windMode": [5,5,5,5], "windData": [0,0,1,1] },
								"west": { "texture": "#leaf", "uv": [ 0.0, 4.0, 0.5, 16.0 ], "windMode": [5,5,5,5], "windData": [0,0,1,1] }
							},
							"children": [
								{
									"name": "Frond second Stem 1",
									"from": [ 0.0, 11.7, 0.0 ],
									"to": [ 0.5, 23.7, 0.8 ],
									"shade": false,
									"climateColorMap": "climatePlantTint",
									"seasonColorMap": "tropicalKapok",
									"renderPass": 2,
									"rotationOrigin": [ 0.0, 11.7, 0.0 ],
									"rotationZ": 8.0,
									"faces": {
										"north": { "texture": "#leaf", "uv": [ 0.0, 4.0, 0.5, 16.0 ], "windMode": [5,5,5,5], "windData": [1,2,2,1] },
										"south": { "texture": "#leaf", "uv": [ 0.5, 4.0, 1.0, 16.0 ], "windMode": [5,5,5,5], "windData": [1,1,2,2] },
										"west": { "texture": "#leaf", "uv": [ 0.0, 4.0, 0.5, 16.0 ], "windMode": [5,5,5,5], "windData": [1,1,2,2] }
									},
									"children": [
										{
											"name": "Frond Segment 1 1",
											"from": [ 0.0, 12.0, 0.4 ],
											"to": [ 0.0, 12.0, 0.4 ],
											"shade": false,
											"renderPass": 1,
											"rotationOrigin": [ 0.0, 12.0, 0.4 ],
											"rotationZ": 12.0,
											"faces": {
											},
											"children": [
												{
													"name": "Frond Segment 2 1",
													"from": [ 0.0, 8.0, 0.0 ],
													"to": [ 0.0, 8.0, 0.0 ],
													"renderPass": 1,
													"rotationOrigin": [ 0.0, 8.0, 0.0 ],
													"rotationZ": 9.0,
													"faces": {
													},
													"children": [
														{
															"name": "Frond Segment 3 1",
															"from": [ 0.0, 6.0, 0.0 ],
															"to": [ 0.0, 6.0, 0.0 ],
															"renderPass": 1,
															"rotationOrigin": [ 0.0, 6.0, 0.0 ],
															"rotationZ": 11.0,
															"faces": {
															},
															"children": [
																{
																	"name": "Frond EndL1",
																	"from": [ 0.0, 0.0, 0.0 ],
																	"to": [ 0.0, 8.0, 3.0 ],
																	"shade": false,
																	"climateColorMap": "climatePlantTint",
																	"seasonColorMap": "tropicalKapok",
																	"renderPass": 1,
																	"rotationOrigin": [ 0.0, 0.0, 0.0 ],
																	"rotationY": 14.0,
																	"faces": {
																		"east": { "texture": "#leaf", "uv": [ 2.0, 0.0, 5.0, 8.0 ], "windMode": [5,5,5,5], "windData": [2,3,3,2] }
																	}
																},
																{
																	"name": "Frond EndR1",
																	"from": [ 0.0, 0.0, -3.0 ],
																	"to": [ 0.0, 8.0, 0.0 ],
																	"shade": false,
																	"climateColorMap": "climatePlantTint",
																	"seasonColorMap": "tropicalKapok",
																	"renderPass": 1,
																	"rotationOrigin": [ 0.0, 0.0, 0.0 ],
																	"rotationY": -14.0,
																	"faces": {
																		"east": { "texture": "#leaf", "uv": [ 5.0, 0.0, 8.0, 8.0 ], "windMode": [5,5,5,5], "windData": [2,3,3,2] }
																	}
																}
															]
														},
														{
															"name": "Frond MiddleR1",
															"from": [ 0.0, 0.0, -3.0 ],
															"to": [ 0.0, 6.0, 0.0 ],
															"shade": false,
															"climateColorMap": "climatePlantTint",
															"seasonColorMap": "tropicalKapok",
															"renderPass": 1,
															"rotationOrigin": [ 0.0, 0.0, 0.0 ],
															"rotationY": -14.0,
															"faces": {
																"east": { "texture": "#leaf", "uv": [ 5.0, 6.5, 8.0, 12.5 ], "windMode": [5,5,5,5], "windData": [2,2,2,2] }
															}
														},
														{
															"name": "Frond MiddleL1",
															"from": [ 0.0, 0.0, 0.0 ],
															"to": [ 0.0, 6.0, 3.0 ],
															"shade": false,
															"climateColorMap": "climatePlantTint",
															"seasonColorMap": "tropicalKapok",
															"renderPass": 1,
															"rotationOrigin": [ 0.0, 0.0, 0.0 ],
															"rotationY": 14.0,
															"faces": {
																"east": { "texture": "#leaf", "uv": [ 2.0, 6.5, 5.0, 12.5 ], "windMode": [5,5,5,5], "windData": [2,2,2,2] }
															}
														}
													]
												},
												{
													"name": "Frond BaseL1",
													"from": [ 0.0, 0.0, 0.0 ],
													"to": [ 0.0, 8.0, 3.0 ],
													"shade": false,
													"climateColorMap": "climatePlantTint",
													"seasonColorMap": "tropicalKapok",
													"renderPass": 1,
													"rotationOrigin": [ 0.0, 0.0, 0.0 ],
													"rotationY": 16.0,
													"faces": {
														"east": { "texture": "#leaf", "uv": [ 2.0, 8.0, 5.0, 16.0 ], "windMode": [5,5,5,5], "windData": [2,2,2,2] }
													}
												},
												{
													"name": "Frond BaseR1",
													"from": [ 0.0, 0.0, -3.0 ],
													"to": [ 0.0, 8.0, 0.0 ],
													"shade": false,
													"climateColorMap": "climatePlantTint",
													"seasonColorMap": "tropicalKapok",
													"renderPass": 1,
													"rotationOrigin": [ 0.0, 0.0, 0.0 ],
													"rotationY": -16.0,
													"faces": {
														"east": { "texture": "#leaf", "uv": [ 5.0, 8.0, 8.0, 16.0 ], "windMode": [5,5,5,5], "windData": [2,2,2,2] }
													}
												}
											]
										},
										{
											"name": "Flower",
											"from": [ -1.5, 0.1, 0.4 ],
											"to": [ 2.5, 8.1, 0.4 ],
											"shade": false,
											"renderPass": 1,
											"rotationOrigin": [ 0.5, 0.1, 0.4 ],
											"rotationX": 17.0,
											"rotationY": 47.0,
											"rotationZ": -22.0,
											"faces": {
												"south": { "texture": "#flower", "uv": [ 0.0, 0.0, 4.0, 8.0 ], "windMode": [5,5,5,5], "windData": [1,1,1,1] }
											}
										}
									]
								}
							]
						}
					]
				}
			]
		},
		{
			"name": "Frond Root 2",
			"from": [ 8.0, 0.0, 8.0 ],
			"to": [ 8.0, 0.0, 8.0 ],
			"renderPass": 1,
			"rotationOrigin": [ 8.0, 0.0, 8.0 ],
			"rotationY": 80.0,
			"faces": {
			},
			"children": [
				{
					"name": "Frond Base 2",
					"from": [ -1.0, 0.0, -0.4 ],
					"to": [ -0.4, 11.0, 0.6 ],
					"shade": false,
					"climateColorMap": "climatePlantTint",
"seasonColorMap": "tropicalKapok",
					"renderPass": 1,
					"rotationOrigin": [ -1.0, 0.0, -0.4 ],
					"faces": {
						"north": { "texture": "#leaf", "uv": [ 1.0, 4.0, 1.5, 15.0 ], "windMode": [0,5,5,0] },
						"south": { "texture": "#leaf", "uv": [ 1.5, 4.0, 2.0, 15.0 ], "windMode": [0,0,5,5] },
						"west": { "texture": "#leaf", "uv": [ 1.0, 4.0, 2.0, 15.0 ], "windMode": [0,0,5,5] }
					},
					"children": [
						{
							"name": "Frond Stem 2",
							"from": [ 0.0, 10.7, 0.1 ],
							"to": [ 0.5, 22.7, 0.9 ],
							"shade": false,
							"climateColorMap": "climatePlantTint",
		"seasonColorMap": "tropicalKapok",
							"renderPass": 1,
							"rotationOrigin": [ 0.0, 10.7, 0.1 ],
							"rotationZ": 6.0,
							"faces": {
								"north": { "texture": "#leaf", "uv": [ 0.0, 4.0, 0.5, 16.0 ], "windMode": [5,5,5,5], "windData": [0,1,1,0] },
								"south": { "texture": "#leaf", "uv": [ 0.5, 4.0, 1.0, 16.0 ], "windMode": [5,5,5,5], "windData": [0,0,1,1] },
								"west": { "texture": "#leaf", "uv": [ 0.0, 4.0, 0.5, 16.0 ], "windMode": [5,5,5,5], "windData": [0,0,1,1] }
							},
							"children": [
								{
									"name": "Frond second Stem 2",
									"from": [ 0.0, 11.7, 0.0 ],
									"to": [ 0.5, 23.7, 0.8 ],
									"shade": false,
									"climateColorMap": "climatePlantTint",
				"seasonColorMap": "tropicalKapok",
									"renderPass": 2,
									"rotationOrigin": [ 0.0, 11.7, 0.0 ],
									"rotationZ": 8.0,
									"faces": {
										"north": { "texture": "#leaf", "uv": [ 0.0, 4.0, 0.5, 16.0 ], "windMode": [5,5,5,5], "windData": [1,2,2,1] },
										"south": { "texture": "#leaf", "uv": [ 0.5, 4.0, 1.0, 16.0 ], "windMode": [5,5,5,5], "windData": [1,1,2,2] },
										"west": { "texture": "#leaf", "uv": [ 0.0, 4.0, 0.5, 16.0 ], "windMode": [5,5,5,5], "windData": [1,1,2,2] }
									},
									"children": [
										{
											"name": "Frond Segment 1 2",
											"from": [ 0.0, 12.0, 0.4 ],
											"to": [ 0.0, 12.0, 0.4 ],
											"shade": false,
											"renderPass": 1,
											"rotationOrigin": [ 0.0, 12.0, 0.4 ],
											"rotationZ": 12.0,
											"faces": {
											},
											"children": [
												{
													"name": "Frond Segment 2 2",
													"from": [ 0.0, 8.0, 0.0 ],
													"to": [ 0.0, 8.0, 0.0 ],
													"renderPass": 1,
													"rotationOrigin": [ 0.0, 8.0, 0.0 ],
													"rotationZ": 9.0,
													"faces": {
													},
													"children": [
														{
															"name": "Frond Segment 3 2",
															"from": [ 0.0, 6.0, 0.0 ],
															"to": [ 0.0, 6.0, 0.0 ],
															"renderPass": 1,
															"rotationOrigin": [ 0.0, 6.0, 0.0 ],
															"rotationZ": 11.0,
															"faces": {
															},
															"children": [
																{
																	"name": "Frond EndL2",
																	"from": [ 0.0, 0.0, 0.0 ],
																	"to": [ 0.0, 8.0, 3.0 ],
																	"shade": false,
																	"climateColorMap": "climatePlantTint",
												"seasonColorMap": "tropicalKapok",
																	"renderPass": 1,
																	"rotationOrigin": [ 0.0, 0.0, 0.0 ],
																	"rotationY": 14.0,
																	"faces": {
																		"east": { "texture": "#leaf", "uv": [ 2.0, 0.0, 5.0, 8.0 ], "windMode": [5,5,5,5], "windData": [2,3,3,2] }
																	}
																},
																{
																	"name": "Frond EndR2",
																	"from": [ 0.0, 0.0, -3.0 ],
																	"to": [ 0.0, 8.0, 0.0 ],
																	"shade": false,
																	"climateColorMap": "climatePlantTint",
												"seasonColorMap": "tropicalKapok",
																	"renderPass": 1,
																	"rotationOrigin": [ 0.0, 0.0, 0.0 ],
																	"rotationY": -14.0,
																	"faces": {
																		"east": { "texture": "#leaf", "uv": [ 5.0, 0.0, 8.0, 8.0 ], "windMode": [5,5,5,5], "windData": [2,3,3,2] }
																	}
																}
															]
														},
														{
															"name": "Frond MiddleR2",
															"from": [ 0.0, 0.0, -3.0 ],
															"to": [ 0.0, 6.0, 0.0 ],
															"shade": false,
															"climateColorMap": "climatePlantTint",
										"seasonColorMap": "tropicalKapok",
															"renderPass": 1,
															"rotationOrigin": [ 0.0, 0.0, 0.0 ],
															"rotationY": -14.0,
															"faces": {
																"east": { "texture": "#leaf", "uv": [ 5.0, 6.5, 8.0, 12.5 ], "windMode": [5,5,5,5], "windData": [2,2,2,2] }
															}
														},
														{
															"name": "Frond MiddleL2",
															"from": [ 0.0, 0.0, 0.0 ],
															"to": [ 0.0, 6.0, 3.0 ],
															"shade": false,
															"climateColorMap": "climatePlantTint",
										"seasonColorMap": "tropicalKapok",
															"renderPass": 1,
															"rotationOrigin": [ 0.0, 0.0, 0.0 ],
															"rotationY": 14.0,
															"faces": {
																"east": { "texture": "#leaf", "uv": [ 2.0, 6.5, 5.0, 12.5 ], "windMode": [5,5,5,5], "windData": [2,2,2,2] }
															}
														}
													]
												},
												{
													"name": "Frond BaseL2",
													"from": [ 0.0, 0.0, 0.0 ],
													"to": [ 0.0, 8.0, 3.0 ],
													"shade": false,
													"climateColorMap": "climatePlantTint",
								"seasonColorMap": "tropicalKapok",
													"renderPass": 1,
													"rotationOrigin": [ 0.0, 0.0, 0.0 ],
													"rotationY": 16.0,
													"faces": {
														"east": { "texture": "#leaf", "uv": [ 2.0, 8.0, 5.0, 16.0 ], "windMode": [5,5,5,5], "windData": [2,2,2,2] }
													}
												},
												{
													"name": "Frond BaseR2",
													"from": [ 0.0, 0.0, -3.0 ],
													"to": [ 0.0, 8.0, 0.0 ],
													"shade": false,
													"climateColorMap": "climatePlantTint",
								"seasonColorMap": "tropicalKapok",
													"renderPass": 1,
													"rotationOrigin": [ 0.0, 0.0, 0.0 ],
													"rotationY": -16.0,
													"faces": {
														"east": { "texture": "#leaf", "uv": [ 5.0, 8.0, 8.0, 16.0 ], "windMode": [5,5,5,5], "windData": [2,2,2,2] }
													}
												}
											]
										}
									]
								}
							]
						}
					]
				}
			]
		},
		{
			"name": "Frond Root 3",
			"from": [ 8.0, 0.0, 8.0 ],
			"to": [ 8.0, 0.0, 8.0 ],
			"renderPass": 1,
			"rotationOrigin": [ 8.0, 0.0, 8.0 ],
			"rotationY": -114.0,
			"faces": {
			},
			"children": [
				{
					"name": "Frond Base 3",
					"from": [ -1.0, 0.0, -0.4 ],
					"to": [ -0.4, 11.0, 0.6 ],
					"shade": false,
					"climateColorMap": "climatePlantTint",
"seasonColorMap": "tropicalKapok",
					"renderPass": 1,
					"rotationOrigin": [ -1.0, 0.0, -0.4 ],
					"rotationZ": 4.0,
					"faces": {
						"north": { "texture": "#leaf", "uv": [ 1.0, 4.0, 1.5, 15.0 ], "windMode": [0,5,5,0] },
						"south": { "texture": "#leaf", "uv": [ 1.5, 4.0, 2.0, 15.0 ], "windMode": [0,0,5,5] },
						"west": { "texture": "#leaf", "uv": [ 1.0, 4.0, 2.0, 15.0 ], "windMode": [0,0,5,5] }
					},
					"children": [
						{
							"name": "Frond Stem 3",
							"from": [ 0.0, 10.7, 0.1 ],
							"to": [ 0.5, 22.7, 0.9 ],
							"shade": false,
							"climateColorMap": "climatePlantTint",
		"seasonColorMap": "tropicalKapok",
							"renderPass": 1,
							"rotationOrigin": [ 0.0, 10.7, 0.1 ],
							"rotationZ": 6.0,
							"faces": {
								"north": { "texture": "#leaf", "uv": [ 0.0, 4.0, 0.5, 16.0 ], "windMode": [5,5,5,5], "windData": [0,1,1,0] },
								"south": { "texture": "#leaf", "uv": [ 0.5, 4.0, 1.0, 16.0 ], "windMode": [5,5,5,5], "windData": [0,0,1,1] },
								"west": { "texture": "#leaf", "uv": [ 0.0, 4.0, 0.5, 16.0 ], "windMode": [5,5,5,5], "windData": [0,0,1,1] }
							},
							"children": [
								{
									"name": "Frond second Stem 3",
									"from": [ 0.0, 11.7, 0.0 ],
									"to": [ 0.5, 23.7, 0.8 ],
									"shade": false,
									"climateColorMap": "climatePlantTint",
				"seasonColorMap": "tropicalKapok",
									"renderPass": 2,
									"rotationOrigin": [ 0.0, 11.7, 0.0 ],
									"rotationZ": 8.0,
									"faces": {
										"north": { "texture": "#leaf", "uv": [ 0.0, 4.0, 0.5, 16.0 ], "windMode": [5,5,5,5], "windData": [1,2,2,1] },
										"south": { "texture": "#leaf", "uv": [ 0.5, 4.0, 1.0, 16.0 ], "windMode": [5,5,5,5], "windData": [1,1,2,2] },
										"west": { "texture": "#leaf", "uv": [ 0.0, 4.0, 0.5, 16.0 ], "windMode": [5,5,5,5], "windData": [1,1,2,2] }
									},
									"children": [
										{
											"name": "Frond Segment 1 3",
											"from": [ 0.0, 12.0, 0.4 ],
											"to": [ 0.0, 12.0, 0.4 ],
											"shade": false,
											"renderPass": 1,
											"rotationOrigin": [ 0.0, 12.0, 0.4 ],
											"rotationZ": 12.0,
											"faces": {
											},
											"children": [
												{
													"name": "Frond Segment 2 3",
													"from": [ 0.0, 8.0, 0.0 ],
													"to": [ 0.0, 8.0, 0.0 ],
													"renderPass": 1,
													"rotationOrigin": [ 0.0, 8.0, 0.0 ],
													"rotationZ": 9.0,
													"faces": {
													},
													"children": [
														{
															"name": "Frond Segment 3 3",
															"from": [ 0.0, 6.0, 0.0 ],
															"to": [ 0.0, 6.0, 0.0 ],
															"renderPass": 1,
															"rotationOrigin": [ 0.0, 6.0, 0.0 ],
															"rotationZ": 11.0,
															"faces": {
															},
															"children": [
																{
																	"name": "Frond EndL3",
																	"from": [ 0.0, 0.0, 0.0 ],
																	"to": [ 0.0, 8.0, 3.0 ],
																	"shade": false,
																	"climateColorMap": "climatePlantTint",
												"seasonColorMap": "tropicalKapok",
																	"renderPass": 1,
																	"rotationOrigin": [ 0.0, 0.0, 0.0 ],
																	"rotationY": 14.0,
																	"faces": {
																		"east": { "texture": "#leaf", "uv": [ 2.0, 0.0, 5.0, 8.0 ], "windMode": [5,5,5,5], "windData": [2,3,3,2] }
																	}
																},
																{
																	"name": "Frond EndR3",
																	"from": [ 0.0, 0.0, -3.0 ],
																	"to": [ 0.0, 8.0, 0.0 ],
																	"shade": false,
																	"climateColorMap": "climatePlantTint",
												"seasonColorMap": "tropicalKapok",
																	"renderPass": 1,
																	"rotationOrigin": [ 0.0, 0.0, 0.0 ],
																	"rotationY": -14.0,
																	"faces": {
																		"east": { "texture": "#leaf", "uv": [ 5.0, 0.0, 8.0, 8.0 ], "windMode": [5,5,5,5], "windData": [2,3,3,2] }
																	}
																}
															]
														},
														{
															"name": "Frond MiddleR3",
															"from": [ 0.0, 0.0, -3.0 ],
															"to": [ 0.0, 6.0, 0.0 ],
															"shade": false,
															"climateColorMap": "climatePlantTint",
										"seasonColorMap": "tropicalKapok",
															"renderPass": 1,
															"rotationOrigin": [ 0.0, 0.0, 0.0 ],
															"rotationY": -14.0,
															"faces": {
																"east": { "texture": "#leaf", "uv": [ 5.0, 6.5, 8.0, 12.5 ], "windMode": [5,5,5,5], "windData": [2,2,2,2] }
															}
														},
														{
															"name": "Frond MiddleL3",
															"from": [ 0.0, 0.0, 0.0 ],
															"to": [ 0.0, 6.0, 3.0 ],
															"shade": false,
															"climateColorMap": "climatePlantTint",
										"seasonColorMap": "tropicalKapok",
															"renderPass": 1,
															"rotationOrigin": [ 0.0, 0.0, 0.0 ],
															"rotationY": 14.0,
															"faces": {
																"east": { "texture": "#leaf", "uv": [ 2.0, 6.5, 5.0, 12.5 ], "windMode": [5,5,5,5], "windData": [2,2,2,2] }
															}
														}
													]
												},
												{
													"name": "Frond BaseL3",
													"from": [ 0.0, 0.0, 0.0 ],
													"to": [ 0.0, 8.0, 3.0 ],
													"shade": false,
													"climateColorMap": "climatePlantTint",
								"seasonColorMap": "tropicalKapok",
													"renderPass": 1,
													"rotationOrigin": [ 0.0, 0.0, 0.0 ],
													"rotationY": 16.0,
													"faces": {
														"east": { "texture": "#leaf", "uv": [ 2.0, 8.0, 5.0, 16.0 ], "windMode": [5,5,5,5], "windData": [2,2,2,2] }
													}
												},
												{
													"name": "Frond BaseR3",
													"from": [ 0.0, 0.0, -3.0 ],
													"to": [ 0.0, 8.0, 0.0 ],
													"shade": false,
													"climateColorMap": "climatePlantTint",
								"seasonColorMap": "tropicalKapok",
													"renderPass": 1,
													"rotationOrigin": [ 0.0, 0.0, 0.0 ],
													"rotationY": -16.0,
													"faces": {
														"east": { "texture": "#leaf", "uv": [ 5.0, 8.0, 8.0, 16.0 ], "windMode": [5,5,5,5], "windData": [2,2,2,2] }
													}
												}
											]
										}
									]
								}
							]
						}
					]
				}
			]
		},
		{
			"name": "Frond Root 4",
			"from": [ 8.0, 0.0, 8.0 ],
			"to": [ 8.0, 0.0, 8.0 ],
			"renderPass": 1,
			"rotationOrigin": [ 8.0, 0.0, 8.0 ],
			"rotationY": -66.0,
			"faces": {
			},
			"children": [
				{
					"name": "Frond Base 4",
					"from": [ -1.0, 0.0, -0.4 ],
					"to": [ -0.4, 11.0, 0.6 ],
					"shade": false,
					"climateColorMap": "climatePlantTint",
"seasonColorMap": "tropicalKapok",
					"renderPass": 1,
					"rotationOrigin": [ -1.0, 0.0, -0.4 ],
					"rotationZ": 4.0,
					"faces": {
						"north": { "texture": "#leaf", "uv": [ 1.0, 4.0, 1.5, 15.0 ], "windMode": [0,5,5,0] },
						"south": { "texture": "#leaf", "uv": [ 1.5, 4.0, 2.0, 15.0 ], "windMode": [0,0,5,5] },
						"west": { "texture": "#leaf", "uv": [ 1.0, 4.0, 2.0, 15.0 ], "windMode": [0,0,5,5] }
					},
					"children": [
						{
							"name": "Frond Stem 4",
							"from": [ 0.0, 10.7, 0.1 ],
							"to": [ 0.5, 22.7, 0.9 ],
							"shade": false,
							"climateColorMap": "climatePlantTint",
		"seasonColorMap": "tropicalKapok",
							"renderPass": 1,
							"rotationOrigin": [ 0.0, 10.7, 0.1 ],
							"rotationZ": 6.0,
							"faces": {
								"north": { "texture": "#leaf", "uv": [ 0.0, 4.0, 0.5, 16.0 ], "windMode": [5,5,5,5], "windData": [0,1,1,0] },
								"south": { "texture": "#leaf", "uv": [ 0.5, 4.0, 1.0, 16.0 ], "windMode": [5,5,5,5], "windData": [0,0,1,1] },
								"west": { "texture": "#leaf", "uv": [ 0.0, 4.0, 0.5, 16.0 ], "windMode": [5,5,5,5], "windData": [0,0,1,1] }
							},
							"children": [
								{
									"name": "Frond second Stem 4",
									"from": [ 0.0, 11.7, 0.0 ],
									"to": [ 0.5, 23.7, 0.8 ],
									"shade": false,
									"climateColorMap": "climatePlantTint",
				"seasonColorMap": "tropicalKapok",
									"renderPass": 2,
									"rotationOrigin": [ 0.0, 11.7, 0.0 ],
									"rotationZ": 8.0,
									"faces": {
										"north": { "texture": "#leaf", "uv": [ 0.0, 4.0, 0.5, 16.0 ], "windMode": [5,5,5,5], "windData": [1,2,2,1] },
										"south": { "texture": "#leaf", "uv": [ 0.5, 4.0, 1.0, 16.0 ], "windMode": [5,5,5,5], "windData": [1,1,2,2] },
										"west": { "texture": "#leaf", "uv": [ 0.0, 4.0, 0.5, 16.0 ], "windMode": [5,5,5,5], "windData": [1,1,2,2] }
									},
									"children": [
										{
											"name": "Frond Segment 1 4",
											"from": [ 0.0, 12.0, 0.4 ],
											"to": [ 0.0, 12.0, 0.4 ],
											"shade": false,
											"renderPass": 1,
											"rotationOrigin": [ 0.0, 12.0, 0.4 ],
											"rotationZ": 12.0,
											"faces": {
											},
											"children": [
												{
													"name": "Frond Segment 2 4",
													"from": [ 0.0, 8.0, 0.0 ],
													"to": [ 0.0, 8.0, 0.0 ],
													"renderPass": 1,
													"rotationOrigin": [ 0.0, 8.0, 0.0 ],
													"rotationZ": 9.0,
													"faces": {
													},
													"children": [
														{
															"name": "Frond Segment 3 4",
															"from": [ 0.0, 6.0, 0.0 ],
															"to": [ 0.0, 6.0, 0.0 ],
															"renderPass": 1,
															"rotationOrigin": [ 0.0, 6.0, 0.0 ],
															"rotationZ": 11.0,
															"faces": {
															},
															"children": [
																{
																	"name": "Frond EndL4",
																	"from": [ 0.0, 0.0, 0.0 ],
																	"to": [ 0.0, 8.0, 3.0 ],
																	"shade": false,
																	"climateColorMap": "climatePlantTint",
												"seasonColorMap": "tropicalKapok",
																	"renderPass": 1,
																	"rotationOrigin": [ 0.0, 0.0, 0.0 ],
																	"rotationY": 14.0,
																	"faces": {
																		"east": { "texture": "#leaf", "uv": [ 2.0, 0.0, 5.0, 8.0 ], "windMode": [5,5,5,5], "windData": [2,3,3,2] }
																	}
																},
																{
																	"name": "Frond EndR4",
																	"from": [ 0.0, 0.0, -3.0 ],
																	"to": [ 0.0, 8.0, 0.0 ],
																	"shade": false,
																	"climateColorMap": "climatePlantTint",
												"seasonColorMap": "tropicalKapok",
																	"renderPass": 1,
																	"rotationOrigin": [ 0.0, 0.0, 0.0 ],
																	"rotationY": -14.0,
																	"faces": {
																		"east": { "texture": "#leaf", "uv": [ 5.0, 0.0, 8.0, 8.0 ], "windMode": [5,5,5,5], "windData": [2,3,3,2] }
																	}
																}
															]
														},
														{
															"name": "Frond MiddleR4",
															"from": [ 0.0, 0.0, -3.0 ],
															"to": [ 0.0, 6.0, 0.0 ],
															"shade": false,
															"climateColorMap": "climatePlantTint",
										"seasonColorMap": "tropicalKapok",
															"renderPass": 1,
															"rotationOrigin": [ 0.0, 0.0, 0.0 ],
															"rotationY": -14.0,
															"faces": {
																"east": { "texture": "#leaf", "uv": [ 5.0, 6.5, 8.0, 12.5 ], "windMode": [5,5,5,5], "windData": [2,2,2,2] }
															}
														},
														{
															"name": "Frond MiddleL4",
															"from": [ 0.0, 0.0, 0.0 ],
															"to": [ 0.0, 6.0, 3.0 ],
															"shade": false,
															"climateColorMap": "climatePlantTint",
										"seasonColorMap": "tropicalKapok",
															"renderPass": 1,
															"rotationOrigin": [ 0.0, 0.0, 0.0 ],
															"rotationY": 14.0,
															"faces": {
																"east": { "texture": "#leaf", "uv": [ 2.0, 6.5, 5.0, 12.5 ], "windMode": [5,5,5,5], "windData": [2,2,2,2] }
															}
														}
													]
												},
												{
													"name": "Frond BaseL4",
													"from": [ 0.0, 0.0, 0.0 ],
													"to": [ 0.0, 8.0, 3.0 ],
													"shade": false,
													"climateColorMap": "climatePlantTint",
								"seasonColorMap": "tropicalKapok",
													"renderPass": 1,
													"rotationOrigin": [ 0.0, 0.0, 0.0 ],
													"rotationY": 16.0,
													"faces": {
														"east": { "texture": "#leaf", "uv": [ 2.0, 8.0, 5.0, 16.0 ], "windMode": [5,5,5,5], "windData": [2,2,2,2] }
													}
												},
												{
													"name": "Frond BaseR4",
													"from": [ 0.0, 0.0, -3.0 ],
													"to": [ 0.0, 8.0, 0.0 ],
													"shade": false,
													"climateColorMap": "climatePlantTint",
								"seasonColorMap": "tropicalKapok",
													"renderPass": 1,
													"rotationOrigin": [ 0.0, 0.0, 0.0 ],
													"rotationY": -16.0,
													"faces": {
														"east": { "texture": "#leaf", "uv": [ 5.0, 8.0, 8.0, 16.0 ], "windMode": [5,5,5,5], "windData": [2,2,2,2] }
													}
												}
											]
										},
										{
											"name": "Flower4",
											"from": [ -1.5, 0.1, 0.4 ],
											"to": [ 2.5, 8.1, 0.4 ],
											"shade": false,
											"renderPass": 1,
											"rotationOrigin": [ 0.5, 0.1, 0.4 ],
											"rotationX": 17.0,
											"rotationY": 47.0,
											"rotationZ": -22.0,
											"faces": {
												"south": { "texture": "#flower", "uv": [ 0.0, 0.0, 4.0, 8.0 ], "windMode": [5,5,5,5], "windData": [1,1,1,1] }
											}
										}
									]
								}
							]
						}
					]
				}
			]
		},
		{
			"name": "Frond Root 5",
			"from": [ 8.0, 0.0, 8.0 ],
			"to": [ 8.0, 0.0, 8.0 ],
			"renderPass": 1,
			"rotationOrigin": [ 8.0, 0.0, 8.0 ],
			"rotationY": 155.0,
			"faces": {
			},
			"children": [
				{
					"name": "Frond Base 5",
					"from": [ -1.0, 0.0, -0.4 ],
					"to": [ -0.4, 6.0, 0.6 ],
					"shade": false,
					"climateColorMap": "climatePlantTint",
"seasonColorMap": "tropicalKapok",
					"renderPass": 1,
					"rotationOrigin": [ -1.0, 0.0, -0.4 ],
					"rotationZ": 4.0,
					"faces": {
						"north": { "texture": "#leaf", "uv": [ 1.0, 4.0, 1.5, 10.0 ], "windMode": [0,5,5,0] },
						"south": { "texture": "#leaf", "uv": [ 1.5, 4.0, 2.0, 10.0 ], "windMode": [0,0,5,5] },
						"west": { "texture": "#leaf", "uv": [ 1.0, 4.0, 2.0, 10.0 ], "windMode": [0,0,5,5] }
					},
					"children": [
						{
							"name": "Frond Stem 5",
							"from": [ 0.0, 5.7, 0.1 ],
							"to": [ 0.5, 13.7, 0.9 ],
							"shade": false,
							"climateColorMap": "climatePlantTint",
		"seasonColorMap": "tropicalKapok",
							"renderPass": 1,
							"rotationOrigin": [ 0.0, 5.7, 0.1 ],
							"rotationZ": 6.0,
							"faces": {
								"north": { "texture": "#leaf", "uv": [ 0.0, 4.0, 0.5, 12.0 ], "windMode": [5,5,5,5] },
								"south": { "texture": "#leaf", "uv": [ 0.5, 4.0, 1.0, 12.0 ], "windMode": [5,5,5,5] },
								"west": { "texture": "#leaf", "uv": [ 0.0, 4.0, 0.5, 12.0 ], "windMode": [5,5,5,5] }
							},
							"children": [
								{
									"name": "Frond second Stem 5",
									"from": [ 0.0, 7.7, 0.0 ],
									"to": [ 0.5, 19.7, 0.8 ],
									"shade": false,
									"climateColorMap": "climatePlantTint",
				"seasonColorMap": "tropicalKapok",
									"renderPass": 2,
									"rotationOrigin": [ 0.0, 7.7, 0.0 ],
									"rotationZ": 8.0,
									"faces": {
										"north": { "texture": "#leaf", "uv": [ 0.0, 4.0, 0.5, 16.0 ], "windMode": [5,5,5,5], "windData": [0,1,1,0] },
										"south": { "texture": "#leaf", "uv": [ 0.5, 4.0, 1.0, 16.0 ], "windMode": [5,5,5,5], "windData": [0,0,1,1] },
										"west": { "texture": "#leaf", "uv": [ 0.0, 4.0, 0.5, 16.0 ], "windMode": [5,5,5,5], "windData": [0,0,1,1] }
									},
									"children": [
										{
											"name": "Frond Segment 1 5",
											"from": [ 0.0, 12.0, 0.4 ],
											"to": [ 0.0, 12.0, 0.4 ],
											"shade": false,
											"renderPass": 1,
											"rotationOrigin": [ 0.0, 12.0, 0.4 ],
											"rotationZ": 12.0,
											"faces": {
											},
											"children": [
												{
													"name": "Frond Segment 2 5",
													"from": [ 0.0, 8.0, 0.0 ],
													"to": [ 0.0, 8.0, 0.0 ],
													"renderPass": 1,
													"rotationOrigin": [ 0.0, 8.0, 0.0 ],
													"rotationZ": 9.0,
													"faces": {
													},
													"children": [
														{
															"name": "Frond Segment 3 5",
															"from": [ 0.0, 6.0, 0.0 ],
															"to": [ 0.0, 6.0, 0.0 ],
															"renderPass": 1,
															"rotationOrigin": [ 0.0, 6.0, 0.0 ],
															"rotationZ": 11.0,
															"faces": {
															},
															"children": [
																{
																	"name": "Frond EndL5",
																	"from": [ 0.0, 0.0, 0.0 ],
																	"to": [ 0.0, 8.0, 3.0 ],
																	"shade": false,
																	"climateColorMap": "climatePlantTint",
												"seasonColorMap": "tropicalKapok",
																	"renderPass": 1,
																	"rotationOrigin": [ 0.0, 0.0, 0.0 ],
																	"rotationY": 14.0,
																	"faces": {
																		"east": { "texture": "#leaf", "uv": [ 2.0, 0.0, 5.0, 8.0 ], "windMode": [5,5,5,5], "windData": [2,2,2,2] }
																	}
																},
																{
																	"name": "Frond EndR5",
																	"from": [ 0.0, 0.0, -3.0 ],
																	"to": [ 0.0, 8.0, 0.0 ],
																	"shade": false,
																	"climateColorMap": "climatePlantTint",
												"seasonColorMap": "tropicalKapok",
																	"renderPass": 1,
																	"rotationOrigin": [ 0.0, 0.0, 0.0 ],
																	"rotationY": -14.0,
																	"faces": {
																		"east": { "texture": "#leaf", "uv": [ 5.0, 0.0, 8.0, 8.0 ], "windMode": [5,5,5,5], "windData": [2,2,2,2] }
																	}
																}
															]
														},
														{
															"name": "Frond MiddleR5",
															"from": [ 0.0, 0.0, -3.0 ],
															"to": [ 0.0, 6.0, 0.0 ],
															"shade": false,
															"climateColorMap": "climatePlantTint",
										"seasonColorMap": "tropicalKapok",
															"renderPass": 1,
															"rotationOrigin": [ 0.0, 0.0, 0.0 ],
															"rotationY": -14.0,
															"faces": {
																"east": { "texture": "#leaf", "uv": [ 5.0, 6.5, 8.0, 12.5 ], "windMode": [5,5,5,5], "windData": [2,2,2,1] }
															}
														},
														{
															"name": "Frond MiddleL5",
															"from": [ 0.0, 0.0, 0.0 ],
															"to": [ 0.0, 6.0, 3.0 ],
															"shade": false,
															"climateColorMap": "climatePlantTint",
										"seasonColorMap": "tropicalKapok",
															"renderPass": 1,
															"rotationOrigin": [ 0.0, 0.0, 0.0 ],
															"rotationY": 14.0,
															"faces": {
																"east": { "texture": "#leaf", "uv": [ 2.0, 6.5, 5.0, 12.5 ], "windMode": [5,5,5,5], "windData": [1,2,2,2] }
															}
														}
													]
												},
												{
													"name": "Frond BaseL5",
													"from": [ 0.0, 0.0, 0.0 ],
													"to": [ 0.0, 8.0, 3.0 ],
													"shade": false,
													"climateColorMap": "climatePlantTint",
								"seasonColorMap": "tropicalKapok",
													"renderPass": 1,
													"rotationOrigin": [ 0.0, 0.0, 0.0 ],
													"rotationY": 16.0,
													"faces": {
														"east": { "texture": "#leaf", "uv": [ 2.0, 8.0, 5.0, 16.0 ], "windMode": [5,5,5,5], "windData": [1,1,2,1] }
													}
												},
												{
													"name": "Frond BaseR5",
													"from": [ 0.0, 0.0, -3.0 ],
													"to": [ 0.0, 8.0, 0.0 ],
													"shade": false,
													"climateColorMap": "climatePlantTint",
								"seasonColorMap": "tropicalKapok",
													"renderPass": 1,
													"rotationOrigin": [ 0.0, 0.0, 0.0 ],
													"rotationY": -16.0,
													"faces": {
														"east": { "texture": "#leaf", "uv": [ 5.0, 8.0, 8.0, 16.0 ], "windMode": [5,5,5,5], "windData": [1,2,1,1] }
													}
												}
											]
										},
										{
											"name": "Flower5",
											"from": [ -1.5, 0.1, 0.4 ],
											"to": [ 2.5, 8.1, 0.4 ],
											"shade": false,
											"renderPass": 1,
											"rotationOrigin": [ 0.5, 0.1, 0.4 ],
											"rotationX": 17.0,
											"rotationY": 47.0,
											"rotationZ": -22.0,
											"faces": {
												"south": { "texture": "#flower", "uv": [ 0.0, 0.0, 4.0, 8.0 ], "windMode": [5,5,5,5], "windData": [0,0,1,1] }
											}
										}
									]
								}
							]
						}
					]
				}
			]
		},
		{
			"name": "Frond Root 6",
			"from": [ 8.0, 0.0, 8.0 ],
			"to": [ 8.0, 0.0, 8.0 ],
			"renderPass": 1,
			"rotationOrigin": [ 8.0, 0.0, 8.0 ],
			"rotationY": 36.0,
			"faces": {
			},
			"children": [
				{
					"name": "Frond Base 6",
					"from": [ -1.0, 0.0, -0.4 ],
					"to": [ -0.4, 6.0, 0.6 ],
					"shade": false,
					"climateColorMap": "climatePlantTint",
"seasonColorMap": "tropicalKapok",
					"renderPass": 1,
					"rotationOrigin": [ -1.0, 0.0, -0.4 ],
					"rotationZ": 6.0,
					"faces": {
						"north": { "texture": "#leaf", "uv": [ 1.0, 4.0, 1.5, 10.0 ], "windMode": [0,5,5,0] },
						"south": { "texture": "#leaf", "uv": [ 1.5, 4.0, 2.0, 10.0 ], "windMode": [0,0,5,5] },
						"west": { "texture": "#leaf", "uv": [ 1.0, 4.0, 2.0, 10.0 ], "windMode": [0,0,5,5] }
					},
					"children": [
						{
							"name": "Frond Stem 6",
							"from": [ 0.0, 5.7, 0.1 ],
							"to": [ 0.5, 13.7, 0.9 ],
							"shade": false,
							"climateColorMap": "climatePlantTint",
		"seasonColorMap": "tropicalKapok",
							"renderPass": 1,
							"rotationOrigin": [ 0.0, 5.7, 0.1 ],
							"rotationZ": 6.0,
							"faces": {
								"north": { "texture": "#leaf", "uv": [ 0.0, 4.0, 0.5, 12.0 ], "windMode": [5,5,5,5] },
								"south": { "texture": "#leaf", "uv": [ 0.5, 4.0, 1.0, 12.0 ], "windMode": [5,5,5,5] },
								"west": { "texture": "#leaf", "uv": [ 0.0, 4.0, 0.5, 12.0 ], "windMode": [5,5,5,5] }
							},
							"children": [
								{
									"name": "Frond second Stem 6",
									"from": [ 0.0, 7.7, 0.0 ],
									"to": [ 0.5, 19.7, 0.8 ],
									"shade": false,
									"climateColorMap": "climatePlantTint",
				"seasonColorMap": "tropicalKapok",
									"renderPass": 2,
									"rotationOrigin": [ 0.0, 7.7, 0.0 ],
									"rotationZ": 8.0,
									"faces": {
										"north": { "texture": "#leaf", "uv": [ 0.0, 4.0, 0.5, 16.0 ], "windMode": [5,5,5,5], "windData": [0,1,1,0] },
										"south": { "texture": "#leaf", "uv": [ 0.5, 4.0, 1.0, 16.0 ], "windMode": [5,5,5,5], "windData": [0,0,1,1] },
										"west": { "texture": "#leaf", "uv": [ 0.0, 4.0, 0.5, 16.0 ], "windMode": [5,5,5,5], "windData": [0,0,1,1] }
									},
									"children": [
										{
											"name": "Frond Segment 1 6",
											"from": [ 0.0, 12.0, 0.4 ],
											"to": [ 0.0, 12.0, 0.4 ],
											"shade": false,
											"renderPass": 1,
											"rotationOrigin": [ 0.0, 12.0, 0.4 ],
											"rotationZ": 25.0,
											"faces": {
											},
											"children": [
												{
													"name": "Frond Segment 2 6",
													"from": [ 0.0, 8.0, 0.0 ],
													"to": [ 0.0, 8.0, 0.0 ],
													"renderPass": 1,
													"rotationOrigin": [ 0.0, 8.0, 0.0 ],
													"rotationZ": 9.0,
													"faces": {
													},
													"children": [
														{
															"name": "Frond Segment 3 6",
															"from": [ 0.0, 6.0, 0.0 ],
															"to": [ 0.0, 6.0, 0.0 ],
															"renderPass": 1,
															"rotationOrigin": [ 0.0, 6.0, 0.0 ],
															"rotationZ": 11.0,
															"faces": {
															},
															"children": [
																{
																	"name": "Frond EndL6",
																	"from": [ 0.0, 0.0, 0.0 ],
																	"to": [ 0.0, 8.0, 3.0 ],
																	"shade": false,
																	"climateColorMap": "climatePlantTint",
												"seasonColorMap": "tropicalKapok",
																	"renderPass": 1,
																	"rotationOrigin": [ 0.0, 0.0, 0.0 ],
																	"rotationY": 14.0,
																	"faces": {
																		"east": { "texture": "#leaf", "uv": [ 2.0, 0.0, 5.0, 8.0 ], "windMode": [5,5,5,5], "windData": [2,2,2,2] }
																	}
																},
																{
																	"name": "Frond EndR6",
																	"from": [ 0.0, 0.0, -3.0 ],
																	"to": [ 0.0, 8.0, 0.0 ],
																	"shade": false,
																	"climateColorMap": "climatePlantTint",
												"seasonColorMap": "tropicalKapok",
																	"renderPass": 1,
																	"rotationOrigin": [ 0.0, 0.0, 0.0 ],
																	"rotationY": -14.0,
																	"faces": {
																		"east": { "texture": "#leaf", "uv": [ 5.0, 0.0, 8.0, 8.0 ], "windMode": [5,5,5,5], "windData": [2,2,2,2] }
																	}
																}
															]
														},
														{
															"name": "Frond MiddleR6",
															"from": [ 0.0, 0.0, -3.0 ],
															"to": [ 0.0, 6.0, 0.0 ],
															"shade": false,
															"climateColorMap": "climatePlantTint",
										"seasonColorMap": "tropicalKapok",
															"renderPass": 1,
															"rotationOrigin": [ 0.0, 0.0, 0.0 ],
															"rotationY": -14.0,
															"faces": {
																"east": { "texture": "#leaf", "uv": [ 5.0, 6.5, 8.0, 12.5 ], "windMode": [5,5,5,5], "windData": [1,2,2,1] }
															}
														},
														{
															"name": "Frond MiddleL6",
															"from": [ 0.0, 0.0, 0.0 ],
															"to": [ 0.0, 6.0, 3.0 ],
															"shade": false,
															"climateColorMap": "climatePlantTint",
										"seasonColorMap": "tropicalKapok",
															"renderPass": 1,
															"rotationOrigin": [ 0.0, 0.0, 0.0 ],
															"rotationY": 14.0,
															"faces": {
																"east": { "texture": "#leaf", "uv": [ 2.0, 6.5, 5.0, 12.5 ], "windMode": [5,5,5,5], "windData": [1,2,2,1] }
															}
														}
													]
												},
												{
													"name": "Frond BaseL6",
													"from": [ 0.0, 0.0, 0.0 ],
													"to": [ 0.0, 8.0, 3.0 ],
													"shade": false,
													"climateColorMap": "climatePlantTint",
								"seasonColorMap": "tropicalKapok",
													"renderPass": 1,
													"rotationOrigin": [ 0.0, 0.0, 0.0 ],
													"rotationY": 16.0,
													"faces": {
														"east": { "texture": "#leaf", "uv": [ 2.0, 8.0, 5.0, 16.0 ], "windMode": [5,5,5,5], "windData": [1,1,1,1] }
													}
												},
												{
													"name": "Frond BaseR6",
													"from": [ 0.0, 0.0, -3.0 ],
													"to": [ 0.0, 8.0, 0.0 ],
													"shade": false,
													"climateColorMap": "climatePlantTint",
								"seasonColorMap": "tropicalKapok",
													"renderPass": 1,
													"rotationOrigin": [ 0.0, 0.0, 0.0 ],
													"rotationY": -16.0,
													"faces": {
														"east": { "texture": "#leaf", "uv": [ 5.0, 8.0, 8.0, 16.0 ], "windMode": [5,5,5,5], "windData": [1,1,1,1] }
													}
												}
											]
										}
									]
								}
							]
						}
					]
				}
			]
		},
		{
			"name": "Frond Root 7",
			"from": [ 8.0, 0.0, 8.0 ],
			"to": [ 8.0, 0.0, 8.0 ],
			"renderPass": 1,
			"rotationOrigin": [ 8.0, 0.0, 8.0 ],
			"rotationY": -130.0,
			"faces": {
			},
			"children": [
				{
					"name": "Frond Base 7",
					"from": [ -1.0, 0.0, -0.4 ],
					"to": [ -0.4, 6.0, 0.6 ],
					"shade": false,
					"climateColorMap": "climatePlantTint",
"seasonColorMap": "tropicalKapok",
					"renderPass": 1,
					"rotationOrigin": [ -1.0, 0.0, -0.4 ],
					"rotationZ": 6.0,
					"faces": {
						"north": { "texture": "#leaf", "uv": [ 1.0, 4.0, 1.5, 10.0 ], "windMode": [0,5,5,0] },
						"south": { "texture": "#leaf", "uv": [ 1.5, 4.0, 2.0, 10.0 ], "windMode": [0,0,5,5] },
						"west": { "texture": "#leaf", "uv": [ 1.0, 4.0, 2.0, 10.0 ], "windMode": [0,0,5,5] }
					},
					"children": [
						{
							"name": "Frond Stem 7",
							"from": [ 0.0, 5.7, 0.1 ],
							"to": [ 0.5, 13.7, 0.9 ],
							"shade": false,
							"climateColorMap": "climatePlantTint",
		"seasonColorMap": "tropicalKapok",
							"renderPass": 1,
							"rotationOrigin": [ 0.0, 5.7, 0.1 ],
							"rotationZ": 12.0,
							"faces": {
								"north": { "texture": "#leaf", "uv": [ 0.0, 4.0, 0.5, 12.0 ], "windMode": [5,5,5,5] },
								"south": { "texture": "#leaf", "uv": [ 0.5, 4.0, 1.0, 12.0 ], "windMode": [5,5,5,5] },
								"west": { "texture": "#leaf", "uv": [ 0.0, 4.0, 0.5, 12.0 ], "windMode": [5,5,5,5] }
							},
							"children": [
								{
									"name": "Frond second Stem 7",
									"from": [ 0.0, 7.7, 0.0 ],
									"to": [ 0.5, 17.7, 0.8 ],
									"shade": false,
									"climateColorMap": "climatePlantTint",
				"seasonColorMap": "tropicalKapok",
									"renderPass": 2,
									"rotationOrigin": [ 0.0, 7.7, 0.0 ],
									"rotationZ": 8.0,
									"faces": {
										"north": { "texture": "#leaf", "uv": [ 0.0, 4.0, 0.5, 14.0 ], "windMode": [5,5,5,5], "windData": [0,1,1,0] },
										"south": { "texture": "#leaf", "uv": [ 0.5, 4.0, 1.0, 14.0 ], "windMode": [5,5,5,5], "windData": [0,0,1,1] },
										"west": { "texture": "#leaf", "uv": [ 0.0, 4.0, 0.5, 14.0 ], "windMode": [5,5,5,5], "windData": [0,0,1,1] }
									},
									"children": [
										{
											"name": "Frond Segment 1 7",
											"from": [ 0.0, 10.0, 0.4 ],
											"to": [ 0.0, 10.0, 0.4 ],
											"shade": false,
											"renderPass": 1,
											"rotationOrigin": [ 0.0, 10.0, 0.4 ],
											"rotationZ": 25.0,
											"faces": {
											},
											"children": [
												{
													"name": "Frond Segment 2 7",
													"from": [ 0.0, 8.0, 0.0 ],
													"to": [ 0.0, 8.0, 0.0 ],
													"renderPass": 1,
													"rotationOrigin": [ 0.0, 8.0, 0.0 ],
													"rotationZ": 9.0,
													"faces": {
													},
													"children": [
														{
															"name": "Frond Segment 3 7",
															"from": [ 0.0, 6.0, 0.0 ],
															"to": [ 0.0, 6.0, 0.0 ],
															"renderPass": 1,
															"rotationOrigin": [ 0.0, 6.0, 0.0 ],
															"rotationZ": 11.0,
															"faces": {
															},
															"children": [
																{
																	"name": "Frond EndL7",
																	"from": [ 0.0, 0.0, 0.0 ],
																	"to": [ 0.0, 8.0, 3.0 ],
																	"shade": false,
																	"climateColorMap": "climatePlantTint",
												"seasonColorMap": "tropicalKapok",
																	"renderPass": 1,
																	"rotationOrigin": [ 0.0, 0.0, 0.0 ],
																	"rotationY": 14.0,
																	"faces": {
																		"east": { "texture": "#leaf", "uv": [ 2.0, 0.0, 5.0, 8.0 ], "windMode": [5,5,5,5], "windData": [1,2,2,1] }
																	}
																},
																{
																	"name": "Frond EndR7",
																	"from": [ 0.0, 0.0, -3.0 ],
																	"to": [ 0.0, 8.0, 0.0 ],
																	"shade": false,
																	"climateColorMap": "climatePlantTint",
												"seasonColorMap": "tropicalKapok",
																	"renderPass": 1,
																	"rotationOrigin": [ 0.0, 0.0, 0.0 ],
																	"rotationY": -14.0,
																	"faces": {
																		"east": { "texture": "#leaf", "uv": [ 5.0, 0.0, 8.0, 8.0 ], "windMode": [5,5,5,5], "windData": [1,2,2,1] }
																	}
																}
															]
														},
														{
															"name": "Frond MiddleR7",
															"from": [ 0.0, 0.0, -3.0 ],
															"to": [ 0.0, 6.0, 0.0 ],
															"shade": false,
															"climateColorMap": "climatePlantTint",
										"seasonColorMap": "tropicalKapok",
															"renderPass": 1,
															"rotationOrigin": [ 0.0, 0.0, 0.0 ],
															"rotationY": -14.0,
															"faces": {
																"east": { "texture": "#leaf", "uv": [ 5.0, 6.5, 8.0, 12.5 ], "windMode": [5,5,5,5], "windData": [1,1,1,1] }
															}
														},
														{
															"name": "Frond MiddleL7",
															"from": [ 0.0, 0.0, 0.0 ],
															"to": [ 0.0, 6.0, 3.0 ],
															"shade": false,
															"climateColorMap": "climatePlantTint",
										"seasonColorMap": "tropicalKapok",
															"renderPass": 1,
															"rotationOrigin": [ 0.0, 0.0, 0.0 ],
															"rotationY": 14.0,
															"faces": {
																"east": { "texture": "#leaf", "uv": [ 2.0, 6.5, 5.0, 12.5 ], "windMode": [5,5,5,5], "windData": [1,1,1,1] }
															}
														}
													]
												},
												{
													"name": "Frond BaseL7",
													"from": [ 0.0, 0.0, 0.0 ],
													"to": [ 0.0, 8.0, 3.0 ],
													"shade": false,
													"climateColorMap": "climatePlantTint",
								"seasonColorMap": "tropicalKapok",
													"renderPass": 1,
													"rotationOrigin": [ 0.0, 0.0, 0.0 ],
													"rotationY": 16.0,
													"faces": {
														"east": { "texture": "#leaf", "uv": [ 2.0, 8.0, 5.0, 16.0 ], "windMode": [5,5,5,5], "windData": [1,1,1,1] }
													}
												},
												{
													"name": "Frond BaseR7",
													"from": [ 0.0, 0.0, -3.0 ],
													"to": [ 0.0, 8.0, 0.0 ],
													"shade": false,
													"climateColorMap": "climatePlantTint",
								"seasonColorMap": "tropicalKapok",
													"renderPass": 1,
													"rotationOrigin": [ 0.0, 0.0, 0.0 ],
													"rotationY": -16.0,
													"faces": {
														"east": { "texture": "#leaf", "uv": [ 5.0, 8.0, 8.0, 16.0 ], "windMode": [5,5,5,5], "windData": [1,1,1,1] }
													}
												}
											]
										}
									]
								}
							]
						}
					]
				}
			]
		}
	]}