{
	"editor": {
		"collapsedPaths": "Root/Frond Base 1/Frond Stem 1",
		"allAngles": true,
		"entityTextureMode": false
	},
	"textureWidth": 4,
	"textureHeight": 8,
	"textureSizes": {
		"leaf": [8,16],
		"flower": [4,8]
	},
	"textures": {
	},
	"elements": [
		{
			"name": "Frond Root 1",
			"from": [ 8.0, 0.0, 8.0 ],
			"to": [ 8.0, 0.0, 8.0 ],
			"renderPass": 1,
			"rotationOrigin": [ 8.0, 0.0, 8.0 ],
			"faces": {
			},
			"children": [
				{
					"name": "Frond Base 1",
					"from": [ -0.8, 0.0, -0.32 ],
					"to": [ -0.32, 9.6, 0.48 ],
					"shade": false,
					"climateColorMap": "climatePlantTint",
					"seasonColorMap": "tropicalKapok",
					"renderPass": 1,
					"rotationOrigin": [ -0.8, 0.0, -0.32 ],
					"faces": {
						"north": { "texture": "#leaf", "uv": [ 1.0, 4.0, 1.5, 16.0 ], "autoUv": false, "windMode": [0,4,4,0] },
						"south": { "texture": "#leaf", "uv": [ 1.5, 4.0, 2.0, 16.0 ], "autoUv": false, "windMode": [0,0,4,4] },
						"west": { "texture": "#leaf", "uv": [ 1.0, 4.0, 2.0, 16.0 ], "autoUv": false, "windMode": [0,0,4,4] }
					},
					"children": [
						{
							"name": "Frond Stem 1",
							"from": [ 0.0, 9.36, 0.08 ],
							"to": [ 0.4, 18.96, 0.72 ],
							"shade": false,
							"climateColorMap": "climatePlantTint",
							"seasonColorMap": "tropicalKapok",
							"renderPass": 1,
							"rotationOrigin": [ 0.0, 9.36, 0.08 ],
							"rotationZ": 6.0,
							"faces": {
								"north": { "texture": "#leaf", "uv": [ 0.0, 4.0, 0.5, 16.0 ], "autoUv": false, "windMode": [4,4,4,4], "windData": [0,1,1,0] },
								"south": { "texture": "#leaf", "uv": [ 0.5, 4.0, 1.0, 16.0 ], "autoUv": false, "windMode": [4,4,4,4], "windData": [0,0,1,1] },
								"west": { "texture": "#leaf", "uv": [ 0.0, 4.0, 0.5, 16.0 ], "autoUv": false, "windMode": [4,4,4,4], "windData": [0,0,1,1] }
							},
							"children": [
								{
									"name": "Frond second Stem 1",
									"from": [ 0.0, 9.36, 0.0 ],
									"to": [ 0.4, 18.96, 0.64 ],
									"shade": false,
									"climateColorMap": "climatePlantTint",
									"seasonColorMap": "tropicalKapok",
									"renderPass": 2,
									"rotationOrigin": [ 0.0, 9.36, 0.0 ],
									"rotationZ": 8.0,
									"faces": {
										"north": { "texture": "#leaf", "uv": [ 0.0, 4.0, 0.5, 16.0 ], "autoUv": false, "windMode": [4,4,4,4], "windData": [1,1,1,1] },
										"south": { "texture": "#leaf", "uv": [ 0.5, 4.0, 1.0, 16.0 ], "autoUv": false, "windMode": [4,4,4,4], "windData": [1,1,1,1] },
										"west": { "texture": "#leaf", "uv": [ 0.0, 4.0, 0.5, 16.0 ], "autoUv": false, "windMode": [4,4,4,4], "windData": [1,1,1,1] }
									},
									"children": [
										{
											"name": "Frond Segment 1 1",
											"from": [ 0.0, 9.6, 0.32 ],
											"to": [ 0.0, 9.6, 0.32 ],
											"shade": false,
											"renderPass": 1,
											"rotationOrigin": [ 0.0, 9.6, 0.32 ],
											"rotationZ": 12.0,
											"faces": {
											},
											"children": [
												{
													"name": "Frond Segment 2 1",
													"from": [ 0.0, 6.4, 0.0 ],
													"to": [ 0.0, 6.4, 0.0 ],
													"renderPass": 1,
													"rotationOrigin": [ 0.0, 6.4, 0.0 ],
													"rotationZ": 9.0,
													"faces": {
													},
													"children": [
														{
															"name": "Frond Segment 3 1",
															"from": [ 0.0, 4.8, 0.0 ],
															"to": [ 0.0, 4.8, 0.0 ],
															"renderPass": 1,
															"rotationOrigin": [ 0.0, 4.8, 0.0 ],
															"rotationZ": 11.0,
															"faces": {
															},
															"children": [
																{
																	"name": "Frond EndL1",
																	"from": [ 0.0, 0.0, 0.0 ],
																	"to": [ 0.0, 6.4, 2.4 ],
																	"shade": false,
																	"climateColorMap": "climatePlantTint",
																	"seasonColorMap": "tropicalKapok",
																	"renderPass": 1,
																	"rotationOrigin": [ 0.0, 0.0, 0.0 ],
																	"rotationY": 14.0,
																	"faces": {
																		"east": { "texture": "#leaf", "uv": [ 2.0, 0.0, 5.0, 8.0 ], "autoUv": false, "windMode": [4,4,4,4], "windData": [2,2,2,2] }
																	}
																},
																{
																	"name": "Frond EndR1",
																	"from": [ 0.0, 0.0, -2.4 ],
																	"to": [ 0.0, 6.4, 0.0 ],
																	"shade": false,
																	"climateColorMap": "climatePlantTint",
																	"seasonColorMap": "tropicalKapok",
																	"renderPass": 1,
																	"rotationOrigin": [ 0.0, 0.0, 0.0 ],
																	"rotationY": -14.0,
																	"faces": {
																		"east": { "texture": "#leaf", "uv": [ 5.0, 0.0, 8.0, 8.0 ], "autoUv": false, "windMode": [4,4,4,4], "windData": [2,2,2,2] }
																	}
																}
															]
														},
														{
															"name": "Frond MiddleR1",
															"from": [ 0.0, 0.0, -2.4 ],
															"to": [ 0.0, 4.8, 0.0 ],
															"shade": false,
															"climateColorMap": "climatePlantTint",
															"seasonColorMap": "tropicalKapok",
															"renderPass": 1,
															"rotationOrigin": [ 0.0, 0.0, 0.0 ],
															"rotationY": -14.0,
															"faces": {
																"east": { "texture": "#leaf", "uv": [ 5.0, 6.5, 8.0, 12.5 ], "autoUv": false, "windMode": [4,4,4,4], "windData": [2,2,2,2] }
															}
														},
														{
															"name": "Frond MiddleL1",
															"from": [ 0.0, 0.0, 0.0 ],
															"to": [ 0.0, 4.8, 2.4 ],
															"shade": false,
															"climateColorMap": "climatePlantTint",
															"seasonColorMap": "tropicalKapok",
															"renderPass": 1,
															"rotationOrigin": [ 0.0, 0.0, 0.0 ],
															"rotationY": 14.0,
															"faces": {
																"east": { "texture": "#leaf", "uv": [ 2.0, 6.5, 5.0, 12.5 ], "autoUv": false, "windMode": [4,4,4,4], "windData": [2,2,2,2] }
															}
														}
													]
												},
												{
													"name": "Frond BaseL1",
													"from": [ 0.0, 0.0, 0.0 ],
													"to": [ 0.0, 6.4, 2.4 ],
													"shade": false,
													"climateColorMap": "climatePlantTint",
													"seasonColorMap": "tropicalKapok",
													"renderPass": 1,
													"rotationOrigin": [ 0.0, 0.0, 0.0 ],
													"rotationY": 16.0,
													"faces": {
														"east": { "texture": "#leaf", "uv": [ 2.0, 8.0, 5.0, 16.0 ], "autoUv": false, "windMode": [4,4,4,4], "windData": [1,2,2,1] }
													}
												},
												{
													"name": "Frond BaseR1",
													"from": [ 0.0, 0.0, -2.4 ],
													"to": [ 0.0, 6.4, 0.0 ],
													"shade": false,
													"climateColorMap": "climatePlantTint",
													"seasonColorMap": "tropicalKapok",
													"renderPass": 1,
													"rotationOrigin": [ 0.0, 0.0, 0.0 ],
													"rotationY": -16.0,
													"faces": {
														"east": { "texture": "#leaf", "uv": [ 5.0, 8.0, 8.0, 16.0 ], "autoUv": false, "windMode": [4,4,4,4], "windData": [1,2,2,1] }
													}
												}
											]
										},
										{
											"name": "Flower",
											"from": [ -1.2, 0.08, 0.32 ],
											"to": [ 2.0, 6.48, 0.32 ],
											"shade": false,
											"renderPass": 1,
											"rotationOrigin": [ 0.4, 0.08, 0.32 ],
											"rotationX": 17.0,
											"rotationY": 47.0,
											"rotationZ": -22.0,
											"faces": {
												"south": { "texture": "#flower", "uv": [ 0.0, 0.0, 4.0, 8.0 ], "autoUv": false, "windMode": [4,4,4,4], "windData": [1,1,1,1] }
											}
										}
									]
								}
							]
						}
					]
				}
			]
		},
		{
			"name": "Frond Root 2",
			"from": [ 8.0, 0.0, 8.0 ],
			"to": [ 8.0, 0.0, 8.0 ],
			"renderPass": 1,
			"rotationOrigin": [ 8.0, 0.0, 8.0 ],
			"rotationY": -97.0,
			"faces": {
			},
			"children": [
				{
					"name": "Frond Base 2",
					"from": [ -0.64, 0.0, -0.256 ],
					"to": [ -0.256, 7.68, 0.384 ],
					"shade": false,
					"climateColorMap": "climatePlantTint",
					"seasonColorMap": "tropicalKapok",
					"renderPass": 1,
					"rotationOrigin": [ -0.64, 0.0, -0.256 ],
					"faces": {
						"north": { "texture": "#leaf", "uv": [ 1.0, 4.0, 1.5, 16.0 ], "autoUv": false, "windMode": [0,4,4,0] },
						"south": { "texture": "#leaf", "uv": [ 1.5, 4.0, 2.0, 16.0 ], "autoUv": false, "windMode": [0,0,4,4] },
						"west": { "texture": "#leaf", "uv": [ 1.0, 4.0, 2.0, 16.0 ], "autoUv": false, "windMode": [0,0,4,4] }
					},
					"children": [
						{
							"name": "Frond Stem 2",
							"from": [ 0.0, 7.488, 0.064 ],
							"to": [ 0.32, 15.168, 0.576 ],
							"shade": false,
							"climateColorMap": "climatePlantTint",
							"seasonColorMap": "tropicalKapok",
							"renderPass": 1,
							"rotationOrigin": [ 0.0, 7.488, 0.064 ],
							"rotationZ": 6.0,
							"faces": {
								"north": { "texture": "#leaf", "uv": [ 0.0, 4.0, 0.5, 16.0 ], "autoUv": false, "windMode": [4,4,4,4] },
								"south": { "texture": "#leaf", "uv": [ 0.5, 4.0, 1.0, 16.0 ], "autoUv": false, "windMode": [4,4,4,4] },
								"west": { "texture": "#leaf", "uv": [ 0.0, 4.0, 0.5, 16.0 ], "autoUv": false, "windMode": [4,4,4,4] }
							},
							"children": [
								{
									"name": "Frond second Stem 2",
									"from": [ 0.0, 7.488, 0.0 ],
									"to": [ 0.32, 15.168, 0.512 ],
									"shade": false,
									"climateColorMap": "climatePlantTint",
									"seasonColorMap": "tropicalKapok",
									"renderPass": 2,
									"rotationOrigin": [ 0.0, 7.488, 0.0 ],
									"rotationZ": 8.0,
									"faces": {
										"north": { "texture": "#leaf", "uv": [ 0.0, 4.0, 0.5, 16.0 ], "autoUv": false, "windMode": [4,4,4,4], "windData": [0,1,1,0] },
										"south": { "texture": "#leaf", "uv": [ 0.5, 4.0, 1.0, 16.0 ], "autoUv": false, "windMode": [4,4,4,4], "windData": [0,0,1,1] },
										"west": { "texture": "#leaf", "uv": [ 0.0, 4.0, 0.5, 16.0 ], "autoUv": false, "windMode": [4,4,4,4], "windData": [0,0,1,1] }
									},
									"children": [
										{
											"name": "Frond Segment 1 2",
											"from": [ 0.0, 7.68, 0.256 ],
											"to": [ 0.0, 7.68, 0.256 ],
											"shade": false,
											"renderPass": 1,
											"rotationOrigin": [ 0.0, 7.68, 0.256 ],
											"rotationZ": 12.0,
											"faces": {
											},
											"children": [
												{
													"name": "Frond Segment 2 2",
													"from": [ 0.0, 5.12, 0.0 ],
													"to": [ 0.0, 5.12, 0.0 ],
													"renderPass": 1,
													"rotationOrigin": [ 0.0, 5.12, 0.0 ],
													"rotationZ": 9.0,
													"faces": {
													},
													"children": [
														{
															"name": "Frond Segment 3 2",
															"from": [ 0.0, 3.84, 0.0 ],
															"to": [ 0.0, 3.84, 0.0 ],
															"renderPass": 1,
															"rotationOrigin": [ 0.0, 3.84, 0.0 ],
															"rotationZ": 11.0,
															"faces": {
															},
															"children": [
																{
																	"name": "Frond EndL2",
																	"from": [ 0.0, 0.0, 0.0 ],
																	"to": [ 0.0, 5.12, 1.92 ],
																	"shade": false,
																	"climateColorMap": "climatePlantTint",
																	"seasonColorMap": "tropicalKapok",
																	"renderPass": 1,
																	"rotationOrigin": [ 0.0, 0.0, 0.0 ],
																	"rotationY": 14.0,
																	"faces": {
																		"east": { "texture": "#leaf", "uv": [ 2.0, 0.0, 5.0, 8.0 ], "autoUv": false, "windMode": [4,4,4,4], "windData": [1,2,2,1] }
																	}
																},
																{
																	"name": "Frond EndR2",
																	"from": [ 0.0, 0.0, -1.92 ],
																	"to": [ 0.0, 5.12, 0.0 ],
																	"shade": false,
																	"climateColorMap": "climatePlantTint",
																	"seasonColorMap": "tropicalKapok",
																	"renderPass": 1,
																	"rotationOrigin": [ 0.0, 0.0, 0.0 ],
																	"rotationY": -14.0,
																	"faces": {
																		"east": { "texture": "#leaf", "uv": [ 5.0, 0.0, 8.0, 8.0 ], "autoUv": false, "windMode": [4,4,4,4], "windData": [1,2,2,1] }
																	}
																}
															]
														},
														{
															"name": "Frond MiddleR2",
															"from": [ 0.0, 0.0, -1.92 ],
															"to": [ 0.0, 3.84, 0.0 ],
															"shade": false,
															"climateColorMap": "climatePlantTint",
															"seasonColorMap": "tropicalKapok",
															"renderPass": 1,
															"rotationOrigin": [ 0.0, 0.0, 0.0 ],
															"rotationY": -14.0,
															"faces": {
																"east": { "texture": "#leaf", "uv": [ 5.0, 6.5, 8.0, 12.5 ], "autoUv": false, "windMode": [4,4,4,4], "windData": [1,1,1,1] }
															}
														},
														{
															"name": "Frond MiddleL2",
															"from": [ 0.0, 0.0, 0.0 ],
															"to": [ 0.0, 3.84, 1.92 ],
															"shade": false,
															"climateColorMap": "climatePlantTint",
															"seasonColorMap": "tropicalKapok",
															"renderPass": 1,
															"rotationOrigin": [ 0.0, 0.0, 0.0 ],
															"rotationY": 14.0,
															"faces": {
																"east": { "texture": "#leaf", "uv": [ 2.0, 6.5, 5.0, 12.5 ], "autoUv": false, "windMode": [4,4,4,4], "windData": [1,1,1,1] }
															}
														}
													]
												},
												{
													"name": "Frond BaseL2",
													"from": [ 0.0, 0.0, 0.0 ],
													"to": [ 0.0, 5.12, 1.92 ],
													"shade": false,
													"climateColorMap": "climatePlantTint",
													"seasonColorMap": "tropicalKapok",
													"renderPass": 1,
													"rotationOrigin": [ 0.0, 0.0, 0.0 ],
													"rotationY": 16.0,
													"faces": {
														"east": { "texture": "#leaf", "uv": [ 2.0, 8.0, 5.0, 16.0 ], "autoUv": false, "windMode": [4,4,4,4], "windData": [1,1,1,1] }
													}
												},
												{
													"name": "Frond BaseR2",
													"from": [ 0.0, 0.0, -1.92 ],
													"to": [ 0.0, 5.12, 0.0 ],
													"shade": false,
													"climateColorMap": "climatePlantTint",
													"seasonColorMap": "tropicalKapok",
													"renderPass": 1,
													"rotationOrigin": [ 0.0, 0.0, 0.0 ],
													"rotationY": -16.0,
													"faces": {
														"east": { "texture": "#leaf", "uv": [ 5.0, 8.0, 8.0, 16.0 ], "autoUv": false, "windMode": [4,4,4,4], "windData": [1,1,1,1] }
													}
												}
											]
										}
									]
								}
							]
						}
					]
				}
			]
		},
		{
			"name": "Frond Root 3",
			"from": [ 8.0, 0.0, 8.0 ],
			"to": [ 8.0, 0.0, 8.0 ],
			"renderPass": 1,
			"rotationOrigin": [ 8.0, 0.0, 8.0 ],
			"rotationY": 138.0,
			"faces": {
			},
			"children": [
				{
					"name": "Frond Base 3",
					"from": [ -0.72, 0.0, -0.288 ],
					"to": [ -0.288, 7.2, 0.432 ],
					"shade": false,
					"climateColorMap": "climatePlantTint",
					"seasonColorMap": "tropicalKapok",
					"renderPass": 1,
					"rotationOrigin": [ -0.72, 0.0, -0.288 ],
					"faces": {
						"north": { "texture": "#leaf", "uv": [ 1.0, 4.0, 1.5, 14.0 ], "autoUv": false, "windMode": [0,4,4,0] },
						"south": { "texture": "#leaf", "uv": [ 1.5, 4.0, 2.0, 14.0 ], "autoUv": false, "windMode": [0,0,4,4] },
						"west": { "texture": "#leaf", "uv": [ 1.0, 4.0, 2.0, 14.0 ], "autoUv": false, "windMode": [0,0,4,4] }
					},
					"children": [
						{
							"name": "Frond Stem 3",
							"from": [ 0.0, 6.984, 0.072 ],
							"to": [ 0.36, 15.624, 0.648 ],
							"shade": false,
							"climateColorMap": "climatePlantTint",
							"seasonColorMap": "tropicalKapok",
							"renderPass": 1,
							"rotationOrigin": [ 0.0, 6.984, 0.072 ],
							"rotationZ": 6.0,
							"faces": {
								"north": { "texture": "#leaf", "uv": [ 0.0, 4.0, 0.5, 16.0 ], "autoUv": false, "windMode": [4,4,4,4] },
								"south": { "texture": "#leaf", "uv": [ 0.5, 4.0, 1.0, 16.0 ], "autoUv": false, "windMode": [4,4,4,4] },
								"west": { "texture": "#leaf", "uv": [ 0.0, 4.0, 0.5, 16.0 ], "autoUv": false, "windMode": [4,4,4,4] }
							},
							"children": [
								{
									"name": "Frond second Stem 3",
									"from": [ 0.0, 8.424, 0.0 ],
									"to": [ 0.36, 17.064, 0.576 ],
									"shade": false,
									"climateColorMap": "climatePlantTint",
									"seasonColorMap": "tropicalKapok",
									"renderPass": 2,
									"rotationOrigin": [ 0.0, 8.424, 0.0 ],
									"rotationZ": 8.0,
									"faces": {
										"north": { "texture": "#leaf", "uv": [ 0.0, 4.0, 0.5, 16.0 ], "autoUv": false, "windMode": [4,4,4,4], "windData": [0,1,1,0] },
										"south": { "texture": "#leaf", "uv": [ 0.5, 4.0, 1.0, 16.0 ], "autoUv": false, "windMode": [4,4,4,4], "windData": [0,0,1,1] },
										"west": { "texture": "#leaf", "uv": [ 0.0, 4.0, 0.5, 16.0 ], "autoUv": false, "windMode": [4,4,4,4], "windData": [0,0,1,1] }
									},
									"children": [
										{
											"name": "Frond Segment 1 3",
											"from": [ 0.0, 8.64, 0.288 ],
											"to": [ 0.0, 8.64, 0.288 ],
											"shade": false,
											"renderPass": 1,
											"rotationOrigin": [ 0.0, 8.64, 0.288 ],
											"rotationZ": 12.0,
											"faces": {
											},
											"children": [
												{
													"name": "Frond Segment 2 3",
													"from": [ 0.0, 5.76, 0.0 ],
													"to": [ 0.0, 5.76, 0.0 ],
													"renderPass": 1,
													"rotationOrigin": [ 0.0, 5.76, 0.0 ],
													"rotationZ": 9.0,
													"faces": {
													},
													"children": [
														{
															"name": "Frond Segment 3 3",
															"from": [ 0.0, 4.32, 0.0 ],
															"to": [ 0.0, 4.32, 0.0 ],
															"renderPass": 1,
															"rotationOrigin": [ 0.0, 4.32, 0.0 ],
															"rotationZ": 11.0,
															"faces": {
															},
															"children": [
																{
																	"name": "Frond EndL3",
																	"from": [ 0.0, 0.0, 0.0 ],
																	"to": [ 0.0, 5.76, 2.16 ],
																	"shade": false,
																	"climateColorMap": "climatePlantTint",
																	"seasonColorMap": "tropicalKapok",
																	"renderPass": 1,
																	"rotationOrigin": [ 0.0, 0.0, 0.0 ],
																	"rotationY": 14.0,
																	"faces": {
																		"east": { "texture": "#leaf", "uv": [ 2.0, 0.0, 5.0, 8.0 ], "autoUv": false, "windMode": [4,4,4,4], "windData": [2,2,2,2] }
																	}
																},
																{
																	"name": "Frond EndR3",
																	"from": [ 0.0, 0.0, -2.16 ],
																	"to": [ 0.0, 5.76, 0.0 ],
																	"shade": false,
																	"climateColorMap": "climatePlantTint",
																	"seasonColorMap": "tropicalKapok",
																	"renderPass": 1,
																	"rotationOrigin": [ 0.0, 0.0, 0.0 ],
																	"rotationY": -14.0,
																	"faces": {
																		"east": { "texture": "#leaf", "uv": [ 5.0, 0.0, 8.0, 8.0 ], "autoUv": false, "windMode": [4,4,4,4], "windData": [2,2,2,2] }
																	}
																}
															]
														},
														{
															"name": "Frond MiddleR3",
															"from": [ 0.0, 0.0, -2.16 ],
															"to": [ 0.0, 4.32, 0.0 ],
															"shade": false,
															"climateColorMap": "climatePlantTint",
															"seasonColorMap": "tropicalKapok",
															"renderPass": 1,
															"rotationOrigin": [ 0.0, 0.0, 0.0 ],
															"rotationY": -14.0,
															"faces": {
																"east": { "texture": "#leaf", "uv": [ 5.0, 6.5, 8.0, 12.5 ], "autoUv": false, "windMode": [4,4,4,4], "windData": [1,2,2,1] }
															}
														},
														{
															"name": "Frond MiddleL3",
															"from": [ 0.0, 0.0, 0.0 ],
															"to": [ 0.0, 4.32, 2.16 ],
															"shade": false,
															"climateColorMap": "climatePlantTint",
															"seasonColorMap": "tropicalKapok",
															"renderPass": 1,
															"rotationOrigin": [ 0.0, 0.0, 0.0 ],
															"rotationY": 14.0,
															"faces": {
																"east": { "texture": "#leaf", "uv": [ 2.0, 6.5, 5.0, 12.5 ], "autoUv": false, "windMode": [4,4,4,4], "windData": [1,2,2,1] }
															}
														}
													]
												},
												{
													"name": "Frond BaseL3",
													"from": [ 0.0, 0.0, 0.0 ],
													"to": [ 0.0, 5.76, 2.16 ],
													"shade": false,
													"climateColorMap": "climatePlantTint",
													"seasonColorMap": "tropicalKapok",
													"renderPass": 1,
													"rotationOrigin": [ 0.0, 0.0, 0.0 ],
													"rotationY": 16.0,
													"faces": {
														"east": { "texture": "#leaf", "uv": [ 2.0, 8.0, 5.0, 16.0 ], "autoUv": false, "windMode": [4,4,4,4], "windData": [1,1,1,1] }
													}
												},
												{
													"name": "Frond BaseR3",
													"from": [ 0.0, 0.0, -2.16 ],
													"to": [ 0.0, 5.76, 0.0 ],
													"shade": false,
													"climateColorMap": "climatePlantTint",
													"seasonColorMap": "tropicalKapok",
													"renderPass": 1,
													"rotationOrigin": [ 0.0, 0.0, 0.0 ],
													"rotationY": -16.0,
													"faces": {
														"east": { "texture": "#leaf", "uv": [ 5.0, 8.0, 8.0, 16.0 ], "autoUv": false, "windMode": [4,4,4,4], "windData": [1,1,1,1] }
													}
												}
											]
										}
									]
								}
							]
						}
					]
				}
			]
		},
		{
			"name": "Frond Root 4",
			"from": [ 8.0, 0.0, 8.0 ],
			"to": [ 8.0, 0.0, 8.0 ],
			"renderPass": 1,
			"rotationOrigin": [ 8.0, 0.0, 8.0 ],
			"rotationY": 78.0,
			"faces": {
			},
			"children": [
				{
					"name": "Frond Base 4",
					"from": [ -0.56, 0.0, -0.224 ],
					"to": [ -0.224, 5.6, 0.336 ],
					"shade": false,
					"climateColorMap": "climatePlantTint",
					"seasonColorMap": "tropicalKapok",
					"renderPass": 1,
					"rotationOrigin": [ -0.56, 0.0, -0.224 ],
					"rotationZ": 3.0,
					"faces": {
						"north": { "texture": "#leaf", "uv": [ 1.0, 4.0, 1.5, 14.0 ], "autoUv": false, "windMode": [0,4,4,0] },
						"south": { "texture": "#leaf", "uv": [ 1.5, 4.0, 2.0, 14.0 ], "autoUv": false, "windMode": [0,0,4,4] },
						"west": { "texture": "#leaf", "uv": [ 1.0, 4.0, 2.0, 14.0 ], "autoUv": false, "windMode": [0,0,4,4] }
					},
					"children": [
						{
							"name": "Frond Stem 4",
							"from": [ 0.0, 5.432, 0.056 ],
							"to": [ 0.28, 12.152, 0.504 ],
							"shade": false,
							"climateColorMap": "climatePlantTint",
							"seasonColorMap": "tropicalKapok",
							"renderPass": 1,
							"rotationOrigin": [ 0.0, 5.432, 0.056 ],
							"rotationZ": 6.0,
							"faces": {
								"north": { "texture": "#leaf", "uv": [ 0.0, 4.0, 0.5, 16.0 ], "autoUv": false, "windMode": [4,4,4,4] },
								"south": { "texture": "#leaf", "uv": [ 0.5, 4.0, 1.0, 16.0 ], "autoUv": false, "windMode": [4,4,4,4] },
								"west": { "texture": "#leaf", "uv": [ 0.0, 4.0, 0.5, 16.0 ], "autoUv": false, "windMode": [4,4,4,4] }
							},
							"children": [
								{
									"name": "Frond second Stem 4",
									"from": [ 0.0, 6.552, 0.0 ],
									"to": [ 0.28, 13.272, 0.448 ],
									"shade": false,
									"climateColorMap": "climatePlantTint",
									"seasonColorMap": "tropicalKapok",
									"renderPass": 2,
									"rotationOrigin": [ 0.0, 6.552, 0.0 ],
									"rotationZ": 8.0,
									"faces": {
										"north": { "texture": "#leaf", "uv": [ 0.0, 4.0, 0.5, 16.0 ], "autoUv": false, "windMode": [4,4,4,4], "windData": [0,1,1,0] },
										"south": { "texture": "#leaf", "uv": [ 0.5, 4.0, 1.0, 16.0 ], "autoUv": false, "windMode": [4,4,4,4], "windData": [0,0,1,1] },
										"west": { "texture": "#leaf", "uv": [ 0.0, 4.0, 0.5, 16.0 ], "autoUv": false, "windMode": [4,4,4,4], "windData": [0,0,1,1] }
									},
									"children": [
										{
											"name": "Frond Segment 1 4",
											"from": [ 0.0, 6.72, 0.224 ],
											"to": [ 0.0, 6.72, 0.224 ],
											"shade": false,
											"renderPass": 1,
											"rotationOrigin": [ 0.0, 6.72, 0.224 ],
											"rotationZ": 12.0,
											"faces": {
											},
											"children": [
												{
													"name": "Frond Segment 2 4",
													"from": [ 0.0, 4.48, 0.0 ],
													"to": [ 0.0, 4.48, 0.0 ],
													"renderPass": 1,
													"rotationOrigin": [ 0.0, 4.48, 0.0 ],
													"rotationZ": 9.0,
													"faces": {
													},
													"children": [
														{
															"name": "Frond Segment 3 4",
															"from": [ 0.0, 3.36, 0.0 ],
															"to": [ 0.0, 3.36, 0.0 ],
															"renderPass": 1,
															"rotationOrigin": [ 0.0, 3.36, 0.0 ],
															"rotationZ": 11.0,
															"faces": {
															},
															"children": [
																{
																	"name": "Frond EndL4",
																	"from": [ 0.0, 0.0, 0.0 ],
																	"to": [ 0.0, 4.48, 1.68 ],
																	"shade": false,
																	"climateColorMap": "climatePlantTint",
																	"seasonColorMap": "tropicalKapok",
																	"renderPass": 1,
																	"rotationOrigin": [ 0.0, 0.0, 0.0 ],
																	"rotationY": 14.0,
																	"faces": {
																		"east": { "texture": "#leaf", "uv": [ 2.0, 0.0, 5.0, 8.0 ], "autoUv": false, "windMode": [4,4,4,4], "windData": [1,1,1,1] }
																	}
																},
																{
																	"name": "Frond EndR4",
																	"from": [ 0.0, 0.0, -1.68 ],
																	"to": [ 0.0, 4.48, 0.0 ],
																	"shade": false,
																	"climateColorMap": "climatePlantTint",
																	"seasonColorMap": "tropicalKapok",
																	"renderPass": 1,
																	"rotationOrigin": [ 0.0, 0.0, 0.0 ],
																	"rotationY": -14.0,
																	"faces": {
																		"east": { "texture": "#leaf", "uv": [ 5.0, 0.0, 8.0, 8.0 ], "autoUv": false, "windMode": [4,4,4,4], "windData": [1,1,1,1] }
																	}
																}
															]
														},
														{
															"name": "Frond MiddleR4",
															"from": [ 0.0, 0.0, -1.68 ],
															"to": [ 0.0, 3.36, 0.0 ],
															"shade": false,
															"climateColorMap": "climatePlantTint",
															"seasonColorMap": "tropicalKapok",
															"renderPass": 1,
															"rotationOrigin": [ 0.0, 0.0, 0.0 ],
															"rotationY": -14.0,
															"faces": {
																"east": { "texture": "#leaf", "uv": [ 5.0, 6.5, 8.0, 12.5 ], "autoUv": false, "windMode": [4,4,4,4], "windData": [1,1,1,1] }
															}
														},
														{
															"name": "Frond MiddleL4",
															"from": [ 0.0, 0.0, 0.0 ],
															"to": [ 0.0, 3.36, 1.68 ],
															"shade": false,
															"climateColorMap": "climatePlantTint",
															"seasonColorMap": "tropicalKapok",
															"renderPass": 1,
															"rotationOrigin": [ 0.0, 0.0, 0.0 ],
															"rotationY": 14.0,
															"faces": {
																"east": { "texture": "#leaf", "uv": [ 2.0, 6.5, 5.0, 12.5 ], "autoUv": false, "windMode": [4,4,4,4], "windData": [1,1,1,1] }
															}
														}
													]
												},
												{
													"name": "Frond BaseL4",
													"from": [ 0.0, 0.0, 0.0 ],
													"to": [ 0.0, 4.48, 1.68 ],
													"shade": false,
													"climateColorMap": "climatePlantTint",
													"seasonColorMap": "tropicalKapok",
													"renderPass": 1,
													"rotationOrigin": [ 0.0, 0.0, 0.0 ],
													"rotationY": 16.0,
													"faces": {
														"east": { "texture": "#leaf", "uv": [ 2.0, 8.0, 5.0, 16.0 ], "autoUv": false, "windMode": [4,4,4,4], "windData": [1,1,1,1] }
													}
												},
												{
													"name": "Frond BaseR4",
													"from": [ 0.0, 0.0, -1.68 ],
													"to": [ 0.0, 4.48, 0.0 ],
													"shade": false,
													"climateColorMap": "climatePlantTint",
													"seasonColorMap": "tropicalKapok",
													"renderPass": 1,
													"rotationOrigin": [ 0.0, 0.0, 0.0 ],
													"rotationY": -16.0,
													"faces": {
														"east": { "texture": "#leaf", "uv": [ 5.0, 8.0, 8.0, 16.0 ], "autoUv": false, "windMode": [4,4,4,4], "windData": [1,1,1,1] }
													}
												}
											]
										}
									]
								}
							]
						}
					]
				}
			]
		},
		{
			"name": "Frond Root 5",
			"from": [ 7.9, 0.0, 7.8 ],
			"to": [ 7.9, 0.0, 7.8 ],
			"renderPass": 1,
			"rotationOrigin": [ 7.9, 0.0, 7.8 ],
			"rotationY": 3.0,
			"faces": {
			},
			"children": [
				{
					"name": "Frond Base 5",
					"from": [ -0.64, 0.0, -0.256 ],
					"to": [ -0.256, 6.4, 0.384 ],
					"shade": false,
					"climateColorMap": "climatePlantTint",
					"seasonColorMap": "tropicalKapok",
					"renderPass": 1,
					"rotationOrigin": [ -0.64, 0.0, -0.256 ],
					"rotationZ": 6.0,
					"faces": {
						"north": { "texture": "#leaf", "uv": [ 1.0, 4.0, 1.5, 14.0 ], "autoUv": false, "windMode": [0,4,4,0] },
						"south": { "texture": "#leaf", "uv": [ 1.5, 4.0, 2.0, 14.0 ], "autoUv": false, "windMode": [0,0,4,4] },
						"west": { "texture": "#leaf", "uv": [ 1.0, 4.0, 2.0, 14.0 ], "autoUv": false, "windMode": [0,0,4,4] }
					},
					"children": [
						{
							"name": "Frond Stem 5",
							"from": [ 0.0, 6.208, 0.064 ],
							"to": [ 0.32, 12.608, 0.576 ],
							"shade": false,
							"climateColorMap": "climatePlantTint",
							"seasonColorMap": "tropicalKapok",
							"renderPass": 1,
							"rotationOrigin": [ 0.0, 6.208, 0.064 ],
							"rotationZ": 6.0,
							"faces": {
								"north": { "texture": "#leaf", "uv": [ 0.0, 4.0, 0.5, 14.0 ], "autoUv": false, "windMode": [4,4,4,4] },
								"south": { "texture": "#leaf", "uv": [ 0.5, 4.0, 1.0, 14.0 ], "autoUv": false, "windMode": [4,4,4,4] },
								"west": { "texture": "#leaf", "uv": [ 0.0, 4.0, 0.5, 14.0 ], "autoUv": false, "windMode": [4,4,4,4] }
							},
							"children": [
								{
									"name": "Frond second Stem 5",
									"from": [ 0.0, 6.208, 0.0 ],
									"to": [ 0.32, 13.888, 0.512 ],
									"shade": false,
									"climateColorMap": "climatePlantTint",
									"seasonColorMap": "tropicalKapok",
									"renderPass": 2,
									"rotationOrigin": [ 0.0, 6.208, 0.0 ],
									"rotationZ": 8.0,
									"faces": {
										"north": { "texture": "#leaf", "uv": [ 0.0, 4.0, 0.5, 16.0 ], "autoUv": false, "windMode": [4,4,4,4], "windData": [0,1,1,0] },
										"south": { "texture": "#leaf", "uv": [ 0.5, 4.0, 1.0, 16.0 ], "autoUv": false, "windMode": [4,4,4,4], "windData": [0,0,1,1] },
										"west": { "texture": "#leaf", "uv": [ 0.0, 4.0, 0.5, 16.0 ], "autoUv": false, "windMode": [4,4,4,4], "windData": [0,0,1,1] }
									},
									"children": [
										{
											"name": "Frond Segment 1 5",
											"from": [ 0.0, 7.68, 0.256 ],
											"to": [ 0.0, 7.68, 0.256 ],
											"shade": false,
											"renderPass": 1,
											"rotationOrigin": [ 0.0, 7.68, 0.256 ],
											"rotationZ": 12.0,
											"faces": {
											},
											"children": [
												{
													"name": "Frond Segment 2 5",
													"from": [ 0.0, 5.12, 0.0 ],
													"to": [ 0.0, 5.12, 0.0 ],
													"renderPass": 1,
													"rotationOrigin": [ 0.0, 5.12, 0.0 ],
													"rotationZ": 9.0,
													"faces": {
													},
													"children": [
														{
															"name": "Frond Segment 3 5",
															"from": [ 0.0, 3.84, 0.0 ],
															"to": [ 0.0, 3.84, 0.0 ],
															"renderPass": 1,
															"rotationOrigin": [ 0.0, 3.84, 0.0 ],
															"rotationZ": 11.0,
															"faces": {
															},
															"children": [
																{
																	"name": "Frond EndL5",
																	"from": [ 0.0, 0.0, 0.0 ],
																	"to": [ 0.0, 5.12, 1.92 ],
																	"shade": false,
																	"climateColorMap": "climatePlantTint",
																	"seasonColorMap": "tropicalKapok",
																	"renderPass": 1,
																	"rotationOrigin": [ 0.0, 0.0, 0.0 ],
																	"rotationY": 14.0,
																	"faces": {
																		"east": { "texture": "#leaf", "uv": [ 2.0, 0.0, 5.0, 8.0 ], "autoUv": false, "windMode": [4,4,4,4], "windData": [1,1,1,1] }
																	}
																},
																{
																	"name": "Frond EndR5",
																	"from": [ 0.0, 0.0, -1.92 ],
																	"to": [ 0.0, 5.12, 0.0 ],
																	"shade": false,
																	"climateColorMap": "climatePlantTint",
																	"seasonColorMap": "tropicalKapok",
																	"renderPass": 1,
																	"rotationOrigin": [ 0.0, 0.0, 0.0 ],
																	"rotationY": -14.0,
																	"faces": {
																		"east": { "texture": "#leaf", "uv": [ 5.0, 0.0, 8.0, 8.0 ], "autoUv": false, "windMode": [4,4,4,4], "windData": [1,1,1,1] }
																	}
																}
															]
														},
														{
															"name": "Frond MiddleR5",
															"from": [ 0.0, 0.0, -1.92 ],
															"to": [ 0.0, 3.84, 0.0 ],
															"shade": false,
															"climateColorMap": "climatePlantTint",
															"seasonColorMap": "tropicalKapok",
															"renderPass": 1,
															"rotationOrigin": [ 0.0, 0.0, 0.0 ],
															"rotationY": -14.0,
															"faces": {
																"east": { "texture": "#leaf", "uv": [ 5.0, 6.5, 8.0, 12.5 ], "autoUv": false, "windMode": [4,4,4,4], "windData": [1,1,1,1] }
															}
														},
														{
															"name": "Frond MiddleL5",
															"from": [ 0.0, 0.0, 0.0 ],
															"to": [ 0.0, 3.84, 1.92 ],
															"shade": false,
															"climateColorMap": "climatePlantTint",
															"seasonColorMap": "tropicalKapok",
															"renderPass": 1,
															"rotationOrigin": [ 0.0, 0.0, 0.0 ],
															"rotationY": 14.0,
															"faces": {
																"east": { "texture": "#leaf", "uv": [ 2.0, 6.5, 5.0, 12.5 ], "autoUv": false, "windMode": [4,4,4,4], "windData": [1,1,1,1] }
															}
														}
													]
												},
												{
													"name": "Frond BaseL5",
													"from": [ 0.0, 0.0, 0.0 ],
													"to": [ 0.0, 5.12, 1.92 ],
													"shade": false,
													"climateColorMap": "climatePlantTint",
													"seasonColorMap": "tropicalKapok",
													"renderPass": 1,
													"rotationOrigin": [ 0.0, 0.0, 0.0 ],
													"rotationY": 16.0,
													"faces": {
														"east": { "texture": "#leaf", "uv": [ 2.0, 8.0, 5.0, 16.0 ], "autoUv": false, "windMode": [4,4,4,4], "windData": [1,1,1,1] }
													}
												},
												{
													"name": "Frond BaseR5",
													"from": [ 0.0, 0.0, -1.92 ],
													"to": [ 0.0, 5.12, 0.0 ],
													"shade": false,
													"climateColorMap": "climatePlantTint",
													"seasonColorMap": "tropicalKapok",
													"renderPass": 1,
													"rotationOrigin": [ 0.0, 0.0, 0.0 ],
													"rotationY": -16.0,
													"faces": {
														"east": { "texture": "#leaf", "uv": [ 5.0, 8.0, 8.0, 16.0 ], "autoUv": false, "windMode": [4,4,4,4], "windData": [1,1,1,1] }
													}
												}
											]
										}
									]
								}
							]
						}
					]
				}
			]
		},
		{
			"name": "Frond Root 6",
			"from": [ 7.9, 0.0, 7.8 ],
			"to": [ 7.9, 0.0, 7.8 ],
			"renderPass": 1,
			"rotationOrigin": [ 7.9, 0.0, 7.8 ],
			"rotationY": -91.0,
			"faces": {
			},
			"children": [
				{
					"name": "Frond Base 6",
					"from": [ -0.48, 0.0, -0.192 ],
					"to": [ -0.192, 4.8, 0.288 ],
					"shade": false,
					"climateColorMap": "climatePlantTint",
					"seasonColorMap": "tropicalKapok",
					"renderPass": 1,
					"rotationOrigin": [ -0.48, 0.0, -0.192 ],
					"rotationZ": 6.0,
					"faces": {
						"north": { "texture": "#leaf", "uv": [ 1.0, 4.0, 1.5, 14.0 ], "autoUv": false, "windMode": [0,4,4,0] },
						"south": { "texture": "#leaf", "uv": [ 1.5, 4.0, 2.0, 14.0 ], "autoUv": false, "windMode": [0,0,4,4] },
						"west": { "texture": "#leaf", "uv": [ 1.0, 4.0, 2.0, 14.0 ], "autoUv": false, "windMode": [0,0,4,4] }
					},
					"children": [
						{
							"name": "Frond Stem 6",
							"from": [ 0.0, 4.656, 0.048 ],
							"to": [ 0.24, 9.456, 0.432 ],
							"shade": false,
							"climateColorMap": "climatePlantTint",
							"seasonColorMap": "tropicalKapok",
							"renderPass": 1,
							"rotationOrigin": [ 0.0, 4.656, 0.048 ],
							"rotationZ": 6.0,
							"faces": {
								"north": { "texture": "#leaf", "uv": [ 0.0, 4.0, 0.5, 14.0 ], "autoUv": false, "windMode": [4,4,4,4] },
								"south": { "texture": "#leaf", "uv": [ 0.5, 4.0, 1.0, 14.0 ], "autoUv": false, "windMode": [4,4,4,4] },
								"west": { "texture": "#leaf", "uv": [ 0.0, 4.0, 0.5, 14.0 ], "autoUv": false, "windMode": [4,4,4,4] }
							},
							"children": [
								{
									"name": "Frond second Stem 6",
									"from": [ 0.0, 4.656, 0.0 ],
									"to": [ 0.24, 10.416, 0.384 ],
									"shade": false,
									"climateColorMap": "climatePlantTint",
									"seasonColorMap": "tropicalKapok",
									"renderPass": 2,
									"rotationOrigin": [ 0.0, 4.656, 0.0 ],
									"rotationZ": 8.0,
									"faces": {
										"north": { "texture": "#leaf", "uv": [ 0.0, 4.0, 0.5, 16.0 ], "autoUv": false, "windMode": [4,4,4,4] },
										"south": { "texture": "#leaf", "uv": [ 0.5, 4.0, 1.0, 16.0 ], "autoUv": false, "windMode": [4,4,4,4] },
										"west": { "texture": "#leaf", "uv": [ 0.0, 4.0, 0.5, 16.0 ], "autoUv": false, "windMode": [4,4,4,4] }
									},
									"children": [
										{
											"name": "Frond Segment 1 6",
											"from": [ 0.0, 5.76, 0.192 ],
											"to": [ 0.0, 5.76, 0.192 ],
											"shade": false,
											"renderPass": 1,
											"rotationOrigin": [ 0.0, 5.76, 0.192 ],
											"rotationZ": 12.0,
											"faces": {
											},
											"children": [
												{
													"name": "Frond Segment 2 6",
													"from": [ 0.0, 3.84, 0.0 ],
													"to": [ 0.0, 3.84, 0.0 ],
													"renderPass": 1,
													"rotationOrigin": [ 0.0, 3.84, 0.0 ],
													"rotationZ": 9.0,
													"faces": {
													},
													"children": [
														{
															"name": "Frond Segment 3 6",
															"from": [ 0.0, 2.88, 0.0 ],
															"to": [ 0.0, 2.88, 0.0 ],
															"renderPass": 1,
															"rotationOrigin": [ 0.0, 2.88, 0.0 ],
															"rotationZ": 11.0,
															"faces": {
															},
															"children": [
																{
																	"name": "Frond EndL6",
																	"from": [ 0.0, 0.0, 0.0 ],
																	"to": [ 0.0, 3.84, 1.44 ],
																	"shade": false,
																	"climateColorMap": "climatePlantTint",
																	"seasonColorMap": "tropicalKapok",
																	"renderPass": 1,
																	"rotationOrigin": [ 0.0, 0.0, 0.0 ],
																	"rotationY": 14.0,
																	"faces": {
																		"east": { "texture": "#leaf", "uv": [ 2.0, 0.0, 5.0, 8.0 ], "autoUv": false, "windMode": [4,4,4,4], "windData": [1,1,1,1] }
																	}
																},
																{
																	"name": "Frond EndR6",
																	"from": [ 0.0, 0.0, -1.44 ],
																	"to": [ 0.0, 3.84, 0.0 ],
																	"shade": false,
																	"climateColorMap": "climatePlantTint",
																	"seasonColorMap": "tropicalKapok",
																	"renderPass": 1,
																	"rotationOrigin": [ 0.0, 0.0, 0.0 ],
																	"rotationY": -14.0,
																	"faces": {
																		"east": { "texture": "#leaf", "uv": [ 5.0, 0.0, 8.0, 8.0 ], "autoUv": false, "windMode": [4,4,4,4], "windData": [1,1,1,1] }
																	}
																}
															]
														},
														{
															"name": "Frond MiddleR6",
															"from": [ 0.0, 0.0, -1.44 ],
															"to": [ 0.0, 2.88, 0.0 ],
															"shade": false,
															"climateColorMap": "climatePlantTint",
															"seasonColorMap": "tropicalKapok",
															"renderPass": 1,
															"rotationOrigin": [ 0.0, 0.0, 0.0 ],
															"rotationY": -14.0,
															"faces": {
																"east": { "texture": "#leaf", "uv": [ 5.0, 6.5, 8.0, 12.5 ], "autoUv": false, "windMode": [4,4,4,4], "windData": [1,1,1,1] }
															}
														},
														{
															"name": "Frond MiddleL6",
															"from": [ 0.0, 0.0, 0.0 ],
															"to": [ 0.0, 2.88, 1.44 ],
															"shade": false,
															"climateColorMap": "climatePlantTint",
															"seasonColorMap": "tropicalKapok",
															"renderPass": 1,
															"rotationOrigin": [ 0.0, 0.0, 0.0 ],
															"rotationY": 14.0,
															"faces": {
																"east": { "texture": "#leaf", "uv": [ 2.0, 6.5, 5.0, 12.5 ], "autoUv": false, "windMode": [4,4,4,4], "windData": [1,1,1,1] }
															}
														}
													]
												},
												{
													"name": "Frond BaseL6",
													"from": [ 0.0, 0.0, 0.0 ],
													"to": [ 0.0, 3.84, 1.44 ],
													"shade": false,
													"climateColorMap": "climatePlantTint",
													"seasonColorMap": "tropicalKapok",
													"renderPass": 1,
													"rotationOrigin": [ 0.0, 0.0, 0.0 ],
													"rotationY": 16.0,
													"faces": {
														"east": { "texture": "#leaf", "uv": [ 2.0, 8.0, 5.0, 16.0 ], "autoUv": false, "windMode": [4,4,4,4], "windData": [0,1,1,0] }
													}
												},
												{
													"name": "Frond BaseR6",
													"from": [ 0.0, 0.0, -1.44 ],
													"to": [ 0.0, 3.84, 0.0 ],
													"shade": false,
													"climateColorMap": "climatePlantTint",
													"seasonColorMap": "tropicalKapok",
													"renderPass": 1,
													"rotationOrigin": [ 0.0, 0.0, 0.0 ],
													"rotationY": -16.0,
													"faces": {
														"east": { "texture": "#leaf", "uv": [ 5.0, 8.0, 8.0, 16.0 ], "autoUv": false, "windMode": [4,4,4,4], "windData": [0,1,1,0] }
													}
												}
											]
										}
									]
								}
							]
						}
					]
				}
			]
		},
		{
			"name": "Frond Root 7",
			"from": [ 7.9, 0.0, 7.8 ],
			"to": [ 7.9, 0.0, 7.8 ],
			"renderPass": 1,
			"rotationOrigin": [ 7.9, 0.0, 7.8 ],
			"rotationY": 50.0,
			"faces": {
			},
			"children": [
				{
					"name": "Frond Base 7",
					"from": [ -0.56, 0.0, -0.224 ],
					"to": [ -0.224, 5.6, 0.336 ],
					"shade": false,
					"climateColorMap": "climatePlantTint",
					"seasonColorMap": "tropicalKapok",
					"renderPass": 1,
					"rotationOrigin": [ -0.56, 0.0, -0.224 ],
					"rotationZ": 6.0,
					"faces": {
						"north": { "texture": "#leaf", "uv": [ 1.0, 4.0, 1.5, 14.0 ], "autoUv": false, "windMode": [0,4,4,0] },
						"south": { "texture": "#leaf", "uv": [ 1.5, 4.0, 2.0, 14.0 ], "autoUv": false, "windMode": [0,0,4,4] },
						"west": { "texture": "#leaf", "uv": [ 1.0, 4.0, 2.0, 14.0 ], "autoUv": false, "windMode": [0,0,4,4] }
					},
					"children": [
						{
							"name": "Frond Stem 7",
							"from": [ 0.0, 5.432, 0.056 ],
							"to": [ 0.28, 9.912, 0.504 ],
							"shade": false,
							"climateColorMap": "climatePlantTint",
							"seasonColorMap": "tropicalKapok",
							"renderPass": 1,
							"rotationOrigin": [ 0.0, 5.432, 0.056 ],
							"rotationZ": 6.0,
							"faces": {
								"north": { "texture": "#leaf", "uv": [ 0.0, 4.0, 0.5, 12.0 ], "autoUv": false, "windMode": [4,4,4,4] },
								"south": { "texture": "#leaf", "uv": [ 0.5, 4.0, 1.0, 12.0 ], "autoUv": false, "windMode": [4,4,4,4] },
								"west": { "texture": "#leaf", "uv": [ 0.0, 4.0, 0.5, 12.0 ], "autoUv": false, "windMode": [4,4,4,4] }
							},
							"children": [
								{
									"name": "Frond second Stem 7",
									"from": [ 0.0, 4.312, 0.0 ],
									"to": [ 0.28, 11.032, 0.448 ],
									"shade": false,
									"climateColorMap": "climatePlantTint",
									"seasonColorMap": "tropicalKapok",
									"renderPass": 2,
									"rotationOrigin": [ 0.0, 4.312, 0.0 ],
									"rotationZ": 8.0,
									"faces": {
										"north": { "texture": "#leaf", "uv": [ 0.0, 4.0, 0.5, 16.0 ], "autoUv": false, "windMode": [4,4,4,4], "windData": [0,0,1,0] },
										"south": { "texture": "#leaf", "uv": [ 0.5, 4.0, 1.0, 16.0 ], "autoUv": false, "windMode": [4,4,4,4], "windData": [0,0,1,0] },
										"west": { "texture": "#leaf", "uv": [ 0.0, 4.0, 0.5, 16.0 ], "autoUv": false, "windMode": [4,4,4,4] }
									},
									"children": [
										{
											"name": "Frond Segment 1 7",
											"from": [ 0.0, 6.72, 0.224 ],
											"to": [ 0.0, 6.72, 0.224 ],
											"shade": false,
											"renderPass": 1,
											"rotationOrigin": [ 0.0, 6.72, 0.224 ],
											"rotationZ": 12.0,
											"faces": {
											},
											"children": [
												{
													"name": "Frond Segment 2 7",
													"from": [ 0.0, 4.48, 0.0 ],
													"to": [ 0.0, 4.48, 0.0 ],
													"renderPass": 1,
													"rotationOrigin": [ 0.0, 4.48, 0.0 ],
													"rotationZ": 9.0,
													"faces": {
													},
													"children": [
														{
															"name": "Frond Segment 3 7",
															"from": [ 0.0, 3.36, 0.0 ],
															"to": [ 0.0, 3.36, 0.0 ],
															"renderPass": 1,
															"rotationOrigin": [ 0.0, 3.36, 0.0 ],
															"rotationZ": 11.0,
															"faces": {
															},
															"children": [
																{
																	"name": "Frond EndL7",
																	"from": [ 0.0, 0.0, 0.0 ],
																	"to": [ 0.0, 4.48, 1.68 ],
																	"shade": false,
																	"climateColorMap": "climatePlantTint",
																	"seasonColorMap": "tropicalKapok",
																	"renderPass": 1,
																	"rotationOrigin": [ 0.0, 0.0, 0.0 ],
																	"rotationY": 14.0,
																	"faces": {
																		"east": { "texture": "#leaf", "uv": [ 2.0, 0.0, 5.0, 8.0 ], "autoUv": false, "windMode": [4,4,4,4], "windData": [1,1,1,1] }
																	}
																},
																{
																	"name": "Frond EndR7",
																	"from": [ 0.0, 0.0, -1.68 ],
																	"to": [ 0.0, 4.48, 0.0 ],
																	"shade": false,
																	"climateColorMap": "climatePlantTint",
																	"seasonColorMap": "tropicalKapok",
																	"renderPass": 1,
																	"rotationOrigin": [ 0.0, 0.0, 0.0 ],
																	"rotationY": -14.0,
																	"faces": {
																		"east": { "texture": "#leaf", "uv": [ 5.0, 0.0, 8.0, 8.0 ], "autoUv": false, "windMode": [4,4,4,4], "windData": [1,1,1,1] }
																	}
																}
															]
														},
														{
															"name": "Frond MiddleR7",
															"from": [ 0.0, 0.0, -1.68 ],
															"to": [ 0.0, 3.36, 0.0 ],
															"shade": false,
															"climateColorMap": "climatePlantTint",
															"seasonColorMap": "tropicalKapok",
															"renderPass": 1,
															"rotationOrigin": [ 0.0, 0.0, 0.0 ],
															"rotationY": -14.0,
															"faces": {
																"east": { "texture": "#leaf", "uv": [ 5.0, 6.5, 8.0, 12.5 ], "autoUv": false, "windMode": [4,4,4,4], "windData": [1,1,1,1] }
															}
														},
														{
															"name": "Frond MiddleL7",
															"from": [ 0.0, 0.0, 0.0 ],
															"to": [ 0.0, 3.36, 1.68 ],
															"shade": false,
															"climateColorMap": "climatePlantTint",
															"seasonColorMap": "tropicalKapok",
															"renderPass": 1,
															"rotationOrigin": [ 0.0, 0.0, 0.0 ],
															"rotationY": 14.0,
															"faces": {
																"east": { "texture": "#leaf", "uv": [ 2.0, 6.5, 5.0, 12.5 ], "autoUv": false, "windMode": [4,4,4,4], "windData": [1,1,1,1] }
															}
														}
													]
												},
												{
													"name": "Frond BaseL7",
													"from": [ 0.0, 0.0, 0.0 ],
													"to": [ 0.0, 4.48, 1.68 ],
													"shade": false,
													"climateColorMap": "climatePlantTint",
													"seasonColorMap": "tropicalKapok",
													"renderPass": 1,
													"rotationOrigin": [ 0.0, 0.0, 0.0 ],
													"rotationY": 16.0,
													"faces": {
														"east": { "texture": "#leaf", "uv": [ 2.0, 8.0, 5.0, 16.0 ], "autoUv": false, "windMode": [4,4,4,4], "windData": [0,1,1,1] }
													}
												},
												{
													"name": "Frond BaseR7",
													"from": [ 0.0, 0.0, -1.68 ],
													"to": [ 0.0, 4.48, 0.0 ],
													"shade": false,
													"climateColorMap": "climatePlantTint",
													"seasonColorMap": "tropicalKapok",
													"renderPass": 1,
													"rotationOrigin": [ 0.0, 0.0, 0.0 ],
													"rotationY": -16.0,
													"faces": {
														"east": { "texture": "#leaf", "uv": [ 5.0, 8.0, 8.0, 16.0 ], "autoUv": false, "windMode": [4,4,4,4], "windData": [1,1,1,0] }
													}
												}
											]
										}
									]
								}
							]
						}
					]
				}
			]
		},
		{
			"name": "Frond Root 8",
			"from": [ 7.8, 0.0, 8.1 ],
			"to": [ 7.8, 0.0, 8.1 ],
			"renderPass": 1,
			"rotationOrigin": [ 7.8, 0.0, 8.1 ],
			"rotationY": -80.0,
			"faces": {
			},
			"children": [
				{
					"name": "Frond Base 8",
					"from": [ -0.4, 0.0, -0.16 ],
					"to": [ -0.16, 4.0, 0.24 ],
					"shade": false,
					"climateColorMap": "climatePlantTint",
					"seasonColorMap": "tropicalKapok",
					"renderPass": 1,
					"rotationOrigin": [ -0.4, 0.0, -0.16 ],
					"rotationZ": 7.0,
					"faces": {
						"north": { "texture": "#leaf", "uv": [ 1.0, 4.0, 1.5, 14.0 ], "autoUv": false, "windMode": [0,4,4,0] },
						"south": { "texture": "#leaf", "uv": [ 1.5, 4.0, 2.0, 14.0 ], "autoUv": false, "windMode": [0,0,4,4] },
						"west": { "texture": "#leaf", "uv": [ 1.0, 4.0, 2.0, 14.0 ], "autoUv": false, "windMode": [0,0,4,4] }
					},
					"children": [
						{
							"name": "Frond Stem 8",
							"from": [ 0.0, 3.88, 0.04 ],
							"to": [ 0.2, 7.08, 0.36 ],
							"shade": false,
							"climateColorMap": "climatePlantTint",
							"seasonColorMap": "tropicalKapok",
							"renderPass": 1,
							"rotationOrigin": [ 0.0, 3.88, 0.04 ],
							"rotationZ": 7.0,
							"faces": {
								"north": { "texture": "#leaf", "uv": [ 0.0, 4.0, 0.5, 12.0 ], "autoUv": false, "windMode": [4,4,4,4] },
								"south": { "texture": "#leaf", "uv": [ 0.5, 4.0, 1.0, 12.0 ], "autoUv": false, "windMode": [4,4,4,4] },
								"west": { "texture": "#leaf", "uv": [ 0.0, 4.0, 0.5, 12.0 ], "autoUv": false, "windMode": [4,4,4,4] }
							},
							"children": [
								{
									"name": "Frond second Stem 8",
									"from": [ 0.0, 3.08, 0.0 ],
									"to": [ 0.2, 7.88, 0.32 ],
									"shade": false,
									"climateColorMap": "climatePlantTint",
									"seasonColorMap": "tropicalKapok",
									"renderPass": 2,
									"rotationOrigin": [ 0.0, 3.08, 0.0 ],
									"rotationZ": 8.0,
									"faces": {
										"north": { "texture": "#leaf", "uv": [ 0.0, 4.0, 0.5, 16.0 ], "autoUv": false, "windMode": [4,4,4,4] },
										"south": { "texture": "#leaf", "uv": [ 0.5, 4.0, 1.0, 16.0 ], "autoUv": false, "windMode": [4,4,4,4] },
										"west": { "texture": "#leaf", "uv": [ 0.0, 4.0, 0.5, 16.0 ], "autoUv": false, "windMode": [4,4,4,4] }
									},
									"children": [
										{
											"name": "Frond Segment 1 8",
											"from": [ 0.0, 4.8, 0.16 ],
											"to": [ 0.0, 4.8, 0.16 ],
											"shade": false,
											"renderPass": 1,
											"rotationOrigin": [ 0.0, 4.8, 0.16 ],
											"rotationZ": 12.0,
											"faces": {
											},
											"children": [
												{
													"name": "Frond Segment 2 8",
													"from": [ 0.0, 3.2, 0.0 ],
													"to": [ 0.0, 3.2, 0.0 ],
													"renderPass": 1,
													"rotationOrigin": [ 0.0, 3.2, 0.0 ],
													"rotationZ": 9.0,
													"faces": {
													},
													"children": [
														{
															"name": "Frond Segment 3 8",
															"from": [ 0.0, 2.4, 0.0 ],
															"to": [ 0.0, 2.4, 0.0 ],
															"renderPass": 1,
															"rotationOrigin": [ 0.0, 2.4, 0.0 ],
															"rotationZ": 11.0,
															"faces": {
															},
															"children": [
																{
																	"name": "Frond EndL8",
																	"from": [ 0.0, 0.0, 0.0 ],
																	"to": [ 0.0, 3.2, 1.2 ],
																	"shade": false,
																	"climateColorMap": "climatePlantTint",
																	"seasonColorMap": "tropicalKapok",
																	"renderPass": 1,
																	"rotationOrigin": [ 0.0, 0.0, 0.0 ],
																	"rotationY": 14.0,
																	"faces": {
																		"east": { "texture": "#leaf", "uv": [ 2.0, 0.0, 5.0, 8.0 ], "autoUv": false, "windMode": [4,4,4,4], "windData": [0,1,1,0] }
																	}
																},
																{
																	"name": "Frond EndR8",
																	"from": [ 0.0, 0.0, -1.2 ],
																	"to": [ 0.0, 3.2, 0.0 ],
																	"shade": false,
																	"climateColorMap": "climatePlantTint",
																	"seasonColorMap": "tropicalKapok",
																	"renderPass": 1,
																	"rotationOrigin": [ 0.0, 0.0, 0.0 ],
																	"rotationY": -14.0,
																	"faces": {
																		"east": { "texture": "#leaf", "uv": [ 5.0, 0.0, 8.0, 8.0 ], "autoUv": false, "windMode": [4,4,4,4], "windData": [0,1,1,0] }
																	}
																}
															]
														},
														{
															"name": "Frond MiddleR8",
															"from": [ 0.0, 0.0, -1.2 ],
															"to": [ 0.0, 2.4, 0.0 ],
															"shade": false,
															"climateColorMap": "climatePlantTint",
															"seasonColorMap": "tropicalKapok",
															"renderPass": 1,
															"rotationOrigin": [ 0.0, 0.0, 0.0 ],
															"rotationY": -14.0,
															"faces": {
																"east": { "texture": "#leaf", "uv": [ 5.0, 6.5, 8.0, 12.5 ], "autoUv": false, "windMode": [4,4,4,4] }
															}
														},
														{
															"name": "Frond MiddleL8",
															"from": [ 0.0, 0.0, 0.0 ],
															"to": [ 0.0, 2.4, 1.2 ],
															"shade": false,
															"climateColorMap": "climatePlantTint",
															"seasonColorMap": "tropicalKapok",
															"renderPass": 1,
															"rotationOrigin": [ 0.0, 0.0, 0.0 ],
															"rotationY": 14.0,
															"faces": {
																"east": { "texture": "#leaf", "uv": [ 2.0, 6.5, 5.0, 12.5 ], "autoUv": false, "windMode": [4,4,4,4] }
															}
														}
													]
												},
												{
													"name": "Frond BaseL8",
													"from": [ 0.0, 0.0, 0.0 ],
													"to": [ 0.0, 3.2, 1.2 ],
													"shade": false,
													"climateColorMap": "climatePlantTint",
													"seasonColorMap": "tropicalKapok",
													"renderPass": 1,
													"rotationOrigin": [ 0.0, 0.0, 0.0 ],
													"rotationY": 16.0,
													"faces": {
														"east": { "texture": "#leaf", "uv": [ 2.0, 8.0, 5.0, 16.0 ], "autoUv": false, "windMode": [4,4,4,4] }
													}
												},
												{
													"name": "Frond BaseR8",
													"from": [ 0.0, 0.0, -1.2 ],
													"to": [ 0.0, 3.2, 0.0 ],
													"shade": false,
													"climateColorMap": "climatePlantTint",
													"seasonColorMap": "tropicalKapok",
													"renderPass": 1,
													"rotationOrigin": [ 0.0, 0.0, 0.0 ],
													"rotationY": -16.0,
													"faces": {
														"east": { "texture": "#leaf", "uv": [ 5.0, 8.0, 8.0, 16.0 ], "autoUv": false, "windMode": [4,4,4,4] }
													}
												}
											]
										}
									]
								}
							]
						}
					]
				}
			]
		},
		{
			"name": "Frond Root 9",
			"from": [ 7.8, 0.0, 8.1 ],
			"to": [ 7.8, 0.0, 8.1 ],
			"renderPass": 1,
			"rotationOrigin": [ 7.8, 0.0, 8.1 ],
			"rotationY": -147.0,
			"faces": {
			},
			"children": [
				{
					"name": "Frond Base 9",
					"from": [ -0.96, 0.0, -0.192 ],
					"to": [ -0.672, 4.8, 0.288 ],
					"shade": false,
					"climateColorMap": "climatePlantTint",
					"seasonColorMap": "tropicalKapok",
					"renderPass": 1,
					"rotationOrigin": [ -0.96, 0.0, -0.192 ],
					"rotationZ": 7.0,
					"faces": {
						"north": { "texture": "#leaf", "uv": [ 1.0, 4.0, 1.5, 14.0 ], "autoUv": false, "windMode": [0,4,4,0] },
						"south": { "texture": "#leaf", "uv": [ 1.5, 4.0, 2.0, 14.0 ], "autoUv": false, "windMode": [0,0,4,4] },
						"west": { "texture": "#leaf", "uv": [ 1.0, 4.0, 2.0, 14.0 ], "autoUv": false, "windMode": [0,0,4,4] }
					},
					"children": [
						{
							"name": "Frond Stem 9",
							"from": [ 0.0, 4.656, 0.048 ],
							"to": [ 0.24, 8.496, 0.432 ],
							"shade": false,
							"climateColorMap": "climatePlantTint",
							"seasonColorMap": "tropicalKapok",
							"renderPass": 1,
							"rotationOrigin": [ 0.0, 4.656, 0.048 ],
							"rotationZ": 7.0,
							"faces": {
								"north": { "texture": "#leaf", "uv": [ 0.0, 4.0, 0.5, 12.0 ], "autoUv": false, "windMode": [4,4,4,4] },
								"south": { "texture": "#leaf", "uv": [ 0.5, 4.0, 1.0, 12.0 ], "autoUv": false, "windMode": [4,4,4,4] },
								"west": { "texture": "#leaf", "uv": [ 0.0, 4.0, 0.5, 12.0 ], "autoUv": false, "windMode": [4,4,4,4] }
							},
							"children": [
								{
									"name": "Frond second Stem 9",
									"from": [ 0.0, 3.696, 0.0 ],
									"to": [ 0.24, 9.456, 0.384 ],
									"shade": false,
									"climateColorMap": "climatePlantTint",
									"seasonColorMap": "tropicalKapok",
									"renderPass": 2,
									"rotationOrigin": [ 0.0, 3.696, 0.0 ],
									"rotationZ": 8.0,
									"faces": {
										"north": { "texture": "#leaf", "uv": [ 0.0, 4.0, 0.5, 16.0 ], "autoUv": false, "windMode": [4,4,4,4] },
										"south": { "texture": "#leaf", "uv": [ 0.5, 4.0, 1.0, 16.0 ], "autoUv": false, "windMode": [4,4,4,4] },
										"west": { "texture": "#leaf", "uv": [ 0.0, 4.0, 0.5, 16.0 ], "autoUv": false, "windMode": [4,4,4,4] }
									},
									"children": [
										{
											"name": "Frond Segment 1 9",
											"from": [ 0.0, 5.76, 0.192 ],
											"to": [ 0.0, 5.76, 0.192 ],
											"shade": false,
											"renderPass": 1,
											"rotationOrigin": [ 0.0, 5.76, 0.192 ],
											"rotationZ": 12.0,
											"faces": {
											},
											"children": [
												{
													"name": "Frond Segment 2 9",
													"from": [ 0.0, 3.84, 0.0 ],
													"to": [ 0.0, 3.84, 0.0 ],
													"renderPass": 1,
													"rotationOrigin": [ 0.0, 3.84, 0.0 ],
													"rotationZ": 9.0,
													"faces": {
													},
													"children": [
														{
															"name": "Frond Segment 3 9",
															"from": [ 0.0, 2.88, 0.0 ],
															"to": [ 0.0, 2.88, 0.0 ],
															"renderPass": 1,
															"rotationOrigin": [ 0.0, 2.88, 0.0 ],
															"rotationZ": 11.0,
															"faces": {
															},
															"children": [
																{
																	"name": "Frond EndL9",
																	"from": [ 0.0, 0.0, 0.0 ],
																	"to": [ 0.0, 3.84, 1.44 ],
																	"shade": false,
																	"climateColorMap": "climatePlantTint",
																	"seasonColorMap": "tropicalKapok",
																	"renderPass": 1,
																	"rotationOrigin": [ 0.0, 0.0, 0.0 ],
																	"rotationY": 14.0,
																	"faces": {
																		"east": { "texture": "#leaf", "uv": [ 2.0, 0.0, 5.0, 8.0 ], "autoUv": false, "windMode": [4,4,4,4], "windData": [1,1,1,1] }
																	}
																},
																{
																	"name": "Frond EndR9",
																	"from": [ 0.0, 0.0, -1.44 ],
																	"to": [ 0.0, 3.84, 0.0 ],
																	"shade": false,
																	"climateColorMap": "climatePlantTint",
																	"seasonColorMap": "tropicalKapok",
																	"renderPass": 1,
																	"rotationOrigin": [ 0.0, 0.0, 0.0 ],
																	"rotationY": -14.0,
																	"faces": {
																		"east": { "texture": "#leaf", "uv": [ 5.0, 0.0, 8.0, 8.0 ], "autoUv": false, "windMode": [4,4,4,4], "windData": [1,1,1,1] }
																	}
																}
															]
														},
														{
															"name": "Frond MiddleR9",
															"from": [ 0.0, 0.0, -1.44 ],
															"to": [ 0.0, 2.88, 0.0 ],
															"shade": false,
															"climateColorMap": "climatePlantTint",
															"seasonColorMap": "tropicalKapok",
															"renderPass": 1,
															"rotationOrigin": [ 0.0, 0.0, 0.0 ],
															"rotationY": -14.0,
															"faces": {
																"east": { "texture": "#leaf", "uv": [ 5.0, 6.5, 8.0, 12.5 ], "autoUv": false, "windMode": [4,4,4,4], "windData": [1,1,1,1] }
															}
														},
														{
															"name": "Frond MiddleL9",
															"from": [ 0.0, 0.0, 0.0 ],
															"to": [ 0.0, 2.88, 1.44 ],
															"shade": false,
															"climateColorMap": "climatePlantTint",
															"seasonColorMap": "tropicalKapok",
															"renderPass": 1,
															"rotationOrigin": [ 0.0, 0.0, 0.0 ],
															"rotationY": 14.0,
															"faces": {
																"east": { "texture": "#leaf", "uv": [ 2.0, 6.5, 5.0, 12.5 ], "autoUv": false, "windMode": [4,4,4,4], "windData": [1,1,1,1] }
															}
														}
													]
												},
												{
													"name": "Frond BaseL9",
													"from": [ 0.0, 0.0, 0.0 ],
													"to": [ 0.0, 3.84, 1.44 ],
													"shade": false,
													"climateColorMap": "climatePlantTint",
													"seasonColorMap": "tropicalKapok",
													"renderPass": 1,
													"rotationOrigin": [ 0.0, 0.0, 0.0 ],
													"rotationY": 16.0,
													"faces": {
														"east": { "texture": "#leaf", "uv": [ 2.0, 8.0, 5.0, 16.0 ], "autoUv": false, "windMode": [4,4,4,4], "windData": [0,1,1,0] }
													}
												},
												{
													"name": "Frond BaseR9",
													"from": [ 0.0, 0.0, -1.44 ],
													"to": [ 0.0, 3.84, 0.0 ],
													"shade": false,
													"climateColorMap": "climatePlantTint",
													"seasonColorMap": "tropicalKapok",
													"renderPass": 1,
													"rotationOrigin": [ 0.0, 0.0, 0.0 ],
													"rotationY": -16.0,
													"faces": {
														"east": { "texture": "#leaf", "uv": [ 5.0, 8.0, 8.0, 16.0 ], "autoUv": false, "windMode": [4,4,4,4], "windData": [0,1,1,0] }
													}
												}
											]
										}
									]
								}
							]
						}
					]
				}
			]
		},
		{
			"name": "Frond Root 10",
			"from": [ 7.8, 0.0, 8.1 ],
			"to": [ 7.8, 0.0, 8.1 ],
			"renderPass": 1,
			"rotationOrigin": [ 7.8, 0.0, 8.1 ],
			"rotationY": 64.0,
			"faces": {
			},
			"children": [
				{
					"name": "Frond Base 10",
					"from": [ -0.64, 0.0, -0.128 ],
					"to": [ -0.448, 2.88, 0.192 ],
					"shade": false,
					"climateColorMap": "climatePlantTint",
					"seasonColorMap": "tropicalKapok",
					"renderPass": 1,
					"rotationOrigin": [ -0.64, 0.0, -0.128 ],
					"rotationZ": 7.0,
					"faces": {
						"north": { "texture": "#leaf", "uv": [ 1.0, 4.0, 1.5, 13.0 ], "autoUv": false, "windMode": [0,0,0,0] },
						"south": { "texture": "#leaf", "uv": [ 1.5, 4.0, 2.0, 13.0 ], "autoUv": false, "windMode": [0,0,0,0] },
						"west": { "texture": "#leaf", "uv": [ 1.0, 4.0, 2.0, 13.0 ], "autoUv": false, "windMode": [0,0,0,0] }
					},
					"children": [
						{
							"name": "Frond Stem 10",
							"from": [ 0.0, 2.784, 0.032 ],
							"to": [ 0.16, 5.344, 0.288 ],
							"shade": false,
							"climateColorMap": "climatePlantTint",
							"seasonColorMap": "tropicalKapok",
							"renderPass": 1,
							"rotationOrigin": [ 0.0, 2.784, 0.032 ],
							"rotationZ": 17.0,
							"faces": {
								"north": { "texture": "#leaf", "uv": [ 0.0, 4.0, 0.5, 12.0 ], "autoUv": false, "windMode": [0,4,4,0] },
								"south": { "texture": "#leaf", "uv": [ 0.5, 4.0, 1.0, 12.0 ], "autoUv": false, "windMode": [0,0,4,4] },
								"west": { "texture": "#leaf", "uv": [ 0.0, 4.0, 0.5, 12.0 ], "autoUv": false, "windMode": [0,0,4,4] }
							},
							"children": [
								{
									"name": "Frond second Stem 10",
									"from": [ 0.0, 2.464, 0.0 ],
									"to": [ 0.16, 6.304, 0.256 ],
									"shade": false,
									"climateColorMap": "climatePlantTint",
									"seasonColorMap": "tropicalKapok",
									"renderPass": 2,
									"rotationOrigin": [ 0.0, 2.464, 0.0 ],
									"rotationZ": 8.0,
									"faces": {
										"north": { "texture": "#leaf", "uv": [ 0.0, 4.0, 0.5, 16.0 ], "autoUv": false, "windMode": [4,4,4,4] },
										"south": { "texture": "#leaf", "uv": [ 0.5, 4.0, 1.0, 16.0 ], "autoUv": false, "windMode": [4,4,4,4] },
										"west": { "texture": "#leaf", "uv": [ 0.0, 4.0, 0.5, 16.0 ], "autoUv": false, "windMode": [4,4,4,4] }
									},
									"children": [
										{
											"name": "Frond Segment 1 10",
											"from": [ 0.0, 3.84, 0.128 ],
											"to": [ 0.0, 3.84, 0.128 ],
											"shade": false,
											"renderPass": 1,
											"rotationOrigin": [ 0.0, 3.84, 0.128 ],
											"rotationZ": 39.0,
											"faces": {
											},
											"children": [
												{
													"name": "Frond Segment 2 10",
													"from": [ 0.0, 2.56, 0.0 ],
													"to": [ 0.0, 2.56, 0.0 ],
													"renderPass": 1,
													"rotationOrigin": [ 0.0, 2.56, 0.0 ],
													"rotationZ": 9.0,
													"faces": {
													},
													"children": [
														{
															"name": "Frond Segment 3 10",
															"from": [ 0.0, 1.92, 0.0 ],
															"to": [ 0.0, 1.92, 0.0 ],
															"renderPass": 1,
															"rotationOrigin": [ 0.0, 1.92, 0.0 ],
															"rotationZ": 11.0,
															"faces": {
															},
															"children": [
																{
																	"name": "Frond EndL10",
																	"from": [ 0.0, 0.0, 0.0 ],
																	"to": [ 0.0, 2.56, 0.96 ],
																	"shade": false,
																	"climateColorMap": "climatePlantTint",
																	"seasonColorMap": "tropicalKapok",
																	"renderPass": 1,
																	"rotationOrigin": [ 0.0, 0.0, 0.0 ],
																	"rotationY": 14.0,
																	"faces": {
																		"east": { "texture": "#leaf", "uv": [ 2.0, 0.0, 5.0, 8.0 ], "autoUv": false, "windMode": [4,4,4,4] }
																	}
																},
																{
																	"name": "Frond EndR10",
																	"from": [ 0.0, 0.0, -0.96 ],
																	"to": [ 0.0, 2.56, 0.0 ],
																	"shade": false,
																	"climateColorMap": "climatePlantTint",
																	"seasonColorMap": "tropicalKapok",
																	"renderPass": 1,
																	"rotationOrigin": [ 0.0, 0.0, 0.0 ],
																	"rotationY": -14.0,
																	"faces": {
																		"east": { "texture": "#leaf", "uv": [ 5.0, 0.0, 8.0, 8.0 ], "autoUv": false, "windMode": [4,4,4,4] }
																	}
																}
															]
														},
														{
															"name": "Frond MiddleR10",
															"from": [ 0.0, 0.0, -0.96 ],
															"to": [ 0.0, 1.92, 0.0 ],
															"shade": false,
															"climateColorMap": "climatePlantTint",
															"seasonColorMap": "tropicalKapok",
															"renderPass": 1,
															"rotationOrigin": [ 0.0, 0.0, 0.0 ],
															"rotationY": -14.0,
															"faces": {
																"east": { "texture": "#leaf", "uv": [ 5.0, 6.5, 8.0, 12.5 ], "autoUv": false, "windMode": [4,4,4,4] }
															}
														},
														{
															"name": "Frond MiddleL10",
															"from": [ 0.0, 0.0, 0.0 ],
															"to": [ 0.0, 1.92, 0.96 ],
															"shade": false,
															"climateColorMap": "climatePlantTint",
															"seasonColorMap": "tropicalKapok",
															"renderPass": 1,
															"rotationOrigin": [ 0.0, 0.0, 0.0 ],
															"rotationY": 14.0,
															"faces": {
																"east": { "texture": "#leaf", "uv": [ 2.0, 6.5, 5.0, 12.5 ], "autoUv": false, "windMode": [4,4,4,4] }
															}
														}
													]
												},
												{
													"name": "Frond BaseL10",
													"from": [ 0.0, 0.0, 0.0 ],
													"to": [ 0.0, 2.56, 0.96 ],
													"shade": false,
													"climateColorMap": "climatePlantTint",
													"seasonColorMap": "tropicalKapok",
													"renderPass": 1,
													"rotationOrigin": [ 0.0, 0.0, 0.0 ],
													"rotationY": 16.0,
													"faces": {
														"east": { "texture": "#leaf", "uv": [ 2.0, 8.0, 5.0, 16.0 ], "autoUv": false, "windMode": [4,4,4,4] }
													}
												},
												{
													"name": "Frond BaseR10",
													"from": [ 0.0, 0.0, -0.96 ],
													"to": [ 0.0, 2.56, 0.0 ],
													"shade": false,
													"climateColorMap": "climatePlantTint",
													"seasonColorMap": "tropicalKapok",
													"renderPass": 1,
													"rotationOrigin": [ 0.0, 0.0, 0.0 ],
													"rotationY": -16.0,
													"faces": {
														"east": { "texture": "#leaf", "uv": [ 5.0, 8.0, 8.0, 16.0 ], "autoUv": false, "windMode": [4,4,4,4] }
													}
												}
											]
										}
									]
								}
							]
						}
					]
				}
			]
		},
		{
			"name": "Frond Root 11",
			"from": [ 7.8, 0.0, 8.1 ],
			"to": [ 7.8, 0.0, 8.1 ],
			"renderPass": 1,
			"rotationOrigin": [ 7.8, 0.0, 8.1 ],
			"rotationY": -14.0,
			"faces": {
			},
			"children": [
				{
					"name": "Frond Base 11",
					"from": [ -1.28, 0.0, -0.256 ],
					"to": [ -0.896, 4.48, 0.384 ],
					"shade": false,
					"climateColorMap": "climatePlantTint",
					"seasonColorMap": "tropicalKapok",
					"renderPass": 1,
					"rotationOrigin": [ -1.28, 0.0, -0.256 ],
					"rotationZ": 7.0,
					"faces": {
						"north": { "texture": "#leaf", "uv": [ 1.0, 4.0, 1.5, 11.0 ], "autoUv": false, "windMode": [0,4,4,0] },
						"south": { "texture": "#leaf", "uv": [ 1.5, 4.0, 2.0, 11.0 ], "autoUv": false, "windMode": [0,0,4,4] },
						"west": { "texture": "#leaf", "uv": [ 1.0, 4.0, 2.0, 11.0 ], "autoUv": false, "windMode": [0,0,4,4] }
					},
					"children": [
						{
							"name": "Frond Stem 11",
							"from": [ 0.0, 4.288, 0.064 ],
							"to": [ 0.32, 8.128, 0.576 ],
							"shade": false,
							"climateColorMap": "climatePlantTint",
							"seasonColorMap": "tropicalKapok",
							"renderPass": 1,
							"rotationOrigin": [ 0.0, 4.288, 0.064 ],
							"rotationZ": 17.0,
							"faces": {
								"north": { "texture": "#leaf", "uv": [ 0.0, 4.0, 0.5, 10.0 ], "autoUv": false, "windMode": [4,4,4,4] },
								"south": { "texture": "#leaf", "uv": [ 0.5, 4.0, 1.0, 10.0 ], "autoUv": false, "windMode": [4,4,4,4] },
								"west": { "texture": "#leaf", "uv": [ 0.0, 4.0, 0.5, 10.0 ], "autoUv": false, "windMode": [4,4,4,4] }
							},
							"children": [
								{
									"name": "Frond second Stem 11",
									"from": [ 0.0, 3.648, 0.0 ],
									"to": [ 0.32, 8.768, 0.512 ],
									"shade": false,
									"climateColorMap": "climatePlantTint",
									"seasonColorMap": "tropicalKapok",
									"renderPass": 2,
									"rotationOrigin": [ 0.0, 3.648, 0.0 ],
									"rotationZ": 8.0,
									"faces": {
										"north": { "texture": "#leaf", "uv": [ 0.0, 4.0, 0.5, 12.0 ], "autoUv": false, "windMode": [4,4,4,4] },
										"south": { "texture": "#leaf", "uv": [ 0.5, 4.0, 1.0, 12.0 ], "autoUv": false, "windMode": [4,4,4,4] },
										"west": { "texture": "#leaf", "uv": [ 0.0, 4.0, 0.5, 12.0 ], "autoUv": false, "windMode": [4,4,4,4] }
									},
									"children": [
										{
											"name": "Frond Segment 1 11",
											"from": [ 0.0, 5.12, 0.256 ],
											"to": [ 0.0, 5.12, 0.256 ],
											"shade": false,
											"renderPass": 1,
											"rotationOrigin": [ 0.0, 5.12, 0.256 ],
											"rotationZ": 39.0,
											"faces": {
											},
											"children": [
												{
													"name": "Frond Segment 2 11",
													"from": [ 0.0, 5.12, 0.0 ],
													"to": [ 0.0, 5.12, 0.0 ],
													"renderPass": 1,
													"rotationOrigin": [ 0.0, 5.12, 0.0 ],
													"rotationZ": 9.0,
													"faces": {
													},
													"children": [
														{
															"name": "Frond Segment 3 11",
															"from": [ 0.0, 3.84, 0.0 ],
															"to": [ 0.0, 3.84, 0.0 ],
															"renderPass": 1,
															"rotationOrigin": [ 0.0, 3.84, 0.0 ],
															"rotationZ": 11.0,
															"faces": {
															},
															"children": [
																{
																	"name": "Frond EndL11",
																	"from": [ 0.0, 0.0, 0.0 ],
																	"to": [ 0.0, 5.12, 1.92 ],
																	"shade": false,
																	"climateColorMap": "climatePlantTint",
																	"seasonColorMap": "tropicalKapok",
																	"renderPass": 1,
																	"rotationOrigin": [ 0.0, 0.0, 0.0 ],
																	"rotationY": 14.0,
																	"faces": {
																		"east": { "texture": "#leaf", "uv": [ 2.0, 0.0, 5.0, 8.0 ], "autoUv": false, "windMode": [4,4,4,4] }
																	}
																},
																{
																	"name": "Frond EndR11",
																	"from": [ 0.0, 0.0, -1.92 ],
																	"to": [ 0.0, 5.12, 0.0 ],
																	"shade": false,
																	"climateColorMap": "climatePlantTint",
																	"seasonColorMap": "tropicalKapok",
																	"renderPass": 1,
																	"rotationOrigin": [ 0.0, 0.0, 0.0 ],
																	"rotationY": -14.0,
																	"faces": {
																		"east": { "texture": "#leaf", "uv": [ 5.0, 0.0, 8.0, 8.0 ], "autoUv": false, "windMode": [4,4,4,4] }
																	}
																}
															]
														},
														{
															"name": "Frond MiddleR11",
															"from": [ 0.0, 0.0, -1.92 ],
															"to": [ 0.0, 3.84, 0.0 ],
															"shade": false,
															"climateColorMap": "climatePlantTint",
															"seasonColorMap": "tropicalKapok",
															"renderPass": 1,
															"rotationOrigin": [ 0.0, 0.0, 0.0 ],
															"rotationY": -14.0,
															"faces": {
																"east": { "texture": "#leaf", "uv": [ 5.0, 6.5, 8.0, 12.5 ], "autoUv": false, "windMode": [4,4,4,4] }
															}
														},
														{
															"name": "Frond MiddleL11",
															"from": [ 0.0, 0.0, 0.0 ],
															"to": [ 0.0, 3.84, 1.92 ],
															"shade": false,
															"climateColorMap": "climatePlantTint",
															"seasonColorMap": "tropicalKapok",
															"renderPass": 1,
															"rotationOrigin": [ 0.0, 0.0, 0.0 ],
															"rotationY": 14.0,
															"faces": {
																"east": { "texture": "#leaf", "uv": [ 2.0, 6.5, 5.0, 12.5 ], "autoUv": false, "windMode": [4,4,4,4] }
															}
														}
													]
												},
												{
													"name": "Frond BaseL11",
													"from": [ 0.0, 0.0, 0.0 ],
													"to": [ 0.0, 5.12, 1.92 ],
													"shade": false,
													"climateColorMap": "climatePlantTint",
													"seasonColorMap": "tropicalKapok",
													"renderPass": 1,
													"rotationOrigin": [ 0.0, 0.0, 0.0 ],
													"rotationY": 16.0,
													"faces": {
														"east": { "texture": "#leaf", "uv": [ 2.0, 8.0, 5.0, 16.0 ], "autoUv": false, "windMode": [4,4,4,4] }
													}
												},
												{
													"name": "Frond BaseR11",
													"from": [ 0.0, 0.0, -1.92 ],
													"to": [ 0.0, 5.12, 0.0 ],
													"shade": false,
													"climateColorMap": "climatePlantTint",
													"seasonColorMap": "tropicalKapok",
													"renderPass": 1,
													"rotationOrigin": [ 0.0, 0.0, 0.0 ],
													"rotationY": -16.0,
													"faces": {
														"east": { "texture": "#leaf", "uv": [ 5.0, 8.0, 8.0, 16.0 ], "autoUv": false, "windMode": [4,4,4,4] }
													}
												}
											]
										}
									]
								}
							]
						}
					]
				}
			]
		},
		{
			"name": "Frond Root 12",
			"from": [ 7.8, 0.0, 8.1 ],
			"to": [ 7.8, 0.0, 8.1 ],
			"renderPass": 1,
			"rotationOrigin": [ 7.8, 0.0, 8.1 ],
			"rotationY": 133.0,
			"faces": {
			},
			"children": [
				{
					"name": "Frond Base 12",
					"from": [ -1.28, 0.0, -0.256 ],
					"to": [ -0.896, 4.48, 0.384 ],
					"shade": false,
					"climateColorMap": "climatePlantTint",
					"seasonColorMap": "tropicalKapok",
					"renderPass": 1,
					"rotationOrigin": [ -1.28, 0.0, -0.256 ],
					"rotationZ": 7.0,
					"faces": {
						"north": { "texture": "#leaf", "uv": [ 1.0, 4.0, 1.5, 11.0 ], "autoUv": false, "windMode": [0,4,4,0] },
						"south": { "texture": "#leaf", "uv": [ 1.5, 4.0, 2.0, 11.0 ], "autoUv": false, "windMode": [0,0,4,4] },
						"west": { "texture": "#leaf", "uv": [ 1.0, 4.0, 2.0, 11.0 ], "autoUv": false, "windMode": [0,0,4,4] }
					},
					"children": [
						{
							"name": "Frond Stem 12",
							"from": [ 0.0, 4.288, 0.064 ],
							"to": [ 0.32, 8.128, 0.576 ],
							"shade": false,
							"climateColorMap": "climatePlantTint",
							"seasonColorMap": "tropicalKapok",
							"renderPass": 1,
							"rotationOrigin": [ 0.0, 4.288, 0.064 ],
							"rotationZ": 17.0,
							"faces": {
								"north": { "texture": "#leaf", "uv": [ 0.0, 4.0, 0.5, 10.0 ], "autoUv": false, "windMode": [4,4,4,4] },
								"south": { "texture": "#leaf", "uv": [ 0.5, 4.0, 1.0, 10.0 ], "autoUv": false, "windMode": [4,4,4,4] },
								"west": { "texture": "#leaf", "uv": [ 0.0, 4.0, 0.5, 10.0 ], "autoUv": false, "windMode": [4,4,4,4] }
							},
							"children": [
								{
									"name": "Frond second Stem 12",
									"from": [ 0.0, 3.648, 0.0 ],
									"to": [ 0.32, 8.768, 0.512 ],
									"shade": false,
									"climateColorMap": "climatePlantTint",
									"seasonColorMap": "tropicalKapok",
									"renderPass": 2,
									"rotationOrigin": [ 0.0, 3.648, 0.0 ],
									"rotationZ": 8.0,
									"faces": {
										"north": { "texture": "#leaf", "uv": [ 0.0, 4.0, 0.5, 12.0 ], "autoUv": false, "windMode": [4,4,4,4] },
										"south": { "texture": "#leaf", "uv": [ 0.5, 4.0, 1.0, 12.0 ], "autoUv": false, "windMode": [4,4,4,4] },
										"west": { "texture": "#leaf", "uv": [ 0.0, 4.0, 0.5, 12.0 ], "autoUv": false, "windMode": [4,4,4,4] }
									},
									"children": [
										{
											"name": "Frond Segment 1 12",
											"from": [ 0.0, 5.12, 0.256 ],
											"to": [ 0.0, 5.12, 0.256 ],
											"shade": false,
											"renderPass": 1,
											"rotationOrigin": [ 0.0, 5.12, 0.256 ],
											"rotationZ": 3.0,
											"faces": {
											},
											"children": [
												{
													"name": "Frond Segment 2 12",
													"from": [ 0.0, 5.12, 0.0 ],
													"to": [ 0.0, 5.12, 0.0 ],
													"renderPass": 1,
													"rotationOrigin": [ 0.0, 5.12, 0.0 ],
													"rotationZ": 9.0,
													"faces": {
													},
													"children": [
														{
															"name": "Frond Segment 3 12",
															"from": [ 0.0, 3.84, 0.0 ],
															"to": [ 0.0, 3.84, 0.0 ],
															"renderPass": 1,
															"rotationOrigin": [ 0.0, 3.84, 0.0 ],
															"rotationZ": 11.0,
															"faces": {
															},
															"children": [
																{
																	"name": "Frond EndL12",
																	"from": [ 0.0, 0.0, 0.0 ],
																	"to": [ 0.0, 5.12, 1.92 ],
																	"shade": false,
																	"climateColorMap": "climatePlantTint",
																	"seasonColorMap": "tropicalKapok",
																	"renderPass": 1,
																	"rotationOrigin": [ 0.0, 0.0, 0.0 ],
																	"rotationY": 14.0,
																	"faces": {
																		"east": { "texture": "#leaf", "uv": [ 2.0, 0.0, 5.0, 8.0 ], "autoUv": false, "windMode": [4,4,4,4], "windData": [1,1,1,1] }
																	}
																},
																{
																	"name": "Frond EndR12",
																	"from": [ 0.0, 0.0, -1.92 ],
																	"to": [ 0.0, 5.12, 0.0 ],
																	"shade": false,
																	"climateColorMap": "climatePlantTint",
																	"seasonColorMap": "tropicalKapok",
																	"renderPass": 1,
																	"rotationOrigin": [ 0.0, 0.0, 0.0 ],
																	"rotationY": -14.0,
																	"faces": {
																		"east": { "texture": "#leaf", "uv": [ 5.0, 0.0, 8.0, 8.0 ], "autoUv": false, "windMode": [4,4,4,4], "windData": [1,1,1,1] }
																	}
																}
															]
														},
														{
															"name": "Frond MiddleR12",
															"from": [ 0.0, 0.0, -1.92 ],
															"to": [ 0.0, 3.84, 0.0 ],
															"shade": false,
															"climateColorMap": "climatePlantTint",
															"seasonColorMap": "tropicalKapok",
															"renderPass": 1,
															"rotationOrigin": [ 0.0, 0.0, 0.0 ],
															"rotationY": -14.0,
															"faces": {
																"east": { "texture": "#leaf", "uv": [ 5.0, 6.5, 8.0, 12.5 ], "autoUv": false, "windMode": [4,4,4,4], "windData": [1,1,1,1] }
															}
														},
														{
															"name": "Frond MiddleL12",
															"from": [ 0.0, 0.0, 0.0 ],
															"to": [ 0.0, 3.84, 1.92 ],
															"shade": false,
															"climateColorMap": "climatePlantTint",
															"seasonColorMap": "tropicalKapok",
															"renderPass": 1,
															"rotationOrigin": [ 0.0, 0.0, 0.0 ],
															"rotationY": 14.0,
															"faces": {
																"east": { "texture": "#leaf", "uv": [ 2.0, 6.5, 5.0, 12.5 ], "autoUv": false, "windMode": [4,4,4,4], "windData": [1,1,1,1] }
															}
														}
													]
												},
												{
													"name": "Frond BaseL12",
													"from": [ 0.0, 0.0, 0.0 ],
													"to": [ 0.0, 5.12, 1.92 ],
													"shade": false,
													"climateColorMap": "climatePlantTint",
													"seasonColorMap": "tropicalKapok",
													"renderPass": 1,
													"rotationOrigin": [ 0.0, 0.0, 0.0 ],
													"rotationY": 16.0,
													"faces": {
														"east": { "texture": "#leaf", "uv": [ 2.0, 8.0, 5.0, 16.0 ], "autoUv": false, "windMode": [4,4,4,4], "windData": [0,1,1,0] }
													}
												},
												{
													"name": "Frond BaseR12",
													"from": [ 0.0, 0.0, -1.92 ],
													"to": [ 0.0, 5.12, 0.0 ],
													"shade": false,
													"climateColorMap": "climatePlantTint",
													"seasonColorMap": "tropicalKapok",
													"renderPass": 1,
													"rotationOrigin": [ 0.0, 0.0, 0.0 ],
													"rotationY": -16.0,
													"faces": {
														"east": { "texture": "#leaf", "uv": [ 5.0, 8.0, 8.0, 16.0 ], "autoUv": false, "windMode": [4,4,4,4], "windData": [0,1,1,0] }
													}
												}
											]
										}
									]
								}
							]
						}
					]
				}
			]
		}
	]}