{
	"editor": {
		"allAngles": false,
		"singleTexture": false
		// "entityTextureMode": false
	},
	"textureWidth": 16,
	"textureHeight": 16,
	"textureSizes": {
	},
	"textures": {
		"metal": "game:block/metal/anvil/iron",
		"nail": "game:block/metal/anvil/iron",
		"rusty-iron": "game:block/metal/tarnished/rusty-iron",
		"bark": "game:block/wood/bark/pine",
		"trunk": "game:block/wood/treetrunk/pine"
	},
	"elements": [
		{
			"name": "Anvil",
			"from": [ 0.0, 6.0, 0.0 ],
			"to": [ 0.0, 6.0, 0.0 ],
			"rotationOrigin": [ 0.0, 6.0, 0.0 ],
			"faces": {
				"north": {
					"texture": "#metal",
					"uv": [ 0.0, 0.0, 0.5, 0.5 ]
				},
				"east": {
					"texture": "#metal",
					"uv": [ 0.0, 0.0, 0.5, 0.5 ]
				},
				"south": {
					"texture": "#metal",
					"uv": [ 0.0, 0.0, 0.5, 0.5 ]
				},
				"west": {
					"texture": "#metal",
					"uv": [ 0.0, 0.0, 0.5, 0.5 ]
				},
				"up": {
					"texture": "#metal",
					"uv": [ 0.0, 0.0, 0.5, 0.5 ]
				},
				"down": {
					"texture": "#metal",
					"uv": [ 0.0, 0.0, 0.5, 0.5 ]
				}
			},
			"children": [
				{
					"name": "Layer_0_middle",
					"from": [ 4.0, 0.0, 4.0 ],
					"to": [ 9.0, 1.0, 12.0 ],
					"rotationOrigin": [ 7.0, 0.0, 8.0 ],
					"faces": {
						"north": {
							"texture": "#metal",
							"uv": [ 9.0, 3.0, 14.0, 4.0 ]
						},
						"south": {
							"texture": "#metal",
							"uv": [ 0.0, 7.0, 5.0, 8.0 ]
						},
						"up": {
							"texture": "#metal",
							"uv": [ 0.0, 0.0, 5.0, 8.0 ]
						},
						"down": {
							"texture": "#metal",
							"uv": [ 0.0, 0.0, 5.0, 8.0 ]
						}
					},
					"children": [
						{
							"name": "Layer_0_left",
							"from": [ -2.0, 0.0, -1.0 ],
							"to": [ 0.0, 1.0, 9.0 ],
							"rotationOrigin": [ -2.0, 0.0, -1.0 ],
							"faces": {
								"north": {
									"texture": "#metal",
									"uv": [ 6.0, 7.0, 8.0, 8.0 ]
								},
								"east": {
									"texture": "#metal",
									"uv": [ 0.0, 0.0, 10.0, 1.0 ]
								},
								"south": {
									"texture": "#metal",
									"uv": [ 0.0, 0.0, 2.0, 1.0 ]
								},
								"west": {
									"texture": "#metal",
									"uv": [ 0.0, 5.0, 10.0, 6.0 ]
								},
								"up": {
									"texture": "#metal",
									"uv": [ 8.0, 0.0, 10.0, 10.0 ]
								},
								"down": {
									"texture": "#metal",
									"uv": [ 0.0, 0.0, 2.0, 10.0 ]
								}
							}
						},
						{
							"name": "Layer_0_right",
							"from": [ 5.0, 0.0, -1.0 ],
							"to": [ 7.0, 1.0, 9.0 ],
							"rotationOrigin": [ 5.0, 0.0, -1.0 ],
							"faces": {
								"north": {
									"texture": "#metal",
									"uv": [ 0.0, 6.0, 2.0, 7.0 ]
								},
								"east": {
									"texture": "#metal",
									"uv": [ 4.0, 4.0, 14.0, 5.0 ]
								},
								"south": {
									"texture": "#metal",
									"uv": [ 0.0, 2.0, 2.0, 3.0 ]
								},
								"west": {
									"texture": "#metal",
									"uv": [ 1.0, 1.0, 11.0, 2.0 ]
								},
								"up": {
									"texture": "#metal",
									"uv": [ 7.0, 1.0, 9.0, 11.0 ]
								},
								"down": {
									"texture": "#metal",
									"uv": [ 4.0, 0.0, 6.0, 10.0 ]
								}
							}
						},
						{
							"name": "Layer_0_nail0",
							"from": [ 4.3, -0.3, -0.5 ],
							"to": [ 4.7, 2.1, -0.1 ],
							"rotationOrigin": [ 4.2, -0.3, -0.7 ],
							"faces": {
								"north": {
									"texture": "#nail",
									"uv": [ 0.0, 0.0, 2.0, 7.5 ],
									"autoUv": false
								},
								"east": {
									"texture": "#nail",
									"uv": [ 3.5, 0.0, 6.0, 6.5 ],
									"autoUv": false
								},
								"south": {
									"texture": "#nail",
									"uv": [ 7.0, 0.5, 9.5, 8.5 ],
									"autoUv": false
								},
								"west": {
									"texture": "#nail",
									"uv": [ 11.0, 0.5, 13.5, 8.5 ],
									"autoUv": false
								},
								"up": {
									"texture": "#nail",
									"uv": [ 5.5, 7.0, 9.0, 10.0 ],
									"autoUv": false
								},
								"down": {
									"texture": "#nail",
									"uv": [ 5.0, 5.0, 9.0, 8.5 ],
									"autoUv": false
								}
							},
							"children": [
								{
									"name": "Layer_0_nail0_top",
									"from": [ -0.2, 2.4, -0.2 ],
									"to": [ 0.6, 2.5, 0.6 ],
									"rotationOrigin": [ -0.3, 2.4, -0.4 ],
									"faces": {
										"north": {
											"texture": "#nail",
											"uv": [ 0.0, 0.0, 15.5, 2.5 ],
											"autoUv": false
										},
										"east": {
											"texture": "#nail",
											"uv": [ 0.0, 3.5, 16.0, 6.0 ],
											"autoUv": false
										},
										"south": {
											"texture": "#nail",
											"uv": [ 0.0, 7.5, 15.5, 10.0 ],
											"autoUv": false
										},
										"west": {
											"texture": "#nail",
											"uv": [ 0.0, 9.0, 16.0, 11.5 ],
											"autoUv": false
										},
										"up": {
											"texture": "#nail",
											"uv": [ 0.0, 0.5, 7.0, 8.0 ],
											"autoUv": false
										},
										"down": {
											"texture": "#nail",
											"uv": [ 0.0, 0.0, 7.0, 6.5 ],
											"autoUv": false
										}
									}
								}
							]
						},
						{
							"name": "Layer_0_nail1",
							"from": [ 0.1, -0.3, -0.5 ],
							"to": [ 0.5, 2.1, -0.1 ],
							"rotationOrigin": [ 0.0, -0.3, -0.7 ],
							"faces": {
								"north": {
									"texture": "#nail",
									"uv": [ 0.0, 0.0, 2.0, 7.5 ],
									"autoUv": false
								},
								"east": {
									"texture": "#nail",
									"uv": [ 3.5, 0.0, 6.0, 6.5 ],
									"autoUv": false
								},
								"south": {
									"texture": "#nail",
									"uv": [ 7.0, 0.5, 9.5, 8.5 ],
									"autoUv": false
								},
								"west": {
									"texture": "#nail",
									"uv": [ 11.0, 0.5, 13.5, 8.5 ],
									"autoUv": false
								},
								"up": {
									"texture": "#nail",
									"uv": [ 5.5, 7.0, 9.0, 10.0 ],
									"autoUv": false
								},
								"down": {
									"texture": "#nail",
									"uv": [ 5.0, 5.0, 9.0, 8.5 ],
									"autoUv": false
								}
							},
							"children": [
								{
									"name": "Layer_0_nail0_top2",
									"from": [ -0.2, 2.4, -0.2 ],
									"to": [ 0.6, 2.5, 0.6 ],
									"rotationOrigin": [ -0.3, 2.4, -0.4 ],
									"faces": {
										"north": {
											"texture": "#nail",
											"uv": [ 0.0, 0.0, 15.5, 2.5 ],
											"autoUv": false
										},
										"east": {
											"texture": "#nail",
											"uv": [ 0.0, 3.5, 16.0, 6.0 ],
											"autoUv": false
										},
										"south": {
											"texture": "#nail",
											"uv": [ 0.0, 7.5, 15.5, 10.0 ],
											"autoUv": false
										},
										"west": {
											"texture": "#nail",
											"uv": [ 0.0, 9.0, 16.0, 11.5 ],
											"autoUv": false
										},
										"up": {
											"texture": "#nail",
											"uv": [ 0.0, 0.5, 7.0, 8.0 ],
											"autoUv": false
										},
										"down": {
											"texture": "#nail",
											"uv": [ 0.0, 0.0, 7.0, 6.5 ],
											"autoUv": false
										}
									}
								}
							]
						},
						{
							"name": "Layer_0_nail2",
							"from": [ 0.1, -0.3, 8.1 ],
							"to": [ 0.5, 2.1, 8.5 ],
							"rotationOrigin": [ 0.0, -0.3, 7.9 ],
							"faces": {
								"north": {
									"texture": "#nail",
									"uv": [ 0.0, 0.0, 2.0, 7.5 ],
									"autoUv": false
								},
								"east": {
									"texture": "#nail",
									"uv": [ 3.5, 0.0, 6.0, 6.5 ],
									"autoUv": false
								},
								"south": {
									"texture": "#nail",
									"uv": [ 7.0, 0.5, 9.5, 8.5 ],
									"autoUv": false
								},
								"west": {
									"texture": "#nail",
									"uv": [ 11.0, 0.5, 13.5, 8.5 ],
									"autoUv": false
								},
								"up": {
									"texture": "#nail",
									"uv": [ 5.5, 7.0, 9.0, 10.0 ],
									"autoUv": false
								},
								"down": {
									"texture": "#nail",
									"uv": [ 5.0, 5.0, 9.0, 8.5 ],
									"autoUv": false
								}
							},
							"children": [
								{
									"name": "Layer_0_nail0_top3",
									"from": [ -0.2, 2.4, -0.2 ],
									"to": [ 0.6, 2.5, 0.6 ],
									"rotationOrigin": [ -0.3, 2.4, -0.4 ],
									"faces": {
										"north": {
											"texture": "#nail",
											"uv": [ 0.0, 0.0, 15.5, 2.5 ],
											"autoUv": false
										},
										"east": {
											"texture": "#nail",
											"uv": [ 0.0, 3.5, 16.0, 6.0 ],
											"autoUv": false
										},
										"south": {
											"texture": "#nail",
											"uv": [ 0.0, 7.5, 15.5, 10.0 ],
											"autoUv": false
										},
										"west": {
											"texture": "#nail",
											"uv": [ 0.0, 9.0, 16.0, 11.5 ],
											"autoUv": false
										},
										"up": {
											"texture": "#nail",
											"uv": [ 0.0, 0.5, 7.0, 8.0 ],
											"autoUv": false
										},
										"down": {
											"texture": "#nail",
											"uv": [ 0.0, 0.0, 7.0, 6.5 ],
											"autoUv": false
										}
									}
								}
							]
						},
						{
							"name": "Layer_0_nail3",
							"from": [ 4.1, -0.3, 8.1 ],
							"to": [ 4.5, 2.1, 8.5 ],
							"rotationOrigin": [ 4.0, -0.3, 7.9 ],
							"faces": {
								"north": {
									"texture": "#nail",
									"uv": [ 0.0, 0.0, 2.0, 7.5 ],
									"autoUv": false
								},
								"east": {
									"texture": "#nail",
									"uv": [ 3.5, 0.0, 6.0, 6.5 ],
									"autoUv": false
								},
								"south": {
									"texture": "#nail",
									"uv": [ 7.0, 0.5, 9.5, 8.5 ],
									"autoUv": false
								},
								"west": {
									"texture": "#nail",
									"uv": [ 11.0, 0.5, 13.5, 8.5 ],
									"autoUv": false
								},
								"up": {
									"texture": "#nail",
									"uv": [ 5.5, 7.0, 9.0, 10.0 ],
									"autoUv": false
								},
								"down": {
									"texture": "#nail",
									"uv": [ 5.0, 5.0, 9.0, 8.5 ],
									"autoUv": false
								}
							},
							"children": [
								{
									"name": "Layer_0_nail0_top4",
									"from": [ -0.2, 2.4, -0.2 ],
									"to": [ 0.6, 2.5, 0.6 ],
									"rotationOrigin": [ -0.3, 2.4, -0.4 ],
									"faces": {
										"north": {
											"texture": "#nail",
											"uv": [ 0.0, 0.0, 15.5, 2.5 ],
											"autoUv": false
										},
										"east": {
											"texture": "#nail",
											"uv": [ 0.0, 3.5, 16.0, 6.0 ],
											"autoUv": false
										},
										"south": {
											"texture": "#nail",
											"uv": [ 0.0, 7.5, 15.5, 10.0 ],
											"autoUv": false
										},
										"west": {
											"texture": "#nail",
											"uv": [ 0.0, 9.0, 16.0, 11.5 ],
											"autoUv": false
										},
										"up": {
											"texture": "#nail",
											"uv": [ 0.0, 0.5, 7.0, 8.0 ],
											"autoUv": false
										},
										"down": {
											"texture": "#nail",
											"uv": [ 0.0, 0.0, 7.0, 6.5 ],
											"autoUv": false
										}
									}
								}
							]
						}
					]
				},
				{
					"name": "Layer_5top",
					"from": [ 2.0, 9.0, 5.0 ],
					"to": [ 11.0, 10.0, 11.0 ],
					"rotationOrigin": [ 7.0, 9.0, 8.0 ],
					"faces": {
						"north": {
							"texture": "#metal",
							"uv": [ 7.0, 9.0, 16.0, 10.0 ]
						},
						"east": {
							"texture": "#metal",
							"uv": [ 10.0, 0.0, 16.0, 1.0 ]
						},
						"south": {
							"texture": "#metal",
							"uv": [ 7.0, 9.5, 16.0, 10.5 ]
						},
						"west": {
							"texture": "#metal",
							"uv": [ 0.0, 5.0, 6.0, 6.0 ]
						},
						"up": {
							"texture": "#metal",
							"uv": [ 2.0, 10.0, 11.0, 16.0 ]
						},
						"down": {
							"texture": "#metal",
							"uv": [ 0.0, 0.0, 9.0, 6.0 ]
						}
					},
					"children": [
						{
							"name": "Layer_5N",
							"from": [ -1.0, 0.0, 0.0 ],
							"to": [ 0.0, 1.0, 2.5 ],
							"rotationOrigin": [ 6.0, 0.0, 3.0 ],
							"faces": {
								"north": {
									"texture": "#metal",
									"uv": [ 0.0, 13.0, 1.0, 14.0 ]
								},
								"south": {
									"texture": "#metal",
									"uv": [ 0.0, 10.0, 1.0, 11.0 ]
								},
								"up": {
									"texture": "#metal",
									"uv": [ 1.0, 10.0, 2.0, 12.5 ]
								},
								"down": {
									"texture": "#metal",
									"uv": [ 0.0, 0.0, 1.0, 2.5 ]
								}
							}
						},
						{
							"name": "Layer_5S",
							"from": [ -1.0, 0.0, 3.5 ],
							"to": [ 0.0, 1.0, 6.0 ],
							"rotationOrigin": [ 6.0, 0.0, 6.5 ],
							"faces": {
								"north": {
									"texture": "#metal",
									"uv": [ 0.0, 13.0, 1.0, 14.0 ]
								},
								"south": {
									"texture": "#metal",
									"uv": [ 0.0, 10.0, 1.0, 11.0 ]
								},
								"up": {
									"texture": "#metal",
									"uv": [ 1.0, 13.5, 2.0, 16.0 ]
								},
								"down": {
									"texture": "#metal",
									"uv": [ 0.0, 0.0, 1.0, 2.5 ]
								}
							}
						},
						{
							"name": "Layer_5W",
							"from": [ -2.0, 0.0, 0.0 ],
							"to": [ -1.0, 1.0, 6.0 ],
							"rotationOrigin": [ 5.0, 0.0, 3.0 ],
							"faces": {
								"north": {
									"texture": "#metal",
									"uv": [ 0.0, 13.0, 1.0, 14.0 ]
								},
								"east": {
									"texture": "#metal",
									"uv": [ 2.0, 3.0, 8.0, 4.0 ]
								},
								"south": {
									"texture": "#metal",
									"uv": [ 0.0, 10.0, 1.0, 11.0 ]
								},
								"west": {
									"texture": "#metal",
									"uv": [ 0.0, 8.0, 6.0, 9.0 ]
								},
								"up": {
									"texture": "#metal",
									"uv": [ 0.0, 10.0, 1.0, 16.0 ]
								},
								"down": {
									"texture": "#metal",
									"uv": [ 0.0, 0.0, 1.0, 6.0 ]
								}
							}
						},
						{
							"name": "Horn",
							"from": [ 9.0, -1.5, 1.5 ],
							"to": [ 11.0, 1.0, 4.5 ],
							"rotationOrigin": [ 9.0, 1.0, 3.0 ],
							"faces": {
								"north": {
									"texture": "#metal",
									"uv": [ 2.0, 4.0, 4.0, 6.5 ]
								},
								"east": {
									"texture": "#metal",
									"uv": [ 8.0, 3.0, 11.0, 5.5 ]
								},
								"south": {
									"texture": "#metal",
									"uv": [ 0.0, 0.0, 2.0, 2.5 ]
								},
								"up": {
									"texture": "#metal",
									"uv": [ 11.0, 11.5, 13.0, 14.5 ]
								},
								"down": {
									"texture": "#metal",
									"uv": [ 12.0, 6.0, 14.0, 9.0 ]
								}
							},
							"children": [
								{
									"name": "Horn_nose",
									"from": [ 2.0, 0.5, 0.5 ],
									"to": [ 4.0, 2.5, 2.5 ],
									"rotationOrigin": [ 2.0, 2.5, 1.5 ],
									"faces": {
										"north": {
											"texture": "#metal",
											"uv": [ 13.0, 12.0, 15.0, 14.0 ]
										},
										"east": {
											"texture": "#metal",
											"uv": [ 12.0, 14.0, 14.0, 16.0 ]
										},
										"south": {
											"texture": "#metal",
											"uv": [ 0.0, 8.0, 2.0, 10.0 ]
										},
										"up": {
											"texture": "#metal",
											"uv": [ 13.0, 12.0, 15.0, 14.0 ]
										},
										"down": {
											"texture": "#metal",
											"uv": [ 11.0, 10.0, 13.0, 12.0 ]
										}
									}
								},
								{
									"name": "Horn_tip",
									"from": [ 4.0, 1.5, 1.0 ],
									"to": [ 5.0, 2.5, 2.0 ],
									"rotationOrigin": [ 4.0, 2.5, 1.5 ],
									"faces": {
										"north": {
											"texture": "#metal",
											"uv": [ 5.0, 8.0, 6.0, 9.0 ]
										},
										"east": {
											"texture": "#metal",
											"uv": [ 12.0, 14.0, 13.0, 15.0 ]
										},
										"south": {
											"texture": "#metal",
											"uv": [ 0.0, 8.0, 1.0, 9.0 ]
										},
										"up": {
											"texture": "#metal",
											"uv": [ 15.0, 12.5, 16.0, 13.5 ]
										},
										"down": {
											"texture": "#metal",
											"uv": [ 11.0, 0.0, 12.0, 1.0 ]
										}
									}
								}
							]
						}
					]
				},
				{
					"name": "Layer_4",
					"from": [ 2.0, 7.0, 6.0 ],
					"to": [ 11.0, 9.0, 10.0 ],
					"rotationOrigin": [ 7.0, 7.0, 8.0 ],
					"faces": {
						"north": {
							"texture": "#metal",
							"uv": [ 0.0, 8.0, 9.0, 10.0 ]
						},
						"east": {
							"texture": "#metal",
							"uv": [ 4.0, 4.0, 8.0, 6.0 ]
						},
						"south": {
							"texture": "#metal",
							"uv": [ 7.0, 3.0, 16.0, 5.0 ]
						},
						"west": {
							"texture": "#metal",
							"uv": [ 1.0, 2.0, 5.0, 4.0 ]
						},
						"down": {
							"texture": "#metal",
							"uv": [ 3.0, 3.0, 12.0, 7.0 ]
						}
					},
					"children": [
						{
							"name": "Layer_4N",
							"from": [ -1.0, 1.0, 0.0 ],
							"to": [ 0.0, 2.0, 1.5 ],
							"rotationOrigin": [ -3.0, -7.0, -6.0 ],
							"faces": {
								"north": {
									"texture": "#metal",
									"uv": [ 0.0, 8.0, 1.0, 9.0 ]
								},
								"south": {
									"texture": "#metal",
									"uv": [ 0.0, 10.0, 1.0, 11.0 ]
								},
								"west": {
									"texture": "#metal",
									"uv": [ 0.0, 0.0, 1.5, 1.0 ]
								},
								"down": {
									"texture": "#metal",
									"uv": [ 2.0, 0.0, 3.0, 1.5 ]
								}
							}
						},
						{
							"name": "Layer_4S",
							"from": [ -1.0, 1.0, 2.5 ],
							"to": [ 0.0, 2.0, 4.0 ],
							"rotationOrigin": [ -3.0, -7.0, -3.5 ],
							"faces": {
								"north": {
									"texture": "#metal",
									"uv": [ 0.0, 8.0, 1.0, 9.0 ]
								},
								"south": {
									"texture": "#metal",
									"uv": [ 6.0, 8.0, 7.0, 9.0 ]
								},
								"west": {
									"texture": "#metal",
									"uv": [ 2.0, 2.0, 3.5, 3.0 ]
								},
								"down": {
									"texture": "#metal",
									"uv": [ 1.0, 1.0, 2.0, 2.5 ]
								}
							}
						}
					]
				},
				{
					"name": "Layer_2neck",
					"from": [ 4.0, 3.0, 6.0 ],
					"to": [ 9.0, 7.0, 10.0 ],
					"rotationOrigin": [ 7.0, 3.0, 8.0 ],
					"faces": {
						"north": {
							"texture": "#metal",
							"uv": [ 3.0, 3.0, 8.0, 7.0 ]
						},
						"east": {
							"texture": "#metal",
							"uv": [ 12.0, 12.0, 16.0, 16.0 ]
						},
						"south": {
							"texture": "#metal",
							"uv": [ 2.0, 3.0, 7.0, 7.0 ]
						},
						"west": {
							"texture": "#metal",
							"uv": [ 0.0, 1.0, 4.0, 5.0 ]
						}
					},
					"children": [
						{
							"name": "Horn_nose18",
							"from": [ -1.0, 3.0, 1.0 ],
							"to": [ 6.0, 4.0, 3.0 ],
							"rotationOrigin": [ -1.0, 3.0, 2.0 ],
							"faces": {
								"north": {
									"texture": "#metal",
									"uv": [ 3.0, 8.0, 10.0, 9.0 ]
								},
								"east": {
									"texture": "#metal",
									"uv": [ 12.0, 14.0, 14.0, 15.0 ]
								},
								"south": {
									"texture": "#metal",
									"uv": [ 0.0, 8.0, 7.0, 9.0 ]
								},
								"west": {
									"texture": "#metal",
									"uv": [ 6.0, 0.0, 8.0, 1.0 ]
								},
								"down": {
									"texture": "#metal",
									"uv": [ 7.0, 3.0, 14.0, 5.0 ]
								}
							}
						}
					]
				},
				{
					"name": "Layer_1shoulder",
					"from": [ 4.0, 1.0, 5.0 ],
					"to": [ 9.0, 3.0, 11.0 ],
					"rotationOrigin": [ 7.0, 1.0, 8.0 ],
					"faces": {
						"north": {
							"texture": "#metal",
							"uv": [ 1.0, 2.0, 6.0, 4.0 ]
						},
						"east": {
							"texture": "#metal",
							"uv": [ 9.0, 1.0, 15.0, 3.0 ]
						},
						"south": {
							"texture": "#metal",
							"uv": [ 10.0, 3.0, 15.0, 5.0 ]
						},
						"west": {
							"texture": "#metal",
							"uv": [ 0.0, 5.5, 6.0, 7.5 ]
						},
						"up": {
							"texture": "#metal",
							"uv": [ 0.0, 0.0, 5.0, 6.0 ]
						}
					},
					"children": [
						{
							"name": "Layer_1left",
							"from": [ -1.0, 0.0, 1.0 ],
							"to": [ 0.0, 2.0, 5.0 ],
							"rotationOrigin": [ -4.0, -1.0, -4.0 ],
							"faces": {
								"north": {
									"texture": "#metal",
									"uv": [ 4.0, 0.0, 5.0, 2.0 ]
								},
								"south": {
									"texture": "#metal",
									"uv": [ 0.0, 3.0, 1.0, 5.0 ]
								},
								"west": {
									"texture": "#metal",
									"uv": [ 12.0, 3.0, 16.0, 5.0 ]
								},
								"up": {
									"texture": "#metal",
									"uv": [ 4.0, 2.0, 5.0, 6.0 ]
								}
							}
						},
						{
							"name": "Layer_1right",
							"from": [ 5.0, 0.0, 1.0 ],
							"to": [ 6.0, 2.0, 5.0 ],
							"rotationOrigin": [ 5.0, -1.0, 2.0 ],
							"faces": {
								"north": {
									"texture": "#metal",
									"uv": [ 15.0, 0.0, 16.0, 2.0 ]
								},
								"east": {
									"texture": "#metal",
									"uv": [ 11.0, 2.0, 15.0, 4.0 ]
								},
								"south": {
									"texture": "#metal",
									"uv": [ 6.0, 3.0, 7.0, 5.0 ]
								},
								"up": {
									"texture": "#metal",
									"uv": [ 14.0, 11.0, 15.0, 15.0 ]
								}
							}
						}
					]
				}
			]
		},
		{
			"name": "Log",
			"from": [ 0.0, 0.0, 0.0 ],
			"to": [ 0.0, 0.0, 0.0 ],
			"faces": {
				"north": {
					"texture": "#metal",
					"uv": [ 0.0, 0.0, 0.5, 0.5 ]
				},
				"east": {
					"texture": "#metal",
					"uv": [ 0.0, 0.0, 0.5, 0.5 ]
				},
				"south": {
					"texture": "#metal",
					"uv": [ 0.0, 0.0, 0.5, 0.5 ]
				},
				"west": {
					"texture": "#metal",
					"uv": [ 0.0, 0.0, 0.5, 0.5 ]
				},
				"up": {
					"texture": "#metal",
					"uv": [ 0.0, 0.0, 0.5, 0.5 ]
				},
				"down": {
					"texture": "#metal",
					"uv": [ 0.0, 0.0, 0.5, 0.5 ]
				}
			},
			"children": [
				{
					"name": "pine",
					"from": [ 0.0, 0.0, 1.0 ],
					"to": [ 14.0, 6.0, 15.0 ],
					"rotationOrigin": [ 0.0, 0.0, 1.0 ],
					"faces": {
						"north": {
							"texture": "#bark",
							"uv": [ 0.0, 0.0, 16.0, 6.0 ],
							"autoUv": false
						},
						"east": {
							"texture": "#bark",
							"uv": [ 0.0, 0.0, 16.0, 5.5 ],
							"autoUv": false
						},
						"south": {
							"texture": "#bark",
							"uv": [ 0.0, 0.0, 14.0, 6.0 ],
							"autoUv": false
						},
						"west": {
							"texture": "#bark",
							"uv": [ 0.0, 0.0, 16.0, 5.5 ],
							"autoUv": false
						},
						"up": {
							"texture": "#trunk",
							"uv": [ 0.0, 0.0, 16.0, 16.0 ],
							"autoUv": false
						},
						"down": {
							"texture": "#trunk",
							"uv": [ 0.0, 0.0, 16.0, 16.0 ],
							"autoUv": false
						}
					}
				}
			]
		},
		{
			"name": "Chain",
			"from": [ 6.0, 6.0, 8.0 ],
			"to": [ 6.0, 6.0, 8.0 ],
			"rotationOrigin": [ 6.0, 8.0, 8.0 ],
			"faces": {
			},
			"children": [
				{
					"name": "Chain_North",
					"from": [ 6.8, 1.5, -4.0 ],
					"to": [ 6.8, 1.5, -4.0 ],
					"rotationOrigin": [ 6.8, 1.5, -4.0 ],
					"rotationZ": 90.0,
					"faces": {
					},
					"children": [
						{
							"name": "linkW1",
							"from": [ -1.0, 9.8, 3.3 ],
							"to": [ 1.0, 12.8, 4.3 ],
							"rotationOrigin": [ 0.0, 11.3, 3.8 ],
							"rotationX": 90.0,
							"faces": {
								"north": {
									"texture": "#rusty-iron",
									"uv": [ 10.5, 1.0, 12.5, 4.0 ]
								},
								"east": {
									"texture": "#rusty-iron",
									"uv": [ 9.5, 12.5, 10.5, 15.5 ]
								},
								"south": {
									"texture": "#rusty-iron",
									"uv": [ 13.5, 5.5, 15.5, 8.5 ]
								},
								"west": {
									"texture": "#rusty-iron",
									"uv": [ 12.5, 4.5, 13.5, 7.5 ]
								},
								"up": {
									"texture": "#rusty-iron",
									"uv": [ 11.5, 8.5, 13.5, 9.5 ]
								},
								"down": {
									"texture": "#rusty-iron",
									"uv": [ 2.0, 11.5, 4.0, 12.5 ]
								}
							},
							"children": [
								{
									"name": "linkN1",
									"from": [ 0.5, -2.0, -0.5 ],
									"to": [ 1.5, 1.0, 1.5 ],
									"rotationOrigin": [ 1.0, -0.5, 0.5 ],
									"faces": {
										"north": {
											"texture": "#rusty-iron",
											"uv": [ 14.5, 3.5, 15.5, 6.5 ]
										},
										"east": {
											"texture": "#rusty-iron",
											"uv": [ 5.5, 10.0, 7.5, 13.0 ]
										},
										"south": {
											"texture": "#rusty-iron",
											"uv": [ 5.5, 6.5, 6.5, 9.5 ]
										},
										"west": {
											"texture": "#rusty-iron",
											"uv": [ 2.5, 5.0, 4.5, 8.0 ]
										},
										"up": {
											"texture": "#rusty-iron",
											"uv": [ 3.0, 13.5, 4.0, 15.5 ]
										},
										"down": {
											"texture": "#rusty-iron",
											"uv": [ 13.0, 4.0, 14.0, 6.0 ]
										}
									}
								}
							]
						},
						{
							"name": "linkW2",
							"from": [ -1.0, 9.0, 0.2 ],
							"to": [ 1.0, 12.0, 1.2 ],
							"rotationOrigin": [ 0.0, 10.5, 0.7 ],
							"rotationX": 22.5,
							"faces": {
								"north": {
									"texture": "#rusty-iron",
									"uv": [ 6.5, 2.5, 8.5, 5.5 ]
								},
								"east": {
									"texture": "#rusty-iron",
									"uv": [ 5.0, 6.0, 6.0, 9.0 ]
								},
								"south": {
									"texture": "#rusty-iron",
									"uv": [ 2.5, 3.5, 4.5, 6.5 ]
								},
								"west": {
									"texture": "#rusty-iron",
									"uv": [ 1.0, 6.5, 2.0, 9.5 ]
								},
								"up": {
									"texture": "#rusty-iron",
									"uv": [ 13.0, 3.0, 15.0, 4.0 ]
								},
								"down": {
									"texture": "#rusty-iron",
									"uv": [ 1.0, 13.5, 3.0, 14.5 ]
								}
							},
							"children": [
								{
									"name": "linkN2",
									"from": [ 0.5, -2.0, -0.5 ],
									"to": [ 1.5, 1.0, 1.5 ],
									"rotationOrigin": [ 1.0, -0.5, 0.5 ],
									"faces": {
										"north": {
											"texture": "#rusty-iron",
											"uv": [ 7.5, 9.5, 8.5, 12.5 ]
										},
										"east": {
											"texture": "#rusty-iron",
											"uv": [ 6.0, 8.5, 8.0, 11.5 ]
										},
										"south": {
											"texture": "#rusty-iron",
											"uv": [ 1.0, 3.0, 2.0, 6.0 ]
										},
										"west": {
											"texture": "#rusty-iron",
											"uv": [ 2.0, 2.5, 4.0, 5.5 ]
										},
										"up": {
											"texture": "#rusty-iron",
											"uv": [ 0.5, 3.5, 1.5, 5.5 ]
										},
										"down": {
											"texture": "#rusty-iron",
											"uv": [ 1.5, 10.5, 2.5, 12.5 ]
										}
									}
								}
							]
						},
						{
							"name": "linkW3",
							"from": [ -1.0, 5.0, -0.5 ],
							"to": [ 1.0, 8.0, 0.5 ],
							"rotationOrigin": [ 0.0, 6.5, 0.0 ],
							"faces": {
								"north": {
									"texture": "#rusty-iron",
									"uv": [ 11.0, 1.5, 13.0, 4.5 ]
								},
								"east": {
									"texture": "#rusty-iron",
									"uv": [ 6.0, 3.0, 7.0, 6.0 ]
								},
								"south": {
									"texture": "#rusty-iron",
									"uv": [ 11.5, 4.5, 13.5, 7.5 ]
								},
								"west": {
									"texture": "#rusty-iron",
									"uv": [ 12.0, 1.0, 13.0, 4.0 ]
								},
								"up": {
									"texture": "#rusty-iron",
									"uv": [ 9.0, 3.0, 11.0, 4.0 ]
								},
								"down": {
									"texture": "#rusty-iron",
									"uv": [ 1.0, 8.5, 3.0, 9.5 ]
								}
							},
							"children": [
								{
									"name": "linkN3",
									"from": [ 0.5, -2.0, -0.5 ],
									"to": [ 1.5, 1.0, 1.5 ],
									"rotationOrigin": [ 1.0, -0.5, 0.5 ],
									"faces": {
										"north": {
											"texture": "#rusty-iron",
											"uv": [ 14.5, 9.0, 15.5, 12.0 ]
										},
										"east": {
											"texture": "#rusty-iron",
											"uv": [ 10.0, 11.0, 12.0, 14.0 ]
										},
										"south": {
											"texture": "#rusty-iron",
											"uv": [ 6.0, 10.5, 7.0, 13.5 ]
										},
										"west": {
											"texture": "#rusty-iron",
											"uv": [ 8.5, 8.0, 10.5, 11.0 ]
										},
										"up": {
											"texture": "#rusty-iron",
											"uv": [ 11.5, 8.0, 12.5, 10.0 ]
										},
										"down": {
											"texture": "#rusty-iron",
											"uv": [ 9.0, 3.0, 10.0, 5.0 ]
										}
									}
								}
							]
						},
						{
							"name": "linkW4",
							"from": [ -1.0, 1.1, 0.4 ],
							"to": [ 1.0, 4.1, 1.4 ],
							"rotationOrigin": [ 0.0, 2.6, 0.9 ],
							"rotationX": -67.5,
							"faces": {
								"north": {
									"texture": "#rusty-iron",
									"uv": [ 12.5, 3.5, 14.5, 6.5 ]
								},
								"east": {
									"texture": "#rusty-iron",
									"uv": [ 7.0, 1.5, 8.0, 4.5 ]
								},
								"south": {
									"texture": "#rusty-iron",
									"uv": [ 8.5, 12.0, 10.5, 15.0 ]
								},
								"west": {
									"texture": "#rusty-iron",
									"uv": [ 8.5, 4.0, 9.5, 7.0 ]
								},
								"up": {
									"texture": "#rusty-iron",
									"uv": [ 10.5, 0.5, 12.5, 1.5 ]
								},
								"down": {
									"texture": "#rusty-iron",
									"uv": [ 0.0, 5.5, 2.0, 6.5 ]
								}
							},
							"children": [
								{
									"name": "linkN4",
									"from": [ 0.5, -2.0, -0.5 ],
									"to": [ 1.5, 1.0, 1.5 ],
									"rotationOrigin": [ 1.0, -0.5, 0.5 ],
									"faces": {
										"north": {
											"texture": "#rusty-iron",
											"uv": [ 2.5, 11.5, 3.5, 14.5 ]
										},
										"east": {
											"texture": "#rusty-iron",
											"uv": [ 1.0, 4.0, 3.0, 7.0 ]
										},
										"south": {
											"texture": "#rusty-iron",
											"uv": [ 5.0, 2.5, 6.0, 5.5 ]
										},
										"west": {
											"texture": "#rusty-iron",
											"uv": [ 0.5, 2.5, 2.5, 5.5 ]
										},
										"up": {
											"texture": "#rusty-iron",
											"uv": [ 13.5, 10.0, 14.5, 12.0 ]
										},
										"down": {
											"texture": "#rusty-iron",
											"uv": [ 3.5, 8.0, 4.5, 10.0 ]
										}
									}
								}
							]
						}
					]
				},
				{
					"name": "Chain_South",
					"from": [ -6.2, 1.6, 4.0 ],
					"to": [ -6.2, 1.6, 4.0 ],
					"rotationOrigin": [ -6.2, 1.6, 4.0 ],
					"rotationX": -180.0,
					"rotationZ": -90.0,
					"faces": {
					},
					"children": [
						{
							"name": "linkW5",
							"from": [ -1.0, 10.0, 2.9 ],
							"to": [ 1.0, 13.0, 3.9 ],
							"rotationOrigin": [ 0.0, 11.5, 3.4 ],
							"rotationX": 90.0,
							"faces": {
								"north": {
									"texture": "#rusty-iron",
									"uv": [ 10.5, 1.0, 12.5, 4.0 ]
								},
								"east": {
									"texture": "#rusty-iron",
									"uv": [ 9.5, 12.5, 10.5, 15.5 ]
								},
								"south": {
									"texture": "#rusty-iron",
									"uv": [ 13.5, 5.5, 15.5, 8.5 ]
								},
								"west": {
									"texture": "#rusty-iron",
									"uv": [ 12.5, 4.5, 13.5, 7.5 ]
								},
								"up": {
									"texture": "#rusty-iron",
									"uv": [ 11.5, 8.5, 13.5, 9.5 ]
								},
								"down": {
									"texture": "#rusty-iron",
									"uv": [ 2.0, 11.5, 4.0, 12.5 ]
								}
							},
							"children": [
								{
									"name": "linkN5",
									"from": [ 0.5, -2.0, -0.5 ],
									"to": [ 1.5, 1.0, 1.5 ],
									"rotationOrigin": [ 1.0, -0.5, 0.5 ],
									"faces": {
										"north": {
											"texture": "#rusty-iron",
											"uv": [ 14.5, 3.5, 15.5, 6.5 ]
										},
										"east": {
											"texture": "#rusty-iron",
											"uv": [ 5.5, 10.0, 7.5, 13.0 ]
										},
										"south": {
											"texture": "#rusty-iron",
											"uv": [ 5.5, 6.5, 6.5, 9.5 ]
										},
										"west": {
											"texture": "#rusty-iron",
											"uv": [ 2.5, 5.0, 4.5, 8.0 ]
										},
										"up": {
											"texture": "#rusty-iron",
											"uv": [ 3.0, 13.5, 4.0, 15.5 ]
										},
										"down": {
											"texture": "#rusty-iron",
											"uv": [ 13.0, 4.0, 14.0, 6.0 ]
										}
									}
								}
							]
						},
						{
							"name": "linkW6",
							"from": [ -1.0, 9.0, -0.5 ],
							"to": [ 1.0, 12.0, 0.5 ],
							"rotationOrigin": [ 0.0, 10.5, 0.0 ],
							"faces": {
								"north": {
									"texture": "#rusty-iron",
									"uv": [ 6.5, 2.5, 8.5, 5.5 ]
								},
								"east": {
									"texture": "#rusty-iron",
									"uv": [ 5.0, 6.0, 6.0, 9.0 ]
								},
								"south": {
									"texture": "#rusty-iron",
									"uv": [ 2.5, 3.5, 4.5, 6.5 ]
								},
								"west": {
									"texture": "#rusty-iron",
									"uv": [ 1.0, 6.5, 2.0, 9.5 ]
								},
								"up": {
									"texture": "#rusty-iron",
									"uv": [ 13.0, 3.0, 15.0, 4.0 ]
								},
								"down": {
									"texture": "#rusty-iron",
									"uv": [ 1.0, 13.5, 3.0, 14.5 ]
								}
							},
							"children": [
								{
									"name": "linkN6",
									"from": [ 0.5, -2.0, -0.5 ],
									"to": [ 1.5, 1.0, 1.5 ],
									"rotationOrigin": [ 1.0, -0.5, 0.5 ],
									"faces": {
										"north": {
											"texture": "#rusty-iron",
											"uv": [ 7.5, 9.5, 8.5, 12.5 ]
										},
										"east": {
											"texture": "#rusty-iron",
											"uv": [ 6.0, 8.5, 8.0, 11.5 ]
										},
										"south": {
											"texture": "#rusty-iron",
											"uv": [ 1.0, 3.0, 2.0, 6.0 ]
										},
										"west": {
											"texture": "#rusty-iron",
											"uv": [ 2.0, 2.5, 4.0, 5.5 ]
										},
										"up": {
											"texture": "#rusty-iron",
											"uv": [ 0.5, 3.5, 1.5, 5.5 ]
										},
										"down": {
											"texture": "#rusty-iron",
											"uv": [ 1.5, 10.5, 2.5, 12.5 ]
										}
									}
								}
							]
						},
						{
							"name": "linkW7",
							"from": [ -1.0, 5.0, -0.5 ],
							"to": [ 1.0, 8.0, 0.5 ],
							"rotationOrigin": [ 0.0, 6.5, 0.0 ],
							"faces": {
								"north": {
									"texture": "#rusty-iron",
									"uv": [ 11.0, 1.5, 13.0, 4.5 ]
								},
								"east": {
									"texture": "#rusty-iron",
									"uv": [ 6.0, 3.0, 7.0, 6.0 ]
								},
								"south": {
									"texture": "#rusty-iron",
									"uv": [ 11.5, 4.5, 13.5, 7.5 ]
								},
								"west": {
									"texture": "#rusty-iron",
									"uv": [ 12.0, 1.0, 13.0, 4.0 ]
								},
								"up": {
									"texture": "#rusty-iron",
									"uv": [ 9.0, 3.0, 11.0, 4.0 ]
								},
								"down": {
									"texture": "#rusty-iron",
									"uv": [ 1.0, 8.5, 3.0, 9.5 ]
								}
							},
							"children": [
								{
									"name": "linkN7",
									"from": [ 0.5, -2.0, -0.5 ],
									"to": [ 1.5, 1.0, 1.5 ],
									"rotationOrigin": [ 1.0, -0.5, 0.5 ],
									"faces": {
										"north": {
											"texture": "#rusty-iron",
											"uv": [ 14.5, 9.0, 15.5, 12.0 ]
										},
										"east": {
											"texture": "#rusty-iron",
											"uv": [ 10.0, 11.0, 12.0, 14.0 ]
										},
										"south": {
											"texture": "#rusty-iron",
											"uv": [ 6.0, 10.5, 7.0, 13.5 ]
										},
										"west": {
											"texture": "#rusty-iron",
											"uv": [ 8.5, 8.0, 10.5, 11.0 ]
										},
										"up": {
											"texture": "#rusty-iron",
											"uv": [ 11.5, 8.0, 12.5, 10.0 ]
										},
										"down": {
											"texture": "#rusty-iron",
											"uv": [ 9.0, 3.0, 10.0, 5.0 ]
										}
									}
								}
							]
						},
						{
							"name": "linkW8",
							"from": [ -1.0, 1.5, 0.3 ],
							"to": [ 1.0, 4.5, 1.3 ],
							"rotationOrigin": [ 0.0, 3.0, 0.8 ],
							"rotationX": -67.5,
							"faces": {
								"north": {
									"texture": "#rusty-iron",
									"uv": [ 12.5, 3.5, 14.5, 6.5 ]
								},
								"east": {
									"texture": "#rusty-iron",
									"uv": [ 7.0, 1.5, 8.0, 4.5 ]
								},
								"south": {
									"texture": "#rusty-iron",
									"uv": [ 8.5, 12.0, 10.5, 15.0 ]
								},
								"west": {
									"texture": "#rusty-iron",
									"uv": [ 8.5, 4.0, 9.5, 7.0 ]
								},
								"up": {
									"texture": "#rusty-iron",
									"uv": [ 10.5, 0.5, 12.5, 1.5 ]
								},
								"down": {
									"texture": "#rusty-iron",
									"uv": [ 0.0, 5.5, 2.0, 6.5 ]
								}
							},
							"children": [
								{
									"name": "linkN8",
									"from": [ 0.5, -2.0, -0.5 ],
									"to": [ 1.5, 1.0, 1.5 ],
									"rotationOrigin": [ 1.0, -0.5, 0.5 ],
									"faces": {
										"north": {
											"texture": "#rusty-iron",
											"uv": [ 2.5, 11.5, 3.5, 14.5 ]
										},
										"east": {
											"texture": "#rusty-iron",
											"uv": [ 1.0, 4.0, 3.0, 7.0 ]
										},
										"south": {
											"texture": "#rusty-iron",
											"uv": [ 5.0, 2.5, 6.0, 5.5 ]
										},
										"west": {
											"texture": "#rusty-iron",
											"uv": [ 0.5, 2.5, 2.5, 5.5 ]
										},
										"up": {
											"texture": "#rusty-iron",
											"uv": [ 13.5, 10.0, 14.5, 12.0 ]
										},
										"down": {
											"texture": "#rusty-iron",
											"uv": [ 3.5, 8.0, 4.5, 10.0 ]
										}
									}
								}
							]
						},
						{
							"name": "linkW9",
							"from": [ -1.0, 11.0, 3.0 ],
							"to": [ 1.0, 14.0, 4.0 ],
							"rotationOrigin": [ 0.0, 12.5, 3.5 ],
							"rotationX": -180.0,
							"rotationY": -22.5,
							"rotationZ": -22.5,
							"faces": {
								"north": {
									"texture": "#rusty-iron",
									"uv": [ 10.5, 1.0, 12.5, 4.0 ]
								},
								"east": {
									"texture": "#rusty-iron",
									"uv": [ 9.5, 12.5, 10.5, 15.5 ]
								},
								"south": {
									"texture": "#rusty-iron",
									"uv": [ 13.5, 5.5, 15.5, 8.5 ]
								},
								"west": {
									"texture": "#rusty-iron",
									"uv": [ 12.5, 4.5, 13.5, 7.5 ]
								},
								"up": {
									"texture": "#rusty-iron",
									"uv": [ 11.5, 8.5, 13.5, 9.5 ]
								},
								"down": {
									"texture": "#rusty-iron",
									"uv": [ 2.0, 11.5, 4.0, 12.5 ]
								}
							},
							"children": [
								{
									"name": "linkN9",
									"from": [ 0.5, -2.0, -0.5 ],
									"to": [ 1.5, 1.0, 1.5 ],
									"rotationOrigin": [ 1.0, -0.5, 0.5 ],
									"faces": {
										"north": {
											"texture": "#rusty-iron",
											"uv": [ 14.5, 3.5, 15.5, 6.5 ]
										},
										"east": {
											"texture": "#rusty-iron",
											"uv": [ 5.5, 10.0, 7.5, 13.0 ]
										},
										"south": {
											"texture": "#rusty-iron",
											"uv": [ 5.5, 6.5, 6.5, 9.5 ]
										},
										"west": {
											"texture": "#rusty-iron",
											"uv": [ 2.5, 5.0, 4.5, 8.0 ]
										},
										"up": {
											"texture": "#rusty-iron",
											"uv": [ 3.0, 13.5, 4.0, 15.5 ]
										},
										"down": {
											"texture": "#rusty-iron",
											"uv": [ 13.0, 4.0, 14.0, 6.0 ]
										}
									}
								}
							]
						}
					]
				}
			]
		}
	]
}