{
	"code": "grain",
	"maxstacksize": 64,
	"behaviors": [
		{ "name": "GroundStorable", "properties": { "layout": 'Quadrants', "collisionBox": { x1: 0, y1: 0, z1: 0, x2: 1, y2: 0.125, z2: 1 } } }
	],
	"attributes": {
		"inContainerTexture": { base: "game:block/food/grain/flax" },
		"groundStorageTransform": {
			translation: { x: 0.025, y: -0.075, z: 0.025 },
			scale: 0.86
		}
	},
	attributesByType: {
		"*": { "foodTags": ["{type}"], "nutritionPropsWhenInMeal": { "satiety": 240, "foodcategory": "Grain" }}
	},
	"variantgroups": [
		{ "code": "type", "states": ["themedatriandra" ] }
	],
	"texture": { "base": "game:block/food/grain/flax-pile" },
	"shape": { "base": "game:item/resource/crushed/normal"  },
	"creativeinventory": { "general": ["*"], "items": ["*"] },
	"nutritionPropsByType": {
		"*": {
			"satiety": 60, 
			"foodcategory": "Grain"
		},
	},
	"transitionableProps": [{
		"type": "Perish",
		"freshHours": { "avg": 2160 },
		"transitionHours": { "avg": 224 },
		"transitionedStack": { "type": "item", "code": "game:rot" },
		"transitionRatio": 0.25
	}],
	"grindingProps": {
		"groundStack": { "type": "item", "code": "flour-{type}" }
	},
	"materialDensity": 600,	
	"guiTransform": {
		translation: { x: 0, y: 0, z: -25 },
		rotation: { x: 171, y: 57, z: -20 },
		origin: { x: 0.46, y: 0.11, z: 0.39 },
		scale: 2.64
	},
	fpHandTransform: {
		translation: { x: 0.1, y: 0.16, z: 0 },
		rotation: { x: 37, y: 77, z: 2 },
		origin: { x: 0.5, y: 0.1, z: 0.5 },
		scale: 1.95
	},
	tpHandTransform: {
		"translation": { "x": -0.04, "y": -0.6, "z": -0.8 },
		"rotation": { "x": 119, "y": -7, "z": -72 },
		"origin": { "x": -0.1, "y": 0.32, "z": 0.82 },
		"scale": 0.48
	},
	groundTransform: {
		translation: { x: 0, y: 0, z: 0 },
		rotation: { x: 3, y: 1, z: 0 },
		origin: { x: 0.5, y: 0, z: 0.5 },
		scale: 3
	},
	"heldRightReadyAnimationByType": {
		"*": "holdbothhands"
	},
	"heldTpIdleAnimationByType": {
		"*": "holdbothhands"
    }
}