{
	"code": "pickledvegetable",
	"maxstacksize": 64,
    "variantgroups": [
		{ "code": "type", "states": ["ipomoeacostata","solanumellipticum"] }
    ],
		"crockable": true,
		"inPieProperties": { "texture": "game:block/food/pie/fill-cabbage", "partType": 'Filling' },
		  "materialDensityByType": {
    "*": 600
  },
	"attributesByType": {
			"foodTags": ["{type}"],
		"*-ipomoeacostata": {
			"nutritionPropsWhenInMeal": { 
				"satiety":   80,
				"foodcategory": "Vegetable" }
	},
		"*-solanumellipticum": {
			"nutritionPropsWhenInMeal": { 
				"satiety":   80,
				"foodcategory": "Vegetable" }
	}
	},
	"shapebytype": {
		"*": { "base": "item/food/vegetable/{type}" }
	},
	"texturebytype": {
		"*": { "base": "item/food/vegetable/{type}-pickled" }
	},
	"creativeinventory": { "general": ["*"], "items": ["*"] },
	"nutritionPropsByType": {
		"*-ipomoeacostata": { "satiety": 70, "foodcategory": "Vegetable" },
		"*-solanumellipticum": { "satiety": 70, "foodcategory": "Vegetable" }
	},
	"transitionablePropsByType": {
		"*-ipomoeacostata": [{
			"type": "Perish",
			"freshHours": { "avg": 1800 },
			"transitionHours": { "avg": 240 },
			"transitionedStack": { "type": "item", "code": "game:rot" },
			"transitionRatio": 0.5
		}],
		"*-solanumellipticum": [{
			"type": "Perish",
			"freshHours": { "avg": 1800 },
			"transitionHours": { "avg": 240 },
			"transitionedStack": { "type": "item", "code": "game:rot" },
			"transitionRatio": 0.5
		}]
	},
	"guiTransformByType": {
		"*": {
			"translation": { "x": 2.5, "y": 1, "z": 0 },
			"rotation": { "x": 137, "y": 131, "z": 0 },
			"origin": { "x": 0.5, "y": 0.2, "z": 0.5 },
			"scale": 2.6
		}
	},
	"fpHandTransformByType": {
		"*": {
			"translation": { "x": 0, "y": 0, "z": 0 },
			"rotation": { "x": 51, "y": 90, "z": -30 },
			"scale": 1.9
		}
	},
	"tpHandTransformByType": {
		"*": {
			"translation": { "x": -0.7, "y": -0.14, "z": -0.6 },
			"rotation": { "x": 1, "y": -1, "z": -31 },
			"origin": { "x": 0.5, "y": 0.1, "z": 0.5 },
			"scale": 0.79
		}
	},
	"groundTransformByType": {
		"*": {
			"translation": { "x": 0, "y": 0, "z": 0 },
			"rotation": { "x": 0, "y": 0, "z": 0 },
			"origin": { "x": 0.5, "y": 0, "z": 0.5 },
			"scale": 3.5
		}
	}}