[
  {
    "file": "monoceros:itemtypes/wearable.json",
    "op": "addmerge",
    "path": "/attributes/attachableToEntity/attachedShapeBySlotCodeByType/*-saddle1",
    "side": "Server",
    "value": {
      "*-ferus": { "base": "equus:item/wearable/{type}-ferus"}
    },
    "dependsOn": [
        {
          "modid": "monoceros"
        }
      ]
  },
    {
    "file": "monoceros:itemtypes/wearable.json",
    "op": "addmerge",
    "path": "/attributes/attachableToEntity/attachedShapeBySlotCodeByType/*-saddlepelt",
    "side": "Server",
    "value": {
      "*-ferus": { "base": "equus:item/wearable/{type}-ferus"}
    },
    "dependsOn": [
        {
          "modid": "monoceros"
        }
      ]
  },
  {
    "file": "monoceros:itemtypes/wearable.json",
    "op": "addmerge",
    "path": "/attributes/attachableToEntity/attachedShapeBySlotCodeByType/*-bridle1",
    "side": "Server",
    "value": {
      "*-ferus": { "base": "equus:item/wearable/{type}-ferus"}
    },
    "dependsOn": [
        {
          "modid": "monoceros"
        }
      ]
  },
  {
    "file": "monoceros:itemtypes/wearable.json",
    "op": "addmerge",
    "path": "/attributes/attachableToEntity/attachedShapeBySlotCodeByType/*-bridle2",
    "side": "Server",
    "value": {
      "*-ferus": { "base": "equus:item/wearable/{type}-ferus"}
    },
    "dependsOn": [
        {
          "modid": "monoceros"
        }
      ]
  },
    {
    "file": "monoceros:itemtypes/wearable.json",
    "op": "addmerge",
    "path": "/attributes/attachableToEntity/attachedShapeBySlotCodeByType/*-bridlerope",
    "side": "Server",
    "value": {
      "*-ferus": { "base": "equus:item/wearable/{type}-ferus"}
    },
    "dependsOn": [
        {
          "modid": "monoceros"
        }
      ]
  },
    {
    "op": "remove",
    "path": "/attributes/attachableToEntity/attachedShapeBySlotCodeByType/*-face*/*",
    "file": "game:itemtypes/wearable/hooved.json",
    "side": "Server"
  },
  {
    "op": "addmerge",
    "path": "/attributes/attachableToEntity/attachedShapeBySlotCodeByType/*-face*/*-ferus",
    "value": {
      "base": "equus:item/wearable/face/{type}-ferus"
    },
    "file": "game:itemtypes/wearable/hooved.json",
    "side": "Server"
  },
  {
    "op": "addmerge",
    "path": "/attributes/attachableToEntity/attachedShapeBySlotCodeByType/*-face*/*",
    "value": {
      "base": "game:item/wearable/hooved/face/{type}-elk"
    },
    "file": "game:itemtypes/wearable/hooved.json",
    "side": "Server"
  }

]

