[
  {
    "file": "fagreenwich:itemtypes/wearable/greenwich/fa-greenwich-legs",
    "op": "addmerge",
    "path": "/behaviors",
    "dependsOn": [{ "modId": "combatoverhaul" }],
    "value": [
      {
        "name": "CombatOverhaul:Armor",
        "propertiesByType": {
          "fa-greenwich-legs-steel-*": {
            "Layers": ["Outer","Middle","Skin"],
            "Zones": ["Legs", "Feet"],
            "Resists": {
              "PiercingAttack": 13,
              "SlashingAttack": 15,
              "BluntAttack": 15
            },
            "FlatReduction": {},
            "PlayerStats": {
              "walkspeed": -0.18,
              "manipulationSpeed": 0,
              "steadyAim": 0,
              "healingeffectivness": -0.18,
              "hungerrate": 0.18
            }
          },
          "fa-greenwich-legs-*iron-*": {
            "Layers": ["Outer","Middle","Skin"],
            "Zones": ["Legs", "Feet"],
            "Resists": {
              "PiercingAttack": 11,
              "SlashingAttack": 13,
              "BluntAttack": 13
            },
            "FlatReduction": {},
            "PlayerStats": {
              "walkspeed": -0.18,
              "manipulationSpeed": 0,
              "steadyAim": 0,
              "healingeffectivness": -0.18,
              "hungerrate": 0.18
            },
          }
        }
      }
    ]
  },
  {
    "file": "fagreenwich:itemtypes/wearable/greenwich/fa-greenwich-legs",
    "op": "replace",
    "path": "/durabilityByType",
    "dependsOn": [{ "modId": "combatoverhaul" }],
    "value": {
        "fa-greenwich-legs-steel-*": 35000,
        "fa-greenwich-legs-meteoriciron-*": 19100,
        "fa-greenwich-legs-iron-*": 16300,
    }
  },
  {
    "file": "fagreenwich:itemtypes/wearable/greenwich/fa-greenwich-legs",
    "dependsOn": [{ "modId": "combatoverhaul" }],
    "op": "replace",
    "path": "/attributes/protectionModifiersByType",
    "value": { "*": null }
  },
  {
    "file": "fagreenwich:itemtypes/wearable/greenwich/fa-greenwich-legs",
    "dependsOn": [{ "modId": "combatoverhaul" }],
    "op": "replace",
    "path": "/attributes/statModifiersByType",
    "value": { "*": null }
  },
  {
    "file": "fagreenwich:itemtypes/wearable/greenwich/fa-greenwich-legs",
    "dependsOn": [{ "modId": "combatoverhaul" }],
    "op": "replace",
    "path": "/class",
    "value": "CombatOverhaul:WearableArmor"
  },
  {
    "file": "fagreenwich:itemtypes/wearable/greenwich/fa-greenwich-legs",
    "dependsOn": [{ "modId": "combatoverhaul" }],
    "op": "add",
    "path": "/attributes/materialCountByType",
    "value": { "*-legs-*": 8 }
  },  

]
