﻿{
  "code": "summonedobject",
  "classByType": {
    "*": "ItemSummonedObjectRM"
  },
  "enabled": true,

  "storageFlags": 131329,

  "variantgroups": [
    {
      "code": "glyphs",
      "states": [ "none" ],
      "loadFromProperties": "rustboundmagic:abstract/glyphs"
    },
    {
      "code": "state",
      "states": [ "unstable", "permanent", "admin" ]
    }
  ],
  "allowedVariants": [ "*-weapon1-*", "*-weapon2-*", "*-weapon3-*" ],
  "skipVariants": [ "*-permanent", "*-admin" ],

  "behaviors": [
    {
      "name": "GroundStorable",
      "properties": {
        "layout": "WallHalves",
        "wallOffYByType": {
          "*": 1
        },
        "ctrlKey": true,
        "selectionBox": {
          "x1": 0,
          "y1": 0,
          "z1": 0,
          "x2": 1,
          "y2": 0.1,
          "z2": 1
        },
        "collisionBox": {
          "x1": 0,
          "y1": 0,
          "z1": 0,
          "x2": 0,
          "y2": 0,
          "z2": 0
        }
      }
    },
    { "name": "AnimationAuthoritative" }
  ],

  "attributesByType": {
    "*": {
      "heldItemPitchFollow": 0.9,
      "rackable": true,
      "toolrackTransformByType": {
        "*": {
          "rotation": {
            "x": -1,
            "y": 180,
            "z": 1
          },
          "translation": {
            "x": 0.49,
            "y": 0.62,
            "z": -0.02
          },
          "scale": 1.25
        }
      },
      "groundStorageTransformByType": {
        "*": {
          "translation": {
            "x": 0.0,
            "y": 0.68,
            "z": 0.05
          },
          "rotation": {
            "x": 41,
            "y": 90,
            "z": -87
          },
          "scale": 0.88
        }
      },

      "handbookByType": {
        "*": {
          "groupBy": [ "summonedobject-*" ],
          "extraSections": [
            {
              "title": "game:Created by",
              "text": "rustboundmagic:handbook-thaumicworkbenchonlytier1-text"
            },
            {
              "title": "rustboundmagic:handbook-magictooluse-title",
              "text": "rustboundmagic:handbook-toolusespellcastingsinglespell-text"
            }
          ]
        }
      }
    }
  },

  "creativeinventory": {
    "general": [ "*" ],
    "items": [ "*" ],
    "tools": [ "*" ],
    "rustboundmagicequipment": [ "*" ]
  },

  "maxstacksize": 1,
  "materialDensity": 1200,

  "shapeByType": {
    "*": { "base": "items/spells/summoneditems/{glyphs}" }
  },
  "texturesByType": {
    "*-weapon1-*": {
      "default": { "base": "default" },
      "eldrathium": { "base": "items/spells/summoneditems/tier0-handle" },
      "handle1": { "base": "items/spells/summoneditems/tier0-handle" },
      "handle2": { "base": "game:block/linen" },
      "decal1": { "base": "default" },
      "material1": { "base": "items/spells/summoneditems/tier1-metal" },
      "material2": { "base": "items/spells/summoneditems/tier1-metal" },
      "material3": { "base": "items/spells/summoneditems/tier1-metal" },
      "string": { "base": "items/resources/shiftingfibers" }
    },
    "*-weapon2-*": {
      "default": { "base": "default" },
      "eldrathium": { "base": "items/spells/summoneditems/tier0-handle" },
      "handle1": { "base": "items/spells/summoneditems/tier0-handle" },
      "handle2": { "base": "game:block/linen" },
      "decal1": { "base": "default" },
      "material1": { "base": "items/spells/summoneditems/tier2-metal" },
      "material2": { "base": "items/spells/summoneditems/tier2-metal" },
      "material3": { "base": "items/spells/summoneditems/tier2-metal" },
      "string": { "base": "items/resources/shiftingfibers" }
    },
    "*-weapon3-*": {
      "default": { "base": "default" },
      "eldrathium": { "base": "items/spells/summoneditems/tier0-handle" },
      "handle1": { "base": "items/spells/summoneditems/tier0-handle" },
      "handle2": { "base": "game:block/linen" },
      "decal1": { "base": "default" },
      "material1": { "base": "items/spells/summoneditems/tier3-metal" },
      "material2": { "base": "items/spells/summoneditems/tier3-metal" },
      "material3": { "base": "items/spells/summoneditems/tier3-metal" },
      "string": { "base": "items/resources/shiftingfibers" }
    }
  },

  "damagedby": [ "blockbreaking", "attacking" ],

  "heldTpHitAnimation": "breaktool",

  "attackRange": 2,

  "durabilityByType": {
    "*-weapon1-*": 150,
    "*-weapon2-*": 200,
    "*-weapon3-*": 250
  },

  "tooltierByType": {
    "*-weapon1-*": 1,
    "*-weapon2-*": 2,
    "*-weapon3-*": 4
  },

  "attackpowerByType": {
    "*-weapon1-*": 2,
    "*-weapon2-*": 3.5,
    "*-weapon3-*": 5
  },

  "transitionablePropsByType": {
    "*-unstable": [
      {
        "type": "Harden",
        "freshHours": { "avg": 0 },
        "transitionHoursByType": {
          "*-weapon1-*": { "avg": 24 },
          "*-weapon2-*": { "avg": 48 },
          "*-weapon3-*": { "avg": 96 },
          "*": { "avg": 4 }
        },
        "transitionedStack": {
          "type": "item",
          "code": "game:rot"
        },
        "transitionRatio": 0
      }
    ]
  },

  "guiTransformByType": {
    "*": {
      "translation": {
        "x": 0,
        "y": 0,
        "z": 0
      },
      "rotation": {
        "x": -77,
        "y": 46,
        "z": 15
      },
      "origin": {
        "x": 0.89,
        "y": 0,
        "z": 0.45
      },
      "scale": 2
    }
  },
  "groundTransformByType": {
    "*": {
      "translation": {
        "x": 0,
        "y": 0,
        "z": 0
      },
      "rotation": {
        "x": 0,
        "y": 0,
        "z": 0
      },
      "origin": {
        "x": 0.5,
        "y": 0,
        "z": 0.5
      },
      "scale": 4.5
    }
  },
  "fpHandTransformByType": {
    "*": {
      "translation": {
        "x": -0.5,
        "y": -0.2,
        "z": 0
      },
      "rotation": {
        "x": -33,
        "y": 7,
        "z": 90
      },
      "scale": 2.75
    }
  },
  "tpHandTransformByType": {
    "*": {
      "translation": {
        "x": -0.52,
        "y": -0.46,
        "z": -0.03
      },
      "rotation": {
        "x": 90,
        "y": 1,
        "z": 0
      },
      "scale": 1
    }
  }
}