{
	"editor": {
		"backDropShape": "entity/humanoid/seraph",
		"allAngles": true,
		"entityTextureMode": false
	},
	"textureWidth": 16,
	"textureHeight": 16,
	"textureSizes": {
		"metal": [8,8],
		"chain": [8,4],
		"gem": [4,4],
		"irontarnished": [8,4]
	},
	"textures": {
	},
	"elements": [
		{
			"name": "hideme",
			"stepParentName": "UpperTorso",
			"from": [ 1.5, 4.275, 2.325 ],
			"to": [ 1.5, 4.275, 2.325 ],
			"rotationOrigin": [ 0.75, 3.75, 2.325 ],
			"faces": {
			},
			"children": [
				{
					"name": "chainR1",
					"from": [ -0.9, -0.6, -1.5 ],
					"to": [ 1.725, -0.225, -1.125 ],
					"rotationOrigin": [ -0.9, -0.6, -1.125 ],
					"rotationZ": 7.0,
					"faces": {
						"north": { "texture": "#irontarnished", "uv": [ 4.0, 0.5, 7.5, 1.0 ], "autoUv": false },
						"east": { "texture": "#irontarnished", "uv": [ 6.5, 1.5, 7.0, 2.0 ], "autoUv": false },
						"south": { "texture": "#irontarnished", "uv": [ 0.0, 0.5, 3.5, 1.0 ], "autoUv": false },
						"west": { "texture": "#irontarnished", "uv": [ 0.5, 2.0, 1.0, 2.5 ], "autoUv": false },
						"up": { "texture": "#irontarnished", "uv": [ 2.0, 0.5, 5.5, 1.0 ], "autoUv": false },
						"down": { "texture": "#irontarnished", "uv": [ 3.0, 0.5, 6.5, 1.0 ], "autoUv": false }
					}
				},
				{
					"name": "chainL1",
					"from": [ -0.9, -0.6, 1.05 ],
					"to": [ 1.725, -0.225, 1.425 ],
					"rotationOrigin": [ -0.9, -0.6, 1.05 ],
					"rotationZ": 7.0,
					"faces": {
						"north": { "texture": "#irontarnished", "uv": [ 1.5, 1.5, 5.0, 2.0 ], "autoUv": false },
						"east": { "texture": "#irontarnished", "uv": [ 4.5, 0.5, 5.0, 1.0 ], "autoUv": false },
						"south": { "texture": "#irontarnished", "uv": [ 2.0, 1.5, 5.5, 2.0 ], "autoUv": false },
						"west": { "texture": "#irontarnished", "uv": [ 3.0, 2.0, 3.5, 2.5 ], "autoUv": false },
						"up": { "texture": "#irontarnished", "uv": [ 0.0, 0.0, 3.5, 0.5 ], "autoUv": false },
						"down": { "texture": "#irontarnished", "uv": [ 0.0, 1.5, 3.5, 2.0 ], "autoUv": false }
					}
				},
				{
					"name": "chainE",
					"from": [ 1.575, -0.3, -1.35 ],
					"to": [ 1.95, 0.075, 1.275 ],
					"rotationOrigin": [ 1.575, -0.3, -0.075 ],
					"rotationZ": 10.0,
					"faces": {
						"north": { "texture": "#irontarnished", "uv": [ 2.0, 2.0, 2.5, 2.5 ], "autoUv": false },
						"east": { "texture": "#irontarnished", "uv": [ 3.0, 0.0, 6.5, 0.5 ], "autoUv": false },
						"south": { "texture": "#irontarnished", "uv": [ 7.0, 2.0, 7.5, 2.5 ], "autoUv": false },
						"west": { "texture": "#irontarnished", "uv": [ 2.5, 2.5, 6.0, 3.0 ], "autoUv": false },
						"up": { "texture": "#irontarnished", "uv": [ 4.0, 2.5, 7.5, 3.0 ], "rotation": 90, "autoUv": false },
						"down": { "texture": "#irontarnished", "uv": [ 0.5, 2.0, 4.0, 2.5 ], "rotation": 90, "autoUv": false }
					}
				},
				{
					"name": "chainR2",
					"from": [ -1.8, -0.675, -1.275 ],
					"to": [ -0.75, -0.3, -0.9 ],
					"rotationOrigin": [ -1.8, -0.675, -0.9 ],
					"rotationY": 20.0,
					"rotationZ": 5.0,
					"faces": {
						"north": { "texture": "#irontarnished", "uv": [ 4.0, 1.0, 5.0, 1.5 ], "autoUv": false },
						"east": { "texture": "#irontarnished", "uv": [ 2.0, 1.0, 2.5, 1.5 ], "autoUv": false },
						"south": { "texture": "#irontarnished", "uv": [ 1.0, 0.5, 2.0, 1.0 ], "autoUv": false },
						"west": { "texture": "#irontarnished", "uv": [ 5.0, 1.0, 5.5, 1.5 ], "autoUv": false },
						"up": { "texture": "#irontarnished", "uv": [ 5.0, 0.5, 6.0, 1.0 ], "autoUv": false },
						"down": { "texture": "#irontarnished", "uv": [ 1.0, 0.0, 2.0, 0.5 ], "autoUv": false }
					},
					"children": [
						{
							"name": "chainR3",
							"from": [ -1.95, -0.075, -0.075 ],
							"to": [ 0.0, 0.3, 0.3 ],
							"rotationOrigin": [ 0.0, 0.3, 0.3 ],
							"rotationX": -23.0,
							"rotationY": 10.0,
							"rotationZ": 79.0,
							"faces": {
								"north": { "texture": "#irontarnished", "uv": [ 3.5, 1.0, 6.0, 1.5 ], "autoUv": false },
								"east": { "texture": "#irontarnished", "uv": [ 0.0, 0.5, 0.5, 1.0 ], "autoUv": false },
								"south": { "texture": "#irontarnished", "uv": [ 3.5, 0.5, 6.0, 1.0 ], "autoUv": false },
								"west": { "texture": "#irontarnished", "uv": [ 4.5, 0.0, 5.0, 0.5 ], "autoUv": false },
								"up": { "texture": "#irontarnished", "uv": [ 2.5, 1.0, 5.0, 1.5 ], "autoUv": false },
								"down": { "texture": "#irontarnished", "uv": [ 3.5, 1.0, 6.0, 1.5 ], "autoUv": false }
							}
						}
					]
				},
				{
					"name": "chainL2",
					"from": [ -1.8, -0.675, 0.825 ],
					"to": [ -0.75, -0.3, 1.2 ],
					"rotationOrigin": [ -1.8, -0.675, 0.825 ],
					"rotationY": -20.0,
					"rotationZ": 5.0,
					"faces": {
						"north": { "texture": "#irontarnished", "uv": [ 4.0, 0.0, 5.0, 0.5 ], "autoUv": false },
						"east": { "texture": "#irontarnished", "uv": [ 7.0, 1.5, 7.5, 2.0 ], "autoUv": false },
						"south": { "texture": "#irontarnished", "uv": [ 6.0, 1.5, 7.0, 2.0 ], "autoUv": false },
						"west": { "texture": "#irontarnished", "uv": [ 7.0, 1.0, 7.5, 1.5 ], "autoUv": false },
						"up": { "texture": "#irontarnished", "uv": [ 1.0, 1.0, 2.0, 1.5 ], "autoUv": false },
						"down": { "texture": "#irontarnished", "uv": [ 4.0, 0.0, 5.0, 0.5 ], "autoUv": false }
					},
					"children": [
						{
							"name": "chainL3",
							"from": [ -1.95, -0.075, 0.075 ],
							"to": [ 0.0, 0.3, 0.45 ],
							"rotationOrigin": [ 0.0, 0.3, 0.075 ],
							"rotationX": 23.0,
							"rotationZ": 78.0,
							"faces": {
								"north": { "texture": "#irontarnished", "uv": [ 4.5, 1.0, 7.0, 1.5 ], "autoUv": false },
								"east": { "texture": "#irontarnished", "uv": [ 4.0, 1.5, 4.5, 2.0 ], "autoUv": false },
								"south": { "texture": "#irontarnished", "uv": [ 4.5, 1.0, 7.0, 1.5 ], "autoUv": false },
								"west": { "texture": "#irontarnished", "uv": [ 5.5, 3.0, 6.0, 3.5 ], "autoUv": false },
								"up": { "texture": "#irontarnished", "uv": [ 0.5, 1.0, 3.0, 1.5 ], "autoUv": false },
								"down": { "texture": "#irontarnished", "uv": [ 3.5, 1.0, 6.0, 1.5 ], "autoUv": false }
							}
						}
					]
				},
				{
					"name": "gem-MID",
					"from": [ -1.95, -3.0, 0.0 ],
					"to": [ -1.95, -3.0, 0.0 ],
					"rotationOrigin": [ -1.9012, -3.0, 0.0 ],
					"faces": {
					},
					"children": [
						{
							"name": "barH1",
							"from": [ 0.0, 0.375, -0.75 ],
							"to": [ 0.375, 0.75, 0.75 ],
							"rotationOrigin": [ 0.0, 0.375, 0.0 ],
							"faces": {
								"north": { "texture": "#rusty-iron", "uv": [ 4.0, 4.0, 4.5, 4.5 ], "autoUv": false },
								"east": { "texture": "#rusty-iron", "uv": [ 8.5, 1.0, 10.5, 1.5 ], "autoUv": false },
								"south": { "texture": "#rusty-iron", "uv": [ 6.0, 15.0, 6.5, 15.5 ], "autoUv": false },
								"west": { "texture": "#rusty-iron", "uv": [ 5.5, 3.0, 7.5, 3.5 ], "autoUv": false },
								"up": { "texture": "#rusty-iron", "uv": [ 15.0, 13.5, 15.5, 15.5 ], "autoUv": false },
								"down": { "texture": "#rusty-iron", "uv": [ 14.5, 1.5, 15.0, 3.5 ], "autoUv": false }
							}
						},
						{
							"name": "barH2",
							"from": [ 0.0, -0.75, -0.75 ],
							"to": [ 0.375, -0.375, 0.75 ],
							"rotationOrigin": [ 0.0, -0.375, 0.0 ],
							"faces": {
								"north": { "texture": "#rusty-iron", "uv": [ 12.5, 12.5, 13.0, 13.0 ], "autoUv": false },
								"east": { "texture": "#rusty-iron", "uv": [ 5.0, 3.0, 7.0, 3.5 ], "autoUv": false },
								"south": { "texture": "#rusty-iron", "uv": [ 4.5, 9.0, 5.0, 9.5 ], "autoUv": false },
								"west": { "texture": "#rusty-iron", "uv": [ 8.0, 12.0, 10.0, 12.5 ], "autoUv": false },
								"up": { "texture": "#rusty-iron", "uv": [ 2.0, 8.0, 2.5, 10.0 ], "autoUv": false },
								"down": { "texture": "#rusty-iron", "uv": [ 7.5, 5.0, 8.0, 7.0 ], "autoUv": false }
							},
							"children": [
								{
									"name": "barV1",
									"from": [ 0.0, 0.375, 0.0 ],
									"to": [ 0.375, 1.125, 0.375 ],
									"rotationOrigin": [ 0.0, 0.375, 0.0 ],
									"faces": {
										"north": { "texture": "#rusty-iron", "uv": [ 3.5, 12.0, 4.0, 13.0 ], "autoUv": false },
										"east": { "texture": "#rusty-iron", "uv": [ 9.0, 14.5, 9.5, 15.5 ], "autoUv": false },
										"south": { "texture": "#rusty-iron", "uv": [ 9.0, 0.0, 9.5, 1.0 ], "autoUv": false },
										"west": { "texture": "#rusty-iron", "uv": [ 3.0, 8.5, 3.5, 9.5 ], "autoUv": false }
									}
								},
								{
									"name": "barV2",
									"from": [ 0.0, 0.375, 1.125 ],
									"to": [ 0.375, 1.125, 1.5 ],
									"rotationOrigin": [ 0.0, 0.375, 1.5 ],
									"faces": {
										"north": { "texture": "#rusty-iron", "uv": [ 14.5, 12.0, 15.0, 13.0 ], "autoUv": false },
										"east": { "texture": "#rusty-iron", "uv": [ 11.5, 11.0, 12.0, 12.0 ], "autoUv": false },
										"south": { "texture": "#rusty-iron", "uv": [ 15.0, 6.5, 15.5, 7.5 ], "autoUv": false },
										"west": { "texture": "#rusty-iron", "uv": [ 14.5, 11.5, 15.0, 12.5 ], "autoUv": false }
									}
								}
							]
						},
						{
							"name": "teethV1",
							"from": [ -0.0375, -0.975, -0.5625 ],
							"to": [ 0.4125, 0.975, -0.1875 ],
							"rotationOrigin": [ 0.0, 0.0, -0.375 ],
							"faces": {
								"north": { "texture": "#rusty-iron", "uv": [ 7.0, 7.5, 7.5, 10.0 ], "autoUv": false },
								"east": { "texture": "#rusty-iron", "uv": [ 12.5, 8.5, 13.0, 11.0 ], "autoUv": false },
								"south": { "texture": "#rusty-iron", "uv": [ 10.0, 5.5, 10.5, 8.0 ], "autoUv": false },
								"west": { "texture": "#rusty-iron", "uv": [ 5.0, 3.5, 5.5, 6.0 ], "autoUv": false },
								"up": { "texture": "#rusty-iron", "uv": [ 14.5, 6.5, 15.0, 7.0 ], "autoUv": false },
								"down": { "texture": "#rusty-iron", "uv": [ 13.0, 1.5, 13.5, 2.0 ], "autoUv": false }
							}
						},
						{
							"name": "teethV2",
							"from": [ -0.0375, -0.975, 0.1875 ],
							"to": [ 0.4125, 0.975, 0.5625 ],
							"rotationOrigin": [ 0.0, 0.0, 0.375 ],
							"faces": {
								"north": { "texture": "#rusty-iron", "uv": [ 15.0, 0.5, 15.5, 3.0 ], "autoUv": false },
								"east": { "texture": "#rusty-iron", "uv": [ 8.5, 6.0, 9.0, 8.5 ], "autoUv": false },
								"south": { "texture": "#rusty-iron", "uv": [ 4.0, 3.5, 4.5, 6.0 ], "autoUv": false },
								"west": { "texture": "#rusty-iron", "uv": [ 5.5, 9.5, 6.0, 12.0 ], "autoUv": false },
								"up": { "texture": "#rusty-iron", "uv": [ 12.5, 9.0, 13.0, 9.5 ], "autoUv": false },
								"down": { "texture": "#rusty-iron", "uv": [ 14.5, 13.5, 15.0, 14.0 ], "autoUv": false }
							}
						},
						{
							"name": "teethH1",
							"from": [ -0.045, 0.15, -0.975 ],
							"to": [ 0.405, 0.525, 0.975 ],
							"rotationOrigin": [ 0.0, 0.3375, 0.0 ],
							"faces": {
								"north": { "texture": "#rusty-iron", "uv": [ 3.0, 2.5, 3.5, 3.0 ], "autoUv": false },
								"east": { "texture": "#rusty-iron", "uv": [ 3.5, 14.0, 6.0, 14.5 ], "autoUv": false },
								"south": { "texture": "#rusty-iron", "uv": [ 3.0, 6.0, 3.5, 6.5 ], "autoUv": false },
								"west": { "texture": "#rusty-iron", "uv": [ 1.0, 2.0, 3.5, 2.5 ], "autoUv": false },
								"up": { "texture": "#rusty-iron", "uv": [ 7.0, 5.0, 7.5, 7.5 ], "autoUv": false },
								"down": { "texture": "#rusty-iron", "uv": [ 7.0, 5.5, 7.5, 8.0 ], "autoUv": false }
							}
						},
						{
							"name": "teethH2",
							"from": [ -0.045, -0.6, -0.975 ],
							"to": [ 0.405, -0.225, 0.975 ],
							"rotationOrigin": [ 0.0, -0.4125, 0.0 ],
							"faces": {
								"north": { "texture": "#rusty-iron", "uv": [ 0.5, 9.5, 1.0, 10.0 ], "autoUv": false },
								"east": { "texture": "#rusty-iron", "uv": [ 5.5, 14.0, 8.0, 14.5 ], "autoUv": false },
								"south": { "texture": "#rusty-iron", "uv": [ 9.5, 2.5, 10.0, 3.0 ], "autoUv": false },
								"west": { "texture": "#rusty-iron", "uv": [ 10.5, 7.5, 13.0, 8.0 ], "autoUv": false },
								"up": { "texture": "#rusty-iron", "uv": [ 3.0, 4.0, 3.5, 6.5 ], "autoUv": false },
								"down": { "texture": "#rusty-iron", "uv": [ 5.5, 0.0, 6.0, 2.5 ], "autoUv": false }
							}
						}
					]
				}
			]
		}
	]}