{
	"editor": {
		"backDropShape": "entity/humanoid/seraph",
		"collapsedPaths": "Root/hideme",
		"allAngles": true,
		"entityTextureMode": false
	},
	"textureWidth": 16,
	"textureHeight": 16,
	"textureSizes": {
		"metal": [8,8],
		"chain": [8,4],
		"gem": [4,4],
		"irontarnished": [8,4],
		"rottenking": [8,4],
		"gold": [16,16],
		"rustyglow": [16,16],
		"silver": [8,4],
		"lapislazuli": [8,8],
		"jade": [8,8]
	},
	"textures": {
	},
	"elements": [
		{
			"name": "hideme",
			"stepParentName": "UpperTorso",
			"from": [ 1.5, 4.275, 2.325 ],
			"to": [ 1.5, 4.275, 2.325 ],
			"rotationOrigin": [ 0.75, 3.75, 2.325 ],
			"faces": {
			},
			"children": [
				{
					"name": "chainR1",
					"from": [ -0.9, -0.6, -1.425 ],
					"to": [ 1.725, -0.375, -1.2 ],
					"rotationOrigin": [ -0.9, -0.6, -1.2 ],
					"rotationZ": 7.0,
					"faces": {
						"north": { "texture": "#silver", "uv": [ 2.0, 2.5, 5.5, 3.0 ], "autoUv": false },
						"east": { "texture": "#silver", "uv": [ 5.5, 1.0, 6.0, 1.5 ], "autoUv": false },
						"south": { "texture": "#silver", "uv": [ 2.5, 2.5, 6.0, 3.0 ], "autoUv": false },
						"west": { "texture": "#silver", "uv": [ 6.0, 0.0, 6.5, 0.5 ], "autoUv": false },
						"up": { "texture": "#silver", "uv": [ 0.0, 2.0, 3.5, 2.5 ], "autoUv": false },
						"down": { "texture": "#silver", "uv": [ 1.5, 2.5, 5.0, 3.0 ], "autoUv": false }
					}
				},
				{
					"name": "chainL1",
					"from": [ -0.9, -0.6, 1.125 ],
					"to": [ 1.725, -0.375, 1.35 ],
					"rotationOrigin": [ -0.9, -0.6, 1.125 ],
					"rotationZ": 7.0,
					"faces": {
						"north": { "texture": "#silver", "uv": [ 1.5, 1.5, 5.0, 2.0 ], "autoUv": false },
						"east": { "texture": "#silver", "uv": [ 1.0, 2.0, 1.5, 2.5 ], "autoUv": false },
						"south": { "texture": "#silver", "uv": [ 2.0, 2.5, 5.5, 3.0 ], "autoUv": false },
						"west": { "texture": "#silver", "uv": [ 3.0, 0.5, 3.5, 1.0 ], "autoUv": false },
						"up": { "texture": "#silver", "uv": [ 1.5, 2.0, 5.0, 2.5 ], "autoUv": false },
						"down": { "texture": "#silver", "uv": [ 0.0, 0.0, 3.5, 0.5 ], "autoUv": false }
					}
				},
				{
					"name": "chainE",
					"from": [ 1.575, -0.3, -1.35 ],
					"to": [ 1.8, -0.075, 1.275 ],
					"rotationOrigin": [ 1.575, -0.3, -0.075 ],
					"rotationZ": 10.0,
					"faces": {
						"north": { "texture": "#silver", "uv": [ 6.5, 1.0, 7.0, 1.5 ], "autoUv": false },
						"east": { "texture": "#silver", "uv": [ 0.0, 1.0, 3.5, 1.5 ], "autoUv": false },
						"south": { "texture": "#silver", "uv": [ 0.5, 1.5, 1.0, 2.0 ], "autoUv": false },
						"west": { "texture": "#silver", "uv": [ 3.0, 0.5, 6.5, 1.0 ], "autoUv": false },
						"up": { "texture": "#silver", "uv": [ 1.5, 0.0, 5.0, 0.5 ], "rotation": 90, "autoUv": false },
						"down": { "texture": "#silver", "uv": [ 1.5, 3.0, 5.0, 3.5 ], "rotation": 90, "autoUv": false }
					}
				},
				{
					"name": "chainR2",
					"from": [ -1.65, -0.675, -1.125 ],
					"to": [ -0.75, -0.45, -0.9 ],
					"rotationOrigin": [ -1.65, -0.675, -0.9 ],
					"rotationY": 20.0,
					"rotationZ": 5.0,
					"faces": {
						"north": { "texture": "#silver", "uv": [ 5.0, 2.0, 6.0, 2.5 ], "autoUv": false },
						"east": { "texture": "#silver", "uv": [ 4.0, 2.5, 4.5, 3.0 ], "autoUv": false },
						"south": { "texture": "#silver", "uv": [ 3.0, 0.5, 4.0, 1.0 ], "autoUv": false },
						"west": { "texture": "#silver", "uv": [ 0.5, 2.0, 1.0, 2.5 ], "autoUv": false },
						"up": { "texture": "#silver", "uv": [ 2.0, 1.5, 3.0, 2.0 ], "autoUv": false },
						"down": { "texture": "#silver", "uv": [ 1.0, 1.5, 2.0, 2.0 ], "autoUv": false }
					},
					"children": [
						{
							"name": "chainR3",
							"from": [ -1.95, 0.15, -0.075 ],
							"to": [ 0.0, 0.375, 0.15 ],
							"rotationOrigin": [ 0.0, 0.3, 0.15 ],
							"rotationX": -23.0,
							"rotationY": 10.0,
							"rotationZ": 79.0,
							"faces": {
								"north": { "texture": "#silver", "uv": [ 0.5, 0.5, 3.0, 1.0 ], "autoUv": false },
								"east": { "texture": "#silver", "uv": [ 7.0, 1.5, 7.5, 2.0 ], "autoUv": false },
								"south": { "texture": "#silver", "uv": [ 3.5, 3.0, 6.0, 3.5 ], "autoUv": false },
								"west": { "texture": "#silver", "uv": [ 1.0, 1.5, 1.5, 2.0 ], "autoUv": false },
								"up": { "texture": "#silver", "uv": [ 0.0, 2.0, 2.5, 2.5 ], "autoUv": false },
								"down": { "texture": "#silver", "uv": [ 4.0, 2.0, 6.5, 2.5 ], "autoUv": false }
							}
						}
					]
				},
				{
					"name": "chainL2",
					"from": [ -1.65, -0.675, 0.825 ],
					"to": [ -0.75, -0.45, 1.05 ],
					"rotationOrigin": [ -1.65, -0.675, 0.825 ],
					"rotationY": -20.0,
					"rotationZ": 5.0,
					"faces": {
						"north": { "texture": "#silver", "uv": [ 0.0, 2.5, 1.0, 3.0 ], "autoUv": false },
						"east": { "texture": "#silver", "uv": [ 5.5, 2.5, 6.0, 3.0 ], "autoUv": false },
						"south": { "texture": "#silver", "uv": [ 6.5, 3.0, 7.5, 3.5 ], "autoUv": false },
						"west": { "texture": "#silver", "uv": [ 2.5, 0.5, 3.0, 1.0 ], "autoUv": false },
						"up": { "texture": "#silver", "uv": [ 4.0, 1.5, 5.0, 2.0 ], "autoUv": false },
						"down": { "texture": "#silver", "uv": [ 3.0, 3.0, 4.0, 3.5 ], "autoUv": false }
					},
					"children": [
						{
							"name": "chainL3",
							"from": [ -1.95, 0.075, 0.075 ],
							"to": [ 0.0, 0.3, 0.3 ],
							"rotationOrigin": [ 0.0, 0.3, 0.075 ],
							"rotationX": 23.0,
							"rotationZ": 78.0,
							"faces": {
								"north": { "texture": "#silver", "uv": [ 1.5, 1.5, 4.0, 2.0 ], "autoUv": false },
								"east": { "texture": "#silver", "uv": [ 3.0, 0.0, 3.5, 0.5 ], "autoUv": false },
								"south": { "texture": "#silver", "uv": [ 2.5, 1.5, 5.0, 2.0 ], "autoUv": false },
								"west": { "texture": "#silver", "uv": [ 4.5, 1.5, 5.0, 2.0 ], "autoUv": false },
								"up": { "texture": "#silver", "uv": [ 1.5, 2.0, 4.0, 2.5 ], "autoUv": false },
								"down": { "texture": "#silver", "uv": [ 4.0, 1.0, 6.5, 1.5 ], "autoUv": false }
							}
						}
					]
				},
				{
					"name": "gem-MID",
					"from": [ -1.77, -2.7, 0.0 ],
					"to": [ -1.77, -2.7, 0.0 ],
					"rotationOrigin": [ -1.7407, -2.7, 0.0 ],
					"rotationX": -45.0,
					"faces": {
					},
					"children": [
						{
							"name": "barH1",
							"from": [ 0.0, 0.225, -0.45 ],
							"to": [ 0.225, 0.45, 0.45 ],
							"rotationOrigin": [ 0.0, 0.225, 0.0 ],
							"faces": {
								"north": { "texture": "#gold", "uv": [ 5.0, 10.0, 5.6, 10.6 ], "glow": 5, "autoUv": false },
								"east": { "texture": "#gold", "uv": [ 11.0, 11.0, 12.2, 11.6 ], "glow": 5, "autoUv": false },
								"south": { "texture": "#gold", "uv": [ 9.0, 3.0, 9.6, 3.6 ], "glow": 5, "autoUv": false },
								"west": { "texture": "#gold", "uv": [ 0.0, 13.0, 1.2, 13.6 ], "glow": 5, "autoUv": false },
								"up": { "texture": "#gold", "uv": [ 11.0, 5.0, 11.6, 6.2 ], "glow": 5, "autoUv": false },
								"down": { "texture": "#gold", "uv": [ 4.0, 11.0, 4.6, 12.2 ], "glow": 5, "autoUv": false }
							}
						},
						{
							"name": "barH2",
							"from": [ 0.0, -0.45, -0.45 ],
							"to": [ 0.225, -0.225, 0.45 ],
							"rotationOrigin": [ 0.0, -0.225, 0.0 ],
							"faces": {
								"north": { "texture": "#gold", "uv": [ 7.0, 8.0, 7.6, 8.6 ], "glow": 5, "autoUv": false },
								"east": { "texture": "#gold", "uv": [ 13.0, 0.0, 14.2, 0.6 ], "glow": 5, "autoUv": false },
								"south": { "texture": "#gold", "uv": [ 8.0, 10.0, 8.6, 10.6 ], "glow": 5, "autoUv": false },
								"west": { "texture": "#gold", "uv": [ 5.0, 9.0, 6.2, 9.6 ], "glow": 5, "autoUv": false },
								"up": { "texture": "#gold", "uv": [ 5.0, 12.0, 5.6, 13.2 ], "glow": 5, "autoUv": false },
								"down": { "texture": "#gold", "uv": [ 11.0, 1.0, 11.6, 2.2 ], "glow": 5, "autoUv": false }
							},
							"children": [
								{
									"name": "barV1",
									"from": [ 0.0, 0.225, 0.0 ],
									"to": [ 0.225, 0.675, 0.225 ],
									"rotationOrigin": [ 0.0, 0.225, 0.0 ],
									"faces": {
										"north": { "texture": "#gold", "uv": [ 11.0, 0.0, 11.6, 0.6 ], "glow": 5, "autoUv": false },
										"east": { "texture": "#gold", "uv": [ 7.0, 14.0, 7.6, 14.6 ], "glow": 5, "autoUv": false },
										"south": { "texture": "#gold", "uv": [ 14.0, 7.0, 14.6, 7.6 ], "glow": 5, "autoUv": false },
										"west": { "texture": "#gold", "uv": [ 8.0, 7.0, 8.6, 7.6 ], "glow": 5, "autoUv": false }
									}
								},
								{
									"name": "barV2",
									"from": [ 0.0, 0.225, 0.675 ],
									"to": [ 0.225, 0.675, 0.9 ],
									"rotationOrigin": [ 0.0, 0.225, 0.9 ],
									"faces": {
										"north": { "texture": "#gold", "uv": [ 8.0, 10.0, 8.6, 10.6 ], "glow": 5, "autoUv": false },
										"east": { "texture": "#gold", "uv": [ 10.0, 3.0, 10.6, 3.6 ], "glow": 5, "autoUv": false },
										"south": { "texture": "#gold", "uv": [ 3.0, 5.0, 3.6, 5.6 ], "glow": 5, "autoUv": false },
										"west": { "texture": "#gold", "uv": [ 11.0, 9.0, 11.6, 9.6 ], "glow": 5, "autoUv": false }
									}
								}
							]
						},
						{
							"name": "teethV1",
							"from": [ -0.0225, -0.585, -0.3375 ],
							"to": [ 0.2475, 0.585, -0.1125 ],
							"rotationOrigin": [ 0.0, 0.0, -0.225 ],
							"faces": {
								"north": { "texture": "#gold", "uv": [ 7.0, 12.0, 7.6, 13.2 ], "glow": 5, "autoUv": false },
								"east": { "texture": "#gold", "uv": [ 14.0, 0.0, 14.6, 1.2 ], "glow": 5, "autoUv": false },
								"south": { "texture": "#gold", "uv": [ 12.0, 12.0, 12.6, 13.2 ], "glow": 5, "autoUv": false },
								"west": { "texture": "#gold", "uv": [ 2.0, 7.0, 2.6, 8.2 ], "glow": 5, "autoUv": false },
								"up": { "texture": "#gold", "uv": [ 10.0, 2.0, 10.6, 2.6 ], "glow": 5, "autoUv": false },
								"down": { "texture": "#gold", "uv": [ 10.0, 12.0, 10.6, 12.6 ], "glow": 5, "autoUv": false }
							}
						},
						{
							"name": "teethV2",
							"from": [ -0.0225, -0.585, 0.1125 ],
							"to": [ 0.2475, 0.585, 0.3375 ],
							"rotationOrigin": [ 0.0, 0.0, 0.225 ],
							"faces": {
								"north": { "texture": "#gold", "uv": [ 9.0, 11.0, 9.6, 12.2 ], "glow": 5, "autoUv": false },
								"east": { "texture": "#gold", "uv": [ 7.0, 1.0, 7.6, 2.2 ], "glow": 5, "autoUv": false },
								"south": { "texture": "#gold", "uv": [ 7.0, 6.0, 7.6, 7.2 ], "glow": 5, "autoUv": false },
								"west": { "texture": "#gold", "uv": [ 7.0, 3.0, 7.6, 4.2 ], "glow": 5, "autoUv": false },
								"up": { "texture": "#gold", "uv": [ 12.0, 2.0, 12.6, 2.6 ], "glow": 5, "autoUv": false },
								"down": { "texture": "#gold", "uv": [ 1.0, 0.0, 1.6, 0.6 ], "glow": 5, "autoUv": false }
							}
						},
						{
							"name": "teethH1",
							"from": [ -0.027, 0.09, -0.585 ],
							"to": [ 0.243, 0.315, 0.585 ],
							"rotationOrigin": [ 0.0, 0.2025, 0.0 ],
							"faces": {
								"north": { "texture": "#gold", "uv": [ 10.0, 8.0, 10.6, 8.6 ], "autoUv": false },
								"east": { "texture": "#gold", "uv": [ 5.0, 0.0, 6.2, 0.6 ], "autoUv": false },
								"south": { "texture": "#gold", "uv": [ 4.0, 0.0, 4.6, 0.6 ], "autoUv": false },
								"west": { "texture": "#gold", "uv": [ 5.0, 10.0, 6.2, 10.6 ], "autoUv": false },
								"up": { "texture": "#gold", "uv": [ 8.0, 6.0, 8.6, 7.2 ], "autoUv": false },
								"down": { "texture": "#gold", "uv": [ 7.0, 6.0, 7.6, 7.2 ], "autoUv": false }
							}
						},
						{
							"name": "teethH2",
							"from": [ -0.027, -0.36, -0.585 ],
							"to": [ 0.243, -0.135, 0.585 ],
							"rotationOrigin": [ 0.0, -0.2475, 0.0 ],
							"faces": {
								"north": { "texture": "#gold", "uv": [ 4.0, 14.0, 4.6, 14.6 ], "glow": 5, "autoUv": false },
								"east": { "texture": "#gold", "uv": [ 1.0, 6.0, 2.2, 6.6 ], "glow": 5, "autoUv": false },
								"south": { "texture": "#gold", "uv": [ 10.0, 8.0, 10.6, 8.6 ], "glow": 5, "autoUv": false },
								"west": { "texture": "#gold", "uv": [ 13.0, 5.0, 14.2, 5.6 ], "glow": 5, "autoUv": false },
								"up": { "texture": "#gold", "uv": [ 7.0, 3.0, 7.6, 4.2 ], "glow": 5, "autoUv": false },
								"down": { "texture": "#gold", "uv": [ 10.0, 0.0, 10.6, 1.2 ], "glow": 5, "autoUv": false }
							}
						},
						{
							"name": "gem1",
							"from": [ -0.045, 0.18, 0.18 ],
							"to": [ 0.0, 0.27, 0.27 ],
							"rotationOrigin": [ 0.0, 0.225, 0.225 ],
							"rotationX": 45.0,
							"faces": {
								"north": { "texture": "#lapislazuli", "uv": [ 3.0, 3.0, 3.6, 3.6 ], "autoUv": false },
								"south": { "texture": "#lapislazuli", "uv": [ 4.0, 0.0, 4.6, 0.6 ], "autoUv": false },
								"west": { "texture": "#lapislazuli", "uv": [ 4.0, 0.0, 4.6, 0.6 ], "autoUv": false },
								"up": { "texture": "#lapislazuli", "uv": [ 1.0, 0.0, 1.6, 0.6 ], "autoUv": false },
								"down": { "texture": "#lapislazuli", "uv": [ 6.0, 3.0, 6.6, 3.6 ], "autoUv": false }
							}
						},
						{
							"name": "gem2",
							"from": [ -0.045, -0.27, 0.18 ],
							"to": [ 0.0, -0.18, 0.27 ],
							"rotationOrigin": [ 0.0, -0.225, 0.225 ],
							"rotationX": 45.0,
							"faces": {
								"north": { "texture": "#lapislazuli", "uv": [ 0.0, 0.0, 0.6, 0.6 ], "autoUv": false },
								"south": { "texture": "#lapislazuli", "uv": [ 0.0, 1.0, 0.6, 1.6 ], "autoUv": false },
								"west": { "texture": "#lapislazuli", "uv": [ 4.0, 2.0, 4.6, 2.6 ], "autoUv": false },
								"up": { "texture": "#lapislazuli", "uv": [ 0.0, 3.0, 0.6, 3.6 ], "autoUv": false },
								"down": { "texture": "#lapislazuli", "uv": [ 4.0, 5.0, 4.6, 5.6 ], "autoUv": false }
							}
						},
						{
							"name": "gem3",
							"from": [ -0.045, -0.27, -0.27 ],
							"to": [ 0.0, -0.18, -0.18 ],
							"rotationOrigin": [ 0.0, -0.225, -0.225 ],
							"rotationX": 45.0,
							"faces": {
								"north": { "texture": "#lapislazuli", "uv": [ 1.0, 2.0, 1.6, 2.6 ], "autoUv": false },
								"south": { "texture": "#lapislazuli", "uv": [ 6.0, 3.0, 6.6, 3.6 ], "autoUv": false },
								"west": { "texture": "#lapislazuli", "uv": [ 3.0, 5.0, 3.6, 5.6 ], "autoUv": false },
								"up": { "texture": "#lapislazuli", "uv": [ 1.0, 2.0, 1.6, 2.6 ], "autoUv": false },
								"down": { "texture": "#lapislazuli", "uv": [ 2.0, 5.0, 2.6, 5.6 ], "autoUv": false }
							}
						},
						{
							"name": "gem4",
							"from": [ -0.045, 0.18, -0.27 ],
							"to": [ 0.0, 0.27, -0.18 ],
							"rotationOrigin": [ 0.0, 0.225, -0.225 ],
							"rotationX": 45.0,
							"faces": {
								"north": { "texture": "#lapislazuli", "uv": [ 3.0, 1.0, 3.6, 1.6 ], "autoUv": false },
								"south": { "texture": "#lapislazuli", "uv": [ 5.0, 2.0, 5.6, 2.6 ], "autoUv": false },
								"west": { "texture": "#lapislazuli", "uv": [ 1.0, 4.0, 1.6, 4.6 ], "autoUv": false },
								"up": { "texture": "#lapislazuli", "uv": [ 3.0, 3.0, 3.6, 3.6 ], "autoUv": false },
								"down": { "texture": "#lapislazuli", "uv": [ 5.0, 1.0, 5.6, 1.6 ], "autoUv": false }
							}
						},
						{
							"name": "gem5",
							"from": [ -0.045, 0.18, -0.045 ],
							"to": [ 0.0, 0.27, 0.045 ],
							"rotationOrigin": [ 0.0, 0.225, 0.0 ],
							"faces": {
								"north": { "texture": "#jade", "uv": [ 3.0, 2.0, 3.6, 2.6 ], "autoUv": false },
								"south": { "texture": "#jade", "uv": [ 2.0, 0.0, 2.6, 0.6 ], "autoUv": false },
								"west": { "texture": "#jade", "uv": [ 0.0, 3.0, 0.6, 3.6 ], "autoUv": false },
								"up": { "texture": "#jade", "uv": [ 5.0, 1.0, 5.6, 1.6 ], "autoUv": false },
								"down": { "texture": "#jade", "uv": [ 4.0, 5.0, 4.6, 5.6 ], "autoUv": false }
							}
						},
						{
							"name": "gem6",
							"from": [ -0.045, -0.27, -0.045 ],
							"to": [ 0.0, -0.18, 0.045 ],
							"rotationOrigin": [ 0.0, -0.225, 0.0 ],
							"faces": {
								"north": { "texture": "#jade", "uv": [ 3.0, 2.0, 3.6, 2.6 ], "autoUv": false },
								"south": { "texture": "#jade", "uv": [ 3.0, 0.0, 3.6, 0.6 ], "autoUv": false },
								"west": { "texture": "#jade", "uv": [ 6.0, 4.0, 6.6, 4.6 ], "autoUv": false },
								"up": { "texture": "#jade", "uv": [ 5.0, 2.0, 5.6, 2.6 ], "autoUv": false },
								"down": { "texture": "#jade", "uv": [ 0.0, 4.0, 0.6, 4.6 ], "autoUv": false }
							}
						},
						{
							"name": "gem7",
							"from": [ -0.045, -0.045, 0.18 ],
							"to": [ 0.0, 0.045, 0.27 ],
							"rotationOrigin": [ 0.0, 0.0, 0.225 ],
							"faces": {
								"north": { "texture": "#jade", "uv": [ 0.0, 0.0, 0.6, 0.6 ], "autoUv": false },
								"south": { "texture": "#jade", "uv": [ 5.0, 5.0, 5.6, 5.6 ], "autoUv": false },
								"west": { "texture": "#jade", "uv": [ 1.0, 4.0, 1.6, 4.6 ], "autoUv": false },
								"up": { "texture": "#jade", "uv": [ 2.0, 2.0, 2.6, 2.6 ], "autoUv": false },
								"down": { "texture": "#jade", "uv": [ 0.0, 2.0, 0.6, 2.6 ], "autoUv": false }
							}
						},
						{
							"name": "gem8",
							"from": [ -0.045, -0.045, -0.27 ],
							"to": [ 0.0, 0.045, -0.18 ],
							"rotationOrigin": [ 0.0, 0.0, -0.225 ],
							"faces": {
								"north": { "texture": "#jade", "uv": [ 4.0, 1.0, 4.6, 1.6 ], "autoUv": false },
								"south": { "texture": "#jade", "uv": [ 3.0, 1.0, 3.6, 1.6 ], "autoUv": false },
								"west": { "texture": "#jade", "uv": [ 3.0, 5.0, 3.6, 5.6 ], "autoUv": false },
								"up": { "texture": "#jade", "uv": [ 0.0, 2.0, 0.6, 2.6 ], "autoUv": false },
								"down": { "texture": "#jade", "uv": [ 4.0, 6.0, 4.6, 6.6 ], "autoUv": false }
							}
						}
					]
				}
			]
		}
	]}