{
	"editor": {
		"backDropShape": "entity/humanoid/seraph",
		"collapsedPaths": "Root/hideme",
		"allAngles": true,
		"entityTextureMode": false
	},
	"textureWidth": 16,
	"textureHeight": 16,
	"textureSizes": {
		"metal": [8,8],
		"chain": [8,4],
		"gem": [4,4]
	},
	"textures": {
	},
	"elements": [
		{
			"name": "hideme",
			"stepParentName": "UpperTorso",
			"from": [ 1.5, 4.275, 2.325 ],
			"to": [ 1.5, 4.275, 2.325 ],
			"rotationOrigin": [ 0.75, 3.75, 2.325 ],
			"faces": {
			},
			"children": [
				{
					"name": "chainR1",
					"from": [ -0.9, -0.6, -1.5 ],
					"to": [ 1.725, -0.225, -1.125 ],
					"rotationOrigin": [ -0.9, -0.6, -1.125 ],
					"rotationZ": 7.0,
					"faces": {
						"north": { "texture": "#chain", "uv": [ 4.0, 0.5, 7.5, 1.0 ], "autoUv": false },
						"east": { "texture": "#chain", "uv": [ 6.5, 1.5, 7.0, 2.0 ], "autoUv": false },
						"south": { "texture": "#chain", "uv": [ 0.0, 0.5, 3.5, 1.0 ], "autoUv": false },
						"west": { "texture": "#chain", "uv": [ 0.5, 2.0, 1.0, 2.5 ], "autoUv": false },
						"up": { "texture": "#chain", "uv": [ 2.0, 0.5, 5.5, 1.0 ], "autoUv": false },
						"down": { "texture": "#chain", "uv": [ 3.0, 0.5, 6.5, 1.0 ], "autoUv": false }
					}
				},
				{
					"name": "chainL1",
					"from": [ -0.9, -0.6, 1.05 ],
					"to": [ 1.725, -0.225, 1.425 ],
					"rotationOrigin": [ -0.9, -0.6, 1.05 ],
					"rotationZ": 7.0,
					"faces": {
						"north": { "texture": "#chain", "uv": [ 1.5, 1.5, 5.0, 2.0 ], "autoUv": false },
						"east": { "texture": "#chain", "uv": [ 4.5, 0.5, 5.0, 1.0 ], "autoUv": false },
						"south": { "texture": "#chain", "uv": [ 2.0, 1.5, 5.5, 2.0 ], "autoUv": false },
						"west": { "texture": "#chain", "uv": [ 3.0, 2.0, 3.5, 2.5 ], "autoUv": false },
						"up": { "texture": "#chain", "uv": [ 0.0, 0.0, 3.5, 0.5 ], "autoUv": false },
						"down": { "texture": "#chain", "uv": [ 0.0, 1.5, 3.5, 2.0 ], "autoUv": false }
					}
				},
				{
					"name": "chainE",
					"from": [ 1.575, -0.3, -1.35 ],
					"to": [ 1.95, 0.075, 1.275 ],
					"rotationOrigin": [ 1.575, -0.3, -0.075 ],
					"rotationZ": 10.0,
					"faces": {
						"north": { "texture": "#chain", "uv": [ 2.0, 2.0, 2.5, 2.5 ], "autoUv": false },
						"east": { "texture": "#chain", "uv": [ 3.0, 0.0, 6.5, 0.5 ], "autoUv": false },
						"south": { "texture": "#chain", "uv": [ 7.0, 2.0, 7.5, 2.5 ], "autoUv": false },
						"west": { "texture": "#chain", "uv": [ 2.5, 2.5, 6.0, 3.0 ], "autoUv": false },
						"up": { "texture": "#chain", "uv": [ 4.0, 2.5, 7.5, 3.0 ], "rotation": 90, "autoUv": false },
						"down": { "texture": "#chain", "uv": [ 0.5, 2.0, 4.0, 2.5 ], "rotation": 90, "autoUv": false }
					}
				},
				{
					"name": "chainR2",
					"from": [ -1.8, -0.675, -1.275 ],
					"to": [ -0.75, -0.3, -0.9 ],
					"rotationOrigin": [ -1.8, -0.675, -0.9 ],
					"rotationY": 20.0,
					"rotationZ": 5.0,
					"faces": {
						"north": { "texture": "#chain", "uv": [ 4.0, 1.0, 5.0, 1.5 ], "autoUv": false },
						"east": { "texture": "#chain", "uv": [ 2.0, 1.0, 2.5, 1.5 ], "autoUv": false },
						"south": { "texture": "#chain", "uv": [ 1.0, 0.5, 2.0, 1.0 ], "autoUv": false },
						"west": { "texture": "#chain", "uv": [ 5.0, 1.0, 5.5, 1.5 ], "autoUv": false },
						"up": { "texture": "#chain", "uv": [ 5.0, 0.5, 6.0, 1.0 ], "autoUv": false },
						"down": { "texture": "#chain", "uv": [ 1.0, 0.0, 2.0, 0.5 ], "autoUv": false }
					},
					"children": [
						{
							"name": "chainR3",
							"from": [ -1.95, -0.075, -0.075 ],
							"to": [ 0.0, 0.3, 0.3 ],
							"rotationOrigin": [ 0.0, 0.3, 0.3 ],
							"rotationX": -27.0,
							"rotationY": 10.0,
							"rotationZ": 78.0,
							"faces": {
								"north": { "texture": "#chain", "uv": [ 3.5, 1.0, 6.0, 1.5 ], "autoUv": false },
								"east": { "texture": "#chain", "uv": [ 0.0, 0.5, 0.5, 1.0 ], "autoUv": false },
								"south": { "texture": "#chain", "uv": [ 3.5, 0.5, 6.0, 1.0 ], "autoUv": false },
								"west": { "texture": "#chain", "uv": [ 4.5, 0.0, 5.0, 0.5 ], "autoUv": false },
								"up": { "texture": "#chain", "uv": [ 2.5, 1.0, 5.0, 1.5 ], "autoUv": false },
								"down": { "texture": "#chain", "uv": [ 3.5, 1.0, 6.0, 1.5 ], "autoUv": false }
							}
						}
					]
				},
				{
					"name": "chainL2",
					"from": [ -1.8, -0.675, 0.825 ],
					"to": [ -0.75, -0.3, 1.2 ],
					"rotationOrigin": [ -1.8, -0.675, 0.825 ],
					"rotationY": -20.0,
					"rotationZ": 5.0,
					"faces": {
						"north": { "texture": "#chain", "uv": [ 4.0, 0.0, 5.0, 0.5 ], "autoUv": false },
						"east": { "texture": "#chain", "uv": [ 7.0, 1.5, 7.5, 2.0 ], "autoUv": false },
						"south": { "texture": "#chain", "uv": [ 6.0, 1.5, 7.0, 2.0 ], "autoUv": false },
						"west": { "texture": "#chain", "uv": [ 7.0, 1.0, 7.5, 1.5 ], "autoUv": false },
						"up": { "texture": "#chain", "uv": [ 1.0, 1.0, 2.0, 1.5 ], "autoUv": false },
						"down": { "texture": "#chain", "uv": [ 4.0, 0.0, 5.0, 0.5 ], "autoUv": false }
					},
					"children": [
						{
							"name": "chainL3",
							"from": [ -1.95, -0.075, 0.075 ],
							"to": [ 0.0, 0.3, 0.45 ],
							"rotationOrigin": [ 0.0, 0.3, 0.075 ],
							"rotationX": 27.0,
							"rotationZ": 78.0,
							"faces": {
								"north": { "texture": "#chain", "uv": [ 4.5, 1.0, 7.0, 1.5 ], "autoUv": false },
								"east": { "texture": "#chain", "uv": [ 4.0, 1.5, 4.5, 2.0 ], "autoUv": false },
								"south": { "texture": "#chain", "uv": [ 4.5, 1.0, 7.0, 1.5 ], "autoUv": false },
								"west": { "texture": "#chain", "uv": [ 5.5, 3.0, 6.0, 3.5 ], "autoUv": false },
								"up": { "texture": "#chain", "uv": [ 0.5, 1.0, 3.0, 1.5 ], "autoUv": false },
								"down": { "texture": "#chain", "uv": [ 3.5, 1.0, 6.0, 1.5 ], "autoUv": false }
							}
						}
					]
				},
				{
					"name": "Pendant",
					"from": [ -1.8, -3.7125, -0.5625 ],
					"to": [ -1.575, -2.5875, 0.5625 ],
					"rotationOrigin": [ -1.6762, -3.15, 0.0 ],
					"faces": {
						"north": { "texture": "#metal", "uv": [ 3.5, 1.5, 4.0, 3.0 ], "autoUv": false },
						"east": { "texture": "#metal", "uv": [ 0.0, 4.0, 1.5, 5.5 ], "autoUv": false },
						"south": { "texture": "#metal", "uv": [ 6.5, 5.0, 7.0, 6.5 ], "autoUv": false },
						"west": { "texture": "#metal", "uv": [ 6.0, 5.5, 7.5, 7.0 ], "autoUv": false },
						"up": { "texture": "#metal", "uv": [ 2.5, 0.0, 3.0, 1.5 ], "autoUv": false },
						"down": { "texture": "#metal", "uv": [ 6.0, 6.0, 6.5, 7.5 ], "autoUv": false }
					},
					"children": [
						{
							"name": "gem",
							"from": [ -0.15, 0.45, 0.45 ],
							"to": [ 0.0, 0.675, 0.675 ],
							"rotationOrigin": [ -0.15, 0.5625, 0.5625 ],
							"rotationX": -45.0,
							"faces": {
								"north": { "texture": "#gem", "uv": [ 1.5, 1.0, 2.0, 1.5 ], "autoUv": false },
								"south": { "texture": "#gem", "uv": [ 0.0, 3.0, 0.5, 3.5 ], "autoUv": false },
								"west": { "texture": "#gem", "uv": [ 0.0, 0.0, 0.5, 0.5 ], "autoUv": false },
								"up": { "texture": "#gem", "uv": [ 1.0, 1.5, 1.5, 2.0 ], "autoUv": false },
								"down": { "texture": "#gem", "uv": [ 0.0, 0.5, 0.5, 1.0 ], "autoUv": false }
							}
						},
						{
							"name": "Cube2",
							"from": [ -0.075, 1.275, 0.375 ],
							"to": [ 0.3, 1.65, 0.75 ],
							"rotationOrigin": [ 0.1125, 1.275, 0.525 ],
							"rotationY": -45.0,
							"faces": {
								"north": { "texture": "#chain", "uv": [ 0.0, 0.5, 0.5, 1.0 ], "autoUv": false },
								"east": { "texture": "#chain", "uv": [ 5.0, 3.0, 5.5, 3.5 ], "autoUv": false },
								"south": { "texture": "#chain", "uv": [ 2.0, 2.0, 2.5, 2.5 ], "autoUv": false },
								"west": { "texture": "#chain", "uv": [ 7.0, 0.0, 7.5, 0.5 ], "autoUv": false },
								"up": { "texture": "#chain", "uv": [ 0.5, 2.0, 1.0, 2.5 ], "autoUv": false },
								"down": { "texture": "#chain", "uv": [ 7.0, 1.0, 7.5, 1.5 ], "autoUv": false }
							}
						},
						{
							"name": "disc1",
							"from": [ 0.0383, 0.0, 0.0 ],
							"to": [ 0.1958, 1.125, 1.125 ],
							"rotationOrigin": [ 0.075, 0.5625, 0.5625 ],
							"rotationX": -35.0,
							"faces": {
								"north": { "texture": "#metal", "uv": [ 7.0, 1.0, 7.5, 2.5 ], "autoUv": false },
								"east": { "texture": "#metal", "uv": [ 3.5, 2.0, 5.0, 3.5 ], "autoUv": false },
								"south": { "texture": "#metal", "uv": [ 7.0, 5.5, 7.5, 7.0 ], "autoUv": false },
								"west": { "texture": "#metal", "uv": [ 2.5, 2.0, 4.0, 3.5 ], "autoUv": false },
								"up": { "texture": "#metal", "uv": [ 2.0, 0.0, 2.5, 1.5 ], "autoUv": false },
								"down": { "texture": "#metal", "uv": [ 6.5, 1.0, 7.0, 2.5 ], "autoUv": false }
							}
						},
						{
							"name": "disc2",
							"from": [ 0.0375, 0.0, 0.0 ],
							"to": [ 0.1875, 1.125, 1.125 ],
							"rotationOrigin": [ 0.075, 0.5625, 0.5625 ],
							"rotationX": 35.0,
							"faces": {
								"north": { "texture": "#metal", "uv": [ 0.5, 0.5, 1.0, 2.0 ], "autoUv": false },
								"east": { "texture": "#metal", "uv": [ 4.5, 0.0, 6.0, 1.5 ], "autoUv": false },
								"south": { "texture": "#metal", "uv": [ 4.0, 0.0, 4.5, 1.5 ], "autoUv": false },
								"west": { "texture": "#metal", "uv": [ 3.5, 1.0, 5.0, 2.5 ], "autoUv": false },
								"up": { "texture": "#metal", "uv": [ 1.0, 3.5, 1.5, 5.0 ], "autoUv": false },
								"down": { "texture": "#metal", "uv": [ 0.5, 4.0, 1.0, 5.5 ], "autoUv": false }
							}
						},
						{
							"name": "gem2",
							"from": [ -0.075, 0.8625, 0.4875 ],
							"to": [ 0.0, 1.0125, 0.6375 ],
							"rotationOrigin": [ -0.075, 0.9375, 0.5625 ],
							"rotationX": -45.0,
							"faces": {
								"north": { "texture": "#gem", "uv": [ 0.5, 2.5, 1.0, 3.0 ], "autoUv": false },
								"south": { "texture": "#gem", "uv": [ 0.0, 1.0, 0.5, 1.5 ], "autoUv": false },
								"west": { "texture": "#gem", "uv": [ 2.5, 2.5, 3.0, 3.0 ], "autoUv": false },
								"up": { "texture": "#gem", "uv": [ 0.5, 2.5, 1.0, 3.0 ], "autoUv": false },
								"down": { "texture": "#gem", "uv": [ 0.0, 1.5, 0.5, 2.0 ], "autoUv": false }
							}
						},
						{
							"name": "gem3",
							"from": [ -0.075, 0.1125, 0.4875 ],
							"to": [ 0.0, 0.2625, 0.6375 ],
							"rotationOrigin": [ -0.075, 0.1875, 0.5625 ],
							"rotationX": -45.0,
							"faces": {
								"north": { "texture": "#gem", "uv": [ 2.0, 3.0, 2.5, 3.5 ], "autoUv": false },
								"south": { "texture": "#gem", "uv": [ 1.0, 0.5, 1.5, 1.0 ], "autoUv": false },
								"west": { "texture": "#gem", "uv": [ 0.5, 1.0, 1.0, 1.5 ], "autoUv": false },
								"up": { "texture": "#gem", "uv": [ 2.5, 3.0, 3.0, 3.5 ], "autoUv": false },
								"down": { "texture": "#gem", "uv": [ 0.5, 1.5, 1.0, 2.0 ], "autoUv": false }
							}
						},
						{
							"name": "gem4",
							"from": [ -0.075, 0.4875, 0.1125 ],
							"to": [ 0.0, 0.6375, 0.2625 ],
							"rotationOrigin": [ -0.075, 0.5625, 0.1875 ],
							"rotationX": -45.0,
							"faces": {
								"north": { "texture": "#gem", "uv": [ 3.0, 1.0, 3.5, 1.5 ], "autoUv": false },
								"south": { "texture": "#gem", "uv": [ 2.0, 1.0, 2.5, 1.5 ], "autoUv": false },
								"west": { "texture": "#gem", "uv": [ 0.5, 0.0, 1.0, 0.5 ], "autoUv": false },
								"up": { "texture": "#gem", "uv": [ 0.0, 0.5, 0.5, 1.0 ], "autoUv": false },
								"down": { "texture": "#gem", "uv": [ 2.0, 0.0, 2.5, 0.5 ], "autoUv": false }
							}
						},
						{
							"name": "gem5",
							"from": [ -0.075, 0.4875, 0.8625 ],
							"to": [ 0.0, 0.6375, 1.0125 ],
							"rotationOrigin": [ -0.075, 0.5625, 0.9375 ],
							"rotationX": -45.0,
							"faces": {
								"north": { "texture": "#gem", "uv": [ 3.0, 2.0, 3.5, 2.5 ], "autoUv": false },
								"south": { "texture": "#gem", "uv": [ 1.5, 2.0, 2.0, 2.5 ], "autoUv": false },
								"west": { "texture": "#gem", "uv": [ 1.0, 1.0, 1.5, 1.5 ], "autoUv": false },
								"up": { "texture": "#gem", "uv": [ 2.0, 1.0, 2.5, 1.5 ], "autoUv": false },
								"down": { "texture": "#gem", "uv": [ 2.5, 0.5, 3.0, 1.0 ], "autoUv": false }
							}
						},
						{
							"name": "gem6",
							"from": [ -0.075, 0.75, 0.75 ],
							"to": [ 0.0, 0.825, 0.825 ],
							"rotationOrigin": [ -0.075, 0.7875, 0.7875 ],
							"rotationX": -45.0,
							"faces": {
								"north": { "texture": "#gem", "uv": [ 2.0, 0.5, 2.5, 1.0 ], "autoUv": false },
								"south": { "texture": "#gem", "uv": [ 0.0, 1.5, 0.5, 2.0 ], "autoUv": false },
								"west": { "texture": "#gem", "uv": [ 1.5, 0.5, 2.0, 1.0 ], "autoUv": false },
								"up": { "texture": "#gem", "uv": [ 0.5, 1.0, 1.0, 1.5 ], "autoUv": false },
								"down": { "texture": "#gem", "uv": [ 1.5, 2.0, 2.0, 2.5 ], "autoUv": false }
							}
						},
						{
							"name": "gem7",
							"from": [ -0.075, 0.3, 0.75 ],
							"to": [ 0.0, 0.375, 0.825 ],
							"rotationOrigin": [ -0.075, 0.3375, 0.7875 ],
							"rotationX": -45.0,
							"faces": {
								"north": { "texture": "#gem", "uv": [ 2.0, 0.5, 2.5, 1.0 ], "autoUv": false },
								"south": { "texture": "#gem", "uv": [ 3.0, 3.0, 3.5, 3.5 ], "autoUv": false },
								"west": { "texture": "#gem", "uv": [ 1.0, 0.0, 1.5, 0.5 ], "autoUv": false },
								"up": { "texture": "#gem", "uv": [ 2.0, 1.5, 2.5, 2.0 ], "autoUv": false },
								"down": { "texture": "#gem", "uv": [ 3.0, 3.0, 3.5, 3.5 ], "autoUv": false }
							}
						},
						{
							"name": "gem8",
							"from": [ -0.075, 0.3, 0.3 ],
							"to": [ 0.0, 0.375, 0.375 ],
							"rotationOrigin": [ -0.075, 0.3375, 0.3375 ],
							"rotationX": -45.0,
							"faces": {
								"north": { "texture": "#gem", "uv": [ 0.5, 1.5, 1.0, 2.0 ], "autoUv": false },
								"south": { "texture": "#gem", "uv": [ 3.0, 3.0, 3.5, 3.5 ], "autoUv": false },
								"west": { "texture": "#gem", "uv": [ 0.5, 1.0, 1.0, 1.5 ], "autoUv": false },
								"up": { "texture": "#gem", "uv": [ 1.0, 0.0, 1.5, 0.5 ], "autoUv": false },
								"down": { "texture": "#gem", "uv": [ 0.5, 1.5, 1.0, 2.0 ], "autoUv": false }
							}
						},
						{
							"name": "gem9",
							"from": [ -0.075, 0.75, 0.3 ],
							"to": [ 0.0, 0.825, 0.375 ],
							"rotationOrigin": [ -0.075, 0.7875, 0.3375 ],
							"rotationX": -45.0,
							"faces": {
								"north": { "texture": "#gem", "uv": [ 2.5, 1.0, 3.0, 1.5 ], "autoUv": false },
								"south": { "texture": "#gem", "uv": [ 1.0, 1.0, 1.5, 1.5 ], "autoUv": false },
								"west": { "texture": "#gem", "uv": [ 2.0, 1.0, 2.5, 1.5 ], "autoUv": false },
								"up": { "texture": "#gem", "uv": [ 3.0, 1.0, 3.5, 1.5 ], "autoUv": false },
								"down": { "texture": "#gem", "uv": [ 2.0, 0.0, 2.5, 0.5 ], "autoUv": false }
							}
						}
					]
				}
			]
		}
	]}