{
	"editor": {
		"backDropShape": "entity/humanoid/seraph",
		"collapsedPaths": "Root/hideme",
		"allAngles": false,
		"entityTextureMode": false
	},
	"textureWidth": 8,
	"textureHeight": 8,
	"textureSizes": {
		"gold": [8,8],
		"gold2": [8,4]
	},
	"textures": {
	},
	"elements": [
		{
			"name": "hideme",
			"stepParentName": "UpperTorso",
			"from": [ 0.0, 3.75, 2.25 ],
			"to": [ 0.0, 3.75, 2.25 ],
			"rotationOrigin": [ 0.0, 3.75, 2.25 ],
			"faces": {
			},
			"children": [
				{
					"name": "chest",
					"from": [ -0.075, -1.5, -1.125 ],
					"to": [ 0.0, 0.0, 1.125 ],
					"faces": {
						"north": { "texture": "#gold", "uv": [ 1.0, 0.5, 1.5, 2.5 ], "autoUv": false },
						"east": { "texture": "#gold", "uv": [ 3.0, 0.0, 6.0, 2.0 ], "autoUv": false },
						"south": { "texture": "#gold", "uv": [ 3.5, 5.5, 4.0, 7.5 ], "autoUv": false },
						"west": { "texture": "#gold", "uv": [ 3.5, 4.5, 6.5, 6.5 ], "autoUv": false },
						"up": { "texture": "#gold", "uv": [ 3.0, 2.0, 3.5, 5.0 ], "autoUv": false },
						"down": { "texture": "#gold", "uv": [ 0.0, 3.0, 0.5, 6.0 ], "autoUv": false }
					},
					"children": [
						{
							"name": "R1",
							"from": [ 0.0, 0.375, -0.75 ],
							"to": [ 0.075, 1.5, 0.0 ],
							"rotationOrigin": [ 0.0, 0.375, 0.0 ],
							"faces": {
								"north": { "texture": "#gold", "uv": [ 1.0, 4.5, 1.5, 6.0 ], "autoUv": false },
								"east": { "texture": "#gold", "uv": [ 4.0, 2.0, 5.0, 3.5 ], "autoUv": false },
								"west": { "texture": "#gold", "uv": [ 1.5, 2.0, 2.5, 3.5 ], "autoUv": false },
								"down": { "texture": "#gold", "uv": [ 6.5, 5.5, 7.0, 6.5 ], "autoUv": false }
							},
							"children": [
								{
									"name": "R2",
									"from": [ 0.0, 1.125, 0.0 ],
									"to": [ 2.25, 1.2, 0.75 ],
									"rotationOrigin": [ 0.0, 1.125, 0.0 ],
									"faces": {
										"north": { "texture": "#gold", "uv": [ 4.0, 4.0, 7.0, 4.5 ], "autoUv": false },
										"east": { "texture": "#gold", "uv": [ 1.0, 4.5, 2.0, 5.0 ], "autoUv": false },
										"south": { "texture": "#gold", "uv": [ 0.0, 4.5, 3.0, 5.0 ], "autoUv": false },
										"west": { "texture": "#gold", "uv": [ 1.0, 3.5, 2.0, 4.0 ], "autoUv": false },
										"up": { "texture": "#gold", "uv": [ 3.0, 1.0, 6.0, 2.0 ], "autoUv": false },
										"down": { "texture": "#gold", "uv": [ 4.0, 1.0, 7.0, 2.0 ], "autoUv": false }
									},
									"children": [
										{
											"name": "R3",
											"from": [ 2.25, 0.0, 0.375 ],
											"to": [ 3.375, 0.075, 0.75 ],
											"rotationOrigin": [ 2.25, 0.0, 0.375 ],
											"faces": {
												"north": { "texture": "#gold", "uv": [ 3.5, 1.0, 5.0, 1.5 ], "autoUv": false },
												"east": { "texture": "#gold", "uv": [ 0.0, 4.0, 0.5, 4.5 ], "autoUv": false },
												"south": { "texture": "#gold", "uv": [ 1.0, 3.0, 2.5, 3.5 ], "autoUv": false },
												"up": { "texture": "#gold", "uv": [ 3.5, 3.0, 5.0, 3.5 ], "autoUv": false },
												"down": { "texture": "#gold", "uv": [ 0.5, 3.0, 2.0, 3.5 ], "autoUv": false }
											}
										},
										{
											"name": "grooveR4",
											"from": [ -0.075, 0.0, 0.375 ],
											"to": [ 2.925, 0.15, 0.525 ],
											"rotationOrigin": [ -0.075, 0.075, 0.45 ],
											"rotationX": -45.0,
											"faces": {
												"north": { "texture": "#gold2", "uv": [ 2.5, 3.0, 6.5, 3.5 ], "autoUv": false },
												"east": { "texture": "#gold2", "uv": [ 0.0, 2.5, 0.5, 3.0 ], "autoUv": false },
												"south": { "texture": "#gold2", "uv": [ 1.0, 1.5, 5.0, 2.0 ], "autoUv": false },
												"west": { "texture": "#gold2", "uv": [ 2.5, 1.5, 3.0, 2.0 ], "autoUv": false },
												"up": { "texture": "#gold2", "uv": [ 3.5, 1.0, 7.5, 1.5 ], "autoUv": false },
												"down": { "texture": "#gold2", "uv": [ 3.0, 2.0, 7.0, 2.5 ], "autoUv": false }
											}
										}
									]
								},
								{
									"name": "clipR1",
									"from": [ -0.225, 0.375, 0.375 ],
									"to": [ -0.075, 1.125, 1.125 ],
									"rotationOrigin": [ -0.15, 0.75, 0.75 ],
									"rotationX": -45.0,
									"faces": {
										"north": { "texture": "#gold", "uv": [ 5.5, 1.5, 6.0, 2.5 ], "autoUv": false },
										"east": { "texture": "#gold", "uv": [ 1.5, 4.5, 2.5, 5.5 ], "autoUv": false },
										"south": { "texture": "#gold", "uv": [ 6.0, 2.0, 6.5, 3.0 ], "autoUv": false },
										"west": { "texture": "#gold", "uv": [ 3.0, 6.0, 4.0, 7.0 ], "autoUv": false },
										"up": { "texture": "#gold", "uv": [ 0.5, 2.0, 1.0, 3.0 ], "autoUv": false },
										"down": { "texture": "#gold", "uv": [ 1.0, 2.5, 1.5, 3.5 ], "autoUv": false }
									},
									"children": [
										{
											"name": "clipR2",
											"from": [ 0.0375, 0.0, 0.0 ],
											"to": [ 0.1125, 0.75, 0.75 ],
											"rotationOrigin": [ 0.075, 0.375, 0.375 ],
											"rotationX": -45.0,
											"faces": {
												"north": { "texture": "#gold", "uv": [ 6.5, 5.0, 7.0, 6.0 ], "autoUv": false },
												"east": { "texture": "#gold", "uv": [ 3.5, 3.0, 4.5, 4.0 ], "autoUv": false },
												"south": { "texture": "#gold", "uv": [ 7.0, 5.0, 7.5, 6.0 ], "autoUv": false },
												"west": { "texture": "#gold", "uv": [ 0.5, 3.0, 1.5, 4.0 ], "autoUv": false },
												"up": { "texture": "#gold", "uv": [ 2.5, 5.5, 3.0, 6.5 ], "autoUv": false },
												"down": { "texture": "#gold", "uv": [ 3.0, 2.0, 3.5, 3.0 ], "autoUv": false }
											}
										},
										{
											"name": "spikeR",
											"from": [ -0.225, 0.3, 0.3 ],
											"to": [ 0.15, 0.45, 0.45 ],
											"rotationOrigin": [ 0.0, 0.375, 0.375 ],
											"faces": {
												"north": { "texture": "#gold2", "uv": [ 7.0, 1.5, 7.5, 2.0 ], "autoUv": false },
												"south": { "texture": "#gold2", "uv": [ 6.0, 3.0, 6.5, 3.5 ], "autoUv": false },
												"west": { "texture": "#gold2", "uv": [ 1.0, 2.0, 1.5, 2.5 ], "autoUv": false },
												"up": { "texture": "#gold2", "uv": [ 3.5, 2.0, 4.0, 2.5 ], "autoUv": false },
												"down": { "texture": "#gold2", "uv": [ 0.0, 1.0, 0.5, 1.5 ], "autoUv": false }
											}
										}
									]
								},
								{
									"name": "clipL1",
									"from": [ -0.225, 0.375, 2.625 ],
									"to": [ -0.075, 1.125, 3.375 ],
									"rotationOrigin": [ -0.15, 0.75, 3.0 ],
									"rotationX": -45.0,
									"faces": {
										"north": { "texture": "#gold", "uv": [ 1.5, 0.0, 2.0, 1.0 ], "autoUv": false },
										"east": { "texture": "#gold", "uv": [ 0.0, 6.5, 1.0, 7.5 ], "autoUv": false },
										"south": { "texture": "#gold", "uv": [ 3.5, 6.5, 4.0, 7.5 ], "autoUv": false },
										"west": { "texture": "#gold", "uv": [ 3.0, 2.5, 4.0, 3.5 ], "autoUv": false },
										"up": { "texture": "#gold", "uv": [ 2.0, 4.5, 2.5, 5.5 ], "autoUv": false },
										"down": { "texture": "#gold", "uv": [ 1.0, 1.5, 1.5, 2.5 ], "autoUv": false }
									},
									"children": [
										{
											"name": "clipL2",
											"from": [ 0.0375, 0.0, 0.0 ],
											"to": [ 0.1125, 0.75, 0.75 ],
											"rotationOrigin": [ 0.075, 0.375, 0.375 ],
											"rotationX": -45.0,
											"faces": {
												"north": { "texture": "#gold", "uv": [ 4.5, 4.5, 5.0, 5.5 ], "autoUv": false },
												"east": { "texture": "#gold", "uv": [ 2.5, 0.0, 3.5, 1.0 ], "autoUv": false },
												"south": { "texture": "#gold", "uv": [ 1.0, 4.0, 1.5, 5.0 ], "autoUv": false },
												"west": { "texture": "#gold", "uv": [ 6.5, 1.5, 7.5, 2.5 ], "autoUv": false },
												"up": { "texture": "#gold", "uv": [ 2.5, 3.5, 3.0, 4.5 ], "autoUv": false },
												"down": { "texture": "#gold", "uv": [ 3.5, 4.5, 4.0, 5.5 ], "autoUv": false }
											}
										},
										{
											"name": "spikeL",
											"from": [ -0.225, 0.3, 0.3 ],
											"to": [ 0.15, 0.45, 0.45 ],
											"rotationOrigin": [ 0.0, 0.375, 0.375 ],
											"faces": {
												"north": { "texture": "#gold2", "uv": [ 4.0, 2.0, 4.5, 2.5 ], "autoUv": false },
												"south": { "texture": "#gold2", "uv": [ 0.5, 2.0, 1.0, 2.5 ], "autoUv": false },
												"west": { "texture": "#gold2", "uv": [ 7.0, 2.0, 7.5, 2.5 ], "autoUv": false },
												"up": { "texture": "#gold2", "uv": [ 1.5, 0.5, 2.0, 1.0 ], "autoUv": false },
												"down": { "texture": "#gold2", "uv": [ 5.5, 1.5, 6.0, 2.0 ], "autoUv": false }
											}
										}
									]
								},
								{
									"name": "grooveR5",
									"from": [ -0.075, 0.525, 0.3 ],
									"to": [ 0.075, 1.275, 0.45 ],
									"rotationOrigin": [ 0.0, 0.9, 0.375 ],
									"rotationX": 22.5,
									"rotationY": 45.0,
									"faces": {
										"north": { "texture": "#gold2", "uv": [ 6.0, 2.0, 7.0, 2.5 ], "rotation": 90, "autoUv": false },
										"east": { "texture": "#gold2", "uv": [ 2.0, 0.5, 3.0, 1.0 ], "rotation": 90, "autoUv": false },
										"south": { "texture": "#gold2", "uv": [ 1.5, 1.5, 2.5, 2.0 ], "rotation": 90, "autoUv": false },
										"west": { "texture": "#gold2", "uv": [ 5.5, 0.0, 6.5, 0.5 ], "rotation": 90, "autoUv": false },
										"up": { "texture": "#gold2", "uv": [ 6.5, 0.0, 7.0, 0.5 ], "autoUv": false },
										"down": { "texture": "#gold2", "uv": [ 2.0, 2.5, 2.5, 3.0 ], "autoUv": false }
									}
								}
							]
						},
						{
							"name": "L1",
							"from": [ 0.0, 0.375, 2.25 ],
							"to": [ 0.075, 1.5, 3.0 ],
							"rotationOrigin": [ 0.0, 0.375, 2.25 ],
							"faces": {
								"east": { "texture": "#gold", "uv": [ 5.5, 3.0, 6.5, 4.5 ], "autoUv": false },
								"south": { "texture": "#gold", "uv": [ 0.5, 0.0, 1.0, 1.5 ], "autoUv": false, "windMode": [-1,-1,-1,-1], "windData": [1,1,1,1] },
								"west": { "texture": "#gold", "uv": [ 3.0, 3.5, 4.0, 5.0 ], "autoUv": false },
								"down": { "texture": "#gold", "uv": [ 3.0, 6.0, 3.5, 7.0 ], "autoUv": false }
							},
							"children": [
								{
									"name": "L2",
									"from": [ 0.0, 1.125, 0.0 ],
									"to": [ 2.25, 1.2, 0.75 ],
									"rotationOrigin": [ 0.0, 1.125, 0.0 ],
									"faces": {
										"north": { "texture": "#gold", "uv": [ 1.5, 3.0, 4.5, 3.5 ], "autoUv": false },
										"east": { "texture": "#gold", "uv": [ 5.0, 6.0, 6.0, 6.5 ], "autoUv": false },
										"south": { "texture": "#gold", "uv": [ 2.0, 0.5, 5.0, 1.0 ], "autoUv": false },
										"west": { "texture": "#gold", "uv": [ 0.0, 6.5, 1.0, 7.0 ], "autoUv": false },
										"up": { "texture": "#gold", "uv": [ 4.0, 6.5, 7.0, 7.5 ], "autoUv": false },
										"down": { "texture": "#gold", "uv": [ 4.0, 0.0, 7.0, 1.0 ], "autoUv": false }
									},
									"children": [
										{
											"name": "L3",
											"from": [ 2.25, 0.0, 0.0 ],
											"to": [ 3.375, 0.075, 0.375 ],
											"rotationOrigin": [ 2.25, 0.0, 0.375 ],
											"faces": {
												"north": { "texture": "#gold", "uv": [ 2.0, 6.5, 3.5, 7.0 ], "autoUv": false },
												"east": { "texture": "#gold", "uv": [ 5.0, 0.5, 5.5, 1.0 ], "autoUv": false },
												"south": { "texture": "#gold", "uv": [ 5.0, 1.5, 6.5, 2.0 ], "autoUv": false },
												"up": { "texture": "#gold", "uv": [ 4.0, 4.0, 5.5, 4.5 ], "autoUv": false },
												"down": { "texture": "#gold", "uv": [ 4.0, 1.0, 5.5, 1.5 ], "autoUv": false }
											}
										},
										{
											"name": "grooveL4",
											"from": [ -0.075, 0.0, 0.3 ],
											"to": [ 2.925, 0.15, 0.45 ],
											"rotationOrigin": [ -0.075, 0.075, 0.375 ],
											"rotationX": 45.0,
											"faces": {
												"north": { "texture": "#gold2", "uv": [ 0.0, 0.0, 4.0, 0.5 ], "autoUv": false },
												"east": { "texture": "#gold2", "uv": [ 0.0, 0.0, 0.5, 0.5 ], "autoUv": false },
												"south": { "texture": "#gold2", "uv": [ 0.0, 0.0, 4.0, 0.5 ], "autoUv": false },
												"west": { "texture": "#gold2", "uv": [ 0.0, 0.0, 0.5, 0.5 ], "autoUv": false },
												"up": { "texture": "#gold2", "uv": [ 0.0, 0.0, 4.0, 0.5 ], "autoUv": false },
												"down": { "texture": "#gold2", "uv": [ 0.0, 0.0, 4.0, 0.5 ], "autoUv": false }
											}
										}
									]
								},
								{
									"name": "grooveL5",
									"from": [ -0.075, 0.525, 0.075 ],
									"to": [ 0.075, 1.275, 0.225 ],
									"rotationOrigin": [ 0.0, 0.525, 0.15 ],
									"rotationX": 22.5,
									"rotationY": -45.0,
									"faces": {
										"north": { "texture": "#gold2", "uv": [ 5.0, 0.0, 6.0, 0.5 ], "rotation": 90, "autoUv": false },
										"east": { "texture": "#gold2", "uv": [ 5.5, 2.0, 6.5, 2.5 ], "rotation": 90, "autoUv": false },
										"south": { "texture": "#gold2", "uv": [ 3.5, 2.5, 4.5, 3.0 ], "rotation": 90, "autoUv": false },
										"west": { "texture": "#gold2", "uv": [ 2.0, 1.5, 3.0, 2.0 ], "rotation": 90, "autoUv": false },
										"up": { "texture": "#gold2", "uv": [ 5.5, 0.5, 6.0, 1.0 ], "autoUv": false },
										"down": { "texture": "#gold2", "uv": [ 5.0, 1.5, 5.5, 2.0 ], "autoUv": false }
									}
								}
							]
						},
						{
							"name": "back",
							"from": [ 3.15, 1.5, 0.0 ],
							"to": [ 3.525, 1.575, 2.25 ],
							"rotationOrigin": [ 3.0, 1.5, 1.125 ],
							"faces": {
								"north": { "texture": "#gold", "uv": [ 2.0, 7.0, 2.5, 7.5 ], "autoUv": false },
								"east": { "texture": "#gold", "uv": [ 2.5, 6.0, 5.5, 6.5 ], "autoUv": false },
								"south": { "texture": "#gold", "uv": [ 5.5, 2.5, 6.0, 3.0 ], "autoUv": false },
								"west": { "texture": "#gold", "uv": [ 3.5, 6.5, 6.5, 7.0 ], "autoUv": false },
								"up": { "texture": "#gold", "uv": [ 1.5, 1.5, 2.0, 4.5 ], "autoUv": false },
								"down": { "texture": "#gold", "uv": [ 6.5, 4.0, 7.0, 7.0 ], "autoUv": false }
							}
						},
						{
							"name": "groove1",
							"from": [ -0.075, -0.075, 0.0 ],
							"to": [ 0.075, 0.075, 2.25 ],
							"rotationOrigin": [ 0.0, 0.0, 1.2 ],
							"rotationZ": -45.0,
							"faces": {
								"north": { "texture": "#gold2", "uv": [ 4.5, 2.0, 5.0, 2.5 ], "autoUv": false },
								"east": { "texture": "#gold2", "uv": [ 1.5, 1.5, 4.5, 2.0 ], "autoUv": false },
								"south": { "texture": "#gold2", "uv": [ 6.0, 2.5, 6.5, 3.0 ], "autoUv": false },
								"west": { "texture": "#gold2", "uv": [ 2.0, 2.5, 5.0, 3.0 ], "autoUv": false },
								"down": { "texture": "#gold2", "uv": [ 1.5, 0.5, 4.5, 1.0 ], "rotation": 90, "autoUv": false }
							}
						},
						{
							"name": "L4",
							"from": [ 0.0075, 0.0, 2.25 ],
							"to": [ 0.0825, 0.375, 3.075 ],
							"rotationOrigin": [ 0.075, 0.0, 2.25 ],
							"rotationX": -25.0,
							"faces": {
								"east": { "texture": "#gold", "uv": [ 0.0, 4.0, 1.0, 4.5 ], "autoUv": false },
								"south": { "texture": "#gold", "uv": [ 3.5, 3.5, 4.0, 4.0 ], "autoUv": false },
								"west": { "texture": "#gold", "uv": [ 5.0, 4.5, 6.0, 5.0 ], "autoUv": false },
								"down": { "texture": "#gold", "uv": [ 4.5, 3.0, 5.0, 4.0 ], "autoUv": false }
							},
							"children": [
								{
									"name": "grooveL1",
									"from": [ -0.075, -0.075, 0.0 ],
									"to": [ 0.075, 0.075, 0.75 ],
									"rotationOrigin": [ 0.0, 0.0, 0.0 ],
									"rotationZ": -45.0,
									"faces": {
										"north": { "texture": "#gold2", "uv": [ 2.5, 0.0, 3.0, 0.5 ], "autoUv": false },
										"east": { "texture": "#gold2", "uv": [ 3.5, 2.5, 4.5, 3.0 ], "autoUv": false },
										"south": { "texture": "#gold2", "uv": [ 7.0, 2.0, 7.5, 2.5 ], "autoUv": false },
										"west": { "texture": "#gold2", "uv": [ 6.5, 2.0, 7.5, 2.5 ], "autoUv": false },
										"up": { "texture": "#gold2", "uv": [ 5.5, 0.0, 6.5, 0.5 ], "rotation": 90, "autoUv": false },
										"down": { "texture": "#gold2", "uv": [ 5.5, 2.5, 6.5, 3.0 ], "rotation": 90, "autoUv": false }
									}
								},
								{
									"name": "grooveL2",
									"from": [ -0.075, 0.3, 0.075 ],
									"to": [ 0.075, 0.45, 1.05 ],
									"rotationOrigin": [ 0.0, 0.375, 0.075 ],
									"rotationZ": -45.0,
									"faces": {
										"north": { "texture": "#gold2", "uv": [ 4.5, 0.0, 5.0, 0.5 ], "autoUv": false },
										"east": { "texture": "#gold2", "uv": [ 1.0, 2.0, 2.0, 2.5 ], "autoUv": false },
										"south": { "texture": "#gold2", "uv": [ 5.0, 0.5, 5.5, 1.0 ], "autoUv": false },
										"west": { "texture": "#gold2", "uv": [ 2.0, 0.0, 3.0, 0.5 ], "autoUv": false },
										"up": { "texture": "#gold2", "uv": [ 3.0, 1.0, 4.0, 1.5 ], "rotation": 90, "autoUv": false },
										"down": { "texture": "#gold2", "uv": [ 3.5, 1.5, 4.5, 2.0 ], "rotation": 90, "autoUv": false }
									}
								},
								{
									"name": "grooveL3",
									"from": [ -0.075, 0.675, 0.225 ],
									"to": [ 0.075, 0.825, 0.975 ],
									"rotationOrigin": [ 0.0, 0.75, 0.225 ],
									"rotationZ": -45.0,
									"faces": {
										"north": { "texture": "#gold2", "uv": [ 4.5, 0.0, 5.0, 0.5 ], "autoUv": false },
										"east": { "texture": "#gold2", "uv": [ 1.0, 2.0, 2.0, 2.5 ], "autoUv": false },
										"south": { "texture": "#gold2", "uv": [ 5.0, 0.5, 5.5, 1.0 ], "autoUv": false },
										"west": { "texture": "#gold2", "uv": [ 2.0, 0.0, 3.0, 0.5 ], "autoUv": false },
										"up": { "texture": "#gold2", "uv": [ 3.0, 1.0, 4.0, 1.5 ], "rotation": 90, "autoUv": false },
										"down": { "texture": "#gold2", "uv": [ 3.5, 1.5, 4.5, 2.0 ], "rotation": 90, "autoUv": false }
									}
								}
							]
						},
						{
							"name": "R4",
							"from": [ 0.0075, 0.0, -0.825 ],
							"to": [ 0.0825, 0.375, 0.0 ],
							"rotationOrigin": [ 0.075, 0.0, 0.0 ],
							"rotationX": 25.0,
							"faces": {
								"north": { "texture": "#gold", "uv": [ 2.5, 1.0, 3.0, 1.5 ], "autoUv": false, "windMode": [-1,-1,-1,-1], "windData": [1,1,1,1] },
								"east": { "texture": "#gold", "uv": [ 2.5, 0.0, 3.5, 0.5 ], "autoUv": false },
								"west": { "texture": "#gold", "uv": [ 5.5, 1.0, 6.5, 1.5 ], "autoUv": false },
								"down": { "texture": "#gold", "uv": [ 6.0, 4.5, 6.5, 5.5 ], "autoUv": false }
							},
							"children": [
								{
									"name": "groveR1",
									"from": [ -0.075, -0.075, 0.075 ],
									"to": [ 0.075, 0.075, 0.825 ],
									"rotationOrigin": [ 0.0, 0.0, 0.825 ],
									"rotationZ": -45.0,
									"faces": {
										"north": { "texture": "#gold2", "uv": [ 1.5, 1.5, 2.0, 2.0 ], "autoUv": false },
										"east": { "texture": "#gold2", "uv": [ 3.5, 0.0, 4.5, 0.5 ], "autoUv": false },
										"south": { "texture": "#gold2", "uv": [ 3.5, 2.5, 4.0, 3.0 ], "autoUv": false },
										"west": { "texture": "#gold2", "uv": [ 2.0, 1.5, 3.0, 2.0 ], "autoUv": false },
										"up": { "texture": "#gold2", "uv": [ 4.0, 2.5, 5.0, 3.0 ], "rotation": 90, "autoUv": false },
										"down": { "texture": "#gold2", "uv": [ 3.0, 2.0, 4.0, 2.5 ], "rotation": 90, "autoUv": false }
									}
								},
								{
									"name": "groveR2",
									"from": [ -0.075, 0.3, -0.225 ],
									"to": [ 0.075, 0.45, 0.75 ],
									"rotationOrigin": [ 0.0, 0.375, 0.525 ],
									"rotationZ": -45.0,
									"faces": {
										"north": { "texture": "#gold2", "uv": [ 1.0, 3.0, 1.5, 3.5 ], "autoUv": false },
										"south": { "texture": "#gold2", "uv": [ 2.5, 1.5, 3.0, 2.0 ], "autoUv": false },
										"west": { "texture": "#gold2", "uv": [ 6.5, 3.0, 7.5, 3.5 ], "autoUv": false },
										"down": { "texture": "#gold2", "uv": [ 0.0, 1.0, 1.0, 1.5 ], "rotation": 90, "autoUv": false }
									}
								},
								{
									"name": "groveR3",
									"from": [ -0.075, 0.675, -0.075 ],
									"to": [ 0.075, 0.825, 0.675 ],
									"rotationOrigin": [ 0.0, 0.75, 0.3 ],
									"rotationZ": -45.0,
									"faces": {
										"north": { "texture": "#gold2", "uv": [ 5.0, 2.0, 5.5, 2.5 ], "autoUv": false },
										"south": { "texture": "#gold2", "uv": [ 1.5, 0.5, 2.0, 1.0 ], "autoUv": false },
										"west": { "texture": "#gold2", "uv": [ 6.5, 1.0, 7.5, 1.5 ], "autoUv": false },
										"down": { "texture": "#gold2", "uv": [ 4.0, 2.5, 5.0, 3.0 ], "rotation": 90, "autoUv": false }
									}
								}
							]
						},
						{
							"name": "groove2",
							"from": [ -0.075, 0.3, 0.075 ],
							"to": [ 0.075, 0.45, 2.175 ],
							"rotationOrigin": [ 0.0, 0.375, 1.2 ],
							"rotationZ": -45.0,
							"faces": {
								"north": { "texture": "#gold2", "uv": [ 3.0, 0.5, 3.5, 1.0 ], "autoUv": false },
								"south": { "texture": "#gold2", "uv": [ 5.0, 3.0, 5.5, 3.5 ], "autoUv": false },
								"west": { "texture": "#gold2", "uv": [ 1.0, 3.0, 3.5, 3.5 ], "autoUv": false },
								"down": { "texture": "#gold2", "uv": [ 2.0, 1.5, 4.5, 2.0 ], "rotation": 90, "autoUv": false }
							}
						},
						{
							"name": "groove3",
							"from": [ -0.075, 0.675, 0.075 ],
							"to": [ 0.075, 0.825, 2.175 ],
							"rotationOrigin": [ 0.0, 0.75, 1.2 ],
							"rotationZ": -45.0,
							"faces": {
								"north": { "texture": "#gold2", "uv": [ 0.0, 2.5, 0.5, 3.0 ], "autoUv": false },
								"south": { "texture": "#gold2", "uv": [ 4.0, 3.0, 4.5, 3.5 ], "autoUv": false },
								"west": { "texture": "#gold2", "uv": [ 3.5, 0.5, 6.0, 1.0 ], "autoUv": false },
								"down": { "texture": "#gold2", "uv": [ 2.0, 0.0, 4.5, 0.5 ], "rotation": 90, "autoUv": false }
							}
						},
						{
							"name": "groove4",
							"from": [ -0.075, 1.05, 0.075 ],
							"to": [ 0.075, 1.2, 2.175 ],
							"rotationOrigin": [ 0.0, 1.125, 1.2 ],
							"rotationZ": -45.0,
							"faces": {
								"north": { "texture": "#gold2", "uv": [ 6.0, 2.0, 6.5, 2.5 ], "autoUv": false },
								"south": { "texture": "#gold2", "uv": [ 0.5, 0.5, 1.0, 1.0 ], "autoUv": false },
								"west": { "texture": "#gold2", "uv": [ 3.5, 2.5, 6.0, 3.0 ], "autoUv": false },
								"down": { "texture": "#gold2", "uv": [ 1.0, 2.0, 3.5, 2.5 ], "rotation": 90, "autoUv": false }
							}
						}
					]
				}
			]
		}
	]}