{
	"editor": {
		"backDropShape": "entity/humanoid/seraph",
		"collapsedPaths": "Root/hideme",
		"allAngles": true,
		"entityTextureMode": false
	},
	"textureWidth": 16,
	"textureHeight": 16,
	"textureSizes": {
		"blue": [16,16],
		"blackbronze": [4,4],
		"jade": [4,4]
	},
	"textures": {
	},
	"elements": [
		{
			"name": "hideme",
			"stepParentName": "UpperTorso",
			"from": [ 1.5, 3.75, 2.25 ],
			"to": [ 1.5, 3.75, 2.25 ],
			"rotationOrigin": [ 1.5, 3.75, 2.25 ],
			"faces": {
			},
			"children": [
				{
					"name": "string back",
					"from": [ 1.65, 0.15, -1.05 ],
					"to": [ 1.8, 0.3, 1.2 ],
					"rotationOrigin": [ 1.725, 0.225, 0.075 ],
					"rotationZ": 45.0,
					"faces": {
						"north": { "texture": "#blue", "uv": [ 12.5, 13.0, 12.75, 13.25 ], "autoUv": false },
						"east": { "texture": "#blue", "uv": [ 10.0, 13.5, 13.0, 13.75 ], "autoUv": false },
						"south": { "texture": "#blue", "uv": [ 11.0, 13.5, 11.25, 13.75 ], "autoUv": false },
						"west": { "texture": "#blue", "uv": [ 4.0, 6.0, 7.0, 6.25 ], "autoUv": false },
						"up": { "texture": "#blue", "uv": [ 11.5, 11.0, 11.75, 14.0 ], "autoUv": false },
						"down": { "texture": "#blue", "uv": [ 13.0, 11.5, 13.25, 14.5 ], "autoUv": false }
					}
				},
				{
					"name": "stringR1",
					"from": [ -0.75, 0.15, -1.125 ],
					"to": [ 1.725, 0.3, -0.975 ],
					"rotationOrigin": [ 0.3, 0.225, -1.05 ],
					"rotationX": 45.0,
					"faces": {
						"north": { "texture": "#blue", "uv": [ 8.5, 14.0, 11.75, 14.25 ], "autoUv": false },
						"east": { "texture": "#blue", "uv": [ 2.0, 9.5, 2.25, 9.75 ], "autoUv": false },
						"south": { "texture": "#blue", "uv": [ 12.0, 10.5, 15.25, 10.75 ], "autoUv": false },
						"west": { "texture": "#blue", "uv": [ 10.5, 1.0, 10.75, 1.25 ], "autoUv": false },
						"up": { "texture": "#blue", "uv": [ 5.5, 4.0, 8.75, 4.25 ], "autoUv": false },
						"down": { "texture": "#blue", "uv": [ 6.0, 2.5, 9.25, 2.75 ], "autoUv": false }
					}
				},
				{
					"name": "stringL1",
					"from": [ -0.75, 0.15, 1.125 ],
					"to": [ 1.725, 0.3, 1.275 ],
					"rotationOrigin": [ 0.3, 0.225, 1.2 ],
					"rotationX": 45.0,
					"faces": {
						"north": { "texture": "#blue", "uv": [ 4.5, 1.0, 7.75, 1.25 ], "autoUv": false },
						"east": { "texture": "#blue", "uv": [ 1.0, 10.5, 1.25, 10.75 ], "autoUv": false },
						"south": { "texture": "#blue", "uv": [ 3.0, 13.5, 6.25, 13.75 ], "autoUv": false },
						"west": { "texture": "#blue", "uv": [ 10.0, 2.5, 10.25, 2.75 ], "autoUv": false },
						"up": { "texture": "#blue", "uv": [ 7.0, 5.0, 10.25, 5.25 ], "autoUv": false },
						"down": { "texture": "#blue", "uv": [ 4.0, 11.0, 7.25, 11.25 ], "autoUv": false }
					}
				},
				{
					"name": "stringR2",
					"from": [ -1.725, -0.075, -0.75 ],
					"to": [ -0.6, 0.075, -0.6 ],
					"rotationOrigin": [ -1.35, 0.0, -0.675 ],
					"rotationY": 33.0,
					"rotationZ": 17.0,
					"faces": {
						"north": { "texture": "#blue", "uv": [ 5.5, 3.5, 7.0, 3.75 ], "autoUv": false },
						"east": { "texture": "#blue", "uv": [ 9.5, 7.0, 9.75, 7.25 ], "autoUv": false },
						"south": { "texture": "#blue", "uv": [ 14.0, 7.5, 15.5, 7.75 ], "autoUv": false },
						"west": { "texture": "#blue", "uv": [ 1.5, 3.5, 1.75, 3.75 ], "autoUv": false },
						"up": { "texture": "#blue", "uv": [ 5.5, 3.5, 7.0, 3.75 ], "autoUv": false },
						"down": { "texture": "#blue", "uv": [ 8.0, 14.0, 9.5, 14.25 ], "autoUv": false }
					}
				},
				{
					"name": "stringL2",
					"from": [ -1.725, -0.075, 0.75 ],
					"to": [ -0.6, 0.075, 0.9 ],
					"rotationOrigin": [ -1.35, 0.0, 0.825 ],
					"rotationY": -33.0,
					"rotationZ": 17.0,
					"faces": {
						"north": { "texture": "#blue", "uv": [ 5.5, 9.0, 7.0, 9.25 ], "autoUv": false },
						"east": { "texture": "#blue", "uv": [ 5.5, 10.0, 5.75, 10.25 ], "autoUv": false },
						"south": { "texture": "#blue", "uv": [ 12.0, 10.0, 13.5, 10.25 ], "autoUv": false },
						"west": { "texture": "#blue", "uv": [ 11.0, 12.5, 11.25, 12.75 ], "autoUv": false },
						"up": { "texture": "#blue", "uv": [ 4.5, 10.5, 6.0, 10.75 ], "autoUv": false },
						"down": { "texture": "#blue", "uv": [ 0.5, 15.0, 2.0, 15.25 ], "autoUv": false }
					}
				},
				{
					"name": "pendant",
					"from": [ -1.8, -1.95, -0.075 ],
					"to": [ -1.65, -1.2, 0.225 ],
					"rotationOrigin": [ -1.725, -1.125, 0.075 ],
					"faces": {
						"north": { "texture": "#jade", "uv": [ 2.5, 1.0, 3.0, 2.0 ], "autoUv": false },
						"east": { "texture": "#jade", "uv": [ 2.0, 0.0, 2.5, 1.0 ], "autoUv": false },
						"south": { "texture": "#jade", "uv": [ 1.0, 1.5, 1.5, 2.5 ], "autoUv": false },
						"west": { "texture": "#jade", "uv": [ 1.0, 0.5, 1.5, 1.5 ], "autoUv": false },
						"up": { "texture": "#jade", "uv": [ 0.0, 1.5, 0.5, 2.0 ], "autoUv": false },
						"down": { "texture": "#jade", "uv": [ 1.0, 0.5, 1.5, 1.0 ], "autoUv": false }
					},
					"children": [
						{
							"name": "chain1",
							"from": [ -0.075, 0.675, 0.075 ],
							"to": [ 0.225, 0.975, 0.225 ],
							"rotationOrigin": [ 0.075, 0.825, 0.15 ],
							"rotationZ": 47.0,
							"faces": {
								"north": { "texture": "#blackbronze", "uv": [ 2.5, 0.75, 2.75, 1.0 ], "autoUv": false },
								"east": { "texture": "#blackbronze", "uv": [ 0.0, 3.0, 0.25, 3.25 ], "autoUv": false },
								"south": { "texture": "#blackbronze", "uv": [ 2.5, 1.0, 2.75, 1.25 ], "autoUv": false },
								"west": { "texture": "#blackbronze", "uv": [ 1.75, 1.5, 2.0, 1.75 ], "autoUv": false },
								"up": { "texture": "#blackbronze", "uv": [ 1.0, 2.0, 1.25, 2.25 ], "autoUv": false },
								"down": { "texture": "#blackbronze", "uv": [ 0.25, 3.0, 0.5, 3.25 ], "autoUv": false }
							}
						},
						{
							"name": "chain2",
							"from": [ 0.0, -0.15, 0.075 ],
							"to": [ 0.15, 0.0, 0.225 ],
							"rotationOrigin": [ 0.075, -0.075, 0.15 ],
							"rotationZ": 55.0,
							"faces": {
								"north": { "texture": "#blackbronze", "uv": [ 3.25, 3.0, 3.5, 3.25 ], "autoUv": false },
								"east": { "texture": "#blackbronze", "uv": [ 2.5, 3.5, 2.75, 3.75 ], "autoUv": false },
								"south": { "texture": "#blackbronze", "uv": [ 1.75, 1.75, 2.0, 2.0 ], "autoUv": false },
								"west": { "texture": "#blackbronze", "uv": [ 0.0, 1.75, 0.25, 2.0 ], "autoUv": false },
								"up": { "texture": "#blackbronze", "uv": [ 3.5, 2.75, 3.75, 3.0 ], "autoUv": false },
								"down": { "texture": "#blackbronze", "uv": [ 0.75, 2.25, 1.0, 2.5 ], "autoUv": false }
							}
						},
						{
							"name": "pendantH",
							"from": [ -0.0075, 0.225, -0.225 ],
							"to": [ 0.1425, 0.525, 0.525 ],
							"rotationOrigin": [ 0.0, 0.375, 0.15 ],
							"faces": {
								"north": { "texture": "#jade", "uv": [ 2.0, 0.5, 2.5, 1.0 ], "autoUv": false },
								"east": { "texture": "#jade", "uv": [ 0.5, 0.5, 1.5, 1.0 ], "autoUv": false },
								"south": { "texture": "#jade", "uv": [ 2.5, 3.0, 3.0, 3.5 ], "autoUv": false },
								"west": { "texture": "#jade", "uv": [ 0.0, 2.0, 1.0, 2.5 ], "autoUv": false },
								"up": { "texture": "#jade", "uv": [ 1.0, 2.5, 1.5, 3.5 ], "autoUv": false },
								"down": { "texture": "#jade", "uv": [ 1.5, 0.5, 2.0, 1.5 ], "autoUv": false }
							}
						},
						{
							"name": "pendantD1",
							"from": [ 0.0075, 0.225, -0.225 ],
							"to": [ 0.1575, 0.525, 0.525 ],
							"rotationOrigin": [ 0.0, 0.375, 0.15 ],
							"rotationX": 45.0,
							"faces": {
								"north": { "texture": "#jade", "uv": [ 2.0, 3.0, 2.5, 3.5 ], "autoUv": false },
								"east": { "texture": "#jade", "uv": [ 2.5, 1.5, 3.5, 2.0 ], "autoUv": false },
								"south": { "texture": "#jade", "uv": [ 0.0, 2.0, 0.5, 2.5 ], "autoUv": false },
								"west": { "texture": "#jade", "uv": [ 0.0, 0.0, 1.0, 0.5 ], "autoUv": false },
								"up": { "texture": "#jade", "uv": [ 1.0, 2.0, 1.5, 3.0 ], "autoUv": false },
								"down": { "texture": "#jade", "uv": [ 1.5, 1.0, 2.0, 2.0 ], "autoUv": false }
							}
						},
						{
							"name": "pendantD2",
							"from": [ 0.0075, 0.225, -0.225 ],
							"to": [ 0.1575, 0.525, 0.525 ],
							"rotationOrigin": [ 0.0, 0.375, 0.15 ],
							"rotationX": -45.0,
							"faces": {
								"north": { "texture": "#jade", "uv": [ 3.0, 2.0, 3.5, 2.5 ], "autoUv": false },
								"east": { "texture": "#jade", "uv": [ 1.0, 0.5, 2.0, 1.0 ], "autoUv": false },
								"south": { "texture": "#jade", "uv": [ 0.0, 0.5, 0.5, 1.0 ], "autoUv": false },
								"west": { "texture": "#jade", "uv": [ 2.0, 2.5, 3.0, 3.0 ], "autoUv": false },
								"up": { "texture": "#jade", "uv": [ 3.0, 0.5, 3.5, 1.5 ], "autoUv": false },
								"down": { "texture": "#jade", "uv": [ 1.0, 2.5, 1.5, 3.5 ], "autoUv": false }
							}
						},
						{
							"name": "coin-mid",
							"from": [ 0.0, -0.45, 0.075 ],
							"to": [ 0.15, -0.3, 0.225 ],
							"rotationOrigin": [ 0.0, -0.375, 0.15 ],
							"faces": {
							},
							"children": [
								{
									"name": "coinU",
									"from": [ 0.0, 0.15, 0.0 ],
									"to": [ 0.15, 0.3, 0.3 ],
									"rotationOrigin": [ 0.0, 0.15, 0.0 ],
									"faces": {
										"east": { "texture": "#blackbronze", "uv": [ 2.5, 0.5, 2.75, 0.75 ], "autoUv": false },
										"south": { "texture": "#blackbronze", "uv": [ 3.0, 3.25, 3.25, 3.5 ], "autoUv": false },
										"west": { "texture": "#blackbronze", "uv": [ 2.75, 1.75, 3.0, 2.0 ], "autoUv": false },
										"up": { "texture": "#blackbronze", "uv": [ 0.75, 1.5, 1.0, 1.75 ], "autoUv": false },
										"down": { "texture": "#blackbronze", "uv": [ 2.0, 2.5, 2.25, 2.75 ], "autoUv": false }
									}
								},
								{
									"name": "coinD",
									"from": [ 0.0, -0.15, -0.15 ],
									"to": [ 0.15, 0.0, 0.15 ],
									"faces": {
										"north": { "texture": "#blackbronze", "uv": [ 0.5, 3.0, 0.75, 3.25 ], "autoUv": false },
										"east": { "texture": "#blackbronze", "uv": [ 2.75, 1.75, 3.0, 2.0 ], "autoUv": false },
										"west": { "texture": "#blackbronze", "uv": [ 2.75, 1.25, 3.0, 1.5 ], "autoUv": false },
										"up": { "texture": "#blackbronze", "uv": [ 0.75, 3.25, 1.0, 3.5 ], "autoUv": false },
										"down": { "texture": "#blackbronze", "uv": [ 0.5, 0.25, 0.75, 0.5 ], "autoUv": false }
									}
								},
								{
									"name": "coinR",
									"from": [ 0.0, 0.0, -0.15 ],
									"to": [ 0.15, 0.3, 0.0 ],
									"faces": {
										"north": { "texture": "#blackbronze", "uv": [ 3.0, 3.5, 3.25, 3.75 ], "autoUv": false },
										"east": { "texture": "#blackbronze", "uv": [ 1.25, 1.5, 1.5, 1.75 ], "autoUv": false },
										"south": { "texture": "#blackbronze", "uv": [ 1.0, 1.75, 1.25, 2.0 ], "autoUv": false },
										"west": { "texture": "#blackbronze", "uv": [ 0.75, 2.25, 1.0, 2.5 ], "autoUv": false },
										"up": { "texture": "#blackbronze", "uv": [ 1.5, 1.0, 1.75, 1.25 ], "autoUv": false }
									}
								},
								{
									"name": "coinL",
									"from": [ 0.0, -0.15, 0.15 ],
									"to": [ 0.15, 0.15, 0.3 ],
									"rotationOrigin": [ 0.0, 0.0, 0.15 ],
									"faces": {
										"north": { "texture": "#blackbronze", "uv": [ 1.75, 2.25, 2.0, 2.5 ], "autoUv": false },
										"east": { "texture": "#blackbronze", "uv": [ 1.75, 2.0, 2.0, 2.25 ], "autoUv": false },
										"south": { "texture": "#blackbronze", "uv": [ 2.75, 3.25, 3.0, 3.5 ], "autoUv": false },
										"west": { "texture": "#blackbronze", "uv": [ 2.0, 0.75, 2.25, 1.0 ], "autoUv": false },
										"down": { "texture": "#blackbronze", "uv": [ 3.0, 0.75, 3.25, 1.0 ], "autoUv": false }
									}
								}
							]
						},
						{
							"name": "chain3",
							"from": [ 0.0, -0.75, 0.075 ],
							"to": [ 0.15, -0.6, 0.225 ],
							"rotationOrigin": [ 0.075, -0.675, 0.15 ],
							"rotationY": -45.0,
							"faces": {
								"north": { "texture": "#blackbronze", "uv": [ 3.0, 0.5, 3.25, 0.75 ], "autoUv": false },
								"east": { "texture": "#blackbronze", "uv": [ 0.0, 3.5, 0.25, 3.75 ], "autoUv": false },
								"south": { "texture": "#blackbronze", "uv": [ 2.0, 1.0, 2.25, 1.25 ], "autoUv": false },
								"west": { "texture": "#blackbronze", "uv": [ 0.75, 0.25, 1.0, 0.5 ], "autoUv": false },
								"up": { "texture": "#blackbronze", "uv": [ 1.25, 1.75, 1.5, 2.0 ], "autoUv": false },
								"down": { "texture": "#blackbronze", "uv": [ 1.25, 1.25, 1.5, 1.5 ], "autoUv": false }
							},
							"children": [
								{
									"name": "string1",
									"from": [ 0.0375, -0.75, 0.0375 ],
									"to": [ 0.1125, 0.0, 0.1125 ],
									"rotationOrigin": [ 0.075, 0.0, 0.075 ],
									"faces": {
										"north": { "texture": "#red", "uv": [ 2.0, 11.5, 2.5, 12.5 ], "autoUv": false },
										"east": { "texture": "#red", "uv": [ 14.5, 8.5, 15.0, 9.5 ], "autoUv": false },
										"south": { "texture": "#red", "uv": [ 11.0, 9.5, 11.5, 10.5 ], "autoUv": false },
										"west": { "texture": "#red", "uv": [ 6.5, 10.5, 7.0, 11.5 ], "autoUv": false },
										"down": { "texture": "#red", "uv": [ 10.0, 11.0, 10.5, 11.5 ], "autoUv": false }
									}
								},
								{
									"name": "string2",
									"from": [ 0.0375, -0.6, 0.0375 ],
									"to": [ 0.1125, 0.0, 0.1125 ],
									"rotationOrigin": [ 0.075, 0.0, 0.075 ],
									"rotationY": -19.0,
									"rotationZ": 8.0,
									"faces": {
										"north": { "texture": "#red", "uv": [ 14.5, 6.5, 15.0, 7.0 ], "autoUv": false },
										"east": { "texture": "#red", "uv": [ 4.0, 5.0, 4.5, 5.5 ], "autoUv": false },
										"south": { "texture": "#red", "uv": [ 5.0, 1.5, 5.5, 2.0 ], "autoUv": false },
										"west": { "texture": "#red", "uv": [ 4.5, 5.5, 5.0, 6.0 ], "autoUv": false },
										"down": { "texture": "#red", "uv": [ 11.0, 1.5, 11.5, 2.0 ], "autoUv": false }
									}
								},
								{
									"name": "string3",
									"from": [ 0.0375, -0.6, 0.0375 ],
									"to": [ 0.1125, 0.0, 0.1125 ],
									"rotationOrigin": [ 0.075, 0.0, 0.075 ],
									"rotationX": 17.0,
									"rotationY": 22.0,
									"rotationZ": -8.0,
									"faces": {
										"north": { "texture": "#red", "uv": [ 15.0, 8.5, 15.5, 9.0 ], "autoUv": false },
										"east": { "texture": "#red", "uv": [ 8.0, 6.5, 8.5, 7.0 ], "autoUv": false },
										"south": { "texture": "#red", "uv": [ 13.0, 2.0, 13.5, 2.5 ], "autoUv": false },
										"west": { "texture": "#red", "uv": [ 3.0, 14.5, 3.5, 15.0 ], "autoUv": false },
										"down": { "texture": "#red", "uv": [ 1.0, 7.5, 1.5, 8.0 ], "autoUv": false }
									}
								},
								{
									"name": "string4",
									"from": [ 0.0375, -0.675, 0.0375 ],
									"to": [ 0.1125, 0.0, 0.1125 ],
									"rotationOrigin": [ 0.075, 0.0, 0.075 ],
									"rotationX": 6.0,
									"rotationY": -19.0,
									"rotationZ": -11.0,
									"faces": {
										"north": { "texture": "#red", "uv": [ 2.5, 3.5, 3.0, 4.0 ], "autoUv": false },
										"east": { "texture": "#red", "uv": [ 12.5, 14.0, 13.0, 14.5 ], "autoUv": false },
										"south": { "texture": "#red", "uv": [ 10.0, 7.0, 10.5, 7.5 ], "autoUv": false },
										"west": { "texture": "#red", "uv": [ 11.0, 15.0, 11.5, 15.5 ], "autoUv": false },
										"down": { "texture": "#red", "uv": [ 7.0, 15.0, 7.5, 15.5 ], "autoUv": false }
									}
								}
							]
						}
					]
				},
				{
					"name": "stringR3",
					"from": [ -1.725, -1.2, -0.525 ],
					"to": [ -1.575, -0.075, -0.375 ],
					"rotationOrigin": [ -1.65, -0.075, -0.45 ],
					"rotationX": -22.0,
					"rotationZ": -5.0,
					"faces": {
						"north": { "texture": "#blue", "uv": [ 5.0, 8.0, 5.25, 9.5 ], "autoUv": false },
						"east": { "texture": "#blue", "uv": [ 5.5, 2.0, 5.75, 3.5 ], "autoUv": false },
						"south": { "texture": "#blue", "uv": [ 5.5, 3.0, 5.75, 4.5 ], "autoUv": false },
						"west": { "texture": "#blue", "uv": [ 15.5, 8.5, 15.75, 10.0 ], "autoUv": false },
						"up": { "texture": "#blue", "uv": [ 5.5, 1.0, 5.75, 1.25 ], "autoUv": false },
						"down": { "texture": "#blue", "uv": [ 15.5, 0.5, 15.75, 0.75 ], "autoUv": false }
					}
				},
				{
					"name": "stringL3",
					"from": [ -1.725, -1.2, 0.525 ],
					"to": [ -1.575, -0.075, 0.675 ],
					"rotationOrigin": [ -1.65, -0.075, 0.6 ],
					"rotationX": 22.0,
					"rotationZ": -5.0,
					"faces": {
						"north": { "texture": "#blue", "uv": [ 2.0, 11.5, 2.25, 13.0 ], "autoUv": false },
						"east": { "texture": "#blue", "uv": [ 14.5, 7.0, 14.75, 8.5 ], "autoUv": false },
						"south": { "texture": "#blue", "uv": [ 9.5, 5.0, 9.75, 6.5 ], "autoUv": false },
						"west": { "texture": "#blue", "uv": [ 2.0, 10.5, 2.25, 12.0 ], "autoUv": false },
						"up": { "texture": "#blue", "uv": [ 12.0, 13.0, 12.25, 13.25 ], "autoUv": false },
						"down": { "texture": "#blue", "uv": [ 13.5, 3.0, 13.75, 3.25 ], "autoUv": false }
					}
				}
			]
		}
	]}