{
	"editor": {
		"backDropShape": "entity/humanoid/seraph",
		"collapsedPaths": "Root/hideme",
		"allAngles": false,
		"entityTextureMode": false
	},
	"textureWidth": 8,
	"textureHeight": 8,
	"textureSizes": {
		"gold": [8,8],
		"gold2": [8,4],
		"silver": [8,8]
	},
	"textures": {
	},
	"elements": [
		{
			"name": "hideme",
			"stepParentName": "UpperTorso",
			"from": [ 0.0, 3.75, 2.25 ],
			"to": [ 0.0, 3.75, 2.25 ],
			"rotationOrigin": [ 0.0, 3.75, 2.25 ],
			"faces": {
			},
			"children": [
				{
					"name": "chest1",
					"from": [ -0.075, -1.125, -0.75 ],
					"to": [ 0.0, -0.375, 0.75 ],
					"faces": {
						"north": { "texture": "#silver", "uv": [ 6.0, 1.5, 6.5, 2.5 ], "autoUv": false },
						"east": { "texture": "#silver", "uv": [ 4.5, 5.0, 6.5, 6.0 ], "autoUv": false },
						"south": { "texture": "#silver", "uv": [ 4.0, 4.5, 4.5, 5.5 ], "autoUv": false },
						"west": { "texture": "#silver", "uv": [ 1.5, 5.5, 3.5, 6.5 ], "autoUv": false },
						"up": { "texture": "#silver", "uv": [ 2.5, 2.5, 3.0, 4.5 ], "autoUv": false },
						"down": { "texture": "#silver", "uv": [ 2.5, 3.0, 3.0, 5.0 ], "autoUv": false }
					},
					"children": [
						{
							"name": "R1",
							"from": [ 0.0, 0.375, -0.75 ],
							"to": [ 0.075, 1.125, 0.0 ],
							"rotationOrigin": [ 0.0, 0.375, 0.0 ],
							"faces": {
								"north": { "texture": "#silver", "uv": [ 4.5, 1.0, 5.0, 2.0 ], "autoUv": false },
								"east": { "texture": "#silver", "uv": [ 5.0, 3.5, 6.0, 4.5 ], "autoUv": false },
								"south": { "texture": "#silver", "uv": [ 6.5, 0.0, 7.0, 1.0 ], "autoUv": false, "windMode": [-1,-1,-1,-1], "windData": [1,1,1,1] },
								"west": { "texture": "#silver", "uv": [ 6.0, 4.5, 7.0, 5.5 ], "autoUv": false },
								"down": { "texture": "#silver", "uv": [ 5.5, 5.0, 6.0, 6.0 ], "autoUv": false }
							},
							"children": [
								{
									"name": "R2",
									"from": [ 0.0, 0.75, 0.0 ],
									"to": [ 2.25, 0.825, 0.75 ],
									"rotationOrigin": [ 0.0, 0.75, 0.0 ],
									"faces": {
										"north": { "texture": "#silver", "uv": [ 0.0, 3.5, 3.0, 4.0 ], "autoUv": false },
										"east": { "texture": "#silver", "uv": [ 0.5, 1.5, 1.5, 2.0 ], "autoUv": false },
										"south": { "texture": "#silver", "uv": [ 2.5, 6.0, 5.5, 6.5 ], "autoUv": false },
										"west": { "texture": "#silver", "uv": [ 1.5, 5.0, 2.5, 5.5 ], "autoUv": false },
										"up": { "texture": "#silver", "uv": [ 2.5, 3.5, 5.5, 4.5 ], "autoUv": false },
										"down": { "texture": "#silver", "uv": [ 1.5, 2.5, 4.5, 3.5 ], "autoUv": false }
									},
									"children": [
										{
											"name": "R3",
											"from": [ 2.25, 0.0, 0.0 ],
											"to": [ 3.375, 0.075, 0.375 ],
											"rotationOrigin": [ 2.25, 0.0, 0.0 ],
											"rotationY": -15.0,
											"rotationZ": 1.0,
											"faces": {
												"north": { "texture": "#silver", "uv": [ 3.5, 2.0, 5.0, 2.5 ], "autoUv": false },
												"east": { "texture": "#silver", "uv": [ 5.5, 0.5, 6.0, 1.0 ], "autoUv": false },
												"south": { "texture": "#silver", "uv": [ 3.0, 4.0, 4.5, 4.5 ], "autoUv": false },
												"up": { "texture": "#silver", "uv": [ 5.5, 2.5, 7.0, 3.0 ], "autoUv": false },
												"down": { "texture": "#silver", "uv": [ 1.0, 1.5, 2.5, 2.0 ], "autoUv": false }
											}
										}
									]
								}
							]
						},
						{
							"name": "L1",
							"from": [ 0.0, 0.375, 1.5 ],
							"to": [ 0.075, 1.125, 2.25 ],
							"rotationOrigin": [ 0.0, 0.375, 1.5 ],
							"faces": {
								"north": { "texture": "#silver", "uv": [ 1.0, 0.0, 1.5, 1.0 ], "autoUv": false, "windMode": [-1,-1,-1,-1], "windData": [1,1,1,1] },
								"east": { "texture": "#silver", "uv": [ 6.5, 4.5, 7.5, 5.5 ], "autoUv": false },
								"south": { "texture": "#silver", "uv": [ 5.0, 1.5, 5.5, 2.5 ], "autoUv": false, "windMode": [-1,-1,-1,-1], "windData": [1,1,1,1] },
								"west": { "texture": "#silver", "uv": [ 5.0, 3.0, 6.0, 4.0 ], "autoUv": false },
								"down": { "texture": "#silver", "uv": [ 5.5, 2.5, 6.0, 3.5 ], "autoUv": false }
							},
							"children": [
								{
									"name": "L2",
									"from": [ 0.0, 0.75, 0.0 ],
									"to": [ 2.25, 0.825, 0.75 ],
									"rotationOrigin": [ 0.0, 0.75, 0.0 ],
									"faces": {
										"north": { "texture": "#silver", "uv": [ 3.0, 4.5, 6.0, 5.0 ], "autoUv": false },
										"east": { "texture": "#silver", "uv": [ 2.0, 2.0, 3.0, 2.5 ], "autoUv": false },
										"south": { "texture": "#silver", "uv": [ 4.0, 1.0, 7.0, 1.5 ], "autoUv": false },
										"west": { "texture": "#silver", "uv": [ 4.5, 1.0, 5.5, 1.5 ], "autoUv": false },
										"up": { "texture": "#silver", "uv": [ 1.0, 5.5, 4.0, 6.5 ], "autoUv": false },
										"down": { "texture": "#silver", "uv": [ 1.5, 4.0, 4.5, 5.0 ], "autoUv": false }
									},
									"children": [
										{
											"name": "L3",
											"from": [ 2.25, 0.0, 0.375 ],
											"to": [ 3.375, 0.075, 0.75 ],
											"rotationOrigin": [ 2.25, 0.0, 0.75 ],
											"rotationY": 15.0,
											"rotationZ": 1.0,
											"faces": {
												"north": { "texture": "#silver", "uv": [ 0.5, 5.0, 2.0, 5.5 ], "autoUv": false },
												"east": { "texture": "#silver", "uv": [ 0.0, 6.5, 0.5, 7.0 ], "autoUv": false },
												"south": { "texture": "#silver", "uv": [ 0.5, 6.0, 2.0, 6.5 ], "autoUv": false },
												"up": { "texture": "#silver", "uv": [ 6.0, 0.5, 7.5, 1.0 ], "autoUv": false },
												"down": { "texture": "#silver", "uv": [ 2.0, 1.0, 3.5, 1.5 ], "autoUv": false }
											}
										}
									]
								}
							]
						},
						{
							"name": "L4",
							"from": [ 0.0075, -0.15, 1.05 ],
							"to": [ 0.0825, 0.375, 2.4 ],
							"rotationOrigin": [ 0.075, -0.15, 1.5 ],
							"rotationX": -25.0,
							"faces": {
								"east": { "texture": "#silver", "uv": [ 6.0, 4.0, 7.5, 4.5 ], "autoUv": false },
								"south": { "texture": "#silver", "uv": [ 4.0, 4.5, 4.5, 5.0 ], "autoUv": false },
								"west": { "texture": "#silver", "uv": [ 1.0, 6.5, 2.5, 7.0 ], "autoUv": false },
								"down": { "texture": "#silver", "uv": [ 4.0, 4.0, 4.5, 5.5 ], "autoUv": false }
							}
						},
						{
							"name": "R4",
							"from": [ 0.0075, -0.15, -0.9 ],
							"to": [ 0.0825, 0.375, 0.45 ],
							"rotationOrigin": [ 0.075, -0.15, 0.0 ],
							"rotationX": 25.0,
							"faces": {
								"north": { "texture": "#silver", "uv": [ 5.0, 5.5, 5.5, 6.0 ], "autoUv": false, "windMode": [-1,-1,-1,-1], "windData": [1,1,1,1] },
								"east": { "texture": "#silver", "uv": [ 3.5, 1.0, 5.0, 1.5 ], "autoUv": false },
								"west": { "texture": "#silver", "uv": [ 3.0, 1.0, 4.5, 1.5 ], "autoUv": false },
								"down": { "texture": "#silver", "uv": [ 4.0, 4.0, 4.5, 5.5 ], "autoUv": false }
							}
						},
						{
							"name": "chest2",
							"from": [ 0.0, -0.375, 0.375 ],
							"to": [ 0.075, 0.0, 1.125 ],
							"rotationOrigin": [ 0.0, 0.0, 0.75 ],
							"faces": {
								"north": { "texture": "#silver", "uv": [ 4.0, 3.5, 4.5, 4.0 ], "autoUv": false },
								"east": { "texture": "#silver", "uv": [ 0.0, 7.0, 1.0, 7.5 ], "autoUv": false },
								"south": { "texture": "#silver", "uv": [ 1.0, 4.5, 1.5, 5.0 ], "autoUv": false },
								"west": { "texture": "#silver", "uv": [ 2.5, 1.0, 3.5, 1.5 ], "autoUv": false },
								"down": { "texture": "#silver", "uv": [ 6.0, 4.5, 6.5, 5.5 ], "autoUv": false }
							}
						},
						{
							"name": "R5",
							"from": [ 0.0075, 0.75, -0.225 ],
							"to": [ 0.0825, 1.125, 0.9 ],
							"rotationOrigin": [ 0.075, 0.75, 0.0 ],
							"rotationX": 22.5,
							"faces": {
								"east": { "texture": "#silver", "uv": [ 1.0, 5.5, 2.5, 6.0 ], "autoUv": false },
								"west": { "texture": "#silver", "uv": [ 1.0, 0.5, 2.5, 1.0 ], "autoUv": false },
								"up": { "texture": "#silver", "uv": [ 3.5, 1.0, 4.0, 2.5 ], "autoUv": false, "windMode": [-1,-1,-1,-1], "windData": [1,1,1,1] }
							}
						},
						{
							"name": "L5",
							"from": [ 0.015, 0.75, 0.6 ],
							"to": [ 0.09, 1.125, 1.725 ],
							"rotationOrigin": [ 0.075, 0.75, 1.5 ],
							"rotationX": -25.0,
							"faces": {
								"east": { "texture": "#silver", "uv": [ 4.0, 5.0, 5.5, 5.5 ], "autoUv": false },
								"west": { "texture": "#silver", "uv": [ 2.0, 3.0, 3.5, 3.5 ], "autoUv": false },
								"up": { "texture": "#silver", "uv": [ 3.5, 4.0, 4.0, 5.5 ], "autoUv": false, "windMode": [-1,-1,-1,-1], "windData": [1,1,1,1] }
							}
						},
						{
							"name": "gem1",
							"from": [ -0.15, -0.1125, 0.6375 ],
							"to": [ 0.0, 0.1125, 0.8625 ],
							"rotationOrigin": [ 0.0, 0.0, 0.75 ],
							"faces": {
								"north": { "texture": "#aquamarine", "uv": [ 4.0, 2.0, 5.0, 3.0 ], "autoUv": false },
								"south": { "texture": "#aquamarine", "uv": [ 2.0, 5.0, 3.0, 6.0 ], "autoUv": false },
								"west": { "texture": "#aquamarine", "uv": [ 1.0, 3.0, 2.0, 4.0 ], "autoUv": false },
								"up": { "texture": "#aquamarine", "uv": [ 3.0, 0.0, 4.0, 1.0 ], "autoUv": false },
								"down": { "texture": "#aquamarine", "uv": [ 2.0, 6.0, 3.0, 7.0 ], "autoUv": false }
							}
						},
						{
							"name": "gem2",
							"from": [ -0.15, 0.375, 0.675 ],
							"to": [ 0.0, 0.525, 0.825 ],
							"rotationOrigin": [ 0.0, 0.45, 0.75 ],
							"faces": {
								"north": { "texture": "#aquamarine", "uv": [ 6.0, 6.0, 7.0, 7.0 ], "autoUv": false },
								"south": { "texture": "#aquamarine", "uv": [ 4.0, 6.0, 5.0, 7.0 ], "autoUv": false },
								"west": { "texture": "#aquamarine", "uv": [ 3.0, 1.0, 4.0, 2.0 ], "autoUv": false },
								"up": { "texture": "#aquamarine", "uv": [ 0.0, 3.0, 1.0, 4.0 ], "autoUv": false },
								"down": { "texture": "#aquamarine", "uv": [ 2.0, 4.0, 3.0, 5.0 ], "autoUv": false }
							}
						},
						{
							"name": "gem3",
							"from": [ -0.15, 0.1875, -0.1125 ],
							"to": [ 0.0, 0.4125, 0.1125 ],
							"rotationOrigin": [ 0.0, 0.3, 0.0 ],
							"rotationX": 22.5,
							"faces": {
								"north": { "texture": "#sapphire", "uv": [ 0.0, 5.0, 1.0, 6.0 ], "autoUv": false },
								"south": { "texture": "#sapphire", "uv": [ 6.0, 5.0, 7.0, 6.0 ], "autoUv": false },
								"west": { "texture": "#sapphire", "uv": [ 6.0, 2.0, 7.0, 3.0 ], "autoUv": false },
								"up": { "texture": "#sapphire", "uv": [ 4.0, 6.0, 5.0, 7.0 ], "autoUv": false },
								"down": { "texture": "#sapphire", "uv": [ 6.0, 2.0, 7.0, 3.0 ], "autoUv": false }
							}
						},
						{
							"name": "gem4",
							"from": [ -0.15, 0.1875, 1.3875 ],
							"to": [ 0.0, 0.4125, 1.6125 ],
							"rotationOrigin": [ 0.0, 0.3, 1.5 ],
							"rotationX": -22.5,
							"faces": {
								"north": { "texture": "#sapphire", "uv": [ 0.0, 3.0, 1.0, 4.0 ], "autoUv": false },
								"south": { "texture": "#sapphire", "uv": [ 2.0, 6.0, 3.0, 7.0 ], "autoUv": false },
								"west": { "texture": "#sapphire", "uv": [ 5.0, 0.0, 6.0, 1.0 ], "autoUv": false },
								"up": { "texture": "#sapphire", "uv": [ 1.0, 6.0, 2.0, 7.0 ], "autoUv": false },
								"down": { "texture": "#sapphire", "uv": [ 2.0, 3.0, 3.0, 4.0 ], "autoUv": false }
							}
						},
						{
							"name": "gem5",
							"from": [ -0.15, 0.5625, 1.7625 ],
							"to": [ 0.0, 0.7875, 1.9875 ],
							"rotationOrigin": [ 0.0, 0.675, 1.875 ],
							"rotationX": -45.0,
							"faces": {
								"north": { "texture": "#lapislazuli", "uv": [ 4.0, 6.0, 5.0, 7.0 ], "autoUv": false },
								"south": { "texture": "#lapislazuli", "uv": [ 1.0, 6.0, 2.0, 7.0 ], "autoUv": false },
								"west": { "texture": "#lapislazuli", "uv": [ 5.0, 6.0, 6.0, 7.0 ], "autoUv": false },
								"up": { "texture": "#lapislazuli", "uv": [ 1.0, 1.0, 2.0, 2.0 ], "autoUv": false },
								"down": { "texture": "#lapislazuli", "uv": [ 3.0, 1.0, 4.0, 2.0 ], "autoUv": false }
							}
						},
						{
							"name": "gem6",
							"from": [ -0.15, 0.5625, -0.4875 ],
							"to": [ 0.0, 0.7875, -0.2625 ],
							"rotationOrigin": [ 0.0, 0.675, -0.375 ],
							"rotationX": 45.0,
							"faces": {
								"north": { "texture": "#lapislazuli", "uv": [ 5.0, 1.0, 6.0, 2.0 ], "autoUv": false },
								"south": { "texture": "#lapislazuli", "uv": [ 2.0, 0.0, 3.0, 1.0 ], "autoUv": false },
								"west": { "texture": "#lapislazuli", "uv": [ 0.0, 0.0, 1.0, 1.0 ], "autoUv": false },
								"up": { "texture": "#lapislazuli", "uv": [ 3.0, 5.0, 4.0, 6.0 ], "autoUv": false },
								"down": { "texture": "#lapislazuli", "uv": [ 2.0, 0.0, 3.0, 1.0 ], "autoUv": false }
							}
						},
						{
							"name": "gem7",
							"from": [ -0.15, 0.45, 0.3 ],
							"to": [ 0.0, 0.6, 0.45 ],
							"rotationOrigin": [ 0.0, 0.525, 0.375 ],
							"rotationX": 22.5,
							"faces": {
								"north": { "texture": "#sapphire", "uv": [ 4.0, 2.0, 5.0, 3.0 ], "autoUv": false },
								"south": { "texture": "#sapphire", "uv": [ 6.0, 1.0, 7.0, 2.0 ], "autoUv": false },
								"west": { "texture": "#sapphire", "uv": [ 1.0, 2.0, 2.0, 3.0 ], "autoUv": false },
								"up": { "texture": "#sapphire", "uv": [ 3.0, 4.0, 4.0, 5.0 ], "autoUv": false },
								"down": { "texture": "#sapphire", "uv": [ 1.0, 0.0, 2.0, 1.0 ], "autoUv": false }
							}
						},
						{
							"name": "gem8",
							"from": [ -0.15, 0.45, 1.05 ],
							"to": [ 0.0, 0.6, 1.2 ],
							"rotationOrigin": [ 0.0, 0.525, 1.125 ],
							"rotationX": -22.5,
							"faces": {
								"north": { "texture": "#sapphire", "uv": [ 2.0, 3.0, 3.0, 4.0 ], "autoUv": false },
								"south": { "texture": "#sapphire", "uv": [ 0.0, 1.0, 1.0, 2.0 ], "autoUv": false },
								"west": { "texture": "#sapphire", "uv": [ 3.0, 3.0, 4.0, 4.0 ], "autoUv": false },
								"up": { "texture": "#sapphire", "uv": [ 3.0, 0.0, 4.0, 1.0 ], "autoUv": false },
								"down": { "texture": "#sapphire", "uv": [ 3.0, 4.0, 4.0, 5.0 ], "autoUv": false }
							}
						},
						{
							"name": "gem9",
							"from": [ -0.15, 0.75, -0.075 ],
							"to": [ 0.0, 0.9, 0.075 ],
							"rotationOrigin": [ 0.0, 0.825, 0.0 ],
							"rotationX": 45.0,
							"faces": {
								"north": { "texture": "#lapislazuli", "uv": [ 4.0, 2.0, 5.0, 3.0 ], "autoUv": false },
								"south": { "texture": "#lapislazuli", "uv": [ 1.0, 1.0, 2.0, 2.0 ], "autoUv": false },
								"west": { "texture": "#lapislazuli", "uv": [ 4.0, 4.0, 5.0, 5.0 ], "autoUv": false },
								"up": { "texture": "#lapislazuli", "uv": [ 4.0, 5.0, 5.0, 6.0 ], "autoUv": false },
								"down": { "texture": "#lapislazuli", "uv": [ 2.0, 4.0, 3.0, 5.0 ], "autoUv": false }
							}
						},
						{
							"name": "gem10",
							"from": [ -0.15, 0.75, 1.425 ],
							"to": [ 0.0, 0.9, 1.575 ],
							"rotationOrigin": [ 0.0, 0.825, 1.5 ],
							"rotationX": -45.0,
							"faces": {
								"north": { "texture": "#lapislazuli", "uv": [ 2.0, 6.0, 3.0, 7.0 ], "autoUv": false },
								"south": { "texture": "#lapislazuli", "uv": [ 6.0, 5.0, 7.0, 6.0 ], "autoUv": false },
								"west": { "texture": "#lapislazuli", "uv": [ 2.0, 3.0, 3.0, 4.0 ], "autoUv": false },
								"up": { "texture": "#lapislazuli", "uv": [ 1.0, 3.0, 2.0, 4.0 ], "autoUv": false },
								"down": { "texture": "#lapislazuli", "uv": [ 2.0, 6.0, 3.0, 7.0 ], "autoUv": false }
							}
						}
					]
				}
			]
		}
	]}