{
	"editor": {
		"backDropShape": "entity/humanoid/seraph",
		"allAngles": true,
		"entityTextureMode": false
	},
	"textureWidth": 16,
	"textureHeight": 16,
	"textureSizes": {
		"metal": [8,8],
		"chain": [8,4],
		"gem": [4,4]
	},
	"textures": {
	},
	"elements": [
		{
			"name": "hideme",
			"stepParentName": "UpperTorso",
			"from": [ 1.5, 4.275, 2.325 ],
			"to": [ 1.5, 4.275, 2.325 ],
			"rotationOrigin": [ 0.75, 3.75, 2.325 ],
			"faces": {
			},
			"children": [
				{
					"name": "chainR1",
					"from": [ -0.9, -0.525, -1.35 ],
					"to": [ 1.725, -0.375, -1.2 ],
					"rotationOrigin": [ -0.9, -0.525, -1.125 ],
					"rotationZ": 7.0,
					"faces": {
						"north": { "texture": "#chain", "uv": [ 3.5, 2.0, 7.0, 2.5 ], "autoUv": false },
						"east": { "texture": "#chain", "uv": [ 4.0, 0.0, 4.5, 0.5 ], "autoUv": false },
						"south": { "texture": "#chain", "uv": [ 2.0, 0.5, 5.5, 1.0 ], "autoUv": false },
						"west": { "texture": "#chain", "uv": [ 2.0, 1.0, 2.5, 1.5 ], "autoUv": false },
						"up": { "texture": "#chain", "uv": [ 4.0, 2.0, 7.5, 2.5 ], "autoUv": false },
						"down": { "texture": "#chain", "uv": [ 4.0, 1.5, 7.5, 2.0 ], "autoUv": false }
					}
				},
				{
					"name": "chainL1",
					"from": [ -0.9, -0.525, 1.125 ],
					"to": [ 1.725, -0.375, 1.275 ],
					"rotationOrigin": [ -0.9, -0.525, 1.125 ],
					"rotationZ": 7.0,
					"faces": {
						"north": { "texture": "#chain", "uv": [ 0.0, 1.5, 3.5, 2.0 ], "autoUv": false },
						"east": { "texture": "#chain", "uv": [ 4.5, 2.0, 5.0, 2.5 ], "autoUv": false },
						"south": { "texture": "#chain", "uv": [ 2.5, 1.5, 6.0, 2.0 ], "autoUv": false },
						"west": { "texture": "#chain", "uv": [ 0.5, 2.0, 1.0, 2.5 ], "autoUv": false },
						"up": { "texture": "#chain", "uv": [ 1.0, 0.0, 4.5, 0.5 ], "autoUv": false },
						"down": { "texture": "#chain", "uv": [ 1.0, 3.0, 4.5, 3.5 ], "autoUv": false }
					}
				},
				{
					"name": "chainE",
					"from": [ 1.575, -0.225, -1.35 ],
					"to": [ 1.725, -0.075, 1.275 ],
					"rotationOrigin": [ 1.575, -0.225, -0.075 ],
					"rotationZ": 10.0,
					"faces": {
						"north": { "texture": "#chain", "uv": [ 6.5, 3.0, 7.0, 3.5 ], "autoUv": false },
						"east": { "texture": "#chain", "uv": [ 0.5, 1.5, 4.0, 2.0 ], "autoUv": false },
						"south": { "texture": "#chain", "uv": [ 4.0, 0.5, 4.5, 1.0 ], "autoUv": false },
						"west": { "texture": "#chain", "uv": [ 2.0, 2.5, 5.5, 3.0 ], "autoUv": false },
						"up": { "texture": "#chain", "uv": [ 4.0, 3.0, 7.5, 3.5 ], "rotation": 90, "autoUv": false },
						"down": { "texture": "#chain", "uv": [ 0.0, 2.0, 3.5, 2.5 ], "rotation": 90, "autoUv": false }
					}
				},
				{
					"name": "chainR2",
					"from": [ -1.8, -0.6, -1.05 ],
					"to": [ -0.75, -0.45, -0.9 ],
					"rotationOrigin": [ -1.8, -0.675, -0.9 ],
					"rotationY": 20.0,
					"rotationZ": 5.0,
					"faces": {
						"north": { "texture": "#chain", "uv": [ 1.0, 2.5, 2.0, 3.0 ], "autoUv": false },
						"east": { "texture": "#chain", "uv": [ 2.5, 3.0, 3.0, 3.5 ], "autoUv": false },
						"south": { "texture": "#chain", "uv": [ 0.5, 1.0, 1.5, 1.5 ], "autoUv": false },
						"west": { "texture": "#chain", "uv": [ 1.5, 2.0, 2.0, 2.5 ], "autoUv": false },
						"up": { "texture": "#chain", "uv": [ 1.5, 2.0, 2.5, 2.5 ], "autoUv": false },
						"down": { "texture": "#chain", "uv": [ 4.5, 2.0, 5.5, 2.5 ], "autoUv": false }
					},
					"children": [
						{
							"name": "chainR3",
							"from": [ -1.875, 0.0, 0.0 ],
							"to": [ 0.0, 0.15, 0.15 ],
							"rotationOrigin": [ 0.0, 0.15, 0.15 ],
							"rotationX": -27.0,
							"rotationY": 10.0,
							"rotationZ": 78.0,
							"faces": {
								"north": { "texture": "#chain", "uv": [ 1.5, 2.0, 4.0, 2.5 ], "autoUv": false },
								"east": { "texture": "#chain", "uv": [ 6.0, 0.5, 6.5, 1.0 ], "autoUv": false },
								"south": { "texture": "#chain", "uv": [ 5.0, 1.0, 7.5, 1.5 ], "autoUv": false },
								"west": { "texture": "#chain", "uv": [ 1.5, 3.0, 2.0, 3.5 ], "autoUv": false },
								"up": { "texture": "#chain", "uv": [ 0.5, 3.0, 3.0, 3.5 ], "autoUv": false },
								"down": { "texture": "#chain", "uv": [ 3.5, 0.5, 6.0, 1.0 ], "autoUv": false }
							}
						}
					]
				},
				{
					"name": "chainL2",
					"from": [ -1.8, -0.6, 0.75 ],
					"to": [ -0.75, -0.45, 0.9 ],
					"rotationOrigin": [ -1.8, -0.6, 0.825 ],
					"rotationY": -20.0,
					"rotationZ": 5.0,
					"faces": {
						"north": { "texture": "#chain", "uv": [ 4.0, 0.5, 5.0, 1.0 ], "autoUv": false },
						"east": { "texture": "#chain", "uv": [ 4.5, 0.5, 5.0, 1.0 ], "autoUv": false },
						"south": { "texture": "#chain", "uv": [ 1.0, 3.0, 2.0, 3.5 ], "autoUv": false },
						"west": { "texture": "#chain", "uv": [ 1.5, 1.0, 2.0, 1.5 ], "autoUv": false },
						"up": { "texture": "#chain", "uv": [ 3.0, 0.0, 4.0, 0.5 ], "autoUv": false },
						"down": { "texture": "#chain", "uv": [ 2.0, 0.5, 3.0, 1.0 ], "autoUv": false }
					},
					"children": [
						{
							"name": "chainL3",
							"from": [ -1.875, -0.075, 0.075 ],
							"to": [ 0.0, 0.075, 0.225 ],
							"rotationOrigin": [ 0.0, 0.075, 0.075 ],
							"rotationX": 27.0,
							"rotationZ": 78.0,
							"faces": {
								"north": { "texture": "#chain", "uv": [ 4.0, 2.0, 6.5, 2.5 ], "autoUv": false },
								"east": { "texture": "#chain", "uv": [ 7.0, 2.5, 7.5, 3.0 ], "autoUv": false },
								"south": { "texture": "#chain", "uv": [ 4.0, 2.0, 6.5, 2.5 ], "autoUv": false },
								"west": { "texture": "#chain", "uv": [ 3.0, 2.0, 3.5, 2.5 ], "autoUv": false },
								"up": { "texture": "#chain", "uv": [ 2.5, 2.0, 5.0, 2.5 ], "autoUv": false },
								"down": { "texture": "#chain", "uv": [ 4.5, 0.5, 7.0, 1.0 ], "autoUv": false }
							}
						}
					]
				},
				{
					"name": "Pendant",
					"from": [ -1.8, -3.075, -0.225 ],
					"to": [ -1.575, -2.625, 0.225 ],
					"rotationOrigin": [ -1.6762, -2.85, 0.0 ],
					"rotationZ": 5.0,
					"faces": {
						"north": { "texture": "#metal", "uv": [ 5.0, 6.5, 5.5, 7.0 ], "autoUv": false },
						"east": { "texture": "#metal", "uv": [ 3.0, 5.0, 3.5, 5.5 ], "autoUv": false },
						"south": { "texture": "#metal", "uv": [ 1.5, 6.0, 2.0, 6.5 ], "autoUv": false },
						"west": { "texture": "#metal", "uv": [ 2.0, 0.5, 2.5, 1.0 ], "autoUv": false },
						"up": { "texture": "#metal", "uv": [ 6.5, 2.0, 7.0, 2.5 ], "autoUv": false },
						"down": { "texture": "#metal", "uv": [ 6.5, 1.5, 7.0, 2.0 ], "autoUv": false }
					},
					"children": [
						{
							"name": "cross1",
							"from": [ 0.075, -0.525, 0.075 ],
							"to": [ 0.225, 0.975, 0.375 ],
							"rotationOrigin": [ 0.075, 0.225, 0.225 ],
							"faces": {
								"north": { "texture": "#metal", "uv": [ 5.0, 4.5, 5.5, 6.5 ], "autoUv": false },
								"east": { "texture": "#metal", "uv": [ 5.5, 0.0, 6.0, 2.0 ], "autoUv": false },
								"south": { "texture": "#metal", "uv": [ 6.5, 4.0, 7.0, 6.0 ], "autoUv": false },
								"west": { "texture": "#metal", "uv": [ 0.5, 1.0, 1.0, 3.0 ], "autoUv": false },
								"up": { "texture": "#metal", "uv": [ 1.5, 1.0, 2.0, 1.5 ], "autoUv": false },
								"down": { "texture": "#metal", "uv": [ 1.5, 0.0, 2.0, 0.5 ], "autoUv": false }
							},
							"children": [
								{
									"name": "wing1",
									"from": [ 0.0, 0.75, 0.3 ],
									"to": [ 0.075, 1.5, 0.6 ],
									"rotationOrigin": [ 0.0, 1.5, 0.3 ],
									"rotationX": 15.0,
									"rotationY": 15.0,
									"faces": {
										"east": { "texture": "#chain", "uv": [ 1.0, 0.0, 1.5, 1.0 ], "autoUv": false },
										"south": { "texture": "#chain", "uv": [ 3.5, 2.0, 4.0, 3.0 ], "autoUv": false },
										"west": { "texture": "#chain", "uv": [ 5.5, 2.5, 6.0, 3.5 ], "autoUv": false },
										"up": { "texture": "#chain", "uv": [ 2.5, 1.0, 3.0, 1.5 ], "autoUv": false }
									}
								},
								{
									"name": "wing2",
									"from": [ 0.0, 0.75, -0.3 ],
									"to": [ 0.075, 1.5, 0.0 ],
									"rotationOrigin": [ 0.0, 1.5, 0.0 ],
									"rotationX": -15.0,
									"rotationY": -15.0,
									"faces": {
										"north": { "texture": "#chain", "uv": [ 1.5, 2.5, 2.0, 3.5 ], "autoUv": false },
										"east": { "texture": "#chain", "uv": [ 5.5, 2.5, 6.0, 3.5 ], "autoUv": false },
										"west": { "texture": "#chain", "uv": [ 2.0, 1.0, 2.5, 2.0 ], "autoUv": false },
										"up": { "texture": "#chain", "uv": [ 1.5, 1.5, 2.0, 2.0 ], "autoUv": false }
									}
								},
								{
									"name": "wing3",
									"from": [ 0.0, 0.0, -0.3 ],
									"to": [ 0.075, 0.75, 0.0 ],
									"rotationOrigin": [ 0.0, 0.0, 0.0 ],
									"rotationX": 15.0,
									"rotationY": -15.0,
									"faces": {
										"north": { "texture": "#chain", "uv": [ 2.5, 0.0, 3.0, 1.0 ], "autoUv": false, "windMode": [-1,-1,-1,-1], "windData": [1,1,1,1] },
										"east": { "texture": "#chain", "uv": [ 6.0, 1.0, 6.5, 2.0 ], "autoUv": false },
										"west": { "texture": "#chain", "uv": [ 7.0, 1.0, 7.5, 2.0 ], "autoUv": false },
										"down": { "texture": "#chain", "uv": [ 7.0, 0.0, 7.5, 0.5 ], "autoUv": false }
									}
								},
								{
									"name": "wing4",
									"from": [ 0.0, 0.0, 0.3 ],
									"to": [ 0.075, 0.75, 0.6 ],
									"rotationOrigin": [ 0.0, 0.0, 0.3 ],
									"rotationX": -15.0,
									"rotationY": 15.0,
									"faces": {
										"east": { "texture": "#chain", "uv": [ 5.0, 2.0, 5.5, 3.0 ], "autoUv": false },
										"south": { "texture": "#chain", "uv": [ 2.5, 0.0, 3.0, 1.0 ], "autoUv": false, "windMode": [-1,-1,-1,-1], "windData": [1,1,1,1] },
										"west": { "texture": "#chain", "uv": [ 0.5, 2.5, 1.0, 3.5 ], "autoUv": false },
										"down": { "texture": "#chain", "uv": [ 6.5, 0.5, 7.0, 1.0 ], "autoUv": false }
									}
								}
							]
						},
						{
							"name": "cross2",
							"from": [ 0.0675, 0.075, -0.525 ],
							"to": [ 0.225, 0.375, 0.975 ],
							"rotationOrigin": [ 0.15, 0.225, 0.225 ],
							"faces": {
								"north": { "texture": "#metal", "uv": [ 3.0, 4.5, 3.5, 5.0 ], "autoUv": false },
								"east": { "texture": "#metal", "uv": [ 3.5, 6.5, 5.5, 7.0 ], "autoUv": false },
								"south": { "texture": "#metal", "uv": [ 1.5, 7.0, 2.0, 7.5 ], "autoUv": false },
								"west": { "texture": "#metal", "uv": [ 4.0, 6.0, 6.0, 6.5 ], "autoUv": false },
								"up": { "texture": "#metal", "uv": [ 1.0, 4.0, 1.5, 6.0 ], "autoUv": false },
								"down": { "texture": "#metal", "uv": [ 6.0, 0.0, 6.5, 2.0 ], "autoUv": false }
							},
							"children": [
								{
									"name": "wing5",
									"from": [ 0.0, -0.3, 0.0 ],
									"to": [ 0.075, 0.0, 0.75 ],
									"rotationOrigin": [ 0.0, 0.0, 0.0 ],
									"rotationX": -15.0,
									"rotationZ": 15.0,
									"faces": {
										"north": { "texture": "#chain", "uv": [ 1.0, 0.0, 1.5, 0.5 ], "autoUv": false },
										"east": { "texture": "#chain", "uv": [ 6.5, 1.0, 7.5, 1.5 ], "autoUv": false },
										"west": { "texture": "#chain", "uv": [ 2.0, 0.0, 3.0, 0.5 ], "autoUv": false },
										"down": { "texture": "#chain", "uv": [ 1.0, 1.5, 1.5, 2.5 ], "autoUv": false }
									}
								},
								{
									"name": "wing6",
									"from": [ 0.0, 0.3, 0.0 ],
									"to": [ 0.075, 0.6, 0.75 ],
									"rotationOrigin": [ 0.0, 0.3, 0.0 ],
									"rotationX": 15.0,
									"rotationZ": -15.0,
									"faces": {
										"north": { "texture": "#chain", "uv": [ 4.0, 2.5, 4.5, 3.0 ], "autoUv": false },
										"east": { "texture": "#chain", "uv": [ 5.5, 2.0, 6.5, 2.5 ], "autoUv": false },
										"west": { "texture": "#chain", "uv": [ 1.0, 3.0, 2.0, 3.5 ], "autoUv": false },
										"up": { "texture": "#chain", "uv": [ 1.0, 0.5, 1.5, 1.5 ], "autoUv": false, "windMode": [-1,-1,-1,-1], "windData": [1,1,1,1] }
									}
								},
								{
									"name": "wing7",
									"from": [ 0.0, 0.3, 0.75 ],
									"to": [ 0.075, 0.6, 1.5 ],
									"rotationOrigin": [ 0.0, 0.3, 1.5 ],
									"rotationX": -15.0,
									"rotationZ": -15.0,
									"faces": {
										"east": { "texture": "#chain", "uv": [ 4.5, 1.5, 5.5, 2.0 ], "autoUv": false },
										"south": { "texture": "#chain", "uv": [ 6.5, 1.5, 7.0, 2.0 ], "autoUv": false, "windMode": [-1,-1,-1,-1], "windData": [1,1,1,1] },
										"west": { "texture": "#chain", "uv": [ 3.5, 2.0, 4.5, 2.5 ], "autoUv": false },
										"up": { "texture": "#chain", "uv": [ 1.5, 2.5, 2.0, 3.5 ], "autoUv": false, "windMode": [-1,-1,-1,-1], "windData": [1,1,1,1] }
									}
								},
								{
									"name": "wing8",
									"from": [ 0.0, -0.3, 0.75 ],
									"to": [ 0.075, 0.0, 1.5 ],
									"rotationOrigin": [ 0.0, 0.0, 1.5 ],
									"rotationX": 15.0,
									"rotationZ": 15.0,
									"faces": {
										"east": { "texture": "#chain", "uv": [ 4.5, 0.5, 5.5, 1.0 ], "autoUv": false },
										"south": { "texture": "#chain", "uv": [ 1.0, 1.0, 1.5, 1.5 ], "autoUv": false, "windMode": [-1,-1,-1,-1], "windData": [1,1,1,1] },
										"west": { "texture": "#chain", "uv": [ 3.5, 1.5, 4.5, 2.0 ], "autoUv": false },
										"down": { "texture": "#chain", "uv": [ 1.0, 1.0, 1.5, 2.0 ], "autoUv": false, "windMode": [-1,-1,-1,-1], "windData": [1,1,1,1] }
									}
								}
							]
						}
					]
				}
			]
		}
	]}