{
	"editor": {
		"backDropShape": "entity/humanoid/seraph",
		"collapsedPaths": "Root/hideme",
		"allAngles": true,
		"entityTextureMode": false
	},
	"textureWidth": 16,
	"textureHeight": 16,
	"textureSizes": {
		"metal": [8,8],
		"chain": [8,4],
		"gem": [4,4]
	},
	"textures": {
	},
	"elements": [
		{
			"name": "hideme",
			"stepParentName": "UpperTorso",
			"from": [ 1.5, 4.275, 2.325 ],
			"to": [ 1.5, 4.275, 2.325 ],
			"rotationOrigin": [ 0.75, 3.75, 2.325 ],
			"faces": {
			},
			"children": [
				{
					"name": "chainR1",
					"from": [ -0.9, -0.6, -1.5 ],
					"to": [ 1.725, -0.225, -1.125 ],
					"rotationOrigin": [ -0.9, -0.6, -1.125 ],
					"rotationZ": 7.0,
					"faces": {
						"north": { "texture": "#chain", "uv": [ 3.0, 3.0, 6.5, 3.5 ], "autoUv": false },
						"east": { "texture": "#chain", "uv": [ 1.0, 1.0, 1.5, 1.5 ], "autoUv": false },
						"south": { "texture": "#chain", "uv": [ 1.5, 0.0, 5.0, 0.5 ], "autoUv": false },
						"west": { "texture": "#chain", "uv": [ 4.0, 0.5, 4.5, 1.0 ], "autoUv": false },
						"up": { "texture": "#chain", "uv": [ 2.0, 3.0, 5.5, 3.5 ], "autoUv": false },
						"down": { "texture": "#chain", "uv": [ 2.5, 2.0, 6.0, 2.5 ], "autoUv": false }
					}
				},
				{
					"name": "chainL1",
					"from": [ -0.9, -0.6, 1.05 ],
					"to": [ 1.725, -0.225, 1.425 ],
					"rotationOrigin": [ -0.9, -0.6, 1.05 ],
					"rotationZ": 7.0,
					"faces": {
						"north": { "texture": "#chain", "uv": [ 1.5, 0.5, 5.0, 1.0 ], "autoUv": false },
						"east": { "texture": "#chain", "uv": [ 7.0, 2.0, 7.5, 2.5 ], "autoUv": false },
						"south": { "texture": "#chain", "uv": [ 3.0, 2.5, 6.5, 3.0 ], "autoUv": false },
						"west": { "texture": "#chain", "uv": [ 1.5, 1.0, 2.0, 1.5 ], "autoUv": false },
						"up": { "texture": "#chain", "uv": [ 2.5, 1.5, 6.0, 2.0 ], "autoUv": false },
						"down": { "texture": "#chain", "uv": [ 4.0, 3.0, 7.5, 3.5 ], "autoUv": false }
					}
				},
				{
					"name": "chainE",
					"from": [ 1.575, -0.3, -1.35 ],
					"to": [ 1.95, 0.075, 1.275 ],
					"rotationOrigin": [ 1.575, -0.3, -0.075 ],
					"rotationZ": 10.0,
					"faces": {
						"north": { "texture": "#chain", "uv": [ 0.5, 3.0, 1.0, 3.5 ], "autoUv": false },
						"east": { "texture": "#chain", "uv": [ 3.0, 3.0, 6.5, 3.5 ], "autoUv": false },
						"south": { "texture": "#chain", "uv": [ 2.0, 3.0, 2.5, 3.5 ], "autoUv": false },
						"west": { "texture": "#chain", "uv": [ 3.5, 1.5, 7.0, 2.0 ], "autoUv": false },
						"up": { "texture": "#chain", "uv": [ 2.0, 0.0, 5.5, 0.5 ], "rotation": 90, "autoUv": false },
						"down": { "texture": "#chain", "uv": [ 1.0, 2.0, 4.5, 2.5 ], "rotation": 90, "autoUv": false }
					}
				},
				{
					"name": "chainR2",
					"from": [ -1.8, -0.675, -1.275 ],
					"to": [ -0.75, -0.3, -0.9 ],
					"rotationOrigin": [ -1.8, -0.675, -0.9 ],
					"rotationY": 20.0,
					"rotationZ": 5.0,
					"faces": {
						"north": { "texture": "#chain", "uv": [ 1.0, 2.5, 2.0, 3.0 ], "autoUv": false },
						"east": { "texture": "#chain", "uv": [ 7.0, 1.5, 7.5, 2.0 ], "autoUv": false },
						"south": { "texture": "#chain", "uv": [ 3.0, 3.0, 4.0, 3.5 ], "autoUv": false },
						"west": { "texture": "#chain", "uv": [ 5.5, 0.0, 6.0, 0.5 ], "autoUv": false },
						"up": { "texture": "#chain", "uv": [ 2.0, 2.0, 3.0, 2.5 ], "autoUv": false },
						"down": { "texture": "#chain", "uv": [ 0.5, 1.0, 1.5, 1.5 ], "autoUv": false }
					},
					"children": [
						{
							"name": "chainR3",
							"from": [ -1.95, -0.075, -0.075 ],
							"to": [ 0.0, 0.3, 0.3 ],
							"rotationOrigin": [ 0.0, 0.3, 0.3 ],
							"rotationX": -27.0,
							"rotationY": 10.0,
							"rotationZ": 78.0,
							"faces": {
								"north": { "texture": "#chain", "uv": [ 4.0, 1.0, 6.5, 1.5 ], "autoUv": false },
								"east": { "texture": "#chain", "uv": [ 6.0, 0.0, 6.5, 0.5 ], "autoUv": false },
								"south": { "texture": "#chain", "uv": [ 3.5, 2.5, 6.0, 3.0 ], "autoUv": false },
								"west": { "texture": "#chain", "uv": [ 0.5, 1.0, 1.0, 1.5 ], "autoUv": false },
								"up": { "texture": "#chain", "uv": [ 0.0, 0.5, 2.5, 1.0 ], "autoUv": false },
								"down": { "texture": "#chain", "uv": [ 4.0, 1.5, 6.5, 2.0 ], "autoUv": false }
							},
							"children": [
								{
									"name": "gem5",
									"from": [ 0.0, 0.075, -0.3 ],
									"to": [ 0.3, 0.225, 0.0 ],
									"rotationOrigin": [ 0.15, 0.15, -0.15 ],
									"rotationY": -42.0,
									"faces": {
										"north": { "texture": "#ruby", "uv": [ 4.0, 12.0, 6.0, 14.0 ], "autoUv": false },
										"east": { "texture": "#ruby", "uv": [ 6.0, 0.0, 8.0, 2.0 ], "autoUv": false },
										"south": { "texture": "#ruby", "uv": [ 12.0, 0.0, 14.0, 2.0 ], "autoUv": false },
										"west": { "texture": "#ruby", "uv": [ 12.0, 2.0, 14.0, 4.0 ], "autoUv": false },
										"up": { "texture": "#ruby", "uv": [ 10.0, 8.0, 12.0, 10.0 ], "autoUv": false },
										"down": { "texture": "#ruby", "uv": [ 4.0, 6.0, 6.0, 8.0 ], "autoUv": false }
									}
								},
								{
									"name": "gem6",
									"from": [ 0.45, 0.075, -0.3 ],
									"to": [ 0.75, 0.225, 0.0 ],
									"rotationOrigin": [ 0.6, 0.15, -0.15 ],
									"rotationY": -33.0,
									"faces": {
										"north": { "texture": "#ruby", "uv": [ 12.0, 4.0, 14.0, 6.0 ], "autoUv": false },
										"east": { "texture": "#ruby", "uv": [ 0.0, 6.0, 2.0, 8.0 ], "autoUv": false },
										"south": { "texture": "#ruby", "uv": [ 2.0, 12.0, 4.0, 14.0 ], "autoUv": false },
										"west": { "texture": "#ruby", "uv": [ 6.0, 2.0, 8.0, 4.0 ], "autoUv": false },
										"up": { "texture": "#ruby", "uv": [ 0.0, 6.0, 2.0, 8.0 ], "autoUv": false },
										"down": { "texture": "#ruby", "uv": [ 4.0, 0.0, 6.0, 2.0 ], "autoUv": false }
									}
								},
								{
									"name": "gem7",
									"from": [ 0.975, 0.075, -0.3 ],
									"to": [ 1.275, 0.225, 0.0 ],
									"rotationOrigin": [ 1.125, 0.15, -0.15 ],
									"rotationY": 22.0,
									"faces": {
										"north": { "texture": "#ruby", "uv": [ 12.0, 2.0, 14.0, 4.0 ], "autoUv": false },
										"east": { "texture": "#ruby", "uv": [ 0.0, 10.0, 2.0, 12.0 ], "autoUv": false },
										"south": { "texture": "#ruby", "uv": [ 4.0, 10.0, 6.0, 12.0 ], "autoUv": false },
										"west": { "texture": "#ruby", "uv": [ 0.0, 8.0, 2.0, 10.0 ], "autoUv": false },
										"up": { "texture": "#ruby", "uv": [ 12.0, 6.0, 14.0, 8.0 ], "autoUv": false },
										"down": { "texture": "#ruby", "uv": [ 8.0, 2.0, 10.0, 4.0 ], "autoUv": false }
									}
								},
								{
									"name": "gem8",
									"from": [ 1.425, 0.075, -0.3 ],
									"to": [ 1.725, 0.225, 0.0 ],
									"rotationOrigin": [ 1.575, 0.15, -0.15 ],
									"rotationY": -28.0,
									"faces": {
										"north": { "texture": "#ruby", "uv": [ 12.0, 2.0, 14.0, 4.0 ], "autoUv": false },
										"east": { "texture": "#ruby", "uv": [ 6.0, 12.0, 8.0, 14.0 ], "autoUv": false },
										"south": { "texture": "#ruby", "uv": [ 2.0, 0.0, 4.0, 2.0 ], "autoUv": false },
										"west": { "texture": "#ruby", "uv": [ 2.0, 4.0, 4.0, 6.0 ], "autoUv": false },
										"up": { "texture": "#ruby", "uv": [ 8.0, 12.0, 10.0, 14.0 ], "autoUv": false },
										"down": { "texture": "#ruby", "uv": [ 12.0, 8.0, 14.0, 10.0 ], "autoUv": false }
									}
								}
							]
						}
					]
				},
				{
					"name": "chainL2",
					"from": [ -1.8, -0.675, 0.825 ],
					"to": [ -0.75, -0.3, 1.2 ],
					"rotationOrigin": [ -1.8, -0.675, 0.825 ],
					"rotationY": -20.0,
					"rotationZ": 5.0,
					"faces": {
						"north": { "texture": "#chain", "uv": [ 5.5, 1.0, 6.5, 1.5 ], "autoUv": false },
						"east": { "texture": "#chain", "uv": [ 0.0, 1.0, 0.5, 1.5 ], "autoUv": false },
						"south": { "texture": "#chain", "uv": [ 6.5, 3.0, 7.5, 3.5 ], "autoUv": false },
						"west": { "texture": "#chain", "uv": [ 2.5, 0.0, 3.0, 0.5 ], "autoUv": false },
						"up": { "texture": "#chain", "uv": [ 5.5, 2.0, 6.5, 2.5 ], "autoUv": false },
						"down": { "texture": "#chain", "uv": [ 2.5, 2.0, 3.5, 2.5 ], "autoUv": false }
					},
					"children": [
						{
							"name": "chainL3",
							"from": [ -1.95, -0.075, 0.075 ],
							"to": [ 0.0, 0.3, 0.45 ],
							"rotationOrigin": [ 0.0, 0.3, 0.075 ],
							"rotationX": 27.0,
							"rotationZ": 78.0,
							"faces": {
								"north": { "texture": "#chain", "uv": [ 0.5, 2.5, 3.0, 3.0 ], "autoUv": false },
								"east": { "texture": "#chain", "uv": [ 5.5, 1.0, 6.0, 1.5 ], "autoUv": false },
								"south": { "texture": "#chain", "uv": [ 0.5, 0.5, 3.0, 1.0 ], "autoUv": false },
								"west": { "texture": "#chain", "uv": [ 0.0, 2.0, 0.5, 2.5 ], "autoUv": false },
								"up": { "texture": "#chain", "uv": [ 1.0, 2.0, 3.5, 2.5 ], "autoUv": false },
								"down": { "texture": "#chain", "uv": [ 3.5, 0.5, 6.0, 1.0 ], "autoUv": false }
							},
							"children": [
								{
									"name": "gem1",
									"from": [ -0.075, 0.075, 0.375 ],
									"to": [ 0.225, 0.225, 0.675 ],
									"rotationOrigin": [ 0.075, 0.15, 0.525 ],
									"rotationY": 36.0,
									"faces": {
										"north": { "texture": "#ruby", "uv": [ 4.0, 6.0, 6.0, 8.0 ], "autoUv": false },
										"east": { "texture": "#ruby", "uv": [ 4.0, 12.0, 6.0, 14.0 ], "autoUv": false },
										"south": { "texture": "#ruby", "uv": [ 2.0, 2.0, 4.0, 4.0 ], "autoUv": false },
										"west": { "texture": "#ruby", "uv": [ 0.0, 2.0, 2.0, 4.0 ], "autoUv": false },
										"up": { "texture": "#ruby", "uv": [ 2.0, 12.0, 4.0, 14.0 ], "autoUv": false },
										"down": { "texture": "#ruby", "uv": [ 12.0, 8.0, 14.0, 10.0 ], "autoUv": false }
									}
								},
								{
									"name": "gem2",
									"from": [ 0.375, 0.075, 0.375 ],
									"to": [ 0.675, 0.225, 0.675 ],
									"rotationOrigin": [ 0.525, 0.15, 0.525 ],
									"rotationY": 40.0,
									"faces": {
										"north": { "texture": "#ruby", "uv": [ 12.0, 6.0, 14.0, 8.0 ], "autoUv": false },
										"east": { "texture": "#ruby", "uv": [ 2.0, 4.0, 4.0, 6.0 ], "autoUv": false },
										"south": { "texture": "#ruby", "uv": [ 12.0, 4.0, 14.0, 6.0 ], "autoUv": false },
										"west": { "texture": "#ruby", "uv": [ 0.0, 6.0, 2.0, 8.0 ], "autoUv": false },
										"up": { "texture": "#ruby", "uv": [ 6.0, 8.0, 8.0, 10.0 ], "autoUv": false },
										"down": { "texture": "#ruby", "uv": [ 4.0, 12.0, 6.0, 14.0 ], "autoUv": false }
									}
								},
								{
									"name": "gem3",
									"from": [ 0.825, 0.075, 0.375 ],
									"to": [ 1.125, 0.225, 0.675 ],
									"rotationOrigin": [ 0.975, 0.15, 0.525 ],
									"rotationY": 35.0,
									"faces": {
										"north": { "texture": "#ruby", "uv": [ 4.0, 4.0, 6.0, 6.0 ], "autoUv": false },
										"east": { "texture": "#ruby", "uv": [ 2.0, 12.0, 4.0, 14.0 ], "autoUv": false },
										"south": { "texture": "#ruby", "uv": [ 4.0, 10.0, 6.0, 12.0 ], "autoUv": false },
										"west": { "texture": "#ruby", "uv": [ 12.0, 6.0, 14.0, 8.0 ], "autoUv": false },
										"up": { "texture": "#ruby", "uv": [ 2.0, 6.0, 4.0, 8.0 ], "autoUv": false },
										"down": { "texture": "#ruby", "uv": [ 0.0, 4.0, 2.0, 6.0 ], "autoUv": false }
									}
								},
								{
									"name": "gem4",
									"from": [ 1.35, 0.075, 0.375 ],
									"to": [ 1.65, 0.225, 0.675 ],
									"rotationOrigin": [ 1.5, 0.15, 0.525 ],
									"rotationY": 36.0,
									"faces": {
										"north": { "texture": "#ruby", "uv": [ 10.0, 12.0, 12.0, 14.0 ], "autoUv": false },
										"east": { "texture": "#ruby", "uv": [ 12.0, 6.0, 14.0, 8.0 ], "autoUv": false },
										"south": { "texture": "#ruby", "uv": [ 12.0, 12.0, 14.0, 14.0 ], "autoUv": false },
										"west": { "texture": "#ruby", "uv": [ 8.0, 6.0, 10.0, 8.0 ], "autoUv": false },
										"up": { "texture": "#ruby", "uv": [ 6.0, 10.0, 8.0, 12.0 ], "autoUv": false },
										"down": { "texture": "#ruby", "uv": [ 6.0, 0.0, 8.0, 2.0 ], "autoUv": false }
									}
								}
							]
						}
					]
				},
				{
					"name": "Pendant",
					"from": [ -1.8, -3.225, -0.375 ],
					"to": [ -1.575, -2.475, 0.375 ],
					"rotationOrigin": [ -1.6762, -2.85, 0.0 ],
					"faces": {
						"north": { "texture": "#metal", "uv": [ 7.0, 4.5, 7.5, 5.5 ], "autoUv": false },
						"east": { "texture": "#metal", "uv": [ 1.5, 0.0, 2.5, 1.0 ], "autoUv": false },
						"south": { "texture": "#metal", "uv": [ 1.5, 6.5, 2.0, 7.5 ], "autoUv": false },
						"west": { "texture": "#metal", "uv": [ 6.0, 3.5, 7.0, 4.5 ], "autoUv": false },
						"up": { "texture": "#metal", "uv": [ 5.0, 5.0, 5.5, 6.0 ], "autoUv": false },
						"down": { "texture": "#metal", "uv": [ 5.0, 6.0, 5.5, 7.0 ], "autoUv": false }
					},
					"children": [
						{
							"name": "Cube2",
							"from": [ -0.075, 0.75, 0.225 ],
							"to": [ 0.3, 1.125, 0.6 ],
							"rotationOrigin": [ 0.1125, 0.75, 0.375 ],
							"rotationY": -45.0,
							"faces": {
								"north": { "texture": "#chain", "uv": [ 5.0, 0.5, 5.5, 1.0 ], "autoUv": false },
								"east": { "texture": "#chain", "uv": [ 5.0, 1.0, 5.5, 1.5 ], "autoUv": false },
								"south": { "texture": "#chain", "uv": [ 5.5, 0.0, 6.0, 0.5 ], "autoUv": false },
								"west": { "texture": "#chain", "uv": [ 0.5, 1.0, 1.0, 1.5 ], "autoUv": false },
								"up": { "texture": "#chain", "uv": [ 1.5, 0.5, 2.0, 1.0 ], "autoUv": false },
								"down": { "texture": "#chain", "uv": [ 4.5, 2.5, 5.0, 3.0 ], "autoUv": false }
							}
						},
						{
							"name": "cross1",
							"from": [ -0.075, 0.3, 0.075 ],
							"to": [ 0.0, 0.45, 0.675 ],
							"rotationOrigin": [ 0.0, 0.375, 0.375 ],
							"faces": {
								"north": { "texture": "#chain", "uv": [ 1.0, 3.0, 1.5, 3.5 ], "autoUv": false },
								"south": { "texture": "#chain", "uv": [ 5.0, 0.5, 5.5, 1.0 ], "autoUv": false },
								"west": { "texture": "#chain", "uv": [ 7.0, 0.0, 7.5, 0.5 ], "autoUv": false },
								"up": { "texture": "#chain", "uv": [ 3.0, 1.5, 3.5, 2.0 ], "autoUv": false },
								"down": { "texture": "#chain", "uv": [ 5.5, 0.5, 6.0, 1.0 ], "autoUv": false }
							}
						},
						{
							"name": "cross2",
							"from": [ -0.0825, 0.075, 0.3 ],
							"to": [ 0.0, 0.675, 0.45 ],
							"rotationOrigin": [ 0.0, 0.375, 0.375 ],
							"faces": {
								"north": { "texture": "#chain", "uv": [ 0.5, 1.5, 1.0, 2.0 ], "autoUv": false },
								"south": { "texture": "#chain", "uv": [ 2.5, 3.0, 3.0, 3.5 ], "autoUv": false },
								"west": { "texture": "#chain", "uv": [ 7.0, 3.0, 7.5, 3.5 ], "autoUv": false },
								"up": { "texture": "#chain", "uv": [ 4.0, 2.0, 4.5, 2.5 ], "autoUv": false },
								"down": { "texture": "#chain", "uv": [ 3.0, 1.5, 3.5, 2.0 ], "autoUv": false }
							}
						}
					]
				}
			]
		}
	]}