{
	"editor": {
		"backDropShape": "entity/humanoid/seraph",
		"allAngles": true,
		"entityTextureMode": false
	},
	"textureWidth": 16,
	"textureHeight": 16,
	"textureSizes": {
		"metal": [8,8],
		"chain": [8,4],
		"gem": [4,4],
		"silver": [8,8],
		"meteoriciron": [8,8],
		"tinbronze": [8,8],
		"brass": [8,4],
		"citrine": [4,4],
		"topaz": [16,16],
		"lapislazuli": [4,4],
		"pearlwhite": [4,4],
		"aquamarine": [4,4],
		"onyx": [4,4],
		"gold": [8,8]
	},
	"textures": {
	},
	"elements": [
		{
			"name": "hideme",
			"stepParentName": "UpperTorso",
			"from": [ 1.5, 4.275, 2.25 ],
			"to": [ 1.5, 4.275, 2.25 ],
			"rotationOrigin": [ 0.75, 3.75, 2.325 ],
			"faces": {
			},
			"children": [
				{
					"name": "Cube19",
					"from": [ -0.9, -0.6, -1.275 ],
					"to": [ 1.725, -0.375, -1.05 ],
					"rotationOrigin": [ -0.9, -0.6, -1.05 ],
					"rotationZ": 7.0,
					"faces": {
						"north": { "texture": "#brass", "uv": [ 0.0, 1.5, 3.5, 2.0 ], "autoUv": false },
						"east": { "texture": "#brass", "uv": [ 0.5, 1.5, 1.0, 2.0 ], "autoUv": false },
						"south": { "texture": "#brass", "uv": [ 3.0, 1.0, 6.5, 1.5 ], "autoUv": false },
						"west": { "texture": "#brass", "uv": [ 6.5, 1.0, 7.0, 1.5 ], "autoUv": false },
						"up": { "texture": "#brass", "uv": [ 1.5, 0.0, 5.0, 0.5 ], "autoUv": false },
						"down": { "texture": "#brass", "uv": [ 3.5, 0.0, 7.0, 0.5 ], "autoUv": false }
					}
				},
				{
					"name": "Cube3",
					"from": [ -0.9, -0.6, 1.125 ],
					"to": [ 1.725, -0.375, 1.35 ],
					"rotationOrigin": [ -0.9, -0.6, 1.125 ],
					"rotationZ": 7.0,
					"faces": {
						"north": { "texture": "#brass", "uv": [ 0.5, 3.0, 4.0, 3.5 ], "autoUv": false },
						"east": { "texture": "#brass", "uv": [ 3.5, 0.5, 4.0, 1.0 ], "autoUv": false },
						"south": { "texture": "#brass", "uv": [ 4.0, 2.5, 7.5, 3.0 ], "autoUv": false },
						"west": { "texture": "#brass", "uv": [ 2.5, 1.0, 3.0, 1.5 ], "autoUv": false },
						"up": { "texture": "#brass", "uv": [ 2.5, 2.5, 6.0, 3.0 ], "autoUv": false },
						"down": { "texture": "#brass", "uv": [ 2.0, 2.5, 5.5, 3.0 ], "autoUv": false }
					}
				},
				{
					"name": "Cube5",
					"from": [ 1.575, -0.3, -1.2 ],
					"to": [ 1.8, -0.075, 1.275 ],
					"rotationOrigin": [ 1.575, -0.3, 0.0 ],
					"rotationZ": 10.0,
					"faces": {
						"north": { "texture": "#brass", "uv": [ 5.5, 1.5, 6.0, 2.0 ], "autoUv": false },
						"east": { "texture": "#brass", "uv": [ 1.0, 1.5, 4.0, 2.0 ], "autoUv": false },
						"south": { "texture": "#brass", "uv": [ 2.0, 2.5, 2.5, 3.0 ], "autoUv": false },
						"west": { "texture": "#brass", "uv": [ 1.0, 2.5, 4.0, 3.0 ], "autoUv": false },
						"up": { "texture": "#brass", "uv": [ 3.5, 1.5, 6.5, 2.0 ], "rotation": 90, "autoUv": false },
						"down": { "texture": "#brass", "uv": [ 2.0, 2.0, 5.0, 2.5 ], "rotation": 90, "autoUv": false }
					}
				},
				{
					"name": "Cube6",
					"from": [ -1.725, -0.675, -0.975 ],
					"to": [ -0.825, -0.45, -0.75 ],
					"rotationOrigin": [ -1.725, -0.675, -0.75 ],
					"rotationY": 20.0,
					"rotationZ": 5.0,
					"faces": {
						"north": { "texture": "#brass", "uv": [ 1.0, 1.0, 2.0, 1.5 ], "autoUv": false },
						"east": { "texture": "#brass", "uv": [ 4.0, 0.0, 4.5, 0.5 ], "autoUv": false },
						"south": { "texture": "#brass", "uv": [ 1.5, 0.0, 2.5, 0.5 ], "autoUv": false },
						"west": { "texture": "#brass", "uv": [ 3.5, 1.0, 4.0, 1.5 ], "autoUv": false },
						"up": { "texture": "#brass", "uv": [ 6.0, 0.0, 7.0, 0.5 ], "autoUv": false },
						"down": { "texture": "#brass", "uv": [ 2.0, 3.0, 3.0, 3.5 ], "autoUv": false }
					},
					"children": [
						{
							"name": "Cube7",
							"from": [ -1.725, -0.075, 0.0 ],
							"to": [ 0.0, 0.15, 0.225 ],
							"rotationOrigin": [ 0.0, 0.15, 0.075 ],
							"rotationX": -28.0,
							"rotationY": 10.0,
							"rotationZ": 79.0,
							"faces": {
								"north": { "texture": "#brass", "uv": [ 2.0, 1.0, 4.0, 1.5 ], "autoUv": false },
								"east": { "texture": "#brass", "uv": [ 3.5, 0.5, 4.0, 1.0 ], "autoUv": false },
								"south": { "texture": "#brass", "uv": [ 5.5, 3.0, 7.5, 3.5 ], "autoUv": false },
								"west": { "texture": "#brass", "uv": [ 1.5, 0.0, 2.0, 0.5 ], "autoUv": false },
								"up": { "texture": "#brass", "uv": [ 2.0, 2.0, 4.0, 2.5 ], "autoUv": false },
								"down": { "texture": "#brass", "uv": [ 1.5, 3.0, 3.5, 3.5 ], "autoUv": false }
							}
						}
					]
				},
				{
					"name": "Cube8",
					"from": [ -1.65, -0.675, 0.825 ],
					"to": [ -0.75, -0.45, 1.05 ],
					"rotationOrigin": [ -1.65, -0.675, 0.825 ],
					"rotationY": -20.0,
					"rotationZ": 5.0,
					"faces": {
						"north": { "texture": "#brass", "uv": [ 6.5, 1.5, 7.5, 2.0 ], "autoUv": false },
						"east": { "texture": "#brass", "uv": [ 7.0, 0.5, 7.5, 1.0 ], "autoUv": false },
						"south": { "texture": "#brass", "uv": [ 0.0, 1.5, 1.0, 2.0 ], "autoUv": false },
						"west": { "texture": "#brass", "uv": [ 4.0, 2.5, 4.5, 3.0 ], "autoUv": false },
						"up": { "texture": "#brass", "uv": [ 1.5, 2.0, 2.5, 2.5 ], "autoUv": false },
						"down": { "texture": "#brass", "uv": [ 2.0, 3.0, 3.0, 3.5 ], "autoUv": false }
					},
					"children": [
						{
							"name": "Cube9",
							"from": [ -1.8, 0.0, 0.0 ],
							"to": [ -0.075, 0.225, 0.225 ],
							"rotationOrigin": [ -0.075, 0.225, 0.0 ],
							"rotationX": 28.0,
							"rotationZ": 78.0,
							"faces": {
								"north": { "texture": "#brass", "uv": [ 1.0, 1.0, 3.0, 1.5 ], "autoUv": false },
								"east": { "texture": "#brass", "uv": [ 1.5, 1.5, 2.0, 2.0 ], "autoUv": false },
								"south": { "texture": "#brass", "uv": [ 0.0, 0.0, 2.0, 0.5 ], "autoUv": false },
								"west": { "texture": "#brass", "uv": [ 2.0, 0.5, 2.5, 1.0 ], "autoUv": false },
								"up": { "texture": "#brass", "uv": [ 2.5, 0.5, 4.5, 1.0 ], "autoUv": false },
								"down": { "texture": "#brass", "uv": [ 5.0, 0.5, 7.0, 1.0 ], "autoUv": false }
							}
						}
					]
				},
				{
					"name": "pendant",
					"from": [ -1.8, -2.85, -0.45 ],
					"to": [ -1.725, -1.95, 0.45 ],
					"rotationOrigin": [ -1.725, -2.4, 0.0 ],
					"faces": {
						"north": { "texture": "#lapislazuli", "uv": [ 2.5, 1.0, 3.0, 2.0 ], "autoUv": false },
						"south": { "texture": "#lapislazuli", "uv": [ 2.5, 0.0, 3.0, 1.0 ], "autoUv": false },
						"west": { "texture": "#lapislazuli", "uv": [ 0.0, 1.0, 1.0, 2.0 ], "autoUv": false },
						"up": { "texture": "#lapislazuli", "uv": [ 2.0, 2.0, 2.5, 3.0 ], "autoUv": false },
						"down": { "texture": "#lapislazuli", "uv": [ 3.0, 0.0, 3.5, 1.0 ], "autoUv": false }
					},
					"children": [
						{
							"name": "white",
							"from": [ -0.0075, 0.075, 0.225 ],
							"to": [ 0.0675, 0.525, 0.675 ],
							"rotationOrigin": [ 0.0, 0.3, 0.45 ],
							"faces": {
								"north": { "texture": "#pearlwhite", "uv": [ 1.5, 0.0, 2.0, 0.5 ], "autoUv": false },
								"south": { "texture": "#pearlwhite", "uv": [ 2.5, 1.0, 3.0, 1.5 ], "autoUv": false },
								"west": { "texture": "#pearlwhite", "uv": [ 3.0, 2.5, 3.5, 3.0 ], "autoUv": false },
								"up": { "texture": "#pearlwhite", "uv": [ 0.5, 0.0, 1.0, 0.5 ], "autoUv": false },
								"down": { "texture": "#pearlwhite", "uv": [ 1.0, 2.5, 1.5, 3.0 ], "autoUv": false }
							},
							"children": [
								{
									"name": "blue",
									"from": [ -0.0075, 0.075, 0.075 ],
									"to": [ 0.0675, 0.375, 0.375 ],
									"rotationOrigin": [ 0.0, 0.225, 0.225 ],
									"faces": {
										"north": { "texture": "#aquamarine", "uv": [ 1.0, 2.5, 1.5, 3.0 ], "autoUv": false },
										"south": { "texture": "#aquamarine", "uv": [ 0.0, 2.5, 0.5, 3.0 ], "autoUv": false },
										"west": { "texture": "#aquamarine", "uv": [ 2.0, 2.0, 2.5, 2.5 ], "autoUv": false },
										"up": { "texture": "#aquamarine", "uv": [ 3.0, 1.5, 3.5, 2.0 ], "autoUv": false },
										"down": { "texture": "#aquamarine", "uv": [ 3.0, 0.0, 3.5, 0.5 ], "autoUv": false }
									},
									"children": [
										{
											"name": "black",
											"from": [ -0.0075, 0.105, 0.105 ],
											"to": [ 0.0675, 0.195, 0.195 ],
											"rotationOrigin": [ 0.0, 0.15, 0.15 ],
											"faces": {
												"north": { "texture": "#onyx", "uv": [ 1.5, 0.5, 2.0, 1.0 ], "autoUv": false },
												"south": { "texture": "#onyx", "uv": [ 3.0, 0.0, 3.5, 0.5 ], "autoUv": false },
												"west": { "texture": "#onyx", "uv": [ 0.0, 0.5, 0.5, 1.0 ], "autoUv": false },
												"up": { "texture": "#onyx", "uv": [ 3.0, 0.0, 3.5, 0.5 ], "autoUv": false },
												"down": { "texture": "#onyx", "uv": [ 1.0, 3.0, 1.5, 3.5 ], "autoUv": false }
											}
										}
									]
								}
							]
						},
						{
							"name": "border",
							"from": [ 0.0075, -0.075, -0.075 ],
							"to": [ 0.2325, 0.975, 0.975 ],
							"rotationOrigin": [ 0.075, 0.45, 0.45 ],
							"faces": {
								"north": { "texture": "#gold", "uv": [ 1.0, 6.5, 1.5, 7.5 ], "autoUv": false },
								"east": { "texture": "#gold", "uv": [ 5.5, 4.0, 6.5, 5.0 ], "autoUv": false },
								"south": { "texture": "#gold", "uv": [ 1.0, 2.0, 1.5, 3.0 ], "autoUv": false },
								"west": { "texture": "#gold", "uv": [ 0.0, 4.0, 1.0, 5.0 ], "autoUv": false },
								"up": { "texture": "#gold", "uv": [ 6.0, 6.5, 6.5, 7.5 ], "autoUv": false },
								"down": { "texture": "#gold", "uv": [ 0.5, 0.5, 1.0, 1.5 ], "autoUv": false }
							}
						}
					]
				}
			]
		}
	]}