{
	"editor": {
		"backDropShape": "entity/humanoid/seraph",
		"allAngles": true,
		"entityTextureMode": false
	},
	"textureWidth": 8,
	"textureHeight": 8,
	"textureSizes": {
		"cinnamon": [16,16],
		"pine": [8,8],
		"reedrope": [8,8]
	},
	"textures": {
	},
	"elements": [
		{
			"name": "hideme",
			"stepParentName": "UpperTorso",
			"from": [ 1.5, 3.75, 2.25 ],
			"to": [ 1.5, 3.75, 2.25 ],
			"rotationOrigin": [ 1.5, 3.75, 2.25 ],
			"faces": {
			},
			"children": [
				{
					"name": "string back",
					"from": [ 1.65, 0.15, -1.05 ],
					"to": [ 1.8, 0.3, 1.2 ],
					"rotationOrigin": [ 1.725, 0.225, 0.075 ],
					"rotationZ": 45.0,
					"faces": {
						"north": { "texture": "#reedrope", "uv": [ 0.0, 0.0, 0.25, 0.25 ], "autoUv": false },
						"east": { "texture": "#reedrope", "uv": [ 0.0, 0.0, 3.0, 0.25 ], "autoUv": false },
						"south": { "texture": "#reedrope", "uv": [ 0.0, 0.0, 0.25, 0.25 ], "autoUv": false },
						"west": { "texture": "#reedrope", "uv": [ 0.0, 0.0, 3.0, 0.25 ], "autoUv": false },
						"up": { "texture": "#reedrope", "uv": [ 0.0, 0.0, 0.25, 3.0 ], "autoUv": false },
						"down": { "texture": "#reedrope", "uv": [ 0.0, 0.0, 0.25, 3.0 ], "autoUv": false }
					}
				},
				{
					"name": "stringR1",
					"from": [ -0.75, 0.15, -1.125 ],
					"to": [ 1.725, 0.3, -0.975 ],
					"rotationOrigin": [ 0.3, 0.225, -1.05 ],
					"rotationX": 45.0,
					"faces": {
						"north": { "texture": "#reedrope", "uv": [ 0.0, 0.0, 3.25, 0.25 ], "autoUv": false },
						"east": { "texture": "#reedrope", "uv": [ 0.0, 0.0, 0.25, 0.25 ], "autoUv": false },
						"south": { "texture": "#reedrope", "uv": [ 0.0, 0.0, 3.25, 0.25 ], "autoUv": false },
						"west": { "texture": "#reedrope", "uv": [ 0.0, 0.0, 0.25, 0.25 ], "autoUv": false },
						"up": { "texture": "#reedrope", "uv": [ 0.0, 0.0, 3.25, 0.25 ], "autoUv": false },
						"down": { "texture": "#reedrope", "uv": [ 0.0, 0.0, 3.25, 0.25 ], "autoUv": false }
					}
				},
				{
					"name": "stringL1",
					"from": [ -0.75, 0.15, 1.125 ],
					"to": [ 1.725, 0.3, 1.275 ],
					"rotationOrigin": [ 0.3, 0.225, 1.2 ],
					"rotationX": 45.0,
					"faces": {
						"north": { "texture": "#reedrope", "uv": [ 0.0, 0.0, 3.25, 0.25 ], "autoUv": false },
						"east": { "texture": "#reedrope", "uv": [ 0.0, 0.0, 0.25, 0.25 ], "autoUv": false },
						"south": { "texture": "#reedrope", "uv": [ 0.0, 0.0, 3.25, 0.25 ], "autoUv": false },
						"west": { "texture": "#reedrope", "uv": [ 0.0, 0.0, 0.25, 0.25 ], "autoUv": false },
						"up": { "texture": "#reedrope", "uv": [ 0.0, 0.0, 3.25, 0.25 ], "autoUv": false },
						"down": { "texture": "#reedrope", "uv": [ 0.0, 0.0, 3.25, 0.25 ], "autoUv": false }
					}
				},
				{
					"name": "stringR2",
					"from": [ -1.725, -0.075, -0.75 ],
					"to": [ -0.6, 0.075, -0.6 ],
					"rotationOrigin": [ -1.35, 0.0, -0.675 ],
					"rotationY": 33.0,
					"rotationZ": 17.0,
					"faces": {
						"north": { "texture": "#reedrope", "uv": [ 0.0, 0.0, 1.5, 0.25 ], "autoUv": false },
						"east": { "texture": "#reedrope", "uv": [ 0.0, 0.0, 0.25, 0.25 ], "autoUv": false },
						"south": { "texture": "#reedrope", "uv": [ 0.0, 0.0, 1.5, 0.25 ], "autoUv": false },
						"west": { "texture": "#reedrope", "uv": [ 0.0, 0.0, 0.25, 0.25 ], "autoUv": false },
						"up": { "texture": "#reedrope", "uv": [ 0.0, 0.0, 1.5, 0.25 ], "autoUv": false },
						"down": { "texture": "#reedrope", "uv": [ 0.0, 0.0, 1.5, 0.25 ], "autoUv": false }
					}
				},
				{
					"name": "stringL2",
					"from": [ -1.725, -0.075, 0.75 ],
					"to": [ -0.6, 0.075, 0.9 ],
					"rotationOrigin": [ -1.35, 0.0, 0.825 ],
					"rotationY": -33.0,
					"rotationZ": 17.0,
					"faces": {
						"north": { "texture": "#reedrope", "uv": [ 0.0, 0.0, 1.5, 0.25 ], "autoUv": false },
						"east": { "texture": "#reedrope", "uv": [ 0.0, 0.0, 0.25, 0.25 ], "autoUv": false },
						"south": { "texture": "#reedrope", "uv": [ 0.0, 0.0, 1.5, 0.25 ], "autoUv": false },
						"west": { "texture": "#reedrope", "uv": [ 0.0, 0.0, 0.25, 0.25 ], "autoUv": false },
						"up": { "texture": "#reedrope", "uv": [ 0.0, 0.0, 1.5, 0.25 ], "autoUv": false },
						"down": { "texture": "#reedrope", "uv": [ 0.0, 0.0, 1.5, 0.25 ], "autoUv": false }
					}
				},
				{
					"name": "mid",
					"from": [ -1.8, -1.875, -0.0375 ],
					"to": [ -1.65, -1.125, 0.1875 ],
					"rotationOrigin": [ -1.725, -1.125, 0.075 ],
					"faces": {
						"north": { "texture": "#cinnamon", "uv": [ 11.5, 3.0, 12.0, 4.0 ], "autoUv": false },
						"east": { "texture": "#cinnamon", "uv": [ 13.0, 4.0, 13.5, 5.0 ], "autoUv": false },
						"south": { "texture": "#cinnamon", "uv": [ 14.0, 5.0, 14.5, 6.0 ], "autoUv": false },
						"west": { "texture": "#cinnamon", "uv": [ 8.5, 5.5, 9.0, 6.5 ], "autoUv": false },
						"up": { "texture": "#cinnamon", "uv": [ 9.5, 7.0, 10.0, 7.5 ], "autoUv": false },
						"down": { "texture": "#cinnamon", "uv": [ 11.0, 5.5, 11.5, 6.0 ], "autoUv": false }
					},
					"children": [
						{
							"name": "R1",
							"from": [ 0.0375, 0.0, 0.075 ],
							"to": [ 0.1875, 0.75, 0.3 ],
							"rotationOrigin": [ 0.075, 0.75, 0.225 ],
							"rotationX": 20.0,
							"rotationY": -5.0,
							"faces": {
								"north": { "texture": "#cinnamon", "uv": [ 14.5, 2.0, 15.0, 3.0 ], "autoUv": false },
								"east": { "texture": "#cinnamon", "uv": [ 11.0, 2.0, 11.5, 3.0 ], "autoUv": false },
								"south": { "texture": "#cinnamon", "uv": [ 13.5, 4.5, 14.0, 5.5 ], "autoUv": false },
								"west": { "texture": "#cinnamon", "uv": [ 12.5, 4.5, 13.0, 5.5 ], "autoUv": false },
								"up": { "texture": "#cinnamon", "uv": [ 11.5, 4.0, 12.0, 4.5 ], "autoUv": false },
								"down": { "texture": "#cinnamon", "uv": [ 10.0, 6.0, 10.5, 6.5 ], "autoUv": false }
							}
						},
						{
							"name": "R2",
							"from": [ 0.0375, 0.0, 0.075 ],
							"to": [ 0.1875, 0.75, 0.3 ],
							"rotationOrigin": [ 0.075, 0.75, 0.225 ],
							"rotationX": 35.0,
							"rotationY": -10.0,
							"faces": {
								"north": { "texture": "#cinnamon", "uv": [ 10.5, 4.0, 11.0, 5.0 ], "autoUv": false },
								"east": { "texture": "#cinnamon", "uv": [ 10.5, 2.0, 11.0, 3.0 ], "autoUv": false },
								"south": { "texture": "#cinnamon", "uv": [ 11.0, 3.5, 11.5, 4.5 ], "autoUv": false },
								"west": { "texture": "#cinnamon", "uv": [ 11.0, 4.0, 11.5, 5.0 ], "autoUv": false },
								"up": { "texture": "#cinnamon", "uv": [ 12.0, 4.0, 12.5, 4.5 ], "autoUv": false },
								"down": { "texture": "#cinnamon", "uv": [ 14.0, 0.5, 14.5, 1.0 ], "autoUv": false }
							}
						},
						{
							"name": "R3",
							"from": [ 0.0375, 0.0, 0.075 ],
							"to": [ 0.1875, 0.75, 0.3 ],
							"rotationOrigin": [ 0.075, 0.75, 0.225 ],
							"rotationX": 50.0,
							"rotationY": -15.0,
							"faces": {
								"north": { "texture": "#cinnamon", "uv": [ 12.0, 2.5, 12.5, 3.5 ], "autoUv": false },
								"east": { "texture": "#cinnamon", "uv": [ 10.0, 4.5, 10.5, 5.5 ], "autoUv": false },
								"south": { "texture": "#cinnamon", "uv": [ 11.0, 2.0, 11.5, 3.0 ], "autoUv": false },
								"west": { "texture": "#cinnamon", "uv": [ 8.5, 2.5, 9.0, 3.5 ], "autoUv": false },
								"up": { "texture": "#cinnamon", "uv": [ 9.0, 11.5, 9.5, 12.0 ], "autoUv": false },
								"down": { "texture": "#cinnamon", "uv": [ 9.5, 2.5, 10.0, 3.0 ], "autoUv": false }
							}
						},
						{
							"name": "L1",
							"from": [ 0.0375, 0.0, -0.075 ],
							"to": [ 0.1875, 0.75, 0.15 ],
							"rotationOrigin": [ 0.075, 0.75, 0.0 ],
							"rotationX": -20.0,
							"rotationY": 5.0,
							"faces": {
								"north": { "texture": "#cinnamon", "uv": [ 10.0, 3.5, 10.5, 4.5 ], "autoUv": false },
								"east": { "texture": "#cinnamon", "uv": [ 11.5, 3.0, 12.0, 4.0 ], "autoUv": false },
								"south": { "texture": "#cinnamon", "uv": [ 10.0, 2.5, 10.5, 3.5 ], "autoUv": false },
								"west": { "texture": "#cinnamon", "uv": [ 10.0, 4.0, 10.5, 5.0 ], "autoUv": false },
								"up": { "texture": "#cinnamon", "uv": [ 10.5, 3.5, 11.0, 4.0 ], "autoUv": false },
								"down": { "texture": "#cinnamon", "uv": [ 13.0, 5.0, 13.5, 5.5 ], "autoUv": false }
							}
						},
						{
							"name": "L2",
							"from": [ 0.0375, 0.0, -0.075 ],
							"to": [ 0.1875, 0.75, 0.15 ],
							"rotationOrigin": [ 0.075, 0.75, 0.0 ],
							"rotationX": -35.0,
							"rotationY": 10.0,
							"faces": {
								"north": { "texture": "#cinnamon", "uv": [ 11.5, 4.5, 12.0, 5.5 ], "autoUv": false },
								"east": { "texture": "#cinnamon", "uv": [ 10.0, 4.0, 10.5, 5.0 ], "autoUv": false },
								"south": { "texture": "#cinnamon", "uv": [ 10.0, 3.5, 10.5, 4.5 ], "autoUv": false },
								"west": { "texture": "#cinnamon", "uv": [ 12.5, 4.0, 13.0, 5.0 ], "autoUv": false },
								"up": { "texture": "#cinnamon", "uv": [ 11.5, 5.0, 12.0, 5.5 ], "autoUv": false },
								"down": { "texture": "#cinnamon", "uv": [ 15.0, 5.5, 15.5, 6.0 ], "autoUv": false }
							}
						},
						{
							"name": "L3",
							"from": [ 0.0375, 0.0, -0.075 ],
							"to": [ 0.1875, 0.75, 0.15 ],
							"rotationOrigin": [ 0.075, 0.75, 0.0 ],
							"rotationX": -50.0,
							"rotationY": 15.0,
							"faces": {
								"north": { "texture": "#cinnamon", "uv": [ 11.5, 5.0, 12.0, 6.0 ], "autoUv": false },
								"east": { "texture": "#cinnamon", "uv": [ 14.5, 2.0, 15.0, 3.0 ], "autoUv": false },
								"south": { "texture": "#cinnamon", "uv": [ 13.5, 3.0, 14.0, 4.0 ], "autoUv": false },
								"west": { "texture": "#cinnamon", "uv": [ 11.0, 1.5, 11.5, 2.5 ], "autoUv": false },
								"up": { "texture": "#cinnamon", "uv": [ 11.0, 7.0, 11.5, 7.5 ], "autoUv": false },
								"down": { "texture": "#cinnamon", "uv": [ 11.5, 5.0, 12.0, 5.5 ], "autoUv": false }
							}
						}
					]
				},
				{
					"name": "stringR3",
					"from": [ -1.725, -1.2, -0.525 ],
					"to": [ -1.575, -0.075, -0.375 ],
					"rotationOrigin": [ -1.65, -0.075, -0.45 ],
					"rotationX": -22.0,
					"rotationZ": -5.0,
					"faces": {
						"north": { "texture": "#reedrope", "uv": [ 0.0, 0.0, 0.25, 1.5 ], "autoUv": false },
						"east": { "texture": "#reedrope", "uv": [ 0.0, 0.0, 0.25, 1.5 ], "autoUv": false },
						"south": { "texture": "#reedrope", "uv": [ 0.0, 0.0, 0.25, 1.5 ], "autoUv": false },
						"west": { "texture": "#reedrope", "uv": [ 0.0, 0.0, 0.25, 1.5 ], "autoUv": false },
						"up": { "texture": "#reedrope", "uv": [ 0.0, 0.0, 0.25, 0.25 ], "autoUv": false },
						"down": { "texture": "#reedrope", "uv": [ 0.0, 0.0, 0.25, 0.25 ], "autoUv": false }
					}
				},
				{
					"name": "stringL3",
					"from": [ -1.725, -1.2, 0.525 ],
					"to": [ -1.575, -0.075, 0.675 ],
					"rotationOrigin": [ -1.65, -0.075, 0.6 ],
					"rotationX": 22.0,
					"rotationZ": -5.0,
					"faces": {
						"north": { "texture": "#reedrope", "uv": [ 0.0, 0.0, 0.25, 1.5 ], "autoUv": false },
						"east": { "texture": "#reedrope", "uv": [ 0.0, 0.0, 0.25, 1.5 ], "autoUv": false },
						"south": { "texture": "#reedrope", "uv": [ 0.0, 0.0, 0.25, 1.5 ], "autoUv": false },
						"west": { "texture": "#reedrope", "uv": [ 0.0, 0.0, 0.25, 1.5 ], "autoUv": false },
						"up": { "texture": "#reedrope", "uv": [ 0.0, 0.0, 0.25, 0.25 ], "autoUv": false },
						"down": { "texture": "#reedrope", "uv": [ 0.0, 0.0, 0.25, 0.25 ], "autoUv": false }
					}
				}
			]
		}
	]}