{
	"editor": {
		"backDropShape": "entity/humanoid/seraph",
		"collapsedPaths": "Root/Bottom",
		"allAngles": false,
		"entityTextureMode": false
	},
	"textureWidth": 16,
	"textureHeight": 16,
	"textureSizes": {
	},
	"textures": {
	},
	"elements": [
		{
			"name": "Bottom",
			"stepParentName": "Neck",
			"from": [ -3.75, 1.2, -4.875 ],
			"to": [ 0.75, 1.65, 7.125 ],
			"rotationOrigin": [ 0.75, 1.35, 1.125 ],
			"faces": {
				"north": { "texture": "#aged", "uv": [ 5.0, 15.0, 11.0, 15.5 ], "autoUv": false },
				"east": { "texture": "#aged", "uv": [ 0.0, 12.0, 16.0, 12.5 ], "autoUv": false },
				"south": { "texture": "#aged", "uv": [ 6.5, 6.5, 12.5, 7.0 ], "autoUv": false },
				"west": { "texture": "#aged", "uv": [ 0.0, 14.5, 16.0, 15.0 ], "autoUv": false },
				"up": { "texture": "#aged", "uv": [ 0.0, 1.5, 16.0, 7.5 ], "rotation": 90, "autoUv": false },
				"down": { "texture": "#aged", "uv": [ 0.0, 3.5, 16.0, 9.5 ], "rotation": 90, "autoUv": false }
			},
			"children": [
				{
					"name": "Top",
					"from": [ 4.875, 0.0, 0.0 ],
					"to": [ 9.375, 0.45, 12.0 ],
					"rotationOrigin": [ 4.875, 0.0, 6.0 ],
					"faces": {
						"north": { "texture": "#aged", "uv": [ 5.0, 2.0, 11.0, 2.5 ], "autoUv": false },
						"east": { "texture": "#aged", "uv": [ 0.0, 7.0, 16.0, 7.5 ], "autoUv": false },
						"south": { "texture": "#aged", "uv": [ 3.5, 13.0, 9.5, 13.5 ], "autoUv": false },
						"west": { "texture": "#aged", "uv": [ 0.0, 1.5, 16.0, 2.0 ], "autoUv": false },
						"up": { "texture": "#aged", "uv": [ 0.0, 6.0, 16.0, 12.0 ], "rotation": 90, "autoUv": false },
						"down": { "texture": "#aged", "uv": [ 0.0, 4.0, 16.0, 10.0 ], "rotation": 90, "autoUv": false }
					},
					"children": [
						{
							"name": "rod",
							"from": [ 2.4, 1.05, 1.125 ],
							"to": [ 2.85, 1.5, 10.875 ],
							"rotationOrigin": [ 2.625, 1.275, 6.0 ],
							"faces": {
								"east": { "texture": "#rusty-iron", "uv": [ 0.0, 2.0, 13.0, 2.5 ], "autoUv": false },
								"west": { "texture": "#rusty-iron", "uv": [ 1.5, 10.0, 14.5, 10.5 ], "autoUv": false },
								"up": { "texture": "#rusty-iron", "uv": [ 2.5, 5.5, 15.5, 6.0 ], "rotation": 90, "autoUv": false },
								"down": { "texture": "#rusty-iron", "uv": [ 0.5, 10.5, 13.5, 11.0 ], "rotation": 90, "autoUv": false }
							},
							"children": [
								{
									"name": "knob1",
									"from": [ -0.15, -0.15, 9.75 ],
									"to": [ 0.6, 0.6, 10.5 ],
									"rotationOrigin": [ 0.225, 0.225, 9.75 ],
									"faces": {
										"north": { "texture": "#rusty-iron", "uv": [ 8.5, 12.5, 9.5, 13.5 ], "autoUv": false },
										"east": { "texture": "#rusty-iron", "uv": [ 7.0, 11.0, 8.0, 12.0 ], "autoUv": false },
										"south": { "texture": "#rusty-iron", "uv": [ 6.5, 5.5, 7.5, 6.5 ], "autoUv": false },
										"west": { "texture": "#rusty-iron", "uv": [ 1.0, 11.5, 2.0, 12.5 ], "autoUv": false },
										"up": { "texture": "#rusty-iron", "uv": [ 9.5, 7.5, 10.5, 8.5 ], "autoUv": false },
										"down": { "texture": "#rusty-iron", "uv": [ 13.5, 10.0, 14.5, 11.0 ], "autoUv": false }
									}
								},
								{
									"name": "knob2",
									"from": [ -0.15, -0.15, -0.75 ],
									"to": [ 0.6, 0.6, 0.0 ],
									"rotationOrigin": [ 0.225, 0.225, 0.0 ],
									"faces": {
										"north": { "texture": "#rusty-iron", "uv": [ 13.0, 14.0, 14.0, 15.0 ], "autoUv": false },
										"east": { "texture": "#rusty-iron", "uv": [ 6.5, 12.5, 7.5, 13.5 ], "autoUv": false },
										"south": { "texture": "#rusty-iron", "uv": [ 7.0, 3.5, 8.0, 4.5 ], "autoUv": false },
										"west": { "texture": "#rusty-iron", "uv": [ 4.5, 10.0, 5.5, 11.0 ], "autoUv": false },
										"up": { "texture": "#rusty-iron", "uv": [ 7.5, 5.5, 8.5, 6.5 ], "autoUv": false },
										"down": { "texture": "#rusty-iron", "uv": [ 9.0, 0.5, 10.0, 1.5 ], "autoUv": false }
									}
								}
							]
						}
					]
				},
				{
					"name": "hinge1",
					"from": [ 1.5, -0.3, 1.5 ],
					"to": [ 8.25, 0.825, 3.0 ],
					"rotationOrigin": [ 1.5, 0.225, 2.25 ],
					"faces": {
						"north": { "texture": "#aged", "uv": [ 3.5, 4.0, 12.5, 5.5 ], "autoUv": false },
						"east": { "texture": "#aged", "uv": [ 7.5, 14.0, 9.5, 15.5 ], "autoUv": false },
						"south": { "texture": "#aged", "uv": [ 4.0, 3.0, 13.0, 4.5 ], "autoUv": false },
						"west": { "texture": "#aged", "uv": [ 10.5, 12.5, 12.5, 14.0 ], "autoUv": false },
						"up": { "texture": "#aged", "uv": [ 4.0, 1.0, 13.0, 3.0 ], "autoUv": false },
						"down": { "texture": "#aged", "uv": [ 6.5, 4.5, 15.5, 6.5 ], "autoUv": false }
					},
					"children": [
						{
							"name": "peg1",
							"from": [ 2.025, -0.15, 0.525 ],
							"to": [ 2.475, 1.275, 0.975 ],
							"rotationOrigin": [ 2.25, 0.375, 0.75 ],
							"rotationY": -6.0,
							"faces": {
								"north": { "texture": "#rusty-iron", "uv": [ 5.0, 13.5, 5.5, 15.0 ], "autoUv": false },
								"east": { "texture": "#rusty-iron", "uv": [ 1.5, 13.0, 2.0, 14.5 ], "autoUv": false },
								"south": { "texture": "#rusty-iron", "uv": [ 3.5, 6.0, 4.0, 7.5 ], "autoUv": false },
								"west": { "texture": "#rusty-iron", "uv": [ 6.0, 0.0, 6.5, 1.5 ], "autoUv": false },
								"up": { "texture": "#rusty-iron", "uv": [ 1.0, 15.0, 1.5, 15.5 ], "autoUv": false },
								"down": { "texture": "#rusty-iron", "uv": [ 14.5, 6.5, 15.0, 7.0 ], "autoUv": false }
							}
						},
						{
							"name": "peg2",
							"from": [ 5.7, -0.15, 0.45 ],
							"to": [ 6.3, 2.1, 1.05 ],
							"rotationOrigin": [ 6.0, 0.375, 0.75 ],
							"rotationY": 45.0,
							"faces": {
								"north": { "texture": "#rusty-iron", "uv": [ 14.0, 8.0, 14.5, 11.0 ], "autoUv": false },
								"east": { "texture": "#rusty-iron", "uv": [ 0.0, 11.5, 0.5, 14.5 ], "autoUv": false },
								"south": { "texture": "#rusty-iron", "uv": [ 3.5, 0.0, 4.0, 3.0 ], "autoUv": false },
								"west": { "texture": "#rusty-iron", "uv": [ 9.0, 12.5, 9.5, 15.5 ], "autoUv": false },
								"up": { "texture": "#rusty-iron", "uv": [ 12.5, 13.5, 13.0, 14.0 ], "autoUv": false },
								"down": { "texture": "#rusty-iron", "uv": [ 14.0, 11.5, 14.5, 12.0 ], "autoUv": false }
							}
						},
						{
							"name": "peg6",
							"from": [ 0.525, -0.15, 0.525 ],
							"to": [ 0.975, 1.2, 0.975 ],
							"rotationOrigin": [ 0.75, 0.375, 0.75 ],
							"rotationY": 2.0,
							"faces": {
								"north": { "texture": "#rusty-iron", "uv": [ 0.0, 3.5, 0.5, 5.0 ], "autoUv": false },
								"east": { "texture": "#rusty-iron", "uv": [ 3.5, 0.5, 4.0, 2.0 ], "autoUv": false },
								"south": { "texture": "#rusty-iron", "uv": [ 8.0, 4.5, 8.5, 6.0 ], "autoUv": false },
								"west": { "texture": "#rusty-iron", "uv": [ 3.0, 13.5, 3.5, 15.0 ], "autoUv": false },
								"up": { "texture": "#rusty-iron", "uv": [ 4.0, 11.5, 4.5, 12.0 ], "autoUv": false },
								"down": { "texture": "#rusty-iron", "uv": [ 5.5, 1.0, 6.0, 1.5 ], "autoUv": false }
							}
						}
					]
				},
				{
					"name": "hinge2",
					"from": [ 1.5, -0.375, 9.0 ],
					"to": [ 8.25, 0.75, 10.5 ],
					"rotationOrigin": [ 1.5, 0.225, 9.75 ],
					"faces": {
						"north": { "texture": "#aged", "uv": [ 0.5, 1.5, 9.5, 3.0 ], "autoUv": false },
						"east": { "texture": "#aged", "uv": [ 10.0, 0.5, 12.0, 2.0 ], "autoUv": false },
						"south": { "texture": "#aged", "uv": [ 6.5, 9.0, 15.5, 10.5 ], "autoUv": false },
						"west": { "texture": "#aged", "uv": [ 13.0, 1.5, 15.0, 3.0 ], "autoUv": false },
						"up": { "texture": "#aged", "uv": [ 4.0, 1.5, 13.0, 3.5 ], "autoUv": false },
						"down": { "texture": "#aged", "uv": [ 5.0, 11.5, 14.0, 13.5 ], "autoUv": false }
					},
					"children": [
						{
							"name": "peg3",
							"from": [ 0.525, -0.15, 0.6 ],
							"to": [ 0.975, 1.2, 1.05 ],
							"rotationOrigin": [ 0.825, 0.375, 0.825 ],
							"rotationY": 5.0,
							"faces": {
								"north": { "texture": "#rusty-iron", "uv": [ 2.0, 12.0, 2.5, 13.5 ], "autoUv": false },
								"east": { "texture": "#rusty-iron", "uv": [ 2.5, 1.5, 3.0, 3.0 ], "autoUv": false },
								"south": { "texture": "#rusty-iron", "uv": [ 4.0, 2.5, 4.5, 4.0 ], "autoUv": false },
								"west": { "texture": "#rusty-iron", "uv": [ 13.5, 7.5, 14.0, 9.0 ], "autoUv": false },
								"up": { "texture": "#rusty-iron", "uv": [ 10.0, 6.5, 10.5, 7.0 ], "autoUv": false },
								"down": { "texture": "#rusty-iron", "uv": [ 12.0, 3.5, 12.5, 4.0 ], "autoUv": false }
							}
						},
						{
							"name": "peg4",
							"from": [ 5.7, -0.15, 0.525 ],
							"to": [ 6.3, 2.1, 1.125 ],
							"rotationOrigin": [ 6.075, 0.375, 0.825 ],
							"rotationY": -45.0,
							"faces": {
								"north": { "texture": "#rusty-iron", "uv": [ 12.5, 11.0, 13.0, 14.0 ], "autoUv": false },
								"east": { "texture": "#rusty-iron", "uv": [ 3.5, 4.5, 4.0, 7.5 ], "autoUv": false },
								"south": { "texture": "#rusty-iron", "uv": [ 12.0, 2.5, 12.5, 5.5 ], "autoUv": false },
								"west": { "texture": "#rusty-iron", "uv": [ 3.5, 8.0, 4.0, 11.0 ], "autoUv": false },
								"up": { "texture": "#rusty-iron", "uv": [ 14.5, 14.5, 15.0, 15.0 ], "autoUv": false },
								"down": { "texture": "#rusty-iron", "uv": [ 8.5, 9.0, 9.0, 9.5 ], "autoUv": false }
							}
						},
						{
							"name": "peg5",
							"from": [ 2.025, -0.15, 0.6 ],
							"to": [ 2.475, 1.2, 1.05 ],
							"rotationOrigin": [ 2.325, 0.375, 0.825 ],
							"rotationY": -2.0,
							"faces": {
								"north": { "texture": "#rusty-iron", "uv": [ 15.0, 5.5, 15.5, 7.0 ], "autoUv": false },
								"east": { "texture": "#rusty-iron", "uv": [ 6.5, 2.0, 7.0, 3.5 ], "autoUv": false },
								"south": { "texture": "#rusty-iron", "uv": [ 4.5, 9.5, 5.0, 11.0 ], "autoUv": false },
								"west": { "texture": "#rusty-iron", "uv": [ 1.0, 3.0, 1.5, 4.5 ], "autoUv": false },
								"up": { "texture": "#rusty-iron", "uv": [ 13.0, 15.0, 13.5, 15.5 ], "autoUv": false },
								"down": { "texture": "#rusty-iron", "uv": [ 7.5, 2.0, 8.0, 2.5 ], "autoUv": false }
							}
						}
					]
				}
			]
		}
	]}