{
	"editor": {
		"backDropShape": "entity/humanoid/seraph-hairless",
		"allAngles": true,
		"entityTextureMode": false
	},
	"textureWidth": 8,
	"textureHeight": 8,
	"textureSizes": {
	},
	"textures": {
	},
	"elements": [
		{
			"name": "hideme",
			"stepParentName": "UpperTorso",
			"from": [ 1.5, 3.75, 2.25 ],
			"to": [ 1.5, 3.75, 2.25 ],
			"rotationOrigin": [ 1.5, 3.75, 2.25 ],
			"faces": {
			},
			"children": [
				{
					"name": "string back",
					"from": [ 1.65, 0.15, -1.05 ],
					"to": [ 1.8, 0.3, 1.2 ],
					"rotationOrigin": [ 1.725, 0.225, 0.075 ],
					"rotationZ": 45.0,
					"faces": {
						"north": { "texture": "#reedrope", "uv": [ 0.0, 0.0, 0.25, 0.25 ], "autoUv": false },
						"east": { "texture": "#reedrope", "uv": [ 0.0, 0.0, 3.0, 0.25 ], "autoUv": false },
						"south": { "texture": "#reedrope", "uv": [ 0.0, 0.0, 0.25, 0.25 ], "autoUv": false },
						"west": { "texture": "#reedrope", "uv": [ 0.0, 0.0, 3.0, 0.25 ], "autoUv": false },
						"up": { "texture": "#reedrope", "uv": [ 0.0, 0.0, 0.25, 3.0 ], "autoUv": false },
						"down": { "texture": "#reedrope", "uv": [ 0.0, 0.0, 0.25, 3.0 ], "autoUv": false }
					}
				},
				{
					"name": "string R2",
					"from": [ -0.75, 0.15, -1.125 ],
					"to": [ 1.725, 0.3, -0.975 ],
					"rotationOrigin": [ 0.3, 0.225, -1.05 ],
					"rotationX": 45.0,
					"faces": {
						"north": { "texture": "#reedrope", "uv": [ 0.0, 0.0, 3.25, 0.25 ], "autoUv": false },
						"east": { "texture": "#reedrope", "uv": [ 0.0, 0.0, 0.25, 0.25 ], "autoUv": false },
						"south": { "texture": "#reedrope", "uv": [ 0.0, 0.0, 3.25, 0.25 ], "autoUv": false },
						"west": { "texture": "#reedrope", "uv": [ 0.0, 0.0, 0.25, 0.25 ], "autoUv": false },
						"up": { "texture": "#reedrope", "uv": [ 0.0, 0.0, 3.25, 0.25 ], "autoUv": false },
						"down": { "texture": "#reedrope", "uv": [ 0.0, 0.0, 3.25, 0.25 ], "autoUv": false }
					}
				},
				{
					"name": "string L2",
					"from": [ -0.75, 0.15, 1.125 ],
					"to": [ 1.725, 0.3, 1.275 ],
					"rotationOrigin": [ 0.3, 0.225, 1.2 ],
					"rotationX": 45.0,
					"faces": {
						"north": { "texture": "#reedrope", "uv": [ 0.0, 0.0, 3.25, 0.25 ], "autoUv": false },
						"east": { "texture": "#reedrope", "uv": [ 0.0, 0.0, 0.25, 0.25 ], "autoUv": false },
						"south": { "texture": "#reedrope", "uv": [ 0.0, 0.0, 3.25, 0.25 ], "autoUv": false },
						"west": { "texture": "#reedrope", "uv": [ 0.0, 0.0, 0.25, 0.25 ], "autoUv": false },
						"up": { "texture": "#reedrope", "uv": [ 0.0, 0.0, 3.25, 0.25 ], "autoUv": false },
						"down": { "texture": "#reedrope", "uv": [ 0.0, 0.0, 3.25, 0.25 ], "autoUv": false }
					}
				},
				{
					"name": "string R3",
					"from": [ -1.725, -0.075, -0.75 ],
					"to": [ -0.6, 0.075, -0.6 ],
					"rotationOrigin": [ -1.35, 0.0, -0.675 ],
					"rotationY": 33.0,
					"rotationZ": 17.0,
					"faces": {
						"north": { "texture": "#reedrope", "uv": [ 0.0, 0.0, 1.5, 0.25 ], "autoUv": false },
						"east": { "texture": "#reedrope", "uv": [ 0.0, 0.0, 0.25, 0.25 ], "autoUv": false },
						"south": { "texture": "#reedrope", "uv": [ 0.0, 0.0, 1.5, 0.25 ], "autoUv": false },
						"west": { "texture": "#reedrope", "uv": [ 0.0, 0.0, 0.25, 0.25 ], "autoUv": false },
						"up": { "texture": "#reedrope", "uv": [ 0.0, 0.0, 1.5, 0.25 ], "autoUv": false },
						"down": { "texture": "#reedrope", "uv": [ 0.0, 0.0, 1.5, 0.25 ], "autoUv": false }
					}
				},
				{
					"name": "string L3",
					"from": [ -1.725, -0.075, 0.75 ],
					"to": [ -0.6, 0.075, 0.9 ],
					"rotationOrigin": [ -1.35, 0.0, 0.825 ],
					"rotationY": -33.0,
					"rotationZ": 17.0,
					"faces": {
						"north": { "texture": "#reedrope", "uv": [ 0.0, 0.0, 1.5, 0.25 ], "autoUv": false },
						"east": { "texture": "#reedrope", "uv": [ 0.0, 0.0, 0.25, 0.25 ], "autoUv": false },
						"south": { "texture": "#reedrope", "uv": [ 0.0, 0.0, 1.5, 0.25 ], "autoUv": false },
						"west": { "texture": "#reedrope", "uv": [ 0.0, 0.0, 0.25, 0.25 ], "autoUv": false },
						"up": { "texture": "#reedrope", "uv": [ 0.0, 0.0, 1.5, 0.25 ], "autoUv": false },
						"down": { "texture": "#reedrope", "uv": [ 0.0, 0.0, 1.5, 0.25 ], "autoUv": false }
					}
				},
				{
					"name": "pinecone1",
					"from": [ -2.25, -1.5, -0.3 ],
					"to": [ -1.5, -0.75, 0.45 ],
					"rotationOrigin": [ -1.875, -0.75, 0.075 ],
					"rotationX": 9.0,
					"rotationY": 45.0,
					"rotationZ": -16.0,
					"faces": {
						"north": { "texture": "#pine", "uv": [ 0.5, 2.0, 1.5, 3.0 ], "autoUv": false },
						"east": { "texture": "#pine", "uv": [ 1.5, 1.5, 2.5, 2.5 ], "autoUv": false },
						"south": { "texture": "#pine", "uv": [ 1.0, 2.0, 2.0, 3.0 ], "autoUv": false },
						"west": { "texture": "#pine", "uv": [ 0.0, 1.5, 1.0, 2.5 ], "autoUv": false },
						"up": { "texture": "#pine", "uv": [ 0.5, 1.0, 1.5, 2.0 ], "autoUv": false },
						"down": { "texture": "#pine", "uv": [ 0.5, 1.0, 1.5, 2.0 ], "autoUv": false }
					},
					"children": [
						{
							"name": "pinecone2",
							"from": [ 0.075, -0.6, 0.075 ],
							"to": [ 0.675, 0.9, 0.675 ],
							"rotationOrigin": [ 0.375, -0.6, 0.375 ],
							"faces": {
								"north": { "texture": "#pine", "uv": [ 0.0, 0.0, 0.5, 2.0 ], "autoUv": false },
								"east": { "texture": "#pine", "uv": [ 0.0, 0.0, 0.5, 2.0 ], "autoUv": false },
								"south": { "texture": "#pine", "uv": [ 0.0, 0.0, 0.5, 2.0 ], "autoUv": false },
								"west": { "texture": "#pine", "uv": [ 0.0, 0.0, 0.5, 2.0 ], "autoUv": false },
								"up": { "texture": "#pine", "uv": [ 0.0, 0.0, 0.5, 0.5 ], "autoUv": false },
								"down": { "texture": "#pine", "uv": [ 0.0, 0.0, 0.5, 0.5 ], "autoUv": false }
							}
						},
						{
							"name": "string L1",
							"from": [ 0.15, 0.675, 0.375 ],
							"to": [ 0.3, 1.575, 0.525 ],
							"rotationOrigin": [ 0.225, 0.825, 0.45 ],
							"rotationX": 36.0,
							"rotationZ": 15.0,
							"faces": {
								"north": { "texture": "#reedrope", "uv": [ 0.0, 0.0, 0.25, 1.0 ], "autoUv": false },
								"east": { "texture": "#reedrope", "uv": [ 0.0, 0.0, 0.25, 1.0 ], "autoUv": false },
								"south": { "texture": "#reedrope", "uv": [ 0.0, 0.0, 0.25, 1.0 ], "autoUv": false },
								"west": { "texture": "#reedrope", "uv": [ 0.0, 0.0, 0.25, 1.0 ], "autoUv": false },
								"up": { "texture": "#reedrope", "uv": [ 0.0, 0.0, 0.25, 0.25 ], "autoUv": false }
							}
						},
						{
							"name": "string R1",
							"from": [ 0.375, 0.75, 0.15 ],
							"to": [ 0.525, 1.65, 0.3 ],
							"rotationOrigin": [ 0.45, 0.9, 0.225 ],
							"rotationX": -15.0,
							"rotationZ": -36.0,
							"faces": {
								"north": { "texture": "#reedrope", "uv": [ 0.0, 0.0, 0.25, 1.0 ], "autoUv": false },
								"east": { "texture": "#reedrope", "uv": [ 0.0, 0.0, 0.25, 1.0 ], "autoUv": false },
								"south": { "texture": "#reedrope", "uv": [ 0.0, 0.0, 0.25, 1.0 ], "autoUv": false },
								"west": { "texture": "#reedrope", "uv": [ 0.0, 0.0, 0.25, 1.0 ], "autoUv": false },
								"up": { "texture": "#reedrope", "uv": [ 0.0, 0.0, 0.25, 0.25 ], "autoUv": false }
							}
						}
					]
				}
			]
		}
	]}