{
	"editor": {
		"backDropShape": "entity/humanoid/seraph",
		"collapsedPaths": "Root/bandN/toothR1,Root/bandN/toothL1",
		"allAngles": true,
		"entityTextureMode": false
	},
	"textureWidth": 16,
	"textureHeight": 16,
	"textureSizes": {
		"metal": [8,8],
		"chain": [8,4],
		"gem": [4,4]
	},
	"textures": {
	},
	"elements": [
		{
			"name": "origin",
			"stepParentName": "UpperTorso",
			"from": [ 1.5, 4.275, 2.325 ],
			"to": [ 1.5, 4.275, 2.325 ],
			"rotationOrigin": [ 0.75, 3.75, 2.475 ],
			"faces": {
			},
			"children": [
				{
					"name": "Cube19",
					"from": [ -0.9, -0.6, -1.5 ],
					"to": [ 1.725, -0.225, -1.125 ],
					"rotationOrigin": [ -0.9, -0.6, -1.125 ],
					"rotationZ": 7.0,
					"faces": {
						"north": { "texture": "#chain", "uv": [ 4.0, 0.5, 7.5, 1.0 ], "autoUv": false },
						"east": { "texture": "#chain", "uv": [ 6.5, 1.5, 7.0, 2.0 ], "autoUv": false },
						"south": { "texture": "#chain", "uv": [ 0.0, 0.5, 3.5, 1.0 ], "autoUv": false },
						"west": { "texture": "#chain", "uv": [ 0.5, 2.0, 1.0, 2.5 ], "autoUv": false },
						"up": { "texture": "#chain", "uv": [ 2.0, 0.5, 5.5, 1.0 ], "autoUv": false },
						"down": { "texture": "#chain", "uv": [ 3.0, 0.5, 6.5, 1.0 ], "autoUv": false }
					}
				},
				{
					"name": "Cube3",
					"from": [ -0.9, -0.6, 1.05 ],
					"to": [ 1.725, -0.225, 1.425 ],
					"rotationOrigin": [ -0.9, -0.6, 1.05 ],
					"rotationZ": 7.0,
					"faces": {
						"north": { "texture": "#chain", "uv": [ 1.5, 1.5, 5.0, 2.0 ], "autoUv": false },
						"east": { "texture": "#chain", "uv": [ 4.5, 0.5, 5.0, 1.0 ], "autoUv": false },
						"south": { "texture": "#chain", "uv": [ 2.0, 1.5, 5.5, 2.0 ], "autoUv": false },
						"west": { "texture": "#chain", "uv": [ 3.0, 2.0, 3.5, 2.5 ], "autoUv": false },
						"up": { "texture": "#chain", "uv": [ 0.0, 0.0, 3.5, 0.5 ], "autoUv": false },
						"down": { "texture": "#chain", "uv": [ 0.0, 1.5, 3.5, 2.0 ], "autoUv": false }
					}
				},
				{
					"name": "Cube5",
					"from": [ 1.575, -0.3, -1.35 ],
					"to": [ 1.95, 0.075, 1.275 ],
					"rotationOrigin": [ 1.575, -0.3, -1.35 ],
					"rotationZ": 10.0,
					"faces": {
						"north": { "texture": "#chain", "uv": [ 2.0, 2.0, 2.5, 3.0 ], "autoUv": false },
						"east": { "texture": "#chain", "uv": [ 3.0, 0.0, 6.5, 1.0 ], "autoUv": false },
						"south": { "texture": "#chain", "uv": [ 7.0, 2.0, 7.5, 3.0 ], "autoUv": false },
						"west": { "texture": "#chain", "uv": [ 2.5, 2.5, 6.0, 3.5 ], "autoUv": false },
						"up": { "texture": "#chain", "uv": [ 4.0, 2.5, 7.5, 3.0 ], "rotation": 90, "autoUv": false },
						"down": { "texture": "#chain", "uv": [ 0.5, 2.0, 4.0, 2.5 ], "rotation": 90, "autoUv": false }
					}
				},
				{
					"name": "Cube6",
					"from": [ -1.5, -0.75, -1.275 ],
					"to": [ -0.75, -0.375, -0.9 ],
					"rotationOrigin": [ -1.5, -0.75, -0.9 ],
					"rotationY": 20.0,
					"rotationZ": 13.0,
					"faces": {
						"north": { "texture": "#chain", "uv": [ 4.0, 1.0, 5.0, 1.5 ], "autoUv": false },
						"east": { "texture": "#chain", "uv": [ 2.0, 1.0, 2.5, 1.5 ], "autoUv": false },
						"south": { "texture": "#chain", "uv": [ 1.0, 0.5, 2.0, 1.0 ], "autoUv": false },
						"west": { "texture": "#chain", "uv": [ 5.0, 1.0, 5.5, 1.5 ], "autoUv": false },
						"up": { "texture": "#chain", "uv": [ 5.0, 0.5, 6.0, 1.0 ], "autoUv": false },
						"down": { "texture": "#chain", "uv": [ 1.0, 0.0, 2.0, 0.5 ], "autoUv": false }
					},
					"children": [
						{
							"name": "Cube7",
							"from": [ -2.025, -0.075, -0.075 ],
							"to": [ -0.075, 0.3, 0.3 ],
							"rotationOrigin": [ -0.15, 0.3, 0.3 ],
							"rotationX": -23.0,
							"rotationY": 10.0,
							"rotationZ": 68.0,
							"faces": {
								"north": { "texture": "#chain", "uv": [ 3.5, 1.0, 6.0, 1.5 ], "autoUv": false },
								"east": { "texture": "#chain", "uv": [ 0.0, 0.5, 0.5, 1.0 ], "autoUv": false },
								"south": { "texture": "#chain", "uv": [ 3.5, 0.5, 6.0, 1.0 ], "autoUv": false },
								"west": { "texture": "#chain", "uv": [ 4.5, 0.0, 5.0, 0.5 ], "autoUv": false },
								"up": { "texture": "#chain", "uv": [ 2.5, 1.0, 5.0, 1.5 ], "autoUv": false },
								"down": { "texture": "#chain", "uv": [ 3.5, 1.0, 6.0, 1.5 ], "autoUv": false }
							}
						}
					]
				},
				{
					"name": "Cube8",
					"from": [ -1.5, -0.75, 0.825 ],
					"to": [ -0.75, -0.375, 1.2 ],
					"rotationOrigin": [ -1.5, -0.75, 0.825 ],
					"rotationY": -20.0,
					"rotationZ": 13.0,
					"faces": {
						"north": { "texture": "#chain", "uv": [ 4.0, 0.0, 5.0, 0.5 ], "autoUv": false },
						"east": { "texture": "#chain", "uv": [ 7.0, 1.5, 7.5, 2.0 ], "autoUv": false },
						"south": { "texture": "#chain", "uv": [ 6.0, 1.5, 7.0, 2.0 ], "autoUv": false },
						"west": { "texture": "#chain", "uv": [ 7.0, 1.0, 7.5, 1.5 ], "autoUv": false },
						"up": { "texture": "#chain", "uv": [ 1.0, 1.0, 2.0, 1.5 ], "autoUv": false },
						"down": { "texture": "#chain", "uv": [ 4.0, 0.0, 5.0, 0.5 ], "autoUv": false }
					},
					"children": [
						{
							"name": "Cube9",
							"from": [ -2.025, 0.0, 0.075 ],
							"to": [ -0.15, 0.375, 0.45 ],
							"rotationOrigin": [ -0.15, 0.375, 0.075 ],
							"rotationX": 23.0,
							"rotationZ": 68.0,
							"faces": {
								"north": { "texture": "#chain", "uv": [ 4.5, 1.0, 7.0, 1.5 ], "autoUv": false },
								"east": { "texture": "#chain", "uv": [ 4.0, 1.5, 4.5, 2.0 ], "autoUv": false },
								"south": { "texture": "#chain", "uv": [ 4.5, 1.0, 7.0, 1.5 ], "autoUv": false },
								"west": { "texture": "#chain", "uv": [ 5.5, 3.0, 6.0, 3.5 ], "autoUv": false },
								"up": { "texture": "#chain", "uv": [ 0.5, 1.0, 3.0, 1.5 ], "autoUv": false },
								"down": { "texture": "#chain", "uv": [ 3.5, 1.0, 6.0, 1.5 ], "autoUv": false }
							}
						}
					]
				},
				{
					"name": "PendantVert",
					"from": [ -1.95, -3.3, -0.375 ],
					"to": [ -1.5, -1.8, 0.375 ],
					"rotationOrigin": [ -1.9762, -2.9241, -0.375 ],
					"faces": {
						"north": { "texture": "#metal", "uv": [ 6.5, 3.5, 7.0, 5.5 ], "autoUv": false },
						"east": { "texture": "#metal", "uv": [ 4.5, 5.0, 5.5, 7.0 ], "autoUv": false },
						"south": { "texture": "#metal", "uv": [ 4.0, 2.0, 4.5, 4.0 ], "autoUv": false },
						"west": { "texture": "#metal", "uv": [ 5.0, 2.5, 6.0, 4.5 ], "autoUv": false },
						"up": { "texture": "#metal", "uv": [ 5.0, 3.5, 6.0, 4.0 ], "rotation": 90, "autoUv": false },
						"down": { "texture": "#metal", "uv": [ 2.5, 5.5, 3.5, 6.0 ], "rotation": 90, "autoUv": false }
					},
					"children": [
						{
							"name": "pendantHorz",
							"from": [ 0.0075, 0.375, -0.375 ],
							"to": [ 0.4575, 1.125, 1.125 ],
							"rotationOrigin": [ 0.0, 0.3741, 0.0 ],
							"faces": {
								"north": { "texture": "#metal", "uv": [ 1.0, 3.0, 1.5, 4.0 ], "autoUv": false },
								"east": { "texture": "#metal", "uv": [ 4.0, 0.0, 6.0, 1.0 ], "autoUv": false },
								"south": { "texture": "#metal", "uv": [ 3.5, 0.5, 4.0, 1.5 ], "autoUv": false, "windMode": [-1,-1,-1,-1], "windData": [1,1,1,1] },
								"west": { "texture": "#metal", "uv": [ 3.5, 1.0, 5.5, 2.0 ], "autoUv": false },
								"up": { "texture": "#metal", "uv": [ 6.5, 1.5, 7.0, 3.5 ], "autoUv": false },
								"down": { "texture": "#metal", "uv": [ 4.5, 5.0, 5.0, 7.0 ], "autoUv": false }
							}
						},
						{
							"name": "gem",
							"from": [ -0.15, 0.375, 0.0 ],
							"to": [ 0.0, 1.125, 0.75 ],
							"rotationOrigin": [ -0.15, 0.375, 0.0 ],
							"faces": {
								"north": { "texture": "#gem", "uv": [ 1.0, 1.0, 1.5, 2.0 ], "autoUv": false },
								"east": { "texture": "#gem", "uv": [ 2.5, 2.5, 3.5, 3.5 ], "autoUv": false },
								"south": { "texture": "#gem", "uv": [ 2.0, 1.5, 2.5, 2.5 ], "autoUv": false },
								"west": { "texture": "#gem", "uv": [ 1.0, 2.5, 2.0, 3.5 ], "autoUv": false },
								"up": { "texture": "#gem", "uv": [ 1.0, 2.5, 1.5, 3.5 ], "autoUv": false },
								"down": { "texture": "#gem", "uv": [ 0.0, 1.0, 0.5, 2.0 ], "autoUv": false }
							}
						}
					]
				}
			]
		}
	]}