{
	"editor": {
		"backDropShape": "entity/humanoid/seraph",
		"collapsedPaths": "Root/origin,Root/bandN/toothR1,Root/bandN/toothL1",
		"allAngles": true,
		"entityTextureMode": false
	},
	"textureWidth": 16,
	"textureHeight": 16,
	"textureSizes": {
		"metal": [8,8],
		"chain": [8,4],
		"gem": [4,4]
	},
	"textures": {
	},
	"elements": [
		{
			"name": "origin",
			"stepParentName": "Neck",
			"from": [ 0.75, 1.5, 0.975 ],
			"to": [ 0.75, 1.5, 0.975 ],
			"rotationOrigin": [ 0.75, 1.5, 0.975 ],
			"rotationZ": -9.0,
			"faces": {
			},
			"children": [
				{
					"name": "Cube19",
					"from": [ -0.75, -0.525, -1.125 ],
					"to": [ 1.5, -0.15, -0.75 ],
					"rotationOrigin": [ -0.75, -0.525, -0.75 ],
					"rotationZ": 9.0,
					"faces": {
						"north": { "texture": "#chain", "uv": [ 0.5, 1.5, 3.5, 2.0 ], "autoUv": false },
						"east": { "texture": "#chain", "uv": [ 0.5, 2.0, 1.0, 2.5 ], "autoUv": false },
						"south": { "texture": "#chain", "uv": [ 4.5, 1.0, 7.5, 1.5 ], "autoUv": false },
						"west": { "texture": "#chain", "uv": [ 2.0, 2.0, 2.5, 2.5 ], "autoUv": false },
						"up": { "texture": "#chain", "uv": [ 3.0, 0.5, 6.0, 1.0 ], "autoUv": false },
						"down": { "texture": "#chain", "uv": [ 1.5, 1.5, 4.5, 2.0 ], "autoUv": false }
					}
				},
				{
					"name": "Cube3",
					"from": [ -0.75, -0.525, 1.05 ],
					"to": [ 1.5, -0.15, 1.425 ],
					"rotationOrigin": [ -0.75, -0.525, 1.05 ],
					"rotationZ": 9.0,
					"faces": {
						"north": { "texture": "#chain", "uv": [ 0.0, 2.0, 3.0, 2.5 ], "autoUv": false },
						"east": { "texture": "#chain", "uv": [ 6.5, 2.5, 7.0, 3.0 ], "autoUv": false },
						"south": { "texture": "#chain", "uv": [ 2.5, 0.5, 5.5, 1.0 ], "autoUv": false },
						"west": { "texture": "#chain", "uv": [ 5.0, 1.5, 5.5, 2.0 ], "autoUv": false },
						"up": { "texture": "#chain", "uv": [ 0.5, 0.5, 3.5, 1.0 ], "autoUv": false },
						"down": { "texture": "#chain", "uv": [ 3.5, 1.0, 6.5, 1.5 ], "autoUv": false }
					}
				},
				{
					"name": "Cube1",
					"from": [ -0.9, -0.6, -0.975 ],
					"to": [ -0.525, -0.15, 1.275 ],
					"rotationOrigin": [ -0.9, -0.6, -0.975 ],
					"faces": {
						"north": { "texture": "#chain", "uv": [ 6.5, 0.0, 7.0, 0.5 ], "autoUv": false },
						"east": { "texture": "#chain", "uv": [ 3.0, 2.0, 6.0, 2.5 ], "autoUv": false },
						"south": { "texture": "#chain", "uv": [ 5.0, 0.5, 5.5, 1.0 ], "autoUv": false },
						"west": { "texture": "#chain", "uv": [ 1.0, 2.0, 4.0, 2.5 ], "autoUv": false },
						"up": { "texture": "#chain", "uv": [ 3.0, 3.0, 6.0, 3.5 ], "rotation": 90, "autoUv": false },
						"down": { "texture": "#chain", "uv": [ 3.0, 1.5, 6.0, 2.0 ], "rotation": 90, "autoUv": false }
					}
				},
				{
					"name": "Cube5",
					"from": [ 1.275, -0.225, -1.05 ],
					"to": [ 1.65, 0.15, 1.35 ],
					"rotationOrigin": [ 1.275, -0.225, -1.05 ],
					"rotationZ": 9.0,
					"faces": {
						"north": { "texture": "#chain", "uv": [ 0.0, 1.0, 0.5, 1.5 ], "autoUv": false },
						"east": { "texture": "#chain", "uv": [ 3.0, 0.5, 6.0, 1.0 ], "autoUv": false },
						"south": { "texture": "#chain", "uv": [ 4.5, 0.5, 5.0, 1.0 ], "autoUv": false },
						"west": { "texture": "#chain", "uv": [ 3.0, 0.5, 6.0, 1.0 ], "autoUv": false },
						"up": { "texture": "#chain", "uv": [ 3.0, 0.0, 6.0, 0.5 ], "rotation": 90, "autoUv": false },
						"down": { "texture": "#chain", "uv": [ 2.0, 1.0, 5.0, 1.5 ], "rotation": 90, "autoUv": false }
					}
				}
			]
		},
		{
			"name": "hideme-chest",
			"stepParentName": "UpperTorso",
			"from": [ 0.9, 6.3, 3.525 ],
			"to": [ 0.9, 6.3, 3.525 ],
			"rotationOrigin": [ 0.0, 3.75, 2.325 ],
			"rotationZ": 4.0,
			"faces": {
			},
			"children": [
				{
					"name": "pendant",
					"from": [ -1.455, -4.86, -1.2 ],
					"to": [ -1.005, -3.735, -0.075 ],
					"rotationOrigin": [ -1.4585, -3.735, -1.2 ],
					"rotationX": 44.645,
					"rotationY": -2.35,
					"rotationZ": -2.39,
					"faces": {
						"north": { "texture": "#metal", "uv": [ 0.0, 0.0, 0.5, 1.5 ], "autoUv": false, "windMode": [-1,-1,-1,-1], "windData": [1,1,1,1] },
						"east": { "texture": "#metal", "uv": [ 0.5, 0.0, 2.0, 1.5 ], "autoUv": false },
						"south": { "texture": "#metal", "uv": [ 0.0, 0.0, 0.5, 1.5 ], "autoUv": false, "windMode": [-1,-1,-1,-1], "windData": [1,1,1,1] },
						"west": { "texture": "#metal", "uv": [ 3.5, 2.5, 5.0, 4.0 ], "autoUv": false, "windMode": [-1,-1,-1,-1], "windData": [1,1,1,1] },
						"up": { "texture": "#metal", "uv": [ 0.0, 0.0, 0.5, 1.5 ], "autoUv": false, "windMode": [-1,-1,-1,-1], "windData": [1,1,1,1] },
						"down": { "texture": "#metal", "uv": [ 0.0, 0.0, 0.5, 1.5 ], "autoUv": false, "windMode": [-1,-1,-1,-1], "windData": [1,1,1,1] }
					},
					"children": [
						{
							"name": "Cube11",
							"from": [ 0.0, 1.125, 0.0 ],
							"to": [ 0.45, 1.5, 0.75 ],
							"rotationOrigin": [ 0.0, 1.125, 0.0 ],
							"rotationZ": -10.0,
							"faces": {
								"north": { "texture": "#metal", "uv": [ 3.5, 0.0, 4.0, 0.5 ], "autoUv": false },
								"east": { "texture": "#metal", "uv": [ 0.5, 3.0, 1.5, 3.5 ], "autoUv": false },
								"south": { "texture": "#metal", "uv": [ 2.5, 2.5, 3.0, 3.0 ], "autoUv": false },
								"west": { "texture": "#metal", "uv": [ 6.0, 2.5, 7.0, 3.0 ], "autoUv": false },
								"up": { "texture": "#metal", "uv": [ 5.0, 2.5, 6.0, 3.0 ], "rotation": 90, "autoUv": false }
							}
						},
						{
							"name": "Cube13",
							"from": [ 0.0, 0.375, -0.375 ],
							"to": [ 0.45, 1.125, 0.0 ],
							"rotationOrigin": [ 0.0, 0.375, 0.0 ],
							"rotationY": -10.0,
							"faces": {
								"north": { "texture": "#metal", "uv": [ 1.5, 2.0, 2.0, 3.0 ], "autoUv": false },
								"east": { "texture": "#metal", "uv": [ 3.5, 0.0, 4.0, 1.0 ], "autoUv": false },
								"west": { "texture": "#metal", "uv": [ 6.0, 0.0, 6.5, 1.0 ], "autoUv": false },
								"up": { "texture": "#metal", "uv": [ 6.0, 1.0, 6.5, 1.5 ], "autoUv": false },
								"down": { "texture": "#metal", "uv": [ 3.5, 3.0, 4.0, 3.5 ], "autoUv": false }
							}
						},
						{
							"name": "gem",
							"from": [ -0.15, 0.375, 0.0 ],
							"to": [ 0.0, 1.125, 0.75 ],
							"rotationOrigin": [ -0.15, 0.375, 0.0 ],
							"faces": {
								"north": { "texture": "#gem", "uv": [ 0.0, 0.0, 0.5, 1.0 ], "autoUv": false },
								"south": { "texture": "#gem", "uv": [ 0.0, 0.0, 0.5, 1.0 ], "autoUv": false },
								"west": { "texture": "#gem", "uv": [ 0.0, 0.0, 1.0, 1.0 ], "autoUv": false },
								"up": { "texture": "#gem", "uv": [ 0.0, 0.0, 0.5, 1.0 ], "autoUv": false },
								"down": { "texture": "#gem", "uv": [ 0.0, 0.0, 0.5, 1.0 ], "autoUv": false }
							}
						}
					]
				},
				{
					"name": "Cube8",
					"from": [ -0.975, -2.7561, -0.525 ],
					"to": [ -0.15, -2.3811, -0.15 ],
					"rotationOrigin": [ -0.9988, -2.7561, -0.525 ],
					"rotationZ": 9.0,
					"faces": {
						"north": { "texture": "#chain", "uv": [ 3.0, 1.0, 4.0, 1.5 ], "autoUv": false },
						"east": { "texture": "#chain", "uv": [ 0.0, 0.5, 0.5, 1.0 ], "autoUv": false },
						"south": { "texture": "#chain", "uv": [ 2.0, 1.5, 3.0, 2.0 ], "autoUv": false },
						"west": { "texture": "#chain", "uv": [ 2.0, 1.0, 2.5, 1.5 ], "autoUv": false },
						"up": { "texture": "#chain", "uv": [ 1.0, 1.0, 2.0, 1.5 ], "autoUv": false },
						"down": { "texture": "#chain", "uv": [ 1.0, 0.5, 2.0, 1.0 ], "autoUv": false }
					},
					"children": [
						{
							"name": "Cube9",
							"from": [ -2.175, 0.075, 0.0 ],
							"to": [ -0.3, 0.45, 0.375 ],
							"rotationOrigin": [ -0.3, 0.45, 0.0 ],
							"rotationX": 20.0,
							"rotationZ": 80.0,
							"faces": {
								"north": { "texture": "#chain", "uv": [ 1.5, 0.0, 4.0, 0.5 ], "autoUv": false },
								"east": { "texture": "#chain", "uv": [ 3.0, 1.0, 3.5, 1.5 ], "autoUv": false },
								"south": { "texture": "#chain", "uv": [ 4.5, 1.0, 7.0, 1.5 ], "autoUv": false },
								"west": { "texture": "#chain", "uv": [ 5.0, 0.0, 5.5, 0.5 ], "autoUv": false },
								"up": { "texture": "#chain", "uv": [ 3.5, 1.5, 6.0, 2.0 ], "autoUv": false },
								"down": { "texture": "#chain", "uv": [ 3.5, 1.0, 6.0, 1.5 ], "autoUv": false }
							}
						}
					]
				},
				{
					"name": "Cube6",
					"from": [ -0.975, -2.7561, -2.25 ],
					"to": [ -0.15, -2.3811, -1.875 ],
					"rotationOrigin": [ -0.975, -2.7561, -1.875 ],
					"rotationZ": 9.0,
					"faces": {
						"north": { "texture": "#chain", "uv": [ 4.0, 1.5, 5.0, 2.0 ], "autoUv": false },
						"east": { "texture": "#chain", "uv": [ 3.0, 2.0, 3.5, 2.5 ], "autoUv": false },
						"south": { "texture": "#chain", "uv": [ 5.0, 0.5, 6.0, 1.0 ], "autoUv": false },
						"west": { "texture": "#chain", "uv": [ 0.0, 0.0, 0.5, 0.5 ], "autoUv": false },
						"up": { "texture": "#chain", "uv": [ 2.0, 0.0, 3.0, 0.5 ], "autoUv": false },
						"down": { "texture": "#chain", "uv": [ 5.0, 1.5, 6.0, 2.0 ], "autoUv": false }
					},
					"children": [
						{
							"name": "Cube7",
							"from": [ -2.175, 0.075, 0.0 ],
							"to": [ -0.3, 0.45, 0.375 ],
							"rotationOrigin": [ -0.3, 0.45, 0.375 ],
							"rotationX": -20.0,
							"rotationZ": 80.0,
							"faces": {
								"north": { "texture": "#chain", "uv": [ 2.5, 0.0, 5.0, 0.5 ], "autoUv": false },
								"east": { "texture": "#chain", "uv": [ 1.0, 0.0, 1.5, 0.5 ], "autoUv": false },
								"south": { "texture": "#chain", "uv": [ 4.5, 0.5, 7.0, 1.0 ], "autoUv": false },
								"west": { "texture": "#chain", "uv": [ 4.0, 2.5, 4.5, 3.0 ], "autoUv": false },
								"up": { "texture": "#chain", "uv": [ 3.5, 1.0, 6.0, 1.5 ], "autoUv": false },
								"down": { "texture": "#chain", "uv": [ 4.5, 1.5, 7.0, 2.0 ], "autoUv": false }
							}
						}
					]
				}
			]
		}
	]}