{
	"editor": {
		"collapsedPaths": "Root/bandN/toothR1,Root/bandN/toothL1",
		"allAngles": true,
		"entityTextureMode": true
	},
	"textureWidth": 24,
	"textureHeight": 8,
	"textureSizes": {
		"gloves": [24,8]
	},
	"textures": {
	},
	"elements": [
		{
			"name": "originL",
			"stepParentName": "LowerArmL",
			"from": [ 0.0, 0.0, 0.0 ],
			"to": [ 0.0, 0.0, 0.0 ],
			"uv": [ 999.0, 999.0 ],
			"faces": {
			},
			"children": [
				{
					"name": "GloveLN",
					"from": [ -0.075, 1.125, -0.075 ],
					"to": [ 1.8, 4.5, 0.075 ],
					"unwrapMode": 1,
					"autoUnwrap": false,
					"uv": [ 12.5, 1.0 ],
					"rotationOrigin": [ -0.075, 1.125, -0.075 ],
					"faces": {
						"north": { "texture": "#gloves", "uv": [ 13.5, 1.5, 15.375, 4.875 ] },
						"south": { "texture": "#gloves", "uv": [ 13.5, 1.5, 15.375, 4.875 ] },
						"up": { "texture": "#gloves", "uv": [ 13.5, 1.0, 15.375, 1.375 ], "rotation": 180, "windMode": [-1,-1,-1,-1] },
						"down": { "texture": "#gloves", "uv": [ 13.5, 6.0, 15.375, 6.375 ], "windMode": [-1,-1,-1,-1] }
					},
					"children": [
						{
							"name": "GloveLW",
							"from": [ 0.0, 0.0, 0.0 ],
							"to": [ 0.15, 3.375, 1.65 ],
							"unwrapMode": 4,
							"autoUnwrap": false,
							"uv": [ 15.0, 1.0 ],
							"faces": {
								"east": { "texture": "#gloves", "uv": [ 15.5, 1.5, 17.0, 4.875 ] },
								"west": { "texture": "#gloves", "uv": [ 15.5, 1.5, 17.0, 4.875 ] },
								"up": { "texture": "#gloves", "uv": [ 15.5, 1.0, 17.0, 1.375 ], "rotation": 90 },
								"down": { "texture": "#gloves", "uv": [ 15.5, 6.0, 17.0, 6.375 ], "rotation": 90 }
							}
						},
						{
							"name": "GloveLS",
							"from": [ 0.0, 0.0, 1.5 ],
							"to": [ 2.025, 3.375, 1.65 ],
							"unwrapMode": 3,
							"autoUnwrap": false,
							"uv": [ 17.5, 1.0 ],
							"rotationOrigin": [ 0.0, 0.0, 1.5 ],
							"faces": {
								"north": { "texture": "#gloves", "uv": [ 13.0, 1.5, 14.875, 4.875 ] },
								"south": { "texture": "#gloves", "uv": [ 17.5, 1.5, 19.375, 4.875 ] },
								"up": { "texture": "#gloves", "uv": [ 17.5, 1.0, 19.375, 1.375 ] },
								"down": { "texture": "#gloves", "uv": [ 17.5, 6.0, 19.375, 6.375 ], "rotation": 180 }
							}
						},
						{
							"name": "GloveLE",
							"from": [ 1.875, 0.0, 0.0 ],
							"to": [ 2.025, 3.375, 1.65 ],
							"unwrapMode": 2,
							"autoUnwrap": false,
							"uv": [ 20.0, 1.0 ],
							"rotationOrigin": [ 1.875, 0.0, 0.0 ],
							"faces": {
								"east": { "texture": "#gloves", "uv": [ 20.0, 1.5, 21.5, 4.875 ] },
								"west": { "texture": "#gloves", "uv": [ 20.0, 1.5, 21.5, 4.875 ] },
								"up": { "texture": "#gloves", "uv": [ 20.0, 1.0, 21.5, 1.375 ], "rotation": 270 },
								"down": { "texture": "#gloves", "uv": [ 20.0, 6.0, 21.5, 6.375 ], "rotation": 270 }
							}
						}
					]
				}
			]
		},
		{
			"name": "originR",
			"stepParentName": "LowerArmR",
			"from": [ 0.0, 0.0, 0.0 ],
			"to": [ 0.0, 0.0, 0.0 ],
			"uv": [ 999.0, 999.0 ],
			"faces": {
			},
			"children": [
				{
					"name": "GloveRN",
					"from": [ -0.075, 1.125, -0.075 ],
					"to": [ 1.8, 4.5, 0.075 ],
					"unwrapMode": 1,
					"autoUnwrap": false,
					"uv": [ 4.0, 1.0 ],
					"rotationOrigin": [ -0.075, 1.125, -0.075 ],
					"faces": {
						"north": { "texture": "#gloves", "uv": [ 4.0, 1.5, 6.5, 6.0 ], "autoUv": false },
						"south": { "texture": "#gloves", "uv": [ 8.5, 1.5, 11.0, 6.0 ], "autoUv": false },
						"up": { "texture": "#gloves", "uv": [ 4.0, 1.0, 6.5, 1.5 ], "rotation": 180, "autoUv": false },
						"down": { "texture": "#gloves", "uv": [ 4.0, 6.0, 6.5, 6.5 ], "autoUv": false }
					},
					"children": [
						{
							"name": "GloveRW",
							"from": [ 0.0, 0.0, 0.0 ],
							"to": [ 0.15, 3.375, 1.65 ],
							"unwrapMode": 4,
							"autoUnwrap": false,
							"uv": [ 2.0, 1.0 ],
							"faces": {
								"east": { "texture": "#gloves", "uv": [ 2.0, 1.5, 4.0, 6.0 ], "autoUv": false },
								"west": { "texture": "#gloves", "uv": [ 2.0, 1.5, 4.0, 6.0 ], "autoUv": false },
								"up": { "texture": "#gloves", "uv": [ 2.0, 1.0, 4.0, 1.5 ], "rotation": 90, "autoUv": false },
								"down": { "texture": "#gloves", "uv": [ 2.0, 6.0, 4.0, 6.5 ], "rotation": 90, "autoUv": false }
							}
						},
						{
							"name": "GloveRS",
							"from": [ 0.0, 0.0, 1.5 ],
							"to": [ 2.025, 3.375, 1.65 ],
							"unwrapMode": 3,
							"autoUnwrap": false,
							"uv": [ 8.5, 1.0 ],
							"rotationOrigin": [ 0.0, 0.0, 1.5 ],
							"faces": {
								"north": { "texture": "#gloves", "uv": [ 8.5, 1.5, 11.0, 6.0 ], "autoUv": false },
								"south": { "texture": "#gloves", "uv": [ 8.5, 1.5, 11.0, 6.0 ], "autoUv": false },
								"up": { "texture": "#gloves", "uv": [ 8.5, 1.0, 11.0, 1.5 ], "autoUv": false },
								"down": { "texture": "#gloves", "uv": [ 8.5, 6.0, 11.0, 6.5 ], "rotation": 180, "autoUv": false }
							}
						},
						{
							"name": "GloveRE",
							"from": [ 1.875, 0.0, 0.0 ],
							"to": [ 2.025, 3.375, 1.65 ],
							"unwrapMode": 2,
							"autoUnwrap": false,
							"uv": [ 6.5, 1.0 ],
							"rotationOrigin": [ 1.875, 0.0, 0.0 ],
							"faces": {
								"east": { "texture": "#gloves", "uv": [ 6.5, 1.5, 8.5, 6.0 ], "autoUv": false },
								"west": { "texture": "#gloves", "uv": [ 6.5, 1.5, 8.5, 6.0 ], "autoUv": false },
								"up": { "texture": "#gloves", "uv": [ 6.5, 1.0, 8.5, 1.5 ], "rotation": 270, "autoUv": false },
								"down": { "texture": "#gloves", "uv": [ 6.5, 6.0, 8.5, 6.5 ], "rotation": 270, "autoUv": false }
							}
						}
					]
				}
			]
		}
	]}