{
	"editor": {
		"backDropShape": "entity/humanoid/seraph",
		"collapsedPaths": "Root/bandN/toothR1,Root/bandN/toothL1",
		"allAngles": true,
		"entityTextureMode": true
	},
	"textureWidth": 24,
	"textureHeight": 16,
	"textureSizes": {
		"gloves": [24,16]
	},
	"textures": {
	},
	"elements": [
		{
			"name": "BackGloveL",
			"stepParentName": "UpperArmL",
			"from": [ -0.0075, -0.0075, -0.0075 ],
			"to": [ 2.2575, 0.7425, 1.5075 ],
			"unwrapMode": 4,
			"uv": [ 12.5, 1.0 ],
			"rotationOrigin": [ -0.0075, -0.0075, -0.0075 ],
			"faces": {
				"north": { "texture": "#gloves", "uv": [ 12.5, 1.0, 15.5, 2.0 ], "autoUv": false },
				"east": { "texture": "#gloves", "uv": [ 20.5, 1.0, 22.5, 2.0 ], "autoUv": false },
				"south": { "texture": "#gloves", "uv": [ 17.5, 1.0, 20.5, 2.0 ], "autoUv": false },
				"west": { "texture": "#gloves", "uv": [ 15.5, 1.0, 17.5, 2.0 ], "autoUv": false },
				"down": { "texture": "#gloves", "uv": [ 15.5, 2.0, 17.5, 5.0 ], "rotation": 90, "autoUv": false }
			}
		},
		{
			"name": "BackGloveR",
			"stepParentName": "UpperArmR",
			"from": [ -0.0075, -0.0075, -0.0075 ],
			"to": [ 2.2575, 0.7425, 1.5075 ],
			"unwrapMode": 4,
			"uv": [ 1.5, 1.0 ],
			"rotationOrigin": [ -0.0075, -0.0075, -0.0075 ],
			"faces": {
				"north": { "texture": "#gloves", "uv": [ 1.5, 1.0, 4.5, 2.0 ], "autoUv": false },
				"east": { "texture": "#gloves", "uv": [ 9.5, 1.0, 11.5, 2.0 ], "autoUv": false },
				"south": { "texture": "#gloves", "uv": [ 6.5, 1.0, 9.5, 2.0 ], "autoUv": false },
				"west": { "texture": "#gloves", "uv": [ 4.5, 1.0, 6.5, 2.0 ], "autoUv": false },
				"down": { "texture": "#gloves", "uv": [ 4.5, 2.0, 6.5, 5.0 ], "rotation": 90, "autoUv": false }
			}
		},
		{
			"name": "ForegloveLeft",
			"stepParentName": "LowerArmL",
			"from": [ -0.0075, -0.0075, -0.0075 ],
			"to": [ 1.8825, 6.0075, 1.5075 ],
			"unwrapMode": 4,
			"uv": [ 13.0, 2.5 ],
			"rotationOrigin": [ -0.0075, -0.0075, -0.0075 ],
			"faces": {
				"north": { "texture": "#gloves", "uv": [ 13.0, 5.0, 15.5, 13.0 ], "autoUv": false },
				"east": { "texture": "#gloves", "uv": [ 20.0, 5.0, 22.0, 13.0 ], "autoUv": false },
				"south": { "texture": "#gloves", "uv": [ 17.5, 5.0, 20.0, 13.0 ], "autoUv": false },
				"west": { "texture": "#gloves", "uv": [ 15.5, 5.0, 17.5, 13.0 ], "autoUv": false },
				"up": { "texture": "#gloves", "uv": [ 15.5, 2.5, 17.5, 5.0 ], "rotation": 90, "autoUv": false, "windMode": [-1,-1,-1,-1], "windData": [1,1,1,1] },
				"down": { "texture": "#gloves", "uv": [ 15.5, 13.0, 17.5, 15.5 ], "rotation": 90, "autoUv": false }
			}
		},
		{
			"name": "ForegloveRight",
			"stepParentName": "LowerArmR",
			"from": [ -0.0075, -0.0075, -0.0075 ],
			"to": [ 1.8825, 6.0075, 1.5075 ],
			"unwrapMode": 4,
			"uv": [ 2.0, 2.5 ],
			"rotationOrigin": [ -0.0075, -0.0075, -0.0075 ],
			"faces": {
				"north": { "texture": "#gloves", "uv": [ 2.0, 5.0, 4.5, 13.0 ], "autoUv": false },
				"east": { "texture": "#gloves", "uv": [ 9.0, 5.0, 11.0, 13.0 ], "autoUv": false },
				"south": { "texture": "#gloves", "uv": [ 6.5, 5.0, 9.0, 13.0 ], "autoUv": false },
				"west": { "texture": "#gloves", "uv": [ 4.5, 5.0, 6.5, 13.0 ], "autoUv": false },
				"up": { "texture": "#gloves", "uv": [ 4.5, 2.5, 6.5, 5.0 ], "rotation": 90, "autoUv": false, "windMode": [-1,-1,-1,-1], "windData": [1,1,1,1] },
				"down": { "texture": "#gloves", "uv": [ 4.5, 13.0, 6.5, 15.5 ], "rotation": 90, "autoUv": false }
			}
		}
	]}