{
	"editor": {
		"backDropShape": "entity/humanoid/seraph",
		"allAngles": true,
		"entityTextureMode": true
	},
	"textureWidth": 16,
	"textureHeight": 16,
	"textureSizes": {
		"gloves1": [16,16]
	},
	"textures": {
	},
	"elements": [
		{
			"name": "gloveR",
			"stepParentName": "LowerArmL",
			"from": [ 0.0, 0.0, 0.0 ],
			"to": [ 0.0, 0.0, 0.0 ],
			"uv": [ 999.0, 999.0 ],
			"faces": {
			},
			"children": [
				{
					"name": "Right",
					"from": [ -0.0075, -0.0075, -0.0075 ],
					"to": [ 1.8825, 1.1175, 1.5075 ],
					"autoUnwrap": false,
					"uv": [ 0.0, 12.0 ],
					"rotationOrigin": [ -0.0075, -0.0075, -0.0075 ],
					"faces": {
						"north": { "texture": "#gloves1", "uv": [ 0.0, 5.0, 2.5, 6.5 ], "autoUv": false },
						"east": { "texture": "#gloves1", "uv": [ 2.5, 5.0, 4.5, 6.5 ], "autoUv": false },
						"south": { "texture": "#gloves1", "uv": [ 4.5, 5.0, 7.0, 6.5 ], "autoUv": false },
						"west": { "texture": "#gloves1", "uv": [ 7.0, 5.0, 9.0, 6.5 ], "autoUv": false },
						"up": { "texture": "#gloves1", "uv": [ 13.5, 0.0, 16.0, 2.0 ], "autoUv": false },
						"down": { "texture": "#gloves1", "uv": [ 9.0, 0.0, 11.0, 2.5 ], "rotation": 90, "autoUv": false }
					},
					"children": [
						{
							"name": "HIDEFRILL-R",
							"from": [ 1.5, 1.125, 0.75 ],
							"to": [ 1.5, 1.125, 0.75 ],
							"uv": [ 0.0, 0.0 ],
							"rotationOrigin": [ 1.5, 1.125, 0.75 ],
							"faces": {
							},
							"children": [
								{
									"name": "FrillSR",
									"from": [ -1.5, 0.0, 0.765 ],
									"to": [ 0.39, 0.375, 0.765 ],
									"uv": [ 4.5, 4.5 ],
									"rotationOrigin": [ -0.45, 0.0, 0.75 ],
									"rotationX": 10.0,
									"faces": {
										"south": { "texture": "#gloves1", "uv": [ 4.5, 4.5, 7.0, 5.0 ], "autoUv": false, "windMode": [-1,-1,-1,-1] }
									}
								},
								{
									"name": "FrillNR",
									"from": [ -1.5, 0.0, -0.75 ],
									"to": [ 0.39, 0.375, -0.75 ],
									"uv": [ 0.0, 4.5 ],
									"rotationOrigin": [ -0.45, 0.0, -0.75 ],
									"rotationX": -10.0,
									"faces": {
										"north": { "texture": "#gloves1", "uv": [ 0.0, 4.5, 2.5, 5.0 ], "autoUv": false, "windMode": [-1,-1,-1,-1] }
									}
								},
								{
									"name": "FrillWR",
									"from": [ -1.5, 0.0, -0.75 ],
									"to": [ -1.5, 0.375, 0.765 ],
									"uv": [ 7.0, 4.5 ],
									"rotationOrigin": [ -1.5, 0.0, 0.0 ],
									"rotationZ": 10.0,
									"faces": {
										"west": { "texture": "#gloves1", "uv": [ 7.0, 4.5, 9.0, 5.0 ], "autoUv": false, "windMode": [-1,-1,-1,-1] }
									}
								},
								{
									"name": "FrillER",
									"from": [ 0.39, 0.0, -0.75 ],
									"to": [ 0.39, 0.375, 0.765 ],
									"uv": [ 2.5, 4.5 ],
									"rotationOrigin": [ 0.375, 0.0, 0.0 ],
									"rotationZ": -10.0,
									"faces": {
										"east": { "texture": "#gloves1", "uv": [ 2.5, 4.5, 4.5, 5.0 ], "autoUv": false, "windMode": [-1,-1,-1,-1] }
									}
								}
							]
						}
					]
				}
			]
		},
		{
			"name": "gloveL",
			"stepParentName": "LowerArmR",
			"from": [ 0.0, 0.0, 0.0 ],
			"to": [ 0.0, 0.0, 0.0 ],
			"uv": [ 999.0, 999.0 ],
			"faces": {
			},
			"children": [
				{
					"name": "Left",
					"from": [ -0.0075, -0.0075, -0.0075 ],
					"to": [ 1.8825, 1.1175, 1.5075 ],
					"autoUnwrap": false,
					"uv": [ 0.0, 8.0 ],
					"rotationOrigin": [ -0.0075, -0.0075, -0.0075 ],
					"faces": {
						"north": { "texture": "#gloves1", "uv": [ 2.0, 6.5, 4.5, 8.0 ], "autoUv": false },
						"east": { "texture": "#gloves1", "uv": [ 0.0, 6.5, 2.0, 8.0 ], "autoUv": false },
						"south": { "texture": "#gloves1", "uv": [ 6.5, 6.5, 9.0, 8.0 ], "autoUv": false },
						"west": { "texture": "#gloves1", "uv": [ 4.5, 6.5, 6.5, 8.0 ], "autoUv": false },
						"up": { "texture": "#gloves1", "uv": [ 11.0, 0.0, 13.5, 2.0 ], "autoUv": false },
						"down": { "texture": "#gloves1", "uv": [ 9.0, 2.5, 11.0, 5.0 ], "rotation": 90, "autoUv": false }
					},
					"children": [
						{
							"name": "HIDEFRILL-L",
							"from": [ 0.75, 1.125, 0.75 ],
							"to": [ 0.75, 1.125, 0.75 ],
							"uv": [ 0.0, 0.0 ],
							"rotationOrigin": [ 0.75, 1.125, 0.75 ],
							"faces": {
							},
							"children": [
								{
									"name": "FrillSL",
									"from": [ -0.75, 0.0, 0.765 ],
									"to": [ 1.14, 0.375, 0.765 ],
									"uv": [ 13.5, 4.0 ],
									"rotationOrigin": [ -0.75, 0.0, 0.75 ],
									"rotationX": 10.0,
									"faces": {
										"south": { "texture": "#gloves1", "uv": [ 13.5, 4.0, 16.0, 4.5 ], "autoUv": false, "windMode": [-1,-1,-1,-1] }
									}
								},
								{
									"name": "FrillNL",
									"from": [ -0.75, 0.0, -0.75 ],
									"to": [ 1.14, 0.375, -0.75 ],
									"uv": [ 13.5, 4.5 ],
									"rotationOrigin": [ -0.75, 0.0, -0.75 ],
									"rotationX": -10.0,
									"faces": {
										"north": { "texture": "#gloves1", "uv": [ 13.5, 4.5, 16.0, 5.0 ], "autoUv": false, "windMode": [-1,-1,-1,-1] }
									}
								},
								{
									"name": "FrillWL",
									"from": [ -0.75, 0.0, -0.75 ],
									"to": [ -0.75, 0.375, 0.765 ],
									"uv": [ 11.5, 4.0 ],
									"rotationOrigin": [ -0.75, 0.0, 0.0 ],
									"rotationZ": 10.0,
									"faces": {
										"west": { "texture": "#gloves1", "uv": [ 11.5, 4.0, 13.5, 4.5 ], "autoUv": false, "windMode": [-1,-1,-1,-1] }
									}
								},
								{
									"name": "FrillEL",
									"from": [ 1.14, 0.0, -0.75 ],
									"to": [ 1.14, 0.375, 0.765 ],
									"uv": [ 12.0, 4.5 ],
									"rotationOrigin": [ 1.125, 0.0, 0.0 ],
									"rotationZ": -10.0,
									"faces": {
										"east": { "texture": "#gloves1", "uv": [ 12.0, 4.5, 14.0, 5.0 ], "autoUv": false, "windMode": [-1,-1,-1,-1] }
									}
								}
							]
						}
					]
				}
			]
		}
	]}