{
	"editor": {
		"collapsedPaths": "Root/Frond Base 1/Frond Stem 1",
		"allAngles": false,
		"entityTextureMode": false
	},
	"textureWidth": 12,
	"textureHeight": 16,
	"textureSizes": {
		"equisetummyriochaetum": [12,16]
	},
	"textures": {
	},
	"elements": [
		{
			"name": "Base stalk 1",
			"from": [ 8.0, 0.0, 7.0 ],
			"to": [ 9.0, 12.0, 8.0 ],
			"shade": false,
			"rotationOrigin": [ 8.0, 0.0, 7.0 ],
			"faces": {
				"north": { "texture": "#equisetummyriochaetum", "uv": [ 0.0, 0.0, 1.0, 12.0 ], "windMode": [0,5,5,0] },
				"east": { "texture": "#equisetummyriochaetum", "uv": [ 1.0, 0.0, 2.0, 12.0 ], "windMode": [0,5,5,0] },
				"south": { "texture": "#equisetummyriochaetum", "uv": [ 0.0, 0.0, 1.0, 12.0 ], "windMode": [0,0,5,5] },
				"west": { "texture": "#equisetummyriochaetum", "uv": [ 1.0, 0.0, 2.0, 12.0 ], "windMode": [0,0,5,5] },
				"up": { "texture": "#equisetummyriochaetum", "uv": [ 0.0, 0.0, 1.0, 1.0 ], "windMode": [5,5,5,5] },
				"down": { "texture": "#equisetummyriochaetum", "uv": [ 0.0, 0.0, 1.0, 1.0 ], "windMode": [0,0,0,0] }
			},
			"children": [
				{
					"name": "Base fronds A 1",
					"from": [ 0.5, 0.0, -3.5 ],
					"to": [ 0.5, 12.0, 4.5 ],
					"shade": false,
					"renderPass": 1,
					"rotationOrigin": [ 0.5, 0.0, 0.5 ],
					"faces": {
						"east": { "texture": "#equisetummyriochaetum", "uv": [ 4.0, 0.0, 12.0, 12.0 ], "rotation": 180, "windMode": [0,5,5,0] }
					}
				},
				{
					"name": "Base fronds B 1",
					"from": [ 0.5, 0.0, -3.5 ],
					"to": [ 0.5, 12.0, 4.5 ],
					"shade": false,
					"renderPass": 1,
					"rotationOrigin": [ 0.5, 0.0, 0.5 ],
					"rotationY": 45.0,
					"faces": {
						"east": { "texture": "#equisetummyriochaetum", "uv": [ 4.0, 0.0, 12.0, 12.0 ], "windMode": [0,5,5,0] }
					}
				},
				{
					"name": "Base fronds C 1",
					"from": [ 0.5, 0.0, -3.5 ],
					"to": [ 0.5, 12.0, 4.5 ],
					"shade": false,
					"renderPass": 1,
					"rotationOrigin": [ 0.5, 0.0, 0.5 ],
					"rotationY": 90.0,
					"faces": {
						"east": { "texture": "#equisetummyriochaetum", "uv": [ 4.0, 0.0, 12.0, 12.0 ], "rotation": 180, "windMode": [0,5,5,0] }
					}
				},
				{
					"name": "Base fronds D 1",
					"from": [ 0.5, 0.0, -3.5 ],
					"to": [ 0.5, 12.0, 4.5 ],
					"shade": false,
					"renderPass": 1,
					"rotationOrigin": [ 0.5, 0.0, 0.5 ],
					"rotationY": 135.0,
					"faces": {
						"east": { "texture": "#equisetummyriochaetum", "uv": [ 4.0, 0.0, 12.0, 12.0 ], "windMode": [0,5,5,0] }
					}
				},
				{
					"name": "Second stalk 1",
					"from": [ 0.0, 12.0, 0.0 ],
					"to": [ 1.0, 24.0, 1.0 ],
					"shade": false,
					"rotationOrigin": [ 0.5, 12.0, 0.5 ],
					"rotationY": 15.0,
					"faces": {
						"north": { "texture": "#equisetummyriochaetum", "uv": [ 0.0, 0.0, 1.0, 12.0 ], "windMode": [5,5,5,5], "windData": [0,1,1,0] },
						"east": { "texture": "#equisetummyriochaetum", "uv": [ 1.0, 0.0, 2.0, 12.0 ], "windMode": [5,5,5,5], "windData": [0,1,1,0] },
						"south": { "texture": "#equisetummyriochaetum", "uv": [ 0.0, 0.0, 1.0, 12.0 ], "windMode": [5,5,5,5], "windData": [0,0,1,1] },
						"west": { "texture": "#equisetummyriochaetum", "uv": [ 1.0, 0.0, 2.0, 12.0 ], "windMode": [5,5,5,5], "windData": [0,0,1,1] },
						"up": { "texture": "#equisetummyriochaetum", "uv": [ 0.0, 0.0, 1.0, 1.0 ], "windMode": [5,5,5,5], "windData": [1,1,1,1] },
						"down": { "texture": "#equisetummyriochaetum", "uv": [ 0.0, 0.0, 1.0, 1.0 ], "windMode": [5,5,5,5] }
					},
					"children": [
						{
							"name": "Second fronds A 1",
							"from": [ 0.5, 0.0, -3.5 ],
							"to": [ 0.5, 12.0, 4.5 ],
							"shade": false,
							"renderPass": 1,
							"rotationOrigin": [ 0.5, 0.0, 0.5 ],
							"faces": {
								"east": { "texture": "#equisetummyriochaetum", "uv": [ 4.0, 0.0, 12.0, 12.0 ], "rotation": 180, "windMode": [5,5,5,5], "windData": [0,1,1,0] }
							}
						},
						{
							"name": "Second fronds B 1",
							"from": [ 0.5, 0.0, -3.5 ],
							"to": [ 0.5, 12.0, 4.5 ],
							"shade": false,
							"renderPass": 1,
							"rotationOrigin": [ 0.5, 0.0, 0.5 ],
							"rotationY": 45.0,
							"faces": {
								"east": { "texture": "#equisetummyriochaetum", "uv": [ 4.0, 0.0, 12.0, 12.0 ], "windMode": [5,5,5,5], "windData": [0,1,1,0] }
							}
						},
						{
							"name": "Second fronds C 1",
							"from": [ 0.5, 0.0, -3.5 ],
							"to": [ 0.5, 12.0, 4.5 ],
							"shade": false,
							"renderPass": 1,
							"rotationOrigin": [ 0.5, 0.0, 0.5 ],
							"rotationY": 90.0,
							"faces": {
								"east": { "texture": "#equisetummyriochaetum", "uv": [ 4.0, 0.0, 12.0, 12.0 ], "rotation": 180, "windMode": [5,5,5,5], "windData": [0,1,1,0] }
							}
						},
						{
							"name": "Second fronds D 1",
							"from": [ 0.5, 0.0, -3.5 ],
							"to": [ 0.5, 12.0, 4.5 ],
							"shade": false,
							"renderPass": 1,
							"rotationOrigin": [ 0.5, 0.0, 0.5 ],
							"rotationY": 135.0,
							"faces": {
								"east": { "texture": "#equisetummyriochaetum", "uv": [ 4.0, 0.0, 12.0, 12.0 ], "windMode": [5,5,5,5], "windData": [0,1,1,0] }
							}
						},
						{
							"name": "Third stalk 1",
							"from": [ 0.0, 12.0, 0.0 ],
							"to": [ 1.0, 28.0, 1.0 ],
							"shade": false,
							"rotationOrigin": [ 0.5, 12.0, 0.5 ],
							"rotationY": -22.0,
							"faces": {
								"north": { "texture": "#equisetummyriochaetum", "uv": [ 0.0, 0.0, 1.0, 16.0 ], "windMode": [5,5,5,5], "windData": [1,2,2,1] },
								"east": { "texture": "#equisetummyriochaetum", "uv": [ 1.0, 0.0, 2.0, 16.0 ], "windMode": [5,5,5,5], "windData": [1,2,2,1] },
								"south": { "texture": "#equisetummyriochaetum", "uv": [ 0.0, 0.0, 1.0, 16.0 ], "windMode": [5,5,5,5], "windData": [1,1,2,2] },
								"west": { "texture": "#equisetummyriochaetum", "uv": [ 1.0, 0.0, 2.0, 16.0 ], "windMode": [5,5,5,5], "windData": [1,1,2,2] },
								"up": { "texture": "#equisetummyriochaetum", "uv": [ 0.0, 0.0, 1.0, 1.0 ], "windMode": [5,5,5,5], "windData": [2,2,2,2] },
								"down": { "texture": "#equisetummyriochaetum", "uv": [ 0.0, 0.0, 1.0, 1.0 ], "windMode": [5,5,5,5], "windData": [1,1,1,1] }
							},
							"children": [
								{
									"name": "Third fronds A 1",
									"from": [ 0.5, 0.0, -3.5 ],
									"to": [ 0.5, 16.0, 4.5 ],
									"shade": false,
									"renderPass": 1,
									"rotationOrigin": [ 0.5, 0.0, 0.5 ],
									"faces": {
										"east": { "texture": "#equisetummyriochaetum", "uv": [ 4.0, 0.0, 12.0, 16.0 ], "windMode": [5,5,5,5], "windData": [1,2,2,1] }
									}
								},
								{
									"name": "Third fronds B 1",
									"from": [ 0.5, 0.0, -3.5 ],
									"to": [ 0.5, 16.0, 4.5 ],
									"shade": false,
									"renderPass": 1,
									"rotationOrigin": [ 0.5, 0.0, 0.5 ],
									"rotationY": 45.0,
									"faces": {
										"east": { "texture": "#equisetummyriochaetum", "uv": [ 4.0, 0.0, 12.0, 16.0 ], "rotation": 180, "windMode": [5,5,5,5], "windData": [1,2,2,1] }
									}
								},
								{
									"name": "Third fronds C 1",
									"from": [ 0.5, 0.0, -3.5 ],
									"to": [ 0.5, 16.0, 4.5 ],
									"shade": false,
									"renderPass": 1,
									"rotationOrigin": [ 0.5, 0.0, 0.5 ],
									"rotationY": 90.0,
									"faces": {
										"east": { "texture": "#equisetummyriochaetum", "uv": [ 4.0, 0.0, 12.0, 16.0 ], "windMode": [5,5,5,5], "windData": [1,2,2,1] }
									}
								},
								{
									"name": "Third fronds D 1",
									"from": [ 0.5, 0.0, -3.5 ],
									"to": [ 0.5, 16.0, 4.5 ],
									"shade": false,
									"renderPass": 1,
									"rotationOrigin": [ 0.5, 0.0, 0.5 ],
									"rotationY": 135.0,
									"faces": {
										"east": { "texture": "#equisetummyriochaetum", "uv": [ 4.0, 0.0, 12.0, 16.0 ], "rotation": 180, "windMode": [5,5,5,5], "windData": [1,2,2,1] }
									}
								},
								{
									"name": "Fourth stalk 1",
									"from": [ 0.0, 16.0, 0.0 ],
									"to": [ 1.0, 32.0, 1.0 ],
									"shade": false,
									"rotationOrigin": [ 0.5, 16.0, 0.5 ],
									"rotationY": 12.0,
									"faces": {
										"north": { "texture": "#equisetummyriochaetum", "uv": [ 0.0, 0.0, 1.0, 16.0 ], "windMode": [5,5,5,5], "windData": [2,3,3,2] },
										"east": { "texture": "#equisetummyriochaetum", "uv": [ 1.0, 0.0, 2.0, 16.0 ], "windMode": [5,5,5,5], "windData": [2,3,3,2] },
										"south": { "texture": "#equisetummyriochaetum", "uv": [ 0.0, 0.0, 1.0, 16.0 ], "windMode": [5,5,5,5], "windData": [2,2,3,3] },
										"west": { "texture": "#equisetummyriochaetum", "uv": [ 1.0, 0.0, 2.0, 16.0 ], "windMode": [5,5,5,5], "windData": [2,2,3,3] },
										"up": { "texture": "#equisetummyriochaetum", "uv": [ 0.0, 0.0, 1.0, 1.0 ], "windMode": [5,5,5,5], "windData": [3,3,3,3] },
										"down": { "texture": "#equisetummyriochaetum", "uv": [ 0.0, 0.0, 1.0, 1.0 ], "windMode": [5,5,5,5], "windData": [2,2,2,2] }
									},
									"children": [
										{
											"name": "Fourth fronds A 1",
											"from": [ 0.5, 0.0, -3.5 ],
											"to": [ 0.5, 16.0, 4.5 ],
											"shade": false,
											"renderPass": 1,
											"rotationOrigin": [ 0.5, 0.0, 0.5 ],
											"faces": {
												"east": { "texture": "#equisetummyriochaetum", "uv": [ 4.0, 0.0, 12.0, 16.0 ], "rotation": 180, "windMode": [5,5,5,5], "windData": [2,3,3,2] }
											}
										},
										{
											"name": "Fourth fronds B 1",
											"from": [ 0.5, 0.0, -3.5 ],
											"to": [ 0.5, 16.0, 4.5 ],
											"shade": false,
											"renderPass": 1,
											"rotationOrigin": [ 0.5, 0.0, 0.5 ],
											"rotationY": 45.0,
											"faces": {
												"east": { "texture": "#equisetummyriochaetum", "uv": [ 4.0, 0.0, 12.0, 16.0 ], "windMode": [5,5,5,5], "windData": [2,3,3,2] }
											}
										},
										{
											"name": "Fourth fronds C 1",
											"from": [ 0.5, 0.0, -3.5 ],
											"to": [ 0.5, 16.0, 4.5 ],
											"shade": false,
											"renderPass": 1,
											"rotationOrigin": [ 0.5, 0.0, 0.5 ],
											"rotationY": 90.0,
											"faces": {
												"east": { "texture": "#equisetummyriochaetum", "uv": [ 4.0, 0.0, 12.0, 16.0 ], "rotation": 180, "windMode": [5,5,5,5], "windData": [2,3,3,2] }
											}
										},
										{
											"name": "Fourth fronds D 1",
											"from": [ 0.5, 0.0, -3.5 ],
											"to": [ 0.5, 16.0, 4.5 ],
											"shade": false,
											"renderPass": 1,
											"rotationOrigin": [ 0.5, 0.0, 0.5 ],
											"rotationY": 135.0,
											"faces": {
												"east": { "texture": "#equisetummyriochaetum", "uv": [ 4.0, 0.0, 12.0, 16.0 ], "windMode": [5,5,5,5], "windData": [2,3,3,2] }
											}
										},
										{
											"name": "Final stalk 1",
											"from": [ 0.0, 16.0, 0.0 ],
											"to": [ 1.0, 24.0, 1.0 ],
											"shade": false,
											"rotationOrigin": [ 0.5, 16.0, 0.5 ],
											"rotationY": 8.0,
											"faces": {
												"north": { "texture": "#equisetummyriochaetum", "uv": [ 2.0, 0.0, 3.0, 8.0 ], "windMode": [5,5,5,5], "windData": [3,4,4,3] },
												"east": { "texture": "#equisetummyriochaetum", "uv": [ 3.0, 0.0, 4.0, 8.0 ], "windMode": [5,5,5,5], "windData": [3,4,4,3] },
												"south": { "texture": "#equisetummyriochaetum", "uv": [ 2.0, 0.0, 3.0, 8.0 ], "windMode": [5,5,5,5], "windData": [3,3,4,4] },
												"west": { "texture": "#equisetummyriochaetum", "uv": [ 3.0, 0.0, 4.0, 8.0 ], "windMode": [5,5,5,5], "windData": [3,3,4,4] },
												"up": { "texture": "#equisetummyriochaetum", "uv": [ 2.5, 0.0, 3.5, 1.0 ], "windMode": [5,5,5,5], "windData": [4,4,4,4] },
												"down": { "texture": "#equisetummyriochaetum", "uv": [ 2.5, 0.0, 3.5, 1.0 ], "windMode": [5,5,5,5], "windData": [3,3,3,3] }
											},
											"children": [
												{
													"name": "Final fronds A 1",
													"from": [ 0.5, 0.0, -2.5 ],
													"to": [ 0.5, 8.0, 3.5 ],
													"shade": false,
													"renderPass": 1,
													"rotationOrigin": [ 0.5, 0.0, 0.5 ],
													"faces": {
														"east": { "texture": "#equisetummyriochaetum", "uv": [ 4.0, 0.0, 12.0, 16.0 ], "autoUv": false, "windMode": [5,5,5,5], "windData": [3,4,4,3] }
													}
												},
												{
													"name": "Final fronds B 1",
													"from": [ 0.5, 0.0, -2.5 ],
													"to": [ 0.5, 8.0, 3.5 ],
													"shade": false,
													"renderPass": 1,
													"rotationOrigin": [ 0.5, 0.0, 0.5 ],
													"rotationY": 45.0,
													"faces": {
														"east": { "texture": "#equisetummyriochaetum", "uv": [ 4.0, 0.0, 12.0, 16.0 ], "rotation": 180, "autoUv": false, "windMode": [5,5,5,5], "windData": [3,4,4,3] }
													}
												},
												{
													"name": "Final fronds C 1",
													"from": [ 0.5, 0.0, -2.5 ],
													"to": [ 0.5, 8.0, 3.5 ],
													"shade": false,
													"renderPass": 1,
													"rotationOrigin": [ 0.5, 0.0, 0.5 ],
													"rotationY": 90.0,
													"faces": {
														"east": { "texture": "#equisetummyriochaetum", "uv": [ 4.0, 0.0, 12.0, 16.0 ], "autoUv": false, "windMode": [5,5,5,5], "windData": [3,4,4,3] }
													}
												},
												{
													"name": "Final fronds D 1",
													"from": [ 0.5, 0.0, -2.5 ],
													"to": [ 0.5, 8.0, 3.5 ],
													"shade": false,
													"renderPass": 1,
													"rotationOrigin": [ 0.5, 0.0, 0.5 ],
													"rotationY": 135.0,
													"faces": {
														"east": { "texture": "#equisetummyriochaetum", "uv": [ 4.0, 0.0, 12.0, 16.0 ], "rotation": 180, "autoUv": false, "windMode": [5,5,5,5], "windData": [3,4,4,3] }
													}
												},
												{
													"name": "Tip",
													"from": [ 0.2, 8.0, 0.2 ],
													"to": [ 0.8, 9.6, 0.8 ],
													"shade": false,
													"rotationOrigin": [ 0.2, 8.0, 0.2 ],
													"rotationZ": -4.0,
													"faces": {
														"north": { "texture": "#equisetummyriochaetum", "uv": [ 2.5, 0.0, 3.0, 1.5 ], "windMode": [5,5,5,5], "windData": [4,4,4,3] },
														"east": { "texture": "#equisetummyriochaetum", "uv": [ 3.0, 0.0, 3.5, 1.5 ], "windMode": [5,5,5,5], "windData": [3,4,4,3] },
														"south": { "texture": "#equisetummyriochaetum", "uv": [ 3.5, 0.0, 4.0, 1.5 ], "windMode": [5,5,5,5], "windData": [4,3,4,4] },
														"west": { "texture": "#equisetummyriochaetum", "uv": [ 2.0, 0.0, 2.5, 1.5 ], "windMode": [5,5,5,5], "windData": [4,4,4,4] },
														"up": { "texture": "#equisetummyriochaetum", "uv": [ 3.0, 0.0, 3.5, 0.5 ], "windMode": [5,5,5,5], "windData": [4,4,4,4] }
													}
												}
											]
										}
									]
								}
							]
						}
					]
				}
			]
		},
		{
			"name": "Base stalk 2",
			"from": [ 14.0, 0.0, 13.0 ],
			"to": [ 15.0, 16.0, 14.0 ],
			"shade": false,
			"rotationOrigin": [ 14.0, 0.0, 13.0 ],
			"rotationY": 45.0,
			"faces": {
				"north": { "texture": "#equisetummyriochaetum", "uv": [ 0.0, 0.0, 1.0, 16.0 ], "windMode": [0,5,5,0], "windData": [0,1,1,0] },
				"east": { "texture": "#equisetummyriochaetum", "uv": [ 1.0, 0.0, 2.0, 16.0 ], "windMode": [0,5,5,0], "windData": [0,1,1,0] },
				"south": { "texture": "#equisetummyriochaetum", "uv": [ 0.0, 0.0, 1.0, 16.0 ], "windMode": [0,0,5,5], "windData": [0,0,1,1] },
				"west": { "texture": "#equisetummyriochaetum", "uv": [ 1.0, 0.0, 2.0, 16.0 ], "windMode": [0,0,5,5], "windData": [0,0,1,1] },
				"up": { "texture": "#equisetummyriochaetum", "uv": [ 0.0, 0.0, 1.0, 1.0 ], "windMode": [5,5,5,5], "windData": [1,1,1,1] },
				"down": { "texture": "#equisetummyriochaetum", "uv": [ 0.0, 0.0, 1.0, 1.0 ], "windMode": [0,0,0,0] }
			},
			"children": [
				{
					"name": "Base fronds A 2",
					"from": [ 0.5, 0.0, -3.5 ],
					"to": [ 0.5, 16.0, 4.5 ],
					"shade": false,
					"renderPass": 1,
					"rotationOrigin": [ 0.5, 0.0, 0.5 ],
					"faces": {
						"east": { "texture": "#equisetummyriochaetum", "uv": [ 4.0, 0.0, 12.0, 16.0 ], "rotation": 180, "windMode": [0,5,5,0], "windData": [0,1,1,0] }
					}
				},
				{
					"name": "Base fronds B 2",
					"from": [ 0.5, 0.0, -3.5 ],
					"to": [ 0.5, 16.0, 4.5 ],
					"shade": false,
					"renderPass": 1,
					"rotationOrigin": [ 0.5, 0.0, 0.5 ],
					"rotationY": 45.0,
					"faces": {
						"east": { "texture": "#equisetummyriochaetum", "uv": [ 4.0, 0.0, 12.0, 16.0 ], "windMode": [0,5,5,0], "windData": [0,1,1,0] }
					}
				},
				{
					"name": "Base fronds C 2",
					"from": [ 0.5, 0.0, -3.5 ],
					"to": [ 0.5, 16.0, 4.5 ],
					"shade": false,
					"renderPass": 1,
					"rotationOrigin": [ 0.5, 0.0, 0.5 ],
					"rotationY": 90.0,
					"faces": {
						"east": { "texture": "#equisetummyriochaetum", "uv": [ 4.0, 0.0, 12.0, 16.0 ], "rotation": 180, "windMode": [0,5,5,0], "windData": [0,1,1,0] }
					}
				},
				{
					"name": "Base fronds D 2",
					"from": [ 0.5, 0.0, -3.5 ],
					"to": [ 0.5, 16.0, 4.5 ],
					"shade": false,
					"renderPass": 1,
					"rotationOrigin": [ 0.5, 0.0, 0.5 ],
					"rotationY": 135.0,
					"faces": {
						"east": { "texture": "#equisetummyriochaetum", "uv": [ 4.0, 0.0, 12.0, 16.0 ], "windMode": [0,5,5,0], "windData": [0,1,1,0] }
					}
				},
				{
					"name": "Second stalk 2",
					"from": [ 0.0, 16.0, 0.0 ],
					"to": [ 1.0, 32.0, 1.0 ],
					"shade": false,
					"rotationOrigin": [ 0.5, 16.0, 0.5 ],
					"rotationY": 15.0,
					"faces": {
						"north": { "texture": "#equisetummyriochaetum", "uv": [ 0.0, 0.0, 1.0, 16.0 ], "windMode": [5,5,5,5], "windData": [1,2,2,1] },
						"east": { "texture": "#equisetummyriochaetum", "uv": [ 1.0, 0.0, 2.0, 16.0 ], "windMode": [5,5,5,5], "windData": [1,2,2,1] },
						"south": { "texture": "#equisetummyriochaetum", "uv": [ 0.0, 0.0, 1.0, 16.0 ], "windMode": [5,5,5,5], "windData": [1,1,2,2] },
						"west": { "texture": "#equisetummyriochaetum", "uv": [ 1.0, 0.0, 2.0, 16.0 ], "windMode": [5,5,5,5], "windData": [1,1,2,2] },
						"up": { "texture": "#equisetummyriochaetum", "uv": [ 0.0, 0.0, 1.0, 1.0 ], "windMode": [5,5,5,5], "windData": [2,2,2,2] },
						"down": { "texture": "#equisetummyriochaetum", "uv": [ 0.0, 0.0, 1.0, 1.0 ], "windMode": [5,5,5,5], "windData": [1,1,1,1] }
					},
					"children": [
						{
							"name": "Second fronds A 2",
							"from": [ 0.5, 0.0, -3.5 ],
							"to": [ 0.5, 16.0, 4.5 ],
							"shade": false,
							"renderPass": 1,
							"rotationOrigin": [ 0.5, 0.0, 0.5 ],
							"faces": {
								"east": { "texture": "#equisetummyriochaetum", "uv": [ 4.0, 0.0, 12.0, 16.0 ], "rotation": 180, "windMode": [5,5,5,5], "windData": [1,2,2,1] }
							}
						},
						{
							"name": "Second fronds B 2",
							"from": [ 0.5, 0.0, -3.5 ],
							"to": [ 0.5, 16.0, 4.5 ],
							"shade": false,
							"renderPass": 1,
							"rotationOrigin": [ 0.5, 0.0, 0.5 ],
							"rotationY": 45.0,
							"faces": {
								"east": { "texture": "#equisetummyriochaetum", "uv": [ 4.0, 0.0, 12.0, 16.0 ], "windMode": [5,5,5,5], "windData": [1,2,2,1] }
							}
						},
						{
							"name": "Second fronds C 2",
							"from": [ 0.5, 0.0, -3.5 ],
							"to": [ 0.5, 16.0, 4.5 ],
							"shade": false,
							"renderPass": 1,
							"rotationOrigin": [ 0.5, 0.0, 0.5 ],
							"rotationY": 90.0,
							"faces": {
								"east": { "texture": "#equisetummyriochaetum", "uv": [ 4.0, 0.0, 12.0, 16.0 ], "rotation": 180, "windMode": [5,5,5,5], "windData": [1,2,2,1] }
							}
						},
						{
							"name": "Second fronds D 2",
							"from": [ 0.5, 0.0, -3.5 ],
							"to": [ 0.5, 16.0, 4.5 ],
							"shade": false,
							"renderPass": 1,
							"rotationOrigin": [ 0.5, 0.0, 0.5 ],
							"rotationY": 135.0,
							"faces": {
								"east": { "texture": "#equisetummyriochaetum", "uv": [ 4.0, 0.0, 12.0, 16.0 ], "windMode": [5,5,5,5], "windData": [1,2,2,1] }
							}
						},
						{
							"name": "Third stalk 2",
							"from": [ 0.0, 16.0, 0.0 ],
							"to": [ 1.0, 28.0, 1.0 ],
							"shade": false,
							"rotationOrigin": [ 0.5, 16.0, 0.5 ],
							"rotationY": -22.0,
							"faces": {
								"north": { "texture": "#equisetummyriochaetum", "uv": [ 0.0, 0.0, 1.0, 12.0 ], "windMode": [5,5,5,5], "windData": [2,2,2,2] },
								"east": { "texture": "#equisetummyriochaetum", "uv": [ 1.0, 0.0, 2.0, 12.0 ], "windMode": [5,5,5,5], "windData": [2,2,2,2] },
								"south": { "texture": "#equisetummyriochaetum", "uv": [ 0.0, 0.0, 1.0, 12.0 ], "windMode": [5,5,5,5], "windData": [2,2,2,2] },
								"west": { "texture": "#equisetummyriochaetum", "uv": [ 1.0, 0.0, 2.0, 12.0 ], "windMode": [5,5,5,5], "windData": [2,2,2,2] },
								"up": { "texture": "#equisetummyriochaetum", "uv": [ 0.0, 0.0, 1.0, 1.0 ], "windMode": [5,5,5,5], "windData": [2,2,2,2] },
								"down": { "texture": "#equisetummyriochaetum", "uv": [ 0.0, 0.0, 1.0, 1.0 ], "windMode": [5,5,5,5], "windData": [2,2,2,2] }
							},
							"children": [
								{
									"name": "Third fronds A 2",
									"from": [ 0.5, 0.0, -3.5 ],
									"to": [ 0.5, 12.0, 4.5 ],
									"shade": false,
									"renderPass": 1,
									"rotationOrigin": [ 0.5, 0.0, 0.5 ],
									"faces": {
										"east": { "texture": "#equisetummyriochaetum", "uv": [ 4.0, 0.0, 12.0, 12.0 ], "windMode": [5,5,5,5], "windData": [2,2,2,2] }
									}
								},
								{
									"name": "Third fronds B 2",
									"from": [ 0.5, 0.0, -3.5 ],
									"to": [ 0.5, 12.0, 4.5 ],
									"shade": false,
									"renderPass": 1,
									"rotationOrigin": [ 0.5, 0.0, 0.5 ],
									"rotationY": 45.0,
									"faces": {
										"east": { "texture": "#equisetummyriochaetum", "uv": [ 4.0, 0.0, 12.0, 12.0 ], "rotation": 180, "windMode": [5,5,5,5], "windData": [2,2,2,2] }
									}
								},
								{
									"name": "Third fronds C 2",
									"from": [ 0.5, 0.0, -3.5 ],
									"to": [ 0.5, 12.0, 4.5 ],
									"shade": false,
									"renderPass": 1,
									"rotationOrigin": [ 0.5, 0.0, 0.5 ],
									"rotationY": 90.0,
									"faces": {
										"east": { "texture": "#equisetummyriochaetum", "uv": [ 4.0, 0.0, 12.0, 12.0 ], "windMode": [5,5,5,5], "windData": [2,2,2,2] }
									}
								},
								{
									"name": "Third fronds D 2",
									"from": [ 0.5, 0.0, -3.5 ],
									"to": [ 0.5, 12.0, 4.5 ],
									"shade": false,
									"renderPass": 1,
									"rotationOrigin": [ 0.5, 0.0, 0.5 ],
									"rotationY": 135.0,
									"faces": {
										"east": { "texture": "#equisetummyriochaetum", "uv": [ 4.0, 0.0, 12.0, 12.0 ], "rotation": 180, "windMode": [5,5,5,5], "windData": [2,2,2,2] }
									}
								},
								{
									"name": "Fourth stalk 2",
									"from": [ 0.0, 12.0, 0.0 ],
									"to": [ 1.0, 24.0, 1.0 ],
									"shade": false,
									"rotationOrigin": [ 0.5, 12.0, 0.5 ],
									"rotationY": 12.0,
									"faces": {
										"north": { "texture": "#equisetummyriochaetum", "uv": [ 0.0, 0.0, 1.0, 12.0 ], "windMode": [5,5,5,5], "windData": [2,3,3,2] },
										"east": { "texture": "#equisetummyriochaetum", "uv": [ 1.0, 0.0, 2.0, 12.0 ], "windMode": [5,5,5,5], "windData": [2,3,3,2] },
										"south": { "texture": "#equisetummyriochaetum", "uv": [ 0.0, 0.0, 1.0, 12.0 ], "windMode": [5,5,5,5], "windData": [2,2,3,3] },
										"west": { "texture": "#equisetummyriochaetum", "uv": [ 1.0, 0.0, 2.0, 12.0 ], "windMode": [5,5,5,5], "windData": [2,2,3,3] },
										"up": { "texture": "#equisetummyriochaetum", "uv": [ 0.0, 0.0, 1.0, 1.0 ], "windMode": [5,5,5,5], "windData": [3,3,3,3] },
										"down": { "texture": "#equisetummyriochaetum", "uv": [ 0.0, 0.0, 1.0, 1.0 ], "windMode": [5,5,5,5], "windData": [2,2,2,2] }
									},
									"children": [
										{
											"name": "Fourth fronds A 2",
											"from": [ 0.5, 0.0, -3.5 ],
											"to": [ 0.5, 12.0, 4.5 ],
											"shade": false,
											"renderPass": 1,
											"rotationOrigin": [ 0.5, 0.0, 0.5 ],
											"faces": {
												"east": { "texture": "#equisetummyriochaetum", "uv": [ 4.0, 0.0, 12.0, 12.0 ], "rotation": 180, "windMode": [5,5,5,5], "windData": [2,3,3,2] }
											}
										},
										{
											"name": "Fourth fronds B 2",
											"from": [ 0.5, 0.0, -3.5 ],
											"to": [ 0.5, 12.0, 4.5 ],
											"shade": false,
											"renderPass": 1,
											"rotationOrigin": [ 0.5, 0.0, 0.5 ],
											"rotationY": 45.0,
											"faces": {
												"east": { "texture": "#equisetummyriochaetum", "uv": [ 4.0, 0.0, 12.0, 12.0 ], "windMode": [5,5,5,5], "windData": [2,3,3,2] }
											}
										},
										{
											"name": "Fourth fronds C 2",
											"from": [ 0.5, 0.0, -3.5 ],
											"to": [ 0.5, 12.0, 4.5 ],
											"shade": false,
											"renderPass": 1,
											"rotationOrigin": [ 0.5, 0.0, 0.5 ],
											"rotationY": 90.0,
											"faces": {
												"east": { "texture": "#equisetummyriochaetum", "uv": [ 4.0, 0.0, 12.0, 12.0 ], "rotation": 180, "windMode": [5,5,5,5], "windData": [2,3,3,2] }
											}
										},
										{
											"name": "Fourth fronds D 2",
											"from": [ 0.5, 0.0, -3.5 ],
											"to": [ 0.5, 12.0, 4.5 ],
											"shade": false,
											"renderPass": 1,
											"rotationOrigin": [ 0.5, 0.0, 0.5 ],
											"rotationY": 135.0,
											"faces": {
												"east": { "texture": "#equisetummyriochaetum", "uv": [ 4.0, 0.0, 12.0, 12.0 ], "windMode": [5,5,5,5], "windData": [2,3,3,2] }
											}
										},
										{
											"name": "Final stalk 2",
											"from": [ 0.0, 12.0, 0.0 ],
											"to": [ 1.0, 20.0, 1.0 ],
											"shade": false,
											"rotationOrigin": [ 0.5, 12.0, 0.5 ],
											"rotationY": 8.0,
											"faces": {
												"north": { "texture": "#equisetummyriochaetum", "uv": [ 2.0, 0.0, 3.0, 8.0 ], "windMode": [5,5,5,5], "windData": [3,4,4,3] },
												"east": { "texture": "#equisetummyriochaetum", "uv": [ 3.0, 0.0, 4.0, 8.0 ], "windMode": [5,5,5,5], "windData": [3,4,4,3] },
												"south": { "texture": "#equisetummyriochaetum", "uv": [ 2.0, 0.0, 3.0, 8.0 ], "windMode": [5,5,5,5], "windData": [3,3,4,4] },
												"west": { "texture": "#equisetummyriochaetum", "uv": [ 3.0, 0.0, 4.0, 8.0 ], "windMode": [5,5,5,5], "windData": [3,3,4,4] },
												"up": { "texture": "#equisetummyriochaetum", "uv": [ 2.5, 0.0, 3.5, 1.0 ], "windMode": [5,5,5,5], "windData": [4,4,4,4] },
												"down": { "texture": "#equisetummyriochaetum", "uv": [ 2.5, 0.0, 3.5, 1.0 ], "windMode": [5,5,5,5], "windData": [3,3,3,3] }
											},
											"children": [
												{
													"name": "Final fronds A 2",
													"from": [ 0.5, 0.0, -2.5 ],
													"to": [ 0.5, 8.0, 3.5 ],
													"shade": false,
													"renderPass": 1,
													"rotationOrigin": [ 0.5, 0.0, 0.5 ],
													"faces": {
														"east": { "texture": "#equisetummyriochaetum", "uv": [ 4.0, 0.0, 12.0, 16.0 ], "autoUv": false, "windMode": [5,5,5,5], "windData": [3,4,4,3] }
													}
												},
												{
													"name": "Final fronds B 2",
													"from": [ 0.5, 0.0, -2.5 ],
													"to": [ 0.5, 8.0, 3.5 ],
													"shade": false,
													"renderPass": 1,
													"rotationOrigin": [ 0.5, 0.0, 0.5 ],
													"rotationY": 45.0,
													"faces": {
														"east": { "texture": "#equisetummyriochaetum", "uv": [ 4.0, 0.0, 12.0, 16.0 ], "rotation": 180, "autoUv": false, "windMode": [5,5,5,5], "windData": [3,4,4,3] }
													}
												},
												{
													"name": "Final fronds C 2",
													"from": [ 0.5, 0.0, -2.5 ],
													"to": [ 0.5, 8.0, 3.5 ],
													"shade": false,
													"renderPass": 1,
													"rotationOrigin": [ 0.5, 0.0, 0.5 ],
													"rotationY": 90.0,
													"faces": {
														"east": { "texture": "#equisetummyriochaetum", "uv": [ 4.0, 0.0, 12.0, 16.0 ], "autoUv": false, "windMode": [5,5,5,5], "windData": [3,4,4,3] }
													}
												},
												{
													"name": "Final fronds D 2",
													"from": [ 0.5, 0.0, -2.5 ],
													"to": [ 0.5, 8.0, 3.5 ],
													"shade": false,
													"renderPass": 1,
													"rotationOrigin": [ 0.5, 0.0, 0.5 ],
													"rotationY": 135.0,
													"faces": {
														"east": { "texture": "#equisetummyriochaetum", "uv": [ 4.0, 0.0, 12.0, 16.0 ], "rotation": 180, "autoUv": false, "windMode": [5,5,5,5], "windData": [3,4,4,3] }
													}
												},
												{
													"name": "Tip2",
													"from": [ 0.2, 8.0, 0.2 ],
													"to": [ 0.8, 9.6, 0.8 ],
													"shade": false,
													"rotationOrigin": [ 0.2, 8.0, 0.2 ],
													"rotationZ": -4.0,
													"faces": {
														"north": { "texture": "#equisetummyriochaetum", "uv": [ 2.5, 0.0, 3.0, 1.5 ], "windMode": [5,5,5,5], "windData": [4,4,4,3] },
														"east": { "texture": "#equisetummyriochaetum", "uv": [ 3.0, 0.0, 3.5, 1.5 ], "windMode": [5,5,5,5], "windData": [3,4,4,3] },
														"south": { "texture": "#equisetummyriochaetum", "uv": [ 3.5, 0.0, 4.0, 1.5 ], "windMode": [5,5,5,5], "windData": [4,3,4,4] },
														"west": { "texture": "#equisetummyriochaetum", "uv": [ 2.0, 0.0, 2.5, 1.5 ], "windMode": [5,5,5,5], "windData": [4,4,4,4] },
														"up": { "texture": "#equisetummyriochaetum", "uv": [ 3.0, 0.0, 3.5, 0.5 ], "windMode": [5,5,5,5], "windData": [4,4,4,4] }
													}
												}
											]
										}
									]
								}
							]
						}
					]
				}
			]
		},
		{
			"name": "Base stalk 3",
			"from": [ 4.0, 0.0, 12.0 ],
			"to": [ 5.0, 12.0, 13.0 ],
			"shade": false,
			"rotationOrigin": [ 4.0, 0.0, 12.0 ],
			"rotationY": -112.5,
			"faces": {
				"north": { "texture": "#equisetummyriochaetum", "uv": [ 0.0, 0.0, 1.0, 12.0 ], "windMode": [0,5,5,0] },
				"east": { "texture": "#equisetummyriochaetum", "uv": [ 1.0, 0.0, 2.0, 12.0 ], "windMode": [0,5,5,0] },
				"south": { "texture": "#equisetummyriochaetum", "uv": [ 0.0, 0.0, 1.0, 12.0 ], "windMode": [0,0,5,5] },
				"west": { "texture": "#equisetummyriochaetum", "uv": [ 1.0, 0.0, 2.0, 12.0 ], "windMode": [0,0,5,5] },
				"up": { "texture": "#equisetummyriochaetum", "uv": [ 0.0, 0.0, 1.0, 1.0 ], "windMode": [5,5,5,5] },
				"down": { "texture": "#equisetummyriochaetum", "uv": [ 0.0, 0.0, 1.0, 1.0 ], "windMode": [0,0,0,0] }
			},
			"children": [
				{
					"name": "Base fronds A 3",
					"from": [ 0.5, 0.0, -3.5 ],
					"to": [ 0.5, 12.0, 4.5 ],
					"shade": false,
					"renderPass": 1,
					"rotationOrigin": [ 0.5, 0.0, 0.5 ],
					"faces": {
						"east": { "texture": "#equisetummyriochaetum", "uv": [ 4.0, 0.0, 12.0, 12.0 ], "rotation": 180, "windMode": [0,5,5,0] }
					}
				},
				{
					"name": "Base fronds B 3",
					"from": [ 0.5, 0.0, -3.5 ],
					"to": [ 0.5, 12.0, 4.5 ],
					"shade": false,
					"renderPass": 1,
					"rotationOrigin": [ 0.5, 0.0, 0.5 ],
					"rotationY": 45.0,
					"faces": {
						"east": { "texture": "#equisetummyriochaetum", "uv": [ 4.0, 0.0, 12.0, 12.0 ], "windMode": [0,5,5,0] }
					}
				},
				{
					"name": "Base fronds C 3",
					"from": [ 0.5, 0.0, -3.5 ],
					"to": [ 0.5, 12.0, 4.5 ],
					"shade": false,
					"renderPass": 1,
					"rotationOrigin": [ 0.5, 0.0, 0.5 ],
					"rotationY": 90.0,
					"faces": {
						"east": { "texture": "#equisetummyriochaetum", "uv": [ 4.0, 0.0, 12.0, 12.0 ], "rotation": 180, "windMode": [0,5,5,0] }
					}
				},
				{
					"name": "Base fronds D 3",
					"from": [ 0.5, 0.0, -3.5 ],
					"to": [ 0.5, 12.0, 4.5 ],
					"shade": false,
					"renderPass": 1,
					"rotationOrigin": [ 0.5, 0.0, 0.5 ],
					"rotationY": 135.0,
					"faces": {
						"east": { "texture": "#equisetummyriochaetum", "uv": [ 4.0, 0.0, 12.0, 12.0 ], "windMode": [0,5,5,0] }
					}
				},
				{
					"name": "Second stalk 3",
					"from": [ 0.0, 12.0, 0.0 ],
					"to": [ 1.0, 24.0, 1.0 ],
					"shade": false,
					"rotationOrigin": [ 0.5, 12.0, 0.5 ],
					"rotationY": 15.0,
					"faces": {
						"north": { "texture": "#equisetummyriochaetum", "uv": [ 0.0, 0.0, 1.0, 12.0 ], "windMode": [5,5,5,5], "windData": [0,1,1,0] },
						"east": { "texture": "#equisetummyriochaetum", "uv": [ 1.0, 0.0, 2.0, 12.0 ], "windMode": [5,5,5,5], "windData": [0,1,1,0] },
						"south": { "texture": "#equisetummyriochaetum", "uv": [ 0.0, 0.0, 1.0, 12.0 ], "windMode": [5,5,5,5], "windData": [0,0,1,1] },
						"west": { "texture": "#equisetummyriochaetum", "uv": [ 1.0, 0.0, 2.0, 12.0 ], "windMode": [5,5,5,5], "windData": [0,0,1,1] },
						"up": { "texture": "#equisetummyriochaetum", "uv": [ 0.0, 0.0, 1.0, 1.0 ], "windMode": [5,5,5,5], "windData": [1,1,1,1] },
						"down": { "texture": "#equisetummyriochaetum", "uv": [ 0.0, 0.0, 1.0, 1.0 ], "windMode": [5,5,5,5] }
					},
					"children": [
						{
							"name": "Second fronds A 3",
							"from": [ 0.5, 0.0, -3.5 ],
							"to": [ 0.5, 12.0, 4.5 ],
							"shade": false,
							"renderPass": 1,
							"rotationOrigin": [ 0.5, 0.0, 0.5 ],
							"faces": {
								"east": { "texture": "#equisetummyriochaetum", "uv": [ 4.0, 0.0, 12.0, 12.0 ], "rotation": 180, "windMode": [5,5,5,5], "windData": [0,1,1,0] }
							}
						},
						{
							"name": "Second fronds B 3",
							"from": [ 0.5, 0.0, -3.5 ],
							"to": [ 0.5, 12.0, 4.5 ],
							"shade": false,
							"renderPass": 1,
							"rotationOrigin": [ 0.5, 0.0, 0.5 ],
							"rotationY": 45.0,
							"faces": {
								"east": { "texture": "#equisetummyriochaetum", "uv": [ 4.0, 0.0, 12.0, 12.0 ], "windMode": [5,5,5,5], "windData": [0,1,1,0] }
							}
						},
						{
							"name": "Second fronds C 3",
							"from": [ 0.5, 0.0, -3.5 ],
							"to": [ 0.5, 12.0, 4.5 ],
							"shade": false,
							"renderPass": 1,
							"rotationOrigin": [ 0.5, 0.0, 0.5 ],
							"rotationY": 90.0,
							"faces": {
								"east": { "texture": "#equisetummyriochaetum", "uv": [ 4.0, 0.0, 12.0, 12.0 ], "rotation": 180, "windMode": [5,5,5,5], "windData": [0,1,1,0] }
							}
						},
						{
							"name": "Second fronds D 3",
							"from": [ 0.5, 0.0, -3.5 ],
							"to": [ 0.5, 12.0, 4.5 ],
							"shade": false,
							"renderPass": 1,
							"rotationOrigin": [ 0.5, 0.0, 0.5 ],
							"rotationY": 135.0,
							"faces": {
								"east": { "texture": "#equisetummyriochaetum", "uv": [ 4.0, 0.0, 12.0, 12.0 ], "windMode": [5,5,5,5], "windData": [0,1,1,0] }
							}
						},
						{
							"name": "Third stalk 3",
							"from": [ 0.0, 12.0, 0.0 ],
							"to": [ 1.0, 24.0, 1.0 ],
							"shade": false,
							"rotationOrigin": [ 0.5, 12.0, 0.5 ],
							"rotationY": -22.0,
							"faces": {
								"north": { "texture": "#equisetummyriochaetum", "uv": [ 0.0, 0.0, 1.0, 12.0 ], "windMode": [5,5,5,5], "windData": [1,2,2,1] },
								"east": { "texture": "#equisetummyriochaetum", "uv": [ 1.0, 0.0, 2.0, 12.0 ], "windMode": [5,5,5,5], "windData": [1,2,2,1] },
								"south": { "texture": "#equisetummyriochaetum", "uv": [ 0.0, 0.0, 1.0, 12.0 ], "windMode": [5,5,5,5], "windData": [1,1,2,2] },
								"west": { "texture": "#equisetummyriochaetum", "uv": [ 1.0, 0.0, 2.0, 12.0 ], "windMode": [5,5,5,5], "windData": [1,1,2,2] },
								"up": { "texture": "#equisetummyriochaetum", "uv": [ 0.0, 0.0, 1.0, 1.0 ], "windMode": [5,5,5,5], "windData": [2,2,2,2] },
								"down": { "texture": "#equisetummyriochaetum", "uv": [ 0.0, 0.0, 1.0, 1.0 ], "windMode": [5,5,5,5], "windData": [1,1,1,1] }
							},
							"children": [
								{
									"name": "Third fronds A 3",
									"from": [ 0.5, 0.0, -3.5 ],
									"to": [ 0.5, 12.0, 4.5 ],
									"shade": false,
									"renderPass": 1,
									"rotationOrigin": [ 0.5, 0.0, 0.5 ],
									"faces": {
										"east": { "texture": "#equisetummyriochaetum", "uv": [ 4.0, 0.0, 12.0, 12.0 ], "windMode": [5,5,5,5], "windData": [1,2,2,1] }
									}
								},
								{
									"name": "Third fronds B 3",
									"from": [ 0.5, 0.0, -3.5 ],
									"to": [ 0.5, 12.0, 4.5 ],
									"shade": false,
									"renderPass": 1,
									"rotationOrigin": [ 0.5, 0.0, 0.5 ],
									"rotationY": 45.0,
									"faces": {
										"east": { "texture": "#equisetummyriochaetum", "uv": [ 4.0, 0.0, 12.0, 12.0 ], "rotation": 180, "windMode": [5,5,5,5], "windData": [1,2,2,1] }
									}
								},
								{
									"name": "Third fronds C 3",
									"from": [ 0.5, 0.0, -3.5 ],
									"to": [ 0.5, 12.0, 4.5 ],
									"shade": false,
									"renderPass": 1,
									"rotationOrigin": [ 0.5, 0.0, 0.5 ],
									"rotationY": 90.0,
									"faces": {
										"east": { "texture": "#equisetummyriochaetum", "uv": [ 4.0, 0.0, 12.0, 12.0 ], "windMode": [5,5,5,5], "windData": [1,2,2,1] }
									}
								},
								{
									"name": "Third fronds D 3",
									"from": [ 0.5, 0.0, -3.5 ],
									"to": [ 0.5, 12.0, 4.5 ],
									"shade": false,
									"renderPass": 1,
									"rotationOrigin": [ 0.5, 0.0, 0.5 ],
									"rotationY": 135.0,
									"faces": {
										"east": { "texture": "#equisetummyriochaetum", "uv": [ 4.0, 0.0, 12.0, 12.0 ], "rotation": 180, "windMode": [5,5,5,5], "windData": [1,2,2,1] }
									}
								},
								{
									"name": "Fourth stalk 3",
									"from": [ 0.0, 12.0, 0.0 ],
									"to": [ 1.0, 24.0, 1.0 ],
									"shade": false,
									"rotationOrigin": [ 0.5, 12.0, 0.5 ],
									"rotationY": 12.0,
									"faces": {
										"north": { "texture": "#equisetummyriochaetum", "uv": [ 0.0, 0.0, 1.0, 12.0 ], "windMode": [5,5,5,5], "windData": [2,3,3,2] },
										"east": { "texture": "#equisetummyriochaetum", "uv": [ 1.0, 0.0, 2.0, 12.0 ], "windMode": [5,5,5,5], "windData": [2,3,3,2] },
										"south": { "texture": "#equisetummyriochaetum", "uv": [ 0.0, 0.0, 1.0, 12.0 ], "windMode": [5,5,5,5], "windData": [2,2,3,3] },
										"west": { "texture": "#equisetummyriochaetum", "uv": [ 1.0, 0.0, 2.0, 12.0 ], "windMode": [5,5,5,5], "windData": [2,2,3,3] },
										"up": { "texture": "#equisetummyriochaetum", "uv": [ 0.0, 0.0, 1.0, 1.0 ], "windMode": [5,5,5,5], "windData": [3,3,3,3] },
										"down": { "texture": "#equisetummyriochaetum", "uv": [ 0.0, 0.0, 1.0, 1.0 ], "windMode": [5,5,5,5], "windData": [2,2,2,2] }
									},
									"children": [
										{
											"name": "Fourth fronds A 3",
											"from": [ 0.5, 0.0, -3.5 ],
											"to": [ 0.5, 12.0, 4.5 ],
											"shade": false,
											"renderPass": 1,
											"rotationOrigin": [ 0.5, 0.0, 0.5 ],
											"faces": {
												"east": { "texture": "#equisetummyriochaetum", "uv": [ 4.0, 0.0, 12.0, 12.0 ], "rotation": 180, "windMode": [5,5,5,5], "windData": [2,3,3,2] }
											}
										},
										{
											"name": "Fourth fronds B 3",
											"from": [ 0.5, 0.0, -3.5 ],
											"to": [ 0.5, 12.0, 4.5 ],
											"shade": false,
											"renderPass": 1,
											"rotationOrigin": [ 0.5, 0.0, 0.5 ],
											"rotationY": 45.0,
											"faces": {
												"east": { "texture": "#equisetummyriochaetum", "uv": [ 4.0, 0.0, 12.0, 12.0 ], "windMode": [5,5,5,5], "windData": [2,3,3,2] }
											}
										},
										{
											"name": "Fourth fronds C 3",
											"from": [ 0.5, 0.0, -3.5 ],
											"to": [ 0.5, 12.0, 4.5 ],
											"shade": false,
											"renderPass": 1,
											"rotationOrigin": [ 0.5, 0.0, 0.5 ],
											"rotationY": 90.0,
											"faces": {
												"east": { "texture": "#equisetummyriochaetum", "uv": [ 4.0, 0.0, 12.0, 12.0 ], "rotation": 180, "windMode": [5,5,5,5], "windData": [2,3,3,2] }
											}
										},
										{
											"name": "Fourth fronds D 3",
											"from": [ 0.5, 0.0, -3.5 ],
											"to": [ 0.5, 12.0, 4.5 ],
											"shade": false,
											"renderPass": 1,
											"rotationOrigin": [ 0.5, 0.0, 0.5 ],
											"rotationY": 135.0,
											"faces": {
												"east": { "texture": "#equisetummyriochaetum", "uv": [ 4.0, 0.0, 12.0, 12.0 ], "windMode": [5,5,5,5], "windData": [2,3,3,2] }
											}
										},
										{
											"name": "Final stalk 3",
											"from": [ 0.0, 12.0, 0.0 ],
											"to": [ 1.0, 20.0, 1.0 ],
											"shade": false,
											"rotationOrigin": [ 0.5, 12.0, 0.5 ],
											"rotationY": 8.0,
											"faces": {
												"north": { "texture": "#equisetummyriochaetum", "uv": [ 2.0, 0.0, 3.0, 8.0 ], "windMode": [5,5,5,5], "windData": [3,3,3,3] },
												"east": { "texture": "#equisetummyriochaetum", "uv": [ 3.0, 0.0, 4.0, 8.0 ], "windMode": [5,5,5,5], "windData": [3,3,3,3] },
												"south": { "texture": "#equisetummyriochaetum", "uv": [ 2.0, 0.0, 3.0, 8.0 ], "windMode": [5,5,5,5], "windData": [3,3,3,3] },
												"west": { "texture": "#equisetummyriochaetum", "uv": [ 3.0, 0.0, 4.0, 8.0 ], "windMode": [5,5,5,5], "windData": [3,3,3,3] },
												"up": { "texture": "#equisetummyriochaetum", "uv": [ 2.5, 0.0, 3.5, 1.0 ], "windMode": [5,5,5,5], "windData": [3,3,3,3] },
												"down": { "texture": "#equisetummyriochaetum", "uv": [ 2.5, 0.0, 3.5, 1.0 ], "windMode": [5,5,5,5], "windData": [3,3,3,3] }
											},
											"children": [
												{
													"name": "Final fronds A 3",
													"from": [ 0.5, 0.0, -2.5 ],
													"to": [ 0.5, 8.0, 3.5 ],
													"shade": false,
													"renderPass": 1,
													"rotationOrigin": [ 0.5, 0.0, 0.5 ],
													"faces": {
														"east": { "texture": "#equisetummyriochaetum", "uv": [ 4.0, 0.0, 12.0, 16.0 ], "autoUv": false, "windMode": [5,5,5,5], "windData": [3,3,3,3] }
													}
												},
												{
													"name": "Final fronds B 3",
													"from": [ 0.5, 0.0, -2.5 ],
													"to": [ 0.5, 8.0, 3.5 ],
													"shade": false,
													"renderPass": 1,
													"rotationOrigin": [ 0.5, 0.0, 0.5 ],
													"rotationY": 45.0,
													"faces": {
														"east": { "texture": "#equisetummyriochaetum", "uv": [ 4.0, 0.0, 12.0, 16.0 ], "rotation": 180, "autoUv": false, "windMode": [5,5,5,5], "windData": [3,3,3,3] }
													}
												},
												{
													"name": "Final fronds C 3",
													"from": [ 0.5, 0.0, -2.5 ],
													"to": [ 0.5, 8.0, 3.5 ],
													"shade": false,
													"renderPass": 1,
													"rotationOrigin": [ 0.5, 0.0, 0.5 ],
													"rotationY": 90.0,
													"faces": {
														"east": { "texture": "#equisetummyriochaetum", "uv": [ 4.0, 0.0, 12.0, 16.0 ], "autoUv": false, "windMode": [5,5,5,5], "windData": [3,3,3,3] }
													}
												},
												{
													"name": "Final fronds D 3",
													"from": [ 0.5, 0.0, -2.5 ],
													"to": [ 0.5, 8.0, 3.5 ],
													"shade": false,
													"renderPass": 1,
													"rotationOrigin": [ 0.5, 0.0, 0.5 ],
													"rotationY": 135.0,
													"faces": {
														"east": { "texture": "#equisetummyriochaetum", "uv": [ 4.0, 0.0, 12.0, 16.0 ], "rotation": 180, "autoUv": false, "windMode": [5,5,5,5], "windData": [3,3,3,3] }
													}
												},
												{
													"name": "Tip3",
													"from": [ 0.2, 8.0, 0.2 ],
													"to": [ 0.8, 9.6, 0.8 ],
													"shade": false,
													"rotationOrigin": [ 0.2, 8.0, 0.2 ],
													"rotationZ": -4.0,
													"faces": {
														"north": { "texture": "#equisetummyriochaetum", "uv": [ 2.5, 0.0, 3.0, 1.5 ], "windMode": [5,5,5,5], "windData": [3,3,3,3] },
														"east": { "texture": "#equisetummyriochaetum", "uv": [ 3.0, 0.0, 3.5, 1.5 ], "windMode": [5,5,5,5], "windData": [3,3,3,3] },
														"south": { "texture": "#equisetummyriochaetum", "uv": [ 3.5, 0.0, 4.0, 1.5 ], "windMode": [5,5,5,5], "windData": [3,3,3,3] },
														"west": { "texture": "#equisetummyriochaetum", "uv": [ 2.0, 0.0, 2.5, 1.5 ], "windMode": [5,5,5,5], "windData": [3,3,3,3] },
														"up": { "texture": "#equisetummyriochaetum", "uv": [ 3.0, 0.0, 3.5, 0.5 ], "windMode": [5,5,5,5], "windData": [3,3,3,3] }
													}
												}
											]
										}
									]
								}
							]
						}
					]
				}
			]
		},
		{
			"name": "Base stalk 4",
			"from": [ 6.0, 0.0, 4.0 ],
			"to": [ 7.0, 8.0, 5.0 ],
			"shade": false,
			"rotationOrigin": [ 6.0, 0.0, 4.0 ],
			"rotationY": 180.0,
			"faces": {
				"north": { "texture": "#equisetummyriochaetum", "uv": [ 0.0, 0.0, 1.0, 8.0 ], "windMode": [0,5,5,0] },
				"east": { "texture": "#equisetummyriochaetum", "uv": [ 1.0, 0.0, 2.0, 8.0 ], "windMode": [0,5,5,0] },
				"south": { "texture": "#equisetummyriochaetum", "uv": [ 0.0, 0.0, 1.0, 8.0 ], "windMode": [0,0,5,5] },
				"west": { "texture": "#equisetummyriochaetum", "uv": [ 1.0, 0.0, 2.0, 8.0 ], "windMode": [0,0,5,5] },
				"up": { "texture": "#equisetummyriochaetum", "uv": [ 0.0, 0.0, 1.0, 1.0 ], "windMode": [5,5,5,5] },
				"down": { "texture": "#equisetummyriochaetum", "uv": [ 0.0, 0.0, 1.0, 1.0 ], "windMode": [0,0,0,0] }
			},
			"children": [
				{
					"name": "Base fronds A 4",
					"from": [ 0.5, 0.0, -3.5 ],
					"to": [ 0.5, 8.0, 4.5 ],
					"shade": false,
					"renderPass": 1,
					"rotationOrigin": [ 0.5, 0.0, 0.5 ],
					"faces": {
						"east": { "texture": "#equisetummyriochaetum", "uv": [ 4.0, 0.0, 12.0, 8.0 ], "rotation": 180, "windMode": [0,5,5,0] }
					}
				},
				{
					"name": "Base fronds B 4",
					"from": [ 0.5, 0.0, -3.5 ],
					"to": [ 0.5, 8.0, 4.5 ],
					"shade": false,
					"renderPass": 1,
					"rotationOrigin": [ 0.5, 0.0, 0.5 ],
					"rotationY": 45.0,
					"faces": {
						"east": { "texture": "#equisetummyriochaetum", "uv": [ 4.0, 0.0, 12.0, 8.0 ], "windMode": [0,5,5,0] }
					}
				},
				{
					"name": "Base fronds C 4",
					"from": [ 0.5, 0.0, -3.5 ],
					"to": [ 0.5, 8.0, 4.5 ],
					"shade": false,
					"renderPass": 1,
					"rotationOrigin": [ 0.5, 0.0, 0.5 ],
					"rotationY": 90.0,
					"faces": {
						"east": { "texture": "#equisetummyriochaetum", "uv": [ 4.0, 0.0, 12.0, 8.0 ], "rotation": 180, "windMode": [0,5,5,0] }
					}
				},
				{
					"name": "Base fronds D 4",
					"from": [ 0.5, 0.0, -3.5 ],
					"to": [ 0.5, 8.0, 4.5 ],
					"shade": false,
					"renderPass": 1,
					"rotationOrigin": [ 0.5, 0.0, 0.5 ],
					"rotationY": 135.0,
					"faces": {
						"east": { "texture": "#equisetummyriochaetum", "uv": [ 4.0, 0.0, 12.0, 8.0 ], "windMode": [0,5,5,0] }
					}
				},
				{
					"name": "Second stalk 4",
					"from": [ 0.0, 8.0, 0.0 ],
					"to": [ 1.0, 20.0, 1.0 ],
					"shade": false,
					"rotationOrigin": [ 0.5, 8.0, 0.5 ],
					"rotationY": 15.0,
					"faces": {
						"north": { "texture": "#equisetummyriochaetum", "uv": [ 0.0, 0.0, 1.0, 12.0 ], "windMode": [5,5,5,5], "windData": [0,1,1,0] },
						"east": { "texture": "#equisetummyriochaetum", "uv": [ 1.0, 0.0, 2.0, 12.0 ], "windMode": [5,5,5,5], "windData": [0,1,1,0] },
						"south": { "texture": "#equisetummyriochaetum", "uv": [ 0.0, 0.0, 1.0, 12.0 ], "windMode": [5,5,5,5], "windData": [0,0,1,1] },
						"west": { "texture": "#equisetummyriochaetum", "uv": [ 1.0, 0.0, 2.0, 12.0 ], "windMode": [5,5,5,5], "windData": [0,0,1,1] },
						"up": { "texture": "#equisetummyriochaetum", "uv": [ 0.0, 0.0, 1.0, 1.0 ], "windMode": [5,5,5,5], "windData": [1,1,1,1] },
						"down": { "texture": "#equisetummyriochaetum", "uv": [ 0.0, 0.0, 1.0, 1.0 ], "windMode": [5,5,5,5] }
					},
					"children": [
						{
							"name": "Second fronds A 4",
							"from": [ 0.5, 0.0, -3.5 ],
							"to": [ 0.5, 12.0, 4.5 ],
							"shade": false,
							"renderPass": 1,
							"rotationOrigin": [ 0.5, 0.0, 0.5 ],
							"faces": {
								"east": { "texture": "#equisetummyriochaetum", "uv": [ 4.0, 0.0, 12.0, 12.0 ], "rotation": 180, "windMode": [5,5,5,5], "windData": [0,1,1,0] }
							}
						},
						{
							"name": "Second fronds B 4",
							"from": [ 0.5, 0.0, -3.5 ],
							"to": [ 0.5, 12.0, 4.5 ],
							"shade": false,
							"renderPass": 1,
							"rotationOrigin": [ 0.5, 0.0, 0.5 ],
							"rotationY": 45.0,
							"faces": {
								"east": { "texture": "#equisetummyriochaetum", "uv": [ 4.0, 0.0, 12.0, 12.0 ], "windMode": [5,5,5,5], "windData": [0,1,1,0] }
							}
						},
						{
							"name": "Second fronds C 4",
							"from": [ 0.5, 0.0, -3.5 ],
							"to": [ 0.5, 12.0, 4.5 ],
							"shade": false,
							"renderPass": 1,
							"rotationOrigin": [ 0.5, 0.0, 0.5 ],
							"rotationY": 90.0,
							"faces": {
								"east": { "texture": "#equisetummyriochaetum", "uv": [ 4.0, 0.0, 12.0, 12.0 ], "rotation": 180, "windMode": [5,5,5,5], "windData": [0,1,1,0] }
							}
						},
						{
							"name": "Second fronds D 4",
							"from": [ 0.5, 0.0, -3.5 ],
							"to": [ 0.5, 12.0, 4.5 ],
							"shade": false,
							"renderPass": 1,
							"rotationOrigin": [ 0.5, 0.0, 0.5 ],
							"rotationY": 135.0,
							"faces": {
								"east": { "texture": "#equisetummyriochaetum", "uv": [ 4.0, 0.0, 12.0, 12.0 ], "windMode": [5,5,5,5], "windData": [0,1,1,0] }
							}
						},
						{
							"name": "Third stalk 4",
							"from": [ 0.0, 12.0, 0.0 ],
							"to": [ 1.0, 24.0, 1.0 ],
							"shade": false,
							"rotationOrigin": [ 0.5, 12.0, 0.5 ],
							"rotationY": -22.0,
							"faces": {
								"north": { "texture": "#equisetummyriochaetum", "uv": [ 0.0, 0.0, 1.0, 12.0 ], "windMode": [5,5,5,5], "windData": [1,2,2,1] },
								"east": { "texture": "#equisetummyriochaetum", "uv": [ 1.0, 0.0, 2.0, 12.0 ], "windMode": [5,5,5,5], "windData": [1,2,2,1] },
								"south": { "texture": "#equisetummyriochaetum", "uv": [ 0.0, 0.0, 1.0, 12.0 ], "windMode": [5,5,5,5], "windData": [1,1,2,2] },
								"west": { "texture": "#equisetummyriochaetum", "uv": [ 1.0, 0.0, 2.0, 12.0 ], "windMode": [5,5,5,5], "windData": [1,1,2,2] },
								"up": { "texture": "#equisetummyriochaetum", "uv": [ 0.0, 0.0, 1.0, 1.0 ], "windMode": [5,5,5,5], "windData": [2,2,2,2] },
								"down": { "texture": "#equisetummyriochaetum", "uv": [ 0.0, 0.0, 1.0, 1.0 ], "windMode": [5,5,5,5], "windData": [1,1,1,1] }
							},
							"children": [
								{
									"name": "Third fronds A 4",
									"from": [ 0.5, 0.0, -3.5 ],
									"to": [ 0.5, 12.0, 4.5 ],
									"shade": false,
									"renderPass": 1,
									"rotationOrigin": [ 0.5, 0.0, 0.5 ],
									"faces": {
										"east": { "texture": "#equisetummyriochaetum", "uv": [ 4.0, 0.0, 12.0, 12.0 ], "windMode": [5,5,5,5], "windData": [1,2,2,1] }
									}
								},
								{
									"name": "Third fronds B 4",
									"from": [ 0.5, 0.0, -3.5 ],
									"to": [ 0.5, 12.0, 4.5 ],
									"shade": false,
									"renderPass": 1,
									"rotationOrigin": [ 0.5, 0.0, 0.5 ],
									"rotationY": 45.0,
									"faces": {
										"east": { "texture": "#equisetummyriochaetum", "uv": [ 4.0, 0.0, 12.0, 12.0 ], "rotation": 180, "windMode": [5,5,5,5], "windData": [1,2,2,1] }
									}
								},
								{
									"name": "Third fronds C 4",
									"from": [ 0.5, 0.0, -3.5 ],
									"to": [ 0.5, 12.0, 4.5 ],
									"shade": false,
									"renderPass": 1,
									"rotationOrigin": [ 0.5, 0.0, 0.5 ],
									"rotationY": 90.0,
									"faces": {
										"east": { "texture": "#equisetummyriochaetum", "uv": [ 4.0, 0.0, 12.0, 12.0 ], "windMode": [5,5,5,5], "windData": [1,2,2,1] }
									}
								},
								{
									"name": "Third fronds D 4",
									"from": [ 0.5, 0.0, -3.5 ],
									"to": [ 0.5, 12.0, 4.5 ],
									"shade": false,
									"renderPass": 1,
									"rotationOrigin": [ 0.5, 0.0, 0.5 ],
									"rotationY": 135.0,
									"faces": {
										"east": { "texture": "#equisetummyriochaetum", "uv": [ 4.0, 0.0, 12.0, 12.0 ], "rotation": 180, "windMode": [5,5,5,5], "windData": [1,2,2,1] }
									}
								},
								{
									"name": "Fourth stalk 4",
									"from": [ 0.0, 12.0, 0.0 ],
									"to": [ 1.0, 24.0, 1.0 ],
									"shade": false,
									"rotationOrigin": [ 0.5, 12.0, 0.5 ],
									"rotationY": 12.0,
									"faces": {
										"north": { "texture": "#equisetummyriochaetum", "uv": [ 0.0, 0.0, 1.0, 12.0 ], "windMode": [5,5,5,5], "windData": [2,2,2,2] },
										"east": { "texture": "#equisetummyriochaetum", "uv": [ 1.0, 0.0, 2.0, 12.0 ], "windMode": [5,5,5,5], "windData": [2,2,2,2] },
										"south": { "texture": "#equisetummyriochaetum", "uv": [ 0.0, 0.0, 1.0, 12.0 ], "windMode": [5,5,5,5], "windData": [2,2,2,2] },
										"west": { "texture": "#equisetummyriochaetum", "uv": [ 1.0, 0.0, 2.0, 12.0 ], "windMode": [5,5,5,5], "windData": [2,2,2,2] },
										"up": { "texture": "#equisetummyriochaetum", "uv": [ 0.0, 0.0, 1.0, 1.0 ], "windMode": [5,5,5,5], "windData": [2,2,2,2] },
										"down": { "texture": "#equisetummyriochaetum", "uv": [ 0.0, 0.0, 1.0, 1.0 ], "windMode": [5,5,5,5], "windData": [2,2,2,2] }
									},
									"children": [
										{
											"name": "Fourth fronds A 4",
											"from": [ 0.5, 0.0, -3.5 ],
											"to": [ 0.5, 12.0, 4.5 ],
											"shade": false,
											"renderPass": 1,
											"rotationOrigin": [ 0.5, 0.0, 0.5 ],
											"faces": {
												"east": { "texture": "#equisetummyriochaetum", "uv": [ 4.0, 0.0, 12.0, 12.0 ], "rotation": 180, "windMode": [5,5,5,5], "windData": [2,2,2,2] }
											}
										},
										{
											"name": "Fourth fronds B 4",
											"from": [ 0.5, 0.0, -3.5 ],
											"to": [ 0.5, 12.0, 4.5 ],
											"shade": false,
											"renderPass": 1,
											"rotationOrigin": [ 0.5, 0.0, 0.5 ],
											"rotationY": 45.0,
											"faces": {
												"east": { "texture": "#equisetummyriochaetum", "uv": [ 4.0, 0.0, 12.0, 12.0 ], "windMode": [5,5,5,5], "windData": [2,2,2,2] }
											}
										},
										{
											"name": "Fourth fronds C 4",
											"from": [ 0.5, 0.0, -3.5 ],
											"to": [ 0.5, 12.0, 4.5 ],
											"shade": false,
											"renderPass": 1,
											"rotationOrigin": [ 0.5, 0.0, 0.5 ],
											"rotationY": 90.0,
											"faces": {
												"east": { "texture": "#equisetummyriochaetum", "uv": [ 4.0, 0.0, 12.0, 12.0 ], "rotation": 180, "windMode": [5,5,5,5], "windData": [2,2,2,2] }
											}
										},
										{
											"name": "Fourth fronds D 4",
											"from": [ 0.5, 0.0, -3.5 ],
											"to": [ 0.5, 12.0, 4.5 ],
											"shade": false,
											"renderPass": 1,
											"rotationOrigin": [ 0.5, 0.0, 0.5 ],
											"rotationY": 135.0,
											"faces": {
												"east": { "texture": "#equisetummyriochaetum", "uv": [ 4.0, 0.0, 12.0, 12.0 ], "windMode": [5,5,5,5], "windData": [2,2,2,2] }
											}
										},
										{
											"name": "Final stalk 4",
											"from": [ 0.0, 12.0, 0.0 ],
											"to": [ 1.0, 20.0, 1.0 ],
											"shade": false,
											"rotationOrigin": [ 0.5, 12.0, 0.5 ],
											"rotationY": 8.0,
											"faces": {
												"north": { "texture": "#equisetummyriochaetum", "uv": [ 2.0, 0.0, 3.0, 8.0 ], "windMode": [5,5,5,5], "windData": [2,3,3,2] },
												"east": { "texture": "#equisetummyriochaetum", "uv": [ 3.0, 0.0, 4.0, 8.0 ], "windMode": [5,5,5,5], "windData": [2,3,3,2] },
												"south": { "texture": "#equisetummyriochaetum", "uv": [ 2.0, 0.0, 3.0, 8.0 ], "windMode": [5,5,5,5], "windData": [2,2,3,3] },
												"west": { "texture": "#equisetummyriochaetum", "uv": [ 3.0, 0.0, 4.0, 8.0 ], "windMode": [5,5,5,5], "windData": [2,2,3,3] },
												"up": { "texture": "#equisetummyriochaetum", "uv": [ 2.5, 0.0, 3.5, 1.0 ], "windMode": [5,5,5,5], "windData": [3,3,3,3] },
												"down": { "texture": "#equisetummyriochaetum", "uv": [ 2.5, 0.0, 3.5, 1.0 ], "windMode": [5,5,5,5], "windData": [2,2,2,2] }
											},
											"children": [
												{
													"name": "Final fronds A 4",
													"from": [ 0.5, 0.0, -2.5 ],
													"to": [ 0.5, 8.0, 3.5 ],
													"shade": false,
													"renderPass": 1,
													"rotationOrigin": [ 0.5, 0.0, 0.5 ],
													"faces": {
														"east": { "texture": "#equisetummyriochaetum", "uv": [ 4.0, 0.0, 12.0, 16.0 ], "autoUv": false, "windMode": [5,5,5,5], "windData": [2,3,3,2] }
													}
												},
												{
													"name": "Final fronds B 4",
													"from": [ 0.5, 0.0, -2.5 ],
													"to": [ 0.5, 8.0, 3.5 ],
													"shade": false,
													"renderPass": 1,
													"rotationOrigin": [ 0.5, 0.0, 0.5 ],
													"rotationY": 45.0,
													"faces": {
														"east": { "texture": "#equisetummyriochaetum", "uv": [ 4.0, 0.0, 12.0, 16.0 ], "rotation": 180, "autoUv": false, "windMode": [5,5,5,5], "windData": [2,3,3,2] }
													}
												},
												{
													"name": "Final fronds C 4",
													"from": [ 0.5, 0.0, -2.5 ],
													"to": [ 0.5, 8.0, 3.5 ],
													"shade": false,
													"renderPass": 1,
													"rotationOrigin": [ 0.5, 0.0, 0.5 ],
													"rotationY": 90.0,
													"faces": {
														"east": { "texture": "#equisetummyriochaetum", "uv": [ 4.0, 0.0, 12.0, 16.0 ], "autoUv": false, "windMode": [5,5,5,5], "windData": [2,3,3,2] }
													}
												},
												{
													"name": "Final fronds D 4",
													"from": [ 0.5, 0.0, -2.5 ],
													"to": [ 0.5, 8.0, 3.5 ],
													"shade": false,
													"renderPass": 1,
													"rotationOrigin": [ 0.5, 0.0, 0.5 ],
													"rotationY": 135.0,
													"faces": {
														"east": { "texture": "#equisetummyriochaetum", "uv": [ 4.0, 0.0, 12.0, 16.0 ], "rotation": 180, "autoUv": false, "windMode": [5,5,5,5], "windData": [2,3,3,2] }
													}
												},
												{
													"name": "Tip4",
													"from": [ 0.2, 8.0, 0.2 ],
													"to": [ 0.8, 9.6, 0.8 ],
													"shade": false,
													"rotationOrigin": [ 0.2, 8.0, 0.2 ],
													"rotationZ": -4.0,
													"faces": {
														"north": { "texture": "#equisetummyriochaetum", "uv": [ 2.5, 0.0, 3.0, 1.5 ], "windMode": [5,5,5,5], "windData": [3,3,3,3] },
														"east": { "texture": "#equisetummyriochaetum", "uv": [ 3.0, 0.0, 3.5, 1.5 ], "windMode": [5,5,5,5], "windData": [3,3,3,3] },
														"south": { "texture": "#equisetummyriochaetum", "uv": [ 3.5, 0.0, 4.0, 1.5 ], "windMode": [5,5,5,5], "windData": [3,3,3,3] },
														"west": { "texture": "#equisetummyriochaetum", "uv": [ 2.0, 0.0, 2.5, 1.5 ], "windMode": [5,5,5,5], "windData": [3,3,3,3] },
														"up": { "texture": "#equisetummyriochaetum", "uv": [ 3.0, 0.0, 3.5, 0.5 ], "windMode": [5,5,5,5], "windData": [3,3,3,3] }
													}
												}
											]
										}
									]
								}
							]
						}
					]
				}
			]
		},
		{
			"name": "Base stalk 5",
			"from": [ 14.0, 0.0, 4.0 ],
			"to": [ 15.0, 8.0, 5.0 ],
			"shade": false,
			"rotationOrigin": [ 14.0, 0.0, 4.0 ],
			"rotationY": -135.0,
			"faces": {
				"north": { "texture": "#equisetummyriochaetum", "uv": [ 0.0, 0.0, 1.0, 8.0 ], "windMode": [0,5,5,0] },
				"east": { "texture": "#equisetummyriochaetum", "uv": [ 1.0, 0.0, 2.0, 8.0 ], "windMode": [0,5,5,0] },
				"south": { "texture": "#equisetummyriochaetum", "uv": [ 0.0, 0.0, 1.0, 8.0 ], "windMode": [0,0,5,5] },
				"west": { "texture": "#equisetummyriochaetum", "uv": [ 1.0, 0.0, 2.0, 8.0 ], "windMode": [0,0,5,5] },
				"up": { "texture": "#equisetummyriochaetum", "uv": [ 0.0, 0.0, 1.0, 1.0 ], "windMode": [5,5,5,5] },
				"down": { "texture": "#equisetummyriochaetum", "uv": [ 0.0, 0.0, 1.0, 1.0 ], "windMode": [0,0,0,0] }
			},
			"children": [
				{
					"name": "Base fronds A 5",
					"from": [ 0.5, 0.0, -3.5 ],
					"to": [ 0.5, 8.0, 4.5 ],
					"shade": false,
					"renderPass": 1,
					"rotationOrigin": [ 0.5, 0.0, 0.5 ],
					"faces": {
						"east": { "texture": "#equisetummyriochaetum", "uv": [ 4.0, 0.0, 12.0, 8.0 ], "rotation": 180, "windMode": [0,5,5,0] }
					}
				},
				{
					"name": "Base fronds B 5",
					"from": [ 0.5, 0.0, -3.5 ],
					"to": [ 0.5, 8.0, 4.5 ],
					"shade": false,
					"renderPass": 1,
					"rotationOrigin": [ 0.5, 0.0, 0.5 ],
					"rotationY": 45.0,
					"faces": {
						"east": { "texture": "#equisetummyriochaetum", "uv": [ 4.0, 0.0, 12.0, 8.0 ], "windMode": [0,5,5,0] }
					}
				},
				{
					"name": "Base fronds C 5",
					"from": [ 0.5, 0.0, -3.5 ],
					"to": [ 0.5, 8.0, 4.5 ],
					"shade": false,
					"renderPass": 1,
					"rotationOrigin": [ 0.5, 0.0, 0.5 ],
					"rotationY": 90.0,
					"faces": {
						"east": { "texture": "#equisetummyriochaetum", "uv": [ 4.0, 0.0, 12.0, 8.0 ], "rotation": 180, "windMode": [0,5,5,0] }
					}
				},
				{
					"name": "Base fronds D 5",
					"from": [ 0.5, 0.0, -3.5 ],
					"to": [ 0.5, 8.0, 4.5 ],
					"shade": false,
					"renderPass": 1,
					"rotationOrigin": [ 0.5, 0.0, 0.5 ],
					"rotationY": 135.0,
					"faces": {
						"east": { "texture": "#equisetummyriochaetum", "uv": [ 4.0, 0.0, 12.0, 8.0 ], "windMode": [0,5,5,0] }
					}
				},
				{
					"name": "Second stalk 5",
					"from": [ 0.0, 8.0, 0.0 ],
					"to": [ 1.0, 20.0, 1.0 ],
					"shade": false,
					"rotationOrigin": [ 0.5, 8.0, 0.5 ],
					"rotationY": 15.0,
					"faces": {
						"north": { "texture": "#equisetummyriochaetum", "uv": [ 0.0, 0.0, 1.0, 12.0 ], "windMode": [5,5,5,5], "windData": [0,1,1,0] },
						"east": { "texture": "#equisetummyriochaetum", "uv": [ 1.0, 0.0, 2.0, 12.0 ], "windMode": [5,5,5,5], "windData": [0,1,1,0] },
						"south": { "texture": "#equisetummyriochaetum", "uv": [ 0.0, 0.0, 1.0, 12.0 ], "windMode": [5,5,5,5], "windData": [0,0,1,1] },
						"west": { "texture": "#equisetummyriochaetum", "uv": [ 1.0, 0.0, 2.0, 12.0 ], "windMode": [5,5,5,5], "windData": [0,0,1,1] },
						"up": { "texture": "#equisetummyriochaetum", "uv": [ 0.0, 0.0, 1.0, 1.0 ], "windMode": [5,5,5,5], "windData": [1,1,1,1] },
						"down": { "texture": "#equisetummyriochaetum", "uv": [ 0.0, 0.0, 1.0, 1.0 ], "windMode": [5,5,5,5] }
					},
					"children": [
						{
							"name": "Second fronds A 5",
							"from": [ 0.5, 0.0, -3.5 ],
							"to": [ 0.5, 12.0, 4.5 ],
							"shade": false,
							"renderPass": 1,
							"rotationOrigin": [ 0.5, 0.0, 0.5 ],
							"faces": {
								"east": { "texture": "#equisetummyriochaetum", "uv": [ 4.0, 0.0, 12.0, 12.0 ], "rotation": 180, "windMode": [5,5,5,5], "windData": [0,1,1,0] }
							}
						},
						{
							"name": "Second fronds B 5",
							"from": [ 0.5, 0.0, -3.5 ],
							"to": [ 0.5, 12.0, 4.5 ],
							"shade": false,
							"renderPass": 1,
							"rotationOrigin": [ 0.5, 0.0, 0.5 ],
							"rotationY": 45.0,
							"faces": {
								"east": { "texture": "#equisetummyriochaetum", "uv": [ 4.0, 0.0, 12.0, 12.0 ], "windMode": [5,5,5,5], "windData": [0,1,1,0] }
							}
						},
						{
							"name": "Second fronds C 5",
							"from": [ 0.5, 0.0, -3.5 ],
							"to": [ 0.5, 12.0, 4.5 ],
							"shade": false,
							"renderPass": 1,
							"rotationOrigin": [ 0.5, 0.0, 0.5 ],
							"rotationY": 90.0,
							"faces": {
								"east": { "texture": "#equisetummyriochaetum", "uv": [ 4.0, 0.0, 12.0, 12.0 ], "rotation": 180, "windMode": [5,5,5,5], "windData": [0,1,1,0] }
							}
						},
						{
							"name": "Second fronds D 5",
							"from": [ 0.5, 0.0, -3.5 ],
							"to": [ 0.5, 12.0, 4.5 ],
							"shade": false,
							"renderPass": 1,
							"rotationOrigin": [ 0.5, 0.0, 0.5 ],
							"rotationY": 135.0,
							"faces": {
								"east": { "texture": "#equisetummyriochaetum", "uv": [ 4.0, 0.0, 12.0, 12.0 ], "windMode": [5,5,5,5], "windData": [0,1,1,0] }
							}
						},
						{
							"name": "Third stalk 5",
							"from": [ 0.0, 12.0, 0.0 ],
							"to": [ 1.0, 22.0, 1.0 ],
							"shade": false,
							"rotationOrigin": [ 0.5, 12.0, 0.5 ],
							"rotationY": -22.0,
							"faces": {
								"north": { "texture": "#equisetummyriochaetum", "uv": [ 0.0, 0.0, 1.0, 10.0 ], "windMode": [5,5,5,5], "windData": [1,1,1,1] },
								"east": { "texture": "#equisetummyriochaetum", "uv": [ 1.0, 0.0, 2.0, 10.0 ], "windMode": [5,5,5,5], "windData": [1,1,1,1] },
								"south": { "texture": "#equisetummyriochaetum", "uv": [ 0.0, 0.0, 1.0, 10.0 ], "windMode": [5,5,5,5], "windData": [1,1,1,1] },
								"west": { "texture": "#equisetummyriochaetum", "uv": [ 1.0, 0.0, 2.0, 10.0 ], "windMode": [5,5,5,5], "windData": [1,1,1,1] },
								"up": { "texture": "#equisetummyriochaetum", "uv": [ 0.0, 0.0, 1.0, 1.0 ], "windMode": [5,5,5,5], "windData": [1,1,1,1] },
								"down": { "texture": "#equisetummyriochaetum", "uv": [ 0.0, 0.0, 1.0, 1.0 ], "windMode": [5,5,5,5], "windData": [1,1,1,1] }
							},
							"children": [
								{
									"name": "Third fronds A 5",
									"from": [ 0.5, 0.0, -3.5 ],
									"to": [ 0.5, 10.0, 4.5 ],
									"shade": false,
									"renderPass": 1,
									"rotationOrigin": [ 0.5, 0.0, 0.5 ],
									"faces": {
										"east": { "texture": "#equisetummyriochaetum", "uv": [ 4.0, 0.0, 12.0, 10.0 ], "windMode": [5,5,5,5], "windData": [1,1,1,1] }
									}
								},
								{
									"name": "Third fronds B 5",
									"from": [ 0.5, 0.0, -3.5 ],
									"to": [ 0.5, 10.0, 4.5 ],
									"shade": false,
									"renderPass": 1,
									"rotationOrigin": [ 0.5, 0.0, 0.5 ],
									"rotationY": 45.0,
									"faces": {
										"east": { "texture": "#equisetummyriochaetum", "uv": [ 4.0, 0.0, 12.0, 10.0 ], "rotation": 180, "windMode": [5,5,5,5], "windData": [1,1,1,1] }
									}
								},
								{
									"name": "Third fronds C 5",
									"from": [ 0.5, 0.0, -3.5 ],
									"to": [ 0.5, 10.0, 4.5 ],
									"shade": false,
									"renderPass": 1,
									"rotationOrigin": [ 0.5, 0.0, 0.5 ],
									"rotationY": 90.0,
									"faces": {
										"east": { "texture": "#equisetummyriochaetum", "uv": [ 4.0, 0.0, 12.0, 10.0 ], "windMode": [5,5,5,5], "windData": [1,1,1,1] }
									}
								},
								{
									"name": "Third fronds D 5",
									"from": [ 0.5, 0.0, -3.5 ],
									"to": [ 0.5, 10.0, 4.5 ],
									"shade": false,
									"renderPass": 1,
									"rotationOrigin": [ 0.5, 0.0, 0.5 ],
									"rotationY": 135.0,
									"faces": {
										"east": { "texture": "#equisetummyriochaetum", "uv": [ 4.0, 0.0, 12.0, 10.0 ], "rotation": 180, "windMode": [5,5,5,5], "windData": [1,1,1,1] }
									}
								},
								{
									"name": "Fourth stalk 5",
									"from": [ 0.0, 10.0, 0.0 ],
									"to": [ 1.0, 22.0, 1.0 ],
									"shade": false,
									"rotationOrigin": [ 0.5, 10.0, 0.5 ],
									"rotationY": 12.0,
									"faces": {
										"north": { "texture": "#equisetummyriochaetum", "uv": [ 0.0, 0.0, 1.0, 12.0 ], "windMode": [5,5,5,5], "windData": [1,2,2,1] },
										"east": { "texture": "#equisetummyriochaetum", "uv": [ 1.0, 0.0, 2.0, 12.0 ], "windMode": [5,5,5,5], "windData": [1,2,2,1] },
										"south": { "texture": "#equisetummyriochaetum", "uv": [ 0.0, 0.0, 1.0, 12.0 ], "windMode": [5,5,5,5], "windData": [1,1,2,2] },
										"west": { "texture": "#equisetummyriochaetum", "uv": [ 1.0, 0.0, 2.0, 12.0 ], "windMode": [5,5,5,5], "windData": [1,1,2,2] },
										"up": { "texture": "#equisetummyriochaetum", "uv": [ 0.0, 0.0, 1.0, 1.0 ], "windMode": [5,5,5,5], "windData": [2,2,2,2] },
										"down": { "texture": "#equisetummyriochaetum", "uv": [ 0.0, 0.0, 1.0, 1.0 ], "windMode": [5,5,5,5], "windData": [1,1,1,1] }
									},
									"children": [
										{
											"name": "Fourth fronds A 5",
											"from": [ 0.5, 0.0, -3.5 ],
											"to": [ 0.5, 12.0, 4.5 ],
											"shade": false,
											"renderPass": 1,
											"rotationOrigin": [ 0.5, 0.0, 0.5 ],
											"faces": {
												"east": { "texture": "#equisetummyriochaetum", "uv": [ 4.0, 0.0, 12.0, 12.0 ], "rotation": 180, "windMode": [5,5,5,5], "windData": [1,2,2,1] }
											}
										},
										{
											"name": "Fourth fronds B 5",
											"from": [ 0.5, 0.0, -3.5 ],
											"to": [ 0.5, 12.0, 4.5 ],
											"shade": false,
											"renderPass": 1,
											"rotationOrigin": [ 0.5, 0.0, 0.5 ],
											"rotationY": 45.0,
											"faces": {
												"east": { "texture": "#equisetummyriochaetum", "uv": [ 4.0, 0.0, 12.0, 12.0 ], "windMode": [5,5,5,5], "windData": [1,2,2,1] }
											}
										},
										{
											"name": "Fourth fronds C 5",
											"from": [ 0.5, 0.0, -3.5 ],
											"to": [ 0.5, 12.0, 4.5 ],
											"shade": false,
											"renderPass": 1,
											"rotationOrigin": [ 0.5, 0.0, 0.5 ],
											"rotationY": 90.0,
											"faces": {
												"east": { "texture": "#equisetummyriochaetum", "uv": [ 4.0, 0.0, 12.0, 12.0 ], "rotation": 180, "windMode": [5,5,5,5], "windData": [1,2,2,1] }
											}
										},
										{
											"name": "Fourth fronds D 5",
											"from": [ 0.5, 0.0, -3.5 ],
											"to": [ 0.5, 12.0, 4.5 ],
											"shade": false,
											"renderPass": 1,
											"rotationOrigin": [ 0.5, 0.0, 0.5 ],
											"rotationY": 135.0,
											"faces": {
												"east": { "texture": "#equisetummyriochaetum", "uv": [ 4.0, 0.0, 12.0, 12.0 ], "windMode": [5,5,5,5], "windData": [1,2,2,1] }
											}
										},
										{
											"name": "Final stalk 5",
											"from": [ 0.0, 12.0, 0.0 ],
											"to": [ 1.0, 20.0, 1.0 ],
											"shade": false,
											"rotationOrigin": [ 0.5, 12.0, 0.5 ],
											"rotationY": 8.0,
											"faces": {
												"north": { "texture": "#equisetummyriochaetum", "uv": [ 2.0, 0.0, 3.0, 8.0 ], "windMode": [5,5,5,5], "windData": [2,3,3,2] },
												"east": { "texture": "#equisetummyriochaetum", "uv": [ 3.0, 0.0, 4.0, 8.0 ], "windMode": [5,5,5,5], "windData": [2,3,3,2] },
												"south": { "texture": "#equisetummyriochaetum", "uv": [ 2.0, 0.0, 3.0, 8.0 ], "windMode": [5,5,5,5], "windData": [2,2,3,3] },
												"west": { "texture": "#equisetummyriochaetum", "uv": [ 3.0, 0.0, 4.0, 8.0 ], "windMode": [5,5,5,5], "windData": [2,2,3,3] },
												"up": { "texture": "#equisetummyriochaetum", "uv": [ 2.5, 0.0, 3.5, 1.0 ], "windMode": [5,5,5,5], "windData": [3,3,3,3] },
												"down": { "texture": "#equisetummyriochaetum", "uv": [ 2.5, 0.0, 3.5, 1.0 ], "windMode": [5,5,5,5], "windData": [2,2,2,2] }
											},
											"children": [
												{
													"name": "Final fronds A 5",
													"from": [ 0.5, 0.0, -2.5 ],
													"to": [ 0.5, 8.0, 3.5 ],
													"shade": false,
													"renderPass": 1,
													"rotationOrigin": [ 0.5, 0.0, 0.5 ],
													"faces": {
														"east": { "texture": "#equisetummyriochaetum", "uv": [ 4.0, 0.0, 12.0, 16.0 ], "autoUv": false, "windMode": [5,5,5,5], "windData": [2,3,3,2] }
													}
												},
												{
													"name": "Final fronds B 5",
													"from": [ 0.5, 0.0, -2.5 ],
													"to": [ 0.5, 8.0, 3.5 ],
													"shade": false,
													"renderPass": 1,
													"rotationOrigin": [ 0.5, 0.0, 0.5 ],
													"rotationY": 45.0,
													"faces": {
														"east": { "texture": "#equisetummyriochaetum", "uv": [ 4.0, 0.0, 12.0, 16.0 ], "rotation": 180, "autoUv": false, "windMode": [5,5,5,5], "windData": [2,3,3,2] }
													}
												},
												{
													"name": "Final fronds C 5",
													"from": [ 0.5, 0.0, -2.5 ],
													"to": [ 0.5, 8.0, 3.5 ],
													"shade": false,
													"renderPass": 1,
													"rotationOrigin": [ 0.5, 0.0, 0.5 ],
													"rotationY": 90.0,
													"faces": {
														"east": { "texture": "#equisetummyriochaetum", "uv": [ 4.0, 0.0, 12.0, 16.0 ], "autoUv": false, "windMode": [5,5,5,5], "windData": [2,3,3,2] }
													}
												},
												{
													"name": "Final fronds D 5",
													"from": [ 0.5, 0.0, -2.5 ],
													"to": [ 0.5, 8.0, 3.5 ],
													"shade": false,
													"renderPass": 1,
													"rotationOrigin": [ 0.5, 0.0, 0.5 ],
													"rotationY": 135.0,
													"faces": {
														"east": { "texture": "#equisetummyriochaetum", "uv": [ 4.0, 0.0, 12.0, 16.0 ], "rotation": 180, "autoUv": false, "windMode": [5,5,5,5], "windData": [2,3,3,2] }
													}
												},
												{
													"name": "Tip5",
													"from": [ 0.2, 8.0, 0.2 ],
													"to": [ 0.8, 9.6, 0.8 ],
													"shade": false,
													"rotationOrigin": [ 0.2, 8.0, 0.2 ],
													"rotationZ": -4.0,
													"faces": {
														"north": { "texture": "#equisetummyriochaetum", "uv": [ 2.5, 0.0, 3.0, 1.5 ], "windMode": [5,5,5,5], "windData": [3,3,3,3] },
														"east": { "texture": "#equisetummyriochaetum", "uv": [ 3.0, 0.0, 3.5, 1.5 ], "windMode": [5,5,5,5], "windData": [3,3,3,3] },
														"south": { "texture": "#equisetummyriochaetum", "uv": [ 3.5, 0.0, 4.0, 1.5 ], "windMode": [5,5,5,5], "windData": [3,3,3,3] },
														"west": { "texture": "#equisetummyriochaetum", "uv": [ 2.0, 0.0, 2.5, 1.5 ], "windMode": [5,5,5,5], "windData": [3,3,3,3] },
														"up": { "texture": "#equisetummyriochaetum", "uv": [ 3.0, 0.0, 3.5, 0.5 ], "windMode": [5,5,5,5], "windData": [3,3,3,3] }
													}
												}
											]
										}
									]
								}
							]
						}
					]
				}
			]
		}
	]}