{
	"editor": {
		"allAngles": false,
		"entityTextureMode": false
	},
	"textureWidth": 32,
	"textureHeight": 32,
	"textureSizes": {
		"roots1": [32,32],
		"roots2": [32,32]
	},
	"textures": {
		"roots1": "block/plant/mangroves/lagunculariaracemosa/roots1",
		"roots2": "block/plant/mangroves/lagunculariaracemosa/roots2"
	},
	"elements": [
		{
			"name": "Origin",
			"from": [ 8.0, 0.0, 8.0 ],
			"to": [ 8.0, 0.0, 8.0 ],
			"rotationOrigin": [ 8.0, 0.0, 8.0 ],
			"faces": {
			},
			"children": [
				{
					"name": "Roots 1",
					"from": [ -16.0, 0.0, 0.0 ],
					"to": [ 16.0, 32.0, 0.0 ],
					"shade": false,
					"renderPass": 1,
					"faces": {
						"north": { "texture": "#roots1", "uv": [ 0.0, 0.0, 32.0, 32.0 ] }
					}
				},
				{
					"name": "Roots 2",
					"from": [ 0.0, 0.0, -16.0 ],
					"to": [ 0.0, 32.0, 16.0 ],
					"shade": false,
					"renderPass": 1,
					"rotationOrigin": [ 0.0, 0.0, 0.0 ],
					"rotationY": -30.0,
					"faces": {
						"east": { "texture": "#roots2", "uv": [ 0.0, 0.0, 32.0, 32.0 ], "windMode": [-1,-1,-1,-1] }
					}
				},
				{
					"name": "Roots 3",
					"from": [ 0.0, 0.0, -16.0 ],
					"to": [ 0.0, 32.0, 16.0 ],
					"shade": false,
					"renderPass": 1,
					"rotationOrigin": [ 0.0, 0.0, 0.0 ],
					"rotationY": 30.0,
					"faces": {
						"east": { "texture": "#roots1", "uv": [ 0.0, 0.0, 32.0, 32.0 ], "windMode": [-1,-1,-1,-1] }
					}
				},
				{
					"name": "Roots 4",
					"from": [ -16.0, -1.0, 2.0 ],
					"to": [ 16.0, 31.0, 2.0 ],
					"shade": false,
					"renderPass": 1,
					"rotationOrigin": [ 0.0, 13.0, 2.0 ],
					"rotationX": -22.5,
					"faces": {
						"north": { "texture": "#roots2", "uv": [ 0.0, 0.0, 32.0, 32.0 ] }
					}
				},
				{
					"name": "Roots 7",
					"from": [ -16.0, -1.0, -2.0 ],
					"to": [ 16.0, 31.0, -2.0 ],
					"shade": false,
					"renderPass": 1,
					"rotationOrigin": [ 0.0, 13.0, -2.0 ],
					"rotationX": 22.5,
					"faces": {
						"south": { "texture": "#roots2", "uv": [ 0.0, 0.0, 32.0, 32.0 ], "windMode": [-1,-1,-1,-1], "windData": [0,0,1,1] }
					}
				}
			]
		},
		{
			"name": "Origin2",
			"from": [ 8.0, 8.0, 8.0 ],
			"to": [ 8.0, 8.0, 8.0 ],
			"rotationOrigin": [ 8.0, 8.0, 8.0 ],
			"rotationY": 90.0,
			"faces": {
			},
			"children": [
				{
					"name": "Roots 5",
					"from": [ -16.0, -9.0, 2.0 ],
					"to": [ 16.0, 23.0, 2.0 ],
					"shade": false,
					"renderPass": 1,
					"rotationOrigin": [ 0.0, 5.0, 2.0 ],
					"rotationX": -22.5,
					"faces": {
						"north": { "texture": "#roots1", "uv": [ 0.0, 0.0, 32.0, 32.0 ] }
					}
				},
				{
					"name": "Roots 6",
					"from": [ -16.0, -9.0, -2.0 ],
					"to": [ 16.0, 23.0, -2.0 ],
					"shade": false,
					"renderPass": 1,
					"rotationOrigin": [ 0.0, 5.0, -2.0 ],
					"rotationX": 22.5,
					"faces": {
						"south": { "texture": "#roots1", "uv": [ 0.0, 0.0, 32.0, 32.0 ], "windMode": [-1,-1,-1,-1], "windData": [0,0,1,1] }
					}
				}
			]
		}
	]}