{
    "editor": {
        "allAngles": false,
        "entityTextureMode": true,
        "backDropShape": "shapes/entity/humanoid/seraph"
    },
    "textureWidth": 64,
    "textureHeight": 64,
    "textureSizes": {},
    "textures": {
        "blackguard": "entity/humanoid/serapharmor/blackguard/blackguard-pristine"
    },
    "elements": [
        {
            "name": "ArmorHead",
            "stepParentName": "Head",
            "from": [
                -0.1,
                -0.2,
                -0.2
            ],
            "to": [
                6.1,
                5.2,
                5.2
            ],
            "autoUnwrap": false,
            "uv": [
                7,
                0
            ],
            "rotationOrigin": [
                -0.1,
                -0.2,
                2.6
            ],
            "faces": {
                "north": {
                    "texture": "#blackguard",
                    "uv": [
                        0,
                        6,
                        6,
                        11
                    ]
                },
                "east": {
                    "texture": "#blackguard",
                    "uv": [
                        17,
                        6,
                        22,
                        11
                    ]
                },
                "south": {
                    "texture": "#blackguard",
                    "uv": [
                        11,
                        6,
                        17,
                        11
                    ]
                },
                "west": {
                    "texture": "#blackguard",
                    "uv": [
                        6,
                        6,
                        11,
                        11
                    ]
                },
                "up": {
                    "texture": "#blackguard",
                    "uv": [
                        6,
                        0,
                        11,
                        6
                    ],
                    "rotation": 90
                },
                "down": {
                    "texture": "#blackguard",
                    "uv": [
                        0.5,
                        0,
                        5.5,
                        6
                    ],
                    "rotation": 90
                }
            },
            "children": [
                {
                    "name": "ArmorNeck",
                    "stepParentName": "Neck",
                    "from": [
                        -0.1,
                        0.8,
                        -0.1
                    ],
                    "to": [
                        3.1,
                        2.4,
                        3.1
                    ],
                    "autoUnwrap": false,
                    "uv": [
                        11.5,
                        3
                    ],
                    "rotationOrigin": [
                        -0.1,
                        0.8,
                        1.5
                    ],
                    "faces": {
                        "north": {
                            "texture": "#blackguard",
                            "uv": [
                                11,
                                0,
                                14,
                                1.5
                            ]
                        },
                        "east": {
                            "texture": "#blackguard",
                            "uv": [
                                20,
                                0,
                                23,
                                1.5
                            ]
                        },
                        "south": {
                            "texture": "#blackguard",
                            "uv": [
                                17,
                                0,
                                20,
                                1.5
                            ]
                        },
                        "west": {
                            "texture": "#blackguard",
                            "uv": [
                                14,
                                0,
                                17,
                                1.5
                            ]
                        }
                    }
                },
                {
                    "name": "ArmorVisor",
                    "from": [
                        -1.5,
                        1.5,
                        0.1
                    ],
                    "to": [
                        1.5,
                        4.5,
                        5.3
                    ],
                    "autoUnwrap": false,
                    "uv": [
                        16,
                        -0.5
                    ],
                    "rotationOrigin": [
                        0,
                        3,
                        2.6
                    ],
                    "rotationZ": -45,
                    "faces": {
                        "north": {
                            "texture": "#blackguard",
                            "uv": [
                                22.5,
                                2,
                                25.5,
                                5
                            ]
                        },
                        "south": {
                            "texture": "#blackguard",
                            "uv": [
                                30.5,
                                2,
                                33.5,
                                5
                            ]
                        },
                        "west": {
                            "texture": "#blackguard",
                            "uv": [
                                25.5,
                                0.5,
                                30.5,
                                3.5
                            ]
                        },
                        "down": {
                            "texture": "#blackguard",
                            "uv": [
                                25.5,
                                3.5,
                                30.5,
                                6.5
                            ],
                            "rotation": 90
                        }
                    }
                },
                {
                    "name": "ArmorHeadCrest1",
                    "from": [
                        -0.2,
                        4.9,
                        2.5
                    ],
                    "to": [
                        0.4,
                        5.9,
                        3
                    ],
                    "uv": [
                        12.5,
                        1.5
                    ],
                    "rotationOrigin": [
                        -0.2,
                        4.9,
                        2.8
                    ],
                    "faces": {
                        "north": {
                            "texture": "#blackguard",
                            "uv": [
                                12.5,
                                2,
                                13,
                                3
                            ]
                        },
                        "east": {
                            "texture": "#blackguard",
                            "uv": [
                                13,
                                2,
                                13.5,
                                3
                            ]
                        },
                        "south": {
                            "texture": "#blackguard",
                            "uv": [
                                13.5,
                                2,
                                14,
                                3
                            ],
                            "rotation": 180
                        },
                        "west": {
                            "texture": "#blackguard",
                            "uv": [
                                14,
                                2,
                                14.5,
                                3
                            ]
                        },
                        "up": {
                            "texture": "#blackguard",
                            "uv": [
                                12.5,
                                1.5,
                                13,
                                2
                            ]
                        }
                    }
                },
                {
                    "name": "ArmorHeadCrest2",
                    "from": [
                        0.8,
                        4.9,
                        2.5
                    ],
                    "to": [
                        1.4,
                        5.9,
                        3
                    ],
                    "uv": [
                        12.5,
                        3
                    ],
                    "rotationOrigin": [
                        0.8,
                        4.9,
                        2.8
                    ],
                    "faces": {
                        "north": {
                            "texture": "#blackguard",
                            "uv": [
                                12.5,
                                3.5,
                                13,
                                4.5
                            ]
                        },
                        "east": {
                            "texture": "#blackguard",
                            "uv": [
                                13,
                                3.5,
                                13.5,
                                4.5
                            ]
                        },
                        "south": {
                            "texture": "#blackguard",
                            "uv": [
                                13.5,
                                3.5,
                                14,
                                4.5
                            ],
                            "rotation": 180
                        },
                        "west": {
                            "texture": "#blackguard",
                            "uv": [
                                14,
                                3.5,
                                14.5,
                                4.5
                            ]
                        },
                        "up": {
                            "texture": "#blackguard",
                            "uv": [
                                12.5,
                                3,
                                13,
                                3.5
                            ]
                        }
                    }
                },
                {
                    "name": "ArmorHeadCrest3",
                    "from": [
                        1.8,
                        4.9,
                        2.5
                    ],
                    "to": [
                        2.4,
                        5.9,
                        3
                    ],
                    "uv": [
                        14.5,
                        1.5
                    ],
                    "rotationOrigin": [
                        1.8,
                        4.9,
                        2.8
                    ],
                    "faces": {
                        "north": {
                            "texture": "#blackguard",
                            "uv": [
                                14.5,
                                2,
                                15,
                                3
                            ]
                        },
                        "east": {
                            "texture": "#blackguard",
                            "uv": [
                                15,
                                2,
                                15.5,
                                3
                            ]
                        },
                        "south": {
                            "texture": "#blackguard",
                            "uv": [
                                15.5,
                                2,
                                16,
                                3
                            ],
                            "rotation": 180
                        },
                        "west": {
                            "texture": "#blackguard",
                            "uv": [
                                16,
                                2,
                                16.5,
                                3
                            ]
                        },
                        "up": {
                            "texture": "#blackguard",
                            "uv": [
                                14.5,
                                1.5,
                                15,
                                2
                            ]
                        }
                    }
                },
                {
                    "name": "ArmorHeadCrest4",
                    "from": [
                        2.8,
                        4.9,
                        2.5
                    ],
                    "to": [
                        3.4,
                        5.9,
                        3
                    ],
                    "uv": [
                        14.5,
                        3
                    ],
                    "rotationOrigin": [
                        2.8,
                        4.9,
                        2.8
                    ],
                    "faces": {
                        "north": {
                            "texture": "#blackguard",
                            "uv": [
                                14.5,
                                3.5,
                                15,
                                4.5
                            ]
                        },
                        "east": {
                            "texture": "#blackguard",
                            "uv": [
                                15,
                                3.5,
                                15.5,
                                4.5
                            ]
                        },
                        "south": {
                            "texture": "#blackguard",
                            "uv": [
                                15.5,
                                3.5,
                                16,
                                4.5
                            ],
                            "rotation": 180
                        },
                        "west": {
                            "texture": "#blackguard",
                            "uv": [
                                16,
                                3.5,
                                16.5,
                                4.5
                            ]
                        },
                        "up": {
                            "texture": "#blackguard",
                            "uv": [
                                14.5,
                                3,
                                15,
                                3.5
                            ]
                        }
                    }
                },
                {
                    "name": "ArmorHeadCrest5",
                    "from": [
                        3.8,
                        4.9,
                        2.5
                    ],
                    "to": [
                        4.4,
                        5.9,
                        3
                    ],
                    "uv": [
                        16.5,
                        3
                    ],
                    "rotationOrigin": [
                        3.8,
                        4.9,
                        2.8
                    ],
                    "faces": {
                        "north": {
                            "texture": "#blackguard",
                            "uv": [
                                16.5,
                                3.5,
                                17,
                                4.5
                            ]
                        },
                        "east": {
                            "texture": "#blackguard",
                            "uv": [
                                17,
                                3.5,
                                17.5,
                                4.5
                            ]
                        },
                        "south": {
                            "texture": "#blackguard",
                            "uv": [
                                17.5,
                                3.5,
                                18,
                                4.5
                            ],
                            "rotation": 180
                        },
                        "west": {
                            "texture": "#blackguard",
                            "uv": [
                                18,
                                3.5,
                                18.5,
                                4.5
                            ]
                        },
                        "up": {
                            "texture": "#blackguard",
                            "uv": [
                                16.5,
                                3,
                                17,
                                3.5
                            ]
                        }
                    }
                },
                {
                    "name": "ArmorHeadCrest6",
                    "from": [
                        4.8,
                        4.9,
                        2.5
                    ],
                    "to": [
                        5.4,
                        5.9,
                        3
                    ],
                    "uv": [
                        16.5,
                        1.5
                    ],
                    "rotationOrigin": [
                        4.8,
                        4.9,
                        2.8
                    ],
                    "faces": {
                        "north": {
                            "texture": "#blackguard",
                            "uv": [
                                16.5,
                                2,
                                17,
                                3
                            ]
                        },
                        "east": {
                            "texture": "#blackguard",
                            "uv": [
                                17,
                                2,
                                17.5,
                                3
                            ]
                        },
                        "south": {
                            "texture": "#blackguard",
                            "uv": [
                                17.5,
                                2,
                                18,
                                3
                            ],
                            "rotation": 180
                        },
                        "west": {
                            "texture": "#blackguard",
                            "uv": [
                                18,
                                2,
                                18.5,
                                3
                            ]
                        },
                        "up": {
                            "texture": "#blackguard",
                            "uv": [
                                16.5,
                                1.5,
                                17,
                                2
                            ]
                        }
                    }
                },
                {
                    "name": "ArmorHeadCrest7",
                    "from": [
                        5.8,
                        4.9,
                        2.5
                    ],
                    "to": [
                        6.4,
                        5.9,
                        3
                    ],
                    "uv": [
                        18.5,
                        1.5
                    ],
                    "rotationOrigin": [
                        5.8,
                        4.9,
                        2.8
                    ],
                    "faces": {
                        "north": {
                            "texture": "#blackguard",
                            "uv": [
                                18.5,
                                2,
                                19,
                                3
                            ]
                        },
                        "east": {
                            "texture": "#blackguard",
                            "uv": [
                                19,
                                2,
                                19.5,
                                3
                            ]
                        },
                        "south": {
                            "texture": "#blackguard",
                            "uv": [
                                19.5,
                                2,
                                20,
                                3
                            ],
                            "rotation": 180
                        },
                        "west": {
                            "texture": "#blackguard",
                            "uv": [
                                20,
                                2,
                                20.5,
                                3
                            ]
                        },
                        "up": {
                            "texture": "#blackguard",
                            "uv": [
                                18.5,
                                1.5,
                                19,
                                2
                            ]
                        },
                        "down": {
                            "texture": "#blackguard",
                            "uv": [
                                19,
                                1.5,
                                19.5,
                                2
                            ]
                        }
                    }
                }
            ]
        }
    ]
}