{
	"editor": {
		"allAngles": true,
		"entityTextureMode": true
	},
	"textureWidth": 84,
	"textureHeight": 76,
	"textureSizes": {
		"skin": [84,76]
	},
	"textures": {
	},
	"elements": [
		{
			"name": "Hip point",
			"from": [ 17.8, 12.6, 8.0 ],
			"to": [ 17.8, 12.6, 8.0 ],
			"uv": [ 1.0, 1.0 ],
			"rotationOrigin": [ 17.8, 16.0, 8.0 ],
			"faces": {
			},
			"children": [
				{
					"name": "Hip",
					"from": [ -4.0, -15.0, -6.0 ],
					"to": [ 5.0, -6.0, 6.0 ],
					"unwrapMode": 7,
					"unwrapRotation": 1,
					"autoUnwrap": false,
					"uv": [ 4.0, 36.0 ],
					"rotationOrigin": [ 4.0, -6.0, 0.0 ],
					"rotationZ": -40.0,
					"faces": {
						"north": { "texture": "#skin", "uv": [ 25.0, 36.0, 34.0, 45.0 ], "rotation": 90 },
						"east": { "texture": "#skin", "uv": [ 13.0, 50.5, 25.0, 59.5 ], "windMode": [-1,-1,-1,-1] },
						"south": { "texture": "#skin", "uv": [ 4.0, 36.0, 13.0, 45.0 ], "rotation": 270 },
						"up": { "texture": "#skin", "uv": [ 13.0, 36.0, 25.0, 45.0 ], "rotation": 270 },
						"down": { "texture": "#skin", "uv": [ 34.0, 36.0, 46.0, 45.0 ], "rotation": 90 }
					},
					"children": [
						{
							"name": "Body",
							"from": [ -10.0, -3.0, -0.2 ],
							"to": [ 0.0, 9.0, 12.2 ],
							"unwrapMode": 7,
							"unwrapRotation": 1,
							"autoUnwrap": false,
							"uv": [ 1.0, 13.5 ],
							"rotationOrigin": [ 0.0, 9.0, 6.0 ],
							"rotationZ": 40.0,
							"faces": {
								"north": { "texture": "#skin", "uv": [ 25.0, 25.5, 37.0, 35.5 ], "rotation": 90 },
								"east": { "texture": "#skin", "uv": [ 26.0, 50.5, 38.0, 62.5 ] },
								"south": { "texture": "#skin", "uv": [ 1.0, 25.5, 13.0, 35.5 ], "rotation": 270 },
								"west": { "texture": "#skin", "uv": [ 38.5, 50.5, 50.5, 62.5 ] },
								"up": { "texture": "#skin", "uv": [ 13.0, 25.5, 25.0, 35.5 ], "rotation": 270 },
								"down": { "texture": "#skin", "uv": [ 37.0, 25.5, 49.0, 35.5 ], "rotation": 90 }
							},
							"children": [
								{
									"name": "Body2",
									"from": [ -8.0, 1.0, 0.2 ],
									"to": [ 0.4, 12.0, 12.2 ],
									"unwrapMode": 7,
									"unwrapRotation": 1,
									"autoUnwrap": false,
									"uv": [ 1.5, 6.0 ],
									"rotationOrigin": [ 0.0, 12.0, 6.2 ],
									"rotationZ": 15.0,
									"faces": {
										"north": { "texture": "#skin", "uv": [ 24.5, 17.0, 35.5, 25.0 ], "rotation": 90 },
										"east": { "texture": "#skin", "uv": [ 26.0, 63.5, 38.0, 74.5 ], "windMode": [-1,-1,-1,-1] },
										"south": { "texture": "#skin", "uv": [ 1.5, 17.0, 12.5, 25.0 ], "rotation": 270 },
										"west": { "texture": "#skin", "uv": [ 38.5, 63.5, 50.5, 74.5 ] },
										"up": { "texture": "#skin", "uv": [ 12.5, 17.0, 24.5, 25.0 ], "rotation": 270 },
										"down": { "texture": "#skin", "uv": [ 35.5, 17.0, 47.5, 25.0 ], "rotation": 90 }
									},
									"children": [
										{
											"name": "Neck1",
											"from": [ 0.0, 3.0, 2.0 ],
											"to": [ 4.0, 11.0, 10.0 ],
											"unwrapMode": 7,
											"unwrapRotation": 1,
											"autoUnwrap": false,
											"uv": [ 6.5, 4.5 ],
											"rotationOrigin": [ 3.2, 10.8, 6.0 ],
											"rotationZ": -27.0,
											"faces": {
												"north": { "texture": "#skin", "uv": [ 22.5, 12.5, 30.5, 16.5 ], "rotation": 90 },
												"south": { "texture": "#skin", "uv": [ 6.5, 12.5, 14.5, 16.5 ], "rotation": 270 },
												"west": { "texture": "#skin", "uv": [ 39.5, 8.0, 47.5, 16.0 ] },
												"up": { "texture": "#skin", "uv": [ 14.5, 12.5, 22.5, 16.5 ], "rotation": 270 },
												"down": { "texture": "#skin", "uv": [ 30.5, 12.5, 38.5, 16.5 ], "rotation": 90 }
											},
											"children": [
												{
													"name": "Neck2",
													"from": [ -1.0, 0.0, 1.0 ],
													"to": [ 2.0, 8.0, 7.0 ],
													"unwrapMode": 7,
													"unwrapRotation": 1,
													"autoUnwrap": false,
													"uv": [ 7.5, 1.0 ],
													"rotationOrigin": [ 1.8, 7.4, 4.0 ],
													"rotationZ": -10.0,
													"faces": {
														"north": { "texture": "#skin", "uv": [ 21.5, 9.0, 29.5, 12.0 ], "rotation": 90 },
														"east": { "texture": "#skin", "uv": [ 1.0, 1.0, 7.0, 9.0 ] },
														"south": { "texture": "#skin", "uv": [ 7.5, 9.0, 15.5, 12.0 ], "rotation": 270 },
														"west": { "texture": "#skin", "uv": [ 15.5, 1.0, 21.5, 9.0 ], "rotation": 180 },
														"up": { "texture": "#skin", "uv": [ 15.5, 9.0, 21.5, 12.0 ], "rotation": 270 },
														"down": { "texture": "#skin", "uv": [ 29.5, 9.0, 35.5, 12.0 ], "rotation": 90 }
													},
													"children": [
														{
															"name": "Head",
															"from": [ -6.0, 2.2, -0.2 ],
															"to": [ 0.0, 8.2, 6.2 ],
															"unwrapMode": 4,
															"uv": [ 0.5, 54.0 ],
															"rotationOrigin": [ 0.0, 8.2, 2.8 ],
															"rotationZ": 49.0,
															"faces": {
																"north": { "texture": "#skin", "uv": [ 0.5, 60.0, 6.5, 66.0 ] },
																"east": { "texture": "#skin", "uv": [ 18.5, 60.0, 24.5, 66.0 ], "windMode": [-1,-1,-1,-1] },
																"south": { "texture": "#skin", "uv": [ 12.5, 60.0, 18.5, 66.0 ] },
																"west": { "texture": "#skin", "uv": [ 6.5, 60.0, 12.5, 66.0 ], "windMode": [-1,-1,-1,-1] },
																"up": { "texture": "#skin", "uv": [ 6.5, 54.0, 12.5, 60.0 ], "rotation": 90, "windMode": [-1,-1,-1,-1] },
																"down": { "texture": "#skin", "uv": [ 6.5, 66.0, 12.5, 72.0 ], "rotation": 90 }
															},
															"children": [
																{
																	"name": "Face",
																	"from": [ -2.5, 4.0, 1.6 ],
																	"to": [ 0.0, 6.0, 4.8 ],
																	"unwrapMode": 5,
																	"unwrapRotation": 1,
																	"uv": [ 13.5, 67.0 ],
																	"rotationOrigin": [ 0.0, 6.0, 3.2 ],
																	"rotationZ": 10.0,
																	"faces": {
																		"north": { "texture": "#skin", "uv": [ 13.5, 67.0, 15.5, 69.5 ], "rotation": 270 },
																		"south": { "texture": "#skin", "uv": [ 18.5, 67.0, 20.5, 69.5 ], "rotation": 90 },
																		"west": { "texture": "#skin", "uv": [ 15.5, 69.5, 18.5, 71.5 ], "windMode": [-1,-1,-1,-1] },
																		"up": { "texture": "#skin", "uv": [ 15.5, 67.0, 18.5, 69.5 ], "rotation": 90 }
																	},
																	"children": [
																		{
																			"name": "Uppermouth",
																			"from": [ -0.4, -0.3, -0.2 ],
																			"to": [ 4.1, 1.7, 3.4 ],
																			"unwrapMode": 5,
																			"unwrapRotation": 1,
																			"uv": [ 36.0, 1.0 ],
																			"rotationOrigin": [ -0.4, 0.9, -0.2 ],
																			"rotationZ": -20.0,
																			"faces": {
																				"north": { "texture": "#skin", "uv": [ 36.0, 1.0, 38.0, 5.5 ], "rotation": 270 },
																				"south": { "texture": "#skin", "uv": [ 41.5, 1.0, 43.5, 5.5 ], "rotation": 90 },
																				"west": { "texture": "#skin", "uv": [ 38.0, 5.5, 41.5, 7.5 ], "windMode": [-1,-1,-1,-1] },
																				"up": { "texture": "#skin", "uv": [ 38.0, 1.0, 41.5, 5.5 ], "rotation": 90 },
																				"down": { "texture": "#skin", "uv": [ 43.5, 1.0, 47.0, 5.5 ], "rotation": 270 }
																			},
																			"children": [
																				{
																					"name": "Upper teeth",
																					"from": [ 0.4, -0.4, 0.7 ],
																					"to": [ 0.8, 0.6, 1.7 ],
																					"unwrapMode": 7,
																					"unwrapRotation": 1,
																					"uv": [ 0.5, 9.5 ],
																					"rotationOrigin": [ 0.4, 0.6, 1.7 ],
																					"rotationX": 1.0,
																					"rotationZ": -22.0,
																					"faces": {
																						"north": { "texture": "#skin", "uv": [ 1.5, 10.5, 2.5, 11.0 ], "rotation": 90 },
																						"east": { "texture": "#skin", "uv": [ 1.5, 11.0, 2.5, 12.0 ] },
																						"south": { "texture": "#skin", "uv": [ 0.5, 10.5, 1.5, 11.0 ], "rotation": 270 },
																						"west": { "texture": "#skin", "uv": [ 1.5, 9.5, 2.5, 10.5 ], "rotation": 180 },
																						"down": { "texture": "#skin", "uv": [ 2.5, 10.5, 3.5, 11.0 ], "rotation": 90 }
																					}
																				},
																				{
																					"name": "Upper teeth2",
																					"from": [ 0.4, -0.4, 1.7 ],
																					"to": [ 0.8, 0.6, 2.7 ],
																					"unwrapMode": 7,
																					"unwrapRotation": 1,
																					"uv": [ 2.0, 11.5 ],
																					"rotationOrigin": [ 0.4, 0.6, 1.7 ],
																					"rotationX": -1.0,
																					"rotationZ": -22.0,
																					"faces": {
																						"north": { "texture": "#skin", "uv": [ 3.0, 12.5, 4.0, 13.0 ], "rotation": 90 },
																						"east": { "texture": "#skin", "uv": [ 3.0, 13.0, 4.0, 14.0 ] },
																						"south": { "texture": "#skin", "uv": [ 2.0, 12.5, 3.0, 13.0 ], "rotation": 270 },
																						"west": { "texture": "#skin", "uv": [ 3.0, 11.5, 4.0, 12.5 ], "rotation": 180 },
																						"down": { "texture": "#skin", "uv": [ 4.0, 12.5, 5.0, 13.0 ], "rotation": 90 }
																					}
																				}
																			]
																		},
																		{
																			"name": "Snout",
																			"from": [ -0.2, 0.0, 0.6 ],
																			"to": [ 1.8, 2.0, 2.6 ],
																			"unwrapMode": 5,
																			"unwrapRotation": 1,
																			"uv": [ 60.0, 39.5 ],
																			"rotationOrigin": [ 1.8, 2.0, 0.6 ],
																			"rotationZ": -5.0,
																			"faces": {
																				"north": { "texture": "#skin", "uv": [ 60.0, 39.5, 62.0, 41.5 ], "rotation": 270 },
																				"south": { "texture": "#skin", "uv": [ 64.0, 39.5, 66.0, 41.5 ], "rotation": 90 },
																				"west": { "texture": "#skin", "uv": [ 62.0, 41.5, 64.0, 43.5 ] },
																				"up": { "texture": "#skin", "uv": [ 62.0, 39.5, 64.0, 41.5 ], "rotation": 90 }
																			},
																			"children": [
																				{
																					"name": "Upper nose",
																					"from": [ -0.3, 0.9, 0.3 ],
																					"to": [ 1.7, 2.1, 1.7 ],
																					"unwrapMode": 5,
																					"unwrapRotation": 1,
																					"uv": [ 1.5, 67.0 ],
																					"rotationOrigin": [ -0.3, 1.9, 0.3 ],
																					"rotationZ": -2.0,
																					"faces": {
																						"north": { "texture": "#skin", "uv": [ 1.5, 67.0, 2.5, 69.0 ], "rotation": 270 },
																						"south": { "texture": "#skin", "uv": [ 3.5, 67.0, 4.5, 69.0 ], "rotation": 90 },
																						"west": { "texture": "#skin", "uv": [ 2.5, 69.0, 3.5, 70.0 ] },
																						"up": { "texture": "#skin", "uv": [ 2.5, 67.0, 3.5, 69.0 ], "rotation": 90 },
																						"down": { "texture": "#skin", "uv": [ 4.5, 67.0, 5.5, 69.0 ], "rotation": 270 }
																					},
																					"children": [
																						{
																							"name": "Lowernose",
																							"from": [ 0.02, -0.4, 0.3 ],
																							"to": [ 0.42, 0.4, 1.1 ],
																							"uv": [ 4.0, 70.0 ],
																							"rotationOrigin": [ 0.02, 0.0, 0.7 ],
																							"rotationX": 45.0,
																							"faces": {
																								"south": { "texture": "#skin", "uv": [ 4.0, 70.5, 4.5, 71.0 ], "windMode": [-1,-1,-1,-1] },
																								"west": { "texture": "#skin", "uv": [ 4.5, 70.5, 5.0, 71.0 ] },
																								"down": { "texture": "#skin", "uv": [ 4.0, 70.0, 4.5, 70.5 ] }
																							}
																						}
																					]
																				}
																			]
																		},
																		{
																			"name": "REye",
																			"from": [ 2.1, 1.0, -0.6 ],
																			"to": [ 2.5, 1.6, 0.0 ],
																			"unwrapMode": 2,
																			"uv": [ 4.5, 9.5 ],
																			"rotationOrigin": [ 2.1, 1.0, 0.0 ],
																			"rotationY": -15.0,
																			"rotationZ": -20.0,
																			"faces": {
																				"north": { "texture": "#skin", "uv": [ 4.5, 10.0, 5.0, 10.5 ] },
																				"west": { "texture": "#skin", "uv": [ 5.0, 10.0, 5.5, 10.5 ] },
																				"up": { "texture": "#skin", "uv": [ 4.5, 9.5, 5.0, 10.0 ], "rotation": 270 }
																			},
																			"children": [
																				{
																					"name": "RCheek",
																					"from": [ -0.6, -2.0, -1.2 ],
																					"to": [ 0.4, 0.0, 0.8 ],
																					"unwrapMode": 4,
																					"uv": [ 19.0, 70.5 ],
																					"rotationOrigin": [ -0.6, -2.0, 0.8 ],
																					"rotationY": -12.0,
																					"faces": {
																						"north": { "texture": "#skin", "uv": [ 19.0, 71.5, 20.0, 73.5 ] },
																						"west": { "texture": "#skin", "uv": [ 20.0, 71.5, 22.0, 73.5 ] },
																						"up": { "texture": "#skin", "uv": [ 20.0, 70.5, 22.0, 71.5 ], "rotation": 90 },
																						"down": { "texture": "#skin", "uv": [ 20.0, 73.5, 22.0, 74.5 ], "rotation": 90 }
																					}
																				}
																			]
																		},
																		{
																			"name": "LEye",
																			"from": [ 2.1, 1.0, 3.2 ],
																			"to": [ 2.5, 1.6, 3.8 ],
																			"unwrapMode": 2,
																			"uv": [ 4.5, 11.0 ],
																			"rotationOrigin": [ 2.1, 1.0, 3.2 ],
																			"rotationY": 15.0,
																			"rotationZ": -20.0,
																			"faces": {
																				"south": { "texture": "#skin", "uv": [ 4.5, 11.5, 5.0, 12.0 ] },
																				"west": { "texture": "#skin", "uv": [ 5.0, 11.5, 5.5, 12.0 ] },
																				"up": { "texture": "#skin", "uv": [ 5.0, 11.0, 5.5, 11.5 ], "rotation": 270 }
																			},
																			"children": [
																				{
																					"name": "LCheek",
																					"from": [ -0.6, -2.0, -0.2 ],
																					"to": [ 0.4, 0.0, 1.8 ],
																					"unwrapMode": 2,
																					"uv": [ 22.0, 67.0 ],
																					"rotationOrigin": [ -0.6, -2.0, -0.2 ],
																					"rotationY": 12.0,
																					"faces": {
																						"south": { "texture": "#skin", "uv": [ 22.0, 68.0, 23.0, 70.0 ] },
																						"west": { "texture": "#skin", "uv": [ 23.0, 68.0, 25.0, 70.0 ] },
																						"up": { "texture": "#skin", "uv": [ 23.0, 67.0, 25.0, 68.0 ], "rotation": 270 },
																						"down": { "texture": "#skin", "uv": [ 23.0, 70.0, 25.0, 71.0 ], "rotation": 270 }
																					}
																				}
																			]
																		}
																	]
																},
																{
																	"name": "Jaw",
																	"from": [ -0.2, -0.4, -0.2 ],
																	"to": [ 3.8, 2.6, 6.6 ],
																	"unwrapMode": 6,
																	"unwrapRotation": 1,
																	"autoUnwrap": false,
																	"uv": [ 22.5, 1.0 ],
																	"rotationOrigin": [ 3.8, 1.6, 3.2 ],
																	"rotationZ": -19.0,
																	"faces": {
																		"north": { "texture": "#skin", "uv": [ 22.5, 4.0, 25.5, 8.0 ], "rotation": 90 },
																		"south": { "texture": "#skin", "uv": [ 32.0, 4.0, 35.0, 8.0 ], "rotation": 270 },
																		"west": { "texture": "#skin", "uv": [ 25.5, 1.0, 32.0, 4.0 ] },
																		"up": { "texture": "#skin", "uv": [ 6.5, 66.0, 12.5, 70.0 ], "rotation": 270, "autoUv": false, "windMode": [-1,-1,-1,-1] },
																		"down": { "texture": "#skin", "uv": [ 25.5, 4.0, 32.0, 8.0 ], "rotation": 90 }
																	},
																	"children": [
																		{
																			"name": "Lowermouth",
																			"from": [ -1.3, 0.4, 2.2 ],
																			"to": [ 1.2, 1.9, 4.6 ],
																			"unwrapMode": 5,
																			"unwrapRotation": 1,
																			"uv": [ 43.5, 46.0 ],
																			"rotationOrigin": [ 0.9, 1.4, 3.4 ],
																			"rotationZ": 2.0,
																			"faces": {
																				"north": { "texture": "#skin", "uv": [ 43.5, 46.0, 45.0, 48.5 ], "rotation": 270 },
																				"south": { "texture": "#skin", "uv": [ 47.0, 46.0, 48.5, 48.5 ], "rotation": 90 },
																				"west": { "texture": "#skin", "uv": [ 45.0, 48.5, 47.0, 50.0 ] },
																				"up": { "texture": "#skin", "uv": [ 45.0, 46.0, 47.0, 48.5 ], "rotation": 90 },
																				"down": { "texture": "#skin", "uv": [ 48.5, 46.0, 50.5, 48.5 ], "rotation": 270 }
																			},
																			"children": [
																				{
																					"name": "Lower teeth",
																					"from": [ 0.0, 0.4, 0.4 ],
																					"to": [ 0.4, 1.4, 1.0 ],
																					"unwrapMode": 2,
																					"uv": [ 1.5, 14.5 ],
																					"rotationOrigin": [ 0.0, 0.4, 1.0 ],
																					"rotationY": -1.0,
																					"rotationZ": 75.0,
																					"faces": {
																						"north": { "texture": "#skin", "uv": [ 2.5, 15.0, 3.0, 16.0 ] },
																						"east": { "texture": "#skin", "uv": [ 2.0, 15.0, 2.5, 16.0 ] },
																						"south": { "texture": "#skin", "uv": [ 1.5, 15.0, 2.0, 16.0 ] },
																						"west": { "texture": "#skin", "uv": [ 3.0, 15.0, 3.5, 16.0 ] },
																						"up": { "texture": "#skin", "uv": [ 2.0, 14.5, 2.5, 15.0 ], "rotation": 270 }
																					}
																				},
																				{
																					"name": "Lower teeth2",
																					"from": [ 0.0, 0.4, 1.2 ],
																					"to": [ 0.4, 1.4, 1.8 ],
																					"unwrapMode": 2,
																					"uv": [ 3.5, 14.5 ],
																					"rotationOrigin": [ 0.0, 0.4, 1.2 ],
																					"rotationY": 1.0,
																					"rotationZ": 75.0,
																					"faces": {
																						"north": { "texture": "#skin", "uv": [ 4.5, 15.0, 5.0, 16.0 ] },
																						"east": { "texture": "#skin", "uv": [ 4.0, 15.0, 4.5, 16.0 ] },
																						"south": { "texture": "#skin", "uv": [ 3.5, 15.0, 4.0, 16.0 ] },
																						"west": { "texture": "#skin", "uv": [ 5.0, 15.0, 5.5, 16.0 ] },
																						"up": { "texture": "#skin", "uv": [ 4.0, 14.5, 4.5, 15.0 ], "rotation": 270 }
																					}
																				}
																			]
																		}
																	]
																},
																{
																	"name": "R Earbase",
																	"from": [ 4.4, 5.2, 0.2 ],
																	"to": [ 6.4, 6.2, 1.0 ],
																	"unwrapMode": 3,
																	"uv": [ 8.0, 6.5 ],
																	"rotationOrigin": [ 5.4, 5.2, 0.6 ],
																	"rotationY": 67.5,
																	"rotationZ": -45.0,
																	"faces": {
																		"north": { "texture": "#skin", "uv": [ 11.0, 7.0, 13.0, 8.0 ] },
																		"east": { "texture": "#skin", "uv": [ 10.5, 7.0, 11.0, 8.0 ] },
																		"south": { "texture": "#skin", "uv": [ 8.5, 7.0, 10.5, 8.0 ] },
																		"west": { "texture": "#skin", "uv": [ 8.0, 7.0, 8.5, 8.0 ] },
																		"up": { "texture": "#skin", "uv": [ 8.5, 6.5, 10.5, 7.0 ] }
																	},
																	"children": [
																		{
																			"name": "R Eartip",
																			"from": [ 0.0, 1.0, 0.1 ],
																			"to": [ 1.4, 2.4, 0.7 ],
																			"unwrapMode": 3,
																			"uv": [ 11.0, 5.0 ],
																			"rotationOrigin": [ 0.0, 1.0, 0.1 ],
																			"rotationZ": -45.0,
																			"faces": {
																				"north": { "texture": "#skin", "uv": [ 12.5, 5.5, 13.5, 6.5 ] },
																				"south": { "texture": "#skin", "uv": [ 11.5, 5.5, 12.5, 6.5 ] },
																				"west": { "texture": "#skin", "uv": [ 11.0, 5.5, 11.5, 6.5 ], "windMode": [-1,-1,-1,-1] },
																				"up": { "texture": "#skin", "uv": [ 11.5, 5.0, 12.5, 5.5 ] }
																			}
																		}
																	]
																},
																{
																	"name": "L Earbase",
																	"from": [ 4.4, 5.2, 5.4 ],
																	"to": [ 6.4, 6.2, 6.2 ],
																	"unwrapMode": 1,
																	"uv": [ 8.0, 3.0 ],
																	"rotationOrigin": [ 5.4, 5.2, 5.8 ],
																	"rotationY": -67.5,
																	"rotationZ": -45.0,
																	"faces": {
																		"north": { "texture": "#skin", "uv": [ 8.5, 3.5, 10.5, 4.5 ] },
																		"east": { "texture": "#skin", "uv": [ 8.0, 3.5, 8.5, 4.5 ] },
																		"south": { "texture": "#skin", "uv": [ 11.0, 3.5, 13.0, 4.5 ] },
																		"west": { "texture": "#skin", "uv": [ 10.5, 3.5, 11.0, 4.5 ] },
																		"up": { "texture": "#skin", "uv": [ 8.5, 3.0, 10.5, 3.5 ], "rotation": 180 }
																	},
																	"children": [
																		{
																			"name": "L Eartip",
																			"from": [ 0.0, 1.0, 0.1 ],
																			"to": [ 1.4, 2.4, 0.7 ],
																			"unwrapMode": 1,
																			"uv": [ 11.0, 1.5 ],
																			"rotationOrigin": [ 0.0, 1.0, 0.1 ],
																			"rotationZ": -45.0,
																			"faces": {
																				"north": { "texture": "#skin", "uv": [ 11.0, 2.0, 12.0, 3.0 ] },
																				"south": { "texture": "#skin", "uv": [ 12.5, 2.0, 13.5, 3.0 ] },
																				"west": { "texture": "#skin", "uv": [ 12.0, 2.0, 12.5, 3.0 ] },
																				"up": { "texture": "#skin", "uv": [ 11.0, 1.5, 12.0, 2.0 ], "rotation": 180 }
																			}
																		}
																	]
																}
															]
														}
													],
													"attachmentpoints": [
														{
															"code": "rope",
															"posX": "1.0","posY": "0.0","posZ": "3.0",
															"rotationX": "0.0","rotationY": "0.0","rotationZ": "0.0"
														}
													]
												}
											]
										},
										{
											"name": "R Shoulder",
											"from": [ -1.4, 8.8, 0.6 ],
											"to": [ 3.6, 10.8, 3.4 ],
											"unwrapMode": 1,
											"uv": [ 66.0, 36.5 ],
											"rotationOrigin": [ 3.6, 10.8, 2.0 ],
											"rotationY": -10.0,
											"rotationZ": 13.0,
											"faces": {
												"north": { "texture": "#skin", "uv": [ 68.5, 36.5, 73.5, 38.5 ] },
												"east": { "texture": "#skin", "uv": [ 66.0, 36.5, 68.5, 38.5 ] },
												"west": { "texture": "#skin", "uv": [ 73.5, 36.5, 76.0, 38.5 ] },
												"down": { "texture": "#skin", "uv": [ 68.5, 38.5, 73.5, 41.0 ] }
											},
											"children": [
												{
													"name": "R Arm",
													"from": [ 0.0, -5.4, -0.2 ],
													"to": [ 4.0, 2.0, 3.0 ],
													"unwrapMode": 1,
													"uv": [ 66.5, 41.5 ],
													"rotationOrigin": [ 0.0, 2.0, 1.4 ],
													"rotationX": 10.0,
													"rotationY": 10.0,
													"rotationZ": -1.0,
													"faces": {
														"north": { "texture": "#skin", "uv": [ 69.5, 44.5, 73.5, 51.5 ] },
														"east": { "texture": "#skin", "uv": [ 66.5, 44.5, 69.5, 51.5 ] },
														"south": { "texture": "#skin", "uv": [ 76.5, 44.5, 80.5, 51.5 ] },
														"west": { "texture": "#skin", "uv": [ 73.5, 44.5, 76.5, 51.5 ] },
														"up": { "texture": "#skin", "uv": [ 69.5, 41.5, 73.5, 44.5 ], "rotation": 180 },
														"down": { "texture": "#skin", "uv": [ 69.5, 51.5, 73.5, 54.5 ] }
													},
													"children": [
														{
															"name": "R Lowerarm",
															"from": [ 0.0, -6.6, 0.2 ],
															"to": [ 3.0, -1.6, 3.0 ],
															"unwrapMode": 1,
															"uv": [ 67.0, 55.0 ],
															"rotationOrigin": [ 3.0, 0.0, 1.6 ],
															"rotationY": 30.0,
															"rotationZ": -89.0,
															"faces": {
																"north": { "texture": "#skin", "uv": [ 69.5, 57.5, 72.5, 62.5 ] },
																"east": { "texture": "#skin", "uv": [ 67.0, 57.5, 69.5, 62.5 ] },
																"south": { "texture": "#skin", "uv": [ 75.0, 57.5, 78.0, 62.5 ] },
																"west": { "texture": "#skin", "uv": [ 72.5, 57.5, 75.0, 62.5 ] },
																"up": { "texture": "#skin", "uv": [ 69.5, 55.0, 72.5, 57.5 ], "rotation": 180 },
																"down": { "texture": "#skin", "uv": [ 69.5, 62.5, 72.5, 65.0 ] }
															},
															"children": [
																{
																	"name": "R Wrist",
																	"from": [ 0.0, -1.0, 0.4 ],
																	"to": [ 2.0, 1.0, 2.4 ],
																	"unwrapMode": 1,
																	"uv": [ 67.5, 65.5 ],
																	"rotationOrigin": [ 1.0, 1.0, 1.4 ],
																	"rotationZ": 46.0,
																	"faces": {
																		"north": { "texture": "#skin", "uv": [ 69.5, 65.5, 71.5, 67.5 ] },
																		"east": { "texture": "#skin", "uv": [ 67.5, 65.5, 69.5, 67.5 ] },
																		"south": { "texture": "#skin", "uv": [ 73.5, 65.5, 75.5, 67.5 ] },
																		"west": { "texture": "#skin", "uv": [ 71.5, 65.5, 73.5, 67.5 ] }
																	},
																	"children": [
																		{
																			"name": "R Hand",
																			"from": [ 1.6, -1.8, -0.5 ],
																			"to": [ 2.6, 1.4, 2.5 ],
																			"unwrapMode": 2,
																			"unwrapRotation": 1,
																			"uv": [ 68.5, 68.0 ],
																			"rotationOrigin": [ 1.6, 0.8, 1.0 ],
																			"rotationX": 11.0,
																			"rotationY": -8.0,
																			"rotationZ": -79.0,
																			"faces": {
																				"north": { "texture": "#skin", "uv": [ 69.5, 68.0, 72.5, 69.0 ], "rotation": 90 },
																				"east": { "texture": "#skin", "uv": [ 69.5, 69.0, 72.5, 72.0 ], "rotation": 90 },
																				"south": { "texture": "#skin", "uv": [ 69.5, 72.0, 72.5, 73.0 ], "rotation": 90 },
																				"west": { "texture": "#skin", "uv": [ 73.5, 69.0, 76.5, 72.0 ], "rotation": 270 },
																				"up": { "texture": "#skin", "uv": [ 68.5, 69.0, 69.5, 72.0 ] },
																				"down": { "texture": "#skin", "uv": [ 72.5, 69.0, 73.5, 72.0 ] }
																			},
																			"children": [
																				{
																					"name": "R finger 1",
																					"from": [ 0.1, -0.2, 0.0 ],
																					"to": [ 0.9, 1.0, 0.6 ],
																					"unwrapMode": 4,
																					"uv": [ 73.5, 63.5 ],
																					"rotationOrigin": [ 0.1, 1.0, 0.2 ],
																					"rotationX": 22.5,
																					"rotationZ": 15.0,
																					"faces": {
																						"north": { "texture": "#skin", "uv": [ 73.5, 63.5, 74.0, 64.5 ] },
																						"east": { "texture": "#skin", "uv": [ 75.0, 63.5, 75.5, 64.5 ] },
																						"south": { "texture": "#skin", "uv": [ 74.5, 63.5, 75.0, 64.5 ] },
																						"west": { "texture": "#skin", "uv": [ 74.0, 63.5, 74.5, 64.5 ] },
																						"down": { "texture": "#skin", "uv": [ 74.0, 64.5, 74.5, 65.0 ], "rotation": 90 }
																					},
																					"children": [
																						{
																							"name": "R finger claw 1",
																							"from": [ 0.0, -0.8, 0.1 ],
																							"to": [ 0.4, 0.0, 0.5 ],
																							"unwrapMode": 4,
																							"uv": [ 77.0, 13.0 ],
																							"rotationOrigin": [ 0.0, 0.0, 0.3 ],
																							"rotationZ": 5.0,
																							"faces": {
																								"north": { "texture": "#skin", "uv": [ 77.0, 13.0, 77.5, 13.5 ] },
																								"east": { "texture": "#skin", "uv": [ 78.5, 13.0, 79.0, 13.5 ] },
																								"south": { "texture": "#skin", "uv": [ 78.0, 13.0, 78.5, 13.5 ] },
																								"west": { "texture": "#skin", "uv": [ 77.5, 13.0, 78.0, 13.5 ] },
																								"down": { "texture": "#skin", "uv": [ 77.5, 13.5, 78.0, 14.0 ], "rotation": 90 }
																							}
																						}
																					]
																				},
																				{
																					"name": "R finger 2",
																					"from": [ 0.3, -1.0, 0.4 ],
																					"to": [ 0.9, 0.2, 1.2 ],
																					"unwrapMode": 4,
																					"uv": [ 76.0, 63.5 ],
																					"rotationOrigin": [ 0.3, 0.2, 0.8 ],
																					"rotationX": 12.5,
																					"rotationZ": 10.0,
																					"faces": {
																						"north": { "texture": "#skin", "uv": [ 76.0, 63.5, 76.5, 64.5 ] },
																						"east": { "texture": "#skin", "uv": [ 77.5, 63.5, 78.0, 64.5 ] },
																						"south": { "texture": "#skin", "uv": [ 77.0, 63.5, 77.5, 64.5 ] },
																						"west": { "texture": "#skin", "uv": [ 76.5, 63.5, 77.0, 64.5 ] },
																						"down": { "texture": "#skin", "uv": [ 76.5, 64.5, 77.0, 65.0 ], "rotation": 90 }
																					},
																					"children": [
																						{
																							"name": "R finger claw 2",
																							"from": [ 0.0, -0.8, 0.2 ],
																							"to": [ 0.4, 0.0, 0.6 ],
																							"unwrapMode": 4,
																							"uv": [ 77.0, 13.5 ],
																							"rotationOrigin": [ 0.0, 0.0, 0.4 ],
																							"rotationZ": 5.0,
																							"faces": {
																								"north": { "texture": "#skin", "uv": [ 77.0, 13.5, 77.5, 14.0 ] },
																								"east": { "texture": "#skin", "uv": [ 78.5, 13.5, 79.0, 14.0 ] },
																								"south": { "texture": "#skin", "uv": [ 78.0, 13.5, 78.5, 14.0 ] },
																								"west": { "texture": "#skin", "uv": [ 77.5, 13.5, 78.0, 14.0 ] },
																								"down": { "texture": "#skin", "uv": [ 77.5, 14.0, 78.0, 14.5 ], "rotation": 90 }
																							}
																						}
																					]
																				},
																				{
																					"name": "R finger 3",
																					"from": [ 0.3, -1.4, 1.2 ],
																					"to": [ 0.9, 0.6, 2.0 ],
																					"unwrapMode": 4,
																					"uv": [ 78.5, 63.5 ],
																					"rotationOrigin": [ 0.3, 0.2, 1.6 ],
																					"rotationZ": 5.0,
																					"faces": {
																						"north": { "texture": "#skin", "uv": [ 78.5, 63.5, 79.0, 65.5 ] },
																						"east": { "texture": "#skin", "uv": [ 80.0, 63.5, 80.5, 65.5 ] },
																						"south": { "texture": "#skin", "uv": [ 79.5, 63.5, 80.0, 65.5 ] },
																						"west": { "texture": "#skin", "uv": [ 79.0, 63.5, 79.5, 65.5 ] },
																						"down": { "texture": "#skin", "uv": [ 79.0, 65.5, 79.5, 66.0 ], "rotation": 90 }
																					},
																					"children": [
																						{
																							"name": "R finger claw 3",
																							"from": [ 0.0, -1.0, 0.2 ],
																							"to": [ 0.4, 0.0, 0.6 ],
																							"unwrapMode": 4,
																							"uv": [ 77.0, 14.0 ],
																							"rotationOrigin": [ 0.0, 0.0, 0.4 ],
																							"rotationZ": 5.0,
																							"faces": {
																								"north": { "texture": "#skin", "uv": [ 77.0, 14.0, 77.5, 15.0 ] },
																								"east": { "texture": "#skin", "uv": [ 78.5, 14.0, 79.0, 15.0 ] },
																								"south": { "texture": "#skin", "uv": [ 78.0, 14.0, 78.5, 15.0 ] },
																								"west": { "texture": "#skin", "uv": [ 77.5, 14.0, 78.0, 15.0 ] },
																								"down": { "texture": "#skin", "uv": [ 77.5, 15.0, 78.0, 15.5 ], "rotation": 90 }
																							}
																						}
																					]
																				},
																				{
																					"name": "R finger 4",
																					"from": [ 0.3, -1.4, 2.2 ],
																					"to": [ 0.9, 0.6, 3.0 ],
																					"unwrapMode": 4,
																					"uv": [ 76.5, 66.0 ],
																					"rotationOrigin": [ 0.3, 0.2, 2.6 ],
																					"rotationX": -5.0,
																					"rotationZ": 5.0,
																					"faces": {
																						"north": { "texture": "#skin", "uv": [ 76.5, 66.0, 77.0, 68.0 ] },
																						"east": { "texture": "#skin", "uv": [ 78.0, 66.0, 78.5, 68.0 ] },
																						"south": { "texture": "#skin", "uv": [ 77.5, 66.0, 78.0, 68.0 ] },
																						"west": { "texture": "#skin", "uv": [ 77.0, 66.0, 77.5, 68.0 ] },
																						"down": { "texture": "#skin", "uv": [ 77.0, 68.0, 77.5, 68.5 ], "rotation": 90 }
																					},
																					"children": [
																						{
																							"name": "R finger claw 4",
																							"from": [ 0.0, -1.0, 0.2 ],
																							"to": [ 0.4, 0.0, 0.6 ],
																							"unwrapMode": 4,
																							"uv": [ 77.0, 15.0 ],
																							"rotationOrigin": [ 0.0, 0.0, 0.4 ],
																							"rotationZ": 5.0,
																							"faces": {
																								"north": { "texture": "#skin", "uv": [ 77.0, 15.0, 77.5, 16.0 ] },
																								"east": { "texture": "#skin", "uv": [ 78.5, 15.0, 79.0, 16.0 ] },
																								"south": { "texture": "#skin", "uv": [ 78.0, 15.0, 78.5, 16.0 ] },
																								"west": { "texture": "#skin", "uv": [ 77.5, 15.0, 78.0, 16.0 ] },
																								"down": { "texture": "#skin", "uv": [ 77.5, 16.0, 78.0, 16.5 ], "rotation": 90 }
																							}
																						}
																					]
																				},
																				{
																					"name": "R finger 5",
																					"from": [ 0.1, -0.2, 2.6 ],
																					"to": [ 0.9, 1.0, 3.2 ],
																					"unwrapMode": 4,
																					"uv": [ 77.0, 69.0 ],
																					"rotationOrigin": [ 0.1, 1.0, 2.8 ],
																					"rotationX": -28.0,
																					"rotationZ": 15.0,
																					"faces": {
																						"north": { "texture": "#skin", "uv": [ 77.0, 69.0, 77.5, 70.0 ] },
																						"east": { "texture": "#skin", "uv": [ 78.5, 69.0, 79.0, 70.0 ] },
																						"south": { "texture": "#skin", "uv": [ 78.0, 69.0, 78.5, 70.0 ] },
																						"west": { "texture": "#skin", "uv": [ 77.5, 69.0, 78.0, 70.0 ] },
																						"down": { "texture": "#skin", "uv": [ 77.5, 70.0, 78.0, 70.5 ], "rotation": 90 }
																					},
																					"children": [
																						{
																							"name": "R finger claw 5",
																							"from": [ 0.0, -0.8, 0.1 ],
																							"to": [ 0.4, 0.0, 0.5 ],
																							"unwrapMode": 4,
																							"uv": [ 77.0, 16.0 ],
																							"rotationOrigin": [ 0.0, 0.0, 0.3 ],
																							"rotationZ": 5.0,
																							"faces": {
																								"north": { "texture": "#skin", "uv": [ 77.0, 16.0, 77.5, 16.5 ] },
																								"east": { "texture": "#skin", "uv": [ 78.5, 16.0, 79.0, 16.5 ] },
																								"south": { "texture": "#skin", "uv": [ 78.0, 16.0, 78.5, 16.5 ] },
																								"west": { "texture": "#skin", "uv": [ 77.5, 16.0, 78.0, 16.5 ] },
																								"down": { "texture": "#skin", "uv": [ 77.5, 16.5, 78.0, 17.0 ], "rotation": 90 }
																							}
																						}
																					]
																				}
																			]
																		}
																	]
																}
															]
														}
													]
												}
											]
										},
										{
											"name": "L Shoulder",
											"from": [ -1.4, 8.8, 8.6 ],
											"to": [ 3.6, 10.8, 11.4 ],
											"unwrapMode": 3,
											"uv": [ 51.0, 36.5 ],
											"rotationOrigin": [ 3.6, 10.8, 10.0 ],
											"rotationY": 10.0,
											"rotationZ": 13.0,
											"faces": {
												"east": { "texture": "#skin", "uv": [ 58.5, 36.5, 61.0, 38.5 ] },
												"south": { "texture": "#skin", "uv": [ 53.5, 36.5, 58.5, 38.5 ] },
												"west": { "texture": "#skin", "uv": [ 51.0, 36.5, 53.5, 38.5 ] },
												"down": { "texture": "#skin", "uv": [ 53.5, 38.5, 58.5, 41.0 ], "rotation": 180 }
											},
											"children": [
												{
													"name": "L Arm",
													"from": [ 0.0, -5.4, -0.2 ],
													"to": [ 4.0, 2.0, 3.0 ],
													"unwrapMode": 3,
													"uv": [ 51.5, 41.5 ],
													"rotationOrigin": [ 0.0, 2.0, 1.4 ],
													"rotationX": -10.0,
													"rotationY": -10.0,
													"rotationZ": -1.0,
													"faces": {
														"north": { "texture": "#skin", "uv": [ 61.5, 44.5, 65.5, 51.5 ] },
														"east": { "texture": "#skin", "uv": [ 58.5, 44.5, 61.5, 51.5 ] },
														"south": { "texture": "#skin", "uv": [ 54.5, 44.5, 58.5, 51.5 ] },
														"west": { "texture": "#skin", "uv": [ 51.5, 44.5, 54.5, 51.5 ] },
														"up": { "texture": "#skin", "uv": [ 54.5, 41.5, 58.5, 44.5 ] },
														"down": { "texture": "#skin", "uv": [ 54.5, 51.5, 58.5, 54.5 ], "rotation": 180 }
													},
													"children": [
														{
															"name": "L Lowerarm",
															"from": [ 0.0, -6.6, 0.2 ],
															"to": [ 3.0, -1.6, 3.0 ],
															"unwrapMode": 3,
															"uv": [ 52.0, 55.0 ],
															"rotationOrigin": [ 3.0, 0.0, 1.6 ],
															"rotationY": -30.0,
															"rotationZ": -89.0,
															"faces": {
																"north": { "texture": "#skin", "uv": [ 60.0, 57.5, 63.0, 62.5 ] },
																"east": { "texture": "#skin", "uv": [ 57.5, 57.5, 60.0, 62.5 ] },
																"south": { "texture": "#skin", "uv": [ 54.5, 57.5, 57.5, 62.5 ] },
																"west": { "texture": "#skin", "uv": [ 52.0, 57.5, 54.5, 62.5 ] },
																"up": { "texture": "#skin", "uv": [ 54.5, 55.0, 57.5, 57.5 ] },
																"down": { "texture": "#skin", "uv": [ 54.5, 62.5, 57.5, 65.0 ], "rotation": 180 }
															},
															"children": [
																{
																	"name": "L Wrist",
																	"from": [ 0.0, -1.0, 0.4 ],
																	"to": [ 2.0, 1.0, 2.4 ],
																	"unwrapMode": 3,
																	"uv": [ 52.5, 65.5 ],
																	"rotationOrigin": [ 1.0, 1.0, 1.4 ],
																	"rotationX": -17.0,
																	"rotationY": -6.0,
																	"rotationZ": 54.0,
																	"faces": {
																		"north": { "texture": "#skin", "uv": [ 58.5, 65.5, 60.5, 67.5 ] },
																		"east": { "texture": "#skin", "uv": [ 56.5, 65.5, 58.5, 67.5 ] },
																		"south": { "texture": "#skin", "uv": [ 54.5, 65.5, 56.5, 67.5 ] },
																		"west": { "texture": "#skin", "uv": [ 52.5, 65.5, 54.5, 67.5 ] }
																	},
																	"children": [
																		{
																			"name": "L Hand",
																			"from": [ 1.6, -1.8, -0.5 ],
																			"to": [ 2.6, 1.4, 2.5 ],
																			"unwrapMode": 2,
																			"unwrapRotation": 1,
																			"uv": [ 53.5, 68.0 ],
																			"rotationOrigin": [ 1.6, 0.8, 1.0 ],
																			"rotationY": 22.0,
																			"rotationZ": -87.0,
																			"faces": {
																				"north": { "texture": "#skin", "uv": [ 54.5, 68.0, 57.5, 69.0 ], "rotation": 90 },
																				"east": { "texture": "#skin", "uv": [ 54.5, 69.0, 57.5, 72.0 ], "rotation": 90 },
																				"south": { "texture": "#skin", "uv": [ 54.5, 72.0, 57.5, 73.0 ], "rotation": 90 },
																				"west": { "texture": "#skin", "uv": [ 58.5, 69.0, 61.5, 72.0 ], "rotation": 270 },
																				"up": { "texture": "#skin", "uv": [ 53.5, 69.0, 54.5, 72.0 ] },
																				"down": { "texture": "#skin", "uv": [ 57.5, 69.0, 58.5, 72.0 ] }
																			},
																			"children": [
																				{
																					"name": "L finger 1",
																					"from": [ 0.1, -0.2, 2.4 ],
																					"to": [ 0.9, 1.0, 3.0 ],
																					"unwrapMode": 4,
																					"uv": [ 58.5, 63.5 ],
																					"rotationOrigin": [ 0.1, 1.0, 2.6 ],
																					"rotationX": -22.5,
																					"rotationZ": 15.0,
																					"faces": {
																						"north": { "texture": "#skin", "uv": [ 58.5, 63.5, 59.0, 64.5 ] },
																						"east": { "texture": "#skin", "uv": [ 60.0, 63.5, 60.5, 64.5 ] },
																						"south": { "texture": "#skin", "uv": [ 59.5, 63.5, 60.0, 64.5 ] },
																						"west": { "texture": "#skin", "uv": [ 59.0, 63.5, 59.5, 64.5 ] },
																						"down": { "texture": "#skin", "uv": [ 59.0, 64.5, 59.5, 65.0 ], "rotation": 90 }
																					},
																					"children": [
																						{
																							"name": "L finger claw 1",
																							"from": [ 0.0, -0.8, 0.1 ],
																							"to": [ 0.4, 0.0, 0.5 ],
																							"unwrapMode": 4,
																							"uv": [ 63.0, 14.0 ],
																							"rotationOrigin": [ 0.0, 0.0, 0.3 ],
																							"rotationZ": 5.0,
																							"faces": {
																								"north": { "texture": "#skin", "uv": [ 63.0, 14.0, 63.5, 14.5 ] },
																								"east": { "texture": "#skin", "uv": [ 64.5, 14.0, 65.0, 14.5 ] },
																								"south": { "texture": "#skin", "uv": [ 64.0, 14.0, 64.5, 14.5 ] },
																								"west": { "texture": "#skin", "uv": [ 63.5, 14.0, 64.0, 14.5 ] },
																								"down": { "texture": "#skin", "uv": [ 63.5, 14.5, 64.0, 15.0 ], "rotation": 90 }
																							}
																						}
																					]
																				},
																				{
																					"name": "L finger 2",
																					"from": [ 0.3, -1.0, 1.8 ],
																					"to": [ 0.9, 0.2, 2.6 ],
																					"unwrapMode": 4,
																					"uv": [ 61.0, 63.5 ],
																					"rotationOrigin": [ 0.3, 0.2, 2.2 ],
																					"rotationX": -12.5,
																					"rotationZ": 10.0,
																					"faces": {
																						"north": { "texture": "#skin", "uv": [ 61.0, 63.5, 61.5, 64.5 ] },
																						"east": { "texture": "#skin", "uv": [ 62.5, 63.5, 63.0, 64.5 ] },
																						"south": { "texture": "#skin", "uv": [ 62.0, 63.5, 62.5, 64.5 ] },
																						"west": { "texture": "#skin", "uv": [ 61.5, 63.5, 62.0, 64.5 ] },
																						"down": { "texture": "#skin", "uv": [ 61.5, 64.5, 62.0, 65.0 ], "rotation": 90 }
																					},
																					"children": [
																						{
																							"name": "L finger claw 2",
																							"from": [ 0.0, -0.8, 0.2 ],
																							"to": [ 0.4, 0.0, 0.6 ],
																							"unwrapMode": 4,
																							"uv": [ 63.0, 14.5 ],
																							"rotationOrigin": [ 0.0, 0.0, 0.4 ],
																							"rotationZ": 5.0,
																							"faces": {
																								"north": { "texture": "#skin", "uv": [ 63.0, 14.5, 63.5, 15.0 ] },
																								"east": { "texture": "#skin", "uv": [ 64.5, 14.5, 65.0, 15.0 ] },
																								"south": { "texture": "#skin", "uv": [ 64.0, 14.5, 64.5, 15.0 ] },
																								"west": { "texture": "#skin", "uv": [ 63.5, 14.5, 64.0, 15.0 ] },
																								"down": { "texture": "#skin", "uv": [ 63.5, 15.0, 64.0, 15.5 ], "rotation": 90 }
																							}
																						}
																					]
																				},
																				{
																					"name": "L finger 3",
																					"from": [ 0.3, -1.4, 1.0 ],
																					"to": [ 0.9, 0.6, 1.8 ],
																					"unwrapMode": 4,
																					"uv": [ 63.5, 63.5 ],
																					"rotationOrigin": [ 0.3, 0.2, 1.4 ],
																					"rotationZ": 5.0,
																					"faces": {
																						"north": { "texture": "#skin", "uv": [ 63.5, 63.5, 64.0, 65.5 ] },
																						"east": { "texture": "#skin", "uv": [ 65.0, 63.5, 65.5, 65.5 ] },
																						"south": { "texture": "#skin", "uv": [ 64.5, 63.5, 65.0, 65.5 ] },
																						"west": { "texture": "#skin", "uv": [ 64.0, 63.5, 64.5, 65.5 ] },
																						"down": { "texture": "#skin", "uv": [ 64.0, 65.5, 64.5, 66.0 ], "rotation": 90 }
																					},
																					"children": [
																						{
																							"name": "L finger claw 3",
																							"from": [ 0.0, -1.0, 0.2 ],
																							"to": [ 0.4, 0.0, 0.6 ],
																							"unwrapMode": 4,
																							"uv": [ 63.0, 15.0 ],
																							"rotationOrigin": [ 0.0, 0.0, 0.4 ],
																							"rotationZ": 5.0,
																							"faces": {
																								"north": { "texture": "#skin", "uv": [ 63.0, 15.0, 63.5, 16.0 ] },
																								"east": { "texture": "#skin", "uv": [ 64.5, 15.0, 65.0, 16.0 ] },
																								"south": { "texture": "#skin", "uv": [ 64.0, 15.0, 64.5, 16.0 ] },
																								"west": { "texture": "#skin", "uv": [ 63.5, 15.0, 64.0, 16.0 ] },
																								"down": { "texture": "#skin", "uv": [ 63.5, 16.0, 64.0, 16.5 ], "rotation": 90 }
																							}
																						}
																					]
																				},
																				{
																					"name": "L finger 4",
																					"from": [ 0.3, -1.4, 0.0 ],
																					"to": [ 0.9, 0.6, 0.8 ],
																					"unwrapMode": 4,
																					"uv": [ 61.5, 66.0 ],
																					"rotationOrigin": [ 0.3, 0.2, 0.4 ],
																					"rotationX": 5.0,
																					"rotationZ": 5.0,
																					"faces": {
																						"north": { "texture": "#skin", "uv": [ 61.5, 66.0, 62.0, 68.0 ] },
																						"east": { "texture": "#skin", "uv": [ 63.0, 66.0, 63.5, 68.0 ] },
																						"south": { "texture": "#skin", "uv": [ 62.5, 66.0, 63.0, 68.0 ] },
																						"west": { "texture": "#skin", "uv": [ 62.0, 66.0, 62.5, 68.0 ] },
																						"down": { "texture": "#skin", "uv": [ 62.0, 68.0, 62.5, 68.5 ], "rotation": 90 }
																					},
																					"children": [
																						{
																							"name": "L finger claw 4",
																							"from": [ 0.0, -1.0, 0.2 ],
																							"to": [ 0.4, 0.0, 0.6 ],
																							"unwrapMode": 4,
																							"uv": [ 63.0, 16.0 ],
																							"rotationOrigin": [ 0.0, 0.0, 0.4 ],
																							"rotationZ": 5.0,
																							"faces": {
																								"north": { "texture": "#skin", "uv": [ 63.0, 16.0, 63.5, 17.0 ] },
																								"east": { "texture": "#skin", "uv": [ 64.5, 16.0, 65.0, 17.0 ] },
																								"south": { "texture": "#skin", "uv": [ 64.0, 16.0, 64.5, 17.0 ] },
																								"west": { "texture": "#skin", "uv": [ 63.5, 16.0, 64.0, 17.0 ] },
																								"down": { "texture": "#skin", "uv": [ 63.5, 17.0, 64.0, 17.5 ], "rotation": 90 }
																							}
																						}
																					]
																				},
																				{
																					"name": "L finger 5",
																					"from": [ 0.1, -0.2, -0.2 ],
																					"to": [ 0.9, 1.0, 0.4 ],
																					"unwrapMode": 4,
																					"uv": [ 62.0, 69.0 ],
																					"rotationOrigin": [ 0.1, 1.0, 0.0 ],
																					"rotationX": 28.0,
																					"rotationZ": 15.0,
																					"faces": {
																						"north": { "texture": "#skin", "uv": [ 62.0, 69.0, 62.5, 70.0 ] },
																						"east": { "texture": "#skin", "uv": [ 63.5, 69.0, 64.0, 70.0 ] },
																						"south": { "texture": "#skin", "uv": [ 63.0, 69.0, 63.5, 70.0 ] },
																						"west": { "texture": "#skin", "uv": [ 62.5, 69.0, 63.0, 70.0 ] },
																						"down": { "texture": "#skin", "uv": [ 62.5, 70.0, 63.0, 70.5 ], "rotation": 90 }
																					},
																					"children": [
																						{
																							"name": "L finger claw 5",
																							"from": [ 0.0, -0.8, 0.1 ],
																							"to": [ 0.4, 0.0, 0.5 ],
																							"unwrapMode": 4,
																							"uv": [ 63.0, 17.0 ],
																							"rotationOrigin": [ 0.0, 0.0, 0.3 ],
																							"rotationZ": 5.0,
																							"faces": {
																								"north": { "texture": "#skin", "uv": [ 63.0, 17.0, 63.5, 17.5 ] },
																								"east": { "texture": "#skin", "uv": [ 64.5, 17.0, 65.0, 17.5 ] },
																								"south": { "texture": "#skin", "uv": [ 64.0, 17.0, 64.5, 17.5 ] },
																								"west": { "texture": "#skin", "uv": [ 63.5, 17.0, 64.0, 17.5 ] },
																								"down": { "texture": "#skin", "uv": [ 63.5, 17.5, 64.0, 18.0 ], "rotation": 90 }
																							}
																						}
																					]
																				}
																			]
																		}
																	]
																}
															]
														}
													]
												}
											]
										}
									]
								}
							]
						},
						{
							"name": "Tail01",
							"from": [ 8.2, 6.4, 5.0 ],
							"to": [ 10.8, 8.4, 7.0 ],
							"unwrapMode": 7,
							"unwrapRotation": 1,
							"uv": [ 1.5, 50.5 ],
							"rotationOrigin": [ 8.8, 8.4, 6.0 ],
							"faces": {
								"north": { "texture": "#skin", "uv": [ 5.5, 50.5, 7.5, 53.0 ], "rotation": 90 },
								"east": { "texture": "#skin", "uv": [ 3.5, 53.0, 5.5, 55.0 ], "windMode": [-1,-1,-1,-1] },
								"south": { "texture": "#skin", "uv": [ 1.5, 50.5, 3.5, 53.0 ], "rotation": 270 },
								"up": { "texture": "#skin", "uv": [ 3.5, 50.5, 5.5, 53.0 ], "rotation": 270 },
								"down": { "texture": "#skin", "uv": [ 7.5, 50.5, 9.5, 53.0 ], "rotation": 90 }
							}
						},
						{
							"name": "R Thigh",
							"from": [ 4.0, 0.0, -0.2 ],
							"to": [ 8.0, 7.0, 3.8 ],
							"unwrapMode": 1,
							"uv": [ 65.5, 1.0 ],
							"rotationOrigin": [ 6.0, 6.0, 0.8 ],
							"rotationX": 10.0,
							"rotationZ": 86.0,
							"faces": {
								"north": { "texture": "#skin", "uv": [ 69.5, 5.0, 73.5, 12.0 ] },
								"east": { "texture": "#skin", "uv": [ 65.5, 5.0, 69.5, 12.0 ] },
								"south": { "texture": "#skin", "uv": [ 77.5, 5.0, 81.5, 12.0 ] },
								"west": { "texture": "#skin", "uv": [ 73.5, 5.0, 77.5, 12.0 ] },
								"up": { "texture": "#skin", "uv": [ 69.5, 1.0, 73.5, 5.0 ], "rotation": 180 },
								"down": { "texture": "#skin", "uv": [ 69.5, 12.0, 73.5, 16.0 ] }
							},
							"children": [
								{
									"name": "R Lowerleg",
									"from": [ 0.0, 0.0, 0.4 ],
									"to": [ 5.0, 3.2, 3.6 ],
									"unwrapMode": 1,
									"unwrapRotation": 1,
									"uv": [ 66.5, 16.5 ],
									"rotationOrigin": [ 0.0, 0.0, 2.0 ],
									"rotationX": -10.0,
									"rotationZ": -45.0,
									"faces": {
										"north": { "texture": "#skin", "uv": [ 69.5, 19.5, 72.5, 24.5 ], "rotation": 90 },
										"east": { "texture": "#skin", "uv": [ 69.5, 24.5, 72.5, 27.5 ], "rotation": 90 },
										"south": { "texture": "#skin", "uv": [ 75.5, 19.5, 78.5, 24.5 ], "rotation": 270 },
										"west": { "texture": "#skin", "uv": [ 69.5, 16.5, 72.5, 19.5 ], "rotation": 90 },
										"up": { "texture": "#skin", "uv": [ 66.5, 19.5, 69.5, 24.5 ], "rotation": 270 },
										"down": { "texture": "#skin", "uv": [ 72.5, 19.5, 75.5, 24.5 ], "rotation": 90 }
									},
									"children": [
										{
											"name": "R Ankle",
											"from": [ 3.6, 0.8, 0.6 ],
											"to": [ 5.6, 2.8, 2.6 ],
											"unwrapMode": 1,
											"unwrapRotation": 1,
											"uv": [ 67.5, 28.0 ],
											"rotationOrigin": [ 3.6, 1.8, 1.6 ],
											"rotationZ": 39.0,
											"faces": {
												"north": { "texture": "#skin", "uv": [ 69.5, 28.0, 71.5, 30.0 ], "rotation": 90 },
												"south": { "texture": "#skin", "uv": [ 73.5, 28.0, 75.5, 30.0 ], "rotation": 270 },
												"up": { "texture": "#skin", "uv": [ 67.5, 28.0, 69.5, 30.0 ], "rotation": 270 },
												"down": { "texture": "#skin", "uv": [ 71.5, 28.0, 73.5, 30.0 ], "rotation": 90 }
											},
											"children": [
												{
													"name": "R Foot",
													"from": [ 1.2, -1.0, -0.5 ],
													"to": [ 2.2, 2.2, 2.5 ],
													"unwrapMode": 2,
													"unwrapRotation": 1,
													"uv": [ 67.5, 30.5 ],
													"rotationOrigin": [ 1.2, 1.6, 1.0 ],
													"rotationZ": 11.0,
													"faces": {
														"north": { "texture": "#skin", "uv": [ 68.5, 30.5, 71.5, 31.5 ], "rotation": 90 },
														"east": { "texture": "#skin", "uv": [ 68.5, 31.5, 71.5, 34.5 ], "rotation": 90 },
														"south": { "texture": "#skin", "uv": [ 68.5, 34.5, 71.5, 35.5 ], "rotation": 90 },
														"west": { "texture": "#skin", "uv": [ 72.5, 31.5, 75.5, 34.5 ], "rotation": 270 },
														"up": { "texture": "#skin", "uv": [ 67.5, 31.5, 68.5, 34.5 ] },
														"down": { "texture": "#skin", "uv": [ 71.5, 31.5, 72.5, 34.5 ] }
													},
													"children": [
														{
															"name": "R toe 1",
															"from": [ 0.1, -0.2, 0.0 ],
															"to": [ 0.9, 1.0, 0.6 ],
															"unwrapMode": 4,
															"uv": [ 73.0, 25.0 ],
															"rotationOrigin": [ 0.1, 1.0, 0.2 ],
															"rotationX": 22.5,
															"rotationZ": 15.0,
															"faces": {
																"north": { "texture": "#skin", "uv": [ 73.0, 25.0, 73.5, 26.0 ] },
																"east": { "texture": "#skin", "uv": [ 74.5, 25.0, 75.0, 26.0 ] },
																"south": { "texture": "#skin", "uv": [ 74.0, 25.0, 74.5, 26.0 ] },
																"west": { "texture": "#skin", "uv": [ 73.5, 25.0, 74.0, 26.0 ] },
																"down": { "texture": "#skin", "uv": [ 73.5, 26.0, 74.0, 26.5 ], "rotation": 90, "windMode": [-1,-1,-1,-1] }
															},
															"children": [
																{
																	"name": "R toe claw 1",
																	"from": [ 0.0, -0.8, 0.1 ],
																	"to": [ 0.4, 0.0, 0.5 ],
																	"unwrapMode": 4,
																	"uv": [ 74.5, 13.0 ],
																	"rotationOrigin": [ 0.0, 0.0, 0.3 ],
																	"rotationZ": 5.0,
																	"faces": {
																		"north": { "texture": "#skin", "uv": [ 74.5, 13.0, 75.0, 13.5 ] },
																		"east": { "texture": "#skin", "uv": [ 76.0, 13.0, 76.5, 13.5 ] },
																		"south": { "texture": "#skin", "uv": [ 75.5, 13.0, 76.0, 13.5 ] },
																		"west": { "texture": "#skin", "uv": [ 75.0, 13.0, 75.5, 13.5 ] },
																		"down": { "texture": "#skin", "uv": [ 75.0, 13.5, 75.5, 14.0 ], "rotation": 90 }
																	}
																}
															]
														},
														{
															"name": "R toe 2",
															"from": [ 0.3, -1.0, 0.4 ],
															"to": [ 0.9, 0.2, 1.2 ],
															"unwrapMode": 4,
															"uv": [ 75.5, 25.0 ],
															"rotationOrigin": [ 0.3, 0.2, 0.8 ],
															"rotationX": 12.5,
															"rotationZ": 10.0,
															"faces": {
																"north": { "texture": "#skin", "uv": [ 75.5, 25.0, 76.0, 26.0 ] },
																"east": { "texture": "#skin", "uv": [ 77.0, 25.0, 77.5, 26.0 ] },
																"south": { "texture": "#skin", "uv": [ 76.5, 25.0, 77.0, 26.0 ] },
																"west": { "texture": "#skin", "uv": [ 76.0, 25.0, 76.5, 26.0 ] },
																"down": { "texture": "#skin", "uv": [ 76.0, 26.0, 76.5, 26.5 ], "rotation": 90 }
															},
															"children": [
																{
																	"name": "R toe claw 2",
																	"from": [ 0.0, -0.8, 0.2 ],
																	"to": [ 0.4, 0.0, 0.6 ],
																	"unwrapMode": 4,
																	"uv": [ 74.5, 13.5 ],
																	"rotationOrigin": [ 0.0, 0.0, 0.4 ],
																	"rotationZ": 5.0,
																	"faces": {
																		"north": { "texture": "#skin", "uv": [ 74.5, 13.5, 75.0, 14.0 ] },
																		"east": { "texture": "#skin", "uv": [ 76.0, 13.5, 76.5, 14.0 ] },
																		"south": { "texture": "#skin", "uv": [ 75.5, 13.5, 76.0, 14.0 ] },
																		"west": { "texture": "#skin", "uv": [ 75.0, 13.5, 75.5, 14.0 ] },
																		"down": { "texture": "#skin", "uv": [ 75.0, 14.0, 75.5, 14.5 ], "rotation": 90 }
																	}
																}
															]
														},
														{
															"name": "R toe 3",
															"from": [ 0.3, -1.4, 1.2 ],
															"to": [ 0.9, 0.6, 2.0 ],
															"unwrapMode": 4,
															"uv": [ 76.0, 27.0 ],
															"rotationOrigin": [ 0.3, 0.2, 1.6 ],
															"rotationZ": 5.0,
															"faces": {
																"north": { "texture": "#skin", "uv": [ 76.0, 27.0, 76.5, 29.0 ] },
																"east": { "texture": "#skin", "uv": [ 77.5, 27.0, 78.0, 29.0 ] },
																"south": { "texture": "#skin", "uv": [ 77.0, 27.0, 77.5, 29.0 ] },
																"west": { "texture": "#skin", "uv": [ 76.5, 27.0, 77.0, 29.0 ] },
																"down": { "texture": "#skin", "uv": [ 76.5, 29.0, 77.0, 29.5 ], "rotation": 90 }
															},
															"children": [
																{
																	"name": "R toe claw 3",
																	"from": [ 0.0, -1.0, 0.2 ],
																	"to": [ 0.4, 0.0, 0.6 ],
																	"unwrapMode": 4,
																	"uv": [ 74.5, 14.0 ],
																	"rotationOrigin": [ 0.0, 0.0, 0.4 ],
																	"rotationZ": 5.0,
																	"faces": {
																		"north": { "texture": "#skin", "uv": [ 74.5, 14.0, 75.0, 15.0 ] },
																		"east": { "texture": "#skin", "uv": [ 76.0, 14.0, 76.5, 15.0 ] },
																		"south": { "texture": "#skin", "uv": [ 75.5, 14.0, 76.0, 15.0 ] },
																		"west": { "texture": "#skin", "uv": [ 75.0, 14.0, 75.5, 15.0 ] },
																		"down": { "texture": "#skin", "uv": [ 75.0, 15.0, 75.5, 15.5 ], "rotation": 90 }
																	}
																}
															]
														},
														{
															"name": "R toe 4",
															"from": [ 0.3, -1.4, 2.2 ],
															"to": [ 0.9, 0.6, 3.0 ],
															"unwrapMode": 4,
															"uv": [ 76.0, 30.0 ],
															"rotationOrigin": [ 0.3, 0.2, 2.6 ],
															"rotationX": -5.0,
															"rotationZ": 5.0,
															"faces": {
																"north": { "texture": "#skin", "uv": [ 76.0, 30.0, 76.5, 32.0 ] },
																"east": { "texture": "#skin", "uv": [ 77.5, 30.0, 78.0, 32.0 ] },
																"south": { "texture": "#skin", "uv": [ 77.0, 30.0, 77.5, 32.0 ] },
																"west": { "texture": "#skin", "uv": [ 76.5, 30.0, 77.0, 32.0 ] },
																"down": { "texture": "#skin", "uv": [ 76.5, 32.0, 77.0, 32.5 ], "rotation": 90 }
															},
															"children": [
																{
																	"name": "R toe claw 4",
																	"from": [ 0.0, -1.0, 0.2 ],
																	"to": [ 0.4, 0.0, 0.6 ],
																	"unwrapMode": 4,
																	"uv": [ 74.5, 15.0 ],
																	"rotationOrigin": [ 0.0, 0.0, 0.4 ],
																	"rotationZ": 5.0,
																	"faces": {
																		"north": { "texture": "#skin", "uv": [ 74.5, 15.0, 75.0, 16.0 ] },
																		"east": { "texture": "#skin", "uv": [ 76.0, 15.0, 76.5, 16.0 ] },
																		"south": { "texture": "#skin", "uv": [ 75.5, 15.0, 76.0, 16.0 ] },
																		"west": { "texture": "#skin", "uv": [ 75.0, 15.0, 75.5, 16.0 ] },
																		"down": { "texture": "#skin", "uv": [ 75.0, 16.0, 75.5, 16.5 ], "rotation": 90 }
																	}
																}
															]
														}
													]
												}
											]
										}
									]
								}
							]
						},
						{
							"name": "L Thigh",
							"from": [ 4.0, 0.0, 8.2 ],
							"to": [ 8.0, 7.0, 12.2 ],
							"unwrapMode": 3,
							"uv": [ 48.5, 1.0 ],
							"rotationOrigin": [ 6.0, 6.0, 11.2 ],
							"rotationX": -10.0,
							"rotationZ": 86.0,
							"faces": {
								"north": { "texture": "#skin", "uv": [ 60.5, 5.0, 64.5, 12.0 ] },
								"east": { "texture": "#skin", "uv": [ 56.5, 5.0, 60.5, 12.0 ] },
								"south": { "texture": "#skin", "uv": [ 52.5, 5.0, 56.5, 12.0 ] },
								"west": { "texture": "#skin", "uv": [ 48.5, 5.0, 52.5, 12.0 ] },
								"up": { "texture": "#skin", "uv": [ 52.5, 1.0, 56.5, 5.0 ] },
								"down": { "texture": "#skin", "uv": [ 52.5, 12.0, 56.5, 16.0 ], "rotation": 180 }
							},
							"children": [
								{
									"name": "L Lowerleg",
									"from": [ 0.0, 0.0, 0.4 ],
									"to": [ 5.0, 3.2, 3.6 ],
									"unwrapMode": 3,
									"unwrapRotation": 1,
									"uv": [ 49.5, 16.5 ],
									"rotationOrigin": [ 0.0, 0.0, 2.0 ],
									"rotationX": 10.0,
									"rotationZ": -45.0,
									"faces": {
										"north": { "texture": "#skin", "uv": [ 58.5, 19.5, 61.5, 24.5 ], "rotation": 270 },
										"east": { "texture": "#skin", "uv": [ 52.5, 16.5, 55.5, 19.5 ], "rotation": 90 },
										"south": { "texture": "#skin", "uv": [ 52.5, 19.5, 55.5, 24.5 ], "rotation": 90 },
										"west": { "texture": "#skin", "uv": [ 52.5, 24.5, 55.5, 27.5 ], "rotation": 90 },
										"up": { "texture": "#skin", "uv": [ 49.5, 19.5, 52.5, 24.5 ], "rotation": 90 },
										"down": { "texture": "#skin", "uv": [ 55.5, 19.5, 58.5, 24.5 ], "rotation": 270 }
									},
									"children": [
										{
											"name": "L Ankle",
											"from": [ 3.6, 0.8, 0.6 ],
											"to": [ 5.6, 2.8, 2.6 ],
											"unwrapMode": 3,
											"unwrapRotation": 1,
											"uv": [ 50.5, 28.0 ],
											"rotationOrigin": [ 3.6, 1.8, 1.6 ],
											"rotationZ": 39.0,
											"faces": {
												"north": { "texture": "#skin", "uv": [ 56.5, 28.0, 58.5, 30.0 ], "rotation": 270 },
												"south": { "texture": "#skin", "uv": [ 52.5, 28.0, 54.5, 30.0 ], "rotation": 90 },
												"up": { "texture": "#skin", "uv": [ 50.5, 28.0, 52.5, 30.0 ], "rotation": 90 },
												"down": { "texture": "#skin", "uv": [ 54.5, 28.0, 56.5, 30.0 ], "rotation": 270 }
											},
											"children": [
												{
													"name": "L Foot",
													"from": [ 1.2, -1.0, -0.5 ],
													"to": [ 2.2, 2.2, 2.5 ],
													"unwrapMode": 2,
													"unwrapRotation": 1,
													"uv": [ 50.5, 30.5 ],
													"rotationOrigin": [ 1.2, 1.6, 1.0 ],
													"faces": {
														"north": { "texture": "#skin", "uv": [ 51.5, 30.5, 54.5, 31.5 ], "rotation": 90 },
														"east": { "texture": "#skin", "uv": [ 51.5, 31.5, 54.5, 34.5 ], "rotation": 90 },
														"south": { "texture": "#skin", "uv": [ 51.5, 34.5, 54.5, 35.5 ], "rotation": 90 },
														"west": { "texture": "#skin", "uv": [ 55.5, 31.5, 58.5, 34.5 ], "rotation": 270 },
														"up": { "texture": "#skin", "uv": [ 50.5, 31.5, 51.5, 34.5 ] },
														"down": { "texture": "#skin", "uv": [ 54.5, 31.5, 55.5, 34.5 ] }
													},
													"children": [
														{
															"name": "L toe 1",
															"from": [ 0.1, -0.2, 2.4 ],
															"to": [ 0.9, 1.0, 3.0 ],
															"unwrapMode": 4,
															"uv": [ 56.0, 25.0 ],
															"rotationOrigin": [ 0.1, 1.0, 2.6 ],
															"rotationX": -22.5,
															"rotationZ": 15.0,
															"faces": {
																"north": { "texture": "#skin", "uv": [ 56.0, 25.0, 56.5, 26.0 ] },
																"east": { "texture": "#skin", "uv": [ 57.5, 25.0, 58.0, 26.0 ] },
																"south": { "texture": "#skin", "uv": [ 57.0, 25.0, 57.5, 26.0 ] },
																"west": { "texture": "#skin", "uv": [ 56.5, 25.0, 57.0, 26.0 ] },
																"down": { "texture": "#skin", "uv": [ 56.5, 26.0, 57.0, 26.5 ], "rotation": 90 }
															},
															"children": [
																{
																	"name": "L toe claw 1",
																	"from": [ 0.0, -0.8, 0.1 ],
																	"to": [ 0.4, 0.0, 0.5 ],
																	"unwrapMode": 4,
																	"uv": [ 61.0, 14.0 ],
																	"rotationOrigin": [ 0.0, 0.0, 0.1 ],
																	"faces": {
																		"north": { "texture": "#skin", "uv": [ 61.0, 14.0, 61.5, 14.5 ] },
																		"east": { "texture": "#skin", "uv": [ 62.5, 14.0, 63.0, 14.5 ] },
																		"south": { "texture": "#skin", "uv": [ 62.0, 14.0, 62.5, 14.5 ] },
																		"west": { "texture": "#skin", "uv": [ 61.5, 14.0, 62.0, 14.5 ] },
																		"down": { "texture": "#skin", "uv": [ 61.5, 14.5, 62.0, 15.0 ], "rotation": 90 }
																	}
																}
															]
														},
														{
															"name": "L toe 2",
															"from": [ 0.3, -1.0, 1.8 ],
															"to": [ 0.9, 0.2, 2.6 ],
															"unwrapMode": 4,
															"uv": [ 58.5, 25.0 ],
															"rotationOrigin": [ 0.3, 0.2, 2.2 ],
															"rotationX": -12.5,
															"rotationZ": 10.0,
															"faces": {
																"north": { "texture": "#skin", "uv": [ 58.5, 25.0, 59.0, 26.0 ] },
																"east": { "texture": "#skin", "uv": [ 60.0, 25.0, 60.5, 26.0 ] },
																"south": { "texture": "#skin", "uv": [ 59.5, 25.0, 60.0, 26.0 ] },
																"west": { "texture": "#skin", "uv": [ 59.0, 25.0, 59.5, 26.0 ] },
																"down": { "texture": "#skin", "uv": [ 59.0, 26.0, 59.5, 26.5 ], "rotation": 90 }
															},
															"children": [
																{
																	"name": "L toe claw 2",
																	"from": [ 0.0, -0.8, 0.2 ],
																	"to": [ 0.4, 0.0, 0.6 ],
																	"unwrapMode": 4,
																	"uv": [ 61.0, 14.5 ],
																	"rotationOrigin": [ 0.0, 0.0, 0.4 ],
																	"rotationZ": 5.0,
																	"faces": {
																		"north": { "texture": "#skin", "uv": [ 61.0, 14.5, 61.5, 15.0 ] },
																		"east": { "texture": "#skin", "uv": [ 62.5, 14.5, 63.0, 15.0 ] },
																		"south": { "texture": "#skin", "uv": [ 62.0, 14.5, 62.5, 15.0 ] },
																		"west": { "texture": "#skin", "uv": [ 61.5, 14.5, 62.0, 15.0 ] },
																		"down": { "texture": "#skin", "uv": [ 61.5, 15.0, 62.0, 15.5 ], "rotation": 90 }
																	}
																}
															]
														},
														{
															"name": "L toe 3",
															"from": [ 0.3, -1.4, 1.0 ],
															"to": [ 0.9, 0.6, 1.8 ],
															"unwrapMode": 4,
															"uv": [ 59.0, 27.0 ],
															"rotationOrigin": [ 0.3, 0.2, 1.4 ],
															"rotationZ": 5.0,
															"faces": {
																"north": { "texture": "#skin", "uv": [ 59.0, 27.0, 59.5, 29.0 ] },
																"east": { "texture": "#skin", "uv": [ 60.5, 27.0, 61.0, 29.0 ] },
																"south": { "texture": "#skin", "uv": [ 60.0, 27.0, 60.5, 29.0 ] },
																"west": { "texture": "#skin", "uv": [ 59.5, 27.0, 60.0, 29.0 ] },
																"down": { "texture": "#skin", "uv": [ 59.5, 29.0, 60.0, 29.5 ], "rotation": 90 }
															},
															"children": [
																{
																	"name": "L toe claw 3",
																	"from": [ 0.0, -1.0, 0.2 ],
																	"to": [ 0.4, 0.0, 0.6 ],
																	"unwrapMode": 4,
																	"uv": [ 61.0, 15.0 ],
																	"rotationOrigin": [ 0.0, 0.0, 0.4 ],
																	"rotationZ": 5.0,
																	"faces": {
																		"north": { "texture": "#skin", "uv": [ 61.0, 15.0, 61.5, 16.0 ] },
																		"east": { "texture": "#skin", "uv": [ 62.5, 15.0, 63.0, 16.0 ] },
																		"south": { "texture": "#skin", "uv": [ 62.0, 15.0, 62.5, 16.0 ] },
																		"west": { "texture": "#skin", "uv": [ 61.5, 15.0, 62.0, 16.0 ] },
																		"down": { "texture": "#skin", "uv": [ 61.5, 16.0, 62.0, 16.5 ], "rotation": 90 }
																	}
																}
															]
														},
														{
															"name": "L toe 4",
															"from": [ 0.3, -1.4, 0.0 ],
															"to": [ 0.9, 0.6, 0.8 ],
															"unwrapMode": 4,
															"uv": [ 59.0, 30.0 ],
															"rotationOrigin": [ 0.3, 0.2, 0.4 ],
															"rotationX": 5.0,
															"rotationZ": 5.0,
															"faces": {
																"north": { "texture": "#skin", "uv": [ 59.0, 30.0, 59.5, 32.0 ] },
																"east": { "texture": "#skin", "uv": [ 60.5, 30.0, 61.0, 32.0 ] },
																"south": { "texture": "#skin", "uv": [ 60.0, 30.0, 60.5, 32.0 ] },
																"west": { "texture": "#skin", "uv": [ 59.5, 30.0, 60.0, 32.0 ] },
																"down": { "texture": "#skin", "uv": [ 59.5, 32.0, 60.0, 32.5 ], "rotation": 90 }
															},
															"children": [
																{
																	"name": "L toe claw 4",
																	"from": [ 0.0, -1.0, 0.2 ],
																	"to": [ 0.4, 0.0, 0.6 ],
																	"unwrapMode": 4,
																	"uv": [ 61.0, 16.0 ],
																	"rotationOrigin": [ 0.0, 0.0, 0.4 ],
																	"rotationZ": 5.0,
																	"faces": {
																		"north": { "texture": "#skin", "uv": [ 61.0, 16.0, 61.5, 17.0 ] },
																		"east": { "texture": "#skin", "uv": [ 62.5, 16.0, 63.0, 17.0 ] },
																		"south": { "texture": "#skin", "uv": [ 62.0, 16.0, 62.5, 17.0 ] },
																		"west": { "texture": "#skin", "uv": [ 61.5, 16.0, 62.0, 17.0 ] },
																		"down": { "texture": "#skin", "uv": [ 61.5, 17.0, 62.0, 17.5 ], "rotation": 90 }
																	}
																}
															]
														}
													]
												}
											]
										}
									]
								}
							]
						},
						{
							"name": "Butt fuzz",
							"from": [ 9.0, 2.0, -0.2 ],
							"to": [ 13.0, 9.0, 12.2 ],
							"unwrapMode": 7,
							"unwrapRotation": 1,
							"uv": [ 6.0, 45.5 ],
							"rotationOrigin": [ 9.0, 9.0, -0.2 ],
							"rotationZ": -30.0,
							"faces": {
								"north": { "texture": "#skin", "uv": [ 25.0, 45.5, 32.0, 49.5 ], "rotation": 90 },
								"south": { "texture": "#skin", "uv": [ 6.0, 45.5, 13.0, 49.5 ], "rotation": 270 },
								"up": { "texture": "#skin", "uv": [ 13.0, 45.5, 25.0, 49.5 ], "rotation": 270 }
							}
						}
					]
				}
			],
			"attachmentpoints": [
				{
					"code": "Center",
					"posX": "-12.0","posY": "-3.0","posZ": "0.0",
					"rotationX": "0.0","rotationY": "0.0","rotationZ": "0.0"
				}
			]
		}
	]}