{
	ingredientPattern: "E__,PNP,WRW",
	ingredients: {
		"R": { type: "item", code: "game:rod-steel", "quantity": 2},
		"W": { type: "item", code: "rustandrailroads2:smallwheel", "quantity": 4},
		"P": { type: "item", code: "game:plank-*","quantity": 4 },
		"N": { type: "item", code: "game:metalnailsandstrips-*","quantity": 2 },
		"E": { type: "item", code: "rustandrailroads2:engineerwrench*","isTool": true }
		
	},
	name: "Cart Bogey",
	width: 3,
	height: 3,
	output: { type: "item", code: "rustandrailroads2:creature-bogey-narrowgauge", "quantity": 1  }
}