[
{
	ingredientPattern: "WWW,M_M,GSR",
	ingredients: {
		"M": { type: "item", code: "game:rod-steel", "quantity": 1},
		"W": { type: "block", code: "game:supportbeam-*", "quantity": 1},
		"G": { type: "block", code: "game:gravel-*", "quantity": 16},
		"S": { type: "block", code: "game:sand-*", "quantity": 16},
		"R": { type: "item", code: "game:stone-*", "quantity": 32}
		
	},
	name: "anchor",
	width: 3,
	height: 3,
	output: { type: "block", code: "rustandrailroads2:platform", "quantity": 4  }
},
{
	ingredientPattern: "WWW,M_M,GSR",
	ingredients: {
		"M": { type: "item", code: "game:rod-iron", "quantity": 1},
		"W": { type: "block", code: "game:supportbeam-*", "quantity": 1},
		"G": { type: "block", code: "game:gravel-*", "quantity": 16},
		"S": { type: "block", code: "game:sand-*", "quantity": 16},
		"R": { type: "item", code: "game:stone-*", "quantity": 32}
		
	},
	name: "anchor",
	width: 3,
	height: 3,
	output: { type: "block", code: "rustandrailroads2:platform-cart", "quantity": 4  }
}
]