[
	{
		ingredientPattern: "QCQ,_P_,_R_",
		ingredients: {
			"P": { type: "item", code: "game:metalplate-*", allowedVariants: ["copper", "brass", "blackbronze", "bismuth", "tinbronze", "bismuthbronze", "iron", "molybdochalkos", "silver", "gold", "meteoriciron", "steel", "electrum" ], name: "material" },
			"Q": { type: "item", code: "game:clearquartz" },
			"C": { type: "item", code: "game:candle" },
			"R": { "type": "item", "code": "game:rod-*"}
		},
		width: 3,
		height: 3,
		output: { 
			type: "block", 
			code: "rustandrailroads2:signal-black-north"
			
		}
	}
	

]
