[
{
	"ingredientPattern": "_C_,ABA,BBB",
	"ingredients": {
		"A": { "type": "item", "code": "game:rot", "quantity": 5  },
		"B": { "type": "item", "code": "game:drygrass", "quantity": 5 },
		"C": { "type": "item", "code": "game:linensack" }
	},
	"width": 3,
	"height": 3,
	"recipeGroup": 2,
	"output": { "type": "item", "code": "agiclasses:growthbag-mushroom"  }
},
{
	"ingredientPattern": "ABA,AAA,AAA",
	"ingredients": {
		"A": { "type": "block", "code": "game:mushroom-*-normal", "name": "mushroom" },
		"B": { "type": "item", "code": "agiclasses:growthbag-mushroom" }
	},
	"width": 3,
	"height": 3,
	"recipeGroup": 2,
	"output": { "type": "item", "code": "agiclasses:mushroombag-{mushroom}-ungrown", "quantity": 2  }
},
{
	"ingredientPattern": "ABA,AAA,AAA",
	"requiresTrait": "greenthumb",
	"ingredients": {
		"A": { "type": "block", "code": "game:mushroom-*-normal-north", "name": "mushroom" },
		"B": { "type": "item", "code": "agiclasses:growthbag-mushroom" }
	},
	"width": 3,
	"height": 3,
	"recipeGroup": 2,
	"output": { "type": "item", "code": "agiclasses:mushroombag-{mushroom}-ungrown", "quantity": 2  }
},

{
	"ingredientPattern": "AB",
	"ingredients": {
		"A": { "type": "item", "code": "agiclasses:mushroombag-*-mature", "name": "mushroom", "skipVariants": ["flyagaric", "fieldmushroom", "almondmushroom", "bitterbolete", "blacktrumpet", "chanterelle", "commonmorel", "deathcap", "devilstooth", "devilbolete", "earthball", "elfinsaddle", "golddropmilkcap", "greencrackedrussula", "indigomilkcap", "jackolantern", "kingbolete", "lobster", "orangeoakbolete", "paddystraw", "puffball", "redwinecap", "saffronmilkcap", "violetwebcap", "witchhat"], },
		"B": { "type": "item", "code": "game:knife-*", "isTool": true}
	},
	"width": 1,
	"height": 2,
	"shapeless": true,
	"output": { "type": "block", "code": "game:mushroom-{mushroom}-normal-north", "quantity": 10  }
},
{
	"ingredientPattern": "AB",
	"ingredients": {
		"A": { "type": "item", "code": "agiclasses:mushroombag-*-mature", "name": "mushroom", "allowedVariants": ["flyagaric", "fieldmushroom", "almondmushroom", "bitterbolete", "blacktrumpet", "chanterelle", "commonmorel", "deathcap", "devilstooth", "devilbolete", "earthball", "elfinsaddle", "golddropmilkcap", "greencrackedrussula", "indigomilkcap", "jackolantern", "kingbolete", "lobster", "orangeoakbolete", "paddystraw", "puffball", "redwinecap", "saffronmilkcap", "violetwebcap", "witchhat"], },
		"B": { "type": "item", "code": "game:knife-*", "isTool": true}
	},
	"width": 1,
	"height": 2,
	"shapeless": true,
	"output": { "type": "block", "code": "game:mushroom-{mushroom}-normal", "quantity": 10  }
},


{
	"ingredientPattern": "BA",
	"ingredients": {
		"A": { "type": "block", "code": "agiclasses:wallpapergeneric-*-generic", "allowedVariants": ["white", "grey"] },
		"B": { "type": "block", "code": "game:woodbucket" },
	},
	"width": 2,
	"height": 1,
	"attributes": { "liquidContainerProps": { "requiresContent": { "type": "item", "code": "game:dye-red" }, "requiresLitres": 0.1 } },
	"output": { "type": "block", "code": "agiclasses:wallpapergeneric-red-generic" }
},
{
	"ingredientPattern": "BA",
	"ingredients": {
		"A": { "type": "block", "code": "agiclasses:wallpapergeneric-*-generic", "allowedVariants": ["white", "grey"] },
		"B": { "type": "block", "code": "game:woodbucket" },
	},
	"width": 2,
	"height": 1,
	"attributes": { "liquidContainerProps": { "requiresContent": { "type": "item", "code": "game:dye-brown" }, "requiresLitres": 0.1 } },
	"output": { "type": "block", "code": "agiclasses:wallpapergeneric-brown-generic" }
},
{
	"ingredientPattern": "BA",
	"ingredients": {
		"A": { "type": "block", "code": "agiclasses:wallpapergeneric-*-generic", "allowedVariants": ["white", "grey"] },
		"B": { "type": "block", "code": "game:woodbucket" },
	},
	"width": 2,
	"height": 1,
	"attributes": { "liquidContainerProps": { "requiresContent": { "type": "item", "code": "game:dye-yellow" }, "requiresLitres": 0.1 } },
	"output": { "type": "block", "code": "agiclasses:wallpapergeneric-yellow-generic" }
},
{
	"ingredientPattern": "BA",
	"ingredients": {
		"A": { "type": "block", "code": "agiclasses:wallpapergeneric-*-generic", "allowedVariants": ["white", "grey"] },
		"B": { "type": "block", "code": "game:woodbucket" },
	},
	"width": 2,
	"height": 1,
	"attributes": { "liquidContainerProps": { "requiresContent": { "type": "item", "code": "game:dye-green" }, "requiresLitres": 0.1 } },
	"output": { "type": "block", "code": "agiclasses:wallpapergeneric-green-generic" }
},
{
	"ingredientPattern": "BA",
	"ingredients": {
		"A": { "type": "block", "code": "agiclasses:wallpapergeneric-*-generic", "allowedVariants": ["white", "grey"] },
		"B": { "type": "block", "code": "game:woodbucket" },
	},
	"width": 2,
	"height": 1,
	"attributes": { "liquidContainerProps": { "requiresContent": { "type": "item", "code": "game:dye-woad" }, "requiresLitres": 0.1 } },
	"output": { "type": "block", "code": "agiclasses:wallpapergeneric-temporal-generic" }
},
{
	"ingredientPattern": "BA",
	"ingredients": {
		"A": { "type": "block", "code": "agiclasses:wallpapergeneric-grey-generic"},
		"B": { "type": "block", "code": "game:woodbucket" },
	},
	"width": 2,
	"height": 1,
	"attributes": { "liquidContainerProps": { "requiresContent": { "type": "item", "code": "game:dye-blue" }, "requiresLitres": 0.1 } },
	"output": { "type": "block", "code": "agiclasses:wallpapergeneric-blue-generic" }
},
{
	"ingredientPattern": "BA",
	"ingredients": {
		"A": { "type": "block", "code": "agiclasses:wallpapergeneric-white-generic" },
		"B": { "type": "block", "code": "game:woodbucket" },
	},
	"width": 2,
	"height": 1,
	"attributes": { "liquidContainerProps": { "requiresContent": { "type": "item", "code": "game:dye-blue" }, "requiresLitres": 0.1 } },
	"output": { "type": "block", "code": "agiclasses:wallpapergeneric-cyan-generic" }
},
{
	"ingredientPattern": "BA",
	"ingredients": {
		"A": { "type": "block", "code": "agiclasses:wallpapergeneric-*-generic", "allowedVariants": ["white", "grey"] },
		"B": { "type": "block", "code": "game:woodbucket" },
	},
	"width": 2,
	"height": 1,
	"attributes": { "liquidContainerProps": { "requiresContent": { "type": "item", "code": "game:dye-purple" }, "requiresLitres": 0.1 } },
	"output": { "type": "block", "code": "agiclasses:wallpapergeneric-purple-generic" }
},
{
	"ingredientPattern": "BA",
	"ingredients": {
		"A": { "type": "block", "code": "agiclasses:wallpapergeneric-*-generic", "allowedVariants": ["white", "grey"] },
		"B": { "type": "block", "code": "game:woodbucket" },
	},
	"width": 2,
	"height": 1,
	"attributes": { "liquidContainerProps": { "requiresContent": { "type": "item", "code": "game:dye-pink" }, "requiresLitres": 0.1 } },
	"output": { "type": "block", "code": "agiclasses:wallpapergeneric-magenta-generic" }
},
{
	"ingredientPattern": "BA",
	"ingredients": {
		"A": { "type": "block", "code": "agiclasses:wallpapergeneric-*-generic", "allowedVariants": ["white", "grey"] },
		"B": { "type": "block", "code": "game:woodbucket" },
	},
	"width": 2,
	"height": 1,
	"attributes": { "liquidContainerProps": { "requiresContent": { "type": "item", "code": "game:dye-black" }, "requiresLitres": 0.1 } },
	"output": { "type": "block", "code": "agiclasses:wallpapergeneric-black-generic" }
},
{
	"ingredientPattern": "BA",
	"ingredients": {
		"A": { "type": "block", "code": "agiclasses:wallpapergeneric-grey-generic"},
		"B": { "type": "block", "code": "game:woodbucket" },
	},
	"width": 2,
	"height": 1,
	"attributes": { "liquidContainerProps": { "requiresContent": { "type": "item", "code": "game:dye-white" }, "requiresLitres": 0.1 } },
	"output": { "type": "block", "code": "agiclasses:wallpapergeneric-white-generic" }
},
]
	