[
{
	"ingredientPattern": "L_L,LLL",
	"requiresTrait": "bushcrafter",
	"ingredients": {
		"L": { "type": "item", "code": "game:cattailtops", "quantity": 1 }
	},
	"width": 3,
	"height": 2,
	"output": { "type": "item", "code": "game:basket", "quantity": 1  }
},
{
	"ingredientPattern": "P_P,PPP",
	"requiresTrait": "bushcrafter",
	"ingredients": {
		"P": { "type": "item", "code": "game:papyrustops", "quantity": 1 }
	},
	"width": 3,
	"height": 2,
	"output": { "type": "item", "code": "game:basket", "quantity": 1  }
},
{
	"ingredientPattern": "PPP,P_P,PPP",
	"requiresTrait": "bushcrafter",
	"ingredients": {
		"P": { "type": "item", "code": "game:cattailtops", "quantity": 1 }
	},
	"width": 3,
	"height": 3,
	"output": { "type": "block", "code": "game:stationarybasket-east", "attributes": {"type": "reed"}  }
},
{
	"ingredientPattern": "B_,A_",
	"requiresTrait": "bushcrafter",
	"ingredients": {
		"A": { "type": "item", "code": "game:cattailtops", "quantity": 6 },
		"B": { "type": "block", "code": "game:flower-horsetail-free", "quantity": 2 }
	},
	"width": 2,
	"height": 2,
	"output": { "type": "item", "code": "game:poultice-reed-horsetail", "quantity": 4 }
},
{
	"ingredientPattern": "B_,A_",
	"requiresTrait": "bushcrafter",
	"ingredients": {
		"A": { "type": "item", "code": "game:papyrustops", "quantity": 6 },
		"B": { "type": "block", "code": "game:flower-horsetail-free", "quantity": 2 }
	},
	"width": 2,
	"height": 2,
	"output": { "type": "item", "code": "game:poultice-reed-horsetail", "quantity": 4 }
},
{
	"ingredientPattern": "B_,A_",
	"requiresTrait": "bushcrafter",
	"ingredients": {
		"A": { "type": "item", "code": "game:drygrass", "quantity": 6 },
		"B": { "type": "block", "code": "game:flower-horsetail-free", "quantity": 2 }
	},
	"width": 2,
	"height": 2,
	"output": { "type": "item", "code": "game:poultice-reed-horsetail", "quantity": 4 }
},
{
	"ingredientPattern": "P_,P_",
	"requiresTrait": "bushcrafter",
	"ingredients": {
		"P": { "type": "item", "code": "game:papyrustops", "quantity": 6 }
	},
	"width": 2,
	"height": 2,
	"output": { "type": "item", "code": "game:flaxfibers", "quantity": 1  }
},
{
	"ingredientPattern": "P_,P_",
	"requiresTrait": "bushcrafter",
	"ingredients": {
		"P": { "type": "item", "code": "game:cattailtops", "quantity": 6 }
	},
	"width": 2,
	"height": 2,
	"output": { "type": "item", "code": "game:flaxfibers", "quantity": 1  }
},
{
	"ingredientPattern": "BA,AB",
	"requiresTrait": "bushcrafter",
	"ingredients": {
		"A": { "type": "item", "code": "game:flaxfibers", "quantity": 1 },
		"B": { "type": "item", "code": "game:flaxtwine", "quantity": 1 }
	},
	"width": 2,
	"height": 2,
	"output": { "type": "block", "code": "game:linen-normal-down", "quantity": 1  }
},
{
	"ingredientPattern": "AB,CC",
	"requiresTrait": "bushcrafter",
	"ingredients": {
		"A": { "type": "block", "code": "game:sand-*", "quantity": 2 },
		"B": { "type": "item", "code": "game:clay-*", "quantity": 2 },
		"C": { "type": "item", "code": "game:drygrass", "quantity": 1 }
	},
	"width": 2,
	"height": 2,
	"output": { "type": "block", "code": "game:mudbrick-light", "quantity": 4  }
},
{
	"ingredientPattern": "AB,CC",
	"requiresTrait": "bushcrafter",
	"ingredients": {
		"A": { "type": "block", "code": "game:soil-*", "quantity": 2 },
		"B": { "type": "item", "code": "game:clay-*", "quantity": 2 },
		"C": { "type": "item", "code": "game:drygrass", "quantity": 1 }
	},
	"width": 2,
	"height": 2,
	"output": { "type": "block", "code": "game:mudbrick-dark", "quantity": 4  }
},
{
	"ingredientPattern": "BAB,BCB,BCB",
	"requiresTrait": "bushcrafter",
	"ingredients": {
		"A": { "type": "item", "code": "game:knife-*", "isTool": true},
		"B": { "type": "item", "code": "game:firewood", "quantity": 1 },
		"C": { "type": "item", "code": "game:drygrass", "quantity": 4 }
	},
	"width": 3,
	"height": 3,
	"output": { "type": "item", "code": "game:armor-body-improvised-wood", "quantity": 1  }
},
{
	"ingredientPattern": "B_B,AAA,AAA",
	"requiresTrait": "bushcrafter",
	"ingredients": {
		"A": { "type": "item", "code": "game:stick", "quantity": 4 },
		"B": { "type": "item", "code": "game:rope", "quantity": 1 }
	},
	"width": 3,
	"height": 3,
	"output": { "type": "item", "code": "game:boat-raft-aged", "quantity": 1  }
},
{
	"ingredientPattern": "BA,BA",
	"requiresTrait": "bushcrafter",
	"ingredients": {
		"A": { "type": "item", "code": "game:stick", "quantity": 2 },
		"B": { "type": "item", "code": "game:rope", "quantity": 1 }
	},
	"width": 2,
	"height": 2,
	"output": { "type": "item", "code": "game:oar-crude-aged", "quantity": 1  }
},
]
