[
{
	"ingredientPattern": "B__,_A_,___",
	"ingredients": {
		"A": { "type": "block", "code": "game:planks-*-ud", "name": "wood", "skipVariants": ["agedebony", "aged", "rottenebony"] },
		"B": { "type": "item", "code": "agiclasses:stencil-woodworker-*",  "isTool": true}
	},
	"width": 3,
	"height": 3,
	"recipeGroup": 2,
	"output": { "type": "block", "code": "agiclasses:woodworkerplanks-{wood}-floral-ud", "quantity": 1  }
},
{
	"ingredientPattern": "_B_,_A_,___",
	"ingredients": {
		"A": { "type": "block", "code": "game:planks-*-ud", "name": "wood", "skipVariants": ["agedebony", "aged", "rottenebony"] },
		"B": { "type": "item", "code": "agiclasses:stencil-woodworker-*",  "isTool": true}
	},
	"width": 3,
	"height": 3,
	"recipeGroup": 2,
	"output": { "type": "block", "code": "agiclasses:woodworkerplanks-{wood}-flowers-ud", "quantity": 1  }
},
{
	"ingredientPattern": "__B,_A_,___",
	"ingredients": {
		"A": { "type": "block", "code": "game:planks-*-ud", "name": "wood", "skipVariants": ["agedebony", "aged", "rottenebony"] },
		"B": { "type": "item", "code": "agiclasses:stencil-woodworker-*",  "isTool": true}
	},
	"width": 3,
	"height": 3,
	"recipeGroup": 2,
	"output": { "type": "block", "code": "agiclasses:woodworkerplanks-{wood}-cogs-ud", "quantity": 1  }
},
{
	"ingredientPattern": "___,BA_,___",
	"ingredients": {
		"A": { "type": "block", "code": "game:planks-*-ud", "name": "wood", "skipVariants": ["agedebony", "aged", "rottenebony"] },
		"B": { "type": "item", "code": "agiclasses:stencil-woodworker-*",  "isTool": true}
	},
	"width": 3,
	"height": 3,
	"recipeGroup": 2,
	"output": { "type": "block", "code": "agiclasses:woodworkerplanks-{wood}-treads-ud", "quantity": 1  }
},
{
	"ingredientPattern": "___,_AB,___",
	"ingredients": {
		"A": { "type": "block", "code": "game:planks-*-ud", "name": "wood", "skipVariants": ["agedebony", "aged", "rottenebony"] },
		"B": { "type": "item", "code": "agiclasses:stencil-woodworker-*",  "isTool": true}
	},
	"width": 3,
	"height": 3,
	"recipeGroup": 2,
	"output": { "type": "block", "code": "agiclasses:woodworkerplanks-{wood}-mourningwood-ud", "quantity": 1  }
},
{
	"ingredientPattern": "___,_A_,B__",
	"ingredients": {
		"A": { "type": "block", "code": "game:planks-*-ud", "name": "wood", "skipVariants": ["agedebony", "aged", "rottenebony"] },
		"B": { "type": "item", "code": "agiclasses:stencil-woodworker-*",  "isTool": true}
	},
	"width": 3,
	"height": 3,
	"recipeGroup": 2,
	"output": { "type": "block", "code": "agiclasses:woodworkerplanks-{wood}-scales-ud", "quantity": 1  }
},
{
	"ingredientPattern": "___,_A_,_B_",
	"ingredients": {
		"A": { "type": "block", "code": "game:planks-*-ud", "name": "wood", "skipVariants": ["agedebony", "aged", "rottenebony"] },
		"B": { "type": "item", "code": "agiclasses:stencil-woodworker-*",  "isTool": true}
	},
	"width": 3,
	"height": 3,
	"recipeGroup": 2,
	"output": { "type": "block", "code": "agiclasses:woodworkerplanks-{wood}-mountain-ud", "quantity": 1  }
},
{
	"ingredientPattern": "___,_A_,__B",
	"ingredients": {
		"A": { "type": "block", "code": "game:planks-*-ud", "name": "wood", "skipVariants": ["agedebony", "aged", "rottenebony"] },
		"B": { "type": "item", "code": "agiclasses:stencil-woodworker-*",  "isTool": true}
	},
	"width": 3,
	"height": 3,
	"recipeGroup": 2,
	"output": { "type": "block", "code": "agiclasses:woodworkerplanks-{wood}-heliocentric-ud", "quantity": 1  }
},
{
	"ingredientPattern": "BA_,___,___",
	"ingredients": {
		"A": { "type": "block", "code": "game:planks-*-ud", "name": "wood", "skipVariants": ["agedebony", "aged", "rottenebony"] },
		"B": { "type": "item", "code": "agiclasses:stencil-woodworker-*",  "isTool": true}
	},
	"width": 3,
	"height": 3,
	"recipeGroup": 2,
	"output": { "type": "block", "code": "agiclasses:woodworkerplanks-{wood}-arrows-ud", "quantity": 1  }
},
{
	"ingredientPattern": "_AB,___,___",
	"ingredients": {
		"A": { "type": "block", "code": "game:planks-*-ud", "name": "wood", "skipVariants": ["agedebony", "aged", "rottenebony"] },
		"B": { "type": "item", "code": "agiclasses:stencil-woodworker-*",  "isTool": true}
	},
	"width": 3,
	"height": 3,
	"recipeGroup": 2,
	"output": { "type": "block", "code": "agiclasses:woodworkerplanks-{wood}-industrious-ud", "quantity": 1  }
},
{
	"ingredientPattern": "_A_,B__,___",
	"ingredients": {
		"A": { "type": "block", "code": "game:planks-*-ud", "name": "wood", "skipVariants": ["agedebony", "aged", "rottenebony"] },
		"B": { "type": "item", "code": "agiclasses:stencil-woodworker-*",  "isTool": true}
	},
	"width": 3,
	"height": 3,
	"recipeGroup": 2,
	"output": { "type": "block", "code": "agiclasses:woodworkerplanks-{wood}-assembled-ud", "quantity": 1  }
},
{
	"ingredientPattern": "_A_,_B_,___",
	"ingredients": {
		"A": { "type": "block", "code": "game:planks-*-ud", "name": "wood", "skipVariants": ["agedebony", "aged", "rottenebony"] },
		"B": { "type": "item", "code": "agiclasses:stencil-woodworker-*",  "isTool": true}
	},
	"width": 3,
	"height": 3,
	"recipeGroup": 2,
	"output": { "type": "block", "code": "agiclasses:woodworkerplanks-{wood}-machined-ud", "quantity": 1  }
},
{
	"ingredientPattern": "_A_,__B,___",
	"ingredients": {
		"A": { "type": "block", "code": "game:planks-*-ud", "name": "wood", "skipVariants": ["agedebony", "aged", "rottenebony"] },
		"B": { "type": "item", "code": "agiclasses:stencil-woodworker-*",  "isTool": true}
	},
	"width": 3,
	"height": 3,
	"recipeGroup": 2,
	"output": { "type": "block", "code": "agiclasses:woodworkerplanks-{wood}-painterly-ud", "quantity": 1  }
},

{
	"ingredientPattern": "A_A,ABA,ACA",
	"ingredients": {
		"A": { "type": "block", "code": "game:planks-*-ud", "name": "wood", "skipVariants": ["agedebony", "aged", "rottenebony"] },
		"B": { "type": "item", "code": "game:beeswax"},
        "C": { "type": "item", "code": "agiclasses:stencil-woodworker-*",  "isTool": true}
	},
	"width": 3,
	"height": 3,
	"recipeGroup": 2,
	"output": { "type": "block", "code": "agiclasses:woodworkerplanks-{wood}-lacquer-ud", "quantity": 6  }
},
{
	"ingredientPattern": "A_A,ABA,ACA",
	"ingredients": {
		"A": { "type": "block", "code": "game:planks-*-ud", "name": "wood", "skipVariants": ["agedebony", "aged", "rottenebony"] },
		"B": { "type": "block", "code": "game:metal-scraps"},
        "C": { "type": "item", "code": "agiclasses:stencil-woodworker-*",  "isTool": true}
	},
	"width": 3,
	"height": 3,
	"recipeGroup": 2,
	"output": { "type": "block", "code": "agiclasses:woodworkerplanks-{wood}-reinforced-ud", "quantity": 6  }
},
{
	"ingredientPattern": "AAA,AAA,ABA",
	"ingredients": {
		"A": { "type": "block", "code": "game:planks-*-ud", "name": "wood", "skipVariants": ["agedebony", "aged", "rottenebony"] },
		"B": { "type": "block", "code": "game:metal-scraps"}
	},
	"width": 3,
	"height": 3,
	"recipeGroup": 2,
	"output": { "type": "block", "code": "agiclasses:woodworkerplanks-{wood}-cuttingedged-ud", "quantity": 8  }
},
{
	"ingredientPattern": "ACA,AAA,ABA",
	"ingredients": {
		"A": { "type": "block", "code": "game:planks-*-ud", "name": "wood", "skipVariants": ["agedebony", "aged", "rottenebony"] },
		"B": { "type": "item", "code": "game:rot"},
        "C": { "type": "item", "code": "agiclasses:stencil-woodworker-*",  "isTool": true}
	},
	"width": 3,
	"height": 3,
	"recipeGroup": 2,
	"output": { "type": "block", "code": "agiclasses:woodworkerplanks-{wood}-patchworked-ud", "quantity": 12  }
},


{
	"ingredientPattern": "AB",
	"ingredients": {
		"A": { "type": "block", "code": "game:planks-*-ud", "name": "wood", "skipVariants": ["agedebony", "aged", "rottenebony"] },
		"B": { "type": "item", "code": "agiclasses:stencil-woodworker-*",  "isTool": true, "toolDurabilityCost": 15 }
	},
	"width": 1,
	"height": 2,
	"shapeless": true,
	"output": { "type": "block", "code": "agiclasses:facade-{wood}-generic", "quantity": 16  }
},
{
	"ingredientPattern": "AB",
	"ingredients": {
		"A": { "type": "block", "code": "agiclasses:woodworkerplanks-birch-*-ud", "name": "style"},
		"B": { "type": "item", "code": "agiclasses:stencil-woodworker-*",  "isTool": true, "toolDurabilityCost": 15 }
	},
	"width": 1,
	"height": 2,
	"shapeless": true,
	"output": { "type": "block", "code": "agiclasses:facade-birch-{style}", "quantity": 16  }
},
{
	"ingredientPattern": "AB",
	"ingredients": {
		"A": { "type": "block", "code": "agiclasses:woodworkerplanks-oak-*-ud", "name": "style"},
		"B": { "type": "item", "code": "agiclasses:stencil-woodworker-*",  "isTool": true, "toolDurabilityCost": 15 }
	},
	"width": 1,
	"height": 2,
	"shapeless": true,
	"output": { "type": "block", "code": "agiclasses:facade-oak-{style}", "quantity": 16  }
},
{
	"ingredientPattern": "AB",
	"ingredients": {
		"A": { "type": "block", "code": "agiclasses:woodworkerplanks-maple-*-ud", "name": "style"},
		"B": { "type": "item", "code": "agiclasses:stencil-woodworker-*",  "isTool": true, "toolDurabilityCost": 15 }
	},
	"width": 1,
	"height": 2,
	"shapeless": true,
	"output": { "type": "block", "code": "agiclasses:facade-maple-{style}", "quantity": 16  }
},
{
	"ingredientPattern": "AB",
	"ingredients": {
		"A": { "type": "block", "code": "agiclasses:woodworkerplanks-pine-*-ud", "name": "style"},
		"B": { "type": "item", "code": "agiclasses:stencil-woodworker-*",  "isTool": true, "toolDurabilityCost": 15 }
	},
	"width": 1,
	"height": 2,
	"shapeless": true,
	"output": { "type": "block", "code": "agiclasses:facade-pine-{style}", "quantity": 16  }
},
{
	"ingredientPattern": "AB",
	"ingredients": {
		"A": { "type": "block", "code": "agiclasses:woodworkerplanks-acacia-*-ud", "name": "style"},
		"B": { "type": "item", "code": "agiclasses:stencil-woodworker-*",  "isTool": true, "toolDurabilityCost": 15 }
	},
	"width": 1,
	"height": 2,
	"shapeless": true,
	"output": { "type": "block", "code": "agiclasses:facade-acacia-{style}", "quantity": 16  }
},
{
	"ingredientPattern": "AB",
	"ingredients": {
		"A": { "type": "block", "code": "agiclasses:woodworkerplanks-kapok-*-ud", "name": "style"},
		"B": { "type": "item", "code": "agiclasses:stencil-woodworker-*",  "isTool": true, "toolDurabilityCost": 15 }
	},
	"width": 1,
	"height": 2,
	"shapeless": true,
	"output": { "type": "block", "code": "agiclasses:facade-kapok-{style}", "quantity": 16  }
},
{
	"ingredientPattern": "AB",
	"ingredients": {
		"A": { "type": "block", "code": "agiclasses:woodworkerplanks-baldcypress-*-ud", "name": "style"},
		"B": { "type": "item", "code": "agiclasses:stencil-woodworker-*",  "isTool": true, "toolDurabilityCost": 15 }
	},
	"width": 1,
	"height": 2,
	"shapeless": true,
	"output": { "type": "block", "code": "agiclasses:facade-baldcypress-{style}", "quantity": 16  }
},
{
	"ingredientPattern": "AB",
	"ingredients": {
		"A": { "type": "block", "code": "agiclasses:woodworkerplanks-larch-*-ud", "name": "style"},
		"B": { "type": "item", "code": "agiclasses:stencil-woodworker-*",  "isTool": true, "toolDurabilityCost": 15 }
	},
	"width": 1,
	"height": 2,
	"shapeless": true,
	"output": { "type": "block", "code": "agiclasses:facade-larch-{style}", "quantity": 16  }
},
{
	"ingredientPattern": "AB",
	"ingredients": {
		"A": { "type": "block", "code": "agiclasses:woodworkerplanks-redwood-*-ud", "name": "style"},
		"B": { "type": "item", "code": "agiclasses:stencil-woodworker-*",  "isTool": true, "toolDurabilityCost": 15 }
	},
	"width": 1,
	"height": 2,
	"shapeless": true,
	"output": { "type": "block", "code": "agiclasses:facade-redwood-{style}", "quantity": 16  }
},
{
	"ingredientPattern": "AB",
	"ingredients": {
		"A": { "type": "block", "code": "agiclasses:woodworkerplanks-ebony-*-ud", "name": "style"},
		"B": { "type": "item", "code": "agiclasses:stencil-woodworker-*",  "isTool": true, "toolDurabilityCost": 15 }
	},
	"width": 1,
	"height": 2,
	"shapeless": true,
	"output": { "type": "block", "code": "agiclasses:facade-ebony-{style}", "quantity": 16  }
},
{
	"ingredientPattern": "AB",
	"ingredients": {
		"A": { "type": "block", "code": "agiclasses:woodworkerplanks-walnut-*-ud", "name": "style"},
		"B": { "type": "item", "code": "agiclasses:stencil-woodworker-*",  "isTool": true, "toolDurabilityCost": 15 }
	},
	"width": 1,
	"height": 2,
	"shapeless": true,
	"output": { "type": "block", "code": "agiclasses:facade-walnut-{style}", "quantity": 16  }
},
{
	"ingredientPattern": "AB",
	"ingredients": {
		"A": { "type": "block", "code": "agiclasses:woodworkerplanks-purpleheart-*-ud", "name": "style"},
		"B": { "type": "item", "code": "agiclasses:stencil-woodworker-*",  "isTool": true, "toolDurabilityCost": 15 }
	},
	"width": 1,
	"height": 2,
	"shapeless": true,
	"output": { "type": "block", "code": "agiclasses:facade-purpleheart-{style}", "quantity": 16  }
},
]