{
	"code": "creature",
	"class": "ItemCreature",
	"maxstacksize": 64,
	"variantgroups": [
		{
			"code": "type",
			"states": [
				"cervidae-cervini-adult-male-megalocerosgiganteus","cervidae-cervini-adult-female-megalocerosgiganteus","cervidae-cervini-baby-female-megalocerosgiganteus","cervidae-cervini-baby-male-megalocerosgiganteus"		]
		},
		
		],

	"shapeByType": {
		"*-cervini-adult-male-megalocerosgiganteus": {"base": "entity/cervini/megalocerosgiganteus/adult"},
		"*-cervini-adult-female-megalocerosgiganteus": {"base": "entity/cervini/megalocerosgiganteus/adult"},
		"*-cervini-baby-female-megalocerosgiganteus": {"base": "entity/cervini/megalocerosgiganteus/baby"},
		"*-cervini-baby-male-megalocerosgiganteus": {"base": "entity/cervini/megalocerosgiganteus/baby"}
	},
	"texturesByType": {
		"*-cervini-adult-male-megalocerosgiganteus": {"skin": { "base": "entity/cervini/megalocerosgiganteus-adult" }},
		"*-cervini-adult-female-megalocerosgiganteus": {"skin": { "base": "entity/cervini/megalocerosgiganteus-adult" }},
		"*-cervini-baby-female-megalocerosgiganteus": {"skin": { "base": "entity/cervini/megalocerosgiganteus-baby" }},
		"*-cervini-baby-male-megalocerosgiganteus": {"skin": { "base": "entity/cervini/megalocerosgiganteus-baby" }}
	},
	
	
	
	
	"creativeinventory": { "general": ["*"], "items": ["*"], "creatures": ["*"] },
	"materialDensity": 600,
	"guiTransformByType": {
		
		"*-cervini-adult-male-*": {
			"rotate": true,
			"translation": { "x": 3, "y": 0, "z": 0 },
			"rotation": { "x": -11, "y": -52, "z": -180 },
			"origin": { "x": 0.5, "y": 0.8, "z": 0.5 },
			"scale": 0.47
		},
		"*-cervini-adult-female-*": {
			"rotate": true,
			"translation": { "x": 3, "y": 0, "z": 0 },
			"rotation": { "x": -11, "y": -52, "z": -180 },
			"origin": { "x": 0.5, "y": 0.7, "z": 0.5 },
			"scale": 0.47
		},
		"*-cervini-baby-*": {
			"rotate": true,
			"translation": { "x": 1, "y": -1, "z": 0 },
			"rotation": { "x": -11, "y": -52, "z": -180 },
			"origin": { "x": 0.5, "y": 0.6, "z": 0.5 },
			"scale": 0.87
		},
		"*": {
			"rotate": true,
			"translation": { "x": 1, "y": -1, "z": 0 },
			"rotation": { "x": -11, "y": -52, "z": -180 },
			"origin": { "x": 0.5, "y": 0.6, "z": 0.5 },
			"scale": 1.0
		}			
	},
	
	"tpHandTransformByType": {
		"*-cervini-adult-male-*": {
			"translation": { "x": -0.9, "y": -0.9, "z": -0.7 },
			"rotation": { "x": -180, "y": 0, "z": -156 },
			"scale": 0.45
		},
		"*-cervini-adult-female-*": {
			"translation": { "x": -0.9, "y": -0.9, "z": -0.7 },
			"rotation": { "x": -180, "y": 0, "z": -156 },
			"scale": 0.45
		},
		"*-cervini-baby-*": {
			"translation": { "x": -0.4, "y": 0, "z": -0.6 },
			"rotation": { "x": -160, "y": -26, "z": -90 },
			"origin": { "x": 0.5, "y": 0.1, "z": 0.5 },
			"scale": 0.75
		},
		"*": {
			"translation": { "x": -0.4, "y": 0, "z": -0.6 },
			"rotation": { "x": -160, "y": -26, "z": -90 },
			"origin": { "x": 0.5, "y": 0.1, "z": 0.5 },
			"scale": 1.0
		}			
	},
	
	"fpHandTransformByType": {
		"*-cervini-adult-male-*": {
			"translation": { "x": 0.2, "y": 0, "z": 0 },
			"rotation": { "x": -8, "y": -63, "z": -7 }
		},
		"*-cervini-adult-female-*": {
			"translation": { "x": 0.2, "y": 0, "z": 0 },
			"rotation": { "x": -8, "y": -63, "z": -7 }
		},
		"*-cervini-baby-*": {
			"translation": { "x": 0.4, "y": 0, "z": 0 },
			"rotation": { "x": -8, "y": -63, "z": -7 }
		},
		"*": {
			"translation": { "x": 0.4, "y": 0, "z": 0 },
			"rotation": { "x": -8, "y": -63, "z": -7 }
		}
	}
	

	
	
	
	




