{
	"editor": {
		"allAngles": false,
		"entityTextureMode": false
	},
	"textureWidth": 16,
	"textureHeight": 16,
	"textureSizes": {
	},
	"textures": {
	},
	"elements": [
		{
			"name": "origin",
			"from": [ 6.3, -0.5, 6.0 ], 
			"to": [ 6.3, -0.5, 6.0 ], 
			"rotationOrigin": [ 8.0, 0.0, 8.0 ],
			"faces": {
				"north": { "texture": "#native", "uv": [ 6.0, 6.0, 6.0, 6.0 ], "enabled": false },
				"east": { "texture": "#native", "uv": [ 8.0, 8.0, 8.0, 8.0 ], "enabled": false },
				"south": { "texture": "#native", "uv": [ 5.0, 8.0, 5.0, 8.0 ], "enabled": false },
				"west": { "texture": "#native", "uv": [ 7.0, 7.0, 7.0, 7.0 ], "enabled": false },
				"up": { "texture": "#native", "uv": [ 0.0, 12.0, 0.0, 12.0 ], "enabled": false },
				"down": { "texture": "#native", "uv": [ 5.0, 6.0, 5.0, 6.0 ], "enabled": false }
			},
			"children": [
				{
					"name": "Cube1",
					"from": [ 0.6, 0.7, 0.6 ], 
					"to": [ 2.6, 1.2, 2.6 ], 
					"faces": {
						"north": { "texture": "#gem", "uv": [ 8.0, 6.5, 10.0, 7.0 ] },
						"east": { "texture": "#gem", "uv": [ 7.5, 8.0, 9.5, 8.5 ] },
						"south": { "texture": "#gem", "uv": [ 8.5, 6.5, 10.5, 7.0 ] },
						"west": { "texture": "#gem", "uv": [ 3.5, 8.5, 5.5, 9.0 ] },
						"up": { "texture": "#gem", "uv": [ 9.5, 8.0, 11.5, 10.0 ] },
						"down": { "texture": "#gem", "uv": [ 5.0, 6.0, 7.0, 8.0 ] }
					}
				},
				{
					"name": "Cube3",
					"from": [ 0.8, 0.5, 0.8 ], 
					"to": [ 2.4, 1.4, 2.4 ], 
					"faces": {
						"north": { "texture": "#gem", "uv": [ 8.0, 6.5, 9.5, 7.0 ] },
						"east": { "texture": "#gem", "uv": [ 7.5, 8.0, 9.0, 8.5 ] },
						"south": { "texture": "#gem", "uv": [ 8.5, 6.5, 10.0, 7.0 ] },
						"west": { "texture": "#gem", "uv": [ 3.5, 8.5, 5.0, 9.0 ] },
						"up": { "texture": "#gem", "uv": [ 10.0, 11.0, 11.5, 12.5 ] },
						"down": { "texture": "#gem", "uv": [ 5.0, 6.0, 6.5, 7.5 ] }
					}
				},
				{
					"name": "Cube4",
					"from": [ 0.9, 0.4, 0.9 ], 
					"to": [ 2.3, 1.5, 2.3 ], 
					"rotationOrigin": [ 0.1, -0.1, 0.1 ],
					"faces": {
						"north": { "texture": "#gem", "uv": [ 8.0, 6.5, 9.0, 7.5 ] },
						"east": { "texture": "#gem", "uv": [ 7.5, 8.0, 8.5, 9.0 ] },
						"south": { "texture": "#gem", "uv": [ 8.5, 6.5, 9.5, 7.5 ] },
						"west": { "texture": "#gem", "uv": [ 3.5, 8.5, 4.5, 9.5 ] },
						"up": { "texture": "#gem", "uv": [ 10.0, 11.0, 11.0, 12.0 ] },
						"down": { "texture": "#gem", "uv": [ 5.0, 6.0, 6.0, 7.0 ] }
					}
				}
			]
		}
	]}