[
	{
		"file": "game:itemtypes/tool/scythe.json",
		"op": "addmerge",
		"path": "0/attributes/codePrefixes/-",
		"value": "tallplant-themedatriandra-water-normal"
	},
	{
		"file": "game:itemtypes/tool/scythe.json",
		"op": "addmerge",
		"path": "0/attributes/codePrefixes/-",
		"value": "tallplant-themedatriandra-land-normal"
	},
	{
		"file": "game:itemtypes/tool/scythe.json",
		"op": "addmerge",
		"path": "0/attributes/codePrefixes/-",
		"value": "tallplant-triodiascariosa-water-normal"
	},
	{
		"file": "game:itemtypes/tool/scythe.json",
		"op": "addmerge",
		"path": "0/attributes/codePrefixes/-",
		"value": "tallplant-triodiascariosa-land-normal"
	}
]