{
	"code": "cetacea",
	"class": "EntityFish",
	"variantgroups": [
		{ "code": "age", "states": ["baby"] },
		{ "code": "gender", "states": ["male","female"] },
		{ "code": "type", "states": ["lipotesvexillifer" ] }
	],
	"hitBoxSizeByType": {
		"*-baby-*-lipotesvexillifer": { "x": 0.7,"y": 0.4}
	},
	"deadhitBoxSizeByType": {
		"*-baby-*-lipotesvexillifer": { "x": 0.7,"y": 0.4}
	},
	"eyeHeightByType": {
		"*-baby-*-lipotesvexillifer": 0.3,
		"*": 0.6
	},
	"weightByType": {
		"*-baby-*-lipotesvexillifer": 20
	},	
	"knockbackResistanceByType": {
		"*-baby-*-lipotesvexillifer": 0.5
	},	
	"drops": [],
	"habitat": "Underwater",
	"attributes": {
		"killedByInfoText": "deadcreature-killed",
		"creatureDiet": {
			"foodTags": ["fish"]
		},
		"handbook": {
			"groupcode": "creaturegroup-cetacea"
		}
	},
	"client": {
		"renderer": "Shape",
		"shapeByType": {
			"*-baby-*-lipotesvexillifer": { "base": "entity/water/cetacea/lipotesvexillifer-baby" }
		},
		"textureByType": { 
			"*": { "base": "entity/cetacea/{type}-{age}" }   
		},
		"sizeByType": {
			"*-baby-*-lipotesvexillifer": 0.95
		},
		"behaviors": [
			{ "code": "repulseagents" },
			{ "code": "controlledphysics","stepHeightByType": {"*": 0.1251}},
			{ "code": "interpolateposition" },
			{ "code": "floatupwhenstuck", "onlyWhenDead": true },
			{ "code": "harvestable","quantitySlots": 8 },
			{ "code": "multiply", "enabledByType": { "*-adult-female-*": true, "*": false } },
			{ "code": "despawn", "minPlayerDistance": 16, "belowLightLevel": 1, "minSeconds": 300 }
		],
		"animations": [
			{
				"code": "flop",
				"animation": "Flopping",
				"animationSpeed": 1.0
			},
			{
				"code": "hurt",
				"animation": "Hurt",
				"animationSpeed": 2.2,
				"weight": 10,
				"blendMode": "AddAverage"
			},
			{
				"code": "die",
				"animation": "Dead",
				"weight": 10,
				"blendMode": "Average",
				"triggeredBy": { "onControls": [ "dead" ] }
			},
			{
				"code": "idle",
				"animation": "Idle",
				"blendMode": "AddAverage",
				"easeOutSpeed": 4,
				"animationSpeed": 1,
				"triggeredBy": { "defaultAnim": true }
			},
			{
				"code": "susu",
				"animation": "Susu",
				"blendMode": "AddAverage",
				"easeOutSpeed": 4,
				"animationSpeed": 1,
				"triggeredBy": { "defaultAnim": true }
			},
			{
				"code": "sleep",
				"animation": "Idle",
				"easeInSpeed": 4,
				"easeOutSpeed": 4,
				"animationSpeed": 0.1,
				"blendMode": "Average"
			},
			{
				"code": "eat",
				"animation": "Eat",
				"easeInSpeed": 4,
				"easeOutSpeed": 4,
				"blendMode": "AddAverage"
			},
			{
				"code": "swim",
				"animation": "Swim",
				"supressDefaultAnimation": true,
				"animationSpeed": 1,
				"blendMode": "Average"
			},
			{
				"code": "swimfast",
				"animation": "Swimfast",
				"supressDefaultAnimation": true,
				"animationSpeed": 2.0,
				"blendMode": "Average"
			}
		]
	},
	"server": {
		"attributes": {
			"pathfinder": {
				"minTurnAnglePerSec": 15,
				"maxTurnAnglePerSec": 45
			}
		},
		"behaviors": [
			{ "code": "repulseagents" },
      { "code": "controlledphysics","stepHeightByType": {"*": 0.1251 }},
			{"code": "despawn","minPlayerDistance": 8,"belowLightLevel": 1,"minSeconds": 300},
			{"code": "health",
				"maxhealthByType": {
					"*-baby-*": 6
				}
			},
			{
				"code": "deaddecay",
				"hoursToDecay": 96,
				"decayedBlockByType": {
					"*-baby-*": "carcass-small"
				}
			},
			{
				"code": "floatupwhenstuck",
				"onlyWhenDead": true
			},
			{
				"code": "harvestable","quantitySlots": 8,
				"drops": [
					{
						"type": "item",
						"code": "game:bushmeat-raw",
						"quantityByType": {
							"cetacea-baby-*-lipotesvexillifer": {"avg": 8.5,"var": 0.5}
						}
					},
					{
						"type": "item",
						"code": "iniidae:pelt-baby-{type}",
						"quantityByType": {
							"*-baby-*": {"avg": 1.0,"var": 0.0},
							"*": {"avg": 0.0,"var": 0.0}
						}
					},
					{
						"type": "item",
						"code": "game:fat",
						"quantityByType": {
							"cetacea-baby-*-lipotesvexillifer": {"avg": 1,"var": 0.3}
						}
					}
				]
			},
			{ 
				"code": "grow", 
				"hoursToGrowByType": {"*-lipotesvexillifer":700},
				"adultEntityCodesByType": {"*-baby-male-*": ["iniidae:cetacea-adult-male-{type}"],"*-baby-female-*": ["iniidae:cetacea-adult-female-{type}"]
				}
			},
			{
				"code": "emotionstates",
				"states": [
					{"code": "fleeondamage","whenHealthRelBelow": 0.5,"duration": 60,"chanceByType": {"*": 1.0},"slot": 0,"priority": 5,"accumType": "max"},
					{"code": "fleeondamage","duration": 40,"chanceByType": {"*-adult-*": 0.75,"*": 1.0},"slot": 0,"priority": 1,"accumType": "max"},
					{"code": "alarmherdondamage","chance": 1,"slot": 1,"priority": 1,"accumType": "max"},
					{"code": "saturated","duration": 2400,"chance": 1,"slot": 0,"priority": 1,"accumType": "sum"}]
			},
			{
				"code": "taskai",
				"aitasks": [
					{
						"code": "fishoutofwater", 
						"priority": 3.5, 
						"priorityForCancel": 3.6,
						"movespeed": 0.005,
						"animation": "flop",
						"animationSpeed": 1
					},
					{
						"code": "meleeattack",
						"animation": "Eat",
						"entityCodes": [ "player","salmon"],
						"priority": 3,
						"damageByType": {
							"*-baby-*": 1
						},
						"damageTier": 1,
						"damageType": "SlashingAttack",
						"slot": 1,
						"minDistByType": {
							"*-baby-*": 1
						},
						"minVerDistByType": {
							"*-baby-*": 1
						},
						"mincooldown": 1500,
						"maxcooldown": 2500,
						"attackDurationMs": 800,
						"damagePlayerAtMs": 500,
						"animationSpeed": 1.5,
						"soundByType": {
							"*-lipotesvexillifer": "creature/cetacea/lipotesvexillifer/whistle*"
						},
						"whenInEmotionState": "aggressiveondamage"
					},
					{
						"code": "seekentity",
						"animation": "Swimfast",
						"entityCodes": ["salmon"],
						"priority": 1.5,
						"mincooldown": 600,
						"maxcooldown": 650,
						"movespeedByType": {
							"cetacea-baby-*-lipotesvexillifer": 0.04
						},
						"animationSpeedByType": {
							"*-baby-*": 3
						},
						"seekingRange": 20,
						"soundByType": {
							"*-lipotesvexillifer": "creature/cetacea/lipotesvexillifer/whistle*"
						},
						"whenNotInEmotionState": "aggressiveondamage|aggressivearoundentities|fleeondamage|saturated"
					},
					{
						"code": "fleeentity",
						"animation": "Swimfast",
						"entityCodesByType": {
							"*": [ "bear-*", "hyena-male", "hyena-female", "wolf-male", "wolf-female","bovinae-adult-*", "caninae-canina-adult-*","diprotodontidae-adult-*","elephantidae-adult-*","hyaenidae-adult-*","machairodontinae-adult*", "pantherinae-panthera-adult*","rhinocerotidae-adult-*","thylacoleonidae-adult-*", "ursidae-adult-*"]},
						"priority": 1.51,
						"movespeedByType": {
							"cetacea-baby-*-lipotesvexillifer": 0.04
						},
						"seekingRange": 14,
						"animationSpeedByType": {
							"*-baby-*": 3
						},
						"soundByType": {
							"*-lipotesvexillifer": "creature/cetacea/lipotesvexillifer/whistle*"
						}
					},
					{
						"code": "stayclosetoentity",
						"animation":"Swimfast",
						"priority": 1.4,
						"entityCodeByType": {
							"*-baby-*": "cetacea-adult-female-{type}"
						},
						"movespeedByType": {
							"*-lipotesvexillifer": 0.01,
							"*": 0.006
						},
						"animationSpeedByType": {
							"*-baby-*": 1.5
						},
						"maxDistance": 5,
						"searchRange": 25
					},
					{
						"code": "idle",
						"animation": "Idle",
						"priority": 0.9,
						"minduration": 1600,
						"maxduration": 3200,
						"mincooldown": 6000,
						"maxcooldown": 120000,
						"priorityForCancel": 1.28,
						"stopOnNearbyEntityCodes": [ "player", "bear-*", "hyena-male", "hyena-female", "wolf-male", "wolf-female", "caninae-*","felinae-*","hyaenidae-*","machairodontinae-*", "pantherinae-*","thylacoleonidae-*", "ursidae-*" ],
						"stopRange": 10,
						"stopOnHurt": true,
						"animationSpeed": 0.5,
						"soundByType": {
							"*-lipotesvexillifer": "creature/cetacea/lipotesvexillifer/whistle*"
						}
					},
					{
						"code": "idle",
						"animation": "Susu",
						"priority": 0.9,
						"minduration": 1600,
						"maxduration": 3200,
						"mincooldown": 6000,
						"maxcooldown": 120000,
						"priorityForCancel": 1.28,
						"stopOnNearbyEntityCodes": [ "player", "bear-*", "hyena-male", "hyena-female", "wolf-male", "wolf-female", "caninae-*","felinae-*","hyaenidae-*","machairodontinae-*", "pantherinae-*","thylacoleonidae-*", "ursidae-*" ],
						"stopRange": 10,
						"stopOnHurt": true,
						"animationSpeed": 0.5
					},
					{
						"code": "idle",
						"animation": "Sleep",
						"priority": 1.38,
						"minduration": 6000,
						"maxduration": 12000,
						"mincooldown": 10000,
						"maxcooldown": 30000,
						"priorityForCancel": 1.38,
						"whenNotInEmotionState": "aggressiveondamage",
						"duringDayTimeFramesByType": {
							"*": [{"fromHour": 0,"toHour": 24}]
						},
						"stopOnNearbyEntityCodes": [ "player", "bear-*", "hyena-male", "hyena-female", "wolf-male", "wolf-female", "caninae-*","felinae-*","hyaenidae-*","machairodontinae-*", "pantherinae-*","thylacoleonidae-*", "ursidae-*"  ],
						"stopRange": 8,
						"stopOnHurt": true,
						"animationSpeed": 0.1
					},
					{
						"code": "wander",
						"animation": "Swim",
						"priority": 1.0,
						"priorityForCancel": 1.35,
						"stopOnNearbyEntityCodes": [ "player", "bear-*", "hyena-male", "hyena-female", "wolf-male", "wolf-female", "caninae-*","felinae-*","hyaenidae-*","machairodontinae-*", "pantherinae-*","thylacoleonidae-*", "ursidae-*"  ],
						"chance": 0.5,
						"movespeedByType": {
							"*-lipotesvexillifer": 0.04,
							"*": 0.006
						},
						"animationSpeedByType": {
							"*-baby-*": 1.5
						},
						"preferredLightLevel": 22
					},
					{
						"code": "seekfoodandeat",
						"movespeedByType": {
							"*-lipotesvexillifer": 0.01,
							"*": 0.006
						},
						"animationSpeedByType": {
							"*-baby-*": 1.5
						},
						"priority": 1.25,
						"eatSoundByType": {
							"*": "game:creature/animal-eat-small"
						},
						"eatTime": 1.5,
						"eatLooseItems": true,
						"animation": "Swim",
						"eatAnimation": "Eat",
						"mincooldownHours": 1,
						"maxcooldownHours": 4
					}
				]
			},
			{
				"code": "pettable",
				"minGeneration": 1
			},
			{
				"code": "ropetieable",
				"minGeneration": 2
			}
		]
	},
	"soundsByType": {
		"cetacea-*-*-lipotesvexillifer":{
			"hurt": "creature/cetacea/lipotesvexillifer/whistle*",
			"death": "creature/cetacea/lipotesvexillifer/whistle*",
			"idle": "creature/cetacea/lipotesvexillifer/whistle*"
		}
	},
	"idleSoundRangeByType": {
		"*-baby-*":10
	},
	"idleSoundChanceByType": {
		"*-lipotesvexillifer": 0.001
	}
}