{
	"editor": {
		"collapsedPaths": "Root/Origin/Stalka2,Root/Origin/Stalka1,Root/Origin/Rotation point3,Root/Origin/Rotation point2,Root/Origin/Rotation point",
		"allAngles": true,
		"entityTextureMode": false
	},
	"textureWidth": 24,
	"textureHeight": 48,
	"textureSizes": {
		"crownshaftbot": [8,8],
		"crownshaft": [8,16],
		"fronds": [24,48]
	},
	"textures": {
	},
	"elements": [
		{
			"name": "Origin",
			"from": [ 8.0, 12.0, 8.0 ],
			"to": [ 8.0, 12.0, 8.0 ],
			"rotationOrigin": [ 8.0, 12.0, 8.0 ],
			"faces": {
			},
			"children": [
				{
					"name": "Palm1",
					"from": [ 0.0, 0.0, -1.0 ],
					"to": [ 0.0, 0.0, -1.0 ],
					"shade": false,
					"renderPass": 1,
					"rotationOrigin": [ 0.0, 0.0, -1.0 ],
					"rotationX": -22.5,
					"faces": {
					},
					"children": [
						{
							"name": "Fronda1",
							"from": [ 0.0, 0.0, 0.0 ],
							"to": [ 9.0, 36.0, 0.0 ],
							"shade": false,
							"renderPass": 1,
							"rotationOrigin": [ 0.0, 0.0, 0.0 ],
							"rotationY": -22.0,
							"faces": {
								"north": { "texture": "#fronds", "uv": [ 0.0, 0.0, 12.0, 48.0 ], "autoUv": false, "windMode": [0,1,1,0], "windData": [0,2,2,0] }
							},
							"children": [
								{
									"name": "Frondb1",
									"from": [ -9.0, 0.0, 0.0 ],
									"to": [ 0.0, 36.0, 0.0 ],
									"shade": false,
									"renderPass": 1,
									"rotationOrigin": [ 0.0, 0.0, 0.0 ],
									"rotationY": 44.0,
									"faces": {
										"north": { "texture": "#fronds", "uv": [ 12.0, 0.0, 28.0, 48.0 ], "autoUv": false, "windMode": [0,1,1,0], "windData": [0,2,2,0] }
									}
								}
							]
						}
					]
				},
				{
					"name": "Rotationpoint",
					"from": [ 1.0, 0.0, 1.0 ],
					"to": [ 1.0, 0.0, 1.0 ],
					"rotationOrigin": [ 1.0, 0.0, 1.0 ],
					"rotationY": -144.0,
					"faces": {
						"north": { "texture": "#fronds", "uv": [ 0.0, 0.0, 0.5, 0.5 ], "windMode": [0,0,0,0] },
						"east": { "texture": "#fronds", "uv": [ 0.0, 0.0, 0.5, 0.5 ], "windMode": [0,0,0,0] },
						"south": { "texture": "#fronds", "uv": [ 0.0, 0.0, 0.5, 0.5 ], "windMode": [0,0,0,0] },
						"west": { "texture": "#fronds", "uv": [ 0.0, 0.0, 0.5, 0.5 ], "windMode": [0,0,0,0] },
						"up": { "texture": "#fronds", "uv": [ 0.0, 0.0, 0.5, 0.5 ], "windMode": [0,0,0,0] },
						"down": { "texture": "#fronds", "uv": [ 0.0, 0.0, 0.5, 0.5 ], "windMode": [0,0,0,0] }
					},
					"children": [
						{
							"name": "Palm2",
							"from": [ 0.0, 0.0, 0.0 ],
							"to": [ 0.0, 0.0, 0.0 ],
							"shade": false,
							"renderPass": 1,
							"rotationOrigin": [ 0.0, 0.0, 0.0 ],
							"rotationX": -22.5,
							"rotationY": 6.0,
							"faces": {
							},
							"children": [
								{
									"name": "Fronda2",
									"from": [ 0.0, 0.0, 0.0 ],
									"to": [ 9.0, 36.0, 0.0 ],
									"shade": false,
									"renderPass": 1,
									"rotationOrigin": [ 0.0, 0.0, 0.0 ],
									"rotationY": -30.0,
									"faces": {
										"north": { "texture": "#fronds", "uv": [ 0.0, 0.0, 12.0, 48.0 ], "autoUv": false, "windMode": [0,1,1,0], "windData": [0,2,2,0] }
									},
									"children": [
										{
											"name": "Frondb2",
											"from": [ -9.0, 0.0, 0.0 ],
											"to": [ 0.0, 36.0, 0.0 ],
											"shade": false,
											"renderPass": 1,
											"rotationOrigin": [ 0.0, 0.0, 0.0 ],
											"rotationY": 66.0,
											"faces": {
												"north": { "texture": "#fronds", "uv": [ 12.0, 0.0, 28.0, 48.0 ], "autoUv": false, "windMode": [0,1,1,0], "windData": [0,2,2,0] }
											}
										}
									]
								}
							]
						}
					]
				},
				{
					"name": "Rotationpoint2",
					"from": [ -1.0, 0.0, 1.0 ],
					"to": [ -1.0, 0.0, 1.0 ],
					"rotationOrigin": [ -1.0, 0.0, 1.0 ],
					"rotationY": 97.0,
					"faces": {
						"north": { "texture": "#fronds", "uv": [ 0.0, 0.0, 0.5, 0.5 ], "windMode": [0,0,0,0] },
						"east": { "texture": "#fronds", "uv": [ 0.0, 0.0, 0.5, 0.5 ], "windMode": [0,0,0,0] },
						"south": { "texture": "#fronds", "uv": [ 0.0, 0.0, 0.5, 0.5 ], "windMode": [0,0,0,0] },
						"west": { "texture": "#fronds", "uv": [ 0.0, 0.0, 0.5, 0.5 ], "windMode": [0,0,0,0] },
						"up": { "texture": "#fronds", "uv": [ 0.0, 0.0, 0.5, 0.5 ], "windMode": [0,0,0,0] },
						"down": { "texture": "#fronds", "uv": [ 0.0, 0.0, 0.5, 0.5 ], "windMode": [0,0,0,0] }
					},
					"children": [
						{
							"name": "Palm3",
							"from": [ 0.0, 0.0, 0.0 ],
							"to": [ 0.0, 0.0, 0.0 ],
							"shade": false,
							"renderPass": 1,
							"rotationOrigin": [ 0.0, 0.0, 0.0 ],
							"rotationX": -22.5,
							"rotationY": 6.0,
							"faces": {
							},
							"children": [
								{
									"name": "Fronda3",
									"from": [ 0.0, 0.0, 0.0 ],
									"to": [ 9.0, 36.0, 0.0 ],
									"shade": false,
									"renderPass": 1,
									"rotationOrigin": [ 0.0, 0.0, 0.0 ],
									"rotationY": -30.0,
									"faces": {
										"north": { "texture": "#fronds", "uv": [ 0.0, 0.0, 12.0, 48.0 ], "autoUv": false, "windMode": [0,1,1,0], "windData": [0,2,2,0] }
									},
									"children": [
										{
											"name": "Frondb3",
											"from": [ -9.0, 0.0, 0.0 ],
											"to": [ 0.0, 36.0, 0.0 ],
											"shade": false,
											"renderPass": 1,
											"rotationOrigin": [ 0.0, 0.0, 0.0 ],
											"rotationY": 66.0,
											"faces": {
												"north": { "texture": "#fronds", "uv": [ 12.0, 0.0, 28.0, 48.0 ], "autoUv": false, "windMode": [0,1,1,0], "windData": [0,2,2,0] }
											}
										}
									]
								}
							]
						}
					]
				},
				{
					"name": "Rotationpoint3",
					"from": [ -2.0, 0.0, -2.0 ],
					"to": [ -2.0, 0.0, -2.0 ],
					"rotationOrigin": [ -2.0, 0.0, -2.0 ],
					"rotationY": 39.0,
					"faces": {
						"north": { "texture": "#fronds", "uv": [ 0.0, 0.0, 0.5, 0.5 ], "windMode": [0,0,0,0] },
						"east": { "texture": "#fronds", "uv": [ 0.0, 0.0, 0.5, 0.5 ], "windMode": [0,0,0,0] },
						"south": { "texture": "#fronds", "uv": [ 0.0, 0.0, 0.5, 0.5 ], "windMode": [0,0,0,0] },
						"west": { "texture": "#fronds", "uv": [ 0.0, 0.0, 0.5, 0.5 ], "windMode": [0,0,0,0] },
						"up": { "texture": "#fronds", "uv": [ 0.0, 0.0, 0.5, 0.5 ], "windMode": [0,0,0,0] },
						"down": { "texture": "#fronds", "uv": [ 0.0, 0.0, 0.5, 0.5 ], "windMode": [0,0,0,0] }
					},
					"children": [
						{
							"name": "Palm4",
							"from": [ 0.0, 0.0, 0.0 ],
							"to": [ 0.0, 0.0, 0.0 ],
							"shade": false,
							"renderPass": 1,
							"rotationOrigin": [ 0.0, 0.0, 0.0 ],
							"rotationX": -40.0,
							"rotationY": 6.0,
							"faces": {
							},
							"children": [
								{
									"name": "Fronda4",
									"from": [ 0.0, 0.0, 0.0 ],
									"to": [ 9.0, 36.0, 0.0 ],
									"shade": false,
									"renderPass": 1,
									"rotationOrigin": [ 0.0, 0.0, 0.0 ],
									"rotationY": -30.0,
									"faces": {
										"north": { "texture": "#fronds", "uv": [ 0.0, 0.0, 12.0, 48.0 ], "autoUv": false, "windMode": [0,1,1,0], "windData": [0,1,1,0] }
									},
									"children": [
										{
											"name": "Frondb4",
											"from": [ -9.0, 0.0, 0.0 ],
											"to": [ 0.0, 36.0, 0.0 ],
											"shade": false,
											"renderPass": 1,
											"rotationOrigin": [ 0.0, 0.0, 0.0 ],
											"rotationY": 66.0,
											"faces": {
												"north": { "texture": "#fronds", "uv": [ 12.0, 0.0, 28.0, 48.0 ], "autoUv": false, "windMode": [1,1,1,0], "windData": [0,1,1,0] }
											}
										}
									]
								}
							]
						}
					]
				},
				{
					"name": "Rotationpoint4",
					"from": [ 2.0, -1.0, -1.0 ],
					"to": [ 2.0, -1.0, -1.0 ],
					"rotationOrigin": [ 2.0, -1.0, -1.0 ],
					"rotationY": -75.0,
					"faces": {
						"north": { "texture": "#fronds", "uv": [ 0.0, 0.0, 0.5, 0.5 ], "windMode": [0,0,0,0] },
						"east": { "texture": "#fronds", "uv": [ 0.0, 0.0, 0.5, 0.5 ], "windMode": [0,0,0,0] },
						"south": { "texture": "#fronds", "uv": [ 0.0, 0.0, 0.5, 0.5 ], "windMode": [0,0,0,0] },
						"west": { "texture": "#fronds", "uv": [ 0.0, 0.0, 0.5, 0.5 ], "windMode": [0,0,0,0] },
						"up": { "texture": "#fronds", "uv": [ 0.0, 0.0, 0.5, 0.5 ], "windMode": [0,0,0,0] },
						"down": { "texture": "#fronds", "uv": [ 0.0, 0.0, 0.5, 0.5 ], "windMode": [0,0,0,0] }
					},
					"children": [
						{
							"name": "Palm5",
							"from": [ 0.0, 0.0, 0.0 ],
							"to": [ 0.0, 0.0, 0.0 ],
							"shade": false,
							"renderPass": 1,
							"rotationOrigin": [ 0.0, 0.0, 0.0 ],
							"rotationX": -32.0,
							"rotationY": 6.0,
							"faces": {
							},
							"children": [
								{
									"name": "Fronda5",
									"from": [ 0.0, 0.0, 0.0 ],
									"to": [ 9.0, 36.0, 0.0 ],
									"shade": false,
									"renderPass": 1,
									"rotationOrigin": [ 0.0, 0.0, 0.0 ],
									"rotationY": -30.0,
									"faces": {
										"north": { "texture": "#fronds", "uv": [ 0.0, 0.0, 12.0, 48.0 ], "autoUv": false, "windMode": [0,1,1,0], "windData": [0,1,2,0] }
									},
									"children": [
										{
											"name": "Frondb5",
											"from": [ -9.0, 0.0, 0.0 ],
											"to": [ 0.0, 36.0, 0.0 ],
											"shade": false,
											"renderPass": 1,
											"rotationOrigin": [ 0.0, 0.0, 0.0 ],
											"rotationY": 66.0,
											"faces": {
												"north": { "texture": "#fronds", "uv": [ 12.0, 0.0, 28.0, 48.0 ], "autoUv": false, "windMode": [1,1,1,0], "windData": [0,2,1,0] }
											}
										}
									]
								}
							]
						}
					]
				},
				{
					"name": "Rotationpoint5",
					"from": [ -2.0, -1.0, 1.0 ],
					"to": [ -2.0, -1.0, 1.0 ],
					"rotationOrigin": [ -2.0, -1.0, 1.0 ],
					"rotationY": 119.0,
					"faces": {
						"north": { "texture": "#fronds", "uv": [ 0.0, 0.0, 0.5, 0.5 ], "windMode": [0,0,0,0] },
						"east": { "texture": "#fronds", "uv": [ 0.0, 0.0, 0.5, 0.5 ], "windMode": [0,0,0,0] },
						"south": { "texture": "#fronds", "uv": [ 0.0, 0.0, 0.5, 0.5 ], "windMode": [0,0,0,0] },
						"west": { "texture": "#fronds", "uv": [ 0.0, 0.0, 0.5, 0.5 ], "windMode": [0,0,0,0] },
						"up": { "texture": "#fronds", "uv": [ 0.0, 0.0, 0.5, 0.5 ], "windMode": [0,0,0,0] },
						"down": { "texture": "#fronds", "uv": [ 0.0, 0.0, 0.5, 0.5 ], "windMode": [0,0,0,0] }
					},
					"children": [
						{
							"name": "Palm6",
							"from": [ 0.0, 0.0, 0.0 ],
							"to": [ 0.0, 0.0, 0.0 ],
							"shade": false,
							"renderPass": 1,
							"rotationOrigin": [ 0.0, 0.0, 0.0 ],
							"rotationX": -38.0,
							"rotationY": 6.0,
							"faces": {
							},
							"children": [
								{
									"name": "Fronda6",
									"from": [ 0.0, 0.0, 0.0 ],
									"to": [ 9.0, 36.0, 0.0 ],
									"shade": false,
									"renderPass": 1,
									"rotationOrigin": [ 0.0, 0.0, 0.0 ],
									"rotationY": -30.0,
									"faces": {
										"north": { "texture": "#fronds", "uv": [ 0.0, 0.0, 12.0, 48.0 ], "autoUv": false, "windMode": [0,1,1,0], "windData": [0,1,1,0] }
									},
									"children": [
										{
											"name": "Frondb6",
											"from": [ -9.0, 0.0, 0.0 ],
											"to": [ 0.0, 36.0, 0.0 ],
											"shade": false,
											"renderPass": 1,
											"rotationOrigin": [ 0.0, 0.0, 0.0 ],
											"rotationY": 66.0,
											"faces": {
												"north": { "texture": "#fronds", "uv": [ 12.0, 0.0, 28.0, 48.0 ], "autoUv": false, "windMode": [1,1,1,0], "windData": [0,2,1,0] }
											}
										}
									]
								}
							]
						}
					]
				},
				{
					"name": "Rotationpoint6",
					"from": [ 0.0, -1.0, 1.0 ],
					"to": [ 0.0, -1.0, 1.0 ],
					"rotationOrigin": [ 0.0, -1.0, 1.0 ],
					"rotationY": -180.0,
					"faces": {
						"north": { "texture": "#fronds", "uv": [ 0.0, 0.0, 0.5, 0.5 ], "windMode": [0,0,0,0] },
						"east": { "texture": "#fronds", "uv": [ 0.0, 0.0, 0.5, 0.5 ], "windMode": [0,0,0,0] },
						"south": { "texture": "#fronds", "uv": [ 0.0, 0.0, 0.5, 0.5 ], "windMode": [0,0,0,0] },
						"west": { "texture": "#fronds", "uv": [ 0.0, 0.0, 0.5, 0.5 ], "windMode": [0,0,0,0] },
						"up": { "texture": "#fronds", "uv": [ 0.0, 0.0, 0.5, 0.5 ], "windMode": [0,0,0,0] },
						"down": { "texture": "#fronds", "uv": [ 0.0, 0.0, 0.5, 0.5 ], "windMode": [0,0,0,0] }
					},
					"children": [
						{
							"name": "Palm7",
							"from": [ 0.0, 0.0, 0.0 ],
							"to": [ 0.0, 0.0, 0.0 ],
							"shade": false,
							"renderPass": 1,
							"rotationOrigin": [ 0.0, 0.0, 0.0 ],
							"rotationX": -31.0,
							"rotationY": 6.0,
							"faces": {
							},
							"children": [
								{
									"name": "Fronda7",
									"from": [ 0.0, 0.0, 0.0 ],
									"to": [ 9.0, 36.0, 0.0 ],
									"shade": false,
									"renderPass": 1,
									"rotationOrigin": [ 0.0, 0.0, 0.0 ],
									"rotationY": -30.0,
									"faces": {
										"north": { "texture": "#fronds", "uv": [ 0.0, 0.0, 12.0, 48.0 ], "autoUv": false, "windMode": [0,1,1,0], "windData": [0,1,2,0] }
									},
									"children": [
										{
											"name": "Frondb7",
											"from": [ -9.0, 0.0, 0.0 ],
											"to": [ 0.0, 36.0, 0.0 ],
											"shade": false,
											"renderPass": 1,
											"rotationOrigin": [ 0.0, 0.0, 0.0 ],
											"rotationY": 66.0,
											"faces": {
												"north": { "texture": "#fronds", "uv": [ 12.0, 0.0, 28.0, 48.0 ], "autoUv": false, "windMode": [1,1,1,0], "windData": [0,2,1,0] }
											}
										}
									]
								}
							]
						}
					]
				},
				{
					"name": "Rotationpoint7",
					"from": [ 2.0, -1.0, 2.0 ],
					"to": [ 2.0, -1.0, 2.0 ],
					"rotationOrigin": [ 2.0, -1.0, 2.0 ],
					"rotationY": -144.0,
					"faces": {
						"north": { "texture": "#fronds", "uv": [ 0.0, 0.0, 0.5, 0.5 ], "windMode": [0,0,0,0] },
						"east": { "texture": "#fronds", "uv": [ 0.0, 0.0, 0.5, 0.5 ], "windMode": [0,0,0,0] },
						"south": { "texture": "#fronds", "uv": [ 0.0, 0.0, 0.5, 0.5 ], "windMode": [0,0,0,0] },
						"west": { "texture": "#fronds", "uv": [ 0.0, 0.0, 0.5, 0.5 ], "windMode": [0,0,0,0] },
						"up": { "texture": "#fronds", "uv": [ 0.0, 0.0, 0.5, 0.5 ], "windMode": [0,0,0,0] },
						"down": { "texture": "#fronds", "uv": [ 0.0, 0.0, 0.5, 0.5 ], "windMode": [0,0,0,0] }
					},
					"children": [
						{
							"name": "Palm8",
							"from": [ 0.0, 0.0, 0.0 ],
							"to": [ 0.0, 0.0, 0.0 ],
							"shade": false,
							"renderPass": 1,
							"rotationOrigin": [ 0.0, 0.0, 0.0 ],
							"rotationX": -39.0,
							"rotationY": 6.0,
							"faces": {
							},
							"children": [
								{
									"name": "Fronda8",
									"from": [ 0.0, 0.0, 0.0 ],
									"to": [ 9.0, 36.0, 0.0 ],
									"shade": false,
									"renderPass": 1,
									"rotationOrigin": [ 0.0, 0.0, 0.0 ],
									"rotationY": -30.0,
									"faces": {
										"north": { "texture": "#fronds", "uv": [ 0.0, 0.0, 12.0, 48.0 ], "autoUv": false, "windMode": [0,1,1,0], "windData": [0,1,1,0] }
									},
									"children": [
										{
											"name": "Frondb8",
											"from": [ -9.0, 0.0, 0.0 ],
											"to": [ 0.0, 36.0, 0.0 ],
											"shade": false,
											"renderPass": 1,
											"rotationOrigin": [ 0.0, 0.0, 0.0 ],
											"rotationY": 66.0,
											"faces": {
												"north": { "texture": "#fronds", "uv": [ 12.0, 0.0, 28.0, 48.0 ], "autoUv": false, "windMode": [1,1,1,0], "windData": [0,1,1,0] }
											}
										}
									]
								}
							]
						}
					]
				},
				{
					"name": "Crownshaft",
					"from": [ -3.0, -12.0, -3.0 ],
					"to": [ 3.0, 0.0, 3.0 ],
					"rotationOrigin": [ -3.0, -12.0, -3.0 ],
					"faces": {
						"north": { "texture": "#crownshaft", "uv": [ 0.0, 0.0, 8.0, 16.0 ], "autoUv": false },
						"east": { "texture": "#crownshaft", "uv": [ 0.0, 0.0, 8.0, 16.0 ], "autoUv": false, "windMode": [-1,-1,-1,-1] },
						"south": { "texture": "#crownshaft", "uv": [ 0.0, 0.0, 8.0, 16.0 ], "autoUv": false, "windMode": [-1,-1,-1,-1] },
						"west": { "texture": "#crownshaft", "uv": [ 0.0, 0.0, 8.0, 16.0 ], "autoUv": false, "windMode": [-1,-1,-1,-1] },
						"up": { "texture": "#crownshaftbot", "uv": [ 0.0, 0.0, 8.0, 8.0 ], "autoUv": false, "windMode": [-1,-1,-1,-1] },
						"down": { "texture": "#crownshaftbot", "uv": [ 0.0, 0.0, 8.0, 8.0 ], "autoUv": false, "windMode": [-1,-1,-1,-1] }
					}
				}
			]
		}
	]}