{
	code: "meatnugget",
	maxstacksize: 64,
	attributes: {
		displaycaseable: true,
		shelvable: true,
		"handbook": { "groupBy": [ "meatnugget-*" ] },
		nutritionPropsWhenInMealByType: { 
			"@*-palemeat-(raw|smashed)": {satiety: 180, foodcategory: "Protein"},
			"meatnugget-palemeat-cured": {satiety: 150, foodcategory: "Protein"},
		},
		bakingPropertiesByType: {
			"*-smashed": {
				temp: 150,
				levelFrom: 0.0,
				levelTo: 0.25,
				startScaleY: 1.0,
				endScaleY: 1.0,
				resultCode: "cannibalism:meatnugget-{meat}-tenderpartbaked",
			},
			"*-tenderpartbaked": {
				temp: 150,
				levelFrom: 0.25,
				levelTo: 0.5,
				startScaleY: 1.0,
				endScaleY: 1.0,
				resultCode: "cannibalism:meatnugget-{meat}-tender",
				initialCode: "cannibalism:meatnugget-{meat}-smashed"
			},
			"*-tender": {
				temp: 150,
				levelFrom: 0.5,
				levelTo: 0.75,
				startScaleY: 1.0,
				endScaleY: 1.0,
				resultCode: "cannibalism:meatnugget-{meat}-tendercharred",
				initialCode: "cannibalism:meatnugget-{meat}-tenderpartbaked"
			},
			"*-tendercharred": {
				temp: 150,
				levelFrom: 0.75,
				levelTo: 1.0,
				startScaleY: 1.0,
				endScaleY: 0.9,
				initialCode: "cannibalism:meatnugget-{meat}-tender"
			},
			"*-raw": {
				temp: 150,
				levelFrom: 0.0,
				levelTo: 0.25,
				startScaleY: 1.0,
				endScaleY: 1.0,
				resultCode: "cannibalism:meatnugget-{meat}-cookedpartbaked",
			},
			"*-cookedpartbaked": {
				temp: 150,
				levelFrom: 0.25,
				levelTo: 0.5,
				startScaleY: 1.0,
				endScaleY: 1.0,
				resultCode: "cannibalism:meatnugget-{meat}-cooked",
				initialCode: "cannibalism:meatnugget-{meat}-raw"
			},
			"*-cooked": {
				temp: 150,
				levelFrom: 0.5,
				levelTo: 0.75,
				startScaleY: 1.0,
				endScaleY: 1.0,
				resultCode: "cannibalism:meatnugget-{meat}-cookedcharred",
				initialCode: "cannibalism:meatnugget-{meat}-cookedpartbaked"
			},
			"*-cookedcharred": {
				temp: 150,
				levelFrom: 0.75,
				levelTo: 1.0,
				startScaleY: 1.0,
				endScaleY: 0.9,
				initialCode: "cannibalism:meatnugget-{meat}-cooked"
			},
		},
		onDisplayTransformByType: { 
			"@*-(raw|cookedpartbaked|cooked|cookedcharred|cured)": {
				translation: { x: 0, y: 0.25, z: 0 },
				scale: 1.5 
			},
			"*": {
				translation: { x: 0, y: 0, z: 0 },
				scale: 1 
			},
		},
    	inPiePropertiesByType: {
      		"@*-palemeat-(raw|smashed|cured)": { texture: "cannibalism:block/food/pie/fill-palemeat", partType: 'Filling' },
    	},
	},
	variantgroups: [
		{ code: "meat", states: ["palemeat"]},	
		{ code: "type", states: ["smashed", "raw", "cured", "cookedpartbaked", "cooked", "cookedcharred", "tenderpartbaked", "tender", "tendercharred" ] },
	],
	shapebytype:	{
		"meatnugget-*-smashed": {base: "cannibalism:item/food/meat/expandedfoods/palemeat-smash"},
		"@*-(raw|cured)": {base: "cannibalism:item/food/meat/expandedfoods/palemeat-nugget"},
		"@*-(tenderpartbaked|tender|tendercharred)": {base: "cannibalism:item/food/meat/expandedfoods/palemeat-smash"},
		"@*-(cookedpartbaked|cooked|cookedcharred)":   {base: "cannibalism:item/food/meat/expandedfoods/palemeat-nugget"},
	},
	texturesByType: {
		"@*-(tenderpartbaked|cookedpartbaked)": {
			"meat": {base: "cannibalism:item/food/meat/expandedfoods/partbaked" },
		},
		"@*-(tendercharred|cookedcharred)": {
			"meat": {base: "cannibalism:item/food/meat/expandedfoods/charred" },
		},
		"*-cured": {
			"meat": {base: "cannibalism:item/food/meat/cured" },
			"raw": {base: "cannibalism:item/food/meat/cured" },
		},
		"@*-(cooked|tender)": {
			"meat": {base: "cannibalism:item/food/meat/cooked" },
			"raw": {base: "cannibalism:item/food/meat/cooked" },
		},
		"*": {
			"cooked": {base: "cannibalism:item/food/meat/cooked" },
			"meat": {base: "cannibalism:item/food/meat/raw" },
			"raw": {base: "cannibalism:item/food/meat/raw" },
		}
	},
	creativeinventory: { "general": ["*"], "items": ["*"], "expandedfoods": ["*"] },
	nutritionPropsByType: {
		"*-palemeat-cured": { satiety: 100, health: -0.5, foodcategory: "Protein" },

		"@*-palemeat-(cookedpartbaked|tenderpartbaked)": { satiety: 112, health: -0.5, foodcategory: "Protein" },

		"@*-palemeat-(cooked|tender)": { satiety: 120, health: -0.5, foodcategory: "Protein" },

		"@*-palemeat-(cookedcharred|tendercharred)": { satiety: 115, health: -0.5, foodcategory: "Protein" },
	},
	transitionablePropsByType: {
		"@*-(raw|smashed)": [{
			type: "Perish",
			freshHours: { avg: 36 },
			transitionHours: { avg: 24 },
			transitionedStack: { type: "item", code: "game:rot" },
			transitionRatio: 1
		}],
		"*-cured": [{
			type: "Perish",
			freshHours: { avg: 8760 },
			transitionHours: { avg: 4380 },
			transitionedStack: { type: "item", code: "game:rot" },
			transitionRatio: 1
		}],
		"@*-(tenderpartbaked|cookedpartbaked|tender|cooked)": [{
			type: "Perish",
			freshHours: { avg: 120 },
			transitionHours: { avg: 36 },
			transitionedStack: { type: "item", code: "game:rot" },
			transitionRatio: 1
		}],
		"@*-(tendercharred|cookedcharred)": [{
			type: "Perish",
			freshHours: { avg: 240 },
			transitionHours: { avg: 72 },
			transitionedStack: { type: "item", code: "game:rot" },
			transitionRatio: 1
		}],
	},
	materialDensity: 600,
	guiTransformByType: {
		"@*-(cookedpartbaked|cooked|cookedcharred|raw|cured)": {
			rotate: false,
			translation: { x: 0.0, y: 0, z: 0 },
			rotation: { x: 171, y: -122, z: 28 },
			origin: { x: 0.43, y: 0.04, z: 0.53 },
			scale: 7
		},
		"*": {
			rotate: false,
			translation: { x: 0, y: 0, z: 0 },
			rotation: { x: 171, y: -122, z: 33 },
			origin: { x: 0.5, y: 0.04, z: 0.56 },
			scale: 5
		}
	},
	tpHandTransformByType: {
		"@*-(cookedpartbaked|cooked|cookedcharred|raw|cured)": {
			translation: { x: 0.05, y: -0.05, z: 0.1 },
			rotation: { x: 1, y: 9, z: -11 },
			origin: { x: 0.21, y: -0.2, z: 0.15 },
			scale: 1	
		},
		"*": {
			translation: { x: 0, y: 0, z: 0 },
			rotation: { x: 0, y: 27, z: -14 },
			origin: { x: 0.28, y: -0.2, z: 0.13 },
			scale: 0.75	
		},
	},
	groundTransformByType: {
		"*": {
			translation: { x: 0, y: 0, z: 0 },
			rotation: { x: 180, y: 33, z: -180 },
			origin: { x: 0.5, y: 0, z: 0.5 },
			scale: 5
		},
	},
	combustiblePropsByType: {
		"@*-(raw|cookedpartbaked|cooked)": {
			meltingPoint: 150,
			meltingDuration: 30,
			smeltedRatio: 1,
			smeltingType: "cook",
			smeltedStack: { type: "item", code: "meatnugget-{meat}-cookedcharred" },
			requiresContainer: false
		},
		"@*-(smashed|tenderpartbaked|tender)": {
			meltingPoint: 150,
			meltingDuration: 30,
			smeltedRatio: 1,
			smeltingType: "cook",
			smeltedStack: { type: "item", code: "meatnugget-{meat}-tendercharred" },
			requiresContainer: false
		},
	}
}