{
	"code": "vegetable",
	"maxstacksize": 64,
    "variantgroups": [
		{ "code": "type", "states": ["xanthosomasagittifoliumroot"] },
		{ "code": "state", "states": ["raw", "soaked" ] }
    ],
		  "materialDensityByType": {
    "*": 600
  },
	"attributesByType": {
			"foodTags": ["{type}"],
		"*-xanthosomasagittifoliumroot-*": {
		"inContainerTextureByType": {
			"*-raw":  { "base": "game:block/wood/barrel/raw-cassava" },
			"*-soaked": { "base": "game:block/wood/barrel/soaked-cassava" }
		}
	}
	},
	"shapebytype": {
		"*-xanthosomasagittifoliumroot-*": { "base": "item/resource/xanthosomasagittifoliumroot" }
	},
	"texturebytype": {
		"*-xanthosomasagittifoliumroot": { "base": "item/resource/xanthosomasagittifoliumcorm" }
	},
	"creativeinventory": { "general": ["*"], "items": ["*"] },

	"transitionablePropsByType": {
		"*-raw": [{
			"type": "Perish",
			"freshHours": { "avg": 650 },
			"transitionHours": { "avg": 72 },
			"transitionedStack": { "type": "item", "code": "game:rot" },
			"transitionRatio": 0.55
		}],
		"*-soaked": [{
			"type": "Dry",
			"freshHours": { "avg": 0 },
			"transitionHours": { "avg": 24 },
			"transitionedStack": { "type": "item", "code": "vegetable-xanthosomasagittifoliumroot" },
			"transitionRatio": 0.55
		}]
	},
	"guiTransformByType": {
		"*": {
			"translation": { "x": 2.5, "y": 1, "z": 0 },
			"rotation": { "x": 137, "y": 131, "z": 0 },
			"origin": { "x": 0.5, "y": 0.2, "z": 0.5 },
			"scale": 2.6
		}
	},
	"fpHandTransformByType": {
		"*": {
			"translation": { "x": 0, "y": 0, "z": 0 },
			"rotation": { "x": 51, "y": 90, "z": -30 },
			"scale": 1.9
		}
	},
	"tpHandTransformByType": {
		"*": {
			"translation": { "x": -0.7, "y": -0.14, "z": -0.6 },
			"rotation": { "x": 1, "y": -1, "z": -31 },
			"origin": { "x": 0.5, "y": 0.1, "z": 0.5 },
			"scale": 0.79
		}
	},
	"groundTransformByType": {
		"*": {
			"translation": { "x": 0, "y": 0, "z": 0 },
			"rotation": { "x": 0, "y": 0, "z": 0 },
			"origin": { "x": 0.5, "y": 0, "z": 0.5 },
			"scale": 3.5
		}
	}}