{
	"editor": {
		"allAngles": false,
		"entityTextureMode": false
	},
	"textureWidth": 16,
	"textureHeight": 16,
	"textureSizes": {
	},
	"textures": {
		"emeralddefect0": "canjewelry:item/notvis",
		"emeralddefect1": "canjewelry:item/notvis",
		"emeralddefect2": "canjewelry:item/notvis",
		"gembase": "game:block/stone/gem/emerald"
	},
	"elements": [
		{
			"name": "origin",
			"from": [ 6.3, -0.5, 6.0 ], 
			"to": [ 6.3, -0.5, 6.0 ], 
			"rotationOrigin": [ 8.0, 0.0, 8.0 ],
			"faces": {
				"north": { "texture": "#null", "uv": [ 6.0, 6.0, 6.0, 6.0 ], "enabled": false },
				"east": { "texture": "#null", "uv": [ 8.0, 8.0, 8.0, 8.0 ], "enabled": false },
				"south": {
					"texture": "#null",
					"uv": [ 5.0, 8.0, 5.0, 8.0 ],
					"enabled": false
				},
				"west": {
					"texture": "#null",
					"uv": [ 7.0, 7.0, 7.0, 7.0 ],
					"enabled": false
				},
				"up": {
					"texture": "#null",
					"uv": [ 0.0, 12.0, 0.0, 12.0 ],
					"enabled": false
				},
				"down": {
					"texture": "#null",
					"uv": [ 5.0, 6.0, 5.0, 6.0 ],
					"enabled": false
				}
			},
			"children": [
				{
					"name": "Cube1",
					"from": [ 0.6, 0.7, 0.6 ], 
					"to": [ 2.6, 1.2, 2.6 ], 
					"faces": {
						"north": { "texture": "#gembase", "uv": [ 8.0, 6.5, 10.0, 7.0 ] },
						"east": { "texture": "#gembase", "uv": [ 7.5, 8.0, 9.5, 8.5 ] },
						"south": { "texture": "#gembase", "uv": [ 8.5, 6.5, 10.5, 7.0 ] },
						"west": { "texture": "#gembase", "uv": [ 3.5, 8.5, 5.5, 9.0 ] },
						"up": { "texture": "#gembase", "uv": [ 9.5, 8.0, 11.5, 10.0 ] },
						"down": { "texture": "#gembase", "uv": [ 5.0, 6.0, 7.0, 8.0 ] }
					}
				},
				{
					"name": "Cube3",
					"from": [ 0.8, 0.5, 0.8 ], 
					"to": [ 2.4, 1.4, 2.4 ], 
					"faces": {
						"north": { "texture": "#gembase", "uv": [ 8.0, 6.5, 9.5, 7.0 ] },
						"east": { "texture": "#gembase", "uv": [ 7.5, 8.0, 9.0, 8.5 ] },
						"south": { "texture": "#gembase", "uv": [ 8.5, 6.5, 10.0, 7.0 ] },
						"west": { "texture": "#gembase", "uv": [ 3.5, 8.5, 5.0, 9.0 ] },
						"up": { "texture": "#gembase", "uv": [ 10.0, 11.0, 11.5, 12.5 ] },
						"down": { "texture": "#gembase", "uv": [ 5.0, 6.0, 6.5, 7.5 ] }
					}
				},
				{
					"name": "defect-0",
					"from": [ 0.79, 1.05, 1.7 ], 
					"to": [ 2.49, 1.55, 2.4 ], 
					"rotationOrigin": [ 1.8, 1.3, 2.0 ],
					"rotationX": 22.5,
					"faces": {
						"north": {
							"texture": "#emeralddefect0",
							"uv": [ 0.0, 0.0, 1.5, 0.5 ]
						},
						"east": { "texture": "#emeralddefect0", "uv": [ 0.0, 0.0, 0.5, 0.5 ] },
						"south": { "texture": "#emeralddefect0", "uv": [ 0.0, 0.0, 1.5, 0.5 ] },
						"west": { "texture": "#emeralddefect0", "uv": [ 0.0, 0.0, 0.5, 0.5 ] },
						"up": { "texture": "#emeralddefect0", "uv": [ 0.0, 0.0, 1.5, 0.5 ] },
						"down": { "texture": "#emeralddefect0", "uv": [ 0.0, 0.0, 1.5, 0.5 ] }
					}
				},
				{
					"name": "defect-1",
					"from": [ 0.55, 0.5, 0.3 ], 
					"to": [ 2.65, 1.5, 1.3 ], 
					"rotationOrigin": [ 1.5, 1.1, 0.8 ],
					"rotationX": -22.5,
					"faces": {
						"north": { "texture": "#emeralddefect1", "uv": [ 0.0, 0.0, 2.0, 1.0 ] },
						"east": { "texture": "#emeralddefect1", "uv": [ 0.0, 0.0, 1.0, 1.0 ] },
						"south": { "texture": "#emeralddefect1", "uv": [ 0.0, 0.0, 2.0, 1.0 ] },
						"west": { "texture": "#emeralddefect1", "uv": [ 0.0, 0.0, 1.0, 1.0 ] },
						"up": { "texture": "#emeralddefect1", "uv": [ 0.0, 0.0, 2.0, 1.0 ] },
						"down": { "texture": "#emeralddefect1", "uv": [ 0.0, 0.0, 2.0, 1.0 ] }
					}
				},
				{
					"name": "defect-2",
					"from": [ 1.0, 0.3, 1.0 ], 
					"to": [ 2.0, 1.9, 2.0 ], 
					"rotationOrigin": [ 1.0, 0.0, 1.0 ],
					"faces": {
						"north": { "texture": "#emeralddefect2", "uv": [ 0.0, 0.0, 1.0, 1.5 ] },
						"east": { "texture": "#emeralddefect2", "uv": [ 0.0, 0.0, 1.0, 1.5 ] },
						"south": { "texture": "#emeralddefect2", "uv": [ 0.0, 0.0, 1.0, 1.5 ] },
						"west": { "texture": "#emeralddefect2", "uv": [ 0.0, 0.0, 1.0, 1.5 ] },
						"up": { "texture": "#emeralddefect2", "uv": [ 0.0, 0.0, 1.0, 1.0 ] },
						"down": { "texture": "#emeralddefect2", "uv": [ 0.0, 0.0, 1.0, 1.0 ] }
					}
				}
			]
		}
	]}