[
	{
		"ingredientPattern": "XXX,XCX,XXX",
		"ingredients": {
			"X": {
				"type": "item",
				"code": "enchantedstone",
				"quantity": 1
			},
			"C": {
				"type": "item",
				"code": "game:clay-*",
				"quantity": 1
			}
		},
		"width": 3,
		"height": 3,
		"output": {
			"type": "block",
			"code": "enchantedstone-cobblestone-none",
			"quantity": 2
		}
	},



	{
		"ingredientPattern": "X",
		"ingredients": {
			"X": {
				"type": "block",
				"code": "enchantedstone-cobblestone-none",
				"quantity": 1
			}
		},
		"width": 1,
		"height": 1,
		"shapeless": true,
		"output": {
			"type": "item",
			"code": "enchantedstone",
			"quantity": 4
		}
	}
]
