{
	"editor": {
		"collapsedPaths": "Root/Origin/Stalka2,Root/Origin/Stalka1,Root/Origin/Rotation point3,Root/Origin/Rotation point2,Root/Origin/Rotation point",
		"allAngles": false,
		"entityTextureMode": false
	},
	"textureWidth": 24,
	"textureHeight": 24,
	"textureSizes": {
		"asteliahastata3": [16,24],
		"asteliahastata1": [24,24]
	},
	"textures": {
		"asteliahastata1": "block/plant/mushroom/asteliahastata1",
		"asteliahastata3": "block/plant/mushroom/asteliahastata3"
	},
	"elements": [
		{
			"name": "Base plant",
			"from": [ -4.0, 3.0, 16.0 ],
			"to": [ 20.0, 27.0, 16.0 ],
			"shade": false,
			"renderPass": 1,
			"rotationOrigin": [ 8.0, 5.0, 16.0 ],
			"rotationX": -12.0,
			"rotationY": -2.0,
			"faces": {
				"north": { "texture": "#asteliahastata1", "uv": [ 0.0, 0.0, 24.0, 24.0 ], "windMode": [-1,7,7,-1], "windData": [0,1,1,0] }
			},
			"children": [
				{
					"name": "Roots",
					"from": [ 4.0, -15.0, 0.0 ],
					"to": [ 20.0, 9.0, 0.0 ],
					"shade": false,
					"renderPass": 1,
					"rotationOrigin": [ 12.0, 5.0, 0.0 ],
					"rotationX": 12.0,
					"rotationY": 4.0,
					"faces": {
						"north": { "texture": "#asteliahastata3", "uv": [ 0.0, 0.0, 16.0, 24.0 ] }
					}
				}
			]
		},
		{
			"name": "Base plant2",
			"from": [ -5.0, 0.0, 15.4 ],
			"to": [ 19.0, 24.0, 15.4 ],
			"shade": false,
			"renderPass": 1,
			"rotationOrigin": [ 7.0, 2.0, 15.4 ],
			"rotationX": -25.0,
			"rotationY": -178.0,
			"faces": {
				"north": { "texture": "#asteliahastata1", "uv": [ 0.0, 0.0, 24.0, 24.0 ], "windMode": [-1,7,7,-1], "windData": [0,1,1,0] }
			},
			"children": [
				{
					"name": "Roots2",
					"from": [ 5.0, -16.0, 0.0 ],
					"to": [ 21.0, 8.0, 0.0 ],
					"shade": false,
					"renderPass": 1,
					"rotationOrigin": [ 13.0, 4.0, 0.0 ],
					"rotationX": -28.0,
					"rotationY": -180.0,
					"faces": {
						"north": { "texture": "#asteliahastata3", "uv": [ 0.0, 0.0, 16.0, 24.0 ] }
					}
				}
			]
		}
	]}