{
	"editor": {
		"allAngles": false,
		"entityTextureMode": false
	},
	"textureWidth": 16,
	"textureHeight": 16,
	"textureSizes": {
	},
	"textures": {
	},
	"elements": [
		{
			"name": "_origin",
			"from": [ 0.0, 0.0, 0.0 ],
			"to": [ 0.0, 0.0, 0.0 ],
			"rotationOrigin": [ 8.0, 8.0, 8.0 ],
			"faces": {
				"north": { "texture": "#default", "uv": [ 0.0, 0.0, 0.5, 0.5 ] },
				"east": { "texture": "#default", "uv": [ 0.0, 0.0, 0.5, 0.5 ] },
				"south": { "texture": "#default", "uv": [ 0.0, 0.0, 0.5, 0.5 ] },
				"west": { "texture": "#default", "uv": [ 0.0, 0.0, 0.5, 0.5 ] },
				"up": { "texture": "#default", "uv": [ 0.0, 0.0, 0.5, 0.5 ] },
				"down": { "texture": "#default", "uv": [ 0.0, 0.0, 0.5, 0.5 ] }
			},
			"children": [
				{
					"name": "Cube2",
					"from": [ 3.0, 0.0, 3.0 ],
					"to": [ 6.0, 1.0, 5.0 ],
					"rotationOrigin": [ 3.0, 0.0, 3.0 ],
					"faces": {
						"north": { "texture": "#material", "uv": [ 0.0, 0.0, 3.0, 1.0 ] },
						"east": { "texture": "#material", "uv": [ 0.0, 0.0, 2.0, 1.0 ] },
						"south": { "texture": "#material", "uv": [ 0.0, 0.0, 3.0, 1.0 ] },
						"west": { "texture": "#material", "uv": [ 0.0, 0.0, 2.0, 1.0 ] },
						"up": { "texture": "#material", "uv": [ 0.0, 0.0, 3.0, 2.0 ] },
						"down": { "texture": "#material", "uv": [ 0.0, 0.0, 3.0, 2.0 ] }
					},
					"children": [
						{
							"name": "Cube4",
							"from": [ 0.0, 0.0, 2.0 ],
							"to": [ 2.0, 1.0, 3.0 ],
							"rotationOrigin": [ 0.0, 0.0, 2.0 ],
							"faces": {
								"north": { "texture": "#material", "uv": [ 0.0, 0.0, 2.0, 1.0 ] },
								"east": { "texture": "#material", "uv": [ 0.0, 0.0, 1.0, 1.0 ] },
								"south": { "texture": "#material", "uv": [ 0.0, 0.0, 2.0, 1.0 ] },
								"west": { "texture": "#material", "uv": [ 0.0, 0.0, 1.0, 1.0 ] },
								"up": { "texture": "#material", "uv": [ 0.0, 0.0, 2.0, 1.0 ] },
								"down": { "texture": "#material", "uv": [ 0.0, 0.0, 2.0, 1.0 ] }
							}
						}
					]
				},
				{
					"name": "Cube3",
					"from": [ 10.0, 0.0, 3.0 ],
					"to": [ 13.0, 1.0, 5.0 ],
					"rotationOrigin": [ 10.0, 0.0, 3.0 ],
					"faces": {
						"north": { "texture": "#material", "uv": [ 0.0, 0.0, 3.0, 1.0 ] },
						"east": { "texture": "#material", "uv": [ 0.0, 0.0, 2.0, 1.0 ] },
						"south": { "texture": "#material", "uv": [ 0.0, 0.0, 3.0, 1.0 ] },
						"west": { "texture": "#material", "uv": [ 0.0, 0.0, 2.0, 1.0 ] },
						"up": { "texture": "#material", "uv": [ 0.0, 0.0, 3.0, 2.0 ] },
						"down": { "texture": "#material", "uv": [ 0.0, 0.0, 3.0, 2.0 ] }
					},
					"children": [
						{
							"name": "Cube5",
							"from": [ 1.0, 0.0, 2.0 ],
							"to": [ 3.0, 1.0, 3.0 ],
							"rotationOrigin": [ 1.0, 0.0, 2.0 ],
							"faces": {
								"north": { "texture": "#material", "uv": [ 0.0, 0.0, 2.0, 1.0 ] },
								"east": { "texture": "#material", "uv": [ 0.0, 0.0, 1.0, 1.0 ] },
								"south": { "texture": "#material", "uv": [ 0.0, 0.0, 2.0, 1.0 ] },
								"west": { "texture": "#material", "uv": [ 0.0, 0.0, 1.0, 1.0 ] },
								"up": { "texture": "#material", "uv": [ 0.0, 0.0, 2.0, 1.0 ] },
								"down": { "texture": "#material", "uv": [ 0.0, 0.0, 2.0, 1.0 ] }
							}
						}
					]
				},
				{
					"name": "Cube6",
					"from": [ 3.0, 0.0, 11.0 ],
					"to": [ 6.0, 1.0, 13.0 ],
					"rotationOrigin": [ 3.0, 0.0, 11.0 ],
					"faces": {
						"north": { "texture": "#material", "uv": [ 0.0, 0.0, 3.0, 1.0 ] },
						"east": { "texture": "#material", "uv": [ 0.0, 0.0, 2.0, 1.0 ] },
						"south": { "texture": "#material", "uv": [ 0.0, 0.0, 3.0, 1.0 ] },
						"west": { "texture": "#material", "uv": [ 0.0, 0.0, 2.0, 1.0 ] },
						"up": { "texture": "#material", "uv": [ 0.0, 0.0, 3.0, 2.0 ] },
						"down": { "texture": "#material", "uv": [ 0.0, 0.0, 3.0, 2.0 ] }
					},
					"children": [
						{
							"name": "Cube7",
							"from": [ 0.0, 0.0, -1.0 ],
							"to": [ 2.0, 1.0, 0.0 ],
							"rotationOrigin": [ 0.0, 0.0, -1.0 ],
							"faces": {
								"north": { "texture": "#material", "uv": [ 0.0, 0.0, 2.0, 1.0 ] },
								"east": { "texture": "#material", "uv": [ 0.0, 0.0, 1.0, 1.0 ] },
								"south": { "texture": "#material", "uv": [ 0.0, 0.0, 2.0, 1.0 ] },
								"west": { "texture": "#material", "uv": [ 0.0, 0.0, 1.0, 1.0 ] },
								"up": { "texture": "#material", "uv": [ 0.0, 0.0, 2.0, 1.0 ] },
								"down": { "texture": "#material", "uv": [ 0.0, 0.0, 2.0, 1.0 ] }
							}
						}
					]
				},
				{
					"name": "Cube8",
					"from": [ 10.0, 0.0, 11.0 ],
					"to": [ 13.0, 1.0, 13.0 ],
					"rotationOrigin": [ 10.0, 0.0, 11.0 ],
					"faces": {
						"north": { "texture": "#material", "uv": [ 0.0, 0.0, 3.0, 1.0 ] },
						"east": { "texture": "#material", "uv": [ 0.0, 0.0, 2.0, 1.0 ] },
						"south": { "texture": "#material", "uv": [ 0.0, 0.0, 3.0, 1.0 ] },
						"west": { "texture": "#material", "uv": [ 0.0, 0.0, 2.0, 1.0 ] },
						"up": { "texture": "#material", "uv": [ 0.0, 0.0, 3.0, 2.0 ] },
						"down": { "texture": "#material", "uv": [ 0.0, 0.0, 3.0, 2.0 ] }
					},
					"children": [
						{
							"name": "Cube9",
							"from": [ 1.0, 0.0, -1.0 ],
							"to": [ 3.0, 1.0, 0.0 ],
							"rotationOrigin": [ 1.0, 0.0, -1.0 ],
							"faces": {
								"north": { "texture": "#material", "uv": [ 0.0, 0.0, 2.0, 1.0 ] },
								"east": { "texture": "#material", "uv": [ 0.0, 0.0, 1.0, 1.0 ] },
								"south": { "texture": "#material", "uv": [ 0.0, 0.0, 2.0, 1.0 ] },
								"west": { "texture": "#material", "uv": [ 0.0, 0.0, 1.0, 1.0 ] },
								"up": { "texture": "#material", "uv": [ 0.0, 0.0, 2.0, 1.0 ] },
								"down": { "texture": "#material", "uv": [ 0.0, 0.0, 2.0, 1.0 ] }
							}
						}
					]
				},
				{
					"name": "inneredge1",
					"from": [ 6.0, 0.0, 4.0 ],
					"to": [ 10.0, 1.0, 5.0 ],
					"rotationOrigin": [ 6.0, 0.0, 4.0 ],
					"faces": {
						"north": { "texture": "#material", "uv": [ 0.0, 0.0, 4.0, 1.0 ] },
						"east": { "texture": "#material", "uv": [ 0.0, 0.0, 1.0, 1.0 ] },
						"south": { "texture": "#material", "uv": [ 0.0, 0.0, 4.0, 1.0 ] },
						"west": { "texture": "#material", "uv": [ 0.0, 0.0, 1.0, 1.0 ] },
						"up": { "texture": "#material", "uv": [ 0.0, 0.0, 4.0, 1.0 ] },
						"down": { "texture": "#material", "uv": [ 0.0, 0.0, 4.0, 1.0 ] }
					}
				},
				{
					"name": "inneredge2",
					"from": [ 6.0, 0.0, 11.0 ],
					"to": [ 10.0, 1.0, 12.0 ],
					"rotationOrigin": [ 6.0, 0.0, 11.0 ],
					"faces": {
						"north": { "texture": "#material", "uv": [ 0.0, 0.0, 4.0, 1.0 ] },
						"east": { "texture": "#material", "uv": [ 0.0, 0.0, 1.0, 1.0 ] },
						"south": { "texture": "#material", "uv": [ 0.0, 0.0, 4.0, 1.0 ] },
						"west": { "texture": "#material", "uv": [ 0.0, 0.0, 1.0, 1.0 ] },
						"up": { "texture": "#material", "uv": [ 0.0, 0.0, 4.0, 1.0 ] },
						"down": { "texture": "#material", "uv": [ 0.0, 0.0, 4.0, 1.0 ] }
					}
				},
				{
					"name": "inneredge3",
					"from": [ 4.0, 0.0, 6.0 ],
					"to": [ 5.0, 1.0, 10.0 ],
					"rotationOrigin": [ 4.0, 0.0, 6.0 ],
					"faces": {
						"north": { "texture": "#material", "uv": [ 0.0, 0.0, 1.0, 1.0 ] },
						"east": { "texture": "#material", "uv": [ 0.0, 0.0, 4.0, 1.0 ] },
						"south": { "texture": "#material", "uv": [ 0.0, 0.0, 1.0, 1.0 ] },
						"west": { "texture": "#material", "uv": [ 0.0, 0.0, 4.0, 1.0 ] },
						"up": { "texture": "#material", "uv": [ 0.0, 0.0, 1.0, 4.0 ] },
						"down": { "texture": "#material", "uv": [ 0.0, 0.0, 1.0, 4.0 ] }
					}
				},
				{
					"name": "inneredge4",
					"from": [ 11.0, 0.0, 6.0 ],
					"to": [ 12.0, 1.0, 10.0 ],
					"rotationOrigin": [ 11.0, 0.0, 6.0 ],
					"faces": {
						"north": { "texture": "#material", "uv": [ 0.0, 0.0, 1.0, 1.0 ] },
						"east": { "texture": "#material", "uv": [ 0.0, 0.0, 4.0, 1.0 ] },
						"south": { "texture": "#material", "uv": [ 0.0, 0.0, 1.0, 1.0 ] },
						"west": { "texture": "#material", "uv": [ 0.0, 0.0, 4.0, 1.0 ] },
						"up": { "texture": "#material", "uv": [ 0.0, 0.0, 1.0, 4.0 ] },
						"down": { "texture": "#material", "uv": [ 0.0, 0.0, 1.0, 4.0 ] }
					}
				},
				{
					"name": "_origin1",
					"from": [ 8.0, 8.0, 8.0 ],
					"to": [ 8.0, 8.0, 8.0 ],
					"rotationOrigin": [ 8.0, 8.0, 8.0 ],
					"faces": {
						"north": { "texture": "#default", "uv": [ 0.0, 0.0, 0.5, 0.5 ] },
						"east": { "texture": "#default", "uv": [ 0.0, 0.0, 0.5, 0.5 ] },
						"south": { "texture": "#default", "uv": [ 0.0, 0.0, 0.5, 0.5 ] },
						"west": { "texture": "#default", "uv": [ 0.0, 0.0, 0.5, 0.5 ] },
						"up": { "texture": "#default", "uv": [ 0.0, 0.0, 0.5, 0.5 ] },
						"down": { "texture": "#default", "uv": [ 0.0, 0.0, 0.5, 0.5 ] }
					},
					"children": [
						{
							"name": "Cube10",
							"from": [ 2.0, -8.0, -3.0 ],
							"to": [ 3.0, -7.0, -2.0 ],
							"rotationOrigin": [ 2.0, -8.0, -3.0 ],
							"faces": {
								"north": { "texture": "#material", "uv": [ 0.0, 0.0, 1.0, 1.0 ] },
								"east": { "texture": "#material", "uv": [ 0.0, 0.0, 1.0, 1.0 ] },
								"south": { "texture": "#material", "uv": [ 0.0, 0.0, 1.0, 1.0 ] },
								"west": { "texture": "#material", "uv": [ 0.0, 0.0, 1.0, 1.0 ] },
								"up": { "texture": "#material", "uv": [ 0.0, 0.0, 1.0, 1.0 ] },
								"down": { "texture": "#material", "uv": [ 0.0, 0.0, 1.0, 1.0 ] }
							}
						},
						{
							"name": "Cube15",
							"from": [ -3.0, -8.0, 2.0 ],
							"to": [ -2.0, -7.0, 3.0 ],
							"rotationOrigin": [ -3.0, -8.0, 2.0 ],
							"faces": {
								"north": { "texture": "#material", "uv": [ 0.0, 0.0, 1.0, 1.0 ] },
								"east": { "texture": "#material", "uv": [ 0.0, 0.0, 1.0, 1.0 ] },
								"south": { "texture": "#material", "uv": [ 0.0, 0.0, 1.0, 1.0 ] },
								"west": { "texture": "#material", "uv": [ 0.0, 0.0, 1.0, 1.0 ] },
								"up": { "texture": "#material", "uv": [ 0.0, 0.0, 1.0, 1.0 ] },
								"down": { "texture": "#material", "uv": [ 0.0, 0.0, 1.0, 1.0 ] }
							}
						},
						{
							"name": "Cube11",
							"from": [ -2.0, -8.0, -2.0 ],
							"to": [ -1.0, -7.0, -1.0 ],
							"rotationOrigin": [ -2.0, -8.0, -2.0 ],
							"faces": {
								"north": { "texture": "#material", "uv": [ 0.0, 0.0, 1.0, 1.0 ] },
								"east": { "texture": "#material", "uv": [ 0.0, 0.0, 1.0, 1.0 ] },
								"south": { "texture": "#material", "uv": [ 0.0, 0.0, 1.0, 1.0 ] },
								"west": { "texture": "#material", "uv": [ 0.0, 0.0, 1.0, 1.0 ] },
								"up": { "texture": "#material", "uv": [ 0.0, 0.0, 1.0, 1.0 ] },
								"down": { "texture": "#material", "uv": [ 0.0, 0.0, 1.0, 1.0 ] }
							}
						},
						{
							"name": "Cube12",
							"from": [ 1.0, -8.0, -2.0 ],
							"to": [ 2.0, -7.0, -1.0 ],
							"rotationOrigin": [ 1.0, -8.0, -2.0 ],
							"faces": {
								"north": { "texture": "#material", "uv": [ 0.0, 0.0, 1.0, 1.0 ] },
								"east": { "texture": "#material", "uv": [ 0.0, 0.0, 1.0, 1.0 ] },
								"south": { "texture": "#material", "uv": [ 0.0, 0.0, 1.0, 1.0 ] },
								"west": { "texture": "#material", "uv": [ 0.0, 0.0, 1.0, 1.0 ] },
								"up": { "texture": "#material", "uv": [ 0.0, 0.0, 1.0, 1.0 ] },
								"down": { "texture": "#material", "uv": [ 0.0, 0.0, 1.0, 1.0 ] }
							}
						},
						{
							"name": "Cube16",
							"from": [ -2.0, -8.0, 1.0 ],
							"to": [ -1.0, -7.0, 2.0 ],
							"rotationOrigin": [ -2.0, -8.0, 1.0 ],
							"faces": {
								"north": { "texture": "#material", "uv": [ 0.0, 0.0, 1.0, 1.0 ] },
								"east": { "texture": "#material", "uv": [ 0.0, 0.0, 1.0, 1.0 ] },
								"south": { "texture": "#material", "uv": [ 0.0, 0.0, 1.0, 1.0 ] },
								"west": { "texture": "#material", "uv": [ 0.0, 0.0, 1.0, 1.0 ] },
								"up": { "texture": "#material", "uv": [ 0.0, 0.0, 1.0, 1.0 ] },
								"down": { "texture": "#material", "uv": [ 0.0, 0.0, 1.0, 1.0 ] }
							}
						},
						{
							"name": "Cube18",
							"from": [ 1.0, -8.0, 1.0 ],
							"to": [ 2.0, -7.0, 2.0 ],
							"rotationOrigin": [ 1.0, -8.0, 1.0 ],
							"faces": {
								"north": { "texture": "#material", "uv": [ 0.0, 0.0, 1.0, 1.0 ] },
								"east": { "texture": "#material", "uv": [ 0.0, 0.0, 1.0, 1.0 ] },
								"south": { "texture": "#material", "uv": [ 0.0, 0.0, 1.0, 1.0 ] },
								"west": { "texture": "#material", "uv": [ 0.0, 0.0, 1.0, 1.0 ] },
								"up": { "texture": "#material", "uv": [ 0.0, 0.0, 1.0, 1.0 ] },
								"down": { "texture": "#material", "uv": [ 0.0, 0.0, 1.0, 1.0 ] }
							}
						},
						{
							"name": "Cube14",
							"from": [ -3.0, -8.0, -3.0 ],
							"to": [ -2.0, -7.0, -2.0 ],
							"rotationOrigin": [ -3.0, -8.0, -3.0 ],
							"faces": {
								"north": { "texture": "#material", "uv": [ 0.0, 0.0, 1.0, 1.0 ] },
								"east": { "texture": "#material", "uv": [ 0.0, 0.0, 1.0, 1.0 ] },
								"south": { "texture": "#material", "uv": [ 0.0, 0.0, 1.0, 1.0 ] },
								"west": { "texture": "#material", "uv": [ 0.0, 0.0, 1.0, 1.0 ] },
								"up": { "texture": "#material", "uv": [ 0.0, 0.0, 1.0, 1.0 ] },
								"down": { "texture": "#material", "uv": [ 0.0, 0.0, 1.0, 1.0 ] }
							}
						},
						{
							"name": "Cube13",
							"from": [ 2.0, -8.0, 2.0 ],
							"to": [ 3.0, -7.0, 3.0 ],
							"rotationOrigin": [ 2.0, -8.0, 2.0 ],
							"faces": {
								"north": { "texture": "#material", "uv": [ 0.0, 0.0, 1.0, 1.0 ] },
								"east": { "texture": "#material", "uv": [ 0.0, 0.0, 1.0, 1.0 ] },
								"south": { "texture": "#material", "uv": [ 0.0, 0.0, 1.0, 1.0 ] },
								"west": { "texture": "#material", "uv": [ 0.0, 0.0, 1.0, 1.0 ] },
								"up": { "texture": "#material", "uv": [ 0.0, 0.0, 1.0, 1.0 ] },
								"down": { "texture": "#material", "uv": [ 0.0, 0.0, 1.0, 1.0 ] }
							}
						}
					]
				}
			]
		}
	]
}