[
	{	enabled:true,
		ingredientPattern: "SCS,L_L",
		recipeGroup: 1,
		ingredients: {
			"S": { type: "item", code: "game:metalscale-*", name: "metal", allowedVariants: ["mithril", "adamant", "orichalcum","aithril"] },
			"C": { type: "item", code: "swordz:armor-head-chain-*", name: "metal", allowedVariants: ["mithril", "adamant", "orichalcum","aithril"], recipeAttributes: { repairMat: { type:"item", code: "metalchain-{metal}", stacksize: 4 } } },
			"L": { type: "item", code: "game:leather-normal-plain" }
		},
		width: 3,
		height: 2,
		name: "scale helmet",
		output: { type: "item", code: "swordz:armor-head-scale-{metal}"  }
	},
	{	enabled:true,
		ingredientPattern: "SCS,SSS,_S_",
		recipeGroup: 1,
		ingredients: {
			"S": { type: "item", code: "game:metalscale-*", name: "metal", allowedVariants: ["mithril", "adamant", "orichalcum","aithril"] },
			"C": { type: "item", code: "swordz:armor-body-chain-*", name: "metal", allowedVariants: ["mithril", "adamant", "orichalcum","aithril"], recipeAttributes: { repairMat: { type:"item", code: "metalchain-{metal}", stacksize: 12 } } }
		},
		width: 3,
		height: 3,
		name: "scale body armor",
		output: { type: "item", code: "swordz:armor-body-scale-{metal}"  }
	},
	{	enabled:true,
		ingredientPattern: "SCS,S_S",
		recipeGroup: 1,
		ingredients: {
			"S": { type: "item", code: "game:metalscale-*", name: "metal", allowedVariants: ["mithril", "adamant", "orichalcum","aithril"] },
			"C": { type: "item", code: "swordz:armor-legs-chain-*", name: "metal", allowedVariants: ["mithril", "adamant", "orichalcum","aithril"], recipeAttributes: { repairMat: { type:"item", code: "metalchain-{metal}", stacksize: 6 } } }
		},
		width: 3,
		height: 2,
		name: "scale leg armor",
		output: { type: "item", code: "swordz:armor-legs-scale-{metal}"  }
	}
]