{
	"editor": {
		"backDropShape": "C:/Users/Robin/AppData/Roaming/VintagestoryData/Mods/IndiginousVillagers/assets/game/shapes/entity/humanoid/seraph-faceless",
		"collapsedPaths": "Root/ArmorUpperTorso",
		"allAngles": true,
		"entityTextureMode": true
	},
	"textureWidth": 64,
	"textureHeight": 64,
	"textureSizes": {
	},
	"textures": {
	},
	"elements": [
		{
			"name": "ArmorUpperTorso",
			"stepParentName": "UpperTorso",
			"from": [ -0.225, -0.15, -0.225 ],
			"to": [ 3.975, 3.9, 4.875 ],
			"autoUnwrap": false,
			"uv": [ 0.0, 0.0 ],
			"rotationOrigin": [ -0.225, -0.15, -0.225 ],
			"faces": {
				"north": { "texture": "#wood", "uv": [ 12.0, 6.5, 17.5, 11.5 ], "autoUv": false },
				"east": { "texture": "#wood", "uv": [ 5.5, 6.5, 12.0, 11.5 ], "autoUv": false },
				"south": { "texture": "#wood", "uv": [ 0.0, 6.5, 5.5, 11.5 ], "autoUv": false },
				"west": { "texture": "#wood", "uv": [ 17.5, 6.5, 24.0, 11.5 ], "autoUv": false },
				"up": { "texture": "#wood", "uv": [ 0.0, 0.0, 5.5, 6.5 ], "autoUv": false },
				"down": { "texture": "#wood", "uv": [ 5.5, 0.0, 11.0, 6.5 ], "autoUv": false }
			},
			"children": [
				{
					"name": "Breasts",
					"from": [ -1.05, 1.65, 0.0075 ],
					"to": [ 0.45, 3.9, 5.0625 ],
					"unwrapMode": 1,
					"autoUnwrap": false,
					"uv": [ 0.0, 0.0 ],
					"rotationOrigin": [ -0.75, 1.5, 0.0 ],
					"rotationZ": -25.0,
					"faces": {
						"north": { "texture": "#wood", "uv": [ 6.5, 6.5, 8.5, 9.5 ], "autoUv": false },
						"east": { "texture": "#wood", "uv": [ 0.0, 6.5, 6.5, 9.5 ], "autoUv": false, "windMode": [-1,-1,-1,-1], "windData": [1,1,1,1] },
						"south": { "texture": "#wood", "uv": [ 10.0, 6.5, 12.0, 9.5 ], "autoUv": false, "windMode": [-1,-1,-1,-1], "windData": [1,1,1,1] },
						"west": { "texture": "#wood", "uv": [ 17.5, 6.5, 24.0, 9.5 ], "autoUv": false, "windMode": [-1,-1,-1,-1], "windData": [1,1,1,1] },
						"up": { "texture": "#wood", "uv": [ 17.5, 6.5, 24.0, 8.5 ], "rotation": 270, "autoUv": false, "windMode": [-1,-1,-1,-1], "windData": [1,1,1,1] },
						"down": { "texture": "#wood", "uv": [ 17.5, 9.5, 24.0, 11.5 ], "rotation": 90, "autoUv": false, "windMode": [-1,-1,-1,-1], "windData": [1,1,1,1] }
					}
				}
			]
		},
		{
			"name": "ArmorLowerTorso",
			"stepParentName": "LowerTorso",
			"from": [ -0.225, -0.375, -0.225 ],
			"to": [ 3.975, 3.825, 4.725 ],
			"autoUnwrap": false,
			"uv": [ 0.0, 11.5 ],
			"rotationOrigin": [ -0.225, -0.375, -0.225 ],
			"faces": {
				"north": { "texture": "#wood", "uv": [ 12.0, 18.0, 17.5, 23.5 ], "autoUv": false },
				"east": { "texture": "#wood", "uv": [ 5.5, 18.0, 12.0, 23.5 ], "autoUv": false },
				"south": { "texture": "#wood", "uv": [ 0.0, 18.0, 5.5, 23.5 ], "autoUv": false },
				"west": { "texture": "#wood", "uv": [ 17.5, 18.0, 24.0, 23.5 ], "autoUv": false },
				"up": { "texture": "#wood", "uv": [ 0.0, 11.5, 5.5, 18.0 ], "autoUv": false },
				"down": { "texture": "#wood", "uv": [ 5.5, 11.5, 11.0, 18.0 ], "autoUv": false }
			}
		},
		{
			"name": "ArmorUpperArmR",
			"stepParentName": "UpperArmR",
			"from": [ -0.15, -0.15, -0.3 ],
			"to": [ 2.325, 5.4, 1.5 ],
			"autoUnwrap": false,
			"uv": [ 36.0, 0.0 ],
			"rotationOrigin": [ -0.15, -0.15, -0.3 ],
			"faces": {
				"north": { "texture": "#wood", "uv": [ 36.0, 2.0, 39.0, 9.0 ], "autoUv": false },
				"east": { "texture": "#wood", "uv": [ 44.0, 2.0, 46.0, 9.0 ], "autoUv": false },
				"south": { "texture": "#wood", "uv": [ 41.0, 2.0, 44.0, 9.0 ], "autoUv": false },
				"west": { "texture": "#wood", "uv": [ 39.0, 2.0, 41.0, 9.0 ], "autoUv": false },
				"up": { "texture": "#wood", "uv": [ 36.0, 0.0, 39.0, 2.0 ], "rotation": 180, "autoUv": false },
				"down": { "texture": "#wood", "uv": [ 39.0, 0.0, 42.0, 2.0 ], "autoUv": false }
			},
			"children": [
				{
					"name": "ArmorShoulderR",
					"from": [ -0.375, 5.1, 0.3 ],
					"to": [ 2.625, 5.85, 1.425 ],
					"unwrapMode": 5,
					"uv": [ 24.0, 17.0 ],
					"rotationOrigin": [ -0.375, 5.1, 0.3 ],
					"faces": {
						"north": { "texture": "#wood", "uv": [ 25.0, 17.0, 29.0, 18.0 ], "rotation": 180, "autoUv": false },
						"east": { "texture": "#wood", "uv": [ 29.0, 18.0, 30.0, 19.5 ], "rotation": 90, "autoUv": false },
						"south": { "texture": "#wood", "uv": [ 25.0, 19.5, 29.0, 20.5 ], "autoUv": false },
						"west": { "texture": "#wood", "uv": [ 24.0, 18.0, 25.0, 19.5 ], "rotation": 270, "autoUv": false },
						"up": { "texture": "#wood", "uv": [ 25.0, 18.0, 29.0, 19.5 ], "autoUv": false },
						"down": { "texture": "#wood", "uv": [ 30.0, 18.0, 34.0, 19.5 ], "autoUv": false }
					}
				}
			]
		},
		{
			"name": "ArmorUpperArmL",
			"stepParentName": "UpperArmL",
			"from": [ -0.15, -0.15, -0.15 ],
			"to": [ 2.325, 5.4, 1.65 ],
			"autoUnwrap": false,
			"uv": [ 26.0, 0.0 ],
			"rotationOrigin": [ -0.15, -0.15, -0.15 ],
			"faces": {
				"north": { "texture": "#wood", "uv": [ 26.0, 2.0, 29.0, 9.0 ], "autoUv": false },
				"east": { "texture": "#wood", "uv": [ 34.0, 2.0, 36.0, 9.0 ], "autoUv": false },
				"south": { "texture": "#wood", "uv": [ 31.0, 2.0, 34.0, 9.0 ], "autoUv": false },
				"west": { "texture": "#wood", "uv": [ 29.0, 2.0, 31.0, 9.0 ], "autoUv": false },
				"up": { "texture": "#wood", "uv": [ 26.0, 0.0, 29.0, 2.0 ], "autoUv": false },
				"down": { "texture": "#wood", "uv": [ 29.0, 0.0, 32.0, 2.0 ], "autoUv": false }
			},
			"children": [
				{
					"name": "ArmorShoulderL",
					"from": [ -0.375, 5.1, 0.15 ],
					"to": [ 2.625, 5.85, 1.275 ],
					"unwrapMode": 5,
					"uv": [ 24.0, 20.5 ],
					"rotationOrigin": [ -0.375, 5.1, 0.15 ],
					"faces": {
						"north": { "texture": "#wood", "uv": [ 25.0, 20.5, 29.0, 21.5 ], "rotation": 180, "autoUv": false },
						"east": { "texture": "#wood", "uv": [ 29.0, 21.5, 30.0, 23.0 ], "rotation": 90, "autoUv": false },
						"south": { "texture": "#wood", "uv": [ 25.0, 23.0, 29.0, 24.0 ], "autoUv": false },
						"west": { "texture": "#wood", "uv": [ 24.0, 21.5, 25.0, 23.0 ], "rotation": 270, "autoUv": false },
						"up": { "texture": "#wood", "uv": [ 25.0, 21.5, 29.0, 23.0 ], "autoUv": false },
						"down": { "texture": "#wood", "uv": [ 30.0, 21.5, 34.0, 23.0 ], "autoUv": false }
					}
				}
			]
		},
		{
			"name": "ArmorLowerArmR",
			"stepParentName": "LowerArmR",
			"from": [ -0.15, 1.35, -0.1875 ],
			"to": [ 2.025, 4.65, 1.6875 ],
			"uv": [ 36.0, 9.0 ],
			"rotationOrigin": [ -0.15, 1.35, -0.3 ],
			"faces": {
				"north": { "texture": "#wood", "uv": [ 36.0, 11.5, 38.5, 15.5 ], "autoUv": false },
				"east": { "texture": "#wood", "uv": [ 38.5, 11.5, 41.0, 15.5 ], "autoUv": false },
				"south": { "texture": "#wood", "uv": [ 41.0, 11.5, 43.5, 15.5 ], "autoUv": false },
				"west": { "texture": "#wood", "uv": [ 43.5, 11.5, 46.0, 15.5 ], "autoUv": false },
				"up": { "texture": "#wood", "uv": [ 36.0, 9.0, 38.5, 11.5 ], "autoUv": false },
				"down": { "texture": "#wood", "uv": [ 38.5, 9.0, 41.0, 11.5 ], "autoUv": false }
			}
		},
		{
			"name": "ArmorLowerArmL",
			"stepParentName": "LowerArmL",
			"from": [ -0.15, 1.35, -0.1875 ],
			"to": [ 2.025, 4.65, 1.6875 ],
			"uv": [ 26.0, 9.0 ],
			"rotationOrigin": [ -0.15, 1.35, -0.225 ],
			"faces": {
				"north": { "texture": "#wood", "uv": [ 26.0, 11.5, 28.5, 15.5 ], "autoUv": false },
				"east": { "texture": "#wood", "uv": [ 28.5, 11.5, 31.0, 15.5 ], "autoUv": false },
				"south": { "texture": "#wood", "uv": [ 31.0, 11.5, 33.5, 15.5 ], "autoUv": false },
				"west": { "texture": "#wood", "uv": [ 33.5, 11.5, 36.0, 15.5 ], "autoUv": false },
				"up": { "texture": "#wood", "uv": [ 26.0, 9.0, 28.5, 11.5 ], "autoUv": false },
				"down": { "texture": "#wood", "uv": [ 28.5, 9.0, 31.0, 11.5 ], "autoUv": false }
			}
		},
		{
			"name": "ArmorCoatR",
			"stepParentName": "UpperFootR",
			"from": [ -0.525, -0.6, -0.2625 ],
			"to": [ 3.675, 4.65, 2.3625 ],
			"autoUnwrap": false,
			"uv": [ 18.0, 24.5 ],
			"rotationOrigin": [ -0.525, -0.6, -0.375 ],
			"faces": {
				"north": { "texture": "#wood", "uv": [ 18.0, 28.0, 23.5, 35.0 ], "autoUv": false },
				"east": { "texture": "#wood", "uv": [ 32.5, 28.0, 36.0, 35.0 ], "autoUv": false },
				"south": { "texture": "#wood", "uv": [ 27.0, 28.0, 32.5, 35.0 ], "autoUv": false },
				"west": { "texture": "#wood", "uv": [ 23.5, 28.0, 27.0, 35.0 ], "autoUv": false },
				"up": { "texture": "#wood", "uv": [ 18.0, 24.5, 23.5, 28.0 ], "autoUv": false },
				"down": { "texture": "#wood", "uv": [ 23.5, 24.5, 29.0, 28.0 ], "autoUv": false }
			}
		},
		{
			"name": "ArmorCoatL",
			"stepParentName": "UpperFootL",
			"from": [ -0.525, -0.6, 0.0375 ],
			"to": [ 3.675, 4.65, 2.6625 ],
			"autoUnwrap": false,
			"uv": [ 0.0, 24.5 ],
			"rotationOrigin": [ -0.525, -0.6, -0.075 ],
			"faces": {
				"north": { "texture": "#wood", "uv": [ 0.0, 28.0, 5.5, 35.0 ], "autoUv": false },
				"east": { "texture": "#wood", "uv": [ 14.5, 28.0, 18.0, 35.0 ], "autoUv": false },
				"south": { "texture": "#wood", "uv": [ 9.0, 28.0, 14.5, 35.0 ], "autoUv": false },
				"west": { "texture": "#wood", "uv": [ 5.5, 28.0, 9.0, 35.0 ], "autoUv": false },
				"up": { "texture": "#wood", "uv": [ 0.0, 24.5, 5.5, 28.0 ], "autoUv": false },
				"down": { "texture": "#wood", "uv": [ 5.5, 24.5, 11.0, 28.0 ], "autoUv": false }
			}
		},
		{
			"name": "ArmorLowerLegR",
			"stepParentName": "LowerFootR",
			"from": [ -0.225, 1.35, -0.1875 ],
			"to": [ 2.325, 5.475, 2.4375 ],
			"uv": [ 16.0, 46.0 ],
			"rotationOrigin": [ -0.225, 1.35, -0.3 ],
			"faces": {
				"north": { "texture": "#wood", "uv": [ 16.0, 49.5, 19.0, 55.0 ], "autoUv": false },
				"east": { "texture": "#wood", "uv": [ 19.0, 49.5, 22.5, 55.0 ], "autoUv": false },
				"south": { "texture": "#wood", "uv": [ 22.5, 49.5, 25.5, 55.0 ], "autoUv": false },
				"west": { "texture": "#wood", "uv": [ 25.5, 49.5, 29.0, 55.0 ], "autoUv": false },
				"up": { "texture": "#wood", "uv": [ 16.0, 46.0, 19.0, 49.5 ], "autoUv": false },
				"down": { "texture": "#wood", "uv": [ 19.0, 46.0, 22.0, 49.5 ], "autoUv": false }
			},
			"children": [
				{
					"name": "ArmorLegKneeR",
					"from": [ 0.0, 3.675, 0.075 ],
					"to": [ 0.375, 5.175, 2.55 ],
					"unwrapMode": 4,
					"uv": [ 22.0, 47.0 ],
					"rotationOrigin": [ 0.0, 3.675, 0.075 ],
					"rotationZ": 33.0,
					"faces": {
						"north": { "texture": "#wood", "uv": [ 22.0, 47.5, 22.5, 49.5 ], "autoUv": false },
						"east": { "texture": "#wood", "uv": [ 26.0, 47.5, 29.0, 49.5 ], "autoUv": false },
						"south": { "texture": "#wood", "uv": [ 25.5, 47.5, 26.0, 49.5 ], "autoUv": false },
						"west": { "texture": "#wood", "uv": [ 22.5, 47.5, 25.5, 49.5 ], "autoUv": false },
						"up": { "texture": "#wood", "uv": [ 22.5, 47.0, 25.5, 47.5 ], "rotation": 90, "autoUv": false }
					}
				},
				{
					"name": "LegStrapR3",
					"from": [ 2.25, 0.375, 0.075 ],
					"to": [ 3.375, 1.125, 2.55 ],
					"unwrapMode": 2,
					"uv": [ 0.0, 59.0 ],
					"rotationOrigin": [ 2.25, 0.375, 0.075 ],
					"faces": {
						"north": { "texture": "#wood", "uv": [ 4.5, 60.5, 6.0, 61.5 ], "autoUv": false },
						"east": { "texture": "#wood", "uv": [ 1.5, 60.5, 4.5, 61.5 ], "autoUv": false },
						"south": { "texture": "#wood", "uv": [ 0.0, 60.5, 1.5, 61.5 ], "autoUv": false },
						"up": { "texture": "#wood", "uv": [ 1.5, 59.0, 4.5, 60.5 ], "rotation": 270, "autoUv": false },
						"down": { "texture": "#wood", "uv": [ 1.5, 61.5, 4.5, 63.0 ], "rotation": 270, "autoUv": false }
					}
				},
				{
					"name": "LegStrapR1",
					"from": [ 2.25, 3.0, 0.075 ],
					"to": [ 3.375, 3.75, 2.55 ],
					"unwrapMode": 2,
					"uv": [ 0.0, 55.0 ],
					"rotationOrigin": [ 2.25, 3.0, 0.075 ],
					"faces": {
						"north": { "texture": "#wood", "uv": [ 4.5, 56.5, 6.0, 57.5 ], "autoUv": false },
						"east": { "texture": "#wood", "uv": [ 1.5, 56.5, 4.5, 57.5 ], "autoUv": false },
						"south": { "texture": "#wood", "uv": [ 0.0, 56.5, 1.5, 57.5 ], "autoUv": false },
						"up": { "texture": "#wood", "uv": [ 1.5, 55.0, 4.5, 56.5 ], "rotation": 270, "autoUv": false },
						"down": { "texture": "#wood", "uv": [ 1.5, 57.5, 4.5, 59.0 ], "rotation": 270, "autoUv": false }
					}
				},
				{
					"name": "LegStrapR2",
					"from": [ 2.25, 1.725, 0.075 ],
					"to": [ 3.375, 2.475, 2.55 ],
					"unwrapMode": 2,
					"uv": [ 4.5, 57.0 ],
					"rotationOrigin": [ 2.25, 2.475, 0.075 ],
					"faces": {
						"north": { "texture": "#wood", "uv": [ 9.0, 58.5, 10.5, 59.5 ], "autoUv": false },
						"east": { "texture": "#wood", "uv": [ 6.0, 58.5, 9.0, 59.5 ], "autoUv": false },
						"south": { "texture": "#wood", "uv": [ 4.5, 58.5, 6.0, 59.5 ], "autoUv": false },
						"up": { "texture": "#wood", "uv": [ 6.0, 57.0, 9.0, 58.5 ], "rotation": 270, "autoUv": false },
						"down": { "texture": "#wood", "uv": [ 6.0, 59.5, 9.0, 61.0 ], "rotation": 270, "autoUv": false }
					}
				}
			]
		},
		{
			"name": "ArmorLowerLegL",
			"stepParentName": "LowerFootL",
			"from": [ -0.225, 1.35, -0.1875 ],
			"to": [ 2.325, 5.475, 2.4375 ],
			"uv": [ 0.0, 46.0 ],
			"rotationOrigin": [ -0.225, 1.35, -0.3 ],
			"faces": {
				"north": { "texture": "#wood", "uv": [ 0.0, 49.5, 3.0, 55.0 ], "autoUv": false },
				"east": { "texture": "#wood", "uv": [ 3.0, 49.5, 6.5, 55.0 ], "autoUv": false },
				"south": { "texture": "#wood", "uv": [ 6.5, 49.5, 9.5, 55.0 ], "autoUv": false },
				"west": { "texture": "#wood", "uv": [ 9.5, 49.5, 13.0, 55.0 ], "autoUv": false },
				"up": { "texture": "#wood", "uv": [ 0.0, 46.0, 3.0, 49.5 ], "autoUv": false },
				"down": { "texture": "#wood", "uv": [ 3.0, 46.0, 6.0, 49.5 ], "autoUv": false }
			},
			"children": [
				{
					"name": "ArmorLegKneeL",
					"from": [ 0.0, 3.675, 0.075 ],
					"to": [ 0.375, 5.175, 2.55 ],
					"unwrapMode": 4,
					"uv": [ 6.0, 47.0 ],
					"rotationOrigin": [ 0.0, 3.675, 0.075 ],
					"rotationZ": 33.0,
					"faces": {
						"north": { "texture": "#wood", "uv": [ 6.0, 47.5, 6.5, 49.5 ], "autoUv": false },
						"east": { "texture": "#wood", "uv": [ 10.0, 47.5, 13.0, 49.5 ], "autoUv": false },
						"south": { "texture": "#wood", "uv": [ 9.5, 47.5, 10.0, 49.5 ], "autoUv": false },
						"west": { "texture": "#wood", "uv": [ 6.5, 47.5, 9.5, 49.5 ], "autoUv": false },
						"up": { "texture": "#wood", "uv": [ 6.5, 47.0, 9.5, 47.5 ], "rotation": 90, "autoUv": false }
					}
				},
				{
					"name": "LegStrapL3",
					"from": [ 2.25, 0.375, 0.075 ],
					"to": [ 3.375, 1.125, 2.55 ],
					"unwrapMode": 2,
					"uv": [ 16.0, 59.0 ],
					"rotationOrigin": [ 2.25, 0.675, 0.075 ],
					"faces": {
						"north": { "texture": "#wood", "uv": [ 20.5, 60.5, 22.0, 61.5 ], "autoUv": false },
						"east": { "texture": "#wood", "uv": [ 17.5, 60.5, 20.5, 61.5 ], "autoUv": false },
						"south": { "texture": "#wood", "uv": [ 16.0, 60.5, 17.5, 61.5 ], "autoUv": false },
						"up": { "texture": "#wood", "uv": [ 17.5, 59.0, 20.5, 60.5 ], "rotation": 270, "autoUv": false },
						"down": { "texture": "#wood", "uv": [ 17.5, 61.5, 20.5, 63.0 ], "rotation": 270, "autoUv": false }
					}
				},
				{
					"name": "LegStrapL1",
					"from": [ 2.25, 3.0, 0.075 ],
					"to": [ 3.375, 3.75, 2.55 ],
					"unwrapMode": 2,
					"uv": [ 16.0, 55.0 ],
					"rotationOrigin": [ 2.25, 3.0, 0.075 ],
					"faces": {
						"north": { "texture": "#wood", "uv": [ 20.5, 56.5, 22.0, 57.5 ], "autoUv": false },
						"east": { "texture": "#wood", "uv": [ 17.5, 56.5, 20.5, 57.5 ], "autoUv": false },
						"south": { "texture": "#wood", "uv": [ 16.0, 56.5, 17.5, 57.5 ], "autoUv": false },
						"up": { "texture": "#wood", "uv": [ 17.5, 55.0, 20.5, 56.5 ], "rotation": 270, "autoUv": false },
						"down": { "texture": "#wood", "uv": [ 17.5, 57.5, 20.5, 59.0 ], "rotation": 270, "autoUv": false }
					}
				},
				{
					"name": "LegStrapL2",
					"from": [ 2.25, 1.725, 0.075 ],
					"to": [ 3.375, 2.475, 2.55 ],
					"unwrapMode": 2,
					"uv": [ 20.5, 57.0 ],
					"rotationOrigin": [ 2.25, 3.225, 0.075 ],
					"faces": {
						"north": { "texture": "#wood", "uv": [ 25.0, 58.5, 26.5, 59.5 ], "autoUv": false },
						"east": { "texture": "#wood", "uv": [ 22.0, 58.5, 25.0, 59.5 ], "autoUv": false },
						"south": { "texture": "#wood", "uv": [ 20.5, 58.5, 22.0, 59.5 ], "autoUv": false },
						"up": { "texture": "#wood", "uv": [ 22.0, 57.0, 25.0, 58.5 ], "rotation": 270, "autoUv": false },
						"down": { "texture": "#wood", "uv": [ 22.0, 59.5, 25.0, 61.0 ], "rotation": 270, "autoUv": false }
					}
				}
			]
		}
	]}