{
    "editor": {
        "backDropShape": "entity/humanoid/kobold",
        "allAngles": true,
        "entityTextureMode": false
    },
    "textureWidth": 16,
    "textureHeight": 16,
    "textureSizes": {
        "shoes": [
            16,
            16
        ]
    },
    "textures": {
        "shoes": "entity/humanoid/seraphclothes/foot/aristocrat-shoes"
    },
    "elements": [
        {
            "name": "shoe R",
            "stepParentName": "PawR",
            "from": [
                -0.1,
                -0.1,
                -0.1
            ],
            "to": [
                4.1,
                0.9,
                3.1
            ],
            "rotationOrigin": [
                -0.1,
                -0.1,
                -0.1
            ],
            "faces": {
                "north": {
                    "texture": "#shoes",
                    "uv": [
                        3,
                        15,
                        7,
                        16
                    ]
                },
                "east": {
                    "texture": "#shoes",
                    "uv": [
                        0,
                        15,
                        3,
                        16
                    ]
                },
                "south": {
                    "texture": "#shoes",
                    "uv": [
                        10,
                        15,
                        14,
                        16
                    ]
                },
                "west": {
                    "texture": "#shoes",
                    "uv": [
                        7,
                        15,
                        10,
                        16
                    ]
                },
                "up": {
                    "texture": "#shoes",
                    "uv": [
                        13,
                        0,
                        16,
                        4
                    ],
                    "rotation": 90
                },
                "down": {
                    "texture": "#shoes",
                    "uv": [
                        0,
                        4,
                        3,
                        8
                    ],
                    "rotation": 90
                }
            },
            "children": [
                {
                    "name": "N fold 20",
                    "from": [
                        0,
                        1,
                        0
                    ],
                    "to": [
                        1,
                        2.5,
                        0.2
                    ],
                    "rotationOrigin": [
                        0,
                        1,
                        0.2
                    ],
                    "rotationX": -8,
                    "faces": {
                        "north": {
                            "texture": "#shoes",
                            "uv": [
                                6,
                                13.5,
                                7,
                                15
                            ]
                        },
                        "east": {
                            "texture": "#shoes",
                            "uv": [
                                6,
                                13.5,
                                6.5,
                                15
                            ]
                        },
                        "south": {
                            "texture": "#shoes",
                            "uv": [
                                7.5,
                                0.5,
                                8.5,
                                2
                            ]
                        },
                        "west": {
                            "texture": "#shoes",
                            "uv": [
                                3,
                                13.5,
                                3.5,
                                15
                            ]
                        },
                        "up": {
                            "texture": "#shoes",
                            "uv": [
                                2.5,
                                13.5,
                                3.5,
                                14
                            ]
                        },
                        "down": {
                            "texture": "#shoes",
                            "uv": [
                                0,
                                0,
                                1,
                                0.5
                            ]
                        }
                    }
                },
                {
                    "name": "S fold 21",
                    "from": [
                        0,
                        1,
                        3
                    ],
                    "to": [
                        1,
                        2.5,
                        3.2
                    ],
                    "rotationOrigin": [
                        0,
                        1,
                        3
                    ],
                    "rotationX": 8,
                    "faces": {
                        "north": {
                            "texture": "#shoes",
                            "uv": [
                                0,
                                0,
                                1,
                                1.5
                            ]
                        },
                        "east": {
                            "texture": "#shoes",
                            "uv": [
                                10.5,
                                13.5,
                                11,
                                15
                            ]
                        },
                        "south": {
                            "texture": "#shoes",
                            "uv": [
                                10,
                                13.5,
                                11,
                                15
                            ]
                        },
                        "west": {
                            "texture": "#shoes",
                            "uv": [
                                9.5,
                                13.5,
                                10,
                                15
                            ]
                        },
                        "up": {
                            "texture": "#shoes",
                            "uv": [
                                10,
                                13.5,
                                11,
                                14
                            ]
                        },
                        "down": {
                            "texture": "#shoes",
                            "uv": [
                                0,
                                0,
                                1,
                                0.5
                            ]
                        }
                    }
                },
                {
                    "name": "back fold 1",
                    "from": [
                        4,
                        1,
                        0
                    ],
                    "to": [
                        4.2,
                        2.5,
                        3.2
                    ],
                    "rotationOrigin": [
                        4,
                        1,
                        0
                    ],
                    "rotationZ": -7,
                    "faces": {
                        "north": {
                            "texture": "#shoes",
                            "uv": [
                                2.5,
                                13.5,
                                3,
                                15
                            ]
                        },
                        "east": {
                            "texture": "#shoes",
                            "uv": [
                                0,
                                13.5,
                                3,
                                15
                            ]
                        },
                        "south": {
                            "texture": "#shoes",
                            "uv": [
                                0,
                                13.5,
                                0.5,
                                15
                            ]
                        },
                        "west": {
                            "texture": "#shoes",
                            "uv": [
                                5.5,
                                2,
                                8.5,
                                3.5
                            ]
                        },
                        "up": {
                            "texture": "#shoes",
                            "uv": [
                                0,
                                13.5,
                                3,
                                14
                            ],
                            "rotation": 270
                        },
                        "down": {
                            "texture": "#shoes",
                            "uv": [
                                0,
                                0,
                                0.5,
                                3
                            ]
                        }
                    }
                },
                {
                    "name": "front 1",
                    "from": [
                        0,
                        1,
                        0
                    ],
                    "to": [
                        0.2,
                        2.5,
                        3.2
                    ],
                    "rotationOrigin": [
                        0.2,
                        1,
                        0
                    ],
                    "rotationZ": 10,
                    "faces": {
                        "north": {
                            "texture": "#shoes",
                            "uv": [
                                7,
                                13.5,
                                7.5,
                                15
                            ]
                        },
                        "east": {
                            "texture": "#shoes",
                            "uv": [
                                1.5,
                                0,
                                4.5,
                                1.5
                            ]
                        },
                        "south": {
                            "texture": "#shoes",
                            "uv": [
                                9.5,
                                13.5,
                                10,
                                15
                            ]
                        },
                        "west": {
                            "texture": "#shoes",
                            "uv": [
                                7,
                                13.5,
                                10,
                                15
                            ]
                        },
                        "up": {
                            "texture": "#shoes",
                            "uv": [
                                7,
                                13.5,
                                10,
                                14
                            ],
                            "rotation": 90
                        },
                        "down": {
                            "texture": "#shoes",
                            "uv": [
                                0,
                                0,
                                0.5,
                                3
                            ]
                        }
                    },
                    "children": [
                        {
                            "name": "front 2",
                            "from": [
                                0,
                                1.5,
                                0.5
                            ],
                            "to": [
                                0.2,
                                2,
                                2.7
                            ],
                            "rotationOrigin": [
                                0.2,
                                1.5,
                                0.5
                            ],
                            "faces": {
                                "north": {
                                    "texture": "#shoes",
                                    "uv": [
                                        7.5,
                                        13,
                                        8,
                                        13.5
                                    ]
                                },
                                "east": {
                                    "texture": "#shoes",
                                    "uv": [
                                        4.5,
                                        2.5,
                                        6.5,
                                        3
                                    ]
                                },
                                "south": {
                                    "texture": "#shoes",
                                    "uv": [
                                        9,
                                        13,
                                        9.5,
                                        13.5
                                    ]
                                },
                                "west": {
                                    "texture": "#shoes",
                                    "uv": [
                                        7.5,
                                        13,
                                        9.5,
                                        13.5
                                    ]
                                },
                                "up": {
                                    "texture": "#shoes",
                                    "uv": [
                                        7.5,
                                        13,
                                        9.5,
                                        13.5
                                    ],
                                    "rotation": 90
                                },
                                "down": {
                                    "texture": "#shoes",
                                    "uv": [
                                        0,
                                        0,
                                        0.5,
                                        2
                                    ]
                                }
                            }
                        }
                    ]
                },
                {
                    "name": "N fold 17",
                    "from": [
                        3.6,
                        1,
                        0
                    ],
                    "to": [
                        4.1,
                        2.5,
                        0.2
                    ],
                    "rotationOrigin": [
                        3.6,
                        1,
                        0.2
                    ],
                    "rotationX": -8,
                    "faces": {
                        "north": {
                            "texture": "#shoes",
                            "uv": [
                                3,
                                13.5,
                                3.5,
                                15
                            ]
                        },
                        "east": {
                            "texture": "#shoes",
                            "uv": [
                                3,
                                13.5,
                                3.5,
                                15
                            ]
                        },
                        "south": {
                            "texture": "#shoes",
                            "uv": [
                                2,
                                1,
                                2.5,
                                2.5
                            ]
                        },
                        "west": {
                            "texture": "#shoes",
                            "uv": [
                                3,
                                13.5,
                                3.5,
                                15
                            ]
                        },
                        "up": {
                            "texture": "#shoes",
                            "uv": [
                                3,
                                13.5,
                                3.5,
                                14
                            ]
                        },
                        "down": {
                            "texture": "#shoes",
                            "uv": [
                                0,
                                0,
                                0.5,
                                0.5
                            ]
                        }
                    }
                },
                {
                    "name": "N fold 18",
                    "from": [
                        3.1,
                        1,
                        0
                    ],
                    "to": [
                        3.6,
                        2,
                        0.2
                    ],
                    "rotationOrigin": [
                        3.1,
                        1,
                        0.2
                    ],
                    "rotationX": -8,
                    "faces": {
                        "north": {
                            "texture": "#shoes",
                            "uv": [
                                3.5,
                                14,
                                4,
                                15
                            ]
                        },
                        "east": {
                            "texture": "#shoes",
                            "uv": [
                                3.5,
                                14,
                                4,
                                15
                            ]
                        },
                        "south": {
                            "texture": "#shoes",
                            "uv": [
                                7,
                                2,
                                7.5,
                                3
                            ]
                        },
                        "west": {
                            "texture": "#shoes",
                            "uv": [
                                3.5,
                                14,
                                4,
                                15
                            ]
                        },
                        "up": {
                            "texture": "#shoes",
                            "uv": [
                                3.5,
                                14,
                                4,
                                14.5
                            ]
                        },
                        "down": {
                            "texture": "#shoes",
                            "uv": [
                                0,
                                0,
                                0.5,
                                0.5
                            ]
                        }
                    }
                },
                {
                    "name": "N fold 19",
                    "from": [
                        1,
                        1,
                        0
                    ],
                    "to": [
                        1.5,
                        2,
                        0.2
                    ],
                    "rotationOrigin": [
                        1,
                        1,
                        0.2
                    ],
                    "rotationX": -8,
                    "faces": {
                        "north": {
                            "texture": "#shoes",
                            "uv": [
                                5.5,
                                14,
                                6,
                                15
                            ]
                        },
                        "east": {
                            "texture": "#shoes",
                            "uv": [
                                5.5,
                                14,
                                6,
                                15
                            ]
                        },
                        "south": {
                            "texture": "#shoes",
                            "uv": [
                                6,
                                2,
                                6.5,
                                3
                            ]
                        },
                        "west": {
                            "texture": "#shoes",
                            "uv": [
                                5.5,
                                14,
                                6,
                                15
                            ]
                        },
                        "up": {
                            "texture": "#shoes",
                            "uv": [
                                5.5,
                                14,
                                6,
                                14.5
                            ]
                        },
                        "down": {
                            "texture": "#shoes",
                            "uv": [
                                0,
                                0,
                                0.5,
                                0.5
                            ]
                        }
                    }
                },
                {
                    "name": "N fold 21",
                    "from": [
                        1.5,
                        1,
                        0
                    ],
                    "to": [
                        3.1,
                        1.5,
                        0.2
                    ],
                    "rotationOrigin": [
                        1.5,
                        1,
                        0.2
                    ],
                    "rotationX": -11,
                    "faces": {
                        "north": {
                            "texture": "#shoes",
                            "uv": [
                                4.5,
                                14.5,
                                6,
                                15
                            ]
                        },
                        "east": {
                            "texture": "#shoes",
                            "uv": [
                                6.5,
                                13.5,
                                7,
                                14
                            ]
                        },
                        "south": {
                            "texture": "#shoes",
                            "uv": [
                                8.5,
                                2,
                                10,
                                2.5
                            ]
                        },
                        "west": {
                            "texture": "#shoes",
                            "uv": [
                                3,
                                13.5,
                                3.5,
                                14
                            ]
                        },
                        "up": {
                            "texture": "#shoes",
                            "uv": [
                                4,
                                14.5,
                                5.5,
                                15
                            ]
                        },
                        "down": {
                            "texture": "#shoes",
                            "uv": [
                                0,
                                0,
                                1.5,
                                0.5
                            ]
                        }
                    }
                },
                {
                    "name": "S fold 18",
                    "from": [
                        1,
                        1,
                        3
                    ],
                    "to": [
                        1.5,
                        2,
                        3.2
                    ],
                    "rotationOrigin": [
                        1,
                        1,
                        3
                    ],
                    "rotationX": 8,
                    "faces": {
                        "north": {
                            "texture": "#shoes",
                            "uv": [
                                0,
                                0,
                                0.5,
                                1
                            ]
                        },
                        "east": {
                            "texture": "#shoes",
                            "uv": [
                                11,
                                14,
                                11.5,
                                15
                            ]
                        },
                        "south": {
                            "texture": "#shoes",
                            "uv": [
                                11,
                                14,
                                11.5,
                                15
                            ]
                        },
                        "west": {
                            "texture": "#shoes",
                            "uv": [
                                11,
                                14,
                                11.5,
                                15
                            ]
                        },
                        "up": {
                            "texture": "#shoes",
                            "uv": [
                                11,
                                14,
                                11.5,
                                14.5
                            ]
                        },
                        "down": {
                            "texture": "#shoes",
                            "uv": [
                                0,
                                0,
                                0.5,
                                0.5
                            ]
                        }
                    }
                },
                {
                    "name": "S fold 19",
                    "from": [
                        1.5,
                        1,
                        3
                    ],
                    "to": [
                        3.2,
                        1.5,
                        3.2
                    ],
                    "rotationOrigin": [
                        1.5,
                        1,
                        3
                    ],
                    "rotationX": 8,
                    "faces": {
                        "north": {
                            "texture": "#shoes",
                            "uv": [
                                0,
                                0,
                                1.5,
                                0.5
                            ]
                        },
                        "east": {
                            "texture": "#shoes",
                            "uv": [
                                12.5,
                                14.5,
                                13,
                                15
                            ]
                        },
                        "south": {
                            "texture": "#shoes",
                            "uv": [
                                11.5,
                                14.5,
                                13,
                                15
                            ]
                        },
                        "west": {
                            "texture": "#shoes",
                            "uv": [
                                11.5,
                                14.5,
                                12,
                                15
                            ]
                        },
                        "up": {
                            "texture": "#shoes",
                            "uv": [
                                11.5,
                                14.5,
                                13,
                                15
                            ]
                        },
                        "down": {
                            "texture": "#shoes",
                            "uv": [
                                0,
                                0,
                                1.5,
                                0.5
                            ]
                        }
                    }
                },
                {
                    "name": "S fold 20",
                    "from": [
                        3.7,
                        1,
                        3
                    ],
                    "to": [
                        4.2,
                        2.5,
                        3.2
                    ],
                    "rotationOrigin": [
                        3.7,
                        1,
                        3
                    ],
                    "rotationX": 8,
                    "faces": {
                        "north": {
                            "texture": "#shoes",
                            "uv": [
                                0,
                                0,
                                0.5,
                                1.5
                            ]
                        },
                        "east": {
                            "texture": "#shoes",
                            "uv": [
                                13.5,
                                13.5,
                                14,
                                15
                            ]
                        },
                        "south": {
                            "texture": "#shoes",
                            "uv": [
                                13.5,
                                13.5,
                                14,
                                15
                            ]
                        },
                        "west": {
                            "texture": "#shoes",
                            "uv": [
                                13.5,
                                13.5,
                                14,
                                15
                            ]
                        },
                        "up": {
                            "texture": "#shoes",
                            "uv": [
                                13.5,
                                13.5,
                                14,
                                14
                            ]
                        },
                        "down": {
                            "texture": "#shoes",
                            "uv": [
                                0,
                                0,
                                0.5,
                                0.5
                            ]
                        }
                    }
                },
                {
                    "name": "S fold 22",
                    "from": [
                        3.2,
                        1,
                        3
                    ],
                    "to": [
                        3.7,
                        2,
                        3.2
                    ],
                    "rotationOrigin": [
                        3.2,
                        1,
                        3
                    ],
                    "rotationX": 8,
                    "faces": {
                        "north": {
                            "texture": "#shoes",
                            "uv": [
                                0,
                                0,
                                0.5,
                                1
                            ]
                        },
                        "east": {
                            "texture": "#shoes",
                            "uv": [
                                13,
                                14,
                                13.5,
                                15
                            ]
                        },
                        "south": {
                            "texture": "#shoes",
                            "uv": [
                                13,
                                14,
                                13.5,
                                15
                            ]
                        },
                        "west": {
                            "texture": "#shoes",
                            "uv": [
                                13,
                                14,
                                13.5,
                                15
                            ]
                        },
                        "up": {
                            "texture": "#shoes",
                            "uv": [
                                13,
                                14,
                                13.5,
                                14.5
                            ]
                        },
                        "down": {
                            "texture": "#shoes",
                            "uv": [
                                0,
                                0,
                                0.5,
                                0.5
                            ]
                        }
                    }
                }
            ]
        },
        {
            "name": "shoe L",
            "stepParentName": "PawL",
            "from": [
                -0.1,
                -0.1,
                -0.1
            ],
            "to": [
                4.1,
                0.9,
                3.1
            ],
            "rotationOrigin": [
                -0.1,
                -0.1,
                -0.1
            ],
            "faces": {
                "north": {
                    "texture": "#shoes",
                    "uv": [
                        0,
                        11,
                        4,
                        12
                    ]
                },
                "east": {
                    "texture": "#shoes",
                    "uv": [
                        11,
                        11,
                        14,
                        12
                    ]
                },
                "south": {
                    "texture": "#shoes",
                    "uv": [
                        7,
                        11,
                        11,
                        12
                    ]
                },
                "west": {
                    "texture": "#shoes",
                    "uv": [
                        4,
                        11,
                        7,
                        12
                    ]
                },
                "up": {
                    "texture": "#shoes",
                    "uv": [
                        10.5,
                        0,
                        13.5,
                        4
                    ],
                    "rotation": 90
                },
                "down": {
                    "texture": "#shoes",
                    "uv": [
                        4,
                        4,
                        7,
                        8
                    ],
                    "rotation": 90
                }
            },
            "children": [
                {
                    "name": "N fold 23",
                    "from": [
                        0,
                        1,
                        0
                    ],
                    "to": [
                        1,
                        2.5,
                        0.2
                    ],
                    "rotationOrigin": [
                        0,
                        1,
                        0.2
                    ],
                    "rotationX": -8,
                    "faces": {
                        "north": {
                            "texture": "#shoes",
                            "uv": [
                                3,
                                9.5,
                                4,
                                11
                            ]
                        },
                        "east": {
                            "texture": "#shoes",
                            "uv": [
                                3,
                                9.5,
                                3.5,
                                11
                            ]
                        },
                        "south": {
                            "texture": "#shoes",
                            "uv": [
                                7.5,
                                2,
                                8.5,
                                3.5
                            ]
                        },
                        "west": {
                            "texture": "#shoes",
                            "uv": [
                                3.5,
                                9.5,
                                4,
                                11
                            ]
                        },
                        "up": {
                            "texture": "#shoes",
                            "uv": [
                                3,
                                9.5,
                                4,
                                10
                            ]
                        },
                        "down": {
                            "texture": "#shoes",
                            "uv": [
                                0,
                                0,
                                1,
                                0.5
                            ]
                        }
                    }
                },
                {
                    "name": "S fold 24",
                    "from": [
                        0,
                        1,
                        3
                    ],
                    "to": [
                        1,
                        2.5,
                        3.2
                    ],
                    "rotationOrigin": [
                        0,
                        1,
                        3
                    ],
                    "rotationX": 8,
                    "faces": {
                        "north": {
                            "texture": "#shoes",
                            "uv": [
                                1.5,
                                1,
                                2.5,
                                2.5
                            ]
                        },
                        "east": {
                            "texture": "#shoes",
                            "uv": [
                                7.5,
                                9.5,
                                8,
                                11
                            ]
                        },
                        "south": {
                            "texture": "#shoes",
                            "uv": [
                                7,
                                9.5,
                                8,
                                11
                            ]
                        },
                        "west": {
                            "texture": "#shoes",
                            "uv": [
                                7,
                                9.5,
                                7.5,
                                11
                            ]
                        },
                        "up": {
                            "texture": "#shoes",
                            "uv": [
                                7,
                                9.5,
                                8,
                                10
                            ]
                        },
                        "down": {
                            "texture": "#shoes",
                            "uv": [
                                0,
                                0,
                                1,
                                0.5
                            ]
                        }
                    }
                },
                {
                    "name": "back fold 25",
                    "from": [
                        4,
                        1,
                        0
                    ],
                    "to": [
                        4.2,
                        2.5,
                        3.2
                    ],
                    "rotationOrigin": [
                        4,
                        1,
                        0
                    ],
                    "rotationZ": -7,
                    "faces": {
                        "north": {
                            "texture": "#shoes",
                            "uv": [
                                13.5,
                                9.5,
                                14,
                                11
                            ]
                        },
                        "east": {
                            "texture": "#shoes",
                            "uv": [
                                11,
                                9.5,
                                14,
                                11
                            ]
                        },
                        "south": {
                            "texture": "#shoes",
                            "uv": [
                                11,
                                9.5,
                                11.5,
                                11
                            ]
                        },
                        "west": {
                            "texture": "#shoes",
                            "uv": [
                                2.5,
                                1.5,
                                5.5,
                                3
                            ]
                        },
                        "up": {
                            "texture": "#shoes",
                            "uv": [
                                11,
                                9.5,
                                14,
                                10
                            ],
                            "rotation": 270
                        },
                        "down": {
                            "texture": "#shoes",
                            "uv": [
                                0,
                                0,
                                0.5,
                                3
                            ]
                        }
                    }
                },
                {
                    "name": "front 26",
                    "from": [
                        0,
                        1,
                        0
                    ],
                    "to": [
                        0.2,
                        2.5,
                        3.2
                    ],
                    "rotationOrigin": [
                        0.2,
                        1,
                        0
                    ],
                    "rotationZ": 10,
                    "faces": {
                        "north": {
                            "texture": "#shoes",
                            "uv": [
                                3.5,
                                9.5,
                                4,
                                11
                            ]
                        },
                        "east": {
                            "texture": "#shoes",
                            "uv": [
                                6.5,
                                1,
                                9.5,
                                2.5
                            ]
                        },
                        "south": {
                            "texture": "#shoes",
                            "uv": [
                                7,
                                9.5,
                                7.5,
                                11
                            ]
                        },
                        "west": {
                            "texture": "#shoes",
                            "uv": [
                                4,
                                9.5,
                                7,
                                11
                            ]
                        },
                        "up": {
                            "texture": "#shoes",
                            "uv": [
                                4,
                                9.5,
                                7,
                                10
                            ],
                            "rotation": 90
                        },
                        "down": {
                            "texture": "#shoes",
                            "uv": [
                                0,
                                0,
                                0.5,
                                3
                            ]
                        }
                    },
                    "children": [
                        {
                            "name": "front 27",
                            "from": [
                                0,
                                1.5,
                                0.5
                            ],
                            "to": [
                                0.2,
                                2,
                                2.7
                            ],
                            "rotationOrigin": [
                                0.2,
                                1.5,
                                0.5
                            ],
                            "faces": {
                                "north": {
                                    "texture": "#shoes",
                                    "uv": [
                                        4.5,
                                        9,
                                        5,
                                        9.5
                                    ]
                                },
                                "east": {
                                    "texture": "#shoes",
                                    "uv": [
                                        7.5,
                                        1,
                                        9.5,
                                        1.5
                                    ]
                                },
                                "south": {
                                    "texture": "#shoes",
                                    "uv": [
                                        6,
                                        9,
                                        6.5,
                                        9.5
                                    ]
                                },
                                "west": {
                                    "texture": "#shoes",
                                    "uv": [
                                        4.5,
                                        9,
                                        6.5,
                                        9.5
                                    ]
                                },
                                "up": {
                                    "texture": "#shoes",
                                    "uv": [
                                        4.5,
                                        9,
                                        6.5,
                                        9.5
                                    ],
                                    "rotation": 90
                                }
                            }
                        }
                    ]
                },
                {
                    "name": "N fold 27",
                    "from": [
                        3.6,
                        1,
                        0
                    ],
                    "to": [
                        4.1,
                        2.5,
                        0.2
                    ],
                    "rotationOrigin": [
                        3.6,
                        1,
                        0.2
                    ],
                    "rotationX": -8,
                    "faces": {
                        "north": {
                            "texture": "#shoes",
                            "uv": [
                                0,
                                9.5,
                                0.5,
                                11
                            ]
                        },
                        "east": {
                            "texture": "#shoes",
                            "uv": [
                                0,
                                9.5,
                                0.5,
                                11
                            ]
                        },
                        "south": {
                            "texture": "#shoes",
                            "uv": [
                                8.5,
                                1.5,
                                9,
                                3
                            ]
                        },
                        "west": {
                            "texture": "#shoes",
                            "uv": [
                                0,
                                9.5,
                                0.5,
                                11
                            ]
                        },
                        "up": {
                            "texture": "#shoes",
                            "uv": [
                                0,
                                9.5,
                                0.5,
                                10
                            ]
                        },
                        "down": {
                            "texture": "#shoes",
                            "uv": [
                                0,
                                0,
                                0.5,
                                0.5
                            ]
                        }
                    }
                },
                {
                    "name": "N fold 28",
                    "from": [
                        3.1,
                        1,
                        0
                    ],
                    "to": [
                        3.6,
                        2,
                        0.2
                    ],
                    "rotationOrigin": [
                        3.1,
                        1,
                        0.2
                    ],
                    "rotationX": -8,
                    "faces": {
                        "north": {
                            "texture": "#shoes",
                            "uv": [
                                0.5,
                                10,
                                1,
                                11
                            ]
                        },
                        "east": {
                            "texture": "#shoes",
                            "uv": [
                                0.5,
                                10,
                                1,
                                11
                            ]
                        },
                        "south": {
                            "texture": "#shoes",
                            "uv": [
                                1.5,
                                1,
                                2,
                                2
                            ]
                        },
                        "west": {
                            "texture": "#shoes",
                            "uv": [
                                0.5,
                                10,
                                1,
                                11
                            ]
                        },
                        "up": {
                            "texture": "#shoes",
                            "uv": [
                                0.5,
                                10,
                                1,
                                10.5
                            ]
                        },
                        "down": {
                            "texture": "#shoes",
                            "uv": [
                                0,
                                0,
                                0.5,
                                0.5
                            ]
                        }
                    }
                },
                {
                    "name": "N fold 29",
                    "from": [
                        1,
                        1,
                        0
                    ],
                    "to": [
                        1.5,
                        2,
                        0.2
                    ],
                    "rotationOrigin": [
                        1,
                        1,
                        0.2
                    ],
                    "rotationX": -8,
                    "faces": {
                        "north": {
                            "texture": "#shoes",
                            "uv": [
                                2.5,
                                10,
                                3,
                                11
                            ]
                        },
                        "east": {
                            "texture": "#shoes",
                            "uv": [
                                2.5,
                                10,
                                3,
                                11
                            ]
                        },
                        "south": {
                            "texture": "#shoes",
                            "uv": [
                                2,
                                2,
                                2.5,
                                3
                            ]
                        },
                        "west": {
                            "texture": "#shoes",
                            "uv": [
                                2.5,
                                10,
                                3,
                                11
                            ]
                        },
                        "up": {
                            "texture": "#shoes",
                            "uv": [
                                2.5,
                                10,
                                3,
                                10.5
                            ]
                        },
                        "down": {
                            "texture": "#shoes",
                            "uv": [
                                0,
                                0,
                                0.5,
                                0.5
                            ]
                        }
                    }
                },
                {
                    "name": "N fold 30",
                    "from": [
                        1.5,
                        1,
                        0
                    ],
                    "to": [
                        3.1,
                        1.5,
                        0.2
                    ],
                    "rotationOrigin": [
                        1.5,
                        1,
                        0.2
                    ],
                    "rotationX": -11,
                    "faces": {
                        "north": {
                            "texture": "#shoes",
                            "uv": [
                                1,
                                10.5,
                                2.5,
                                11
                            ]
                        },
                        "east": {
                            "texture": "#shoes",
                            "uv": [
                                1,
                                10.5,
                                1.5,
                                11
                            ]
                        },
                        "south": {
                            "texture": "#shoes",
                            "uv": [
                                0,
                                2,
                                1.5,
                                2.5
                            ]
                        },
                        "west": {
                            "texture": "#shoes",
                            "uv": [
                                2,
                                10.5,
                                2.5,
                                11
                            ]
                        },
                        "up": {
                            "texture": "#shoes",
                            "uv": [
                                1,
                                10.5,
                                2.5,
                                11
                            ]
                        },
                        "down": {
                            "texture": "#shoes",
                            "uv": [
                                0,
                                0,
                                1.5,
                                0.5
                            ]
                        }
                    }
                },
                {
                    "name": "S fold 31",
                    "from": [
                        1,
                        1,
                        3
                    ],
                    "to": [
                        1.5,
                        2,
                        3.2
                    ],
                    "rotationOrigin": [
                        1,
                        1,
                        3
                    ],
                    "rotationX": 8,
                    "faces": {
                        "north": {
                            "texture": "#shoes",
                            "uv": [
                                9,
                                2.5,
                                9.5,
                                3.5
                            ]
                        },
                        "east": {
                            "texture": "#shoes",
                            "uv": [
                                8,
                                10,
                                8.5,
                                11
                            ]
                        },
                        "south": {
                            "texture": "#shoes",
                            "uv": [
                                8,
                                10,
                                8.5,
                                11
                            ]
                        },
                        "west": {
                            "texture": "#shoes",
                            "uv": [
                                8,
                                10,
                                8.5,
                                11
                            ]
                        },
                        "up": {
                            "texture": "#shoes",
                            "uv": [
                                8,
                                10,
                                8.5,
                                10.5
                            ]
                        },
                        "down": {
                            "texture": "#shoes",
                            "uv": [
                                0,
                                0,
                                0.5,
                                0.5
                            ]
                        }
                    }
                },
                {
                    "name": "S fold 32",
                    "from": [
                        1.5,
                        1,
                        3
                    ],
                    "to": [
                        3.2,
                        1.5,
                        3.2
                    ],
                    "rotationOrigin": [
                        1.5,
                        1,
                        3
                    ],
                    "rotationX": 8,
                    "faces": {
                        "north": {
                            "texture": "#shoes",
                            "uv": [
                                3,
                                2,
                                4.5,
                                2.5
                            ]
                        },
                        "east": {
                            "texture": "#shoes",
                            "uv": [
                                9.5,
                                10.5,
                                10,
                                11
                            ]
                        },
                        "south": {
                            "texture": "#shoes",
                            "uv": [
                                8.5,
                                10.5,
                                10,
                                11
                            ]
                        },
                        "west": {
                            "texture": "#shoes",
                            "uv": [
                                8.5,
                                10.5,
                                9,
                                11
                            ]
                        },
                        "up": {
                            "texture": "#shoes",
                            "uv": [
                                8.5,
                                10.5,
                                10,
                                11
                            ]
                        },
                        "down": {
                            "texture": "#shoes",
                            "uv": [
                                0,
                                0,
                                1.5,
                                0.5
                            ]
                        }
                    }
                },
                {
                    "name": "S fold 33",
                    "from": [
                        3.7,
                        1,
                        3
                    ],
                    "to": [
                        4.2,
                        2.5,
                        3.2
                    ],
                    "rotationOrigin": [
                        3.7,
                        1,
                        3
                    ],
                    "rotationX": 8,
                    "faces": {
                        "north": {
                            "texture": "#shoes",
                            "uv": [
                                0.5,
                                2.5,
                                1,
                                4
                            ]
                        },
                        "east": {
                            "texture": "#shoes",
                            "uv": [
                                10.5,
                                9.5,
                                11,
                                11
                            ]
                        },
                        "south": {
                            "texture": "#shoes",
                            "uv": [
                                10.5,
                                9.5,
                                11,
                                11
                            ]
                        },
                        "west": {
                            "texture": "#shoes",
                            "uv": [
                                10.5,
                                9.5,
                                11,
                                11
                            ]
                        },
                        "up": {
                            "texture": "#shoes",
                            "uv": [
                                10.5,
                                9.5,
                                11,
                                10
                            ]
                        },
                        "down": {
                            "texture": "#shoes",
                            "uv": [
                                0,
                                0,
                                0.5,
                                0.5
                            ]
                        }
                    }
                },
                {
                    "name": "S fold 34",
                    "from": [
                        3.2,
                        1,
                        3
                    ],
                    "to": [
                        3.7,
                        2,
                        3.2
                    ],
                    "rotationOrigin": [
                        3.2,
                        1,
                        3
                    ],
                    "rotationX": 8,
                    "faces": {
                        "north": {
                            "texture": "#shoes",
                            "uv": [
                                6,
                                1.5,
                                6.5,
                                2.5
                            ]
                        },
                        "east": {
                            "texture": "#shoes",
                            "uv": [
                                10,
                                10,
                                10.5,
                                11
                            ]
                        },
                        "south": {
                            "texture": "#shoes",
                            "uv": [
                                10,
                                10,
                                10.5,
                                11
                            ]
                        },
                        "west": {
                            "texture": "#shoes",
                            "uv": [
                                10,
                                10,
                                10.5,
                                11
                            ]
                        },
                        "up": {
                            "texture": "#shoes",
                            "uv": [
                                10,
                                10,
                                10.5,
                                10.5
                            ]
                        },
                        "down": {
                            "texture": "#shoes",
                            "uv": [
                                0,
                                0,
                                0.5,
                                0.5
                            ]
                        }
                    }
                }
            ]
        }
    ],
    "animations": [
        {
            "name": "Walk",
            "code": "walk",
            "quantityframes": 25,
            "onActivityStopped": "Rewind",
            "onAnimationEnd": "Repeat",
            "keyframes": []
        }
    ]
}