{
    "editor": {
        "backDropShape": "entity/humanoid/kobold",
        "collapsedPaths": "Root/shoe L/front fold 26/LwoolW1,Root/ShoeR/RflapN/RwoolN1,Root/ShoeR,Root/shoe R/RbackFold,Root/shoe R/RflapN/RwoolN1,Root/shoe R/front 1,Root/shoe R/RflapW,Root/shoe R/RflapS,Root/shoe R/RflapN,Root/shoe L/front fold 26,Root/ShoeL/Lback fold 25,Root/ShoeR/RflapS,Root/shoe L/N fold 23,Root/shoe L/back fold 25,Root/KneeFlapR/LbackWool6,Root/shoe R/RflapE,Root/shoe L/Lback fold 25,Root/shoe L/N fold 23/LfoldN1,Root/shoe R/Rknot,Root/shoe L/LacesR1,Root/shoe L/S fold 24/LWoolS1,Root/shoe L/LacesL1,Root/shoe L/front16,Root/ShoeR/RflapE,Root/ShoeR/RflapN,Root/ShoeL/S fold 24,Root/shoe L/front 26,Root/ShoeL/N fold 23,Root/KneeFlapL/LwoolW1",
        "allAngles": true,
        "entityTextureMode": true
    },
    "textureWidth": 16,
    "textureHeight": 28,
    "textureSizes": {
        "commoner-boots": [
            16,
            28
        ]
    },
    "textures": {
        "commoner-boots": "entity/humanoid/seraphclothes/foot/commoner-boots"
    },
    "elements": [
        {
            "name": "shoe R",
            "stepParentName": "PawR",
            "from": [
                -0.1,
                -0.1,
                -0.1
            ],
            "to": [
                4.1,
                6.4,
                3.1
            ],
            "unwrapMode": 4,
            "autoUnwrap": false,
            "uv": [
                1,
                17
            ],
            "rotationOrigin": [
                -0.1,
                -0.1,
                -0.1
            ],
            "faces": {
                "north": {
                    "texture": "#commoner-boots",
                    "uv": [
                        1,
                        21.5,
                        5,
                        28
                    ]
                },
                "east": {
                    "texture": "#commoner-boots",
                    "uv": [
                        12,
                        21.5,
                        15,
                        28
                    ]
                },
                "south": {
                    "texture": "#commoner-boots",
                    "uv": [
                        8,
                        21.5,
                        12,
                        28
                    ]
                },
                "west": {
                    "texture": "#commoner-boots",
                    "uv": [
                        5,
                        21.5,
                        8,
                        28
                    ]
                },
                "up": {
                    "texture": "#commoner-boots",
                    "uv": [
                        10,
                        0,
                        13,
                        4
                    ],
                    "rotation": 90
                },
                "down": {
                    "texture": "#commoner-boots",
                    "uv": [
                        0,
                        4,
                        3,
                        8
                    ],
                    "rotation": 90
                }
            },
            "children": [
                {
                    "name": "N fold 1",
                    "from": [
                        0,
                        6.5,
                        0
                    ],
                    "to": [
                        4.2,
                        8,
                        0.2
                    ],
                    "unwrapMode": 1,
                    "autoUnwrap": false,
                    "uv": [
                        0.5,
                        19.5
                    ],
                    "rotationOrigin": [
                        0,
                        6.5,
                        0.2
                    ],
                    "rotationX": -4,
                    "faces": {
                        "north": {
                            "texture": "#commoner-boots",
                            "uv": [
                                1,
                                20,
                                5,
                                21.5
                            ]
                        },
                        "east": {
                            "texture": "#commoner-boots",
                            "uv": [
                                1,
                                20,
                                1.5,
                                21.5
                            ]
                        },
                        "south": {
                            "texture": "#commoner-boots",
                            "uv": [
                                5,
                                0,
                                9,
                                1.5
                            ]
                        },
                        "west": {
                            "texture": "#commoner-boots",
                            "uv": [
                                4.5,
                                20,
                                5,
                                21.5
                            ]
                        },
                        "up": {
                            "texture": "#commoner-boots",
                            "uv": [
                                1,
                                19.5,
                                5,
                                20
                            ],
                            "rotation": 180
                        }
                    }
                },
                {
                    "name": "S fold 1",
                    "from": [
                        0,
                        6.5,
                        3
                    ],
                    "to": [
                        4.2,
                        8,
                        3.2
                    ],
                    "unwrapMode": 3,
                    "autoUnwrap": false,
                    "uv": [
                        7.5,
                        19.5
                    ],
                    "rotationOrigin": [
                        0,
                        6.5,
                        3
                    ],
                    "rotationX": 4,
                    "faces": {
                        "north": {
                            "texture": "#commoner-boots",
                            "uv": [
                                5,
                                2,
                                9,
                                3.5
                            ]
                        },
                        "east": {
                            "texture": "#commoner-boots",
                            "uv": [
                                11.5,
                                20,
                                12,
                                21.5
                            ]
                        },
                        "south": {
                            "texture": "#commoner-boots",
                            "uv": [
                                8,
                                20,
                                12,
                                21.5
                            ]
                        },
                        "west": {
                            "texture": "#commoner-boots",
                            "uv": [
                                8,
                                20,
                                8.5,
                                21.5
                            ]
                        },
                        "up": {
                            "texture": "#commoner-boots",
                            "uv": [
                                8,
                                19.5,
                                12,
                                20
                            ]
                        }
                    }
                },
                {
                    "name": "back fold 1",
                    "from": [
                        4,
                        6.5,
                        0
                    ],
                    "to": [
                        4.2,
                        8,
                        3.2
                    ],
                    "unwrapMode": 4,
                    "autoUnwrap": false,
                    "uv": [
                        11.5,
                        19.5
                    ],
                    "rotationOrigin": [
                        4,
                        6.5,
                        0
                    ],
                    "rotationZ": -4,
                    "faces": {
                        "north": {
                            "texture": "#commoner-boots",
                            "uv": [
                                12,
                                20,
                                12.5,
                                21.5
                            ]
                        },
                        "east": {
                            "texture": "#commoner-boots",
                            "uv": [
                                12,
                                20,
                                15,
                                21.5
                            ],
                            "autoUv": false,
                            "windMode": [
                                -1,
                                -1,
                                -1,
                                -1
                            ]
                        },
                        "south": {
                            "texture": "#commoner-boots",
                            "uv": [
                                14.5,
                                20,
                                15,
                                21.5
                            ]
                        },
                        "west": {
                            "texture": "#commoner-boots",
                            "uv": [
                                12,
                                20,
                                15,
                                21.5
                            ],
                            "windMode": [
                                -1,
                                -1,
                                -1,
                                -1
                            ]
                        },
                        "up": {
                            "texture": "#commoner-boots",
                            "uv": [
                                12,
                                19.5,
                                15,
                                20
                            ],
                            "rotation": 90
                        }
                    }
                },
                {
                    "name": "front fold 1",
                    "from": [
                        0,
                        6.5,
                        0
                    ],
                    "to": [
                        0.2,
                        8,
                        3.2
                    ],
                    "unwrapMode": 4,
                    "autoUnwrap": false,
                    "uv": [
                        4.5,
                        19.5
                    ],
                    "rotationOrigin": [
                        0.2,
                        6.5,
                        0
                    ],
                    "rotationZ": 4,
                    "faces": {
                        "north": {
                            "texture": "#commoner-boots",
                            "uv": [
                                5,
                                20,
                                5.5,
                                21.5
                            ]
                        },
                        "east": {
                            "texture": "#commoner-boots",
                            "uv": [
                                5,
                                1,
                                8,
                                2.5
                            ]
                        },
                        "south": {
                            "texture": "#commoner-boots",
                            "uv": [
                                7.5,
                                20,
                                8,
                                21.5
                            ]
                        },
                        "west": {
                            "texture": "#commoner-boots",
                            "uv": [
                                5,
                                20,
                                8,
                                21.5
                            ]
                        },
                        "up": {
                            "texture": "#commoner-boots",
                            "uv": [
                                5,
                                19.5,
                                8,
                                20
                            ],
                            "rotation": 90
                        }
                    }
                }
            ]
        },
        {
            "name": "shoe L",
            "stepParentName": "PawL",
            "from": [
                -0.1,
                -0.1,
                -0.1
            ],
            "to": [
                4.1,
                6.4,
                3.1
            ],
            "unwrapMode": 4,
            "autoUnwrap": false,
            "uv": [
                1,
                7.5
            ],
            "rotationOrigin": [
                -0.1,
                -0.1,
                -0.1
            ],
            "faces": {
                "north": {
                    "texture": "#commoner-boots",
                    "uv": [
                        1,
                        11.5,
                        5,
                        18
                    ]
                },
                "east": {
                    "texture": "#commoner-boots",
                    "uv": [
                        12,
                        11.5,
                        15,
                        18
                    ]
                },
                "south": {
                    "texture": "#commoner-boots",
                    "uv": [
                        8,
                        11.5,
                        12,
                        18
                    ]
                },
                "west": {
                    "texture": "#commoner-boots",
                    "uv": [
                        5,
                        11.5,
                        8,
                        18
                    ]
                },
                "up": {
                    "texture": "#commoner-boots",
                    "uv": [
                        13,
                        0,
                        16,
                        4
                    ],
                    "rotation": 90
                },
                "down": {
                    "texture": "#commoner-boots",
                    "uv": [
                        4,
                        4,
                        7,
                        8
                    ],
                    "rotation": 90
                }
            },
            "children": [
                {
                    "name": "N fold 2",
                    "from": [
                        0,
                        6.5,
                        0
                    ],
                    "to": [
                        4.2,
                        8,
                        0.2
                    ],
                    "unwrapMode": 1,
                    "autoUnwrap": false,
                    "uv": [
                        0.5,
                        9.5
                    ],
                    "rotationOrigin": [
                        0,
                        6.5,
                        0.2
                    ],
                    "rotationX": -4,
                    "faces": {
                        "north": {
                            "texture": "#commoner-boots",
                            "uv": [
                                1,
                                10,
                                5,
                                11.5
                            ]
                        },
                        "east": {
                            "texture": "#commoner-boots",
                            "uv": [
                                1,
                                10,
                                1.5,
                                11.5
                            ]
                        },
                        "south": {
                            "texture": "#commoner-boots",
                            "uv": [
                                0,
                                0,
                                4,
                                1.5
                            ]
                        },
                        "west": {
                            "texture": "#commoner-boots",
                            "uv": [
                                4.5,
                                10,
                                5,
                                11.5
                            ]
                        },
                        "up": {
                            "texture": "#commoner-boots",
                            "uv": [
                                1,
                                9.5,
                                5,
                                10
                            ],
                            "rotation": 180
                        }
                    }
                },
                {
                    "name": "S fold 2",
                    "from": [
                        0,
                        6.5,
                        3
                    ],
                    "to": [
                        4.2,
                        8,
                        3.2
                    ],
                    "unwrapMode": 3,
                    "autoUnwrap": false,
                    "uv": [
                        7.5,
                        9.5
                    ],
                    "rotationOrigin": [
                        0,
                        6.5,
                        3
                    ],
                    "rotationX": 4,
                    "faces": {
                        "north": {
                            "texture": "#commoner-boots",
                            "uv": [
                                0,
                                2,
                                4,
                                3.5
                            ]
                        },
                        "east": {
                            "texture": "#commoner-boots",
                            "uv": [
                                11.5,
                                10,
                                12,
                                11.5
                            ]
                        },
                        "south": {
                            "texture": "#commoner-boots",
                            "uv": [
                                8,
                                10,
                                12,
                                11.5
                            ]
                        },
                        "west": {
                            "texture": "#commoner-boots",
                            "uv": [
                                8,
                                10,
                                8.5,
                                11.5
                            ]
                        },
                        "up": {
                            "texture": "#commoner-boots",
                            "uv": [
                                8,
                                9.5,
                                12,
                                10
                            ]
                        }
                    }
                },
                {
                    "name": "back fold 2",
                    "from": [
                        4,
                        6.5,
                        0
                    ],
                    "to": [
                        4.2,
                        8,
                        3.2
                    ],
                    "unwrapMode": 2,
                    "autoUnwrap": false,
                    "uv": [
                        11.5,
                        9.5
                    ],
                    "rotationOrigin": [
                        4,
                        6.5,
                        0
                    ],
                    "rotationZ": -4,
                    "faces": {
                        "north": {
                            "texture": "#commoner-boots",
                            "uv": [
                                14.5,
                                10,
                                15,
                                11.5
                            ]
                        },
                        "east": {
                            "texture": "#commoner-boots",
                            "uv": [
                                12,
                                10,
                                15,
                                11.5
                            ],
                            "windMode": [
                                -1,
                                -1,
                                -1,
                                -1
                            ]
                        },
                        "south": {
                            "texture": "#commoner-boots",
                            "uv": [
                                12,
                                10,
                                12.5,
                                11.5
                            ]
                        },
                        "west": {
                            "texture": "#commoner-boots",
                            "uv": [
                                1,
                                2.5,
                                4,
                                4
                            ]
                        },
                        "up": {
                            "texture": "#commoner-boots",
                            "uv": [
                                12,
                                9.5,
                                15,
                                10
                            ],
                            "rotation": 270
                        }
                    }
                },
                {
                    "name": "front fold 2",
                    "from": [
                        0,
                        6.5,
                        0
                    ],
                    "to": [
                        0.2,
                        8,
                        3.2
                    ],
                    "unwrapMode": 4,
                    "autoUnwrap": false,
                    "uv": [
                        4.5,
                        9.5
                    ],
                    "rotationOrigin": [
                        0.2,
                        6.5,
                        0
                    ],
                    "rotationZ": 4,
                    "faces": {
                        "north": {
                            "texture": "#commoner-boots",
                            "uv": [
                                5,
                                10,
                                5.5,
                                11.5
                            ]
                        },
                        "east": {
                            "texture": "#commoner-boots",
                            "uv": [
                                0,
                                1,
                                3,
                                2.5
                            ]
                        },
                        "south": {
                            "texture": "#commoner-boots",
                            "uv": [
                                7.5,
                                10,
                                8,
                                11.5
                            ]
                        },
                        "west": {
                            "texture": "#commoner-boots",
                            "uv": [
                                5,
                                10,
                                8,
                                11.5
                            ]
                        },
                        "up": {
                            "texture": "#commoner-boots",
                            "uv": [
                                5,
                                9.5,
                                8,
                                10
                            ],
                            "rotation": 90
                        }
                    }
                }
            ]
        }
    ],
    "animations": [
        {
            "name": "Walk",
            "code": "walk",
            "quantityframes": 25,
            "onActivityStopped": "Rewind",
            "onAnimationEnd": "Repeat",
            "keyframes": []
        }
    ]
}