{
	"enabled": true,
	code: "meteorite",
	"__comment": "BlockMeteorite contains code to spawn meteorite craters",
	behaviors: [{name: "BreakIfFloating"}],
	class: "BlockFantasyMeteorite",
	variantgroups: [ { code: "core", states: ["aithril"] }, ],
	creativeinventory: { "general": ["*"], "terrain": ["*"], "swordz": ["*"] },
	shape: { base: "game:block/basic/cube" },
	drawtype: "cube",
	blockmaterial: "Stone",
	
	textures: {	all: { base: "block/stone/rock/meteorite-{core}*" }, },
	
	replaceable: 600,
	resistance: 60,
	storageFlags: 5,
	heldTpIdleAnimation: "holdbothhandslarge", heldTpUseAnimation: "twohandplaceblock",
	requiredMiningTier: 9,
	sounds: {
		walk: "game:walk/stone",
		byTool: { "Pickaxe": { hit: "game:block/meteoriciron-hit-pickaxe", break: "game:block/rock-break-pickaxe" } } },
	drops: [ { type: "item", code: "swordz:stone-meteorite-aithril",  quantity: { avg: 1.5, var: 0 }  } ],
	tpHandTransform: {
		translation: { x: -1.23, y: -0.91, z: -0.8 },
		rotation: { x: -2, y: 25, z: -78 },
		scale: 0.4
	}
}