{
	"editor": {
		"allAngles": false,
		"entityTextureMode": false
	},
	"textureWidth": 16,
	"textureHeight": 16,
	"elements": [
		{
			"name": "content",
			"from": [ 6.7, 0.21, 6.7 ], 
			"to": [ 9.3, 3.81, 9.3 ], 
			"renderPass": 4,
			"rotationOrigin": [ 6.7, 0.2, 6.7 ],
			"faces": {
				"north": { "texture": "#content", "uv": [ 1.0, 2.0, 3.5, 5.5 ], "rotation": 180 },
				"east": { "texture": "#content", "uv": [ 1.5, 2.0, 5.0, 4.5 ], "rotation": 90 },
				"south": { "texture": "#content", "uv": [ 9.0, 2.5, 11.5, 6.0 ] },
				"west": { "texture": "#content", "uv": [ 10.5, 6.0, 14.0, 8.5 ], "rotation": 270 },
				"up": { "texture": "#content", "uv": [ 13.0, 4.5, 15.5, 7.0 ] },
				"down": { "texture": "#content", "uv": [ 7.0, 11.0, 9.5, 13.5 ] }
			}
		}
	]}