{
	"editor": {
		"backDropShape": "entity/humanoid/kobold",
		"collapsedPaths": "Root/bandN/toothR1,Root/bandN/toothL1",
		"allAngles": true,
		"entityTextureMode": true
	},
	"textureWidth": 16,
	"textureHeight": 16,
	"textureSizes": {
		"pendants2": [16,16]
	},
	"textures": {
		"fire-red": "block/fire-red",
		"emblems1": "entity/humanoid/seraphclothes/emblem/emblems1"
	},
	"elements": [
		{
			"name": "origin",
			"stepParentName": "UpperTorso",
			"from": [ 2.2, 4.6, 2.9 ],
			"to": [ 2.2, 4.6, 2.9 ],
			"uv": [ 999.0, 999.0 ],
			"rotationOrigin": [ 2.2, 4.6, 2.9 ],
			"faces": {
			},
			"children": [
				{
					"name": "pendant",
					"from": [ -2.6, -2.6, -0.3 ],
					"to": [ -2.1, -1.6, 0.7 ],
					"unwrapMode": 4,
					"uv": [ 8.0, 10.5 ],
					"rotationOrigin": [ -2.6, -2.6, -0.3 ],
					"rotationZ": 1.0,
					"faces": {
						"north": { "texture": "#fire-red", "uv": [ 8.0, 11.0, 8.5, 12.0 ] },
						"east": { "texture": "#fire-red", "uv": [ 10.0, 11.0, 11.0, 12.0 ] },
						"south": { "texture": "#fire-red", "uv": [ 9.5, 11.0, 10.0, 12.0 ] },
						"west": { "texture": "#fire-red", "uv": [ 8.5, 11.0, 9.5, 12.0 ] },
						"up": { "texture": "#fire-red", "uv": [ 8.5, 10.5, 9.5, 11.0 ], "rotation": 90 },
						"down": { "texture": "#fire-red", "uv": [ 8.5, 12.0, 9.5, 12.5 ], "rotation": 90 }
					},
					"children": [
						{
							"name": "Cube11",
							"from": [ 0.1, 1.0, 0.0 ],
							"to": [ 0.6, 1.5, 1.0 ],
							"unwrapMode": 4,
							"uv": [ 0.0, 5.5 ],
							"rotationOrigin": [ 0.1, 1.0, 0.0 ],
							"rotationZ": -13.0,
							"faces": {
								"north": { "texture": "#emblems1", "uv": [ 0.0, 6.0, 0.5, 6.5 ] },
								"east": { "texture": "#emblems1", "uv": [ 2.0, 6.0, 3.0, 6.5 ] },
								"south": { "texture": "#emblems1", "uv": [ 1.5, 6.0, 2.0, 6.5 ] },
								"west": { "texture": "#emblems1", "uv": [ 0.5, 6.0, 1.5, 6.5 ] },
								"up": { "texture": "#emblems1", "uv": [ 0.5, 5.5, 1.5, 6.0 ], "rotation": 90 }
							}
						},
						{
							"name": "Cube12",
							"from": [ 0.1, -0.5, 0.0 ],
							"to": [ 0.6, 0.0, 1.0 ],
							"unwrapMode": 4,
							"uv": [ 0.0, 3.0 ],
							"rotationOrigin": [ 0.1, 0.0, 0.0 ],
							"rotationZ": 10.0,
							"faces": {
								"north": { "texture": "#emblems1", "uv": [ 0.0, 3.0, 0.5, 3.5 ] },
								"east": { "texture": "#emblems1", "uv": [ 2.0, 3.0, 3.0, 3.5 ] },
								"south": { "texture": "#emblems1", "uv": [ 1.5, 3.0, 2.0, 3.5 ] },
								"west": { "texture": "#emblems1", "uv": [ 0.5, 3.0, 1.5, 3.5 ] },
								"down": { "texture": "#emblems1", "uv": [ 0.5, 3.5, 1.5, 4.0 ], "rotation": 90 }
							}
						},
						{
							"name": "Cube13",
							"from": [ 0.1, 0.5, -0.5 ],
							"to": [ 0.6, 1.0, 0.0 ],
							"unwrapMode": 4,
							"uv": [ 0.0, 4.0 ],
							"rotationOrigin": [ 0.1, 0.5, 0.0 ],
							"rotationY": -10.0,
							"faces": {
								"north": { "texture": "#emblems1", "uv": [ 0.0, 4.5, 0.5, 5.0 ] },
								"east": { "texture": "#emblems1", "uv": [ 1.0, 4.5, 1.5, 5.0 ] },
								"west": { "texture": "#emblems1", "uv": [ 0.5, 4.5, 1.0, 5.0 ] },
								"up": { "texture": "#emblems1", "uv": [ 0.5, 4.0, 1.0, 4.5 ], "rotation": 90 },
								"down": { "texture": "#emblems1", "uv": [ 0.5, 5.0, 1.0, 5.5 ], "rotation": 90 }
							}
						},
						{
							"name": "Cube14",
							"from": [ 0.1, 0.5, 1.0 ],
							"to": [ 0.6, 1.0, 1.5 ],
							"unwrapMode": 4,
							"uv": [ 2.0, 3.0 ],
							"rotationOrigin": [ 0.1, 0.5, 1.0 ],
							"rotationY": 10.0,
							"faces": {
								"north": { "texture": "#emblems1", "uv": [ 2.0, 3.5, 2.5, 4.0 ] },
								"east": { "texture": "#emblems1", "uv": [ 3.5, 3.5, 4.0, 4.0 ] },
								"south": { "texture": "#emblems1", "uv": [ 3.0, 3.5, 3.5, 4.0 ] },
								"west": { "texture": "#emblems1", "uv": [ 2.5, 3.5, 3.0, 4.0 ] },
								"up": { "texture": "#emblems1", "uv": [ 2.5, 3.0, 3.0, 3.5 ], "rotation": 90 },
								"down": { "texture": "#emblems1", "uv": [ 2.5, 4.0, 3.0, 4.5 ], "rotation": 90 }
							}
						}
					]
				},
				{
					"name": "pendant7",
					"from": [ -2.6, -4.5, -0.3 ],
					"to": [ -2.1, -3.5, 0.7 ],
					"unwrapMode": 4,
					"uv": [ 3.0, 7.5 ],
					"rotationOrigin": [ -2.6, -3.5, -0.3 ],
					"rotationZ": -1.0,
					"faces": {
						"north": { "texture": "#fire-red", "uv": [ 3.0, 8.0, 3.5, 9.0 ] },
						"east": { "texture": "#fire-red", "uv": [ 5.0, 8.0, 6.0, 9.0 ] },
						"south": { "texture": "#fire-red", "uv": [ 4.5, 8.0, 5.0, 9.0 ] },
						"west": { "texture": "#fire-red", "uv": [ 3.5, 8.0, 4.5, 9.0 ] },
						"up": { "texture": "#fire-red", "uv": [ 3.5, 7.5, 4.5, 8.0 ], "rotation": 90 },
						"down": { "texture": "#fire-red", "uv": [ 3.5, 9.0, 4.5, 9.5 ], "rotation": 90 }
					},
					"children": [
						{
							"name": "Cube8",
							"from": [ 0.1, 1.0, 0.0 ],
							"to": [ 0.6, 1.5, 1.0 ],
							"unwrapMode": 4,
							"uv": [ 1.0, 6.0 ],
							"rotationOrigin": [ 0.1, 1.0, 0.0 ],
							"rotationZ": -10.0,
							"faces": {
								"north": { "texture": "#emblems1", "uv": [ 1.0, 6.5, 1.5, 7.0 ] },
								"east": { "texture": "#emblems1", "uv": [ 3.0, 6.5, 4.0, 7.0 ] },
								"south": { "texture": "#emblems1", "uv": [ 2.5, 6.5, 3.0, 7.0 ] },
								"west": { "texture": "#emblems1", "uv": [ 1.5, 6.5, 2.5, 7.0 ] },
								"up": { "texture": "#emblems1", "uv": [ 1.5, 6.0, 2.5, 6.5 ], "rotation": 90 }
							}
						},
						{
							"name": "Cube9",
							"from": [ 0.1, -0.5, 0.0 ],
							"to": [ 0.6, 0.0, 1.0 ],
							"unwrapMode": 4,
							"unwrapRotation": 1,
							"uv": [ 1.0, 3.5 ],
							"rotationOrigin": [ 0.1, 0.0, 0.0 ],
							"rotationZ": 13.0,
							"faces": {
								"north": { "texture": "#emblems1", "uv": [ 1.0, 5.0, 1.5, 5.5 ], "rotation": 90 },
								"east": { "texture": "#emblems1", "uv": [ 2.0, 4.0, 2.5, 5.0 ], "rotation": 270 },
								"south": { "texture": "#emblems1", "uv": [ 1.0, 3.5, 1.5, 4.0 ], "rotation": 90 },
								"west": { "texture": "#emblems1", "uv": [ 1.0, 4.0, 1.5, 5.0 ], "rotation": 90 },
								"down": { "texture": "#emblems1", "uv": [ 1.5, 4.0, 2.0, 5.0 ], "rotation": 180 }
							}
						},
						{
							"name": "Cube10",
							"from": [ 0.1, 0.0, -0.5 ],
							"to": [ 0.6, 0.5, 0.0 ],
							"unwrapMode": 4,
							"uv": [ 2.5, 4.0 ],
							"rotationOrigin": [ 0.1, 0.0, 0.0 ],
							"rotationY": -10.0,
							"faces": {
								"north": { "texture": "#emblems1", "uv": [ 2.5, 4.5, 3.0, 5.0 ] },
								"east": { "texture": "#emblems1", "uv": [ 3.5, 4.5, 4.0, 5.0 ] },
								"west": { "texture": "#emblems1", "uv": [ 3.0, 4.5, 3.5, 5.0 ] },
								"up": { "texture": "#emblems1", "uv": [ 3.0, 4.0, 3.5, 4.5 ], "rotation": 90 },
								"down": { "texture": "#emblems1", "uv": [ 3.0, 5.0, 3.5, 5.5 ], "rotation": 90 }
							}
						},
						{
							"name": "Cube15",
							"from": [ 0.1, 0.0, 1.0 ],
							"to": [ 0.6, 0.5, 1.5 ],
							"unwrapMode": 4,
							"uv": [ 2.0, 5.5 ],
							"rotationOrigin": [ 0.1, 0.0, 1.0 ],
							"rotationY": 10.0,
							"faces": {
								"north": { "texture": "#emblems1", "uv": [ 2.0, 6.0, 2.5, 6.5 ] },
								"east": { "texture": "#emblems1", "uv": [ 3.5, 6.0, 4.0, 6.5 ] },
								"south": { "texture": "#emblems1", "uv": [ 3.0, 6.0, 3.5, 6.5 ] },
								"west": { "texture": "#emblems1", "uv": [ 2.5, 6.0, 3.0, 6.5 ] },
								"up": { "texture": "#emblems1", "uv": [ 2.5, 5.5, 3.0, 6.0 ], "rotation": 90 },
								"down": { "texture": "#emblems1", "uv": [ 2.5, 6.5, 3.0, 7.0 ], "rotation": 90 }
							}
						}
					]
				},
				{
					"name": "pendant12",
					"from": [ -2.6, -3.6, -1.3 ],
					"to": [ -2.1, -2.6, -0.3 ],
					"unwrapMode": 4,
					"uv": [ 0.5, 8.0 ],
					"rotationOrigin": [ -2.6, -3.6, -0.3 ],
					"rotationY": -4.0,
					"rotationZ": 1.0,
					"faces": {
						"north": { "texture": "#fire-red", "uv": [ 0.5, 8.5, 1.0, 9.5 ] },
						"east": { "texture": "#fire-red", "uv": [ 2.5, 8.5, 3.5, 9.5 ] },
						"south": { "texture": "#fire-red", "uv": [ 2.0, 8.5, 2.5, 9.5 ] },
						"west": { "texture": "#fire-red", "uv": [ 1.0, 8.5, 2.0, 9.5 ] },
						"up": { "texture": "#fire-red", "uv": [ 1.0, 8.0, 2.0, 8.5 ], "rotation": 90 },
						"down": { "texture": "#fire-red", "uv": [ 1.0, 9.5, 2.0, 10.0 ], "rotation": 90 }
					},
					"children": [
						{
							"name": "Cube16",
							"from": [ 0.1, 1.0, 0.0 ],
							"to": [ 0.6, 1.5, 1.0 ],
							"unwrapMode": 4,
							"unwrapRotation": 1,
							"uv": [ 1.5, 5.0 ],
							"rotationOrigin": [ 0.1, 1.0, 0.0 ],
							"rotationZ": -10.0,
							"faces": {
								"north": { "texture": "#emblems1", "uv": [ 2.0, 6.5, 2.5, 7.0 ], "rotation": 90 },
								"east": { "texture": "#emblems1", "uv": [ 2.5, 5.5, 3.0, 6.5 ], "rotation": 270 },
								"south": { "texture": "#emblems1", "uv": [ 2.0, 5.0, 2.5, 5.5 ], "rotation": 90 },
								"west": { "texture": "#emblems1", "uv": [ 2.0, 5.5, 2.5, 6.5 ], "rotation": 90 },
								"up": { "texture": "#emblems1", "uv": [ 1.5, 5.5, 2.0, 6.5 ], "rotation": 180 }
							}
						},
						{
							"name": "Cube16",
							"from": [ 0.1, -0.5, 0.0 ],
							"to": [ 0.6, 0.0, 1.0 ],
							"unwrapMode": 4,
							"uv": [ 0.0, 5.0 ],
							"rotationOrigin": [ 0.1, 0.0, 0.0 ],
							"rotationZ": 10.0,
							"faces": {
								"north": { "texture": "#emblems1", "uv": [ 0.0, 5.0, 0.5, 5.5 ] },
								"east": { "texture": "#emblems1", "uv": [ 2.0, 5.0, 3.0, 5.5 ] },
								"south": { "texture": "#emblems1", "uv": [ 1.5, 5.0, 2.0, 5.5 ] },
								"west": { "texture": "#emblems1", "uv": [ 0.5, 5.0, 1.5, 5.5 ] },
								"down": { "texture": "#emblems1", "uv": [ 0.5, 5.5, 1.5, 6.0 ], "rotation": 90 }
							}
						},
						{
							"name": "Cube16",
							"from": [ 0.1, 0.0, -0.5 ],
							"to": [ 0.6, 1.0, 0.0 ],
							"unwrapMode": 4,
							"uv": [ 0.5, 4.0 ],
							"rotationOrigin": [ 0.1, 0.0, 0.0 ],
							"rotationY": -13.0,
							"faces": {
								"north": { "texture": "#emblems1", "uv": [ 0.5, 4.5, 1.0, 5.5 ] },
								"east": { "texture": "#emblems1", "uv": [ 1.5, 4.5, 2.0, 5.5 ] },
								"west": { "texture": "#emblems1", "uv": [ 1.0, 4.5, 1.5, 5.5 ] },
								"up": { "texture": "#emblems1", "uv": [ 1.0, 4.0, 1.5, 4.5 ], "rotation": 90 },
								"down": { "texture": "#emblems1", "uv": [ 1.0, 5.5, 1.5, 6.0 ], "rotation": 90 }
							}
						}
					]
				},
				{
					"name": "pendant17",
					"from": [ -2.6, -3.6, 0.7 ],
					"to": [ -2.1, -2.6, 1.7 ],
					"unwrapMode": 4,
					"uv": [ 6.0, 6.0 ],
					"rotationOrigin": [ -2.6, -3.6, 0.7 ],
					"rotationY": 4.0,
					"rotationZ": 1.0,
					"faces": {
						"north": { "texture": "#fire-red", "uv": [ 6.0, 6.5, 6.5, 7.5 ] },
						"east": { "texture": "#fire-red", "uv": [ 8.0, 6.5, 9.0, 7.5 ] },
						"south": { "texture": "#fire-red", "uv": [ 7.5, 6.5, 8.0, 7.5 ] },
						"west": { "texture": "#fire-red", "uv": [ 6.5, 6.5, 7.5, 7.5 ] },
						"up": { "texture": "#fire-red", "uv": [ 6.5, 6.0, 7.5, 6.5 ], "rotation": 90 },
						"down": { "texture": "#fire-red", "uv": [ 6.5, 7.5, 7.5, 8.0 ], "rotation": 90 }
					},
					"children": [
						{
							"name": "Cube18",
							"from": [ 0.1, 1.0, 0.0 ],
							"to": [ 0.6, 1.5, 1.0 ],
							"unwrapMode": 4,
							"unwrapRotation": 1,
							"uv": [ 0.0, 3.0 ],
							"rotationOrigin": [ 0.1, 1.0, 0.0 ],
							"rotationZ": -8.0,
							"faces": {
								"north": { "texture": "#emblems1", "uv": [ 0.5, 4.5, 1.0, 5.0 ], "rotation": 90 },
								"east": { "texture": "#emblems1", "uv": [ 1.0, 3.5, 1.5, 4.5 ], "rotation": 270 },
								"south": { "texture": "#emblems1", "uv": [ 0.5, 3.0, 1.0, 3.5 ], "rotation": 90 },
								"west": { "texture": "#emblems1", "uv": [ 0.5, 3.5, 1.0, 4.5 ], "rotation": 90 },
								"up": { "texture": "#emblems1", "uv": [ 0.0, 3.5, 0.5, 4.5 ], "rotation": 180 }
							}
						},
						{
							"name": "Cube19",
							"from": [ 0.1, -0.5, 0.0 ],
							"to": [ 0.6, 0.0, 1.0 ],
							"unwrapMode": 4,
							"uv": [ 1.0, 4.0 ],
							"rotationOrigin": [ 0.1, 0.0, 0.0 ],
							"rotationZ": 10.0,
							"faces": {
								"north": { "texture": "#emblems1", "uv": [ 1.0, 4.0, 1.5, 4.5 ] },
								"east": { "texture": "#emblems1", "uv": [ 3.0, 4.0, 4.0, 4.5 ] },
								"south": { "texture": "#emblems1", "uv": [ 2.5, 4.0, 3.0, 4.5 ] },
								"west": { "texture": "#emblems1", "uv": [ 1.5, 4.0, 2.5, 4.5 ] },
								"down": { "texture": "#emblems1", "uv": [ 1.5, 4.5, 2.5, 5.0 ], "rotation": 90 }
							}
						},
						{
							"name": "Cube21",
							"from": [ 0.1, 0.0, 1.0 ],
							"to": [ 0.6, 1.0, 1.5 ],
							"unwrapMode": 4,
							"uv": [ 2.0, 4.5 ],
							"rotationOrigin": [ 0.1, 0.0, 1.0 ],
							"rotationY": 13.0,
							"faces": {
								"north": { "texture": "#emblems1", "uv": [ 2.0, 5.0, 2.5, 6.0 ] },
								"east": { "texture": "#emblems1", "uv": [ 3.5, 5.0, 4.0, 6.0 ] },
								"south": { "texture": "#emblems1", "uv": [ 3.0, 5.0, 3.5, 6.0 ] },
								"west": { "texture": "#emblems1", "uv": [ 2.5, 5.0, 3.0, 6.0 ] },
								"up": { "texture": "#emblems1", "uv": [ 2.5, 4.5, 3.0, 5.0 ], "rotation": 90 },
								"down": { "texture": "#emblems1", "uv": [ 2.5, 6.0, 3.0, 6.5 ], "rotation": 90 }
							}
						}
					]
				}
			]
		}
	]}