{
	"editor": {
		"backDropShape": "entity/humanoid/kobold",
		"allAngles": false,
		"entityTextureMode": false
	},
	"textureWidth": 8,
	"textureHeight": 8,
	"textureSizes": {
		"gold": [8,8],
		"garnet": [4,4],
		"lapislazuli": [4,4],
		"aquamarine": [4,4]
	},
	"textures": {
		"aquamarine": "entity/humanoid/seraphclothes/neck/gem/aquamarine",
		"garnet": "entity/humanoid/seraphclothes/neck/gem/garnet",
		"lapislazuli": "entity/humanoid/seraphclothes/neck/gem/lapislazuli",
		"malachite": "entity/humanoid/seraphclothes/neck/gem/malachite",
		"gold": "entity/humanoid/seraphclothes/neck/metal/gold"
	},
	"elements": [
		{
			"name": "hideme",
			"stepParentName": "UpperTorso",
			"from": [ 0.0, 3.0, 3.2 ],
			"to": [ 0.0, 3.0, 3.2 ],
			"rotationOrigin": [ 0.0, 3.0, 3.2 ],
			"faces": {
			},
			"children": [
				{
					"name": "body",
					"from": [ -0.3, -1.0, -0.4 ],
					"to": [ -0.1, 0.0, 0.4 ],
					"rotationOrigin": [ -0.1, 0.0, 0.0 ],
					"rotationZ": -3.0,
					"faces": {
						"north": { "texture": "#gold", "uv": [ 4.0, 4.0, 4.5, 5.0 ] },
						"east": { "texture": "#gold", "uv": [ 5.5, 4.5, 6.0, 5.5 ] },
						"south": { "texture": "#gold", "uv": [ 6.0, 0.0, 6.5, 1.0 ] },
						"west": { "texture": "#gold", "uv": [ 0.0, 1.0, 0.5, 2.0 ] },
						"up": { "texture": "#gold", "uv": [ 6.5, 6.0, 7.0, 6.5 ] },
						"down": { "texture": "#gold", "uv": [ 0.0, 1.0, 0.5, 1.5 ] }
					},
					"children": [
						{
							"name": "tail1",
							"from": [ 0.05, -0.9, 0.2 ],
							"to": [ 0.15, 0.1, 0.6 ],
							"rotationOrigin": [ 0.05, 0.0, 0.4 ],
							"rotationX": 15.0,
							"rotationZ": -10.0,
							"faces": {
								"north": { "texture": "#gold", "uv": [ 5.5, 0.5, 6.0, 1.5 ] },
								"east": { "texture": "#gold", "uv": [ 0.5, 6.0, 1.0, 7.0 ] },
								"south": { "texture": "#gold", "uv": [ 6.5, 4.0, 7.0, 5.0 ] },
								"west": { "texture": "#gold", "uv": [ 5.5, 2.5, 6.0, 3.5 ] },
								"down": { "texture": "#gold", "uv": [ 1.0, 5.5, 1.5, 6.0 ] }
							},
							"children": [
								{
									"name": "gemR3",
									"from": [ 0.0, 0.1, 0.05 ],
									"to": [ 0.0, 0.8, 0.25 ],
									"rotationOrigin": [ 0.0, 0.8, 0.15 ],
									"rotationZ": -5.0,
									"faces": {
										"west": { "texture": "#lapislazuli", "uv": [ 2.0, 0.0, 2.5, 0.5 ] }
									}
								}
							]
						},
						{
							"name": "tail3",
							"from": [ 0.05, -1.0, 0.2 ],
							"to": [ 0.15, 0.0, 0.6 ],
							"rotationOrigin": [ 0.05, 0.0, 0.4 ],
							"rotationZ": -10.0,
							"faces": {
								"north": { "texture": "#gold", "uv": [ 2.0, 1.0, 2.5, 2.0 ] },
								"east": { "texture": "#gold", "uv": [ 0.5, 1.5, 1.0, 2.5 ] },
								"south": { "texture": "#gold", "uv": [ 3.5, 5.0, 4.0, 6.0 ] },
								"west": { "texture": "#gold", "uv": [ 6.5, 2.5, 7.0, 3.5 ] },
								"down": { "texture": "#gold", "uv": [ 7.0, 1.0, 7.5, 1.5 ] }
							},
							"children": [
								{
									"name": "gem1",
									"from": [ -0.05, 0.1, 0.1 ],
									"to": [ 0.05, 0.3, 0.3 ],
									"rotationOrigin": [ 0.0, 0.2, 0.2 ],
									"rotationX": 45.0,
									"faces": {
										"north": { "texture": "#aquamarine", "uv": [ 0.5, 1.0, 1.0, 1.5 ] },
										"south": { "texture": "#aquamarine", "uv": [ 2.0, 2.5, 2.5, 3.0 ] },
										"west": { "texture": "#aquamarine", "uv": [ 0.0, 0.5, 0.5, 1.0 ] },
										"up": { "texture": "#aquamarine", "uv": [ 0.5, 1.5, 1.0, 2.0 ] },
										"down": { "texture": "#aquamarine", "uv": [ 0.0, 2.5, 0.5, 3.0 ] }
									}
								}
							]
						},
						{
							"name": "thighR",
							"from": [ 0.05, -0.1, 0.0 ],
							"to": [ 0.25, 0.5, 0.4 ],
							"rotationOrigin": [ 0.05, 0.5, 0.0 ],
							"rotationX": 20.0,
							"faces": {
								"north": { "texture": "#gold", "uv": [ 1.0, 3.5, 1.5, 4.0 ] },
								"east": { "texture": "#gold", "uv": [ 4.5, 6.5, 5.0, 7.0 ] },
								"south": { "texture": "#gold", "uv": [ 4.0, 3.0, 4.5, 3.5 ] },
								"west": { "texture": "#gold", "uv": [ 6.5, 1.0, 7.0, 1.5 ] },
								"down": { "texture": "#gold", "uv": [ 7.0, 2.0, 7.5, 2.5 ] }
							},
							"children": [
								{
									"name": "legR",
									"from": [ 0.05, -0.6, 0.0 ],
									"to": [ 0.15, 0.0, 0.2 ],
									"rotationOrigin": [ 0.05, 0.0, 0.2 ],
									"rotationX": 15.0,
									"faces": {
										"north": { "texture": "#gold", "uv": [ 0.5, 0.0, 1.0, 0.5 ] },
										"east": { "texture": "#gold", "uv": [ 5.5, 5.5, 6.0, 6.0 ] },
										"south": { "texture": "#gold", "uv": [ 7.0, 7.0, 7.5, 7.5 ] },
										"west": { "texture": "#gold", "uv": [ 0.5, 2.0, 1.0, 2.5 ] },
										"down": { "texture": "#gold", "uv": [ 6.0, 3.5, 6.5, 4.0 ] }
									},
									"children": [
										{
											"name": "talonR1",
											"from": [ 0.0, -0.1, -0.3 ],
											"to": [ 0.1, 0.0, 0.1 ],
											"rotationOrigin": [ 0.0, 0.0, 0.0 ],
											"rotationX": -45.0,
											"rotationY": 5.0,
											"faces": {
												"north": { "texture": "#gold", "uv": [ 7.0, 4.5, 7.5, 5.0 ] },
												"east": { "texture": "#gold", "uv": [ 5.5, 0.5, 6.0, 1.0 ] },
												"west": { "texture": "#gold", "uv": [ 2.0, 4.0, 2.5, 4.5 ] },
												"up": { "texture": "#gold", "uv": [ 7.0, 5.5, 7.5, 6.0 ] },
												"down": { "texture": "#gold", "uv": [ 4.0, 3.0, 4.5, 3.5 ] }
											}
										},
										{
											"name": "talonR2",
											"from": [ 0.0, -0.2, 0.1 ],
											"to": [ 0.1, 0.0, 0.2 ],
											"rotationOrigin": [ 0.0, 0.0, 0.1 ],
											"rotationX": -25.0,
											"rotationZ": -5.0,
											"faces": {
												"north": { "texture": "#gold", "uv": [ 0.0, 0.5, 0.5, 1.0 ] },
												"east": { "texture": "#gold", "uv": [ 3.0, 1.0, 3.5, 1.5 ] },
												"south": { "texture": "#gold", "uv": [ 5.0, 4.0, 5.5, 4.5 ] },
												"west": { "texture": "#gold", "uv": [ 2.5, 7.0, 3.0, 7.5 ] },
												"down": { "texture": "#gold", "uv": [ 6.0, 5.5, 6.5, 6.0 ] }
											}
										},
										{
											"name": "gemR1",
											"from": [ -0.1, -0.3, 0.0 ],
											"to": [ 0.1, -0.1, 0.2 ],
											"rotationOrigin": [ 0.0, -0.2, 0.1 ],
											"faces": {
												"north": { "texture": "#garnet", "uv": [ 1.5, 0.0, 2.0, 0.5 ] },
												"east": { "texture": "#garnet", "uv": [ 1.5, 2.0, 2.0, 2.5 ] },
												"south": { "texture": "#garnet", "uv": [ 1.0, 2.5, 1.5, 3.0 ] },
												"west": { "texture": "#garnet", "uv": [ 2.0, 0.0, 2.5, 0.5 ] },
												"up": { "texture": "#garnet", "uv": [ 1.5, 2.0, 2.0, 2.5 ] },
												"down": { "texture": "#garnet", "uv": [ 0.0, 3.0, 0.5, 3.5 ] }
											}
										}
									]
								}
							]
						},
						{
							"name": "tail2",
							"from": [ 0.05, -0.9, 0.2 ],
							"to": [ 0.15, 0.1, 0.6 ],
							"rotationOrigin": [ 0.05, 0.0, 0.4 ],
							"rotationX": -15.0,
							"rotationZ": -10.0,
							"faces": {
								"north": { "texture": "#gold", "uv": [ 3.5, 0.0, 4.0, 1.0 ] },
								"east": { "texture": "#gold", "uv": [ 3.5, 3.5, 4.0, 4.5 ] },
								"south": { "texture": "#gold", "uv": [ 1.5, 5.5, 2.0, 6.5 ] },
								"west": { "texture": "#gold", "uv": [ 4.5, 0.0, 5.0, 1.0 ] },
								"down": { "texture": "#gold", "uv": [ 2.5, 3.0, 3.0, 3.5 ] }
							},
							"children": [
								{
									"name": "gemL3",
									"from": [ 0.0, 0.1, 0.15 ],
									"to": [ 0.0, 0.8, 0.35 ],
									"rotationOrigin": [ 0.0, 0.8, 0.25 ],
									"rotationZ": -5.0,
									"faces": {
										"west": { "texture": "#lapislazuli", "uv": [ 0.5, 1.0, 1.0, 1.5 ] }
									}
								}
							]
						},
						{
							"name": "thighL",
							"from": [ 0.05, -0.1, 0.4 ],
							"to": [ 0.25, 0.5, 0.8 ],
							"rotationOrigin": [ 0.05, 0.5, 0.8 ],
							"rotationX": -20.0,
							"faces": {
								"north": { "texture": "#gold", "uv": [ 5.0, 3.5, 5.5, 4.0 ] },
								"east": { "texture": "#gold", "uv": [ 1.5, 4.0, 2.0, 4.5 ] },
								"south": { "texture": "#gold", "uv": [ 4.0, 6.5, 4.5, 7.0 ] },
								"west": { "texture": "#gold", "uv": [ 7.0, 4.5, 7.5, 5.0 ] },
								"down": { "texture": "#gold", "uv": [ 0.5, 5.0, 1.0, 5.5 ] }
							},
							"children": [
								{
									"name": "legR2",
									"from": [ 0.05, -0.6, 0.2 ],
									"to": [ 0.15, 0.0, 0.4 ],
									"rotationOrigin": [ 0.05, 0.0, 0.2 ],
									"rotationX": -15.0,
									"faces": {
										"north": { "texture": "#gold", "uv": [ 1.0, 3.0, 1.5, 3.5 ] },
										"east": { "texture": "#gold", "uv": [ 6.5, 2.5, 7.0, 3.0 ] },
										"south": { "texture": "#gold", "uv": [ 2.0, 4.5, 2.5, 5.0 ] },
										"west": { "texture": "#gold", "uv": [ 3.5, 1.5, 4.0, 2.0 ] },
										"down": { "texture": "#gold", "uv": [ 0.0, 7.0, 0.5, 7.5 ] }
									},
									"children": [
										{
											"name": "talonR3",
											"from": [ 0.0, -0.1, 0.1 ],
											"to": [ 0.1, 0.0, 0.5 ],
											"rotationOrigin": [ 0.0, 0.0, 0.2 ],
											"rotationX": 45.0,
											"rotationY": -5.0,
											"faces": {
												"east": { "texture": "#gold", "uv": [ 3.0, 4.5, 3.5, 5.0 ] },
												"south": { "texture": "#gold", "uv": [ 5.5, 3.0, 6.0, 3.5 ], "windMode": [-1,-1,-1,-1], "windData": [1,1,1,1] },
												"west": { "texture": "#gold", "uv": [ 6.5, 4.5, 7.0, 5.0 ] },
												"up": { "texture": "#gold", "uv": [ 3.0, 7.0, 3.5, 7.5 ] },
												"down": { "texture": "#gold", "uv": [ 0.5, 1.0, 1.0, 1.5 ] }
											}
										},
										{
											"name": "talonR4",
											"from": [ 0.0, -0.2, 0.0 ],
											"to": [ 0.1, 0.0, 0.1 ],
											"rotationOrigin": [ 0.0, 0.0, 0.1 ],
											"rotationX": 25.0,
											"rotationZ": -5.0,
											"faces": {
												"north": { "texture": "#gold", "uv": [ 7.0, 5.0, 7.5, 5.5 ] },
												"east": { "texture": "#gold", "uv": [ 0.0, 2.0, 0.5, 2.5 ] },
												"south": { "texture": "#gold", "uv": [ 1.5, 2.0, 2.0, 2.5 ] },
												"west": { "texture": "#gold", "uv": [ 4.0, 1.0, 4.5, 1.5 ] },
												"down": { "texture": "#gold", "uv": [ 2.5, 0.0, 3.0, 0.5 ] }
											}
										},
										{
											"name": "gemL1",
											"from": [ -0.1, -0.3, 0.0 ],
											"to": [ 0.1, -0.1, 0.2 ],
											"rotationOrigin": [ 0.0, -0.2, 0.1 ],
											"faces": {
												"north": { "texture": "#garnet", "uv": [ 1.0, 0.5, 1.5, 1.0 ] },
												"east": { "texture": "#garnet", "uv": [ 1.5, 0.5, 2.0, 1.0 ] },
												"south": { "texture": "#garnet", "uv": [ 2.0, 0.0, 2.5, 0.5 ] },
												"west": { "texture": "#garnet", "uv": [ 3.0, 0.0, 3.5, 0.5 ] },
												"up": { "texture": "#garnet", "uv": [ 1.5, 0.5, 2.0, 1.0 ] },
												"down": { "texture": "#garnet", "uv": [ 1.0, 2.5, 1.5, 3.0 ] }
											}
										}
									]
								}
							]
						},
						{
							"name": "wingR1",
							"from": [ 0.05, 0.2, -1.0 ],
							"to": [ 0.2, 1.0, 0.0 ],
							"rotationOrigin": [ 0.05, 0.2, 0.0 ],
							"rotationX": 30.0,
							"rotationY": 5.0,
							"faces": {
								"north": { "texture": "#gold", "uv": [ 2.5, 3.5, 3.0, 4.0 ] },
								"east": { "texture": "#gold", "uv": [ 4.5, 5.0, 5.5, 5.5 ] },
								"west": { "texture": "#gold", "uv": [ 2.5, 3.0, 3.5, 3.5 ] },
								"up": { "texture": "#gold", "uv": [ 5.5, 6.5, 6.0, 7.5 ] },
								"down": { "texture": "#gold", "uv": [ 1.0, 6.0, 1.5, 7.0 ] }
							},
							"children": [
								{
									"name": "wingR2",
									"from": [ 0.0, 0.0, -0.6 ],
									"to": [ 0.1, 0.8, 0.0 ],
									"rotationOrigin": [ 0.0, 0.0, 0.0 ],
									"rotationX": 20.0,
									"rotationY": 5.0,
									"faces": {
										"north": { "texture": "#gold", "uv": [ 1.5, 1.5, 2.0, 2.0 ] },
										"east": { "texture": "#gold", "uv": [ 2.0, 0.5, 2.5, 1.0 ] },
										"south": { "texture": "#gold", "uv": [ 3.0, 5.0, 3.5, 5.5 ] },
										"west": { "texture": "#gold", "uv": [ 0.0, 1.5, 0.5, 2.0 ] },
										"up": { "texture": "#gold", "uv": [ 6.5, 5.0, 7.0, 5.5 ] },
										"down": { "texture": "#gold", "uv": [ 6.5, 1.5, 7.0, 2.0 ] }
									},
									"children": [
										{
											"name": "wingR3",
											"from": [ 0.0, 0.0, 0.0 ],
											"to": [ 0.1, 1.0, 0.6 ],
											"rotationOrigin": [ 0.0, 0.0, 0.0 ],
											"rotationX": -45.0,
											"rotationZ": 5.0,
											"faces": {
												"north": { "texture": "#gold", "uv": [ 4.5, 6.0, 5.0, 7.0 ] },
												"east": { "texture": "#gold", "uv": [ 0.5, 5.0, 1.0, 6.0 ] },
												"south": { "texture": "#gold", "uv": [ 7.0, 4.0, 7.5, 5.0 ] },
												"west": { "texture": "#gold", "uv": [ 7.0, 0.0, 7.5, 1.0 ] },
												"up": { "texture": "#gold", "uv": [ 4.0, 6.0, 4.5, 6.5 ] }
											},
											"children": [
												{
													"name": "gemR6",
													"from": [ 0.0, 0.3, 0.05 ],
													"to": [ 0.0, 0.5, 0.55 ],
													"rotationOrigin": [ 0.0, 0.4, 0.55 ],
													"rotationY": 5.0,
													"faces": {
														"west": { "texture": "#aquamarine", "uv": [ 2.5, 2.5, 3.0, 3.0 ] }
													}
												},
												{
													"name": "gemR7",
													"from": [ 0.0, 0.6, 0.05 ],
													"to": [ 0.0, 0.8, 0.55 ],
													"rotationOrigin": [ 0.0, 0.7, 0.55 ],
													"rotationY": 5.0,
													"faces": {
														"west": { "texture": "#aquamarine", "uv": [ 0.5, 0.0, 1.0, 0.5 ] }
													}
												},
												{
													"name": "wingR4",
													"from": [ 0.0, 1.0, 0.0 ],
													"to": [ 0.1, 1.4, 0.4 ],
													"rotationOrigin": [ 0.0, 1.0, 0.0 ],
													"rotationX": 45.0,
													"rotationZ": 5.0,
													"faces": {
														"north": { "texture": "#gold", "uv": [ 3.0, 2.0, 3.5, 2.5 ] },
														"east": { "texture": "#gold", "uv": [ 0.5, 3.5, 1.0, 4.0 ] },
														"west": { "texture": "#gold", "uv": [ 3.0, 2.5, 3.5, 3.0 ] },
														"up": { "texture": "#gold", "uv": [ 4.0, 6.0, 4.5, 6.5 ] }
													}
												}
											]
										},
										{
											"name": "gemR8",
											"from": [ 0.0, 0.1, 0.1 ],
											"to": [ 0.0, 0.6, 0.3 ],
											"rotationOrigin": [ 0.0, 0.6, 0.2 ],
											"rotationZ": -10.0,
											"faces": {
												"west": { "texture": "#aquamarine", "uv": [ 3.0, 0.5, 3.5, 1.0 ] }
											}
										}
									]
								},
								{
									"name": "featherR1",
									"from": [ -0.04, 0.75, -0.1 ],
									"to": [ -0.04, 0.85, 0.9 ],
									"rotationOrigin": [ 0.0, 0.75, 0.0 ],
									"faces": {
										"west": { "texture": "#lapislazuli", "uv": [ 0.0, 1.5, 1.0, 2.0 ] }
									}
								},
								{
									"name": "gemR2",
									"from": [ 0.0, 0.1, 0.5 ],
									"to": [ 0.0, 0.7, 0.7 ],
									"rotationOrigin": [ 0.0, 0.7, 0.6 ],
									"rotationZ": -5.0,
									"faces": {
										"west": { "texture": "#aquamarine", "uv": [ 2.0, 0.0, 2.5, 0.5 ] }
									}
								},
								{
									"name": "gemR4",
									"from": [ 0.0, 0.1, 0.2 ],
									"to": [ 0.0, 0.7, 0.4 ],
									"rotationOrigin": [ 0.0, 0.7, 0.3 ],
									"rotationZ": -5.0,
									"faces": {
										"west": { "texture": "#aquamarine", "uv": [ 0.5, 1.5, 1.0, 2.0 ] }
									}
								},
								{
									"name": "gemR5",
									"from": [ 0.0, 0.1, -0.1 ],
									"to": [ 0.0, 0.7, 0.1 ],
									"rotationOrigin": [ 0.0, 0.7, 0.0 ],
									"rotationZ": -10.0,
									"faces": {
										"west": { "texture": "#aquamarine", "uv": [ 3.0, 2.0, 3.5, 2.5 ] }
									}
								}
							]
						},
						{
							"name": "wingL1",
							"from": [ 0.05, 0.2, 0.8 ],
							"to": [ 0.2, 1.0, 1.8 ],
							"rotationOrigin": [ 0.05, 0.2, 0.8 ],
							"rotationX": -30.0,
							"rotationY": -5.0,
							"faces": {
								"north": { "texture": "#gold", "uv": [ 5.0, 5.5, 5.5, 6.0 ] },
								"east": { "texture": "#gold", "uv": [ 6.0, 6.0, 7.0, 6.5 ] },
								"west": { "texture": "#gold", "uv": [ 6.5, 6.5, 7.5, 7.0 ] },
								"up": { "texture": "#gold", "uv": [ 1.0, 2.5, 1.5, 3.5 ] },
								"down": { "texture": "#gold", "uv": [ 0.5, 0.5, 1.0, 1.5 ] }
							},
							"children": [
								{
									"name": "wingL2",
									"from": [ 0.0, 0.0, 1.0 ],
									"to": [ 0.1, 0.8, 1.6 ],
									"rotationOrigin": [ 0.0, 0.0, 1.0 ],
									"rotationX": -20.0,
									"rotationY": -5.0,
									"faces": {
										"north": { "texture": "#gold", "uv": [ 0.5, 7.0, 1.0, 7.5 ] },
										"east": { "texture": "#gold", "uv": [ 6.5, 4.5, 7.0, 5.0 ] },
										"south": { "texture": "#gold", "uv": [ 2.0, 3.5, 2.5, 4.0 ] },
										"west": { "texture": "#gold", "uv": [ 3.5, 4.0, 4.0, 4.5 ] },
										"up": { "texture": "#gold", "uv": [ 5.0, 2.5, 5.5, 3.0 ] },
										"down": { "texture": "#gold", "uv": [ 6.0, 1.0, 6.5, 1.5 ] }
									},
									"children": [
										{
											"name": "wingL3",
											"from": [ 0.0, 0.0, 0.0 ],
											"to": [ 0.1, 1.0, 0.6 ],
											"rotationOrigin": [ 0.0, 0.0, 0.6 ],
											"rotationX": 45.0,
											"rotationZ": 5.0,
											"faces": {
												"north": { "texture": "#gold", "uv": [ 6.5, 6.5, 7.0, 7.5 ] },
												"east": { "texture": "#gold", "uv": [ 6.5, 1.0, 7.0, 2.0 ] },
												"south": { "texture": "#gold", "uv": [ 3.0, 0.0, 3.5, 1.0 ] },
												"west": { "texture": "#gold", "uv": [ 5.0, 1.5, 5.5, 2.5 ] },
												"up": { "texture": "#gold", "uv": [ 6.0, 6.5, 6.5, 7.0 ] }
											},
											"children": [
												{
													"name": "gemL6",
													"from": [ 0.0, 0.3, 0.05 ],
													"to": [ 0.0, 0.5, 0.55 ],
													"rotationOrigin": [ 0.0, 0.4, 0.05 ],
													"rotationY": -5.0,
													"faces": {
														"west": { "texture": "#aquamarine", "uv": [ 2.0, 1.0, 2.5, 1.5 ] }
													}
												},
												{
													"name": "gemL7",
													"from": [ 0.0, 0.6, 0.05 ],
													"to": [ 0.0, 0.8, 0.55 ],
													"rotationOrigin": [ 0.0, 0.7, 0.05 ],
													"rotationY": -5.0,
													"faces": {
														"west": { "texture": "#aquamarine", "uv": [ 2.0, 2.0, 2.5, 2.5 ] }
													}
												},
												{
													"name": "wingL4",
													"from": [ 0.0, 1.0, 0.2 ],
													"to": [ 0.1, 1.4, 0.6 ],
													"rotationOrigin": [ 0.0, 1.0, 0.6 ],
													"rotationX": -45.0,
													"rotationZ": 5.0,
													"faces": {
														"east": { "texture": "#gold", "uv": [ 2.0, 0.5, 2.5, 1.0 ] },
														"south": { "texture": "#gold", "uv": [ 3.5, 2.5, 4.0, 3.0 ], "windMode": [-1,-1,-1,-1], "windData": [1,1,1,1] },
														"west": { "texture": "#gold", "uv": [ 4.5, 0.0, 5.0, 0.5 ] },
														"up": { "texture": "#gold", "uv": [ 3.0, 3.5, 3.5, 4.0 ] }
													}
												}
											]
										},
										{
											"name": "gemL8",
											"from": [ 0.0, 0.1, 0.3 ],
											"to": [ 0.0, 0.6, 0.5 ],
											"rotationOrigin": [ 0.0, 0.6, 0.4 ],
											"rotationZ": -10.0,
											"faces": {
												"west": { "texture": "#aquamarine", "uv": [ 0.0, 2.5, 0.5, 3.0 ] }
											}
										}
									]
								},
								{
									"name": "featherL",
									"from": [ -0.04, 0.75, 0.1 ],
									"to": [ -0.04, 0.85, 1.1 ],
									"rotationOrigin": [ 0.0, 0.75, 1.0 ],
									"faces": {
										"west": { "texture": "#lapislazuli", "uv": [ 2.5, 3.0, 3.5, 3.5 ] }
									}
								},
								{
									"name": "gemL5",
									"from": [ 0.0, 0.1, 0.9 ],
									"to": [ 0.0, 0.7, 1.1 ],
									"rotationOrigin": [ 0.0, 0.7, 1.0 ],
									"rotationZ": -10.0,
									"faces": {
										"west": { "texture": "#aquamarine", "uv": [ 2.0, 0.5, 2.5, 1.0 ] }
									}
								},
								{
									"name": "gemL4",
									"from": [ 0.0, 0.1, 0.6 ],
									"to": [ 0.0, 0.7, 0.8 ],
									"rotationOrigin": [ 0.0, 0.7, 0.7 ],
									"rotationZ": -5.0,
									"faces": {
										"west": { "texture": "#aquamarine", "uv": [ 0.5, 1.0, 1.0, 1.5 ] }
									}
								},
								{
									"name": "gemL2",
									"from": [ 0.0, 0.1, 0.3 ],
									"to": [ 0.0, 0.7, 0.5 ],
									"rotationOrigin": [ 0.0, 0.7, 0.4 ],
									"rotationZ": -5.0,
									"faces": {
										"west": { "texture": "#aquamarine", "uv": [ 1.5, 1.0, 2.0, 1.5 ] }
									}
								}
							]
						},
						{
							"name": "neck",
							"from": [ 0.0, 0.9, 0.2 ],
							"to": [ 0.2, 1.5, 0.6 ],
							"rotationOrigin": [ 0.0, 1.0, 0.4 ],
							"rotationZ": 5.0,
							"faces": {
								"north": { "texture": "#gold", "uv": [ 1.5, 1.0, 2.0, 1.5 ] },
								"east": { "texture": "#gold", "uv": [ 1.5, 6.5, 2.0, 7.0 ] },
								"south": { "texture": "#gold", "uv": [ 3.5, 3.5, 4.0, 4.0 ] },
								"west": { "texture": "#gold", "uv": [ 3.0, 4.0, 3.5, 4.5 ] }
							},
							"children": [
								{
									"name": "gem-socket",
									"from": [ -0.05, 0.7, -0.1 ],
									"to": [ 0.15, 1.3, 0.5 ],
									"rotationOrigin": [ 0.0, 1.0, 0.2 ],
									"rotationX": -45.0,
									"faces": {
										"north": { "texture": "#gold", "uv": [ 5.5, 7.0, 6.0, 7.5 ] },
										"east": { "texture": "#gold", "uv": [ 4.5, 6.5, 5.0, 7.0 ] },
										"south": { "texture": "#gold", "uv": [ 1.5, 4.0, 2.0, 4.5 ] },
										"west": { "texture": "#gold", "uv": [ 0.0, 3.5, 0.5, 4.0 ] },
										"up": { "texture": "#gold", "uv": [ 5.0, 6.0, 5.5, 6.5 ] },
										"down": { "texture": "#gold", "uv": [ 4.5, 2.5, 5.0, 3.0 ] }
									},
									"children": [
										{
											"name": "gem2",
											"from": [ -0.01, 0.1, 0.1 ],
											"to": [ -0.01, 0.5, 0.5 ],
											"rotationOrigin": [ 0.0, 0.3, 0.3 ],
											"rotationX": -45.0,
											"faces": {
												"west": { "texture": "#garnet", "uv": [ 0.0, 2.5, 0.5, 3.0 ] }
											}
										}
									]
								},
								{
									"name": "head",
									"from": [ 0.0, 0.4, -0.15 ],
									"to": [ 0.2, 0.8, 0.45 ],
									"rotationOrigin": [ 0.0, 0.5, 0.2 ],
									"rotationX": -15.0,
									"rotationZ": 5.0,
									"faces": {
										"north": { "texture": "#gold", "uv": [ 7.0, 5.0, 7.5, 5.5 ] },
										"east": { "texture": "#gold", "uv": [ 4.0, 7.0, 4.5, 7.5 ] },
										"south": { "texture": "#gold", "uv": [ 7.0, 6.0, 7.5, 6.5 ] },
										"west": { "texture": "#gold", "uv": [ 5.0, 0.0, 5.5, 0.5 ] },
										"up": { "texture": "#gold", "uv": [ 5.5, 1.5, 6.0, 2.0 ] },
										"down": { "texture": "#gold", "uv": [ 2.5, 2.0, 3.0, 2.5 ] }
									},
									"children": [
										{
											"name": "beak",
											"from": [ 0.05, 0.2, -0.2 ],
											"to": [ 0.15, 0.4, 0.0 ],
											"rotationOrigin": [ 0.1, 0.4, 0.0 ],
											"rotationX": -45.0,
											"faces": {
												"north": { "texture": "#lapislazuli", "uv": [ 2.0, 1.5, 2.5, 2.0 ] },
												"east": { "texture": "#lapislazuli", "uv": [ 2.0, 2.5, 2.5, 3.0 ] },
												"west": { "texture": "#lapislazuli", "uv": [ 1.0, 0.5, 1.5, 1.0 ] },
												"up": { "texture": "#lapislazuli", "uv": [ 1.0, 2.5, 1.5, 3.0 ] },
												"down": { "texture": "#lapislazuli", "uv": [ 2.5, 1.5, 3.0, 2.0 ] }
											}
										},
										{
											"name": "eye",
											"from": [ -0.01, 0.25, 0.15 ],
											"to": [ -0.01, 0.35, 0.25 ],
											"rotationOrigin": [ 0.0, 0.3, 0.2 ],
											"faces": {
												"west": { "texture": "#lapislazuli", "uv": [ 2.0, 2.0, 2.5, 2.5 ] }
											}
										}
									]
								}
							]
						},
						{
							"name": "gem3",
							"from": [ 0.0, 0.0, 0.3 ],
							"to": [ 0.0, 0.9, 0.5 ],
							"rotationOrigin": [ 0.0, 0.9, 0.4 ],
							"rotationZ": -5.0,
							"faces": {
								"west": { "texture": "#malachite", "uv": [ 2.0, 2.0, 2.5, 2.5 ] }
							}
						},
						{
							"name": "gem4",
							"from": [ 0.0, 0.0, 0.1 ],
							"to": [ 0.0, 0.9, 0.3 ],
							"rotationOrigin": [ 0.0, 0.9, 0.2 ],
							"rotationX": 10.0,
							"rotationZ": -5.0,
							"faces": {
								"west": { "texture": "#malachite", "uv": [ 1.0, 1.0, 2.0, 2.0 ] }
							}
						},
						{
							"name": "gem5",
							"from": [ 0.0, 0.0, 0.5 ],
							"to": [ 0.0, 0.9, 0.7 ],
							"rotationOrigin": [ 0.0, 0.9, 0.6 ],
							"rotationX": -10.0,
							"rotationZ": -5.0,
							"faces": {
								"west": { "texture": "#malachite", "uv": [ 2.5, 1.5, 3.0, 2.0 ] }
							}
						}
					]
				}
			]
		}
	]}