{
	"editor": {
		"backDropShape": "entity/humanoid/kobold",
		"collapsedPaths": "Root/bandN/toothR1,Root/bandN/toothL1",
		"allAngles": true,
		"entityTextureMode": true
	},
	"textureWidth": 16,
	"textureHeight": 16,
	"textureSizes": {
		"pendants2": [16,16]
	},
	"textures": {
		"fire-blue": "block/fire-blue",
		"silver1": "block/metal/sheet-plain/silver1"
	},
	"elements": [
		{
			"name": "origin",
			"stepParentName": "UpperTorso",
			"from": [ 2.2, 4.6, 2.9 ],
			"to": [ 2.2, 4.6, 2.9 ],
			"uv": [ 999.0, 999.0 ],
			"rotationOrigin": [ 2.2, 4.6, 2.9 ],
			"faces": {
			},
			"children": [
				{
					"name": "pendant",
					"from": [ -2.6, -2.7, -2.1 ],
					"to": [ -2.1, -1.1, -0.6 ],
					"unwrapMode": 4,
					"uv": [ 0.0, 1.5 ],
					"rotationOrigin": [ -2.6, -2.7, -2.1 ],
					"rotationZ": 1.0,
					"faces": {
						"north": { "texture": "#silver1", "uv": [ 0.0, 2.0, 0.5, 3.5 ] },
						"east": { "texture": "#silver1", "uv": [ 2.5, 2.0, 4.0, 3.5 ] },
						"south": { "texture": "#silver1", "uv": [ 2.0, 2.0, 2.5, 3.5 ] },
						"west": { "texture": "#silver1", "uv": [ 0.5, 2.0, 2.0, 3.5 ] },
						"up": { "texture": "#silver1", "uv": [ 0.5, 1.5, 2.0, 2.0 ], "rotation": 90 },
						"down": { "texture": "#silver1", "uv": [ 0.5, 3.5, 2.0, 4.0 ], "rotation": 90 }
					},
					"children": [
						{
							"name": "ray1",
							"from": [ 0.05, 0.55, -0.75 ],
							"to": [ 0.45, 0.95, 2.25 ],
							"unwrapMode": 4,
							"uv": [ 8.5, 0.5 ],
							"rotationOrigin": [ 0.05, 0.75, 0.75 ],
							"faces": {
								"north": { "texture": "#silver1", "uv": [ 8.5, 1.0, 9.0, 1.5 ] },
								"east": { "texture": "#silver1", "uv": [ 12.5, 1.0, 15.5, 1.5 ] },
								"south": { "texture": "#silver1", "uv": [ 12.0, 1.0, 12.5, 1.5 ] },
								"west": { "texture": "#silver1", "uv": [ 9.0, 1.0, 12.0, 1.5 ] },
								"up": { "texture": "#silver1", "uv": [ 9.0, 0.5, 12.0, 1.0 ], "rotation": 90 },
								"down": { "texture": "#silver1", "uv": [ 9.0, 1.5, 12.0, 2.0 ], "rotation": 90 }
							},
							"children": [
								{
									"name": "ray2",
									"from": [ 0.0, 0.3, 0.0 ],
									"to": [ 0.4, 0.7, 3.6 ],
									"unwrapMode": 4,
									"uv": [ 7.5, 0.5 ],
									"rotationOrigin": [ 0.0, 0.5, 1.5 ],
									"rotationX": 90.0,
									"rotationY": 0.0,
									"rotationZ": 0.0,
									"faces": {
										"north": { "texture": "#silver1", "uv": [ 7.5, 1.0, 8.0, 1.5 ] },
										"east": { "texture": "#silver1", "uv": [ 12.0, 1.0, 15.5, 1.5 ] },
										"south": { "texture": "#silver1", "uv": [ 11.5, 1.0, 12.0, 1.5 ] },
										"west": { "texture": "#silver1", "uv": [ 8.0, 1.0, 11.5, 1.5 ] },
										"up": { "texture": "#silver1", "uv": [ 8.0, 0.5, 11.5, 1.0 ], "rotation": 90 },
										"down": { "texture": "#silver1", "uv": [ 8.0, 1.5, 11.5, 2.0 ], "rotation": 90 }
									}
								},
								{
									"name": "ray3",
									"from": [ 0.0, 0.0, 0.0 ],
									"to": [ 0.4, 0.4, 3.0 ],
									"unwrapMode": 4,
									"uv": [ 0.5, 0.0 ],
									"rotationOrigin": [ 0.0, 0.2, 1.5 ],
									"rotationX": 45.0,
									"rotationY": 0.0,
									"rotationZ": 0.0,
									"faces": {
										"north": { "texture": "#silver1", "uv": [ 0.5, 0.5, 1.0, 1.0 ] },
										"east": { "texture": "#silver1", "uv": [ 4.5, 0.5, 7.5, 1.0 ] },
										"south": { "texture": "#silver1", "uv": [ 4.0, 0.5, 4.5, 1.0 ] },
										"west": { "texture": "#silver1", "uv": [ 1.0, 0.5, 4.0, 1.0 ] },
										"up": { "texture": "#silver1", "uv": [ 1.0, 0.0, 4.0, 0.5 ], "rotation": 90 },
										"down": { "texture": "#silver1", "uv": [ 1.0, 1.0, 4.0, 1.5 ], "rotation": 90 }
									}
								},
								{
									"name": "ray4",
									"from": [ 0.0, 0.0, 0.0 ],
									"to": [ 0.4, 0.4, 3.0 ],
									"unwrapMode": 4,
									"uv": [ 1.5, 6.5 ],
									"rotationOrigin": [ 0.0, 0.2, 1.5 ],
									"rotationX": -45.0,
									"rotationY": 0.0,
									"rotationZ": 0.0,
									"faces": {
										"north": { "texture": "#silver1", "uv": [ 1.5, 7.0, 2.0, 7.5 ] },
										"east": { "texture": "#silver1", "uv": [ 5.5, 7.0, 8.5, 7.5 ] },
										"south": { "texture": "#silver1", "uv": [ 5.0, 7.0, 5.5, 7.5 ] },
										"west": { "texture": "#silver1", "uv": [ 2.0, 7.0, 5.0, 7.5 ] },
										"up": { "texture": "#silver1", "uv": [ 2.0, 6.5, 5.0, 7.0 ], "rotation": 90 },
										"down": { "texture": "#silver1", "uv": [ 2.0, 7.5, 5.0, 8.0 ], "rotation": 90 }
									}
								}
							]
						},
						{
							"name": "gem1",
							"from": [ -0.1, 0.3, 0.25 ],
							"to": [ 0.1, 1.3, 1.25 ],
							"unwrapMode": 4,
							"uv": [ 6.0, 8.5 ],
							"rotationOrigin": [ -0.1, 0.8, 0.75 ],
							"rotationX": 45.0,
							"faces": {
								"north": { "texture": "#fire-blue", "uv": [ 6.0, 9.0, 6.5, 10.0 ] },
								"east": { "texture": "#fire-blue", "uv": [ 8.0, 9.0, 9.0, 10.0 ] },
								"south": { "texture": "#fire-blue", "uv": [ 7.5, 9.0, 8.0, 10.0 ] },
								"west": { "texture": "#fire-blue", "uv": [ 6.5, 9.0, 7.5, 10.0 ] },
								"up": { "texture": "#fire-blue", "uv": [ 6.5, 8.5, 7.5, 9.0 ], "rotation": 90 },
								"down": { "texture": "#fire-blue", "uv": [ 6.5, 10.0, 7.5, 10.5 ], "rotation": 90 }
							}
						}
					]
				}
			]
		}
	]}