[
  {
    "code": "cartsidetent",
    "ingredientPattern": "LLL,RSR,LLL",
    "ingredients": {
      "S": {
        "type": "item",
        "code": "cartschematics-carts",
        "returnedStack": {
          "type": "item",
          "code": "cartschematics-carts"
        }
      },
      "L": {
        "type": "block",
        "code": "game:linen-normal-down"
      },
      "R": {
        "type": "item",
        "code": "game:rope"
      }
    },
    "width": 3,
    "height": 3,
    "recipeGroup": 2,
    "shapeless": false,
    "output": {
      "type": "item",
      "code": "cartsidetent-cloth-low-normal"
    }
  },
  {
    "code": "cartsidetent2",
    "ingredientPattern": "LRL,LSL,LRL",
    "ingredients": {
      "S": {
        "type": "item",
        "code": "cartschematics-carts",
        "returnedStack": {
          "type": "item",
          "code": "cartschematics-carts"
        }
      },
      "L": {
        "type": "block",
        "code": "game:linen-normal-down"
      },
      "R": {
        "type": "item",
        "code": "game:rope"
      }
    },
    "width": 3,
    "height": 3,
    "recipeGroup": 2,
    "shapeless": false,
    "output": {
      "type": "item",
      "code": "cartsidetent-cloth-high-normal"
    }
  }
]