[
  {
    "code": "framnarrowcart",
    "ingredientPattern": "WOW,RSR,WOW",
    "ingredients": {
      "W": {
        "type": "block",
        "code": "game:supportbeam-*",
        "name": "wood",
        "allowedVariants": [ "acacia", "birch", "ebony", "kapok", "larch", "maple", "oak", "pine", "purpleheart", "redwood", "walnut" ],
        "quantity": 12
      },
      "S": {
        "type": "item",
        "code": "cartschematics-carts",
        "returnedStack": {
          "type": "item",
          "code": "cartschematics-carts"
        }
      },
      "R": {
        "type": "item",
        "code": "game:resin",
        "quantity": 3
      },
      "O": {
        "type": "item",
        "code": "game:rope",
        "quantity": 2
      }
    },
    "width": 3,
    "height": 3,
    "recipeGroup": 1,
    "shapeless": false,
    "output": {
      "type": "item",
      "code": "cartconstruction-frame-slimcart-{wood}"
    }
  },
  {
    "code": "unfinishednarrowcart",
    "ingredientPattern": "WRW,RFR,WRW",
    "ingredients": {
      "W": {
        "type": "item",
        "code": "game:plank-*",
        "name": "wood",
        "allowedVariants": [ "acacia", "birch", "ebony", "kapok", "larch", "maple", "oak", "pine", "purpleheart", "redwood", "walnut" ],
        "quantity": 12
      },
      "F": {
        "type": "item",
        "code": "cartconstruction-frame-slimcart-*",
        "name": "wood",
        "allowedVariants": [ "acacia", "birch", "ebony", "kapok", "larch", "maple", "oak", "pine", "purpleheart", "redwood", "walnut" ],
        "quantity": 1
      },
      "R": {
        "type": "item",
        "code": "game:metalnailsandstrips-*",
        "name": "metal",
        "allowedVariants": [ "iron", "steel", "meteoriciron" ],
        "quantity": 3
      }
    },
    "width": 3,
    "height": 3,
    "recipeGroup": 1,
    "shapeless": false,
    "output": {
      "type": "item",
      "code": "cartconstruction-unfinished-slimcart-{wood}"
    }
  },
  {
    "code": "finishednarrowcart",
    "ingredientPattern": "WRW,RUR,WRW",
    "ingredients": {
      "W": {
        "type": "block",
        "code": "game:wagonwheels-spoked-west"
      },
      "U": {
        "type": "item",
        "code": "cartconstruction-unfinished-slimcart-*",
        "name": "wood",
        "allowedVariants": [ "acacia", "birch", "ebony", "kapok", "larch", "maple", "oak", "pine", "purpleheart", "redwood", "walnut" ],
        "quantity": 1
      },
      "R": {
        "type": "item",
        "code": "game:metalnailsandstrips-*",
        "name": "metal",
        "allowedVariants": [ "iron", "steel", "meteoriciron" ],
        "quantity": 3
      }
    },
    "width": 3,
    "height": 3,
    "recipeGroup": 1,
    "shapeless": false,
    "output": {
      "type": "item",
      "code": "cart-cart-slimcart-classic-{wood}"
    }
  }
]