[
  {
    "code": "wheelspoked",
    "ingredientPattern": "WNW,RHR,WNW",
    "ingredients": {
      "N": {
        "type": "item",
        "code": "game:metalnailsandstrips-*",
        "name": "metal",
        "allowedVariants": [ "iron", "steel", "meteoriciron" ],
        "quantity": 4
      },
      "W": {
        "type": "block",
        "code": "game:supportbeam-*",
        "name": "wood",
        "allowedVariants": [ "acacia", "birch", "ebony", "kapok", "larch", "maple", "oak", "pine", "purpleheart", "redwood", "walnut" ],
        "quantity": 4
      },
      "R": {
        "type": "item",
        "code": "game:resin"
      },
      "H": {
        "type": "item",
        "code": "game:hoop-*",
        "name": "metal",
        "allowedVariants": [ "iron", "steel", "meteoriciron" ],
        "quantity": 2
      }
    },
    "width": 3,
    "height": 3,
    "recipeGroup": 1,
    "shapeless": false,
    "output": {
      "type": "block",
      "code": "game:wagonwheels-spoked-west",
        "quantity":  2
    }
  },
  {
    "code": "wheelsolid",
    "ingredientPattern": "WWW,SHS,WWW",
    "ingredients": {
      "S": {
        "type": "item",
        "code": "game:resin"
        
      },
      "W": {
        "type": "block",
        "code": "game:supportbeam-*",
        "name": "wood",
        "allowedVariants": [ "acacia", "birch", "ebony", "kapok", "larch", "maple", "oak", "pine", "purpleheart", "redwood", "walnut" ],
        "quantity": 2
      },
      "H": {
        "type": "item",
        "code": "game:hoop-*",
        "name": "metal",
        "allowedVariants": [ "tinbronze", "blackbronze", "bismuthbronze", "iron", "steel", "meteoriciron" ],
        "quantity": 2
      }
    },
    "width": 3,
    "height": 3,
    "recipeGroup": 1,
    "shapeless": false,
    "output": {
      "type": "block",
      "code": "game:wagonwheels-solid-west",
      "quantity":  2
    }
  },
  {
    "code": "wheelsmall",
    "ingredientPattern": "WRW,ESE,WRW",
    "ingredients": {
      "S": {
        "type": "item",
        "code": "cartschematics-carts",
        "returnedStack": {
          "type": "item",
          "code": "cartschematics-carts"
        }
      },
      "E": {
        "type": "item",
        "code": "game:metalnailsandstrips-*",
        "quantity": 1
      },
      "W": {
        "type": "block",
        "code": "game:supportbeam-*",
        "name": "wood",
        "allowedVariants": [ "acacia", "birch", "ebony", "kapok", "larch", "maple", "oak", "pine", "purpleheart", "redwood", "walnut" ],
        "quantity": 1
      },
      "R": {
        "type": "item",
        "code": "game:rope"
      }
    },
    "width": 3,
    "height": 3,
    "recipeGroup": 1,
    "shapeless": true,
    "output": {
      "type": "item",
      "code": "cartsmisc-wheelsmall",
      "quantity": 2
    }
  }


]