[
    // Remove wooden type wildcards
    {
		"op": "move",
    	"frompath": "attributes/texturesInventoryByType/*-dynamic-*",
    	"path": "/tempTexturesInventoryByTypeDynamic",
    	"file": "oneroof:blocktypes/oneroof.json",
    },
    {
		"op": "move",
    	"frompath": "attributes/texturesInventoryByType/*-standard-*",
    	"path": "/tempTexturesInventoryByType",
    	"file": "oneroof:blocktypes/oneroof.json",
    },
    {
		"op": "move",
    	"frompath": "attributes/texturesByType/*",
    	"path": "/tempTexturesByType",
    	"file": "oneroof:blocktypes/oneroof.json",
	},


    {
        "op": "addeach",
        "path": "/variantgroups/0/states/-",
        "file": "oneroof:blocktypes/oneroof.json",
        "value": [ "blurpleclay", "darkgreyclay", "greenclay", "lightclay", "malachiteclay", "pinkclay", "purpleclay","yellowclay"],
        "condition": {
            "when": "BrickLayersCompat",
            "isValue": "true"
        }
    },
    {
        "op": "addmerge",
        "path": "/texturesByType",
        "value": {
            "*blurpleclay-*": {
                "material": { "base": "bricklayers:block/clay/shingles/blurple" },
                "trim": { "base": "game:block/transparent" },
                "fill": { "base": "bricklayers:block/clay/shingles/blurple" }
            },
            "*darkgreyclay-*": {
                "material": { "base": "bricklayers:block/clay/shingles/darkgrey" },
                "trim": { "base": "game:block/transparent" },
                "fill": { "base": "bricklayers:block/clay/shingles/darkgrey" }
            },
            "*greenclay-*": {
                "material": { "base": "bricklayers:block/clay/shingles/green" },
                "trim": { "base": "game:block/transparent" },
                "fill": { "base": "bricklayers:block/clay/shingles/green" }
            },
            "*lightclay-*": {
                "material": { "base": "bricklayers:block/clay/shingles/light" },
                "trim": { "base": "game:block/transparent" },
                "fill": { "base": "bricklayers:block/clay/shingles/light" }
            },
            "*malachiteclay-*": {
                "material": { "base": "bricklayers:block/clay/shingles/malachite" },
                "trim": { "base": "game:block/transparent" },
                "fill": { "base": "bricklayers:block/clay/shingles/malachite" }
            },
            "*pinkclay-*": {
                "material": { "base": "bricklayers:block/clay/shingles/pink" },
                "trim": { "base": "game:block/transparent" },
                "fill": { "base": "bricklayers:block/clay/shingles/pink" }
            },
            "*purpleclay-*": {
                "material": { "base": "bricklayers:block/clay/shingles/purple" },
                "trim": { "base": "game:block/transparent" },
                "fill": { "base": "bricklayers:block/clay/shingles/purple" }
            },
            "*yellowclay-*": {
                "material": { "base": "bricklayers:block/clay/shingles/yellow" },
                "trim": { "base": "game:block/transparent" },
                "fill": { "base": "bricklayers:block/clay/shingles/yellow" }
            }
        },
        "file": "oneroof:blocktypes/oneroof.json",
        "condition": {
            "when": "BrickLayersCompat",
            "isValue": "true"
            }
    },
    {
        "op": "addmerge",
        "path": "/texturesInventoryByType",
        "value": {
            "*-blurpleclay-*": {
                "material": { "base": "bricklayers:block/clay/shingles/blurple" },
                "trim": { "base": "game:block/transparent" },
                "fill": { "base": "game:unknown" }
            },
            "*-darkgreyclay-*": {
                "material": { "base": "bricklayers:block/clay/shingles/darkgrey" },
                "trim": { "base": "game:block/transparent" },
                "fill": { "base": "game:unknown" }
            },
            "*-greenclay-*": {
                "material": { "base": "bricklayers:block/clay/shingles/green" },
                "trim": { "base": "game:block/transparent" },
                "fill": { "base": "game:unknown" }
            },
            "*-lightclay-*": {
                "material": { "base": "bricklayers:block/clay/shingles/light" },
                "trim": { "base": "game:block/transparent" },
                "fill": { "base": "game:unknown" }
            },
            "*-malachiteclay-*": {
                "material": { "base": "bricklayers:block/clay/shingles/malachite" },
                "trim": { "base": "game:block/transparent" },
                "fill": { "base": "game:unknown" }
            },
            "*-pinkclay-*": {
                "material": { "base": "bricklayers:block/clay/shingles/pink" },
                "trim": { "base": "game:block/transparent" },
                "fill": { "base": "game:unknown" }
            },
            "*-purpleclay-*": {
                "material": { "base": "bricklayers:block/clay/shingles/purple" },
                "trim": { "base": "game:block/transparent" },
                "fill": { "base": "game:unknown" }
            },
            "*-yellowclay-*": {
                "material": { "base": "bricklayers:block/clay/shingles/yellow" },
                "trim": { "base": "game:block/transparent" },
                "fill": { "base": "game:unknown" }
            }
        },
        "file": "oneroof:blocktypes/oneroof.json",
        "condition": {
            "when": "BrickLayersCompat",
            "isValue": "true"
            }
    },
    {
        "op": "addeach",
        "path": "/allowedVariants/-",
        "value": [
            "oneroof-blurpleclay-dynamic-none-*",
            "oneroof-blurpleclay-standard-none-*",
            "oneroof-darkgreyclay-dynamic-none-*",
            "oneroof-darkgreyclay-standard-none-*",
            "oneroof-greenclay-dynamic-none-*",
            "oneroof-greenclay-standard-none-*",
            "oneroof-lightclay-dynamic-none-*",
            "oneroof-lightclay-standard-none-*",
            "oneroof-malachiteclay-dynamic-none-*",
            "oneroof-malachiteclay-standard-none-*",
            "oneroof-pinkclay-dynamic-none-*",
            "oneroof-pinkclay-standard-none-*",
            "oneroof-purpleclay-dynamic-none-*",
            "oneroof-purpleclay-standard-none-*",
            "oneroof-yellowclay-dynamic-none-*",
            "oneroof-yellowclay-standard-none-*"
        ],
        "file": "oneroof:blocktypes/oneroof.json",
        "condition": {
            "when": "BrickLayersCompat",
            "isValue": "true"
            }
    },

    // Replace wooden wildcards

    {
		"op": "move",
    	"path": "attributes/texturesInventoryByType/*-standard-*",
    	"frompath": "/tempTexturesInventoryByType",
    	"file": "oneroof:blocktypes/oneroof.json",
    },
    {
        "op": "move",
        "path": "attributes/texturesInventoryByType/*-dynamic-*",
        "frompath": "/tempTexturesInventoryByTypeDynamic",
        "file": "oneroof:blocktypes/oneroof.json",
    },
    {
		"op": "move",
    	"path": "attributes/texturesByType/*",
    	"frompath": "/tempTexturesByType",
    	"file": "oneroof:blocktypes/oneroof.json",
	},
]