{
	"code": "mushroom",
	"class": "BlockMushroom",
	"variantgroups": [
		{ "code": "type", "states": ["asteliahastata"] },
		{ "code": "state", "states": ["normal", "harvested"] },
		{ "code": "side", "loadFromProperties": "game:abstract/horizontalorientation" },
	],
	"behaviors": [{"name": "HorizontalAttachable", "properties": { "handleDrops": false } }],
	"allowedVariants": [
		"mushroom-asteliahastata-*"
	],
	"attributes": {
		"mushroomProps": {
			"dieWhenTempBelowByType": {
				"*-asteliahastata-*": -99,
				"*": 0
			},
			"dieAfterFruitingByType": {
				"*": false
			}
		},
		"forageStatAffected": true,
		"shadeTolerant": true,
		"antlerMountableByType": {
			"*": true
		},
		"onAntlerMountTransformByType": {
			"*": {
				"translation": { "x": -0.4, "y": 0.5, "z": 0.6 },
				"rotation": { "x": 0, "y": 90, "z": 0 },
				"origin": { "x": 0.5, "y": 0.5, "z": 0.0 }
			}			
		}
		},
	"creativeinventory": { "general": ["*-normal-north"], "flora": ["*-normal-north"] },
	"drawtype": "JSON",
	"shapeByType": {
		"*-north": { "base": "block/plant/mushroom/{type}/{state}*", "rotateY": 180 },
		"*-east": { "base": "block/plant/mushroom/{type}/{state}*", "rotateY": 90 },
		"*-south": { "base": "block/plant/mushroom/{type}/{state}*", "rotateY": 0 },
		"*-west": { "base": "block/plant/mushroom/{type}/{state}*", "rotateY": 270 },
	},
	"doNotRenderAtLod2": true,
	"blockmaterial": "Plant",
	"sideopaqueByType": {
		"*": { "all": false }
	},
	"sidesolid": {
		"all": false
	},
	"replaceable": 3000,
	"lightAbsorption": 0,
	"resistance": 1.5,
	"collisionbox": null,
	"selectionBox": { 
		x1: 0.125, y1: 0.125, z1: 0.625, x2: 0.875, y2: 0.875, z2: 1,
		rotateYByType: {
			"*-north": 180,
			"*-east": 90,
			"*-south": 0,
			"*-west": 270
		}
	},
	"guiTransformByType": {
		"*": {
			"rotation": { x: -22, y: 4, z: 0 },
			"origin": { x: 0.5, y: 0.5, z: 0.0 },
			"scale": 1
		}
	},
	"groundTransform": {
		"origin": { x: 0.5, y: 0.5, z: 0.0 },
		"scale": 1
	},
	"tpHandTransform": {
		translation: { x: -0.93, y: -0.17, z: -0.8 },
		rotation: { x: 15, y: -10, z: -114 },
		origin: { x: 0.5, y: 0.1, z: 0.5 },
		scale: 0.58
	},
	"sounds": {
		place: "block/plant",
		break: "block/plant",
		hit: "block/plant",
	},
	"rainPermeable": true,
	materialDensity: 200,
	frostable: true,
	"drops": [
		{ type: "block", code: "floralzonesneozeylandicregion:mushroom-asteliahastata-normal-north", quantity: { avg: 1, var: 0 }  }
	],
}