{
	"editor": {
		"backDropShape": "entity/land/hooved/goat/ibexalp/adult",
		"allAngles": true,
		"entityTextureMode": true
	},
	"textureWidth": 52,
	"textureHeight": 60,
	"textureSizes": {
		"hide": [52,60],
		"leather": [16,16]
	},
	"textures": {
		"leather": "block/transparent",
		"hide": "entity/hooved/goat/turdag-adult"
	},
	"elements": [
		{
			"name": "Horn Attachment",
			"stepParentName": "head",
			"from": [ 0.0, 1.8, 1.5 ],
			"to": [ 1.0, 2.8, 2.5 ],
			"unwrapMode": 4,
			"uv": [ 1.0, 19.5 ],
			"rotationOrigin": [ 0.0, 1.8, 1.5 ],
			"faces": {
			},
			"children": [
				{
					"name": "HornL01",
					"from": [ 0.4, 1.5, 0.0 ],
					"to": [ 1.9, 3.0, 1.5 ],
					"unwrapMode": 4,
					"uv": [ 32.0, 57.0 ],
					"rotationOrigin": [ 0.4, 1.5, 0.0 ],
					"rotationX": 30.0,
					"rotationY": 10.0,
					"faces": {
						"north": { "texture": "#hide", "uv": [ 32.0, 58.5, 33.5, 60.0 ] },
						"east": { "texture": "#hide", "uv": [ 36.5, 58.5, 38.0, 60.0 ] },
						"south": { "texture": "#hide", "uv": [ 35.0, 58.5, 36.5, 60.0 ] },
						"west": { "texture": "#hide", "uv": [ 33.5, 58.5, 35.0, 60.0 ] },
						"up": { "texture": "#hide", "uv": [ 33.5, 57.0, 35.0, 58.5 ], "rotation": 90 }
					},
					"children": [
						{
							"name": "HornL02",
							"from": [ 0.05, 1.5, 0.0 ],
							"to": [ 1.35, 2.5, 1.3 ],
							"unwrapMode": 4,
							"uv": [ 33.5, 53.0 ],
							"rotationOrigin": [ 0.0, 1.5, 0.0 ],
							"rotationX": 14.0,
							"rotationY": 7.0,
							"rotationZ": -5.0,
							"faces": {
								"north": { "texture": "#hide", "uv": [ 33.5, 54.0, 34.5, 55.0 ] },
								"east": { "texture": "#hide", "uv": [ 36.5, 54.0, 37.5, 55.0 ] },
								"south": { "texture": "#hide", "uv": [ 35.5, 54.0, 36.5, 55.0 ] },
								"west": { "texture": "#hide", "uv": [ 34.5, 54.0, 35.5, 55.0 ] },
								"up": { "texture": "#hide", "uv": [ 34.5, 53.0, 35.5, 54.0 ], "rotation": 90 },
								"down": { "texture": "#hide", "uv": [ 34.5, 55.0, 35.5, 56.0 ], "rotation": 90, "windMode": [-1,-1,-1,-1], "windData": [1,1,1,1] }
							},
							"children": [
								{
									"name": "HornL03",
									"from": [ 0.0, 1.0, 0.0 ],
									"to": [ 1.3, 2.5, 1.3 ],
									"unwrapMode": 4,
									"uv": [ 33.5, 51.5 ],
									"rotationOrigin": [ 0.0, 1.0, 0.0 ],
									"rotationX": 18.0,
									"rotationY": 10.0,
									"rotationZ": -6.0,
									"faces": {
										"north": { "texture": "#hide", "uv": [ 33.5, 52.5, 34.5, 54.0 ] },
										"east": { "texture": "#hide", "uv": [ 36.5, 52.5, 37.5, 54.0 ] },
										"south": { "texture": "#hide", "uv": [ 35.5, 52.5, 36.5, 54.0 ] },
										"west": { "texture": "#hide", "uv": [ 34.5, 52.5, 35.5, 54.0 ] },
										"up": { "texture": "#hide", "uv": [ 34.5, 51.5, 35.5, 52.5 ], "rotation": 90 },
										"down": { "texture": "#hide", "uv": [ 34.5, 54.0, 35.5, 55.0 ], "rotation": 90, "windMode": [-1,-1,-1,-1], "windData": [1,1,1,1] }
									},
									"children": [
										{
											"name": "HornL04",
											"from": [ 0.0, 1.5, 0.0 ],
											"to": [ 1.3, 3.0, 1.3 ],
											"unwrapMode": 4,
											"uv": [ 33.5, 50.0 ],
											"rotationOrigin": [ 0.0, 1.5, 0.0 ],
											"rotationX": 20.0,
											"rotationY": 10.0,
											"rotationZ": -7.0,
											"faces": {
												"north": { "texture": "#hide", "uv": [ 33.5, 51.0, 34.5, 52.5 ] },
												"east": { "texture": "#hide", "uv": [ 36.5, 51.0, 37.5, 52.5 ] },
												"south": { "texture": "#hide", "uv": [ 35.5, 51.0, 36.5, 52.5 ] },
												"west": { "texture": "#hide", "uv": [ 34.5, 51.0, 35.5, 52.5 ] },
												"up": { "texture": "#hide", "uv": [ 34.5, 50.0, 35.5, 51.0 ], "rotation": 90 },
												"down": { "texture": "#hide", "uv": [ 34.5, 52.5, 35.5, 53.5 ], "rotation": 90, "windMode": [-1,-1,-1,-1], "windData": [1,1,1,1] }
											},
											"children": [
												{
													"name": "HornL05",
													"from": [ 0.0, 1.5, 0.0 ],
													"to": [ 1.2, 3.0, 1.2 ],
													"unwrapMode": 4,
													"uv": [ 33.5, 48.5 ],
													"rotationOrigin": [ 0.0, 1.5, 0.0 ],
													"rotationX": 20.0,
													"rotationY": 10.0,
													"rotationZ": -8.0,
													"faces": {
														"north": { "texture": "#hide", "uv": [ 33.5, 49.5, 34.5, 51.0 ] },
														"east": { "texture": "#hide", "uv": [ 36.5, 49.5, 37.5, 51.0 ] },
														"south": { "texture": "#hide", "uv": [ 35.5, 49.5, 36.5, 51.0 ] },
														"west": { "texture": "#hide", "uv": [ 34.5, 49.5, 35.5, 51.0 ] },
														"up": { "texture": "#hide", "uv": [ 34.5, 48.5, 35.5, 49.5 ], "rotation": 90 },
														"down": { "texture": "#hide", "uv": [ 34.5, 51.0, 35.5, 52.0 ], "rotation": 90, "windMode": [-1,-1,-1,-1], "windData": [1,1,1,1] }
													},
													"children": [
														{
															"name": "HornL06",
															"from": [ 0.0, 1.5, 0.0 ],
															"to": [ 1.2, 3.0, 1.2 ],
															"unwrapMode": 4,
															"uv": [ 33.5, 47.0 ],
															"rotationOrigin": [ 0.0, 1.5, 0.0 ],
															"rotationX": 20.0,
															"rotationY": 10.0,
															"rotationZ": -9.0,
															"faces": {
																"north": { "texture": "#hide", "uv": [ 33.5, 48.0, 34.5, 49.5 ] },
																"east": { "texture": "#hide", "uv": [ 36.5, 48.0, 37.5, 49.5 ] },
																"south": { "texture": "#hide", "uv": [ 35.5, 48.0, 36.5, 49.5 ] },
																"west": { "texture": "#hide", "uv": [ 34.5, 48.0, 35.5, 49.5 ] },
																"up": { "texture": "#hide", "uv": [ 34.5, 47.0, 35.5, 48.0 ], "rotation": 90 },
																"down": { "texture": "#hide", "uv": [ 34.5, 49.5, 35.5, 50.5 ], "rotation": 90, "windMode": [-1,-1,-1,-1], "windData": [1,1,1,1] }
															},
															"children": [
																{
																	"name": "HornL07",
																	"from": [ 0.0, 1.5, 0.0 ],
																	"to": [ 1.1, 3.0, 1.1 ],
																	"unwrapMode": 4,
																	"uv": [ 33.5, 45.5 ],
																	"rotationOrigin": [ 0.0, 1.5, 0.0 ],
																	"rotationX": 20.0,
																	"rotationY": 10.0,
																	"rotationZ": -10.0,
																	"faces": {
																		"north": { "texture": "#hide", "uv": [ 33.5, 46.5, 34.5, 48.0 ] },
																		"east": { "texture": "#hide", "uv": [ 36.5, 46.5, 37.5, 48.0 ] },
																		"south": { "texture": "#hide", "uv": [ 35.5, 46.5, 36.5, 48.0 ] },
																		"west": { "texture": "#hide", "uv": [ 34.5, 46.5, 35.5, 48.0 ] },
																		"up": { "texture": "#hide", "uv": [ 34.5, 45.5, 35.5, 46.5 ], "rotation": 90 },
																		"down": { "texture": "#hide", "uv": [ 34.5, 48.0, 35.5, 49.0 ], "rotation": 90, "windMode": [-1,-1,-1,-1], "windData": [1,1,1,1] }
																	},
																	"children": [
																		{
																			"name": "HornL08",
																			"from": [ 0.0, 1.5, 0.0 ],
																			"to": [ 1.1, 3.0, 1.0 ],
																			"unwrapMode": 4,
																			"uv": [ 33.5, 44.0 ],
																			"rotationOrigin": [ 0.0, 1.5, 0.0 ],
																			"rotationX": 20.0,
																			"rotationY": 10.0,
																			"rotationZ": -11.0,
																			"faces": {
																				"north": { "texture": "#hide", "uv": [ 33.5, 45.0, 34.5, 46.5 ] },
																				"east": { "texture": "#hide", "uv": [ 36.5, 45.0, 37.5, 46.5 ] },
																				"south": { "texture": "#hide", "uv": [ 35.5, 45.0, 36.5, 46.5 ] },
																				"west": { "texture": "#hide", "uv": [ 34.5, 45.0, 35.5, 46.5 ] },
																				"up": { "texture": "#hide", "uv": [ 34.5, 44.0, 35.5, 45.0 ], "rotation": 90 },
																				"down": { "texture": "#hide", "uv": [ 34.5, 46.5, 35.5, 47.5 ], "rotation": 90, "windMode": [-1,-1,-1,-1], "windData": [1,1,1,1] }
																			},
																			"children": [
																				{
																					"name": "HornL09",
																					"from": [ 0.05, 1.5, 0.05 ],
																					"to": [ 0.95, 3.0, 0.95 ],
																					"unwrapMode": 4,
																					"uv": [ 35.0, 43.0 ],
																					"rotationOrigin": [ 0.05, 1.5, 0.05 ],
																					"rotationX": 20.0,
																					"rotationY": 10.0,
																					"rotationZ": -12.0,
																					"faces": {
																						"north": { "texture": "#hide", "uv": [ 35.0, 43.5, 35.5, 45.0 ] },
																						"east": { "texture": "#hide", "uv": [ 36.5, 43.5, 37.0, 45.0 ] },
																						"south": { "texture": "#hide", "uv": [ 36.0, 43.5, 36.5, 45.0 ] },
																						"west": { "texture": "#hide", "uv": [ 35.5, 43.5, 36.0, 45.0 ] },
																						"up": { "texture": "#hide", "uv": [ 35.5, 43.0, 36.0, 43.5 ], "rotation": 90 }
																					},
																					"children": [
																						{
																							"name": "HornL10",
																							"from": [ 0.0, 1.5, 0.15 ],
																							"to": [ 0.7, 2.5, 0.85 ],
																							"unwrapMode": 4,
																							"uv": [ 35.0, 42.0 ],
																							"rotationOrigin": [ 0.0, 1.5, 0.1 ],
																							"rotationX": 20.0,
																							"rotationY": 10.0,
																							"rotationZ": -12.0,
																							"faces": {
																								"north": { "texture": "#hide", "uv": [ 35.0, 42.5, 35.5, 43.5 ] },
																								"east": { "texture": "#hide", "uv": [ 36.5, 42.5, 37.0, 43.5 ] },
																								"south": { "texture": "#hide", "uv": [ 36.0, 42.5, 36.5, 43.5 ] },
																								"west": { "texture": "#hide", "uv": [ 35.5, 42.5, 36.0, 43.5 ] },
																								"up": { "texture": "#hide", "uv": [ 35.5, 42.0, 36.0, 42.5 ], "rotation": 90 }
																							},
																							"children": [
																								{
																									"name": "HornL11",
																									"from": [ 0.0, 1.0, 0.05 ],
																									"to": [ 0.6, 2.0, 0.65 ],
																									"unwrapMode": 4,
																									"uv": [ 35.0, 41.0 ],
																									"rotationOrigin": [ 0.0, 1.0, 0.05 ],
																									"rotationX": 20.0,
																									"rotationY": 10.0,
																									"rotationZ": -12.0,
																									"faces": {
																										"north": { "texture": "#hide", "uv": [ 35.0, 41.5, 35.5, 42.5 ] },
																										"east": { "texture": "#hide", "uv": [ 36.5, 41.5, 37.0, 42.5 ] },
																										"south": { "texture": "#hide", "uv": [ 36.0, 41.5, 36.5, 42.5 ] },
																										"west": { "texture": "#hide", "uv": [ 35.5, 41.5, 36.0, 42.5 ] },
																										"up": { "texture": "#hide", "uv": [ 35.5, 41.0, 36.0, 41.5 ], "rotation": 90 }
																									},
																									"children": [
																										{
																											"name": "HornL12",
																											"from": [ 0.0, 1.0, 0.05 ],
																											"to": [ 0.5, 2.0, 0.55 ],
																											"unwrapMode": 4,
																											"uv": [ 35.0, 40.0 ],
																											"rotationOrigin": [ 0.0, 1.0, 0.05 ],
																											"rotationX": 20.0,
																											"rotationY": 11.0,
																											"rotationZ": -12.0,
																											"faces": {
																												"north": { "texture": "#hide", "uv": [ 35.0, 40.5, 35.5, 41.5 ] },
																												"east": { "texture": "#hide", "uv": [ 36.5, 40.5, 37.0, 41.5 ] },
																												"south": { "texture": "#hide", "uv": [ 36.0, 40.5, 36.5, 41.5 ] },
																												"west": { "texture": "#hide", "uv": [ 35.5, 40.5, 36.0, 41.5 ] },
																												"up": { "texture": "#hide", "uv": [ 35.5, 40.0, 36.0, 40.5 ], "rotation": 90 }
																											},
																											"children": [
																												{
																													"name": "HornL13",
																													"from": [ 0.05, 1.0, 0.05 ],
																													"to": [ 0.45, 2.0, 0.45 ],
																													"unwrapMode": 4,
																													"uv": [ 35.0, 39.0 ],
																													"rotationOrigin": [ 0.05, 1.0, 0.05 ],
																													"rotationX": 20.0,
																													"rotationY": 12.0,
																													"rotationZ": -12.0,
																													"faces": {
																														"north": { "texture": "#hide", "uv": [ 35.0, 39.5, 35.5, 40.5 ] },
																														"east": { "texture": "#hide", "uv": [ 36.5, 39.5, 37.0, 40.5 ] },
																														"south": { "texture": "#hide", "uv": [ 36.0, 39.5, 36.5, 40.5 ] },
																														"west": { "texture": "#hide", "uv": [ 35.5, 39.5, 36.0, 40.5 ] },
																														"up": { "texture": "#hide", "uv": [ 35.5, 39.0, 36.0, 39.5 ], "rotation": 90 }
																													}
																												}
																											]
																										}
																									]
																								}
																							]
																						}
																					]
																				}
																			]
																		}
																	]
																}
															]
														}
													]
												}
											]
										}
									]
								}
							]
						}
					]
				},
				{
					"name": "HornR01",
					"from": [ 0.4, 1.5, -1.5 ],
					"to": [ 1.9, 3.0, 0.0 ],
					"unwrapMode": 4,
					"uv": [ 37.0, 57.0 ],
					"rotationOrigin": [ 0.4, 1.5, 0.0 ],
					"rotationX": -30.0,
					"rotationY": -10.0,
					"faces": {
						"north": { "texture": "#hide", "uv": [ 37.0, 58.5, 38.5, 60.0 ] },
						"east": { "texture": "#hide", "uv": [ 41.5, 58.5, 43.0, 60.0 ] },
						"south": { "texture": "#hide", "uv": [ 40.0, 58.5, 41.5, 60.0 ] },
						"west": { "texture": "#hide", "uv": [ 38.5, 58.5, 40.0, 60.0 ] },
						"up": { "texture": "#hide", "uv": [ 38.5, 57.0, 40.0, 58.5 ], "rotation": 90 }
					},
					"children": [
						{
							"name": "HornR02",
							"from": [ 0.0, 1.5, 0.1 ],
							"to": [ 1.3, 2.5, 1.4 ],
							"unwrapMode": 4,
							"uv": [ 37.5, 53.0 ],
							"rotationOrigin": [ 0.0, 1.5, 1.4 ],
							"rotationX": -14.0,
							"rotationY": -7.0,
							"rotationZ": -5.0,
							"faces": {
								"north": { "texture": "#hide", "uv": [ 37.5, 54.0, 38.5, 55.0 ] },
								"east": { "texture": "#hide", "uv": [ 40.5, 54.0, 41.5, 55.0 ] },
								"south": { "texture": "#hide", "uv": [ 39.5, 54.0, 40.5, 55.0 ] },
								"west": { "texture": "#hide", "uv": [ 38.5, 54.0, 39.5, 55.0 ] },
								"up": { "texture": "#hide", "uv": [ 38.5, 53.0, 39.5, 54.0 ], "rotation": 90 },
								"down": { "texture": "#hide", "uv": [ 38.5, 55.0, 39.5, 56.0 ], "rotation": 90, "windMode": [-1,-1,-1,-1], "windData": [1,1,1,1] }
							},
							"children": [
								{
									"name": "HornR03",
									"from": [ 0.0, 1.0, 0.0 ],
									"to": [ 1.3, 2.5, 1.3 ],
									"unwrapMode": 4,
									"uv": [ 37.5, 51.5 ],
									"rotationOrigin": [ 0.0, 1.0, 1.3 ],
									"rotationX": -18.0,
									"rotationY": -10.0,
									"rotationZ": -6.0,
									"faces": {
										"north": { "texture": "#hide", "uv": [ 37.5, 52.5, 38.5, 54.0 ] },
										"east": { "texture": "#hide", "uv": [ 40.5, 52.5, 41.5, 54.0 ] },
										"south": { "texture": "#hide", "uv": [ 39.5, 52.5, 40.5, 54.0 ] },
										"west": { "texture": "#hide", "uv": [ 38.5, 52.5, 39.5, 54.0 ] },
										"up": { "texture": "#hide", "uv": [ 38.5, 51.5, 39.5, 52.5 ], "rotation": 90 },
										"down": { "texture": "#hide", "uv": [ 38.5, 54.0, 39.5, 55.0 ], "rotation": 90, "windMode": [-1,-1,-1,-1], "windData": [1,1,1,1] }
									},
									"children": [
										{
											"name": "HornR04",
											"from": [ 0.0, 1.5, 0.0 ],
											"to": [ 1.3, 3.0, 1.3 ],
											"unwrapMode": 4,
											"uv": [ 37.5, 50.0 ],
											"rotationOrigin": [ 0.0, 1.5, 1.3 ],
											"rotationX": -20.0,
											"rotationY": -10.0,
											"rotationZ": -7.0,
											"faces": {
												"north": { "texture": "#hide", "uv": [ 37.5, 51.0, 38.5, 52.5 ] },
												"east": { "texture": "#hide", "uv": [ 40.5, 51.0, 41.5, 52.5 ] },
												"south": { "texture": "#hide", "uv": [ 39.5, 51.0, 40.5, 52.5 ] },
												"west": { "texture": "#hide", "uv": [ 38.5, 51.0, 39.5, 52.5 ] },
												"up": { "texture": "#hide", "uv": [ 38.5, 50.0, 39.5, 51.0 ], "rotation": 90 },
												"down": { "texture": "#hide", "uv": [ 38.5, 52.5, 39.5, 53.5 ], "rotation": 90, "windMode": [-1,-1,-1,-1], "windData": [1,1,1,1] }
											},
											"children": [
												{
													"name": "HornR05",
													"from": [ 0.0, 1.5, 0.1 ],
													"to": [ 1.2, 3.0, 1.3 ],
													"unwrapMode": 4,
													"uv": [ 37.5, 48.5 ],
													"rotationOrigin": [ 0.0, 1.5, 1.3 ],
													"rotationX": -20.0,
													"rotationY": -10.0,
													"rotationZ": -8.0,
													"faces": {
														"north": { "texture": "#hide", "uv": [ 37.5, 49.5, 38.5, 51.0 ] },
														"east": { "texture": "#hide", "uv": [ 40.5, 49.5, 41.5, 51.0 ] },
														"south": { "texture": "#hide", "uv": [ 39.5, 49.5, 40.5, 51.0 ] },
														"west": { "texture": "#hide", "uv": [ 38.5, 49.5, 39.5, 51.0 ] },
														"up": { "texture": "#hide", "uv": [ 38.5, 48.5, 39.5, 49.5 ], "rotation": 90 },
														"down": { "texture": "#hide", "uv": [ 38.5, 51.0, 39.5, 52.0 ], "rotation": 90, "windMode": [-1,-1,-1,-1], "windData": [1,1,1,1] }
													},
													"children": [
														{
															"name": "HornR06",
															"from": [ 0.0, 1.5, 0.0 ],
															"to": [ 1.2, 3.0, 1.2 ],
															"unwrapMode": 4,
															"uv": [ 37.5, 47.0 ],
															"rotationOrigin": [ 0.0, 1.5, 1.2 ],
															"rotationX": -20.0,
															"rotationY": -10.0,
															"rotationZ": -9.0,
															"faces": {
																"north": { "texture": "#hide", "uv": [ 37.5, 48.0, 38.5, 49.5 ] },
																"east": { "texture": "#hide", "uv": [ 40.5, 48.0, 41.5, 49.5 ] },
																"south": { "texture": "#hide", "uv": [ 39.5, 48.0, 40.5, 49.5 ] },
																"west": { "texture": "#hide", "uv": [ 38.5, 48.0, 39.5, 49.5 ] },
																"up": { "texture": "#hide", "uv": [ 38.5, 47.0, 39.5, 48.0 ], "rotation": 90 },
																"down": { "texture": "#hide", "uv": [ 38.5, 49.5, 39.5, 50.5 ], "rotation": 90, "windMode": [-1,-1,-1,-1], "windData": [1,1,1,1] }
															},
															"children": [
																{
																	"name": "HornR07",
																	"from": [ 0.0, 1.5, 0.1 ],
																	"to": [ 1.1, 3.0, 1.2 ],
																	"unwrapMode": 4,
																	"uv": [ 37.5, 45.5 ],
																	"rotationOrigin": [ 0.0, 1.5, 1.2 ],
																	"rotationX": -20.0,
																	"rotationY": -10.0,
																	"rotationZ": -10.0,
																	"faces": {
																		"north": { "texture": "#hide", "uv": [ 37.5, 46.5, 38.5, 48.0 ] },
																		"east": { "texture": "#hide", "uv": [ 40.5, 46.5, 41.5, 48.0 ] },
																		"south": { "texture": "#hide", "uv": [ 39.5, 46.5, 40.5, 48.0 ] },
																		"west": { "texture": "#hide", "uv": [ 38.5, 46.5, 39.5, 48.0 ] },
																		"up": { "texture": "#hide", "uv": [ 38.5, 45.5, 39.5, 46.5 ], "rotation": 90 },
																		"down": { "texture": "#hide", "uv": [ 38.5, 48.0, 39.5, 49.0 ], "rotation": 90, "windMode": [-1,-1,-1,-1], "windData": [1,1,1,1] }
																	},
																	"children": [
																		{
																			"name": "HornR08",
																			"from": [ 0.0, 1.5, 0.1 ],
																			"to": [ 1.1, 3.0, 1.1 ],
																			"unwrapMode": 4,
																			"uv": [ 37.5, 44.0 ],
																			"rotationOrigin": [ 0.0, 1.5, 1.1 ],
																			"rotationX": -20.0,
																			"rotationY": -10.0,
																			"rotationZ": -11.0,
																			"faces": {
																				"north": { "texture": "#hide", "uv": [ 37.5, 45.0, 38.5, 46.5 ] },
																				"east": { "texture": "#hide", "uv": [ 40.5, 45.0, 41.5, 46.5 ] },
																				"south": { "texture": "#hide", "uv": [ 39.5, 45.0, 40.5, 46.5 ] },
																				"west": { "texture": "#hide", "uv": [ 38.5, 45.0, 39.5, 46.5 ] },
																				"up": { "texture": "#hide", "uv": [ 38.5, 44.0, 39.5, 45.0 ], "rotation": 90 },
																				"down": { "texture": "#hide", "uv": [ 38.5, 46.5, 39.5, 47.5 ], "rotation": 90, "windMode": [-1,-1,-1,-1], "windData": [1,1,1,1] }
																			},
																			"children": [
																				{
																					"name": "HornR09",
																					"from": [ 0.05, 1.5, 0.05 ],
																					"to": [ 0.95, 3.0, 0.95 ],
																					"unwrapMode": 4,
																					"uv": [ 39.5, 43.0 ],
																					"rotationOrigin": [ 0.05, 1.5, 0.95 ],
																					"rotationX": -20.0,
																					"rotationY": -10.0,
																					"rotationZ": -12.0,
																					"faces": {
																						"north": { "texture": "#hide", "uv": [ 39.5, 43.5, 40.0, 45.0 ] },
																						"east": { "texture": "#hide", "uv": [ 41.0, 43.5, 41.5, 45.0 ] },
																						"south": { "texture": "#hide", "uv": [ 40.5, 43.5, 41.0, 45.0 ] },
																						"west": { "texture": "#hide", "uv": [ 40.0, 43.5, 40.5, 45.0 ] },
																						"up": { "texture": "#hide", "uv": [ 40.0, 43.0, 40.5, 43.5 ], "rotation": 90 },
																						"down": { "texture": "#hide", "uv": [ 40.0, 45.0, 40.5, 45.5 ], "rotation": 90, "windMode": [-1,-1,-1,-1], "windData": [1,1,1,1] }
																					},
																					"children": [
																						{
																							"name": "HornR10",
																							"from": [ 0.0, 1.5, 0.05 ],
																							"to": [ 0.7, 2.5, 0.75 ],
																							"unwrapMode": 4,
																							"uv": [ 39.5, 42.0 ],
																							"rotationOrigin": [ 0.0, 1.5, 0.8 ],
																							"rotationX": -20.0,
																							"rotationY": -10.0,
																							"rotationZ": -12.0,
																							"faces": {
																								"north": { "texture": "#hide", "uv": [ 39.5, 42.5, 40.0, 43.5 ] },
																								"east": { "texture": "#hide", "uv": [ 41.0, 42.5, 41.5, 43.5 ] },
																								"south": { "texture": "#hide", "uv": [ 40.5, 42.5, 41.0, 43.5 ] },
																								"west": { "texture": "#hide", "uv": [ 40.0, 42.5, 40.5, 43.5 ] },
																								"up": { "texture": "#hide", "uv": [ 40.0, 42.0, 40.5, 42.5 ], "rotation": 90 },
																								"down": { "texture": "#hide", "uv": [ 40.0, 43.5, 40.5, 44.0 ], "rotation": 90, "windMode": [-1,-1,-1,-1], "windData": [1,1,1,1] }
																							},
																							"children": [
																								{
																									"name": "HornR11",
																									"from": [ 0.0, 1.0, 0.05 ],
																									"to": [ 0.6, 2.0, 0.65 ],
																									"unwrapMode": 4,
																									"uv": [ 39.5, 41.0 ],
																									"rotationOrigin": [ 0.0, 1.0, 0.65 ],
																									"rotationX": -20.0,
																									"rotationY": -10.0,
																									"rotationZ": -12.0,
																									"faces": {
																										"north": { "texture": "#hide", "uv": [ 39.5, 41.5, 40.0, 42.5 ] },
																										"east": { "texture": "#hide", "uv": [ 41.0, 41.5, 41.5, 42.5 ] },
																										"south": { "texture": "#hide", "uv": [ 40.5, 41.5, 41.0, 42.5 ] },
																										"west": { "texture": "#hide", "uv": [ 40.0, 41.5, 40.5, 42.5 ] },
																										"up": { "texture": "#hide", "uv": [ 40.0, 41.0, 40.5, 41.5 ], "rotation": 90 },
																										"down": { "texture": "#hide", "uv": [ 40.0, 42.5, 40.5, 43.0 ], "rotation": 90, "windMode": [-1,-1,-1,-1], "windData": [1,1,1,1] }
																									},
																									"children": [
																										{
																											"name": "HornR12",
																											"from": [ 0.0, 1.0, 0.05 ],
																											"to": [ 0.5, 2.0, 0.55 ],
																											"unwrapMode": 4,
																											"uv": [ 39.5, 40.0 ],
																											"rotationOrigin": [ 0.0, 1.0, 0.55 ],
																											"rotationX": -20.0,
																											"rotationY": -11.0,
																											"rotationZ": -12.0,
																											"faces": {
																												"north": { "texture": "#hide", "uv": [ 39.5, 40.5, 40.0, 41.5 ] },
																												"east": { "texture": "#hide", "uv": [ 41.0, 40.5, 41.5, 41.5 ] },
																												"south": { "texture": "#hide", "uv": [ 40.5, 40.5, 41.0, 41.5 ] },
																												"west": { "texture": "#hide", "uv": [ 40.0, 40.5, 40.5, 41.5 ] },
																												"up": { "texture": "#hide", "uv": [ 40.0, 40.0, 40.5, 40.5 ], "rotation": 90 },
																												"down": { "texture": "#hide", "uv": [ 40.0, 41.5, 40.5, 42.0 ], "rotation": 90, "windMode": [-1,-1,-1,-1], "windData": [1,1,1,1] }
																											},
																											"children": [
																												{
																													"name": "HornR13",
																													"from": [ 0.0, 1.0, 0.0 ],
																													"to": [ 0.5, 2.0, 0.5 ],
																													"unwrapMode": 4,
																													"uv": [ 39.5, 39.0 ],
																													"rotationOrigin": [ 0.0, 1.0, 0.45 ],
																													"rotationX": -20.0,
																													"rotationY": -12.0,
																													"rotationZ": -12.0,
																													"faces": {
																														"north": { "texture": "#hide", "uv": [ 39.5, 39.5, 40.0, 40.5 ] },
																														"east": { "texture": "#hide", "uv": [ 41.0, 39.5, 41.5, 40.5 ] },
																														"south": { "texture": "#hide", "uv": [ 40.5, 39.5, 41.0, 40.5 ] },
																														"west": { "texture": "#hide", "uv": [ 40.0, 39.5, 40.5, 40.5 ] },
																														"up": { "texture": "#hide", "uv": [ 40.0, 39.0, 40.5, 39.5 ], "rotation": 90 },
																														"down": { "texture": "#hide", "uv": [ 40.0, 40.5, 40.5, 41.0 ], "rotation": 90 }
																													}
																												}
																											]
																										}
																									]
																								}
																							]
																						}
																					]
																				}
																			]
																		}
																	]
																}
															]
														}
													]
												}
											]
										}
									]
								}
							]
						}
					]
				}
			]
		},
		{
			"name": "leather",
			"stepParentName": "head",
			"from": [ 0.2, 3.0, -0.5 ],
			"to": [ 2.2, 4.0, 3.5 ],
			"unwrapMode": 5,
			"uv": [ 3.5, 3.0 ],
			"rotationOrigin": [ 0.2, 3.0, -0.5 ],
			"faces": {
				"north": { "texture": "#leather", "uv": [ 4.5, 3.0, 6.5, 4.0 ], "rotation": 180 },
				"east": { "texture": "#leather", "uv": [ 6.5, 4.0, 7.5, 8.0 ], "rotation": 90 },
				"south": { "texture": "#leather", "uv": [ 4.5, 8.0, 6.5, 9.0 ] },
				"west": { "texture": "#leather", "uv": [ 3.5, 4.0, 4.5, 8.0 ], "rotation": 270 },
				"up": { "texture": "#leather", "uv": [ 4.5, 4.0, 6.5, 8.0 ] },
				"down": { "texture": "#leather", "uv": [ 7.5, 4.0, 9.5, 8.0 ] }
			}
		}
	]}
