{
	"editor": {
		"backDropShape": "C:/Users/Robin/AppData/Roaming/VintagestoryData/Mods/IndiginousVillagers/assets/game/shapes/entity/humanoid/seraph-faceless",
		"allAngles": true,
		"entityTextureMode": true
	},
	"textureWidth": 64,
	"textureHeight": 64,
	"textureSizes": {
	},
	"textures": {
	},
	"elements": [
		{
			"name": "ArmorUpperTorso",
			"stepParentName": "UpperTorso",
			"from": [ -0.225, -0.15, -0.225 ],
			"to": [ 3.975, 3.9, 4.875 ],
			"uv": [ 0.0, 0.0 ],
			"rotationOrigin": [ -0.225, -0.15, -0.225 ],
			"faces": {
				"north": { "texture": "#material", "uv": [ 0.0, 6.5, 5.5, 11.5 ], "autoUv": false },
				"east": { "texture": "#material", "uv": [ 5.5, 6.5, 12.0, 11.5 ], "autoUv": false },
				"south": { "texture": "#material", "uv": [ 12.0, 6.5, 17.5, 11.5 ], "autoUv": false },
				"west": { "texture": "#material", "uv": [ 17.5, 6.5, 24.0, 11.5 ], "autoUv": false },
				"up": { "texture": "#material", "uv": [ 0.0, 0.0, 5.5, 6.5 ], "autoUv": false },
				"down": { "texture": "#material", "uv": [ 5.5, 0.0, 11.0, 6.5 ], "autoUv": false }
			},
			"children": [
				{
					"name": "ArmorCollarR",
					"from": [ 0.225, 4.05, 0.3 ],
					"to": [ 3.975, 5.025, 0.9 ],
					"unwrapMode": 5,
					"uv": [ 49.0, 18.5 ],
					"rotationOrigin": [ 0.225, 4.05, 0.9 ],
					"rotationX": -25.0,
					"faces": {
						"north": { "texture": "#material", "uv": [ 50.0, 18.5, 55.0, 19.5 ], "rotation": 180, "autoUv": false },
						"east": { "texture": "#material", "uv": [ 55.0, 19.5, 56.0, 20.0 ], "rotation": 90, "autoUv": false },
						"south": { "texture": "#material", "uv": [ 50.0, 20.0, 55.0, 21.0 ], "autoUv": false },
						"west": { "texture": "#material", "uv": [ 49.0, 19.5, 50.0, 20.0 ], "rotation": 270, "autoUv": false },
						"up": { "texture": "#material", "uv": [ 50.0, 19.5, 55.0, 20.0 ], "autoUv": false }
					}
				},
				{
					"name": "ArmorCollarL",
					"from": [ 0.225, 4.05, 4.2 ],
					"to": [ 3.975, 5.025, 4.8 ],
					"unwrapMode": 5,
					"uv": [ 49.0, 16.0 ],
					"rotationOrigin": [ 0.225, 4.05, 4.2 ],
					"rotationX": 25.0,
					"faces": {
						"north": { "texture": "#material", "uv": [ 50.0, 16.0, 55.0, 17.0 ], "rotation": 180, "autoUv": false },
						"east": { "texture": "#material", "uv": [ 55.0, 17.0, 56.0, 17.5 ], "rotation": 90, "autoUv": false },
						"south": { "texture": "#material", "uv": [ 50.0, 17.5, 55.0, 18.5 ], "autoUv": false },
						"west": { "texture": "#material", "uv": [ 49.0, 17.0, 50.0, 17.5 ], "rotation": 270, "autoUv": false },
						"up": { "texture": "#material", "uv": [ 50.0, 17.0, 55.0, 17.5 ], "autoUv": false }
					}
				},
				{
					"name": "ArmorCollarRear",
					"from": [ 3.525, 4.05, 0.3 ],
					"to": [ 4.125, 5.025, 4.8 ],
					"unwrapMode": 5,
					"uv": [ 61.5, 20.0 ],
					"rotationOrigin": [ 3.525, 4.05, 0.3 ],
					"rotationZ": -25.0,
					"faces": {
						"north": { "texture": "#material", "uv": [ 62.5, 20.0, 63.0, 21.0 ], "rotation": 180, "autoUv": false },
						"east": { "texture": "#material", "uv": [ 63.0, 21.0, 64.0, 27.0 ], "rotation": 90, "autoUv": false },
						"south": { "texture": "#material", "uv": [ 62.5, 27.0, 63.0, 28.0 ], "autoUv": false },
						"west": { "texture": "#material", "uv": [ 61.5, 21.0, 62.5, 27.0 ], "rotation": 270, "autoUv": false },
						"up": { "texture": "#material", "uv": [ 62.5, 21.0, 63.0, 27.0 ], "autoUv": false }
					}
				},
				{
					"name": "Breasts",
					"from": [ -1.05, 1.65, 0.0075 ],
					"to": [ 0.45, 3.9, 5.0625 ],
					"unwrapMode": 1,
					"autoUnwrap": false,
					"uv": [ 9.0, 0.0 ],
					"rotationOrigin": [ -0.75, 1.5, 0.0 ],
					"rotationZ": -25.0,
					"faces": {
						"north": { "texture": "#material", "uv": [ 15.5, 6.5, 17.5, 9.5 ], "autoUv": false },
						"east": { "texture": "#material", "uv": [ 9.0, 6.5, 15.5, 9.5 ], "autoUv": false, "windMode": [-1,-1,-1,-1], "windData": [1,1,1,1] },
						"south": { "texture": "#material", "uv": [ 15.0, 6.5, 17.0, 9.5 ], "autoUv": false, "windMode": [-1,-1,-1,-1], "windData": [1,1,1,1] },
						"west": { "texture": "#material", "uv": [ 17.5, 6.5, 24.0, 9.5 ], "autoUv": false },
						"up": { "texture": "#material", "uv": [ 17.5, 6.5, 24.0, 8.5 ], "rotation": 270, "autoUv": false, "windMode": [-1,-1,-1,-1], "windData": [1,1,1,1] },
						"down": { "texture": "#material", "uv": [ 17.5, 9.5, 24.0, 11.5 ], "rotation": 90, "autoUv": false, "windMode": [-1,-1,-1,-1], "windData": [1,1,1,1] }
					}
				}
			]
		},
		{
			"name": "ArmorLowerTorso",
			"stepParentName": "LowerTorso",
			"from": [ -0.225, -0.375, -0.225 ],
			"to": [ 3.975, 3.825, 4.725 ],
			"uv": [ 0.0, 11.5 ],
			"rotationOrigin": [ -0.225, -0.375, -0.225 ],
			"faces": {
				"north": { "texture": "#material", "uv": [ 0.0, 18.0, 5.5, 23.5 ], "autoUv": false },
				"east": { "texture": "#material", "uv": [ 5.5, 18.0, 12.0, 23.5 ], "autoUv": false },
				"south": { "texture": "#material", "uv": [ 12.0, 18.0, 17.5, 23.5 ], "autoUv": false },
				"west": { "texture": "#material", "uv": [ 17.5, 18.0, 24.0, 23.5 ], "autoUv": false },
				"up": { "texture": "#material", "uv": [ 0.0, 11.5, 5.5, 18.0 ], "autoUv": false },
				"down": { "texture": "#material", "uv": [ 5.5, 11.5, 11.0, 18.0 ], "autoUv": false }
			}
		},
		{
			"name": "ArmorUpperArmR",
			"stepParentName": "UpperArmR",
			"from": [ -0.15, -0.15, -0.225 ],
			"to": [ 2.325, 5.4, 1.575 ],
			"uv": [ 36.0, 0.0 ],
			"rotationOrigin": [ -0.15, -0.15, -0.225 ],
			"faces": {
				"north": { "texture": "#material", "uv": [ 36.0, 2.0, 39.0, 9.0 ], "autoUv": false },
				"east": { "texture": "#material", "uv": [ 39.0, 2.0, 41.0, 9.0 ], "autoUv": false },
				"south": { "texture": "#material", "uv": [ 41.0, 2.0, 44.0, 9.0 ], "autoUv": false },
				"west": { "texture": "#material", "uv": [ 44.0, 2.0, 46.0, 9.0 ], "autoUv": false },
				"up": { "texture": "#material", "uv": [ 36.0, 0.0, 39.0, 2.0 ], "autoUv": false },
				"down": { "texture": "#material", "uv": [ 39.0, 0.0, 42.0, 2.0 ], "autoUv": false }
			}
		},
		{
			"name": "ArmorUpperArmL",
			"stepParentName": "UpperArmL",
			"from": [ -0.15, -0.15, -0.15 ],
			"to": [ 2.325, 5.4, 1.65 ],
			"uv": [ 26.0, 0.0 ],
			"rotationOrigin": [ -0.15, -0.15, -0.15 ],
			"faces": {
				"north": { "texture": "#material", "uv": [ 26.0, 2.0, 29.0, 9.0 ], "autoUv": false },
				"east": { "texture": "#material", "uv": [ 29.0, 2.0, 31.0, 9.0 ], "autoUv": false },
				"south": { "texture": "#material", "uv": [ 31.0, 2.0, 34.0, 9.0 ], "autoUv": false },
				"west": { "texture": "#material", "uv": [ 34.0, 2.0, 36.0, 9.0 ], "autoUv": false },
				"up": { "texture": "#material", "uv": [ 26.0, 0.0, 29.0, 2.0 ], "autoUv": false },
				"down": { "texture": "#material", "uv": [ 29.0, 0.0, 32.0, 2.0 ], "autoUv": false }
			}
		},
		{
			"name": "ArmorLowerArmR",
			"stepParentName": "LowerArmR",
			"from": [ -0.15, 1.35, -0.1875 ],
			"to": [ 2.025, 6.15, 1.6875 ],
			"uv": [ 36.0, 9.0 ],
			"rotationOrigin": [ -0.15, 1.35, -0.3 ],
			"faces": {
				"north": { "texture": "#material", "uv": [ 36.0, 11.5, 38.5, 17.5 ], "autoUv": false },
				"east": { "texture": "#material", "uv": [ 38.5, 11.5, 41.0, 17.5 ], "autoUv": false },
				"south": { "texture": "#material", "uv": [ 41.0, 11.5, 43.5, 17.5 ], "autoUv": false },
				"west": { "texture": "#material", "uv": [ 43.5, 11.5, 46.0, 17.5 ], "autoUv": false },
				"up": { "texture": "#material", "uv": [ 36.0, 9.0, 38.5, 11.5 ], "autoUv": false },
				"down": { "texture": "#material", "uv": [ 38.5, 9.0, 41.0, 11.5 ], "autoUv": false }
			}
		},
		{
			"name": "ArmorLowerArmL",
			"stepParentName": "LowerArmL",
			"from": [ -0.15, 1.35, -0.1875 ],
			"to": [ 2.025, 6.15, 1.6875 ],
			"uv": [ 26.0, 9.0 ],
			"rotationOrigin": [ -0.15, 1.35, -0.225 ],
			"faces": {
				"north": { "texture": "#material", "uv": [ 26.0, 11.5, 28.5, 17.5 ], "autoUv": false },
				"east": { "texture": "#material", "uv": [ 28.5, 11.5, 31.0, 17.5 ], "autoUv": false },
				"south": { "texture": "#material", "uv": [ 31.0, 11.5, 33.5, 17.5 ], "autoUv": false },
				"west": { "texture": "#material", "uv": [ 33.5, 11.5, 36.0, 17.5 ], "autoUv": false },
				"up": { "texture": "#material", "uv": [ 26.0, 9.0, 28.5, 11.5 ], "autoUv": false },
				"down": { "texture": "#material", "uv": [ 28.5, 9.0, 31.0, 11.5 ], "autoUv": false }
			}
		},
		{
			"name": "ArmorCoatR",
			"stepParentName": "UpperFootR",
			"from": [ -0.525, 0.15, -0.2625 ],
			"to": [ 3.675, 5.4, 2.3625 ],
			"uv": [ 18.0, 24.5 ],
			"rotationOrigin": [ -0.525, 0.15, -0.375 ],
			"faces": {
				"north": { "texture": "#material", "uv": [ 18.0, 28.0, 23.5, 35.0 ], "autoUv": false },
				"east": { "texture": "#material", "uv": [ 23.5, 28.0, 27.0, 35.0 ], "autoUv": false },
				"south": { "texture": "#material", "uv": [ 27.0, 28.0, 32.5, 35.0 ], "autoUv": false },
				"west": { "texture": "#material", "uv": [ 32.5, 28.0, 36.0, 35.0 ], "autoUv": false },
				"up": { "texture": "#material", "uv": [ 18.0, 24.5, 23.5, 28.0 ], "autoUv": false },
				"down": { "texture": "#material", "uv": [ 23.5, 24.5, 29.0, 28.0 ], "autoUv": false }
			},
			"children": [
				{
					"name": "ArmorLegCoverR",
					"from": [ 0.375, 0.075, 0.15 ],
					"to": [ 3.825, 6.825, 2.7 ],
					"autoUnwrap": false,
					"uv": [ 41.5, 40.5 ],
					"rotationOrigin": [ 0.375, 0.075, 0.15 ],
					"faces": {
						"north": { "texture": "#material", "uv": [ 56.0, 54.5, 60.5, 63.5 ], "autoUv": false },
						"east": { "texture": "#material", "uv": [ 59.5, 54.5, 62.5, 63.5 ], "autoUv": false },
						"south": { "texture": "#material", "uv": [ 59.5, 54.5, 64.0, 63.5 ], "autoUv": false },
						"west": { "texture": "#material", "uv": [ 57.0, 54.5, 60.0, 63.5 ], "autoUv": false },
						"up": { "texture": "#material", "uv": [ 56.0, 50.5, 60.5, 53.5 ], "autoUv": false }
					}
				}
			]
		},
		{
			"name": "ArmorCoatL",
			"stepParentName": "UpperFootL",
			"from": [ -0.525, 0.15, 0.0375 ],
			"to": [ 3.675, 5.4, 2.6625 ],
			"uv": [ 0.0, 24.5 ],
			"rotationOrigin": [ -0.525, 0.15, -0.075 ],
			"faces": {
				"north": { "texture": "#material", "uv": [ 0.0, 28.0, 5.5, 35.0 ], "autoUv": false },
				"east": { "texture": "#material", "uv": [ 5.5, 28.0, 9.0, 35.0 ], "autoUv": false },
				"south": { "texture": "#material", "uv": [ 9.0, 28.0, 14.5, 35.0 ], "autoUv": false },
				"west": { "texture": "#material", "uv": [ 14.5, 28.0, 18.0, 35.0 ], "autoUv": false },
				"up": { "texture": "#material", "uv": [ 0.0, 24.5, 5.5, 28.0 ], "autoUv": false },
				"down": { "texture": "#material", "uv": [ 5.5, 24.5, 11.0, 28.0 ], "autoUv": false }
			},
			"children": [
				{
					"name": "ArmorLegCoverL",
					"from": [ 0.375, 0.075, -0.15 ],
					"to": [ 3.825, 6.825, 2.4 ],
					"autoUnwrap": false,
					"uv": [ 0.0, 0.0 ],
					"rotationOrigin": [ 0.375, 0.075, -0.15 ],
					"faces": {
						"north": { "texture": "#material", "uv": [ 57.0, 54.5, 61.5, 63.5 ], "autoUv": false },
						"east": { "texture": "#material", "uv": [ 58.0, 54.5, 61.0, 63.5 ], "autoUv": false },
						"south": { "texture": "#material", "uv": [ 59.5, 54.5, 64.0, 63.5 ], "autoUv": false },
						"west": { "texture": "#material", "uv": [ 56.0, 54.5, 59.0, 63.5 ], "autoUv": false },
						"up": { "texture": "#material", "uv": [ 59.5, 50.5, 64.0, 53.5 ], "autoUv": false }
					}
				}
			]
		}
	]}