{
	"editor": {
		"collapsedPaths": "Root/root/LowerTorso/UpperFootL,Root/root/LowerTorso/UpperFootR,Root/root/LowerTorso/UpperTorso/UpperArmR,Root/root/LowerTorso/UpperTorso/UpperArmL",
		"allAngles": true,
		"entityTextureMode": true
	},
	"textureWidth": 64,
	"textureHeight": 64,
	"textureSizes": {
		"entropoly-naked": [64,64],
		"luckylukoa": [64,64],
		"luckylukoafreckleless": [64,64],
		"pale": [64,64],
		"calico": [64,64],
		"brown": [64,64],
		"brownstripe": [64,64],
		"baseears": [40,32]
	},
	"textures": {
		"baseears": "beastsofmen:racials/feline/baseears"
	},
	"elements": [
		{
			"name": "FelineEarBase",
			"stepParentName": "EarAttachRight",
			"from": [ 0.0, 0.0, 0.0 ],
			"to": [ 2.0, 3.0, 2.7 ],
			"unwrapMode": 4,
			"autoUnwrap": false,
			"uv": [ 0.0, 14.5 ],
			"faces": {
				"north": { "texture": "#baseears", "uv": [ 0.0, 16.5, 2.0, 19.0 ], "autoUv": false },
				"east": { "texture": "#baseears", "uv": [ 6.5, 16.5, 9.0, 19.0 ], "autoUv": false },
				"south": { "texture": "#baseears", "uv": [ 4.5, 16.5, 6.5, 19.0 ], "autoUv": false },
				"west": { "texture": "#baseears", "uv": [ 2.0, 16.5, 4.5, 19.0 ], "autoUv": false },
				"up": { "texture": "#baseears", "uv": [ 2.0, 14.5, 5.0, 16.5 ], "rotation": 90, "autoUv": false, "windMode": [-1,-1,-1,-1] },
				"down": { "texture": "#baseears", "uv": [ 2.0, 19.0, 4.5, 21.0 ], "rotation": 90 }
			},
			"children": [
				{
					"name": "FelineEarMid",
					"from": [ 0.0, 3.0, 0.1 ],
					"to": [ 1.9, 4.7, 2.4 ],
					"unwrapMode": 4,
					"autoUnwrap": false,
					"uv": [ 0.0, 21.0 ],
					"rotationOrigin": [ 0.0, 3.0, 0.1 ],
					"faces": {
						"north": { "texture": "#baseears", "uv": [ 0.0, 22.5, 1.5, 23.5 ], "autoUv": false },
						"east": { "texture": "#baseears", "uv": [ 5.0, 22.5, 7.0, 23.5 ], "autoUv": false },
						"south": { "texture": "#baseears", "uv": [ 3.5, 22.5, 5.0, 23.5 ], "autoUv": false },
						"west": { "texture": "#baseears", "uv": [ 1.5, 22.5, 3.5, 23.5 ], "autoUv": false },
						"up": { "texture": "#baseears", "uv": [ 1.5, 21.0, 3.5, 22.5 ], "rotation": 90, "autoUv": false },
						"down": { "texture": "#baseears", "uv": [ 1.5, 23.5, 3.5, 25.0 ], "rotation": 90, "autoUv": false }
					},
					"children": [
						{
							"name": "FelineEarTip",
							"from": [ 0.0, 1.7, 0.5 ],
							"to": [ 1.4, 2.4, 1.7 ],
							"unwrapMode": 4,
							"uv": [ 3.5, 20.0 ],
							"rotationOrigin": [ 0.0, 1.7, 0.5 ],
							"faces": {
								"north": { "texture": "#baseears", "uv": [ 3.5, 21.0, 4.5, 21.5 ], "autoUv": false },
								"east": { "texture": "#baseears", "uv": [ 6.5, 21.0, 7.5, 21.5 ], "autoUv": false },
								"south": { "texture": "#baseears", "uv": [ 5.5, 21.0, 6.5, 21.5 ], "autoUv": false },
								"west": { "texture": "#baseears", "uv": [ 4.5, 21.0, 5.5, 21.5 ], "autoUv": false },
								"up": { "texture": "#baseears", "uv": [ 4.5, 20.0, 5.5, 21.0 ], "rotation": 90, "autoUv": false },
								"down": { "texture": "#baseears", "uv": [ 4.5, 21.5, 5.5, 22.5 ], "rotation": 90, "autoUv": false }
							},
							"children": [
								{
									"name": "LynxEarTip",
									"from": [ 0.0, 0.7, 0.1 ],
									"to": [ 1.3, 2.2, 1.1 ],
									"unwrapMode": 3,
									"uv": [ 5.5, 25.0 ],
									"rotationOrigin": [ 0.0, 0.7, 0.1 ],
									"faces": {
										"north": { "texture": "#baseears", "uv": [ 8.5, 26.0, 9.5, 27.5 ] },
										"east": { "texture": "#baseears", "uv": [ 7.5, 26.0, 8.5, 27.5 ] },
										"south": { "texture": "#baseears", "uv": [ 6.5, 26.0, 7.5, 27.5 ] },
										"west": { "texture": "#baseears", "uv": [ 5.5, 26.0, 6.5, 27.5 ] },
										"up": { "texture": "#baseears", "uv": [ 6.5, 25.0, 7.5, 26.0 ] },
										"down": { "texture": "#baseears", "uv": [ 6.5, 27.5, 7.5, 28.5 ], "rotation": 180 }
									},
									"children": [
										{
											"name": "LynxTuft1",
											"from": [ 0.0, 1.3, 0.0 ],
											"to": [ 1.3, 2.3, 0.5 ],
											"unwrapMode": 3,
											"uv": [ 6.0, 25.5 ],
											"rotationOrigin": [ 0.0, 1.3, 0.0 ],
											"rotationX": -15.0,
											"faces": {
												"north": { "texture": "#baseears", "uv": [ 8.0, 26.0, 9.0, 27.0 ] },
												"east": { "texture": "#baseears", "uv": [ 7.5, 26.0, 8.0, 27.0 ] },
												"south": { "texture": "#baseears", "uv": [ 6.5, 26.0, 7.5, 27.0 ] },
												"west": { "texture": "#baseears", "uv": [ 6.0, 26.0, 6.5, 27.0 ] },
												"up": { "texture": "#baseears", "uv": [ 6.5, 25.5, 7.5, 26.0 ] },
												"down": { "texture": "#baseears", "uv": [ 6.5, 27.0, 7.5, 27.5 ], "rotation": 180 }
											}
										},
										{
											"name": "LynxTuft2",
											"from": [ 0.0, 1.4, 0.5 ],
											"to": [ 1.3, 2.4, 1.0 ],
											"unwrapMode": 3,
											"uv": [ 6.0, 25.5 ],
											"rotationOrigin": [ 0.0, 1.4, 0.5 ],
											"rotationX": 15.0,
											"faces": {
												"north": { "texture": "#baseears", "uv": [ 8.0, 26.0, 9.0, 27.0 ] },
												"east": { "texture": "#baseears", "uv": [ 7.5, 26.0, 8.0, 27.0 ] },
												"south": { "texture": "#baseears", "uv": [ 6.5, 26.0, 7.5, 27.0 ] },
												"west": { "texture": "#baseears", "uv": [ 6.0, 26.0, 6.5, 27.0 ] },
												"up": { "texture": "#baseears", "uv": [ 6.5, 25.5, 7.5, 26.0 ] },
												"down": { "texture": "#baseears", "uv": [ 6.5, 27.0, 7.5, 27.5 ], "rotation": 180 }
											}
										}
									]
								}
							]
						},
						{
							"name": "MidEarCup",
							"from": [ 0.0, 0.0, 0.5 ],
							"to": [ 1.0, 1.7, 1.8 ],
							"unwrapMode": 4,
							"autoUnwrap": false,
							"uv": [ 6.5, 19.0 ],
							"rotationOrigin": [ 0.0, 0.0, 0.5 ],
							"faces": {
								"north": { "texture": "#baseears", "uv": [ 6.5, 20.0, 7.5, 21.0 ], "autoUv": false, "windMode": [-1,-1,-1,-1] },
								"east": { "texture": "#baseears", "uv": [ 9.5, 20.0, 10.5, 21.0 ], "autoUv": false, "windMode": [-1,-1,-1,-1] },
								"south": { "texture": "#baseears", "uv": [ 8.5, 20.0, 9.5, 21.0 ], "autoUv": false, "windMode": [-1,-1,-1,-1] },
								"west": { "texture": "#baseears", "uv": [ 7.5, 20.0, 8.5, 21.0 ], "autoUv": false, "windMode": [-1,-1,-1,-1] },
								"up": { "texture": "#baseears", "uv": [ 7.4, 19.0, 8.6, 20.0 ], "rotation": 90, "autoUv": false, "windMode": [-1,-1,-1,-1] },
								"down": { "texture": "#baseears", "uv": [ 7.5, 21.0, 8.5, 22.0 ], "rotation": 90, "autoUv": false, "windMode": [-1,-1,-1,-1] }
							}
						}
					]
				},
				{
					"name": "FelineEarCupBase",
					"from": [ 0.0, 0.0, 0.5 ],
					"to": [ 1.0, 3.0, 2.2 ],
					"unwrapMode": 4,
					"autoUnwrap": false,
					"uv": [ 0.5, 25.0 ],
					"rotationOrigin": [ 0.0, 0.0, 0.5 ],
					"faces": {
						"north": { "texture": "#baseears", "uv": [ 0.5, 26.0, 1.5, 28.5 ], "autoUv": false, "windMode": [-1,-1,-1,-1] },
						"east": { "texture": "#baseears", "uv": [ 4.0, 26.0, 5.5, 28.5 ], "autoUv": false, "windMode": [-1,-1,-1,-1] },
						"south": { "texture": "#baseears", "uv": [ 3.0, 26.0, 4.0, 28.5 ], "autoUv": false, "windMode": [-1,-1,-1,-1] },
						"west": { "texture": "#baseears", "uv": [ 1.5, 26.0, 3.0, 28.5 ], "autoUv": false, "windMode": [-1,-1,-1,-1] },
						"up": { "texture": "#baseears", "uv": [ 1.5, 25.0, 6.0, 26.0 ], "rotation": 90, "autoUv": false, "windMode": [-1,-1,-1,-1] },
						"down": { "texture": "#baseears", "uv": [ 1.5, 28.5, 3.0, 29.5 ], "rotation": 90, "autoUv": false, "windMode": [-1,-1,-1,-1] }
					}
				}
			]
		},
		{
			"name": "TailBase",
			"stepParentName": "TailBaseAttach",
			"from": [ 0.0, -0.1, -0.1 ],
			"to": [ 1.6, 1.2, 1.1 ],
			"unwrapMode": 4,
			"uv": [ 11.0, 11.0 ],
			"rotationOrigin": [ 0.0, -0.1, -0.1 ],
			"faces": {
				"north": { "texture": "#baseears", "uv": [ 11.0, 12.5, 12.5, 13.5 ] },
				"east": { "texture": "#baseears", "uv": [ 15.0, 12.5, 16.0, 13.5 ] },
				"south": { "texture": "#baseears", "uv": [ 13.5, 12.5, 15.0, 13.5 ] },
				"west": { "texture": "#baseears", "uv": [ 12.5, 12.5, 13.5, 13.5 ] },
				"up": { "texture": "#baseears", "uv": [ 12.5, 11.0, 13.5, 12.5 ], "rotation": 90 },
				"down": { "texture": "#baseears", "uv": [ 12.5, 13.5, 13.5, 15.0 ], "rotation": 90 }
			},
			"children": [
				{
					"name": "TailbaseCurve1",
					"from": [ 1.2, 0.0, 0.1 ],
					"to": [ 3.3, 1.3, 1.1 ],
					"unwrapMode": 4,
					"uv": [ 10.5, 15.0 ],
					"rotationOrigin": [ 1.2, 0.0, 0.1 ],
					"rotationZ": -15.0,
					"faces": {
						"north": { "texture": "#baseears", "uv": [ 10.5, 17.0, 12.5, 18.0 ] },
						"east": { "texture": "#baseears", "uv": [ 15.5, 17.0, 16.5, 18.0 ] },
						"south": { "texture": "#baseears", "uv": [ 13.5, 17.0, 15.5, 18.0 ] },
						"west": { "texture": "#baseears", "uv": [ 12.5, 17.0, 13.5, 18.0 ] },
						"up": { "texture": "#baseears", "uv": [ 12.5, 15.0, 13.5, 17.0 ], "rotation": 90 },
						"down": { "texture": "#baseears", "uv": [ 12.5, 18.0, 13.5, 20.0 ], "rotation": 90 }
					},
					"children": [
						{
							"name": "TailBaseCurve2",
							"from": [ 1.8, 0.0, 0.0 ],
							"to": [ 4.5, 1.3, 1.0 ],
							"unwrapMode": 6,
							"uv": [ 10.5, 20.0 ],
							"rotationOrigin": [ 1.8, 0.0, 0.0 ],
							"rotationZ": -10.0,
							"faces": {
								"north": { "texture": "#baseears", "uv": [ 11.5, 20.0, 14.0, 21.0 ] },
								"east": { "texture": "#baseears", "uv": [ 10.5, 21.0, 11.5, 22.0 ], "rotation": 90 },
								"south": { "texture": "#baseears", "uv": [ 11.5, 22.0, 14.0, 23.0 ], "rotation": 180 },
								"west": { "texture": "#baseears", "uv": [ 14.0, 21.0, 15.0, 22.0 ], "rotation": 270 },
								"up": { "texture": "#baseears", "uv": [ 15.0, 21.0, 17.5, 22.0 ] },
								"down": { "texture": "#baseears", "uv": [ 11.5, 21.0, 14.0, 22.0 ] }
							}
						}
					]
				}
			]
		},
		{
			"name": "TailMain",
			"stepParentName": "MainFlex",
			"from": [ 0.0, -0.1, -0.3 ],
			"to": [ 9.0, 1.3, 0.9 ],
			"unwrapMode": 6,
			"uv": [ 13.5, 13.5 ],
			"rotationOrigin": [ 0.0, -0.1, -0.3 ],
			"faces": {
				"north": { "texture": "#baseears", "uv": [ 14.5, 13.5, 23.5, 14.5 ] },
				"east": { "texture": "#baseears", "uv": [ 13.5, 14.5, 14.5, 15.5 ], "rotation": 90 },
				"south": { "texture": "#baseears", "uv": [ 14.5, 15.5, 23.5, 16.5 ], "rotation": 180 },
				"west": { "texture": "#baseears", "uv": [ 23.5, 14.5, 24.5, 15.5 ], "rotation": 270 },
				"up": { "texture": "#baseears", "uv": [ 24.5, 14.5, 33.5, 15.5 ] },
				"down": { "texture": "#baseears", "uv": [ 14.5, 14.5, 23.5, 15.5 ] }
			},
			"children": [
				{
					"name": "MainCurve",
					"from": [ 8.9, 0.0, 0.1 ],
					"to": [ 12.1, 1.5, 1.1 ],
					"unwrapMode": 6,
					"uv": [ 15.0, 17.0 ],
					"rotationOrigin": [ 8.9, 0.0, 0.1 ],
					"rotationZ": 20.0,
					"faces": {
						"north": { "texture": "#baseears", "uv": [ 16.5, 17.0, 19.5, 18.5 ] },
						"east": { "texture": "#baseears", "uv": [ 15.0, 18.5, 16.5, 19.5 ], "rotation": 90 },
						"south": { "texture": "#baseears", "uv": [ 16.5, 19.5, 19.5, 21.0 ], "rotation": 180 },
						"west": { "texture": "#baseears", "uv": [ 19.5, 18.5, 21.0, 19.5 ], "rotation": 270 },
						"up": { "texture": "#baseears", "uv": [ 21.0, 18.5, 24.0, 19.5 ] },
						"down": { "texture": "#baseears", "uv": [ 16.5, 18.5, 19.5, 19.5 ] }
					}
				}
			]
		},
		{
			"name": "TailTip",
			"stepParentName": "TipFlex",
			"from": [ 0.0, -0.1, -0.3 ],
			"to": [ 2.3, 1.2, 0.9 ],
			"unwrapMode": 4,
			"uv": [ 22.5, 15.5 ],
			"rotationOrigin": [ 0.0, -0.1, -0.3 ],
			"faces": {
				"north": { "texture": "#baseears", "uv": [ 22.5, 17.5, 24.5, 18.5 ] },
				"east": { "texture": "#baseears", "uv": [ 27.5, 17.5, 28.5, 18.5 ] },
				"south": { "texture": "#baseears", "uv": [ 25.5, 17.5, 27.5, 18.5 ] },
				"west": { "texture": "#baseears", "uv": [ 24.5, 17.5, 25.5, 18.5 ] },
				"up": { "texture": "#baseears", "uv": [ 24.5, 15.5, 25.5, 17.5 ], "rotation": 90 },
				"down": { "texture": "#baseears", "uv": [ 24.5, 18.5, 25.5, 20.5 ], "rotation": 90 }
			},
			"children": [
				{
					"name": "LynxExtension",
					"from": [ 2.2, -0.1, -0.1 ],
					"to": [ 5.2, 1.4, 1.3 ],
					"unwrapMode": 5,
					"uv": [ 12.5, 22.0 ],
					"rotationOrigin": [ 2.2, -0.1, -0.1 ],
					"rotationZ": 15.0,
					"faces": {
						"north": { "texture": "#baseears", "uv": [ 14.0, 22.0, 17.0, 23.5 ], "rotation": 180 },
						"east": { "texture": "#baseears", "uv": [ 17.0, 23.5, 18.5, 24.5 ], "rotation": 90 },
						"south": { "texture": "#baseears", "uv": [ 14.0, 24.5, 17.0, 26.0 ] },
						"west": { "texture": "#baseears", "uv": [ 12.5, 23.5, 14.0, 24.5 ], "rotation": 270 },
						"up": { "texture": "#baseears", "uv": [ 14.0, 23.5, 17.0, 24.5 ] },
						"down": { "texture": "#baseears", "uv": [ 18.5, 23.5, 21.5, 24.5 ] }
					}
				}
			]
		},
		{
			"name": "FelineEarBase2",
			"stepParentName": "EarAttachLeft",
			"from": [ 0.0, 0.0, 0.0 ],
			"to": [ 2.0, 3.0, 2.7 ],
			"unwrapMode": 4,
			"autoUnwrap": false,
			"uv": [ 0.0, 14.5 ],
			"faces": {
				"north": { "texture": "#baseears", "uv": [ 0.0, 16.5, 2.0, 19.0 ], "autoUv": false },
				"east": { "texture": "#baseears", "uv": [ 6.5, 16.5, 9.0, 19.0 ], "autoUv": false },
				"south": { "texture": "#baseears", "uv": [ 4.5, 16.5, 6.5, 19.0 ], "autoUv": false },
				"west": { "texture": "#baseears", "uv": [ 2.0, 16.5, 4.5, 19.0 ], "autoUv": false },
				"up": { "texture": "#baseears", "uv": [ 2.0, 14.5, 5.0, 16.5 ], "rotation": 90, "autoUv": false, "windMode": [-1,-1,-1,-1] },
				"down": { "texture": "#baseears", "uv": [ 2.0, 19.0, 4.5, 21.0 ], "rotation": 90 }
			},
			"children": [
				{
					"name": "FelineEarMid2",
					"from": [ 0.0, 3.0, 0.1 ],
					"to": [ 1.9, 4.7, 2.4 ],
					"unwrapMode": 4,
					"autoUnwrap": false,
					"uv": [ 0.0, 21.0 ],
					"rotationOrigin": [ 0.0, 3.0, 0.1 ],
					"faces": {
						"north": { "texture": "#baseears", "uv": [ 0.0, 22.5, 1.5, 23.5 ], "autoUv": false },
						"east": { "texture": "#baseears", "uv": [ 5.0, 22.5, 7.0, 23.5 ], "autoUv": false },
						"south": { "texture": "#baseears", "uv": [ 3.5, 22.5, 5.0, 23.5 ], "autoUv": false },
						"west": { "texture": "#baseears", "uv": [ 1.5, 22.5, 3.5, 23.5 ], "autoUv": false },
						"up": { "texture": "#baseears", "uv": [ 1.5, 21.0, 3.5, 22.5 ], "rotation": 90, "autoUv": false },
						"down": { "texture": "#baseears", "uv": [ 1.5, 23.5, 3.5, 25.0 ], "rotation": 90, "autoUv": false }
					},
					"children": [
						{
							"name": "FelineEarTip2",
							"from": [ 0.0, 1.7, 0.5 ],
							"to": [ 1.4, 2.4, 1.7 ],
							"unwrapMode": 4,
							"uv": [ 3.5, 20.0 ],
							"rotationOrigin": [ 0.0, 1.7, 0.5 ],
							"faces": {
								"north": { "texture": "#baseears", "uv": [ 3.5, 21.0, 4.5, 21.5 ], "autoUv": false },
								"east": { "texture": "#baseears", "uv": [ 6.5, 21.0, 7.5, 21.5 ], "autoUv": false },
								"south": { "texture": "#baseears", "uv": [ 5.5, 21.0, 6.5, 21.5 ], "autoUv": false },
								"west": { "texture": "#baseears", "uv": [ 4.5, 21.0, 5.5, 21.5 ], "autoUv": false },
								"up": { "texture": "#baseears", "uv": [ 4.5, 20.0, 5.5, 21.0 ], "rotation": 90, "autoUv": false },
								"down": { "texture": "#baseears", "uv": [ 4.5, 21.5, 5.5, 22.5 ], "rotation": 90, "autoUv": false }
							},
							"children": [
								{
									"name": "LynxEarTip2",
									"from": [ 0.0, 0.7, 0.1 ],
									"to": [ 1.3, 2.2, 1.1 ],
									"unwrapMode": 3,
									"uv": [ 5.5, 25.0 ],
									"rotationOrigin": [ 0.0, 0.7, 0.1 ],
									"faces": {
										"north": { "texture": "#baseears", "uv": [ 8.5, 26.0, 9.5, 27.5 ] },
										"east": { "texture": "#baseears", "uv": [ 7.5, 26.0, 8.5, 27.5 ] },
										"south": { "texture": "#baseears", "uv": [ 6.5, 26.0, 7.5, 27.5 ] },
										"west": { "texture": "#baseears", "uv": [ 5.5, 26.0, 6.5, 27.5 ] },
										"up": { "texture": "#baseears", "uv": [ 6.5, 25.0, 7.5, 26.0 ] },
										"down": { "texture": "#baseears", "uv": [ 6.5, 27.5, 7.5, 28.5 ], "rotation": 180 }
									},
									"children": [
										{
											"name": "LynxTuft3",
											"from": [ 0.0, 1.3, 0.0 ],
											"to": [ 1.3, 2.3, 0.5 ],
											"unwrapMode": 3,
											"uv": [ 6.0, 25.5 ],
											"rotationOrigin": [ 0.0, 1.3, 0.0 ],
											"rotationX": -15.0,
											"faces": {
												"north": { "texture": "#baseears", "uv": [ 8.0, 26.0, 9.0, 27.0 ] },
												"east": { "texture": "#baseears", "uv": [ 7.5, 26.0, 8.0, 27.0 ] },
												"south": { "texture": "#baseears", "uv": [ 6.5, 26.0, 7.5, 27.0 ] },
												"west": { "texture": "#baseears", "uv": [ 6.0, 26.0, 6.5, 27.0 ] },
												"up": { "texture": "#baseears", "uv": [ 6.5, 25.5, 7.5, 26.0 ] },
												"down": { "texture": "#baseears", "uv": [ 6.5, 27.0, 7.5, 27.5 ], "rotation": 180 }
											}
										},
										{
											"name": "LynxTuft4",
											"from": [ 0.0, 1.4, 0.5 ],
											"to": [ 1.3, 2.4, 1.0 ],
											"unwrapMode": 3,
											"uv": [ 6.0, 25.5 ],
											"rotationOrigin": [ 0.0, 1.4, 0.5 ],
											"rotationX": 15.0,
											"faces": {
												"north": { "texture": "#baseears", "uv": [ 8.0, 26.0, 9.0, 27.0 ] },
												"east": { "texture": "#baseears", "uv": [ 7.5, 26.0, 8.0, 27.0 ] },
												"south": { "texture": "#baseears", "uv": [ 6.5, 26.0, 7.5, 27.0 ] },
												"west": { "texture": "#baseears", "uv": [ 6.0, 26.0, 6.5, 27.0 ] },
												"up": { "texture": "#baseears", "uv": [ 6.5, 25.5, 7.5, 26.0 ] },
												"down": { "texture": "#baseears", "uv": [ 6.5, 27.0, 7.5, 27.5 ], "rotation": 180 }
											}
										}
									]
								}
							]
						},
						{
							"name": "MidEarCup2",
							"from": [ 0.0, 0.0, 0.5 ],
							"to": [ 1.0, 1.7, 1.8 ],
							"unwrapMode": 4,
							"autoUnwrap": false,
							"uv": [ 6.5, 19.0 ],
							"rotationOrigin": [ 0.0, 0.0, 0.5 ],
							"faces": {
								"north": { "texture": "#baseears", "uv": [ 6.5, 20.0, 7.5, 21.0 ], "autoUv": false, "windMode": [-1,-1,-1,-1] },
								"east": { "texture": "#baseears", "uv": [ 9.5, 20.0, 10.5, 21.0 ], "autoUv": false, "windMode": [-1,-1,-1,-1] },
								"south": { "texture": "#baseears", "uv": [ 8.5, 20.0, 9.5, 21.0 ], "autoUv": false, "windMode": [-1,-1,-1,-1] },
								"west": { "texture": "#baseears", "uv": [ 7.5, 20.0, 8.5, 21.0 ], "autoUv": false, "windMode": [-1,-1,-1,-1] },
								"up": { "texture": "#baseears", "uv": [ 7.4, 19.0, 8.6, 20.0 ], "rotation": 90, "autoUv": false, "windMode": [-1,-1,-1,-1] },
								"down": { "texture": "#baseears", "uv": [ 7.5, 21.0, 8.5, 22.0 ], "rotation": 90, "autoUv": false, "windMode": [-1,-1,-1,-1] }
							}
						}
					]
				},
				{
					"name": "FelineEarCupBase2",
					"from": [ 0.0, 0.0, 0.5 ],
					"to": [ 1.0, 3.0, 2.2 ],
					"unwrapMode": 4,
					"autoUnwrap": false,
					"uv": [ 0.5, 25.0 ],
					"rotationOrigin": [ 0.0, 0.0, 0.5 ],
					"faces": {
						"north": { "texture": "#baseears", "uv": [ 0.5, 26.0, 1.5, 28.5 ], "autoUv": false, "windMode": [-1,-1,-1,-1] },
						"east": { "texture": "#baseears", "uv": [ 4.0, 26.0, 5.5, 28.5 ], "autoUv": false, "windMode": [-1,-1,-1,-1] },
						"south": { "texture": "#baseears", "uv": [ 3.0, 26.0, 4.0, 28.5 ], "autoUv": false, "windMode": [-1,-1,-1,-1] },
						"west": { "texture": "#baseears", "uv": [ 1.5, 26.0, 3.0, 28.5 ], "autoUv": false, "windMode": [-1,-1,-1,-1] },
						"up": { "texture": "#baseears", "uv": [ 1.5, 25.0, 6.0, 26.0 ], "rotation": 90, "autoUv": false, "windMode": [-1,-1,-1,-1] },
						"down": { "texture": "#baseears", "uv": [ 1.5, 28.5, 3.0, 29.5 ], "rotation": 90, "autoUv": false, "windMode": [-1,-1,-1,-1] }
					}
				}
			]
		}
	]}