{
	"code": "thylacoleonidae",
	"class": "EntityAgent",
	"canClimb": true,
	"canClimbAnywhereByType": {"*-baby-*":true},
	"climbTouchDistance": 0.05,
	"rotateModelOnClimb": true,
	"fallDamageMultiplier": 0.01,
	"variantgroups": [
		{"code": "age","states": ["baby" ]},
		{"code": "gender","states": [ "female","male"]},
		{"code": "type","states": [ "thylacoleocarnifex"]}
	],
	"hitBoxSizeByType": {
		"*-baby-*-thylacoleocarnifex": {	"x": 0.5,"y": 0.4}
	},
	"deadhitBoxSizeByType": {
		"*-baby-*-thylacoleocarnifex": {	"x": 0.5,"y": 0.2}
	},
	"eyeHeightByType": {
		"*-baby-*-thylacoleocarnifex": 0.4
	},
	"weightByType": {
		"*-baby-*-thylacoleocarnifex": 15
	},	
	"knockbackResistanceByType": {
		"*-baby-*": 0.4	},	
	"attributes": {
		"killedByInfoText": "deadcreature-killed",
		"basketCatchable": true,
		"trapChance": 0.4,
		"trapDestroyChance": 0.05,
		"creatureDiet": {
			"foodTags": ["egg","fish","meat" ]
		},
		"handbook": {
			"groupcode": "creaturegroup-thylacoleonidae"
		}
	},
	"drops": [],
	"client": {
		"renderer": "Shape",
		"shapeByType": {
			"*-baby-*": { "base": "entity/land/thylacoleonidae/{type}-baby" }
		},
		"textureByType": {
			"*-baby-*": { "base": "entity/thylacoleonidae/{type}-baby" }
		},
		"sizeByType": {
			"*-baby-*-thylacoleocarnifex": 1
		},
		"behaviors": [
			{"code": "repulseagents" },
			{"code": "controlledphysics","stepHeight": 2.1251,"climbUpSpeed": 0.1,"climbDownSpeed": 0.1},
			{"code": "floatupwhenstuck","onlyWhenDead": true},
			{"code": "interpolateposition" },
			{"code": "harvestable","quantitySlots": 8},
			{"code": "despawn","minPlayerDistance": 8,"belowLightLevel": 8,"minSeconds": 300},
			{"code": "ropetieable","minGeneration": 2}
		],
		"animations": [
			{"code": "attack","animation": "Attack","animationSpeed": 1.2,"weight": 10,"blendMode": "AddAverage"},
			{"code": "pounce","animation": "Pounce","animationSpeed": 1.2,"easeOutSpeed": 4,"weight": 6,"blendMode": "AddAverage"},
			{"code": "die","animation": "Die","easeInSpeed": 3,"animationSpeed": 2.25,"weight": 10,"blendMode": "Average","triggeredBy": { "onControls": [ "dead" ] }},
			{"code": "eat","animation": "Eat","easeInSpeed": 2,"easeOutSpeed": 2,"blendMode": "Average"},
			{"code": "hurt","animation": "Hurt","animationSpeed": 2.2,"weight": 10,"blendMode": "AddAverage"},
			{"code": "idle","animation": "Idle","animationSpeed": 0.5,"blendMode": "AddAverage","easeOutSpeed": 4,"triggeredBy": { "defaultAnim": true }},
			{"code": "scream","animation": "Scream","easeInSpeed": 1.5,"easeOutSpeed": 1.5,"weight": 10,"blendMode": "AddAverage"},
			{"code": "sit","animation": "Sit","easeInSpeed": 2,"easeOutSpeed": 5,"blendMode": "Average"},
			{"code": "lie","animation": "Lie","easeInSpeed": 2,"easeOutSpeed": 5,"weight": 5,"blendMode": "Average"},
			{"code": "sleep","animation": "Sleep","easeInSpeed": 2,"easeOutSpeed": 5,"weight": 5,"blendMode": "Average"},
			{"code": "swim","animation": "Swim","supressDefaultAnimation": true,"blendMode": "Average"},
			{"code": "run","animation": "Run","easeInSpeed": 10,"supressDefaultAnimation": true,"blendMode": "Average"},
			{"code": "stalk","animation": "Stalk","easeInSpeed": 10,"supressDefaultAnimation": true,"blendMode": "Average"},
			{"code": "walk","animation": "Walk","easeInSpeed": 10,"supressDefaultAnimation": true,"blendMode": "Average"}
		]
	},
	"server": {
		"attributes": {
			"pathfinder": {
				"minTurnAnglePerSec": 0,
				"maxTurnAnglePerSecByType": {  "*-baby-*": 360}
			}
		},
		"behaviors": [
			{ "code": "repulseagents" },
			{"code": "controlledphysics","stepHeight": 2.1251,"climbUpSpeed": 0.1,"climbDownSpeed": 0.1},
			{"code": "despawn","minPlayerDistance": 8,"belowLightLevel": 8,"minSeconds": 300},
			{"code": "health",
				"maxhealthByType": {
					"*-baby-*-thylacoleocarnifex": 6
				}
			},
			{"code": "deaddecay",
				"hoursToDecay": 96,
				"decayedBlockByType": {
				"*-baby-*": "carcass-small"
				}
			},
			{"code": "floatupwhenstuck","onlyWhenDead": true},
			{"code": "harvestable",
				"quantitySlots": 8,
				"drops": [
					{
						"type": "item",
						"code": "game:bushmeat-raw",
						"quantityByType": {
							"*-baby-*": {"avg": 2.5,"var": 0.5}
						}
					},
					{
						"type": "item",
						"code": "vombatidae:pelt-baby-{type}",
						"quantityByType": {
							"*": {"avg": 1.0,"var": 0.0}
						}
					},
					{
						"type": "item",
						"code": "game:fat",
						"quantityByType": {
							"*-baby-*": {"avg": 1,"var": 0.3}
						}
					}
				]
			},
			{"code": "breathe" },
			{"code": "grow",
				"hoursToGrowByType": {"*-thylacoleocarnifex": 525},
				"adultEntityCodesByType": {
					"*-baby-male-*": ["vombatidae:thylacoleonidae-adult-male-{type}"],
					"*-baby-female-*": ["vombatidae:thylacoleonidae-adult-female-{type}"]
				}
			},
			{"code": "emotionstates",
				"states": [
					{"code": "fleeondamage","duration": 60,"chanceByType": {"*-baby-*": 1},"slot": 2,"priority": 4,"accumType": "max","whenHealthRelBelow": 0.5},
					{"code": "fleeondamage","duration": 60,"slot": 2,"chanceByType": {"*-baby-*": 1},"priority": 1,"accumType": "max"},
					{"code": "alarmherdondamage","chance": 1,"slot": 1,"priority": 1.5,"accumType": "max"},
					{"code": "saturated","duration": 2880,"chance": 1,"slot": 0,"priority": 1,"accumType": "sum"}
				]
			},
			{
				"code": "taskai",
				"aiCreatureType": "LandCreature",
				"aitasks": [
					{
						"code": "fleeentity",
						"animation": "Run",
						"entityCodesByType": {
							"*": [ "player", "bear-*","deer-*","drifter-*", "fox-*", "goat-*","hyena-*", "moose-*", "pig-*", "sheep-*","tameddeer-*", "wolf-*", "antilopinae-*","bovinae-*","caninae-*", "caprinae-*","cervidae-*","dasyuridae-*","dinornithidae-*","diprotodontidae-*","dromornithidae-*","elephantidae-*","felinae-*","hyaenidae-*","machairodontinae-*","meiolaniidae-*","pantherinae-neofelis-*","rhinocerotidae-*","suidae-*", "ursidae-*","viverridae-*","vombatidae-*" ]
						},
						"priority": 1.53,
						"movespeedByType": {
							"*-baby-*-thylacoleocarnifex": 0.04
						},
						"animationSpeedByType": {
							"*-baby-*": 4.5,
							"*": 1
						},
						"seekingRange": 20,
						"whenInEmotionState": "fleeondamage"

					},
					{
						"code": "fleeentity",
						"animation": "Run",
						"entityCodesByType": {
							"*":["player","bear-*","bell-*","bowtorn-*","drifter-*","hyena-*","locust-*","wolf-*","caninae-canina-adult-*","caninae-cerdocyonina-adult-*","diprotodontidae-adult-*","elephantidae-*", "machairodontinae-adult-*","pantherinae-panthera-adult-*", "rhinocerotidae-adult-*","ursidae-adult-*"  ]
						},
						"priority": 1.52,
						"movespeedByType": {
							"*-baby-*-thylacoleocarnifex": 0.04
						},
						"animationSpeedByType": {
							"*-baby-*": 4.5,
							"*": 1
						},
						"seekingRange": 10,
						"whenNotInEmotionState": "aggressiveondamage|fleeondamage"
					},
					{
						"code": "fleeentity",
						"animation": "Walk",
						"entityCodesByType": {
							"*":["player","bear-*","bell-*","bowtorn-*","drifter-*","hyena-*","locust-*","wolf-*","caninae-canina-adult-*","caninae-cerdocyonina-adult-*","diprotodontidae-adult-*","elephantidae-*", "machairodontinae-adult-*","pantherinae-neofelis-adult-*", "pantherinae-panthera-adult-*", "rhinocerotidae-adult-*","ursidae-adult-*"  ]
						},
						"priority": 1.51,
						"movespeedByType": {
							"*-baby-*-thylacoleocarnifex": 0.004
						},
						"animationSpeedByType": {
							"*-baby-*-thylacoleocarnifex": 1.1,
							"*": 1
						},
						"seekingRange": 25,
						"whenNotInEmotionState": "aggressiveondamage|fleeondamage"
					},
					{
						"code": "getoutofwater",
						"animation": "Swim",
						"priority": 1.4,
						"movespeedByType": {
							"*-baby-*": 0.02
						},
						"animationSpeed": 1.5
					},
					{
						"code": "stayclosetoentity",
						"animation": "Walk",
						"priority": 1.81,
						"entityCodeByType": {
							"*-baby-*": "thylacoleonidae-adult-female-{type}"},
						"movespeedByType": {
							"*-baby-*-thylacoleocarnifex": 0.004
						},
						"animationSpeedByType": {
							"*-baby-*-thylacoleocarnifex": 1.1,
							"*": 1
						},
						"maxDistance": 5,
						"searchRange": 15
					},
					{
						"code": "idle",
						"animation": "Sit",
						"priority": 1.2,
						"minduration": 6000,
						"maxduration": 24000,
						"mincooldown": 48000,
						"maxcooldown": 96000,
						"chance": 0.7,
						"priorityForCancel": 1.28,
						"stopOnNearbyEntityCodes": [  "player","bear-*","bell-*","drifter-*","hyena-*","locust-*", "wolf-*", "caninae-canina-adult-*","caninae-cerdocyonina-adult-*", "machairodontinae-adult-*","pantherinae-neofelis-adult-*", "pantherinae-panthera-adult-*"  ],
						"stopRange": 10,
						"animationSpeedByType": {"*": 0.6},
						"stopOnHurt": true,
						"whenNotInEmotionState": "aggressiveondamage|fleeondamage"
					},
					{
						"code": "idle",
						"animation": "Lie",
						"priority": 1.2,
						"minduration": 6000,
						"maxduration": 24000,
						"mincooldown": 48000,
						"maxcooldown": 96000,
						"chance": 0.5,
						"priorityForCancel": 1.28,
						"stopOnNearbyEntityCodes": [  "player","bear-*","bell-*","drifter-*","hyena-*","locust-*", "wolf-*", "caninae-canina-adult-*","caninae-cerdocyonina-adult-*", "machairodontinae-adult-*","pantherinae-neofelis-adult-*", "pantherinae-panthera-adult-*"  ],
						"stopRange": 10,
						"animationSpeedByType": {"*": 0.6},
						"stopOnHurt": true,
						"whenNotInEmotionState": "aggressiveondamage|fleeondamage"
					},
					{
						"code": "idle",
						"animation": "Sleep",
						"priority": 1.25,
						"minduration": 200000,
						"maxduration": 800000,
						"mincooldown": 1000,
						"maxcooldown": 3000,
						"chance": 0.5,
						"animationSpeed": 0.3,
						"whenNotInEmotionState": "aggressiveondamage|fleeondamage",
						"duringDayTimeFramesByType": {
							"*-thylacoleocarnifex":[{"fromHour": 12,"toHour": 16},{"fromHour": 22,"toHour": 24},{"fromHour": 0,"toHour": 3}],
							"*":[{"fromHour": 7,"toHour": 16}]},
						"stopOnNearbyEntityCodes": [ "player" ],
						"stopRange": 1,
						"stopOnHurt": true
					},
					{
						"code": "seekfoodandeat",
						"animation": "Walk",
						"eatAnimation": "Eat",
						"movespeedByType": {
							"*-baby-*-thylacoleocarnifex": 0.004
						},
						"animationSpeedByType": {
							"*-baby-*-thylacoleocarnifex": 1.1,
							"*": 1
						},
						"priority": 1.24,
						"eatSoundByType": {"*":"game:creature/animal-eat-small"},
						"eatTime": 1.5,
						"eatLooseItems": true,
						"mincooldownHours": 1,
						"maxcooldownHours": 4,
						"whenNotInEmotionState": "aggressiveondamage|fleeondamage"
					},
					{
						"code": "idle",
						"animation": "Scream",
						"priority": 1.0,
						"priorityForCancel": 1.35,
						"minduration": 4667,
						"maxduration": 4667,
						"chance": 0.2,
						"mincooldown": 8000,
						"maxcooldown": 50000,
						"animationSpeedByType": {
							"*-thylacoleocarnifex": 0.5,
							"*": 1
						},
						"whenNotInEmotionState": "aggressiveondamage|fleeondamage",
						"SoundByType": {
							"*baby-*-thylacoleocarnifex": "vombatidae:creature/thylacoleonidae/cry*"
						},
						"soundRangeByType": {
							"*-baby-*": 24
						}
					},
					{
						"code": "wander",
						"animation": "Walk",
						"priority": 1.0,
						"priorityForCancel": 1.35,
						"movespeedByType": {
							"*-baby-*-thylacoleocarnifex": 0.004},
						"animationSpeedByType": {
							"*-baby-*-thylacoleocarnifex": 1.1,
							"*": 1
						},
						"preferredLightLevel": 6,
						"whenNotInEmotionState": "aggressiveondamage|fleeondamage"
					},
					{
						"code": "lookaround",
						"priority": 0.5,
						"animationSpeed": 0.75,
						"whenNotInEmotionState": "aggressiveondamage|fleeondamage"
					}
				]
			},
			{"code": "ropetieable","minGeneration": 2},
			{"code": "pettable","minGeneration": 1}
		]
	},
	"soundsByType": {
		"*-baby-*-thylacoleocarnifex":{"hurt": "creature/thylacoleonidae/cry*","death": "creature/thylacoleonidae/cry*","idle": "creature/thylacoleonidae/hiss*"}
	},
	"idleSoundRangeByType": {
		"*-baby-*":12
	},
	"idleSoundChanceByType": {
		"*-baby-*":0.1
	}
}