{
	"code": "thylacoleonidae",
	"class": "EntityAgent",
	"fallDamageMultiplier": 0.05,
	"variantgroups": [
		{"code": "age","states": [ "adult" ]},
		{"code": "gender","states": [ "female","male"]},
		{"code": "type","states": [ "thylacoleocarnifex"]}
	],
	"hitBoxSizeByType": {
		"*-adult-*-thylacoleocarnifex": {	"x": 1.0,"y": 0.8}
	},
	"deadhitBoxSizeByType": {
		"*-adult-*-thylacoleocarnifex": {	"x": 1.0,"y": 0.4}
	},
	"eyeHeightByType": {
		"*-adult-*-thylacoleocarnifex": 0.8
	},
	"weightByType": {
		"*-adult-female-thylacoleocarnifex": 110,"*-adult-male-thylacoleocarnifex": 120
	},	
	"knockbackResistance": 0.8,	
	"attributes": {
		"killedByInfoText": "deadcreature-killed",
		"basketCatchable": true,
		"trapChancee":0.0,
		"trapDestroyChance":0.1,
		"creatureDiet": {
			"foodTags": ["egg","fish","meat" ]
		},
		"handbook": {
			"groupcode": "creaturegroup-thylacoleonidae"
		}
	},
	"drops": [],
	"client": {
		"renderer": "Shape",
		"shapeByType": {
			"*-adult-*": { "base": "entity/land/thylacoleonidae/{type}-adult" }
		},
		"textureByType": {
			"*-adult-*": { "base": "entity/thylacoleonidae/{type}-adult" }
		},
		"sizeByType": {
			"*-adult-male-thylacoleocarnifex": 1.05,"*-adult-female-thylacoleocarnifex": 0.95
		},
		"behaviors": [
			{"code": "repulseagents" },
			{"code": "controlledphysics","stepHeight": 3.1251},
			{"code": "floatupwhenstuck","onlyWhenDead": true},
			{"code": "interpolateposition" },
			{"code": "harvestable","quantitySlots": 8},
			{ "code": "multiply", "enabledByType": { "*-adult-female-*": true, "*": false } },
			{"code": "despawn","minPlayerDistance": 8,"belowLightLevel": 8,"minSeconds": 300},
			{"code": "ropetieable","minGeneration": 2}
		],
		"animations": [
			{"code": "attack","animation": "Attack","animationSpeed": 1.2,"weight": 10,"blendMode": "AddAverage"},
			{"code": "pounce","animation": "Pounce","animationSpeed": 1.2,"easeOutSpeed": 4,"weight": 6,"blendMode": "AddAverage"},
			{"code": "die","animation": "Die","easeInSpeed": 3,"animationSpeed": 2.25,"weight": 10,"blendMode": "Average","triggeredBy": { "onControls": [ "dead" ] }},
			{"code": "eat","animation": "Eat","easeInSpeed": 2,"easeOutSpeed": 2,"blendMode": "Average"},
			{"code": "hurt","animation": "Hurt","animationSpeed": 2.2,"weight": 10,"blendMode": "AddAverage"},
			{"code": "idle","animation": "Idle","animationSpeed": 0.5,"blendMode": "AddAverage","easeOutSpeed": 4,"triggeredBy": { "defaultAnim": true }},
			{"code": "scream","animation": "Scream","easeInSpeed": 1.5,"easeOutSpeed": 1.5,"weight": 10,"blendMode": "AddAverage"},
			{"code": "sit","animation": "Sit","easeInSpeed": 2,"easeOutSpeed": 5,"blendMode": "Average"},
			{"code": "lie","animation": "Lie","easeInSpeed": 2,"easeOutSpeed": 5,"weight": 5,"blendMode": "Average"},
			{"code": "sleep","animation": "Sleep","easeInSpeed": 2,"easeOutSpeed": 5,"weight": 5,"blendMode": "Average"},
			{"code": "swim","animation": "Swim","supressDefaultAnimation": true,"blendMode": "Average"},
			{"code": "run","animation": "Run","easeInSpeed": 10,"supressDefaultAnimation": true,"blendMode": "Average"},
			{"code": "stalk","animation": "Stalk","easeInSpeed": 10,"supressDefaultAnimation": true,"blendMode": "Average"},
			{"code": "walk","animation": "Walk","easeInSpeed": 10,"supressDefaultAnimation": true,"blendMode": "Average"}
		]
	},
	"server": {
		"attributes": {
			"pathfinder": {
				"minTurnAnglePerSec": 0,
				"maxTurnAnglePerSecByType": { "*-adult-*": 650}
			}
		},
		"behaviors": [
			{ "code": "repulseagents" },
			{"code": "controlledphysics","stepHeight": 3.1251},
			{"code": "despawn","minPlayerDistance": 8,"belowLightLevel": 8,"minSeconds": 300},
			{"code": "health",
				"maxhealthByType": {
					"*-adult-male-thylacoleocarnifex": 25,"*-adult-female-thylacoleocarnifex": 23
				}
			},
			{"code": "deaddecay",
				"hoursToDecay": 96,
				"decayedBlockByType": {
				"*-adult-*": "carcass-medium"
				}
			},
			{"code": "floatupwhenstuck","onlyWhenDead": true},
			{"code": "harvestable",
				"quantitySlots": 8,
				"drops": [
					{
						"type": "item",
						"code": "game:bushmeat-raw",
						"quantityByType": {
							"*-adult-*-thylacoleocarnifex": {"avg": 14,"var": 1}
						}
					},
					{
						"type": "item",
						"code": "vombatidae:pelt-{gender}-{type}",
						"quantityByType": {
							"*-adult-*": {"avg": 1.0,"var": 0.0},
							"*": {"avg": 0.0,"var": 0.0}
						}
					},
					{
						"type": "item",
						"code": "game:fat",
						"quantityByType": {
							"*-adult-*-thylacoleocarnifex": {"avg": 2.5,"var": 0.5}
						}
					},
					{
						"type": "item",
						"code": "vombatidae:creature-thylacoleonidae-baby-female-{type}",
						"quantityByType": {
							"*-adult-female-*": {"avg": 0.05,"var": 0.0},
							"*": {"avg": 0.0,"var": 0.0}
						}
					},
					{
						"type": "item",
						"code": "vombatidae:creature-thylacoleonidae-baby-male-{type}",
						"quantityByType": {
							"*-adult-female-*": {"avg": 0.05,"var": 0.0},
							"*": {"avg": 0.0,"var": 0.0}
						}
					}
				]
			},
			{"code": "breathe" },
			{"code": "multiply",
				"enabledByType": {
					"*-adult-female-*": true,
					"*": false
				},
				"spawnEntityCodesByType": {
				"*-adult-female-*": [ { "code":"vombatidae:thylacoleonidae-baby-female-{type}"}, {"code": "vombatidae:thylacoleonidae-baby-male-{type}"} ]},
				"requiresNearbyEntityCodeByType": {
					"*-adult-female-*": "vombatidae:thylacoleonidae-adult-male-{type}"},
				"requiresNearbyEntityRange": 10,
				"spawnQuantityMin": 1,
				"spawnQuantityMaxByType": {"*-thylacoleocarnifex": 1,"*": 1},
				"pregnancyDaysByType": {"*-thylacoleocarnifex": 36},
				"multiplyCooldownDaysMinByType": {"*": 9},
				"multiplyCooldownDaysMaxByType": {"*": 18},
				"portionsEatenForMultiplyByType": {"*-thylacoleocarnifex": 11,"*": 4}
			},
			{"code": "emotionstates",
				"states": [
					{"code": "fleeondamage","duration": 60,"chanceByType": {"*-adult-*": 1},"slot": 2,"priority": 4,"accumType": "max","whenHealthRelBelow": 0.5},
					{"code": "fleeondamage","duration": 60,"slot": 2,"chanceByType": {"*-adult-*": 0.75},"priority": 1,"accumType": "max"},
					{"code": "aggressiveondamage","duration": 300,"chanceByType": {"*-adult-female-*": 0.8,"*-adult-male-*": 0.9},"slot": 2,"priority": 3,"accumType": "noaccum"},
					{"code": "alarmherdondamage","chance": 1,"slot": 1,"priority": 1.5,"accumType": "max"},
					{"code": "saturated","duration": 2880,"chance": 1,"slot": 0,"priority": 1,"accumType": "sum"},
					{ "code": "aggressivearoundentities", "duration": 15, "chanceByType": {"*-thylacoleocarnifex": 0.5,"*": 0.0}, "slot": 2, "priority": 1, "entityCodes": ["vombatidae:thylacoleonidae-baby-female-{type}","vombatidae:thylacoleonidae-baby-male-{type}"], "maxGeneration": 2 }
				]
			},
			{
				"code": "taskai",
				"aiCreatureType": "LandCreature",
				"aitasks": [
					{
						"code": "meleeattack",
						"animation": "Attack",
						"entityCodesByType": {
							"@.*-(thylacoleocarnifex)": [ "player", "bear-*","chicken-*", "deer-*","drifter-*", "fox-*", "gazelle-*", "goat-*","hare-*","hyena-*", "moose-*", "pig-*", "raccoon-*",  "sheep-*","tameddeer-*", "wolf-*","anatidae-*", "antilopinae-*","apterygidae-*","aptornithidae-*","bovinae-*","caninae-*", "caprinae-*","casuariidae-*","cervidae-*","dasyuridae-*","dinornithidae-*","diprotodontidae-*","dromornithidae-*","elephantidae-*","emeidae-*","felinae-*","hyaenidae-*","megalapterygidae-*","meiolaniidae-*","nandiniidae-*","pantherinae-neofelis-*","procyonidae-*","rallidae-*","rhinocerotidae-*","spheniscidae-*","strigopidae-*", "suidae-*", "ursidae-*","viverridae-*","vombatidae-*" ]
						},
						"priority": 1.7,
						"damageByType": {
							"*-adult-*-thylacoleocarnifex":8
						},
						"damageType": "SlashingAttack",
						"damageTierByType": {"*": 2},
						"slot": 1,
						"mincooldown": 1500,
						"maxcooldown": 2500,
						"attackDurationMs": 1250,
						"damagePlayerAtMs": 500,
						"animationSpeed": 1,
						"whenNotInEmotionState": "aggressiveondamage",
						"soundByType": {
							"*-thylacoleocarnifex": "vombatidae:creature/thylacoleonidae/hiss*"
						}
					},
					{
						"code": "meleeattack",
						"animation": "Attack",
						"entityCodes": ["player", "bear-*","chicken-*", "deer-*","drifter-*", "fox-*", "gazelle-*", "goat-*","hare-*","hyena-*", "moose-*", "pig-*", "raccoon-*",  "sheep-*", "wolf-*","anatidae-*", "antilopinae-*","apterygidae-*","aptornithidae-*","bovinae-*","caninae-*", "caprinae-*","cervidae-*","dasyuridae-*","dinornithidae-*","diprotodontidae-*","dromornithidae-*","elephantidae-*","emeidae-*","hyaenidae-*","machairodontinae-*","manidae-*","megalapterygidae-*","nandiniidae-*","pantherinae-panthera-*","procyonidae-*","rallidae-*","rhinocerotidae-*","spheniscidae-*","strigopidae-*", "suidae-*", "ursidae-*","viverridae-*","vombatidae-*"],
						"priority": 1.9,
						"slot": 1,
						"damageByType": {
							"*-adult-*-thylacoleocarnifex":8
						},
						"knockbackStrengthByType": {"*":0.2},
						"damageType": "SlashingAttack",
						"damageTierByType": {"*":2},
						"mincooldown": 1500,
						"maxcooldown": 2500,
						"attackDurationMs": 1250,
						"damagePlayerAtMs": 500,
						"animationSpeed": 1.25,
						"whenInEmotionState": "aggressiveondamage|aggressivearoundentities",
						"soundByType": {
							"*-thylacoleocarnifex": "vombatidae:creature/thylacoleonidae/hiss*"
						}
					},
					{
						"code": "fleeentity",
						"animation": "Run",
						"entityCodesByType": {
							"*": [ "player", "bear-*","deer-*","drifter-*", "fox-*", "goat-*","hyena-*", "moose-*", "pig-*", "sheep-*","tameddeer-*", "wolf-*", "antilopinae-*","bovinae-*","caninae-*", "caprinae-*","cervidae-*","dasyuridae-*","dinornithidae-*","diprotodontidae-*","dromornithidae-*","elephantidae-*","felinae-*","hyaenidae-*","machairodontinae-*","meiolaniidae-*","pantherinae-neofelis-*","rhinocerotidae-*","suidae-*", "ursidae-*","viverridae-*","vombatidae-*" ]
						},
						"priority": 1.53,
						"movespeedByType": {
							"*-adult-*-thylacoleocarnifex": 0.08
						},
						"animationSpeedByType": {
							"*-adult-*": 3,
							"*": 1
						},
						"seekingRange": 20,
						"whenInEmotionState": "fleeondamage"

					},
					{
						"code": "fleeentity",
						"animation": "Run",
						"entityCodesByType": {
							"*":["player","bear-*","bell-*","bowtorn-*","drifter-*","hyena-*","locust-*","wolf-*","caninae-canina-adult-*","caninae-cerdocyonina-adult-*","elephantidae-*", "machairodontinae-adult-*","pantherinae-panthera-adult-*", "rhinocerotidae-adult-*","ursidae-adult-*"  ]
						},
						"priority": 1.52,
						"movespeedByType": {
							"*-adult-*-thylacoleocarnifex": 0.08
						},
						"animationSpeedByType": {
							"*-adult-*": 3,
							"*": 1
						},
						"seekingRange": 10,
						"whenNotInEmotionState": "aggressiveondamage|fleeondamage"
					},
					{
						"code": "fleeentity",
						"animation": "Walk",
						"entityCodesByType": {
							"*":["player","bear-*","bell-*","bowtorn-*","drifter-*","hyena-*","locust-*","wolf-*","caninae-canina-adult-*","caninae-cerdocyonina-adult-*","elephantidae-*", "machairodontinae-adult-*","pantherinae-neofelis-adult-*", "pantherinae-panthera-adult-*", "rhinocerotidae-adult-*","ursidae-adult-*"  ]
						},
						"priority": 1.51,
						"movespeedByType": {
							"*-adult-*-thylacoleocarnifex": 0.0036
						},
						"animationSpeedByType": {
							"*-adult-*-thylacoleocarnifex": 0.5,
							"*": 1
						},
						"seekingRange": 25,
						"whenNotInEmotionState": "aggressiveondamage|fleeondamage"
					},
					{
						"code": "seekentity",
						"animation": "Run",
						"entityCodesByType": {
							"@.*-(thylacoleocarnifex)": [ "player", "deer-*","fox-*","gazelle-*","goat-*","moose-*", "pig-*","raccoon-*","sheep-*","tameddeer-*", "acanthisittidae-*","anatidae-*","antilopinae-*","aegothelidae-*","apterygidae-*","aptornithidae-*","bovinae-*","caninae-canina-baby-*","caninae-cerdocyonina-*","caninae-urocyonini-*","caninae-vulpini-*","caprinae-*","casuariidae-*","cervidae-*","dasyuridae-*","dinornithidae-*","diprotodontidae-*","dromornithidae-*","elephantidae-baby-*","emeidae-*","felinae-*","megalapterygidae-*","nandiniidae-*","procyonidae-*","rhinocerotidae-baby-*","rallidae-*","spheniscidae-*","strigopidae-*", "suidae-*","viverridae-*","vombatidae-*" ]
						},
						"priority": 1.5,
						"movespeedByType": {
							"*-adult-*-thylacoleocarnifex": 0.08
						},
						"animationSpeedByType": {
							"*-adult-*": 3,
							"*": 1
						},
						"extraTargetDistance": 0.5,
						"seekingRange": 12,
						"belowTempSeekingRange": 40,
						"belowTempThreshold": -10,
						"leapAtTarget": true,
						"leapAnimation": "Pounce",
						"leapChance": 0.1,
						"soundByType": {
							"*-thylacoleocarnifex": "vombatidae:creature/thylacoleonidae/hiss*"
						},
						"whenNotInEmotionState": "aggressiveondamage|fleeondamage|saturated"
					},
					{
						"code": "seekentity",
						"animation": "Stalk",
						"entityCodesByType": {
							"@.*-(thylacoleocarnifex)": ["player", "deer-*","fox-*","gazelle-*","goat-*","moose-*", "pig-*","raccoon-*","sheep-*","tameddeer-*", "acanthisittidae-*","anatidae-*","antilopinae-*","aegothelidae-*","apterygidae-*","aptornithidae-*","bovinae-*","caninae-canina-baby-*","caninae-cerdocyonina-*","caninae-urocyonini-*","caninae-vulpini-*","caprinae-*","casuariidae-*","cervidae-*","dasyuridae-*","dinornithidae-*","diprotodontidae-*","dromornithidae-*","elephantidae-baby-*","emeidae-*","felinae-*","megalapterygidae-*","nandiniidae-*","procyonidae-*","rhinocerotidae-baby-*","rallidae-*","spheniscidae-*","strigopidae-*", "suidae-*","viverridae-*","vombatidae-*"]
						},
						"priority": 1.49,
						"movespeedByType": {
							"*-adult-*-thylacoleocarnifex": 0.0072
						},
						"animationSpeedByType": {
							"*-adult-*-thylacoleocarnifex": 0.5,
							"*": 1
						},
						"extraTargetDistance": 0.5,
						"seekingRange": 24,
						"belowTempSeekingRange": 40,
						"belowTempThreshold": -25,
						"leapAtTarget": true,
						"leapAnimation": "Pounce",
						"whenNotInEmotionState": "aggressiveondamage|fleeondamage|saturated"
					},
					{
						"code": "getoutofwater",
						"animation": "Swim",
						"priority": 1.4,
						"movespeedByType": {
							"*-adult-*": 0.04
						},
						"animationSpeed": 1.5
					},
					{
						"code": "seekentity",
						"animation": "Run",
						"entityCodes": [ "player" ],
						"priority": 1.51,
						"movespeedByType": {
							"*-adult-*-thylacoleocarnifex": 0.04
						},
						"animationSpeedByType": {
							"*-adult-male-thylacoleocarnifex": 2.7,"*-adult-female-thylacoleocarnifex": 3,
							"*": 1
						},
						"seekingRange": 30,
						"leapAtTarget": true,
						"leapAnimation": null,
						"leapChance": 0.1,
						"soundByType": {
							"*-thylacoleocarnifex": "vombatidae:creature/thylacoleonidae/hiss*"
						},
						"whenInEmotionState": "aggressiveondamage"
					},
					{
						"code": "stayclosetoentity",
						"animation": "Walk",
						"priority": 1.81,
						"entityCodeByType": {
							"*-adult-female-*": "thylacoleonidae-baby-female-{type}"},
						"movespeedByType": {
							"*-adult-*-thylacoleocarnifex": 0.0036
						},
						"animationSpeedByType": {
							"*-adult-*-thylacoleocarnifex": 0.5,
							"*": 1
						},
						"maxDistanceByType": {"*": 10},
						"searchRange": 15
					},
					{
						"code": "idle",
						"animation": "Sit",
						"priority": 1.2,
						"minduration": 6000,
						"maxduration": 24000,
						"mincooldown": 48000,
						"maxcooldown": 96000,
						"chance": 0.7,
						"priorityForCancel": 1.28,
						"stopOnNearbyEntityCodes": [  "player","bear-*","bell-*","drifter-*","hyena-*","locust-*", "wolf-*", "caninae-canina-adult-*","caninae-cerdocyonina-adult-*", "machairodontinae-adult-*","pantherinae-neofelis-adult-*", "pantherinae-panthera-adult-*"  ],
						"stopRange": 10,
						"animationSpeedByType": {"*-baby-*": 0.6,"*": 0.5},
						"stopOnHurt": true,
						"whenNotInEmotionState": "aggressiveondamage|fleeondamage"
					},
					{
						"code": "idle",
						"animation": "Lie",
						"priority": 1.2,
						"minduration": 6000,
						"maxduration": 24000,
						"mincooldown": 48000,
						"maxcooldown": 96000,
						"chance": 0.5,
						"priorityForCancel": 1.28,
						"stopOnNearbyEntityCodes": [  "player","bear-*","bell-*","drifter-*","hyena-*","locust-*", "wolf-*", "caninae-canina-adult-*","caninae-cerdocyonina-adult-*", "machairodontinae-adult-*","pantherinae-neofelis-adult-*", "pantherinae-panthera-adult-*"  ],
						"stopRange": 10,
						"animationSpeedByType": {"*": 0.5},
						"stopOnHurt": true,
						"whenNotInEmotionState": "aggressiveondamage|fleeondamage"
					},
					{
						"code": "idle",
						"animation": "Sleep",
						"priority": 1.25,
						"minduration": 200000,
						"maxduration": 800000,
						"mincooldown": 1000,
						"maxcooldown": 3000,
						"chance": 0.5,
						"animationSpeed": 0.3,
						"whenNotInEmotionState": "aggressiveondamage|fleeondamage",
						"duringDayTimeFramesByType": {
							"*-thylacoleocarnifex":[{"fromHour": 12,"toHour": 16},{"fromHour": 22,"toHour": 24},{"fromHour": 0,"toHour": 3}],
							"*":[{"fromHour": 7,"toHour": 16}]},
						"stopOnNearbyEntityCodes": [ "player" ],
						"stopRange": 1,
						"stopOnHurt": true
					},
					{
						"code": "seekfoodandeat",
						"animation": "Walk",
						"eatAnimation": "Eat",
						"movespeedByType": {
							"*-adult-*-thylacoleocarnifex": 0.0036
						},
						"animationSpeedByType": {
							"*-adult-*-thylacoleocarnifex": 0.5,
							"*": 1
						},
						"priority": 1.24,
						"eatSoundByType": {"*":"game:creature/animal-eat-small"},
						"eatTime": 1.5,
						"eatLooseItems": true,
						"mincooldownHours": 1,
						"maxcooldownHours": 4,
						"whenNotInEmotionState": "aggressiveondamage|fleeondamage"
					},
					{
						"code": "idle",
						"animation": "Scream",
						"priority": 1.0,
						"priorityForCancel": 1.35,
						"minduration": 4667,
						"maxduration": 4667,
						"chance": 0.2,
						"mincooldown": 8000,
						"maxcooldown": 50000,
						"animationSpeedByType": {
							"*-thylacoleocarnifex": 0.5,
							"*": 1
						},
						"whenNotInEmotionState": "aggressiveondamage|fleeondamage",
						"SoundByType": {
							"*adult-*-thylacoleocarnifex": "vombatidae:creature/thylacoleonidae/bellow*","*baby-*-thylacoleocarnifex": "vombatidae:creature/thylacoleonidae/cry*"
						},
						"soundRangeByType": {
							"*": 120
						}
					},
					{
						"code": "wander",
						"animation": "Walk",
						"priority": 1.0,
						"priorityForCancel": 1.35,
						"movespeedByType": {
							"*-adult-*-thylacoleocarnifex": 0.0036,
						},
						"animationSpeedByType": {
							"*-adult-*-thylacoleocarnifex": 0.5,
							"*": 1
						},
						"preferredLightLevel": 6,
						"whenNotInEmotionState": "aggressiveondamage|fleeondamage"
					},
					{
						"code": "lookaround",
						"priority": 0.5,
						"animationSpeed": 0.75,
						"whenNotInEmotionState": "aggressiveondamage|fleeondamage"
					}
				]
			},
			{"code": "ropetieable","minGeneration": 2},
			{"code": "pettable","minGeneration": 1}
		],
		"spawnconditions": {
			"worldgen": {
			"tryOnlySurface": true,	
			"groupSizeByType": {
					"thylacoleonidae-adult-female-thylacoleocarnifex": { "dist": "uniform", "avg": 1.5, "var": 0.5 },
					"thylacoleonidae-adult-male-*": { "dist": "uniform", "avg": 1.0, "var": 0.0 }
			},
			"insideBlockCodes":["game:air", "game:gravel-*","game:leaves-*", "game:sand-*", "game:snow-*","game:soil-*","game:tallgrass-*"],
			"companionsByType": {
				"*-adult-female-*":["vombatidae:thylacoleonidae-baby-female-{type}","vombatidae:thylacoleonidae-baby-male-{type}"],
				"*-adult-male-*":["vombatidae:thylacoleonidae-adult-female-{type}"]}
		},
			"runtime": {
				"group": "neutral",
				"tryOnlySurface": true,
				"maxQuantityByGroup": { "code": "thylacoleonidae-*", "maxQuantity": 1 },
				"chanceByType": {
					"*-adult-female-thylacoleocarnifex": 0.00001,"*-adult-male-thylacoleocarnifex": 0.00001,
					"*": 0.0
				},
				"mindistancetoplayer": 100,
				"maxLightLevel": 7,
				"lightLevelType": "onlyBlockLight",	
				"spawnCapPlayerScaling": 0.0,	
				"groupSizeByType": {
					"thylacoleonidae-adult-female-thylacoleocarnifex": { "dist": "uniform", "avg": 1.5, "var": 0.5 },
					"thylacoleonidae-adult-male-*": { "dist": "uniform", "avg": 1.0, "var": 0.0 }
				},
				"insideBlockCodes": [ "game:air", "game:gravel-*","game:leaves-*", "game:sand-*", "game:snow-*","game:soil-*","game:tallgrass-*" ],
				"companionsByType": {
				"*-adult-female-*":["vombatidae:thylacoleonidae-baby-female-{type}","vombatidae:thylacoleonidae-baby-male-{type}"],
				"*-adult-male-*":["vombatidae:thylacoleonidae-adult-female-{type}"]}
			}
		},
		"spawnconditionsByType": {
			"thylacoleonidae-adult-*-thylacoleocarnifex": {
				"climate": {
					"minTemp": 14,
					"maxTemp": 30,
					"minRain": 0.1,
					"maxRain": 1.0,
					"minForestOrShrubs": 0.2,
					"maxForest": 1.0,
					"maxShrubs": 1.0,
					"minY": 1.0,
					"maxY": 1.4				
				},
				"worldgen": {
					"triesPerChunk": { "avg": 0.0005, "var": 0}
				}
			}
		}
	},
	"soundsByType": {
		"*-adult-*-thylacoleocarnifex":{"hurt": "creature/thylacoleonidae/hiss*","death": "creature/thylacoleonidae/hiss*","idle": "creature/thylacoleonidae/growl*"}
	},
	"idleSoundRangeByType": {
		"*-adult-*": 30
	},
	"idleSoundChanceByType": {
		"*-adult-*":0.05
	}
}