{
	"code": "pressedmash",
	"class": "ItemPressedMash",
	"maxstacksize": 64,
	"variantgroups": [
		{ "code": "fruit", "loadFromProperties": "floralzonescaribbeanregion:block/fruit"},
	],
	"skipVariants": ["*-acoelorrhaphewrightii", "*-sabaletonia", "*-sabalmiamiensis", "*-sabalminor"],
	"attributes": {
        "foodTags": ["fruitmash"],
		"juiceablePropertiesByType": {
			"*-agavetequilana": {
				"liquidStack": { "type": "item", "code": "floralzonescaribbeanregion:juiceportion-agavetequilana", "stacksize": 1 },
				"pressedStack": { "type": "item", "code": "floralzonescaribbeanregion:pressedmash-agavetequilana", "stacksize": 1 }
			},
			"*-harrisiaportoricensis": {
				"liquidStack": { "type": "item", "code": "floralzonescaribbeanregion:juiceportion-harrisiaportoricensis", "stacksize": 1 },
				"pressedStack": { "type": "item", "code": "floralzonescaribbeanregion:pressedmash-harrisiaportoricensis", "stacksize": 1 }
			},
			"*-monsteradeliciosa": {
				"liquidStack": { "type": "item", "code": "floralzonescaribbeanregion:juiceportion-monsteradeliciosa", "stacksize": 1 },
				"pressedStack": { "type": "item", "code": "floralzonescaribbeanregion:pressedmash-monsteradeliciosa", "stacksize": 1 }
			},
			"*-roystonearegia": {
				"liquidStack": { "type": "item", "code": "floralzonescaribbeanregion:juiceportion-roystonearegia", "stacksize": 1 },
				"pressedStack": { "type": "item", "code": "floralzonescaribbeanregion:pressedmash-roystonearegia", "stacksize": 1 }
			},
			"*-sabalpalmetto": {
				"liquidStack": { "type": "item", "code": "floralzonescaribbeanregion:juiceportion-sabalpalmetto", "stacksize": 1 },
				"pressedStack": { "type": "item", "code": "floralzonescaribbeanregion:pressedmash-sabalpalmetto", "stacksize": 1 }
			},
			"*-selenicereuscostaricensis": {
				"liquidStack": { "type": "item", "code": "floralzonescaribbeanregion:juiceportion-selenicereuscostaricensis", "stacksize": 1 },
				"pressedStack": { "type": "item", "code": "floralzonescaribbeanregion:pressedmash-selenicereuscostaricensis", "stacksize": 1 }
			}
		}	
	},
	"shape": { "base": "game:item/pressedmash" },
	"texturesByType": {
		"*-monsteradeliciosa": {"material": { "base": "game:block/food/pie/fill-breadfruit" }},
		"*-roystonearegia": {"material": { "base": "game:block/food/pie/fill-cranberry" }},
		"*": {"material": { "base": "floralzonescaribbeanregion:block/food/pie/fill-{fruit}" }}
	},
	"creativeinventory": { "general": ["*"], "items": ["*"] },
	"transitionableProps": [{
		"type": "Perish",
		"freshHours": { "avg": 36 },
		"transitionHours": { "avg": 12 },
		"transitionedStack": { "type": "item", "code": "game:rot" },
		"transitionRatio": 1
	}],
	"fpHandTransform": {
		"rotation": { "x": 29, "y": 113, "z": -30 },
		"origin": { "x": 0.5, "y": 0.25, "z": 0.5 },
		"scale": 1.44
	},
	"guiTransform": {
		"translation": { "x": 0, "y": 0, "z": 0 },
		"rotation": { "x": -28, "y": -40, "z": 0 },
		"origin": { "x": 0.49, "y": 0.04, "z": 0.53 },
		"scale": 2.3
	},
	"groundTransform": {
		"translation": { "x": 0, "y": 0, "z": 0 },
		"rotation": { "x": 0, "y": 0, "z": 0 },
		"origin": { "x": 0.5, "y": 0, "z": 0.5 },
		"scale": 2
	},
	"tpHandTransform": {
		"translation": { "x": -1.1, "y": -0.3, "z": -0.9 },
		"rotation": { "x": 1, "y": -34, "z": -11 },
		"origin": { "x": 0.5, "y": 0.25, "z": 0.5 },
		"scale": 0.5
	}
}