{
	"code": "pelt",
		"behaviors": [
		{ "name": "GroundStorable", "properties": { "layout": "SingleCenter"}}
	],
  "variantgroups": [
    {"code": "type","states": ["female","male" ]},
    {"code": "species","states": ["nandiniabinotata","arctictisbinturong","arctogalidiatrivirgata","chrotogaleowstoni","civettictiscivetta","cynogalebennettii","diplogalehosei","genettaabyssinica","genettaangolensis","genettabourloni","genettacristata","genettagenetta","genettajohnstoni","genettamaculata","genettapardina","genettapiscivora","genettaplesictoides","genettapoensis","genettaservalina","genettathierryi","genettatigrina","genettavictoriae","hemigalusderbyanus","macrogalidiamusschenbroekii","pagumalarvata","paradoxurushermaphroditus","paradoxurusjerdoni","paradoxuruszeylonensis","poianaleightoni","poianarichardsonii","viverracivettina","viverramegaspila","viverratangalunga","viverrazibetha","viverriculaindica"]}
  ],
	"allowedVariants": [
		"pelt-female-*",
		"pelt-male-*"
	],
  "shapebytype": {
    "*-nandiniabinotata": {"base": "item/nandiniidae/{species}/floorpelt-male"},
    "*": {"base": "item/viverridae/{species}/floorpelt-male"}
  },
  "texturesByType": {
    "*-nandiniabinotata": {"skin": {"base": "entity/nandiniidae/{species}-adult"}},
    "*": {"skin": {"base": "entity/viverridae/{species}-adult"}}
  },
	"creativeinventory": { "general": ["*"], "items": ["*"] },
	"maxstacksize": 64,
	"attributes": {
		"handbook": {"groupBy": ["pelt-*"]},
		"displaycaseable": false, 
		"shelvable": false,
		"antlerMountableByType": {
			"*": true
		},
		"onAntlerMountTransformByType": {
			"*-female-genettaangolensis": {"translation": { "x": 0.1, "y": 0.7, "z": 0 },"rotation": { "x": 0, "y": 0, "z": -90 },"origin": { "x": 0.0, "y": 0.0, "z": 0.5 },"scale": 0.91},"*-male-genettaangolensis": {"translation": { "x": 0.1, "y": 0.7, "z": 0 },"rotation": { "x": 0, "y": 0, "z": -90 },"origin": { "x": 0, "y": 0.0, "z": 0.5 },"scale": 0.96},
			"*-female-poianaleightoni": {"translation": { "x": 0.1, "y": 0.7, "z": 0 },"rotation": { "x": 0, "y": 0, "z": -90 },"origin": { "x": 0.0, "y": 0.0, "z": 0.5 },"scale": 0.91},"*-male-poianaleightoni": {"translation": { "x": 0.1, "y": 0.7, "z": 0 },"rotation": { "x": 0, "y": 0, "z": -90 },"origin": { "x": 0, "y": 0.0, "z": 0.5 },"scale": 0.96},
			"*-female-*": {"translation": { "x": 0.1, "y": 0.7, "z": 0 },"rotation": { "x": 0, "y": 0, "z": -90 },"origin": { "x": 0.0, "y": 0.0, "z": 0.5 },"scale": 0.95},"*-male-*": {"translation": { "x": 0.1, "y": 0.7, "z": 0 },"rotation": { "x": 0, "y": 0, "z": -90 },"origin": { "x": 0, "y": 0.0, "z": 0.5 },"scale": 1},
			"*": {"rotation": { "x": 0, "y": 0, "z": -90 },"origin": { "x": 0.1, "y": 0.0, "z": 0.5 },"scale": 1.0}			
		},
		"rackable": true,
		"toolrackTransformByType": {
			"*-female-genettaangolensis": {"translation": { "x": 0, "y": 0.45, "z": 0 },"rotation": { "x": -179.9, "y": 180, "z": 0 },"origin": { "x": 0.2, "y": 0.0, "z": 0.5 },"scale": 0.91},"*-male-genettaangolensis": {"translation": { "x": 0, "y": 0.45, "z": 0 },"rotation": { "x": -179.9, "y": 180, "z": 0 },"origin": { "x": 0.2, "y": 0.0, "z": 0.5 },"scale": 0.96},
			"*-female-poianaleightoni": {"translation": { "x": 0, "y": 0.45, "z": 0 },"rotation": { "x": -179.9, "y": 180, "z": 0 },"origin": { "x": 0.2, "y": 0.0, "z": 0.5 },"scale": 0.91},"*-male-poianaleightoni": {"translation": { "x": 0, "y": 0.45, "z": 0 },"rotation": { "x": -179.9, "y": 180, "z": 0 },"origin": { "x": 0.2, "y": 0.0, "z": 0.5 },"scale": 0.96},
			"*-female-*": {"translation": { "x": 0, "y": 0.45, "z": 0 },"rotation": { "x": -179.9, "y": 180, "z": 0 },"origin": { "x": 0.2, "y": 0.0, "z": 0.5 },"scale": 0.95},"*-male-*": {"translation": { "x": 0, "y": 0.45, "z": 0 },"rotation": { "x": -179.9, "y": 180, "z": 0 },"origin": { "x": 0.2, "y": 0.0, "z": 0.5 },"scale": 1},
			"*": {"translation": { "x": 0, "y": 0.45, "z": 0 },"rotation": { "x": -179.9, "y": 180, "z": 0 },"origin": { "x": 0.2, "y": 0.0, "z": 0.5 },"scale": 1.0}	
		},
		"groundStorageTransformByType": {
			"*-female-genettaangolensis": {"rotation": { "x": 0, "y": 90, "z": 0 },"origin": { "x": 0.5, "y": 0.0, "z": 0.5 },"scale": 0.91},"*-male-genettaangolensis": {"rotation": { "x": 0, "y": 90, "z": 0 },"origin": { "x": 0.5, "y": 0.0, "z": 0.5 },"scale": 0.96},
			"*-female-poianaleightoni": {"rotation": { "x": 0, "y": 90, "z": 0 },"origin": { "x": 0.5, "y": 0.0, "z": 0.5 },"scale": 0.91},"*-male-poianaleightoni": {"rotation": { "x": 0, "y": 90, "z": 0 },"origin": { "x": 0.5, "y": 0.0, "z": 0.5 },"scale": 0.96},
			"*-female-*": {"rotation": { "x": 0, "y": 90, "z": 0 },"origin": { "x": 0.5, "y": 0.0, "z": 0.5 },"scale": 0.95},"*-male-*": {"rotation": { "x": 0, "y": 90, "z": 0 },"origin": { "x": 0.5, "y": 0.0, "z": 0.5 },"scale": 1},
			"*": {"rotation": { "x": 0, "y": 90, "z": 0 },"origin": { "x": 0.5, "y": 0.0, "z": 0.5 },"scale": 1}
	}
	},
  "sounds": {
    "walk": "game:walk/cloth"
  },
	"materialDensity": 500,
	"heldTpHitAnimation": "breaktool",
	"fpHandTransform": {
		"translation": { "x": 0, "y": -0.5, "z": -1.5 },
		"rotation": { "x": 180, "y": 0, "z": 90 },
		"scale": 1
	},
	"guiTransformByType": {
    "*": {"translation": {"x": 0,"y": 1,"z": 0},"rotation": {"x": 0,"y": 145,"z": 90},"origin": {"x": 0.5,"y": 0.1,"z": 0.5},"scale": 1}
	},
	"tpHandTransform": {
		"translation": { "x": -0.55, "y": -0.10, "z": -0.45},
		"rotation": { "x": -90, "y": 90, "z": 0 },
		"origin": { "x": 0.5, "y": 0.0, "z": 0.5 },
		"scale": 1.0
	},

		"groundTransformByType": {
			"*-female-genettaangolensis": {"origin": { "x": 0.1, "y": 0.0, "z": 0.5 },"scale": 0.91},"*-male-genettaangolensis": {"origin": { "x": 0.1, "y": 0.0, "z": 0.5 },"scale": 0.96},	
			"*-female-*": {"origin": { "x": 0.1, "y": 0.0, "z": 0.5 },"scale": 0.95},"*-male-*": {"origin": { "x": 0.1, "y": 0.0, "z": 0.5 },"scale": 1},	
			"*": {"rotation": { "x": 0, "y": 0, "z": 0 },"origin": { "x": 0.5, "y": 0.0, "z": 0.5 },"scale": 1}
	}
	

}