{
	code: "gourmetspice",
	maxstacksize: 32,
	behaviors: [
		{ name: "GroundStorable", properties: { layout: 'Quadrants', collisionBox: { x1: 0, y1: 0, z1: 0, x2: 1, y2: 0.125, z2: 1 } } }
	],
	attributes: {
		displaycaseable: true,
		shelvable: true,
		onshelfTransform: {
		origin: { x: 0.5, y: 0, z: 0.5 },
		scale: 0.40
		},
		groundStorageTransform: {
			translation: { x: 0, y: 0, z: 0 },
			origin: { x: 0.5, y: 0.05, z: 0.5 },
			scale: 0.5
		}
	},
	variantgroups: [
		{ code: "type", states: ["bland", "carrot", "cabbage", "onion", "turnip", "parsnip", "pumpkin", "cassava", "bellpepper", "olive", "callahan", "holland"] }
	],
	attributesByType: {
		"*-bland": {
			nutritionPropsWhenInMeal: { satiety: 100, health: 2, foodcategory: "vegetable" }
		},
		"*-carrot": {
			nutritionPropsWhenInMeal: { satiety: 200, health: 2, foodcategory: "vegetable" }
		},
		"*-cabbage": {
			nutritionPropsWhenInMeal: { satiety: 675, health: 2, foodcategory: "vegetable" }
		},
		"*-onion": {
			nutritionPropsWhenInMeal: { satiety: 225, health: 2, foodcategory: "vegetable" }
		},
		"*-turnip": {
			nutritionPropsWhenInMeal: { satiety: 200, health: 2, foodcategory: "vegetable" }
		},
		"*-parsnip": {
			nutritionPropsWhenInMeal: { satiety: 200, health: 2, foodcategory: "vegetable" }
		},
		"*-pumpkin": {
			nutritionPropsWhenInMeal: { satiety: 270, health: 2, foodcategory: "vegetable" }
		},
		"*-cassava": {
			nutritionPropsWhenInMeal: { satiety: 180, health: 2, foodcategory: "vegetable" }
		},
		"*-bellpepper": {
			nutritionPropsWhenInMeal: { satiety: 225, health: 2, foodcategory: "vegetable" }
		},
		"*-olive": {
			nutritionPropsWhenInMeal: { satiety: 200, health: 2, foodcategory: "vegetable" }
		},
		"*-callahan": {
			nutritionPropsWhenInMeal: { satiety: 50, health: 10, foodcategory: "dairy" }
		},
		"*-holland": {
			nutritionPropsWhenInMeal: { satiety: 400, health: -15, foodcategory: "dairy" }
		},
		"*": {
			nutritionPropsWhenInMeal: { satiety: 200, health: 2, foodcategory: "vegetable" }
		}
	},
	inContainerTextureByType: {
		"*": { base: "game:block/barrel/raw-carrot" },
	},
	transitionablePropsByType: {
		"*-bland": [
			{
				type: "Perish",
				freshHours: { avg: 1600 },
				transitionHours: { avg: 600 },
				transitionedStack: { type: "item", code: "game:rot" },
				transitionRatio: 0.5
			}
		],
		"*": [
			{
				type: "Perish",
				freshHours: { avg: 800 },
				transitionHours: { avg: 300 },
				transitionedStack: { type: "item", code: "game:rot" },
				transitionRatio: 0.5
			}
		]
	},
	shape: { base: "item/food/gourmet/{type}" },
	creativeinventory: { "general": ["*"], "items": ["*"] },
	materialDensity: 600,
	guiTransform: {
		translation: { x: 2, y: 0, z: 0 },
		rotation: { x: 133, y: 10, z: -13 },
		origin: { x: 0.5, y: 0.11, z: 0.5 },
		scale: 1.49
	},
	fpHandTransform: {
		translation: { x: 0, y: 0, z: 0 },
		rotation: { x: 40, y: 91, z: 15 },
		origin: { x: 0.8, y: 0.4, z: 0 },
		scale: 1.47
	},
	groundTransform: {
		translation: { x: 0, y: 0, z: 0 },
		rotation: { x: 180, y: 33, z: -180 },
		origin: { x: 0, y: -0.05, z: 0.5 },
		scale: 2.91
	},
	tpHandTransform: {
		translation: { x: 0, y: 0, z: 0 },
		rotation: { x: 5, y: 41, z: -31 },
		origin: { x: 0.16, y: 0.05, z: 0.08 },
		scale: 0.44
	}
}
