{
	"editor": {
		"backDropShape": "entity/humanoid/seraph",
		"allAngles": true,
		"entityTextureMode": false
	},
	"textureWidth": 16,
	"textureHeight": 16,
	"textureSizes": {
		"bracelets1": [16,16]
	},
	"textures": {
	},
	"elements": [
		{
			"name": "hidelowerarm",
			"stepParentName": "LowerArmL",
			"from": [ 0.75, 0.75, 0.675 ],
			"to": [ 0.75, 0.75, 0.675 ],
			"rotationOrigin": [ 0.75, 0.75, 0.675 ],
			"faces": {
			},
			"children": [
				{
					"name": "Cube19",
					"from": [ -0.75, 0.0, -1.05 ],
					"to": [ 1.125, 1.125, -0.675 ],
					"rotationOrigin": [ -0.75, 0.0, -0.675 ],
					"faces": {
						"north": { "texture": "#bracelets1", "uv": [ 12.0, 4.0, 14.5, 5.5 ], "autoUv": false },
						"east": { "texture": "#bracelets1", "uv": [ 0.0, 4.0, 0.5, 5.5 ], "autoUv": false },
						"south": { "texture": "#bracelets1", "uv": [ 12.5, 4.0, 15.0, 5.5 ], "autoUv": false },
						"west": { "texture": "#bracelets1", "uv": [ 11.0, 4.0, 11.5, 5.5 ], "autoUv": false },
						"up": { "texture": "#bracelets1", "uv": [ 12.5, 4.0, 15.0, 4.5 ], "autoUv": false },
						"down": { "texture": "#bracelets1", "uv": [ 12.0, 5.0, 14.5, 5.5 ], "autoUv": false }
					}
				},
				{
					"name": "Cube3",
					"from": [ -0.75, 0.0, 0.6 ],
					"to": [ 1.125, 1.125, 0.975 ],
					"rotationOrigin": [ -0.75, 0.0, 0.6 ],
					"faces": {
						"north": { "texture": "#bracelets1", "uv": [ 4.0, 4.0, 6.5, 5.5 ], "autoUv": false },
						"east": { "texture": "#bracelets1", "uv": [ 14.0, 4.0, 14.5, 5.5 ], "autoUv": false },
						"south": { "texture": "#bracelets1", "uv": [ 3.5, 4.0, 6.0, 5.5 ], "autoUv": false },
						"west": { "texture": "#bracelets1", "uv": [ 8.5, 5.0, 9.0, 6.5 ], "autoUv": false },
						"up": { "texture": "#bracelets1", "uv": [ 8.5, 5.5, 11.0, 6.0 ], "autoUv": false },
						"down": { "texture": "#bracelets1", "uv": [ 2.0, 3.5, 4.5, 4.0 ], "autoUv": false }
					}
				},
				{
					"name": "Cube1",
					"from": [ -0.9, 0.0, -0.975 ],
					"to": [ -0.525, 1.125, 0.9 ],
					"rotationOrigin": [ -0.9, 0.0, -0.975 ],
					"rotationZ": 0.1,
					"faces": {
						"north": { "texture": "#bracelets1", "uv": [ 9.5, 4.0, 10.0, 5.5 ], "autoUv": false },
						"east": { "texture": "#bracelets1", "uv": [ 9.0, 4.0, 11.5, 5.5 ], "autoUv": false },
						"south": { "texture": "#bracelets1", "uv": [ 7.5, 4.0, 8.0, 5.5 ], "autoUv": false },
						"west": { "texture": "#bracelets1", "uv": [ 9.0, 4.0, 11.5, 5.5 ], "autoUv": false },
						"up": { "texture": "#bracelets1", "uv": [ 5.5, 6.5, 8.0, 7.0 ], "rotation": 90, "autoUv": false },
						"down": { "texture": "#bracelets1", "uv": [ 5.0, 5.0, 7.5, 5.5 ], "rotation": 90, "autoUv": false }
					}
				},
				{
					"name": "Cube5",
					"from": [ 0.825, 0.0, -1.05 ],
					"to": [ 1.2, 1.125, 0.825 ],
					"rotationOrigin": [ 0.825, 0.0, -1.05 ],
					"rotationZ": 0.1,
					"faces": {
						"north": { "texture": "#bracelets1", "uv": [ 2.5, 4.0, 3.0, 5.5 ], "autoUv": false },
						"east": { "texture": "#bracelets1", "uv": [ 1.0, 5.0, 3.5, 6.5 ], "autoUv": false },
						"south": { "texture": "#bracelets1", "uv": [ 1.0, 5.0, 1.5, 6.5 ], "autoUv": false },
						"west": { "texture": "#bracelets1", "uv": [ 5.0, 4.0, 7.5, 5.5 ], "autoUv": false },
						"up": { "texture": "#bracelets1", "uv": [ 0.5, 5.5, 3.0, 6.0 ], "rotation": 90, "autoUv": false },
						"down": { "texture": "#bracelets1", "uv": [ 9.0, 6.0, 11.5, 6.5 ], "rotation": 90, "autoUv": false }
					}
				}
			]
		}
	]}