{
	"editor": {
		"backDropShape": "entity/humanoid/seraph",
		"collapsedPaths": "Root/hidelowerarm",
		"allAngles": false,
		"entityTextureMode": false
	},
	"textureWidth": 16,
	"textureHeight": 16,
	"textureSizes": {
		"silver": [8,8],
		"bracelets1": [16,16],
		"pearlpink": [4,4]
	},
	"textures": {
	},
	"elements": [
		{
			"name": "hidelowerarm",
			"stepParentName": "LowerTorso",
			"from": [ 0.0, 0.0, 2.25 ],
			"to": [ 0.0, 0.0, 2.25 ],
			"rotationOrigin": [ 0.0, 0.0, 2.25 ],
			"faces": {
				"north": { "texture": "#bracelets1", "uv": [ 6.5, 6.0, 7.0, 6.5 ], "autoUv": false },
				"east": { "texture": "#bracelets1", "uv": [ 6.5, 6.0, 7.0, 6.5 ], "autoUv": false },
				"south": { "texture": "#bracelets1", "uv": [ 7.0, 1.0, 7.5, 1.5 ], "autoUv": false },
				"west": { "texture": "#bracelets1", "uv": [ 1.5, 6.0, 2.0, 6.5 ], "autoUv": false },
				"up": { "texture": "#bracelets1", "uv": [ 5.5, 4.0, 6.0, 4.5 ], "autoUv": false },
				"down": { "texture": "#bracelets1", "uv": [ 5.0, 6.0, 5.5, 6.5 ], "autoUv": false }
			},
			"children": [
				{
					"name": "SL",
					"stepParentName": "LowerArmL",
					"from": [ -0.1125, 1.5, 1.35 ],
					"to": [ 1.9875, 3.375, 1.65 ],
					"rotationOrigin": [ 0.975, 1.5, 1.5 ],
					"faces": {
						"north": { "texture": "#bracelets1", "uv": [ 8.0, 8.5, 10.5, 11.0 ], "autoUv": false },
						"east": { "texture": "#bracelets1", "uv": [ 7.5, 8.5, 8.0, 11.0 ], "autoUv": false },
						"south": { "texture": "#bracelets1", "uv": [ 8.5, 8.5, 11.0, 11.0 ], "autoUv": false },
						"west": { "texture": "#bracelets1", "uv": [ 13.0, 8.5, 13.5, 11.0 ], "autoUv": false },
						"up": { "texture": "#bracelets1", "uv": [ 6.5, 8.5, 9.0, 9.0 ], "autoUv": false },
						"down": { "texture": "#bracelets1", "uv": [ 9.0, 10.5, 11.5, 11.0 ], "autoUv": false }
					},
					"children": [
						{
							"name": "WL",
							"from": [ 0.0, 0.0, -1.125 ],
							"to": [ 0.3, 1.875, 0.225 ],
							"rotationOrigin": [ 0.0, 0.75, 0.0 ],
							"rotationZ": 1.0,
							"faces": {
								"north": { "texture": "#bracelets1", "uv": [ 5.5, 8.5, 6.0, 11.0 ], "autoUv": false },
								"east": { "texture": "#bracelets1", "uv": [ 7.0, 8.5, 8.5, 11.0 ], "autoUv": false },
								"south": { "texture": "#bracelets1", "uv": [ 6.0, 8.5, 6.5, 11.0 ], "autoUv": false },
								"west": { "texture": "#bracelets1", "uv": [ 11.5, 8.5, 13.0, 11.0 ], "autoUv": false },
								"up": { "texture": "#bracelets1", "uv": [ 9.0, 8.5, 10.5, 9.0 ], "rotation": 90, "autoUv": false },
								"down": { "texture": "#bracelets1", "uv": [ 1.0, 10.5, 2.5, 11.0 ], "rotation": 90, "autoUv": false }
							}
						},
						{
							"name": "EL",
							"from": [ 1.8, 0.0, -1.125 ],
							"to": [ 2.1, 1.875, 0.225 ],
							"rotationOrigin": [ 2.1, 0.75, 0.0 ],
							"rotationZ": -1.0,
							"faces": {
								"north": { "texture": "#bracelets1", "uv": [ 0.5, 8.5, 1.0, 11.0 ], "autoUv": false },
								"east": { "texture": "#bracelets1", "uv": [ 5.5, 8.5, 7.0, 11.0 ], "autoUv": false },
								"south": { "texture": "#bracelets1", "uv": [ 14.0, 8.5, 14.5, 11.0 ], "autoUv": false },
								"west": { "texture": "#bracelets1", "uv": [ 8.5, 8.5, 10.0, 11.0 ], "autoUv": false },
								"up": { "texture": "#bracelets1", "uv": [ 0.0, 8.5, 1.5, 9.0 ], "rotation": 90, "autoUv": false },
								"down": { "texture": "#bracelets1", "uv": [ 9.0, 10.5, 10.5, 11.0 ], "rotation": 90, "autoUv": false }
							}
						},
						{
							"name": "gemL1",
							"from": [ 0.075, 0.7875, 0.3 ],
							"to": [ 0.375, 1.0875, 0.375 ],
							"rotationOrigin": [ 0.225, 0.9375, 0.3 ],
							"faces": {
								"east": { "texture": "#pearlpink", "uv": [ 0.0, 0.0, 0.5, 0.5 ], "autoUv": false },
								"south": { "texture": "#pearlpink", "uv": [ 2.5, 2.5, 3.0, 3.0 ], "autoUv": false },
								"west": { "texture": "#pearlpink", "uv": [ 0.5, 1.0, 1.0, 1.5 ], "autoUv": false },
								"up": { "texture": "#pearlpink", "uv": [ 1.0, 2.5, 1.5, 3.0 ], "autoUv": false },
								"down": { "texture": "#pearlpink", "uv": [ 2.5, 2.0, 3.0, 2.5 ], "autoUv": false }
							}
						},
						{
							"name": "gemL2",
							"from": [ 0.075, 1.1625, 0.3 ],
							"to": [ 0.375, 1.4625, 0.375 ],
							"rotationOrigin": [ 0.225, 1.3125, 0.3 ],
							"faces": {
								"east": { "texture": "#pearlpink", "uv": [ 2.5, 0.5, 3.0, 1.0 ], "autoUv": false },
								"south": { "texture": "#pearlpink", "uv": [ 1.5, 0.5, 2.0, 1.0 ], "autoUv": false },
								"west": { "texture": "#pearlpink", "uv": [ 2.5, 0.5, 3.0, 1.0 ], "autoUv": false },
								"up": { "texture": "#pearlpink", "uv": [ 2.5, 3.0, 3.0, 3.5 ], "autoUv": false },
								"down": { "texture": "#pearlpink", "uv": [ 1.5, 3.0, 2.0, 3.5 ], "autoUv": false }
							}
						},
						{
							"name": "gemL3",
							"from": [ 0.075, 0.4125, 0.3 ],
							"to": [ 0.375, 0.7125, 0.375 ],
							"rotationOrigin": [ 0.225, 0.5625, 0.3 ],
							"faces": {
								"east": { "texture": "#pearlpink", "uv": [ 1.0, 0.5, 1.5, 1.0 ], "autoUv": false },
								"south": { "texture": "#pearlpink", "uv": [ 0.0, 2.0, 0.5, 2.5 ], "autoUv": false },
								"west": { "texture": "#pearlpink", "uv": [ 2.5, 0.0, 3.0, 0.5 ], "autoUv": false },
								"up": { "texture": "#pearlpink", "uv": [ 1.5, 0.5, 2.0, 1.0 ], "autoUv": false },
								"down": { "texture": "#pearlpink", "uv": [ 2.0, 2.0, 2.5, 2.5 ], "autoUv": false }
							}
						},
						{
							"name": "gemL4",
							"from": [ 1.725, 0.4125, 0.3 ],
							"to": [ 2.025, 0.7125, 0.375 ],
							"rotationOrigin": [ 1.875, 0.5625, 0.3 ],
							"faces": {
								"east": { "texture": "#pearlpink", "uv": [ 2.5, 0.5, 3.0, 1.0 ], "autoUv": false },
								"south": { "texture": "#pearlpink", "uv": [ 2.5, 1.0, 3.0, 1.5 ], "autoUv": false },
								"west": { "texture": "#pearlpink", "uv": [ 2.0, 2.0, 2.5, 2.5 ], "autoUv": false },
								"up": { "texture": "#pearlpink", "uv": [ 0.0, 2.5, 0.5, 3.0 ], "autoUv": false },
								"down": { "texture": "#pearlpink", "uv": [ 1.5, 1.5, 2.0, 2.0 ], "autoUv": false }
							}
						},
						{
							"name": "gemL5",
							"from": [ 1.725, 1.1625, 0.3 ],
							"to": [ 2.025, 1.4625, 0.375 ],
							"rotationOrigin": [ 1.875, 1.3125, 0.3 ],
							"faces": {
								"east": { "texture": "#pearlpink", "uv": [ 1.0, 0.0, 1.5, 0.5 ], "autoUv": false },
								"south": { "texture": "#pearlpink", "uv": [ 2.5, 2.5, 3.0, 3.0 ], "autoUv": false },
								"west": { "texture": "#pearlpink", "uv": [ 1.0, 2.5, 1.5, 3.0 ], "autoUv": false },
								"up": { "texture": "#pearlpink", "uv": [ 2.5, 1.0, 3.0, 1.5 ], "autoUv": false },
								"down": { "texture": "#pearlpink", "uv": [ 1.5, 2.0, 2.0, 2.5 ], "autoUv": false }
							}
						},
						{
							"name": "gemL6",
							"from": [ 1.725, 0.7875, 0.3 ],
							"to": [ 2.025, 1.0875, 0.375 ],
							"rotationOrigin": [ 1.875, 0.9375, 0.3 ],
							"faces": {
								"east": { "texture": "#pearlpink", "uv": [ 1.0, 2.0, 1.5, 2.5 ], "autoUv": false },
								"south": { "texture": "#pearlpink", "uv": [ 1.5, 0.0, 2.0, 0.5 ], "autoUv": false },
								"west": { "texture": "#pearlpink", "uv": [ 1.0, 3.0, 1.5, 3.5 ], "autoUv": false },
								"up": { "texture": "#pearlpink", "uv": [ 2.0, 3.0, 2.5, 3.5 ], "autoUv": false },
								"down": { "texture": "#pearlpink", "uv": [ 0.5, 1.0, 1.0, 1.5 ], "autoUv": false }
							}
						}
					]
				},
				{
					"name": "SR",
					"stepParentName": "LowerArmR",
					"from": [ -0.1125, 1.5, -0.15 ],
					"to": [ 1.9875, 3.375, 0.15 ],
					"rotationOrigin": [ 0.975, 1.5, 0.075 ],
					"faces": {
						"north": { "texture": "#bracelets1", "uv": [ 8.0, 8.5, 10.5, 11.0 ], "autoUv": false },
						"east": { "texture": "#bracelets1", "uv": [ 7.5, 8.5, 8.0, 11.0 ], "autoUv": false },
						"south": { "texture": "#bracelets1", "uv": [ 8.5, 8.5, 11.0, 11.0 ], "autoUv": false },
						"west": { "texture": "#bracelets1", "uv": [ 13.0, 8.5, 13.5, 11.0 ], "autoUv": false },
						"up": { "texture": "#bracelets1", "uv": [ 6.5, 8.5, 9.0, 9.0 ], "autoUv": false },
						"down": { "texture": "#bracelets1", "uv": [ 9.0, 10.5, 11.5, 11.0 ], "autoUv": false }
					},
					"children": [
						{
							"name": "WR",
							"from": [ 0.0, 0.0, 0.075 ],
							"to": [ 0.3, 1.875, 1.425 ],
							"rotationOrigin": [ 0.0, 0.75, 0.075 ],
							"rotationZ": 1.0,
							"faces": {
								"north": { "texture": "#bracelets1", "uv": [ 5.5, 8.5, 6.0, 11.0 ], "autoUv": false },
								"east": { "texture": "#bracelets1", "uv": [ 7.0, 8.5, 8.5, 11.0 ], "autoUv": false },
								"south": { "texture": "#bracelets1", "uv": [ 6.0, 8.5, 6.5, 11.0 ], "autoUv": false },
								"west": { "texture": "#bracelets1", "uv": [ 9.5, 8.5, 11.0, 11.0 ], "autoUv": false },
								"up": { "texture": "#bracelets1", "uv": [ 9.0, 8.5, 10.5, 9.0 ], "rotation": 90, "autoUv": false },
								"down": { "texture": "#bracelets1", "uv": [ 1.0, 10.5, 2.5, 11.0 ], "rotation": 90, "autoUv": false }
							}
						},
						{
							"name": "ER",
							"from": [ 1.8, 0.0, 0.075 ],
							"to": [ 2.1, 1.875, 1.425 ],
							"rotationOrigin": [ 2.1, 0.75, 0.0 ],
							"rotationZ": -1.0,
							"faces": {
								"north": { "texture": "#bracelets1", "uv": [ 0.5, 8.5, 1.0, 11.0 ], "autoUv": false },
								"east": { "texture": "#bracelets1", "uv": [ 7.5, 8.5, 9.0, 11.0 ], "autoUv": false },
								"south": { "texture": "#bracelets1", "uv": [ 14.0, 8.5, 14.5, 11.0 ], "autoUv": false },
								"west": { "texture": "#bracelets1", "uv": [ 8.5, 8.5, 10.0, 11.0 ], "autoUv": false },
								"up": { "texture": "#bracelets1", "uv": [ 0.0, 8.5, 1.5, 9.0 ], "rotation": 90, "autoUv": false },
								"down": { "texture": "#bracelets1", "uv": [ 9.0, 10.5, 10.5, 11.0 ], "rotation": 90, "autoUv": false }
							}
						},
						{
							"name": "gemR1",
							"from": [ 0.075, 0.7875, -0.075 ],
							"to": [ 0.375, 1.0875, 0.0 ],
							"rotationOrigin": [ 0.225, 0.9375, 0.0 ],
							"faces": {
								"north": { "texture": "#pearlpink", "uv": [ 2.0, 0.0, 2.5, 0.5 ], "autoUv": false, "windMode": [-1,-1,-1,-1], "windData": [1,1,1,1] },
								"east": { "texture": "#pearlpink", "uv": [ 1.0, 2.5, 1.5, 3.0 ], "autoUv": false },
								"west": { "texture": "#pearlpink", "uv": [ 1.5, 2.5, 2.0, 3.0 ], "autoUv": false },
								"up": { "texture": "#pearlpink", "uv": [ 1.0, 1.5, 1.5, 2.0 ], "autoUv": false },
								"down": { "texture": "#pearlpink", "uv": [ 0.5, 0.0, 1.0, 0.5 ], "autoUv": false }
							}
						},
						{
							"name": "gemR2",
							"from": [ 0.075, 0.4125, -0.075 ],
							"to": [ 0.375, 0.7125, 0.0 ],
							"rotationOrigin": [ 0.225, 0.5625, 0.0 ],
							"faces": {
								"north": { "texture": "#pearlpink", "uv": [ 3.0, 0.0, 3.5, 0.5 ], "autoUv": false, "windMode": [-1,-1,-1,-1], "windData": [1,1,1,1] },
								"east": { "texture": "#pearlpink", "uv": [ 1.5, 2.5, 2.0, 3.0 ], "autoUv": false },
								"west": { "texture": "#pearlpink", "uv": [ 0.0, 0.5, 0.5, 1.0 ], "autoUv": false },
								"up": { "texture": "#pearlpink", "uv": [ 2.5, 0.5, 3.0, 1.0 ], "autoUv": false },
								"down": { "texture": "#pearlpink", "uv": [ 2.5, 2.0, 3.0, 2.5 ], "autoUv": false }
							}
						},
						{
							"name": "gemR3",
							"from": [ 0.075, 1.1625, -0.075 ],
							"to": [ 0.375, 1.4625, 0.0 ],
							"rotationOrigin": [ 0.225, 1.3125, 0.0 ],
							"faces": {
								"north": { "texture": "#pearlpink", "uv": [ 1.0, 2.5, 1.5, 3.0 ], "autoUv": false, "windMode": [-1,-1,-1,-1], "windData": [1,1,1,1] },
								"east": { "texture": "#pearlpink", "uv": [ 2.0, 3.0, 2.5, 3.5 ], "autoUv": false },
								"west": { "texture": "#pearlpink", "uv": [ 2.5, 3.0, 3.0, 3.5 ], "autoUv": false },
								"up": { "texture": "#pearlpink", "uv": [ 1.5, 0.0, 2.0, 0.5 ], "autoUv": false },
								"down": { "texture": "#pearlpink", "uv": [ 1.0, 2.0, 1.5, 2.5 ], "autoUv": false }
							}
						},
						{
							"name": "gemR4",
							"from": [ 1.725, 0.7875, -0.075 ],
							"to": [ 2.025, 1.0875, 0.0 ],
							"rotationOrigin": [ 1.875, 0.9375, 0.0 ],
							"faces": {
								"north": { "texture": "#pearlpink", "uv": [ 2.5, 0.5, 3.0, 1.0 ], "autoUv": false, "windMode": [-1,-1,-1,-1], "windData": [1,1,1,1] },
								"east": { "texture": "#pearlpink", "uv": [ 3.0, 1.5, 3.5, 2.0 ], "autoUv": false },
								"west": { "texture": "#pearlpink", "uv": [ 0.5, 0.5, 1.0, 1.0 ], "autoUv": false },
								"up": { "texture": "#pearlpink", "uv": [ 1.0, 2.5, 1.5, 3.0 ], "autoUv": false },
								"down": { "texture": "#pearlpink", "uv": [ 0.0, 3.0, 0.5, 3.5 ], "autoUv": false }
							}
						},
						{
							"name": "gemR5",
							"from": [ 1.725, 1.1625, -0.075 ],
							"to": [ 2.025, 1.4625, 0.0 ],
							"rotationOrigin": [ 1.875, 1.3125, 0.0 ],
							"faces": {
								"north": { "texture": "#pearlpink", "uv": [ 0.0, 3.0, 0.5, 3.5 ], "autoUv": false, "windMode": [-1,-1,-1,-1], "windData": [1,1,1,1] },
								"east": { "texture": "#pearlpink", "uv": [ 0.0, 1.5, 0.5, 2.0 ], "autoUv": false },
								"west": { "texture": "#pearlpink", "uv": [ 0.0, 0.5, 0.5, 1.0 ], "autoUv": false },
								"up": { "texture": "#pearlpink", "uv": [ 2.0, 2.5, 2.5, 3.0 ], "autoUv": false },
								"down": { "texture": "#pearlpink", "uv": [ 0.5, 3.0, 1.0, 3.5 ], "autoUv": false }
							}
						},
						{
							"name": "gemR6",
							"from": [ 1.725, 0.4125, -0.075 ],
							"to": [ 2.025, 0.7125, 0.0 ],
							"rotationOrigin": [ 1.875, 0.5625, 0.0 ],
							"faces": {
								"north": { "texture": "#pearlpink", "uv": [ 1.0, 1.0, 1.5, 1.5 ], "autoUv": false, "windMode": [-1,-1,-1,-1], "windData": [1,1,1,1] },
								"east": { "texture": "#pearlpink", "uv": [ 3.0, 1.0, 3.5, 1.5 ], "autoUv": false },
								"west": { "texture": "#pearlpink", "uv": [ 2.5, 3.0, 3.0, 3.5 ], "autoUv": false },
								"up": { "texture": "#pearlpink", "uv": [ 1.0, 0.0, 1.5, 0.5 ], "autoUv": false },
								"down": { "texture": "#pearlpink", "uv": [ 0.0, 0.5, 0.5, 1.0 ], "autoUv": false }
							}
						}
					]
				}
			]
		}
	]}