{
	"editor": {
		"backDropShape": "entity/humanoid/seraph",
		"collapsedPaths": "Root/bandN/toothR1,Root/bandN/toothL1",
		"allAngles": true,
		"entityTextureMode": true
	},
	"textureWidth": 24,
	"textureHeight": 4,
	"textureSizes": {
		"squire-bracers": [24,4]
	},
	"textures": {
	},
	"elements": [
		{
			"name": "hidelowerarm",
			"stepParentName": "LowerArmL",
			"from": [ 0.75, 0.75, 0.675 ],
			"to": [ 0.75, 0.75, 0.675 ],
			"uv": [ 999.0, 999.0 ],
			"rotationOrigin": [ 0.75, 0.75, 0.675 ],
			"faces": {
			},
			"children": [
				{
					"name": "bandL",
					"stepParentName": "LowerArmL",
					"from": [ -0.0375, 0.375, -0.0375 ],
					"to": [ 1.9125, 2.25, 1.5375 ],
					"unwrapMode": 3,
					"uv": [ 2.0, 1.0 ],
					"rotationOrigin": [ -0.0375, 0.375, -0.0375 ],
					"rotationZ": 0.1,
					"faces": {
						"north": { "texture": "#squire-bracers", "uv": [ 8.5, 1.0, 11.0, 3.5 ], "autoUv": false },
						"east": { "texture": "#squire-bracers", "uv": [ 6.5, 1.0, 8.5, 3.5 ], "autoUv": false },
						"south": { "texture": "#squire-bracers", "uv": [ 4.0, 1.0, 6.5, 3.5 ], "autoUv": false },
						"west": { "texture": "#squire-bracers", "uv": [ 2.0, 1.0, 4.0, 3.5 ], "autoUv": false }
					}
				},
				{
					"name": "bandR",
					"stepParentName": "LowerArmR",
					"from": [ -0.0375, 0.375, -0.0375 ],
					"to": [ 1.9125, 2.25, 1.5375 ],
					"unwrapMode": 1,
					"uv": [ 13.0, 1.0 ],
					"rotationOrigin": [ -0.0375, 0.375, -0.0375 ],
					"rotationZ": 0.1,
					"faces": {
						"north": { "texture": "#squire-bracers", "uv": [ 15.0, 1.0, 17.5, 3.5 ], "autoUv": false },
						"east": { "texture": "#squire-bracers", "uv": [ 13.0, 1.0, 15.0, 3.5 ], "autoUv": false },
						"south": { "texture": "#squire-bracers", "uv": [ 19.5, 1.0, 22.0, 3.5 ], "autoUv": false },
						"west": { "texture": "#squire-bracers", "uv": [ 17.5, 1.0, 19.5, 3.5 ], "autoUv": false }
					}
				}
			]
		}
	]}