{
	"editor": {
		"backDropShape": "entity/humanoid/seraph",
		"allAngles": true,
		"entityTextureMode": false
	},
	"textureWidth": 8,
	"textureHeight": 8,
	"textureSizes": {
	},
	"textures": {
	},
	"elements": [
		{
			"name": "origin",
			"stepParentName": "LowerArmR",
			"from": [ 0.9, 3.0, 0.75 ],
			"to": [ 0.9, 3.0, 0.75 ],
			"rotationOrigin": [ 0.9, 3.0, 0.75 ],
			"faces": {
			},
			"children": [
				{
					"name": "hideme",
					"from": [ 0.0, 0.0, 0.0 ],
					"to": [ 0.0, 0.0, 0.0 ],
					"faces": {
					},
					"children": [
						{
							"name": "puff",
							"from": [ -0.75, -0.75, -1.5 ],
							"to": [ 0.75, 0.75, -0.75 ],
							"rotationOrigin": [ 0.0, 0.0, -0.75 ],
							"rotationZ": -45.0,
							"faces": {
								"north": { "texture": "#tailor-arm-needlepuff", "uv": [ 6.0, 0.0, 8.0, 2.0 ], "autoUv": false },
								"east": { "texture": "#tailor-arm-needlepuff", "uv": [ 4.0, 0.0, 5.0, 2.0 ], "autoUv": false },
								"south": { "texture": "#tailor-arm-needlepuff", "uv": [ 0.0, 0.0, 2.0, 2.0 ], "autoUv": false },
								"west": { "texture": "#tailor-arm-needlepuff", "uv": [ 2.0, 0.0, 3.0, 2.0 ], "autoUv": false },
								"up": { "texture": "#tailor-arm-needlepuff", "uv": [ 3.0, 0.0, 4.0, 2.0 ], "rotation": 90, "autoUv": false },
								"down": { "texture": "#tailor-arm-needlepuff", "uv": [ 4.0, 0.0, 5.0, 2.0 ], "rotation": 90, "autoUv": false }
							},
							"children": [
								{
									"name": "needle1",
									"from": [ -0.9, 0.45, 0.375 ],
									"to": [ 0.225, 0.6, 0.525 ],
									"rotationOrigin": [ 0.225, 0.525, 0.45 ],
									"rotationX": 45.0,
									"rotationZ": 50.0,
									"faces": {
										"north": { "texture": "#tailor-arm-needlepuff", "uv": [ 7.0, 2.5, 7.5, 4.0 ], "rotation": 90, "autoUv": false },
										"south": { "texture": "#tailor-arm-needlepuff", "uv": [ 7.0, 4.5, 7.5, 6.0 ], "rotation": 90, "autoUv": false },
										"west": { "texture": "#tailor-arm-needlepuff", "uv": [ 7.0, 5.0, 7.5, 5.5 ], "autoUv": false },
										"up": { "texture": "#tailor-arm-needlepuff", "uv": [ 7.0, 3.5, 7.5, 5.0 ], "rotation": 90, "autoUv": false },
										"down": { "texture": "#tailor-arm-needlepuff", "uv": [ 7.0, 5.5, 7.5, 7.0 ], "rotation": 90, "autoUv": false }
									}
								},
								{
									"name": "needle2",
									"from": [ -0.9, 1.2, 0.375 ],
									"to": [ 0.225, 1.35, 0.525 ],
									"rotationOrigin": [ 0.225, 1.275, 0.45 ],
									"rotationX": -55.0,
									"rotationZ": -33.0,
									"faces": {
										"north": { "texture": "#tailor-arm-needlepuff", "uv": [ 7.0, 2.5, 7.5, 4.0 ], "rotation": 90, "autoUv": false },
										"south": { "texture": "#tailor-arm-needlepuff", "uv": [ 7.0, 4.5, 7.5, 6.0 ], "rotation": 90, "autoUv": false },
										"west": { "texture": "#tailor-arm-needlepuff", "uv": [ 7.0, 5.0, 7.5, 5.5 ], "autoUv": false },
										"up": { "texture": "#tailor-arm-needlepuff", "uv": [ 7.0, 3.5, 7.5, 5.0 ], "rotation": 90, "autoUv": false },
										"down": { "texture": "#tailor-arm-needlepuff", "uv": [ 7.0, 5.5, 7.5, 7.0 ], "rotation": 90, "autoUv": false }
									}
								},
								{
									"name": "needle3",
									"from": [ -0.15, 0.45, 0.15 ],
									"to": [ 0.975, 0.6, 0.3 ],
									"rotationOrigin": [ 0.975, 0.525, 0.225 ],
									"rotationX": -47.0,
									"rotationY": -58.0,
									"rotationZ": -42.0,
									"faces": {
										"north": { "texture": "#tailor-arm-needlepuff", "uv": [ 7.0, 2.5, 7.5, 4.0 ], "rotation": 90, "autoUv": false },
										"south": { "texture": "#tailor-arm-needlepuff", "uv": [ 7.0, 4.5, 7.5, 6.0 ], "rotation": 90, "autoUv": false },
										"west": { "texture": "#tailor-arm-needlepuff", "uv": [ 7.0, 5.0, 7.5, 5.5 ], "autoUv": false },
										"up": { "texture": "#tailor-arm-needlepuff", "uv": [ 7.0, 3.5, 7.5, 5.0 ], "rotation": 90, "autoUv": false },
										"down": { "texture": "#tailor-arm-needlepuff", "uv": [ 7.0, 5.5, 7.5, 7.0 ], "rotation": 90, "autoUv": false }
									}
								},
								{
									"name": "needle4",
									"from": [ -0.15, 1.425, 0.225 ],
									"to": [ 0.975, 1.575, 0.375 ],
									"rotationOrigin": [ 0.975, 1.5, 0.3 ],
									"rotationX": -47.0,
									"rotationZ": -83.0,
									"faces": {
										"north": { "texture": "#tailor-arm-needlepuff", "uv": [ 7.0, 2.5, 7.5, 4.0 ], "rotation": 90, "autoUv": false },
										"south": { "texture": "#tailor-arm-needlepuff", "uv": [ 7.0, 4.5, 7.5, 6.0 ], "rotation": 90, "autoUv": false },
										"west": { "texture": "#tailor-arm-needlepuff", "uv": [ 7.0, 5.0, 7.5, 5.5 ], "autoUv": false },
										"up": { "texture": "#tailor-arm-needlepuff", "uv": [ 7.0, 3.5, 7.5, 5.0 ], "rotation": 90, "autoUv": false },
										"down": { "texture": "#tailor-arm-needlepuff", "uv": [ 7.0, 5.5, 7.5, 7.0 ], "rotation": 90, "autoUv": false }
									}
								},
								{
									"name": "needle5",
									"from": [ -0.375, 0.975, 0.075 ],
									"to": [ 0.75, 1.125, 0.225 ],
									"rotationOrigin": [ 0.75, 1.05, 0.15 ],
									"rotationX": -72.0,
									"rotationZ": -50.0,
									"faces": {
										"north": { "texture": "#tailor-arm-needlepuff", "uv": [ 7.0, 2.5, 7.5, 4.0 ], "rotation": 90, "autoUv": false },
										"south": { "texture": "#tailor-arm-needlepuff", "uv": [ 7.0, 4.5, 7.5, 6.0 ], "rotation": 90, "autoUv": false },
										"west": { "texture": "#tailor-arm-needlepuff", "uv": [ 7.0, 5.0, 7.5, 5.5 ], "autoUv": false },
										"up": { "texture": "#tailor-arm-needlepuff", "uv": [ 7.0, 3.5, 7.5, 5.0 ], "rotation": 90, "autoUv": false },
										"down": { "texture": "#tailor-arm-needlepuff", "uv": [ 7.0, 5.5, 7.5, 7.0 ], "rotation": 90, "autoUv": false }
									}
								}
							]
						}
					]
				}
			]
		}
	]}