[

	{
		ingredientPattern: "__H,_H_,H__",
		ingredients: {

			"H": { type: "block", code: "game:glassslab-*-down-free","name": "material","skipvariants": ["quartz","vintage"],quantity: 1 }
		},
		width: 3,
		height: 3,
		output: { type: "block", code: "glassroof:roof-{material}-east-free", quantity: 2  }
	},	
		{
		ingredientPattern: "__H,_H_,H__",
		ingredients: {

			"H": { type: "block", code: "game:glassslab-quartz-down-free", quantity: 1 }
		},
		width: 3,
		height: 3,
		output: { type: "block", code: "glassroof:roof-quartzglass-east-free", quantity: 2  }
	},
{
		ingredientPattern: "_H_,H_H",
		ingredients: {
			"H": { type: "block", code: "game:glassslab-*-down-free","name": "material","skipvariants": ["quartz","vintage"], quantity: 1 }
		},
		width: 3,
		height: 2,
		output: { type: "block", code: "glassroof:roofridgeslab-{material}-east-free", quantity: 2 }
	},
{
		ingredientPattern: "_H_,H_H",
		ingredients: {
			"H": { type: "block", code: "game:glassslab-quartz-down-free","name": "material", quantity: 1 }
		},
		width: 3,
		height: 2,
		output: { type: "block", code: "glassroof:roofridgeslab-quartzglass-east-free", quantity: 2 }
	},
{
		ingredientPattern: "___,___,_H_",
		ingredients: {
			"H": { type: "block", code: "roof-*-east-free","name":"material", quantity: 1 }
		},
		width: 3,
		height: 3,
		output: { type: "block", code: "glassroof:roofbottom-{material}-east-free", quantity: 1  }
	},

{
		ingredientPattern: "_H_,___,___",
		ingredients: {
			"H": { type: "block", code: "roof-*-east-free","name":"material", quantity: 1 }
		},
		width: 3,
		height: 3,
		output: { type: "block", code: "glassroof:rooftopslab-{material}-east-free", quantity: 1  }
	},

{
		ingredientPattern: "___,H__,___",
		ingredients: {
			"H": {  type: "block", code: "roof-*-east-free","name":"material", quantity: 1 }
		},
		width: 3,
		height: 3,
		output: { type: "block", code: "glassroof:roofhalfleftslab-{material}-east-free", quantity: 1  }
	},



	{
		ingredientPattern: "___,__H,___",
		ingredients: {
			"H": { type: "block", code: "roof-*-east-free","name":"material", quantity: 1  }
		},
		width: 3,
		height: 3,
		output: { type: "block", code: "roofhalfrightslab-{material}-east-free", quantity: 1  }
	},
{
		ingredientPattern: "S",
		"shapeless": true,
		ingredients: {
			"S": { 
			type: "block", 
			code: "glassroof:roofhalfrightslab-*-east-free","name":"material",
			quantity: 1 }
		},
		width: 1,
		height: 1,
		output: { type: "block", code: "roofhalfright-{material}-east-free", quantity: 1  }
	},	
	{
		ingredientPattern: "S",
		"shapeless": true,
		ingredients: {
			"S": { 
			type: "block", 
			code: "glassroof:roofhalfleftslab-*-east-free","name":"material",
			quantity: 1 }
		},
		width: 1,
		height: 1,
		output: { type: "block", code: "roofhalfleft-{material}-east-free", quantity: 1  }
	},
	{
		ingredientPattern: "S",
		"shapeless": true,
		ingredients: {
			"S": { type: "block", code: "rooftopslab-*-east-free","name":"material", quantity: 1 }
		},
		width: 1,
		height:1,
		output: { type: "block", code: "rooftop-{material}-east-free", quantity: 1  }
	},
	{
		ingredientPattern: "S",
		ingredients: {
			"S": { type: "block", code: "glassroof:roofridgeslab-*-east-free","name":"material", quantity: 1 }
		},
		"shapeless": true,
		width: 1,
		height:1,
		output: { type: "block", code: "roofridge-{material}-east-free", quantity: 1  }
	},

	{
		ingredientPattern: "SG",
		ingredients: {
			"S": { type: "block", code: "roof-*-east-free","name":"material","skipVariants": [ "quartzglass" ],  quantity: 1 },
			"G": { type: "block", code: "game:glassslab-*-down-free", "name":"material","skipVariants": [ "quartz","vintage" ], quantity: 1}
		},
		width: 2,
		height: 1,
		output: { type: "block", code: "roofslableft-{material}-east-free", quantity: 1  }
	},
{
		ingredientPattern: "SG",
		ingredients: {
			"S": { type: "block", code: "roof-quartzglass-east-free",  quantity: 1 },
			"G": { type: "block", code: "game:glassslab-quartz-down-free",  quantity: 1}
		},
		width: 2,
		height: 1,
		output: { type: "block", code: "roofslableft-quartzglass-east-free", quantity: 1  }
	},
	{
		ingredientPattern: "GS",
		ingredients: {
			"S": { type: "block", code: "roof-*-east-free","name":"material","skipVariants": [ "quartzglass" ],  quantity: 1 },
			"G": { type: "block", code: "game:glassslab-*-down-free", "name":"material","skipVariants": [ "quartz","vintage" ], quantity: 1}
		},
		width: 2,
		height: 1,
		output: { type: "block", code: "roofslabright-{material}-east-free", quantity: 1  }
	},
	{
		ingredientPattern: "GS",
		ingredients: {
			"S": { type: "block", code: "roof-quartzglass-east-free", quantity: 1 },
			"G": { type: "block", code: "game:glassslab-quartz-down-free",  quantity: 1}
		},
		width: 2,
		height: 1,
		output: { type: "block", code: "roofslabright-quartzglass-east-free", quantity: 1  }
	},
	{
		ingredientPattern: "GS",
		ingredients: {
			"S": { type: "block", code: "roof-*-east-free","name":"material","skipVariants": [ "quartzglass" ],  quantity: 1 },
			"G": { type: "block", code: "game:glass-*", "name":"material","skipVariants": [ "quartz","vintage" ], quantity: 1}
		},
		width: 2,
		height: 1,
		output: { type: "block", code: "roofblock-{material}-east-free", quantity: 1  }
	},
	{
		ingredientPattern: "GS",
		ingredients: {
			"S": { type: "block", code: "roof-quartzglass-east-free",  quantity: 1 },
			"G": { type: "block", code: "game:glass-quartz", quantity: 1}
		},
		width: 2,
		height: 1,
		"shapeless": true,
		output: { type: "block", code: "roofblock-quartzglass-east-free", quantity: 1  }
	},
	]