[
{
	ingredientPattern: "GS",
	ingredients: {
		"G": { type: "block", code: "game:glacierice", quantity: 1 },
		"S": { type: "item", code: "game:saw-*", isTool: true  }
	},
	width: 2,
	height: 1,
	output: { type: "block", code: "glassroof:glaciericeslab-down-free", quantity: 2  }
},
	{
		ingredientPattern: "__H,_H_,H__",
		ingredients: {

			"H": { type: "block", code: "glassroof:glaciericeslab-down-free", quantity: 1 }
		},
		width: 3,
		height: 3,
		output: { type: "block", code: "glassroof:roofice-east-free", quantity: 2  }
	},
	
	{
		ingredientPattern: "_H_,H_H",
		ingredients: {
			"H": { type: "block", code: "glassroof:glaciericeslab-down-free","name": "material", quantity: 1 }
		},
		width: 3,
		height: 2,
		output: { type: "block", code: "glassroof:roofridgeice-east-free", quantity: 2 }
	},

	{
		ingredientPattern: "_H_,___,___",
		ingredients: {
			"H": { type: "block", code: "roofice-east-free", quantity: 1 }
		},
		width: 3,
		height: 3,
		output: { type: "block", code: "glassroof:rooftopice-east-free", quantity: 1  }
	},

	{
		ingredientPattern: "___,H__,___",
		ingredients: {
			"H": {  type: "block", code: "glassroof:roofice-east-free","name":"material", quantity: 1 }
		},
		width: 3,
		height: 3,
		output: { type: "block", code: "glassroof:roofhalfleftice-east-free", quantity: 1  }
	},



	{
		ingredientPattern: "___,__H,___",
		ingredients: {
			"H": { type: "block", code: "glassroof:roofice-east-free","name":"material", quantity: 1  }
		},
		width: 3,
		height: 3,
		output: { type: "block", code: "roofhalfrightice-east-free", quantity: 1  }
	},	
	]