{
	"code": "ork",
	"class": "EntityAgent",
	"variantgroups": [
		{ "code": "type", "states": ["normal", "alternate_1"]}
	],
	"hitboxSize": { "x": 0.8, "y": 1.6 },
	"deadHitboxSize": { "x": 0.6, "y": 0.5 },
	"canClimb": true,
	"eyeHeight": 1.2,
	"drops": [],
	"client": {
		"renderer": "Shape",
		"shapeByType": {
			"ork-normal": {"base": "entity/land/ork" },
			"ork-alternate_1": {"base": "entity/land/ork"}

		},
		"texturesByType": {
			"ork-normal": {
				"skin": { "base": "entity/ork/ork"}
			},
			"ork-alternate_1": {
				"skin": { "base": "entity/ork/ork_alt1"}
			}
		},
		"behaviors": [
			{ "code": "repulseagents" }, 
			{ "code": "controlledphysics", "stepHeight": 1.1251 }, 
			{ "code": "floatupwhenstuck", "onlyWhenDead": true },
			{ "code": "interpolateposition" },
			{ "code": "harvestable", "quantitySlots": 6, "duration": 2 }
		],
		"animations": [
			{
				"code": "hurt",
				"animation": "standhurt", 
				"animationSpeed": 2,
				"weight": 10,
				"blendMode": "AddAverage" 
			},
			{
				"code": "die",
				"animation": "standdie", 
				"animationSpeed": 0.7,
				"weight": 10,
				"blendMode": "Average",
				"triggeredBy": { "onControls": ["dead"] }
			},
			{ 
				"code": "idle", 
				"animation": "standidle",
				"blendMode": "Average", 
				"triggeredBy": { "defaultAnim": true }
			}
		]
	},
	"server": {
		"behaviors": [
			{ "code": "repulseagents" }, 
			{ "code": "controlledphysics", "stepHeight": 1.1251 },
			{ "code": "health", 
				"currenthealthByType": {
					"ork-normal": 8,
					"ork-alternate_1": 8
				}, 
				"maxhealthByType": {
					"ork-normal": 8,
					"ork-alternate_1": 8
				} 
			},
			{ "code": "deaddecay", "hoursToDecay": 0.5 },
			{ "code": "floatupwhenstuck", "onlyWhenDead": true },
			{ "code": "despawn", "minPlayerDistance": 8, "minSeconds": 300 },
			{
				"code": "emotionstates",
				"states": [ 
					{
						"code": "fleeondamage", 
						"duration": 10,
						"chanceByType": {
							"ork-normal": 0.05,
							"ork-alternate_1": 0.05
						},
						"slot": 0, 
						"priority": 1, 
						"accumType": "max" 
					}
				]
			},
			{
				"code": "taskai",
				"aitasksByType": {

					"ork-*":
					[
						{
							"code": "fleeentity",
							"entityCodes": ["player"],
							"priority": 2.5,
							"movespeed": 0.018,
							"seekingRange": 12,
							"cancelOnHurt": true,
							"animationSpeed": 1.3,
							"whenInEmotionState": "fleeondamage",
							"animation": "standrun"
						},
						{
							"code": "meleeattack",
							"entityCodes": ["player", "fox-female", "fox-male", "hare-male-*", "hare-female-*", "fox-arctic-male", "fox-arctic-female", "bass", "salmon", "surfacegoblin-normal", "surfacegoblin-alternate_1", "surfacegoblin-armored", "surfacegoblin-hunter", "lonehuntergoblin-normal", "lonehuntergoblin-pelted", "treant-walnut", "treant-oak", "treant-pine","slime-blue","slime-green", "dragon-*"],
							"priority": 2,
							"damage": 7,
							"damageTier": 1,
							"mincooldown": 500, 
							"maxcooldown": 1750, 
							"damagePlayerAtMs": 400,
							"attackDurationMs": 1000,
							"animation": "standattack",
							"animationSpeed": 1.5
						},
						{
							"code": "seekentity",
							"entityCodes": ["player", "fox-female", "fox-male", "hare-male-*", "hare-female-*", "fox-arctic-male", "fox-arctic-female", "bass", "salmon", "surfacegoblin-normal", "surfacegoblin-alternate_1", "surfacegoblin-armored", "surfacegoblin-hunter", "lonehuntergoblin-normal", "lonehuntergoblin-pelted", "treant-walnut", "treant-oak", "treant-pine","slime-blue","slime-green", "dragon-*"],
							"priority": 1.5,
							"mincooldown": 400, 
							"maxcooldown": 800, 
							"movespeed": 0.03,
							"seekingRange": 10,
							"animationSpeed": 1.3,
							"animation": "standrun",
							"sound": "game:creature/pig/piglet-hurt"
						},
						{
							"code": "idle",
							"priority": 1.2,
							"priorityForCancel": 1.35,
							"minduration": 4000,
							"maxduration": 15000,
							"chance": 0.001,
							"initialMinCoolDown": 2000,
							"initialMaxCoolDown": 150000,
							"mincooldown": 300000,
							"maxcooldown": 10000000,
							"animation": "standidle",
							"animationSpeed": 1.25
						},
						{
							"code": "wander", 
							"priority": 1.0, 
							"movespeed": 0.01,
							"animationSpeed": 1.2,
							"animation": "standlowwalk",
							"preferredLightLevel": 15
						},
						{
							"code": "wander", 
							"priority": 0.99,
							"priorityForCancel": 1.1,
							"movespeed": 0.008,
							"animationSpeed": 1.1,
							"animation": "standlowwalk",
							"preferredLightLevel": 15
						},
						{
							"code": "getoutofwater",
							"priority": 1.4,
							"movespeed": 0.01,
							"animation": "standlowwalk",
							"animationSpeed": 1.6
						},
						{ 
							"code": "lookaround", 
							"priority": 0.5
						}
					]
				}
			},
			{ "code":
				"harvestable",
				"duration": 2,
				"quantitySlots": 6,
				"dropsByType": {
					"ork-normal": [
						{
							"type": "item",
							"code": "game:gear-temporal",
							"quantity": { "avg": 0.02666, "var": 0 }
						},
						{
							"type": "item",
							"code": "game:gear-rusty",
							"quantity": { "avg": 1.2, "var": 1 }
						},
						{
							"type": "item",
							"code": "game:redmeat-raw",
							"quantity": { "dist": "uniform", "avg": 1, "var": 1 }
						},
						{
							"type": "item",
							"code": "game:spear-generic-flint",
							"quantity": { "dist": "uniform", "avg": 0.2, "var": 0 }
						},
						{
							"type": "item",
							"code": "game:clothes-upperbody-raw-hide-mantle",
							"quantity": { "dist": "uniform", "avg": 0.0333, "var": 0 }
						},
						{
							"type": "item",
							"code": "game:clothes-lowerbody-raw-hide-trousers",
							"quantity": { "dist": "uniform", "avg": 0.0333, "var": 0 }
						}
					],
					"ork-alternate_1": [
						{
							"type": "item",
							"code": "game:gear-temporal",
							"quantity": { "avg": 0.02666, "var": 0 }
						},
						{
							"type": "item",
							"code": "game:gear-rusty",
							"quantity": { "dist": "uniform", "avg": 0.3, "var": 4 }
						},
						{
							"type": "item",
							"code": "game:spear-generic-flint",
							"quantity": { "dist": "uniform", "avg": 0.2, "var": 0 }
						},
						{
							"type": "item",
							"code": "game:redmeat-raw",
							"quantity": { "dist": "uniform", "avg": 0.2, "var": 1 }
						},
						{
							"type": "item",
							"code": "game:clothes-upperbody-raw-hide-mantle",
							"quantity": { "dist": "uniform", "avg": 0.0333, "var": 0 }
						},
						{
							"type": "item",
							"code": "game:clothes-lowerbody-raw-hide-trousers",
							"quantity": { "dist": "uniform", "avg": 0.0333, "var": 0 }
						}
					]
				}
			}
		],
		"spawnconditionsByType": {
			"ork-normal": {
				"worldgen": {
					"group": "hostile",
					"TriesPerChunk": { "avg": 0.0006, "var": 0.0001 },
					"tryOnlySurface": true,
					"groupSize": { "dist": "uniform", "avg": 1, "var": 1 },
					"insideBlockCodes": ["game:air", "game:tallgrass-*", "game:snowlayer-1"],
					"minTemp": -10,
					"maxTemp": 20,
					"minRain": 0.25,
					"minForestOrShrubs": 0.25,
					"maxForest": 0.75,
					"maxShrubs": 0.75,
					"companions": ["ork-alternate_1","ork-alternate_1","ork-alternate_1","ork-normal","ork-normal","ork-normal"]
				},
				"runtime": {
					"group": "hostile",
					"tryOnlySurface": true,
					"chance": 0.0006,
					"maxQuantity": 4,
					"maxLightLevel": 32,
					"lightLevelType": "onlyBlockLight",
					"groupSize": { "dist": "uniform", "avg": 1, "var": 1 },
					"insideBlockCodes": ["game:air", "game:tallgrass-*", "game:snowlayer-1"],
					"minTemp": -15,
					"maxTemp": 15,
					"minRain": 0.25,
					"minForestOrShrubs": 0.25,
					"maxForest": 0.75,
					"maxShrubs": 0.75,
					"companions": ["ork-alternate_1","ork-alternate_1","ork-alternate_1","ork-normal","ork-normal","ork-normal"]
				}
			}
		}
	},
	"idleSoundRange": 14,
	"sounds": {
		"hurt": "game:creature/pig/piglet-hurt",
		"death": "game:creature/pig/hurt",
		"idle": "game:creature/pig/idle"
	}
}