{
	"code": "surfacegoblin",
	"class": "EntityAgent",
	"variantgroups": [
		{ "code": "type", "states": ["normal", "armored", "hunter", "alternate_1"]}
	],
	"hitboxSize": { "x": 0.8, "y": 1.6 },
	"deadHitboxSize": { "x": 0.6, "y": 0.5 },
	"canClimb": true,
	"eyeHeight": 1.2,
	"drops": [],
	"client": {
		"renderer": "Shape",
		"shapeByType": {
			"surfacegoblin-normal": {"base": "entity/land/goblin" },
			"surfacegoblin-armored": {"base": "entity/land/goblin_armored" },
			"surfacegoblin-hunter": {"base": "entity/land/goblin_pelted" },
			"surfacegoblin-pelted": {"base": "entity/land/goblin_pelted" },
			"surfacegoblin-alternate_1": {"base": "entity/land/goblin"}

		},
		"texturesByType": {
			"surfacegoblin-normal": {
				"skin": { "base": "entity/goblin/goblin_texture"}
			},			
			"surfacegoblin-armored": {
				"skin": { "base": "entity/goblin/goblin_armored_texture"}
			},
			"surfacegoblin-hunter": {
				"skin": { "base": "entity/goblin/goblin_pelted_texture"}
			},
			"surfacegoblin-pelted": {
				"skin": { "base": "entity/goblin/goblin_pelted_texture"}
			},
			"surfacegoblin-alternate_1": {
				"skin": { "base": "entity/goblin/goblin_alt_1_texture"}
			}
		},
		"behaviors": [
			{ "code": "repulseagents" }, 
			{ "code": "controlledphysics", "stepHeight": 1.1251 }, 
			{ "code": "floatupwhenstuck", "onlyWhenDead": true },
			{ "code": "interpolateposition" },
			{ "code": "harvestable", "duration": 2 }
		],
		"animations": [
			{
				"code": "hurt",
				"animation": "standhurt", 
				"animationSpeed": 2,
				"weight": 10,
				"blendMode": "AddAverage" 
			},
			{
				"code": "die",
				"animation": "standdie", 
				"animationSpeed": 0.7,
				"weight": 10,
				"blendMode": "Average",
				"triggeredBy": { "onControls": ["dead"] }
			},
			{ 
				"code": "idle", 
				"animation": "standidle",
				"blendMode": "Average", 
				"triggeredBy": { "defaultAnim": true }
			}
		]
	},
	"server": {
		"behaviors": [
			{ "code": "repulseagents" }, 
			{ "code": "controlledphysics", "stepHeight": 1.1251 },
			{ "code": "health", 
				"currenthealthByType": {
					"surfacegoblin-normal": 4,
					"surfacegoblin-armored": 7,
					"surfacegoblin-hunter": 7,
					"surfacegoblin-pelted": 7,
					"surfacegoblin-alternate_1": 4
				}, 
				"maxhealthByType": {
					"surfacegoblin-normal": 4,
					"surfacegoblin-armored": 7,
					"surfacegoblin-hunter": 7,
					"surfacegoblin-pelted": 7,
					"surfacegoblin-alternate_1": 4
				} 
			},
			{ "code": "deaddecay", "hoursToDecay": 0.2 },
			{ "code": "floatupwhenstuck", "onlyWhenDead": true },
			{ "code": "despawn", "minPlayerDistance": 8, "minSeconds": 300 },
			{
				"code": "emotionstates",
				"states": [ 
					{
						"code": "fleeondamage", 
						"duration": 10,
						"chanceByType": {
							"surfacegoblin-normal": 0.05,
							"surfacegoblin-armored": 0.05,
							"surfacegoblin-hunter": 0.05,
							"surfacegoblin-pelted": 0.05,
							"surface_goblin-alternate_1": 0.05
						},
						"slot": 0, 
						"priority": 1, 
						"accumType": "max" 
					}
				]
			},
			{
				"code": "taskai",
				"aitasksByType": {

					"surfacegoblin-hunter":
					[
						{
							"code": "fleeentity",
							"entityCodes": ["player", "dragon-*", "drifter-*"],
							"priority": 2.5,
							"movespeed": 0.018,
							"seekingRange": 12,
							"cancelOnHurt": true,
							"animationSpeed": 1.3,
							"whenInEmotionState": "fleeondamage",
							"animation": "standrun"
						},
						{
							"code": "meleeattack",
							"entityCodes": ["player", "fox-female", "fox-male", "hare-male-*", "hare-female-*", "fox-arctic-male", "fox-arctic-female", "treant-walnut", "treant-oak", "treant-pine", "ent-shepherd-normal","slime-blue","slime-green", "dragon-*", "drifter-*"],
							"priority": 2,
							"damage": 6,
							"damageTier": 1,
							"mincooldown": 500, 
							"maxcooldown": 1750, 
							"damagePlayerAtMs": 400,
							"attackDurationMs": 1000,
							"animation": "standattack",
							"animationSpeed": 1.5
						},
						{
							"code": "seekentity",
							"entityCodes": ["player", "fox-female", "fox-male", "hare-male-*", "hare-female-*", "fox-arctic-male", "fox-arctic-female", "treant-walnut", "treant-oak", "treant-pine", "ent-shepherd-normal","slime-blue","slime-green", "dragon-*", "drifter-*"],
							"priority": 1.5,
							"mincooldown": 400, 
							"maxcooldown": 800, 
							"movespeed": 0.03,
							"seekingRange": 15,
							"animationSpeed": 1.3,
							"animation": "standrun",
							"sound": "creature/goblin_idle1"
						},
						{
							"code": "idle",
							"priority": 1.2,
							"priorityForCancel": 1.35,
							"minduration": 4000,
							"maxduration": 6000,
							"chance": 0.001,
							"initialMinCoolDown": 2000,
							"initialMaxCoolDown": 150000,
							"mincooldown": 300000,
							"maxcooldown": 10000000,
							"animation": "standidle",
							"animationSpeed": 1.25
						},
						{
							"code": "wander", 
							"priority": 1.0, 
							"movespeed": 0.01,
							"animationSpeed": 1.2,
							"animation": "standlowwalk",
							"preferredLightLevel": 15
						},
						{
							"code": "wander", 
							"priority": 0.99,
							"priorityForCancel": 1.1,
							"movespeed": 0.008,
							"animationSpeed": 1.1,
							"animation": "standlowwalk",
							"preferredLightLevel": 15
						},
						{
							"code": "getoutofwater",
							"priority": 1.4,
							"movespeed": 0.01,
							"animation": "standlowwalk",
							"animationSpeed": 1.6
						},
						{ 
							"code": "lookaround", 
							"priority": 0.5
						}
					],

					"surfacegoblin-pelted":
					[
						{
							"code": "fleeentity",
							"entityCodes": ["player", "dragon-*", "drifter-*"],
							"priority": 2.5,
							"movespeed": 0.018,
							"seekingRange": 12,
							"cancelOnHurt": true,
							"animationSpeed": 1.3,
							"whenInEmotionState": "fleeondamage",
							"animation": "standrun"
						},
						{
							"code": "meleeattack",
							"entityCodes": ["player", "fox-female", "fox-male", "hare-male-*", "hare-female-*", "fox-arctic-male", "fox-arctic-female", "treant-walnut", "treant-oak", "treant-pine", "ent-shepherd-normal","slime-blue","slime-green", "dragon-*", "drifter-*"],
							"priority": 2,
							"damage": 6,
							"damageTier": 1,
							"mincooldown": 500, 
							"maxcooldown": 1750, 
							"damagePlayerAtMs": 400,
							"attackDurationMs": 1000,
							"animation": "standattack",
							"animationSpeed": 1.5
						},
						{
							"code": "seekentity",
							"entityCodes": ["player", "fox-female", "fox-male", "hare-male-*", "hare-female-*", "fox-arctic-male", "fox-arctic-female", "treant-walnut", "treant-oak", "treant-pine", "ent-shepherd-normal","slime-blue","slime-green", "dragon-*", "drifter-*"],
							"priority": 1.5,
							"mincooldown": 400, 
							"maxcooldown": 800, 
							"movespeed": 0.03,
							"seekingRange": 15,
							"animationSpeed": 1.3,
							"animation": "standrun",
							"sound": "creature/goblin_idle1"
						},
						{
							"code": "idle",
							"priority": 1.2,
							"priorityForCancel": 1.35,
							"minduration": 4000,
							"maxduration": 6000,
							"chance": 0.001,
							"initialMinCoolDown": 2000,
							"initialMaxCoolDown": 150000,
							"mincooldown": 300000,
							"maxcooldown": 10000000,
							"animation": "standidle",
							"animationSpeed": 1.25
						},
						{
							"code": "wander", 
							"priority": 1.0, 
							"movespeed": 0.01,
							"animationSpeed": 1.2,
							"animation": "standlowwalk",
							"preferredLightLevel": 15
						},
						{
							"code": "wander", 
							"priority": 0.99,
							"priorityForCancel": 1.1,
							"movespeed": 0.008,
							"animationSpeed": 1.1,
							"animation": "standlowwalk",
							"preferredLightLevel": 15
						},
						{
							"code": "getoutofwater",
							"priority": 1.4,
							"movespeed": 0.01,
							"animation": "standlowwalk",
							"animationSpeed": 1.6
						},
						{ 
							"code": "lookaround", 
							"priority": 0.5
						}
					],

					"surfacegoblin-*":
					[
						{
							"code": "fleeentity",
							"entityCodes": ["player", "dragon-*", "drifter-*"],
							"priority": 2.5,
							"movespeed": 0.018,
							"seekingRange": 12,
							"cancelOnHurt": true,
							"animationSpeed": 1.3,
							"whenInEmotionState": "fleeondamage",
							"animation": "standrun"
						},
						{
							"code": "meleeattack",
							"entityCodes": ["player", "treant-walnut", "treant-oak", "treant-pine", "ent-shepherd-normal","slime-blue","slime-green", "dragon-*", "drifter-*"],
							"priority": 2,
							"damageByType": {
								"surfacegoblin-normal": 1.5,
								"surfacegoblin-armored": 2,
								"surfacegoblin-alternate_1": 1.5
							},
							"damageTierByType": {
								"surfacegoblin-normal": 0,
								"surfacegoblin-armored": 0,
								"surfacegoblin-alternate_1": 0
							},
							"mincooldown": 500, 
							"maxcooldown": 1750, 
							"damagePlayerAtMs": 400,
							"attackDurationMs": 1000,
							"animation": "standattack",
							"animationSpeed": 1.5
						},
						{
							"code": "seekentity",
							"entityCodes": ["player", "treant-walnut", "treant-oak", "treant-pine", "ent-shepherd-normal","slime-blue","slime-green", "dragon-*", "drifter-*"],
							"priority": 1.5,
							"mincooldown": 400, 
							"maxcooldown": 800, 
							"movespeed": 0.018,
							"seekingRange": 15,
							"animationSpeed": 1.3,
							"animation": "standrun",
							"sound": "creature/goblin_idle1"
						},
						{
							"code": "idle",
							"priority": 1.2,
							"priorityForCancel": 1.35,
							"minduration": 4000,
							"maxduration": 6000,
							"chance": 0.001,
							"initialMinCoolDown": 2000,
							"initialMaxCoolDown": 150000,
							"mincooldown": 300000,
							"maxcooldown": 10000000,
							"animation": "standidle",
							"animationSpeed": 1.25
						},
						{
							"code": "wander", 
							"priority": 1.0, 
							"movespeed": 0.01,
							"animationSpeed": 1.2,
							"animation": "standlowwalk",
							"preferredLightLevel": 15
						},
						{
							"code": "wander", 
							"priority": 0.99,
							"priorityForCancel": 1.1,
							"movespeed": 0.008,
							"animationSpeed": 1.1,
							"animation": "standlowwalk",
							"preferredLightLevel": 15
						},
						{
							"code": "getoutofwater",
							"priority": 1.4,
							"movespeed": 0.01,
							"animation": "standlowwalk",
							"animationSpeed": 1.6
						},
						{ 
							"code": "lookaround", 
							"priority": 0.5
						}
					]
				}
			},
			{ "code":
				"harvestable",
				"duration": 2,
				"dropsByType": {
					"surfacegoblin-hunter": [
						{
							"type": "item",
							"code": "game:gear-temporal",
							"quantity": { "avg": 0.03, "var": 0 }
						},
						{
							"type": "item",
							"code": "game:flaxfibers",
							"quantity": { "avg": 0.2, "var": 0 }
						},
						{
							"type": "item",
							"code": "game:axe-andesite",
							"quantity": { "avg": 0.5, "var": 0 }
						}
					],
					"surfacegoblin-pelted": [
						{
							"type": "item",
							"code": "game:gear-temporal",
							"quantity": { "avg": 0.03, "var": 0 }
						},
						{
							"type": "item",
							"code": "game:flaxfibers",
							"quantity": { "avg": 0.2, "var": 0 }
						},
						{
							"type": "item",
							"code": "game:axe-andesite",
							"quantity": { "avg": 0.5, "var": 0 }
						}
					],
					"surfacegoblin-normal": [
						{
							"type": "item",
							"code": "game:gear-temporal",
							"quantity": { "avg": 0.02666, "var": 0 }
						},
						{
							"type": "item",
							"code": "game:flaxfibers",
							"quantity": { "avg": 0.2, "var": 0 }
						}
					],
					"surfacegoblin-armored": [
						{
							"type": "item",
							"code": "game:gear-temporal",
							"quantity": { "avg": 0.03, "var": 0 }
						},
						{
							"type": "item",
							"code": "game:flaxfibers",
							"quantity": { "avg": 0.2, "var": 0 }
						},
						{
							"type": "item",
							"code": "game:armor-body-improvised-wood",
							"quantity": { "avg": 0.8, "var": 1 }
						}
					],
					"surfacegoblin-alternate_1": [
						{
							"type": "item",
							"code": "game:gear-temporal",
							"quantity": { "avg": 0.02666, "var": 0 }
						},
						{
							"type": "item",
							"code": "game:flaxfibers",
							"quantity": { "avg": 0.2, "var": 0 }
						}
					]
				}
			}
		],
		"spawnconditionsByType": {
			"surfacegoblin-normal": {
				"worldgen": {
					"group": "hostile",
					"TriesPerChunk": { "avg": 0.0015, "var": 0.002 },
					"tryOnlySurface": true,
					"groupSize": { "dist": "verynarrowgaussian", "avg": 3, "var": 2 },
					"insideBlockCodes": ["game:air", "game:tallgrass-*", "game:snowlayer-1"],
					"minTemp": -10,
					"maxTemp": 20,
					"minRain": 0.25,
					"minForestOrShrubs": 0.25,
					"maxForest": 0.75,
					"maxShrubs": 0.75,
					"companions": ["surfacegoblin-alternate_1","surfacegoblin-alternate_1","surfacegoblin-alternate_1","surfacegoblin-normal","surfacegoblin-normal","surfacegoblin-normal","surfacegoblin-normal","surfacegoblin-normal","surfacegoblin-normal","surfacegoblin-armored","surfacegoblin-armored", "surfacegoblin-armored", "surfacegoblin-hunter"]
				},
				"runtime": {
					"group": "hostile",
					"tryOnlySurface": true,
					"chance": 0.0015,
					"minDistanceToPlayer": 40,
					"maxQuantity": 4,
					"maxLightLevel": 32,
					"lightLevelType": "onlyBlockLight",
					"groupSize": { "dist": "verynarrowgaussian", "avg": 3, "var": 2 },
					"insideBlockCodes": ["game:air", "game:tallgrass-*", "game:snowlayer-1"],
					"minTemp": -15,
					"maxTemp": 20,
					"minRain": 0.25,
					"minForestOrShrubs": 0.25,
					"maxForest": 0.75,
					"maxShrubs": 0.75,
					"companions": ["surfacegoblin-alternate_1","surfacegoblin-alternate_1","surfacegoblin-alternate_1","surfacegoblin-normal","surfacegoblin-normal","surfacegoblin-normal","surfacegoblin-normal","surfacegoblin-normal","surfacegoblin-normal","surfacegoblin-armored","surfacegoblin-armored", "surfacegoblin-armored", "surfacegoblin-hunter"]
				}
			}
		}
	},
	"idleSoundRange": 14,
	"sounds": {
		"hurt": "creature/goblin_hurt1",
		"death": "creature/goblin_death",
		"idle": "creature/goblin_laugh_idle"
	}
}