{
	"editor": {
		"backDropShape": "cervini/megalocerosgiganteus/adult",
		"collapsedPaths": "Root/ORIGINbridle/Bit/StrapBottom,Root/ORIGINbridle/Bit/StrapTop,Root/ORIGINbridle/Bit/ReinsN4,Root/ORIGINbridle/Bit/ReinsN",
		"allAngles": true,
		"entityTextureMode": false
	},
	"textureWidth": 16,
	"textureHeight": 16,
	"textureSizes": {
		"plain": [16,16]
	},
	"textures": {
		"plain": "game:block/leather/plain",
		"tinbronze1": "game:block/metal/sheet-plain/tinbronze1",
		"lapislazuli": "game:block/stone/gem/lapislazuli"
	},
	"elements": [
		{
			"name": "faceORIGIN",
			"stepParentName": "Nose",
			"from": [ 2.3, 0.9, 0.6 ],
			"to": [ 3.3, 1.9, 1.6 ],
			"rotationOrigin": [ 2.3, 0.9, 0.6 ],
			"faces": {
			},
			"children": [
				{
					"name": "Medallion",
					"from": [ 3.5, 1.7, 1.1 ],
					"to": [ 5.0, 1.9, 1.3 ],
					"rotationOrigin": [ 4.6, 1.7, 1.2 ],
					"faces": {
						"north": { "texture": "#tinbronze1", "uv": [ 4.5, 4.0, 6.0, 4.5 ] },
						"east": { "texture": "#tinbronze1", "uv": [ 4.0, 2.5, 4.5, 3.0 ] },
						"south": { "texture": "#tinbronze1", "uv": [ 8.5, 12.0, 10.0, 12.5 ] },
						"west": { "texture": "#tinbronze1", "uv": [ 13.5, 4.0, 14.0, 4.5 ] },
						"up": { "texture": "#tinbronze1", "uv": [ 12.0, 13.5, 13.5, 14.0 ] }
					},
					"children": [
						{
							"name": "strap",
							"from": [ 1.2, 0.0, -0.2 ],
							"to": [ 1.9, 0.1, 0.4 ],
							"rotationOrigin": [ 1.2, 0.0, 0.1 ],
							"faces": {
								"north": { "texture": "#plain", "uv": [ 0.5, 0.0, 1.0, 0.5 ] },
								"south": { "texture": "#plain", "uv": [ 6.0, 10.5, 6.5, 11.0 ] },
								"up": { "texture": "#plain", "uv": [ 2.5, 8.0, 3.0, 8.5 ] },
								"down": { "texture": "#plain", "uv": [ 4.5, 3.0, 5.0, 3.5 ] }
							}
						},
						{
							"name": "Cube3",
							"from": [ 0.4, -0.1, -0.3 ],
							"to": [ 1.2, 0.1, 0.5 ],
							"rotationOrigin": [ 0.8, -0.1, 0.1 ],
							"faces": {
								"north": { "texture": "#tinbronze1", "uv": [ 0.5, 8.0, 1.0, 8.5 ] },
								"east": { "texture": "#tinbronze1", "uv": [ 2.0, 8.0, 2.5, 8.5 ] },
								"south": { "texture": "#tinbronze1", "uv": [ 12.0, 2.0, 12.5, 2.5 ] },
								"west": { "texture": "#tinbronze1", "uv": [ 11.5, 13.5, 12.0, 14.0 ] },
								"up": { "texture": "#tinbronze1", "uv": [ 9.0, 15.0, 9.5, 15.5 ] }
							},
							"children": [
								{
									"name": "gem1",
									"from": [ 0.1, 0.2, 0.1 ],
									"to": [ 0.3, 0.3, 0.3 ],
									"rotationOrigin": [ 0.2, 0.2, 0.2 ],
									"faces": {
										"north": { "texture": "#lapislazuli", "uv": [ 13.5, 2.0, 14.0, 2.5 ] },
										"east": { "texture": "#lapislazuli", "uv": [ 14.5, 5.0, 15.0, 5.5 ] },
										"west": { "texture": "#lapislazuli", "uv": [ 9.0, 5.0, 9.5, 5.5 ] },
										"up": { "texture": "#lapislazuli", "uv": [ 1.5, 3.5, 2.0, 4.0 ] }
									}
								},
								{
									"name": "gem2",
									"from": [ 0.5, 0.2, 0.1 ],
									"to": [ 0.7, 0.3, 0.3 ],
									"rotationOrigin": [ 0.6, 0.2, 0.2 ],
									"faces": {
										"north": { "texture": "#lapislazuli", "uv": [ 4.5, 0.5, 5.0, 1.0 ] },
										"east": { "texture": "#lapislazuli", "uv": [ 3.5, 7.0, 4.0, 7.5 ] },
										"west": { "texture": "#lapislazuli", "uv": [ 6.0, 10.5, 6.5, 11.0 ] },
										"up": { "texture": "#lapislazuli", "uv": [ 1.0, 9.0, 1.5, 9.5 ] }
									}
								},
								{
									"name": "gem3",
									"from": [ 0.5, 0.2, 0.5 ],
									"to": [ 0.7, 0.3, 0.7 ],
									"rotationOrigin": [ 0.6, 0.2, 0.6 ],
									"faces": {
										"east": { "texture": "#lapislazuli", "uv": [ 11.5, 5.5, 12.0, 6.0 ] },
										"south": { "texture": "#lapislazuli", "uv": [ 6.5, 7.0, 7.0, 7.5 ] },
										"west": { "texture": "#lapislazuli", "uv": [ 5.0, 15.0, 5.5, 15.5 ] },
										"up": { "texture": "#lapislazuli", "uv": [ 10.5, 0.0, 11.0, 0.5 ] }
									}
								},
								{
									"name": "gem4",
									"from": [ 0.1, 0.2, 0.5 ],
									"to": [ 0.3, 0.3, 0.7 ],
									"rotationOrigin": [ 0.2, 0.2, 0.6 ],
									"faces": {
										"east": { "texture": "#lapislazuli", "uv": [ 1.5, 12.5, 2.0, 13.0 ] },
										"south": { "texture": "#lapislazuli", "uv": [ 0.5, 2.5, 1.0, 3.0 ] },
										"west": { "texture": "#lapislazuli", "uv": [ 13.5, 7.0, 14.0, 7.5 ] },
										"up": { "texture": "#lapislazuli", "uv": [ 3.5, 2.0, 4.0, 2.5 ] }
									}
								}
							]
						},
						{
							"name": "Cube4",
							"from": [ -0.6, -0.002, -0.1 ],
							"to": [ 0.4, 0.098, 0.3 ],
							"rotationOrigin": [ 0.4, 0.1, 0.1 ],
							"rotationZ": 5.0,
							"faces": {
								"north": { "texture": "#tinbronze1", "uv": [ 14.5, 15.0, 15.5, 15.5 ] },
								"east": { "texture": "#tinbronze1", "uv": [ 0.0, 7.0, 0.5, 7.5 ] },
								"south": { "texture": "#tinbronze1", "uv": [ 12.5, 14.0, 13.5, 14.5 ] },
								"west": { "texture": "#tinbronze1", "uv": [ 13.5, 8.5, 14.0, 9.0 ] },
								"up": { "texture": "#tinbronze1", "uv": [ 1.5, 9.0, 2.5, 9.5 ] }
							}
						}
					]
				}
			]
		},
		{
			"name": "headstrap",
			"stepParentName": "Head",
			"from": [ -0.1, 4.6, 2.001 ],
			"to": [ 1.9, 5.1, 2.601 ],
			"rotationOrigin": [ -0.1, 4.6, 2.0 ],
			"faces": {
				"north": { "texture": "#plain", "uv": [ 5.5, 4.0, 7.5, 4.5 ] },
				"south": { "texture": "#plain", "uv": [ 2.5, 4.0, 4.5, 4.5 ] },
				"west": { "texture": "#plain", "uv": [ 5.5, 13.5, 6.0, 14.0 ], "windMode": [-1,-1,-1,-1] },
				"up": { "texture": "#plain", "uv": [ 0.0, 9.0, 2.0, 9.5 ] }
			}
		}
	],
	"animations": [
	]
}