{
	"editor": {
		"allAngles": false,
		"entityTextureMode": false
	},
	"textureWidth": 16,
	"textureHeight": 16,
	"textureSizes": {
	},
	"textures": {
	},
	"elements": [
		{
			"name": "Cube1",
			"from": [ 3.5, 0.0, 3.5 ], 
			"to": [ 4.5, 1.0, 12.5 ], 
			"rotationOrigin": [ 8.0, 0.0, 8.0 ],
			"faces": {
				"north": { "texture": "#metal", "uv": [ 0.0, 7.0, 1.0, 8.0 ] },
				"east": { "texture": "#metal", "uv": [ 6.0, 7.0, 15.0, 8.0 ] },
				"south": { "texture": "#metal", "uv": [ 1.0, 9.0, 2.0, 10.0 ] },
				"west": { "texture": "#metal", "uv": [ 2.0, 9.0, 11.0, 10.0 ] },
				"up": { "texture": "#metal", "uv": [ 0.0, 0.0, 1.0, 9.0 ] },
				"down": { "texture": "#metal", "uv": [ 4.0, 0.0, 5.0, 9.0 ] }
			},
			"children": [
				{
					"name": "Cube2",
					"from": [ 1.0, 0.0, 0.0 ], 
					"to": [ 8.0, 1.0, 1.0 ], 
					"rotationOrigin": [ 1.0, 0.0, 0.0 ],
					"faces": {
						"north": { "texture": "#metal", "uv": [ 0.0, 0.0, 7.0, 1.0 ] },
						"east": { "texture": "#metal", "uv": [ 0.0, 0.0, 1.0, 1.0 ] },
						"south": { "texture": "#metal", "uv": [ 0.0, 0.0, 7.0, 1.0 ] },
						"west": { "texture": "#metal", "uv": [ 0.0, 0.0, 1.0, 1.0 ] },
						"up": { "texture": "#metal", "uv": [ 0.0, 0.0, 7.0, 1.0 ] },
						"down": { "texture": "#metal", "uv": [ 0.0, 0.0, 7.0, 1.0 ] }
					}
				},
				{
					"name": "Cube3",
					"from": [ 7.0, 0.0, 1.0 ], 
					"to": [ 8.0, 1.0, 7.0 ], 
					"rotationOrigin": [ 7.0, 0.0, 1.0 ],
					"faces": {
						"north": { "texture": "#metal", "uv": [ 0.0, 0.0, 1.0, 1.0 ] },
						"east": { "texture": "#metal", "uv": [ 0.0, 0.0, 6.0, 1.0 ] },
						"south": { "texture": "#metal", "uv": [ 0.0, 0.0, 1.0, 1.0 ] },
						"west": { "texture": "#metal", "uv": [ 0.0, 0.0, 6.0, 1.0 ] },
						"up": { "texture": "#metal", "uv": [ 0.0, 0.0, 1.0, 6.0 ] },
						"down": { "texture": "#metal", "uv": [ 0.0, 0.0, 1.0, 6.0 ] }
					}
				},
				{
					"name": "Cube4",
					"from": [ 2.0, 0.0, 6.0 ], 
					"to": [ 7.0, 1.0, 7.0 ], 
					"rotationOrigin": [ 2.0, 0.0, 6.0 ],
					"faces": {
						"north": { "texture": "#metal", "uv": [ 0.0, 0.0, 5.0, 1.0 ] },
						"east": { "texture": "#metal", "uv": [ 0.0, 0.0, 1.0, 1.0 ] },
						"south": { "texture": "#metal", "uv": [ 0.0, 0.0, 5.0, 1.0 ] },
						"west": { "texture": "#metal", "uv": [ 0.0, 0.0, 1.0, 1.0 ] },
						"up": { "texture": "#metal", "uv": [ 0.0, 0.0, 5.0, 1.0 ] },
						"down": { "texture": "#metal", "uv": [ 0.0, 0.0, 5.0, 1.0 ] }
					}
				},
				{
					"name": "Cube5",
					"from": [ 2.0, 0.0, 2.0 ], 
					"to": [ 3.0, 1.0, 6.0 ], 
					"rotationOrigin": [ 2.0, 0.0, 2.0 ],
					"faces": {
						"north": { "texture": "#metal", "uv": [ 0.0, 0.0, 1.0, 1.0 ] },
						"east": { "texture": "#metal", "uv": [ 0.0, 0.0, 4.0, 1.0 ] },
						"south": { "texture": "#metal", "uv": [ 0.0, 0.0, 1.0, 1.0 ] },
						"west": { "texture": "#metal", "uv": [ 0.0, 0.0, 4.0, 1.0 ] },
						"up": { "texture": "#metal", "uv": [ 0.0, 0.0, 1.0, 4.0 ] },
						"down": { "texture": "#metal", "uv": [ 0.0, 0.0, 1.0, 4.0 ] }
					}
				},
				{
					"name": "Cube6",
					"from": [ 3.0, 0.0, 2.0 ], 
					"to": [ 6.0, 1.0, 3.0 ], 
					"rotationOrigin": [ 3.0, 0.0, 2.0 ],
					"faces": {
						"north": { "texture": "#metal", "uv": [ 0.0, 0.0, 3.0, 1.0 ] },
						"east": { "texture": "#metal", "uv": [ 0.0, 0.0, 1.0, 1.0 ] },
						"south": { "texture": "#metal", "uv": [ 0.0, 0.0, 3.0, 1.0 ] },
						"west": { "texture": "#metal", "uv": [ 0.0, 0.0, 1.0, 1.0 ] },
						"up": { "texture": "#metal", "uv": [ 0.0, 0.0, 3.0, 1.0 ] },
						"down": { "texture": "#metal", "uv": [ 0.0, 0.0, 3.0, 1.0 ] }
					}
				},
				{
					"name": "Cube7",
					"from": [ 5.0, 0.0, 3.0 ], 
					"to": [ 6.0, 1.0, 5.0 ], 
					"rotationOrigin": [ 5.0, 0.0, 3.0 ],
					"faces": {
						"north": { "texture": "#metal", "uv": [ 0.0, 0.0, 1.0, 1.0 ] },
						"east": { "texture": "#metal", "uv": [ 0.0, 0.0, 2.0, 1.0 ] },
						"south": { "texture": "#metal", "uv": [ 0.0, 0.0, 1.0, 1.0 ] },
						"west": { "texture": "#metal", "uv": [ 0.0, 0.0, 2.0, 1.0 ] },
						"up": { "texture": "#metal", "uv": [ 0.0, 0.0, 1.0, 2.0 ] },
						"down": { "texture": "#metal", "uv": [ 0.0, 0.0, 1.0, 2.0 ] }
					}
				}
			]
		}
	]}