{
	"editor": {
		"backDropShape": "entity/cervini/megalocerosgiganteus/adult",
		"collapsedPaths": "Root/Origin/Rear/Midsection/Chest/R Shoulder,Root/Origin/Rear/Midsection/Chest,Root/Origin/Rear/Midsection/root,Root/Origin/Rear/R Thigh,Root/Origin/Rear/L Thigh",
		"allAngles": true,
		"entityTextureMode": true
	},
	"textureWidth": 16,
	"textureHeight": 24,
	"textureSizes": {
		"blanket": [16,24]
	},
	"textures": {
	},
	"elements": [
		{
			"name": "ORIGIN",
			"stepParentName": "Midsection",
			"from": [ 1.5, 15.0, 5.55 ],
			"to": [ 3.0, 16.5, 7.05 ],
			"uv": [ 999.0, 999.0 ],
			"rotationOrigin": [ 1.5, 15.0, 5.55 ],
			"faces": {
			},
			"children": [
				{
					"name": "BLanketMidTop",
					"stepParentName": "Midsection",
					"from": [ -0.015, 6.75, -0.9 ],
					"to": [ 12.015, 17.25, 12.0 ],
					"unwrapMode": 5,
					"autoUnwrap": false,
					"uv": [ 4.5, 0.5 ],
					"rotationOrigin": [ 0.0, 6.75, -0.975 ],
					"faces": {
						"north": { "texture": "#blanket", "uv": [ 4.5, 5.5, 15.0, 17.5 ], "rotation": 90, "windMode": [-1,-1,-1,-1], "windData": [1,1,1,1] },
						"south": { "texture": "#blanket", "uv": [ 1.0, 5.5, 11.5, 17.5 ], "rotation": 270 },
						"west": { "texture": "#blanket", "uv": [ 1.0, 5.0, 11.5, 17.5 ], "rotation": 270, "windMode": [-1,-1,-1,-1], "windData": [1,1,1,1] },
						"up": { "texture": "#blanket", "uv": [ 2.0, 5.5, 14.0, 17.5 ], "rotation": 90, "autoUv": false, "windMode": [-1,-1,-1,-1], "windData": [2,2,2,2] }
					},
					"children": [
						{
							"name": "bottomedgeN",
							"from": [ 0.0, 0.0, 0.0 ],
							"to": [ 12.03, 0.0, 0.75 ],
							"autoUnwrap": false,
							"uv": [ 4.5, 0.0 ],
							"faces": {
								"down": { "texture": "#blanket", "uv": [ 2.0, 0.0, 14.0, 0.5 ], "rotation": 180 }
							}
						},
						{
							"name": "bottomedgeS",
							"from": [ 0.0, 0.0, 12.15 ],
							"to": [ 12.03, 0.0, 12.9 ],
							"autoUnwrap": false,
							"uv": [ 4.5, 23.0 ],
							"rotationOrigin": [ 0.0, 0.0, 12.15 ],
							"faces": {
								"down": { "texture": "#blanket", "uv": [ 2.0, 23.0, 14.0, 23.5 ], "rotation": 180 }
							}
						}
					]
				}
			]
		},
		{
			"name": "BlanketFrontN",
			"stepParentName": "Chest",
			"from": [ 7.65, 6.0, -0.6 ],
			"to": [ 14.4, 17.1, 12.6 ],
			"unwrapMode": 5,
			"autoUnwrap": false,
			"uv": [ 1.0, 0.0 ],
			"rotationOrigin": [ 7.65, 6.0011, -0.6 ],
			"faces": {
				"north": { "texture": "#blanket", "uv": [ 1.0, 0.0, 7.5, 11.0 ], "rotation": 180, "windMode": [-1,-1,-1,-1], "windData": [1,1,1,1] },
				"south": { "texture": "#blanket", "uv": [ 1.0, 12.5, 7.5, 23.5 ], "windMode": [-1,-1,-1,-1], "windData": [1,1,2,2] },
				"up": { "texture": "#blanket", "uv": [ 1.0, 5.0, 7.5, 18.0 ] }
			},
			"children": [
				{
					"name": "BlanketFrontSideS",
					"from": [ 0.0, 0.0, 11.7 ],
					"to": [ 6.75, 9.6, 13.2 ],
					"unwrapMode": 3,
					"autoUnwrap": false,
					"uv": [ 0.5, 16.0 ],
					"rotationOrigin": [ 0.0, 0.0011, 11.7 ],
					"faces": {
						"east": { "texture": "#blanket", "uv": [ 6.0, 14.0, 7.5, 23.5 ] },
						"west": { "texture": "#blanket", "uv": [ 1.0, 14.0, 2.5, 23.5 ] },
						"down": { "texture": "#blanket", "uv": [ 1.5, 22.0, 8.0, 23.5 ], "rotation": 180, "windMode": [-1,-1,-1,-1], "windData": [1,1,1,1] }
					}
				},
				{
					"name": "BlanketFrontTopN",
					"from": [ 0.0, 9.6, 0.0 ],
					"to": [ 6.75, 11.1, 13.2 ],
					"autoUnwrap": false,
					"uv": [ 2.0, 8.0 ],
					"rotationOrigin": [ 0.0, 9.601, 0.0 ],
					"faces": {
						"east": { "texture": "#blanket", "uv": [ 6.0, 7.5, 7.5, 20.25 ], "rotation": 90 },
						"west": { "texture": "#blanket", "uv": [ 1.0, 7.5, 2.5, 20.25 ], "rotation": 90 }
					}
				},
				{
					"name": "BlanketFrontSideN",
					"from": [ 0.0, 0.0, 0.0 ],
					"to": [ 6.75, 9.6, 1.5 ],
					"unwrapMode": 3,
					"autoUnwrap": false,
					"uv": [ 0.5, 16.0 ],
					"rotationOrigin": [ 0.0, 0.0011, 0.0 ],
					"faces": {
						"east": { "texture": "#blanket", "uv": [ 6.0, 0.5, 7.5, 9.5 ], "rotation": 180 },
						"west": { "texture": "#blanket", "uv": [ 1.0, 0.5, 2.5, 9.5 ] },
						"down": { "texture": "#blanket", "uv": [ 1.5, 0.0, 8.25, 1.5 ], "rotation": 180, "windMode": [-1,-1,-1,-1], "windData": [1,1,1,1] }
					}
				}
			]
		},
		{
			"name": "BlanketFBACK",
			"stepParentName": "Rear",
			"from": [ -0.3, 6.0, -0.6 ],
			"to": [ 4.2, 17.1, 12.6 ],
			"unwrapMode": 5,
			"autoUnwrap": false,
			"uv": [ 1.5, -5.0 ],
			"rotationOrigin": [ -0.3, 6.0011, -0.6 ],
			"rotationZ": -1.0,
			"faces": {
				"north": { "texture": "#blanket", "uv": [ 10.5, 0.0, 15.0, 11.0 ], "rotation": 180 },
				"south": { "texture": "#blanket", "uv": [ 10.5, 12.5, 15.0, 23.5 ], "windMode": [-1,-1,-1,-1], "windData": [1,1,1,1] },
				"up": { "texture": "#blanket", "uv": [ 10.5, 5.5, 15.0, 18.5 ] }
			},
			"children": [
				{
					"name": "BlanketBackSideS",
					"from": [ 0.0, 0.0, 12.45 ],
					"to": [ 4.5, 9.6, 13.2 ],
					"autoUnwrap": false,
					"uv": [ 7.0, 16.5 ],
					"rotationOrigin": [ 0.0, 0.0011, 12.45 ],
					"faces": {
						"east": { "texture": "#blanket", "uv": [ 14.5, 14.0, 15.0, 23.5 ] },
						"west": { "texture": "#blanket", "uv": [ 10.5, 14.0, 11.0, 23.5 ] },
						"down": { "texture": "#blanket", "uv": [ 10.5, 23.0, 15.0, 23.5 ], "rotation": 180, "windMode": [-1,-1,-1,-1], "windData": [1,1,1,1] }
					}
				},
				{
					"name": "edgeEWtop",
					"from": [ 0.0, 9.6, 0.0 ],
					"to": [ 4.5, 11.1, 13.2 ],
					"autoUnwrap": false,
					"uv": [ 12.0, 8.5 ],
					"rotationOrigin": [ 0.0, 9.601, 0.0 ],
					"faces": {
						"east": { "texture": "#blanket", "uv": [ 13.5, 4.0, 15.0, 17.0 ], "rotation": 90 },
						"west": { "texture": "#blanket", "uv": [ 10.0, 4.5, 11.5, 17.5 ], "rotation": 270 }
					}
				},
				{
					"name": "BlanketBackSideN",
					"from": [ 0.0, 0.0, 0.0 ],
					"to": [ 4.5, 9.6, 0.75 ],
					"unwrapMode": 1,
					"autoUnwrap": false,
					"uv": [ 11.0, 0.0 ],
					"rotationOrigin": [ 0.0, 0.0011, 0.0 ],
					"faces": {
						"east": { "texture": "#blanket", "uv": [ 14.5, 0.5, 15.0, 10.0 ], "rotation": 180 },
						"west": { "texture": "#blanket", "uv": [ 10.5, 0.5, 11.0, 10.0 ], "rotation": 180 },
						"down": { "texture": "#blanket", "uv": [ 10.5, 0.0, 15.0, 0.5 ], "rotation": 180, "windMode": [-1,-1,-1,-1], "windData": [1,1,1,1] }
					}
				}
			]
		},
		{
			"name": "BlanketHUMPN",
			"stepParentName": "Hump",
			"from": [ 1.5, 2.22, -0.6 ],
			"to": [ 6.75, 3.72, 9.6 ],
			"unwrapMode": 5,
			"autoUnwrap": false,
			"uv": [ 0.5, 7.5 ],
			"rotationOrigin": [ 1.5, 2.1, -0.6 ],
			"rotationZ": -4.0,
			"faces": {
				"north": { "texture": "#blanket", "uv": [ 1.5, 15.0, 6.5, 16.5 ], "rotation": 180 },
				"south": { "texture": "#blanket", "uv": [ 1.5, 6.5, 6.5, 8.0 ], "windMode": [-1,-1,-1,-1], "windData": [1,1,1,1] },
				"up": { "texture": "#blanket", "uv": [ 1.5, 6.5, 6.5, 16.5 ], "windMode": [-1,-1,-1,-1], "windData": [1,1,1,1] }
			},
			"children": [
				{
					"name": "BlanketHumpW",
					"from": [ 0.0, 0.0, 0.0 ],
					"to": [ 5.25, 1.5, 10.2 ],
					"uv": [ 1.0, 6.5 ],
					"rotationOrigin": [ 0.0, -0.0739, 0.0 ],
					"faces": {
						"west": { "texture": "#blanket", "uv": [ 1.0, 6.5, 2.5, 16.5 ], "rotation": 90 }
					}
				}
			]
		}
	]}