{
	"editor": {
		"backDropShape": "entity/cervini/megalocerosgiganteus/adult",
		"allAngles": true,
		"entityTextureMode": false
	},
	"textureWidth": 16,
	"textureHeight": 16,
	"textureSizes": {
		"green": [16,16],
		"plain": [16,16],
		"birch": [16,16],
		"tinbronze1": [16,16],
		"lid": [16,16],
		"sidesWE": [16,16],
		"plainoak": [16,16],
		"leather": [16,16],
		"straps": [16,16],
		"linen": [16,16],
		"top": [16,16],
		"seraph": [64,64]
	},
	"textures": {
		"plain": "game:block/leather/plain",
		"tinbronze1": "game:block/metal/sheet-plain/tinbronze1",
		"lid": "game:block/reed/basket/normal-lid",
		"sidesWE": "game:block/reed/basket/normal-westeast",
		"plainoak": "game:block/wood/plainoak",
		"leather": "game:item/bag/backpack/leather",
		"straps": "game:item/bag/backpack/straps",
		"linen": "game:item/bag/linensack/linen",
		"top": "game:item/bag/linensack/top"
	},
	"elements": [
		{
			"name": "ORIGINframe",
			"stepParentName": "Midsection",
			"from": [ 1.5, 15.0, 5.55 ],
			"to": [ 3.0, 16.5, 7.05 ],
			"rotationOrigin": [ 1.5, 15.0, 5.55 ],
			"faces": {
			},
			"children": [
				{
					"name": "SaddlePlankR",
					"from": [ -2.25, -1.2, -7.05 ],
					"to": [ 11.25, 2.55, -4.8 ],
					"rotationOrigin": [ -2.25, -1.2, -7.05 ],
					"faces": {
						"north": { "texture": "#plainoak", "uv": [ 1.5, 1.5, 15.0, 5.0 ] },
						"east": { "texture": "#plainoak", "uv": [ 1.5, 5.5, 3.5, 9.0 ] },
						"south": { "texture": "#plainoak", "uv": [ 0.0, 9.0, 13.5, 12.5 ] },
						"west": { "texture": "#plainoak", "uv": [ 9.5, 9.0, 11.5, 12.5 ], "windMode": [-1,-1,-1,-1], "windData": [0,1,1,1] },
						"up": { "texture": "#plainoak", "uv": [ 1.5, 6.5, 15.0, 8.5 ] },
						"down": { "texture": "#plainoak", "uv": [ 1.5, 6.5, 15.0, 8.5 ], "windMode": [-1,-1,-1,-1], "windData": [1,1,1,1] }
					},
					"children": [
						{
							"name": "SaddlePlankR2",
							"from": [ 0.015, 3.75, 0.0 ],
							"to": [ 13.515, 7.5, 2.25 ],
							"rotationOrigin": [ 0.0, 3.75, 0.0 ],
							"rotationX": 75.0,
							"faces": {
								"north": { "texture": "#plainoak", "uv": [ 2.5, 9.0, 16.0, 12.5 ] },
								"east": { "texture": "#plainoak", "uv": [ 6.5, 6.5, 8.5, 10.0 ] },
								"south": { "texture": "#plainoak", "uv": [ 2.0, 6.5, 15.5, 10.0 ] },
								"west": { "texture": "#plainoak", "uv": [ 11.5, 2.0, 13.5, 5.5 ], "windMode": [-1,-1,-1,-1], "windData": [0,1,1,1] },
								"up": { "texture": "#plainoak", "uv": [ 2.0, 5.5, 15.5, 7.5 ] },
								"down": { "texture": "#plainoak", "uv": [ 0.0, 10.0, 13.5, 12.0 ], "windMode": [-1,-1,-1,-1], "windData": [1,1,1,1] }
							},
							"children": [
								{
									"name": "SaddleCrossR1",
									"from": [ 1.5, 0.0, -1.2 ],
									"to": [ 3.0, 10.5, 0.3 ],
									"rotationOrigin": [ 1.5, 3.75, 0.3 ],
									"rotationX": -10.0,
									"faces": {
										"north": { "texture": "#plainoak", "uv": [ 5.0, 9.0, 15.5, 10.5 ], "rotation": 90 },
										"east": { "texture": "#plainoak", "uv": [ 0.5, 2.5, 11.0, 4.0 ], "rotation": 90 },
										"south": { "texture": "#plainoak", "uv": [ 3.5, 7.0, 14.0, 8.5 ], "rotation": 90 },
										"west": { "texture": "#plainoak", "uv": [ 0.0, 8.5, 10.5, 10.0 ], "rotation": 90, "windMode": [-1,-1,-1,-1], "windData": [0,1,1,1] },
										"up": { "texture": "#plainoak", "uv": [ 14.5, 5.0, 16.0, 6.5 ] },
										"down": { "texture": "#plainoak", "uv": [ 1.0, 8.5, 2.5, 10.0 ], "windMode": [-1,-1,-1,-1], "windData": [1,1,1,1] }
									},
									"children": [
										{
											"name": "SaddleCrossR2",
											"from": [ 8.25, 0.0, 0.0 ],
											"to": [ 9.75, 10.5, 1.5 ],
											"rotationOrigin": [ 8.25, 3.75, 1.5 ],
											"faces": {
												"north": { "texture": "#plainoak", "uv": [ 3.0, 5.0, 13.5, 6.5 ], "rotation": 90 },
												"east": { "texture": "#plainoak", "uv": [ 3.0, 0.5, 13.5, 2.0 ], "rotation": 90 },
												"south": { "texture": "#plainoak", "uv": [ 4.5, 13.5, 15.0, 15.0 ], "rotation": 90 },
												"west": { "texture": "#plainoak", "uv": [ 4.0, 9.5, 14.5, 11.0 ], "rotation": 90, "windMode": [-1,-1,-1,-1], "windData": [0,1,1,1] },
												"up": { "texture": "#plainoak", "uv": [ 0.0, 7.5, 1.5, 9.0 ] },
												"down": { "texture": "#plainoak", "uv": [ 7.5, 1.0, 9.0, 2.5 ], "windMode": [-1,-1,-1,-1], "windData": [1,1,1,1] }
											}
										}
									]
								}
							]
						}
					]
				},
				{
					"name": "SaddlePlankL",
					"from": [ -2.25, -1.2, 4.65 ],
					"to": [ 11.25, 2.55, 6.9 ],
					"rotationOrigin": [ -2.25, -1.2, 4.65 ],
					"faces": {
						"north": { "texture": "#plainoak", "uv": [ 1.5, 1.5, 15.0, 5.0 ] },
						"east": { "texture": "#plainoak", "uv": [ 1.5, 5.5, 3.5, 9.0 ] },
						"south": { "texture": "#plainoak", "uv": [ 0.0, 9.0, 13.5, 12.5 ] },
						"west": { "texture": "#plainoak", "uv": [ 9.5, 9.0, 11.5, 12.5 ], "windMode": [-1,-1,-1,-1], "windData": [0,1,1,1] },
						"up": { "texture": "#plainoak", "uv": [ 2.5, 6.5, 16.0, 8.5 ] },
						"down": { "texture": "#plainoak", "uv": [ 1.5, 6.5, 15.0, 8.5 ], "windMode": [-1,-1,-1,-1], "windData": [1,1,1,1] }
					},
					"children": [
						{
							"name": "SaddlePlankL2",
							"from": [ 0.015, 3.75, 0.0 ],
							"to": [ 13.515, 7.5, 2.25 ],
							"rotationOrigin": [ 0.0, 3.75, 2.25 ],
							"rotationX": -75.0,
							"faces": {
								"north": { "texture": "#plainoak", "uv": [ 2.0, 0.5, 15.5, 4.0 ] },
								"east": { "texture": "#plainoak", "uv": [ 6.5, 7.0, 8.5, 10.5 ] },
								"south": { "texture": "#plainoak", "uv": [ 1.5, 7.5, 15.0, 11.0 ] },
								"west": { "texture": "#plainoak", "uv": [ 5.0, 3.5, 7.0, 7.0 ], "windMode": [-1,-1,-1,-1], "windData": [0,1,1,1] },
								"up": { "texture": "#plainoak", "uv": [ 0.5, 5.5, 14.0, 7.5 ] },
								"down": { "texture": "#plainoak", "uv": [ 0.0, 8.5, 13.5, 10.5 ], "windMode": [-1,-1,-1,-1], "windData": [1,1,1,1] }
							},
							"children": [
								{
									"name": "SaddleCrossL1",
									"from": [ 2.25, 0.0, 1.95 ],
									"to": [ 3.75, 10.5, 3.45 ],
									"rotationOrigin": [ 2.25, 3.75, 1.95 ],
									"rotationX": 10.0,
									"faces": {
										"north": { "texture": "#plainoak", "uv": [ 3.5, 7.0, 14.0, 8.5 ], "rotation": 90 },
										"east": { "texture": "#plainoak", "uv": [ 3.0, 3.0, 13.5, 4.5 ], "rotation": 90 },
										"south": { "texture": "#plainoak", "uv": [ 5.0, 7.0, 15.5, 8.5 ], "rotation": 90 },
										"west": { "texture": "#plainoak", "uv": [ 2.5, 9.5, 13.0, 11.0 ], "rotation": 90, "windMode": [-1,-1,-1,-1], "windData": [0,1,1,1] },
										"up": { "texture": "#plainoak", "uv": [ 6.5, 10.5, 8.0, 12.0 ] },
										"down": { "texture": "#plainoak", "uv": [ 6.5, 10.5, 8.0, 12.0 ], "windMode": [-1,-1,-1,-1], "windData": [1,1,1,1] }
									},
									"children": [
										{
											"name": "SaddleCrossL2",
											"from": [ 8.25, 0.0, 0.0 ],
											"to": [ 9.75, 10.5, 1.5 ],
											"rotationOrigin": [ 0.75, 3.75, 0.0 ],
											"faces": {
												"north": { "texture": "#plainoak", "uv": [ 4.5, 7.5, 15.0, 9.0 ], "rotation": 90 },
												"east": { "texture": "#plainoak", "uv": [ 1.0, 9.5, 11.5, 11.0 ], "rotation": 90 },
												"south": { "texture": "#plainoak", "uv": [ 1.5, 9.5, 12.0, 11.0 ], "rotation": 90 },
												"west": { "texture": "#plainoak", "uv": [ 2.5, 13.5, 13.0, 15.0 ], "rotation": 90, "windMode": [-1,-1,-1,-1], "windData": [0,1,1,1] },
												"up": { "texture": "#plainoak", "uv": [ 10.0, 0.0, 11.5, 1.5 ] },
												"down": { "texture": "#plainoak", "uv": [ 10.5, 13.0, 12.0, 14.5 ], "windMode": [-1,-1,-1,-1], "windData": [1,1,1,1] }
											}
										}
									]
								}
							]
						}
					]
				},
				{
					"name": "StrapBack2",
					"from": [ 6.75, -15.3, -5.625 ],
					"to": [ 8.25, -14.85, 5.625 ],
					"rotationOrigin": [ 7.5, -14.85, -5.475 ],
					"rotationZ": 3.0,
					"faces": {
						"east": { "texture": "#plain", "uv": [ 0.0, 1.0, 11.0, 1.5 ] },
						"west": { "texture": "#plain", "uv": [ 4.5, 2.5, 15.5, 3.0 ] },
						"up": { "texture": "#plain", "uv": [ 2.0, 1.0, 3.5, 12.0 ] },
						"down": { "texture": "#plain", "uv": [ 14.5, 2.0, 16.0, 13.0 ] }
					},
					"children": [
						{
							"name": "StrapBack3",
							"from": [ 0.0, 0.0, 11.25 ],
							"to": [ 1.5, 14.25, 11.7 ],
							"rotationOrigin": [ 1.5, 0.45, 11.25 ],
							"rotationX": 1.0,
							"faces": {
								"north": { "texture": "#plain", "uv": [ 0.5, 0.0, 2.0, 14.0 ] },
								"east": { "texture": "#plain", "uv": [ 0.0, 1.0, 0.5, 15.0 ] },
								"south": { "texture": "#plain", "uv": [ 7.0, 1.5, 8.5, 15.5 ] },
								"west": { "texture": "#plain", "uv": [ 6.0, 0.5, 6.5, 14.5 ] },
								"down": { "texture": "#plain", "uv": [ 14.5, 2.0, 16.0, 2.5 ] }
							}
						},
						{
							"name": "StrapBack1",
							"from": [ 0.0, 0.0, -0.45 ],
							"to": [ 1.5, 14.25, 0.0 ],
							"rotationOrigin": [ 1.5, 0.45, 0.15 ],
							"rotationX": -1.0,
							"faces": {
								"north": { "texture": "#plain", "uv": [ 0.5, 0.0, 2.0, 14.0 ] },
								"east": { "texture": "#plain", "uv": [ 0.0, 1.0, 0.5, 15.0 ] },
								"south": { "texture": "#plain", "uv": [ 7.0, 1.5, 8.5, 15.5 ] },
								"west": { "texture": "#plain", "uv": [ 6.0, 1.0, 6.5, 15.0 ] },
								"down": { "texture": "#plain", "uv": [ 14.5, 2.0, 16.0, 2.5 ] }
							}
						}
					]
				},
				{
					"name": "StrapBack4",
					"from": [ 0.0, -15.3, -5.625 ],
					"to": [ 1.5, -14.85, 5.625 ],
					"rotationOrigin": [ 1.5, -14.85, -5.475 ],
					"rotationZ": -4.0,
					"faces": {
						"east": { "texture": "#plain", "uv": [ 0.0, 1.0, 11.0, 1.5 ] },
						"west": { "texture": "#plain", "uv": [ 4.0, 2.5, 15.0, 3.0 ] },
						"up": { "texture": "#plain", "uv": [ 2.0, 1.0, 3.5, 12.0 ] },
						"down": { "texture": "#plain", "uv": [ 14.5, 2.0, 16.0, 13.0 ] }
					},
					"children": [
						{
							"name": "StrapBack5",
							"from": [ 0.0, 0.0, 11.25 ],
							"to": [ 1.5, 14.25, 11.7 ],
							"rotationOrigin": [ 1.5, 0.45, 11.25 ],
							"rotationX": 1.0,
							"faces": {
								"north": { "texture": "#plain", "uv": [ 0.5, 0.0, 2.0, 14.0 ] },
								"east": { "texture": "#plain", "uv": [ 0.0, 1.0, 0.5, 15.0 ] },
								"south": { "texture": "#plain", "uv": [ 7.0, 1.5, 8.5, 15.5 ] },
								"west": { "texture": "#plain", "uv": [ 5.5, 0.0, 6.0, 14.0 ] },
								"down": { "texture": "#plain", "uv": [ 14.5, 2.0, 16.0, 2.5 ] }
							}
						},
						{
							"name": "StrapBack6",
							"from": [ 0.0, 0.0, -0.45 ],
							"to": [ 1.5, 14.25, 0.0 ],
							"rotationOrigin": [ 1.5, 0.45, 0.15 ],
							"rotationX": -1.0,
							"faces": {
								"north": { "texture": "#plain", "uv": [ 0.5, 0.0, 2.0, 14.0 ] },
								"east": { "texture": "#plain", "uv": [ 0.0, 1.0, 0.5, 15.0 ] },
								"south": { "texture": "#plain", "uv": [ 7.0, 2.0, 8.5, 16.0 ] },
								"west": { "texture": "#plain", "uv": [ 6.0, 0.5, 6.5, 14.5 ] },
								"down": { "texture": "#plain", "uv": [ 14.5, 2.0, 16.0, 2.5 ] }
							}
						}
					]
				}
			]
		},
		{
			"name": "ORIGINStrapsRear",
			"stepParentName": "Rear",
			"from": [ -0.15, 6.9, -0.225 ],
			"to": [ 4.35, 16.8, 12.225 ],
			"rotationOrigin": [ -0.15, 6.9011, -0.225 ],
			"rotationZ": -1.0,
			"faces": {
			},
			"children": [
				{
					"name": "Strap-Back",
					"from": [ 0.45, 6.6, -0.15 ],
					"to": [ 12.45, 8.1, 0.3 ],
					"rotationOrigin": [ 0.45, 6.6, 0.0 ],
					"rotationZ": 6.0,
					"faces": {
						"north": { "texture": "#plain", "uv": [ 3.5, 7.5, 15.5, 9.0 ] },
						"east": { "texture": "#plain", "uv": [ 6.5, 12.0, 7.0, 13.5 ] },
						"south": { "texture": "#plain", "uv": [ 3.0, 7.5, 15.0, 9.0 ] },
						"up": { "texture": "#plain", "uv": [ 3.0, 3.5, 15.0, 4.0 ] },
						"down": { "texture": "#plain", "uv": [ 1.0, 6.5, 13.0, 7.0 ] }
					},
					"children": [
						{
							"name": "Strap-Back2",
							"from": [ 11.55, 0.0, 0.45 ],
							"to": [ 12.0, 1.5, 12.3 ],
							"rotationOrigin": [ 11.55, 0.0, 0.45 ],
							"faces": {
								"east": { "texture": "#plain", "uv": [ 4.0, 12.0, 15.5, 13.5 ] },
								"west": { "texture": "#plain", "uv": [ 0.5, 0.0, 12.0, 1.5 ] },
								"up": { "texture": "#plain", "uv": [ 3.0, 3.5, 3.5, 15.0 ] },
								"down": { "texture": "#plain", "uv": [ 1.0, 4.5, 1.5, 16.0 ] }
							}
						},
						{
							"name": "Strap-Back3",
							"from": [ 0.0, 0.0, 12.3 ],
							"to": [ 12.0, 1.5, 12.75 ],
							"rotationOrigin": [ 0.0, 0.0, 12.3 ],
							"faces": {
								"north": { "texture": "#plain", "uv": [ 3.0, 7.5, 15.0, 9.0 ] },
								"east": { "texture": "#plain", "uv": [ 6.5, 12.0, 7.0, 13.5 ] },
								"south": { "texture": "#plain", "uv": [ 3.5, 8.0, 15.5, 9.5 ] },
								"up": { "texture": "#plain", "uv": [ 3.0, 3.5, 15.0, 4.0 ] },
								"down": { "texture": "#plain", "uv": [ 1.0, 6.5, 13.0, 7.0 ] }
							}
						}
					]
				},
				{
					"name": "BackTopStrapSingle",
					"from": [ 6.15, 9.3, 5.4 ],
					"to": [ 12.15, 10.05, 6.9 ],
					"rotationOrigin": [ 6.15, 9.3, 6.225 ],
					"faces": {
						"north": { "texture": "#plain", "uv": [ 0.0, 0.0, 6.0, 0.5 ] },
						"east": { "texture": "#plain", "uv": [ 0.0, 0.0, 1.5, 0.5 ] },
						"south": { "texture": "#plain", "uv": [ 0.0, 0.0, 6.0, 0.5 ] },
						"west": { "texture": "#plain", "uv": [ 0.0, 0.0, 1.5, 0.5 ] },
						"up": { "texture": "#plain", "uv": [ 0.0, 0.0, 6.0, 1.5 ] },
						"down": { "texture": "#plain", "uv": [ 0.0, 0.0, 6.0, 1.5 ] }
					},
					"children": [
						{
							"name": "BackTopStrapJunction1",
							"from": [ -1.35, 0.15, -0.75 ],
							"to": [ 0.15, 0.9, 7.35 ],
							"rotationOrigin": [ -1.35, 0.15, 0.75 ],
							"rotationY": -45.0,
							"faces": {
								"north": { "texture": "#plain", "uv": [ 8.5, 5.5, 10.0, 6.0 ] },
								"east": { "texture": "#plain", "uv": [ 7.5, 2.0, 15.5, 2.5 ] },
								"south": { "texture": "#plain", "uv": [ 0.0, 2.0, 1.5, 2.5 ] },
								"up": { "texture": "#plain", "uv": [ 3.5, 7.5, 5.0, 15.5 ] },
								"down": { "texture": "#plain", "uv": [ 7.5, 0.5, 9.0, 8.5 ] }
							},
							"children": [
								{
									"name": "BackTopStrapJunction2",
									"from": [ -6.75, 0.0, 0.0 ],
									"to": [ 0.0, 0.75, 1.5 ],
									"rotationOrigin": [ -0.75, 0.0, 1.5 ],
									"faces": {
										"north": { "texture": "#plain", "uv": [ 8.5, 5.5, 15.0, 6.0 ] },
										"south": { "texture": "#plain", "uv": [ 0.0, 2.0, 6.5, 2.5 ] },
										"up": { "texture": "#plain", "uv": [ 3.5, 7.5, 10.0, 9.0 ] },
										"down": { "texture": "#plain", "uv": [ 7.0, 0.5, 13.5, 2.0 ] }
									}
								}
							]
						}
					]
				},
				{
					"name": "HaunchStrapNS",
					"from": [ 5.4, 9.675, 0.375 ],
					"to": [ 6.9, 10.125, 12.075 ],
					"rotationOrigin": [ 5.4, 9.675, 0.375 ],
					"faces": {
						"east": { "texture": "#plain", "uv": [ 0.0, 2.5, 11.5, 3.0 ] },
						"west": { "texture": "#plain", "uv": [ 0.0, 8.5, 11.5, 9.0 ] },
						"up": { "texture": "#plain", "uv": [ 4.5, 0.5, 16.0, 2.0 ], "rotation": 90, "windMode": [-1,-1,-1,-1], "windData": [1,1,1,1] },
						"down": { "texture": "#plain", "uv": [ 4.5, 8.0, 16.0, 9.5 ], "rotation": 90, "windMode": [-1,-1,-1,-1], "windData": [1,1,1,1] }
					},
					"children": [
						{
							"name": "HaunchStrapN",
							"from": [ 0.0, -1.2, -0.45 ],
							"to": [ 1.5, 0.45, 0.0 ],
							"rotationOrigin": [ 0.0, -1.2, -0.45 ],
							"faces": {
								"north": { "texture": "#plain", "uv": [ 10.5, 10.0, 12.0, 11.5 ], "windMode": [-1,-1,-1,-1], "windData": [1,1,1,1] },
								"east": { "texture": "#plain", "uv": [ 6.0, 0.5, 6.5, 2.0 ] },
								"south": { "texture": "#plain", "uv": [ 11.5, 12.5, 13.0, 14.0 ], "windMode": [-1,-1,-1,-1], "windData": [1,1,1,1] },
								"west": { "texture": "#plain", "uv": [ 12.0, 10.0, 12.5, 11.5 ] },
								"up": { "texture": "#plain", "uv": [ 3.5, 12.5, 4.0, 14.0 ], "rotation": 90, "windMode": [-1,-1,-1,-1], "windData": [1,1,1,1] }
							}
						},
						{
							"name": "HaunchStrapN2",
							"from": [ 0.0, -1.2, 11.7 ],
							"to": [ 1.5, 0.45, 12.15 ],
							"rotationOrigin": [ 0.0, -1.2, 11.7 ],
							"faces": {
								"north": { "texture": "#plain", "uv": [ 10.5, 10.0, 12.0, 11.5 ], "windMode": [-1,-1,-1,-1], "windData": [1,1,1,1] },
								"east": { "texture": "#plain", "uv": [ 6.0, 0.5, 6.5, 2.0 ] },
								"south": { "texture": "#plain", "uv": [ 11.5, 12.5, 13.0, 14.0 ], "windMode": [-1,-1,-1,-1], "windData": [1,1,1,1] },
								"west": { "texture": "#plain", "uv": [ 12.0, 10.0, 12.5, 11.5 ] },
								"up": { "texture": "#plain", "uv": [ 3.5, 12.5, 4.0, 14.0 ], "rotation": 90, "windMode": [-1,-1,-1,-1], "windData": [1,1,1,1] }
							}
						}
					]
				}
			]
		},
		{
			"name": "ORIGINBasketRear",
			"stepParentName": "Rear",
			"from": [ 6.0, 16.65, 5.55 ],
			"to": [ 7.5, 18.15, 7.05 ],
			"rotationOrigin": [ 6.0, 16.65, 5.55 ],
			"faces": {
			},
			"children": [
				{
					"name": "BasketChest",
					"from": [ -6.0, 0.0, -6.0 ],
					"to": [ 6.0, 7.5, 6.0 ],
					"rotationOrigin": [ 0.0, 0.0, 1.5 ],
					"faces": {
						"north": { "texture": "#sidesWE", "uv": [ 3.5, 1.0, 15.5, 8.5 ], "windMode": [-1,-1,-1,-1], "windData": [1,1,1,1] },
						"east": { "texture": "#sidesWE", "uv": [ 1.0, 8.0, 13.0, 15.5 ], "windMode": [-1,-1,-1,-1], "windData": [1,1,1,1] },
						"south": { "texture": "#sidesWE", "uv": [ 2.5, 7.5, 14.5, 15.0 ], "windMode": [-1,-1,-1,-1], "windData": [1,1,1,1] },
						"west": { "texture": "#sidesWE", "uv": [ 3.5, 7.0, 15.5, 14.5 ], "windMode": [-1,-1,-1,-1], "windData": [1,1,1,1] },
						"up": { "texture": "#sidesWE", "uv": [ 3.0, 3.0, 15.0, 15.0 ] },
						"down": { "texture": "#sidesWE", "uv": [ 2.5, 4.0, 14.5, 16.0 ], "windMode": [-1,-1,-1,-1] }
					},
					"children": [
						{
							"name": "lid",
							"from": [ 0.6, 7.5, 0.75 ],
							"to": [ 11.1, 9.0, 11.25 ],
							"rotationOrigin": [ 6.0, 8.25, 6.0 ],
							"faces": {
								"north": { "texture": "#lid", "uv": [ 0.0, 0.0, 10.5, 1.5 ] },
								"east": { "texture": "#lid", "uv": [ 0.0, 0.0, 10.5, 1.5 ] },
								"south": { "texture": "#lid", "uv": [ 0.0, 0.0, 10.5, 1.5 ] },
								"west": { "texture": "#lid", "uv": [ 0.0, 0.0, 10.5, 1.5 ] },
								"up": { "texture": "#lid", "uv": [ 0.0, 5.5, 10.5, 16.0 ] }
							},
							"children": [
								{
									"name": "handle",
									"from": [ 3.75, 1.5, 4.5 ],
									"to": [ 6.75, 3.0, 6.0 ],
									"rotationOrigin": [ 5.25, 1.5, 5.25 ],
									"faces": {
										"north": { "texture": "#lid", "uv": [ 11.0, 9.5, 12.5, 12.5 ], "rotation": 270 },
										"east": { "texture": "#lid", "uv": [ 0.0, 0.0, 1.5, 1.5 ] },
										"south": { "texture": "#lid", "uv": [ 13.0, 10.5, 14.5, 13.5 ], "rotation": 270 },
										"west": { "texture": "#lid", "uv": [ 0.0, 0.0, 1.5, 1.5 ] },
										"up": { "texture": "#lid", "uv": [ 11.5, 10.5, 13.0, 13.5 ], "rotation": 90 }
									}
								}
							]
						}
					]
				}
			]
		},
		{
			"name": "ORIGINLinenSackMiddle",
			"stepParentName": "Midsection",
			"from": [ 3.0, 18.0, 0.75 ],
			"to": [ 8.25, 27.0, 8.25 ],
			"rotationOrigin": [ 7.5, 19.5, 4.5 ],
			"faces": {
				"north": { "texture": "#linen", "uv": [ 8.0, 4.0, 13.25, 13.0 ] },
				"east": { "texture": "#linen", "uv": [ 5.0, 3.0, 12.5, 12.0 ] },
				"south": { "texture": "#linen", "uv": [ 2.0, 6.0, 7.25, 15.0 ] },
				"west": { "texture": "#linen", "uv": [ 6.0, 5.0, 13.5, 14.0 ] },
				"up": { "texture": "#linen", "uv": [ 12.0, 0.0, 17.25, 7.5 ] }
			},
			"children": [
				{
					"name": "N-S",
					"from": [ 0.0, 0.0, -1.5 ],
					"to": [ 5.25, 7.5, 9.0 ],
					"faces": {
						"north": { "texture": "#linen", "uv": [ 6.0, 8.0, 11.0, 15.5 ] },
						"east": { "texture": "#linen", "uv": [ 4.0, 6.5, 14.5, 14.0 ] },
						"south": { "texture": "#linen", "uv": [ 1.0, 8.0, 6.0, 15.5 ], "windMode": [-1,-1,-1,-1], "windData": [1,1,1,1] },
						"west": { "texture": "#linen", "uv": [ 5.0, 8.5, 15.5, 16.0 ] },
						"up": { "texture": "#linen", "uv": [ 4.0, 5.0, 9.0, 15.5 ] },
						"down": { "texture": "#linen", "uv": [ 8.5, 4.5, 13.5, 15.0 ], "windMode": [-1,-1,-1,-1], "windData": [1,1,1,1] }
					}
				},
				{
					"name": "W",
					"from": [ -1.5, 0.0, 0.0 ],
					"to": [ 0.0, 7.5, 7.5 ],
					"rotationOrigin": [ 0.0, 7.5, 0.0 ],
					"rotationZ": 8.0,
					"faces": {
						"north": { "texture": "#linen", "uv": [ 12.0, 8.5, 13.5, 16.0 ] },
						"south": { "texture": "#linen", "uv": [ 6.0, 8.5, 7.5, 16.0 ] },
						"west": { "texture": "#linen", "uv": [ 3.0, 8.5, 10.5, 16.0 ] },
						"up": { "texture": "#linen", "uv": [ 9.0, 3.0, 10.5, 10.5 ] },
						"down": { "texture": "#linen", "uv": [ 12.0, 7.5, 13.5, 15.0 ], "windMode": [-1,-1,-1,-1], "windData": [1,1,1,1] }
					}
				},
				{
					"name": "E",
					"from": [ 5.25, 0.0, 0.0 ],
					"to": [ 6.75, 7.5, 7.5 ],
					"rotationOrigin": [ 5.25, 7.5, 0.0 ],
					"rotationZ": -8.0,
					"faces": {
						"north": { "texture": "#linen", "uv": [ 12.0, 8.0, 13.5, 15.5 ] },
						"east": { "texture": "#linen", "uv": [ 6.0, 7.5, 13.5, 15.0 ] },
						"south": { "texture": "#linen", "uv": [ 8.0, 8.0, 9.5, 15.5 ] },
						"up": { "texture": "#linen", "uv": [ 8.0, 2.0, 9.5, 9.5 ] },
						"down": { "texture": "#linen", "uv": [ 7.0, 5.0, 8.5, 12.5 ], "windMode": [-1,-1,-1,-1], "windData": [1,1,1,1] }
					}
				},
				{
					"name": "top",
					"from": [ 2.25, 9.0, 2.25 ],
					"to": [ 3.75, 10.5, 3.75 ],
					"faces": {
						"north": { "texture": "#linen", "uv": [ 2.0, 14.5, 3.5, 16.0 ] },
						"east": { "texture": "#linen", "uv": [ 9.0, 14.0, 10.5, 15.5 ] },
						"south": { "texture": "#linen", "uv": [ 9.0, 14.5, 10.5, 16.0 ] },
						"west": { "texture": "#linen", "uv": [ 12.0, 14.0, 13.5, 15.5 ] },
						"up": { "texture": "#linen", "uv": [ 3.0, 14.5, 4.5, 16.0 ] }
					},
					"children": [
						{
							"name": "Cube1",
							"from": [ 0.75, -1.5, -3.0 ],
							"to": [ 0.75, 4.5, 4.5 ],
							"rotationOrigin": [ 0.75, 0.0, 0.0 ],
							"rotationZ": -22.5,
							"faces": {
								"west": { "texture": "#top", "uv": [ 5.0, 0.0, 12.5, 6.0 ] }
							}
						},
						{
							"name": "Cube8",
							"from": [ -3.0, -1.5, 0.75 ],
							"to": [ 4.5, 4.5, 0.75 ],
							"rotationOrigin": [ 0.0, 0.0, 0.75 ],
							"rotationX": -22.5,
							"faces": {
								"north": { "texture": "#top", "uv": [ 0.0, 0.0, 7.5, 6.0 ] }
							}
						},
						{
							"name": "Cube9",
							"from": [ 0.75, -1.5, -3.0 ],
							"to": [ 0.75, 4.5, 4.5 ],
							"rotationOrigin": [ 0.75, 0.0, 0.0 ],
							"rotationZ": 22.5,
							"faces": {
								"west": { "texture": "#top", "uv": [ 5.0, 0.0, 12.5, 6.0 ] }
							}
						},
						{
							"name": "Cube10",
							"from": [ -3.0, -1.5, 0.75 ],
							"to": [ 4.5, 4.5, 0.75 ],
							"rotationOrigin": [ 0.0, 0.0, 0.75 ],
							"rotationX": 22.5,
							"faces": {
								"north": { "texture": "#top", "uv": [ 0.0, 0.0, 7.5, 6.0 ] }
							}
						}
					]
				}
			]
		},
		{
			"name": "ORIGINLinenSackFront",
			"stepParentName": "Chest",
			"from": [ 3.9, 17.25, 2.25 ],
			"to": [ 11.4, 23.25, 9.75 ],
			"rotationOrigin": [ 8.4, 17.25, 6.75 ],
			"rotationZ": 5.0,
			"faces": {
				"north": { "texture": "#linen", "uv": [ 8.0, 4.0, 15.5, 10.0 ] },
				"east": { "texture": "#linen", "uv": [ 5.0, 3.0, 12.5, 9.0 ] },
				"south": { "texture": "#linen", "uv": [ 2.0, 6.0, 9.5, 12.0 ] },
				"west": { "texture": "#linen", "uv": [ 6.0, 5.0, 13.5, 11.0 ] },
				"up": { "texture": "#linen", "uv": [ 11.0, 0.0, 18.5, 7.5 ] }
			},
			"children": [
				{
					"name": "N-S2",
					"from": [ 0.0, 0.0, -1.5 ],
					"to": [ 7.5, 4.5, 9.0 ],
					"faces": {
						"north": { "texture": "#linen", "uv": [ 6.0, 11.0, 13.5, 15.5 ] },
						"east": { "texture": "#linen", "uv": [ 4.0, 11.0, 14.5, 15.5 ] },
						"south": { "texture": "#linen", "uv": [ 1.0, 10.0, 8.5, 14.5 ], "windMode": [-1,-1,-1,-1], "windData": [1,1,1,1] },
						"west": { "texture": "#linen", "uv": [ 5.0, 11.0, 15.5, 15.5 ] },
						"up": { "texture": "#linen", "uv": [ 4.0, 5.0, 11.5, 15.5 ] },
						"down": { "texture": "#linen", "uv": [ 5.5, 5.0, 13.0, 15.5 ], "windMode": [-1,-1,-1,-1], "windData": [1,1,1,1] }
					}
				},
				{
					"name": "E-W",
					"from": [ -1.5, 0.0, 0.0 ],
					"to": [ 9.0, 4.5, 7.5 ],
					"rotationOrigin": [ 0.0, 7.5, 0.0 ],
					"faces": {
						"north": { "texture": "#linen", "uv": [ 5.0, 2.0, 15.5, 6.5 ] },
						"east": { "texture": "#linen", "uv": [ 8.5, 1.5, 16.0, 6.0 ], "windMode": [-1,-1,-1,-1], "windData": [1,1,1,1] },
						"south": { "texture": "#linen", "uv": [ 2.5, 8.5, 13.0, 13.0 ] },
						"west": { "texture": "#linen", "uv": [ 5.5, 0.0, 13.0, 4.5 ] },
						"up": { "texture": "#linen", "uv": [ 5.5, 6.0, 16.0, 13.5 ], "windMode": [-1,-1,-1,-1], "windData": [1,1,1,1] },
						"down": { "texture": "#linen", "uv": [ 4.0, 7.5, 14.5, 15.0 ], "windMode": [-1,-1,-1,-1], "windData": [1,1,1,1] }
					}
				},
				{
					"name": "top2",
					"from": [ 3.0, 6.0, 3.0 ],
					"to": [ 4.5, 7.5, 4.5 ],
					"rotationOrigin": [ 3.75, 3.0, 0.75 ],
					"faces": {
						"north": { "texture": "#linen", "uv": [ 2.0, 14.5, 3.5, 16.0 ] },
						"east": { "texture": "#linen", "uv": [ 9.0, 14.5, 10.5, 16.0 ] },
						"south": { "texture": "#linen", "uv": [ 9.0, 14.5, 10.5, 16.0 ] },
						"west": { "texture": "#linen", "uv": [ 12.0, 14.5, 13.5, 16.0 ] },
						"up": { "texture": "#linen", "uv": [ 3.0, 14.5, 4.5, 16.0 ] }
					},
					"children": [
						{
							"name": "Cube2",
							"from": [ 0.75, -1.5, -3.0 ],
							"to": [ 0.75, 4.5, 4.5 ],
							"rotationOrigin": [ 0.75, 0.0, 0.0 ],
							"rotationZ": -22.5,
							"faces": {
								"west": { "texture": "#top", "uv": [ 5.0, 0.0, 12.5, 6.0 ] }
							}
						},
						{
							"name": "Cube11",
							"from": [ -3.0, -1.5, 0.75 ],
							"to": [ 4.5, 4.5, 0.75 ],
							"rotationOrigin": [ 0.0, 0.0, 0.75 ],
							"rotationX": -22.5,
							"faces": {
								"north": { "texture": "#top", "uv": [ 0.0, 0.0, 7.5, 6.0 ] }
							}
						},
						{
							"name": "Cube12",
							"from": [ 0.75, -1.5, -3.0 ],
							"to": [ 0.75, 4.5, 4.5 ],
							"rotationOrigin": [ 0.75, 0.0, 0.0 ],
							"rotationZ": 22.5,
							"faces": {
								"west": { "texture": "#top", "uv": [ 5.0, 0.0, 12.5, 6.0 ] }
							}
						},
						{
							"name": "Cube13",
							"from": [ -3.0, -1.5, 0.75 ],
							"to": [ 4.5, 4.5, 0.75 ],
							"rotationOrigin": [ 0.0, 0.0, 0.75 ],
							"rotationX": 22.5,
							"faces": {
								"north": { "texture": "#top", "uv": [ 0.0, 0.0, 7.5, 6.0 ] }
							}
						}
					]
				}
			]
		},
		{
			"name": "ORIGINbackpackFrontL",
			"stepParentName": "Chest",
			"from": [ 1.5, 11.25, -0.6 ],
			"to": [ 9.0, 18.75, 4.65 ],
			"rotationOrigin": [ 5.25, 13.5, -0.6 ],
			"rotationX": -3.0,
			"rotationY": 180.0,
			"faces": {
				"north": { "texture": "#leather", "uv": [ 0.0, 3.5, 7.5, 11.0 ] },
				"east": { "texture": "#leather", "uv": [ 1.0, 3.5, 6.0, 11.0 ] },
				"south": { "texture": "#leather", "uv": [ 5.0, 3.5, 12.5, 11.0 ] },
				"west": { "texture": "#leather", "uv": [ 10.0, 3.5, 15.0, 11.0 ] },
				"up": { "texture": "#leather", "uv": [ 5.0, 1.0, 12.5, 6.0 ] },
				"down": { "texture": "#leather", "uv": [ 0.0, 7.0, 7.5, 12.0 ] }
			},
			"children": [
				{
					"name": "top6",
					"from": [ 0.75, 7.5, 1.5 ],
					"to": [ 6.75, 8.25, 4.5 ],
					"faces": {
						"north": { "texture": "#leather", "uv": [ 10.0, 0.0, 16.0, 0.5 ] },
						"east": { "texture": "#leather", "uv": [ 5.0, 5.0, 8.0, 5.5 ] },
						"south": { "texture": "#leather", "uv": [ 5.5, 9.0, 11.5, 9.5 ] },
						"west": { "texture": "#leather", "uv": [ 8.0, 5.0, 11.0, 5.5 ] },
						"up": { "texture": "#leather", "uv": [ 5.5, 4.0, 11.5, 7.0 ] }
					}
				},
				{
					"name": "bottom",
					"from": [ 0.0, -0.75, 0.75 ],
					"to": [ 7.5, 0.0, 5.25 ],
					"faces": {
						"north": { "texture": "#leather", "uv": [ 0.0, 5.0, 7.5, 5.5 ] },
						"east": { "texture": "#leather", "uv": [ 1.0, 5.0, 5.5, 5.5 ] },
						"south": { "texture": "#leather", "uv": [ 8.5, 5.0, 16.0, 5.5 ] },
						"west": { "texture": "#leather", "uv": [ 11.0, 5.0, 15.5, 5.5 ] },
						"down": { "texture": "#leather", "uv": [ 6.0, 11.0, 13.5, 15.5 ] }
					}
				},
				{
					"name": "L pocket",
					"from": [ -1.05, 2.25, 0.9 ],
					"to": [ 0.45, 6.75, 4.65 ],
					"rotationOrigin": [ -0.3, 6.75, 3.0 ],
					"rotationZ": -10.0,
					"faces": {
						"north": { "texture": "#leather", "uv": [ 0.5, 4.5, 2.0, 9.0 ] },
						"east": { "texture": "#leather", "uv": [ 0.0, 2.0, 3.5, 6.5 ] },
						"south": { "texture": "#leather", "uv": [ 2.0, 4.5, 3.5, 9.0 ] },
						"west": { "texture": "#leather", "uv": [ 11.0, 4.5, 14.5, 9.0 ] },
						"up": { "texture": "#leather", "uv": [ 7.5, 1.0, 9.0, 4.5 ] },
						"down": { "texture": "#leather", "uv": [ 3.0, 7.0, 4.5, 10.5 ] }
					}
				},
				{
					"name": "R pocket",
					"from": [ 7.05, 2.25, 0.9 ],
					"to": [ 8.55, 6.75, 4.65 ],
					"rotationOrigin": [ 7.8, 6.75, 2.4 ],
					"rotationZ": 10.0,
					"faces": {
						"north": { "texture": "#leather", "uv": [ 13.0, 4.5, 14.5, 9.0 ] },
						"east": { "texture": "#leather", "uv": [ 2.0, 4.5, 5.5, 9.0 ] },
						"south": { "texture": "#leather", "uv": [ 10.5, 4.5, 12.0, 9.0 ] },
						"up": { "texture": "#leather", "uv": [ 8.0, 1.0, 9.5, 4.5 ] },
						"down": { "texture": "#leather", "uv": [ 2.0, 6.5, 3.5, 10.0 ] }
					}
				},
				{
					"name": "top pocket",
					"from": [ 1.5, 0.3, 4.5 ],
					"to": [ 6.0, 7.8, 6.0 ],
					"rotationOrigin": [ 3.75, 7.65, 4.5 ],
					"rotationX": -15.0,
					"faces": {
						"east": { "texture": "#leather", "uv": [ 9.5, 1.5, 11.0, 9.0 ] },
						"south": { "texture": "#leather", "uv": [ 6.0, 2.0, 10.5, 9.5 ] },
						"west": { "texture": "#leather", "uv": [ 2.5, 1.5, 4.0, 9.0 ] },
						"up": { "texture": "#leather", "uv": [ 0.0, 3.0, 4.5, 4.5 ] },
						"down": { "texture": "#leather", "uv": [ 6.0, 6.0, 10.5, 7.5 ] }
					}
				},
				{
					"name": "L wood",
					"from": [ -0.15, -4.65, -0.15 ],
					"to": [ 1.35, 8.85, 1.35 ],
					"rotationOrigin": [ 0.6, 8.85, 0.0 ],
					"rotationX": 2.0,
					"rotationZ": -3.0,
					"faces": {
						"north": { "texture": "#straps", "uv": [ 7.5, 2.5, 9.0, 16.0 ] },
						"east": { "texture": "#straps", "uv": [ 8.0, 2.5, 9.5, 16.0 ] },
						"south": { "texture": "#straps", "uv": [ 3.0, 2.5, 4.5, 16.0 ] },
						"west": { "texture": "#straps", "uv": [ 1.5, 1.5, 3.0, 15.0 ] },
						"up": { "texture": "#straps", "uv": [ 2.0, 5.0, 3.5, 6.5 ] },
						"down": { "texture": "#straps", "uv": [ 1.5, 2.0, 3.0, 3.5 ] }
					}
				},
				{
					"name": "R wood",
					"from": [ 6.45, -4.65, -0.15 ],
					"to": [ 7.95, 8.85, 1.35 ],
					"rotationOrigin": [ 7.2, 8.85, 0.0 ],
					"rotationX": 2.0,
					"rotationZ": 3.0,
					"faces": {
						"north": { "texture": "#straps", "uv": [ 7.0, 2.5, 8.5, 16.0 ] },
						"east": { "texture": "#straps", "uv": [ 7.5, 2.5, 9.0, 16.0 ] },
						"south": { "texture": "#straps", "uv": [ 6.0, 1.5, 7.5, 15.0 ] },
						"west": { "texture": "#straps", "uv": [ 7.5, 2.5, 9.0, 16.0 ] },
						"up": { "texture": "#straps", "uv": [ 7.0, 3.0, 8.5, 4.5 ] },
						"down": { "texture": "#straps", "uv": [ 0.0, 0.0, 1.5, 1.5 ] }
					}
				},
				{
					"name": "base",
					"from": [ -0.75, -6.0, 0.6 ],
					"to": [ 8.25, 4.5, 6.6 ],
					"rotationOrigin": [ -0.75, -6.0, -0.15 ],
					"faces": {
						"north": { "texture": "#leather", "uv": [ 7.0, 5.5, 16.0, 16.0 ] },
						"east": { "texture": "#leather", "uv": [ 0.5, 5.5, 6.5, 16.0 ] },
						"south": { "texture": "#leather", "uv": [ 4.5, 5.5, 13.5, 16.0 ] },
						"west": { "texture": "#leather", "uv": [ 10.0, 5.5, 16.0, 16.0 ] },
						"up": { "texture": "#leather", "uv": [ 4.5, 3.5, 13.5, 9.5 ] },
						"down": { "texture": "#leather", "uv": [ 1.5, 10.0, 10.5, 16.0 ] }
					},
					"children": [
						{
							"name": "bottom 1",
							"from": [ 0.75, -0.75, 0.0 ],
							"to": [ 8.25, 0.0, 5.25 ],
							"rotationOrigin": [ 0.0, -0.75, -0.75 ],
							"faces": {
								"north": { "texture": "#leather", "uv": [ 5.5, 3.0, 13.0, 3.75 ] },
								"east": { "texture": "#leather", "uv": [ 2.5, 3.5, 7.75, 4.25 ] },
								"south": { "texture": "#leather", "uv": [ 5.5, 4.0, 13.0, 4.75 ] },
								"west": { "texture": "#leather", "uv": [ 10.0, 3.0, 15.25, 3.75 ] },
								"down": { "texture": "#leather", "uv": [ 5.5, 0.5, 13.0, 5.75 ] }
							}
						}
					]
				},
				{
					"name": "L large pocket",
					"from": [ -2.25, -4.5, 0.75 ],
					"to": [ -0.75, 3.0, 6.0 ],
					"rotationOrigin": [ -1.5, 3.0, 3.6 ],
					"rotationZ": 6.0,
					"faces": {
						"north": { "texture": "#leather", "uv": [ 0.0, 0.0, 1.5, 7.5 ] },
						"east": { "texture": "#leather", "uv": [ 0.0, 0.0, 5.0, 7.5 ] },
						"south": { "texture": "#leather", "uv": [ 8.5, 0.0, 10.0, 7.5 ] },
						"west": { "texture": "#leather", "uv": [ 7.0, 0.0, 12.0, 7.5 ] },
						"up": { "texture": "#leather", "uv": [ 13.0, 9.5, 14.5, 14.5 ] },
						"down": { "texture": "#leather", "uv": [ 0.0, 1.0, 1.5, 6.0 ] }
					}
				},
				{
					"name": "R large pocket",
					"from": [ 8.1, -4.5, 0.75 ],
					"to": [ 9.6, 2.85, 6.0 ],
					"rotationOrigin": [ 8.85, 3.0, 3.0 ],
					"rotationZ": -6.0,
					"faces": {
						"north": { "texture": "#leather", "uv": [ 0.0, 0.0, 1.5, 7.0 ] },
						"east": { "texture": "#leather", "uv": [ 2.5, 0.0, 7.5, 7.0 ] },
						"south": { "texture": "#leather", "uv": [ 1.5, 0.0, 3.0, 7.0 ] },
						"west": { "texture": "#leather", "uv": [ 6.5, 0.5, 11.5, 7.5 ] },
						"up": { "texture": "#leather", "uv": [ 3.5, 6.5, 5.0, 11.5 ] },
						"down": { "texture": "#leather", "uv": [ 1.0, 0.5, 2.5, 5.5 ] }
					}
				}
			]
		},
		{
			"name": "ORIGINSaddleBagsRightF",
			"stepParentName": "Chest",
			"from": [ 6.15, 14.25, 13.95 ],
			"to": [ 7.65, 15.75, 15.45 ],
			"rotationOrigin": [ 6.1449, 14.25, 13.95 ],
			"rotationX": 4.0,
			"rotationY": 180.0,
			"faces": {
			},
			"children": [
				{
					"name": "SaddleBagRFront2",
					"from": [ -4.5, -6.0, -1.5 ],
					"to": [ 4.5, 3.0, 1.5 ],
					"rotationOrigin": [ -4.5, 1.5, 1.5 ],
					"faces": {
						"north": { "texture": "#plain", "uv": [ 4.0, 7.0, 13.0, 16.0 ] },
						"east": { "texture": "#plain", "uv": [ 8.5, 7.0, 11.5, 16.0 ] },
						"south": { "texture": "#plain", "uv": [ 7.0, 5.5, 16.0, 14.5 ] },
						"west": { "texture": "#plain", "uv": [ 2.0, 7.0, 5.0, 16.0 ] },
						"up": { "texture": "#plain", "uv": [ 1.5, 7.0, 10.5, 10.0 ] },
						"down": { "texture": "#plain", "uv": [ 7.0, 10.0, 16.0, 13.0 ] }
					},
					"children": [
						{
							"name": "FlapTop6",
							"from": [ -0.375, 9.0, 0.0 ],
							"to": [ 9.375, 9.45, 3.0 ],
							"rotationOrigin": [ -0.375, 9.0, 0.0 ],
							"faces": {
								"east": { "texture": "#plain", "uv": [ 0.0, 0.0, 3.0, 0.5 ] },
								"south": { "texture": "#plain", "uv": [ 0.0, 0.0, 9.5, 0.5 ] },
								"west": { "texture": "#plain", "uv": [ 0.0, 0.0, 3.0, 0.5 ] },
								"up": { "texture": "#plain", "uv": [ 0.0, 0.0, 9.5, 3.0 ] },
								"down": { "texture": "#plain", "uv": [ 0.0, 0.0, 9.5, 3.0 ] }
							},
							"children": [
								{
									"name": "FlapSide6",
									"from": [ 0.0, -3.3, -0.45 ],
									"to": [ 9.75, 0.45, 0.0 ],
									"rotationOrigin": [ 0.0, -3.3, -0.45 ],
									"faces": {
										"north": { "texture": "#plain", "uv": [ 0.0, 10.5, 9.5, 14.0 ] },
										"east": { "texture": "#plain", "uv": [ 6.0, 9.0, 6.5, 12.5 ] },
										"south": { "texture": "#plain", "uv": [ 4.5, 8.5, 14.0, 12.0 ] },
										"west": { "texture": "#plain", "uv": [ 3.0, 9.0, 3.5, 12.5 ] },
										"up": { "texture": "#plain", "uv": [ 3.0, 6.0, 12.5, 6.5 ] },
										"down": { "texture": "#plain", "uv": [ 2.0, 0.0, 11.5, 0.5 ] }
									},
									"children": [
										{
											"name": "FlagStrap31",
											"from": [ 1.5, 0.0, -0.3 ],
											"to": [ 2.25, 3.0, 0.0 ],
											"rotationOrigin": [ 1.5, 0.0, -0.3 ],
											"faces": {
												"north": { "texture": "#plain", "uv": [ 8.0, 10.0, 8.5, 13.0 ] },
												"east": { "texture": "#plain", "uv": [ 13.5, 8.0, 14.0, 11.0 ] },
												"west": { "texture": "#plain", "uv": [ 7.5, 1.0, 8.0, 4.0 ] },
												"up": { "texture": "#plain", "uv": [ 0.0, 14.5, 0.5, 15.0 ] }
											},
											"children": [
												{
													"name": "FlagStrap32",
													"from": [ 0.015, -1.5, 0.0 ],
													"to": [ 0.765, 0.0, 0.3 ],
													"rotationOrigin": [ 0.0, 0.0, 0.0 ],
													"rotationX": -18.0,
													"faces": {
														"north": { "texture": "#plain", "uv": [ 7.5, 4.0, 8.0, 5.5 ] },
														"east": { "texture": "#plain", "uv": [ 10.5, 7.5, 11.0, 9.0 ] },
														"south": { "texture": "#plain", "uv": [ 5.5, 2.0, 6.0, 3.5 ] },
														"west": { "texture": "#plain", "uv": [ 3.5, 14.0, 4.0, 15.5 ] }
													}
												},
												{
													"name": "FlagStrap33",
													"from": [ 0.0, -4.32, 0.45 ],
													"to": [ 0.75, -1.32, 0.75 ],
													"rotationOrigin": [ 0.0, -4.35, 0.45 ],
													"faces": {
														"north": { "texture": "#plain", "uv": [ 5.5, 11.5, 6.0, 14.5 ] },
														"east": { "texture": "#plain", "uv": [ 3.0, 12.0, 3.5, 15.0 ] },
														"west": { "texture": "#plain", "uv": [ 7.5, 0.5, 8.0, 3.5 ] },
														"down": { "texture": "#plain", "uv": [ 6.0, 5.5, 6.5, 6.0 ] }
													},
													"children": [
														{
															"name": "Buckle11",
															"from": [ -0.375, 2.25, -0.3 ],
															"to": [ 1.125, 3.0, 0.45 ],
															"rotationOrigin": [ -0.375, 2.25, -0.3 ],
															"faces": {
																"north": { "texture": "#tinbronze1", "uv": [ 12.0, 5.0, 13.5, 5.5 ] },
																"east": { "texture": "#tinbronze1", "uv": [ 10.0, 12.5, 10.5, 13.0 ] },
																"west": { "texture": "#tinbronze1", "uv": [ 3.0, 3.0, 3.5, 3.5 ] },
																"up": { "texture": "#tinbronze1", "uv": [ 10.5, 2.0, 12.0, 2.5 ] },
																"down": { "texture": "#tinbronze1", "uv": [ 1.5, 3.5, 3.0, 4.0 ] }
															}
														}
													]
												}
											]
										},
										{
											"name": "FlagStrap34",
											"from": [ 7.5, 0.0, -0.3 ],
											"to": [ 8.25, 3.0, 0.0 ],
											"rotationOrigin": [ 7.5, 0.0, -0.3 ],
											"faces": {
												"north": { "texture": "#plain", "uv": [ 1.0, 2.5, 1.5, 5.5 ] },
												"east": { "texture": "#plain", "uv": [ 13.5, 10.0, 14.0, 13.0 ] },
												"west": { "texture": "#plain", "uv": [ 13.0, 0.5, 13.5, 3.5 ] },
												"up": { "texture": "#plain", "uv": [ 0.5, 11.0, 1.0, 11.5 ] }
											},
											"children": [
												{
													"name": "FlagStrap35",
													"from": [ 0.015, -1.5, 0.0 ],
													"to": [ 0.765, 0.0, 0.3 ],
													"rotationOrigin": [ 0.0, 0.0, 0.0 ],
													"rotationX": -18.0,
													"faces": {
														"north": { "texture": "#plain", "uv": [ 6.5, 5.5, 7.0, 7.0 ] },
														"east": { "texture": "#plain", "uv": [ 0.5, 9.5, 1.0, 11.0 ] },
														"south": { "texture": "#plain", "uv": [ 0.5, 2.0, 1.0, 3.5 ] },
														"west": { "texture": "#plain", "uv": [ 13.0, 13.5, 13.5, 15.0 ] }
													}
												},
												{
													"name": "FlagStrap36",
													"from": [ 0.0, -4.32, 0.45 ],
													"to": [ 0.75, -1.32, 0.75 ],
													"rotationOrigin": [ 0.0, -4.35, 0.45 ],
													"faces": {
														"north": { "texture": "#plain", "uv": [ 1.5, 5.0, 2.0, 8.0 ] },
														"east": { "texture": "#plain", "uv": [ 0.0, 9.5, 0.5, 12.5 ] },
														"west": { "texture": "#plain", "uv": [ 9.5, 9.0, 10.0, 12.0 ] },
														"down": { "texture": "#plain", "uv": [ 9.0, 13.0, 9.5, 13.5 ] }
													},
													"children": [
														{
															"name": "Buckle12",
															"from": [ -0.375, 2.25, -0.3 ],
															"to": [ 1.125, 3.0, 0.45 ],
															"rotationOrigin": [ -0.375, 2.25, -0.3 ],
															"faces": {
																"north": { "texture": "#tinbronze1", "uv": [ 10.5, 10.0, 12.0, 10.5 ] },
																"east": { "texture": "#tinbronze1", "uv": [ 5.5, 5.0, 6.0, 5.5 ] },
																"west": { "texture": "#tinbronze1", "uv": [ 2.0, 0.0, 2.5, 0.5 ] },
																"up": { "texture": "#tinbronze1", "uv": [ 4.5, 14.5, 6.0, 15.0 ] },
																"down": { "texture": "#tinbronze1", "uv": [ 9.0, 2.5, 10.5, 3.0 ] }
															}
														}
													]
												}
											]
										}
									]
								}
							]
						}
					]
				}
			]
		},
		{
			"name": "ORIGINrearBags",
			"stepParentName": "Rear",
			"from": [ 6.0, 15.0, 5.1 ],
			"to": [ 7.5, 16.5, 6.6 ],
			"rotationOrigin": [ 6.0, 15.0, 5.1 ],
			"faces": {
			},
			"children": [
				{
					"name": "SaddleBagRrear",
					"from": [ -6.0, -6.9, -8.4 ],
					"to": [ 3.0, 2.1, -5.4 ],
					"rotationOrigin": [ -6.0, 0.45, -5.4 ],
					"rotationX": 2.0,
					"rotationZ": -1.0,
					"faces": {
						"north": { "texture": "#plain", "uv": [ 4.0, 6.5, 13.0, 15.5 ] },
						"east": { "texture": "#plain", "uv": [ 8.0, 7.0, 11.0, 16.0 ] },
						"south": { "texture": "#plain", "uv": [ 7.0, 5.5, 16.0, 14.5 ] },
						"west": { "texture": "#plain", "uv": [ 2.0, 7.0, 5.0, 16.0 ] },
						"up": { "texture": "#plain", "uv": [ 1.5, 7.0, 10.5, 10.0 ] },
						"down": { "texture": "#plain", "uv": [ 7.0, 10.0, 16.0, 13.0 ] }
					},
					"children": [
						{
							"name": "FlapTop",
							"from": [ -0.375, 9.0, 0.0 ],
							"to": [ 9.375, 9.45, 3.0 ],
							"rotationOrigin": [ -0.375, 9.0, 0.0 ],
							"faces": {
								"east": { "texture": "#plain", "uv": [ 0.0, 0.0, 3.0, 0.5 ] },
								"south": { "texture": "#plain", "uv": [ 0.0, 0.0, 9.5, 0.5 ] },
								"west": { "texture": "#plain", "uv": [ 0.0, 0.0, 3.0, 0.5 ] },
								"up": { "texture": "#plain", "uv": [ 0.0, 0.0, 9.5, 3.0 ] },
								"down": { "texture": "#plain", "uv": [ 0.0, 0.0, 9.5, 3.0 ] }
							},
							"children": [
								{
									"name": "FlapSide",
									"from": [ 0.0, -3.3, -0.45 ],
									"to": [ 9.75, 0.45, 0.0 ],
									"rotationOrigin": [ 0.0, -3.3, -0.45 ],
									"faces": {
										"north": { "texture": "#plain", "uv": [ 0.0, 10.5, 9.5, 14.0 ] },
										"east": { "texture": "#plain", "uv": [ 6.0, 9.0, 6.5, 12.5 ] },
										"south": { "texture": "#plain", "uv": [ 5.0, 8.5, 14.5, 12.0 ] },
										"west": { "texture": "#plain", "uv": [ 3.0, 9.0, 3.5, 12.5 ] },
										"up": { "texture": "#plain", "uv": [ 3.0, 6.0, 12.5, 6.5 ] },
										"down": { "texture": "#plain", "uv": [ 2.0, 0.0, 11.5, 0.5 ] }
									},
									"children": [
										{
											"name": "FlagStrap1",
											"from": [ 1.5, 0.0, -0.3 ],
											"to": [ 2.25, 3.0, 0.0 ],
											"rotationOrigin": [ 1.5, 0.0, -0.3 ],
											"faces": {
												"north": { "texture": "#plain", "uv": [ 8.0, 10.0, 8.5, 13.0 ] },
												"east": { "texture": "#plain", "uv": [ 13.5, 8.0, 14.0, 11.0 ] },
												"west": { "texture": "#plain", "uv": [ 7.5, 1.0, 8.0, 4.0 ] },
												"up": { "texture": "#plain", "uv": [ 0.0, 14.5, 0.5, 15.0 ] }
											},
											"children": [
												{
													"name": "FlagStrap2",
													"from": [ 0.015, -1.5, 0.0 ],
													"to": [ 0.765, 0.0, 0.3 ],
													"rotationOrigin": [ 0.0, 0.0, 0.0 ],
													"rotationX": -18.0,
													"faces": {
														"north": { "texture": "#plain", "uv": [ 7.5, 4.0, 8.0, 5.5 ] },
														"east": { "texture": "#plain", "uv": [ 10.5, 7.5, 11.0, 9.0 ] },
														"south": { "texture": "#plain", "uv": [ 5.5, 2.0, 6.0, 3.5 ] },
														"west": { "texture": "#plain", "uv": [ 3.5, 14.0, 4.0, 15.5 ] }
													}
												},
												{
													"name": "FlagStrap3",
													"from": [ 0.0, -4.32, 0.45 ],
													"to": [ 0.75, -1.32, 0.75 ],
													"rotationOrigin": [ 0.0, -4.35, 0.45 ],
													"faces": {
														"north": { "texture": "#plain", "uv": [ 5.5, 11.5, 6.0, 14.5 ] },
														"east": { "texture": "#plain", "uv": [ 3.0, 12.0, 3.5, 15.0 ] },
														"west": { "texture": "#plain", "uv": [ 7.5, 0.5, 8.0, 3.5 ] },
														"down": { "texture": "#plain", "uv": [ 6.0, 5.5, 6.5, 6.0 ] }
													},
													"children": [
														{
															"name": "Buckle",
															"from": [ -0.375, 2.25, -0.3 ],
															"to": [ 1.125, 3.0, 0.45 ],
															"rotationOrigin": [ -0.375, 2.25, -0.3 ],
															"faces": {
																"north": { "texture": "#tinbronze1", "uv": [ 12.0, 5.0, 13.5, 5.5 ] },
																"east": { "texture": "#tinbronze1", "uv": [ 10.0, 12.5, 10.5, 13.0 ] },
																"west": { "texture": "#tinbronze1", "uv": [ 3.0, 3.0, 3.5, 3.5 ] },
																"up": { "texture": "#tinbronze1", "uv": [ 10.5, 2.0, 12.0, 2.5 ] },
																"down": { "texture": "#tinbronze1", "uv": [ 1.5, 3.5, 3.0, 4.0 ] }
															}
														}
													]
												}
											]
										},
										{
											"name": "FlagStrap4",
											"from": [ 7.5, 0.0, -0.3 ],
											"to": [ 8.25, 3.0, 0.0 ],
											"rotationOrigin": [ 7.5, 0.0, -0.3 ],
											"faces": {
												"north": { "texture": "#plain", "uv": [ 1.0, 2.5, 1.5, 5.5 ] },
												"east": { "texture": "#plain", "uv": [ 13.5, 10.0, 14.0, 13.0 ] },
												"west": { "texture": "#plain", "uv": [ 13.0, 0.5, 13.5, 3.5 ] },
												"up": { "texture": "#plain", "uv": [ 0.5, 11.0, 1.0, 11.5 ] }
											},
											"children": [
												{
													"name": "FlagStrap5",
													"from": [ 0.015, -1.5, 0.0 ],
													"to": [ 0.765, 0.0, 0.3 ],
													"rotationOrigin": [ 0.0, 0.0, 0.0 ],
													"rotationX": -18.0,
													"faces": {
														"north": { "texture": "#plain", "uv": [ 6.5, 5.5, 7.0, 7.0 ] },
														"east": { "texture": "#plain", "uv": [ 0.5, 9.5, 1.0, 11.0 ] },
														"south": { "texture": "#plain", "uv": [ 0.5, 2.0, 1.0, 3.5 ] },
														"west": { "texture": "#plain", "uv": [ 13.0, 13.5, 13.5, 15.0 ] }
													}
												},
												{
													"name": "FlagStrap6",
													"from": [ 0.0, -4.32, 0.45 ],
													"to": [ 0.75, -1.32, 0.75 ],
													"rotationOrigin": [ 0.0, -4.35, 0.45 ],
													"faces": {
														"north": { "texture": "#plain", "uv": [ 1.5, 5.0, 2.0, 8.0 ] },
														"east": { "texture": "#plain", "uv": [ 0.0, 9.5, 0.5, 12.5 ] },
														"west": { "texture": "#plain", "uv": [ 9.5, 9.0, 10.0, 12.0 ] },
														"down": { "texture": "#plain", "uv": [ 9.0, 13.0, 9.5, 13.5 ] }
													},
													"children": [
														{
															"name": "Buckle2",
															"from": [ -0.375, 2.25, -0.3 ],
															"to": [ 1.125, 3.0, 0.45 ],
															"rotationOrigin": [ -0.375, 2.25, -0.3 ],
															"faces": {
																"north": { "texture": "#tinbronze1", "uv": [ 10.5, 10.0, 12.0, 10.5 ] },
																"east": { "texture": "#tinbronze1", "uv": [ 5.5, 5.0, 6.0, 5.5 ] },
																"west": { "texture": "#tinbronze1", "uv": [ 2.0, 0.0, 2.5, 0.5 ] },
																"up": { "texture": "#tinbronze1", "uv": [ 4.5, 14.5, 6.0, 15.0 ] },
																"down": { "texture": "#tinbronze1", "uv": [ 9.0, 2.5, 10.5, 3.0 ] }
															}
														}
													]
												}
											]
										}
									]
								}
							]
						}
					]
				},
				{
					"name": "SaddleBagLrear",
					"from": [ -6.0, -6.9, 7.2 ],
					"to": [ 3.0, 2.1, 10.2 ],
					"rotationOrigin": [ -6.0, 0.6, 7.2 ],
					"rotationX": -2.0,
					"rotationZ": -1.0,
					"faces": {
						"north": { "texture": "#plain", "uv": [ 4.0, 7.0, 13.0, 16.0 ] },
						"east": { "texture": "#plain", "uv": [ 8.5, 7.0, 11.5, 16.0 ] },
						"south": { "texture": "#plain", "uv": [ 7.0, 5.5, 16.0, 14.5 ] },
						"west": { "texture": "#plain", "uv": [ 2.0, 7.0, 5.0, 16.0 ] },
						"up": { "texture": "#plain", "uv": [ 1.5, 7.0, 10.5, 10.0 ] },
						"down": { "texture": "#plain", "uv": [ 7.0, 10.0, 16.0, 13.0 ] }
					},
					"children": [
						{
							"name": "FlapTop2",
							"from": [ -0.375, 9.0, 0.0 ],
							"to": [ 9.375, 9.45, 3.0 ],
							"rotationOrigin": [ -0.375, 9.0, 0.0 ],
							"faces": {
								"north": { "texture": "#plain", "uv": [ 0.0, 0.0, 9.5, 0.5 ] },
								"east": { "texture": "#plain", "uv": [ 0.0, 0.0, 3.0, 0.5 ] },
								"south": { "texture": "#plain", "uv": [ 0.0, 0.0, 9.5, 0.5 ] },
								"west": { "texture": "#plain", "uv": [ 0.0, 0.0, 3.0, 0.5 ] },
								"up": { "texture": "#plain", "uv": [ 0.0, 0.0, 9.5, 3.0 ] },
								"down": { "texture": "#plain", "uv": [ 0.0, 0.0, 9.5, 3.0 ] }
							},
							"children": [
								{
									"name": "FlapSide2",
									"from": [ 0.0, -3.3, 3.0 ],
									"to": [ 9.75, 0.45, 3.45 ],
									"rotationOrigin": [ 0.0, -3.3, 3.0 ],
									"faces": {
										"north": { "texture": "#plain", "uv": [ 0.0, 10.5, 9.5, 14.0 ] },
										"east": { "texture": "#plain", "uv": [ 6.0, 9.0, 6.5, 12.5 ] },
										"south": { "texture": "#plain", "uv": [ 6.5, 0.5, 16.0, 4.0 ] },
										"west": { "texture": "#plain", "uv": [ 3.0, 9.0, 3.5, 12.5 ] },
										"up": { "texture": "#plain", "uv": [ 3.0, 6.0, 12.5, 6.5 ] },
										"down": { "texture": "#plain", "uv": [ 2.0, 0.0, 11.5, 0.5 ] }
									},
									"children": [
										{
											"name": "FlagStrap7",
											"from": [ 1.5, 0.0, 0.45 ],
											"to": [ 2.25, 3.0, 0.75 ],
											"rotationOrigin": [ 1.5, 0.0, 0.45 ],
											"faces": {
												"east": { "texture": "#plain", "uv": [ 7.5, 9.0, 8.0, 12.0 ] },
												"south": { "texture": "#plain", "uv": [ 2.0, 10.0, 2.5, 13.0 ] },
												"west": { "texture": "#plain", "uv": [ 12.0, 7.0, 12.5, 10.0 ] },
												"up": { "texture": "#plain", "uv": [ 11.0, 11.5, 11.5, 12.0 ] }
											},
											"children": [
												{
													"name": "FlagStrap8",
													"from": [ 0.015, -1.5, 0.0 ],
													"to": [ 0.765, 0.0, 0.3 ],
													"rotationOrigin": [ 0.0, 0.0, 0.3 ],
													"rotationX": 18.0,
													"faces": {
														"north": { "texture": "#plain", "uv": [ 12.0, 3.5, 12.5, 5.0 ] },
														"east": { "texture": "#plain", "uv": [ 14.5, 8.5, 15.0, 10.0 ] },
														"south": { "texture": "#plain", "uv": [ 0.0, 6.0, 0.5, 7.5 ] },
														"west": { "texture": "#plain", "uv": [ 2.5, 6.0, 3.0, 7.5 ] }
													}
												},
												{
													"name": "FlagStrap9",
													"from": [ 0.0, -4.32, -0.45 ],
													"to": [ 0.75, -1.32, -0.15 ],
													"rotationOrigin": [ 0.0, -4.35, -0.45 ],
													"faces": {
														"east": { "texture": "#plain", "uv": [ 12.0, 7.0, 12.5, 10.0 ] },
														"south": { "texture": "#plain", "uv": [ 13.5, 7.5, 14.0, 10.5 ] },
														"west": { "texture": "#plain", "uv": [ 4.0, 10.0, 4.5, 13.0 ] },
														"down": { "texture": "#plain", "uv": [ 13.0, 4.0, 13.5, 4.5 ] }
													},
													"children": [
														{
															"name": "Buckle3",
															"from": [ -0.15, 2.25, -0.3 ],
															"to": [ 0.9, 3.0, 0.45 ],
															"rotationOrigin": [ -0.15, 2.25, -0.3 ],
															"faces": {
																"east": { "texture": "#tinbronze1", "uv": [ 8.0, 11.5, 8.5, 12.0 ] },
																"south": { "texture": "#tinbronze1", "uv": [ 14.5, 10.0, 15.5, 10.5 ] },
																"west": { "texture": "#tinbronze1", "uv": [ 4.0, 15.0, 4.5, 15.5 ] },
																"up": { "texture": "#tinbronze1", "uv": [ 10.5, 11.0, 11.5, 11.5 ] },
																"down": { "texture": "#tinbronze1", "uv": [ 4.0, 13.5, 5.0, 14.0 ] }
															}
														}
													]
												}
											]
										},
										{
											"name": "FlagStrap10",
											"from": [ 7.5, 0.0, 0.45 ],
											"to": [ 8.25, 3.0, 0.75 ],
											"rotationOrigin": [ 7.5, 0.0, 0.45 ],
											"faces": {
												"east": { "texture": "#plain", "uv": [ 0.0, 8.0, 0.5, 11.0 ] },
												"south": { "texture": "#plain", "uv": [ 2.0, 4.0, 2.5, 7.0 ] },
												"west": { "texture": "#plain", "uv": [ 13.0, 2.5, 13.5, 5.5 ] },
												"up": { "texture": "#plain", "uv": [ 8.0, 15.0, 8.5, 15.5 ] }
											},
											"children": [
												{
													"name": "FlagStrap11",
													"from": [ 0.015, -1.5, 0.0 ],
													"to": [ 0.765, 0.0, 0.3 ],
													"rotationOrigin": [ 0.0, 0.0, 0.3 ],
													"rotationX": 18.0,
													"faces": {
														"north": { "texture": "#plain", "uv": [ 7.5, 13.5, 8.0, 15.0 ] },
														"east": { "texture": "#plain", "uv": [ 9.0, 10.5, 9.5, 12.0 ] },
														"south": { "texture": "#plain", "uv": [ 12.0, 0.0, 12.5, 1.5 ] },
														"west": { "texture": "#plain", "uv": [ 3.5, 14.0, 4.0, 15.5 ] }
													}
												},
												{
													"name": "FlagStrap12",
													"from": [ 0.0, -4.32, -0.45 ],
													"to": [ 0.75, -1.32, -0.15 ],
													"rotationOrigin": [ 0.0, -4.35, -0.45 ],
													"faces": {
														"east": { "texture": "#plain", "uv": [ 6.5, 13.5, 7.0, 16.5 ] },
														"south": { "texture": "#plain", "uv": [ 4.0, 9.0, 4.5, 12.0 ] },
														"west": { "texture": "#plain", "uv": [ 8.0, 3.5, 8.5, 6.5 ] },
														"down": { "texture": "#plain", "uv": [ 2.0, 6.0, 2.5, 6.5 ] }
													},
													"children": [
														{
															"name": "Buckle4",
															"from": [ -0.15, 2.25, 0.0 ],
															"to": [ 0.9, 3.0, 0.45 ],
															"rotationOrigin": [ -0.15, 2.25, 0.0 ],
															"faces": {
																"east": { "texture": "#tinbronze1", "uv": [ 2.0, 4.5, 2.5, 5.0 ] },
																"south": { "texture": "#tinbronze1", "uv": [ 13.5, 3.5, 14.5, 4.0 ] },
																"west": { "texture": "#tinbronze1", "uv": [ 4.5, 7.5, 5.0, 8.0 ] },
																"up": { "texture": "#tinbronze1", "uv": [ 10.5, 6.5, 11.5, 7.0 ] },
																"down": { "texture": "#tinbronze1", "uv": [ 14.5, 9.5, 15.5, 10.0 ] }
															}
														}
													]
												}
											]
										}
									]
								}
							]
						}
					]
				}
			]
		},
		{
			"name": "ORIGINChestStrap",
			"stepParentName": "Chest",
			"from": [ 11.4, 13.5, -0.45 ],
			"to": [ 12.9, 25.5, 0.0 ],
			"rotationOrigin": [ 11.4, 13.5, -0.45 ],
			"rotationZ": 85.0,
			"faces": {
				"north": { "texture": "#plain", "uv": [ 4.0, 1.0, 16.0, 2.5 ], "rotation": 90 },
				"east": { "texture": "#plain", "uv": [ 1.5, 1.0, 13.5, 1.5 ], "rotation": 90 },
				"south": { "texture": "#plain", "uv": [ 4.0, 12.5, 16.0, 14.0 ], "rotation": 90 },
				"west": { "texture": "#plain", "uv": [ 0.5, 0.5, 12.5, 1.0 ], "rotation": 90 },
				"up": { "texture": "#plain", "uv": [ 3.0, 10.5, 4.5, 11.0 ] }
			},
			"children": [
				{
					"name": "ORIGINChestStrap2",
					"from": [ 0.0, 0.0, 12.45 ],
					"to": [ 1.5, 12.0, 12.9 ],
					"rotationOrigin": [ 0.0, 0.0, 12.45 ],
					"faces": {
						"north": { "texture": "#plain", "uv": [ 4.0, 1.0, 16.0, 2.5 ], "rotation": 90 },
						"east": { "texture": "#plain", "uv": [ 1.5, 1.0, 13.5, 1.5 ], "rotation": 90 },
						"south": { "texture": "#plain", "uv": [ 4.0, 12.5, 16.0, 14.0 ], "rotation": 90 },
						"west": { "texture": "#plain", "uv": [ 0.5, 0.5, 12.5, 1.0 ], "rotation": 90 },
						"up": { "texture": "#plain", "uv": [ 3.0, 10.5, 4.5, 11.0 ] }
					}
				},
				{
					"name": "ORIGINChestStrap3",
					"from": [ 0.0, 11.55, 0.45 ],
					"to": [ 1.5, 12.0, 12.45 ],
					"rotationOrigin": [ 0.0, 11.55, 0.45 ],
					"faces": {
						"east": { "texture": "#plain", "uv": [ 4.0, 10.0, 16.0, 10.5 ] },
						"west": { "texture": "#plain", "uv": [ 2.5, 11.0, 14.5, 11.5 ] },
						"up": { "texture": "#plain", "uv": [ 3.5, 6.0, 15.5, 7.5 ], "rotation": 90 },
						"down": { "texture": "#plain", "uv": [ 3.5, 7.0, 15.5, 8.5 ], "rotation": 90, "windMode": [-1,-1,-1,-1] }
					}
				}
			]
		},
		{
			"name": "ORIGINbasketSideN",
			"stepParentName": "Midsection",
			"from": [ -0.45, 6.6, -6.9 ],
			"to": [ 9.3, 18.6, -1.65 ],
			"rotationOrigin": [ 4.05, 17.1, -0.9 ],
			"rotationX": -6.0,
			"faces": {
				"north": { "texture": "#sidesWE", "uv": [ 6.5, 1.0, 16.0, 13.0 ], "windMode": [-1,-1,-1,-1], "windData": [1,1,1,1] },
				"east": { "texture": "#sidesWE", "uv": [ 9.5, 1.5, 14.5, 13.5 ], "windMode": [-1,-1,-1,-1], "windData": [1,1,1,1] },
				"south": { "texture": "#sidesWE", "uv": [ 5.0, 4.0, 14.5, 16.0 ], "windMode": [-1,-1,-1,-1], "windData": [1,1,1,1] },
				"west": { "texture": "#sidesWE", "uv": [ 9.0, 4.0, 14.0, 16.0 ], "windMode": [-1,-1,-1,-1], "windData": [1,1,1,1] },
				"up": { "texture": "#sidesWE", "uv": [ 6.5, 10.0, 16.0, 15.0 ] },
				"down": { "texture": "#sidesWE", "uv": [ 6.0, 0.5, 15.5, 5.5 ], "windMode": [-1,-1,-1,-1] }
			},
			"children": [
				{
					"name": "lid2",
					"from": [ -0.375, 12.0, -0.375 ],
					"to": [ 10.125, 13.5, 5.625 ],
					"rotationOrigin": [ 4.95, 12.75, 4.8 ],
					"faces": {
						"north": { "texture": "#lid", "uv": [ 5.5, 8.5, 16.0, 10.0 ] },
						"east": { "texture": "#lid", "uv": [ 5.5, 9.0, 11.5, 10.5 ] },
						"south": { "texture": "#lid", "uv": [ 5.5, 0.5, 16.0, 2.0 ] },
						"west": { "texture": "#lid", "uv": [ 10.0, 12.0, 16.0, 13.5 ] },
						"up": { "texture": "#lid", "uv": [ 0.0, 10.0, 10.5, 16.0 ] }
					},
					"children": [
						{
							"name": "handle2",
							"from": [ 3.75, 1.5, 2.25 ],
							"to": [ 6.75, 3.0, 3.75 ],
							"rotationOrigin": [ 5.25, 1.5, 3.0 ],
							"faces": {
								"north": { "texture": "#lid", "uv": [ 8.0, 13.0, 9.5, 16.0 ], "rotation": 270 },
								"east": { "texture": "#lid", "uv": [ 5.0, 12.0, 6.5, 13.5 ] },
								"south": { "texture": "#lid", "uv": [ 11.0, 6.5, 12.5, 9.5 ], "rotation": 270 },
								"west": { "texture": "#lid", "uv": [ 5.0, 1.0, 6.5, 2.5 ] },
								"up": { "texture": "#lid", "uv": [ 5.0, 7.0, 6.5, 10.0 ], "rotation": 90 }
							}
						}
					]
				}
			]
		},
		{
			"name": "ORIGINbasketSideS",
			"stepParentName": "Midsection",
			"from": [ -0.45, 6.6, 12.6 ],
			"to": [ 9.3, 18.6, 17.85 ],
			"rotationOrigin": [ 4.05, 17.1, 12.6 ],
			"rotationX": 6.0,
			"faces": {
				"north": { "texture": "#sidesWE", "uv": [ 4.5, 0.0, 14.0, 12.0 ], "windMode": [-1,-1,-1,-1], "windData": [1,1,1,1] },
				"east": { "texture": "#sidesWE", "uv": [ 8.0, 2.5, 13.0, 14.5 ], "windMode": [-1,-1,-1,-1], "windData": [1,1,1,1] },
				"south": { "texture": "#sidesWE", "uv": [ 6.5, 4.0, 16.0, 16.0 ], "windMode": [-1,-1,-1,-1], "windData": [1,1,1,1] },
				"west": { "texture": "#sidesWE", "uv": [ 4.0, 3.0, 9.0, 15.0 ], "windMode": [-1,-1,-1,-1], "windData": [1,1,1,1] },
				"up": { "texture": "#sidesWE", "uv": [ 6.5, 10.5, 16.0, 15.5 ] },
				"down": { "texture": "#sidesWE", "uv": [ 5.5, 10.0, 15.0, 15.0 ], "windMode": [-1,-1,-1,-1] }
			},
			"children": [
				{
					"name": "lid3",
					"from": [ -0.375, 12.0, -0.375 ],
					"to": [ 10.125, 13.5, 5.625 ],
					"rotationOrigin": [ 4.95, 12.75, 4.8 ],
					"faces": {
						"north": { "texture": "#lid", "uv": [ 3.0, 2.5, 13.5, 4.0 ] },
						"east": { "texture": "#lid", "uv": [ 1.5, 1.0, 7.5, 2.5 ] },
						"south": { "texture": "#lid", "uv": [ 5.5, 1.5, 16.0, 3.0 ] },
						"west": { "texture": "#lid", "uv": [ 3.5, 8.5, 9.5, 10.0 ] },
						"up": { "texture": "#lid", "uv": [ 5.5, 4.0, 16.0, 10.0 ] }
					},
					"children": [
						{
							"name": "handle3",
							"from": [ 3.75, 1.5, 2.25 ],
							"to": [ 6.75, 3.0, 3.75 ],
							"rotationOrigin": [ 5.25, 1.5, 3.0 ],
							"faces": {
								"north": { "texture": "#lid", "uv": [ 14.0, 3.0, 15.5, 6.0 ], "rotation": 270 },
								"east": { "texture": "#lid", "uv": [ 8.0, 7.5, 9.5, 9.0 ] },
								"south": { "texture": "#lid", "uv": [ 7.5, 2.5, 9.0, 5.5 ], "rotation": 270 },
								"west": { "texture": "#lid", "uv": [ 12.0, 0.5, 13.5, 2.0 ] },
								"up": { "texture": "#lid", "uv": [ 6.0, 7.5, 7.5, 10.5 ], "rotation": 90 }
							}
						}
					]
				}
			]
		}
	],
	"animations": [
		{
			"name": "lidopen",
			"code": "lidopen",
			"quantityframes": 30,
			"onActivityStopped": "Rewind",
			"onAnimationEnd": "Hold",
			"keyframes": [
				{
					"frame": 0,
					"elements": {
						"lid": { "offsetX": 0.0, "offsetY": 0.0, "offsetZ": 0.0, "rotationX": 0.0, "rotationY": 0.0, "rotationZ": 0.0 }
					}
				},
				{
					"frame": 29,
					"elements": {
						"lid": { "offsetX": 0.0, "offsetY": 2.85, "offsetZ": -14.55, "rotationX": -78.0, "rotationY": 0.0, "rotationZ": 0.0 }
					}
				}
			]
		}
	]
}