{
	"editor": {
		"allAngles": false,
		"entityTextureMode": false
	},
	"textureWidth": 16,
	"textureHeight": 16,
	"textureSizes": {
		"caricapapaya": [8,8]
	},
	"textures": {
		"caricapapaya": "item/food/fruit/caricapapaya"
	},
	"elements": [
		{
			"name": "Body",
			"from": [ 6.0, 0.0, 4.0 ],
			"to": [ 10.0, 4.0, 10.0 ],
			"rotationOrigin": [ 6.0, 0.0, 4.0 ],
			"faces": {
				"north": { "texture": "#caricapapaya", "uv": [ 2.5, 4.0, 6.5, 8.0 ] },
				"east": { "texture": "#caricapapaya", "uv": [ 0.0, 0.0, 6.0, 4.0 ] },
				"south": { "texture": "#caricapapaya", "uv": [ 2.5, 4.0, 6.5, 8.0 ] },
				"west": { "texture": "#caricapapaya", "uv": [ 0.0, 0.0, 6.0, 4.0 ] },
				"up": { "texture": "#caricapapaya", "uv": [ 0.0, 0.0, 6.0, 4.0 ], "rotation": 90 },
				"down": { "texture": "#caricapapaya", "uv": [ 0.0, 0.0, 6.0, 4.0 ], "rotation": 90 }
			},
			"children": [
				{
					"name": "Bottom",
					"from": [ 0.5, 0.5, -0.5 ],
					"to": [ 3.5, 3.5, 0.0 ],
					"rotationOrigin": [ 0.5, 0.5, -0.5 ],
					"faces": {
						"north": { "texture": "#caricapapaya", "uv": [ 0.0, 5.0, 3.0, 8.0 ] },
						"east": { "texture": "#caricapapaya", "uv": [ 0.0, 5.0, 3.0, 5.5 ], "rotation": 90 },
						"west": { "texture": "#caricapapaya", "uv": [ 2.5, 5.0, 3.0, 8.0 ] },
						"up": { "texture": "#caricapapaya", "uv": [ 0.0, 7.5, 3.0, 8.0 ] },
						"down": { "texture": "#caricapapaya", "uv": [ 0.0, 7.5, 3.0, 8.0 ] }
					}
				},
				{
					"name": "Top",
					"from": [ 0.5, 0.5, 6.0 ],
					"to": [ 3.5, 3.5, 7.0 ],
					"rotationOrigin": [ 0.5, 0.5, 6.0 ],
					"faces": {
						"east": { "texture": "#caricapapaya", "uv": [ 3.0, 5.0, 4.0, 8.0 ] },
						"south": { "texture": "#caricapapaya", "uv": [ 0.0, 5.0, 3.0, 8.0 ], "windMode": [-1,-1,-1,-1] },
						"west": { "texture": "#caricapapaya", "uv": [ 3.0, 5.0, 4.0, 8.0 ] },
						"up": { "texture": "#caricapapaya", "uv": [ 3.0, 5.0, 6.0, 6.0 ] },
						"down": { "texture": "#caricapapaya", "uv": [ 3.0, 7.0, 6.0, 8.0 ] }
					}
				},
				{
					"name": "Tip",
					"from": [ 1.0, 1.0, 7.0 ],
					"to": [ 3.0, 3.0, 8.0 ],
					"rotationOrigin": [ 1.0, 1.0, 7.0 ],
					"faces": {
						"east": { "texture": "#caricapapaya", "uv": [ 0.5, 4.0, 2.5, 5.0 ], "rotation": 90 },
						"south": { "texture": "#caricapapaya", "uv": [ 6.0, 6.0, 8.0, 8.0 ], "windMode": [-1,-1,-1,-1] },
						"west": { "texture": "#caricapapaya", "uv": [ 0.0, 4.0, 2.0, 5.0 ], "rotation": 90 },
						"up": { "texture": "#caricapapaya", "uv": [ 0.0, 4.0, 2.0, 5.0 ] },
						"down": { "texture": "#caricapapaya", "uv": [ 1.0, 4.0, 3.0, 5.0 ] }
					}
				}
			]
		}
	]}