{
	"editor": {
		"collapsedPaths": "",
		"allAngles": true,
		"entityTextureMode": true
	},
	"textureWidth": 32,
	"textureHeight": 40,
	"textureSizes": {
		"skin": [32,40]
	},
	"textures": {
	},
	"elements": [
		{
			"name": "Rotation Point",
			"from": [ 0.0, 0.0, 0.0 ],
			"to": [ 0.0, 0.0, 0.0 ],
			"uv": [ 0.0, 0.0 ],
			"faces": {
			},
			"children": [
				{
					"name": "Base",
					"from": [ 0.0, 0.0, 8.0 ],
					"to": [ 0.0, 0.0, 8.0 ],
					"autoUnwrap": false,
					"uv": [ 0.0, 0.0 ],
					"rotationOrigin": [ 0.0, 0.0, 8.0 ],
					"faces": {
					},
					"children": [
						{
							"name": "PeltBody",
							"from": [ 0.0, 0.0, -1.75 ],
							"to": [ 3.0, 0.462, 1.75 ],
							"unwrapMode": 7,
							"unwrapRotation": 1,
							"autoUnwrap": false,
							"uv": [ 12.0, 63.5 ],
							"rotationOrigin": [ 0.0, 0.0, -1.75 ],
							"faces": {
								"north": { "texture": "#skin", "uv": [ 8.0, 9.0, 8.5, 12.0 ], "rotation": 90, "windMode": [-1,-1,-1,-1] },
								"east": { "texture": "#skin", "uv": [ 25.5, 52.0, 29.0, 52.5 ], "windMode": [-1,-1,-1,-1] },
								"south": { "texture": "#skin", "uv": [ 4.0, 9.0, 4.5, 12.0 ], "rotation": 270, "windMode": [-1,-1,-1,-1] },
								"west": { "texture": "#skin", "uv": [ 18.0, 52.0, 21.5, 52.5 ], "rotation": 180, "windMode": [-1,-1,-1,-1] },
								"up": { "texture": "#skin", "uv": [ 4.5, 9.0, 8.0, 12.0 ], "rotation": 270, "windMode": [-1,-1,-1,-1] },
								"down": { "texture": "#skin", "uv": [ 11.5, 9.0, 15.0, 12.0 ], "rotation": 90, "windMode": [-1,-1,-1,-1] }
							},
							"children": [
								{
									"name": "LBody",
									"from": [ 0.0, 0.011, 3.0 ],
									"to": [ 3.0, 0.451, 6.8 ],
									"unwrapMode": 7,
									"unwrapRotation": 1,
									"autoUnwrap": false,
									"uv": [ 4.5, 63.5 ],
									"rotationOrigin": [ 0.0, -0.011, 3.0 ],
									"rotationY": -3.0,
									"faces": {
										"east": { "texture": "#skin", "uv": [ 1.0, 11.5, 4.5, 12.0 ], "windMode": [-1,-1,-1,-1] },
										"south": { "texture": "#skin", "uv": [ 1.0, 9.0, 1.5, 12.0 ], "rotation": 270, "windMode": [-1,-1,-1,-1] },
										"west": { "texture": "#skin", "uv": [ 18.0, 52.0, 18.5, 55.5 ], "rotation": 90, "windMode": [-1,-1,-1,-1] },
										"up": { "texture": "#skin", "uv": [ 1.0, 9.0, 4.5, 12.0 ], "rotation": 270, "windMode": [-1,-1,-1,-1] },
										"down": { "texture": "#skin", "uv": [ 11.5, 9.0, 15.0, 12.0 ], "rotation": 90, "windMode": [-1,-1,-1,-1] }
									},
									"children": [
										{
											"name": "LArm",
											"from": [ 0.0, 0.011, 2.6 ],
											"to": [ 1.1, 0.429, 5.9 ],
											"unwrapMode": 5,
											"uv": [ 16.5, 11.0 ],
											"rotationOrigin": [ 0.0, 0.011, 2.6 ],
											"rotationY": -20.0,
											"faces": {
												"east": { "texture": "#skin", "uv": [ 18.0, 11.0, 18.5, 14.0 ], "rotation": 90 },
												"south": { "texture": "#skin", "uv": [ 17.0, 14.0, 18.0, 14.5 ], "windMode": [-1,-1,-1,-1] },
												"west": { "texture": "#skin", "uv": [ 16.5, 11.0, 17.0, 14.0 ], "rotation": 270, "windMode": [-1,-1,-1,-1] },
												"up": { "texture": "#skin", "uv": [ 17.0, 11.0, 18.0, 14.0 ], "windMode": [-1,-1,-1,-1] },
												"down": { "texture": "#skin", "uv": [ 18.5, 11.0, 19.5, 14.0 ], "windMode": [-1,-1,-1,-1] }
											},
											"children": [
												{
													"name": "LArmLower",
													"from": [ 1.0, 0.01, -0.02 ],
													"to": [ 2.1, 0.406, 3.28 ],
													"unwrapMode": 5,
													"uv": [ 17.0, 11.0 ],
													"rotationOrigin": [ 1.2, 0.011, -0.02 ],
													"rotationY": -5.0,
													"faces": {
														"east": { "texture": "#skin", "uv": [ 18.0, 11.0, 18.5, 14.0 ], "rotation": 90 },
														"south": { "texture": "#skin", "uv": [ 17.0, 14.0, 18.0, 14.5 ], "windMode": [-1,-1,-1,-1] },
														"up": { "texture": "#skin", "uv": [ 17.0, 11.0, 18.0, 14.0 ], "windMode": [-1,-1,-1,-1] },
														"down": { "texture": "#skin", "uv": [ 18.5, 11.0, 19.5, 14.0 ], "windMode": [-1,-1,-1,-1] }
													}
												}
											]
										}
									]
								},
								{
									"name": "RBody",
									"from": [ 0.0, -0.451, 0.5 ],
									"to": [ 3.0, -0.011, 4.3 ],
									"unwrapMode": 7,
									"unwrapRotation": 1,
									"autoUnwrap": false,
									"uv": [ 25.0, 75.0 ],
									"rotationOrigin": [ 0.0, 0.0, 0.5 ],
									"rotationX": 180.0,
									"rotationY": -3.0,
									"faces": {
										"east": { "texture": "#skin", "uv": [ 8.5, 11.5, 12.0, 12.0 ], "rotation": 180 },
										"south": { "texture": "#skin", "uv": [ 11.5, 9.0, 12.0, 12.0 ], "rotation": 270, "windMode": [-1,-1,-1,-1] },
										"west": { "texture": "#skin", "uv": [ 24.5, 52.0, 25.0, 55.5 ], "rotation": 90, "windMode": [-1,-1,-1,-1] },
										"up": { "texture": "#skin", "uv": [ 11.5, 9.0, 15.0, 12.0 ], "rotation": 270, "windMode": [-1,-1,-1,-1] },
										"down": { "texture": "#skin", "uv": [ 8.5, 9.0, 12.0, 12.0 ], "rotation": 90, "windMode": [-1,-1,-1,-1] }
									},
									"children": [
										{
											"name": "RArm",
											"from": [ 0.0, 0.011, 3.25 ],
											"to": [ 1.1, 0.429, 6.55 ],
											"unwrapMode": 6,
											"uv": [ 24.5, 11.0 ],
											"rotationOrigin": [ 0.0, 0.429, 3.25 ],
											"rotationY": -20.0,
											"faces": {
												"east": { "texture": "#skin", "uv": [ 24.5, 11.0, 25.0, 14.0 ], "rotation": 90 },
												"south": { "texture": "#skin", "uv": [ 25.0, 14.0, 26.0, 14.5 ], "rotation": 180, "windMode": [-1,-1,-1,-1] },
												"west": { "texture": "#skin", "uv": [ 26.0, 11.0, 26.5, 14.0 ], "rotation": 270, "windMode": [-1,-1,-1,-1] },
												"up": { "texture": "#skin", "uv": [ 26.5, 11.0, 27.5, 14.0 ], "windMode": [-1,-1,-1,-1] },
												"down": { "texture": "#skin", "uv": [ 25.0, 11.0, 26.0, 14.0 ], "windMode": [-1,-1,-1,-1] }
											},
											"children": [
												{
													"name": "RArmLower",
													"from": [ 1.0, 0.011, -0.32 ],
													"to": [ 2.1, 0.407, 2.98 ],
													"unwrapMode": 5,
													"uv": [ 25.0, 11.0 ],
													"rotationOrigin": [ 1.2, 0.407, -0.32 ],
													"rotationY": -5.0,
													"faces": {
														"east": { "texture": "#skin", "uv": [ 26.0, 11.0, 26.5, 14.0 ], "rotation": 90, "windMode": [-1,-1,-1,-1] },
														"south": { "texture": "#skin", "uv": [ 25.0, 14.0, 26.0, 14.5 ], "windMode": [-1,-1,-1,-1] },
														"up": { "texture": "#skin", "uv": [ 25.0, 11.0, 26.0, 14.0 ], "windMode": [-1,-1,-1,-1] },
														"down": { "texture": "#skin", "uv": [ 26.5, 11.0, 27.5, 14.0 ], "windMode": [-1,-1,-1,-1] }
													}
												}
											]
										}
									]
								},
								{
									"name": "PeltMidSection",
									"from": [ 2.9, 0.011, 0.1 ],
									"to": [ 4.4, 0.451, 3.4 ],
									"unwrapMode": 7,
									"unwrapRotation": 1,
									"autoUnwrap": false,
									"uv": [ 10.5, 27.5 ],
									"rotationOrigin": [ 2.9, 0.011, 0.1 ],
									"faces": {
										"north": { "texture": "#skin", "uv": [ 8.0, 12.5, 8.5, 14.0 ], "rotation": 90, "windMode": [-1,-1,-1,-1] },
										"east": { "texture": "#skin", "uv": [ 12.5, 19.0, 15.5, 19.5 ], "windMode": [-1,-1,-1,-1] },
										"south": { "texture": "#skin", "uv": [ 4.5, 12.5, 5.0, 14.0 ], "rotation": 270, "windMode": [-1,-1,-1,-1] },
										"up": { "texture": "#skin", "uv": [ 5.0, 12.5, 8.0, 14.0 ], "rotation": 270, "windMode": [-1,-1,-1,-1] },
										"down": { "texture": "#skin", "uv": [ 12.0, 12.5, 15.0, 14.0 ], "rotation": 90, "windMode": [-1,-1,-1,-1] }
									},
									"children": [
										{
											"name": "LMidSection",
											"from": [ 0.0, 0.011, 2.8 ],
											"to": [ 1.5, 0.429, 6.8 ],
											"unwrapMode": 7,
											"unwrapRotation": 1,
											"autoUnwrap": false,
											"uv": [ 2.5, 35.0 ],
											"rotationOrigin": [ 0.0, 0.011, 2.8 ],
											"rotationY": -3.0,
											"faces": {
												"east": { "texture": "#skin", "uv": [ 1.0, 13.5, 5.0, 14.0 ] },
												"south": { "texture": "#skin", "uv": [ 1.0, 12.5, 1.5, 14.0 ], "rotation": 270, "windMode": [-1,-1,-1,-1] },
												"west": { "texture": "#skin", "uv": [ 1.0, 12.5, 5.0, 13.0 ], "rotation": 180, "windMode": [-1,-1,-1,-1] },
												"up": { "texture": "#skin", "uv": [ 1.0, 12.5, 5.0, 14.0 ], "rotation": 270, "windMode": [-1,-1,-1,-1] },
												"down": { "texture": "#skin", "uv": [ 11.0, 12.5, 15.0, 14.0 ], "rotation": 270, "windMode": [-1,-1,-1,-1] }
											}
										},
										{
											"name": "RMidSection",
											"from": [ 0.0, -0.407, 0.5 ],
											"to": [ 1.5, 0.011, 4.5 ],
											"unwrapMode": 7,
											"unwrapRotation": 1,
											"autoUnwrap": false,
											"uv": [ 17.0, 34.0 ],
											"rotationOrigin": [ 0.0, 0.011, 0.5 ],
											"rotationX": 180.0,
											"rotationY": -3.0,
											"faces": {
												"east": { "texture": "#skin", "uv": [ 8.0, 13.5, 12.0, 14.0 ] },
												"south": { "texture": "#skin", "uv": [ 11.5, 12.5, 12.0, 14.0 ], "rotation": 270, "windMode": [-1,-1,-1,-1] },
												"west": { "texture": "#skin", "uv": [ 8.0, 12.5, 12.0, 13.0 ], "rotation": 180, "windMode": [-1,-1,-1,-1] },
												"up": { "texture": "#skin", "uv": [ 11.0, 12.5, 15.0, 14.0 ], "rotation": 270, "windMode": [-1,-1,-1,-1] },
												"down": { "texture": "#skin", "uv": [ 8.0, 12.5, 12.0, 14.0 ], "rotation": 90, "windMode": [-1,-1,-1,-1] }
											}
										},
										{
											"name": "PeltRear",
											"from": [ 1.3, 0.011, -0.1 ],
											"to": [ 4.8, 0.451, 3.4 ],
											"unwrapMode": 7,
											"unwrapRotation": 1,
											"autoUnwrap": false,
											"uv": [ 10.0, 33.0 ],
											"rotationOrigin": [ 1.3, 0.011, -0.1 ],
											"faces": {
												"north": { "texture": "#skin", "uv": [ 8.0, 14.5, 8.5, 18.0 ], "rotation": 90, "windMode": [-1,-1,-1,-1] },
												"east": { "texture": "#skin", "uv": [ 8.5, 24.0, 12.0, 24.5 ], "windMode": [-1,-1,-1,-1] },
												"south": { "texture": "#skin", "uv": [ 4.0, 14.5, 4.5, 18.0 ], "rotation": 270, "windMode": [-1,-1,-1,-1] },
												"up": { "texture": "#skin", "uv": [ 4.5, 14.5, 8.0, 18.0 ], "rotation": 270, "windMode": [-1,-1,-1,-1] },
												"down": { "texture": "#skin", "uv": [ 11.5, 14.5, 15.0, 18.0 ], "rotation": 90, "windMode": [-1,-1,-1,-1] }
											},
											"children": [
												{
													"name": "LRear",
													"from": [ 0.0, 0.011, 3.0 ],
													"to": [ 3.5, 0.429, 6.8 ],
													"unwrapMode": 7,
													"unwrapRotation": 1,
													"autoUnwrap": false,
													"uv": [ 3.5, 42.5 ],
													"rotationOrigin": [ 0.0, 0.011, 3.0 ],
													"rotationY": -3.0,
													"faces": {
														"east": { "texture": "#skin", "uv": [ 1.0, 17.5, 4.5, 18.0 ] },
														"south": { "texture": "#skin", "uv": [ 1.0, 14.5, 1.5, 18.0 ], "rotation": 270, "windMode": [-1,-1,-1,-1] },
														"west": { "texture": "#skin", "uv": [ 1.0, 14.5, 4.5, 15.0 ], "rotation": 180, "windMode": [-1,-1,-1,-1] },
														"up": { "texture": "#skin", "uv": [ 1.0, 14.5, 4.5, 18.0 ], "rotation": 270, "windMode": [-1,-1,-1,-1] },
														"down": { "texture": "#skin", "uv": [ 11.5, 14.5, 15.0, 18.0 ], "rotation": 270, "windMode": [-1,-1,-1,-1] }
													},
													"children": [
														{
															"name": "LLeg",
															"from": [ 2.1, 0.011, 3.8 ],
															"to": [ 4.1, 0.407, 7.5 ],
															"unwrapMode": 5,
															"uv": [ 17.5, 24.0 ],
															"rotationOrigin": [ 2.1, 0.011, 3.8 ],
															"rotationY": 72.0,
															"faces": {
																"east": { "texture": "#skin", "uv": [ 20.0, 24.0, 20.5, 27.5 ], "rotation": 90, "windMode": [-1,-1,-1,-1] },
																"south": { "texture": "#skin", "uv": [ 18.0, 27.5, 20.0, 28.0 ], "windMode": [-1,-1,-1,-1] },
																"west": { "texture": "#skin", "uv": [ 17.5, 24.0, 18.0, 27.5 ], "rotation": 270, "windMode": [-1,-1,-1,-1] },
																"up": { "texture": "#skin", "uv": [ 18.0, 24.0, 20.0, 27.5 ], "windMode": [-1,-1,-1,-1] },
																"down": { "texture": "#skin", "uv": [ 20.5, 24.0, 22.5, 27.5 ], "windMode": [-1,-1,-1,-1] }
															}
														}
													]
												},
												{
													"name": "RRear",
													"from": [ 0.0, -0.407, 0.5 ],
													"to": [ 3.5, 0.011, 4.3 ],
													"unwrapMode": 7,
													"unwrapRotation": 1,
													"autoUnwrap": false,
													"uv": [ 11.0, 43.5 ],
													"rotationOrigin": [ 0.0, 0.011, 0.5 ],
													"rotationX": 180.0,
													"rotationY": -3.0,
													"faces": {
														"east": { "texture": "#skin", "uv": [ 8.5, 17.5, 12.0, 18.0 ] },
														"south": { "texture": "#skin", "uv": [ 11.5, 14.5, 12.0, 18.0 ], "rotation": 270, "windMode": [-1,-1,-1,-1] },
														"west": { "texture": "#skin", "uv": [ 8.0, 14.5, 11.5, 15.0 ], "rotation": 180, "windMode": [-1,-1,-1,-1] },
														"up": { "texture": "#skin", "uv": [ 11.5, 14.5, 15.0, 18.0 ], "rotation": 270, "windMode": [-1,-1,-1,-1] },
														"down": { "texture": "#skin", "uv": [ 8.0, 14.5, 11.5, 18.0 ], "rotation": 90, "windMode": [-1,-1,-1,-1] }
													},
													"children": [
														{
															"name": "RLeg",
															"from": [ 2.1, 0.011, 3.8 ],
															"to": [ 4.1, 0.407, 7.5 ],
															"unwrapMode": 6,
															"uv": [ 24.5, 24.0 ],
															"rotationOrigin": [ 2.1, 0.407, 3.8 ],
															"rotationY": 72.0,
															"faces": {
																"east": { "texture": "#skin", "uv": [ 24.5, 24.0, 25.0, 27.5 ], "rotation": 90 },
																"south": { "texture": "#skin", "uv": [ 25.0, 27.5, 27.0, 28.0 ], "rotation": 180, "windMode": [-1,-1,-1,-1] },
																"west": { "texture": "#skin", "uv": [ 27.0, 24.0, 27.5, 27.5 ], "rotation": 270, "windMode": [-1,-1,-1,-1] },
																"up": { "texture": "#skin", "uv": [ 27.5, 24.0, 29.5, 27.5 ], "windMode": [-1,-1,-1,-1] },
																"down": { "texture": "#skin", "uv": [ 25.0, 24.0, 27.0, 27.5 ], "windMode": [-1,-1,-1,-1] }
															}
														}
													]
												},
												{
													"name": "PeltTail",
													"from": [ 3.0, 0.011, 1.45 ],
													"to": [ 4.1, 0.429, 2.05 ],
													"unwrapMode": 7,
													"unwrapRotation": 1,
													"uv": [ 20.5, 10.0 ],
													"rotationOrigin": [ 3.0, 0.011, 1.75 ],
													"faces": {
														"north": { "texture": "#skin", "uv": [ 21.5, 10.5, 22.0, 11.5 ], "rotation": 90 },
														"east": { "texture": "#skin", "uv": [ 21.0, 11.5, 21.5, 12.0 ], "windMode": [-1,-1,-1,-1] },
														"south": { "texture": "#skin", "uv": [ 20.5, 10.5, 21.0, 11.5 ], "rotation": 270, "windMode": [-1,-1,-1,-1] },
														"west": { "texture": "#skin", "uv": [ 21.0, 10.0, 21.5, 10.5 ], "rotation": 180, "windMode": [-1,-1,-1,-1] },
														"up": { "texture": "#skin", "uv": [ 21.0, 10.5, 21.5, 11.5 ], "rotation": 270, "windMode": [-1,-1,-1,-1] },
														"down": { "texture": "#skin", "uv": [ 22.0, 10.5, 22.5, 11.5 ], "rotation": 90, "windMode": [-1,-1,-1,-1] }
													},
													"children": [
														{
															"name": "PeltTail2",
															"from": [ 1.0, 0.0, 0.05 ],
															"to": [ 2.1, 0.418, 0.55 ],
															"unwrapMode": 7,
															"unwrapRotation": 1,
															"uv": [ 20.5, 12.5 ],
															"rotationOrigin": [ 1.0, 0.0, 0.15 ],
															"faces": {
																"north": { "texture": "#skin", "uv": [ 21.5, 12.5, 22.0, 13.5 ], "rotation": 90 },
																"east": { "texture": "#skin", "uv": [ 21.0, 13.5, 21.5, 14.0 ], "windMode": [-1,-1,-1,-1] },
																"south": { "texture": "#skin", "uv": [ 20.5, 12.5, 21.0, 13.5 ], "rotation": 270, "windMode": [-1,-1,-1,-1] },
																"up": { "texture": "#skin", "uv": [ 21.0, 12.5, 21.5, 13.5 ], "rotation": 270, "windMode": [-1,-1,-1,-1] },
																"down": { "texture": "#skin", "uv": [ 22.0, 12.5, 22.5, 13.5 ], "rotation": 90, "windMode": [-1,-1,-1,-1] }
															},
															"children": [
																{
																	"name": "PeltTail3",
																	"from": [ 1.0, 0.0, 0.05 ],
																	"to": [ 2.1, 0.418, 0.45 ],
																	"unwrapMode": 7,
																	"unwrapRotation": 1,
																	"uv": [ 20.5, 14.5 ],
																	"rotationOrigin": [ 1.0, 0.0, 0.25 ],
																	"faces": {
																		"north": { "texture": "#skin", "uv": [ 21.5, 14.5, 22.0, 15.5 ], "rotation": 90 },
																		"east": { "texture": "#skin", "uv": [ 21.0, 15.5, 21.5, 16.0 ], "windMode": [-1,-1,-1,-1] },
																		"south": { "texture": "#skin", "uv": [ 20.5, 14.5, 21.0, 15.5 ], "rotation": 270, "windMode": [-1,-1,-1,-1] },
																		"up": { "texture": "#skin", "uv": [ 21.0, 14.5, 21.5, 15.5 ], "rotation": 270, "windMode": [-1,-1,-1,-1] },
																		"down": { "texture": "#skin", "uv": [ 22.0, 14.5, 22.5, 15.5 ], "rotation": 90, "windMode": [-1,-1,-1,-1] }
																	},
																	"children": [
																		{
																			"name": "PeltTail4",
																			"from": [ 1.0, 0.0, -0.15 ],
																			"to": [ 1.6, 0.418, 0.65 ],
																			"unwrapMode": 7,
																			"unwrapRotation": 1,
																			"uv": [ 20.5, 16.5 ],
																			"rotationOrigin": [ 1.0, 0.0, 0.25 ],
																			"faces": {
																				"north": { "texture": "#skin", "uv": [ 21.5, 17.0, 22.0, 17.5 ], "rotation": 90 },
																				"east": { "texture": "#skin", "uv": [ 21.0, 17.5, 21.5, 18.0 ], "windMode": [-1,-1,-1,-1] },
																				"south": { "texture": "#skin", "uv": [ 20.5, 17.0, 21.0, 17.5 ], "rotation": 270, "windMode": [-1,-1,-1,-1] },
																				"west": { "texture": "#skin", "uv": [ 21.0, 16.5, 21.5, 17.0 ], "rotation": 180, "windMode": [-1,-1,-1,-1] },
																				"up": { "texture": "#skin", "uv": [ 21.0, 17.0, 21.5, 17.5 ], "rotation": 270, "windMode": [-1,-1,-1,-1] },
																				"down": { "texture": "#skin", "uv": [ 22.0, 17.0, 22.5, 17.5 ], "rotation": 90, "windMode": [-1,-1,-1,-1] }
																			},
																			"children": [
																				{
																					"name": "PeltTail5",
																					"from": [ 0.5, 0.0, -0.1 ],
																					"to": [ 2.1, 0.418, 0.9 ],
																					"unwrapMode": 7,
																					"unwrapRotation": 1,
																					"uv": [ 20.0, 18.0 ],
																					"rotationOrigin": [ 0.5, 0.0, 0.4 ],
																					"faces": {
																						"north": { "texture": "#skin", "uv": [ 21.5, 18.5, 22.0, 20.0 ], "rotation": 90 },
																						"east": { "texture": "#skin", "uv": [ 20.5, 20.0, 21.5, 20.5 ], "windMode": [-1,-1,-1,-1] },
																						"south": { "texture": "#skin", "uv": [ 20.0, 18.5, 20.5, 20.0 ], "rotation": 270, "windMode": [-1,-1,-1,-1] },
																						"west": { "texture": "#skin", "uv": [ 20.5, 18.0, 21.5, 18.5 ], "rotation": 180, "windMode": [-1,-1,-1,-1] },
																						"up": { "texture": "#skin", "uv": [ 20.5, 18.5, 21.5, 20.0 ], "rotation": 270, "windMode": [-1,-1,-1,-1] },
																						"down": { "texture": "#skin", "uv": [ 22.0, 18.5, 23.0, 20.0 ], "rotation": 90, "windMode": [-1,-1,-1,-1] }
																					},
																					"children": [
																						{
																							"name": "PeltTail6",
																							"from": [ 1.0, 0.0, 0.2 ],
																							"to": [ 2.3, 0.418, 0.8 ],
																							"unwrapMode": 7,
																							"unwrapRotation": 1,
																							"uv": [ 20.5, 20.5 ],
																							"rotationOrigin": [ 1.0, 0.0, 0.5 ],
																							"faces": {
																								"north": { "texture": "#skin", "uv": [ 21.5, 21.0, 22.0, 22.0 ], "rotation": 90 },
																								"south": { "texture": "#skin", "uv": [ 20.5, 21.0, 21.0, 22.0 ], "rotation": 270, "windMode": [-1,-1,-1,-1] },
																								"west": { "texture": "#skin", "uv": [ 21.0, 20.5, 21.5, 21.0 ], "rotation": 180, "windMode": [-1,-1,-1,-1] },
																								"up": { "texture": "#skin", "uv": [ 21.0, 21.0, 21.5, 22.0 ], "rotation": 270, "windMode": [-1,-1,-1,-1] },
																								"down": { "texture": "#skin", "uv": [ 22.0, 21.0, 22.5, 22.0 ], "rotation": 90, "windMode": [-1,-1,-1,-1] }
																							}
																						}
																					]
																				}
																			]
																		}
																	]
																}
															]
														}
													]
												}
											]
										}
									]
								},
								{
									"name": "LNeck",
									"from": [ -3.0, 0.022, 1.75 ],
									"to": [ 0.0, 0.44, 4.25 ],
									"unwrapMode": 7,
									"unwrapRotation": 1,
									"autoUnwrap": false,
									"uv": [ 17.5, 36.5 ],
									"rotationOrigin": [ 0.0, 0.022, 1.75 ],
									"rotationY": 22.0,
									"faces": {
										"north": { "texture": "#skin", "uv": [ 5.5, 5.5, 6.0, 8.5 ], "rotation": 90 },
										"south": { "texture": "#skin", "uv": [ 11.5, 5.5, 12.0, 8.5 ], "rotation": 270, "windMode": [-1,-1,-1,-1] },
										"west": { "texture": "#skin", "uv": [ 3.0, 5.5, 5.5, 6.0 ], "rotation": 180, "windMode": [-1,-1,-1,-1] },
										"up": { "texture": "#skin", "uv": [ 3.0, 5.5, 5.5, 8.5 ], "rotation": 270, "windMode": [-1,-1,-1,-1] },
										"down": { "texture": "#skin", "uv": [ 12.5, 9.0, 15.0, 12.0 ], "rotation": 90, "windMode": [-1,-1,-1,-1] }
									}
								},
								{
									"name": "RNeck",
									"from": [ -3.0, -0.396, 1.75 ],
									"to": [ 0.0, 0.022, 4.25 ],
									"unwrapMode": 7,
									"unwrapRotation": 1,
									"autoUnwrap": false,
									"uv": [ 25.0, 45.5 ],
									"rotationOrigin": [ 0.0, 0.022, 1.75 ],
									"rotationX": 180.0,
									"rotationY": 22.0,
									"faces": {
										"north": { "texture": "#skin", "uv": [ 7.0, 5.5, 7.5, 8.5 ], "rotation": 90 },
										"south": { "texture": "#skin", "uv": [ 10.0, 5.5, 10.5, 8.5 ], "rotation": 270, "windMode": [-1,-1,-1,-1] },
										"west": { "texture": "#skin", "uv": [ 7.5, 5.5, 10.0, 6.0 ], "rotation": 180, "windMode": [-1,-1,-1,-1] },
										"up": { "texture": "#skin", "uv": [ 12.5, 9.0, 15.0, 12.0 ], "rotation": 270, "windMode": [-1,-1,-1,-1] },
										"down": { "texture": "#skin", "uv": [ 7.5, 5.5, 10.0, 8.5 ], "rotation": 90, "windMode": [-1,-1,-1,-1] }
									}
								}
							]
						}
					]
				}
			]
		}
	]}