{
	"editor": {
		"allAngles": true,
		"entityTextureMode": true
	},
	"textureWidth": 64,
	"textureHeight": 76,
	"textureSizes": {
		"skin": [64,76]
	},
	"textures": {
	},
	"elements": [
		{
			"name": "Neck",
			"from": [ 13.0, 10.0, 6.4 ],
			"to": [ 19.5, 17.0, 10.8 ],
			"unwrapMode": 2,
			"autoUnwrap": false,
			"uv": [ 5.5, 5.0 ],
			"rotationOrigin": [ 19.0, 10.0, 8.0 ],
			"rotationZ": 67.0,
			"faces": {
				"north": { "texture": "#skin", "uv": [ 16.0, 11.5, 22.5, 18.5 ], "windMode": [-1,-1,-1,-1], "windData": [0,0,1,0] },
				"east": { "texture": "#skin", "uv": [ 12.0, 11.5, 16.0, 18.5 ], "windMode": [-1,-1,-1,-1], "windData": [1,0,0,1] },
				"south": { "texture": "#skin", "uv": [ 5.5, 11.5, 12.0, 18.5 ] },
				"west": { "texture": "#skin", "uv": [ 22.5, 11.5, 26.5, 18.5 ] },
				"up": { "texture": "#skin", "uv": [ 27.5, 11.5, 31.5, 18.0 ], "rotation": 90 }
			},
			"children": [
				{
					"name": "Neck2",
					"from": [ 0.4625, 4.7, 0.4 ],
					"to": [ 5.4625, 9.8, 3.9 ],
					"unwrapMode": 2,
					"uv": [ 7.0, 1.0 ],
					"rotationOrigin": [ 3.7, 4.9, 1.8 ],
					"rotationZ": -6.0,
					"faces": {
						"north": { "texture": "#skin", "uv": [ 15.5, 6.0, 20.5, 11.0 ] },
						"east": { "texture": "#skin", "uv": [ 12.0, 6.0, 15.5, 11.0 ] },
						"south": { "texture": "#skin", "uv": [ 7.0, 6.0, 12.0, 11.0 ] },
						"west": { "texture": "#skin", "uv": [ 20.5, 6.0, 24.0, 11.0 ] },
						"up": { "texture": "#skin", "uv": [ 12.0, 1.0, 15.5, 6.0 ], "rotation": 270 }
					},
					"children": [
						{
							"name": "Head",
							"from": [ 1.5, 0.9, -0.2 ],
							"to": [ 5.0, 5.3, 3.7 ],
							"unwrapMode": 4,
							"uv": [ 20.0, 62.5 ],
							"rotationOrigin": [ 4.8, 5.3, 1.6 ],
							"rotationZ": -67.0,
							"faces": {
								"north": { "texture": "#skin", "uv": [ 20.0, 66.0, 23.5, 70.0 ] },
								"east": { "texture": "#skin", "uv": [ 30.5, 66.0, 34.0, 70.0 ] },
								"south": { "texture": "#skin", "uv": [ 27.0, 66.0, 30.5, 70.0 ] },
								"west": { "texture": "#skin", "uv": [ 23.5, 66.0, 27.0, 70.0 ] },
								"up": { "texture": "#skin", "uv": [ 23.5, 62.5, 27.0, 66.0 ], "rotation": 90 },
								"down": { "texture": "#skin", "uv": [ 23.5, 70.0, 27.0, 73.5 ], "rotation": 90 }
							},
							"children": [
								{
									"name": "MouthUp",
									"from": [ -3.4, 0.2, 0.9 ],
									"to": [ 0.2, 1.2, 3.2 ],
									"unwrapMode": 5,
									"unwrapRotation": 1,
									"uv": [ 3.0, 49.0 ],
									"rotationOrigin": [ -0.5, 1.2, 1.8 ],
									"rotationZ": 40.0,
									"faces": {
										"north": { "texture": "#skin", "uv": [ 3.0, 49.0, 4.0, 52.5 ], "rotation": 270 },
										"south": { "texture": "#skin", "uv": [ 6.0, 49.0, 7.0, 52.5 ], "rotation": 90 },
										"west": { "texture": "#skin", "uv": [ 4.0, 52.5, 6.0, 53.5 ] },
										"up": { "texture": "#skin", "uv": [ 4.0, 49.0, 6.0, 52.5 ], "rotation": 90, "windMode": [-1,-1,-1,-1], "windData": [1,1,1,1] },
										"down": { "texture": "#skin", "uv": [ 7.0, 49.0, 9.0, 52.5 ], "rotation": 270 }
									},
									"children": [
										{
											"name": "Nose",
											"from": [ 0.5, -0.2, 0.1 ],
											"to": [ 3.0, 1.6, 2.2 ],
											"unwrapMode": 5,
											"unwrapRotation": 1,
											"uv": [ 11.5, 70.5 ],
											"rotationOrigin": [ 0.5, 1.6, 0.6 ],
											"rotationZ": 22.0,
											"faces": {
												"north": { "texture": "#skin", "uv": [ 11.5, 70.5, 13.0, 73.0 ], "rotation": 270, "windMode": [-1,-1,-1,-1], "windData": [1,1,1,1] },
												"south": { "texture": "#skin", "uv": [ 15.0, 70.5, 16.5, 73.0 ], "rotation": 90 },
												"west": { "texture": "#skin", "uv": [ 13.0, 73.0, 15.0, 74.5 ], "windMode": [-1,-1,-1,-1], "windData": [1,1,1,1] },
												"up": { "texture": "#skin", "uv": [ 13.0, 70.5, 15.0, 73.0 ], "rotation": 90 }
											},
											"children": [
												{
													"name": "Snout",
													"from": [ -1.1, 0.9, 0.4 ],
													"to": [ 0.1, 1.8, 1.7 ],
													"unwrapMode": 4,
													"uv": [ 3.5, 61.0 ],
													"rotationOrigin": [ 0.1, 1.8, 1.0 ],
													"rotationZ": 4.0,
													"faces": {
														"north": { "texture": "#skin", "uv": [ 3.5, 62.0, 4.5, 62.5 ], "windMode": [-1,-1,-1,-1], "windData": [1,1,1,1] },
														"east": { "texture": "#skin", "uv": [ 6.5, 62.0, 7.5, 62.5 ], "windMode": [-1,-1,-1,-1], "windData": [1,1,1,1] },
														"south": { "texture": "#skin", "uv": [ 5.5, 62.0, 6.5, 62.5 ], "windMode": [-1,-1,-1,-1], "windData": [1,1,1,1] },
														"west": { "texture": "#skin", "uv": [ 4.5, 62.0, 5.5, 62.5 ], "windMode": [-1,-1,-1,-1], "windData": [1,1,1,1] },
														"up": { "texture": "#skin", "uv": [ 4.5, 61.0, 5.5, 62.0 ], "rotation": 90, "windMode": [-1,-1,-1,-1], "windData": [1,1,1,1] },
														"down": { "texture": "#skin", "uv": [ 4.5, 62.5, 5.5, 63.5 ], "rotation": 90, "windMode": [-1,-1,-1,-1], "windData": [1,1,1,1] }
													}
												},
												{
													"name": "NoseBridge",
													"from": [ 2.5, -0.2, -0.1 ],
													"to": [ 5.0, 1.8, 2.2 ],
													"unwrapMode": 5,
													"unwrapRotation": 1,
													"uv": [ 11.0, 63.5 ],
													"rotationOrigin": [ 2.5, 1.8, -0.1 ],
													"rotationZ": -10.0,
													"faces": {
														"north": { "texture": "#skin", "uv": [ 11.0, 65.5, 13.0, 68.0 ], "rotation": 270 },
														"east": { "texture": "#skin", "uv": [ 13.0, 63.5, 15.0, 65.5 ], "rotation": 180 },
														"south": { "texture": "#skin", "uv": [ 15.0, 65.5, 17.0, 68.0 ], "rotation": 90 },
														"west": { "texture": "#skin", "uv": [ 13.0, 68.0, 15.0, 70.0 ] },
														"up": { "texture": "#skin", "uv": [ 13.0, 65.5, 15.0, 68.0 ], "rotation": 90 }
													},
													"children": [
														{
															"name": "AntlerBase",
															"from": [ 1.0, 1.0, 1.15 ],
															"to": [ 1.0, 1.0, 1.15 ],
															"uv": [ 0.0, 0.0 ],
															"rotationOrigin": [ 1.0, 1.0, 1.15 ],
															"faces": {
															}
														}
													]
												}
											]
										}
									]
								},
								{
									"name": "L Ear",
									"from": [ 1.8, 3.9, 2.9 ],
									"to": [ 2.2, 5.8, 4.5 ],
									"unwrapMode": 4,
									"uv": [ 6.5, 71.5 ],
									"rotationOrigin": [ 2.0, 3.9, 3.6 ],
									"rotationX": 66.0,
									"rotationY": 15.0,
									"faces": {
										"north": { "texture": "#skin", "uv": [ 6.5, 72.0, 7.0, 73.5 ], "windMode": [-1,-1,-1,-1], "windData": [1,1,1,1] },
										"east": { "texture": "#skin", "uv": [ 9.0, 72.0, 10.5, 73.5 ] },
										"south": { "texture": "#skin", "uv": [ 8.5, 72.0, 9.0, 73.5 ], "windMode": [-1,-1,-1,-1], "windData": [1,1,1,1] },
										"west": { "texture": "#skin", "uv": [ 7.0, 72.0, 8.5, 73.5 ] },
										"up": { "texture": "#skin", "uv": [ 7.0, 71.5, 8.5, 72.0 ], "rotation": 90 },
										"down": { "texture": "#skin", "uv": [ 7.0, 73.5, 8.5, 74.0 ], "rotation": 90 }
									},
									"children": [
										{
											"name": "L Ear2",
											"from": [ 0.0, 1.9, 0.0 ],
											"to": [ 0.4, 3.5, 0.7 ],
											"unwrapMode": 4,
											"uv": [ 5.5, 69.0 ],
											"rotationOrigin": [ 0.2, 1.9, 0.0 ],
											"rotationX": 16.0,
											"rotationY": 1.0,
											"faces": {
												"north": { "texture": "#skin", "uv": [ 5.5, 69.5, 6.0, 71.0 ] },
												"east": { "texture": "#skin", "uv": [ 7.0, 69.5, 7.5, 71.0 ] },
												"south": { "texture": "#skin", "uv": [ 6.5, 69.5, 7.0, 71.0 ] },
												"west": { "texture": "#skin", "uv": [ 6.0, 69.5, 6.5, 71.0 ] },
												"up": { "texture": "#skin", "uv": [ 6.0, 69.0, 6.5, 69.5 ], "rotation": 90 },
												"down": { "texture": "#skin", "uv": [ 6.0, 71.0, 6.5, 71.5 ], "rotation": 90 }
											}
										},
										{
											"name": "L Ear3",
											"from": [ 0.0, 1.9, 0.7 ],
											"to": [ 0.4, 3.3, 1.6 ],
											"unwrapMode": 4,
											"uv": [ 8.0, 69.0 ],
											"rotationOrigin": [ 0.2, 1.9, 1.6 ],
											"rotationX": -19.0,
											"rotationY": -1.0,
											"faces": {
												"north": { "texture": "#skin", "uv": [ 8.0, 69.5, 8.5, 70.5 ] },
												"east": { "texture": "#skin", "uv": [ 9.5, 69.5, 10.0, 70.5 ] },
												"south": { "texture": "#skin", "uv": [ 9.0, 69.5, 9.5, 70.5 ] },
												"west": { "texture": "#skin", "uv": [ 8.5, 69.5, 9.0, 70.5 ] },
												"up": { "texture": "#skin", "uv": [ 8.5, 69.0, 9.0, 69.5 ], "rotation": 90 },
												"down": { "texture": "#skin", "uv": [ 8.5, 70.5, 9.0, 71.0 ], "rotation": 90 }
											}
										}
									]
								},
								{
									"name": "R Eye",
									"from": [ 0.01, 2.9, -0.01 ],
									"to": [ 0.61, 3.2, 0.29 ],
									"unwrapMode": 5,
									"uv": [ 29.0, 6.0 ],
									"rotationOrigin": [ 0.01, 3.3, -0.11 ],
									"faces": {
										"north": { "texture": "#skin", "uv": [ 29.5, 6.0, 30.0, 6.5 ], "rotation": 180 },
										"east": { "texture": "#skin", "uv": [ 30.0, 6.5, 30.5, 7.0 ], "rotation": 90 },
										"west": { "texture": "#skin", "uv": [ 29.0, 6.5, 29.5, 7.0 ], "rotation": 270 },
										"up": { "texture": "#skin", "uv": [ 29.5, 6.5, 30.0, 7.0 ] },
										"down": { "texture": "#skin", "uv": [ 30.5, 6.5, 31.0, 7.0 ] }
									},
									"children": [
										{
											"name": "R Eye2",
											"from": [ 0.0, 0.3, 0.0 ],
											"to": [ 0.6, 0.7, 0.3 ],
											"unwrapMode": 5,
											"uv": [ 29.0, 4.0 ],
											"rotationOrigin": [ 0.0, 0.7, -0.1 ],
											"faces": {
												"north": { "texture": "#skin", "uv": [ 29.5, 4.0, 30.0, 4.5 ], "rotation": 180 },
												"east": { "texture": "#skin", "uv": [ 30.0, 4.5, 30.5, 5.0 ], "rotation": 90 },
												"west": { "texture": "#skin", "uv": [ 29.0, 4.5, 29.5, 5.0 ], "rotation": 270 },
												"up": { "texture": "#skin", "uv": [ 29.5, 4.5, 30.0, 5.0 ] },
												"down": { "texture": "#skin", "uv": [ 30.5, 4.5, 31.0, 5.0 ] }
											},
											"children": [
												{
													"name": "R Pupil",
													"from": [ 0.0, -0.1, -0.01 ],
													"to": [ 0.4, 0.2, 0.19 ],
													"unwrapMode": 5,
													"uv": [ 29.0, 7.5 ],
													"rotationOrigin": [ 0.0, -0.1, -0.01 ],
													"faces": {
														"north": { "texture": "#skin", "uv": [ 29.5, 7.5, 30.0, 8.0 ], "rotation": 180, "windMode": [-1,-1,-1,-1], "windData": [1,1,1,1] },
														"east": { "texture": "#skin", "uv": [ 30.0, 8.0, 30.5, 8.5 ], "rotation": 90 },
														"west": { "texture": "#skin", "uv": [ 29.0, 8.0, 29.5, 8.5 ], "rotation": 270 },
														"up": { "texture": "#skin", "uv": [ 29.5, 8.0, 30.0, 8.5 ] },
														"down": { "texture": "#skin", "uv": [ 30.5, 8.0, 31.0, 8.5 ] }
													}
												}
											]
										}
									]
								},
								{
									"name": "R Ear",
									"from": [ 1.8, 3.9, -0.4 ],
									"to": [ 2.2, 5.8, 1.2 ],
									"unwrapMode": 4,
									"uv": [ 1.0, 71.5 ],
									"rotationOrigin": [ 2.0, 3.9, 0.5 ],
									"rotationX": -66.0,
									"rotationY": -23.0,
									"faces": {
										"north": { "texture": "#skin", "uv": [ 1.0, 72.0, 1.5, 73.5 ] },
										"east": { "texture": "#skin", "uv": [ 3.5, 72.0, 5.0, 73.5 ] },
										"south": { "texture": "#skin", "uv": [ 3.0, 72.0, 3.5, 73.5 ], "windMode": [-1,-1,-1,-1], "windData": [1,1,1,1] },
										"west": { "texture": "#skin", "uv": [ 1.5, 72.0, 3.0, 73.5 ] },
										"up": { "texture": "#skin", "uv": [ 1.5, 71.5, 3.0, 72.0 ], "rotation": 90 },
										"down": { "texture": "#skin", "uv": [ 1.5, 73.5, 3.0, 74.0 ], "rotation": 90 }
									},
									"children": [
										{
											"name": "R Ear2",
											"from": [ 0.0, 1.9, 0.0 ],
											"to": [ 0.4, 3.3, 0.9 ],
											"unwrapMode": 4,
											"uv": [ 0.5, 69.0 ],
											"rotationOrigin": [ 0.2, 1.9, 0.0 ],
											"rotationX": 19.0,
											"rotationY": 1.0,
											"faces": {
												"north": { "texture": "#skin", "uv": [ 0.5, 69.5, 1.0, 70.5 ] },
												"east": { "texture": "#skin", "uv": [ 2.0, 69.5, 2.5, 70.5 ] },
												"south": { "texture": "#skin", "uv": [ 1.5, 69.5, 2.0, 70.5 ] },
												"west": { "texture": "#skin", "uv": [ 1.0, 69.5, 1.5, 70.5 ] },
												"up": { "texture": "#skin", "uv": [ 1.0, 69.0, 1.5, 69.5 ], "rotation": 90 },
												"down": { "texture": "#skin", "uv": [ 1.0, 70.5, 1.5, 71.0 ], "rotation": 90 }
											}
										},
										{
											"name": "R Ear3",
											"from": [ 0.0, 1.9, 0.9 ],
											"to": [ 0.4, 3.5, 1.6 ],
											"unwrapMode": 4,
											"uv": [ 3.0, 69.0 ],
											"rotationOrigin": [ 0.2, 1.9, 1.6 ],
											"rotationX": -16.0,
											"rotationY": -1.0,
											"faces": {
												"north": { "texture": "#skin", "uv": [ 3.0, 69.5, 3.5, 71.0 ] },
												"east": { "texture": "#skin", "uv": [ 4.5, 69.5, 5.0, 71.0 ] },
												"south": { "texture": "#skin", "uv": [ 4.0, 69.5, 4.5, 71.0 ] },
												"west": { "texture": "#skin", "uv": [ 3.5, 69.5, 4.0, 71.0 ] },
												"up": { "texture": "#skin", "uv": [ 3.5, 69.0, 4.0, 69.5 ], "rotation": 90 },
												"down": { "texture": "#skin", "uv": [ 3.5, 71.0, 4.0, 71.5 ], "rotation": 90 }
											}
										}
									]
								},
								{
									"name": "L Eye",
									"from": [ 0.01, 2.8, 3.61 ],
									"to": [ 0.61, 3.1, 3.91 ],
									"unwrapMode": 5,
									"uv": [ 26.5, 6.0 ],
									"rotationOrigin": [ 0.01, 3.2, 3.51 ],
									"faces": {
										"east": { "texture": "#skin", "uv": [ 27.5, 6.0, 28.0, 6.5 ], "rotation": 90 },
										"south": { "texture": "#skin", "uv": [ 27.0, 6.5, 27.5, 7.0 ] },
										"west": { "texture": "#skin", "uv": [ 26.5, 6.0, 27.0, 6.5 ], "rotation": 270 },
										"up": { "texture": "#skin", "uv": [ 27.0, 6.0, 27.5, 6.5 ] },
										"down": { "texture": "#skin", "uv": [ 28.0, 6.0, 28.5, 6.5 ] }
									},
									"children": [
										{
											"name": "L Eye2",
											"from": [ 0.0, 0.3, 0.0 ],
											"to": [ 0.6, 0.7, 0.3 ],
											"unwrapMode": 5,
											"uv": [ 26.5, 4.0 ],
											"rotationOrigin": [ 0.0, 0.7, -0.1 ],
											"faces": {
												"east": { "texture": "#skin", "uv": [ 27.5, 4.5, 28.0, 5.0 ], "rotation": 90 },
												"south": { "texture": "#skin", "uv": [ 27.0, 5.0, 27.5, 5.5 ] },
												"west": { "texture": "#skin", "uv": [ 26.5, 4.5, 27.0, 5.0 ], "rotation": 270 },
												"up": { "texture": "#skin", "uv": [ 27.0, 4.5, 27.5, 5.0 ] },
												"down": { "texture": "#skin", "uv": [ 28.0, 4.5, 28.5, 5.0 ] }
											},
											"children": [
												{
													"name": "L Pupil",
													"from": [ 0.0, -0.1, 0.11 ],
													"to": [ 0.4, 0.2, 0.31 ],
													"unwrapMode": 5,
													"uv": [ 26.5, 7.5 ],
													"rotationOrigin": [ 0.0, -0.1, 0.11 ],
													"faces": {
														"east": { "texture": "#skin", "uv": [ 27.5, 7.5, 28.0, 8.0 ], "rotation": 90 },
														"south": { "texture": "#skin", "uv": [ 27.0, 8.0, 27.5, 8.5 ] },
														"west": { "texture": "#skin", "uv": [ 26.5, 7.5, 27.0, 8.0 ], "rotation": 270 },
														"up": { "texture": "#skin", "uv": [ 27.0, 7.5, 27.5, 8.0 ] },
														"down": { "texture": "#skin", "uv": [ 28.0, 7.5, 28.5, 8.0 ] }
													}
												}
											]
										}
									]
								},
								{
									"name": "Jaw",
									"from": [ -1.2, -0.2, 0.95 ],
									"to": [ 1.4, 1.3, 3.15 ],
									"unwrapMode": 5,
									"unwrapRotation": 1,
									"uv": [ 2.0, 54.5 ],
									"rotationOrigin": [ 1.1, 0.6, 1.75 ],
									"rotationZ": 17.0,
									"faces": {
										"north": { "texture": "#skin", "uv": [ 2.0, 54.5, 3.5, 57.0 ], "rotation": 270 },
										"south": { "texture": "#skin", "uv": [ 5.5, 54.5, 7.0, 57.0 ], "rotation": 90 },
										"west": { "texture": "#skin", "uv": [ 3.5, 57.0, 5.5, 58.5 ] },
										"up": { "texture": "#skin", "uv": [ 3.5, 54.5, 5.5, 57.0 ], "rotation": 90 },
										"down": { "texture": "#skin", "uv": [ 7.0, 54.5, 9.0, 57.0 ], "rotation": 270 }
									},
									"children": [
										{
											"name": "Jaw2",
											"from": [ -1.3, 0.0, 0.05 ],
											"to": [ 0.0, 0.7, 2.15 ],
											"unwrapMode": 5,
											"unwrapRotation": 1,
											"uv": [ 3.0, 59.0 ],
											"rotationOrigin": [ 0.0, 0.7, 1.1 ],
											"rotationZ": 26.0,
											"faces": {
												"north": { "texture": "#skin", "uv": [ 3.0, 59.0, 3.5, 60.0 ], "rotation": 270 },
												"south": { "texture": "#skin", "uv": [ 5.5, 59.0, 6.0, 60.0 ], "rotation": 90 },
												"west": { "texture": "#skin", "uv": [ 3.5, 60.0, 5.5, 60.5 ] },
												"up": { "texture": "#skin", "uv": [ 3.5, 59.0, 5.5, 60.0 ], "rotation": 90 },
												"down": { "texture": "#skin", "uv": [ 6.0, 59.0, 8.0, 60.0 ], "rotation": 270 }
											}
										}
									]
								}
							]
						}
					],
					"attachmentpoints": [
						{
							"code": "rope",
							"posX": "0.0","posY": "2.0","posZ": "1.75",
							"rotationX": "0.0","rotationY": "0.0","rotationZ": "0.0"
						}
					]
				}
			]
		}
	]}