{
	"editor": {
		"allAngles": true,
		"entityTextureMode": true
	},
	"textureWidth": 64,
	"textureHeight": 76,
	"textureSizes": {
		"skin": [64,76]
	},
	"textures": {
	},
	"elements": [
		{
			"name": "Origin",
			"from": [ 8.0, -1.3125, 8.0 ],
			"to": [ 8.0, -1.3125, 8.0 ],
			"uv": [ 0.0, 0.0 ],
			"rotationOrigin": [ 8.0, 0.0, 8.0 ],
			"faces": {
			},
			"children": [
				{
					"name": "Rear",
					"from": [ 5.3, 10.6, -3.5 ],
					"to": [ 12.3, 20.1, 3.5 ],
					"unwrapMode": 7,
					"unwrapRotation": 1,
					"autoUnwrap": false,
					"uv": [ 2.5, 68.0 ],
					"rotationOrigin": [ 7.0, 17.9, 0.0 ],
					"rotationY": 7.0,
					"rotationZ": -8.0,
					"faces": {
						"north": { "texture": "#skin", "uv": [ 17.5, 33.0, 27.0, 40.0 ], "rotation": 90 },
						"east": { "texture": "#skin", "uv": [ 10.5, 40.0, 17.5, 49.5 ] },
						"south": { "texture": "#skin", "uv": [ 1.0, 33.0, 10.5, 40.0 ], "rotation": 270 },
						"west": { "texture": "#skin", "uv": [ 10.0, 50.5, 17.0, 60.0 ] },
						"up": { "texture": "#skin", "uv": [ 10.5, 33.0, 17.5, 40.0 ], "rotation": 270 },
						"down": { "texture": "#skin", "uv": [ 27.0, 33.0, 34.0, 40.0 ], "rotation": 90 }
					},
					"children": [
						{
							"name": "Tail",
							"from": [ 6.1, 6.9, 2.8 ],
							"to": [ 7.1, 9.1, 4.1 ],
							"unwrapMode": 2,
							"uv": [ 42.5, 16.5 ],
							"rotationOrigin": [ 6.8, 9.0, 3.5 ],
							"rotationZ": 36.0,
							"faces": {
								"north": { "texture": "#skin", "uv": [ 44.5, 17.5, 45.5, 19.5 ], "windMode": [-1,-1,-1,-1], "windData": [0,1,1,0] },
								"east": { "texture": "#skin", "uv": [ 43.5, 17.5, 44.5, 19.5 ], "windMode": [-1,-1,-1,-1], "windData": [0,1,1,0] },
								"south": { "texture": "#skin", "uv": [ 42.5, 17.5, 43.5, 19.5 ] },
								"west": { "texture": "#skin", "uv": [ 45.5, 17.5, 46.5, 19.5 ], "windMode": [-1,-1,-1,-1], "windData": [0,0,1,1] },
								"up": { "texture": "#skin", "uv": [ 43.5, 16.5, 44.5, 17.5 ], "rotation": 270, "windMode": [-1,-1,-1,-1], "windData": [1,1,1,1] },
								"down": { "texture": "#skin", "uv": [ 43.5, 19.5, 44.5, 20.5 ], "rotation": 270, "windMode": [-1,-1,-1,-1], "windData": [1,1,1,1] }
							},
							"children": [
								{
									"name": "Tail2",
									"from": [ 0.0, -2.0, 0.05 ],
									"to": [ 1.0, 0.2, 1.25 ],
									"unwrapMode": 2,
									"uv": [ 42.5, 21.0 ],
									"rotationOrigin": [ 0.5, 0.0, 0.65 ],
									"rotationZ": -13.0,
									"faces": {
										"north": { "texture": "#skin", "uv": [ 44.5, 21.0, 45.5, 23.0 ], "windMode": [-1,-1,-1,-1], "windData": [0,1,1,0] },
										"east": { "texture": "#skin", "uv": [ 43.5, 21.0, 44.5, 23.0 ], "windMode": [-1,-1,-1,-1], "windData": [0,1,1,0] },
										"south": { "texture": "#skin", "uv": [ 42.5, 21.0, 43.5, 23.0 ] },
										"west": { "texture": "#skin", "uv": [ 45.5, 21.0, 46.5, 23.0 ], "windMode": [-1,-1,-1,-1], "windData": [0,0,1,1] },
										"down": { "texture": "#skin", "uv": [ 43.5, 23.0, 44.5, 24.0 ], "rotation": 270, "windMode": [-1,-1,-1,-1] }
									},
									"children": [
										{
											"name": "Tail3",
											"from": [ 0.0, -2.0, 0.05 ],
											"to": [ 1.0, 0.2, 1.15 ],
											"unwrapMode": 2,
											"uv": [ 42.5, 24.5 ],
											"rotationOrigin": [ 0.5, 0.0, 0.65 ],
											"rotationZ": -13.0,
											"faces": {
												"north": { "texture": "#skin", "uv": [ 44.5, 24.5, 45.5, 26.5 ], "windMode": [-1,-1,-1,-1], "windData": [0,1,1,0] },
												"east": { "texture": "#skin", "uv": [ 43.5, 24.5, 44.5, 26.5 ], "windMode": [-1,-1,-1,-1], "windData": [0,1,1,0] },
												"south": { "texture": "#skin", "uv": [ 42.5, 24.5, 43.5, 26.5 ] },
												"west": { "texture": "#skin", "uv": [ 45.5, 24.5, 46.5, 26.5 ], "windMode": [-1,-1,-1,-1], "windData": [0,0,1,1] },
												"down": { "texture": "#skin", "uv": [ 43.5, 26.5, 44.5, 27.5 ], "rotation": 270, "windMode": [-1,-1,-1,-1] }
											},
											"children": [
												{
													"name": "Tail4",
													"from": [ 0.0, -1.0, -0.15 ],
													"to": [ 1.0, 0.2, 1.35 ],
													"unwrapMode": 2,
													"uv": [ 42.0, 28.0 ],
													"rotationOrigin": [ 0.5, 0.0, 0.65 ],
													"rotationZ": -4.0,
													"faces": {
														"north": { "texture": "#skin", "uv": [ 44.5, 29.0, 45.5, 30.0 ], "windMode": [-1,-1,-1,-1], "windData": [0,1,1,0] },
														"east": { "texture": "#skin", "uv": [ 43.0, 29.0, 44.5, 30.0 ], "windMode": [-1,-1,-1,-1], "windData": [0,1,1,0] },
														"south": { "texture": "#skin", "uv": [ 42.0, 29.0, 43.0, 30.0 ] },
														"west": { "texture": "#skin", "uv": [ 45.5, 29.0, 47.0, 30.0 ], "windMode": [-1,-1,-1,-1], "windData": [0,0,1,1] },
														"up": { "texture": "#skin", "uv": [ 43.0, 28.0, 44.5, 29.0 ], "rotation": 270, "windMode": [-1,-1,-1,-1], "windData": [0,0,0,0] }
													},
													"children": [
														{
															"name": "Tail5",
															"from": [ -0.3, -3.0, -0.1 ],
															"to": [ 1.2, 0.2, 1.6 ],
															"unwrapMode": 2,
															"uv": [ 41.5, 30.5 ],
															"rotationOrigin": [ 0.4, 0.0, 0.7 ],
															"rotationZ": -7.0,
															"faces": {
																"north": { "texture": "#skin", "uv": [ 44.5, 32.0, 46.0, 35.0 ], "windMode": [-1,-1,-1,-1], "windData": [0,1,1,0] },
																"east": { "texture": "#skin", "uv": [ 43.0, 32.0, 44.5, 35.0 ], "windMode": [-1,-1,-1,-1], "windData": [0,1,1,0] },
																"south": { "texture": "#skin", "uv": [ 41.5, 32.0, 43.0, 35.0 ] },
																"west": { "texture": "#skin", "uv": [ 46.0, 32.0, 47.5, 35.0 ], "windMode": [-1,-1,-1,-1], "windData": [0,0,1,1] },
																"up": { "texture": "#skin", "uv": [ 43.0, 30.5, 44.5, 32.0 ], "rotation": 270, "windMode": [-1,-1,-1,-1], "windData": [1,1,1,1] }
															},
															"children": [
																{
																	"name": "Tail6",
																	"from": [ 0.2, -1.4, 0.2 ],
																	"to": [ 1.3, 1.1, 1.5 ],
																	"unwrapMode": 2,
																	"uv": [ 42.0, 35.5 ],
																	"rotationOrigin": [ 0.7, 1.0, 0.8 ],
																	"rotationZ": -7.0,
																	"faces": {
																		"north": { "texture": "#skin", "uv": [ 44.0, 36.5, 45.0, 39.0 ], "windMode": [-1,-1,-1,-1], "windData": [0,1,1,0] },
																		"east": { "texture": "#skin", "uv": [ 43.0, 36.5, 44.0, 39.0 ], "windMode": [-1,-1,-1,-1], "windData": [0,1,1,0] },
																		"south": { "texture": "#skin", "uv": [ 42.0, 36.5, 43.0, 39.0 ] },
																		"west": { "texture": "#skin", "uv": [ 45.0, 36.5, 46.0, 39.0 ], "windMode": [-1,-1,-1,-1], "windData": [0,0,1,1] },
																		"up": { "texture": "#skin", "uv": [ 43.0, 35.5, 44.0, 36.5 ], "rotation": 270, "windMode": [-1,-1,-1,-1], "windData": [1,1,1,1] }
																	}
																}
															]
														}
													]
												}
											]
										}
									]
								}
							]
						},
						{
							"name": "L Haunch",
							"from": [ 2.8, 1.2, 5.4 ],
							"to": [ 7.6, 8.6, 8.0 ],
							"unwrapMode": 3,
							"uv": [ 33.5, 39.0 ],
							"rotationOrigin": [ 4.9, 7.3, 6.4 ],
							"rotationX": 4.0,
							"rotationY": 0.5,
							"rotationZ": 14.0,
							"faces": {
								"north": { "texture": "#skin", "uv": [ 43.0, 41.5, 47.5, 48.5 ] },
								"east": { "texture": "#skin", "uv": [ 40.5, 41.5, 43.0, 48.5 ] },
								"south": { "texture": "#skin", "uv": [ 36.0, 41.5, 40.5, 48.5 ] },
								"west": { "texture": "#skin", "uv": [ 33.5, 41.5, 36.0, 48.5 ] },
								"up": { "texture": "#skin", "uv": [ 36.0, 39.0, 40.5, 41.5 ], "windMode": [-1,-1,-1,-1], "windData": [0,0,1,1] },
								"down": { "texture": "#skin", "uv": [ 36.0, 48.5, 40.5, 51.0 ], "rotation": 180 }
							},
							"children": [
								{
									"name": "L LegUp",
									"from": [ 0.9, -4.8, 0.7 ],
									"to": [ 2.9, 1.8, 2.4 ],
									"unwrapMode": 3,
									"uv": [ 34.5, 51.5 ],
									"rotationOrigin": [ 1.8, 0.7, 1.5 ],
									"rotationZ": 46.0,
									"faces": {
										"north": { "texture": "#skin", "uv": [ 39.5, 53.0, 41.5, 59.5 ] },
										"east": { "texture": "#skin", "uv": [ 38.0, 53.0, 39.5, 59.5 ] },
										"south": { "texture": "#skin", "uv": [ 36.0, 53.0, 38.0, 59.5 ] },
										"west": { "texture": "#skin", "uv": [ 34.5, 53.0, 36.0, 59.5 ] },
										"up": { "texture": "#skin", "uv": [ 36.0, 51.5, 38.0, 53.0 ] },
										"down": { "texture": "#skin", "uv": [ 36.0, 59.5, 38.0, 61.0 ], "rotation": 180 }
									},
									"children": [
										{
											"name": "L LegLow",
											"from": [ 0.4, -5.7, 0.2 ],
											"to": [ 1.7, 0.4, 1.5 ],
											"unwrapMode": 3,
											"uv": [ 35.0, 61.5 ],
											"rotationOrigin": [ 1.3, 0.3, 0.8 ],
											"rotationX": -6.0,
											"rotationZ": -33.0,
											"faces": {
												"north": { "texture": "#skin", "uv": [ 38.0, 62.5, 39.0, 68.5 ] },
												"east": { "texture": "#skin", "uv": [ 37.0, 62.5, 38.0, 68.5 ] },
												"south": { "texture": "#skin", "uv": [ 36.0, 62.5, 37.0, 68.5 ] },
												"west": { "texture": "#skin", "uv": [ 35.0, 62.5, 36.0, 68.5 ] },
												"up": { "texture": "#skin", "uv": [ 36.0, 61.5, 37.0, 62.5 ] },
												"down": { "texture": "#skin", "uv": [ 36.0, 68.5, 37.0, 69.5 ], "rotation": 180, "windMode": [-1,-1,-1,-1] }
											},
											"children": [
												{
													"name": "L Hind Pastern",
													"from": [ 0.2, -1.7, 0.3 ],
													"to": [ 1.1, 0.3, 1.3 ],
													"unwrapMode": 3,
													"uv": [ 35.0, 70.0 ],
													"rotationOrigin": [ 0.6, 0.3, 0.8 ],
													"rotationY": 5.0,
													"rotationZ": -3.0,
													"faces": {
														"north": { "texture": "#skin", "uv": [ 37.5, 70.0, 38.0, 72.0 ] },
														"east": { "texture": "#skin", "uv": [ 36.5, 70.0, 37.5, 72.0 ] },
														"south": { "texture": "#skin", "uv": [ 36.0, 70.0, 36.5, 72.0 ] },
														"west": { "texture": "#skin", "uv": [ 35.0, 70.0, 36.0, 72.0 ] },
														"down": { "texture": "#skin", "uv": [ 36.0, 72.0, 36.5, 73.0 ], "rotation": 180 }
													},
													"children": [
														{
															"name": "L Hind Hoof",
															"from": [ 0.3, 0.6, 0.6 ],
															"to": [ 0.3, 0.6, 0.6 ],
															"uv": [ 0.0, 0.0 ],
															"rotationOrigin": [ 0.3, 0.6, 0.6 ],
															"rotationZ": -10.0,
															"faces": {
															},
															"children": [
																{
																	"name": "L Hind Hoof2",
																	"from": [ -0.9, -1.0, -0.6 ],
																	"to": [ 0.3, -0.5, 0.3 ],
																	"unwrapMode": 5,
																	"uv": [ 40.0, 67.0 ],
																	"rotationOrigin": [ 0.2, -0.4, 0.3 ],
																	"faces": {
																		"north": { "texture": "#skin", "uv": [ 40.5, 67.0, 41.5, 67.5 ], "rotation": 180 },
																		"east": { "texture": "#skin", "uv": [ 41.5, 67.5, 42.0, 68.0 ], "rotation": 90 },
																		"south": { "texture": "#skin", "uv": [ 40.5, 68.0, 41.5, 68.5 ] },
																		"west": { "texture": "#skin", "uv": [ 40.0, 67.5, 40.5, 68.0 ], "rotation": 270 },
																		"up": { "texture": "#skin", "uv": [ 40.5, 67.5, 41.5, 68.0 ] },
																		"down": { "texture": "#skin", "uv": [ 42.0, 67.5, 43.0, 68.0 ] }
																	}
																},
																{
																	"name": "L Hind Hoof1",
																	"from": [ -0.9, -1.0, -0.6 ],
																	"to": [ 0.5, -0.6, 0.3 ],
																	"unwrapMode": 5,
																	"uv": [ 41.5, 68.5 ],
																	"rotationOrigin": [ -0.9, -1.0, -0.5 ],
																	"rotationZ": 40.0,
																	"faces": {
																		"north": { "texture": "#skin", "uv": [ 42.0, 68.5, 43.0, 69.0 ], "rotation": 180 },
																		"east": { "texture": "#skin", "uv": [ 43.0, 69.0, 43.5, 69.5 ], "rotation": 90 },
																		"south": { "texture": "#skin", "uv": [ 42.0, 69.5, 43.0, 70.0 ] },
																		"west": { "texture": "#skin", "uv": [ 41.5, 69.0, 42.0, 69.5 ], "rotation": 270 },
																		"up": { "texture": "#skin", "uv": [ 42.0, 69.0, 43.0, 69.5 ] },
																		"down": { "texture": "#skin", "uv": [ 43.5, 69.0, 44.5, 69.5 ] }
																	}
																}
															]
														}
													]
												}
											]
										},
										{
											"name": "L LegUp Taper",
											"from": [ 1.1, 0.0, 0.0 ],
											"to": [ 2.0, 6.1, 1.7 ],
											"unwrapMode": 2,
											"uv": [ 42.5, 53.0 ],
											"rotationOrigin": [ 2.0, 0.0, 0.0 ],
											"rotationZ": -11.0,
											"faces": {
												"north": { "texture": "#skin", "uv": [ 44.5, 53.0, 45.0, 59.0 ] },
												"east": { "texture": "#skin", "uv": [ 43.0, 53.0, 44.5, 59.0 ] },
												"south": { "texture": "#skin", "uv": [ 42.5, 53.0, 43.0, 59.0 ] },
												"down": { "texture": "#skin", "uv": [ 43.0, 59.0, 44.5, 59.5 ], "rotation": 270 }
											}
										}
									]
								}
							]
						},
						{
							"name": "R Haunch",
							"from": [ 2.8, 1.2, -1.0 ],
							"to": [ 7.6, 8.6, 1.6 ],
							"unwrapMode": 1,
							"uv": [ 48.5, 39.0 ],
							"rotationOrigin": [ 4.9, 7.3, 0.0 ],
							"rotationX": -4.0,
							"rotationY": -0.5,
							"rotationZ": -18.0,
							"faces": {
								"north": { "texture": "#skin", "uv": [ 51.0, 41.5, 55.5, 48.5 ] },
								"east": { "texture": "#skin", "uv": [ 48.5, 41.5, 51.0, 48.5 ] },
								"south": { "texture": "#skin", "uv": [ 58.0, 41.5, 62.5, 48.5 ] },
								"west": { "texture": "#skin", "uv": [ 55.5, 41.5, 58.0, 48.5 ] },
								"up": { "texture": "#skin", "uv": [ 51.0, 39.0, 55.5, 41.5 ], "rotation": 180 },
								"down": { "texture": "#skin", "uv": [ 51.0, 48.5, 55.5, 51.0 ] }
							},
							"children": [
								{
									"name": "R LegUp",
									"from": [ 0.9, -4.8, 0.2 ],
									"to": [ 2.9, 1.8, 2.0 ],
									"unwrapMode": 1,
									"uv": [ 49.5, 51.5 ],
									"rotationOrigin": [ 1.8, 0.7, 1.0 ],
									"rotationZ": 54.0,
									"faces": {
										"north": { "texture": "#skin", "uv": [ 51.0, 53.0, 53.0, 59.5 ] },
										"east": { "texture": "#skin", "uv": [ 49.5, 53.0, 51.0, 59.5 ] },
										"south": { "texture": "#skin", "uv": [ 54.5, 53.0, 56.5, 59.5 ] },
										"west": { "texture": "#skin", "uv": [ 53.0, 53.0, 54.5, 59.5 ] },
										"up": { "texture": "#skin", "uv": [ 51.0, 51.5, 53.0, 53.0 ], "rotation": 180 },
										"down": { "texture": "#skin", "uv": [ 51.0, 59.5, 53.0, 61.0 ] }
									},
									"children": [
										{
											"name": "R LegLow",
											"from": [ 0.4, -5.7, 0.3 ],
											"to": [ 1.7, 0.4, 1.6 ],
											"unwrapMode": 1,
											"uv": [ 50.0, 61.5 ],
											"rotationOrigin": [ 1.3, 0.3, 0.9 ],
											"rotationX": 6.0,
											"rotationZ": -77.0,
											"faces": {
												"north": { "texture": "#skin", "uv": [ 51.0, 62.5, 52.0, 68.5 ] },
												"east": { "texture": "#skin", "uv": [ 50.0, 62.5, 51.0, 68.5 ] },
												"south": { "texture": "#skin", "uv": [ 53.0, 62.5, 54.0, 68.5 ] },
												"west": { "texture": "#skin", "uv": [ 52.0, 62.5, 53.0, 68.5 ] },
												"up": { "texture": "#skin", "uv": [ 51.0, 61.5, 52.0, 62.5 ], "rotation": 180 },
												"down": { "texture": "#skin", "uv": [ 51.0, 68.5, 52.0, 69.5 ] }
											},
											"children": [
												{
													"name": "R Hind Pastern",
													"from": [ 0.2, -1.7, 0.1 ],
													"to": [ 1.1, 0.3, 1.1 ],
													"unwrapMode": 1,
													"uv": [ 50.0, 70.0 ],
													"rotationOrigin": [ 0.6, 0.3, 0.6 ],
													"rotationY": -5.0,
													"rotationZ": -17.0,
													"faces": {
														"north": { "texture": "#skin", "uv": [ 51.0, 70.0, 51.5, 72.0 ] },
														"east": { "texture": "#skin", "uv": [ 50.0, 70.0, 51.0, 72.0 ] },
														"south": { "texture": "#skin", "uv": [ 52.5, 70.0, 53.0, 72.0 ] },
														"west": { "texture": "#skin", "uv": [ 51.5, 70.0, 52.5, 72.0 ] },
														"down": { "texture": "#skin", "uv": [ 51.0, 72.0, 51.5, 73.0 ] }
													},
													"children": [
														{
															"name": "R Hind Hoof",
															"from": [ 0.3, 0.6, 0.6 ],
															"to": [ 0.3, 0.6, 0.6 ],
															"uv": [ 0.0, 0.0 ],
															"rotationOrigin": [ 0.3, 0.6, 0.6 ],
															"rotationZ": 62.0,
															"faces": {
															},
															"children": [
																{
																	"name": "R Hind Hoof1",
																	"from": [ -0.9, -1.0, -0.6 ],
																	"to": [ 0.5, -0.6, 0.3 ],
																	"unwrapMode": 5,
																	"uv": [ 41.5, 71.5 ],
																	"rotationOrigin": [ -0.9, -1.0, -0.5 ],
																	"rotationZ": 40.0,
																	"faces": {
																		"north": { "texture": "#skin", "uv": [ 42.0, 71.5, 43.0, 72.0 ], "rotation": 180 },
																		"east": { "texture": "#skin", "uv": [ 43.0, 72.0, 43.5, 72.5 ], "rotation": 90 },
																		"south": { "texture": "#skin", "uv": [ 42.0, 72.5, 43.0, 73.0 ] },
																		"west": { "texture": "#skin", "uv": [ 41.5, 72.0, 42.0, 72.5 ], "rotation": 270 },
																		"up": { "texture": "#skin", "uv": [ 42.0, 72.0, 43.0, 72.5 ] },
																		"down": { "texture": "#skin", "uv": [ 43.5, 72.0, 44.5, 72.5 ] }
																	}
																},
																{
																	"name": "R Hind Hoof2",
																	"from": [ -0.9, -1.0, -0.6 ],
																	"to": [ 0.3, -0.5, 0.3 ],
																	"unwrapMode": 5,
																	"uv": [ 40.0, 70.0 ],
																	"rotationOrigin": [ 0.2, -0.4, 0.3 ],
																	"faces": {
																		"north": { "texture": "#skin", "uv": [ 40.5, 70.0, 41.5, 70.5 ], "rotation": 180 },
																		"east": { "texture": "#skin", "uv": [ 41.5, 70.5, 42.0, 71.0 ], "rotation": 90 },
																		"south": { "texture": "#skin", "uv": [ 40.5, 71.0, 41.5, 71.5 ] },
																		"west": { "texture": "#skin", "uv": [ 40.0, 70.5, 40.5, 71.0 ], "rotation": 270 },
																		"up": { "texture": "#skin", "uv": [ 40.5, 70.5, 41.5, 71.0 ] },
																		"down": { "texture": "#skin", "uv": [ 42.0, 70.5, 43.0, 71.0 ] }
																	}
																}
															]
														}
													]
												}
											]
										},
										{
											"name": "R LegUp Taper",
											"from": [ 1.1, 0.0, 0.0 ],
											"to": [ 2.0, 6.1, 1.7 ],
											"unwrapMode": 2,
											"uv": [ 57.5, 53.0 ],
											"rotationOrigin": [ 2.0, 0.0, 0.0 ],
											"rotationZ": -11.0,
											"faces": {
												"north": { "texture": "#skin", "uv": [ 59.5, 53.0, 60.0, 59.0 ] },
												"east": { "texture": "#skin", "uv": [ 58.0, 53.0, 59.5, 59.0 ] },
												"south": { "texture": "#skin", "uv": [ 57.5, 53.0, 58.0, 59.0 ] },
												"down": { "texture": "#skin", "uv": [ 58.0, 59.0, 59.5, 59.5 ], "rotation": 270 }
											}
										}
									]
								}
							]
						},
						{
							"name": "Midsection",
							"from": [ -4.0, -0.5, 0.3 ],
							"to": [ 1.0, 9.6, 6.8 ],
							"unwrapMode": 7,
							"unwrapRotation": 1,
							"autoUnwrap": false,
							"uv": [ 3.0, 57.5 ],
							"rotationOrigin": [ 0.1, 7.0, 3.5 ],
							"rotationY": -7.0,
							"rotationZ": 8.0,
							"faces": {
								"north": { "texture": "#skin", "uv": [ 17.5, 27.5, 27.5, 32.5 ], "rotation": 90, "windMode": [-1,-1,-1,-1], "windData": [0,1,1,0] },
								"east": { "texture": "#skin", "uv": [ 25.5, 41.0, 32.0, 51.0 ], "windMode": [-1,-1,-1,-1], "windData": [0,1,1,0] },
								"south": { "texture": "#skin", "uv": [ 1.0, 27.5, 11.0, 32.5 ], "rotation": 270 },
								"west": { "texture": "#skin", "uv": [ 18.5, 41.0, 25.0, 51.0 ], "windMode": [-1,-1,-1,-1], "windData": [0,0,1,1] },
								"up": { "texture": "#skin", "uv": [ 11.0, 27.5, 17.5, 32.5 ], "rotation": 270 },
								"down": { "texture": "#skin", "uv": [ 27.5, 27.5, 34.0, 32.5 ], "rotation": 90 }
							},
							"children": [
								{
									"name": "Chest",
									"from": [ -7.0, 0.4, -0.3 ],
									"to": [ 1.0, 9.9, 6.7 ],
									"unwrapMode": 7,
									"unwrapRotation": 1,
									"autoUnwrap": false,
									"uv": [ 2.5, 46.0 ],
									"rotationOrigin": [ 0.9, 7.1, 3.2 ],
									"faces": {
										"north": { "texture": "#skin", "uv": [ 17.5, 19.0, 27.0, 27.0 ], "rotation": 90 },
										"east": { "texture": "#skin", "uv": [ 25.5, 52.0, 32.5, 61.5 ] },
										"south": { "texture": "#skin", "uv": [ 1.0, 19.0, 10.5, 27.0 ], "rotation": 270 },
										"west": { "texture": "#skin", "uv": [ 18.0, 52.0, 25.0, 61.5 ] },
										"up": { "texture": "#skin", "uv": [ 10.5, 19.0, 17.5, 27.0 ], "rotation": 270 },
										"down": { "texture": "#skin", "uv": [ 27.0, 19.0, 34.0, 27.0 ], "rotation": 90 }
									},
									"children": [
										{
											"name": "Neck",
											"from": [ -1.7, 6.4, 1.3 ],
											"to": [ 4.8, 13.4, 5.7 ],
											"unwrapMode": 2,
											"autoUnwrap": false,
											"uv": [ 5.5, 5.0 ],
											"rotationOrigin": [ 4.3, 6.4, 2.9 ],
											"rotationZ": 63.0,
											"faces": {
												"north": { "texture": "#skin", "uv": [ 16.0, 11.5, 22.5, 18.5 ], "windMode": [-1,-1,-1,-1], "windData": [0,0,1,0] },
												"east": { "texture": "#skin", "uv": [ 12.0, 11.5, 16.0, 18.5 ], "windMode": [-1,-1,-1,-1], "windData": [1,0,0,1] },
												"south": { "texture": "#skin", "uv": [ 5.5, 11.5, 12.0, 18.5 ] },
												"west": { "texture": "#skin", "uv": [ 22.5, 11.5, 26.5, 18.5 ] },
												"up": { "texture": "#skin", "uv": [ 27.5, 11.5, 31.5, 18.0 ], "rotation": 90 }
											},
											"children": [
												{
													"name": "Neck2",
													"from": [ 0.2, 4.7, 0.4 ],
													"to": [ 5.2, 9.8, 3.9 ],
													"unwrapMode": 2,
													"uv": [ 7.0, 1.0 ],
													"rotationOrigin": [ 3.7, 4.9, 1.8 ],
													"rotationZ": -17.0,
													"faces": {
														"north": { "texture": "#skin", "uv": [ 15.5, 6.0, 20.5, 11.0 ] },
														"east": { "texture": "#skin", "uv": [ 12.0, 6.0, 15.5, 11.0 ] },
														"south": { "texture": "#skin", "uv": [ 7.0, 6.0, 12.0, 11.0 ] },
														"west": { "texture": "#skin", "uv": [ 20.5, 6.0, 24.0, 11.0 ] },
														"up": { "texture": "#skin", "uv": [ 12.0, 1.0, 15.5, 6.0 ], "rotation": 270 }
													},
													"children": [
														{
															"name": "Head",
															"from": [ 1.0625, 0.9, -0.2 ],
															"to": [ 4.5625, 5.3, 3.7 ],
															"unwrapMode": 4,
															"uv": [ 20.0, 62.5 ],
															"rotationOrigin": [ 4.8, 5.3, 1.6 ],
															"rotationZ": -55.0,
															"faces": {
																"north": { "texture": "#skin", "uv": [ 20.0, 66.0, 23.5, 70.0 ] },
																"east": { "texture": "#skin", "uv": [ 30.5, 66.0, 34.0, 70.0 ] },
																"south": { "texture": "#skin", "uv": [ 27.0, 66.0, 30.5, 70.0 ] },
																"west": { "texture": "#skin", "uv": [ 23.5, 66.0, 27.0, 70.0 ] },
																"up": { "texture": "#skin", "uv": [ 23.5, 62.5, 27.0, 66.0 ], "rotation": 90 },
																"down": { "texture": "#skin", "uv": [ 23.5, 70.0, 27.0, 73.5 ], "rotation": 90 }
															},
															"children": [
																{
																	"name": "MouthUp",
																	"from": [ -3.4, 0.2, 0.9 ],
																	"to": [ 0.2, 1.2, 3.2 ],
																	"unwrapMode": 5,
																	"unwrapRotation": 1,
																	"uv": [ 3.0, 49.0 ],
																	"rotationOrigin": [ -0.5, 1.2, 1.8 ],
																	"rotationZ": 40.0,
																	"faces": {
																		"north": { "texture": "#skin", "uv": [ 3.0, 49.0, 4.0, 52.5 ], "rotation": 270 },
																		"south": { "texture": "#skin", "uv": [ 6.0, 49.0, 7.0, 52.5 ], "rotation": 90 },
																		"west": { "texture": "#skin", "uv": [ 4.0, 52.5, 6.0, 53.5 ] },
																		"up": { "texture": "#skin", "uv": [ 4.0, 49.0, 6.0, 52.5 ], "rotation": 90, "windMode": [-1,-1,-1,-1], "windData": [1,1,1,1] },
																		"down": { "texture": "#skin", "uv": [ 7.0, 49.0, 9.0, 52.5 ], "rotation": 270 }
																	},
																	"children": [
																		{
																			"name": "Nose",
																			"from": [ 0.5, -0.2, 0.1 ],
																			"to": [ 3.0, 1.6, 2.2 ],
																			"unwrapMode": 5,
																			"unwrapRotation": 1,
																			"uv": [ 11.5, 70.5 ],
																			"rotationOrigin": [ 0.5, 1.6, 0.6 ],
																			"rotationZ": 22.0,
																			"faces": {
																				"north": { "texture": "#skin", "uv": [ 11.5, 70.5, 13.0, 73.0 ], "rotation": 270, "windMode": [-1,-1,-1,-1], "windData": [1,1,1,1] },
																				"south": { "texture": "#skin", "uv": [ 15.0, 70.5, 16.5, 73.0 ], "rotation": 90 },
																				"west": { "texture": "#skin", "uv": [ 13.0, 73.0, 15.0, 74.5 ], "windMode": [-1,-1,-1,-1], "windData": [1,1,1,1] },
																				"up": { "texture": "#skin", "uv": [ 13.0, 70.5, 15.0, 73.0 ], "rotation": 90 }
																			},
																			"children": [
																				{
																					"name": "Snout",
																					"from": [ -1.1, 0.9, 0.4 ],
																					"to": [ 0.1, 1.8, 1.7 ],
																					"unwrapMode": 4,
																					"uv": [ 3.5, 61.0 ],
																					"rotationOrigin": [ 0.1, 1.8, 1.0 ],
																					"rotationZ": 4.0,
																					"faces": {
																						"north": { "texture": "#skin", "uv": [ 3.5, 62.0, 4.5, 62.5 ], "windMode": [-1,-1,-1,-1], "windData": [1,1,1,1] },
																						"east": { "texture": "#skin", "uv": [ 6.5, 62.0, 7.5, 62.5 ], "windMode": [-1,-1,-1,-1], "windData": [1,1,1,1] },
																						"south": { "texture": "#skin", "uv": [ 5.5, 62.0, 6.5, 62.5 ], "windMode": [-1,-1,-1,-1], "windData": [1,1,1,1] },
																						"west": { "texture": "#skin", "uv": [ 4.5, 62.0, 5.5, 62.5 ], "windMode": [-1,-1,-1,-1], "windData": [1,1,1,1] },
																						"up": { "texture": "#skin", "uv": [ 4.5, 61.0, 5.5, 62.0 ], "rotation": 90, "windMode": [-1,-1,-1,-1], "windData": [1,1,1,1] },
																						"down": { "texture": "#skin", "uv": [ 4.5, 62.5, 5.5, 63.5 ], "rotation": 90, "windMode": [-1,-1,-1,-1], "windData": [1,1,1,1] }
																					}
																				},
																				{
																					"name": "NoseBridge",
																					"from": [ 2.5, -0.2, -0.1 ],
																					"to": [ 5.0, 1.8, 2.2 ],
																					"unwrapMode": 5,
																					"unwrapRotation": 1,
																					"uv": [ 11.0, 63.5 ],
																					"rotationOrigin": [ 2.5, 1.8, -0.1 ],
																					"rotationZ": -10.0,
																					"faces": {
																						"north": { "texture": "#skin", "uv": [ 11.0, 65.5, 13.0, 68.0 ], "rotation": 270 },
																						"east": { "texture": "#skin", "uv": [ 13.0, 63.5, 15.0, 65.5 ], "rotation": 180 },
																						"south": { "texture": "#skin", "uv": [ 15.0, 65.5, 17.0, 68.0 ], "rotation": 90 },
																						"west": { "texture": "#skin", "uv": [ 13.0, 68.0, 15.0, 70.0 ] },
																						"up": { "texture": "#skin", "uv": [ 13.0, 65.5, 15.0, 68.0 ], "rotation": 90 }
																					},
																					"children": [
																						{
																							"name": "AntlerBase",
																							"from": [ 1.0, 1.0, 1.15 ],
																							"to": [ 1.0, 1.0, 1.15 ],
																							"uv": [ 0.0, 0.0 ],
																							"rotationOrigin": [ 1.0, 1.0, 1.15 ],
																							"faces": {
																							},
																							"children": [
																								{
																									"name": "R Antler01",
																									"from": [ 1.0, -0.2, -1.2 ],
																									"to": [ 2.5, 1.0, 0.0 ],
																									"unwrapMode": 5,
																									"unwrapRotation": 1,
																									"uv": [ 8.5, 62.5 ],
																									"rotationOrigin": [ 1.0, 0.3, -0.6 ],
																									"rotationY": 10.0,
																									"rotationZ": 8.0,
																									"faces": {
																										"north": { "texture": "#skin", "uv": [ 8.5, 63.5, 9.5, 65.0 ], "rotation": 270 },
																										"east": { "texture": "#skin", "uv": [ 9.5, 62.5, 10.5, 63.5 ], "rotation": 180 },
																										"south": { "texture": "#skin", "uv": [ 10.5, 63.5, 11.5, 65.0 ], "rotation": 90 },
																										"up": { "texture": "#skin", "uv": [ 9.5, 63.5, 10.5, 65.0 ], "rotation": 90 },
																										"down": { "texture": "#skin", "uv": [ 11.5, 63.5, 12.5, 65.0 ], "rotation": 270, "windMode": [-1,-1,-1,-1], "windData": [1,1,1,1] }
																									},
																									"children": [
																										{
																											"name": "R Antler02",
																											"from": [ 1.4, 0.1, 0.1 ],
																											"to": [ 3.4, 1.1, 1.1 ],
																											"unwrapMode": 5,
																											"unwrapRotation": 1,
																											"uv": [ 58.5, 37.0 ],
																											"rotationOrigin": [ 1.4, 0.6, 0.6 ],
																											"rotationX": -15.0,
																											"rotationY": 10.0,
																											"rotationZ": 8.0,
																											"faces": {
																												"north": { "texture": "#skin", "uv": [ 58.5, 38.0, 59.5, 40.0 ], "rotation": 270 },
																												"east": { "texture": "#skin", "uv": [ 59.5, 37.0, 60.5, 38.0 ], "rotation": 180 },
																												"south": { "texture": "#skin", "uv": [ 60.5, 38.0, 61.5, 40.0 ], "rotation": 90 },
																												"up": { "texture": "#skin", "uv": [ 59.5, 38.0, 60.5, 40.0 ], "rotation": 90 },
																												"down": { "texture": "#skin", "uv": [ 61.5, 38.0, 62.5, 40.0 ], "rotation": 270, "windMode": [-1,-1,-1,-1], "windData": [1,1,1,1] }
																											},
																											"children": [
																												{
																													"name": "R Antler03",
																													"from": [ 1.8, 0.05, 0.05 ],
																													"to": [ 3.3, 0.95, 0.95 ],
																													"unwrapMode": 5,
																													"unwrapRotation": 1,
																													"uv": [ 59.5, 35.5 ],
																													"rotationOrigin": [ 1.8, 0.55, 0.55 ],
																													"rotationX": -15.0,
																													"rotationZ": -2.0,
																													"faces": {
																														"north": { "texture": "#skin", "uv": [ 59.5, 36.0, 60.0, 37.5 ], "rotation": 270 },
																														"east": { "texture": "#skin", "uv": [ 60.0, 35.5, 60.5, 36.0 ], "rotation": 180 },
																														"south": { "texture": "#skin", "uv": [ 60.5, 36.0, 61.0, 37.5 ], "rotation": 90 },
																														"up": { "texture": "#skin", "uv": [ 60.0, 36.0, 60.5, 37.5 ], "rotation": 90 },
																														"down": { "texture": "#skin", "uv": [ 61.0, 36.0, 61.5, 37.5 ], "rotation": 270, "windMode": [-1,-1,-1,-1], "windData": [1,1,1,1] }
																													},
																													"children": [
																														{
																															"name": "R Antler04",
																															"from": [ 1.3, 0.05, 0.05 ],
																															"to": [ 2.8, 0.85, 0.85 ],
																															"unwrapMode": 5,
																															"unwrapRotation": 1,
																															"uv": [ 59.5, 34.0 ],
																															"rotationOrigin": [ 1.3, 0.5, 0.5 ],
																															"rotationX": -15.0,
																															"rotationY": 10.0,
																															"rotationZ": 8.0,
																															"faces": {
																																"north": { "texture": "#skin", "uv": [ 59.5, 34.5, 60.0, 36.0 ], "rotation": 270 },
																																"east": { "texture": "#skin", "uv": [ 60.0, 34.0, 60.5, 34.5 ], "rotation": 180 },
																																"south": { "texture": "#skin", "uv": [ 60.5, 34.5, 61.0, 36.0 ], "rotation": 90 },
																																"up": { "texture": "#skin", "uv": [ 60.0, 34.5, 60.5, 36.0 ], "rotation": 90 },
																																"down": { "texture": "#skin", "uv": [ 61.0, 34.5, 61.5, 36.0 ], "rotation": 270, "windMode": [-1,-1,-1,-1], "windData": [1,1,1,1] }
																															},
																															"children": [
																																{
																																	"name": "R Antler05",
																																	"from": [ 1.3, 0.05, 0.05 ],
																																	"to": [ 2.8, 0.75, 0.75 ],
																																	"unwrapMode": 3,
																																	"unwrapRotation": 1,
																																	"uv": [ 60.5, 33.0 ],
																																	"rotationOrigin": [ 1.3, 0.45, 0.45 ],
																																	"rotationX": -15.0,
																																	"rotationY": 15.0,
																																	"rotationZ": -20.0,
																																	"faces": {
																																		"north": { "texture": "#skin", "uv": [ 62.0, 33.5, 62.5, 35.0 ], "rotation": 270 },
																																		"east": { "texture": "#skin", "uv": [ 61.0, 33.0, 61.5, 33.5 ], "rotation": 90 },
																																		"south": { "texture": "#skin", "uv": [ 61.0, 33.5, 61.5, 35.0 ], "rotation": 90 },
																																		"up": { "texture": "#skin", "uv": [ 60.5, 33.5, 61.0, 35.0 ], "rotation": 90 },
																																		"down": { "texture": "#skin", "uv": [ 61.5, 33.5, 62.0, 35.0 ], "rotation": 270, "windMode": [-1,-1,-1,-1], "windData": [1,1,1,1] }
																																	},
																																	"children": [
																																		{
																																			"name": "R Antler06",
																																			"from": [ 1.3, 0.15, 0.05 ],
																																			"to": [ 2.8, 0.65, 0.65 ],
																																			"unwrapMode": 3,
																																			"unwrapRotation": 1,
																																			"uv": [ 60.5, 31.0 ],
																																			"rotationOrigin": [ 1.3, 0.45, 0.4 ],
																																			"rotationX": -15.0,
																																			"rotationY": 5.0,
																																			"rotationZ": -20.0,
																																			"faces": {
																																				"north": { "texture": "#skin", "uv": [ 62.0, 31.5, 62.5, 33.0 ], "rotation": 270 },
																																				"east": { "texture": "#skin", "uv": [ 61.0, 31.0, 61.5, 31.5 ], "rotation": 90 },
																																				"south": { "texture": "#skin", "uv": [ 61.0, 31.5, 61.5, 33.0 ], "rotation": 90 },
																																				"up": { "texture": "#skin", "uv": [ 60.5, 31.5, 61.0, 33.0 ], "rotation": 90 },
																																				"down": { "texture": "#skin", "uv": [ 61.5, 31.5, 62.0, 33.0 ], "rotation": 270, "windMode": [-1,-1,-1,-1], "windData": [1,1,1,1] }
																																			},
																																			"children": [
																																				{
																																					"name": "R Antler07",
																																					"from": [ 1.3, 0.15, 0.05 ],
																																					"to": [ 2.8, 0.55, 0.55 ],
																																					"unwrapMode": 3,
																																					"unwrapRotation": 1,
																																					"uv": [ 60.5, 29.0 ],
																																					"rotationOrigin": [ 1.3, 0.4, 0.35 ],
																																					"rotationX": -15.0,
																																					"rotationY": -5.0,
																																					"rotationZ": -20.0,
																																					"faces": {
																																						"north": { "texture": "#skin", "uv": [ 62.0, 29.5, 62.5, 31.0 ], "rotation": 270 },
																																						"east": { "texture": "#skin", "uv": [ 61.0, 29.0, 61.5, 29.5 ], "rotation": 90 },
																																						"south": { "texture": "#skin", "uv": [ 61.0, 29.5, 61.5, 31.0 ], "rotation": 90 },
																																						"up": { "texture": "#skin", "uv": [ 60.5, 29.5, 61.0, 31.0 ], "rotation": 90 },
																																						"down": { "texture": "#skin", "uv": [ 61.5, 29.5, 62.0, 31.0 ], "rotation": 270, "windMode": [-1,-1,-1,-1], "windData": [1,1,1,1] }
																																					},
																																					"children": [
																																						{
																																							"name": "R Antler08",
																																							"from": [ 1.3, 0.15, 0.05 ],
																																							"to": [ 2.8, 0.45, 0.45 ],
																																							"unwrapMode": 3,
																																							"unwrapRotation": 1,
																																							"uv": [ 60.5, 27.0 ],
																																							"rotationOrigin": [ 1.3, 0.35, 0.3 ],
																																							"rotationX": -15.0,
																																							"rotationY": -5.0,
																																							"rotationZ": -12.0,
																																							"faces": {
																																								"north": { "texture": "#skin", "uv": [ 62.0, 27.5, 62.5, 29.0 ], "rotation": 270 },
																																								"east": { "texture": "#skin", "uv": [ 61.0, 27.0, 61.5, 27.5 ], "rotation": 90 },
																																								"south": { "texture": "#skin", "uv": [ 61.0, 27.5, 61.5, 29.0 ], "rotation": 90 },
																																								"up": { "texture": "#skin", "uv": [ 60.5, 27.5, 61.0, 29.0 ], "rotation": 90 },
																																								"down": { "texture": "#skin", "uv": [ 61.5, 27.5, 62.0, 29.0 ], "rotation": 270, "windMode": [-1,-1,-1,-1], "windData": [1,1,1,1] }
																																							},
																																							"children": [
																																								{
																																									"name": "R Antler09",
																																									"from": [ 1.3, 0.1, 0.05 ],
																																									"to": [ 2.3, 0.3, 0.35 ],
																																									"unwrapMode": 3,
																																									"unwrapRotation": 1,
																																									"uv": [ 60.5, 25.5 ],
																																									"rotationOrigin": [ 1.3, 0.25, 0.25 ],
																																									"rotationX": -15.0,
																																									"rotationY": -5.0,
																																									"rotationZ": -5.0,
																																									"faces": {
																																										"north": { "texture": "#skin", "uv": [ 62.0, 26.0, 62.5, 27.0 ], "rotation": 270 },
																																										"east": { "texture": "#skin", "uv": [ 61.0, 25.5, 61.5, 26.0 ], "rotation": 90 },
																																										"south": { "texture": "#skin", "uv": [ 61.0, 26.0, 61.5, 27.0 ], "rotation": 90 },
																																										"up": { "texture": "#skin", "uv": [ 60.5, 26.0, 61.0, 27.0 ], "rotation": 90 },
																																										"down": { "texture": "#skin", "uv": [ 61.5, 26.0, 62.0, 27.0 ], "rotation": 270, "windMode": [-1,-1,-1,-1], "windData": [1,1,1,1] }
																																									}
																																								}
																																							]
																																						}
																																					]
																																				}
																																			]
																																		}
																																	]
																																}
																															]
																														}
																													]
																												}
																											]
																										}
																									]
																								},
																								{
																									"name": "L Antler01",
																									"from": [ 1.0, -0.2, 0.0 ],
																									"to": [ 2.5, 1.0, 1.2 ],
																									"unwrapMode": 5,
																									"unwrapRotation": 1,
																									"uv": [ 15.5, 62.5 ],
																									"rotationOrigin": [ 1.0, 0.3, 0.6 ],
																									"rotationY": -10.0,
																									"rotationZ": 8.0,
																									"faces": {
																										"north": { "texture": "#skin", "uv": [ 15.5, 63.5, 16.5, 65.0 ], "rotation": 270 },
																										"east": { "texture": "#skin", "uv": [ 16.5, 62.5, 17.5, 63.5 ], "rotation": 180 },
																										"south": { "texture": "#skin", "uv": [ 17.5, 63.5, 18.5, 65.0 ], "rotation": 90 },
																										"up": { "texture": "#skin", "uv": [ 16.5, 63.5, 17.5, 65.0 ], "rotation": 90 },
																										"down": { "texture": "#skin", "uv": [ 18.5, 63.5, 19.5, 65.0 ], "rotation": 270, "windMode": [-1,-1,-1,-1], "windData": [1,1,1,1] }
																									},
																									"children": [
																										{
																											"name": "L Antler02",
																											"from": [ 1.4, 0.1, 0.1 ],
																											"to": [ 3.4, 1.1, 1.1 ],
																											"unwrapMode": 5,
																											"unwrapRotation": 1,
																											"uv": [ 56.5, 37.0 ],
																											"rotationOrigin": [ 1.4, 0.6, 0.6 ],
																											"rotationX": 15.0,
																											"rotationY": -10.0,
																											"rotationZ": 8.0,
																											"faces": {
																												"north": { "texture": "#skin", "uv": [ 56.5, 38.0, 57.5, 40.0 ], "rotation": 270 },
																												"east": { "texture": "#skin", "uv": [ 57.5, 37.0, 58.5, 38.0 ], "rotation": 180 },
																												"south": { "texture": "#skin", "uv": [ 58.5, 38.0, 59.5, 40.0 ], "rotation": 90 },
																												"up": { "texture": "#skin", "uv": [ 57.5, 38.0, 58.5, 40.0 ], "rotation": 90 },
																												"down": { "texture": "#skin", "uv": [ 59.5, 38.0, 60.5, 40.0 ], "rotation": 270, "windMode": [-1,-1,-1,-1], "windData": [1,1,1,1] }
																											},
																											"children": [
																												{
																													"name": "L Antler03",
																													"from": [ 1.8, 0.05, 0.05 ],
																													"to": [ 3.3, 0.95, 0.95 ],
																													"unwrapMode": 5,
																													"unwrapRotation": 1,
																													"uv": [ 56.5, 35.5 ],
																													"rotationOrigin": [ 1.8, 0.55, 0.55 ],
																													"rotationX": 15.0,
																													"rotationZ": -2.0,
																													"faces": {
																														"north": { "texture": "#skin", "uv": [ 56.5, 36.0, 57.0, 37.5 ], "rotation": 270 },
																														"east": { "texture": "#skin", "uv": [ 57.0, 35.5, 57.5, 36.0 ], "rotation": 180 },
																														"south": { "texture": "#skin", "uv": [ 57.5, 36.0, 58.0, 37.5 ], "rotation": 90 },
																														"up": { "texture": "#skin", "uv": [ 57.0, 36.0, 57.5, 37.5 ], "rotation": 90 },
																														"down": { "texture": "#skin", "uv": [ 58.0, 36.0, 58.5, 37.5 ], "rotation": 270, "windMode": [-1,-1,-1,-1], "windData": [1,1,1,1] }
																													},
																													"children": [
																														{
																															"name": "L Antler04",
																															"from": [ 1.3, 0.05, 0.05 ],
																															"to": [ 2.8, 0.85, 0.85 ],
																															"unwrapMode": 5,
																															"unwrapRotation": 1,
																															"uv": [ 56.5, 34.0 ],
																															"rotationOrigin": [ 1.3, 0.5, 0.5 ],
																															"rotationX": 15.0,
																															"rotationY": -10.0,
																															"rotationZ": 8.0,
																															"faces": {
																																"north": { "texture": "#skin", "uv": [ 56.5, 34.5, 57.0, 36.0 ], "rotation": 270 },
																																"east": { "texture": "#skin", "uv": [ 57.0, 34.0, 57.5, 34.5 ], "rotation": 180 },
																																"south": { "texture": "#skin", "uv": [ 57.5, 34.5, 58.0, 36.0 ], "rotation": 90 },
																																"up": { "texture": "#skin", "uv": [ 57.0, 34.5, 57.5, 36.0 ], "rotation": 90 },
																																"down": { "texture": "#skin", "uv": [ 58.0, 34.5, 58.5, 36.0 ], "rotation": 270, "windMode": [-1,-1,-1,-1], "windData": [1,1,1,1] }
																															},
																															"children": [
																																{
																																	"name": "L Antler05",
																																	"from": [ 1.3, 0.05, 0.05 ],
																																	"to": [ 2.8, 0.75, 0.75 ],
																																	"unwrapMode": 5,
																																	"unwrapRotation": 1,
																																	"uv": [ 56.5, 33.0 ],
																																	"rotationOrigin": [ 1.3, 0.45, 0.45 ],
																																	"rotationX": 15.0,
																																	"rotationY": -15.0,
																																	"rotationZ": -20.0,
																																	"faces": {
																																		"north": { "texture": "#skin", "uv": [ 56.5, 33.5, 57.0, 35.0 ], "rotation": 270 },
																																		"east": { "texture": "#skin", "uv": [ 57.0, 33.0, 57.5, 33.5 ], "rotation": 180 },
																																		"south": { "texture": "#skin", "uv": [ 57.5, 33.5, 58.0, 35.0 ], "rotation": 90 },
																																		"up": { "texture": "#skin", "uv": [ 57.0, 33.5, 57.5, 35.0 ], "rotation": 90 },
																																		"down": { "texture": "#skin", "uv": [ 58.0, 33.5, 58.5, 35.0 ], "rotation": 270, "windMode": [-1,-1,-1,-1], "windData": [1,1,1,1] }
																																	},
																																	"children": [
																																		{
																																			"name": "L Antler06",
																																			"from": [ 1.3, 0.15, 0.05 ],
																																			"to": [ 2.8, 0.65, 0.65 ],
																																			"unwrapMode": 5,
																																			"unwrapRotation": 1,
																																			"uv": [ 56.5, 31.0 ],
																																			"rotationOrigin": [ 1.3, 0.45, 0.4 ],
																																			"rotationX": 15.0,
																																			"rotationY": -5.0,
																																			"rotationZ": -20.0,
																																			"faces": {
																																				"north": { "texture": "#skin", "uv": [ 56.5, 31.5, 57.0, 33.0 ], "rotation": 270 },
																																				"east": { "texture": "#skin", "uv": [ 57.0, 31.0, 57.5, 31.5 ], "rotation": 180 },
																																				"south": { "texture": "#skin", "uv": [ 57.5, 31.5, 58.0, 33.0 ], "rotation": 90 },
																																				"up": { "texture": "#skin", "uv": [ 57.0, 31.5, 57.5, 33.0 ], "rotation": 90 },
																																				"down": { "texture": "#skin", "uv": [ 58.0, 31.5, 58.5, 33.0 ], "rotation": 270, "windMode": [-1,-1,-1,-1], "windData": [1,1,1,1] }
																																			},
																																			"children": [
																																				{
																																					"name": "L Antler07",
																																					"from": [ 1.3, 0.15, 0.05 ],
																																					"to": [ 2.8, 0.55, 0.55 ],
																																					"unwrapMode": 5,
																																					"unwrapRotation": 1,
																																					"uv": [ 56.5, 29.0 ],
																																					"rotationOrigin": [ 1.3, 0.4, 0.35 ],
																																					"rotationX": 15.0,
																																					"rotationY": 5.0,
																																					"rotationZ": -20.0,
																																					"faces": {
																																						"north": { "texture": "#skin", "uv": [ 56.5, 29.5, 57.0, 31.0 ], "rotation": 270 },
																																						"east": { "texture": "#skin", "uv": [ 57.0, 29.0, 57.5, 29.5 ], "rotation": 180 },
																																						"south": { "texture": "#skin", "uv": [ 57.5, 29.5, 58.0, 31.0 ], "rotation": 90 },
																																						"up": { "texture": "#skin", "uv": [ 57.0, 29.5, 57.5, 31.0 ], "rotation": 90 },
																																						"down": { "texture": "#skin", "uv": [ 58.0, 29.5, 58.5, 31.0 ], "rotation": 270, "windMode": [-1,-1,-1,-1], "windData": [1,1,1,1] }
																																					},
																																					"children": [
																																						{
																																							"name": "L Antler08",
																																							"from": [ 1.3, 0.15, 0.05 ],
																																							"to": [ 2.8, 0.45, 0.45 ],
																																							"unwrapMode": 5,
																																							"unwrapRotation": 1,
																																							"uv": [ 56.5, 27.0 ],
																																							"rotationOrigin": [ 1.3, 0.35, 0.3 ],
																																							"rotationX": 15.0,
																																							"rotationY": 5.0,
																																							"rotationZ": -12.0,
																																							"faces": {
																																								"north": { "texture": "#skin", "uv": [ 56.5, 27.5, 57.0, 29.0 ], "rotation": 270 },
																																								"east": { "texture": "#skin", "uv": [ 57.0, 27.0, 57.5, 27.5 ], "rotation": 180 },
																																								"south": { "texture": "#skin", "uv": [ 57.5, 27.5, 58.0, 29.0 ], "rotation": 90 },
																																								"up": { "texture": "#skin", "uv": [ 57.0, 27.5, 57.5, 29.0 ], "rotation": 90 },
																																								"down": { "texture": "#skin", "uv": [ 58.0, 27.5, 58.5, 29.0 ], "rotation": 270, "windMode": [-1,-1,-1,-1], "windData": [1,1,1,1] }
																																							},
																																							"children": [
																																								{
																																									"name": "L Antler09",
																																									"from": [ 1.3, 0.1, 0.05 ],
																																									"to": [ 2.3, 0.3, 0.35 ],
																																									"unwrapMode": 5,
																																									"unwrapRotation": 1,
																																									"uv": [ 56.5, 25.5 ],
																																									"rotationOrigin": [ 1.3, 0.25, 0.25 ],
																																									"rotationX": 15.0,
																																									"rotationY": 5.0,
																																									"rotationZ": -5.0,
																																									"faces": {
																																										"north": { "texture": "#skin", "uv": [ 56.5, 26.0, 57.0, 27.0 ], "rotation": 270 },
																																										"east": { "texture": "#skin", "uv": [ 57.0, 25.5, 57.5, 26.0 ], "rotation": 180 },
																																										"south": { "texture": "#skin", "uv": [ 57.5, 26.0, 58.0, 27.0 ], "rotation": 90 },
																																										"up": { "texture": "#skin", "uv": [ 57.0, 26.0, 57.5, 27.0 ], "rotation": 90 },
																																										"down": { "texture": "#skin", "uv": [ 58.0, 26.0, 58.5, 27.0 ], "rotation": 270, "windMode": [-1,-1,-1,-1], "windData": [1,1,1,1] }
																																									}
																																								}
																																							]
																																						}
																																					]
																																				}
																																			]
																																		}
																																	]
																																}
																															]
																														}
																													]
																												}
																											]
																										}
																									]
																								}
																							]
																						}
																					]
																				}
																			]
																		}
																	]
																},
																{
																	"name": "L Ear",
																	"from": [ 1.8, 3.9, 2.9 ],
																	"to": [ 2.2, 5.8, 4.5 ],
																	"unwrapMode": 4,
																	"uv": [ 6.5, 71.5 ],
																	"rotationOrigin": [ 2.0, 3.9, 3.6 ],
																	"rotationX": 55.0,
																	"rotationY": 45.0,
																	"faces": {
																		"north": { "texture": "#skin", "uv": [ 6.5, 72.0, 7.0, 73.5 ], "windMode": [-1,-1,-1,-1], "windData": [1,1,1,1] },
																		"east": { "texture": "#skin", "uv": [ 9.0, 72.0, 10.5, 73.5 ] },
																		"south": { "texture": "#skin", "uv": [ 8.5, 72.0, 9.0, 73.5 ], "windMode": [-1,-1,-1,-1], "windData": [1,1,1,1] },
																		"west": { "texture": "#skin", "uv": [ 7.0, 72.0, 8.5, 73.5 ] },
																		"up": { "texture": "#skin", "uv": [ 7.0, 71.5, 8.5, 72.0 ], "rotation": 90 },
																		"down": { "texture": "#skin", "uv": [ 7.0, 73.5, 8.5, 74.0 ], "rotation": 90 }
																	},
																	"children": [
																		{
																			"name": "L Ear2",
																			"from": [ 0.0, 1.9, 0.0 ],
																			"to": [ 0.4, 3.5, 0.7 ],
																			"unwrapMode": 4,
																			"uv": [ 5.5, 69.0 ],
																			"rotationOrigin": [ 0.2, 1.9, 0.0 ],
																			"rotationX": 16.0,
																			"rotationY": 1.0,
																			"faces": {
																				"north": { "texture": "#skin", "uv": [ 5.5, 69.5, 6.0, 71.0 ] },
																				"east": { "texture": "#skin", "uv": [ 7.0, 69.5, 7.5, 71.0 ] },
																				"south": { "texture": "#skin", "uv": [ 6.5, 69.5, 7.0, 71.0 ] },
																				"west": { "texture": "#skin", "uv": [ 6.0, 69.5, 6.5, 71.0 ] },
																				"up": { "texture": "#skin", "uv": [ 6.0, 69.0, 6.5, 69.5 ], "rotation": 90 },
																				"down": { "texture": "#skin", "uv": [ 6.0, 71.0, 6.5, 71.5 ], "rotation": 90 }
																			}
																		},
																		{
																			"name": "L Ear3",
																			"from": [ 0.0, 1.9, 0.7 ],
																			"to": [ 0.4, 3.3, 1.6 ],
																			"unwrapMode": 4,
																			"uv": [ 8.0, 69.0 ],
																			"rotationOrigin": [ 0.2, 1.9, 1.6 ],
																			"rotationX": -19.0,
																			"rotationY": -1.0,
																			"faces": {
																				"north": { "texture": "#skin", "uv": [ 8.0, 69.5, 8.5, 70.5 ] },
																				"east": { "texture": "#skin", "uv": [ 9.5, 69.5, 10.0, 70.5 ] },
																				"south": { "texture": "#skin", "uv": [ 9.0, 69.5, 9.5, 70.5 ] },
																				"west": { "texture": "#skin", "uv": [ 8.5, 69.5, 9.0, 70.5 ] },
																				"up": { "texture": "#skin", "uv": [ 8.5, 69.0, 9.0, 69.5 ], "rotation": 90 },
																				"down": { "texture": "#skin", "uv": [ 8.5, 70.5, 9.0, 71.0 ], "rotation": 90 }
																			}
																		}
																	]
																},
																{
																	"name": "R Eye",
																	"from": [ 0.01, 2.9, -0.01 ],
																	"to": [ 0.61, 3.2, 0.29 ],
																	"unwrapMode": 5,
																	"uv": [ 29.0, 6.0 ],
																	"rotationOrigin": [ 0.01, 3.3, -0.11 ],
																	"faces": {
																		"north": { "texture": "#skin", "uv": [ 29.5, 6.0, 30.0, 6.5 ], "rotation": 180 },
																		"east": { "texture": "#skin", "uv": [ 30.0, 6.5, 30.5, 7.0 ], "rotation": 90 },
																		"west": { "texture": "#skin", "uv": [ 29.0, 6.5, 29.5, 7.0 ], "rotation": 270 },
																		"up": { "texture": "#skin", "uv": [ 29.5, 6.5, 30.0, 7.0 ] },
																		"down": { "texture": "#skin", "uv": [ 30.5, 6.5, 31.0, 7.0 ] }
																	},
																	"children": [
																		{
																			"name": "R Eye2",
																			"from": [ 0.0, 0.3, 0.0 ],
																			"to": [ 0.6, 0.7, 0.3 ],
																			"unwrapMode": 5,
																			"uv": [ 29.0, 4.0 ],
																			"rotationOrigin": [ 0.0, 0.7, -0.1 ],
																			"faces": {
																				"north": { "texture": "#skin", "uv": [ 29.5, 4.0, 30.0, 4.5 ], "rotation": 180 },
																				"east": { "texture": "#skin", "uv": [ 30.0, 4.5, 30.5, 5.0 ], "rotation": 90 },
																				"west": { "texture": "#skin", "uv": [ 29.0, 4.5, 29.5, 5.0 ], "rotation": 270 },
																				"up": { "texture": "#skin", "uv": [ 29.5, 4.5, 30.0, 5.0 ] },
																				"down": { "texture": "#skin", "uv": [ 30.5, 4.5, 31.0, 5.0 ] }
																			},
																			"children": [
																				{
																					"name": "R Pupil",
																					"from": [ 0.0, -0.1, -0.01 ],
																					"to": [ 0.4, 0.2, 0.19 ],
																					"unwrapMode": 5,
																					"uv": [ 29.0, 7.5 ],
																					"rotationOrigin": [ 0.0, -0.1, -0.01 ],
																					"faces": {
																						"north": { "texture": "#skin", "uv": [ 29.5, 7.5, 30.0, 8.0 ], "rotation": 180, "windMode": [-1,-1,-1,-1], "windData": [1,1,1,1] },
																						"east": { "texture": "#skin", "uv": [ 30.0, 8.0, 30.5, 8.5 ], "rotation": 90 },
																						"west": { "texture": "#skin", "uv": [ 29.0, 8.0, 29.5, 8.5 ], "rotation": 270 },
																						"up": { "texture": "#skin", "uv": [ 29.5, 8.0, 30.0, 8.5 ] },
																						"down": { "texture": "#skin", "uv": [ 30.5, 8.0, 31.0, 8.5 ] }
																					}
																				}
																			]
																		}
																	]
																},
																{
																	"name": "R Ear",
																	"from": [ 1.8, 3.9, -0.4 ],
																	"to": [ 2.2, 5.8, 1.2 ],
																	"unwrapMode": 4,
																	"uv": [ 1.0, 71.5 ],
																	"rotationOrigin": [ 2.0, 3.9, 0.5 ],
																	"rotationX": -55.0,
																	"rotationY": -45.0,
																	"faces": {
																		"north": { "texture": "#skin", "uv": [ 1.0, 72.0, 1.5, 73.5 ] },
																		"east": { "texture": "#skin", "uv": [ 3.5, 72.0, 5.0, 73.5 ] },
																		"south": { "texture": "#skin", "uv": [ 3.0, 72.0, 3.5, 73.5 ], "windMode": [-1,-1,-1,-1], "windData": [1,1,1,1] },
																		"west": { "texture": "#skin", "uv": [ 1.5, 72.0, 3.0, 73.5 ] },
																		"up": { "texture": "#skin", "uv": [ 1.5, 71.5, 3.0, 72.0 ], "rotation": 90 },
																		"down": { "texture": "#skin", "uv": [ 1.5, 73.5, 3.0, 74.0 ], "rotation": 90 }
																	},
																	"children": [
																		{
																			"name": "R Ear2",
																			"from": [ 0.0, 1.9, 0.0 ],
																			"to": [ 0.4, 3.3, 0.9 ],
																			"unwrapMode": 4,
																			"uv": [ 0.5, 69.0 ],
																			"rotationOrigin": [ 0.2, 1.9, 0.0 ],
																			"rotationX": 19.0,
																			"rotationY": 1.0,
																			"faces": {
																				"north": { "texture": "#skin", "uv": [ 0.5, 69.5, 1.0, 70.5 ] },
																				"east": { "texture": "#skin", "uv": [ 2.0, 69.5, 2.5, 70.5 ] },
																				"south": { "texture": "#skin", "uv": [ 1.5, 69.5, 2.0, 70.5 ] },
																				"west": { "texture": "#skin", "uv": [ 1.0, 69.5, 1.5, 70.5 ] },
																				"up": { "texture": "#skin", "uv": [ 1.0, 69.0, 1.5, 69.5 ], "rotation": 90 },
																				"down": { "texture": "#skin", "uv": [ 1.0, 70.5, 1.5, 71.0 ], "rotation": 90 }
																			}
																		},
																		{
																			"name": "R Ear3",
																			"from": [ 0.0, 1.9, 0.9 ],
																			"to": [ 0.4, 3.5, 1.6 ],
																			"unwrapMode": 4,
																			"uv": [ 3.0, 69.0 ],
																			"rotationOrigin": [ 0.2, 1.9, 1.6 ],
																			"rotationX": -16.0,
																			"rotationY": -1.0,
																			"faces": {
																				"north": { "texture": "#skin", "uv": [ 3.0, 69.5, 3.5, 71.0 ] },
																				"east": { "texture": "#skin", "uv": [ 4.5, 69.5, 5.0, 71.0 ] },
																				"south": { "texture": "#skin", "uv": [ 4.0, 69.5, 4.5, 71.0 ] },
																				"west": { "texture": "#skin", "uv": [ 3.5, 69.5, 4.0, 71.0 ] },
																				"up": { "texture": "#skin", "uv": [ 3.5, 69.0, 4.0, 69.5 ], "rotation": 90 },
																				"down": { "texture": "#skin", "uv": [ 3.5, 71.0, 4.0, 71.5 ], "rotation": 90 }
																			}
																		}
																	]
																},
																{
																	"name": "L Eye",
																	"from": [ 0.01, 2.8, 3.61 ],
																	"to": [ 0.61, 3.1, 3.91 ],
																	"unwrapMode": 5,
																	"uv": [ 26.5, 6.0 ],
																	"rotationOrigin": [ 0.01, 3.2, 3.51 ],
																	"faces": {
																		"east": { "texture": "#skin", "uv": [ 27.5, 6.0, 28.0, 6.5 ], "rotation": 90 },
																		"south": { "texture": "#skin", "uv": [ 27.0, 6.5, 27.5, 7.0 ] },
																		"west": { "texture": "#skin", "uv": [ 26.5, 6.0, 27.0, 6.5 ], "rotation": 270 },
																		"up": { "texture": "#skin", "uv": [ 27.0, 6.0, 27.5, 6.5 ] },
																		"down": { "texture": "#skin", "uv": [ 28.0, 6.0, 28.5, 6.5 ] }
																	},
																	"children": [
																		{
																			"name": "L Eye2",
																			"from": [ 0.0, 0.3, 0.0 ],
																			"to": [ 0.6, 0.7, 0.3 ],
																			"unwrapMode": 5,
																			"uv": [ 26.5, 4.0 ],
																			"rotationOrigin": [ 0.0, 0.7, -0.1 ],
																			"faces": {
																				"east": { "texture": "#skin", "uv": [ 27.5, 4.5, 28.0, 5.0 ], "rotation": 90 },
																				"south": { "texture": "#skin", "uv": [ 27.0, 5.0, 27.5, 5.5 ] },
																				"west": { "texture": "#skin", "uv": [ 26.5, 4.5, 27.0, 5.0 ], "rotation": 270 },
																				"up": { "texture": "#skin", "uv": [ 27.0, 4.5, 27.5, 5.0 ] },
																				"down": { "texture": "#skin", "uv": [ 28.0, 4.5, 28.5, 5.0 ] }
																			},
																			"children": [
																				{
																					"name": "L Pupil",
																					"from": [ 0.0, -0.1, 0.11 ],
																					"to": [ 0.4, 0.2, 0.31 ],
																					"unwrapMode": 5,
																					"uv": [ 26.5, 7.5 ],
																					"rotationOrigin": [ 0.0, -0.1, 0.11 ],
																					"faces": {
																						"east": { "texture": "#skin", "uv": [ 27.5, 7.5, 28.0, 8.0 ], "rotation": 90 },
																						"south": { "texture": "#skin", "uv": [ 27.0, 8.0, 27.5, 8.5 ] },
																						"west": { "texture": "#skin", "uv": [ 26.5, 7.5, 27.0, 8.0 ], "rotation": 270 },
																						"up": { "texture": "#skin", "uv": [ 27.0, 7.5, 27.5, 8.0 ] },
																						"down": { "texture": "#skin", "uv": [ 28.0, 7.5, 28.5, 8.0 ] }
																					}
																				}
																			]
																		}
																	]
																},
																{
																	"name": "Jaw",
																	"from": [ -1.2, -0.2, 0.95 ],
																	"to": [ 1.4, 1.3, 3.15 ],
																	"unwrapMode": 5,
																	"unwrapRotation": 1,
																	"uv": [ 2.0, 54.5 ],
																	"rotationOrigin": [ 1.1, 0.6, 1.75 ],
																	"rotationZ": 17.0,
																	"faces": {
																		"north": { "texture": "#skin", "uv": [ 2.0, 54.5, 3.5, 57.0 ], "rotation": 270 },
																		"south": { "texture": "#skin", "uv": [ 5.5, 54.5, 7.0, 57.0 ], "rotation": 90 },
																		"west": { "texture": "#skin", "uv": [ 3.5, 57.0, 5.5, 58.5 ] },
																		"up": { "texture": "#skin", "uv": [ 3.5, 54.5, 5.5, 57.0 ], "rotation": 90 },
																		"down": { "texture": "#skin", "uv": [ 7.0, 54.5, 9.0, 57.0 ], "rotation": 270 }
																	},
																	"children": [
																		{
																			"name": "Jaw2",
																			"from": [ -1.3, 0.0, 0.05 ],
																			"to": [ 0.0, 0.7, 2.15 ],
																			"unwrapMode": 5,
																			"unwrapRotation": 1,
																			"uv": [ 3.0, 59.0 ],
																			"rotationOrigin": [ 0.0, 0.7, 1.1 ],
																			"rotationZ": 26.0,
																			"faces": {
																				"north": { "texture": "#skin", "uv": [ 3.0, 59.0, 3.5, 60.0 ], "rotation": 270 },
																				"south": { "texture": "#skin", "uv": [ 5.5, 59.0, 6.0, 60.0 ], "rotation": 90 },
																				"west": { "texture": "#skin", "uv": [ 3.5, 60.0, 5.5, 60.5 ] },
																				"up": { "texture": "#skin", "uv": [ 3.5, 59.0, 5.5, 60.0 ], "rotation": 90 },
																				"down": { "texture": "#skin", "uv": [ 6.0, 59.0, 8.0, 60.0 ], "rotation": 270 }
																			}
																		}
																	]
																}
															]
														}
													],
													"attachmentpoints": [
														{
															"code": "rope",
															"posX": "0.0","posY": "2.0","posZ": "1.75",
															"rotationX": "0.0","rotationY": "0.0","rotationZ": "0.0"
														}
													]
												}
											]
										},
										{
											"name": "L Shoulder",
											"from": [ 0.475, 2.475, 6.0 ],
											"to": [ 4.375, 10.375, 7.8 ],
											"unwrapMode": 3,
											"uv": [ 34.5, 0.5 ],
											"rotationOrigin": [ 0.5, 6.9, 6.5 ],
											"rotationX": 4.0,
											"rotationZ": -13.0,
											"faces": {
												"north": { "texture": "#skin", "uv": [ 41.0, 2.0, 44.5, 9.5 ] },
												"east": { "texture": "#skin", "uv": [ 39.5, 2.0, 41.0, 9.5 ] },
												"south": { "texture": "#skin", "uv": [ 36.0, 2.0, 39.5, 9.5 ] },
												"west": { "texture": "#skin", "uv": [ 34.5, 2.0, 36.0, 9.5 ] },
												"up": { "texture": "#skin", "uv": [ 36.0, 0.5, 39.5, 2.0 ] },
												"down": { "texture": "#skin", "uv": [ 36.0, 9.5, 39.5, 11.0 ], "rotation": 180 }
											},
											"children": [
												{
													"name": "L ArmUp",
													"from": [ 0.2, -0.1, -0.01 ],
													"to": [ 5.5, 2.8, 1.79 ],
													"unwrapMode": 3,
													"uv": [ 34.5, 11.5 ],
													"rotationOrigin": [ 0.7, 0.6, 0.09 ],
													"rotationY": -0.1,
													"rotationZ": -29.0,
													"faces": {
														"north": { "texture": "#skin", "uv": [ 42.5, 13.0, 47.5, 15.5 ] },
														"east": { "texture": "#skin", "uv": [ 41.0, 13.0, 42.5, 15.5 ] },
														"south": { "texture": "#skin", "uv": [ 36.0, 13.0, 41.0, 15.5 ] },
														"west": { "texture": "#skin", "uv": [ 34.5, 13.0, 36.0, 15.5 ] },
														"up": { "texture": "#skin", "uv": [ 36.0, 11.5, 41.0, 13.0 ], "windMode": [-1,-1,-1,-1] },
														"down": { "texture": "#skin", "uv": [ 36.0, 15.5, 41.0, 17.0 ], "rotation": 180 }
													},
													"children": [
														{
															"name": "L ArmMid",
															"from": [ 3.2, -4.1, 0.3 ],
															"to": [ 5.4, 2.5, 1.6 ],
															"unwrapMode": 3,
															"uv": [ 35.0, 17.5 ],
															"rotationOrigin": [ 4.6, 1.9, 0.9 ],
															"rotationX": 2.0,
															"rotationY": 2.0,
															"rotationZ": -8.0,
															"faces": {
																"north": { "texture": "#skin", "uv": [ 39.0, 18.5, 41.0, 25.0 ] },
																"east": { "texture": "#skin", "uv": [ 38.0, 18.5, 39.0, 25.0 ] },
																"south": { "texture": "#skin", "uv": [ 36.0, 18.5, 38.0, 25.0 ] },
																"west": { "texture": "#skin", "uv": [ 35.0, 18.5, 36.0, 25.0 ] },
																"up": { "texture": "#skin", "uv": [ 36.0, 17.5, 38.0, 18.5 ] },
																"down": { "texture": "#skin", "uv": [ 36.0, 25.0, 38.0, 26.0 ], "rotation": 180 }
															},
															"children": [
																{
																	"name": "L ArmLow",
																	"from": [ 0.3, -5.4, 0.1 ],
																	"to": [ 1.8, 0.6, 1.2 ],
																	"unwrapMode": 3,
																	"uv": [ 35.0, 26.5 ],
																	"rotationOrigin": [ 1.0, 0.3, 0.7 ],
																	"rotationX": -2.0,
																	"rotationZ": 25.0,
																	"faces": {
																		"north": { "texture": "#skin", "uv": [ 38.5, 27.5, 40.0, 33.5 ] },
																		"east": { "texture": "#skin", "uv": [ 37.5, 27.5, 38.5, 33.5 ] },
																		"south": { "texture": "#skin", "uv": [ 36.0, 27.5, 37.5, 33.5 ] },
																		"west": { "texture": "#skin", "uv": [ 35.0, 27.5, 36.0, 33.5 ] },
																		"up": { "texture": "#skin", "uv": [ 36.0, 26.5, 37.5, 27.5 ] },
																		"down": { "texture": "#skin", "uv": [ 36.0, 33.5, 37.5, 34.5 ], "rotation": 180 }
																	},
																	"children": [
																		{
																			"name": "L Front Pastern",
																			"from": [ 0.2, -1.4, 0.1 ],
																			"to": [ 1.3, 0.8, 1.1 ],
																			"unwrapMode": 3,
																			"uv": [ 35.5, 35.0 ],
																			"rotationOrigin": [ 0.7, 0.7, 0.5 ],
																			"rotationX": -1.0,
																			"rotationZ": 1.0,
																			"faces": {
																				"north": { "texture": "#skin", "uv": [ 38.5, 35.0, 39.5, 37.0 ] },
																				"east": { "texture": "#skin", "uv": [ 37.5, 35.0, 38.5, 37.0 ] },
																				"south": { "texture": "#skin", "uv": [ 36.5, 35.0, 37.5, 37.0 ] },
																				"west": { "texture": "#skin", "uv": [ 35.5, 35.0, 36.5, 37.0 ] },
																				"down": { "texture": "#skin", "uv": [ 36.5, 37.0, 37.5, 38.0 ], "rotation": 180 }
																			},
																			"children": [
																				{
																					"name": "L Front Hoof",
																					"from": [ 0.4, 0.8, 0.6 ],
																					"to": [ 0.4, 0.8, 0.6 ],
																					"uv": [ 0.0, 0.0 ],
																					"rotationOrigin": [ 0.4, 0.8, 0.6 ],
																					"rotationZ": 40.0,
																					"faces": {
																					},
																					"children": [
																						{
																							"name": "L Front Hoof2",
																							"from": [ -0.9, -1.0, -0.6 ],
																							"to": [ 0.4, -0.5, 0.3 ],
																							"unwrapMode": 5,
																							"uv": [ 40.0, 61.0 ],
																							"rotationOrigin": [ 0.2, -0.5, 0.3 ],
																							"faces": {
																								"north": { "texture": "#skin", "uv": [ 40.5, 61.0, 41.5, 61.5 ], "rotation": 180 },
																								"east": { "texture": "#skin", "uv": [ 41.5, 61.5, 42.0, 62.0 ], "rotation": 90 },
																								"south": { "texture": "#skin", "uv": [ 40.5, 62.0, 41.5, 62.5 ] },
																								"west": { "texture": "#skin", "uv": [ 40.0, 61.5, 40.5, 62.0 ], "rotation": 270 },
																								"up": { "texture": "#skin", "uv": [ 40.5, 61.5, 41.5, 62.0 ] },
																								"down": { "texture": "#skin", "uv": [ 42.0, 61.5, 43.0, 62.0 ] }
																							}
																						},
																						{
																							"name": "L Front Hoof1",
																							"from": [ -0.9, -1.0, -0.6 ],
																							"to": [ 0.5, -0.6, 0.3 ],
																							"unwrapMode": 5,
																							"uv": [ 41.5, 62.5 ],
																							"rotationOrigin": [ -0.9, -1.0, -0.6 ],
																							"rotationZ": 49.0,
																							"faces": {
																								"north": { "texture": "#skin", "uv": [ 42.0, 62.5, 43.0, 63.0 ], "rotation": 180 },
																								"east": { "texture": "#skin", "uv": [ 43.0, 63.0, 43.5, 63.5 ], "rotation": 90 },
																								"south": { "texture": "#skin", "uv": [ 42.0, 63.5, 43.0, 64.0 ] },
																								"west": { "texture": "#skin", "uv": [ 41.5, 63.0, 42.0, 63.5 ], "rotation": 270 },
																								"up": { "texture": "#skin", "uv": [ 42.0, 63.0, 43.0, 63.5 ] },
																								"down": { "texture": "#skin", "uv": [ 43.5, 63.0, 44.5, 63.5 ] }
																							}
																						}
																					]
																				}
																			]
																		}
																	]
																}
															]
														}
													]
												}
											]
										},
										{
											"name": "R Shoulder",
											"from": [ 0.475, 1.4, -0.6 ],
											"to": [ 4.375, 9.3, 1.2 ],
											"unwrapMode": 1,
											"uv": [ 48.5, 0.5 ],
											"rotationOrigin": [ 0.5, 6.9, 0.5 ],
											"rotationX": -1.0,
											"rotationZ": 4.0,
											"faces": {
												"north": { "texture": "#skin", "uv": [ 50.0, 2.0, 53.5, 9.5 ] },
												"east": { "texture": "#skin", "uv": [ 48.5, 2.0, 50.0, 9.5 ] },
												"south": { "texture": "#skin", "uv": [ 55.0, 2.0, 58.5, 9.5 ] },
												"west": { "texture": "#skin", "uv": [ 53.5, 2.0, 55.0, 9.5 ] },
												"up": { "texture": "#skin", "uv": [ 50.0, 0.5, 53.5, 2.0 ], "rotation": 180 },
												"down": { "texture": "#skin", "uv": [ 50.0, 9.5, 53.5, 11.0 ] }
											},
											"children": [
												{
													"name": "R ArmUp",
													"from": [ 0.2, -0.1, 0.01 ],
													"to": [ 5.5, 2.8, 1.71 ],
													"unwrapMode": 1,
													"uv": [ 48.5, 11.5 ],
													"rotationOrigin": [ 0.7, 0.6, 0.99 ],
													"rotationY": 0.1,
													"rotationZ": -1.0,
													"faces": {
														"north": { "texture": "#skin", "uv": [ 50.0, 13.0, 55.0, 15.5 ] },
														"east": { "texture": "#skin", "uv": [ 48.5, 13.0, 50.0, 15.5 ] },
														"south": { "texture": "#skin", "uv": [ 56.5, 13.0, 61.5, 15.5 ] },
														"west": { "texture": "#skin", "uv": [ 55.0, 13.0, 56.5, 15.5 ] },
														"up": { "texture": "#skin", "uv": [ 50.0, 11.5, 55.0, 13.0 ], "rotation": 180 },
														"down": { "texture": "#skin", "uv": [ 50.0, 15.5, 55.0, 17.0 ] }
													},
													"children": [
														{
															"name": "R ArmMid",
															"from": [ 3.2, -4.1, 0.1 ],
															"to": [ 5.4, 2.5, 1.4 ],
															"unwrapMode": 1,
															"uv": [ 49.0, 17.5 ],
															"rotationOrigin": [ 4.6, 1.9, 0.8 ],
															"rotationX": -2.0,
															"rotationY": -2.0,
															"rotationZ": 6.0,
															"faces": {
																"north": { "texture": "#skin", "uv": [ 50.0, 18.5, 52.0, 25.0 ] },
																"east": { "texture": "#skin", "uv": [ 49.0, 18.5, 50.0, 25.0 ] },
																"south": { "texture": "#skin", "uv": [ 53.0, 18.5, 55.0, 25.0 ] },
																"west": { "texture": "#skin", "uv": [ 52.0, 18.5, 53.0, 25.0 ] },
																"up": { "texture": "#skin", "uv": [ 50.0, 17.5, 52.0, 18.5 ], "rotation": 180 },
																"down": { "texture": "#skin", "uv": [ 50.0, 25.0, 52.0, 26.0 ] }
															},
															"children": [
																{
																	"name": "R ArmLow",
																	"from": [ 0.3, -5.4, 0.1 ],
																	"to": [ 1.8, 0.6, 1.2 ],
																	"unwrapMode": 1,
																	"uv": [ 49.0, 26.5 ],
																	"rotationOrigin": [ 1.0, 0.3, 0.7 ],
																	"rotationX": 2.0,
																	"faces": {
																		"north": { "texture": "#skin", "uv": [ 50.0, 27.5, 51.5, 33.5 ] },
																		"east": { "texture": "#skin", "uv": [ 49.0, 27.5, 50.0, 33.5 ] },
																		"south": { "texture": "#skin", "uv": [ 52.5, 27.5, 54.0, 33.5 ] },
																		"west": { "texture": "#skin", "uv": [ 51.5, 27.5, 52.5, 33.5 ] },
																		"up": { "texture": "#skin", "uv": [ 50.0, 26.5, 51.5, 27.5 ], "rotation": 180 },
																		"down": { "texture": "#skin", "uv": [ 50.0, 33.5, 51.5, 34.5 ] }
																	},
																	"children": [
																		{
																			"name": "R Front Pastern",
																			"from": [ 0.2, -1.4, 0.1 ],
																			"to": [ 1.3, 0.8, 1.1 ],
																			"unwrapMode": 1,
																			"uv": [ 49.5, 35.0 ],
																			"rotationOrigin": [ 0.7, 0.7, 0.6 ],
																			"rotationX": 1.0,
																			"rotationZ": -2.0,
																			"faces": {
																				"north": { "texture": "#skin", "uv": [ 50.5, 35.0, 51.5, 37.0 ] },
																				"east": { "texture": "#skin", "uv": [ 49.5, 35.0, 50.5, 37.0 ] },
																				"south": { "texture": "#skin", "uv": [ 52.5, 35.0, 53.5, 37.0 ] },
																				"west": { "texture": "#skin", "uv": [ 51.5, 35.0, 52.5, 37.0 ] },
																				"down": { "texture": "#skin", "uv": [ 50.5, 37.0, 51.5, 38.0 ] }
																			},
																			"children": [
																				{
																					"name": "R Front Hoof",
																					"from": [ 0.4, 0.8, 0.6 ],
																					"to": [ 0.4, 0.8, 0.6 ],
																					"uv": [ 0.0, 0.0 ],
																					"rotationOrigin": [ 0.4, 0.8, 0.6 ],
																					"rotationZ": -7.0,
																					"faces": {
																					},
																					"children": [
																						{
																							"name": "R Front Hoof2",
																							"from": [ -0.9, -1.0, -0.6 ],
																							"to": [ 0.4, -0.5, 0.3 ],
																							"unwrapMode": 5,
																							"uv": [ 40.0, 64.0 ],
																							"rotationOrigin": [ 0.2, -0.5, 0.3 ],
																							"faces": {
																								"north": { "texture": "#skin", "uv": [ 40.5, 64.0, 41.5, 64.5 ], "rotation": 180 },
																								"east": { "texture": "#skin", "uv": [ 41.5, 64.5, 42.0, 65.0 ], "rotation": 90 },
																								"south": { "texture": "#skin", "uv": [ 40.5, 65.0, 41.5, 65.5 ] },
																								"west": { "texture": "#skin", "uv": [ 40.0, 64.5, 40.5, 65.0 ], "rotation": 270 },
																								"up": { "texture": "#skin", "uv": [ 40.5, 64.5, 41.5, 65.0 ] },
																								"down": { "texture": "#skin", "uv": [ 42.0, 64.5, 43.0, 65.0 ] }
																							}
																						},
																						{
																							"name": "R Front Hoof1",
																							"from": [ -0.9, -1.0, -0.6 ],
																							"to": [ 0.5, -0.6, 0.3 ],
																							"unwrapMode": 5,
																							"uv": [ 41.5, 65.5 ],
																							"rotationOrigin": [ -0.9, -1.0, -0.5 ],
																							"rotationZ": 49.0,
																							"faces": {
																								"north": { "texture": "#skin", "uv": [ 42.0, 65.5, 43.0, 66.0 ], "rotation": 180 },
																								"east": { "texture": "#skin", "uv": [ 43.0, 66.0, 43.5, 66.5 ], "rotation": 90 },
																								"south": { "texture": "#skin", "uv": [ 42.0, 66.5, 43.0, 67.0 ] },
																								"west": { "texture": "#skin", "uv": [ 41.5, 66.0, 42.0, 66.5 ], "rotation": 270 },
																								"up": { "texture": "#skin", "uv": [ 42.0, 66.0, 43.0, 66.5 ] },
																								"down": { "texture": "#skin", "uv": [ 43.5, 66.0, 44.5, 66.5 ] }
																							}
																						}
																					]
																				}
																			]
																		}
																	]
																}
															]
														}
													]
												}
											]
										},
										{
											"name": "Ridge Chest",
											"from": [ 0.0, 9.5, 3.3 ],
											"to": [ 7.0, 10.5, 3.3 ],
											"autoUnwrap": false,
											"uv": [ 2.5, 46.0 ],
											"rotationOrigin": [ 0.0, 9.5, 3.3 ],
											"rotationX": 10.0,
											"faces": {
												"north": { "texture": "#skin", "uv": [ 2.5, 46.0, 9.5, 47.0 ], "rotation": 180 }
											},
											"children": [
												{
													"name": "Ridge Chest 2",
													"from": [ 0.0, 0.0, 0.4 ],
													"to": [ 7.0, 1.0, 0.4 ],
													"unwrapMode": 1,
													"uv": [ 2.5, 47.0 ],
													"rotationOrigin": [ 0.0, 0.0, 0.4 ],
													"rotationX": -20.0,
													"faces": {
														"south": { "texture": "#skin", "uv": [ 2.5, 47.0, 9.5, 48.0 ], "windMode": [-1,-1,-1,-1], "windData": [1,1,1,1] }
													}
												}
											]
										}
									],
									"attachmentpoints": [
										{
											"code": "Center",
											"posX": "8.0","posY": "0.0","posZ": "3.5",
											"rotationX": "0.0","rotationY": "0.0","rotationZ": "0.0"
										}
									]
								},
								{
									"name": "Ridge Midsection",
									"from": [ 0.0, 10.1, 3.0 ],
									"to": [ 5.0, 11.1, 3.0 ],
									"autoUnwrap": false,
									"uv": [ 4.5, 41.0 ],
									"rotationOrigin": [ 0.0, 10.1, 3.0 ],
									"rotationX": 10.0,
									"faces": {
										"north": { "texture": "#skin", "uv": [ 4.5, 41.0, 9.5, 42.0 ], "rotation": 180 }
									},
									"children": [
										{
											"name": "Ridge Midsection 2",
											"from": [ 0.0, 0.0, 0.4 ],
											"to": [ 5.0, 1.0, 0.4 ],
											"autoUnwrap": false,
											"uv": [ 4.5, 42.0 ],
											"rotationOrigin": [ 0.0, 0.0, 0.4 ],
											"rotationX": -20.0,
											"faces": {
												"south": { "texture": "#skin", "uv": [ 4.5, 42.0, 9.5, 43.0 ], "windMode": [-1,-1,-1,-1], "windData": [1,1,1,1] }
											}
										}
									]
								}
							],
							"attachmentpoints": [
								{
									"code": "Rider",
									"posX": "3.0","posY": "11.0","posZ": "3.7",
									"rotationX": "0.0","rotationY": "-180.0","rotationZ": "0.0"
								}
							]
						},
						{
							"name": "Ridge Rear",
							"from": [ 0.0, 9.5, 3.3 ],
							"to": [ 7.0, 10.5, 3.3 ],
							"autoUnwrap": false,
							"uv": [ 2.5, 43.5 ],
							"rotationOrigin": [ 0.0, 9.5, 3.3 ],
							"rotationX": 10.0,
							"faces": {
								"north": { "texture": "#skin", "uv": [ 2.5, 43.5, 9.5, 44.5 ], "rotation": 180 }
							},
							"children": [
								{
									"name": "Ridge Rear2",
									"from": [ 0.0, 0.0, 0.4 ],
									"to": [ 7.0, 1.0, 0.4 ],
									"uv": [ 2.5, 44.5 ],
									"rotationOrigin": [ 0.0, 0.0, 0.4 ],
									"rotationX": -20.0,
									"faces": {
										"south": { "texture": "#skin", "uv": [ 2.5, 44.5, 9.5, 45.5 ], "windMode": [-1,-1,-1,-1], "windData": [1,1,1,1] }
									}
								}
							]
						}
					]
				}
			]
		}
	]}