{
	"editor": {
		"backDropShape": "game:entity/humanoid/seraph-faceless",
		"allAngles": true,
		"entityTextureMode": true
	},
	"textureWidth": 64,
	"textureHeight": 64,
	"textureSizes": {
		"girlbase": [64,64],
		"baseeyes": [64,8]
	},
	"textures": {
		"baseeyes": "beastsofmen:eyecolors/baseeyes"
	},
	"elements": [
		{
			"name": "eyesroot",
			"stepParentName": "Head",
			"from": [ 0.0, 0.0, 0.0 ],
			"to": [ 4.125, 3.75, 3.75 ],
			"unwrapMode": 4,
			"uv": [ 0.0, 0.0 ],
			"faces": {
			},
			"children": [
				{
					"name": "R eye",
					"from": [ -0.0075, 1.3125, 0.675 ],
					"to": [ 0.0675, 2.0625, 1.575 ],
					"unwrapMode": 4,
					"uv": [ 55.5, 0.0 ],
					"rotationOrigin": [ 0.0, 1.3125, 1.575 ],
					"faces": {
						"north": { "texture": "#baseeyes", "uv": [ 55.5, 0.5, 55.875, 1.25 ] },
						"south": { "texture": "#baseeyes", "uv": [ 57.0, 0.5, 57.375, 1.25 ] },
						"west": { "texture": "#baseeyes", "uv": [ 56.0, 0.5, 56.75, 1.25 ] },
						"up": { "texture": "#baseeyes", "uv": [ 56.0, 0.0, 56.75, 0.375 ], "rotation": 90 },
						"down": { "texture": "#baseeyes", "uv": [ 56.0, 1.5, 56.75, 1.875 ], "rotation": 90 }
					},
					"children": [
						{
							"name": "R pupil",
							"from": [ -0.0225, 0.1875, 0.1125 ],
							"to": [ 0.0525, 0.7125, 0.7875 ],
							"unwrapMode": 4,
							"uv": [ 60.5, 0.0 ],
							"rotationOrigin": [ 0.0, 0.1875, 0.7875 ],
							"faces": {
								"north": { "texture": "#baseeyes", "uv": [ 60.5, 0.5, 60.875, 0.875 ] },
								"south": { "texture": "#baseeyes", "uv": [ 61.5, 0.5, 61.875, 0.875 ] },
								"west": { "texture": "#baseeyes", "uv": [ 61.0, 0.5, 61.375, 0.875 ] },
								"up": { "texture": "#baseeyes", "uv": [ 61.0, 0.0, 61.375, 0.375 ], "rotation": 90 },
								"down": { "texture": "#baseeyes", "uv": [ 61.0, 1.0, 61.375, 1.375 ], "rotation": 90 }
							},
							"children": [
								{
									"name": "shine large 1",
									"from": [ -0.0075, 0.2775, 0.45 ],
									"to": [ 0.0675, 0.4275, 0.6 ],
									"unwrapMode": 4,
									"uv": [ 52.0, 0.5 ],
									"rotationOrigin": [ 0.0225, 0.375, 0.45 ],
									"faces": {
										"north": { "texture": "#baseeyes", "uv": [ 52.0, 1.0, 52.375, 1.375 ] },
										"south": { "texture": "#baseeyes", "uv": [ 53.0, 1.0, 53.375, 1.375 ] },
										"west": { "texture": "#baseeyes", "uv": [ 52.5, 1.0, 52.875, 1.375 ] },
										"up": { "texture": "#baseeyes", "uv": [ 52.5, 0.5, 52.875, 0.875 ], "rotation": 90 },
										"down": { "texture": "#baseeyes", "uv": [ 52.5, 1.5, 52.875, 1.875 ], "rotation": 90 }
									}
								},
								{
									"name": "shine small 1",
									"from": [ -0.0075, 0.2475, 0.3375 ],
									"to": [ 0.0675, 0.3225, 0.4125 ],
									"unwrapMode": 4,
									"uv": [ 52.0, 0.0 ],
									"rotationOrigin": [ 0.0225, 0.3, 0.375 ],
									"faces": {
										"north": { "texture": "#baseeyes", "uv": [ 52.0, 0.5, 52.375, 0.875 ] },
										"south": { "texture": "#baseeyes", "uv": [ 53.0, 0.5, 53.375, 0.875 ] },
										"west": { "texture": "#baseeyes", "uv": [ 52.5, 0.5, 52.875, 0.875 ] },
										"up": { "texture": "#baseeyes", "uv": [ 52.5, 0.0, 52.875, 0.375 ], "rotation": 90 },
										"down": { "texture": "#baseeyes", "uv": [ 52.5, 1.0, 52.875, 1.375 ], "rotation": 90 }
									}
								}
							]
						}
					]
				},
				{
					"name": "L eye2",
					"from": [ -0.0075, 1.3125, 2.175 ],
					"to": [ 0.0675, 2.0625, 3.075 ],
					"unwrapMode": 4,
					"uv": [ 54.5, 2.0 ],
					"rotationOrigin": [ 0.0, 1.3125, 2.175 ],
					"faces": {
						"north": { "texture": "#baseeyes", "uv": [ 54.5, 2.5, 54.875, 3.25 ] },
						"south": { "texture": "#baseeyes", "uv": [ 56.0, 2.5, 56.375, 3.25 ] },
						"west": { "texture": "#baseeyes", "uv": [ 55.0, 2.5, 55.75, 3.25 ] },
						"up": { "texture": "#baseeyes", "uv": [ 55.0, 2.0, 55.75, 2.375 ], "rotation": 90 },
						"down": { "texture": "#baseeyes", "uv": [ 55.0, 3.5, 55.75, 3.875 ], "rotation": 90 }
					},
					"children": [
						{
							"name": "L pupil",
							"from": [ -0.0225, 0.1875, 0.1125 ],
							"to": [ 0.0525, 0.7125, 0.7875 ],
							"unwrapMode": 4,
							"uv": [ 60.5, 0.0 ],
							"rotationOrigin": [ 0.0, 0.1875, 0.1125 ],
							"faces": {
								"north": { "texture": "#baseeyes", "uv": [ 60.5, 0.5, 60.875, 0.875 ] },
								"south": { "texture": "#baseeyes", "uv": [ 61.5, 0.5, 61.875, 0.875 ] },
								"west": { "texture": "#baseeyes", "uv": [ 61.0, 0.5, 61.375, 0.875 ] },
								"up": { "texture": "#baseeyes", "uv": [ 61.0, 0.0, 61.375, 0.375 ], "rotation": 90 },
								"down": { "texture": "#baseeyes", "uv": [ 61.0, 1.0, 61.375, 1.375 ], "rotation": 90 }
							},
							"children": [
								{
									"name": "shine small 2",
									"from": [ -0.0075, 0.2475, 0.3375 ],
									"to": [ 0.0675, 0.3225, 0.4125 ],
									"unwrapMode": 4,
									"uv": [ 52.0, 0.0 ],
									"rotationOrigin": [ 0.0225, 0.3, 0.375 ],
									"faces": {
										"north": { "texture": "#baseeyes", "uv": [ 52.0, 0.5, 52.375, 0.875 ] },
										"south": { "texture": "#baseeyes", "uv": [ 53.0, 0.5, 53.375, 0.875 ] },
										"west": { "texture": "#baseeyes", "uv": [ 52.5, 0.5, 52.875, 0.875 ] },
										"up": { "texture": "#baseeyes", "uv": [ 52.5, 0.0, 52.875, 0.375 ], "rotation": 90 },
										"down": { "texture": "#baseeyes", "uv": [ 52.5, 1.0, 52.875, 1.375 ], "rotation": 90 }
									}
								},
								{
									"name": "shine large 2",
									"from": [ -0.0075, 0.2775, 0.45 ],
									"to": [ 0.0675, 0.4275, 0.6 ],
									"unwrapMode": 4,
									"uv": [ 52.0, 1.5 ],
									"rotationOrigin": [ -0.0525, 0.375, 0.45 ],
									"faces": {
										"north": { "texture": "#baseeyes", "uv": [ 52.0, 2.0, 52.375, 2.375 ] },
										"south": { "texture": "#baseeyes", "uv": [ 53.0, 2.0, 53.375, 2.375 ] },
										"west": { "texture": "#baseeyes", "uv": [ 52.5, 2.0, 52.875, 2.375 ] },
										"up": { "texture": "#baseeyes", "uv": [ 52.5, 1.5, 52.875, 1.875 ], "rotation": 90 },
										"down": { "texture": "#baseeyes", "uv": [ 52.5, 2.5, 52.875, 2.875 ], "rotation": 90 }
									}
								}
							]
						}
					]
				},
				{
					"name": "R eyebrow 1",
					"from": [ -0.075, 2.175, 0.825 ],
					"to": [ 0.0, 2.4, 1.575 ],
					"unwrapMode": 4,
					"uv": [ 34.5, 1.0 ],
					"rotationOrigin": [ -0.075, 2.175, 1.575 ],
					"rotationX": 2.0,
					"faces": {
						"north": { "texture": "#baseeyes", "uv": [ 34.5, 1.5, 34.875, 1.875 ] },
						"south": { "texture": "#baseeyes", "uv": [ 36.0, 1.5, 36.375, 1.875 ] },
						"west": { "texture": "#baseeyes", "uv": [ 35.0, 1.5, 35.75, 1.875 ] },
						"up": { "texture": "#baseeyes", "uv": [ 35.0, 1.0, 35.75, 1.375 ], "rotation": 90 },
						"down": { "texture": "#baseeyes", "uv": [ 35.0, 2.0, 35.75, 2.375 ], "rotation": 90 }
					},
					"children": [
						{
							"name": "R eyebrow 2",
							"from": [ 0.0, 0.0, -0.525 ],
							"to": [ 0.075, 0.225, 0.15 ],
							"unwrapMode": 4,
							"uv": [ 37.5, 2.0 ],
							"rotationOrigin": [ 0.0, 0.0, 0.15 ],
							"rotationX": -9.0,
							"rotationZ": -1.0,
							"faces": {
								"north": { "texture": "#baseeyes", "uv": [ 37.5, 2.5, 37.875, 2.875 ] },
								"south": { "texture": "#baseeyes", "uv": [ 38.5, 2.5, 38.875, 2.875 ] },
								"west": { "texture": "#baseeyes", "uv": [ 38.0, 2.5, 38.375, 2.875 ] },
								"up": { "texture": "#baseeyes", "uv": [ 38.0, 2.0, 38.375, 2.375 ], "rotation": 90 },
								"down": { "texture": "#baseeyes", "uv": [ 38.0, 3.0, 38.375, 3.375 ], "rotation": 90 }
							}
						}
					]
				},
				{
					"name": "L eyebrow 1",
					"from": [ -0.075, 2.175, 2.175 ],
					"to": [ 0.0, 2.4, 2.925 ],
					"unwrapMode": 4,
					"uv": [ 35.5, 2.0 ],
					"rotationOrigin": [ -0.075, 2.175, 2.175 ],
					"rotationX": -2.0,
					"faces": {
						"north": { "texture": "#baseeyes", "uv": [ 35.5, 2.5, 35.875, 2.875 ] },
						"south": { "texture": "#baseeyes", "uv": [ 37.0, 2.5, 37.375, 2.875 ] },
						"west": { "texture": "#baseeyes", "uv": [ 36.0, 2.5, 36.75, 2.875 ] },
						"up": { "texture": "#baseeyes", "uv": [ 36.0, 2.0, 36.75, 2.375 ], "rotation": 90 },
						"down": { "texture": "#baseeyes", "uv": [ 36.0, 3.0, 36.75, 3.375 ], "rotation": 90 }
					},
					"children": [
						{
							"name": "L eyebrow 2",
							"from": [ 0.0, 0.0, 0.6 ],
							"to": [ 0.075, 0.225, 1.275 ],
							"unwrapMode": 4,
							"uv": [ 40.5, 1.0 ],
							"rotationOrigin": [ 0.0, 0.0, 0.6 ],
							"rotationX": 9.0,
							"rotationZ": -1.0,
							"faces": {
								"north": { "texture": "#baseeyes", "uv": [ 40.5, 1.5, 40.875, 1.875 ] },
								"south": { "texture": "#baseeyes", "uv": [ 41.5, 1.5, 41.875, 1.875 ] },
								"west": { "texture": "#baseeyes", "uv": [ 41.0, 1.5, 41.375, 1.875 ] },
								"up": { "texture": "#baseeyes", "uv": [ 41.0, 1.0, 41.375, 1.375 ], "rotation": 90 },
								"down": { "texture": "#baseeyes", "uv": [ 41.0, 2.0, 41.375, 2.375 ], "rotation": 90 }
							}
						}
					]
				},
				{
					"name": "mouth",
					"from": [ -0.075, 0.525, 1.5 ],
					"to": [ 0.0, 0.75, 2.25 ],
					"unwrapMode": 4,
					"uv": [ 39.0, 0.5 ],
					"rotationOrigin": [ -0.075, 0.525, 1.875 ],
					"faces": {
						"north": { "texture": "#baseeyes", "uv": [ 39.0, 1.0, 39.375, 1.375 ] },
						"south": { "texture": "#baseeyes", "uv": [ 40.5, 1.0, 40.875, 1.375 ] },
						"west": { "texture": "#baseeyes", "uv": [ 39.5, 1.0, 40.25, 1.375 ] },
						"up": { "texture": "#baseeyes", "uv": [ 39.5, 0.5, 40.25, 0.875 ], "rotation": 90 },
						"down": { "texture": "#baseeyes", "uv": [ 39.5, 1.5, 40.25, 1.875 ], "rotation": 90 }
					},
					"children": [
						{
							"name": "mouth L",
							"from": [ 0.0375, 0.0075, -0.375 ],
							"to": [ 0.1125, 0.2325, 0.375 ],
							"unwrapMode": 4,
							"uv": [ 31.0, 1.0 ],
							"rotationOrigin": [ 0.0375, 0.0, 0.375 ],
							"faces": {
								"north": { "texture": "#baseeyes", "uv": [ 31.0, 1.5, 31.375, 1.875 ] },
								"south": { "texture": "#baseeyes", "uv": [ 32.5, 1.5, 32.875, 1.875 ] },
								"west": { "texture": "#baseeyes", "uv": [ 31.5, 1.5, 32.25, 1.875 ] },
								"up": { "texture": "#baseeyes", "uv": [ 31.5, 1.0, 32.25, 1.375 ], "rotation": 90 },
								"down": { "texture": "#baseeyes", "uv": [ 31.5, 2.0, 32.25, 2.375 ], "rotation": 90 }
							}
						},
						{
							"name": "mouth R",
							"from": [ 0.0375, 0.0075, 0.375 ],
							"to": [ 0.1125, 0.2325, 1.125 ],
							"unwrapMode": 4,
							"uv": [ 28.0, 0.0 ],
							"rotationOrigin": [ 0.0375, 0.0, 0.375 ],
							"rotationX": 2.0,
							"faces": {
								"north": { "texture": "#baseeyes", "uv": [ 28.0, 0.5, 28.375, 0.875 ] },
								"south": { "texture": "#baseeyes", "uv": [ 29.5, 0.5, 29.875, 0.875 ] },
								"west": { "texture": "#baseeyes", "uv": [ 28.5, 0.5, 29.25, 0.875 ] },
								"up": { "texture": "#baseeyes", "uv": [ 28.5, 0.0, 29.25, 0.375 ], "rotation": 90 },
								"down": { "texture": "#baseeyes", "uv": [ 28.5, 1.0, 29.25, 1.375 ], "rotation": 90 }
							}
						}
					]
				},
				{
					"name": "eyelid r",
					"from": [ -0.075, 1.9875, 0.6 ],
					"to": [ 0.0, 2.1, 1.6125 ],
					"unwrapMode": 4,
					"uv": [ 32.5, 0.0 ],
					"rotationOrigin": [ -0.075, 1.9875, 1.6125 ],
					"rotationX": -2.0,
					"faces": {
						"north": { "texture": "#baseeyes", "uv": [ 32.5, 0.5, 32.875, 0.875 ] },
						"south": { "texture": "#baseeyes", "uv": [ 34.0, 0.5, 34.375, 0.875 ] },
						"west": { "texture": "#baseeyes", "uv": [ 33.0, 0.5, 33.75, 0.875 ] },
						"up": { "texture": "#baseeyes", "uv": [ 33.0, 0.0, 33.75, 0.375 ], "rotation": 90 },
						"down": { "texture": "#baseeyes", "uv": [ 33.0, 1.0, 33.75, 1.375 ], "rotation": 90 }
					}
				},
				{
					"name": "eyelid l",
					"from": [ -0.075, 1.9875, 2.1375 ],
					"to": [ 0.0, 2.1, 3.15 ],
					"unwrapMode": 4,
					"uv": [ 30.0, 0.0 ],
					"rotationOrigin": [ -0.075, 1.9875, 2.1375 ],
					"rotationX": 2.0,
					"faces": {
						"north": { "texture": "#baseeyes", "uv": [ 30.0, 0.5, 30.375, 0.875 ] },
						"south": { "texture": "#baseeyes", "uv": [ 31.5, 0.5, 31.875, 0.875 ] },
						"west": { "texture": "#baseeyes", "uv": [ 30.5, 0.5, 31.25, 0.875 ] },
						"up": { "texture": "#baseeyes", "uv": [ 30.5, 0.0, 31.25, 0.375 ], "rotation": 90 },
						"down": { "texture": "#baseeyes", "uv": [ 30.5, 1.0, 31.25, 1.375 ], "rotation": 90 }
					}
				}
			],
			"attachmentpoints": [
				{
					"code": "Eyes",
					"posX": "1.3","posY": "3.5","posZ": "2.5",
					"rotationX": "0.0","rotationY": "-90.0","rotationZ": "0.0"
				}
			]
		}
	]}