{
	"editor": {
		"backDropShape": "game:entity/humanoid/seraph-faceless",
		"allAngles": true,
		"entityTextureMode": true
	},
	"textureWidth": 64,
	"textureHeight": 64,
	"textureSizes": {
		"girlbase": [64,64],
		"baseeyes": [64,8]
	},
	"textures": {
		"baseeyes": "beastsofmen:eyecolors/baseeyes"
	},
	"elements": [
		{
			"name": "eyesroot",
			"stepParentName": "Head",
			"from": [ 0.0, 0.0, 0.0 ],
			"to": [ 4.125, 3.75, 3.75 ],
			"unwrapMode": 4,
			"uv": [ 0.0, 0.0 ],
			"faces": {
			},
			"children": [
				{
					"name": "R eye",
					"from": [ -0.0075, 1.3125, 0.675 ],
					"to": [ 0.0675, 2.0625, 1.575 ],
					"unwrapMode": 4,
					"uv": [ 55.5, 0.0 ],
					"rotationOrigin": [ 0.0, 1.3125, 1.575 ],
					"faces": {
						"north": { "texture": "#baseeyes", "uv": [ 55.5, 0.5, 56.0, 1.5 ], "autoUv": false },
						"south": { "texture": "#baseeyes", "uv": [ 57.0, 0.5, 57.5, 1.5 ], "autoUv": false },
						"west": { "texture": "#baseeyes", "uv": [ 56.0, 0.5, 57.0, 1.5 ], "autoUv": false },
						"up": { "texture": "#baseeyes", "uv": [ 56.0, 0.0, 57.0, 0.5 ], "rotation": 90, "autoUv": false },
						"down": { "texture": "#baseeyes", "uv": [ 56.0, 1.5, 57.0, 2.0 ], "rotation": 90, "autoUv": false }
					},
					"children": [
						{
							"name": "R pupil",
							"from": [ -0.0225, 0.1875, 0.1125 ],
							"to": [ 0.0525, 0.7125, 0.7875 ],
							"unwrapMode": 4,
							"uv": [ 60.5, 0.0 ],
							"rotationOrigin": [ 0.0, 0.1875, 0.7875 ],
							"faces": {
								"north": { "texture": "#baseeyes", "uv": [ 60.5, 0.5, 61.0, 1.0 ], "autoUv": false },
								"south": { "texture": "#baseeyes", "uv": [ 61.5, 0.5, 62.0, 1.0 ], "autoUv": false },
								"west": { "texture": "#baseeyes", "uv": [ 61.0, 0.5, 61.5, 1.0 ], "autoUv": false },
								"up": { "texture": "#baseeyes", "uv": [ 61.0, 0.0, 61.5, 0.5 ], "rotation": 90, "autoUv": false },
								"down": { "texture": "#baseeyes", "uv": [ 61.0, 1.0, 61.5, 1.5 ], "rotation": 90, "autoUv": false }
							},
							"children": [
								{
									"name": "shine large 1",
									"from": [ -0.0075, 0.2775, 0.45 ],
									"to": [ 0.0675, 0.4275, 0.6 ],
									"unwrapMode": 4,
									"uv": [ 52.0, 0.5 ],
									"rotationOrigin": [ 0.0225, 0.375, 0.45 ],
									"faces": {
										"north": { "texture": "#baseeyes", "uv": [ 52.0, 1.0, 52.5, 1.5 ], "autoUv": false },
										"south": { "texture": "#baseeyes", "uv": [ 53.0, 1.0, 53.5, 1.5 ], "autoUv": false },
										"west": { "texture": "#baseeyes", "uv": [ 52.5, 1.0, 53.0, 1.5 ], "autoUv": false },
										"up": { "texture": "#baseeyes", "uv": [ 52.5, 0.5, 53.0, 1.0 ], "rotation": 90, "autoUv": false },
										"down": { "texture": "#baseeyes", "uv": [ 52.5, 1.5, 53.0, 2.0 ], "rotation": 90, "autoUv": false }
									}
								},
								{
									"name": "shine small 1",
									"from": [ -0.0075, 0.2475, 0.3375 ],
									"to": [ 0.0675, 0.3225, 0.4125 ],
									"unwrapMode": 4,
									"uv": [ 52.0, 0.0 ],
									"rotationOrigin": [ 0.0225, 0.3, 0.375 ],
									"faces": {
										"north": { "texture": "#baseeyes", "uv": [ 52.0, 0.5, 52.5, 1.0 ], "autoUv": false },
										"south": { "texture": "#baseeyes", "uv": [ 53.0, 0.5, 53.5, 1.0 ], "autoUv": false },
										"west": { "texture": "#baseeyes", "uv": [ 52.5, 0.5, 53.0, 1.0 ], "autoUv": false },
										"up": { "texture": "#baseeyes", "uv": [ 52.5, 0.0, 53.0, 0.5 ], "rotation": 90, "autoUv": false },
										"down": { "texture": "#baseeyes", "uv": [ 52.5, 1.0, 53.0, 1.5 ], "rotation": 90, "autoUv": false }
									}
								}
							]
						}
					]
				},
				{
					"name": "L eye2",
					"from": [ -0.0075, 1.3125, 2.175 ],
					"to": [ 0.0675, 2.0625, 3.075 ],
					"unwrapMode": 4,
					"uv": [ 54.5, 2.0 ],
					"rotationOrigin": [ 0.0, 1.3125, 2.175 ],
					"faces": {
						"north": { "texture": "#baseeyes", "uv": [ 54.5, 2.5, 55.0, 3.5 ], "autoUv": false },
						"south": { "texture": "#baseeyes", "uv": [ 56.0, 2.5, 56.5, 3.5 ], "autoUv": false },
						"west": { "texture": "#baseeyes", "uv": [ 55.0, 2.5, 56.0, 3.5 ], "autoUv": false },
						"up": { "texture": "#baseeyes", "uv": [ 55.0, 2.0, 56.0, 2.5 ], "rotation": 90, "autoUv": false },
						"down": { "texture": "#baseeyes", "uv": [ 55.0, 3.5, 56.0, 4.0 ], "rotation": 90, "autoUv": false }
					},
					"children": [
						{
							"name": "L pupil",
							"from": [ -0.0225, 0.1875, 0.1125 ],
							"to": [ 0.0525, 0.7125, 0.7875 ],
							"unwrapMode": 4,
							"uv": [ 60.5, 0.0 ],
							"rotationOrigin": [ 0.0, 0.1875, 0.1125 ],
							"faces": {
								"north": { "texture": "#baseeyes", "uv": [ 60.5, 0.5, 61.0, 1.0 ], "autoUv": false },
								"south": { "texture": "#baseeyes", "uv": [ 61.5, 0.5, 62.0, 1.0 ], "autoUv": false },
								"west": { "texture": "#baseeyes", "uv": [ 61.0, 0.5, 61.5, 1.0 ], "autoUv": false },
								"up": { "texture": "#baseeyes", "uv": [ 61.0, 0.0, 61.5, 0.5 ], "rotation": 90, "autoUv": false },
								"down": { "texture": "#baseeyes", "uv": [ 61.0, 1.0, 61.5, 1.5 ], "rotation": 90, "autoUv": false }
							},
							"children": [
								{
									"name": "shine small 2",
									"from": [ -0.0075, 0.2475, 0.3375 ],
									"to": [ 0.0675, 0.3225, 0.4125 ],
									"unwrapMode": 4,
									"uv": [ 52.0, 0.0 ],
									"rotationOrigin": [ 0.0225, 0.3, 0.375 ],
									"faces": {
										"north": { "texture": "#baseeyes", "uv": [ 52.0, 0.5, 52.5, 1.0 ], "autoUv": false },
										"south": { "texture": "#baseeyes", "uv": [ 53.0, 0.5, 53.5, 1.0 ], "autoUv": false },
										"west": { "texture": "#baseeyes", "uv": [ 52.5, 0.5, 53.0, 1.0 ], "autoUv": false },
										"up": { "texture": "#baseeyes", "uv": [ 52.5, 0.0, 53.0, 0.5 ], "rotation": 90, "autoUv": false },
										"down": { "texture": "#baseeyes", "uv": [ 52.5, 1.0, 53.0, 1.5 ], "rotation": 90, "autoUv": false }
									}
								},
								{
									"name": "shine large 2",
									"from": [ -0.0075, 0.2775, 0.45 ],
									"to": [ 0.0675, 0.4275, 0.6 ],
									"unwrapMode": 4,
									"uv": [ 52.0, 1.5 ],
									"rotationOrigin": [ -0.0525, 0.375, 0.45 ],
									"faces": {
										"north": { "texture": "#baseeyes", "uv": [ 52.0, 2.0, 52.5, 2.5 ], "autoUv": false },
										"south": { "texture": "#baseeyes", "uv": [ 53.0, 2.0, 53.5, 2.5 ], "autoUv": false },
										"west": { "texture": "#baseeyes", "uv": [ 52.5, 2.0, 53.0, 2.5 ], "autoUv": false },
										"up": { "texture": "#baseeyes", "uv": [ 52.5, 1.5, 53.0, 2.0 ], "rotation": 90, "autoUv": false },
										"down": { "texture": "#baseeyes", "uv": [ 52.5, 2.5, 53.0, 3.0 ], "rotation": 90, "autoUv": false }
									}
								}
							]
						}
					]
				},
				{
					"name": "R eyebrow 1",
					"from": [ -0.075, 2.1, 0.9 ],
					"to": [ 0.0, 2.325, 1.65 ],
					"unwrapMode": 4,
					"uv": [ 34.5, 1.0 ],
					"rotationOrigin": [ -0.075, 2.1, 1.65 ],
					"rotationX": 12.0,
					"faces": {
						"north": { "texture": "#baseeyes", "uv": [ 34.5, 1.5, 35.0, 2.0 ], "autoUv": false },
						"south": { "texture": "#baseeyes", "uv": [ 36.0, 1.5, 36.5, 2.0 ], "autoUv": false },
						"west": { "texture": "#baseeyes", "uv": [ 35.0, 1.5, 36.0, 2.0 ], "autoUv": false },
						"up": { "texture": "#baseeyes", "uv": [ 35.0, 1.0, 36.0, 1.5 ], "rotation": 90, "autoUv": false },
						"down": { "texture": "#baseeyes", "uv": [ 35.0, 2.0, 36.0, 2.5 ], "rotation": 90, "autoUv": false }
					},
					"children": [
						{
							"name": "R eyebrow 2",
							"from": [ 0.0, 0.0375, -0.525 ],
							"to": [ 0.075, 0.1875, 0.15 ],
							"unwrapMode": 4,
							"uv": [ 37.5, 2.0 ],
							"rotationOrigin": [ 0.0, 0.0375, 0.15 ],
							"rotationX": -9.0,
							"rotationZ": -1.0,
							"faces": {
								"north": { "texture": "#baseeyes", "uv": [ 37.5, 2.5, 38.0, 3.0 ], "autoUv": false },
								"south": { "texture": "#baseeyes", "uv": [ 38.5, 2.5, 39.0, 3.0 ], "autoUv": false },
								"west": { "texture": "#baseeyes", "uv": [ 38.0, 2.5, 38.5, 3.0 ], "autoUv": false },
								"up": { "texture": "#baseeyes", "uv": [ 38.0, 2.0, 38.5, 2.5 ], "rotation": 90, "autoUv": false },
								"down": { "texture": "#baseeyes", "uv": [ 38.0, 3.0, 38.5, 3.5 ], "rotation": 90, "autoUv": false }
							}
						}
					]
				},
				{
					"name": "L eyebrow 1",
					"from": [ -0.075, 2.1, 2.1 ],
					"to": [ 0.0, 2.325, 2.85 ],
					"unwrapMode": 4,
					"uv": [ 35.5, 2.0 ],
					"rotationOrigin": [ -0.075, 2.1, 2.1 ],
					"rotationX": -12.0,
					"faces": {
						"north": { "texture": "#baseeyes", "uv": [ 35.5, 2.5, 36.0, 3.0 ], "autoUv": false },
						"south": { "texture": "#baseeyes", "uv": [ 37.0, 2.5, 37.5, 3.0 ], "autoUv": false },
						"west": { "texture": "#baseeyes", "uv": [ 36.0, 2.5, 37.0, 3.0 ], "autoUv": false },
						"up": { "texture": "#baseeyes", "uv": [ 36.0, 2.0, 37.0, 2.5 ], "rotation": 90, "autoUv": false },
						"down": { "texture": "#baseeyes", "uv": [ 36.0, 3.0, 37.0, 3.5 ], "rotation": 90, "autoUv": false }
					},
					"children": [
						{
							"name": "L eyebrow 2",
							"from": [ 0.0, 0.0375, 0.6 ],
							"to": [ 0.075, 0.1875, 1.275 ],
							"unwrapMode": 4,
							"uv": [ 40.5, 1.0 ],
							"rotationOrigin": [ 0.0, 0.0375, 0.6 ],
							"rotationX": 9.0,
							"rotationZ": -1.0,
							"faces": {
								"north": { "texture": "#baseeyes", "uv": [ 40.5, 1.5, 41.0, 2.0 ], "autoUv": false },
								"south": { "texture": "#baseeyes", "uv": [ 41.5, 1.5, 42.0, 2.0 ], "autoUv": false },
								"west": { "texture": "#baseeyes", "uv": [ 41.0, 1.5, 41.5, 2.0 ], "autoUv": false },
								"up": { "texture": "#baseeyes", "uv": [ 41.0, 1.0, 41.5, 1.5 ], "rotation": 90, "autoUv": false },
								"down": { "texture": "#baseeyes", "uv": [ 41.0, 2.0, 41.5, 2.5 ], "rotation": 90, "autoUv": false }
							}
						}
					]
				},
				{
					"name": "mouth",
					"from": [ -0.075, 0.45, 1.5 ],
					"to": [ 0.0, 0.675, 2.25 ],
					"unwrapMode": 4,
					"uv": [ 39.0, 0.5 ],
					"rotationOrigin": [ -0.075, 0.45, 1.875 ],
					"faces": {
						"north": { "texture": "#baseeyes", "uv": [ 39.0, 1.0, 39.5, 1.5 ], "autoUv": false },
						"south": { "texture": "#baseeyes", "uv": [ 40.5, 1.0, 41.0, 1.5 ], "autoUv": false },
						"west": { "texture": "#baseeyes", "uv": [ 39.5, 1.0, 40.5, 1.5 ], "autoUv": false },
						"up": { "texture": "#baseeyes", "uv": [ 39.5, 0.5, 40.5, 1.0 ], "rotation": 90, "autoUv": false },
						"down": { "texture": "#baseeyes", "uv": [ 39.5, 1.5, 40.5, 2.0 ], "rotation": 90, "autoUv": false }
					},
					"children": [
						{
							"name": "mouth L",
							"from": [ 0.0375, 0.0075, -0.375 ],
							"to": [ 0.1125, 0.2325, 0.375 ],
							"unwrapMode": 4,
							"uv": [ 31.0, 1.0 ],
							"rotationOrigin": [ 0.0375, 0.0, 0.375 ],
							"faces": {
								"north": { "texture": "#baseeyes", "uv": [ 31.0, 1.5, 31.5, 2.0 ], "autoUv": false },
								"south": { "texture": "#baseeyes", "uv": [ 32.5, 1.5, 33.0, 2.0 ], "autoUv": false },
								"west": { "texture": "#baseeyes", "uv": [ 31.5, 1.5, 32.5, 2.0 ], "autoUv": false },
								"up": { "texture": "#baseeyes", "uv": [ 31.5, 1.0, 32.5, 1.5 ], "rotation": 90, "autoUv": false },
								"down": { "texture": "#baseeyes", "uv": [ 31.5, 2.0, 32.5, 2.5 ], "rotation": 90, "autoUv": false }
							}
						},
						{
							"name": "mouth R",
							"from": [ 0.0375, 0.0075, 0.375 ],
							"to": [ 0.1125, 0.2325, 1.125 ],
							"unwrapMode": 4,
							"uv": [ 28.0, 0.0 ],
							"rotationOrigin": [ 0.0375, 0.0, 0.375 ],
							"rotationX": 2.0,
							"faces": {
								"north": { "texture": "#baseeyes", "uv": [ 28.0, 0.5, 28.5, 1.0 ], "autoUv": false },
								"south": { "texture": "#baseeyes", "uv": [ 29.5, 0.5, 30.0, 1.0 ], "autoUv": false },
								"west": { "texture": "#baseeyes", "uv": [ 28.5, 0.5, 29.5, 1.0 ], "autoUv": false },
								"up": { "texture": "#baseeyes", "uv": [ 28.5, 0.0, 29.5, 0.5 ], "rotation": 90, "autoUv": false },
								"down": { "texture": "#baseeyes", "uv": [ 28.5, 1.0, 29.5, 1.5 ], "rotation": 90, "autoUv": false }
							}
						}
					]
				},
				{
					"name": "eyelid r",
					"from": [ -0.075, 1.9875, 0.6 ],
					"to": [ 0.0, 2.1, 1.6125 ],
					"unwrapMode": 4,
					"uv": [ 32.5, 0.0 ],
					"rotationOrigin": [ -0.075, 1.9875, 1.6125 ],
					"rotationX": 5.0,
					"faces": {
						"north": { "texture": "#baseeyes", "uv": [ 32.5, 0.5, 33.0, 1.0 ], "autoUv": false },
						"south": { "texture": "#baseeyes", "uv": [ 34.0, 0.5, 34.5, 1.0 ], "autoUv": false },
						"west": { "texture": "#baseeyes", "uv": [ 33.0, 0.5, 34.0, 1.0 ], "autoUv": false },
						"up": { "texture": "#baseeyes", "uv": [ 33.0, 0.0, 34.0, 0.5 ], "rotation": 90, "autoUv": false },
						"down": { "texture": "#baseeyes", "uv": [ 33.0, 1.0, 34.0, 1.5 ], "rotation": 90, "autoUv": false }
					}
				},
				{
					"name": "eyelid l",
					"from": [ -0.075, 1.9875, 2.1375 ],
					"to": [ 0.0, 2.1, 3.15 ],
					"unwrapMode": 4,
					"uv": [ 30.0, 0.0 ],
					"rotationOrigin": [ -0.075, 1.9875, 2.1375 ],
					"rotationX": -5.0,
					"faces": {
						"north": { "texture": "#baseeyes", "uv": [ 30.0, 0.5, 30.5, 1.0 ], "autoUv": false },
						"south": { "texture": "#baseeyes", "uv": [ 31.5, 0.5, 32.0, 1.0 ], "autoUv": false },
						"west": { "texture": "#baseeyes", "uv": [ 30.5, 0.5, 31.5, 1.0 ], "autoUv": false },
						"up": { "texture": "#baseeyes", "uv": [ 30.5, 0.0, 31.5, 0.5 ], "rotation": 90, "autoUv": false },
						"down": { "texture": "#baseeyes", "uv": [ 30.5, 1.0, 31.5, 1.5 ], "rotation": 90, "autoUv": false }
					}
				}
			],
			"attachmentpoints": [
				{
					"code": "Eyes",
					"posX": "1.3","posY": "3.5","posZ": "2.5",
					"rotationX": "0.0","rotationY": "-90.0","rotationZ": "0.0"
				}
			]
		}
	]}