{
	"editor": {
		"allAngles": true,
		"entityTextureMode": true
	},
	"textureWidth": 36,
	"textureHeight": 28,
	"textureSizes": {
		"skin": [36,28]
	},
	"textures": {
	},
	"elements": [
		{
			"name": "Body",
			"from": [ 5.5, 0.0, 6.3 ],
			"to": [ 9.0, 4.5, 9.8 ],
			"unwrapMode": 7,
			"autoUnwrap": false,
			"uv": [ 0.5, 8.0 ],
			"rotationOrigin": [ 6.0, 4.0, 8.0 ],
			"faces": {
				"north": { "texture": "#skin", "uv": [ 9.0, 9.5, 13.5, 13.0 ], "rotation": 90 },
				"east": { "texture": "#skin", "uv": [ 20.5, 10.0, 24.0, 14.5 ] },
				"south": { "texture": "#skin", "uv": [ 1.0, 9.5, 5.5, 13.0 ], "rotation": 270 },
				"west": { "texture": "#skin", "uv": [ 24.5, 10.0, 28.0, 14.5 ] },
				"up": { "texture": "#skin", "uv": [ 5.5, 9.5, 9.0, 13.0 ], "rotation": 270 },
				"down": { "texture": "#skin", "uv": [ 13.5, 9.5, 17.0, 13.0 ], "rotation": 90 }
			},
			"children": [
				{
					"name": "Tail1",
					"from": [ 3.1, 0.1, 0.25 ],
					"to": [ 5.6, 4.1, 3.25 ],
					"unwrapMode": 7,
					"unwrapRotation": 1,
					"autoUnwrap": false,
					"uv": [ 2.5, 28.5 ],
					"rotationOrigin": [ 3.1, 3.5, 1.75 ],
					"rotationZ": 5.0,
					"faces": {
						"north": { "texture": "#skin", "uv": [ 8.5, 13.5, 12.5, 16.0 ], "rotation": 90 },
						"east": { "texture": "#skin", "uv": [ 28.5, 12.5, 31.5, 16.5 ] },
						"south": { "texture": "#skin", "uv": [ 1.5, 13.5, 5.5, 16.0 ], "rotation": 270 },
						"up": { "texture": "#skin", "uv": [ 5.5, 13.5, 8.5, 16.0 ], "rotation": 270 },
						"down": { "texture": "#skin", "uv": [ 12.5, 13.5, 15.5, 16.0 ], "rotation": 90 }
					},
					"children": [
						{
							"name": "Tail2",
							"from": [ 2.1, 0.1, 0.25 ],
							"to": [ 4.2, 3.6, 2.75 ],
							"unwrapMode": 7,
							"unwrapRotation": 1,
							"autoUnwrap": false,
							"uv": [ 5.0, 36.0 ],
							"rotationOrigin": [ 2.2, 3.1, 1.75 ],
							"rotationZ": 5.0,
							"faces": {
								"north": { "texture": "#skin", "uv": [ 8.0, 16.5, 11.5, 18.5 ], "rotation": 90 },
								"east": { "texture": "#skin", "uv": [ 14.5, 16.5, 17.0, 20.0 ] },
								"south": { "texture": "#skin", "uv": [ 2.0, 16.5, 5.5, 18.5 ], "rotation": 270 },
								"up": { "texture": "#skin", "uv": [ 5.5, 16.5, 8.0, 18.5 ], "rotation": 270 },
								"down": { "texture": "#skin", "uv": [ 11.5, 16.5, 14.0, 18.5 ], "rotation": 90 }
							},
							"children": [
								{
									"name": "Tail3",
									"from": [ 2.0, 0.3, 0.45 ],
									"to": [ 4.0, 2.8, 2.05 ],
									"unwrapMode": 7,
									"unwrapRotation": 1,
									"autoUnwrap": false,
									"uv": [ 8.0, 43.5 ],
									"rotationOrigin": [ 2.0, 2.3, 1.25 ],
									"rotationZ": -8.0,
									"faces": {
										"north": { "texture": "#skin", "uv": [ 7.5, 19.0, 10.0, 21.0 ], "rotation": 90 },
										"east": { "texture": "#skin", "uv": [ 12.0, 19.0, 13.5, 21.5 ] },
										"south": { "texture": "#skin", "uv": [ 3.5, 19.0, 6.0, 21.0 ], "rotation": 270 },
										"up": { "texture": "#skin", "uv": [ 6.0, 19.0, 7.5, 21.0 ], "rotation": 270 },
										"down": { "texture": "#skin", "uv": [ 10.0, 19.0, 11.5, 21.0 ], "rotation": 90 }
									},
									"children": [
										{
											"name": "Fluke Base",
											"from": [ 1.7, 0.1, 0.05 ],
											"to": [ 4.2, 1.1, 1.55 ],
											"unwrapMode": 7,
											"unwrapRotation": 1,
											"autoUnwrap": false,
											"uv": [ 10.0, 41.5 ],
											"rotationOrigin": [ 1.9, 1.0, 0.85 ],
											"rotationZ": 8.0,
											"faces": {
												"north": { "texture": "#skin", "uv": [ 7.5, 21.5, 8.5, 24.0 ], "rotation": 90 },
												"east": { "texture": "#skin", "uv": [ 3.0, 21.5, 4.5, 22.5 ], "windMode": [-1,-1,-1,-1] },
												"south": { "texture": "#skin", "uv": [ 5.0, 21.5, 6.0, 24.0 ], "rotation": 270 },
												"up": { "texture": "#skin", "uv": [ 6.0, 21.5, 7.5, 24.0 ], "rotation": 270 },
												"down": { "texture": "#skin", "uv": [ 8.5, 21.5, 10.0, 24.0 ], "rotation": 90 }
											},
											"children": [
												{
													"name": "LFluke1",
													"from": [ 0.8, 0.5, 1.3 ],
													"to": [ 2.6, 1.0, 3.4 ],
													"unwrapMode": 7,
													"unwrapRotation": 1,
													"uv": [ 27.5, 24.5 ],
													"rotationOrigin": [ 0.8, 0.8, 1.3 ],
													"rotationX": 8.0,
													"rotationY": 40.0,
													"rotationZ": -13.0,
													"faces": {
														"north": { "texture": "#skin", "uv": [ 30.0, 25.0, 30.5, 26.5 ], "rotation": 90 },
														"east": { "texture": "#skin", "uv": [ 28.0, 26.5, 30.0, 27.0 ] },
														"south": { "texture": "#skin", "uv": [ 27.5, 25.0, 28.0, 26.5 ], "rotation": 270 },
														"west": { "texture": "#skin", "uv": [ 28.0, 24.5, 30.0, 25.0 ], "rotation": 180 },
														"up": { "texture": "#skin", "uv": [ 28.0, 25.0, 30.0, 26.5 ], "rotation": 270 },
														"down": { "texture": "#skin", "uv": [ 30.5, 25.0, 32.5, 26.5 ], "rotation": 90 }
													},
													"children": [
														{
															"name": "LFluke2",
															"from": [ 0.1, 0.05, 1.9 ],
															"to": [ 1.6, 0.45, 3.4 ],
															"unwrapMode": 7,
															"unwrapRotation": 1,
															"uv": [ 23.0, 24.5 ],
															"rotationOrigin": [ 0.1, 0.05, 1.9 ],
															"rotationY": -5.0,
															"faces": {
																"north": { "texture": "#skin", "uv": [ 25.0, 25.0, 25.5, 26.5 ], "rotation": 90 },
																"east": { "texture": "#skin", "uv": [ 23.5, 26.5, 25.0, 27.0 ] },
																"south": { "texture": "#skin", "uv": [ 23.0, 25.0, 23.5, 26.5 ], "rotation": 270 },
																"west": { "texture": "#skin", "uv": [ 23.5, 24.5, 25.0, 25.0 ], "rotation": 180 },
																"up": { "texture": "#skin", "uv": [ 23.5, 25.0, 25.0, 26.5 ], "rotation": 270 },
																"down": { "texture": "#skin", "uv": [ 25.5, 25.0, 27.0, 26.5 ], "rotation": 90 }
															},
															"children": [
																{
																	"name": "LFluke3",
																	"from": [ 0.1, 0.05, 1.5 ],
																	"to": [ 1.4, 0.35, 2.5 ],
																	"unwrapMode": 7,
																	"unwrapRotation": 1,
																	"uv": [ 19.5, 24.5 ],
																	"rotationOrigin": [ 0.1, 0.05, 1.5 ],
																	"rotationY": 30.0,
																	"faces": {
																		"north": { "texture": "#skin", "uv": [ 21.0, 25.0, 21.5, 26.0 ], "rotation": 90 },
																		"east": { "texture": "#skin", "uv": [ 20.0, 26.0, 21.0, 26.5 ] },
																		"south": { "texture": "#skin", "uv": [ 19.5, 25.0, 20.0, 26.0 ], "rotation": 270 },
																		"west": { "texture": "#skin", "uv": [ 20.0, 24.5, 21.0, 25.0 ], "rotation": 180 },
																		"up": { "texture": "#skin", "uv": [ 20.0, 25.0, 21.0, 26.0 ], "rotation": 270 },
																		"down": { "texture": "#skin", "uv": [ 21.5, 25.0, 22.5, 26.0 ], "rotation": 90 }
																	}
																}
															]
														},
														{
															"name": "LFlukeEdge",
															"from": [ 1.0, 0.1, 2.2 ],
															"to": [ 2.6, 0.4, 3.0 ],
															"unwrapMode": 7,
															"unwrapRotation": 1,
															"uv": [ 17.0, 24.5 ],
															"rotationOrigin": [ 1.0, 0.1, 2.4 ],
															"rotationY": 55.0,
															"faces": {
																"north": { "texture": "#skin", "uv": [ 18.0, 25.0, 18.5, 26.5 ], "rotation": 90 },
																"east": { "texture": "#skin", "uv": [ 17.5, 26.5, 18.0, 27.0 ] },
																"south": { "texture": "#skin", "uv": [ 17.0, 25.0, 17.5, 26.5 ], "rotation": 270 },
																"west": { "texture": "#skin", "uv": [ 17.5, 24.5, 18.0, 25.0 ], "rotation": 180 },
																"up": { "texture": "#skin", "uv": [ 17.5, 25.0, 18.0, 26.5 ], "rotation": 270 },
																"down": { "texture": "#skin", "uv": [ 18.5, 25.0, 19.0, 26.5 ], "rotation": 90 }
															}
														}
													]
												},
												{
													"name": "RFluke1",
													"from": [ 0.8, 0.5, -1.9 ],
													"to": [ 2.6, 1.0, 0.2 ],
													"unwrapMode": 7,
													"unwrapRotation": 1,
													"uv": [ 1.0, 24.5 ],
													"rotationOrigin": [ 0.8, 0.8, 0.2 ],
													"rotationX": -8.0,
													"rotationY": -40.0,
													"rotationZ": -13.0,
													"faces": {
														"north": { "texture": "#skin", "uv": [ 3.5, 25.0, 4.0, 26.5 ], "rotation": 90, "windMode": [-1,-1,-1,-1] },
														"east": { "texture": "#skin", "uv": [ 1.5, 26.5, 3.5, 27.0 ] },
														"south": { "texture": "#skin", "uv": [ 1.0, 25.0, 1.5, 26.5 ], "rotation": 270, "windMode": [-1,-1,-1,-1] },
														"west": { "texture": "#skin", "uv": [ 1.5, 24.5, 3.5, 25.0 ], "rotation": 180 },
														"up": { "texture": "#skin", "uv": [ 1.5, 25.0, 3.5, 26.5 ], "rotation": 270 },
														"down": { "texture": "#skin", "uv": [ 4.0, 25.0, 6.0, 26.5 ], "rotation": 90 }
													},
													"children": [
														{
															"name": "RFluke2",
															"from": [ 0.1, 0.05, -1.2 ],
															"to": [ 1.6, 0.45, 0.3 ],
															"unwrapMode": 7,
															"unwrapRotation": 1,
															"uv": [ 6.5, 24.5 ],
															"rotationOrigin": [ 0.1, 0.05, 0.3 ],
															"rotationY": 5.0,
															"faces": {
																"north": { "texture": "#skin", "uv": [ 8.5, 25.0, 9.0, 26.5 ], "rotation": 90 },
																"east": { "texture": "#skin", "uv": [ 7.0, 26.5, 8.5, 27.0 ] },
																"south": { "texture": "#skin", "uv": [ 6.5, 25.0, 7.0, 26.5 ], "rotation": 270 },
																"west": { "texture": "#skin", "uv": [ 7.0, 24.5, 8.5, 25.0 ], "rotation": 180 },
																"up": { "texture": "#skin", "uv": [ 7.0, 25.0, 8.5, 26.5 ], "rotation": 270 },
																"down": { "texture": "#skin", "uv": [ 9.0, 25.0, 10.5, 26.5 ], "rotation": 90 }
															},
															"children": [
																{
																	"name": "RFluke3",
																	"from": [ 0.1, 0.05, -1.0 ],
																	"to": [ 1.4, 0.35, 0.0 ],
																	"unwrapMode": 7,
																	"unwrapRotation": 1,
																	"uv": [ 11.0, 24.5 ],
																	"rotationOrigin": [ 0.1, 0.05, 0.1 ],
																	"rotationY": -30.0,
																	"faces": {
																		"north": { "texture": "#skin", "uv": [ 12.5, 25.0, 13.0, 26.0 ], "rotation": 90 },
																		"east": { "texture": "#skin", "uv": [ 11.5, 26.0, 12.5, 26.5 ] },
																		"south": { "texture": "#skin", "uv": [ 11.0, 25.0, 11.5, 26.0 ], "rotation": 270 },
																		"west": { "texture": "#skin", "uv": [ 11.5, 24.5, 12.5, 25.0 ], "rotation": 180 },
																		"up": { "texture": "#skin", "uv": [ 11.5, 25.0, 12.5, 26.0 ], "rotation": 270 },
																		"down": { "texture": "#skin", "uv": [ 13.0, 25.0, 14.0, 26.0 ], "rotation": 90 }
																	}
																}
															]
														},
														{
															"name": "RFlukeEdge",
															"from": [ 1.0, 0.1, -0.9 ],
															"to": [ 2.6, 0.4, -0.1 ],
															"unwrapMode": 7,
															"unwrapRotation": 1,
															"uv": [ 14.5, 24.5 ],
															"rotationOrigin": [ 1.0, 0.1, -0.3 ],
															"rotationY": -55.0,
															"faces": {
																"north": { "texture": "#skin", "uv": [ 15.5, 25.0, 16.0, 26.5 ], "rotation": 90 },
																"east": { "texture": "#skin", "uv": [ 15.0, 26.5, 15.5, 27.0 ] },
																"south": { "texture": "#skin", "uv": [ 14.5, 25.0, 15.0, 26.5 ], "rotation": 270 },
																"west": { "texture": "#skin", "uv": [ 15.0, 24.5, 15.5, 25.0 ], "rotation": 180 },
																"up": { "texture": "#skin", "uv": [ 15.0, 25.0, 15.5, 26.5 ], "rotation": 270 },
																"down": { "texture": "#skin", "uv": [ 16.0, 25.0, 16.5, 26.5 ], "rotation": 90 }
															}
														}
													]
												},
												{
													"name": "Fluke Base2",
													"from": [ -0.1, 1.3, 0.25 ],
													"to": [ 2.3, 2.5, 1.25 ],
													"unwrapMode": 7,
													"unwrapRotation": 1,
													"uv": [ 14.0, 21.5 ],
													"rotationOrigin": [ -0.1, 1.7, 0.75 ],
													"rotationZ": -34.0,
													"faces": {
														"north": { "texture": "#skin", "uv": [ 16.0, 21.5, 17.0, 23.5 ], "rotation": 90 },
														"south": { "texture": "#skin", "uv": [ 14.0, 21.5, 15.0, 23.5 ], "rotation": 270 },
														"up": { "texture": "#skin", "uv": [ 15.0, 21.5, 16.0, 23.5 ], "rotation": 270 }
													}
												}
											]
										},
										{
											"name": "Uppertail3",
											"from": [ -0.4, 2.4, 0.3 ],
											"to": [ 1.8, 3.2, 1.3 ],
											"unwrapMode": 7,
											"unwrapRotation": 1,
											"uv": [ 17.5, 19.0 ],
											"rotationOrigin": [ -0.2, 2.4, 0.3 ],
											"rotationZ": -19.0,
											"faces": {
												"north": { "texture": "#skin", "uv": [ 19.0, 19.0, 19.5, 21.0 ], "rotation": 90 },
												"south": { "texture": "#skin", "uv": [ 17.5, 19.0, 18.0, 21.0 ], "rotation": 270 },
												"up": { "texture": "#skin", "uv": [ 18.0, 19.0, 19.0, 21.0 ], "rotation": 270 }
											}
										}
									]
								},
								{
									"name": "Uppertail2",
									"from": [ 0.0, 3.5, 0.25 ],
									"to": [ 2.0, 4.0, 2.25 ],
									"unwrapMode": 7,
									"unwrapRotation": 1,
									"uv": [ 17.5, 16.5 ],
									"rotationOrigin": [ 0.0, 3.5, 0.25 ],
									"rotationZ": -14.0,
									"faces": {
										"north": { "texture": "#skin", "uv": [ 20.0, 16.5, 20.5, 18.5 ], "rotation": 90 },
										"south": { "texture": "#skin", "uv": [ 17.5, 16.5, 18.0, 18.5 ], "rotation": 270 },
										"up": { "texture": "#skin", "uv": [ 18.0, 16.5, 20.0, 18.5 ], "rotation": 270 }
									}
								}
							]
						},
						{
							"name": "Uppertail1",
							"from": [ 0.0, 3.9, 0.1 ],
							"to": [ 2.5, 4.4, 2.9 ],
							"unwrapMode": 7,
							"unwrapRotation": 1,
							"uv": [ 16.5, 13.5 ],
							"rotationOrigin": [ 0.0, 3.9, 0.1 ],
							"rotationZ": -9.0,
							"faces": {
								"north": { "texture": "#skin", "uv": [ 19.5, 13.5, 20.0, 16.0 ], "rotation": 90 },
								"south": { "texture": "#skin", "uv": [ 16.5, 13.5, 17.0, 16.0 ], "rotation": 270 },
								"up": { "texture": "#skin", "uv": [ 17.0, 13.5, 19.5, 16.0 ], "rotation": 270 }
							}
						},
						{
							"name": "Dorsal Fin",
							"from": [ 0.5, 4.3, 1.2 ],
							"to": [ 1.1, 5.3, 1.8 ],
							"unwrapMode": 5,
							"unwrapRotation": 1,
							"autoUnwrap": false,
							"uv": [ 48.0, 19.0 ],
							"rotationOrigin": [ 0.5, 4.3, 1.2 ],
							"rotationZ": -10.0,
							"faces": {
								"north": { "texture": "#skin", "uv": [ 23.0, 17.0, 24.0, 17.5 ], "rotation": 270 },
								"east": { "texture": "#skin", "uv": [ 24.0, 15.5, 24.5, 16.5 ] },
								"south": { "texture": "#skin", "uv": [ 21.5, 17.0, 22.5, 17.5 ], "rotation": 90 },
								"west": { "texture": "#skin", "uv": [ 24.5, 15.5, 25.0, 16.5 ] },
								"up": { "texture": "#skin", "uv": [ 22.5, 17.0, 23.0, 17.5 ], "rotation": 90 }
							},
							"children": [
								{
									"name": "DorsalFinFront",
									"from": [ -1.0, -0.1, 0.05 ],
									"to": [ -0.3, 1.4, 0.55 ],
									"unwrapMode": 3,
									"autoUnwrap": false,
									"uv": [ 50.0, 22.5 ],
									"rotationOrigin": [ -1.0, -0.1, 0.05 ],
									"rotationZ": -44.0,
									"faces": {
										"north": { "texture": "#skin", "uv": [ 23.0, 15.0, 23.5, 16.5 ] },
										"south": { "texture": "#skin", "uv": [ 22.0, 15.0, 22.5, 16.5 ] },
										"west": { "texture": "#skin", "uv": [ 22.5, 15.0, 23.0, 16.5 ] }
									}
								},
								{
									"name": "DosalFinBack",
									"from": [ 1.3, 0.1, 0.05 ],
									"to": [ 2.1, 1.8, 0.55 ],
									"unwrapMode": 2,
									"uv": [ 22.0, 18.0 ],
									"rotationOrigin": [ 2.0, 0.1, 0.05 ],
									"rotationZ": 62.0,
									"faces": {
										"north": { "texture": "#skin", "uv": [ 23.0, 18.0, 23.5, 19.5 ] },
										"east": { "texture": "#skin", "uv": [ 22.5, 18.0, 23.0, 19.5 ] },
										"south": { "texture": "#skin", "uv": [ 22.0, 18.0, 22.5, 19.5 ] }
									}
								}
							]
						}
					]
				},
				{
					"name": "Neck1",
					"from": [ -2.5, 0.9, 0.1 ],
					"to": [ 0.2, 4.4, 3.4 ],
					"unwrapMode": 7,
					"unwrapRotation": 1,
					"autoUnwrap": false,
					"uv": [ 2.0, 4.5 ],
					"rotationOrigin": [ 0.0, 4.4, 1.8 ],
					"rotationZ": 5.0,
					"faces": {
						"north": { "texture": "#skin", "uv": [ 8.5, 6.5, 12.0, 9.0 ], "rotation": 90 },
						"south": { "texture": "#skin", "uv": [ 2.0, 6.5, 5.5, 9.0 ], "rotation": 270 },
						"west": { "texture": "#skin", "uv": [ 20.0, 5.5, 23.0, 9.0 ], "windMode": [-1,-1,-1,-1] },
						"up": { "texture": "#skin", "uv": [ 5.5, 6.5, 8.5, 9.0 ], "rotation": 270 },
						"down": { "texture": "#skin", "uv": [ 12.0, 6.5, 15.0, 9.0 ], "rotation": 90 }
					},
					"children": [
						{
							"name": "Neck2",
							"from": [ -0.7, 0.5, 0.15 ],
							"to": [ 0.3, 3.5, 3.15 ],
							"unwrapMode": 7,
							"unwrapRotation": 1,
							"autoUnwrap": false,
							"uv": [ 5.0, 3.0 ],
							"rotationOrigin": [ 0.3, 3.0, 1.65 ],
							"rotationZ": 5.0,
							"faces": {
								"north": { "texture": "#skin", "uv": [ 8.5, 5.0, 11.5, 6.0 ], "rotation": 90 },
								"south": { "texture": "#skin", "uv": [ 2.5, 5.0, 5.5, 6.0 ], "rotation": 270 },
								"west": { "texture": "#skin", "uv": [ 15.5, 3.0, 18.5, 6.0 ] },
								"up": { "texture": "#skin", "uv": [ 5.5, 5.0, 8.5, 6.0 ], "rotation": 270 },
								"down": { "texture": "#skin", "uv": [ 11.5, 5.0, 14.5, 6.0 ], "rotation": 90 }
							},
							"children": [
								{
									"name": "Head",
									"from": [ -2.7, 0.3, 0.35 ],
									"to": [ 0.1, 2.3, 2.65 ],
									"unwrapMode": 7,
									"unwrapRotation": 1,
									"autoUnwrap": false,
									"uv": [ 7.0, 0.5 ],
									"rotationOrigin": [ 0.0, 2.3, 1.55 ],
									"rotationZ": 4.0,
									"faces": {
										"north": { "texture": "#skin", "uv": [ 8.0, 2.0, 10.0, 4.5 ], "rotation": 90 },
										"south": { "texture": "#skin", "uv": [ 4.0, 2.0, 6.0, 4.5 ], "rotation": 270 },
										"west": { "texture": "#skin", "uv": [ 12.5, 2.0, 14.5, 4.0 ] },
										"up": { "texture": "#skin", "uv": [ 6.0, 2.0, 8.0, 4.5 ], "rotation": 270 },
										"down": { "texture": "#skin", "uv": [ 10.0, 2.0, 12.0, 4.5 ], "rotation": 90 }
									},
									"children": [
										{
											"name": "Head2",
											"from": [ -0.3, 0.6, 0.25 ],
											"to": [ 0.2, 1.9, 2.05 ],
											"unwrapMode": 7,
											"unwrapRotation": 1,
											"autoUnwrap": false,
											"uv": [ 7.5, -4.0 ],
											"rotationOrigin": [ 1.0, 1.9, 1.25 ],
											"rotationZ": 10.0,
											"faces": {
												"north": { "texture": "#skin", "uv": [ 7.5, 1.0, 8.5, 1.5 ], "rotation": 90 },
												"south": { "texture": "#skin", "uv": [ 5.0, 1.0, 6.0, 1.5 ], "rotation": 270 },
												"west": { "texture": "#skin", "uv": [ 2.0, 1.0, 3.5, 2.0 ] },
												"up": { "texture": "#skin", "uv": [ 6.0, 1.0, 7.5, 1.5 ], "rotation": 270 },
												"down": { "texture": "#skin", "uv": [ 8.5, 1.0, 10.0, 1.5 ], "rotation": 90 }
											},
											"children": [
												{
													"name": "UpperMouth 1",
													"from": [ -1.1, 0.0, 0.4 ],
													"to": [ 0.0, 0.6, 1.4 ],
													"unwrapMode": 5,
													"unwrapRotation": 1,
													"uv": [ 20.0, 20.0 ],
													"rotationOrigin": [ 0.0, 0.8, 0.4 ],
													"faces": {
														"north": { "texture": "#skin", "uv": [ 20.0, 20.0, 20.5, 21.0 ], "rotation": 270 },
														"south": { "texture": "#skin", "uv": [ 21.5, 20.0, 22.0, 21.0 ], "rotation": 90 },
														"west": { "texture": "#skin", "uv": [ 20.5, 21.0, 21.5, 21.5 ] },
														"up": { "texture": "#skin", "uv": [ 20.5, 20.0, 21.5, 21.0 ], "rotation": 90, "windMode": [-1,-1,-1,-1] },
														"down": { "texture": "#skin", "uv": [ 22.0, 20.0, 23.0, 21.0 ], "rotation": 270 }
													},
													"children": [
														{
															"name": "UpperMouth 2",
															"from": [ -1.1, 0.0, 0.1 ],
															"to": [ 0.0, 0.5, 0.9 ],
															"unwrapMode": 5,
															"unwrapRotation": 1,
															"uv": [ 22.0, 21.5 ],
															"rotationOrigin": [ 0.0, 0.0, 0.1 ],
															"rotationZ": -4.0,
															"faces": {
																"north": { "texture": "#skin", "uv": [ 22.0, 21.5, 22.5, 22.5 ], "rotation": 270 },
																"south": { "texture": "#skin", "uv": [ 23.0, 21.5, 23.5, 22.5 ], "rotation": 90 },
																"west": { "texture": "#skin", "uv": [ 22.5, 22.5, 23.0, 23.0 ] },
																"up": { "texture": "#skin", "uv": [ 22.5, 21.5, 23.0, 22.5 ], "rotation": 90, "windMode": [-1,-1,-1,-1] },
																"down": { "texture": "#skin", "uv": [ 23.5, 21.5, 24.0, 22.5 ], "rotation": 270 }
															},
															"children": [
																{
																	"name": "UpperMouth 3",
																	"from": [ -1.0, 0.0, 0.1 ],
																	"to": [ 0.0, 0.4, 0.7 ],
																	"unwrapMode": 5,
																	"unwrapRotation": 1,
																	"uv": [ 19.5, 22.5 ],
																	"rotationOrigin": [ 0.0, 0.0, 0.1 ],
																	"rotationZ": -4.0,
																	"faces": {
																		"north": { "texture": "#skin", "uv": [ 19.5, 22.5, 20.0, 23.5 ], "rotation": 270 },
																		"south": { "texture": "#skin", "uv": [ 20.5, 22.5, 21.0, 23.5 ], "rotation": 90 },
																		"west": { "texture": "#skin", "uv": [ 20.0, 23.5, 20.5, 24.0 ] },
																		"up": { "texture": "#skin", "uv": [ 20.0, 22.5, 20.5, 23.5 ], "rotation": 90, "windMode": [-1,-1,-1,-1] },
																		"down": { "texture": "#skin", "uv": [ 21.0, 22.5, 21.5, 23.5 ], "rotation": 270 }
																	},
																	"children": [
																		{
																			"name": "NoseBridge3",
																			"from": [ 0.1, 0.2, 0.05 ],
																			"to": [ 1.2, 0.4, 0.55 ],
																			"unwrapMode": 5,
																			"unwrapRotation": 1,
																			"uv": [ 19.0, 4.0 ],
																			"rotationOrigin": [ 0.1, 0.2, 0.05 ],
																			"rotationZ": 6.0,
																			"faces": {
																				"north": { "texture": "#skin", "uv": [ 19.0, 4.0, 19.5, 5.0 ], "rotation": 270 },
																				"south": { "texture": "#skin", "uv": [ 20.0, 4.0, 20.5, 5.0 ], "rotation": 90 },
																				"up": { "texture": "#skin", "uv": [ 19.5, 4.0, 20.0, 5.0 ], "rotation": 90 }
																			}
																		}
																	]
																},
																{
																	"name": "NoseBridge2",
																	"from": [ 0.1, 0.2, 0.05 ],
																	"to": [ 1.2, 0.5, 0.75 ],
																	"unwrapMode": 5,
																	"unwrapRotation": 1,
																	"uv": [ 19.0, 2.5 ],
																	"rotationOrigin": [ 0.1, 0.4, 0.05 ],
																	"rotationZ": 6.0,
																	"faces": {
																		"north": { "texture": "#skin", "uv": [ 19.0, 2.5, 19.5, 3.5 ], "rotation": 270 },
																		"south": { "texture": "#skin", "uv": [ 20.0, 2.5, 20.5, 3.5 ], "rotation": 90 },
																		"up": { "texture": "#skin", "uv": [ 19.5, 2.5, 20.0, 3.5 ], "rotation": 90 }
																	}
																}
															]
														},
														{
															"name": "NoseBridge",
															"from": [ 0.0, 0.1, 0.1 ],
															"to": [ 1.3, 0.6, 0.9 ],
															"unwrapMode": 5,
															"unwrapRotation": 1,
															"uv": [ 19.0, 1.0 ],
															"rotationOrigin": [ 0.1, 0.6, 0.1 ],
															"rotationZ": 25.0,
															"faces": {
																"north": { "texture": "#skin", "uv": [ 19.0, 1.0, 19.5, 2.0 ], "rotation": 270 },
																"south": { "texture": "#skin", "uv": [ 20.0, 1.0, 20.5, 2.0 ], "rotation": 90 },
																"up": { "texture": "#skin", "uv": [ 19.5, 1.0, 20.0, 2.0 ], "rotation": 90 }
															}
														}
													]
												}
											]
										},
										{
											"name": "Lower mouth",
											"from": [ 0.0, 0.0, 0.55 ],
											"to": [ 1.3, 0.7, 1.75 ],
											"unwrapMode": 5,
											"unwrapRotation": 1,
											"uv": [ 29.0, 17.0 ],
											"rotationOrigin": [ 1.2, 0.5, 0.55 ],
											"rotationZ": 2.0,
											"faces": {
												"north": { "texture": "#skin", "uv": [ 29.0, 17.0, 29.5, 18.0 ], "rotation": 270 },
												"south": { "texture": "#skin", "uv": [ 30.5, 17.0, 31.0, 18.0 ], "rotation": 90 },
												"west": { "texture": "#skin", "uv": [ 29.5, 18.0, 30.5, 18.5 ] },
												"up": { "texture": "#skin", "uv": [ 29.5, 17.0, 30.5, 18.0 ], "rotation": 90 },
												"down": { "texture": "#skin", "uv": [ 31.0, 17.0, 32.0, 18.0 ], "rotation": 270 }
											},
											"children": [
												{
													"name": "Lower mouth2",
													"from": [ -1.0, 0.1, 0.1 ],
													"to": [ 0.1, 0.6, 1.1 ],
													"unwrapMode": 5,
													"unwrapRotation": 1,
													"uv": [ 29.0, 19.0 ],
													"rotationOrigin": [ 0.0, 0.1, 0.1 ],
													"rotationX": 0.1,
													"rotationY": 0.1,
													"rotationZ": 3.0,
													"faces": {
														"north": { "texture": "#skin", "uv": [ 29.0, 19.0, 29.5, 20.0 ], "rotation": 270 },
														"south": { "texture": "#skin", "uv": [ 30.5, 19.0, 31.0, 20.0 ], "rotation": 90 },
														"west": { "texture": "#skin", "uv": [ 29.5, 20.0, 30.5, 20.5 ] },
														"up": { "texture": "#skin", "uv": [ 29.5, 19.0, 30.5, 20.0 ], "rotation": 90 },
														"down": { "texture": "#skin", "uv": [ 31.0, 19.0, 32.0, 20.0 ], "rotation": 270 }
													},
													"children": [
														{
															"name": "Lower mouth3",
															"from": [ -1.0, 0.0, 0.15 ],
															"to": [ 0.1, 0.5, 0.85 ],
															"unwrapMode": 5,
															"unwrapRotation": 1,
															"uv": [ 29.0, 21.0 ],
															"rotationOrigin": [ 0.0, 0.0, 0.15 ],
															"rotationZ": -2.0,
															"faces": {
																"north": { "texture": "#skin", "uv": [ 29.0, 21.0, 29.5, 22.0 ], "rotation": 270 },
																"south": { "texture": "#skin", "uv": [ 30.0, 21.0, 30.5, 22.0 ], "rotation": 90 },
																"west": { "texture": "#skin", "uv": [ 29.5, 22.0, 30.0, 22.5 ] },
																"up": { "texture": "#skin", "uv": [ 29.5, 21.0, 30.0, 22.0 ], "rotation": 90 },
																"down": { "texture": "#skin", "uv": [ 30.5, 21.0, 31.0, 22.0 ], "rotation": 270 }
															},
															"children": [
																{
																	"name": "Lower mouth4",
																	"from": [ -1.2, 0.0, 0.1 ],
																	"to": [ 0.1, 0.5, 0.6 ],
																	"unwrapMode": 5,
																	"unwrapRotation": 1,
																	"uv": [ 30.5, 22.5 ],
																	"rotationOrigin": [ 0.0, 0.0, 0.1 ],
																	"faces": {
																		"north": { "texture": "#skin", "uv": [ 30.5, 22.5, 31.0, 23.5 ], "rotation": 270 },
																		"south": { "texture": "#skin", "uv": [ 31.5, 22.5, 32.0, 23.5 ], "rotation": 90 },
																		"west": { "texture": "#skin", "uv": [ 31.0, 23.5, 31.5, 24.0 ] },
																		"up": { "texture": "#skin", "uv": [ 31.0, 22.5, 31.5, 23.5 ], "rotation": 90 },
																		"down": { "texture": "#skin", "uv": [ 32.0, 22.5, 32.5, 23.5 ], "rotation": 270 }
																	}
																}
															]
														}
													]
												}
											]
										},
										{
											"name": "Melon1",
											"from": [ 1.3, 1.8, 0.05 ],
											"to": [ 2.8, 2.7, 2.25 ],
											"unwrapMode": 7,
											"unwrapRotation": 1,
											"uv": [ 25.5, 20.0 ],
											"rotationOrigin": [ 2.3, 1.8, 0.05 ],
											"rotationZ": -5.0,
											"faces": {
												"north": { "texture": "#skin", "uv": [ 28.0, 20.5, 28.5, 22.0 ], "rotation": 90 },
												"south": { "texture": "#skin", "uv": [ 25.5, 20.5, 26.0, 22.0 ], "rotation": 270 },
												"west": { "texture": "#skin", "uv": [ 26.0, 20.0, 28.0, 20.5 ], "rotation": 180 },
												"up": { "texture": "#skin", "uv": [ 26.0, 20.5, 28.0, 22.0 ], "rotation": 270 }
											}
										},
										{
											"name": "Melon2",
											"from": [ 0.4, 1.9, 0.15 ],
											"to": [ 1.4, 2.8, 2.15 ],
											"unwrapMode": 7,
											"unwrapRotation": 1,
											"uv": [ 25.5, 18.0 ],
											"rotationOrigin": [ 1.4, 2.8, 0.15 ],
											"rotationY": 0.1,
											"rotationZ": 8.0,
											"faces": {
												"north": { "texture": "#skin", "uv": [ 28.0, 18.5, 28.5, 19.5 ], "rotation": 90 },
												"south": { "texture": "#skin", "uv": [ 25.5, 18.5, 26.0, 19.5 ], "rotation": 270 },
												"west": { "texture": "#skin", "uv": [ 26.0, 18.0, 28.0, 18.5 ], "rotation": 180 },
												"up": { "texture": "#skin", "uv": [ 26.0, 18.5, 28.0, 19.5 ], "rotation": 270 }
											}
										},
										{
											"name": "Melon3",
											"from": [ -0.6, 1.9, 0.3 ],
											"to": [ 0.6, 2.7, 2.0 ],
											"unwrapMode": 7,
											"unwrapRotation": 1,
											"uv": [ 25.5, 16.0 ],
											"rotationOrigin": [ 0.6, 2.5, 0.3 ],
											"rotationZ": 53.0,
											"faces": {
												"north": { "texture": "#skin", "uv": [ 27.5, 16.5, 28.0, 17.5 ], "rotation": 90 },
												"south": { "texture": "#skin", "uv": [ 25.5, 16.5, 26.0, 17.5 ], "rotation": 270 },
												"west": { "texture": "#skin", "uv": [ 26.0, 16.0, 27.5, 16.5 ], "rotation": 180 },
												"up": { "texture": "#skin", "uv": [ 26.0, 16.5, 27.5, 17.5 ], "rotation": 270 }
											}
										},
										{
											"name": "REye",
											"from": [ 0.9, 1.3, -0.01 ],
											"to": [ 1.1, 1.5, 0.09 ],
											"unwrapMode": 3,
											"uv": [ 25.0, 22.5 ],
											"rotationOrigin": [ 0.9, 1.3, -0.01 ],
											"faces": {
												"north": { "texture": "#skin", "uv": [ 26.0, 23.0, 26.5, 23.5 ] },
												"east": { "texture": "#skin", "uv": [ 25.5, 23.0, 26.0, 23.5 ] },
												"west": { "texture": "#skin", "uv": [ 25.0, 23.0, 25.5, 23.5 ] },
												"up": { "texture": "#skin", "uv": [ 25.5, 22.5, 26.0, 23.0 ] },
												"down": { "texture": "#skin", "uv": [ 25.5, 23.5, 26.0, 24.0 ], "rotation": 180 }
											},
											"children": [
												{
													"name": "RPupil",
													"from": [ 0.05, 0.05, -0.01 ],
													"to": [ 0.15, 0.15, 0.09 ],
													"unwrapMode": 3,
													"uv": [ 27.0, 22.5 ],
													"rotationOrigin": [ 0.05, 0.05, -0.01 ],
													"faces": {
														"north": { "texture": "#skin", "uv": [ 28.0, 23.0, 28.5, 23.5 ] },
														"east": { "texture": "#skin", "uv": [ 27.5, 23.0, 28.0, 23.5 ] },
														"west": { "texture": "#skin", "uv": [ 27.0, 23.0, 27.5, 23.5 ] },
														"up": { "texture": "#skin", "uv": [ 27.5, 22.5, 28.0, 23.0 ] },
														"down": { "texture": "#skin", "uv": [ 27.5, 23.5, 28.0, 24.0 ], "rotation": 180 }
													}
												}
											]
										},
										{
											"name": "LEye",
											"from": [ 0.9, 1.3, 2.21 ],
											"to": [ 1.1, 1.5, 2.31 ],
											"unwrapMode": 1,
											"uv": [ 25.0, 22.5 ],
											"rotationOrigin": [ 0.9, 1.3, 2.21 ],
											"faces": {
												"east": { "texture": "#skin", "uv": [ 25.0, 23.0, 25.5, 23.5 ] },
												"south": { "texture": "#skin", "uv": [ 26.0, 23.0, 26.5, 23.5 ], "windMode": [-1,-1,-1,-1] },
												"west": { "texture": "#skin", "uv": [ 25.5, 23.0, 26.0, 23.5 ] },
												"up": { "texture": "#skin", "uv": [ 25.5, 22.5, 26.0, 23.0 ], "rotation": 180 },
												"down": { "texture": "#skin", "uv": [ 25.5, 23.5, 26.0, 24.0 ] }
											},
											"children": [
												{
													"name": "LPupil",
													"from": [ 0.05, 0.05, 0.01 ],
													"to": [ 0.15, 0.15, 0.11 ],
													"unwrapMode": 1,
													"uv": [ 27.0, 22.5 ],
													"rotationOrigin": [ 0.05, 0.05, 0.01 ],
													"faces": {
														"east": { "texture": "#skin", "uv": [ 27.0, 23.0, 27.5, 23.5 ] },
														"south": { "texture": "#skin", "uv": [ 28.0, 23.0, 28.5, 23.5 ], "windMode": [-1,-1,-1,-1] },
														"west": { "texture": "#skin", "uv": [ 27.5, 23.0, 28.0, 23.5 ] },
														"up": { "texture": "#skin", "uv": [ 27.5, 22.5, 28.0, 23.0 ], "rotation": 180 },
														"down": { "texture": "#skin", "uv": [ 27.5, 23.5, 28.0, 24.0 ] }
													}
												}
											]
										}
									]
								}
							],
							"attachmentpoints": [
								{
									"code": "rope",
									"posX": "0.0","posY": "0.0","posZ": "1.5",
									"rotationX": "0.0","rotationY": "0.0","rotationZ": "0.0"
								}
							]
						},
						{
							"name": "R Shoulder",
							"from": [ 0.3, -0.5, -0.2 ],
							"to": [ 1.6, 1.0, 0.3 ],
							"unwrapMode": 1,
							"uv": [ 27.5, 1.0 ],
							"rotationOrigin": [ 0.8, 0.5, 0.1 ],
							"rotationX": 25.0,
							"faces": {
								"north": { "texture": "#skin", "uv": [ 28.0, 1.5, 29.0, 3.0 ] },
								"east": { "texture": "#skin", "uv": [ 27.5, 1.5, 28.0, 3.0 ] },
								"south": { "texture": "#skin", "uv": [ 29.5, 1.5, 30.5, 3.0 ] },
								"west": { "texture": "#skin", "uv": [ 29.0, 1.5, 29.5, 3.0 ] },
								"up": { "texture": "#skin", "uv": [ 28.0, 1.0, 29.0, 1.5 ], "rotation": 180 },
								"down": { "texture": "#skin", "uv": [ 28.0, 3.0, 29.0, 3.5 ] }
							},
							"children": [
								{
									"name": "R flipper",
									"from": [ -0.1, -1.2, 0.0 ],
									"to": [ 1.5, 0.3, 0.6 ],
									"unwrapMode": 1,
									"uv": [ 28.0, 4.0 ],
									"rotationOrigin": [ -0.1, 0.3, 0.1 ],
									"rotationZ": 15.0,
									"faces": {
										"north": { "texture": "#skin", "uv": [ 28.5, 4.5, 30.0, 6.0 ] },
										"east": { "texture": "#skin", "uv": [ 28.0, 4.5, 28.5, 6.0 ] },
										"south": { "texture": "#skin", "uv": [ 30.5, 4.5, 32.0, 6.0 ] },
										"west": { "texture": "#skin", "uv": [ 30.0, 4.5, 30.5, 6.0 ] },
										"up": { "texture": "#skin", "uv": [ 28.5, 4.0, 30.0, 4.5 ], "rotation": 180 },
										"down": { "texture": "#skin", "uv": [ 28.5, 6.0, 30.0, 6.5 ] }
									},
									"children": [
										{
											"name": "R flipper 2",
											"from": [ 0.0, 0.0, 0.1 ],
											"to": [ 1.5, 1.5, 0.6 ],
											"unwrapMode": 1,
											"uv": [ 28.0, 7.0 ],
											"rotationOrigin": [ 0.0, 0.0, 0.1 ],
											"rotationZ": -65.0,
											"faces": {
												"north": { "texture": "#skin", "uv": [ 28.5, 7.5, 30.0, 9.0 ] },
												"east": { "texture": "#skin", "uv": [ 28.0, 7.5, 28.5, 9.0 ] },
												"south": { "texture": "#skin", "uv": [ 30.5, 7.5, 32.0, 9.0 ] },
												"west": { "texture": "#skin", "uv": [ 30.0, 7.5, 30.5, 9.0 ] },
												"up": { "texture": "#skin", "uv": [ 28.5, 7.0, 30.0, 7.5 ], "rotation": 180 },
												"down": { "texture": "#skin", "uv": [ 28.5, 9.0, 30.0, 9.5 ] }
											}
										}
									]
								}
							]
						},
						{
							"name": "L Shoulder",
							"from": [ 0.3, -0.5, 3.1 ],
							"to": [ 1.6, 1.0, 3.6 ],
							"unwrapMode": 3,
							"uv": [ 23.0, 1.0 ],
							"rotationOrigin": [ 0.8, 0.5, 3.3 ],
							"rotationX": -25.0,
							"faces": {
								"north": { "texture": "#skin", "uv": [ 25.0, 1.5, 26.0, 3.0 ] },
								"east": { "texture": "#skin", "uv": [ 24.5, 1.5, 25.0, 3.0 ] },
								"south": { "texture": "#skin", "uv": [ 23.5, 1.5, 24.5, 3.0 ] },
								"west": { "texture": "#skin", "uv": [ 23.0, 1.5, 23.5, 3.0 ] },
								"up": { "texture": "#skin", "uv": [ 23.5, 1.0, 24.5, 1.5 ] },
								"down": { "texture": "#skin", "uv": [ 23.5, 3.0, 24.5, 3.5 ], "rotation": 180 }
							},
							"children": [
								{
									"name": "L flipper",
									"from": [ -0.1, -1.2, 0.0 ],
									"to": [ 1.5, 0.3, 0.6 ],
									"unwrapMode": 3,
									"uv": [ 23.5, 4.0 ],
									"rotationOrigin": [ -0.1, 0.3, 0.5 ],
									"rotationZ": 15.0,
									"faces": {
										"north": { "texture": "#skin", "uv": [ 26.0, 4.5, 27.5, 6.0 ] },
										"east": { "texture": "#skin", "uv": [ 25.5, 4.5, 26.0, 6.0 ] },
										"south": { "texture": "#skin", "uv": [ 24.0, 4.5, 25.5, 6.0 ] },
										"west": { "texture": "#skin", "uv": [ 23.5, 4.5, 24.0, 6.0 ] },
										"up": { "texture": "#skin", "uv": [ 24.0, 4.0, 25.5, 4.5 ] },
										"down": { "texture": "#skin", "uv": [ 24.0, 6.0, 25.5, 6.5 ], "rotation": 180 }
									},
									"children": [
										{
											"name": "L flipper 2",
											"from": [ 0.0, 0.0, 0.1 ],
											"to": [ 1.5, 1.5, 0.6 ],
											"unwrapMode": 3,
											"uv": [ 23.5, 7.0 ],
											"rotationOrigin": [ 0.0, 0.0, 0.6 ],
											"rotationZ": -65.0,
											"faces": {
												"north": { "texture": "#skin", "uv": [ 26.0, 7.5, 27.5, 9.0 ] },
												"east": { "texture": "#skin", "uv": [ 25.5, 7.5, 26.0, 9.0 ] },
												"south": { "texture": "#skin", "uv": [ 24.0, 7.5, 25.5, 9.0 ] },
												"west": { "texture": "#skin", "uv": [ 23.5, 7.5, 24.0, 9.0 ] },
												"up": { "texture": "#skin", "uv": [ 24.0, 7.0, 25.5, 7.5 ] },
												"down": { "texture": "#skin", "uv": [ 24.0, 9.0, 25.5, 9.5 ], "rotation": 180 }
											}
										}
									]
								}
							]
						},
						{
							"name": "LowerNeck",
							"from": [ 0.1, 0.0, 0.15 ],
							"to": [ 2.6, 0.9, 3.15 ],
							"unwrapMode": 6,
							"unwrapRotation": 1,
							"uv": [ 15.5, 6.5 ],
							"rotationOrigin": [ 0.1, 0.0, 0.15 ],
							"rotationZ": -22.0,
							"faces": {
								"north": { "texture": "#skin", "uv": [ 15.5, 6.5, 16.0, 9.0 ], "rotation": 90 },
								"south": { "texture": "#skin", "uv": [ 19.0, 6.5, 19.5, 9.0 ], "rotation": 270 },
								"down": { "texture": "#skin", "uv": [ 16.0, 6.5, 19.0, 9.0 ], "rotation": 90 }
							}
						}
					]
				}
			],
			"attachmentpoints": [
				{
					"code": "Center",
					"posX": "2.0","posY": "3.0","posZ": "1.7",
					"rotationX": "0.0","rotationY": "0.0","rotationZ": "0.0"
				}
			]
		}
	],
	"animations": [
		{
			"name": "Swim",
			"code": "swim",
			"quantityframes": 30,
			"onActivityStopped": "EaseOut",
			"onAnimationEnd": "Repeat",
			"keyframes": [
				{
					"frame": 0,
					"elements": {
						"Body": { "rotationX": 0.0, "rotationY": 0.0, "rotationZ": 1.0 },
						"R Shoulder": { "rotationX": 25.0, "rotationY": 0.0, "rotationZ": 0.0 },
						"L Shoulder": { "rotationX": -25.0, "rotationY": 0.0, "rotationZ": 0.0 },
						"Head": { "offsetX": 0.25, "offsetY": 0.0, "offsetZ": 0.0 }
					}
				},
				{
					"frame": 1,
					"elements": {
						"Tail1": { "rotationX": 0.0, "rotationY": 0.0, "rotationZ": 2.0 },
						"Neck1": { "rotationX": 0.0, "rotationY": 0.0, "rotationZ": -1.0 }
					}
				},
				{
					"frame": 2,
					"elements": {
						"Tail2": { "rotationX": 0.0, "rotationY": 0.0, "rotationZ": 4.0 },
						"Neck2": { "rotationX": 0.0, "rotationY": 0.0, "rotationZ": -2.0 }
					}
				},
				{
					"frame": 3,
					"elements": {
						"Tail3": { "rotationX": 0.0, "rotationY": 0.0, "rotationZ": 4.0 },
						"Head": { "rotationX": 0.0, "rotationY": 0.0, "rotationZ": -4.0 }
					}
				},
				{
					"frame": 4,
					"elements": {
						"Fluke Base": { "rotationX": 0.0, "rotationY": 0.0, "rotationZ": 8.0 }
					}
				},
				{
					"frame": 5,
					"elements": {
						"LFluke1": { "rotationX": 0.0, "rotationY": 0.0, "rotationZ": 8.0 },
						"RFluke1": { "rotationX": 0.0, "rotationY": 0.0, "rotationZ": 8.0 }
					}
				},
				{
					"frame": 15,
					"elements": {
						"Body": { "rotationX": 0.0, "rotationY": 0.0, "rotationZ": -1.0 },
						"R Shoulder": { "rotationX": 15.0, "rotationY": 0.0, "rotationZ": 0.0 },
						"L Shoulder": { "rotationX": -15.0, "rotationY": 0.0, "rotationZ": 0.0 }
					}
				},
				{
					"frame": 17,
					"elements": {
						"Tail1": { "rotationX": 0.0, "rotationY": 0.0, "rotationZ": -2.0 },
						"Neck1": { "rotationX": 0.0, "rotationY": 0.0, "rotationZ": 1.0 }
					}
				},
				{
					"frame": 19,
					"elements": {
						"Tail2": { "rotationX": 0.0, "rotationY": 0.0, "rotationZ": -4.0 },
						"Neck2": { "rotationX": 0.0, "rotationY": 0.0, "rotationZ": 2.0 }
					}
				},
				{
					"frame": 21,
					"elements": {
						"Tail3": { "rotationX": 0.0, "rotationY": 0.0, "rotationZ": -4.0 },
						"Head": { "rotationX": 0.0, "rotationY": 0.0, "rotationZ": -11.0 }
					}
				},
				{
					"frame": 23,
					"elements": {
						"Fluke Base": { "rotationX": 0.0, "rotationY": 0.0, "rotationZ": -8.0 }
					}
				},
				{
					"frame": 25,
					"elements": {
						"LFluke1": { "rotationX": 0.0, "rotationY": 0.0, "rotationZ": -8.0 },
						"RFluke1": { "rotationX": 0.0, "rotationY": 0.0, "rotationZ": -8.0 }
					}
				}
			]
		},

		{
			"name": "Swimfast",
			"code": "swimfast",
			"quantityframes": 30,
			"onActivityStopped": "EaseOut",
			"onAnimationEnd": "Repeat",
			"keyframes": [
				{
					"frame": 0,
					"elements": {
						"Body": { "rotationX": 0.0, "rotationY": 0.0, "rotationZ": 2.0 },
						"R Shoulder": { "rotationX": 27.0, "rotationY": 0.0, "rotationZ": 0.0 },
						"L Shoulder": { "rotationX": -27.0, "rotationY": 0.0, "rotationZ": 0.0 }
					}
				},
				{
					"frame": 1,
					"elements": {
						"Tail1": { "rotationX": 0.0, "rotationY": 0.0, "rotationZ": 3.0 },
						"Neck1": { "rotationX": 0.0, "rotationY": 0.0, "rotationZ": -6.0 }
					}
				},
				{
					"frame": 2,
					"elements": {
						"Tail2": { "rotationX": 0.0, "rotationY": 0.0, "rotationZ": 6.0 },
						"Neck2": { "rotationX": 0.0, "rotationY": 0.0, "rotationZ": -9.0 }
					}
				},
				{
					"frame": 3,
					"elements": {
						"Tail3": { "rotationX": 0.0, "rotationY": 0.0, "rotationZ": 6.0 },
						"Head": { "rotationX": 0.0, "rotationY": 0.0, "rotationZ": 2.0 }
					}
				},
				{
					"frame": 4,
					"elements": {
						"Fluke Base": { "rotationX": 0.0, "rotationY": 0.0, "rotationZ": 12.0 }
					}
				},
				{
					"frame": 5,
					"elements": {
						"LFluke1": { "rotationX": 0.0, "rotationY": 0.0, "rotationZ": 12.0 },
						"RFluke1": { "rotationX": 0.0, "rotationY": 0.0, "rotationZ": 12.0 }
					}
				},
				{
					"frame": 15,
					"elements": {
						"Body": { "rotationX": 0.0, "rotationY": 0.0, "rotationZ": -2.0 },
						"R Shoulder": { "rotationX": 13.0, "rotationY": 0.0, "rotationZ": 0.0 },
						"L Shoulder": { "rotationX": -13.0, "rotationY": 0.0, "rotationZ": 0.0 }
					}
				},
				{
					"frame": 17,
					"elements": {
						"Tail1": { "rotationX": 0.0, "rotationY": 0.0, "rotationZ": -3.0 },
						"Neck1": { "rotationX": 0.0, "rotationY": 0.0, "rotationZ": -2.0 }
					}
				},
				{
					"frame": 19,
					"elements": {
						"Tail2": { "rotationX": 0.0, "rotationY": 0.0, "rotationZ": -6.0 },
						"Neck2": { "rotationX": 0.0, "rotationY": 0.0, "rotationZ": 2.0 }
					}
				},
				{
					"frame": 21,
					"elements": {
						"Tail3": { "rotationX": 0.0, "rotationY": 0.0, "rotationZ": -6.0 },
						"Head": { "rotationX": 0.0, "rotationY": 0.0, "rotationZ": -2.0 }
					}
				},
				{
					"frame": 23,
					"elements": {
						"Fluke Base": { "rotationX": 0.0, "rotationY": 0.0, "rotationZ": -12.0 }
					}
				},
				{
					"frame": 25,
					"elements": {
						"LFluke1": { "rotationX": 0.0, "rotationY": 0.0, "rotationZ": -12.0 },
						"RFluke1": { "rotationX": 0.0, "rotationY": 0.0, "rotationZ": -12.0 }
					}
				}
			]
		},

		{
			"name": "Idle",
			"code": "idle",
			"quantityframes": 30,
			"onActivityStopped": "EaseOut",
			"onAnimationEnd": "Repeat",
			"keyframes": [
				{
					"frame": 0,
					"elements": {
						"Tail1": { "rotationX": 0.0, "rotationY": 0.0, "rotationZ": -4.0 },
						"Neck1": { "rotationX": 0.0, "rotationY": 0.0, "rotationZ": 2.0 },
						"R Shoulder": { "rotationX": 25.0, "rotationY": 0.0, "rotationZ": 0.0 },
						"R flipper": { "rotationX": -2.0, "rotationY": 0.0, "rotationZ": 0.0 },
						"L Shoulder": { "rotationX": -30.0, "rotationY": 0.0, "rotationZ": 0.0 },
						"L flipper": { "rotationX": 2.0, "rotationY": 0.0, "rotationZ": 0.0 }
					}
				},
				{
					"frame": 1,
					"elements": {
						"Tail2": { "rotationX": 0.0, "rotationY": 0.0, "rotationZ": -4.0 },
						"Neck2": { "rotationX": 0.0, "rotationY": 0.0, "rotationZ": 2.0 }
					}
				},
				{
					"frame": 2,
					"elements": {
						"Tail3": { "rotationX": 0.0, "rotationY": 0.0, "rotationZ": -4.0 },
						"Head": { "rotationX": 0.0, "rotationY": 0.0, "rotationZ": 2.0 }
					}
				},
				{
					"frame": 3,
					"elements": {
						"Fluke Base": { "rotationX": 0.0, "rotationY": 0.0, "rotationZ": -4.0 }
					}
				},
				{
					"frame": 4,
					"elements": {
						"LFluke1": { "rotationX": 0.0, "rotationY": 0.0, "rotationZ": -4.0 },
						"RFluke1": { "rotationX": 0.0, "rotationY": 0.0, "rotationZ": -4.0 }
					}
				},
				{
					"frame": 10,
					"elements": {
						"Tail1": { "rotationX": 0.0, "rotationY": 0.0, "rotationZ": -2.0 },
						"Neck1": { "rotationX": 0.0, "rotationY": 0.0, "rotationZ": 1.0 },
						"R Shoulder": { "rotationX": -2.0, "rotationY": 0.0, "rotationZ": 0.0 },
						"R flipper": { "rotationX": 0.0, "rotationY": 0.0, "rotationZ": 0.0 },
						"L Shoulder": { "rotationX": 0.0, "rotationY": 0.0, "rotationZ": 0.0 },
						"L flipper": { "rotationX": 0.0, "rotationY": 0.0, "rotationZ": 0.0 }
					}
				},
				{
					"frame": 12,
					"elements": {
						"Tail2": { "rotationX": 0.0, "rotationY": 0.0, "rotationZ": -2.0 },
						"Neck2": { "rotationX": 0.0, "rotationY": 0.0, "rotationZ": 1.0 }
					}
				},
				{
					"frame": 14,
					"elements": {
						"Tail3": { "rotationX": 0.0, "rotationY": 0.0, "rotationZ": -2.0 },
						"Head": { "rotationX": 0.0, "rotationY": 0.0, "rotationZ": 1.0 }
					}
				},
				{
					"frame": 16,
					"elements": {
						"Fluke Base": { "rotationX": 0.0, "rotationY": 0.0, "rotationZ": -2.0 }
					}
				},
				{
					"frame": 18,
					"elements": {
						"LFluke1": { "rotationX": 0.0, "rotationY": 0.0, "rotationZ": -2.0 },
						"RFluke1": { "rotationX": 0.0, "rotationY": 0.0, "rotationZ": -2.0 }
					}
				}
			]
		},

		{
			"name": "Susu",
			"code": "susu",
			"quantityframes": 30,
			"onActivityStopped": "EaseOut",
			"onAnimationEnd": "Repeat",
			"keyframes": [
				{
					"frame": 0,
					"elements": {
						"Tail1": { "rotationX": 0.0, "rotationY": 0.0, "rotationZ": -4.0 },
						"Neck1": { "rotationX": 0.0, "rotationY": 0.0, "rotationZ": 2.0 },
						"R Shoulder": { "rotationX": 25.0, "rotationY": 0.0, "rotationZ": 0.0 },
						"R flipper": { "rotationX": -2.0, "rotationY": 0.0, "rotationZ": 0.0 },
						"L Shoulder": { "rotationX": -30.0, "rotationY": 0.0, "rotationZ": 0.0 },
						"L flipper": { "rotationX": 2.0, "rotationY": 0.0, "rotationZ": 0.0 },
						"Body": { "rotationX": 0.0, "rotationY": 0.0, "rotationZ": -90.0 }
					}
				},
				{
					"frame": 1,
					"elements": {
						"Tail2": { "rotationX": 0.0, "rotationY": 0.0, "rotationZ": -4.0 },
						"Neck2": { "rotationX": 0.0, "rotationY": 0.0, "rotationZ": 2.0 }
					}
				},
				{
					"frame": 2,
					"elements": {
						"Tail3": { "rotationX": 0.0, "rotationY": 0.0, "rotationZ": -4.0 },
						"Head": { "rotationX": 0.0, "rotationY": 0.0, "rotationZ": 2.0 }
					}
				},
				{
					"frame": 3,
					"elements": {
						"Fluke Base": { "rotationX": 0.0, "rotationY": 0.0, "rotationZ": -4.0 }
					}
				},
				{
					"frame": 4,
					"elements": {
						"LFluke1": { "rotationX": 0.0, "rotationY": 0.0, "rotationZ": -4.0 },
						"RFluke1": { "rotationX": 0.0, "rotationY": 0.0, "rotationZ": -4.0 }
					}
				},
				{
					"frame": 10,
					"elements": {
						"Tail1": { "rotationX": 0.0, "rotationY": 0.0, "rotationZ": -2.0 },
						"Neck1": { "rotationX": 0.0, "rotationY": 0.0, "rotationZ": 1.0 },
						"R Shoulder": { "rotationX": -2.0, "rotationY": 0.0, "rotationZ": 0.0 },
						"R flipper": { "rotationX": 0.0, "rotationY": 0.0, "rotationZ": 0.0 },
						"L Shoulder": { "rotationX": 0.0, "rotationY": 0.0, "rotationZ": 0.0 },
						"L flipper": { "rotationX": 0.0, "rotationY": 0.0, "rotationZ": 0.0 },
						"Body": { "rotationX": 0.0, "rotationY": 0.0, "rotationZ": -105.0 }
					}
				},
				{
					"frame": 12,
					"elements": {
						"Tail2": { "rotationX": 0.0, "rotationY": 0.0, "rotationZ": -2.0 },
						"Neck2": { "rotationX": 0.0, "rotationY": 0.0, "rotationZ": 1.0 }
					}
				},
				{
					"frame": 14,
					"elements": {
						"Tail3": { "rotationX": 0.0, "rotationY": 0.0, "rotationZ": -2.0 },
						"Head": { "rotationX": 0.0, "rotationY": 0.0, "rotationZ": 1.0 }
					}
				},
				{
					"frame": 16,
					"elements": {
						"Fluke Base": { "rotationX": 0.0, "rotationY": 0.0, "rotationZ": -2.0 }
					}
				},
				{
					"frame": 18,
					"elements": {
						"LFluke1": { "rotationX": 0.0, "rotationY": 0.0, "rotationZ": -2.0 },
						"RFluke1": { "rotationX": 0.0, "rotationY": 0.0, "rotationZ": -2.0 }
					}
				}
			]
		},

		{
			"name": "Dead-Floating",
			"code": "death",
			"quantityframes": 30,
			"onActivityStopped": "PlayTillEnd",
			"onAnimationEnd": "Hold",
			"keyframes": [
				{
					"frame": 0,
					"elements": {
						"Body": { "offsetX": 0.0, "offsetY": 0.0, "offsetZ": 0.0, "rotationX": 0.0, "rotationY": 0.0, "rotationZ": 0.0 },
						"Tail1": { "rotationX": 0.0, "rotationY": 0.0, "rotationZ": 0.0 },
						"Tail2": { "rotationX": 0.0, "rotationY": 0.0, "rotationZ": 0.0 },
						"Tail3": { "rotationX": 0.0, "rotationY": 0.0, "rotationZ": 0.0 },
						"Fluke Base": { "rotationX": 0.0, "rotationY": 0.0, "rotationZ": 0.0 },
						"Neck1": { "rotationX": 0.0, "rotationY": 0.0, "rotationZ": 0.0 },
						"Neck2": { "rotationX": 0.0, "rotationY": 0.0, "rotationZ": 0.0 },
						"Head": { "rotationX": 0.0, "rotationY": 0.0, "rotationZ": 0.0 },
						"Lower mouth": { "rotationX": 0.0, "rotationY": 0.0, "rotationZ": 0.0 },
						"R Shoulder": { "rotationX": 0.0, "rotationY": 0.0, "rotationZ": 0.0 },
						"R flipper": { "rotationX": 0.0, "rotationY": 0.0, "rotationZ": 0.0 },
						"L Shoulder": { "rotationX": 0.0, "rotationY": 0.0, "rotationZ": 0.0 },
						"L flipper": { "rotationX": 0.0, "rotationY": 0.0, "rotationZ": 0.0 }
					}
				},
				{
					"frame": 12,
					"elements": {
						"Body": { "offsetX": 0.0, "offsetY": 0.5, "offsetZ": 0.0, "rotationX": 5.0, "rotationY": 0.0, "rotationZ": 0.0 },
						"Tail1": { "rotationX": 0.0, "rotationY": -5.0, "rotationZ": -5.0 },
						"Tail2": { "rotationX": 0.0, "rotationY": -4.0, "rotationZ": -4.0 },
						"Tail3": { "rotationX": 0.0, "rotationY": -4.0, "rotationZ": -4.0 },
						"Fluke Base": { "rotationX": 0.0, "rotationY": -4.0, "rotationZ": -4.0 },
						"Neck1": { "rotationX": 0.0, "rotationY": 4.0, "rotationZ": 4.0 },
						"Neck2": { "rotationX": 0.0, "rotationY": 4.0, "rotationZ": 0.0 },
						"Head": { "rotationX": 0.0, "rotationY": 4.0, "rotationZ": 0.0 }
					}
				},
				{
					"frame": 28,
					"elements": {
						"Body": { "offsetX": 0.0, "offsetY": 2.0, "offsetZ": 0.0, "rotationX": -87.0, "rotationY": 0.0, "rotationZ": 0.0 },
						"Tail1": { "rotationX": 0.0, "rotationY": 5.0, "rotationZ": 0.0 },
						"Tail2": { "rotationX": 2.0, "rotationY": 8.0, "rotationZ": 0.0 },
						"Tail3": { "rotationX": 0.0, "rotationY": 12.0, "rotationZ": 0.0 },
						"Fluke Base": { "rotationX": 15.0, "rotationY": 5.0, "rotationZ": 0.0 },
						"Neck1": { "rotationX": 0.0, "rotationY": -5.0, "rotationZ": 0.0 },
						"Neck2": { "rotationX": 0.0, "rotationY": -5.0, "rotationZ": 0.0 },
						"Head": { "rotationX": 0.0, "rotationY": -3.0, "rotationZ": 0.0 },
						"Lower mouth": { "rotationX": 0.0, "rotationY": 0.0, "rotationZ": 20.0 },
						"R Shoulder": { "rotationX": 45.0, "rotationY": 0.0, "rotationZ": 0.0 },
						"R flipper": { "rotationX": 15.0, "rotationY": 0.0, "rotationZ": 0.0 },
						"L Shoulder": { "rotationX": 15.0, "rotationY": 0.0, "rotationZ": 0.0 },
						"L flipper": { "rotationX": 15.0, "rotationY": 0.0, "rotationZ": 0.0 }
					}
				}
			]
		},

		{
			"name": "Dead-Land",
			"code": "dead",
			"quantityframes": 10,
			"onActivityStopped": "PlayTillEnd",
			"onAnimationEnd": "Hold",
			"keyframes": [
				{
					"frame": 0,
					"elements": {
						"Body": { "offsetX": 0.0, "offsetY": 0.0, "offsetZ": 0.0, "rotationX": 0.0, "rotationY": 0.0, "rotationZ": 0.0 },
						"Tail1": { "rotationX": 0.0, "rotationY": 0.0, "rotationZ": -5.0 },
						"Tail2": { "rotationX": 0.0, "rotationY": 0.0, "rotationZ": -3.0 },
						"Tail3": { "rotationX": 0.0, "rotationY": 0.0, "rotationZ": -4.0 },
						"Fluke Base": { "rotationX": 0.0, "rotationY": 0.0, "rotationZ": 5.0 },
						"Head": { "rotationX": 0.0, "rotationY": 0.0, "rotationZ": -5.0 },
						"R Shoulder": { "rotationX": 45.0, "rotationY": 0.0, "rotationZ": 0.0 },
						"L Shoulder": { "rotationX": -45.0, "rotationY": 0.0, "rotationZ": 0.0 },
						"L flipper": { "rotationX": -5.0, "rotationY": 0.0, "rotationZ": 0.0 },
						"R flipper": { "rotationX": 5.0, "rotationY": 0.0, "rotationZ": 0.0 }
					}
				},
				{
					"frame": 8,
					"elements": {
						"Head": { "rotationX": 0.0, "rotationY": 0.0, "rotationZ": -2.0 }
					}
				}
			]
		},

		{
			"name": "Idle-Land",
			"code": "idle-land",
			"quantityframes": 20,
			"onActivityStopped": "EaseOut",
			"onAnimationEnd": "Repeat",
			"keyframes": [
				{
					"frame": 0,
					"elements": {
						"Body": { "offsetX": 0.0, "offsetY": -0.5, "offsetZ": 0.0, "rotationX": 0.0, "rotationY": 0.0, "rotationZ": 0.0 },
						"Tail1": { "rotationX": 0.0, "rotationY": 0.0, "rotationZ": -5.0 },
						"Tail2": { "rotationX": 0.0, "rotationY": 0.0, "rotationZ": -3.0 },
						"Tail3": { "rotationX": 0.0, "rotationY": 0.0, "rotationZ": -4.0 },
						"Fluke Base": { "rotationX": 0.0, "rotationY": 0.0, "rotationZ": 5.0 },
						"Head": { "rotationX": 0.0, "rotationY": 0.0, "rotationZ": -5.0 },
						"R Shoulder": { "rotationX": 45.0, "rotationY": 0.0, "rotationZ": 0.0 },
						"L Shoulder": { "rotationX": -45.0, "rotationY": 0.0, "rotationZ": 0.0 },
						"L flipper": { "rotationX": -5.0, "rotationY": 0.0, "rotationZ": 0.0 },
						"R flipper": { "rotationX": 5.0, "rotationY": 0.0, "rotationZ": 0.0 }
					}
				},
				{
					"frame": 10,
					"elements": {
						"Head": { "rotationX": 0.0, "rotationY": 0.0, "rotationZ": -2.0 },
						"R Shoulder": { "rotationX": 48.0, "rotationY": 0.0, "rotationZ": 0.0 },
						"R flipper": { "rotationX": 15.0, "rotationY": 0.0, "rotationZ": 0.0 },
						"L Shoulder": { "rotationX": -48.0, "rotationY": 0.0, "rotationZ": 0.0 },
						"L flipper": { "rotationX": -15.0, "rotationY": 0.0, "rotationZ": 0.0 },
						"Tail3": { "rotationX": 0.0, "rotationY": 0.0, "rotationZ": 0.0 }
					}
				}
			]
		},

		{
			"name": "Flopping",
			"code": "flopping",
			"quantityframes": 30,
			"onActivityStopped": "PlayTillEnd",
			"onAnimationEnd": "Repeat",
			"keyframes": [
				{
					"frame": 0,
					"elements": {
						"Body": { "offsetX": 0.0, "offsetY": -0.5, "offsetZ": 0.0, "rotationX": 0.0, "rotationY": 0.0, "rotationZ": 0.0 },
						"Tail1": { "rotationX": 0.0, "rotationY": 0.0, "rotationZ": -5.0 },
						"Tail2": { "rotationX": 0.0, "rotationY": 0.0, "rotationZ": -3.0 },
						"Tail3": { "rotationX": 0.0, "rotationY": 0.0, "rotationZ": -4.0 },
						"Fluke Base": { "rotationX": 0.0, "rotationY": 0.0, "rotationZ": 5.0 },
						"Head": { "rotationX": 0.0, "rotationY": 0.0, "rotationZ": -5.0 },
						"R Shoulder": { "rotationX": 45.0, "rotationY": 0.0, "rotationZ": 0.0 },
						"L Shoulder": { "rotationX": -45.0, "rotationY": 0.0, "rotationZ": 0.0 },
						"L flipper": { "rotationX": -5.0, "rotationY": 0.0, "rotationZ": 0.0 },
						"R flipper": { "rotationX": 5.0, "rotationY": 0.0, "rotationZ": 0.0 },
						"Neck1": { "rotationX": 0.0, "rotationY": 0.0, "rotationZ": 0.0 }
					}
				},
				{
					"frame": 4,
					"elements": {
						"Body": { "offsetX": 0.0, "offsetY": -0.5, "offsetZ": 0.0, "rotationX": -5.0, "rotationY": 0.0, "rotationZ": 0.0 },
						"R Shoulder": { "rotationX": 50.0, "rotationY": 0.0, "rotationZ": 0.0 },
						"L Shoulder": { "rotationX": -35.0, "rotationY": 0.0, "rotationZ": 0.0 },
						"Tail1": { "rotationX": 1.0, "rotationY": 0.0, "rotationZ": -5.0 },
						"Tail2": { "rotationX": 1.0, "rotationY": 0.0, "rotationZ": -3.0 },
						"Tail3": { "rotationX": 1.0, "rotationY": 0.0, "rotationZ": -4.0 },
						"Fluke Base": { "rotationX": 2.0, "rotationY": 0.0, "rotationZ": 5.0 },
						"Neck1": { "rotationX": 1.0, "rotationY": 0.0, "rotationZ": 0.0 }
					}
				},
				{
					"frame": 8,
					"elements": {
						"Body": { "offsetX": 0.0, "offsetY": -0.5, "offsetZ": 1.0, "rotationX": 15.0, "rotationY": 0.0, "rotationZ": 0.0 },
						"R Shoulder": { "rotationX": 15.0, "rotationY": 0.0, "rotationZ": 0.0 },
						"L Shoulder": { "rotationX": -67.5, "rotationY": 0.0, "rotationZ": 0.0 },
						"Tail1": { "rotationX": -3.0, "rotationY": -1.0, "rotationZ": -5.0 },
						"Tail2": { "rotationX": -3.0, "rotationY": -1.0, "rotationZ": -3.0 },
						"Tail3": { "rotationX": -3.0, "rotationY": -1.0, "rotationZ": -4.0 },
						"Fluke Base": { "rotationX": -6.0, "rotationY": -1.0, "rotationZ": 5.0 },
						"Neck1": { "rotationX": 4.0, "rotationY": 0.0, "rotationZ": 0.0 }
					}
				},
				{
					"frame": 10,
					"elements": {
						"Body": { "offsetX": 0.0, "offsetY": -0.5, "offsetZ": 1.0, "rotationX": 14.0, "rotationY": 0.0, "rotationZ": 0.0 }
					}
				},
				{
					"frame": 18,
					"elements": {
						"Body": { "offsetX": 0.0, "offsetY": 0.0, "offsetZ": -1.0, "rotationX": -29.0, "rotationY": 0.0, "rotationZ": 0.0 },
						"R Shoulder": { "rotationX": 0.0, "rotationY": 45.0, "rotationZ": 90.0 },
						"L Shoulder": { "rotationX": 0.0, "rotationY": 0.0, "rotationZ": 0.0 },
						"Tail1": { "rotationX": 6.0, "rotationY": 2.0, "rotationZ": -5.0 },
						"Tail2": { "rotationX": 6.0, "rotationY": 2.0, "rotationZ": -3.0 },
						"Tail3": { "rotationX": 6.0, "rotationY": 2.0, "rotationZ": -4.0 },
						"Fluke Base": { "rotationX": 12.0, "rotationY": 2.0, "rotationZ": 5.0 },
						"Neck1": { "rotationX": 0.0, "rotationY": 0.0, "rotationZ": 0.0 }
					}
				},
				{
					"frame": 20,
					"elements": {
						"Body": { "rotationX": -28.0, "rotationY": 0.0, "rotationZ": 0.0 }
					}
				}
			]
		},

		{
			"name": "Eat",
			"code": "eat",
			"quantityframes": 60,
			"onActivityStopped": "EaseOut",
			"onAnimationEnd": "Repeat",
			"keyframes": [
				{
					"frame": 0,
					"elements": {
						"Tail1": { "rotationX": 0.0, "rotationY": 0.0, "rotationZ": -4.0 },
						"Neck1": { "rotationX": 0.0, "rotationY": 0.0, "rotationZ": 2.0 },
						"R Shoulder": { "rotationX": -25.0, "rotationY": 0.0, "rotationZ": 0.0 },
						"R flipper": { "rotationX": -15.0, "rotationY": 0.0, "rotationZ": 0.0 },
						"L Shoulder": { "rotationX": 25.0, "rotationY": 0.0, "rotationZ": 0.0 },
						"L flipper": { "rotationX": 15.0, "rotationY": 0.0, "rotationZ": 0.0 },
						"Body": { "offsetX": 0.0, "offsetY": 0.0, "offsetZ": 0.0, "rotationX": 0.0, "rotationY": 0.0, "rotationZ": 1.0 },
						"Lower mouth": { "rotationX": 0.0, "rotationY": 0.0, "rotationZ": 0.0 },
						"UpperMouth 1": { "rotationX": 0.0, "rotationY": 0.0, "rotationZ": 0.0 }
					}
				},
				{
					"frame": 1,
					"elements": {
						"Tail2": { "rotationX": 0.0, "rotationY": 0.0, "rotationZ": -4.0 },
						"Neck2": { "rotationX": 0.0, "rotationY": 0.0, "rotationZ": 2.0 }
					}
				},
				{
					"frame": 2,
					"elements": {
						"Tail3": { "rotationX": 0.0, "rotationY": 0.0, "rotationZ": -4.0 },
						"Head": { "rotationX": 0.0, "rotationY": 0.0, "rotationZ": 2.0 }
					}
				},
				{
					"frame": 3,
					"elements": {
						"Fluke Base": { "rotationX": 0.0, "rotationY": 0.0, "rotationZ": -4.0 }
					}
				},
				{
					"frame": 4,
					"elements": {
						"LFluke1": { "rotationX": 0.0, "rotationY": 0.0, "rotationZ": -4.0 },
						"RFluke1": { "rotationX": 0.0, "rotationY": 0.0, "rotationZ": -4.0 }
					}
				},
				{
					"frame": 10,
					"elements": {
						"Tail1": { "rotationX": 0.0, "rotationY": 0.0, "rotationZ": -2.0 },
						"Neck1": { "rotationX": 0.0, "rotationY": 0.0, "rotationZ": 1.0 },
						"R Shoulder": { "rotationX": 45.0, "rotationY": 0.0, "rotationZ": 0.0 },
						"R flipper": { "rotationX": -10.0, "rotationY": 0.0, "rotationZ": 0.0 },
						"L Shoulder": { "rotationX": -45.0, "rotationY": 0.0, "rotationZ": 0.0 },
						"L flipper": { "rotationX": 0.0, "rotationY": 0.0, "rotationZ": 0.0 },
						"Body": { "offsetX": 0.0, "offsetY": 0.0, "offsetZ": 0.0, "rotationX": 0.0, "rotationY": 0.0, "rotationZ": 2.0 },
						"UpperMouth 1": { "rotationX": 0.0, "rotationY": 0.0, "rotationZ": -5.0 },
						"Lower mouth": { "rotationX": 0.0, "rotationY": 0.0, "rotationZ": 25.0 }
					}
				},
				{
					"frame": 12,
					"elements": {
						"Tail2": { "rotationX": 0.0, "rotationY": 0.0, "rotationZ": -2.0 },
						"Neck2": { "rotationX": 0.0, "rotationY": 0.0, "rotationZ": 1.0 }
					}
				},
				{
					"frame": 14,
					"elements": {
						"Tail3": { "rotationX": 0.0, "rotationY": 0.0, "rotationZ": -2.0 },
						"Head": { "rotationX": 0.0, "rotationY": 0.0, "rotationZ": 1.0 }
					}
				},
				{
					"frame": 16,
					"elements": {
						"Fluke Base": { "rotationX": 0.0, "rotationY": 0.0, "rotationZ": -2.0 }
					}
				},
				{
					"frame": 18,
					"elements": {
						"LFluke1": { "rotationX": 0.0, "rotationY": 0.0, "rotationZ": -2.0 },
						"RFluke1": { "rotationX": 0.0, "rotationY": 0.0, "rotationZ": -2.0 },
						"Lower mouth": { "rotationX": 0.0, "rotationY": 0.0, "rotationZ": 0.0 }
					}
				},
				{
					"frame": 30,
					"elements": {
						"Tail1": { "rotationX": 0.0, "rotationY": 0.0, "rotationZ": -4.0 },
						"Neck1": { "rotationX": 0.0, "rotationY": 0.0, "rotationZ": 2.0 },
						"R Shoulder": { "rotationX": 15.0, "rotationY": 0.0, "rotationZ": 0.0 },
						"R flipper": { "rotationX": -15.0, "rotationY": 0.0, "rotationZ": 0.0 },
						"L Shoulder": { "rotationX": -25.0, "rotationY": 0.0, "rotationZ": 0.0 },
						"L flipper": { "rotationX": 15.0, "rotationY": 0.0, "rotationZ": 0.0 },
						"Body": { "offsetX": 0.0, "offsetY": 0.0, "offsetZ": 0.0, "rotationX": 0.0, "rotationY": 0.0, "rotationZ": 2.0 },
						"Lower mouth": { "rotationX": 0.0, "rotationY": 0.0, "rotationZ": 20.0 }
					}
				},
				{
					"frame": 31,
					"elements": {
						"Tail2": { "rotationX": 0.0, "rotationY": 0.0, "rotationZ": -4.0 },
						"Neck2": { "rotationX": 0.0, "rotationY": 3.0, "rotationZ": -11.0 }
					}
				},
				{
					"frame": 32,
					"elements": {
						"Tail3": { "rotationX": 0.0, "rotationY": 0.0, "rotationZ": -4.0 },
						"Head": { "rotationX": 0.0, "rotationY": 0.0, "rotationZ": -3.0 }
					}
				},
				{
					"frame": 33,
					"elements": {
						"Fluke Base": { "rotationX": 0.0, "rotationY": 0.0, "rotationZ": -4.0 }
					}
				},
				{
					"frame": 34,
					"elements": {
						"LFluke1": { "rotationX": 0.0, "rotationY": 0.0, "rotationZ": -4.0 },
						"RFluke1": { "rotationX": 0.0, "rotationY": 0.0, "rotationZ": -4.0 },
						"Neck2": { "rotationX": -2.0, "rotationY": 3.0, "rotationZ": -7.7273 },
						"Head": { "rotationX": -14.0, "rotationY": 0.0, "rotationZ": -2.3333 }
					}
				},
				{
					"frame": 40,
					"elements": {
						"Tail1": { "rotationX": 0.0, "rotationY": 0.0, "rotationZ": -2.0 },
						"Neck1": { "rotationX": 0.0, "rotationY": 0.0, "rotationZ": 1.0 },
						"R Shoulder": { "rotationX": 5.0, "rotationY": 0.0, "rotationZ": 0.0 },
						"R flipper": { "rotationX": -10.0, "rotationY": 0.0, "rotationZ": 0.0 },
						"L Shoulder": { "rotationX": 5.0, "rotationY": 0.0, "rotationZ": 0.0 },
						"L flipper": { "rotationX": 0.0, "rotationY": 0.0, "rotationZ": 0.0 },
						"Lower mouth": { "rotationX": 0.0, "rotationY": 0.0, "rotationZ": 0.0 }
					}
				},
				{
					"frame": 42,
					"elements": {
						"Tail2": { "rotationX": 0.0, "rotationY": 0.0, "rotationZ": -2.0 },
						"Neck2": { "rotationX": 0.0, "rotationY": 0.0, "rotationZ": 1.0 }
					}
				},
				{
					"frame": 44,
					"elements": {
						"Tail3": { "rotationX": 0.0, "rotationY": 0.0, "rotationZ": -2.0 },
						"Head": { "rotationX": 0.0, "rotationY": 0.0, "rotationZ": 8.0 }
					}
				},
				{
					"frame": 46,
					"elements": {
						"Fluke Base": { "rotationX": 0.0, "rotationY": 0.0, "rotationZ": -2.0 }
					}
				},
				{
					"frame": 48,
					"elements": {
						"LFluke1": { "rotationX": 0.0, "rotationY": 0.0, "rotationZ": -2.0 },
						"RFluke1": { "rotationX": 0.0, "rotationY": 0.0, "rotationZ": -2.0 }
					}
				}
			]
		},

		{
			"name": "Hurt",
			"code": "hurt",
			"quantityframes": 20,
			"onActivityStopped": "EaseOut",
			"onAnimationEnd": "Stop",
			"keyframes": [
				{
					"frame": 0,
					"elements": {
						"Tail1": { "rotationX": 0.0, "rotationY": 0.0, "rotationZ": -4.0 },
						"Neck1": { "rotationX": 0.0, "rotationY": 0.0, "rotationZ": 2.0 },
						"R Shoulder": { "rotationX": -25.0, "rotationY": 0.0, "rotationZ": 0.0 },
						"R flipper": { "rotationX": -15.0, "rotationY": 0.0, "rotationZ": 0.0 },
						"L Shoulder": { "rotationX": 25.0, "rotationY": 0.0, "rotationZ": 0.0 },
						"L flipper": { "rotationX": 15.0, "rotationY": 0.0, "rotationZ": 0.0 },
						"Tail2": { "rotationX": 0.0, "rotationY": 0.0, "rotationZ": 0.0 },
						"Tail3": { "rotationX": 0.0, "rotationY": 0.0, "rotationZ": 0.0 },
						"Fluke Base": { "rotationX": 0.0, "rotationY": 0.0, "rotationZ": 0.0 },
						"Neck2": { "rotationX": 0.0, "rotationY": 0.0, "rotationZ": 0.0 },
						"Head": { "rotationX": 0.0, "rotationY": 0.0, "rotationZ": 0.0 },
						"Body": { "rotationX": 0.0, "rotationY": 0.0, "rotationZ": 0.0 }
					}
				},
				{
					"frame": 7,
					"elements": {
						"Body": { "rotationX": 9.0, "rotationY": 0.0, "rotationZ": 0.0 },
						"Tail1": { "rotationX": 0.0, "rotationY": -4.0, "rotationZ": 4.0 },
						"Tail2": { "rotationX": 0.0, "rotationY": -4.0, "rotationZ": 4.0 },
						"Tail3": { "rotationX": 0.0, "rotationY": -4.0, "rotationZ": 4.0 },
						"Fluke Base": { "rotationX": 0.0, "rotationY": -4.0, "rotationZ": 4.0 },
						"Neck1": { "rotationX": 0.0, "rotationY": -4.0, "rotationZ": 4.0 },
						"Neck2": { "rotationX": 0.0, "rotationY": -4.0, "rotationZ": 4.0 },
						"Head": { "rotationX": 0.0, "rotationY": -4.0, "rotationZ": 4.0 },
						"R Shoulder": { "rotationX": 0.0, "rotationY": 0.0, "rotationZ": 0.0 },
						"R flipper": { "rotationX": 0.0, "rotationY": 0.0, "rotationZ": 0.0 },
						"L Shoulder": { "rotationX": 0.0, "rotationY": 0.0, "rotationZ": 0.0 },
						"L flipper": { "rotationX": 0.0, "rotationY": 0.0, "rotationZ": 0.0 }
					}
				},
				{
					"frame": 14,
					"elements": {
						"Body": { "rotationX": -4.0, "rotationY": 0.0, "rotationZ": 0.0 },
						"Tail1": { "rotationX": 2.0, "rotationY": 2.0, "rotationZ": -2.0 },
						"Tail2": { "rotationX": 2.0, "rotationY": 2.0, "rotationZ": -2.0 },
						"Tail3": { "rotationX": 2.0, "rotationY": 2.0, "rotationZ": -2.0 },
						"Fluke Base": { "rotationX": 2.0, "rotationY": 2.0, "rotationZ": -2.0 },
						"Neck1": { "rotationX": 0.0, "rotationY": 4.0, "rotationZ": 0.0 },
						"Neck2": { "rotationX": 0.0, "rotationY": 4.0, "rotationZ": 0.0 },
						"Head": { "rotationX": 0.0, "rotationY": 4.0, "rotationZ": 0.0 }
					}
				}
			]
		}
	]
}