{	"enabled": "true",
	"code": "swordbarrel",
	"class": "BlockGenericTypedContainer",
	"entityclass": "GenericTypedContainer",
	"variantGroups": [ { "code": "side", "loadFromProperties": "abstract/horizontalorientation" } ],	
	"attributes": {
		"reinforcable": "true",
		"inventoryClassName": "barrel",
		"defaultType": "aged",
		"types": [ "aged"],
		"collisionSelectionBoxes": {
			"aged": [{ "x1": 0, "y1": 0, "z1": 0, "x2": 1, "y2": 1, "z2": 1 }]
		},
		"drop": {
			"aged": true
		},
		"quantitySlots": {
			"aged": 12
		},
		"dialogTitleLangCode": {
			"aged": "barrelcontents"
		},
		"storageType": {
			"aged": 1
		},	
		"retrieveOnly": {
			"aged": false
		},
		"shape": {
			"aged": "block/swordbarrel"
		},
		"variantByGroup": "side",
		"variantByGroupInventory": null,
		"typedOpenSound": {
			"aged": "game:sounds/player/strike1"
		},
		"typedCloseSound": {
			"aged": "game:sounds/thud"
		}
	},
	"creativeinventory": {  },
	"creativeinventoryStacksByType": {
		"*-east": [
			{
			"tabs": [ "general", "decorative", "swordz" ],
			"stacks": [
				{ "type": "block", "code": "swordbarrel-east", "attributes": { "type": "aged" } },
			]
			}
		]
	},
	"behaviors": [
		{ "name": "Lockable" },
		{ "name": "Container" },
		{ "name": "HorizontalOrientable" }
	],
	"heldTpIdleAnimation": "holdunderarm",
	"lightAbsorption": 0,
	"drawtype": "json",
	"shapeInventory": { "base": "block/swordbarrel", "rotateY": 270 },
	"shapeByType": {
		"*-north": { "base": "block/swordbarrel", "rotateY": 0 },
		"*-east": { "base": "block/swordbarrel", "rotateY": 270 },
		"*-west": { "base": "block/swordbarrel", "rotateY": 90 },
		"*-south": { "base": "block/swordbarrel", "rotateY": 180 }
	},
	"textures": {
		"aged-material": { "base": "game:block/reed/basket/normal-westeast" },
//		"aged-handle": { "base": "game:item/tool/material/handle" },
		"aged-handle": { "base": "game:block/leather/plain" },
		"aged-metal": { "base": "game:item/tool/material/iron" },
		"aged-metaltwo": { "base": "game:item/tool/material/iron" },
		"aged-steel": { "base": "game:item/resource/plate/steel" },
		"aged-dmetal": {"base": "game:block/metal/ingot/steel"},
		"aged-blackbronze": { "base": "game:item/tool/material/iron" },
		"aged-cgm": { "base": "game:item/tool/material/gold" },
		"aged-cgp": { "base": "game:item/tool/material/iron" },
		"aged-aged": { "base": "game:block/wood/planks/aged1" },
		"aged-brass": { "base": "game:item/tool/material/brass" },
		"aged-blackbronze4": { "base": "game:item/tool/material/blackbronze" },
		"aged-bottom": { "base": "game:block/wood/planks/aged1" },
		"aged-gem": { "base": "game:block/stone/gem/ruby" },
		"aged-gem2": { "base": "game:entity/humanoid/seraphclothes/neck/gem/ruby" },		
		"aged-gem3": { "base": "game:entity/humanoid/seraphclothes/neck/gem/onyx" },
		"aged-gem4": { "base": "game:entity/humanoid/seraphclothes/neck/gem/malachite" },		
		"aged-gem5": { "base": "game:entity/humanoid/seraphclothes/neck/gem/sapphire" },		
		"aged-gem6": { "base": "game:entity/humanoid/seraphclothes/neck/gem/opal" },
		"aged-grip": { "base": "game:block/leather/plain" },
		"aged-chappe": { "base": "game:block/leather/black" },
		"aged-trans": {"base": "game:block/transparent"},

	},
	"blockmaterial": "wood",
	"replaceable": 600,
	"resistance": 4,
	"sideopaque": {
		"all": false
	},
	"sideao": {
		"all": true
	},
	"emitsideao": {
		"all": false
	},
	"sidesolid": {
		"all": false
	},
	"collisionbox": {
		"x1": 0,
		"y1": 0,
		"z1": 0,
		"x2": 1,
		"y2": 1,
		"z2": 1
	},
	"selectionbox": {
		"x1": 0,
		"y1": 0,
		"z1": 0,
		"x2": 1,
		"y2": 1,
		"z2": 1
	},
	"tpHandTransform": {
		"translation": { "x": -1.1, "y": -0.4, "z": -0.7 },
		"rotation": { "x": 79, "y": 10, "z": -89 },
		"scale": 0.5
	},
	"guiTransform": {
		"translation": { "x": -2, "y": 4, "z": 0 },
		"rotation": { "x": -19, "y": -149, "z": 0 },
		"origin": { "x": 0.4, "y": 0.6, "z": 0.8 },
		"scale": 1.05
	}
}