{
	"editor": {
		"allAngles": true,
		"entityTextureMode": true
	},
	"textureWidth": 64,
	"textureHeight": 64,
	"textureSizes": {
	},
	"textures": {
		"material": "entity/humanoid/serapharmor/chain/iron"
	},
	"elements": [
		{
			"name": "ArmorHelmet",
			"stepParentName": "Head",
			"from": [ 0.14, -0.2, -0.55 ],
			"to": [ 5.86, 5.42, 5.55 ],
			"unwrapMode": 1,
			
			"uv": [ 36.0, 17.5 ],
			"rotationOrigin": [ 0.1, -0.2, -0.6 ],
			"faces": {
				"north": { "texture": "#material", "uv": [ 42.0, 23.5, 47.5, 29.0 ] },
				"east": { "texture": "#material", "uv": [ 36.0, 23.5, 42.0, 29.0 ] },
				"south": { "texture": "#material", "uv": [ 55.5, 23.5, 61.0, 29.0 ] },
				"west": { "texture": "#material", "uv": [ 48.5, 23.5, 54.5, 29.0 ] },
				"up": { "texture": "#material", "uv": [ 42.0, 17.5, 47.5, 23.5 ], "rotation": 180 },
				"down": { "texture": "#material", "uv": [ 42.0, 29.0, 47.5, 35.0 ] }
			},
			"children": [
				{
					"name": "ArmorHelmetstrap",
					"from": [ 0.5, 0.0, 0.2 ],
					"to": [ 2.0, 1.0, 6.0 ],
					"unwrapMode": 5,
					"uv": [ 46.5, 1.0 ],
					"rotationOrigin": [ 0.5, 0.0, 0.2 ],
					"faces": {
						"north": { "texture": "#material", "uv": [ 47.5, 1.0, 49.0, 2.0 ], "rotation": 180 },
						"east": { "texture": "#material", "uv": [ 49.0, 2.0, 50.0, 7.5 ], "rotation": 90 },
						"south": { "texture": "#material", "uv": [ 47.5, 7.5, 49.0, 8.5 ] },
						"west": { "texture": "#material", "uv": [ 46.5, 2.0, 47.5, 7.5 ], "rotation": 270 },
						"up": { "texture": "#material", "uv": [ 47.5, 2.0, 49.0, 7.5 ] },
						"down": { "texture": "#material", "uv": [ 50.0, 2.0, 51.5, 7.5 ] }
					}
				},
				{
					"name": "ArmorHelmetFace",
					"from": [ -0.32, 3.3, 0.0 ],
					"to": [ 0.0, 5.62, 6.1 ],
					"unwrapMode": 1,
					
					"uv": [ 32.0, 36.0 ],
					"rotationOrigin": [ -0.5, 3.3, 0.0 ],
					"faces": {
						"north": { "texture": "#material", "uv": [ 32.0, 42.0, 32.5, 44.0 ] },
						"south": { "texture": "#material", "uv": [ 38.5, 42.0, 39.0, 44.0 ] },
						"west": { "texture": "#material", "uv": [ 32.5, 42.0, 38.5, 44.0 ] },
						"up": { "texture": "#material", "uv": [ 32.0, 35.5, 32.5, 41.5 ], "rotation": 180 },
						"down": { "texture": "#material", "uv": [ 32.0, 44.0, 32.5, 50.0 ] }
					},
					"children": [
						{
							"name": "ArmorHelmetNasal",
							"from": [ 0.0, -1.5, 2.5 ],
							"to": [ 0.5, 0.0, 3.6 ],
							"unwrapMode": 1,
							"uv": [ 32.5, 35.5 ],
							"rotationOrigin": [ 0.5, 0.0, 2.5 ],
							"rotationZ": -6.0,
							"faces": {
								"north": { "texture": "#material", "uv": [ 32.5, 35.5, 33.0, 37.0 ] },
								"south": { "texture": "#material", "uv": [ 34.0, 35.5, 34.5, 37.0 ] },
								"west": { "texture": "#material", "uv": [ 33.0, 35.5, 34.0, 37.0 ] },
								"down": { "texture": "#material", "uv": [ 32.5, 37.0, 33.0, 38.0 ] }
							}
						}
					]
				},
				{
					"name": "ArmorHelmetTop",
					"from": [ 0.5, 4.38, 0.5 ],
					"to": [ 5.2, 5.18, 5.6 ],
					"unwrapMode": 1,
					
					"uv": [ 31.0, 30.0 ],
					"rotationOrigin": [ 0.5, 4.5, 0.5 ],
					"faces": {
						"north": { "texture": "#material", "uv": [ 36.0, 35.0, 40.5, 35.5 ] },
						"east": { "texture": "#material", "uv": [ 31.0, 35.0, 36.0, 35.5 ] },
						"south": { "texture": "#material", "uv": [ 47.5, 35.0, 52.0, 35.5 ] },
						"west": { "texture": "#material", "uv": [ 41.5, 35.0, 46.5, 35.5 ] },
						"up": { "texture": "#material", "uv": [ 36.0, 30.0, 40.5, 35.0 ], "rotation": 180 }
					}
				},
				{
					"name": "ArmorHelmetFace2",
					"from": [ -0.32, 0.0, 0.0 ],
					"to": [ 0.0, 2.02, 6.1 ],
					"unwrapMode": 1,
					
					"uv": [ 32.0, 36.0 ],
					"rotationOrigin": [ -0.5, 0.0, 0.0 ],
					"faces": {
						"north": { "texture": "#material", "uv": [ 36.0, 27.0, 36.5, 29.0 ] },
						"south": { "texture": "#material", "uv": [ 41.5, 27.0, 42.0, 29.0 ] },
						"west": { "texture": "#material", "uv": [ 36.0, 27.0, 42.0, 29.0 ] },
						"up": { "texture": "#material", "uv": [ 35.5, 28.0, 36.0, 34.0 ], "rotation": 180 },
						"down": { "texture": "#material", "uv": [ 35.0, 28.0, 35.5, 34.0 ] }
					}
				}
			]
		}
	]}