{
  "ingredient": {
    "type": "item",
    "code": "game:ingot-*",
    "name": "metal",
    "allowedVariants": [ "tinbronze", "bismuthbronze", "blackbronze", "gold", "silver", "iron", "meteoriciron", "steel", "copper" ]
  },
  "pattern": [
    [
      "_#######_",
      "#########",
      "#########",
      "#########",
      "#########",
      "#########",
      "#########",
      "#########",
      "_#######_"
    ],
    [
      "_#######_",
      "#_______#",
      "#_______#",
      "#_______#",
      "#_______#",
      "#_______#",
      "#_______#",
      "#_______#",
      "_#######_"
    ]
  ],
  "name": "canpan",
  "output": {
    "type": "block",
    "code": "canjewelry:canpan-{metal}",
    "quantity": 1
  }
}