{
	"editor": {
		"allAngles": false,
		"entityTextureMode": true
	},
	"textureWidth": 16,
	"textureHeight": 16,
	"textureSizes": {
	},
	"textures": {
	},
	"elements": [
		{
			"name": "origin",
			"from": [ 8.0, 0.7, 7.7 ],
			"to": [ 8.0, 0.7, 7.7 ],
			"uv": [ 0.0, 0.0 ],
			"rotationOrigin": [ 8.0, 0.0, 8.0 ],
			"faces": {
			}
		},
		{
			"name": "Fuller",
			"from": [ 4.0, 2.2, 7.2 ],
			"to": [ 9.7, 2.595, 8.8 ],
			"uv": [ 0.0, 0.0 ],
			"rotationOrigin": [ 4.0, 2.2, 7.2 ],
			"rotationX": 90.0,
			"faces": {
				"north": { "texture": "#metal", "uv": [ 0.0, 1.5, 5.5, 2.0 ] },
				"east": { "texture": "#metal", "uv": [ 5.5, 1.5, 7.0, 2.0 ] },
				"south": { "texture": "#metal", "uv": [ 7.0, 1.5, 12.5, 2.0 ] },
				"up": { "texture": "#metal", "uv": [ 0.0, 0.0, 5.5, 1.5 ] },
				"down": { "texture": "#metal", "uv": [ 5.5, 0.0, 11.0, 1.5 ] }
			},
			"children": [
				{
					"name": "Fuller2",
					"from": [ 5.7, 0.0, 0.6 ],
					"to": [ 10.2, 0.4, 1.6 ],
					"uv": [ 0.0, 2.0 ],
					"rotationOrigin": [ 5.7, 0.0, 0.6 ],
					"faces": {
						"north": { "texture": "#metal", "uv": [ 0.0, 3.0, 4.5, 3.5 ] },
						"east": { "texture": "#metal", "uv": [ 4.5, 3.0, 5.5, 3.5 ] },
						"south": { "texture": "#metal", "uv": [ 5.5, 3.0, 10.0, 3.5 ] },
						"up": { "texture": "#metal", "uv": [ 0.0, 2.0, 4.5, 3.0 ] },
						"down": { "texture": "#metal", "uv": [ 4.5, 2.0, 9.0, 3.0 ] }
					}
				},
				{
					"name": "Fuller3",
					"from": [ 10.2, 0.0, 1.0 ],
					"to": [ 13.3, 0.4, 1.6 ],
					"uv": [ 0.0, 3.5 ],
					"rotationOrigin": [ 10.2, 0.0, 1.0 ],
					"faces": {
						"north": { "texture": "#metal", "uv": [ 0.0, 4.0, 3.0, 4.5 ] },
						"east": { "texture": "#metal", "uv": [ 3.0, 4.0, 3.5, 4.5 ] },
						"south": { "texture": "#metal", "uv": [ 3.5, 4.0, 6.5, 4.5 ] },
						"up": { "texture": "#metal", "uv": [ 0.0, 3.5, 3.0, 4.0 ] },
						"down": { "texture": "#metal", "uv": [ 3.0, 3.5, 6.0, 4.0 ] }
					}
				},
				{
					"name": "BladeFrontFuller",
					"from": [ 13.3, 0.0, 1.6 ],
					"to": [ 14.3, 0.2, 2.0 ],
					"uv": [ 7.0, 8.0 ],
					"rotationOrigin": [ 13.3, 0.0, 1.6 ],
					"rotationX": -90.0,
					"faces": {
						"north": { "texture": "#metal", "uv": [ 7.0, 8.0, 8.0, 8.5 ] },
						"south": { "texture": "#metal", "uv": [ 8.0, 8.0, 9.0, 8.5 ], "windMode": [-1,-1,-1,-1] }
					}
				},
				{
					"name": "BladeFrontFuller2",
					"from": [ 13.0, 0.0, 1.3 ],
					"to": [ 13.9, 0.4, 1.7 ],
					"uv": [ 2.5, 9.0 ],
					"rotationOrigin": [ 13.0, 0.0, 1.3 ],
					"rotationX": -90.0,
					"rotationZ": -20.0,
					"faces": {
						"north": { "texture": "#metal", "uv": [ 2.5, 9.0, 3.0, 9.5 ] },
						"south": { "texture": "#metal", "uv": [ 3.0, 9.0, 3.5, 9.5 ] }
					}
				}
			]
		},
		{
			"name": "tang",
			"from": [ 1.8, 1.7, 7.3 ],
			"to": [ 4.0, 1.9, 7.9 ],
			"uv": [ 0.0, 0.0 ],
			"rotationOrigin": [ 1.8, 1.7, 7.3 ],
			"rotationX": 90.0,
			"faces": {
				"north": { "texture": "#metal", "uv": [ 0.0, 0.5, 2.0, 1.0 ] },
				"east": { "texture": "#metal", "uv": [ 2.0, 0.5, 2.5, 1.0 ] },
				"south": { "texture": "#metal", "uv": [ 2.5, 0.5, 4.5, 1.0 ] },
				"up": { "texture": "#metal", "uv": [ 0.0, 0.0, 2.0, 0.5 ] },
				"down": { "texture": "#metal", "uv": [ 2.0, 0.0, 4.0, 0.5 ] }
			}
		},
		{
			"name": "Spine",
			"from": [ 9.6, 2.2, 7.2 ],
			"to": [ 17.4, 2.6, 7.8 ],
			"uv": [ 0.0, 10.0 ],
			"rotationOrigin": [ 9.6, 2.2, 7.2 ],
			"rotationX": 90.0,
			"rotationY": -6.6,
			"faces": {
				"north": { "texture": "#metal", "uv": [ 0.0, 10.5, 7.5, 11.0 ] },
				"east": { "texture": "#metal", "uv": [ 7.5, 10.5, 8.0, 11.0 ] },
				"south": { "texture": "#metal", "uv": [ 8.0, 10.5, 15.5, 11.0 ] },
				"up": { "texture": "#metal", "uv": [ 0.0, 10.0, 7.5, 10.5 ] },
				"down": { "texture": "#metal", "uv": [ 7.5, 10.0, 15.0, 10.5 ] }
			},
			"children": [
				{
					"name": "Spine2",
					"from": [ 7.7524, 0.0, 0.009 ],
					"to": [ 8.9524, 0.4, 0.209 ],
					"uv": [ 3.5, 6.5 ],
					"rotationOrigin": [ 7.7524, 0.0, 0.009 ],
					"rotationY": -18.4,
					"faces": {
						"north": { "texture": "#metal", "uv": [ 3.5, 7.0, 4.5, 7.5 ] },
						"east": { "texture": "#metal", "uv": [ 4.5, 7.0, 5.0, 7.5 ] },
						"up": { "texture": "#metal", "uv": [ 3.5, 6.5, 4.5, 7.0 ] },
						"down": { "texture": "#metal", "uv": [ 4.5, 6.5, 5.5, 7.0 ] }
					}
				},
				{
					"name": "Spine3",
					"from": [ 8.8303, 0.0, 0.3421 ],
					"to": [ 9.1203, 0.4, 0.3921 ],
					"uv": [ 3.5, 6.5 ],
					"rotationOrigin": [ 8.7803, 0.0, 0.1921 ],
					"rotationY": -23.4,
					"faces": {
						"north": { "texture": "#metal", "uv": [ 3.5, 7.0, 4.0, 7.5 ] },
						"east": { "texture": "#metal", "uv": [ 4.0, 7.0, 4.5, 7.5 ] },
						"up": { "texture": "#metal", "uv": [ 3.5, 6.5, 4.0, 7.0 ] },
						"down": { "texture": "#metal", "uv": [ 4.0, 6.5, 4.5, 7.0 ] }
					}
				},
				{
					"name": "Spine4",
					"from": [ 8.74, 0.0, 0.54 ],
					"to": [ 8.922, 0.4, 0.63 ],
					"uv": [ 3.5, 6.5 ],
					"rotationOrigin": [ 8.6803, 0.0, 0.3921 ],
					"rotationY": 23.0,
					"faces": {
						"north": { "texture": "#metal", "uv": [ 3.5, 7.0, 4.0, 7.5 ] },
						"east": { "texture": "#metal", "uv": [ 4.0, 7.0, 4.5, 7.5 ] },
						"up": { "texture": "#metal", "uv": [ 3.5, 6.5, 4.0, 7.0 ] },
						"down": { "texture": "#metal", "uv": [ 4.0, 6.5, 4.5, 7.0 ] }
					}
				},
				{
					"name": "Spine5",
					"from": [ 8.8, 0.0, 0.52 ],
					"to": [ 8.9, 0.4, 0.61 ],
					"uv": [ 3.5, 6.5 ],
					"rotationOrigin": [ 8.6803, 0.0, 0.3921 ],
					"rotationY": 23.0,
					"faces": {
						"north": { "texture": "#metal", "uv": [ 3.5, 7.0, 4.0, 7.5 ] },
						"east": { "texture": "#metal", "uv": [ 4.0, 7.0, 4.5, 7.5 ] },
						"up": { "texture": "#metal", "uv": [ 3.5, 6.5, 4.0, 7.0 ] },
						"down": { "texture": "#metal", "uv": [ 4.0, 6.5, 4.5, 7.0 ] }
					}
				}
			]
		},
		{
			"name": "blade1",
			"from": [ 4.0, 0.5, 7.25 ],
			"to": [ 18.3, 0.7, 7.55 ],
			"autoUnwrap": false,
			"uv": [ 0.0, 6.0 ],
			"rotationOrigin": [ 5.0, 0.5, 8.6 ],
			"faces": {
				"north": { "texture": "#metal", "uv": [ 0.0, 11.5, 14.0, 12.0 ] },
				"east": { "texture": "#metal", "uv": [ 6.0, 11.5, 6.5, 12.0 ] },
				"south": { "texture": "#metal", "uv": [ 0.0, 11.0, 14.0, 11.5 ] },
				"up": { "texture": "#metal", "uv": [ 0.0, 12.0, 14.0, 12.5 ] },
				"down": { "texture": "#metal", "uv": [ 0.0, 14.0, 14.0, 14.5 ] }
			}
		},
		{
			"name": "bladetip",
			"from": [ 18.19, 1.0, 7.25 ],
			"to": [ 18.47, 1.1, 7.55 ],
			"autoUnwrap": false,
			"uv": [ 0.0, 6.0 ],
			"rotationOrigin": [ 19.4, 1.0, 8.6 ],
			"rotationZ": 24.5,
			"faces": {
				"north": { "texture": "#metal", "uv": [ 0.0, 11.5, 0.5, 12.0 ] },
				"east": { "texture": "#metal", "uv": [ 6.0, 11.5, 6.5, 12.0 ] },
				"south": { "texture": "#metal", "uv": [ 0.0, 11.0, 0.5, 11.5 ] },
				"up": { "texture": "#metal", "uv": [ 0.0, 12.0, 0.5, 12.5 ] },
				"down": { "texture": "#metal", "uv": [ 0.0, 14.0, 0.5, 14.5 ] }
			}
		}
	]}