{	enabled:false,
	code: "naginata",
	damagedby: ["attacking"],
	tool: "spear",
	attributes: {
		handbook: { groupBy: ["naginata"] },
		toolrackTransform: {
			translation: { x: -0.035, y: 0.03, z: 0.7 },
			rotation: { x: 90, y: 0, z: 0 },
			scale: 1.25
		},
		groundStorageTransform: {
			translation: { x: 0.35, y: 0.62, z: 0.1 },
			rotation: { x: 20, y: 0, z: -92 },
			scaleXyz: { x: -0.8, y: 0.8, z: 0.8 }
		}
	},
	behaviors: [{ 
		name: "GroundStorable",
		properties: {
			layout: 'WallHalves',
			wallOffY: 1,
			sprintKey: true,
			selectionBox: { x1: 0, y1: 0, z1: 0, x2: 1, y2: 0.1, z2: 1 },
			collisionBox: { x1: 0, y1: 0, z1: 0, x2: 0, y2: 0, z2: 0 },
		}
	}, { name: "AnimationAuthoritative" }],
	variantgroups: [ { code: "metal", states: ["iron","meteoriciron","steel"]}, ],
	shape: { base: "polearms/naginata" },
	heldTpHitAnimation: "polearmswing",
	heldTpIdleAnimation: "crudeOarIdle",
	textures: { 
	"metal": {base: "game:block/metal/plate/{metal}", "overlays": ["game:block/slightlydarker"]  },
	"blade": {base: "game:block/metal/plate/{metal}"},
	"handle": {base: "game:item/tool/material/handle"}	},
	attackRange: 2.8,
	tooltierbytype: {
		"naginata-iron": 3,
		"naginata-meteoriciron":3,
		"naginata-steel": 4
	},
	durabilitybytype: {
		"naginata-iron": 750,
		"naginata-meteoriciron": 900,
		"naginata-steel": 1250
	},
	attackpowerbytype: {
		"naginata-iron": 5.2,
		"naginata-meteoriciron":5.7,
		"naginata-steel": 6.2
	},
	creativeinventory: { "general": ["*"], "swordz": ["*"]},
	    fpHandTransform: {
		translation: { x: 1, y: 0.1, z: 0 },
		rotation: { x: -22, y: 99, z: 90 },
		scale: 3
	},
	guiTransform: {
		translation: { x: 0, y: 18, z: 0 },
		rotation: { x: 164, y: -129, z: 33 },
		origin: { x: 1.15, y: -0.1, z: 0.57 },
		scaleXyz: { x: -2.15, y: 2.15, z: 2.15 }
	},
	groundTransform: {
		translation: { x: 0, y: 0.05, z: 0 },
		rotation: { x: 14, y: 0, z: 0 },
		origin: { x: 0.5, y: 0, z: 0.5 },
		scale: 3.4
	},
	tpHandTransform: {
		translation: { x: -0.5799, y: -0.56, z: 0.37 },
		rotation: { x: -134, y: 165, z: 170 },
		origin: { x: 0, y: 0, z: 0 },
		scale: 1
    }
}