{
	code: "pila",
	class: "Pila",
//	Pilum singular, Pila plural, just gonna use Pila
	damagedby: ["attacking"],
	"maxstacksize": 5,
	"storageFlags": 513,
	tool: "spear",
	behaviors: [{ 
		name: "GroundStorable",
		properties: {
			layout: 'WallHalves',
			wallOffY: 2,
			sprintKey: true,
			selectionBox: { x1: 0, y1: 0, z1: 0, x2: 1, y2: 0.1, z2: 1 },
			collisionBox: { x1: 0, y1: 0, z1: 0, x2: 0, y2: 0, z2: 0 },
		}
	}],
	variantgroups: [
		{ code: "material", states: ["iron", "meteoriciron", "steel"] },
	],
	shape: {base: "swordz:polearms/pila" },
	heldTpHitAnimation: "spearhit",
	textures: {
		"metal": {base: "game:block/metal/ingot/{material}" },
		"metaltwo": {base: "game:block/metal/ingot/{material}" },		
		"handle": {base: "game:item/tool/material/handle"},	
	},
	attackRange: 3.5,
	attackpowerbytype: {
		"*-iron": 4.5,
		"*-meteoriciron": 4.75,
		"*-steel": 5.25,
		"*-orichalcum": 6
	},
	
	tooltierbytype: {
		"*-iron": 2,
		"*-meteoriciron":2, 
		"*-steel": 3,
	},

	attributes: {
		groundStorageTransform: {
				translation: { x: -0.39, y: 0.78, z: 0.235 },
				rotation: { x: 14, y: 1, z: 90 },
				scale: 0.85
		},
//		Compared to arrows : Iron/Meteoric = 10% (2 dmg) , Steel = 7% (2.5 dmg) | +4 Damage from recurve = 6 damage from Iron
//		Compared to spears : Crude/Stone = 16~ Copper = 140 durability , Tin Bronze = 250 , Ornate = 320
//		Each throw costs 1 durability, So Tin Bronze is effectively a 1 in 250 chance of breaking
//		%2.5 = 1 in 40 , %0.4 (0.004) = 1 in 250, there's an issue with displaying numbers below 1%
// 		Pila are fairly narrow necked and presumably quite fragile, gave durability and attack damage so that you can use it in a pinch as a melee
// 		As a result of them being fairly fragile, need to balance the % chance of breaking, compared to arrows
		breakChanceOnImpactByType: {
		"*-iron": 0.05,
		"*-meteoriciron": 0.045,
		"*-steel": 0.025,
//		"*-orichalcum": 0.004
		},
		"__comment": "Thrown damage",
		damageByType: {
			"*-iron": 6,
			"*-meteoriciron": 6.25,
			"*-steel": 7,
//			"*-orichalcum": 10
		},
		pilaEntityCode: "swordz:pila-{material}",
		handbook: { groupBy: ["pila-*"] },
		toolrackTransform: {
				rotation: { x: 90, y: 1, z: -1 },
				translation: { x: -0.1, y: 0.05, z: 0.5 },
				scale: 1
		}
	},
	durabilitybytype: {
		"*-iron": 10,
		"*-meteoriciron": 12,
		"*-steel": 15,
//		"*-orichalcum": 30
	},
	creativeinventory: { "general": ["*"], "items": ["*"], "tools": ["*"], "swordz": ["*"] },
	guiTransform: {
			translation: { x: 4, y: 2, z: 0 },
			rotation: { x: 33, y: 0, z: -127 },
			origin: { x: 1.29, y: 0.05, z: 0.52 },
			scale: 2.26
	},
	fpHandTransform: {
			translation: { x: 0.1, y: 0.4, z: 0.16 },
			rotation: { x: -82, y: 180, z: 96 },
			origin: { x: 0.5, y: 0, z: 0.5 },
			scale: 2.45
	},
	groundTransform: {
			translation: { x: 0, y: 0.28, z: 0.035 },
			rotation: { x: 0, y: 0, z: 0 },
			origin: { x: 0.5, y: 0.5, z: 0.5299 },
			scale: 2.5
	},
	tpHandTransform: {
			translation: { x: -1.79, y: 0.03, z: -0.625 },
			rotation: { x: -90, y: 0, z: 0 },
			origin: { x: 0.6, y: 0, z: 0.5 },
			scale: 0.8
	}
}