{
	"editor": {
		"allAngles": true,
		"entityTextureMode": true
	},
	"textureWidth": 56,
	"textureHeight": 68,
	"textureSizes": {
		"skin": [56,68]
	},
	"textures": {
	},
	"elements": [
		{
			"name": "Hip point",
			"from": [ 14.0, 8.0, 8.0 ],
			"to": [ 14.0, 8.0, 8.0 ],
			"uv": [ 1.0, 1.0 ],
			"rotationOrigin": [ 14.0, 8.0, 8.0 ],
			"faces": {
			},
			"children": [
				{
					"name": "Hip",
					"from": [ -1.0, -8.1, -3.5 ],
					"to": [ 3.5, -7.1, 3.5 ],
					"unwrapMode": 7,
					"unwrapRotation": 1,
					"autoUnwrap": false,
					"uv": [ 6.0, 20.0 ],
					"rotationOrigin": [ 3.0, -6.6, 0.0 ],
					"rotationZ": -1.0,
					"faces": {
						"north": { "texture": "#skin", "uv": [ 14.5, 27.5, 15.5, 32.0 ], "rotation": 90 },
						"east": { "texture": "#skin", "uv": [ 7.5, 32.0, 14.5, 33.0 ], "windMode": [-1,-1,-1,-1] },
						"south": { "texture": "#skin", "uv": [ 6.5, 27.5, 7.5, 32.0 ], "rotation": 270 },
						"up": { "texture": "#skin", "uv": [ 7.5, 27.5, 14.5, 32.0 ], "rotation": 270 },
						"down": { "texture": "#skin", "uv": [ 21.0, 27.5, 28.0, 32.0 ], "rotation": 90 }
					},
					"children": [
						{
							"name": "Body",
							"from": [ -6.0, 0.1, -0.15 ],
							"to": [ 0.0, 1.1, 7.15 ],
							"unwrapMode": 7,
							"unwrapRotation": 1,
							"autoUnwrap": false,
							"uv": [ 1.0, 9.5 ],
							"rotationOrigin": [ 0.0, 1.1, 3.5 ],
							"rotationZ": 1.0,
							"faces": {
								"north": { "texture": "#skin", "uv": [ 14.0, 21.0, 15.0, 27.0 ], "rotation": 90 },
								"east": { "texture": "#skin", "uv": [ 15.5, 33.0, 22.5, 34.0 ] },
								"south": { "texture": "#skin", "uv": [ 6.0, 21.0, 7.0, 27.0 ], "rotation": 270 },
								"west": { "texture": "#skin", "uv": [ 23.0, 33.0, 30.0, 34.0 ] },
								"up": { "texture": "#skin", "uv": [ 7.0, 21.0, 14.0, 27.0 ], "rotation": 270 },
								"down": { "texture": "#skin", "uv": [ 21.0, 21.0, 28.0, 27.0 ], "rotation": 90 }
							},
							"children": [
								{
									"name": "Body2",
									"from": [ -6.7, 0.1, 0.15 ],
									"to": [ 0.0, 1.1, 7.15 ],
									"unwrapMode": 7,
									"unwrapRotation": 1,
									"autoUnwrap": false,
									"uv": [ 1.5, 4.5 ],
									"rotationOrigin": [ 0.0, 0.6, 3.65 ],
									"rotationZ": 1.0,
									"faces": {
										"north": { "texture": "#skin", "uv": [ 14.5, 14.0, 15.5, 20.5 ], "rotation": 90 },
										"east": { "texture": "#skin", "uv": [ 15.5, 40.5, 22.5, 41.5 ], "windMode": [-1,-1,-1,-1] },
										"south": { "texture": "#skin", "uv": [ 6.5, 14.0, 7.5, 20.5 ], "rotation": 270 },
										"west": { "texture": "#skin", "uv": [ 23.0, 40.5, 30.0, 41.5 ] },
										"up": { "texture": "#skin", "uv": [ 7.5, 14.0, 14.5, 20.5 ], "rotation": 270 },
										"down": { "texture": "#skin", "uv": [ 21.0, 14.0, 28.0, 20.5 ], "rotation": 90 }
									},
									"children": [
										{
											"name": "Neck1",
											"from": [ -0.5, 0.0, 1.1 ],
											"to": [ 3.0, 1.0, 6.1 ],
											"unwrapMode": 7,
											"unwrapRotation": 1,
											"autoUnwrap": false,
											"uv": [ 3.5, 3.0 ],
											"rotationOrigin": [ 2.6, 0.0, 3.6 ],
											"rotationZ": 1.0,
											"faces": {
												"north": { "texture": "#skin", "uv": [ 13.5, 10.0, 14.5, 13.5 ], "rotation": 90 },
												"south": { "texture": "#skin", "uv": [ 7.5, 10.0, 8.5, 13.5 ], "rotation": 270 },
												"west": { "texture": "#skin", "uv": [ 24.5, 8.0, 29.5, 9.0 ] },
												"up": { "texture": "#skin", "uv": [ 8.5, 10.0, 13.5, 13.5 ], "rotation": 270 },
												"down": { "texture": "#skin", "uv": [ 18.5, 10.0, 23.5, 13.5 ], "rotation": 90 }
											},
											"children": [
												{
													"name": "Neck2",
													"from": [ -2.3, 0.0, 0.5 ],
													"to": [ 1.7, 1.0, 4.5 ],
													"unwrapMode": 7,
													"unwrapRotation": 1,
													"autoUnwrap": false,
													"uv": [ 4.0, 1.0 ],
													"rotationOrigin": [ 1.3, 0.7, 2.5 ],
													"rotationZ": -1.0,
													"faces": {
														"north": { "texture": "#skin", "uv": [ 13.0, 5.5, 14.0, 9.5 ], "rotation": 90 },
														"south": { "texture": "#skin", "uv": [ 8.0, 5.5, 9.0, 9.5 ], "rotation": 270 },
														"west": { "texture": "#skin", "uv": [ 9.0, 4.5, 13.0, 5.5 ], "rotation": 180 },
														"up": { "texture": "#skin", "uv": [ 9.0, 5.5, 13.0, 9.5 ], "rotation": 270 },
														"down": { "texture": "#skin", "uv": [ 17.5, 5.5, 21.5, 9.5 ], "rotation": 90 }
													},
													"attachmentpoints": [
														{
															"code": "rope",
															"posX": "1.0","posY": "0.0","posZ": "1.5",
															"rotationX": "0.0","rotationY": "0.0","rotationZ": "0.0"
														}
													]
												}
											]
										}
									]
								}
							]
						},
						{
							"name": "Tail01",
							"from": [ 4.5, 0.0, 2.45 ],
							"to": [ 6.5, 1.0, 4.55 ],
							"unwrapMode": 7,
							"unwrapRotation": 1,
							"uv": [ 2.0, 39.5 ],
							"rotationOrigin": [ 4.7, 1.0, 3.5 ],
							"rotationZ": 1.0,
							"faces": {
								"north": { "texture": "#skin", "uv": [ 5.0, 39.5, 6.0, 41.5 ], "rotation": 90 },
								"east": { "texture": "#skin", "uv": [ 3.0, 41.5, 5.0, 42.5 ], "windMode": [-1,-1,-1,-1] },
								"south": { "texture": "#skin", "uv": [ 2.0, 39.5, 3.0, 41.5 ], "rotation": 270 },
								"up": { "texture": "#skin", "uv": [ 3.0, 39.5, 5.0, 41.5 ], "rotation": 270 },
								"down": { "texture": "#skin", "uv": [ 6.0, 39.5, 8.0, 41.5 ], "rotation": 90 }
							},
							"children": [
								{
									"name": "Tail2",
									"from": [ 1.8, 0.0, 0.05 ],
									"to": [ 3.8, 1.0, 2.05 ],
									"unwrapMode": 7,
									"unwrapRotation": 1,
									"uv": [ 4.5, 44.0 ],
									"rotationOrigin": [ 2.0, 1.0, 1.05 ],
									"rotationZ": -1.0,
									"faces": {
										"north": { "texture": "#skin", "uv": [ 7.5, 44.0, 8.5, 46.0 ], "rotation": 90 },
										"east": { "texture": "#skin", "uv": [ 5.5, 46.0, 7.5, 47.0 ], "windMode": [-1,-1,-1,-1] },
										"south": { "texture": "#skin", "uv": [ 4.5, 44.0, 5.5, 46.0 ], "rotation": 270 },
										"up": { "texture": "#skin", "uv": [ 5.5, 44.0, 7.5, 46.0 ], "rotation": 270 },
										"down": { "texture": "#skin", "uv": [ 8.5, 44.0, 10.5, 46.0 ], "rotation": 90 }
									},
									"children": [
										{
											"name": "Tail3",
											"from": [ 1.8, 0.0, 0.1 ],
											"to": [ 4.8, 1.0, 1.9 ],
											"unwrapMode": 7,
											"unwrapRotation": 1,
											"uv": [ 2.5, 48.5 ],
											"rotationOrigin": [ 2.0, 1.0, 1.0 ],
											"rotationZ": 1.0,
											"faces": {
												"north": { "texture": "#skin", "uv": [ 5.0, 48.5, 6.0, 51.5 ], "rotation": 90 },
												"east": { "texture": "#skin", "uv": [ 3.5, 51.5, 5.0, 52.5 ], "windMode": [-1,-1,-1,-1] },
												"south": { "texture": "#skin", "uv": [ 2.5, 48.5, 3.5, 51.5 ], "rotation": 270 },
												"up": { "texture": "#skin", "uv": [ 3.5, 48.5, 5.0, 51.5 ], "rotation": 270 },
												"down": { "texture": "#skin", "uv": [ 6.0, 48.5, 7.5, 51.5 ], "rotation": 90 }
											},
											"children": [
												{
													"name": "Tail4",
													"from": [ 2.8, 0.0, 0.1 ],
													"to": [ 5.8, 1.0, 1.7 ],
													"unwrapMode": 7,
													"unwrapRotation": 1,
													"uv": [ 4.5, 53.5 ],
													"rotationOrigin": [ 3.0, 1.0, 1.0 ],
													"rotationZ": -1.0,
													"faces": {
														"north": { "texture": "#skin", "uv": [ 7.0, 53.5, 8.0, 56.5 ], "rotation": 90 },
														"east": { "texture": "#skin", "uv": [ 5.5, 56.5, 7.0, 57.5 ], "windMode": [-1,-1,-1,-1] },
														"south": { "texture": "#skin", "uv": [ 4.5, 53.5, 5.5, 56.5 ], "rotation": 270 },
														"up": { "texture": "#skin", "uv": [ 5.5, 53.5, 7.0, 56.5 ], "rotation": 270 },
														"down": { "texture": "#skin", "uv": [ 8.0, 53.5, 9.5, 56.5 ], "rotation": 90 }
													},
													"children": [
														{
															"name": "Tail5",
															"from": [ 2.8, 0.0, 0.1 ],
															"to": [ 5.8, 1.0, 1.5 ],
															"unwrapMode": 7,
															"unwrapRotation": 1,
															"uv": [ 3.0, 58.5 ],
															"rotationOrigin": [ 3.0, 1.0, 1.0 ],
															"rotationZ": 1.0,
															"faces": {
																"north": { "texture": "#skin", "uv": [ 5.0, 58.5, 6.0, 61.5 ], "rotation": 90 },
																"east": { "texture": "#skin", "uv": [ 4.0, 61.5, 5.0, 62.5 ], "windMode": [-1,-1,-1,-1] },
																"south": { "texture": "#skin", "uv": [ 3.0, 58.5, 4.0, 61.5 ], "rotation": 270 },
																"up": { "texture": "#skin", "uv": [ 4.0, 58.5, 5.0, 61.5 ], "rotation": 270 },
																"down": { "texture": "#skin", "uv": [ 6.0, 58.5, 7.0, 61.5 ], "rotation": 90 }
															}
														}
													]
												}
											]
										}
									]
								}
							]
						}
					]
				}
			],
			"attachmentpoints": [
				{
					"code": "center",
					"posX": "-6.0","posY": "-3.0","posZ": "0.0",
					"rotationX": "0.0","rotationY": "0.0","rotationZ": "0.0"
				}
			]
		}
	]}