{
	"editor": {
		"allAngles": true,
		"entityTextureMode": true
	},
	"textureWidth": 32,
	"textureHeight": 32,
	"textureSizes": {
		"skin": [32,32]
	},
	"textures": {
	},
	"elements": [
		{
			"name": "Neck1",
			"from": [ 14.54, 8.33, 6.75 ],
			"to": [ 16.29, 10.83, 9.25 ],
			"unwrapMode": 7,
			"unwrapRotation": 1,
			"autoUnwrap": false,
			"uv": [ 3.5, 3.0 ],
			"rotationOrigin": [ 17.215, 10.0, 8.0 ],
			"rotationZ": 2.0,
			"faces": {
				"north": { "texture": "#skin", "uv": [ 7.0, 5.5, 9.5, 7.0 ], "rotation": 90 },
				"south": { "texture": "#skin", "uv": [ 2.0, 5.5, 4.5, 7.0 ], "rotation": 270 },
				"west": { "texture": "#skin", "uv": [ 12.5, 3.5, 15.0, 6.0 ] },
				"up": { "texture": "#skin", "uv": [ 4.5, 5.5, 7.0, 7.0 ], "rotation": 270 },
				"down": { "texture": "#skin", "uv": [ 9.5, 5.5, 12.0, 7.0 ], "rotation": 90 }
			},
			"children": [
				{
					"name": "Neck2",
					"from": [ -1.75, 0.2, 0.25 ],
					"to": [ 0.25, 2.45, 2.25 ],
					"unwrapMode": 7,
					"unwrapRotation": 1,
					"autoUnwrap": false,
					"uv": [ 4.0, 1.0 ],
					"rotationOrigin": [ 0.65, 2.15, 1.25 ],
					"rotationZ": 11.0,
					"faces": {
						"north": { "texture": "#skin", "uv": [ 6.5, 3.0, 8.5, 5.0 ], "rotation": 90 },
						"east": { "texture": "#skin", "uv": [ 11.5, 1.0, 13.5, 3.0 ] },
						"south": { "texture": "#skin", "uv": [ 2.5, 3.0, 4.5, 5.0 ], "rotation": 270 },
						"west": { "texture": "#skin", "uv": [ 4.5, 1.0, 6.5, 3.0 ], "rotation": 180 },
						"up": { "texture": "#skin", "uv": [ 4.5, 3.0, 6.5, 5.0 ], "rotation": 270 },
						"down": { "texture": "#skin", "uv": [ 8.5, 3.0, 10.5, 5.0 ], "rotation": 90 }
					},
					"children": [
						{
							"name": "Head",
							"from": [ -1.75, 0.8, -0.15 ],
							"to": [ 0.0, 2.3, 2.15 ],
							"unwrapMode": 4,
							"uv": [ 7.0, 22.5 ],
							"rotationOrigin": [ 0.0, 2.3, 1.0 ],
							"rotationZ": 37.0,
							"faces": {
								"north": { "texture": "#skin", "uv": [ 7.0, 24.0, 8.5, 25.5 ] },
								"east": { "texture": "#skin", "uv": [ 12.0, 24.0, 14.0, 25.5 ], "windMode": [-1,-1,-1,-1] },
								"south": { "texture": "#skin", "uv": [ 10.5, 24.0, 12.0, 25.5 ] },
								"west": { "texture": "#skin", "uv": [ 8.5, 24.0, 10.5, 25.5 ], "windMode": [-1,-1,-1,-1] },
								"up": { "texture": "#skin", "uv": [ 8.5, 22.5, 10.5, 24.0 ], "rotation": 90, "windMode": [-1,-1,-1,-1] },
								"down": { "texture": "#skin", "uv": [ 8.5, 25.5, 10.5, 27.0 ], "rotation": 90 }
							},
							"children": [
								{
									"name": "Face",
									"from": [ -1.1, 0.6, 0.55 ],
									"to": [ 0.0, 1.5, 1.75 ],
									"unwrapMode": 5,
									"unwrapRotation": 1,
									"uv": [ 6.0, 26.0 ],
									"rotationOrigin": [ 0.0, 1.5, 1.15 ],
									"rotationZ": 12.0,
									"faces": {
										"north": { "texture": "#skin", "uv": [ 6.0, 26.0, 6.5, 27.0 ], "rotation": 270 },
										"south": { "texture": "#skin", "uv": [ 7.5, 26.0, 8.0, 27.0 ], "rotation": 90 },
										"west": { "texture": "#skin", "uv": [ 6.5, 27.0, 7.5, 27.5 ], "windMode": [-1,-1,-1,-1] },
										"up": { "texture": "#skin", "uv": [ 6.5, 26.0, 7.5, 27.0 ], "rotation": 90 }
									},
									"children": [
										{
											"name": "Uppermouth",
											"from": [ 0.0, 0.0, -0.075 ],
											"to": [ 1.5, 0.5, 1.275 ],
											"unwrapMode": 5,
											"unwrapRotation": 1,
											"uv": [ 3.0, 27.5 ],
											"rotationOrigin": [ 0.0, 0.45, -0.075 ],
											"rotationZ": -20.0,
											"faces": {
												"north": { "texture": "#skin", "uv": [ 3.0, 27.5, 3.5, 29.0 ], "rotation": 270 },
												"south": { "texture": "#skin", "uv": [ 4.5, 27.5, 5.0, 29.0 ], "rotation": 90 },
												"west": { "texture": "#skin", "uv": [ 3.5, 29.0, 4.5, 29.5 ], "windMode": [-1,-1,-1,-1] },
												"up": { "texture": "#skin", "uv": [ 3.5, 27.5, 4.5, 29.0 ], "rotation": 90 },
												"down": { "texture": "#skin", "uv": [ 5.0, 27.5, 6.0, 29.0 ], "rotation": 270 }
											},
											"children": [
												{
													"name": "Upper teeth",
													"from": [ 0.15, -0.15, 0.5 ],
													"to": [ 0.3, 0.15, 0.65 ],
													"unwrapMode": 7,
													"unwrapRotation": 1,
													"uv": [ 8.0, 27.5 ],
													"rotationOrigin": [ 0.15, 0.225, 0.65 ],
													"rotationX": -2.0,
													"rotationZ": 7.0,
													"faces": {
														"north": { "texture": "#skin", "uv": [ 8.5, 28.0, 9.0, 28.5 ], "rotation": 90 },
														"east": { "texture": "#skin", "uv": [ 8.5, 28.5, 9.0, 29.0 ] },
														"south": { "texture": "#skin", "uv": [ 8.0, 28.0, 8.5, 28.5 ], "rotation": 270 },
														"west": { "texture": "#skin", "uv": [ 8.5, 27.5, 9.0, 28.0 ], "rotation": 180 },
														"down": { "texture": "#skin", "uv": [ 9.0, 28.0, 9.5, 28.5 ], "rotation": 90 }
													}
												},
												{
													"name": "Upper teeth2",
													"from": [ 0.15, -0.15, 0.7 ],
													"to": [ 0.3, 0.15, 0.85 ],
													"unwrapMode": 7,
													"unwrapRotation": 1,
													"uv": [ 8.0, 27.5 ],
													"rotationOrigin": [ 0.15, 0.225, 0.7 ],
													"rotationX": 2.0,
													"rotationZ": 7.0,
													"faces": {
														"north": { "texture": "#skin", "uv": [ 8.5, 28.0, 9.0, 28.5 ], "rotation": 90 },
														"east": { "texture": "#skin", "uv": [ 8.5, 28.5, 9.0, 29.0 ] },
														"south": { "texture": "#skin", "uv": [ 8.0, 28.0, 8.5, 28.5 ], "rotation": 270 },
														"west": { "texture": "#skin", "uv": [ 8.5, 27.5, 9.0, 28.0 ], "rotation": 180 },
														"down": { "texture": "#skin", "uv": [ 9.0, 28.0, 9.5, 28.5 ], "rotation": 90 }
													}
												}
											]
										},
										{
											"name": "Snout",
											"from": [ -0.05, 0.1, 0.225 ],
											"to": [ 0.7, 0.85, 0.975 ],
											"unwrapMode": 5,
											"unwrapRotation": 1,
											"uv": [ 4.0, 25.5 ],
											"rotationOrigin": [ 0.65, 0.85, 0.225 ],
											"rotationZ": -5.0,
											"faces": {
												"north": { "texture": "#skin", "uv": [ 4.0, 25.5, 4.5, 26.0 ], "rotation": 270 },
												"south": { "texture": "#skin", "uv": [ 5.0, 25.5, 5.5, 26.0 ], "rotation": 90 },
												"west": { "texture": "#skin", "uv": [ 4.5, 26.0, 5.0, 26.5 ] },
												"up": { "texture": "#skin", "uv": [ 4.5, 25.5, 5.0, 26.0 ], "rotation": 90 }
											},
											"children": [
												{
													"name": "Upper nose",
													"from": [ -0.05, 0.3, 0.1125 ],
													"to": [ 0.45, 0.8, 0.6375 ],
													"unwrapMode": 4,
													"uv": [ 1.5, 29.5 ],
													"rotationOrigin": [ -0.05, 0.3, 0.1125 ],
													"rotationZ": -2.0,
													"faces": {
														"north": { "texture": "#skin", "uv": [ 1.5, 30.0, 2.0, 30.5 ] },
														"south": { "texture": "#skin", "uv": [ 2.5, 30.0, 3.0, 30.5 ] },
														"west": { "texture": "#skin", "uv": [ 2.0, 30.0, 2.5, 30.5 ] },
														"up": { "texture": "#skin", "uv": [ 2.0, 29.5, 2.5, 30.0 ], "rotation": 90 },
														"down": { "texture": "#skin", "uv": [ 2.0, 30.5, 2.5, 31.0 ], "rotation": 90 }
													},
													"children": [
														{
															"name": "Lowernose",
															"from": [ 0.0075, -0.15, 0.1 ],
															"to": [ 0.1575, 0.15, 0.4 ],
															"uv": [ 1.5, 30.5 ],
															"rotationOrigin": [ 0.0075, 0.0, 0.25 ],
															"rotationX": 45.0,
															"faces": {
																"south": { "texture": "#skin", "uv": [ 1.5, 31.0, 2.0, 31.5 ], "windMode": [-1,-1,-1,-1] },
																"west": { "texture": "#skin", "uv": [ 2.0, 31.0, 2.5, 31.5 ] },
																"down": { "texture": "#skin", "uv": [ 1.5, 30.5, 2.0, 31.0 ] }
															}
														}
													]
												},
												{
													"name": "R Whiskers",
													"from": [ 0.15, -0.15, -1.5 ],
													"to": [ 0.15, 0.6, 0.0 ],
													"shade": false,
													"renderPass": 1,
													"autoUnwrap": false,
													"uv": [ 37.5, 37.5 ],
													"rotationOrigin": [ 0.15, 0.6, 0.0 ],
													"rotationY": 10.0,
													"rotationZ": 30.0,
													"faces": {
														"east": { "texture": "#skin", "uv": [ 7.0, 1.0, 10.0, 2.5 ], "autoUv": false, "windMode": [-1,-1,-1,-1] }
													}
												},
												{
													"name": "L Whiskers",
													"from": [ 0.15, -0.15, 0.75 ],
													"to": [ 0.15, 0.6, 2.25 ],
													"shade": false,
													"renderPass": 1,
													"autoUnwrap": false,
													"uv": [ 37.5, 35.5 ],
													"rotationOrigin": [ 0.15, 0.6, 0.75 ],
													"rotationY": -10.0,
													"rotationZ": 30.0,
													"faces": {
														"east": { "texture": "#skin", "uv": [ 1.0, 1.0, 4.0, 2.5 ], "autoUv": false, "windMode": [-1,-1,-1,-1] }
													}
												}
											]
										},
										{
											"name": "REye",
											"from": [ 0.9, 0.45, -0.25 ],
											"to": [ 1.05, 0.7, 0.0 ],
											"unwrapMode": 2,
											"uv": [ 12.5, 22.5 ],
											"rotationOrigin": [ 0.9, 0.45, 0.0 ],
											"rotationY": -15.0,
											"rotationZ": -20.0,
											"faces": {
												"north": { "texture": "#skin", "uv": [ 12.5, 23.0, 13.0, 23.5 ] },
												"west": { "texture": "#skin", "uv": [ 13.0, 23.0, 13.5, 23.5 ] },
												"up": { "texture": "#skin", "uv": [ 12.5, 22.5, 13.0, 23.0 ], "rotation": 270 }
											},
											"children": [
												{
													"name": "RCheek",
													"from": [ -0.25, -0.75, -0.4 ],
													"to": [ 0.25, 0.0, 0.35 ],
													"unwrapMode": 4,
													"uv": [ 5.0, 23.0 ],
													"rotationOrigin": [ -0.25, -0.75, 0.35 ],
													"rotationY": -12.0,
													"faces": {
														"north": { "texture": "#skin", "uv": [ 5.0, 23.5, 5.5, 24.0 ] },
														"west": { "texture": "#skin", "uv": [ 5.5, 23.5, 6.0, 24.0 ] },
														"up": { "texture": "#skin", "uv": [ 5.5, 23.0, 6.0, 23.5 ], "rotation": 90 },
														"down": { "texture": "#skin", "uv": [ 5.5, 24.0, 6.0, 24.5 ], "rotation": 90 }
													}
												},
												{
													"name": "RPupil",
													"from": [ -0.005, 0.075, 0.075 ],
													"to": [ 0.045, 0.175, 0.175 ],
													"unwrapMode": 4,
													"uv": [ 14.0, 22.5 ],
													"rotationOrigin": [ -0.005, 0.075, 0.075 ],
													"faces": {
														"north": { "texture": "#skin", "uv": [ 14.0, 23.0, 14.5, 23.5 ] },
														"south": { "texture": "#skin", "uv": [ 15.0, 23.0, 15.5, 23.5 ] },
														"west": { "texture": "#skin", "uv": [ 14.5, 23.0, 15.0, 23.5 ] },
														"up": { "texture": "#skin", "uv": [ 14.5, 22.5, 15.0, 23.0 ], "rotation": 90 },
														"down": { "texture": "#skin", "uv": [ 14.5, 23.5, 15.0, 24.0 ], "rotation": 90 }
													}
												}
											]
										},
										{
											"name": "LEye",
											"from": [ 0.9, 0.45, 1.2 ],
											"to": [ 1.05, 0.7, 1.45 ],
											"unwrapMode": 2,
											"uv": [ 11.0, 22.5 ],
											"rotationOrigin": [ 0.9, 0.45, 1.2 ],
											"rotationY": 15.0,
											"rotationZ": -20.0,
											"faces": {
												"south": { "texture": "#skin", "uv": [ 11.0, 23.0, 11.5, 23.5 ] },
												"west": { "texture": "#skin", "uv": [ 11.5, 23.0, 12.0, 23.5 ] },
												"up": { "texture": "#skin", "uv": [ 11.5, 22.5, 12.0, 23.0 ], "rotation": 270 }
											},
											"children": [
												{
													"name": "LCheek",
													"from": [ -0.25, -0.75, -0.1 ],
													"to": [ 0.25, 0.0, 0.65 ],
													"unwrapMode": 2,
													"uv": [ 3.5, 23.0 ],
													"rotationOrigin": [ -0.25, -0.75, -0.1 ],
													"rotationY": 12.0,
													"faces": {
														"south": { "texture": "#skin", "uv": [ 3.5, 23.5, 4.0, 24.0 ] },
														"west": { "texture": "#skin", "uv": [ 4.0, 23.5, 4.5, 24.0 ] },
														"up": { "texture": "#skin", "uv": [ 4.0, 23.0, 4.5, 23.5 ], "rotation": 270 },
														"down": { "texture": "#skin", "uv": [ 4.0, 24.0, 4.5, 24.5 ], "rotation": 270 }
													}
												},
												{
													"name": "LPupil",
													"from": [ -0.005, 0.075, 0.075 ],
													"to": [ 0.045, 0.175, 0.175 ],
													"unwrapMode": 4,
													"uv": [ 14.0, 22.5 ],
													"rotationOrigin": [ -0.005, 0.075, 0.075 ],
													"faces": {
														"north": { "texture": "#skin", "uv": [ 14.0, 23.0, 14.5, 23.5 ] },
														"south": { "texture": "#skin", "uv": [ 15.0, 23.0, 15.5, 23.5 ] },
														"west": { "texture": "#skin", "uv": [ 14.5, 23.0, 15.0, 23.5 ] },
														"up": { "texture": "#skin", "uv": [ 14.5, 22.5, 15.0, 23.0 ], "rotation": 90 },
														"down": { "texture": "#skin", "uv": [ 14.5, 23.5, 15.0, 24.0 ], "rotation": 90 }
													}
												}
											]
										}
									]
								},
								{
									"name": "Jaw",
									"from": [ -0.05, -0.9, 0.1 ],
									"to": [ 1.45, 0.6, 2.2 ],
									"unwrapMode": 6,
									"unwrapRotation": 1,
									"uv": [ 10.0, 26.0 ],
									"rotationOrigin": [ 1.4, -0.15, 1.15 ],
									"rotationZ": -19.0,
									"faces": {
										"north": { "texture": "#skin", "uv": [ 10.0, 27.5, 11.5, 29.0 ], "rotation": 90 },
										"east": { "texture": "#skin", "uv": [ 11.5, 29.0, 13.5, 30.5 ], "rotation": 180, "windMode": [-1,-1,-1,-1] },
										"south": { "texture": "#skin", "uv": [ 13.5, 27.5, 15.0, 29.0 ], "rotation": 270 },
										"west": { "texture": "#skin", "uv": [ 11.5, 26.0, 13.5, 27.5 ], "windMode": [-1,-1,-1,-1] },
										"down": { "texture": "#skin", "uv": [ 11.5, 27.5, 13.5, 29.0 ], "rotation": 90 }
									},
									"children": [
										{
											"name": "Lowermouth",
											"from": [ -0.75, 0.15, 0.55 ],
											"to": [ 0.25, 0.65, 1.55 ],
											"unwrapMode": 5,
											"unwrapRotation": 1,
											"uv": [ 3.5, 30.0 ],
											"rotationOrigin": [ 0.05, 0.5, 1.05 ],
											"faces": {
												"north": { "texture": "#skin", "uv": [ 3.5, 30.0, 4.0, 31.0 ], "rotation": 270 },
												"south": { "texture": "#skin", "uv": [ 5.0, 30.0, 5.5, 31.0 ], "rotation": 90 },
												"west": { "texture": "#skin", "uv": [ 4.0, 31.0, 5.0, 31.5 ] },
												"up": { "texture": "#skin", "uv": [ 4.0, 30.0, 5.0, 31.0 ], "rotation": 90 },
												"down": { "texture": "#skin", "uv": [ 5.5, 30.0, 6.5, 31.0 ], "rotation": 270 }
											},
											"children": [
												{
													"name": "Lower teeth",
													"from": [ 0.15, 0.3, 0.35 ],
													"to": [ 0.3, 0.65, 0.5 ],
													"unwrapMode": 2,
													"uv": [ 9.0, 29.5 ],
													"rotationOrigin": [ 0.15, 0.3, 0.5 ],
													"rotationX": 3.0,
													"rotationZ": 40.0,
													"faces": {
														"north": { "texture": "#skin", "uv": [ 10.0, 30.0, 10.5, 30.5 ] },
														"east": { "texture": "#skin", "uv": [ 9.5, 30.0, 10.0, 30.5 ] },
														"south": { "texture": "#skin", "uv": [ 9.0, 30.0, 9.5, 30.5 ] },
														"west": { "texture": "#skin", "uv": [ 10.5, 30.0, 11.0, 30.5 ] },
														"up": { "texture": "#skin", "uv": [ 9.5, 29.5, 10.0, 30.0 ], "rotation": 270 }
													}
												},
												{
													"name": "Lower teeth2",
													"from": [ 0.15, 0.3, 0.5 ],
													"to": [ 0.3, 0.65, 0.65 ],
													"unwrapMode": 2,
													"uv": [ 9.0, 29.5 ],
													"rotationOrigin": [ 0.15, 0.3, 0.5 ],
													"rotationX": -3.0,
													"rotationZ": 40.0,
													"faces": {
														"north": { "texture": "#skin", "uv": [ 10.0, 30.0, 10.5, 30.5 ] },
														"east": { "texture": "#skin", "uv": [ 9.5, 30.0, 10.0, 30.5 ] },
														"south": { "texture": "#skin", "uv": [ 9.0, 30.0, 9.5, 30.5 ] },
														"west": { "texture": "#skin", "uv": [ 10.5, 30.0, 11.0, 30.5 ] },
														"up": { "texture": "#skin", "uv": [ 9.5, 29.5, 10.0, 30.0 ], "rotation": 270 }
													}
												}
											]
										}
									]
								},
								{
									"name": "R Earbase",
									"from": [ 1.15, 1.2, 0.15 ],
									"to": [ 1.9, 1.7, 0.35 ],
									"unwrapMode": 3,
									"uv": [ 1.0, 16.5 ],
									"rotationOrigin": [ 1.5, 1.2, 0.3 ],
									"rotationY": 25.5,
									"rotationZ": -45.0,
									"faces": {
										"north": { "texture": "#skin", "uv": [ 2.5, 17.0, 3.0, 17.5 ] },
										"east": { "texture": "#skin", "uv": [ 2.0, 17.0, 2.5, 17.5 ] },
										"south": { "texture": "#skin", "uv": [ 1.5, 17.0, 2.0, 17.5 ] },
										"west": { "texture": "#skin", "uv": [ 1.0, 17.0, 1.5, 17.5 ] },
										"up": { "texture": "#skin", "uv": [ 1.5, 16.5, 2.0, 17.0 ] }
									},
									"children": [
										{
											"name": "R Eartip",
											"from": [ 0.0, 0.5, 0.025 ],
											"to": [ 0.35, 1.25, 0.175 ],
											"unwrapMode": 3,
											"uv": [ 1.5, 15.0 ],
											"rotationOrigin": [ 0.0, 0.5, 0.025 ],
											"rotationZ": -25.0,
											"faces": {
												"north": { "texture": "#skin", "uv": [ 3.0, 15.5, 3.5, 16.0 ] },
												"east": { "texture": "#skin", "uv": [ 2.5, 15.5, 3.0, 16.0 ], "windMode": [-1,-1,-1,-1] },
												"south": { "texture": "#skin", "uv": [ 2.0, 15.5, 2.5, 16.0 ] },
												"west": { "texture": "#skin", "uv": [ 1.5, 15.5, 2.0, 16.0 ], "windMode": [-1,-1,-1,-1] },
												"up": { "texture": "#skin", "uv": [ 2.0, 15.0, 2.5, 15.5 ], "windMode": [-1,-1,-1,-1] }
											}
										},
										{
											"name": "R Eartip2",
											"from": [ 0.4, 0.5, 0.05 ],
											"to": [ 0.75, 1.05, 0.15 ],
											"unwrapMode": 3,
											"uv": [ 5.5, 18.0 ],
											"rotationOrigin": [ 0.75, 0.5, 0.05 ],
											"rotationZ": 12.0,
											"faces": {
												"north": { "texture": "#skin", "uv": [ 6.5, 18.5, 7.0, 19.0 ] },
												"east": { "texture": "#skin", "uv": [ 6.0, 18.5, 6.5, 19.0 ], "windMode": [-1,-1,-1,-1] },
												"south": { "texture": "#skin", "uv": [ 5.5, 18.5, 6.0, 19.0 ] },
												"up": { "texture": "#skin", "uv": [ 5.5, 18.0, 6.0, 18.5 ] }
											}
										}
									]
								},
								{
									"name": "L Earbase",
									"from": [ 1.05, 1.2, 1.85 ],
									"to": [ 1.8, 1.7, 2.05 ],
									"unwrapMode": 1,
									"uv": [ 20.0, 20.0 ],
									"rotationOrigin": [ 1.4, 1.2, 2.0 ],
									"rotationY": -23.5,
									"rotationZ": -45.0,
									"faces": {
										"north": { "texture": "#skin", "uv": [ 20.5, 20.5, 21.0, 21.0 ] },
										"east": { "texture": "#skin", "uv": [ 20.0, 20.5, 20.5, 21.0 ] },
										"south": { "texture": "#skin", "uv": [ 21.5, 20.5, 22.0, 21.0 ] },
										"west": { "texture": "#skin", "uv": [ 21.0, 20.5, 21.5, 21.0 ] },
										"up": { "texture": "#skin", "uv": [ 20.5, 20.0, 21.0, 20.5 ], "rotation": 180 }
									},
									"children": [
										{
											"name": "L Eartip",
											"from": [ 0.0, 0.5, 0.025 ],
											"to": [ 0.35, 1.25, 0.175 ],
											"unwrapMode": 1,
											"uv": [ 20.5, 18.5 ],
											"rotationOrigin": [ 0.0, 0.5, 0.025 ],
											"rotationZ": -25.0,
											"faces": {
												"north": { "texture": "#skin", "uv": [ 21.0, 19.0, 21.5, 19.5 ] },
												"east": { "texture": "#skin", "uv": [ 20.5, 19.0, 21.0, 19.5 ], "windMode": [-1,-1,-1,-1] },
												"south": { "texture": "#skin", "uv": [ 22.0, 19.0, 22.5, 19.5 ] },
												"west": { "texture": "#skin", "uv": [ 21.5, 19.0, 22.0, 19.5 ], "windMode": [-1,-1,-1,-1] },
												"up": { "texture": "#skin", "uv": [ 21.0, 18.5, 21.5, 19.0 ], "rotation": 180 }
											}
										},
										{
											"name": "L Eartip2",
											"from": [ 0.4, 0.5, 0.05 ],
											"to": [ 0.75, 1.05, 0.15 ],
											"unwrapMode": 1,
											"uv": [ 20.5, 17.0 ],
											"rotationOrigin": [ 0.75, 0.5, 0.05 ],
											"rotationZ": 12.0,
											"faces": {
												"north": { "texture": "#skin", "uv": [ 21.0, 17.5, 21.5, 18.0 ] },
												"east": { "texture": "#skin", "uv": [ 20.5, 17.5, 21.0, 18.0 ], "windMode": [-1,-1,-1,-1] },
												"south": { "texture": "#skin", "uv": [ 22.0, 17.5, 22.5, 18.0 ] },
												"west": { "texture": "#skin", "uv": [ 21.5, 17.5, 22.0, 18.0 ], "windMode": [-1,-1,-1,-1] },
												"up": { "texture": "#skin", "uv": [ 21.0, 17.0, 21.5, 17.5 ], "rotation": 180 }
											}
										}
									]
								}
							]
						}
					],
					"attachmentpoints": [
						{
							"code": "rope",
							"posX": "1.0","posY": "0.0","posZ": "1.0",
							"rotationX": "0.0","rotationY": "0.0","rotationZ": "0.0"
						}
					]
				}
			]
		}
	]}