{
	"editor": {
		"allAngles": true,
		"entityTextureMode": true
	},
	"textureWidth": 56,
	"textureHeight": 68,
	"textureSizes": {
		"skin": [56,68]
	},
	"textures": {
	},
	"elements": [
		{
			"name": "Neck1",
			"from": [ 13.5, 5.9, 5.5 ],
			"to": [ 17.0, 10.9, 10.5 ],
			"unwrapMode": 7,
			"unwrapRotation": 1,
			"autoUnwrap": false,
			"uv": [ 3.5, 3.0 ],
			"rotationOrigin": [ 16.5, 10.0, 8.0 ],
			"rotationZ": -13.0,
			"faces": {
				"north": { "texture": "#skin", "uv": [ 13.5, 10.0, 18.5, 13.5 ], "rotation": 90 },
				"south": { "texture": "#skin", "uv": [ 3.5, 10.0, 8.5, 13.5 ], "rotation": 270 },
				"west": { "texture": "#skin", "uv": [ 24.5, 8.0, 29.5, 13.0 ] },
				"up": { "texture": "#skin", "uv": [ 8.5, 10.0, 13.5, 13.5 ], "rotation": 270 },
				"down": { "texture": "#skin", "uv": [ 18.5, 10.0, 23.5, 13.5 ], "rotation": 90 }
			},
			"children": [
				{
					"name": "Neck2",
					"from": [ -2.3, 0.4, 0.5 ],
					"to": [ 1.7, 4.9, 4.5 ],
					"unwrapMode": 7,
					"unwrapRotation": 1,
					"autoUnwrap": false,
					"uv": [ 4.0, 1.0 ],
					"rotationOrigin": [ 1.3, 4.3, 2.5 ],
					"rotationZ": -3.0,
					"faces": {
						"north": { "texture": "#skin", "uv": [ 13.0, 5.5, 17.5, 9.5 ], "rotation": 90 },
						"east": { "texture": "#skin", "uv": [ 22.5, 3.0, 26.5, 7.5 ] },
						"south": { "texture": "#skin", "uv": [ 4.5, 5.5, 9.0, 9.5 ], "rotation": 270 },
						"west": { "texture": "#skin", "uv": [ 9.0, 1.0, 13.0, 5.5 ], "rotation": 180 },
						"up": { "texture": "#skin", "uv": [ 9.0, 5.5, 13.0, 9.5 ], "rotation": 270 },
						"down": { "texture": "#skin", "uv": [ 17.5, 5.5, 21.5, 9.5 ], "rotation": 90 }
					},
					"children": [
						{
							"name": "Head",
							"from": [ -3.5, 1.6, -0.3 ],
							"to": [ 0.0, 4.6, 4.3 ],
							"unwrapMode": 4,
							"uv": [ 14.0, 48.0 ],
							"rotationOrigin": [ 0.0, 4.6, 2.0 ],
							"rotationZ": 55.0,
							"faces": {
								"north": { "texture": "#skin", "uv": [ 14.0, 51.5, 17.5, 54.5 ] },
								"east": { "texture": "#skin", "uv": [ 25.5, 51.5, 30.0, 54.5 ], "windMode": [-1,-1,-1,-1] },
								"south": { "texture": "#skin", "uv": [ 22.0, 51.5, 25.5, 54.5 ] },
								"west": { "texture": "#skin", "uv": [ 17.5, 51.5, 22.0, 54.5 ], "windMode": [-1,-1,-1,-1] },
								"up": { "texture": "#skin", "uv": [ 17.5, 48.0, 22.0, 51.5 ], "rotation": 90, "windMode": [-1,-1,-1,-1] },
								"down": { "texture": "#skin", "uv": [ 17.5, 54.5, 22.0, 58.0 ], "rotation": 90 }
							},
							"children": [
								{
									"name": "Face",
									"from": [ -2.2, 1.2, 1.1 ],
									"to": [ 0.0, 3.0, 3.5 ],
									"unwrapMode": 5,
									"unwrapRotation": 1,
									"uv": [ 12.0, 55.0 ],
									"rotationOrigin": [ 0.0, 3.0, 2.3 ],
									"rotationZ": 12.0,
									"faces": {
										"north": { "texture": "#skin", "uv": [ 12.0, 55.0, 13.5, 57.0 ], "rotation": 270 },
										"south": { "texture": "#skin", "uv": [ 15.5, 55.0, 17.0, 57.0 ], "rotation": 90 },
										"west": { "texture": "#skin", "uv": [ 13.5, 57.0, 15.5, 58.5 ], "windMode": [-1,-1,-1,-1] },
										"up": { "texture": "#skin", "uv": [ 13.5, 55.0, 15.5, 57.0 ], "rotation": 90 }
									},
									"children": [
										{
											"name": "Uppermouth",
											"from": [ 0.0, 0.0, -0.15 ],
											"to": [ 3.0, 1.0, 2.55 ],
											"unwrapMode": 5,
											"unwrapRotation": 1,
											"uv": [ 12.5, 59.0 ],
											"rotationOrigin": [ 0.0, 0.9, -0.15 ],
											"rotationZ": -20.0,
											"faces": {
												"north": { "texture": "#skin", "uv": [ 12.5, 59.0, 13.5, 62.0 ], "rotation": 270 },
												"south": { "texture": "#skin", "uv": [ 16.0, 59.0, 17.0, 62.0 ], "rotation": 90 },
												"west": { "texture": "#skin", "uv": [ 13.5, 62.0, 16.0, 63.0 ], "windMode": [-1,-1,-1,-1] },
												"up": { "texture": "#skin", "uv": [ 13.5, 59.0, 16.0, 62.0 ], "rotation": 90 },
												"down": { "texture": "#skin", "uv": [ 17.0, 59.0, 19.5, 62.0 ], "rotation": 270 }
											},
											"children": [
												{
													"name": "Upper teeth",
													"from": [ 0.3, -0.3, 1.0 ],
													"to": [ 0.6, 0.3, 1.3 ],
													"unwrapMode": 7,
													"unwrapRotation": 1,
													"uv": [ 26.5, 48.0 ],
													"rotationOrigin": [ 0.3, 0.45, 1.3 ],
													"rotationX": -2.0,
													"rotationZ": 7.0,
													"faces": {
														"north": { "texture": "#skin", "uv": [ 27.0, 48.5, 27.5, 49.0 ], "rotation": 90 },
														"east": { "texture": "#skin", "uv": [ 27.0, 49.0, 27.5, 49.5 ] },
														"south": { "texture": "#skin", "uv": [ 26.5, 48.5, 27.0, 49.0 ], "rotation": 270 },
														"west": { "texture": "#skin", "uv": [ 27.0, 48.0, 27.5, 48.5 ], "rotation": 180 },
														"down": { "texture": "#skin", "uv": [ 27.5, 48.5, 28.0, 49.0 ], "rotation": 90 }
													}
												},
												{
													"name": "Upper teeth2",
													"from": [ 0.3, -0.3, 1.4 ],
													"to": [ 0.6, 0.3, 1.7 ],
													"unwrapMode": 7,
													"unwrapRotation": 1,
													"uv": [ 28.5, 48.0 ],
													"rotationOrigin": [ 0.3, 0.45, 1.4 ],
													"rotationX": 2.0,
													"rotationZ": 7.0,
													"faces": {
														"north": { "texture": "#skin", "uv": [ 29.0, 48.5, 29.5, 49.0 ], "rotation": 90 },
														"east": { "texture": "#skin", "uv": [ 29.0, 49.0, 29.5, 49.5 ] },
														"south": { "texture": "#skin", "uv": [ 28.5, 48.5, 29.0, 49.0 ], "rotation": 270 },
														"west": { "texture": "#skin", "uv": [ 29.0, 48.0, 29.5, 48.5 ], "rotation": 180 },
														"down": { "texture": "#skin", "uv": [ 29.5, 48.5, 30.0, 49.0 ], "rotation": 90 }
													}
												},
												{
													"name": "RU Molar",
													"from": [ 1.0, -0.2, 0.6 ],
													"to": [ 2.0, 0.0, 1.0 ],
													"unwrapMode": 6,
													"uv": [ 27.5, 55.0 ],
													"rotationOrigin": [ 1.0, -0.2, 1.0 ],
													"rotationY": 10.0,
													"rotationZ": 5.0,
													"faces": {
														"north": { "texture": "#skin", "uv": [ 27.5, 55.0, 28.5, 55.5 ] },
														"south": { "texture": "#skin", "uv": [ 27.5, 56.0, 28.5, 56.5 ], "rotation": 180 },
														"west": { "texture": "#skin", "uv": [ 28.5, 55.5, 29.0, 56.0 ], "rotation": 270 },
														"down": { "texture": "#skin", "uv": [ 27.5, 55.5, 28.5, 56.0 ] }
													}
												},
												{
													"name": "LU Molar",
													"from": [ 1.0, -0.2, 1.7 ],
													"to": [ 2.0, 0.0, 2.1 ],
													"unwrapMode": 6,
													"uv": [ 27.5, 56.5 ],
													"rotationOrigin": [ 1.0, -0.2, 1.7 ],
													"rotationY": -10.0,
													"rotationZ": 5.0,
													"faces": {
														"north": { "texture": "#skin", "uv": [ 27.5, 56.5, 28.5, 57.0 ] },
														"south": { "texture": "#skin", "uv": [ 27.5, 57.5, 28.5, 58.0 ], "rotation": 180 },
														"west": { "texture": "#skin", "uv": [ 28.5, 57.0, 29.0, 57.5 ], "rotation": 270 },
														"down": { "texture": "#skin", "uv": [ 27.5, 57.0, 28.5, 57.5 ] }
													}
												}
											]
										},
										{
											"name": "Snout",
											"from": [ -0.1, 0.2, 0.45 ],
											"to": [ 1.4, 1.7, 1.95 ],
											"unwrapMode": 5,
											"unwrapRotation": 1,
											"uv": [ 7.5, 57.5 ],
											"rotationOrigin": [ 1.3, 1.7, 0.45 ],
											"rotationZ": -5.0,
											"faces": {
												"north": { "texture": "#skin", "uv": [ 7.5, 57.5, 9.0, 59.0 ], "rotation": 270 },
												"south": { "texture": "#skin", "uv": [ 10.5, 57.5, 12.0, 59.0 ], "rotation": 90 },
												"west": { "texture": "#skin", "uv": [ 9.0, 59.0, 10.5, 60.5 ] },
												"up": { "texture": "#skin", "uv": [ 9.0, 57.5, 10.5, 59.0 ], "rotation": 90 }
											},
											"children": [
												{
													"name": "Upper nose",
													"from": [ -0.1, 0.6, 0.225 ],
													"to": [ 0.9, 1.6, 1.275 ],
													"unwrapMode": 4,
													"uv": [ 9.0, 61.5 ],
													"rotationOrigin": [ -0.1, 0.6, 0.225 ],
													"rotationZ": -2.0,
													"faces": {
														"north": { "texture": "#skin", "uv": [ 9.0, 62.5, 10.0, 63.5 ] },
														"south": { "texture": "#skin", "uv": [ 11.0, 62.5, 12.0, 63.5 ] },
														"west": { "texture": "#skin", "uv": [ 10.0, 62.5, 11.0, 63.5 ] },
														"up": { "texture": "#skin", "uv": [ 10.0, 61.5, 11.0, 62.5 ], "rotation": 90 },
														"down": { "texture": "#skin", "uv": [ 10.0, 63.5, 11.0, 64.5 ], "rotation": 90 }
													},
													"children": [
														{
															"name": "Lowernose",
															"from": [ 0.015, -0.3, 0.2 ],
															"to": [ 0.315, 0.3, 0.8 ],
															"uv": [ 9.0, 63.5 ],
															"rotationOrigin": [ 0.015, 0.0, 0.5 ],
															"rotationX": 45.0,
															"faces": {
																"south": { "texture": "#skin", "uv": [ 9.0, 64.0, 9.5, 64.5 ], "windMode": [-1,-1,-1,-1] },
																"west": { "texture": "#skin", "uv": [ 9.5, 64.0, 10.0, 64.5 ] },
																"down": { "texture": "#skin", "uv": [ 9.0, 63.5, 9.5, 64.0 ] }
															}
														}
													]
												},
												{
													"name": "R Whiskers",
													"from": [ 0.3, -0.3, -3.0 ],
													"to": [ 0.3, 1.2, 0.0 ],
													"shade": false,
													"renderPass": 1,
													"autoUnwrap": false,
													"uv": [ 37.5, 37.5 ],
													"rotationOrigin": [ 0.3, 1.2, 0.0 ],
													"rotationY": 10.0,
													"rotationZ": 30.0,
													"faces": {
														"east": { "texture": "#skin", "uv": [ 48.5, 36.0, 54.5, 39.0 ], "autoUv": false, "windMode": [-1,-1,-1,-1] }
													}
												},
												{
													"name": "L Whiskers",
													"from": [ 0.3, -0.3, 1.5 ],
													"to": [ 0.3, 1.2, 4.5 ],
													"shade": false,
													"renderPass": 1,
													"autoUnwrap": false,
													"uv": [ 37.5, 35.5 ],
													"rotationOrigin": [ 0.3, 1.2, 1.5 ],
													"rotationY": -10.0,
													"rotationZ": 30.0,
													"faces": {
														"east": { "texture": "#skin", "uv": [ 37.5, 36.0, 43.5, 39.0 ], "autoUv": false, "windMode": [-1,-1,-1,-1] }
													}
												}
											]
										},
										{
											"name": "REye",
											"from": [ 1.8, 0.9, -0.5 ],
											"to": [ 2.1, 1.4, 0.0 ],
											"unwrapMode": 2,
											"uv": [ 25.0, 48.0 ],
											"rotationOrigin": [ 1.8, 0.9, 0.0 ],
											"rotationY": -15.0,
											"rotationZ": -20.0,
											"faces": {
												"north": { "texture": "#skin", "uv": [ 25.0, 48.5, 25.5, 49.0 ] },
												"west": { "texture": "#skin", "uv": [ 25.5, 48.5, 26.0, 49.0 ] },
												"up": { "texture": "#skin", "uv": [ 25.0, 48.0, 25.5, 48.5 ], "rotation": 270 }
											},
											"children": [
												{
													"name": "RCheek",
													"from": [ -0.5, -1.5, -0.8 ],
													"to": [ 0.5, 0.0, 0.7 ],
													"unwrapMode": 4,
													"uv": [ 12.5, 47.5 ],
													"rotationOrigin": [ -0.5, -1.5, 0.7 ],
													"rotationY": -12.0,
													"faces": {
														"north": { "texture": "#skin", "uv": [ 12.5, 48.5, 13.5, 50.0 ] },
														"west": { "texture": "#skin", "uv": [ 13.5, 48.5, 15.0, 50.0 ] },
														"up": { "texture": "#skin", "uv": [ 13.5, 47.5, 15.0, 48.5 ], "rotation": 90 },
														"down": { "texture": "#skin", "uv": [ 13.5, 50.0, 15.0, 51.0 ], "rotation": 90 }
													}
												},
												{
													"name": "RPupil",
													"from": [ -0.01, 0.15, 0.15 ],
													"to": [ 0.09, 0.35, 0.35 ],
													"unwrapMode": 4,
													"uv": [ 22.5, 49.5 ],
													"rotationOrigin": [ -0.01, 0.15, 0.15 ],
													"faces": {
														"north": { "texture": "#skin", "uv": [ 22.5, 50.0, 23.0, 50.5 ] },
														"south": { "texture": "#skin", "uv": [ 23.5, 50.0, 24.0, 50.5 ] },
														"west": { "texture": "#skin", "uv": [ 23.0, 50.0, 23.5, 50.5 ] },
														"up": { "texture": "#skin", "uv": [ 23.0, 49.5, 23.5, 50.0 ], "rotation": 90 },
														"down": { "texture": "#skin", "uv": [ 23.0, 50.5, 23.5, 51.0 ], "rotation": 90 }
													}
												}
											]
										},
										{
											"name": "LEye",
											"from": [ 1.8, 0.9, 2.4 ],
											"to": [ 2.1, 1.4, 2.9 ],
											"unwrapMode": 2,
											"uv": [ 22.5, 48.0 ],
											"rotationOrigin": [ 1.8, 0.9, 2.4 ],
											"rotationY": 15.0,
											"rotationZ": -20.0,
											"faces": {
												"south": { "texture": "#skin", "uv": [ 22.5, 48.5, 23.0, 49.0 ] },
												"west": { "texture": "#skin", "uv": [ 23.0, 48.5, 23.5, 49.0 ] },
												"up": { "texture": "#skin", "uv": [ 23.0, 48.0, 23.5, 48.5 ], "rotation": 270 }
											},
											"children": [
												{
													"name": "LCheek",
													"from": [ -0.5, -1.5, -0.2 ],
													"to": [ 0.5, 0.0, 1.3 ],
													"unwrapMode": 2,
													"uv": [ 9.5, 47.5 ],
													"rotationOrigin": [ -0.5, -1.5, -0.2 ],
													"rotationY": 12.0,
													"faces": {
														"south": { "texture": "#skin", "uv": [ 9.5, 48.5, 10.5, 50.0 ] },
														"west": { "texture": "#skin", "uv": [ 10.5, 48.5, 12.0, 50.0 ] },
														"up": { "texture": "#skin", "uv": [ 10.5, 47.5, 12.0, 48.5 ], "rotation": 270 },
														"down": { "texture": "#skin", "uv": [ 10.5, 50.0, 12.0, 51.0 ], "rotation": 270 }
													}
												},
												{
													"name": "LPupil",
													"from": [ -0.01, 0.15, 0.15 ],
													"to": [ 0.09, 0.35, 0.35 ],
													"unwrapMode": 4,
													"uv": [ 24.5, 49.5 ],
													"rotationOrigin": [ -0.01, 0.15, 0.15 ],
													"faces": {
														"north": { "texture": "#skin", "uv": [ 24.5, 50.0, 25.0, 50.5 ] },
														"south": { "texture": "#skin", "uv": [ 25.5, 50.0, 26.0, 50.5 ] },
														"west": { "texture": "#skin", "uv": [ 25.0, 50.0, 25.5, 50.5 ] },
														"up": { "texture": "#skin", "uv": [ 25.0, 49.5, 25.5, 50.0 ], "rotation": 90 },
														"down": { "texture": "#skin", "uv": [ 25.0, 50.5, 25.5, 51.0 ], "rotation": 90 }
													}
												}
											]
										}
									]
								},
								{
									"name": "Jaw",
									"from": [ -0.1, -1.8, 0.2 ],
									"to": [ 2.9, 1.2, 4.4 ],
									"unwrapMode": 6,
									"unwrapRotation": 1,
									"uv": [ 20.0, 56.0 ],
									"rotationOrigin": [ 2.8, -0.3, 2.3 ],
									"rotationZ": -19.0,
									"faces": {
										"north": { "texture": "#skin", "uv": [ 20.0, 59.0, 23.0, 62.0 ], "rotation": 90 },
										"east": { "texture": "#skin", "uv": [ 23.0, 62.0, 27.0, 65.0 ], "rotation": 180, "windMode": [-1,-1,-1,-1] },
										"south": { "texture": "#skin", "uv": [ 27.0, 59.0, 30.0, 62.0 ], "rotation": 270 },
										"west": { "texture": "#skin", "uv": [ 23.0, 56.0, 27.0, 59.0 ], "windMode": [-1,-1,-1,-1] },
										"down": { "texture": "#skin", "uv": [ 23.0, 59.0, 27.0, 62.0 ], "rotation": 90 }
									},
									"children": [
										{
											"name": "Lowermouth",
											"from": [ -1.5, 0.3, 1.1 ],
											"to": [ 0.5, 1.3, 3.1 ],
											"unwrapMode": 5,
											"unwrapRotation": 1,
											"uv": [ 16.5, 62.5 ],
											"rotationOrigin": [ 0.1, 1.0, 2.1 ],
											"faces": {
												"north": { "texture": "#skin", "uv": [ 16.5, 62.5, 17.5, 64.5 ], "rotation": 270 },
												"south": { "texture": "#skin", "uv": [ 19.5, 62.5, 20.5, 64.5 ], "rotation": 90 },
												"west": { "texture": "#skin", "uv": [ 17.5, 64.5, 19.5, 65.5 ] },
												"up": { "texture": "#skin", "uv": [ 17.5, 62.5, 19.5, 64.5 ], "rotation": 90 },
												"down": { "texture": "#skin", "uv": [ 20.5, 62.5, 22.5, 64.5 ], "rotation": 270 }
											},
											"children": [
												{
													"name": "Lower teeth",
													"from": [ 0.3, 0.6, 0.7 ],
													"to": [ 0.6, 1.3, 1.0 ],
													"unwrapMode": 2,
													"uv": [ 26.5, 50.0 ],
													"rotationOrigin": [ 0.3, 0.6, 1.0 ],
													"rotationX": 3.0,
													"rotationZ": 40.0,
													"faces": {
														"north": { "texture": "#skin", "uv": [ 27.5, 50.5, 28.0, 51.0 ] },
														"east": { "texture": "#skin", "uv": [ 27.0, 50.5, 27.5, 51.0 ] },
														"south": { "texture": "#skin", "uv": [ 26.5, 50.5, 27.0, 51.0 ] },
														"west": { "texture": "#skin", "uv": [ 28.0, 50.5, 28.5, 51.0 ] },
														"up": { "texture": "#skin", "uv": [ 27.0, 50.0, 27.5, 50.5 ], "rotation": 270 }
													}
												},
												{
													"name": "Lower teeth2",
													"from": [ 0.3, 0.6, 1.0 ],
													"to": [ 0.6, 1.3, 1.3 ],
													"unwrapMode": 2,
													"uv": [ 28.5, 50.0 ],
													"rotationOrigin": [ 0.3, 0.6, 1.0 ],
													"rotationX": -3.0,
													"rotationZ": 40.0,
													"faces": {
														"north": { "texture": "#skin", "uv": [ 29.5, 50.5, 30.0, 51.0 ] },
														"east": { "texture": "#skin", "uv": [ 29.0, 50.5, 29.5, 51.0 ] },
														"south": { "texture": "#skin", "uv": [ 28.5, 50.5, 29.0, 51.0 ] },
														"west": { "texture": "#skin", "uv": [ 30.0, 50.5, 30.5, 51.0 ] },
														"up": { "texture": "#skin", "uv": [ 29.0, 50.0, 29.5, 50.5 ], "rotation": 270 }
													}
												},
												{
													"name": "R Molar",
													"from": [ 0.6, 1.0, 0.3 ],
													"to": [ 1.6, 1.2, 0.7 ],
													"unwrapMode": 5,
													"uv": [ 29.0, 55.5 ],
													"rotationOrigin": [ 0.6, 1.0, 0.7 ],
													"rotationY": 10.0,
													"rotationZ": -5.0,
													"faces": {
														"north": { "texture": "#skin", "uv": [ 29.5, 55.5, 30.5, 56.0 ], "rotation": 180 },
														"south": { "texture": "#skin", "uv": [ 29.5, 56.5, 30.5, 57.0 ] },
														"west": { "texture": "#skin", "uv": [ 29.0, 56.0, 29.5, 56.5 ], "rotation": 270 },
														"up": { "texture": "#skin", "uv": [ 29.5, 56.0, 30.5, 56.5 ] }
													}
												},
												{
													"name": "L Molar",
													"from": [ 0.6, 1.0, 1.3 ],
													"to": [ 1.6, 1.2, 1.7 ],
													"unwrapMode": 5,
													"uv": [ 29.0, 57.0 ],
													"rotationOrigin": [ 0.6, 1.0, 1.3 ],
													"rotationY": -10.0,
													"rotationZ": -5.0,
													"faces": {
														"north": { "texture": "#skin", "uv": [ 29.5, 57.0, 30.5, 57.5 ], "rotation": 180 },
														"south": { "texture": "#skin", "uv": [ 29.5, 58.0, 30.5, 58.5 ] },
														"west": { "texture": "#skin", "uv": [ 29.0, 57.5, 29.5, 58.0 ], "rotation": 270 },
														"up": { "texture": "#skin", "uv": [ 29.5, 57.5, 30.5, 58.0 ] }
													}
												}
											]
										}
									]
								},
								{
									"name": "R Earbase",
									"from": [ 2.3, 2.4, 0.3 ],
									"to": [ 3.8, 3.4, 0.7 ],
									"unwrapMode": 3,
									"uv": [ 2.0, 37.0 ],
									"rotationOrigin": [ 3.0, 2.4, 0.6 ],
									"rotationY": 55.0,
									"rotationZ": -62.0,
									"faces": {
										"north": { "texture": "#skin", "uv": [ 4.5, 37.5, 6.0, 38.5 ] },
										"east": { "texture": "#skin", "uv": [ 4.0, 37.5, 4.5, 38.5 ] },
										"south": { "texture": "#skin", "uv": [ 2.5, 37.5, 4.0, 38.5 ] },
										"west": { "texture": "#skin", "uv": [ 2.0, 37.5, 2.5, 38.5 ] },
										"up": { "texture": "#skin", "uv": [ 2.5, 37.0, 4.0, 37.5 ] }
									},
									"children": [
										{
											"name": "R Eartip",
											"from": [ 0.0, 1.0, 0.05 ],
											"to": [ 0.7, 2.5, 0.35 ],
											"unwrapMode": 3,
											"uv": [ 3.5, 34.5 ],
											"rotationOrigin": [ 0.0, 1.0, 0.05 ],
											"rotationZ": -25.0,
											"faces": {
												"north": { "texture": "#skin", "uv": [ 5.0, 35.0, 5.5, 36.5 ] },
												"east": { "texture": "#skin", "uv": [ 4.5, 35.0, 5.0, 36.5 ], "windMode": [-1,-1,-1,-1] },
												"south": { "texture": "#skin", "uv": [ 4.0, 35.0, 4.5, 36.5 ] },
												"west": { "texture": "#skin", "uv": [ 3.5, 35.0, 4.0, 36.5 ], "windMode": [-1,-1,-1,-1] },
												"up": { "texture": "#skin", "uv": [ 4.0, 34.5, 4.5, 35.0 ], "windMode": [-1,-1,-1,-1] }
											}
										},
										{
											"name": "R Eartip2",
											"from": [ 0.8, 1.0, 0.1 ],
											"to": [ 1.5, 2.1, 0.3 ],
											"unwrapMode": 3,
											"uv": [ 1.5, 35.0 ],
											"rotationOrigin": [ 1.5, 1.0, 0.1 ],
											"rotationZ": 12.0,
											"faces": {
												"north": { "texture": "#skin", "uv": [ 2.5, 35.5, 3.0, 36.5 ] },
												"east": { "texture": "#skin", "uv": [ 2.0, 35.5, 2.5, 36.5 ], "windMode": [-1,-1,-1,-1] },
												"south": { "texture": "#skin", "uv": [ 1.5, 35.5, 2.0, 36.5 ] },
												"up": { "texture": "#skin", "uv": [ 1.5, 35.0, 2.0, 35.5 ] }
											}
										}
									]
								},
								{
									"name": "L Earbase",
									"from": [ 2.1, 2.4, 3.7 ],
									"to": [ 3.6, 3.4, 4.1 ],
									"unwrapMode": 1,
									"uv": [ 10.5, 42.0 ],
									"rotationOrigin": [ 2.8, 2.4, 4.0 ],
									"rotationY": -55.0,
									"rotationZ": -53.0,
									"faces": {
										"north": { "texture": "#skin", "uv": [ 11.0, 42.5, 12.5, 43.5 ] },
										"east": { "texture": "#skin", "uv": [ 10.5, 42.5, 11.0, 43.5 ] },
										"south": { "texture": "#skin", "uv": [ 13.0, 42.5, 14.5, 43.5 ] },
										"west": { "texture": "#skin", "uv": [ 12.5, 42.5, 13.0, 43.5 ] },
										"up": { "texture": "#skin", "uv": [ 11.0, 42.0, 12.5, 42.5 ], "rotation": 180 }
									},
									"children": [
										{
											"name": "L Eartip",
											"from": [ 0.0, 1.0, 0.05 ],
											"to": [ 0.7, 2.5, 0.35 ],
											"unwrapMode": 1,
											"uv": [ 12.5, 39.5 ],
											"rotationOrigin": [ 0.0, 1.0, 0.05 ],
											"rotationZ": -25.0,
											"faces": {
												"north": { "texture": "#skin", "uv": [ 13.0, 40.0, 13.5, 41.5 ] },
												"east": { "texture": "#skin", "uv": [ 12.5, 40.0, 13.0, 41.5 ], "windMode": [-1,-1,-1,-1] },
												"south": { "texture": "#skin", "uv": [ 14.0, 40.0, 14.5, 41.5 ] },
												"west": { "texture": "#skin", "uv": [ 13.5, 40.0, 14.0, 41.5 ], "windMode": [-1,-1,-1,-1] },
												"up": { "texture": "#skin", "uv": [ 13.0, 39.5, 13.5, 40.0 ], "rotation": 180 }
											}
										},
										{
											"name": "L Eartip2",
											"from": [ 0.8, 1.0, 0.1 ],
											"to": [ 1.5, 2.1, 0.3 ],
											"unwrapMode": 1,
											"uv": [ 9.5, 40.0 ],
											"rotationOrigin": [ 1.5, 1.0, 0.1 ],
											"rotationZ": 12.0,
											"faces": {
												"north": { "texture": "#skin", "uv": [ 10.0, 40.5, 10.5, 41.5 ] },
												"east": { "texture": "#skin", "uv": [ 9.5, 40.5, 10.0, 41.5 ], "windMode": [-1,-1,-1,-1] },
												"south": { "texture": "#skin", "uv": [ 11.0, 40.5, 11.5, 41.5 ] },
												"west": { "texture": "#skin", "uv": [ 10.5, 40.5, 11.0, 41.5 ], "windMode": [-1,-1,-1,-1] },
												"up": { "texture": "#skin", "uv": [ 10.0, 40.0, 10.5, 40.5 ], "rotation": 180 }
											}
										}
									]
								}
							]
						}
					],
					"attachmentpoints": [
						{
							"code": "rope",
							"posX": "1.0","posY": "0.0","posZ": "1.5",
							"rotationX": "0.0","rotationY": "0.0","rotationZ": "0.0"
						}
					]
				}
			]
		}
	]}