{
	"editor": {
		"allAngles": true,
		"entityTextureMode": true
	},
	"textureWidth": 32,
	"textureHeight": 32,
	"textureSizes": {
		"skin": [32,32]
	},
	"textures": {
	},
	"elements": [
		{
			"name": "Hip point",
			"from": [ 10.5, 5.5, 8.0 ],
			"to": [ 10.5, 5.5, 8.0 ],
			"uv": [ 1.0, 1.0 ],
			"rotationOrigin": [ 10.5, 5.5, 8.0 ],
			"faces": {
			},
			"children": [
				{
					"name": "Hip",
					"from": [ -0.5, -4.35, -1.75 ],
					"to": [ 1.85, -1.1, 1.75 ],
					"unwrapMode": 7,
					"unwrapRotation": 1,
					"uv": [ 1.0, 12.5 ],
					"rotationOrigin": [ 1.5, -1.5, 0.0 ],
					"rotationZ": -20.0,
					"faces": {
						"north": { "texture": "#skin", "uv": [ 7.5, 12.5, 10.5, 14.5 ], "rotation": 90 },
						"east": { "texture": "#skin", "uv": [ 4.0, 14.5, 7.5, 17.5 ], "windMode": [-1,-1,-1,-1] },
						"south": { "texture": "#skin", "uv": [ 1.0, 12.5, 4.0, 14.5 ], "rotation": 270 },
						"up": { "texture": "#skin", "uv": [ 4.0, 12.5, 7.5, 14.5 ], "rotation": 270 },
						"down": { "texture": "#skin", "uv": [ 10.5, 12.5, 14.0, 14.5 ], "rotation": 90 }
					},
					"children": [
						{
							"name": "Body",
							"from": [ -2.0, -0.1, -0.075 ],
							"to": [ 0.0, 3.25, 3.575 ],
							"unwrapMode": 7,
							"unwrapRotation": 1,
							"autoUnwrap": false,
							"uv": [ 1.0, 9.5 ],
							"rotationOrigin": [ 0.0, 3.25, 1.75 ],
							"rotationZ": 15.0,
							"faces": {
								"north": { "texture": "#skin", "uv": [ 7.5, 10.0, 10.5, 12.0 ], "rotation": 90 },
								"east": { "texture": "#skin", "uv": [ 8.5, 15.5, 12.0, 18.5 ] },
								"south": { "texture": "#skin", "uv": [ 1.0, 10.0, 4.0, 12.0 ], "rotation": 270 },
								"west": { "texture": "#skin", "uv": [ 12.5, 15.5, 16.0, 18.5 ] },
								"up": { "texture": "#skin", "uv": [ 4.0, 10.0, 7.5, 12.0 ], "rotation": 270 },
								"down": { "texture": "#skin", "uv": [ 10.5, 10.0, 14.0, 12.0 ], "rotation": 90 }
							},
							"children": [
								{
									"name": "Body2",
									"from": [ -2.35, 0.1, 0.075 ],
									"to": [ 0.0, 3.35, 3.575 ],
									"unwrapMode": 7,
									"unwrapRotation": 1,
									"autoUnwrap": false,
									"uv": [ 1.5, 4.5 ],
									"rotationOrigin": [ 0.0, 3.35, 1.825 ],
									"rotationZ": 5.0,
									"faces": {
										"north": { "texture": "#skin", "uv": [ 7.5, 7.5, 10.5, 9.5 ], "rotation": 90 },
										"east": { "texture": "#skin", "uv": [ 8.5, 19.0, 12.0, 22.0 ], "windMode": [-1,-1,-1,-1] },
										"south": { "texture": "#skin", "uv": [ 1.0, 7.5, 4.0, 9.5 ], "rotation": 270 },
										"west": { "texture": "#skin", "uv": [ 12.5, 19.0, 16.0, 22.0 ] },
										"up": { "texture": "#skin", "uv": [ 4.0, 7.5, 7.5, 9.5 ], "rotation": 270 },
										"down": { "texture": "#skin", "uv": [ 10.5, 7.5, 14.0, 9.5 ], "rotation": 90 }
									},
									"children": [
										{
											"name": "Neck1",
											"from": [ -1.375, 0.85, 0.55 ],
											"to": [ 0.375, 3.35, 3.05 ],
											"unwrapMode": 7,
											"unwrapRotation": 1,
											"autoUnwrap": false,
											"uv": [ 3.5, 3.0 ],
											"rotationOrigin": [ 1.3, 2.55, 1.8 ],
											"rotationZ": 15.0,
											"faces": {
												"north": { "texture": "#skin", "uv": [ 7.0, 5.5, 9.5, 7.0 ], "rotation": 90 },
												"south": { "texture": "#skin", "uv": [ 2.0, 5.5, 4.5, 7.0 ], "rotation": 270 },
												"west": { "texture": "#skin", "uv": [ 12.5, 3.5, 15.0, 6.0 ] },
												"up": { "texture": "#skin", "uv": [ 4.5, 5.5, 7.0, 7.0 ], "rotation": 270 },
												"down": { "texture": "#skin", "uv": [ 9.5, 5.5, 12.0, 7.0 ], "rotation": 90 }
											},
											"children": [
												{
													"name": "Neck2",
													"from": [ -1.75, 0.2, 0.25 ],
													"to": [ 0.25, 2.45, 2.25 ],
													"unwrapMode": 7,
													"unwrapRotation": 1,
													"autoUnwrap": false,
													"uv": [ 4.0, 1.0 ],
													"rotationOrigin": [ 0.65, 2.15, 1.25 ],
													"rotationZ": 11.0,
													"faces": {
														"north": { "texture": "#skin", "uv": [ 6.5, 3.0, 8.5, 5.0 ], "rotation": 90 },
														"east": { "texture": "#skin", "uv": [ 11.5, 1.0, 13.5, 3.0 ] },
														"south": { "texture": "#skin", "uv": [ 2.5, 3.0, 4.5, 5.0 ], "rotation": 270 },
														"west": { "texture": "#skin", "uv": [ 4.5, 1.0, 6.5, 3.0 ], "rotation": 180 },
														"up": { "texture": "#skin", "uv": [ 4.5, 3.0, 6.5, 5.0 ], "rotation": 270 },
														"down": { "texture": "#skin", "uv": [ 8.5, 3.0, 10.5, 5.0 ], "rotation": 90 }
													},
													"children": [
														{
															"name": "Head",
															"from": [ -1.75, 0.8, -0.15 ],
															"to": [ 0.0, 2.3, 2.15 ],
															"unwrapMode": 4,
															"uv": [ 7.0, 22.5 ],
															"rotationOrigin": [ 0.0, 2.3, 1.0 ],
															"rotationZ": 37.0,
															"faces": {
																"north": { "texture": "#skin", "uv": [ 7.0, 24.0, 8.5, 25.5 ] },
																"east": { "texture": "#skin", "uv": [ 12.0, 24.0, 14.0, 25.5 ], "windMode": [-1,-1,-1,-1] },
																"south": { "texture": "#skin", "uv": [ 10.5, 24.0, 12.0, 25.5 ] },
																"west": { "texture": "#skin", "uv": [ 8.5, 24.0, 10.5, 25.5 ], "windMode": [-1,-1,-1,-1] },
																"up": { "texture": "#skin", "uv": [ 8.5, 22.5, 10.5, 24.0 ], "rotation": 90, "windMode": [-1,-1,-1,-1] },
																"down": { "texture": "#skin", "uv": [ 8.5, 25.5, 10.5, 27.0 ], "rotation": 90 }
															},
															"children": [
																{
																	"name": "Face",
																	"from": [ -1.1, 0.6, 0.55 ],
																	"to": [ 0.0, 1.5, 1.75 ],
																	"unwrapMode": 5,
																	"unwrapRotation": 1,
																	"uv": [ 6.0, 26.0 ],
																	"rotationOrigin": [ 0.0, 1.5, 1.15 ],
																	"rotationZ": 12.0,
																	"faces": {
																		"north": { "texture": "#skin", "uv": [ 6.0, 26.0, 6.5, 27.0 ], "rotation": 270 },
																		"south": { "texture": "#skin", "uv": [ 7.5, 26.0, 8.0, 27.0 ], "rotation": 90 },
																		"west": { "texture": "#skin", "uv": [ 6.5, 27.0, 7.5, 27.5 ], "windMode": [-1,-1,-1,-1] },
																		"up": { "texture": "#skin", "uv": [ 6.5, 26.0, 7.5, 27.0 ], "rotation": 90 }
																	},
																	"children": [
																		{
																			"name": "Uppermouth",
																			"from": [ 0.0, 0.0, -0.075 ],
																			"to": [ 1.5, 0.5, 1.275 ],
																			"unwrapMode": 5,
																			"unwrapRotation": 1,
																			"uv": [ 3.0, 27.5 ],
																			"rotationOrigin": [ 0.0, 0.45, -0.075 ],
																			"rotationZ": -20.0,
																			"faces": {
																				"north": { "texture": "#skin", "uv": [ 3.0, 27.5, 3.5, 29.0 ], "rotation": 270 },
																				"south": { "texture": "#skin", "uv": [ 4.5, 27.5, 5.0, 29.0 ], "rotation": 90 },
																				"west": { "texture": "#skin", "uv": [ 3.5, 29.0, 4.5, 29.5 ], "windMode": [-1,-1,-1,-1] },
																				"up": { "texture": "#skin", "uv": [ 3.5, 27.5, 4.5, 29.0 ], "rotation": 90 },
																				"down": { "texture": "#skin", "uv": [ 5.0, 27.5, 6.0, 29.0 ], "rotation": 270 }
																			},
																			"children": [
																				{
																					"name": "Upper teeth",
																					"from": [ 0.15, -0.15, 0.5 ],
																					"to": [ 0.3, 0.15, 0.65 ],
																					"unwrapMode": 7,
																					"unwrapRotation": 1,
																					"uv": [ 8.0, 27.5 ],
																					"rotationOrigin": [ 0.15, 0.225, 0.65 ],
																					"rotationX": -2.0,
																					"rotationZ": 7.0,
																					"faces": {
																						"north": { "texture": "#skin", "uv": [ 8.5, 28.0, 9.0, 28.5 ], "rotation": 90 },
																						"east": { "texture": "#skin", "uv": [ 8.5, 28.5, 9.0, 29.0 ] },
																						"south": { "texture": "#skin", "uv": [ 8.0, 28.0, 8.5, 28.5 ], "rotation": 270 },
																						"west": { "texture": "#skin", "uv": [ 8.5, 27.5, 9.0, 28.0 ], "rotation": 180 },
																						"down": { "texture": "#skin", "uv": [ 9.0, 28.0, 9.5, 28.5 ], "rotation": 90 }
																					}
																				},
																				{
																					"name": "Upper teeth2",
																					"from": [ 0.15, -0.15, 0.7 ],
																					"to": [ 0.3, 0.15, 0.85 ],
																					"unwrapMode": 7,
																					"unwrapRotation": 1,
																					"uv": [ 8.0, 27.5 ],
																					"rotationOrigin": [ 0.15, 0.225, 0.7 ],
																					"rotationX": 2.0,
																					"rotationZ": 7.0,
																					"faces": {
																						"north": { "texture": "#skin", "uv": [ 8.5, 28.0, 9.0, 28.5 ], "rotation": 90 },
																						"east": { "texture": "#skin", "uv": [ 8.5, 28.5, 9.0, 29.0 ] },
																						"south": { "texture": "#skin", "uv": [ 8.0, 28.0, 8.5, 28.5 ], "rotation": 270 },
																						"west": { "texture": "#skin", "uv": [ 8.5, 27.5, 9.0, 28.0 ], "rotation": 180 },
																						"down": { "texture": "#skin", "uv": [ 9.0, 28.0, 9.5, 28.5 ], "rotation": 90 }
																					}
																				}
																			]
																		},
																		{
																			"name": "Snout",
																			"from": [ -0.05, 0.1, 0.225 ],
																			"to": [ 0.7, 0.85, 0.975 ],
																			"unwrapMode": 5,
																			"unwrapRotation": 1,
																			"uv": [ 4.0, 25.5 ],
																			"rotationOrigin": [ 0.65, 0.85, 0.225 ],
																			"rotationZ": -5.0,
																			"faces": {
																				"north": { "texture": "#skin", "uv": [ 4.0, 25.5, 4.5, 26.0 ], "rotation": 270 },
																				"south": { "texture": "#skin", "uv": [ 5.0, 25.5, 5.5, 26.0 ], "rotation": 90 },
																				"west": { "texture": "#skin", "uv": [ 4.5, 26.0, 5.0, 26.5 ] },
																				"up": { "texture": "#skin", "uv": [ 4.5, 25.5, 5.0, 26.0 ], "rotation": 90 }
																			},
																			"children": [
																				{
																					"name": "Upper nose",
																					"from": [ -0.05, 0.3, 0.1125 ],
																					"to": [ 0.45, 0.8, 0.6375 ],
																					"unwrapMode": 4,
																					"uv": [ 1.5, 29.5 ],
																					"rotationOrigin": [ -0.05, 0.3, 0.1125 ],
																					"rotationZ": -2.0,
																					"faces": {
																						"north": { "texture": "#skin", "uv": [ 1.5, 30.0, 2.0, 30.5 ] },
																						"south": { "texture": "#skin", "uv": [ 2.5, 30.0, 3.0, 30.5 ] },
																						"west": { "texture": "#skin", "uv": [ 2.0, 30.0, 2.5, 30.5 ] },
																						"up": { "texture": "#skin", "uv": [ 2.0, 29.5, 2.5, 30.0 ], "rotation": 90 },
																						"down": { "texture": "#skin", "uv": [ 2.0, 30.5, 2.5, 31.0 ], "rotation": 90 }
																					},
																					"children": [
																						{
																							"name": "Lowernose",
																							"from": [ 0.0075, -0.15, 0.1 ],
																							"to": [ 0.1575, 0.15, 0.4 ],
																							"uv": [ 1.5, 30.5 ],
																							"rotationOrigin": [ 0.0075, 0.0, 0.25 ],
																							"rotationX": 45.0,
																							"faces": {
																								"south": { "texture": "#skin", "uv": [ 1.5, 31.0, 2.0, 31.5 ], "windMode": [-1,-1,-1,-1] },
																								"west": { "texture": "#skin", "uv": [ 2.0, 31.0, 2.5, 31.5 ] },
																								"down": { "texture": "#skin", "uv": [ 1.5, 30.5, 2.0, 31.0 ] }
																							}
																						}
																					]
																				},
																				{
																					"name": "R Whiskers",
																					"from": [ 0.15, -0.15, -1.5 ],
																					"to": [ 0.15, 0.6, 0.0 ],
																					"shade": false,
																					"renderPass": 1,
																					"autoUnwrap": false,
																					"uv": [ 37.5, 37.5 ],
																					"rotationOrigin": [ 0.15, 0.6, 0.0 ],
																					"rotationY": 10.0,
																					"rotationZ": 30.0,
																					"faces": {
																						"east": { "texture": "#skin", "uv": [ 7.0, 1.0, 10.0, 2.5 ], "autoUv": false, "windMode": [-1,-1,-1,-1] }
																					}
																				},
																				{
																					"name": "L Whiskers",
																					"from": [ 0.15, -0.15, 0.75 ],
																					"to": [ 0.15, 0.6, 2.25 ],
																					"shade": false,
																					"renderPass": 1,
																					"autoUnwrap": false,
																					"uv": [ 37.5, 35.5 ],
																					"rotationOrigin": [ 0.15, 0.6, 0.75 ],
																					"rotationY": -10.0,
																					"rotationZ": 30.0,
																					"faces": {
																						"east": { "texture": "#skin", "uv": [ 1.0, 1.0, 4.0, 2.5 ], "autoUv": false, "windMode": [-1,-1,-1,-1] }
																					}
																				}
																			]
																		},
																		{
																			"name": "REye",
																			"from": [ 0.9, 0.45, -0.25 ],
																			"to": [ 1.05, 0.7, 0.0 ],
																			"unwrapMode": 2,
																			"uv": [ 12.5, 22.5 ],
																			"rotationOrigin": [ 0.9, 0.45, 0.0 ],
																			"rotationY": -15.0,
																			"rotationZ": -20.0,
																			"faces": {
																				"north": { "texture": "#skin", "uv": [ 12.5, 23.0, 13.0, 23.5 ] },
																				"west": { "texture": "#skin", "uv": [ 13.0, 23.0, 13.5, 23.5 ] },
																				"up": { "texture": "#skin", "uv": [ 12.5, 22.5, 13.0, 23.0 ], "rotation": 270 }
																			},
																			"children": [
																				{
																					"name": "RCheek",
																					"from": [ -0.25, -0.75, -0.4 ],
																					"to": [ 0.25, 0.0, 0.35 ],
																					"unwrapMode": 4,
																					"uv": [ 5.0, 23.0 ],
																					"rotationOrigin": [ -0.25, -0.75, 0.35 ],
																					"rotationY": -12.0,
																					"faces": {
																						"north": { "texture": "#skin", "uv": [ 5.0, 23.5, 5.5, 24.0 ] },
																						"west": { "texture": "#skin", "uv": [ 5.5, 23.5, 6.0, 24.0 ] },
																						"up": { "texture": "#skin", "uv": [ 5.5, 23.0, 6.0, 23.5 ], "rotation": 90 },
																						"down": { "texture": "#skin", "uv": [ 5.5, 24.0, 6.0, 24.5 ], "rotation": 90 }
																					}
																				},
																				{
																					"name": "RPupil",
																					"from": [ -0.005, 0.075, 0.075 ],
																					"to": [ 0.045, 0.175, 0.175 ],
																					"unwrapMode": 4,
																					"uv": [ 14.0, 22.5 ],
																					"rotationOrigin": [ -0.005, 0.075, 0.075 ],
																					"faces": {
																						"north": { "texture": "#skin", "uv": [ 14.0, 23.0, 14.5, 23.5 ] },
																						"south": { "texture": "#skin", "uv": [ 15.0, 23.0, 15.5, 23.5 ] },
																						"west": { "texture": "#skin", "uv": [ 14.5, 23.0, 15.0, 23.5 ] },
																						"up": { "texture": "#skin", "uv": [ 14.5, 22.5, 15.0, 23.0 ], "rotation": 90 },
																						"down": { "texture": "#skin", "uv": [ 14.5, 23.5, 15.0, 24.0 ], "rotation": 90 }
																					}
																				}
																			]
																		},
																		{
																			"name": "LEye",
																			"from": [ 0.9, 0.45, 1.2 ],
																			"to": [ 1.05, 0.7, 1.45 ],
																			"unwrapMode": 2,
																			"uv": [ 11.0, 22.5 ],
																			"rotationOrigin": [ 0.9, 0.45, 1.2 ],
																			"rotationY": 15.0,
																			"rotationZ": -20.0,
																			"faces": {
																				"south": { "texture": "#skin", "uv": [ 11.0, 23.0, 11.5, 23.5 ] },
																				"west": { "texture": "#skin", "uv": [ 11.5, 23.0, 12.0, 23.5 ] },
																				"up": { "texture": "#skin", "uv": [ 11.5, 22.5, 12.0, 23.0 ], "rotation": 270 }
																			},
																			"children": [
																				{
																					"name": "LCheek",
																					"from": [ -0.25, -0.75, -0.1 ],
																					"to": [ 0.25, 0.0, 0.65 ],
																					"unwrapMode": 2,
																					"uv": [ 3.5, 23.0 ],
																					"rotationOrigin": [ -0.25, -0.75, -0.1 ],
																					"rotationY": 12.0,
																					"faces": {
																						"south": { "texture": "#skin", "uv": [ 3.5, 23.5, 4.0, 24.0 ] },
																						"west": { "texture": "#skin", "uv": [ 4.0, 23.5, 4.5, 24.0 ] },
																						"up": { "texture": "#skin", "uv": [ 4.0, 23.0, 4.5, 23.5 ], "rotation": 270 },
																						"down": { "texture": "#skin", "uv": [ 4.0, 24.0, 4.5, 24.5 ], "rotation": 270 }
																					}
																				},
																				{
																					"name": "LPupil",
																					"from": [ -0.005, 0.075, 0.075 ],
																					"to": [ 0.045, 0.175, 0.175 ],
																					"unwrapMode": 4,
																					"uv": [ 14.0, 22.5 ],
																					"rotationOrigin": [ -0.005, 0.075, 0.075 ],
																					"faces": {
																						"north": { "texture": "#skin", "uv": [ 14.0, 23.0, 14.5, 23.5 ] },
																						"south": { "texture": "#skin", "uv": [ 15.0, 23.0, 15.5, 23.5 ] },
																						"west": { "texture": "#skin", "uv": [ 14.5, 23.0, 15.0, 23.5 ] },
																						"up": { "texture": "#skin", "uv": [ 14.5, 22.5, 15.0, 23.0 ], "rotation": 90 },
																						"down": { "texture": "#skin", "uv": [ 14.5, 23.5, 15.0, 24.0 ], "rotation": 90 }
																					}
																				}
																			]
																		}
																	]
																},
																{
																	"name": "Jaw",
																	"from": [ -0.05, -0.9, 0.1 ],
																	"to": [ 1.45, 0.6, 2.2 ],
																	"unwrapMode": 6,
																	"unwrapRotation": 1,
																	"uv": [ 10.0, 26.0 ],
																	"rotationOrigin": [ 1.4, -0.15, 1.15 ],
																	"rotationZ": -19.0,
																	"faces": {
																		"north": { "texture": "#skin", "uv": [ 10.0, 27.5, 11.5, 29.0 ], "rotation": 90 },
																		"east": { "texture": "#skin", "uv": [ 11.5, 29.0, 13.5, 30.5 ], "rotation": 180, "windMode": [-1,-1,-1,-1] },
																		"south": { "texture": "#skin", "uv": [ 13.5, 27.5, 15.0, 29.0 ], "rotation": 270 },
																		"west": { "texture": "#skin", "uv": [ 11.5, 26.0, 13.5, 27.5 ], "windMode": [-1,-1,-1,-1] },
																		"down": { "texture": "#skin", "uv": [ 11.5, 27.5, 13.5, 29.0 ], "rotation": 90 }
																	},
																	"children": [
																		{
																			"name": "Lowermouth",
																			"from": [ -0.75, 0.15, 0.55 ],
																			"to": [ 0.25, 0.65, 1.55 ],
																			"unwrapMode": 5,
																			"unwrapRotation": 1,
																			"uv": [ 3.5, 30.0 ],
																			"rotationOrigin": [ 0.05, 0.5, 1.05 ],
																			"faces": {
																				"north": { "texture": "#skin", "uv": [ 3.5, 30.0, 4.0, 31.0 ], "rotation": 270 },
																				"south": { "texture": "#skin", "uv": [ 5.0, 30.0, 5.5, 31.0 ], "rotation": 90 },
																				"west": { "texture": "#skin", "uv": [ 4.0, 31.0, 5.0, 31.5 ] },
																				"up": { "texture": "#skin", "uv": [ 4.0, 30.0, 5.0, 31.0 ], "rotation": 90 },
																				"down": { "texture": "#skin", "uv": [ 5.5, 30.0, 6.5, 31.0 ], "rotation": 270 }
																			},
																			"children": [
																				{
																					"name": "Lower teeth",
																					"from": [ 0.15, 0.3, 0.35 ],
																					"to": [ 0.3, 0.65, 0.5 ],
																					"unwrapMode": 2,
																					"uv": [ 9.0, 29.5 ],
																					"rotationOrigin": [ 0.15, 0.3, 0.5 ],
																					"rotationX": 3.0,
																					"rotationZ": 40.0,
																					"faces": {
																						"north": { "texture": "#skin", "uv": [ 10.0, 30.0, 10.5, 30.5 ] },
																						"east": { "texture": "#skin", "uv": [ 9.5, 30.0, 10.0, 30.5 ] },
																						"south": { "texture": "#skin", "uv": [ 9.0, 30.0, 9.5, 30.5 ] },
																						"west": { "texture": "#skin", "uv": [ 10.5, 30.0, 11.0, 30.5 ] },
																						"up": { "texture": "#skin", "uv": [ 9.5, 29.5, 10.0, 30.0 ], "rotation": 270 }
																					}
																				},
																				{
																					"name": "Lower teeth2",
																					"from": [ 0.15, 0.3, 0.5 ],
																					"to": [ 0.3, 0.65, 0.65 ],
																					"unwrapMode": 2,
																					"uv": [ 9.0, 29.5 ],
																					"rotationOrigin": [ 0.15, 0.3, 0.5 ],
																					"rotationX": -3.0,
																					"rotationZ": 40.0,
																					"faces": {
																						"north": { "texture": "#skin", "uv": [ 10.0, 30.0, 10.5, 30.5 ] },
																						"east": { "texture": "#skin", "uv": [ 9.5, 30.0, 10.0, 30.5 ] },
																						"south": { "texture": "#skin", "uv": [ 9.0, 30.0, 9.5, 30.5 ] },
																						"west": { "texture": "#skin", "uv": [ 10.5, 30.0, 11.0, 30.5 ] },
																						"up": { "texture": "#skin", "uv": [ 9.5, 29.5, 10.0, 30.0 ], "rotation": 270 }
																					}
																				}
																			]
																		}
																	]
																},
																{
																	"name": "R Earbase",
																	"from": [ 1.15, 1.2, 0.15 ],
																	"to": [ 1.9, 1.7, 0.35 ],
																	"unwrapMode": 3,
																	"uv": [ 1.0, 16.5 ],
																	"rotationOrigin": [ 1.5, 1.2, 0.3 ],
																	"rotationY": 25.5,
																	"rotationZ": -45.0,
																	"faces": {
																		"north": { "texture": "#skin", "uv": [ 2.5, 17.0, 3.0, 17.5 ] },
																		"east": { "texture": "#skin", "uv": [ 2.0, 17.0, 2.5, 17.5 ] },
																		"south": { "texture": "#skin", "uv": [ 1.5, 17.0, 2.0, 17.5 ] },
																		"west": { "texture": "#skin", "uv": [ 1.0, 17.0, 1.5, 17.5 ] },
																		"up": { "texture": "#skin", "uv": [ 1.5, 16.5, 2.0, 17.0 ] }
																	},
																	"children": [
																		{
																			"name": "R Eartip",
																			"from": [ 0.0, 0.5, 0.025 ],
																			"to": [ 0.35, 1.25, 0.175 ],
																			"unwrapMode": 3,
																			"uv": [ 1.5, 15.0 ],
																			"rotationOrigin": [ 0.0, 0.5, 0.025 ],
																			"rotationZ": -25.0,
																			"faces": {
																				"north": { "texture": "#skin", "uv": [ 3.0, 15.5, 3.5, 16.0 ] },
																				"east": { "texture": "#skin", "uv": [ 2.5, 15.5, 3.0, 16.0 ], "windMode": [-1,-1,-1,-1] },
																				"south": { "texture": "#skin", "uv": [ 2.0, 15.5, 2.5, 16.0 ] },
																				"west": { "texture": "#skin", "uv": [ 1.5, 15.5, 2.0, 16.0 ], "windMode": [-1,-1,-1,-1] },
																				"up": { "texture": "#skin", "uv": [ 2.0, 15.0, 2.5, 15.5 ], "windMode": [-1,-1,-1,-1] }
																			}
																		},
																		{
																			"name": "R Eartip2",
																			"from": [ 0.4, 0.5, 0.05 ],
																			"to": [ 0.75, 1.05, 0.15 ],
																			"unwrapMode": 3,
																			"uv": [ 5.5, 18.0 ],
																			"rotationOrigin": [ 0.75, 0.5, 0.05 ],
																			"rotationZ": 12.0,
																			"faces": {
																				"north": { "texture": "#skin", "uv": [ 6.5, 18.5, 7.0, 19.0 ] },
																				"east": { "texture": "#skin", "uv": [ 6.0, 18.5, 6.5, 19.0 ], "windMode": [-1,-1,-1,-1] },
																				"south": { "texture": "#skin", "uv": [ 5.5, 18.5, 6.0, 19.0 ] },
																				"up": { "texture": "#skin", "uv": [ 5.5, 18.0, 6.0, 18.5 ] }
																			}
																		}
																	]
																},
																{
																	"name": "L Earbase",
																	"from": [ 1.05, 1.2, 1.85 ],
																	"to": [ 1.8, 1.7, 2.05 ],
																	"unwrapMode": 1,
																	"uv": [ 20.0, 20.0 ],
																	"rotationOrigin": [ 1.4, 1.2, 2.0 ],
																	"rotationY": -23.5,
																	"rotationZ": -45.0,
																	"faces": {
																		"north": { "texture": "#skin", "uv": [ 20.5, 20.5, 21.0, 21.0 ] },
																		"east": { "texture": "#skin", "uv": [ 20.0, 20.5, 20.5, 21.0 ] },
																		"south": { "texture": "#skin", "uv": [ 21.5, 20.5, 22.0, 21.0 ] },
																		"west": { "texture": "#skin", "uv": [ 21.0, 20.5, 21.5, 21.0 ] },
																		"up": { "texture": "#skin", "uv": [ 20.5, 20.0, 21.0, 20.5 ], "rotation": 180 }
																	},
																	"children": [
																		{
																			"name": "L Eartip",
																			"from": [ 0.0, 0.5, 0.025 ],
																			"to": [ 0.35, 1.25, 0.175 ],
																			"unwrapMode": 1,
																			"uv": [ 20.5, 18.5 ],
																			"rotationOrigin": [ 0.0, 0.5, 0.025 ],
																			"rotationZ": -25.0,
																			"faces": {
																				"north": { "texture": "#skin", "uv": [ 21.0, 19.0, 21.5, 19.5 ] },
																				"east": { "texture": "#skin", "uv": [ 20.5, 19.0, 21.0, 19.5 ], "windMode": [-1,-1,-1,-1] },
																				"south": { "texture": "#skin", "uv": [ 22.0, 19.0, 22.5, 19.5 ] },
																				"west": { "texture": "#skin", "uv": [ 21.5, 19.0, 22.0, 19.5 ], "windMode": [-1,-1,-1,-1] },
																				"up": { "texture": "#skin", "uv": [ 21.0, 18.5, 21.5, 19.0 ], "rotation": 180 }
																			}
																		},
																		{
																			"name": "L Eartip2",
																			"from": [ 0.4, 0.5, 0.05 ],
																			"to": [ 0.75, 1.05, 0.15 ],
																			"unwrapMode": 1,
																			"uv": [ 20.5, 17.0 ],
																			"rotationOrigin": [ 0.75, 0.5, 0.05 ],
																			"rotationZ": 12.0,
																			"faces": {
																				"north": { "texture": "#skin", "uv": [ 21.0, 17.5, 21.5, 18.0 ] },
																				"east": { "texture": "#skin", "uv": [ 20.5, 17.5, 21.0, 18.0 ], "windMode": [-1,-1,-1,-1] },
																				"south": { "texture": "#skin", "uv": [ 22.0, 17.5, 22.5, 18.0 ] },
																				"west": { "texture": "#skin", "uv": [ 21.5, 17.5, 22.0, 18.0 ], "windMode": [-1,-1,-1,-1] },
																				"up": { "texture": "#skin", "uv": [ 21.0, 17.0, 21.5, 17.5 ], "rotation": 180 }
																			}
																		}
																	]
																}
															]
														}
													],
													"attachmentpoints": [
														{
															"code": "rope",
															"posX": "1.0","posY": "0.0","posZ": "1.0",
															"rotationX": "0.0","rotationY": "0.0","rotationZ": "0.0"
														}
													]
												}
											]
										},
										{
											"name": "R Shoulder",
											"from": [ -0.5, 1.95, 0.0 ],
											"to": [ 1.5, 2.95, 1.05 ],
											"unwrapMode": 1,
											"unwrapRotation": 1,
											"uv": [ 24.0, 16.0 ],
											"rotationOrigin": [ 1.35, 2.7, 0.5 ],
											"rotationY": -10.0,
											"rotationZ": 50.0,
											"faces": {
												"north": { "texture": "#skin", "uv": [ 25.0, 17.0, 26.0, 19.0 ], "rotation": 90 },
												"east": { "texture": "#skin", "uv": [ 25.0, 19.0, 26.0, 20.0 ], "rotation": 90 },
												"west": { "texture": "#skin", "uv": [ 25.0, 16.0, 26.0, 17.0 ], "rotation": 90 },
												"up": { "texture": "#skin", "uv": [ 24.0, 17.0, 25.0, 19.0 ], "rotation": 270, "windMode": [-1,-1,-1,-1] },
												"down": { "texture": "#skin", "uv": [ 26.0, 17.0, 27.0, 19.0 ], "rotation": 90 }
											},
											"children": [
												{
													"name": "R Arm",
													"from": [ 0.0, -1.75, -0.075 ],
													"to": [ 1.5, 0.75, 1.125 ],
													"unwrapMode": 1,
													"uv": [ 24.0, 20.5 ],
													"rotationOrigin": [ 0.0, 0.75, 0.525 ],
													"rotationX": 10.0,
													"rotationY": 10.0,
													"rotationZ": -10.0,
													"faces": {
														"north": { "texture": "#skin", "uv": [ 25.0, 21.5, 26.5, 24.0 ] },
														"east": { "texture": "#skin", "uv": [ 24.0, 21.5, 25.0, 24.0 ] },
														"south": { "texture": "#skin", "uv": [ 27.5, 21.5, 29.0, 24.0 ] },
														"west": { "texture": "#skin", "uv": [ 26.5, 21.5, 27.5, 24.0 ] },
														"up": { "texture": "#skin", "uv": [ 25.0, 20.5, 26.5, 21.5 ], "rotation": 180 },
														"down": { "texture": "#skin", "uv": [ 25.0, 24.0, 26.5, 25.0 ] }
													},
													"children": [
														{
															"name": "R Lowerarm",
															"from": [ 0.0, -1.85, 0.075 ],
															"to": [ 1.25, 0.15, 1.125 ],
															"unwrapMode": 1,
															"uv": [ 22.5, 24.5 ],
															"rotationOrigin": [ 1.1, 0.0, 0.6 ],
															"rotationZ": -55.0,
															"faces": {
																"north": { "texture": "#skin", "uv": [ 23.5, 25.5, 24.5, 27.5 ] },
																"east": { "texture": "#skin", "uv": [ 22.5, 25.5, 23.5, 27.5 ] },
																"south": { "texture": "#skin", "uv": [ 25.5, 25.5, 26.5, 27.5 ] },
																"west": { "texture": "#skin", "uv": [ 24.5, 25.5, 25.5, 27.5 ] },
																"up": { "texture": "#skin", "uv": [ 23.5, 24.5, 24.5, 25.5 ], "rotation": 180 },
																"down": { "texture": "#skin", "uv": [ 23.5, 27.5, 24.5, 28.5 ] }
															},
															"children": [
																{
																	"name": "R Wrist",
																	"from": [ 0.0, -0.4, 0.15 ],
																	"to": [ 1.0, 0.35, 0.9 ],
																	"unwrapMode": 1,
																	"uv": [ 25.0, 28.0 ],
																	"rotationOrigin": [ 0.35, 0.3, 0.525 ],
																	"rotationZ": 10.0,
																	"faces": {
																		"north": { "texture": "#skin", "uv": [ 25.5, 28.0, 26.5, 28.5 ] },
																		"east": { "texture": "#skin", "uv": [ 25.0, 28.0, 25.5, 28.5 ] },
																		"south": { "texture": "#skin", "uv": [ 27.0, 28.0, 28.0, 28.5 ] },
																		"west": { "texture": "#skin", "uv": [ 26.5, 28.0, 27.0, 28.5 ] }
																	},
																	"children": [
																		{
																			"name": "R Hand",
																			"from": [ 0.6, -0.6, -0.2 ],
																			"to": [ 1.0, 0.75, 0.9 ],
																			"unwrapMode": 2,
																			"unwrapRotation": 1,
																			"uv": [ 25.0, 29.0 ],
																			"rotationOrigin": [ 0.6, 0.3, 0.35 ],
																			"rotationZ": -86.0,
																			"faces": {
																				"north": { "texture": "#skin", "uv": [ 25.5, 29.0, 26.5, 29.5 ], "rotation": 90 },
																				"east": { "texture": "#skin", "uv": [ 25.5, 29.5, 26.5, 30.5 ], "rotation": 90 },
																				"south": { "texture": "#skin", "uv": [ 25.5, 30.5, 26.5, 31.0 ], "rotation": 90 },
																				"west": { "texture": "#skin", "uv": [ 27.0, 29.5, 28.0, 30.5 ], "rotation": 270 },
																				"up": { "texture": "#skin", "uv": [ 25.0, 29.5, 25.5, 30.5 ] },
																				"down": { "texture": "#skin", "uv": [ 26.5, 29.5, 27.0, 30.5 ] }
																			},
																			"children": [
																				{
																					"name": "R finger 1",
																					"from": [ 0.0375, -0.075, 0.0 ],
																					"to": [ 0.3375, 0.375, 0.225 ],
																					"unwrapMode": 4,
																					"uv": [ 28.5, 27.5 ],
																					"rotationOrigin": [ 0.0375, 0.375, 0.075 ],
																					"rotationX": 22.5,
																					"rotationZ": 15.0,
																					"faces": {
																						"north": { "texture": "#skin", "uv": [ 28.5, 27.5, 29.0, 28.0 ] },
																						"east": { "texture": "#skin", "uv": [ 30.0, 27.5, 30.5, 28.0 ] },
																						"south": { "texture": "#skin", "uv": [ 29.5, 27.5, 30.0, 28.0 ] },
																						"west": { "texture": "#skin", "uv": [ 29.0, 27.5, 29.5, 28.0 ] },
																						"down": { "texture": "#skin", "uv": [ 29.0, 28.0, 29.5, 28.5 ], "rotation": 90 }
																					},
																					"children": [
																						{
																							"name": "R finger claw 1",
																							"from": [ 0.0, -0.2, 0.0375 ],
																							"to": [ 0.15, 0.0, 0.1875 ],
																							"unwrapMode": 4,
																							"uv": [ 26.5, 5.5 ],
																							"rotationOrigin": [ 0.0, 0.0, 0.1125 ],
																							"rotationZ": 5.0,
																							"faces": {
																								"north": { "texture": "#skin", "uv": [ 26.5, 5.5, 27.0, 6.0 ] },
																								"east": { "texture": "#skin", "uv": [ 28.0, 5.5, 28.5, 6.0 ] },
																								"south": { "texture": "#skin", "uv": [ 27.5, 5.5, 28.0, 6.0 ] },
																								"west": { "texture": "#skin", "uv": [ 27.0, 5.5, 27.5, 6.0 ] },
																								"down": { "texture": "#skin", "uv": [ 27.0, 6.0, 27.5, 6.5 ], "rotation": 90 }
																							}
																						}
																					]
																				},
																				{
																					"name": "R finger 2",
																					"from": [ 0.1125, -0.375, 0.15 ],
																					"to": [ 0.3375, 0.075, 0.45 ],
																					"unwrapMode": 4,
																					"uv": [ 28.5, 29.0 ],
																					"rotationOrigin": [ 0.1125, 0.075, 0.3 ],
																					"rotationX": 12.5,
																					"rotationZ": 10.0,
																					"faces": {
																						"north": { "texture": "#skin", "uv": [ 28.5, 29.0, 29.0, 29.5 ] },
																						"east": { "texture": "#skin", "uv": [ 30.0, 29.0, 30.5, 29.5 ] },
																						"south": { "texture": "#skin", "uv": [ 29.5, 29.0, 30.0, 29.5 ] },
																						"west": { "texture": "#skin", "uv": [ 29.0, 29.0, 29.5, 29.5 ] },
																						"down": { "texture": "#skin", "uv": [ 29.0, 29.5, 29.5, 30.0 ], "rotation": 90 }
																					},
																					"children": [
																						{
																							"name": "R finger claw 2",
																							"from": [ 0.0, -0.2, 0.075 ],
																							"to": [ 0.15, 0.0, 0.225 ],
																							"unwrapMode": 4,
																							"uv": [ 26.5, 5.5 ],
																							"rotationOrigin": [ 0.0, 0.0, 0.15 ],
																							"rotationZ": 5.0,
																							"faces": {
																								"north": { "texture": "#skin", "uv": [ 26.5, 5.5, 27.0, 6.0 ] },
																								"east": { "texture": "#skin", "uv": [ 28.0, 5.5, 28.5, 6.0 ] },
																								"south": { "texture": "#skin", "uv": [ 27.5, 5.5, 28.0, 6.0 ] },
																								"west": { "texture": "#skin", "uv": [ 27.0, 5.5, 27.5, 6.0 ] },
																								"down": { "texture": "#skin", "uv": [ 27.0, 6.0, 27.5, 6.5 ], "rotation": 90 }
																							}
																						}
																					]
																				},
																				{
																					"name": "R finger 3",
																					"from": [ 0.1125, -0.525, 0.45 ],
																					"to": [ 0.3375, 0.225, 0.75 ],
																					"unwrapMode": 4,
																					"uv": [ 27.0, 25.0 ],
																					"rotationOrigin": [ 0.1125, 0.075, 0.6 ],
																					"rotationZ": 5.0,
																					"faces": {
																						"north": { "texture": "#skin", "uv": [ 27.0, 25.0, 27.5, 25.5 ] },
																						"east": { "texture": "#skin", "uv": [ 28.5, 25.0, 29.0, 25.5 ] },
																						"south": { "texture": "#skin", "uv": [ 28.0, 25.0, 28.5, 25.5 ] },
																						"west": { "texture": "#skin", "uv": [ 27.5, 25.0, 28.0, 25.5 ] },
																						"down": { "texture": "#skin", "uv": [ 27.5, 25.5, 28.0, 26.0 ], "rotation": 90 }
																					},
																					"children": [
																						{
																							"name": "R finger claw 3",
																							"from": [ 0.0, -0.25, 0.075 ],
																							"to": [ 0.15, 0.0, 0.225 ],
																							"unwrapMode": 4,
																							"uv": [ 26.5, 5.5 ],
																							"rotationOrigin": [ 0.0, 0.0, 0.15 ],
																							"rotationZ": 5.0,
																							"faces": {
																								"north": { "texture": "#skin", "uv": [ 26.5, 5.5, 27.0, 6.0 ] },
																								"east": { "texture": "#skin", "uv": [ 28.0, 5.5, 28.5, 6.0 ] },
																								"south": { "texture": "#skin", "uv": [ 27.5, 5.5, 28.0, 6.0 ] },
																								"west": { "texture": "#skin", "uv": [ 27.0, 5.5, 27.5, 6.0 ] },
																								"down": { "texture": "#skin", "uv": [ 27.0, 6.0, 27.5, 6.5 ], "rotation": 90 }
																							}
																						}
																					]
																				},
																				{
																					"name": "R finger 4",
																					"from": [ 0.1125, -0.525, 0.825 ],
																					"to": [ 0.3375, 0.225, 1.125 ],
																					"unwrapMode": 4,
																					"uv": [ 27.0, 26.5 ],
																					"rotationOrigin": [ 0.1125, 0.075, 0.975 ],
																					"rotationX": -5.0,
																					"rotationZ": 5.0,
																					"faces": {
																						"north": { "texture": "#skin", "uv": [ 27.0, 26.5, 27.5, 27.0 ] },
																						"east": { "texture": "#skin", "uv": [ 28.5, 26.5, 29.0, 27.0 ] },
																						"south": { "texture": "#skin", "uv": [ 28.0, 26.5, 28.5, 27.0 ] },
																						"west": { "texture": "#skin", "uv": [ 27.5, 26.5, 28.0, 27.0 ] },
																						"down": { "texture": "#skin", "uv": [ 27.5, 27.0, 28.0, 27.5 ], "rotation": 90 }
																					},
																					"children": [
																						{
																							"name": "R finger claw 4",
																							"from": [ 0.0, -0.25, 0.075 ],
																							"to": [ 0.15, 0.0, 0.225 ],
																							"unwrapMode": 4,
																							"uv": [ 26.5, 5.5 ],
																							"rotationOrigin": [ 0.0, 0.0, 0.15 ],
																							"rotationZ": 5.0,
																							"faces": {
																								"north": { "texture": "#skin", "uv": [ 26.5, 5.5, 27.0, 6.0 ] },
																								"east": { "texture": "#skin", "uv": [ 28.0, 5.5, 28.5, 6.0 ] },
																								"south": { "texture": "#skin", "uv": [ 27.5, 5.5, 28.0, 6.0 ] },
																								"west": { "texture": "#skin", "uv": [ 27.0, 5.5, 27.5, 6.0 ] },
																								"down": { "texture": "#skin", "uv": [ 27.0, 6.0, 27.5, 6.5 ], "rotation": 90 }
																							}
																						}
																					]
																				},
																				{
																					"name": "R finger 5",
																					"from": [ 0.0375, -0.075, 0.975 ],
																					"to": [ 0.3375, 0.425, 1.2 ],
																					"unwrapMode": 4,
																					"uv": [ 28.5, 30.5 ],
																					"rotationOrigin": [ 0.0375, 0.375, 1.05 ],
																					"rotationX": -28.0,
																					"rotationZ": -15.0,
																					"faces": {
																						"north": { "texture": "#skin", "uv": [ 28.5, 30.5, 29.0, 31.0 ] },
																						"east": { "texture": "#skin", "uv": [ 30.0, 30.5, 30.5, 31.0 ] },
																						"south": { "texture": "#skin", "uv": [ 29.5, 30.5, 30.0, 31.0 ] },
																						"west": { "texture": "#skin", "uv": [ 29.0, 30.5, 29.5, 31.0 ] },
																						"down": { "texture": "#skin", "uv": [ 29.0, 31.0, 29.5, 31.5 ], "rotation": 90 }
																					},
																					"children": [
																						{
																							"name": "R finger claw 5",
																							"from": [ 0.0, -0.2, 0.0375 ],
																							"to": [ 0.15, 0.0, 0.1875 ],
																							"unwrapMode": 4,
																							"uv": [ 26.5, 5.5 ],
																							"rotationOrigin": [ 0.0, 0.0, 0.1125 ],
																							"rotationZ": 35.0,
																							"faces": {
																								"north": { "texture": "#skin", "uv": [ 26.5, 5.5, 27.0, 6.0 ] },
																								"east": { "texture": "#skin", "uv": [ 28.0, 5.5, 28.5, 6.0 ] },
																								"south": { "texture": "#skin", "uv": [ 27.5, 5.5, 28.0, 6.0 ] },
																								"west": { "texture": "#skin", "uv": [ 27.0, 5.5, 27.5, 6.0 ] },
																								"down": { "texture": "#skin", "uv": [ 27.0, 6.0, 27.5, 6.5 ], "rotation": 90 }
																							}
																						}
																					]
																				}
																			]
																		}
																	]
																}
															]
														}
													]
												}
											]
										},
										{
											"name": "L Shoulder",
											"from": [ -0.5, 1.95, 2.5 ],
											"to": [ 1.5, 2.95, 3.55 ],
											"unwrapMode": 3,
											"unwrapRotation": 1,
											"uv": [ 17.0, 16.0 ],
											"rotationOrigin": [ 1.35, 2.7, 3.0 ],
											"rotationY": 10.0,
											"rotationZ": 50.0,
											"faces": {
												"east": { "texture": "#skin", "uv": [ 18.0, 16.0, 19.0, 17.0 ], "rotation": 90 },
												"south": { "texture": "#skin", "uv": [ 18.0, 17.0, 19.0, 19.0 ], "rotation": 90 },
												"west": { "texture": "#skin", "uv": [ 18.0, 19.0, 19.0, 20.0 ], "rotation": 90 },
												"up": { "texture": "#skin", "uv": [ 17.0, 17.0, 18.0, 19.0 ], "rotation": 90, "windMode": [-1,-1,-1,-1] },
												"down": { "texture": "#skin", "uv": [ 19.0, 17.0, 20.0, 19.0 ], "rotation": 270 }
											},
											"children": [
												{
													"name": "L Arm",
													"from": [ 0.0, -1.75, -0.075 ],
													"to": [ 1.5, 0.75, 1.125 ],
													"unwrapMode": 3,
													"uv": [ 17.0, 20.5 ],
													"rotationOrigin": [ 0.0, 0.75, 0.525 ],
													"rotationX": -10.0,
													"rotationY": -10.0,
													"rotationZ": -10.0,
													"faces": {
														"north": { "texture": "#skin", "uv": [ 20.5, 21.5, 22.0, 24.0 ] },
														"east": { "texture": "#skin", "uv": [ 19.5, 21.5, 20.5, 24.0 ] },
														"south": { "texture": "#skin", "uv": [ 18.0, 21.5, 19.5, 24.0 ] },
														"west": { "texture": "#skin", "uv": [ 17.0, 21.5, 18.0, 24.0 ] },
														"up": { "texture": "#skin", "uv": [ 18.0, 20.5, 19.5, 21.5 ] },
														"down": { "texture": "#skin", "uv": [ 18.0, 24.0, 19.5, 25.0 ], "rotation": 180 }
													},
													"children": [
														{
															"name": "L Lowerarm",
															"from": [ 0.0, -1.85, 0.075 ],
															"to": [ 1.25, 0.15, 1.125 ],
															"unwrapMode": 3,
															"uv": [ 15.5, 24.5 ],
															"rotationOrigin": [ 1.1, 0.0, 0.6 ],
															"rotationZ": -55.0,
															"faces": {
																"north": { "texture": "#skin", "uv": [ 18.5, 25.5, 19.5, 27.5 ] },
																"east": { "texture": "#skin", "uv": [ 17.5, 25.5, 18.5, 27.5 ] },
																"south": { "texture": "#skin", "uv": [ 16.5, 25.5, 17.5, 27.5 ] },
																"west": { "texture": "#skin", "uv": [ 15.5, 25.5, 16.5, 27.5 ] },
																"up": { "texture": "#skin", "uv": [ 16.5, 24.5, 17.5, 25.5 ] },
																"down": { "texture": "#skin", "uv": [ 16.5, 27.5, 17.5, 28.5 ], "rotation": 180 }
															},
															"children": [
																{
																	"name": "L Wrist",
																	"from": [ 0.0, -0.4, 0.15 ],
																	"to": [ 1.0, 0.35, 0.9 ],
																	"unwrapMode": 3,
																	"uv": [ 18.0, 28.0 ],
																	"rotationOrigin": [ 0.35, 0.3, 0.525 ],
																	"rotationZ": 10.0,
																	"faces": {
																		"north": { "texture": "#skin", "uv": [ 20.0, 28.0, 21.0, 28.5 ] },
																		"east": { "texture": "#skin", "uv": [ 19.5, 28.0, 20.0, 28.5 ] },
																		"south": { "texture": "#skin", "uv": [ 18.5, 28.0, 19.5, 28.5 ] },
																		"west": { "texture": "#skin", "uv": [ 18.0, 28.0, 18.5, 28.5 ] }
																	},
																	"children": [
																		{
																			"name": "L Hand",
																			"from": [ 0.6, -0.6, -0.2 ],
																			"to": [ 1.0, 0.75, 0.9 ],
																			"unwrapMode": 2,
																			"unwrapRotation": 1,
																			"uv": [ 18.0, 29.0 ],
																			"rotationOrigin": [ 0.6, 0.3, 0.35 ],
																			"rotationZ": -86.0,
																			"faces": {
																				"north": { "texture": "#skin", "uv": [ 18.5, 29.0, 19.5, 29.5 ], "rotation": 90 },
																				"east": { "texture": "#skin", "uv": [ 18.5, 29.5, 19.5, 30.5 ], "rotation": 90 },
																				"south": { "texture": "#skin", "uv": [ 18.5, 30.5, 19.5, 31.0 ], "rotation": 90 },
																				"west": { "texture": "#skin", "uv": [ 20.0, 29.5, 21.0, 30.5 ], "rotation": 270 },
																				"up": { "texture": "#skin", "uv": [ 18.0, 29.5, 18.5, 30.5 ] },
																				"down": { "texture": "#skin", "uv": [ 19.5, 29.5, 20.0, 30.5 ] }
																			},
																			"children": [
																				{
																					"name": "L finger 1",
																					"from": [ 0.0375, -0.075, 0.9 ],
																					"to": [ 0.3375, 0.375, 1.125 ],
																					"unwrapMode": 4,
																					"uv": [ 20.0, 24.5 ],
																					"rotationOrigin": [ 0.0375, 0.375, 0.975 ],
																					"rotationX": -22.5,
																					"rotationZ": 15.0,
																					"faces": {
																						"north": { "texture": "#skin", "uv": [ 20.0, 24.5, 20.5, 25.0 ] },
																						"east": { "texture": "#skin", "uv": [ 21.5, 24.5, 22.0, 25.0 ] },
																						"south": { "texture": "#skin", "uv": [ 21.0, 24.5, 21.5, 25.0 ] },
																						"west": { "texture": "#skin", "uv": [ 20.5, 24.5, 21.0, 25.0 ] },
																						"down": { "texture": "#skin", "uv": [ 20.5, 25.0, 21.0, 25.5 ], "rotation": 90 }
																					},
																					"children": [
																						{
																							"name": "L finger claw 1",
																							"from": [ 0.0, -0.2, 0.0375 ],
																							"to": [ 0.15, 0.0, 0.1875 ],
																							"unwrapMode": 4,
																							"uv": [ 19.5, 5.5 ],
																							"rotationOrigin": [ 0.0, 0.0, 0.1125 ],
																							"rotationZ": 5.0,
																							"faces": {
																								"north": { "texture": "#skin", "uv": [ 19.5, 5.5, 20.0, 6.0 ] },
																								"east": { "texture": "#skin", "uv": [ 21.0, 5.5, 21.5, 6.0 ] },
																								"south": { "texture": "#skin", "uv": [ 20.5, 5.5, 21.0, 6.0 ] },
																								"west": { "texture": "#skin", "uv": [ 20.0, 5.5, 20.5, 6.0 ] },
																								"down": { "texture": "#skin", "uv": [ 20.0, 6.0, 20.5, 6.5 ], "rotation": 90 }
																							}
																						}
																					]
																				},
																				{
																					"name": "L finger 2",
																					"from": [ 0.1125, -0.375, 0.675 ],
																					"to": [ 0.3375, 0.075, 0.975 ],
																					"unwrapMode": 4,
																					"uv": [ 20.0, 26.0 ],
																					"rotationOrigin": [ 0.1125, 0.075, 0.825 ],
																					"rotationX": -12.5,
																					"rotationZ": 10.0,
																					"faces": {
																						"north": { "texture": "#skin", "uv": [ 20.0, 26.0, 20.5, 26.5 ] },
																						"east": { "texture": "#skin", "uv": [ 21.5, 26.0, 22.0, 26.5 ] },
																						"south": { "texture": "#skin", "uv": [ 21.0, 26.0, 21.5, 26.5 ] },
																						"west": { "texture": "#skin", "uv": [ 20.5, 26.0, 21.0, 26.5 ] },
																						"down": { "texture": "#skin", "uv": [ 20.5, 26.5, 21.0, 27.0 ], "rotation": 90 }
																					},
																					"children": [
																						{
																							"name": "L finger claw 2",
																							"from": [ 0.0, -0.2, 0.075 ],
																							"to": [ 0.15, 0.0, 0.225 ],
																							"unwrapMode": 4,
																							"uv": [ 19.5, 5.5 ],
																							"rotationOrigin": [ 0.0, 0.0, 0.15 ],
																							"rotationZ": 5.0,
																							"faces": {
																								"north": { "texture": "#skin", "uv": [ 19.5, 5.5, 20.0, 6.0 ] },
																								"east": { "texture": "#skin", "uv": [ 21.0, 5.5, 21.5, 6.0 ] },
																								"south": { "texture": "#skin", "uv": [ 20.5, 5.5, 21.0, 6.0 ] },
																								"west": { "texture": "#skin", "uv": [ 20.0, 5.5, 20.5, 6.0 ] },
																								"down": { "texture": "#skin", "uv": [ 20.0, 6.0, 20.5, 6.5 ], "rotation": 90 }
																							}
																						}
																					]
																				},
																				{
																					"name": "L finger 3",
																					"from": [ 0.1125, -0.525, 0.375 ],
																					"to": [ 0.3375, 0.225, 0.675 ],
																					"unwrapMode": 4,
																					"uv": [ 15.5, 29.0 ],
																					"rotationOrigin": [ 0.1125, 0.075, 0.525 ],
																					"rotationZ": 5.0,
																					"faces": {
																						"north": { "texture": "#skin", "uv": [ 15.5, 29.0, 16.0, 29.5 ] },
																						"east": { "texture": "#skin", "uv": [ 17.0, 29.0, 17.5, 29.5 ] },
																						"south": { "texture": "#skin", "uv": [ 16.5, 29.0, 17.0, 29.5 ] },
																						"west": { "texture": "#skin", "uv": [ 16.0, 29.0, 16.5, 29.5 ] },
																						"down": { "texture": "#skin", "uv": [ 16.0, 29.5, 16.5, 30.0 ], "rotation": 90 }
																					},
																					"children": [
																						{
																							"name": "L finger claw 3",
																							"from": [ 0.0, -0.25, 0.075 ],
																							"to": [ 0.15, 0.0, 0.225 ],
																							"unwrapMode": 4,
																							"uv": [ 19.5, 5.5 ],
																							"rotationOrigin": [ 0.0, 0.0, 0.15 ],
																							"rotationZ": 5.0,
																							"faces": {
																								"north": { "texture": "#skin", "uv": [ 19.5, 5.5, 20.0, 6.0 ] },
																								"east": { "texture": "#skin", "uv": [ 21.0, 5.5, 21.5, 6.0 ] },
																								"south": { "texture": "#skin", "uv": [ 20.5, 5.5, 21.0, 6.0 ] },
																								"west": { "texture": "#skin", "uv": [ 20.0, 5.5, 20.5, 6.0 ] },
																								"down": { "texture": "#skin", "uv": [ 20.0, 6.0, 20.5, 6.5 ], "rotation": 90 }
																							}
																						}
																					]
																				},
																				{
																					"name": "L finger 4",
																					"from": [ 0.1125, -0.525, 0.0 ],
																					"to": [ 0.3375, 0.225, 0.3 ],
																					"unwrapMode": 4,
																					"uv": [ 15.5, 30.5 ],
																					"rotationOrigin": [ 0.1125, 0.075, 0.15 ],
																					"rotationX": 5.0,
																					"rotationZ": 5.0,
																					"faces": {
																						"north": { "texture": "#skin", "uv": [ 15.5, 30.5, 16.0, 31.0 ] },
																						"east": { "texture": "#skin", "uv": [ 17.0, 30.5, 17.5, 31.0 ] },
																						"south": { "texture": "#skin", "uv": [ 16.5, 30.5, 17.0, 31.0 ] },
																						"west": { "texture": "#skin", "uv": [ 16.0, 30.5, 16.5, 31.0 ] },
																						"down": { "texture": "#skin", "uv": [ 16.0, 31.0, 16.5, 31.5 ], "rotation": 90 }
																					},
																					"children": [
																						{
																							"name": "L finger claw 4",
																							"from": [ 0.0, -0.25, 0.075 ],
																							"to": [ 0.15, 0.0, 0.225 ],
																							"unwrapMode": 4,
																							"uv": [ 19.5, 5.5 ],
																							"rotationOrigin": [ 0.0, 0.0, 0.15 ],
																							"rotationZ": 5.0,
																							"faces": {
																								"north": { "texture": "#skin", "uv": [ 19.5, 5.5, 20.0, 6.0 ] },
																								"east": { "texture": "#skin", "uv": [ 21.0, 5.5, 21.5, 6.0 ] },
																								"south": { "texture": "#skin", "uv": [ 20.5, 5.5, 21.0, 6.0 ] },
																								"west": { "texture": "#skin", "uv": [ 20.0, 5.5, 20.5, 6.0 ] },
																								"down": { "texture": "#skin", "uv": [ 20.0, 6.0, 20.5, 6.5 ], "rotation": 90 }
																							}
																						}
																					]
																				},
																				{
																					"name": "L finger 5",
																					"from": [ 0.0375, -0.075, -0.075 ],
																					"to": [ 0.3375, 0.425, 0.15 ],
																					"unwrapMode": 4,
																					"uv": [ 21.5, 29.0 ],
																					"rotationOrigin": [ 0.0375, 0.375, 0.0 ],
																					"rotationX": 28.0,
																					"rotationZ": -15.0,
																					"faces": {
																						"north": { "texture": "#skin", "uv": [ 21.5, 29.0, 22.0, 29.5 ] },
																						"east": { "texture": "#skin", "uv": [ 23.0, 29.0, 23.5, 29.5 ] },
																						"south": { "texture": "#skin", "uv": [ 22.5, 29.0, 23.0, 29.5 ] },
																						"west": { "texture": "#skin", "uv": [ 22.0, 29.0, 22.5, 29.5 ] },
																						"down": { "texture": "#skin", "uv": [ 22.0, 29.5, 22.5, 30.0 ], "rotation": 90 }
																					},
																					"children": [
																						{
																							"name": "L finger claw 5",
																							"from": [ 0.0, -0.2, 0.0375 ],
																							"to": [ 0.15, 0.0, 0.1875 ],
																							"unwrapMode": 4,
																							"uv": [ 19.5, 5.5 ],
																							"rotationOrigin": [ 0.0, 0.0, 0.1125 ],
																							"rotationZ": 35.0,
																							"faces": {
																								"north": { "texture": "#skin", "uv": [ 19.5, 5.5, 20.0, 6.0 ] },
																								"east": { "texture": "#skin", "uv": [ 21.0, 5.5, 21.5, 6.0 ] },
																								"south": { "texture": "#skin", "uv": [ 20.5, 5.5, 21.0, 6.0 ] },
																								"west": { "texture": "#skin", "uv": [ 20.0, 5.5, 20.5, 6.0 ] },
																								"down": { "texture": "#skin", "uv": [ 20.0, 6.0, 20.5, 6.5 ], "rotation": 90 }
																							}
																						}
																					]
																				}
																			]
																		}
																	]
																}
															]
														}
													]
												}
											]
										}
									]
								}
							]
						},
						{
							"name": "Tail1",
							"from": [ 2.25, 2.15, 1.225 ],
							"to": [ 3.25, 3.15, 2.275 ],
							"unwrapMode": 7,
							"unwrapRotation": 1,
							"uv": [ 0.5, 18.0 ],
							"rotationOrigin": [ 2.35, 3.1, 1.75 ],
							"rotationZ": -15.0,
							"faces": {
								"north": { "texture": "#skin", "uv": [ 2.5, 18.0, 3.5, 19.0 ], "rotation": 90 },
								"east": { "texture": "#skin", "uv": [ 1.5, 19.0, 2.5, 20.0 ], "windMode": [-1,-1,-1,-1] },
								"south": { "texture": "#skin", "uv": [ 0.5, 18.0, 1.5, 19.0 ], "rotation": 270 },
								"up": { "texture": "#skin", "uv": [ 1.5, 18.0, 2.5, 19.0 ], "rotation": 270 },
								"down": { "texture": "#skin", "uv": [ 3.5, 18.0, 4.5, 19.0 ], "rotation": 90 }
							},
							"children": [
								{
									"name": "Tail2",
									"from": [ 0.9, -0.05, 0.025 ],
									"to": [ 1.9, 0.95, 1.025 ],
									"unwrapMode": 7,
									"unwrapRotation": 1,
									"uv": [ 2.0, 19.5 ],
									"rotationOrigin": [ 1.0, 0.75, 0.525 ],
									"rotationZ": -4.0,
									"faces": {
										"north": { "texture": "#skin", "uv": [ 4.0, 20.5, 5.0, 21.5 ], "rotation": 90 },
										"east": { "texture": "#skin", "uv": [ 3.0, 21.5, 4.0, 22.5 ], "windMode": [-1,-1,-1,-1] },
										"south": { "texture": "#skin", "uv": [ 2.0, 20.5, 3.0, 21.5 ], "rotation": 270 },
										"west": { "texture": "#skin", "uv": [ 3.0, 19.5, 4.0, 20.5 ], "rotation": 180, "windMode": [-1,-1,-1,-1] },
										"up": { "texture": "#skin", "uv": [ 3.0, 20.5, 4.0, 21.5 ], "rotation": 270 },
										"down": { "texture": "#skin", "uv": [ 5.0, 20.5, 6.0, 21.5 ], "rotation": 90 }
									},
									"children": [
										{
											"name": "Tail3",
											"from": [ 0.9, 0.05, 0.05 ],
											"to": [ 2.4, 0.95, 0.95 ],
											"unwrapMode": 7,
											"unwrapRotation": 1,
											"uv": [ 0.5, 21.5 ],
											"rotationOrigin": [ 1.0, 0.85, 0.5 ],
											"rotationZ": -2.0,
											"faces": {
												"north": { "texture": "#skin", "uv": [ 1.5, 22.0, 2.0, 23.5 ], "rotation": 90 },
												"east": { "texture": "#skin", "uv": [ 1.0, 23.5, 1.5, 24.0 ], "windMode": [-1,-1,-1,-1] },
												"south": { "texture": "#skin", "uv": [ 0.5, 22.0, 1.0, 23.5 ], "rotation": 270 },
												"west": { "texture": "#skin", "uv": [ 1.0, 21.5, 1.5, 22.0 ], "rotation": 180, "windMode": [-1,-1,-1,-1] },
												"up": { "texture": "#skin", "uv": [ 1.0, 22.0, 1.5, 23.5 ], "rotation": 270 },
												"down": { "texture": "#skin", "uv": [ 2.0, 22.0, 2.5, 23.5 ], "rotation": 90 }
											},
											"children": [
												{
													"name": "Tail4",
													"from": [ 1.4, 0.05, 0.05 ],
													"to": [ 2.9, 0.85, 0.85 ],
													"unwrapMode": 7,
													"unwrapRotation": 1,
													"uv": [ 1.5, 24.0 ],
													"rotationOrigin": [ 1.5, 0.85, 0.5 ],
													"rotationZ": 6.0,
													"faces": {
														"north": { "texture": "#skin", "uv": [ 2.5, 24.5, 3.0, 26.0 ], "rotation": 90 },
														"east": { "texture": "#skin", "uv": [ 2.0, 26.0, 2.5, 26.5 ], "windMode": [-1,-1,-1,-1] },
														"south": { "texture": "#skin", "uv": [ 1.5, 24.5, 2.0, 26.0 ], "rotation": 270 },
														"west": { "texture": "#skin", "uv": [ 2.0, 24.0, 2.5, 24.5 ], "rotation": 180, "windMode": [-1,-1,-1,-1] },
														"up": { "texture": "#skin", "uv": [ 2.0, 24.5, 2.5, 26.0 ], "rotation": 270 },
														"down": { "texture": "#skin", "uv": [ 3.0, 24.5, 3.5, 26.0 ], "rotation": 90 }
													},
													"children": [
														{
															"name": "Tail5",
															"from": [ 1.4, 0.05, 0.05 ],
															"to": [ 2.9, 0.75, 0.75 ],
															"unwrapMode": 7,
															"unwrapRotation": 1,
															"uv": [ 0.5, 26.5 ],
															"rotationOrigin": [ 1.5, 0.75, 0.5 ],
															"rotationZ": 6.0,
															"faces": {
																"north": { "texture": "#skin", "uv": [ 1.5, 27.0, 2.0, 28.5 ], "rotation": 90 },
																"east": { "texture": "#skin", "uv": [ 1.0, 28.5, 1.5, 29.0 ], "windMode": [-1,-1,-1,-1] },
																"south": { "texture": "#skin", "uv": [ 0.5, 27.0, 1.0, 28.5 ], "rotation": 270 },
																"west": { "texture": "#skin", "uv": [ 1.0, 26.5, 1.5, 27.0 ], "rotation": 180, "windMode": [-1,-1,-1,-1] },
																"up": { "texture": "#skin", "uv": [ 1.0, 27.0, 1.5, 28.5 ], "rotation": 270 },
																"down": { "texture": "#skin", "uv": [ 2.0, 27.0, 2.5, 28.5 ], "rotation": 90 }
															}
														}
													]
												}
											]
										}
									]
								}
							]
						},
						{
							"name": "R Thigh",
							"from": [ 0.5, 0.0, -0.05 ],
							"to": [ 2.0, 2.75, 1.45 ],
							"unwrapMode": 1,
							"uv": [ 23.0, 1.0 ],
							"rotationOrigin": [ 1.25, 2.4, 0.3 ],
							"rotationX": 5.0,
							"faces": {
								"north": { "texture": "#skin", "uv": [ 24.5, 2.5, 26.0, 5.0 ] },
								"east": { "texture": "#skin", "uv": [ 23.0, 2.5, 24.5, 5.0 ] },
								"south": { "texture": "#skin", "uv": [ 27.5, 2.5, 29.0, 5.0 ] },
								"west": { "texture": "#skin", "uv": [ 26.0, 2.5, 27.5, 5.0 ] },
								"up": { "texture": "#skin", "uv": [ 24.5, 1.0, 26.0, 2.5 ], "rotation": 180 },
								"down": { "texture": "#skin", "uv": [ 24.5, 5.0, 26.0, 6.5 ] }
							},
							"children": [
								{
									"name": "R Lowerleg",
									"from": [ -0.1, 0.0, 0.15 ],
									"to": [ 1.25, 1.25, 1.35 ],
									"unwrapMode": 1,
									"unwrapRotation": 1,
									"uv": [ 23.5, 7.0 ],
									"rotationOrigin": [ 0.0, 0.0, 0.75 ],
									"rotationX": -5.0,
									"rotationZ": -65.0,
									"faces": {
										"north": { "texture": "#skin", "uv": [ 24.5, 8.0, 25.5, 9.0 ], "rotation": 90 },
										"east": { "texture": "#skin", "uv": [ 24.5, 9.0, 25.5, 10.0 ], "rotation": 90 },
										"south": { "texture": "#skin", "uv": [ 26.5, 8.0, 27.5, 9.0 ], "rotation": 270 },
										"west": { "texture": "#skin", "uv": [ 24.5, 7.0, 25.5, 8.0 ], "rotation": 90 },
										"up": { "texture": "#skin", "uv": [ 23.5, 8.0, 24.5, 9.0 ], "rotation": 270 },
										"down": { "texture": "#skin", "uv": [ 25.5, 8.0, 26.5, 9.0 ], "rotation": 90 }
									},
									"children": [
										{
											"name": "R Ankle",
											"from": [ 0.95, 0.2, 0.225 ],
											"to": [ 1.95, 1.2, 0.975 ],
											"unwrapMode": 1,
											"unwrapRotation": 1,
											"uv": [ 24.0, 10.5 ],
											"rotationOrigin": [ 0.95, 0.55, 0.6 ],
											"rotationZ": -5.0,
											"faces": {
												"north": { "texture": "#skin", "uv": [ 24.5, 10.5, 25.5, 11.5 ], "rotation": 90 },
												"south": { "texture": "#skin", "uv": [ 26.0, 10.5, 27.0, 11.5 ], "rotation": 270 },
												"up": { "texture": "#skin", "uv": [ 24.0, 10.5, 24.5, 11.5 ], "rotation": 270 },
												"down": { "texture": "#skin", "uv": [ 25.5, 10.5, 26.0, 11.5 ], "rotation": 90 }
											},
											"children": [
												{
													"name": "R Foot",
													"from": [ 0.55, -0.4, -0.1875 ],
													"to": [ 1.05, 1.1, 0.9375 ],
													"unwrapMode": 2,
													"unwrapRotation": 1,
													"uv": [ 23.5, 12.0 ],
													"rotationOrigin": [ 0.55, 0.55, 0.375 ],
													"faces": {
														"north": { "texture": "#skin", "uv": [ 24.0, 12.0, 25.5, 12.5 ], "rotation": 90 },
														"east": { "texture": "#skin", "uv": [ 24.0, 12.5, 25.5, 13.5 ], "rotation": 90 },
														"south": { "texture": "#skin", "uv": [ 24.0, 13.5, 25.5, 14.0 ], "rotation": 90 },
														"west": { "texture": "#skin", "uv": [ 26.0, 12.5, 27.5, 13.5 ], "rotation": 270 },
														"up": { "texture": "#skin", "uv": [ 23.5, 12.5, 24.0, 13.5 ] },
														"down": { "texture": "#skin", "uv": [ 25.5, 12.5, 26.0, 13.5 ] }
													},
													"children": [
														{
															"name": "R toe 1",
															"from": [ 0.05, -0.075, 0.0 ],
															"to": [ 0.35, 0.425, 0.225 ],
															"unwrapMode": 4,
															"uv": [ 24.0, 14.5 ],
															"rotationOrigin": [ 0.05, 0.375, 0.075 ],
															"rotationX": 22.5,
															"rotationZ": 15.0,
															"faces": {
																"north": { "texture": "#skin", "uv": [ 24.0, 14.5, 24.5, 15.0 ] },
																"east": { "texture": "#skin", "uv": [ 25.5, 14.5, 26.0, 15.0 ] },
																"south": { "texture": "#skin", "uv": [ 25.0, 14.5, 25.5, 15.0 ] },
																"west": { "texture": "#skin", "uv": [ 24.5, 14.5, 25.0, 15.0 ] },
																"down": { "texture": "#skin", "uv": [ 24.5, 15.0, 25.0, 15.5 ], "rotation": 90, "windMode": [-1,-1,-1,-1] }
															},
															"children": [
																{
																	"name": "R toe claw 1",
																	"from": [ 0.0, -0.2, 0.0375 ],
																	"to": [ 0.15, 0.0, 0.1875 ],
																	"unwrapMode": 4,
																	"uv": [ 26.5, 6.0 ],
																	"rotationOrigin": [ 0.0, 0.0, 0.1125 ],
																	"rotationZ": 5.0,
																	"faces": {
																		"north": { "texture": "#skin", "uv": [ 26.5, 6.0, 27.0, 6.5 ] },
																		"east": { "texture": "#skin", "uv": [ 28.0, 6.0, 28.5, 6.5 ] },
																		"south": { "texture": "#skin", "uv": [ 27.5, 6.0, 28.0, 6.5 ] },
																		"west": { "texture": "#skin", "uv": [ 27.0, 6.0, 27.5, 6.5 ] },
																		"down": { "texture": "#skin", "uv": [ 27.0, 6.5, 27.5, 7.0 ], "rotation": 90 }
																	}
																}
															]
														},
														{
															"name": "R toe 2",
															"from": [ 0.1, -0.375, 0.15 ],
															"to": [ 0.4, 0.125, 0.45 ],
															"unwrapMode": 4,
															"uv": [ 26.5, 14.5 ],
															"rotationOrigin": [ 0.1, 0.075, 0.3 ],
															"rotationX": 12.5,
															"rotationZ": 10.0,
															"faces": {
																"north": { "texture": "#skin", "uv": [ 26.5, 14.5, 27.0, 15.0 ] },
																"east": { "texture": "#skin", "uv": [ 28.0, 14.5, 28.5, 15.0 ] },
																"south": { "texture": "#skin", "uv": [ 27.5, 14.5, 28.0, 15.0 ] },
																"west": { "texture": "#skin", "uv": [ 27.0, 14.5, 27.5, 15.0 ] },
																"down": { "texture": "#skin", "uv": [ 27.0, 15.0, 27.5, 15.5 ], "rotation": 90 }
															},
															"children": [
																{
																	"name": "R toe claw 2",
																	"from": [ 0.0, -0.2, 0.075 ],
																	"to": [ 0.15, 0.0, 0.225 ],
																	"unwrapMode": 4,
																	"uv": [ 26.5, 6.0 ],
																	"rotationOrigin": [ 0.0, 0.0, 0.15 ],
																	"rotationZ": 5.0,
																	"faces": {
																		"north": { "texture": "#skin", "uv": [ 26.5, 6.0, 27.0, 6.5 ] },
																		"east": { "texture": "#skin", "uv": [ 28.0, 6.0, 28.5, 6.5 ] },
																		"south": { "texture": "#skin", "uv": [ 27.5, 6.0, 28.0, 6.5 ] },
																		"west": { "texture": "#skin", "uv": [ 27.0, 6.0, 27.5, 6.5 ] },
																		"down": { "texture": "#skin", "uv": [ 27.0, 6.5, 27.5, 7.0 ], "rotation": 90 }
																	}
																}
															]
														},
														{
															"name": "R toe 3",
															"from": [ 0.1, -0.525, 0.45 ],
															"to": [ 0.4, 0.225, 0.75 ],
															"unwrapMode": 4,
															"uv": [ 27.0, 9.5 ],
															"rotationOrigin": [ 0.1, 0.075, 0.6 ],
															"rotationZ": 5.0,
															"faces": {
																"north": { "texture": "#skin", "uv": [ 27.0, 9.5, 27.5, 10.0 ] },
																"east": { "texture": "#skin", "uv": [ 28.5, 9.5, 29.0, 10.0 ] },
																"south": { "texture": "#skin", "uv": [ 28.0, 9.5, 28.5, 10.0 ] },
																"west": { "texture": "#skin", "uv": [ 27.5, 9.5, 28.0, 10.0 ] },
																"down": { "texture": "#skin", "uv": [ 27.5, 10.0, 28.0, 10.5 ], "rotation": 90 }
															},
															"children": [
																{
																	"name": "R toe claw 3",
																	"from": [ 0.0, -0.25, 0.075 ],
																	"to": [ 0.15, 0.0, 0.225 ],
																	"unwrapMode": 4,
																	"uv": [ 26.5, 6.0 ],
																	"rotationOrigin": [ 0.0, 0.0, 0.15 ],
																	"rotationZ": 5.0,
																	"faces": {
																		"north": { "texture": "#skin", "uv": [ 26.5, 6.0, 27.0, 6.5 ] },
																		"east": { "texture": "#skin", "uv": [ 28.0, 6.0, 28.5, 6.5 ] },
																		"south": { "texture": "#skin", "uv": [ 27.5, 6.0, 28.0, 6.5 ] },
																		"west": { "texture": "#skin", "uv": [ 27.0, 6.0, 27.5, 6.5 ] },
																		"down": { "texture": "#skin", "uv": [ 27.0, 6.5, 27.5, 7.0 ], "rotation": 90 }
																	}
																}
															]
														},
														{
															"name": "R toe 4",
															"from": [ 0.1, -0.525, 0.825 ],
															"to": [ 0.4, 0.225, 1.125 ],
															"unwrapMode": 4,
															"uv": [ 21.5, 11.5 ],
															"rotationOrigin": [ 0.1, 0.075, 0.975 ],
															"rotationX": -5.0,
															"rotationZ": 5.0,
															"faces": {
																"north": { "texture": "#skin", "uv": [ 21.5, 11.5, 22.0, 12.0 ] },
																"east": { "texture": "#skin", "uv": [ 23.0, 11.5, 23.5, 12.0 ] },
																"south": { "texture": "#skin", "uv": [ 22.5, 11.5, 23.0, 12.0 ] },
																"west": { "texture": "#skin", "uv": [ 22.0, 11.5, 22.5, 12.0 ] },
																"down": { "texture": "#skin", "uv": [ 22.0, 12.0, 22.5, 12.5 ], "rotation": 90 }
															},
															"children": [
																{
																	"name": "R toe claw 4",
																	"from": [ 0.0, -0.25, 0.075 ],
																	"to": [ 0.15, 0.0, 0.225 ],
																	"unwrapMode": 4,
																	"uv": [ 26.5, 6.0 ],
																	"rotationOrigin": [ 0.0, 0.0, 0.15 ],
																	"rotationZ": 5.0,
																	"faces": {
																		"north": { "texture": "#skin", "uv": [ 26.5, 6.0, 27.0, 6.5 ] },
																		"east": { "texture": "#skin", "uv": [ 28.0, 6.0, 28.5, 6.5 ] },
																		"south": { "texture": "#skin", "uv": [ 27.5, 6.0, 28.0, 6.5 ] },
																		"west": { "texture": "#skin", "uv": [ 27.0, 6.0, 27.5, 6.5 ] },
																		"down": { "texture": "#skin", "uv": [ 27.0, 6.5, 27.5, 7.0 ], "rotation": 90 }
																	}
																}
															]
														}
													]
												}
											]
										}
									]
								}
							]
						},
						{
							"name": "L Thigh",
							"from": [ 0.5, 0.0, 2.05 ],
							"to": [ 2.0, 2.75, 3.55 ],
							"unwrapMode": 3,
							"uv": [ 16.0, 1.0 ],
							"rotationOrigin": [ 1.25, 2.4, 3.2 ],
							"rotationX": -5.0,
							"faces": {
								"north": { "texture": "#skin", "uv": [ 20.5, 2.5, 22.0, 5.0 ] },
								"east": { "texture": "#skin", "uv": [ 19.0, 2.5, 20.5, 5.0 ] },
								"south": { "texture": "#skin", "uv": [ 17.5, 2.5, 19.0, 5.0 ] },
								"west": { "texture": "#skin", "uv": [ 16.0, 2.5, 17.5, 5.0 ] },
								"up": { "texture": "#skin", "uv": [ 17.5, 1.0, 19.0, 2.5 ] },
								"down": { "texture": "#skin", "uv": [ 17.5, 5.0, 19.0, 6.5 ], "rotation": 180 }
							},
							"children": [
								{
									"name": "L Lowerleg",
									"from": [ -0.1, 0.0, 0.15 ],
									"to": [ 1.25, 1.25, 1.35 ],
									"unwrapMode": 3,
									"unwrapRotation": 1,
									"uv": [ 16.5, 7.0 ],
									"rotationOrigin": [ 0.0, 0.0, 0.75 ],
									"rotationX": 5.0,
									"rotationZ": -65.0,
									"faces": {
										"north": { "texture": "#skin", "uv": [ 19.5, 8.0, 20.5, 9.0 ], "rotation": 270 },
										"east": { "texture": "#skin", "uv": [ 17.5, 7.0, 18.5, 8.0 ], "rotation": 90 },
										"south": { "texture": "#skin", "uv": [ 17.5, 8.0, 18.5, 9.0 ], "rotation": 90 },
										"west": { "texture": "#skin", "uv": [ 17.5, 9.0, 18.5, 10.0 ], "rotation": 90 },
										"up": { "texture": "#skin", "uv": [ 16.5, 8.0, 17.5, 9.0 ], "rotation": 90 },
										"down": { "texture": "#skin", "uv": [ 18.5, 8.0, 19.5, 9.0 ], "rotation": 270 }
									},
									"children": [
										{
											"name": "L Ankle",
											"from": [ 0.95, 0.2, 0.225 ],
											"to": [ 1.95, 1.2, 0.975 ],
											"unwrapMode": 3,
											"unwrapRotation": 1,
											"uv": [ 17.0, 10.5 ],
											"rotationOrigin": [ 0.95, 0.55, 0.6 ],
											"rotationZ": -5.0,
											"faces": {
												"north": { "texture": "#skin", "uv": [ 19.0, 10.5, 20.0, 11.5 ], "rotation": 270 },
												"south": { "texture": "#skin", "uv": [ 17.5, 10.5, 18.5, 11.5 ], "rotation": 90 },
												"up": { "texture": "#skin", "uv": [ 17.0, 10.5, 17.5, 11.5 ], "rotation": 90 },
												"down": { "texture": "#skin", "uv": [ 18.5, 10.5, 19.0, 11.5 ], "rotation": 270 }
											},
											"children": [
												{
													"name": "L Foot",
													"from": [ 0.55, -0.4, -0.1875 ],
													"to": [ 1.05, 1.1, 0.9375 ],
													"unwrapMode": 2,
													"unwrapRotation": 1,
													"uv": [ 16.5, 12.0 ],
													"rotationOrigin": [ 0.55, 0.55, 0.375 ],
													"faces": {
														"north": { "texture": "#skin", "uv": [ 17.0, 12.0, 18.5, 12.5 ], "rotation": 90 },
														"east": { "texture": "#skin", "uv": [ 17.0, 12.5, 18.5, 13.5 ], "rotation": 90 },
														"south": { "texture": "#skin", "uv": [ 17.0, 13.5, 18.5, 14.0 ], "rotation": 90 },
														"west": { "texture": "#skin", "uv": [ 19.0, 12.5, 20.5, 13.5 ], "rotation": 270 },
														"up": { "texture": "#skin", "uv": [ 16.5, 12.5, 17.0, 13.5 ] },
														"down": { "texture": "#skin", "uv": [ 18.5, 12.5, 19.0, 13.5 ] }
													},
													"children": [
														{
															"name": "L toe 1",
															"from": [ 0.05, -0.075, 0.9 ],
															"to": [ 0.35, 0.425, 1.125 ],
															"unwrapMode": 4,
															"uv": [ 17.0, 14.5 ],
															"rotationOrigin": [ 0.05, 0.375, 0.975 ],
															"rotationX": -22.5,
															"rotationZ": 15.0,
															"faces": {
																"north": { "texture": "#skin", "uv": [ 17.0, 14.5, 17.5, 15.0 ] },
																"east": { "texture": "#skin", "uv": [ 18.5, 14.5, 19.0, 15.0 ] },
																"south": { "texture": "#skin", "uv": [ 18.0, 14.5, 18.5, 15.0 ] },
																"west": { "texture": "#skin", "uv": [ 17.5, 14.5, 18.0, 15.0 ] },
																"down": { "texture": "#skin", "uv": [ 17.5, 15.0, 18.0, 15.5 ], "rotation": 90 }
															},
															"children": [
																{
																	"name": "L toe claw 1",
																	"from": [ 0.0, -0.2, 0.0375 ],
																	"to": [ 0.15, 0.0, 0.1875 ],
																	"unwrapMode": 4,
																	"uv": [ 19.5, 6.0 ],
																	"rotationOrigin": [ 0.0, 0.0, 0.0375 ],
																	"faces": {
																		"north": { "texture": "#skin", "uv": [ 19.5, 6.0, 20.0, 6.5 ] },
																		"east": { "texture": "#skin", "uv": [ 21.0, 6.0, 21.5, 6.5 ] },
																		"south": { "texture": "#skin", "uv": [ 20.5, 6.0, 21.0, 6.5 ] },
																		"west": { "texture": "#skin", "uv": [ 20.0, 6.0, 20.5, 6.5 ] },
																		"down": { "texture": "#skin", "uv": [ 20.0, 6.5, 20.5, 7.0 ], "rotation": 90 }
																	}
																}
															]
														},
														{
															"name": "L toe 2",
															"from": [ 0.1, -0.375, 0.675 ],
															"to": [ 0.4, 0.125, 0.975 ],
															"unwrapMode": 4,
															"uv": [ 19.5, 14.5 ],
															"rotationOrigin": [ 0.1, 0.075, 0.825 ],
															"rotationX": -12.5,
															"rotationZ": 10.0,
															"faces": {
																"north": { "texture": "#skin", "uv": [ 19.5, 14.5, 20.0, 15.0 ] },
																"east": { "texture": "#skin", "uv": [ 21.0, 14.5, 21.5, 15.0 ] },
																"south": { "texture": "#skin", "uv": [ 20.5, 14.5, 21.0, 15.0 ] },
																"west": { "texture": "#skin", "uv": [ 20.0, 14.5, 20.5, 15.0 ] },
																"down": { "texture": "#skin", "uv": [ 20.0, 15.0, 20.5, 15.5 ], "rotation": 90 }
															},
															"children": [
																{
																	"name": "L toe claw 2",
																	"from": [ 0.0, -0.2, 0.075 ],
																	"to": [ 0.15, 0.0, 0.225 ],
																	"unwrapMode": 4,
																	"uv": [ 19.5, 6.0 ],
																	"rotationOrigin": [ 0.0, 0.0, 0.15 ],
																	"rotationZ": 5.0,
																	"faces": {
																		"north": { "texture": "#skin", "uv": [ 19.5, 6.0, 20.0, 6.5 ] },
																		"east": { "texture": "#skin", "uv": [ 21.0, 6.0, 21.5, 6.5 ] },
																		"south": { "texture": "#skin", "uv": [ 20.5, 6.0, 21.0, 6.5 ] },
																		"west": { "texture": "#skin", "uv": [ 20.0, 6.0, 20.5, 6.5 ] },
																		"down": { "texture": "#skin", "uv": [ 20.0, 6.5, 20.5, 7.0 ], "rotation": 90 }
																	}
																}
															]
														},
														{
															"name": "L toe 3",
															"from": [ 0.1, -0.525, 0.375 ],
															"to": [ 0.4, 0.225, 0.675 ],
															"unwrapMode": 4,
															"uv": [ 20.0, 9.5 ],
															"rotationOrigin": [ 0.1, 0.075, 0.525 ],
															"rotationZ": 5.0,
															"faces": {
																"north": { "texture": "#skin", "uv": [ 20.0, 9.5, 20.5, 10.0 ] },
																"east": { "texture": "#skin", "uv": [ 21.5, 9.5, 22.0, 10.0 ] },
																"south": { "texture": "#skin", "uv": [ 21.0, 9.5, 21.5, 10.0 ] },
																"west": { "texture": "#skin", "uv": [ 20.5, 9.5, 21.0, 10.0 ] },
																"down": { "texture": "#skin", "uv": [ 20.5, 10.0, 21.0, 10.5 ], "rotation": 90 }
															},
															"children": [
																{
																	"name": "L toe claw 3",
																	"from": [ 0.0, -0.25, 0.075 ],
																	"to": [ 0.15, 0.0, 0.225 ],
																	"unwrapMode": 4,
																	"uv": [ 19.5, 6.0 ],
																	"rotationOrigin": [ 0.0, 0.0, 0.15 ],
																	"rotationZ": 5.0,
																	"faces": {
																		"north": { "texture": "#skin", "uv": [ 19.5, 6.0, 20.0, 6.5 ] },
																		"east": { "texture": "#skin", "uv": [ 21.0, 6.0, 21.5, 6.5 ] },
																		"south": { "texture": "#skin", "uv": [ 20.5, 6.0, 21.0, 6.5 ] },
																		"west": { "texture": "#skin", "uv": [ 20.0, 6.0, 20.5, 6.5 ] },
																		"down": { "texture": "#skin", "uv": [ 20.0, 6.5, 20.5, 7.0 ], "rotation": 90 }
																	}
																}
															]
														},
														{
															"name": "L toe 4",
															"from": [ 0.1, -0.525, 0.0 ],
															"to": [ 0.4, 0.225, 0.3 ],
															"unwrapMode": 4,
															"uv": [ 14.5, 11.5 ],
															"rotationOrigin": [ 0.1, 0.075, 0.15 ],
															"rotationX": 5.0,
															"rotationZ": 5.0,
															"faces": {
																"north": { "texture": "#skin", "uv": [ 14.5, 11.5, 15.0, 12.0 ] },
																"east": { "texture": "#skin", "uv": [ 16.0, 11.5, 16.5, 12.0 ] },
																"south": { "texture": "#skin", "uv": [ 15.5, 11.5, 16.0, 12.0 ] },
																"west": { "texture": "#skin", "uv": [ 15.0, 11.5, 15.5, 12.0 ] },
																"down": { "texture": "#skin", "uv": [ 15.0, 12.0, 15.5, 12.5 ], "rotation": 90 }
															},
															"children": [
																{
																	"name": "L toe claw 4",
																	"from": [ 0.0, -0.25, 0.075 ],
																	"to": [ 0.15, 0.0, 0.225 ],
																	"unwrapMode": 4,
																	"uv": [ 19.5, 6.0 ],
																	"rotationOrigin": [ 0.0, 0.0, 0.15 ],
																	"rotationZ": 5.0,
																	"faces": {
																		"north": { "texture": "#skin", "uv": [ 19.5, 6.0, 20.0, 6.5 ] },
																		"east": { "texture": "#skin", "uv": [ 21.0, 6.0, 21.5, 6.5 ] },
																		"south": { "texture": "#skin", "uv": [ 20.5, 6.0, 21.0, 6.5 ] },
																		"west": { "texture": "#skin", "uv": [ 20.0, 6.0, 20.5, 6.5 ] },
																		"down": { "texture": "#skin", "uv": [ 20.0, 6.5, 20.5, 7.0 ], "rotation": 90 }
																	}
																}
															]
														}
													]
												}
											]
										}
									]
								}
							]
						}
					]
				}
			],
			"attachmentpoints": [
				{
					"code": "Center",
					"posX": "-2.0","posY": "-3.0","posZ": "0.0",
					"rotationX": "0.0","rotationY": "0.0","rotationZ": "0.0"
				}
			]
		}
	]}