{	
	"code": "arrow",
	"class": "EntityProjectile",
	"hitboxSize": { "x": 0.125, "y": 0.125 },
	"variantgroups": [ { "code": "material", "states": ["obsidian","mithril","adamant","orichalcum","aithril","titanium","stainlesssteel"] } ],
	"attributes": { "isProjectile": true },
	"client": {
		"size": 0.75,
		"renderer": "Shape",
		"shapeByType": { 
			"arrow-obsidian": { "base": "game:entity/arrow/stone" },
			"*": { "base": "game:entity/arrow/copper" }
		},
		"texturesByType": {
			"arrow-obsidian": {	"material": { "base": "game:block/stone/rock/obsidian1" }, },
			"arrow-mithril": { 
				"handle": { "base": "game:block/wood/debarked/ebony" },
				"material": { "base": "game:block/metal/ingot/{material}" },
				"feather2": { "base": "game:item/tool/material/feather1" },		
			},
			"arrow-adamant": { 
				"handle": { "base": "game:block/wood/debarked/ebony" },
				"material": { "base": "game:block/metal/ingot/{material}" },
				"feather2": { "base": "game:item/tool/material/feather1" },		
			},			
			"arrow-orichalcum": { 
				"handle": { "base": "game:block/wood/debarked/ebony" },
				"material": { "base": "game:block/metal/ingot/{material}" },
				"feather2": { "base": "game:item/tool/material/feather1" },		
			},			
			"arrow-aithril": { 
				"handle": { "base": "game:block/wood/debarked/ebony" },
				"material": { "base": "game:block/metal/ingot/{material}" },
				"feather2": { "base": "game:item/tool/material/feather1" },		
			},			
			"*": {
				"material": { "base": "game:block/metal/ingot/{material}" },
				"feather1": { "base": "game:item/tool/material/feather1" },
				"feather2": { "base": "game:item/tool/material/feather2" }
			},
		},
		"behaviors": [
			{ 
				"code": "passivephysics", 
				"groundDragFactor": 1,
				"airDragFactor": 0.25,
				"gravityFactor": 0.75
			}, 
			{ "code": "interpolateposition" }
		],
	},
	"server": {
		"behaviors": [
			{ 
				"code": "passivephysics", 
				"groundDragFactor": 1,
				"airDragFactor": 0.25,
				"gravityFactor": 0.75
			}, 
			{ "code": "despawn", "minSeconds": 600 }
		]
	},
	"sounds": {	},
}