{
	"editor": {
		"backDropShape": "C:/Users/Norman Anderson/AppData/Roaming/VintagestoryData/Mods/CustomEntroModels/assets/entropoly/shapes/entity/humanoid/basebird",
		"allAngles": false,
		"entityTextureMode": false
	},
	"textureWidth": 16,
	"textureHeight": 16,
	"textureSizes": {
	},
	"textures": {
	},
	"elements": [
		{
			"name": "none",
			"stepParentName": "LowerTorso",
			"from": [ 1.0, 1.0, 1.0 ],
			"to": [ 2.0, 2.0, 2.0 ],
			"rotationOrigin": [ 1.0, 1.0, 1.0 ],
			"faces": {
				"north": { "texture": "#null", "uv": [ 0.0, 0.0, 1.0, 1.0 ] },
				"east": { "texture": "#null", "uv": [ 0.0, 0.0, 1.0, 1.0 ] },
				"south": { "texture": "#null", "uv": [ 0.0, 0.0, 1.0, 1.0 ] },
				"west": { "texture": "#null", "uv": [ 0.0, 0.0, 1.0, 1.0 ] },
				"up": { "texture": "#null", "uv": [ 0.0, 0.0, 1.0, 1.0 ] },
				"down": { "texture": "#null", "uv": [ 0.0, 0.0, 1.0, 1.0 ] }
			}
		}
	]}