{
	"editor": {
		"backDropShape": "basebird",
		"allAngles": false,
		"entityTextureMode": true
	},
	"textureWidth": 16,
	"textureHeight": 16,
	"textureSizes": {
		"basetalons": [16,16]
	},
	"textures": {
		"basetalons": "beastsofmen:racials/bird/basetalons"
	},
	"elements": [
		{
			"name": "BaseLeg",
			"stepParentName": "LowerFootL",
			"from": [ -0.02, -0.02, -0.02 ],
			"to": [ 4.02, 6.98, 3.02 ],
			"unwrapMode": 4,
			"uv": [ 0.0, 0.0 ],
			"rotationOrigin": [ 0.0, 0.0, 0.0 ],
			"rotationZ": 0.0026,
			"faces": {
				"north": { "texture": "#basetalons", "uv": [ 0.0, 4.0, 4.0, 11.0 ] },
				"east": { "texture": "#basetalons", "uv": [ 11.0, 4.0, 14.0, 11.0 ] },
				"south": { "texture": "#basetalons", "uv": [ 7.0, 4.0, 11.0, 11.0 ] },
				"west": { "texture": "#basetalons", "uv": [ 4.0, 4.0, 7.0, 11.0 ] },
				"up": { "texture": "#basetalons", "uv": [ 4.0, 0.0, 7.0, 4.0 ], "rotation": 90 },
				"down": { "texture": "#basetalons", "uv": [ 4.0, 11.0, 7.0, 15.0 ], "rotation": 90 }
			}
		},
		{
			"name": "BaseLeg2",
			"stepParentName": "LowerFootR",
			"from": [ -0.02, -0.02, -0.02 ],
			"to": [ 4.02, 6.98, 3.02 ],
			"unwrapMode": 4,
			"uv": [ 0.0, 0.0 ],
			"rotationOrigin": [ 0.0, 0.0, 0.0 ],
			"rotationZ": 0.0026,
			"faces": {
				"north": { "texture": "#basetalons", "uv": [ 0.0, 4.0, 4.0, 11.0 ] },
				"east": { "texture": "#basetalons", "uv": [ 11.0, 4.0, 14.0, 11.0 ] },
				"south": { "texture": "#basetalons", "uv": [ 7.0, 4.0, 11.0, 11.0 ] },
				"west": { "texture": "#basetalons", "uv": [ 4.0, 4.0, 7.0, 11.0 ] },
				"up": { "texture": "#basetalons", "uv": [ 4.0, 0.0, 7.0, 4.0 ], "rotation": 90 },
				"down": { "texture": "#basetalons", "uv": [ 4.0, 11.0, 7.0, 15.0 ], "rotation": 90 }
			}
		}
	]}