[
	{
	"code": "soaking-bundles-borax",
	"sealHours": 24,
	"ingredients": [
		{ "type": "item", "code": "game:dilutedboraxportion", "litres": 4, "consumeLitres": 4 },
		{ "type": "item", "code": "tailorsdelight:leatherbundle-raw" }
	],
	"output": { "type": "item", "code": "game:hide-soaked-medium" }
	},

	{
	"code": "soaking-bundles-lime",
	"sealHours": 28,
	"ingredients": [
		{ "type": "item", "code": "game:limewaterportion", "litres": 4, "consumeLitres": 4 },
		{ "type": "item", "code": "tailorsdelight:leatherbundle-raw" }
	],
	"output": { "type": "item", "code": "game:hide-soaked-medium" }
	}
]
