{
    "editor": {
        "backDropShape": "entity/humanoid/seraph-hairless",
        "allAngles": true,
        "entityTextureMode": false
    },
    "textureWidth": 16,
    "textureHeight": 16,
    "textureSizes": {
        "white-wooden-mask": [
            16,
            16
        ]
    },
    "textures": {
        "white-wooden-mask": "entity/humanoid/seraphclothes/face/malefactor-mask"
    },
    "elements": [
        {
            "name": "origin",
            "stepParentName": "Head",
            "from": [
                -0.2,
                1.5,
                2.3
            ],
            "to": [
                -0.2,
                1.5,
                2.3
            ],
            "rotationOrigin": [
                -0.2,
                1.5,
                2.3
            ],
            "rotationZ": 3,
            "faces": {},
            "children": [
                {
                    "name": "L side",
                    "from": [
                        -0.8,
                        -2.7,
                        -2.8
                    ],
                    "to": [
                        0.2,
                        2.8,
                        0.2
                    ],
                    "rotationOrigin": [
                        -0.8,
                        -2.7,
                        0.2
                    ],
                    "rotationY": -20,
                    "faces": {
                        "north": {
                            "texture": "#white-wooden-mask",
                            "uv": [
                                0,
                                0,
                                1,
                                5.5
                            ]
                        },
                        "east": {
                            "texture": "#white-wooden-mask",
                            "uv": [
                                5.5,
                                0.5,
                                8.5,
                                6
                            ]
                        },
                        "south": {
                            "texture": "#white-wooden-mask",
                            "uv": [
                                0,
                                0,
                                1,
                                5.5
                            ]
                        },
                        "west": {
                            "texture": "#white-wooden-mask",
                            "uv": [
                                5,
                                1,
                                8,
                                6.5
                            ]
                        },
                        "up": {
                            "texture": "#white-wooden-mask",
                            "uv": [
                                0,
                                0,
                                1,
                                3
                            ]
                        },
                        "down": {
                            "texture": "#white-wooden-mask",
                            "uv": [
                                0,
                                0,
                                1,
                                3
                            ]
                        }
                    },
                    "children": [
                        {
                            "name": "L string",
                            "from": [
                                0,
                                4,
                                -0.1
                            ],
                            "to": [
                                5.5,
                                5,
                                0.4
                            ],
                            "rotationOrigin": [
                                0,
                                4.5,
                                -0.1
                            ],
                            "rotationY": 18,
                            "faces": {
                                "north": {
                                    "texture": "#white-wooden-mask",
                                    "uv": [
                                        0,
                                        0,
                                        5.5,
                                        1
                                    ]
                                },
                                "east": {
                                    "texture": "#white-wooden-mask",
                                    "uv": [
                                        0,
                                        0,
                                        0.5,
                                        1
                                    ]
                                },
                                "south": {
                                    "texture": "#white-wooden-mask",
                                    "uv": [
                                        0,
                                        0,
                                        5.5,
                                        1
                                    ]
                                },
                                "west": {
                                    "texture": "#white-wooden-mask",
                                    "uv": [
                                        0,
                                        0,
                                        0.5,
                                        1
                                    ]
                                },
                                "up": {
                                    "texture": "#white-wooden-mask",
                                    "uv": [
                                        0,
                                        0,
                                        5.5,
                                        0.5
                                    ]
                                },
                                "down": {
                                    "texture": "#white-wooden-mask",
                                    "uv": [
                                        0,
                                        0,
                                        5.5,
                                        0.5
                                    ]
                                }
                            }
                        },
                        {
                            "name": "L holder",
                            "from": [
                                0,
                                2,
                                -0.1
                            ],
                            "to": [
                                4,
                                2.5,
                                0.4
                            ],
                            "rotationOrigin": [
                                0,
                                2.5,
                                -0.1
                            ],
                            "rotationY": 19,
                            "rotationZ": 32,
                            "faces": {
                                "north": {
                                    "texture": "#white-wooden-mask",
                                    "uv": [
                                        0,
                                        0,
                                        4,
                                        0.5
                                    ]
                                },
                                "east": {
                                    "texture": "#white-wooden-mask",
                                    "uv": [
                                        0,
                                        0,
                                        0.5,
                                        0.5
                                    ]
                                },
                                "south": {
                                    "texture": "#white-wooden-mask",
                                    "uv": [
                                        0,
                                        0,
                                        4,
                                        0.5
                                    ]
                                },
                                "west": {
                                    "texture": "#white-wooden-mask",
                                    "uv": [
                                        0,
                                        0,
                                        0.5,
                                        0.5
                                    ]
                                },
                                "up": {
                                    "texture": "#white-wooden-mask",
                                    "uv": [
                                        0,
                                        0,
                                        4,
                                        0.5
                                    ]
                                },
                                "down": {
                                    "texture": "#white-wooden-mask",
                                    "uv": [
                                        0,
                                        0,
                                        4,
                                        0.5
                                    ]
                                }
                            }
                        }
                    ]
                },
                {
                    "name": "R side",
                    "from": [
                        -0.8,
                        -2.7,
                        0.2
                    ],
                    "to": [
                        0.2,
                        2.8,
                        3.2
                    ],
                    "rotationOrigin": [
                        -0.8,
                        -2.7,
                        0.2
                    ],
                    "rotationY": 20,
                    "faces": {
                        "north": {
                            "texture": "#white-wooden-mask",
                            "uv": [
                                0,
                                0,
                                1,
                                5.5
                            ]
                        },
                        "east": {
                            "texture": "#white-wooden-mask",
                            "uv": [
                                5.5,
                                2,
                                8.5,
                                7.5
                            ]
                        },
                        "south": {
                            "texture": "#white-wooden-mask",
                            "uv": [
                                11.5,
                                0.5,
                                12.5,
                                6
                            ]
                        },
                        "west": {
                            "texture": "#white-wooden-mask",
                            "uv": [
                                8.5,
                                1,
                                11.5,
                                6.5
                            ]
                        },
                        "up": {
                            "texture": "#white-wooden-mask",
                            "uv": [
                                0,
                                0,
                                1,
                                3
                            ]
                        },
                        "down": {
                            "texture": "#white-wooden-mask",
                            "uv": [
                                0,
                                0,
                                1,
                                3
                            ]
                        }
                    },
                    "children": [
                        {
                            "name": "R string",
                            "from": [
                                0,
                                4,
                                2.6
                            ],
                            "to": [
                                5.5,
                                5,
                                3.1
                            ],
                            "rotationOrigin": [
                                0,
                                4.5,
                                3
                            ],
                            "rotationX": 0,
                            "rotationY": -18,
                            "rotationZ": 0,
                            "faces": {
                                "north": {
                                    "texture": "#white-wooden-mask",
                                    "uv": [
                                        0,
                                        0,
                                        5.5,
                                        1
                                    ]
                                },
                                "east": {
                                    "texture": "#white-wooden-mask",
                                    "uv": [
                                        0,
                                        0,
                                        0.5,
                                        1
                                    ]
                                },
                                "south": {
                                    "texture": "#white-wooden-mask",
                                    "uv": [
                                        0,
                                        0,
                                        5.5,
                                        1
                                    ]
                                },
                                "west": {
                                    "texture": "#white-wooden-mask",
                                    "uv": [
                                        0,
                                        0,
                                        0.5,
                                        1
                                    ]
                                },
                                "up": {
                                    "texture": "#white-wooden-mask",
                                    "uv": [
                                        0,
                                        0,
                                        5.5,
                                        0.5
                                    ]
                                },
                                "down": {
                                    "texture": "#white-wooden-mask",
                                    "uv": [
                                        0,
                                        0,
                                        5.5,
                                        0.5
                                    ]
                                }
                            }
                        },
                        {
                            "name": "R holder",
                            "from": [
                                0,
                                2,
                                2.6
                            ],
                            "to": [
                                4,
                                2.5,
                                3.1
                            ],
                            "rotationOrigin": [
                                0,
                                2.5,
                                3
                            ],
                            "rotationX": 0,
                            "rotationY": -19,
                            "rotationZ": 32,
                            "faces": {
                                "north": {
                                    "texture": "#white-wooden-mask",
                                    "uv": [
                                        0,
                                        0,
                                        4,
                                        0.5
                                    ]
                                },
                                "east": {
                                    "texture": "#white-wooden-mask",
                                    "uv": [
                                        0,
                                        0,
                                        0.5,
                                        0.5
                                    ]
                                },
                                "south": {
                                    "texture": "#white-wooden-mask",
                                    "uv": [
                                        0,
                                        0,
                                        4,
                                        0.5
                                    ]
                                },
                                "west": {
                                    "texture": "#white-wooden-mask",
                                    "uv": [
                                        0,
                                        0,
                                        0.5,
                                        0.5
                                    ]
                                },
                                "up": {
                                    "texture": "#white-wooden-mask",
                                    "uv": [
                                        0,
                                        0,
                                        4,
                                        0.5
                                    ]
                                },
                                "down": {
                                    "texture": "#white-wooden-mask",
                                    "uv": [
                                        0,
                                        0,
                                        4,
                                        0.5
                                    ]
                                }
                            }
                        }
                    ]
                },
                {
                    "name": "L bottom tile",
                    "from": [
                        -0.8,
                        -3.2,
                        -1.8
                    ],
                    "to": [
                        0.2,
                        -2.7,
                        0.2
                    ],
                    "rotationOrigin": [
                        -0.8,
                        -3.2,
                        0.2
                    ],
                    "rotationX": 1,
                    "rotationY": -20,
                    "faces": {
                        "north": {
                            "texture": "#white-wooden-mask",
                            "uv": [
                                0,
                                0,
                                1,
                                0.5
                            ]
                        },
                        "east": {
                            "texture": "#white-wooden-mask",
                            "uv": [
                                0,
                                0,
                                2,
                                0.5
                            ]
                        },
                        "south": {
                            "texture": "#white-wooden-mask",
                            "uv": [
                                0,
                                0,
                                1,
                                0.5
                            ]
                        },
                        "west": {
                            "texture": "#white-wooden-mask",
                            "uv": [
                                5.5,
                                0.5,
                                7.5,
                                1
                            ]
                        },
                        "up": {
                            "texture": "#white-wooden-mask",
                            "uv": [
                                0,
                                0,
                                1,
                                2
                            ]
                        },
                        "down": {
                            "texture": "#white-wooden-mask",
                            "uv": [
                                0,
                                0,
                                1,
                                2
                            ]
                        }
                    }
                },
                {
                    "name": "R bottom tile",
                    "from": [
                        -0.8,
                        -3.2,
                        0.2
                    ],
                    "to": [
                        0.2,
                        -2.7,
                        2.2
                    ],
                    "rotationOrigin": [
                        -0.8,
                        -3.2,
                        0.2
                    ],
                    "rotationX": -1,
                    "rotationY": 20,
                    "faces": {
                        "north": {
                            "texture": "#white-wooden-mask",
                            "uv": [
                                0,
                                0,
                                1,
                                0.5
                            ]
                        },
                        "east": {
                            "texture": "#white-wooden-mask",
                            "uv": [
                                0,
                                0,
                                2,
                                0.5
                            ]
                        },
                        "south": {
                            "texture": "#white-wooden-mask",
                            "uv": [
                                0,
                                0,
                                1,
                                0.5
                            ]
                        },
                        "west": {
                            "texture": "#white-wooden-mask",
                            "uv": [
                                8.5,
                                6.5,
                                10.5,
                                7
                            ]
                        },
                        "up": {
                            "texture": "#white-wooden-mask",
                            "uv": [
                                0,
                                0,
                                1,
                                2
                            ]
                        },
                        "down": {
                            "texture": "#white-wooden-mask",
                            "uv": [
                                0,
                                0,
                                1,
                                2
                            ]
                        }
                    }
                },
                {
                    "name": "Cube1",
                    "from": [
                        5.5,
                        1.3,
                        -2.55
                    ],
                    "to": [
                        6,
                        2.3,
                        2.95
                    ],
                    "rotationOrigin": [
                        5.5,
                        1.8,
                        -0.1
                    ],
                    "rotationZ": 1,
                    "faces": {
                        "north": {
                            "texture": "#white-wooden-mask",
                            "uv": [
                                0,
                                0,
                                0.5,
                                1
                            ]
                        },
                        "east": {
                            "texture": "#white-wooden-mask",
                            "uv": [
                                0,
                                0,
                                5.5,
                                1
                            ]
                        },
                        "south": {
                            "texture": "#white-wooden-mask",
                            "uv": [
                                0,
                                0,
                                0.5,
                                1
                            ]
                        },
                        "west": {
                            "texture": "#white-wooden-mask",
                            "uv": [
                                0,
                                0,
                                5.5,
                                1
                            ]
                        },
                        "up": {
                            "texture": "#white-wooden-mask",
                            "uv": [
                                0,
                                0,
                                0.5,
                                5.5
                            ]
                        },
                        "down": {
                            "texture": "#white-wooden-mask",
                            "uv": [
                                0,
                                0,
                                0.5,
                                5.5
                            ]
                        }
                    }
                }
            ]
        }
    ],
    "animations": [
        {
            "name": "Walk",
            "code": "walk",
            "quantityframes": 25,
            "onActivityStopped": "Rewind",
            "onAnimationEnd": "Repeat",
            "keyframes": []
        }
    ]
}