{
    "editor": {
        "backDropShape": "entity/humanoid/seraph-hairless",
        "allAngles": true,
        "entityTextureMode": false
    },
    "textureWidth": 16,
    "textureHeight": 16,
    "textureSizes": {},
    "textures": {
        "mask-hazmat": "entity/humanoid/seraphclothes/face/rotwalker"
    },
    "elements": [
        {
            "name": "origin",
            "stepParentName": "Head",
            "from": [
                -0.6,
                1,
                2.3
            ],
            "to": [
                -0.6,
                1,
                2.3
            ],
            "rotationOrigin": [
                -0.6,
                1,
                1.9
            ],
            "rotationZ": -6,
            "faces": {
                "north": {
                    "texture": "#mask-hazmat",
                    "uv": [
                        0,
                        0,
                        0.5,
                        0.5
                    ]
                },
                "east": {
                    "texture": "#mask-hazmat",
                    "uv": [
                        0,
                        0,
                        0.5,
                        0.5
                    ]
                },
                "south": {
                    "texture": "#mask-hazmat",
                    "uv": [
                        0,
                        0,
                        0.5,
                        0.5
                    ]
                },
                "west": {
                    "texture": "#mask-hazmat",
                    "uv": [
                        0,
                        0,
                        0.5,
                        0.5
                    ]
                },
                "up": {
                    "texture": "#mask-hazmat",
                    "uv": [
                        0,
                        0,
                        0.5,
                        0.5
                    ]
                },
                "down": {
                    "texture": "#mask-hazmat",
                    "uv": [
                        0,
                        0,
                        0.5,
                        0.5
                    ]
                }
            },
            "children": [
                {
                    "name": "L side",
                    "from": [
                        -0.8,
                        0,
                        -2.3
                    ],
                    "to": [
                        -0.3,
                        3.5,
                        0.2
                    ],
                    "rotationOrigin": [
                        -0.8,
                        0,
                        0.2
                    ],
                    "rotationY": -20,
                    "faces": {
                        "north": {
                            "texture": "#mask-hazmat",
                            "uv": [
                                0,
                                0,
                                0.5,
                                3.5
                            ]
                        },
                        "east": {
                            "texture": "#mask-hazmat",
                            "uv": [
                                5.5,
                                2,
                                8,
                                5.5
                            ]
                        },
                        "south": {
                            "texture": "#mask-hazmat",
                            "uv": [
                                0,
                                0,
                                0.5,
                                3.5
                            ]
                        },
                        "west": {
                            "texture": "#mask-hazmat",
                            "uv": [
                                5,
                                2,
                                7.5,
                                5.5
                            ]
                        },
                        "up": {
                            "texture": "#mask-hazmat",
                            "uv": [
                                0,
                                0,
                                0.5,
                                2.5
                            ]
                        },
                        "down": {
                            "texture": "#mask-hazmat",
                            "uv": [
                                0,
                                0,
                                0.5,
                                2.5
                            ]
                        }
                    },
                    "children": [
                        {
                            "name": "L string",
                            "from": [
                                0,
                                1,
                                -0.5
                            ],
                            "to": [
                                5.6,
                                1.5,
                                0
                            ],
                            "rotationOrigin": [
                                0,
                                1.5,
                                -0.5
                            ],
                            "rotationY": 21,
                            "rotationZ": -1,
                            "faces": {
                                "north": {
                                    "texture": "#mask-hazmat",
                                    "uv": [
                                        3,
                                        15.5,
                                        8.5,
                                        16
                                    ]
                                },
                                "east": {
                                    "texture": "#mask-hazmat",
                                    "uv": [
                                        13.5,
                                        15.5,
                                        14,
                                        16
                                    ]
                                },
                                "south": {
                                    "texture": "#mask-hazmat",
                                    "uv": [
                                        6.5,
                                        15.5,
                                        12,
                                        16
                                    ]
                                },
                                "west": {
                                    "texture": "#mask-hazmat",
                                    "uv": [
                                        8.5,
                                        15.5,
                                        9,
                                        16
                                    ]
                                },
                                "up": {
                                    "texture": "#mask-hazmat",
                                    "uv": [
                                        8.5,
                                        15.5,
                                        14,
                                        16
                                    ]
                                },
                                "down": {
                                    "texture": "#mask-hazmat",
                                    "uv": [
                                        5,
                                        15.5,
                                        10.5,
                                        16
                                    ]
                                }
                            }
                        },
                        {
                            "name": "horn",
                            "from": [
                                -2.8,
                                2.6,
                                0.9
                            ],
                            "to": [
                                0.2,
                                3.1,
                                1.4
                            ],
                            "rotationOrigin": [
                                0.2,
                                2.6,
                                0.9
                            ],
                            "rotationX": 10,
                            "rotationY": -20,
                            "rotationZ": -34,
                            "faces": {
                                "north": {
                                    "texture": "#mask-hazmat",
                                    "uv": [
                                        0,
                                        0,
                                        3,
                                        0.5
                                    ]
                                },
                                "east": {
                                    "texture": "#mask-hazmat",
                                    "uv": [
                                        0,
                                        0,
                                        0.5,
                                        0.5
                                    ]
                                },
                                "south": {
                                    "texture": "#mask-hazmat",
                                    "uv": [
                                        0,
                                        0,
                                        3,
                                        0.5
                                    ]
                                },
                                "west": {
                                    "texture": "#mask-hazmat",
                                    "uv": [
                                        0,
                                        0,
                                        0.5,
                                        0.5
                                    ]
                                },
                                "up": {
                                    "texture": "#mask-hazmat",
                                    "uv": [
                                        0,
                                        0,
                                        3,
                                        0.5
                                    ]
                                },
                                "down": {
                                    "texture": "#mask-hazmat",
                                    "uv": [
                                        0,
                                        0,
                                        3,
                                        0.5
                                    ]
                                }
                            },
                            "children": [
                                {
                                    "name": "Cube16",
                                    "from": [
                                        -1.5,
                                        0.5,
                                        0
                                    ],
                                    "to": [
                                        0.5,
                                        1,
                                        0.5
                                    ],
                                    "rotationOrigin": [
                                        0.5,
                                        0.5,
                                        0.3
                                    ],
                                    "rotationX": -16,
                                    "rotationZ": 77,
                                    "faces": {
                                        "north": {
                                            "texture": "#mask-hazmat",
                                            "uv": [
                                                0,
                                                0,
                                                2,
                                                0.5
                                            ]
                                        },
                                        "east": {
                                            "texture": "#mask-hazmat",
                                            "uv": [
                                                0,
                                                0,
                                                0.5,
                                                0.5
                                            ]
                                        },
                                        "south": {
                                            "texture": "#mask-hazmat",
                                            "uv": [
                                                0,
                                                0,
                                                2,
                                                0.5
                                            ]
                                        },
                                        "west": {
                                            "texture": "#mask-hazmat",
                                            "uv": [
                                                0,
                                                0,
                                                0.5,
                                                0.5
                                            ]
                                        },
                                        "up": {
                                            "texture": "#mask-hazmat",
                                            "uv": [
                                                0,
                                                0,
                                                2,
                                                0.5
                                            ]
                                        },
                                        "down": {
                                            "texture": "#mask-hazmat",
                                            "uv": [
                                                0,
                                                0,
                                                2,
                                                0.5
                                            ]
                                        }
                                    },
                                    "children": [
                                        {
                                            "name": "Cube17",
                                            "from": [
                                                -1.6,
                                                0.1,
                                                0
                                            ],
                                            "to": [
                                                0.4,
                                                0.6,
                                                0.5
                                            ],
                                            "rotationOrigin": [
                                                0.4,
                                                0.1,
                                                0.3
                                            ],
                                            "rotationX": -2,
                                            "rotationY": -5,
                                            "rotationZ": 41,
                                            "faces": {
                                                "north": {
                                                    "texture": "#mask-hazmat",
                                                    "uv": [
                                                        0,
                                                        0,
                                                        2,
                                                        0.5
                                                    ]
                                                },
                                                "east": {
                                                    "texture": "#mask-hazmat",
                                                    "uv": [
                                                        0,
                                                        0,
                                                        0.5,
                                                        0.5
                                                    ]
                                                },
                                                "south": {
                                                    "texture": "#mask-hazmat",
                                                    "uv": [
                                                        0,
                                                        0,
                                                        2,
                                                        0.5
                                                    ]
                                                },
                                                "west": {
                                                    "texture": "#mask-hazmat",
                                                    "uv": [
                                                        0,
                                                        0,
                                                        0.5,
                                                        0.5
                                                    ]
                                                },
                                                "up": {
                                                    "texture": "#mask-hazmat",
                                                    "uv": [
                                                        0,
                                                        0,
                                                        2,
                                                        0.5
                                                    ]
                                                },
                                                "down": {
                                                    "texture": "#mask-hazmat",
                                                    "uv": [
                                                        0,
                                                        0,
                                                        2,
                                                        0.5
                                                    ]
                                                }
                                            },
                                            "children": [
                                                {
                                                    "name": "Cube18",
                                                    "from": [
                                                        -1.7,
                                                        0,
                                                        0.1
                                                    ],
                                                    "to": [
                                                        0.3,
                                                        0.4,
                                                        0.5
                                                    ],
                                                    "rotationOrigin": [
                                                        0.3,
                                                        0,
                                                        0.4
                                                    ],
                                                    "rotationY": -6,
                                                    "rotationZ": 17,
                                                    "faces": {
                                                        "north": {
                                                            "texture": "#mask-hazmat",
                                                            "uv": [
                                                                14,
                                                                13.5,
                                                                14.5,
                                                                15.5
                                                            ],
                                                            "rotation": 90
                                                        },
                                                        "east": {
                                                            "texture": "#mask-hazmat",
                                                            "uv": [
                                                                4.5,
                                                                13,
                                                                5,
                                                                13.5
                                                            ]
                                                        },
                                                        "south": {
                                                            "texture": "#mask-hazmat",
                                                            "uv": [
                                                                14,
                                                                12.5,
                                                                14.5,
                                                                14.5
                                                            ],
                                                            "rotation": 90
                                                        },
                                                        "west": {
                                                            "texture": "#mask-hazmat",
                                                            "uv": [
                                                                14,
                                                                13.5,
                                                                14.5,
                                                                14
                                                            ]
                                                        },
                                                        "up": {
                                                            "texture": "#mask-hazmat",
                                                            "uv": [
                                                                14,
                                                                13.5,
                                                                16,
                                                                14
                                                            ]
                                                        },
                                                        "down": {
                                                            "texture": "#mask-hazmat",
                                                            "uv": [
                                                                12.5,
                                                                13.5,
                                                                14.5,
                                                                14
                                                            ]
                                                        }
                                                    }
                                                }
                                            ]
                                        }
                                    ]
                                }
                            ]
                        }
                    ]
                },
                {
                    "name": "R side",
                    "from": [
                        -0.8,
                        0,
                        0.2
                    ],
                    "to": [
                        -0.3,
                        3.5,
                        2.7
                    ],
                    "rotationOrigin": [
                        -0.8,
                        0,
                        0.2
                    ],
                    "rotationY": 20,
                    "faces": {
                        "north": {
                            "texture": "#mask-hazmat",
                            "uv": [
                                0,
                                0,
                                0.5,
                                3.5
                            ]
                        },
                        "east": {
                            "texture": "#mask-hazmat",
                            "uv": [
                                7,
                                2,
                                9.5,
                                5.5
                            ]
                        },
                        "south": {
                            "texture": "#mask-hazmat",
                            "uv": [
                                11.5,
                                0.5,
                                12,
                                4
                            ]
                        },
                        "west": {
                            "texture": "#mask-hazmat",
                            "uv": [
                                7.5,
                                2,
                                10,
                                5.5
                            ]
                        },
                        "up": {
                            "texture": "#mask-hazmat",
                            "uv": [
                                0,
                                0,
                                0.5,
                                2.5
                            ]
                        },
                        "down": {
                            "texture": "#mask-hazmat",
                            "uv": [
                                0,
                                0,
                                0.5,
                                2.5
                            ]
                        }
                    },
                    "children": [
                        {
                            "name": "R string",
                            "from": [
                                0.1,
                                1,
                                2.5
                            ],
                            "to": [
                                5.7,
                                1.5,
                                3
                            ],
                            "rotationOrigin": [
                                0.1,
                                1.5,
                                2.9
                            ],
                            "rotationY": -21,
                            "rotationZ": -1,
                            "faces": {
                                "north": {
                                    "texture": "#mask-hazmat",
                                    "uv": [
                                        4.5,
                                        15.5,
                                        10,
                                        16
                                    ]
                                },
                                "east": {
                                    "texture": "#mask-hazmat",
                                    "uv": [
                                        11,
                                        15.5,
                                        11.5,
                                        16
                                    ]
                                },
                                "south": {
                                    "texture": "#mask-hazmat",
                                    "uv": [
                                        6.5,
                                        15.5,
                                        12,
                                        16
                                    ]
                                },
                                "west": {
                                    "texture": "#mask-hazmat",
                                    "uv": [
                                        1,
                                        15.5,
                                        1.5,
                                        16
                                    ]
                                },
                                "up": {
                                    "texture": "#mask-hazmat",
                                    "uv": [
                                        6,
                                        15.5,
                                        11.5,
                                        16
                                    ]
                                },
                                "down": {
                                    "texture": "#mask-hazmat",
                                    "uv": [
                                        5.5,
                                        15.5,
                                        11,
                                        16
                                    ]
                                }
                            }
                        }
                    ]
                },
                {
                    "name": "L bottom tile",
                    "from": [
                        -0.7,
                        -0.9,
                        -2.1
                    ],
                    "to": [
                        -0.2,
                        0.1,
                        -0.1
                    ],
                    "rotationOrigin": [
                        -0.3,
                        0.1,
                        -0.1
                    ],
                    "rotationY": -20,
                    "rotationZ": 14,
                    "faces": {
                        "north": {
                            "texture": "#mask-hazmat",
                            "uv": [
                                0,
                                0,
                                0.5,
                                1
                            ]
                        },
                        "east": {
                            "texture": "#mask-hazmat",
                            "uv": [
                                0,
                                0,
                                2,
                                1
                            ]
                        },
                        "south": {
                            "texture": "#mask-hazmat",
                            "uv": [
                                7,
                                4.5,
                                7.5,
                                5.5
                            ]
                        },
                        "west": {
                            "texture": "#mask-hazmat",
                            "uv": [
                                5.5,
                                4.5,
                                7.5,
                                5.5
                            ]
                        },
                        "up": {
                            "texture": "#mask-hazmat",
                            "uv": [
                                0,
                                0,
                                0.5,
                                2
                            ]
                        },
                        "down": {
                            "texture": "#mask-hazmat",
                            "uv": [
                                0,
                                0,
                                0.5,
                                2
                            ]
                        }
                    },
                    "children": [
                        {
                            "name": "L bottom tile14",
                            "from": [
                                0,
                                -1,
                                0.5
                            ],
                            "to": [
                                0.5,
                                0,
                                1
                            ],
                            "rotationOrigin": [
                                0,
                                0,
                                1
                            ],
                            "faces": {
                                "north": {
                                    "texture": "#mask-hazmat",
                                    "uv": [
                                        0,
                                        0,
                                        0.5,
                                        1
                                    ]
                                },
                                "east": {
                                    "texture": "#mask-hazmat",
                                    "uv": [
                                        0,
                                        0,
                                        0.5,
                                        1
                                    ]
                                },
                                "south": {
                                    "texture": "#mask-hazmat",
                                    "uv": [
                                        0,
                                        0,
                                        0.5,
                                        1
                                    ]
                                },
                                "west": {
                                    "texture": "#mask-hazmat",
                                    "uv": [
                                        6,
                                        5,
                                        6.5,
                                        6
                                    ]
                                },
                                "up": {
                                    "texture": "#mask-hazmat",
                                    "uv": [
                                        0,
                                        0,
                                        0.5,
                                        0.5
                                    ]
                                },
                                "down": {
                                    "texture": "#mask-hazmat",
                                    "uv": [
                                        0,
                                        0,
                                        0.5,
                                        0.5
                                    ]
                                }
                            }
                        },
                        {
                            "name": "L bottom tile16",
                            "from": [
                                0,
                                -1.5,
                                1.5
                            ],
                            "to": [
                                0.5,
                                0,
                                2
                            ],
                            "rotationOrigin": [
                                0,
                                0,
                                2
                            ],
                            "faces": {
                                "north": {
                                    "texture": "#mask-hazmat",
                                    "uv": [
                                        0,
                                        0,
                                        0.5,
                                        1.5
                                    ]
                                },
                                "east": {
                                    "texture": "#mask-hazmat",
                                    "uv": [
                                        0,
                                        0,
                                        0.5,
                                        1.5
                                    ]
                                },
                                "south": {
                                    "texture": "#mask-hazmat",
                                    "uv": [
                                        0,
                                        0,
                                        0.5,
                                        1.5
                                    ]
                                },
                                "west": {
                                    "texture": "#mask-hazmat",
                                    "uv": [
                                        6,
                                        5,
                                        6.5,
                                        6.5
                                    ]
                                },
                                "up": {
                                    "texture": "#mask-hazmat",
                                    "uv": [
                                        0,
                                        0,
                                        0.5,
                                        0.5
                                    ]
                                },
                                "down": {
                                    "texture": "#mask-hazmat",
                                    "uv": [
                                        0,
                                        0,
                                        0.5,
                                        0.5
                                    ]
                                }
                            }
                        }
                    ]
                },
                {
                    "name": "R bottom tile",
                    "from": [
                        -0.7,
                        -0.9,
                        0.5
                    ],
                    "to": [
                        -0.2,
                        0.1,
                        2.5
                    ],
                    "rotationOrigin": [
                        -0.3,
                        0,
                        0.5
                    ],
                    "rotationY": 20,
                    "rotationZ": 14,
                    "faces": {
                        "north": {
                            "texture": "#mask-hazmat",
                            "uv": [
                                7.5,
                                4.5,
                                8,
                                5.5
                            ]
                        },
                        "east": {
                            "texture": "#mask-hazmat",
                            "uv": [
                                0,
                                0,
                                2,
                                1
                            ]
                        },
                        "south": {
                            "texture": "#mask-hazmat",
                            "uv": [
                                0,
                                0,
                                0.5,
                                1
                            ]
                        },
                        "west": {
                            "texture": "#mask-hazmat",
                            "uv": [
                                7.5,
                                4.5,
                                9.5,
                                5.5
                            ]
                        },
                        "up": {
                            "texture": "#mask-hazmat",
                            "uv": [
                                0,
                                0,
                                0.5,
                                2
                            ]
                        },
                        "down": {
                            "texture": "#mask-hazmat",
                            "uv": [
                                0,
                                0,
                                0.5,
                                2
                            ]
                        }
                    },
                    "children": [
                        {
                            "name": "R bottom tile15",
                            "from": [
                                0,
                                -1.5,
                                0
                            ],
                            "to": [
                                0.5,
                                0,
                                0.5
                            ],
                            "faces": {
                                "north": {
                                    "texture": "#mask-hazmat",
                                    "uv": [
                                        0,
                                        0,
                                        0.5,
                                        1.5
                                    ]
                                },
                                "east": {
                                    "texture": "#mask-hazmat",
                                    "uv": [
                                        0,
                                        0,
                                        0.5,
                                        1.5
                                    ]
                                },
                                "south": {
                                    "texture": "#mask-hazmat",
                                    "uv": [
                                        0,
                                        0,
                                        0.5,
                                        1.5
                                    ]
                                },
                                "west": {
                                    "texture": "#mask-hazmat",
                                    "uv": [
                                        7.5,
                                        5,
                                        8,
                                        6.5
                                    ]
                                },
                                "up": {
                                    "texture": "#mask-hazmat",
                                    "uv": [
                                        0,
                                        0,
                                        0.5,
                                        0.5
                                    ]
                                },
                                "down": {
                                    "texture": "#mask-hazmat",
                                    "uv": [
                                        0,
                                        0,
                                        0.5,
                                        0.5
                                    ]
                                }
                            }
                        },
                        {
                            "name": "R bottom tile17",
                            "from": [
                                0,
                                -1,
                                1
                            ],
                            "to": [
                                0.5,
                                0,
                                1.5
                            ],
                            "rotationOrigin": [
                                0,
                                0,
                                1
                            ],
                            "faces": {
                                "north": {
                                    "texture": "#mask-hazmat",
                                    "uv": [
                                        0,
                                        0,
                                        0.5,
                                        1
                                    ]
                                },
                                "east": {
                                    "texture": "#mask-hazmat",
                                    "uv": [
                                        0,
                                        0,
                                        0.5,
                                        1
                                    ]
                                },
                                "south": {
                                    "texture": "#mask-hazmat",
                                    "uv": [
                                        0,
                                        0,
                                        0.5,
                                        1
                                    ]
                                },
                                "west": {
                                    "texture": "#mask-hazmat",
                                    "uv": [
                                        7.5,
                                        5,
                                        8,
                                        6
                                    ]
                                },
                                "up": {
                                    "texture": "#mask-hazmat",
                                    "uv": [
                                        0,
                                        0,
                                        0.5,
                                        0.5
                                    ]
                                },
                                "down": {
                                    "texture": "#mask-hazmat",
                                    "uv": [
                                        0,
                                        0,
                                        0.5,
                                        0.5
                                    ]
                                }
                            }
                        }
                    ]
                },
                {
                    "name": "string back",
                    "from": [
                        5.8,
                        0.9,
                        -2.6
                    ],
                    "to": [
                        6.3,
                        1.4,
                        3
                    ],
                    "rotationOrigin": [
                        5.8,
                        1.4,
                        -0.2
                    ],
                    "rotationZ": 1,
                    "faces": {
                        "north": {
                            "texture": "#mask-hazmat",
                            "uv": [
                                0,
                                0,
                                0.5,
                                0.5
                            ]
                        },
                        "east": {
                            "texture": "#mask-hazmat",
                            "uv": [
                                0,
                                0,
                                5.5,
                                0.5
                            ]
                        },
                        "south": {
                            "texture": "#mask-hazmat",
                            "uv": [
                                0,
                                0,
                                0.5,
                                0.5
                            ]
                        },
                        "west": {
                            "texture": "#mask-hazmat",
                            "uv": [
                                0,
                                0,
                                5.5,
                                0.5
                            ]
                        },
                        "up": {
                            "texture": "#mask-hazmat",
                            "uv": [
                                0,
                                0,
                                0.5,
                                5.5
                            ]
                        },
                        "down": {
                            "texture": "#mask-hazmat",
                            "uv": [
                                0,
                                0,
                                0.5,
                                5.5
                            ]
                        }
                    }
                },
                {
                    "name": "nose",
                    "from": [
                        -0.1,
                        -0.5,
                        -0.8
                    ],
                    "to": [
                        0.4,
                        0,
                        1.2
                    ],
                    "rotationOrigin": [
                        0.4,
                        0,
                        0.2
                    ],
                    "rotationZ": 9,
                    "faces": {
                        "north": {
                            "texture": "#mask-hazmat",
                            "uv": [
                                7,
                                5.5,
                                7.5,
                                6
                            ]
                        },
                        "east": {
                            "texture": "#mask-hazmat",
                            "uv": [
                                6.5,
                                5,
                                8.5,
                                5.5
                            ]
                        },
                        "south": {
                            "texture": "#mask-hazmat",
                            "uv": [
                                7.5,
                                5,
                                8,
                                5.5
                            ]
                        },
                        "west": {
                            "texture": "#mask-hazmat",
                            "uv": [
                                6.5,
                                5,
                                8.5,
                                5.5
                            ]
                        },
                        "up": {
                            "texture": "#mask-hazmat",
                            "uv": [
                                6,
                                6,
                                8,
                                6.5
                            ],
                            "rotation": 90
                        },
                        "down": {
                            "texture": "#mask-hazmat",
                            "uv": [
                                13.5,
                                13.5,
                                15.5,
                                14
                            ],
                            "rotation": 90
                        }
                    }
                }
            ]
        }
    ],
    "animations": [
        {
            "name": "Walk",
            "code": "walk",
            "quantityframes": 25,
            "onActivityStopped": "Rewind",
            "onAnimationEnd": "Repeat",
            "keyframes": []
        }
    ]
}