{
	code: "becdecorbinhead",
	variantgroups: [ { code: "metal", states: ["iron","meteoriciron","steel"]}, ],
	shape: { base: "shapes/polearms/becdecorbin" },
	textures: { 
	"metal": {base: "game:block/metal/ingot/{metal}"},
	"metal2": {base: "game:block/transparent"},
	"handle": {base: "game:block/transparent"},
	},
	creativeinventory: { "general": ["*"], "swordz": ["*"]},
	fpHandTransform: {
		translation: { x: -0.1, y: -0.9, z: 0.2 },
		rotation: { x: -2, y: 142, z: 80 },
		scaleXyz: { x: -3.2, y: 3.2, z: 3.2 }
	},
	guiTransform: {
		translation: { x: -16, y: 21, z: 0 },
		rotation: { x: -65, y: -49, z: -180 },
		origin: { x: 0.65, y: 0.1, z: 0.45 },
		scaleXyz: { x: -3.2, y: 3.2, z: 3.2 }
	},
	tpHandTransform: {
		translation: { x: 0.9, y: 0.01, z: -0.49 },
		rotation: { x: 180, y: 0, z: 0 },
		origin: { x: 0, y: 0, z: 0 },
		scale: 0.8
	},
	groundTransform: {
		translation: { x: 0, y: 0, z: 0 },
		rotation: { x: 90, y: 0, z: 0 },
		origin: { x: 0.5, y: 0.5, z: 0.5299 },
		scale: 3.2
	},
}