{
	code: "pilahead",
	variantgroups: [ { code: "metal", states: ["iron","meteoriciron","steel"]}, ],
	shape: { base: "polearms/pila" },
	textures: { 
	"metal": {base: "game:block/metal/ingot/{metal}"},
	"metaltwo": {base: "game:block/transparent" },	
	"handle": {base: "game:block/transparent"}
	},
	creativeinventory: { "general": ["*"], "swordz": ["*"]},
	fpHandTransform: {
	translation: { x: 1.3, y: -0.9, z: 0.2 },
		rotation: { x: 0, y: 65, z: 80 },
		scaleXyz: { x: -3.2, y: 3.2, z: 3.2 }
	},
	guiTransform: {
		translation: { x: 22, y: 28, z: 0 },
		rotation: { x: 0, y: 0, z: -45 },
		origin: { x: 0.65, y: 0.1, z: 0.45 },
		scaleXyz: { x: -1.9, y: 1.9, z: 1.9 }
	},
	tpHandTransform: {
		translation: { x: 0.8, y: 0.01, z: 0.51 },
		rotation: { x: 0, y: 0, z: 0 },
		origin: { x: 0, y: 0, z: 0 },
		scale: 0.8	
	},
	groundTransform: {
		translation: { x: 0, y: 0, z: 0 },
		rotation: { x: 90, y: 0, z: 0 },
		origin: { x: 0.5, y: 0.5, z: 0.5299 },
		scale: 3.2
	},
}