{
	"editor": {
		"allAngles": false,
		"entityTextureMode": true
	},
	"textureWidth": 64,
	"textureHeight": 64,
	"textureSizes": {
	},
	"textures": {
	},
	"elements": [
		{
			"name": "ArmorUpperArmR",
			"stepParentName": "UpperArmR",
			"from": [ -0.15, -0.15, -0.225 ],
			"to": [ 2.325, 5.4, 1.575 ],
			"autoUnwrap": false,
			"uv": [ 47.0, 34.5 ],
			"rotationOrigin": [ -0.15, -0.15, -0.225 ],
			"faces": {
				"north": { "texture": "#blackguard", "uv": [ 45.0, 44.0, 48.0, 51.0 ], "autoUv": false },
				"east": { "texture": "#blackguard", "uv": [ 43.0, 44.0, 45.0, 51.0 ], "autoUv": false },
				"south": { "texture": "#blackguard", "uv": [ 50.0, 44.0, 53.0, 51.0 ], "autoUv": false },
				"west": { "texture": "#blackguard", "uv": [ 48.0, 44.0, 50.0, 51.0 ], "autoUv": false },
				"up": { "texture": "#blackguard", "uv": [ 45.0, 42.0, 48.0, 44.0 ], "autoUv": false },
				"down": { "texture": "#blackguard", "uv": [ 48.0, 51.0, 51.0, 53.0 ], "autoUv": false }
			}
		},
		{
			"name": "ArmorUpperArmL",
			"stepParentName": "UpperArmL",
			"from": [ -0.15, -0.15, -0.075 ],
			"to": [ 2.325, 5.4, 1.725 ],
			"autoUnwrap": false,
			"uv": [ 33.0, 37.5 ],
			"rotationOrigin": [ -0.15, -0.15, -0.075 ],
			"faces": {
				"north": { "texture": "#blackguard", "uv": [ 39.0, 44.0, 42.0, 51.0 ], "autoUv": false },
				"east": { "texture": "#blackguard", "uv": [ 37.0, 44.0, 39.0, 51.0 ], "autoUv": false },
				"south": { "texture": "#blackguard", "uv": [ 34.0, 44.0, 37.0, 51.0 ], "autoUv": false },
				"west": { "texture": "#blackguard", "uv": [ 32.0, 44.0, 34.0, 51.0 ], "autoUv": false },
				"up": { "texture": "#blackguard", "uv": [ 34.0, 42.0, 37.0, 44.0 ], "autoUv": false },
				"down": { "texture": "#blackguard", "uv": [ 37.0, 51.0, 40.0, 53.0 ], "autoUv": false }
			},
			"children": [
				{
					"name": "ArmorPauldronL",
					"from": [ -0.225, 2.25, 0.675 ],
					"to": [ 2.625, 6.0, 2.175 ],
					"autoUnwrap": false,
					"uv": [ 19.5, 13.0 ],
					"rotationOrigin": [ -0.225, 2.25, 0.675 ],
					"faces": {
						"north": { "texture": "#blackguard", "uv": [ 7.5, 14.0, 11.0, 19.0 ], "autoUv": false },
						"east": { "texture": "#blackguard", "uv": [ 5.5, 14.0, 7.5, 19.0 ], "autoUv": false },
						"south": { "texture": "#blackguard", "uv": [ 2.0, 14.0, 5.5, 19.0 ], "autoUv": false },
						"west": { "texture": "#blackguard", "uv": [ 0.0, 14.0, 2.0, 19.0 ], "autoUv": false },
						"up": { "texture": "#blackguard", "uv": [ 2.0, 12.0, 5.5, 14.0 ], "autoUv": false },
						"down": { "texture": "#blackguard", "uv": [ 2.0, 19.0, 5.5, 21.0 ], "rotation": 180, "autoUv": false }
					}
				}
			]
		},
		{
			"name": "ArmorLowerArmL",
			"stepParentName": "LowerArmL",
			"from": [ -0.15, -0.15, -0.1875 ],
			"to": [ 2.025, 6.15, 1.7625 ],
			"autoUnwrap": false,
			"uv": [ 32.5, 44.5 ],
			"rotationOrigin": [ -0.15, -0.15, -0.225 ],
			"faces": {
				"north": { "texture": "#blackguard", "uv": [ 39.5, 53.5, 42.0, 61.5 ], "autoUv": false },
				"east": { "texture": "#blackguard", "uv": [ 37.0, 53.5, 39.5, 61.5 ], "autoUv": false },
				"south": { "texture": "#blackguard", "uv": [ 34.5, 53.5, 37.0, 61.5 ], "autoUv": false },
				"west": { "texture": "#blackguard", "uv": [ 32.0, 53.5, 34.5, 61.5 ], "autoUv": false },
				"up": { "texture": "#blackguard", "uv": [ 34.5, 51.0, 37.0, 53.5 ], "autoUv": false },
				"down": { "texture": "#blackguard", "uv": [ 34.5, 61.5, 37.0, 64.0 ], "autoUv": false }
			},
			"children": [
				{
					"name": "ArmorElbowSideL",
					"from": [ 0.45, 4.2, 1.8 ],
					"to": [ 2.7, 6.45, 2.175 ],
					"autoUnwrap": false,
					"uv": [ 23.0, 16.5 ],
					"rotationOrigin": [ 0.45, 4.2, 1.8 ],
					"faces": {
						"north": { "texture": "#blackguard", "uv": [ 26.0, 12.5, 29.0, 15.5 ], "autoUv": false },
						"east": { "texture": "#blackguard", "uv": [ 25.5, 12.5, 26.0, 15.5 ], "autoUv": false },
						"south": { "texture": "#blackguard", "uv": [ 22.5, 12.5, 25.5, 15.5 ], "autoUv": false },
						"west": { "texture": "#blackguard", "uv": [ 22.0, 12.5, 22.5, 15.5 ], "autoUv": false },
						"up": { "texture": "#blackguard", "uv": [ 22.5, 12.0, 25.5, 12.5 ], "autoUv": false },
						"down": { "texture": "#blackguard", "uv": [ 22.5, 15.5, 25.5, 16.0 ], "rotation": 180, "autoUv": false }
					}
				},
				{
					"name": "ArmorElbowL",
					"from": [ 1.5, 4.575, 0.3 ],
					"to": [ 3.0, 6.075, 1.8 ],
					"autoUnwrap": false,
					"uv": [ 11.0, 19.0 ],
					"rotationOrigin": [ 2.25, 5.325, 1.05 ],
					"rotationZ": 45.0,
					"faces": {
						"north": { "texture": "#blackguard", "uv": [ 19.5, 19.5, 21.5, 21.5 ], "autoUv": false },
						"east": { "texture": "#blackguard", "uv": [ 17.5, 19.5, 19.5, 21.5 ], "autoUv": false },
						"south": { "texture": "#blackguard", "uv": [ 15.5, 19.5, 17.5, 21.5 ], "autoUv": false },
						"west": { "texture": "#blackguard", "uv": [ 21.5, 19.5, 23.5, 21.5 ], "autoUv": false },
						"up": { "texture": "#blackguard", "uv": [ 17.5, 17.5, 19.5, 19.5 ], "autoUv": false },
						"down": { "texture": "#blackguard", "uv": [ 19.5, 17.5, 21.5, 19.5 ], "rotation": 180, "autoUv": false }
					}
				},
				{
					"name": "ArmorHandL",
					"from": [ -0.225, -0.15, 0.6 ],
					"to": [ 2.4, 2.4, 2.1 ],
					"autoUnwrap": false,
					"uv": [ 32.0, 40.0 ],
					"rotationOrigin": [ -0.225, -0.15, 0.6 ],
					"faces": {
						"north": { "texture": "#blackguard", "uv": [ 18.5, 14.0, 22.0, 17.0 ], "autoUv": false },
						"east": { "texture": "#blackguard", "uv": [ 11.0, 14.0, 13.0, 17.0 ], "autoUv": false },
						"south": { "texture": "#blackguard", "uv": [ 13.0, 14.0, 16.5, 17.0 ], "autoUv": false },
						"west": { "texture": "#blackguard", "uv": [ 16.5, 14.0, 18.5, 17.0 ], "autoUv": false },
						"up": { "texture": "#blackguard", "uv": [ 13.0, 12.0, 16.5, 14.0 ], "autoUv": false },
						"down": { "texture": "#blackguard", "uv": [ 13.0, 17.0, 16.5, 19.0 ], "rotation": 180, "autoUv": false }
					}
				}
			]
		},
		{
			"name": "ArmorUpperTorso",
			"stepParentName": "UpperTorso",
			"from": [ -0.375, -0.15, -0.3 ],
			"to": [ 4.125, 3.9, 4.95 ],
			"autoUnwrap": false,
			"uv": [ 35.0, 0.0 ],
			"rotationOrigin": [ -0.375, -0.15, -0.3 ],
			"faces": {
				"north": { "texture": "#blackguard", "uv": [ 38.0, 6.0, 44.0, 11.0 ], "autoUv": false },
				"east": { "texture": "#blackguard", "uv": [ 57.0, 6.0, 64.0, 11.0 ], "autoUv": false },
				"south": { "texture": "#blackguard", "uv": [ 51.0, 6.0, 57.0, 11.0 ], "autoUv": false },
				"west": { "texture": "#blackguard", "uv": [ 44.0, 6.0, 51.0, 11.0 ], "autoUv": false },
				"up": { "texture": "#blackguard", "uv": [ 44.0, 0.0, 51.0, 6.0 ], "rotation": 90, "autoUv": false },
				"down": { "texture": "#blackguard", "uv": [ 51.0, 0.0, 58.0, 6.0 ], "rotation": 90, "autoUv": false }
			},
			"children": [
				{
					"name": "ArmorCollarR",
					"from": [ 0.9, 4.05, 0.15 ],
					"to": [ 3.9, 6.525, 0.75 ],
					"autoUnwrap": false,
					"uv": [ 19.0, 0.0 ],
					"rotationOrigin": [ 2.175, 4.05, 0.45 ],
					"rotationX": -10.0,
					"faces": {
						"north": { "texture": "#blackguard", "uv": [ 40.0, 3.0, 44.0, 6.0 ], "autoUv": false },
						"south": { "texture": "#blackguard", "uv": [ 35.5, 3.0, 39.5, 6.0 ], "autoUv": false },
						"west": { "texture": "#blackguard", "uv": [ 39.5, 3.0, 40.0, 6.0 ], "rotation": 180, "autoUv": false },
						"up": { "texture": "#blackguard", "uv": [ 31.5, 1.0, 35.5, 1.5 ], "autoUv": false }
					}
				},
				{
					"name": "ArmorCollarL",
					"from": [ 0.9, 4.05, 4.5 ],
					"to": [ 3.9, 6.525, 5.1 ],
					"autoUnwrap": false,
					"uv": [ 30.0, -0.5 ],
					"rotationOrigin": [ 2.175, 4.05, 4.8 ],
					"rotationX": 10.0,
					"faces": {
						"north": { "texture": "#blackguard", "uv": [ 35.5, 0.0, 39.5, 3.0 ], "rotation": 180, "autoUv": false },
						"south": { "texture": "#blackguard", "uv": [ 40.0, 0.0, 44.0, 3.0 ], "autoUv": false },
						"west": { "texture": "#blackguard", "uv": [ 39.5, 0.0, 40.0, 3.0 ], "rotation": 180, "autoUv": false },
						"up": { "texture": "#blackguard", "uv": [ 31.5, 0.0, 35.5, 0.5 ], "autoUv": false }
					}
				},
				{
					"name": "ArmorCollarRear",
					"from": [ 3.9, 4.05, 0.15 ],
					"to": [ 4.5, 6.525, 5.1 ],
					"autoUnwrap": false,
					"uv": [ 22.0, 0.5 ],
					"rotationOrigin": [ 3.9, 4.05, 2.325 ],
					"rotationZ": -10.0,
					"faces": {
						"north": { "texture": "#blackguard", "uv": [ 37.5, 7.5, 38.0, 10.5 ], "rotation": 180, "autoUv": false },
						"east": { "texture": "#blackguard", "uv": [ 31.0, 7.5, 37.5, 10.5 ], "autoUv": false },
						"south": { "texture": "#blackguard", "uv": [ 30.5, 7.5, 31.0, 10.5 ], "autoUv": false },
						"west": { "texture": "#blackguard", "uv": [ 24.0, 7.5, 30.5, 10.5 ], "autoUv": false },
						"up": { "texture": "#blackguard", "uv": [ 31.0, 7.0, 37.5, 7.5 ], "rotation": 90, "autoUv": false }
					}
				}
			]
		},
		{
			"name": "ArmorLowerTorso",
			"stepParentName": "LowerTorso",
			"from": [ -0.225, -0.375, -0.225 ],
			"to": [ 3.975, 3.825, 4.725 ],
			"autoUnwrap": false,
			"uv": [ 39.5, 8.0 ],
			"rotationOrigin": [ -0.225, -0.375, -0.225 ],
			"faces": {
				"north": { "texture": "#blackguard", "uv": [ 40.0, 11.0, 45.5, 16.5 ], "autoUv": false },
				"east": { "texture": "#blackguard", "uv": [ 57.5, 11.0, 64.0, 16.5 ], "autoUv": false },
				"south": { "texture": "#blackguard", "uv": [ 52.0, 11.0, 57.5, 16.5 ], "autoUv": false },
				"west": { "texture": "#blackguard", "uv": [ 45.5, 11.0, 52.0, 16.5 ], "autoUv": false },
				"up": { "texture": "#blackguard", "uv": [ 51.0, 16.5, 57.5, 22.0 ], "rotation": 90, "autoUv": false },
				"down": { "texture": "#blackguard", "uv": [ 57.5, 16.5, 64.0, 22.0 ], "rotation": 90, "autoUv": false }
			}
		},
		{
			"name": "ArmorLowerArmR",
			"stepParentName": "LowerArmR",
			"from": [ -0.15, -0.225, -0.1875 ],
			"to": [ 2.025, 6.075, 1.6875 ],
			"autoUnwrap": false,
			"uv": [ 50.5, 40.0 ],
			"rotationOrigin": [ -0.15, -0.225, -0.3 ],
			"faces": {
				"north": { "texture": "#blackguard", "uv": [ 45.5, 53.5, 48.0, 61.5 ], "autoUv": false },
				"east": { "texture": "#blackguard", "uv": [ 43.0, 53.5, 45.5, 61.5 ], "autoUv": false },
				"south": { "texture": "#blackguard", "uv": [ 50.5, 53.5, 53.0, 61.5 ], "autoUv": false },
				"west": { "texture": "#blackguard", "uv": [ 48.0, 53.5, 50.5, 61.5 ], "autoUv": false },
				"up": { "texture": "#blackguard", "uv": [ 45.5, 51.0, 48.0, 53.5 ], "autoUv": false },
				"down": { "texture": "#blackguard", "uv": [ 45.5, 61.5, 48.0, 64.0 ], "autoUv": false }
			},
			"children": [
				{
					"name": "ArmorLowerArmBand",
					"from": [ -0.225, 4.5, -0.225 ],
					"to": [ 2.325, 5.25, 2.1 ],
					"autoUnwrap": false,
					"uv": [ 44.0, 33.5 ],
					"rotationOrigin": [ -0.225, 4.5, -0.225 ],
					"faces": {
						"north": { "texture": "#blackguard", "uv": [ 51.0, 61.5, 54.0, 62.5 ], "autoUv": false },
						"east": { "texture": "#blackguard", "uv": [ 48.0, 61.5, 51.0, 62.5 ], "autoUv": false },
						"south": { "texture": "#blackguard", "uv": [ 57.0, 61.5, 60.0, 62.5 ], "autoUv": false },
						"west": { "texture": "#blackguard", "uv": [ 54.0, 61.5, 57.0, 62.5 ], "autoUv": false },
						"up": { "texture": "#blackguard", "uv": [ 53.0, 58.5, 56.0, 61.5 ], "autoUv": false },
						"down": { "texture": "#blackguard", "uv": [ 56.0, 58.5, 59.0, 61.5 ], "autoUv": false }
					}
				}
			]
		},
		{
			"name": "ArmorCoatR",
			"stepParentName": "UpperFootR",
			"from": [ -0.525, -0.6, -0.2625 ],
			"to": [ 3.675, 5.4, 2.3625 ],
			"autoUnwrap": false,
			"uv": [ 26.0, 21.5 ],
			"rotationOrigin": [ -0.525, -0.6, -0.375 ],
			"faces": {
				"north": { "texture": "#blackguard", "uv": [ 18.5, 25.0, 24.0, 33.0 ], "autoUv": false },
				"east": { "texture": "#blackguard", "uv": [ 33.0, 25.0, 36.5, 33.0 ], "autoUv": false },
				"south": { "texture": "#blackguard", "uv": [ 27.5, 25.0, 33.0, 33.0 ], "autoUv": false },
				"west": { "texture": "#blackguard", "uv": [ 24.0, 25.0, 27.5, 33.0 ], "autoUv": false },
				"up": { "texture": "#blackguard", "uv": [ 24.0, 19.5, 27.5, 25.0 ], "rotation": 90, "autoUv": false },
				"down": { "texture": "#blackguard", "uv": [ 27.5, 21.5, 33.0, 25.0 ], "autoUv": false }
			}
		},
		{
			"name": "ArmorCoatL",
			"stepParentName": "UpperFootL",
			"from": [ -0.525, -0.6, 0.0375 ],
			"to": [ 3.675, 5.4, 2.6625 ],
			"autoUnwrap": false,
			"uv": [ 0.0, 23.0 ],
			"rotationOrigin": [ -0.525, -0.6, -0.075 ],
			"faces": {
				"north": { "texture": "#blackguard", "uv": [ 0.0, 25.0, 5.5, 33.0 ], "autoUv": false },
				"east": { "texture": "#blackguard", "uv": [ 14.5, 25.0, 18.0, 33.0 ], "autoUv": false },
				"south": { "texture": "#blackguard", "uv": [ 9.0, 25.0, 14.5, 33.0 ], "autoUv": false },
				"west": { "texture": "#blackguard", "uv": [ 5.5, 25.0, 9.0, 33.0 ], "autoUv": false },
				"up": { "texture": "#blackguard", "uv": [ 5.5, 19.5, 9.0, 25.0 ], "rotation": 90, "autoUv": false },
				"down": { "texture": "#blackguard", "uv": [ 9.0, 21.5, 14.5, 25.0 ], "autoUv": false }
			}
		},
		{
			"name": "ArmorUpperLegR",
			"stepParentName": "UpperFootR",
			"from": [ -0.15, -0.375, -0.225 ],
			"to": [ 3.3, 5.25, 2.625 ],
			"autoUnwrap": false,
			"uv": [ 16.0, 33.0 ],
			"rotationOrigin": [ -0.15, -0.375, -0.225 ],
			"faces": {
				"north": { "texture": "#blackguard", "uv": [ 16.0, 36.5, 20.5, 44.0 ], "autoUv": false },
				"east": { "texture": "#blackguard", "uv": [ 28.5, 36.5, 32.0, 44.0 ], "autoUv": false },
				"south": { "texture": "#blackguard", "uv": [ 24.0, 36.5, 28.5, 44.0 ], "autoUv": false },
				"west": { "texture": "#blackguard", "uv": [ 20.5, 36.5, 24.0, 44.0 ], "autoUv": false },
				"up": { "texture": "#blackguard", "uv": [ 16.0, 33.0, 20.5, 36.5 ], "autoUv": false },
				"down": { "texture": "#blackguard", "uv": [ 24.0, 33.0, 28.5, 36.5 ], "autoUv": false }
			}
		},
		{
			"name": "ArmorUpperLegL",
			"stepParentName": "UpperFootL",
			"from": [ -0.15, -0.375, -0.225 ],
			"to": [ 3.3, 5.25, 2.625 ],
			"autoUnwrap": false,
			"uv": [ 0.0, 33.0 ],
			"rotationOrigin": [ -0.15, -0.375, -0.225 ],
			"faces": {
				"north": { "texture": "#blackguard", "uv": [ 0.0, 36.5, 4.5, 44.0 ], "autoUv": false },
				"east": { "texture": "#blackguard", "uv": [ 12.5, 36.5, 16.0, 44.0 ], "autoUv": false },
				"south": { "texture": "#blackguard", "uv": [ 8.0, 36.5, 12.5, 44.0 ], "autoUv": false },
				"west": { "texture": "#blackguard", "uv": [ 4.5, 36.5, 8.0, 44.0 ], "autoUv": false },
				"up": { "texture": "#blackguard", "uv": [ 0.0, 33.0, 4.5, 36.5 ], "autoUv": false },
				"down": { "texture": "#blackguard", "uv": [ 8.0, 33.0, 12.5, 36.5 ], "autoUv": false }
			}
		}
	]}