{
	"editor": {
		"allAngles": false,
		"entityTextureMode": true
	},
	"textureWidth": 64,
	"textureHeight": 64,
	"textureSizes": {
	},
	"textures": {
	},
	"elements": [
		{
			"name": "ArmorUpperLegR",
			"stepParentName": "UpperFootR",
			"from": [ -0.15, -0.375, -0.225 ],
			"to": [ 3.3, 5.25, 2.625 ],
			"autoUnwrap": false,
			"uv": [ 16.0, 33.0 ],
			"rotationOrigin": [ -0.15, -0.375, -0.225 ],
			"faces": {
				"north": { "texture": "#blackguard", "uv": [ 16.0, 36.5, 19.375, 42.125 ] },
				"east": { "texture": "#blackguard", "uv": [ 28.5, 36.5, 31.125, 42.125 ] },
				"south": { "texture": "#blackguard", "uv": [ 24.0, 36.5, 27.375, 42.125 ] },
				"west": { "texture": "#blackguard", "uv": [ 20.5, 36.5, 23.125, 42.125 ] },
				"up": { "texture": "#blackguard", "uv": [ 16.0, 33.0, 19.375, 35.625 ] },
				"down": { "texture": "#blackguard", "uv": [ 24.0, 33.0, 27.375, 35.625 ] }
			}
		},
		{
			"name": "ArmorUpperLegL",
			"stepParentName": "UpperFootL",
			"from": [ -0.15, -0.375, -0.225 ],
			"to": [ 3.3, 5.25, 2.625 ],
			"autoUnwrap": false,
			"uv": [ 0.0, 33.0 ],
			"rotationOrigin": [ -0.15, -0.375, -0.225 ],
			"faces": {
				"north": { "texture": "#blackguard", "uv": [ 0.0, 36.5, 4.5, 44.0 ], "autoUv": false },
				"east": { "texture": "#blackguard", "uv": [ 12.5, 36.5, 16.0, 44.0 ], "autoUv": false },
				"south": { "texture": "#blackguard", "uv": [ 8.0, 36.5, 12.5, 44.0 ], "autoUv": false },
				"west": { "texture": "#blackguard", "uv": [ 4.5, 36.5, 8.0, 44.0 ], "autoUv": false },
				"up": { "texture": "#blackguard", "uv": [ 0.0, 33.0, 4.5, 36.5 ], "autoUv": false },
				"down": { "texture": "#blackguard", "uv": [ 8.0, 33.0, 12.5, 36.5 ], "autoUv": false }
			}
		},
		{
			"name": "ArmorLowerLegR",
			"stepParentName": "LowerFootR",
			"from": [ -0.225, -0.15, -0.1875 ],
			"to": [ 3.15, 6.975, 2.4375 ],
			"autoUnwrap": false,
			"uv": [ 16.0, 44.0 ],
			"rotationOrigin": [ -0.225, -0.15, -0.3 ],
			"faces": {
				"north": { "texture": "#blackguard", "uv": [ 16.0, 47.5, 20.5, 57.0 ], "autoUv": false },
				"east": { "texture": "#blackguard", "uv": [ 28.5, 47.5, 32.0, 57.0 ], "autoUv": false },
				"south": { "texture": "#blackguard", "uv": [ 24.0, 47.5, 28.5, 57.0 ], "autoUv": false },
				"west": { "texture": "#blackguard", "uv": [ 20.5, 47.5, 24.0, 57.0 ], "autoUv": false },
				"up": { "texture": "#blackguard", "uv": [ 16.0, 44.0, 20.5, 47.5 ], "autoUv": false },
				"down": { "texture": "#blackguard", "uv": [ 24.0, 44.0, 28.5, 47.5 ], "autoUv": false }
			}
		},
		{
			"name": "ArmorLowerLegL",
			"stepParentName": "LowerFootL",
			"from": [ -0.225, -0.15, -0.1875 ],
			"to": [ 3.15, 6.975, 2.4375 ],
			"autoUnwrap": false,
			"uv": [ 0.0, 44.0 ],
			"rotationOrigin": [ -0.225, -0.15, -0.3 ],
			"faces": {
				"north": { "texture": "#blackguard", "uv": [ 0.0, 47.5, 4.5, 57.0 ], "autoUv": false },
				"east": { "texture": "#blackguard", "uv": [ 12.5, 47.5, 16.0, 57.0 ], "autoUv": false },
				"south": { "texture": "#blackguard", "uv": [ 8.0, 47.5, 12.5, 57.0 ], "autoUv": false },
				"west": { "texture": "#blackguard", "uv": [ 4.5, 47.5, 8.0, 57.0 ], "autoUv": false },
				"up": { "texture": "#blackguard", "uv": [ 0.0, 44.0, 4.5, 47.5 ], "autoUv": false },
				"down": { "texture": "#blackguard", "uv": [ 8.0, 44.0, 12.5, 47.5 ], "autoUv": false }
			},
			"children": [
				{
					"name": "ArmorLowerLegKnee",
					"from": [ -0.45, 5.925, -0.15 ],
					"to": [ 1.8, 7.425, 2.7 ],
					"autoUnwrap": false,
					"uv": [ 43.0, 33.5 ],
					"rotationOrigin": [ -0.45, 5.925, -0.15 ],
					"faces": {
						"north": { "texture": "#blackguard", "uv": [ 17.5, 57.0, 20.5, 59.0 ], "autoUv": false },
						"east": { "texture": "#blackguard", "uv": [ 27.0, 57.0, 30.5, 59.0 ], "autoUv": false },
						"south": { "texture": "#blackguard", "uv": [ 24.0, 57.0, 27.0, 59.0 ], "autoUv": false },
						"west": { "texture": "#blackguard", "uv": [ 20.5, 57.0, 24.0, 59.0 ], "autoUv": false },
						"up": { "texture": "#blackguard", "uv": [ 10.5, 57.0, 14.0, 60.0 ], "rotation": 90, "autoUv": false },
						"down": { "texture": "#blackguard", "uv": [ 14.0, 57.0, 17.5, 60.0 ], "rotation": 270, "autoUv": false }
					}
				}
			]
		}
	]}