{  	"enabled":true,
	"code": "cuttermattock",
	"damagedby": ["blockbreaking", "attacking"],
	"tool": "axe",
	"class": "ItemAxe",
	"attributes": {
		handbook: {groupBy: ["cuttermattock-*"],excludeByType: {},
		},
		toolrackTransformByType: {
			"*": {
				rotation: { y: 1, z: -1 },
				translation: { x: -0.3, y: 0.6 },
				scale: 1.25,
			}
		},
		"groundStorageTransform": {
				"translation": { x: 0, y: 0.19, z: -0.125 },
				"rotation": { x: 26, y: 88, z: -87 },
				"scale": 0.88
		}
	},
	"behaviors": [{ "name": "GroundStorable",
		"properties": {
			"layout": 'WallHalves',
			"wallOffYByType": {
				"*": 1
			},
			"sprintKey": true,
			"selectionBox": { x1: 0, y1: 0, z1: 0, x2: 1, y2: 0.1, z2: 1 },
			"collisionBox": { x1: 0, y1: 0, z1: 0, x2: 0, y2: 0, z2: 0 },
		}
	}, { "name": "AnimationAuthoritative", "properties": { "onlyOnEntity": true } }],
	"variantgroups": [ { "code": "material", "states": ["tinbronze","bismuthbronze","iron","steel","stainlesssteel","titanium", "mithril", "adamant", "orichalcum","aithril" ] } ],
	"skipVariants": [],
	"shape": { base: "swordz:misc/cuttermattock"},
	"heldTpHitAnimation": "axechop",
	"heldRightReadyAnimation": "axeready",
	"texturesByType": { 
	"cuttermattock-*": { 
	"material": { "base": "game:block/metal/ingot/{material}" } , "handle": { "base": "game:item/tool/material/handle" }
	} },
	"attackRange": 2,
	"tooltierbytype": {
		"*-tinbronze": 3,
		"*-bismuthbronze": 3,
		"*-iron": 4,
		"*-steel": 5,
		"*-stainlesssteel": 6,
		"*-titanium": 7,
		"*-mithril": 8,
		"*-adamant": 9,
		"*-orichalcum": 10,
		"*-aithril": 10,
	},
	"miningspeedbytype": {
		"cuttermattock-tinbronze": {
			"wood": 4.3,
			"plant": 3.3,
			"leaves": 2.5,
			"soil": 4,
			"sand": 4,
			"gravel": 2.8,
			"snow": 2.8
		},		
		"cuttermattock-bismuthbronze": {
			"wood": 4,
			"plant": 3,
			"leaves": 2,
			"soil": 3.8,
			"sand": 3.8,
			"gravel": 2.5,
			"snow": 2.5
		},		
		"cuttermattock-iron": {
			"wood": 6,
			"plant": 4,
			"leaves": 3,
			"soil": 4.5,
			"sand": 4.5,
			"gravel": 3.2,
			"snow": 3.2	
		},		
		"cuttermattock-steel": {
			"wood": 8,
			"plant": 5,
			"leaves": 3.5,
			"soil": 5.5,
			"sand": 5.5,
			"gravel": 3.5,
			"snow": 3.5		
		},
		"cuttermattock-stainlesssteel": {
			"wood": 9,
			"plant": 6,
			"leaves": 4,
			"soil": 6,
			"sand": 6,
			"gravel": 4,
			"snow": 4
		},
		"cuttermattock-titanium": {
			"wood": 10,
			"plant": 7,
			"leaves": 4.5,
			"soil": 7,
			"sand": 7,
			"gravel": 4.2,
			"snow": 4.2
		},
		"cuttermattock-mithril": {
			"wood": 12,
			"plant": 8,
			"leaves": 5,
			"soil": 8,
			"sand": 8,
			"gravel": 4.5,
			"snow": 4.5
		},
		"cuttermattock-adamant": {
			"wood": 13,
			"plant": 9,
			"leaves": 6,
			"soil": 8.5,
			"sand": 8.5,
			"gravel": 5,
			"snow": 5
		},
		"cuttermattock-orichalcum": {
			"wood": 14,
			"plant": 10,
			"leaves": 7,
			"soil": 9,
			"sand": 9,
			"gravel": 5.4,
			"snow": 5.4
		},
		"cuttermattock-aithril": {
			"wood": 15,
			"plant": 10.5,
			"leaves": 8,
			"soil": 9.4,
			"sand": 9.4,
			"gravel": 5.8,
			"snow": 5.8
		}
	},
	"durabilitybytype": {
		"cuttermattock-tinbronze": 420,
		"cuttermattock-bismuthbronze": 440,		
		"cuttermattock-iron": 850,
		"cuttermattock-steel": 1750,
		"cuttermattock-stainlesssteel": 2000,
		"cuttermattock-titanium": 2500,
		"cuttermattock-mithril": 3500,
		"cuttermattock-adamant": 4500,
		"cuttermattock-orichalcum": 5500,
		"cuttermattock-aithril": 6000
	},
	"attackpowerbytype": {
		"cuttermattock-tinbronze": 2.75,
		"cuttermattock-bismuthbronze": 2.5,		
		"cuttermattock-iron": 3,
		"cuttermattock-steel": 4,	
		"cuttermattock-stainlesssteel": 4,
		"cuttermattock-titanium": 4.25,
		"cuttermattock-mithril": 4.5,
		"cuttermattock-adamant": 4.75,
		"cuttermattock-orichalcum": 5,
		"cuttermattock-aithril": 5.5
	},
	"creativeinventory": { "general": ["*"], "items": ["*"], "tools": ["*"], "swordz": ["*"] },
	"fpHandTransform": {
		translation: { x: -0.3, y: -0.5, z: 0.3 },
		rotation: { x: -29, y: 1, z: 88 },
		origin: { x: 0.2, y: 0.5, z: 0.5 },
		scale: 2.5
	},
	"guiTransformByType": {
		"*": {
			translation: { x: 0, y: 0, z: 0 },
			rotation: { x: -63, y: -123, z: -180 },
			origin: { x: 0.61, y: 0, z: 0.47 },
			scale: 1.58
		}
	},
	"groundTransformByType": {
		"*": {
			translation: { x: 0, y: 0, z: 0 },
			rotation: { x: 0, y: 0, z: 0 },
			origin: { x: 0.5, y: 0, z: 0.5 },
			scale: 3.6
		}
	},
	"tpHandTransformByType": {
		"*": {
			translation: { x: -0.43, y: -0.52, z: -0.07 },
			rotation: { x: 90, y: 0, z: 0 },
			scale: 0.95
		}
	}
}