{	enabled:true,
	code: "prospectingpick",
	storageFlags: 5,
	class: "ItemProspectingPick",
	attributes: {
		handbook: {
			groupBy: ["prospectingpick-*"],
			excludeByType: {},
		},
		toolrackTransform: {
			rotation: { y: 1, z: -1 },
			translation: { x: -0.3, y: 0.6 },
			scale: 1.25,
		},
		groundStorageTransform: {
			translation: { x: 0, y: 0.1, z: -0.085 },
			rotation: { x: 26, y: 88, z: -87 },
			scale: 0.88
		},
		slotRefillIdentifier: "propick"
	},
	behaviors: [{ 
		name: "GroundStorable",
		properties: {
			layout: 'WallHalves',
			wallOffY: 1,
			sprintKey: true,
			selectionBox: { x1: 0, y1: 0, z1: 0, x2: 1, y2: 0.1, z2: 1 },
			collisionBox: { x1: 0, y1: 0, z1: 0, x2: 0, y2: 0, z2: 0 },
		}
	}],
	variantgroups: [ { code: "metal", states: ["stainlesssteel", "titanium", "mithril", "adamant", "orichalcum","aithril"] }, ],
	skipVariants: [],
	tool: "pickaxe",
	damagedby: ["blockbreaking", "attacking"],
	shape: { base: "game:item/tool/prospectingpick" },
	heldTpHitAnimation: "smithing",
	texturesByType: {
		"*": {
			"metal": { base: "game:block/metal/ingot/{metal}" },
			"handle": { base: "game:item/tool/material/wood" } 
		}
	},
	tooltierbytype: {
		"*-stainlesssteel": 6,
		"*-titanium": 7,
		"*-mithril": 8,
		"*-adamant": 9,
		"*-orichalcum": 10,
		"*-aithril": 10,
	},
	miningspeedbytype: {
		"prospectingpick-stainlesssteel": {
			"stone": 5.75,
			"ore": 5.75,
			"metal": 5.75
		},
		"prospectingpick-titanium": {
			"stone": 6,
			"ore": 6,
			"metal": 6
		},
		"prospectingpick-mithril": {
			"stone": 6.5,
			"ore": 6.5,
			"metal": 6.5
		},
		"prospectingpick-adamant": {
			"stone": 7,
			"ore": 7,
			"metal": 7
		},
		"prospectingpick-orichalcum": {
			"stone": 8,
			"ore": 8,
			"metal": 8
		},
		"prospectingpick-aithril": {
			"stone": 8.5,
			"ore": 8.5,
			"metal": 8.5
		},
	},
	attackpowerbytype: {
		"prospectingpick-stainlesssteel": 2.75,
		"prospectingpick-titanium": 3,
		"prospectingpick-mithril": 3.25,
		"prospectingpick-adamant": 3.5,
		"prospectingpick-orichalcum": 4,
		"prospectingpick-aithril": 4.25
	},
	durabilitybytype: {
		"prospectingpick-stainlesssteel": 1625,
		"prospectingpick-titanium": 2250,
		"prospectingpick-mithril": 3000,
		"prospectingpick-adamant": 4000,
		"prospectingpick-orichalcum": 5500,
		"prospectingpick-aithril": 6000
	},
	creativeinventory: { "general": ["*"], "items": ["*"], "tools": ["*"], "swordz": ["*"] },
	fpHandTransform: {
		translation: { x: -0.4, y: -0.4, z: 0.6 },
		rotation: { x: -46, y: 12, z: 90 },
		origin: { x: 0.1, y: 0.5, z: 0.5 },
		scale: 2.5
	},
	guiTransform: {
		translation: { x: 0, y: 0, z: 0 },
		rotation: { x: 107, y: -58, z: -16 },
		origin: { x: 0.44, y: 0.3, z: 0.42 },
		scale: 1.68
	},
	groundTransform: {
		translation: { x: 0.3, y: 0.4, z: -0.2 },
		rotation: { x: 0, y: 0, z: 0 },
		origin: { x: 0.5, y: 0.45, z: 0.5 },
		scale: 3.6
	},
	tpHandTransform: {
		translation: { x: -0.78, y: -0.53, z: -0.11 },
		rotation: { x: 90, y: 0, z: -2 },
		scale: 0.9
	}
}