{
	code: "shears",
	class: "ItemShears",
	damagedby: ["blockbreaking", "attacking"],
	tool: "shears",
	attributes: {
		handbook: {
			groupBy: ["shears-*"],
			excludeByType: {},
		},
		toolrackTransform: {
			translation: { y: 0.7 },
			rotation: { y: 180 },
			scale: 1.5
		},
		groundStorageTransform: {
			translation: { x: 0, y: -0.005, z: 0.035 },
			rotation: { x: 26, y: 88, z: -87 },
			scale: 0.88
		}
	},
	behaviors: [{ 
		name: "GroundStorable",
		properties: {
			layout: 'WallHalves',
			wallOffY: 1,
			sprintKey: true,
			selectionBox: { x1: 0, y1: 0, z1: 0, x2: 1, y2: 0.1, z2: 1 },
			collisionBox: { x1: 0, y1: 0, z1: 0, x2: 0, y2: 0, z2: 0 },
		}
	}],
	variantgroups: [ { code: "metal", states: ["stainlesssteel", "titanium", "mithril", "adamant", "orichalcum","aithril" ] }, ],
	skipVariants: [],
	shape: { base: "game:item/tool/shears" },
	heldTpHitAnimation: "shears",
	textures: { "metal": { base: "game:block/metal/ingot/{metal}" } },
//	Why do steel shears have a 3.5 damage value? They're SHEARS, not a weapon, I'm not giving any higher numbers on these things for damages.
	attackpowerbytype: {
		"shears-stainlesssteel": 3.5,
		"shears-titanium": 3.5,
		"shears-mithril": 3.5,
		"shears-adamant": 3.5,
		"shears-orichalcum": 3.5,
		"shears-aithril":3.5,
	},
	durabilitybytype: {
		"shears-stainlesssteel": 10500,
		"shears-titanium": 12000,
		"shears-mithril": 15000,
		"shears-adamant": 17500,
		"shears-orichalcum": 20000,
		"shears-aithril": 21250,
	},
	creativeinventory: { "general": ["*"], "items": ["*"], "tools": ["*"], "swordz": ["*"] },
	guiTransform: {
		translation: { x: 0.5, y: 0, z: 0 },
		rotation: { x: -89, y: 45, z: 33 },
		origin: { x: 0.85, y: 0.4, z: 0.48 },
		scale: 2.5
	},
	fpHandTransform: {
		translation: { x: -0.24, y: 0.1, z: 0.1 },
		rotation: { x: -35, y: 15, z: 90 },
		scale: 2.45
	},
	groundTransform: {
		translation: { x: 0, y: 0, z: 0 },
		rotation: { x: 0, y: 0, z: 0 },
		origin: { x: 0.5, y: 0, z: 0.5 },
		scale: 3.6
	},
	tpHandTransform: {
		translation: { x: -0.9, y: -0.11, z: -0.35 },
		rotation: { x: -10, y: 0, z: -25 },
		origin: { x: 0.68, y: 0, z: 0.42 },
		scale: 1
	}
}