{
	code: "wrench",
	class: "ItemWrench",
	storageFlags: 257,
	attributes: {
		toolrackTransform: {
			translation: { x: 0, y: 0.75, z: 0 },
			rotation: { x: 0, y: 1, z: -1 },
			scale: 1.5
		},
		groundStorageTransform: {
			translation: { x: 0, y: -0.05, z: 0.02 },
			rotation: { x: 26, y: 90, z: -90 },
			scale: 0.88
		},
		handbook: {
			groupBy: ["wrench-*"],
			excludeByType: {},
		}
	},
	behaviors: [{ 
		name: "GroundStorable",
		properties: {
			layout: 'WallHalves',
			wallOffY: 1,
			sprintKey: true,
			selectionBox: { x1: 0, y1: 0, z1: 0, x2: 1, y2: 0.1, z2: 1 },
			collisionBox: { x1: 0, y1: 0, z1: 0, x2: 0, y2: 0, z2: 0 },
		}
	}],
	variantgroups: [
		{ code: "metal", states: ["stainlesssteel", "titanium", "mithril", "adamant", "orichalcum","aithril" ] },
	],
	skipVariants: [],
	tool: "wrench",
	damagedby: ["blockbreaking", "attacking"],
	heldTpHitAnimation: "smithing",
	shape: { base: "game:item/tool/wrench" },
	texturesByType: {
		"*": {
			"metal": { base: "game:block/metal/ingot/{metal}" },
			"wood": { base: "game:item/tool/material/wood" } 
		}
	},
	tooltierbytype: {
		"*-stainlesssteel": 6,
		"*-titanium": 7,
		"*-mithril": 8,
		"*-adamant": 9,
		"*-orichalcum": 10,
		"*-aithril": 10,
	},
	durabilitybytype: {
		"wrench-stainlesssteel": 5500,
		"wrench-titanium": 7000,
		"wrench-mithril": 8500,
		"wrench-adamant": 10000,
		"wrench-orichalcum": 12500,
		"wrench-aithril": 13000,
	},
	attackpowerbytype: {
		"wrench-stainlesssteel": 2.75,
		"wrench-titanium": 3,
		"wrench-mithril": 3.5,
		"wrench-adamant": 3.75,
		"wrench-orichalcum": 4,
		"wrench-aithril": 4.25
	},
	creativeinventory: { "general": ["*"], "items": ["*"], "tools": ["*"] },
	fpHandTransform: {
		translation: { x: 0, y: 0.4, z: 0 },
		rotation: { x: -33, y: 6, z: 90 },
		origin: { x: 0.5, y: 0, z: 0.5 },
		scale: 2.75
	},
	guiTransform: {
		translation: { x: 0, y: 0, z: 0 },
		rotation: { x: -58, y: 46, z: 8 },
		origin: { x: 0.53, y: 0, z: 0.48 },
		scale: 2.6
	},
	groundTransform: {
		translation: { x: 0, y: 0, z: 0 },
		rotation: { x: 0, y: 0, z: 0 },
		origin: { x: 0.5, y: 0, z: 0.5 },
		scale: 4.5
	},
	tpHandTransform: {
		translation: { x: -0.85, y: -0.68, z: -0.22 },
		rotation: { x: 90, y: 1, z: 0 },
		scale: 0.7
	}
}