{
	code: "hide",
	variantgroups: [
		{ "code": "creature", "states": [ "seraph" ] },
		{ code: "type", states: [ "raw", "soaked", "scraped", "prepared", "salted"] },
		{ code: "size", states: ["medium"] },
	],
	skipVariants: [
	], 
	behaviors: [
		{ name: "GroundStorable", properties: { layout: 'SingleCenter', collisionBox: { x1: 0, y1: 0, z1: 0, x2: 1, y2: 0.1, z2: 1 } } }
	],
	attributes: {
		handbook: {
			groupBy: ["hide-seraph-{type}-*"]
		}
	},
	"shapeByType": {
		"hide-seraph-raw-*": { base: "cannibalism:item/resource/hide/{size}1" },
		"hide-seraph-soaked-*": { base: "cannibalism:item/resource/hide/{size}1" },
		"hide-seraph-scraped-*": { base: "game:item/resource/hide/{size}2" },
		"hide-seraph-prepared-*": { base: "game:item/resource/hide/{size}2" },
		"hide-seraph-salted-*": { base: "cannibalism:item/resource/hide/{size}1" }
	},
	"texturesByType": {
		"hide-seraph-raw-*": { "furside": { "base": "cannibalism:item/resource/hide/raw" }, "fleshside": { "base": "cannibalism:item/resource/hide/flesh" }},
		"hide-seraph-soaked-*": { "furside": { "base": "cannibalism:item/resource/hide/soaked" }, "fleshside": { "base": "cannibalism:item/resource/hide/flesh" }},
		"hide-seraph-scraped-*": { "furside": { "base": "game:item/resource/hide/scraped" }, "fleshside": { "base": "game:item/resource/hide/scraped" }},
		"hide-seraph-prepared-*": { "furside": { "base": "game:item/resource/hide/prepared" }, "fleshside": { "base": "game:item/resource/hide/prepared" }},
		"hide-seraph-salted-*": { "furside": { "base": "cannibalism:item/resource/hide/salted" }, "fleshside": { "base": "cannibalism:item/resource/hide/flesh" }}
		},
	creativeinventory: { "general": ["*"], "items": ["*"] },	materialDensity: 620,
	maxstacksizeByType: {
		"*-medium": 32
	},
	transitionablePropsByType: {
		"hide-seraph-raw-*": [
			{
				type: "Perish",
				freshHours: { avg: 120 },
				transitionHours: { avg: 24 },
				transitionedStack: { type: "item", code: "game:rot" },
				"transitionRatioByType": {
					"*-medium": 2
				}
			}
		],
		"hide-seraph-salted-*": [
			{
				type: "Perish",
				freshHours: { avg: 2000 },
				transitionHours: { avg: 592 },
				transitionedStack: { type: "item", code: "game:rot" },
				"transitionRatioByType": {
					"*-medium": 2
				}
			}
		]
	},
	tpHandTransformbyType: {
		"*-medium": {
			translation: { x: -1.26, y: -0.2, z: -1.24 },
			rotation: { x: 0, y: 90, z: -77 },
			origin: { x: 0.5, y: 0, z: 0.5 },
			scale: 0.4
		}
	},
	guiTransformByType: {
		"*-medium": {
			rotation: { x: 90, y: 0.0, z: 0.0 },
			origin: { x: 0.5, y: 0.5, z: 0.5 },
			scale: 0.8
		}
	},
	groundTransformByType: {
		"*-medium": {
			origin: { x: 0.5, y: 0, z: 0.5 },
			rotation: { x: 0, y: 0, z: 0 },
			scale: 4
		}
	},
	fpHandTransformByType: {
		"*-medium": {
			scale: 0.85
		}
	}
}