{
	"editor": {
		"collapsedPaths": "Root/origin/handle1/hilt1,Root/origin/blademiddle1/blade1S,Root/origin/shaft1/socket/quillon1,Root/origin/blademiddle1/fuller1S,Root/origin/blademiddle1/fuller1N,Root/origin/blademiddle1/blade1N,Root/origin/Ricasso/Central Band,Root/origin/hilt/blademiddle1,Root/origin/shaft1/socket/shaft/blade1S,Root/origin/handle/hilt,Root/origin/blademiddle1/blade1S/blade2S,Root/origin/blademiddle1/blade1N/blade2N,Root/origin/shaft1/socket/shaft/blade1N",
		"allAngles": false,
		"entityTextureMode": false
	},
	"textureWidth": 16,
	"textureHeight": 16,
	"textureSizes": {
		"metal": [16,16],
		"wood": [16,16],
		"handle": [16,16]
	},
	"textures": {
	},
	"elements": [
		{
			"name": "origin",
			"from": [ 8.0, 0.0, 8.0 ],
			"to": [ 8.0, 0.0, 8.0 ],
			"rotationOrigin": [ 8.0, 0.0, 8.0 ],
			"faces": {
			},
			"children": [
				{
					"name": "shaft1",
					"from": [ -8.0, -0.7, -0.75 ],
					"to": [ 8.0, 0.8, 0.75 ],
					"rotationOrigin": [ 0.0, 0.05, 0.0 ],
					"faces": {
						"north": { "texture": "#handle", "uv": [ 0.0, 7.0, 16.0, 8.5 ] },
						"south": { "texture": "#handle", "uv": [ 0.0, 2.0, 16.0, 3.5 ] },
						"up": { "texture": "#handle", "uv": [ 0.0, 3.0, 16.0, 4.5 ] },
						"down": { "texture": "#handle", "uv": [ 0.0, 12.0, 16.0, 13.5 ] }
					},
					"children": [
						{
							"name": "socket",
							"from": [ 16.0, -0.1, -0.1 ],
							"to": [ 19.0, 1.6, 1.6 ],
							"rotationOrigin": [ 17.0, 0.75, 0.75 ],
							"rotationX": 90.0,
							"faces": {
								"north": { "texture": "#metal", "uv": [ 9.5, 5.5, 12.5, 7.0 ] },
								"east": { "texture": "#metal", "uv": [ 11.0, 1.5, 12.5, 3.0 ] },
								"south": { "texture": "#metal", "uv": [ 5.0, 8.5, 8.0, 10.0 ] },
								"west": { "texture": "#metal", "uv": [ 8.5, 12.5, 10.0, 14.0 ] },
								"up": { "texture": "#metal", "uv": [ 8.0, 5.0, 11.0, 6.5 ] },
								"down": { "texture": "#metal", "uv": [ 11.5, 13.0, 14.5, 14.5 ] }
							},
							"children": [
								{
									"name": "shaft",
									"from": [ 3.0, 0.3, 0.3 ],
									"to": [ 6.0, 1.4, 1.4 ],
									"rotationOrigin": [ 3.0, 0.85, 0.85 ],
									"faces": {
										"north": { "texture": "#metal", "uv": [ 9.0, 14.5, 12.0, 15.5 ] },
										"east": { "texture": "#metal", "uv": [ 1.0, 6.5, 2.0, 7.5 ] },
										"south": { "texture": "#metal", "uv": [ 9.0, 5.0, 12.0, 6.0 ] },
										"up": { "texture": "#metal", "uv": [ 5.5, 2.5, 8.5, 3.5 ] },
										"down": { "texture": "#metal", "uv": [ 12.5, 11.5, 15.5, 12.5 ] }
									},
									"children": [
										{
											"name": "headmiddle1",
											"from": [ 2.95, 0.35, 0.175 ],
											"to": [ 7.45, 0.725, 0.925 ],
											"rotationOrigin": [ 2.95, 0.475, 0.5125 ],
											"faces": {
												"north": { "texture": "#metal", "uv": [ 1.5, 0.5, 6.0, 1.0 ] },
												"east": { "texture": "#metal", "uv": [ 1.0, 3.0, 1.5, 3.5 ], "windMode": [-1,-1,-1,-1] },
												"south": { "texture": "#metal", "uv": [ 9.5, 0.0, 14.0, 0.5 ] },
												"up": { "texture": "#metal", "uv": [ 2.0, 14.5, 6.5, 15.0 ] },
												"down": { "texture": "#metal", "uv": [ 9.5, 11.0, 14.0, 11.5 ] }
											},
											"children": [
												{
													"name": "tip",
													"from": [ 4.7985, 0.1125, 0.0075 ],
													"to": [ 5.5485, 0.2625, 0.7575 ],
													"rotationOrigin": [ 5.175, 0.1875, 0.375 ],
													"rotationY": -45.0,
													"faces": {
														"north": { "texture": "#metal", "uv": [ 1.0, 1.5, 1.75, 1.875 ] },
														"east": { "texture": "#metal", "uv": [ 9.5, 10.0, 10.25, 10.375 ] },
														"south": { "texture": "#metal", "uv": [ 14.0, 11.0, 14.75, 11.375 ] },
														"west": { "texture": "#metal", "uv": [ 10.5, 0.0, 11.25, 0.375 ] },
														"up": { "texture": "#metal", "uv": [ 3.5, 7.0, 4.25, 7.75 ] },
														"down": { "texture": "#metal", "uv": [ 13.0, 6.5, 13.75, 7.25 ] }
													}
												},
												{
													"name": "blade1N",
													"from": [ -0.75, 0.1125, -0.7875 ],
													"to": [ 0.75, 0.2625, 0.3375 ],
													"rotationOrigin": [ 0.0, 0.1875, -0.0375 ],
													"rotationY": 45.0,
													"faces": {
														"north": { "texture": "#metal", "uv": [ 10.0, 10.5, 11.5, 10.875 ] },
														"south": { "texture": "#metal", "uv": [ 12.0, 0.0, 13.5, 0.375 ], "windMode": [-1,-1,-1,-1] },
														"west": { "texture": "#metal", "uv": [ 10.0, 2.5, 11.125, 2.875 ], "windMode": [-1,-1,-1,-1] },
														"up": { "texture": "#metal", "uv": [ 8.0, 2.0, 9.5, 3.125 ] },
														"down": { "texture": "#metal", "uv": [ 4.0, 0.0, 5.5, 1.125 ] }
													},
													"children": [
														{
															"name": "blade2N",
															"from": [ 0.525, 0.0075, 0.15 ],
															"to": [ 1.575, 0.1575, 5.4 ],
															"rotationOrigin": [ 1.275, 0.075, 0.15 ],
															"rotationY": 34.3,
															"faces": {
																"east": { "texture": "#metal", "uv": [ 2.5, 5.5, 7.75, 5.875 ] },
																"south": { "texture": "#metal", "uv": [ 0.0, 0.0, 0.75, 0.375 ] },
																"west": { "texture": "#metal", "uv": [ 6.0, 11.5, 11.25, 11.875 ], "windMode": [-1,-1,-1,-1] },
																"up": { "texture": "#metal", "uv": [ 3.5, 8.5, 4.25, 13.75 ] },
																"down": { "texture": "#metal", "uv": [ 12.0, 1.5, 12.75, 6.75 ] }
															}
														}
													]
												},
												{
													"name": "blade1S",
													"from": [ -0.75, 0.1125, 0.4125 ],
													"to": [ 0.75, 0.2625, 1.5375 ],
													"rotationOrigin": [ 0.0, 0.1875, 0.7875 ],
													"rotationY": -45.0,
													"faces": {
														"north": { "texture": "#metal", "uv": [ 2.0, 2.5, 3.5, 2.875 ], "windMode": [-1,-1,-1,-1] },
														"south": { "texture": "#metal", "uv": [ 0.0, 14.0, 1.5, 14.375 ], "windMode": [-1,-1,-1,-1] },
														"west": { "texture": "#metal", "uv": [ 6.5, 8.0, 7.625, 8.375 ] },
														"up": { "texture": "#metal", "uv": [ 4.5, 3.0, 6.0, 4.125 ] },
														"down": { "texture": "#metal", "uv": [ 12.5, 14.0, 14.0, 15.125 ] }
													},
													"children": [
														{
															"name": "blade2S",
															"from": [ 0.5325, -0.0075, -4.305 ],
															"to": [ 1.5825, 0.1425, 0.945 ],
															"rotationOrigin": [ 1.275, 0.075, 0.9 ],
															"rotationY": -34.8,
															"faces": {
																"east": { "texture": "#metal", "uv": [ 2.0, 2.5, 7.25, 2.875 ], "windMode": [-1,-1,-1,-1] },
																"south": { "texture": "#metal", "uv": [ 5.5, 9.0, 6.25, 9.375 ] },
																"west": { "texture": "#metal", "uv": [ 2.5, 1.0, 7.75, 1.375 ], "windMode": [-1,-1,-1,-1] },
																"up": { "texture": "#metal", "uv": [ 14.5, 6.0, 15.25, 11.25 ] },
																"down": { "texture": "#metal", "uv": [ 12.5, 7.5, 13.25, 12.75 ] }
															}
														}
													]
												}
											]
										}
									]
								},
								{
									"name": "quillon1",
									"from": [ 1.1, 0.6, -2.7 ],
									"to": [ 1.8, 1.1, 4.3 ],
									"rotationOrigin": [ 0.1, 0.0, -2.7 ],
									"faces": {
										"north": { "texture": "#metal", "uv": [ 6.0, 13.0, 6.5, 13.5 ] },
										"east": { "texture": "#metal", "uv": [ 0.0, 4.0, 7.0, 4.5 ] },
										"south": { "texture": "#metal", "uv": [ 9.0, 15.0, 9.5, 15.5 ] },
										"west": { "texture": "#metal", "uv": [ 6.0, 11.0, 13.0, 11.5 ] },
										"up": { "texture": "#metal", "uv": [ 7.0, 8.0, 7.5, 15.0 ] },
										"down": { "texture": "#metal", "uv": [ 7.5, 8.0, 8.0, 15.0 ] }
									},
									"children": [
										{
											"name": "quillonsupport2",
											"from": [ -0.6, 0.15, 4.2 ],
											"to": [ 0.4, 0.35, 5.2 ],
											"rotationOrigin": [ 0.4, 0.25, 4.7 ],
											"rotationY": -45.0,
											"faces": {
												"north": { "texture": "#metal", "uv": [ 2.0, 2.5, 3.0, 3.0 ] },
												"south": { "texture": "#metal", "uv": [ 0.0, 14.0, 1.0, 14.5 ] },
												"west": { "texture": "#metal", "uv": [ 6.5, 8.0, 7.5, 8.5 ] },
												"up": { "texture": "#metal", "uv": [ 4.5, 3.0, 5.5, 4.0 ] },
												"down": { "texture": "#metal", "uv": [ 12.5, 14.0, 13.5, 15.0 ] }
											}
										},
										{
											"name": "quillonsupport1",
											"from": [ -0.6, 0.15, 2.6 ],
											"to": [ 0.4, 0.35, 3.6 ],
											"rotationOrigin": [ 0.4, 0.25, 3.1 ],
											"rotationY": -45.0,
											"faces": {
												"north": { "texture": "#metal", "uv": [ 2.0, 2.5, 3.0, 3.0 ] },
												"south": { "texture": "#metal", "uv": [ 0.0, 14.0, 1.0, 14.5 ] },
												"west": { "texture": "#metal", "uv": [ 6.5, 8.0, 7.5, 8.5 ] },
												"up": { "texture": "#metal", "uv": [ 4.5, 3.0, 5.5, 4.0 ] },
												"down": { "texture": "#metal", "uv": [ 12.5, 14.0, 13.5, 15.0 ] }
											}
										}
									]
								}
							]
						},
						{
							"name": "shaft2",
							"from": [ -16.0, 0.0, 0.0 ],
							"to": [ 0.0, 1.5, 1.5 ],
							"rotationOrigin": [ 0.0, 0.75, 0.75 ],
							"faces": {
								"north": { "texture": "#handle", "uv": [ 0.0, 7.0, 16.0, 8.5 ] },
								"south": { "texture": "#handle", "uv": [ 0.0, 6.0, 16.0, 7.5 ] },
								"up": { "texture": "#handle", "uv": [ 0.0, 0.0, 16.0, 1.5 ] },
								"down": { "texture": "#handle", "uv": [ 0.0, 1.0, 16.0, 2.5 ] }
							},
							"children": [
								{
									"name": "shaft3",
									"from": [ -8.0, 0.0, 0.0 ],
									"to": [ 0.0, 1.5, 1.5 ],
									"rotationOrigin": [ 0.0, 0.75, 0.75 ],
									"faces": {
										"north": { "texture": "#handle", "uv": [ 2.5, 11.5, 10.5, 13.0 ] },
										"east": { "texture": "#handle", "uv": [ 7.0, 12.5, 8.5, 14.0 ] },
										"south": { "texture": "#handle", "uv": [ 2.0, 1.5, 10.0, 3.0 ] },
										"west": { "texture": "#handle", "uv": [ 0.5, 13.5, 2.0, 15.0 ] },
										"up": { "texture": "#handle", "uv": [ 7.5, 9.5, 15.5, 11.0 ] },
										"down": { "texture": "#handle", "uv": [ 6.0, 8.0, 14.0, 9.5 ] }
									}
								}
							]
						}
					]
				}
			]
		}
	]}