{
	"editor": {
		"collapsedPaths": "Root/origin/handle,Root/origin/Pick,Root/origin/handle1/socket1,Root/origin/handle1/handle2",
		"allAngles": false,
		"entityTextureMode": false
	},
	"textureWidth": 16,
	"textureHeight": 16,
	"textureSizes": {
		"metal": [16,16],
		"wood": [16,16],
		"handle": [16,16]
	},
	"textures": {
	},
	"elements": [
		{
			"name": "origin",
			"from": [ 8.0, 0.0, 8.0 ],
			"to": [ 8.0, 0.0, 8.0 ],
			"rotationOrigin": [ 8.0, 0.0, 8.0 ],
			"rotationX": -90.0,
			"faces": {
			},
			"children": [
				{
					"name": "handle1",
					"from": [ 0.0, -0.75, -0.75 ],
					"to": [ 16.0, 0.75, 0.75 ],
					"faces": {
						"north": { "texture": "#handle", "uv": [ 0.0, 12.5, 16.0, 14.0 ] },
						"east": { "texture": "#handle", "uv": [ 8.5, 13.5, 10.0, 15.0 ] },
						"south": { "texture": "#handle", "uv": [ 0.0, 11.5, 16.0, 13.0 ] },
						"up": { "texture": "#handle", "uv": [ 0.0, 0.0, 16.0, 1.5 ] },
						"down": { "texture": "#handle", "uv": [ 0.0, 8.5, 16.0, 10.0 ] }
					},
					"children": [
						{
							"name": "handle2",
							"from": [ -16.0, 0.0, 0.0 ],
							"to": [ 0.0, 1.5, 1.5 ],
							"rotationOrigin": [ 0.0, 0.75, 0.75 ],
							"faces": {
								"north": { "texture": "#handle", "uv": [ 0.0, 14.0, 16.0, 15.5 ] },
								"south": { "texture": "#handle", "uv": [ 0.0, 4.5, 16.0, 6.0 ] },
								"up": { "texture": "#handle", "uv": [ 0.0, 4.0, 16.0, 5.5 ] },
								"down": { "texture": "#handle", "uv": [ 0.0, 4.5, 16.0, 6.0 ] }
							},
							"children": [
								{
									"name": "handle3",
									"from": [ -8.0, 0.0, 0.0 ],
									"to": [ 0.0, 1.5, 1.5 ],
									"rotationOrigin": [ 0.0, 0.75, 0.75 ],
									"faces": {
										"north": { "texture": "#handle", "uv": [ 7.5, 6.0, 15.5, 7.5 ] },
										"east": { "texture": "#handle", "uv": [ 6.0, 4.5, 7.5, 6.0 ] },
										"south": { "texture": "#handle", "uv": [ 4.0, 3.5, 12.0, 5.0 ] },
										"west": { "texture": "#handle", "uv": [ 8.5, 4.5, 10.0, 6.0 ] },
										"up": { "texture": "#handle", "uv": [ 2.5, 13.0, 10.5, 14.5 ] },
										"down": { "texture": "#handle", "uv": [ 4.5, 5.5, 12.5, 7.0 ] }
									}
								}
							]
						},
						{
							"name": "socket1",
							"from": [ 13.9, -0.2, -0.2 ],
							"to": [ 16.1, 1.7, 1.7 ],
							"rotationOrigin": [ 13.9, 0.75, 0.75 ],
							"faces": {
								"north": { "texture": "#metal", "uv": [ 7.0, 11.5, 9.0, 13.0 ] },
								"east": { "texture": "#metal", "uv": [ 0.5, 8.5, 2.0, 10.0 ] },
								"south": { "texture": "#metal", "uv": [ 13.5, 1.0, 15.5, 2.5 ] },
								"west": { "texture": "#metal", "uv": [ 0.0, 12.5, 1.5, 14.0 ] },
								"up": { "texture": "#metal", "uv": [ 8.0, 0.5, 10.0, 2.0 ] },
								"down": { "texture": "#metal", "uv": [ 6.5, 14.0, 8.5, 15.5 ] }
							},
							"children": [
								{
									"name": "head1",
									"from": [ 0.1, -2.0, 0.75 ],
									"to": [ 2.1, 1.0, 1.25 ],
									"rotationOrigin": [ 5.1, -1.0, 1.05 ],
									"faces": {
										"north": { "texture": "#metal", "uv": [ 1.5, 12.5, 3.5, 15.5 ] },
										"east": { "texture": "#metal", "uv": [ 2.5, 9.0, 3.0, 12.0 ] },
										"south": { "texture": "#metal", "uv": [ 3.5, 9.0, 5.5, 12.0 ] },
										"west": { "texture": "#metal", "uv": [ 2.5, 5.5, 3.0, 8.5 ] },
										"up": { "texture": "#metal", "uv": [ 2.0, 6.0, 4.0, 6.5 ] },
										"down": { "texture": "#metal", "uv": [ 1.0, 7.0, 3.0, 7.5 ] }
									},
									"children": [
										{
											"name": "blade1",
											"from": [ 1.0, -1.0, 0.15 ],
											"to": [ 1.0, 0.0, 0.35 ],
											"rotationOrigin": [ 1.0, 0.0, 0.25 ],
											"faces": {
												"north": { "texture": "#metal", "uv": [ 8.0, 8.5, 8.5, 9.5 ] },
												"east": { "texture": "#metal", "uv": [ 13.0, 5.0, 13.5, 6.0 ] },
												"south": { "texture": "#metal", "uv": [ 7.0, 8.0, 7.5, 9.0 ] },
												"down": { "texture": "#metal", "uv": [ 5.0, 15.0, 5.5, 15.5 ] }
											},
											"children": [
												{
													"name": "beard1",
													"from": [ -2.0, 0.0, 0.01 ],
													"to": [ 0.0, 1.0, 0.21 ],
													"rotationOrigin": [ 0.0, 0.0, 0.1 ],
													"rotationZ": -5.0,
													"faces": {
														"north": { "texture": "#metal", "uv": [ 10.5, 2.0, 12.5, 3.0 ] },
														"east": { "texture": "#metal", "uv": [ 11.5, 11.0, 12.0, 12.0 ] },
														"south": { "texture": "#metal", "uv": [ 3.0, 7.5, 5.0, 8.5 ] },
														"west": { "texture": "#metal", "uv": [ 11.0, 3.0, 11.5, 4.0 ] },
														"up": { "texture": "#metal", "uv": [ 6.0, 5.5, 8.0, 6.0 ] },
														"down": { "texture": "#metal", "uv": [ 0.5, 7.0, 2.5, 7.5 ] }
													},
													"children": [
														{
															"name": "beardtip",
															"from": [ -1.0, 0.0, 0.01 ],
															"to": [ 0.0, 2.5, 0.21 ],
															"rotationOrigin": [ 0.0, 0.0, 0.1 ],
															"rotationZ": -45.0,
															"faces": {
																"north": { "texture": "#metal", "uv": [ 4.5, 4.0, 5.5, 6.5 ] },
																"south": { "texture": "#metal", "uv": [ 3.5, 2.5, 4.5, 5.0 ] },
																"west": { "texture": "#metal", "uv": [ 3.0, 1.0, 3.5, 3.5 ] },
																"up": { "texture": "#metal", "uv": [ 3.0, 1.0, 4.0, 1.5 ] },
																"down": { "texture": "#metal", "uv": [ 0.0, 0.0, 1.0, 0.5 ] }
															}
														}
													]
												},
												{
													"name": "beard2",
													"from": [ -2.0, 0.0, 0.01 ],
													"to": [ 0.0, 1.0, 0.21 ],
													"rotationOrigin": [ 0.0, 0.0, 0.1 ],
													"rotationY": -180.0,
													"rotationZ": -5.0,
													"faces": {
														"north": { "texture": "#metal", "uv": [ 10.5, 2.0, 12.5, 3.0 ] },
														"east": { "texture": "#metal", "uv": [ 11.5, 11.0, 12.0, 12.0 ] },
														"south": { "texture": "#metal", "uv": [ 3.0, 7.5, 5.0, 8.5 ] },
														"west": { "texture": "#metal", "uv": [ 11.0, 3.0, 11.5, 4.0 ] },
														"up": { "texture": "#metal", "uv": [ 6.0, 5.5, 8.0, 6.0 ] },
														"down": { "texture": "#metal", "uv": [ 0.5, 7.0, 2.5, 7.5 ] }
													},
													"children": [
														{
															"name": "beardtip2",
															"from": [ -1.0, 0.0, 0.01 ],
															"to": [ 0.0, 2.5, 0.21 ],
															"rotationOrigin": [ 0.0, 0.0, 0.1 ],
															"rotationZ": -45.0,
															"faces": {
																"north": { "texture": "#metal", "uv": [ 4.5, 4.0, 5.5, 6.5 ] },
																"south": { "texture": "#metal", "uv": [ 3.5, 2.5, 4.5, 5.0 ] },
																"west": { "texture": "#metal", "uv": [ 3.0, 1.0, 3.5, 3.5 ] },
																"up": { "texture": "#metal", "uv": [ 3.0, 1.0, 4.0, 1.5 ] },
																"down": { "texture": "#metal", "uv": [ 0.0, 0.0, 1.0, 0.5 ] }
															}
														}
													]
												}
											]
										}
									]
								},
								{
									"name": "spike1",
									"from": [ 2.1, 1.1, 0.75 ],
									"to": [ 2.6, 1.6, 1.25 ],
									"rotationOrigin": [ 2.2, 1.1, 0.95 ],
									"rotationZ": -90.0,
									"faces": {
										"north": { "texture": "#metal", "uv": [ 13.5, 10.0, 14.0, 10.5 ] },
										"east": { "texture": "#metal", "uv": [ 1.0, 11.0, 1.5, 11.5 ] },
										"south": { "texture": "#metal", "uv": [ 13.0, 13.0, 13.5, 13.5 ] },
										"west": { "texture": "#metal", "uv": [ 2.5, 8.5, 3.0, 9.0 ] },
										"up": { "texture": "#metal", "uv": [ 7.5, 14.5, 8.0, 15.0 ] }
									}
								}
							]
						},
						{
							"name": "socket2",
							"from": [ -24.0, -0.1, -0.1 ],
							"to": [ -22.5, 1.6, 1.6 ],
							"rotationOrigin": [ -24.0, 0.75, 0.75 ],
							"faces": {
								"north": { "texture": "#metaltwo", "uv": [ 2.0, 4.0, 3.5, 5.5 ] },
								"east": { "texture": "#metaltwo", "uv": [ 11.0, 7.5, 12.5, 9.0 ] },
								"south": { "texture": "#metaltwo", "uv": [ 5.0, 12.0, 6.5, 13.5 ] },
								"west": { "texture": "#metaltwo", "uv": [ 1.0, 0.5, 2.5, 2.0 ] },
								"up": { "texture": "#metaltwo", "uv": [ 9.0, 0.5, 10.5, 2.0 ] },
								"down": { "texture": "#metaltwo", "uv": [ 11.0, 4.5, 12.5, 6.0 ] }
							}
						},
						{
							"name": "spike1",
							"from": [ 16.52, 0.4, 0.6 ],
							"to": [ 18.395, 0.775, 0.875 ],
							"rotationOrigin": [ 16.52, 0.45, 0.6 ],
							"rotationZ": 5.0,
							"faces": {
								"north": { "texture": "#metal", "uv": [ 0.0, 5.5, 1.5, 6.0 ] },
								"east": { "texture": "#metal", "uv": [ 0.5, 0.5, 1.0, 1.0 ] },
								"south": { "texture": "#metal", "uv": [ 0.0, 10.5, 1.5, 11.0 ] },
								"west": { "texture": "#metal", "uv": [ 14.0, 10.0, 14.5, 10.5 ] },
								"up": { "texture": "#metal", "uv": [ 0.0, 4.5, 1.5, 5.0 ] },
								"down": { "texture": "#metal", "uv": [ 0.0, 5.0, 1.5, 5.5 ] }
							},
							"children": [
								{
									"name": "spike2",
									"from": [ -0.0189, 0.3288, 0.0075 ],
									"to": [ 1.8561, 0.7038, 0.2675 ],
									"rotationOrigin": [ 0.0261, 0.2988, 0.0 ],
									"rotationZ": -10.0,
									"faces": {
										"north": { "texture": "#metal", "uv": [ 0.0, 5.5, 1.5, 6.0 ] },
										"east": { "texture": "#metal", "uv": [ 0.5, 0.5, 1.0, 1.0 ] },
										"south": { "texture": "#metal", "uv": [ 0.0, 10.5, 1.5, 11.0 ] },
										"west": { "texture": "#metal", "uv": [ 14.0, 10.0, 14.5, 10.5 ] },
										"up": { "texture": "#metal", "uv": [ 0.0, 4.5, 1.5, 5.0 ] },
										"down": { "texture": "#metal", "uv": [ 0.0, 5.0, 1.5, 5.5 ] }
									}
								},
								{
									"name": "spikeyspike",
									"from": [ 1.8957, 0.0545, 0.015 ],
									"to": [ 2.1657, 0.3245, 0.26 ],
									"rotationOrigin": [ 1.9557, -0.0205, 0.0 ],
									"rotationZ": 40.0,
									"faces": {
										"north": { "texture": "#metal", "uv": [ 0.0, 5.5, 0.5, 6.0 ] },
										"east": { "texture": "#metal", "uv": [ 0.5, 0.5, 1.0, 1.0 ] },
										"south": { "texture": "#metal", "uv": [ 0.0, 10.5, 0.5, 11.0 ] },
										"west": { "texture": "#metal", "uv": [ 14.0, 10.0, 14.5, 10.5 ] },
										"up": { "texture": "#metal", "uv": [ 0.0, 4.5, 0.5, 5.0 ] },
										"down": { "texture": "#metal", "uv": [ 0.0, 5.0, 0.5, 5.5 ] }
									}
								}
							]
						},
						{
							"name": "reinforcement2",
							"from": [ 8.0, 0.45, -0.1 ],
							"to": [ 14.0, 0.95, 1.6 ],
							"rotationOrigin": [ 14.0, 0.75, -0.1 ],
							"faces": {
								"north": { "texture": "#metaltwo", "uv": [ 8.0, 13.0, 14.0, 13.5 ] },
								"south": { "texture": "#metaltwo", "uv": [ 3.5, 0.0, 9.5, 0.5 ] },
								"west": { "texture": "#metaltwo", "uv": [ 14.0, 10.5, 15.5, 11.0 ] },
								"up": { "texture": "#metaltwo", "uv": [ 8.0, 8.5, 14.0, 10.0 ] },
								"down": { "texture": "#metaltwo", "uv": [ 5.0, 5.5, 11.0, 7.0 ] }
							}
						}
					]
				},
				{
					"name": "spike1",
					"from": [ 14.51, 0.67, -0.2 ],
					"to": [ 15.51, 2.17, 0.3 ],
					"rotationOrigin": [ 14.508, 0.667, 0.0 ],
					"faces": {
						"north": { "texture": "#metal", "uv": [ 13.5, 10.0, 14.5, 11.5 ] },
						"east": { "texture": "#metal", "uv": [ 1.0, 11.0, 1.5, 12.5 ] },
						"south": { "texture": "#metal", "uv": [ 13.0, 13.0, 14.0, 14.5 ] },
						"west": { "texture": "#metal", "uv": [ 2.5, 8.5, 3.0, 10.0 ] },
						"up": { "texture": "#metal", "uv": [ 7.5, 14.5, 8.5, 15.0 ] }
					},
					"children": [
						{
							"name": "spike2",
							"from": [ 0.0, 1.5, 0.01 ],
							"to": [ 0.8, 2.5, 0.51 ],
							"rotationOrigin": [ 0.8, 1.5, 0.25 ],
							"rotationZ": 20.0,
							"faces": {
								"north": { "texture": "#metal", "uv": [ 11.0, 9.5, 11.5, 10.5 ] },
								"east": { "texture": "#metal", "uv": [ 3.5, 0.5, 4.0, 1.5 ] },
								"south": { "texture": "#metal", "uv": [ 1.0, 5.0, 1.5, 6.0 ] },
								"west": { "texture": "#metal", "uv": [ 14.5, 10.5, 15.0, 11.5 ] },
								"up": { "texture": "#metal", "uv": [ 5.5, 9.5, 6.0, 10.0 ] }
							},
							"children": [
								{
									"name": "spike3",
									"from": [ 0.0, 1.0, -0.01 ],
									"to": [ 0.6, 2.0, 0.49 ],
									"rotationOrigin": [ 0.6, 1.0, 0.25 ],
									"rotationZ": 20.0,
									"faces": {
										"north": { "texture": "#metal", "uv": [ 3.0, 12.5, 3.5, 13.5 ] },
										"east": { "texture": "#metal", "uv": [ 2.0, 10.0, 2.5, 11.0 ] },
										"south": { "texture": "#metal", "uv": [ 0.5, 11.5, 1.0, 12.5 ] },
										"west": { "texture": "#metal", "uv": [ 8.0, 8.5, 8.5, 9.5 ] },
										"up": { "texture": "#metal", "uv": [ 5.0, 7.5, 5.5, 8.0 ] },
										"down": { "texture": "#metal", "uv": [ 9.0, 10.5, 9.5, 11.0 ] }
									},
									"children": [
										{
											"name": "spike4",
											"from": [ 0.2, 1.0, 0.15 ],
											"to": [ 0.6, 2.0, 0.35 ],
											"rotationOrigin": [ 0.6, 1.0, 0.2 ],
											"rotationZ": 22.5,
											"faces": {
												"north": { "texture": "#metal", "uv": [ 13.5, 7.0, 14.0, 8.0 ] },
												"east": { "texture": "#metal", "uv": [ 2.5, 10.5, 3.0, 11.5 ] },
												"south": { "texture": "#metal", "uv": [ 14.5, 14.5, 15.0, 15.5 ] },
												"west": { "texture": "#metal", "uv": [ 5.0, 2.5, 5.5, 3.5 ] },
												"up": { "texture": "#metal", "uv": [ 1.5, 0.0, 2.0, 0.5 ] }
											}
										}
									]
								}
							]
						}
					]
				},
				{
					"name": "reinforcement1",
					"from": [ 2.5, -0.3, -0.85 ],
					"to": [ 8.0, 0.2, 0.85 ],
					"rotationOrigin": [ 2.5, 0.0, -0.85 ],
					"faces": {
						"north": { "texture": "#metaltwo", "uv": [ 2.5, 2.0, 8.0, 2.5 ] },
						"south": { "texture": "#metaltwo", "uv": [ 10.0, 8.0, 15.5, 8.5 ] },
						"up": { "texture": "#metaltwo", "uv": [ 11.0, 8.0, 16.5, 9.5 ] },
						"down": { "texture": "#metaltwo", "uv": [ 9.0, 5.0, 14.5, 6.5 ] }
					}
				}
			]
		}
	]}