{
	"editor": {
		"allAngles": true,
		"entityTextureMode": true
	},
	"textureWidth": 64,
	"textureHeight": 56,
	"textureSizes": {
		"skin": [64,56]
	},
	"textures": {
	},
	"elements": [
		{
			"name": "Origin",
			"from": [ 8.0, 0.0, 8.0 ],
			"to": [ 8.0, 0.0, 8.0 ],
			"uv": [ 0.0, 0.0 ],
			"rotationOrigin": [ 8.0, 0.0, 8.0 ],
			"faces": {
			},
			"children": [
				{
					"name": "Shell Belly",
					"from": [ -6.0, 0.0, -3.1 ],
					"to": [ 6.0, 1.0, 3.1 ],
					"unwrapMode": 6,
					"unwrapRotation": 1,
					"autoUnwrap": false,
					"uv": [ 28.0, 31.0 ],
					"rotationOrigin": [ 1.0, 0.0, 0.0 ],
					"faces": {
						"north": { "texture": "#skin", "uv": [ 28.0, 32.0, 29.0, 44.0 ], "rotation": 90 },
						"east": { "texture": "#skin", "uv": [ 29.0, 44.0, 35.0, 45.0 ], "rotation": 180 },
						"south": { "texture": "#skin", "uv": [ 35.0, 32.0, 36.0, 44.0 ], "rotation": 270 },
						"west": { "texture": "#skin", "uv": [ 29.0, 31.0, 35.0, 32.0 ] },
						"up": { "texture": "#skin", "uv": [ 29.0, 32.0, 35.0, 44.0 ], "rotation": 270, "windMode": [-1,-1,-1,-1] },
						"down": { "texture": "#skin", "uv": [ 29.0, 32.0, 35.0, 44.0 ], "rotation": 90 }
					},
					"children": [
						{
							"name": "Shell Back",
							"from": [ 3.0, 3.2, 0.1 ],
							"to": [ 9.0, 7.2, 6.1 ],
							"unwrapMode": 7,
							"unwrapRotation": 1,
							"uv": [ 11.0, 11.5 ],
							"rotationOrigin": [ 3.0, 3.2, 0.1 ],
							"faces": {
								"up": { "texture": "#skin", "uv": [ 11.0, 11.5, 17.0, 17.5 ], "rotation": 270 }
							},
							"children": [
								{
									"name": "R Shell slope",
									"from": [ 0.0, 0.0, -6.0 ],
									"to": [ 6.0, 4.0, 0.0 ],
									"unwrapMode": 7,
									"unwrapRotation": 1,
									"autoUnwrap": false,
									"uv": [ 13.0, 7.5 ],
									"rotationOrigin": [ 0.0, 4.0, 0.0 ],
									"rotationX": -56.5,
									"faces": {
										"north": { "texture": "#skin", "uv": [ 23.0, 11.5, 27.0, 17.5 ], "rotation": 90 },
										"east": { "texture": "#skin", "uv": [ 30.5, 18.5, 36.5, 22.5 ] },
										"south": { "texture": "#skin", "uv": [ 6.0, 23.5, 10.0, 29.5 ], "rotation": 270 },
										"west": { "texture": "#skin", "uv": [ 24.0, 18.5, 30.0, 22.5 ] },
										"up": { "texture": "#skin", "uv": [ 17.0, 11.5, 23.0, 17.5 ], "rotation": 270 },
										"down": { "texture": "#skin", "uv": [ 8.0, 30.5, 14.0, 36.5 ], "rotation": 90 }
									},
									"children": [
										{
											"name": "R Front Shell",
											"from": [ -3.0, 3.8, 0.0 ],
											"to": [ 0.0, 3.8, 6.0 ],
											"unwrapMode": 7,
											"unwrapRotation": 1,
											"uv": [ 17.0, 8.5 ],
											"rotationOrigin": [ 0.0, 3.8, 0.0 ],
											"rotationZ": 25.0,
											"faces": {
												"up": { "texture": "#skin", "uv": [ 17.0, 8.5, 23.0, 11.5 ], "rotation": 270, "windMode": [-1,-1,-1,-1] }
											}
										},
										{
											"name": "R Back Shell",
											"from": [ 6.0, 3.8, 0.0 ],
											"to": [ 9.5, 3.8, 6.0 ],
											"unwrapMode": 7,
											"unwrapRotation": 1,
											"uv": [ 17.0, 17.5 ],
											"rotationOrigin": [ 6.0, 3.8, 0.0 ],
											"rotationZ": -32.0,
											"faces": {
												"up": { "texture": "#skin", "uv": [ 17.0, 17.5, 23.0, 21.0 ], "rotation": 270, "windMode": [-1,-1,-1,-1] }
											}
										}
									]
								},
								{
									"name": "L Shell slope",
									"from": [ 0.0, 0.0, 6.0 ],
									"to": [ 6.0, 4.0, 12.0 ],
									"unwrapMode": 7,
									"unwrapRotation": 1,
									"autoUnwrap": false,
									"uv": [ 1.0, 7.5 ],
									"rotationOrigin": [ 0.0, 4.0, 6.0 ],
									"rotationX": 56.5,
									"faces": {
										"north": { "texture": "#skin", "uv": [ 1.5, 23.5, 5.5, 29.5 ], "rotation": 90 },
										"east": { "texture": "#skin", "uv": [ 30.5, 23.0, 36.5, 27.0 ] },
										"south": { "texture": "#skin", "uv": [ 1.0, 11.5, 5.0, 17.5 ], "rotation": 270 },
										"west": { "texture": "#skin", "uv": [ 24.0, 23.0, 30.0, 27.0 ] },
										"up": { "texture": "#skin", "uv": [ 5.0, 11.5, 11.0, 17.5 ], "rotation": 270 },
										"down": { "texture": "#skin", "uv": [ 1.5, 30.5, 7.5, 36.5 ], "rotation": 90 }
									},
									"children": [
										{
											"name": "L Front Shell",
											"from": [ -3.0, 3.8, 0.0 ],
											"to": [ 0.0, 3.8, 6.0 ],
											"unwrapMode": 7,
											"unwrapRotation": 1,
											"uv": [ 5.0, 8.5 ],
											"rotationOrigin": [ 0.0, 3.8, 0.0 ],
											"rotationZ": 25.0,
											"faces": {
												"up": { "texture": "#skin", "uv": [ 5.0, 8.5, 11.0, 11.5 ], "rotation": 270, "windMode": [-1,-1,-1,-1] }
											}
										},
										{
											"name": "L Back Shell",
											"from": [ 6.0, 3.8, 0.0 ],
											"to": [ 9.5, 3.8, 6.0 ],
											"unwrapMode": 7,
											"unwrapRotation": 1,
											"uv": [ 5.0, 17.5 ],
											"rotationOrigin": [ 6.0, 3.8, 0.0 ],
											"rotationZ": -32.0,
											"faces": {
												"up": { "texture": "#skin", "uv": [ 5.0, 17.5, 11.0, 21.0 ], "rotation": 270, "windMode": [-1,-1,-1,-1] }
											}
										}
									]
								},
								{
									"name": "Shell Front",
									"from": [ -4.0, 1.5, 0.0 ],
									"to": [ 0.0, 4.0, 6.0 ],
									"unwrapMode": 7,
									"unwrapRotation": 1,
									"autoUnwrap": false,
									"uv": [ 8.5, 5.0 ],
									"rotationOrigin": [ 0.0, 4.0, 0.0 ],
									"rotationZ": 35.0,
									"faces": {
										"north": { "texture": "#skin", "uv": [ 21.0, 23.5, 23.5, 27.5 ], "rotation": 90 },
										"south": { "texture": "#skin", "uv": [ 18.0, 23.5, 20.5, 27.5 ], "rotation": 270 },
										"west": { "texture": "#skin", "uv": [ 11.0, 5.0, 17.0, 7.5 ], "rotation": 180 },
										"up": { "texture": "#skin", "uv": [ 11.0, 7.5, 17.0, 11.5 ], "rotation": 270 }
									},
									"children": [
										{
											"name": "Shell Front Edge",
											"from": [ -1.4, 1.7, 1.5 ],
											"to": [ 1.1, 2.3, 4.5 ],
											"unwrapMode": 7,
											"unwrapRotation": 1,
											"uv": [ 12.0, 1.0 ],
											"rotationOrigin": [ 1.1, 2.3, 1.5 ],
											"rotationZ": -35.0,
											"faces": {
												"north": { "texture": "#skin", "uv": [ 15.5, 1.5, 16.0, 4.0 ], "rotation": 90 },
												"south": { "texture": "#skin", "uv": [ 12.0, 1.5, 12.5, 4.0 ], "rotation": 270 },
												"west": { "texture": "#skin", "uv": [ 12.5, 1.0, 15.5, 1.5 ], "rotation": 180 },
												"up": { "texture": "#skin", "uv": [ 12.5, 1.5, 15.5, 4.0 ], "rotation": 270 },
												"down": { "texture": "#skin", "uv": [ 16.0, 1.5, 19.0, 4.0 ], "rotation": 90 }
											},
											"children": [
												{
													"name": "R Edge rotation point",
													"from": [ 0.0, 0.5, 0.0 ],
													"to": [ 0.0, 0.5, 0.0 ],
													"uv": [ 6.0, 4.0 ],
													"rotationOrigin": [ 0.0, 0.5, 0.0 ],
													"rotationY": -20.0,
													"faces": {
													},
													"children": [
														{
															"name": "Shell Front Edge R 1",
															"from": [ 0.0, -0.5, -3.0 ],
															"to": [ 3.0, 0.1, 0.0 ],
															"unwrapMode": 7,
															"unwrapRotation": 1,
															"uv": [ 24.0, 1.0 ],
															"rotationOrigin": [ 0.0, 0.0, 0.0 ],
															"rotationX": -13.0,
															"faces": {
																"north": { "texture": "#skin", "uv": [ 27.5, 1.5, 28.0, 4.5 ], "rotation": 90 },
																"south": { "texture": "#skin", "uv": [ 24.0, 1.5, 24.5, 4.5 ], "rotation": 270 },
																"west": { "texture": "#skin", "uv": [ 24.5, 1.0, 27.5, 1.5 ], "rotation": 180 },
																"up": { "texture": "#skin", "uv": [ 24.5, 1.5, 27.5, 4.5 ], "rotation": 270 },
																"down": { "texture": "#skin", "uv": [ 28.0, 1.5, 31.0, 4.5 ], "rotation": 90 }
															},
															"children": [
																{
																	"name": "R Edge rotation point2",
																	"from": [ 0.0, 0.5, 0.0 ],
																	"to": [ 0.0, 0.5, 0.0 ],
																	"uv": [ 5.5, 5.5 ],
																	"rotationOrigin": [ 0.0, 0.5, 0.0 ],
																	"rotationY": -37.0,
																	"faces": {
																	},
																	"children": [
																		{
																			"name": "Shell Front Edge R 2",
																			"from": [ 0.0, -0.5, -5.0 ],
																			"to": [ 2.5, 0.1, 0.0 ],
																			"unwrapMode": 7,
																			"unwrapRotation": 1,
																			"uv": [ 18.0, 4.5 ],
																			"rotationOrigin": [ 0.0, 0.0, 0.0 ],
																			"rotationX": -18.0,
																			"rotationZ": 3.0,
																			"faces": {
																				"north": { "texture": "#skin", "uv": [ 23.5, 5.0, 24.0, 7.5 ], "rotation": 90 },
																				"south": { "texture": "#skin", "uv": [ 18.0, 5.0, 18.5, 7.5 ], "rotation": 270 },
																				"west": { "texture": "#skin", "uv": [ 18.5, 4.5, 23.5, 5.0 ], "rotation": 180 },
																				"up": { "texture": "#skin", "uv": [ 18.5, 5.0, 23.5, 7.5 ], "rotation": 270 },
																				"down": { "texture": "#skin", "uv": [ 24.0, 5.0, 29.0, 7.5 ], "rotation": 90 }
																			}
																		}
																	]
																}
															]
														}
													]
												},
												{
													"name": "L Edge rotation point",
													"from": [ 0.0, 0.5, 3.0 ],
													"to": [ 0.0, 0.5, 3.0 ],
													"uv": [ 6.5, 5.5 ],
													"rotationOrigin": [ 0.0, 0.5, 3.0 ],
													"rotationY": 20.0,
													"faces": {
													},
													"children": [
														{
															"name": "Shell Front Edge L 1",
															"from": [ 0.0, -0.5, 0.0 ],
															"to": [ 3.0, 0.1, 3.0 ],
															"unwrapMode": 7,
															"unwrapRotation": 1,
															"uv": [ 0.5, 4.5 ],
															"rotationOrigin": [ 0.0, 0.0, 0.0 ],
															"rotationX": 13.0,
															"faces": {
																"north": { "texture": "#skin", "uv": [ 4.0, 5.0, 4.5, 8.0 ], "rotation": 90 },
																"south": { "texture": "#skin", "uv": [ 0.5, 5.0, 1.0, 8.0 ], "rotation": 270 },
																"west": { "texture": "#skin", "uv": [ 1.0, 4.5, 4.0, 5.0 ], "rotation": 180 },
																"up": { "texture": "#skin", "uv": [ 1.0, 5.0, 4.0, 8.0 ], "rotation": 270 },
																"down": { "texture": "#skin", "uv": [ 4.5, 5.0, 7.5, 8.0 ], "rotation": 90 }
															},
															"children": [
																{
																	"name": "L Edge rotation point2",
																	"from": [ 0.0, 0.5, 3.0 ],
																	"to": [ 0.0, 0.5, 3.0 ],
																	"uv": [ 4.0, 5.5 ],
																	"rotationOrigin": [ 0.0, 0.5, 3.0 ],
																	"rotationY": 37.0,
																	"faces": {
																	},
																	"children": [
																		{
																			"name": "Shell Front Edge L 2",
																			"from": [ 0.0, -0.5, 0.0 ],
																			"to": [ 2.5, 0.1, 5.0 ],
																			"unwrapMode": 7,
																			"unwrapRotation": 1,
																			"uv": [ 0.5, 1.0 ],
																			"rotationOrigin": [ 0.0, 0.0, 0.0 ],
																			"rotationX": 18.0,
																			"rotationZ": 3.0,
																			"faces": {
																				"north": { "texture": "#skin", "uv": [ 6.0, 1.5, 6.5, 4.0 ], "rotation": 90 },
																				"south": { "texture": "#skin", "uv": [ 0.5, 1.5, 1.0, 4.0 ], "rotation": 270 },
																				"west": { "texture": "#skin", "uv": [ 1.0, 1.0, 6.0, 1.5 ], "rotation": 180 },
																				"up": { "texture": "#skin", "uv": [ 1.0, 1.5, 6.0, 4.0 ], "rotation": 270 },
																				"down": { "texture": "#skin", "uv": [ 6.5, 1.5, 11.5, 4.0 ], "rotation": 90 }
																			}
																		}
																	]
																}
															]
														}
													]
												}
											]
										}
									]
								},
								{
									"name": "Shell Back Slope",
									"from": [ 6.0, 1.0, 0.0 ],
									"to": [ 11.0, 4.0, 6.0 ],
									"unwrapMode": 7,
									"unwrapRotation": 1,
									"autoUnwrap": false,
									"uv": [ 8.0, 17.5 ],
									"rotationOrigin": [ 6.0, 4.0, 0.0 ],
									"rotationZ": -45.0,
									"faces": {
										"north": { "texture": "#skin", "uv": [ 21.0, 28.0, 24.0, 33.0 ], "rotation": 90 },
										"east": { "texture": "#skin", "uv": [ 11.0, 22.5, 17.0, 25.5 ], "windMode": [-1,-1,-1,-1] },
										"south": { "texture": "#skin", "uv": [ 17.5, 28.0, 20.5, 33.0 ], "rotation": 270 },
										"up": { "texture": "#skin", "uv": [ 11.0, 17.5, 17.0, 22.5 ], "rotation": 270 }
									},
									"children": [
										{
											"name": "Shell Back Edge",
											"from": [ 3.8, 2.5, 1.0 ],
											"to": [ 7.0, 3.1, 5.0 ],
											"unwrapMode": 7,
											"unwrapRotation": 1,
											"uv": [ 20.0, 48.5 ],
											"rotationOrigin": [ 4.0, 3.1, 1.0 ],
											"rotationZ": 28.0,
											"faces": {
												"north": { "texture": "#skin", "uv": [ 24.5, 48.5, 25.0, 51.5 ], "rotation": 90 },
												"east": { "texture": "#skin", "uv": [ 20.5, 51.5, 24.5, 52.0 ], "windMode": [-1,-1,-1,-1] },
												"south": { "texture": "#skin", "uv": [ 20.0, 48.5, 20.5, 51.5 ], "rotation": 270 },
												"up": { "texture": "#skin", "uv": [ 20.5, 48.5, 24.5, 51.5 ], "rotation": 270 },
												"down": { "texture": "#skin", "uv": [ 25.0, 48.5, 29.0, 51.5 ], "rotation": 90 }
											},
											"children": [
												{
													"name": "R Edge rotation point 3",
													"from": [ 3.2, 0.6, 0.0 ],
													"to": [ 3.2, 0.6, 0.0 ],
													"uv": [ 3.5, 3.0 ],
													"rotationOrigin": [ 3.2, 0.6, 0.0 ],
													"rotationY": 25.0,
													"faces": {
													},
													"children": [
														{
															"name": "Shell Back Edge R 1",
															"from": [ -3.0, -0.5, -3.0 ],
															"to": [ 0.0, 0.0, 0.0 ],
															"unwrapMode": 7,
															"unwrapRotation": 1,
															"uv": [ 12.5, 51.5 ],
															"rotationOrigin": [ 0.0, 0.0, 0.0 ],
															"rotationX": -10.0,
															"faces": {
																"north": { "texture": "#skin", "uv": [ 16.0, 51.5, 16.5, 54.5 ], "rotation": 90 },
																"east": { "texture": "#skin", "uv": [ 13.0, 54.5, 16.0, 55.0 ] },
																"south": { "texture": "#skin", "uv": [ 12.5, 51.5, 13.0, 54.5 ], "rotation": 270 },
																"up": { "texture": "#skin", "uv": [ 13.0, 51.5, 16.0, 54.5 ], "rotation": 270 },
																"down": { "texture": "#skin", "uv": [ 16.5, 51.5, 19.5, 54.5 ], "rotation": 90 }
															},
															"children": [
																{
																	"name": "R Edge rotation point 4",
																	"from": [ 3.0, 0.5, 0.0 ],
																	"to": [ 3.0, 0.5, 0.0 ],
																	"uv": [ 4.5, 4.5 ],
																	"rotationOrigin": [ 3.0, 0.5, 0.0 ],
																	"rotationY": 39.0,
																	"faces": {
																	},
																	"children": [
																		{
																			"name": "Shell Back Edge R 2",
																			"from": [ -3.0, -0.5, -5.0 ],
																			"to": [ 0.0, 0.0, 0.0 ],
																			"unwrapMode": 7,
																			"unwrapRotation": 1,
																			"uv": [ 1.0, 51.5 ],
																			"rotationOrigin": [ 0.0, 0.0, 0.0 ],
																			"rotationX": -21.0,
																			"faces": {
																				"north": { "texture": "#skin", "uv": [ 6.5, 51.5, 7.0, 54.5 ], "rotation": 90 },
																				"east": { "texture": "#skin", "uv": [ 1.5, 54.5, 6.5, 55.0 ], "windMode": [-1,-1,-1,-1] },
																				"south": { "texture": "#skin", "uv": [ 1.0, 51.5, 1.5, 54.5 ], "rotation": 270 },
																				"up": { "texture": "#skin", "uv": [ 1.5, 51.5, 6.5, 54.5 ], "rotation": 270 },
																				"down": { "texture": "#skin", "uv": [ 7.0, 51.5, 12.0, 54.5 ], "rotation": 90 }
																			}
																		}
																	]
																}
															]
														}
													]
												},
												{
													"name": "L Edge rotation point 3",
													"from": [ 3.2, 0.6, 4.0 ],
													"to": [ 3.2, 0.6, 4.0 ],
													"uv": [ 2.0, 4.5 ],
													"rotationOrigin": [ 3.2, 0.6, 4.0 ],
													"rotationY": -25.0,
													"faces": {
													},
													"children": [
														{
															"name": "Shell Back Edge L 1",
															"from": [ -3.0, -0.5, 0.0 ],
															"to": [ 0.0, 0.0, 3.0 ],
															"unwrapMode": 7,
															"unwrapRotation": 1,
															"uv": [ 12.5, 47.5 ],
															"rotationOrigin": [ 0.0, 0.0, 0.0 ],
															"rotationX": 10.0,
															"faces": {
																"north": { "texture": "#skin", "uv": [ 16.0, 47.5, 16.5, 50.5 ], "rotation": 90 },
																"east": { "texture": "#skin", "uv": [ 13.0, 50.5, 16.0, 51.0 ] },
																"south": { "texture": "#skin", "uv": [ 12.5, 47.5, 13.0, 50.5 ], "rotation": 270 },
																"up": { "texture": "#skin", "uv": [ 13.0, 47.5, 16.0, 50.5 ], "rotation": 270 },
																"down": { "texture": "#skin", "uv": [ 16.5, 47.5, 19.5, 50.5 ], "rotation": 90 }
															},
															"children": [
																{
																	"name": "L Edge rotation point 4",
																	"from": [ 3.0, 0.5, 3.0 ],
																	"to": [ 3.0, 0.5, 3.0 ],
																	"uv": [ 3.5, 4.0 ],
																	"rotationOrigin": [ 3.0, 0.5, 3.0 ],
																	"rotationY": -39.0,
																	"faces": {
																	},
																	"children": [
																		{
																			"name": "Shell Back Edge L 2",
																			"from": [ -3.0, -0.5, 0.0 ],
																			"to": [ 0.0, 0.0, 5.0 ],
																			"unwrapMode": 7,
																			"unwrapRotation": 1,
																			"uv": [ 1.0, 47.5 ],
																			"rotationOrigin": [ 0.0, 0.0, 0.0 ],
																			"rotationX": 21.0,
																			"faces": {
																				"north": { "texture": "#skin", "uv": [ 6.5, 47.5, 7.0, 50.5 ], "rotation": 90 },
																				"east": { "texture": "#skin", "uv": [ 1.5, 50.5, 6.5, 51.0 ] },
																				"south": { "texture": "#skin", "uv": [ 1.0, 47.5, 1.5, 50.5 ], "rotation": 270 },
																				"up": { "texture": "#skin", "uv": [ 1.5, 47.5, 6.5, 50.5 ], "rotation": 270 },
																				"down": { "texture": "#skin", "uv": [ 7.0, 47.5, 12.0, 50.5 ], "rotation": 90 }
																			}
																		}
																	]
																}
															]
														}
													]
												}
											]
										}
									]
								}
							]
						},
						{
							"name": "Lower Shell front",
							"from": [ -2.0, 0.0, 1.5 ],
							"to": [ 0.0, 1.0, 4.5 ],
							"unwrapMode": 5,
							"unwrapRotation": 1,
							"uv": [ 27.0, 8.5 ],
							"rotationOrigin": [ 0.0, 0.0, 1.5 ],
							"rotationZ": -5.0,
							"faces": {
								"north": { "texture": "#skin", "uv": [ 27.0, 8.5, 28.0, 10.5 ], "rotation": 270 },
								"south": { "texture": "#skin", "uv": [ 31.0, 8.5, 32.0, 10.5 ], "rotation": 90 },
								"west": { "texture": "#skin", "uv": [ 28.0, 10.5, 31.0, 11.5 ], "windMode": [-1,-1,-1,-1] },
								"up": { "texture": "#skin", "uv": [ 28.0, 8.5, 31.0, 10.5 ], "rotation": 90 },
								"down": { "texture": "#skin", "uv": [ 32.0, 8.5, 35.0, 10.5 ], "rotation": 270 }
							}
						}
					]
				}
			]
		}
	],
	"animations": [
		{
			"name": "Walk",
			"code": "walk",
			"quantityframes": 32,
			"onActivityStopped": "EaseOut",
			"onAnimationEnd": "Repeat",
			"keyframes": [
				{
					"frame": 0,
					"elements": {
						"Shell Belly": { "offsetX": -1.0, "offsetY": 0.0, "offsetZ": 0.0, "rotationX": -4.0, "rotationY": 0.0, "rotationZ": 0.0 }
					}
				},
				{
					"frame": 12,
					"elements": {
						"Shell Belly": { "offsetX": 0.0, "offsetY": 0.0, "offsetZ": 0.0, "rotationX": 0.0, "rotationY": 0.0, "rotationZ": 0.0 }
					}
				},
				{
					"frame": 16,
					"elements": {
						"Shell Belly": { "offsetX": -1.0, "offsetY": 0.0, "offsetZ": 0.0, "rotationX": 4.0, "rotationY": 0.0, "rotationZ": 0.0 }
					}
				},
				{
					"frame": 28,
					"elements": {
						"Shell Belly": { "offsetX": 0.0, "offsetY": 0.0, "offsetZ": 0.0, "rotationX": 0.0, "rotationY": 0.0, "rotationZ": 0.0 }
					}
				}
			]
		},

		{
			"name": "Swim",
			"code": "swim",
			"quantityframes": 32,
			"onActivityStopped": "EaseOut",
			"onAnimationEnd": "Repeat",
			"keyframes": [
				{
					"frame": 0,
					"elements": {
						"Shell Belly": { "offsetX": 0.0, "offsetY": 0.0, "offsetZ": 0.0 }
					}
				}
			]
		},

		{
			"name": "Idle",
			"code": "idle",
			"quantityframes": 30,
			"onActivityStopped": "EaseOut",
			"onAnimationEnd": "Repeat",
			"keyframes": [
				{
					"frame": 0,
					"elements": {
						"Shell Belly": { "offsetX": 0.0, "offsetY": 0.0, "offsetZ": 0.0 }
					}
				}
			]
		},

		{
			"name": "Sit",
			"code": "sit",
			"quantityframes": 30,
			"onActivityStopped": "EaseOut",
			"onAnimationEnd": "Repeat",
			"keyframes": [
				{
					"frame": 0,
					"elements": {
						"Shell Belly": { "offsetX": 0.0, "offsetY": -1.5, "offsetZ": 0.0, "rotationX": 0.0, "rotationY": 0.0, "rotationZ": -14.0 }
					}
				}
			]
		},

		{
			"name": "Lie",
			"code": "lie",
			"quantityframes": 30,
			"onActivityStopped": "EaseOut",
			"onAnimationEnd": "Repeat",
			"keyframes": [
				{
					"frame": 0,
					"elements": {
						"Shell Belly": { "offsetX": 0.0, "offsetY": -3.0, "offsetZ": 0.0, "rotationX": 0.0, "rotationY": 0.0, "rotationZ": -2.0 }
					}
				}
			]
		},

		{
			"name": "Sleep",
			"code": "sleep",
			"quantityframes": 32,
			"onActivityStopped": "EaseOut",
			"onAnimationEnd": "Repeat",
			"keyframes": [
				{
					"frame": 0,
					"elements": {
						"Shell Belly": { "offsetX": 0.0, "offsetY": -3.0, "offsetZ": 0.0, "rotationX": 0.0, "rotationY": 0.0, "rotationZ": -2.0 }
					}
				}
			]
		},

		{
			"name": "Eat",
			"code": "eat",
			"quantityframes": 30,
			"onActivityStopped": "Rewind",
			"onAnimationEnd": "Repeat",
			"keyframes": [
				{
					"frame": 0,
					"elements": {
						"Shell Belly": { "offsetX": 0.0, "offsetY": 0.0, "offsetZ": 0.0 }
					}
				}
			]
		},

		{
			"name": "Attack",
			"code": "attack",
			"quantityframes": 30,
			"onActivityStopped": "PlayTillEnd",
			"onAnimationEnd": "EaseOut",
			"keyframes": [
				{
					"frame": 0,
					"elements": {
						"Shell Belly": { "offsetX": 0.0, "offsetY": 0.0, "offsetZ": 0.0 }
					}
				}
			]
		}
	]
}