{
    "editor": {
        "backDropShape": "shapes/entity/humanoid/seraph",
        "allAngles": true,
        "entityTextureMode": true
    },
    "textureWidth": 64,
    "textureHeight": 64,
    "textureSizes": {},
    "textures": {
        "leather": "entity/humanoid/serapharmor/jerkin/leather"
    },
    "elements": [
        {
            "name": "ArmorUpperTorso",
            "stepParentName": "UpperTorso",
            "from": [
                -0.3,
                -0.2,
                -0.3
            ],
            "to": [
                5.3,
                5.2,
                6.5
            ],
            "uv": [
                0,
                0
            ],
            "rotationOrigin": [
                -0.3,
                -0.2,
                -0.3
            ],
            "faces": {
                "north": {
                    "texture": "#leather",
                    "uv": [
                        0,
                        6.5,
                        5.5,
                        11.5
                    ]
                },
                "east": {
                    "texture": "#leather",
                    "uv": [
                        5.5,
                        6.5,
                        12,
                        11.5
                    ]
                },
                "south": {
                    "texture": "#leather",
                    "uv": [
                        12,
                        6.5,
                        17.5,
                        11.5
                    ]
                },
                "west": {
                    "texture": "#leather",
                    "uv": [
                        17.5,
                        6.5,
                        24,
                        11.5
                    ]
                },
                "up": {
                    "texture": "#leather",
                    "uv": [
                        0,
                        0,
                        5.5,
                        6.5
                    ]
                },
                "down": {
                    "texture": "#leather",
                    "uv": [
                        5.5,
                        0,
                        11,
                        6.5
                    ]
                }
            }
        },
        {
            "name": "ArmorLowerTorso",
            "stepParentName": "LowerTorso",
            "from": [
                -0.3,
                -0.5,
                -0.3
            ],
            "to": [
                5.3,
                5.1,
                6.3
            ],
            "uv": [
                0,
                11.5
            ],
            "rotationOrigin": [
                -0.3,
                -0.5,
                -0.3
            ],
            "faces": {
                "north": {
                    "texture": "#leather",
                    "uv": [
                        0,
                        18,
                        5.5,
                        23.5
                    ]
                },
                "east": {
                    "texture": "#leather",
                    "uv": [
                        5.5,
                        18,
                        12,
                        23.5
                    ]
                },
                "south": {
                    "texture": "#leather",
                    "uv": [
                        12,
                        18,
                        17.5,
                        23.5
                    ]
                },
                "west": {
                    "texture": "#leather",
                    "uv": [
                        17.5,
                        18,
                        24,
                        23.5
                    ]
                },
                "up": {
                    "texture": "#leather",
                    "uv": [
                        0,
                        11.5,
                        5.5,
                        18
                    ]
                },
                "down": {
                    "texture": "#leather",
                    "uv": [
                        5.5,
                        11.5,
                        11,
                        18
                    ]
                }
            }
        },
        {
            "name": "ArmorUpperArmR",
            "stepParentName": "UpperArmR",
            "from": [
                -0.2,
                -0.2,
                -0.3
            ],
            "to": [
                3.1,
                7.2,
                2.1
            ],
            "uv": [
                36,
                0
            ],
            "rotationOrigin": [
                -0.2,
                -0.2,
                -0.3
            ],
            "faces": {
                "north": {
                    "texture": "#leather",
                    "uv": [
                        36,
                        2,
                        39,
                        9
                    ]
                },
                "east": {
                    "texture": "#leather",
                    "uv": [
                        39,
                        2,
                        41,
                        9
                    ]
                },
                "south": {
                    "texture": "#leather",
                    "uv": [
                        41,
                        2,
                        44,
                        9
                    ]
                },
                "west": {
                    "texture": "#leather",
                    "uv": [
                        44,
                        2,
                        46,
                        9
                    ]
                },
                "up": {
                    "texture": "#leather",
                    "uv": [
                        36,
                        0,
                        39,
                        2
                    ]
                },
                "down": {
                    "texture": "#leather",
                    "uv": [
                        39,
                        0,
                        42,
                        2
                    ]
                }
            }
        },
        {
            "name": "ArmorUpperArmL",
            "stepParentName": "UpperArmL",
            "from": [
                -0.2,
                -0.2,
                -0.2
            ],
            "to": [
                3.1,
                7.2,
                2.2
            ],
            "uv": [
                26,
                0
            ],
            "rotationOrigin": [
                -0.2,
                -0.2,
                -0.2
            ],
            "faces": {
                "north": {
                    "texture": "#leather",
                    "uv": [
                        26,
                        2,
                        29,
                        9
                    ]
                },
                "east": {
                    "texture": "#leather",
                    "uv": [
                        29,
                        2,
                        31,
                        9
                    ]
                },
                "south": {
                    "texture": "#leather",
                    "uv": [
                        31,
                        2,
                        34,
                        9
                    ]
                },
                "west": {
                    "texture": "#leather",
                    "uv": [
                        34,
                        2,
                        36,
                        9
                    ]
                },
                "up": {
                    "texture": "#leather",
                    "uv": [
                        26,
                        0,
                        29,
                        2
                    ]
                },
                "down": {
                    "texture": "#leather",
                    "uv": [
                        29,
                        0,
                        32,
                        2
                    ]
                }
            }
        },
        {
            "name": "ArmorLowerArmR",
            "stepParentName": "LowerArmR",
            "from": [
                -0.2,
                1.8,
                -0.25
            ],
            "to": [
                2.7,
                8.2,
                2.25
            ],
            "uv": [
                36,
                9
            ],
            "rotationOrigin": [
                -0.2,
                1.8,
                -0.4
            ],
            "faces": {
                "north": {
                    "texture": "#leather",
                    "uv": [
                        36,
                        11.5,
                        38.5,
                        17.5
                    ]
                },
                "east": {
                    "texture": "#leather",
                    "uv": [
                        38.5,
                        11.5,
                        41,
                        17.5
                    ]
                },
                "south": {
                    "texture": "#leather",
                    "uv": [
                        41,
                        11.5,
                        43.5,
                        17.5
                    ]
                },
                "west": {
                    "texture": "#leather",
                    "uv": [
                        43.5,
                        11.5,
                        46,
                        17.5
                    ]
                },
                "up": {
                    "texture": "#leather",
                    "uv": [
                        36,
                        9,
                        38.5,
                        11.5
                    ]
                },
                "down": {
                    "texture": "#leather",
                    "uv": [
                        38.5,
                        9,
                        41,
                        11.5
                    ]
                }
            }
        },
        {
            "name": "ArmorLowerArmL",
            "stepParentName": "LowerArmL",
            "from": [
                -0.2,
                1.8,
                -0.25
            ],
            "to": [
                2.7,
                8.2,
                2.25
            ],
            "uv": [
                26,
                9
            ],
            "rotationOrigin": [
                -0.2,
                1.8,
                -0.3
            ],
            "faces": {
                "north": {
                    "texture": "#leather",
                    "uv": [
                        26,
                        11.5,
                        28.5,
                        17.5
                    ]
                },
                "east": {
                    "texture": "#leather",
                    "uv": [
                        28.5,
                        11.5,
                        31,
                        17.5
                    ]
                },
                "south": {
                    "texture": "#leather",
                    "uv": [
                        31,
                        11.5,
                        33.5,
                        17.5
                    ]
                },
                "west": {
                    "texture": "#leather",
                    "uv": [
                        33.5,
                        11.5,
                        36,
                        17.5
                    ]
                },
                "up": {
                    "texture": "#leather",
                    "uv": [
                        26,
                        9,
                        28.5,
                        11.5
                    ]
                },
                "down": {
                    "texture": "#leather",
                    "uv": [
                        28.5,
                        9,
                        31,
                        11.5
                    ]
                }
            }
        },
        {
            "name": "ArmorCoatR",
            "stepParentName": "UpperFootR",
            "from": [
                -0.7,
                0.2,
                -0.35
            ],
            "to": [
                4.9,
                7.2,
                3.15
            ],
            "autoUnwrap": false,
            "uv": [
                18,
                24.5
            ],
            "rotationOrigin": [
                -0.7,
                0.2,
                -0.5
            ],
            "faces": {
                "north": {
                    "texture": "#leather",
                    "uv": [
                        18,
                        28,
                        23.5,
                        35
                    ]
                },
                "east": {
                    "texture": "#leather",
                    "uv": [
                        23.5,
                        28,
                        27,
                        35
                    ]
                },
                "south": {
                    "texture": "#leather",
                    "uv": [
                        27,
                        28,
                        32.5,
                        35
                    ]
                },
                "west": {
                    "texture": "#leather",
                    "uv": [
                        32.5,
                        28,
                        36,
                        35
                    ]
                },
                "up": {
                    "texture": "#leather",
                    "uv": [
                        17.5,
                        24.5,
                        23,
                        28
                    ],
                    "rotation": 180
                },
                "down": {
                    "texture": "#leather",
                    "uv": [
                        23,
                        24.5,
                        28.5,
                        28
                    ],
                    "rotation": 180
                }
            },
            "children": [
                {
                    "name": "LegCoverR",
                    "from": [
                        0.6,
                        0.1,
                        0.2
                    ],
                    "to": [
                        5.1,
                        9.1,
                        3.6
                    ],
                    "autoUnwrap": false,
                    "uv": [
                        49,
                        52
                    ],
                    "rotationOrigin": [
                        0.6,
                        0.1,
                        0.2
                    ],
                    "faces": {
                        "north": {
                            "texture": "#leather",
                            "uv": [
                                57.5,
                                55,
                                62,
                                64
                            ]
                        },
                        "east": {
                            "texture": "#leather",
                            "uv": [
                                59.5,
                                55,
                                62.5,
                                64
                            ]
                        },
                        "south": {
                            "texture": "#leather",
                            "uv": [
                                57,
                                55,
                                61.5,
                                64
                            ]
                        },
                        "west": {
                            "texture": "#leather",
                            "uv": [
                                61,
                                55,
                                64,
                                64
                            ]
                        },
                        "up": {
                            "texture": "#leather",
                            "uv": [
                                59.5,
                                54,
                                64,
                                57
                            ]
                        },
                        "down": {
                            "texture": "#leather",
                            "uv": [
                                57,
                                54,
                                61.5,
                                57
                            ]
                        }
                    }
                }
            ]
        },
        {
            "name": "ArmorCoatL",
            "stepParentName": "UpperFootL",
            "from": [
                -0.7,
                0.2,
                0.05
            ],
            "to": [
                4.9,
                7.2,
                3.55
            ],
            "uv": [
                0,
                24.5
            ],
            "rotationOrigin": [
                -0.7,
                0.2,
                -0.1
            ],
            "faces": {
                "north": {
                    "texture": "#leather",
                    "uv": [
                        0,
                        28,
                        5.5,
                        35
                    ]
                },
                "east": {
                    "texture": "#leather",
                    "uv": [
                        5.5,
                        28,
                        9,
                        35
                    ]
                },
                "south": {
                    "texture": "#leather",
                    "uv": [
                        9,
                        28,
                        14.5,
                        35
                    ]
                },
                "west": {
                    "texture": "#leather",
                    "uv": [
                        14.5,
                        28,
                        18,
                        35
                    ]
                },
                "up": {
                    "texture": "#leather",
                    "uv": [
                        0,
                        24.5,
                        5.5,
                        28
                    ]
                },
                "down": {
                    "texture": "#leather",
                    "uv": [
                        5.5,
                        24.5,
                        11,
                        28
                    ]
                }
            },
            "children": [
                {
                    "name": "LegCoverL",
                    "from": [
                        0.6,
                        0.1,
                        -0.2
                    ],
                    "to": [
                        5.1,
                        9.1,
                        3.2
                    ],
                    "autoUnwrap": false,
                    "uv": [
                        0,
                        0
                    ],
                    "rotationOrigin": [
                        0.6,
                        0.1,
                        -0.2
                    ],
                    "faces": {
                        "north": {
                            "texture": "#leather",
                            "uv": [
                                57.5,
                                55,
                                62,
                                64
                            ]
                        },
                        "east": {
                            "texture": "#leather",
                            "uv": [
                                59.5,
                                55,
                                62.5,
                                64
                            ]
                        },
                        "south": {
                            "texture": "#leather",
                            "uv": [
                                57,
                                55,
                                61.5,
                                64
                            ]
                        },
                        "west": {
                            "texture": "#leather",
                            "uv": [
                                61,
                                55,
                                64,
                                64
                            ]
                        },
                        "up": {
                            "texture": "#leather",
                            "uv": [
                                59.5,
                                54,
                                64,
                                57
                            ]
                        },
                        "down": {
                            "texture": "#leather",
                            "uv": [
                                57,
                                54,
                                61.5,
                                57
                            ]
                        }
                    }
                }
            ]
        }
    ]
}