{
    "editor": {
        "allAngles": true,
        "entityTextureMode": true
    },
    "textureWidth": 64,
    "textureHeight": 64,
    "textureSizes": {},
    "textures": {
        "leather": "entity/humanoid/serapharmor/jerkin/leather"
    },
    "elements": [
        {
            "name": "ArmorUpperLegR",
            "stepParentName": "UpperFootR",
            "from": [
                -0.21,
                -0.5,
                -0.1
            ],
            "to": [
                4.39,
                10,
                3.7
            ],
            "uv": [
                16,
                35
            ],
            "rotationOrigin": [
                -0.2,
                -0.5,
                -0.1
            ],
            "faces": {
                "north": {
                    "texture": "#leather",
                    "uv": [
                        16,
                        38.5,
                        20.5,
                        49
                    ]
                },
                "east": {
                    "texture": "#leather",
                    "uv": [
                        20.5,
                        38.5,
                        24,
                        49
                    ]
                },
                "south": {
                    "texture": "#leather",
                    "uv": [
                        24,
                        38.5,
                        28.5,
                        49
                    ]
                },
                "west": {
                    "texture": "#leather",
                    "uv": [
                        28.5,
                        38.5,
                        32,
                        49
                    ]
                },
                "up": {
                    "texture": "#leather",
                    "uv": [
                        16,
                        35,
                        20.5,
                        38.5
                    ]
                },
                "down": {
                    "texture": "#leather",
                    "uv": [
                        20.5,
                        35,
                        25,
                        38.5
                    ]
                }
            }
        },
        {
            "name": "ArmorUpperLegL",
            "stepParentName": "UpperFootL",
            "from": [
                -0.21,
                -0.5,
                -0.5
            ],
            "to": [
                4.39,
                10,
                3.3
            ],
            "uv": [
                0,
                35
            ],
            "rotationOrigin": [
                -0.2,
                -0.5,
                -0.5
            ],
            "faces": {
                "north": {
                    "texture": "#leather",
                    "uv": [
                        0,
                        38.5,
                        4.5,
                        49
                    ]
                },
                "east": {
                    "texture": "#leather",
                    "uv": [
                        4.5,
                        38.5,
                        8,
                        49
                    ]
                },
                "south": {
                    "texture": "#leather",
                    "uv": [
                        8,
                        38.5,
                        12.5,
                        49
                    ]
                },
                "west": {
                    "texture": "#leather",
                    "uv": [
                        12.5,
                        38.5,
                        16,
                        49
                    ]
                },
                "up": {
                    "texture": "#leather",
                    "uv": [
                        0,
                        35,
                        4.5,
                        38.5
                    ]
                },
                "down": {
                    "texture": "#leather",
                    "uv": [
                        4.5,
                        35,
                        9,
                        38.5
                    ]
                }
            }
        },
        {
            "name": "ArmorLowerLegR",
            "stepParentName": "LowerFootR",
            "from": [
                -0.3,
                -0.2,
                -0.25
            ],
            "to": [
                3.2,
                5.1,
                3.25
            ],
            "uv": [
                16,
                49
            ],
            "rotationOrigin": [
                -0.3,
                -0.2,
                -0.4
            ],
            "faces": {
                "north": {
                    "texture": "#leather",
                    "uv": [
                        16,
                        52.5,
                        19.5,
                        57.5
                    ]
                },
                "east": {
                    "texture": "#leather",
                    "uv": [
                        19.5,
                        52.5,
                        23,
                        57.5
                    ]
                },
                "south": {
                    "texture": "#leather",
                    "uv": [
                        23,
                        52.5,
                        26.5,
                        57.5
                    ]
                },
                "west": {
                    "texture": "#leather",
                    "uv": [
                        26.5,
                        52.5,
                        30,
                        57.5
                    ]
                },
                "up": {
                    "texture": "#leather",
                    "uv": [
                        16,
                        49,
                        19.5,
                        52.5
                    ]
                },
                "down": {
                    "texture": "#leather",
                    "uv": [
                        19.5,
                        49,
                        23,
                        52.5
                    ]
                }
            }
        },
        {
            "name": "ArmorLowerLegL",
            "stepParentName": "LowerFootL",
            "from": [
                -0.3,
                -0.2,
                -0.25
            ],
            "to": [
                3.2,
                5.1,
                3.25
            ],
            "uv": [
                0,
                49
            ],
            "rotationOrigin": [
                -0.3,
                -0.2,
                -0.4
            ],
            "faces": {
                "north": {
                    "texture": "#leather",
                    "uv": [
                        0,
                        52.5,
                        3.5,
                        57.5
                    ]
                },
                "east": {
                    "texture": "#leather",
                    "uv": [
                        3.5,
                        52.5,
                        7,
                        57.5
                    ]
                },
                "south": {
                    "texture": "#leather",
                    "uv": [
                        7,
                        52.5,
                        10.5,
                        57.5
                    ]
                },
                "west": {
                    "texture": "#leather",
                    "uv": [
                        10.5,
                        52.5,
                        14,
                        57.5
                    ]
                },
                "up": {
                    "texture": "#leather",
                    "uv": [
                        0,
                        49,
                        3.5,
                        52.5
                    ]
                },
                "down": {
                    "texture": "#leather",
                    "uv": [
                        3.5,
                        49,
                        7,
                        52.5
                    ]
                }
            }
        },
        {
            "name": "ArmorLowerLegR2",
            "stepParentName": "PawR",
            "from": [
                -0.3,
                0.8,
                -0.25
            ],
            "to": [
                3.2,
                7.1,
                3.25
            ],
            "autoUnwrap": false,
            "uv": [
                16,
                49
            ],
            "rotationOrigin": [
                -0.3,
                0.8,
                -0.4
            ],
            "faces": {
                "north": {
                    "texture": "#leather",
                    "uv": [
                        16,
                        54.5,
                        19.5,
                        60.5
                    ]
                },
                "east": {
                    "texture": "#leather",
                    "uv": [
                        20,
                        54.5,
                        23.5,
                        60.5
                    ]
                },
                "south": {
                    "texture": "#leather",
                    "uv": [
                        24,
                        54.5,
                        27.5,
                        60.5
                    ]
                },
                "west": {
                    "texture": "#leather",
                    "uv": [
                        28,
                        54.5,
                        31.5,
                        60.5
                    ]
                },
                "up": {
                    "texture": "#leather",
                    "uv": [
                        16,
                        49,
                        20.5,
                        52.5
                    ],
                    "autoUv": false
                },
                "down": {
                    "texture": "#leather",
                    "uv": [
                        20.5,
                        49,
                        25,
                        52.5
                    ],
                    "autoUv": false
                }
            }
        },
        {
            "name": "ArmorLowerLegL2",
            "stepParentName": "PawL",
            "from": [
                -0.3,
                0.8,
                -0.25
            ],
            "to": [
                3.2,
                7.1,
                3.25
            ],
            "autoUnwrap": false,
            "uv": [
                0,
                49
            ],
            "rotationOrigin": [
                -0.3,
                0.8,
                -0.4
            ],
            "faces": {
                "north": {
                    "texture": "#leather",
                    "uv": [
                        0,
                        54.5,
                        3.5,
                        60.5
                    ]
                },
                "east": {
                    "texture": "#leather",
                    "uv": [
                        4,
                        54.5,
                        7.5,
                        60.5
                    ]
                },
                "south": {
                    "texture": "#leather",
                    "uv": [
                        8,
                        54.5,
                        11.5,
                        60.5
                    ]
                },
                "west": {
                    "texture": "#leather",
                    "uv": [
                        12,
                        54.5,
                        15.5,
                        60.5
                    ]
                },
                "up": {
                    "texture": "#leather",
                    "uv": [
                        0,
                        49,
                        4.5,
                        52.5
                    ],
                    "autoUv": false
                },
                "down": {
                    "texture": "#leather",
                    "uv": [
                        4.5,
                        49,
                        9,
                        52.5
                    ],
                    "autoUv": false
                }
            }
        }
    ]
}