[
  {
    "side": "server",
    "file": "tradie:config/tradelists/trader-clockmaker",
    "op": "addeach",
    "path": "/selling/list/-",
    "value":
    [
                    {
                        "code": "jonasboat:jonasboatpart-gearbox",
                        "type": "item",
                        "stacksize": 1,
                        "stock": {
                            "avg": 1,
                            "var": 0.25
                        },
                        "price": {
                            "avg": 160,
                             "var": 20
                        },
                    },
					{
                        "code": "jonasboat:jonasboatpart-rotor",
                        "type": "item",
                        "stacksize": 1,
                        "stock": {
                            "avg": 1,
                            "var": 0.25
                        },
                        "price": {
                            "avg": 180,
                             "var": 20
                        },
                   },
	]
 }
]
