{
	"editor": {
		"allAngles": false,
		"entityTextureMode": false
	},
	"textureWidth": 16,
	"textureHeight": 16,
	"textureSizes": {
	},
	"textures": {
		//"enchantedstone-chiseled1": "textures/misc enchanted stone/enchantedstone-chiseled1",
		//"enchantedstone-side": "textures/misc enchanted stone/enchantedstone-side"
	},
	"elements": [
		{
			"name": "Cube2",
			"from": [ 0.0, 2.0, 0.0 ],
			"to": [ 16.0, 8.0, 16.0 ],
			"rotationOrigin": [ 0.0, 2.0, 0.0 ],
			"faces": {
				"north": { "texture": "#enchantedstone-side", "uv": [ 0.0, 0.0, 16.0, 6.0 ] },
				"east": { "texture": "#enchantedstone-side", "uv": [ 0.0, 0.0, 16.0, 6.0 ] },
				"south": { "texture": "#enchantedstone-side", "uv": [ 0.0, 0.0, 16.0, 6.0 ] },
				"west": { "texture": "#enchantedstone-side", "uv": [ 0.0, 0.0, 16.0, 6.0 ] },
				"up": { "texture": "#enchantedstone-chiseled1", "uv": [ 0.0, 0.0, 16.0, 16.0 ] },
				"down": { "texture": "#dark-enchantedstone-rock1", "uv": [ 0.0, 0.0, 16.0, 16.0 ] }
			},
			"children": [
				{
					"name": "Cube3",
					"from": [ 0.0, 6.0, 0.0 ],
					"to": [ 16.0, 8.0, 1.0 ],
					"rotationOrigin": [ 0.0, 6.0, 0.0 ],
					"faces": {
						"north": { "texture": "#dark-enchantedstone-rock1", "uv": [ 0.0, 0.0, 16.0, 2.0 ] },
						"east": { "texture": "#dark-enchantedstone-rock1", "uv": [ 0.0, 0.0, 1.0, 2.0 ] },
						"south": { "texture": "#dark-enchantedstone-rock1", "uv": [ 0.0, 0.0, 16.0, 2.0 ] },
						"west": { "texture": "#dark-enchantedstone-rock1", "uv": [ 0.0, 0.0, 1.0, 2.0 ] },
						"up": { "texture": "#dark-enchantedstone-rock1", "uv": [ 0.0, 0.0, 16.0, 1.0 ] },
						"down": { "texture": "#dark-enchantedstone-rock1", "uv": [ 0.0, 0.0, 16.0, 1.0 ] }
					},
					"children": [
						{
							"name": "Cube5",
							"from": [ 0.0, 0.0, 1.0 ],
							"to": [ 1.0, 0.5, 15.0 ],
							"rotationOrigin": [ 0.0, 0.0, 1.0 ],
							"faces": {
								"north": { "texture": "#dark-enchantedstone-rock1", "uv": [ 0.0, 0.0, 1.0, 0.5 ] },
								"east": { "texture": "#dark-enchantedstone-rock1", "uv": [ 0.0, 0.0, 14.0, 0.5 ] },
								"south": { "texture": "#dark-enchantedstone-rock1", "uv": [ 0.0, 0.0, 1.0, 0.5 ] },
								"west": { "texture": "#dark-enchantedstone-rock1", "uv": [ 0.0, 0.0, 14.0, 0.5 ] },
								"up": { "texture": "#dark-enchantedstone-rock1", "uv": [ 0.0, 0.0, 1.0, 14.0 ] },
								"down": { "texture": "#dark-enchantedstone-rock1", "uv": [ 0.0, 0.0, 1.0, 14.0 ] }
							},
							"children": [
								{
									"name": "Cube7",
									"from": [ 0.0, 0.0, 14.0 ],
									"to": [ 4.0, 0.5, 15.0 ],
									"rotationOrigin": [ 0.0, 0.0, 14.0 ],
									"faces": {
										"north": { "texture": "#dark-enchantedstone-rock1", "uv": [ 0.0, 0.0, 4.0, 0.5 ] },
										"east": { "texture": "#dark-enchantedstone-rock1", "uv": [ 0.0, 0.0, 1.0, 0.5 ] },
										"south": { "texture": "#dark-enchantedstone-rock1", "uv": [ 0.0, 0.0, 4.0, 0.5 ] },
										"west": { "texture": "#dark-enchantedstone-rock1", "uv": [ 0.0, 0.0, 1.0, 0.5 ] },
										"up": { "texture": "#dark-enchantedstone-rock1", "uv": [ 0.0, 0.0, 4.0, 1.0 ] },
										"down": { "texture": "#dark-enchantedstone-rock1", "uv": [ 0.0, 0.0, 4.0, 1.0 ] }
									}
								}
							]
						},
						{
							"name": "Cube6",
							"from": [ 15.0, 0.0, 1.0 ],
							"to": [ 16.0, 0.5, 15.0 ],
							"rotationOrigin": [ 15.0, 0.0, 1.0 ],
							"faces": {
								"north": { "texture": "#dark-enchantedstone-rock1", "uv": [ 0.0, 0.0, 1.0, 0.5 ] },
								"east": { "texture": "#dark-enchantedstone-rock1", "uv": [ 0.0, 0.0, 14.0, 0.5 ] },
								"south": { "texture": "#dark-enchantedstone-rock1", "uv": [ 0.0, 0.0, 1.0, 0.5 ] },
								"west": { "texture": "#dark-enchantedstone-rock1", "uv": [ 0.0, 0.0, 14.0, 0.5 ] },
								"up": { "texture": "#dark-enchantedstone-rock1", "uv": [ 0.0, 0.0, 1.0, 14.0 ] },
								"down": { "texture": "#dark-enchantedstone-rock1", "uv": [ 0.0, 0.0, 1.0, 14.0 ] }
							},
							"children": [
								{
									"name": "Cube4",
									"from": [ -3.0, 0.0, 14.0 ],
									"to": [ 1.0, 0.5, 15.0 ],
									"rotationOrigin": [ -3.0, 0.0, 14.0 ],
									"faces": {
										"north": { "texture": "#dark-enchantedstone-rock1", "uv": [ 0.0, 0.0, 4.0, 0.5 ] },
										"east": { "texture": "#dark-enchantedstone-rock1", "uv": [ 0.0, 0.0, 1.0, 0.5 ] },
										"south": { "texture": "#dark-enchantedstone-rock1", "uv": [ 0.0, 0.0, 4.0, 0.5 ] },
										"west": { "texture": "#dark-enchantedstone-rock1", "uv": [ 0.0, 0.0, 1.0, 0.5 ] },
										"up": { "texture": "#dark-enchantedstone-rock1", "uv": [ 0.0, 0.0, 4.0, 1.0 ] },
										"down": { "texture": "#dark-enchantedstone-rock1", "uv": [ 0.0, 0.0, 4.0, 1.0 ] }
									}
								}
							]
						}
					]
				}
			]
		},
		{
			"name": "Cube8",
			"from": [ 4.0, 0.0, 13.0 ],
			"to": [ 12.0, 2.0, 15.0 ],
			"rotationOrigin": [ 4.0, 0.0, 13.0 ],
			"faces": {
				"north": { "texture": "#dark-enchantedstone-rock1", "uv": [ 4.0, 8.0, 12.0, 10.0 ] },
				"east": { "texture": "#enchantedstone-side", "uv": [ 2.0, 8.0, 4.0, 10.0 ] },
				"south": { "texture": "#enchantedstone-side", "uv": [ 4.0, 8.0, 12.0, 10.0 ] },
				"west": { "texture": "#enchantedstone-side", "uv": [ 12.0, 8.0, 14.0, 10.0 ] },
				"up": { "texture": "#enchantedstone-side", "uv": [ 4.0, 8.0, 12.0, 10.0 ] },
				"down": { "texture": "#enchantedstone-side", "uv": [ 4.0, 8.0, 12.0, 10.0 ] }
			}
		},
		{
			"name": "Cube13",
			"from": [ 0.0, 0.0, -0.5 ],
			"to": [ 0.0, 0.0, -0.5 ],
			"rotationOrigin": [ 0.0, 0.0, -0.5 ],
			"faces": {
				"north": { "texture": "#enchantedstone-cobblestone1", "uv": [ 0.0, 0.0, 0.5, 0.5 ] },
				"east": { "texture": "#enchantedstone-cobblestone1", "uv": [ 0.0, 0.0, 0.5, 0.5 ] },
				"south": { "texture": "#enchantedstone-cobblestone1", "uv": [ 0.0, 0.0, 0.5, 0.5 ] },
				"west": { "texture": "#enchantedstone-cobblestone1", "uv": [ 0.0, 0.0, 0.5, 0.5 ] },
				"up": { "texture": "#enchantedstone-cobblestone1", "uv": [ 0.0, 0.0, 0.5, 0.5 ] },
				"down": { "texture": "#enchantedstone-cobblestone1", "uv": [ 0.0, 0.0, 0.5, 0.5 ] }
			},
			"children": [
				{
					"name": "Cube10",
					"from": [ -2.0, 0.0, 1.1 ],
					"to": [ 8.0, 4.0, 6.9 ],
					"rotationOrigin": [ -2.0, 0.0, 1.1 ],
					"faces": {
						"north": { "texture": "#enchantedstone-cobblestone1", "uv": [ 0.0, 0.0, 10.0, 4.0 ] },
						"east": { "texture": "#enchantedstone-cobblestone1", "uv": [ 0.0, 0.0, 5.5, 4.0 ] },
						"south": { "texture": "#dark-enchantedstone-rock1", "uv": [ 0.0, 0.0, 10.0, 4.0 ] },
						"west": { "texture": "#enchantedstone-cobblestone1", "uv": [ 0.0, 0.0, 5.5, 4.0 ] },
						"up": { "texture": "#enchantedstone-cobblestone1", "uv": [ 0.0, 0.0, 10.0, 5.5 ] },
						"down": { "texture": "#enchantedstone-cobblestone1", "uv": [ 0.0, 0.0, 10.0, 5.5 ] }
					},
					"children": [
						{
							"name": "Cube11",
							"from": [ 0.0, 1.0, -0.1 ],
							"to": [ 4.0, 4.0, 7.9 ],
							"rotationOrigin": [ 0.0, 4.0, -0.1 ],
							"rotationZ": 45.0,
							"faces": {
								"north": { "texture": "#enchantedstone-cobblestone1", "uv": [ 0.0, 0.0, 4.0, 3.0 ] },
								"east": { "texture": "#enchantedstone-cobblestone1", "uv": [ 0.0, 0.0, 8.0, 3.0 ] },
								"south": { "texture": "#enchantedstone-cobblestone1", "uv": [ 0.0, 0.0, 4.0, 3.0 ] },
								"west": { "texture": "#enchantedstone-cobblestone1", "uv": [ 0.0, 0.0, 8.0, 3.0 ] },
								"up": { "texture": "#enchantedstone-cobblestone1", "uv": [ 0.0, 0.0, 4.0, 8.0 ] },
								"down": { "texture": "#enchantedstone-cobblestone1", "uv": [ 0.0, 0.0, 4.0, 8.0 ] }
							}
						},
						{
							"name": "Cube14",
							"from": [ 0.0, 0.0, 5.8 ],
							"to": [ 4.0, 4.0, 7.8 ],
							"rotationOrigin": [ 0.0, 0.0, -1.0 ],
							"faces": {
								"north": { "texture": "#enchantedstone-cobblestone1", "uv": [ 0.0, 0.0, 4.0, 4.0 ] },
								"east": { "texture": "#enchantedstone-cobblestone1", "uv": [ 0.0, 0.0, 2.0, 4.0 ] },
								"south": { "texture": "#enchantedstone-cobblestone1", "uv": [ 0.0, 0.0, 4.0, 4.0 ] },
								"west": { "texture": "#enchantedstone-cobblestone1", "uv": [ 0.0, 0.0, 2.0, 4.0 ] },
								"up": { "texture": "#enchantedstone-cobblestone1", "uv": [ 0.0, 0.0, 4.0, 2.0 ] },
								"down": { "texture": "#enchantedstone-cobblestone1", "uv": [ 0.0, 0.0, 4.0, 2.0 ] }
							}
						}
					]
				},
				{
					"name": "Cube9",
					"from": [ 8.0, 0.0, 1.1 ],
					"to": [ 18.0, 4.0, 6.9 ],
					"rotationOrigin": [ 8.0, 0.0, 1.1 ],
					"faces": {
						"north": { "texture": "#enchantedstone-cobblestone1", "uv": [ 0.0, 0.0, 10.0, 4.0 ] },
						"east": { "texture": "#enchantedstone-cobblestone1", "uv": [ 0.0, 0.0, 5.5, 4.0 ] },
						"south": { "texture": "#dark-enchantedstone-rock1", "uv": [ 0.0, 0.0, 10.0, 4.0 ] },
						"west": { "texture": "#enchantedstone-cobblestone1", "uv": [ 0.0, 0.0, 5.5, 4.0 ] },
						"up": { "texture": "#enchantedstone-cobblestone1", "uv": [ 0.0, 0.0, 10.0, 5.5 ] },
						"down": { "texture": "#enchantedstone-cobblestone1", "uv": [ 0.0, 0.0, 10.0, 5.5 ] }
					},
					"children": [
						{
							"name": "Cube12",
							"from": [ 10.0, 4.0, -0.1 ],
							"to": [ 14.0, 7.0, 7.9 ],
							"rotationOrigin": [ 10.0, 4.0, -0.1 ],
							"rotationZ": 135.0,
							"faces": {
								"north": { "texture": "#enchantedstone-cobblestone1", "uv": [ 0.0, 0.0, 4.0, 3.0 ] },
								"east": { "texture": "#enchantedstone-cobblestone1", "uv": [ 0.0, 0.0, 8.0, 3.0 ] },
								"south": { "texture": "#enchantedstone-cobblestone1", "uv": [ 0.0, 0.0, 4.0, 3.0 ] },
								"west": { "texture": "#enchantedstone-cobblestone1", "uv": [ 0.0, 0.0, 8.0, 3.0 ] },
								"up": { "texture": "#enchantedstone-cobblestone1", "uv": [ 0.0, 0.0, 4.0, 8.0 ] },
								"down": { "texture": "#enchantedstone-cobblestone1", "uv": [ 0.0, 0.0, 4.0, 8.0 ] }
							}
						},
						{
							"name": "Cube15",
							"from": [ 6.0, 0.0, 5.8 ],
							"to": [ 10.0, 4.0, 7.8 ],
							"rotationOrigin": [ 6.0, 0.0, 5.8 ],
							"faces": {
								"north": { "texture": "#enchantedstone-cobblestone1", "uv": [ 0.0, 0.0, 4.0, 4.0 ] },
								"east": { "texture": "#enchantedstone-cobblestone1", "uv": [ 0.0, 0.0, 2.0, 4.0 ] },
								"south": { "texture": "#enchantedstone-cobblestone1", "uv": [ 0.0, 0.0, 4.0, 4.0 ] },
								"west": { "texture": "#enchantedstone-cobblestone1", "uv": [ 0.0, 0.0, 2.0, 4.0 ] },
								"up": { "texture": "#enchantedstone-cobblestone1", "uv": [ 0.0, 0.0, 4.0, 2.0 ] },
								"down": { "texture": "#enchantedstone-cobblestone1", "uv": [ 0.0, 0.0, 4.0, 2.0 ] }
							}
						}
					]
				}
			]
		},
		{
			"name": "Cube16",
			"from": [ 7.0, 0.5, 6.5 ],
			"to": [ 9.0, 2.0, 7.0 ],
			"rotationOrigin": [ 7.0, 0.5, 6.5 ],
			"faces": {
				"north": { "texture": "#material1", "uv": [ 0.0, 0.0, 2.0, 1.5 ] },
				"east": { "texture": "#material1", "uv": [ 0.0, 0.0, 0.5, 1.5 ] },
				"south": { "texture": "#material1", "uv": [ 0.0, 0.0, 2.0, 1.5 ] },
				"west": { "texture": "#material1", "uv": [ 0.0, 0.0, 0.5, 1.5 ] },
				"up": { "texture": "#material1", "uv": [ 0.0, 0.0, 2.0, 0.5 ] },
				"down": { "texture": "#material1", "uv": [ 0.0, 0.0, 2.0, 0.5 ] }
			}
		},
		{
			"name": "Cube17",
			"from": [ 7.0, 0.5, 12.5 ],
			"to": [ 9.0, 2.0, 13.0 ],
			"rotationOrigin": [ 7.0, 0.5, 12.5 ],
			"faces": {
				"north": { "texture": "#material1", "uv": [ 0.0, 0.0, 2.0, 1.5 ] },
				"east": { "texture": "#material1", "uv": [ 0.0, 0.0, 0.5, 1.5 ] },
				"south": { "texture": "#material1", "uv": [ 0.0, 0.0, 2.0, 1.5 ] },
				"west": { "texture": "#material1", "uv": [ 0.0, 0.0, 0.5, 1.5 ] },
				"up": { "texture": "#material1", "uv": [ 0.0, 0.0, 2.0, 0.5 ] },
				"down": { "texture": "#material1", "uv": [ 0.0, 0.0, 2.0, 0.5 ] }
			}
		},
		{
			"name": "Cube18",
			"from": [ 7.0, 1.5, 7.0 ],
			"to": [ 9.0, 2.0, 12.5 ],
			"rotationOrigin": [ 7.0, 1.5, 7.0 ],
			"faces": {
				"north": { "texture": "#material1", "uv": [ 0.0, 0.0, 2.0, 0.5 ] },
				"east": { "texture": "#material1", "uv": [ 0.0, 0.0, 5.5, 0.5 ] },
				"south": { "texture": "#material1", "uv": [ 0.0, 0.0, 2.0, 0.5 ] },
				"west": { "texture": "#material1", "uv": [ 0.0, 0.0, 5.5, 0.5 ] },
				"up": { "texture": "#material1", "uv": [ 0.0, 0.0, 2.0, 5.5 ] },
				"down": { "texture": "#material1", "uv": [ 0.0, 0.0, 2.0, 5.5 ] }
			}
		},
		{
			"name": "Cube19",
			"from": [ 4.0, 8.0, 4.0 ],
			"to": [ 12.0, 9.0, 12.0 ],
			"rotationOrigin": [ 4.0, 8.0, 4.0 ],
			"faces": {
				"north": { "texture": "#enchantedstone-chiseled1", "uv": [ 4.0, 4.0, 12.0, 5.0 ] },
				"east": { "texture": "#enchantedstone-chiseled1", "uv": [ 4.0, 4.0, 5.0, 12.0 ], "rotation": 90 },
				"south": { "texture": "#enchantedstone-chiseled1", "uv": [ 4.0, 4.0, 12.0, 5.0 ] },
				"west": { "texture": "#enchantedstone-chiseled1", "uv": [ 4.0, 4.0, 5.0, 12.0 ], "rotation": 90 },
				"up": { "texture": "#enchantedstone-chiseled1", "uv": [ 4.0, 4.0, 12.0, 12.0 ] },
				"down": { "texture": "#dark-enchantedstone-rock1", "uv": [ 0.0, 0.0, 8.0, 8.0 ] }
			}
		}
	]}