{
	"editor": {
		"allAngles": false,
		"entityTextureMode": false
	},
	"textureWidth": 16,
	"textureHeight": 16,
	"textureSizes": {
	},
	"textures": {
	},
	"elements": [
		{
			"name": "_origin",
			"from": [ 0.0, 0.0, 0.0 ],
			"to": [ 0.0, 0.0, 0.0 ],
			"rotationOrigin": [ 8.0, 0.0, 8.0 ],
			"faces": {
				"north": { "texture": "#default", "uv": [ 0.0, 0.0, 0.5, 0.5 ] },
				"east": { "texture": "#default", "uv": [ 0.0, 0.0, 0.5, 0.5 ] },
				"south": { "texture": "#default", "uv": [ 0.0, 0.0, 0.5, 0.5 ] },
				"west": { "texture": "#default", "uv": [ 0.0, 0.0, 0.5, 0.5 ] },
				"up": { "texture": "#default", "uv": [ 0.0, 0.0, 0.5, 0.5 ] },
				"down": { "texture": "#default", "uv": [ 0.0, 0.0, 0.5, 0.5 ] }
			},
			"children": [
				{
					"name": "_base-bottombar",
					"from": [ 0.0, -11.0, 0.0 ],
					"to": [ 0.0, -11.0, 0.0 ],
					"rotationOrigin": [ 8.0, -11.0, 8.0 ],
					"faces": {
						"north": { "texture": "#default", "uv": [ 0.0, 0.0, 0.5, 0.5 ] },
						"east": { "texture": "#default", "uv": [ 0.0, 0.0, 0.5, 0.5 ] },
						"south": { "texture": "#default", "uv": [ 0.0, 0.0, 0.5, 0.5 ] },
						"west": { "texture": "#default", "uv": [ 0.0, 0.0, 0.5, 0.5 ] },
						"up": { "texture": "#default", "uv": [ 0.0, 0.0, 0.5, 0.5 ] },
						"down": { "texture": "#default", "uv": [ 0.0, 0.0, 0.5, 0.5 ] }
					},
					"children": [
						{
							"name": "base-mainbase",
							"from": [ 0.0, 11.0, 0.0 ],
							"to": [ 16.0, 12.0, 16.0 ],
							"rotationOrigin": [ 0.0, 11.0, 0.0 ],
							"faces": {
								"north": { "texture": "#obsidian1", "uv": [ 0.0, 0.0, 16.0, 1.0 ] },
								"east": { "texture": "#obsidian1", "uv": [ 0.0, 0.0, 16.0, 1.0 ] },
								"south": { "texture": "#obsidian1", "uv": [ 0.0, 0.0, 16.0, 1.0 ] },
								"west": { "texture": "#obsidian1", "uv": [ 0.0, 0.0, 16.0, 1.0 ] },
								"up": { "texture": "#obsidian1", "uv": [ 0.0, 0.0, 16.0, 16.0 ] },
								"down": { "texture": "#obsidian1", "uv": [ 0.0, 0.0, 16.0, 16.0 ] }
							}
						},
						{
							"name": "base-cloth",
							"from": [ 1.0, 12.01, 1.0 ],
							"to": [ 15.0, 12.01, 15.0 ],
							"rotationOrigin": [ 1.0, 12.0, 1.0 ],
							"faces": {
								"up": { "texture": "#cloth", "uv": [ 1.0, 1.0, 15.0, 15.0 ], "autoUv": false }
							},
							"children": [
								{
									"name": "base-clothtop-decal",
									"from": [ 0.0, 0.01, 0.0 ],
									"to": [ 14.0, 0.01, 14.0 ],
									"faces": {
										"up": { "texture": "#clothdecal", "uv": [ 0.0, 0.0, 16.0, 16.0 ], "autoUv": false }
									}
								}
							]
						}
					]
				},
				{
					"name": "_base-plate",
					"from": [ 0.0, -7.5, 0.0 ],
					"to": [ 0.0, -7.5, 0.0 ],
					"rotationOrigin": [ 8.0, -8.0, 8.0 ],
					"faces": {
						"north": { "texture": "#default", "uv": [ 0.0, 0.0, 0.5, 0.5 ] },
						"east": { "texture": "#default", "uv": [ 0.0, 0.0, 0.5, 0.5 ] },
						"south": { "texture": "#default", "uv": [ 0.0, 0.0, 0.5, 0.5 ] },
						"west": { "texture": "#default", "uv": [ 0.0, 0.0, 0.5, 0.5 ] },
						"up": { "texture": "#default", "uv": [ 0.0, 0.0, 0.5, 0.5 ] },
						"down": { "texture": "#default", "uv": [ 0.0, 0.0, 0.5, 0.5 ] }
					},
					"children": [
						{
							"name": "base-plate-1",
							"from": [ 4.0, 9.0, 4.0 ],
							"to": [ 12.0, 9.5, 12.0 ],
							"rotationOrigin": [ 4.0, 9.0, 4.0 ],
							"faces": {
								"north": { "texture": "#material1", "uv": [ 0.0, 0.0, 8.0, 0.5 ] },
								"east": { "texture": "#material1", "uv": [ 0.0, 0.0, 8.0, 0.5 ] },
								"south": { "texture": "#material1", "uv": [ 0.0, 0.0, 8.0, 0.5 ] },
								"west": { "texture": "#material1", "uv": [ 0.0, 0.0, 8.0, 0.5 ] },
								"up": { "texture": "#material1", "uv": [ 0.0, 0.0, 8.0, 8.0 ] },
								"down": { "texture": "#material1", "uv": [ 0.0, 0.0, 8.0, 8.0 ] }
							},
							"children": [
								{
									"name": "base-plateedge-1",
									"from": [ -0.5, 0.0, -0.5 ],
									"to": [ 0.5, 1.0, 0.5 ],
									"faces": {
										"north": { "texture": "#material1", "uv": [ 0.0, 0.0, 1.0, 1.0 ] },
										"east": { "texture": "#material1", "uv": [ 0.0, 0.0, 1.0, 1.0 ] },
										"south": { "texture": "#material1", "uv": [ 0.0, 0.0, 1.0, 1.0 ] },
										"west": { "texture": "#material1", "uv": [ 0.0, 0.0, 1.0, 1.0 ] },
										"up": { "texture": "#material1", "uv": [ 0.0, 0.0, 1.0, 1.0 ] },
										"down": { "texture": "#material1", "uv": [ 0.0, 0.0, 1.0, 1.0 ] }
									}
								},
								{
									"name": "base-plateedge-3",
									"from": [ -0.5, 0.0, 7.5 ],
									"to": [ 0.5, 1.0, 8.5 ],
									"rotationOrigin": [ 0.0, 0.0, 8.0 ],
									"faces": {
										"north": { "texture": "#material1", "uv": [ 0.0, 0.0, 1.0, 1.0 ] },
										"east": { "texture": "#material1", "uv": [ 0.0, 0.0, 1.0, 1.0 ] },
										"south": { "texture": "#material1", "uv": [ 0.0, 0.0, 1.0, 1.0 ] },
										"west": { "texture": "#material1", "uv": [ 0.0, 0.0, 1.0, 1.0 ] },
										"up": { "texture": "#material1", "uv": [ 0.0, 0.0, 1.0, 1.0 ] },
										"down": { "texture": "#material1", "uv": [ 0.0, 0.0, 1.0, 1.0 ] }
									}
								},
								{
									"name": "base-manastone-plate",
									"from": [ 1.0, 0.02, 1.0 ],
									"to": [ 7.0, 0.52, 7.0 ],
									"faces": {
										"north": { "texture": "#manastone2", "uv": [ 0.0, 0.0, 6.0, 0.5 ] },
										"east": { "texture": "#manastone2", "uv": [ 0.0, 0.0, 6.0, 0.5 ] },
										"south": { "texture": "#manastone2", "uv": [ 0.0, 0.0, 6.0, 0.5 ] },
										"west": { "texture": "#manastone2", "uv": [ 0.0, 0.0, 6.0, 0.5 ] },
										"up": { "texture": "#manastone2", "uv": [ 0.0, 0.0, 6.0, 6.0 ] },
										"down": { "texture": "#manastone2", "uv": [ 0.0, 0.0, 6.0, 6.0 ] }
									}
								},
								{
									"name": "base-plate-2",
									"from": [ -1.0, -1.0, -1.0 ],
									"to": [ 9.0, 0.0, 9.0 ],
									"rotationOrigin": [ -1.0, -1.0, -1.0 ],
									"faces": {
										"north": { "texture": "#material2", "uv": [ 0.0, 0.0, 10.0, 1.0 ] },
										"east": { "texture": "#material2", "uv": [ 0.0, 0.0, 10.0, 1.0 ] },
										"south": { "texture": "#material2", "uv": [ 0.0, 0.0, 10.0, 1.0 ] },
										"west": { "texture": "#material2", "uv": [ 0.0, 0.0, 10.0, 1.0 ] },
										"up": { "texture": "#material2", "uv": [ 0.0, 0.0, 10.0, 10.0 ] },
										"down": { "texture": "#material2", "uv": [ 0.0, 0.0, 10.0, 10.0 ] }
									},
									"children": [
										{
											"name": "base-outer-plate",
											"from": [ 1.5, 1.01, 1.5 ],
											"to": [ 8.5, 1.51, 8.5 ],
											"rotationOrigin": [ 0.0, 1.0, 0.0 ],
											"faces": {
												"north": { "texture": "#obsidian1", "uv": [ 0.0, 0.0, 7.0, 0.5 ] },
												"east": { "texture": "#obsidian1", "uv": [ 0.0, 0.0, 7.0, 0.5 ] },
												"south": { "texture": "#obsidian1", "uv": [ 0.0, 0.0, 7.0, 0.5 ] },
												"west": { "texture": "#obsidian1", "uv": [ 0.0, 0.0, 7.0, 0.5 ] },
												"up": { "texture": "#obsidian1", "uv": [ 0.0, 0.0, 7.0, 7.0 ] },
												"down": { "texture": "#obsidian1", "uv": [ 0.0, 0.0, 7.0, 7.0 ] }
											}
										}
									]
								},
								{
									"name": "base-plateedge-4",
									"from": [ 7.5, 0.0, 7.5 ],
									"to": [ 8.5, 1.0, 8.5 ],
									"rotationOrigin": [ 8.0, 0.0, 8.0 ],
									"faces": {
										"north": { "texture": "#material1", "uv": [ 0.0, 0.0, 1.0, 1.0 ] },
										"east": { "texture": "#material1", "uv": [ 0.0, 0.0, 1.0, 1.0 ] },
										"south": { "texture": "#material1", "uv": [ 0.0, 0.0, 1.0, 1.0 ] },
										"west": { "texture": "#material1", "uv": [ 0.0, 0.0, 1.0, 1.0 ] },
										"up": { "texture": "#material1", "uv": [ 0.0, 0.0, 1.0, 1.0 ] },
										"down": { "texture": "#material1", "uv": [ 0.0, 0.0, 1.0, 1.0 ] }
									}
								},
								{
									"name": "base-plateedge-2",
									"from": [ 7.5, 0.0, -0.5 ],
									"to": [ 8.5, 1.0, 0.5 ],
									"rotationOrigin": [ 8.0, 0.0, 0.0 ],
									"faces": {
										"north": { "texture": "#material1", "uv": [ 0.0, 0.0, 1.0, 1.0 ] },
										"east": { "texture": "#material1", "uv": [ 0.0, 0.0, 1.0, 1.0 ] },
										"south": { "texture": "#material1", "uv": [ 0.0, 0.0, 1.0, 1.0 ] },
										"west": { "texture": "#material1", "uv": [ 0.0, 0.0, 1.0, 1.0 ] },
										"up": { "texture": "#material1", "uv": [ 0.0, 0.0, 1.0, 1.0 ] },
										"down": { "texture": "#material1", "uv": [ 0.0, 0.0, 1.0, 1.0 ] }
									}
								}
							]
						}
					]
				},
				{
					"name": "_main",
					"from": [ 0.0, 0.0, 0.0 ],
					"to": [ 0.0, 0.0, 0.0 ],
					"rotationOrigin": [ 8.0, 0.0, 8.0 ],
					"faces": {
						"north": { "texture": "#default", "uv": [ 0.0, 0.0, 0.5, 0.5 ] },
						"east": { "texture": "#default", "uv": [ 0.0, 0.0, 0.5, 0.5 ] },
						"south": { "texture": "#default", "uv": [ 0.0, 0.0, 0.5, 0.5 ] },
						"west": { "texture": "#default", "uv": [ 0.0, 0.0, 0.5, 0.5 ] },
						"up": { "texture": "#default", "uv": [ 0.0, 0.0, 0.5, 0.5 ] },
						"down": { "texture": "#default", "uv": [ 0.0, 0.0, 0.5, 0.5 ] }
					},
					"children": [
						{
							"name": "_centerpillar",
							"from": [ 0.0, 0.0, 0.0 ],
							"to": [ 0.0, 0.0, 0.0 ],
							"rotationOrigin": [ 8.0, 0.0, 8.0 ],
							"faces": {
								"north": { "texture": "#default", "uv": [ 0.0, 0.0, 0.5, 0.5 ] },
								"east": { "texture": "#default", "uv": [ 0.0, 0.0, 0.5, 0.5 ] },
								"south": { "texture": "#default", "uv": [ 0.0, 0.0, 0.5, 0.5 ] },
								"west": { "texture": "#default", "uv": [ 0.0, 0.0, 0.5, 0.5 ] },
								"up": { "texture": "#default", "uv": [ 0.0, 0.0, 0.5, 0.5 ] },
								"down": { "texture": "#default", "uv": [ 0.0, 0.0, 0.5, 0.5 ] }
							},
							"children": [
								{
									"name": "centerpillar-basetop-1",
									"from": [ 5.5, 6.5, 5.5 ],
									"to": [ 5.5, 6.5, 5.5 ],
									"rotationOrigin": [ 5.5, 6.3, 5.5 ],
									"faces": {
										"north": { "texture": "#material2", "uv": [ 0.0, 0.0, 0.5, 0.5 ] },
										"east": { "texture": "#material2", "uv": [ 0.0, 0.0, 0.5, 0.5 ] },
										"south": { "texture": "#material2", "uv": [ 0.0, 0.0, 0.5, 0.5 ] },
										"west": { "texture": "#material2", "uv": [ 0.0, 0.0, 0.5, 0.5 ] },
										"up": { "texture": "#material2", "uv": [ 0.0, 0.0, 0.5, 0.5 ] },
										"down": { "texture": "#material2", "uv": [ 0.0, 0.0, 0.5, 0.5 ] }
									}
								},
								{
									"name": "centerpillar-basebottom-1",
									"from": [ 5.5, 1.25, 5.5 ],
									"to": [ 10.5, 2.25, 10.5 ],
									"rotationOrigin": [ 5.5, 2.3, 5.5 ],
									"faces": {
										"north": { "texture": "#material1", "uv": [ 0.0, 0.0, 5.0, 1.0 ] },
										"east": { "texture": "#material1", "uv": [ 0.0, 0.0, 5.0, 1.0 ] },
										"south": { "texture": "#material1", "uv": [ 0.0, 0.0, 5.0, 1.0 ] },
										"west": { "texture": "#material1", "uv": [ 0.0, 0.0, 5.0, 1.0 ] },
										"up": { "texture": "#material2", "uv": [ 0.0, 0.0, 5.0, 5.0 ] },
										"down": { "texture": "#material1", "uv": [ 0.0, 0.0, 5.0, 5.0 ] }
									},
									"children": [
										{
											"name": "centerpillar-basebottom-2",
											"from": [ 0.0, 1.0, 0.0 ],
											"to": [ 0.5, 1.25, 4.5 ],
											"rotationOrigin": [ 0.0, 1.0, 0.0 ],
											"faces": {
												"north": { "texture": "#material1", "uv": [ 0.0, 0.0, 0.5, 0.5 ] },
												"east": { "texture": "#material1", "uv": [ 0.0, 0.0, 4.5, 0.5 ] },
												"south": { "texture": "#material1", "uv": [ 0.0, 0.0, 0.5, 0.5 ] },
												"west": { "texture": "#material1", "uv": [ 0.0, 0.0, 4.5, 0.5 ] },
												"up": { "texture": "#material1", "uv": [ 0.0, 0.0, 0.5, 4.5 ] },
												"down": { "texture": "#material1", "uv": [ 0.0, 0.0, 0.5, 4.5 ] }
											}
										},
										{
											"name": "centerpillar-basebottom-3",
											"from": [ 4.5, 1.0, 0.5 ],
											"to": [ 5.0, 1.25, 5.0 ],
											"rotationOrigin": [ 4.0, 1.0, 1.0 ],
											"faces": {
												"north": { "texture": "#material1", "uv": [ 0.0, 0.0, 0.5, 0.5 ] },
												"east": { "texture": "#material1", "uv": [ 0.0, 0.0, 4.5, 0.5 ] },
												"south": { "texture": "#material1", "uv": [ 0.0, 0.0, 0.5, 0.5 ] },
												"west": { "texture": "#material1", "uv": [ 0.0, 0.0, 4.5, 0.5 ] },
												"up": { "texture": "#material1", "uv": [ 0.0, 0.0, 0.5, 4.5 ] },
												"down": { "texture": "#material1", "uv": [ 0.0, 0.0, 0.5, 4.5 ] }
											}
										},
										{
											"name": "centerpillar-basebottom-4",
											"from": [ 0.5, 1.0, 0.0 ],
											"to": [ 5.0, 1.25, 0.5 ],
											"rotationOrigin": [ 0.0, 1.0, 0.0 ],
											"faces": {
												"north": { "texture": "#material1", "uv": [ 0.0, 0.0, 4.5, 0.5 ] },
												"east": { "texture": "#material1", "uv": [ 0.0, 0.0, 0.5, 0.5 ] },
												"south": { "texture": "#material1", "uv": [ 0.0, 0.0, 4.5, 0.5 ] },
												"west": { "texture": "#material1", "uv": [ 0.0, 0.0, 0.5, 0.5 ] },
												"up": { "texture": "#material1", "uv": [ 0.0, 0.0, 4.5, 0.5 ] },
												"down": { "texture": "#material1", "uv": [ 0.0, 0.0, 4.5, 0.5 ] }
											}
										},
										{
											"name": "centerpillar-basebottom-5",
											"from": [ 0.0, 1.0, 4.5 ],
											"to": [ 4.5, 1.25, 5.0 ],
											"rotationOrigin": [ 0.0, 1.0, 5.0 ],
											"faces": {
												"north": { "texture": "#material1", "uv": [ 0.0, 0.0, 4.5, 0.5 ] },
												"east": { "texture": "#material1", "uv": [ 0.0, 0.0, 0.5, 0.5 ] },
												"south": { "texture": "#material1", "uv": [ 0.0, 0.0, 4.5, 0.5 ] },
												"west": { "texture": "#material1", "uv": [ 0.0, 0.0, 0.5, 0.5 ] },
												"up": { "texture": "#material1", "uv": [ 0.0, 0.0, 4.5, 0.5 ] },
												"down": { "texture": "#material1", "uv": [ 0.0, 0.0, 4.5, 0.5 ] }
											}
										},
										{
											"name": "Cube127",
											"from": [ 2.0, 0.5, 2.0 ],
											"to": [ 3.0, 1.5, 3.0 ],
											"renderPass": 3,
											"rotationOrigin": [ 2.0, 0.5, 2.0 ],
											"faces": {
												"north": { "texture": "#rustyglow", "uv": [ 0.0, 0.0, 1.0, 1.0 ] },
												"east": { "texture": "#rustyglow", "uv": [ 0.0, 0.0, 1.0, 1.0 ] },
												"south": { "texture": "#rustyglow", "uv": [ 0.0, 0.0, 1.0, 1.0 ] },
												"west": { "texture": "#rustyglow", "uv": [ 0.0, 0.0, 1.0, 1.0 ] },
												"up": { "texture": "#rustyglow", "uv": [ 0.0, 0.0, 1.0, 1.0 ] },
												"down": { "texture": "#rustyglow", "uv": [ 0.0, 0.0, 1.0, 1.0 ] }
											},
											"children": [
												{
													"name": "centerpillar-manastonetip",
													"from": [ 0.25, 0.89, 0.25 ],
													"to": [ 0.75, 2.89, 0.75 ],
													"rotationOrigin": [ 0.0, 0.9, 0.0 ],
													"faces": {
														"north": { "texture": "#rustyglow", "uv": [ 0.0, 0.0, 0.5, 2.0 ] },
														"east": { "texture": "#rustyglow", "uv": [ 0.0, 0.0, 0.5, 2.0 ] },
														"south": { "texture": "#rustyglow", "uv": [ 0.0, 0.0, 0.5, 2.0 ] },
														"west": { "texture": "#rustyglow", "uv": [ 0.0, 0.0, 0.5, 2.0 ] },
														"up": { "texture": "#rustyglow", "uv": [ 0.0, 0.0, 0.5, 0.5 ] },
														"down": { "texture": "#rustyglow", "uv": [ 0.0, 0.0, 0.5, 0.5 ] }
													}
												}
											]
										}
									]
								}
							]
						}
					]
				}
			]
		},
		{
			"name": "_origin123",
			"from": [ 0.0, 15.0, 0.0 ],
			"to": [ 0.0, 15.0, 0.0 ],
			"rotationOrigin": [ 8.0, 15.0, 8.0 ],
			"faces": {
				"north": { "texture": "#material1", "uv": [ 0.0, 0.0, 0.5, 0.5 ] },
				"east": { "texture": "#material1", "uv": [ 0.0, 0.0, 0.5, 0.5 ] },
				"south": { "texture": "#material1", "uv": [ 0.0, 0.0, 0.5, 0.5 ] },
				"west": { "texture": "#material1", "uv": [ 0.0, 0.0, 0.5, 0.5 ] },
				"up": { "texture": "#material1", "uv": [ 0.0, 0.0, 0.5, 0.5 ] },
				"down": { "texture": "#material1", "uv": [ 0.0, 0.0, 0.5, 0.5 ] }
			},
			"children": [
				{
					"name": "Cube124",
					"from": [ 0.0, 0.0, 0.0 ],
					"to": [ 0.0, 0.0, 0.0 ],
					"rotationOrigin": [ 8.0, 0.0, 8.0 ],
					"faces": {
						"north": { "texture": "#material1", "uv": [ 0.0, 0.0, 0.5, 0.5 ] },
						"east": { "texture": "#material1", "uv": [ 0.0, 0.0, 0.5, 0.5 ] },
						"south": { "texture": "#material1", "uv": [ 0.0, 0.0, 0.5, 0.5 ] },
						"west": { "texture": "#material1", "uv": [ 0.0, 0.0, 0.5, 0.5 ] },
						"up": { "texture": "#material1", "uv": [ 0.0, 0.0, 0.5, 0.5 ] },
						"down": { "texture": "#material1", "uv": [ 0.0, 0.0, 0.5, 0.5 ] }
					}
				},
				{
					"name": "baseanchor125",
					"from": [ 0.0, -7.0, 13.0 ],
					"to": [ 3.0, -5.0, 16.0 ],
					"rotationOrigin": [ 0.0, -7.0, 13.0 ],
					"faces": {
						"north": { "texture": "#obsidian1", "uv": [ 0.0, 0.0, 3.0, 2.0 ] },
						"east": { "texture": "#obsidian1", "uv": [ 0.0, 0.0, 3.0, 2.0 ] },
						"south": { "texture": "#obsidian1", "uv": [ 0.0, 0.0, 3.0, 2.0 ] },
						"west": { "texture": "#obsidian1", "uv": [ 0.0, 0.0, 3.0, 2.0 ] },
						"up": { "texture": "#obsidian1", "uv": [ 0.0, 0.0, 3.0, 3.0 ] },
						"down": { "texture": "#obsidian1", "uv": [ 0.0, 0.0, 3.0, 3.0 ] }
					},
					"children": [
						{
							"name": "Cube126",
							"from": [ 0.4, 2.0, 0.5 ],
							"to": [ 2.4, 8.0, 2.5 ],
							"rotationOrigin": [ 0.4, 2.0, 2.5 ],
							"rotationX": -15.0,
							"rotationY": 1.4,
							"rotationZ": -15.0,
							"faces": {
								"north": { "texture": "#manastone1", "uv": [ 0.0, 0.0, 2.0, 6.0 ] },
								"east": { "texture": "#manastone1", "uv": [ 0.0, 0.0, 2.0, 6.0 ] },
								"south": { "texture": "#manastone1", "uv": [ 0.0, 0.0, 2.0, 6.0 ] },
								"west": { "texture": "#manastone1", "uv": [ 0.0, 0.0, 2.0, 6.0 ] },
								"up": { "texture": "#manastone1", "uv": [ 0.0, 0.0, 2.0, 2.0 ] },
								"down": { "texture": "#manastone1", "uv": [ 0.0, 0.0, 2.0, 2.0 ] }
							},
							"children": [
								{
									"name": "Cube1302",
									"from": [ 0.0, 6.3, 0.0 ],
									"to": [ 2.0, 10.3, 2.0 ],
									"rotationOrigin": [ 0.0, 6.3, 2.0 ],
									"rotationX": -26.0,
									"rotationY": 4.9,
									"rotationZ": -26.0,
									"faces": {
										"north": { "texture": "#manastone1", "uv": [ 0.0, 0.0, 2.0, 4.0 ] },
										"east": { "texture": "#manastone1", "uv": [ 0.0, 0.0, 2.0, 4.0 ] },
										"south": { "texture": "#manastone1", "uv": [ 0.0, 0.0, 2.0, 4.0 ] },
										"west": { "texture": "#manastone1", "uv": [ 0.0, 0.0, 2.0, 4.0 ] },
										"up": { "texture": "#manastone1", "uv": [ 0.0, 0.0, 2.0, 2.0 ] },
										"down": { "texture": "#manastone1", "uv": [ 0.0, 0.0, 2.0, 2.0 ] }
									},
									"children": [
										{
											"name": "Cube131",
											"from": [ -0.2855, -0.8417, -0.7126 ],
											"to": [ 2.7145, 1.1583, 2.2874 ],
											"rotationOrigin": [ -0.0855, 0.1583, 2.0874 ],
											"rotationX": 12.02,
											"rotationY": 0.475,
											"rotationZ": 11.422,
											"faces": {
												"north": { "texture": "#obsidian1", "uv": [ 0.0, 0.0, 3.0, 2.0 ] },
												"east": { "texture": "#obsidian1", "uv": [ 0.0, 0.0, 3.0, 2.0 ] },
												"south": { "texture": "#obsidian1", "uv": [ 0.0, 0.0, 3.0, 2.0 ] },
												"west": { "texture": "#obsidian1", "uv": [ 0.0, 0.0, 3.0, 2.0 ] },
												"up": { "texture": "#obsidian1", "uv": [ 0.0, 0.0, 3.0, 3.0 ] },
												"down": { "texture": "#obsidian1", "uv": [ 0.0, 0.0, 3.0, 3.0 ] }
											},
											"children": [
												{
													"name": "Cube105",
													"from": [ -0.1, 0.75, -0.1 ],
													"to": [ 3.1, 1.25, 3.1 ],
													"rotationOrigin": [ -0.1, 0.5, -0.1 ],
													"faces": {
														"north": { "texture": "#rustyglow", "uv": [ 0.0, 0.0, 3.0, 0.5 ] },
														"east": { "texture": "#rustyglow", "uv": [ 0.0, 0.0, 3.0, 0.5 ] },
														"south": { "texture": "#rustyglow", "uv": [ 0.0, 0.0, 3.0, 0.5 ] },
														"west": { "texture": "#rustyglow", "uv": [ 0.0, 0.0, 3.0, 0.5 ] },
														"up": { "texture": "#rustyglow", "uv": [ 0.0, 0.0, 3.0, 3.0 ] },
														"down": { "texture": "#rustyglow", "uv": [ 0.0, 0.0, 3.0, 3.0 ] }
													}
												}
											]
										},
										{
											"name": "Cube2",
											"from": [ 0.0, 4.0, 0.0 ],
											"to": [ 2.0, 4.5, 2.0 ],
											"rotationOrigin": [ 0.0, 4.0, 0.0 ],
											"faces": {
												"north": { "texture": "#obsidian1", "uv": [ 0.0, 0.0, 2.0, 0.5 ] },
												"east": { "texture": "#obsidian1", "uv": [ 0.0, 0.0, 2.0, 0.5 ] },
												"south": { "texture": "#obsidian1", "uv": [ 0.0, 0.0, 2.0, 0.5 ] },
												"west": { "texture": "#obsidian1", "uv": [ 0.0, 0.0, 2.0, 0.5 ] },
												"up": { "texture": "#obsidian1", "uv": [ 0.0, 0.0, 2.0, 2.0 ] },
												"down": { "texture": "#obsidian1", "uv": [ 0.0, 0.0, 2.0, 2.0 ] }
											},
											"children": [
												{
													"name": "Cube3",
													"from": [ 0.25, 0.5, 0.25 ],
													"to": [ 1.75, 1.0, 1.75 ],
													"rotationOrigin": [ 0.0, 0.5, 0.2 ],
													"faces": {
														"north": { "texture": "#rustyglow", "uv": [ 0.0, 0.0, 1.5, 0.5 ] },
														"east": { "texture": "#rustyglow", "uv": [ 0.0, 0.0, 1.5, 0.5 ] },
														"south": { "texture": "#rustyglow", "uv": [ 0.0, 0.0, 1.5, 0.5 ] },
														"west": { "texture": "#rustyglow", "uv": [ 0.0, 0.0, 1.5, 0.5 ] },
														"up": { "texture": "#rustyglow", "uv": [ 0.0, 0.0, 1.5, 1.5 ] },
														"down": { "texture": "#rustyglow", "uv": [ 0.0, 0.0, 1.5, 1.5 ] }
													}
												}
											]
										}
									]
								}
							]
						},
						{
							"name": "Cube104",
							"from": [ -0.1, 0.75, -0.1 ],
							"to": [ 3.1, 1.25, 3.1 ],
							"rotationOrigin": [ -0.1, 0.7, -0.1 ],
							"faces": {
								"north": { "texture": "#rustyglow", "uv": [ 0.0, 0.0, 3.0, 0.5 ] },
								"east": { "texture": "#rustyglow", "uv": [ 0.0, 0.0, 3.0, 0.5 ] },
								"south": { "texture": "#rustyglow", "uv": [ 0.0, 0.0, 3.0, 0.5 ] },
								"west": { "texture": "#rustyglow", "uv": [ 0.0, 0.0, 3.0, 0.5 ] },
								"up": { "texture": "#rustyglow", "uv": [ 0.0, 0.0, 3.0, 3.0 ] },
								"down": { "texture": "#rustyglow", "uv": [ 0.0, 0.0, 3.0, 3.0 ] }
							}
						}
					]
				},
				{
					"name": "base-barbrace-128",
					"from": [ 3.01, -15.0, 15.99 ],
					"to": [ 6.03, -12.0, 19.01 ],
					"rotationOrigin": [ 3.0, -15.0, 16.0 ],
					"rotationX": 180.0,
					"rotationZ": 180.0,
					"faces": {
						"north": { "texture": "#obsidian1", "uv": [ 0.0, 0.0, 3.0, 3.0 ] },
						"east": { "texture": "#obsidian1", "uv": [ 0.0, 0.0, 3.0, 3.0 ] },
						"south": { "texture": "#obsidian1", "uv": [ 0.0, 0.0, 3.0, 3.0 ] },
						"west": { "texture": "#obsidian1", "uv": [ 0.0, 0.0, 3.0, 3.0 ] },
						"up": { "texture": "#obsidian1", "uv": [ 0.0, 0.0, 3.0, 3.0 ] },
						"down": { "texture": "#obsidian1", "uv": [ 0.0, 0.0, 3.0, 3.0 ] }
					},
					"children": [
						{
							"name": "Cube130",
							"from": [ 0.5, 1.0, 0.5 ],
							"to": [ 2.5, 8.0, 2.5 ],
							"rotationOrigin": [ 0.5, 1.0, 0.5 ],
							"faces": {
								"north": { "texture": "#manastone1", "uv": [ 0.0, 0.0, 2.0, 7.0 ] },
								"east": { "texture": "#manastone1", "uv": [ 0.0, 0.0, 2.0, 7.0 ] },
								"south": { "texture": "#manastone1", "uv": [ 0.0, 0.0, 2.0, 7.0 ] },
								"west": { "texture": "#manastone1", "uv": [ 0.0, 0.0, 2.0, 7.0 ] },
								"up": { "texture": "#manastone1", "uv": [ 0.0, 0.0, 2.0, 2.0 ] },
								"down": { "texture": "#manastone1", "uv": [ 0.0, 0.0, 2.0, 2.0 ] }
							}
						},
						{
							"name": "Cube110",
							"from": [ -0.1, 2.0, -0.1 ],
							"to": [ 3.1, 2.5, 3.1 ],
							"rotationOrigin": [ -0.1, 2.0, -0.1 ],
							"faces": {
								"north": { "texture": "#rustyglow", "uv": [ 0.0, 0.0, 3.0, 0.5 ] },
								"east": { "texture": "#rustyglow", "uv": [ 0.0, 0.0, 3.0, 0.5 ] },
								"south": { "texture": "#rustyglow", "uv": [ 0.0, 0.0, 3.0, 0.5 ] },
								"west": { "texture": "#rustyglow", "uv": [ 0.0, 0.0, 3.0, 0.5 ] },
								"up": { "texture": "#rustyglow", "uv": [ 0.0, 0.0, 3.0, 3.0 ] },
								"down": { "texture": "#rustyglow", "uv": [ 0.0, 0.0, 3.0, 3.0 ] }
							}
						},
						{
							"name": "Cube4",
							"from": [ 0.5, 4.5, 0.0 ],
							"to": [ 2.5, 6.5, 3.0 ],
							"rotationOrigin": [ 1.5, 5.5, 1.5 ],
							"rotationZ": 45.0,
							"faces": {
								"north": { "texture": "#obsidian1", "uv": [ 0.0, 0.0, 2.0, 2.0 ] },
								"east": { "texture": "#obsidian1", "uv": [ 0.0, 0.0, 3.0, 2.0 ] },
								"south": { "texture": "#obsidian1", "uv": [ 0.0, 0.0, 2.0, 2.0 ] },
								"west": { "texture": "#obsidian1", "uv": [ 0.0, 0.0, 3.0, 2.0 ] },
								"up": { "texture": "#obsidian1", "uv": [ 0.0, 0.0, 2.0, 3.0 ] },
								"down": { "texture": "#obsidian1", "uv": [ 0.0, 0.0, 2.0, 3.0 ] }
							},
							"children": [
								{
									"name": "Cube5",
									"from": [ 0.0, 0.0, 0.0 ],
									"to": [ 2.0, 2.0, 3.0 ],
									"rotationOrigin": [ 1.0, 1.0, 1.5 ],
									"rotationX": 90.0,
									"rotationY": 45.0,
									"rotationZ": -45.0,
									"faces": {
										"north": { "texture": "#obsidian10", "uv": [ 0.0, 0.0, 2.0, 2.0 ] },
										"east": { "texture": "#obsidian10", "uv": [ 0.0, 0.0, 3.0, 2.0 ] },
										"south": { "texture": "#obsidian10", "uv": [ 0.0, 0.0, 2.0, 2.0 ] },
										"west": { "texture": "#obsidian10", "uv": [ 0.0, 0.0, 3.0, 2.0 ] },
										"up": { "texture": "#obsidian10", "uv": [ 0.0, 0.0, 2.0, 3.0 ] },
										"down": { "texture": "#obsidian10", "uv": [ 0.0, 0.0, 2.0, 3.0 ] }
									}
								}
							]
						}
					]
				},
				{
					"name": "_outerbrace130",
					"from": [ 0.1, -13.0, -0.1 ],
					"to": [ 0.1, -13.0, -0.1 ],
					"rotationOrigin": [ 8.1, -13.0, 7.9 ],
					"rotationX": -180.0,
					"rotationZ": -180.0,
					"faces": {
						"north": { "texture": "#default", "uv": [ 0.0, 0.0, 0.5, 0.5 ] },
						"east": { "texture": "#default", "uv": [ 0.0, 0.0, 0.5, 0.5 ] },
						"south": { "texture": "#default", "uv": [ 0.0, 0.0, 0.5, 0.5 ] },
						"west": { "texture": "#default", "uv": [ 0.0, 0.0, 0.5, 0.5 ] },
						"up": { "texture": "#default", "uv": [ 0.0, 0.0, 0.5, 0.5 ] },
						"down": { "texture": "#default", "uv": [ 0.0, 0.0, 0.5, 0.5 ] }
					},
					"children": [
						{
							"name": "outerbrace4-side131",
							"from": [ 10.11, 0.0, 4.35 ],
							"to": [ 11.61, 3.0, 5.85 ],
							"rotationOrigin": [ 10.16, 0.0, 5.4 ],
							"rotationY": 0.02,
							"faces": {
								"north": { "texture": "#material2", "uv": [ 0.0, 0.0, 1.5, 3.0 ] },
								"east": { "texture": "#material2", "uv": [ 0.0, 0.0, 1.5, 3.0 ] },
								"south": { "texture": "#material2", "uv": [ 0.0, 0.0, 1.5, 3.0 ] },
								"west": { "texture": "#material2", "uv": [ 0.0, 0.0, 1.5, 3.0 ] },
								"up": { "texture": "#material2", "uv": [ 0.0, 0.0, 1.5, 1.5 ] },
								"down": { "texture": "#material2", "uv": [ 0.0, 0.0, 1.5, 1.5 ] }
							},
							"children": [
								{
									"name": "Cube139",
									"from": [ 0.0, 3.0, 0.0 ],
									"to": [ 1.5, 3.5, 1.5 ],
									"rotationOrigin": [ 0.0, 2.5, 0.0 ],
									"faces": {
										"north": { "texture": "#rustyglow", "uv": [ 0.0, 0.0, 1.5, 0.5 ] },
										"east": { "texture": "#rustyglow", "uv": [ 0.0, 0.0, 1.5, 0.5 ] },
										"south": { "texture": "#rustyglow", "uv": [ 0.0, 0.0, 1.5, 0.5 ] },
										"west": { "texture": "#rustyglow", "uv": [ 0.0, 0.0, 1.5, 0.5 ] },
										"up": { "texture": "#rustyglow", "uv": [ 0.0, 0.0, 1.5, 1.5 ] },
										"down": { "texture": "#rustyglow", "uv": [ 0.0, 0.0, 1.5, 1.5 ] }
									}
								}
							]
						},
						{
							"name": "centerpillar-brace-1",
							"from": [ 9.9, 0.0, 4.9 ],
							"to": [ 11.1, 5.5, 6.1 ],
							"rotationOrigin": [ 9.9, 0.0, 4.9 ],
							"faces": {
								"north": { "texture": "#manastone2", "uv": [ 0.0, 0.0, 1.0, 5.5 ] },
								"east": { "texture": "#manastone2", "uv": [ 0.0, 0.0, 1.0, 5.5 ] },
								"south": { "texture": "#manastone2", "uv": [ 0.0, 0.0, 1.0, 5.5 ] },
								"west": { "texture": "#manastone2", "uv": [ 0.0, 0.0, 1.0, 5.5 ] },
								"up": { "texture": "#manastone2", "uv": [ 0.0, 0.0, 1.0, 1.0 ] },
								"down": { "texture": "#manastone2", "uv": [ 0.0, 0.0, 1.0, 1.0 ] }
							},
							"children": [
								{
									"name": "Cube133",
									"from": [ 0.0, 5.5, 0.0 ],
									"to": [ 1.2, 6.0, 1.2 ],
									"rotationOrigin": [ 0.0, 6.0, 0.0 ],
									"faces": {
										"north": { "texture": "#obsidian1", "uv": [ 0.0, 0.0, 1.0, 0.5 ] },
										"east": { "texture": "#obsidian1", "uv": [ 0.0, 0.0, 1.0, 0.5 ] },
										"south": { "texture": "#obsidian1", "uv": [ 0.0, 0.0, 1.0, 0.5 ] },
										"west": { "texture": "#obsidian1", "uv": [ 0.0, 0.0, 1.0, 0.5 ] },
										"up": { "texture": "#obsidian1", "uv": [ 0.0, 0.0, 1.0, 1.0 ] },
										"down": { "texture": "#obsidian1", "uv": [ 0.0, 0.0, 1.0, 1.0 ] }
									}
								}
							]
						}
					]
				},
				{
					"name": "Cube6",
					"from": [ 5.73, -7.0, 10.725 ],
					"to": [ 6.23, -6.3, 11.225 ],
					"rotationOrigin": [ 5.725, -7.0, 10.725 ],
					"rotationX": 180.0,
					"rotationZ": 180.0,
					"faces": {
						"north": { "texture": "#rustyglow", "uv": [ 0.0, 0.0, 0.5, 0.5 ] },
						"east": { "texture": "#rustyglow", "uv": [ 0.0, 0.0, 0.5, 0.5 ] },
						"south": { "texture": "#rustyglow", "uv": [ 0.0, 0.0, 0.5, 0.5 ] },
						"west": { "texture": "#rustyglow", "uv": [ 0.0, 0.0, 0.5, 0.5 ] },
						"up": { "texture": "#rustyglow", "uv": [ 0.0, 0.0, 0.5, 0.5 ] },
						"down": { "texture": "#rustyglow", "uv": [ 0.0, 0.0, 0.5, 0.5 ] }
					},
					"children": [
						{
							"name": "tube1",
							"from": [ 0.12, 0.6, 0.125 ],
							"to": [ 0.37, 4.6, 0.375 ],
							"rotationOrigin": [ 0.12, 0.6, 0.375 ],
							"rotationX": -50.0,
							"rotationY": 25.6,
							"rotationZ": -50.0,
							"faces": {
								"north": { "texture": "#rustyglow", "uv": [ 0.0, 0.0, 0.5, 4.0 ] },
								"east": { "texture": "#rustyglow", "uv": [ 0.0, 0.0, 0.5, 4.0 ] },
								"south": { "texture": "#rustyglow", "uv": [ 0.0, 0.0, 0.5, 4.0 ] },
								"west": { "texture": "#rustyglow", "uv": [ 0.0, 0.0, 0.5, 4.0 ] },
								"up": { "texture": "#rustyglow", "uv": [ 0.0, 0.0, 0.5, 0.5 ] },
								"down": { "texture": "#rustyglow", "uv": [ 0.0, 0.0, 0.5, 0.5 ] }
							}
						},
						{
							"name": "tube2",
							"from": [ 0.12, 0.6, 0.125 ],
							"to": [ 0.37, 6.6, 0.375 ],
							"rotationOrigin": [ 0.12, 0.6, 0.375 ],
							"rotationX": -13.5,
							"rotationY": 11.0,
							"rotationZ": -13.5,
							"faces": {
								"north": { "texture": "#rustyglow", "uv": [ 0.0, 0.0, 0.5, 6.0 ] },
								"east": { "texture": "#rustyglow", "uv": [ 0.0, 0.0, 0.5, 6.0 ] },
								"south": { "texture": "#rustyglow", "uv": [ 0.0, 0.0, 0.5, 6.0 ] },
								"west": { "texture": "#rustyglow", "uv": [ 0.0, 0.0, 0.5, 6.0 ] },
								"up": { "texture": "#rustyglow", "uv": [ 0.0, 0.0, 0.5, 0.5 ] },
								"down": { "texture": "#rustyglow", "uv": [ 0.0, 0.0, 0.5, 0.5 ] }
							}
						}
					]
				}
			]
		},
		{
			"name": "_origin124",
			"from": [ 0.0, 15.0, 0.0 ],
			"to": [ 0.0, 15.0, 0.0 ],
			"rotationOrigin": [ 8.0, 15.0, 8.0 ],
			"rotationY": -180.0,
			"faces": {
				"north": { "texture": "#material1", "uv": [ 0.0, 0.0, 0.5, 0.5 ] },
				"east": { "texture": "#material1", "uv": [ 0.0, 0.0, 0.5, 0.5 ] },
				"south": { "texture": "#material1", "uv": [ 0.0, 0.0, 0.5, 0.5 ] },
				"west": { "texture": "#material1", "uv": [ 0.0, 0.0, 0.5, 0.5 ] },
				"up": { "texture": "#material1", "uv": [ 0.0, 0.0, 0.5, 0.5 ] },
				"down": { "texture": "#material1", "uv": [ 0.0, 0.0, 0.5, 0.5 ] }
			},
			"children": [
				{
					"name": "Cube125",
					"from": [ 0.0, 0.0, 0.0 ],
					"to": [ 0.0, 0.0, 0.0 ],
					"rotationOrigin": [ 8.0, 0.0, 8.0 ],
					"faces": {
						"north": { "texture": "#material1", "uv": [ 0.0, 0.0, 0.5, 0.5 ] },
						"east": { "texture": "#material1", "uv": [ 0.0, 0.0, 0.5, 0.5 ] },
						"south": { "texture": "#material1", "uv": [ 0.0, 0.0, 0.5, 0.5 ] },
						"west": { "texture": "#material1", "uv": [ 0.0, 0.0, 0.5, 0.5 ] },
						"up": { "texture": "#material1", "uv": [ 0.0, 0.0, 0.5, 0.5 ] },
						"down": { "texture": "#material1", "uv": [ 0.0, 0.0, 0.5, 0.5 ] }
					}
				},
				{
					"name": "baseanchor126",
					"from": [ 0.0, -7.0, 13.0 ],
					"to": [ 3.0, -5.0, 16.0 ],
					"rotationOrigin": [ 0.0, -7.0, 13.0 ],
					"faces": {
						"north": { "texture": "#obsidian1", "uv": [ 0.0, 0.0, 3.0, 2.0 ] },
						"east": { "texture": "#obsidian1", "uv": [ 0.0, 0.0, 3.0, 2.0 ] },
						"south": { "texture": "#obsidian1", "uv": [ 0.0, 0.0, 3.0, 2.0 ] },
						"west": { "texture": "#obsidian1", "uv": [ 0.0, 0.0, 3.0, 2.0 ] },
						"up": { "texture": "#obsidian1", "uv": [ 0.0, 0.0, 3.0, 3.0 ] },
						"down": { "texture": "#obsidian1", "uv": [ 0.0, 0.0, 3.0, 3.0 ] }
					},
					"children": [
						{
							"name": "Cube128",
							"from": [ 0.4, 2.0, 0.5 ],
							"to": [ 2.4, 8.0, 2.5 ],
							"rotationOrigin": [ 0.4, 2.0, 2.5 ],
							"rotationX": -15.0,
							"rotationY": 1.4,
							"rotationZ": -15.0,
							"faces": {
								"north": { "texture": "#manastone1", "uv": [ 0.0, 0.0, 2.0, 6.0 ] },
								"east": { "texture": "#manastone1", "uv": [ 0.0, 0.0, 2.0, 6.0 ] },
								"south": { "texture": "#manastone1", "uv": [ 0.0, 0.0, 2.0, 6.0 ] },
								"west": { "texture": "#manastone1", "uv": [ 0.0, 0.0, 2.0, 6.0 ] },
								"up": { "texture": "#manastone1", "uv": [ 0.0, 0.0, 2.0, 2.0 ] },
								"down": { "texture": "#manastone1", "uv": [ 0.0, 0.0, 2.0, 2.0 ] }
							},
							"children": [
								{
									"name": "Cube1303",
									"from": [ 0.0, 6.3, 0.0 ],
									"to": [ 2.0, 10.3, 2.0 ],
									"rotationOrigin": [ 0.0, 6.3, 2.0 ],
									"rotationX": -26.0,
									"rotationY": 4.9,
									"rotationZ": -26.0,
									"faces": {
										"north": { "texture": "#manastone1", "uv": [ 0.0, 0.0, 2.0, 4.0 ] },
										"east": { "texture": "#manastone1", "uv": [ 0.0, 0.0, 2.0, 4.0 ] },
										"south": { "texture": "#manastone1", "uv": [ 0.0, 0.0, 2.0, 4.0 ] },
										"west": { "texture": "#manastone1", "uv": [ 0.0, 0.0, 2.0, 4.0 ] },
										"up": { "texture": "#manastone1", "uv": [ 0.0, 0.0, 2.0, 2.0 ] },
										"down": { "texture": "#manastone1", "uv": [ 0.0, 0.0, 2.0, 2.0 ] }
									},
									"children": [
										{
											"name": "Cube132",
											"from": [ -0.2855, -0.8417, -0.7126 ],
											"to": [ 2.7145, 1.1583, 2.2874 ],
											"rotationOrigin": [ -0.0855, 0.1583, 2.0874 ],
											"rotationX": 12.02,
											"rotationY": 0.475,
											"rotationZ": 11.422,
											"faces": {
												"north": { "texture": "#obsidian1", "uv": [ 0.0, 0.0, 3.0, 2.0 ] },
												"east": { "texture": "#obsidian1", "uv": [ 0.0, 0.0, 3.0, 2.0 ] },
												"south": { "texture": "#obsidian1", "uv": [ 0.0, 0.0, 3.0, 2.0 ] },
												"west": { "texture": "#obsidian1", "uv": [ 0.0, 0.0, 3.0, 2.0 ] },
												"up": { "texture": "#obsidian1", "uv": [ 0.0, 0.0, 3.0, 3.0 ] },
												"down": { "texture": "#obsidian1", "uv": [ 0.0, 0.0, 3.0, 3.0 ] }
											},
											"children": [
												{
													"name": "Cube111",
													"from": [ -0.1, 0.75, -0.1 ],
													"to": [ 3.1, 1.25, 3.1 ],
													"rotationOrigin": [ -0.1, 0.5, -0.1 ],
													"faces": {
														"north": { "texture": "#rustyglow", "uv": [ 0.0, 0.0, 3.0, 0.5 ] },
														"east": { "texture": "#rustyglow", "uv": [ 0.0, 0.0, 3.0, 0.5 ] },
														"south": { "texture": "#rustyglow", "uv": [ 0.0, 0.0, 3.0, 0.5 ] },
														"west": { "texture": "#rustyglow", "uv": [ 0.0, 0.0, 3.0, 0.5 ] },
														"up": { "texture": "#rustyglow", "uv": [ 0.0, 0.0, 3.0, 3.0 ] },
														"down": { "texture": "#rustyglow", "uv": [ 0.0, 0.0, 3.0, 3.0 ] }
													}
												}
											]
										},
										{
											"name": "Cube8",
											"from": [ 0.0, 4.0, 0.0 ],
											"to": [ 2.0, 4.5, 2.0 ],
											"rotationOrigin": [ 0.0, 4.0, 0.0 ],
											"faces": {
												"north": { "texture": "#obsidian1", "uv": [ 0.0, 0.0, 2.0, 0.5 ] },
												"east": { "texture": "#obsidian1", "uv": [ 0.0, 0.0, 2.0, 0.5 ] },
												"south": { "texture": "#obsidian1", "uv": [ 0.0, 0.0, 2.0, 0.5 ] },
												"west": { "texture": "#obsidian1", "uv": [ 0.0, 0.0, 2.0, 0.5 ] },
												"up": { "texture": "#obsidian1", "uv": [ 0.0, 0.0, 2.0, 2.0 ] },
												"down": { "texture": "#obsidian1", "uv": [ 0.0, 0.0, 2.0, 2.0 ] }
											},
											"children": [
												{
													"name": "Cube9",
													"from": [ 0.25, 0.5, 0.25 ],
													"to": [ 1.75, 1.0, 1.75 ],
													"rotationOrigin": [ 0.0, 0.5, 0.2 ],
													"faces": {
														"north": { "texture": "#rustyglow", "uv": [ 0.0, 0.0, 1.5, 0.5 ] },
														"east": { "texture": "#rustyglow", "uv": [ 0.0, 0.0, 1.5, 0.5 ] },
														"south": { "texture": "#rustyglow", "uv": [ 0.0, 0.0, 1.5, 0.5 ] },
														"west": { "texture": "#rustyglow", "uv": [ 0.0, 0.0, 1.5, 0.5 ] },
														"up": { "texture": "#rustyglow", "uv": [ 0.0, 0.0, 1.5, 1.5 ] },
														"down": { "texture": "#rustyglow", "uv": [ 0.0, 0.0, 1.5, 1.5 ] }
													}
												}
											]
										}
									]
								}
							]
						},
						{
							"name": "Cube112",
							"from": [ -0.1, 0.75, -0.1 ],
							"to": [ 3.1, 1.25, 3.1 ],
							"rotationOrigin": [ -0.1, 0.7, -0.1 ],
							"faces": {
								"north": { "texture": "#rustyglow", "uv": [ 0.0, 0.0, 3.0, 0.5 ] },
								"east": { "texture": "#rustyglow", "uv": [ 0.0, 0.0, 3.0, 0.5 ] },
								"south": { "texture": "#rustyglow", "uv": [ 0.0, 0.0, 3.0, 0.5 ] },
								"west": { "texture": "#rustyglow", "uv": [ 0.0, 0.0, 3.0, 0.5 ] },
								"up": { "texture": "#rustyglow", "uv": [ 0.0, 0.0, 3.0, 3.0 ] },
								"down": { "texture": "#rustyglow", "uv": [ 0.0, 0.0, 3.0, 3.0 ] }
							}
						}
					]
				},
				{
					"name": "base-barbrace-129",
					"from": [ 3.01, -15.0, 15.99 ],
					"to": [ 6.03, -12.0, 19.01 ],
					"rotationOrigin": [ 3.0, -15.0, 16.0 ],
					"rotationX": 180.0,
					"rotationZ": 180.0,
					"faces": {
						"north": { "texture": "#obsidian1", "uv": [ 0.0, 0.0, 3.0, 3.0 ] },
						"east": { "texture": "#obsidian1", "uv": [ 0.0, 0.0, 3.0, 3.0 ] },
						"south": { "texture": "#obsidian1", "uv": [ 0.0, 0.0, 3.0, 3.0 ] },
						"west": { "texture": "#obsidian1", "uv": [ 0.0, 0.0, 3.0, 3.0 ] },
						"up": { "texture": "#obsidian1", "uv": [ 0.0, 0.0, 3.0, 3.0 ] },
						"down": { "texture": "#obsidian1", "uv": [ 0.0, 0.0, 3.0, 3.0 ] }
					},
					"children": [
						{
							"name": "Cube134",
							"from": [ 0.5, 1.0, 0.5 ],
							"to": [ 2.5, 8.0, 2.5 ],
							"rotationOrigin": [ 0.5, 1.0, 0.5 ],
							"faces": {
								"north": { "texture": "#manastone1", "uv": [ 0.0, 0.0, 2.0, 7.0 ] },
								"east": { "texture": "#manastone1", "uv": [ 0.0, 0.0, 2.0, 7.0 ] },
								"south": { "texture": "#manastone1", "uv": [ 0.0, 0.0, 2.0, 7.0 ] },
								"west": { "texture": "#manastone1", "uv": [ 0.0, 0.0, 2.0, 7.0 ] },
								"up": { "texture": "#manastone1", "uv": [ 0.0, 0.0, 2.0, 2.0 ] },
								"down": { "texture": "#manastone1", "uv": [ 0.0, 0.0, 2.0, 2.0 ] }
							}
						},
						{
							"name": "Cube113",
							"from": [ -0.1, 2.0, -0.1 ],
							"to": [ 3.1, 2.5, 3.1 ],
							"rotationOrigin": [ -0.1, 2.0, -0.1 ],
							"faces": {
								"north": { "texture": "#rustyglow", "uv": [ 0.0, 0.0, 3.0, 0.5 ] },
								"east": { "texture": "#rustyglow", "uv": [ 0.0, 0.0, 3.0, 0.5 ] },
								"south": { "texture": "#rustyglow", "uv": [ 0.0, 0.0, 3.0, 0.5 ] },
								"west": { "texture": "#rustyglow", "uv": [ 0.0, 0.0, 3.0, 0.5 ] },
								"up": { "texture": "#rustyglow", "uv": [ 0.0, 0.0, 3.0, 3.0 ] },
								"down": { "texture": "#rustyglow", "uv": [ 0.0, 0.0, 3.0, 3.0 ] }
							}
						},
						{
							"name": "Cube10",
							"from": [ 0.5, 4.5, 0.0 ],
							"to": [ 2.5, 6.5, 3.0 ],
							"rotationOrigin": [ 1.5, 5.5, 1.5 ],
							"rotationZ": 45.0,
							"faces": {
								"north": { "texture": "#obsidian1", "uv": [ 0.0, 0.0, 2.0, 2.0 ] },
								"east": { "texture": "#obsidian1", "uv": [ 0.0, 0.0, 3.0, 2.0 ] },
								"south": { "texture": "#obsidian1", "uv": [ 0.0, 0.0, 2.0, 2.0 ] },
								"west": { "texture": "#obsidian1", "uv": [ 0.0, 0.0, 3.0, 2.0 ] },
								"up": { "texture": "#obsidian1", "uv": [ 0.0, 0.0, 2.0, 3.0 ] },
								"down": { "texture": "#obsidian1", "uv": [ 0.0, 0.0, 2.0, 3.0 ] }
							},
							"children": [
								{
									"name": "Cube11",
									"from": [ 0.0, 0.0, 0.0 ],
									"to": [ 2.0, 2.0, 3.0 ],
									"rotationOrigin": [ 1.0, 1.0, 1.5 ],
									"rotationX": 90.0,
									"rotationY": 45.0,
									"rotationZ": -45.0,
									"faces": {
										"north": { "texture": "#obsidian1", "uv": [ 0.0, 0.0, 2.0, 2.0 ] },
										"east": { "texture": "#obsidian1", "uv": [ 0.0, 0.0, 3.0, 2.0 ] },
										"south": { "texture": "#obsidian1", "uv": [ 0.0, 0.0, 2.0, 2.0 ] },
										"west": { "texture": "#obsidian1", "uv": [ 0.0, 0.0, 3.0, 2.0 ] },
										"up": { "texture": "#obsidian1", "uv": [ 0.0, 0.0, 2.0, 3.0 ] },
										"down": { "texture": "#obsidian1", "uv": [ 0.0, 0.0, 2.0, 3.0 ] }
									}
								}
							]
						}
					]
				},
				{
					"name": "_outerbrace131",
					"from": [ 0.1, -13.0, -0.1 ],
					"to": [ 0.1, -13.0, -0.1 ],
					"rotationOrigin": [ 8.1, -13.0, 7.9 ],
					"rotationX": -180.0,
					"rotationZ": -180.0,
					"faces": {
						"north": { "texture": "#default", "uv": [ 0.0, 0.0, 0.5, 0.5 ] },
						"east": { "texture": "#default", "uv": [ 0.0, 0.0, 0.5, 0.5 ] },
						"south": { "texture": "#default", "uv": [ 0.0, 0.0, 0.5, 0.5 ] },
						"west": { "texture": "#default", "uv": [ 0.0, 0.0, 0.5, 0.5 ] },
						"up": { "texture": "#default", "uv": [ 0.0, 0.0, 0.5, 0.5 ] },
						"down": { "texture": "#default", "uv": [ 0.0, 0.0, 0.5, 0.5 ] }
					},
					"children": [
						{
							"name": "outerbrace4-side132",
							"from": [ 10.11, 0.0, 4.35 ],
							"to": [ 11.61, 3.0, 5.85 ],
							"rotationOrigin": [ 10.16, 0.0, 5.4 ],
							"rotationY": 0.02,
							"faces": {
								"north": { "texture": "#material2", "uv": [ 0.0, 0.0, 1.5, 3.0 ] },
								"east": { "texture": "#material2", "uv": [ 0.0, 0.0, 1.5, 3.0 ] },
								"south": { "texture": "#material2", "uv": [ 0.0, 0.0, 1.5, 3.0 ] },
								"west": { "texture": "#material2", "uv": [ 0.0, 0.0, 1.5, 3.0 ] },
								"up": { "texture": "#material2", "uv": [ 0.0, 0.0, 1.5, 1.5 ] },
								"down": { "texture": "#material2", "uv": [ 0.0, 0.0, 1.5, 1.5 ] }
							},
							"children": [
								{
									"name": "Cube140",
									"from": [ 0.0, 3.0, 0.0 ],
									"to": [ 1.5, 3.5, 1.5 ],
									"rotationOrigin": [ 0.0, 2.5, 0.0 ],
									"faces": {
										"north": { "texture": "#rustyglow", "uv": [ 0.0, 0.0, 1.5, 0.5 ] },
										"east": { "texture": "#rustyglow", "uv": [ 0.0, 0.0, 1.5, 0.5 ] },
										"south": { "texture": "#rustyglow", "uv": [ 0.0, 0.0, 1.5, 0.5 ] },
										"west": { "texture": "#rustyglow", "uv": [ 0.0, 0.0, 1.5, 0.5 ] },
										"up": { "texture": "#rustyglow", "uv": [ 0.0, 0.0, 1.5, 1.5 ] },
										"down": { "texture": "#rustyglow", "uv": [ 0.0, 0.0, 1.5, 1.5 ] }
									}
								}
							]
						},
						{
							"name": "centerpillar-brace-2",
							"from": [ 9.9, 0.0, 4.9 ],
							"to": [ 11.1, 5.5, 6.1 ],
							"rotationOrigin": [ 9.9, 0.0, 4.9 ],
							"faces": {
								"north": { "texture": "#manastone2", "uv": [ 0.0, 0.0, 1.0, 5.5 ] },
								"east": { "texture": "#manastone2", "uv": [ 0.0, 0.0, 1.0, 5.5 ] },
								"south": { "texture": "#manastone2", "uv": [ 0.0, 0.0, 1.0, 5.5 ] },
								"west": { "texture": "#manastone2", "uv": [ 0.0, 0.0, 1.0, 5.5 ] },
								"up": { "texture": "#manastone2", "uv": [ 0.0, 0.0, 1.0, 1.0 ] },
								"down": { "texture": "#manastone2", "uv": [ 0.0, 0.0, 1.0, 1.0 ] }
							},
							"children": [
								{
									"name": "Cube135",
									"from": [ 0.0, 5.5, 0.0 ],
									"to": [ 1.2, 6.0, 1.2 ],
									"rotationOrigin": [ 0.0, 6.0, 0.0 ],
									"faces": {
										"north": { "texture": "#obsidian1", "uv": [ 0.0, 0.0, 1.0, 0.5 ] },
										"east": { "texture": "#obsidian1", "uv": [ 0.0, 0.0, 1.0, 0.5 ] },
										"south": { "texture": "#obsidian1", "uv": [ 0.0, 0.0, 1.0, 0.5 ] },
										"west": { "texture": "#obsidian1", "uv": [ 0.0, 0.0, 1.0, 0.5 ] },
										"up": { "texture": "#obsidian1", "uv": [ 0.0, 0.0, 1.0, 1.0 ] },
										"down": { "texture": "#obsidian1", "uv": [ 0.0, 0.0, 1.0, 1.0 ] }
									}
								}
							]
						}
					]
				},
				{
					"name": "Cube13",
					"from": [ 5.73, -7.0, 10.725 ],
					"to": [ 6.23, -6.3, 11.225 ],
					"rotationOrigin": [ 5.725, -7.0, 10.725 ],
					"rotationX": 180.0,
					"rotationZ": 180.0,
					"faces": {
						"north": { "texture": "#rustyglow", "uv": [ 0.0, 0.0, 0.5, 0.5 ] },
						"east": { "texture": "#rustyglow", "uv": [ 0.0, 0.0, 0.5, 0.5 ] },
						"south": { "texture": "#rustyglow", "uv": [ 0.0, 0.0, 0.5, 0.5 ] },
						"west": { "texture": "#rustyglow", "uv": [ 0.0, 0.0, 0.5, 0.5 ] },
						"up": { "texture": "#rustyglow", "uv": [ 0.0, 0.0, 0.5, 0.5 ] },
						"down": { "texture": "#rustyglow", "uv": [ 0.0, 0.0, 0.5, 0.5 ] }
					},
					"children": [
						{
							"name": "tube3",
							"from": [ 0.12, 0.6, 0.125 ],
							"to": [ 0.37, 4.6, 0.375 ],
							"rotationOrigin": [ 0.12, 0.6, 0.375 ],
							"rotationX": -50.0,
							"rotationY": 25.6,
							"rotationZ": -50.0,
							"faces": {
								"north": { "texture": "#rustyglow", "uv": [ 0.0, 0.0, 0.5, 4.0 ] },
								"east": { "texture": "#rustyglow", "uv": [ 0.0, 0.0, 0.5, 4.0 ] },
								"south": { "texture": "#rustyglow", "uv": [ 0.0, 0.0, 0.5, 4.0 ] },
								"west": { "texture": "#rustyglow", "uv": [ 0.0, 0.0, 0.5, 4.0 ] },
								"up": { "texture": "#rustyglow", "uv": [ 0.0, 0.0, 0.5, 0.5 ] },
								"down": { "texture": "#rustyglow", "uv": [ 0.0, 0.0, 0.5, 0.5 ] }
							}
						},
						{
							"name": "tube4",
							"from": [ 0.12, 0.6, 0.125 ],
							"to": [ 0.37, 6.6, 0.375 ],
							"rotationOrigin": [ 0.12, 0.6, 0.375 ],
							"rotationX": -13.5,
							"rotationY": 11.0,
							"rotationZ": -13.5,
							"faces": {
								"north": { "texture": "#rustyglow", "uv": [ 0.0, 0.0, 0.5, 6.0 ] },
								"east": { "texture": "#rustyglow", "uv": [ 0.0, 0.0, 0.5, 6.0 ] },
								"south": { "texture": "#rustyglow", "uv": [ 0.0, 0.0, 0.5, 6.0 ] },
								"west": { "texture": "#rustyglow", "uv": [ 0.0, 0.0, 0.5, 6.0 ] },
								"up": { "texture": "#rustyglow", "uv": [ 0.0, 0.0, 0.5, 0.5 ] },
								"down": { "texture": "#rustyglow", "uv": [ 0.0, 0.0, 0.5, 0.5 ] }
							}
						}
					]
				}
			]
		},
		{
			"name": "_origin125",
			"from": [ 0.0, 15.0, 0.0 ],
			"to": [ 0.0, 15.0, 0.0 ],
			"rotationOrigin": [ 8.0, 15.0, 8.0 ],
			"rotationY": -90.0,
			"faces": {
				"north": { "texture": "#material1", "uv": [ 0.0, 0.0, 0.5, 0.5 ] },
				"east": { "texture": "#material1", "uv": [ 0.0, 0.0, 0.5, 0.5 ] },
				"south": { "texture": "#material1", "uv": [ 0.0, 0.0, 0.5, 0.5 ] },
				"west": { "texture": "#material1", "uv": [ 0.0, 0.0, 0.5, 0.5 ] },
				"up": { "texture": "#material1", "uv": [ 0.0, 0.0, 0.5, 0.5 ] },
				"down": { "texture": "#material1", "uv": [ 0.0, 0.0, 0.5, 0.5 ] }
			},
			"children": [
				{
					"name": "Cube129",
					"from": [ 0.0, 0.0, 0.0 ],
					"to": [ 0.0, 0.0, 0.0 ],
					"rotationOrigin": [ 8.0, 0.0, 8.0 ],
					"faces": {
						"north": { "texture": "#material1", "uv": [ 0.0, 0.0, 0.5, 0.5 ] },
						"east": { "texture": "#material1", "uv": [ 0.0, 0.0, 0.5, 0.5 ] },
						"south": { "texture": "#material1", "uv": [ 0.0, 0.0, 0.5, 0.5 ] },
						"west": { "texture": "#material1", "uv": [ 0.0, 0.0, 0.5, 0.5 ] },
						"up": { "texture": "#material1", "uv": [ 0.0, 0.0, 0.5, 0.5 ] },
						"down": { "texture": "#material1", "uv": [ 0.0, 0.0, 0.5, 0.5 ] }
					}
				},
				{
					"name": "baseanchor127",
					"from": [ 0.0, -7.0, 13.0 ],
					"to": [ 3.0, -5.0, 16.0 ],
					"rotationOrigin": [ 0.0, -7.0, 13.0 ],
					"faces": {
						"north": { "texture": "#obsidian1", "uv": [ 0.0, 0.0, 3.0, 2.0 ] },
						"east": { "texture": "#obsidian1", "uv": [ 0.0, 0.0, 3.0, 2.0 ] },
						"south": { "texture": "#obsidian1", "uv": [ 0.0, 0.0, 3.0, 2.0 ] },
						"west": { "texture": "#obsidian1", "uv": [ 0.0, 0.0, 3.0, 2.0 ] },
						"up": { "texture": "#obsidian1", "uv": [ 0.0, 0.0, 3.0, 3.0 ] },
						"down": { "texture": "#obsidian1", "uv": [ 0.0, 0.0, 3.0, 3.0 ] }
					},
					"children": [
						{
							"name": "Cube136",
							"from": [ 0.4, 2.0, 0.5 ],
							"to": [ 2.4, 8.0, 2.5 ],
							"rotationOrigin": [ 0.4, 2.0, 2.5 ],
							"rotationX": -15.0,
							"rotationY": 1.4,
							"rotationZ": -15.0,
							"faces": {
								"north": { "texture": "#manastone1", "uv": [ 0.0, 0.0, 2.0, 6.0 ] },
								"east": { "texture": "#manastone1", "uv": [ 0.0, 0.0, 2.0, 6.0 ] },
								"south": { "texture": "#manastone1", "uv": [ 0.0, 0.0, 2.0, 6.0 ] },
								"west": { "texture": "#manastone1", "uv": [ 0.0, 0.0, 2.0, 6.0 ] },
								"up": { "texture": "#manastone1", "uv": [ 0.0, 0.0, 2.0, 2.0 ] },
								"down": { "texture": "#manastone1", "uv": [ 0.0, 0.0, 2.0, 2.0 ] }
							},
							"children": [
								{
									"name": "Cube1304",
									"from": [ 0.0, 6.3, 0.0 ],
									"to": [ 2.0, 10.3, 2.0 ],
									"rotationOrigin": [ 0.0, 6.3, 2.0 ],
									"rotationX": -26.0,
									"rotationY": 4.9,
									"rotationZ": -26.0,
									"faces": {
										"north": { "texture": "#manastone1", "uv": [ 0.0, 0.0, 2.0, 4.0 ] },
										"east": { "texture": "#manastone1", "uv": [ 0.0, 0.0, 2.0, 4.0 ] },
										"south": { "texture": "#manastone1", "uv": [ 0.0, 0.0, 2.0, 4.0 ] },
										"west": { "texture": "#manastone1", "uv": [ 0.0, 0.0, 2.0, 4.0 ] },
										"up": { "texture": "#manastone1", "uv": [ 0.0, 0.0, 2.0, 2.0 ] },
										"down": { "texture": "#manastone1", "uv": [ 0.0, 0.0, 2.0, 2.0 ] }
									},
									"children": [
										{
											"name": "Cube141",
											"from": [ -0.2855, -0.8417, -0.7126 ],
											"to": [ 2.7145, 1.1583, 2.2874 ],
											"rotationOrigin": [ -0.0855, 0.1583, 2.0874 ],
											"rotationX": 12.02,
											"rotationY": 0.475,
											"rotationZ": 11.422,
											"faces": {
												"north": { "texture": "#obsidian1", "uv": [ 0.0, 0.0, 3.0, 2.0 ] },
												"east": { "texture": "#obsidian1", "uv": [ 0.0, 0.0, 3.0, 2.0 ] },
												"south": { "texture": "#obsidian1", "uv": [ 0.0, 0.0, 3.0, 2.0 ] },
												"west": { "texture": "#obsidian1", "uv": [ 0.0, 0.0, 3.0, 2.0 ] },
												"up": { "texture": "#obsidian1", "uv": [ 0.0, 0.0, 3.0, 3.0 ] },
												"down": { "texture": "#obsidian1", "uv": [ 0.0, 0.0, 3.0, 3.0 ] }
											},
											"children": [
												{
													"name": "Cube114",
													"from": [ -0.1, 0.75, -0.1 ],
													"to": [ 3.1, 1.25, 3.1 ],
													"rotationOrigin": [ -0.1, 0.5, -0.1 ],
													"faces": {
														"north": { "texture": "#rustyglow", "uv": [ 0.0, 0.0, 3.0, 0.5 ] },
														"east": { "texture": "#rustyglow", "uv": [ 0.0, 0.0, 3.0, 0.5 ] },
														"south": { "texture": "#rustyglow", "uv": [ 0.0, 0.0, 3.0, 0.5 ] },
														"west": { "texture": "#rustyglow", "uv": [ 0.0, 0.0, 3.0, 0.5 ] },
														"up": { "texture": "#rustyglow", "uv": [ 0.0, 0.0, 3.0, 3.0 ] },
														"down": { "texture": "#rustyglow", "uv": [ 0.0, 0.0, 3.0, 3.0 ] }
													}
												}
											]
										},
										{
											"name": "Cube14",
											"from": [ 0.0, 4.0, 0.0 ],
											"to": [ 2.0, 4.5, 2.0 ],
											"rotationOrigin": [ 0.0, 4.0, 0.0 ],
											"faces": {
												"north": { "texture": "#obsidian1", "uv": [ 0.0, 0.0, 2.0, 0.5 ] },
												"east": { "texture": "#obsidian1", "uv": [ 0.0, 0.0, 2.0, 0.5 ] },
												"south": { "texture": "#obsidian1", "uv": [ 0.0, 0.0, 2.0, 0.5 ] },
												"west": { "texture": "#obsidian1", "uv": [ 0.0, 0.0, 2.0, 0.5 ] },
												"up": { "texture": "#obsidian1", "uv": [ 0.0, 0.0, 2.0, 2.0 ] },
												"down": { "texture": "#obsidian1", "uv": [ 0.0, 0.0, 2.0, 2.0 ] }
											},
											"children": [
												{
													"name": "Cube15",
													"from": [ 0.25, 0.5, 0.25 ],
													"to": [ 1.75, 1.0, 1.75 ],
													"rotationOrigin": [ 0.0, 0.5, 0.2 ],
													"faces": {
														"north": { "texture": "#rustyglow", "uv": [ 0.0, 0.0, 1.5, 0.5 ] },
														"east": { "texture": "#rustyglow", "uv": [ 0.0, 0.0, 1.5, 0.5 ] },
														"south": { "texture": "#rustyglow", "uv": [ 0.0, 0.0, 1.5, 0.5 ] },
														"west": { "texture": "#rustyglow", "uv": [ 0.0, 0.0, 1.5, 0.5 ] },
														"up": { "texture": "#rustyglow", "uv": [ 0.0, 0.0, 1.5, 1.5 ] },
														"down": { "texture": "#rustyglow", "uv": [ 0.0, 0.0, 1.5, 1.5 ] }
													}
												}
											]
										}
									]
								}
							]
						},
						{
							"name": "Cube115",
							"from": [ -0.1, 0.75, -0.1 ],
							"to": [ 3.1, 1.25, 3.1 ],
							"rotationOrigin": [ -0.1, 0.7, -0.1 ],
							"faces": {
								"north": { "texture": "#rustyglow", "uv": [ 0.0, 0.0, 3.0, 0.5 ] },
								"east": { "texture": "#rustyglow", "uv": [ 0.0, 0.0, 3.0, 0.5 ] },
								"south": { "texture": "#rustyglow", "uv": [ 0.0, 0.0, 3.0, 0.5 ] },
								"west": { "texture": "#rustyglow", "uv": [ 0.0, 0.0, 3.0, 0.5 ] },
								"up": { "texture": "#rustyglow", "uv": [ 0.0, 0.0, 3.0, 3.0 ] },
								"down": { "texture": "#rustyglow", "uv": [ 0.0, 0.0, 3.0, 3.0 ] }
							}
						}
					]
				},
				{
					"name": "base-barbrace-130",
					"from": [ 3.01, -15.0, 15.99 ],
					"to": [ 6.03, -12.0, 19.01 ],
					"rotationOrigin": [ 3.0, -15.0, 16.0 ],
					"rotationX": 180.0,
					"rotationZ": 180.0,
					"faces": {
						"north": { "texture": "#obsidian1", "uv": [ 0.0, 0.0, 3.0, 3.0 ] },
						"east": { "texture": "#obsidian1", "uv": [ 0.0, 0.0, 3.0, 3.0 ] },
						"south": { "texture": "#obsidian1", "uv": [ 0.0, 0.0, 3.0, 3.0 ] },
						"west": { "texture": "#obsidian1", "uv": [ 0.0, 0.0, 3.0, 3.0 ] },
						"up": { "texture": "#obsidian1", "uv": [ 0.0, 0.0, 3.0, 3.0 ] },
						"down": { "texture": "#obsidian1", "uv": [ 0.0, 0.0, 3.0, 3.0 ] }
					},
					"children": [
						{
							"name": "Cube142",
							"from": [ 0.5, 1.0, 0.5 ],
							"to": [ 2.5, 8.0, 2.5 ],
							"rotationOrigin": [ 0.5, 1.0, 0.5 ],
							"faces": {
								"north": { "texture": "#manastone1", "uv": [ 0.0, 0.0, 2.0, 7.0 ] },
								"east": { "texture": "#manastone1", "uv": [ 0.0, 0.0, 2.0, 7.0 ] },
								"south": { "texture": "#manastone1", "uv": [ 0.0, 0.0, 2.0, 7.0 ] },
								"west": { "texture": "#manastone1", "uv": [ 0.0, 0.0, 2.0, 7.0 ] },
								"up": { "texture": "#manastone1", "uv": [ 0.0, 0.0, 2.0, 2.0 ] },
								"down": { "texture": "#manastone1", "uv": [ 0.0, 0.0, 2.0, 2.0 ] }
							}
						},
						{
							"name": "Cube116",
							"from": [ -0.1, 2.0, -0.1 ],
							"to": [ 3.1, 2.5, 3.1 ],
							"rotationOrigin": [ -0.1, 2.0, -0.1 ],
							"faces": {
								"north": { "texture": "#rustyglow", "uv": [ 0.0, 0.0, 3.0, 0.5 ] },
								"east": { "texture": "#rustyglow", "uv": [ 0.0, 0.0, 3.0, 0.5 ] },
								"south": { "texture": "#rustyglow", "uv": [ 0.0, 0.0, 3.0, 0.5 ] },
								"west": { "texture": "#rustyglow", "uv": [ 0.0, 0.0, 3.0, 0.5 ] },
								"up": { "texture": "#rustyglow", "uv": [ 0.0, 0.0, 3.0, 3.0 ] },
								"down": { "texture": "#rustyglow", "uv": [ 0.0, 0.0, 3.0, 3.0 ] }
							}
						},
						{
							"name": "Cube16",
							"from": [ 0.5, 4.5, 0.0 ],
							"to": [ 2.5, 6.5, 3.0 ],
							"rotationOrigin": [ 1.5, 5.5, 1.5 ],
							"rotationZ": 45.0,
							"faces": {
								"north": { "texture": "#obsidian1", "uv": [ 0.0, 0.0, 2.0, 2.0 ] },
								"east": { "texture": "#obsidian1", "uv": [ 0.0, 0.0, 3.0, 2.0 ] },
								"south": { "texture": "#obsidian1", "uv": [ 0.0, 0.0, 2.0, 2.0 ] },
								"west": { "texture": "#obsidian1", "uv": [ 0.0, 0.0, 3.0, 2.0 ] },
								"up": { "texture": "#obsidian1", "uv": [ 0.0, 0.0, 2.0, 3.0 ] },
								"down": { "texture": "#obsidian1", "uv": [ 0.0, 0.0, 2.0, 3.0 ] }
							},
							"children": [
								{
									"name": "Cube17",
									"from": [ 0.0, 0.0, 0.0 ],
									"to": [ 2.0, 2.0, 3.0 ],
									"rotationOrigin": [ 1.0, 1.0, 1.5 ],
									"rotationX": 90.0,
									"rotationY": 45.0,
									"rotationZ": -45.0,
									"faces": {
										"north": { "texture": "#obsidian1", "uv": [ 0.0, 0.0, 2.0, 2.0 ] },
										"east": { "texture": "#obsidian1", "uv": [ 0.0, 0.0, 3.0, 2.0 ] },
										"south": { "texture": "#obsidian1", "uv": [ 0.0, 0.0, 2.0, 2.0 ] },
										"west": { "texture": "#obsidian1", "uv": [ 0.0, 0.0, 3.0, 2.0 ] },
										"up": { "texture": "#obsidian1", "uv": [ 0.0, 0.0, 2.0, 3.0 ] },
										"down": { "texture": "#obsidian1", "uv": [ 0.0, 0.0, 2.0, 3.0 ] }
									}
								}
							]
						}
					]
				},
				{
					"name": "_outerbrace132",
					"from": [ 0.1, -13.0, -0.1 ],
					"to": [ 0.1, -13.0, -0.1 ],
					"rotationOrigin": [ 8.1, -13.0, 7.9 ],
					"rotationX": -180.0,
					"rotationZ": -180.0,
					"faces": {
						"north": { "texture": "#default", "uv": [ 0.0, 0.0, 0.5, 0.5 ] },
						"east": { "texture": "#default", "uv": [ 0.0, 0.0, 0.5, 0.5 ] },
						"south": { "texture": "#default", "uv": [ 0.0, 0.0, 0.5, 0.5 ] },
						"west": { "texture": "#default", "uv": [ 0.0, 0.0, 0.5, 0.5 ] },
						"up": { "texture": "#default", "uv": [ 0.0, 0.0, 0.5, 0.5 ] },
						"down": { "texture": "#default", "uv": [ 0.0, 0.0, 0.5, 0.5 ] }
					},
					"children": [
						{
							"name": "outerbrace4-side133",
							"from": [ 10.11, 0.0, 4.35 ],
							"to": [ 11.61, 3.0, 5.85 ],
							"rotationOrigin": [ 10.16, 0.0, 5.4 ],
							"rotationY": 0.02,
							"faces": {
								"north": { "texture": "#material2", "uv": [ 0.0, 0.0, 1.5, 3.0 ] },
								"east": { "texture": "#material2", "uv": [ 0.0, 0.0, 1.5, 3.0 ] },
								"south": { "texture": "#material2", "uv": [ 0.0, 0.0, 1.5, 3.0 ] },
								"west": { "texture": "#material2", "uv": [ 0.0, 0.0, 1.5, 3.0 ] },
								"up": { "texture": "#material2", "uv": [ 0.0, 0.0, 1.5, 1.5 ] },
								"down": { "texture": "#material2", "uv": [ 0.0, 0.0, 1.5, 1.5 ] }
							},
							"children": [
								{
									"name": "Cube143",
									"from": [ 0.0, 3.0, 0.0 ],
									"to": [ 1.5, 3.5, 1.5 ],
									"rotationOrigin": [ 0.0, 2.5, 0.0 ],
									"faces": {
										"north": { "texture": "#rustyglow", "uv": [ 0.0, 0.0, 1.5, 0.5 ] },
										"east": { "texture": "#rustyglow", "uv": [ 0.0, 0.0, 1.5, 0.5 ] },
										"south": { "texture": "#rustyglow", "uv": [ 0.0, 0.0, 1.5, 0.5 ] },
										"west": { "texture": "#rustyglow", "uv": [ 0.0, 0.0, 1.5, 0.5 ] },
										"up": { "texture": "#rustyglow", "uv": [ 0.0, 0.0, 1.5, 1.5 ] },
										"down": { "texture": "#rustyglow", "uv": [ 0.0, 0.0, 1.5, 1.5 ] }
									}
								}
							]
						},
						{
							"name": "centerpillar-brace-3",
							"from": [ 9.9, 0.0, 4.9 ],
							"to": [ 11.1, 5.5, 6.1 ],
							"rotationOrigin": [ 9.9, 0.0, 4.9 ],
							"faces": {
								"north": { "texture": "#manastone2", "uv": [ 0.0, 0.0, 1.0, 5.5 ] },
								"east": { "texture": "#manastone2", "uv": [ 0.0, 0.0, 1.0, 5.5 ] },
								"south": { "texture": "#manastone2", "uv": [ 0.0, 0.0, 1.0, 5.5 ] },
								"west": { "texture": "#manastone2", "uv": [ 0.0, 0.0, 1.0, 5.5 ] },
								"up": { "texture": "#manastone2", "uv": [ 0.0, 0.0, 1.0, 1.0 ] },
								"down": { "texture": "#manastone2", "uv": [ 0.0, 0.0, 1.0, 1.0 ] }
							},
							"children": [
								{
									"name": "Cube149",
									"from": [ 0.0, 5.5, 0.0 ],
									"to": [ 1.2, 6.0, 1.2 ],
									"rotationOrigin": [ 0.0, 6.0, 0.0 ],
									"faces": {
										"north": { "texture": "#obsidian1", "uv": [ 0.0, 0.0, 1.0, 0.5 ] },
										"east": { "texture": "#obsidian1", "uv": [ 0.0, 0.0, 1.0, 0.5 ] },
										"south": { "texture": "#obsidian1", "uv": [ 0.0, 0.0, 1.0, 0.5 ] },
										"west": { "texture": "#obsidian1", "uv": [ 0.0, 0.0, 1.0, 0.5 ] },
										"up": { "texture": "#obsidian1", "uv": [ 0.0, 0.0, 1.0, 1.0 ] },
										"down": { "texture": "#obsidian1", "uv": [ 0.0, 0.0, 1.0, 1.0 ] }
									}
								}
							]
						}
					]
				},
				{
					"name": "Cube19",
					"from": [ 5.73, -7.0, 10.725 ],
					"to": [ 6.23, -6.3, 11.225 ],
					"rotationOrigin": [ 5.725, -7.0, 10.725 ],
					"rotationX": 180.0,
					"rotationZ": 180.0,
					"faces": {
						"north": { "texture": "#rustyglow", "uv": [ 0.0, 0.0, 0.5, 0.5 ] },
						"east": { "texture": "#rustyglow", "uv": [ 0.0, 0.0, 0.5, 0.5 ] },
						"south": { "texture": "#rustyglow", "uv": [ 0.0, 0.0, 0.5, 0.5 ] },
						"west": { "texture": "#rustyglow", "uv": [ 0.0, 0.0, 0.5, 0.5 ] },
						"up": { "texture": "#rustyglow", "uv": [ 0.0, 0.0, 0.5, 0.5 ] },
						"down": { "texture": "#rustyglow", "uv": [ 0.0, 0.0, 0.5, 0.5 ] }
					},
					"children": [
						{
							"name": "tube5",
							"from": [ 0.12, 0.6, 0.125 ],
							"to": [ 0.37, 4.6, 0.375 ],
							"rotationOrigin": [ 0.12, 0.6, 0.375 ],
							"rotationX": -50.0,
							"rotationY": 25.6,
							"rotationZ": -50.0,
							"faces": {
								"north": { "texture": "#rustyglow", "uv": [ 0.0, 0.0, 0.5, 4.0 ] },
								"east": { "texture": "#rustyglow", "uv": [ 0.0, 0.0, 0.5, 4.0 ] },
								"south": { "texture": "#rustyglow", "uv": [ 0.0, 0.0, 0.5, 4.0 ] },
								"west": { "texture": "#rustyglow", "uv": [ 0.0, 0.0, 0.5, 4.0 ] },
								"up": { "texture": "#rustyglow", "uv": [ 0.0, 0.0, 0.5, 0.5 ] },
								"down": { "texture": "#rustyglow", "uv": [ 0.0, 0.0, 0.5, 0.5 ] }
							}
						},
						{
							"name": "tube6",
							"from": [ 0.12, 0.6, 0.125 ],
							"to": [ 0.37, 6.6, 0.375 ],
							"rotationOrigin": [ 0.12, 0.6, 0.375 ],
							"rotationX": -13.5,
							"rotationY": 11.0,
							"rotationZ": -13.5,
							"faces": {
								"north": { "texture": "#rustyglow", "uv": [ 0.0, 0.0, 0.5, 6.0 ] },
								"east": { "texture": "#rustyglow", "uv": [ 0.0, 0.0, 0.5, 6.0 ] },
								"south": { "texture": "#rustyglow", "uv": [ 0.0, 0.0, 0.5, 6.0 ] },
								"west": { "texture": "#rustyglow", "uv": [ 0.0, 0.0, 0.5, 6.0 ] },
								"up": { "texture": "#rustyglow", "uv": [ 0.0, 0.0, 0.5, 0.5 ] },
								"down": { "texture": "#rustyglow", "uv": [ 0.0, 0.0, 0.5, 0.5 ] }
							}
						}
					]
				}
			]
		},
		{
			"name": "_origin126",
			"from": [ 0.0, 15.0, 0.0 ],
			"to": [ 0.0, 15.0, 0.0 ],
			"rotationOrigin": [ 8.0, 15.0, 8.0 ],
			"rotationY": 90.0,
			"faces": {
				"north": { "texture": "#material1", "uv": [ 0.0, 0.0, 0.5, 0.5 ] },
				"east": { "texture": "#material1", "uv": [ 0.0, 0.0, 0.5, 0.5 ] },
				"south": { "texture": "#material1", "uv": [ 0.0, 0.0, 0.5, 0.5 ] },
				"west": { "texture": "#material1", "uv": [ 0.0, 0.0, 0.5, 0.5 ] },
				"up": { "texture": "#material1", "uv": [ 0.0, 0.0, 0.5, 0.5 ] },
				"down": { "texture": "#material1", "uv": [ 0.0, 0.0, 0.5, 0.5 ] }
			},
			"children": [
				{
					"name": "Cube150",
					"from": [ 0.0, 0.0, 0.0 ],
					"to": [ 0.0, 0.0, 0.0 ],
					"rotationOrigin": [ 8.0, 0.0, 8.0 ],
					"faces": {
						"north": { "texture": "#material1", "uv": [ 0.0, 0.0, 0.5, 0.5 ] },
						"east": { "texture": "#material1", "uv": [ 0.0, 0.0, 0.5, 0.5 ] },
						"south": { "texture": "#material1", "uv": [ 0.0, 0.0, 0.5, 0.5 ] },
						"west": { "texture": "#material1", "uv": [ 0.0, 0.0, 0.5, 0.5 ] },
						"up": { "texture": "#material1", "uv": [ 0.0, 0.0, 0.5, 0.5 ] },
						"down": { "texture": "#material1", "uv": [ 0.0, 0.0, 0.5, 0.5 ] }
					}
				},
				{
					"name": "baseanchor128",
					"from": [ 0.0, -7.0, 13.0 ],
					"to": [ 3.0, -5.0, 16.0 ],
					"rotationOrigin": [ 0.0, -7.0, 13.0 ],
					"faces": {
						"north": { "texture": "#obsidian1", "uv": [ 0.0, 0.0, 3.0, 2.0 ] },
						"east": { "texture": "#obsidian1", "uv": [ 0.0, 0.0, 3.0, 2.0 ] },
						"south": { "texture": "#obsidian1", "uv": [ 0.0, 0.0, 3.0, 2.0 ] },
						"west": { "texture": "#obsidian1", "uv": [ 0.0, 0.0, 3.0, 2.0 ] },
						"up": { "texture": "#obsidian1", "uv": [ 0.0, 0.0, 3.0, 3.0 ] },
						"down": { "texture": "#obsidian1", "uv": [ 0.0, 0.0, 3.0, 3.0 ] }
					},
					"children": [
						{
							"name": "Cube151",
							"from": [ 0.4, 2.0, 0.5 ],
							"to": [ 2.4, 8.0, 2.5 ],
							"rotationOrigin": [ 0.4, 2.0, 2.5 ],
							"rotationX": -15.0,
							"rotationY": 1.4,
							"rotationZ": -15.0,
							"faces": {
								"north": { "texture": "#manastone1", "uv": [ 0.0, 0.0, 2.0, 6.0 ] },
								"east": { "texture": "#manastone1", "uv": [ 0.0, 0.0, 2.0, 6.0 ] },
								"south": { "texture": "#manastone1", "uv": [ 0.0, 0.0, 2.0, 6.0 ] },
								"west": { "texture": "#manastone1", "uv": [ 0.0, 0.0, 2.0, 6.0 ] },
								"up": { "texture": "#manastone1", "uv": [ 0.0, 0.0, 2.0, 2.0 ] },
								"down": { "texture": "#manastone1", "uv": [ 0.0, 0.0, 2.0, 2.0 ] }
							},
							"children": [
								{
									"name": "Cube1305",
									"from": [ 0.0, 6.3, 0.0 ],
									"to": [ 2.0, 10.3, 2.0 ],
									"rotationOrigin": [ 0.0, 6.3, 2.0 ],
									"rotationX": -26.0,
									"rotationY": 4.9,
									"rotationZ": -26.0,
									"faces": {
										"north": { "texture": "#manastone1", "uv": [ 0.0, 0.0, 2.0, 4.0 ] },
										"east": { "texture": "#manastone1", "uv": [ 0.0, 0.0, 2.0, 4.0 ] },
										"south": { "texture": "#manastone1", "uv": [ 0.0, 0.0, 2.0, 4.0 ] },
										"west": { "texture": "#manastone1", "uv": [ 0.0, 0.0, 2.0, 4.0 ] },
										"up": { "texture": "#manastone1", "uv": [ 0.0, 0.0, 2.0, 2.0 ] },
										"down": { "texture": "#manastone1", "uv": [ 0.0, 0.0, 2.0, 2.0 ] }
									},
									"children": [
										{
											"name": "Cube152",
											"from": [ -0.2855, -0.8417, -0.7126 ],
											"to": [ 2.7145, 1.1583, 2.2874 ],
											"rotationOrigin": [ -0.0855, 0.1583, 2.0874 ],
											"rotationX": 12.02,
											"rotationY": 0.475,
											"rotationZ": 11.422,
											"faces": {
												"north": { "texture": "#obsidian1", "uv": [ 0.0, 0.0, 3.0, 2.0 ] },
												"east": { "texture": "#obsidian1", "uv": [ 0.0, 0.0, 3.0, 2.0 ] },
												"south": { "texture": "#obsidian1", "uv": [ 0.0, 0.0, 3.0, 2.0 ] },
												"west": { "texture": "#obsidian1", "uv": [ 0.0, 0.0, 3.0, 2.0 ] },
												"up": { "texture": "#obsidian1", "uv": [ 0.0, 0.0, 3.0, 3.0 ] },
												"down": { "texture": "#obsidian1", "uv": [ 0.0, 0.0, 3.0, 3.0 ] }
											},
											"children": [
												{
													"name": "Cube117",
													"from": [ -0.1, 0.75, -0.1 ],
													"to": [ 3.1, 1.25, 3.1 ],
													"rotationOrigin": [ -0.1, 0.5, -0.1 ],
													"faces": {
														"north": { "texture": "#rustyglow", "uv": [ 0.0, 0.0, 3.0, 0.5 ] },
														"east": { "texture": "#rustyglow", "uv": [ 0.0, 0.0, 3.0, 0.5 ] },
														"south": { "texture": "#rustyglow", "uv": [ 0.0, 0.0, 3.0, 0.5 ] },
														"west": { "texture": "#rustyglow", "uv": [ 0.0, 0.0, 3.0, 0.5 ] },
														"up": { "texture": "#rustyglow", "uv": [ 0.0, 0.0, 3.0, 3.0 ] },
														"down": { "texture": "#rustyglow", "uv": [ 0.0, 0.0, 3.0, 3.0 ] }
													}
												}
											]
										},
										{
											"name": "Cube20",
											"from": [ 0.0, 4.0, 0.0 ],
											"to": [ 2.0, 4.5, 2.0 ],
											"rotationOrigin": [ 0.0, 4.0, 0.0 ],
											"faces": {
												"north": { "texture": "#obsidian1", "uv": [ 0.0, 0.0, 2.0, 0.5 ] },
												"east": { "texture": "#obsidian1", "uv": [ 0.0, 0.0, 2.0, 0.5 ] },
												"south": { "texture": "#obsidian1", "uv": [ 0.0, 0.0, 2.0, 0.5 ] },
												"west": { "texture": "#obsidian1", "uv": [ 0.0, 0.0, 2.0, 0.5 ] },
												"up": { "texture": "#obsidian1", "uv": [ 0.0, 0.0, 2.0, 2.0 ] },
												"down": { "texture": "#obsidian1", "uv": [ 0.0, 0.0, 2.0, 2.0 ] }
											},
											"children": [
												{
													"name": "Cube21",
													"from": [ 0.25, 0.5, 0.25 ],
													"to": [ 1.75, 1.0, 1.75 ],
													"rotationOrigin": [ 0.0, 0.5, 0.2 ],
													"faces": {
														"north": { "texture": "#rustyglow", "uv": [ 0.0, 0.0, 1.5, 0.5 ] },
														"east": { "texture": "#rustyglow", "uv": [ 0.0, 0.0, 1.5, 0.5 ] },
														"south": { "texture": "#rustyglow", "uv": [ 0.0, 0.0, 1.5, 0.5 ] },
														"west": { "texture": "#rustyglow", "uv": [ 0.0, 0.0, 1.5, 0.5 ] },
														"up": { "texture": "#rustyglow", "uv": [ 0.0, 0.0, 1.5, 1.5 ] },
														"down": { "texture": "#rustyglow", "uv": [ 0.0, 0.0, 1.5, 1.5 ] }
													}
												}
											]
										}
									]
								}
							]
						},
						{
							"name": "Cube118",
							"from": [ -0.1, 0.75, -0.1 ],
							"to": [ 3.1, 1.25, 3.1 ],
							"rotationOrigin": [ -0.1, 0.7, -0.1 ],
							"faces": {
								"north": { "texture": "#rustyglow", "uv": [ 0.0, 0.0, 3.0, 0.5 ] },
								"east": { "texture": "#rustyglow", "uv": [ 0.0, 0.0, 3.0, 0.5 ] },
								"south": { "texture": "#rustyglow", "uv": [ 0.0, 0.0, 3.0, 0.5 ] },
								"west": { "texture": "#rustyglow", "uv": [ 0.0, 0.0, 3.0, 0.5 ] },
								"up": { "texture": "#rustyglow", "uv": [ 0.0, 0.0, 3.0, 3.0 ] },
								"down": { "texture": "#rustyglow", "uv": [ 0.0, 0.0, 3.0, 3.0 ] }
							}
						}
					]
				},
				{
					"name": "base-barbrace-131",
					"from": [ 3.01, -15.0, 15.99 ],
					"to": [ 6.03, -12.0, 19.01 ],
					"rotationOrigin": [ 3.0, -15.0, 16.0 ],
					"rotationX": 180.0,
					"rotationZ": 180.0,
					"faces": {
						"north": { "texture": "#obsidian1", "uv": [ 0.0, 0.0, 3.0, 3.0 ] },
						"east": { "texture": "#obsidian1", "uv": [ 0.0, 0.0, 3.0, 3.0 ] },
						"south": { "texture": "#obsidian1", "uv": [ 0.0, 0.0, 3.0, 3.0 ] },
						"west": { "texture": "#obsidian1", "uv": [ 0.0, 0.0, 3.0, 3.0 ] },
						"up": { "texture": "#obsidian1", "uv": [ 0.0, 0.0, 3.0, 3.0 ] },
						"down": { "texture": "#obsidian1", "uv": [ 0.0, 0.0, 3.0, 3.0 ] }
					},
					"children": [
						{
							"name": "Cube153",
							"from": [ 0.5, 1.0, 0.5 ],
							"to": [ 2.5, 8.0, 2.5 ],
							"rotationOrigin": [ 0.5, 1.0, 0.5 ],
							"faces": {
								"north": { "texture": "#manastone1", "uv": [ 0.0, 0.0, 2.0, 7.0 ] },
								"east": { "texture": "#manastone1", "uv": [ 0.0, 0.0, 2.0, 7.0 ] },
								"south": { "texture": "#manastone1", "uv": [ 0.0, 0.0, 2.0, 7.0 ] },
								"west": { "texture": "#manastone1", "uv": [ 0.0, 0.0, 2.0, 7.0 ] },
								"up": { "texture": "#manastone1", "uv": [ 0.0, 0.0, 2.0, 2.0 ] },
								"down": { "texture": "#manastone1", "uv": [ 0.0, 0.0, 2.0, 2.0 ] }
							}
						},
						{
							"name": "Cube119",
							"from": [ -0.1, 2.0, -0.1 ],
							"to": [ 3.1, 2.5, 3.1 ],
							"rotationOrigin": [ -0.1, 2.0, -0.1 ],
							"faces": {
								"north": { "texture": "#rustyglow", "uv": [ 0.0, 0.0, 3.0, 0.5 ] },
								"east": { "texture": "#rustyglow", "uv": [ 0.0, 0.0, 3.0, 0.5 ] },
								"south": { "texture": "#rustyglow", "uv": [ 0.0, 0.0, 3.0, 0.5 ] },
								"west": { "texture": "#rustyglow", "uv": [ 0.0, 0.0, 3.0, 0.5 ] },
								"up": { "texture": "#rustyglow", "uv": [ 0.0, 0.0, 3.0, 3.0 ] },
								"down": { "texture": "#rustyglow", "uv": [ 0.0, 0.0, 3.0, 3.0 ] }
							}
						},
						{
							"name": "Cube22",
							"from": [ 0.5, 4.5, 0.0 ],
							"to": [ 2.5, 6.5, 3.0 ],
							"rotationOrigin": [ 1.5, 5.5, 1.5 ],
							"rotationZ": 45.0,
							"faces": {
								"north": { "texture": "#obsidian10", "uv": [ 0.0, 0.0, 2.0, 2.0 ] },
								"east": { "texture": "#obsidian10", "uv": [ 0.0, 0.0, 3.0, 2.0 ] },
								"south": { "texture": "#obsidian10", "uv": [ 0.0, 0.0, 2.0, 2.0 ] },
								"west": { "texture": "#obsidian10", "uv": [ 0.0, 0.0, 3.0, 2.0 ] },
								"up": { "texture": "#obsidian10", "uv": [ 0.0, 0.0, 2.0, 3.0 ] },
								"down": { "texture": "#obsidian10", "uv": [ 0.0, 0.0, 2.0, 3.0 ] }
							},
							"children": [
								{
									"name": "Cube23",
									"from": [ 0.0, 0.0, 0.0 ],
									"to": [ 2.0, 2.0, 3.0 ],
									"rotationOrigin": [ 1.0, 1.0, 1.5 ],
									"rotationX": 90.0,
									"rotationY": 45.0,
									"rotationZ": -45.0,
									"faces": {
										"north": { "texture": "#obsidian1", "uv": [ 0.0, 0.0, 2.0, 2.0 ] },
										"east": { "texture": "#obsidian1", "uv": [ 0.0, 0.0, 3.0, 2.0 ] },
										"south": { "texture": "#obsidian1", "uv": [ 0.0, 0.0, 2.0, 2.0 ] },
										"west": { "texture": "#obsidian1", "uv": [ 0.0, 0.0, 3.0, 2.0 ] },
										"up": { "texture": "#obsidian1", "uv": [ 0.0, 0.0, 2.0, 3.0 ] },
										"down": { "texture": "#obsidian1", "uv": [ 0.0, 0.0, 2.0, 3.0 ] }
									}
								}
							]
						}
					]
				},
				{
					"name": "_outerbrace133",
					"from": [ 0.1, -13.0, -0.1 ],
					"to": [ 0.1, -13.0, -0.1 ],
					"rotationOrigin": [ 8.1, -13.0, 7.9 ],
					"rotationX": -180.0,
					"rotationZ": -180.0,
					"faces": {
						"north": { "texture": "#default", "uv": [ 0.0, 0.0, 0.5, 0.5 ] },
						"east": { "texture": "#default", "uv": [ 0.0, 0.0, 0.5, 0.5 ] },
						"south": { "texture": "#default", "uv": [ 0.0, 0.0, 0.5, 0.5 ] },
						"west": { "texture": "#default", "uv": [ 0.0, 0.0, 0.5, 0.5 ] },
						"up": { "texture": "#default", "uv": [ 0.0, 0.0, 0.5, 0.5 ] },
						"down": { "texture": "#default", "uv": [ 0.0, 0.0, 0.5, 0.5 ] }
					},
					"children": [
						{
							"name": "outerbrace4-side134",
							"from": [ 10.11, 0.0, 4.35 ],
							"to": [ 11.61, 3.0, 5.85 ],
							"rotationOrigin": [ 10.16, 0.0, 5.4 ],
							"rotationY": 0.02,
							"faces": {
								"north": { "texture": "#material2", "uv": [ 0.0, 0.0, 1.5, 3.0 ] },
								"east": { "texture": "#material2", "uv": [ 0.0, 0.0, 1.5, 3.0 ] },
								"south": { "texture": "#material2", "uv": [ 0.0, 0.0, 1.5, 3.0 ] },
								"west": { "texture": "#material2", "uv": [ 0.0, 0.0, 1.5, 3.0 ] },
								"up": { "texture": "#material2", "uv": [ 0.0, 0.0, 1.5, 1.5 ] },
								"down": { "texture": "#material2", "uv": [ 0.0, 0.0, 1.5, 1.5 ] }
							},
							"children": [
								{
									"name": "Cube154",
									"from": [ 0.0, 3.0, 0.0 ],
									"to": [ 1.5, 3.5, 1.5 ],
									"rotationOrigin": [ 0.0, 2.5, 0.0 ],
									"faces": {
										"north": { "texture": "#rustyglow", "uv": [ 0.0, 0.0, 1.5, 0.5 ] },
										"east": { "texture": "#rustyglow", "uv": [ 0.0, 0.0, 1.5, 0.5 ] },
										"south": { "texture": "#rustyglow", "uv": [ 0.0, 0.0, 1.5, 0.5 ] },
										"west": { "texture": "#rustyglow", "uv": [ 0.0, 0.0, 1.5, 0.5 ] },
										"up": { "texture": "#rustyglow", "uv": [ 0.0, 0.0, 1.5, 1.5 ] },
										"down": { "texture": "#rustyglow", "uv": [ 0.0, 0.0, 1.5, 1.5 ] }
									}
								}
							]
						},
						{
							"name": "centerpillar-brace-4",
							"from": [ 9.9, 0.0, 4.9 ],
							"to": [ 11.1, 5.5, 6.1 ],
							"rotationOrigin": [ 9.9, 0.0, 4.9 ],
							"faces": {
								"north": { "texture": "#manastone2", "uv": [ 0.0, 0.0, 1.0, 5.5 ] },
								"east": { "texture": "#manastone2", "uv": [ 0.0, 0.0, 1.0, 5.5 ] },
								"south": { "texture": "#manastone2", "uv": [ 0.0, 0.0, 1.0, 5.5 ] },
								"west": { "texture": "#manastone2", "uv": [ 0.0, 0.0, 1.0, 5.5 ] },
								"up": { "texture": "#manastone2", "uv": [ 0.0, 0.0, 1.0, 1.0 ] },
								"down": { "texture": "#manastone2", "uv": [ 0.0, 0.0, 1.0, 1.0 ] }
							},
							"children": [
								{
									"name": "Cube155",
									"from": [ 0.0, 5.5, 0.0 ],
									"to": [ 1.2, 6.0, 1.2 ],
									"rotationOrigin": [ 0.0, 6.0, 0.0 ],
									"faces": {
										"north": { "texture": "#obsidian1", "uv": [ 0.0, 0.0, 1.0, 0.5 ] },
										"east": { "texture": "#obsidian1", "uv": [ 0.0, 0.0, 1.0, 0.5 ] },
										"south": { "texture": "#obsidian1", "uv": [ 0.0, 0.0, 1.0, 0.5 ] },
										"west": { "texture": "#obsidian1", "uv": [ 0.0, 0.0, 1.0, 0.5 ] },
										"up": { "texture": "#obsidian1", "uv": [ 0.0, 0.0, 1.0, 1.0 ] },
										"down": { "texture": "#obsidian1", "uv": [ 0.0, 0.0, 1.0, 1.0 ] }
									}
								}
							]
						}
					]
				},
				{
					"name": "Cube25",
					"from": [ 5.73, -7.0, 10.725 ],
					"to": [ 6.23, -6.3, 11.225 ],
					"rotationOrigin": [ 5.725, -7.0, 10.725 ],
					"rotationX": 180.0,
					"rotationZ": 180.0,
					"faces": {
						"north": { "texture": "#rustyglow", "uv": [ 0.0, 0.0, 0.5, 0.5 ] },
						"east": { "texture": "#rustyglow", "uv": [ 0.0, 0.0, 0.5, 0.5 ] },
						"south": { "texture": "#rustyglow", "uv": [ 0.0, 0.0, 0.5, 0.5 ] },
						"west": { "texture": "#rustyglow", "uv": [ 0.0, 0.0, 0.5, 0.5 ] },
						"up": { "texture": "#rustyglow", "uv": [ 0.0, 0.0, 0.5, 0.5 ] },
						"down": { "texture": "#rustyglow", "uv": [ 0.0, 0.0, 0.5, 0.5 ] }
					},
					"children": [
						{
							"name": "tube7",
							"from": [ 0.12, 0.6, 0.125 ],
							"to": [ 0.37, 4.6, 0.375 ],
							"rotationOrigin": [ 0.12, 0.6, 0.375 ],
							"rotationX": -50.0,
							"rotationY": 25.6,
							"rotationZ": -50.0,
							"faces": {
								"north": { "texture": "#rustyglow", "uv": [ 0.0, 0.0, 0.5, 4.0 ] },
								"east": { "texture": "#rustyglow", "uv": [ 0.0, 0.0, 0.5, 4.0 ] },
								"south": { "texture": "#rustyglow", "uv": [ 0.0, 0.0, 0.5, 4.0 ] },
								"west": { "texture": "#rustyglow", "uv": [ 0.0, 0.0, 0.5, 4.0 ] },
								"up": { "texture": "#rustyglow", "uv": [ 0.0, 0.0, 0.5, 0.5 ] },
								"down": { "texture": "#rustyglow", "uv": [ 0.0, 0.0, 0.5, 0.5 ] }
							}
						},
						{
							"name": "tube8",
							"from": [ 0.12, 0.6, 0.125 ],
							"to": [ 0.37, 6.6, 0.375 ],
							"rotationOrigin": [ 0.12, 0.6, 0.375 ],
							"rotationX": -13.5,
							"rotationY": 11.0,
							"rotationZ": -13.5,
							"faces": {
								"north": { "texture": "#rustyglow", "uv": [ 0.0, 0.0, 0.5, 6.0 ] },
								"east": { "texture": "#rustyglow", "uv": [ 0.0, 0.0, 0.5, 6.0 ] },
								"south": { "texture": "#rustyglow", "uv": [ 0.0, 0.0, 0.5, 6.0 ] },
								"west": { "texture": "#rustyglow", "uv": [ 0.0, 0.0, 0.5, 6.0 ] },
								"up": { "texture": "#rustyglow", "uv": [ 0.0, 0.0, 0.5, 0.5 ] },
								"down": { "texture": "#rustyglow", "uv": [ 0.0, 0.0, 0.5, 0.5 ] }
							}
						}
					]
				}
			]
		}
	]}