{
	"editor": {
		"allAngles": false,
		"entityTextureMode": false
	},
	"textureWidth": 16,
	"textureHeight": 16,
	"textureSizes": {
	},
	"textures": {
	},
	"elements": [
		{
			"name": "_origin",
			"from": [ 8.0, 0.0, 8.0 ],
			"to": [ 8.0, 0.0, 8.0 ],
			"rotationOrigin": [ 8.0, 0.0, 8.0 ],
			"faces": {
				"north": { "texture": "#default", "uv": [ 0.0, 0.0, 0.5, 0.5 ] },
				"east": { "texture": "#default", "uv": [ 0.0, 0.0, 0.5, 0.5 ] },
				"south": { "texture": "#default", "uv": [ 0.0, 0.0, 0.5, 0.5 ] },
				"west": { "texture": "#default", "uv": [ 0.0, 0.0, 0.5, 0.5 ] },
				"up": { "texture": "#default", "uv": [ 0.0, 0.0, 0.5, 0.5 ] },
				"down": { "texture": "#default", "uv": [ 0.0, 0.0, 0.5, 0.5 ] }
			},
			"children": [
				{
					"name": "top",
					"from": [ -7.98, 6.0, -7.98 ],
					"to": [ 7.98, 12.0, 7.98 ],
					"rotationOrigin": [ -8.0, 6.0, -8.0 ],
					"faces": {
						"north": { "texture": "#woodside", "uv": [ 0.0, 0.0, 16.0, 6.0 ], "autoUv": false },
						"east": { "texture": "#woodside", "uv": [ 0.0, 0.0, 16.0, 6.0 ], "autoUv": false },
						"south": { "texture": "#woodside", "uv": [ 0.0, 0.0, 16.0, 6.0 ], "autoUv": false },
						"west": { "texture": "#woodside", "uv": [ 0.0, 0.0, 16.0, 6.0 ], "autoUv": false },
						"up": { "texture": "#woodtop", "uv": [ 0.0, 0.0, 16.0, 16.0 ], "autoUv": false },
						"down": { "texture": "#woodtop", "uv": [ 0.0, 0.0, 16.0, 16.0 ], "autoUv": false }
					}
				},
				{
					"name": "base",
					"from": [ -7.0, 0.0, -7.0 ],
					"to": [ 7.0, 2.0, 7.0 ],
					"rotationOrigin": [ -6.5, 0.0, -6.5 ],
					"faces": {
						"north": { "texture": "#woodside", "uv": [ 0.0, 0.0, 16.0, 2.0 ], "autoUv": false },
						"east": { "texture": "#woodside", "uv": [ 0.0, 0.0, 16.0, 2.0 ], "autoUv": false },
						"south": { "texture": "#woodside", "uv": [ 0.0, 0.0, 16.0, 2.0 ], "autoUv": false },
						"west": { "texture": "#woodside", "uv": [ 0.0, 0.0, 16.0, 2.0 ], "autoUv": false },
						"up": { "texture": "#woodtop", "uv": [ 0.0, 0.0, 16.0, 16.0 ], "autoUv": false },
						"down": { "texture": "#woodtop", "uv": [ 0.0, 0.0, 16.0, 16.0 ], "autoUv": false }
					},
					"children": [
						{
							"name": "leg3",
							"from": [ 1.0, 1.0, 1.0 ],
							"to": [ 5.0, 9.0, 5.0 ],
							"rotationOrigin": [ 1.0, 1.0, 1.0 ],
							"faces": {
								"north": { "texture": "#woodlegs", "uv": [ 8.5, 1.0, 12.5, 9.0 ] },
								"east": { "texture": "#woodlegs", "uv": [ 5.0, 0.5, 9.0, 8.5 ] },
								"south": { "texture": "#woodlegs", "uv": [ 8.5, 4.0, 12.5, 12.0 ] },
								"west": { "texture": "#woodlegs", "uv": [ 2.5, 4.5, 6.5, 12.5 ] },
								"up": { "texture": "#woodlegs", "uv": [ 5.0, 6.0, 9.0, 10.0 ] },
								"down": { "texture": "#woodlegs", "uv": [ 9.0, 4.5, 13.0, 8.5 ] }
							}
						},
						{
							"name": "leg4",
							"from": [ 9.0, 1.0, 1.0 ],
							"to": [ 13.0, 9.0, 5.0 ],
							"rotationOrigin": [ 9.0, 1.0, 1.0 ],
							"faces": {
								"north": { "texture": "#woodlegs", "uv": [ 4.5, 5.5, 8.5, 13.5 ] },
								"east": { "texture": "#woodlegs", "uv": [ 7.5, 0.5, 11.5, 8.5 ] },
								"south": { "texture": "#woodlegs", "uv": [ 2.0, 6.5, 6.0, 14.5 ] },
								"west": { "texture": "#woodlegs", "uv": [ 9.0, 1.5, 13.0, 9.5 ] },
								"up": { "texture": "#woodlegs", "uv": [ 5.0, 10.0, 9.0, 14.0 ] },
								"down": { "texture": "#woodlegs", "uv": [ 6.5, 10.5, 10.5, 14.5 ] }
							}
						},
						{
							"name": "leg1",
							"from": [ 1.0, 1.0, 9.0 ],
							"to": [ 5.0, 9.0, 13.0 ],
							"rotationOrigin": [ 1.0, 1.0, 9.0 ],
							"faces": {
								"north": { "texture": "#woodlegs", "uv": [ 10.0, 6.5, 14.0, 14.5 ] },
								"east": { "texture": "#woodlegs", "uv": [ 2.0, 4.0, 6.0, 12.0 ] },
								"south": { "texture": "#woodlegs", "uv": [ 6.5, 4.5, 10.5, 12.5 ] },
								"west": { "texture": "#woodlegs", "uv": [ 10.0, 6.5, 14.0, 14.5 ] },
								"up": { "texture": "#woodlegs", "uv": [ 4.5, 0.5, 8.5, 4.5 ] },
								"down": { "texture": "#woodlegs", "uv": [ 5.5, 11.5, 9.5, 15.5 ] }
							}
						},
						{
							"name": "leg2",
							"from": [ 9.0, 1.0, 9.0 ],
							"to": [ 13.0, 9.0, 13.0 ],
							"rotationOrigin": [ 9.0, 1.0, 9.0 ],
							"faces": {
								"north": { "texture": "#woodlegs", "uv": [ 6.0, 3.5, 10.0, 11.5 ] },
								"east": { "texture": "#woodlegs", "uv": [ 1.0, 6.0, 5.0, 14.0 ] },
								"south": { "texture": "#woodlegs", "uv": [ 6.5, 6.5, 10.5, 14.5 ] },
								"west": { "texture": "#woodlegs", "uv": [ 10.5, 6.5, 14.5, 14.5 ] },
								"up": { "texture": "#woodlegs", "uv": [ 5.0, 11.0, 9.0, 15.0 ] },
								"down": { "texture": "#woodlegs", "uv": [ 7.0, 6.0, 11.0, 10.0 ] }
							}
						}
					]
				},
				{
					"name": "clothtop",
					"from": [ -8.0, 12.02, -8.0 ],
					"to": [ 8.0, 12.02, 8.0 ],
					"rotationOrigin": [ -8.1, 12.1, -8.0 ],
					"faces": {
						"up": { "texture": "#topcloth", "uv": [ 0.0, 0.0, 16.0, 16.0 ] }
					},
					"children": [
						{
							"name": "clothside-left3",
							"from": [ 16.0, -5.0, 3.0 ],
							"to": [ 16.0, 0.0, 13.0 ],
							"rotationOrigin": [ 8.0, -5.0, 8.0 ],
							"faces": {
								"east": { "texture": "#sidecloth", "uv": [ 3.0, 0.5, 13.0, 5.5 ] }
							}
						},
						{
							"name": "clothside-left4",
							"from": [ 0.0, -5.0, 3.0 ],
							"to": [ 0.0, 0.0, 13.0 ],
							"rotationOrigin": [ -8.0, -5.0, 8.0 ],
							"faces": {
								"west": { "texture": "#sidecloth", "uv": [ 3.0, 0.5, 13.0, 5.5 ] }
							}
						},
						{
							"name": "clothside-left1",
							"from": [ 16.0, -5.0, 3.0 ],
							"to": [ 16.0, 0.0, 13.0 ],
							"rotationOrigin": [ 8.0, -5.0, 8.0 ],
							"rotationY": -90.0,
							"faces": {
								"east": { "texture": "#sidecloth", "uv": [ 3.0, 0.5, 13.0, 5.5 ] }
							}
						},
						{
							"name": "clothside-left2",
							"from": [ 16.0, -5.0, 3.0 ],
							"to": [ 16.0, 0.0, 13.0 ],
							"rotationOrigin": [ 8.0, -5.0, 8.0 ],
							"rotationY": 90.0,
							"faces": {
								"east": { "texture": "#sidecloth", "uv": [ 3.0, 0.5, 13.0, 5.5 ] }
							}
						}
					]
				},
				{
					"name": "clothtop2",
					"from": [ -8.0, 12.02, -8.0 ],
					"to": [ 8.0, 12.02, 8.0 ],
					"rotationOrigin": [ -8.1, 12.1, -8.0 ],
					"faces": {
						"up": { "texture": "#topcloth", "uv": [ 0.0, 0.0, 16.0, 16.0 ] }
					}
				}
			]
		}
	]}