{
    "torchWillDisableSpawn": true,
    "spawnOnlyInGround": false,
    "spawnOnlyWith2Heights": false,
    "droppable": false,
    "freezeOnAllEntitiesSpawned": false,
    "healthAdditional": 1.0,
    "damageAdditional": 1.0,
    "entitiesToSpawn": [
        "game:drifter-tainted"
    ],
    "lightLevel1": 10,
    "lightLevel2": 15,
    "lightLevel3": 25,
    "lightLevel4": 30,
    "maxSpawnedEntities": 20,
    "maxEntitiesSpawnAtOnce": 4,
    "xSpawnMaxDistance": 4,
    "ySpawnMaxDistance": 2,
    "zSpawnMaxDistance": 4,
    "xPlayerDistanceToSpawn": 16,
    "yPlayerDistanceToSpawn": 16,
    "zPlayerDistanceToSpawn": 16,
    "maxChancesToFindAValidBlockToSpawn": 15,
    "spawnerDrops": [
        {
            "chance": 20,
            "codes": [
                {
                    "chance": 100,
                    "minQuantity": 5,
                    "maxQuantity": 10,
                    "code": "game:nugget-cassiterite"
                },
                {
                    "chance": 50,
                    "minQuantity": 1,
                    "maxQuantity": 5,
                    "code": "game:nugget-nativecopper"
                }
            ]
        },
        {
            "chance": 100,
            "codes": [
                {
                    "chance": 100,
                    "minQuantity": 5,
                    "maxQuantity": 10,
                    "code": "game:nugget-cassiterite"
                },
                {
                    "chance": 20,
                    "minQuantity": 1,
                    "maxQuantity": 2,
                    "code": "game:gear-temporal"
                }
            ]
        }
    ],
    "extendedLogs": false
}
