{
	"editor": {
		"collapsedPaths": "Root/Frond Base 1/Frond Stem 1",
		"allAngles": true,
		"entityTextureMode": false
	},
	"textureWidth": 12,
	"textureHeight": 24,
	"textureSizes": {
		"leaf": [12,24],
		"stem": [8,20]
	},
	"textures": {
	},
	"elements": [
		{
			"name": "stem",
			"from": [ 6.12, -3.6, 6.12 ],
			"to": [ 9.87, 0.15, 9.87 ],
			"rotationOrigin": [ 6.125, -3.6, 6.125 ],
			"faces": {
				"north": { "texture": "#stem", "uv": [ 2.0, 11.5, 7.0, 16.5 ], "autoUv": false, "windMode": [0,0,0,0] },
				"east": { "texture": "#stem", "uv": [ 2.0, 13.0, 7.0, 18.0 ], "autoUv": false, "windMode": [0,0,0,0] },
				"south": { "texture": "#stem", "uv": [ 2.0, 11.5, 7.0, 16.5 ], "autoUv": false, "windMode": [0,0,0,0] },
				"west": { "texture": "#stem", "uv": [ 2.0, 11.5, 7.0, 16.5 ], "autoUv": false, "windMode": [0,0,0,0] },
				"up": { "texture": "#stem", "uv": [ 2.0, 7.5, 7.0, 12.5 ], "autoUv": false, "windMode": [0,0,0,0] }
			},
			"children": [
				{
					"name": "Stemtop",
					"from": [ 1.875, 3.525, -0.75 ],
					"to": [ 1.875, 7.275, 4.5 ],
					"rotationOrigin": [ 1.875, 3.525, 1.875 ],
					"rotationY": 45.0,
					"faces": {
						"east": { "texture": "#stem", "uv": [ 0.0, 3.0, 7.0, 8.0 ], "autoUv": false, "windMode": [0,5,5,0] }
					},
					"children": [
						{
							"name": "Stemtop2",
							"from": [ 0.0012, 0.0, 7.0E-4 ],
							"to": [ 0.0012, 3.75, 5.2507 ],
							"rotationOrigin": [ 0.0, 0.0, 2.625 ],
							"rotationY": -89.98,
							"faces": {
								"east": { "texture": "#stem", "uv": [ 0.0, 3.0, 7.0, 8.0 ], "autoUv": false, "windMode": [0,5,5,0] }
							}
						}
					]
				},
				{
					"name": "Frond base 1",
					"from": [ 1.875, 0.0, 1.875 ],
					"to": [ 1.875, 0.0, 1.875 ],
					"rotationOrigin": [ 1.875, 0.0, 1.875 ],
					"rotationY": 8.0,
					"faces": {
					},
					"children": [
						{
							"name": "Frond Stem 1",
							"from": [ -1.125, 2.775, -0.45 ],
							"to": [ -0.75, 8.775, 0.3 ],
							"shade": false,
							"climateColorMap": "climatePlantTint",
							"seasonColorMap": "seasonalGrass",
							"renderPass": 1,
							"rotationOrigin": [ -1.125, 2.775, -0.075 ],
							"rotationZ": 25.0,
							"faces": {
								"north": { "texture": "#stem", "uv": [ 1.5, 10.0, 2.0, 18.0 ], "autoUv": false, "windMode": [0,5,5,0] },
								"south": { "texture": "#stem", "uv": [ 0.0, 10.0, 0.5, 18.0 ], "autoUv": false, "windMode": [0,0,5,5] },
								"west": { "texture": "#stem", "uv": [ 0.5, 10.0, 1.5, 18.0 ], "autoUv": false, "windMode": [0,0,5,5] }
							},
							"children": [
								{
									"name": "Frond Segment 1 1",
									"from": [ 0.0, 5.775, 0.375 ],
									"to": [ 0.0, 5.775, 0.375 ],
									"rotationOrigin": [ 0.0, 5.775, 0.375 ],
									"rotationZ": 20.0,
									"faces": {
									},
									"children": [
										{
											"name": "Frond Segment 2 1",
											"from": [ 0.0, 9.0, 0.0 ],
											"to": [ 0.0, 9.0, 0.0 ],
											"rotationOrigin": [ 0.0, 9.0, 0.0 ],
											"rotationZ": 30.0,
											"faces": {
											},
											"children": [
												{
													"name": "Frond MiddleL1",
													"from": [ 0.0, 0.0, 0.0 ],
													"to": [ 0.0, 9.0, 4.5 ],
													"shade": false,
													"climateColorMap": "climatePlantTint",
													"seasonColorMap": "seasonalGrass",
													"renderPass": 1,
													"rotationOrigin": [ 0.0, 0.0, 0.0 ],
													"rotationY": 16.0,
													"faces": {
														"east": { "texture": "#leaf", "uv": [ 0.0, 0.0, 6.0, 12.0 ], "autoUv": false, "windMode": [5,5,5,5] }
													}
												},
												{
													"name": "Frond MiddleR1",
													"from": [ 0.0, 0.0, -4.5 ],
													"to": [ 0.0, 9.0, 0.0 ],
													"shade": false,
													"climateColorMap": "climatePlantTint",
													"seasonColorMap": "seasonalGrass",
													"renderPass": 1,
													"rotationOrigin": [ 0.0, 0.0, 0.0 ],
													"rotationY": -16.0,
													"faces": {
														"east": { "texture": "#leaf", "uv": [ 6.0, 0.0, 12.0, 12.0 ], "autoUv": false, "windMode": [5,5,5,5] }
													}
												}
											]
										},
										{
											"name": "Frond BaseL1",
											"from": [ 0.0, 0.0, 0.0 ],
											"to": [ 0.0, 9.0, 4.5 ],
											"shade": false,
											"climateColorMap": "climatePlantTint",
											"seasonColorMap": "seasonalGrass",
											"renderPass": 1,
											"rotationOrigin": [ 0.0, 0.0, 0.0 ],
											"rotationY": 25.0,
											"faces": {
												"east": { "texture": "#leaf", "uv": [ 0.0, 12.0, 6.0, 24.0 ], "autoUv": false, "windMode": [5,5,5,5] }
											}
										},
										{
											"name": "Frond BaseR1",
											"from": [ 0.0, 0.0, -4.5 ],
											"to": [ 0.0, 9.0, 0.0 ],
											"shade": false,
											"climateColorMap": "climatePlantTint",
											"seasonColorMap": "seasonalGrass",
											"renderPass": 1,
											"rotationOrigin": [ 0.0, 0.0, 0.0 ],
											"rotationY": -25.0,
											"faces": {
												"east": { "texture": "#leaf", "uv": [ 6.0, 12.0, 12.0, 24.0 ], "autoUv": false, "windMode": [5,5,5,5] }
											}
										}
									]
								}
							]
						}
					]
				},
				{
					"name": "Frond base 2",
					"from": [ 1.875, 0.0, 1.875 ],
					"to": [ 1.875, 0.0, 1.875 ],
					"rotationOrigin": [ 1.875, 0.0, 1.875 ],
					"rotationY": -100.0,
					"faces": {
					},
					"children": [
						{
							"name": "Frond Stem 2",
							"from": [ -1.875, 2.775, -0.45 ],
							"to": [ -1.5, 8.775, 0.3 ],
							"shade": false,
							"climateColorMap": "climatePlantTint",
							"seasonColorMap": "seasonalGrass",
							"renderPass": 1,
							"rotationOrigin": [ -1.875, 2.775, -0.075 ],
							"rotationZ": 17.0,
							"faces": {
								"north": { "texture": "#stem", "uv": [ 1.5, 10.0, 2.0, 18.0 ], "autoUv": false, "windMode": [0,5,5,0] },
								"south": { "texture": "#stem", "uv": [ 0.0, 10.0, 0.5, 18.0 ], "autoUv": false, "windMode": [0,0,5,5] },
								"west": { "texture": "#stem", "uv": [ 0.5, 10.0, 1.5, 18.0 ], "autoUv": false, "windMode": [0,0,5,5] }
							},
							"children": [
								{
									"name": "Frond Segment 1 2",
									"from": [ 0.0, 5.775, 0.375 ],
									"to": [ 0.0, 5.775, 0.375 ],
									"rotationOrigin": [ 0.0, 5.775, 0.375 ],
									"rotationZ": 20.0,
									"faces": {
									},
									"children": [
										{
											"name": "Frond Segment 2 2",
											"from": [ 0.0, 9.0, 0.0 ],
											"to": [ 0.0, 9.0, 0.0 ],
											"rotationOrigin": [ 0.0, 9.0, 0.0 ],
											"rotationZ": 30.0,
											"faces": {
											},
											"children": [
												{
													"name": "Frond MiddleL2",
													"from": [ 0.0, 0.0, 0.0 ],
													"to": [ 0.0, 9.0, 4.5 ],
													"shade": false,
													"climateColorMap": "climatePlantTint",
													"seasonColorMap": "seasonalGrass",
													"renderPass": 1,
													"rotationOrigin": [ 0.0, 0.0, 0.0 ],
													"rotationY": 16.0,
													"faces": {
														"east": { "texture": "#leaf", "uv": [ 0.0, 0.0, 6.0, 12.0 ], "autoUv": false, "windMode": [5,5,5,5], "windData": [0,0,1,0] }
													}
												},
												{
													"name": "Frond MiddleR2",
													"from": [ 0.0, 0.0, -4.5 ],
													"to": [ 0.0, 9.0, 0.0 ],
													"shade": false,
													"climateColorMap": "climatePlantTint",
													"seasonColorMap": "seasonalGrass",
													"renderPass": 1,
													"rotationOrigin": [ 0.0, 0.0, 0.0 ],
													"rotationY": -16.0,
													"faces": {
														"east": { "texture": "#leaf", "uv": [ 6.0, 0.0, 12.0, 12.0 ], "autoUv": false, "windMode": [5,5,5,5], "windData": [0,1,0,0] }
													}
												}
											]
										},
										{
											"name": "Frond BaseL2",
											"from": [ 0.0, 0.0, 0.0 ],
											"to": [ 0.0, 9.0, 4.5 ],
											"shade": false,
											"climateColorMap": "climatePlantTint",
											"seasonColorMap": "seasonalGrass",
											"renderPass": 1,
											"rotationOrigin": [ 0.0, 0.0, 0.0 ],
											"rotationY": 25.0,
											"faces": {
												"east": { "texture": "#leaf", "uv": [ 0.0, 12.0, 6.0, 24.0 ], "autoUv": false, "windMode": [5,5,5,5] }
											}
										},
										{
											"name": "Frond BaseR2",
											"from": [ 0.0, 0.0, -4.5 ],
											"to": [ 0.0, 9.0, 0.0 ],
											"shade": false,
											"climateColorMap": "climatePlantTint",
											"seasonColorMap": "seasonalGrass",
											"renderPass": 1,
											"rotationOrigin": [ 0.0, 0.0, 0.0 ],
											"rotationY": -25.0,
											"faces": {
												"east": { "texture": "#leaf", "uv": [ 6.0, 12.0, 12.0, 24.0 ], "autoUv": false, "windMode": [5,5,5,5] }
											}
										}
									]
								}
							]
						}
					]
				},
				{
					"name": "Frond base 3",
					"from": [ 1.875, 0.0, 1.875 ],
					"to": [ 1.875, 0.0, 1.875 ],
					"rotationOrigin": [ 1.875, 0.0, 1.875 ],
					"rotationY": 75.0,
					"faces": {
					},
					"children": [
						{
							"name": "Frond Stem 3",
							"from": [ -1.875, 3.525, -0.45 ],
							"to": [ -1.5, 8.025, 0.3 ],
							"shade": false,
							"climateColorMap": "climatePlantTint",
							"seasonColorMap": "seasonalGrass",
							"renderPass": 1,
							"rotationOrigin": [ -1.875, 3.525, -0.075 ],
							"rotationZ": 25.0,
							"faces": {
								"north": { "texture": "#stem", "uv": [ 1.5, 10.0, 2.0, 16.0 ], "autoUv": false, "windMode": [0,5,5,0] },
								"south": { "texture": "#stem", "uv": [ 0.0, 10.0, 0.5, 16.0 ], "autoUv": false, "windMode": [0,0,5,5] },
								"west": { "texture": "#stem", "uv": [ 0.5, 10.0, 1.5, 16.0 ], "autoUv": false, "windMode": [0,0,5,5] }
							},
							"children": [
								{
									"name": "Frond Segment 1 3",
									"from": [ 0.0, 4.275, 0.375 ],
									"to": [ 0.0, 4.275, 0.375 ],
									"rotationOrigin": [ 0.0, 4.275, 0.375 ],
									"rotationZ": 20.0,
									"faces": {
									},
									"children": [
										{
											"name": "Frond Segment 2 3",
											"from": [ 0.0, 9.0, 0.0 ],
											"to": [ 0.0, 9.0, 0.0 ],
											"rotationOrigin": [ 0.0, 9.0, 0.0 ],
											"rotationZ": 11.0,
											"faces": {
											},
											"children": [
												{
													"name": "Frond MiddleL3",
													"from": [ 0.0, 0.0, 0.0 ],
													"to": [ 0.0, 9.0, 4.5 ],
													"shade": false,
													"climateColorMap": "climatePlantTint",
													"seasonColorMap": "seasonalGrass",
													"renderPass": 1,
													"rotationOrigin": [ 0.0, 0.0, 0.0 ],
													"rotationY": 16.0,
													"faces": {
														"east": { "texture": "#leaf", "uv": [ 0.0, 0.5, 6.0, 12.5 ], "autoUv": false, "windMode": [5,5,5,5], "windData": [0,0,1,0] }
													}
												},
												{
													"name": "Frond MiddleR3",
													"from": [ 0.0, 0.0, -4.5 ],
													"to": [ 0.0, 9.0, 0.0 ],
													"shade": false,
													"climateColorMap": "climatePlantTint",
													"seasonColorMap": "seasonalGrass",
													"renderPass": 1,
													"rotationOrigin": [ 0.0, 0.0, 0.0 ],
													"rotationY": -16.0,
													"faces": {
														"east": { "texture": "#leaf", "uv": [ 6.0, 0.0, 12.0, 12.0 ], "autoUv": false, "windMode": [5,5,5,5], "windData": [0,1,0,0] }
													}
												}
											]
										},
										{
											"name": "Frond BaseL3",
											"from": [ 0.0, 0.0, 0.0 ],
											"to": [ 0.0, 9.0, 4.5 ],
											"shade": false,
											"climateColorMap": "climatePlantTint",
											"seasonColorMap": "seasonalGrass",
											"renderPass": 1,
											"rotationOrigin": [ 0.0, 0.0, 0.0 ],
											"rotationY": 25.0,
											"faces": {
												"east": { "texture": "#leaf", "uv": [ 0.0, 12.0, 6.0, 24.0 ], "autoUv": false, "windMode": [5,5,5,5] }
											}
										},
										{
											"name": "Frond BaseR3",
											"from": [ 0.0, 0.0, -4.5 ],
											"to": [ 0.0, 9.0, 0.0 ],
											"shade": false,
											"climateColorMap": "climatePlantTint",
											"seasonColorMap": "seasonalGrass",
											"renderPass": 1,
											"rotationOrigin": [ 0.0, 0.0, 0.0 ],
											"rotationY": -25.0,
											"faces": {
												"east": { "texture": "#leaf", "uv": [ 6.0, 12.0, 12.0, 24.0 ], "autoUv": false, "windMode": [5,5,5,5] }
											}
										}
									]
								}
							]
						}
					]
				},
				{
					"name": "Frond base 4",
					"from": [ 1.875, 0.0, 1.875 ],
					"to": [ 1.875, 0.0, 1.875 ],
					"rotationOrigin": [ 1.875, 0.0, 1.875 ],
					"rotationY": 152.0,
					"faces": {
					},
					"children": [
						{
							"name": "Frond Stem 4",
							"from": [ -1.875, 2.025, -0.45 ],
							"to": [ -1.5, 8.025, 0.3 ],
							"shade": false,
							"climateColorMap": "climatePlantTint",
							"seasonColorMap": "seasonalGrass",
							"renderPass": 1,
							"rotationOrigin": [ -1.875, 2.025, -0.075 ],
							"rotationZ": 22.0,
							"faces": {
								"north": { "texture": "#stem", "uv": [ 1.5, 10.0, 2.0, 18.0 ], "autoUv": false, "windMode": [0,5,5,0] },
								"south": { "texture": "#stem", "uv": [ 0.0, 10.0, 0.5, 18.0 ], "autoUv": false, "windMode": [0,0,5,5] },
								"west": { "texture": "#stem", "uv": [ 0.5, 10.0, 1.5, 18.0 ], "autoUv": false, "windMode": [0,0,5,5] }
							},
							"children": [
								{
									"name": "Frond Segment 1 4",
									"from": [ 0.0, 5.775, 0.375 ],
									"to": [ 0.0, 5.775, 0.375 ],
									"rotationOrigin": [ 0.0, 5.775, 0.375 ],
									"rotationZ": 20.0,
									"faces": {
									},
									"children": [
										{
											"name": "Frond Segment 2 4",
											"from": [ 0.0, 9.0, 0.0 ],
											"to": [ 0.0, 9.0, 0.0 ],
											"rotationOrigin": [ 0.0, 9.0, 0.0 ],
											"rotationZ": 30.0,
											"faces": {
											},
											"children": [
												{
													"name": "Frond MiddleL4",
													"from": [ 0.0, 0.0, 0.0 ],
													"to": [ 0.0, 9.0, 4.5 ],
													"shade": false,
													"climateColorMap": "climatePlantTint",
													"seasonColorMap": "seasonalGrass",
													"renderPass": 1,
													"rotationOrigin": [ 0.0, 0.0, 0.0 ],
													"rotationY": 16.0,
													"faces": {
														"east": { "texture": "#leaf", "uv": [ 0.0, 0.0, 6.0, 12.0 ], "autoUv": false, "windMode": [5,5,5,5] }
													}
												},
												{
													"name": "Frond MiddleR4",
													"from": [ 0.0, 0.0, -4.5 ],
													"to": [ 0.0, 9.0, 0.0 ],
													"shade": false,
													"climateColorMap": "climatePlantTint",
													"seasonColorMap": "seasonalGrass",
													"renderPass": 1,
													"rotationOrigin": [ 0.0, 0.0, 0.0 ],
													"rotationY": -16.0,
													"faces": {
														"east": { "texture": "#leaf", "uv": [ 6.0, 0.0, 12.0, 12.0 ], "autoUv": false, "windMode": [5,5,5,5] }
													}
												}
											]
										},
										{
											"name": "Frond BaseL4",
											"from": [ 0.0, 0.0, 0.0 ],
											"to": [ 0.0, 9.0, 4.5 ],
											"shade": false,
											"climateColorMap": "climatePlantTint",
											"seasonColorMap": "seasonalGrass",
											"renderPass": 1,
											"rotationOrigin": [ 0.0, 0.0, 0.0 ],
											"rotationY": 25.0,
											"faces": {
												"east": { "texture": "#leaf", "uv": [ 0.0, 12.0, 6.0, 24.0 ], "autoUv": false, "windMode": [5,5,5,5] }
											}
										},
										{
											"name": "Frond BaseR4",
											"from": [ 0.0, 0.0, -4.5 ],
											"to": [ 0.0, 9.0, 0.0 ],
											"shade": false,
											"climateColorMap": "climatePlantTint",
											"seasonColorMap": "seasonalGrass",
											"renderPass": 1,
											"rotationOrigin": [ 0.0, 0.0, 0.0 ],
											"rotationY": -25.0,
											"faces": {
												"east": { "texture": "#leaf", "uv": [ 6.0, 12.0, 12.0, 24.0 ], "autoUv": false, "windMode": [5,5,5,5] }
											}
										}
									]
								}
							]
						}
					]
				},
				{
					"name": "Frond base 5",
					"from": [ 1.875, 0.0, 1.875 ],
					"to": [ 1.875, 0.0, 1.875 ],
					"rotationOrigin": [ 1.875, 0.0, 1.875 ],
					"rotationY": -152.0,
					"faces": {
					},
					"children": [
						{
							"name": "Frond Stem 5",
							"from": [ -1.125, 1.665, -0.27 ],
							"to": [ -0.9, 5.265, 0.18 ],
							"shade": false,
							"climateColorMap": "climatePlantTint",
							"seasonColorMap": "seasonalGrass",
							"renderPass": 1,
							"rotationOrigin": [ -1.125, 1.665, -0.045 ],
							"rotationZ": 50.0,
							"faces": {
								"north": { "texture": "#stem", "uv": [ 1.5, 10.0, 2.0, 18.0 ], "autoUv": false, "windMode": [0,0,0,0] },
								"south": { "texture": "#stem", "uv": [ 0.0, 10.0, 0.5, 18.0 ], "autoUv": false, "windMode": [0,0,0,0] },
								"west": { "texture": "#stem", "uv": [ 0.5, 10.0, 1.5, 18.0 ], "autoUv": false, "windMode": [0,0,0,0] }
							},
							"children": [
								{
									"name": "Frond Segment 1 5",
									"from": [ 0.0, 3.465, 0.225 ],
									"to": [ 0.0, 3.465, 0.225 ],
									"rotationOrigin": [ 0.0, 3.465, 0.225 ],
									"rotationZ": 20.0,
									"faces": {
									},
									"children": [
										{
											"name": "Frond Segment 2 5",
											"from": [ 0.0, 5.4, 0.0 ],
											"to": [ 0.0, 5.4, 0.0 ],
											"rotationOrigin": [ 0.0, 5.4, 0.0 ],
											"rotationZ": 30.0,
											"faces": {
											},
											"children": [
												{
													"name": "Frond MiddleL5",
													"from": [ 0.0, 0.0, 0.0 ],
													"to": [ 0.0, 5.4, 2.7 ],
													"shade": false,
													"climateColorMap": "climatePlantTint",
													"seasonColorMap": "seasonalGrass",
													"renderPass": 1,
													"rotationOrigin": [ 0.0, 0.0, 0.0 ],
													"rotationY": 16.0,
													"faces": {
														"east": { "texture": "#leaf", "uv": [ 0.0, 0.0, 6.0, 12.0 ], "autoUv": false, "windMode": [0,0,0,0] }
													}
												},
												{
													"name": "Frond MiddleR5",
													"from": [ 0.0, 0.0, -2.7 ],
													"to": [ 0.0, 5.4, 0.0 ],
													"shade": false,
													"climateColorMap": "climatePlantTint",
													"seasonColorMap": "seasonalGrass",
													"renderPass": 1,
													"rotationOrigin": [ 0.0, 0.0, 0.0 ],
													"rotationY": -16.0,
													"faces": {
														"east": { "texture": "#leaf", "uv": [ 6.0, 0.0, 12.0, 12.0 ], "autoUv": false, "windMode": [0,0,0,0] }
													}
												}
											]
										},
										{
											"name": "Frond BaseL5",
											"from": [ 0.0, 0.0, 0.0 ],
											"to": [ 0.0, 5.4, 2.7 ],
											"shade": false,
											"climateColorMap": "climatePlantTint",
											"seasonColorMap": "seasonalGrass",
											"renderPass": 1,
											"rotationOrigin": [ 0.0, 0.0, 0.0 ],
											"rotationY": 25.0,
											"faces": {
												"east": { "texture": "#leaf", "uv": [ 0.0, 12.0, 6.0, 24.0 ], "autoUv": false, "windMode": [0,0,5,0] }
											}
										},
										{
											"name": "Frond BaseR5",
											"from": [ 0.0, 0.0, -2.7 ],
											"to": [ 0.0, 5.4, 0.0 ],
											"shade": false,
											"climateColorMap": "climatePlantTint",
											"seasonColorMap": "seasonalGrass",
											"renderPass": 1,
											"rotationOrigin": [ 0.0, 0.0, 0.0 ],
											"rotationY": -25.0,
											"faces": {
												"east": { "texture": "#leaf", "uv": [ 6.0, 12.0, 12.0, 24.0 ], "autoUv": false, "windMode": [0,5,0,0] }
											}
										}
									]
								}
							]
						}
					]
				},
				{
					"name": "Frond base 6",
					"from": [ 1.875, 0.0, 1.875 ],
					"to": [ 1.875, 0.0, 1.875 ],
					"rotationOrigin": [ 1.875, 0.0, 1.875 ],
					"rotationY": -39.0,
					"faces": {
					},
					"children": [
						{
							"name": "Frond Stem 6",
							"from": [ -1.125, 2.115, -0.27 ],
							"to": [ -0.9, 5.715, 0.18 ],
							"shade": false,
							"climateColorMap": "climatePlantTint",
							"seasonColorMap": "seasonalGrass",
							"renderPass": 1,
							"rotationOrigin": [ -1.125, 2.115, -0.045 ],
							"rotationZ": 50.0,
							"faces": {
								"north": { "texture": "#stem", "uv": [ 1.5, 10.0, 2.0, 18.0 ], "autoUv": false, "windMode": [0,0,0,0] },
								"south": { "texture": "#stem", "uv": [ 0.0, 10.0, 0.5, 18.0 ], "autoUv": false, "windMode": [0,0,0,0] },
								"west": { "texture": "#stem", "uv": [ 0.5, 10.0, 1.5, 18.0 ], "autoUv": false, "windMode": [0,0,0,0] }
							},
							"children": [
								{
									"name": "Frond Segment 1 6",
									"from": [ 0.0, 3.465, 0.225 ],
									"to": [ 0.0, 3.465, 0.225 ],
									"rotationOrigin": [ 0.0, 3.465, 0.225 ],
									"rotationZ": 20.0,
									"faces": {
									},
									"children": [
										{
											"name": "Frond Segment 2 6",
											"from": [ 0.0, 5.4, 0.0 ],
											"to": [ 0.0, 5.4, 0.0 ],
											"rotationOrigin": [ 0.0, 5.4, 0.0 ],
											"rotationZ": 30.0,
											"faces": {
											},
											"children": [
												{
													"name": "Frond MiddleL6",
													"from": [ 0.0, 0.0, 0.0 ],
													"to": [ 0.0, 5.4, 2.7 ],
													"shade": false,
													"climateColorMap": "climatePlantTint",
													"seasonColorMap": "seasonalGrass",
													"renderPass": 1,
													"rotationOrigin": [ 0.0, 0.0, 0.0 ],
													"rotationY": 16.0,
													"faces": {
														"east": { "texture": "#leaf", "uv": [ 0.0, 0.0, 6.0, 12.0 ], "autoUv": false, "windMode": [0,0,0,5] }
													}
												},
												{
													"name": "Frond MiddleR6",
													"from": [ 0.0, 0.0, -2.7 ],
													"to": [ 0.0, 5.4, 0.0 ],
													"shade": false,
													"climateColorMap": "climatePlantTint",
													"seasonColorMap": "seasonalGrass",
													"renderPass": 1,
													"rotationOrigin": [ 0.0, 0.0, 0.0 ],
													"rotationY": -16.0,
													"faces": {
														"east": { "texture": "#leaf", "uv": [ 6.0, 0.0, 12.0, 12.0 ], "autoUv": false, "windMode": [5,0,0,0] }
													}
												}
											]
										},
										{
											"name": "Frond BaseL6",
											"from": [ 0.0, 0.0, 0.0 ],
											"to": [ 0.0, 5.4, 2.7 ],
											"shade": false,
											"climateColorMap": "climatePlantTint",
											"seasonColorMap": "seasonalGrass",
											"renderPass": 1,
											"rotationOrigin": [ 0.0, 0.0, 0.0 ],
											"rotationY": 25.0,
											"faces": {
												"east": { "texture": "#leaf", "uv": [ 0.0, 12.0, 6.0, 24.0 ], "autoUv": false, "windMode": [0,0,5,0] }
											}
										},
										{
											"name": "Frond BaseR6",
											"from": [ 0.0, 0.0, -2.7 ],
											"to": [ 0.0, 5.4, 0.0 ],
											"shade": false,
											"climateColorMap": "climatePlantTint",
											"seasonColorMap": "seasonalGrass",
											"renderPass": 1,
											"rotationOrigin": [ 0.0, 0.0, 0.0 ],
											"rotationY": -25.0,
											"faces": {
												"east": { "texture": "#leaf", "uv": [ 6.0, 12.0, 12.0, 24.0 ], "autoUv": false, "windMode": [0,5,0,0] }
											}
										}
									]
								}
							]
						}
					]
				},
				{
					"name": "Frond base 7",
					"from": [ 1.875, 0.0, 1.875 ],
					"to": [ 1.875, 0.0, 1.875 ],
					"rotationOrigin": [ 1.875, 0.0, 1.875 ],
					"rotationY": 39.0,
					"faces": {
					},
					"children": [
						{
							"name": "Frond Stem 7",
							"from": [ -1.3125, 1.9425, -0.315 ],
							"to": [ -1.05, 6.1425, 0.21 ],
							"shade": false,
							"climateColorMap": "climatePlantTint",
							"seasonColorMap": "seasonalGrass",
							"renderPass": 1,
							"rotationOrigin": [ -1.3125, 1.9425, -0.0525 ],
							"rotationZ": 50.0,
							"faces": {
								"north": { "texture": "#stem", "uv": [ 1.5, 10.0, 2.0, 18.0 ], "autoUv": false, "windMode": [0,0,0,0] },
								"south": { "texture": "#stem", "uv": [ 0.0, 10.0, 0.5, 18.0 ], "autoUv": false, "windMode": [0,0,0,0] },
								"west": { "texture": "#stem", "uv": [ 0.5, 10.0, 1.5, 18.0 ], "autoUv": false, "windMode": [0,0,0,0] }
							},
							"children": [
								{
									"name": "Frond Segment 1 7",
									"from": [ 0.0, 4.0425, 0.2625 ],
									"to": [ 0.0, 4.0425, 0.2625 ],
									"rotationOrigin": [ 0.0, 4.0425, 0.2625 ],
									"rotationZ": 20.0,
									"faces": {
									},
									"children": [
										{
											"name": "Frond Segment 2 7",
											"from": [ 0.0, 6.3, 0.0 ],
											"to": [ 0.0, 6.3, 0.0 ],
											"rotationOrigin": [ 0.0, 6.3, 0.0 ],
											"rotationZ": 30.0,
											"faces": {
											},
											"children": [
												{
													"name": "Frond MiddleL7",
													"from": [ 0.0, 0.0, 0.0 ],
													"to": [ 0.0, 6.3, 3.15 ],
													"shade": false,
													"climateColorMap": "climatePlantTint",
													"seasonColorMap": "seasonalGrass",
													"renderPass": 1,
													"rotationOrigin": [ 0.0, 0.0, 0.0 ],
													"rotationY": 16.0,
													"faces": {
														"east": { "texture": "#leaf", "uv": [ 0.0, 0.0, 6.0, 12.0 ], "autoUv": false, "windMode": [5,0,0,5] }
													}
												},
												{
													"name": "Frond MiddleR7",
													"from": [ 0.0, 0.0, -3.15 ],
													"to": [ 0.0, 6.3, 0.0 ],
													"shade": false,
													"climateColorMap": "climatePlantTint",
													"seasonColorMap": "seasonalGrass",
													"renderPass": 1,
													"rotationOrigin": [ 0.0, 0.0, 0.0 ],
													"rotationY": -16.0,
													"faces": {
														"east": { "texture": "#leaf", "uv": [ 6.0, 0.0, 12.0, 12.0 ], "autoUv": false, "windMode": [5,0,0,5] }
													}
												}
											]
										},
										{
											"name": "Frond BaseL7",
											"from": [ 0.0, 0.0, 0.0 ],
											"to": [ 0.0, 6.3, 3.15 ],
											"shade": false,
											"climateColorMap": "climatePlantTint",
											"seasonColorMap": "seasonalGrass",
											"renderPass": 1,
											"rotationOrigin": [ 0.0, 0.0, 0.0 ],
											"rotationY": 25.0,
											"faces": {
												"east": { "texture": "#leaf", "uv": [ 0.0, 12.0, 6.0, 24.0 ], "autoUv": false, "windMode": [0,5,5,0] }
											}
										},
										{
											"name": "Frond BaseR7",
											"from": [ 0.0, 0.0, -3.15 ],
											"to": [ 0.0, 6.3, 0.0 ],
											"shade": false,
											"climateColorMap": "climatePlantTint",
											"seasonColorMap": "seasonalGrass",
											"renderPass": 1,
											"rotationOrigin": [ 0.0, 0.0, 0.0 ],
											"rotationY": -25.0,
											"faces": {
												"east": { "texture": "#leaf", "uv": [ 6.0, 12.0, 12.0, 24.0 ], "autoUv": false, "windMode": [0,5,5,0] }
											}
										}
									]
								}
							]
						}
					]
				},
				{
					"name": "Frond base 8",
					"from": [ 1.875, 0.0, 1.875 ],
					"to": [ 1.875, 0.0, 1.875 ],
					"rotationOrigin": [ 1.875, 0.0, 1.875 ],
					"rotationY": 108.0,
					"faces": {
					},
					"children": [
						{
							"name": "Frond Stem 8",
							"from": [ -1.125, 1.665, -0.27 ],
							"to": [ -0.9, 5.265, 0.18 ],
							"shade": false,
							"climateColorMap": "climatePlantTint",
							"seasonColorMap": "seasonalGrass",
							"renderPass": 1,
							"rotationOrigin": [ -1.125, 1.665, -0.045 ],
							"rotationZ": 50.0,
							"faces": {
								"north": { "texture": "#stem", "uv": [ 1.5, 10.0, 2.0, 18.0 ], "autoUv": false, "windMode": [0,0,0,0] },
								"south": { "texture": "#stem", "uv": [ 0.0, 10.0, 0.5, 18.0 ], "autoUv": false, "windMode": [0,0,0,0] },
								"west": { "texture": "#stem", "uv": [ 0.5, 10.0, 1.5, 18.0 ], "autoUv": false, "windMode": [0,0,0,0] }
							},
							"children": [
								{
									"name": "Frond Segment 1 8",
									"from": [ 0.0, 3.465, 0.225 ],
									"to": [ 0.0, 3.465, 0.225 ],
									"rotationOrigin": [ 0.0, 3.465, 0.225 ],
									"rotationZ": 20.0,
									"faces": {
									},
									"children": [
										{
											"name": "Frond Segment 2 8",
											"from": [ 0.0, 5.4, 0.0 ],
											"to": [ 0.0, 5.4, 0.0 ],
											"rotationOrigin": [ 0.0, 5.4, 0.0 ],
											"rotationZ": 30.0,
											"faces": {
											},
											"children": [
												{
													"name": "Frond MiddleL8",
													"from": [ 0.0, 0.0, 0.0 ],
													"to": [ 0.0, 5.4, 2.7 ],
													"shade": false,
													"climateColorMap": "climatePlantTint",
													"seasonColorMap": "seasonalGrass",
													"renderPass": 1,
													"rotationOrigin": [ 0.0, 0.0, 0.0 ],
													"rotationY": 16.0,
													"faces": {
														"east": { "texture": "#leaf", "uv": [ 0.0, 0.0, 6.0, 12.0 ], "autoUv": false, "windMode": [0,0,0,0] }
													}
												},
												{
													"name": "Frond MiddleR8",
													"from": [ 0.0, 0.0, -2.7 ],
													"to": [ 0.0, 5.4, 0.0 ],
													"shade": false,
													"climateColorMap": "climatePlantTint",
													"seasonColorMap": "seasonalGrass",
													"renderPass": 1,
													"rotationOrigin": [ 0.0, 0.0, 0.0 ],
													"rotationY": -16.0,
													"faces": {
														"east": { "texture": "#leaf", "uv": [ 6.0, 0.0, 12.0, 12.0 ], "autoUv": false, "windMode": [0,0,0,0] }
													}
												}
											]
										},
										{
											"name": "Frond BaseL8",
											"from": [ 0.0, 0.0, 0.0 ],
											"to": [ 0.0, 5.4, 2.7 ],
											"shade": false,
											"climateColorMap": "climatePlantTint",
											"seasonColorMap": "seasonalGrass",
											"renderPass": 1,
											"rotationOrigin": [ 0.0, 0.0, 0.0 ],
											"rotationY": 25.0,
											"faces": {
												"east": { "texture": "#leaf", "uv": [ 0.0, 12.0, 6.0, 24.0 ], "autoUv": false, "windMode": [0,0,5,0] }
											}
										},
										{
											"name": "Frond BaseR8",
											"from": [ 0.0, 0.0, -2.7 ],
											"to": [ 0.0, 5.4, 0.0 ],
											"shade": false,
											"climateColorMap": "climatePlantTint",
											"seasonColorMap": "seasonalGrass",
											"renderPass": 1,
											"rotationOrigin": [ 0.0, 0.0, 0.0 ],
											"rotationY": -25.0,
											"faces": {
												"east": { "texture": "#leaf", "uv": [ 6.0, 12.0, 12.0, 24.0 ], "autoUv": false, "windMode": [0,5,0,0] }
											}
										}
									]
								}
							]
						}
					]
				},
				{
					"name": "Frond base 9",
					"from": [ 1.875, 0.0, 1.875 ],
					"to": [ 1.875, 0.0, 1.875 ],
					"rotationOrigin": [ 1.875, 0.0, 1.875 ],
					"rotationY": 180.0,
					"faces": {
					},
					"children": [
						{
							"name": "Frond Stem 9",
							"from": [ -0.75, 2.81, -0.18 ],
							"to": [ -0.6, 5.21, 0.12 ],
							"shade": false,
							"climateColorMap": "climatePlantTint",
							"seasonColorMap": "seasonalGrass",
							"renderPass": 1,
							"rotationOrigin": [ -0.75, 2.81, -0.03 ],
							"rotationZ": 50.0,
							"faces": {
								"north": { "texture": "#stem", "uv": [ 1.5, 10.0, 2.0, 18.0 ], "autoUv": false, "windMode": [0,0,0,0] },
								"south": { "texture": "#stem", "uv": [ 0.0, 10.0, 0.5, 18.0 ], "autoUv": false, "windMode": [0,0,0,0] },
								"west": { "texture": "#stem", "uv": [ 0.5, 10.0, 1.5, 18.0 ], "autoUv": false, "windMode": [0,0,0,0] }
							},
							"children": [
								{
									"name": "Frond Segment 1 9",
									"from": [ 0.0, 2.31, 0.15 ],
									"to": [ 0.0, 2.31, 0.15 ],
									"rotationOrigin": [ 0.0, 2.31, 0.15 ],
									"rotationZ": 20.0,
									"faces": {
									},
									"children": [
										{
											"name": "Frond Segment 2 9",
											"from": [ 0.0, 3.6, 0.0 ],
											"to": [ 0.0, 3.6, 0.0 ],
											"rotationOrigin": [ 0.0, 3.6, 0.0 ],
											"rotationZ": 30.0,
											"faces": {
											},
											"children": [
												{
													"name": "Frond MiddleL9",
													"from": [ 0.0, 0.0, 0.0 ],
													"to": [ 0.0, 3.6, 1.8 ],
													"shade": false,
													"climateColorMap": "climatePlantTint",
													"seasonColorMap": "seasonalGrass",
													"renderPass": 1,
													"rotationOrigin": [ 0.0, 0.0, 0.0 ],
													"rotationY": 16.0,
													"faces": {
														"east": { "texture": "#leaf", "uv": [ 0.0, 0.0, 6.0, 12.0 ], "autoUv": false, "windMode": [0,0,0,0] }
													}
												},
												{
													"name": "Frond MiddleR9",
													"from": [ 0.0, 0.0, -1.8 ],
													"to": [ 0.0, 3.6, 0.0 ],
													"shade": false,
													"climateColorMap": "climatePlantTint",
													"seasonColorMap": "seasonalGrass",
													"renderPass": 1,
													"rotationOrigin": [ 0.0, 0.0, 0.0 ],
													"rotationY": -16.0,
													"faces": {
														"east": { "texture": "#leaf", "uv": [ 6.0, 0.0, 12.0, 12.0 ], "autoUv": false, "windMode": [0,0,0,0] }
													}
												}
											]
										},
										{
											"name": "Frond BaseL9",
											"from": [ 0.0, 0.0, 0.0 ],
											"to": [ 0.0, 3.6, 1.8 ],
											"shade": false,
											"climateColorMap": "climatePlantTint",
											"seasonColorMap": "seasonalGrass",
											"renderPass": 1,
											"rotationOrigin": [ 0.0, 0.0, 0.0 ],
											"rotationY": 25.0,
											"faces": {
												"east": { "texture": "#leaf", "uv": [ 0.0, 12.0, 6.0, 24.0 ], "autoUv": false, "windMode": [0,0,0,0] }
											}
										},
										{
											"name": "Frond BaseR9",
											"from": [ 0.0, 0.0, -1.8 ],
											"to": [ 0.0, 3.6, 0.0 ],
											"shade": false,
											"climateColorMap": "climatePlantTint",
											"seasonColorMap": "seasonalGrass",
											"renderPass": 1,
											"rotationOrigin": [ 0.0, 0.0, 0.0 ],
											"rotationY": -25.0,
											"faces": {
												"east": { "texture": "#leaf", "uv": [ 6.0, 12.0, 12.0, 24.0 ], "autoUv": false, "windMode": [0,0,0,0] }
											}
										}
									]
								}
							]
						}
					]
				},
				{
					"name": "Frond base 10",
					"from": [ 1.875, 0.0, 1.875 ],
					"to": [ 1.875, 0.0, 1.875 ],
					"rotationOrigin": [ 1.875, 0.0, 1.875 ],
					"rotationY": -66.0,
					"faces": {
					},
					"children": [
						{
							"name": "Frond Stem 10",
							"from": [ -0.9375, 1.8375, -0.225 ],
							"to": [ -0.75, 4.8375, 0.15 ],
							"shade": false,
							"climateColorMap": "climatePlantTint",
							"seasonColorMap": "seasonalGrass",
							"renderPass": 1,
							"rotationOrigin": [ -0.9375, 1.8375, -0.0375 ],
							"rotationZ": 50.0,
							"faces": {
								"north": { "texture": "#stem", "uv": [ 1.5, 10.0, 2.0, 18.0 ], "autoUv": false, "windMode": [0,0,0,0] },
								"south": { "texture": "#stem", "uv": [ 0.0, 10.0, 0.5, 18.0 ], "autoUv": false, "windMode": [0,0,0,0] },
								"west": { "texture": "#stem", "uv": [ 0.5, 10.0, 1.5, 18.0 ], "autoUv": false, "windMode": [0,0,0,0] }
							},
							"children": [
								{
									"name": "Frond Segment 1 10",
									"from": [ 0.0, 2.8875, 0.1875 ],
									"to": [ 0.0, 2.8875, 0.1875 ],
									"rotationOrigin": [ 0.0, 2.8875, 0.1875 ],
									"rotationZ": 20.0,
									"faces": {
									},
									"children": [
										{
											"name": "Frond Segment 2 10",
											"from": [ 0.0, 4.5, 0.0 ],
											"to": [ 0.0, 4.5, 0.0 ],
											"rotationOrigin": [ 0.0, 4.5, 0.0 ],
											"rotationZ": 30.0,
											"faces": {
											},
											"children": [
												{
													"name": "Frond MiddleL10",
													"from": [ 0.0, 0.0, 0.0 ],
													"to": [ 0.0, 4.5, 2.25 ],
													"shade": false,
													"climateColorMap": "climatePlantTint",
													"seasonColorMap": "seasonalGrass",
													"renderPass": 1,
													"rotationOrigin": [ 0.0, 0.0, 0.0 ],
													"rotationY": 16.0,
													"faces": {
														"east": { "texture": "#leaf", "uv": [ 0.0, 0.0, 6.0, 12.0 ], "autoUv": false, "windMode": [0,0,0,0] }
													}
												},
												{
													"name": "Frond MiddleR10",
													"from": [ 0.0, 0.0, -2.25 ],
													"to": [ 0.0, 4.5, 0.0 ],
													"shade": false,
													"climateColorMap": "climatePlantTint",
													"seasonColorMap": "seasonalGrass",
													"renderPass": 1,
													"rotationOrigin": [ 0.0, 0.0, 0.0 ],
													"rotationY": -16.0,
													"faces": {
														"east": { "texture": "#leaf", "uv": [ 6.0, 0.0, 12.0, 12.0 ], "autoUv": false, "windMode": [0,0,0,0] }
													}
												}
											]
										},
										{
											"name": "Frond BaseL10",
											"from": [ 0.0, 0.0, 0.0 ],
											"to": [ 0.0, 4.5, 2.25 ],
											"shade": false,
											"climateColorMap": "climatePlantTint",
											"seasonColorMap": "seasonalGrass",
											"renderPass": 1,
											"rotationOrigin": [ 0.0, 0.0, 0.0 ],
											"rotationY": 25.0,
											"faces": {
												"east": { "texture": "#leaf", "uv": [ 0.0, 12.0, 6.0, 24.0 ], "autoUv": false, "windMode": [0,0,0,0] }
											}
										},
										{
											"name": "Frond BaseR10",
											"from": [ 0.0, 0.0, -2.25 ],
											"to": [ 0.0, 4.5, 0.0 ],
											"shade": false,
											"climateColorMap": "climatePlantTint",
											"seasonColorMap": "seasonalGrass",
											"renderPass": 1,
											"rotationOrigin": [ 0.0, 0.0, 0.0 ],
											"rotationY": -25.0,
											"faces": {
												"east": { "texture": "#leaf", "uv": [ 6.0, 12.0, 12.0, 24.0 ], "autoUv": false, "windMode": [0,0,0,0] }
											}
										}
									]
								}
							]
						}
					]
				}
			]
		}
	]}