{
	"editor": {
		"allAngles": false,
		"entityTextureMode": false
	},
	"textureWidth": 8,
	"textureHeight": 8,
	"textureSizes": {
		"1-side": [8,8],
		"2-side": [8,8]
	},
	"textures": {
		"1-side": "block/plant/crop/phaseolusvulgaris/1-side",
		"2-side": "block/plant/crop/phaseolusvulgaris/2-side"
	},
	"elements": [
		{
			"name": "Origin",
			"from": [ 4.0, 0.0, 4.0 ],
			"to": [ 4.0, 0.0, 4.0 ],
			"rotationOrigin": [ 4.0, 0.0, 4.0 ],
			"rotationY": 10.0,
			"faces": {
			},
			"children": [
				{
					"name": "Face a",
					"from": [ -4.0, 0.0, 2.0 ],
					"to": [ 4.0, 8.0, 2.0 ],
					"shade": false,
					"renderPass": 1,
					"rotationOrigin": [ 0.0, 0.0, 2.0 ],
					"rotationX": -14.0,
					"faces": {
						"north": { "texture": "#1-side", "uv": [ 0.0, 0.0, 8.0, 8.0 ], "windMode": [0,7,7,0] }
					}
				},
				{
					"name": "Face a2",
					"from": [ -2.5858, 0.0, -1.4142 ],
					"to": [ 5.4142, 8.0, -1.4142 ],
					"shade": false,
					"renderPass": 1,
					"rotationOrigin": [ 1.4142, 0.0, -1.4142 ],
					"rotationX": -160.5772,
					"rotationY": 43.3224,
					"rotationZ": 166.4002,
					"faces": {
						"north": { "texture": "#1-side", "uv": [ 0.0, 0.0, 8.0, 8.0 ], "windMode": [0,7,7,0] }
					}
				},
				{
					"name": "Face a3",
					"from": [ -5.4142, 0.0, -1.4142 ],
					"to": [ 2.5858, 8.0, -1.4142 ],
					"shade": false,
					"renderPass": 1,
					"rotationOrigin": [ -1.4142, 0.0, -1.4142 ],
					"rotationX": -160.5772,
					"rotationY": -43.3224,
					"rotationZ": -166.4002,
					"faces": {
						"north": { "texture": "#2-side", "uv": [ 0.0, 0.0, 8.0, 8.0 ], "windMode": [0,7,7,0] }
					}
				}
			]
		},
		{
			"name": "Origin2",
			"from": [ 4.0, 0.0, 12.0 ],
			"to": [ 4.0, 0.0, 12.0 ],
			"rotationOrigin": [ 4.0, 0.0, 12.0 ],
			"rotationY": 90.0,
			"faces": {
			},
			"children": [
				{
					"name": "Face a4",
					"from": [ -4.0, 0.0, 2.0 ],
					"to": [ 4.0, 8.0, 2.0 ],
					"shade": false,
					"renderPass": 1,
					"rotationOrigin": [ 0.0, 0.0, 2.0 ],
					"rotationX": -14.0,
					"faces": {
						"north": { "texture": "#1-side", "uv": [ 0.0, 0.0, 8.0, 8.0 ], "windMode": [0,7,7,0] }
					}
				},
				{
					"name": "Face a5",
					"from": [ -2.5858, 0.0, -1.4142 ],
					"to": [ 5.4142, 8.0, -1.4142 ],
					"shade": false,
					"renderPass": 1,
					"rotationOrigin": [ 1.4142, 0.0, -1.4142 ],
					"rotationX": -160.5772,
					"rotationY": 43.3224,
					"rotationZ": 166.4002,
					"faces": {
						"north": { "texture": "#1-side", "uv": [ 0.0, 0.0, 8.0, 8.0 ], "windMode": [0,7,7,0] }
					}
				},
				{
					"name": "Face a6",
					"from": [ -5.4142, 0.0, -1.4142 ],
					"to": [ 2.5858, 8.0, -1.4142 ],
					"shade": false,
					"renderPass": 1,
					"rotationOrigin": [ -1.4142, 0.0, -1.4142 ],
					"rotationX": -160.5772,
					"rotationY": -43.3224,
					"rotationZ": -166.4002,
					"faces": {
						"north": { "texture": "#2-side", "uv": [ 0.0, 0.0, 8.0, 8.0 ], "windMode": [0,7,7,0] }
					}
				}
			]
		},
		{
			"name": "Origin3",
			"from": [ 12.0, 0.0, 12.0 ],
			"to": [ 12.0, 0.0, 12.0 ],
			"rotationOrigin": [ 12.0, 0.0, 12.0 ],
			"rotationY": -115.0,
			"faces": {
			},
			"children": [
				{
					"name": "Face a7",
					"from": [ -4.0, 0.0, 2.0 ],
					"to": [ 4.0, 8.0, 2.0 ],
					"shade": false,
					"renderPass": 1,
					"rotationOrigin": [ 0.0, 0.0, 2.0 ],
					"rotationX": -14.0,
					"faces": {
						"north": { "texture": "#1-side", "uv": [ 0.0, 0.0, 8.0, 8.0 ], "windMode": [0,7,7,0] }
					}
				},
				{
					"name": "Face a8",
					"from": [ -2.5858, 0.0, -1.4142 ],
					"to": [ 5.4142, 8.0, -1.4142 ],
					"shade": false,
					"renderPass": 1,
					"rotationOrigin": [ 1.4142, 0.0, -1.4142 ],
					"rotationX": -160.5772,
					"rotationY": 43.3224,
					"rotationZ": 166.4002,
					"faces": {
						"north": { "texture": "#1-side", "uv": [ 0.0, 0.0, 8.0, 8.0 ], "windMode": [0,7,7,0] }
					}
				},
				{
					"name": "Face a9",
					"from": [ -2.4142, 0.0, -1.4142 ],
					"to": [ 2.5858, 8.0, -1.4142 ],
					"shade": false,
					"renderPass": 1,
					"rotationOrigin": [ -1.4142, 0.0, -1.4142 ],
					"rotationX": -160.5772,
					"rotationY": -43.3224,
					"rotationZ": -166.4002,
					"faces": {
						"north": { "texture": "#2-side", "uv": [ 0.0, 0.0, 8.0, 8.0 ], "windMode": [0,7,7,0] }
					}
				}
			]
		},
		{
			"name": "Origin4",
			"from": [ 12.0, 0.0, 4.0 ],
			"to": [ 12.0, 0.0, 4.0 ],
			"rotationOrigin": [ 12.0, 0.0, 4.0 ],
			"rotationY": -45.0,
			"faces": {
			},
			"children": [
				{
					"name": "Face a10",
					"from": [ -4.0, 0.0, 2.0 ],
					"to": [ 4.0, 8.0, 2.0 ],
					"shade": false,
					"renderPass": 1,
					"rotationOrigin": [ 0.0, 0.0, 2.0 ],
					"rotationX": -14.0,
					"faces": {
						"north": { "texture": "#1-side", "uv": [ 0.0, 0.0, 8.0, 8.0 ], "windMode": [0,7,7,0] }
					}
				},
				{
					"name": "Face a11",
					"from": [ -2.5858, 0.0, -1.4142 ],
					"to": [ 5.4142, 8.0, -1.4142 ],
					"shade": false,
					"renderPass": 1,
					"rotationOrigin": [ 1.4142, 0.0, -1.4142 ],
					"rotationX": -160.5772,
					"rotationY": 43.3224,
					"rotationZ": 166.4002,
					"faces": {
						"north": { "texture": "#1-side", "uv": [ 0.0, 0.0, 8.0, 8.0 ], "windMode": [0,7,7,0] }
					}
				},
				{
					"name": "Face a12",
					"from": [ -5.4142, 0.0, -1.4142 ],
					"to": [ 2.5858, 8.0, -1.4142 ],
					"shade": false,
					"renderPass": 1,
					"rotationOrigin": [ -1.4142, 0.0, -1.4142 ],
					"rotationX": -160.5772,
					"rotationY": -43.3224,
					"rotationZ": -166.4002,
					"faces": {
						"north": { "texture": "#2-side", "uv": [ 0.0, 0.0, 8.0, 8.0 ], "windMode": [0,7,7,0] }
					}
				}
			]
		}
	]}