[
  {
    "op": "addmerge",
    "path": "/0/ingredients",
    "value": {
        "S": { "type": "item", "code": "tailorsdelight:leatherstrips-plain" },
        "A": { "type": "item", "code": "tailorsdelight:awl-*", "isTool": true },
        "T": { "type": "item", "code": "game:flaxtwine" },
        "L": { "type": "item", "code": "tailorsdelight:leather-darkred" },
        "M": { "type": "item", "code": "game:leather-normal-plain" }
    },
    "file": "game:recipes/grid/books.json",
    "side": "Server"
  },
  {
    "op": "replace",
    "path": "/0/ingredientPattern",
    "value": "TL_,APS,TM_",
    "file": "game:recipes/grid/books.json",
    "side": "Server"
  },
  {
    "op": "replace",
    "path": "/0/width",
    "value": 3,
    "file": "game:recipes/grid/books.json",
    "side": "Server"
  },

  {
    "op": "addmerge",
    "path": "/1/ingredients",
    "value": {
        "S": { "type": "item", "code": "tailorsdelight:leatherstrips-plain" },
        "A": { "type": "item", "code": "tailorsdelight:awl-*", "isTool": true },
        "T": { "type": "item", "code": "game:flaxtwine" }
    },
    "file": "game:recipes/grid/books.json",
    "side": "Server"
  },
  {
    "op": "replace",
    "path": "/1/ingredientPattern",
    "value": "TL_,APS,TM_",
    "file": "game:recipes/grid/books.json",
    "side": "Server"
  },
  {
    "op": "replace",
    "path": "/1/width",
    "value": 3,
    "file": "game:recipes/grid/books.json",
    "side": "Server"
  },

  {
    "op": "addmerge",
    "path": "/2/ingredients",
    "value": {
        "S": { "type": "item", "code": "tailorsdelight:leatherstrips-plain" },
        "A": { "type": "item", "code": "tailorsdelight:awl-*", "isTool": true },
        "T": { "type": "item", "code": "game:flaxtwine" }
    },
    "file": "game:recipes/grid/books.json",
    "side": "Server"
  },
  {
    "op": "replace",
    "path": "/2/ingredientPattern",
    "value": "TL_,APS,TM_",
    "file": "game:recipes/grid/books.json",
    "side": "Server"
  },
  {
    "op": "replace",
    "path": "/2/width",
    "value": 3,
    "file": "game:recipes/grid/books.json",
    "side": "Server"
  },

  {
    "op": "addmerge",
    "path": "/3/ingredients",
    "value": {
        "S": { "type": "item", "code": "tailorsdelight:leatherstrips-plain" },
        "A": { "type": "item", "code": "tailorsdelight:awl-*", "isTool": true },
        "T": { "type": "item", "code": "game:flaxtwine" }
    },
    "file": "game:recipes/grid/books.json",
    "side": "Server"
  },
  {
    "op": "replace",
    "path": "/3/ingredientPattern",
    "value": "TL_,APS,TM_",
    "file": "game:recipes/grid/books.json",
    "side": "Server"
  },
  {
    "op": "replace",
    "path": "/3/width",
    "value": 3,
    "file": "game:recipes/grid/books.json",
    "side": "Server"
  },

  {
    "op": "addmerge",
    "path": "/4/ingredients",
    "value": {
        "S": { "type": "item", "code": "tailorsdelight:leatherstrips-plain" },
        "A": { "type": "item", "code": "tailorsdelight:awl-*", "isTool": true },
        "T": { "type": "item", "code": "game:flaxtwine" }
    },
    "file": "game:recipes/grid/books.json",
    "side": "Server"
  },
  {
    "op": "replace",
    "path": "/4/ingredientPattern",
    "value": "TL_,APS,TM_",
    "file": "game:recipes/grid/books.json",
    "side": "Server"
  },
  {
    "op": "replace",
    "path": "/4/width",
    "value": 3,
    "file": "game:recipes/grid/books.json",
    "side": "Server"
  },
  {
    "op": "replace",
    "path": "/4/ingredients/L",
    "value": { "type": "item", "code": "tailorsdelight:leather-darkgreen", "quantity": 1 },
    "file": "game:recipes/grid/books.json",
    "side": "Server"
  },

  {
    "op": "addmerge",
    "path": "/5/ingredients",
    "value": {
        "S": { "type": "item", "code": "tailorsdelight:leatherstrips-plain" },
        "A": { "type": "item", "code": "tailorsdelight:awl-*", "isTool": true },
        "T": { "type": "item", "code": "game:flaxtwine" }
    },
    "file": "game:recipes/grid/books.json",
    "side": "Server"
  },
  {
    "op": "replace",
    "path": "/5/ingredientPattern",
    "value": "TL_,APS,TM_",
    "file": "game:recipes/grid/books.json",
    "side": "Server"
  },
  {
    "op": "replace",
    "path": "/5/width",
    "value": 3,
    "file": "game:recipes/grid/books.json",
    "side": "Server"
  },
  {
    "op": "replace",
    "path": "/5/ingredients/L",
    "value": { "type": "item", "code": "tailorsdelight:leather-darkgreen", "quantity": 1 },
    "file": "game:recipes/grid/books.json",
    "side": "Server"
  },

  {
    "op": "addmerge",
    "path": "/6/ingredients",
    "value": {
        "S": { "type": "item", "code": "tailorsdelight:leatherstrips-plain" },
        "A": { "type": "item", "code": "tailorsdelight:awl-*", "isTool": true },
        "T": { "type": "item", "code": "game:flaxtwine" }
    },
    "file": "game:recipes/grid/books.json",
    "side": "Server"
  },
  {
    "op": "replace",
    "path": "/6/ingredientPattern",
    "value": "TL_,APS,TM_",
    "file": "game:recipes/grid/books.json",
    "side": "Server"
  },
  {
    "op": "replace",
    "path": "/6/width",
    "value": 3,
    "file": "game:recipes/grid/books.json",
    "side": "Server"
  },

  {
    "op": "addmerge",
    "path": "/7/ingredients",
    "value": {
        "S": { "type": "item", "code": "tailorsdelight:leatherstrips-plain" },
        "A": { "type": "item", "code": "tailorsdelight:awl-*", "isTool": true },
        "T": { "type": "item", "code": "game:flaxtwine" }
    },
    "file": "game:recipes/grid/books.json",
    "side": "Server"
  },
  {
    "op": "replace",
    "path": "/7/ingredientPattern",
    "value": "TL_,APS,TM_",
    "file": "game:recipes/grid/books.json",
    "side": "Server"
  },
  {
    "op": "replace",
    "path": "/7/width",
    "value": 3,
    "file": "game:recipes/grid/books.json",
    "side": "Server"
  },

  {
    "op": "addmerge",
    "path": "/8/ingredients",
    "value": {
        "S": { "type": "item", "code": "tailorsdelight:leatherstrips-plain" },
        "A": { "type": "item", "code": "tailorsdelight:awl-*", "isTool": true },
        "T": { "type": "item", "code": "game:flaxtwine" }
    },
    "file": "game:recipes/grid/books.json",
    "side": "Server"
  },
  {
    "op": "replace",
    "path": "/8/ingredientPattern",
    "value": "TL_,APS,TM_",
    "file": "game:recipes/grid/books.json",
    "side": "Server"
  },
  {
    "op": "replace",
    "path": "/8/width",
    "value": 3,
    "file": "game:recipes/grid/books.json",
    "side": "Server"
  },

  {
    "op": "addmerge",
    "path": "/9/ingredients",
    "value": {
        "S": { "type": "item", "code": "tailorsdelight:leatherstrips-plain" },
        "A": { "type": "item", "code": "tailorsdelight:awl-*", "isTool": true },
        "T": { "type": "item", "code": "game:flaxtwine" }
    },
    "file": "game:recipes/grid/books.json",
    "side": "Server"
  },
  {
    "op": "replace",
    "path": "/9/ingredientPattern",
    "value": "TL_,APS,TM_",
    "file": "game:recipes/grid/books.json",
    "side": "Server"
  },
  {
    "op": "replace",
    "path": "/9/width",
    "value": 3,
    "file": "game:recipes/grid/books.json",
    "side": "Server"
  },

  {
    "op": "addmerge",
    "path": "/10/ingredients",
    "value": {
        "S": { "type": "item", "code": "tailorsdelight:leatherstrips-plain" },
        "A": { "type": "item", "code": "tailorsdelight:awl-*", "isTool": true },
        "T": { "type": "item", "code": "game:flaxtwine" }
    },
    "file": "game:recipes/grid/books.json",
    "side": "Server"
  },
  {
    "op": "replace",
    "path": "/10/ingredientPattern",
    "value": "TL_,APS,TM_",
    "file": "game:recipes/grid/books.json",
    "side": "Server"
  },
  {
    "op": "replace",
    "path": "/10/width",
    "value": 3,
    "file": "game:recipes/grid/books.json",
    "side": "Server"
  },

  {
    "op": "addmerge",
    "path": "/11/ingredients",
    "value": {
        "S": { "type": "item", "code": "tailorsdelight:leatherstrips-plain" },
        "A": { "type": "item", "code": "tailorsdelight:awl-*", "isTool": true },
        "T": { "type": "item", "code": "game:flaxtwine" }
    },
    "file": "game:recipes/grid/books.json",
    "side": "Server"
  },
  {
    "op": "replace",
    "path": "/11/ingredientPattern",
    "value": "TL_,APS,TM_",
    "file": "game:recipes/grid/books.json",
    "side": "Server"
  },
  {
    "op": "replace",
    "path": "/11/width",
    "value": 3,
    "file": "game:recipes/grid/books.json",
    "side": "Server"
  },

  {
    "op": "addmerge",
    "path": "/12/ingredients",
    "value": {
        "S": { "type": "item", "code": "tailorsdelight:leatherstrips-plain" },
        "A": { "type": "item", "code": "tailorsdelight:awl-*", "isTool": true },
        "T": { "type": "item", "code": "game:flaxtwine" }
    },
    "file": "game:recipes/grid/books.json",
    "side": "Server"
  },
  {
    "op": "replace",
    "path": "/12/ingredientPattern",
    "value": "TL_,APS,TM_",
    "file": "game:recipes/grid/books.json",
    "side": "Server"
  },
  {
    "op": "replace",
    "path": "/12/width",
    "value": 3,
    "file": "game:recipes/grid/books.json",
    "side": "Server"
  }
]
