{
	code: "palemeat",
	maxstacksize: 64,
	behaviors: [
		{ name: "GroundStorable", properties: { layout: 'Quadrants', collisionBox: { x1: 0, y1: 0, z1: 0, x2: 1, y2: 0.125, z2: 1 } } }
	],
	attributes: {
		foodTags: ["meat"],
		inContainerTextureByType: {
			"*-raw": { base: "cannibalism:block/wood/barrel/{type}-palemeat" },
			"*-cooked": { base: "cannibalism:block/wood/barrel/{type}-palemeat" },
			"*-cured": { base: "cannibalism:block/wood/barrel/{type}-palemeat" }
		},
		inFirePitProps: {
			transform: {
				scale: 0.9,
				origin: { x: 0.5, y: 0.0625, z: 0.5 },
				translation: { x: 0.03125, y: 0.3125, z: 0 },
				rotation: { x: 0, y: 53, z: 90 }
			},
			useFirepitModel: "Spit"
		},
		nutritionPropsWhenInMeal: { satiety: 200, foodcategory: "Protein" },
		displaycaseable: true,
		shelvable: true,
		inPiePropertiesByType: {
			"*-raw": { texture: "cannibalism:block/food/pie/fill-palemeat", partType: 'Filling' }
		}
	},
	variantgroups: [
		{ code: "type", states: ["raw", "cooked", "vintage", "cured" ] },
	],
	shapebytype: { 
		"palemeat-vintage": { base: "game:item/food/meat/vintage" },
		"*": { base: "cannibalism:item/food/meat/pale" },
	},
	texturesbytype: {
		"palemeat-raw": { 
			"meat": {base: "cannibalism:item/food/meat/raw" }
		},
		"palemeat-cooked":  { 
			"meat": {base: "cannibalism:item/food/meat/cooked" }
		},
		"palemeat-cured":  { 
			"meat": {base: "cannibalism:item/food/meat/cured" }
		},
		"palemeat-vintage": {
			"item/empty":  { base: "game:item/food/meat/vintage" }
		}
	},
	creativeinventory: { "general": ["*"], "items": ["*"] },
	nutritionPropsByType: {
		"palemeat-cooked": { satiety: 140, health: -0.5, foodcategory: "Protein" },
		"palemeat-cured": { satiety: 100, health: -0.5, foodcategory: "Protein" },
		"palemeat-vintage": { satiety: 140, health: 1, foodcategory: "Protein" },
	},
	transitionablePropsByType: {
		"*-raw": [
			{
				type: "Perish",
				freshHours: { avg: 36 },
				transitionHours: { avg: 24 },
				transitionedStack: { type: "item", code: "game:rot" },
				transitionRatio: 1
			}
		],
		"*-cooked": [{
			type: "Perish",
			freshHours: { avg: 120 },
			spoilHours: { avg: 36 },
			transitionedStack: { type: "item", code: "game:rot" },
			transitionRatio: 1
		}],
		"*-cured": [{
			type: "Perish",
			freshHours: { avg: 8760 },
			spoilHours: { avg: 4380 },
			transitionedStack: { type: "item", code: "game:rot" },
			transitionRatio: 1
		}]
	},
	materialDensity: 600,
	guiTransformByType: {
		"*-vintage": {
			rotate: false,
			translation: { x: 0, y: 0, z: 0 },
			rotation: { x: -58, y: 35, z: -180 },
			origin: { x: 0.49, y: 0.04, z: 0.44 },
			scale: 2.73
		},
		"*-cured": {
			rotate: false,
			translation: { x: 0.5, y: 0, z: 0 },
			rotation: { x: 171, y: -122, z: 28 },
			origin: { x: 0.4, y: 0.08, z: 0.5 },
			scale: 4.3
		},		
		"*": {
			rotate: false,
			translation: { x: 0.5, y: 0, z: 0 },
			rotation: { x: 171, y: -122, z: 33 },
			origin: { x: 0.4, y: 0.08, z: 0.5 },
			scale: 4.72
		}
	},
	tpHandTransformByType: {
		"*-vintage": {
			translation: { x: 0, y: -0.13, z: -0.42 },
			rotation: { x: 91, y: 11, z: 9 },
			origin: { x: 0.15, y: -0.13, z: 0.1 },
			scale: 0.61
		},
		"*": {
			translation: { x: -0.1, y: 0.26, z: -0.04 },
			rotation: { x: -78, y: 15, z: 0 },
			origin: { x: 0.23, y: 0, z: 0.13 },
			scale: 0.92
		}
	},
	groundTransformByType: {
		"*-vintage": {
			translation: { x: 0, y: 0.1, z: 0 },
			rotation: { x: -90, y: 77, z: -180 },
			origin: { x: 0.5, y: 0, z: 0.5 },
			scale: 2.74
		},
		"*": {
			translation: { x: 0, y: 0, z: 0 },
			rotation: { x: 180, y: 33, z: -180 },
			origin: { x: 0.5, y: 0, z: 0.5 },
			scale: 5
		}
	},
	fpHandTransformByType: {
		"*-vintage": {
			translation: { x: 0, y: 0, z: 0 },
			rotation: { x: -10, y: 99, z: 52 },
			origin: { x: 0.6, y: 0, z: 0.2 },
			scale: 1.17
		},
		"*": {
			translation: { x: -0.06, y: 0.36, z: 0.23 },
			rotation: { x: 40, y: 91, z: 15 },
			origin: { x: 0.5, y: 0.1, z: 0.5 },
			scale: 2.5
		}
	},
	combustiblePropsByType: {
		"palemeat-raw": {
			meltingPoint: 150,
			meltingDuration: 30,
			smeltedRatio: 1,
			smeltingType: "cook",
			smeltedStack: { type: "item", code: "cannibalism:palemeat-cooked" },
			requiresContainer: false
		}
	}
}