{
	"editor": {
		"allAngles": false,
		"entityTextureMode": false
	},
	"textureWidth": 8,
	"textureHeight": 8,
	"textureSizes": {
		"cocosnuciferasapling": [12,16],
		"cocosnucifera2": [8,8]
	},
	"textures": {
		"cocosnuciferasapling": "block/plant/berrybush/cocosnuciferasapling",
		"cocosnucifera2": "item/food/fruit/cocosnucifera2"
	},
	"elements": [
		{
			"name": "Body",
			"from": [ 5.0, -2.0, 5.0 ],
			"to": [ 10.0, 3.0, 10.0 ],
			"rotationOrigin": [ 5.0, -2.0, 5.0 ],
			"faces": {
				"north": { "texture": "#cocosnucifera2", "uv": [ 0.0, 0.0, 5.0, 5.0 ] },
				"east": { "texture": "#cocosnucifera2", "uv": [ 0.0, 0.0, 5.0, 5.0 ] },
				"south": { "texture": "#cocosnucifera2", "uv": [ 0.0, 0.0, 5.0, 5.0 ] },
				"west": { "texture": "#cocosnucifera2", "uv": [ 0.0, 0.0, 5.0, 5.0 ] },
				"up": { "texture": "#cocosnucifera2", "uv": [ 0.0, 0.0, 5.0, 5.0 ] },
				"down": { "texture": "#cocosnucifera2", "uv": [ 0.0, 0.0, 5.0, 5.0 ] }
			},
			"children": [
				{
					"name": "End",
					"from": [ 0.5, 0.5, -1.0 ],
					"to": [ 4.5, 4.5, 0.0 ],
					"rotationOrigin": [ 0.5, 0.5, -1.0 ],
					"faces": {
						"north": { "texture": "#cocosnucifera2", "uv": [ 0.5, 1.0, 4.5, 5.0 ] },
						"east": { "texture": "#cocosnucifera2", "uv": [ 1.0, 0.5, 2.0, 4.5 ] },
						"west": { "texture": "#cocosnucifera2", "uv": [ 2.5, 0.5, 3.5, 4.5 ] },
						"up": { "texture": "#cocosnucifera2", "uv": [ 0.5, 0.5, 4.5, 1.5 ] },
						"down": { "texture": "#cocosnucifera2", "uv": [ 3.5, 2.0, 7.5, 3.0 ] }
					}
				},
				{
					"name": "top",
					"from": [ 1.0, 1.0, 5.0 ],
					"to": [ 4.0, 4.0, 6.0 ],
					"rotationOrigin": [ 1.0, 1.0, 6.0 ],
					"faces": {
						"east": { "texture": "#cocosnucifera2", "uv": [ 2.5, 5.0, 3.5, 8.0 ] },
						"south": { "texture": "#cocosnucifera2", "uv": [ 5.0, 5.0, 8.0, 8.0 ] },
						"west": { "texture": "#cocosnucifera2", "uv": [ 0.5, 5.0, 1.5, 8.0 ] },
						"up": { "texture": "#cocosnucifera2", "uv": [ 1.0, 5.5, 4.0, 6.5 ] },
						"down": { "texture": "#cocosnucifera2", "uv": [ 0.5, 7.0, 3.5, 8.0 ] }
					}
				},
				{
					"name": "N1",
					"from": [ -3.5, 4.0, 5.1 ],
					"to": [ 8.5, 20.0, 5.1 ],
					"shade": false,
					"renderPass": 1,
					"rotationOrigin": [ 2.5, 2.0, 5.1 ],
					"faces": {
						"north": { "texture": "#cocosnuciferasapling", "uv": [ 0.0, 0.0, 12.0, 16.0 ], "windMode": [0,9,9,0], "windData": [0,1,1,0] }
					},
					"children": [
						{
							"name": "N2",
							"from": [ 6.0, 0.0, -6.0 ],
							"to": [ 6.0, 16.0, 6.0 ],
							"shade": false,
							"renderPass": 1,
							"rotationOrigin": [ 6.0, -2.0, 0.0 ],
							"faces": {
								"east": { "texture": "#cocosnuciferasapling", "uv": [ 0.0, 0.0, 12.0, 16.0 ], "windMode": [0,9,9,0], "windData": [0,1,1,0] }
							}
						}
					]
				}
			]
		}
	]}