{
	"editor": {
		"allAngles": false,
		"entityTextureMode": false
	},
	"textureWidth": 16,
	"textureHeight": 16,
	"textureSizes": {
		"lagunculariaracemosa": [4,4]
	},
	"textures": {
		"lagunculariaracemosa": "item/resource/seeds/lagunculariaracemosa"
	},
	"elements": [
		{
			"name": "Seed head",
			"from": [ 7.0, 0.0, 8.0 ],
			"to": [ 9.0, 1.0, 9.0 ],
			"rotationOrigin": [ 7.0, 0.0, 8.0 ],
			"rotationY": 22.5,
			"faces": {
				"north": { "texture": "#lagunculariaracemosa", "uv": [ 0.0, 0.0, 2.0, 1.0 ] },
				"east": { "texture": "#lagunculariaracemosa", "uv": [ 0.0, 0.0, 1.0, 1.0 ] },
				"south": { "texture": "#lagunculariaracemosa", "uv": [ 0.0, 0.0, 2.0, 1.0 ] },
				"west": { "texture": "#lagunculariaracemosa", "uv": [ 0.0, 0.0, 1.0, 1.0 ] },
				"up": { "texture": "#lagunculariaracemosa", "uv": [ 0.0, 0.0, 2.0, 1.0 ] },
				"down": { "texture": "#lagunculariaracemosa", "uv": [ 0.0, 0.0, 2.0, 1.0 ] }
			},
			"children": [
				{
					"name": "stem 1",
					"from": [ 2.0, 0.2, 0.2 ],
					"to": [ 3.5, 0.8, 0.8 ],
					"rotationOrigin": [ 2.0, 0.2, 0.2 ],
					"rotationY": -22.5,
					"faces": {
						"north": { "texture": "#lagunculariaracemosa", "uv": [ 2.5, 0.0, 4.0, 0.5 ] },
						"east": { "texture": "#lagunculariaracemosa", "uv": [ 2.0, 0.0, 2.5, 0.5 ] },
						"south": { "texture": "#lagunculariaracemosa", "uv": [ 2.0, 0.0, 3.5, 0.5 ] },
						"west": { "texture": "#lagunculariaracemosa", "uv": [ 2.5, 0.0, 3.0, 0.5 ] },
						"up": { "texture": "#lagunculariaracemosa", "uv": [ 2.5, 0.0, 4.0, 0.5 ] },
						"down": { "texture": "#lagunculariaracemosa", "uv": [ 2.0, 0.0, 3.5, 0.5 ] }
					},
					"children": [
						{
							"name": "stem 2",
							"from": [ 1.5, 0.0, 0.0 ],
							"to": [ 3.0, 0.6, 0.6 ],
							"rotationOrigin": [ 1.5, 0.0, 0.0 ],
							"rotationX": 2.0,
							"rotationY": -22.5,
							"faces": {
								"north": { "texture": "#lagunculariaracemosa", "uv": [ 2.0, 1.0, 3.5, 1.5 ] },
								"east": { "texture": "#lagunculariaracemosa", "uv": [ 3.0, 0.5, 3.5, 1.0 ] },
								"south": { "texture": "#lagunculariaracemosa", "uv": [ 2.5, 1.0, 4.0, 1.5 ] },
								"west": { "texture": "#lagunculariaracemosa", "uv": [ 3.0, 0.5, 3.5, 1.0 ] },
								"up": { "texture": "#lagunculariaracemosa", "uv": [ 2.5, 1.0, 4.0, 1.5 ] },
								"down": { "texture": "#lagunculariaracemosa", "uv": [ 2.0, 1.0, 3.5, 1.5 ] }
							},
							"children": [
								{
									"name": "stem 3",
									"from": [ 1.5, 0.0, 0.0 ],
									"to": [ 3.0, 0.6, 0.6 ],
									"rotationOrigin": [ 1.5, 0.0, 0.0 ],
									"rotationX": 2.0,
									"rotationY": -45.0,
									"rotationZ": 0.0,
									"faces": {
										"north": { "texture": "#lagunculariaracemosa", "uv": [ 2.0, 2.0, 3.5, 2.5 ] },
										"east": { "texture": "#lagunculariaracemosa", "uv": [ 2.5, 2.5, 3.0, 3.0 ] },
										"south": { "texture": "#lagunculariaracemosa", "uv": [ 2.5, 2.5, 4.0, 3.0 ] },
										"west": { "texture": "#lagunculariaracemosa", "uv": [ 3.0, 2.0, 3.5, 2.5 ] },
										"up": { "texture": "#lagunculariaracemosa", "uv": [ 2.5, 2.5, 4.0, 3.0 ] },
										"down": { "texture": "#lagunculariaracemosa", "uv": [ 2.0, 2.5, 3.5, 3.0 ] }
									}
								}
							]
						}
					]
				}
			]
		}
	]}