{
	"editor": {
		"backDropShape": "entity/humanoid/seraph-hairless",
		"collapsedPaths": "Root/bandN/toothR1,Root/bandN/toothL1",
		"allAngles": true,
		"entityTextureMode": true
	},
	"textureWidth": 48,
	"textureHeight": 48,
	"textureSizes": {
		"hair": [48,48],
		"birch": [16,16]
	},
	"textures": {
	},
	"elements": [
		{
			"name": "ponytailhigh",
			"stepParentName": "Head",
			"from": [ -0.375, 0.0, 0.0 ],
			"to": [ 0.375, 0.75, 0.75 ],
			"uv": [ 0.0, 0.0 ],
			"faces": {
			},
			"children": [
				{
					"name": "PonytailA",
					"from": [ 4.275, -1.875, 0.75 ],
					"to": [ 5.775, 3.375, 3.0 ],
					"uv": [ 14.0, 0.0 ],
					"rotationOrigin": [ 4.275, 3.375, 1.875 ],
					"rotationZ": 2.0,
					"faces": {
						"north": { "texture": "#hair", "uv": [ 14.0, 2.0, 16.0, 9.0 ], "autoUv": false },
						"east": { "texture": "#hair", "uv": [ 16.0, 2.0, 19.0, 9.0 ], "autoUv": false },
						"south": { "texture": "#hair", "uv": [ 19.0, 2.0, 21.0, 9.0 ], "autoUv": false },
						"up": { "texture": "#hair", "uv": [ 14.0, 0.0, 17.0, 2.0 ], "rotation": 270, "autoUv": false }
					},
					"children": [
						{
							"name": "PonytailB",
							"from": [ 0.0, 2.925, 0.375 ],
							"to": [ 7.5, 4.425, 1.875 ],
							"autoUnwrap": false,
							"uv": [ 30.0, 16.0 ],
							"rotationOrigin": [ 0.0, 3.675, 1.125 ],
							"rotationZ": -75.0,
							"faces": {
								"north": { "texture": "#hair", "uv": [ 38.5, 15.0, 40.5, 25.0 ], "rotation": 90, "autoUv": false },
								"south": { "texture": "#hair", "uv": [ 40.0, 15.0, 42.0, 25.0 ], "rotation": 270, "autoUv": false },
								"west": { "texture": "#hair", "uv": [ 38.5, 16.0, 40.5, 18.0 ], "autoUv": false },
								"up": { "texture": "#hair", "uv": [ 36.5, 15.0, 38.5, 25.0 ], "rotation": 270, "autoUv": false },
								"down": { "texture": "#hair", "uv": [ 38.0, 15.0, 40.0, 25.0 ], "rotation": 90, "autoUv": false }
							}
						}
					]
				}
			]
		}
	]}