{
	"editor": {
		"backDropShape": "entity/humanoid/seraph-hairless",
		"collapsedPaths": "Root/bandN/toothR1,Root/bandN/toothL1,Root/ponytailhigh",
		"allAngles": true,
		"entityTextureMode": true
	},
	"textureWidth": 48,
	"textureHeight": 48,
	"textureSizes": {
		"hair": [48,48],
		"birch": [16,16]
	},
	"textures": {
	},
	"elements": [
		{
			"name": "ponytailhigh",
			"stepParentName": "Head",
			"from": [ 0.0, 0.0, 0.0 ],
			"to": [ 0.75, 0.75, 0.75 ],
			"uv": [ 0.0, 0.0 ],
			"faces": {
			},
			"children": [
				{
					"name": "BunTop",
					"from": [ 2.25, 2.25, 1.125 ],
					"to": [ 5.25, 3.75, 2.625 ],
					"uv": [ 16.5, 31.0 ],
					"rotationOrigin": [ 2.25, 3.0, 1.125 ],
					"rotationZ": 15.0,
					"faces": {
						"north": { "texture": "#hair", "uv": [ 16.5, 33.0, 20.5, 35.0 ], "autoUv": false },
						"east": { "texture": "#hair", "uv": [ 20.5, 33.0, 22.5, 35.0 ], "autoUv": false },
						"south": { "texture": "#hair", "uv": [ 22.5, 33.0, 26.5, 35.0 ], "autoUv": false },
						"up": { "texture": "#hair", "uv": [ 16.5, 31.0, 20.5, 33.0 ], "autoUv": false }
					},
					"children": [
						{
							"name": "Cube1",
							"from": [ 2.25, 0.0, -0.375 ],
							"to": [ 3.75, 2.25, 1.875 ],
							"autoUnwrap": false,
							"uv": [ 17.0, 28.5 ],
							"rotationOrigin": [ 2.25, 1.125, 0.825 ],
							"faces": {
								"north": { "texture": "#hair", "uv": [ 17.0, 31.5, 19.0, 34.5 ], "autoUv": false },
								"east": { "texture": "#hair", "uv": [ 19.0, 31.5, 22.0, 34.5 ], "autoUv": false },
								"south": { "texture": "#hair", "uv": [ 22.0, 31.5, 24.0, 34.5 ], "autoUv": false },
								"west": { "texture": "#hair", "uv": [ 24.0, 31.5, 27.0, 34.5 ], "autoUv": false },
								"up": { "texture": "#hair", "uv": [ 19.5, 31.0, 21.5, 34.0 ], "autoUv": false },
								"down": { "texture": "#hair", "uv": [ 22.5, 31.5, 24.5, 34.5 ], "autoUv": false }
							}
						}
					]
				},
				{
					"name": "HairSnood",
					"from": [ 3.825, 0.525, 0.375 ],
					"to": [ 5.325, 4.275, 3.375 ],
					"autoUnwrap": false,
					"uv": [ 7.0, 15.5 ],
					"rotationOrigin": [ 4.2, 2.775, 1.875 ],
					"rotationZ": -8.0,
					"faces": {
						"north": { "texture": "#hair", "uv": [ 25.5, 31.5, 27.5, 36.5 ], "autoUv": false },
						"east": { "texture": "#hair", "uv": [ 21.5, 32.0, 25.5, 37.0 ], "autoUv": false },
						"south": { "texture": "#hair", "uv": [ 18.5, 31.0, 20.5, 36.0 ], "autoUv": false },
						"west": { "texture": "#hair", "uv": [ 20.0, 31.5, 24.0, 36.5 ], "autoUv": false },
						"up": { "texture": "#hair", "uv": [ 24.0, 33.5, 26.0, 37.5 ], "autoUv": false },
						"down": { "texture": "#hair", "uv": [ 21.0, 32.5, 23.0, 36.5 ], "autoUv": false }
					},
					"children": [
						{
							"name": "BunBottom",
							"from": [ -0.3, -0.9, 0.375 ],
							"to": [ 1.2, 0.6, 2.625 ],
							"uv": [ 17.5, 31.5 ],
							"rotationOrigin": [ 0.45, -0.15, 1.5 ],
							"rotationZ": -36.0,
							"faces": {
								"north": { "texture": "#hair", "uv": [ 17.5, 34.5, 19.5, 36.5 ], "autoUv": false },
								"east": { "texture": "#hair", "uv": [ 19.5, 34.5, 22.5, 36.5 ], "autoUv": false },
								"south": { "texture": "#hair", "uv": [ 22.5, 34.5, 24.5, 36.5 ], "autoUv": false },
								"up": { "texture": "#hair", "uv": [ 17.5, 31.5, 19.5, 34.5 ], "autoUv": false },
								"down": { "texture": "#hair", "uv": [ 19.5, 31.5, 21.5, 34.5 ], "autoUv": false }
							}
						},
						{
							"name": "Cube5",
							"from": [ 1.5, 0.75, 0.375 ],
							"to": [ 2.25, 3.0, 2.625 ],
							"uv": [ 21.0, 31.0 ],
							"rotationOrigin": [ 1.5, 0.75, 0.375 ],
							"faces": {
								"north": { "texture": "#hair", "uv": [ 21.0, 34.0, 22.0, 37.0 ], "autoUv": false },
								"east": { "texture": "#hair", "uv": [ 22.0, 34.0, 25.0, 37.0 ], "autoUv": false },
								"south": { "texture": "#hair", "uv": [ 25.0, 34.0, 26.0, 37.0 ], "autoUv": false },
								"up": { "texture": "#hair", "uv": [ 21.0, 31.0, 22.0, 34.0 ], "autoUv": false },
								"down": { "texture": "#hair", "uv": [ 22.0, 31.0, 23.0, 34.0 ], "autoUv": false }
							}
						},
						{
							"name": "Stick1",
							"from": [ 0.75, 2.25, -1.5 ],
							"to": [ 1.125, 2.625, 4.5 ],
							"autoUnwrap": false,
							"uv": [ 3.5, 2.5 ],
							"rotationOrigin": [ 0.9, 2.4, 1.5 ],
							"rotationX": 45.0,
							"faces": {
								"north": { "texture": "#birch", "uv": [ 3.5, 10.5, 4.0, 11.0 ], "autoUv": false },
								"east": { "texture": "#birch", "uv": [ 4.0, 10.5, 12.0, 11.0 ], "autoUv": false },
								"south": { "texture": "#birch", "uv": [ 12.0, 10.5, 12.5, 11.0 ], "autoUv": false },
								"west": { "texture": "#birch", "uv": [ 6.5, 11.5, 14.5, 12.0 ], "autoUv": false },
								"up": { "texture": "#birch", "uv": [ 3.5, 2.5, 4.0, 10.5 ], "autoUv": false },
								"down": { "texture": "#birch", "uv": [ 4.0, 2.5, 4.5, 10.5 ], "autoUv": false }
							}
						},
						{
							"name": "Stick7",
							"from": [ 0.75, 2.25, -0.75 ],
							"to": [ 1.125, 2.625, 3.75 ],
							"uv": [ 0.0, 0.0 ],
							"rotationOrigin": [ 0.9, 2.4, 1.5 ],
							"faces": {
								"north": { "texture": "#birch", "uv": [ 0.0, 6.0, 0.5, 6.5 ], "autoUv": false },
								"east": { "texture": "#birch", "uv": [ 0.5, 6.0, 6.5, 6.5 ], "autoUv": false },
								"south": { "texture": "#birch", "uv": [ 6.5, 6.0, 7.0, 6.5 ], "autoUv": false },
								"west": { "texture": "#birch", "uv": [ 7.0, 6.0, 13.0, 6.5 ], "autoUv": false },
								"up": { "texture": "#birch", "uv": [ 0.0, 0.0, 0.5, 6.0 ], "autoUv": false },
								"down": { "texture": "#birch", "uv": [ 0.5, 0.0, 1.0, 6.0 ], "autoUv": false }
							}
						},
						{
							"name": "Stick8",
							"from": [ 0.75, 2.25, -1.5 ],
							"to": [ 1.125, 2.625, 4.5 ],
							"autoUnwrap": false,
							"uv": [ 3.5, 2.5 ],
							"rotationOrigin": [ 0.9, 2.4, 1.5 ],
							"rotationX": -45.0,
							"faces": {
								"north": { "texture": "#birch", "uv": [ 3.5, 10.5, 4.0, 11.0 ], "autoUv": false },
								"east": { "texture": "#birch", "uv": [ 4.0, 10.5, 12.0, 11.0 ], "autoUv": false },
								"south": { "texture": "#birch", "uv": [ 12.0, 10.5, 12.5, 11.0 ], "autoUv": false },
								"west": { "texture": "#birch", "uv": [ 6.5, 11.5, 14.5, 12.0 ], "autoUv": false },
								"up": { "texture": "#birch", "uv": [ 3.5, 2.5, 4.0, 10.5 ], "autoUv": false },
								"down": { "texture": "#birch", "uv": [ 4.0, 2.5, 4.5, 10.5 ], "autoUv": false }
							}
						}
					]
				}
			]
		}
	]}