{
	"editor": {
		"backDropShape": "entity/humanoid/seraph-hairless",
		"allAngles": true,
		"entityTextureMode": true
	},
	"textureWidth": 48,
	"textureHeight": 48,
	"textureSizes": {
		"hair": [48,48],
		"birch": [16,16]
	},
	"textures": {
	},
	"elements": [
		{
			"name": "hair-uncovered",
			"stepParentName": "Head",
			"from": [ 0.0, 0.0, 0.0 ],
			"to": [ 0.75, 0.75, 0.75 ],
			"uv": [ 0.0, 0.0 ],
			"faces": {
				"east": { "texture": "#hair", "uv": [ 1.0, 1.0, 2.0, 2.0 ], "autoUv": false },
				"south": { "texture": "#hair", "uv": [ 2.0, 1.0, 3.0, 2.0 ], "autoUv": false },
				"west": { "texture": "#hair", "uv": [ 3.0, 1.0, 4.0, 2.0 ], "autoUv": false },
				"up": { "texture": "#hair", "uv": [ 0.0, 0.0, 1.0, 1.0 ], "autoUv": false },
				"down": { "texture": "#hair", "uv": [ 1.0, 0.0, 2.0, 1.0 ], "autoUv": false }
			},
			"children": [
				{
					"name": "MohawkTop",
					"from": [ -0.375, 3.0, 1.35 ],
					"to": [ 4.5, 4.125, 2.475 ],
					"autoUnwrap": false,
					"uv": [ 16.0, 31.5 ],
					"rotationOrigin": [ -0.375, 3.375, 1.875 ],
					"faces": {
						"north": { "texture": "#hair", "uv": [ 16.0, 33.0, 22.5, 34.5 ], "autoUv": false },
						"east": { "texture": "#hair", "uv": [ 23.0, 33.0, 24.5, 34.5 ], "autoUv": false },
						"south": { "texture": "#hair", "uv": [ 18.0, 35.0, 24.5, 36.5 ], "autoUv": false },
						"west": { "texture": "#hair", "uv": [ 25.5, 34.5, 27.0, 36.0 ], "autoUv": false },
						"up": { "texture": "#hair", "uv": [ 16.0, 31.5, 22.5, 33.0 ], "autoUv": false },
						"down": { "texture": "#hair", "uv": [ 18.0, 33.5, 24.5, 35.0 ], "autoUv": false }
					},
					"children": [
						{
							"name": "MohawkBack",
							"from": [ 4.125, -2.25, 0.0 ],
							"to": [ 4.875, 0.0, 1.125 ],
							"uv": [ 21.0, 31.0 ],
							"rotationOrigin": [ 4.5, -2.25, 0.525 ],
							"faces": {
								"north": { "texture": "#hair", "uv": [ 21.0, 32.5, 22.0, 35.5 ], "autoUv": false },
								"east": { "texture": "#hair", "uv": [ 22.0, 32.5, 23.5, 35.5 ], "autoUv": false },
								"south": { "texture": "#hair", "uv": [ 23.5, 32.5, 24.5, 35.5 ], "autoUv": false },
								"down": { "texture": "#hair", "uv": [ 21.0, 31.0, 22.0, 32.5 ], "autoUv": false }
							}
						}
					]
				}
			]
		}
	]}