{
	"editor": {
		"backDropShape": "entity/humanoid/seraph-hairless",
		"collapsedPaths": "Root/bandN/toothR1,Root/bandN/toothL1",
		"allAngles": true,
		"entityTextureMode": true
	},
	"textureWidth": 48,
	"textureHeight": 48,
	"textureSizes": {
		"hair": [48,48],
		"birch": [16,16]
	},
	"textures": {
	},
	"elements": [
		{
			"name": "ponytaillow",
			"stepParentName": "Head",
			"from": [ -0.375, 0.0, 0.0 ],
			"to": [ 0.375, 0.75, 0.75 ],
			"uv": [ 0.0, 0.0 ],
			"faces": {
			},
			"children": [
				{
					"name": "BraidBack",
					"from": [ 3.825, -3.225, 1.125 ],
					"to": [ 4.95, 0.525, 2.25 ],
					"uv": [ 36.5, 15.5 ],
					"rotationOrigin": [ 4.2, 2.025, 1.5 ],
					"rotationX": 8.0,
					"rotationZ": 11.0,
					"faces": {
						"north": { "texture": "#hair", "uv": [ 36.5, 15.5, 38.0, 20.5 ], "autoUv": false },
						"east": { "texture": "#hair", "uv": [ 38.0, 15.5, 39.5, 20.5 ], "autoUv": false },
						"south": { "texture": "#hair", "uv": [ 39.5, 15.5, 41.0, 20.5 ], "autoUv": false },
						"west": { "texture": "#hair", "uv": [ 41.0, 15.5, 42.5, 20.5 ], "autoUv": false }
					}
				},
				{
					"name": "ponytailhigh",
					"from": [ 3.15, 0.6, 0.975 ],
					"to": [ 4.65, 2.475, 2.625 ],
					"uv": [ 19.0, 10.5 ],
					"rotationOrigin": [ 3.9, 2.475, 1.725 ],
					"rotationZ": 41.0,
					"faces": {
						"north": { "texture": "#hair", "uv": [ 19.0, 10.5, 21.0, 13.0 ], "autoUv": false },
						"east": { "texture": "#hair", "uv": [ 21.0, 10.5, 23.0, 13.0 ], "autoUv": false },
						"south": { "texture": "#hair", "uv": [ 23.0, 10.5, 25.0, 13.0 ], "autoUv": false }
					}
				},
				{
					"name": "BraidBack4",
					"from": [ 3.825, -3.225, 1.35 ],
					"to": [ 4.95, 0.9, 2.475 ],
					"uv": [ 37.0, 15.0 ],
					"rotationOrigin": [ 4.2, 1.95, 1.7242 ],
					"rotationX": -8.0,
					"rotationZ": 17.0,
					"faces": {
						"north": { "texture": "#hair", "uv": [ 37.0, 15.0, 38.5, 20.5 ], "autoUv": false },
						"east": { "texture": "#hair", "uv": [ 38.5, 15.0, 40.0, 20.5 ], "autoUv": false },
						"south": { "texture": "#hair", "uv": [ 40.0, 15.0, 41.5, 20.5 ], "autoUv": false },
						"west": { "texture": "#hair", "uv": [ 41.5, 15.0, 43.0, 20.5 ], "autoUv": false }
					}
				},
				{
					"name": "BraidBack5",
					"from": [ 3.375, -2.4, 1.2 ],
					"to": [ 4.5, 1.35, 2.325 ],
					"uv": [ 37.0, 16.5 ],
					"rotationOrigin": [ 4.5, 2.1, 1.5742 ],
					"rotationZ": 31.0,
					"faces": {
						"north": { "texture": "#hair", "uv": [ 37.0, 16.5, 38.5, 21.5 ], "autoUv": false },
						"east": { "texture": "#hair", "uv": [ 38.5, 16.5, 40.0, 21.5 ], "autoUv": false },
						"south": { "texture": "#hair", "uv": [ 40.0, 16.5, 41.5, 21.5 ], "autoUv": false },
						"west": { "texture": "#hair", "uv": [ 41.5, 16.5, 43.0, 21.5 ], "autoUv": false }
					}
				},
				{
					"name": "BraidLowupper",
					"from": [ 3.15, -0.375, 0.9 ],
					"to": [ 4.65, 1.5, 2.7 ],
					"uv": [ 19.0, 10.5 ],
					"rotationOrigin": [ 3.9, 1.5, 1.65 ],
					"rotationZ": 41.0,
					"faces": {
						"north": { "texture": "#hair", "uv": [ 19.0, 10.5, 21.0, 13.0 ], "autoUv": false },
						"east": { "texture": "#hair", "uv": [ 21.0, 10.5, 23.0, 13.0 ], "autoUv": false },
						"south": { "texture": "#hair", "uv": [ 23.0, 10.5, 25.0, 13.0 ], "autoUv": false }
					}
				}
			]
		}
	]}