{
	"editor": {
		"backDropShape": "entity/humanoid/seraph-hairless",
		"allAngles": true,
		"entityTextureMode": true
	},
	"textureWidth": 48,
	"textureHeight": 48,
	"textureSizes": {
		"hair": [48,48],
		"birch": [16,16]
	},
	"textures": {
	},
	"elements": [
		{
			"name": "origin",
			"stepParentName": "Head",
			"from": [ 0.0, 0.0, 0.0 ],
			"to": [ 0.75, 0.75, 0.75 ],
			"uv": [ 0.0, 0.0 ],
			"faces": {
			},
			"children": [
				{
					"name": "hair-uncovered",
					"from": [ 0.0, 0.0, 0.0 ],
					"to": [ 0.75, 0.75, 0.75 ],
					"uv": [ 0.0, 0.0 ],
					"faces": {
					},
					"children": [
						{
							"name": "RolledBraid",
							"from": [ -0.15, 2.025, -0.6 ],
							"to": [ 4.725, 2.775, 4.35 ],
							"autoUnwrap": false,
							"uv": [ 2.0, 4.0 ],
							"rotationOrigin": [ 2.55, 2.025, 1.875 ],
							"rotationZ": -36.0,
							"faces": {
								"north": { "texture": "#hair", "uv": [ 19.5, 34.5, 26.0, 35.5 ], "autoUv": false },
								"east": { "texture": "#hair", "uv": [ 17.0, 35.0, 23.5, 36.0 ], "autoUv": false },
								"south": { "texture": "#hair", "uv": [ 16.0, 32.0, 22.5, 33.0 ], "autoUv": false },
								"west": { "texture": "#hair", "uv": [ 18.5, 33.5, 25.0, 34.5 ], "autoUv": false },
								"up": { "texture": "#hair", "uv": [ 20.0, 31.5, 26.5, 38.0 ], "autoUv": false },
								"down": { "texture": "#hair", "uv": [ 21.5, 31.0, 28.0, 37.5 ], "autoUv": false }
							}
						}
					]
				},
				{
					"name": "ponytail1",
					"from": [ 3.825, 0.3, 1.125 ],
					"to": [ 5.325, 2.1, 2.625 ],
					"uv": [ 22.0, 31.5 ],
					"rotationOrigin": [ 4.5, 1.05, 1.875 ],
					"rotationZ": -15.0,
					"faces": {
						"north": { "texture": "#hair", "uv": [ 22.0, 33.5, 24.0, 35.5 ], "autoUv": false },
						"east": { "texture": "#hair", "uv": [ 24.0, 33.5, 26.0, 35.5 ], "autoUv": false },
						"south": { "texture": "#hair", "uv": [ 26.0, 33.5, 28.0, 35.5 ], "autoUv": false },
						"up": { "texture": "#hair", "uv": [ 22.0, 31.5, 24.0, 33.5 ], "autoUv": false },
						"down": { "texture": "#hair", "uv": [ 24.0, 31.5, 26.0, 33.5 ], "autoUv": false }
					},
					"children": [
						{
							"name": "Messy",
							"from": [ 0.8633, 1.2422, -0.525 ],
							"to": [ 3.1133, 1.2422, 1.725 ],
							"autoUnwrap": false,
							"uv": [ 15.0, 12.5 ],
							"rotationOrigin": [ 0.1133, 1.2422, 0.6 ],
							"rotationZ": -60.0,
							"faces": {
								"up": { "texture": "#hair", "uv": [ 21.5, 10.5, 24.5, 13.5 ], "rotation": 270, "autoUv": false }
							}
						}
					]
				}
			]
		}
	]}