{
	"editor": {
		"backDropShape": "entity/humanoid/seraph",
		"allAngles": true,
		"entityTextureMode": true
	},
	"textureWidth": 48,
	"textureHeight": 48,
	"textureSizes": {
		"hair": [48,48],
		"birch": [16,16]
	},
	"textures": {
	},
	"elements": [
		{
			"name": "sidelow",
			"stepParentName": "Head",
			"from": [ 0.0, 0.0, 0.0 ],
			"to": [ 0.75, 0.75, 0.75 ],
			"uv": [ 0.0, 0.0 ],
			"faces": {
			},
			"children": [
				{
					"name": "RollRight",
					"from": [ 1.35, 0.75, -1.125 ],
					"to": [ 3.6, 3.0, 0.0 ],
					"uv": [ 19.5, 32.0 ],
					"rotationOrigin": [ 2.475, 1.875, -0.825 ],
					"rotationZ": 40.0,
					"faces": {
						"north": { "texture": "#hair", "uv": [ 19.5, 33.5, 22.5, 36.5 ], "autoUv": false },
						"east": { "texture": "#hair", "uv": [ 22.5, 33.5, 24.0, 36.5 ], "autoUv": false },
						"west": { "texture": "#hair", "uv": [ 24.0, 33.5, 25.5, 36.5 ], "autoUv": false },
						"up": { "texture": "#hair", "uv": [ 19.5, 32.0, 22.5, 33.5 ], "autoUv": false },
						"down": { "texture": "#hair", "uv": [ 22.5, 32.0, 25.5, 33.5 ], "autoUv": false }
					},
					"children": [
						{
							"name": "RollRight2",
							"from": [ 0.375, 0.375, -0.375 ],
							"to": [ 1.875, 1.875, 0.0 ],
							"uv": [ 17.0, 33.0 ],
							"rotationOrigin": [ 1.125, 1.125, 0.0 ],
							"faces": {
								"north": { "texture": "#hair", "uv": [ 17.0, 33.5, 19.0, 35.5 ], "autoUv": false },
								"east": { "texture": "#hair", "uv": [ 19.0, 33.5, 19.5, 35.5 ], "autoUv": false },
								"west": { "texture": "#hair", "uv": [ 21.5, 33.5, 22.0, 35.5 ], "autoUv": false },
								"up": { "texture": "#hair", "uv": [ 17.0, 33.0, 19.0, 33.5 ], "autoUv": false },
								"down": { "texture": "#hair", "uv": [ 19.0, 33.0, 21.0, 33.5 ], "autoUv": false }
							}
						}
					]
				},
				{
					"name": "RollLeft",
					"from": [ 1.35, 0.75, 3.75 ],
					"to": [ 3.6, 3.0, 4.875 ],
					"uv": [ 19.5, 32.0 ],
					"rotationOrigin": [ 2.475, 1.875, 3.75 ],
					"rotationZ": 40.0,
					"faces": {
						"east": { "texture": "#hair", "uv": [ 19.5, 33.5, 21.0, 36.5 ], "autoUv": false },
						"south": { "texture": "#hair", "uv": [ 21.0, 33.5, 24.0, 36.5 ], "autoUv": false },
						"west": { "texture": "#hair", "uv": [ 24.0, 33.5, 25.5, 36.5 ], "autoUv": false },
						"up": { "texture": "#hair", "uv": [ 19.5, 32.0, 22.5, 33.5 ], "autoUv": false },
						"down": { "texture": "#hair", "uv": [ 22.5, 32.0, 25.5, 33.5 ], "autoUv": false }
					},
					"children": [
						{
							"name": "RollLeft2",
							"from": [ 0.375, 0.375, 1.125 ],
							"to": [ 1.875, 1.875, 1.5 ],
							"uv": [ 1.5, 36.5 ],
							"rotationOrigin": [ 1.125, 1.125, 1.125 ],
							"faces": {
								"east": { "texture": "#hair", "uv": [ 3.5, 37.0, 4.0, 39.0 ], "autoUv": false },
								"south": { "texture": "#hair", "uv": [ 4.0, 37.0, 6.0, 39.0 ], "autoUv": false },
								"west": { "texture": "#hair", "uv": [ 6.0, 37.0, 6.5, 39.0 ], "autoUv": false },
								"up": { "texture": "#hair", "uv": [ 1.5, 36.5, 3.5, 37.0 ], "autoUv": false },
								"down": { "texture": "#hair", "uv": [ 3.5, 36.5, 5.5, 37.0 ], "autoUv": false }
							}
						}
					]
				}
			]
		}
	]}