{
	"editor": {
		"backDropShape": "entity/humanoid/seraph-hairless",
		"collapsedPaths": "Root/bandN/toothR1,Root/bandN/toothL1",
		"allAngles": true,
		"entityTextureMode": true
	},
	"textureWidth": 48,
	"textureHeight": 48,
	"textureSizes": {
		"hair": [48,48],
		"birch": [16,16]
	},
	"textures": {
	},
	"elements": [
		{
			"name": "ponytaillow",
			"stepParentName": "Head",
			"from": [ -0.375, 0.0, 0.0 ],
			"to": [ 0.375, 0.75, 0.75 ],
			"uv": [ 0.0, 0.0 ],
			"faces": {
			},
			"children": [
				{
					"name": "BraidBack",
					"from": [ 3.6, -2.475, 1.125 ],
					"to": [ 4.725, 0.525, 2.625 ],
					"uv": [ 21.0, 31.0 ],
					"rotationOrigin": [ 3.975, 2.025, 1.5 ],
					"rotationZ": 14.0,
					"faces": {
						"north": { "texture": "#hair", "uv": [ 21.0, 31.0, 22.5, 35.0 ], "autoUv": false },
						"east": { "texture": "#hair", "uv": [ 22.5, 31.0, 24.5, 35.0 ], "autoUv": false },
						"south": { "texture": "#hair", "uv": [ 24.5, 31.0, 26.0, 35.0 ], "autoUv": false },
						"west": { "texture": "#hair", "uv": [ 26.0, 31.0, 28.0, 35.0 ], "autoUv": false }
					},
					"children": [
						{
							"name": "Braid2",
							"from": [ 0.075, -3.6, 0.15 ],
							"to": [ 0.825, 0.525, 1.35 ],
							"uv": [ 28.5, 38.5 ],
							"rotationOrigin": [ 0.375, 0.15, 0.45 ],
							"rotationZ": -14.0,
							"faces": {
								"north": { "texture": "#hair", "uv": [ 28.5, 38.5, 29.5, 44.0 ], "autoUv": false, "windMode": [-1,-1,-1,-1] },
								"east": { "texture": "#hair", "uv": [ 29.5, 38.5, 31.0, 44.0 ], "autoUv": false, "windMode": [-1,-1,-1,-1] },
								"south": { "texture": "#hair", "uv": [ 31.0, 38.5, 32.0, 44.0 ], "autoUv": false, "windMode": [-1,-1,-1,-1] },
								"west": { "texture": "#hair", "uv": [ 32.0, 38.5, 33.5, 44.0 ], "autoUv": false, "windMode": [-1,-1,-1,-1] }
							}
						},
						{
							"name": "Braid5",
							"from": [ 0.375, 0.3, -0.075 ],
							"to": [ 1.125, 2.925, 1.575 ],
							"uv": [ 37.5, 19.0 ],
							"rotationOrigin": [ 0.675, 2.925, 0.225 ],
							"rotationZ": 10.0,
							"faces": {
								"north": { "texture": "#hair", "uv": [ 37.5, 19.0, 38.5, 22.5 ], "autoUv": false },
								"east": { "texture": "#hair", "uv": [ 38.5, 19.0, 40.5, 22.5 ], "autoUv": false },
								"south": { "texture": "#hair", "uv": [ 40.5, 19.0, 41.5, 22.5 ], "autoUv": false }
							}
						},
						{
							"name": "Braid6",
							"from": [ 0.375, -1.95, -0.075 ],
							"to": [ 1.125, 0.675, 1.575 ],
							"uv": [ 37.5, 19.0 ],
							"rotationOrigin": [ 0.675, 0.675, 0.225 ],
							"rotationZ": -10.0,
							"faces": {
								"north": { "texture": "#hair", "uv": [ 37.5, 19.0, 38.5, 22.5 ], "autoUv": false },
								"east": { "texture": "#hair", "uv": [ 38.5, 19.0, 40.5, 22.5 ], "autoUv": false },
								"south": { "texture": "#hair", "uv": [ 40.5, 19.0, 41.5, 22.5 ], "autoUv": false }
							}
						},
						{
							"name": "Braid7",
							"from": [ 0.15, 1.125, 1.5 ],
							"to": [ 0.9, 4.5, 2.25 ],
							"uv": [ 17.0, 31.0 ],
							"rotationOrigin": [ 0.45, 4.5, 1.875 ],
							"rotationX": 12.0,
							"rotationZ": 2.0,
							"faces": {
								"north": { "texture": "#hair", "uv": [ 17.0, 31.0, 18.0, 35.5 ], "autoUv": false },
								"east": { "texture": "#hair", "uv": [ 18.0, 31.0, 19.0, 35.5 ], "autoUv": false },
								"south": { "texture": "#hair", "uv": [ 19.0, 31.0, 20.0, 35.5 ], "autoUv": false },
								"west": { "texture": "#hair", "uv": [ 20.0, 31.0, 21.0, 35.5 ], "autoUv": false }
							}
						},
						{
							"name": "Braid8",
							"from": [ 0.15, 1.125, -0.75 ],
							"to": [ 0.9, 4.5, 0.0 ],
							"uv": [ 16.0, 32.6 ],
							"rotationOrigin": [ 0.45, 4.5, -0.375 ],
							"rotationX": -12.0,
							"rotationZ": 2.0,
							"faces": {
								"north": { "texture": "#hair", "uv": [ 16.0, 33.0, 17.0, 37.5 ], "autoUv": false },
								"east": { "texture": "#hair", "uv": [ 17.0, 33.0, 18.0, 37.5 ], "autoUv": false },
								"south": { "texture": "#hair", "uv": [ 18.0, 33.0, 19.0, 37.5 ], "autoUv": false },
								"west": { "texture": "#hair", "uv": [ 19.0, 33.0, 20.0, 37.5 ], "autoUv": false }
							}
						},
						{
							"name": "Braid9",
							"from": [ -0.45, -4.575, 0.375 ],
							"to": [ 0.3, -1.95, 1.125 ],
							"uv": [ 16.0, 11.0 ],
							"rotationOrigin": [ -0.15, -1.95, 0.675 ],
							"rotationZ": -20.0,
							"faces": {
								"north": { "texture": "#hair", "uv": [ 16.0, 11.0, 17.0, 14.5 ], "autoUv": false },
								"east": { "texture": "#hair", "uv": [ 17.0, 11.0, 18.0, 14.5 ], "autoUv": false },
								"south": { "texture": "#hair", "uv": [ 18.0, 11.0, 19.0, 14.5 ], "autoUv": false },
								"west": { "texture": "#hair", "uv": [ 19.0, 11.0, 20.0, 14.5 ], "autoUv": false }
							}
						},
						{
							"name": "BraidBack3",
							"from": [ 0.0, 3.0, 0.0 ],
							"to": [ 1.125, 4.5, 1.5 ],
							"uv": [ 21.0, 31.0 ],
							"rotationOrigin": [ 1.125, 3.0, 0.375 ],
							"rotationZ": 17.0,
							"faces": {
								"north": { "texture": "#hair", "uv": [ 21.0, 31.0, 22.5, 33.0 ], "autoUv": false },
								"east": { "texture": "#hair", "uv": [ 22.5, 31.0, 24.5, 33.0 ], "autoUv": false },
								"south": { "texture": "#hair", "uv": [ 24.5, 31.0, 26.0, 33.0 ], "autoUv": false },
								"west": { "texture": "#hair", "uv": [ 26.0, 31.0, 28.0, 33.0 ], "autoUv": false }
							}
						}
					]
				},
				{
					"name": "ponytailhigh",
					"from": [ 0.0, 0.0, 0.0 ],
					"to": [ 0.75, 0.75, 0.75 ],
					"uv": [ 0.0, 0.0 ],
					"faces": {
					},
					"children": [
						{
							"name": "BraidMessy",
							"from": [ 3.1523, -0.2431, 0.975 ],
							"to": [ 4.6523, 2.0069, 2.85 ],
							"uv": [ 19.5, 26.0 ],
							"rotationOrigin": [ 3.9023, 2.0069, 1.725 ],
							"rotationZ": 39.0,
							"faces": {
								"north": { "texture": "#hair", "uv": [ 19.5, 26.0, 21.5, 29.0 ], "autoUv": false },
								"east": { "texture": "#hair", "uv": [ 21.5, 26.0, 24.0, 29.0 ], "autoUv": false },
								"south": { "texture": "#hair", "uv": [ 24.0, 26.0, 26.0, 29.0 ], "autoUv": false }
							}
						},
						{
							"name": "BraidBack2",
							"from": [ 3.9406, 0.751, 1.125 ],
							"to": [ 5.0656, 3.001, 2.625 ],
							"uv": [ 21.0, 31.0 ],
							"rotationOrigin": [ 5.0656, 0.751, 1.5 ],
							"rotationZ": 14.0,
							"faces": {
								"north": { "texture": "#hair", "uv": [ 21.0, 31.0, 22.5, 34.0 ], "autoUv": false },
								"east": { "texture": "#hair", "uv": [ 22.5, 31.0, 24.5, 34.0 ], "autoUv": false },
								"south": { "texture": "#hair", "uv": [ 24.5, 31.0, 26.0, 34.0 ], "autoUv": false },
								"west": { "texture": "#hair", "uv": [ 26.0, 31.0, 28.0, 34.0 ], "autoUv": false }
							}
						}
					]
				}
			]
		}
	]}