{
	"editor": {
		"backDropShape": "entity/humanoid/seraph-hairless",
		"collapsedPaths": "Root/bandN/toothR1,Root/bandN/toothL1",
		"allAngles": true,
		"entityTextureMode": true
	},
	"textureWidth": 48,
	"textureHeight": 48,
	"textureSizes": {
		"hair": [48,48],
		"birch": [16,16]
	},
	"textures": {
	},
	"elements": [
		{
			"name": "ponytailhigh",
			"stepParentName": "Head",
			"from": [ -0.375, 0.0, 0.0 ],
			"to": [ 0.375, 0.75, 0.75 ],
			"uv": [ 0.0, 0.0 ],
			"faces": {
			},
			"children": [
				{
					"name": "TopKnot",
					"from": [ 4.5, 3.075, 1.5 ],
					"to": [ 6.75, 3.825, 2.25 ],
					"uv": [ 19.5, 32.0 ],
					"rotationOrigin": [ 4.5, 3.075, 1.875 ],
					"rotationZ": 42.0,
					"faces": {
						"north": { "texture": "#hair", "uv": [ 19.5, 33.0, 22.5, 34.0 ], "autoUv": false },
						"east": { "texture": "#hair", "uv": [ 22.5, 33.0, 23.5, 34.0 ], "autoUv": false },
						"south": { "texture": "#hair", "uv": [ 23.5, 33.0, 26.5, 34.0 ], "autoUv": false },
						"up": { "texture": "#hair", "uv": [ 19.5, 32.0, 22.5, 33.0 ], "autoUv": false },
						"down": { "texture": "#hair", "uv": [ 22.5, 32.0, 25.5, 33.0 ], "autoUv": false }
					},
					"children": [
						{
							"name": "Ponytail",
							"from": [ 2.175, -0.15, -0.15 ],
							"to": [ 5.925, 0.975, 0.975 ],
							"autoUnwrap": false,
							"uv": [ 13.5, 18.5 ],
							"rotationOrigin": [ 2.175, 0.45, 0.45 ],
							"rotationZ": -95.0,
							"faces": {
								"north": { "texture": "#hair", "uv": [ 39.0, 18.0, 40.5, 23.0 ], "rotation": 90, "autoUv": false },
								"south": { "texture": "#hair", "uv": [ 38.5, 18.0, 40.0, 23.0 ], "rotation": 270, "autoUv": false },
								"west": { "texture": "#hair", "uv": [ 32.0, 32.5, 33.5, 34.0 ], "autoUv": false },
								"up": { "texture": "#hair", "uv": [ 39.5, 17.5, 41.0, 22.5 ], "rotation": 270, "autoUv": false },
								"down": { "texture": "#hair", "uv": [ 40.5, 16.5, 42.0, 21.5 ], "rotation": 90, "autoUv": false }
							}
						},
						{
							"name": "Cube1",
							"from": [ 2.25, -0.45, 0.375 ],
							"to": [ 3.75, 1.05, 0.375 ],
							"autoUnwrap": false,
							"uv": [ 0.0, 0.0 ],
							"rotationOrigin": [ 2.25, 0.3, 0.375 ],
							"rotationY": 36.0,
							"faces": {
								"north": { "texture": "#hair", "uv": [ 37.0, 19.0, 39.0, 21.0 ], "rotation": 90, "autoUv": false }
							}
						},
						{
							"name": "Cube4",
							"from": [ 1.8, -0.45, 0.375 ],
							"to": [ 3.3, 1.05, 0.375 ],
							"autoUnwrap": false,
							"uv": [ 0.0, 0.0 ],
							"rotationOrigin": [ 1.8, 0.3, 0.375 ],
							"rotationY": -36.0,
							"faces": {
								"north": { "texture": "#hair", "uv": [ 38.0, 20.0, 40.0, 22.0 ], "rotation": 90, "autoUv": false }
							}
						}
					]
				}
			]
		}
	]}