{
	"editor": {
		"backDropShape": "entity/humanoid/seraph-hairless",
		"collapsedPaths": "Root/bandN/toothR1,Root/bandN/toothL1",
		"allAngles": true,
		"entityTextureMode": true
	},
	"textureWidth": 48,
	"textureHeight": 48,
	"textureSizes": {
		"hair": [48,48],
		"birch": [16,16]
	},
	"textures": {
	},
	"elements": [
		{
			"name": "ponytailhigh",
			"stepParentName": "Head",
			"from": [ -0.375, 0.0, 0.0 ],
			"to": [ 0.375, 0.75, 0.75 ],
			"uv": [ 0.0, 0.0 ],
			"faces": {
			},
			"children": [
				{
					"name": "TopKnot",
					"from": [ 3.6, 3.075, 1.5 ],
					"to": [ 5.85, 3.825, 2.25 ],
					"uv": [ 17.0, 0.5 ],
					"rotationOrigin": [ 3.6, 3.075, 1.875 ],
					"rotationZ": 22.5,
					"faces": {
						"north": { "texture": "#hair", "uv": [ 17.0, 1.5, 20.0, 2.5 ], "autoUv": false },
						"east": { "texture": "#hair", "uv": [ 20.0, 1.5, 21.0, 2.5 ], "autoUv": false },
						"south": { "texture": "#hair", "uv": [ 21.0, 1.5, 24.0, 2.5 ], "autoUv": false },
						"up": { "texture": "#hair", "uv": [ 17.0, 0.5, 20.0, 1.5 ], "autoUv": false },
						"down": { "texture": "#hair", "uv": [ 20.0, 0.5, 23.0, 1.5 ], "autoUv": false }
					},
					"children": [
						{
							"name": "Messy",
							"from": [ 1.5, -0.375, -0.375 ],
							"to": [ 3.75, 1.125, 1.125 ],
							"autoUnwrap": false,
							"uv": [ 19.5, 19.5 ],
							"rotationOrigin": [ 1.5, 0.375, 0.375 ],
							"rotationZ": -72.0,
							"faces": {
								"north": { "texture": "#hair", "uv": [ 24.0, 10.5, 26.0, 13.5 ], "rotation": 90, "autoUv": false },
								"south": { "texture": "#hair", "uv": [ 21.5, 10.5, 23.5, 13.5 ], "rotation": 270, "autoUv": false },
								"west": { "texture": "#hair", "uv": [ 23.5, 22.5, 25.5, 24.5 ], "autoUv": false },
								"up": { "texture": "#hair", "uv": [ 23.0, 26.0, 25.0, 29.0 ], "rotation": 270, "autoUv": false }
							}
						},
						{
							"name": "Ponytail",
							"from": [ 1.95, -0.3, 0.0 ],
							"to": [ 5.7, 0.45, 0.75 ],
							"autoUnwrap": false,
							"uv": [ 13.5, 18.5 ],
							"rotationOrigin": [ 1.95, 0.075, 0.375 ],
							"rotationZ": -97.0,
							"faces": {
								"north": { "texture": "#hair", "uv": [ 39.0, 17.5, 40.0, 22.5 ], "rotation": 90, "autoUv": false },
								"south": { "texture": "#hair", "uv": [ 38.0, 17.5, 39.0, 22.5 ], "rotation": 270, "autoUv": false },
								"up": { "texture": "#hair", "uv": [ 39.5, 17.0, 40.5, 22.0 ], "rotation": 270, "autoUv": false },
								"down": { "texture": "#hair", "uv": [ 38.0, 17.0, 39.0, 22.0 ], "rotation": 90, "autoUv": false }
							}
						}
					]
				}
			]
		}
	]}