{
	"editor": {
		"backDropShape": "entity/land/sled",
		"allAngles": false,
		"entityTextureMode": false
	},
	"textureWidth": 16,
	"textureHeight": 16,
	"textureSizes": {
		"saddlecolor": [16,16]
	},
	"textures": {
	},
	"elements": [
		{
			"name": "ORIGIN",
			"stepParentName": "MainGrip",
			"from": [ -1.0, 1.5, 0.0 ],
			"to": [ 0.0, 2.5, 1.0 ],
			"rotationOrigin": [ -1.0, 1.2, 0.0 ],
			"faces": {
			},
			"children": [
				{
					"name": "Grip",
					"from": [ 0.7, -1.8, 1.0 ],
					"to": [ 3.3, 0.8, 9.0 ],
					"rotationOrigin": [ 1.1, -2.0, 1.0 ],
					"faces": {
						"north": { "texture": "#saddlecolor2", "uv": [ 0.0, 0.0, 2.5, 2.5 ] },
						"east": { "texture": "#saddlecolor2", "uv": [ 0.0, 0.0, 8.0, 2.5 ] },
						"south": { "texture": "#saddlecolor2", "uv": [ 0.0, 0.0, 2.5, 2.5 ] },
						"west": { "texture": "#saddlecolor2", "uv": [ 0.0, 0.0, 8.0, 2.5 ] },
						"up": { "texture": "#saddlecolor2", "uv": [ 0.0, 0.0, 2.5, 8.0 ] },
						"down": { "texture": "#saddlecolor2", "uv": [ 0.0, 0.0, 2.5, 8.0 ] }
					}
				},
				{
					"name": "Grip2",
					"from": [ 0.5, -2.0, 1.5 ],
					"to": [ 3.5, 1.0, 4.5 ],
					"rotationOrigin": [ 0.9, -2.2, 1.5 ],
					"faces": {
						"north": { "texture": "#saddlecolor", "uv": [ 0.0, 0.0, 3.0, 3.0 ] },
						"east": { "texture": "#saddlecolor", "uv": [ 0.0, 0.0, 3.0, 3.0 ] },
						"south": { "texture": "#saddlecolor", "uv": [ 0.0, 0.0, 3.0, 3.0 ] },
						"west": { "texture": "#saddlecolor", "uv": [ 0.0, 0.0, 3.0, 3.0 ] },
						"up": { "texture": "#saddlecolor", "uv": [ 0.0, 0.0, 3.0, 3.0 ] },
						"down": { "texture": "#saddlecolor", "uv": [ 0.0, 0.0, 3.0, 3.0 ] }
					}
				},
				{
					"name": "Rope",
					"from": [ 0.5, -2.0, 5.5 ],
					"to": [ 3.5, 1.0, 8.5 ],
					"rotationOrigin": [ 0.9, -2.2, 5.5 ],
					"faces": {
						"north": { "texture": "#saddlecolor", "uv": [ 0.0, 0.0, 3.0, 3.0 ] },
						"east": { "texture": "#saddlecolor", "uv": [ 0.0, 0.0, 3.0, 3.0 ] },
						"south": { "texture": "#saddlecolor", "uv": [ 0.0, 0.0, 3.0, 3.0 ] },
						"west": { "texture": "#saddlecolor", "uv": [ 0.0, 0.0, 3.0, 3.0 ] },
						"up": { "texture": "#saddlecolor", "uv": [ 0.0, 0.0, 3.0, 3.0 ] },
						"down": { "texture": "#saddlecolor", "uv": [ 0.0, 0.0, 3.0, 3.0 ] }
					},
					"children": [
						{
							"name": "rope2",
							"from": [ -2.5, -8.8, 6.0 ],
							"to": [ 3.0, -7.8, 9.0 ],
							"rotationOrigin": [ -2.1, -9.0, 7.0 ],
							"faces": {
								"north": { "texture": "#mordant", "uv": [ 0.0, 0.0, 5.5, 1.0 ] },
								"east": { "texture": "#mordant", "uv": [ 0.0, 0.0, 3.0, 1.0 ] },
								"south": { "texture": "#mordant", "uv": [ 0.0, 0.0, 5.5, 1.0 ] },
								"west": { "texture": "#mordant", "uv": [ 0.0, 0.0, 3.0, 1.0 ] },
								"up": { "texture": "#mordant", "uv": [ 0.0, 0.0, 5.5, 3.0 ] },
								"down": { "texture": "#mordant", "uv": [ 0.0, 0.0, 5.5, 3.0 ] }
							},
							"children": [
								{
									"name": "rope3",
									"from": [ -0.6, -0.5, 0.11 ],
									"to": [ 6.5, 0.3, 2.91 ],
									"rotationOrigin": [ -0.2, -0.7, 1.1 ],
									"rotationZ": -38.0,
									"faces": {
										"north": { "texture": "#mordant", "uv": [ 0.0, 0.0, 7.0, 0.5 ] },
										"east": { "texture": "#mordant", "uv": [ 0.0, 0.0, 2.5, 0.5 ] },
										"south": { "texture": "#mordant", "uv": [ 0.0, 0.0, 7.0, 0.5 ] },
										"west": { "texture": "#mordant", "uv": [ 0.0, 0.0, 2.5, 0.5 ] },
										"up": { "texture": "#mordant", "uv": [ 0.0, 0.0, 7.0, 2.5 ] },
										"down": { "texture": "#mordant", "uv": [ 0.0, 0.0, 7.0, 2.5 ] }
									}
								}
							]
						},
						{
							"name": "rope4",
							"from": [ -2.1, -8.8, -10.0 ],
							"to": [ 3.9, -7.8, -7.0 ],
							"rotationOrigin": [ -1.7, -9.0, -9.0 ],
							"rotationZ": 24.0,
							"faces": {
								"north": { "texture": "#mordant", "uv": [ 0.0, 0.0, 6.0, 1.0 ] },
								"east": { "texture": "#mordant", "uv": [ 0.0, 0.0, 3.0, 1.0 ] },
								"south": { "texture": "#mordant", "uv": [ 0.0, 0.0, 6.0, 1.0 ] },
								"west": { "texture": "#mordant", "uv": [ 0.0, 0.0, 3.0, 1.0 ] },
								"up": { "texture": "#mordant", "uv": [ 0.0, 0.0, 6.0, 3.0 ] },
								"down": { "texture": "#mordant", "uv": [ 0.0, 0.0, 6.0, 3.0 ] }
							},
							"children": [
								{
									"name": "rope5",
									"from": [ -0.6, -0.5, 0.11 ],
									"to": [ 5.1, 0.3, 2.91 ],
									"rotationOrigin": [ -0.2, -0.7, 1.1 ],
									"rotationZ": -40.0,
									"faces": {
										"north": { "texture": "#mordant", "uv": [ 0.0, 0.0, 5.5, 0.5 ] },
										"east": { "texture": "#mordant", "uv": [ 0.0, 0.0, 2.5, 0.5 ] },
										"south": { "texture": "#mordant", "uv": [ 0.0, 0.0, 5.5, 0.5 ] },
										"west": { "texture": "#mordant", "uv": [ 0.0, 0.0, 2.5, 0.5 ] },
										"up": { "texture": "#mordant", "uv": [ 0.0, 0.0, 5.5, 2.5 ] },
										"down": { "texture": "#mordant", "uv": [ 0.0, 0.0, 5.5, 2.5 ] }
									},
									"children": [
										{
											"name": "rope6",
											"from": [ 4.1, 0.0, 0.05 ],
											"to": [ 8.5, 0.8, 2.75 ],
											"rotationOrigin": [ 4.5, -0.2, 1.1 ],
											"rotationZ": -108.5,
											"faces": {
												"north": { "texture": "#mordant", "uv": [ 0.0, 0.0, 4.0, 0.5 ] },
												"east": { "texture": "#mordant", "uv": [ 0.0, 0.0, 2.5, 0.5 ] },
												"south": { "texture": "#mordant", "uv": [ 0.0, 0.0, 4.0, 0.5 ] },
												"west": { "texture": "#mordant", "uv": [ 0.0, 0.0, 2.5, 0.5 ] },
												"up": { "texture": "#mordant", "uv": [ 0.0, 0.0, 4.0, 2.5 ] },
												"down": { "texture": "#mordant", "uv": [ 0.0, 0.0, 4.0, 2.5 ] }
											}
										}
									]
								},
								{
									"name": "rope7",
									"from": [ 0.0, -0.7, 2.0 ],
									"to": [ 12.0, 0.3, 3.0 ],
									"rotationOrigin": [ 0.0, 0.3, 2.0 ],
									"rotationY": -180.0,
									"rotationZ": -10.0,
									"faces": {
										"north": { "texture": "#mordant", "uv": [ 0.0, 0.0, 12.0, 1.0 ] },
										"east": { "texture": "#mordant", "uv": [ 0.0, 0.0, 1.0, 1.0 ] },
										"south": { "texture": "#mordant", "uv": [ 0.0, 0.0, 12.0, 1.0 ] },
										"west": { "texture": "#mordant", "uv": [ 0.0, 0.0, 1.0, 1.0 ] },
										"up": { "texture": "#mordant", "uv": [ 0.0, 0.0, 12.0, 1.0 ] },
										"down": { "texture": "#mordant", "uv": [ 0.0, 0.0, 12.0, 1.0 ] }
									},
									"children": [
										{
											"name": "rope8",
											"from": [ 12.0, 0.0, 0.0 ],
											"to": [ 24.0, 1.0, 1.0 ],
											"rotationOrigin": [ 12.0, 0.0, 0.0 ],
											"rotationZ": 3.0,
											"faces": {
												"north": { "texture": "#mordant", "uv": [ 0.0, 0.0, 12.0, 1.0 ] },
												"east": { "texture": "#mordant", "uv": [ 0.0, 0.0, 1.0, 1.0 ] },
												"south": { "texture": "#mordant", "uv": [ 0.0, 0.0, 12.0, 1.0 ] },
												"west": { "texture": "#mordant", "uv": [ 0.0, 0.0, 1.0, 1.0 ] },
												"up": { "texture": "#mordant", "uv": [ 0.0, 0.0, 12.0, 1.0 ] },
												"down": { "texture": "#mordant", "uv": [ 0.0, 0.0, 12.0, 1.0 ] }
											},
											"children": [
												{
													"name": "rope9",
													"from": [ 12.0, 0.0, 0.0 ],
													"to": [ 24.0, 1.0, 1.0 ],
													"rotationOrigin": [ 12.0, 0.0, 0.0 ],
													"rotationZ": 4.0,
													"faces": {
														"north": { "texture": "#mordant", "uv": [ 0.0, 0.0, 12.0, 1.0 ] },
														"east": { "texture": "#mordant", "uv": [ 0.0, 0.0, 1.0, 1.0 ] },
														"south": { "texture": "#mordant", "uv": [ 0.0, 0.0, 12.0, 1.0 ] },
														"west": { "texture": "#mordant", "uv": [ 0.0, 0.0, 1.0, 1.0 ] },
														"up": { "texture": "#mordant", "uv": [ 0.0, 0.0, 12.0, 1.0 ] },
														"down": { "texture": "#mordant", "uv": [ 0.0, 0.0, 12.0, 1.0 ] }
													},
													"children": [
														{
															"name": "rope10",
															"from": [ 12.0, 0.0, 0.0 ],
															"to": [ 24.0, 1.0, 1.0 ],
															"rotationOrigin": [ 12.0, 0.0, 0.0 ],
															"rotationZ": 4.0,
															"faces": {
																"north": { "texture": "#mordant", "uv": [ 0.0, 0.0, 12.0, 1.0 ] },
																"east": { "texture": "#mordant", "uv": [ 0.0, 0.0, 1.0, 1.0 ] },
																"south": { "texture": "#mordant", "uv": [ 0.0, 0.0, 12.0, 1.0 ] },
																"west": { "texture": "#mordant", "uv": [ 0.0, 0.0, 1.0, 1.0 ] },
																"up": { "texture": "#mordant", "uv": [ 0.0, 0.0, 12.0, 1.0 ] },
																"down": { "texture": "#mordant", "uv": [ 0.0, 0.0, 12.0, 1.0 ] }
															},
															"children": [
																{
																	"name": "rope11",
																	"from": [ 12.0, 0.0, 0.0 ],
																	"to": [ 22.0, 1.0, 1.0 ],
																	"rotationOrigin": [ 12.0, 0.0, 0.0 ],
																	"rotationZ": 5.0,
																	"faces": {
																		"north": { "texture": "#mordant", "uv": [ 0.0, 0.0, 10.0, 1.0 ] },
																		"east": { "texture": "#mordant", "uv": [ 0.0, 0.0, 1.0, 1.0 ] },
																		"south": { "texture": "#mordant", "uv": [ 0.0, 0.0, 10.0, 1.0 ] },
																		"west": { "texture": "#mordant", "uv": [ 0.0, 0.0, 1.0, 1.0 ] },
																		"up": { "texture": "#mordant", "uv": [ 0.0, 0.0, 10.0, 1.0 ] },
																		"down": { "texture": "#mordant", "uv": [ 0.0, 0.0, 10.0, 1.0 ] }
																	},
																	"children": [
																		{
																			"name": "rope12",
																			"from": [ 10.0, 0.0, 0.0 ],
																			"to": [ 16.0, 1.0, 1.0 ],
																			"rotationOrigin": [ 10.0, 0.0, 0.0 ],
																			"rotationZ": 6.0,
																			"faces": {
																				"north": { "texture": "#mordant", "uv": [ 0.0, 0.0, 6.0, 1.0 ] },
																				"east": { "texture": "#mordant", "uv": [ 0.0, 0.0, 1.0, 1.0 ] },
																				"south": { "texture": "#mordant", "uv": [ 0.0, 0.0, 6.0, 1.0 ] },
																				"west": { "texture": "#mordant", "uv": [ 0.0, 0.0, 1.0, 1.0 ] },
																				"up": { "texture": "#mordant", "uv": [ 0.0, 0.0, 6.0, 1.0 ] },
																				"down": { "texture": "#mordant", "uv": [ 0.0, 0.0, 6.0, 1.0 ] }
																			}
																		},
																		{
																			"name": "Endcap2",
																			"from": [ 13.3, -0.1, -0.3 ],
																			"to": [ 15.0, 2.7, 1.3 ],
																			"rotationOrigin": [ 13.3, -0.1, -0.3 ],
																			"rotationZ": -41.0,
																			"faces": {
																				"north": { "texture": "#saddlecolor", "uv": [ 0.0, 0.0, 1.5, 2.5 ] },
																				"east": { "texture": "#saddlecolor", "uv": [ 0.0, 0.0, 1.5, 2.5 ] },
																				"south": { "texture": "#saddlecolor", "uv": [ 0.0, 0.0, 1.5, 2.5 ] },
																				"west": { "texture": "#saddlecolor", "uv": [ 0.0, 0.0, 1.5, 2.5 ] },
																				"up": { "texture": "#saddlecolor", "uv": [ 0.0, 0.0, 1.5, 1.5 ] },
																				"down": { "texture": "#saddlecolor", "uv": [ 0.0, 0.0, 1.5, 1.5 ] }
																			},
																			"children": [
																				{
																					"name": "Endcap1",
																					"from": [ 0.0, 0.0, -16.0 ],
																					"to": [ 1.7, 2.8, -14.4 ],
																					"rotationOrigin": [ 0.0, 0.0, -16.0 ],
																					"faces": {
																						"north": { "texture": "#saddlecolor", "uv": [ 0.0, 0.0, 1.5, 2.5 ] },
																						"east": { "texture": "#saddlecolor", "uv": [ 0.0, 0.0, 1.5, 2.5 ] },
																						"south": { "texture": "#saddlecolor", "uv": [ 0.0, 0.0, 1.5, 2.5 ] },
																						"west": { "texture": "#saddlecolor", "uv": [ 0.0, 0.0, 1.5, 2.5 ] },
																						"up": { "texture": "#saddlecolor", "uv": [ 0.0, 0.0, 1.5, 1.5 ] },
																						"down": { "texture": "#saddlecolor", "uv": [ 0.0, 0.0, 1.5, 1.5 ] }
																					}
																				}
																			]
																		},
																		{
																			"name": "Endcap3",
																			"from": [ -12.5, 0.6, -0.3 ],
																			"to": [ -10.8, 2.3, 1.3 ],
																			"rotationOrigin": [ -12.5, 0.6, -0.3 ],
																			"rotationZ": -5.5,
																			"faces": {
																				"north": { "texture": "#saddlecolor", "uv": [ 0.0, 0.0, 1.5, 1.5 ] },
																				"east": { "texture": "#saddlecolor", "uv": [ 0.0, 0.0, 1.5, 1.5 ] },
																				"south": { "texture": "#saddlecolor", "uv": [ 0.0, 0.0, 1.5, 1.5 ] },
																				"west": { "texture": "#saddlecolor", "uv": [ 0.0, 0.0, 1.5, 1.5 ] },
																				"up": { "texture": "#saddlecolor", "uv": [ 0.0, 0.0, 1.5, 1.5 ] },
																				"down": { "texture": "#saddlecolor", "uv": [ 0.0, 0.0, 1.5, 1.5 ] }
																			},
																			"children": [
																				{
																					"name": "Endcap4",
																					"from": [ 0.0, 0.0, -16.0 ],
																					"to": [ 1.7, 1.7, -14.4 ],
																					"rotationOrigin": [ 0.0, 0.0, -16.0 ],
																					"faces": {
																						"north": { "texture": "#saddlecolor", "uv": [ 0.0, 0.0, 1.5, 1.5 ] },
																						"east": { "texture": "#saddlecolor", "uv": [ 0.0, 0.0, 1.5, 1.5 ] },
																						"south": { "texture": "#saddlecolor", "uv": [ 0.0, 0.0, 1.5, 1.5 ] },
																						"west": { "texture": "#saddlecolor", "uv": [ 0.0, 0.0, 1.5, 1.5 ] },
																						"up": { "texture": "#saddlecolor", "uv": [ 0.0, 0.0, 1.5, 1.5 ] },
																						"down": { "texture": "#saddlecolor", "uv": [ 0.0, 0.0, 1.5, 1.5 ] }
																					}
																				}
																			]
																		},
																		{
																			"name": "Endcap5",
																			"from": [ -29.6, 3.7, -0.3 ],
																			"to": [ -27.9, 5.6, 1.3 ],
																			"rotationOrigin": [ -29.6, 3.7, -0.3 ],
																			"rotationZ": -13.5,
																			"faces": {
																				"north": { "texture": "#saddlecolor", "uv": [ 0.0, 0.0, 1.5, 1.5 ] },
																				"east": { "texture": "#saddlecolor", "uv": [ 0.0, 0.0, 1.5, 1.5 ] },
																				"south": { "texture": "#saddlecolor", "uv": [ 0.0, 0.0, 1.5, 1.5 ] },
																				"west": { "texture": "#saddlecolor", "uv": [ 0.0, 0.0, 1.5, 1.5 ] },
																				"up": { "texture": "#saddlecolor", "uv": [ 0.0, 0.0, 1.5, 1.5 ] },
																				"down": { "texture": "#saddlecolor", "uv": [ 0.0, 0.0, 1.5, 1.5 ] }
																			},
																			"children": [
																				{
																					"name": "Endcap6",
																					"from": [ 0.0, 0.0, -16.0 ],
																					"to": [ 1.7, 1.9, -14.4 ],
																					"rotationOrigin": [ 0.0, 0.0, -16.0 ],
																					"faces": {
																						"north": { "texture": "#saddlecolor", "uv": [ 0.0, 0.0, 1.5, 1.5 ] },
																						"east": { "texture": "#saddlecolor", "uv": [ 0.0, 0.0, 1.5, 1.5 ] },
																						"south": { "texture": "#saddlecolor", "uv": [ 0.0, 0.0, 1.5, 1.5 ] },
																						"west": { "texture": "#saddlecolor", "uv": [ 0.0, 0.0, 1.5, 1.5 ] },
																						"up": { "texture": "#saddlecolor", "uv": [ 0.0, 0.0, 1.5, 1.5 ] },
																						"down": { "texture": "#saddlecolor", "uv": [ 0.0, 0.0, 1.5, 1.5 ] }
																					}
																				}
																			]
																		}
																	]
																}
															]
														},
														{
															"name": "rope21",
															"from": [ 11.8, 0.0, 0.1 ],
															"to": [ 13.8, 1.0, 0.9 ],
															"rotationOrigin": [ 11.8, 0.0, 0.1 ],
															"rotationZ": -76.0,
															"faces": {
																"north": { "texture": "#mordant", "uv": [ 0.0, 0.0, 2.0, 1.0 ] },
																"east": { "texture": "#mordant", "uv": [ 0.0, 0.0, 0.5, 1.0 ] },
																"south": { "texture": "#mordant", "uv": [ 0.0, 0.0, 2.0, 1.0 ] },
																"west": { "texture": "#mordant", "uv": [ 0.0, 0.0, 0.5, 1.0 ] },
																"up": { "texture": "#mordant", "uv": [ 0.0, 0.0, 2.0, 0.5 ] },
																"down": { "texture": "#mordant", "uv": [ 0.0, 0.0, 2.0, 0.5 ] }
															},
															"children": [
																{
																	"name": "rope24",
																	"from": [ 2.0, 0.0, -0.4 ],
																	"to": [ 3.1, 1.4, 1.0 ],
																	"rotationOrigin": [ 2.0, 0.0, -0.4 ],
																	"rotationZ": -8.0,
																	"faces": {
																		"north": { "texture": "#mordant", "uv": [ 0.0, 0.0, 1.0, 1.0 ] },
																		"east": { "texture": "#mordant", "uv": [ 0.0, 0.0, 1.0, 1.0 ] },
																		"south": { "texture": "#mordant", "uv": [ 0.0, 0.0, 1.0, 1.0 ] },
																		"west": { "texture": "#mordant", "uv": [ 0.0, 0.0, 1.0, 1.0 ] },
																		"up": { "texture": "#mordant", "uv": [ 0.0, 0.0, 1.0, 1.0 ] },
																		"down": { "texture": "#mordant", "uv": [ 0.0, 0.0, 1.0, 1.0 ] }
																	}
																}
															]
														}
													]
												},
												{
													"name": "rope23",
													"from": [ 6.07, 0.8371, 0.1 ],
													"to": [ 12.07, 1.8371, 0.9 ],
													"rotationOrigin": [ 6.0708, 0.8371, 0.1 ],
													"rotationZ": -108.0,
													"faces": {
														"north": { "texture": "#mordant", "uv": [ 0.0, 0.0, 6.0, 1.0 ] },
														"east": { "texture": "#mordant", "uv": [ 0.0, 0.0, 0.5, 1.0 ] },
														"south": { "texture": "#mordant", "uv": [ 0.0, 0.0, 6.0, 1.0 ] },
														"west": { "texture": "#mordant", "uv": [ 0.0, 0.0, 0.5, 1.0 ] },
														"up": { "texture": "#mordant", "uv": [ 0.0, 0.0, 6.0, 0.5 ] },
														"down": { "texture": "#mordant", "uv": [ 0.0, 0.0, 6.0, 0.5 ] }
													},
													"children": [
														{
															"name": "rope26",
															"from": [ 5.3, -0.2, -0.4 ],
															"to": [ 6.4, 1.2, 1.0 ],
															"rotationOrigin": [ 5.3, -0.2, -0.4 ],
															"rotationZ": 26.0,
															"faces": {
																"north": { "texture": "#mordant", "uv": [ 0.0, 0.0, 1.0, 1.0 ] },
																"east": { "texture": "#mordant", "uv": [ 0.0, 0.0, 1.0, 1.0 ] },
																"south": { "texture": "#mordant", "uv": [ 0.0, 0.0, 1.0, 1.0 ] },
																"west": { "texture": "#mordant", "uv": [ 0.0, 0.0, 1.0, 1.0 ] },
																"up": { "texture": "#mordant", "uv": [ 0.0, 0.0, 1.0, 1.0 ] },
																"down": { "texture": "#mordant", "uv": [ 0.0, 0.0, 1.0, 1.0 ] }
															}
														},
														{
															"name": "rope29",
															"from": [ -0.5899, 0.8061, 0.0 ],
															"to": [ 5.4101, 1.8061, 0.8 ],
															"rotationOrigin": [ -0.5891, 1.8061, 0.0 ],
															"rotationZ": 40.0,
															"faces": {
																"north": { "texture": "#mordant", "uv": [ 0.0, 0.0, 6.0, 1.0 ] },
																"east": { "texture": "#mordant", "uv": [ 0.0, 0.0, 0.5, 1.0 ] },
																"south": { "texture": "#mordant", "uv": [ 0.0, 0.0, 6.0, 1.0 ] },
																"west": { "texture": "#mordant", "uv": [ 0.0, 0.0, 0.5, 1.0 ] },
																"up": { "texture": "#mordant", "uv": [ 0.0, 0.0, 6.0, 0.5 ] },
																"down": { "texture": "#mordant", "uv": [ 0.0, 0.0, 6.0, 0.5 ] }
															},
															"children": [
																{
																	"name": "rope30",
																	"from": [ 4.2, -0.2, -0.4 ],
																	"to": [ 5.3, 1.2, 1.0 ],
																	"rotationOrigin": [ 4.2, -0.2, -0.4 ],
																	"rotationZ": -13.0,
																	"faces": {
																		"north": { "texture": "#mordant", "uv": [ 0.0, 0.0, 1.0, 1.0 ] },
																		"east": { "texture": "#mordant", "uv": [ 0.0, 0.0, 1.0, 1.0 ] },
																		"south": { "texture": "#mordant", "uv": [ 0.0, 0.0, 1.0, 1.0 ] },
																		"west": { "texture": "#mordant", "uv": [ 0.0, 0.0, 1.0, 1.0 ] },
																		"up": { "texture": "#mordant", "uv": [ 0.0, 0.0, 1.0, 1.0 ] },
																		"down": { "texture": "#mordant", "uv": [ 0.0, 0.0, 1.0, 1.0 ] }
																	}
																}
															]
														}
													]
												},
												{
													"name": "rope27",
													"from": [ 6.07, 0.84, -15.9 ],
													"to": [ 12.07, 1.84, -15.1 ],
													"rotationOrigin": [ 6.0708, 0.8371, -15.9 ],
													"rotationZ": -108.0,
													"faces": {
														"north": { "texture": "#mordant", "uv": [ 0.0, 0.0, 6.0, 1.0 ] },
														"east": { "texture": "#mordant", "uv": [ 0.0, 0.0, 0.5, 1.0 ] },
														"south": { "texture": "#mordant", "uv": [ 0.0, 0.0, 6.0, 1.0 ] },
														"west": { "texture": "#mordant", "uv": [ 0.0, 0.0, 0.5, 1.0 ] },
														"up": { "texture": "#mordant", "uv": [ 0.0, 0.0, 6.0, 0.5 ] },
														"down": { "texture": "#mordant", "uv": [ 0.0, 0.0, 6.0, 0.5 ] }
													},
													"children": [
														{
															"name": "rope28",
															"from": [ 5.3, -0.2, -0.4 ],
															"to": [ 6.4, 1.2, 1.0 ],
															"rotationOrigin": [ 5.3, -0.2, -0.4 ],
															"rotationZ": 26.0,
															"faces": {
																"north": { "texture": "#mordant", "uv": [ 0.0, 0.0, 1.0, 1.0 ] },
																"east": { "texture": "#mordant", "uv": [ 0.0, 0.0, 1.0, 1.0 ] },
																"south": { "texture": "#mordant", "uv": [ 0.0, 0.0, 1.0, 1.0 ] },
																"west": { "texture": "#mordant", "uv": [ 0.0, 0.0, 1.0, 1.0 ] },
																"up": { "texture": "#mordant", "uv": [ 0.0, 0.0, 1.0, 1.0 ] },
																"down": { "texture": "#mordant", "uv": [ 0.0, 0.0, 1.0, 1.0 ] }
															}
														},
														{
															"name": "rope31",
															"from": [ -0.5899, 0.8061, 0.0 ],
															"to": [ 5.4101, 1.8061, 0.8 ],
															"rotationOrigin": [ -0.5891, 1.8061, 0.0 ],
															"rotationZ": 40.0,
															"faces": {
																"north": { "texture": "#mordant", "uv": [ 0.0, 0.0, 6.0, 1.0 ] },
																"east": { "texture": "#mordant", "uv": [ 0.0, 0.0, 0.5, 1.0 ] },
																"south": { "texture": "#mordant", "uv": [ 0.0, 0.0, 6.0, 1.0 ] },
																"west": { "texture": "#mordant", "uv": [ 0.0, 0.0, 0.5, 1.0 ] },
																"up": { "texture": "#mordant", "uv": [ 0.0, 0.0, 6.0, 0.5 ] },
																"down": { "texture": "#mordant", "uv": [ 0.0, 0.0, 6.0, 0.5 ] }
															},
															"children": [
																{
																	"name": "rope32",
																	"from": [ 4.2, -0.2, -0.4 ],
																	"to": [ 5.3, 1.2, 1.0 ],
																	"rotationOrigin": [ 4.2, -0.2, -0.4 ],
																	"rotationZ": -13.0,
																	"faces": {
																		"north": { "texture": "#mordant", "uv": [ 0.0, 0.0, 1.0, 1.0 ] },
																		"east": { "texture": "#mordant", "uv": [ 0.0, 0.0, 1.0, 1.0 ] },
																		"south": { "texture": "#mordant", "uv": [ 0.0, 0.0, 1.0, 1.0 ] },
																		"west": { "texture": "#mordant", "uv": [ 0.0, 0.0, 1.0, 1.0 ] },
																		"up": { "texture": "#mordant", "uv": [ 0.0, 0.0, 1.0, 1.0 ] },
																		"down": { "texture": "#mordant", "uv": [ 0.0, 0.0, 1.0, 1.0 ] }
																	}
																}
															]
														}
													]
												}
											]
										}
									]
								},
								{
									"name": "rope13",
									"from": [ 0.0, -0.7, 18.0 ],
									"to": [ 12.0, 0.3, 19.0 ],
									"rotationOrigin": [ 0.0, 0.3, 18.0 ],
									"rotationY": -180.0,
									"rotationZ": -10.0,
									"faces": {
										"north": { "texture": "#mordant", "uv": [ 0.0, 0.0, 12.0, 1.0 ] },
										"east": { "texture": "#mordant", "uv": [ 0.0, 0.0, 1.0, 1.0 ] },
										"south": { "texture": "#mordant", "uv": [ 0.0, 0.0, 12.0, 1.0 ] },
										"west": { "texture": "#mordant", "uv": [ 0.0, 0.0, 1.0, 1.0 ] },
										"up": { "texture": "#mordant", "uv": [ 0.0, 0.0, 12.0, 1.0 ] },
										"down": { "texture": "#mordant", "uv": [ 0.0, 0.0, 12.0, 1.0 ] }
									},
									"children": [
										{
											"name": "rope14",
											"from": [ 12.0, 0.0, 0.0 ],
											"to": [ 24.0, 1.0, 1.0 ],
											"rotationOrigin": [ 12.0, 0.0, 0.0 ],
											"rotationZ": 3.0,
											"faces": {
												"north": { "texture": "#mordant", "uv": [ 0.0, 0.0, 12.0, 1.0 ] },
												"east": { "texture": "#mordant", "uv": [ 0.0, 0.0, 1.0, 1.0 ] },
												"south": { "texture": "#mordant", "uv": [ 0.0, 0.0, 12.0, 1.0 ] },
												"west": { "texture": "#mordant", "uv": [ 0.0, 0.0, 1.0, 1.0 ] },
												"up": { "texture": "#mordant", "uv": [ 0.0, 0.0, 12.0, 1.0 ] },
												"down": { "texture": "#mordant", "uv": [ 0.0, 0.0, 12.0, 1.0 ] }
											},
											"children": [
												{
													"name": "rope15",
													"from": [ 12.0, 0.0, 0.0 ],
													"to": [ 24.0, 1.0, 1.0 ],
													"rotationOrigin": [ 12.0, 0.0, 0.0 ],
													"rotationZ": 4.0,
													"faces": {
														"north": { "texture": "#mordant", "uv": [ 0.0, 0.0, 12.0, 1.0 ] },
														"east": { "texture": "#mordant", "uv": [ 0.0, 0.0, 1.0, 1.0 ] },
														"south": { "texture": "#mordant", "uv": [ 0.0, 0.0, 12.0, 1.0 ] },
														"west": { "texture": "#mordant", "uv": [ 0.0, 0.0, 1.0, 1.0 ] },
														"up": { "texture": "#mordant", "uv": [ 0.0, 0.0, 12.0, 1.0 ] },
														"down": { "texture": "#mordant", "uv": [ 0.0, 0.0, 12.0, 1.0 ] }
													},
													"children": [
														{
															"name": "rope16",
															"from": [ 12.0, 0.0, 0.0 ],
															"to": [ 24.0, 1.0, 1.0 ],
															"rotationOrigin": [ 12.0, 0.0, 0.0 ],
															"rotationZ": 4.0,
															"faces": {
																"north": { "texture": "#mordant", "uv": [ 0.0, 0.0, 12.0, 1.0 ] },
																"east": { "texture": "#mordant", "uv": [ 0.0, 0.0, 1.0, 1.0 ] },
																"south": { "texture": "#mordant", "uv": [ 0.0, 0.0, 12.0, 1.0 ] },
																"west": { "texture": "#mordant", "uv": [ 0.0, 0.0, 1.0, 1.0 ] },
																"up": { "texture": "#mordant", "uv": [ 0.0, 0.0, 12.0, 1.0 ] },
																"down": { "texture": "#mordant", "uv": [ 0.0, 0.0, 12.0, 1.0 ] }
															},
															"children": [
																{
																	"name": "rope17",
																	"from": [ 12.0, 0.0, 0.0 ],
																	"to": [ 22.0, 1.0, 1.0 ],
																	"rotationOrigin": [ 12.0, 0.0, 0.0 ],
																	"rotationZ": 5.0,
																	"faces": {
																		"north": { "texture": "#mordant", "uv": [ 0.0, 0.0, 10.0, 1.0 ] },
																		"east": { "texture": "#mordant", "uv": [ 0.0, 0.0, 1.0, 1.0 ] },
																		"south": { "texture": "#mordant", "uv": [ 0.0, 0.0, 10.0, 1.0 ] },
																		"west": { "texture": "#mordant", "uv": [ 0.0, 0.0, 1.0, 1.0 ] },
																		"up": { "texture": "#mordant", "uv": [ 0.0, 0.0, 10.0, 1.0 ] },
																		"down": { "texture": "#mordant", "uv": [ 0.0, 0.0, 10.0, 1.0 ] }
																	},
																	"children": [
																		{
																			"name": "rope18",
																			"from": [ 10.0, 0.0, 0.0 ],
																			"to": [ 16.0, 1.0, 1.0 ],
																			"rotationOrigin": [ 10.0, 0.0, 0.0 ],
																			"rotationZ": 6.0,
																			"faces": {
																				"north": { "texture": "#mordant", "uv": [ 0.0, 0.0, 6.0, 1.0 ] },
																				"east": { "texture": "#mordant", "uv": [ 0.0, 0.0, 1.0, 1.0 ] },
																				"south": { "texture": "#mordant", "uv": [ 0.0, 0.0, 6.0, 1.0 ] },
																				"west": { "texture": "#mordant", "uv": [ 0.0, 0.0, 1.0, 1.0 ] },
																				"up": { "texture": "#mordant", "uv": [ 0.0, 0.0, 6.0, 1.0 ] },
																				"down": { "texture": "#mordant", "uv": [ 0.0, 0.0, 6.0, 1.0 ] }
																			}
																		}
																	]
																},
																{
																	"name": "rope22",
																	"from": [ -0.2, 0.0, 0.1 ],
																	"to": [ 1.8, 1.0, 0.9 ],
																	"rotationOrigin": [ -0.2, 0.0, 0.1 ],
																	"rotationZ": -80.0,
																	"faces": {
																		"north": { "texture": "#mordant", "uv": [ 0.0, 0.0, 2.0, 1.0 ] },
																		"east": { "texture": "#mordant", "uv": [ 0.0, 0.0, 0.5, 1.0 ] },
																		"south": { "texture": "#mordant", "uv": [ 0.0, 0.0, 2.0, 1.0 ] },
																		"west": { "texture": "#mordant", "uv": [ 0.0, 0.0, 0.5, 1.0 ] },
																		"up": { "texture": "#mordant", "uv": [ 0.0, 0.0, 2.0, 0.5 ] },
																		"down": { "texture": "#mordant", "uv": [ 0.0, 0.0, 2.0, 0.5 ] }
																	},
																	"children": [
																		{
																			"name": "rope25",
																			"from": [ 2.0, 0.0, -0.4 ],
																			"to": [ 3.1, 1.4, 1.0 ],
																			"rotationOrigin": [ 2.0, 0.0, -0.4 ],
																			"rotationZ": -8.0,
																			"faces": {
																				"north": { "texture": "#mordant", "uv": [ 0.0, 0.0, 1.0, 1.0 ] },
																				"east": { "texture": "#mordant", "uv": [ 0.0, 0.0, 1.0, 1.0 ] },
																				"south": { "texture": "#mordant", "uv": [ 0.0, 0.0, 1.0, 1.0 ] },
																				"west": { "texture": "#mordant", "uv": [ 0.0, 0.0, 1.0, 1.0 ] },
																				"up": { "texture": "#mordant", "uv": [ 0.0, 0.0, 1.0, 1.0 ] },
																				"down": { "texture": "#mordant", "uv": [ 0.0, 0.0, 1.0, 1.0 ] }
																			}
																		}
																	]
																}
															]
														}
													]
												}
											]
										},
										{
											"name": "rope34",
											"from": [ -0.78, -0.6, 11.56 ],
											"to": [ -0.78, -0.6, 11.56 ],
											"rotationOrigin": [ -0.7773, -0.6002, 11.5608 ],
											"rotationZ": -23.0,
											"faces": {
												"north": { "texture": "#mordant", "uv": [ 0.0, 0.0, 0.5, 0.5 ] },
												"east": { "texture": "#mordant", "uv": [ 0.0, 0.0, 0.5, 0.5 ] },
												"south": { "texture": "#mordant", "uv": [ 0.0, 0.0, 0.5, 0.5 ] },
												"west": { "texture": "#mordant", "uv": [ 0.0, 0.0, 0.5, 0.5 ] },
												"up": { "texture": "#mordant", "uv": [ 0.0, 0.0, 0.5, 0.5 ] },
												"down": { "texture": "#mordant", "uv": [ 0.0, 0.0, 0.5, 0.5 ] }
											},
											"children": [
												{
													"name": "rope20",
													"from": [ 0.0, 0.0, 0.0 ],
													"to": [ 6.0, 1.0, 1.0 ],
													"rotationOrigin": [ 0.0, 0.0, 0.0 ],
													"rotationX": -90.0,
													"rotationY": 56.0,
													"rotationZ": 90.0,
													"faces": {
														"north": { "texture": "#mordant", "uv": [ 0.0, 0.0, 6.0, 1.0 ] },
														"east": { "texture": "#mordant", "uv": [ 0.0, 0.0, 1.0, 1.0 ] },
														"south": { "texture": "#mordant", "uv": [ 0.0, 0.0, 6.0, 1.0 ] },
														"west": { "texture": "#mordant", "uv": [ 0.0, 0.0, 1.0, 1.0 ] },
														"up": { "texture": "#mordant", "uv": [ 0.0, 0.0, 6.0, 1.0 ] },
														"down": { "texture": "#mordant", "uv": [ 0.0, 0.0, 6.0, 1.0 ] }
													},
													"children": [
														{
															"name": "rope33",
															"from": [ 6.0, 0.0, 0.0 ],
															"to": [ 10.0, 1.0, 1.0 ],
															"rotationOrigin": [ 6.0, 0.0, 0.0 ],
															"rotationZ": 10.0,
															"faces": {
																"north": { "texture": "#mordant", "uv": [ 0.0, 0.0, 4.0, 1.0 ] },
																"east": { "texture": "#mordant", "uv": [ 0.0, 0.0, 1.0, 1.0 ] },
																"south": { "texture": "#mordant", "uv": [ 0.0, 0.0, 4.0, 1.0 ] },
																"west": { "texture": "#mordant", "uv": [ 0.0, 0.0, 1.0, 1.0 ] },
																"up": { "texture": "#mordant", "uv": [ 0.0, 0.0, 4.0, 1.0 ] },
																"down": { "texture": "#mordant", "uv": [ 0.0, 0.0, 4.0, 1.0 ] }
															},
															"children": [
																{
																	"name": "rope19",
																	"from": [ -9.6676, 2.41, 0.0 ],
																	"to": [ -5.6676, 3.41, 1.0 ],
																	"rotationOrigin": [ -9.6676, 2.41, 0.0 ],
																	"rotationX": 0.0,
																	"rotationY": 0.0,
																	"rotationZ": -20.0,
																	"faces": {
																		"north": { "texture": "#mordant", "uv": [ 0.0, 0.0, 4.0, 1.0 ] },
																		"east": { "texture": "#mordant", "uv": [ 0.0, 0.0, 1.0, 1.0 ] },
																		"south": { "texture": "#mordant", "uv": [ 0.0, 0.0, 4.0, 1.0 ] },
																		"west": { "texture": "#mordant", "uv": [ 0.0, 0.0, 1.0, 1.0 ] },
																		"up": { "texture": "#mordant", "uv": [ 0.0, 0.0, 4.0, 1.0 ] },
																		"down": { "texture": "#mordant", "uv": [ 0.0, 0.0, 4.0, 1.0 ] }
																	}
																}
															]
														}
													]
												}
											]
										}
									]
								}
							]
						}
					]
				}
			]
		}
	]}