{
    "angledgears-s": {
        "Enabled": true,
        "Comment": "",
        "MorePilesProperties": {
            "FixPlacement": true,
            "ForceReplaceBehavior": true
        },
        "CtrlKey": true,
        "UpSolid": false,
        "BulkTransferQuantity": 4,
        "TransferQuantity": 1,
        "StackingCapacity": 8,
        "StackingModel": "morepiles:angledgearpile_4",
        "CbScaleYByLayer": 1, // 8 / StackingCapacity,
        "CollisionBox": { "x1": 0.1875, "y1": 0, "z1": 0.1875, "x2": 0.8215, "y2": 0.125, "z2": 0.8215 },
        "PlaceRemoveSound": "game:block/stickplace"
    },
    "woodenaxle-ud": {
        "Enabled": true,
        "Comment": "",
        "MorePilesProperties": {
            "FixPlacement": true,
            "ForceReplaceBehavior": true
        },
        "CtrlKey": true,
        "UpSolid": false,
        "BulkTransferQuantity": 4,
        "TransferQuantity": 1,
        "StackingCapacity": 16,
        "StackingModel": "morepiles:axlepile_16",
        "CbScaleYByLayer": 0.25, // 4 / StackingCapacity,
        "CollisionBox": { "x1": 0, "y1": 0, "z1": 0, "x2": 1, "y2": 0.25, "z2": 1 },
        "PlaceRemoveSound": "game:block/stickplace"
    },
    "torchholder-*-empty-north": {
        "Enabled": true,
        "Comment": "",
        "MorePilesProperties": {
            "FixPlacement": true,
            "ForceReplaceBehavior": true
        },
        "CtrlKey": true,
        "UpSolid": false,
        "BulkTransferQuantity": 2,
        "TransferQuantity": 1,
        "StackingCapacity": 8,
        "StackingModel": "morepiles:torchholderpile_8",
        "CbScaleYByLayer": 0.5, // 4 / StackingCapacity,
        "CollisionBox": { "x1": 0.188, "y1": 0, "z1": 0.188, "x2": 0.812, "y2": 0.25, "z2": 0.812 },
        "PlaceRemoveSound": "game:block/ingot"
    },
    "woodenfencegate-*-n-closed-left-free": {
        "Enabled": true,
        "Comment": "",
        "MorePilesProperties": {
            "FixPlacement": true,
            "ForceReplaceBehavior": true
        },
        "CtrlKey": true,
        "UpSolid": false,
        "BulkTransferQuantity": 8,
        "TransferQuantity": 1,
        "StackingCapacity": 64,
        "StackingModel": "morepiles:woodenfencegatepile_8",
        "CbScaleYByLayer": 0.125, // 8 / StackingCapacity,
        "CollisionBox": { "x1": 0.125, "y1": 0, "z1": 0.125, "x2": 0.875, "y2": 0.125, "z2": 0.875 },
        "PlaceRemoveSound": "game:block/planks",
        "ModelItemsToStackSizeRatio": 5
    },
    "woodenfence-*-ew-free": {
        "Enabled": true,
        "Comment": "",
        "MorePilesProperties": {
            "FixPlacement": true,
            "ForceReplaceBehavior": true
        },
        "CtrlKey": true,
        "UpSolid": false,
        "BulkTransferQuantity": 8,
        "TransferQuantity": 1,
        "StackingCapacity": 64,
        "StackingModel": "morepiles:woodenfencepile_8",
        "CbScaleYByLayer": 0.125, // 8 / StackingCapacity,
        "CollisionBox": { "x1": 0.125, "y1": 0, "z1": 0.125, "x2": 0.875, "y2": 0.125, "z2": 0.875 },
        "PlaceRemoveSound": "game:block/planks",
        "ModelItemsToStackSizeRatio": 5
    },
    "trapdoor-closed-up-north": {
        "Enabled": true,
        "Comment": "",
        "MorePilesProperties": {
            "FixPlacement": true,
            "ForceReplaceBehavior": true
        },
        "CtrlKey": true,
        "UpSolid": false,
        "BulkTransferQuantity": 8,
        "TransferQuantity": 1,
        "StackingCapacity": 64,
        "StackingModel": "morepiles:trapdoorpile_8",
        "CbScaleYByLayer": 0.125, // 8 / StackingCapacity,
        "CollisionBox": { "x1": 0.125, "y1": 0, "z1": 0.125, "x2": 0.875, "y2": 0.125, "z2": 0.875 },
        "PlaceRemoveSound": "game:block/planks",
        "ModelItemsToStackSizeRatio": 5
    },
    "vanvar:trapdoor-*-closed-up-north": {
        "Enabled": true,
        "Comment": "",
        "MorePilesProperties": {
            "FixPlacement": true,
            "ForceReplaceBehavior": true
        },
        "CtrlKey": true,
        "UpSolid": false,
        "BulkTransferQuantity": 8,
        "TransferQuantity": 1,
        "StackingCapacity": 64,
        "StackingModel": "morepiles:trapdoorpile_8",
        "CbScaleYByLayer": 0.125, // 8 / StackingCapacity,
        "CollisionBox": { "x1": 0.125, "y1": 0, "z1": 0.125, "x2": 0.875, "y2": 0.125, "z2": 0.875 },
        "PlaceRemoveSound": "game:block/planks",
        "ModelItemsToStackSizeRatio": 5
    },
    "toolrack-north": {
        "Enabled": true,
        "Comment": "",
        "MorePilesProperties": {
            "FixPlacement": true,
            "ForceReplaceBehavior": true
        },
        "CtrlKey": true,
        "UpSolid": false,
        "BulkTransferQuantity": 8,
        "TransferQuantity": 1,
        "StackingCapacity": 64,
        "StackingModel": "morepiles:toolrackpile_16",
        "CbScaleYByLayer": 0.125, // 8 / StackingCapacity,
        "CollisionBox": { "x1": 0.1565, "y1": 0, "z1": 0.1565, "x2": 0.8435, "y2": 0.125, "z2": 0.8435 },
        "PlaceRemoveSound": "game:block/planks",
        "ModelItemsToStackSizeRatio": 5
    },
    "vanvar:toolrack-*-north": {
        "Enabled": true,
        "Comment": "",
        "MorePilesProperties": {
            "FixPlacement": true,
            "ForceReplaceBehavior": true
        },
        "CtrlKey": true,
        "UpSolid": false,
        "BulkTransferQuantity": 8,
        "TransferQuantity": 1,
        "StackingCapacity": 64,
        "StackingModel": "morepiles:toolrackpile_16",
        "CbScaleYByLayer": 0.125, // 8 / StackingCapacity,
        "CollisionBox": { "x1": 0.1565, "y1": 0, "z1": 0.1565, "x2": 0.8435, "y2": 0.125, "z2": 0.8435 },
        "PlaceRemoveSound": "game:block/planks",
        "ModelItemsToStackSizeRatio": 5
    },
    "sign-ground-north": {
        "Enabled": true,
        "Comment": "",
        "MorePilesProperties": {
            "FixPlacement": true,
            "ForceReplaceBehavior": true
        },
        "CtrlKey": true,
        "UpSolid": false,
        "BulkTransferQuantity": 8,
        "TransferQuantity": 1,
        "StackingCapacity": 64,
        "StackingModel": "morepiles:signpile_8",
        "CbScaleYByLayer": 0.125, // 8 / StackingCapacity,
        "CollisionBox": { "x1": 0.125, "y1": 0, "z1": 0.125, "x2": 0.875, "y2": 0.125, "z2": 0.875 },
        "PlaceRemoveSound": "game:block/planks",
        "ModelItemsToStackSizeRatio": 5 // 320 / StackingCapacity
    },
    "vanvar:sign-*-ground-north": {
        "Enabled": true,
        "Comment": "",
        "MorePilesProperties": {
            "FixPlacement": true,
            "ForceReplaceBehavior": true
        },
        "CtrlKey": true,
        "UpSolid": false,
        "BulkTransferQuantity": 8,
        "TransferQuantity": 1,
        "StackingCapacity": 64,
        "StackingModel": "morepiles:signpile_8",
        "CbScaleYByLayer": 0.125, // 8 / StackingCapacity,
        "CollisionBox": { "x1": 0.125, "y1": 0, "z1": 0.125, "x2": 0.875, "y2": 0.125, "z2": 0.875 },
        "PlaceRemoveSound": "game:block/planks",
        "ModelItemsToStackSizeRatio": 5 // 320 / StackingCapacity
    },
    "drystonefence-*-ew-free": {
        "Enabled": true,
        "Comment": "",
        "MorePilesProperties": {
            "FixPlacement": true,
            "ForceReplaceBehavior": true
        },
        "CtrlKey": true,
        "UpSolid": false,
        "BulkTransferQuantity": 8,
        "TransferQuantity": 1,
        "StackingCapacity": 64,
        "StackingModel": "morepiles:drystonefencepile_8",
        "CbScaleYByLayer": 0.0625, // 4 / StackingCapacity,
        "CollisionBox": { "x1": 0.25, "y1": 0, "z1": 0.25, "x2": 0.75, "y2": 0.25, "z2": 0.75 },
        "PlaceRemoveSound": "game:block/loosestone1",
        "ModelItemsToStackSizeRatio": 2 // should be 104 / StackingCapacity = 1.625
    },
    "ironfence-base-ew": {
        "Enabled": true,
        "Comment": "",
        "MorePilesProperties": {
            "FixPlacement": true,
            "ForceReplaceBehavior": true
        },
        "CtrlKey": true,
        "UpSolid": false,
        "BulkTransferQuantity": 8,
        "TransferQuantity": 1,
        "StackingCapacity": 64,
        "StackingModel": "morepiles:ironfencepile-base",
        "CbScaleYByLayer": 0.25, // 16 / StackingCapacity,
        "CollisionBox": { "x1": 0.0625, "y1": 0, "z1": 0.0625, "x2": 0.9375, "y2": 0.0625, "z2": 0.9375 },
        "PlaceRemoveSound": "game:block/ingot",
        "ModelItemsToStackSizeRatio": 2 // should be 112 / StackingCapacity = 1.75
    },
    "ironfence-top-ew": {
        "Enabled": true,
        "Comment": "",
        "MorePilesProperties": {
            "FixPlacement": true,
            "ForceReplaceBehavior": true
        },
        "CtrlKey": true,
        "UpSolid": false,
        "BulkTransferQuantity": 8,
        "TransferQuantity": 1,
        "StackingCapacity": 64,
        "StackingModel": "morepiles:ironfencepile-top",
        "CbScaleYByLayer": 0.25, // 16 / StackingCapacity,
        "CollisionBox": { "x1": 0.0625, "y1": 0, "z1": 0.0625, "x2": 0.9375, "y2": 0.0625, "z2": 0.9375 },
        "PlaceRemoveSound": "game:block/ingot",
        "ModelItemsToStackSizeRatio": 3 // should be 160 / StackingCapacity = 2.5
    },
    "ladder-wood-north": {
        "Enabled": true,
        "Comment": "Wooden ladder (vanilla)",
        "MorePilesProperties": {
            "FixPlacement": true,
            "ForceReplaceBehavior": true
        },
        "CtrlKey": true,
        "UpSolid": false,
        "BulkTransferQuantity": 8,
        "TransferQuantity": 1,
        "StackingCapacity": 64,
        "StackingModel": "morepiles:ladderpile-wood_8",
        "CbScaleYByLayer": 0.125, // 8 / StackingCapacity,
        "CollisionBox": { "x1": 0.125, "y1": 0, "z1": 0.125, "x2": 0.875, "y2": 0.125, "z2": 0.875 },
        "PlaceRemoveSound": "game:block/planks",
        "ModelItemsToStackSizeRatio": 5 // should be 320 / StackingCapacity = 5
    },
    "ladder-rope-north": {
        "Enabled": true,
        "Comment": "Rope ladder (vanilla)",
        "MorePilesProperties": {
            "FixPlacement": true,
            "ForceReplaceBehavior": true
        },
        "CtrlKey": true,
        "UpSolid": false,
        "BulkTransferQuantity": 8,
        "TransferQuantity": 1,
        "StackingCapacity": 64,
        "StackingModel": "morepiles:ladderpile-rope_8",
        "CbScaleYByLayer": 0.125, // 8 / StackingCapacity,
        "CollisionBox": { "x1": 0.125, "y1": 0, "z1": 0.125, "x2": 0.875, "y2": 0.125, "z2": 0.875 },
        "PlaceRemoveSound": "game:block/planks",
        "ModelItemsToStackSizeRatio": 11 // should be 704 / StackingCapacity = 11
    },
    "vanvar:ladder-*-north": {
        "Enabled": true,
        "Comment": "Wooden ladder (Vanilla Variants mod)",
        "MorePilesProperties": {
            "FixPlacement": true,
            "ForceReplaceBehavior": true
        },
        "CtrlKey": true,
        "UpSolid": false,
        "BulkTransferQuantity": 8,
        "TransferQuantity": 1,
        "StackingCapacity": 64,
        "StackingModel": "morepiles:ladderpile-wood_8",
        "CbScaleYByLayer": 0.125, // 8 / StackingCapacity,
        "CollisionBox": { "x1": 0.125, "y1": 0, "z1": 0.125, "x2": 0.875, "y2": 0.125, "z2": 0.875 },
        "PlaceRemoveSound": "game:block/planks",
        "ModelItemsToStackSizeRatio": 5 // should be 320 / StackingCapacity = 5
    },
    "henbox-empty": {
        "Enabled": true,
        "Comment": "Henbox (vanilla)",
        "MorePilesProperties": {
            "FixPlacement": true,
            "ForceReplaceBehavior": true
        },
        "CtrlKey": true,
        "UpSolid": false,
        "BulkTransferQuantity": 8,
        "TransferQuantity": 1,
        "StackingCapacity": 64,
        "StackingModel": "morepiles:henboxpile_4",
        "CbScaleYByLayer": 0.0625, // 4 / StackingCapacity,
        "CollisionBox": { "x1": 0.0625, "y1": 0, "z1": 0.0625, "x2": 0.9375, "y2": 0.25, "z2": 0.9375 },
        "PlaceRemoveSound": "game:block/planks",
        "ModelItemsToStackSizeRatio": 5 // should be 320 / StackingCapacity = 5
    },
    "vanvar:henbox-*-empty": {
        "Enabled": true,
        "Comment": "Henbox (Vanilla Variants mod)",
        "MorePilesProperties": {
            "FixPlacement": true,
            "ForceReplaceBehavior": true
        },
        "CtrlKey": true,
        "UpSolid": false,
        "BulkTransferQuantity": 8,
        "TransferQuantity": 1,
        "StackingCapacity": 64,
        "StackingModel": "morepiles:henboxpile_4",
        "CbScaleYByLayer": 0.0625, // 4 / StackingCapacity,
        "CollisionBox": { "x1": 0.0625, "y1": 0, "z1": 0.0625, "x2": 0.9375, "y2": 0.25, "z2": 0.9375 },
        "PlaceRemoveSound": "game:block/planks",
        "ModelItemsToStackSizeRatio": 5 // should be 320 / StackingCapacity = 5
    },

    // // ################################
    // // ### Decor Piles (wallpapers) ###
    // // ################################

    "@wallpaper.*": {
        "Enabled": true,
        "Comment": "Wallpaper (vanilla)",
        "MorePilesProperties": {
            "FixPlacement": true,
            "ForceReplaceBehavior": true
        },
        "CtrlKey": true,
        "UpSolid": false,
        "BulkTransferQuantity": 8,
        "TransferQuantity": 1,
        "StackingCapacity": 64,
        "StackingModel": "morepiles:wallpaperpile_8",
        "StackingTextures": {
            "0": "game:block/wallpaper/{type}",
            "1": "game:block/linen"
        },
        "CbScaleYByLayer": 0.0625, // 4 / StackingCapacity,
        "CollisionBox": { "x1": 0, "y1": 0, "z1": 0, "x2": 1, "y2": 0.25, "z2": 1 },
        "PlaceRemoveSound": "game:block/cloth",
        "ModelItemsToStackSizeRatio": 8 // each element is 20 cubes... 64 / 160 = 0.4
    },

    "@linen.*": {
        "Enabled": true,
        "Comment": "Linen (vanilla)",
        "MorePilesProperties": {
            "FixPlacement": true,
            "ForceReplaceBehavior": true
        },
        "CtrlKey": true,
        "UpSolid": false,
        "BulkTransferQuantity": 8,
        "TransferQuantity": 1,
        "StackingCapacity": 64,
        "StackingModel": "morepiles:wallpaperpile_8",
        "StackingTextures": {
            "0": "game:block/cloth/linen/{pattern}1",
            "1": "game:block/linen"
        },
        "CbScaleYByLayer": 0.0625, // 4 / StackingCapacity,
        "CollisionBox": { "x1": 0, "y1": 0, "z1": 0, "x2": 1, "y2": 0.25, "z2": 1 },
        "PlaceRemoveSound": "game:block/cloth",
        "ModelItemsToStackSizeRatio": 8 // each element is 20 cubes... 64 / 160 = 0.4
    },

    // // ##################
    // // ### Beam Piles ###
    // // ##################

    "supportbeam-tarnishedmetal-copper": {
        "Enabled": true,
        "Comment": "Tarnished copper support beam (vanilla)",
        "MorePilesProperties": {
            "FixPlacement": true,
            "ForceReplaceBehavior": true
        },
        "CtrlKey": true,
        "UpSolid": true,
        "BulkTransferQuantity": 8,
        "TransferQuantity": 2,
        "StackingCapacity": 16,
        "StackingModel": "morepiles:beampile_16",
        "StackingTextures": {
            "wood": "game:block/metal/tarnished/copper1"
        },
        "CbScaleYByLayer": 0.25,
        "CollisionBox": { "x1": 0, "y1": 0, "z1": 0, "x2": 1, "y2": 0.25, "z2": 1 },
        "PlaceRemoveSound": "game:block/planks",
        "ModelItemsToStackSizeRatio": 1
    },
    "supportbeam-tarnishedmetal-*": {
        "Enabled": true,
        "Comment": "Tarnished metal support beam (vanilla)",
        "MorePilesProperties": {
            "FixPlacement": true,
            "ForceReplaceBehavior": true
        },
        "CtrlKey": true,
        "UpSolid": true,
        "BulkTransferQuantity": 8,
        "TransferQuantity": 2,
        "StackingCapacity": 16,
        "StackingModel": "morepiles:beampile_16",
        "StackingTextures": {
            "wood": "game:block/metal/tarnished/{metal}"
        },
        "CbScaleYByLayer": 0.25,
        "CollisionBox": { "x1": 0, "y1": 0, "z1": 0, "x2": 1, "y2": 0.25, "z2": 1 },
        "PlaceRemoveSound": "game:block/planks",
        "ModelItemsToStackSizeRatio": 1
    },
    "supportbeam-*": {
        "Enabled": true,
        "Comment": "Wooden support beam (vanilla)",
        "MorePilesProperties": {
            "FixPlacement": true,
            "ForceReplaceBehavior": true,
            "MatchesShape": "game:block/wood/supportbeam/16"
        },
        "CtrlKey": true,
        "UpSolid": true,
        "BulkTransferQuantity": 8,
        "TransferQuantity": 2,
        "StackingCapacity": 16,
        "StackingModel": "morepiles:beampile_16",
        "StackingTextures": {
            "wood": "game:block/wood/debarked/{wood}"
        },
        "CbScaleYByLayer": 0.25,
        "CollisionBox": { "x1": 0, "y1": 0, "z1": 0, "x2": 1, "y2": 0.25, "z2": 1 },
        "PlaceRemoveSound": "game:block/planks",
        "ModelItemsToStackSizeRatio": 1
    },

    // // ###################
    // // ### Stair Piles ###
    // // ###################

    "plankstairs-*": {
        "Enabled": true,
        "Comment": "Plank stairs (vanilla)",
        "MorePilesProperties": {
            "FixPlacement": true,
            "ForceReplaceBehavior": true
        },
        "CtrlKey": true,
        "UpSolid": true,
        "BulkTransferQuantity": 4,
        "TransferQuantity": 1,
        "StackingCapacity": 64,
        "StackingModel": "morepiles:stairpile_64",
        "StackingTextures": {
            "east": "game:block/wood/planks/{wood}1",
            "south": "game:block/wood/planks/{wood}1",
            "north": "game:block/wood/planks/{wood}1",
            "west": "game:block/wood/planks/{wood}1",
            "up": "game:block/wood/planks/{wood}1",
            "down": "game:block/wood/planks/{wood}1"
        },
        "CbScaleYByLayer": 0.125,
        "CollisionBox": { "x1": 0, "y1": 0, "z1": 0, "x2": 1, "y2": 0.125, "z2": 1 },
        "PlaceRemoveSound": "game:block/planks",
        "ModelItemsToStackSizeRatio": 2
    },
    "@.*stairs-.*": {
        "Enabled": true,
        "Comment": "Other stairs (vanilla)",
        "MorePilesProperties": {
            "FixPlacement": true,
            "ForceReplaceBehavior": true,
            "MatchesShape": "game:block/basic/stairs/normal"
        },
        "CtrlKey": true,
        "UpSolid": true,
        "BulkTransferQuantity": 4,
        "TransferQuantity": 1,
        "StackingCapacity": 64,
        "StackingModel": "morepiles:stairpile_64",
        "CbScaleYByLayer": 0.125,
        "CollisionBox": { "x1": 0, "y1": 0, "z1": 0, "x2": 1, "y2": 0.125, "z2": 1 },
        "ModelItemsToStackSizeRatio": 2
    },

    // // ##################
    // // ### Slab Piles ###
    // // ##################

    "@(.*slab.*|.*labs.*)": {
        "Enabled": true,
        "Comment": "Most slabs (vanilla)",
        "MorePilesProperties": {
            "FixPlacement": true,
            "ForceReplaceBehavior": true,
            "MatchesClasses": ["BlockSlabSnowRemove", "BlockRainAmbient"]
        },
        "CtrlKey": true,
        "UpSolid": true,
        "BulkTransferQuantity": 4,
        "TransferQuantity": 1,
        "StackingCapacity": 64,
        "StackingModel": "morepiles:slabpile_128",
        "CbScaleYByLayer": 0.125,
        "CollisionBox": { "x1": 0, "y1": 0, "z1": 0, "x2": 1, "y2": 0.125, "z2": 1 },
        "ModelItemsToStackSizeRatio": 2
    },

    // // ###################
    // // ### Cubic Piles ###
    // // ###################

    "@.*log.*ud": {
        "Enabled": true,
        "Comment": "Log pile (vanilla logs)",
        "MorePilesProperties": {
            "FixPlacement": true,
            "ForceReplaceBehavior": true,
            "MatchesShape": "game:block/basic/cube",
            "MatchesClasses": ["BlockLog"]
        },
        "CtrlKey": true,
        "UpSolid": true,
        "BulkTransferQuantity": 4,
        "TransferQuantity": 1,
        "StackingCapacity": 64,
        "StackingModel": "morepiles:cubelogpile_64",
        "CbScaleYByLayer": 0.125, // 8 / StackingCapacity,
        "CollisionBox": { "x1": 0, "y1": 0, "z1": 0, "x2": 1, "y2": 0.125, "z2": 1 },
        "PlaceRemoveSound": "game:block/planks",
        "ModelItemsToStackSizeRatio": 1 // should be 64 / StackingCapacity = 1
    },

    "wildcrafttree:log-*-ud": {
        "Enabled": true,
        "Comment": "Log pile (Wildcraft Trees logs)",
        "MorePilesProperties": {
            "FixPlacement": true,
            "ForceReplaceBehavior": true,
            "MatchesShape": "game:block/basic/cube",
            "MatchesClasses": ["BlockLog"]
        },
        "CtrlKey": true,
        "UpSolid": true,
        "BulkTransferQuantity": 4,
        "TransferQuantity": 1,
        "StackingCapacity": 64,
        "PlaceRemoveSound": "game:block/planks",
        "StackingModel": "morepiles:cubelogpile_64",
        "StackingTextures": null,
        "CbScaleYByLayer": 0.125,
        "CollisionBox": { "X1": 0.0, "Y1": 0.0, "Z1": 0.0, "X2": 1.0, "Y2": 0.125, "Z2": 1.0 },
        "ModelItemsToStackSizeRatio": 1.0
    },
    "wildcrafttree:debarkedlog-*-ud": {
        "Enabled": true,
        "Comment": "Debarked log pile (Wildcraft Trees debarked logs)",
        "MorePilesProperties": {
            "FixPlacement": true,
            "ForceReplaceBehavior": true,
            "MatchesShape": "game:block/basic/cube",
            "MatchesClasses": ["BlockLog"]
        },
        "CtrlKey": true,
        "UpSolid": true,
        "BulkTransferQuantity": 4,
        "TransferQuantity": 1,
        "StackingCapacity": 64,
        "PlaceRemoveSound": "game:block/planks",
        "StackingModel": "morepiles:cubelogpile_64",
        "StackingTextures": null,
        "CbScaleYByLayer": 0.125,
        "CollisionBox": { "X1": 0.0, "Y1": 0.0, "Z1": 0.0, "X2": 1.0, "Y2": 0.125, "Z2": 1.0 },
        "ModelItemsToStackSizeRatio": 1.0
    },
    "wildcrafttree:planks-*-ud": {
        "Enabled": true,
        "Comment": "Planks block pile (Wildcraft Trees planks)",
        "MorePilesProperties": {
            "FixPlacement": true,
            "ForceReplaceBehavior": true,
            "MatchesShape": "game:block/basic/cube"
        },
        "CtrlKey": true,
        "UpSolid": true,
        "BulkTransferQuantity": 4,
        "TransferQuantity": 1,
        "StackingCapacity": 64,
        "PlaceRemoveSound": "game:player/build",
        "StackingModel": "morepiles:cubepile_64",
        "StackingTextures": null,
        "CbScaleYByLayer": 0.125,
        "CollisionBox": { "X1": 0.0, "Y1": 0.0, "Z1": 0.0, "X2": 1.0, "Y2": 0.125, "Z2": 1.0 },
        "ModelItemsToStackSizeRatio": 1.0
    },

    "floralzonescaperegion:log-*-ud": {
        "Enabled": true,
        "Comment": "Log pile (Floral Zones logs)",
        "MorePilesProperties": {
            "FixPlacement": true,
            "ForceReplaceBehavior": true,
            "MatchesShape": "game:block/basic/cube",
            "MatchesClasses": ["BlockLog"]
        },
        "CtrlKey": true,
        "UpSolid": true,
        "BulkTransferQuantity": 4,
        "TransferQuantity": 1,
        "StackingCapacity": 64,
        "PlaceRemoveSound": "game:block/planks",
        "StackingModel": "morepiles:cubelogpile_64",
        "StackingTextures": null,
        "CbScaleYByLayer": 0.125,
        "CollisionBox": { "X1": 0.0, "Y1": 0.0, "Z1": 0.0, "X2": 1.0, "Y2": 0.125, "Z2": 1.0 },
        "ModelItemsToStackSizeRatio": 1.0
    },
    "floralzonescaperegion:debarkedlog-*-ud": {
        "Enabled": true,
        "Comment": "Debarked log pile (Floral Zones debarked logs)",
        "MorePilesProperties": {
            "FixPlacement": true,
            "ForceReplaceBehavior": true,
            "MatchesShape": "game:block/basic/cube",
            "MatchesClasses": ["BlockLog"]
        },
        "CtrlKey": true,
        "UpSolid": true,
        "BulkTransferQuantity": 4,
        "TransferQuantity": 1,
        "StackingCapacity": 64,
        "PlaceRemoveSound": "game:block/planks",
        "StackingModel": "morepiles:cubelogpile_64",
        "StackingTextures": null,
        "CbScaleYByLayer": 0.125,
        "CollisionBox": { "X1": 0.0, "Y1": 0.0, "Z1": 0.0, "X2": 1.0, "Y2": 0.125, "Z2": 1.0 },
        "ModelItemsToStackSizeRatio": 1.0
    },
    "floralzonescaperegion:planks-*": {
        "Enabled": true,
        "Comment": "Planks block pile (Floral Zones planks)",
        "MorePilesProperties": {
            "FixPlacement": true,
            "ForceReplaceBehavior": true,
            "MatchesShape": "game:block/basic/cube"
        },
        "CtrlKey": true,
        "UpSolid": true,
        "BulkTransferQuantity": 4,
        "TransferQuantity": 1,
        "StackingCapacity": 64,
        "PlaceRemoveSound": "game:player/build",
        "StackingModel": "morepiles:cubepile_64",
        "StackingTextures": null,
        "CbScaleYByLayer": 0.125,
        "CollisionBox": { "X1": 0.0, "Y1": 0.0, "Z1": 0.0, "X2": 1.0, "Y2": 0.125, "Z2": 1.0 },
        "ModelItemsToStackSizeRatio": 1.0
    },

    "floralzonescaribbeanregion:log-*-ud": {
        "Enabled": true,
        "Comment": "Log pile (Floral Zones logs)",
        "MorePilesProperties": {
            "FixPlacement": true,
            "ForceReplaceBehavior": true,
            "MatchesShape": "game:block/basic/cube",
            "MatchesClasses": ["BlockLog"]
        },
        "CtrlKey": true,
        "UpSolid": true,
        "BulkTransferQuantity": 4,
        "TransferQuantity": 1,
        "StackingCapacity": 64,
        "PlaceRemoveSound": "game:block/planks",
        "StackingModel": "morepiles:cubelogpile_64",
        "StackingTextures": null,
        "CbScaleYByLayer": 0.125,
        "CollisionBox": { "X1": 0.0, "Y1": 0.0, "Z1": 0.0, "X2": 1.0, "Y2": 0.125, "Z2": 1.0 },
        "ModelItemsToStackSizeRatio": 1.0
    },
    "floralzonescaribbeanregion:debarkedlog-*-ud": {
        "Enabled": true,
        "Comment": "Debarked log pile (Floral Zones debarked logs)",
        "MorePilesProperties": {
            "FixPlacement": true,
            "ForceReplaceBehavior": true,
            "MatchesShape": "game:block/basic/cube",
            "MatchesClasses": ["BlockLog"]
        },
        "CtrlKey": true,
        "UpSolid": true,
        "BulkTransferQuantity": 4,
        "TransferQuantity": 1,
        "StackingCapacity": 64,
        "PlaceRemoveSound": "game:block/planks",
        "StackingModel": "morepiles:cubelogpile_64",
        "StackingTextures": null,
        "CbScaleYByLayer": 0.125,
        "CollisionBox": { "X1": 0.0, "Y1": 0.0, "Z1": 0.0, "X2": 1.0, "Y2": 0.125, "Z2": 1.0 },
        "ModelItemsToStackSizeRatio": 1.0
    },
    "floralzonescaribbeanregion:planks-*": {
        "Enabled": true,
        "Comment": "Planks block pile (Floral Zones planks)",
        "MorePilesProperties": {
            "FixPlacement": true,
            "ForceReplaceBehavior": true,
            "MatchesShape": "game:block/basic/cube"
        },
        "CtrlKey": true,
        "UpSolid": true,
        "BulkTransferQuantity": 4,
        "TransferQuantity": 1,
        "StackingCapacity": 64,
        "PlaceRemoveSound": "game:player/build",
        "StackingModel": "morepiles:cubepile_64",
        "StackingTextures": null,
        "CbScaleYByLayer": 0.125,
        "CollisionBox": { "X1": 0.0, "Y1": 0.0, "Z1": 0.0, "X2": 1.0, "Y2": 0.125, "Z2": 1.0 },
        "ModelItemsToStackSizeRatio": 1.0
    },

    "floralzonescentralaustralianregion:log-*-ud": {
        "Enabled": true,
        "Comment": "Log pile (Floral Zones logs)",
        "MorePilesProperties": {
            "FixPlacement": true,
            "ForceReplaceBehavior": true,
            "MatchesShape": "game:block/basic/cube",
            "MatchesClasses": ["BlockLog"]
        },
        "CtrlKey": true,
        "UpSolid": true,
        "BulkTransferQuantity": 4,
        "TransferQuantity": 1,
        "StackingCapacity": 64,
        "PlaceRemoveSound": "game:block/planks",
        "StackingModel": "morepiles:cubelogpile_64",
        "StackingTextures": null,
        "CbScaleYByLayer": 0.125,
        "CollisionBox": { "X1": 0.0, "Y1": 0.0, "Z1": 0.0, "X2": 1.0, "Y2": 0.125, "Z2": 1.0 },
        "ModelItemsToStackSizeRatio": 1.0
    },
    "floralzonescentralaustralianregion:debarkedlog-*-ud": {
        "Enabled": true,
        "Comment": "Debarked log pile (Floral Zones debarked logs)",
        "MorePilesProperties": {
            "FixPlacement": true,
            "ForceReplaceBehavior": true,
            "MatchesShape": "game:block/basic/cube",
            "MatchesClasses": ["BlockLog"]
        },
        "CtrlKey": true,
        "UpSolid": true,
        "BulkTransferQuantity": 4,
        "TransferQuantity": 1,
        "StackingCapacity": 64,
        "PlaceRemoveSound": "game:block/planks",
        "StackingModel": "morepiles:cubelogpile_64",
        "StackingTextures": null,
        "CbScaleYByLayer": 0.125,
        "CollisionBox": { "X1": 0.0, "Y1": 0.0, "Z1": 0.0, "X2": 1.0, "Y2": 0.125, "Z2": 1.0 },
        "ModelItemsToStackSizeRatio": 1.0
    },
    "floralzonescentralaustralianregion:planks-*": {
        "Enabled": true,
        "Comment": "Planks block pile (Floral Zones planks)",
        "MorePilesProperties": {
            "FixPlacement": true,
            "ForceReplaceBehavior": true,
            "MatchesShape": "game:block/basic/cube"
        },
        "CtrlKey": true,
        "UpSolid": true,
        "BulkTransferQuantity": 4,
        "TransferQuantity": 1,
        "StackingCapacity": 64,
        "PlaceRemoveSound": "game:player/build",
        "StackingModel": "morepiles:cubepile_64",
        "StackingTextures": null,
        "CbScaleYByLayer": 0.125,
        "CollisionBox": { "X1": 0.0, "Y1": 0.0, "Z1": 0.0, "X2": 1.0, "Y2": 0.125, "Z2": 1.0 },
        "ModelItemsToStackSizeRatio": 1.0
    },

    "floralzonescosmopolitanregion:log-*-ud": {
        "Enabled": true,
        "Comment": "Log pile (Floral Zones logs)",
        "MorePilesProperties": {
            "FixPlacement": true,
            "ForceReplaceBehavior": true,
            "MatchesShape": "game:block/basic/cube",
            "MatchesClasses": ["BlockLog"]
        },
        "CtrlKey": true,
        "UpSolid": true,
        "BulkTransferQuantity": 4,
        "TransferQuantity": 1,
        "StackingCapacity": 64,
        "PlaceRemoveSound": "game:block/planks",
        "StackingModel": "morepiles:cubelogpile_64",
        "StackingTextures": null,
        "CbScaleYByLayer": 0.125,
        "CollisionBox": { "X1": 0.0, "Y1": 0.0, "Z1": 0.0, "X2": 1.0, "Y2": 0.125, "Z2": 1.0 },
        "ModelItemsToStackSizeRatio": 1.0
    },
    "floralzonescosmopolitanregion:debarkedlog-*-ud": {
        "Enabled": true,
        "Comment": "Debarked log pile (Floral Zones debarked logs)",
        "MorePilesProperties": {
            "FixPlacement": true,
            "ForceReplaceBehavior": true,
            "MatchesShape": "game:block/basic/cube",
            "MatchesClasses": ["BlockLog"]
        },
        "CtrlKey": true,
        "UpSolid": true,
        "BulkTransferQuantity": 4,
        "TransferQuantity": 1,
        "StackingCapacity": 64,
        "PlaceRemoveSound": "game:block/planks",
        "StackingModel": "morepiles:cubelogpile_64",
        "StackingTextures": null,
        "CbScaleYByLayer": 0.125,
        "CollisionBox": { "X1": 0.0, "Y1": 0.0, "Z1": 0.0, "X2": 1.0, "Y2": 0.125, "Z2": 1.0 },
        "ModelItemsToStackSizeRatio": 1.0
    },
    "floralzonescosmopolitanregion:planks-*": {
        "Enabled": true,
        "Comment": "Planks block pile (Floral Zones planks)",
        "MorePilesProperties": {
            "FixPlacement": true,
            "ForceReplaceBehavior": true,
            "MatchesShape": "game:block/basic/cube"
        },
        "CtrlKey": true,
        "UpSolid": true,
        "BulkTransferQuantity": 4,
        "TransferQuantity": 1,
        "StackingCapacity": 64,
        "PlaceRemoveSound": "game:player/build",
        "StackingModel": "morepiles:cubepile_64",
        "StackingTextures": null,
        "CbScaleYByLayer": 0.125,
        "CollisionBox": { "X1": 0.0, "Y1": 0.0, "Z1": 0.0, "X2": 1.0, "Y2": 0.125, "Z2": 1.0 },
        "ModelItemsToStackSizeRatio": 1.0
    },

    "floralzoneseastasiaticregion:log-*-ud": {
        "Enabled": true,
        "Comment": "Log pile (Floral Zones logs)",
        "MorePilesProperties": {
            "FixPlacement": true,
            "ForceReplaceBehavior": true,
            "MatchesShape": "game:block/basic/cube",
            "MatchesClasses": ["BlockLog"]
        },
        "CtrlKey": true,
        "UpSolid": true,
        "BulkTransferQuantity": 4,
        "TransferQuantity": 1,
        "StackingCapacity": 64,
        "PlaceRemoveSound": "game:block/planks",
        "StackingModel": "morepiles:cubelogpile_64",
        "StackingTextures": null,
        "CbScaleYByLayer": 0.125,
        "CollisionBox": { "X1": 0.0, "Y1": 0.0, "Z1": 0.0, "X2": 1.0, "Y2": 0.125, "Z2": 1.0 },
        "ModelItemsToStackSizeRatio": 1.0
    },
    "floralzoneseastasiaticregion:debarkedlog-*-ud": {
        "Enabled": true,
        "Comment": "Debarked log pile (Floral Zones debarked logs)",
        "MorePilesProperties": {
            "FixPlacement": true,
            "ForceReplaceBehavior": true,
            "MatchesShape": "game:block/basic/cube",
            "MatchesClasses": ["BlockLog"]
        },
        "CtrlKey": true,
        "UpSolid": true,
        "BulkTransferQuantity": 4,
        "TransferQuantity": 1,
        "StackingCapacity": 64,
        "PlaceRemoveSound": "game:block/planks",
        "StackingModel": "morepiles:cubelogpile_64",
        "StackingTextures": null,
        "CbScaleYByLayer": 0.125,
        "CollisionBox": { "X1": 0.0, "Y1": 0.0, "Z1": 0.0, "X2": 1.0, "Y2": 0.125, "Z2": 1.0 },
        "ModelItemsToStackSizeRatio": 1.0
    },
    "floralzoneseastasiaticregion:planks-*": {
        "Enabled": true,
        "Comment": "Planks block pile (Floral Zones planks)",
        "MorePilesProperties": {
            "FixPlacement": true,
            "ForceReplaceBehavior": true,
            "MatchesShape": "game:block/basic/cube"
        },
        "CtrlKey": true,
        "UpSolid": true,
        "BulkTransferQuantity": 4,
        "TransferQuantity": 1,
        "StackingCapacity": 64,
        "PlaceRemoveSound": "game:player/build",
        "StackingModel": "morepiles:cubepile_64",
        "StackingTextures": null,
        "CbScaleYByLayer": 0.125,
        "CollisionBox": { "X1": 0.0, "Y1": 0.0, "Z1": 0.0, "X2": 1.0, "Y2": 0.125, "Z2": 1.0 },
        "ModelItemsToStackSizeRatio": 1.0
    },

    "floralzonesmediterraneanregion:log-*-ud": {
        "Enabled": true,
        "Comment": "Log pile (Floral Zones logs)",
        "MorePilesProperties": {
            "FixPlacement": true,
            "ForceReplaceBehavior": true,
            "MatchesShape": "game:block/basic/cube",
            "MatchesClasses": ["BlockLog"]
        },
        "CtrlKey": true,
        "UpSolid": true,
        "BulkTransferQuantity": 4,
        "TransferQuantity": 1,
        "StackingCapacity": 64,
        "PlaceRemoveSound": "game:block/planks",
        "StackingModel": "morepiles:cubelogpile_64",
        "StackingTextures": null,
        "CbScaleYByLayer": 0.125,
        "CollisionBox": { "X1": 0.0, "Y1": 0.0, "Z1": 0.0, "X2": 1.0, "Y2": 0.125, "Z2": 1.0 },
        "ModelItemsToStackSizeRatio": 1.0
    },
    "floralzonesmediterraneanregion:debarkedlog-*-ud": {
        "Enabled": true,
        "Comment": "Debarked log pile (Floral Zones debarked logs)",
        "MorePilesProperties": {
            "FixPlacement": true,
            "ForceReplaceBehavior": true,
            "MatchesShape": "game:block/basic/cube",
            "MatchesClasses": ["BlockLog"]
        },
        "CtrlKey": true,
        "UpSolid": true,
        "BulkTransferQuantity": 4,
        "TransferQuantity": 1,
        "StackingCapacity": 64,
        "PlaceRemoveSound": "game:block/planks",
        "StackingModel": "morepiles:cubelogpile_64",
        "StackingTextures": null,
        "CbScaleYByLayer": 0.125,
        "CollisionBox": { "X1": 0.0, "Y1": 0.0, "Z1": 0.0, "X2": 1.0, "Y2": 0.125, "Z2": 1.0 },
        "ModelItemsToStackSizeRatio": 1.0
    },
    "floralzonesmediterraneanregion:planks-*": {
        "Enabled": true,
        "Comment": "Planks block pile (Floral Zones planks)",
        "MorePilesProperties": {
            "FixPlacement": true,
            "ForceReplaceBehavior": true,
            "MatchesShape": "game:block/basic/cube"
        },
        "CtrlKey": true,
        "UpSolid": true,
        "BulkTransferQuantity": 4,
        "TransferQuantity": 1,
        "StackingCapacity": 64,
        "PlaceRemoveSound": "game:player/build",
        "StackingModel": "morepiles:cubepile_64",
        "StackingTextures": null,
        "CbScaleYByLayer": 0.125,
        "CollisionBox": { "X1": 0.0, "Y1": 0.0, "Z1": 0.0, "X2": 1.0, "Y2": 0.125, "Z2": 1.0 },
        "ModelItemsToStackSizeRatio": 1.0
    },

    "floralzonesneozeylandicregion:log-*-ud": {
        "Enabled": true,
        "Comment": "Log pile (Floral Zones logs)",
        "MorePilesProperties": {
            "FixPlacement": true,
            "ForceReplaceBehavior": true,
            "MatchesShape": "game:block/basic/cube",
            "MatchesClasses": ["BlockLog"]
        },
        "CtrlKey": true,
        "UpSolid": true,
        "BulkTransferQuantity": 4,
        "TransferQuantity": 1,
        "StackingCapacity": 64,
        "PlaceRemoveSound": "game:block/planks",
        "StackingModel": "morepiles:cubelogpile_64",
        "StackingTextures": null,
        "CbScaleYByLayer": 0.125,
        "CollisionBox": { "X1": 0.0, "Y1": 0.0, "Z1": 0.0, "X2": 1.0, "Y2": 0.125, "Z2": 1.0 },
        "ModelItemsToStackSizeRatio": 1.0
    },
    "floralzonesneozeylandicregion:debarkedlog-*-ud": {
        "Enabled": true,
        "Comment": "Debarked log pile (Floral Zones debarked logs)",
        "MorePilesProperties": {
            "FixPlacement": true,
            "ForceReplaceBehavior": true,
            "MatchesShape": "game:block/basic/cube",
            "MatchesClasses": ["BlockLog"]
        },
        "CtrlKey": true,
        "UpSolid": true,
        "BulkTransferQuantity": 4,
        "TransferQuantity": 1,
        "StackingCapacity": 64,
        "PlaceRemoveSound": "game:block/planks",
        "StackingModel": "morepiles:cubelogpile_64",
        "StackingTextures": null,
        "CbScaleYByLayer": 0.125,
        "CollisionBox": { "X1": 0.0, "Y1": 0.0, "Z1": 0.0, "X2": 1.0, "Y2": 0.125, "Z2": 1.0 },
        "ModelItemsToStackSizeRatio": 1.0
    },
    "floralzonesneozeylandicregion:planks-*": {
        "Enabled": true,
        "Comment": "Planks block pile (Floral Zones planks)",
        "MorePilesProperties": {
            "FixPlacement": true,
            "ForceReplaceBehavior": true,
            "MatchesShape": "game:block/basic/cube"
        },
        "CtrlKey": true,
        "UpSolid": true,
        "BulkTransferQuantity": 4,
        "TransferQuantity": 1,
        "StackingCapacity": 64,
        "PlaceRemoveSound": "game:player/build",
        "StackingModel": "morepiles:cubepile_64",
        "StackingTextures": null,
        "CbScaleYByLayer": 0.125,
        "CollisionBox": { "X1": 0.0, "Y1": 0.0, "Z1": 0.0, "X2": 1.0, "Y2": 0.125, "Z2": 1.0 },
        "ModelItemsToStackSizeRatio": 1.0
    },

    "*": {
        "Enabled": true,
        "Comment": "Any blocks with simple CUBE shape",
        "MorePilesProperties": {
            "FixPlacement": true,
            "ForceReplaceBehavior": false,
            "MatchesShape": "game:block/basic/cube"
        },
        "CtrlKey": true,
        "UpSolid": true,
        "BulkTransferQuantity": 4,
        "TransferQuantity": 1,
        "StackingCapacity": 64,
        "StackingModel": "morepiles:cubepile_64",
        "CbScaleYByLayer": 0.125, // 8 / StackingCapacity,
        "CollisionBox": { "x1": 0, "y1": 0, "z1": 0, "x2": 1, "y2": 0.125, "z2": 1 },
        "PlaceRemoveSound": "game:player/build",
        "ModelItemsToStackSizeRatio": 1 // should be 64 / StackingCapacity = 1
    }
}
