{
	"treeWorldPropertyCode": "comarostaphylisarbutoides",
	"sizeMultiplier": 0.75,
	"trunks": [{
		"widthloss": 0.044,
		"dieAt": { "avg": 0.001 },
		"branchStart": { "dist": "gaussian", "avg": 0.25,  "var": 0.1 },
		"branchSpacing": { "dist": "gaussian", "avg": 0.4,  "var": 0.1 },
		"branchVerticalAngle":  { "dist": "gaussian", "avg": 1.2,  "var": 0.2 },
		"branchHorizontalAngle": { "avg": 0,  "var": 3.1415 },
		"branchWidthMultiplier": { "avg": 0.04,  "var": 0 },
		"branchWidthMultiplierEvolve": { "transform": "linear", "factor": 1 },
		"branchQuantity": { "avg": 6,  "var": 2 },
		"branchWidthLossMul": 0.98
	}],
	"branches": [{
		"widthLoss": 0.04,
		"gravityDrag": 0.04,
		"dieAt": { "avg": 0.001 },
		"branchStart": { "dist": "gaussian", "avg": 0.1, "var": 0.1 },
		"branchSpacing": { "avg": 0.2, "var": 0.25 },
		"branchVerticalAngle":  { "dist": "inversegaussian", "avg": 1, "var": 0.4 },
		"branchHorizontalAngle": { "avg": 0, "var": 3.1415 },
		"branchWidthMultiplier": { "avg": 1, "var": 0 },
		"branchWidthMultiplierEvolve": { "transform": "linear", "factor": 0.1 },
		"branchQuantity": { "avg": 5, "var": 2 }
	}],
	"treeBlocks": {
		"logBlockCode": "floralzonescaribbeanregion:lognarrow-grown-comarostaphylisarbutoides-ud",
		"leavesBlockCode": "floralzonescaribbeanregion:leaves-grown-comarostaphylisarbutoides",
		"leavesBranchyBlockCode": "floralzonescaribbeanregion:leavesbranchy-grown-comarostaphylisarbutoides",
	}
}
