{
	"editor": {
		"allAngles": true,
		"entityTextureMode": true
	},
	"textureWidth": 32,
	"textureHeight": 28,
	"textureSizes": {
		"skin": [32,28]
	},
	"textures": {
	},
	"elements": [
		{
			"name": "Hip",
			"from": [ 4.0, 0.0, 6.8 ],
			"to": [ 5.8, 1.0, 9.2 ],
			"unwrapMode": 7,
			"unwrapRotation": 1,
			"autoUnwrap": false,
			"uv": [ 1.62, 55.38 ],
			"rotationOrigin": [ 4.0, 0.0, 8.0 ],
			"rotationZ": -1.0,
			"faces": {
				"north": { "texture": "#skin", "uv": [ 6.5, 12.5, 7.5, 14.0 ], "rotation": 90 },
				"east": { "texture": "#skin", "uv": [ 3.5, 14.0, 5.5, 15.0 ] },
				"south": { "texture": "#skin", "uv": [ 1.5, 12.5, 2.5, 14.0 ], "rotation": 270 },
				"west": { "texture": "#skin", "uv": [ 1.0, 15.0, 3.0, 16.0 ] },
				"up": { "texture": "#skin", "uv": [ 3.5, 12.5, 5.5, 14.0 ], "rotation": 270 },
				"down": { "texture": "#skin", "uv": [ 7.5, 12.5, 9.5, 14.0 ], "rotation": 90 }
			},
			"children": [
				{
					"name": "Tail 1",
					"from": [ 1.6, -0.5, 0.45 ],
					"to": [ 2.6, 1.0, 1.95 ],
					"unwrapMode": 7,
					"unwrapRotation": 1,
					"uv": [ 14.0, 0.75 ],
					"rotationOrigin": [ 1.6, 0.7, 1.2 ],
					"rotationZ": -2.0,
					"faces": {
						"north": { "texture": "#skin", "uv": [ 17.0, 2.5, 18.5, 3.5 ], "rotation": 90 },
						"east": { "texture": "#skin", "uv": [ 15.5, 3.5, 17.0, 5.0 ] },
						"south": { "texture": "#skin", "uv": [ 14.0, 2.5, 15.5, 3.5 ], "rotation": 270 },
						"west": { "texture": "#skin", "uv": [ 15.5, 1.0, 17.0, 2.5 ], "rotation": 180 },
						"up": { "texture": "#skin", "uv": [ 15.5, 2.5, 17.0, 3.5 ], "rotation": 270 },
						"down": { "texture": "#skin", "uv": [ 18.5, 2.5, 20.0, 3.5 ], "rotation": 90 }
					},
					"children": [
						{
							"name": "Tail 2",
							"from": [ 0.8, 0.15, 0.1 ],
							"to": [ 1.8, 1.45, 1.4 ],
							"unwrapMode": 7,
							"unwrapRotation": 1,
							"uv": [ 14.0, 5.38 ],
							"rotationOrigin": [ 1.0, 1.0, 0.75 ],
							"faces": {
								"north": { "texture": "#skin", "uv": [ 16.0, 6.5, 17.0, 7.5 ], "rotation": 90 },
								"east": { "texture": "#skin", "uv": [ 15.0, 7.5, 16.0, 8.5 ] },
								"south": { "texture": "#skin", "uv": [ 14.0, 6.5, 15.0, 7.5 ], "rotation": 270 },
								"west": { "texture": "#skin", "uv": [ 15.0, 5.5, 16.0, 6.5 ], "rotation": 180 },
								"up": { "texture": "#skin", "uv": [ 15.0, 6.5, 16.0, 7.5 ], "rotation": 270 },
								"down": { "texture": "#skin", "uv": [ 17.0, 6.5, 18.0, 7.5 ], "rotation": 90 }
							},
							"children": [
								{
									"name": "Tail 3",
									"from": [ 0.8, 0.05, 0.05 ],
									"to": [ 1.8, 1.25, 1.25 ],
									"unwrapMode": 7,
									"unwrapRotation": 1,
									"uv": [ 12.5, 7.88 ],
									"rotationOrigin": [ 1.0, 0.95, 0.65 ],
									"faces": {
										"north": { "texture": "#skin", "uv": [ 14.5, 9.0, 15.5, 10.0 ], "rotation": 90 },
										"east": { "texture": "#skin", "uv": [ 13.5, 10.0, 14.5, 11.0 ] },
										"south": { "texture": "#skin", "uv": [ 12.5, 9.0, 13.5, 10.0 ], "rotation": 270 },
										"west": { "texture": "#skin", "uv": [ 13.5, 8.0, 14.5, 9.0 ], "rotation": 180 },
										"up": { "texture": "#skin", "uv": [ 13.5, 9.0, 14.5, 10.0 ], "rotation": 270 },
										"down": { "texture": "#skin", "uv": [ 15.5, 9.0, 16.5, 10.0 ], "rotation": 90 }
									},
									"children": [
										{
											"name": "Tail 4",
											"from": [ 0.8, 0.05, 0.05 ],
											"to": [ 1.8, 1.15, 1.15 ],
											"unwrapMode": 7,
											"unwrapRotation": 1,
											"uv": [ 14.0, 10.38 ],
											"rotationOrigin": [ 1.0, 0.85, 0.6 ],
											"rotationZ": 1.0,
											"faces": {
												"north": { "texture": "#skin", "uv": [ 16.0, 11.5, 17.0, 12.5 ], "rotation": 90 },
												"east": { "texture": "#skin", "uv": [ 15.0, 12.5, 16.0, 13.5 ] },
												"south": { "texture": "#skin", "uv": [ 14.0, 11.5, 15.0, 12.5 ], "rotation": 270 },
												"west": { "texture": "#skin", "uv": [ 15.0, 10.5, 16.0, 11.5 ], "rotation": 180 },
												"up": { "texture": "#skin", "uv": [ 15.0, 11.5, 16.0, 12.5 ], "rotation": 270 },
												"down": { "texture": "#skin", "uv": [ 17.0, 11.5, 18.0, 12.5 ], "rotation": 90 }
											},
											"children": [
												{
													"name": "Tail 5",
													"from": [ 0.8, 0.05, 0.05 ],
													"to": [ 1.8, 1.05, 1.05 ],
													"unwrapMode": 7,
													"unwrapRotation": 1,
													"uv": [ 12.5, 12.88 ],
													"rotationOrigin": [ 1.0, 0.8, 0.55 ],
													"rotationZ": 1.0,
													"faces": {
														"north": { "texture": "#skin", "uv": [ 14.5, 14.0, 15.5, 15.0 ], "rotation": 90 },
														"east": { "texture": "#skin", "uv": [ 13.5, 15.0, 14.5, 16.0 ] },
														"south": { "texture": "#skin", "uv": [ 12.5, 14.0, 13.5, 15.0 ], "rotation": 270 },
														"west": { "texture": "#skin", "uv": [ 13.5, 13.0, 14.5, 14.0 ], "rotation": 180 },
														"up": { "texture": "#skin", "uv": [ 13.5, 14.0, 14.5, 15.0 ], "rotation": 270 },
														"down": { "texture": "#skin", "uv": [ 15.5, 14.0, 16.5, 15.0 ], "rotation": 90 }
													},
													"children": [
														{
															"name": "Tail 6",
															"from": [ 0.8, 0.05, 0.05 ],
															"to": [ 1.8, 0.95, 0.95 ],
															"unwrapMode": 7,
															"unwrapRotation": 1,
															"uv": [ 14.5, 15.88 ],
															"rotationOrigin": [ 1.0, 0.75, 0.5 ],
															"rotationZ": 1.0,
															"faces": {
																"north": { "texture": "#skin", "uv": [ 15.5, 16.5, 16.0, 17.5 ], "rotation": 90 },
																"east": { "texture": "#skin", "uv": [ 15.0, 17.5, 15.5, 18.0 ] },
																"south": { "texture": "#skin", "uv": [ 14.5, 16.5, 15.0, 17.5 ], "rotation": 270 },
																"west": { "texture": "#skin", "uv": [ 15.0, 16.0, 15.5, 16.5 ], "rotation": 180 },
																"up": { "texture": "#skin", "uv": [ 15.0, 16.5, 15.5, 17.5 ], "rotation": 270 },
																"down": { "texture": "#skin", "uv": [ 16.0, 16.5, 16.5, 17.5 ], "rotation": 90 }
															},
															"children": [
																{
																	"name": "Tail 7",
																	"from": [ 0.8, 0.05, 0.05 ],
																	"to": [ 2.3, 0.85, 0.85 ],
																	"unwrapMode": 7,
																	"unwrapRotation": 1,
																	"uv": [ 13.5, 17.88 ],
																	"rotationOrigin": [ 1.0, 0.7, 0.45 ],
																	"rotationZ": 1.0,
																	"faces": {
																		"north": { "texture": "#skin", "uv": [ 14.5, 18.5, 15.0, 20.0 ], "rotation": 90 },
																		"east": { "texture": "#skin", "uv": [ 14.0, 20.0, 14.5, 20.5 ] },
																		"south": { "texture": "#skin", "uv": [ 13.5, 18.5, 14.0, 20.0 ], "rotation": 270 },
																		"west": { "texture": "#skin", "uv": [ 14.0, 18.0, 14.5, 18.5 ], "rotation": 180 },
																		"up": { "texture": "#skin", "uv": [ 14.0, 18.5, 14.5, 20.0 ], "rotation": 270 },
																		"down": { "texture": "#skin", "uv": [ 15.0, 18.5, 15.5, 20.0 ], "rotation": 90 }
																	},
																	"children": [
																		{
																			"name": "Tail 8",
																			"from": [ 1.3, 0.05, 0.05 ],
																			"to": [ 2.3, 0.75, 0.75 ],
																			"unwrapMode": 7,
																			"unwrapRotation": 1,
																			"uv": [ 14.5, 20.38 ],
																			"rotationOrigin": [ 1.5, 0.65, 0.4 ],
																			"rotationZ": 1.0,
																			"faces": {
																				"north": { "texture": "#skin", "uv": [ 15.5, 21.0, 16.0, 22.0 ], "rotation": 90 },
																				"east": { "texture": "#skin", "uv": [ 15.0, 22.0, 15.5, 22.5 ] },
																				"south": { "texture": "#skin", "uv": [ 14.5, 21.0, 15.0, 22.0 ], "rotation": 270 },
																				"west": { "texture": "#skin", "uv": [ 15.0, 20.5, 15.5, 21.0 ], "rotation": 180 },
																				"up": { "texture": "#skin", "uv": [ 15.0, 21.0, 15.5, 22.0 ], "rotation": 270 },
																				"down": { "texture": "#skin", "uv": [ 16.0, 21.0, 16.5, 22.0 ], "rotation": 90 }
																			},
																			"children": [
																				{
																					"name": "Tail 9",
																					"from": [ 0.8, 0.05, 0.05 ],
																					"to": [ 1.8, 0.65, 0.65 ],
																					"unwrapMode": 7,
																					"unwrapRotation": 1,
																					"uv": [ 13.5, 22.38 ],
																					"rotationOrigin": [ 1.0, 0.5, 0.35 ],
																					"rotationZ": 1.0,
																					"faces": {
																						"north": { "texture": "#skin", "uv": [ 14.5, 23.0, 15.0, 24.0 ], "rotation": 90 },
																						"east": { "texture": "#skin", "uv": [ 14.0, 24.0, 14.5, 24.5 ] },
																						"south": { "texture": "#skin", "uv": [ 13.5, 23.0, 14.0, 24.0 ], "rotation": 270 },
																						"west": { "texture": "#skin", "uv": [ 14.0, 22.5, 14.5, 23.0 ], "rotation": 180 },
																						"up": { "texture": "#skin", "uv": [ 14.0, 23.0, 14.5, 24.0 ], "rotation": 270 },
																						"down": { "texture": "#skin", "uv": [ 15.0, 23.0, 15.5, 24.0 ], "rotation": 90 }
																					},
																					"children": [
																						{
																							"name": "Tail 10",
																							"from": [ 0.8, 0.05, 0.05 ],
																							"to": [ 1.8, 0.55, 0.55 ],
																							"unwrapMode": 7,
																							"unwrapRotation": 1,
																							"uv": [ 14.5, 24.38 ],
																							"rotationOrigin": [ 1.0, 0.45, 0.3 ],
																							"rotationZ": 1.0,
																							"faces": {
																								"north": { "texture": "#skin", "uv": [ 15.5, 25.0, 16.0, 26.0 ], "rotation": 90 },
																								"east": { "texture": "#skin", "uv": [ 15.0, 26.0, 15.5, 26.5 ] },
																								"south": { "texture": "#skin", "uv": [ 14.5, 25.0, 15.0, 26.0 ], "rotation": 270 },
																								"west": { "texture": "#skin", "uv": [ 15.0, 24.5, 15.5, 25.0 ], "rotation": 180 },
																								"up": { "texture": "#skin", "uv": [ 15.0, 25.0, 15.5, 26.0 ], "rotation": 270 },
																								"down": { "texture": "#skin", "uv": [ 16.0, 25.0, 16.5, 26.0 ], "rotation": 90 }
																							}
																						}
																					]
																				}
																			]
																		}
																	]
																}
															]
														}
													]
												}
											]
										}
									]
								}
							]
						}
					]
				},
				{
					"name": "Abdomen",
					"from": [ -2.1, 0.0, -0.05 ],
					"to": [ 0.1, 1.0, 2.45 ],
					"unwrapMode": 7,
					"unwrapRotation": 1,
					"autoUnwrap": false,
					"uv": [ 0.75, 46.0 ],
					"rotationOrigin": [ -0.2, 0.0, 1.2 ],
					"rotationZ": 1.0,
					"faces": {
						"north": { "texture": "#skin", "uv": [ 7.5, 10.0, 8.5, 12.0 ], "rotation": 90 },
						"east": { "texture": "#skin", "uv": [ 9.5, 15.0, 12.0, 16.0 ] },
						"south": { "texture": "#skin", "uv": [ 1.0, 10.0, 2.0, 12.0 ], "rotation": 270 },
						"west": { "texture": "#skin", "uv": [ 6.5, 15.0, 9.0, 16.0 ], "windMode": [-1,-1,-1,-1], "windData": [0,0,1,1] },
						"up": { "texture": "#skin", "uv": [ 3.5, 10.0, 6.0, 12.0 ], "rotation": 270 },
						"down": { "texture": "#skin", "uv": [ 8.5, 10.0, 11.0, 12.0 ], "rotation": 90 }
					},
					"children": [
						{
							"name": "Body",
							"from": [ -1.7, 0.0, 0.05 ],
							"to": [ 0.5, 1.0, 2.45 ],
							"unwrapMode": 7,
							"unwrapRotation": 1,
							"autoUnwrap": false,
							"uv": [ 0.62, 37.62 ],
							"rotationOrigin": [ 0.2, 0.0, 1.25 ],
							"rotationZ": 1.0,
							"faces": {
								"north": { "texture": "#skin", "uv": [ 7.0, 7.5, 8.0, 9.5 ], "rotation": 90 },
								"east": { "texture": "#skin", "uv": [ 1.0, 17.5, 3.0, 18.5 ], "windMode": [-1,-1,-1,-1] },
								"south": { "texture": "#skin", "uv": [ 1.0, 7.5, 2.0, 9.5 ], "rotation": 270, "windMode": [-1,-1,-1,-1], "windData": [0,0,0,1] },
								"west": { "texture": "#skin", "uv": [ 3.5, 17.5, 5.5, 18.5 ], "windMode": [-1,-1,-1,-1], "windData": [0,0,1,1] },
								"up": { "texture": "#skin", "uv": [ 3.5, 7.5, 5.5, 9.5 ], "rotation": 270, "windMode": [-1,-1,-1,-1], "windData": [1,1,0,0] },
								"down": { "texture": "#skin", "uv": [ 8.0, 7.5, 10.0, 9.5 ], "rotation": 90, "windMode": [-1,-1,-1,-1] }
							},
							"children": [
								{
									"name": "Neck",
									"from": [ -0.9, 0.0, 0.4 ],
									"to": [ 0.8, 1.0, 2.0 ],
									"unwrapMode": 7,
									"unwrapRotation": 1,
									"autoUnwrap": false,
									"uv": [ 3.75, 4.25 ],
									"rotationOrigin": [ 0.5, 0.0, 1.2 ],
									"rotationZ": -1.0,
									"faces": {
										"north": { "texture": "#skin", "uv": [ 6.0, 5.5, 7.0, 7.0 ], "rotation": 90 },
										"east": { "texture": "#skin", "uv": [ 11.5, 3.5, 13.0, 4.5 ] },
										"south": { "texture": "#skin", "uv": [ 1.5, 5.5, 2.5, 7.0 ], "rotation": 270 },
										"west": { "texture": "#skin", "uv": [ 11.5, 1.0, 13.0, 2.0 ] },
										"up": { "texture": "#skin", "uv": [ 3.5, 5.5, 5.0, 7.0 ], "rotation": 270 },
										"down": { "texture": "#skin", "uv": [ 7.0, 5.5, 8.5, 7.0 ], "rotation": 90 }
									},
									"attachmentpoints": [
										{
											"code": "rope",
											"posX": "0.0","posY": "0.0","posZ": "0.8",
											"rotationX": "0.0","rotationY": "0.0","rotationZ": "0.0"
										}
									]
								}
							],
							"attachmentpoints": [
								{
									"code": "Center",
									"posX": "2.0","posY": "2.0","posZ": "1.2",
									"rotationX": "0.0","rotationY": "0.0","rotationZ": "0.0"
								}
							]
						}
					]
				}
			]
		}
	]}