[
	      {
        "op": "addmerge",
        "path": "/-",
        "value": {
		"comment": "Varied Patches of Fig-Leafed Gourd",
		"blockCodes": ["floralzonescosmopolitanregion:smallberrybush-cucurbitaficifolia-empty", "floralzonescosmopolitanregion:smallberrybush-cucurbitaficifolia-flowering", "floralzonescosmopolitanregion:smallberrybush-cucurbitaficifolia-ripe"],
		"minTemp": 17,
		"maxTemp": 31,
		"minRain": 0.55,
		"maxRain": 1,
		"minFertility": 0.5,
		"maxFertility": 1,
		"chance": 0.1,
		"minForest": 0,
		"maxForest": 0.6,
		"minY": 0.3,
		"maxY": 0.7,
		"quantity": { "avg": 8, "var": 4 },
          "offsetX": { "avg": 0, "var": 8 },
          "offsetZ": { "avg": 0, "var": 8 }
	},
        "file": "game:worldgen/blockpatches/berrybush.json",
        "side": "server",
		  },
	      {
        "op": "addmerge",
        "path": "/-",
        "value": {
		"comment": "Small Patches of Black Crowberry",
		"blockCodes": ["floralzonescosmopolitanregion:smallberrybush-empetrumnigrum-empty", "floralzonescosmopolitanregion:smallberrybush-empetrumnigrum-flowering", "floralzonescosmopolitanregion:smallberrybush-empetrumnigrum-ripe"],
		"minTemp": -14,
		"maxTemp": 13,
		"minRain": 0.12,
		"maxRain": 1,
		"maxFertility": 0.4,
		"chance": 0.1,
		"minForest": 0,
		"maxForest": 0.2,
		"minY": 0,
		"maxY": 0.69,
		"quantity": { "avg": 5, "var": 3 },
          "offsetX": { "avg": 0, "var": 3 },
          "offsetZ": { "avg": 0, "var": 3 }
	},
        "file": "game:worldgen/blockpatches/berrybush.json",
        "side": "server",
		  },
	      {
        "op": "addmerge",
        "path": "/-",
        "value": {
		"comment": "Small Patches of Common Juniper",
		"blockCodes": ["floralzonescosmopolitanregion:bigberrybush-juniperuscommunis-empty", "floralzonescosmopolitanregion:bigberrybush-juniperuscommunis-flowering", "floralzonescosmopolitanregion:bigberrybush-juniperuscommunis-ripe","floralzonescosmopolitanregion:smallberrybush-juniperuscommunis-empty", "floralzonescosmopolitanregion:smallberrybush-juniperuscommunis-flowering", "floralzonescosmopolitanregion:smallberrybush-juniperuscommunis-ripe"],
		"minTemp": -3,
		"maxTemp": 14,
		"minRain": 0.3,
		"maxRain": 1,
		"maxFertility": 1,
		"chance": 0.025,
		"minForest": 0.2,
		"maxForest": 0.8,
		"maxY": 0.5,
		"quantity": { "avg": 3, "var": 2 },
          "offsetX": { "avg": 4, "var": 10 },
          "offsetZ": { "avg": 4, "var": 10 }
	},
        "file": "game:worldgen/blockpatches/berrybush.json",
        "side": "server",
		  },
	      {
        "op": "addmerge",
        "path": "/-",
        "value": {
		"comment": "Small Patches of Common Juniper",
		"blockCodes": ["floralzonescosmopolitanregion:smallberrybush-juniperuscommunis-empty", "floralzonescosmopolitanregion:smallberrybush-juniperuscommunis-flowering", "floralzonescosmopolitanregion:smallberrybush-juniperuscommunis-ripe"],
		"minTemp": -12,
		"maxTemp": 14,
		"minRain": 0.15,
		"maxRain": 1,
		"maxFertility": 1,
		"chance": 0.025,
		"minForest": 0,
		"maxForest": 0.4,
		"maxY": 0.7,
		"quantity": { "avg": 3, "var": 2 },
          "offsetX": { "avg": 4, "var": 10 },
          "offsetZ": { "avg": 4, "var": 10 }
	},
        "file": "game:worldgen/blockpatches/berrybush.json",
        "side": "server",
		  },
	      {
        "op": "addmerge",
        "path": "/-",
        "value": {
		"comment": "Varied Patches of White Mangrove roots",
		"blockCodes": ["floralzonescosmopolitanregion:fern-lagunculariaracemosa","floralzonescosmopolitanregion:fern-lagunculariaracemosa","floralzonescosmopolitanregion:fern-lagunculariaracemosa","floralzonescosmopolitanregion:fern-lagunculariaracemosa","floralzonescosmopolitanregion:bigberrybush-lagunculariaracemosa-empty"],
		"minTemp": 20,
		"maxTemp": 37,
		"minRain": 0.55,
		"maxRain": 1,
		"minFertility": 0.5,
		"maxFertility": 1,
		"chance": 1,
		"minForest": 0.4,
		"maxForest": 1,
		"placement": "NearWater",
		"maxY": 0.05,
		"quantity": { "avg": 150, "var": 140 },
          "offsetX": { "avg": 10, "var": 5 },
          "offsetZ": { "avg": 10, "var": 5 }
	},
        "file": "game:worldgen/blockpatches/berrybush.json",
        "side": "server",
		  },
	      {
        "op": "addmerge",
        "path": "/-",
        "value": {
		"comment": "Small Patches of Cloudberry",
		"blockCodes": ["floralzonescosmopolitanregion:smallberrybush-rubuschamaemorus-empty", "floralzonescosmopolitanregion:smallberrybush-rubuschamaemorus-flowering", "floralzonescosmopolitanregion:smallberrybush-rubuschamaemorus-ripe"],
		"minTemp": -14,
		"maxTemp": 4,
		"minRain": 0.08,
		"maxRain": 1,
		"maxFertility": 0.4,
		"chance": 0.1,
		"minForest": 0,
		"maxForest": 0.6,
		"maxY": 0.21,
		"quantity": { "avg": 4, "var": 2 },
          "offsetX": { "avg": 4, "var": 6 },
          "offsetZ": { "avg": 4, "var": 6 }
	},
        "file": "game:worldgen/blockpatches/berrybush.json",
        "side": "server",
		  },
	      {
        "op": "addmerge",
        "path": "/-",
        "value": {
		"comment": "Small Patches of Vanilla",
		"blockCodes": ["floralzonescosmopolitanregion:smallberrybush-vanillaplanifolia-empty", "floralzonescosmopolitanregion:smallberrybush-vanillaplanifolia-flowering", "floralzonescosmopolitanregion:smallberrybush-vanillaplanifolia-ripe"],
		"minTemp": 20,
		"maxTemp": 30,
		"minRain": 0.88,
		"maxRain": 1,
		"minFertility": 0.6,
		"maxFertility": 1,
		"chance": 0.1,
		"minForest": 0.8,
		"maxForest": 1,
		"placement": "OnSurfacePlusUnderTrees",
		"maxY": 0.53,
		"quantity": { "avg": 4, "var": 2 },
          "offsetX": { "avg": 4, "var": 6 },
          "offsetZ": { "avg": 4, "var": 6 }
	},
        "file": "game:worldgen/blockpatches/berrybush.json",
        "side": "server",
		  }
]