{
	"editor": {
		"allAngles": false,
		"entityTextureMode": false
	},
	"textureWidth": 16,
	"textureHeight": 16,
	"textureSizes": {
		"ipomoeabatatas": [4,4]
	},
	"textures": {
		"ipomoeabatatas": "item/food/vegetable/ipomoeabatatas"
	},
	"elements": [
		{
			"name": "Body",
			"from": [ 6.0, 0.0, 7.0 ],
			"to": [ 10.0, 2.0, 9.0 ],
			"rotationOrigin": [ 6.0, 0.0, 7.0 ],
			"faces": {
				"north": { "texture": "#ipomoeabatatas", "uv": [ 0.0, 0.0, 2.0, 4.0 ], "rotation": 90 },
				"east": { "texture": "#ipomoeabatatas", "uv": [ 2.0, 0.0, 4.0, 2.0 ] },
				"south": { "texture": "#ipomoeabatatas", "uv": [ 0.0, 0.0, 2.0, 4.0 ], "rotation": 90 },
				"west": { "texture": "#ipomoeabatatas", "uv": [ 2.0, 1.0, 4.0, 3.0 ] },
				"up": { "texture": "#ipomoeabatatas", "uv": [ 0.0, 0.0, 2.0, 4.0 ], "rotation": 90 },
				"down": { "texture": "#ipomoeabatatas", "uv": [ 0.0, 0.0, 2.0, 4.0 ], "rotation": 90 }
			},
			"children": [
				{
					"name": "Top",
					"from": [ -0.5, 0.25, 0.25 ],
					"to": [ 0.0, 1.75, 1.75 ],
					"rotationOrigin": [ -0.5, 0.25, 0.25 ],
					"faces": {
						"north": { "texture": "#ipomoeabatatas", "uv": [ 0.0, 0.0, 0.5, 1.5 ] },
						"south": { "texture": "#ipomoeabatatas", "uv": [ 0.0, 0.0, 0.5, 1.5 ] },
						"west": { "texture": "#ipomoeabatatas", "uv": [ 2.5, 1.5, 4.0, 3.0 ] },
						"up": { "texture": "#ipomoeabatatas", "uv": [ 0.0, 0.0, 0.5, 1.5 ] },
						"down": { "texture": "#ipomoeabatatas", "uv": [ 0.0, 0.0, 0.5, 1.5 ] }
					}
				},
				{
					"name": "Bottom",
					"from": [ 4.0, 0.25, 0.25 ],
					"to": [ 5.0, 1.75, 1.75 ],
					"rotationOrigin": [ 4.0, 0.25, 0.25 ],
					"rotationY": -5.0,
					"faces": {
						"north": { "texture": "#ipomoeabatatas", "uv": [ 3.0, 0.0, 4.0, 1.5 ] },
						"east": { "texture": "#ipomoeabatatas", "uv": [ 2.5, 1.5, 4.0, 3.0 ] },
						"south": { "texture": "#ipomoeabatatas", "uv": [ 3.0, 0.0, 4.0, 1.5 ] },
						"up": { "texture": "#ipomoeabatatas", "uv": [ 2.5, 0.0, 3.5, 1.5 ] },
						"down": { "texture": "#ipomoeabatatas", "uv": [ 2.5, 0.0, 3.5, 1.5 ] }
					},
					"children": [
						{
							"name": "Tip",
							"from": [ 1.0, 0.25, 0.25 ],
							"to": [ 1.5, 1.25, 1.25 ],
							"rotationOrigin": [ 1.0, 0.25, 0.25 ],
							"faces": {
								"north": { "texture": "#ipomoeabatatas", "uv": [ 0.0, 0.0, 0.5, 1.0 ] },
								"east": { "texture": "#ipomoeabatatas", "uv": [ 3.0, 3.0, 4.0, 4.0 ] },
								"south": { "texture": "#ipomoeabatatas", "uv": [ 0.0, 0.0, 0.5, 1.0 ] },
								"up": { "texture": "#ipomoeabatatas", "uv": [ 0.0, 0.0, 0.5, 1.0 ] },
								"down": { "texture": "#ipomoeabatatas", "uv": [ 0.0, 0.0, 0.5, 1.0 ] }
							}
						}
					]
				}
			]
		}
	]}