{
	"editor": {
		"allAngles": false,
		"entityTextureMode": false
	},
	"textureWidth": 8,
	"textureHeight": 8,
	"textureSizes": {
		"currant": [8,8]
	},
	"textures": {
		"currant": "item/resource/seeds/comarostaphylisarbutoides"
	},
	"elements": [
		{
			"name": "origin",
			"from": [ 8.0, 0.0, 8.0 ],
			"to": [ 8.0, 0.0, 8.0 ],
			"rotationOrigin": [ 8.0, 0.0, 8.0 ],
			"faces": {
			},
			"children": [
				{
					"name": "branch",
					"from": [ -0.3, -3.0, -0.3 ],
					"to": [ 0.3, 5.0, 0.3 ],
					"rotationOrigin": [ 0.0, 2.0, 0.0 ],
					"rotationX": -90.0,
					"rotationZ": -45.0,
					"faces": {
						"north": { "texture": "#currant", "uv": [ 0.0, 7.0, 8.0, 7.5 ], "rotation": 90 },
						"east": { "texture": "#currant", "uv": [ 0.0, 7.0, 8.0, 7.5 ], "rotation": 90 },
						"south": { "texture": "#currant", "uv": [ 0.0, 6.5, 8.0, 7.0 ], "rotation": 90 },
						"west": { "texture": "#currant", "uv": [ 0.0, 6.0, 8.0, 6.5 ], "rotation": 90 },
						"up": { "texture": "#currant", "uv": [ 6.0, 7.0, 6.5, 7.5 ] },
						"down": { "texture": "#currant", "uv": [ 3.0, 7.0, 3.5, 7.5 ] }
					},
					"children": [
						{
							"name": "berry1",
							"from": [ 0.3, 5.5, -0.7 ],
							"to": [ 2.3, 7.5, 1.3 ],
							"rotationOrigin": [ 1.3, 6.5, 0.3 ],
							"rotationY": -22.5,
							"faces": {
								"north": { "texture": "#currant", "uv": [ 0.0, 0.0, 2.0, 2.0 ] },
								"east": { "texture": "#currant", "uv": [ 0.0, 0.0, 2.0, 2.0 ] },
								"south": { "texture": "#currant", "uv": [ 0.0, 0.0, 2.0, 2.0 ] },
								"west": { "texture": "#currant", "uv": [ 0.0, 0.0, 2.0, 2.0 ] },
								"up": { "texture": "#currant", "uv": [ 0.0, 0.0, 2.0, 2.0 ] },
								"down": { "texture": "#currant", "uv": [ 0.0, 0.0, 2.0, 2.0 ] }
							}
						},
						{
							"name": "berry2",
							"from": [ -1.7, 2.5, -1.7 ],
							"to": [ 0.3, 4.5, 0.3 ],
							"rotationOrigin": [ -0.7, 3.5, -0.7 ],
							"faces": {
								"north": { "texture": "#currant", "uv": [ 0.0, 0.0, 2.0, 2.0 ] },
								"east": { "texture": "#currant", "uv": [ 0.0, 0.0, 2.0, 2.0 ] },
								"south": { "texture": "#currant", "uv": [ 0.0, 0.0, 2.0, 2.0 ] },
								"west": { "texture": "#currant", "uv": [ 0.0, 0.0, 2.0, 2.0 ] },
								"up": { "texture": "#currant", "uv": [ 0.0, 0.0, 2.0, 2.0 ] },
								"down": { "texture": "#currant", "uv": [ 0.0, 0.0, 2.0, 2.0 ] }
							}
						},
						{
							"name": "berry3",
							"from": [ 0.3, 2.0, 0.3 ],
							"to": [ 2.3, 4.0, 2.3 ],
							"rotationOrigin": [ 1.3, 3.0, 1.3 ],
							"faces": {
								"north": { "texture": "#currant", "uv": [ 0.0, 0.0, 2.0, 2.0 ] },
								"east": { "texture": "#currant", "uv": [ 0.0, 0.0, 2.0, 2.0 ] },
								"south": { "texture": "#currant", "uv": [ 0.0, 0.0, 2.0, 2.0 ] },
								"west": { "texture": "#currant", "uv": [ 0.0, 0.0, 2.0, 2.0 ] },
								"up": { "texture": "#currant", "uv": [ 0.0, 0.0, 2.0, 2.0 ] },
								"down": { "texture": "#currant", "uv": [ 0.0, 0.0, 2.0, 2.0 ] }
							}
						},
						{
							"name": "berry4",
							"from": [ -1.7, 5.0, -0.7 ],
							"to": [ 0.3, 7.0, 1.3 ],
							"rotationOrigin": [ -0.7, 6.0, 0.3 ],
							"rotationY": 22.5,
							"faces": {
								"north": { "texture": "#currant", "uv": [ 0.0, 0.0, 2.0, 2.0 ] },
								"east": { "texture": "#currant", "uv": [ 0.0, 0.0, 2.0, 2.0 ] },
								"south": { "texture": "#currant", "uv": [ 0.0, 0.0, 2.0, 2.0 ] },
								"west": { "texture": "#currant", "uv": [ 0.0, 0.0, 2.0, 2.0 ] },
								"up": { "texture": "#currant", "uv": [ 0.0, 0.0, 2.0, 2.0 ] },
								"down": { "texture": "#currant", "uv": [ 0.0, 0.0, 2.0, 2.0 ] }
							}
						},
						{
							"name": "berry5",
							"from": [ 0.3, 3.5, -1.7 ],
							"to": [ 2.3, 5.5, 0.3 ],
							"rotationOrigin": [ 1.3, 4.5, -0.7 ],
							"rotationY": -45.0,
							"faces": {
								"north": { "texture": "#currant", "uv": [ 0.0, 0.0, 2.0, 2.0 ] },
								"east": { "texture": "#currant", "uv": [ 0.0, 0.0, 2.0, 2.0 ] },
								"south": { "texture": "#currant", "uv": [ 0.0, 0.0, 2.0, 2.0 ] },
								"west": { "texture": "#currant", "uv": [ 0.0, 0.0, 2.0, 2.0 ] },
								"up": { "texture": "#currant", "uv": [ 0.0, 0.0, 2.0, 2.0 ] },
								"down": { "texture": "#currant", "uv": [ 0.0, 0.0, 2.0, 2.0 ] }
							}
						},
						{
							"name": "berry6",
							"from": [ -1.7, 0.5, -0.7 ],
							"to": [ 0.3, 2.5, 1.3 ],
							"rotationOrigin": [ -0.7, 1.5, 0.3 ],
							"rotationY": -45.0,
							"faces": {
								"north": { "texture": "#currant", "uv": [ 0.0, 0.0, 2.0, 2.0 ] },
								"east": { "texture": "#currant", "uv": [ 0.0, 0.0, 2.0, 2.0 ] },
								"south": { "texture": "#currant", "uv": [ 0.0, 0.0, 2.0, 2.0 ] },
								"west": { "texture": "#currant", "uv": [ 0.0, 0.0, 2.0, 2.0 ] },
								"up": { "texture": "#currant", "uv": [ 0.0, 0.0, 2.0, 2.0 ] },
								"down": { "texture": "#currant", "uv": [ 0.0, 0.0, 2.0, 2.0 ] }
							}
						},
						{
							"name": "berry7",
							"from": [ 0.3, -0.7, -0.7 ],
							"to": [ 2.3, 1.3, 1.3 ],
							"rotationOrigin": [ 1.3, 0.3, 0.3 ],
							"rotationY": -22.5,
							"faces": {
								"north": { "texture": "#currant", "uv": [ 0.0, 0.0, 2.0, 2.0 ] },
								"east": { "texture": "#currant", "uv": [ 0.0, 0.0, 2.0, 2.0 ] },
								"south": { "texture": "#currant", "uv": [ 0.0, 0.0, 2.0, 2.0 ] },
								"west": { "texture": "#currant", "uv": [ 0.0, 0.0, 2.0, 2.0 ] },
								"up": { "texture": "#currant", "uv": [ 0.0, 0.0, 2.0, 2.0 ] },
								"down": { "texture": "#currant", "uv": [ 0.0, 0.0, 2.0, 2.0 ] }
							}
						},
						{
							"name": "leaf",
							"from": [ -2.7, 7.0, 0.3 ],
							"to": [ 3.3, 13.0, 0.3 ],
							"rotationOrigin": [ 0.3, 8.0, 0.3 ],
							"rotationX": 45.0,
							"rotationY": 22.5,
							"faces": {
								"north": { "texture": "#currant", "uv": [ 2.0, 0.0, 8.0, 6.0 ] }
							}
						}
					]
				}
			]
		}
	]}