﻿{
  "code": "toolbasicwand",
  "class": "ItemToolBasicWandRM",
  "enabled": false,

  "storageFlags": 131329,

  "variantgroups": [
    {
      "code": "variant",
      "states": [ "wood", "bone" ] //,
      //"loadFromProperties": "rustboundmagic:abstract/elements"
    },
    {
      "code": "type",
      "states": [
        //"transmutation",

        "rustorb0",

        "fireball0",
        "aquaburst0",
        "aeroblast0",
        "stonefist0",
        "thunderbolt0",
        "coldsnap0",
        "wealdburst0",
        "shadowbolt0",

        "plunder0",
        "silentsteps0",
        "nourishingaura0",

        "befriendanimal0",
        "fertilize0",

        "shadowstep0",
        "ignite0",
        "hydratefarmland0",
        "reap0"
      ] //,
      //"loadFromProperties": "rustboundmagic:abstract/elements"
    }
  ],
  //"storageFlags": 257,

  "attributesByType": {
    "*-wood-*": {
      "rackable": true,
      "toolrackTransform": {
        "rotation": {
          "y": 0,
          "z": 0
        },
        "translation": {
          "x": -0.2,
          "y": 0.75,
          "z": 0
        },
        "scale": 1.5
      },
      "handbook": {
        "groupBy": [ "toolbasicwand-wood-*" ],
        "extraSections": [
          {
            "title": "game:Created by",
            "text": "rustboundmagic:handbook-thaumicworkbenchonlytier1-text"
          },
          {
            "title": "rustboundmagic:handbook-magictooluse-title",
            "text": "rustboundmagic:handbook-toolusespellcastingsinglespell-text"
          }
        ]
      }
    },
    "*-bone-*": {
      "rackable": true,
      "toolrackTransform": {
        "rotation": {
          "y": 0,
          "z": 0
        },
        "translation": {
          "x": -0.2,
          "y": 0.75,
          "z": 0
        },
        "scale": 1.5
      },
      "handbook": {
        "groupBy": [ "toolbasicwand-bone-*" ],
        "extraSections": [
          {
            "title": "game:Created by",
            "text": "rustboundmagic:handbook-thaumicworkbenchonlytier1-text"
          },
          {
            "title": "rustboundmagic:handbook-magictooluse-title",
            "text": "rustboundmagic:handbook-toolusespellcastingsinglespell-text"
          }
        ]
      }
    }
  },



  "creativeinventory": {
    "general": [ "*" ],
    "items": [ "*" ],
    "tools": [ "*" ],
    "rustboundmagicequipment": [ "*" ]
  },

  "maxstacksize": 1,
  "materialDensity": 1200,

  "heldTpHitAnimation": "smithingwide",
  "heldTpUseAnimation": "interactstatic",

  "shapeByType": {
    "*": { "base": "items/tools/toolbasicwand" }
  },
  "texturesByType": {
    "*-wood-*": {
      "default": { "base": "default" },
      "oak": { "base": "game:block/wood-generic" },
      "captiprim": { "base": "game:block/cloth/linen/black" },
      "captip": { "base": "items/tools/toolbasicwand/captip-{type}" },
      "cap": { "base": "default" }
    },
    "*-bone-*": {
      "default": { "base": "default" },
      "oak": { "base": "game:block/creature/bone-yellow" },
      "captiprim": { "base": "game:block/cloth/linen/black" },
      "captip": { "base": "items/tools/toolbasicwand/captip-{type}" },
      "cap": { "base": "default" }
    }
  },

  "damagedby": [ "blockbreaking", "attacking" ],

  "durabilityByType": {
    //"*-wood-transmutation": 50,
    "*-wood-rustorb0": 50,
    "*-wood-fireball0": 50,
    "*-wood-aquaburst0": 50,
    "*-wood-aeroblast0": 50,
    "*-wood-stonefist0": 50,
    "*-wood-thunderbolt0": 50,
    "*-wood-coldsnap0": 50,
    "*-wood-wealdburst0": 50,
    "*-wood-shadowbolt0": 50,

    "*-wood-plunder0": 32,
    "*-wood-silentsteps0": 32,
    "*-wood-nourishingaura0": 32,

    "*-wood-befriendanimal0": 32,
    "*-wood-fertilize0": 32,

    "*-wood-shadowstep0": 32,
    "*-wood-ignite0": 32,
    "*-wood-hydratefarmland0": 50,
    "*-wood-reap0": 50,



    //"*-bone-transmutation": 75,
    "*-bone-rustorb0": 75,
    "*-bone-fireball0": 75,
    "*-bone-aquaburst0": 75,
    "*-bone-aeroblast0": 75,
    "*-bone-stonefist0": 75,
    "*-bone-thunderbolt0": 75,
    "*-bone-coldsnap0": 75,
    "*-bone-wealdburst0": 75,
    "*-bone-shadowbolt0": 75,

    "*-bone-plunder0": 48,
    "*-bone-silentsteps0": 48,
    "*-bone-nourishingaura0": 48,

    "*-bone-befriendanimal0": 48,
    "*-bone-fertilize0": 48,

    "*-bone-shadowstep0": 48,
    "*-bone-ignite0": 48,
    "*-bone-hydratefarmland0": 75,
    "*-bone-reap0": 75
  },

  "tooltierByType": {
    "*": 1
  },

  "attackpowerByType": {
    "*": 0.8
  },


  "guiTransform": {
    "translation": {
      "x": 0,
      "y": 0,
      "z": 0
    },
    "rotation": {
      "x": -77,
      "y": 46,
      "z": 15
    },
    "origin": {
      "x": 0.5,
      "y": -0.3,
      "z": 0.5
    },
    "scale": 2
  },
  "fpHandTransform": {
    "translation": {
      "x": -0.5,
      "y": -0.2,
      "z": 0
    },
    "rotation": {
      "x": -33,
      "y": 7,
      "z": 90
    },
    "scale": 2.75
  },
  "groundTransform": {
    "translation": {
      "x": 0,
      "y": 0,
      "z": 0
    },
    "rotation": {
      "x": 0,
      "y": 0,
      "z": 0
    },
    "origin": {
      "x": 0.5,
      "y": 0,
      "z": 0.5
    },
    "scale": 4.5
  },
  "tpHandTransform": {
    "translation": {
      "x": -0.52,
      "y": -0.46,
      "z": -0.03
    },
    "rotation": {
      "x": 90,
      "y": 1,
      "z": 0
    },
    "scale": 1
  },
  "tpOffHandTransform": {
    "translation": {
      "x": -0.52,
      "y": -0.45,
      "z": -0.04
    },
    "rotation": {
      "x": 90,
      "y": 1,
      "z": 0
    },
    "scale": 1
  }
}