﻿{
  "code": "toolsummoningglyph",
  "class": "ItemToolSummoningGlyphRM",
  "enabled": false,

  "storageFlags": 131329,

  "variantgroups": [
    {
      "code": "glyphs",
      "states": [ "none" ],
      "loadFromProperties": "rustboundmagic:abstract/glyphs"
    }
  ],
  //"storageFlags": 257,

  "attributesByType": {
    "*": {
      "rackable": true,
      "toolrackTransform": {
        "rotation": {
          "x": 0,
          "y": -90,
          "z": 0
        },
        "translation": {
          "x": 0.3,
          "y": 0.75,
          "z": 0
        },
        "scale": 1.5
      },
      "handbook": {
        "groupBy": [ "toolsummoningglyph-*" ],
        "extraSections": [
          {
            "title": "game:Created by",
            "text": "rustboundmagic:handbook-thaumicworkbenchonlytier1-text"
          },
          {
            "title": "rustboundmagic:handbook-magictooluse-title",
            "text": "rustboundmagic:handbook-toolusespellcastingsinglespell-text"
          }
        ]
      }
    }
  },

  "creativeinventory": {
    "general": [ "*" ],
    "items": [ "*" ],
    "tools": [ "*" ],
    "rustboundmagicequipment": [ "*" ]
  },

  "maxstacksize": 1,
  "materialDensity": 1200,

  "heldTpHitAnimation": "falx",
  "heldTpUseAnimation": "interactstatic",

  "shapeByType": {
    "*": { "base": "items/tools/summoningglyphs/toolsummoningglyph-{glyphs}" }
  },
  "texturesByType": {
    "*": {
      "default": { "base": "default" },
      "decal": { "base": "blocks/magicruneblock/normal/rune1" },
      "decalbackground": { "base": "blocks/resources/enchantedstone/none/dark-enchantedstone-rock1" },
      "material": { "base": "blocks/resources/enchantedstone/none/enchantedstone-rock1" }
    }
  },

  "damagedby": [ "blockbreaking", "attacking" ],

  "durabilityByType": {
    "*": 50
  },

  "tooltierByType": {
    "*": 1
  },

  "attackpowerByType": {
    "*": 0.8
  },

  "guiTransform": {
    "translation": {
      "x": 2,
      "y": 1,
      "z": 0
    },
    "rotation": {
      "x": 125,
      "y": -45,
      "z": 0
    },
    "origin": {
      "x": 0.5,
      "y": 0.05,
      "z": 0.5
    },
    "scale": 2.5
  },
  "fpHandTransformByType": {
    "*": {
      "translation": {
        "x": 0.05,
        "y": 0.2,
        "z": 0
      },
      "rotation": {
        "x": 94,
        "y": 95,
        "z": -21
      },
      "origin": {
        "x": 0.5,
        "y": 0.1,
        "z": 0.5
      },
      "scale": 1.78
    }
  },
  "groundTransform": {
    "translation": {
      "x": 0,
      "y": 0,
      "z": 0
    },
    "rotation": {
      "x": 0,
      "y": 0,
      "z": 0
    },
    "origin": {
      "x": 0.5,
      "y": 0,
      "z": 0.5
    },
    "scale": 4.5
  },
  "tpHandTransform": {
    "translation": {
      "x": -1.05,
      "y": -0.27,
      "z": -1.06
    },
    "rotation": {
      "x": -88,
      "y": 0,
      "z": 0
    },
    "origin": {
      "x": 0.5,
      "y": 0.1,
      "z": 0.5
    },
    "scale": 0.5
  }
}