{
  "code": "ultimateweapon",
  "class": "ItemUltimateWeaponRM",
  //"tool": "sword",
  "enabled": false,

  "variantgroups": [
    {
      "code": "element",
      "states": [ "rust" ],
      "loadFromProperties": "rustboundmagic:abstract/elements"
    },
    {
      "code": "type",
      "states": [ "unstable", "permanent", "admin" ]
    }
  ],
  "skipVariants": [ "*-admin", "*-rust-*", "*-none-*" ],
  //"allowedVariants": [ "blade-falx-*" ],

  "behaviors": [
    {
      "name": "GroundStorable",
      "properties": {
        "layout": "WallHalves",
        "wallOffYByType": {
          //"blade-forlorn-iron": 2,
          //"blade-claymore-ruined": 2,
          //"blade-arming-ruined": 2,
          "*": 1
        },
        "ctrlKey": true,
        "selectionBox": {
          "x1": 0,
          "y1": 0,
          "z1": 0,
          "x2": 1,
          "y2": 0.1,
          "z2": 1
        },
        "collisionBox": {
          "x1": 0,
          "y1": 0,
          "z1": 0,
          "x2": 0,
          "y2": 0,
          "z2": 0
        }
      }
    },
    { "name": "AnimationAuthoritative" }
  ],

  "attributes": {
    "heldItemPitchFollow": 0.9,
    "handbook": {
      "groupBy": [ "ultimateweapon-*" ]
    },
    "rackable": true,
    "toolrackTransformByType": {
      "*-fire-*": {
        "rotation": {
          "x": -1,
          "y": 180,
          "z": 1
        },
        "translation": {
          "x": 0.49,
          "y": 0.62,
          "z": -0.02
        },
        "scale": 1.25
      },
      "*-water-*": {
        "rotation": {
          "x": 0,
          "y": 0,
          "z": 1
        },
        "translation": {
          "x": -0.51,
          "y": 0.62,
          "z": -0.02
        },
        "scale": 1.25
      },
      "*-wind-*": {
        "rotation": {
          "x": 0,
          "y": 180,
          "z": 1
        },
        "translation": {
          "x": 0.38,
          "y": 0.62,
          "z": -0.02
        },
        "scale": 1.25
      },
      "*-earth-*": {
        "rotation": {
          "x": 0,
          "y": 0,
          "z": 1
        },
        "translation": {
          "x": -0.48,
          "y": 0.62,
          "z": -0.02
        },
        "scale": 1.25
      },
      "*-lightning-*": {
        "rotation": {
          "x": 0,
          "y": 0,
          "z": 1
        },
        "translation": {
          "x": -0.08,
          "y": 0.6,
          "z": -0.02
        },
        "scale": 1.25
      },
      "*-frost-*": {
        "rotation": {
          "x": -1,
          "y": 0,
          "z": 1
        },
        "translation": {
          "x": -0.26,
          "y": 0.62,
          "z": -0.02
        },
        "scale": 1.25
      },
      "*-nature-*": {
        "rotation": {
          "x": -1,
          "y": 180,
          "z": 1
        },
        "translation": {
          "x": 0.77,
          "y": 0.62,
          "z": -0.02
        },
        "scale": 1.25
      },
      "*-arcane-*": {
        "rotation": {
          "x": 0,
          "y": 180,
          "z": 1
        },
        "translation": {
          "x": 0.47,
          "y": 0.6,
          "z": -0.02
        },
        "scale": 1.25
      }
    },
    "groundStorageTransformByType": {
      "*-fire-*": {
        "translation": {
          "x": 0.0,
          "y": 0.68,
          "z": 0.05
        },
        "rotation": {
          "x": 41,
          "y": 90,
          "z": -87
        },
        "scale": 0.88
      },
      "*-water-*": {
        "translation": {
          "x": 0.0,
          "y": 0.32,
          "z": 0.02
        },
        "rotation": {
          "x": 41,
          "y": 90,
          "z": -87
        },
        "scale": 0.88
      },
      "*-wind-*": {
        "translation": {
          "x": 0.0,
          "y": 0.68,
          "z": 0.05
        },
        "rotation": {
          "x": 41,
          "y": 90,
          "z": -87
        },
        "scale": 0.88
      },
      "*-earth-*": {
        "translation": {
          "x": 0.0,
          "y": 0.32,
          "z": 0.02
        },
        "rotation": {
          "x": 41,
          "y": 90,
          "z": -87
        },
        "scale": 0.88
      },
      "*-lightning-*": {
        "translation": {
          "x": 0.0,
          "y": 0.065,
          "z": -0.01
        },
        "rotation": {
          "x": 24,
          "y": 90,
          "z": -87
        },
        "scale": 0.88
      },
      "*-frost-*": {
        "translation": {
          "x": 0.20,
          "y": 0.45,
          "z": 0.05
        },
        "rotation": {
          "x": 24,
          "y": 60,
          "z": -87
        },
        "scale": 0.88
      },
      "*-nature-*": {
        "translation": {
          "x": 0.0,
          "y": 0.6,
          "z": 0.05
        },
        "rotation": {
          "x": 40,
          "y": 90,
          "z": -87
        },
        "scale": 0.88
      },
      "*-arcane-*": {
        "translation": {
          "x": 0.0,
          "y": 0.67,
          "z": 0.05
        },
        "rotation": {
          "x": 40,
          "y": 90,
          "z": -87
        },
        "scale": 0.88
      }
    }
  },

  "damagedby": [ "blockbreaking", "attacking" ],

  "shapeByType": {
    "*": { "base": "items/spells/summoneditems/summonedweapons/ultimateweapon-{element}" }
  },

  "heldTpHitAnimationByType": {
    "*-fire-*": "spearhit",
    "*-water-*": "falx",
    "*-wind-*": "spearhit",
    "*-earth-*": "falx",
    "*-lightning-*": "falx",
    "*-frost-*": "falx",
    "*-nature-*": "spearhit",
    "*-arcane-*": "falx"
  },

  "texturesByType": {
    "*-fire-*": {
      "default": { "base": "default" },
      "eldrathium": { "base": "blocks/eldrathium" },
      "handle1": { "base": "game:block/leather/poor" },
      "handle2": { "base": "game:block/linen" },
      "decal1": { "base": "default" },
      "material1": { "base": "items/spells/summoneditems/summonedweapon/ultimateweapon-fire-1" },
      "material2": { "base": "items/spells/summoneditems/summonedweapon/ultimateweapon-fire-2" },
      "material3": { "base": "items/spells/summoneditems/summonedweapon/ultimateweapon-fire-3" }
    },
    "*-water-*": {
      "default": { "base": "default" },
      "eldrathium": { "base": "blocks/eldrathium" },
      "handle1": { "base": "game:block/leather/poor" },
      "handle2": { "base": "game:block/linen" },
      "decal1": { "base": "default" },
      "material1": { "base": "items/spells/summoneditems/summonedweapon/ultimateweapon-water-1" },
      "material2": { "base": "items/spells/summoneditems/summonedweapon/ultimateweapon-water-2" },
      "material3": { "base": "items/spells/summoneditems/summonedweapon/ultimateweapon-water-3" }
    },
    "*-wind-*": {
      "default": { "base": "default" },
      "eldrathium": { "base": "blocks/eldrathium" },
      "handle1": { "base": "game:block/leather/poor" },
      "handle2": { "base": "game:block/linen" },
      "decal1": { "base": "default" },
      "material1": { "base": "items/spells/summoneditems/summonedweapon/ultimateweapon-wind-1" },
      "material2": { "base": "items/spells/summoneditems/summonedweapon/ultimateweapon-wind-2" },
      "material3": { "base": "items/spells/summoneditems/summonedweapon/ultimateweapon-wind-3" }
    },
    "*-earth-*": {
      "default": { "base": "default" },
      "eldrathium": { "base": "blocks/eldrathium" },
      "handle1": { "base": "game:block/leather/poor" },
      "handle2": { "base": "game:block/linen" },
      "decal1": { "base": "default" },
      "material1": { "base": "items/spells/summoneditems/summonedweapon/ultimateweapon-earth-1" },
      "material2": { "base": "items/spells/summoneditems/summonedweapon/ultimateweapon-earth-2" },
      "material3": { "base": "items/spells/summoneditems/summonedweapon/ultimateweapon-earth-3" }
    },
    "*-lightning-*": {
      "default": { "base": "default" },
      "eldrathium": { "base": "blocks/eldrathium" },
      "handle1": { "base": "game:block/leather/poor" },
      "handle2": { "base": "game:block/linen" },
      "decal1": { "base": "default" },
      "material1": { "base": "items/spells/summoneditems/summonedweapon/ultimateweapon-lightning-1" },
      "material2": { "base": "items/spells/summoneditems/summonedweapon/ultimateweapon-lightning-2" },
      "material3": { "base": "items/spells/summoneditems/summonedweapon/ultimateweapon-lightning-3" }
    },
    "*-frost-*": {
      "default": { "base": "default" },
      "eldrathium": { "base": "blocks/eldrathium" },
      "handle1": { "base": "game:block/leather/poor" },
      "handle2": { "base": "game:block/linen" },
      "decal1": { "base": "default" },
      "material1": { "base": "items/spells/summoneditems/summonedweapon/ultimateweapon-frost-1" },
      "material2": { "base": "items/spells/summoneditems/summonedweapon/ultimateweapon-frost-2" },
      "material3": { "base": "items/spells/summoneditems/summonedweapon/ultimateweapon-frost-3" }
    },
    "*-nature-*": {
      "default": { "base": "default" },
      "eldrathium": { "base": "blocks/eldrathium" },
      "handle1": { "base": "game:block/leather/poor" },
      "handle2": { "base": "game:block/linen" },
      "decal1": { "base": "default" },
      "material1": { "base": "items/spells/summoneditems/summonedweapon/ultimateweapon-nature-1" },
      "material2": { "base": "items/spells/summoneditems/summonedweapon/ultimateweapon-nature-2" },
      "material3": { "base": "items/spells/summoneditems/summonedweapon/ultimateweapon-nature-3" }
    },
    "*-arcane-*": {
      "default": { "base": "default" },
      "eldrathium": { "base": "blocks/eldrathium" },
      "handle1": { "base": "game:block/leather/poor" },
      "handle2": { "base": "game:block/linen" },
      "decal1": { "base": "default" },
      "material1": { "base": "items/spells/summoneditems/summonedweapon/ultimateweapon-arcane-1" },
      "material2": { "base": "items/spells/summoneditems/summonedweapon/ultimateweapon-arcane-2" },
      "material3": { "base": "items/spells/summoneditems/summonedweapon/ultimateweapon-arcane-3" }
    }
  },

  "attackRangebytype": {
    "*-fire-*": 3.5,
    "*-water-*": 3.5,
    "*-wind-*": 3.5,
    "*-earth-*": 3.5,
    "*-lightning-*": 3.5,
    "*-frost-*": 3.5,
    "*-nature-*": 3.5,
    "*-arcane-*": 3.5,
    "*": 2.5
  },

  "tooltierbytype": {
    "*-fire-*": 5,
    "*-water-*": 5,
    "*-wind-*": 5,
    "*-earth-*": 5,
    "*-lightning-*": 5,
    "*-frost-*": 5,
    "*-nature-*": 5,
    "*-arcane-*": 5,
    "*": 1
  },

  "attackpowerbytype": {
    "*-fire-*": 6,
    "*-water-*": 6,
    "*-wind-*": 6,
    "*-earth-*": 6,
    "*-lightning-*": 6,
    "*-frost-*": 6,
    "*-nature-*": 6,
    "*-arcane-*": 6,
    "*": 2
  },

  "durabilitybytype": {
    "*-fire-*": 30,
    "*-water-*": 30,
    "*-wind-*": 30,
    "*-earth-*": 30,
    "*-lightning-*": 30,
    "*-frost-*": 30,
    "*-nature-*": 30,
    "*-arcane-*": 30,
    "*": 50
  },

  "creativeinventoryByType": {
    "*": {
      "general": [ "*" ],
      "items": [ "*" ],
      "tools": [ "*" ],
      "rustboundmagic": [ "*" ]
    }
  },

  "transitionablePropsByType": {
    "*-unstable": [
      {
        "type": "Harden",
        "freshHours": { "avg": 0 },
        "transitionHours": { "avg": 4 },
        "transitionedStack": {
          "type": "item",
          "code": "game:rot"
        },
        "transitionRatio": 0
      }
    ]
  },

  "guiTransformByType": {
    "*-fire-*": {
      "translation": {
        "x": 0,
        "y": 0,
        "z": 0
      },
      "rotation": {
        "x": -77,
        "y": 46,
        "z": 15
      },
      "origin": {
        "x": 1.1,
        "y": 0,
        "z": 0.45
      },
      "scale": 1.25
    },
    "*-water-*": {
      "translation": {
        "x": 0,
        "y": 0,
        "z": 0
      },
      "rotation": {
        "x": -77,
        "y": 46,
        "z": 15
      },
      "origin": {
        "x": 0.8,
        "y": 0,
        "z": 0.45
      },
      "scale": 1.5
    },
    "*-wind-*": {
      "translation": {
        "x": 0,
        "y": 0,
        "z": 0
      },
      "rotation": {
        "x": -77,
        "y": 46,
        "z": 15
      },
      "origin": {
        "x": 1,
        "y": 0,
        "z": 0.45
      },
      "scale": 1.5
    },
    "*-earth-*": {
      "translation": {
        "x": 0,
        "y": 0,
        "z": 0
      },
      "rotation": {
        "x": -77,
        "y": 46,
        "z": 15
      },
      "origin": {
        "x": 0.8,
        "y": 0,
        "z": 0.45
      },
      "scale": 1.5
    },
    "*-lightning-*": {
      "translation": {
        "x": 0,
        "y": 0,
        "z": 0
      },
      "rotation": {
        "x": -77,
        "y": 46,
        "z": 15
      },
      "origin": {
        "x": 0.7,
        "y": 0,
        "z": 0.45
      },
      "scale": 1.5
    },
    "*-frost-*": {
      "translation": {
        "x": 0,
        "y": 0,
        "z": 0
      },
      "rotation": {
        "x": -77,
        "y": 46,
        "z": 15
      },
      "origin": {
        "x": 0.9,
        "y": 0,
        "z": 0.45
      },
      "scale": 1.5
    },
    "*-nature-*": {
      "translation": {
        "x": 0,
        "y": 0,
        "z": 0
      },
      "rotation": {
        "x": -77,
        "y": 46,
        "z": 15
      },
      "origin": {
        "x": 1.03,
        "y": 0,
        "z": 0.46
      },
      "scale": 1.5
    },
    "*-arcane-*": {
      "translation": {
        "x": 0,
        "y": 0,
        "z": 0
      },
      "rotation": {
        "x": -77,
        "y": 46,
        "z": 15
      },
      "origin": {
        "x": 0.9,
        "y": 0,
        "z": 0.45
      },
      "scale": 1.5
    }
  },
  "groundTransformByType": {
    "*-fire-*": {
      "translation": {
        "x": 0,
        "y": 0,
        "z": 0
      },
      "rotation": {
        "x": 0,
        "y": 0,
        "z": 0
      },
      "origin": {
        "x": 0.5,
        "y": 0,
        "z": 0.5
      },
      "scale": 4.5
    },
    "*-water-*": {
      "translation": {
        "x": 0,
        "y": 0,
        "z": 0
      },
      "rotation": {
        "x": 0,
        "y": 0,
        "z": 0
      },
      "origin": {
        "x": 0.5,
        "y": 0,
        "z": 0.5
      },
      "scale": 4.5
    },
    "*-wind-*": {
      "translation": {
        "x": 0,
        "y": 0,
        "z": 0
      },
      "rotation": {
        "x": 0,
        "y": 0,
        "z": 0
      },
      "origin": {
        "x": 0.5,
        "y": 0,
        "z": 0.5
      },
      "scale": 4.5
    },
    "*-earth-*": {
      "translation": {
        "x": 0,
        "y": 0,
        "z": 0
      },
      "rotation": {
        "x": 0,
        "y": 0,
        "z": 0
      },
      "origin": {
        "x": 0.5,
        "y": 0,
        "z": 0.5
      },
      "scale": 4.5
    },
    "*-lightning-*": {
      "translation": {
        "x": 0,
        "y": 0.1,
        "z": 0
      },
      "rotation": {
        "x": 0,
        "y": 0,
        "z": 0
      },
      "origin": {
        "x": 0.5,
        "y": 0,
        "z": 0.5
      },
      "scale": 4.5
    },
    "*-frost-*": {
      "translation": {
        "x": 0,
        "y": 0,
        "z": 0
      },
      "rotation": {
        "x": 0,
        "y": 0,
        "z": 0
      },
      "origin": {
        "x": 0.5,
        "y": 0,
        "z": 0.5
      },
      "scale": 4.5
    },
    "*-nature-*": {
      "translation": {
        "x": 0,
        "y": 0,
        "z": 0
      },
      "rotation": {
        "x": 0,
        "y": 0,
        "z": 0
      },
      "origin": {
        "x": 0.5,
        "y": 0,
        "z": 0.5
      },
      "scale": 4.5
    },
    "*-arcane-*": {
      "translation": {
        "x": 0,
        "y": 0,
        "z": 0
      },
      "rotation": {
        "x": 0,
        "y": 0,
        "z": 0
      },
      "origin": {
        "x": 0.5,
        "y": 0,
        "z": 0.5
      },
      "scale": 4.5
    }
  },
  "fpHandTransform": {
    "translation": {
      "x": -0.5,
      "y": -0.2,
      "z": 0
    },
    "rotation": {
      "x": -33,
      "y": 7,
      "z": 90
    },
    "scale": 2.75
  },
  "tpHandTransform": {
    "translation": {
      "x": -0.52,
      "y": -0.46,
      "z": -0.03
    },
    "rotation": {
      "x": 90,
      "y": 1,
      "z": 0
    },
    "scale": 1
  },
  "tpOffHandTransform": {
    "translation": {
      "x": -0.5,
      "y": -0.46,
      "z": -0.04
    },
    "rotation": {
      "x": 90,
      "y": 1,
      "z": 0
    },
    "scale": 1
  }
}
