{
	"editor": {
		"collapsedPaths": "Root/east/slope-2/ridge/connect/lower/origin3/Grass2,Root/east/slope-2/roof/corner/ccw/lower2/origin2,Root/east/slope-3/roof/corner-fill,Root/east/slope-3/ridge/hip2,Root/east/slope-3/roof/main/middle,Root/east/slope-2/roof/main/upper,Root/east/slope-1/ridge,Root/east/slope-2/roof/corner/cw/lower/origin/Grass1,Root/east/slope-1/ridge/main/lower/origin,Root/east/slope-3/ridge/hip-fill,Root/east/slope-1/roof/main/lower/origin2,Root/east/slope-1/ridge/main/lower/origin/Grass1,Root/east/slope-1/roof/corner/cw/lower2/origin,Root/east/slope-3/eave/corner/ccw/upper/origin/Grass6,Root/east/slope-1/eave/corner/cw/upper/origin,Root/east/slope-3/roof/corner/cw/middle/origin/Grass1,Root/east/slope-5,Root/east/slope-1/roof/corner-fill,Root/east/slope-2/ridge/hip,Root/east/slope-4,Root/east/slope-1,Root/east/slope-2/ridge/main/upper/origin,Root/east/slope-2,Root/east/slope-1/ridge/connect/lower/origin3/Grass4,Root/east/slope-2/ridge/connect/lower2,Root/east/slope-2/ridge/hip/lower2,Root/east/slope-1/ridge/main/upper/origin/Grass2,Root/east/slope-3/roof/main,Root/east/slope-1/ridge/main-fill,Root/east/slope-2/roof/main-fill/lower,Root/east/slope-1/roof/corner/cw/lower,Root/east/slope-1/ridge/connect/upper/origin5,Root/east/slope-1/eave/corner/ccw/origin/Grass2,Root/east/slope-3/eave/main/upper/origin/Grass4,Root/east/slope-2/ridge/main/lower/origin,Root/east/slope-2/roof/corner/ccw,Root/east/slope-1/eave/main/upper/origin2,Root/east/slope-2/roof/corner/ccw/upper/origin,Root/east/slope-3/eave/main/upper/origin/Grass1,Root/east/slope-2/ridge/connect/lower/origin,Root/east/slope-2/ridge/main/lower/origin2,Root/east/slope-2/eave/corner/cw/upper/origin/Grass1,Root/east/slope-2/roof/main,Root/east/slope-2/eave/corner/cw/upper/origin/Grass2,Root/east/slope-1/ridge/hip-fill/upper,Root/east/slope-3/roof/corner/ccw,Root/east/slope-1/roof/corner/cw/middle,Root/east/slope-2/ridge/hip/lower/origin2,Root/east/slope-3/roof/corner/cw/middle2,Root/east/slope-1/roof/corner/ccw/lower/origin,Root/east/slope-1/roof/corner,Root/east/slope-2/ridge/hip-fill,Root/east/slope-2/eave,Root/east/slope-3/eave/main/upper/origin2,Root/east/slope-2/ridge/hip/upper,Root/east/slope-2/ridge/main/lower/origin/Grass1,Root/east/slope-1/eave/main/upper2,Root/east/slope-2/ridge/connect/upper/origin4,Root/east/slope-2/ridge/connect/upper/origin5,Root/east/slope-2/ridge/connect/upper/origin2,Root/east/slope-1/ridge/hip/lower,Root/east/slope-2/roof/main-fill,Root/east/slope-3/ridge/connect/lower/origin/Grass4,Root/east/slope-3/ridge/main-fill,Root/east/slope-3/ridge/main/lower/origin,Root/east/slope-1/roof/corner/ccw/upper,Root/east/slope-3/roof/corner,Root/east/slope-2/eave/main/upper/origin2,Root/east/slope-1/eave/main/upper/origin/Grass1,Root/east/slope-2/roof/corner,Root/east/slope-2/roof/corner/cw/upper/origin,Root/east/slope-3/eave/corner,Root/east/slope-3/ridge/connect,Root/east/slope-2/ridge/main/lower2,Root/east/slope-2/roof/main/lower/origin/Grass1,Root/east/slope-2/roof/corner-fill,Root/east/slope-2/eave/corner,Root/east/slope-1/roof/corner/ccw/lower/origin/Grass1,Root/east/slope-2/roof/corner-fill/lower,Root/east/slope-2/roof/corner/cw/lower2,Root/east/slope-1/roof/corner/ccw/middle,Root/east/slope-1/ridge/connect/upper,Root/east/slope-1/roof/corner/ccw,Root/east/slope-1/ridge/hip/upper/origin3,Root/east/slope-1/ridge/hip/upper/origin2,Root/east/slope-1/roof/corner-fill/middle,Root/east/slope-2/ridge/hip2/upper2,Root/east/slope-3/eave/corner/cw/upper/origin/Grass5,Root/east/slope-2/roof/corner/ccw/lower/origin/Grass1,Root/east/slope-3/roof/main-fill,Root/east/slope-3/eave/main/upper/origin,Root/east/slope-2/roof/corner-fill/upper,Root/east/slope-1/ridge/connect/lower,Root/east/slope-1/roof/corner-fill/lower,Root/east/slope-1/roof/main/lower/origin,Root/east/slope-2/eave/main/upper/origin,Root/east/slope-1/eave/main,Root/east/slope-1/ridge/hip/lower/origin/Grass2,Root/east/slope-3/eave/corner/cw/upper/origin2,Root/east/slope-1/ridge/hip/lower/origin,Root/east/slope-2/ridge/main-fill,Root/east/slope-2/roof/corner/ccw/lower,Root/east/slope-1/ridge/main/upper,Root/east/slope-3/eave/corner/ccw,Root/east/slope-2/ridge/hip2/lower2/origin2,Root/east/slope-2/eave/corner/cw,Root/east/slope-2/eave/corner/cw/upper/origin2,Root/east/slope-3/ridge/main,Root/east/slope-3/ridge/hip,Root/east/slope-1/ridge/connect/lower2,Root/east/slope-2/roof,Root/east/slope-2/ridge/main/upper,Root/east/slope-2/roof/main-fill/upper,Root/east/slope-2/ridge/hip/lower/origin/Grass2,Root/east/slope-3/ridge,Root/east/slope-2/roof/corner/cw/lower,Root/east/slope-1/ridge/hip/lower2,Root/east/slope-2/ridge/connect/lower/origin3,Root/east/slope-1/ridge/hip2/upper2,Root/east/slope-1/ridge/hip2/lower2/origin3,Root/east/slope-2/ridge/connect/lower/origin4,Root/east/slope-2/ridge/connect/lower/origin2,Root/east/slope-1/roof,Root/east/slope-1/ridge/hip2/lower2/origin2,Root/east/slope-1/roof/main/upper,Root/east/slope-1/roof/corner/cw/upper,Root/east/slope-1/roof/corner-fill/upper,Root/east/slope-2/roof/main/lower/origin2,Root/east/slope-1/roof/main/middle,Root/east/slope-1/ridge/main/lower2,Root/east/slope-1/eave/corner/cw/upper/origin/Grass2,Root/east/slope-3/eave,Root/east/slope-1/ridge/connect/lower/origin4,Root/east/slope-1/roof/corner/cw/lower/origin/Grass1,Root/east/slope-3/ridge/main/lower2,Root/east/slope-1/roof/main-fill,Root/east/slope-2/roof/corner/cw/upper,Root/east/slope-3/ridge/hip2/lower2/origin3,Root/east/slope-3/roof/corner/cw,Root/east/slope-2/ridge/main,Root/east/slope-3/ridge/hip2/lower2/origin2",
		"allAngles": false,
		"entityTextureMode": false
	},
	"textureWidth": 16,
	"textureHeight": 16,
	"textureSizes": {
		"normal": [32,16],
		"short-south": [24,24],
		"short-north": [24,24],
		"aged1": [16,16]
	},
	"textures": {
		"normal": "block/plant/grasscoverage/normal",
		"short-north": "block/plant/tallgrass/free/short-north",
		"short-south": "block/plant/tallgrass/free/short-south",
		"aged1": "block/wood/planks/aged/generic1",
		"fill": "block/wood/planks/aged/generic1",
		"aged-side": "block/wood/roof/aged-side",
		"aged-top": "block/wood/roof/aged-top"
	},
	"elements": [
		{
			"name": "east",
			"from": [ 0.0, 0.0, 0.0 ],
			"to": [ 0.0, 0.0, 0.0 ],
			"faces": {
			},
			"children": [
				{
					"name": "slope-3",
					"from": [ 0.0, 0.0, 0.0 ],
					"to": [ 0.0, 0.0, 0.0 ],
					"faces": {
					},
					"children": [
						{
							"name": "roof",
							"from": [ 0.0, 0.0, 0.0 ],
							"to": [ 0.0, 0.0, 0.0 ],
							"faces": {
							},
							"children": [
								{
									"name": "main",
									"from": [ 0.0, 0.0, 0.0 ],
									"to": [ 0.0, 0.0, 0.0 ],
									"faces": {
									},
									"children": [
										{
											"name": "middle",
											"from": [ 0.0, 0.0, 0.0 ],
											"to": [ 0.0, 0.0, 0.0 ],
											"faces": {
											},
											"children": [
												{
													"name": "origin",
													"from": [ 0.0, 0.0, 0.0 ],
													"to": [ 0.0, 0.0, 0.0 ],
													"rotationOrigin": [ 8.0, 8.0, 8.0 ],
													"rotationZ": 45.0,
													"faces": {
													},
													"children": [
														{
															"name": "slanted down",
															"from": [ -3.0, 7.0, -0.05 ],
															"to": [ 7.5, 10.5, 16.05 ],
															"rotationOrigin": [ 7.5, 7.0, 8.0 ],
															"faces": {
																"north": { "texture": "#aged-side", "uv": [ 0.0, 1.0, 10.5, 4.5 ] },
																"south": { "texture": "#aged-side", "uv": [ 0.0, 1.0, 10.5, 4.5 ] },
																"west": { "texture": "#aged-side", "uv": [ 0.0, 1.0, 16.0, 4.5 ] },
																"down": { "texture": "#aged1", "uv": [ 0.0, 5.0, 16.0, 15.5 ], "rotation": 90 }
															}
														},
														{
															"name": "slanted down6",
															"from": [ 7.5, 7.0, -0.05 ],
															"to": [ 19.65, 10.5, 16.05 ],
															"rotationOrigin": [ 7.5, 7.0, 7.95 ],
															"faces": {
																"north": { "texture": "#aged-side", "uv": [ 0.0, 1.0, 12.0, 4.5 ] },
																"east": { "texture": "#aged-side", "uv": [ 0.0, 1.0, 16.0, 4.5 ] },
																"south": { "texture": "#aged-side", "uv": [ 0.0, 1.0, 12.0, 4.5 ] },
																"down": { "texture": "#aged1", "uv": [ 0.0, 0.0, 16.0, 12.0 ], "rotation": 90 }
															}
														},
														{
															"name": "Edge",
															"from": [ -3.0, 10.5, -0.05 ],
															"to": [ -1.0, 13.5, 16.05 ],
															"rotationOrigin": [ -3.0, 10.5, -0.05 ],
															"faces": {
																"north": { "texture": "#aged-top", "uv": [ 0.0, 0.0, 2.0, 3.0 ] },
																"east": { "texture": "#aged-top", "uv": [ 0.0, 0.0, 16.0, 3.0 ], "rotation": 180 },
																"south": { "texture": "#aged-top", "uv": [ 14.0, 0.0, 16.0, 3.0 ] },
																"west": { "texture": "#aged-top", "uv": [ 0.0, 0.0, 16.0, 3.0 ] },
																"up": { "texture": "#aged-top", "uv": [ 0.0, 0.0, 16.0, 2.0 ], "rotation": 90 }
															}
														},
														{
															"name": "Grass1",
															"from": [ -1.0, 10.5, -0.05 ],
															"to": [ 15.0, 12.5, 16.05 ],
															"climateColorMap": "climatePlantTint",
															"seasonColorMap": "seasonalGrass",
															"rotationOrigin": [ -1.0, 10.5, -0.05 ],
															"faces": {
																"north": { "texture": "#normal", "uv": [ 0.0, 0.0, 16.0, 2.0 ] },
																"south": { "texture": "#normal", "uv": [ 0.0, 0.0, 16.0, 2.0 ] },
																"up": { "texture": "#normal", "uv": [ 16.0, 0.0, 32.0, 16.0 ] }
															},
															"children": [
																{
																	"name": "GrassE2",
																	"from": [ 5.0, 2.0, 0.0 ],
																	"to": [ 5.0, 7.0, 16.1 ],
																	"shade": false,
																	"climateColorMap": "climatePlantTint",
																	"seasonColorMap": "seasonalGrass",
																	"rotationOrigin": [ 5.0, 2.0, 8.0 ],
																	"rotationZ": -45.0,
																	"faces": {
																		"east": { "texture": "#short-north", "uv": [ 2.0, 16.0, 18.0, 21.0 ], "autoUv": false, "windMode": [-1,7,7,-1], "windData": [0,0,0,0] }
																	}
																},
																{
																	"name": "GrassE3",
																	"from": [ 10.0, 2.0, 0.0 ],
																	"to": [ 10.0, 7.0, 16.1 ],
																	"shade": false,
																	"climateColorMap": "climatePlantTint",
																	"seasonColorMap": "seasonalGrass",
																	"rotationOrigin": [ 10.0, 2.0, 8.0 ],
																	"rotationZ": -45.0,
																	"faces": {
																		"east": { "texture": "#short-south", "uv": [ 0.0, 16.0, 16.0, 21.0 ], "autoUv": false, "windMode": [-1,7,7,-1], "windData": [0,1,1,0] }
																	}
																},
																{
																	"name": "GrassE4",
																	"from": [ 15.0, 2.0, 0.0 ],
																	"to": [ 15.0, 7.0, 16.1 ],
																	"shade": false,
																	"climateColorMap": "climatePlantTint",
																	"seasonColorMap": "seasonalGrass",
																	"rotationOrigin": [ 15.0, 2.0, 8.0 ],
																	"rotationZ": -45.0,
																	"faces": {
																		"east": { "texture": "#short-north", "uv": [ 2.0, 16.0, 18.0, 21.0 ], "autoUv": false, "windMode": [-1,7,7,-1], "windData": [0,1,1,0] }
																	}
																},
																{
																	"name": "GrassE5",
																	"from": [ 19.0, 2.0, 0.0 ],
																	"to": [ 19.0, 7.0, 16.1 ],
																	"shade": false,
																	"climateColorMap": "climatePlantTint",
																	"seasonColorMap": "seasonalGrass",
																	"rotationOrigin": [ 19.0, 2.0, 8.0 ],
																	"rotationZ": -45.0,
																	"faces": {
																		"east": { "texture": "#short-south", "uv": [ 2.0, 16.0, 18.0, 21.0 ], "autoUv": false, "windMode": [-1,7,7,-1], "windData": [1,1,1,1] }
																	}
																},
																{
																	"name": "GrassE1",
																	"from": [ 1.0, 2.0, 0.0 ],
																	"to": [ 1.0, 7.0, 16.1 ],
																	"shade": false,
																	"climateColorMap": "climatePlantTint",
																	"seasonColorMap": "seasonalGrass",
																	"rotationOrigin": [ 1.0, 2.0, 8.0 ],
																	"rotationZ": -45.0,
																	"faces": {
																		"east": { "texture": "#short-south", "uv": [ 2.0, 16.0, 18.0, 21.0 ], "autoUv": false, "windMode": [-1,7,7,-1], "windData": [0,0,0,0] }
																	}
																},
																{
																	"name": "GrassN1",
																	"from": [ 0.0, 2.0, 1.0 ],
																	"to": [ 21.0, 7.0, 1.0 ],
																	"shade": false,
																	"climateColorMap": "climatePlantTint",
																	"seasonColorMap": "seasonalGrass",
																	"rotationOrigin": [ 0.0, 2.0, 9.0 ],
																	"faces": {
																		"north": { "texture": "#short-north", "uv": [ 2.0, 16.0, 23.0, 21.0 ], "autoUv": false, "windMode": [-1,7,7,-1], "windData": [0,0,1,1] }
																	}
																},
																{
																	"name": "GrassN2",
																	"from": [ 0.0, 2.0, 5.0 ],
																	"to": [ 21.0, 7.0, 5.0 ],
																	"shade": false,
																	"climateColorMap": "climatePlantTint",
																	"seasonColorMap": "seasonalGrass",
																	"rotationOrigin": [ 0.0, 2.0, 13.0 ],
																	"faces": {
																		"north": { "texture": "#short-south", "uv": [ 2.0, 16.0, 23.0, 21.0 ], "autoUv": false, "windMode": [-1,7,7,-1], "windData": [0,0,1,1] }
																	}
																},
																{
																	"name": "GrassN3",
																	"from": [ 0.0, 2.0, 8.0 ],
																	"to": [ 21.0, 7.0, 8.0 ],
																	"shade": false,
																	"climateColorMap": "climatePlantTint",
																	"seasonColorMap": "seasonalGrass",
																	"rotationOrigin": [ 0.0, 2.0, 16.0 ],
																	"faces": {
																		"north": { "texture": "#short-north", "uv": [ 2.0, 16.0, 23.0, 21.0 ], "autoUv": false, "windMode": [-1,7,7,-1], "windData": [0,0,1,1] }
																	}
																},
																{
																	"name": "GrassN4",
																	"from": [ 0.0, 2.0, 11.0 ],
																	"to": [ 21.0, 7.0, 11.0 ],
																	"shade": false,
																	"climateColorMap": "climatePlantTint",
																	"seasonColorMap": "seasonalGrass",
																	"rotationOrigin": [ 0.0, 2.0, 19.0 ],
																	"faces": {
																		"north": { "texture": "#short-south", "uv": [ 2.0, 16.0, 23.0, 21.0 ], "autoUv": false, "windMode": [-1,7,7,-1], "windData": [0,0,1,1] }
																	}
																},
																{
																	"name": "GrassN5",
																	"from": [ 0.0, 2.0, 14.0 ],
																	"to": [ 21.0, 7.0, 14.0 ],
																	"shade": false,
																	"climateColorMap": "climatePlantTint",
																	"seasonColorMap": "seasonalGrass",
																	"rotationOrigin": [ 0.0, 2.0, 22.0 ],
																	"faces": {
																		"north": { "texture": "#short-north", "uv": [ 2.0, 16.0, 23.0, 21.0 ], "autoUv": false, "windMode": [-1,7,7,-1], "windData": [0,0,1,1] }
																	}
																}
															]
														},
														{
															"name": "Grass2",
															"from": [ 15.0, 10.5, -0.05 ],
															"to": [ 19.65, 12.5, 16.05 ],
															"climateColorMap": "climatePlantTint",
															"seasonColorMap": "seasonalGrass",
															"rotationOrigin": [ 15.0, 10.5, -0.05 ],
															"faces": {
																"north": { "texture": "#normal", "uv": [ 0.0, 0.0, 4.5, 2.0 ] },
																"east": { "texture": "#normal", "uv": [ 0.0, 0.0, 16.0, 2.0 ] },
																"south": { "texture": "#normal", "uv": [ 0.0, 0.0, 4.5, 2.0 ] },
																"up": { "texture": "#normal", "uv": [ 16.0, 8.0, 32.0, 12.5 ], "rotation": 90 }
															}
														}
													]
												}
											]
										}
									]
								},
								{
									"name": "main-fill",
									"from": [ 0.0, 0.0, 0.0 ],
									"to": [ 0.0, 0.0, 0.0 ],
									"renderInEditor": false,
									"faces": {
									},
									"children": [
										{
											"name": "middle",
											"from": [ 0.0, 0.0, 0.0 ],
											"to": [ 0.0, 0.0, 0.0 ],
											"faces": {
											},
											"children": [
												{
													"name": "Cube2",
													"from": [ 1.0, 0.0, 0.0 ],
													"to": [ 8.0, 7.0, 16.0 ],
													"rotationOrigin": [ 1.0, 0.0, 0.0 ],
													"faces": {
														"north": { "texture": "#fill", "uv": [ 8.0, 9.0, 15.0, 16.0 ] },
														"east": { "texture": "#fill", "uv": [ 0.0, 0.0, 16.0, 7.0 ] },
														"south": { "texture": "#fill", "uv": [ 1.0, 9.0, 8.0, 16.0 ] },
														"west": { "texture": "#fill", "uv": [ 0.0, 0.0, 16.0, 7.0 ] },
														"up": { "texture": "#fill", "uv": [ 0.0, 0.0, 7.0, 16.0 ] },
														"down": { "texture": "#fill", "uv": [ 0.0, 0.0, 7.0, 16.0 ] }
													}
												},
												{
													"name": "Cube3",
													"from": [ 8.0, 0.0, 0.0 ],
													"to": [ 12.0, 13.0, 16.0 ],
													"rotationOrigin": [ 8.0, 0.0, 0.0 ],
													"faces": {
														"north": { "texture": "#fill", "uv": [ 4.0, 3.0, 8.0, 16.0 ] },
														"east": { "texture": "#fill", "uv": [ 0.0, 0.0, 16.0, 13.0 ] },
														"south": { "texture": "#fill", "uv": [ 8.0, 3.0, 12.0, 16.0 ] },
														"west": { "texture": "#fill", "uv": [ 0.0, 0.0, 16.0, 13.0 ] },
														"up": { "texture": "#fill", "uv": [ 4.0, 0.0, 8.0, 16.0 ] },
														"down": { "texture": "#fill", "uv": [ 8.0, 0.0, 12.0, 16.0 ] }
													}
												},
												{
													"name": "Cube4",
													"from": [ 12.0, 0.0, 0.0 ],
													"to": [ 16.0, 16.0, 16.0 ],
													"rotationOrigin": [ 12.0, 0.0, 0.0 ],
													"faces": {
														"north": { "texture": "#fill", "uv": [ 0.0, 0.0, 4.0, 16.0 ] },
														"east": { "texture": "#fill", "uv": [ 0.0, 0.0, 16.0, 16.0 ] },
														"south": { "texture": "#fill", "uv": [ 12.0, 0.0, 16.0, 16.0 ] },
														"west": { "texture": "#fill", "uv": [ 0.0, 0.0, 16.0, 16.0 ] },
														"up": { "texture": "#fill", "uv": [ 12.0, 0.0, 16.0, 16.0 ] },
														"down": { "texture": "#fill", "uv": [ 12.0, 0.0, 16.0, 16.0 ] }
													}
												}
											]
										}
									]
								}
							]
						}
					]
				}
			]
		}
	]}