{
	"code": "dasyuridae",
	"class": "EntityAgent",
	"fallDamageMultiplier":0.02,
	"variantgroups": [
		{"code": "age","states": [ "baby" ]},
		{"code": "gender","states": [ "female","male"]},
		{"code": "type","states": [ "sarcophilusharrisii","sarcophiluslaniarius"]}
	],
	"hitBoxSizeByType": {
		"*-baby-*-sarcophilusharrisii": {	"x": 0.25,"y": 0.2},
		"*-baby-*-sarcophiluslaniarius": {	"x": 0.25,"y": 0.2}
	},
	"deadhitBoxSizeByType": {
		"*-baby-*-sarcophilusharrisii": {	"x": 0.25,"y": 0.1},
		"*-baby-*-sarcophiluslaniarius": {	"x": 0.25,"y": 0.1}
	},
	"eyeHeightByType": {
		"*-baby-*-sarcophilusharrisii": 0.25,
		"*-baby-*-sarcophiluslaniarius": 0.3
	},
	"weightByType": {
		"*-baby-*-sarcophilusharrisii": 1,
		"*-baby-*-sarcophiluslaniarius": 1
	},	
	"knockbackResistanceByType": {
		"*-baby-*": 0.1	},	
	"attributes": {
		"killedByInfoText": "deadcreature-killed",
		"basketCatchable": true,
		"trapChanc": 0.8,
		"trapDestroyChanc": 0.05,
		"creatureDiet": {
			"foodTags": ["egg","fish","insects","meat" ]
		},
		"handbook": {
			"groupcode": "creaturegroup-dasyuridae"
		}
	},
	"drops": [],
	"client": {
		"renderer": "Shape",
		"shapeByType": {
			"*-baby-*-sarcophiluslaniarius": { "base": "entity/land/dasyuridae/sarcophilusharrisii-baby" },
			"*-baby-*": { "base": "entity/land/dasyuridae/{type}-baby" }
		},
		"textureByType": {
			"*-baby-*": { "base": "entity/dasyuridae/{type}-baby" }
		},
		"sizeByType": {
			"*-baby-*-sarcophilusharrisii": 1,
			"*-baby-*-sarcophiluslaniarius": 1.1
		},
		"behaviors": [
			{"code": "repulseagents" },
			{"code": "controlledphysics","stepHeightByType": {"*":2.1251},"climbUpSpeed": 0.1,"climbDownSpeed": 0.1},
			{"code": "floatupwhenstuck","onlyWhenDead": true},
			{"code": "interpolateposition" },
			{"code": "harvestable","quantitySlots": 8},
			{ "code": "multiply", "enabledByType": { "*-adult-female-*": true, "*": false } },
			{"code": "despawn","minPlayerDistance": 8,"belowLightLevel": 8,"minSeconds": 300},
			{"code": "ropetieable","minGeneration": 2}
		],
		"animations": [
			{"code": "attack","animation": "Attack","animationSpeed": 1.2,"weight": 10,"blendMode": "AddAverage"},
			{"code": "die","animation": "Die","easeInSpeed": 3,"animationSpeed": 2.25,"weight": 10,"blendMode": "Average","triggeredBy": { "onControls": [ "dead" ] }},
			{"code": "eat","animation": "Eat","easeInSpeed": 2,"easeOutSpeed": 2,"blendMode": "Average"},
			{"code": "hurt","animation": "Hurt","animationSpeed": 2.2,"weight": 10,"blendMode": "AddAverage"},
			{"code": "idle","animation": "Idle","animationSpeed": 0.5,"blendMode": "AddAverage","easeOutSpeed": 4,"triggeredBy": { "defaultAnim": true }},
			{"code": "scream","animation": "Scream","easeInSpeed": 1.5,"easeOutSpeed": 1.5,"weight": 10,"blendMode": "AddAverage"},
			{"code": "sit","animation": "Sit","easeInSpeed": 2,"easeOutSpeed": 5,"blendMode": "Average"},
			{"code": "lie","animation": "Lie","easeInSpeed": 2,"easeOutSpeed": 5,"weight": 5,"blendMode": "Average"},
			{"code": "sleep","animation": "Sleep","easeInSpeed": 2,"easeOutSpeed": 5,"weight": 5,"blendMode": "Average"},
			{"code": "swim","animation": "Swim","supressDefaultAnimation": true,"blendMode": "Average"},
			{"code": "run","animation": "Run","easeInSpeed": 10,"supressDefaultAnimation": true,"blendMode": "Average"},
			{"code": "canter","animation": "Canter","easeInSpeed": 10,"supressDefaultAnimation": true,"blendMode": "Average"},
			{"code": "walk","animation": "Walk","easeInSpeed": 10,"supressDefaultAnimation": true,"blendMode": "Average"}
		]
	},
	"server": {
		"attributes": {
			"pathfinder": {
				"minTurnAnglePerSec": 0,
				"maxTurnAnglePerSecByType": { "*-adult-*": 650, "*-baby-*": 360}
			}
		},
		"behaviors": [
			{ "code": "repulseagents" },
			{"code": "controlledphysics","stepHeightByType": {"*":2.1251},"climbUpSpeed": 0.1,"climbDownSpeed": 0.1},
			{"code": "despawn","minPlayerDistance": 8,"belowLightLevel": 8,"minSeconds": 300},
			{"code": "health",
				"maxhealthByType": {
					"*-baby-*-sarcophilusharrisii": 3,
					"*-baby-*-sarcophiluslaniarius": 3
				}
			},
			{"code": "deaddecay",
				"hoursToDecay": 96,
				"decayedBlockByType": {
				"*-baby-*": "carcass-tiny"
				}
			},
			{"code": "floatupwhenstuck","onlyWhenDead": true},
			{"code": "harvestable",
				"quantitySlots": 8,
				"drops": [
					{
						"type": "item",
						"code": "game:bushmeat-raw",
						"quantityByType": {
							"*-baby-*": {"avg": 0,"var": 0.3}
						}
					},
					{
						"type": "item",
						"code": "thylacinidae:pelt-baby-{type}",
						"quantityByType": {
							"*-baby-*": {"avg": 1.0,"var": 0.0},
							"*": {"avg": 0.0,"var": 0.0}
						}
					}
				]
			},
			{"code": "breathe" },
			{"code": "grow",
				"hoursToGrowByType": {"*": 350},
				"adultEntityCodesByType": {
					"*-baby-male-*": ["thylacinidae:dasyuridae-adult-male-{type}"],
					"*-baby-female-*": ["thylacinidae:dasyuridae-adult-female-{type}"]
				}
			},
			{"code": "emotionstates",
				"states": [
					{"code": "fleeondamage","duration": 60,"chance": 1,"slot": 2,"priority": 4,"accumType": "max","whenHealthRelBelow": 0.75},
					{"code": "fleeondamage","duration": 60,"slot": 2,"chanceByType": {"*-adult-*": 0.75,"*-baby-*": 1},"priority": 1,"accumType": "max"},
					{"code": "aggressiveondamage","duration": 300,"chanceByType": {"*-adult-*-sarcophilusharrisii": 1,"*-adult-*-sarcophiluslaniarius": 1,"*-baby-*": 0.5},"slot": 2,"priority": 3,"accumType": "noaccum"},
					{"code": "alarmherdondamage","chance": 1,"slot": 1,"priority": 1.5,"accumType": "max"},
					{"code": "saturated","duration": 2880,"chance": 1,"slot": 0,"priority": 1,"accumType": "sum"}
				]
			},
			{
				"code": "taskai",
				"aiCreatureType": "LandCreature",
				"aitasks": [
					{
						"code": "meleeattack",
						"animation": "Attack",
						"entityCodesByType": {
							"@.*-(sarcophilusharrisii|sarcophiluslaniarius)": ["player", "chicken-*", "deer-baby-*","fox-*","goat-baby-*","hare-*", "pig-wild-piglet", "raccoon-*","anatidae-*","apterygidae-*","aptornithidae-*","bovinae-carcass","caninae-canina-carcass","casuariidae-carcass","cervidae-alceini-carcass","dinornithidae-baby-*","dinornithidae-carcass","elephantidae-carcass","emeidae-baby-*","manidae-*","megalapterygidae-baby-*","nandiniidae-*","machairodontinae-carcass","meiolaniidae-baby-*","pantherinae-neofelis-carcass","pantherinae-panthera-carcass","procyonidae-*","rallidae-*","rhinocerotidae-carcass","spheniscidae-*","strigopidae-*","suidae-baby-*","viverridae-*","vombatidae-*" ]
						},
						"priority": 1.7,
						"damageByType": {
							"*-baby-*-sarcophilusharrisii":0.5,
							"*-baby-*-sarcophiluslaniarius":0.5
						},
						"damageType": "SlashingAttack",
						"damageTierByType": {"*": 1},
						"slot": 1,
						"mincooldown": 1500,
						"maxcooldown": 2500,
						"attackDurationMs": 1250,
						"damagePlayerAtMs": 500,
						"animationSpeed": 1,
						"whenNotInEmotionState": "aggressiveondamage",
						"soundByType": {
							"*-baby-*": "thylacinidae:creature/dasyuridae/sarcophilusharrisii/babygrowl*"
						}
					},
					{
						"code": "meleeattack",
						"animation": "Attack",
						"entityCodes": ["player","bear-*","chicken-*","deer-*","drifter-*","fox-*","gazelle-*","goat-*","hare-*","hyena-*","moose-*","pig-*","raccoon-*","sheep-*","wolf-*","anatidae-*","antilopinae-*","apterygidae-*","aptornithidae-*","bovinae-*","caninae-*","caprinae-*","cervidae-*","dinornithidae-*","diprotodontidae-*","dromornithidae-*","elephantidae-*","emeidae-*","hyaenidae-*","machairodontinae-*","manidae-*","megalapterygidae-*","nandiniidae-*","pantherinae-*","procyonidae-*","rallidae-*","rhinocerotidae-*","spheniscidae-*","strigopidae-*","suidae-*","thylacoleonidae-*","ursidae-*","viverridae-*","vombatidae-*"],
						"priority": 1.9,
						"slot": 1,
						"damageByType": {
							"*-baby-*-sarcophilusharrisii":0.5,
							"*-baby-*-sarcophiluslaniarius":0.5
						},
						"knockbackStrengthByType": {"*":0.2},
						"damageType": "SlashingAttack",
						"damageTierByType": {"*":1},
						"mincooldown": 1500,
						"maxcooldown": 2500,
						"attackDurationMs": 1250,
						"damagePlayerAtMs": 500,
						"animationSpeed": 1.25,
						"whenInEmotionState": "aggressiveondamage",
						"soundByType": {
							"*-baby-*": "thylacinidae:creature/dasyuridae/sarcophilusharrisii/babygrowl*"
						}
					},
					{
						"code": "fleeentity",
						"animation": "Run",
						"entityCodesByType": {
							"*": [ "player", "bear-*","bell-*","bowtorn-*","deer-*","drifter-*","goat-*","hyena-*", "moose-*", "pig-*","sheep-*","wolf-*", "antilopinae-adult-*","bovinae-*","caninae-canina-adult-*","caninae-cerdocyonina-adult-*", "caprinae-adult-*","cervidae-*","dinornithidae-adult-*","diprotodontidae-adult-*","dromornithidae-adult-*","elephantidae-*","hyaenidae-adult-*","machairodontinae-adult-*","pantherinae-panthera-adult-*","rhinocerotidae-adult-*", "suidae-adult-*","suidae-elder-*","thylacoleonidae-*","ursidae-adult-*"  ]
						},
						"priority": 1.53,
						"movespeedByType": {
							"*-baby-*-sarcophilusharrisii": 0.016,
							"*-baby-*-sarcophiluslaniarius": 0.016
						},
						"animationSpeedByType": {
							"*-baby-*-sarcophilusharrisii": 2,
							"*-baby-*-sarcophiluslaniarius": 1.8,
							"*": 1
						},
						"seekingRange": 20,
						"whenInEmotionState": "fleeondamage"

					},
					{
						"code": "fleeentity",
						"animation": "Run",
						"entityCodesByType": {
							"*":["player","bear-*","bell-*","bowtorn-*","drifter-*","hyena-*","locust-*","moose-*","wolf-*","bovinae-adult-*","caninae-canina-adult-*","caninae-cerdocyonina-adult-*","dinornithidae-adult-*","diprotodontidae-adult-*","dromornithidae-adult-*","elephantidae-adult-*","machairodontinae-adult-*","pantherinae-neofelis-adult-*","pantherinae-panthera-adult-*", "rhinocerotidae-adult-*","thylacoleonidae-adult-*","ursidae-adult-*"  ]
						},
						"priority": 1.52,
						"movespeedByType": {
							"*-baby-*-sarcophilusharrisii": 0.016,
							"*-baby-*-sarcophiluslaniarius": 0.016
						},
						"animationSpeedByType": {
							"*-baby-*-sarcophilusharrisii": 2,
							"*-baby-*-sarcophiluslaniarius": 1.8,
							"*": 1
						},
						"seekingRange": 10,
						"whenNotInEmotionState": "aggressiveondamage|fleeondamage"
					},
					{
						"code": "fleeentity",
						"animation": "Canter",
						"entityCodesByType": {
							"*":["player","bear-*","bell-*","bowtorn-*","drifter-*","hyena-*","locust-*","moose-*","wolf-*","bovinae-adult-*","caninae-canina-adult-*","caninae-cerdocyonina-adult-*","dinornithidae-adult-*","diprotodontidae-adult-*","dromornithidae-adult-*","elephantidae-adult-*","machairodontinae-adult-*","pantherinae-neofelis-adult-*","pantherinae-panthera-adult-*","rhinocerotidae-adult-*","thylacoleonidae-adult-*","ursidae-adult-*"  ]
						},
						"priority": 1.51,
						"movespeedByType": {
							"*-baby-*-sarcophilusharrisii": 0.008,
							"*-baby-*-sarcophiluslaniarius": 0.008
						},
						"animationSpeedByType": {
							"*-baby-*-sarcophilusharrisii": 2,
							"*-baby-*-sarcophiluslaniarius": 1.8,
							"*": 1
						},
						"seekingRange": 25,
						"whenNotInEmotionState": "aggressiveondamage|fleeondamage"
					},
					{
						"code": "getoutofwater",
						"animation": "Swim",
						"priority": 1.4,
						"movespeedByType": {
							"*-baby-*": 0.01
						},
						"animationSpeed": 1.5
					},
					{
						"code": "seekentity",
						"animation": "Run",
						"entityCodes": [ "player" ],
						"priority": 1.51,
						"movespeedByType": {
							"*-baby-*-sarcophilusharrisii": 0.016,
							"*-baby-*-sarcophiluslaniarius": 0.016
						},
						"animationSpeedByType": {
							"*-baby-*-sarcophilusharrisii": 2,
							"*-baby-*-sarcophiluslaniarius": 1.8,
							"*": 1
						},
						"seekingRange": 10,
						"leapAtTarget": true,
						"leapAnimation": null,
						"leapChance": 0.1,
						"whenInEmotionState": "aggressiveondamage"
					},
					{
						"code": "stayclosetoentity",
						"animation": "Canter",
						"priority": 1.81,
						"entityCodeByType": {
							"*-baby-*": "dasyuridae-adult-female-{type}"},
						"movespeedByType": {
							"*-baby-*-sarcophilusharrisii": 0.008,
							"*-baby-*-sarcophiluslaniarius": 0.008
						},
						"animationSpeedByType": {
							"*-baby-*-sarcophilusharrisii": 2,
							"*-baby-*-sarcophiluslaniarius": 1.8,
							"*": 1
						},
						"maxDistanceByType": {"*-baby-*": 5,"*": 10},
						"searchRange": 15
					},
					{
						"code": "idle",
						"animation": "Sit",
						"priority": 1.2,
						"minduration": 6000,
						"maxduration": 24000,
						"mincooldown": 48000,
						"maxcooldown": 96000,
						"chance": 0.7,
						"priorityForCancel": 1.28,
						"stopOnNearbyEntityCodes": [  "player","bear-*","bell-*","drifter-*","hyena-*","locust-*", "wolf-*", "caninae-canina-adult-*","caninae-cerdocyonina-adult-*", "machairodontinae-adult-*","pantherinae-neofelis-adult-*", "pantherinae-panthera-adult-*"  ],
						"stopRange": 10,
						"animationSpeedByType": {"*-baby-*": 0.6,"*": 0.5},
						"stopOnHurt": true,
						"whenNotInEmotionState": "aggressiveondamage|fleeondamage"
					},
					{
						"code": "idle",
						"animation": "Lie",
						"priority": 1.2,
						"minduration": 6000,
						"maxduration": 24000,
						"mincooldown": 48000,
						"maxcooldown": 96000,
						"chance": 0.5,
						"priorityForCancel": 1.28,
						"stopOnNearbyEntityCodes": [  "player","bear-*","bell-*","drifter-*","hyena-*","locust-*", "wolf-*", "caninae-canina-adult-*","caninae-cerdocyonina-adult-*", "machairodontinae-adult-*","pantherinae-neofelis-adult-*", "pantherinae-panthera-adult-*"  ],
						"stopRange": 10,
						"animationSpeedByType": {"*-baby-*": 0.6,"*": 0.5},
						"stopOnHurt": true,
						"whenNotInEmotionState": "aggressiveondamage|fleeondamage"
					},
					{
						"code": "idle",
						"animation": "Sleep",
						"priority": 1.25,
						"minduration": 200000,
						"maxduration": 800000,
						"mincooldown": 1000,
						"maxcooldown": 3000,
						"chance": 0.5,
						"animationSpeed": 0.3,
						"whenNotInEmotionState": "aggressiveondamage|fleeondamage",
						"duringDayTimeFramesByType": {
							"*":[{"fromHour": 9,"toHour": 11},{"fromHour": 12,"toHour": 14},{"fromHour": 15,"toHour": 17},{"fromHour": 18,"toHour": 20}]},
						"stopOnNearbyEntityCodes": [ "player" ],
						"stopRange": 1,
						"stopOnHurt": true
					},
					{
						"code": "seekfoodandeat",
						"animation": "Walk",
						"eatAnimation": "Eat",
						"movespeedByType": {
							"*-baby-*-sarcophilusharrisii": 0.004,
							"*-baby-*-sarcophiluslaniarius": 0.004
						},
						"animationSpeedByType": {
							"*-baby-*-sarcophilusharrisii": 2,
						  "*-baby-*-sarcophiluslaniarius": 1.8,
							"*": 1
						},
						"priority": 1.24,
						"priorityForCancel": 1.28,
						"eatSoundByType": {"*":"game:creature/animal-eat-small"},
						"eatTime": 1.5,
						"eatLooseItems": true,
						"mincooldownHours": 1,
						"maxcooldownHours": 4,
						"whenNotInEmotionState": "aggressiveondamage|fleeondamage"
					},
					{
						"code": "idle",
						"animation": "Scream",
						"priority": 1.0,
						"priorityForCancel": 1.35,
						"minduration": 6000,
						"maxduration": 6001,
						"chanceByType": {"*":0.2},
						"mincooldown": 8000,
						"maxcooldown": 50000,
						"animationSpeedByType": {
							"*": 0.5
						},
						"whenNotInEmotionState": "aggressiveondamage|fleeondamage",
						"SoundByType": {
							"*baby-*-sarcophilusharrisii": "thylacinidae:creature/dasyuridae/sarcophilusharrisii/babygrowl*",
							"*baby-*-sarcophiluslaniarius": "thylacinidae:creature/dasyuridae/sarcophilusharrisii/babygrowl*"
						},
						"soundRangeByType": {
							"*-baby-*": 12,
							"*": 32
						}
					},
					{
						"code": "wander",
						"animation": "Walk",
						"priority": 1.0,
						"priorityForCancel": 1.35,
						"wanderChance": 0.5,
						"movespeedByType": {
							"*-baby-*-sarcophilusharrisii": 0.004,
							"*-baby-*-sarcophiluslaniarius": 0.004
						},
						"animationSpeedByType": {
							"*-baby-*-sarcophilusharrisii": 2,
							"*-baby-*-sarcophiluslaniarius": 1.8,
							"*": 1
						},
						"preferredLightLevel": 12,
						"wanderRangeMaxByType": {"*-sarcophilusharrisii":5,"*-sarcophiluslaniarius":5},
						"whenNotInEmotionState": "aggressiveondamage|fleeondamage"
					},
					{
						"code": "wander",
						"animation": "Canter",
						"priority": 1.0,
						"priorityForCancel": 1.35,
						"wanderChance": 0.5,
						"movespeedByType": {
							"*-baby-*-sarcophilusharrisii": 0.008,
							"*-baby-*-sarcophiluslaniarius": 0.008
						},
						"animationSpeedByType": {
							"*-baby-*-sarcophilusharrisii": 2,
							"*-baby-*-sarcophiluslaniarius": 1.8,
							"*": 1
						},
						"preferredLightLevel": 12,
						"wanderRangeMinByType": {"*-sarcophilusharrisii":5,"*-sarcophiluslaniarius":5},
						"whenNotInEmotionState": "aggressiveondamage|fleeondamage"
					},
					{
						"code": "lookaround",
						"priority": 0.5,
						"animationSpeed": 0.75,
						"whenNotInEmotionState": "aggressiveondamage|fleeondamage"
					}
				]
			},
			{"code": "ropetieable","minGeneration": 2},
			{"code": "pettable","minGeneration": 1}
		]
	},
	"soundsByType": {
		"*-baby-*-sarcophilusharrisii":{"hurt": "creature/dasyuridae/sarcophilusharrisii/babygrowl*","death": "creature/dasyuridae/sarcophilusharrisii/idle1","idle": "creature/dasyuridae/sarcophilusharrisii/idle*"},
		"*-baby-*-sarcophiluslaniarius":{"hurt": "creature/dasyuridae/sarcophilusharrisii/babygrowl*","death": "creature/dasyuridae/sarcophilusharrisii/idle1","idle": "creature/dasyuridae/sarcophilusharrisii/idle*"}
	},
	"idleSoundRangeByType": {
		"*-baby-*":12
	},
	"idleSoundChanceByType": {
		"*-baby-*":0.1
	}
}