{
    "editor": {
        "allAngles": true,
        "entityTextureMode": true
    },
    "textureWidth": 64,
    "textureHeight": 64,
    "textureSizes": {},
    "textures": {
        "meteoric": "entity/humanoid/serapharmor/chain/meteoriciron"
    },
    "elements": [
        {
            "name": "ArmorHelmet",
            "stepParentName": "Head",
            "from": [
                0.1,
                0.3,
                -0.6
            ],
            "to": [
                6.6,
                5.8,
                5.7
            ],
            "unwrapMode": 1,
            "uv": [
                36,
                17.5
            ],
            "rotationOrigin": [
                0.1,
                0.3,
                -0.6
            ],
            "faces": {
                "north": {
                    "texture": "#meteoric",
                    "uv": [
                        42,
                        23.5,
                        48.5,
                        29
                    ]
                },
                "east": {
                    "texture": "#meteoric",
                    "uv": [
                        36,
                        23.5,
                        42,
                        29
                    ]
                },
                "south": {
                    "texture": "#meteoric",
                    "uv": [
                        54.5,
                        23.5,
                        61,
                        29
                    ]
                },
                "west": {
                    "texture": "#meteoric",
                    "uv": [
                        48.5,
                        23.5,
                        54.5,
                        29
                    ]
                },
                "up": {
                    "texture": "#meteoric",
                    "uv": [
                        42,
                        17.5,
                        48.5,
                        23.5
                    ],
                    "rotation": 180
                },
                "down": {
                    "texture": "#meteoric",
                    "uv": [
                        42,
                        29,
                        48.5,
                        35
                    ]
                }
            },
            "children": [
                {
                    "name": "ArmorHelmetstrap",
                    "from": [
                        0.5,
                        -0.5,
                        0.2
                    ],
                    "to": [
                        2,
                        0.5,
                        6.1
                    ],
                    "unwrapMode": 5,
                    "uv": [
                        46.5,
                        1
                    ],
                    "rotationOrigin": [
                        0.5,
                        -0.5,
                        0.2
                    ],
                    "faces": {
                        "north": {
                            "texture": "#meteoric",
                            "uv": [
                                47.5,
                                1,
                                49,
                                2
                            ],
                            "rotation": 180
                        },
                        "east": {
                            "texture": "#meteoric",
                            "uv": [
                                49,
                                2,
                                50,
                                7.5
                            ],
                            "rotation": 90
                        },
                        "south": {
                            "texture": "#meteoric",
                            "uv": [
                                47.5,
                                7.5,
                                49,
                                8.5
                            ]
                        },
                        "west": {
                            "texture": "#meteoric",
                            "uv": [
                                46.5,
                                2,
                                47.5,
                                7.5
                            ],
                            "rotation": 270
                        },
                        "up": {
                            "texture": "#meteoric",
                            "uv": [
                                47.5,
                                2,
                                49,
                                7.5
                            ]
                        },
                        "down": {
                            "texture": "#meteoric",
                            "uv": [
                                50,
                                2,
                                51.5,
                                7.5
                            ]
                        }
                    }
                },
                {
                    "name": "ArmorHelmetFace",
                    "from": [
                        -0.7,
                        2.8,
                        0
                    ],
                    "to": [
                        0,
                        5.5,
                        6.3
                    ],
                    "unwrapMode": 1,
                    "uv": [
                        32,
                        35.5
                    ],
                    "rotationOrigin": [
                        -0.5,
                        2.8,
                        0
                    ],
                    "faces": {
                        "north": {
                            "texture": "#meteoric",
                            "uv": [
                                32,
                                41.5,
                                32.5,
                                44
                            ]
                        },
                        "south": {
                            "texture": "#meteoric",
                            "uv": [
                                38.5,
                                41.5,
                                39,
                                44
                            ]
                        },
                        "west": {
                            "texture": "#meteoric",
                            "uv": [
                                32.5,
                                41.5,
                                38.5,
                                44
                            ]
                        },
                        "up": {
                            "texture": "#meteoric",
                            "uv": [
                                32,
                                35.5,
                                32.5,
                                41.5
                            ],
                            "rotation": 180
                        },
                        "down": {
                            "texture": "#meteoric",
                            "uv": [
                                32,
                                44,
                                32.5,
                                50
                            ]
                        }
                    },
                    "children": [
                        {
                            "name": "ArmorHelmetNasal",
                            "from": [
                                0,
                                -1.5,
                                2.6
                            ],
                            "to": [
                                0.5,
                                0,
                                3.6
                            ],
                            "unwrapMode": 1,
                            "uv": [
                                32.5,
                                35.5
                            ],
                            "rotationOrigin": [
                                0,
                                -1.5,
                                2.6
                            ],
                            "faces": {
                                "north": {
                                    "texture": "#meteoric",
                                    "uv": [
                                        32.5,
                                        35.5,
                                        33,
                                        37
                                    ]
                                },
                                "south": {
                                    "texture": "#meteoric",
                                    "uv": [
                                        34,
                                        35.5,
                                        34.5,
                                        37
                                    ]
                                },
                                "west": {
                                    "texture": "#meteoric",
                                    "uv": [
                                        33,
                                        35.5,
                                        34,
                                        37
                                    ]
                                },
                                "down": {
                                    "texture": "#meteoric",
                                    "uv": [
                                        32.5,
                                        37,
                                        33,
                                        38
                                    ]
                                }
                            },
                            "children": [
                                {
                                    "name": "ArmorOcularL",
                                    "from": [
                                        0.1,
                                        -0.5,
                                        1.6
                                    ],
                                    "to": [
                                        0.5,
                                        0.5,
                                        3.6
                                    ],
                                    "autoUnwrap": false,
                                    "uv": [
                                        42,
                                        36.5
                                    ],
                                    "rotationOrigin": [
                                        0.1,
                                        0,
                                        3
                                    ],
                                    "rotationX": -36,
                                    "faces": {
                                        "north": {
                                            "texture": "#meteoric",
                                            "uv": [
                                                33.5,
                                                35,
                                                34,
                                                36
                                            ]
                                        },
                                        "south": {
                                            "texture": "#meteoric",
                                            "uv": [
                                                32,
                                                49,
                                                32.5,
                                                50
                                            ]
                                        },
                                        "west": {
                                            "texture": "#meteoric",
                                            "uv": [
                                                46.5,
                                                20,
                                                48.5,
                                                21
                                            ]
                                        },
                                        "up": {
                                            "texture": "#meteoric",
                                            "uv": [
                                                32,
                                                46.5,
                                                32.5,
                                                48.5
                                            ]
                                        },
                                        "down": {
                                            "texture": "#meteoric",
                                            "uv": [
                                                32,
                                                44.5,
                                                32.5,
                                                46.5
                                            ]
                                        }
                                    },
                                    "rotationY": 75
                                },
                                {
                                    "name": "ArmorOcularR",
                                    "from": [
                                        0.1,
                                        -0.5,
                                        -2.7
                                    ],
                                    "to": [
                                        0.5,
                                        0.5,
                                        -0.7
                                    ],
                                    "autoUnwrap": false,
                                    "uv": [
                                        41.5,
                                        18
                                    ],
                                    "rotationOrigin": [
                                        0,
                                        0,
                                        -2
                                    ],
                                    "rotationX": 36,
                                    "faces": {
                                        "north": {
                                            "texture": "#meteoric",
                                            "uv": [
                                                32,
                                                45.5,
                                                32.5,
                                                46.5
                                            ]
                                        },
                                        "south": {
                                            "texture": "#meteoric",
                                            "uv": [
                                                38.5,
                                                33.5,
                                                39,
                                                34.5
                                            ]
                                        },
                                        "west": {
                                            "texture": "#meteoric",
                                            "uv": [
                                                42.5,
                                                20,
                                                44.5,
                                                21
                                            ]
                                        },
                                        "up": {
                                            "texture": "#meteoric",
                                            "uv": [
                                                35.5,
                                                42,
                                                36,
                                                44
                                            ]
                                        },
                                        "down": {
                                            "texture": "#meteoric",
                                            "uv": [
                                                38.5,
                                                30.5,
                                                39,
                                                32.5
                                            ]
                                        }
                                    },
                                    "rotationY": -75
                                },
                                {
                                    "name": "R",
                                    "from": [
                                        0,
                                        0,
                                        -2.5
                                    ],
                                    "to": [
                                        0.7,
                                        1.5,
                                        -2
                                    ],
                                    "autoUnwrap": false,
                                    "uv": [
                                        37,
                                        21
                                    ],
                                    "rotationOrigin": [
                                        0,
                                        0,
                                        -2.5
                                    ],
                                    "faces": {
                                        "north": {
                                            "texture": "#meteoric",
                                            "uv": [
                                                39,
                                                24,
                                                39.5,
                                                25.5
                                            ]
                                        },
                                        "south": {
                                            "texture": "#meteoric",
                                            "uv": [
                                                33.5,
                                                35.5,
                                                34,
                                                37
                                            ]
                                        },
                                        "west": {
                                            "texture": "#meteoric",
                                            "uv": [
                                                39,
                                                25.5,
                                                39.5,
                                                27
                                            ]
                                        },
                                        "down": {
                                            "texture": "#meteoric",
                                            "uv": [
                                                39,
                                                24.5,
                                                39.5,
                                                25
                                            ]
                                        }
                                    }
                                },
                                {
                                    "name": "L",
                                    "from": [
                                        0,
                                        0,
                                        3
                                    ],
                                    "to": [
                                        0.7,
                                        1.5,
                                        3.5
                                    ],
                                    "autoUnwrap": false,
                                    "uv": [
                                        37,
                                        21
                                    ],
                                    "rotationOrigin": [
                                        0,
                                        0,
                                        3
                                    ],
                                    "faces": {
                                        "north": {
                                            "texture": "#meteoric",
                                            "uv": [
                                                39,
                                                24,
                                                39.5,
                                                25.5
                                            ]
                                        },
                                        "south": {
                                            "texture": "#meteoric",
                                            "uv": [
                                                33.5,
                                                35.5,
                                                34,
                                                37
                                            ]
                                        },
                                        "west": {
                                            "texture": "#meteoric",
                                            "uv": [
                                                39,
                                                25.5,
                                                39.5,
                                                27
                                            ]
                                        },
                                        "down": {
                                            "texture": "#meteoric",
                                            "uv": [
                                                39,
                                                24.5,
                                                39.5,
                                                25
                                            ]
                                        }
                                    }
                                }
                            ]
                        }
                    ]
                },
                {
                    "name": "ArmorHelmetTop",
                    "from": [
                        0.5,
                        5.5,
                        0.5
                    ],
                    "to": [
                        6,
                        6.3,
                        5.7
                    ],
                    "unwrapMode": 1,
                    "uv": [
                        31,
                        30
                    ],
                    "rotationOrigin": [
                        0.5,
                        5.5,
                        0.5
                    ],
                    "faces": {
                        "north": {
                            "texture": "#meteoric",
                            "uv": [
                                36,
                                35,
                                41.5,
                                35.5
                            ]
                        },
                        "east": {
                            "texture": "#meteoric",
                            "uv": [
                                31,
                                35,
                                36,
                                35.5
                            ]
                        },
                        "south": {
                            "texture": "#meteoric",
                            "uv": [
                                46.5,
                                35,
                                52,
                                35.5
                            ]
                        },
                        "west": {
                            "texture": "#meteoric",
                            "uv": [
                                41.5,
                                35,
                                46.5,
                                35.5
                            ]
                        },
                        "up": {
                            "texture": "#meteoric",
                            "uv": [
                                36,
                                30,
                                41.5,
                                35
                            ],
                            "rotation": 180
                        }
                    }
                }
            ]
        }
    ]
}