{
	"editor": {
		"backDropShape": "entity/land/cart1",
		"collapsedPaths": "Root/ORIGIN/LeftBeam",
		"allAngles": false,
		"entityTextureMode": false
	},
	"textureWidth": 16,
	"textureHeight": 16,
	"textureSizes": {
		"oak-h": [16,16],
		"altcanopyitemcolor": [16,16]
	},
	"textures": {
	},
	"elements": [
		{
			"name": "ORIGIN",
			"from": [ 0.0, 0.0, 0.0 ],
			"to": [ 1.0, 1.0, 1.0 ],
			"faces": {
			},
			"children": [
				{
					"name": "Top4",
					"from": [ 1.0, 10.0, 0.0 ],
					"to": [ 15.0, 11.0, 16.0 ],
					"rotationOrigin": [ 8.0, 11.0, 8.0 ],
					"rotationY": -91.0,
					"faces": {
						"north": { "texture": "#altcanopyitemcolor", "uv": [ 0.0, 0.0, 14.0, 1.0 ] },
						"east": { "texture": "#altcanopyitemcolor", "uv": [ 0.0, 0.0, 16.0, 1.0 ] },
						"south": { "texture": "#altcanopyitemcolor", "uv": [ 0.0, 0.0, 14.0, 1.0 ] },
						"west": { "texture": "#altcanopyitemcolor", "uv": [ 0.0, 0.0, 16.0, 1.0 ] },
						"up": { "texture": "#altcanopyitemcolor", "uv": [ 0.0, 0.0, 14.0, 16.0 ] },
						"down": { "texture": "#altcanopyitemcolor", "uv": [ 0.0, 0.0, 14.0, 16.0 ] }
					}
				},
				{
					"name": "Top5",
					"from": [ 1.0, 1.0, 0.0 ],
					"to": [ 15.0, 2.0, 16.0 ],
					"rotationOrigin": [ 8.0, 2.0, 8.0 ],
					"rotationY": -88.0,
					"faces": {
						"north": { "texture": "#altcanopyitemcolor", "uv": [ 0.0, 0.0, 14.0, 1.0 ] },
						"east": { "texture": "#altcanopyitemcolor", "uv": [ 0.0, 0.0, 16.0, 1.0 ] },
						"south": { "texture": "#altcanopyitemcolor", "uv": [ 0.0, 0.0, 14.0, 1.0 ] },
						"west": { "texture": "#altcanopyitemcolor", "uv": [ 0.0, 0.0, 16.0, 1.0 ] },
						"up": { "texture": "#altcanopyitemcolor", "uv": [ 0.0, 0.0, 14.0, 16.0 ] },
						"down": { "texture": "#altcanopyitemcolor", "uv": [ 0.0, 0.0, 14.0, 16.0 ] }
					},
					"children": [
						{
							"name": "Beam5",
							"from": [ -2.9, 3.0, 1.5 ],
							"to": [ -0.9, 18.8, 3.0 ],
							"rotationOrigin": [ -0.9, 3.0, 1.5 ],
							"rotationZ": -90.0,
							"faces": {
								"north": { "texture": "#oak-h", "uv": [ 0.0, 0.0, 15.5, 2.0 ], "rotation": 90 },
								"east": { "texture": "#oak-h", "uv": [ 0.0, 0.0, 15.5, 1.5 ], "rotation": 90 },
								"south": { "texture": "#oak-h", "uv": [ 0.0, 0.0, 15.5, 2.0 ], "rotation": 90 },
								"west": { "texture": "#oak-h", "uv": [ 0.0, 0.0, 15.5, 1.5 ], "rotation": 90 },
								"up": { "texture": "#oak-h", "uv": [ 0.0, 0.0, 1.5, 2.0 ], "rotation": 90 },
								"down": { "texture": "#oak-h", "uv": [ 0.0, 0.0, 1.5, 2.0 ], "rotation": 90 }
							},
							"children": [
								{
									"name": "Beam6",
									"from": [ 0.0, 0.0, 12.0 ],
									"to": [ 2.0, 15.8, 13.5 ],
									"rotationOrigin": [ 2.0, 0.0, 12.0 ],
									"faces": {
										"north": { "texture": "#oak-h", "uv": [ 0.0, 0.0, 15.5, 2.0 ], "rotation": 90 },
										"east": { "texture": "#oak-h", "uv": [ 0.0, 0.0, 15.5, 1.5 ], "rotation": 90 },
										"south": { "texture": "#oak-h", "uv": [ 0.0, 0.0, 15.5, 2.0 ], "rotation": 90 },
										"west": { "texture": "#oak-h", "uv": [ 0.0, 0.0, 15.5, 1.5 ], "rotation": 90 },
										"up": { "texture": "#oak-h", "uv": [ 0.0, 0.0, 1.5, 2.0 ], "rotation": 90 },
										"down": { "texture": "#oak-h", "uv": [ 0.0, 0.0, 1.5, 2.0 ], "rotation": 90 }
									}
								},
								{
									"name": "Beam7",
									"from": [ 0.0, 0.0, 8.0 ],
									"to": [ 2.0, 15.8, 9.5 ],
									"rotationOrigin": [ 2.0, 0.0, 8.0 ],
									"faces": {
										"north": { "texture": "#oak-h", "uv": [ 0.0, 0.0, 15.5, 2.0 ], "rotation": 90 },
										"east": { "texture": "#oak-h", "uv": [ 0.0, 0.0, 15.5, 1.5 ], "rotation": 90 },
										"south": { "texture": "#oak-h", "uv": [ 0.0, 0.0, 15.5, 2.0 ], "rotation": 90 },
										"west": { "texture": "#oak-h", "uv": [ 0.0, 0.0, 15.5, 1.5 ], "rotation": 90 },
										"up": { "texture": "#oak-h", "uv": [ 0.0, 0.0, 1.5, 2.0 ], "rotation": 90 },
										"down": { "texture": "#oak-h", "uv": [ 0.0, 0.0, 1.5, 2.0 ], "rotation": 90 }
									}
								},
								{
									"name": "Beam8",
									"from": [ 0.0, 0.0, 4.0 ],
									"to": [ 2.0, 15.8, 5.5 ],
									"rotationOrigin": [ 2.0, 0.0, 4.0 ],
									"faces": {
										"north": { "texture": "#oak-h", "uv": [ 0.0, 0.0, 15.5, 2.0 ], "rotation": 90 },
										"east": { "texture": "#oak-h", "uv": [ 0.0, 0.0, 15.5, 1.5 ], "rotation": 90 },
										"south": { "texture": "#oak-h", "uv": [ 0.0, 0.0, 15.5, 2.0 ], "rotation": 90 },
										"west": { "texture": "#oak-h", "uv": [ 0.0, 0.0, 15.5, 1.5 ], "rotation": 90 },
										"up": { "texture": "#oak-h", "uv": [ 0.0, 0.0, 1.5, 2.0 ], "rotation": 90 },
										"down": { "texture": "#oak-h", "uv": [ 0.0, 0.0, 1.5, 2.0 ], "rotation": 90 }
									}
								}
							]
						},
						{
							"name": "Beam",
							"from": [ -1.5, 1.0, 15.9 ],
							"to": [ 0.5, 16.8, 17.4 ],
							"rotationOrigin": [ 0.5, 1.0, 15.9 ],
							"rotationX": -1.0E-4,
							"rotationY": 88.9998,
							"rotationZ": -90.0,
							"faces": {
								"north": { "texture": "#oak-h", "uv": [ 0.0, 0.0, 15.5, 2.0 ], "rotation": 90 },
								"east": { "texture": "#oak-h", "uv": [ 0.0, 0.0, 15.5, 1.5 ], "rotation": 90 },
								"south": { "texture": "#oak-h", "uv": [ 0.0, 0.0, 15.5, 2.0 ], "rotation": 90 },
								"west": { "texture": "#oak-h", "uv": [ 0.0, 0.0, 15.5, 1.5 ], "rotation": 90 },
								"up": { "texture": "#oak-h", "uv": [ 0.0, 0.0, 1.5, 2.0 ], "rotation": 90 },
								"down": { "texture": "#oak-h", "uv": [ 0.0, 0.0, 1.5, 2.0 ], "rotation": 90 }
							},
							"children": [
								{
									"name": "Beam2",
									"from": [ 0.0, 0.0, 12.0 ],
									"to": [ 2.0, 15.8, 13.5 ],
									"rotationOrigin": [ 2.0, 0.0, 12.0 ],
									"faces": {
										"north": { "texture": "#oak-h", "uv": [ 0.0, 0.0, 15.5, 2.0 ], "rotation": 90 },
										"east": { "texture": "#oak-h", "uv": [ 0.0, 0.0, 15.5, 1.5 ], "rotation": 90 },
										"south": { "texture": "#oak-h", "uv": [ 0.0, 0.0, 15.5, 2.0 ], "rotation": 90 },
										"west": { "texture": "#oak-h", "uv": [ 0.0, 0.0, 15.5, 1.5 ], "rotation": 90 },
										"up": { "texture": "#oak-h", "uv": [ 0.0, 0.0, 1.5, 2.0 ], "rotation": 90 },
										"down": { "texture": "#oak-h", "uv": [ 0.0, 0.0, 1.5, 2.0 ], "rotation": 90 }
									}
								},
								{
									"name": "Beam3",
									"from": [ 0.0, 0.0, 8.0 ],
									"to": [ 2.0, 15.8, 9.5 ],
									"rotationOrigin": [ 2.0, 0.0, 8.0 ],
									"rotationX": 1.0,
									"faces": {
										"north": { "texture": "#oak-h", "uv": [ 0.0, 0.0, 15.5, 2.0 ], "rotation": 90 },
										"east": { "texture": "#oak-h", "uv": [ 0.0, 0.0, 15.5, 1.5 ], "rotation": 90 },
										"south": { "texture": "#oak-h", "uv": [ 0.0, 0.0, 15.5, 2.0 ], "rotation": 90 },
										"west": { "texture": "#oak-h", "uv": [ 0.0, 0.0, 15.5, 1.5 ], "rotation": 90 },
										"up": { "texture": "#oak-h", "uv": [ 0.0, 0.0, 1.5, 2.0 ], "rotation": 90 },
										"down": { "texture": "#oak-h", "uv": [ 0.0, 0.0, 1.5, 2.0 ], "rotation": 90 }
									}
								},
								{
									"name": "Beam4",
									"from": [ 0.0, 0.0, 5.0 ],
									"to": [ 2.0, 15.8, 6.5 ],
									"rotationOrigin": [ 2.0, 0.0, 5.0 ],
									"faces": {
										"north": { "texture": "#oak-h", "uv": [ 0.0, 0.0, 15.5, 2.0 ], "rotation": 90 },
										"east": { "texture": "#oak-h", "uv": [ 0.0, 0.0, 15.5, 1.5 ], "rotation": 90 },
										"south": { "texture": "#oak-h", "uv": [ 0.0, 0.0, 15.5, 2.0 ], "rotation": 90 },
										"west": { "texture": "#oak-h", "uv": [ 0.0, 0.0, 15.5, 1.5 ], "rotation": 90 },
										"up": { "texture": "#oak-h", "uv": [ 0.0, 0.0, 1.5, 2.0 ], "rotation": 90 },
										"down": { "texture": "#oak-h", "uv": [ 0.0, 0.0, 1.5, 2.0 ], "rotation": 90 }
									}
								},
								{
									"name": "Beam17",
									"from": [ 0.0, 0.0, 3.0 ],
									"to": [ 2.0, 15.8, 4.5 ],
									"rotationOrigin": [ 2.0, 0.0, 3.0 ],
									"rotationX": -4.0,
									"faces": {
										"north": { "texture": "#oak-h", "uv": [ 0.0, 0.0, 15.5, 2.0 ], "rotation": 90 },
										"east": { "texture": "#oak-h", "uv": [ 0.0, 0.0, 15.5, 1.5 ], "rotation": 90 },
										"south": { "texture": "#oak-h", "uv": [ 0.0, 0.0, 15.5, 2.0 ], "rotation": 90 },
										"west": { "texture": "#oak-h", "uv": [ 0.0, 0.0, 15.5, 1.5 ], "rotation": 90 },
										"up": { "texture": "#oak-h", "uv": [ 0.0, 0.0, 1.5, 2.0 ], "rotation": 90 },
										"down": { "texture": "#oak-h", "uv": [ 0.0, 0.0, 1.5, 2.0 ], "rotation": 90 }
									}
								}
							]
						},
						{
							"name": "Beam9",
							"from": [ -1.5, 5.0, 15.9 ],
							"to": [ 0.5, 20.8, 17.4 ],
							"rotationOrigin": [ 0.5, 5.0, 15.9 ],
							"rotationX": -1.0E-4,
							"rotationY": 88.9998,
							"rotationZ": -90.0,
							"faces": {
								"north": { "texture": "#oak-h", "uv": [ 0.0, 0.0, 15.5, 2.0 ], "rotation": 90 },
								"east": { "texture": "#oak-h", "uv": [ 0.0, 0.0, 15.5, 1.5 ], "rotation": 90 },
								"south": { "texture": "#oak-h", "uv": [ 0.0, 0.0, 15.5, 2.0 ], "rotation": 90 },
								"west": { "texture": "#oak-h", "uv": [ 0.0, 0.0, 15.5, 1.5 ], "rotation": 90 },
								"up": { "texture": "#oak-h", "uv": [ 0.0, 0.0, 1.5, 2.0 ], "rotation": 90 },
								"down": { "texture": "#oak-h", "uv": [ 0.0, 0.0, 1.5, 2.0 ], "rotation": 90 }
							},
							"children": [
								{
									"name": "Beam10",
									"from": [ 0.0, 0.0, 12.0 ],
									"to": [ 2.0, 15.8, 13.5 ],
									"rotationOrigin": [ 2.0, 0.0, 12.0 ],
									"faces": {
										"north": { "texture": "#oak-h", "uv": [ 0.0, 0.0, 15.5, 2.0 ], "rotation": 90 },
										"east": { "texture": "#oak-h", "uv": [ 0.0, 0.0, 15.5, 1.5 ], "rotation": 90 },
										"south": { "texture": "#oak-h", "uv": [ 0.0, 0.0, 15.5, 2.0 ], "rotation": 90 },
										"west": { "texture": "#oak-h", "uv": [ 0.0, 0.0, 15.5, 1.5 ], "rotation": 90 },
										"up": { "texture": "#oak-h", "uv": [ 0.0, 0.0, 1.5, 2.0 ], "rotation": 90 },
										"down": { "texture": "#oak-h", "uv": [ 0.0, 0.0, 1.5, 2.0 ], "rotation": 90 }
									}
								},
								{
									"name": "Beam11",
									"from": [ 0.0, 0.0, 8.0 ],
									"to": [ 2.0, 15.8, 9.5 ],
									"rotationOrigin": [ 2.0, 0.0, 8.0 ],
									"rotationX": 1.0,
									"faces": {
										"north": { "texture": "#oak-h", "uv": [ 0.0, 0.0, 15.5, 2.0 ], "rotation": 90 },
										"east": { "texture": "#oak-h", "uv": [ 0.0, 0.0, 15.5, 1.5 ], "rotation": 90 },
										"south": { "texture": "#oak-h", "uv": [ 0.0, 0.0, 15.5, 2.0 ], "rotation": 90 },
										"west": { "texture": "#oak-h", "uv": [ 0.0, 0.0, 15.5, 1.5 ], "rotation": 90 },
										"up": { "texture": "#oak-h", "uv": [ 0.0, 0.0, 1.5, 2.0 ], "rotation": 90 },
										"down": { "texture": "#oak-h", "uv": [ 0.0, 0.0, 1.5, 2.0 ], "rotation": 90 }
									}
								},
								{
									"name": "Beam12",
									"from": [ 0.0, 0.0, 5.0 ],
									"to": [ 2.0, 15.8, 6.5 ],
									"rotationOrigin": [ 2.0, 0.0, 5.0 ],
									"faces": {
										"north": { "texture": "#oak-h", "uv": [ 0.0, 0.0, 15.5, 2.0 ], "rotation": 90 },
										"east": { "texture": "#oak-h", "uv": [ 0.0, 0.0, 15.5, 1.5 ], "rotation": 90 },
										"south": { "texture": "#oak-h", "uv": [ 0.0, 0.0, 15.5, 2.0 ], "rotation": 90 },
										"west": { "texture": "#oak-h", "uv": [ 0.0, 0.0, 15.5, 1.5 ], "rotation": 90 },
										"up": { "texture": "#oak-h", "uv": [ 0.0, 0.0, 1.5, 2.0 ], "rotation": 90 },
										"down": { "texture": "#oak-h", "uv": [ 0.0, 0.0, 1.5, 2.0 ], "rotation": 90 }
									}
								},
								{
									"name": "Beam18",
									"from": [ 0.0, 0.0, 3.0 ],
									"to": [ 2.0, 15.8, 4.5 ],
									"rotationOrigin": [ 2.0, 0.0, 3.0 ],
									"rotationX": -4.0,
									"faces": {
										"north": { "texture": "#oak-h", "uv": [ 0.0, 0.0, 15.5, 2.0 ], "rotation": 90 },
										"east": { "texture": "#oak-h", "uv": [ 0.0, 0.0, 15.5, 1.5 ], "rotation": 90 },
										"south": { "texture": "#oak-h", "uv": [ 0.0, 0.0, 15.5, 2.0 ], "rotation": 90 },
										"west": { "texture": "#oak-h", "uv": [ 0.0, 0.0, 15.5, 1.5 ], "rotation": 90 },
										"up": { "texture": "#oak-h", "uv": [ 0.0, 0.0, 1.5, 2.0 ], "rotation": 90 },
										"down": { "texture": "#oak-h", "uv": [ 0.0, 0.0, 1.5, 2.0 ], "rotation": 90 }
									}
								}
							]
						},
						{
							"name": "Beam13",
							"from": [ -2.9, 7.0, 1.5 ],
							"to": [ -0.9, 22.8, 3.0 ],
							"rotationOrigin": [ -0.9, 7.0, 1.5 ],
							"rotationZ": -90.0,
							"faces": {
								"north": { "texture": "#oak-h", "uv": [ 0.0, 0.0, 15.5, 2.0 ], "rotation": 90 },
								"east": { "texture": "#oak-h", "uv": [ 0.0, 0.0, 15.5, 1.5 ], "rotation": 90 },
								"south": { "texture": "#oak-h", "uv": [ 0.0, 0.0, 15.5, 2.0 ], "rotation": 90 },
								"west": { "texture": "#oak-h", "uv": [ 0.0, 0.0, 15.5, 1.5 ], "rotation": 90 },
								"up": { "texture": "#oak-h", "uv": [ 0.0, 0.0, 1.5, 2.0 ], "rotation": 90 },
								"down": { "texture": "#oak-h", "uv": [ 0.0, 0.0, 1.5, 2.0 ], "rotation": 90 }
							},
							"children": [
								{
									"name": "Beam14",
									"from": [ 0.0, 0.0, 12.0 ],
									"to": [ 2.0, 15.8, 13.5 ],
									"rotationOrigin": [ 2.0, 0.0, 12.0 ],
									"faces": {
										"north": { "texture": "#oak-h", "uv": [ 0.0, 0.0, 15.5, 2.0 ], "rotation": 90 },
										"east": { "texture": "#oak-h", "uv": [ 0.0, 0.0, 15.5, 1.5 ], "rotation": 90 },
										"south": { "texture": "#oak-h", "uv": [ 0.0, 0.0, 15.5, 2.0 ], "rotation": 90 },
										"west": { "texture": "#oak-h", "uv": [ 0.0, 0.0, 15.5, 1.5 ], "rotation": 90 },
										"up": { "texture": "#oak-h", "uv": [ 0.0, 0.0, 1.5, 2.0 ], "rotation": 90 },
										"down": { "texture": "#oak-h", "uv": [ 0.0, 0.0, 1.5, 2.0 ], "rotation": 90 }
									}
								},
								{
									"name": "Beam15",
									"from": [ 0.0, 0.0, 8.0 ],
									"to": [ 2.0, 15.8, 9.5 ],
									"rotationOrigin": [ 2.0, 0.0, 8.0 ],
									"faces": {
										"north": { "texture": "#oak-h", "uv": [ 0.0, 0.0, 15.5, 2.0 ], "rotation": 90 },
										"east": { "texture": "#oak-h", "uv": [ 0.0, 0.0, 15.5, 1.5 ], "rotation": 90 },
										"south": { "texture": "#oak-h", "uv": [ 0.0, 0.0, 15.5, 2.0 ], "rotation": 90 },
										"west": { "texture": "#oak-h", "uv": [ 0.0, 0.0, 15.5, 1.5 ], "rotation": 90 },
										"up": { "texture": "#oak-h", "uv": [ 0.0, 0.0, 1.5, 2.0 ], "rotation": 90 },
										"down": { "texture": "#oak-h", "uv": [ 0.0, 0.0, 1.5, 2.0 ], "rotation": 90 }
									}
								},
								{
									"name": "Beam16",
									"from": [ 0.0, 0.0, 4.0 ],
									"to": [ 2.0, 15.8, 5.5 ],
									"rotationOrigin": [ 2.0, 0.0, 4.0 ],
									"faces": {
										"north": { "texture": "#oak-h", "uv": [ 0.0, 0.0, 15.5, 2.0 ], "rotation": 90 },
										"east": { "texture": "#oak-h", "uv": [ 0.0, 0.0, 15.5, 1.5 ], "rotation": 90 },
										"south": { "texture": "#oak-h", "uv": [ 0.0, 0.0, 15.5, 2.0 ], "rotation": 90 },
										"west": { "texture": "#oak-h", "uv": [ 0.0, 0.0, 15.5, 1.5 ], "rotation": 90 },
										"up": { "texture": "#oak-h", "uv": [ 0.0, 0.0, 1.5, 2.0 ], "rotation": 90 },
										"down": { "texture": "#oak-h", "uv": [ 0.0, 0.0, 1.5, 2.0 ], "rotation": 90 }
									}
								}
							]
						}
					]
				},
				{
					"name": "Top6",
					"from": [ 1.0, 11.0, 0.0 ],
					"to": [ 15.0, 12.0, 16.0 ],
					"rotationOrigin": [ 8.0, 12.0, 8.0 ],
					"rotationY": -89.0,
					"faces": {
						"north": { "texture": "#altcanopyitemcolor", "uv": [ 0.0, 0.0, 14.0, 1.0 ] },
						"east": { "texture": "#altcanopyitemcolor", "uv": [ 0.0, 0.0, 16.0, 1.0 ] },
						"south": { "texture": "#altcanopyitemcolor", "uv": [ 0.0, 0.0, 14.0, 1.0 ] },
						"west": { "texture": "#altcanopyitemcolor", "uv": [ 0.0, 0.0, 16.0, 1.0 ] },
						"up": { "texture": "#altcanopyitemcolor", "uv": [ 0.0, 0.0, 14.0, 16.0 ] },
						"down": { "texture": "#altcanopyitemcolor", "uv": [ 0.0, 0.0, 14.0, 16.0 ] }
					}
				},
				{
					"name": "Top7",
					"from": [ 1.0, 0.0, 0.0 ],
					"to": [ 15.0, 1.0, 16.0 ],
					"rotationOrigin": [ 8.0, 1.0, 8.0 ],
					"rotationY": -93.0,
					"faces": {
						"north": { "texture": "#altcanopyitemcolor", "uv": [ 0.0, 0.0, 14.0, 1.0 ] },
						"east": { "texture": "#altcanopyitemcolor", "uv": [ 0.0, 0.0, 16.0, 1.0 ] },
						"south": { "texture": "#altcanopyitemcolor", "uv": [ 0.0, 0.0, 14.0, 1.0 ] },
						"west": { "texture": "#altcanopyitemcolor", "uv": [ 0.0, 0.0, 16.0, 1.0 ] },
						"up": { "texture": "#altcanopyitemcolor", "uv": [ 0.0, 0.0, 14.0, 16.0 ] },
						"down": { "texture": "#altcanopyitemcolor", "uv": [ 0.0, 0.0, 14.0, 16.0 ] }
					}
				}
			]
		}
	]}