{
  "*cheese-*": { "origin": { "x": 0.5, "y": 0, "z": 0.5 }, "scale": 0.8 },
  
  "*muffin-*": { "origin": { "x": 0.48, "y": 0, "z": 0.4875 }, "scale": 0.7 },
  "*dumpling-*": { "origin": { "x": 0.38, "y": 0, "z": 0.4875 }, "scale": 0.8 },
  "*doughball-*": { "origin": { "x": 0.5, "y": 0, "z": 0.5 }, "rotation": { "x": 0, "y": 45, "z": 0 }, "scale": 0.95 },
  "*breadedball-*": { "origin": { "x": 0.5, "y": 0, "z": 0.5 }, "rotation": { "x": 0, "y": -65, "z": 0 }, "scale": 0.45 },
  
  "*halva": { "origin": { "x": 0.5, "y": 0, "z": 0.5 }, "rotation": { "x": 0, "y": 35, "z": 0 }, "scale": 0.7 },
  "*pacoca": { "origin": { "x": 0.5, "y": 0, "z": 0.47 }, "rotation": { "x": 0, "y": -45, "z": 0 }, "scale": 0.65 },
  "*marzipan": { "origin": { "x": 0.5, "y": 0, "z": 0.47 }, "scalexyz": { "x": 0.7, "y": 0.7, "z": 0.58 } },

  "pemmican:pemmican-pack": { "origin": { "x": 0.5, "y": 0, "z": 0.5 }, "translation": { "x": 0.25, "y": 0, "z": 0.025 }, "rotation": { "x": 0, "y": 45, "z": 0 }, "scale": 0.71 },
  "pemmican:pemmican-*": { "origin": { "x": 0.5, "y": 0, "z": 0.5 }, "rotation": { "x": 0, "y": 45, "z": 0 }, "scale": 0.74 },
  "pemmican:mushroompatebar": { "origin": { "x": 0.5, "y": 0, "z": 0.5 }, "rotation": { "x": 0, "y": 45, "z": 0 }, "scale": 0.74 }
}