{
	"editor": {
		"collapsedPaths": "Root/east/slope-4/roof/corner/cw/upper,Root/east/slope-5/roof/main/upper,Root/east/slope-3/roof/corner-fill,Root/east/slope-5/eave,Root/east/slope-5/roof,Root/east/slope-5/roof/main-fill,Root/east/slope-1/ridge,Root/east/slope-4/ridge,Root/east/slope-5/roof/corner/cw/lower,Root/east/slope-3/roof/main-fill/middle,Root/east/slope-1/roof/corner/ccw/middle,Root/east/slope-4/roof/corner/ccw,Root/east/slope-1/roof/corner/ccw,Root/east/slope-4/roof,Root/east/slope-5,Root/east/slope-1/roof/corner-fill,Root/east/slope-5/roof/corner/cw/middle,Root/east/slope-4,Root/east/slope-5/roof/corner-fill/cw2,Root/east/slope-1,Root/east/slope-5/roof/main-fill/lower,Root/east/slope-2,Root/east/slope-5/roof/corner-fill/ccw/lower2,Root/east/slope-5/roof/corner/ccw/lower,Root/east/slope-5/roof/corner-fill/ccw,Root/east/slope-5/roof/corner-fill/cw/lower,Root/east/slope-5/roof/main/middle,Root/east/slope-3/roof/main,Root/east/slope-1/eave,Root/east/slope-5/ridge,Root/east/slope-4/roof/corner/cw/lower,Root/east/slope-4/roof/corner-fill,Root/east/slope-2/ridge,Root/east/slope-5/roof/corner-fill/cw/middle,Root/east/slope-4/eave,Root/east/slope-4/roof/corner-fill/cw2,Root/east/slope-4/roof/main-fill,Root/east/slope-4/roof/main/lower,Root/east/slope-5/roof/corner/ccw,Root/east/slope-2/roof/corner-fill/cw/upper,Root/east/slope-2/roof/corner/ccw,Root/east/slope-4/roof/corner-fill/cw/lower,Root/east/slope-5/roof/corner/ccw/upper,Root/east/slope-3/roof/corner/ccw/middle,Root/east/slope-2/roof/main,Root/east/slope-1/roof/corner/ccw/lower,Root/east/slope-3/roof/corner/ccw,Root/east/slope-4/roof/corner-fill/ccw,Root/east/slope-1/roof/corner/cw/middle,Root/east/slope-4/roof/corner-fill/cw,Root/east/slope-2/roof/corner/cw/lower,Root/east/slope-5/roof/main,Root/east/slope-1/roof/corner,Root/east/slope-5/roof/corner-fill/ccw/middle2,Root/east/slope-4/roof/corner-fill/cw/upper,Root/east/slope-3/ridge/hip-fill/lower,Root/east/slope-1/roof/corner/cw/upper,Root/east/slope-1/roof/main/upper,Root/east/slope-2/eave,Root/east/slope-4/roof/main/upper,Root/east/slope-5/roof/main/lower,Root/east/slope-5/roof/corner,Root/east/slope-2/roof/main-fill,Root/east/slope-5/roof/corner-fill,Root/east/slope-3/ridge/main-fill,Root/east/slope-1/roof/main/middle,Root/east/slope-3/eave,Root/east/slope-1/roof/corner/ccw/upper,Root/east/slope-1/roof/corner-fill/cw/lower,Root/east/slope-5/roof/corner/cw/upper,Root/east/slope-3/roof/corner,Root/east/slope-4/roof/corner,Root/east/slope-5/roof/corner-fill/cw,Root/east/slope-2/roof/corner,Root/east/slope-1/roof/main-fill/lower,Root/east/slope-1/roof/main-fill,Root/east/slope-4/roof/main,Root/east/slope-1/roof/corner-fill/cw/middle,Root/east/slope-2/roof/corner/cw/upper,Root/east/slope-3/roof/corner/cw,Root/east/slope-4/roof/main-fill/lower,Root/east/slope-5/roof/main-fill/middle",
		"allAngles": false,
		"entityTextureMode": false
	},
	"textureWidth": 16,
	"textureHeight": 16,
	"textureSizes": {
	},
	"textures": {
		"material": "block/stone/shingles/slate1"
	},
	"elements": [
		{
			"name": "east",
			"from": [ 0.0, 0.0, 0.0 ],
			"to": [ 0.0, 0.0, 0.0 ],
			"faces": {
			},
			"children": [
				{
					"name": "slope-3",
					"from": [ 0.0, 0.0, 0.0 ],
					"to": [ 0.0, 0.0, 0.0 ],
					"faces": {
					},
					"children": [
						{
							"name": "roof",
							"from": [ 0.0, 0.0, 0.0 ],
							"to": [ 0.0, 0.0, 0.0 ],
							"faces": {
							},
							"children": [
								{
									"name": "main",
									"from": [ 0.0, 0.0, 0.0 ],
									"to": [ 0.0, 0.0, 0.0 ],
									"faces": {
									},
									"children": [
										{
											"name": "middle",
											"from": [ 0.0, 0.0, 0.0 ],
											"to": [ 0.0, 0.0, 0.0 ],
											"faces": {
											},
											"children": [
												{
													"name": "Cube1",
													"from": [ -6.4749, 0.4393, -0.04 ],
													"to": [ 9.5251, 5.4393, 16.02 ],
													"rotationOrigin": [ 1.5251, 2.9393, 8.0 ],
													"rotationZ": 22.5,
													"faces": {
														"north": { "texture": "#material", "uv": [ 0.0, 0.0, 5.0, 16.0 ], "rotation": 90 },
														"east": { "texture": "#material", "uv": [ 0.0, 0.0, 16.0, 5.0 ] },
														"south": { "texture": "#material", "uv": [ 0.0, 0.0, 5.0, 16.0 ], "rotation": 90 },
														"west": { "texture": "#material", "uv": [ 0.0, 0.0, 16.0, 5.0 ] },
														"up": { "texture": "#material", "uv": [ 0.0, 0.0, 16.0, 16.0 ], "rotation": 90 },
														"down": { "texture": "#material", "uv": [ 0.0, 0.0, 16.0, 16.0 ], "rotation": 90 }
													}
												},
												{
													"name": "Cube2",
													"from": [ 1.5251, 8.1893, -0.02 ],
													"to": [ 17.5251, 13.6893, 16.01 ],
													"rotationOrigin": [ 9.5251, 10.9393, 8.0 ],
													"rotationZ": 22.5,
													"faces": {
														"north": { "texture": "#material", "uv": [ 0.0, 0.0, 5.5, 16.0 ], "rotation": 90 },
														"east": { "texture": "#material", "uv": [ 0.0, 0.0, 16.0, 5.5 ] },
														"south": { "texture": "#material", "uv": [ 0.0, 0.0, 5.5, 16.0 ], "rotation": 90 },
														"west": { "texture": "#material", "uv": [ 0.0, 0.0, 16.0, 5.5 ] },
														"up": { "texture": "#material", "uv": [ 0.0, 0.0, 16.0, 16.0 ], "rotation": 90 },
														"down": { "texture": "#material", "uv": [ 0.0, 0.0, 16.0, 16.0 ], "rotation": 90 }
													}
												}
											]
										}
									]
								},
								{
									"name": "main-fill",
									"from": [ 0.0, 0.0, 0.0 ],
									"to": [ 0.0, 0.0, 0.0 ],
									"faces": {
									},
									"children": [
										{
											"name": "middle",
											"from": [ 0.0, 0.0, 0.0 ],
											"to": [ 0.0, 0.0, 0.0 ],
											"faces": {
											},
											"children": [
												{
													"name": "Cube2",
													"from": [ 0.0, 0.0, 0.0 ],
													"to": [ 8.0, 4.0, 16.0 ],
													"faces": {
														"north": { "texture": "#fill", "uv": [ 0.0, 12.0, 8.0, 16.0 ] },
														"east": { "texture": "#fill", "uv": [ 0.0, 0.0, 16.0, 4.0 ] },
														"south": { "texture": "#fill", "uv": [ 0.0, 12.0, 8.0, 16.0 ] },
														"west": { "texture": "#fill", "uv": [ 0.0, 0.0, 16.0, 4.0 ] },
														"up": { "texture": "#fill", "uv": [ 0.0, 0.0, 8.0, 16.0 ] },
														"down": { "texture": "#fill", "uv": [ 0.0, 0.0, 8.0, 16.0 ] }
													}
												},
												{
													"name": "Cube3",
													"from": [ 8.0, 0.0, 0.0 ],
													"to": [ 16.0, 12.0, 16.0 ],
													"rotationOrigin": [ 8.0, 0.0, 0.0 ],
													"faces": {
														"north": { "texture": "#fill", "uv": [ 8.0, 4.0, 16.0, 16.0 ] },
														"east": { "texture": "#fill", "uv": [ 0.0, 4.0, 16.0, 16.0 ] },
														"south": { "texture": "#fill", "uv": [ 8.0, 4.0, 16.0, 16.0 ] },
														"west": { "texture": "#fill", "uv": [ 0.0, 4.0, 16.0, 16.0 ] },
														"up": { "texture": "#fill", "uv": [ 0.0, 0.0, 8.0, 16.0 ] },
														"down": { "texture": "#fill", "uv": [ 8.0, 0.0, 16.0, 16.0 ] }
													}
												}
											]
										}
									]
								}
							]
						}
					]
				}
			]
		}
	]}