[
  {
    "file": "itemtypes/wearable/mainarmor/armorlegs",
    "op": "addmerge",
    "path": "/behaviors",
    "dependsOn": [ { "modid": "combatoverhaul" } ],
    "value": [
      {
        "name": "CombatOverhaul:Armor",
        "propertiesByType": {
          "armorlegs-*-*-tier1": {
            "Layers": [ "Outer" ],
            "Zones": [ "Legs", "Feet" ],
            "Resists": {
              "PiercingAttack": 1,
              "SlashingAttack": 2,
              "BluntAttack": 8
            },
            "FlatReduction": {},
            "PlayerStats": {
              "walkspeed": -0.02,
              //"manipulationSpeed": 0,
              //"steadyAim": 0,
              "healingeffectivness": -0.02,
              "hungerrate": 0.02
            }
          },
          "armorlegs-*-*-tier2": {
            "Layers": [ "Outer" ],
            "Zones": [ "Legs", "Feet" ],
            "Resists": {
              "PiercingAttack": 1,
              "SlashingAttack": 2,
              "BluntAttack": 8
            },
            "FlatReduction": {},
            "PlayerStats": {
              "walkspeed": -0.02,
              //"manipulationSpeed": 0,
              //"steadyAim": 0,
              "healingeffectivness": -0.02,
              "hungerrate": 0.02
            }
          },
          "armorlegs-*-*-tier3": {
            "Layers": [ "Outer" ],
            "Zones": [ "Legs", "Feet" ],
            "Resists": {
              "PiercingAttack": 1,
              "SlashingAttack": 2,
              "BluntAttack": 8
            },
            "FlatReduction": {},
            "PlayerStats": {
              "walkspeed": -0.02,
              //"manipulationSpeed": 0,
              //"steadyAim": 0,
              "healingeffectivness": -0.02,
              "hungerrate": 0.02
            }
          }
        }
      }
    ]
  },
  {
    "file": "itemtypes/wearable/armorlegs",
    "op": "replace",
    "path": "/durabilityByType",
    "dependsOn": [ { "modid": "combatoverhaul" } ],
    "value": {
      "*-tier1": 900,
      "*-tier2": 900,
      "*-tier3": 900
    }
  },
  //{
  //  "file": "test:itemtypes/wearable/tailored-brigandine",
  //  "op": "replace",
  //  "path": "/shapeByType",
  //  "dependsOn": [ { "modid": "combatoverhaul" } ],
  //  "value": {
  //    "tailoredbrigandine-head-tinbronze-*": {
  //      "base": "game:combatoverhaul/armor/brigandine/{bodypart}-bronze"
  //    },
  //    "tailoredbrigandine-head-bismuthbronze-*": {
  //      "base": "game:combatoverhaul/armor/brigandine/{bodypart}-bronze"
  //    },
  //    "tailoredbrigandine-head-blackbronze-*": {
  //      "base": "game:combatoverhaul/armor/brigandine/{bodypart}-bronze"
  //    },
  //    "tailoredbrigandine-head-meteoriciron-*": {
  //      "base": "game:combatoverhaul/armor/brigandine/{bodypart}-steel"
  //    },
  //    "tailoredbrigandine-head-steel-*": {
  //      "base": "game:combatoverhaul/armor/brigandine/{bodypart}-steel"
  //    },
  //    "tailoredbrigandine-head-*": {
  //      "base": "game:combatoverhaul/armor/brigandine/{bodypart}-{material}"
  //    },
  //    "tailoredbrigandine-*-leather-*": {
  //      "base": "game:combatoverhaul/armor/jerkin/{bodypart}"
  //    },
  //    "tailoredbrigandine-*": {
  //      "base": "game:combatoverhaul/armor/brigandine/{bodypart}"
  //    }
  //  }
  //},
  {
    "file": "itemtypes/wearable/armorlegs",
    "op": "replace",
    "path": "/attributesByType/*-tier1/protectionModifiersByType",
    "dependsOn": [ { "modid": "combatoverhaul" } ],
    "value": { "*": null }
  },
  {
    "file": "itemtypes/wearable/armorlegs",
    "op": "replace",
    "path": "/attributesByType/*-tier2/protectionModifiersByType",
    "dependsOn": [ { "modid": "combatoverhaul" } ],
    "value": { "*": null }
  },
  {
    "file": "itemtypes/wearable/armorlegs",
    "op": "replace",
    "path": "/attributesByType/*-tier3/protectionModifiersByType",
    "dependsOn": [ { "modid": "combatoverhaul" } ],
    "value": { "*": null }
  },

  {
    "file": "itemtypes/wearable/armorlegs",
    "op": "replace",
    "path": "/attributesByType/*-tier1/statModifiersByType",
    "dependsOn": [ { "modid": "combatoverhaul" } ],
    "value": { "*": null }
  },
  {
    "file": "itemtypes/wearable/armorlegs",
    "op": "replace",
    "path": "/attributesByType/*-tier2/statModifiersByType",
    "dependsOn": [ { "modid": "combatoverhaul" } ],
    "value": { "*": null }
  },
  {
    "file": "itemtypes/wearable/armorlegs",
    "op": "replace",
    "path": "/attributesByType/*-tier3/statModifiersByType",
    "dependsOn": [ { "modid": "combatoverhaul" } ],
    "value": { "*": null }
  },

  {
    "file": "itemtypes/wearable/armorlegs",
    "op": "replace",
    "path": "/class",
    "dependsOn": [ { "modid": "combatoverhaul" } ],
    "value": "CombatOverhaul:WearableArmor"
  }
]
