[
  {
    "op": "addmerge",
    "file": "game:config/traits.json",
    "path": "/-",
    "value": {
      "code": "craftingrecipesmagictier1",
      "type": "positive",
      "attributes": {
      }
    }
  },
  {
    "op": "addmerge",
    "file": "game:config/traits.json",
    "path": "/-",
    "value": {
      "code": "craftingrecipesmagictier2",
      "type": "positive",
      "attributes": {
      }
    }
  },
  {
    "op": "addmerge",
    "file": "game:config/traits.json",
    "path": "/-",
    "value": {
      "code": "craftingrecipesmagictier3",
      "type": "positive",
      "attributes": {
      }
    }
  }
]