{
	"code": "creature",
	"class": "ItemCreature",
	"maxstacksize": 64,
	"variantgroups": [
		{
			"code": "type",
			"states": [
				"meiolaniidae-adult-female-ninjemysoweni","meiolaniidae-adult-male-ninjemysoweni","meiolaniidae-baby-female-ninjemysoweni", "meiolaniidae-baby-male-ninjemysoweni"

			]
		}
		
		],

	"shapeByType": {
		"*-adult-male-ninjemysoweni": {"base": "entity/land/meiolaniidae/ninjemysoweni-adult"},
		"*-adult-female-ninjemysoweni": {"base": "entity/land/meiolaniidae/ninjemysoweni-adult"},
		"*-baby-female-ninjemysoweni": {"base": "entity/land/meiolaniidae/ninjemysoweni-baby"},
		"*-baby-male-ninjemysoweni": {"base": "entity/land/meiolaniidae/ninjemysoweni-baby"}
	},
	"texturesByType": {
		"*adult-male-ninjemysoweni": {"skin": { "base": "entity/meiolaniidae/ninjemysoweni-adult" }},
		"*adult-female-ninjemysoweni": {"skin": { "base": "entity/meiolaniidae/ninjemysoweni-adult" }},
		"*-baby-female-ninjemysoweni": {"skin": { "base": "entity/meiolaniidae/ninjemysoweni-baby" }},
		"*-baby-male-ninjemysoweni": {"skin": { "base": "entity/meiolaniidae/ninjemysoweni-baby" }}
	},
	
	
	
	
	"creativeinventory": { "general": ["*"], "items": ["*"], "creatures": ["*-meiolaniidae-*"] },
	"materialDensity": 600,
	"guiTransformByType": {

		
		"creature-meiolaniidae-*": {
			"rotate": true,
			"translation": { "x": 3, "y": 0, "z": 0 },
			"rotation": { "x": -11, "y": -52, "z": -180 },
			"origin": { "x": 0.5, "y": 0.25, "z": 0.5 },
			"scale": 2.0
		}				
	},
	
	"tpHandTransformByType": {
		"creature-meiolaniidae-*": {
			"translation": { "x": -0.9, "y": -0.9, "z": -0.7 },
			"rotation": { "x": -180, "y": 0, "z": -156 },
			"scale": 0.45
		}		
	},
	
	"fpHandTransformByType": {
		"creature-meiolaniidae-*": {
			"translation": { "x": 0.2, "y": 0, "z": 0 },
			"rotation": { "x": -8, "y": -63, "z": -7 }
		}
	}}
	

	
	
	
	




