{
    "editor": {
        "backDropShape": "shapes/entity/humanoid/seraph",
        "allAngles": true,
        "entityTextureMode": true
    },
    "textureWidth": 64,
    "textureHeight": 64,
    "textureSizes": {},
    "textures": {
        "material": "entity/humanoid/serapharmor/brigandine/steel"
    },
    "elements": [
        {
            "name": "ArmorHelmet",
            "stepParentName": "Head",
            "from": [
                0.1,
                0.3,
                -0.6
            ],
            "to": [
                6.6,
                5.8,
                5.7
            ],
            "unwrapMode": 1,
            "uv": [
                36,
                17.5
            ],
            "rotationOrigin": [
                0.1,
                0.3,
                -0.6
            ],
            "faces": {
                "north": {
                    "texture": "#material",
                    "uv": [
                        42,
                        23.5,
                        48.5,
                        29
                    ]
                },
                "east": {
                    "texture": "#material",
                    "uv": [
                        36,
                        23.5,
                        42,
                        29
                    ]
                },
                "south": {
                    "texture": "#material",
                    "uv": [
                        54.5,
                        23.5,
                        61,
                        29
                    ]
                },
                "west": {
                    "texture": "#material",
                    "uv": [
                        48.5,
                        23.5,
                        54.5,
                        29
                    ]
                },
                "up": {
                    "texture": "#material",
                    "uv": [
                        42,
                        17.5,
                        48.5,
                        23.5
                    ],
                    "rotation": 180
                },
                "down": {
                    "texture": "#material",
                    "uv": [
                        42,
                        29,
                        48.5,
                        35
                    ]
                }
            },
            "children": [
                {
                    "name": "ArmorHelmetstrap",
                    "from": [
                        0.5,
                        -0.5,
                        0.2
                    ],
                    "to": [
                        2,
                        0.5,
                        6.1
                    ],
                    "unwrapMode": 5,
                    "uv": [
                        46.5,
                        1
                    ],
                    "rotationOrigin": [
                        0.5,
                        -0.5,
                        0.2
                    ],
                    "faces": {
                        "north": {
                            "texture": "#material",
                            "uv": [
                                47.5,
                                1,
                                49,
                                2
                            ],
                            "rotation": 180
                        },
                        "east": {
                            "texture": "#material",
                            "uv": [
                                49,
                                2,
                                50,
                                7.5
                            ],
                            "rotation": 90
                        },
                        "south": {
                            "texture": "#material",
                            "uv": [
                                47.5,
                                7.5,
                                49,
                                8.5
                            ]
                        },
                        "west": {
                            "texture": "#material",
                            "uv": [
                                46.5,
                                2,
                                47.5,
                                7.5
                            ],
                            "rotation": 270
                        },
                        "up": {
                            "texture": "#material",
                            "uv": [
                                47.5,
                                2,
                                49,
                                7.5
                            ]
                        },
                        "down": {
                            "texture": "#material",
                            "uv": [
                                50,
                                2,
                                51.5,
                                7.5
                            ]
                        }
                    }
                },
                {
                    "name": "ArmorHelmetFace",
                    "from": [
                        -0.7,
                        2.8,
                        0
                    ],
                    "to": [
                        0,
                        5.5,
                        6.3
                    ],
                    "unwrapMode": 1,
                    "uv": [
                        32,
                        35.5
                    ],
                    "rotationOrigin": [
                        -0.5,
                        2.8,
                        0
                    ],
                    "faces": {
                        "north": {
                            "texture": "#material",
                            "uv": [
                                32,
                                41.5,
                                32.5,
                                44
                            ]
                        },
                        "south": {
                            "texture": "#material",
                            "uv": [
                                38.5,
                                41.5,
                                39,
                                44
                            ]
                        },
                        "west": {
                            "texture": "#material",
                            "uv": [
                                32.5,
                                41.5,
                                38.5,
                                44
                            ]
                        },
                        "up": {
                            "texture": "#material",
                            "uv": [
                                32,
                                35.5,
                                32.5,
                                41.5
                            ],
                            "rotation": 180
                        },
                        "down": {
                            "texture": "#material",
                            "uv": [
                                32,
                                44,
                                32.5,
                                50
                            ]
                        }
                    },
                    "children": [
                        {
                            "name": "ArmorHelmetNasal",
                            "from": [
                                -1.4,
                                -0.7,
                                2.6
                            ],
                            "to": [
                                -0.9,
                                1.4,
                                3.6
                            ],
                            "unwrapMode": 1,
                            "autoUnwrap": false,
                            "uv": [
                                32.5,
                                35.5
                            ],
                            "rotationOrigin": [
                                -1.4,
                                -0.7,
                                2.6
                            ],
                            "faces": {
                                "north": {
                                    "texture": "#material",
                                    "uv": [
                                        32.5,
                                        35.5,
                                        33,
                                        37.5
                                    ]
                                },
                                "south": {
                                    "texture": "#material",
                                    "uv": [
                                        32.5,
                                        35.5,
                                        33,
                                        37.5
                                    ]
                                },
                                "west": {
                                    "texture": "#material",
                                    "uv": [
                                        33,
                                        35,
                                        34,
                                        37
                                    ]
                                },
                                "down": {
                                    "texture": "#material",
                                    "uv": [
                                        32,
                                        37.5,
                                        32.5,
                                        38.5
                                    ]
                                }
                            },
                            "rotationZ": -45
                        }
                    ]
                },
                {
                    "name": "ArmorHelmetTop",
                    "from": [
                        0.5,
                        5.5,
                        0.5
                    ],
                    "to": [
                        6,
                        6.3,
                        5.7
                    ],
                    "unwrapMode": 1,
                    "uv": [
                        31,
                        30
                    ],
                    "rotationOrigin": [
                        0.5,
                        5.5,
                        0.5
                    ],
                    "faces": {
                        "north": {
                            "texture": "#material",
                            "uv": [
                                36,
                                35,
                                41.5,
                                35.5
                            ]
                        },
                        "east": {
                            "texture": "#material",
                            "uv": [
                                31,
                                35,
                                36,
                                35.5
                            ]
                        },
                        "south": {
                            "texture": "#material",
                            "uv": [
                                46.5,
                                35,
                                52,
                                35.5
                            ]
                        },
                        "west": {
                            "texture": "#material",
                            "uv": [
                                41.5,
                                35,
                                46.5,
                                35.5
                            ]
                        },
                        "up": {
                            "texture": "#material",
                            "uv": [
                                36,
                                30,
                                41.5,
                                35
                            ],
                            "rotation": 180
                        }
                    }
                }
            ]
        }
    ]
}