{
	"code": "bigberrybush",
	"class": "BlockBerryBush",
	"attributes": {
		"foodTags": ["sweetBerryBush"],
		"butterflyFeedByType": {
			"*-flowering": true
		},
		"beeFeedByType": {
			"*-flowering": true
		},
		"forageStatAffected": true,
		"reinforcable": true,
		"resetBelowTemperature": -20,
		"stopBelowTemperature": -10,
		"revertBlockBelowTemperature": -30,
		
		"resetAboveTemperature": 30,
		"stopAboveTemperature": 25,
		"revertBlockAboveTemperature": 35,
		"overrideRandomDrawOffset": 14,
		"stackable": true
	},
	"entityclass": "BerryBush",
	"behaviorsByType": {
		"*-ripe": [ {"name": "Harvestable", "properties": { 
			"harvestTime": 0.6, 
			"harvestedStack": { "type": "item", "code": "floralzonescosmopolitanregion:fruit-{type}", "quantity": { "avg": 3.4 }  },
			"harvestedBlockCode": "floralzonescosmopolitanregion:bigberrybush-{type}-empty"
		}} ]
	},
	"variantgroups": [
		{ "code": "type", "states": ["juniperuscommunis"] },
		{ "code": "state", "states": ["empty", "flowering", "ripe"] }
	],
	"creativeinventory": { "general": ["*"], "flora": ["*"] },
	"renderpass": "OpaqueNoCull",
	"randomDrawOffset": true,
	"shapeByType": {
		"*": { "base": "block/plant/berrybush/{type}01"}
	},
	"randomizeRotations": true,
	"blockmaterial": "Plant",
	"texturesByType": {
		"*-juniperuscommunis-*": {"leaves-large-1": { "base": "block/plant/berrybush/{type}-large-1","alternates": [ { "base": "block/plant/berrybush/{type}-large-2" },{ "base": "block/plant/berrybush/{type}-large-3" } ] },"leaves-large-2": { "base": "block/plant/berrybush/{type}-large-2","alternates": [ { "base": "block/plant/berrybush/{type}-large-1" },{ "base": "block/plant/berrybush/{type}-large-3" } ] }
															,"leaves-large-3": { "base": "block/plant/berrybush/{type}-large-3"},"leaves-small": { "base": "block/plant/berrybush/{type}-small-{state}"}
		}
	},
	"sideopaque": {
		"all": false
	},
	"sidesolid": {
		"all": false
	},
	"replaceable": 3000,
	"fertility": 30,
	"lightAbsorption": 0,
	"resistance": 0.5,
	"collisionbox": null,
	"selectionbox": {
		"x1": 0.125, "y1": 0, "z1": 0.125,
		"x2": 0.875, "y2": 0.25, "z2": 0.875
	},
	"sounds": {
		"place": "game:block/plant",
		"break": "game:block/plant",
		"hit": "game:block/plant",
		"walk": "game:walk/grass",
		"inside": "game:walk/inside/leafy/bushrustle*"
	},
	"rainPermeable": false,
	"dropsByType": {
		"*-ripe": [
			{ "type": "item", "code": "floralzonescosmopolitanregion:fruit-{type}", "quantity": { "avg": 3.4 }  },
			{ "type": "block", "code": "floralzonescosmopolitanregion:bigberrybush-{type}-empty", "quantity": { "avg": 1 }  },
		],
		"*": [			{ "type": "block", "code": "floralzonescosmopolitanregion:bigberrybush-{type}-empty", "quantity": { "avg": 1 }  },]
	},
	"materialDensity": 200,
	"vertexFlags": {
		"zOffset": 2
	},
	"frostable": true,
	"combustibleProps": {
		"burnTemperature": 600,
		"burnDuration": 10,
	}
}