{
	"editor": {
		"collapsedPaths": ",Root/Spices",
		"allAngles": false,
		"entityTextureMode": false
	},
	"textureWidth": 16,
	"textureHeight": 16,
	"textureSizes": {
	},
	"textures": {
		"spicesbase": "agiclasses:item/food/spicesbase",
		"e3": "game:block/plant/crop/carrot/e2",
		"item": "game:block/plant/crop/turnip/bulb",
		"s4": "game:block/plant/crop/turnip/s1"
	},
	"elements": [
		{
			"name": "Spices",
			"from": [ 8.0, 0.0, 9.0 ],
			"to": [ 8.0, 0.0, 9.0 ],
			"rotationOrigin": [ 8.0, 0.0, 9.0 ],
			"faces": {
			},
			"children": [
				{
					"name": "Cube1",
					"from": [ -2.0, 0.0, -6.0 ],
					"to": [ 3.0, 2.0, 3.0 ],
					"rotationOrigin": [ 0.0, 0.0, -2.0 ],
					"faces": {
						"north": { "texture": "#spicesbase", "uv": [ 7.5, 10.0, 12.5, 12.0 ] },
						"east": { "texture": "#spicesbase", "uv": [ 3.0, 11.0, 12.0, 13.0 ] },
						"south": { "texture": "#spicesbase", "uv": [ 3.0, 15.0, 8.0, 17.0 ] },
						"west": { "texture": "#spicesbase", "uv": [ 0.0, 15.0, 9.0, 17.0 ] },
						"up": { "texture": "#spicesbase", "uv": [ 7.5, 3.5, 12.5, 12.5 ] },
						"down": { "texture": "#spicesbase", "uv": [ 0.0, 1.5, 5.0, 10.5 ] }
					}
				},
				{
					"name": "Cube5",
					"from": [ -6.0, 0.0, -7.0 ],
					"to": [ 2.0, 1.0, 3.0 ],
					"rotationOrigin": [ 0.0, 0.0, -3.0 ],
					"faces": {
						"north": { "texture": "#spicesbase", "uv": [ 5.5, 10.5, 13.5, 11.5 ] },
						"east": { "texture": "#spicesbase", "uv": [ 4.5, 11.0, 14.5, 12.0 ] },
						"south": { "texture": "#spicesbase", "uv": [ 4.0, 13.5, 12.0, 14.5 ] },
						"west": { "texture": "#spicesbase", "uv": [ 6.0, 0.0, 16.0, 1.0 ] },
						"up": { "texture": "#spicesbase", "uv": [ 8.0, 3.5, 16.0, 13.5 ] },
						"down": { "texture": "#spicesbase", "uv": [ 7.5, 2.0, 15.5, 12.0 ] }
					}
				},
				{
					"name": "Cube14",
					"from": [ -1.0, 1.0, -7.0 ],
					"to": [ 1.0, 2.0, -6.0 ],
					"rotationOrigin": [ 9.0, 2.0, -8.0 ],
					"faces": {
						"north": { "texture": "#spicesbase", "uv": [ 13.5, 14.0, 15.5, 15.0 ] },
						"east": { "texture": "#spicesbase", "uv": [ 1.0, 8.0, 2.0, 9.0 ] },
						"west": { "texture": "#spicesbase", "uv": [ 15.0, 11.5, 16.0, 12.5 ] },
						"up": { "texture": "#spicesbase", "uv": [ 14.0, 14.0, 16.0, 15.0 ] }
					}
				},
				{
					"name": "Cube15",
					"from": [ 3.0, 0.0, -5.0 ],
					"to": [ 5.0, 1.0, -3.0 ],
					"rotationOrigin": [ 1.0, 1.0, -6.0 ],
					"faces": {
						"north": { "texture": "#spicesbase", "uv": [ 13.5, 14.0, 15.5, 15.0 ] },
						"east": { "texture": "#spicesbase", "uv": [ 1.0, 8.0, 3.0, 9.0 ] },
						"south": { "texture": "#spicesbase", "uv": [ 3.0, 15.0, 5.0, 16.0 ] },
						"up": { "texture": "#spicesbase", "uv": [ 14.0, 14.0, 16.0, 16.0 ] },
						"down": { "texture": "#spicesbase", "uv": [ 2.5, 3.5, 4.5, 5.5 ] }
					}
				},
				{
					"name": "Cube16",
					"from": [ -5.0, 0.0, 3.0 ],
					"to": [ -3.0, 1.0, 5.0 ],
					"rotationOrigin": [ 1.0, 1.0, -6.0 ],
					"faces": {
						"east": { "texture": "#spicesbase", "uv": [ 1.0, 8.0, 3.0, 9.0 ] },
						"south": { "texture": "#spicesbase", "uv": [ 3.0, 14.5, 5.0, 15.5 ] },
						"west": { "texture": "#spicesbase", "uv": [ 10.5, 10.0, 12.5, 11.0 ] },
						"up": { "texture": "#spicesbase", "uv": [ 14.0, 14.0, 16.0, 16.0 ] },
						"down": { "texture": "#spicesbase", "uv": [ 0.5, 1.5, 2.5, 3.5 ] }
					}
				},
				{
					"name": "base",
					"from": [ -8.0, -0.02, -9.0 ],
					"to": [ 8.0, 0.02, 7.0 ],
					"rotationOrigin": [ -8.0, 0.0, -9.0 ],
					"faces": {
						"up": { "texture": "#spicesbase", "uv": [ 0.0, 0.0, 7.5, 7.5 ], "autoUv": false }
					}
				},
				{
					"name": "Cube17",
					"from": [ -4.0, 1.0, -5.0 ],
					"to": [ -2.0, 2.0, 2.0 ],
					"rotationOrigin": [ 6.0, 2.0, -6.0 ],
					"faces": {
						"north": { "texture": "#spicesbase", "uv": [ 13.5, 14.0, 15.5, 15.0 ] },
						"south": { "texture": "#spicesbase", "uv": [ 3.0, 11.0, 5.0, 12.0 ] },
						"west": { "texture": "#spicesbase", "uv": [ 7.0, 11.5, 14.0, 12.5 ] },
						"up": { "texture": "#spicesbase", "uv": [ 10.5, 4.5, 12.5, 11.5 ] }
					}
				},
				{
					"name": "Cube18",
					"from": [ -1.0, 2.0, -4.0 ],
					"to": [ 1.0, 3.0, 0.0 ],
					"rotationOrigin": [ 9.0, 3.0, -5.0 ],
					"faces": {
						"north": { "texture": "#spicesbase", "uv": [ 13.5, 14.0, 15.5, 15.0 ] },
						"east": { "texture": "#spicesbase", "uv": [ 1.0, 8.0, 5.0, 9.0 ], "windMode": [-1,-1,-1,-1] },
						"south": { "texture": "#spicesbase", "uv": [ 4.0, 11.0, 6.0, 12.0 ] },
						"west": { "texture": "#spicesbase", "uv": [ 10.0, 10.0, 14.0, 11.0 ], "windMode": [-1,-1,-1,-1] },
						"up": { "texture": "#spicesbase", "uv": [ 10.0, 11.0, 12.0, 15.0 ] }
					}
				},
				{
					"name": "Cube19",
					"from": [ -2.0, 0.0, -2.0 ],
					"to": [ 4.0, 1.0, 4.0 ],
					"rotationOrigin": [ 8.0, 1.0, -3.0 ],
					"faces": {
						"north": { "texture": "#spicesbase", "uv": [ 5.5, 8.0, 11.5, 9.0 ] },
						"east": { "texture": "#spicesbase", "uv": [ 1.0, 8.0, 7.0, 9.0 ] },
						"south": { "texture": "#spicesbase", "uv": [ 3.0, 15.0, 9.0, 16.0 ] },
						"west": { "texture": "#spicesbase", "uv": [ 9.5, 11.5, 15.5, 12.5 ] },
						"up": { "texture": "#spicesbase", "uv": [ 9.0, 9.0, 15.0, 15.0 ] },
						"down": { "texture": "#spicesbase", "uv": [ 1.5, 2.5, 7.5, 8.5 ] }
					}
				},
				{
					"name": "Cube20",
					"from": [ -5.0, 1.0, -3.0 ],
					"to": [ -4.0, 2.0, -1.0 ],
					"rotationOrigin": [ 5.0, 2.0, -4.0 ],
					"faces": {
						"north": { "texture": "#spicesbase", "uv": [ 13.5, 14.0, 14.5, 15.0 ] },
						"south": { "texture": "#spicesbase", "uv": [ 3.0, 15.0, 4.0, 16.0 ] },
						"west": { "texture": "#spicesbase", "uv": [ 12.5, 10.0, 14.5, 11.0 ] },
						"up": { "texture": "#spicesbase", "uv": [ 12.5, 11.5, 13.5, 13.5 ] }
					}
				},
				{
					"name": "Cube21",
					"from": [ 0.0, 3.0, -2.0 ],
					"to": [ 1.2, 4.0, -1.0 ],
					"rotationOrigin": [ 10.0, 4.0, -3.0 ],
					"faces": {
						"north": { "texture": "#spicesbase", "uv": [ 13.5, 14.0, 14.5, 15.0 ] },
						"east": { "texture": "#spicesbase", "uv": [ 1.0, 8.0, 2.0, 9.0 ] },
						"south": { "texture": "#spicesbase", "uv": [ 3.0, 15.0, 4.0, 16.0 ] },
						"west": { "texture": "#spicesbase", "uv": [ 15.0, 11.5, 16.0, 12.5 ] },
						"up": { "texture": "#spicesbase", "uv": [ 14.0, 14.0, 15.0, 15.0 ] }
					}
				},
				{
					"name": "Cube22",
					"from": [ -7.0, 0.0, -7.0 ],
					"to": [ -6.0, 1.0, -6.0 ],
					"rotationOrigin": [ 3.0, 1.0, -8.0 ],
					"faces": {
						"north": { "texture": "#spicesbase", "uv": [ 13.5, 14.0, 14.5, 15.0 ] },
						"south": { "texture": "#spicesbase", "uv": [ 3.0, 15.0, 4.0, 16.0 ] },
						"west": { "texture": "#spicesbase", "uv": [ 15.0, 11.5, 16.0, 12.5 ] },
						"up": { "texture": "#spicesbase", "uv": [ 14.0, 14.0, 15.0, 15.0 ] },
						"down": { "texture": "#spicesbase", "uv": [ 1.0, 1.5, 2.0, 2.5 ] }
					}
				},
				{
					"name": "Cube23",
					"from": [ 4.0, 0.0, 2.0 ],
					"to": [ 5.0, 1.0, 3.0 ],
					"rotationOrigin": [ 14.0, 1.0, 1.0 ],
					"faces": {
						"north": { "texture": "#spicesbase", "uv": [ 13.5, 14.0, 14.5, 15.0 ] },
						"east": { "texture": "#spicesbase", "uv": [ 1.0, 8.0, 2.0, 9.0 ] },
						"south": { "texture": "#spicesbase", "uv": [ 3.0, 15.0, 4.0, 16.0 ] },
						"up": { "texture": "#spicesbase", "uv": [ 14.0, 14.0, 15.0, 15.0 ] },
						"down": { "texture": "#spicesbase", "uv": [ 2.5, 3.5, 3.5, 4.5 ] }
					}
				},
				{
					"name": "Cube24",
					"from": [ -1.0, 0.0, 4.0 ],
					"to": [ 0.0, 1.0, 5.0 ],
					"rotationOrigin": [ 9.0, 1.0, 3.0 ],
					"faces": {
						"north": { "texture": "#spicesbase", "uv": [ 13.5, 14.0, 14.5, 15.0 ] },
						"east": { "texture": "#spicesbase", "uv": [ 1.0, 8.0, 2.0, 9.0 ] },
						"south": { "texture": "#spicesbase", "uv": [ 3.0, 15.0, 4.0, 16.0 ] },
						"west": { "texture": "#spicesbase", "uv": [ 15.0, 11.5, 16.0, 12.5 ] },
						"up": { "texture": "#spicesbase", "uv": [ 14.0, 14.0, 15.0, 15.0 ] },
						"down": { "texture": "#spicesbase", "uv": [ 2.0, 1.5, 3.0, 2.5 ], "windMode": [-1,-1,-1,-1] }
					}
				},
				{
					"name": "Cube25",
					"from": [ 1.0, 2.0, -4.0 ],
					"to": [ 2.0, 3.0, -1.0 ],
					"rotationOrigin": [ 11.0, 3.0, -5.0 ],
					"faces": {
						"north": { "texture": "#spicesbase", "uv": [ 13.5, 14.0, 14.5, 15.0 ] },
						"east": { "texture": "#spicesbase", "uv": [ 1.0, 8.0, 4.0, 9.0 ] },
						"south": { "texture": "#spicesbase", "uv": [ 4.0, 11.0, 5.0, 12.0 ] },
						"up": { "texture": "#spicesbase", "uv": [ 10.0, 11.0, 11.0, 14.0 ] }
					}
				},
				{
					"name": "Cube26",
					"from": [ -2.0, 2.0, -2.0 ],
					"to": [ -1.0, 3.0, 0.0 ],
					"rotationOrigin": [ 8.0, 3.0, -3.0 ],
					"faces": {
						"north": { "texture": "#spicesbase", "uv": [ 13.5, 14.0, 14.5, 15.0 ] },
						"south": { "texture": "#spicesbase", "uv": [ 4.0, 11.0, 5.0, 12.0 ] },
						"west": { "texture": "#spicesbase", "uv": [ 10.0, 10.0, 12.0, 11.0 ], "windMode": [-1,-1,-1,-1] },
						"up": { "texture": "#spicesbase", "uv": [ 10.0, 11.0, 11.0, 13.0 ] }
					}
				},
				{
					"name": "Cube27",
					"from": [ -7.0, 0.0, 1.0 ],
					"to": [ -6.0, 1.0, 2.0 ],
					"rotationOrigin": [ 3.0, 1.0, 0.0 ],
					"faces": {
						"north": { "texture": "#spicesbase", "uv": [ 13.5, 14.0, 14.5, 15.0 ], "windMode": [-1,-1,-1,-1] },
						"south": { "texture": "#spicesbase", "uv": [ 3.0, 15.0, 4.0, 16.0 ], "windMode": [-1,-1,-1,-1] },
						"west": { "texture": "#spicesbase", "uv": [ 15.0, 11.5, 16.0, 12.5 ], "windMode": [-1,-1,-1,-1] },
						"up": { "texture": "#spicesbase", "uv": [ 14.0, 14.0, 15.0, 15.0 ] },
						"down": { "texture": "#spicesbase", "uv": [ 1.5, 1.5, 2.5, 2.5 ], "windMode": [-1,-1,-1,-1] }
					}
				},
				{
					"name": "Cube28",
					"from": [ -7.0, 0.0, -4.0 ],
					"to": [ -6.0, 1.0, -2.0 ],
					"rotationOrigin": [ 3.0, 1.0, -5.0 ],
					"faces": {
						"north": { "texture": "#spicesbase", "uv": [ 13.5, 14.0, 14.5, 15.0 ] },
						"south": { "texture": "#spicesbase", "uv": [ 3.0, 15.0, 4.0, 16.0 ] },
						"west": { "texture": "#spicesbase", "uv": [ 13.0, 10.5, 15.0, 11.5 ] },
						"up": { "texture": "#spicesbase", "uv": [ 14.0, 12.5, 15.0, 14.5 ] },
						"down": { "texture": "#spicesbase", "uv": [ 1.5, 1.5, 2.5, 3.5 ], "windMode": [-1,-1,-1,-1] }
					}
				},
				{
					"name": "Cube29",
					"from": [ -6.0, 0.0, -8.0 ],
					"to": [ -4.0, 1.0, -7.0 ],
					"rotationOrigin": [ 4.0, 1.0, -9.0 ],
					"faces": {
						"north": { "texture": "#spicesbase", "uv": [ 13.5, 14.0, 15.5, 15.0 ] },
						"east": { "texture": "#spicesbase", "uv": [ 1.0, 8.0, 2.0, 9.0 ] },
						"west": { "texture": "#spicesbase", "uv": [ 15.0, 11.5, 16.0, 12.5 ] },
						"up": { "texture": "#spicesbase", "uv": [ 14.0, 14.0, 16.0, 15.0 ] },
						"down": { "texture": "#spicesbase", "uv": [ 1.0, 1.5, 3.0, 2.5 ] }
					}
				},
				{
					"name": "Cube30",
					"from": [ -1.0, 0.0, -8.0 ],
					"to": [ 1.0, 1.0, -7.0 ],
					"rotationOrigin": [ 9.0, 1.0, -9.0 ],
					"faces": {
						"north": { "texture": "#spicesbase", "uv": [ 13.5, 14.0, 15.5, 15.0 ] },
						"east": { "texture": "#spicesbase", "uv": [ 1.0, 8.0, 2.0, 9.0 ] },
						"west": { "texture": "#spicesbase", "uv": [ 15.0, 11.5, 16.0, 12.5 ] },
						"up": { "texture": "#spicesbase", "uv": [ 14.0, 14.0, 16.0, 15.0 ] },
						"down": { "texture": "#spicesbase", "uv": [ 1.0, 1.5, 3.0, 2.5 ] }
					}
				},
				{
					"name": "Cube31",
					"from": [ -5.0, 1.0, -6.0 ],
					"to": [ -4.0, 2.0, -5.0 ],
					"rotationOrigin": [ 5.0, 2.0, -7.0 ],
					"faces": {
						"north": { "texture": "#spicesbase", "uv": [ 13.5, 14.0, 14.5, 15.0 ] },
						"east": { "texture": "#spicesbase", "uv": [ 1.0, 8.0, 2.0, 9.0 ] },
						"south": { "texture": "#spicesbase", "uv": [ 3.0, 15.0, 4.0, 16.0 ] },
						"west": { "texture": "#spicesbase", "uv": [ 15.0, 11.5, 16.0, 12.5 ] },
						"up": { "texture": "#spicesbase", "uv": [ 14.0, 14.0, 15.0, 15.0 ] }
					}
				}
			]
		},
		{
			"name": "turnip 1",
			"from": [ 8.5, 2.0, 6.5 ],
			"to": [ 11.5, 4.5, 9.5 ],
			"rotationOrigin": [ 10.0, 0.0, 8.0 ],
			"rotationY": 45.0,
			"rotationZ": 22.5,
			"faces": {
				"north": { "texture": "#item", "uv": [ 8.5, 5.5, 11.5, 8.0 ] },
				"east": { "texture": "#item", "uv": [ 11.5, 5.5, 14.5, 8.0 ] },
				"south": { "texture": "#item", "uv": [ 8.0, 5.5, 11.0, 8.0 ] },
				"west": { "texture": "#item", "uv": [ 1.0, 5.5, 4.0, 8.0 ] },
				"up": { "texture": "#item", "uv": [ 8.0, 2.0, 11.0, 5.0 ] },
				"down": { "texture": "#item", "uv": [ 10.5, 13.0, 13.5, 16.0 ] }
			},
			"children": [
				{
					"name": "turnip 1 top",
					"from": [ 0.5, 2.5, 0.5 ],
					"to": [ 2.5, 3.0, 2.5 ],
					"faces": {
						"north": { "texture": "#item", "uv": [ 1.5, 5.0, 3.5, 5.5 ] },
						"east": { "texture": "#item", "uv": [ 11.5, 5.0, 13.5, 5.5 ] },
						"south": { "texture": "#item", "uv": [ 13.5, 5.0, 15.5, 5.5 ] },
						"west": { "texture": "#item", "uv": [ 8.0, 5.0, 10.0, 5.5 ] },
						"up": { "texture": "#item", "uv": [ 5.0, 2.5, 7.0, 4.5 ] }
					}
				},
				{
					"name": "s 1",
					"from": [ -5.0, 1.5, 1.5 ],
					"to": [ 8.0, 14.5, 1.5 ],
					"shade": false,
					"rotationOrigin": [ 1.5, 0.0, 1.5 ],
					"faces": {
						"south": { "texture": "#s4", "uv": [ 1.5, 2.0, 14.5, 15.0 ] }
					}
				},
				{
					"name": "e 1",
					"from": [ 1.5, 1.5, -5.0 ],
					"to": [ 1.5, 14.5, 8.0 ],
					"shade": false,
					"rotationOrigin": [ 1.5, 0.0, 1.5 ],
					"faces": {
						"east": { "texture": "#e3", "uv": [ 1.5, 3.0, 14.5, 16.0 ] }
					}
				},
				{
					"name": "root",
					"from": [ 0.5, -0.5, 0.5 ],
					"to": [ 2.5, 0.0, 2.5 ],
					"faces": {
						"north": { "texture": "#item", "uv": [ 8.0, 15.5, 10.0, 16.0 ] },
						"east": { "texture": "#item", "uv": [ 5.0, 15.0, 7.0, 15.5 ] },
						"south": { "texture": "#item", "uv": [ 12.0, 15.0, 14.0, 15.5 ] },
						"west": { "texture": "#item", "uv": [ 4.0, 15.0, 6.0, 15.5 ] },
						"down": { "texture": "#item", "uv": [ 10.5, 14.0, 12.5, 16.0 ] }
					}
				},
				{
					"name": "tip",
					"from": [ 1.3, -2.0, 1.2 ],
					"to": [ 1.8, -0.5, 1.7 ],
					"rotationOrigin": [ 0.3, 1.0, 0.2 ],
					"faces": {
						"north": { "texture": "#item", "uv": [ 9.0, 14.5, 9.5, 16.0 ] },
						"east": { "texture": "#item", "uv": [ 6.0, 14.5, 6.5, 16.0 ] },
						"south": { "texture": "#item", "uv": [ 13.5, 14.5, 14.0, 16.0 ] },
						"west": { "texture": "#item", "uv": [ 6.0, 14.5, 6.5, 16.0 ] },
						"down": { "texture": "#item", "uv": [ 9.0, 15.0, 9.5, 15.5 ] }
					}
				}
			]
		},
		{
			"name": "turnip 2",
			"from": [ 4.5, 1.0, 3.5 ],
			"to": [ 7.5, 3.5, 6.5 ],
			"rotationOrigin": [ 6.0, -1.0, 5.0 ],
			"rotationY": -45.0,
			"rotationZ": 22.5,
			"faces": {
				"north": { "texture": "#item", "uv": [ 8.5, 5.5, 11.5, 8.0 ] },
				"east": { "texture": "#item", "uv": [ 11.5, 5.5, 14.5, 8.0 ] },
				"south": { "texture": "#item", "uv": [ 8.0, 5.5, 11.0, 8.0 ] },
				"west": { "texture": "#item", "uv": [ 1.0, 5.5, 4.0, 8.0 ] },
				"up": { "texture": "#item", "uv": [ 8.0, 2.0, 11.0, 5.0 ] },
				"down": { "texture": "#item", "uv": [ 10.5, 13.0, 13.5, 16.0 ] }
			},
			"children": [
				{
					"name": "turnip 1 top2",
					"from": [ 0.5, 2.5, 0.5 ],
					"to": [ 2.5, 3.0, 2.5 ],
					"faces": {
						"north": { "texture": "#item", "uv": [ 1.5, 5.0, 3.5, 5.5 ] },
						"east": { "texture": "#item", "uv": [ 11.5, 5.0, 13.5, 5.5 ] },
						"south": { "texture": "#item", "uv": [ 13.5, 5.0, 15.5, 5.5 ] },
						"west": { "texture": "#item", "uv": [ 8.0, 5.0, 10.0, 5.5 ] },
						"up": { "texture": "#item", "uv": [ 5.0, 2.5, 7.0, 4.5 ] }
					}
				},
				{
					"name": "s 2",
					"from": [ -5.0, 1.5, 1.5 ],
					"to": [ 8.0, 14.5, 1.5 ],
					"shade": false,
					"rotationOrigin": [ 1.5, 0.0, 1.5 ],
					"faces": {
						"south": { "texture": "#s4", "uv": [ 1.5, 2.0, 14.5, 15.0 ] }
					}
				},
				{
					"name": "e 2",
					"from": [ 1.5, 1.5, -5.0 ],
					"to": [ 1.5, 14.5, 8.0 ],
					"shade": false,
					"rotationOrigin": [ 1.5, 0.0, 1.5 ],
					"faces": {
						"east": { "texture": "#e3", "uv": [ 1.5, 3.0, 14.5, 16.0 ] }
					}
				},
				{
					"name": "root2",
					"from": [ 0.5, -0.5, 0.5 ],
					"to": [ 2.5, 0.0, 2.5 ],
					"faces": {
						"north": { "texture": "#item", "uv": [ 8.0, 15.5, 10.0, 16.0 ] },
						"east": { "texture": "#item", "uv": [ 5.0, 15.0, 7.0, 15.5 ] },
						"south": { "texture": "#item", "uv": [ 12.0, 15.0, 14.0, 15.5 ] },
						"west": { "texture": "#item", "uv": [ 4.0, 15.0, 6.0, 15.5 ] },
						"down": { "texture": "#item", "uv": [ 10.5, 14.0, 12.5, 16.0 ] }
					}
				},
				{
					"name": "tip2",
					"from": [ 1.3, -2.0, 1.2 ],
					"to": [ 1.8, -0.5, 1.7 ],
					"rotationOrigin": [ 0.3, 1.0, 0.2 ],
					"faces": {
						"north": { "texture": "#item", "uv": [ 9.0, 14.5, 9.5, 16.0 ] },
						"east": { "texture": "#item", "uv": [ 6.0, 14.5, 6.5, 16.0 ] },
						"south": { "texture": "#item", "uv": [ 13.5, 14.5, 14.0, 16.0 ] },
						"west": { "texture": "#item", "uv": [ 6.0, 14.5, 6.5, 16.0 ] },
						"down": { "texture": "#item", "uv": [ 9.0, 15.0, 9.5, 15.5 ] }
					}
				}
			]
		},
		{
			"name": "turnip 3",
			"from": [ 4.5, 1.0, 9.5 ],
			"to": [ 7.5, 3.5, 12.5 ],
			"rotationOrigin": [ 6.0, -1.0, 11.0 ],
			"rotationY": -90.0,
			"rotationZ": -22.5,
			"faces": {
				"north": { "texture": "#item", "uv": [ 8.5, 5.5, 11.5, 8.0 ] },
				"east": { "texture": "#item", "uv": [ 11.5, 5.5, 14.5, 8.0 ] },
				"south": { "texture": "#item", "uv": [ 8.0, 5.5, 11.0, 8.0 ] },
				"west": { "texture": "#item", "uv": [ 1.0, 5.5, 4.0, 8.0 ] },
				"up": { "texture": "#item", "uv": [ 8.0, 2.0, 11.0, 5.0 ] },
				"down": { "texture": "#item", "uv": [ 10.5, 13.0, 13.5, 16.0 ] }
			},
			"children": [
				{
					"name": "turnip 1 top3",
					"from": [ 0.5, 2.5, 0.5 ],
					"to": [ 2.5, 3.0, 2.5 ],
					"faces": {
						"north": { "texture": "#item", "uv": [ 1.5, 5.0, 3.5, 5.5 ] },
						"east": { "texture": "#item", "uv": [ 11.5, 5.0, 13.5, 5.5 ] },
						"south": { "texture": "#item", "uv": [ 13.5, 5.0, 15.5, 5.5 ] },
						"west": { "texture": "#item", "uv": [ 8.0, 5.0, 10.0, 5.5 ] },
						"up": { "texture": "#item", "uv": [ 5.0, 2.5, 7.0, 4.5 ] }
					}
				},
				{
					"name": "s 3",
					"from": [ -5.0, 1.5, 1.5 ],
					"to": [ 8.0, 14.5, 1.5 ],
					"shade": false,
					"rotationOrigin": [ 1.5, 0.0, 1.5 ],
					"faces": {
						"south": { "texture": "#s4", "uv": [ 1.5, 2.0, 14.5, 15.0 ] }
					}
				},
				{
					"name": "e 3",
					"from": [ 1.5, 1.5, -5.0 ],
					"to": [ 1.5, 14.5, 8.0 ],
					"shade": false,
					"rotationOrigin": [ 1.5, 0.0, 1.5 ],
					"faces": {
						"east": { "texture": "#e3", "uv": [ 1.5, 3.0, 14.5, 16.0 ] }
					}
				},
				{
					"name": "root3",
					"from": [ 0.5, -0.5, 0.5 ],
					"to": [ 2.5, 0.0, 2.5 ],
					"faces": {
						"north": { "texture": "#item", "uv": [ 8.0, 15.5, 10.0, 16.0 ] },
						"east": { "texture": "#item", "uv": [ 5.0, 15.0, 7.0, 15.5 ] },
						"south": { "texture": "#item", "uv": [ 12.0, 15.0, 14.0, 15.5 ] },
						"west": { "texture": "#item", "uv": [ 4.0, 15.0, 6.0, 15.5 ] },
						"down": { "texture": "#item", "uv": [ 10.5, 14.0, 12.5, 16.0 ] }
					}
				},
				{
					"name": "tip3",
					"from": [ 1.3, -2.0, 1.2 ],
					"to": [ 1.8, -0.5, 1.7 ],
					"rotationOrigin": [ 0.3, 1.0, 0.2 ],
					"faces": {
						"north": { "texture": "#item", "uv": [ 9.0, 14.5, 9.5, 16.0 ] },
						"east": { "texture": "#item", "uv": [ 6.0, 14.5, 6.5, 16.0 ] },
						"south": { "texture": "#item", "uv": [ 13.5, 14.5, 14.0, 16.0 ] },
						"west": { "texture": "#item", "uv": [ 6.0, 14.5, 6.5, 16.0 ] },
						"down": { "texture": "#item", "uv": [ 9.0, 15.0, 9.5, 15.5 ] }
					}
				}
			]
		}
	]}