[
  {
    "side": "server",
    "file": "tradie:config/tradelists/trader-sommelier",
    "op": "addeach",
    "path": "/buying/list/-",
    "value":
    [
      {
						"code": "game:woodbucket",
						"type": "block",
						"stacksize": 1,
						"stock": {
							"avg": 4,
							"var": 0.25
						},
						"price": {
							"avg": 9,
							"var": 0.75
						},
						"attributes": {
							"ucontents": [
								{
									"type": "item",
									"code": "game:ciderportion-redgrapes",
									"makefull": true
								}
							]
						}	
						
					},		
					{
						"code": "game:woodbucket",
						"type": "block",
						"stacksize": 1,
						"stock": {
							"avg": 4,
							"var": 0.25
						},
						"price": {
							"avg": 9,
							"var": 0.75
						},
						"attributes": {
							"ucontents": [
								{
									"type": "item",
									"code": "game:ciderportion-greengrapes",
									"makefull": true
								}
							]
						}
						
					},
					{
						"code": "game:jug-blue-fired",
						"type": "block",
						"stacksize": 1,
						"stock": {
							"avg": 6,
							"var": 1.5
						},
						"price": {
							"avg": 5,
							"var": 1.5
						},
						"attributes": {
							"ucontents": [
								{
									"type": "item",
									"code": "game:spiritportion-redgrapes",
									"makefull": true
								}
							]
						}		
					},					
					{
						"code": "game:jug-blue-fired",
						"type": "block",
						"stacksize": 1,
						"stock": {
							"avg": 6,
							"var": 1.5
						},
						"price": {
							"avg": 5,
							"var": 1.5
						},
						"attributes": {
							"ucontents": [
								{
									"type": "item",
									"code": "game:spiritportion-greengrapes",
									"makefull": true
								}
							]
						}		
					},
					
    ]
	
  },
//Expanded Foods
  {
    "side": "server",
    "file": "tradie:config/tradelists/trader-sommelier",
    "op": "addeach",
    "path": "/buying/list/-",
	"dependsOn": [{"modid": "expandedfoods" }],
    "value":
    [
	                {
						"code": "aculinaryartillery:bottle-quartz-burned",
						"type": "block",
						"stacksize": 10,
						"stock": {
							"avg": 2,
							"var": 0.25
						},
						"price": {
							"avg": 15,
							"var": 1.75
						},
						"attributes": {
							"ucontents": [
								{
									"type": "item",
									"code": "expandedfoods:strongwineportion-redgrapes",
									"makefull": true
								}
							]
						}
					},
                    {
						"code": "aculinaryartillery:bottle-quartz-burned",
						"type": "block",
						"stacksize": 10,
						"stock": {
							"avg": 2,
							"var": 0.25
						},
						"price": {
							"avg": 15,
							"var": 1.75
						},
						"attributes": {
							"ucontents": [
								{
									"type": "item",
									"code": "expandedfoods:strongwineportion-greengrapes",
									"makefull": true
								}
							]
						}
					},					
	                {
						"code": "aculinaryartillery:bottle-quartz-burned",
						"type": "block",
						"stacksize": 10,
						"stock": {
							"avg": 2,
							"var": 0.25
						},
						"price": {
							"avg": 15,
							"var": 1.75
						},
						"attributes": {
							"ucontents": [
								{
									"type": "item",
									"code": "expandedfoods:potentwineportion-redgrapes",
									"makefull": true
								}
							]
						}
					},
					{
						"code": "aculinaryartillery:bottle-quartz-burned",
						"type": "block",
						"stacksize": 10,
						"stock": {
							"avg": 2,
							"var": 0.25
						},
						"price": {
							"avg": 15,
							"var": 1.75
						},
						"attributes": {
							"ucontents": [
								{
									"type": "item",
									"code": "expandedfoods:potentwineportion-greengrapes",
									"makefull": true
								}
							]
						}
					},
					{
						"code": "aculinaryartillery:bottle-quartz-burned",
						"type": "block",
						"stacksize": 4,
						"stock": {
							"avg": 8,
							"var": 0.75
						},
						"price": {
							"avg": 7,
							"var": 1.5
						},
						"attributes": {
							"ucontents": [
								{
									"type": "item",
									"code": "expandedfoods:strongspiritportion-redgrapes",
									"makefull": true
								}
							]
						}
					},
                    {
						"code": "aculinaryartillery:bottle-quartz-burned",
						"type": "block",
						"stacksize": 4,
						"stock": {
							"avg": 8,
							"var": 0.75
						},
						"price": {
							"avg": 7,
							"var": 1.5
						},
						"attributes": {
							"ucontents": [
								{
									"type": "item",
									"code": "expandedfoods:strongspiritportion-greengrapes",
									"makefull": true
								}
							]
						}
					},					
	                {
						"code": "aculinaryartillery:bottle-quartz-burned",
						"type": "block",
						"stacksize": 4,
						"stock": {
							"avg": 7,
							"var": 0.75
						},
						"price": {
							"avg": 10,
							"var": 1.5
						},
						"attributes": {
							"ucontents": [
								{
									"type": "item",
									"code": "expandedfoods:potentspiritportion-redgrapes",
									"makefull": true
								}
							]
						}
					},
					{
						"code": "aculinaryartillery:bottle-quartz-burned",
						"type": "block",
						"stacksize": 4,
						"stock": {
							"avg": 7,
							"var": 0.75
						},
						"price": {
							"avg": 10,
							"var": 1.5
						},
						"attributes": {
							"ucontents": [
								{
									"type": "item",
									"code": "expandedfoods:potentspiritportion-greengrapes",
									"makefull": true
								}
							]
						}
					},
	]
  }
]