{
	"editor": {
		"collapsedPaths": "Root/origin/N",
		"allAngles": true,
		"entityTextureMode": true
	},
	"textureWidth": 32,
	"textureHeight": 32,
	"textureSizes": {
	},
	"textures": {
		"bell": "game:entity/bell"
	},
	"elements": [
		{
			"name": "origin",
			"from": [ 8.0, 2.0, 8.0 ],
			"to": [ 8.0, 2.0, 8.0 ],
			"uv": [ 0.0, 0.0 ],
			"rotationOrigin": [ 8.0, 10.0, 8.0 ],
			"faces": {
			},
			"children": [
				{
					"name": "N",
					"from": [ -3.0, 1.0, -3.0 ],
					"to": [ 3.0, 5.0, -2.0 ],
					"uv": [ 16.5, 3.5 ],
					"rotationOrigin": [ 0.0, 5.0, -2.5 ],
					"faces": {
						"north": { "texture": "#bell", "uv": [ 16.5, 4.5, 22.5, 8.5 ] },
						"east": { "texture": "#bell", "uv": [ 22.5, 4.5, 23.5, 8.5 ] },
						"south": { "texture": "#bell", "uv": [ 23.5, 4.5, 29.5, 8.5 ] },
						"west": { "texture": "#bell", "uv": [ 29.5, 4.5, 30.5, 8.5 ] },
						"up": { "texture": "#bell", "uv": [ 16.5, 3.5, 22.5, 4.5 ] },
						"down": { "texture": "#bell", "uv": [ 22.5, 3.5, 28.5, 4.5 ] }
					},
					"children": [
						{
							"name": "N tip",
							"from": [ 0.5, -2.9, -0.3 ],
							"to": [ 5.5, 1.1, 0.7 ],
							"uv": [ 0.0, 0.0 ],
							"rotationOrigin": [ 3.0, 0.1, 0.2 ],
							"rotationX": 20.0,
							"faces": {
								"north": { "texture": "#bell", "uv": [ 0.0, 1.0, 5.0, 5.0 ] },
								"east": { "texture": "#bell", "uv": [ 5.0, 1.0, 6.0, 5.0 ] },
								"south": { "texture": "#bell", "uv": [ 6.0, 1.0, 11.0, 5.0 ] },
								"west": { "texture": "#bell", "uv": [ 11.0, 1.0, 12.0, 5.0 ] },
								"up": { "texture": "#bell", "uv": [ 0.0, 0.0, 5.0, 1.0 ] },
								"down": { "texture": "#bell", "uv": [ 5.0, 0.0, 10.0, 1.0 ] }
							}
						}
					]
				},
				{
					"name": "S",
					"from": [ -3.0, 1.0, 2.0 ],
					"to": [ 3.0, 5.0, 3.0 ],
					"uv": [ 16.5, 6.5 ],
					"rotationOrigin": [ 0.0, 5.0, 2.5 ],
					"faces": {
						"north": { "texture": "#bell", "uv": [ 16.5, 7.5, 22.5, 11.5 ] },
						"east": { "texture": "#bell", "uv": [ 22.5, 7.5, 23.5, 11.5 ] },
						"south": { "texture": "#bell", "uv": [ 23.5, 7.5, 29.5, 11.5 ] },
						"west": { "texture": "#bell", "uv": [ 29.5, 7.5, 30.5, 11.5 ] },
						"up": { "texture": "#bell", "uv": [ 16.5, 6.5, 22.5, 7.5 ], "rotation": 180 },
						"down": { "texture": "#bell", "uv": [ 22.5, 6.5, 28.5, 7.5 ] }
					},
					"children": [
						{
							"name": "S tip",
							"from": [ 0.5, -2.9, 0.3 ],
							"to": [ 5.5, 1.1, 1.3 ],
							"uv": [ 0.0, 0.0 ],
							"rotationOrigin": [ 3.0, 0.1, 0.8 ],
							"rotationX": -20.0,
							"faces": {
								"north": { "texture": "#bell", "uv": [ 0.0, 1.0, 5.0, 5.0 ] },
								"east": { "texture": "#bell", "uv": [ 5.0, 1.0, 6.0, 5.0 ] },
								"south": { "texture": "#bell", "uv": [ 6.0, 1.0, 11.0, 5.0 ] },
								"west": { "texture": "#bell", "uv": [ 11.0, 1.0, 12.0, 5.0 ] },
								"up": { "texture": "#bell", "uv": [ 0.0, 0.0, 5.0, 1.0 ] },
								"down": { "texture": "#bell", "uv": [ 5.0, 0.0, 10.0, 1.0 ] }
							}
						}
					]
				},
				{
					"name": "W",
					"from": [ -3.0, 1.0, -2.0 ],
					"to": [ -2.0, 5.0, 2.0 ],
					"uv": [ 3.0, 1.0 ],
					"rotationOrigin": [ -2.5, 5.0, 0.0 ],
					"faces": {
						"east": { "texture": "#bell", "uv": [ 3.0, 5.0, 7.0, 9.0 ] },
						"west": { "texture": "#bell", "uv": [ 7.0, 5.0, 11.0, 9.0 ] },
						"up": { "texture": "#bell", "uv": [ 3.0, 1.0, 4.0, 5.0 ] },
						"down": { "texture": "#bell", "uv": [ 4.0, 1.0, 5.0, 5.0 ] }
					},
					"children": [
						{
							"name": "W tip",
							"from": [ -0.3, -2.9, -0.51 ],
							"to": [ 0.7, 1.1, 4.51 ],
							"uv": [ 0.0, 0.0 ],
							"rotationOrigin": [ 0.2, 0.1, 2.0 ],
							"rotationZ": -20.0,
							"faces": {
								"north": { "texture": "#bell", "uv": [ 0.0, 5.0, 1.0, 9.0 ] },
								"east": { "texture": "#bell", "uv": [ 1.0, 5.0, 6.0, 9.0 ] },
								"south": { "texture": "#bell", "uv": [ 6.0, 5.0, 7.0, 9.0 ] },
								"west": { "texture": "#bell", "uv": [ 7.0, 5.0, 12.0, 9.0 ] },
								"up": { "texture": "#bell", "uv": [ 0.0, 0.0, 1.0, 5.0 ] },
								"down": { "texture": "#bell", "uv": [ 1.0, 0.0, 2.0, 5.0 ] }
							}
						}
					]
				},
				{
					"name": "E",
					"from": [ 2.0, 1.0, -2.0 ],
					"to": [ 3.0, 5.0, 2.0 ],
					"uv": [ 13.0, 0.0 ],
					"rotationOrigin": [ -2.5, 5.0, 0.0 ],
					"faces": {
						"east": { "texture": "#bell", "uv": [ 13.0, 4.0, 17.0, 8.0 ] },
						"west": { "texture": "#bell", "uv": [ 17.0, 4.0, 21.0, 8.0 ] },
						"up": { "texture": "#bell", "uv": [ 13.0, 0.0, 14.0, 4.0 ] },
						"down": { "texture": "#bell", "uv": [ 14.0, 0.0, 15.0, 4.0 ] }
					},
					"children": [
						{
							"name": "E tip",
							"from": [ 0.3, -2.9, -0.7 ],
							"to": [ 1.3, 1.1, 4.3 ],
							"uv": [ 0.0, 0.0 ],
							"rotationOrigin": [ 0.8, 0.1, 1.8 ],
							"rotationZ": 20.0,
							"faces": {
								"north": { "texture": "#bell", "uv": [ 0.0, 5.0, 1.0, 9.0 ] },
								"east": { "texture": "#bell", "uv": [ 1.0, 5.0, 6.0, 9.0 ] },
								"south": { "texture": "#bell", "uv": [ 6.0, 5.0, 7.0, 9.0 ] },
								"west": { "texture": "#bell", "uv": [ 7.0, 5.0, 12.0, 9.0 ] },
								"up": { "texture": "#bell", "uv": [ 0.0, 0.0, 1.0, 5.0 ] },
								"down": { "texture": "#bell", "uv": [ 1.0, 0.0, 2.0, 5.0 ] }
							}
						}
					]
				},
				{
					"name": "N small",
					"from": [ -2.0, 4.0, -2.0 ],
					"to": [ 2.0, 7.0, -1.0 ],
					"uv": [ 0.0, 0.0 ],
					"rotationOrigin": [ 0.0, 7.0, -1.5 ],
					"faces": {
						"north": { "texture": "#bell", "uv": [ 0.0, 1.0, 4.0, 4.0 ] },
						"east": { "texture": "#bell", "uv": [ 4.0, 1.0, 5.0, 4.0 ] },
						"south": { "texture": "#bell", "uv": [ 5.0, 1.0, 9.0, 4.0 ] },
						"west": { "texture": "#bell", "uv": [ 9.0, 1.0, 10.0, 4.0 ] },
						"up": { "texture": "#bell", "uv": [ 0.0, 0.0, 4.0, 1.0 ] },
						"down": { "texture": "#bell", "uv": [ 4.0, 0.0, 8.0, 1.0 ] }
					}
				},
				{
					"name": "S small",
					"from": [ -2.0, 4.0, 1.0 ],
					"to": [ 2.0, 7.0, 2.0 ],
					"uv": [ 0.0, 0.0 ],
					"rotationOrigin": [ 0.0, 7.0, 1.5 ],
					"faces": {
						"north": { "texture": "#bell", "uv": [ 0.0, 1.0, 4.0, 4.0 ] },
						"east": { "texture": "#bell", "uv": [ 4.0, 1.0, 5.0, 4.0 ] },
						"south": { "texture": "#bell", "uv": [ 5.0, 1.0, 9.0, 4.0 ] },
						"west": { "texture": "#bell", "uv": [ 9.0, 1.0, 10.0, 4.0 ] },
						"up": { "texture": "#bell", "uv": [ 0.0, 0.0, 4.0, 1.0 ] },
						"down": { "texture": "#bell", "uv": [ 4.0, 0.0, 8.0, 1.0 ] }
					}
				},
				{
					"name": "W small",
					"from": [ -2.0, 4.0, -1.0 ],
					"to": [ -1.0, 7.0, 1.0 ],
					"uv": [ 0.0, 0.0 ],
					"rotationOrigin": [ -1.5, 7.0, 0.0 ],
					"faces": {
						"east": { "texture": "#bell", "uv": [ 0.0, 2.0, 2.0, 5.0 ] },
						"west": { "texture": "#bell", "uv": [ 2.0, 2.0, 4.0, 5.0 ] },
						"up": { "texture": "#bell", "uv": [ 0.0, 0.0, 1.0, 2.0 ] },
						"down": { "texture": "#bell", "uv": [ 1.0, 0.0, 2.0, 2.0 ] }
					}
				},
				{
					"name": "E small",
					"from": [ 1.0, 4.0, -1.0 ],
					"to": [ 2.0, 7.0, 1.0 ],
					"uv": [ 0.0, 0.0 ],
					"rotationOrigin": [ -1.5, 7.0, 0.0 ],
					"faces": {
						"east": { "texture": "#bell", "uv": [ 0.0, 2.0, 2.0, 5.0 ] },
						"west": { "texture": "#bell", "uv": [ 2.0, 2.0, 4.0, 5.0 ] },
						"up": { "texture": "#bell", "uv": [ 0.0, 0.0, 1.0, 2.0 ] },
						"down": { "texture": "#bell", "uv": [ 1.0, 0.0, 2.0, 2.0 ] }
					}
				},
				{
					"name": "top",
					"from": [ -1.0, 6.0, -1.0 ],
					"to": [ 1.0, 9.0, 1.0 ],
					"uv": [ 0.0, 0.0 ],
					"rotationOrigin": [ 0.0, 9.0, 0.0 ],
					"faces": {
						"north": { "texture": "#bell", "uv": [ 0.0, 2.0, 2.0, 5.0 ] },
						"east": { "texture": "#bell", "uv": [ 2.0, 2.0, 4.0, 5.0 ] },
						"south": { "texture": "#bell", "uv": [ 4.0, 2.0, 6.0, 5.0 ] },
						"west": { "texture": "#bell", "uv": [ 6.0, 2.0, 8.0, 5.0 ] },
						"up": { "texture": "#bell", "uv": [ 0.0, 0.0, 2.0, 2.0 ] },
						"down": { "texture": "#bell", "uv": [ 2.0, 0.0, 4.0, 2.0 ] }
					},
					"children": [
						{
							"name": "string",
							"from": [ 0.8, -2.5, 0.8 ],
							"to": [ 1.3, 0.5, 1.3 ],
							"uv": [ 0.0, 22.0 ],
							"rotationOrigin": [ 1.1, 0.5, 1.1 ],
							"faces": {
								"north": { "texture": "#bell", "uv": [ 0.0, 22.0, 0.5, 25.0 ] },
								"east": { "texture": "#bell", "uv": [ 0.5, 22.0, 1.0, 25.0 ] },
								"south": { "texture": "#bell", "uv": [ 1.0, 22.0, 1.5, 25.0 ] },
								"west": { "texture": "#bell", "uv": [ 1.5, 22.0, 2.0, 25.0 ] }
							},
							"children": [
								{
									"name": "stone",
									"from": [ -0.8, -2.0, -0.8 ],
									"to": [ 1.2, 0.0, 1.2 ],
									"uv": [ 0.0, 28.0 ],
									"rotationOrigin": [ 0.2, 0.0, 0.2 ],
									"faces": {
										"north": { "texture": "#bell", "uv": [ 0.0, 30.0, 2.0, 32.0 ] },
										"east": { "texture": "#bell", "uv": [ 2.0, 30.0, 4.0, 32.0 ] },
										"south": { "texture": "#bell", "uv": [ 4.0, 30.0, 6.0, 32.0 ] },
										"west": { "texture": "#bell", "uv": [ 6.0, 30.0, 8.0, 32.0 ] },
										"up": { "texture": "#bell", "uv": [ 0.0, 28.0, 2.0, 30.0 ] },
										"down": { "texture": "#bell", "uv": [ 2.0, 28.0, 4.0, 30.0 ] }
									},
									"attachmentpoints": [
										{
											"code": "Center",
											"posX": "0.0","posY": "0.0","posZ": "0.0",
											"rotationX": "0.0","rotationY": "0.0","rotationZ": "0.0"
										}
									]
								}
							]
						}
					]
				}
			]
		}
	],
	"animations": [
		{
			"name": "Idle",
			"code": "idle",
			"quantityframes": 30,
			"onActivityStopped": "EaseOut",
			"onAnimationEnd": "Repeat",
			"keyframes": [
				{
					"frame": 0,
					"elements": {
						"origin": { "offsetX": 0.0, "offsetY": 0.0, "offsetZ": 0.0, "rotationX": 0.0, "rotationY": 0.0, "rotationZ": 0.0 },
						"top": { "rotationX": 0.0, "rotationY": 0.0, "rotationZ": 0.0 }
					}
				},
				{
					"frame": 15,
					"elements": {
						"origin": { "offsetX": -0.15, "offsetY": 0.0, "offsetZ": 0.0, "rotationX": 0.0, "rotationY": 0.0, "rotationZ": 1.0 },
						"top": { "rotationX": 0.0, "rotationY": 0.0, "rotationZ": 0.0 }
					}
				}
			]
		},

		{
			"name": "Run",
			"code": "run",
			"quantityframes": 40,
			"onActivityStopped": "EaseOut",
			"onAnimationEnd": "Repeat",
			"keyframes": [
				{
					"frame": 0,
					"elements": {
						"origin": { "offsetX": 2.0, "offsetY": 4.5, "offsetZ": 0.0, "rotationX": 0.0, "rotationY": 0.0, "rotationZ": -39.0 },
						"string": { "rotationX": 0.0, "rotationY": 0.0, "rotationZ": 11.0 }
					}
				},
				{
					"frame": 2,
					"elements": {
						"origin": { "offsetX": -3.0, "offsetY": 2.5, "offsetZ": 0.0 }
					}
				},
				{
					"frame": 5,
					"elements": {
						"origin": { "offsetX": -4.0, "offsetY": 2.0, "offsetZ": 0.0 }
					}
				},
				{
					"frame": 9,
					"elements": {
						"origin": { "offsetX": -3.0, "offsetY": -2.0, "offsetZ": 0.0, "rotationX": 0.0, "rotationY": 0.0, "rotationZ": -66.0 },
						"string": { "rotationX": 0.0, "rotationY": 0.0, "rotationZ": 14.0 }
					}
				},
				{
					"frame": 18,
					"elements": {
						"origin": { "offsetX": -11.0, "offsetY": -1.2, "offsetZ": 0.0, "rotationX": 0.0, "rotationY": 0.0, "rotationZ": -6.0 },
						"string": { "rotationX": 0.0, "rotationY": 0.0, "rotationZ": -22.0 }
					}
				},
				{
					"frame": 19,
					"elements": {
						"origin": { "offsetX": -10.0, "offsetY": -1.0, "offsetZ": 0.0 }
					}
				},
				{
					"frame": 30,
					"elements": {
						"origin": { "offsetX": 0.0, "offsetY": -0.3, "offsetZ": 0.0, "rotationX": 0.0, "rotationY": 0.0, "rotationZ": 0.0 },
						"string": { "rotationX": 0.0, "rotationY": 0.0, "rotationZ": 6.0 }
					}
				}
			]
		},

		{
			"name": "Hide",
			"code": "hide",
			"quantityframes": 30,
			"onActivityStopped": "EaseOut",
			"onAnimationEnd": "Hold",
			"keyframes": [
				{
					"frame": 0,
					"elements": {
						"origin": { "offsetX": 7.5, "offsetY": 1.0, "offsetZ": 0.0, "rotationX": 0.0, "rotationY": 0.0, "rotationZ": -100.0 },
						"string": { "rotationX": 0.0, "rotationY": 0.0, "rotationZ": 11.0 }
					}
				}
			]
		},

		{
			"name": "Alarm",
			"code": "alarm",
			"quantityframes": 30,
			"onActivityStopped": "EaseOut",
			"onAnimationEnd": "Repeat",
			"keyframes": [
				{
					"frame": 0,
					"elements": {
						"origin": { "offsetX": 0.5, "offsetY": 1.6, "offsetZ": 0.0, "rotationX": 0.0, "rotationY": 0.0, "rotationZ": -42.0 },
						"string": { "rotationX": 0.0, "rotationY": 0.0, "rotationZ": -20.0 }
					}
				},
				{
					"frame": 3,
					"elements": {
						"origin": { "offsetX": -2.5, "offsetY": 2.5, "offsetZ": 0.0, "rotationX": 0.0, "rotationY": 0.0, "rotationZ": -42.0 }
					}
				},
				{
					"frame": 4,
					"elements": {
						"origin": { "offsetX": -3.5, "offsetY": 2.5, "offsetZ": 0.0 }
					}
				},
				{
					"frame": 6,
					"elements": {
						"string": { "rotationX": 0.0, "rotationY": 0.0, "rotationZ": 19.0 }
					}
				},
				{
					"frame": 9,
					"elements": {
						"origin": { "offsetX": -8.3, "offsetY": -1.5, "offsetZ": 0.0 }
					}
				},
				{
					"frame": 13,
					"elements": {
						"origin": { "offsetX": -7.8, "offsetY": -8.8, "offsetZ": 0.0 }
					}
				},
				{
					"frame": 15,
					"elements": {
						"origin": { "offsetX": -5.0, "offsetY": -12.2, "offsetZ": 0.0, "rotationX": 0.0, "rotationY": 0.0, "rotationZ": -220.0 },
						"string": { "rotationX": 0.0, "rotationY": 0.0, "rotationZ": 19.0 }
					}
				},
				{
					"frame": 16,
					"elements": {
						"origin": { "offsetX": -4.0, "offsetY": -11.0, "offsetZ": 0.0 }
					}
				},
				{
					"frame": 18,
					"elements": {
						"origin": { "offsetX": -5.5, "offsetY": -7.5, "offsetZ": 0.0, "rotationX": 0.0, "rotationY": 0.0, "rotationZ": -220.0 }
					}
				},
				{
					"frame": 20,
					"elements": {
						"origin": { "offsetX": -6.5, "offsetY": -4.0, "offsetZ": 0.0 },
						"string": { "rotationX": 0.0, "rotationY": 0.0, "rotationZ": -20.0 }
					}
				},
				{
					"frame": 22,
					"elements": {
						"origin": { "offsetX": -6.2, "offsetY": -1.0, "offsetZ": 0.0 }
					}
				},
				{
					"frame": 24,
					"elements": {
						"origin": { "offsetX": -4.7, "offsetY": 1.0, "offsetZ": 0.0 }
					}
				},
				{
					"frame": 27,
					"elements": {
						"origin": { "offsetX": -2.0, "offsetY": 2.0, "offsetZ": 0.0 }
					}
				}
			]
		},

		{
			"name": "Listen",
			"code": "listen",
			"quantityframes": 110,
			"onActivityStopped": "EaseOut",
			"onAnimationEnd": "Stop",
			"keyframes": [
				{
					"frame": 0,
					"elements": {
						"origin": { "offsetX": 0.0, "offsetY": 0.0, "offsetZ": 0.0, "rotationX": 0.0, "rotationY": 0.0, "rotationZ": 0.0 },
						"string": { "rotationX": 0.0, "rotationY": 0.0, "rotationZ": 0.0 }
					}
				},
				{
					"frame": 5,
					"elements": {
						"origin": { "offsetX": -2.0, "offsetY": -2.0, "offsetZ": 1.0 }
					}
				},
				{
					"frame": 7,
					"elements": {
						"origin": { "offsetX": -2.0, "offsetY": -2.0, "offsetZ": 1.0 },
						"string": { "rotationX": 0.0, "rotationY": 0.0, "rotationZ": 0.0 }
					}
				},
				{
					"frame": 10,
					"elements": {
						"origin": { "offsetX": -2.0, "offsetY": -2.0, "offsetZ": 2.0 }
					}
				},
				{
					"frame": 15,
					"elements": {
						"origin": { "offsetX": -2.8, "offsetY": -4.0, "offsetZ": 1.0, "rotationX": -19.0, "rotationY": 58.0, "rotationZ": -61.0 },
						"string": { "rotationX": -11.0, "rotationY": 0.0, "rotationZ": -11.0 }
					}
				},
				{
					"frame": 18,
					"elements": {
						"string": { "rotationX": -11.0, "rotationY": 0.0, "rotationZ": -11.0 }
					}
				},
				{
					"frame": 25,
					"elements": {
						"string": { "rotationX": -8.0, "rotationY": 0.0, "rotationZ": 11.0 }
					}
				},
				{
					"frame": 29,
					"elements": {
						"string": { "rotationX": -8.0, "rotationY": 0.0, "rotationZ": 11.0 }
					}
				},
				{
					"frame": 37,
					"elements": {
						"string": { "rotationX": 11.0, "rotationY": 0.0, "rotationZ": -6.0 }
					}
				},
				{
					"frame": 45,
					"elements": {
						"origin": { "offsetX": -2.8, "offsetY": -4.0, "offsetZ": 1.0, "rotationX": -22.0, "rotationY": 60.0, "rotationZ": -61.0 },
						"string": { "rotationX": 11.0, "rotationY": 0.0, "rotationZ": -6.0 }
					}
				},
				{
					"frame": 55,
					"elements": {
						"origin": { "offsetX": -2.8, "offsetY": -4.0, "offsetZ": 1.0, "rotationX": -6.0, "rotationY": 0.0, "rotationZ": -53.0 }
					}
				},
				{
					"frame": 65,
					"elements": {
						"origin": { "offsetX": -2.8, "offsetY": -4.0, "offsetZ": 1.0, "rotationX": 19.0, "rotationY": -47.0, "rotationZ": -66.0 },
						"string": { "rotationX": 6.0, "rotationY": 0.0, "rotationZ": -3.0 }
					}
				},
				{
					"frame": 73,
					"elements": {
						"string": { "rotationX": 6.0, "rotationY": 0.0, "rotationZ": -3.0 }
					}
				},
				{
					"frame": 78,
					"elements": {
						"string": { "rotationX": -8.0, "rotationY": 0.0, "rotationZ": -7.0 }
					}
				},
				{
					"frame": 87,
					"elements": {
						"string": { "rotationX": -8.0, "rotationY": 0.0, "rotationZ": -7.0 }
					}
				},
				{
					"frame": 95,
					"elements": {
						"origin": { "offsetX": -2.8, "offsetY": -4.0, "offsetZ": 1.0, "rotationX": 20.0, "rotationY": -49.0, "rotationZ": -66.0 }
					}
				},
				{
					"frame": 102,
					"elements": {
						"origin": { "offsetX": -3.0, "offsetY": -2.0, "offsetZ": -2.5 }
					}
				}
			]
		},

		{
			"name": "Walk",
			"code": "walk",
			"quantityframes": 40,
			"onActivityStopped": "EaseOut",
			"onAnimationEnd": "Repeat",
			"keyframes": [
				{
					"frame": 0,
					"elements": {
						"origin": { "offsetX": 0.0, "offsetY": 2.0, "offsetZ": 0.0, "rotationX": 0.0, "rotationY": 0.0, "rotationZ": 9.0 },
						"string": { "rotationX": 0.0, "rotationY": 0.0, "rotationZ": -6.0 }
					}
				},
				{
					"frame": 8,
					"elements": {
						"origin": { "offsetX": -2.0, "offsetY": 3.0, "offsetZ": 0.0, "rotationX": 0.0, "rotationY": 0.0, "rotationZ": 3.0 },
						"string": { "rotationX": 0.0, "rotationY": 0.0, "rotationZ": 11.0 }
					}
				},
				{
					"frame": 19,
					"elements": {
						"origin": { "offsetX": -4.0, "offsetY": -0.5, "offsetZ": 0.0 }
					}
				},
				{
					"frame": 20,
					"elements": {
						"origin": { "offsetX": -4.0, "offsetY": -0.6, "offsetZ": 0.0, "rotationX": 0.0, "rotationY": 0.0, "rotationZ": -2.0 },
						"string": { "rotationX": 0.0, "rotationY": 0.0, "rotationZ": 0.0 }
					}
				},
				{
					"frame": 21,
					"elements": {
						"origin": { "offsetX": -4.0, "offsetY": -0.5, "offsetZ": 0.0 }
					}
				},
				{
					"frame": 30,
					"elements": {
						"origin": { "offsetX": 2.0, "offsetY": -0.4, "offsetZ": 0.0, "rotationX": 0.0, "rotationY": 0.0, "rotationZ": 0.0 },
						"string": { "rotationX": 0.0, "rotationY": 0.0, "rotationZ": -11.0 }
					}
				}
			]
		},

		{
			"name": "Hurt",
			"code": "hurt",
			"quantityframes": 20,
			"onActivityStopped": "PlayTillEnd",
			"onAnimationEnd": "Stop",
			"keyframes": [
				{
					"frame": 0,
					"elements": {
						"origin": { "offsetX": 0.0, "offsetY": 0.0, "offsetZ": 0.0, "rotationX": 0.0, "rotationY": 0.0, "rotationZ": 0.0 },
						"top": { "rotationX": 0.0, "rotationY": 0.0, "rotationZ": 0.0 },
						"string": { "rotationX": 0.0, "rotationY": 0.0, "rotationZ": 0.0 }
					}
				},
				{
					"frame": 5,
					"elements": {
						"origin": { "offsetX": 3.5, "offsetY": 4.0, "offsetZ": 0.0, "rotationX": 0.0, "rotationY": 0.0, "rotationZ": -32.0 },
						"top": { "rotationX": 0.0, "rotationY": 0.0, "rotationZ": 0.0 },
						"string": { "rotationX": 0.0, "rotationY": 0.0, "rotationZ": -17.0 }
					}
				},
				{
					"frame": 10,
					"elements": {
						"origin": { "offsetX": 4.0, "offsetY": 2.0, "offsetZ": 0.0 },
						"string": { "rotationX": 0.0, "rotationY": 0.0, "rotationZ": 19.0 }
					}
				}
			]
		},

		{
			"name": "Die",
			"code": "die",
			"quantityframes": 95,
			"onActivityStopped": "Stop",
			"onAnimationEnd": "Hold",
			"keyframes": [
				{
					"frame": 0,
					"elements": {
						"origin": { "offsetX": 0.0, "offsetY": 0.0, "offsetZ": 0.0, "rotationX": 0.0, "rotationY": 0.0, "rotationZ": 0.0 },
						"top": { "offsetX": 0.0, "offsetY": 0.0, "offsetZ": 0.0, "rotationX": 0.0, "rotationY": 0.0, "rotationZ": 0.0 },
						"string": { "rotationX": 0.0, "rotationY": 0.0, "rotationZ": 0.0 }
					}
				},
				{
					"frame": 2,
					"elements": {
						"origin": { "offsetX": 4.0, "offsetY": 0.0, "offsetZ": 0.0 }
					}
				},
				{
					"frame": 3,
					"elements": {
						"origin": { "rotationX": 2.0, "rotationY": 0.0, "rotationZ": -20.0 },
						"string": { "rotationX": 0.0, "rotationY": 0.0, "rotationZ": -11.0 }
					}
				},
				{
					"frame": 6,
					"elements": {
						"origin": { "offsetX": 0.0, "offsetY": 0.0, "offsetZ": 0.0, "rotationX": -3.0, "rotationY": 0.0, "rotationZ": -21.0 },
						"string": { "rotationX": 0.0, "rotationY": 0.0, "rotationZ": 14.0 }
					}
				},
				{
					"frame": 9,
					"elements": {
						"origin": { "rotationX": 4.0, "rotationY": 0.0, "rotationZ": -22.0 }
					}
				},
				{
					"frame": 11,
					"elements": {
						"string": { "rotationX": -8.0, "rotationY": 0.0, "rotationZ": 0.0 }
					}
				},
				{
					"frame": 12,
					"elements": {
						"origin": { "offsetX": 0.0, "offsetY": 0.0, "offsetZ": 0.0, "rotationX": -5.0, "rotationY": 0.0, "rotationZ": -23.0 },
						"string": { "rotationX": 0.0, "rotationY": 0.0, "rotationZ": 0.0 }
					}
				},
				{
					"frame": 15,
					"elements": {
						"origin": { "offsetX": 0.0, "offsetY": 0.0, "offsetZ": 1.0, "rotationX": 6.0, "rotationY": 0.0, "rotationZ": -24.0 },
						"string": { "rotationX": -11.0, "rotationY": 0.0, "rotationZ": 0.0 }
					}
				},
				{
					"frame": 18,
					"elements": {
						"origin": { "offsetX": 0.0, "offsetY": 0.0, "offsetZ": -8.0, "rotationX": -7.0, "rotationY": 0.0, "rotationZ": -6.0 }
					}
				},
				{
					"frame": 21,
					"elements": {
						"origin": { "offsetX": 0.0, "offsetY": 0.0, "offsetZ": 1.0, "rotationX": 8.0, "rotationY": 0.0, "rotationZ": -7.0 },
						"string": { "rotationX": 14.0, "rotationY": 0.0, "rotationZ": 0.0 }
					}
				},
				{
					"frame": 24,
					"elements": {
						"origin": { "offsetX": 0.0, "offsetY": 0.0, "offsetZ": 0.0, "rotationX": -8.0, "rotationY": 0.0, "rotationZ": -8.0 },
						"string": { "rotationX": -8.0, "rotationY": 0.0, "rotationZ": 0.0 }
					}
				},
				{
					"frame": 26,
					"elements": {
						"origin": { "offsetX": 2.0, "offsetY": 4.0, "offsetZ": 4.0, "rotationX": 8.0, "rotationY": 0.0, "rotationZ": -9.0 },
						"string": { "rotationX": 19.0, "rotationY": 0.0, "rotationZ": -14.0 }
					}
				},
				{
					"frame": 29,
					"elements": {
						"origin": { "offsetX": -5.0, "offsetY": 0.0, "offsetZ": 0.0, "rotationX": -8.0, "rotationY": 0.0, "rotationZ": -10.0 },
						"string": { "rotationX": -14.0, "rotationY": 0.0, "rotationZ": 14.0 }
					}
				},
				{
					"frame": 34,
					"elements": {
						"origin": { "offsetX": 0.0, "offsetY": 0.0, "offsetZ": 0.0, "rotationX": 6.0, "rotationY": 0.0, "rotationZ": -13.0 }
					}
				},
				{
					"frame": 38,
					"elements": {
						"origin": { "offsetX": 0.0, "offsetY": 0.0, "offsetZ": 0.0, "rotationX": -8.0, "rotationY": 0.0, "rotationZ": -13.0 },
						"string": { "rotationX": 0.0, "rotationY": 0.0, "rotationZ": 0.0 }
					}
				},
				{
					"frame": 40,
					"elements": {
						"origin": { "offsetX": 0.0, "offsetY": 0.0, "offsetZ": 0.0, "rotationX": 0.0, "rotationY": 0.0, "rotationZ": -11.0 },
						"top": { "offsetX": 0.0, "offsetY": 0.0, "offsetZ": 0.0, "rotationX": 0.0, "rotationY": 0.0, "rotationZ": 0.0 }
					}
				},
				{
					"frame": 41,
					"elements": {
						"origin": { "offsetX": 0.0, "offsetY": 1.0, "offsetZ": 0.0 }
					}
				},
				{
					"frame": 43,
					"elements": {
						"origin": { "offsetX": -6.0, "offsetY": -1.0, "offsetZ": 1.0, "rotationX": 5.0, "rotationY": 0.0, "rotationZ": 15.0 },
						"string": { "rotationX": 0.0, "rotationY": 0.0, "rotationZ": -11.0 }
					}
				},
				{
					"frame": 64,
					"elements": {
						"origin": { "rotationX": 5.0, "rotationY": 0.0, "rotationZ": 15.0 }
					}
				},
				{
					"frame": 65,
					"elements": {
						"origin": { "rotationX": 5.0, "rotationY": 2.0, "rotationZ": 15.0 }
					}
				},
				{
					"frame": 68,
					"elements": {
						"origin": { "rotationX": 5.0, "rotationY": 0.0, "rotationZ": 15.0 }
					}
				},
				{
					"frame": 94,
					"elements": {
						"origin": { "offsetX": -6.0, "offsetY": -1.0, "offsetZ": 1.0, "rotationX": 5.0, "rotationY": 0.0, "rotationZ": 15.0 },
						"top": { "offsetX": 0.0, "offsetY": 0.0, "offsetZ": 0.0, "rotationX": 0.0, "rotationY": 0.0, "rotationZ": 0.0 },
						"string": { "rotationX": 0.0, "rotationY": 0.0, "rotationZ": -11.0 }
					}
				}
			]
		}
	]
}