{
	"editor": {
		"allAngles": true,
		"entityTextureMode": false
	},
	"textureWidth": 16,
	"textureHeight": 16,
	"textureSizes": {
	},
	"textures": {
		"tainted-cooked": "agiclasses:item/food/meat/tainted-cooked"
	},
	"elements": [
		{
			"name": "origin",
			"from": [ 8.0, 1.5, 5.0 ],
			"to": [ 8.0, 1.5, 5.0 ],
			"rotationOrigin": [ 8.0, 1.5, 5.0 ],
			"rotationX": 66.0,
			"rotationY": -16.0,
			"faces": {
			},
			"children": [
				{
					"name": "stick",
					"from": [ -6.1, 0.0, -3.7 ],
					"to": [ 5.9, 1.0, -2.7 ],
					"rotationOrigin": [ -0.1, 1.5, -0.2 ],
					"rotationX": 125.0,
					"rotationY": 42.0,
					"faces": {
						"north": { "texture": "#tainted-cooked", "uv": [ 0.0, 12.0, 7.0, 13.0 ], "autoUv": false },
						"east": { "texture": "#tainted-cooked", "uv": [ 2.5, 5.5, 3.5, 6.5 ] },
						"south": { "texture": "#tainted-cooked", "uv": [ 0.0, 12.0, 7.0, 13.0 ], "autoUv": false },
						"west": { "texture": "#tainted-cooked", "uv": [ 1.5, 4.0, 2.5, 5.0 ] },
						"up": { "texture": "#tainted-cooked", "uv": [ 0.0, 11.5, 7.0, 12.5 ], "autoUv": false },
						"down": { "texture": "#tainted-cooked", "uv": [ 0.0, 12.0, 8.0, 13.0 ], "autoUv": false }
					}
				},
				{
					"name": "stick2",
					"from": [ -6.0, 1.0, -0.5 ],
					"to": [ 6.0, 2.0, 0.5 ],
					"rotationOrigin": [ 0.0, 1.5, 0.0 ],
					"rotationX": 45.0,
					"faces": {
						"north": { "texture": "#tainted-cooked", "uv": [ 0.0, 12.0, 7.0, 13.0 ], "autoUv": false },
						"east": { "texture": "#tainted-cooked", "uv": [ 2.5, 5.5, 3.5, 6.5 ] },
						"south": { "texture": "#tainted-cooked", "uv": [ 0.0, 12.0, 7.0, 13.0 ], "autoUv": false },
						"west": { "texture": "#tainted-cooked", "uv": [ 1.5, 4.0, 2.5, 5.0 ] },
						"up": { "texture": "#tainted-cooked", "uv": [ 0.0, 11.5, 7.0, 12.5 ], "autoUv": false },
						"down": { "texture": "#tainted-cooked", "uv": [ 0.0, 12.0, 8.0, 13.0 ], "autoUv": false }
					}
				},
				{
					"name": "stick3",
					"from": [ -6.0, 2.0, -0.5 ],
					"to": [ 6.0, 3.0, 0.5 ],
					"rotationOrigin": [ 0.0, 1.5, 0.0 ],
					"rotationX": 45.0,
					"rotationY": 11.0,
					"faces": {
						"north": { "texture": "#tainted-cooked", "uv": [ 0.0, 12.0, 7.0, 13.0 ], "autoUv": false },
						"east": { "texture": "#tainted-cooked", "uv": [ 2.5, 5.5, 3.5, 6.5 ] },
						"south": { "texture": "#tainted-cooked", "uv": [ 0.0, 12.0, 7.0, 13.0 ], "autoUv": false },
						"west": { "texture": "#tainted-cooked", "uv": [ 1.5, 4.0, 2.5, 5.0 ] },
						"up": { "texture": "#tainted-cooked", "uv": [ 0.0, 11.5, 7.0, 12.5 ], "autoUv": false },
						"down": { "texture": "#tainted-cooked", "uv": [ 0.0, 12.0, 8.0, 13.0 ], "autoUv": false }
					}
				},
				{
					"name": "stick4",
					"from": [ -6.0, 3.0, -0.5 ],
					"to": [ 6.0, 4.0, 0.5 ],
					"rotationOrigin": [ 0.0, 1.5, 0.0 ],
					"rotationX": 45.0,
					"rotationY": 25.0,
					"faces": {
						"north": { "texture": "#tainted-cooked", "uv": [ 0.0, 12.0, 7.0, 13.0 ], "autoUv": false },
						"east": { "texture": "#tainted-cooked", "uv": [ 2.5, 5.5, 3.5, 6.5 ] },
						"south": { "texture": "#tainted-cooked", "uv": [ 0.0, 12.0, 7.0, 13.0 ], "autoUv": false },
						"west": { "texture": "#tainted-cooked", "uv": [ 1.5, 4.0, 2.5, 5.0 ] },
						"up": { "texture": "#tainted-cooked", "uv": [ 0.0, 11.5, 7.0, 12.5 ], "autoUv": false },
						"down": { "texture": "#tainted-cooked", "uv": [ 0.0, 12.0, 8.0, 13.0 ], "autoUv": false }
					}
				},
				{
					"name": "stick5",
					"from": [ -3.1, 0.0, -3.7 ],
					"to": [ 8.9, 1.0, -2.7 ],
					"rotationOrigin": [ 2.9, 1.5, -0.2 ],
					"rotationX": 108.0,
					"rotationY": 42.0,
					"faces": {
						"north": { "texture": "#tainted-cooked", "uv": [ 0.0, 12.0, 7.0, 13.0 ], "autoUv": false },
						"east": { "texture": "#tainted-cooked", "uv": [ 2.5, 5.5, 3.5, 6.5 ] },
						"south": { "texture": "#tainted-cooked", "uv": [ 0.0, 12.0, 7.0, 13.0 ], "autoUv": false },
						"west": { "texture": "#tainted-cooked", "uv": [ 1.5, 4.0, 2.5, 5.0 ] },
						"up": { "texture": "#tainted-cooked", "uv": [ 0.0, 11.5, 7.0, 12.5 ], "autoUv": false },
						"down": { "texture": "#tainted-cooked", "uv": [ 0.0, 12.0, 8.0, 13.0 ], "autoUv": false }
					}
				},
				{
					"name": "stick6",
					"from": [ -1.1, 0.0, -3.7 ],
					"to": [ 10.9, 1.0, -2.7 ],
					"rotationOrigin": [ 4.9, 1.5, -0.2 ],
					"rotationX": 83.0,
					"rotationY": 42.0,
					"faces": {
						"north": { "texture": "#tainted-cooked", "uv": [ 0.0, 12.0, 7.0, 13.0 ], "autoUv": false },
						"east": { "texture": "#tainted-cooked", "uv": [ 2.5, 5.5, 3.5, 6.5 ] },
						"south": { "texture": "#tainted-cooked", "uv": [ 0.0, 12.0, 7.0, 13.0 ], "autoUv": false },
						"west": { "texture": "#tainted-cooked", "uv": [ 1.5, 4.0, 2.5, 5.0 ] },
						"up": { "texture": "#tainted-cooked", "uv": [ 0.0, 11.5, 7.0, 12.5 ], "autoUv": false },
						"down": { "texture": "#tainted-cooked", "uv": [ 0.0, 12.0, 8.0, 13.0 ], "autoUv": false }
					}
				}
			]
		}
	]}