{
  "code": "tooltransmogstone",
  "class": "ItemToolTransmogStoneRM",
  "enabled": true,

  //"storageFlags": 131073,

  "variantgroups": [
    {
      "code": "type",
      "states": [ "staffshape", "magearmorshape", "staffcolor", "magearmorcolor" ]
    }
  ],
  //"skipVariants": [ "*-makeshift-*-orange", "*-makeshift-*-black" ],


  "creativeinventory": {
    "general": [ "*" ],
    "items": [ "*" ],
    "rustboundmagic": [ "*" ]
  },

  "behaviors": [
    {
      "name": "GroundStorable",
      "properties": {
        "layout": "Quadrants",
        "collisionBox": {
          "x1": 0,
          "y1": 0,
          "z1": 0,
          "x2": 1,
          "y2": 0.125,
          "z2": 1
        }
      }
    }
  ],

  "maxstacksize": 1,
  "materialDensity": 1200,

  //"shapebytype": {
  //  "*": {
  //    "base": "items/arcanus"
  //  }
  //},
  //"texturesByType": {
  //  "*": {
  //   "default": { "base": "default" },
  //    "quartz": { "base": "blocks/arcanus/arcanuscrystal-none" },
  //    "temporal": { "base": "blocks/arcanus/arcanuscrystal-none" }
  //  }
  //},

  "shapebytype": {
    "*": {
      "base": "items/tools/tooltransmogstone"
    }
  },
  "texturesByType": {
    "*": {
      "default": { "base": "default" },
      "quartz": { "base": "blocks/transmogstone-{type}" },
      "temporal": { "base": "blocks/transmogstone-{type}" }
    }
  },
  "attributesByType": {
    "*": {
      "displaycaseable": true,
      "onDisplayTransform": {
        "translation": {
          "x": 0,
          "y": -0.255,
          "z": 0
        },
        "scale": 0.5
      },
      "shelvable": true,
      "onshelfTransform": {
        "translation": {
          "x": 0,
          "y": -0.255,
          "z": 0
        },
        "scale": 0.5
      },
      "groundStorageTransform": {
        "origin": {
          "x": 0.5,
          "y": 0,
          "z": 0.5
        },
        "scale": 1.5
      },
      "handbook": {
        "groupBy": [ "tooltransmogstone-*" ],
        "extraSections": [
          {
            "title": "rustboundmagic:handbook-ancientartifacts-title",
            "text": "rustboundmagic:handbook-ancientartifacts-text"
          }
        ]
      }
    }
  },

  "guiTransform": {
    "translation": {
      "x": 0,
      "y": 0,
      "z": 0
    },
    "rotation": {
      "x": 151,
      "y": -48,
      "z": 0
    },
    "origin": {
      "x": 0.525,
      "y": 0.1,
      "z": 0.55
    },
    "scale": 3
  },
  "fpHandTransform": {
    "translation": {
      "x": 0.18,
      "y": 0,
      "z": 0
    },
    "rotation": {
      "x": 5,
      "y": 100,
      "z": 0
    },
    "origin": {
      "x": 0.5,
      "y": -0.13,
      "z": 0.5
    },
    "scale": 2.5
  },
  "tpHandTransform": {
    "translation": {
      "x": -0.7799,
      "y": -0.12,
      "z": -0.66
    },
    "rotation": {
      "x": -41,
      "y": -29,
      "z": -60
    },
    "origin": {
      "x": 0.5,
      "y": 0.09,
      "z": 0.5
    },
    "scale": 0.75
  },
  "groundTransform": {
    "translation": {
      "x": 0,
      "y": 0,
      "z": 0
    },
    "rotation": {
      "x": 0,
      "y": 0,
      "z": 0
    },
    "origin": {
      "x": 0.5,
      "y": 0,
      "z": 0.5
    },
    "scale": 4.5
  }
}
