{
  "code": "toolremovemagic",
  "class": "ItemToolRemoveMagicRM",
  "enabled": true,

  "storageFlags": 131073,

  "creativeinventory": {
    "general": [ "*" ],
    "items": [ "*" ],
    "rustboundmagic": [ "*" ]
  },

  "heldTpIdleAnimation": "holdbothhands",
  "maxstacksize": 1,
  "materialDensity": 600,

  "shapebytype": {
    "*": {
      "base": "items/tools/toolremovemagic"
    }
  },
  "texturesByType": {
    "*": {
      "default": { "base": "default" },
      "inner": { "base": "game:item/resource/rot/rot-solids" }
    }
  },
  "attributesByType": {
    "*": {
      "displaycaseable": true,
      "onDisplayTransform": {
        "translation": {
          "x": 0,
          "y": -0.255,
          "z": 0
        },
        "scale": 0.5
      },
      "shelvable": true,
      "onshelfTransform": {
        "translation": {
          "x": 0,
          "y": -0.255,
          "z": 0
        },
        "scale": 0.5
      },
      "handbook": {
        "extraSections": [
          {
            "title": "game:Created by",
            "text": "rustboundmagic:handbook-thaumicworkbenchonlytier1-text"
          },
          {
            "title": "rustboundmagic:handbook-toolremovemagic-title",
            "text": "rustboundmagic:handbook-toolremovemagic-text"
          }
        ]
      } //,
      //"dissolveInWater": true
      //"displaycaseable": true,
      //"shelvable": true,
      //"onshelfTransform": {
      //  "translation": {
      //    "x": 0,
      //    "y": -0.1,
      //    "z": 0
      //  },
      //  "scale": 0.8
      //},
      //"groundStorageTransform": {
      //  "origin": {
      //    "x": 0.5,
      //    "y": 0,
      //    "z": 0.5
      //  },
      //  "scale": 0.75
      //}
    }
  },


  "guiTransform": {
    "translation": {
      "x": 0,
      "y": 0,
      "z": 0
    },
    "rotation": {
      "x": 151,
      "y": -48,
      "z": 0
    },
    "origin": {
      "x": 0.525,
      "y": 0.1,
      "z": 0.55
    },
    "scale": 3
  },
  "fpHandTransform": {
    "translation": {
      "x": 0.18,
      "y": 0,
      "z": 0
    },
    "rotation": {
      "x": 5,
      "y": 100,
      "z": 0
    },
    "origin": {
      "x": 0.5,
      "y": -0.13,
      "z": 0.5
    },
    "scale": 2.5
  },
  "tpHandTransform": {
    "translation": {
      "x": -0.7799,
      "y": -0.12,
      "z": -0.66
    },
    "rotation": {
      "x": -41,
      "y": -29,
      "z": -60
    },
    "origin": {
      "x": 0.5,
      "y": 0.09,
      "z": 0.5
    },
    "scale": 0.75
  },
  "groundTransform": {
    "translation": {
      "x": 0,
      "y": 0,
      "z": 0
    },
    "rotation": {
      "x": 0,
      "y": 0,
      "z": 0
    },
    "origin": {
      "x": 0.5,
      "y": 0,
      "z": 0.5
    },
    "scale": 4.5
  }
}
