{
	"editor": {
		"allAngles": false,
		"entityTextureMode": false
	},
	"textureWidth": 16,
	"textureHeight": 16,
	"textureSizes": {
	},
	"textures": {
		"emeralddefect0": "canjewelry:item/notvis",
		"emeralddefect1": "canjewelry:item/notvis",
		"emeralddefect2": "canjewelry:item/notvis",
		"gembase": "game:block/stone/gem/emerald"
	},
	"elements": [
		{
			"name": "origin",
			"from": [ 6.3, -0.5, 6.0 ], 
			"to": [ 6.3, -0.5, 6.0 ], 
			"rotationOrigin": [ 8.0, 0.0, 8.0 ],
			"faces": {
				"north": { "texture": "#native", "uv": [ 6.0, 6.0, 6.0, 6.0 ], "enabled": false },
				"east": { "texture": "#native", "uv": [ 8.0, 8.0, 8.0, 8.0 ], "enabled": false },
				"south": { "texture": "#native", "uv": [ 5.0, 8.0, 5.0, 8.0 ], "enabled": false },
				"west": { "texture": "#native", "uv": [ 7.0, 7.0, 7.0, 7.0 ], "enabled": false },
				"up": { "texture": "#native", "uv": [ 0.0, 12.0, 0.0, 12.0 ], "enabled": false },
				"down": { "texture": "#native", "uv": [ 5.0, 6.0, 5.0, 6.0 ], "enabled": false }
			},
			"children": [
				{
					"name": "Cube1",
					"from": [ 0.6, 0.8, 0.6 ], 
					"to": [ 3.1, 1.6, 3.1 ], 
					"rotationOrigin": [ 0.0, -0.1, 0.0 ],
					"faces": {
						"north": {
							"texture": "#gembase",
							"uv": [ 9.5, 5.0, 12.0, 5.5 ]
						},
						"east": { "texture": "#gembase", "uv": [ 1.0, 12.0, 3.5, 12.5 ] },
						"south": { "texture": "#gembase", "uv": [ 9.0, 10.5, 11.5, 11.0 ] },
						"west": { "texture": "#gembase", "uv": [ 9.5, 3.0, 12.0, 3.5 ] },
						"up": { "texture": "#gembase", "uv": [ 10.0, 10.0, 12.5, 12.5 ] },
						"down": { "texture": "#gembase", "uv": [ 2.0, 10.5, 4.5, 13.0 ] }
					}
				},
				{
					"name": "Cube3",
					"from": [ 1.3, 0.9, -1.3 ], 
					"to": [ 3.8, 1.5, 1.2 ], 
					"rotationOrigin": [ 0.0, -0.1, 0.0 ],
					"rotationY": -45.0,
					"faces": {
						"north": { "texture": "#gembase", "uv": [ 8.5, 7.5, 11.0, 8.0 ] },
						"east": { "texture": "#gembase", "uv": [ 10.5, 14.0, 13.0, 14.5 ] },
						"south": { "texture": "#gembase", "uv": [ 9.5, 11.5, 12.0, 12.0 ] },
						"west": { "texture": "#gembase", "uv": [ 8.5, 5.0, 11.0, 5.5 ] },
						"up": { "texture": "#gembase", "uv": [ 10.0, 10.0, 12.5, 12.5 ] },
						"down": { "texture": "#gembase", "uv": [ 2.0, 10.5, 4.5, 13.0 ] }
					}
				},
				{
					"name": "Cube4",
					"from": [ 0.8, 0.6, 0.8 ], 
					"to": [ 2.8, 1.8, 2.8 ], 
					"faces": {
						"north": { "texture": "#gembase", "uv": [ 9.5, 5.0, 11.5, 6.0 ] },
						"east": { "texture": "#gembase", "uv": [ 1.0, 12.0, 3.0, 13.0 ] },
						"south": { "texture": "#gembase", "uv": [ 9.0, 10.5, 11.0, 11.5 ] },
						"west": { "texture": "#gembase", "uv": [ 9.5, 3.0, 11.5, 4.0 ] },
						"up": { "texture": "#gembase", "uv": [ 10.5, 10.0, 12.5, 12.0 ] },
						"down": { "texture": "#gembase", "uv": [ 2.0, 10.5, 4.0, 12.5 ] }
					}
				},
				{
					"name": "Cube5",
					"from": [ 1.8, 0.5, -0.8 ], 
					"to": [ 3.4, 1.9, 0.8 ], 
					"rotationOrigin": [ 0.0, 0.0, 0.0 ],
					"rotationY": -45.0,
					"faces": {
						"north": { "texture": "#gembase", "uv": [ 9.5, 5.0, 11.0, 6.0 ] },
						"east": { "texture": "#gembase", "uv": [ 1.0, 12.0, 2.5, 13.0 ] },
						"south": { "texture": "#gembase", "uv": [ 9.0, 10.5, 10.5, 11.5 ] },
						"west": { "texture": "#gembase", "uv": [ 9.5, 3.0, 11.0, 4.0 ] },
						"up": { "texture": "#gembase", "uv": [ 1.5, 10.5, 3.0, 12.0 ] },
						"down": { "texture": "#gembase", "uv": [ 2.0, 10.5, 3.5, 12.0 ] }
					}
				},
				{
					"name": "defect0",
					"from": [ 0.5, 0.8, 1.0 ], 
					"to": [ 3.5, 1.8, 2.2 ], 
					"rotationOrigin": [ 2.0, 1.5, 1.5 ],
					"rotationX": -45.0,
					"rotationY": -22.5,
					"faces": {
						"north": {
							"texture": "#emeralddefect0",
							"uv": [ 0.0, 0.0, 3.0, 1.0 ]
						},
						"east": { "texture": "#emeralddefect0", "uv": [ 0.0, 0.0, 1.0, 1.0 ] },
						"south": { "texture": "#emeralddefect0", "uv": [ 0.0, 0.0, 3.0, 1.0 ] },
						"west": { "texture": "#emeralddefect0", "uv": [ 0.0, 0.0, 1.0, 1.0 ] },
						"up": { "texture": "#emeralddefect0", "uv": [ 0.0, 0.0, 3.0, 1.0 ] },
						"down": { "texture": "#emeralddefect0", "uv": [ 0.0, 0.0, 3.0, 1.0 ] }
					}
				},
				{
					"name": "defect",
					"from": [ 0.5, 0.8, 1.0 ], 
					"to": [ 3.5, 1.8, 2.2 ], 
					"rotationOrigin": [ 2.0, 1.5, 1.5 ],
					"rotationX": -22.5,
					"rotationY": 67.5,
					"faces": {
						"north": { "texture": "#emeralddefect1", "uv": [ 0.0, 0.0, 3.0, 1.0 ] },
						"east": { "texture": "#emeralddefect1", "uv": [ 0.0, 0.0, 1.0, 1.0 ] },
						"south": { "texture": "#emeralddefect1", "uv": [ 0.0, 0.0, 3.0, 1.0 ] },
						"west": { "texture": "#emeralddefect1", "uv": [ 0.0, 0.0, 1.0, 1.0 ] },
						"up": { "texture": "#emeralddefect1", "uv": [ 0.0, 0.0, 3.0, 1.0 ] },
						"down": { "texture": "#emeralddefect1", "uv": [ 0.0, 0.0, 3.0, 1.0 ] }
					}
				},
				{
					"name": "defect2",
					"from": [ 1.0, 0.0, 1.0 ], 
					"to": [ 2.0, 2.0, 2.0 ], 
					"rotationOrigin": [ 1.0, 1.0, 1.0 ],
					"rotationX": -45.0,
					"faces": {
						"north": { "texture": "#emeralddefect2", "uv": [ 0.0, 0.0, 1.0, 2.0 ] },
						"east": { "texture": "#emeralddefect2", "uv": [ 0.0, 0.0, 1.0, 2.0 ] },
						"south": { "texture": "#emeralddefect2", "uv": [ 0.0, 0.0, 1.0, 2.0 ] },
						"west": { "texture": "#emeralddefect2", "uv": [ 0.0, 0.0, 1.0, 2.0 ] },
						"up": { "texture": "#emeralddefect2", "uv": [ 0.0, 0.0, 1.0, 1.0 ] },
						"down": { "texture": "#emeralddefect2", "uv": [ 0.0, 0.0, 1.0, 1.0 ] }
					}
				}
			]
		}
	]}