{
	"editor": {
		"allAngles": false,
		"entityTextureMode": false
	},
	"textureWidth": 16,
	"textureHeight": 16,
	"textureSizes": {
	},
	"textures": {
		"emeralddefect0": "canjewelry:item/notvis",
		"emeralddefect1": "canjewelry:item/notvis",
		"emeralddefect2": "canjewelry:item/notvis",
		"gembase": "game:block/stone/gem/emerald"
	},
	"elements": [
		{
			"name": "origin",
			"from": [ 6.3, -0.5, 6.0 ], 
			"to": [ 6.3, -0.5, 6.0 ], 
			"rotationOrigin": [ 8.0, 0.0, 8.0 ],
			"faces": {
				"north": {
					"texture": "#gembase",
					"uv": [ 6.0, 6.0, 6.0, 6.0 ],
					"enabled": false
				},
				"east": {
					"texture": "#gembase",
					"uv": [ 8.0, 8.0, 8.0, 8.0 ],
					"enabled": false
				},
				"south": {
					"texture": "#gembase",
					"uv": [ 5.0, 8.0, 5.0, 8.0 ],
					"enabled": false
				},
				"west": {
					"texture": "#gembase",
					"uv": [ 7.0, 7.0, 7.0, 7.0 ],
					"enabled": false
				},
				"up": {
					"texture": "#gembase",
					"uv": [ 0.0, 12.0, 0.0, 12.0 ],
					"enabled": false
				},
				"down": {
					"texture": "#gembase",
					"uv": [ 5.0, 6.0, 5.0, 6.0 ],
					"enabled": false
				}
			},
			"children": [
				{
					"name": "Cube1",
					"from": [ 1.1, 0.7, 0.6 ], 
					"to": [ 3.1, 1.0, 2.6 ], 
					"faces": {
						"north": {
							"texture": "#gembase",
							"uv": [ 5.0, 9.5, 7.0, 10.0 ]
						},
						"east": {
							"texture": "#gembase",
							"uv": [ 7.0, 9.5, 9.0, 10.0 ]
						},
						"south": { "texture": "#gembase", "uv": [ 9.0, 9.5, 11.0, 10.0 ] },
						"west": { "texture": "#gembase", "uv": [ 11.0, 9.5, 13.0, 10.0 ] },
						"up": { "texture": "#gembase", "uv": [ 5.0, 7.5, 7.0, 9.5 ] },
						"down": { "texture": "#gembase", "uv": [ 7.0, 7.5, 9.0, 9.5 ] }
					}
				},
				{
					"name": "Cube3",
					"from": [ 1.4, 0.7, 0.1 ], 
					"to": [ 2.8, 1.0, 0.6 ], 
					"faces": {
						"north": { "texture": "#gembase", "uv": [ 2.5, 8.5, 3.5, 9.0 ] },
						"east": { "texture": "#gembase", "uv": [ 7.5, 5.5, 8.0, 6.0 ] },
						"south": { "texture": "#gembase", "uv": [ 9.0, 10.5, 10.0, 11.0 ], "enabled": false },
						"west": { "texture": "#gembase", "uv": [ 10.0, 5.5, 10.5, 6.0 ] },
						"up": { "texture": "#gembase", "uv": [ 10.0, 5.0, 11.0, 5.5 ] },
						"down": { "texture": "#gembase", "uv": [ 3.0, 10.5, 4.0, 11.0 ] }
					}
				},
				{
					"name": "Cube4",
					"from": [ 1.4, 0.7, 2.6 ], 
					"to": [ 2.8, 1.0, 3.1 ], 
					"faces": {
						"north": { "texture": "#gembase", "uv": [ 2.5, 8.5, 3.5, 9.0 ], "enabled": false },
						"east": { "texture": "#gembase", "uv": [ 7.5, 5.5, 8.0, 6.0 ] },
						"south": { "texture": "#gembase", "uv": [ 9.0, 10.5, 10.0, 11.0 ] },
						"west": { "texture": "#gembase", "uv": [ 5.5, 9.5, 6.0, 10.0 ] },
						"up": { "texture": "#gembase", "uv": [ 11.5, 7.0, 12.5, 7.5 ] },
						"down": { "texture": "#gembase", "uv": [ 3.0, 10.5, 4.0, 11.0 ] }
					}
				},
				{
					"name": "Cube5",
					"from": [ 1.3, 0.5, 0.8 ], 
					"to": [ 2.9, 1.2, 2.4 ], 
					"faces": {
						"north": { "texture": "#gembase", "uv": [ 4.5, 5.0, 6.0, 5.5 ] },
						"east": { "texture": "#gembase", "uv": [ 6.0, 5.0, 7.5, 5.5 ] },
						"south": { "texture": "#gembase", "uv": [ 7.5, 5.0, 9.0, 5.5 ] },
						"west": { "texture": "#gembase", "uv": [ 9.0, 5.0, 10.5, 5.5 ] },
						"up": { "texture": "#gembase", "uv": [ 5.0, 7.5, 6.5, 9.0 ] },
						"down": { "texture": "#gembase", "uv": [ 6.0, 3.5, 7.5, 5.0 ] }
					}
				},
				{
					"name": "Cube6",
					"from": [ 1.6, 0.6, 0.3 ], 
					"to": [ 2.6, 1.1, 0.8 ], 
					"faces": {
						"north": { "texture": "#gembase", "uv": [ 9.5, 7.5, 10.5, 8.0 ] },
						"east": { "texture": "#gembase", "uv": [ 10.5, 7.5, 11.0, 8.0 ] },
						"south": { "texture": "#gembase", "uv": [ 9.0, 10.5, 10.0, 11.0 ], "enabled": false },
						"west": { "texture": "#gembase", "uv": [ 11.0, 7.5, 11.5, 8.0 ] },
						"up": { "texture": "#gembase", "uv": [ 3.5, 7.5, 4.5, 8.0 ] },
						"down": { "texture": "#gembase", "uv": [ 10.5, 7.0, 11.5, 7.5 ] }
					}
				},
				{
					"name": "Cube7",
					"from": [ 1.6, 0.6, 2.4 ], 
					"to": [ 2.6, 1.1, 2.9 ], 
					"faces": {
						"north": { "texture": "#gembase", "uv": [ 3.5, 12.0, 4.5, 12.5 ], "enabled": false },
						"east": { "texture": "#gembase", "uv": [ 7.5, 5.5, 8.0, 6.0 ] },
						"south": { "texture": "#gembase", "uv": [ 9.0, 10.5, 10.0, 11.0 ] },
						"west": { "texture": "#gembase", "uv": [ 5.0, 5.5, 5.5, 6.0 ] },
						"up": { "texture": "#gembase", "uv": [ 10.0, 11.5, 11.0, 12.0 ] },
						"down": { "texture": "#gembase", "uv": [ 1.5, 10.5, 2.5, 11.0 ] }
					}
				},
				{
					"name": "Cube8",
					"from": [ 0.8, 0.6, 1.1 ], 
					"to": [ 1.3, 1.1, 2.1 ], 
					"faces": {
						"north": { "texture": "#gembase", "uv": [ 2.0, 7.5, 2.5, 8.0 ] },
						"east": { "texture": "#gembase", "uv": [ 7.5, 5.5, 8.5, 6.0 ], "enabled": false },
						"south": { "texture": "#gembase", "uv": [ 0.5, 7.0, 1.0, 7.5 ] },
						"west": { "texture": "#gembase", "uv": [ 1.0, 7.0, 2.0, 7.5 ] },
						"up": { "texture": "#gembase", "uv": [ 4.0, 6.5, 4.5, 7.5 ] },
						"down": { "texture": "#gembase", "uv": [ 0.5, 6.0, 1.0, 7.0 ] }
					}
				},
				{
					"name": "Cube9",
					"from": [ 2.9, 0.6, 1.1 ], 
					"to": [ 3.4, 1.1, 2.1 ], 
					"faces": {
						"north": { "texture": "#gembase", "uv": [ 11.0, 11.5, 11.5, 12.0 ] },
						"east": { "texture": "#gembase", "uv": [ 12.0, 9.0, 13.0, 9.5 ] },
						"south": { "texture": "#gembase", "uv": [ 9.0, 10.5, 9.5, 11.0 ] },
						"west": { "texture": "#gembase", "uv": [ 5.0, 5.5, 6.0, 6.0 ], "enabled": false },
						"up": { "texture": "#gembase", "uv": [ 10.5, 3.0, 11.0, 4.0 ] },
						"down": { "texture": "#gembase", "uv": [ 1.5, 10.5, 2.0, 11.5 ] }
					}
				},
				{
					"name": "Cube10",
					"from": [ 0.6, 0.7, 0.9 ], 
					"to": [ 1.1, 1.0, 2.3 ], 
					"faces": {
						"north": { "texture": "#gembase", "uv": [ 2.5, 8.5, 3.0, 9.0 ] },
						"east": { "texture": "#gembase", "uv": [ 7.5, 5.5, 8.5, 6.0 ], "enabled": false },
						"south": { "texture": "#gembase", "uv": [ 9.0, 10.5, 9.5, 11.0 ] },
						"west": { "texture": "#gembase", "uv": [ 5.5, 9.5, 6.5, 10.0 ] },
						"up": { "texture": "#gembase", "uv": [ 10.0, 10.5, 10.5, 11.5 ] },
						"down": { "texture": "#gembase", "uv": [ 9.5, 5.0, 10.0, 6.0 ] }
					}
				},
				{
					"name": "Cube11",
					"from": [ 3.1, 0.7, 0.9 ], 
					"to": [ 3.6, 1.0, 2.3 ], 
					"faces": {
						"north": { "texture": "#gembase", "uv": [ 2.5, 8.5, 3.0, 9.0 ] },
						"east": { "texture": "#gembase", "uv": [ 7.5, 5.5, 8.5, 6.0 ] },
						"south": { "texture": "#gembase", "uv": [ 11.0, 11.5, 11.5, 12.0 ] },
						"west": { "texture": "#gembase", "uv": [ 5.5, 9.5, 6.5, 10.0 ], "enabled": false },
						"up": { "texture": "#gembase", "uv": [ 3.5, 11.5, 4.0, 12.5 ] },
						"down": { "texture": "#gembase", "uv": [ 9.5, 5.0, 10.0, 6.0 ] }
					}
				},
				{
					"name": "defect2",
					"from": [ 2.0, 0.3, 1.7 ], 
					"to": [ 2.5, 1.0, 2.9 ], 
					"rotationOrigin": [ 2.0, 1.3, 2.5 ],
					"rotationX": 45.0,
					"faces": {
						"north": {
							"texture": "#emeralddefect0",
							"uv": [ 0.0, 0.0, 0.5, 0.5 ]
						},
						"east": { "texture": "#emeralddefect2", "uv": [ 0.0, 0.0, 1.0, 0.5 ] },
						"south": { "texture": "#emeralddefect2", "uv": [ 0.0, 0.0, 0.5, 0.5 ] },
						"west": { "texture": "#emeralddefect2", "uv": [ 0.0, 0.0, 1.0, 0.5 ] },
						"up": { "texture": "#emeralddefect2", "uv": [ 0.0, 0.0, 0.5, 1.0 ] },
						"down": { "texture": "#emeralddefect2", "uv": [ 0.0, 0.0, 0.5, 1.0 ] }
					}
				},
				{
					"name": "defect1",
					"from": [ 1.0, 0.2, 1.0 ], 
					"to": [ 3.0, 1.6, 2.0 ], 
					"rotationOrigin": [ 2.5, 1.2, 1.5 ],
					"rotationX": -22.5,
					"rotationY": 22.5,
					"faces": {
						"north": { "texture": "#emeralddefect1", "uv": [ 0.0, 0.0, 2.0, 1.0 ] },
						"east": { "texture": "#emeralddefect1", "uv": [ 0.0, 0.0, 1.0, 1.0 ] },
						"south": { "texture": "#emeralddefect1", "uv": [ 0.0, 0.0, 2.0, 1.0 ] },
						"west": { "texture": "#emeralddefect1", "uv": [ 0.0, 0.0, 1.0, 1.0 ] },
						"up": { "texture": "#emeralddefect1", "uv": [ 0.0, 0.0, 2.0, 1.0 ] },
						"down": { "texture": "#emeralddefect1", "uv": [ 0.0, 0.0, 2.0, 1.0 ] }
					}
				},
				{
					"name": "defect0",
					"from": [ 0.5, 0.5, 1.0 ], 
					"to": [ 3.5, 1.5, 3.0 ], 
					"rotationOrigin": [ 0.0, 1.0, 1.0 ],
					"rotationX": 22.5,
					"faces": {
						"north": { "texture": "#emeralddefect0", "uv": [ 0.0, 0.0, 3.0, 1.0 ] },
						"east": { "texture": "#emeralddefect0", "uv": [ 0.0, 0.0, 2.0, 1.0 ] },
						"south": { "texture": "#emeralddefect0", "uv": [ 0.0, 0.0, 3.0, 1.0 ] },
						"west": { "texture": "#emeralddefect0", "uv": [ 0.0, 0.0, 2.0, 1.0 ] },
						"up": { "texture": "#emeralddefect0", "uv": [ 0.0, 0.0, 3.0, 2.0 ] },
						"down": { "texture": "#emeralddefect0", "uv": [ 0.0, 0.0, 3.0, 2.0 ] }
					}
				}
			]
		}
	]}