{
	"editor": {
		"allAngles": false,
		"entityTextureMode": false
	},
	"textureWidth": 16,
	"textureHeight": 16,
	"textureSizes": {
	},
	"textures": {
	},
	"elements": [
		{
			"name": "Leaves",
			"from": [ 8.0, 0.0, -4.0 ],
			"to": [ 8.0, 24.0, 20.0 ],
			"shade": false,
			"rotationOrigin": [ 8.0, 0.0, 4.0 ],
			"rotationZ": 13.5,
			"faces": {
				"east": { "texture": "#leaves", "uv": [ 0.0, 0.0, 16.0, 16.0 ], "autoUv": false, "windMode": [0,1,1,0], "windData": [0,1,1,0] }
			}
		},
		{
			"name": "Leaves2",
			"from": [ 8.0, 0.0, -4.0 ],
			"to": [ 8.0, 24.0, 20.0 ],
			"shade": false,
			"rotationOrigin": [ 8.0, 0.0, 8.0 ],
			"rotationX": -13.5,
			"rotationY": 60.0,
			"faces": {
				"east": { "texture": "#leaves", "uv": [ 0.0, 0.0, 16.0, 16.0 ], "autoUv": false, "windMode": [0,1,1,0], "windData": [0,1,1,0] }
			}
		},
		{
			"name": "Leaves3",
			"from": [ 8.0, 0.0, -4.0024 ],
			"to": [ 8.0, 24.0, 19.9976 ],
			"shade": false,
			"rotationOrigin": [ 8.0, 0.0, 8.0 ],
			"rotationX": 13.5,
			"rotationY": -60.0,
			"faces": {
				"east": { "texture": "#leaves", "uv": [ 0.0, 0.0, 16.0, 16.0 ], "autoUv": false, "windMode": [0,1,1,0], "windData": [0,1,1,0] }
			}
		}
	]}