{
	"editor": {
		"collapsedPaths": "",
		"allAngles": false,
		"entityTextureMode": false
	},
	"textureWidth": 16,
	"textureHeight": 16,
	"textureSizes": {
		"metal": [16,16]
	},
	"textures": {
	},
	"elements": [
		{
			"name": "Cube12",
			"from": [ 7.75, 0.5, 7.5 ],
			"to": [ 8.25, 1.0, 11.5 ],
			"rotationOrigin": [ 9.0, 0.5, 7.5 ],
			"faces": {
				"north": { "texture": "#metal", "uv": [ 0.0, 0.0, 0.5, 0.5 ] },
				"east": { "texture": "#metal", "uv": [ 0.0, 0.0, 4.0, 0.5 ] },
				"south": { "texture": "#metal", "uv": [ 0.0, 0.0, 0.5, 0.5 ] },
				"west": { "texture": "#metal", "uv": [ 0.0, 0.0, 4.0, 0.5 ] },
				"up": { "texture": "#metal", "uv": [ 0.0, 0.0, 0.5, 4.0 ] },
				"down": { "texture": "#metal", "uv": [ 0.0, 0.0, 0.5, 4.0 ] }
			},
			"children": [
				{
					"name": "Cube13",
					"from": [ 0.125, -0.5, 3.6 ],
					"to": [ 0.375, 0.0, 3.9 ],
					"rotationOrigin": [ 1.35, -0.5, 3.6 ],
					"faces": {
						"north": { "texture": "#metal", "uv": [ 0.0, 0.0, 0.5, 0.5 ] },
						"east": { "texture": "#metal", "uv": [ 0.0, 0.0, 0.5, 0.5 ] },
						"south": { "texture": "#metal", "uv": [ 0.0, 0.0, 0.5, 0.5 ] },
						"west": { "texture": "#metal", "uv": [ 0.0, 0.0, 0.5, 0.5 ] },
						"up": { "texture": "#metal", "uv": [ 0.0, 0.0, 0.5, 0.5 ] },
						"down": { "texture": "#metal", "uv": [ 0.0, 0.0, 0.5, 0.5 ] }
					}
				},
				{
					"name": "Cube14",
					"from": [ 0.12, -0.4, 2.8 ],
					"to": [ 0.37, 0.0, 3.1 ],
					"rotationOrigin": [ 1.35, -0.4, 2.8 ],
					"faces": {
						"north": { "texture": "#metal", "uv": [ 0.0, 0.0, 0.5, 0.5 ] },
						"east": { "texture": "#metal", "uv": [ 0.0, 0.0, 0.5, 0.5 ] },
						"south": { "texture": "#metal", "uv": [ 0.0, 0.0, 0.5, 0.5 ] },
						"west": { "texture": "#metal", "uv": [ 0.0, 0.0, 0.5, 0.5 ] },
						"up": { "texture": "#metal", "uv": [ 0.0, 0.0, 0.5, 0.5 ] },
						"down": { "texture": "#metal", "uv": [ 0.0, 0.0, 0.5, 0.5 ] }
					}
				},
				{
					"name": "Cube15",
					"from": [ 0.12, -0.3, 3.35 ],
					"to": [ 0.37, 0.0, 3.55 ],
					"rotationOrigin": [ 1.35, -0.3, 3.4 ],
					"faces": {
						"north": { "texture": "#metal", "uv": [ 0.0, 0.0, 0.5, 0.5 ] },
						"east": { "texture": "#metal", "uv": [ 0.0, 0.0, 0.5, 0.5 ] },
						"south": { "texture": "#metal", "uv": [ 0.0, 0.0, 0.5, 0.5 ] },
						"west": { "texture": "#metal", "uv": [ 0.0, 0.0, 0.5, 0.5 ] },
						"up": { "texture": "#metal", "uv": [ 0.0, 0.0, 0.5, 0.5 ] },
						"down": { "texture": "#metal", "uv": [ 0.0, 0.0, 0.5, 0.5 ] }
					}
				},
				{
					"name": "Cube16",
					"from": [ 0.12, -0.3, 3.15 ],
					"to": [ 0.37, 0.0, 3.25 ],
					"rotationOrigin": [ 1.35, -0.3, 3.2 ],
					"faces": {
						"north": { "texture": "#metal", "uv": [ 0.0, 0.0, 0.5, 0.5 ] },
						"east": { "texture": "#metal", "uv": [ 0.0, 0.0, 0.5, 0.5 ] },
						"south": { "texture": "#metal", "uv": [ 0.0, 0.0, 0.5, 0.5 ] },
						"west": { "texture": "#metal", "uv": [ 0.0, 0.0, 0.5, 0.5 ] },
						"up": { "texture": "#metal", "uv": [ 0.0, 0.0, 0.5, 0.5 ] },
						"down": { "texture": "#metal", "uv": [ 0.0, 0.0, 0.5, 0.5 ] }
					}
				},
				{
					"name": "Cube2",
					"from": [ 0.01, -0.5, -1.0 ],
					"to": [ 0.509, 0.0, 0.2 ],
					"rotationOrigin": [ 0.0, -0.5, 1.0 ],
					"rotationX": 45.0,
					"faces": {
						"north": { "texture": "#metal", "uv": [ 0.0, 0.0, 0.5, 0.5 ] },
						"east": { "texture": "#metal", "uv": [ 0.0, 0.0, 1.0, 0.5 ] },
						"south": { "texture": "#metal", "uv": [ 0.0, 0.0, 0.5, 0.5 ] },
						"west": { "texture": "#metal", "uv": [ 0.0, 0.0, 1.0, 0.5 ] },
						"up": { "texture": "#metal", "uv": [ 0.0, 0.0, 0.5, 1.0 ] },
						"down": { "texture": "#metal", "uv": [ 0.0, 0.0, 0.5, 1.0 ] }
					},
					"children": [
						{
							"name": "Cube3",
							"from": [ -0.001, 1.1314, -0.5657 ],
							"to": [ 0.498, 1.6314, 0.4343 ],
							"rotationOrigin": [ -0.001, 1.1314, 1.4343 ],
							"rotationX": -90.0,
							"faces": {
								"north": { "texture": "#metal", "uv": [ 0.0, 0.0, 0.5, 0.5 ] },
								"east": { "texture": "#metal", "uv": [ 0.0, 0.0, 1.0, 0.5 ] },
								"south": { "texture": "#metal", "uv": [ 0.0, 0.0, 0.5, 0.5 ] },
								"west": { "texture": "#metal", "uv": [ 0.0, 0.0, 1.0, 0.5 ] },
								"up": { "texture": "#metal", "uv": [ 0.0, 0.0, 0.5, 1.0 ] },
								"down": { "texture": "#metal", "uv": [ 0.0, 0.0, 0.5, 1.0 ] }
							}
						},
						{
							"name": "Cube4",
							"from": [ -0.01, 0.9599, -1.03 ],
							"to": [ 0.49, 1.4599, -0.01 ],
							"rotationOrigin": [ -0.001, 0.9899, 1.1515 ],
							"rotationX": -45.0,
							"faces": {
								"north": { "texture": "#metal", "uv": [ 0.0, 0.0, 0.5, 0.5 ] },
								"east": { "texture": "#metal", "uv": [ 0.0, 0.0, 1.0, 0.5 ] },
								"south": { "texture": "#metal", "uv": [ 0.0, 0.0, 0.5, 0.5 ] },
								"west": { "texture": "#metal", "uv": [ 0.0, 0.0, 1.0, 0.5 ] },
								"up": { "texture": "#metal", "uv": [ 0.0, 0.0, 0.5, 1.0 ] },
								"down": { "texture": "#metal", "uv": [ 0.0, 0.0, 0.5, 1.0 ] }
							}
						},
						{
							"name": "Cube5",
							"from": [ 0.01, -0.0827, 0.07 ],
							"to": [ 0.51, 0.4173, 1.1 ],
							"rotationOrigin": [ -0.001, -0.0707, 2.2121 ],
							"rotationX": -45.0,
							"faces": {
								"north": { "texture": "#metal", "uv": [ 0.0, 0.0, 0.5, 0.5 ] },
								"east": { "texture": "#metal", "uv": [ 0.0, 0.0, 1.0, 0.5 ] },
								"south": { "texture": "#metal", "uv": [ 0.0, 0.0, 0.5, 0.5 ] },
								"west": { "texture": "#metal", "uv": [ 0.0, 0.0, 1.0, 0.5 ] },
								"up": { "texture": "#metal", "uv": [ 0.0, 0.0, 0.5, 1.0 ] },
								"down": { "texture": "#metal", "uv": [ 0.0, 0.0, 0.5, 1.0 ] }
							}
						}
					]
				},
				{
					"name": "Cube6",
					"from": [ 0.01, -0.5, -1.0 ],
					"to": [ 0.509, 0.0, 0.2 ],
					"rotationOrigin": [ 0.0, -0.5, 1.0 ],
					"rotationX": 45.0,
					"faces": {
						"north": { "texture": "#metal", "uv": [ 0.0, 0.0, 0.5, 0.5 ] },
						"east": { "texture": "#metal", "uv": [ 0.0, 0.0, 1.0, 0.5 ] },
						"south": { "texture": "#metal", "uv": [ 0.0, 0.0, 0.5, 0.5 ] },
						"west": { "texture": "#metal", "uv": [ 0.0, 0.0, 1.0, 0.5 ] },
						"up": { "texture": "#metal", "uv": [ 0.0, 0.0, 0.5, 1.0 ] },
						"down": { "texture": "#metal", "uv": [ 0.0, 0.0, 0.5, 1.0 ] }
					},
					"children": [
						{
							"name": "Cube7",
							"from": [ -0.01, 1.1314, -0.5657 ],
							"to": [ 0.489, 1.6314, 0.4343 ],
							"rotationOrigin": [ -0.001, 1.1314, 1.4343 ],
							"rotationX": -90.0,
							"faces": {
								"north": { "texture": "#metal", "uv": [ 0.0, 0.0, 0.5, 0.5 ] },
								"east": { "texture": "#metal", "uv": [ 0.0, 0.0, 1.0, 0.5 ] },
								"south": { "texture": "#metal", "uv": [ 0.0, 0.0, 0.5, 0.5 ] },
								"west": { "texture": "#metal", "uv": [ 0.0, 0.0, 1.0, 0.5 ] },
								"up": { "texture": "#metal", "uv": [ 0.0, 0.0, 0.5, 1.0 ] },
								"down": { "texture": "#metal", "uv": [ 0.0, 0.0, 0.5, 1.0 ] }
							}
						}
					]
				},
				{
					"name": "Cube17",
					"from": [ 0.0, 0.44, -1.1 ],
					"to": [ 0.5, 0.94, -0.4 ],
					"rotationOrigin": [ 0.25, 0.5, -1.1 ],
					"rotationX": -180.0,
					"faces": {
						"north": { "texture": "#metal", "uv": [ 0.0, 0.0, 0.5, 0.5 ] },
						"east": { "texture": "#metal", "uv": [ 0.0, 0.0, 0.5, 0.5 ] },
						"south": { "texture": "#metal", "uv": [ 0.0, 0.0, 0.5, 0.5 ] },
						"west": { "texture": "#metal", "uv": [ 0.0, 0.0, 0.5, 0.5 ] },
						"up": { "texture": "#metal", "uv": [ 0.0, 0.0, 0.5, 0.5 ] },
						"down": { "texture": "#metal", "uv": [ 0.0, 0.0, 0.5, 0.5 ] }
					},
					"children": [
						{
							"name": "Cube24",
							"from": [ 0.01, -0.5, -1.0 ],
							"to": [ 0.509, 0.0, 0.1 ],
							"rotationOrigin": [ 0.0, -0.5, 1.0 ],
							"rotationX": 45.0,
							"faces": {
								"north": { "texture": "#metal", "uv": [ 0.0, 0.0, 0.5, 0.5 ] },
								"east": { "texture": "#metal", "uv": [ 0.0, 0.0, 1.0, 0.5 ] },
								"south": { "texture": "#metal", "uv": [ 0.0, 0.0, 0.5, 0.5 ] },
								"west": { "texture": "#metal", "uv": [ 0.0, 0.0, 1.0, 0.5 ] },
								"up": { "texture": "#metal", "uv": [ 0.0, 0.0, 0.5, 1.0 ] },
								"down": { "texture": "#metal", "uv": [ 0.0, 0.0, 0.5, 1.0 ] }
							},
							"children": [
								{
									"name": "Cube25",
									"from": [ 0.0, 1.1314, -0.5657 ],
									"to": [ 0.499, 1.6314, 0.4343 ],
									"rotationOrigin": [ -0.001, 1.1314, 1.4343 ],
									"rotationX": -90.0,
									"faces": {
										"north": { "texture": "#metal", "uv": [ 0.0, 0.0, 0.5, 0.5 ] },
										"east": { "texture": "#metal", "uv": [ 0.0, 0.0, 1.0, 0.5 ] },
										"south": { "texture": "#metal", "uv": [ 0.0, 0.0, 0.5, 0.5 ] },
										"west": { "texture": "#metal", "uv": [ 0.0, 0.0, 1.0, 0.5 ] },
										"up": { "texture": "#metal", "uv": [ 0.0, 0.0, 0.5, 1.0 ] },
										"down": { "texture": "#metal", "uv": [ 0.0, 0.0, 0.5, 1.0 ] }
									}
								}
							]
						}
					]
				}
			]
		}
	]}