{
	"editor": {
		"allAngles": false,
		"entityTextureMode": false
	},
	"textureWidth": 16,
	"textureHeight": 16,
	"textureSizes": {
	},
	"textures": {
	},
	"elements": [
		{
			"name": "Mold1-W",
			"from": [ 2.0, 0.0, 2.0 ],
			"to": [ 7.0, 2.0, 14.0 ],
			"rotationOrigin": [ -4.0, 0.0, -2.0 ],
			"faces": {
				"north": { "texture": "#other", "uv": [ 0.0, 0.0, 5.0, 2.0 ] },
				"east": { "texture": "#other", "uv": [ 0.0, 0.0, 12.0, 2.0 ] },
				"south": { "texture": "#other", "uv": [ 0.0, 0.0, 5.0, 2.0 ] },
				"west": { "texture": "#other", "uv": [ 0.0, 0.0, 12.0, 2.0 ] },
				"up": { "texture": "#other", "uv": [ 0.0, 0.0, 5.0, 12.0 ] },
				"down": { "texture": "#other", "uv": [ 0.0, 0.0, 5.0, 12.0 ] }
			}
		},
		{
			"name": "Mold1-E",
			"from": [ 10.0, 0.0, 2.0 ],
			"to": [ 14.0, 2.0, 14.0 ],
			"rotationOrigin": [ 0.0, 0.0, -2.0 ],
			"faces": {
				"north": { "texture": "#other", "uv": [ 0.0, 0.0, 4.0, 2.0 ] },
				"east": { "texture": "#other", "uv": [ 0.0, 0.0, 12.0, 2.0 ] },
				"south": { "texture": "#other", "uv": [ 0.0, 0.0, 4.0, 2.0 ] },
				"west": { "texture": "#other", "uv": [ 0.0, 0.0, 12.0, 2.0 ] },
				"up": { "texture": "#other", "uv": [ 0.0, 0.0, 4.0, 12.0 ] },
				"down": { "texture": "#other", "uv": [ 0.0, 0.0, 4.0, 12.0 ] }
			}
		},
		{
			"name": "Mold1-S",
			"from": [ 7.0, 0.0, 12.0 ],
			"to": [ 10.0, 2.0, 14.0 ],
			"faces": {
				"north": { "texture": "#other", "uv": [ 0.0, 0.0, 3.0, 2.0 ] },
				"east": { "texture": "#other", "uv": [ 0.0, 0.0, 2.0, 2.0 ] },
				"south": { "texture": "#other", "uv": [ 0.0, 0.0, 3.0, 2.0 ] },
				"west": { "texture": "#other", "uv": [ 0.0, 0.0, 2.0, 2.0 ] },
				"up": { "texture": "#other", "uv": [ 0.0, 0.0, 3.0, 2.0 ] },
				"down": { "texture": "#other", "uv": [ 0.0, 0.0, 3.0, 2.0 ] }
			}
		},
		{
			"name": "Mold1-N",
			"from": [ 7.0, 0.0, 2.0 ],
			"to": [ 10.0, 2.0, 5.0 ],
			"rotationOrigin": [ 0.0, 0.0, -2.0 ],
			"faces": {
				"north": { "texture": "#other", "uv": [ 0.0, 0.0, 3.0, 2.0 ] },
				"east": { "texture": "#other", "uv": [ 0.0, 0.0, 3.0, 2.0 ] },
				"south": { "texture": "#other", "uv": [ 0.0, 0.0, 3.0, 2.0 ] },
				"west": { "texture": "#other", "uv": [ 0.0, 0.0, 3.0, 2.0 ] },
				"up": { "texture": "#other", "uv": [ 0.0, 0.0, 3.0, 3.0 ] },
				"down": { "texture": "#other", "uv": [ 0.0, 0.0, 3.0, 3.0 ] }
			}
		},
		{
			"name": "Mold1-Floor",
			"from": [ 7.0, 0.0, 5.0 ],
			"to": [ 10.0, 1.0, 12.0 ],
			"faces": {
				"north": { "texture": "#other", "uv": [ 0.0, 0.0, 3.0, 1.0 ] },
				"east": { "texture": "#other", "uv": [ 0.0, 0.0, 7.0, 1.0 ] },
				"south": { "texture": "#other", "uv": [ 0.0, 0.0, 3.0, 1.0 ] },
				"west": { "texture": "#other", "uv": [ 0.0, 0.0, 7.0, 1.0 ] },
				"up": { "texture": "#floor", "uv": [ 0.0, 0.0, 3.0, 7.0 ] },
				"down": { "texture": "#other", "uv": [ 0.0, 0.0, 3.0, 7.0 ] }
			}
		},
		{
			"name": "Mold1-W2",
			"from": [ 8.0, 0.0, 6.0 ],
			"to": [ 9.0, 2.0, 7.0 ],
			"rotationOrigin": [ 2.0, 0.0, 2.0 ],
			"faces": {
				"north": { "texture": "#other", "uv": [ 0.0, 0.0, 1.0, 2.0 ] },
				"east": { "texture": "#other", "uv": [ 0.0, 0.0, 1.0, 2.0 ] },
				"south": { "texture": "#other", "uv": [ 0.0, 0.0, 1.0, 2.0 ] },
				"west": { "texture": "#other", "uv": [ 0.0, 0.0, 1.0, 2.0 ] },
				"up": { "texture": "#other", "uv": [ 0.0, 0.0, 1.0, 1.0 ] },
				"down": { "texture": "#other", "uv": [ 0.0, 0.0, 1.0, 1.0 ] }
			}
		},
		{
			"name": "Mold1-W3",
			"from": [ 7.0, 0.0, 8.0 ],
			"to": [ 8.0, 2.0, 12.0 ],
			"rotationOrigin": [ 1.0, 0.0, 4.0 ],
			"faces": {
				"north": { "texture": "#other", "uv": [ 0.0, 0.0, 1.0, 2.0 ] },
				"east": { "texture": "#other", "uv": [ 0.0, 0.0, 4.0, 2.0 ] },
				"south": { "texture": "#other", "uv": [ 0.0, 0.0, 1.0, 2.0 ] },
				"west": { "texture": "#other", "uv": [ 0.0, 0.0, 4.0, 2.0 ] },
				"up": { "texture": "#other", "uv": [ 0.0, 0.0, 1.0, 4.0 ] },
				"down": { "texture": "#other", "uv": [ 0.0, 0.0, 1.0, 4.0 ] }
			}
		},
		{
			"name": "Mold1-E2",
			"from": [ 9.0, 0.0, 8.0 ],
			"to": [ 10.0, 2.0, 10.0 ],
			"rotationOrigin": [ -1.0, 0.0, 4.0 ],
			"faces": {
				"north": { "texture": "#other", "uv": [ 0.0, 0.0, 1.0, 2.0 ] },
				"east": { "texture": "#other", "uv": [ 0.0, 0.0, 2.0, 2.0 ] },
				"south": { "texture": "#other", "uv": [ 0.0, 0.0, 1.0, 2.0 ] },
				"west": { "texture": "#other", "uv": [ 0.0, 0.0, 2.0, 2.0 ] },
				"up": { "texture": "#other", "uv": [ 0.0, 0.0, 1.0, 2.0 ] },
				"down": { "texture": "#other", "uv": [ 0.0, 0.0, 1.0, 2.0 ] }
			}
		},
		{
			"name": "Mold1-E3",
			"from": [ 9.0, 0.0, 10.5 ],
			"to": [ 10.0, 2.0, 11.5 ],
			"rotationOrigin": [ -1.0, 0.0, 6.5 ],
			"faces": {
				"north": { "texture": "#other", "uv": [ 0.0, 0.0, 1.0, 2.0 ] },
				"east": { "texture": "#other", "uv": [ 0.0, 0.0, 1.0, 2.0 ] },
				"south": { "texture": "#other", "uv": [ 0.0, 0.0, 1.0, 2.0 ] },
				"west": { "texture": "#other", "uv": [ 0.0, 0.0, 1.0, 2.0 ] },
				"up": { "texture": "#other", "uv": [ 0.0, 0.0, 1.0, 1.0 ] },
				"down": { "texture": "#other", "uv": [ 0.0, 0.0, 1.0, 1.0 ] }
			}
		}
	]}