{
    "editor": {
        "backDropShape": "shapes/entity/humanoid/seraph",
        "allAngles": false,
        "entityTextureMode": true
    },
    "textureWidth": 64,
    "textureHeight": 64,
    "textureSizes": {},
    "textures": {
        "forlornhope-damaged": "entity/humanoid/serapharmor/forlorn/forlorn-damaged"
    },
    "elements": [
        {
            "name": "ArmorUpperArmR",
            "stepParentName": "UpperArmR",
            "from": [
                -0.2,
                -0.2,
                -0.3
            ],
            "to": [
                3.1,
                7.2,
                2.1
            ],
            "autoUnwrap": false,
            "uv": [
                47,
                34.5
            ],
            "rotationOrigin": [
                -0.2,
                -0.2,
                -0.3
            ],
            "faces": {
                "north": {
                    "texture": "#forlornhope-damaged",
                    "uv": [
                        45,
                        44,
                        48,
                        51
                    ]
                },
                "east": {
                    "texture": "#forlornhope-damaged",
                    "uv": [
                        43,
                        44,
                        45,
                        51
                    ]
                },
                "south": {
                    "texture": "#forlornhope-damaged",
                    "uv": [
                        50,
                        44,
                        53,
                        51
                    ]
                },
                "west": {
                    "texture": "#forlornhope-damaged",
                    "uv": [
                        48,
                        44,
                        50,
                        51
                    ]
                },
                "up": {
                    "texture": "#forlornhope-damaged",
                    "uv": [
                        45,
                        42,
                        48,
                        44
                    ],
                    "rotation": 180
                },
                "down": {
                    "texture": "#forlornhope-damaged",
                    "uv": [
                        48,
                        51,
                        51,
                        53
                    ]
                }
            }
        },
        {
            "name": "ArmorUpperArmL",
            "stepParentName": "UpperArmL",
            "from": [
                -0.2,
                -0.2,
                -0.1
            ],
            "to": [
                3.1,
                7.2,
                2.3
            ],
            "autoUnwrap": false,
            "uv": [
                33,
                37.5
            ],
            "rotationOrigin": [
                -0.2,
                -0.2,
                -0.1
            ],
            "faces": {
                "north": {
                    "texture": "#forlornhope-damaged",
                    "uv": [
                        39,
                        44,
                        42,
                        51
                    ]
                },
                "east": {
                    "texture": "#forlornhope-damaged",
                    "uv": [
                        37,
                        44,
                        39,
                        51
                    ]
                },
                "south": {
                    "texture": "#forlornhope-damaged",
                    "uv": [
                        34,
                        44,
                        37,
                        51
                    ]
                },
                "west": {
                    "texture": "#forlornhope-damaged",
                    "uv": [
                        32,
                        44,
                        34,
                        51
                    ]
                },
                "up": {
                    "texture": "#forlornhope-damaged",
                    "uv": [
                        34,
                        42,
                        37,
                        44
                    ]
                },
                "down": {
                    "texture": "#forlornhope-damaged",
                    "uv": [
                        37,
                        51,
                        40,
                        53
                    ]
                }
            }
        },
        {
            "name": "ArmorLowerArmL",
            "stepParentName": "LowerArmL",
            "from": [
                -0.2,
                -0.2,
                -0.25
            ],
            "to": [
                2.7,
                8.2,
                2.25
            ],
            "autoUnwrap": false,
            "uv": [
                32.5,
                44.5
            ],
            "rotationOrigin": [
                -0.2,
                -0.2,
                -0.3
            ],
            "faces": {
                "north": {
                    "texture": "#forlornhope-damaged",
                    "uv": [
                        39.5,
                        53.5,
                        42,
                        61.5
                    ]
                },
                "east": {
                    "texture": "#forlornhope-damaged",
                    "uv": [
                        37,
                        53.5,
                        39.5,
                        61.5
                    ]
                },
                "south": {
                    "texture": "#forlornhope-damaged",
                    "uv": [
                        34.5,
                        53.5,
                        37,
                        61.5
                    ]
                },
                "west": {
                    "texture": "#forlornhope-damaged",
                    "uv": [
                        32,
                        53.5,
                        34.5,
                        61.5
                    ]
                },
                "up": {
                    "texture": "#forlornhope-damaged",
                    "uv": [
                        34.5,
                        51,
                        37,
                        53.5
                    ]
                },
                "down": {
                    "texture": "#forlornhope-damaged",
                    "uv": [
                        34.5,
                        61.5,
                        37,
                        64
                    ]
                }
            }
        },
        {
            "name": "ArmorUpperTorso",
            "stepParentName": "UpperTorso",
            "from": [
                -0.8,
                -0.4,
                -0.5
            ],
            "to": [
                5.2,
                5.4,
                6.5
            ],
            "autoUnwrap": false,
            "uv": [
                35,
                0
            ],
            "rotationOrigin": [
                2.5,
                3.6,
                3
            ],
            "rotationX": -3,
            "rotationZ": 5,
            "faces": {
                "north": {
                    "texture": "#forlornhope-damaged",
                    "uv": [
                        38,
                        6,
                        44,
                        11.5
                    ]
                },
                "east": {
                    "texture": "#forlornhope-damaged",
                    "uv": [
                        57,
                        6,
                        64,
                        11.5
                    ]
                },
                "south": {
                    "texture": "#forlornhope-damaged",
                    "uv": [
                        51,
                        6,
                        57,
                        11.5
                    ]
                },
                "west": {
                    "texture": "#forlornhope-damaged",
                    "uv": [
                        44,
                        6,
                        51,
                        11.5
                    ]
                },
                "up": {
                    "texture": "#forlornhope-damaged",
                    "uv": [
                        44,
                        0,
                        51,
                        6
                    ],
                    "rotation": 90
                },
                "down": {
                    "texture": "#forlornhope-damaged",
                    "uv": [
                        51,
                        0,
                        58,
                        6
                    ],
                    "rotation": 270
                }
            },
            "children": [
                {
                    "name": "ArmorFauldFront",
                    "from": [
                        0,
                        -1,
                        0.1
                    ],
                    "to": [
                        0.6,
                        0,
                        6.9
                    ],
                    "uv": [
                        23.5,
                        12.5
                    ],
                    "rotationOrigin": [
                        0.3,
                        0,
                        3.5
                    ],
                    "rotationZ": -22.5,
                    "faces": {
                        "north": {
                            "texture": "#forlornhope-damaged",
                            "uv": [
                                23.5,
                                13,
                                24,
                                14
                            ]
                        },
                        "east": {
                            "texture": "#forlornhope-damaged",
                            "uv": [
                                24,
                                13,
                                30.5,
                                14
                            ]
                        },
                        "south": {
                            "texture": "#forlornhope-damaged",
                            "uv": [
                                30.5,
                                13,
                                31,
                                14
                            ]
                        },
                        "west": {
                            "texture": "#forlornhope-damaged",
                            "uv": [
                                31,
                                13,
                                37.5,
                                14
                            ]
                        },
                        "down": {
                            "texture": "#forlornhope-damaged",
                            "uv": [
                                23.5,
                                12.5,
                                30,
                                13
                            ],
                            "rotation": 90
                        }
                    }
                }
            ]
        },
        {
            "name": "ArmorLowerTorso",
            "stepParentName": "LowerTorso",
            "from": [
                -0.3,
                -0.5,
                -0.3
            ],
            "to": [
                5.3,
                5.1,
                6.3
            ],
            "autoUnwrap": false,
            "uv": [
                39.5,
                8
            ],
            "rotationOrigin": [
                -0.3,
                -0.5,
                -0.3
            ],
            "faces": {
                "north": {
                    "texture": "#forlornhope-damaged",
                    "uv": [
                        38.5,
                        12,
                        44,
                        17.5
                    ]
                },
                "east": {
                    "texture": "#forlornhope-damaged",
                    "uv": [
                        56,
                        12,
                        62.5,
                        17.5
                    ]
                },
                "south": {
                    "texture": "#forlornhope-damaged",
                    "uv": [
                        50.5,
                        12,
                        56,
                        17.5
                    ]
                },
                "west": {
                    "texture": "#forlornhope-damaged",
                    "uv": [
                        44,
                        12,
                        50.5,
                        17.5
                    ]
                },
                "up": {
                    "texture": "#forlornhope-damaged",
                    "uv": [
                        44,
                        17.5,
                        50.5,
                        23
                    ],
                    "rotation": 90
                },
                "down": {
                    "texture": "#forlornhope-damaged",
                    "uv": [
                        56,
                        17.5,
                        62.5,
                        23
                    ],
                    "rotation": 90
                }
            }
        },
        {
            "name": "ArmorLowerArmR",
            "stepParentName": "LowerArmR",
            "from": [
                -0.2,
                -0.3,
                -0.25
            ],
            "to": [
                2.7,
                8.1,
                2.25
            ],
            "autoUnwrap": false,
            "uv": [
                50.5,
                40
            ],
            "rotationOrigin": [
                -0.2,
                -0.3,
                -0.4
            ],
            "faces": {
                "north": {
                    "texture": "#forlornhope-damaged",
                    "uv": [
                        45.5,
                        53.5,
                        48,
                        61.5
                    ]
                },
                "east": {
                    "texture": "#forlornhope-damaged",
                    "uv": [
                        43,
                        53.5,
                        45.5,
                        61.5
                    ]
                },
                "south": {
                    "texture": "#forlornhope-damaged",
                    "uv": [
                        50.5,
                        53.5,
                        53,
                        61.5
                    ]
                },
                "west": {
                    "texture": "#forlornhope-damaged",
                    "uv": [
                        48,
                        53.5,
                        50.5,
                        61.5
                    ]
                },
                "up": {
                    "texture": "#forlornhope-damaged",
                    "uv": [
                        45.5,
                        51,
                        48,
                        53.5
                    ]
                },
                "down": {
                    "texture": "#forlornhope-damaged",
                    "uv": [
                        45.5,
                        61.5,
                        48,
                        64
                    ]
                }
            },
            "children": [
                {
                    "name": "ArmorBracerR",
                    "from": [
                        -0.2,
                        2.9,
                        -0.4
                    ],
                    "to": [
                        3.1,
                        6.9,
                        0.9
                    ],
                    "autoUnwrap": false,
                    "uv": [
                        48.5,
                        34.5
                    ],
                    "rotationOrigin": [
                        1.5,
                        2.9,
                        -0.4
                    ],
                    "rotationX": -3,
                    "rotationY": -6,
                    "faces": {
                        "north": {
                            "texture": "#forlornhope-damaged",
                            "uv": [
                                42,
                                31,
                                45,
                                35
                            ]
                        },
                        "east": {
                            "texture": "#forlornhope-damaged",
                            "uv": [
                                41,
                                31,
                                42,
                                35
                            ]
                        },
                        "south": {
                            "texture": "#forlornhope-damaged",
                            "uv": [
                                46,
                                31,
                                49,
                                35
                            ]
                        },
                        "west": {
                            "texture": "#forlornhope-damaged",
                            "uv": [
                                45,
                                31,
                                46,
                                35
                            ]
                        },
                        "up": {
                            "texture": "#forlornhope-damaged",
                            "uv": [
                                42,
                                30,
                                45,
                                31
                            ],
                            "rotation": 180
                        },
                        "down": {
                            "texture": "#forlornhope-damaged",
                            "uv": [
                                42,
                                35,
                                45,
                                36
                            ]
                        }
                    }
                },
                {
                    "name": "ArmorHandR",
                    "stepParentName": "LowerArmR",
                    "from": [
                        -0.5,
                        -0.5,
                        -0.8
                    ],
                    "to": [
                        3,
                        2.9,
                        1
                    ],
                    "autoUnwrap": false,
                    "uv": [
                        32,
                        40
                    ],
                    "rotationOrigin": [
                        1.2,
                        -0.5,
                        -0.8
                    ],
                    "rotationY": 4,
                    "faces": {
                        "north": {
                            "texture": "#forlornhope-damaged",
                            "uv": [
                                12.5,
                                13,
                                16,
                                16
                            ]
                        },
                        "east": {
                            "texture": "#forlornhope-damaged",
                            "uv": [
                                11,
                                13,
                                12.5,
                                16
                            ]
                        },
                        "south": {
                            "texture": "#forlornhope-damaged",
                            "uv": [
                                17.5,
                                13,
                                21,
                                16
                            ]
                        },
                        "west": {
                            "texture": "#forlornhope-damaged",
                            "uv": [
                                16,
                                13,
                                17.5,
                                16
                            ]
                        },
                        "up": {
                            "texture": "#forlornhope-damaged",
                            "uv": [
                                12.5,
                                11.5,
                                16,
                                13
                            ]
                        },
                        "down": {
                            "texture": "#forlornhope-damaged",
                            "uv": [
                                12.5,
                                16,
                                16,
                                17.5
                            ]
                        }
                    }
                }
            ]
        },
        {
            "name": "ArmorCoatR",
            "stepParentName": "UpperFootR",
            "from": [
                -0.7,
                2.2,
                -0.35
            ],
            "to": [
                4.9,
                8.2,
                3.15
            ],
            "autoUnwrap": false,
            "uv": [
                26,
                21.5
            ],
            "rotationOrigin": [
                -0.7,
                2.2,
                -0.5
            ],
            "faces": {
                "north": {
                    "texture": "#forlornhope-damaged",
                    "uv": [
                        18.5,
                        23,
                        24,
                        29
                    ]
                },
                "east": {
                    "texture": "#forlornhope-damaged",
                    "uv": [
                        33,
                        23,
                        36.5,
                        29
                    ]
                },
                "south": {
                    "texture": "#forlornhope-damaged",
                    "uv": [
                        27.5,
                        23,
                        33,
                        29
                    ]
                },
                "west": {
                    "texture": "#forlornhope-damaged",
                    "uv": [
                        24,
                        23,
                        27.5,
                        29
                    ]
                },
                "up": {
                    "texture": "#forlornhope-damaged",
                    "uv": [
                        24,
                        17.5,
                        27.5,
                        23
                    ],
                    "rotation": 90
                },
                "down": {
                    "texture": "#forlornhope-damaged",
                    "uv": [
                        27.5,
                        19.5,
                        33,
                        23
                    ]
                }
            }
        },
        {
            "name": "ArmorCoatL",
            "stepParentName": "UpperFootL",
            "from": [
                -0.7,
                2.8,
                0.05
            ],
            "to": [
                4.9,
                8.8,
                3.55
            ],
            "autoUnwrap": false,
            "uv": [
                0,
                23
            ],
            "rotationOrigin": [
                -0.7,
                2.8,
                -0.1
            ],
            "faces": {
                "north": {
                    "texture": "#forlornhope-damaged",
                    "uv": [
                        0,
                        23,
                        5.5,
                        29
                    ]
                },
                "east": {
                    "texture": "#forlornhope-damaged",
                    "uv": [
                        14.5,
                        23,
                        18,
                        29
                    ]
                },
                "south": {
                    "texture": "#forlornhope-damaged",
                    "uv": [
                        9,
                        23,
                        14.5,
                        29
                    ]
                },
                "west": {
                    "texture": "#forlornhope-damaged",
                    "uv": [
                        5.5,
                        23,
                        9,
                        29
                    ]
                },
                "up": {
                    "texture": "#forlornhope-damaged",
                    "uv": [
                        5.5,
                        17.5,
                        9,
                        23
                    ],
                    "rotation": 90
                },
                "down": {
                    "texture": "#forlornhope-damaged",
                    "uv": [
                        9,
                        19.5,
                        14.5,
                        23
                    ]
                }
            }
        }
    ]
}