{
	"editor": {
		"allAngles": true,
		"entityTextureMode": false
	},
	"textureWidth": 16,
	"textureHeight": 16,
	"textureSizes": {
	},
	"textures": {
	"tan": "game:block/clay/hardened/tan"
	},
	"elements": [
		{
			"name": "Body",
			"from": [ 1.0, 0.0, 1.0 ],
			"to": [ 7.0, 7.0, 7.0 ],
			"rotationOrigin": [ 4.0, 0.0, 4.0 ],
			"faces": {
				"north": { "texture": "#tan", "uv": [ 10.0, 9.0, 16.0, 16.0 ] },
				"east": { "texture": "#tan", "uv": [ 10.0, 9.0, 16.0, 16.0 ] },
				"south": { "texture": "#tan", "uv": [ 10.0, 9.0, 16.0, 16.0 ] },
				"west": { "texture": "#tan", "uv": [ 10.0, 9.0, 16.0, 16.0 ] },
				"up": { "texture": "#tan", "uv": [ 2.5, 0.5, 8.5, 6.5 ] },
				"down": { "texture": "#tan", "uv": [ 10.0, 9.5, 16.0, 15.5 ] }
			},
			"children": [
				{
					"name": "Dome",
					"from": [ 0.5, 7.0, 0.5 ],
					"to": [ 5.5, 8.0, 5.5 ],
					"rotationOrigin": [ 0.5, 7.0, 0.5 ],
					"faces": {
						"north": { "texture": "#tan", "uv": [ 10.5, 7.5, 15.5, 8.5 ] },
						"east": { "texture": "#tan", "uv": [ 10.5, 7.5, 15.5, 8.5 ] },
						"south": { "texture": "#tan", "uv": [ 10.5, 7.5, 15.5, 8.5 ] },
						"west": { "texture": "#tan", "uv": [ 10.5, 7.5, 15.5, 8.5 ] },
						"up": { "texture": "#tan", "uv": [ 3.0, 1.0, 8.0, 6.0 ], "rotation": 180 }
					},
					"children": [
						{
							"name": "Dome2",
							"from": [ 0.5, 1.0, 0.5 ],
							"to": [ 4.5, 1.5, 4.5 ],
							"rotationOrigin": [ 0.5, 1.0, 0.5 ],
							"faces": {
								"north": { "texture": "#tan", "uv": [ 11.0, 7.0, 15.0, 7.5 ] },
								"east": { "texture": "#tan", "uv": [ 11.0, 7.0, 15.0, 7.5 ] },
								"south": { "texture": "#tan", "uv": [ 11.0, 7.0, 15.0, 7.5 ] },
								"west": { "texture": "#tan", "uv": [ 11.0, 7.0, 15.0, 7.5 ] },
								"up": { "texture": "#tan", "uv": [ 3.5, 1.5, 7.5, 5.5 ], "rotation": 180 }
							}
						}
					]
				},
				{
					"name": "HandleTop",
					"from": [ 0.5, 10.0, 2.5 ],
					"to": [ 2.0, 10.5, 3.5 ],
					"rotationOrigin": [ 2.5, 11.0, 3.0 ],
					"faces": {
						"north": { "texture": "#tan", "uv": [ 3.5, 3.5, 5.0, 4.0 ] },
						"south": { "texture": "#tan", "uv": [ 5.5, 5.5, 7.0, 6.0 ] },
						"west": { "texture": "#tan", "uv": [ 12.5, 6.5, 13.5, 7.0 ] },
						"up": { "texture": "#tan", "uv": [ 12.5, 6.0, 13.5, 7.5 ], "rotation": 90 },
						"down": { "texture": "#tan", "uv": [ 12.0, 14.5, 13.5, 15.5 ] }
					},
					"children": [
						{
							"name": "HandleSide",
							"from": [ 0.0, -2.0, 0.0 ],
							"to": [ 0.5, 0.0, 1.0 ],
							"rotationOrigin": [ 1.0, 0.0, 0.5 ],
							"faces": {
								"north": { "texture": "#tan", "uv": [ 12.0, 14.0, 12.5, 16.0 ] },
								"east": { "texture": "#tan", "uv": [ 4.0, 8.5, 5.0, 10.5 ] },
								"south": { "texture": "#tan", "uv": [ 14.5, 14.0, 15.0, 16.0 ] },
								"west": { "texture": "#tan", "uv": [ 13.5, 14.0, 14.5, 16.0 ] }
							}
						}
					]
				},
				{
					"name": "SpoutW",
					"from": [ 2.0, 8.5, 2.5 ],
					"to": [ 2.5, 10.5, 3.5 ],
					"rotationOrigin": [ 2.0, 8.5, 2.5 ],
					"faces": {
						"east": { "texture": "#tan", "uv": [ 12.5, 5.0, 13.5, 7.0 ] },
						"west": { "texture": "#tan", "uv": [ 12.5, 5.0, 13.5, 7.0 ] },
						"up": { "texture": "#tan", "uv": [ 12.5, 5.0, 13.5, 5.5 ], "rotation": 270 }
					},
					"children": [
						{
							"name": "SpoutE",
							"from": [ 1.5, 0.0, 0.0 ],
							"to": [ 2.0, 2.0, 1.0 ],
							"rotationOrigin": [ 1.5, 0.0, 0.0 ],
							"faces": {
								"east": { "texture": "#tan", "uv": [ 12.5, 5.0, 13.5, 7.0 ] },
								"west": { "texture": "#tan", "uv": [ 14.0, 10.5, 15.0, 12.5 ] },
								"up": { "texture": "#tan", "uv": [ 12.5, 5.0, 13.5, 5.5 ], "rotation": 270 }
							}
						},
						{
							"name": "SpoutN",
							"from": [ 0.0, 0.0, -0.5 ],
							"to": [ 2.0, 2.0, 0.0 ],
							"rotationOrigin": [ 0.0, 0.0, -0.5 ],
							"faces": {
								"north": { "texture": "#tan", "uv": [ 12.0, 5.0, 14.0, 7.0 ] },
								"east": { "texture": "#tan", "uv": [ 12.0, 5.0, 12.5, 7.0 ] },
								"south": { "texture": "#tan", "uv": [ 12.0, 14.0, 14.0, 16.0 ] },
								"west": { "texture": "#tan", "uv": [ 13.5, 5.0, 14.0, 7.0 ] },
								"up": { "texture": "#tan", "uv": [ 12.0, 5.0, 14.0, 5.5 ], "rotation": 180 }
							}
						},
						{
							"name": "SpoutS",
							"from": [ 0.0, 0.0, 1.0 ],
							"to": [ 2.0, 2.0, 1.5 ],
							"rotationOrigin": [ 0.0, 0.0, 1.0 ],
							"faces": {
								"north": { "texture": "#tan", "uv": [ 12.0, 14.0, 14.0, 16.0 ] },
								"east": { "texture": "#tan", "uv": [ 12.0, 5.0, 12.5, 7.0 ] },
								"south": { "texture": "#tan", "uv": [ 12.0, 5.0, 14.0, 7.0 ] },
								"west": { "texture": "#tan", "uv": [ 13.5, 5.0, 14.0, 7.0 ] },
								"up": { "texture": "#tan", "uv": [ 12.0, 5.0, 14.0, 5.5 ], "rotation": 180 }
							}
						},
						{
							"name": "SpoutBlack",
							"from": [ 0.5, 0.0, 0.0 ],
							"to": [ 1.5, 0.1, 1.0 ],
							"rotationOrigin": [ 0.5, 0.0, 0.0 ],
							"faces": {
								"up": { "texture": "#tan", "uv": [ 10.0, 15.0, 11.0, 16.0 ], "rotation": 270 }
							}
						}
					]
				}
			]
		}
	]}