{
    "editor": {
        "backDropShape": "entity/humanoid/kobold",
        "allAngles": true,
        "entityTextureMode": true
    },
    "textureWidth": 32,
    "textureHeight": 36,
    "textureSizes": {
        "lowerbody": [
            32,
            36
        ]
    },
    "textures": {
        "lowerbody": "entity/humanoid/villagerclothes/lowerbody/pants/fisher"
    },
    "elements": [
        {
            "name": "LowertorsoWparented",
            "stepParentName": "LowerTorso",
            "from": [
                -0.01,
                -0.01,
                -0.01
            ],
            "to": [
                0.49,
                4.51,
                6.01
            ],
            "unwrapMode": 4,
            "autoUnwrap": false,
            "uv": [
                12.9,
                2.5
            ],
            "rotationOrigin": [
                -0.01,
                3.5,
                -0.05
            ],
            "faces": {
                "north": {
                    "texture": "#lowerbody",
                    "uv": [
                        13,
                        2.5,
                        13.5,
                        7
                    ],
                    "windMode": [
                        -1,
                        -1,
                        -1,
                        -1
                    ],
                    "windData": [
                        0,
                        1,
                        1,
                        0
                    ]
                },
                "east": {
                    "texture": "#lowerbody",
                    "uv": [
                        9.5,
                        7,
                        15.5,
                        11.5
                    ]
                },
                "south": {
                    "texture": "#lowerbody",
                    "uv": [
                        19.5,
                        2.5,
                        20,
                        7
                    ]
                },
                "west": {
                    "texture": "#lowerbody",
                    "uv": [
                        13.5,
                        2.5,
                        19.5,
                        7
                    ]
                },
                "up": {
                    "texture": "#lowerbody",
                    "uv": [
                        13.5,
                        2,
                        19.5,
                        2.5
                    ],
                    "rotation": 90
                }
            },
            "children": [
                {
                    "name": "LowertorsoN",
                    "from": [
                        0.5,
                        0,
                        0
                    ],
                    "to": [
                        4.52,
                        4.5,
                        0.5
                    ],
                    "unwrapMode": 1,
                    "autoUnwrap": false,
                    "uv": [
                        9,
                        2
                    ],
                    "rotationOrigin": [
                        0.5,
                        3.55,
                        0
                    ],
                    "faces": {
                        "north": {
                            "texture": "#lowerbody",
                            "uv": [
                                9,
                                2.5,
                                13,
                                7
                            ]
                        },
                        "south": {
                            "texture": "#lowerbody",
                            "uv": [
                                10.5,
                                7,
                                14.5,
                                11.5
                            ]
                        },
                        "up": {
                            "texture": "#lowerbody",
                            "uv": [
                                9,
                                2,
                                13,
                                2.5
                            ],
                            "rotation": 180
                        }
                    }
                },
                {
                    "name": "LowertorsoS",
                    "from": [
                        0.5,
                        0,
                        5.52
                    ],
                    "to": [
                        4.52,
                        4.5,
                        6.02
                    ],
                    "unwrapMode": 3,
                    "autoUnwrap": false,
                    "uv": [
                        20,
                        2
                    ],
                    "rotationOrigin": [
                        0.5,
                        5,
                        5.5
                    ],
                    "faces": {
                        "north": {
                            "texture": "#lowerbody",
                            "uv": [
                                14.5,
                                7,
                                18.5,
                                11.5
                            ]
                        },
                        "south": {
                            "texture": "#lowerbody",
                            "uv": [
                                20,
                                2.5,
                                24,
                                7
                            ]
                        },
                        "up": {
                            "texture": "#lowerbody",
                            "uv": [
                                20,
                                2,
                                24,
                                2.5
                            ]
                        }
                    }
                },
                {
                    "name": "LowertorsoE",
                    "from": [
                        4.52,
                        0,
                        0
                    ],
                    "to": [
                        5.02,
                        4.5,
                        6.02
                    ],
                    "unwrapMode": 2,
                    "autoUnwrap": false,
                    "uv": [
                        23.9,
                        2
                    ],
                    "rotationOrigin": [
                        4.52,
                        5,
                        0
                    ],
                    "faces": {
                        "north": {
                            "texture": "#lowerbody",
                            "uv": [
                                30.5,
                                2.5,
                                31,
                                7
                            ]
                        },
                        "east": {
                            "texture": "#lowerbody",
                            "uv": [
                                24.5,
                                2.5,
                                30.5,
                                7
                            ]
                        },
                        "south": {
                            "texture": "#lowerbody",
                            "uv": [
                                24,
                                2.5,
                                24.5,
                                7
                            ]
                        },
                        "west": {
                            "texture": "#lowerbody",
                            "uv": [
                                13.5,
                                7,
                                19.5,
                                11.5
                            ]
                        },
                        "up": {
                            "texture": "#lowerbody",
                            "uv": [
                                24.5,
                                2,
                                30.5,
                                2.5
                            ],
                            "rotation": 270
                        }
                    }
                },
                {
                    "name": "LowertorsoD",
                    "from": [
                        -0.01,
                        0,
                        -0.01
                    ],
                    "to": [
                        5.09,
                        2,
                        6.01
                    ],
                    "unwrapMode": 6,
                    "unwrapRotation": 1,
                    "autoUnwrap": false,
                    "uv": [
                        1.5,
                        1
                    ],
                    "faces": {
                        "down": {
                            "texture": "#lowerbody",
                            "uv": [
                                1.5,
                                1,
                                7.5,
                                6
                            ],
                            "rotation": 90
                        }
                    }
                },
                {
                    "name": "SuspenderLFrontLower",
                    "from": [
                        -0.01,
                        2,
                        4.5
                    ],
                    "to": [
                        0.19,
                        5,
                        5.5
                    ],
                    "unwrapMode": 4,
                    "unwrapRotation": 1,
                    "uv": [
                        13.5,
                        23.5
                    ],
                    "rotationOrigin": [
                        0,
                        2,
                        4.5
                    ],
                    "faces": {
                        "north": {
                            "texture": "#lowerbody",
                            "uv": [
                                14,
                                25,
                                17,
                                25.5
                            ],
                            "rotation": 90
                        },
                        "east": {
                            "texture": "#lowerbody",
                            "uv": [
                                17.5,
                                24,
                                20.5,
                                25
                            ],
                            "rotation": 270
                        },
                        "south": {
                            "texture": "#lowerbody",
                            "uv": [
                                14,
                                23.5,
                                17,
                                24
                            ],
                            "rotation": 90
                        },
                        "west": {
                            "texture": "#lowerbody",
                            "uv": [
                                14,
                                24,
                                17,
                                25
                            ],
                            "rotation": 90
                        },
                        "up": {
                            "texture": "#lowerbody",
                            "uv": [
                                13.5,
                                24,
                                14,
                                25
                            ],
                            "rotation": 180
                        },
                        "down": {
                            "texture": "#lowerbody",
                            "uv": [
                                17,
                                24,
                                17.5,
                                25
                            ],
                            "rotation": 180
                        }
                    },
                    "children": [
                        {
                            "name": "SuspenderLFrontLower2",
                            "from": [
                                4.84,
                                0,
                                0
                            ],
                            "to": [
                                5.04,
                                3.5,
                                1
                            ],
                            "unwrapMode": 4,
                            "unwrapRotation": 1,
                            "uv": [
                                12.5,
                                23.5
                            ],
                            "rotationOrigin": [
                                4.81,
                                0,
                                0
                            ],
                            "faces": {
                                "north": {
                                    "texture": "#lowerbody",
                                    "uv": [
                                        13,
                                        25,
                                        16.5,
                                        25.5
                                    ],
                                    "rotation": 90
                                },
                                "east": {
                                    "texture": "#lowerbody",
                                    "uv": [
                                        17,
                                        24,
                                        20.5,
                                        25
                                    ],
                                    "rotation": 270
                                },
                                "south": {
                                    "texture": "#lowerbody",
                                    "uv": [
                                        13,
                                        23.5,
                                        16.5,
                                        24
                                    ],
                                    "rotation": 90
                                },
                                "west": {
                                    "texture": "#lowerbody",
                                    "uv": [
                                        13,
                                        24,
                                        16.5,
                                        25
                                    ],
                                    "rotation": 90
                                },
                                "up": {
                                    "texture": "#lowerbody",
                                    "uv": [
                                        12.5,
                                        24,
                                        13,
                                        25
                                    ],
                                    "rotation": 180
                                },
                                "down": {
                                    "texture": "#lowerbody",
                                    "uv": [
                                        16.5,
                                        24,
                                        17,
                                        25
                                    ],
                                    "rotation": 180
                                }
                            }
                        }
                    ]
                },
                {
                    "name": "SuspenderLFrontLower3",
                    "from": [
                        -0.01,
                        2,
                        0.5
                    ],
                    "to": [
                        0.19,
                        5,
                        1.5
                    ],
                    "unwrapMode": 4,
                    "unwrapRotation": 1,
                    "uv": [
                        8.5,
                        21.5
                    ],
                    "rotationOrigin": [
                        0,
                        2,
                        0.5
                    ],
                    "faces": {
                        "north": {
                            "texture": "#lowerbody",
                            "uv": [
                                9,
                                23,
                                12,
                                23.5
                            ],
                            "rotation": 90
                        },
                        "east": {
                            "texture": "#lowerbody",
                            "uv": [
                                12.5,
                                22,
                                15.5,
                                23
                            ],
                            "rotation": 270
                        },
                        "south": {
                            "texture": "#lowerbody",
                            "uv": [
                                9,
                                21.5,
                                12,
                                22
                            ],
                            "rotation": 90
                        },
                        "west": {
                            "texture": "#lowerbody",
                            "uv": [
                                9,
                                22,
                                12,
                                23
                            ],
                            "rotation": 90
                        },
                        "up": {
                            "texture": "#lowerbody",
                            "uv": [
                                8.5,
                                22,
                                9,
                                23
                            ],
                            "rotation": 180
                        },
                        "down": {
                            "texture": "#lowerbody",
                            "uv": [
                                12,
                                22,
                                12.5,
                                23
                            ],
                            "rotation": 180
                        }
                    },
                    "children": [
                        {
                            "name": "SuspenderLFrontLower4",
                            "from": [
                                4.84,
                                0,
                                0
                            ],
                            "to": [
                                5.04,
                                3.5,
                                1
                            ],
                            "unwrapMode": 4,
                            "autoUnwrap": false,
                            "uv": [
                                10,
                                23.5
                            ],
                            "rotationOrigin": [
                                4.81,
                                0,
                                0
                            ],
                            "faces": {
                                "north": {
                                    "texture": "#lowerbody",
                                    "uv": [
                                        12,
                                        21.5,
                                        15.5,
                                        22
                                    ],
                                    "rotation": 90
                                },
                                "east": {
                                    "texture": "#lowerbody",
                                    "uv": [
                                        12,
                                        22,
                                        15.5,
                                        23
                                    ],
                                    "rotation": 90
                                },
                                "south": {
                                    "texture": "#lowerbody",
                                    "uv": [
                                        10.5,
                                        23,
                                        14,
                                        23.5
                                    ],
                                    "rotation": 90
                                },
                                "west": {
                                    "texture": "#lowerbody",
                                    "uv": [
                                        10,
                                        22,
                                        13.5,
                                        23
                                    ],
                                    "rotation": 90
                                },
                                "up": {
                                    "texture": "#lowerbody",
                                    "uv": [
                                        15,
                                        22,
                                        15.5,
                                        23
                                    ]
                                },
                                "down": {
                                    "texture": "#lowerbody",
                                    "uv": [
                                        8.5,
                                        22,
                                        9,
                                        23
                                    ]
                                }
                            }
                        }
                    ]
                }
            ]
        },
        {
            "name": "upper foot R",
            "stepParentName": "UpperFootR",
            "from": [
                -0.01,
                -0.01,
                -0.01
            ],
            "to": [
                4.21,
                9.01,
                3.21
            ],
            "unwrapMode": 4,
            "uv": [
                1.5,
                8.5
            ],
            "rotationOrigin": [
                0,
                9,
                0
            ],
            "faces": {
                "north": {
                    "texture": "#lowerbody",
                    "uv": [
                        1.5,
                        12.5,
                        5.5,
                        21.5
                    ]
                },
                "east": {
                    "texture": "#lowerbody",
                    "uv": [
                        12.5,
                        12.5,
                        15.5,
                        21.5
                    ]
                },
                "south": {
                    "texture": "#lowerbody",
                    "uv": [
                        8.5,
                        12.5,
                        12.5,
                        21.5
                    ],
                    "windMode": [
                        -1,
                        -1,
                        -1,
                        -1
                    ]
                },
                "west": {
                    "texture": "#lowerbody",
                    "uv": [
                        5.5,
                        12.5,
                        8.5,
                        21.5
                    ]
                },
                "up": {
                    "texture": "#lowerbody",
                    "uv": [
                        5.5,
                        8.5,
                        8.5,
                        12.5
                    ],
                    "rotation": 90,
                    "windMode": [
                        -1,
                        -1,
                        -1,
                        -1
                    ],
                    "windData": [
                        1,
                        1,
                        1,
                        1
                    ]
                },
                "down": {
                    "texture": "#lowerbody",
                    "uv": [
                        5.5,
                        21.5,
                        8.5,
                        25.5
                    ],
                    "rotation": 90,
                    "windMode": [
                        -1,
                        -1,
                        -1,
                        -1
                    ]
                }
            }
        },
        {
            "name": "upper foot L",
            "stepParentName": "UpperFootL",
            "from": [
                -0.01,
                -0.01,
                -0.01
            ],
            "to": [
                4.21,
                9.01,
                3.21
            ],
            "unwrapMode": 4,
            "uv": [
                16.5,
                8.5
            ],
            "rotationOrigin": [
                0,
                9,
                3
            ],
            "faces": {
                "north": {
                    "texture": "#lowerbody",
                    "uv": [
                        16.5,
                        12.5,
                        20.5,
                        21.5
                    ]
                },
                "east": {
                    "texture": "#lowerbody",
                    "uv": [
                        27.5,
                        12.5,
                        30.5,
                        21.5
                    ]
                },
                "south": {
                    "texture": "#lowerbody",
                    "uv": [
                        23.5,
                        12.5,
                        27.5,
                        21.5
                    ]
                },
                "west": {
                    "texture": "#lowerbody",
                    "uv": [
                        20.5,
                        12.5,
                        23.5,
                        21.5
                    ]
                },
                "up": {
                    "texture": "#lowerbody",
                    "uv": [
                        20.5,
                        8.5,
                        23.5,
                        12.5
                    ],
                    "rotation": 90,
                    "windMode": [
                        -1,
                        -1,
                        -1,
                        -1
                    ],
                    "windData": [
                        1,
                        1,
                        1,
                        1
                    ]
                },
                "down": {
                    "texture": "#lowerbody",
                    "uv": [
                        20.5,
                        21.5,
                        23.5,
                        25.5
                    ],
                    "rotation": 90,
                    "windMode": [
                        -1,
                        -1,
                        -1,
                        -1
                    ]
                }
            }
        },
        {
            "name": "lower foot R",
            "stepParentName": "LowerFootR",
            "from": [
                -0.01,
                -0.01,
                -0.01
            ],
            "to": [
                4.01,
                10.01,
                3.01
            ],
            "unwrapMode": 4,
            "uv": [
                1.5,
                21.5
            ],
            "rotationOrigin": [
                0,
                0,
                -0.1
            ],
            "faces": {
                "north": {
                    "texture": "#lowerbody",
                    "uv": [
                        1.5,
                        25.5,
                        5.5,
                        35.5
                    ]
                },
                "east": {
                    "texture": "#lowerbody",
                    "uv": [
                        12.5,
                        25.5,
                        15.5,
                        35.5
                    ]
                },
                "south": {
                    "texture": "#lowerbody",
                    "uv": [
                        8.5,
                        25.5,
                        12.5,
                        35.5
                    ]
                },
                "west": {
                    "texture": "#lowerbody",
                    "uv": [
                        5.5,
                        25.5,
                        8.5,
                        35.5
                    ]
                },
                "up": {
                    "texture": "#lowerbody",
                    "uv": [
                        5.5,
                        21.5,
                        8.5,
                        25.5
                    ],
                    "rotation": 90,
                    "windMode": [
                        -1,
                        -1,
                        -1,
                        -1
                    ]
                }
            }
        },
        {
            "name": "lower foot L",
            "stepParentName": "LowerFootL",
            "from": [
                -0.01,
                -0.01,
                -0.01
            ],
            "to": [
                4.01,
                10.01,
                3.01
            ],
            "unwrapMode": 4,
            "uv": [
                16.5,
                21.5
            ],
            "faces": {
                "north": {
                    "texture": "#lowerbody",
                    "uv": [
                        16.5,
                        25.5,
                        20.5,
                        35.5
                    ]
                },
                "east": {
                    "texture": "#lowerbody",
                    "uv": [
                        27.5,
                        25.5,
                        30.5,
                        35.5
                    ]
                },
                "south": {
                    "texture": "#lowerbody",
                    "uv": [
                        23.5,
                        25.5,
                        27.5,
                        35.5
                    ]
                },
                "west": {
                    "texture": "#lowerbody",
                    "uv": [
                        20.5,
                        25.5,
                        23.5,
                        35.5
                    ]
                },
                "up": {
                    "texture": "#lowerbody",
                    "uv": [
                        20.5,
                        21.5,
                        23.5,
                        25.5
                    ],
                    "rotation": 90,
                    "windMode": [
                        -1,
                        -1,
                        -1,
                        -1
                    ]
                }
            }
        },
        {
            "name": "SuspenderLFrontUpper",
            "stepParentName": "UpperTorso",
            "from": [
                -0.01,
                -0.01,
                4.6
            ],
            "to": [
                0.19,
                5.01,
                5.6
            ],
            "unwrapMode": 4,
            "unwrapRotation": 1,
            "uv": [
                9.5,
                23.5
            ],
            "rotationOrigin": [
                0,
                0,
                4.6
            ],
            "faces": {
                "north": {
                    "texture": "#lowerbody",
                    "uv": [
                        10,
                        25,
                        15,
                        25.5
                    ],
                    "rotation": 90
                },
                "east": {
                    "texture": "#lowerbody",
                    "uv": [
                        15.5,
                        24,
                        20.5,
                        25
                    ],
                    "rotation": 270
                },
                "south": {
                    "texture": "#lowerbody",
                    "uv": [
                        10,
                        23.5,
                        15,
                        24
                    ],
                    "rotation": 90
                },
                "west": {
                    "texture": "#lowerbody",
                    "uv": [
                        10,
                        24,
                        15,
                        25
                    ],
                    "rotation": 90
                },
                "up": {
                    "texture": "#lowerbody",
                    "uv": [
                        9.5,
                        24,
                        10,
                        25
                    ],
                    "rotation": 180
                },
                "down": {
                    "texture": "#lowerbody",
                    "uv": [
                        15,
                        24,
                        15.5,
                        25
                    ],
                    "rotation": 180
                }
            },
            "children": [
                {
                    "name": "SuspenderLFrontUpper2",
                    "from": [
                        0.2,
                        4.82,
                        0
                    ],
                    "to": [
                        4.82,
                        5.02,
                        1
                    ],
                    "unwrapMode": 5,
                    "uv": [
                        10,
                        23.5
                    ],
                    "rotationOrigin": [
                        0.21,
                        4.8,
                        0
                    ],
                    "faces": {
                        "north": {
                            "texture": "#lowerbody",
                            "uv": [
                                10.5,
                                23.5,
                                15,
                                24
                            ],
                            "rotation": 180
                        },
                        "east": {
                            "texture": "#lowerbody",
                            "uv": [
                                15,
                                24,
                                15.5,
                                25
                            ],
                            "rotation": 90
                        },
                        "south": {
                            "texture": "#lowerbody",
                            "uv": [
                                10.5,
                                25,
                                15,
                                25.5
                            ]
                        },
                        "west": {
                            "texture": "#lowerbody",
                            "uv": [
                                10,
                                24,
                                10.5,
                                25
                            ],
                            "rotation": 270
                        },
                        "up": {
                            "texture": "#lowerbody",
                            "uv": [
                                10.5,
                                24,
                                15,
                                25
                            ]
                        },
                        "down": {
                            "texture": "#lowerbody",
                            "uv": [
                                15.5,
                                24,
                                20,
                                25
                            ]
                        }
                    }
                },
                {
                    "name": "SuspenderLFrontUpper3",
                    "from": [
                        4.82,
                        0,
                        0
                    ],
                    "to": [
                        5.02,
                        5.02,
                        1
                    ],
                    "unwrapMode": 4,
                    "unwrapRotation": 1,
                    "uv": [
                        9.5,
                        23.5
                    ],
                    "rotationOrigin": [
                        4.81,
                        0,
                        0
                    ],
                    "faces": {
                        "north": {
                            "texture": "#lowerbody",
                            "uv": [
                                10,
                                25,
                                15,
                                25.5
                            ],
                            "rotation": 90
                        },
                        "east": {
                            "texture": "#lowerbody",
                            "uv": [
                                15.5,
                                24,
                                20.5,
                                25
                            ],
                            "rotation": 270
                        },
                        "south": {
                            "texture": "#lowerbody",
                            "uv": [
                                10,
                                23.5,
                                15,
                                24
                            ],
                            "rotation": 90
                        },
                        "west": {
                            "texture": "#lowerbody",
                            "uv": [
                                10,
                                24,
                                15,
                                25
                            ],
                            "rotation": 90
                        },
                        "up": {
                            "texture": "#lowerbody",
                            "uv": [
                                9.5,
                                24,
                                10,
                                25
                            ],
                            "rotation": 180
                        },
                        "down": {
                            "texture": "#lowerbody",
                            "uv": [
                                15,
                                24,
                                15.5,
                                25
                            ],
                            "rotation": 180
                        }
                    }
                },
                {
                    "name": "SuspenderLFrontUpper4",
                    "from": [
                        0,
                        0,
                        -4
                    ],
                    "to": [
                        0.2,
                        5.02,
                        -3
                    ],
                    "unwrapMode": 4,
                    "unwrapRotation": 1,
                    "uv": [
                        8.5,
                        21.5
                    ],
                    "rotationOrigin": [
                        0.01,
                        0,
                        -4
                    ],
                    "faces": {
                        "north": {
                            "texture": "#lowerbody",
                            "uv": [
                                9,
                                23,
                                14,
                                23.5
                            ],
                            "rotation": 90
                        },
                        "east": {
                            "texture": "#lowerbody",
                            "uv": [
                                14.5,
                                22,
                                19.5,
                                23
                            ],
                            "rotation": 270
                        },
                        "south": {
                            "texture": "#lowerbody",
                            "uv": [
                                9,
                                21.5,
                                14,
                                22
                            ],
                            "rotation": 90
                        },
                        "west": {
                            "texture": "#lowerbody",
                            "uv": [
                                9,
                                22,
                                14,
                                23
                            ],
                            "rotation": 90
                        },
                        "up": {
                            "texture": "#lowerbody",
                            "uv": [
                                8.5,
                                22,
                                9,
                                23
                            ],
                            "rotation": 180
                        },
                        "down": {
                            "texture": "#lowerbody",
                            "uv": [
                                14,
                                22,
                                14.5,
                                23
                            ],
                            "rotation": 180
                        }
                    },
                    "children": [
                        {
                            "name": "SuspenderLFrontUpper5",
                            "from": [
                                0.2,
                                4.82,
                                0
                            ],
                            "to": [
                                4.82,
                                5.02,
                                1
                            ],
                            "unwrapMode": 5,
                            "uv": [
                                10.5,
                                21.5
                            ],
                            "rotationOrigin": [
                                0.21,
                                4.8,
                                0
                            ],
                            "faces": {
                                "north": {
                                    "texture": "#lowerbody",
                                    "uv": [
                                        11,
                                        21.5,
                                        15.5,
                                        22
                                    ],
                                    "rotation": 180
                                },
                                "east": {
                                    "texture": "#lowerbody",
                                    "uv": [
                                        15.5,
                                        22,
                                        16,
                                        23
                                    ],
                                    "rotation": 90
                                },
                                "south": {
                                    "texture": "#lowerbody",
                                    "uv": [
                                        11,
                                        23,
                                        15.5,
                                        23.5
                                    ]
                                },
                                "west": {
                                    "texture": "#lowerbody",
                                    "uv": [
                                        10.5,
                                        22,
                                        11,
                                        23
                                    ],
                                    "rotation": 270
                                },
                                "up": {
                                    "texture": "#lowerbody",
                                    "uv": [
                                        11,
                                        22,
                                        15.5,
                                        23
                                    ]
                                },
                                "down": {
                                    "texture": "#lowerbody",
                                    "uv": [
                                        16,
                                        22,
                                        20.5,
                                        23
                                    ]
                                }
                            }
                        },
                        {
                            "name": "SuspenderLFrontUpper6",
                            "from": [
                                4.82,
                                0,
                                0
                            ],
                            "to": [
                                5.02,
                                5.02,
                                1
                            ],
                            "unwrapMode": 4,
                            "unwrapRotation": 1,
                            "uv": [
                                9,
                                21.5
                            ],
                            "rotationOrigin": [
                                4.81,
                                0,
                                0
                            ],
                            "faces": {
                                "north": {
                                    "texture": "#lowerbody",
                                    "uv": [
                                        9.5,
                                        23,
                                        14.5,
                                        23.5
                                    ],
                                    "rotation": 90
                                },
                                "east": {
                                    "texture": "#lowerbody",
                                    "uv": [
                                        15,
                                        22,
                                        20,
                                        23
                                    ],
                                    "rotation": 270
                                },
                                "south": {
                                    "texture": "#lowerbody",
                                    "uv": [
                                        9.5,
                                        21.5,
                                        14.5,
                                        22
                                    ],
                                    "rotation": 90
                                },
                                "west": {
                                    "texture": "#lowerbody",
                                    "uv": [
                                        9.5,
                                        22,
                                        14.5,
                                        23
                                    ],
                                    "rotation": 90
                                },
                                "up": {
                                    "texture": "#lowerbody",
                                    "uv": [
                                        9,
                                        22,
                                        9.5,
                                        23
                                    ],
                                    "rotation": 180
                                },
                                "down": {
                                    "texture": "#lowerbody",
                                    "uv": [
                                        14.5,
                                        22,
                                        15,
                                        23
                                    ],
                                    "rotation": 180
                                }
                            }
                        }
                    ]
                }
            ]
        }
    ],
    "animations": [
        {
            "name": "Walk",
            "code": "walk",
            "quantityframes": 25,
            "onActivityStopped": "Rewind",
            "onAnimationEnd": "Repeat",
            "keyframes": []
        }
    ]
}