{
    "editor": {
        "backDropShape": "entity/humanoid/kobold",
        "allAngles": true,
        "entityTextureMode": true
    },
    "textureWidth": 32,
    "textureHeight": 36,
    "textureSizes": {
        "lowerbody": [
            32,
            36
        ]
    },
    "textures": {
        "lowerbody": "entity/humanoid/seraphclothes/lowerbody/king"
    },
    "elements": [
        {
            "name": "LowertorsoWparented",
            "stepParentName": "LowerTorso",
            "from": [
                -0.01,
                -0.05,
                -0.01
            ],
            "to": [
                0.49,
                4.95,
                6.01
            ],
            "unwrapMode": 4,
            "autoUnwrap": false,
            "uv": [
                12.9,
                0.5
            ],
            "rotationOrigin": [
                -0.01,
                3.5,
                -0.05
            ],
            "faces": {
                "north": {
                    "texture": "#lowerbody",
                    "uv": [
                        13,
                        1,
                        13.5,
                        6
                    ],
                    "windMode": [
                        -1,
                        -1,
                        -1,
                        -1
                    ],
                    "windData": [
                        0,
                        1,
                        1,
                        0
                    ]
                },
                "east": {
                    "texture": "#lowerbody",
                    "uv": [
                        9.5,
                        7,
                        15.5,
                        12
                    ]
                },
                "south": {
                    "texture": "#lowerbody",
                    "uv": [
                        19.5,
                        1,
                        20,
                        6
                    ]
                },
                "west": {
                    "texture": "#lowerbody",
                    "uv": [
                        13.5,
                        1,
                        19.5,
                        6
                    ]
                },
                "up": {
                    "texture": "#lowerbody",
                    "uv": [
                        13.5,
                        0.5,
                        19.5,
                        1
                    ],
                    "rotation": 90
                }
            },
            "children": [
                {
                    "name": "LowertorsoN",
                    "from": [
                        0.5,
                        0,
                        0
                    ],
                    "to": [
                        4.52,
                        5,
                        0.5
                    ],
                    "unwrapMode": 1,
                    "autoUnwrap": false,
                    "uv": [
                        9,
                        0.5
                    ],
                    "rotationOrigin": [
                        0.5,
                        3.55,
                        0
                    ],
                    "faces": {
                        "north": {
                            "texture": "#lowerbody",
                            "uv": [
                                9,
                                1,
                                13,
                                6
                            ]
                        },
                        "south": {
                            "texture": "#lowerbody",
                            "uv": [
                                10.5,
                                7,
                                14.5,
                                12
                            ]
                        },
                        "up": {
                            "texture": "#lowerbody",
                            "uv": [
                                9,
                                0.5,
                                13,
                                1
                            ],
                            "rotation": 180
                        }
                    }
                },
                {
                    "name": "LowertorsoS",
                    "from": [
                        0.5,
                        0,
                        5.52
                    ],
                    "to": [
                        4.52,
                        5,
                        6.02
                    ],
                    "unwrapMode": 1,
                    "autoUnwrap": false,
                    "uv": [
                        20,
                        0.5
                    ],
                    "rotationOrigin": [
                        0.5,
                        5,
                        5.5
                    ],
                    "faces": {
                        "north": {
                            "texture": "#lowerbody",
                            "uv": [
                                15.5,
                                7,
                                19.5,
                                12
                            ]
                        },
                        "south": {
                            "texture": "#lowerbody",
                            "uv": [
                                20,
                                1,
                                24,
                                6
                            ]
                        },
                        "up": {
                            "texture": "#lowerbody",
                            "uv": [
                                20,
                                0.5,
                                24,
                                1
                            ],
                            "rotation": 180
                        }
                    }
                },
                {
                    "name": "LowertorsoE",
                    "from": [
                        4.52,
                        0,
                        0
                    ],
                    "to": [
                        5.02,
                        5,
                        6.1
                    ],
                    "unwrapMode": 2,
                    "autoUnwrap": false,
                    "uv": [
                        23.9,
                        0.5
                    ],
                    "rotationOrigin": [
                        4.52,
                        5,
                        0
                    ],
                    "faces": {
                        "north": {
                            "texture": "#lowerbody",
                            "uv": [
                                30.5,
                                1,
                                31,
                                6
                            ]
                        },
                        "east": {
                            "texture": "#lowerbody",
                            "uv": [
                                24.5,
                                1,
                                30.5,
                                6
                            ]
                        },
                        "south": {
                            "texture": "#lowerbody",
                            "uv": [
                                24,
                                1,
                                24.5,
                                6
                            ]
                        },
                        "west": {
                            "texture": "#lowerbody",
                            "uv": [
                                13.5,
                                7,
                                19.5,
                                12
                            ]
                        },
                        "up": {
                            "texture": "#lowerbody",
                            "uv": [
                                24.5,
                                0.5,
                                30.5,
                                1
                            ],
                            "rotation": 270
                        }
                    }
                },
                {
                    "name": "LowertorsoD",
                    "from": [
                        0,
                        0,
                        0
                    ],
                    "to": [
                        5.1,
                        4,
                        6.1
                    ],
                    "unwrapMode": 6,
                    "unwrapRotation": 1,
                    "autoUnwrap": false,
                    "uv": [
                        1.5,
                        1
                    ],
                    "faces": {
                        "down": {
                            "texture": "#lowerbody",
                            "uv": [
                                1.5,
                                1,
                                7.5,
                                6
                            ],
                            "rotation": 90
                        }
                    }
                }
            ]
        },
        {
            "name": "upper foot R",
            "stepParentName": "UpperFootR",
            "from": [
                -0.01,
                -0.01,
                -0.01
            ],
            "to": [
                4.21,
                9.01,
                3.21
            ],
            "unwrapMode": 4,
            "uv": [
                1.5,
                8.5
            ],
            "rotationOrigin": [
                0,
                9,
                0
            ],
            "faces": {
                "north": {
                    "texture": "#lowerbody",
                    "uv": [
                        1.5,
                        12.5,
                        5.5,
                        21.5
                    ]
                },
                "east": {
                    "texture": "#lowerbody",
                    "uv": [
                        12.5,
                        12.5,
                        15.5,
                        21.5
                    ]
                },
                "south": {
                    "texture": "#lowerbody",
                    "uv": [
                        8.5,
                        12.5,
                        12.5,
                        21.5
                    ],
                    "windMode": [
                        -1,
                        -1,
                        -1,
                        -1
                    ]
                },
                "west": {
                    "texture": "#lowerbody",
                    "uv": [
                        5.5,
                        12.5,
                        8.5,
                        21.5
                    ]
                },
                "up": {
                    "texture": "#lowerbody",
                    "uv": [
                        5.5,
                        8.5,
                        8.5,
                        12.5
                    ],
                    "rotation": 90
                },
                "down": {
                    "texture": "#lowerbody",
                    "uv": [
                        5.5,
                        21.5,
                        8.5,
                        25.5
                    ],
                    "rotation": 90,
                    "windMode": [
                        -1,
                        -1,
                        -1,
                        -1
                    ]
                }
            }
        },
        {
            "name": "upper foot L",
            "stepParentName": "UpperFootL",
            "from": [
                -0.01,
                -0.01,
                -0.01
            ],
            "to": [
                4.21,
                9.01,
                3.21
            ],
            "unwrapMode": 4,
            "uv": [
                16.5,
                8.5
            ],
            "rotationOrigin": [
                0,
                9,
                3
            ],
            "faces": {
                "north": {
                    "texture": "#lowerbody",
                    "uv": [
                        16.5,
                        12.5,
                        20.5,
                        21.5
                    ]
                },
                "east": {
                    "texture": "#lowerbody",
                    "uv": [
                        27.5,
                        12.5,
                        30.5,
                        21.5
                    ]
                },
                "south": {
                    "texture": "#lowerbody",
                    "uv": [
                        23.5,
                        12.5,
                        27.5,
                        21.5
                    ]
                },
                "west": {
                    "texture": "#lowerbody",
                    "uv": [
                        20.5,
                        12.5,
                        23.5,
                        21.5
                    ]
                },
                "up": {
                    "texture": "#lowerbody",
                    "uv": [
                        20.5,
                        8.5,
                        23.5,
                        12.5
                    ],
                    "rotation": 90,
                    "windMode": [
                        -1,
                        -1,
                        -1,
                        -1
                    ],
                    "windData": [
                        1,
                        1,
                        1,
                        1
                    ]
                },
                "down": {
                    "texture": "#lowerbody",
                    "uv": [
                        20.5,
                        21.5,
                        23.5,
                        25.5
                    ],
                    "rotation": 90,
                    "windMode": [
                        -1,
                        -1,
                        -1,
                        -1
                    ]
                }
            }
        },
        {
            "name": "lower foot R",
            "stepParentName": "LowerFootR",
            "from": [
                -0.01,
                2.5,
                -0.01
            ],
            "to": [
                4.01,
                10.01,
                3.01
            ],
            "unwrapMode": 4,
            "uv": [
                1.5,
                21.5
            ],
            "rotationOrigin": [
                0,
                2.5,
                -0.1
            ],
            "faces": {
                "north": {
                    "texture": "#lowerbody",
                    "uv": [
                        1.5,
                        25.5,
                        5.5,
                        33
                    ]
                },
                "east": {
                    "texture": "#lowerbody",
                    "uv": [
                        12.5,
                        25.5,
                        15.5,
                        33
                    ]
                },
                "south": {
                    "texture": "#lowerbody",
                    "uv": [
                        8.5,
                        25.5,
                        12.5,
                        33
                    ]
                },
                "west": {
                    "texture": "#lowerbody",
                    "uv": [
                        5.5,
                        25.5,
                        8.5,
                        33
                    ]
                },
                "up": {
                    "texture": "#lowerbody",
                    "uv": [
                        5.5,
                        21.5,
                        8.5,
                        25.5
                    ],
                    "rotation": 90,
                    "windMode": [
                        -1,
                        -1,
                        -1,
                        -1
                    ]
                }
            }
        },
        {
            "name": "lower foot L",
            "stepParentName": "LowerFootL",
            "from": [
                -0.01,
                2.5,
                -0.01
            ],
            "to": [
                4.01,
                10.01,
                3.01
            ],
            "unwrapMode": 4,
            "uv": [
                16.5,
                21.5
            ],
            "rotationOrigin": [
                0,
                2.5,
                0
            ],
            "faces": {
                "north": {
                    "texture": "#lowerbody",
                    "uv": [
                        16.5,
                        25.5,
                        20.5,
                        33
                    ]
                },
                "east": {
                    "texture": "#lowerbody",
                    "uv": [
                        27.5,
                        25.5,
                        30.5,
                        33
                    ]
                },
                "south": {
                    "texture": "#lowerbody",
                    "uv": [
                        23.5,
                        25.5,
                        27.5,
                        33
                    ]
                },
                "west": {
                    "texture": "#lowerbody",
                    "uv": [
                        20.5,
                        25.5,
                        23.5,
                        33
                    ]
                },
                "up": {
                    "texture": "#lowerbody",
                    "uv": [
                        20.5,
                        21.5,
                        23.5,
                        25.5
                    ],
                    "rotation": 90,
                    "windMode": [
                        -1,
                        -1,
                        -1,
                        -1
                    ]
                }
            }
        },
        {
            "name": "UppertorsoWparented",
            "stepParentName": "UpperTorso",
            "from": [
                -0.01,
                -0.05,
                -0.01
            ],
            "to": [
                0.49,
                0.95,
                6.21
            ],
            "unwrapMode": 4,
            "autoUnwrap": false,
            "uv": [
                13,
                0
            ],
            "rotationOrigin": [
                -0.01,
                -0.05,
                -0.01
            ],
            "faces": {
                "north": {
                    "texture": "#lowerbody",
                    "uv": [
                        13,
                        0.5,
                        13.5,
                        1.5
                    ]
                },
                "east": {
                    "texture": "#lowerbody",
                    "uv": [
                        9.5,
                        7,
                        15.5,
                        8
                    ]
                },
                "south": {
                    "texture": "#lowerbody",
                    "uv": [
                        19.5,
                        0.5,
                        20,
                        1.5
                    ]
                },
                "west": {
                    "texture": "#lowerbody",
                    "uv": [
                        13.5,
                        0.5,
                        19.5,
                        1.5
                    ]
                },
                "up": {
                    "texture": "#lowerbody",
                    "uv": [
                        13.5,
                        0,
                        19.5,
                        0.5
                    ],
                    "rotation": 90
                },
                "down": {
                    "texture": "#lowerbody",
                    "uv": [
                        13.5,
                        1.5,
                        19.5,
                        2
                    ],
                    "rotation": 90
                }
            },
            "children": [
                {
                    "name": "UppertorsoE",
                    "from": [
                        4.52,
                        0,
                        0
                    ],
                    "to": [
                        5.02,
                        1,
                        6.3
                    ],
                    "unwrapMode": 2,
                    "autoUnwrap": false,
                    "uv": [
                        24,
                        0
                    ],
                    "rotationOrigin": [
                        4.5,
                        0,
                        0
                    ],
                    "faces": {
                        "north": {
                            "texture": "#lowerbody",
                            "uv": [
                                30.5,
                                0.5,
                                31,
                                1.5
                            ]
                        },
                        "east": {
                            "texture": "#lowerbody",
                            "uv": [
                                24.5,
                                0.5,
                                30.5,
                                1.5
                            ]
                        },
                        "south": {
                            "texture": "#lowerbody",
                            "uv": [
                                24,
                                0.5,
                                24.5,
                                1.5
                            ]
                        },
                        "west": {
                            "texture": "#lowerbody",
                            "uv": [
                                13.5,
                                7,
                                19.5,
                                8
                            ]
                        },
                        "up": {
                            "texture": "#lowerbody",
                            "uv": [
                                24.5,
                                0,
                                30.5,
                                0.5
                            ],
                            "rotation": 270
                        },
                        "down": {
                            "texture": "#lowerbody",
                            "uv": [
                                24.5,
                                1.5,
                                30.5,
                                2
                            ],
                            "rotation": 270
                        }
                    }
                },
                {
                    "name": "UppertorsoN",
                    "from": [
                        0.5,
                        0,
                        0
                    ],
                    "to": [
                        4.52,
                        1,
                        0.5
                    ],
                    "unwrapMode": 1,
                    "autoUnwrap": false,
                    "uv": [
                        9,
                        0
                    ],
                    "rotationOrigin": [
                        0.5,
                        0,
                        0
                    ],
                    "faces": {
                        "north": {
                            "texture": "#lowerbody",
                            "uv": [
                                9,
                                0.5,
                                13,
                                1.5
                            ]
                        },
                        "south": {
                            "texture": "#lowerbody",
                            "uv": [
                                11.5,
                                7,
                                15.5,
                                8
                            ]
                        },
                        "up": {
                            "texture": "#lowerbody",
                            "uv": [
                                9,
                                0,
                                13,
                                0.5
                            ],
                            "rotation": 180
                        },
                        "down": {
                            "texture": "#lowerbody",
                            "uv": [
                                9,
                                1.5,
                                13,
                                2
                            ],
                            "windMode": [
                                -1,
                                -1,
                                -1,
                                -1
                            ]
                        }
                    }
                },
                {
                    "name": "UppertorsoS",
                    "from": [
                        0.5,
                        0,
                        5.72
                    ],
                    "to": [
                        4.52,
                        1,
                        6.22
                    ],
                    "unwrapMode": 3,
                    "autoUnwrap": false,
                    "uv": [
                        20,
                        0
                    ],
                    "rotationOrigin": [
                        0.5,
                        0,
                        5.7
                    ],
                    "faces": {
                        "north": {
                            "texture": "#lowerbody",
                            "uv": [
                                13,
                                7,
                                17,
                                8
                            ]
                        },
                        "south": {
                            "texture": "#lowerbody",
                            "uv": [
                                20,
                                0.5,
                                24,
                                1.5
                            ]
                        },
                        "up": {
                            "texture": "#lowerbody",
                            "uv": [
                                20,
                                0,
                                24,
                                0.5
                            ]
                        },
                        "down": {
                            "texture": "#lowerbody",
                            "uv": [
                                20,
                                1.5,
                                24,
                                2
                            ],
                            "rotation": 180
                        }
                    }
                }
            ]
        }
    ],
    "animations": [
        {
            "name": "Walk",
            "code": "walk",
            "quantityframes": 25,
            "onActivityStopped": "Rewind",
            "onAnimationEnd": "Repeat",
            "keyframes": []
        }
    ]
}