{
   "code":"elf-normal",
   "class":"EntityVillager",
   "canClimb":true,
   "hitboxSize":{
      "x":0.6,
      "y":1.75
   },
   "deadHitboxSize":{
      "x":0.75,
      "y":0.5
   },
   "__comment":"To spawn in creative: /entity spawn elf-normal 1",
   "attributes":{
      "creatureDiet":{
         "foodCategories":[
            "Grain",
            "Fruit",
            "Vegetable",
            "Protein"
         ]
      },
      "voiceSoundsByType":{
         "*":[
            "sounds/voice/duduk/",
            "sounds/voice/harp/",
            "sounds/voice/oboe/",
            "sounds/voice/ocarina/",
            "sounds/voice/trumpet/",
            "sounds/voice/tuba/",
            "sounds/voice/altoflute/",
            "sounds/voice/harp/",
            "sounds/voice/oboe/"
         ]
      },
      "personalityByType":{
         "*":"balanced"
      },
      "personalities":{
         "balanced":{
            "chordDelayMul":1.3,
            "pitchModifier":0.7,
            "volumneModifier":1.1
         }
      },
      "shouldSwivelFromMotion":false,
      "outfitConfigFileNameByType":{
         "*":"commonacc"
      },
      "partialRandomOutfitsByType":{
         "*":{
            "skin-face":[
				{"code": "skin-face-blacksmith"},
				{"code": "skin-face-guard"},
				{"code": "skin-face-innkeeper2"},
				{"code": "skin-face-normal1"},
				{"code": "skin-face-normal2"},
				{"code": "skin-face-normal3"},
				{"code": "skin-face-normal4"},
				{"code": "skin-face-normal5"},
				{"code": "skin-face-normal6"},
				{"code": "skin-face-normal7"},
				{"code": "skin-face-oldman1"},
				{"code": "skin-face-oldman2"},
				{"code": "skin-face-oldman3"},
				{"code": "skin-face-young1"},
				{"code": "skin-face-young2"},
				{"code": "skin-face-young3"},
				{"code": "skin-face-young4"},
				{"code": "aged1"},
            ],
			"common-skin":[
         {"code": "common-skin-1"},
{"code": "common-skin-2"},
{"code": "common-skin-3"},
{"code": "common-skin-4"},
{"code": "common-skin-6"},
{"code": "common-skin-7"},
{"code": "common-skin-8"},
{"code": "common-skin-9"},
{"code": "common-skin-10"},
{"code": "common-skin-11"},
{"code": "common-skin-12"},
{"code": "common-skin-13"},
{"code": "common-skin-14"},
{"code": "common-skin-15"},
{"code": "common-skin-16"},
{"code": "common-skin-17"},
{"code": "common-skin-18"},
{"code": "common-skin-19"},
{"code": "common-skin-20"},
{"code": "common-skin-21"},
{"code": "common-skin-22"},
{"code": "common-skin-23"},
{"code": "common-skin-24"},
{"code": "common-skin-25"},
{"code": "common-skin-26"},
{"code": "common-skin-27"},
{"code": "common-skin-28"},
{"code": "common-skin-29"},
{"code": "common-skin-30"},
{"code": "common-skin-31"},
{"code": "common-skin-32"},
{"code": "common-skin-33"},
{"code": "common-skin-34"},
{"code": "common-skin-35"},
{"code": "common-skin-36"},
{"code": "common-skin-37"},
{"code": "common-skin-38"},
{"code": "common-skin-39"},
{"code": "common-skin-40"},
{"code": "common-skin-41"},
{"code": "common-skin-42"},
{"code": "common-skin-43"},
{"code": "common-skin-44"},
{"code": "common-skin-45"},
{"code": "common-skin-46"},
{"code": "common-skin-47"},
{"code": "common-skin-48"},
{"code": "common-skin-49"},
{"code": "fantasy-skin-1"},
{"code": "fantasy-skin-2"},
{"code": "fantasy-skin-3"},
{"code": "fantasy-skin-4"},
{"code": "fantasy-skin-5"},
{"code": "fantasy-skin-6"},
{"code": "fantasy-skin-7"},
{"code": "fantasy-skin-8"},
{"code": "fantasy-skin-9"},
{"code": "fantasy-skin-10"},
{"code": "fantasy-skin-11"},
{"code": "fantasy-skin-12"},
{"code": "fantasy-skin-13"},
{"code": "fantasy-skin-14"},
{"code": "fantasy-skin-15"},
{"code": "fantasy-skin-16"},
{"code": "fantasy-skin-17"},
{"code": "fantasy-skin-18"},
{"code": "fantasy-skin-19"},
{"code": "fantasy-skin-20"},
{"code": "fantasy-skin-21"},
{"code": "fantasy-skin-22"},
{"code": "fantasy-skin-23"},      
            ],
			"faceextra":[
               
            ],
            "scar":[
               
            ],
			"ears":[
{"code": "ears-elf"},
            ],
			"tatoo":[
               
            ],
            "hair-base":[
               {"code": "hair-00"},
{"code": "hair-01"},
{"code": "hair-02"},
{"code": "hair-03"},
{"code": "hair-04"},
{"code": "hair-05"},
{"code": "hair-06"},
{"code": "hair-07"},
{"code": "hair-08"},
{"code": "hair-09"},
{"code": "hair-10"},
{"code": "hair-11"},
{"code": "hair-12"},
{"code": "hair-13"},
{"code": "hair-14"},
{"code": "hair-15"},
{"code": "hair-16"},
{"code": "hair-17"},
{"code": "hair-18"},
{"code": "hair-19"},
{"code": "hair-20"},
{"code": "hair-21"},
{"code": "hair-22"},
{"code": "hair-23"},
{"code": "hair-bald-horseshoe"},
{"code": "hair-bald-iroquis"},
{"code": "hair-bald-none"},
{"code": "hair-bald-tonsure"},
{"code": "hair-bald-topknot"},
{"code": "hair-long-braid1"},
{"code": "hair-long-braid2"},
{"code": "hair-long-combed"},
{"code": "hair-long-dreads"},
{"code": "hair-long-dreads2"},
{"code": "hair-long-loose"},
{"code": "hair-long-strands"},
{"code": "hair-medium-afro"},
{"code": "hair-medium-basic"},
{"code": "hair-medium-layered"},
{"code": "hair-medium-pigtails"},
{"code": "hair-medium-ponytail"},
{"code": "hair-medium-snood"},
{"code": "hair-medium-spiky"},
{"code": "hair-short-bangs"},
{"code": "hair-short-braidedup"},
{"code": "hair-short-indigenousbalding"},
{"code": "hair-short-sidebraids1"},
{"code": "hair-short-sidebuns"},
{"code": "hair-short-sideshave"},
{"code": "hair-short-topbun"},
{"code": "hair-short-trimmed"},
            ],
			"hair-base2":[
               
            ],
            "hair-base3":[
               
            ],
			"common-beard":[

            ],
            "common-mustache":[

            ],
			"haircolor":[
{"code": "cordovan1"},
{"code": "cordovan2"},
{"code": "darkpurple1"},
{"code": "darkpurple2"},
{"code": "ecru1"},
{"code": "eerieblack1"},
{"code": "eerieblack2"},
{"code": "harvestgold1"},
{"code": "harvestgold2"},
{"code": "heliotropegray1"},
{"code": "heliotropegray2"},
{"code": "indigodye1"},
{"code": "indigodye2"},
{"code": "lightgray1"},
{"code": "liver1"},
{"code": "mossgreen1"},
{"code": "mossgreen2"},
{"code": "oldburgundy1"},
{"code": "oldburgundy2"},
{"code": "palatinatepurple1"},
{"code": "palatinatepurple2"},
{"code": "queenblue1"},
{"code": "queenblue2"},
{"code": "rosewood1"},
{"code": "russet1"},
{"code": "sanddune1"},
{"code": "seagreen1"},
{"code": "seagreen2"},
{"code": "silverchalice1"},
{"code": "slategray1"},
{"code": "steelblue1"},
{"code": "steelblue2"},
{"code": "wheat1"},
{"code": "wintergreendream2"},
{"code": "wintergreendream1"},
               
            ],
            "common-arm":[
         {"code": "common-arm-armlet-teeth"},
{"code": "common-arm-barber-armlet"},
{"code": "common-arm-barber-pouch"},
{"code": "common-arm-bronze-armlet"},
{"code": "common-arm-bronze-lapis-bracelet"},
{"code": "common-arm-copper-armlet"},
{"code": "common-arm-copper-lapis-bracelet"},
{"code": "common-arm-coral-bracelet"},
{"code": "common-arm-gem-studded-bracelet"},
{"code": "common-arm-guard-armlet"},
{"code": "common-arm-guard-bracers"},
{"code": "common-arm-japamala"},
{"code": "common-arm-large-silver-bracelets"},
{"code": "common-arm-leather-bracers"},
{"code": "common-arm-long-gem-studded-bracelet"},
{"code": "common-arm-merchant-bracelet"},
{"code": "common-arm-musician-bangles"},
{"code": "common-arm-musician-bracelet"},
{"code": "common-arm-peasant-bracer"},
{"code": "common-arm-peasant-bracers"},
{"code": "common-arm-prisoner-binds"},
{"code": "common-arm-rosary"},
{"code": "common-arm-rusty-wrist-manacles"},
{"code": "common-arm-seashell-bracelet"},
{"code": "common-arm-seashell-bracelet1"},
{"code": "common-arm-silver-bracelet"},
{"code": "common-arm-silver-chain"},
{"code": "common-arm-squire-bracers"},
{"code": "common-arm-tailor-needlepuff"},      
            ],
			"common-face":[
               {"code": "common-face-blacksmith"},
{"code": "common-face-cat"},
{"code": "common-face-corroded"},
{"code": "common-face-crow"},
{"code": "common-face-festivecat"},
{"code": "common-face-forgotten"},
{"code": "common-face-fullmask"},
{"code": "common-face-fullmask1"},
{"code": "common-face-grain"},
{"code": "common-face-hummingbird"},
{"code": "common-face-malefactor-mask"},
{"code": "common-face-marketier"},
{"code": "common-face-mask"},
{"code": "common-face-miner"},
{"code": "common-face-rottenking"},
{"code": "common-face-rotwalker"},
{"code": "common-face-sheepskull"},
{"code": "common-face-surgeon"},
            ],
            "common-foot":[
               {"code": "common-foot-alchemist"},
{"code": "common-foot-aristocrat-shoes"},
{"code": "common-foot-barber"},
{"code": "common-foot-beekeeper"},
{"code": "common-foot-blackguard-shoes"},
{"code": "common-foot-blacksmith"},
{"code": "common-foot-clockmaker-shoes"},
{"code": "common-foot-commoner-boots"},
{"code": "common-foot-fisher"},
{"code": "common-foot-forgotten"},
{"code": "common-foot-forlorn-shoes"},
{"code": "common-foot-fur-lined-reindeer-herder-shoes"},
{"code": "common-foot-great-steppe-boots"},
{"code": "common-foot-guard"},
{"code": "common-foot-high-heel-boots"},
{"code": "common-foot-high-leather-boots"},
{"code": "common-foot-hunter"},
{"code": "common-foot-hunter-boots"},
{"code": "common-foot-innkeeper"},
{"code": "common-foot-jailor-boots"},
{"code": "common-foot-king"},
{"code": "common-foot-knee-high-fur-boots"},
{"code": "common-foot-lackey-shoes"},
{"code": "common-foot-malefactor-boots"},
{"code": "common-foot-marketier"},
{"code": "common-foot-merchant-shoes"},
{"code": "common-foot-messenger-shoes"},
{"code": "common-foot-metalcap-boots"},
{"code": "common-foot-miner"},
{"code": "common-foot-minstrel-boots"},
{"code": "common-foot-musician"},
{"code": "common-foot-noble-shoes"},
{"code": "common-foot-nomad-boots"},
{"code": "common-foot-peasant-slippers"},
{"code": "common-foot-peasant1"},
{"code": "common-foot-peasant2"},
{"code": "common-foot-prince-boots"},
{"code": "common-foot-prisoner-binds"},
{"code": "common-foot-rottenking"},
{"code": "common-foot-rotwalker"},
{"code": "common-foot-scribe"},
{"code": "common-foot-shepherd"},
{"code": "common-foot-shepherd-sandals"},
{"code": "common-foot-soldier-boots"},
{"code": "common-foot-squire-boots"},
{"code": "common-foot-surgeon"},
{"code": "common-foot-survivor"},
{"code": "common-foot-tailor"},
{"code": "common-foot-tailor-shoes"},
{"code": "common-foot-temptress-velvet-shoes"},
{"code": "common-foot-winter1"},
{"code": "common-foot-winter2"},
{"code": "common-foot-wool-lined-knee-high-boots"},
{"code": "common-foot-worn-leather-boots"},
            ],
			"common-hand":[
               {"code": "common-hand-alchemist"},
{"code": "common-hand-barber"},
{"code": "common-hand-beekeeper"},
{"code": "common-hand-blacksmith"},
{"code": "common-hand-clockmaker-wristguard"},
{"code": "common-hand-commoner-gloves"},
{"code": "common-hand-deep"},
{"code": "common-hand-fisher"},
{"code": "common-hand-forgotten"},
{"code": "common-hand-forlorn-bracer"},
{"code": "common-hand-fur-gloves"},
{"code": "common-hand-gloves"},
{"code": "common-hand-heavy-leather-gloves"},
{"code": "common-hand-hunter-gloves"},
{"code": "common-hand-king"},
{"code": "common-hand-laced-handsome-gloves"},
{"code": "common-hand-lackey-gloves"},
{"code": "common-hand-malefactor-gloves"},
{"code": "common-hand-miner"},
{"code": "common-hand-miner-clean"},
{"code": "common-hand-minstrel-gloves"},
{"code": "common-hand-noble-riding-gloves"},
{"code": "common-hand-peasant1"},
{"code": "common-hand-peasant2"},
{"code": "common-hand-prince-gloves"},
{"code": "common-hand-rottenking"},
{"code": "common-hand-shepherd"},
{"code": "common-hand-surgeon"},
{"code": "common-hand-survivor"},
{"code": "common-hand-tailor-gloves"},
{"code": "common-hand-winter1"},
{"code": "common-hand-winter2"},
            ],
            "common-head":[
              {"code": "common-head-alchemist"},
{"code": "common-head-bamboo-conehat"},
{"code": "common-head-bamboo-conehat-large"},
{"code": "common-head-barber"},
{"code": "common-head-beekeeper"},
{"code": "common-head-blacksmith"},
{"code": "common-head-crown"},
{"code": "common-head-embroidered-coif"},
{"code": "common-head-fancy-head-dress"},
{"code": "common-head-fisher"},
{"code": "common-head-fortune-tellers-scarf"},
{"code": "common-head-gem-encrusted-fur-hat"},
{"code": "common-head-gold-coronet"},
{"code": "common-head-guard"},
{"code": "common-head-hunter"},
{"code": "common-head-hunter-cape"},
{"code": "common-head-innkeeper"},
{"code": "common-head-jailors-hat"},
{"code": "common-head-lackey-hat"},
{"code": "common-head-marketier"},
{"code": "common-head-merchant-hat"},
{"code": "common-head-messengers-hat"},
{"code": "common-head-mianguan"},
{"code": "common-head-miner"},
{"code": "common-head-minstrel-hat"},
{"code": "common-head-musician"},
{"code": "common-head-noble-fillet"},
{"code": "common-head-peasant-head-scarf"},
{"code": "common-head-peasant1"},
{"code": "common-head-peasant2"},
{"code": "common-head-roll-hat"},
{"code": "common-head-rottenking"},
{"code": "common-head-rotwalker"},
{"code": "common-head-shepherd"},
{"code": "common-head-shepherds-cowl"},
{"code": "common-head-squire-hood"},
{"code": "common-head-straw"},
{"code": "common-head-straw-conehat"},
{"code": "common-head-straw-hat"},
{"code": "common-head-surgeon"},
{"code": "common-head-tailor"},
{"code": "common-head-tophat"},
{"code": "common-head-winter1"},
{"code": "common-head-winter2"}, 
            ],
			"common-lowerbody":[
               {"code": "common-lowerbody-clockmaker-pants-clockmaker-pants"},
{"code": "common-lowerbody-king-king"},
{"code": "common-lowerbody-king-rottenking"},
{"code": "common-lowerbody-male-fisher-fisher"},
{"code": "common-lowerbody-pants-alchemist"},
{"code": "common-lowerbody-pants-alchemist1"},
{"code": "common-lowerbody-pants-aristocrat-leggings"},
{"code": "common-lowerbody-pants-barber"},
{"code": "common-lowerbody-pants-beekeeper"},
{"code": "common-lowerbody-pants-blackguard-leggings"},
{"code": "common-lowerbody-pants-blacksmith"},
{"code": "common-lowerbody-pants-chateau-pants"},
{"code": "common-lowerbody-pants-commoner-trousers"},
{"code": "common-lowerbody-pants-deep"},
{"code": "common-lowerbody-pants-dirty-linen-trousers"},
{"code": "common-lowerbody-pants-fine-trousers"},
{"code": "common-lowerbody-pants-forgotten"},
{"code": "common-lowerbody-pants-forlorn-pants"},
{"code": "common-lowerbody-pants-guard"},
{"code": "common-lowerbody-pants-homespun-pants"},
{"code": "common-lowerbody-pants-hunter"},
{"code": "common-lowerbody-pants-hunter-leggings"},
{"code": "common-lowerbody-pants-innkeeper"},
{"code": "common-lowerbody-pants-jailor-pants"},
{"code": "common-lowerbody-pants-lackey-breeches"},
{"code": "common-lowerbody-pants-malefactor-trousers"},
{"code": "common-lowerbody-pants-marketeer"},
{"code": "common-lowerbody-pants-merchant-pants"},
{"code": "common-lowerbody-pants-messenger-trousers"},
{"code": "common-lowerbody-pants-miner"},
{"code": "common-lowerbody-pants-miner1"},
{"code": "common-lowerbody-pants-miner-clean"},
{"code": "common-lowerbody-pants-minstrel-pants"},
{"code": "common-lowerbody-pants-musician"},
{"code": "common-lowerbody-pants-noble-pants"},
{"code": "common-lowerbody-pants-nomad-trousers"},
{"code": "common-lowerbody-pants-pastoral-pants"},
{"code": "common-lowerbody-pants-peasant1"},
{"code": "common-lowerbody-pants-peasant2"},
{"code": "common-lowerbody-pants-peasant3"},
{"code": "common-lowerbody-pants-prince-breeches"},
{"code": "common-lowerbody-pants-raw-hide-trousers"},
{"code": "common-lowerbody-pants-reindeer-herder-trousers"},
{"code": "common-lowerbody-pants-rotwalker"},
{"code": "common-lowerbody-pants-scribe"},
{"code": "common-lowerbody-pants-shepherd"},
{"code": "common-lowerbody-pants-shepherd-pants"},
{"code": "common-lowerbody-pants-squire-pants"},
{"code": "common-lowerbody-pants-surgeon"},
{"code": "common-lowerbody-pants-survivor"},
{"code": "common-lowerbody-pants-tailor"},
{"code": "common-lowerbody-pants-tailor-trousers"},
{"code": "common-lowerbody-pants-tattered-peasent-gown"},
{"code": "common-lowerbody-pants-torn-riding-pants"},
{"code": "common-lowerbody-pants-warm-woolen-pants"},
{"code": "common-lowerbody-pants-winter1"},
{"code": "common-lowerbody-pants-winter2"},
{"code": "common-lowerbody-pants-woolen-leggings"},
{"code": "common-lowerbody-pants-workmans-gown"},
{"code": "common-lowerbody-skirt-peasant-skirt1"},
{"code": "common-lowerbody-skirt-peasant-skirt2"},
{"code": "common-lowerbody-skirt-peasant-skirt3"},
{"code": "common-lowerbody-skirt-skirt"},
            ],
			"common-neck":[
               {"code": "common-neck-acacia-amulet"},
{"code": "common-neck-acorn-amulet"},
{"code": "common-neck-bamboo-seed-amulet"},
{"code": "common-neck-birch-amulet"},
{"code": "common-neck-cattail-root-amulet"},
{"code": "common-neck-copper-lapis-necklace"},
{"code": "common-neck-cross"},
{"code": "common-neck-cypress-seed-amulet"},
{"code": "common-neck-ebony-amulet"},
{"code": "common-neck-fancy-cross"},
{"code": "common-neck-feather-amulet"},
{"code": "common-neck-flint-amulet"},
{"code": "common-neck-forlorn-talisman"},
{"code": "common-neck-fur-shawl"},
{"code": "common-neck-gear-amulet-gold"},
{"code": "common-neck-gear-amulet-rusty"},
{"code": "common-neck-gear-amulet-temporal"},
{"code": "common-neck-gear-awl"},
{"code": "common-neck-gem-amulet"},
{"code": "common-neck-gem-amulet2"},
{"code": "common-neck-gem-amulet3"},
{"code": "common-neck-gem-amulet4"},
{"code": "common-neck-gem-amulet5"},
{"code": "common-neck-gem-amulet6"},
{"code": "common-neck-gem-amulet7"},
{"code": "common-neck-gem-amulet8"},
{"code": "common-neck-gorget"},
{"code": "common-neck-gorget-vulture"},
{"code": "common-neck-jade-amulet"},
{"code": "common-neck-japamala"},
{"code": "common-neck-kapok-amulet"},
{"code": "common-neck-lapis-necklace"},
{"code": "common-neck-lapis-necklace1"},
{"code": "common-neck-larch-seed-amulet"},
{"code": "common-neck-locket"},
{"code": "common-neck-maple-amulet"},
{"code": "common-neck-maple-red-amulet"},
{"code": "common-neck-maple-red-amulet1"},
{"code": "common-neck-marketier"},
{"code": "common-neck-medallion1"},
{"code": "common-neck-metal-necklace1"},
{"code": "common-neck-metal-necklace2"},
{"code": "common-neck-metal-necklace3"},
{"code": "common-neck-nazar1"},
{"code": "common-neck-nazar2"},
{"code": "common-neck-nazar3"},
{"code": "common-neck-necklace-coral"},
{"code": "common-neck-necklace-musician"},
{"code": "common-neck-necklace-seashell"},
{"code": "common-neck-necklace-seashells"},
{"code": "common-neck-necklace-teeth"},
{"code": "common-neck-papyrus-root-amulet"},
{"code": "common-neck-pearl-necklace"},
{"code": "common-neck-pilory"},
{"code": "common-neck-pinecone-amulet"},
{"code": "common-neck-purpleheart-amulet"},
{"code": "common-neck-redwood-amulet"},
{"code": "common-neck-shield"},
{"code": "common-neck-simple-cross"},
{"code": "common-neck-teardrop-amulet"},
{"code": "common-neck-torc1"},
{"code": "common-neck-tule-root-amulet"},
{"code": "common-neck-walnut-amulet"},
            ],
			"common-shoulder":[
               {"code": "common-shoulder-male-barber-apron-barber"},
{"code": "common-shoulder-male-blacksmith-apron-blacksmith"},
{"code": "common-shoulder-male-innkeeper-apron-innkeeper"},
{"code": "common-shoulder-male-longsleeve-hood-off-musician"},
{"code": "common-shoulder-male-longsleeve-hood-on-musician"},
{"code": "common-shoulder-male-longsleeve-hunter"},
{"code": "common-shoulder-male-longsleeve-shepherd"},
{"code": "common-shoulder-male-shortsleeve-fisher"},
{"code": "common-shoulder-male-shortsleeve-guard"},
{"code": "common-shoulder-male-shortsleeve-peasant1"},
{"code": "common-shoulder-male-shortsleeve-peasant2"},
{"code": "common-shoulder-male-shortsleeve-peasant3"},
{"code": "common-shoulder-male-shortsleeve-winter1"},
{"code": "common-shoulder-blacksmith-apron"},
{"code": "common-shoulder-clockmaker-apron"},
{"code": "common-shoulder-collar-cape-fancy"},
{"code": "common-shoulder-collar-cape-hood-fancy"},
{"code": "common-shoulder-collar-longsleeve-hood-fancy"},
{"code": "common-shoulder-collar-shortsleeve-fancy"},
{"code": "common-shoulder-longsleeve"},
{"code": "common-shoulder-longsleeve-hood"},
{"code": "common-shoulder-noble-fur-collar"},
{"code": "common-shoulder-sash-simple"},
{"code": "common-shoulder-scarf-fancy"},
{"code": "common-shoulder-scarf-simple"},
{"code": "common-shoulder-shortsleeve"},
{"code": "common-shoulder-shortsleeve-extended"},
{"code": "common-shoulder-cape"},
{"code": "common-shoulder-cape-hood"},
{"code": "common-shoulder-hunter-pancho"},
{"code": "common-shoulder-embroidered-collar"},
            ],
            "common-upperbody":[
			{"code": "common-upperbody-male-longsleeve-extended-alchemist"},
{"code": "common-upperbody-male-longsleeve-beekeeper"},
{"code": "common-upperbody-male-longsleeve-fisher"},
{"code": "common-upperbody-male-longsleeve-musician"},
{"code": "common-upperbody-male-longsleeve-shepherd"},
{"code": "common-upperbody-male-longsleeve-winter1"},
{"code": "common-upperbody-male-longsleeve-winter2"},
{"code": "common-upperbody-male-shortsleeve-barber"},
{"code": "common-upperbody-male-shortsleeve-blacksmith"},
{"code": "common-upperbody-male-shortsleeve-guard"},
{"code": "common-upperbody-male-shortsleeve-hunter"},
{"code": "common-upperbody-male-shortsleeve-innkeeper"},
{"code": "common-upperbody-male-shortsleeve-miner-clean"},
{"code": "common-upperbody-male-shortsleeve-miner"},
{"code": "common-upperbody-male-shortsleeve-peasant1"},
{"code": "common-upperbody-male-shortsleeve-peasant2"},
{"code": "common-upperbody-male-shortsleeve-peasant3"},
{"code": "common-upperbody-male-shortsleeve-peasant4"},
{"code": "common-upperbody-male-shortsleeve-tailor"},
{"code": "common-upperbody-longsleeve-lackey-shirt"},
{"code": "common-upperbody-longsleeve-merchant-shirt"},
{"code": "common-upperbody-longsleeve-messenger-shirt"},
{"code": "common-upperbody-longsleeve-scarlet-ornate-linen-tunic"},
{"code": "common-upperbody-longsleeve-hunter-shirt"},
{"code": "common-upperbody-longsleeve-reindeer-herder-collared-shirt"},
{"code": "common-upperbody-longsleeve-woolen-shirt"},
{"code": "common-upperbody-longsleeve-tailor-blouse"},
{"code": "common-upperbody-shortsleeve-clockmaker-shirt"},
{"code": "common-upperbody-shortsleeve-hunters-green"},
{"code": "common-upperbody-shortsleeve-homespun-shirt"},
{"code": "common-upperbody-shortsleeve-linen-tunic"},
{"code": "common-upperbody-shortsleeve-tattered-crimson-tunic"},
{"code": "common-upperbody-shortsleeve-commoner-shirt"},
{"code": "common-upperbody-shortsleeve-temptress-velvet-shirt"},
{"code": "common-upperbody-longsleeve-miner"},
{"code": "common-upperbody-longsleeve-miner"},
{"code": "common-upperbody-longsleeve-survivor"},
{"code": "common-upperbody-longsleeve-extended-surgeon"},
{"code": "common-upperbody-longsleeve-aristocrat-shirt"},
{"code": "common-upperbody-longsleeve-azure-embroidered-shirt"},
{"code": "common-upperbody-longsleeve-great-steppe-shirt"},
{"code": "common-upperbody-longsleeve-earth-toned-robe"},
{"code": "common-upperbody-longsleeve-jailor-tunic"},
{"code": "common-upperbody-longsleeve-minstrel-shirt"},
{"code": "common-upperbody-longsleeve-noble-shirt"},
{"code": "common-upperbody-longsleeve-pearl-shirt"},
{"code": "common-upperbody-longsleeve-peasent-shirt"},
{"code": "common-upperbody-longsleeve-prince-tunic"},
{"code": "common-upperbody-longsleeve-shepherd-tunic"},
{"code": "common-upperbody-longsleeve-squire-shirt"},
{"code": "common-upperbody-longsleeve-tattered-linen-shirt"},
{"code": "common-upperbody-longsleeve-blackguard-shirt"},
{"code": "common-upperbody-longsleeve-malefactor-shirt"},
{"code": "common-upperbody-longsleeve-forlorn-tunic"},
{"code": "common-upperbody-longsleeve-raw-hide-mantle"},
{"code": "common-upperbody-longsleeve-pastoral-shirt"},
{"code": "common-upperbody-longsleeve-chateau-blouse"},
{"code": "common-upperbody-longsleeve-marketeer"},
{"code": "common-upperbody-longsleeve-rottenking"},
{"code": "common-upperbody-longsleeve-king"},
{"code": "common-upperbody-longsleeve-alchemist"},
{"code": "common-upperbody-longsleeve-forgotten"},
{"code": "common-upperbody-longsleeve-deep"},
{"code": "common-upperbody-longsleeve-scribe"},
            ],
			"common-upperbodyover":[
{"code": "common-upperbodyover-male-capelet-alchemist"},
{"code": "common-upperbodyover-male-longsleeve-extended-beekeeper"},
{"code": "common-upperbodyover-male-longsleeve-extended-coat-verylong"},
{"code": "common-upperbodyover-male-longsleeve-extended-musician"},
{"code": "common-upperbodyover-male-longsleeve-coat-long"},
{"code": "common-upperbodyover-male-shortsleeve-coat-short"},
{"code": "common-upperbodyover-male-shortsleeve-miner"},
{"code": "common-upperbodyover-male-shortsleeve-miner-clean"},
{"code": "common-upperbodyover-male-shortsleeve-tailor"},
{"code": "common-upperbodyover-male-shortsleeve-winter1"},
{"code": "common-upperbodyover-male-shortsleeve-winter2"},
{"code": "common-upperbodyover-surgeon-apron-surgeon"},
{"code": "common-upperbodyover-longsleeve-cerise-embroidered-reindeer-herder-coat"},
{"code": "common-upperbodyover-longsleeve-nomad-mantle"},
{"code": "common-upperbodyover-longsleeve-travelers-earthrobe"},
{"code": "common-upperbodyover-longsleeve-reindeer-herder-fur-coat"},
{"code": "common-upperbodyover-longsleeve-warm-robe"},
{"code": "common-upperbodyover-longsleeve-hood-fur-coat"},
{"code": "common-upperbodyover-longsleeve-hood-forgotten"},
{"code": "common-upperbodyover-shortsleeve-commoner-coat"},
{"code": "common-upperbodyover-shortsleeve-tailor-jacket"},
{"code": "common-upperbodyover-shortsleeve-clockmaker-tunic"},
{"code": "common-upperbodyover-shortsleeve-cobalt-mantle"},
{"code": "common-upperbodyover-shortsleeve-hunter-coat"},
{"code": "common-upperbodyover-shortsleeve-great-steppe-mantle"},
{"code": "common-upperbodyover-shortsleeve-huntsmans-tunic"},
{"code": "common-upperbodyover-shortsleeve-malefactor-tunic"},
{"code": "common-upperbodyover-longsleeve-extended-marketeer"},
{"code": "common-upperbodyover-longsleeve-extended-rotwalker"},
{"code": "common-upperbodyover-longsleeve-king"},
{"code": "common-upperbodyover-longsleeve-miner"},
{"code": "common-upperbodyover-longsleeve-rottenking"},
{"code": "common-upperbodyover-longsleeve-spice-merchants-coat"},
            ],
			"common-waist":[
               {"code": "common-waist-alchemist"},
{"code": "common-waist-barber"},
{"code": "common-waist-beekeeper"},
{"code": "common-waist-fisher"},
{"code": "common-waist-guard"},
{"code": "common-waist-hunter"},
{"code": "common-waist-innkeeper"},
{"code": "common-waist-innkeeper-accessories"},
{"code": "common-waist-miner"},
{"code": "common-waist-miner-accessories"},
{"code": "common-waist-musician"},
{"code": "common-waist-peasant1"},
{"code": "common-waist-peasant2"},
{"code": "common-waist-shepherd"},
{"code": "common-waist-tailor"},
{"code": "common-waist-winter1"},
{"code": "common-waist-winter2"},
{"code": "common-waist-aristocrat-belt"},
{"code": "common-waist-cerise-embroidered-reindeer-herder-waistband"},
{"code": "common-waist-fancy-royal-belt"},
{"code": "common-waist-fortune-teller-hip-scarf"},
{"code": "common-waist-gold-waist-chain"},
{"code": "common-waist-heavy-belt"},
{"code": "common-waist-heavy-tool-belt"},
{"code": "common-waist-jailor-belt"},
{"code": "common-waist-linen-rope"},
{"code": "common-waist-merchant-belt"},
{"code": "common-waist-messenger-belt"},
{"code": "common-waist-moss-embroidered-belt"},
{"code": "common-waist-noble-sash"},
{"code": "common-waist-peasant-strap"},
{"code": "common-waist-prince-waistband"},
{"code": "common-waist-reindeer-herder-waistband"},
{"code": "common-waist-squire-belt"},
{"code": "common-waist-sturdy-belt"},
{"code": "common-waist-sturdy-leather-belt"},
{"code": "common-waist-blackguard-belt"},
{"code": "common-waist-clockmaker-belt"},
{"code": "common-waist-malefactor-sash"},
{"code": "common-waist-forlorn-belt"},
{"code": "common-waist-tailor-belt"},
{"code": "common-waist-marketeer"},
{"code": "common-waist-rottenking"},
{"code": "common-waist-king"},
{"code": "common-waist-miner"},
{"code": "common-waist-alchemist"},
{"code": "common-waist-scribe"},
{"code": "common-waist-jambiya-belt"},
            ],
			"heldr":[
			{"code":"nothing", "weight":20},
			{"code":"common-weapon-axe-scrap-scrap"},
			
			],
			
			"common-armor-head":[
],


"common-armor-body":[

],

"common-armor-legs":[

]

         }
      }
   },
   "client":{
      "renderer":"Shape",
      "size":1.15,
      "shapeByType":{
         "*":{
            "base":"entity/humanoid/elf"
         }
      },
      "behaviors":[
         {
            "code":"repulseagents"
         },
         {
            "code":"controlledphysics",
            "stepHeight":1.01
         },
         {
            "code":"interpolateposition"
         }
      ],
      "animations":[
         {
            "code":"die",
            "animation":"die",
            "animationSpeed":0.85,
            "weight":10,
            "blendMode":"Average",
            "triggeredBy":{
               "onControls":[
                  "dead"
               ]
            }
         },
         {
            "code":"walk",
            "animation":"walk",
            "blendMode":"Average",
            "easeOutSpeed":1
         },
         {
            "code":"run",
            "animation":"run",
            "animationSpeed":0.6,
            "mulWithWalkSpeed":true,
            "blendMode":"Average"
         },
         {
            "code":"melee-attack",
            "animation":"melee-attack",
            "weight":5,
            "blendMode":"AddAverage"
         },
         {
            "code":"idle",
            "animation":"idle",
            "animationSpeed":1,
            "blendMode":"Add"
         }
      ]
   },
   "server":{
      "attributes":{
         "pathfinder":{
            "minTurnAnglePerSec":720,
            "maxTurnAnglePerSec":1440
         }
      },
      "behaviors":[
         {
            "code":"villagerinventory"
         },
         {
            "code":"activitydriven",
            "activityCollectionPathByType":{
               "*":"npc"
            }
         },
         {
            "code":"repulseagents"
         },
         {
            "code":"controlledphysics",
            "stepHeight":1.0001
         },
         {
            "code":"despawn",
            "minPlayerDistance":8,
            "belowLightLevel":8,
            "minSeconds":300
         },
         {
            "code":"health",
            "currenthealth":15,
            "maxhealth":15
         },
         {
            "code":"deaddecay",
            "hoursToDecay":24,
            "decayedBlock":"carcass-medium"
         },
         {
            "code":"floatupwhenstuck",
            "onlyWhenDead":true
         },
         {
            "code":"harvestable",
            "drops":[
               {
                  "type":"item",
                  "code":"gear-rusty",
                  "quantity":{
                     "avg":0.07,
                     "var":0
                  }
               },
               {
                  "type":"item",
                  "code":"flaxfibers",
                  "quantity":{
                     "avg":0.5,
                     "var":0
                  }
               }
            ]
         },
         {
            "code":"emotionstates",
            "states":[
               {
                  "code":"aggressiveondamage",
                  "duration":15,
                  "chance":1.00,
                  "slot":0,
                  "priority":4.0,
                  "accumType":"noaccum",
                  "whenHealthRelBelow":0.75
               },
               {
                  "code":"fleeondamage",
                  "duration":15.0,
                  "chance":1.00,
                  "slot":0,
                  "priority":2.0,
                  "accumType":"max",
                  "whenHealthRelBelow":1.00
               },
               {
                  "code":"saturated",
                  "duration":300,
                  "chance":1,
                  "slot":0,
                  "priority":1,
                  "accumType":"sum"
               }
            ]
         },
         {
            "code":"taskai",
            "aitasks":[
               {
                  "code":"meleeattack",
                  "entityCodes":[
                     "player",
                     "drifter-*",
                     "wolf-male",
                     "wolf-female",
                     "hyena-male",
                     "hyena-female",
                     "locust-*",
                     "bear-*",
                     "kobold-*",
                     "orc-*",
                     "goblin-*",
                     "human-*",
                     "halfling-*"
                  ],
                  "priority":4.0,
                  "damage":3.5,
                  "damageTier":2,
                  "damageType":"SlashingAttack",
                  "slot":1,
                  "mincooldown":500,
                  "maxcooldown":1500,
                  "attackDurationMs":450,
                  "damagePlayerAtMs":300,
                  "animation":"melee-attack",
                  "animationSpeed":1.25
               },
               {
                  "code":"meleeattack",
                  "entityCodes":[
                     "chicken-*",
                     "hare-*",
                     "raccoon-*"
                  ],
                  "priority":1.6,
                  "damage":7,
                  "slot":1,
                  "mincooldown":1500,
                  "maxcooldown":1500,
                  "attackDurationMs":800,
                  "damagePlayerAtMs":500,
                  "animation":"melee-attack",
                  "animationSpeed":1,
                  "sound":"player/strike1",
                  "whenNotInEmotionState":"saturated"
               },
               {
                  "code":"seekentity",
                  "entityCodes":[
                     "player",
                     "drifter-*",
                     "wolf-male",
                     "wolf-female",
                     "hyena-male",
                     "hyena-female",
                     "locust-*",
                     "bear-*",
                     "kobold-*",
                     "orc-*",
                     "goblin-*",
                     "human-*",
                     "halfling-*"
                  ],
                  "priority":2.5,
                  "mincooldown":1000,
                  "maxcooldown":1500,
                  "seekingRange":22,
                  "movespeed":0.040,
                  "animation":"run",
                  "animationSpeed":1.0,
                  "maxFollowTime":60,
                  "alarmHerd":true,
                  "whenInEmotionState":"aggressiveondamage"
               },
               {
                  "code":"seekentity",
                  "entityCodes":[
                     "chicken-*",
                     "hare-*",
                     "raccoon-*"
                  ],
                  "priority":1.6,
                  "movespeed":0.05,
                  "animationSpeed":1.5,
                  "seekingRange":9,
                  "animation":"run",
                  "whenNotInEmotionState":"saturated"
               },
               {
                  "code":"getoutofwater",
                  "priority":2.2,
                  "movespeed":0.040,
                  "animation":"swim",
                  "animationSpeed":0.3
               },
               {
                  "code":"seekentity",
                  "entityCodes":[
                     "player",
                     "drifter-*",
                     "wolf-male",
                     "wolf-female",
                     "hyena-male",
                     "hyena-female",
                     "locust-*",
                     "bear-*",
                     "kobold-*",
                     "orc-*",
                     "goblin-*",
                     "human-*",
                     "halfling-*"
                  ],
                  "priority":1.5,
                  "priorityForCancel":2.5,
                  "mincooldown":1000,
                  "maxcooldown":1500,
                  "seekingRange":22,
                  "movespeed":0.040,
                  "animation":"run",
                  "animationSpeed":1.8,
                  "maxFollowTime":60,
                  "alarmHerd":true
               },
               {
                  "code":"seekentity",
                  "entityCodes":[
                     "player"
                  ],
                  "priority":3.0,
                  "seekingRange":8,
                  "movespeed":0.035,
                  "animation":"walk",
                  "animationSpeed":1.8,
                  "maxFollowTime":5.0,
                  "soundStartMs":950
               },
               {
                  "code":"idle",
                  "priority":0.7,
                  "minduration":5000,
                  "maxduration":30000,
                  "mincooldown":2000,
                  "maxcooldown":120000,
                  "priorityForCancel":1.33,
                  "animation":"SitIdle",
                  "whenNotInEmotionState":"aggressiveondamage",
                  "stopOnNearbyEntityCodes":[
                     "player",
                     "drifter-*",
                     "wolf-male",
                     "wolf-female",
                     "hyena-male",
                     "hyena-female",
                     "locust-*",
                     "bear-*",
                     "kobold-*",
                     "orc-*",
                     "goblin-*",
                     "human-*",
                     "halfling-*"
                  ],
                  "stopRange":5
               },
               {
                  "code":"wander",
                  "priority":0.8,
                  "priorityForCancel":1.0,
                  "movespeed":0.006,
                  "animation":"Walk",
                  "preferredLightLevel":20
               },
               {
                  "code":"fleeentity",
                  "entityCodes":[
                     "wolf-male",
                     "wolf-female",
                     "bear-*"
                  ],
                  "priority":4,
                  "movespeed":0.05,
                  "seekingRange":20,
                  "animation":"run",
                  "animationSpeed":1.5,
                  "whenInEmotionState":"fleeondamage"
               },
               {
                  "code":"fleeentity",
                  "entityCodes":[
                     "player"
                  ],
                  "priority":1.6,
                  "movespeed":0.05,
                  "seekingRange":20,
                  "animation":"run",
                  "animationSpeed":1.5,
                  "whenInEmotionState":"fleeondamage"
               },
               {
                  "code":"throwatentity",
                  "entityCodes":[
                     "player",
                     "drifter-*",
                     "wolf-male",
                     "wolf-female",
                     "hyena-male",
                     "hyena-female",
                     "locust-*",
                     "bear-*",
                     "kobold-*",
                     "orc-*",
                     "goblin-*",
                     "human-*",
                     "halfling-*"
                  ],
                  "priority":2.7,
                  "damage":2.5,
                  "priorityForCancel":9,
                  "mincooldown":1000,
                  "maxcooldown":5000,
                  "durationMs":400,
                  "releaseAtMs":300,
                  "seekingRange":15,
                  "animationSpeed":1.0,
                  "animation":"slingthrowgreek"
               },
               {
                  "code":"idle",
                  "priority":0.9,
                  "priorityForCancel":1.35,
                  "minduration":1500,
                  "maxduration":3000,
                  "mincooldown":9000,
                  "maxcooldown":20000,
                  "animation":"sneakidle",
                  "animationSpeed":1
               },
               {
                  "code":"seekfoodandeat",
                  "movespeed":0.015,
                  "priority":1.3,
                  "animationSpeed":1,
                  "eatTime":1,
                  "eatLooseItems":true,
                  "eatItemCategories":[
                     "Fruit"
                  ],
                  "animation":"walk",
                  "eatAnimation":"breakhand",
                  "eatAnimationLooseItems":"bowleat",
                  "mincooldownHours":1,
                  "maxcooldownHours":4
               },
               {
                  "code":"useinventory",
                  "animation":"bowleat",
                  "animationSpeed":1.3,
                  "priority":1.5,
                  "priorityForCancel":1.7,
                  "eatItemCategories":[
                     "Fruit"
                  ],
                  "sound":"player/eat",
                  "useTime":2,
                  "mincooldownHours":1,
                  "maxcooldownHours":1.5
               },
               {
                  "code":"lookaround",
                  "animation":"idle",
                  "minduration":4500,
                  "maxduration":6000,
                  "mincooldown":6000,
                  "maxcooldown":20000,
                  "priority":0.8
               }
            ]
         },
         {
            "code":"collectitems"
         },
         {
            "code":"mouthinventory",
            "acceptStacks":[
               {
                  "type":"item",
                  "code":"fruit-blueberry"
               },
               {
                  "type":"item",
                  "code":"fruit-cranberry"
               },
               {
                  "type":"item",
                  "code":"fruit-redcurrant"
               },
               {
                  "type":"item",
                  "code":"fruit-whitecurrant"
               },
               {
                  "type":"item",
                  "code":"fruit-blackcurrant"
               }
            ]
         }
      ],
      "spawnconditions":{
         "worldgen":{
            "TriesPerChunk":{
               "avg":0.08,
               "var":0
            },
            "tryOnlySurface":true,
            "minLightLevel":10,
            "groupSize":{
               "dist":"verynarrowgaussian",
               "avg":4,
               "var":4
            },
            "insideBlockCodes":[
               "air",
               "tallgrass-*",
               "snowlayer-1",
               "frostedtallgrass-*"
            ],
            "minTemp":-15,
            "maxTemp":30,
            "minRain":0.25,
            "minForest":0.25,
            "minShrubs":0.25,
            "maxForest":0.75,
            "maxShrubs":0.75
         },
         "runtime":{
            "group":"hostile",
            "tryOnlySurface":true,
            "chance":0.0006,
            "maxQuantity":4,
            "minLightLevel":10,
            "groupSize":{
               "dist":"verynarrowgaussian",
               "avg":4,
               "var":4
            },
            "insideBlockCodes":[
               "air",
               "tallgrass-*",
               "snowlayer-1",
               "frostedtallgrass-*"
            ],
            "minTemp":-15,
            "maxTemp":30,
            "minRain":0.25,
            "minForest":0.25,
            "minShrubs":0.25,
            "maxForest":0.75,
            "maxShrubs":0.75
         }
      }
   },
   "idleSoundChance":0.09,
   "idlesoundrange":14
}