{"GameVersion":"1.19.0-rc.4","SizeX":4,"SizeY":4,"SizeZ":5,"BlockCodes":{"2160":"game:cobblestoneslab-andesite-down-free","2258":"game:cobblestonestairs-andesite-up-north-free","2244":"game:cobblestone-andesite","323":"game:lootvessel-seed","324":"game:lootvessel-food","325":"game:lootvessel-forage","326":"game:lootvessel-ore","327":"game:lootvessel-tool","328":"game:lootvessel-farming","2743":"game:quartzpillar-ud","2076":"game:cobbleskull-andesite","211630":"game:randomizer-normal","2146":"game:cobblestoneslab-andesite-up-free"},"ItemCodes":{},"Indices":[1024,2048,3072,4096,1049600,1050624,1051648,2097152,2098176,2099200,1,1025,2049,3073,4097,1050625,1051649,2097153,2098177,2099201,3146753,2,1026,2050,3074,4098,1050626,1051650,2098178,2099202,1027,2051,3075,4099,1049603,1050627,1051651,2097155,2098179,2099203],"BlockIds":[2743,2076,2743,2258,2743,2076,2258,2244,2244,2258,211630,211630,2076,2244,2258,2076,211630,211630,2244,211630,211630,211630,211630,2076,2244,211630,2076,211630,2146,2258,2743,2076,2743,2258,2743,2076,211630,2244,2244,2258],"DecorIndices":[],"DecorIds":[],"BlockEntities":{"1":"!<d@[F*P7r!!!$&E,TfC&c_n3!<d@[F*\\c*!!!0/@VfsmCI<#NAJ&rkDId[&BmO?2/T,KID..5b$#+:#ASuU.Ed7ZiEH>r7FE7ch!!!3,F)5c:EsD_\"z!,r2D!!*'\"!!!6)0`V1R!!(FQ!!!$\"!!!!(!AXWT!!!#;#QOi*z!!!E4@q]:g@qB]gz!(]EV!2)RW!$FT.zzzzzzz","1025":"!<d@[F*P7r!!!$&E,TfC&c_n3!<d@[F*\\f+!!!0/@VfsmCI<#NAJ&rkDId[&BmO?2/T,KID..5b$#+:#ASuU.Ed7ZiEH>r7FE7ch!!!3,F)5c:EsD_\"z!(-be!!*'\"!!!6)0`V1R!!#Cf!!!$\"!!!!(!AXWT!!!!f!<<*#z#6?U\\z7KEJh!<<*\"!!`N]z!(R%i!!*'\"!!!6)2#mUV!!#Oj!!!$\"z!\"9*BBOPdgATJ1YzE'XI(E'XI(TKrPXE'XI(E'XI(TKrPXzzz!!!!","1051649":"!<d@[F*P7r!!!$&E,TfC'*&\"4!<d@[F*\\l-!!!0/@VfsmCI<#NAJ&rkDId[&BmO?2/T,KID..5b$#+:#ASuU.Ed7ZiEH>r7FE7ch!!!3,F)5c:EsD_\"z!,r2D!!*'\"!!!6)0`V1R!!(FQ!!!$\"!!!!(!AXWT!!!#;#QOi*z!!!E4@q]:g@qB]gz!(]EV!2)RW!$FT.zzzzzzz","2097153":"!<d@[F*P7r!!!$&E,TfC'EA+5!<d@[F*\\c*!!!0/@VfsmCI<#NAJ&rkDId[&BmO?2/T,KID..5b$#+:#ASuU.Ed7ZiEH>r7FE7ch!!!3,F)5c:EsD_\"z!,r2D!!*'\"!!!6)0`V1R!!(FQ!!!$\"!!!!(!AXWT!!!#;#QOi*z!!!E4@q]:g@qB]gz!(]EV!2)RW!$FT.zzzzzzz","2099201":"!<d@[F*P7r!!!$&E,TfC'EA+5!<d@[F*\\i,!!!0/@VfsmCI<#NAJ&rkDId[&BmO?2/T,KID..5b$#+:#ASuU.Ed7ZiEH>r7FE7ch!!!3,F)5c:EsD_\"z!,r2D!!*'\"!!!6)0`V1R!!(FQ!!!$\"!!!!(!AXWT!!!#;#QOi*z!!!E4@q]:g@qB]gz!(]EV!2)RW!$FT.zzzzzzz","3146753":"!<d@[F*P7r!!!$&E,TfC'`\\46!<d@[F*\\f+!!!0/@VfsmCI<#NAJ&rkDId[&BmO?2/T,KID..5b$#+:#ASuU.Ed7ZiEH>r7FE7ch!!!3,F)5c:EsD_\"z!,r2D!!*'\"!!!6)0`V1R!!(FQ!!!$\"!!!!(!AXWT!!!#;#QOi*z!!!E4@q]:g@qB]gz!(]EV!2)RW!$FT.zzzzzzz","2":"!<d@[F*P:s!!!$&E,TfC&c_n3!<d@[F*\\c*!!!0/@VfsmCI<#NAJ&rkDId[&BmO?2/T,KID..5b$#+:#ASuU.Ed7ZiEH>r7FE7ch!!!3,F)5c:EsD_\"z!,r2D!!*'\"!!!6)0`V1R!!(FQ!!!$\"!!!!(!AXWT!!!#;#QOi*z!!!E4@q]:g@qB]gz!(]EV!2)RW!$FT.zzzzzzz","1026":"!<d@[F*P:s!!!$&E,TfC&c_n3!<d@[F*\\f+!!!0/@VfsmCI<#NAJ&rkDId[&BmO?2/T,KID..5b$#+:#ASuU.Ed7ZiEH>r7FE7ch!!!3,F)5c:EsD_\"z!,r2D!!*'\"!!!6)0`V1R!!(FQ!!!$\"!!!!(!AXWT!!!#;#QOi*z!!!E4@q]:g@qB]gz!(]EV!2)RW!$FT.zzzzzzz","4098":"!<d@[F*P:s!!!$&E,TfC&c_n3!<d@[F*\\o.!!!0/@VfsmCI<#NAJ&rkDId[&BmO?2/T,KID..5b$#+:#ASuU.Ed7ZiEH>r7FE7ch!!!3,F)5c:EsD_\"z!,r2D!!*'\"!!!6)0`V1R!!(FQ!!!$\"!!!!(!AXWT!!!#;#QOi*z!!!E4@q]:g@qB]gz!(]EV!2)RW!$FT.zzzzzzz","1051650":"!<d@[F*P:s!!!$&E,TfC'*&\"4!<d@[F*\\l-!!!0/@VfsmCI<#NAJ&rkDId[&BmO?2/T,KID..5b$#+:#ASuU.Ed7ZiEH>r7FE7ch!!!3,F)5c:EsD_\"z!,r2D!!*'\"!!!6)0`V1R!!(FQ!!!$\"!!!!(!AXWT!!!#;#QOi*z!!!E4@q]:g@qB]gz!(]EV!2)RW!$FT.zzzzzzz","1051651":"!<d@[F*P=t!!!$&E,TfC'*&\"4!<d@[F*\\l-!!!0/@VfsmCI<#NAJ&rkDId[&BmO?2/T,KID..5b$#+:#ASuU.Ed7ZiEH>r7FE7ch!!!3,F)5c:EsD_\"z!,r2D!!*'\"!!!6)0`V1R!!(FQ!!!$\"!!!!(!AXWT!!!#;#QOi*z!!!E4@q]:g@qB]gz!(]EV!2)RW!$FT.zzzzzzz"},"Entities":[],"ReplaceMode":2,"EntranceRotation":-1}