{"GameVersion":"1.19.0-rc.4","SizeX":4,"SizeY":3,"SizeZ":4,"BlockCodes":{"323":"game:lootvessel-seed","324":"game:lootvessel-food","325":"game:lootvessel-forage","326":"game:lootvessel-ore","327":"game:lootvessel-tool","328":"game:lootvessel-farming","2005":"game:bonysoil","2253":"game:cobblestone-basalt","213970":"game:rocktyped-rubble-free","2169":"game:cobblestoneslab-basalt-down-free","2323":"game:cobblestonestairs-basalt-up-south-free","2085":"game:cobbleskull-basalt","211630":"game:randomizer-normal"},"ItemCodes":{},"Indices":[0,1024,2048,3072,1050624,1,1025,2049,3073,1048577,1049601,2097153,2,1026,2050,3074,1048578,2097154,3,1027,2051,3075,1048579,1049603,1050627,2097155],"BlockIds":[2005,2005,2253,2253,213970,2253,2005,2169,2323,2085,211630,2085,2253,2169,2253,2253,2085,213970,2085,2253,2253,2253,2085,2169,213970,2085],"DecorIndices":[],"DecorIds":[],"BlockEntities":{"1050624":"!<d@[F*OAY!!!$&E,TfC&c_n3!<d@[F*]57!!!0/@VfsmCI<#NAJK6(@r$13E+NQ3Ecki#Ch521Eb/ec\"E\\p.AJK6.@Ua.b/R`^6Cgh?=/Ri.0@;L#g#BFa)@<?'_z\":8pVF(djWB5D/?bEfmG#BFa)@<?'az#mk*[Ci!ZmFCet_!!","1049601":"!<d@[F*ODZ!!!$&E,TfC&c_n3!<d@[F*]26!!!0/@VfsmCI<#NAJ&rkDId[&BmO?2/T,KID..5b$#+:#ASuU.Ed7ZiEH>r7FE7ch!!!3,F)5c:EsD_\"z!(-be!!*'\"!!!6)0`V1R!!#Cf!!!$\"!!!!(!AXWT!!!!f!<<*#z#6?U\\z7KEJh!<<*\"!!`N]z!(R%i!!*'\"!!!6)2#mUV!!#Oj!!!$\"z!\"9*BBOPdgATJ1YzE'XI(E'XI(TKrPXE'XI(E'XI(TKrPXzzz!!!!","2097154":"!<d@[F*OG[!!!$&E,TfC'*&\"4!<d@[F*]/5!!!0/@VfsmCI<#NAJK6(@r$13E+NQ3Ecki#Ch521Eb/ec\"E\\p.AJK6.@Ua.b/R`^6Cgh?=/Ri.0@;L#g#BFa)@<?'_z\":8pVF(djWB5D/6%nXP>#BFa)@<?'az#mk*[Ci!ZmFCet_!!","1050627":"!<d@[F*OJ\\!!!$&E,TfC&c_n3!<d@[F*]57!!!0/@VfsmCI<#NAJK6(@r$13E+NQ3Ecki#Ch521Eb/ec\"E\\p.AJB0-@Ua.b/R`^6Cgh?=/TY`:FCbR[Ec6&.FCePS!!!!%$#O6pBL-NKCh3SH!!!-,Ec6&.FCeVU!!!!*$\"ImiCh7*uARkc@"},"Entities":[],"ReplaceMode":2,"EntranceRotation":-1}