{"GameVersion":"1.18.0-pre.3","SizeX":7,"SizeY":6,"SizeZ":6,"BlockCodes":{"5373":"game:genericwood","4860":"game:rock-chert","7096":"game:wagonwheels-solid-south","148":"game:chiseledblock","7088":"game:wagonwheels-solid-north","6324":"game:planks-oak-ns","42388":"game:planks-oak-ud","625":"game:leather","5555":"game:trapdoor-opened-up-west","6376":"game:plankslab-oak-west-free","6363":"game:plankslab-oak-south-free","6402":"game:plankslab-oak-down-free","6389":"game:plankslab-oak-up-free","42579":"game:clutter","5547":"game:trapdoor-opened-up-south","6337":"game:plankslab-oak-north-free","5280":"game:chest-east"},"ItemCodes":{"198":"game:stackrandomizer-gear","178":"game:stackrandomizer-cloth-mediumstatus"},"Indices":[0,1024,2048,3072,4096,5120,1049600,1050624,1051648,1052672,2098176,2099200,2100224,2101248,3146752,3147776,3148800,3149824,4195328,4198400,5243904,5244928,5245952,5246976,1025,2049,3073,4097,5121,1049601,1050625,1051649,1052673,2098177,2099201,2100225,2101249,3146753,3149825,2,1026,2050,3074,4098,1049602,1050626,1051650,1052674,2098178,2101250,3146754,3147778,3,1027,2051,3075,4099,5123,1049603,1050627,1051651,2098179,4,1028,2052,3076,4100,5124,1048580,5,1029,2053,4101,5125,6,2054,4102,5126],"BlockIds":[7096,148,148,148,148,7088,6324,6324,6324,6324,42388,625,625,42388,42388,5555,5555,42388,6376,6363,6402,6402,6324,6402,6389,6389,6389,6389,42579,6324,6324,6324,6324,625,42579,42579,625,42579,5547,42579,6389,6389,6389,6389,6324,6402,6402,6324,6324,6376,6324,42579,6363,6324,6324,6324,6337,6337,6324,42579,5280,42579,6324,6376,6402,6402,6324,42579,42579,6389,42579,42579,6389,42579,6389,42579,6402,42579],"DecorIndices":[],"DecorIds":[],"BlockEntities":{"1024":"!<d@[F*R!N!!!$&E,TfC&c_n3!<d@[F*_I!!!!0/@VfsmCI<#NAIW-_Bldj%ARo7dDe!Pj$Zg3(G@Pc)DeWa'!rr<$o%'E5p5iV]pR;*^$P@#lDfor.;f6Mt6ZljVBk28hz:f%,m(@V;*C@D31n5')mqX=Ipp5f7^$#O*mATDKnCi]XX!!)s3!!)p0!!!$*Ec6&.FD5Z2z$O:0a@W,skEsVgH!9.%O!Riue!45dt!MuZ^!OfG+!QL6$!6VaB!Sk_T!:8:/!=0$DD/\")jBk1d@DZKh<#RPQdA7\\\\XCh[D\\!!!98F(o/r6#:CVF*(?!Ch[D\\!!!0/@VfsmCJJ;TAJSoeD.Pb;Ci<g!/SAX4ATDKpGAhD1!!","2048":"!<d@[F*R!N!!!$&E,TfC&c_n3!<d@[F*_L\"!!!0/@VfsmCI<#NAIW-_Bldj%ARo7dDe!Pj$Zg3(G@Pc)DeWa'!<<*\"p5o:S$P@#lDfor.;f6Mt6ZljVBk28dz;\"+GlnF-Dc$#O*mATDKnCi]UW!!)s3!!!$*Ec6&.FD5Z2z$O:0a@W,skErc7@!61-#!!ipCD/\")jBk1d@DZKh<#RPQdA7\\\\XCh[D\\!!!98F(o/r6#:CVF*(?!Ch[D\\!!!0/@VfsmCJJ;TAJSoeD.Pb;Ci<g!/SAX4ATDKpGAhD1!!","3072":"!<d@[F*R!N!!!$&E,TfC&c_n3!<d@[F*_O#!!!0/@VfsmCI<#NAIW-_Bldj%ARo7dDe!Pj$Zg3(G@Pc)DeWa'!<<*\"p5o:S$P@#lDfor.;f6Mt6ZljVBk28dz;\"+GlnF-Dc$#O*mATDKnCi]UW!!)s3!!!$*Ec6&.FD5Z2z$O:0a@W,skErc7@!61-#!!ipCD/\")jBk1d@DZKh<#RPQdA7\\\\XCh[D\\!!!98F(o/r6#:CVF*(?!Ch[D\\!!!0/@VfsmCJJ;TAJSoeD.Pb;Ci<g!/SAX4ATDKpGAhD1!!","4096":"!<d@[F*R!N!!!$&E,TfC&c_n3!<d@[F*_R$!!!0/@VfsmCI<#NAIW-_Bldj%ARo7dDe!Pj$Zg3(G@Pc)DeWa'!rr<$o%'E5p5iV]pR;*^$P@#lDfor.;f6Mt6ZljVBk28hz:f%,m(@V;*C@D31n5')mqX=Ipp5f7^$#O*mATDKnCi]XX!!)s3!!)p0!!!$*Ec6&.FD5Z2z$O:0a@W,skEsVgH!9.%O!Riue!45dt!MuZ^!OfG+!QL6$!6VaB!Sk_T!:8:/!=0$DD/\")jBk1d@DZKh<#RPQdA7\\\\XCh[D\\!!!98F(o/r6#:CVF*(?!Ch[D\\!!!0/@VfsmCJJ;TAJSoeD.Pb;Ci<g!/SAX4ATDKpGAhD1!!","5121":"!<d@[F*R$O!!!$&E,TfC&c_n3!<d@[F*_U%!!!0/@VfsmCI<#NAHu^]F`__:EWlSfH#R='Ecki#Ch52BDf9/A\":&scFCB9&=9&=$!!EUFATMNNDJ*csz\":&scFCB9&=o\\O&!!rsADes6$@ru9m!!!","2099201":"!<d@[F*R$O!!!$&E,TfC'EA+5!<d@[F*_L\"!!!0/@VfsmCI<#NAHu^]F`__:EWlSfH#R=0@V'('@V'(%AmoReGqF&ZBl7Km0a%`%DffE0AQSp4!!!-.D.Rd%6#L=OA_Ra;56M43DffE0AQf'6!!!<3@rH1\"ARfgnA,lT","2100225":"!<d@[F*R$O!!!$&E,TfC'EA+5!<d@[F*_O#!!!0/@VfsmCI<#NAHu^]F`__:EWlSfH#R=0@V'('@V'(%AmoReGqF&ZBl7Km1'@i&DffE0AQSp4!!!-.D.Rd%6#L=OA_Ra;56M43DffE0AQf'6!!!<3@rH1\"ARfgnA,lT","3146753":"!<d@[F*R$O!!!$&E,TfC'`\\46!<d@[F*_I!!!!0/@VfsmCI<#NAHu^]F`__:EWlSfH#R='Ecki#Ch52BDf9/@\":&scFCB9&=9&=$!!EUFATMNNDJ*csi9`0_\":&scFCB9&=o\\O&!!rsADes6$@ru9m!!!","2":"!<d@[F*R'P!!!$&E,TfC&c_n3!<d@[F*_Eu!!!0/@VfsmCI<#NAHu^]F`__:EWlSfH#R='Ecki#Ch52BDf9/@\":&scFCB9&=9&=$!!EUFATMNNDJ*csjNA<(\":&scFCB9&=o\\O&!!rsADes6$@ru9m!!!","3147778":"!<d@[F*R'P!!!$&E,TfC'`\\46!<d@[F*_L\"!!!0/@VfsmCI<#NAHu^]F`__:EWlSfH#R=4F(f-$Ah@P6@:jUqDJ(P8DKBo?F_t]-F9DhhDffE0AQSp4!!!-.D.Rd%6#L=OAH2]1!!EOIDffE0AQf'6!!!<3@rH1\"ARfgnA,lT","1050627":"!<d@[F*R*Q!!!$&E,TfC'*&\"4!<d@[F*_L\"!!!0/@VfsmCI<#NAHu^]F`__:EWlSfH#R=3@rc\"\"AM7P6@<?'4D.R6lF_r^>Df9E4\":&scFCB9&=9&=$!!EUFATMNNDJ*csgCHk?\":&scFCB9&=o\\O&!!rsADes6$@ru9m!!!","1051651":"!<d@[F*R*Q!!!$&E,TfC'*&\"4!<d@[F*_O#!!!0/@VfsmCI<#NAI;p\\ATMrFARTY%\"po!]G%GQ5DfU+(#'\"^#Dfg%'!!!!'\"`nKuFE7Zf0`V4S!!(\"=!!!$\"!!!!(!Aa]V!!!#)!!!!\"z!!!02AoD]VCi<g!6Z6LH$=da\\F*'!F@<6Mo\"E\\p.AHldcCh.*p\":8pVF(djWB5D/6&'7$9","2098179":"!<d@[F*R*Q!!!$&E,TfC'EA+5!<d@[F*_I!!!!0/@VfsmCI<#NAHu^]F`__:EWlSfH#R=0E+s-\"/U),OA9Vs4CM@[!FDl)6Es)_gDffE0AQSp4!!!-.D.Rd%6#L=OA`V%#56M43DffE0AQf'6!!!<3@rH1\"ARfgnA,lT","5124":"!<d@[F*R-R!!!$&E,TfC&c_n3!<d@[F*_U%!!!0/@VfsmCI<#NAHu^]F`__:EWlSfH#R=\"@:EYTF`TAB#BFa)@<?'_z\":8pVF(djWB5D/6%nStg#BFa)@<?'az#mk*[Ci!ZmFCet_!!","1048580":"!<d@[F*R-R!!!$&E,TfC'*&\"4!<d@[F*_Eu!!!0/@VfsmCI<#NAHu^]F`__:EWlSfH#R=\"@:EYTF`T8?#BFa)@<?'_z\":8pVF(djWB5D,Z!!!!%#BFa)@<?'az#mk*[Ci!ZmFCet_!!","1029":"!<d@[F*R0S!!!$&E,TfC&c_n3!<d@[F*_I!!!!0/@VfsmCI<#NAHu^]F`__:EWlSfH#R=-@ps7cCh7[0F^fDD@WcQuBJK\\qEc6&.FCePS!!!!%$#O6pBL-NKCh;?3aZfn5Ec6&.FCeVU!!!!*$\"ImiCh7*uARkc@","2053":"!<d@[F*R0S!!!$&E,TfC&c_n3!<d@[F*_L\"!!!0/@VfsmCI<#NAHu^]F`__:EWlSfH#R='CggjbATBA2B4YU1\":&scFCB9&=9&=$!!EUFATMNNDJ*csgCMCj\":&scFCB9&=o\\O&!!rsADes6$@ru9m!!!","5125":"!<d@[F*R0S!!!$&E,TfC&c_n3!<d@[F*_U%!!!0/@VfsmCI<#NAHu^]F`__:EWlSfH#R='Ecki#Ch52BDf9/C\":&scFCB9&=9&=$!!EUFATMNNDJ*csz\":&scFCB9&=o\\O&!!rsADes6$@ru9m!!!","2054":"!<d@[F*R3T!!!$&E,TfC&c_n3!<d@[F*_L\"!!!0/@VfsmCI<#NAHu^]F`__:EWlSfH#R='Ecki#Ch52BDf9/C\":&scFCB9&=9&=$!!EUFATMNNDJ*csgCMCj\":&scFCB9&=o\\O&!!rsADes6$@ru9m!!!","5126":"!<d@[F*R3T!!!$&E,TfC&c_n3!<d@[F*_U%!!!0/@VfsmCI<#NAHu^]F`__:EWlSfH#R=%D.R3j/T>-=F>a7,Ec6&.FCePS!!!!%$#O6pBL-NKCh3SH!!!-,Ec6&.FCeVU!!!!*$\"ImiCh7*uARkc@"},"Entities":[],"ReplaceMode":2}