{"GameVersion":"1.19.0-rc.4","SizeX":5,"SizeY":7,"SizeZ":5,"BlockCodes":{"2245":"game:cobblestone-chalk","2077":"game:cobbleskull-chalk","2161":"game:cobblestoneslab-chalk-down-free","2259":"game:cobblestonestairs-chalk-up-north-free","2046":"game:soil-medium-none","211630":"game:randomizer-normal","2061":"game:soil-medium-normal","2287":"game:cobblestonestairs-chalk-up-east-free","2005":"game:bonysoil","42579":"game:clutter","7116":"game:meta-filler","2315":"game:cobblestonestairs-chalk-up-south-free","459":"game:storagevessel-ashforest","324":"game:lootvessel-food"},"ItemCodes":{"1310":"game:rot"},"Indices":[0,1024,2048,3072,4096,1048576,1049600,1050624,1051648,1052672,2097152,2098176,2099200,2100224,2101248,3145728,3146752,3147776,3148800,3149824,1,1025,2049,3073,4097,1048577,1049601,1050625,1051649,1052673,2097153,2098177,2099201,2100225,2101249,3145729,3146753,3147777,3148801,3149825,2,1026,2050,3074,4098,1048578,1049602,1050626,1051650,1052674,2097154,2098178,2099202,2100226,2101250,3145730,3146754,3147778,3148802,3149826,4194306,4197378,5242882,5245954,6291458,3,1027,2051,3075,4099,1048579,1049603,1050627,1051651,1052675,2097155,2098179,2099203,2100227,2101251,3145731,3146755,3147779,3148803,3149827,4195331,4,1028,2052,3076,4100,1048580,1049604,1050628,1051652,1052676,2097156,2098180,2099204,2100228,2101252,3145732,3146756,3147780,3148804,3149828],"BlockIds":[2046,2046,2046,2046,2046,2046,2046,2046,2046,2046,2046,2046,2046,2046,2046,211630,211630,2061,2061,2061,2046,2245,2245,2245,2046,2046,2245,2245,2245,2245,2046,2245,2245,2245,2046,2287,211630,211630,2287,2061,2245,2077,2005,2077,2046,2245,42579,7116,7116,2245,2245,7116,7116,7116,2245,2077,211630,2315,2245,2061,211630,211630,211630,211630,211630,2046,2005,2077,2005,2046,2245,459,7116,324,2245,2245,7116,7116,7116,2245,2061,211630,2259,211630,2061,42579,2046,2245,2245,2046,2046,2046,2245,2245,2245,2046,2046,2245,2245,2245,2046,2061,2061,211630,211630,2061],"DecorIndices":[],"DecorIds":[],"BlockEntities":{"3145728":"!<d@[F*NrM!!!$&E,TfC&HDe2!<d@[F*]/5!!!0/@VfsmCI<#NAJ&rkDId[&BmO?2/T,KID..5b$#+:#ASuU.Ed7ZiEH>r7FE7ch!!!3,F)5c:EsD_\"z!6#3D!!*'\"!!!6)0`V1R!!\"#F!!!$\"z!\"9*BBOPdgATJ1YzE'XI(E'XI(TKrPXE'XI(E'XI(TKrPXzzz!!!!","3146752":"!<d@[F*NrM!!!$&E,TfC&HDe2!<d@[F*]26!!!0/@VfsmCI<#NAJ&rkDId[&BmO?2/T,KID..5b$#+:#ASuU.Ed7ZiEH>r7FE7ch!!!3,F)5c:EsD_\"z!6#3D!!*'\"!!!6)0`V1R!!\"#F!!!$\"z!\"9*BBOPdgATJ1Yz84!:V84!:Vzzzzzzz!!!!","3146753":"!<d@[F*NuN!!!$&E,TfC&HDe2!<d@[F*]26!!!0/@VfsmCI<#NAJ&rkDId[&BmO?2/T,KID..5b$#+:#ASuU.Ed7ZiEH>r7FE7ch!!!3,F)5c:EsD_\"z!6#3D!!*'\"!!!6)0`V1R!!\"#F!!!$\"z!\"9*BBOPdgATJ1Yz84!:V84!:Vzzzzzzz!!!!","3147777":"!<d@[F*NuN!!!$&E,TfC&HDe2!<d@[F*]57!!!0/@VfsmCI<#NAJ&rkDId[&BmO?2/T,KID..5b$#+:#ASuU.Ed7ZiEH>r7FE7ch!!!3,F)5c:EsD_\"z!6#3D!!*'\"!!!6)0`V1R!!\"#F!!!$\"z!\"9*BBOPdgATJ1Yz84!:V84!:Vzzzzzzz!!!!","1049602":"!<d@[F*O#O!!!$&E,TfC%fcS0!<d@[F*]26!!!0/@VfsmCI<#NAHu^]F`__:EWlSfH#R=#FDl)6/SK'6\":&scFCB9&=9&=$!!EUFATMNNDJ*csgCME?\":&scFCB9&=o\\O&!!rsADes6$@ru9m!!!","3146754":"!<d@[F*O#O!!!$&E,TfC&HDe2!<d@[F*]26!!!0/@VfsmCI<#NAJ&rkDId[&BmO?2/T,KID..5b$#+:#ASuU.Ed7ZiEH>r7FE7ch!!!3,F)5c:EsD_\"z!-&8E!!*'\"!!!6)0`V1R!!(IR!!!$\"!!!!(!AXWT!!!!>#QOi*z#6?U\\z`<ZGD!<<*\"!!!!-#@hFUDI[7!$31&+!!\"-.!!)LS!!&ZX!!\"--zzzzzz!!","4194306":"!<d@[F*O#O!!!$&E,TfC&c_n3!<d@[F*]/5!!!0/@VfsmCI<#NAJ&rkDId[&BmO?2/T,KID..5b$#+:#ASuU.Ed7ZiEH>r7FE7ch!!!3,F)5c:EsD_\"z!6#3D!!*'\"!!!6)0`V1R!!\"#F!!!$\"z!\"9*BBOPdgATJ1Yz84!:V84!:Vzzzzzzz!!!!","4197378":"!<d@[F*O#O!!!$&E,TfC&c_n3!<d@[F*]88!!!0/@VfsmCI<#NAJ&rkDId[&BmO?2/T,KID..5b$#+:#ASuU.Ed7ZiEH>r7FE7ch!!!3,F)5c:EsD_\"z!6#3D!!*'\"!!!6)0`V1R!!\"#F!!!$\"z!\"9*BBOPdgATJ1Yz84!:V84!:Vzzzzzzz!!!!","5242882":"!<d@[F*O#O!!!$&E,TfC'*&\"4!<d@[F*]/5!!!0/@VfsmCI<#NAJ&rkDId[&BmO?2/T,KID..5b$#+:#ASuU.Ed7ZiEH>r7FE7ch!!!3,F)5c:EsD_\"z!6#3D!!*'\"!!!6)0`V1R!!\"#F!!!$\"z!\"9*BBOPdgATJ1Yz84!:V84!:Vzzzzzzz!!!!","5245954":"!<d@[F*O#O!!!$&E,TfC'*&\"4!<d@[F*]88!!!0/@VfsmCI<#NAJ&rkDId[&BmO?2/T,KID..5b$#+:#ASuU.Ed7ZiEH>r7FE7ch!!!3,F)5c:EsD_\"z!-&8E!!*'\"!!!6)0`V1R!!(IR!!!$\"!!!!(!AXWT!!!!>#QOi*z#6?U\\z`<ZGD!<<*\"!!!!-#@hFUDI[7!$31&+!!\"-.!!)LS!!&ZX!!\"--zzzzzz!!","6291458":"!<d@[F*O#O!!!$&E,TfC'EA+5!<d@[F*]/5!!!0/@VfsmCI<#NAJ&rkDId[&BmO?2/T,KID..5b$#+:#ASuU.Ed7ZiEH>r7FE7ch!!!3,F)5c:EsD_\"z!-&8E!!*'\"!!!6)0`V1R!!(IR!!!$\"!!!!(!AXWT!!!!>#QOi*z#6?U\\z`<ZGD!<<*\"!!!!-#@hFUDI[7!$31&+!!\"-.!!)LS!!&ZX!!\"--zzzzzz!!","1049603":"!<d@[F*O&P!!!$&E,TfC%fcS0!<d@[F*]26!!!0/@VfsmCI<#NAJ]E0DfT9!AThX+F(K/>@<6*oDfTE1F9W%cDK]T/FDl2F!=!ObCi=E:$ig8-\"pK'aDfg%*!AFKS!!!!?\"TSN;z#6?^_!<<*\"*X)ND!WW3#!!`Nb!!*'\"!$2:D!!WE'z\"Uo!]E^FS\\@r\"GMA7ZQuFDl2.B4Z6tF)to//R`^6AoD^$F*%QgFEqh:#&\\@\"D..5`$#O6pBL-NKCh;?3ahIf","3146755":"!<d@[F*O&P!!!$&E,TfC&HDe2!<d@[F*]26!!!0/@VfsmCI<#NAJ&rkDId[&BmO?2/T,KID..5b$#+:#ASuU.Ed7ZiEH>r7FE7ch!!!3,F)5c:EsD_\"z!6#3D!!*'\"!!!6)0`V1R!!\"#F!!!$\"z!\"9*BBOPdgATJ1YzE'XI(E'XI(TKrPXE'XI(E'XI(TKrPXzzz!!!!","3148803":"!<d@[F*O&P!!!$&E,TfC&HDe2!<d@[F*]88!!!0/@VfsmCI<#NAJ&rkDId[&BmO?2/T,KID..5b$#+:#ASuU.Ed7ZiEH>r7FE7ch!!!3,F)5c:EsD_\"z!-&8E!!*'\"!!!6)0`V1R!!(IR!!!$\"!!!!(!AXWT!!!!>#QOi*z#6?U\\z`<ZGD!<<*\"!!!!-#@hFUDI[7!$31&+!!\"-.!!)LS!!&ZX!!\"--zzzzzz!!","4195331":"!<d@[F*O&P!!!$&E,TfC&c_n3!<d@[F*]26!!!0/@VfsmCI<#NAHu^]F`__:EWlSfH#R=-@q]:bDK@I@BOPUm/S8g;DfPscEc6&.FCePS!!!!%$#O6pBL-NKCh3SH!!!-,Ec6&.FCeVU!!!!*$\"ImiCh7*uARkc@","3147780":"!<d@[F*O)Q!!!$&E,TfC&HDe2!<d@[F*]57!!!0/@VfsmCI<#NAJ&rkDId[&BmO?2/T,KID..5b$#+:#ASuU.Ed7ZiEH>r7FE7ch!!!3,F)5c:EsD_\"z!6#3D!!*'\"!!!6)0`V1R!!\"#F!!!$\"z!\"9*BBOPdgATJ1Yz84!:V84!:Vzzzzzzz!!!!","3148804":"!<d@[F*O)Q!!!$&E,TfC&HDe2!<d@[F*]88!!!0/@VfsmCI<#NAJ&rkDId[&BmO?2/T,KID..5b$#+:#ASuU.Ed7ZiEH>r7FE7ch!!!3,F)5c:EsD_\"z!6#3D!!*'\"!!!6)0`V1R!!\"#F!!!$\"z!\"9*BBOPdgATJ1Yz84!:V84!:Vzzzzzzz!!!!"},"Entities":[],"ReplaceMode":2,"EntranceRotation":-1}