{"GameVersion":"1.19.0-rc.4","SizeX":5,"SizeY":4,"SizeZ":5,"BlockCodes":{"2081":"game:cobbleskull-claystone","2249":"game:cobblestone-claystone","2263":"game:cobblestonestairs-claystone-up-north-free","2165":"game:cobblestoneslab-claystone-down-free","323":"game:lootvessel-seed","324":"game:lootvessel-food","325":"game:lootvessel-forage","326":"game:lootvessel-ore","327":"game:lootvessel-tool","328":"game:lootvessel-farming","211630":"game:randomizer-normal","334":"game:clayoven-north","7115":"game:groundstorage"},"ItemCodes":{"1332":"game:shingle-burned-blue"},"Indices":[0,1024,2048,3072,4096,1048576,1049600,1051648,1,1025,2049,3073,4097,1048577,1049601,2097153,2,1026,2050,3074,4098,1048578,1049602,3,1027,2051,3075,4099,1048579,1049603,1050627,2097155,4,1028,2052,3076,4100,1048580,1049604,1050628,1051652,1052676,2097156,2098180,3146756],"BlockIds":[2249,2249,2249,2249,2249,211630,211630,211630,2249,2249,2249,2249,211630,2249,334,211630,2249,2249,2249,211630,211630,2249,211630,2249,2249,2249,2249,211630,2249,7115,7115,211630,2249,2249,2249,2249,2249,2249,2249,2249,211630,211630,211630,2249,211630],"DecorIndices":[],"DecorIds":[],"BlockEntities":{"1048576":"!<d@[F*OYa!!!$&E,TfC&c_n3!<d@[F*\\c*!!!0/@VfsmCI<#NAJ&rkDId[&BmO?2/T,KID..5b$#+:#ASuU.Ed7ZiEH>r7FE7ch!!!3,F)5c:EsD_\"z!$MUJ!!*'\"!!!6)0`V1R!!(+H!!!$\"!!!!(!AXWT!!!#N#QOi*z#6?U\\zFU.sI!<<*\"!!!!-#@hFUDI[7!$31&+!!&ZW!!)LS!!&ZX!!$t(zzzzzz!!","1049600":"!<d@[F*OYa!!!$&E,TfC&c_n3!<d@[F*\\f+!!!0/@VfsmCI<#NAJ&rkDId[&BmO?2/T,KID..5b$#+:#ASuU.Ed7ZiEH>r7FE7ch!!!3,F)5c:EsD_\"z!$MUJ!!*'\"!!!6)0`V1R!!(+H!!!$\"!!!!(!AXWT!!!#N#QOi*z#6?U\\zFU.sI!<<*\"!!!!-#@hFUDI[7!$31&+!!&ZW!!)LS!!&ZX!!$t(zzzzzz!!","1051648":"!<d@[F*OYa!!!$&E,TfC&c_n3!<d@[F*\\l-!!!0/@VfsmCI<#NAJ&rkDId[&BmO?2/T,KID..5b$#+:#ASuU.Ed7ZiEH>r7FE7ch!!!3,F)5c:EsD_\"z!$MUJ!!*'\"!!!6)0`V1R!!(+H!!!$\"!!!!(!AXWT!!!#N#QOi*z#6?U\\zFU.sI!<<*\"!!!!-#@hFUDI[7!$31&+!!&ZW!!)LS!!&ZX!!$t(zzzzzz!!","4097":"!<d@[F*O\\b!!!$&E,TfC&HDe2!<d@[F*\\o.!!!0/@VfsmCI<#NAJ&rkDId[&BmO?2/T,KID..5b$#+:#ASuU.Ed7ZiEH>r7FE7ch!!!3,F)5c:EsD_\"z!$MUJ!!*'\"!!!6)0`V1R!!(+H!!!$\"!!!!(!AXWT!!!#N#QOi*z#6?U\\zFU.sI!<<*\"!!!!-#@hFUDI[7!$31&+!!&ZW!!)LS!!&ZX!!$t(zzzzzz!!","1049601":"!<d@[F*O\\b!!!$&E,TfC&c_n3!<d@[F*\\f+!!!0/@VfsmCI<#NAI`3d@<ld7ASs);DfTr5\"po!]G%GQ5DfU+(#'\"^#Dfg%(!!!!'\"`nKuFE7E^!=!ObCi=E:\"TSN&\"pK'aDfg%#!<ckSEc(jW!!!$&Ec6&.=o\\O&\"9`gXD/]ITTKr\\aFCoZ,C]FG8!!EL8Ec6/>0E;(Q!!ELJ@UX%`0E;(Q!!EL8@;BFb0E;(Q!!EXBASGdjFDZ/:0E;(Q!!EIIASlB?z\"9r=UDg-(Rz\"9rsW@;BF/z\"9r=DCLq$2z\":AgRBkM+$D09YLz\"9imYD/_30!!!!%#%DUkGA]/9!!!!%#'=<_CLo7$!!!!%#%D\"VARmOr!!!!%$>=!bB4uC(F_if5!!!!%\"a\"<mE&%Cn!!!-+@WHC2DDM7m!!!-+FCJZoAMX;d!!!-+@UX%`A2=2c!!!-/BOtmjBQS*6Cbl%k!!!-*FCf<.1B7CT!!!","2097153":"!<d@[F*O\\b!!!$&E,TfC'*&\"4!<d@[F*\\c*!!!0/@VfsmCI<#NAJ&rkDId[&BmO?2/T,KID..5b$#+:#ASuU.Ed7ZiEH>r7FE7ch!!!3,F)5c:EsD_\"z!$MUJ!!*'\"!!!6)0`V1R!!(+H!!!$\"!!!!(!AXWT!!!#N#QOi*z#6?U\\zFU.sI!<<*\"!!!!-#@hFUDI[7!$31&+!!&ZW!!)LS!!&ZX!!$t(zzzzzz!!","3074":"!<d@[F*O_c!!!$&E,TfC&HDe2!<d@[F*\\l-!!!0/@VfsmCI<#NAJ&rkDId[&BmO?2/T,KID..5b$#+:#ASuU.Ed7ZiEH>r7FE7ch!!!3,F)5c:EsD_\"z!$MUJ!!*'\"!!!6)0`V1R!!(+H!!!$\"!!!!(!AXWT!!!#N#QOi*z#6?U\\zFU.sI!<<*\"!!!!-#@hFUDI[7!$31&+!!&ZW!!)LS!!&ZX!!$t(zzzzzz!!","4098":"!<d@[F*O_c!!!$&E,TfC&HDe2!<d@[F*\\o.!!!0/@VfsmCI<#NAJ&rkDId[&BmO?2/T,KID..5b$#+:#ASuU.Ed7ZiEH>r7FE7ch!!!3,F)5c:EsD_\"z!$MUJ!!*'\"!!!6)0`V1R!!(+H!!!$\"!!!!(!AXWT!!!#N#QOi*z#6?U\\zFU.sI!<<*\"!!!!-#@hFUDI[7!$31&+!!&ZW!!)LS!!&ZX!!$t(zzzzzz!!","1049602":"!<d@[F*O_c!!!$&E,TfC&c_n3!<d@[F*\\f+!!!0/@VfsmCI<#NAJ&rkDId[&BmO?2/T,KID..5b$#+:#ASuU.Ed7ZiEH>r7FE7ch!!!3,F)5c:EsD_\"z!(-be!!*'\"!!!6)0`V1R!!#Cf!!!$\"!!!!(!AXWT!!!!f!<<*#z#6?U\\z7KEJh!<<*\"!!`N]z!(R%i!!*'\"!!!6)2#mUV!!#Oj!!!$\"z!\"9*BBOPdgATJ1YzE'XI(E'XI(TKrPXE'XI(E'XI(TKrPXzzz!!!!","4099":"!<d@[F*Obd!!!$&E,TfC&HDe2!<d@[F*\\o.!!!0/@VfsmCI<#NAJ&rkDId[&BmO?2/T,KID..5b$#+:#ASuU.Ed7ZiEH>r7FE7ch!!!3,F)5c:EsD_\"z!$MUJ!!*'\"!!!6)0`V1R!!(+H!!!$\"!!!!(!AXWT!!!#N#QOi*z#6?U\\zFU.sI!<<*\"!!!!-#@hFUDI[7!$31&+!!&ZW!!)LS!!&ZX!!$t(zzzzzz!!","1049603":"!<d@[F*Obd!!!$&E,TfC&c_n3!<d@[F*\\f+!!!0/@VfsmCI<#NAIW9mDfor.F*)>@@:s-U$#+:#ASuU.Ed7ZiEH>r7FE7Qb!!!3,F)5c:EsD_\"!!*'\"!&OiZ!'(#Z!!WgQASlBtEaa'4Eb,=fFCf<.ATD4$F`M%e@<6NjE+EC!AP`/u:\\k'M5QhI:ASlBtEaa'4Eb,4NTKrPX!!!<;AoD^\"AQ*\\hEa`Tl:i^JnErZ=LD.Rd%6#L=OAH2]1!!*F8FECr$BLZE?AH2]1!!!","1050627":"!<d@[F*Obd!!!$&E,TfC&c_n3!<d@[F*\\i,!!!0/@VfsmCI<#NAIW9mDfor.F*)>@@:s-U$#+:#ASuU.Ed7ZiEH>r7FE7Qb!!!3,F)5c:EsD_\"!!*'\"!&OiZ!!3-#!!WgQASlBtEaa'4Eb,=fFCf<.ATD4$F`M%e@<6NjE+EC!AP`/u:\\k'M5QhI:ASlBtEaa'4Eb,4NTKrPX!!!<;AoD^\"AQ*\\hEa`Tl:i^JnErZ=LD.Rd%6#L=OAH2]1!!*F8FECr$BLZE?AH2]1!!!","2097155":"!<d@[F*Obd!!!$&E,TfC'*&\"4!<d@[F*\\c*!!!0/@VfsmCI<#NAJ&rkDId[&BmO?2/T,KID..5b$#+:#ASuU.Ed7ZiEH>r7FE7ch!!!3,F)5c:EsD_\"z!$MUJ!!*'\"!!!6)0`V1R!!(+H!!!$\"!!!!(!AXWT!!!#N#QOi*z#6?U\\zFU.sI!<<*\"!!!!-#@hFUDI[7!$31&+!!&ZW!!)LS!!&ZX!!$t(zzzzzz!!","1051652":"!<d@[F*Oee!!!$&E,TfC&c_n3!<d@[F*\\l-!!!0/@VfsmCI<#NAJ&rkDId[&BmO?2/T,KID..5b$#+:#ASuU.Ed7ZiEH>r7FE7ch!!!3,F)5c:EsD_\"z!$MUJ!!*'\"!!!6)0`V1R!!(+H!!!$\"!!!!(!AXWT!!!#N#QOi*z#6?U\\zFU.sI!<<*\"!!!!-#@hFUDI[7!$31&+!!&ZW!!)LS!!&ZX!!$t(zzzzzz!!","1052676":"!<d@[F*Oee!!!$&E,TfC&c_n3!<d@[F*\\o.!!!0/@VfsmCI<#NAJ&rkDId[&BmO?2/T,KID..5b$#+:#ASuU.Ed7ZiEH>r7FE7ch!!!3,F)5c:EsD_\"z!$MUJ!!*'\"!!!6)0`V1R!!(+H!!!$\"!!!!(!AXWT!!!#N#QOi*z#6?U\\zFU.sI!<<*\"!!!!-#@hFUDI[7!$31&+!!&ZW!!)LS!!&ZX!!$t(zzzzzz!!","2097156":"!<d@[F*Oee!!!$&E,TfC'*&\"4!<d@[F*\\c*!!!0/@VfsmCI<#NAJ&rkDId[&BmO?2/T,KID..5b$#+:#ASuU.Ed7ZiEH>r7FE7ch!!!3,F)5c:EsD_\"z!$MUJ!!*'\"!!!6)0`V1R!!(+H!!!$\"!!!!(!AXWT!!!#N#QOi*z#6?U\\zFU.sI!<<*\"!!!!-#@hFUDI[7!$31&+!!&ZW!!)LS!!&ZX!!$t(zzzzzz!!","3146756":"!<d@[F*Oee!!!$&E,TfC'EA+5!<d@[F*\\f+!!!0/@VfsmCI<#NAJ&rkDId[&BmO?2/T,KID..5b$#+:#ASuU.Ed7ZiEH>r7FE7ch!!!3,F)5c:EsD_\"z!$MUJ!!*'\"!!!6)0`V1R!!(+H!!!$\"!!!!(!AXWT!!!#N#QOi*z#6?U\\zFU.sI!<<*\"!!!!-#@hFUDI[7!$31&+!!&ZW!!)LS!!&ZX!!$t(zzzzzz!!"},"Entities":[],"ReplaceMode":2,"EntranceRotation":-1}