{"GameVersion":"1.19.0-rc.4","SizeX":6,"SizeY":5,"SizeZ":5,"BlockCodes":{"2163":"game:cobblestoneslab-conglomerate-down-free","2261":"game:cobblestonestairs-conglomerate-up-north-free","2247":"game:cobblestone-conglomerate","323":"game:lootvessel-seed","324":"game:lootvessel-food","325":"game:lootvessel-forage","326":"game:lootvessel-ore","327":"game:lootvessel-tool","328":"game:lootvessel-farming","2046":"game:soil-medium-none","211630":"game:randomizer-normal","7116":"game:meta-filler","2345":"game:cobblestonestairs-conglomerate-up-west-free","2317":"game:cobblestonestairs-conglomerate-up-south-free","2093":"game:cobblestoneslab-conglomerate-north-free","2121":"game:cobblestoneslab-conglomerate-south-free","2289":"game:cobblestonestairs-conglomerate-up-east-free","2107":"game:cobblestoneslab-conglomerate-east-free"},"ItemCodes":{},"Indices":[0,1024,2048,3072,4096,1048576,1049600,1050624,1051648,1052672,2097152,2098176,2099200,2100224,2101248,3145728,3146752,3147776,3148800,3149824,4196352,4197376,1,1025,2049,3073,4097,1048577,1049601,1050625,1051649,1052673,2097153,2098177,2099201,2100225,2101249,3145729,3146753,3147777,3148801,3149825,4194305,4195329,4196353,4197377,4198401,2,1026,2050,3074,4098,1048578,1049602,1050626,1051650,1052674,2097154,2098178,2099202,2100226,2101250,3145730,3146754,3147778,3148802,3149826,4194306,4195330,4196354,4197378,4198402,3,1027,2051,3075,4099,1048579,1049603,1050627,1051651,1052675,2097155,2098179,2099203,2100227,2101251,3145731,3146755,3147779,3148803,3149827,4194307,4195331,4196355,4197379,4198403,4,1028,2052,3076,4100,1048580,1049604,1050628,1051652,1052676,2097156,2098180,2099204,2100228,2101252,3145732,3146756,3147780,3148804,3149828,4194308,4195332,4196356,4197380,4198404,5,1029,2053,3077,4101,1048581,1049605,1050629,1051653,1052677,2097157,2098181,2099205,2100229,2101253,3145733,3146757,3147781,3148805,3149829,4195333,4196357,4197381],"BlockIds":[2046,2046,2046,2046,2046,2046,2046,2046,2046,2046,2046,2046,2247,2046,2046,2247,211630,211630,211630,2247,7116,7116,2046,2046,2046,2046,2046,2046,2247,2247,2046,2046,2247,2345,2163,2247,2046,211630,7116,7116,7116,2317,7116,7116,7116,7116,7116,2046,2046,2247,2046,2046,2046,2261,211630,2345,2247,2247,7116,7116,7116,2247,211630,7116,7116,7116,2317,7116,7116,7116,7116,7116,2046,2261,211630,2247,2046,2046,2093,7116,211630,2046,2247,7116,7116,7116,2247,211630,7116,7116,7116,2121,7116,7116,7116,7116,7116,2046,2247,2289,2247,2046,2046,2247,2107,2247,2046,2046,211630,7116,211630,2247,2247,7116,7116,7116,2317,7116,7116,7116,7116,7116,2046,2046,2046,2046,2046,2046,2046,2046,2046,2046,2046,2247,2247,2046,2046,2247,211630,211630,2289,2247,7116,7116,7116],"DecorIndices":[],"DecorIds":[],"BlockEntities":{"3146752":"!<d@[F*QRB!!!$&E,TfC&HDe2!<d@[F*\\`)!!!0/@VfsmCI<#NAJ&rkDId[&BmO?2/T,KID..5b$#+:#ASuU.Ed7ZiEH>r7FE7ch!!!3,F)5c:EsD_\"z!-8DG!!*'\"!!!6)0`V1R!!(OT!!!$\"!!!!(!AXWT!!!#>#QOi*z!!!E4@q]:g@qB]gz!\";0o!\";0o!:W8Szzzzzzz","3147776":"!<d@[F*QRB!!!$&E,TfC&HDe2!<d@[F*\\c*!!!0/@VfsmCI<#NAJ&rkDId[&BmO?2/T,KID..5b$#+:#ASuU.Ed7ZiEH>r7FE7ch!!!3,F)5c:EsD_\"z!-8DG!!*'\"!!!6)0`V1R!!(OT!!!$\"!!!!(!AXWT!!!#>#QOi*z!!!E4@q]:g@qB]gz!\";0o!\";0o!:W8Szzzzzzz","3148800":"!<d@[F*QRB!!!$&E,TfC&HDe2!<d@[F*\\f+!!!0/@VfsmCI<#NAJ&rkDId[&BmO?2/T,KID..5b$#+:#ASuU.Ed7ZiEH>r7FE7ch!!!3,F)5c:EsD_\"z!-8DG!!*'\"!!!6)0`V1R!!(OT!!!$\"!!!!(!AXWT!!!#>#QOi*z!!!E4@q]:g@qB]gz!\";0o!\";0o!:W8Szzzzzzz","3145729":"!<d@[F*QUC!!!$&E,TfC&HDe2!<d@[F*\\](!!!0/@VfsmCI<#NAJ&rkDId[&BmO?2/T,KID..5b$#+:#ASuU.Ed7ZiEH>r7FE7ch!!!3,F)5c:EsD_\"z!-8DG!!*'\"!!!6)0`V1R!!(OT!!!$\"!!!!(!AXWT!!!#>#QOi*z!!!E4@q]:g@qB]gz!\";0o!\";0o!:W8Szzzzzzz","1050626":"!<d@[F*QXD!!!$&E,TfC%fcS0!<d@[F*\\c*!!!0/@VfsmCI<#NAJ&rkDId[&BmO?2/T,KID..5b$#+:#ASuU.Ed7ZiEH>r7FE7ch!!!3,F)5c:EsD_\"z!(-be!!*'\"!!!6)0`V1R!!#Cf!!!$\"!!!!(!AXWT!!!!f!<<*#z#6?U\\z7KEJh!<<*\"!!`N]z!(R%i!!*'\"!!!6)2#mUV!!#Oj!!!$\"z!\"9*BBOPdgATJ1YzE'XI(E'XI(TKrPXE'XI(E'XI(TKrPXzzz!!!!","3145730":"!<d@[F*QXD!!!$&E,TfC&HDe2!<d@[F*\\](!!!0/@VfsmCI<#NAJ&rkDId[&BmO?2/T,KID..5b$#+:#ASuU.Ed7ZiEH>r7FE7ch!!!3,F)5c:EsD_\"z!-8DG!!*'\"!!!6)0`V1R!!(OT!!!$\"!!!!(!AXWT!!!#>#QOi*z!!!E4@q]:g@qB]gz!\";0o!\";0o!:W8Szzzzzzz","2051":"!<d@[F*Q[E!!!$&E,TfC%KHJ/!<d@[F*\\c*!!!0/@VfsmCI<#NAJ&rkDId[&BmO?2/T,KID..5b$#+:#ASuU.Ed7ZiEH>r7FE7ch!!!3,F)5c:EsD_\"z!(-be!!*'\"!!!6)0`V1R!!#Cf!!!$\"!!!!(!AXWT!!!!f!<<*#z#6?U\\z7KEJh!<<*\"!!`N]z!(R%i!!*'\"!!!6)2#mUV!!#Oj!!!$\"z!\"9*BBOPdgATJ1YzE'XI(E'XI(TKrPXE'XI(E'XI(TKrPXzzz!!!!","1051651":"!<d@[F*Q[E!!!$&E,TfC%fcS0!<d@[F*\\f+!!!0/@VfsmCI<#NAJ&rkDId[&BmO?2/T,KID..5b$#+:#ASuU.Ed7ZiEH>r7FE7ch!!!3,F)5c:EsD_\"z!-8DG!!*'\"!!!6)0`V1R!!(OT!!!$\"!!!!(!AXWT!!!#>#QOi*z!!!E4@q]:g@qB]gz!\";0o!\";0o!:W8Szzzzzzz","3145731":"!<d@[F*Q[E!!!$&E,TfC&HDe2!<d@[F*\\](!!!0/@VfsmCI<#NAJ&rkDId[&BmO?2/T,KID..5b$#+:#ASuU.Ed7ZiEH>r7FE7ch!!!3,F)5c:EsD_\"z!-8DG!!*'\"!!!6)0`V1R!!(OT!!!$\"!!!!(!AXWT!!!#>#QOi*z!!!E4@q]:g@qB]gz!\";0o!\";0o!:W8Szzzzzzz","2098180":"!<d@[F*Q^F!!!$&E,TfC&-)\\1!<d@[F*\\`)!!!0/@VfsmCI<#NAJ&rkDId[&BmO?2/T,KID..5b$#+:#ASuU.Ed7ZiEH>r7FE7ch!!!3,F)5c:EsD_\"z!-8DG!!*'\"!!!6)0`V1R!!(OT!!!$\"!!!!(!AXWT!!!#>#QOi*z!!!E4@q]:g@qB]gz!\";0o!\";0o!:W8Szzzzzzz","2100228":"!<d@[F*Q^F!!!$&E,TfC&-)\\1!<d@[F*\\f+!!!0/@VfsmCI<#NAJ&rkDId[&BmO?2/T,KID..5b$#+:#ASuU.Ed7ZiEH>r7FE7ch!!!3,F)5c:EsD_\"z!-8DG!!*'\"!!!6)0`V1R!!(OT!!!$\"!!!!(!AXWT!!!#>#QOi*z!!!E4@q]:g@qB]gz!\";0o!\";0o!:W8Szzzzzzz","3146757":"!<d@[F*QaG!!!$&E,TfC&HDe2!<d@[F*\\`)!!!0/@VfsmCI<#NAJ&rkDId[&BmO?2/T,KID..5b$#+:#ASuU.Ed7ZiEH>r7FE7ch!!!3,F)5c:EsD_\"z!-8DG!!*'\"!!!6)0`V1R!!(OT!!!$\"!!!!(!AXWT!!!#>#QOi*z!!!E4@q]:g@qB]gz!\";0o!\";0o!:W8Szzzzzzz","3147781":"!<d@[F*QaG!!!$&E,TfC&HDe2!<d@[F*\\c*!!!0/@VfsmCI<#NAJ&rkDId[&BmO?2/T,KID..5b$#+:#ASuU.Ed7ZiEH>r7FE7ch!!!3,F)5c:EsD_\"z!-8DG!!*'\"!!!6)0`V1R!!(OT!!!$\"!!!!(!AXWT!!!#>#QOi*z!!!E4@q]:g@qB]gz!\";0o!\";0o!:W8Szzzzzzz"},"Entities":[],"ReplaceMode":2,"EntranceRotation":-1}