{"GameVersion":"1.19.0-rc.4","SizeX":7,"SizeY":3,"SizeZ":4,"BlockCodes":{"323":"game:lootvessel-seed","324":"game:lootvessel-food","325":"game:lootvessel-forage","326":"game:lootvessel-ore","327":"game:lootvessel-tool","328":"game:lootvessel-farming","2250":"game:cobblestone-granite","2005":"game:bonysoil","2061":"game:soil-medium-normal","211630":"game:randomizer-normal"},"ItemCodes":{},"Indices":[0,1024,2048,3072,1048576,1049600,1050624,2097152,2098176,1,1025,2049,3073,1048577,1049601,2,1026,2050,3074,1048578,3,1027,2051,3075,1048579,4,1028,2052,3076,5,1029,2053,3077,6,1030,2054,3078],"BlockIds":[2250,2250,2005,2061,2250,2250,2250,2250,2250,2250,2250,2250,2250,2250,211630,2250,2250,2250,2250,2250,2250,2250,2250,2005,2250,2250,2250,211630,2250,2250,2250,2005,2005,2250,2250,2250,2061],"DecorIndices":[],"DecorIds":[],"BlockEntities":{"1049601":"!<d@[F*O>X!!!$&E,TfC&c_n3!<d@[F*\\f+!!!0/@VfsmCI<#NAJ&rkDId[&BmO?2/T,KID..5b$#+:#ASuU.Ed7ZiEH>r7FE7ch!!!3,F)5c:EsD_\"z!(-be!!*'\"!!!6)0`V1R!!#Cf!!!$\"!!!!(!AXWT!!!!f!<<*#z#6?U\\z7KEJh!<<*\"!!`N]z!(R%i!!*'\"!!!6)2#mUV!!#Oj!!!$\"z!\"9*BBOPdgATJ1YzE'XI(E'XI(TKrPXE'XI(E'XI(TKrPXzzz!!!!","2052":"!<d@[F*OG[!!!$&E,TfC&HDe2!<d@[F*\\i,!!!0/@VfsmCI<#NAJ&rkDId[&BmO?2/T,KID..5b$#+:#ASuU.Ed7ZiEH>r7FE7ch!!!3,F)5c:EsD_\"z!(-be!!*'\"!!!6)0`V1R!!#Cf!!!$\"!!!!(!AXWT!!!!f!<<*#z#6?U\\z7KEJh!<<*\"!!`N]z!(R%i!!*'\"!!!6)2#mUV!!#Oj!!!$\"z!\"9*BBOPdgATJ1YzE'XI(E'XI(TKrPXE'XI(E'XI(TKrPXzzz!!!!"},"Entities":[],"ReplaceMode":2,"EntranceRotation":-1}