{"GameVersion":"1.19.0-rc.4","SizeX":10,"SizeY":5,"SizeZ":5,"BlockCodes":{"2254":"game:cobblestone-peridotite","2268":"game:cobblestonestairs-peridotite-up-north-free","2170":"game:cobblestoneslab-peridotite-down-free","2061":"game:soil-medium-normal","211630":"game:randomizer-normal","2100":"game:cobblestoneslab-peridotite-north-free","707":"game:glass-green","5280":"game:chest-east","771":"game:glassslab-green-west-free","789":"game:glassslab-green-down-free"},"ItemCodes":{"176":"game:lootrandomizer","681":"game:gem-olivine_peridot-rough","198":"game:stackrandomizer-gear","195":"game:stackrandomizer-tuningcylinder"},"Indices":[0,1024,2048,3072,4096,1048576,1049600,2097152,1,1025,2049,3073,4097,1048577,2097153,3145729,2,1026,2050,3074,4098,1048578,1049602,2097154,3145730,4194306,3,1027,2051,3075,4099,1048579,1051651,2097155,3145731,4194307,4,1028,2052,3076,4100,1048580,1049604,1050628,1051652,2097156,2099204,3145732,4194308,5,1029,2053,3077,4101,1048581,1049605,1050629,1051653,1052677,2097157,2099205,2100229,3145733,6,1030,2054,3078,4102,1048582,1049606,1050630,1051654,2097158,7,1031,2055,3079,4103,1048583,1049607,8,1032,2056,3080,4104,1048584,1049608,9,1033,2057,3081,4105,1048585,1049609,1050633,2097161,2099209,3145737],"BlockIds":[2254,2254,2061,2061,2061,2254,211630,211630,2254,211630,2254,2254,2061,2254,2254,211630,2254,2254,211630,2254,2254,2100,211630,707,2254,211630,2254,2254,2254,2254,2254,2254,211630,2254,2254,2254,2254,2254,2254,2254,2254,2254,211630,211630,211630,707,211630,2254,2254,2254,2254,2254,2254,2254,2254,211630,5280,2254,211630,2254,211630,211630,211630,2254,2254,2254,2254,2254,2254,211630,211630,211630,771,2254,2254,2254,2254,2254,211630,789,2254,2254,211630,211630,2061,2254,211630,2254,2254,2254,2061,2061,2254,2254,2254,2254,707,211630],"DecorIndices":[],"DecorIds":[],"BlockEntities":{"1049600":"!<d@[F*OYa!!!$&E,TfC&c_n3!<d@[F*\\H!!!!0/@VfsmCI<#NAJ&rkDId[&BmO?2/T,KID..5b$#+:#ASuU.Ed7ZiEH>r7FE7ch!!!3,F)5c:EsD_\"z!6tiM!!*'\"!!!6)0`V1R!!(d[!!!$\"!!!!(!AXWT!!!\"F#QOi*z!!!E4@q]:g@qB]gz!$FT.!:W8S!2)UXzzzzzzz","2097152":"!<d@[F*OYa!!!$&E,TfC'*&\"4!<d@[F*\\Du!!!0/@VfsmCI<#NAJ&rkDId[&BmO?2/T,KID..5b$#+:#ASuU.Ed7ZiEH>r7FE7ch!!!3,F)5c:EsD_\"z!6tiM!!*'\"!!!6)0`V1R!!(d[!!!$\"!!!!(!AXWT!!!\"F#QOi*z!!!E4@q]:g@qB]gz!$FT.!:W8S!2)UXzzzzzzz","1025":"!<d@[F*O\\b!!!$&E,TfC&HDe2!<d@[F*\\H!!!!0/@VfsmCI<#NAJ&rkDId[&BmO?2/T,KID..5b$#+:#ASuU.Ed7ZiEH>r7FE7ch!!!3,F)5c:EsD_\"z!6tiM!!*'\"!!!6)0`V1R!!(d[!!!$\"!!!!(!AXWT!!!\"F#QOi*z!!!E4@q]:g@qB]gz!$FT.!:W8S!2)UXzzzzzzz","3145729":"!<d@[F*O\\b!!!$&E,TfC'EA+5!<d@[F*\\Du!!!0/@VfsmCI<#NAJ&rkDId[&BmO?2/T,KID..5b$#+:#ASuU.Ed7ZiEH>r7FE7ch!!!3,F)5c:EsD_\"z!6tiM!!*'\"!!!6)0`V1R!!(d[!!!$\"!!!!(!AXWT!!!\"F#QOi*z!!!E4@q]:g@qB]gz!$FT.!:W8S!2)UXzzzzzzz","2050":"!<d@[F*O_c!!!$&E,TfC&HDe2!<d@[F*\\K\"!!!0/@VfsmCI<#NAJ&rkDId[&BmO?2/T,KID..5b$#+:#ASuU.Ed7ZiEH>r7FE7ch!!!3,F)5c:EsD_\"z!6tiM!!*'\"!!!6)0`V1R!!(d[!!!$\"!!!!(!AXWT!!!\"F#QOi*z!!!E4@q]:g@qB]gz!$FT.!:W8S!2)UXzzzzzzz","1049602":"!<d@[F*O_c!!!$&E,TfC&c_n3!<d@[F*\\H!!!!0/@VfsmCI<#NAJ&rkDId[&BmO?2/T,KID..5b$#+:#ASuU.Ed7ZiEH>r7FE7ch!!!3,F)5c:EsD_\"z!6tiM!!*'\"!!!6)0`V1R!!(d[!!!$\"!!!!(!AXWT!!!\"F#QOi*z!!!E4@q]:g@qB]gz!$FT.!:W8S!2)UXzzzzzzz","4194306":"!<d@[F*O_c!!!$&E,TfC'`\\46!<d@[F*\\Du!!!0/@VfsmCI<#NAJ&rkDId[&BmO?2/T,KID..5b$#+:#ASuU.Ed7ZiEH>r7FE7ch!!!3,F)5c:EsD_\"z!6tiM!!*'\"!!!6)0`V1R!!(d[!!!$\"!!!!(!AXWT!!!\"F#QOi*z!!!E4@q]:g@qB]gz!$FT.!:W8S!2)UXzzzzzzz","1051651":"!<d@[F*Obd!!!$&E,TfC&c_n3!<d@[F*\\N#!!!0/@VfsmCI<#NAJ&rkDId[&BmO?2/T,KID..5b$#+:#ASuU.Ed7ZiEH>r7FE7ch!!!3,F)5c:EsD_\"z!6tiM!!*'\"!!!6)0`V1R!!(d[!!!$\"!!!!(!AXWT!!!\"F#QOi*z!!!E4@q]:g@qB]gz!$FT.!:W8S!2)UXzzzzzzz","1049604":"!<d@[F*Oee!!!$&E,TfC&c_n3!<d@[F*\\H!!!!0/@VfsmCI<#NAJ&rkDId[&BmO?2/T,KID..5b$#+:#ASuU.Ed7ZiEH>r7FE7ch!!!3,F)5c:EsD_\"z!6tiM!!*'\"!!!6)0`V1R!!(d[!!!$\"!!!!(!AXWT!!!\"F#QOi*z!!!E4@q]:g@qB]gz!$FT.!:W8S!2)UXzzzzzzz","1050628":"!<d@[F*Oee!!!$&E,TfC&c_n3!<d@[F*\\K\"!!!0/@VfsmCI<#NAJ&rkDId[&BmO?2/T,KID..5b$#+:#ASuU.Ed7ZiEH>r7FE7ch!!!3,F)5c:EsD_\"z!6tiM!!*'\"!!!6)0`V1R!!(d[!!!$\"!!!!(!AXWT!!!\"F#QOi*z!!!E4@q]:g@qB]gz!$FT.!:W8S!2)UXzzzzzzz","1051652":"!<d@[F*Oee!!!$&E,TfC&c_n3!<d@[F*\\N#!!!0/@VfsmCI<#NAJ&rkDId[&BmO?2/T,KID..5b$#+:#ASuU.Ed7ZiEH>r7FE7ch!!!3,F)5c:EsD_\"z!6tiM!!*'\"!!!6)0`V1R!!(d[!!!$\"!!!!(!AXWT!!!\"F#QOi*z!!!E4@q]:g@qB]gz!$FT.!:W8S!2)UXzzzzzzz","2099204":"!<d@[F*Oee!!!$&E,TfC'*&\"4!<d@[F*\\K\"!!!0/@VfsmCI<#NAJ&rkDId[&BmO?2/T,KID..5b$#+:#ASuU.Ed7ZiEH>r7FE7ch!!!3,F)5c:EsD_\"z!6tiM!!*'\"!!!6)0`V1R!!(d[!!!$\"!!!!(!AXWT!!!\"F#QOi*z!!!E4@q]:g@qB]gz!$FT.!:W8S!2)UXzzzzzzz","1049605":"!<d@[F*Ohf!!!$&E,TfC&c_n3!<d@[F*\\H!!!!0/@VfsmCI<#NAJ&rkDId[&BmO?2/T,KID..5b$#+:#ASuU.Ed7ZiEH>r7FE7ch!!!3,F)5c:EsD_\"z!6tiM!!*'\"!!!6)0`V1R!!(d[!!!$\"!!!!(!AXWT!!!\"F#QOi*z!!!E4@q]:g@qB]gz!$FT.!:W8S!2)UXzzzzzzz","1050629":"!<d@[F*Ohf!!!$&E,TfC&c_n3!<d@[F*\\K\"!!!0/@VfsmCI<#NAI;p\\ATMrFARTY%\"po!]G%GQ5DfU+(#'\"^#Dfg%+!!!!'\"`nKuFE7Zf0E;+R!!'5'!!!$\"!!!$&F('6'!<<*\"\"pT-j@:O(,#6f0j@:O'Q!<<*\"W<*&\"!<<*\"\"UT-dFCf?3Bjkf[Ci=Lt\"9r@L@;]Rd!!$t(!!WXKFCAZp0a@l'FCAZp!!*'\"!3$#\"!!3-#!!N[JDffQ.FD50\"\")Mn\"!!EL9BOPdgAH2^<5l_)nF*(i#CGH+uF*(i#CB+A8!!&u\"!!!*$!!!0/E,Ti0DKKT$C]eKlG5qaM@q]:g@q>W?:dG'c#'4lp@r!k*\"`nco@qu&F!!!\"u!WW3'!!!!&$#jg)ASuU(@;H$^Dg)0a#%M=TDI[5X!'igM\"pT-j@:O(0#6f0j@:O'Q!<<*\"`W,u=!<<*\"!!EL9BOPdgAH2]a5l^li!AXWU!!!#:!!!!\"z#6?[^!<<*\"YQ+Y'!<<*\"!<dIPG%C[S!!!3-F*(i#CG5tsF*(i#CB+A8!!&u\"!!!$\"!!!0/E,Ti0DKKT$C]eKlG5qaM@q]:g@q>W?E'XI.#'4lp@r!e(\"`nco@qu&F!!!\"u!WW3%!!!!&$#jg)ASuU(@;H$^Dg)0a#%M=TDI[5X!+8(m\"pT-j@:O(.#6f0j@:O'Q!<<*\"W<*&\"!rr<$\"UT-dFCf?3Bjkf[Ci=Lt\"9r@L@;]Rd!!#h]!!WXKFCAZp1C\"))FCAZp!!*'\"!3$#\"!!E9%!!N[JDffQ.FD50\"\")Mn\"!!EL9BOPdgAH2]q5l_)nF*(i#CGZ8\"F*(i#CB+A8!!(\"=!!!$\"!!!!%#%M=TDI[5X!&-\\=!!`N`!!*'\"!3cG'!!*'\"!!*4D@<Q2_!!!!'#'4lp@r!b'\"`nco@qu&F!!!\"u!WW3$!!!!&$#jg)ASuU(@;H$^Dg)0a#%M=TDI[5X!,t4(\"pT-j@:O(-#6f0j@:O'Q!<<*\"W<*&\"!WW3#\"UT-dFCf?3Bjkf[Ci=Lt\"9r@L@;]Rd!!$Cm!!WXKFCAZp1'[u(FCAZp!!*'\"!3$#\"!!<3$!!N[JDffQ.FD50\"\")Mn\"!!EL9BOPdgAH2^,5l_)nF*(i#CGQ2!F*(i#CB+A8!!&u\"!!!-%!!!0/E,Ti0DKKT$C]eKlG5qaM@q]:g@q>W?5X>AS#'4lp@r!n+\"`nco@qu&F!!!#=!!!!\"z\"9r@L@;]Rd!!\"]=z\"Uo!]E^FS\\@r\"GMA7Z*XBOu7,/S/@3F9MehH#R=%@rH1\"@;p:!A2=>pD.Rd%6#L=OA_R_e5QC","1052677":"!<d@[F*Ohf!!!$&E,TfC&c_n3!<d@[F*\\Q$!!!0/@VfsmCI<#NAJ&rkDId[&BmO?2/T,KID..5b$#+:#ASuU.Ed7ZiEH>r7FE7ch!!!3,F)5c:EsD_\"z!6tiM!!*'\"!!!6)0`V1R!!(d[!!!$\"!!!!(!AXWT!!!\"F#QOi*z!!!E4@q]:g@qB]gz!$FT.!:W8S!2)UXzzzzzzz","2099205":"!<d@[F*Ohf!!!$&E,TfC'*&\"4!<d@[F*\\K\"!!!0/@VfsmCI<#NAJ&rkDId[&BmO?2/T,KID..5b$#+:#ASuU.Ed7ZiEH>r7FE7ch!!!3,F)5c:EsD_\"z!6tiM!!*'\"!!!6)0`V1R!!(d[!!!$\"!!!!(!AXWT!!!\"F#QOi*z!!!E4@q]:g@qB]gz!$FT.!:W8S!2)UXzzzzzzz","2100229":"!<d@[F*Ohf!!!$&E,TfC'*&\"4!<d@[F*\\N#!!!0/@VfsmCI<#NAJ&rkDId[&BmO?2/T,KID..5b$#+:#ASuU.Ed7ZiEH>r7FE7ch!!!3,F)5c:EsD_\"z!6tiM!!*'\"!!!6)0`V1R!!(d[!!!$\"!!!!(!AXWT!!!\"F#QOi*z!!!E4@q]:g@qB]gz!$FT.!:W8S!2)UXzzzzzzz","3145733":"!<d@[F*Ohf!!!$&E,TfC'EA+5!<d@[F*\\Du!!!0/@VfsmCI<#NAJ&rkDId[&BmO?2/T,KID..5b$#+:#ASuU.Ed7ZiEH>r7FE7ch!!!3,F)5c:EsD_\"z!6tiM!!*'\"!!!6)0`V1R!!(d[!!!$\"!!!!(!AXWT!!!\"F#QOi*z!!!E4@q]:g@qB]gz!$FT.!:W8S!2)UXzzzzzzz","1049606":"!<d@[F*Okg!!!$&E,TfC&c_n3!<d@[F*\\H!!!!0/@VfsmCI<#NAJ&rkDId[&BmO?2/T,KID..5b$#+:#ASuU.Ed7ZiEH>r7FE7ch!!!3,F)5c:EsD_\"z!6tiM!!*'\"!!!6)0`V1R!!(d[!!!$\"!!!!(!AXWT!!!\"F#QOi*z!!!E4@q]:g@qB]gz!$FT.!:W8S!2)UXzzzzzzz","1050630":"!<d@[F*Okg!!!$&E,TfC&c_n3!<d@[F*\\K\"!!!0/@VfsmCI<#NAJ&rkDId[&BmO?2/T,KID..5b$#+:#ASuU.Ed7ZiEH>r7FE7ch!!!3,F)5c:EsD_\"z!6tiM!!*'\"!!!6)0`V1R!!(d[!!!$\"!!!!(!AXWT!!!\"F#QOi*z!!!E4@q]:g@qB]gz!$FT.!:W8S!2)UXzzzzzzz","1051654":"!<d@[F*Okg!!!$&E,TfC&c_n3!<d@[F*\\N#!!!0/@VfsmCI<#NAJ&rkDId[&BmO?2/T,KID..5b$#+:#ASuU.Ed7ZiEH>r7FE7ch!!!3,F)5c:EsD_\"z!6tiM!!*'\"!!!6)0`V1R!!(d[!!!$\"!!!!(!AXWT!!!\"F#QOi*z!!!E4@q]:g@qB]gz!$FT.!:W8S!2)UXzzzzzzz","1048583":"!<d@[F*Onh!!!$&E,TfC&c_n3!<d@[F*\\Du!!!0/@VfsmCI<#NAJ&rkDId[&BmO?2/T,KID..5b$#+:#ASuU.Ed7ZiEH>r7FE7ch!!!3,F)5c:EsD_\"z!6tiM!!*'\"!!!6)0`V1R!!(d[!!!$\"!!!!(!AXWT!!!\"F#QOi*z!!!E4@q]:g@qB]gz!$FT.!:W8S!2)UXzzzzzzz","2056":"!<d@[F*Oqi!!!$&E,TfC&HDe2!<d@[F*\\K\"!!!0/@VfsmCI<#NAJ&rkDId[&BmO?2/T,KID..5b$#+:#ASuU.Ed7ZiEH>r7FE7ch!!!3,F)5c:EsD_\"z!6tiM!!*'\"!!!6)0`V1R!!(d[!!!$\"!!!!(!AXWT!!!\"F#QOi*z!!!E4@q]:g@qB]gz!$FT.!:W8S!2)UXzzzzzzz","3080":"!<d@[F*Oqi!!!$&E,TfC&HDe2!<d@[F*\\N#!!!0/@VfsmCI<#NAJ&rkDId[&BmO?2/T,KID..5b$#+:#ASuU.Ed7ZiEH>r7FE7ch!!!3,F)5c:EsD_\"z!6tiM!!*'\"!!!6)0`V1R!!(d[!!!$\"!!!!(!AXWT!!!\"F#QOi*z!!!E4@q]:g@qB]gz!$FT.!:W8S!2)UXzzzzzzz","1049608":"!<d@[F*Oqi!!!$&E,TfC&c_n3!<d@[F*\\H!!!!0/@VfsmCI<#NAJ&rkDId[&BmO?2/T,KID..5b$#+:#ASuU.Ed7ZiEH>r7FE7ch!!!3,F)5c:EsD_\"z!6tiM!!*'\"!!!6)0`V1R!!(d[!!!$\"!!!!(!AXWT!!!\"F#QOi*z!!!E4@q]:g@qB]gz!$FT.!:W8S!2)UXzzzzzzz","3145737":"!<d@[F*Otj!!!$&E,TfC'EA+5!<d@[F*\\Du!!!0/@VfsmCI<#NAJ&rkDId[&BmO?2/T,KID..5b$#+:#ASuU.Ed7ZiEH>r7FE7ch!!!3,F)5c:EsD_\"z!6tiM!!*'\"!!!6)0`V1R!!(d[!!!$\"!!!!(!AXWT!!!\"F#QOi*z!!!E4@q]:g@qB]gz!$FT.!:W8S!2)UXzzzzzzz"},"Entities":[],"ReplaceMode":2,"EntranceRotation":-1}