{"GameVersion":"1.19.0-rc.4","SizeX":3,"SizeY":7,"SizeZ":3,"BlockCodes":{"2168":"game:cobblestoneslab-shale-down-free","2266":"game:cobblestonestairs-shale-up-north-free","2252":"game:cobblestone-shale","323":"game:lootvessel-seed","324":"game:lootvessel-food","325":"game:lootvessel-forage","326":"game:lootvessel-ore","327":"game:lootvessel-tool","328":"game:lootvessel-farming","211630":"game:randomizer-normal"},"ItemCodes":{},"Indices":[0,1024,2048,1048576,1050624,2097152,2099200,3145728,3147776,4196352,1,1025,2049,1048577,1049601,2,1026,2050,1048578,1049602,1050626,2097154,2099202,3147778,4196354,5244930,6293506],"BlockIds":[2252,211630,2252,2252,2252,2252,2252,2252,2252,211630,2252,2252,211630,211630,211630,2252,2252,2252,2252,211630,2252,2252,2252,2252,2252,2252,211630],"DecorIndices":[],"DecorIds":[],"BlockEntities":{"1024":"!<d@[F*Pb+!!!$&E,TfC&HDe2!<d@[F*]57!!!0/@VfsmCI<#NAJ&rkDId[&BmO?2/T,KID..5b$#+:#ASuU.Ed7ZiEH>r7FE7ch!!!3,F)5c:EsD_\"z!-ebL!!*'\"!!!6)0`V1R!!(^Y!!!$\"!!!!(!AXWT!!!#C#QOi*z!!!E4@q]:g@qB]gz!\";0o!\";0o!:W8Szzzzzzz","4196352":"!<d@[F*Pb+!!!$&E,TfC'`\\46!<d@[F*]88!!!0/@VfsmCI<#NAJ&rkDId[&BmO?2/T,KID..5b$#+:#ASuU.Ed7ZiEH>r7FE7ch!!!3,F)5c:EsD_\"z!-ebL!!*'\"!!!6)0`V1R!!(^Y!!!$\"!!!!(!AXWT!!!#C#QOi*z!!!E4@q]:g@qB]gz!\";0o!\";0o!:W8Szzzzzzz","2049":"!<d@[F*Pe,!!!$&E,TfC&HDe2!<d@[F*]88!!!0/@VfsmCI<#NAJ&rkDId[&BmO?2/T,KID..5b$#+:#ASuU.Ed7ZiEH>r7FE7ch!!!3,F)5c:EsD_\"z!-ebL!!*'\"!!!6)0`V1R!!(^Y!!!$\"!!!!(!AXWT!!!#C#QOi*z!!!E4@q]:g@qB]gz!\";0o!\";0o!:W8Szzzzzzz","1048577":"!<d@[F*Pe,!!!$&E,TfC&c_n3!<d@[F*]26!!!0/@VfsmCI<#NAJ&rkDId[&BmO?2/T,KID..5b$#+:#ASuU.Ed7ZiEH>r7FE7ch!!!3,F)5c:EsD_\"z!-ebL!!*'\"!!!6)0`V1R!!(^Y!!!$\"!!!!(!AXWT!!!#C#QOi*z!!!E4@q]:g@qB]gz!\";0o!\";0o!:W8Szzzzzzz","1049601":"!<d@[F*Pe,!!!$&E,TfC&c_n3!<d@[F*]57!!!0/@VfsmCI<#NAJ&rkDId[&BmO?2/T,KID..5b$#+:#ASuU.Ed7ZiEH>r7FE7ch!!!3,F)5c:EsD_\"z!-ebL!!*'\"!!!6)0`V1R!!(^Y!!!$\"!!!!(!AXWT!!!#C#QOi*z!!!E4@q]:g@qB]gz!\";0o!\";0o!:W8Szzzzzzz","1049602":"!<d@[F*Ph-!!!$&E,TfC&c_n3!<d@[F*]57!!!0/@VfsmCI<#NAJ&rkDId[&BmO?2/T,KID..5b$#+:#ASuU.Ed7ZiEH>r7FE7ch!!!3,F)5c:EsD_\"z!-ebL!!*'\"!!!6)0`V1R!!(^Y!!!$\"!!!!(!AXWT!!!#C#QOi*z!!!E4@q]:g@qB]gz!\";0o!\";0o!:W8Szzzzzzz","6293506":"!<d@[F*Ph-!!!$&E,TfC(B=F8!<d@[F*]88!!!0/@VfsmCI<#NAJ&rkDId[&BmO?2/T,KID..5b$#+:#ASuU.Ed7ZiEH>r7FE7ch!!!3,F)5c:EsD_\"z!(-be!!*'\"!!!6)0`V1R!!#Cf!!!$\"!!!!(!AXWT!!!!f!<<*#z#6?U\\z7KEJh!<<*\"!!`N]z!(R%i!!*'\"!!!6)2#mUV!!#Oj!!!$\"z!\"9*BBOPdgATJ1YzE'XI(E'XI(TKrPXE'XI(E'XI(TKrPXzzz!!!!"},"Entities":[],"ReplaceMode":2,"EntranceRotation":-1}