{"GameVersion":"1.19.0-rc.4","SizeX":6,"SizeY":5,"SizeZ":6,"BlockCodes":{"17987":"game:cobblestoneslab-suevite-down-free","18022":"game:cobblestonestairs-suevite-up-north-free","18017":"game:cobblestone-suevite","323":"game:lootvessel-seed","324":"game:lootvessel-food","325":"game:lootvessel-forage","326":"game:lootvessel-ore","327":"game:lootvessel-tool","328":"game:lootvessel-farming","72188":"game:door-crude","72189":"game:door-ruined-rough1","72190":"game:door-ruined-rough2","72191":"game:door-ruined-rough3","72192":"game:door-ruined-windowed1","72193":"game:door-ruined-windowed2","72194":"game:door-ruined-windowed3","1186":"game:irondoor-north-down-closed-left","72196":"game:door-solid-aged","42579":"game:clutter","211630":"game:randomizer-normal","4281":"game:loosestones-suevite-free","17977":"game:cobblestoneslab-suevite-west-free","18057":"game:cobblestonestairs-suevite-down-west-free","5493":"game:toolrack-south","17982":"game:cobblestoneslab-suevite-up-free"},"ItemCodes":{"3542":"game:club-spiked-ruined","3527":"game:axe-double-ruined"},"Indices":[0,1024,2048,3072,4096,5120,1048576,1049600,1050624,1051648,1052672,1053696,2097152,2098176,2099200,2100224,2101248,2102272,3145728,3146752,3147776,3148800,3149824,3150848,4194304,4195328,4196352,4197376,4198400,4199424,1,1025,2049,3073,4097,5121,1048577,1049601,1051649,1052673,1053697,2097153,2102273,3145729,3150849,4194305,4195329,4196353,4197377,4198401,4199425,2,1026,2050,3074,4098,5122,1048578,1049602,1050626,1052674,1053698,2097154,3145730,3150850,4194306,4195330,4196354,4197378,4198402,4199426,3,1027,2051,3075,4099,5123,1048579,1049603,1051651,1053699,2101251,2102275,3145731,3150851,4194307,4197379,4198403,4199427,4,1028,2052,3076,4100,5124,1048580,1049604,1050628,1051652,1052676,1053700,2097156,2101252,2102276,3145732,3150852,4194308,4198404,4199428,5,1029,2053,3077,4101,5125,1048581,1049605,1052677,1053701,2097157,2101253,2102277,3145733,3146757,3150853,4194309],"BlockIds":[18017,18017,18017,18017,18017,18017,18017,18017,18017,18017,18017,18017,211630,18017,18017,18017,18017,18017,18017,18017,18017,18017,18017,18017,17987,17987,17987,17987,17987,17987,18017,18017,211630,18017,18017,18017,18017,211630,42579,42579,18017,18017,18017,18017,18017,17987,17987,17987,17987,17987,17987,18017,18017,18017,18017,18017,18017,18017,42579,4281,4281,211630,17977,18057,18017,17987,17987,17987,17987,17987,17987,18017,18017,211630,18017,18017,18017,18017,211630,211630,18017,5493,18017,17982,18017,17987,17987,17987,17987,18017,18017,18017,18017,18017,18017,18017,4281,4281,211630,18017,18017,18017,42579,18017,18017,18017,211630,17987,17987,18017,18017,18017,18017,18017,18017,18017,211630,18017,18017,18017,211630,18017,18017,211630,211630,211630],"DecorIndices":[],"DecorIds":[],"BlockEntities":{"2097152":"!<d@[F*QXD!!!$&E,TfC'*&\"4!<d@[F*\\>s!!!0/@VfsmCI<#NAJ&rkDId[&BmO?2/T,KID..5b$#+:#ASuU.Ed7ZiEH>r7FE7ch!!!3,F)5c:EsD_\"z!(03U!!*'\"!!!6)0`V1R!!$V#!!!$\"!!!!(!AXWT!!!\"-7K<Dhz!!!E4@q]:g@qB]gz!2)UX!:W8S!$FT.zzzzzzz","2049":"!<d@[F*Q[E!!!$&E,TfC&HDe2!<d@[F*\\Du!!!0/@VfsmCI<#NAJ&rkDId[&BmO?2/T,KID..5b$#+:#ASuU.Ed7ZiEH>r7FE7ch!!!3,F)5c:EsD_\"z!(03U!!*'\"!!!6)0`V1R!!$V#!!!$\"!!!!(!AXWT!!!\"-7K<Dhz!!!E4@q]:g@qB]gz!2)UX!:W8S!$FT.zzzzzzz","1049601":"!<d@[F*Q[E!!!$&E,TfC&c_n3!<d@[F*\\At!!!0/@VfsmCI<#NAJ&rkDId[&BmO?2/T,KID..5b$#+:#ASuU.Ed7ZiEH>r7FE7ch!!!3,F)5c:EsD_\"z!(-be!!*'\"!!!6)0`V1R!!#Cf!!!$\"!!!!(!AXWT!!!!f!<<*#z#6?U\\z7KEJh!<<*\"!!`N]z!(R%i!!*'\"!!!6)2#mUV!!#Oj!!!$\"z!\"9*BBOPdgATJ1YzE'XI(E'XI(TKrPXE'XI(E'XI(TKrPXzzz!!!!","1051649":"!<d@[F*Q[E!!!$&E,TfC&c_n3!<d@[F*\\H!!!!0/@VfsmCI<#NAHu^]F`__:EWlSfH#R='E+s-\"/U(c7E,TVK\":&scFCB9&=9&=$!!EUFATMNNDJ*csgCMCj\":&scFCB9&=o\\O&!!rsADes6$@ru9m!!!","1052673":"!<d@[F*Q[E!!!$&E,TfC&c_n3!<d@[F*\\K\"!!!0/@VfsmCI<#NAHu^]F`__:EWlSfH#R=#@WGn'Bk;<@\":&scFCB9&=9&=$!!EUFATMNNDJ*csdSp$-\":&scFCB9&=o\\O&!!rsADes6$@ru9m!!!","1049602":"!<d@[F*Q^F!!!$&E,TfC&c_n3!<d@[F*\\At!!!0/@VfsmCI<#NAHu^]F`__:EWlSfH#R=&E+s-\"/TboLCi_?7#BFa)@<?'_z\":8pVF(djWB5D/6%nStg#BFa)@<?'az#mk*[Ci!ZmFCet_!!","1053698":"!<d@[F*Q^F!!!$&E,TfC&c_n3!<d@[F*\\N#!!!0/@VfsmCI<#NAJ&rkDId[&BmO?2/T,KID..5b$#+:#ASuU.Ed7ZiEH>r7FE7ch!!!3,F)5c:EsD_\"z!;m]8!!*'\"!!!6)0`V1R!!)s8!<<-#!!!!(!AXWT!!!#u)$'^<z#6?U\\zrtth;!<<*\"!!`N]z!!!o<!!*'\"!!!6)2#mUV!!!$<!<<-#!!!!(!B'oX!!!!#)?Bg=z#6?a`zU'(Gr!<<*\"!!`Naz!!F2@!!*'\"!!!6)3<0$Z!!#rp!!!$\"!!!0*FEqh:%!$K\"@VfU-GAhD11]RLU$jU9U@;]RdEs_mI!!!!A5l^m-5l^m-5l^m-5l^m-5l^m-5l^m-5l^m-5l^m-5l^m-5l^","2051":"!<d@[F*QaG!!!$&E,TfC&HDe2!<d@[F*\\Du!!!0/@VfsmCI<#NAJ&rkDId[&BmO?2/T,KID..5b$#+:#ASuU.Ed7ZiEH>r7FE7ch!!!3,F)5c:EsD_\"z!(03U!!*'\"!!!6)0`V1R!!$V#!!!$\"!!!!(!AXWT!!!\"-7K<Dhz!!!E4@q]:g@qB]gz!2)UX!:W8S!$FT.zzzzzzz","1049603":"!<d@[F*QaG!!!$&E,TfC&c_n3!<d@[F*\\At!!!0/@VfsmCI<#NAJ&rkDId[&BmO?2/T,KID..5b$#+:#ASuU.Ed7ZiEH>r7FE7ch!!!3,F)5c:EsD_\"z!(03U!!*'\"!!!6)0`V1R!!$V#!!!$\"!!!!(!AXWT!!!\"-7K<Dhz!!!E4@q]:g@qB]gz!2)UX!:W8S!$FT.zzzzzzz","1051651":"!<d@[F*QaG!!!$&E,TfC&c_n3!<d@[F*\\H!!!!0/@VfsmCI<#NAJ&rkDId[&BmO?2/T,KID..5b$#+:#ASuU.Ed7ZiEH>r7FE7ch!!!3,F)5c:EsD_\"z!(03U!!*'\"!!!6)0`V1R!!$V#!!!$\"!!!!(!AXWT!!!\"-7K<Dhz!!!E4@q]:g@qB]gz!2)UX!:W8S!$FT.zzzzzzz","2101251":"!<d@[F*QaG!!!$&E,TfC'*&\"4!<d@[F*\\K\"!!!0/@VfsmCI<#NAI`g#DesH&@r!Z;Dfp/8\"po!]G%GQ5DfU+(#'\"^#Dfg%'!!!!'\"`nKuFE7Zf0`V4S!!(RZ!!!$\"!!!!(!AXWU!!!#>%0-A/z!!!!","1051652":"!<d@[F*QdH!!!$&E,TfC&c_n3!<d@[F*\\H!!!!0/@VfsmCI<#NAJ&rkDId[&BmO?2/T,KID..5b$#+:#ASuU.Ed7ZiEH>r7FE7ch!!!3,F)5c:EsD_\"z!(03U!!*'\"!!!6)0`V1R!!$V#!!!$\"!!!!(!AXWT!!!\"-7K<Dhz!!!E4@q]:g@qB]gz!2)UX!:W8S!$FT.zzzzzzz","2101252":"!<d@[F*QdH!!!$&E,TfC'*&\"4!<d@[F*\\K\"!!!0/@VfsmCI<#NAHu^]F`__:EWlSfH#R='E+s-\"/U(c7E,TVO\":&scFCB9&=9&=$!!EUFATMNNDJ*csi9`25\":&scFCB9&=o\\O&!!rsADes6$@ru9m!!!","4194308":"!<d@[F*QdH!!!$&E,TfC'`\\46!<d@[F*\\>s!!!0/@VfsmCI<#NAJ&rkDId[&BmO?2/T,KID..5b$#+:#ASuU.Ed7ZiEH>r7FE7ch!!!3,F)5c:EsD_\"z!(03U!!*'\"!!!6)0`V1R!!$V#!!!$\"!!!!(!AXWT!!!\"-7K<Dhz!!!E4@q]:g@qB]gz!2)UX!:W8S!$FT.zzzzzzz","1049605":"!<d@[F*QgI!!!$&E,TfC&c_n3!<d@[F*\\At!!!0/@VfsmCI<#NAJ&rkDId[&BmO?2/T,KID..5b$#+:#ASuU.Ed7ZiEH>r7FE7ch!!!3,F)5c:EsD_\"z!(03U!!*'\"!!!6)0`V1R!!$V#!!!$\"!!!!(!AXWT!!!\"-7K<Dhz!!!E4@q]:g@qB]gz!2)UX!:W8S!$FT.zzzzzzz","2101253":"!<d@[F*QgI!!!$&E,TfC'*&\"4!<d@[F*\\K\"!!!0/@VfsmCI<#NAJ&rkDId[&BmO?2/T,KID..5b$#+:#ASuU.Ed7ZiEH>r7FE7ch!!!3,F)5c:EsD_\"z!(03U!!*'\"!!!6)0`V1R!!$V#!!!$\"!!!!(!AXWT!!!\"-7K<Dhz!!!E4@q]:g@qB]gz!2)UX!:W8S!$FT.zzzzzzz","3146757":"!<d@[F*QgI!!!$&E,TfC'EA+5!<d@[F*\\At!!!0/@VfsmCI<#NAJ&rkDId[&BmO?2/T,KID..5b$#+:#ASuU.Ed7ZiEH>r7FE7ch!!!3,F)5c:EsD_\"z!(03U!!*'\"!!!6)0`V1R!!$V#!!!$\"!!!!(!AXWT!!!\"-7K<Dhz!!!E4@q]:g@qB]gz!2)UX!:W8S!$FT.zzzzzzz","3150853":"!<d@[F*QgI!!!$&E,TfC'EA+5!<d@[F*\\N#!!!0/@VfsmCI<#NAJ&rkDId[&BmO?2/T,KID..5b$#+:#ASuU.Ed7ZiEH>r7FE7ch!!!3,F)5c:EsD_\"z!(03U!!*'\"!!!6)0`V1R!!$V#!!!$\"!!!!(!AXWT!!!\"-7K<Dhz!!!E4@q]:g@qB]gz!2)UX!:W8S!$FT.zzzzzzz","4194309":"!<d@[F*QgI!!!$&E,TfC'`\\46!<d@[F*\\>s!!!0/@VfsmCI<#NAJ&rkDId[&BmO?2/T,KID..5b$#+:#ASuU.Ed7ZiEH>r7FE7ch!!!3,F)5c:EsD_\"z!(03U!!*'\"!!!6)0`V1R!!$V#!!!$\"!!!!(!AXWT!!!\"-7K<Dhz!!!E4@q]:g@qB]gz!2)UX!:W8S!$FT.zzzzzzz"},"Entities":[],"ReplaceMode":2,"EntranceRotation":-1}