{
	"editor": {
		"collapsedPaths": "Root/blademiddle1/blademiddle2,Root/origin/handle/blademiddle1,Root/origin/handle/hilt/blademiddle1",
		"allAngles": false,
		"entityTextureMode": false
	},
	"textureWidth": 16,
	"textureHeight": 8,
	"textureSizes": {
		"blackbronze": [16,16],
		"metal": [16,16],
		"wood": [16,16],
		"handle": [16,16]
	},
	"textures": {
	},
	"elements": [
		{
			"name": "origin",
			"from": [ 8.0, 0.0, 8.0 ],
			"to": [ 8.0, 0.0, 8.0 ],
			"rotationOrigin": [ 8.0, 0.0, 8.0 ],
			"faces": {
			}
		},
		{
			"name": "blademiddle2",
			"from": [ 29.2, -0.25, 7.75 ],
			"to": [ 45.2, 0.25, 8.25 ],
			"rotationOrigin": [ 29.2, 0.0, 8.0 ],
			"faces": {
				"north": { "texture": "#blackbronze", "uv": [ 0.0, 8.0, 16.0, 8.5 ] },
				"east": { "texture": "#blackbronze", "uv": [ 0.5, 14.0, 1.0, 14.5 ] },
				"south": { "texture": "#blackbronze", "uv": [ 0.0, 8.0, 16.0, 8.5 ] },
				"up": { "texture": "#blackbronze", "uv": [ 0.0, 2.0, 16.0, 2.5 ] },
				"down": { "texture": "#blackbronze", "uv": [ 0.0, 11.5, 16.0, 12.0 ] }
			},
			"children": [
				{
					"name": "tip",
					"from": [ 23.6, 0.15, -0.09 ],
					"to": [ 24.2, 0.35, 0.46 ],
					"rotationOrigin": [ 23.9, 0.25, 0.2 ],
					"rotationY": 45.0,
					"faces": {
						"north": { "texture": "#blackbronze", "uv": [ 1.5, 13.0, 2.0, 13.5 ] },
						"east": { "texture": "#blackbronze", "uv": [ 13.0, 9.0, 13.5, 9.5 ] },
						"south": { "texture": "#blackbronze", "uv": [ 14.5, 10.0, 15.0, 10.5 ] },
						"west": { "texture": "#blackbronze", "uv": [ 11.5, 4.0, 12.0, 4.5 ] },
						"up": { "texture": "#blackbronze", "uv": [ 10.0, 9.0, 10.5, 9.5 ] },
						"down": { "texture": "#blackbronze", "uv": [ 0.0, 0.5, 0.5, 1.0 ] }
					}
				}
			]
		},
		{
			"name": "blademiddle1",
			"from": [ 13.2, -0.25, 7.75 ],
			"to": [ 29.2, 0.25, 8.25 ],
			"rotationOrigin": [ 13.2, -0.1, 8.0 ],
			"faces": {
				"up": { "texture": "#blackbronze", "uv": [ 0.0, 3.5, 16.0, 4.0 ] },
				"down": { "texture": "#blackbronze", "uv": [ 0.0, 11.0, 16.0, 11.5 ] }
			}
		},
		{
			"name": "blade1S",
			"from": [ 13.1, -0.1, 8.25 ],
			"to": [ 29.1, 0.1, 9.25 ],
			"rotationOrigin": [ 13.2, 0.0, 8.75 ],
			"rotationY": 0.5,
			"faces": {
				"east": { "texture": "#blackbronze", "uv": [ 7.0, 0.0, 8.0, 0.5 ] },
				"south": { "texture": "#blackbronze", "uv": [ 0.0, 11.0, 16.0, 11.5 ] },
				"up": { "texture": "#blackbronze", "uv": [ 0.0, 3.0, 16.0, 4.0 ] },
				"down": { "texture": "#blackbronze", "uv": [ 0.0, 6.0, 16.0, 7.0 ] }
			},
			"children": [
				{
					"name": "blade2S",
					"from": [ 16.0, 0.01, 0.2 ],
					"to": [ 32.0, 0.21, 1.0 ],
					"rotationOrigin": [ 16.0, 0.1, 1.0 ],
					"rotationY": 1.0,
					"faces": {
						"north": { "texture": "#blackbronze", "uv": [ 0.0, 4.0, 16.0, 4.5 ] },
						"east": { "texture": "#blackbronze", "uv": [ 10.0, 12.5, 10.5, 13.0 ] },
						"south": { "texture": "#blackbronze", "uv": [ 0.0, 14.5, 16.0, 15.0 ] },
						"up": { "texture": "#blackbronze", "uv": [ 0.0, 3.0, 16.0, 3.5 ] },
						"down": { "texture": "#blackbronze", "uv": [ 0.0, 13.0, 16.0, 13.5 ] }
					},
					"children": [
						{
							"name": "blade3S",
							"from": [ 16.0, -0.01, 0.1 ],
							"to": [ 24.0, 0.19, 0.8 ],
							"rotationOrigin": [ 16.0, 0.1, 0.8 ],
							"rotationY": 1.0,
							"faces": {
								"north": { "texture": "#blackbronze", "uv": [ 1.0, 13.5, 9.0, 14.0 ] },
								"east": { "texture": "#blackbronze", "uv": [ 13.5, 9.5, 14.0, 10.0 ] },
								"south": { "texture": "#blackbronze", "uv": [ 5.5, 4.5, 13.5, 5.0 ] },
								"west": { "texture": "#blackbronze", "uv": [ 11.0, 3.0, 11.5, 3.5 ] },
								"up": { "texture": "#blackbronze", "uv": [ 1.0, 5.5, 9.0, 6.0 ] },
								"down": { "texture": "#blackbronze", "uv": [ 2.0, 15.0, 10.0, 15.5 ] }
							}
						}
					]
				}
			]
		},
		{
			"name": "blade1N",
			"from": [ 13.1, -0.1, 6.75 ],
			"to": [ 29.1, 0.1, 7.75 ],
			"rotationOrigin": [ 13.2, 0.0, 7.25 ],
			"rotationY": -0.5,
			"faces": {
				"north": { "texture": "#blackbronze", "uv": [ 0.0, 4.0, 16.0, 4.5 ] },
				"east": { "texture": "#blackbronze", "uv": [ 5.0, 0.0, 6.0, 0.5 ] },
				"up": { "texture": "#blackbronze", "uv": [ 0.0, 5.0, 16.0, 6.0 ] },
				"down": { "texture": "#blackbronze", "uv": [ 0.0, 0.0, 16.0, 1.0 ] }
			},
			"children": [
				{
					"name": "blade2N",
					"from": [ 16.0, 0.01, 0.0 ],
					"to": [ 32.0, 0.21, 0.8 ],
					"rotationOrigin": [ 16.0, 0.1, 0.0 ],
					"rotationY": -1.0,
					"faces": {
						"north": { "texture": "#blackbronze", "uv": [ 0.0, 14.5, 16.0, 15.0 ] },
						"east": { "texture": "#blackbronze", "uv": [ 10.0, 7.5, 10.5, 8.0 ] },
						"south": { "texture": "#blackbronze", "uv": [ 0.0, 6.0, 16.0, 6.5 ] },
						"up": { "texture": "#blackbronze", "uv": [ 0.0, 12.5, 16.0, 13.0 ] },
						"down": { "texture": "#blackbronze", "uv": [ 0.0, 8.0, 16.0, 8.5 ] }
					},
					"children": [
						{
							"name": "blade3N",
							"from": [ 16.0, 0.01, 0.0 ],
							"to": [ 24.0, 0.21, 0.7 ],
							"rotationOrigin": [ 16.0, 0.1, 0.0 ],
							"faces": {
								"north": { "texture": "#blackbronze", "uv": [ 6.5, 13.0, 14.5, 13.5 ] },
								"east": { "texture": "#blackbronze", "uv": [ 9.0, 8.0, 9.5, 8.5 ] },
								"south": { "texture": "#blackbronze", "uv": [ 6.5, 4.5, 14.5, 5.0 ] },
								"west": { "texture": "#blackbronze", "uv": [ 6.0, 7.0, 6.5, 7.5 ] },
								"up": { "texture": "#blackbronze", "uv": [ 5.0, 12.5, 13.0, 13.0 ] },
								"down": { "texture": "#blackbronze", "uv": [ 4.0, 14.5, 12.0, 15.0 ] }
							}
						}
					]
				}
			]
		},
		{
			"name": "fuller1N",
			"from": [ 13.2, -0.35, 7.45 ],
			"to": [ 29.2, 0.15, 7.95 ],
			"rotationOrigin": [ 13.2, -0.1, 7.7 ],
			"rotationX": -45.0,
			"faces": {
				"north": { "texture": "#blackbronze", "uv": [ 0.0, 5.5, 16.0, 6.0 ] },
				"east": { "texture": "#blackbronze", "uv": [ 9.5, 13.0, 10.0, 13.5 ] },
				"south": { "texture": "#blackbronze", "uv": [ 0.0, 3.5, 16.0, 4.0 ] },
				"up": { "texture": "#blackbronze", "uv": [ 0.0, 12.0, 16.0, 12.5 ] },
				"down": { "texture": "#blackbronze", "uv": [ 0.0, 2.0, 16.0, 2.5 ] }
			},
			"children": [
				{
					"name": "fuller2N",
					"from": [ 16.0, 0.0, 0.0 ],
					"to": [ 19.0, 0.5, 0.5 ],
					"rotationOrigin": [ 16.0, 0.25, 0.25 ],
					"rotationY": -4.0,
					"rotationZ": -4.0,
					"faces": {
						"north": { "texture": "#blackbronze", "uv": [ 12.0, 1.0, 15.0, 1.5 ] },
						"east": { "texture": "#blackbronze", "uv": [ 1.0, 9.5, 1.5, 10.0 ] },
						"south": { "texture": "#blackbronze", "uv": [ 6.0, 4.0, 9.0, 4.5 ] },
						"up": { "texture": "#blackbronze", "uv": [ 0.0, 4.0, 3.0, 4.5 ] },
						"down": { "texture": "#blackbronze", "uv": [ 1.0, 11.0, 4.0, 11.5 ] }
					}
				}
			]
		},
		{
			"name": "fuller1S",
			"from": [ 13.2, -0.35, 8.15 ],
			"to": [ 29.2, 0.15, 8.65 ],
			"rotationOrigin": [ 13.2, -0.1, 8.4 ],
			"rotationX": -45.0,
			"faces": {
				"north": { "texture": "#blackbronze", "uv": [ 0.0, 14.0, 16.0, 14.5 ] },
				"east": { "texture": "#blackbronze", "uv": [ 14.5, 6.5, 15.0, 7.0 ] },
				"south": { "texture": "#blackbronze", "uv": [ 0.0, 10.0, 16.0, 10.5 ] },
				"up": { "texture": "#blackbronze", "uv": [ 0.0, 6.5, 16.0, 7.0 ] },
				"down": { "texture": "#blackbronze", "uv": [ 0.0, 10.5, 16.0, 11.0 ] }
			},
			"children": [
				{
					"name": "fuller2S",
					"from": [ 16.0, 0.0, 0.0 ],
					"to": [ 19.0, 0.5, 0.5 ],
					"rotationOrigin": [ 16.0, 0.25, 0.25 ],
					"rotationY": 4.0,
					"rotationZ": 4.0,
					"faces": {
						"north": { "texture": "#blackbronze", "uv": [ 0.0, 13.0, 3.0, 13.5 ] },
						"east": { "texture": "#blackbronze", "uv": [ 11.5, 5.0, 12.0, 5.5 ] },
						"south": { "texture": "#blackbronze", "uv": [ 11.5, 14.5, 14.5, 15.0 ] },
						"up": { "texture": "#blackbronze", "uv": [ 12.0, 13.5, 15.0, 14.0 ] },
						"down": { "texture": "#blackbronze", "uv": [ 6.5, 13.5, 9.5, 14.0 ] }
					}
				}
			]
		},
		{
			"name": "blademiddle3",
			"from": [ 8.2, -0.25, 7.75 ],
			"to": [ 13.2, 0.25, 8.25 ],
			"rotationOrigin": [ 8.2, -0.1, 8.0 ],
			"faces": {
				"up": { "texture": "#blackbronze", "uv": [ 0.0, 3.5, 5.0, 4.0 ] },
				"down": { "texture": "#blackbronze", "uv": [ 0.0, 11.0, 5.0, 11.5 ] }
			}
		}
	]}