{
	"editor": {
		"backDropShape": "entity/humanoid/seraph",
		"allAngles": true,
		"entityTextureMode": true
	},
	"textureWidth": 28,
	"textureHeight": 56,
	"textureSizes": {
		"coat": [28,56]
	},
	"textures": {
	},
	"elements": [
		{
			"name": "CollarOrigin2",
			"stepParentName": "Neck",
			"from": [ -0.075, 0.375, 0.0 ],
			"to": [ 2.175, 1.875, 2.25 ],
			"unwrapMode": 4,
			"uv": [ 25.5, 34.0 ],
			"rotationOrigin": [ -0.075, 0.375, 0.0 ],
			"faces": {
			},
			"children": [
				{
					"name": "CollarW",
					"from": [ -0.15, 0.0, -0.15 ],
					"to": [ 0.0, 1.5, 2.4 ],
					"unwrapMode": 4,
					"autoUnwrap": false,
					"uv": [ 16.0, 2.0 ],
					"rotationOrigin": [ -0.15, 0.0, -0.15 ],
					"faces": {
						"east": { "texture": "#coat", "uv": [ 16.5, 0.0, 19.5, 2.0 ], "rotation": 180, "autoUv": false },
						"west": { "texture": "#coat", "uv": [ 16.5, 2.5, 19.5, 4.5 ], "autoUv": false },
						"up": { "texture": "#coat", "uv": [ 16.5, 2.0, 19.5, 2.5 ], "rotation": 90, "autoUv": false, "windMode": [-1,-1,-1,-1], "windData": [1,1,1,1] }
					}
				},
				{
					"name": "CollarN",
					"from": [ -0.15, 0.0, -0.15 ],
					"to": [ 2.475, 1.5, 0.0 ],
					"unwrapMode": 1,
					"autoUnwrap": false,
					"uv": [ 12.5, 2.0 ],
					"rotationOrigin": [ -0.15, 0.0, -0.15 ],
					"faces": {
						"north": { "texture": "#coat", "uv": [ 13.0, 2.5, 16.5, 4.5 ], "autoUv": false },
						"south": { "texture": "#coat", "uv": [ 13.0, 0.0, 16.5, 2.0 ], "rotation": 180, "autoUv": false, "windMode": [-1,-1,-1,-1], "windData": [1,1,1,1] },
						"up": { "texture": "#coat", "uv": [ 13.0, 2.0, 16.5, 2.5 ], "rotation": 180, "autoUv": false, "windMode": [-1,-1,-1,-1], "windData": [1,1,1,1] }
					}
				},
				{
					"name": "CollarE",
					"from": [ 2.325, 0.0, -0.15 ],
					"to": [ 2.475, 1.5, 2.4 ],
					"unwrapMode": 2,
					"autoUnwrap": false,
					"uv": [ 22.5, 2.0 ],
					"rotationOrigin": [ 2.475, 0.0, -0.15 ],
					"faces": {
						"east": { "texture": "#coat", "uv": [ 23.0, 2.5, 26.0, 4.5 ], "autoUv": false },
						"west": { "texture": "#coat", "uv": [ 23.0, 0.0, 26.0, 2.0 ], "rotation": 180, "autoUv": false, "windMode": [-1,-1,-1,-1], "windData": [1,1,1,1] },
						"up": { "texture": "#coat", "uv": [ 23.0, 2.0, 26.0, 2.5 ], "rotation": 270, "autoUv": false }
					}
				},
				{
					"name": "CollarS",
					"from": [ -0.15, 0.0, 2.25 ],
					"to": [ 2.475, 1.5, 2.4 ],
					"unwrapMode": 3,
					"autoUnwrap": false,
					"uv": [ 19.0, 2.0 ],
					"rotationOrigin": [ -0.15, 0.0, 2.4 ],
					"faces": {
						"north": { "texture": "#coat", "uv": [ 19.5, 0.0, 23.0, 2.0 ], "rotation": 180, "autoUv": false },
						"south": { "texture": "#coat", "uv": [ 19.5, 2.5, 23.0, 4.5 ], "autoUv": false },
						"up": { "texture": "#coat", "uv": [ 19.5, 2.0, 23.0, 2.5 ], "autoUv": false }
					}
				}
			]
		}
	]}