{
	"editor": {
		"backDropShape": "entity/humanoid/seraph-hairless",
		"collapsedPaths": "Root/bandN/toothR1,Root/bandN/toothL1",
		"allAngles": false,
		"entityTextureMode": true
	},
	"textureWidth": 28,
	"textureHeight": 64,
	"textureSizes": {
		"coat": [28,64]
	},
	"textures": {
	},
	"elements": [
		{
			"name": "UpperTorsoOrigin",
			"stepParentName": "UpperTorso",
			"from": [ -0.0225, -0.0225, -0.0225 ],
			"to": [ 3.7725, 3.7725, 4.6725 ],
			"unwrapMode": 4,
			"autoUnwrap": false,
			"uv": [ 10.0, 0.0 ],
			"rotationOrigin": [ 1.5, 1.5, 2.4375 ],
			"faces": {
				"north": { "texture": "#coat", "uv": [ 1.0, 5.5, 6.0, 10.5 ], "autoUv": false, "windMode": [-1,-1,-1,-1], "windData": [1,1,1,1] },
				"east": { "texture": "#coat", "uv": [ 17.0, 5.5, 23.0, 10.5 ], "autoUv": false, "windMode": [-1,-1,-1,-1] },
				"south": { "texture": "#coat", "uv": [ 12.0, 5.5, 17.0, 10.5 ], "autoUv": false },
				"west": { "texture": "#coat", "uv": [ 6.0, 5.5, 12.0, 10.5 ], "autoUv": false },
				"up": { "texture": "#coat", "uv": [ 6.0, 0.5, 12.0, 5.5 ], "rotation": 90, "autoUv": false },
				"down": { "texture": "#coat", "uv": [ 19.0, 41.0, 25.0, 46.0 ], "rotation": 90, "autoUv": false, "windMode": [-1,-1,-1,-1] }
			},
			"children": [
				{
					"name": "Blackout",
					"from": [ 0.075, 0.6, 0.45 ],
					"to": [ 3.675, 3.6, 4.2 ],
					"autoUnwrap": false,
					"uv": [ 23.0, 9.0 ],
					"rotationOrigin": [ 0.075, 0.6, 0.45 ],
					"faces": {
						"north": { "texture": "#coat", "uv": [ 0.0, 0.0, 4.5, 4.0 ], "autoUv": false },
						"east": { "texture": "#coat", "uv": [ 1.0, 0.0, 5.0, 5.0 ], "rotation": 90, "autoUv": false, "windMode": [-1,-1,-1,-1], "windData": [1,1,1,1] },
						"south": { "texture": "#coat", "uv": [ 0.0, 1.0, 4.5, 5.0 ], "autoUv": false, "windMode": [-1,-1,-1,-1], "windData": [1,1,1,1] },
						"west": { "texture": "#coat", "uv": [ 0.5, 0.0, 4.5, 5.0 ], "rotation": 90, "autoUv": false, "windMode": [-1,-1,-1,-1], "windData": [1,1,1,1] },
						"up": { "texture": "#coat", "uv": [ 0.0, 0.0, 4.5, 5.0 ], "autoUv": false },
						"down": { "texture": "#coat", "uv": [ 0.5, 0.0, 5.0, 5.0 ], "autoUv": false }
					}
				}
			]
		},
		{
			"name": "LowerTorsoOrigin",
			"stepParentName": "LowerTorso",
			"from": [ -0.0225, -0.0225, -0.0225 ],
			"to": [ 3.7725, 3.7725, 4.5225 ],
			"unwrapMode": 4,
			"autoUnwrap": false,
			"uv": [ 9.0, 10.0 ],
			"rotationOrigin": [ 2.25, 2.25, 2.25 ],
			"faces": {
				"north": { "texture": "#coat", "uv": [ 1.0, 10.5, 6.0, 15.5 ], "autoUv": false },
				"east": { "texture": "#coat", "uv": [ 17.0, 10.5, 23.0, 15.5 ], "autoUv": false },
				"south": { "texture": "#coat", "uv": [ 12.0, 10.5, 17.0, 15.5 ], "autoUv": false },
				"west": { "texture": "#coat", "uv": [ 6.0, 10.5, 12.0, 15.5 ], "autoUv": false },
				"up": { "texture": "#coat", "uv": [ 19.0, 41.0, 25.0, 46.0 ], "rotation": 270, "autoUv": false, "windMode": [-1,-1,-1,-1], "windData": [1,1,1,1] },
				"down": { "texture": "#coat", "uv": [ 0.0, 41.0, 6.0, 46.0 ], "rotation": 90, "autoUv": false, "windMode": [-1,-1,-1,-1] }
			},
			"children": [
				{
					"name": "coatFrontTile",
					"from": [ 0.0, -4.545, 0.0 ],
					"to": [ 0.795, 0.0, 4.545 ],
					"autoUnwrap": false,
					"uv": [ 4.5, 38.85 ],
					"rotationOrigin": [ 0.0, 0.0, 2.25 ],
					"rotationZ": -3.5,
					"faces": {
						"north": { "texture": "#coat", "uv": [ 5.0, 15.5, 6.0, 21.5 ], "autoUv": false, "windMode": [-1,-1,-1,-1] },
						"south": { "texture": "#coat", "uv": [ 12.0, 15.5, 13.0, 21.5 ], "autoUv": false, "windMode": [-1,-1,-1,-1] },
						"west": { "texture": "#coat", "uv": [ 6.0, 15.5, 12.0, 21.5 ], "autoUv": false, "windMode": [-1,-1,-1,-1] }
					}
				},
				{
					"name": "coatBackTile",
					"from": [ 3.0, -4.545, 0.0 ],
					"to": [ 3.795, 0.0, 4.545 ],
					"unwrapMode": 2,
					"autoUnwrap": false,
					"uv": [ 24.0, 14.0 ],
					"rotationOrigin": [ 3.795, 0.0, 2.25 ],
					"rotationZ": -5.0,
					"faces": {
						"north": { "texture": "#coat", "uv": [ 1.0, 15.5, 2.0, 21.5 ], "autoUv": false, "windMode": [-1,-1,-1,-1] },
						"east": { "texture": "#coat", "uv": [ 17.0, 15.5, 23.0, 21.5 ], "autoUv": false, "windMode": [-1,-1,-1,-1] },
						"south": { "texture": "#coat", "uv": [ 16.0, 15.5, 17.0, 21.5 ], "autoUv": false, "windMode": [-1,-1,-1,-1] }
					}
				}
			]
		},
		{
			"name": "UpperFootLOrigin",
			"stepParentName": "UpperFootL",
			"from": [ -0.0225, -0.0225, -0.0225 ],
			"to": [ 3.1725, 6.7725, 2.4225 ],
			"unwrapMode": 3,
			"autoUnwrap": false,
			"uv": [ 15.0, 19.62 ],
			"rotationOrigin": [ 1.5, 6.75, 2.4 ],
			"faces": {
				"east": { "texture": "#coat", "uv": [ 20.0, 22.0, 23.0, 31.0 ], "autoUv": false, "windMode": [-1,-1,-1,-1] },
				"south": { "texture": "#coat", "uv": [ 16.0, 22.0, 20.0, 31.0 ], "autoUv": false, "windMode": [-1,-1,-1,-1] },
				"west": { "texture": "#coat", "uv": [ 13.0, 22.0, 16.0, 31.0 ], "autoUv": false },
				"up": { "texture": "#coat", "uv": [ 12.5, 11.5, 16.5, 14.5 ], "autoUv": false, "windMode": [-1,-1,-1,-1], "windData": [1,1,1,1] }
			}
		},
		{
			"name": "UpperFootROrigin",
			"stepParentName": "UpperFootR",
			"from": [ -0.0225, -0.0225, -0.0225 ],
			"to": [ 3.1725, 6.7725, 2.4225 ],
			"unwrapMode": 1,
			"autoUnwrap": false,
			"uv": [ 1.0, 19.62 ],
			"rotationOrigin": [ 1.5, 6.75, 0.0 ],
			"faces": {
				"north": { "texture": "#coat", "uv": [ 4.0, 22.0, 8.0, 31.0 ], "autoUv": false, "windMode": [-1,-1,-1,-1], "windData": [0,1,1,0] },
				"east": { "texture": "#coat", "uv": [ 1.0, 22.0, 4.0, 31.0 ], "autoUv": false, "windMode": [-1,-1,-1,-1] },
				"west": { "texture": "#coat", "uv": [ 8.0, 22.0, 11.0, 31.0 ], "autoUv": false, "windMode": [-1,-1,-1,-1] },
				"up": { "texture": "#coat", "uv": [ 1.5, 11.5, 5.5, 14.5 ], "rotation": 180, "autoUv": false, "windMode": [-1,-1,-1,-1], "windData": [1,1,1,1] }
			}
		},
		{
			"name": "UpperArmROrigin",
			"stepParentName": "UpperArmR",
			"from": [ -0.0225, -0.0225, -0.0225 ],
			"to": [ 2.2725, 5.2725, 1.5225 ],
			"unwrapMode": 1,
			"autoUnwrap": false,
			"uv": [ 8.0, 21.0 ],
			"rotationOrigin": [ 1.125, 5.25, 0.75 ],
			"faces": {
				"north": { "texture": "#coat", "uv": [ 4.0, 46.5, 7.0, 53.5 ], "autoUv": false },
				"east": { "texture": "#coat", "uv": [ 2.0, 46.5, 4.0, 53.5 ], "autoUv": false },
				"south": { "texture": "#coat", "uv": [ 9.0, 46.5, 12.0, 53.5 ], "autoUv": false },
				"west": { "texture": "#coat", "uv": [ 7.0, 46.5, 9.0, 53.5 ], "autoUv": false },
				"up": { "texture": "#coat", "uv": [ 7.0, 43.5, 9.0, 46.5 ], "rotation": 90, "autoUv": false, "windMode": [-1,-1,-1,-1] },
				"down": { "texture": "#coat", "uv": [ 10.0, 43.0, 12.0, 46.0 ], "rotation": 90, "autoUv": false, "windMode": [-1,-1,-1,-1] }
			}
		},
		{
			"name": "UpperArmLOrigin",
			"stepParentName": "UpperArmL",
			"from": [ -0.0225, -0.0225, -0.0225 ],
			"to": [ 2.2725, 5.2725, 1.5225 ],
			"unwrapMode": 3,
			"autoUnwrap": false,
			"uv": [ 0.0, 13.0 ],
			"rotationOrigin": [ 1.125, 5.175, 0.75 ],
			"faces": {
				"north": { "texture": "#coat", "uv": [ 13.0, 46.5, 16.0, 53.5 ], "autoUv": false },
				"east": { "texture": "#coat", "uv": [ 21.0, 46.5, 23.0, 53.5 ], "autoUv": false, "windMode": [-1,-1,-1,-1] },
				"south": { "texture": "#coat", "uv": [ 18.0, 46.5, 21.0, 53.5 ], "autoUv": false, "windMode": [-1,-1,-1,-1] },
				"west": { "texture": "#coat", "uv": [ 16.0, 46.5, 18.0, 53.5 ], "autoUv": false },
				"up": { "texture": "#coat", "uv": [ 16.0, 43.5, 18.0, 46.5 ], "rotation": 90, "autoUv": false, "windMode": [-1,-1,-1,-1] },
				"down": { "texture": "#coat", "uv": [ 13.0, 43.0, 15.0, 46.0 ], "rotation": 90, "autoUv": false, "windMode": [-1,-1,-1,-1] }
			}
		},
		{
			"name": "LowerArmROrigin",
			"stepParentName": "LowerArmR",
			"from": [ -0.0225, -0.0225, -0.0225 ],
			"to": [ 1.8975, 6.0225, 1.5225 ],
			"unwrapMode": 1,
			"autoUnwrap": false,
			"uv": [ 0.0, 0.0 ],
			"rotationOrigin": [ 0.975, 5.85, 0.75 ],
			"faces": {
				"north": { "texture": "#coat", "uv": [ 4.5, 53.5, 7.0, 61.5 ], "autoUv": false },
				"east": { "texture": "#coat", "uv": [ 2.0, 53.5, 4.0, 61.5 ], "autoUv": false },
				"south": { "texture": "#coat", "uv": [ 9.0, 53.5, 11.5, 61.5 ], "autoUv": false },
				"west": { "texture": "#coat", "uv": [ 7.0, 53.5, 9.0, 61.5 ], "autoUv": false },
				"up": { "texture": "#coat", "uv": [ 10.0, 43.5, 12.0, 46.0 ], "rotation": 90, "autoUv": false, "windMode": [-1,-1,-1,-1] },
				"down": { "texture": "#coat", "uv": [ 7.0, 61.5, 9.0, 64.0 ], "rotation": 90, "autoUv": false, "windMode": [-1,-1,-1,-1] }
			}
		},
		{
			"name": "LowerArmLOrigin",
			"stepParentName": "LowerArmL",
			"from": [ -0.0225, -0.0225, -0.0225 ],
			"to": [ 1.8975, 6.0225, 1.5225 ],
			"unwrapMode": 3,
			"autoUnwrap": false,
			"uv": [ 0.0, 8.0 ],
			"rotationOrigin": [ 0.975, 5.85, 0.75 ],
			"faces": {
				"north": { "texture": "#coat", "uv": [ 13.5, 53.5, 16.0, 61.5 ], "autoUv": false },
				"east": { "texture": "#coat", "uv": [ 21.0, 53.5, 23.0, 61.5 ], "autoUv": false, "windMode": [-1,-1,-1,-1] },
				"south": { "texture": "#coat", "uv": [ 18.0, 53.5, 20.5, 61.5 ], "autoUv": false },
				"west": { "texture": "#coat", "uv": [ 16.0, 53.5, 18.0, 61.5 ], "autoUv": false },
				"up": { "texture": "#coat", "uv": [ 13.0, 43.5, 15.0, 46.0 ], "rotation": 90, "autoUv": false, "windMode": [-1,-1,-1,-1] },
				"down": { "texture": "#coat", "uv": [ 16.0, 61.5, 18.0, 64.0 ], "rotation": 90, "autoUv": false, "windMode": [-1,-1,-1,-1] }
			}
		},
		{
			"name": "LowerFootLOrigin",
			"stepParentName": "LowerFootL",
			"from": [ -0.0225, 0.375, -0.0225 ],
			"to": [ 3.0225, 7.5, 2.2725 ],
			"unwrapMode": 4,
			"autoUnwrap": false,
			"uv": [ 13.0, 27.0 ],
			"rotationOrigin": [ 1.5, 7.125, 1.125 ],
			"faces": {
				"east": { "texture": "#coat", "uv": [ 20.0, 31.0, 23.0, 40.5 ], "autoUv": false },
				"south": { "texture": "#coat", "uv": [ 16.0, 31.0, 20.0, 40.5 ], "autoUv": false },
				"west": { "texture": "#coat", "uv": [ 13.0, 31.0, 16.0, 40.5 ], "autoUv": false },
				"up": { "texture": "#coat", "uv": [ 23.5, 36.5, 26.5, 40.5 ], "rotation": 90, "autoUv": false, "windMode": [-1,-1,-1,-1] }
			}
		},
		{
			"name": "LowerFootROrigin",
			"stepParentName": "LowerFootR",
			"from": [ -0.0225, 0.375, -0.0225 ],
			"to": [ 3.0225, 7.5, 2.2725 ],
			"unwrapMode": 4,
			"autoUnwrap": false,
			"uv": [ 1.0, 27.0 ],
			"rotationOrigin": [ 1.5, 7.5, 1.125 ],
			"faces": {
				"north": { "texture": "#coat", "uv": [ 4.0, 31.0, 8.0, 40.5 ], "autoUv": false },
				"east": { "texture": "#coat", "uv": [ 1.0, 31.0, 4.0, 40.5 ], "autoUv": false },
				"west": { "texture": "#coat", "uv": [ 8.0, 31.0, 11.0, 40.5 ], "autoUv": false },
				"up": { "texture": "#coat", "uv": [ 23.5, 31.5, 26.5, 35.5 ], "rotation": 90, "autoUv": false, "windMode": [-1,-1,-1,-1] }
			}
		},
		{
			"name": "hidecollar",
			"stepParentName": "Neck",
			"from": [ -0.0225, 0.375, -0.0225 ],
			"to": [ 2.2725, 1.875, 2.2725 ],
			"unwrapMode": 4,
			"uv": [ 13.0, 2.5 ],
			"rotationOrigin": [ 0.0, 0.375, 0.0 ],
			"faces": {
				"north": { "texture": "#coat", "uv": [ 13.0, 2.5, 16.0, 4.5 ], "autoUv": false },
				"east": { "texture": "#coat", "uv": [ 22.0, 2.5, 25.0, 4.5 ], "autoUv": false },
				"south": { "texture": "#coat", "uv": [ 19.0, 2.5, 22.0, 4.5 ], "autoUv": false },
				"west": { "texture": "#coat", "uv": [ 16.0, 2.5, 19.0, 4.5 ], "autoUv": false }
			}
		}
	],
	"animations": [
		{
			"name": "SneakWalk",
			"code": "sneakwalk",
			"quantityframes": 40,
			"onActivityStopped": "Rewind",
			"onAnimationEnd": "Repeat",
			"keyframes": [
				{
					"frame": 0,
					"elements": {
						"coatBackTile": { "rotationX": 1.0, "rotationY": 0.0, "rotationZ": -32.0 },
						"coatFrontTile": { "rotationX": 0.0, "rotationY": 0.0, "rotationZ": -32.0 }
					}
				},
				{
					"frame": 20,
					"elements": {
						"coatBackTile": { "rotationX": 1.0, "rotationY": 0.0, "rotationZ": -27.0 },
						"coatFrontTile": { "rotationX": 0.0, "rotationY": 0.0, "rotationZ": -27.0 }
					}
				}
			]
		},

		{
			"name": "SneakIdle",
			"code": "sneakidle",
			"quantityframes": 35,
			"onActivityStopped": "Rewind",
			"onAnimationEnd": "Repeat",
			"keyframes": [
				{
					"frame": 0,
					"elements": {
						"coatBackTile": { "rotationX": 0.1, "rotationY": 0.0, "rotationZ": -24.0 },
						"coatFrontTile": { "rotationX": 0.1, "rotationY": 0.0, "rotationZ": -24.0 }
					}
				}
			]
		}
	]
}