{
	"editor": {
		"backDropShape": "entity/land/cart1",
		"collapsedPaths": "Root/ORIGIN/BindingMid,Root/ORIGIN/LeftBeam,Root/ORIGIN/Binding,Root/ORIGIN/Binding2",
		"allAngles": false,
		"entityTextureMode": false
	},
	"textureWidth": 16,
	"textureHeight": 16,
	"textureSizes": {
		"oak-h": [16,16],
		"canopyitemcolor": [16,16],
		"mordant": [16,16],
		"mordant2": [16,16],
		"gold1": [16,16]
	},
	"textures": {
		"canopyitemcolor": "block/cloth/linen/green",
		"mordant": "block/cloth/linen/mordant",
		"canopyplain": "block/cloth/linen/plain",
		"mordant2": "block/cloth/pelt",
		"gold1": "block/metal/sheet-plain/gold1",
		"oak-h": "block/wood/bark/oak-h"
	},
	"elements": [
		{
			"name": "ORIGIN",
			"from": [ 0.0, 0.0, 0.0 ],
			"to": [ 1.0, 1.0, 1.0 ],
			"faces": {
			},
			"children": [
				{
					"name": "Top",
					"from": [ 1.0, 3.0, 1.5 ],
					"to": [ 15.0, 4.0, 14.5 ],
					"rotationOrigin": [ 1.0, 3.0, 1.5 ],
					"faces": {
						"north": { "texture": "#canopyitemcolor", "uv": [ 0.0, 0.0, 14.0, 1.0 ] },
						"east": { "texture": "#canopyitemcolor", "uv": [ 0.0, 0.0, 13.0, 1.0 ] },
						"south": { "texture": "#canopyitemcolor", "uv": [ 0.0, 0.0, 14.0, 1.0 ] },
						"west": { "texture": "#canopyitemcolor", "uv": [ 0.0, 0.0, 13.0, 1.0 ] },
						"up": { "texture": "#canopyitemcolor", "uv": [ 0.0, 0.0, 14.0, 13.0 ] },
						"down": { "texture": "#canopyitemcolor", "uv": [ 0.0, 0.0, 14.0, 13.0 ] }
					},
					"children": [
						{
							"name": "Beam",
							"from": [ -3.1, -2.0, 0.0 ],
							"to": [ -1.1, 14.0, 1.5 ],
							"rotationOrigin": [ -1.1, -2.0, 0.0 ],
							"rotationZ": -90.0,
							"faces": {
								"north": { "texture": "#oak-h", "uv": [ 0.0, 0.0, 16.0, 2.0 ], "rotation": 90 },
								"east": { "texture": "#oak-h", "uv": [ 0.0, 0.0, 16.0, 1.5 ], "rotation": 90 },
								"south": { "texture": "#oak-h", "uv": [ 0.0, 0.0, 16.0, 2.0 ], "rotation": 90 },
								"west": { "texture": "#oak-h", "uv": [ 0.0, 0.0, 16.0, 1.5 ], "rotation": 90 },
								"up": { "texture": "#oak-h", "uv": [ 0.0, 0.0, 1.5, 2.0 ], "rotation": 90 },
								"down": { "texture": "#oak-h", "uv": [ 0.0, 0.0, 1.5, 2.0 ], "rotation": 90 }
							}
						},
						{
							"name": "Beam2",
							"from": [ -3.0, -2.0, 11.5 ],
							"to": [ -1.0, 14.0, 13.0 ],
							"rotationOrigin": [ -1.0, -2.0, 11.5 ],
							"rotationZ": -90.0,
							"faces": {
								"north": { "texture": "#oak-h", "uv": [ 0.0, 0.0, 16.0, 2.0 ], "rotation": 90 },
								"east": { "texture": "#oak-h", "uv": [ 0.0, 0.0, 16.0, 1.5 ], "rotation": 90 },
								"south": { "texture": "#oak-h", "uv": [ 0.0, 0.0, 16.0, 2.0 ], "rotation": 90 },
								"west": { "texture": "#oak-h", "uv": [ 0.0, 0.0, 16.0, 1.5 ], "rotation": 90 },
								"up": { "texture": "#oak-h", "uv": [ 0.0, 0.0, 1.5, 2.0 ], "rotation": 90 },
								"down": { "texture": "#oak-h", "uv": [ 0.0, 0.0, 1.5, 2.0 ], "rotation": 90 }
							}
						},
						{
							"name": "Beam3",
							"from": [ -3.0, -2.0, 1.7 ],
							"to": [ -1.0, 14.0, 3.2 ],
							"rotationOrigin": [ -1.0, -2.0, 1.7 ],
							"rotationZ": -90.0,
							"faces": {
								"north": { "texture": "#oak-h", "uv": [ 0.0, 0.0, 16.0, 2.0 ], "rotation": 90 },
								"east": { "texture": "#oak-h", "uv": [ 0.0, 0.0, 16.0, 1.5 ], "rotation": 90 },
								"south": { "texture": "#oak-h", "uv": [ 0.0, 0.0, 16.0, 2.0 ], "rotation": 90 },
								"west": { "texture": "#oak-h", "uv": [ 0.0, 0.0, 16.0, 1.5 ], "rotation": 90 },
								"up": { "texture": "#oak-h", "uv": [ 0.0, 0.0, 1.5, 2.0 ], "rotation": 90 },
								"down": { "texture": "#oak-h", "uv": [ 0.0, 0.0, 1.5, 2.0 ], "rotation": 90 }
							}
						},
						{
							"name": "Beam4",
							"from": [ -3.0, -2.0, 8.3 ],
							"to": [ -1.0, 14.0, 9.8 ],
							"rotationOrigin": [ -1.0, -2.0, 8.3 ],
							"rotationZ": -90.0,
							"faces": {
								"north": { "texture": "#oak-h", "uv": [ 0.0, 0.0, 16.0, 2.0 ], "rotation": 90 },
								"east": { "texture": "#oak-h", "uv": [ 0.0, 0.0, 16.0, 1.5 ], "rotation": 90 },
								"south": { "texture": "#oak-h", "uv": [ 0.0, 0.0, 16.0, 2.0 ], "rotation": 90 },
								"west": { "texture": "#oak-h", "uv": [ 0.0, 0.0, 16.0, 1.5 ], "rotation": 90 },
								"up": { "texture": "#oak-h", "uv": [ 0.0, 0.0, 1.5, 2.0 ], "rotation": 90 },
								"down": { "texture": "#oak-h", "uv": [ 0.0, 0.0, 1.5, 2.0 ], "rotation": 90 }
							}
						},
						{
							"name": "Beam5",
							"from": [ -2.8, -2.0, 5.05 ],
							"to": [ -0.8, 14.0, 6.55 ],
							"rotationOrigin": [ -0.8, -2.0, 5.1 ],
							"rotationZ": -90.0,
							"faces": {
								"north": { "texture": "#oak-h", "uv": [ 0.0, 0.0, 16.0, 2.0 ], "rotation": 90 },
								"east": { "texture": "#oak-h", "uv": [ 0.0, 0.0, 16.0, 1.5 ], "rotation": 90 },
								"south": { "texture": "#oak-h", "uv": [ 0.0, 0.0, 16.0, 2.0 ], "rotation": 90 },
								"west": { "texture": "#oak-h", "uv": [ 0.0, 0.0, 16.0, 1.5 ], "rotation": 90 },
								"up": { "texture": "#oak-h", "uv": [ 0.0, 0.0, 1.5, 2.0 ], "rotation": 90 },
								"down": { "texture": "#oak-h", "uv": [ 0.0, 0.0, 1.5, 2.0 ], "rotation": 90 }
							}
						},
						{
							"name": "Beam19",
							"from": [ -2.9, -2.0, 3.4 ],
							"to": [ -0.9, 14.0, 4.9 ],
							"rotationOrigin": [ -0.9, -2.0, 3.4 ],
							"rotationZ": -90.0,
							"faces": {
								"north": { "texture": "#oak-h", "uv": [ 0.0, 0.0, 16.0, 2.0 ], "rotation": 90 },
								"east": { "texture": "#oak-h", "uv": [ 0.0, 0.0, 16.0, 1.5 ], "rotation": 90 },
								"south": { "texture": "#oak-h", "uv": [ 0.0, 0.0, 16.0, 2.0 ], "rotation": 90 },
								"west": { "texture": "#oak-h", "uv": [ 0.0, 0.0, 16.0, 1.5 ], "rotation": 90 },
								"up": { "texture": "#oak-h", "uv": [ 0.0, 0.0, 1.5, 2.0 ], "rotation": 90 },
								"down": { "texture": "#oak-h", "uv": [ 0.0, 0.0, 1.5, 2.0 ], "rotation": 90 }
							}
						},
						{
							"name": "Beam20",
							"from": [ -3.1, -2.0, 6.75 ],
							"to": [ -1.1, 14.0, 8.25 ],
							"rotationOrigin": [ -1.1, -2.0, 6.8 ],
							"rotationZ": -90.0,
							"faces": {
								"north": { "texture": "#oak-h", "uv": [ 0.0, 0.0, 16.0, 2.0 ], "rotation": 90 },
								"east": { "texture": "#oak-h", "uv": [ 0.0, 0.0, 16.0, 1.5 ], "rotation": 90 },
								"south": { "texture": "#oak-h", "uv": [ 0.0, 0.0, 16.0, 2.0 ], "rotation": 90 },
								"west": { "texture": "#oak-h", "uv": [ 0.0, 0.0, 16.0, 1.5 ], "rotation": 90 },
								"up": { "texture": "#oak-h", "uv": [ 0.0, 0.0, 1.5, 2.0 ], "rotation": 90 },
								"down": { "texture": "#oak-h", "uv": [ 0.0, 0.0, 1.5, 2.0 ], "rotation": 90 }
							}
						},
						{
							"name": "Beam21",
							"from": [ -3.0, -2.0, 9.95 ],
							"to": [ -1.0, 14.0, 11.45 ],
							"rotationOrigin": [ -1.0, -2.0, 10.0 ],
							"rotationZ": -90.0,
							"faces": {
								"north": { "texture": "#oak-h", "uv": [ 0.0, 0.0, 16.0, 2.0 ], "rotation": 90 },
								"east": { "texture": "#oak-h", "uv": [ 0.0, 0.0, 16.0, 1.5 ], "rotation": 90 },
								"south": { "texture": "#oak-h", "uv": [ 0.0, 0.0, 16.0, 2.0 ], "rotation": 90 },
								"west": { "texture": "#oak-h", "uv": [ 0.0, 0.0, 16.0, 1.5 ], "rotation": 90 },
								"up": { "texture": "#oak-h", "uv": [ 0.0, 0.0, 1.5, 2.0 ], "rotation": 90 },
								"down": { "texture": "#oak-h", "uv": [ 0.0, 0.0, 1.5, 2.0 ], "rotation": 90 }
							}
						}
					]
				},
				{
					"name": "Top4",
					"from": [ 1.0, 0.0, 1.5 ],
					"to": [ 15.0, 1.0, 14.5 ],
					"rotationOrigin": [ 1.0, 0.0, 1.5 ],
					"faces": {
						"north": { "texture": "#canopyitemcolor", "uv": [ 0.0, 0.0, 14.0, 1.0 ] },
						"east": { "texture": "#canopyitemcolor", "uv": [ 0.0, 0.0, 13.0, 1.0 ] },
						"south": { "texture": "#canopyitemcolor", "uv": [ 0.0, 0.0, 14.0, 1.0 ] },
						"west": { "texture": "#canopyitemcolor", "uv": [ 0.0, 0.0, 13.0, 1.0 ] },
						"up": { "texture": "#canopyitemcolor", "uv": [ 0.0, 0.0, 14.0, 13.0 ] },
						"down": { "texture": "#canopyitemcolor", "uv": [ 0.0, 0.0, 14.0, 13.0 ] }
					}
				},
				{
					"name": "Top2",
					"from": [ 1.0, 6.0, 1.5 ],
					"to": [ 15.0, 7.0, 14.5 ],
					"rotationOrigin": [ 1.0, 6.0, 1.5 ],
					"faces": {
						"north": { "texture": "#canopyitemcolor", "uv": [ 0.0, 0.0, 14.0, 1.0 ] },
						"east": { "texture": "#canopyitemcolor", "uv": [ 0.0, 0.0, 13.0, 1.0 ] },
						"south": { "texture": "#canopyitemcolor", "uv": [ 0.0, 0.0, 14.0, 1.0 ] },
						"west": { "texture": "#canopyitemcolor", "uv": [ 0.0, 0.0, 13.0, 1.0 ] },
						"up": { "texture": "#canopyitemcolor", "uv": [ 0.0, 0.0, 14.0, 13.0 ] },
						"down": { "texture": "#canopyitemcolor", "uv": [ 0.0, 0.0, 14.0, 13.0 ] }
					},
					"children": [
						{
							"name": "Beam6",
							"from": [ -3.0, -2.0, 0.5 ],
							"to": [ -1.0, 14.0, 2.0 ],
							"rotationOrigin": [ -1.0, -2.0, 0.5 ],
							"rotationZ": -90.0,
							"faces": {
								"north": { "texture": "#oak-h", "uv": [ 0.0, 0.0, 16.0, 2.0 ], "rotation": 90 },
								"east": { "texture": "#oak-h", "uv": [ 0.0, 0.0, 16.0, 1.5 ], "rotation": 90 },
								"south": { "texture": "#oak-h", "uv": [ 0.0, 0.0, 16.0, 2.0 ], "rotation": 90 },
								"west": { "texture": "#oak-h", "uv": [ 0.0, 0.0, 16.0, 1.5 ], "rotation": 90 },
								"up": { "texture": "#oak-h", "uv": [ 0.0, 0.0, 1.5, 2.0 ], "rotation": 90 },
								"down": { "texture": "#oak-h", "uv": [ 0.0, 0.0, 1.5, 2.0 ], "rotation": 90 }
							}
						},
						{
							"name": "Beam7",
							"from": [ -2.9, -2.0, 11.0 ],
							"to": [ -0.9, 14.0, 12.5 ],
							"rotationOrigin": [ -0.9, -2.0, 11.0 ],
							"rotationZ": -90.0,
							"faces": {
								"north": { "texture": "#oak-h", "uv": [ 0.0, 0.0, 16.0, 2.0 ], "rotation": 90 },
								"east": { "texture": "#oak-h", "uv": [ 0.0, 0.0, 16.0, 1.5 ], "rotation": 90 },
								"south": { "texture": "#oak-h", "uv": [ 0.0, 0.0, 16.0, 2.0 ], "rotation": 90 },
								"west": { "texture": "#oak-h", "uv": [ 0.0, 0.0, 16.0, 1.5 ], "rotation": 90 },
								"up": { "texture": "#oak-h", "uv": [ 0.0, 0.0, 1.5, 2.0 ], "rotation": 90 },
								"down": { "texture": "#oak-h", "uv": [ 0.0, 0.0, 1.5, 2.0 ], "rotation": 90 }
							}
						},
						{
							"name": "Beam8",
							"from": [ -3.0, -2.0, 2.3 ],
							"to": [ -1.0, 14.0, 3.8 ],
							"rotationOrigin": [ -1.0, -2.0, 2.3 ],
							"rotationZ": -90.0,
							"faces": {
								"north": { "texture": "#oak-h", "uv": [ 0.0, 0.0, 16.0, 2.0 ], "rotation": 90 },
								"east": { "texture": "#oak-h", "uv": [ 0.0, 0.0, 16.0, 1.5 ], "rotation": 90 },
								"south": { "texture": "#oak-h", "uv": [ 0.0, 0.0, 16.0, 2.0 ], "rotation": 90 },
								"west": { "texture": "#oak-h", "uv": [ 0.0, 0.0, 16.0, 1.5 ], "rotation": 90 },
								"up": { "texture": "#oak-h", "uv": [ 0.0, 0.0, 1.5, 2.0 ], "rotation": 90 },
								"down": { "texture": "#oak-h", "uv": [ 0.0, 0.0, 1.5, 2.0 ], "rotation": 90 }
							}
						},
						{
							"name": "Beam9",
							"from": [ -3.1, -2.0, 9.2 ],
							"to": [ -1.1, 14.0, 10.7 ],
							"rotationOrigin": [ -1.1, -2.0, 9.2 ],
							"rotationZ": -90.0,
							"faces": {
								"north": { "texture": "#oak-h", "uv": [ 0.0, 0.0, 16.0, 2.0 ], "rotation": 90 },
								"east": { "texture": "#oak-h", "uv": [ 0.0, 0.0, 16.0, 1.5 ], "rotation": 90 },
								"south": { "texture": "#oak-h", "uv": [ 0.0, 0.0, 16.0, 2.0 ], "rotation": 90 },
								"west": { "texture": "#oak-h", "uv": [ 0.0, 0.0, 16.0, 1.5 ], "rotation": 90 },
								"up": { "texture": "#oak-h", "uv": [ 0.0, 0.0, 1.5, 2.0 ], "rotation": 90 },
								"down": { "texture": "#oak-h", "uv": [ 0.0, 0.0, 1.5, 2.0 ], "rotation": 90 }
							}
						},
						{
							"name": "Beam10",
							"from": [ -3.0, -2.0, 5.75 ],
							"to": [ -1.0, 14.0, 7.25 ],
							"rotationOrigin": [ -1.0, -2.0, 5.8 ],
							"rotationZ": -90.0,
							"faces": {
								"north": { "texture": "#oak-h", "uv": [ 0.0, 0.0, 16.0, 2.0 ], "rotation": 90 },
								"east": { "texture": "#oak-h", "uv": [ 0.0, 0.0, 16.0, 1.5 ], "rotation": 90 },
								"south": { "texture": "#oak-h", "uv": [ 0.0, 0.0, 16.0, 2.0 ], "rotation": 90 },
								"west": { "texture": "#oak-h", "uv": [ 0.0, 0.0, 16.0, 1.5 ], "rotation": 90 },
								"up": { "texture": "#oak-h", "uv": [ 0.0, 0.0, 1.5, 2.0 ], "rotation": 90 },
								"down": { "texture": "#oak-h", "uv": [ 0.0, 0.0, 1.5, 2.0 ], "rotation": 90 }
							}
						},
						{
							"name": "Beam17",
							"from": [ -3.0, -2.0, 4.05 ],
							"to": [ -1.0, 14.0, 5.55 ],
							"rotationOrigin": [ -1.0, -2.0, 2.1 ],
							"rotationZ": -90.0,
							"faces": {
								"north": { "texture": "#oak-h", "uv": [ 0.0, 0.0, 16.0, 2.0 ], "rotation": 90 },
								"east": { "texture": "#oak-h", "uv": [ 0.0, 0.0, 16.0, 1.5 ], "rotation": 90 },
								"south": { "texture": "#oak-h", "uv": [ 0.0, 0.0, 16.0, 2.0 ], "rotation": 90 },
								"west": { "texture": "#oak-h", "uv": [ 0.0, 0.0, 16.0, 1.5 ], "rotation": 90 },
								"up": { "texture": "#oak-h", "uv": [ 0.0, 0.0, 1.5, 2.0 ], "rotation": 90 },
								"down": { "texture": "#oak-h", "uv": [ 0.0, 0.0, 1.5, 2.0 ], "rotation": 90 }
							}
						},
						{
							"name": "Beam18",
							"from": [ -2.9, -2.0, 7.45 ],
							"to": [ -0.9, 14.0, 8.95 ],
							"rotationOrigin": [ -0.9, -2.0, 7.5 ],
							"rotationZ": -90.0,
							"faces": {
								"north": { "texture": "#oak-h", "uv": [ 0.0, 0.0, 16.0, 2.0 ], "rotation": 90 },
								"east": { "texture": "#oak-h", "uv": [ 0.0, 0.0, 16.0, 1.5 ], "rotation": 90 },
								"south": { "texture": "#oak-h", "uv": [ 0.0, 0.0, 16.0, 2.0 ], "rotation": 90 },
								"west": { "texture": "#oak-h", "uv": [ 0.0, 0.0, 16.0, 1.5 ], "rotation": 90 },
								"up": { "texture": "#oak-h", "uv": [ 0.0, 0.0, 1.5, 2.0 ], "rotation": 90 },
								"down": { "texture": "#oak-h", "uv": [ 0.0, 0.0, 1.5, 2.0 ], "rotation": 90 }
							}
						}
					]
				},
				{
					"name": "Top3",
					"from": [ 1.0, 9.0, 2.5 ],
					"to": [ 15.0, 10.0, 13.5 ],
					"rotationOrigin": [ 1.0, 9.0, 2.5 ],
					"faces": {
						"north": { "texture": "#canopyitemcolor", "uv": [ 0.0, 0.0, 14.0, 1.0 ] },
						"east": { "texture": "#canopyitemcolor", "uv": [ 0.0, 0.0, 11.0, 1.0 ] },
						"south": { "texture": "#canopyitemcolor", "uv": [ 0.0, 0.0, 14.0, 1.0 ] },
						"west": { "texture": "#canopyitemcolor", "uv": [ 0.0, 0.0, 11.0, 1.0 ] },
						"up": { "texture": "#canopyitemcolor", "uv": [ 0.0, 0.0, 14.0, 11.0 ] },
						"down": { "texture": "#canopyitemcolor", "uv": [ 0.0, 0.0, 14.0, 11.0 ] }
					},
					"children": [
						{
							"name": "Beam11",
							"from": [ -3.0, -2.0, 0.0 ],
							"to": [ -1.0, 14.0, 1.5 ],
							"rotationOrigin": [ -1.0, -2.0, 0.0 ],
							"rotationZ": -90.0,
							"faces": {
								"north": { "texture": "#oak-h", "uv": [ 0.0, 0.0, 16.0, 2.0 ], "rotation": 90 },
								"east": { "texture": "#oak-h", "uv": [ 0.0, 0.0, 16.0, 1.5 ], "rotation": 90 },
								"south": { "texture": "#oak-h", "uv": [ 0.0, 0.0, 16.0, 2.0 ], "rotation": 90 },
								"west": { "texture": "#oak-h", "uv": [ 0.0, 0.0, 16.0, 1.5 ], "rotation": 90 },
								"up": { "texture": "#oak-h", "uv": [ 0.0, 0.0, 1.5, 2.0 ], "rotation": 90 },
								"down": { "texture": "#oak-h", "uv": [ 0.0, 0.0, 1.5, 2.0 ], "rotation": 90 }
							},
							"children": [
								{
									"name": "Beam12",
									"from": [ 0.0, 0.0, 9.5 ],
									"to": [ 2.0, 16.0, 11.0 ],
									"rotationOrigin": [ 2.0, 0.0, 9.5 ],
									"faces": {
										"north": { "texture": "#oak-h", "uv": [ 0.0, 0.0, 16.0, 2.0 ], "rotation": 90 },
										"east": { "texture": "#oak-h", "uv": [ 0.0, 0.0, 16.0, 1.5 ], "rotation": 90 },
										"south": { "texture": "#oak-h", "uv": [ 0.0, 0.0, 16.0, 2.0 ], "rotation": 90 },
										"west": { "texture": "#oak-h", "uv": [ 0.0, 0.0, 16.0, 1.5 ], "rotation": 90 },
										"up": { "texture": "#oak-h", "uv": [ 0.0, 0.0, 1.5, 2.0 ], "rotation": 90 },
										"down": { "texture": "#oak-h", "uv": [ 0.0, 0.0, 1.5, 2.0 ], "rotation": 90 }
									}
								},
								{
									"name": "Beam13",
									"from": [ 0.0, 0.0, 2.0 ],
									"to": [ 2.0, 16.0, 3.5 ],
									"rotationOrigin": [ 2.0, 0.0, 2.0 ],
									"faces": {
										"north": { "texture": "#oak-h", "uv": [ 0.0, 0.0, 16.0, 2.0 ], "rotation": 90 },
										"east": { "texture": "#oak-h", "uv": [ 0.0, 0.0, 16.0, 1.5 ], "rotation": 90 },
										"south": { "texture": "#oak-h", "uv": [ 0.0, 0.0, 16.0, 2.0 ], "rotation": 90 },
										"west": { "texture": "#oak-h", "uv": [ 0.0, 0.0, 16.0, 1.5 ], "rotation": 90 },
										"up": { "texture": "#oak-h", "uv": [ 0.0, 0.0, 1.5, 2.0 ], "rotation": 90 },
										"down": { "texture": "#oak-h", "uv": [ 0.0, 0.0, 1.5, 2.0 ], "rotation": 90 }
									}
								},
								{
									"name": "Beam15",
									"from": [ 0.0, 0.0, 3.95 ],
									"to": [ 2.0, 16.0, 5.45 ],
									"rotationOrigin": [ 2.0, 0.0, 4.0 ],
									"faces": {
										"north": { "texture": "#oak-h", "uv": [ 0.0, 0.0, 16.0, 2.0 ], "rotation": 90 },
										"east": { "texture": "#oak-h", "uv": [ 0.0, 0.0, 16.0, 1.5 ], "rotation": 90 },
										"south": { "texture": "#oak-h", "uv": [ 0.0, 0.0, 16.0, 2.0 ], "rotation": 90 },
										"west": { "texture": "#oak-h", "uv": [ 0.0, 0.0, 16.0, 1.5 ], "rotation": 90 },
										"up": { "texture": "#oak-h", "uv": [ 0.0, 0.0, 1.5, 2.0 ], "rotation": 90 },
										"down": { "texture": "#oak-h", "uv": [ 0.0, 0.0, 1.5, 2.0 ], "rotation": 90 }
									}
								},
								{
									"name": "Beam14",
									"from": [ 0.0, 0.0, 7.6 ],
									"to": [ 2.0, 16.0, 9.1 ],
									"rotationOrigin": [ 2.0, 0.0, 7.6 ],
									"faces": {
										"north": { "texture": "#oak-h", "uv": [ 0.0, 0.0, 16.0, 2.0 ], "rotation": 90 },
										"east": { "texture": "#oak-h", "uv": [ 0.0, 0.0, 16.0, 1.5 ], "rotation": 90 },
										"south": { "texture": "#oak-h", "uv": [ 0.0, 0.0, 16.0, 2.0 ], "rotation": 90 },
										"west": { "texture": "#oak-h", "uv": [ 0.0, 0.0, 16.0, 1.5 ], "rotation": 90 },
										"up": { "texture": "#oak-h", "uv": [ 0.0, 0.0, 1.5, 2.0 ], "rotation": 90 },
										"down": { "texture": "#oak-h", "uv": [ 0.0, 0.0, 1.5, 2.0 ], "rotation": 90 }
									}
								},
								{
									"name": "Beam16",
									"from": [ 0.0, 0.0, 5.75 ],
									"to": [ 2.0, 16.0, 7.25 ],
									"rotationOrigin": [ 2.0, 0.0, 5.8 ],
									"faces": {
										"north": { "texture": "#oak-h", "uv": [ 0.0, 0.0, 16.0, 2.0 ], "rotation": 90 },
										"east": { "texture": "#oak-h", "uv": [ 0.0, 0.0, 16.0, 1.5 ], "rotation": 90 },
										"south": { "texture": "#oak-h", "uv": [ 0.0, 0.0, 16.0, 2.0 ], "rotation": 90 },
										"west": { "texture": "#oak-h", "uv": [ 0.0, 0.0, 16.0, 1.5 ], "rotation": 90 },
										"up": { "texture": "#oak-h", "uv": [ 0.0, 0.0, 1.5, 2.0 ], "rotation": 90 },
										"down": { "texture": "#oak-h", "uv": [ 0.0, 0.0, 1.5, 2.0 ], "rotation": 90 }
									}
								}
							]
						}
					]
				},
				{
					"name": "Top5",
					"from": [ 1.0, 1.0, 15.5 ],
					"to": [ 15.0, 2.0, 23.5 ],
					"rotationOrigin": [ 1.0, 1.0, 15.5 ],
					"rotationX": -97.0,
					"faces": {
						"north": { "texture": "#canopyitemcolor", "uv": [ 0.0, 0.0, 14.0, 1.0 ] },
						"east": { "texture": "#canopyitemcolor", "uv": [ 0.0, 0.0, 8.0, 1.0 ] },
						"south": { "texture": "#canopyitemcolor", "uv": [ 0.0, 0.0, 14.0, 1.0 ] },
						"west": { "texture": "#canopyitemcolor", "uv": [ 0.0, 0.0, 8.0, 1.0 ] },
						"up": { "texture": "#canopyitemcolor", "uv": [ 0.0, 0.0, 14.0, 8.0 ] },
						"down": { "texture": "#canopyitemcolor", "uv": [ 0.0, 0.0, 14.0, 8.0 ] }
					},
					"children": [
						{
							"name": "WhiteExtra9",
							"from": [ -0.01, -0.01, 1.0 ],
							"to": [ 14.01, 0.99, 3.0 ],
							"rotationOrigin": [ -0.1, -0.1, 1.0 ],
							"faces": {
								"north": { "texture": "#canopyplain", "uv": [ 0.0, 0.0, 14.0, 1.0 ] },
								"east": { "texture": "#canopyplain", "uv": [ 0.0, 0.0, 2.0, 1.0 ] },
								"south": { "texture": "#canopyplain", "uv": [ 0.0, 0.0, 14.0, 1.0 ] },
								"west": { "texture": "#canopyplain", "uv": [ 0.0, 0.0, 2.0, 1.0 ] },
								"up": { "texture": "#canopyplain", "uv": [ 0.0, 0.0, 14.0, 2.0 ] },
								"down": { "texture": "#canopyplain", "uv": [ 0.0, 0.0, 14.0, 2.0 ] }
							},
							"children": [
								{
									"name": "WhiteExtra10",
									"from": [ 0.0, 0.0, 4.3 ],
									"to": [ 14.02, 1.0, 6.3 ],
									"rotationOrigin": [ -0.09, 0.0, 4.3 ],
									"faces": {
										"north": { "texture": "#canopyplain", "uv": [ 0.0, 0.0, 14.0, 1.0 ] },
										"east": { "texture": "#canopyplain", "uv": [ 0.0, 0.0, 2.0, 1.0 ] },
										"south": { "texture": "#canopyplain", "uv": [ 0.0, 0.0, 14.0, 1.0 ] },
										"west": { "texture": "#canopyplain", "uv": [ 0.0, 0.0, 2.0, 1.0 ] },
										"up": { "texture": "#canopyplain", "uv": [ 0.0, 0.0, 14.0, 2.0 ] },
										"down": { "texture": "#canopyplain", "uv": [ 0.0, 0.0, 14.0, 2.0 ] }
									}
								}
							]
						}
					]
				},
				{
					"name": "Top6",
					"from": [ 1.0, 0.0, 0.5 ],
					"to": [ 15.0, 1.0, 8.5 ],
					"rotationOrigin": [ 1.0, 1.0, 0.5 ],
					"rotationX": -83.0,
					"faces": {
						"north": { "texture": "#canopyitemcolor", "uv": [ 0.0, 0.0, 14.0, 1.0 ] },
						"east": { "texture": "#canopyitemcolor", "uv": [ 0.0, 0.0, 8.0, 1.0 ] },
						"south": { "texture": "#canopyitemcolor", "uv": [ 0.0, 0.0, 14.0, 1.0 ] },
						"west": { "texture": "#canopyitemcolor", "uv": [ 0.0, 0.0, 8.0, 1.0 ] },
						"up": { "texture": "#canopyitemcolor", "uv": [ 0.0, 0.0, 14.0, 8.0 ] },
						"down": { "texture": "#canopyitemcolor", "uv": [ 0.0, 0.0, 14.0, 8.0 ] }
					},
					"children": [
						{
							"name": "WhiteExtra7",
							"from": [ -0.01, 0.01, 1.0 ],
							"to": [ 14.01, 1.01, 3.0 ],
							"rotationOrigin": [ -0.1, 0.1, 1.0 ],
							"faces": {
								"north": { "texture": "#canopyplain", "uv": [ 0.0, 0.0, 14.0, 1.0 ] },
								"east": { "texture": "#canopyplain", "uv": [ 0.0, 0.0, 2.0, 1.0 ] },
								"south": { "texture": "#canopyplain", "uv": [ 0.0, 0.0, 14.0, 1.0 ] },
								"west": { "texture": "#canopyplain", "uv": [ 0.0, 0.0, 2.0, 1.0 ] },
								"up": { "texture": "#canopyplain", "uv": [ 0.0, 0.0, 14.0, 2.0 ] },
								"down": { "texture": "#canopyplain", "uv": [ 0.0, 0.0, 14.0, 2.0 ] }
							},
							"children": [
								{
									"name": "WhiteExtra8",
									"from": [ 0.0, 0.0, 4.3 ],
									"to": [ 14.02, 1.0, 6.3 ],
									"rotationOrigin": [ -0.09, 0.0, 4.3 ],
									"faces": {
										"north": { "texture": "#canopyplain", "uv": [ 0.0, 0.0, 14.0, 1.0 ] },
										"east": { "texture": "#canopyplain", "uv": [ 0.0, 0.0, 2.0, 1.0 ] },
										"south": { "texture": "#canopyplain", "uv": [ 0.0, 0.0, 14.0, 1.0 ] },
										"west": { "texture": "#canopyplain", "uv": [ 0.0, 0.0, 2.0, 1.0 ] },
										"up": { "texture": "#canopyplain", "uv": [ 0.0, 0.0, 14.0, 2.0 ] },
										"down": { "texture": "#canopyplain", "uv": [ 0.0, 0.0, 14.0, 2.0 ] }
									}
								}
							]
						}
					]
				},
				{
					"name": "Top7",
					"from": [ 1.0, 0.0, 1.5 ],
					"to": [ 15.0, 1.4, 2.5 ],
					"rotationOrigin": [ 1.0, 0.0, 1.5 ],
					"rotationX": -45.0,
					"faces": {
						"north": { "texture": "#canopyitemcolor", "uv": [ 0.0, 0.0, 14.0, 1.0 ] },
						"east": { "texture": "#canopyitemcolor", "uv": [ 0.0, 0.0, 1.0, 1.0 ] },
						"south": { "texture": "#canopyitemcolor", "uv": [ 0.0, 0.0, 14.0, 1.0 ] },
						"west": { "texture": "#canopyitemcolor", "uv": [ 0.0, 0.0, 1.0, 1.0 ] },
						"up": { "texture": "#canopyitemcolor", "uv": [ 0.0, 0.0, 14.0, 1.0 ] },
						"down": { "texture": "#canopyitemcolor", "uv": [ 0.0, 0.0, 14.0, 1.0 ] }
					}
				},
				{
					"name": "Top8",
					"from": [ 1.001, 9.0, 1.5 ],
					"to": [ 15.001, 10.4, 2.5 ],
					"rotationOrigin": [ 0.9, 9.0, 1.5 ],
					"rotationX": 45.0,
					"faces": {
						"north": { "texture": "#canopyitemcolor", "uv": [ 0.0, 0.0, 14.0, 1.0 ] },
						"east": { "texture": "#canopyitemcolor", "uv": [ 0.0, 0.0, 1.0, 1.0 ] },
						"south": { "texture": "#canopyitemcolor", "uv": [ 0.0, 0.0, 14.0, 1.0 ] },
						"west": { "texture": "#canopyitemcolor", "uv": [ 0.0, 0.0, 1.0, 1.0 ] },
						"up": { "texture": "#canopyitemcolor", "uv": [ 0.0, 0.0, 14.0, 1.0 ] },
						"down": { "texture": "#canopyitemcolor", "uv": [ 0.0, 0.0, 14.0, 1.0 ] }
					}
				},
				{
					"name": "Top9",
					"from": [ 1.0, 10.0, 13.5 ],
					"to": [ 15.0, 11.4, 14.5 ],
					"rotationOrigin": [ 1.0, 10.0, 13.5 ],
					"rotationX": 135.0,
					"faces": {
						"north": { "texture": "#canopyitemcolor", "uv": [ 0.0, 0.0, 14.0, 1.0 ] },
						"east": { "texture": "#canopyitemcolor", "uv": [ 0.0, 0.0, 1.0, 1.0 ] },
						"south": { "texture": "#canopyitemcolor", "uv": [ 0.0, 0.0, 14.0, 1.0 ] },
						"west": { "texture": "#canopyitemcolor", "uv": [ 0.0, 0.0, 1.0, 1.0 ] },
						"up": { "texture": "#canopyitemcolor", "uv": [ 0.0, 0.0, 14.0, 1.0 ] },
						"down": { "texture": "#canopyitemcolor", "uv": [ 0.0, 0.0, 14.0, 1.0 ] }
					}
				},
				{
					"name": "Top10",
					"from": [ 1.0, 0.0, 13.5 ],
					"to": [ 15.0, 1.4, 14.5 ],
					"rotationOrigin": [ 1.0, 0.0, 14.5 ],
					"rotationX": 45.0,
					"faces": {
						"north": { "texture": "#canopyitemcolor", "uv": [ 0.0, 0.0, 14.0, 1.0 ] },
						"east": { "texture": "#canopyitemcolor", "uv": [ 0.0, 0.0, 1.0, 1.0 ] },
						"south": { "texture": "#canopyitemcolor", "uv": [ 0.0, 0.0, 14.0, 1.0 ] },
						"west": { "texture": "#canopyitemcolor", "uv": [ 0.0, 0.0, 1.0, 1.0 ] },
						"up": { "texture": "#canopyitemcolor", "uv": [ 0.0, 0.0, 14.0, 1.0 ] },
						"down": { "texture": "#canopyitemcolor", "uv": [ 0.0, 0.0, 14.0, 1.0 ] }
					}
				},
				{
					"name": "Binding",
					"from": [ 3.0, -0.2, 2.3 ],
					"to": [ 4.0, 10.2, 13.7 ],
					"rotationOrigin": [ 3.0, -0.2, 2.3 ],
					"faces": {
						"north": { "texture": "#mordant", "uv": [ 0.0, 0.0, 10.0, 1.0 ], "rotation": 90 },
						"east": { "texture": "#mordant", "uv": [ 0.0, 0.0, 10.0, 11.0 ], "rotation": 90 },
						"south": { "texture": "#mordant", "uv": [ 0.0, 0.0, 10.0, 1.0 ], "rotation": 90 },
						"west": { "texture": "#mordant", "uv": [ 0.0, 0.0, 10.0, 11.0 ], "rotation": 90 },
						"up": { "texture": "#mordant", "uv": [ 0.0, 0.0, 11.0, 1.0 ], "rotation": 90 },
						"down": { "texture": "#mordant", "uv": [ 0.0, 0.0, 11.0, 1.0 ], "rotation": 90 }
					},
					"children": [
						{
							"name": "Binding3",
							"from": [ 0.0, 0.0, 11.3 ],
							"to": [ 1.0, 9.1, 13.7 ],
							"rotationOrigin": [ 0.0, 0.0, 11.3 ],
							"rotationX": -8.0,
							"faces": {
								"north": { "texture": "#mordant", "uv": [ 0.0, 0.0, 9.0, 1.0 ], "rotation": 90 },
								"east": { "texture": "#mordant", "uv": [ 0.0, 0.0, 9.0, 2.0 ], "rotation": 90 },
								"south": { "texture": "#mordant", "uv": [ 0.0, 0.0, 9.0, 1.0 ], "rotation": 90 },
								"west": { "texture": "#mordant", "uv": [ 0.0, 0.0, 9.0, 2.0 ], "rotation": 90 },
								"up": { "texture": "#mordant", "uv": [ 0.0, 0.0, 2.0, 1.0 ], "rotation": 90 },
								"down": { "texture": "#mordant", "uv": [ 0.0, 0.0, 2.0, 1.0 ], "rotation": 90 }
							},
							"children": [
								{
									"name": "Binding4",
									"from": [ 0.0, 9.1, 0.4 ],
									"to": [ 1.0, 10.6, 2.4 ],
									"rotationOrigin": [ 0.0, 9.1, 2.4 ],
									"rotationX": -36.7,
									"faces": {
										"north": { "texture": "#mordant", "uv": [ 0.0, 0.0, 1.5, 1.0 ], "rotation": 90 },
										"east": { "texture": "#mordant", "uv": [ 0.0, 0.0, 1.5, 2.0 ], "rotation": 90 },
										"south": { "texture": "#mordant", "uv": [ 0.0, 0.0, 1.5, 1.0 ], "rotation": 90 },
										"west": { "texture": "#mordant", "uv": [ 0.0, 0.0, 1.5, 2.0 ], "rotation": 90 },
										"up": { "texture": "#mordant", "uv": [ 0.0, 0.0, 2.0, 1.0 ], "rotation": 90 },
										"down": { "texture": "#mordant", "uv": [ 0.0, 0.0, 2.0, 1.0 ], "rotation": 90 }
									}
								}
							]
						},
						{
							"name": "Binding5",
							"from": [ 2.0, 0.0, 0.1 ],
							"to": [ 3.0, 9.1, 2.5 ],
							"rotationOrigin": [ 1.5, 0.0, 0.1 ],
							"rotationX": -172.0,
							"rotationZ": -180.0,
							"faces": {
								"north": { "texture": "#mordant", "uv": [ 0.0, 0.0, 9.0, 1.0 ], "rotation": 90 },
								"east": { "texture": "#mordant", "uv": [ 0.0, 0.0, 9.0, 2.0 ], "rotation": 90 },
								"south": { "texture": "#mordant", "uv": [ 0.0, 0.0, 9.0, 1.0 ], "rotation": 90 },
								"west": { "texture": "#mordant", "uv": [ 0.0, 0.0, 9.0, 2.0 ], "rotation": 90 },
								"up": { "texture": "#mordant", "uv": [ 0.0, 0.0, 2.0, 1.0 ], "rotation": 90 },
								"down": { "texture": "#mordant", "uv": [ 0.0, 0.0, 2.0, 1.0 ], "rotation": 90 }
							},
							"children": [
								{
									"name": "Binding6",
									"from": [ 0.0, 9.1, 0.4 ],
									"to": [ 1.0, 10.6, 2.4 ],
									"rotationOrigin": [ 0.0, 9.1, 2.4 ],
									"rotationX": -36.7,
									"faces": {
										"north": { "texture": "#mordant", "uv": [ 0.0, 0.0, 1.5, 1.0 ], "rotation": 90 },
										"east": { "texture": "#mordant", "uv": [ 0.0, 0.0, 1.5, 2.0 ], "rotation": 90 },
										"south": { "texture": "#mordant", "uv": [ 0.0, 0.0, 1.5, 1.0 ], "rotation": 90 },
										"west": { "texture": "#mordant", "uv": [ 0.0, 0.0, 1.5, 2.0 ], "rotation": 90 },
										"up": { "texture": "#mordant", "uv": [ 0.0, 0.0, 2.0, 1.0 ], "rotation": 90 },
										"down": { "texture": "#mordant", "uv": [ 0.0, 0.0, 2.0, 1.0 ], "rotation": 90 }
									}
								}
							]
						}
					]
				},
				{
					"name": "BindingMid",
					"from": [ 4.0, -0.2, 2.4 ],
					"to": [ 13.0, 10.1, 13.6 ],
					"rotationOrigin": [ 4.0, -0.2, 2.4 ],
					"faces": {
						"north": { "texture": "#mordant2", "uv": [ 0.0, 0.0, 10.0, 9.0 ], "rotation": 90 },
						"east": { "texture": "#mordant2", "uv": [ 0.0, 0.0, 10.0, 11.0 ], "rotation": 90 },
						"south": { "texture": "#mordant2", "uv": [ 0.0, 0.0, 10.0, 9.0 ], "rotation": 90 },
						"west": { "texture": "#mordant2", "uv": [ 0.0, 0.0, 10.0, 11.0 ], "rotation": 90 },
						"up": { "texture": "#mordant2", "uv": [ 0.0, 0.0, 11.0, 9.0 ], "rotation": 90 },
						"down": { "texture": "#mordant2", "uv": [ 0.0, 0.0, 11.0, 9.0 ], "rotation": 90 }
					},
					"children": [
						{
							"name": "BindingMid2",
							"from": [ 0.0, 9.0, 0.0 ],
							"to": [ 9.0, 10.3, 1.2 ],
							"rotationOrigin": [ 0.0, 10.3, 0.0 ],
							"rotationX": 45.0,
							"faces": {
								"north": { "texture": "#mordant2", "uv": [ 0.0, 0.0, 1.0, 9.0 ], "rotation": 90 },
								"east": { "texture": "#mordant2", "uv": [ 0.0, 0.0, 1.0, 1.0 ], "rotation": 90 },
								"south": { "texture": "#mordant2", "uv": [ 0.0, 0.0, 1.0, 9.0 ], "rotation": 90 },
								"west": { "texture": "#mordant2", "uv": [ 0.0, 0.0, 1.0, 1.0 ], "rotation": 90 },
								"up": { "texture": "#mordant2", "uv": [ 0.0, 0.0, 1.0, 9.0 ], "rotation": 90 },
								"down": { "texture": "#mordant2", "uv": [ 0.0, 0.0, 1.0, 9.0 ], "rotation": 90 }
							},
							"children": [
								{
									"name": "BindingMid3",
									"from": [ 0.0, -8.3, 0.0 ],
									"to": [ 8.0, 0.0, 1.2 ],
									"rotationOrigin": [ 0.0, 0.0, 0.0 ],
									"rotationX": -37.0,
									"faces": {
										"north": { "texture": "#mordant2", "uv": [ 0.0, 0.0, 8.0, 8.0 ], "rotation": 90 },
										"east": { "texture": "#mordant2", "uv": [ 0.0, 0.0, 8.0, 1.0 ], "rotation": 90 },
										"south": { "texture": "#mordant2", "uv": [ 0.0, 0.0, 8.0, 8.0 ], "rotation": 90 },
										"west": { "texture": "#mordant2", "uv": [ 0.0, 0.0, 8.0, 1.0 ], "rotation": 90 },
										"up": { "texture": "#mordant2", "uv": [ 0.0, 0.0, 1.0, 8.0 ], "rotation": 90 },
										"down": { "texture": "#mordant2", "uv": [ 0.0, 0.0, 1.0, 8.0 ], "rotation": 90 }
									},
									"children": [
										{
											"name": "BindingMid4",
											"from": [ 0.0, -1.3, 0.0 ],
											"to": [ 8.0, 0.0, 1.2 ],
											"rotationOrigin": [ 0.0, 0.0, 0.0 ],
											"rotationX": -45.0,
											"faces": {
												"north": { "texture": "#mordant2", "uv": [ 0.0, 0.0, 1.0, 8.0 ], "rotation": 90 },
												"east": { "texture": "#mordant2", "uv": [ 0.0, 0.0, 1.0, 1.0 ], "rotation": 90 },
												"south": { "texture": "#mordant2", "uv": [ 0.0, 0.0, 1.0, 8.0 ], "rotation": 90 },
												"west": { "texture": "#mordant2", "uv": [ 0.0, 0.0, 1.0, 1.0 ], "rotation": 90 },
												"up": { "texture": "#mordant2", "uv": [ 0.0, 0.0, 1.0, 8.0 ], "rotation": 90 },
												"down": { "texture": "#mordant2", "uv": [ 0.0, 0.0, 1.0, 8.0 ], "rotation": 90 }
											},
											"children": [
												{
													"name": "BindingMid5",
													"from": [ 0.0, -1.2, 0.0 ],
													"to": [ 8.0, 0.3, 1.2 ],
													"rotationOrigin": [ 0.0, 0.1, 0.0 ],
													"rotationX": -36.5,
													"faces": {
														"north": { "texture": "#mordant2", "uv": [ 0.0, 0.0, 1.5, 8.0 ], "rotation": 90 },
														"east": { "texture": "#mordant2", "uv": [ 0.0, 0.0, 1.5, 1.0 ], "rotation": 90 },
														"south": { "texture": "#mordant2", "uv": [ 0.0, 0.0, 1.5, 8.0 ], "rotation": 90 },
														"west": { "texture": "#mordant2", "uv": [ 0.0, 0.0, 1.5, 1.0 ], "rotation": 90 },
														"up": { "texture": "#mordant2", "uv": [ 0.0, 0.0, 1.0, 8.0 ], "rotation": 90 },
														"down": { "texture": "#mordant2", "uv": [ 0.0, 0.0, 1.0, 8.0 ], "rotation": 90 }
													}
												}
											]
										}
									]
								}
							]
						},
						{
							"name": "BindingMid6",
							"from": [ 8.0, 9.0, 11.2 ],
							"to": [ 16.0, 10.3, 12.4 ],
							"rotationOrigin": [ 8.0, 10.3, 11.2 ],
							"rotationX": -45.0,
							"rotationY": -180.0,
							"faces": {
								"north": { "texture": "#mordant2", "uv": [ 0.0, 0.0, 1.0, 8.0 ], "rotation": 90 },
								"east": { "texture": "#mordant2", "uv": [ 0.0, 0.0, 1.0, 1.0 ], "rotation": 90 },
								"south": { "texture": "#mordant2", "uv": [ 0.0, 0.0, 1.0, 8.0 ], "rotation": 90 },
								"west": { "texture": "#mordant2", "uv": [ 0.0, 0.0, 1.0, 1.0 ], "rotation": 90 },
								"up": { "texture": "#mordant2", "uv": [ 0.0, 0.0, 1.0, 8.0 ], "rotation": 90 },
								"down": { "texture": "#mordant2", "uv": [ 0.0, 0.0, 1.0, 8.0 ], "rotation": 90 }
							},
							"children": [
								{
									"name": "BindingMid7",
									"from": [ 0.0, -8.3, 0.0 ],
									"to": [ 8.0, 0.0, 1.2 ],
									"rotationOrigin": [ 0.0, 0.0, 0.0 ],
									"rotationX": -37.0,
									"faces": {
										"north": { "texture": "#mordant2", "uv": [ 0.0, 0.0, 8.0, 8.0 ], "rotation": 90 },
										"east": { "texture": "#mordant2", "uv": [ 0.0, 0.0, 8.0, 1.0 ], "rotation": 90 },
										"south": { "texture": "#mordant2", "uv": [ 0.0, 0.0, 8.0, 8.0 ], "rotation": 90 },
										"west": { "texture": "#mordant2", "uv": [ 0.0, 0.0, 8.0, 1.0 ], "rotation": 90 },
										"up": { "texture": "#mordant2", "uv": [ 0.0, 0.0, 1.0, 8.0 ], "rotation": 90 },
										"down": { "texture": "#mordant2", "uv": [ 0.0, 0.0, 1.0, 8.0 ], "rotation": 90 }
									},
									"children": [
										{
											"name": "BindingMid8",
											"from": [ 0.0, -1.3, 0.0 ],
											"to": [ 8.0, 0.0, 1.2 ],
											"rotationOrigin": [ 0.0, 0.0, 0.0 ],
											"rotationX": -45.0,
											"faces": {
												"north": { "texture": "#mordant2", "uv": [ 0.0, 0.0, 1.0, 8.0 ], "rotation": 90 },
												"east": { "texture": "#mordant2", "uv": [ 0.0, 0.0, 1.0, 1.0 ], "rotation": 90 },
												"south": { "texture": "#mordant2", "uv": [ 0.0, 0.0, 1.0, 8.0 ], "rotation": 90 },
												"west": { "texture": "#mordant2", "uv": [ 0.0, 0.0, 1.0, 1.0 ], "rotation": 90 },
												"up": { "texture": "#mordant2", "uv": [ 0.0, 0.0, 1.0, 8.0 ], "rotation": 90 },
												"down": { "texture": "#mordant2", "uv": [ 0.0, 0.0, 1.0, 8.0 ], "rotation": 90 }
											},
											"children": [
												{
													"name": "BindingMid9",
													"from": [ 0.0, -1.2, 0.2 ],
													"to": [ 8.0, 0.4, 1.4 ],
													"rotationOrigin": [ 0.0, 0.1, 0.2 ],
													"rotationX": -33.5,
													"faces": {
														"north": { "texture": "#mordant2", "uv": [ 0.0, 0.0, 1.5, 8.0 ], "rotation": 90 },
														"east": { "texture": "#mordant2", "uv": [ 0.0, 0.0, 1.5, 1.0 ], "rotation": 90 },
														"south": { "texture": "#mordant2", "uv": [ 0.0, 0.0, 1.5, 8.0 ], "rotation": 90 },
														"west": { "texture": "#mordant2", "uv": [ 0.0, 0.0, 1.5, 1.0 ], "rotation": 90 },
														"up": { "texture": "#mordant2", "uv": [ 0.0, 0.0, 1.0, 8.0 ], "rotation": 90 },
														"down": { "texture": "#mordant2", "uv": [ 0.0, 0.0, 1.0, 8.0 ], "rotation": 90 }
													}
												}
											]
										}
									]
								}
							]
						}
					]
				},
				{
					"name": "Binding2",
					"from": [ 12.0, -0.2, 2.3 ],
					"to": [ 13.0, 10.2, 13.7 ],
					"rotationOrigin": [ 12.0, -0.2, 2.3 ],
					"faces": {
						"north": { "texture": "#mordant", "uv": [ 0.0, 0.0, 10.0, 1.0 ], "rotation": 90 },
						"east": { "texture": "#mordant", "uv": [ 0.0, 0.0, 10.0, 11.0 ], "rotation": 90 },
						"south": { "texture": "#mordant", "uv": [ 0.0, 0.0, 10.0, 1.0 ], "rotation": 90 },
						"west": { "texture": "#mordant", "uv": [ 0.0, 0.0, 10.0, 11.0 ], "rotation": 90 },
						"up": { "texture": "#mordant", "uv": [ 0.0, 0.0, 11.0, 1.0 ], "rotation": 90 },
						"down": { "texture": "#mordant", "uv": [ 0.0, 0.0, 11.0, 1.0 ], "rotation": 90 }
					},
					"children": [
						{
							"name": "Binding7",
							"from": [ 0.0, 0.0, 11.3 ],
							"to": [ 1.0, 9.1, 13.7 ],
							"rotationOrigin": [ 0.0, 0.0, 11.3 ],
							"rotationX": -8.0,
							"faces": {
								"north": { "texture": "#mordant", "uv": [ 0.0, 0.0, 9.0, 1.0 ], "rotation": 90 },
								"east": { "texture": "#mordant", "uv": [ 0.0, 0.0, 9.0, 2.0 ], "rotation": 90 },
								"south": { "texture": "#mordant", "uv": [ 0.0, 0.0, 9.0, 1.0 ], "rotation": 90 },
								"west": { "texture": "#mordant", "uv": [ 0.0, 0.0, 9.0, 2.0 ], "rotation": 90 },
								"up": { "texture": "#mordant", "uv": [ 0.0, 0.0, 2.0, 1.0 ], "rotation": 90 },
								"down": { "texture": "#mordant", "uv": [ 0.0, 0.0, 2.0, 1.0 ], "rotation": 90 }
							},
							"children": [
								{
									"name": "Binding8",
									"from": [ 0.0, 9.1, 0.4 ],
									"to": [ 1.0, 10.6, 2.4 ],
									"rotationOrigin": [ 0.0, 9.1, 2.4 ],
									"rotationX": -36.7,
									"faces": {
										"north": { "texture": "#mordant", "uv": [ 0.0, 0.0, 1.5, 1.0 ], "rotation": 90 },
										"east": { "texture": "#mordant", "uv": [ 0.0, 0.0, 1.5, 2.0 ], "rotation": 90 },
										"south": { "texture": "#mordant", "uv": [ 0.0, 0.0, 1.5, 1.0 ], "rotation": 90 },
										"west": { "texture": "#mordant", "uv": [ 0.0, 0.0, 1.5, 2.0 ], "rotation": 90 },
										"up": { "texture": "#mordant", "uv": [ 0.0, 0.0, 2.0, 1.0 ], "rotation": 90 },
										"down": { "texture": "#mordant", "uv": [ 0.0, 0.0, 2.0, 1.0 ], "rotation": 90 }
									}
								}
							]
						},
						{
							"name": "Binding9",
							"from": [ 2.0, 0.0, 0.1 ],
							"to": [ 3.0, 9.1, 2.5 ],
							"rotationOrigin": [ 1.5, 0.0, 0.1 ],
							"rotationX": -172.0,
							"rotationZ": -180.0,
							"faces": {
								"north": { "texture": "#mordant", "uv": [ 0.0, 0.0, 9.0, 1.0 ], "rotation": 90 },
								"east": { "texture": "#mordant", "uv": [ 0.0, 0.0, 9.0, 2.0 ], "rotation": 90 },
								"south": { "texture": "#mordant", "uv": [ 0.0, 0.0, 9.0, 1.0 ], "rotation": 90 },
								"west": { "texture": "#mordant", "uv": [ 0.0, 0.0, 9.0, 2.0 ], "rotation": 90 },
								"up": { "texture": "#mordant", "uv": [ 0.0, 0.0, 2.0, 1.0 ], "rotation": 90 },
								"down": { "texture": "#mordant", "uv": [ 0.0, 0.0, 2.0, 1.0 ], "rotation": 90 }
							},
							"children": [
								{
									"name": "Binding10",
									"from": [ 0.0, 9.1, 0.4 ],
									"to": [ 1.0, 10.6, 2.4 ],
									"rotationOrigin": [ 0.0, 9.1, 2.4 ],
									"rotationX": -36.7,
									"faces": {
										"north": { "texture": "#mordant", "uv": [ 0.0, 0.0, 1.5, 1.0 ], "rotation": 90 },
										"east": { "texture": "#mordant", "uv": [ 0.0, 0.0, 1.5, 2.0 ], "rotation": 90 },
										"south": { "texture": "#mordant", "uv": [ 0.0, 0.0, 1.5, 1.0 ], "rotation": 90 },
										"west": { "texture": "#mordant", "uv": [ 0.0, 0.0, 1.5, 2.0 ], "rotation": 90 },
										"up": { "texture": "#mordant", "uv": [ 0.0, 0.0, 2.0, 1.0 ], "rotation": 90 },
										"down": { "texture": "#mordant", "uv": [ 0.0, 0.0, 2.0, 1.0 ], "rotation": 90 }
									}
								}
							]
						}
					]
				},
				{
					"name": "Binding11",
					"from": [ 12.0, -0.25, 2.3 ],
					"to": [ 13.0, 10.15, 16.1 ],
					"rotationOrigin": [ 12.0, -0.2, 2.3 ],
					"rotationY": -39.6,
					"faces": {
						"north": { "texture": "#mordant", "uv": [ 0.0, 0.0, 10.0, 1.0 ], "rotation": 90 },
						"east": { "texture": "#mordant", "uv": [ 0.0, 0.0, 10.0, 13.5 ], "rotation": 90 },
						"south": { "texture": "#mordant", "uv": [ 0.0, 0.0, 10.0, 1.0 ], "rotation": 90 },
						"west": { "texture": "#mordant", "uv": [ 0.0, 0.0, 10.0, 13.5 ], "rotation": 90 },
						"up": { "texture": "#mordant", "uv": [ 0.0, 0.0, 13.5, 1.0 ], "rotation": 90 },
						"down": { "texture": "#mordant", "uv": [ 0.0, 0.0, 13.5, 1.0 ], "rotation": 90 }
					}
				},
				{
					"name": "Binding12",
					"from": [ 12.0, -0.25, 15.3 ],
					"to": [ 13.0, 10.15, 29.1 ],
					"rotationOrigin": [ 12.9, -0.2, 14.3 ],
					"rotationY": -139.0,
					"faces": {
						"north": { "texture": "#mordant", "uv": [ 0.0, 0.0, 10.0, 1.0 ], "rotation": 90 },
						"east": { "texture": "#mordant", "uv": [ 0.0, 0.0, 10.0, 13.5 ], "rotation": 90 },
						"south": { "texture": "#mordant", "uv": [ 0.0, 0.0, 10.0, 1.0 ], "rotation": 90 },
						"west": { "texture": "#mordant", "uv": [ 0.0, 0.0, 10.0, 13.5 ], "rotation": 90 },
						"up": { "texture": "#mordant", "uv": [ 0.0, 0.0, 13.5, 1.0 ], "rotation": 90 },
						"down": { "texture": "#mordant", "uv": [ 0.0, 0.0, 13.5, 1.0 ], "rotation": 90 }
					}
				},
				{
					"name": "Binding13",
					"from": [ 4.0, -0.27, 2.3 ],
					"to": [ 4.5, 10.13, 13.7 ],
					"rotationOrigin": [ 4.0, -0.2, 2.3 ],
					"faces": {
						"north": { "texture": "#gold1", "uv": [ 0.0, 0.0, 10.0, 0.5 ], "rotation": 90 },
						"east": { "texture": "#gold1", "uv": [ 0.0, 0.0, 10.0, 11.0 ], "rotation": 90 },
						"south": { "texture": "#gold1", "uv": [ 0.0, 0.0, 10.0, 0.5 ], "rotation": 90 },
						"west": { "texture": "#gold1", "uv": [ 0.0, 0.0, 10.0, 11.0 ], "rotation": 90 },
						"up": { "texture": "#gold1", "uv": [ 0.0, 0.0, 11.0, 0.5 ], "rotation": 90 },
						"down": { "texture": "#gold1", "uv": [ 0.0, 0.0, 11.0, 0.5 ], "rotation": 90 }
					},
					"children": [
						{
							"name": "Binding14",
							"from": [ 0.0, 0.1, 11.3 ],
							"to": [ 0.5, 9.1, 13.7 ],
							"rotationOrigin": [ 0.0, 0.1, 11.3 ],
							"rotationX": -8.0,
							"faces": {
								"north": { "texture": "#gold1", "uv": [ 0.0, 0.0, 9.0, 0.5 ], "rotation": 90 },
								"east": { "texture": "#gold1", "uv": [ 0.0, 0.0, 9.0, 2.0 ], "rotation": 90 },
								"south": { "texture": "#gold1", "uv": [ 0.0, 0.0, 9.0, 0.5 ], "rotation": 90 },
								"west": { "texture": "#gold1", "uv": [ 0.0, 0.0, 9.0, 2.0 ], "rotation": 90 },
								"up": { "texture": "#gold1", "uv": [ 0.0, 0.0, 2.0, 0.5 ], "rotation": 90 },
								"down": { "texture": "#gold1", "uv": [ 0.0, 0.0, 2.0, 0.5 ], "rotation": 90 }
							},
							"children": [
								{
									"name": "Binding15",
									"from": [ 0.0, 9.0, 0.4 ],
									"to": [ 0.5, 10.5, 2.4 ],
									"rotationOrigin": [ 0.0, 9.0, 2.4 ],
									"rotationX": -36.7,
									"faces": {
										"north": { "texture": "#gold1", "uv": [ 0.0, 0.0, 1.5, 0.5 ], "rotation": 90 },
										"east": { "texture": "#gold1", "uv": [ 0.0, 0.0, 1.5, 2.0 ], "rotation": 90 },
										"south": { "texture": "#gold1", "uv": [ 0.0, 0.0, 1.5, 0.5 ], "rotation": 90 },
										"west": { "texture": "#gold1", "uv": [ 0.0, 0.0, 1.5, 2.0 ], "rotation": 90 },
										"up": { "texture": "#gold1", "uv": [ 0.0, 0.0, 2.0, 0.5 ], "rotation": 90 },
										"down": { "texture": "#gold1", "uv": [ 0.0, 0.0, 2.0, 0.5 ], "rotation": 90 }
									}
								}
							]
						},
						{
							"name": "Binding16",
							"from": [ 1.5, 0.1, 0.1 ],
							"to": [ 2.0, 9.1, 2.5 ],
							"rotationOrigin": [ 1.0, 0.1, 0.1 ],
							"rotationX": -172.0,
							"rotationZ": -180.0,
							"faces": {
								"north": { "texture": "#gold1", "uv": [ 0.0, 0.0, 9.0, 0.5 ], "rotation": 90 },
								"east": { "texture": "#gold1", "uv": [ 0.0, 0.0, 9.0, 2.0 ], "rotation": 90 },
								"south": { "texture": "#gold1", "uv": [ 0.0, 0.0, 9.0, 0.5 ], "rotation": 90 },
								"west": { "texture": "#gold1", "uv": [ 0.0, 0.0, 9.0, 2.0 ], "rotation": 90 },
								"up": { "texture": "#gold1", "uv": [ 0.0, 0.0, 2.0, 0.5 ], "rotation": 90 },
								"down": { "texture": "#gold1", "uv": [ 0.0, 0.0, 2.0, 0.5 ], "rotation": 90 }
							},
							"children": [
								{
									"name": "Binding17",
									"from": [ 0.0, 9.0, 0.4 ],
									"to": [ 0.5, 10.5, 2.4 ],
									"rotationOrigin": [ 0.0, 9.0, 2.4 ],
									"rotationX": -36.7,
									"faces": {
										"north": { "texture": "#gold1", "uv": [ 0.0, 0.0, 1.5, 0.5 ], "rotation": 90 },
										"east": { "texture": "#gold1", "uv": [ 0.0, 0.0, 1.5, 2.0 ], "rotation": 90 },
										"south": { "texture": "#gold1", "uv": [ 0.0, 0.0, 1.5, 0.5 ], "rotation": 90 },
										"west": { "texture": "#gold1", "uv": [ 0.0, 0.0, 1.5, 2.0 ], "rotation": 90 },
										"up": { "texture": "#gold1", "uv": [ 0.0, 0.0, 2.0, 0.5 ], "rotation": 90 },
										"down": { "texture": "#gold1", "uv": [ 0.0, 0.0, 2.0, 0.5 ], "rotation": 90 }
									}
								}
							]
						}
					]
				},
				{
					"name": "Binding18",
					"from": [ 11.5, -0.27, 2.3 ],
					"to": [ 12.0, 10.13, 13.7 ],
					"rotationOrigin": [ 11.5, -0.2, 2.3 ],
					"faces": {
						"north": { "texture": "#gold1", "uv": [ 0.0, 0.0, 10.0, 0.5 ], "rotation": 90 },
						"east": { "texture": "#gold1", "uv": [ 0.0, 0.0, 10.0, 11.0 ], "rotation": 90 },
						"south": { "texture": "#gold1", "uv": [ 0.0, 0.0, 10.0, 0.5 ], "rotation": 90 },
						"west": { "texture": "#gold1", "uv": [ 0.0, 0.0, 10.0, 11.0 ], "rotation": 90 },
						"up": { "texture": "#gold1", "uv": [ 0.0, 0.0, 11.0, 0.5 ], "rotation": 90 },
						"down": { "texture": "#gold1", "uv": [ 0.0, 0.0, 11.0, 0.5 ], "rotation": 90 }
					},
					"children": [
						{
							"name": "Binding19",
							"from": [ 0.0, 0.1, 11.3 ],
							"to": [ 0.5, 9.1, 13.7 ],
							"rotationOrigin": [ 0.0, 0.1, 11.3 ],
							"rotationX": -8.0,
							"faces": {
								"north": { "texture": "#gold1", "uv": [ 0.0, 0.0, 9.0, 0.5 ], "rotation": 90 },
								"east": { "texture": "#gold1", "uv": [ 0.0, 0.0, 9.0, 2.0 ], "rotation": 90 },
								"south": { "texture": "#gold1", "uv": [ 0.0, 0.0, 9.0, 0.5 ], "rotation": 90 },
								"west": { "texture": "#gold1", "uv": [ 0.0, 0.0, 9.0, 2.0 ], "rotation": 90 },
								"up": { "texture": "#gold1", "uv": [ 0.0, 0.0, 2.0, 0.5 ], "rotation": 90 },
								"down": { "texture": "#gold1", "uv": [ 0.0, 0.0, 2.0, 0.5 ], "rotation": 90 }
							},
							"children": [
								{
									"name": "Binding20",
									"from": [ 0.0, 9.0, 0.4 ],
									"to": [ 0.5, 10.5, 2.4 ],
									"rotationOrigin": [ 0.0, 9.0, 2.4 ],
									"rotationX": -36.7,
									"faces": {
										"north": { "texture": "#gold1", "uv": [ 0.0, 0.0, 1.5, 0.5 ], "rotation": 90 },
										"east": { "texture": "#gold1", "uv": [ 0.0, 0.0, 1.5, 2.0 ], "rotation": 90 },
										"south": { "texture": "#gold1", "uv": [ 0.0, 0.0, 1.5, 0.5 ], "rotation": 90 },
										"west": { "texture": "#gold1", "uv": [ 0.0, 0.0, 1.5, 2.0 ], "rotation": 90 },
										"up": { "texture": "#gold1", "uv": [ 0.0, 0.0, 2.0, 0.5 ], "rotation": 90 },
										"down": { "texture": "#gold1", "uv": [ 0.0, 0.0, 2.0, 0.5 ], "rotation": 90 }
									}
								}
							]
						},
						{
							"name": "Binding21",
							"from": [ 1.5, 0.1, 0.1 ],
							"to": [ 2.0, 9.1, 2.5 ],
							"rotationOrigin": [ 1.0, 0.1, 0.1 ],
							"rotationX": -172.0,
							"rotationZ": -180.0,
							"faces": {
								"north": { "texture": "#gold1", "uv": [ 0.0, 0.0, 9.0, 0.5 ], "rotation": 90 },
								"east": { "texture": "#gold1", "uv": [ 0.0, 0.0, 9.0, 2.0 ], "rotation": 90 },
								"south": { "texture": "#gold1", "uv": [ 0.0, 0.0, 9.0, 0.5 ], "rotation": 90 },
								"west": { "texture": "#gold1", "uv": [ 0.0, 0.0, 9.0, 2.0 ], "rotation": 90 },
								"up": { "texture": "#gold1", "uv": [ 0.0, 0.0, 2.0, 0.5 ], "rotation": 90 },
								"down": { "texture": "#gold1", "uv": [ 0.0, 0.0, 2.0, 0.5 ], "rotation": 90 }
							},
							"children": [
								{
									"name": "Binding22",
									"from": [ 0.0, 9.0, 0.4 ],
									"to": [ 0.5, 10.5, 2.4 ],
									"rotationOrigin": [ 0.0, 9.0, 2.4 ],
									"rotationX": -36.7,
									"faces": {
										"north": { "texture": "#gold1", "uv": [ 0.0, 0.0, 1.5, 0.5 ], "rotation": 90 },
										"east": { "texture": "#gold1", "uv": [ 0.0, 0.0, 1.5, 2.0 ], "rotation": 90 },
										"south": { "texture": "#gold1", "uv": [ 0.0, 0.0, 1.5, 0.5 ], "rotation": 90 },
										"west": { "texture": "#gold1", "uv": [ 0.0, 0.0, 1.5, 2.0 ], "rotation": 90 },
										"up": { "texture": "#gold1", "uv": [ 0.0, 0.0, 2.0, 0.5 ], "rotation": 90 },
										"down": { "texture": "#gold1", "uv": [ 0.0, 0.0, 2.0, 0.5 ], "rotation": 90 }
									}
								}
							]
						}
					]
				},
				{
					"name": "WhiteExtra",
					"from": [ 0.99, -0.01, 2.5 ],
					"to": [ 15.01, 0.99, 4.5 ],
					"rotationOrigin": [ 0.9, -0.1, 2.5 ],
					"faces": {
						"north": { "texture": "#canopyplain", "uv": [ 0.0, 0.0, 14.0, 1.0 ] },
						"east": { "texture": "#canopyplain", "uv": [ 0.0, 0.0, 2.0, 1.0 ] },
						"south": { "texture": "#canopyplain", "uv": [ 0.0, 0.0, 14.0, 1.0 ] },
						"west": { "texture": "#canopyplain", "uv": [ 0.0, 0.0, 2.0, 1.0 ] },
						"up": { "texture": "#canopyplain", "uv": [ 0.0, 0.0, 14.0, 2.0 ] },
						"down": { "texture": "#canopyplain", "uv": [ 0.0, 0.0, 14.0, 2.0 ] }
					},
					"children": [
						{
							"name": "WhiteExtra2",
							"from": [ 0.0, 0.0, 4.5 ],
							"to": [ 14.02, 1.0, 6.5 ],
							"rotationOrigin": [ -0.09, 0.0, 4.5 ],
							"faces": {
								"north": { "texture": "#canopyplain", "uv": [ 0.0, 0.0, 14.0, 1.0 ] },
								"east": { "texture": "#canopyplain", "uv": [ 0.0, 0.0, 2.0, 1.0 ] },
								"south": { "texture": "#canopyplain", "uv": [ 0.0, 0.0, 14.0, 1.0 ] },
								"west": { "texture": "#canopyplain", "uv": [ 0.0, 0.0, 2.0, 1.0 ] },
								"up": { "texture": "#canopyplain", "uv": [ 0.0, 0.0, 14.0, 2.0 ] },
								"down": { "texture": "#canopyplain", "uv": [ 0.0, 0.0, 14.0, 2.0 ] }
							}
						},
						{
							"name": "WhiteExtra3",
							"from": [ 0.0, 0.0, 9.0 ],
							"to": [ 14.02, 1.0, 11.0 ],
							"rotationOrigin": [ -0.09, 0.0, 9.0 ],
							"faces": {
								"north": { "texture": "#canopyplain", "uv": [ 0.0, 0.0, 14.0, 1.0 ] },
								"east": { "texture": "#canopyplain", "uv": [ 0.0, 0.0, 2.0, 1.0 ] },
								"south": { "texture": "#canopyplain", "uv": [ 0.0, 0.0, 14.0, 1.0 ] },
								"west": { "texture": "#canopyplain", "uv": [ 0.0, 0.0, 2.0, 1.0 ] },
								"up": { "texture": "#canopyplain", "uv": [ 0.0, 0.0, 14.0, 2.0 ] },
								"down": { "texture": "#canopyplain", "uv": [ 0.0, 0.0, 14.0, 2.0 ] }
							}
						}
					]
				},
				{
					"name": "WhiteExtra4",
					"from": [ 0.99, 9.01, 2.7 ],
					"to": [ 15.01, 10.01, 4.7 ],
					"rotationOrigin": [ 0.9, 9.1, 2.7 ],
					"faces": {
						"north": { "texture": "#canopyplain", "uv": [ 0.0, 0.0, 14.0, 1.0 ] },
						"east": { "texture": "#canopyplain", "uv": [ 0.0, 0.0, 2.0, 1.0 ] },
						"south": { "texture": "#canopyplain", "uv": [ 0.0, 0.0, 14.0, 1.0 ] },
						"west": { "texture": "#canopyplain", "uv": [ 0.0, 0.0, 2.0, 1.0 ] },
						"up": { "texture": "#canopyplain", "uv": [ 0.0, 0.0, 14.0, 2.0 ] },
						"down": { "texture": "#canopyplain", "uv": [ 0.0, 0.0, 14.0, 2.0 ] }
					},
					"children": [
						{
							"name": "WhiteExtra5",
							"from": [ 0.0, 0.0, 4.3 ],
							"to": [ 14.02, 1.0, 6.3 ],
							"rotationOrigin": [ -0.09, 0.0, 4.3 ],
							"faces": {
								"north": { "texture": "#canopyplain", "uv": [ 0.0, 0.0, 14.0, 1.0 ] },
								"east": { "texture": "#canopyplain", "uv": [ 0.0, 0.0, 2.0, 1.0 ] },
								"south": { "texture": "#canopyplain", "uv": [ 0.0, 0.0, 14.0, 1.0 ] },
								"west": { "texture": "#canopyplain", "uv": [ 0.0, 0.0, 2.0, 1.0 ] },
								"up": { "texture": "#canopyplain", "uv": [ 0.0, 0.0, 14.0, 2.0 ] },
								"down": { "texture": "#canopyplain", "uv": [ 0.0, 0.0, 14.0, 2.0 ] }
							}
						},
						{
							"name": "WhiteExtra6",
							"from": [ 0.0, 0.0, 8.6 ],
							"to": [ 14.02, 1.0, 10.6 ],
							"rotationOrigin": [ -0.09, 0.0, 8.6 ],
							"faces": {
								"north": { "texture": "#canopyplain", "uv": [ 0.0, 0.0, 14.0, 1.0 ] },
								"east": { "texture": "#canopyplain", "uv": [ 0.0, 0.0, 2.0, 1.0 ] },
								"south": { "texture": "#canopyplain", "uv": [ 0.0, 0.0, 14.0, 1.0 ] },
								"west": { "texture": "#canopyplain", "uv": [ 0.0, 0.0, 2.0, 1.0 ] },
								"up": { "texture": "#canopyplain", "uv": [ 0.0, 0.0, 14.0, 2.0 ] },
								"down": { "texture": "#canopyplain", "uv": [ 0.0, 0.0, 14.0, 2.0 ] }
							}
						}
					]
				},
				{
					"name": "WhiteExtra11",
					"from": [ 0.99, 6.01, 5.5 ],
					"to": [ 15.01, 7.01, 7.5 ],
					"rotationOrigin": [ 0.9, 6.1, 5.5 ],
					"faces": {
						"north": { "texture": "#canopyplain", "uv": [ 0.0, 0.0, 14.0, 1.0 ] },
						"east": { "texture": "#canopyplain", "uv": [ 0.0, 0.0, 2.0, 1.0 ] },
						"south": { "texture": "#canopyplain", "uv": [ 0.0, 0.0, 14.0, 1.0 ] },
						"west": { "texture": "#canopyplain", "uv": [ 0.0, 0.0, 2.0, 1.0 ] },
						"up": { "texture": "#canopyplain", "uv": [ 0.0, 0.0, 14.0, 2.0 ] },
						"down": { "texture": "#canopyplain", "uv": [ 0.0, 0.0, 14.0, 2.0 ] }
					},
					"children": [
						{
							"name": "WhiteExtra12",
							"from": [ 0.0, 0.0, 4.0 ],
							"to": [ 14.02, 1.0, 6.0 ],
							"rotationOrigin": [ -0.09, 0.0, 4.0 ],
							"faces": {
								"north": { "texture": "#canopyplain", "uv": [ 0.0, 0.0, 14.0, 1.0 ] },
								"east": { "texture": "#canopyplain", "uv": [ 0.0, 0.0, 2.0, 1.0 ] },
								"south": { "texture": "#canopyplain", "uv": [ 0.0, 0.0, 14.0, 1.0 ] },
								"west": { "texture": "#canopyplain", "uv": [ 0.0, 0.0, 2.0, 1.0 ] },
								"up": { "texture": "#canopyplain", "uv": [ 0.0, 0.0, 14.0, 2.0 ] },
								"down": { "texture": "#canopyplain", "uv": [ 0.0, 0.0, 14.0, 2.0 ] }
							}
						}
					]
				},
				{
					"name": "WhiteExtra13",
					"from": [ 0.99, 3.01, 3.5 ],
					"to": [ 15.01, 4.01, 5.5 ],
					"rotationOrigin": [ 0.9, 3.1, 3.5 ],
					"faces": {
						"north": { "texture": "#canopyplain", "uv": [ 0.0, 0.0, 14.0, 1.0 ] },
						"east": { "texture": "#canopyplain", "uv": [ 0.0, 0.0, 2.0, 1.0 ] },
						"south": { "texture": "#canopyplain", "uv": [ 0.0, 0.0, 14.0, 1.0 ] },
						"west": { "texture": "#canopyplain", "uv": [ 0.0, 0.0, 2.0, 1.0 ] },
						"up": { "texture": "#canopyplain", "uv": [ 0.0, 0.0, 14.0, 2.0 ] },
						"down": { "texture": "#canopyplain", "uv": [ 0.0, 0.0, 14.0, 2.0 ] }
					},
					"children": [
						{
							"name": "WhiteExtra14",
							"from": [ 0.0, 0.0, 4.0 ],
							"to": [ 14.02, 1.0, 6.0 ],
							"rotationOrigin": [ -0.09, 0.0, 4.0 ],
							"faces": {
								"north": { "texture": "#canopyplain", "uv": [ 0.0, 0.0, 14.0, 1.0 ] },
								"east": { "texture": "#canopyplain", "uv": [ 0.0, 0.0, 2.0, 1.0 ] },
								"south": { "texture": "#canopyplain", "uv": [ 0.0, 0.0, 14.0, 1.0 ] },
								"west": { "texture": "#canopyplain", "uv": [ 0.0, 0.0, 2.0, 1.0 ] },
								"up": { "texture": "#canopyplain", "uv": [ 0.0, 0.0, 14.0, 2.0 ] },
								"down": { "texture": "#canopyplain", "uv": [ 0.0, 0.0, 14.0, 2.0 ] }
							}
						},
						{
							"name": "WhiteExtra15",
							"from": [ 0.0, 0.0, 8.0 ],
							"to": [ 14.02, 1.0, 10.0 ],
							"rotationOrigin": [ -0.09, 0.0, 8.0 ],
							"faces": {
								"north": { "texture": "#canopyplain", "uv": [ 0.0, 0.0, 14.0, 1.0 ] },
								"east": { "texture": "#canopyplain", "uv": [ 0.0, 0.0, 2.0, 1.0 ] },
								"south": { "texture": "#canopyplain", "uv": [ 0.0, 0.0, 14.0, 1.0 ] },
								"west": { "texture": "#canopyplain", "uv": [ 0.0, 0.0, 2.0, 1.0 ] },
								"up": { "texture": "#canopyplain", "uv": [ 0.0, 0.0, 14.0, 2.0 ] },
								"down": { "texture": "#canopyplain", "uv": [ 0.0, 0.0, 14.0, 2.0 ] }
							}
						}
					]
				}
			]
		}
	]}