{
	"editor": {
		"allAngles": true,
		"entityTextureMode": false
	},
	"textureWidth": 8,
	"textureHeight": 8,
	"textureSizes": {
		"abieskoreana": [4,8]
	},
	"textures": {
		"abieskoreana": "item/resource/seeds/abieskoreana"
	},
	"elements": [
		{
			"name": "origin",
			"from": [ 8.0, 0.0, 8.0 ],
			"to": [ 8.0, 0.0, 8.0 ],
			"rotationOrigin": [ 8.0, 0.0, 8.0 ],
			"faces": {
			},
			"children": [
				{
					"name": "pinecone",
					"from": [ -1.5, 0.7, -1.5 ],
					"to": [ 1.5, 3.7, 1.5 ],
					"rotationOrigin": [ 0.0, 1.7, 0.0 ],
					"faces": {
						"north": { "texture": "#abieskoreana", "uv": [ 0.5, 0.0, 3.5, 3.0 ] },
						"east": { "texture": "#abieskoreana", "uv": [ 0.5, 0.5, 3.5, 3.5 ], "windMode": [-1,-1,-1,-1] },
						"south": { "texture": "#abieskoreana", "uv": [ 0.5, 0.5, 3.5, 3.5 ], "windMode": [-1,-1,-1,-1] },
						"west": { "texture": "#abieskoreana", "uv": [ 0.0, 0.0, 3.0, 3.0 ], "windMode": [-1,-1,-1,-1] },
						"up": { "texture": "#abieskoreana", "uv": [ 0.5, 4.5, 3.5, 7.5 ], "windMode": [-1,-1,-1,-1] },
						"down": { "texture": "#abieskoreana", "uv": [ 0.5, 4.5, 3.5, 7.5 ], "windMode": [-1,-1,-1,-1] }
					},
					"children": [
						{
							"name": "bottom",
							"from": [ 0.5, -1.0, 0.5 ],
							"to": [ 2.5, 0.0, 2.5 ],
							"rotationOrigin": [ 1.5, -1.0, 1.5 ],
							"faces": {
								"north": { "texture": "#abieskoreana", "uv": [ 1.5, 1.0, 3.5, 2.0 ] },
								"east": { "texture": "#abieskoreana", "uv": [ 0.5, 1.5, 2.5, 2.5 ] },
								"south": { "texture": "#abieskoreana", "uv": [ 1.0, 1.5, 3.0, 2.5 ], "windMode": [-1,-1,-1,-1] },
								"west": { "texture": "#abieskoreana", "uv": [ 1.5, 3.0, 3.5, 4.0 ], "windMode": [-1,-1,-1,-1] },
								"down": { "texture": "#abieskoreana", "uv": [ 1.0, 5.0, 3.0, 7.0 ], "windMode": [-1,-1,-1,-1] }
							}
						},
						{
							"name": "body1",
							"from": [ 0.3, 3.0, 0.3 ],
							"to": [ 2.7, 4.5, 2.7 ],
							"rotationOrigin": [ 1.5, 3.0, 1.5 ],
							"faces": {
								"north": { "texture": "#abieskoreana", "uv": [ 0.5, 3.0, 2.5, 4.5 ] },
								"east": { "texture": "#abieskoreana", "uv": [ 2.0, 1.0, 4.0, 2.5 ] },
								"south": { "texture": "#abieskoreana", "uv": [ 0.5, 1.5, 2.5, 3.0 ], "windMode": [-1,-1,-1,-1] },
								"west": { "texture": "#abieskoreana", "uv": [ 1.5, 2.5, 3.5, 4.0 ], "windMode": [-1,-1,-1,-1] },
								"up": { "texture": "#abieskoreana", "uv": [ 1.0, 5.0, 3.0, 7.0 ], "windMode": [-1,-1,-1,-1] }
							}
						},
						{
							"name": "body2",
							"from": [ 0.7, 4.5, 0.7 ],
							"to": [ 2.2, 5.5, 2.2 ],
							"rotationOrigin": [ 1.5, 4.5, 1.5 ],
							"faces": {
								"north": { "texture": "#abieskoreana", "uv": [ 1.0, 1.5, 2.5, 2.5 ] },
								"east": { "texture": "#abieskoreana", "uv": [ 2.0, 1.0, 3.5, 2.0 ] },
								"south": { "texture": "#abieskoreana", "uv": [ 0.5, 2.0, 2.0, 3.0 ], "windMode": [-1,-1,-1,-1] },
								"west": { "texture": "#abieskoreana", "uv": [ 1.0, 2.0, 2.5, 3.0 ], "windMode": [-1,-1,-1,-1] },
								"up": { "texture": "#abieskoreana", "uv": [ 2.0, 2.5, 3.5, 4.0 ], "windMode": [-1,-1,-1,-1] }
							}
						}
					]
				}
			]
		}
	]}