{
  "code": "enchantedchalix",
  "class": "BlockLiquidContainerTopOpened",
  "enabled": true,

  "storageFlags": 131073,

  "variantgroups": [
    {
      "code": "type",
      "states": [ "tier1", "tier2", "tier3" ]
    }
  ],

  "creativeinventory": {
    "general": [ "*" ],
    "items": [ "*" ],
    "rustboundmagic": [ "*" ]
  },
  "behaviors": [
    {
      "name": "GroundStorable",
      "properties": {
        "layout": "Quadrants",
        "collisionBox": {
          "x1": 0,
          "y1": 0,
          "z1": 0,
          "x2": 1,
          "y2": 0.125,
          "z2": 1
        }
      }
    },
    {
      "name": "Unplaceable",
      "__comment": "The ground storable obsoletes this being a block. Should be an item, but is kept a block for backwards compatibility"
    },
    { "name": "RightClickPickup" }
  ],

  "maxstacksize": 1,
  "materialDensity": 1200,

  "shapebytype": {
    "*": {
      "base": "blocks/enchantedchalix"
    }
  },
  "texturesByType": {
    "*-tier1": {
      "default": { "base": "default" },
      "bottom": { "base": "items/resources/arcanus-normal" },
      "bottom1": { "base": "blocks/resources/eldrathium/eldrathium" },
      "side": { "base": "items/resources/arcanus-normal" },
      "side1": { "base": "blocks/resources/eldrathium/eldrathium" },
      "edge": { "base": "blocks/resources/eldrathium/eldrathium" },
      "top": { "base": "blocks/resources/eldrathium/eldrathium" }
    },
    "*-tier2": {
      "default": { "base": "default" },
      "bottom": { "base": "items/resources/arcanus-primal" },
      "bottom1": { "base": "blocks/resources/eldrathium/eldrathium" },
      "side": { "base": "items/resources/arcanus-primal" },
      "side1": { "base": "blocks/resources/eldrathium/eldrathium" },
      "edge": { "base": "blocks/resources/eldrathium/eldrathium" },
      "top": { "base": "blocks/resources/eldrathium/eldrathium" }
    },
    "*-tier3": {
      "default": { "base": "default" },
      "bottom": { "base": "items/resources/arcanus-seraphic" },
      "bottom1": { "base": "blocks/resources/eldrathium/eldrathium" },
      "side": { "base": "items/resources/arcanus-seraphic" },
      "side1": { "base": "blocks/resources/eldrathium/eldrathium" },
      "edge": { "base": "blocks/resources/eldrathium/eldrathium" },
      "top": { "base": "blocks/resources/eldrathium/eldrathium" }
    }
  },

  "attributesByType": {
    "*": {
      "ucontents": [
        {
          "type": "item",
          "code": "rustboundmagic:riftbloomteaportion",
          "makefull": true
        }
      ],
      "liquidContainerPropsByType": {
        "*-tier1": {
          "capacityLitres": 2,
          "transferSizeLitres": 0.1,
          "emptyShapeLoc": "blocks/enchantedchalix",
          "opaqueContentShapeLoc": "game:shapes/block/clay/bowl-contents",
          "liquidContentShapeLoc": "game:shapes/block/clay/bowl-liquidcontents",
          "liquidMaxYTranslate": 0.09
        },
        "*-tier2": {
          "capacityLitres": 4,
          "transferSizeLitres": 0.1,
          "emptyShapeLoc": "blocks/enchantedchalix",
          "opaqueContentShapeLoc": "game:shapes/block/clay/bowl-contents",
          "liquidContentShapeLoc": "game:shapes/block/clay/bowl-liquidcontents",
          "liquidMaxYTranslate": 0.09
        },
        "*-tier3": {
          "capacityLitres": 6,
          "transferSizeLitres": 0.1,
          "emptyShapeLoc": "blocks/enchantedchalix",
          "opaqueContentShapeLoc": "game:shapes/block/clay/bowl-contents",
          "liquidContentShapeLoc": "game:shapes/block/clay/bowl-liquidcontents",
          "liquidMaxYTranslate": 0.09
        }
      },
      "mealContainer": false,
      //"mealBlockCode": "bowl-meal",
      //"mealBlockCode": "enchantedchalix-tier1", //enchantedchalix
      "servingCapacity": 1,
      "bowlContents": null,

      "displaycaseable": true,
      "onDisplayTransform": {
        "translation": {
          "x": 0,
          "y": -0.125,
          "z": 0
        },
        "scale": 0.75
      },
      "shelvable": true,
      "onshelfTransform": {
        "translation": {
          "x": 0,
          "y": -0.125,
          "z": 0
        },
        "scale": 0.75
      },
      "groundStorageTransform": {
        "origin": {
          "x": 0.5,
          "y": 0,
          "z": 0.5
        },
        "scale": 1
      },
      "handbookByType": {
        "*-tier1": {
          "extraSections": [
            {
              "title": "game:Created by",
              "text": "rustboundmagic:handbook-thaumicworkbenchonlytier1-text"
            },
            {
              "title": "rustboundmagic:handbook-enchantedchalix-title",
              "text": "rustboundmagic:handbook-enchantedchalix-text"
            }
          ]
        },
        "*-tier2": {
          "extraSections": [
            {
              "title": "game:Created by",
              "text": "rustboundmagic:handbook-thaumicworkbenchonlytier2-text"
            },
            {
              "title": "rustboundmagic:handbook-enchantedchalix-title",
              "text": "rustboundmagic:handbook-enchantedchalix-text"
            }
          ]
        },
        "*-tier3": {
          "extraSections": [
            {
              "title": "game:Created by",
              "text": "rustboundmagic:handbook-thaumicworkbenchonlytier3-text"
            },
            {
              "title": "rustboundmagic:handbook-enchantedchalix-title",
              "text": "rustboundmagic:handbook-enchantedchalix-text"
            }
          ]
        }
      }
    }
  },

  "heldTpIdleAnimation": "holdbothhands",
  "doNotRenderAtLod2": true,
  "blockmaterial": "Ceramic",

  "replaceable": 300,
  "liquidSelectable": 1,
  "resistance": 0.75,
  "maxStackSize": 1,
  "lightAbsorption": 0,
  "randomizeRotations": true,

  "sounds": {
    "walk": "game:walk/stone"
  },
  "sideopaque": {
    "all": false
  },
  "sidesolid": {
    "all": false
  },
  "collisionbox": {
    "x1": 0.3125,
    "y1": 0,
    "z1": 0.3125,
    "x2": 0.6875,
    "y2": 0.125,
    "z2": 0.6875
  },
  "selectionbox": {
    "x1": 0.3125,
    "y1": 0,
    "z1": 0.3125,
    "x2": 0.6875,
    "y2": 0.125,
    "z2": 0.6875
  },

  "guiTransform": {
    "rotation": {
      "x": -45,
      "y": -1,
      "z": 0
    },
    "origin": {
      "x": 0.5,
      "y": 0.1,
      "z": 0.5
    },
    "scale": 3.5
  },

  "groundTransform": {
    "scale": 3.5
  },
  "fpHandTransform": {
    "translation": {
      "x": 0,
      "y": 0.4,
      "z": 0
    },
    "rotation": {
      "x": 0,
      "y": -14,
      "z": 0
    },
    "scale": 2
  },
  "tpHandTransform": {
    "translation": {
      "x": -0.9,
      "y": -0.11,
      "z": -0.62
    },
    "rotation": {
      "x": -50,
      "y": 15,
      "z": -103
    },
    "origin": {
      "x": 0.5,
      "y": 0.1,
      "z": 0.5
    },
    "scale": 0.66
  }
}
