{
	"editor": {
		"allAngles": false,
		"entityTextureMode": false
	},
	"textureWidth": 16,
	"textureHeight": 16,
	"textureSizes": {
	},
	"textures": {
		"stem": "block/plant/bamboo/phyllostachysedulis"
	},
	"elements": [
		{
			"name": "StalkSingular",
			"from": [ 6.0, 0.0, 6.0 ],
			"to": [ 10.0, 16.0, 10.0 ],
			"faces": {
				"north": { "texture": "#stem", "uv": [ 0.0, 0.0, 4.0, 16.0 ], "windMode": [5,5,5,5] },
				"east": { "texture": "#stem", "uv": [ 2.0, 0.0, 6.0, 16.0 ], "windMode": [5,5,5,5] },
				"south": { "texture": "#stem", "uv": [ 0.0, 0.0, 4.0, 16.0 ], "windMode": [5,5,5,5] },
				"west": { "texture": "#stem", "uv": [ 3.0, 0.0, 7.0, 16.0 ], "windMode": [5,5,5,5] },
				"up": { "texture": "#stem", "uv": [ 8.0, 7.0, 12.0, 11.0 ], "windMode": [5,5,5,5] },
				"down": { "texture": "#stem", "uv": [ 8.0, 7.0, 12.0, 11.0 ], "windMode": [5,5,5,5] }
			},
			"children": [
				{
					"name": "Ring",
					"from": [ -0.1, 0.1, -0.1 ],
					"to": [ 4.1, 0.6, 4.1 ],
					"faces": {
						"north": { "texture": "#stem", "uv": [ 0.0, 15.5, 4.0, 16.0 ] },
						"east": { "texture": "#stem", "uv": [ 1.0, 15.5, 5.0, 16.0 ] },
						"south": { "texture": "#stem", "uv": [ 0.0, 15.5, 4.0, 16.0 ] },
						"west": { "texture": "#stem", "uv": [ 1.5, 15.5, 5.5, 16.0 ] },
						"up": { "texture": "#stem", "uv": [ 8.0, 7.0, 12.0, 11.0 ] },
						"down": { "texture": "#stem", "uv": [ 8.0, 7.0, 12.0, 11.0 ] }
					}
				},
				{
					"name": "Ring2",
					"from": [ -0.1, 7.6, -0.1 ],
					"to": [ 4.1, 8.1, 4.1 ],
					"faces": {
						"north": { "texture": "#stem", "uv": [ 0.0, 15.5, 4.0, 16.0 ] },
						"east": { "texture": "#stem", "uv": [ 1.5, 15.5, 5.5, 16.0 ] },
						"south": { "texture": "#stem", "uv": [ 0.0, 15.5, 4.0, 16.0 ] },
						"west": { "texture": "#stem", "uv": [ 2.0, 15.5, 6.0, 16.0 ] },
						"up": { "texture": "#stem", "uv": [ 8.0, 7.0, 12.0, 11.0 ] },
						"down": { "texture": "#stem", "uv": [ 8.0, 7.0, 12.0, 11.0 ] }
					}
				}
			]
		}
	]}