{
	code: "hammer",
	storageFlags: 257,
	attributes: {
		heldItemPitchFollow: 0.9,
		handbook: {
			groupBy: [
				"hammer-*"
			]
		},
		toolrackTransform: {
			rotation: { y: 1, z: -1
			},
			translation: { x: -0.2, y: 0.02
			},
			scale: 1.5,
		},
		groundStorageTransform: {
			translation: { x: 0, y: -0.16, z: 0.33
			},
			rotation: { x: 26, y: 88, z: -87
			},
			scale: 1.01
		}
	},
	behaviors: [
		{ 
		name: "GroundStorable",
		properties: {
			layout: 'WallHalves',
			wallOffY: 1,
			ctrlKey: true,
			selectionBox: { x1: 0, y1: 0, z1: 0, x2: 1, y2: 0.1, z2: 1
				},
			collisionBox: { x1: 0, y1: 0, z1: 0, x2: 0, y2: 0, z2: 0
				},
			}
		},
		{ name: "AnimationAuthoritative"
		}
	],
	variantgroups: [
		{ code: "material", states: [
				"chert",
				"granite",
				"andesite",
				"basalt",
				"obsidian",
				"peridotite",
				"flint",
				"bone-chert",
				"bone-granite",
				"bone-andesite",
				"bone-basalt",
				"bone-obsidian",
				"bone-peridotite",
				"bone-flint"
			]
		},
	],
	tool: "hammer",
	damagedby: [
		"blockbreaking",
		"attacking"
	],
	heldTpHitAnimation: "smithingwide",
	shape: { base: "item/tool/hammer-stone"
	},
	texturesByType: {
		"hammer-flint": {
			"material": { base: "game:block/stone/{material}"
			},
			"handle": { base: "game:item/tool/material/wood"
			}
		},
		"*-bone-chert": {
			"material": { base: "game:block/stone/rock/chert1"
			},
			"handle": { base: "game:block/creature/bone-yellow"
			}
		},
		"*-bone-granite": {
			"material": { base: "game:block/stone/rock/granite1"
			},
			"handle": { base: "game:block/creature/bone-yellow"
			}
		},
		"*-bone-andesite": {
			"material": { base: "game:block/stone/rock/andesite1"
			},
			"handle": { base: "game:block/creature/bone-yellow"
			}
		},
		"*-bone-basalt": {
			"material": { base: "game:block/stone/rock/basalt1"
			},
			"handle": { base: "game:block/creature/bone-yellow"
			}
		},
		"*-bone-obsidian": {
			"material": { base: "game:block/stone/rock/obsidian1"
			},
			"handle": { base: "game:block/creature/bone-yellow"
			}
		},
		"*-bone-peridotite": {
			"material": { base: "game:block/stone/rock/peridotite1"
			},
			"handle": { base: "game:block/creature/bone-yellow"
			}
		},
		"*-bone-flint": {
			"material": { base: "game:block/stone/flint"
			},
			"handle": { base: "game:block/creature/bone-yellow"
			}
		},
		"*": {
			"material": { base: "game:block/stone/rock/{material}1"
			},
			"handle": { base: "game:item/tool/material/wood"
			}
		}
	},
	tooltierbytype: {
		"*": 1,
	},
	durabilitybytype: {
		"hammer-flint": 60,
		"hammer-bone-flint": 70,
		"hammer-obsidian": 90,
		"hammer-bone-obsidian": 100,
		"hammer-bone-chert": 60,
		"hammer-bone-andesite": 60,
		"hammer-bone-granite": 60,
		"hammer-bone-basalt": 60,
		"hammer-bone-peridotite": 60,
		"*": 50,
	},
	attackpowerbytype: {
		"hammer-obsidian": 1.5,
		"hammer-bone-obsidian": 1.5,
		"hammer-flint": 1.25,
		"hammer-bone-flint": 1.25,
		"*": 0.75,
	},
	creativeinventory: {
		"general": [
			"*"
		],
		"items": [
			"*"
		],
		"tools": [
			"*"
		]
	},
	fpHandTransform: {
		translation: { x: 0.0468, y: -0.2, z: 0
		},
		rotation: { x: -33, y: 7, z: 90
		},
		scale: 2.75
	},
	guiTransform: {
		translation: { x: 0, y: 0, z: 0
		},
		rotation: { x: -77, y: 46, z: 8
		},
		origin: { x: 0.59, y: 0.5, z: 0.49
		},
		scale: 2.6
	},
	groundTransform: {
		translation: { x: 0, y: 0, z: 0
		},
		rotation: { x: 0, y: 0, z: 0
		},
		origin: { x: 0.5, y: 0.45, z: 0.5
		},
		scale: 4.5
	},
	tpHandTransform: {
		translation: { x: -0.65, y: -0.48, z: -0.52
		},
		rotation: { x: 90, y: 1, z: 0
		},
		scale: 1
	}
}