{
  "code": "carillonbell",
  "enabled": true,
  "class": "soundemittingblock",
  "behaviors": [
    {
      "name": "HorizontalUpDownOrientable"
    },
    {
      "name": "UnstableFallingVariant",
      "properties": {
        "attachableFaces": [ "up", "down" ],
        "impactDamageMul": 10,
        "fallSound": "block/carillonbell/carillonbell_{metal}",
        "dustIntensity": 1,
        "variantAfterFalling": "carillonbell-{metal}-up-north",
        "attachmentAreas": {
          "up": {
            "x1": 4.5,
            "y1": 0,
            "z1": 4.5,
            "x2": 5.5,
            "y2": 0,
            "z2": 5.5
          },
          "down": {
            "x1": 4.5,
            "y1": 15,
            "z1": 4.5,
            "x2": 5.5,
            "y2": 15,
            "z2": 5.5
          }
        }
      }
    }
  ],
  "maxstacksize": 1,
  "creativeinventory": {
    "general": [ "*-up-north" ],
    "rpvoicechat": [ "*-up-north" ]
  },
  "blockmaterial": "Metal",
  "drawtype": "json",
  "variantgroups": [
    {
      "code": "metal",
      "states": [ "blackbronze", "bismuthbronze", "brass", "tinbronze", "copper", "tin", "zinc", "iron", "nickel", "silver", "cupronickel", "gold", "electrum" ]
    },
    {
      "code": "v",
      "loadFromProperties": "abstract/verticalorientation"
    },
    {
      "code": "side",
      "loadFromProperties": "abstract/horizontalorientation"
    }
  ],
  "shapebytype": {
    "*-up-*": { "base": "block/carillonbell/carillonbell-floor.json" },
    "*-down-*": { "base": "block/carillonbell/carillonbell-ceiling_hang.json" }
  },
  "textures": {
    "metal": { "base": "game:block/metal/plate/{metal}" }
  },
  "attributes": {
    "handbook": {
      "groupBy": [ "carillonbell-*" ],
      "createdBy": "metalmolding",
      "extraSections": [
        {
          "title": "rpvoicechat:Handbook.Usage.block-carillonbell.Title",
          "text": "rpvoicechat:Handbook.Usage.block-carillonbell-{metal}.Text"
        }
      ]
    },
    "soundAudibleDistance": 256,
    "soundVolume": 1,
    "cooldownTime": 1.5,
    "blockInteractSounds": [
      "block/carillonbell/carillonbell_{metal}"
    ]
  },
  "rainPermeable": true,
  "sidesolid": {
    "all": false
  },
  "sideopaque": {
    "all": false
  },
  "lightAbsorption": 0,
  "resistance": 1,
  "sounds": {
    "place": "game:block/anvil",
    "walk": "game:walk/stone"
  },
  "guiTransform": {
    "translation": {
      "x": 0,
      "y": 0,
      "z": 0
    },
    "origin": {
      "x": 0.5,
      "y": 0.3,
      "z": 0.5
    },
    "scale": 1.76
  },
  "tpHandTransform": {
    "translation": {
      "x": -2,
      "y": -1,
      "z": -1.5
    },
    "rotation": {
      "x": 0,
      "y": -80,
      "z": -5
    },
    "origin": {
      "x": 0.6,
      "y": 0,
      "z": 0.5
    },
    "scale": 1
  }
}