{
	"editor": {
		"backDropShape": "shapes/entity/humanoid/seraph",
		"allAngles": true,
		"entityTextureMode": true
	},
	"textureWidth": 64,
	"textureHeight": 64,
	"textureSizes": {
	},
	"textures": {
	},
	"elements": [
		{
			"name": "ArmorUpperTorso",
			"stepParentName": "UpperTorso",
			"from": [ -0.225, -0.15, -0.225 ],
			"to": [ 3.975, 3.9, 4.875 ],
			"autoUnwrap": false,
			"uv": [ 0.0, 0.0 ],
			"rotationOrigin": [ -0.225, -0.15, -0.225 ],
			"faces": {
				"north": { "texture": "#material", "uv": [ 12.0, 6.5, 17.5, 11.5 ], "autoUv": false },
				"east": { "texture": "#material", "uv": [ 5.5, 6.5, 12.0, 11.5 ], "autoUv": false },
				"south": { "texture": "#material", "uv": [ 0.0, 6.5, 5.5, 11.5 ], "autoUv": false },
				"west": { "texture": "#material", "uv": [ 17.5, 6.5, 24.0, 11.5 ], "autoUv": false },
				"up": { "texture": "#material", "uv": [ 0.0, 0.0, 5.5, 6.5 ], "autoUv": false },
				"down": { "texture": "#material", "uv": [ 5.5, 0.0, 11.0, 6.5 ], "autoUv": false }
			}
		},
		{
			"name": "ArmorLowerTorso",
			"stepParentName": "LowerTorso",
			"from": [ -0.225, -0.375, -0.225 ],
			"to": [ 3.975, 3.825, 4.725 ],
			"autoUnwrap": false,
			"uv": [ 0.0, 11.5 ],
			"rotationOrigin": [ -0.225, -0.375, -0.225 ],
			"faces": {
				"north": { "texture": "#material", "uv": [ 12.0, 18.0, 17.5, 23.5 ], "autoUv": false },
				"east": { "texture": "#material", "uv": [ 5.5, 18.0, 12.0, 23.5 ], "autoUv": false },
				"south": { "texture": "#material", "uv": [ 0.0, 18.0, 5.5, 23.5 ], "autoUv": false },
				"west": { "texture": "#material", "uv": [ 17.5, 18.0, 24.0, 23.5 ], "autoUv": false },
				"up": { "texture": "#material", "uv": [ 0.0, 11.5, 5.5, 18.0 ], "autoUv": false },
				"down": { "texture": "#material", "uv": [ 5.5, 11.5, 11.0, 18.0 ], "autoUv": false }
			}
		},
		{
			"name": "ArmorUpperArmR",
			"stepParentName": "UpperArmR",
			"from": [ -0.15, -0.15, -0.225 ],
			"to": [ 2.325, 5.4, 1.575 ],
			"autoUnwrap": false,
			"uv": [ 36.0, 0.0 ],
			"rotationOrigin": [ -0.15, -0.15, -0.225 ],
			"faces": {
				"north": { "texture": "#material", "uv": [ 36.0, 2.0, 39.0, 9.0 ], "autoUv": false },
				"east": { "texture": "#material", "uv": [ 44.0, 2.0, 46.0, 9.0 ], "autoUv": false },
				"south": { "texture": "#material", "uv": [ 41.0, 2.0, 44.0, 9.0 ], "autoUv": false },
				"west": { "texture": "#material", "uv": [ 39.0, 2.0, 41.0, 9.0 ], "autoUv": false },
				"up": { "texture": "#material", "uv": [ 36.0, 0.0, 39.0, 2.0 ], "rotation": 180, "autoUv": false },
				"down": { "texture": "#material", "uv": [ 39.0, 0.0, 42.0, 2.0 ], "autoUv": false }
			},
			"children": [
				{
					"name": "ArmorShoulderR",
					"from": [ -0.375, 5.1, 0.3 ],
					"to": [ 2.625, 5.85, 1.425 ],
					"unwrapMode": 5,
					"uv": [ 24.0, 17.0 ],
					"rotationOrigin": [ -0.375, 5.1, 0.3 ],
					"faces": {
						"north": { "texture": "#material", "uv": [ 25.0, 17.0, 29.0, 18.0 ], "rotation": 180, "autoUv": false },
						"east": { "texture": "#material", "uv": [ 29.0, 18.0, 30.0, 19.5 ], "rotation": 90, "autoUv": false },
						"south": { "texture": "#material", "uv": [ 25.0, 19.5, 29.0, 20.5 ], "autoUv": false },
						"west": { "texture": "#material", "uv": [ 24.0, 18.0, 25.0, 19.5 ], "rotation": 270, "autoUv": false },
						"up": { "texture": "#material", "uv": [ 25.0, 18.0, 29.0, 19.5 ], "autoUv": false },
						"down": { "texture": "#material", "uv": [ 30.0, 18.0, 34.0, 19.5 ], "autoUv": false }
					}
				}
			]
		},
		{
			"name": "ArmorUpperArmL",
			"stepParentName": "UpperArmL",
			"from": [ -0.15, -0.15, -0.15 ],
			"to": [ 2.325, 5.4, 1.65 ],
			"autoUnwrap": false,
			"uv": [ 26.0, 0.0 ],
			"rotationOrigin": [ -0.15, -0.15, -0.15 ],
			"faces": {
				"north": { "texture": "#material", "uv": [ 26.0, 2.0, 29.0, 9.0 ], "autoUv": false },
				"east": { "texture": "#material", "uv": [ 34.0, 2.0, 36.0, 9.0 ], "autoUv": false },
				"south": { "texture": "#material", "uv": [ 31.0, 2.0, 34.0, 9.0 ], "autoUv": false },
				"west": { "texture": "#material", "uv": [ 29.0, 2.0, 31.0, 9.0 ], "autoUv": false },
				"up": { "texture": "#material", "uv": [ 26.0, 0.0, 29.0, 2.0 ], "autoUv": false },
				"down": { "texture": "#material", "uv": [ 29.0, 0.0, 32.0, 2.0 ], "autoUv": false }
			},
			"children": [
				{
					"name": "ArmorShoulderL",
					"from": [ -0.375, 5.1, 0.15 ],
					"to": [ 2.625, 5.85, 1.275 ],
					"unwrapMode": 5,
					"uv": [ 24.0, 20.5 ],
					"rotationOrigin": [ -0.375, 5.1, 0.15 ],
					"faces": {
						"north": { "texture": "#material", "uv": [ 25.0, 20.5, 29.0, 21.5 ], "rotation": 180, "autoUv": false },
						"east": { "texture": "#material", "uv": [ 29.0, 21.5, 30.0, 23.0 ], "rotation": 90, "autoUv": false },
						"south": { "texture": "#material", "uv": [ 25.0, 23.0, 29.0, 24.0 ], "autoUv": false },
						"west": { "texture": "#material", "uv": [ 24.0, 21.5, 25.0, 23.0 ], "rotation": 270, "autoUv": false },
						"up": { "texture": "#material", "uv": [ 25.0, 21.5, 29.0, 23.0 ], "autoUv": false },
						"down": { "texture": "#material", "uv": [ 30.0, 21.5, 34.0, 23.0 ], "autoUv": false }
					}
				}
			]
		},
		{
			"name": "ArmorLowerArmR",
			"stepParentName": "LowerArmR",
			"from": [ -0.15, 1.35, -0.1875 ],
			"to": [ 2.025, 4.65, 1.6875 ],
			"uv": [ 36.0, 9.0 ],
			"rotationOrigin": [ -0.15, 1.35, -0.3 ],
			"faces": {
				"north": { "texture": "#material", "uv": [ 36.0, 11.5, 38.5, 15.5 ], "autoUv": false },
				"east": { "texture": "#material", "uv": [ 38.5, 11.5, 41.0, 15.5 ], "autoUv": false },
				"south": { "texture": "#material", "uv": [ 41.0, 11.5, 43.5, 15.5 ], "autoUv": false },
				"west": { "texture": "#material", "uv": [ 43.5, 11.5, 46.0, 15.5 ], "autoUv": false },
				"up": { "texture": "#material", "uv": [ 36.0, 9.0, 38.5, 11.5 ], "autoUv": false },
				"down": { "texture": "#material", "uv": [ 38.5, 9.0, 41.0, 11.5 ], "autoUv": false }
			}
		},
		{
			"name": "ArmorLowerArmL",
			"stepParentName": "LowerArmL",
			"from": [ -0.15, 1.35, -0.1875 ],
			"to": [ 2.025, 4.65, 1.6875 ],
			"uv": [ 26.0, 9.0 ],
			"rotationOrigin": [ -0.15, 1.35, -0.225 ],
			"faces": {
				"north": { "texture": "#material", "uv": [ 26.0, 11.5, 28.5, 15.5 ], "autoUv": false },
				"east": { "texture": "#material", "uv": [ 28.5, 11.5, 31.0, 15.5 ], "autoUv": false },
				"south": { "texture": "#material", "uv": [ 31.0, 11.5, 33.5, 15.5 ], "autoUv": false },
				"west": { "texture": "#material", "uv": [ 33.5, 11.5, 36.0, 15.5 ], "autoUv": false },
				"up": { "texture": "#material", "uv": [ 26.0, 9.0, 28.5, 11.5 ], "autoUv": false },
				"down": { "texture": "#material", "uv": [ 28.5, 9.0, 31.0, 11.5 ], "autoUv": false }
			}
		},
		{
			"name": "ArmorCoatR",
			"stepParentName": "UpperFootR",
			"from": [ -0.525, -0.6, -0.3375 ],
			"to": [ 3.675, 4.65, 2.2875 ],
			"autoUnwrap": false,
			"uv": [ 18.0, 24.5 ],
			"rotationOrigin": [ -0.525, -0.6, -0.45 ],
			"faces": {
				"north": { "texture": "#material", "uv": [ 18.0, 28.0, 23.5, 35.0 ], "autoUv": false },
				"east": { "texture": "#material", "uv": [ 32.5, 28.0, 36.0, 35.0 ], "autoUv": false },
				"south": { "texture": "#material", "uv": [ 27.0, 28.0, 32.5, 35.0 ], "autoUv": false },
				"west": { "texture": "#material", "uv": [ 23.5, 28.0, 27.0, 35.0 ], "autoUv": false },
				"up": { "texture": "#material", "uv": [ 18.0, 24.5, 23.5, 28.0 ], "rotation": 180, "autoUv": false },
				"down": { "texture": "#material", "uv": [ 23.5, 24.5, 29.0, 28.0 ], "rotation": 180, "autoUv": false }
			},
			"children": [
				{
					"name": "ArmorLegCoverR",
					"from": [ 0.375, 0.525, 0.3 ],
					"to": [ 3.825, 7.575, 2.775 ],
					"autoUnwrap": false,
					"uv": [ 45.5, 48.0 ],
					"rotationOrigin": [ 0.375, 0.525, 0.3 ],
					"faces": {
						"north": { "texture": "#material", "uv": [ 58.5, 52.0, 63.0, 61.0 ], "autoUv": false },
						"east": { "texture": "#material", "uv": [ 59.5, 52.0, 62.5, 61.0 ], "autoUv": false },
						"south": { "texture": "#material", "uv": [ 56.0, 52.0, 60.5, 61.0 ], "autoUv": false },
						"west": { "texture": "#material", "uv": [ 61.0, 52.0, 64.0, 61.0 ], "autoUv": false },
						"up": { "texture": "#material", "uv": [ 57.5, 52.0, 62.0, 55.0 ], "autoUv": false }
					}
				}
			]
		},
		{
			"name": "ArmorCoatL",
			"stepParentName": "UpperFootL",
			"from": [ -0.525, -0.6, 0.1125 ],
			"to": [ 3.675, 4.65, 2.7375 ],
			"autoUnwrap": false,
			"uv": [ 0.0, 24.5 ],
			"rotationOrigin": [ -0.525, -0.6, 0.0 ],
			"faces": {
				"north": { "texture": "#material", "uv": [ 0.0, 28.0, 5.5, 35.0 ], "autoUv": false },
				"east": { "texture": "#material", "uv": [ 14.5, 28.0, 18.0, 35.0 ], "autoUv": false },
				"south": { "texture": "#material", "uv": [ 9.0, 28.0, 14.5, 35.0 ], "autoUv": false },
				"west": { "texture": "#material", "uv": [ 5.5, 28.0, 9.0, 35.0 ], "autoUv": false },
				"up": { "texture": "#material", "uv": [ 0.0, 24.5, 5.5, 28.0 ], "autoUv": false },
				"down": { "texture": "#material", "uv": [ 5.5, 24.5, 11.0, 28.0 ], "autoUv": false }
			},
			"children": [
				{
					"name": "ArmorLegCoverL",
					"from": [ 0.375, 0.525, -0.15 ],
					"to": [ 3.825, 7.575, 2.325 ],
					"autoUnwrap": false,
					"uv": [ 0.0, 0.0 ],
					"rotationOrigin": [ 0.375, 0.525, -0.15 ],
					"faces": {
						"north": { "texture": "#material", "uv": [ 58.5, 52.0, 63.0, 61.0 ], "autoUv": false },
						"east": { "texture": "#material", "uv": [ 59.5, 52.0, 62.5, 61.0 ], "autoUv": false },
						"south": { "texture": "#material", "uv": [ 56.0, 52.0, 60.5, 61.0 ], "autoUv": false },
						"west": { "texture": "#material", "uv": [ 61.0, 52.0, 64.0, 61.0 ], "autoUv": false },
						"up": { "texture": "#material", "uv": [ 57.5, 52.0, 62.0, 55.0 ], "autoUv": false }
					}
				}
			]
		}
	]}