{
	"editor": {
		"backDropShape": "shapes/entity/humanoid/seraph",
		"allAngles": true,
		"entityTextureMode": true
	},
	"textureWidth": 64,
	"textureHeight": 64,
	"textureSizes": {
	},
	"textures": {
	},
	"elements": [
		{
			"name": "ArmorLowerLegR",
			"stepParentName": "LowerFootR",
			"from": [ -0.225, 1.35, -0.1875 ],
			"to": [ 2.325, 5.475, 2.4375 ],
			"uv": [ 16.0, 46.0 ],
			"rotationOrigin": [ -0.225, 1.35, -0.3 ],
			"faces": {
				"north": { "texture": "#material", "uv": [ 16.0, 49.5, 19.0, 55.0 ], "autoUv": false },
				"east": { "texture": "#material", "uv": [ 19.0, 49.5, 22.5, 55.0 ], "autoUv": false },
				"south": { "texture": "#material", "uv": [ 22.5, 49.5, 25.5, 55.0 ], "autoUv": false },
				"west": { "texture": "#material", "uv": [ 25.5, 49.5, 29.0, 55.0 ], "autoUv": false },
				"up": { "texture": "#material", "uv": [ 16.0, 46.0, 19.0, 49.5 ], "autoUv": false },
				"down": { "texture": "#material", "uv": [ 19.0, 46.0, 22.0, 49.5 ], "autoUv": false }
			},
			"children": [
				{
					"name": "ArmorLegKneeR",
					"from": [ 0.0, 3.675, 0.075 ],
					"to": [ 0.375, 5.175, 2.55 ],
					"unwrapMode": 4,
					"uv": [ 22.0, 47.0 ],
					"rotationOrigin": [ 0.0, 3.675, 0.075 ],
					"rotationZ": 33.0,
					"faces": {
						"north": { "texture": "#material", "uv": [ 22.0, 47.5, 22.5, 49.5 ], "autoUv": false },
						"east": { "texture": "#material", "uv": [ 26.0, 47.5, 29.0, 49.5 ], "autoUv": false },
						"south": { "texture": "#material", "uv": [ 25.5, 47.5, 26.0, 49.5 ], "autoUv": false },
						"west": { "texture": "#material", "uv": [ 22.5, 47.5, 25.5, 49.5 ], "autoUv": false },
						"up": { "texture": "#material", "uv": [ 22.5, 47.0, 25.5, 47.5 ], "rotation": 90, "autoUv": false }
					}
				},
				{
					"name": "LegStrapR3",
					"from": [ 2.25, 0.375, 0.075 ],
					"to": [ 3.375, 1.125, 2.55 ],
					"unwrapMode": 2,
					"uv": [ 0.0, 59.0 ],
					"rotationOrigin": [ 2.25, 0.375, 0.075 ],
					"faces": {
						"north": { "texture": "#material", "uv": [ 4.5, 60.5, 6.0, 61.5 ], "autoUv": false },
						"east": { "texture": "#material", "uv": [ 1.5, 60.5, 4.5, 61.5 ], "autoUv": false },
						"south": { "texture": "#material", "uv": [ 0.0, 60.5, 1.5, 61.5 ], "autoUv": false },
						"up": { "texture": "#material", "uv": [ 1.5, 59.0, 4.5, 60.5 ], "rotation": 270, "autoUv": false },
						"down": { "texture": "#material", "uv": [ 1.5, 61.5, 4.5, 63.0 ], "rotation": 270, "autoUv": false }
					}
				},
				{
					"name": "LegStrapR1",
					"from": [ 2.25, 3.0, 0.075 ],
					"to": [ 3.375, 3.75, 2.55 ],
					"unwrapMode": 2,
					"uv": [ 0.0, 55.0 ],
					"rotationOrigin": [ 2.25, 3.0, 0.075 ],
					"faces": {
						"north": { "texture": "#material", "uv": [ 4.5, 56.5, 6.0, 57.5 ], "autoUv": false },
						"east": { "texture": "#material", "uv": [ 1.5, 56.5, 4.5, 57.5 ], "autoUv": false },
						"south": { "texture": "#material", "uv": [ 0.0, 56.5, 1.5, 57.5 ], "autoUv": false },
						"up": { "texture": "#material", "uv": [ 1.5, 55.0, 4.5, 56.5 ], "rotation": 270, "autoUv": false },
						"down": { "texture": "#material", "uv": [ 1.5, 57.5, 4.5, 59.0 ], "rotation": 270, "autoUv": false }
					}
				},
				{
					"name": "LegStrapR2",
					"from": [ 2.25, 1.725, 0.075 ],
					"to": [ 3.375, 2.475, 2.55 ],
					"unwrapMode": 2,
					"uv": [ 4.5, 57.0 ],
					"rotationOrigin": [ 2.25, 2.475, 0.075 ],
					"faces": {
						"north": { "texture": "#material", "uv": [ 9.0, 58.5, 10.5, 59.5 ], "autoUv": false },
						"east": { "texture": "#material", "uv": [ 6.0, 58.5, 9.0, 59.5 ], "autoUv": false },
						"south": { "texture": "#material", "uv": [ 4.5, 58.5, 6.0, 59.5 ], "autoUv": false },
						"up": { "texture": "#material", "uv": [ 6.0, 57.0, 9.0, 58.5 ], "rotation": 270, "autoUv": false },
						"down": { "texture": "#material", "uv": [ 6.0, 59.5, 9.0, 61.0 ], "rotation": 270, "autoUv": false }
					}
				}
			]
		},
		{
			"name": "ArmorLowerLegL",
			"stepParentName": "LowerFootL",
			"from": [ -0.225, 1.35, -0.1875 ],
			"to": [ 2.325, 5.475, 2.4375 ],
			"uv": [ 0.0, 46.0 ],
			"rotationOrigin": [ -0.225, 1.35, -0.3 ],
			"faces": {
				"north": { "texture": "#material", "uv": [ 0.0, 49.5, 3.0, 55.0 ], "autoUv": false },
				"east": { "texture": "#material", "uv": [ 3.0, 49.5, 6.5, 55.0 ], "autoUv": false },
				"south": { "texture": "#material", "uv": [ 6.5, 49.5, 9.5, 55.0 ], "autoUv": false },
				"west": { "texture": "#material", "uv": [ 9.5, 49.5, 13.0, 55.0 ], "autoUv": false },
				"up": { "texture": "#material", "uv": [ 0.0, 46.0, 3.0, 49.5 ], "autoUv": false },
				"down": { "texture": "#material", "uv": [ 3.0, 46.0, 6.0, 49.5 ], "autoUv": false }
			},
			"children": [
				{
					"name": "ArmorLegKneeL",
					"from": [ 0.0, 3.675, 0.075 ],
					"to": [ 0.375, 5.175, 2.55 ],
					"unwrapMode": 4,
					"uv": [ 6.0, 47.0 ],
					"rotationOrigin": [ 0.0, 3.675, 0.075 ],
					"rotationZ": 33.0,
					"faces": {
						"north": { "texture": "#material", "uv": [ 6.0, 47.5, 6.5, 49.5 ], "autoUv": false },
						"east": { "texture": "#material", "uv": [ 10.0, 47.5, 13.0, 49.5 ], "autoUv": false },
						"south": { "texture": "#material", "uv": [ 9.5, 47.5, 10.0, 49.5 ], "autoUv": false },
						"west": { "texture": "#material", "uv": [ 6.5, 47.5, 9.5, 49.5 ], "autoUv": false },
						"up": { "texture": "#material", "uv": [ 6.5, 47.0, 9.5, 47.5 ], "rotation": 90, "autoUv": false }
					}
				},
				{
					"name": "LegStrapL3",
					"from": [ 2.25, 0.375, 0.075 ],
					"to": [ 3.375, 1.125, 2.55 ],
					"unwrapMode": 2,
					"uv": [ 16.0, 59.0 ],
					"rotationOrigin": [ 2.25, 0.675, 0.075 ],
					"faces": {
						"north": { "texture": "#material", "uv": [ 20.5, 60.5, 22.0, 61.5 ], "autoUv": false },
						"east": { "texture": "#material", "uv": [ 17.5, 60.5, 20.5, 61.5 ], "autoUv": false },
						"south": { "texture": "#material", "uv": [ 16.0, 60.5, 17.5, 61.5 ], "autoUv": false },
						"up": { "texture": "#material", "uv": [ 17.5, 59.0, 20.5, 60.5 ], "rotation": 270, "autoUv": false },
						"down": { "texture": "#material", "uv": [ 17.5, 61.5, 20.5, 63.0 ], "rotation": 270, "autoUv": false }
					}
				},
				{
					"name": "LegStrapL1",
					"from": [ 2.25, 3.0, 0.075 ],
					"to": [ 3.375, 3.75, 2.55 ],
					"unwrapMode": 2,
					"uv": [ 16.0, 55.0 ],
					"rotationOrigin": [ 2.25, 3.0, 0.075 ],
					"faces": {
						"north": { "texture": "#material", "uv": [ 20.5, 56.5, 22.0, 57.5 ], "autoUv": false },
						"east": { "texture": "#material", "uv": [ 17.5, 56.5, 20.5, 57.5 ], "autoUv": false },
						"south": { "texture": "#material", "uv": [ 16.0, 56.5, 17.5, 57.5 ], "autoUv": false },
						"up": { "texture": "#material", "uv": [ 17.5, 55.0, 20.5, 56.5 ], "rotation": 270, "autoUv": false },
						"down": { "texture": "#material", "uv": [ 17.5, 57.5, 20.5, 59.0 ], "rotation": 270, "autoUv": false }
					}
				},
				{
					"name": "LegStrapL2",
					"from": [ 2.25, 1.725, 0.075 ],
					"to": [ 3.375, 2.475, 2.55 ],
					"unwrapMode": 2,
					"uv": [ 20.5, 57.0 ],
					"rotationOrigin": [ 2.25, 3.225, 0.075 ],
					"faces": {
						"north": { "texture": "#material", "uv": [ 25.0, 58.5, 26.5, 59.5 ], "autoUv": false },
						"east": { "texture": "#material", "uv": [ 22.0, 58.5, 25.0, 59.5 ], "autoUv": false },
						"south": { "texture": "#material", "uv": [ 20.5, 58.5, 22.0, 59.5 ], "autoUv": false },
						"up": { "texture": "#material", "uv": [ 22.0, 57.0, 25.0, 58.5 ], "rotation": 270, "autoUv": false },
						"down": { "texture": "#material", "uv": [ 22.0, 59.5, 25.0, 61.0 ], "rotation": 270, "autoUv": false }
					}
				}
			]
		}
	]}