[
  {
    "op": "addmerge",
    "path": "/server/behaviors/9/dropsByType/*-surface",
    "value": [
          {
            "type": "item",
            "code": "agiclasses:meat-tainted-raw",
            "quantity": { "avg": 1, "var": 0.5 }
          },
          {
            "type": "item",
            "code": "agiclasses:bowtornsinew",
            "quantity": { "avg": 1, "var": 0.5 }
          }
    ],
    "file": "entities/land/bowtorn.json"
  },
  {
    "op": "addmerge",
    "path": "/server/behaviors/9/dropsByType/*-deep",
    "value": [
          {
            "type": "item",
            "code": "agiclasses:meat-tainted-raw",
            "quantity": { "avg": 1.5, "var": 0.5 }
          },
          {
            "type": "item",
            "code": "agiclasses:bowtornsinew",
            "quantity": { "avg": 2, "var": 0.5 }
          }
    ],
    "file": "entities/land/bowtorn.json"
  },
  {
    "op": "addmerge",
    "path": "/server/behaviors/9/dropsByType/*-tainted",
    "value": [
          {
            "type": "item",
            "code": "agiclasses:meat-tainted-raw",
            "quantity": { "avg": 2, "var": 0.5 }
          },
          {
            "type": "item",
            "code": "agiclasses:bowtornsinew",
            "quantity": { "avg": 3, "var": 0.5 }
          }
    ],
    "file": "entities/land/bowtorn.json"
  },
  {
    "op": "addmerge",
    "path": "/server/behaviors/9/dropsByType/*-corrupt",
    "value": [
          {
            "type": "item",
            "code": "agiclasses:meat-tainted-raw",
            "quantity": { "avg": 2.5, "var": 0.5 }
          },
          {
            "type": "item",
            "code": "agiclasses:bowtornsinew",
            "quantity": { "avg": 4, "var": 0.5 }
          },
          {
            "type": "item",
            "code": "agiclasses:clothes-upperbodyover-devotee-coat",
            "quantity": { "avg": 0.01, "var": 0.002 }
          }
    ],
    "file": "entities/land/bowtorn.json"
  },
  {
      "op": "addmerge",
      "path": "/server/behaviors/9/dropsByType/*-nightmare",
      "value": [
            {
              "type": "item",
              "code": "agiclasses:meat-tainted-raw",
              "quantity": { "avg": 3, "var": 0.5 }
            },
            {
              "type": "item",
              "code": "agiclasses:bowtornsinew",
              "quantity": { "avg": 5, "var": 0.5 }
            },
            {
              "type": "item",
              "code": "agiclasses:clothes-upperbodyover-devotee-coat",
              "quantity": { "avg": 0.01, "var": 0.005 }
            }
      ],
      "file": "entities/land/bowtorn.json"
  },
]