{
	"editor": {
		"backDropShape": "entity/humanoid/seraph",
		"collapsedPaths": "Root/CollarOrigin2",
		"allAngles": true,
		"entityTextureMode": true
	},
	"textureWidth": 28,
	"textureHeight": 56,
	"textureSizes": {
		"shouldertexture": [28,56]
	},
	"textures": {
	},
	"elements": [
		{
			"name": "CollarOrigin2",
			"stepParentName": "Neck",
			"from": [ -0.075, 0.75, 0.0 ],
			"to": [ 2.175, 2.25, 2.25 ],
			"unwrapMode": 4,
			"uv": [ 25.5, 34.0 ],
			"rotationOrigin": [ -0.075, 0.75, 0.0 ],
			"faces": {
			},
			"children": [
				{
					"name": "CollarWNORTHEND",
					"from": [ -0.15, -0.015, -0.225 ],
					"to": [ 0.0, 0.735, 0.225 ],
					"unwrapMode": 4,
					"autoUnwrap": false,
					"uv": [ 16.0, 2.0 ],
					"rotationOrigin": [ -0.15, 0.0, -0.225 ],
					"rotationZ": 10.0,
					"faces": {
						"north": { "texture": "#shouldertexture", "uv": [ 16.0, 0.5, 16.5, 1.5 ], "rotation": 180, "autoUv": false, "windMode": [-1,-1,-1,-1], "windData": [1,1,1,1] },
						"east": { "texture": "#shouldertexture", "uv": [ 16.0, 0.5, 16.5, 1.5 ], "rotation": 180, "autoUv": false },
						"south": { "texture": "#shouldertexture", "uv": [ 16.0, 3.0, 16.5, 4.0 ], "autoUv": false, "windMode": [-1,-1,-1,-1], "windData": [1,1,1,1] },
						"west": { "texture": "#shouldertexture", "uv": [ 16.0, 3.0, 16.5, 4.0 ], "autoUv": false },
						"up": { "texture": "#shouldertexture", "uv": [ 16.0, 3.0, 16.5, 3.5 ], "rotation": 90, "autoUv": false, "windMode": [-1,-1,-1,-1], "windData": [1,1,1,1] }
					},
					"children": [
						{
							"name": "CollarWSOUTHEND",
							"from": [ 0.0, 0.0, 2.25 ],
							"to": [ 0.15, 0.75, 2.7 ],
							"unwrapMode": 4,
							"autoUnwrap": false,
							"uv": [ 16.0, 2.0 ],
							"rotationOrigin": [ 0.0, 0.0, 2.25 ],
							"faces": {
								"north": { "texture": "#shouldertexture", "uv": [ 18.5, 0.5, 19.0, 1.5 ], "rotation": 180, "autoUv": false, "windMode": [-1,-1,-1,-1], "windData": [1,1,1,1] },
								"east": { "texture": "#shouldertexture", "uv": [ 18.5, 0.5, 19.0, 1.5 ], "rotation": 180, "autoUv": false },
								"south": { "texture": "#shouldertexture", "uv": [ 18.5, 3.0, 19.0, 4.0 ], "autoUv": false, "windMode": [-1,-1,-1,-1], "windData": [1,1,1,1] },
								"west": { "texture": "#shouldertexture", "uv": [ 18.5, 3.0, 19.0, 4.0 ], "autoUv": false },
								"up": { "texture": "#shouldertexture", "uv": [ 18.5, 3.0, 19.0, 3.5 ], "rotation": 90, "autoUv": false, "windMode": [-1,-1,-1,-1], "windData": [1,1,1,1] }
							}
						},
						{
							"name": "CollarWtop4",
							"from": [ 0.0, 0.375, 1.8 ],
							"to": [ 0.15, 0.75, 2.25 ],
							"unwrapMode": 4,
							"autoUnwrap": false,
							"uv": [ 16.0, 2.0 ],
							"rotationOrigin": [ 0.0, 0.375, 1.8 ],
							"faces": {
								"north": { "texture": "#shouldertexture", "uv": [ 18.0, 1.0, 18.5, 1.5 ], "rotation": 180, "autoUv": false, "windMode": [-1,-1,-1,-1], "windData": [1,1,1,1] },
								"east": { "texture": "#shouldertexture", "uv": [ 18.0, 1.0, 18.5, 1.5 ], "rotation": 180, "autoUv": false, "windMode": [-1,-1,-1,-1], "windData": [1,1,1,1] },
								"south": { "texture": "#shouldertexture", "uv": [ 18.0, 3.0, 18.5, 3.5 ], "autoUv": false, "windMode": [-1,-1,-1,-1], "windData": [1,1,1,1] },
								"west": { "texture": "#shouldertexture", "uv": [ 18.0, 3.0, 18.5, 3.5 ], "autoUv": false, "windMode": [-1,-1,-1,-1], "windData": [1,1,1,1] },
								"up": { "texture": "#shouldertexture", "uv": [ 18.0, 3.0, 18.5, 3.5 ], "rotation": 90, "autoUv": false, "windMode": [-1,-1,-1,-1], "windData": [1,1,1,1] }
							}
						},
						{
							"name": "CollarWtop3",
							"from": [ 0.0, 0.375, 1.35 ],
							"to": [ 0.15, 0.75, 1.8 ],
							"unwrapMode": 4,
							"autoUnwrap": false,
							"uv": [ 16.0, 2.0 ],
							"rotationOrigin": [ 0.0, 0.375, 1.35 ],
							"faces": {
								"north": { "texture": "#shouldertexture", "uv": [ 17.5, 1.0, 18.0, 1.5 ], "rotation": 180, "autoUv": false, "windMode": [-1,-1,-1,-1], "windData": [1,1,1,1] },
								"east": { "texture": "#shouldertexture", "uv": [ 17.5, 1.0, 18.0, 1.5 ], "rotation": 180, "autoUv": false, "windMode": [-1,-1,-1,-1], "windData": [1,1,1,1] },
								"south": { "texture": "#shouldertexture", "uv": [ 17.5, 3.0, 18.0, 3.5 ], "autoUv": false, "windMode": [-1,-1,-1,-1], "windData": [1,1,1,1] },
								"west": { "texture": "#shouldertexture", "uv": [ 17.5, 3.0, 18.0, 3.5 ], "autoUv": false, "windMode": [-1,-1,-1,-1], "windData": [1,1,1,1] },
								"up": { "texture": "#shouldertexture", "uv": [ 17.5, 3.0, 18.0, 3.5 ], "rotation": 90, "autoUv": false, "windMode": [-1,-1,-1,-1], "windData": [1,1,1,1] }
							}
						},
						{
							"name": "CollarWtop2",
							"from": [ 0.0, 0.375, 0.9 ],
							"to": [ 0.15, 0.75, 1.35 ],
							"unwrapMode": 4,
							"autoUnwrap": false,
							"uv": [ 16.0, 2.0 ],
							"rotationOrigin": [ 0.0, 0.375, 0.9 ],
							"faces": {
								"north": { "texture": "#shouldertexture", "uv": [ 17.0, 1.0, 17.5, 1.5 ], "rotation": 180, "autoUv": false, "windMode": [-1,-1,-1,-1], "windData": [1,1,1,1] },
								"east": { "texture": "#shouldertexture", "uv": [ 17.0, 1.0, 17.5, 1.5 ], "rotation": 180, "autoUv": false, "windMode": [-1,-1,-1,-1], "windData": [1,1,1,1] },
								"south": { "texture": "#shouldertexture", "uv": [ 17.0, 3.0, 17.5, 3.5 ], "autoUv": false, "windMode": [-1,-1,-1,-1], "windData": [1,1,1,1] },
								"west": { "texture": "#shouldertexture", "uv": [ 17.0, 3.0, 17.5, 3.5 ], "autoUv": false, "windMode": [-1,-1,-1,-1], "windData": [1,1,1,1] },
								"up": { "texture": "#shouldertexture", "uv": [ 17.0, 3.0, 17.5, 3.5 ], "rotation": 90, "autoUv": false, "windMode": [-1,-1,-1,-1], "windData": [1,1,1,1] }
							}
						},
						{
							"name": "CollarWtop1",
							"from": [ 0.0, 0.375, 0.45 ],
							"to": [ 0.15, 0.75, 0.9 ],
							"unwrapMode": 4,
							"autoUnwrap": false,
							"uv": [ 16.0, 2.0 ],
							"rotationOrigin": [ 0.0, 0.375, 0.45 ],
							"faces": {
								"north": { "texture": "#shouldertexture", "uv": [ 16.5, 1.0, 17.0, 1.5 ], "rotation": 180, "autoUv": false, "windMode": [-1,-1,-1,-1], "windData": [1,1,1,1] },
								"east": { "texture": "#shouldertexture", "uv": [ 16.5, 1.0, 17.0, 1.5 ], "rotation": 180, "autoUv": false, "windMode": [-1,-1,-1,-1], "windData": [1,1,1,1] },
								"south": { "texture": "#shouldertexture", "uv": [ 16.5, 3.0, 17.0, 3.5 ], "autoUv": false, "windMode": [-1,-1,-1,-1], "windData": [1,1,1,1] },
								"west": { "texture": "#shouldertexture", "uv": [ 16.5, 3.0, 17.0, 3.5 ], "autoUv": false, "windMode": [-1,-1,-1,-1], "windData": [1,1,1,1] },
								"up": { "texture": "#shouldertexture", "uv": [ 16.5, 3.0, 17.0, 3.5 ], "rotation": 90, "autoUv": false, "windMode": [-1,-1,-1,-1], "windData": [1,1,1,1] }
							}
						},
						{
							"name": "CollarWbottom1",
							"from": [ 0.0, 0.0, 0.45 ],
							"to": [ 0.15, 0.375, 0.9 ],
							"unwrapMode": 4,
							"autoUnwrap": false,
							"uv": [ 16.0, 2.0 ],
							"rotationOrigin": [ 0.0, 0.0, 0.45 ],
							"faces": {
								"north": { "texture": "#shouldertexture", "uv": [ 16.5, 0.5, 17.0, 1.0 ], "rotation": 180, "autoUv": false, "windMode": [-1,-1,-1,-1], "windData": [1,1,1,1] },
								"east": { "texture": "#shouldertexture", "uv": [ 16.5, 0.5, 17.0, 1.0 ], "rotation": 180, "autoUv": false, "windMode": [-1,-1,-1,-1], "windData": [1,1,1,1] },
								"south": { "texture": "#shouldertexture", "uv": [ 16.5, 3.5, 17.0, 4.0 ], "autoUv": false, "windMode": [-1,-1,-1,-1], "windData": [1,1,1,1] },
								"west": { "texture": "#shouldertexture", "uv": [ 16.5, 3.5, 17.0, 4.0 ], "autoUv": false, "windMode": [-1,-1,-1,-1], "windData": [1,1,1,1] },
								"up": { "texture": "#shouldertexture", "uv": [ 16.5, 3.5, 17.0, 4.0 ], "rotation": 90, "autoUv": false, "windMode": [-1,-1,-1,-1], "windData": [1,1,1,1] }
							}
						},
						{
							"name": "CollarWbottom2",
							"from": [ 0.0, 0.0, 0.9 ],
							"to": [ 0.15, 0.375, 1.35 ],
							"unwrapMode": 4,
							"autoUnwrap": false,
							"uv": [ 16.0, 2.0 ],
							"rotationOrigin": [ 0.0, 0.0, 0.9 ],
							"faces": {
								"north": { "texture": "#shouldertexture", "uv": [ 17.0, 0.5, 17.5, 1.0 ], "rotation": 180, "autoUv": false, "windMode": [-1,-1,-1,-1], "windData": [1,1,1,1] },
								"east": { "texture": "#shouldertexture", "uv": [ 17.0, 0.5, 17.5, 1.0 ], "rotation": 180, "autoUv": false, "windMode": [-1,-1,-1,-1], "windData": [1,1,1,1] },
								"south": { "texture": "#shouldertexture", "uv": [ 17.0, 3.5, 17.5, 4.0 ], "autoUv": false, "windMode": [-1,-1,-1,-1], "windData": [1,1,1,1] },
								"west": { "texture": "#shouldertexture", "uv": [ 17.0, 3.5, 17.5, 4.0 ], "autoUv": false, "windMode": [-1,-1,-1,-1], "windData": [1,1,1,1] },
								"up": { "texture": "#shouldertexture", "uv": [ 17.0, 3.5, 17.5, 4.0 ], "rotation": 90, "autoUv": false, "windMode": [-1,-1,-1,-1], "windData": [1,1,1,1] }
							}
						},
						{
							"name": "CollarWbottom3",
							"from": [ 0.0, 0.0, 1.35 ],
							"to": [ 0.15, 0.375, 1.8 ],
							"unwrapMode": 4,
							"autoUnwrap": false,
							"uv": [ 16.0, 2.0 ],
							"rotationOrigin": [ 0.0, 0.0, 1.35 ],
							"faces": {
								"north": { "texture": "#shouldertexture", "uv": [ 17.5, 0.5, 18.0, 1.0 ], "rotation": 180, "autoUv": false, "windMode": [-1,-1,-1,-1], "windData": [1,1,1,1] },
								"east": { "texture": "#shouldertexture", "uv": [ 17.5, 0.5, 18.0, 1.0 ], "rotation": 180, "autoUv": false, "windMode": [-1,-1,-1,-1], "windData": [1,1,1,1] },
								"south": { "texture": "#shouldertexture", "uv": [ 17.5, 3.5, 18.0, 4.0 ], "autoUv": false, "windMode": [-1,-1,-1,-1], "windData": [1,1,1,1] },
								"west": { "texture": "#shouldertexture", "uv": [ 17.5, 3.5, 18.0, 4.0 ], "autoUv": false, "windMode": [-1,-1,-1,-1], "windData": [1,1,1,1] },
								"up": { "texture": "#shouldertexture", "uv": [ 17.5, 3.5, 18.0, 4.0 ], "rotation": 90, "autoUv": false, "windMode": [-1,-1,-1,-1], "windData": [1,1,1,1] }
							}
						},
						{
							"name": "CollarWbottom4",
							"from": [ 0.0, 0.0, 1.8 ],
							"to": [ 0.15, 0.375, 2.25 ],
							"unwrapMode": 4,
							"autoUnwrap": false,
							"uv": [ 16.0, 2.0 ],
							"rotationOrigin": [ 0.0, 0.0, 1.8 ],
							"faces": {
								"north": { "texture": "#shouldertexture", "uv": [ 18.0, 0.5, 18.5, 1.0 ], "rotation": 180, "autoUv": false, "windMode": [-1,-1,-1,-1], "windData": [1,1,1,1] },
								"east": { "texture": "#shouldertexture", "uv": [ 18.0, 0.5, 18.5, 1.0 ], "rotation": 180, "autoUv": false, "windMode": [-1,-1,-1,-1], "windData": [1,1,1,1] },
								"south": { "texture": "#shouldertexture", "uv": [ 18.0, 3.5, 18.5, 4.0 ], "autoUv": false, "windMode": [-1,-1,-1,-1], "windData": [1,1,1,1] },
								"west": { "texture": "#shouldertexture", "uv": [ 18.0, 3.5, 18.5, 4.0 ], "autoUv": false, "windMode": [-1,-1,-1,-1], "windData": [1,1,1,1] },
								"up": { "texture": "#shouldertexture", "uv": [ 18.0, 3.5, 18.5, 4.0 ], "rotation": 90, "autoUv": false, "windMode": [-1,-1,-1,-1], "windData": [1,1,1,1] }
							}
						}
					]
				},
				{
					"name": "CollarN",
					"from": [ -0.15, -0.375, -0.225 ],
					"to": [ 2.4, 0.75, -0.075 ],
					"unwrapMode": 1,
					"autoUnwrap": false,
					"uv": [ 12.5, 2.0 ],
					"rotationOrigin": [ -0.15, -0.375, -0.225 ],
					"rotationX": -4.0,
					"faces": {
						"north": { "texture": "#shouldertexture", "uv": [ 13.0, 3.0, 16.0, 4.5 ], "autoUv": false },
						"east": { "texture": "#shouldertexture", "uv": [ 13.0, 3.0, 13.5, 4.5 ], "autoUv": false, "windMode": [-1,-1,-1,-1], "windData": [1,1,1,1] },
						"south": { "texture": "#shouldertexture", "uv": [ 13.0, 0.0, 16.0, 1.5 ], "rotation": 180, "autoUv": false, "windMode": [-1,-1,-1,-1], "windData": [1,1,1,1] },
						"west": { "texture": "#shouldertexture", "uv": [ 15.5, 3.0, 16.0, 4.5 ], "autoUv": false, "windMode": [-1,-1,-1,-1], "windData": [1,1,1,1] },
						"up": { "texture": "#shouldertexture", "uv": [ 13.0, 2.0, 16.0, 2.5 ], "rotation": 180, "autoUv": false, "windMode": [-1,-1,-1,-1], "windData": [1,1,1,1] }
					}
				},
				{
					"name": "CollarE",
					"from": [ 2.25, -0.375, -0.15 ],
					"to": [ 2.4, 0.75, 2.4 ],
					"unwrapMode": 2,
					"autoUnwrap": false,
					"uv": [ 22.5, 2.0 ],
					"rotationOrigin": [ 2.4, -0.375, -0.15 ],
					"rotationZ": -7.0,
					"faces": {
						"north": { "texture": "#shouldertexture", "uv": [ 22.0, 3.0, 22.5, 4.5 ], "autoUv": false, "windMode": [-1,-1,-1,-1], "windData": [1,1,1,1] },
						"east": { "texture": "#shouldertexture", "uv": [ 22.0, 3.0, 25.0, 4.5 ], "autoUv": false },
						"south": { "texture": "#shouldertexture", "uv": [ 24.5, 3.0, 25.0, 4.5 ], "autoUv": false, "windMode": [-1,-1,-1,-1], "windData": [1,1,1,1] },
						"west": { "texture": "#shouldertexture", "uv": [ 22.0, 0.0, 25.0, 1.5 ], "rotation": 180, "autoUv": false },
						"up": { "texture": "#shouldertexture", "uv": [ 22.0, 2.0, 25.0, 2.5 ], "rotation": 270, "autoUv": false }
					}
				},
				{
					"name": "CollarS",
					"from": [ -0.15, -0.375, 2.325 ],
					"to": [ 2.4, 0.75, 2.475 ],
					"unwrapMode": 3,
					"autoUnwrap": false,
					"uv": [ 19.0, 2.0 ],
					"rotationOrigin": [ -0.15, -0.375, 2.475 ],
					"rotationX": 4.0,
					"faces": {
						"north": { "texture": "#shouldertexture", "uv": [ 19.0, 0.0, 22.0, 1.5 ], "rotation": 180, "autoUv": false },
						"east": { "texture": "#shouldertexture", "uv": [ 19.0, 3.0, 19.5, 4.5 ], "autoUv": false, "windMode": [-1,-1,-1,-1], "windData": [1,1,1,1] },
						"south": { "texture": "#shouldertexture", "uv": [ 19.0, 3.0, 22.0, 4.5 ], "autoUv": false },
						"west": { "texture": "#shouldertexture", "uv": [ 21.5, 3.0, 22.0, 4.5 ], "autoUv": false, "windMode": [-1,-1,-1,-1], "windData": [1,1,1,1] },
						"up": { "texture": "#shouldertexture", "uv": [ 19.0, 2.0, 22.0, 2.5 ], "autoUv": false }
					}
				}
			]
		}
	]}