{
	"editor": {
		"collapsedPaths": "Root/UpperTorsoOrigin",
		"allAngles": true,
		"entityTextureMode": true
	},
	"textureWidth": 8,
	"textureHeight": 12,
	"textureSizes": {
	},
	"textures": {
	},
	"elements": [
		{
			"name": "UpperTorsoOrigin",
			"stepParentName": "UpperTorso",
			"from": [ 0.0, 0.0, 0.0 ],
			"to": [ 3.75, 3.75, 4.65 ],
			"uv": [ 999.0, 999.0 ],
			"faces": {
			},
			"children": [
				{
					"name": "RightofNeck",
					"from": [ 0.345, 3.42, -0.03 ],
					"to": [ 3.78, 3.795, 1.155 ],
					"unwrapMode": 5,
					"unwrapRotation": 1,
					"autoUnwrap": false,
					"uv": [ 0.5, 2.0 ],
					"rotationOrigin": [ 0.375, 3.375, 0.0 ],
					"faces": {
						"north": { "texture": "#shouldertexture", "uv": [ 0.5, 2.5, 1.0, 7.0 ], "rotation": 270, "autoUv": false },
						"east": { "texture": "#shouldertexture", "uv": [ 1.0, 2.0, 2.5, 2.5 ], "rotation": 180, "autoUv": false },
						"south": { "texture": "#shouldertexture", "uv": [ 2.5, 2.5, 3.0, 7.0 ], "rotation": 90, "autoUv": false },
						"west": { "texture": "#shouldertexture", "uv": [ 1.0, 7.0, 2.5, 7.5 ], "autoUv": false },
						"up": { "texture": "#shouldertexture", "uv": [ 1.0, 2.5, 2.5, 7.0 ], "rotation": 90, "autoUv": false },
						"down": { "texture": "#shouldertexture", "uv": [ 1.0, 2.5, 2.5, 7.0 ], "rotation": 270, "autoUv": false }
					},
					"children": [
						{
							"name": "ChestRight",
							"from": [ -0.375, -1.185, 0.0 ],
							"to": [ 0.0, 0.375, 1.575 ],
							"unwrapMode": 4,
							"uv": [ 0.5, 7.5 ],
							"rotationOrigin": [ -0.345, -1.17, 0.03 ],
							"faces": {
								"north": { "texture": "#shouldertexture", "uv": [ 0.5, 8.0, 1.0, 10.0 ], "autoUv": false },
								"east": { "texture": "#shouldertexture", "uv": [ 3.5, 8.0, 5.5, 10.0 ], "autoUv": false },
								"south": { "texture": "#shouldertexture", "uv": [ 3.0, 8.0, 3.5, 10.0 ], "autoUv": false },
								"west": { "texture": "#shouldertexture", "uv": [ 1.0, 8.0, 3.0, 10.0 ], "autoUv": false },
								"up": { "texture": "#shouldertexture", "uv": [ 1.0, 7.5, 3.0, 8.0 ], "rotation": 90, "autoUv": false },
								"down": { "texture": "#shouldertexture", "uv": [ 1.0, 10.0, 3.0, 10.5 ], "rotation": 90, "autoUv": false }
							},
							"children": [
								{
									"name": "ChestRight2",
									"from": [ 0.0, -0.375, 0.0 ],
									"to": [ 0.375, 0.0, 1.2 ],
									"unwrapMode": 4,
									"uv": [ 0.5, 9.5 ],
									"rotationOrigin": [ 0.0, -0.375, 0.0 ],
									"faces": {
										"north": { "texture": "#shouldertexture", "uv": [ 0.5, 10.0, 1.0, 10.5 ], "autoUv": false },
										"east": { "texture": "#shouldertexture", "uv": [ 3.0, 10.0, 4.5, 10.5 ], "autoUv": false },
										"south": { "texture": "#shouldertexture", "uv": [ 2.5, 10.0, 3.0, 10.5 ], "autoUv": false },
										"west": { "texture": "#shouldertexture", "uv": [ 1.0, 10.0, 2.5, 10.5 ], "autoUv": false },
										"down": { "texture": "#shouldertexture", "uv": [ 1.0, 10.5, 2.5, 11.0 ], "rotation": 90, "autoUv": false }
									}
								},
								{
									"name": "ChestRight3",
									"from": [ 0.0, -0.75, 0.0 ],
									"to": [ 0.375, -0.375, 0.45 ],
									"unwrapMode": 4,
									"uv": [ 0.5, 10.0 ],
									"rotationOrigin": [ 0.0, -0.75, 0.0 ],
									"faces": {
										"north": { "texture": "#shouldertexture", "uv": [ 0.5, 10.5, 1.0, 11.0 ], "autoUv": false },
										"east": { "texture": "#shouldertexture", "uv": [ 2.0, 10.5, 2.5, 11.0 ], "autoUv": false },
										"south": { "texture": "#shouldertexture", "uv": [ 1.5, 10.5, 2.0, 11.0 ], "autoUv": false },
										"west": { "texture": "#shouldertexture", "uv": [ 1.0, 10.5, 1.5, 11.0 ], "autoUv": false },
										"down": { "texture": "#shouldertexture", "uv": [ 1.0, 11.0, 1.5, 11.5 ], "rotation": 90, "autoUv": false }
									}
								},
								{
									"name": "String",
									"from": [ 0.0, 0.0, 1.5 ],
									"to": [ 0.375, 0.375, 3.135 ],
									"unwrapMode": 4,
									"uv": [ 3.0, 1.5 ],
									"rotationOrigin": [ 0.0, 0.0, 1.56 ],
									"faces": {
										"east": { "texture": "#shouldertexture", "uv": [ 5.0, 2.0, 7.0, 2.5 ], "autoUv": false },
										"west": { "texture": "#shouldertexture", "uv": [ 3.0, 2.0, 5.0, 2.5 ], "autoUv": false },
										"up": { "texture": "#shouldertexture", "uv": [ 3.0, 1.5, 5.0, 2.0 ], "rotation": 90, "autoUv": false },
										"down": { "texture": "#shouldertexture", "uv": [ 3.0, 2.5, 5.0, 3.0 ], "rotation": 90, "autoUv": false }
									},
									"children": [
										{
											"name": "String2",
											"from": [ 0.0, -1.125, 0.405 ],
											"to": [ 0.375, 0.0, 0.81 ],
											"unwrapMode": 4,
											"uv": [ 3.5, 0.5 ],
											"rotationOrigin": [ 0.0, -1.125, 0.435 ],
											"faces": {
												"north": { "texture": "#shouldertexture", "uv": [ 3.5, 0.5, 4.0, 2.0 ], "autoUv": false },
												"east": { "texture": "#shouldertexture", "uv": [ 5.0, 0.5, 5.5, 2.0 ], "autoUv": false },
												"south": { "texture": "#shouldertexture", "uv": [ 4.5, 0.5, 5.0, 2.0 ], "autoUv": false },
												"west": { "texture": "#shouldertexture", "uv": [ 4.0, 0.5, 4.5, 2.0 ], "autoUv": false },
												"down": { "texture": "#shouldertexture", "uv": [ 4.0, 2.0, 4.5, 2.5 ], "rotation": 90, "autoUv": false }
											}
										}
									]
								}
							]
						}
					]
				},
				{
					"name": "BehindNeck",
					"from": [ 3.03, 3.42, 1.155 ],
					"to": [ 3.78, 3.795, 3.555 ],
					"unwrapMode": 5,
					"unwrapRotation": 1,
					"autoUnwrap": false,
					"uv": [ 2.5, 2.0 ],
					"rotationOrigin": [ 2.925, 3.405, 1.11 ],
					"faces": {
						"east": { "texture": "#shouldertexture", "uv": [ 2.5, 2.0, 5.5, 2.5 ], "rotation": 180, "autoUv": false },
						"west": { "texture": "#shouldertexture", "uv": [ 2.5, 3.5, 5.5, 4.0 ], "autoUv": false },
						"up": { "texture": "#shouldertexture", "uv": [ 2.5, 2.5, 5.5, 3.5 ], "rotation": 90, "autoUv": false },
						"down": { "texture": "#shouldertexture", "uv": [ 2.5, 2.5, 5.5, 3.5 ], "rotation": 270, "autoUv": false }
					}
				},
				{
					"name": "LeftofNeck",
					"from": [ 0.345, 3.42, 3.555 ],
					"to": [ 3.78, 3.795, 4.68 ],
					"unwrapMode": 5,
					"unwrapRotation": 1,
					"autoUnwrap": false,
					"uv": [ 5.0, 2.0 ],
					"rotationOrigin": [ 0.375, 3.375, 3.6 ],
					"faces": {
						"north": { "texture": "#shouldertexture", "uv": [ 5.0, 2.5, 5.5, 7.0 ], "rotation": 270, "autoUv": false },
						"east": { "texture": "#shouldertexture", "uv": [ 5.5, 2.0, 7.0, 2.5 ], "rotation": 180, "autoUv": false },
						"south": { "texture": "#shouldertexture", "uv": [ 7.0, 2.5, 7.5, 7.0 ], "rotation": 90, "autoUv": false },
						"west": { "texture": "#shouldertexture", "uv": [ 5.5, 7.0, 7.0, 7.5 ], "autoUv": false },
						"up": { "texture": "#shouldertexture", "uv": [ 5.5, 2.5, 7.0, 7.0 ], "rotation": 90, "autoUv": false },
						"down": { "texture": "#shouldertexture", "uv": [ 5.5, 2.5, 7.0, 7.0 ], "rotation": 270, "autoUv": false }
					},
					"children": [
						{
							"name": "ChestLeft",
							"from": [ -0.375, -1.185, -0.45 ],
							"to": [ 0.0, 0.375, 1.125 ],
							"unwrapMode": 4,
							"uv": [ 4.5, 7.5 ],
							"rotationOrigin": [ -0.345, -1.17, -0.48 ],
							"faces": {
								"north": { "texture": "#shouldertexture", "uv": [ 4.5, 8.0, 5.0, 10.0 ], "autoUv": false },
								"east": { "texture": "#shouldertexture", "uv": [ 7.5, 8.0, 9.5, 10.0 ], "autoUv": false },
								"south": { "texture": "#shouldertexture", "uv": [ 7.0, 8.0, 7.5, 10.0 ], "autoUv": false, "windMode": [-1,-1,-1,-1], "windData": [1,1,1,1] },
								"west": { "texture": "#shouldertexture", "uv": [ 5.0, 8.0, 7.0, 10.0 ], "autoUv": false },
								"up": { "texture": "#shouldertexture", "uv": [ 5.0, 7.5, 7.0, 8.0 ], "rotation": 90, "autoUv": false },
								"down": { "texture": "#shouldertexture", "uv": [ 5.0, 10.0, 7.0, 10.5 ], "rotation": 90, "autoUv": false }
							},
							"children": [
								{
									"name": "ChestLeft2",
									"from": [ 0.0, -0.375, 0.39 ],
									"to": [ 0.375, 0.0, 1.575 ],
									"unwrapMode": 4,
									"uv": [ 5.0, 9.5 ],
									"rotationOrigin": [ 0.0, -0.375, 0.39 ],
									"faces": {
										"north": { "texture": "#shouldertexture", "uv": [ 5.0, 10.0, 5.5, 10.5 ], "autoUv": false },
										"east": { "texture": "#shouldertexture", "uv": [ 7.5, 10.0, 9.0, 10.5 ], "autoUv": false },
										"south": { "texture": "#shouldertexture", "uv": [ 7.0, 10.0, 7.5, 10.5 ], "autoUv": false },
										"west": { "texture": "#shouldertexture", "uv": [ 5.5, 10.0, 7.0, 10.5 ], "autoUv": false },
										"down": { "texture": "#shouldertexture", "uv": [ 5.5, 10.5, 7.0, 11.0 ], "rotation": 90, "autoUv": false }
									}
								},
								{
									"name": "ChestLeft3",
									"from": [ 0.0, -0.75, 1.14 ],
									"to": [ 0.375, -0.375, 1.575 ],
									"unwrapMode": 4,
									"uv": [ 6.0, 10.0 ],
									"rotationOrigin": [ 0.0, -0.75, 1.14 ],
									"faces": {
										"north": { "texture": "#shouldertexture", "uv": [ 6.0, 10.5, 6.5, 11.0 ], "autoUv": false },
										"east": { "texture": "#shouldertexture", "uv": [ 7.5, 10.5, 8.0, 11.0 ], "autoUv": false },
										"south": { "texture": "#shouldertexture", "uv": [ 7.0, 10.5, 7.5, 11.0 ], "autoUv": false },
										"west": { "texture": "#shouldertexture", "uv": [ 6.5, 10.5, 7.0, 11.0 ], "autoUv": false },
										"down": { "texture": "#shouldertexture", "uv": [ 6.5, 11.0, 7.0, 11.5 ], "rotation": 90, "autoUv": false }
									}
								}
							]
						}
					]
				},
				{
					"name": "BehindNeck2",
					"from": [ 3.405, 3.045, 0.36 ],
					"to": [ 3.78, 3.42, 4.365 ],
					"unwrapMode": 2,
					"autoUnwrap": false,
					"uv": [ 1.5, 1.0 ],
					"rotationOrigin": [ 3.3, 3.03, 0.285 ],
					"faces": {
						"east": { "texture": "#shouldertexture", "uv": [ 1.5, 1.5, 6.5, 2.0 ], "autoUv": false, "windMode": [-1,-1,-1,-1], "windData": [1,1,1,1] },
						"west": { "texture": "#shouldertexture", "uv": [ 1.5, 1.5, 6.5, 2.0 ], "autoUv": false },
						"down": { "texture": "#shouldertexture", "uv": [ 1.5, 2.0, 6.5, 2.5 ], "rotation": 270, "autoUv": false }
					},
					"children": [
						{
							"name": "BehindNeckDrop",
							"from": [ 0.0, -0.375, 0.36 ],
							"to": [ 0.375, 0.0, 3.615 ],
							"unwrapMode": 2,
							"autoUnwrap": false,
							"uv": [ 1.5, 1.0 ],
							"rotationOrigin": [ -0.06, -0.375, 0.285 ],
							"faces": {
								"north": { "texture": "#shouldertexture", "uv": [ 6.0, 1.0, 6.5, 1.5 ], "autoUv": false, "windMode": [-1,-1,-1,-1], "windData": [1,1,1,1] },
								"east": { "texture": "#shouldertexture", "uv": [ 2.0, 1.0, 6.0, 1.5 ], "autoUv": false },
								"south": { "texture": "#shouldertexture", "uv": [ 1.5, 1.0, 2.0, 1.5 ], "autoUv": false, "windMode": [-1,-1,-1,-1], "windData": [1,1,1,1] },
								"west": { "texture": "#shouldertexture", "uv": [ 2.0, 0.5, 6.0, 1.0 ], "autoUv": false },
								"down": { "texture": "#shouldertexture", "uv": [ 2.0, 1.5, 6.0, 2.0 ], "rotation": 270, "autoUv": false }
							}
						}
					]
				}
			]
		},
		{
			"name": "UpperArmLOrigin",
			"stepParentName": "UpperArmL",
			"from": [ -0.03, 4.875, -0.015 ],
			"to": [ 2.28, 5.28, 0.735 ],
			"unwrapMode": 5,
			"unwrapRotation": 1,
			"autoUnwrap": false,
			"uv": [ 5.5, 3.0 ],
			"rotationOrigin": [ -0.015, 4.86, -0.015 ],
			"faces": {
				"north": { "texture": "#shouldertexture", "uv": [ 5.5, 3.5, 6.0, 6.5 ], "rotation": 270, "autoUv": false },
				"east": { "texture": "#shouldertexture", "uv": [ 6.0, 3.0, 7.0, 3.5 ], "rotation": 180, "autoUv": false },
				"south": { "texture": "#shouldertexture", "uv": [ 7.0, 3.5, 7.5, 6.5 ], "rotation": 90, "autoUv": false },
				"west": { "texture": "#shouldertexture", "uv": [ 6.0, 6.5, 7.0, 7.0 ], "autoUv": false },
				"up": { "texture": "#shouldertexture", "uv": [ 6.0, 3.5, 7.0, 6.5 ], "rotation": 90, "autoUv": false },
				"down": { "texture": "#shouldertexture", "uv": [ 6.0, 3.5, 7.0, 6.5 ], "rotation": 270, "autoUv": false }
			}
		},
		{
			"name": "UpperArmROrigin",
			"stepParentName": "UpperArmR",
			"from": [ -0.03, 4.875, 0.8625 ],
			"to": [ 2.28, 5.28, 1.6125 ],
			"unwrapMode": 5,
			"unwrapRotation": 1,
			"autoUnwrap": false,
			"uv": [ 0.5, 3.0 ],
			"rotationOrigin": [ -0.015, 4.86, 0.81 ],
			"faces": {
				"north": { "texture": "#shouldertexture", "uv": [ 0.5, 3.5, 1.0, 6.5 ], "rotation": 270, "autoUv": false },
				"east": { "texture": "#shouldertexture", "uv": [ 1.0, 3.0, 2.0, 3.5 ], "rotation": 180, "autoUv": false },
				"south": { "texture": "#shouldertexture", "uv": [ 2.0, 3.5, 2.5, 6.5 ], "rotation": 90, "autoUv": false },
				"west": { "texture": "#shouldertexture", "uv": [ 1.0, 6.5, 2.0, 7.0 ], "autoUv": false },
				"up": { "texture": "#shouldertexture", "uv": [ 1.0, 3.5, 2.0, 6.5 ], "rotation": 90, "autoUv": false },
				"down": { "texture": "#shouldertexture", "uv": [ 1.0, 3.5, 2.0, 6.5 ], "rotation": 270, "autoUv": false }
			}
		}
	]}