{
	"editor": {
		"collapsedPaths": "Root",
		"allAngles": true,
		"entityTextureMode": true
	},
	"textureWidth": 24,
	"textureHeight": 28,
	"textureSizes": {
	},
	"textures": {
	},
	"elements": [
		{
			"name": "upperFootLorigin",
			"stepParentName": "UpperFootL",
			"from": [ -0.03, 4.5, -0.03 ],
			"to": [ 3.18, 6.78, 2.43 ],
			"unwrapMode": 4,
			"autoUnwrap": false,
			"uv": [ 9.0, 7.0 ],
			"rotationOrigin": [ -0.015, 4.5, -0.015 ],
			"faces": {
				"east": { "texture": "#shouldertexture", "uv": [ 17.0, 13.0, 20.0, 16.0 ], "autoUv": false, "windMode": [-1,-1,-1,-1], "windData": [0,1,1,0] },
				"south": { "texture": "#shouldertexture", "uv": [ 12.5, 13.0, 16.5, 16.0 ], "autoUv": false },
				"west": { "texture": "#shouldertexture", "uv": [ 9.0, 13.0, 12.0, 16.0 ], "autoUv": false, "windMode": [-1,-1,-1,-1], "windData": [0,0,1,1] }
			}
		},
		{
			"name": "upperFootRorigin",
			"stepParentName": "UpperFootR",
			"from": [ -0.03, 4.5, -0.03 ],
			"to": [ 3.18, 6.78, 2.43 ],
			"unwrapMode": 4,
			"autoUnwrap": false,
			"uv": [ 2.0, 7.0 ],
			"rotationOrigin": [ -0.03, 4.5, -0.03 ],
			"faces": {
				"north": { "texture": "#shouldertexture", "uv": [ 1.5, 13.0, 5.5, 16.0 ], "autoUv": false },
				"east": { "texture": "#shouldertexture", "uv": [ 20.0, 13.0, 23.0, 16.0 ], "autoUv": false },
				"west": { "texture": "#shouldertexture", "uv": [ 6.0, 13.0, 9.0, 16.0 ], "autoUv": false }
			}
		},
		{
			"name": "LowerTorsoOrigin",
			"stepParentName": "LowerTorso",
			"from": [ -0.03, -0.03, -0.03 ],
			"to": [ 3.78, 3.78, 4.53 ],
			"unwrapMode": 4,
			"uv": [ 1.0, 11.0 ],
			"rotationOrigin": [ -0.03, -0.03, -0.03 ],
			"faces": {
				"north": { "texture": "#shouldertexture", "uv": [ 1.0, 11.0, 6.0, 16.0 ], "autoUv": false },
				"east": { "texture": "#shouldertexture", "uv": [ 17.0, 11.0, 23.0, 16.0 ], "autoUv": false },
				"south": { "texture": "#shouldertexture", "uv": [ 12.0, 11.0, 17.0, 16.0 ], "autoUv": false },
				"west": { "texture": "#shouldertexture", "uv": [ 6.0, 11.0, 12.0, 16.0 ], "autoUv": false }
			}
		},
		{
			"name": "UpperTorsoOrigin",
			"stepParentName": "UpperTorso",
			"from": [ -0.03, -0.03, -0.03 ],
			"to": [ 3.78, 3.78, 4.68 ],
			"unwrapMode": 4,
			"autoUnwrap": false,
			"uv": [ 1.0, 1.0 ],
			"rotationOrigin": [ -0.03, -0.03, -0.03 ],
			"faces": {
				"north": { "texture": "#shouldertexture", "uv": [ 1.0, 6.0, 6.0, 11.0 ], "autoUv": false },
				"east": { "texture": "#shouldertexture", "uv": [ 17.0, 6.0, 23.0, 11.0 ], "autoUv": false },
				"south": { "texture": "#shouldertexture", "uv": [ 12.0, 6.0, 17.0, 11.0 ], "autoUv": false },
				"west": { "texture": "#shouldertexture", "uv": [ 6.0, 6.0, 12.0, 11.0 ], "autoUv": false },
				"up": { "texture": "#shouldertexture", "uv": [ 6.0, 1.0, 12.0, 6.0 ], "rotation": 90, "autoUv": false }
			},
			"children": [
				{
					"name": "shadow",
					"from": [ 0.075, 0.075, 0.45 ],
					"to": [ 3.675, 3.675, 4.2 ],
					"unwrapMode": 5,
					"autoUnwrap": false,
					"uv": [ 11.0, -4.0 ],
					"rotationOrigin": [ 0.075, 0.075, 0.45 ],
					"faces": {
					}
				}
			]
		},
		{
			"name": "UpperArmLOrigin",
			"stepParentName": "UpperArmL",
			"from": [ -0.03, 0.405, -0.03 ],
			"to": [ 2.28, 5.28, 1.53 ],
			"unwrapMode": 4,
			"uv": [ 12.5, 16.0 ],
			"rotationOrigin": [ -0.03, 0.405, -0.03 ],
			"faces": {
				"north": { "texture": "#shouldertexture", "uv": [ 12.5, 19.0, 15.5, 25.5 ], "autoUv": false },
				"east": { "texture": "#shouldertexture", "uv": [ 20.5, 19.0, 22.5, 25.5 ], "autoUv": false },
				"south": { "texture": "#shouldertexture", "uv": [ 17.5, 19.0, 20.5, 25.5 ], "autoUv": false },
				"west": { "texture": "#shouldertexture", "uv": [ 15.5, 19.0, 17.5, 25.5 ], "autoUv": false },
				"up": { "texture": "#shouldertexture", "uv": [ 15.5, 16.0, 17.5, 19.0 ], "rotation": 90, "autoUv": false }
			}
		},
		{
			"name": "UpperArmROrigin",
			"stepParentName": "UpperArmR",
			"from": [ -0.03, 0.405, -0.03 ],
			"to": [ 2.28, 5.28, 1.53 ],
			"unwrapMode": 4,
			"uv": [ 1.5, 16.0 ],
			"rotationOrigin": [ -0.03, 0.405, -0.03 ],
			"faces": {
				"north": { "texture": "#shouldertexture", "uv": [ 1.5, 19.0, 4.5, 25.5 ], "autoUv": false },
				"east": { "texture": "#shouldertexture", "uv": [ 9.5, 19.0, 11.5, 25.5 ], "autoUv": false },
				"south": { "texture": "#shouldertexture", "uv": [ 6.5, 19.0, 9.5, 25.5 ], "autoUv": false },
				"west": { "texture": "#shouldertexture", "uv": [ 4.5, 19.0, 6.5, 25.5 ], "autoUv": false },
				"up": { "texture": "#shouldertexture", "uv": [ 4.5, 16.0, 6.5, 19.0 ], "rotation": 90, "autoUv": false }
			}
		},
		{
			"name": "CollarOrigin",
			"stepParentName": "Neck",
			"from": [ 0.0, 0.525, 0.0 ],
			"to": [ 2.25, 2.025, 2.25 ],
			"unwrapMode": 4,
			"uv": [ 25.5, 34.0 ],
			"rotationOrigin": [ 0.0, 0.525, 0.0 ],
			"faces": {
			},
			"children": [
				{
					"name": "CollarW",
					"from": [ -0.15, 0.0, -0.15 ],
					"to": [ 0.0, 1.125, 2.4 ],
					"unwrapMode": 4,
					"autoUnwrap": false,
					"uv": [ 9.0, 26.0 ],
					"rotationOrigin": [ -0.15, 0.0, -0.15 ],
					"faces": {
						"east": { "texture": "#shouldertexture", "uv": [ 12.0, 26.5, 15.0, 28.0 ], "autoUv": false },
						"west": { "texture": "#shouldertexture", "uv": [ 9.0, 26.5, 12.0, 28.0 ], "autoUv": false },
						"up": { "texture": "#shouldertexture", "uv": [ 9.0, 26.0, 12.0, 26.5 ], "rotation": 90, "autoUv": false, "windMode": [-1,-1,-1,-1], "windData": [1,1,1,1] }
					}
				},
				{
					"name": "CollarN",
					"from": [ -0.15, 0.0, -0.15 ],
					"to": [ 2.475, 1.125, 0.0 ],
					"unwrapMode": 1,
					"autoUnwrap": false,
					"uv": [ 5.5, 25.5 ],
					"rotationOrigin": [ -0.15, 0.0, -0.15 ],
					"faces": {
						"north": { "texture": "#shouldertexture", "uv": [ 5.5, 26.5, 9.0, 28.0 ], "autoUv": false },
						"south": { "texture": "#shouldertexture", "uv": [ 5.5, 26.5, 9.0, 28.0 ], "autoUv": false, "windMode": [-1,-1,-1,-1], "windData": [1,1,1,1] },
						"up": { "texture": "#shouldertexture", "uv": [ 5.5, 26.0, 9.0, 26.5 ], "rotation": 180, "autoUv": false, "windMode": [-1,-1,-1,-1], "windData": [1,1,1,1] }
					}
				},
				{
					"name": "CollarE",
					"from": [ 2.325, 0.0, -0.15 ],
					"to": [ 2.475, 1.125, 2.4 ],
					"unwrapMode": 4,
					"autoUnwrap": false,
					"uv": [ 15.5, 26.0 ],
					"rotationOrigin": [ 2.325, 0.0, -0.15 ],
					"faces": {
						"east": { "texture": "#shouldertexture", "uv": [ 15.5, 26.5, 18.5, 28.0 ], "autoUv": false },
						"west": { "texture": "#shouldertexture", "uv": [ 15.5, 26.5, 18.5, 28.0 ], "autoUv": false },
						"up": { "texture": "#shouldertexture", "uv": [ 15.5, 26.0, 18.5, 26.5 ], "rotation": 90, "autoUv": false }
					}
				},
				{
					"name": "CollarS",
					"from": [ -0.15, 0.0, 2.25 ],
					"to": [ 2.475, 1.125, 2.4 ],
					"unwrapMode": 1,
					"autoUnwrap": false,
					"uv": [ 12.0, 26.0 ],
					"rotationOrigin": [ -0.15, 0.0, 2.25 ],
					"faces": {
						"north": { "texture": "#shouldertexture", "uv": [ 12.0, 26.5, 15.5, 28.0 ], "autoUv": false },
						"south": { "texture": "#shouldertexture", "uv": [ 12.0, 26.5, 15.5, 28.0 ], "autoUv": false },
						"up": { "texture": "#shouldertexture", "uv": [ 12.0, 26.0, 15.5, 26.5 ], "rotation": 180, "autoUv": false, "windMode": [-1,-1,-1,-1], "windData": [1,1,1,1] }
					}
				}
			]
		}
	]}