{
	"editor": {
		"backDropShape": "entity/humanoid/seraph",
		"collapsedPaths": "Root,Root/UpperTorsoOrigin,Root/UpperArmROrigin,Root/CollarN,Root/ORIGINUpperArmL",
		"allAngles": true,
		"entityTextureMode": true
	},
	"textureWidth": 16,
	"textureHeight": 16,
	"textureSizes": {
	},
	"textures": {
	},
	"elements": [
		{
			"name": "UpperTorsoOrigin",
			"stepParentName": "UpperTorso",
			"from": [ 0.0, 0.0, 0.0 ],
			"to": [ 3.75, 3.75, 4.65 ],
			"uv": [ 999.0, 999.0 ],
			"faces": {
			},
			"children": [
				{
					"name": "RightofNeck",
					"from": [ 0.345, 3.42, -0.03 ],
					"to": [ 3.78, 3.795, 1.47 ],
					"unwrapMode": 5,
					"unwrapRotation": 1,
					"autoUnwrap": false,
					"uv": [ 0.5, 2.0 ],
					"rotationOrigin": [ 0.375, 3.375, 0.0 ],
					"faces": {
						"north": { "texture": "#shouldertexture", "uv": [ 0.5, 2.5, 1.0, 7.0 ], "rotation": 270, "autoUv": false },
						"east": { "texture": "#shouldertexture", "uv": [ 1.0, 2.0, 3.0, 2.5 ], "rotation": 180, "autoUv": false },
						"south": { "texture": "#shouldertexture", "uv": [ 2.5, 2.5, 3.0, 7.0 ], "rotation": 90, "autoUv": false },
						"west": { "texture": "#shouldertexture", "uv": [ 1.0, 7.0, 3.0, 7.5 ], "autoUv": false },
						"up": { "texture": "#shouldertexture", "uv": [ 1.0, 2.5, 3.0, 7.0 ], "rotation": 90, "autoUv": false },
						"down": { "texture": "#shouldertexture", "uv": [ 1.0, 2.5, 3.0, 7.0 ], "rotation": 270, "autoUv": false }
					},
					"children": [
						{
							"name": "ChestRight",
							"from": [ -0.375, -1.935, 0.0 ],
							"to": [ 0.0, 0.375, 1.5 ],
							"unwrapMode": 4,
							"uv": [ 0.5, 7.5 ],
							"rotationOrigin": [ -0.345, -1.92, 0.03 ],
							"faces": {
								"north": { "texture": "#shouldertexture", "uv": [ 0.5, 8.0, 1.0, 11.0 ], "autoUv": false },
								"east": { "texture": "#shouldertexture", "uv": [ 3.5, 8.0, 5.5, 11.0 ], "autoUv": false },
								"south": { "texture": "#shouldertexture", "uv": [ 3.0, 8.0, 3.5, 11.0 ], "autoUv": false },
								"west": { "texture": "#shouldertexture", "uv": [ 1.0, 8.0, 3.0, 11.0 ], "autoUv": false },
								"up": { "texture": "#shouldertexture", "uv": [ 1.0, 7.5, 3.0, 8.0 ], "rotation": 90, "autoUv": false },
								"down": { "texture": "#shouldertexture", "uv": [ 1.0, 11.0, 3.0, 11.5 ], "rotation": 90, "autoUv": false }
							},
							"children": [
								{
									"name": "ChestRight2",
									"from": [ 0.0, -0.375, 0.0 ],
									"to": [ 0.375, 0.0, 1.125 ],
									"unwrapMode": 4,
									"uv": [ 0.5, 9.5 ],
									"rotationOrigin": [ 0.0, -0.375, 0.0 ],
									"faces": {
										"north": { "texture": "#shouldertexture", "uv": [ 0.5, 9.5, 1.0, 10.0 ], "autoUv": false },
										"east": { "texture": "#shouldertexture", "uv": [ 3.0, 9.5, 4.5, 10.0 ], "autoUv": false },
										"south": { "texture": "#shouldertexture", "uv": [ 2.5, 9.5, 3.0, 10.0 ], "autoUv": false },
										"west": { "texture": "#shouldertexture", "uv": [ 1.0, 9.5, 2.5, 10.0 ], "autoUv": false },
										"down": { "texture": "#shouldertexture", "uv": [ 1.0, 10.0, 2.5, 10.5 ], "rotation": 90, "autoUv": false }
									}
								},
								{
									"name": "ChestRight3",
									"from": [ 0.0, -1.125, 0.375 ],
									"to": [ 0.375, -0.75, 0.75 ],
									"unwrapMode": 4,
									"uv": [ 0.5, 10.0 ],
									"rotationOrigin": [ 0.0, -1.125, 0.375 ],
									"faces": {
										"north": { "texture": "#shouldertexture", "uv": [ 0.5, 10.0, 1.0, 10.5 ], "autoUv": false },
										"east": { "texture": "#shouldertexture", "uv": [ 2.0, 10.0, 2.5, 10.5 ], "autoUv": false },
										"south": { "texture": "#shouldertexture", "uv": [ 1.5, 10.0, 2.0, 10.5 ], "autoUv": false },
										"west": { "texture": "#shouldertexture", "uv": [ 1.0, 10.0, 1.5, 10.5 ], "autoUv": false },
										"down": { "texture": "#shouldertexture", "uv": [ 1.0, 10.5, 1.5, 11.0 ], "rotation": 90, "autoUv": false }
									}
								},
								{
									"name": "ChestRight4",
									"from": [ 0.0, -0.75, 0.375 ],
									"to": [ 0.375, -0.375, 1.125 ],
									"unwrapMode": 4,
									"uv": [ 1.5, 6.5 ],
									"rotationOrigin": [ 0.0, -0.75, 0.375 ],
									"faces": {
										"north": { "texture": "#shouldertexture", "uv": [ 1.5, 6.5, 2.0, 7.0 ], "autoUv": false },
										"east": { "texture": "#shouldertexture", "uv": [ 3.5, 6.5, 4.5, 7.0 ], "autoUv": false },
										"south": { "texture": "#shouldertexture", "uv": [ 3.0, 6.5, 3.5, 7.0 ], "autoUv": false },
										"west": { "texture": "#shouldertexture", "uv": [ 2.0, 6.5, 3.0, 7.0 ], "autoUv": false },
										"down": { "texture": "#shouldertexture", "uv": [ 2.0, 7.0, 3.0, 7.5 ], "rotation": 90, "autoUv": false }
									}
								}
							]
						}
					]
				},
				{
					"name": "BehindNeck",
					"from": [ 3.03, 3.42, 1.155 ],
					"to": [ 3.78, 3.795, 3.555 ],
					"unwrapMode": 5,
					"unwrapRotation": 1,
					"autoUnwrap": false,
					"uv": [ 2.5, 2.0 ],
					"rotationOrigin": [ 2.925, 3.405, 1.11 ],
					"faces": {
						"east": { "texture": "#shouldertexture", "uv": [ 2.5, 2.0, 5.5, 2.5 ], "rotation": 180, "autoUv": false },
						"west": { "texture": "#shouldertexture", "uv": [ 2.5, 3.5, 5.5, 4.0 ], "autoUv": false },
						"up": { "texture": "#shouldertexture", "uv": [ 2.5, 2.5, 5.5, 3.5 ], "rotation": 90, "autoUv": false },
						"down": { "texture": "#shouldertexture", "uv": [ 2.5, 2.5, 5.5, 3.5 ], "rotation": 270, "autoUv": false }
					}
				},
				{
					"name": "LeftofNeck",
					"from": [ 0.345, 3.42, 3.18 ],
					"to": [ 3.78, 3.795, 4.68 ],
					"unwrapMode": 5,
					"unwrapRotation": 1,
					"autoUnwrap": false,
					"uv": [ 5.0, 2.0 ],
					"rotationOrigin": [ 0.375, 3.375, 3.225 ],
					"faces": {
						"north": { "texture": "#shouldertexture", "uv": [ 5.0, 2.5, 5.5, 7.0 ], "rotation": 270, "autoUv": false },
						"east": { "texture": "#shouldertexture", "uv": [ 5.5, 2.0, 7.5, 2.5 ], "rotation": 180, "autoUv": false },
						"south": { "texture": "#shouldertexture", "uv": [ 7.0, 2.5, 7.5, 7.0 ], "rotation": 90, "autoUv": false },
						"west": { "texture": "#shouldertexture", "uv": [ 5.5, 7.0, 7.5, 7.5 ], "autoUv": false },
						"up": { "texture": "#shouldertexture", "uv": [ 5.5, 2.5, 7.5, 7.0 ], "rotation": 90, "autoUv": false },
						"down": { "texture": "#shouldertexture", "uv": [ 5.5, 2.5, 7.5, 7.0 ], "rotation": 270, "autoUv": false }
					},
					"children": [
						{
							"name": "ChestLeft",
							"from": [ -0.375, -1.935, 0.0 ],
							"to": [ 0.0, 0.375, 1.5 ],
							"unwrapMode": 4,
							"uv": [ 4.5, 7.5 ],
							"rotationOrigin": [ -0.345, -1.92, -0.03 ],
							"faces": {
								"north": { "texture": "#shouldertexture", "uv": [ 4.5, 8.0, 5.0, 11.0 ], "autoUv": false },
								"east": { "texture": "#shouldertexture", "uv": [ 7.5, 8.0, 9.5, 11.0 ], "autoUv": false },
								"south": { "texture": "#shouldertexture", "uv": [ 7.0, 8.0, 7.5, 11.0 ], "autoUv": false, "windMode": [-1,-1,-1,-1], "windData": [1,1,1,1] },
								"west": { "texture": "#shouldertexture", "uv": [ 5.0, 8.0, 7.0, 11.0 ], "autoUv": false },
								"up": { "texture": "#shouldertexture", "uv": [ 5.0, 7.5, 7.0, 8.0 ], "rotation": 90, "autoUv": false },
								"down": { "texture": "#shouldertexture", "uv": [ 5.0, 11.0, 7.0, 11.5 ], "rotation": 90, "autoUv": false }
							},
							"children": [
								{
									"name": "ChestLeft2",
									"from": [ 0.0, -0.375, 0.375 ],
									"to": [ 0.375, 0.0, 1.5 ],
									"unwrapMode": 4,
									"uv": [ 5.0, 9.5 ],
									"rotationOrigin": [ 0.0, -0.375, 0.39 ],
									"faces": {
										"north": { "texture": "#shouldertexture", "uv": [ 5.0, 9.5, 5.5, 10.0 ], "autoUv": false },
										"east": { "texture": "#shouldertexture", "uv": [ 7.5, 9.5, 9.0, 10.0 ], "autoUv": false },
										"south": { "texture": "#shouldertexture", "uv": [ 7.0, 9.5, 7.5, 10.0 ], "autoUv": false },
										"west": { "texture": "#shouldertexture", "uv": [ 5.5, 9.5, 7.0, 10.0 ], "autoUv": false },
										"down": { "texture": "#shouldertexture", "uv": [ 5.5, 10.0, 7.0, 10.5 ], "rotation": 90, "autoUv": false }
									}
								},
								{
									"name": "ChestLeft3",
									"from": [ 0.0, -1.125, 0.75 ],
									"to": [ 0.375, -0.75, 1.125 ],
									"unwrapMode": 4,
									"uv": [ 6.0, 10.0 ],
									"rotationOrigin": [ 0.0, -1.125, 0.75 ],
									"faces": {
										"north": { "texture": "#shouldertexture", "uv": [ 6.0, 10.0, 6.5, 10.5 ], "autoUv": false },
										"east": { "texture": "#shouldertexture", "uv": [ 7.5, 10.0, 8.0, 10.5 ], "autoUv": false },
										"south": { "texture": "#shouldertexture", "uv": [ 7.0, 10.0, 7.5, 10.5 ], "autoUv": false },
										"west": { "texture": "#shouldertexture", "uv": [ 6.5, 10.0, 7.0, 10.5 ], "autoUv": false },
										"down": { "texture": "#shouldertexture", "uv": [ 6.5, 10.5, 7.0, 11.0 ], "rotation": 90, "autoUv": false }
									}
								},
								{
									"name": "ChestLeft4",
									"from": [ 0.0, -0.75, 0.375 ],
									"to": [ 0.375, -0.375, 1.125 ],
									"unwrapMode": 4,
									"uv": [ 8.5, 4.5 ],
									"rotationOrigin": [ 0.0, -0.75, 0.39 ],
									"faces": {
										"north": { "texture": "#shouldertexture", "uv": [ 8.5, 4.5, 9.0, 5.0 ], "autoUv": false },
										"east": { "texture": "#shouldertexture", "uv": [ 10.5, 4.5, 11.5, 5.0 ], "autoUv": false },
										"south": { "texture": "#shouldertexture", "uv": [ 10.0, 4.5, 10.5, 5.0 ], "autoUv": false },
										"west": { "texture": "#shouldertexture", "uv": [ 9.0, 4.5, 10.0, 5.0 ], "autoUv": false },
										"down": { "texture": "#shouldertexture", "uv": [ 9.0, 5.0, 10.0, 5.5 ], "rotation": 90, "autoUv": false }
									}
								}
							]
						}
					]
				},
				{
					"name": "BehindNeckDrop1",
					"from": [ 3.405, 3.045, -0.03 ],
					"to": [ 3.78, 3.42, 4.68 ],
					"unwrapMode": 2,
					"autoUnwrap": false,
					"uv": [ 1.5, 1.0 ],
					"rotationOrigin": [ 3.3, 3.03, -0.165 ],
					"faces": {
						"north": { "texture": "#shouldertexture", "uv": [ 8.0, 10.5, 8.5, 11.0 ], "autoUv": false, "windMode": [-1,-1,-1,-1], "windData": [1,1,1,1] },
						"east": { "texture": "#shouldertexture", "uv": [ 0.0, 12.5, 6.0, 13.0 ], "autoUv": false, "windMode": [-1,-1,-1,-1], "windData": [1,1,1,1] },
						"south": { "texture": "#shouldertexture", "uv": [ 6.0, 13.5, 6.5, 14.0 ], "autoUv": false, "windMode": [-1,-1,-1,-1], "windData": [1,1,1,1] },
						"west": { "texture": "#shouldertexture", "uv": [ 3.5, 7.5, 9.5, 8.0 ], "autoUv": false },
						"down": { "texture": "#shouldertexture", "uv": [ 1.0, 13.5, 7.0, 14.0 ], "rotation": 270, "autoUv": false }
					},
					"children": [
						{
							"name": "BehindNeckDrop2",
							"from": [ 0.0, -0.375, 0.39 ],
							"to": [ 0.375, 0.0, 4.32 ],
							"unwrapMode": 2,
							"autoUnwrap": false,
							"uv": [ 1.5, 1.0 ],
							"rotationOrigin": [ 0.0, -0.375, 0.39 ],
							"faces": {
								"north": { "texture": "#shouldertexture", "uv": [ 11.5, 9.0, 12.0, 9.5 ], "autoUv": false, "windMode": [-1,-1,-1,-1], "windData": [1,1,1,1] },
								"east": { "texture": "#shouldertexture", "uv": [ 2.5, 6.0, 7.5, 6.5 ], "autoUv": false },
								"south": { "texture": "#shouldertexture", "uv": [ 12.5, 11.0, 13.0, 11.5 ], "autoUv": false, "windMode": [-1,-1,-1,-1], "windData": [1,1,1,1] },
								"west": { "texture": "#shouldertexture", "uv": [ 7.0, 9.0, 12.0, 9.5 ], "autoUv": false },
								"down": { "texture": "#shouldertexture", "uv": [ 8.5, 9.5, 13.5, 10.0 ], "rotation": 270, "autoUv": false }
							}
						},
						{
							"name": "BehindNeckDrop3",
							"from": [ 0.0, -0.75, 0.78 ],
							"to": [ 0.375, -0.375, 3.93 ],
							"unwrapMode": 2,
							"autoUnwrap": false,
							"uv": [ 1.5, 1.0 ],
							"rotationOrigin": [ 0.0, -0.75, 0.78 ],
							"faces": {
								"north": { "texture": "#shouldertexture", "uv": [ 12.5, 5.0, 13.0, 5.5 ], "autoUv": false },
								"east": { "texture": "#shouldertexture", "uv": [ 8.0, 13.5, 12.0, 14.0 ], "autoUv": false },
								"south": { "texture": "#shouldertexture", "uv": [ 4.0, 2.5, 4.5, 3.0 ], "autoUv": false },
								"west": { "texture": "#shouldertexture", "uv": [ 11.0, 8.0, 15.0, 8.5 ], "autoUv": false },
								"down": { "texture": "#shouldertexture", "uv": [ 10.5, 3.5, 14.5, 4.0 ], "rotation": 270, "autoUv": false }
							}
						},
						{
							"name": "BehindNeckDrop4",
							"from": [ 0.0, -1.125, 1.17 ],
							"to": [ 0.375, -0.75, 3.54 ],
							"unwrapMode": 2,
							"autoUnwrap": false,
							"uv": [ 1.5, 1.0 ],
							"rotationOrigin": [ 0.0, -1.125, 1.17 ],
							"faces": {
								"north": { "texture": "#shouldertexture", "uv": [ 8.0, 15.0, 8.5, 15.5 ], "autoUv": false },
								"east": { "texture": "#shouldertexture", "uv": [ 11.5, 8.5, 14.5, 9.0 ], "autoUv": false },
								"south": { "texture": "#shouldertexture", "uv": [ 3.5, 6.5, 4.0, 7.0 ], "autoUv": false },
								"west": { "texture": "#shouldertexture", "uv": [ 2.0, 8.5, 5.0, 9.0 ], "autoUv": false },
								"down": { "texture": "#shouldertexture", "uv": [ 5.0, 15.0, 8.0, 15.5 ], "rotation": 270, "autoUv": false }
							}
						}
					]
				}
			]
		},
		{
			"name": "ORIGINUpperArmL",
			"stepParentName": "UpperArmL",
			"from": [ -0.03, 4.875, -0.015 ],
			"to": [ 2.28, 5.28, 0.735 ],
			"unwrapMode": 5,
			"unwrapRotation": 1,
			"autoUnwrap": false,
			"uv": [ 5.5, 3.0 ],
			"rotationOrigin": [ -0.015, 4.875, -0.015 ],
			"faces": {
				"north": { "texture": "#shouldertexture", "uv": [ 5.5, 3.5, 6.0, 6.5 ], "rotation": 270, "autoUv": false },
				"east": { "texture": "#shouldertexture", "uv": [ 6.0, 3.0, 7.0, 3.5 ], "rotation": 180, "autoUv": false },
				"south": { "texture": "#shouldertexture", "uv": [ 7.0, 3.5, 7.5, 6.5 ], "rotation": 90, "autoUv": false },
				"west": { "texture": "#shouldertexture", "uv": [ 6.0, 6.5, 7.0, 7.0 ], "autoUv": false },
				"up": { "texture": "#shouldertexture", "uv": [ 6.0, 3.5, 7.0, 6.5 ], "rotation": 90, "autoUv": false },
				"down": { "texture": "#shouldertexture", "uv": [ 6.0, 3.5, 7.0, 6.5 ], "rotation": 270, "autoUv": false }
			},
			"children": [
				{
					"name": "UpperArm2",
					"from": [ 0.3825, 0.03, 0.75 ],
					"to": [ 1.92, 0.405, 1.125 ],
					"unwrapMode": 5,
					"uv": [ 4.5, 0.5 ],
					"rotationOrigin": [ 0.375, 0.03, 0.75 ],
					"faces": {
						"east": { "texture": "#shouldertexture", "uv": [ 7.0, 0.5, 7.5, 1.0 ], "rotation": 90, "autoUv": false },
						"south": { "texture": "#shouldertexture", "uv": [ 5.0, 1.0, 7.0, 1.5 ], "autoUv": false },
						"west": { "texture": "#shouldertexture", "uv": [ 4.5, 0.5, 5.0, 1.0 ], "rotation": 270, "autoUv": false },
						"up": { "texture": "#shouldertexture", "uv": [ 5.0, 0.5, 7.0, 1.0 ], "autoUv": false },
						"down": { "texture": "#shouldertexture", "uv": [ 7.5, 0.5, 9.5, 1.0 ], "autoUv": false }
					},
					"children": [
						{
							"name": "UpperArm3",
							"from": [ 0.3825, 0.0, 0.375 ],
							"to": [ 1.155, 0.375, 0.75 ],
							"uv": [ 2.5, 5.5 ],
							"rotationOrigin": [ 0.3675, 0.0, 0.375 ],
							"faces": {
								"north": { "texture": "#shouldertexture", "uv": [ 2.5, 6.0, 3.5, 6.5 ], "autoUv": false },
								"east": { "texture": "#shouldertexture", "uv": [ 3.5, 6.0, 4.0, 6.5 ], "autoUv": false },
								"south": { "texture": "#shouldertexture", "uv": [ 4.0, 6.0, 5.0, 6.5 ], "autoUv": false },
								"west": { "texture": "#shouldertexture", "uv": [ 5.0, 6.0, 5.5, 6.5 ], "autoUv": false },
								"up": { "texture": "#shouldertexture", "uv": [ 2.5, 5.5, 3.5, 6.0 ], "autoUv": false },
								"down": { "texture": "#shouldertexture", "uv": [ 3.5, 5.5, 4.5, 6.0 ], "autoUv": false }
							}
						}
					]
				}
			]
		},
		{
			"name": "UpperArmROrigin",
			"stepParentName": "UpperArmR",
			"from": [ -0.03, 4.875, 0.7875 ],
			"to": [ 2.28, 5.28, 1.5375 ],
			"unwrapMode": 5,
			"unwrapRotation": 1,
			"autoUnwrap": false,
			"uv": [ 0.5, 3.0 ],
			"rotationOrigin": [ -0.015, 4.875, 0.735 ],
			"faces": {
				"north": { "texture": "#shouldertexture", "uv": [ 0.5, 3.5, 1.0, 6.5 ], "rotation": 270, "autoUv": false },
				"east": { "texture": "#shouldertexture", "uv": [ 1.0, 3.0, 2.0, 3.5 ], "rotation": 180, "autoUv": false },
				"south": { "texture": "#shouldertexture", "uv": [ 2.0, 3.5, 2.5, 6.5 ], "rotation": 90, "autoUv": false },
				"west": { "texture": "#shouldertexture", "uv": [ 1.0, 6.5, 2.0, 7.0 ], "autoUv": false },
				"up": { "texture": "#shouldertexture", "uv": [ 1.0, 3.5, 2.0, 6.5 ], "rotation": 90, "autoUv": false },
				"down": { "texture": "#shouldertexture", "uv": [ 1.0, 3.5, 2.0, 6.5 ], "rotation": 270, "autoUv": false }
			},
			"children": [
				{
					"name": "Cube2",
					"from": [ 0.39, 0.03, -0.375 ],
					"to": [ 1.9275, 0.405, 0.0 ],
					"unwrapMode": 5,
					"uv": [ 9.0, 5.5 ],
					"rotationOrigin": [ 0.375, 0.03, -0.375 ],
					"faces": {
						"north": { "texture": "#shouldertexture", "uv": [ 9.5, 5.5, 11.5, 6.0 ], "rotation": 180, "autoUv": false },
						"east": { "texture": "#shouldertexture", "uv": [ 11.5, 6.0, 12.0, 6.5 ], "rotation": 90, "autoUv": false },
						"west": { "texture": "#shouldertexture", "uv": [ 9.0, 6.0, 9.5, 6.5 ], "rotation": 270, "autoUv": false },
						"up": { "texture": "#shouldertexture", "uv": [ 9.5, 6.0, 11.5, 6.5 ], "autoUv": false },
						"down": { "texture": "#shouldertexture", "uv": [ 12.0, 6.0, 14.0, 6.5 ], "autoUv": false }
					}
				},
				{
					"name": "Cube3",
					"from": [ 0.7725, 0.03, -0.75 ],
					"to": [ 1.5375, 0.405, -0.375 ],
					"unwrapMode": 5,
					"uv": [ 11.5, 3.0 ],
					"rotationOrigin": [ 0.75, 0.03, -0.75 ],
					"faces": {
						"north": { "texture": "#shouldertexture", "uv": [ 12.0, 3.0, 13.0, 3.5 ], "rotation": 180, "autoUv": false },
						"east": { "texture": "#shouldertexture", "uv": [ 13.0, 3.5, 13.5, 4.0 ], "rotation": 90, "autoUv": false },
						"west": { "texture": "#shouldertexture", "uv": [ 11.5, 3.5, 12.0, 4.0 ], "rotation": 270, "autoUv": false },
						"up": { "texture": "#shouldertexture", "uv": [ 12.0, 3.5, 13.0, 4.0 ], "autoUv": false },
						"down": { "texture": "#shouldertexture", "uv": [ 13.5, 3.5, 14.5, 4.0 ], "autoUv": false }
					}
				}
			]
		},
		{
			"name": "CollarN",
			"stepParentName": "Neck",
			"from": [ -0.03, 0.375, -0.03 ],
			"to": [ 2.28, 1.5, 0.345 ],
			"uv": [ 1.0, 5.0 ],
			"rotationOrigin": [ -0.03, 0.375, -0.03 ],
			"faces": {
				"north": { "texture": "#shouldertexture", "uv": [ 1.0, 5.5, 4.0, 7.0 ], "autoUv": false },
				"east": { "texture": "#shouldertexture", "uv": [ 4.0, 5.5, 4.5, 7.0 ], "autoUv": false },
				"south": { "texture": "#shouldertexture", "uv": [ 4.5, 5.5, 7.5, 7.0 ], "autoUv": false },
				"west": { "texture": "#shouldertexture", "uv": [ 7.5, 5.5, 8.0, 7.0 ], "autoUv": false },
				"up": { "texture": "#shouldertexture", "uv": [ 1.0, 5.0, 4.0, 5.5 ], "autoUv": false },
				"down": { "texture": "#shouldertexture", "uv": [ 4.0, 5.0, 7.0, 5.5 ], "autoUv": false }
			},
			"children": [
				{
					"name": "CollarS",
					"from": [ 0.0, 0.0, 1.935 ],
					"to": [ 2.31, 1.125, 2.31 ],
					"uv": [ 1.0, 5.0 ],
					"rotationOrigin": [ 0.0, 0.0, 1.875 ],
					"faces": {
						"north": { "texture": "#shouldertexture", "uv": [ 1.0, 5.5, 4.0, 7.0 ], "autoUv": false },
						"east": { "texture": "#shouldertexture", "uv": [ 4.0, 5.5, 4.5, 7.0 ], "autoUv": false },
						"south": { "texture": "#shouldertexture", "uv": [ 4.5, 5.5, 7.5, 7.0 ], "autoUv": false },
						"west": { "texture": "#shouldertexture", "uv": [ 7.5, 5.5, 8.0, 7.0 ], "autoUv": false },
						"up": { "texture": "#shouldertexture", "uv": [ 1.0, 5.0, 4.0, 5.5 ], "autoUv": false },
						"down": { "texture": "#shouldertexture", "uv": [ 4.0, 5.0, 7.0, 5.5 ], "autoUv": false }
					}
				},
				{
					"name": "CollarE",
					"from": [ 1.875, 0.0, 0.375 ],
					"to": [ 2.31, 1.125, 1.935 ],
					"uv": [ 4.5, 7.0 ],
					"rotationOrigin": [ 1.875, 0.0, 0.375 ],
					"faces": {
						"north": { "texture": "#shouldertexture", "uv": [ 4.5, 9.0, 5.0, 10.5 ], "autoUv": false },
						"east": { "texture": "#shouldertexture", "uv": [ 5.0, 9.0, 7.0, 10.5 ], "autoUv": false },
						"south": { "texture": "#shouldertexture", "uv": [ 7.0, 9.0, 7.5, 10.5 ], "autoUv": false },
						"west": { "texture": "#shouldertexture", "uv": [ 7.5, 9.0, 9.5, 10.5 ], "autoUv": false },
						"up": { "texture": "#shouldertexture", "uv": [ 4.5, 7.0, 5.0, 9.0 ], "autoUv": false },
						"down": { "texture": "#shouldertexture", "uv": [ 5.0, 7.0, 5.5, 9.0 ], "autoUv": false }
					}
				}
			]
		}
	]}