{
	"editor": {
		"backDropShape": "entity/humanoid/seraph",
		"collapsedPaths": "Root/LowerTorsoOrigin,Root/UpperTorsoOrigin,Root/ORIGINLegR,Root/ORIGINLegL",
		"allAngles": true,
		"entityTextureMode": true
	},
	"textureWidth": 12,
	"textureHeight": 24,
	"textureSizes": {
	},
	"textures": {
	},
	"elements": [
		{
			"name": "ORIGINLegL",
			"stepParentName": "UpperFootL",
			"from": [ -0.33, 2.805, 0.66 ],
			"to": [ 0.045, 7.305, 2.16 ],
			"unwrapMode": 4,
			"autoUnwrap": false,
			"uv": [ 8.0, 11.0 ],
			"rotationOrigin": [ -0.33, 2.805, 0.66 ],
			"rotationX": 3.0,
			"faces": {
				"north": { "texture": "#shouldertexture", "uv": [ 8.0, 11.5, 8.5, 17.5 ], "autoUv": false, "windMode": [-1,-1,-1,-1], "windData": [0,1,1,0] },
				"east": { "texture": "#shouldertexture", "uv": [ 8.5, 11.5, 10.5, 17.5 ], "autoUv": false, "windMode": [-1,-1,-1,-1], "windData": [0,1,1,0] },
				"south": { "texture": "#shouldertexture", "uv": [ 10.5, 11.5, 11.0, 17.5 ], "autoUv": false, "windMode": [-1,-1,-1,-1], "windData": [0,0,1,1] },
				"west": { "texture": "#shouldertexture", "uv": [ 8.5, 11.5, 10.5, 17.5 ], "autoUv": false },
				"up": { "texture": "#shouldertexture", "uv": [ 8.5, 11.0, 10.5, 11.5 ], "rotation": 90, "autoUv": false },
				"down": { "texture": "#shouldertexture", "uv": [ 8.5, 17.5, 10.5, 18.0 ], "rotation": 90, "autoUv": false, "windMode": [-1,-1,-1,-1] }
			},
			"children": [
				{
					"name": "Tassle4",
					"from": [ 0.0, -1.875, 0.075 ],
					"to": [ 0.3, -0.375, 0.375 ],
					"unwrapMode": 4,
					"uv": [ 6.5, 21.0 ],
					"rotationOrigin": [ 0.0, -1.875, 0.075 ],
					"rotationX": -0.023,
					"rotationY": 0.523,
					"faces": {
						"north": { "texture": "#shouldertexture", "uv": [ 6.5, 21.5, 7.0, 23.5 ], "autoUv": false },
						"east": { "texture": "#shouldertexture", "uv": [ 8.0, 21.5, 8.5, 23.5 ], "autoUv": false },
						"south": { "texture": "#shouldertexture", "uv": [ 7.5, 21.5, 8.0, 23.5 ], "autoUv": false },
						"west": { "texture": "#shouldertexture", "uv": [ 7.0, 21.5, 7.5, 23.5 ], "autoUv": false },
						"up": { "texture": "#shouldertexture", "uv": [ 7.0, 21.0, 7.5, 21.5 ], "rotation": 90, "autoUv": false },
						"down": { "texture": "#shouldertexture", "uv": [ 7.0, 23.5, 7.5, 24.0 ], "rotation": 90, "autoUv": false }
					},
					"children": [
						{
							"name": "knot4",
							"from": [ 0.15, 1.425, 0.15 ],
							"to": [ 0.45, 1.725, 0.45 ],
							"uv": [ 0.0, 22.5 ],
							"rotationOrigin": [ 0.15, 1.425, 0.15 ],
							"rotationX": -35.0,
							"rotationZ": 45.0,
							"faces": {
								"north": { "texture": "#shouldertexture", "uv": [ 0.0, 23.0, 0.5, 23.5 ], "autoUv": false },
								"east": { "texture": "#shouldertexture", "uv": [ 0.5, 23.0, 1.0, 23.5 ], "autoUv": false },
								"south": { "texture": "#shouldertexture", "uv": [ 1.0, 23.0, 1.5, 23.5 ], "autoUv": false },
								"west": { "texture": "#shouldertexture", "uv": [ 1.5, 23.0, 2.0, 23.5 ], "autoUv": false },
								"up": { "texture": "#shouldertexture", "uv": [ 0.0, 22.5, 0.5, 23.0 ], "autoUv": false },
								"down": { "texture": "#shouldertexture", "uv": [ 0.5, 22.5, 1.0, 23.0 ], "autoUv": false }
							}
						}
					]
				},
				{
					"name": "Tassle5",
					"from": [ 0.0, -1.5, 0.6 ],
					"to": [ 0.3, -0.375, 0.9 ],
					"unwrapMode": 4,
					"uv": [ 7.5, 21.0 ],
					"rotationOrigin": [ 0.0, -1.5, 0.6 ],
					"rotationX": -0.023,
					"rotationY": 0.523,
					"faces": {
						"north": { "texture": "#shouldertexture", "uv": [ 7.5, 21.5, 8.0, 23.0 ], "autoUv": false },
						"east": { "texture": "#shouldertexture", "uv": [ 9.0, 21.5, 9.5, 23.0 ], "autoUv": false },
						"south": { "texture": "#shouldertexture", "uv": [ 8.5, 21.5, 9.0, 23.0 ], "autoUv": false },
						"west": { "texture": "#shouldertexture", "uv": [ 8.0, 21.5, 8.5, 23.0 ], "autoUv": false },
						"up": { "texture": "#shouldertexture", "uv": [ 8.0, 21.0, 8.5, 21.5 ], "rotation": 90, "autoUv": false },
						"down": { "texture": "#shouldertexture", "uv": [ 8.0, 23.0, 8.5, 23.5 ], "rotation": 90, "autoUv": false }
					},
					"children": [
						{
							"name": "knot5",
							"from": [ 0.15, 1.05, 0.15 ],
							"to": [ 0.45, 1.35, 0.45 ],
							"uv": [ 0.5, 22.5 ],
							"rotationOrigin": [ 0.15, 1.05, 0.15 ],
							"rotationX": -35.0,
							"rotationZ": 45.0,
							"faces": {
								"north": { "texture": "#shouldertexture", "uv": [ 0.5, 23.0, 1.0, 23.5 ], "autoUv": false },
								"east": { "texture": "#shouldertexture", "uv": [ 1.0, 23.0, 1.5, 23.5 ], "autoUv": false },
								"south": { "texture": "#shouldertexture", "uv": [ 1.5, 23.0, 2.0, 23.5 ], "autoUv": false },
								"west": { "texture": "#shouldertexture", "uv": [ 2.0, 23.0, 2.5, 23.5 ], "autoUv": false },
								"up": { "texture": "#shouldertexture", "uv": [ 0.5, 22.5, 1.0, 23.0 ], "autoUv": false },
								"down": { "texture": "#shouldertexture", "uv": [ 1.0, 22.5, 1.5, 23.0 ], "autoUv": false }
							}
						}
					]
				},
				{
					"name": "Tassle6",
					"from": [ 0.0, -1.125, 1.125 ],
					"to": [ 0.3, -0.375, 1.425 ],
					"unwrapMode": 4,
					"uv": [ 9.0, 21.5 ],
					"rotationOrigin": [ 0.0, -1.125, 1.125 ],
					"rotationX": -0.023,
					"rotationY": 0.523,
					"faces": {
						"north": { "texture": "#shouldertexture", "uv": [ 9.0, 22.0, 9.5, 23.0 ], "autoUv": false },
						"east": { "texture": "#shouldertexture", "uv": [ 10.5, 22.0, 11.0, 23.0 ], "autoUv": false },
						"south": { "texture": "#shouldertexture", "uv": [ 10.0, 22.0, 10.5, 23.0 ], "autoUv": false },
						"west": { "texture": "#shouldertexture", "uv": [ 9.5, 22.0, 10.0, 23.0 ], "autoUv": false },
						"up": { "texture": "#shouldertexture", "uv": [ 9.5, 21.5, 10.0, 22.0 ], "rotation": 90, "autoUv": false },
						"down": { "texture": "#shouldertexture", "uv": [ 9.5, 23.0, 10.0, 23.5 ], "rotation": 90, "autoUv": false }
					},
					"children": [
						{
							"name": "knot6",
							"from": [ 0.15, 0.675, 0.15 ],
							"to": [ 0.45, 0.975, 0.45 ],
							"uv": [ 1.5, 22.5 ],
							"rotationOrigin": [ 0.15, 0.675, 0.15 ],
							"rotationX": -35.0,
							"rotationZ": 45.0,
							"faces": {
								"north": { "texture": "#shouldertexture", "uv": [ 1.5, 23.0, 2.0, 23.5 ], "autoUv": false },
								"east": { "texture": "#shouldertexture", "uv": [ 2.0, 23.0, 2.5, 23.5 ], "autoUv": false },
								"south": { "texture": "#shouldertexture", "uv": [ 2.5, 23.0, 3.0, 23.5 ], "autoUv": false },
								"west": { "texture": "#shouldertexture", "uv": [ 3.0, 23.0, 3.5, 23.5 ], "autoUv": false },
								"up": { "texture": "#shouldertexture", "uv": [ 1.5, 22.5, 2.0, 23.0 ], "autoUv": false },
								"down": { "texture": "#shouldertexture", "uv": [ 2.0, 22.5, 2.5, 23.0 ], "autoUv": false }
							}
						}
					]
				}
			]
		},
		{
			"name": "ORIGINLegR",
			"stepParentName": "UpperFootR",
			"from": [ -0.33, 2.805, 0.285 ],
			"to": [ 0.045, 7.305, 1.785 ],
			"unwrapMode": 4,
			"autoUnwrap": false,
			"uv": [ 1.0, 11.0 ],
			"rotationOrigin": [ -0.33, 2.805, 0.285 ],
			"rotationX": -3.0,
			"faces": {
				"north": { "texture": "#shouldertexture", "uv": [ 1.0, 11.5, 1.5, 17.5 ], "autoUv": false },
				"east": { "texture": "#shouldertexture", "uv": [ 1.5, 11.5, 3.5, 17.5 ], "autoUv": false },
				"south": { "texture": "#shouldertexture", "uv": [ 3.5, 11.5, 4.0, 17.5 ], "autoUv": false, "windMode": [-1,-1,-1,-1], "windData": [0,0,1,1] },
				"west": { "texture": "#shouldertexture", "uv": [ 1.5, 11.5, 3.5, 17.5 ], "autoUv": false },
				"up": { "texture": "#shouldertexture", "uv": [ 1.5, 11.0, 3.5, 11.5 ], "rotation": 90, "autoUv": false, "windMode": [-1,-1,-1,-1], "windData": [1,1,1,1] },
				"down": { "texture": "#shouldertexture", "uv": [ 1.5, 17.5, 3.5, 18.0 ], "rotation": 90, "autoUv": false, "windMode": [-1,-1,-1,-1] }
			},
			"children": [
				{
					"name": "Tassle1",
					"from": [ 0.0, -1.125, 0.075 ],
					"to": [ 0.3, -0.375, 0.375 ],
					"unwrapMode": 4,
					"uv": [ 3.0, 21.5 ],
					"rotationOrigin": [ 0.0, -1.125, 0.075 ],
					"faces": {
						"north": { "texture": "#shouldertexture", "uv": [ 3.0, 22.0, 3.5, 23.0 ], "autoUv": false },
						"east": { "texture": "#shouldertexture", "uv": [ 4.5, 22.0, 5.0, 23.0 ], "autoUv": false },
						"south": { "texture": "#shouldertexture", "uv": [ 4.0, 22.0, 4.5, 23.0 ], "autoUv": false },
						"west": { "texture": "#shouldertexture", "uv": [ 3.5, 22.0, 4.0, 23.0 ], "autoUv": false },
						"up": { "texture": "#shouldertexture", "uv": [ 3.5, 21.5, 4.0, 22.0 ], "rotation": 90, "autoUv": false },
						"down": { "texture": "#shouldertexture", "uv": [ 3.5, 23.0, 4.0, 23.5 ], "rotation": 90, "autoUv": false }
					},
					"children": [
						{
							"name": "knot1",
							"from": [ 0.15, 0.675, 0.15 ],
							"to": [ 0.45, 0.975, 0.45 ],
							"uv": [ 0.0, 23.0 ],
							"rotationOrigin": [ 0.15, 0.675, 0.15 ],
							"rotationX": -35.0,
							"rotationZ": 45.0,
							"faces": {
								"north": { "texture": "#shouldertexture", "uv": [ 0.0, 23.5, 0.5, 24.0 ], "autoUv": false },
								"east": { "texture": "#shouldertexture", "uv": [ 0.5, 23.5, 1.0, 24.0 ], "autoUv": false },
								"south": { "texture": "#shouldertexture", "uv": [ 1.0, 23.5, 1.5, 24.0 ], "autoUv": false },
								"west": { "texture": "#shouldertexture", "uv": [ 1.5, 23.5, 2.0, 24.0 ], "autoUv": false },
								"up": { "texture": "#shouldertexture", "uv": [ 0.0, 23.0, 0.5, 23.5 ], "autoUv": false },
								"down": { "texture": "#shouldertexture", "uv": [ 0.5, 23.0, 1.0, 23.5 ], "autoUv": false }
							}
						}
					]
				},
				{
					"name": "Tassle2",
					"from": [ 0.0, -1.5, 0.675 ],
					"to": [ 0.3, -0.375, 0.975 ],
					"unwrapMode": 4,
					"uv": [ 4.0, 21.0 ],
					"rotationOrigin": [ 0.0, -1.5, 0.675 ],
					"faces": {
						"north": { "texture": "#shouldertexture", "uv": [ 4.0, 21.5, 4.5, 23.0 ], "autoUv": false },
						"east": { "texture": "#shouldertexture", "uv": [ 5.5, 21.5, 6.0, 23.0 ], "autoUv": false },
						"south": { "texture": "#shouldertexture", "uv": [ 5.0, 21.5, 5.5, 23.0 ], "autoUv": false },
						"west": { "texture": "#shouldertexture", "uv": [ 4.5, 21.5, 5.0, 23.0 ], "autoUv": false },
						"up": { "texture": "#shouldertexture", "uv": [ 4.5, 21.0, 5.0, 21.5 ], "rotation": 90, "autoUv": false },
						"down": { "texture": "#shouldertexture", "uv": [ 4.5, 23.0, 5.0, 23.5 ], "rotation": 90, "autoUv": false }
					},
					"children": [
						{
							"name": "knot2",
							"from": [ 0.15, 1.05, 0.15 ],
							"to": [ 0.45, 1.35, 0.45 ],
							"uv": [ 1.0, 23.0 ],
							"rotationOrigin": [ 0.15, 1.05, 0.15 ],
							"rotationX": -35.0,
							"rotationZ": 45.0,
							"faces": {
								"north": { "texture": "#shouldertexture", "uv": [ 1.0, 23.5, 1.5, 24.0 ], "autoUv": false },
								"east": { "texture": "#shouldertexture", "uv": [ 1.5, 23.5, 2.0, 24.0 ], "autoUv": false },
								"south": { "texture": "#shouldertexture", "uv": [ 2.0, 23.5, 2.5, 24.0 ], "autoUv": false },
								"west": { "texture": "#shouldertexture", "uv": [ 2.5, 23.5, 3.0, 24.0 ], "autoUv": false },
								"up": { "texture": "#shouldertexture", "uv": [ 1.0, 23.0, 1.5, 23.5 ], "autoUv": false },
								"down": { "texture": "#shouldertexture", "uv": [ 1.5, 23.0, 2.0, 23.5 ], "autoUv": false }
							}
						}
					]
				},
				{
					"name": "Tassle3",
					"from": [ 0.0, -1.875, 1.2 ],
					"to": [ 0.3, -0.375, 1.5 ],
					"unwrapMode": 4,
					"uv": [ 5.0, 21.0 ],
					"rotationOrigin": [ 0.0, -1.875, 1.2 ],
					"faces": {
						"north": { "texture": "#shouldertexture", "uv": [ 5.0, 21.5, 5.5, 23.5 ], "autoUv": false },
						"east": { "texture": "#shouldertexture", "uv": [ 6.5, 21.5, 7.0, 23.5 ], "autoUv": false },
						"south": { "texture": "#shouldertexture", "uv": [ 6.0, 21.5, 6.5, 23.5 ], "autoUv": false },
						"west": { "texture": "#shouldertexture", "uv": [ 5.5, 21.5, 6.0, 23.5 ], "autoUv": false },
						"up": { "texture": "#shouldertexture", "uv": [ 5.5, 21.0, 6.0, 21.5 ], "rotation": 90, "autoUv": false },
						"down": { "texture": "#shouldertexture", "uv": [ 5.5, 23.5, 6.0, 24.0 ], "rotation": 90, "autoUv": false }
					},
					"children": [
						{
							"name": "knot3",
							"from": [ 0.15, 1.425, 0.15 ],
							"to": [ 0.45, 1.725, 0.45 ],
							"uv": [ 1.0, 23.0 ],
							"rotationOrigin": [ 0.15, 1.425, 0.15 ],
							"rotationX": -35.0,
							"rotationZ": 45.0,
							"faces": {
								"north": { "texture": "#shouldertexture", "uv": [ 1.0, 23.5, 1.5, 24.0 ], "autoUv": false },
								"east": { "texture": "#shouldertexture", "uv": [ 1.5, 23.5, 2.0, 24.0 ], "autoUv": false },
								"south": { "texture": "#shouldertexture", "uv": [ 2.0, 23.5, 2.5, 24.0 ], "autoUv": false },
								"west": { "texture": "#shouldertexture", "uv": [ 2.5, 23.5, 3.0, 24.0 ], "autoUv": false },
								"up": { "texture": "#shouldertexture", "uv": [ 1.0, 23.0, 1.5, 23.5 ], "autoUv": false },
								"down": { "texture": "#shouldertexture", "uv": [ 1.5, 23.0, 2.0, 23.5 ], "autoUv": false }
							}
						}
					]
				}
			]
		},
		{
			"name": "LowerTorsoOrigin",
			"stepParentName": "LowerTorso",
			"from": [ 0.0, 0.0, 0.0 ],
			"to": [ 3.75, 3.75, 4.5 ],
			"autoUnwrap": false,
			"uv": [ 2.0, 0.0 ],
			"faces": {
			},
			"children": [
				{
					"name": "shouldertextureRight",
					"from": [ -0.03, -0.03, -0.03 ],
					"to": [ 0.345, 3.78, 1.47 ],
					"unwrapMode": 4,
					"autoUnwrap": false,
					"uv": [ 1.0, 10.0 ],
					"rotationOrigin": [ 0.03, 0.0, 0.0 ],
					"faces": {
						"north": { "texture": "#shouldertexture", "uv": [ 1.0, 10.5, 1.5, 15.5 ], "autoUv": false, "windMode": [-1,-1,-1,-1], "windData": [0,1,1,0] },
						"east": { "texture": "#shouldertexture", "uv": [ 1.5, 10.5, 3.5, 15.5 ], "autoUv": false },
						"south": { "texture": "#shouldertexture", "uv": [ 3.5, 10.5, 4.0, 15.5 ], "autoUv": false },
						"west": { "texture": "#shouldertexture", "uv": [ 1.5, 10.5, 3.5, 15.5 ], "autoUv": false },
						"up": { "texture": "#shouldertexture", "uv": [ 1.5, 10.0, 3.5, 10.5 ], "rotation": 90, "autoUv": false, "windMode": [-1,-1,-1,-1], "windData": [1,1,1,1] },
						"down": { "texture": "#shouldertexture", "uv": [ 1.5, 15.5, 3.5, 16.0 ], "rotation": 90, "autoUv": false, "windMode": [-1,-1,-1,-1] }
					}
				},
				{
					"name": "shouldertextureLTrim",
					"from": [ -0.03, -0.03, 3.03 ],
					"to": [ 0.345, 3.78, 4.53 ],
					"unwrapMode": 4,
					"autoUnwrap": false,
					"uv": [ 8.0, 10.0 ],
					"rotationOrigin": [ 0.03, 0.0, 3.0 ],
					"faces": {
						"north": { "texture": "#shouldertexture", "uv": [ 8.0, 10.5, 8.5, 15.5 ], "autoUv": false, "windMode": [-1,-1,-1,-1], "windData": [0,1,1,0] },
						"east": { "texture": "#shouldertexture", "uv": [ 8.5, 10.5, 10.5, 15.5 ], "autoUv": false },
						"south": { "texture": "#shouldertexture", "uv": [ 10.5, 10.5, 11.0, 15.5 ], "autoUv": false, "windMode": [-1,-1,-1,-1], "windData": [0,0,1,1] },
						"west": { "texture": "#shouldertexture", "uv": [ 8.5, 10.5, 10.5, 15.5 ], "autoUv": false },
						"up": { "texture": "#shouldertexture", "uv": [ 8.5, 10.0, 10.5, 10.5 ], "rotation": 90, "autoUv": false, "windMode": [-1,-1,-1,-1], "windData": [1,1,1,1] },
						"down": { "texture": "#shouldertexture", "uv": [ 8.5, 15.5, 10.5, 16.0 ], "rotation": 90, "autoUv": false, "windMode": [-1,-1,-1,-1] }
					}
				}
			]
		},
		{
			"name": "UpperTorsoOrigin",
			"stepParentName": "UpperTorso",
			"from": [ 0.0, 0.0, 0.0 ],
			"to": [ 3.75, 3.75, 4.65 ],
			"uv": [ 999.0, 999.0 ],
			"faces": {
			},
			"children": [
				{
					"name": "RightofNeck",
					"from": [ -0.03, 3.42, -0.03 ],
					"to": [ 3.78, 3.795, 1.47 ],
					"unwrapMode": 5,
					"unwrapRotation": 1,
					"autoUnwrap": false,
					"uv": [ 1.0, 0.0 ],
					"rotationOrigin": [ 0.0, 3.375, 0.0 ],
					"faces": {
						"north": { "texture": "#shouldertexture", "uv": [ 1.0, 0.5, 1.5, 5.5 ], "rotation": 270, "autoUv": false },
						"east": { "texture": "#shouldertexture", "uv": [ 1.5, 0.0, 3.5, 0.5 ], "rotation": 180, "autoUv": false },
						"south": { "texture": "#shouldertexture", "uv": [ 3.5, 0.5, 4.0, 5.5 ], "rotation": 90, "autoUv": false },
						"west": { "texture": "#shouldertexture", "uv": [ 1.5, 5.5, 3.5, 6.0 ], "autoUv": false },
						"up": { "texture": "#shouldertexture", "uv": [ 1.5, 0.5, 3.5, 5.5 ], "rotation": 90, "autoUv": false },
						"down": { "texture": "#shouldertexture", "uv": [ 1.5, 0.5, 3.5, 5.5 ], "rotation": 270, "autoUv": false }
					},
					"children": [
						{
							"name": "ChestRight",
							"from": [ 0.0, -3.435, 0.0 ],
							"to": [ 0.375, 0.0, 1.575 ],
							"unwrapMode": 4,
							"autoUnwrap": false,
							"uv": [ 1.0, 5.5 ],
							"rotationOrigin": [ 0.03, -3.42, 0.03 ],
							"faces": {
								"north": { "texture": "#shouldertexture", "uv": [ 1.0, 6.0, 1.5, 10.5 ], "autoUv": false },
								"east": { "texture": "#shouldertexture", "uv": [ 1.5, 6.0, 3.5, 10.5 ], "autoUv": false },
								"south": { "texture": "#shouldertexture", "uv": [ 3.5, 6.0, 4.0, 10.5 ], "autoUv": false },
								"west": { "texture": "#shouldertexture", "uv": [ 1.5, 6.0, 3.5, 10.5 ], "autoUv": false },
								"up": { "texture": "#shouldertexture", "uv": [ 1.5, 5.5, 3.5, 6.0 ], "rotation": 90, "autoUv": false },
								"down": { "texture": "#shouldertexture", "uv": [ 1.5, 10.5, 3.5, 11.0 ], "rotation": 90, "autoUv": false }
							}
						}
					]
				},
				{
					"name": "BehindNeck",
					"from": [ 2.28, 3.42, 1.47 ],
					"to": [ 3.78, 3.795, 3.18 ],
					"unwrapMode": 5,
					"unwrapRotation": 1,
					"autoUnwrap": false,
					"uv": [ 5.0, 0.0 ],
					"rotationOrigin": [ 2.22, 3.42, 1.395 ],
					"faces": {
						"east": { "texture": "#shouldertexture", "uv": [ 5.0, 0.5, 7.0, 1.0 ], "rotation": 180, "autoUv": false },
						"west": { "texture": "#shouldertexture", "uv": [ 5.0, 2.5, 7.0, 3.0 ], "autoUv": false },
						"up": { "texture": "#shouldertexture", "uv": [ 5.0, 1.0, 7.0, 3.0 ], "rotation": 90, "autoUv": false },
						"down": { "texture": "#shouldertexture", "uv": [ 7.0, 1.0, 9.0, 3.0 ], "rotation": 270, "autoUv": false }
					}
				},
				{
					"name": "LeftofNeck",
					"from": [ -0.03, 3.42, 3.18 ],
					"to": [ 3.78, 3.795, 4.68 ],
					"unwrapMode": 5,
					"unwrapRotation": 1,
					"autoUnwrap": false,
					"uv": [ 8.0, 0.0 ],
					"rotationOrigin": [ 0.0, 3.375, 3.225 ],
					"faces": {
						"north": { "texture": "#shouldertexture", "uv": [ 8.0, 0.5, 8.5, 5.5 ], "rotation": 270, "autoUv": false },
						"east": { "texture": "#shouldertexture", "uv": [ 8.5, 0.0, 10.5, 0.5 ], "rotation": 180, "autoUv": false },
						"south": { "texture": "#shouldertexture", "uv": [ 10.5, 0.5, 11.0, 5.5 ], "rotation": 90, "autoUv": false },
						"west": { "texture": "#shouldertexture", "uv": [ 8.5, 5.5, 10.5, 6.0 ], "autoUv": false },
						"up": { "texture": "#shouldertexture", "uv": [ 8.5, 0.5, 10.5, 5.5 ], "rotation": 90, "autoUv": false },
						"down": { "texture": "#shouldertexture", "uv": [ 8.5, 0.5, 10.5, 5.5 ], "rotation": 270, "autoUv": false }
					},
					"children": [
						{
							"name": "ChestLeft",
							"from": [ 0.0, -3.435, -0.075 ],
							"to": [ 0.375, 0.0, 1.5 ],
							"unwrapMode": 4,
							"autoUnwrap": false,
							"uv": [ 8.0, 5.5 ],
							"rotationOrigin": [ 0.03, -3.42, -0.105 ],
							"faces": {
								"north": { "texture": "#shouldertexture", "uv": [ 8.0, 6.0, 8.5, 10.5 ], "autoUv": false },
								"east": { "texture": "#shouldertexture", "uv": [ 8.5, 6.0, 10.5, 10.5 ], "autoUv": false },
								"south": { "texture": "#shouldertexture", "uv": [ 10.5, 6.0, 11.0, 10.5 ], "autoUv": false, "windMode": [-1,-1,-1,-1], "windData": [1,1,1,1] },
								"west": { "texture": "#shouldertexture", "uv": [ 8.5, 6.0, 10.5, 10.5 ], "autoUv": false },
								"up": { "texture": "#shouldertexture", "uv": [ 8.5, 5.5, 10.5, 6.0 ], "rotation": 90, "autoUv": false },
								"down": { "texture": "#shouldertexture", "uv": [ 8.5, 10.5, 10.5, 11.0 ], "rotation": 90, "autoUv": false }
							}
						}
					]
				},
				{
					"name": "BehindNeckDrop",
					"from": [ 3.405, 3.045, 0.72 ],
					"to": [ 3.78, 3.42, 3.93 ],
					"unwrapMode": 5,
					"unwrapRotation": 1,
					"autoUnwrap": false,
					"uv": [ 9.5, 0.0 ],
					"rotationOrigin": [ 3.345, 3.045, 0.645 ],
					"faces": {
						"north": { "texture": "#shouldertexture", "uv": [ 4.5, 0.0, 5.0, 0.5 ], "rotation": 270, "autoUv": false, "windMode": [-1,-1,-1,-1], "windData": [1,1,1,1] },
						"east": { "texture": "#shouldertexture", "uv": [ 4.0, 0.0, 8.0, 0.5 ], "rotation": 180, "autoUv": false },
						"south": { "texture": "#shouldertexture", "uv": [ 7.5, 0.0, 8.0, 0.5 ], "rotation": 90, "autoUv": false, "windMode": [-1,-1,-1,-1], "windData": [1,1,1,1] },
						"west": { "texture": "#shouldertexture", "uv": [ 4.0, 0.0, 8.0, 0.5 ], "autoUv": false },
						"down": { "texture": "#shouldertexture", "uv": [ 4.5, 0.0, 8.5, 0.5 ], "rotation": 270, "autoUv": false }
					}
				}
			]
		},
		{
			"name": "UpperArmLOrigin",
			"stepParentName": "UpperArmL",
			"from": [ -0.03, 4.875, -0.015 ],
			"to": [ 2.28, 5.28, 0.735 ],
			"unwrapMode": 5,
			"unwrapRotation": 1,
			"autoUnwrap": false,
			"uv": [ 9.0, 0.5 ],
			"rotationOrigin": [ -0.015, 4.86, -0.015 ],
			"faces": {
				"north": { "texture": "#shouldertexture", "uv": [ 9.0, 1.0, 9.5, 4.0 ], "rotation": 270, "autoUv": false },
				"east": { "texture": "#shouldertexture", "uv": [ 9.5, 0.5, 10.5, 1.0 ], "rotation": 180, "autoUv": false },
				"south": { "texture": "#shouldertexture", "uv": [ 10.5, 1.0, 11.0, 4.0 ], "rotation": 90, "autoUv": false },
				"west": { "texture": "#shouldertexture", "uv": [ 9.5, 4.0, 10.5, 4.5 ], "autoUv": false },
				"up": { "texture": "#shouldertexture", "uv": [ 9.5, 1.0, 10.5, 4.0 ], "rotation": 90, "autoUv": false },
				"down": { "texture": "#shouldertexture", "uv": [ 9.5, 1.0, 10.5, 4.0 ], "rotation": 270, "autoUv": false }
			}
		},
		{
			"name": "UpperArmROrigin",
			"stepParentName": "UpperArmR",
			"from": [ -0.03, 4.875, 0.8625 ],
			"to": [ 2.28, 5.28, 1.6125 ],
			"unwrapMode": 5,
			"unwrapRotation": 1,
			"uv": [ 1.0, 0.5 ],
			"rotationOrigin": [ -0.015, 4.86, 0.81 ],
			"faces": {
				"north": { "texture": "#shouldertexture", "uv": [ 1.0, 1.0, 1.5, 4.0 ], "rotation": 270, "autoUv": false },
				"east": { "texture": "#shouldertexture", "uv": [ 1.5, 0.5, 2.5, 1.0 ], "rotation": 180, "autoUv": false },
				"south": { "texture": "#shouldertexture", "uv": [ 2.5, 1.0, 3.0, 4.0 ], "rotation": 90, "autoUv": false },
				"west": { "texture": "#shouldertexture", "uv": [ 1.5, 4.0, 2.5, 4.5 ], "autoUv": false },
				"up": { "texture": "#shouldertexture", "uv": [ 1.5, 1.0, 2.5, 4.0 ], "rotation": 90, "autoUv": false },
				"down": { "texture": "#shouldertexture", "uv": [ 3.0, 1.0, 4.0, 4.0 ], "rotation": 270, "autoUv": false }
			}
		}
	]}