{
	"editor": {
		"backDropShape": "entity/humanoid/seraph",
		"collapsedPaths": "Root/UpperTorsoORIGIN,Root/LowerTorsoORIGIN",
		"allAngles": false,
		"entityTextureMode": true
	},
	"textureWidth": 28,
	"textureHeight": 56,
	"textureSizes": {
		"shouldertexture": [28,56]
	},
	"textures": {
	},
	"elements": [
		{
			"name": "UpperTorsoORIGIN",
			"stepParentName": "UpperTorso",
			"from": [ -0.03, -0.03, -0.03 ],
			"to": [ 3.78, 3.78, 4.68 ],
			"unwrapMode": 4,
			"autoUnwrap": false,
			"uv": [ 10.0, 0.0 ],
			"rotationOrigin": [ 1.5, 1.5, 2.4375 ],
			"faces": {
				"north": { "texture": "#shouldertexture", "uv": [ 1.0, 5.5, 6.0, 10.5 ], "autoUv": false, "windMode": [-1,-1,-1,-1], "windData": [1,1,1,1] },
				"east": { "texture": "#shouldertexture", "uv": [ 17.0, 5.5, 23.0, 10.5 ], "autoUv": false, "windMode": [-1,-1,-1,-1] },
				"south": { "texture": "#shouldertexture", "uv": [ 12.0, 5.5, 17.0, 10.5 ], "autoUv": false },
				"west": { "texture": "#shouldertexture", "uv": [ 6.0, 5.5, 12.0, 10.5 ], "autoUv": false },
				"up": { "texture": "#shouldertexture", "uv": [ 6.0, 0.5, 12.0, 5.5 ], "rotation": 90, "autoUv": false },
				"down": { "texture": "#shouldertexture", "uv": [ 19.0, 41.0, 25.0, 46.0 ], "rotation": 90, "autoUv": false, "windMode": [-1,-1,-1,-1] }
			},
			"children": [
				{
					"name": "Blackout",
					"from": [ 0.075, 0.6, 0.45 ],
					"to": [ 3.675, 3.6, 4.2 ],
					"autoUnwrap": false,
					"uv": [ 23.0, 9.0 ],
					"rotationOrigin": [ 0.075, 0.6, 0.45 ],
					"faces": {
						"north": { "texture": "#shouldertexture", "uv": [ 0.0, 0.0, 4.5, 4.0 ], "autoUv": false },
						"east": { "texture": "#shouldertexture", "uv": [ 1.0, 0.0, 5.0, 5.0 ], "rotation": 90, "autoUv": false, "windMode": [-1,-1,-1,-1], "windData": [1,1,1,1] },
						"south": { "texture": "#shouldertexture", "uv": [ 0.0, 1.0, 4.5, 5.0 ], "autoUv": false, "windMode": [-1,-1,-1,-1], "windData": [1,1,1,1] },
						"west": { "texture": "#shouldertexture", "uv": [ 0.5, 0.0, 4.5, 5.0 ], "rotation": 90, "autoUv": false, "windMode": [-1,-1,-1,-1], "windData": [1,1,1,1] },
						"up": { "texture": "#shouldertexture", "uv": [ 0.0, 0.0, 4.5, 5.0 ], "autoUv": false },
						"down": { "texture": "#shouldertexture", "uv": [ 0.5, 0.0, 5.0, 5.0 ], "autoUv": false }
					}
				},
				{
					"name": "buttons1",
					"from": [ -0.0037, -0.0037, 2.1675 ],
					"to": [ 0.7463, 3.8063, 2.5425 ],
					"unwrapMode": 4,
					"uv": [ 27.0, 5.5 ],
					"rotationOrigin": [ 0.0, 0.0, 2.1675 ],
					"faces": {
						"west": { "texture": "#shouldertexture", "uv": [ 27.0, 5.5, 27.5, 10.5 ], "autoUv": false },
						"down": { "texture": "#shouldertexture", "uv": [ 27.0, 10.5, 27.5, 11.5 ], "rotation": 90, "autoUv": false, "windMode": [-1,-1,-1,-1], "windData": [1,1,1,1] }
					}
				}
			]
		},
		{
			"name": "LowerTorsoORIGIN",
			"stepParentName": "LowerTorso",
			"from": [ -0.03, -0.03, -0.03 ],
			"to": [ 3.78, 3.78, 4.53 ],
			"unwrapMode": 4,
			"autoUnwrap": false,
			"uv": [ 9.0, 10.0 ],
			"rotationOrigin": [ 2.25, 2.25, 2.25 ],
			"faces": {
				"north": { "texture": "#shouldertexture", "uv": [ 1.0, 10.5, 6.0, 15.5 ], "autoUv": false },
				"east": { "texture": "#shouldertexture", "uv": [ 17.0, 10.5, 23.0, 15.5 ], "autoUv": false },
				"south": { "texture": "#shouldertexture", "uv": [ 12.0, 10.5, 17.0, 15.5 ], "autoUv": false },
				"west": { "texture": "#shouldertexture", "uv": [ 6.0, 10.5, 12.0, 15.5 ], "autoUv": false },
				"up": { "texture": "#shouldertexture", "uv": [ 19.0, 41.0, 25.0, 46.0 ], "rotation": 270, "autoUv": false, "windMode": [-1,-1,-1,-1], "windData": [1,1,1,1] },
				"down": { "texture": "#shouldertexture", "uv": [ 0.0, 41.0, 6.0, 46.0 ], "rotation": 90, "autoUv": false, "windMode": [-1,-1,-1,-1] }
			},
			"children": [
				{
					"name": "shouldertextureFrontTile",
					"from": [ 0.0, -4.56, 0.0 ],
					"to": [ 0.81, 0.0, 4.56 ],
					"autoUnwrap": false,
					"uv": [ 4.5, 38.85 ],
					"rotationOrigin": [ 0.0, 0.0, 2.25 ],
					"rotationZ": -3.5,
					"faces": {
						"north": { "texture": "#shouldertexture", "uv": [ 5.0, 15.5, 6.0, 21.5 ], "autoUv": false, "windMode": [-1,-1,-1,-1] },
						"south": { "texture": "#shouldertexture", "uv": [ 12.0, 15.5, 13.0, 21.5 ], "autoUv": false, "windMode": [-1,-1,-1,-1] },
						"west": { "texture": "#shouldertexture", "uv": [ 6.0, 15.5, 12.0, 21.5 ], "autoUv": false, "windMode": [-1,-1,-1,-1] },
						"down": { "texture": "#shouldertexture", "uv": [ 6.0, 20.5, 12.0, 21.5 ], "rotation": 90, "autoUv": false, "windMode": [-1,-1,-1,-1] }
					}
				},
				{
					"name": "shouldertextureBackTile",
					"from": [ 3.0, -4.56, 0.0 ],
					"to": [ 3.81, 0.0, 4.605 ],
					"unwrapMode": 2,
					"autoUnwrap": false,
					"uv": [ 24.0, 14.0 ],
					"rotationOrigin": [ 3.81, 0.0, 2.25 ],
					"rotationZ": -5.0,
					"faces": {
						"north": { "texture": "#shouldertexture", "uv": [ 1.0, 15.5, 2.0, 21.5 ], "autoUv": false, "windMode": [-1,-1,-1,-1] },
						"east": { "texture": "#shouldertexture", "uv": [ 17.0, 15.5, 23.0, 21.5 ], "autoUv": false, "windMode": [-1,-1,-1,-1] },
						"south": { "texture": "#shouldertexture", "uv": [ 16.0, 15.5, 17.0, 21.5 ], "autoUv": false, "windMode": [-1,-1,-1,-1] },
						"down": { "texture": "#shouldertexture", "uv": [ 17.0, 20.5, 23.0, 21.5 ], "rotation": 90, "autoUv": false, "windMode": [-1,-1,-1,-1] }
					}
				},
				{
					"name": "buttons2",
					"from": [ -0.0037, 0.0, 2.0925 ],
					"to": [ 0.7463, 3.75, 2.4675 ],
					"unwrapMode": 4,
					"uv": [ 27.0, 10.0 ],
					"rotationOrigin": [ 0.0, 0.0, 2.0925 ],
					"faces": {
						"west": { "texture": "#shouldertexture", "uv": [ 27.0, 10.0, 27.5, 15.0 ], "autoUv": false }
					}
				}
			]
		},
		{
			"name": "UpperFootLORIGIN",
			"stepParentName": "UpperFootL",
			"from": [ -0.03, -0.03, -0.03 ],
			"to": [ 3.18, 6.78, 2.43 ],
			"unwrapMode": 3,
			"autoUnwrap": false,
			"uv": [ 15.0, 19.62 ],
			"rotationOrigin": [ 1.5, 6.75, 2.4 ],
			"faces": {
				"east": { "texture": "#shouldertexture", "uv": [ 20.0, 22.0, 23.0, 31.0 ], "autoUv": false, "windMode": [-1,-1,-1,-1] },
				"south": { "texture": "#shouldertexture", "uv": [ 16.0, 22.0, 20.0, 31.0 ], "autoUv": false, "windMode": [-1,-1,-1,-1] },
				"west": { "texture": "#shouldertexture", "uv": [ 13.0, 22.0, 16.0, 31.0 ], "autoUv": false },
				"up": { "texture": "#shouldertexture", "uv": [ 12.5, 11.5, 16.5, 14.5 ], "autoUv": false, "windMode": [-1,-1,-1,-1], "windData": [1,1,1,1] },
				"down": { "texture": "#shouldertexture", "uv": [ 24.5, 27.0, 27.5, 31.0 ], "rotation": 90, "autoUv": false, "windMode": [-1,-1,-1,-1] }
			}
		},
		{
			"name": "UpperFootRORIGIN",
			"stepParentName": "UpperFootR",
			"from": [ -0.03, -0.03, -0.03 ],
			"to": [ 3.18, 6.78, 2.43 ],
			"unwrapMode": 1,
			"autoUnwrap": false,
			"uv": [ 1.0, 19.62 ],
			"rotationOrigin": [ 1.5, 6.75, 0.0 ],
			"faces": {
				"north": { "texture": "#shouldertexture", "uv": [ 4.0, 22.0, 8.0, 31.0 ], "autoUv": false, "windMode": [-1,-1,-1,-1], "windData": [0,1,1,0] },
				"east": { "texture": "#shouldertexture", "uv": [ 1.0, 22.0, 4.0, 31.0 ], "autoUv": false, "windMode": [-1,-1,-1,-1] },
				"west": { "texture": "#shouldertexture", "uv": [ 8.0, 22.0, 11.0, 31.0 ], "autoUv": false, "windMode": [-1,-1,-1,-1] },
				"up": { "texture": "#shouldertexture", "uv": [ 1.5, 11.5, 5.5, 14.5 ], "rotation": 180, "autoUv": false, "windMode": [-1,-1,-1,-1], "windData": [1,1,1,1] },
				"down": { "texture": "#shouldertexture", "uv": [ 24.5, 22.0, 27.5, 26.0 ], "rotation": 90, "autoUv": false, "windMode": [-1,-1,-1,-1] }
			}
		},
		{
			"name": "UpperArmRORIGIN",
			"stepParentName": "UpperArmR",
			"from": [ -0.03, -0.03, -0.03 ],
			"to": [ 2.28, 5.28, 1.53 ],
			"unwrapMode": 1,
			"autoUnwrap": false,
			"uv": [ 8.0, 21.0 ],
			"rotationOrigin": [ 1.125, 5.25, 0.75 ],
			"faces": {
				"north": { "texture": "#shouldertexture", "uv": [ 4.0, 46.5, 7.0, 53.5 ], "autoUv": false },
				"east": { "texture": "#shouldertexture", "uv": [ 2.0, 46.5, 4.0, 53.5 ], "autoUv": false },
				"south": { "texture": "#shouldertexture", "uv": [ 9.0, 46.5, 12.0, 53.5 ], "autoUv": false },
				"west": { "texture": "#shouldertexture", "uv": [ 7.0, 46.5, 9.0, 53.5 ], "autoUv": false },
				"up": { "texture": "#shouldertexture", "uv": [ 7.0, 43.5, 9.0, 46.5 ], "rotation": 90, "autoUv": false, "windMode": [-1,-1,-1,-1] },
				"down": { "texture": "#shouldertexture", "uv": [ 10.0, 43.0, 12.0, 46.0 ], "rotation": 90, "autoUv": false, "windMode": [-1,-1,-1,-1] }
			}
		},
		{
			"name": "UpperArmLORIGIN",
			"stepParentName": "UpperArmL",
			"from": [ -0.03, -0.03, -0.03 ],
			"to": [ 2.28, 5.28, 1.53 ],
			"unwrapMode": 3,
			"autoUnwrap": false,
			"uv": [ 0.0, 13.0 ],
			"rotationOrigin": [ 1.125, 5.175, 0.75 ],
			"faces": {
				"north": { "texture": "#shouldertexture", "uv": [ 13.0, 46.5, 16.0, 53.5 ], "autoUv": false },
				"east": { "texture": "#shouldertexture", "uv": [ 21.0, 46.5, 23.0, 53.5 ], "autoUv": false, "windMode": [-1,-1,-1,-1] },
				"south": { "texture": "#shouldertexture", "uv": [ 18.0, 46.5, 21.0, 53.5 ], "autoUv": false, "windMode": [-1,-1,-1,-1] },
				"west": { "texture": "#shouldertexture", "uv": [ 16.0, 46.5, 18.0, 53.5 ], "autoUv": false },
				"up": { "texture": "#shouldertexture", "uv": [ 16.0, 43.5, 18.0, 46.5 ], "rotation": 90, "autoUv": false, "windMode": [-1,-1,-1,-1] },
				"down": { "texture": "#shouldertexture", "uv": [ 13.0, 43.0, 15.0, 46.0 ], "rotation": 90, "autoUv": false, "windMode": [-1,-1,-1,-1] }
			}
		},
		{
			"name": "LowerFootLORIGIN",
			"stepParentName": "LowerFootL",
			"from": [ -0.03, 0.375, -0.03 ],
			"to": [ 3.03, 7.53, 2.28 ],
			"unwrapMode": 4,
			"autoUnwrap": false,
			"uv": [ 13.0, 27.0 ],
			"rotationOrigin": [ 1.5, 7.125, 1.125 ],
			"faces": {
				"east": { "texture": "#shouldertexture", "uv": [ 20.0, 31.0, 23.0, 40.5 ], "autoUv": false },
				"south": { "texture": "#shouldertexture", "uv": [ 16.0, 31.0, 20.0, 40.5 ], "autoUv": false },
				"west": { "texture": "#shouldertexture", "uv": [ 13.0, 31.0, 16.0, 40.5 ], "autoUv": false },
				"up": { "texture": "#shouldertexture", "uv": [ 23.5, 36.5, 26.5, 40.5 ], "rotation": 90, "autoUv": false, "windMode": [-1,-1,-1,-1] }
			}
		},
		{
			"name": "LowerFootRORIGIN",
			"stepParentName": "LowerFootR",
			"from": [ -0.03, 0.375, -0.03 ],
			"to": [ 3.03, 7.53, 2.28 ],
			"unwrapMode": 4,
			"autoUnwrap": false,
			"uv": [ 1.0, 27.0 ],
			"rotationOrigin": [ 1.5, 7.5, 1.125 ],
			"faces": {
				"north": { "texture": "#shouldertexture", "uv": [ 4.0, 31.0, 8.0, 40.5 ], "autoUv": false },
				"east": { "texture": "#shouldertexture", "uv": [ 1.0, 31.0, 4.0, 40.5 ], "autoUv": false },
				"west": { "texture": "#shouldertexture", "uv": [ 8.0, 31.0, 11.0, 40.5 ], "autoUv": false },
				"up": { "texture": "#shouldertexture", "uv": [ 23.5, 31.0, 26.5, 35.0 ], "rotation": 90, "autoUv": false, "windMode": [-1,-1,-1,-1] }
			}
		},
		{
			"name": "hidecollar",
			"stepParentName": "Neck",
			"from": [ -0.03, 0.375, -0.03 ],
			"to": [ 2.28, 1.875, 2.28 ],
			"unwrapMode": 4,
			"uv": [ 13.0, 2.5 ],
			"rotationOrigin": [ 0.0, 0.375, 0.0 ],
			"faces": {
				"north": { "texture": "#shouldertexture", "uv": [ 13.0, 2.5, 16.0, 4.5 ], "autoUv": false },
				"east": { "texture": "#shouldertexture", "uv": [ 22.0, 2.5, 25.0, 4.5 ], "autoUv": false },
				"south": { "texture": "#shouldertexture", "uv": [ 19.0, 2.5, 22.0, 4.5 ], "autoUv": false },
				"west": { "texture": "#shouldertexture", "uv": [ 16.0, 2.5, 19.0, 4.5 ], "autoUv": false }
			}
		}
	],
	"animations": [
		{
			"name": "SneakWalk",
			"code": "sneakwalk",
			"quantityframes": 40,
			"onActivityStopped": "Rewind",
			"onAnimationEnd": "Repeat",
			"keyframes": [
				{
					"frame": 0,
					"elements": {
						"shouldertextureBackTile": { "rotationX": 1.0, "rotationY": 0.0, "rotationZ": -32.0 },
						"shouldertextureFrontTile": { "rotationX": 0.0, "rotationY": 0.0, "rotationZ": -32.0 }
					}
				},
				{
					"frame": 20,
					"elements": {
						"shouldertextureBackTile": { "rotationX": 1.0, "rotationY": 0.0, "rotationZ": -27.0 },
						"shouldertextureFrontTile": { "rotationX": 0.0, "rotationY": 0.0, "rotationZ": -27.0 }
					}
				},

			]
		},

		{
			"name": "SneakIdle",
			"code": "sneakidle",
			"quantityframes": 35,
			"onActivityStopped": "Rewind",
			"onAnimationEnd": "Repeat",
			"keyframes": [
				{
					"frame": 0,
					"elements": {
						"shouldertextureBackTile": { "rotationX": 0.1, "rotationY": 0.0, "rotationZ": -24.0 },
						"shouldertextureFrontTile": { "rotationX": 0.1, "rotationY": 0.0, "rotationZ": -24.0 }
					}
				}
			]
		}
	]
}