{
	code: "trophyhouse",
	behaviors: [{name: "HorizontalOrientable", properties: { dropBlockFace: "west" }},
	{ name: "RightClickPickup" } 
	],
	faceCullMode: "nevercull",
	drawtype: "json",
	lightAbsorption: 0,
	maxstacksize: 1,
	shapebytype: {
		"trophyhouse-*-west": { base: "trophies:block/house_trophy", rotateY: 90 },
		"trophyhouse-*-east": { base: "trophies:block/house_trophy", rotateY: 270 },
		"trophyhouse-*-south": { base: "trophies:block/house_trophy", rotateY: 180 },
		"trophyhouse-*-north": { base: "trophies:block/house_trophy", rotateY: 0 }
	},
	attributes: {
		displaycaseable: true, 
		shelvable: true,
		onDisplayTransform: {
			translation: { x: 0.05, y: 0, z: 0 },
			rotation: { x: 0, y: -45, z: 0 },
			origin: { x: 0.5, y: 0, z: 0.5 },
			scale: 0.65
		}
	},
	variantgroups: [
		{ code: "metal", states: ["copper", "tinbronze", "bismuthbronze", "blackbronze", "gold", "silver", "iron", "meteoriciron", "steel"] },
		{ code: "side",
		loadFromProperties: "abstract/horizontalorientation"
    }
	],
	creativeinventory: { "general": ["*-west"], "items": ["*-west"] },
	texturesByType: {
		"*": {
			"metal": { base: "game:block/metal/ingot/{metal}" },
			"base": { base: "game:block/wood/debarked/aged" }
		}
	},
	selectionbox: { 
		x1: 0.25, y1: 0, z1: 0.25, x2: 0.75, y2: 0.7, z2: 0.75,
		rotateYByType: {
			"*-west": 90,
			"*-south": 180,
			"*-east": 270,
			"*-north": 0
		}
	},
	collisionbox: { 
		x1: 0.25, y1: 0, z1: 0.25, x2: 0.75, y2: 0.7, z2: 0.75,
		rotateYByType: {
			"*-west": 90,
			"*-south": 180,
			"*-east": 270,
			"*-north": 0
		}
	},
	groundTransform: {
		translation: { x: 0, y: 0.25, z: 0 },
		rotation: { x: 0, y: 0, z: 0 },
		origin: { x: 0.5, y: 0.31, z: 0.5299 },
		scale: 4
	},
	tpHandTransform: {
		translation: { x: -1, y: -0.7, z: -0.4 },
		rotation: { x: -2, y: 25, z: -78 },
		scale: 0.7
	},
	guiTransform: {
		scale: 1.5
	},
	sidesolid: {
		all: false
	},
	sideopaque: {
		all: false
	},
	heldTpIdleAnimation: "holdbothhandslarge", heldRightReadyAnimation: "heldblockready", heldTpUseAnimation: "twohandplaceblock",
	sounds: {
		"place": "game:block/anvil",
		"break": "game:block/anvil",
		"hit": "game:block/anvil",
		"walk": "game:walk/stone*"
	}
}