[
	{
		"requiresTrait": "requiresmagictobeunlocked",
		"ingredientPattern": "X__,MSM,__D",
		"ingredients": {
			"M": {
				"type": "block",
				"code": "magecandle-ritual-*",
				"quantity": 1
			},
			"S": {
				"type": "item",
				"code": "attunementcore-*",
				"name": "typein",
				"allowedVariants": [ "light", "neutral", "dark" ],
				"quantity": 1
			},
			"X": {
				"type": "item",
				"code": "magicchalk-normal",
				"quantity": 1,
				"isTool": true
			},
			"D": {
				"type": "item",
				"code": "gridrecipedummy-transparent",
				"quantity": 1
			}
		},
		"width": 3,
		"height": 3,
		"output": {
			"type": "item",
			"code": "attunementcore-evocation",
			"quantity": 1
		}
	},
	{
		"requiresTrait": "requiresmagictobeunlocked",
		"ingredientPattern": "_X_,MSM,__D",
		"ingredients": {
			"M": {
				"type": "block",
				"code": "magecandle-ritual-*",
				"quantity": 1
			},
			"S": {
				"type": "item",
				"code": "attunementcore-*",
				"name": "typein",
				"allowedVariants": [ "light", "neutral", "dark" ],
				"quantity": 1
			},
			"X": {
				"type": "item",
				"code": "magicchalk-normal",
				"quantity": 1,
				"isTool": true
			},
			"D": {
				"type": "item",
				"code": "gridrecipedummy-transparent",
				"quantity": 1
			}
		},
		"width": 3,
		"height": 3,
		"output": {
			"type": "item",
			"code": "attunementcore-alteration",
			"quantity": 1
		}
	},
	{
		"requiresTrait": "requiresmagictobeunlocked",
		"ingredientPattern": "__X,MSM,__D",
		"ingredients": {
			"M": {
				"type": "block",
				"code": "magecandle-ritual-*",
				"quantity": 1
			},
			"S": {
				"type": "item",
				"code": "attunementcore-*",
				"name": "typein",
				"allowedVariants": [ "light", "neutral", "dark" ],
				"quantity": 1
			},
			"X": {
				"type": "item",
				"code": "magicchalk-normal",
				"quantity": 1,
				"isTool": true
			},
			"D": {
				"type": "item",
				"code": "gridrecipedummy-transparent",
				"quantity": 1
			}
		},
		"width": 3,
		"height": 3,
		"output": {
			"type": "item",
			"code": "attunementcore-incantation",
			"quantity": 1
		}
	},
	{
		"requiresTrait": "requiresmagictobeunlocked",
		"ingredientPattern": "___,MSM,X_D",
		"ingredients": {
			"M": {
				"type": "block",
				"code": "magecandle-ritual-*",
				"quantity": 1
			},
			"S": {
				"type": "item",
				"code": "attunementcore-*",
				"name": "typein",
				"allowedVariants": [ "light", "neutral", "dark" ],
				"quantity": 1
			},
			"X": {
				"type": "item",
				"code": "magicchalk-normal",
				"quantity": 1,
				"isTool": true
			},
			"D": {
				"type": "item",
				"code": "gridrecipedummy-transparent",
				"quantity": 1
			}
		},
		"width": 3,
		"height": 3,
		"output": {
			"type": "item",
			"code": "attunementcore-conjuration",
			"quantity": 1
		}
	}
]
