[
	{
		"requiresTrait": "requiresmagictobeunlocked",
		"ingredientPattern": "DZ_,ECE,ECE",
		"ingredients": {
			"Z": {
				"type": "item",
				"code": "toolresonator-*",
				"name": "type",
				"allowedVariants": [ "eldrathium" ],
				"isTool": true
			},
			"C": {
				"type": "item",
				"code": "crystallizedmemories",
				"quantity": 1
			},
			"E": {
				"type": "item",
				"code": "game:ingot-eldrathium",
				"quantity": 1
			},
			"D": {
				"type": "item",
				"code": "gridrecipedummy-transparent",
				"quantity": 1
			}
		},
		"width": 3,
		"height": 3,
		"output": {
			"type": "item",
			"code": "essencecore",
			"quantity": 1
		}
	}
]
