{
	code: "platform",
	"class": "BlockPlatform",
  "entityClass": "BEPlatform",
	creativeinventory: { "general": ["*"], "rr": ["*"]},
	shape: { base: "game:block/basic/cube" },
	"attributes": {
		"gauge":"narrow",
		"maxlength": 24,
		"clearanceX": 1,
		"clearanceY": 3
		

	},
	replaceable: 90,
	
	fertility: 0,
	textures: {
		
		all: { base: "railtexture" }
	},
	sounds: {
		walk: "walk/stone",
		byTool: {
			"Pickaxe": { hit: "block/rock-hit-pickaxe", break: "block/rock-break-pickaxe" }
		}
	},
	heldTpIdleAnimation: "holdbothhandslarge", heldRightReadyAnimation: "heldblockready", heldTpUseAnimation: "twohandplaceblock", 
	tpHandTransform: {
		translation: { x: -1.23, y: -0.91, z: -0.8 },
		rotation: { x: -2, y: 25, z: -78 },
		scale: 0.4
	}
}