{
	code: "rnrrails",
	class: "Block",
	
	attributes: {
		handbook: {
			groupBy: ["rnrrails-*"],
			exclude: true
		},
	},
	variantgroups: [
		{ code: "type", states: ["flat_simple","cart"] }
	],
	creativeinventory: {  "rr": [""] },
	shapeByType: {
		
		"*-cart": {base: "rustandrailroads2:rail_cart"},
		"*-flat_simple": {base: "rustandrailroads2:rail_flat_simple"},
		"*": { base: "rustandrailroads2:rail_flat_ns" }
	},
	blockmaterial: "Metal",
	
	sidesolid: {
		all: false
	},
	sideopaque: {
		all: false
	},
	resistance: 0.5,
	lightAbsorption: 0,
	collisionbox: null,
	selectionbox: { x1: 0, y1: 0, z1: 0, x2: 1, y2: 0.125, z2: 1 },
	sounds: {
		"place": "block/planks",
		"hit": "block/planks",
		"break": "block/planks",
		"walk": "walk/wood"
	},
	guiTransform: {
		translation: { x: 0, y: 2, z: 0 },
		origin: { x: 0.5, y: 0.0625, z: 0.5 },
		scale: 1.3
	},
	tpHandTransform: {
		translation: { x: -1.2, y: -0.4, z: -1.3 },
		rotation: { x: -68, y: 0, z: 0 },
		origin: { x: 0.5, y: 0.1, z: 0.5 },
		scale: 0.4
	},
	groundTransform: {
		origin: { x: 0.5, y: 0, z: 0.5 },
		scale: 2
	},
	fpHandTransform: {
		translation: { x: 0, y: 0.1, z: 0 },
		rotation: { x: 0, y: -50, z: 67 },
		origin: { x: 0.5, y: 0.13, z: 0.5 }
	}
}