{
	"code": "shamshirblade",
	"variantgroups": [ 
	{ "code": "metal", "states": ["iron","meteoriciron","steel","stainlesssteel","titanium","mithril","adamant","orichalcum","aithril"]}, 
	{ "code": "sharpness", "states": ["blunt","dull","sharp","honed"]}, ],
	"shape": { "base": "shapes/swords/shamshir" },
	"textures": { 
	"blackbronze": {"base": "game:block/metal/ingot/{metal}"},
	"brass": {"base": "game:block/transparent"},
	"handle": {"base": "game:block/transparent"},	
	},
	"creativeinventory": { "general": ["*"], "swordz": ["*"]},
	"guiTransform": {
		translation: { x: -10, y: 19, z: 0 },
		rotation: { x: 90, y: -40, z: 0 },
		origin: { x: 0.65, y: 0.1, z: 0.45 },
		scale: 1.33
	},
	"tpHandTransform": {
		translation: { x: 0.4, y: -0.39, z: -0.04 },
		rotation: { x: 90, y: 8, z: 8 },
		origin: { x: 0, y: 0, z: 0 },
		scale: 0.8
	},
	"groundTransform": {
		translation: { x: 0, y: -0.3, z: 0 },
		rotation: { x: 180, y: 0, z: 0 },
		origin: { x: 0.5, y: 0.5, z: 0.5299 },
		scale: 3.2
	}
}