{
    "variants": {
  
		
		
		"orc3-1": {
            "base": "entity/humanoid/orcthree",
            "weight": 1,
            "overrideTextures": {
                "orc-skin2": "entity/humanoid/common/skin/fantasy/skin1"
            }
        },
        "orc3-2": {
            "base": "entity/humanoid/orcthree",
            "weight": 1,
            "overrideTextures": {
                "orc-skin2": "entity/humanoid/common/skin/fantasy/skin2"
            }
        },
        "orc3-3": {
            "base": "entity/humanoid/orcthree",
            "weight": 1,
            "overrideTextures": {
                "orc-skin2": "entity/humanoid/common/skin/fantasy/skin3"
            }
        },
        "orc3-4": {
            "base": "entity/humanoid/orcthree",
            "weight": 1,
            "overrideTextures": {
                "orc-skin2": "entity/humanoid/common/skin/fantasy/skin4"
            }
        },
        "orc3-5": {
            "base": "entity/humanoid/orcthree",
            "weight": 1,
            "overrideTextures": {
                "orc-skin2": "entity/humanoid/common/skin/fantasy/skin5"
            }
        },
        "orc3-6": {
            "base": "entity/humanoid/orcthree",
            "weight": 1,
            "overrideTextures": {
                "orc-skin2": "entity/humanoid/common/skin/fantasy/skin6"
            }
        },
        "orc3-7": {
            "base": "entity/humanoid/orcthree",
            "weight": 1,
            "overrideTextures": {
                "orc-skin2": "entity/humanoid/common/skin/fantasy/skin7"
            }
        },
        "orc3-8": {
            "base": "entity/humanoid/orcthree",
            "weight": 1,
            "overrideTextures": {
                "orc-skin2": "entity/humanoid/common/skin/fantasy/skin8"
            }
        },
        "orc3-9": {
            "base": "entity/humanoid/orcthree",
            "weight": 1,
            "overrideTextures": {
                "orc-skin2": "entity/humanoid/common/skin/fantasy/skin9"
            }
        },
        "orc3-10": {
            "base": "entity/humanoid/orcthree",
            "weight": 1,
            "overrideTextures": {
                "orc-skin2": "entity/humanoid/common/skin/fantasy/skin10"
            }
        },
        "orc3-11": {
            "base": "entity/humanoid/orcthree",
            "weight": 1,
            "overrideTextures": {
                "orc-skin2": "entity/humanoid/common/skin/fantasy/skin11"
            }
        },
        "orc3-12": {
            "base": "entity/humanoid/orcthree",
            "weight": 1,
            "overrideTextures": {
                "orc-skin2": "entity/humanoid/common/skin/fantasy/skin12"
            }
        },
        "orc3-13": {
            "base": "entity/humanoid/orcthree",
            "weight": 1,
            "overrideTextures": {
                "orc-skin2": "entity/humanoid/common/skin/fantasy/skin13"
            }
        },
        "orc3-14": {
            "base": "entity/humanoid/orcthree",
            "weight": 1,
            "overrideTextures": {
                "orc-skin2": "entity/humanoid/common/skin/fantasy/skin14"
            }
        },
        "orc3-15": {
            "base": "entity/humanoid/orcthree",
            "weight": 1,
            "overrideTextures": {
                "orc-skin2": "entity/humanoid/common/skin/fantasy/skin15"
            }
        },
        "orc3-16": {
            "base": "entity/humanoid/orcthree",
            "weight": 1,
            "overrideTextures": {
                "orc-skin2": "entity/humanoid/common/skin/fantasy/skin16"
            }
        },
        "orc3-17": {
            "base": "entity/humanoid/orcthree",
            "weight": 1,
            "overrideTextures": {
                "orc-skin2": "entity/humanoid/common/skin/fantasy/skin17"
            }
        },
        "orc3-18": {
            "base": "entity/humanoid/orcthree",
            "weight": 1,
            "overrideTextures": {
                "orc-skin2": "entity/humanoid/common/skin/fantasy/skin18"
            }
        },
        "orc3-19": {
            "base": "entity/humanoid/orcthree",
            "weight": 1,
            "overrideTextures": {
                "orc-skin2": "entity/humanoid/common/skin/fantasy/skin19"
            }
        },
        "orc3-20": {
            "base": "entity/humanoid/orcthree",
            "weight": 1,
            "overrideTextures": {
                "orc-skin2": "entity/humanoid/common/skin/fantasy/skin20"
            }
        },
        "orc3-21": {
            "base": "entity/humanoid/orcthree",
            "weight": 1,
            "overrideTextures": {
                "orc-skin2": "entity/humanoid/common/skin/fantasy/skin21"
            }
        },
        "orc3-22": {
            "base": "entity/humanoid/orcthree",
            "weight": 1,
            "overrideTextures": {
                "orc-skin2": "entity/humanoid/common/skin/fantasy/skin22"
            }
        },
        "orc3-23": {
            "base": "entity/humanoid/orcthree",
            "weight": 1,
            "overrideTextures": {
                "orc-skin2": "entity/humanoid/common/skin/fantasy/skin23"
            }
        },
		
        
        
        
		
		
        "nothing-w10": {
            "base": null,
            "weight": 10
        },
        "nothing-w5": {
            "base": null,
            "weight": 5
        },
        "nothing": {
            "base": null,
            "weight": 1
        }
    },
    "Byslot": [
        
        
      {
            "code": "orc",
            "variants":[
                "orc3-1",
                "orc3-2",
                "orc3-3",
                "orc3-4",
                "orc3-5",
                "orc3-6",
                "orc3-7",
                "orc3-8",
                "orc3-9",
                "orc3-10",
                "orc3-11",
                "orc3-12",
                "orc3-13",
                "orc3-14",
                "orc3-15",
                "orc3-16",
                "orc3-17",
                "orc3-18",
                "orc3-19",
                "orc3-20",
                "orc3-21",
                "orc3-22",
                "orc3-23"
            ]
        },
       
        
        
        
        
        
        
        
       
        
        
        
        
        
        
        
    ]
}