[	
	{
		ingredientPattern: "B,S,L",
		ingredients: {
			"B": { type: "item", code: "gladiusblade-iron-*",name:"sharpness" },
			"S": { type: "item", code: "game:stick" },
			"L": { type: "item", code: "game:leather-normal-*" }
		},
		width: 1,
		height: 3,
		output: { type: "item", code: "gladius-iron-{sharpness}"}
	},

	{
		ingredientPattern: "BW",
		shapeless: "true",
		ingredients: {
			"B": { type: "item", code: "gladiusblade-iron-blunt"},
			"W": { type: "item", code: "whetstone-granite"},
		},
        copyAttributesFrom: "B",
		width: 2,
		height: 1,
		output: { type: "item", code: "gladiusblade-iron-dull"}
	},
	{
		ingredientPattern: "BW",
		shapeless: "true",
		ingredients: {
			"B": { type: "item", code: "gladiusblade-iron-dull"},
			"W": { type: "item", code: "whetstone-sandstone"},
		},
        copyAttributesFrom: "B",
		width: 2,
		height: 1,
		output: { type: "item", code: "gladiusblade-iron-sharp"}
	},
	{
		ingredientPattern: "BW",
		shapeless: "true",
		ingredients: {
			"B": { type: "item", code: "gladiusblade-iron-sharp"},
			"W": { type: "item", code: "whetstone-suevite"},
		},
        copyAttributesFrom: "B",
		width: 2,
		height: 1,
		output: { type: "item", code: "gladiusblade-iron-honed"}
	}
]