[	
	{
		ingredientPattern: "S__,_B_,__L",
		ingredients: {
			"S": { type: "item", code: "sabreblade-iron-*",name:"sharpness",allowedvariants:["blunt","dull","sharp","honed"]},
			"L": { type: "item", code: "game:leather-normal-plain",quantity:1},
			"B": { type: "item", code: "game:ingot-brass"}
		},
		width: 3,
		height: 3,
		output: { type: "item", code: "sabre-iron-{sharpness}", quantity: 1  }
	},
	{
		ingredientPattern: "S__,_B_,__L",
		ingredients: {
			"S": { type: "item", code: "sabreblade-meteoriciron-*",name:"sharpness",allowedvariants:["blunt","dull","sharp","honed"]},
			"L": { type: "item", code: "game:leather-normal-plain",quantity:1},
			"B": { type: "item", code: "game:ingot-brass"}
		},
		width: 3,
		height: 3,
		output: { type: "item", code: "sabre-meteoriciron-{sharpness}", quantity: 1  }
	},
	{
		ingredientPattern: "S__,_B_,__L",
		ingredients: {
			"S": { type: "item", code: "sabreblade-steel-*",name:"sharpness",allowedvariants:["blunt","dull","sharp","honed"]},
			"L": { type: "item", code: "game:leather-normal-plain",quantity:1},
			"B": { type: "item", code: "game:ingot-brass"}
		},
		width: 3,
		height: 3,
		output: { type: "item", code: "sabre-steel-{sharpness}", quantity: 1  }
	},





	{
		ingredientPattern: "BW",
		shapeless: "true",
		ingredients: {
			"B": { type: "item", code: "sabreblade-iron-blunt"},
			"W": { type: "item", code: "whetstone-granite"},
		},
        copyAttributesFrom: "B",
		width: 2,
		height: 1,
		output: { type: "item", code: "sabreblade-iron-dull"}
	},
	{
		ingredientPattern: "BW",
		shapeless: "true",
		ingredients: {
			"B": { type: "item", code: "sabreblade-iron-dull"},
			"W": { type: "item", code: "whetstone-sandstone"},
		},
        copyAttributesFrom: "B",
		width: 2,
		height: 1,
		output: { type: "item", code: "sabreblade-iron-sharp"}
	},
	{
		ingredientPattern: "BW",
		shapeless: "true",
		ingredients: {
			"B": { type: "item", code: "sabreblade-iron-sharp"},
			"W": { type: "item", code: "whetstone-suevite"},
		},
        copyAttributesFrom: "B",
		width: 2,
		height: 1,
		output: { type: "item", code: "sabreblade-iron-honed"}
	},



	{
		ingredientPattern: "BW",
		shapeless: "true",
		ingredients: {
			"B": { type: "item", code: "sabreblade-meteoriciron-blunt"},
			"W": { type: "item", code: "whetstone-granite"},
		},
        copyAttributesFrom: "B",
		width: 2,
		height: 1,
		output: { type: "item", code: "sabreblade-meteoriciron-dull"}
	},
	{
		ingredientPattern: "BW",
		shapeless: "true",
		ingredients: {
			"B": { type: "item", code: "sabreblade-meteoriciron-dull"},
			"W": { type: "item", code: "whetstone-sandstone"},
		},
        copyAttributesFrom: "B",
		width: 2,
		height: 1,
		output: { type: "item", code: "sabreblade-meteoriciron-sharp"}
	},
	{
		ingredientPattern: "BW",
		shapeless: "true",
		ingredients: {
			"B": { type: "item", code: "sabreblade-meteoriciron-sharp"},
			"W": { type: "item", code: "whetstone-suevite"},
		},
        copyAttributesFrom: "B",
		width: 2,
		height: 1,
		output: { type: "item", code: "sabreblade-meteoriciron-honed"}
	},	



	{
		ingredientPattern: "BW",
		shapeless: "true",
		ingredients: {
			"B": { type: "item", code: "sabreblade-steel-blunt"},
			"W": { type: "item", code: "whetstone-granite"},
		},
        copyAttributesFrom: "B",
		width: 2,
		height: 1,
		output: { type: "item", code: "sabreblade-steel-dull"}
	},
	{
		ingredientPattern: "BW",
		shapeless: "true",
		ingredients: {
			"B": { type: "item", code: "sabreblade-steel-dull"},
			"W": { type: "item", code: "whetstone-sandstone"},
		},
        copyAttributesFrom: "B",
		width: 2,
		height: 1,
		output: { type: "item", code: "sabreblade-steel-sharp"}
	},
	{
		ingredientPattern: "BW",
		shapeless: "true",
		ingredients: {
			"B": { type: "item", code: "sabreblade-steel-sharp"},
			"W": { type: "item", code: "whetstone-suevite"},
		},
        copyAttributesFrom: "B",
		width: 2,
		height: 1,
		output: { type: "item", code: "sabreblade-steel-honed"}
	},	
]