{
	"editor": {
		"collapsedPaths": "Root/root/LowerTorso/UpperFootL,Root/root/LowerTorso/UpperFootR,Root/root/LowerTorso/UpperTorso/UpperArmR,Root/MainBulk,Root/EarBaseRight,Root/root/LowerTorso/UpperTorso/UpperArmL,Root/EarBaseLeft",
		"allAngles": true,
		"entityTextureMode": true
	},
	"textureWidth": 64,
	"textureHeight": 64,
	"textureSizes": {
		"baseears": [56,40]
	},
	"textures": {
		"baseears": "beastsofmen:racials/canine/baseears"
	},
	"elements": [
		{
			"name": "EarBaseRight",
			"stepParentName": "EarAttachRight",
			"from": [ 0.0, 0.0, 0.0 ],
			"to": [ 2.0, 3.0, 2.7 ],
			"uv": [ 0.0, 27.0 ],
			"rotationOrigin": [ 0.0, 0.0, 0.0 ],
			"rotationX": -19.9888,
			"rotationY": -0.6839,
			"rotationZ": 1.8795,
			"faces": {
				"north": { "texture": "#baseears", "uv": [ 0.0, 29.5, 2.0, 32.5 ] },
				"east": { "texture": "#baseears", "uv": [ 2.0, 29.5, 4.5, 32.5 ] },
				"south": { "texture": "#baseears", "uv": [ 4.5, 29.5, 6.5, 32.5 ] },
				"west": { "texture": "#baseears", "uv": [ 6.5, 29.5, 9.0, 32.5 ] },
				"up": { "texture": "#baseears", "uv": [ 0.0, 27.0, 2.0, 29.5 ] },
				"down": { "texture": "#baseears", "uv": [ 2.0, 27.0, 4.0, 29.5 ] }
			},
			"children": [
				{
					"name": "EarMid",
					"from": [ 0.0, 3.0, 0.5 ],
					"to": [ 1.5, 4.0, 2.2 ],
					"uv": [ 0.0, 24.3 ],
					"rotationOrigin": [ 0.0, 3.0, 0.5 ],
					"faces": {
						"north": { "texture": "#baseears", "uv": [ 0.0, 26.0, 1.5, 27.0 ] },
						"east": { "texture": "#baseears", "uv": [ 1.5, 26.0, 3.0, 27.0 ] },
						"south": { "texture": "#baseears", "uv": [ 3.0, 26.0, 4.5, 27.0 ] },
						"west": { "texture": "#baseears", "uv": [ 4.5, 26.0, 6.0, 27.0 ] },
						"up": { "texture": "#baseears", "uv": [ 0.0, 24.5, 1.5, 26.0 ] },
						"down": { "texture": "#baseears", "uv": [ 1.5, 24.5, 3.0, 26.0 ] }
					},
					"children": [
						{
							"name": "EarTip",
							"from": [ 0.0, 1.0, 0.2 ],
							"to": [ 1.0, 1.5, 1.5 ],
							"uv": [ 0.0, 22.3 ],
							"rotationOrigin": [ 0.0, 1.0, 0.2 ],
							"faces": {
								"north": { "texture": "#baseears", "uv": [ 0.0, 23.5, 1.0, 24.0 ] },
								"east": { "texture": "#baseears", "uv": [ 1.0, 23.5, 2.0, 24.0 ] },
								"south": { "texture": "#baseears", "uv": [ 2.0, 23.5, 3.0, 24.0 ] },
								"west": { "texture": "#baseears", "uv": [ 3.0, 23.5, 4.0, 24.0 ] },
								"up": { "texture": "#baseears", "uv": [ 0.0, 22.5, 1.0, 23.5 ] },
								"down": { "texture": "#baseears", "uv": [ 1.0, 22.5, 2.0, 23.5 ] }
							}
						},
						{
							"name": "EarCupMid",
							"from": [ 0.0, 0.0, 0.57 ],
							"to": [ 1.0, 1.0, 1.13 ],
							"uv": [ 3.0, 18.0 ],
							"rotationOrigin": [ 0.0, 0.0, 0.5 ],
							"faces": {
								"north": { "texture": "#baseears", "uv": [ 3.0, 18.5, 4.0, 19.5 ] },
								"east": { "texture": "#baseears", "uv": [ 4.0, 18.5, 4.5, 19.5 ] },
								"south": { "texture": "#baseears", "uv": [ 4.5, 18.5, 5.5, 19.5 ] },
								"west": { "texture": "#baseears", "uv": [ 5.5, 18.5, 6.0, 19.5 ] },
								"up": { "texture": "#baseears", "uv": [ 3.0, 18.0, 4.0, 18.5 ] },
								"down": { "texture": "#baseears", "uv": [ 4.0, 18.0, 5.0, 18.5 ] }
							}
						}
					]
				},
				{
					"name": "EarBaseCup",
					"from": [ 0.0, 0.0, 0.5 ],
					"to": [ 1.5, 3.0, 2.2 ],
					"uv": [ 0.0, 18.0 ],
					"rotationOrigin": [ 0.0, 0.0, 0.5 ],
					"faces": {
						"north": { "texture": "#baseears", "uv": [ 0.0, 19.5, 1.5, 22.5 ] },
						"east": { "texture": "#baseears", "uv": [ 1.5, 19.5, 3.0, 22.5 ] },
						"south": { "texture": "#baseears", "uv": [ 3.0, 19.5, 4.5, 22.5 ] },
						"west": { "texture": "#baseears", "uv": [ 4.5, 19.5, 6.0, 22.5 ] },
						"up": { "texture": "#baseears", "uv": [ 0.0, 18.0, 1.5, 19.5 ] },
						"down": { "texture": "#baseears", "uv": [ 1.5, 18.0, 3.0, 19.5 ] }
					}
				},
				{
					"name": "FurTuft",
					"from": [ 0.3, 0.5, 0.5 ],
					"to": [ 1.3, 2.5, 2.2 ],
					"autoUnwrap": false,
					"uv": [ 0.0, 14.5 ],
					"rotationOrigin": [ 0.3, 0.5, 0.5 ],
					"rotationZ": 14.0,
					"faces": {
						"north": { "texture": "#baseears", "uv": [ 0.5, 0.0, 1.5, 2.0 ] },
						"east": { "texture": "#baseears", "uv": [ 0.5, 0.0, 2.0, 2.0 ] },
						"south": { "texture": "#baseears", "uv": [ 1.0, 0.5, 2.0, 2.5 ] },
						"west": { "texture": "#baseears", "uv": [ 0.0, 15.0, 3.0, 18.0 ], "autoUv": false, "windMode": [-1,-1,-1,-1], "windData": [1,1,1,1] },
						"up": { "texture": "#baseears", "uv": [ 1.0, 1.0, 2.0, 2.5 ] },
						"down": { "texture": "#baseears", "uv": [ 1.0, 0.0, 2.0, 1.5 ] }
					}
				},
				{
					"name": "FurTuft2",
					"from": [ 0.6, 0.7, 0.5 ],
					"to": [ 1.6, 3.0, 2.2 ],
					"autoUnwrap": false,
					"uv": [ 0.0, 14.5 ],
					"rotationOrigin": [ 0.6, 0.7, 0.5 ],
					"faces": {
						"north": { "texture": "#baseears", "uv": [ 0.5, 0.0, 1.5, 2.0 ] },
						"east": { "texture": "#baseears", "uv": [ 0.5, 0.0, 2.0, 2.0 ] },
						"south": { "texture": "#baseears", "uv": [ 1.0, 0.5, 2.0, 2.5 ] },
						"west": { "texture": "#baseears", "uv": [ 0.0, 11.0, 4.5, 15.0 ], "autoUv": false, "windMode": [-1,-1,-1,-1], "windData": [1,1,1,1] },
						"up": { "texture": "#baseears", "uv": [ 1.0, 1.0, 2.0, 2.5 ] },
						"down": { "texture": "#baseears", "uv": [ 1.0, 0.0, 2.0, 1.5 ] }
					}
				}
			]
		},
		{
			"name": "EarBaseLeft",
			"stepParentName": "EarAttachLeft",
			"from": [ 0.0, 0.0, 0.0 ],
			"to": [ 2.0, 3.0, 2.7 ],
			"uv": [ 0.0, 27.0 ],
			"faces": {
				"north": { "texture": "#baseears", "uv": [ 0.0, 29.5, 2.0, 32.5 ] },
				"east": { "texture": "#baseears", "uv": [ 2.0, 29.5, 4.5, 32.5 ] },
				"south": { "texture": "#baseears", "uv": [ 4.5, 29.5, 6.5, 32.5 ] },
				"west": { "texture": "#baseears", "uv": [ 6.5, 29.5, 9.0, 32.5 ] },
				"up": { "texture": "#baseears", "uv": [ 0.0, 27.0, 2.0, 29.5 ] },
				"down": { "texture": "#baseears", "uv": [ 2.0, 27.0, 4.0, 29.5 ] }
			},
			"children": [
				{
					"name": "EarMid2",
					"from": [ 0.0, 3.0, 0.5 ],
					"to": [ 1.5, 4.0, 2.2 ],
					"uv": [ 0.0, 24.3 ],
					"rotationOrigin": [ 0.0, 3.0, 0.5 ],
					"faces": {
						"north": { "texture": "#baseears", "uv": [ 0.0, 26.0, 1.5, 27.0 ] },
						"east": { "texture": "#baseears", "uv": [ 1.5, 26.0, 3.0, 27.0 ] },
						"south": { "texture": "#baseears", "uv": [ 3.0, 26.0, 4.5, 27.0 ] },
						"west": { "texture": "#baseears", "uv": [ 4.5, 26.0, 6.0, 27.0 ] },
						"up": { "texture": "#baseears", "uv": [ 0.0, 24.5, 1.5, 26.0 ] },
						"down": { "texture": "#baseears", "uv": [ 1.5, 24.5, 3.0, 26.0 ] }
					},
					"children": [
						{
							"name": "EarTip2",
							"from": [ 0.0, 1.0, 0.2 ],
							"to": [ 1.0, 1.5, 1.5 ],
							"uv": [ 0.0, 22.3 ],
							"rotationOrigin": [ 0.0, 1.0, 0.2 ],
							"faces": {
								"north": { "texture": "#baseears", "uv": [ 0.0, 23.5, 1.0, 24.0 ] },
								"east": { "texture": "#baseears", "uv": [ 1.0, 23.5, 2.0, 24.0 ] },
								"south": { "texture": "#baseears", "uv": [ 2.0, 23.5, 3.0, 24.0 ] },
								"west": { "texture": "#baseears", "uv": [ 3.0, 23.5, 4.0, 24.0 ] },
								"up": { "texture": "#baseears", "uv": [ 0.0, 22.5, 1.0, 23.5 ] },
								"down": { "texture": "#baseears", "uv": [ 1.0, 22.5, 2.0, 23.5 ] }
							}
						},
						{
							"name": "EarCupMid2",
							"from": [ 0.0, 0.0, 0.57 ],
							"to": [ 1.0, 1.0, 1.13 ],
							"uv": [ 3.0, 18.0 ],
							"rotationOrigin": [ 0.0, 0.0, 0.5 ],
							"faces": {
								"north": { "texture": "#baseears", "uv": [ 3.0, 18.5, 4.0, 19.5 ] },
								"east": { "texture": "#baseears", "uv": [ 4.0, 18.5, 4.5, 19.5 ] },
								"south": { "texture": "#baseears", "uv": [ 4.5, 18.5, 5.5, 19.5 ] },
								"west": { "texture": "#baseears", "uv": [ 5.5, 18.5, 6.0, 19.5 ] },
								"up": { "texture": "#baseears", "uv": [ 3.0, 18.0, 4.0, 18.5 ] },
								"down": { "texture": "#baseears", "uv": [ 4.0, 18.0, 5.0, 18.5 ] }
							}
						}
					]
				},
				{
					"name": "EarBaseCup2",
					"from": [ 0.0, 0.0, 0.5 ],
					"to": [ 1.5, 3.0, 2.2 ],
					"uv": [ 0.0, 18.0 ],
					"rotationOrigin": [ 0.0, 0.0, 0.5 ],
					"faces": {
						"north": { "texture": "#baseears", "uv": [ 0.0, 19.5, 1.5, 22.5 ] },
						"east": { "texture": "#baseears", "uv": [ 1.5, 19.5, 3.0, 22.5 ] },
						"south": { "texture": "#baseears", "uv": [ 3.0, 19.5, 4.5, 22.5 ] },
						"west": { "texture": "#baseears", "uv": [ 4.5, 19.5, 6.0, 22.5 ] },
						"up": { "texture": "#baseears", "uv": [ 0.0, 18.0, 1.5, 19.5 ] },
						"down": { "texture": "#baseears", "uv": [ 1.5, 18.0, 3.0, 19.5 ] }
					}
				},
				{
					"name": "FurTuft3",
					"from": [ 0.3, 0.5, 0.5 ],
					"to": [ 1.3, 2.5, 2.2 ],
					"autoUnwrap": false,
					"uv": [ 0.0, 14.5 ],
					"rotationOrigin": [ 0.3, 0.5, 0.5 ],
					"rotationZ": 14.0,
					"faces": {
						"north": { "texture": "#baseears", "uv": [ 0.5, 0.0, 1.5, 2.0 ] },
						"east": { "texture": "#baseears", "uv": [ 0.5, 0.0, 2.0, 2.0 ] },
						"south": { "texture": "#baseears", "uv": [ 1.0, 0.5, 2.0, 2.5 ] },
						"west": { "texture": "#baseears", "uv": [ 0.0, 15.0, 3.0, 18.0 ], "autoUv": false, "windMode": [-1,-1,-1,-1], "windData": [1,1,1,1] },
						"up": { "texture": "#baseears", "uv": [ 1.0, 1.0, 2.0, 2.5 ] },
						"down": { "texture": "#baseears", "uv": [ 1.0, 0.0, 2.0, 1.5 ] }
					}
				},
				{
					"name": "FurTuft4",
					"from": [ 0.6, 0.7, 0.5 ],
					"to": [ 1.6, 3.0, 2.2 ],
					"autoUnwrap": false,
					"uv": [ 0.0, 14.5 ],
					"rotationOrigin": [ 0.6, 0.7, 0.5 ],
					"faces": {
						"north": { "texture": "#baseears", "uv": [ 0.5, 0.0, 1.5, 2.0 ] },
						"east": { "texture": "#baseears", "uv": [ 0.5, 0.0, 2.0, 2.0 ] },
						"south": { "texture": "#baseears", "uv": [ 1.0, 0.5, 2.0, 2.5 ] },
						"west": { "texture": "#baseears", "uv": [ 0.0, 11.0, 4.5, 15.0 ], "autoUv": false, "windMode": [-1,-1,-1,-1], "windData": [1,1,1,1] },
						"up": { "texture": "#baseears", "uv": [ 1.0, 1.0, 2.0, 2.5 ] },
						"down": { "texture": "#baseears", "uv": [ 1.0, 0.0, 2.0, 1.5 ] }
					}
				}
			]
		},
		{
			"name": "MainBulk",
			"stepParentName": "MainFlex",
			"from": [ -0.7, -2.6, -2.0 ],
			"to": [ 8.3, 3.0, 3.2 ],
			"uv": [ 23.0, 26.5 ],
			"faces": {
				"north": { "texture": "#baseears", "uv": [ 23.0, 31.5, 32.0, 37.0 ] },
				"east": { "texture": "#baseears", "uv": [ 32.0, 31.5, 37.0, 37.0 ] },
				"south": { "texture": "#baseears", "uv": [ 37.0, 31.5, 46.0, 37.0 ] },
				"west": { "texture": "#baseears", "uv": [ 46.0, 31.5, 51.0, 37.0 ] },
				"up": { "texture": "#baseears", "uv": [ 23.0, 26.5, 32.0, 31.5 ] },
				"down": { "texture": "#baseears", "uv": [ 32.0, 26.5, 41.0, 31.5 ] }
			},
			"children": [
				{
					"name": "FirstTaper",
					"from": [ 9.0, 0.5, 0.3 ],
					"to": [ 12.0, 5.3, 4.9 ],
					"uv": [ 26.0, 17.3 ],
					"rotationOrigin": [ 9.0, 0.5, 0.3 ],
					"rotationZ": 15.0,
					"faces": {
						"north": { "texture": "#baseears", "uv": [ 26.0, 22.0, 29.0, 26.5 ] },
						"east": { "texture": "#baseears", "uv": [ 29.0, 22.0, 33.5, 26.5 ] },
						"south": { "texture": "#baseears", "uv": [ 33.5, 22.0, 36.5, 26.5 ] },
						"west": { "texture": "#baseears", "uv": [ 36.5, 22.0, 41.0, 26.5 ] },
						"up": { "texture": "#baseears", "uv": [ 26.0, 17.5, 29.0, 22.0 ] },
						"down": { "texture": "#baseears", "uv": [ 29.0, 17.5, 32.0, 22.0 ] }
					}
				},
				{
					"name": "Tuft1",
					"from": [ 0.3, 4.0, 0.1 ],
					"to": [ 3.3, 5.5, 1.6 ],
					"autoUnwrap": false,
					"uv": [ 0.0, 34.0 ],
					"rotationOrigin": [ 0.3, 4.0, 0.1 ],
					"rotationX": -1.0,
					"rotationY": 10.0,
					"rotationZ": 10.0,
					"faces": {
						"north": { "texture": "#baseears", "uv": [ 4.0, 32.5, 8.0, 35.0 ], "autoUv": false },
						"east": { "texture": "#baseears", "uv": [ 0.5, 1.0, 2.0, 2.5 ] },
						"south": { "texture": "#baseears", "uv": [ 0.0, 0.5, 3.0, 2.0 ] },
						"west": { "texture": "#baseears", "uv": [ 0.5, 0.5, 2.0, 2.0 ] },
						"up": { "texture": "#baseears", "uv": [ 0.0, 32.5, 4.0, 35.0 ], "autoUv": false },
						"down": { "texture": "#baseears", "uv": [ 0.0, 0.5, 3.0, 2.0 ] }
					}
				},
				{
					"name": "Tuft2",
					"from": [ 0.3, 5.6, 3.7 ],
					"to": [ 3.3, 7.1, 5.2 ],
					"autoUnwrap": false,
					"uv": [ 0.0, 34.0 ],
					"rotationOrigin": [ 0.3, 5.6, 3.7 ],
					"rotationX": 90.0,
					"rotationY": 10.0,
					"rotationZ": 10.0,
					"faces": {
						"north": { "texture": "#baseears", "uv": [ 4.0, 32.5, 8.0, 35.0 ], "autoUv": false },
						"east": { "texture": "#baseears", "uv": [ 0.5, 1.0, 2.0, 2.5 ] },
						"south": { "texture": "#baseears", "uv": [ 0.0, 0.5, 3.0, 2.0 ] },
						"west": { "texture": "#baseears", "uv": [ 0.5, 0.5, 2.0, 2.0 ] },
						"up": { "texture": "#baseears", "uv": [ 0.0, 32.5, 4.0, 35.0 ], "autoUv": false },
						"down": { "texture": "#baseears", "uv": [ 0.0, 0.5, 3.0, 2.0 ] }
					}
				},
				{
					"name": "Tuft3",
					"from": [ 6.3, 5.6, 3.7 ],
					"to": [ 8.8, 7.1, 5.2 ],
					"autoUnwrap": false,
					"uv": [ 0.0, 34.0 ],
					"rotationOrigin": [ 6.3, 5.6, 3.7 ],
					"rotationX": 90.0,
					"rotationY": 10.0,
					"rotationZ": 10.0,
					"faces": {
						"north": { "texture": "#baseears", "uv": [ 4.0, 32.5, 8.0, 35.0 ], "autoUv": false },
						"east": { "texture": "#baseears", "uv": [ 0.5, 1.0, 2.0, 2.5 ] },
						"south": { "texture": "#baseears", "uv": [ 0.0, 0.5, 2.5, 2.0 ] },
						"west": { "texture": "#baseears", "uv": [ 0.5, 0.5, 2.0, 2.0 ] },
						"up": { "texture": "#baseears", "uv": [ 0.0, 32.5, 4.0, 35.0 ], "autoUv": false },
						"down": { "texture": "#baseears", "uv": [ 0.0, 0.5, 2.5, 2.0 ] }
					}
				},
				{
					"name": "Tuft4",
					"from": [ 6.3, 4.0, 0.1 ],
					"to": [ 8.8, 5.5, 1.6 ],
					"autoUnwrap": false,
					"uv": [ 0.0, 34.0 ],
					"rotationOrigin": [ 6.3, 4.0, 0.1 ],
					"rotationX": -1.0,
					"rotationY": 10.0,
					"rotationZ": 10.0,
					"faces": {
						"north": { "texture": "#baseears", "uv": [ 4.0, 32.5, 8.0, 35.0 ], "autoUv": false },
						"east": { "texture": "#baseears", "uv": [ 0.5, 1.0, 2.0, 2.5 ] },
						"south": { "texture": "#baseears", "uv": [ 0.0, 0.5, 2.5, 2.0 ] },
						"west": { "texture": "#baseears", "uv": [ 0.5, 0.5, 2.0, 2.0 ] },
						"up": { "texture": "#baseears", "uv": [ 0.0, 32.5, 4.0, 35.0 ], "autoUv": false },
						"down": { "texture": "#baseears", "uv": [ 0.0, 0.5, 2.5, 2.0 ] }
					}
				},
				{
					"name": "BigTuft",
					"from": [ 1.5, 4.3, 1.1 ],
					"to": [ 6.5, 6.3, 3.1 ],
					"autoUnwrap": false,
					"uv": [ 41.0, 25.5 ],
					"rotationOrigin": [ 1.5, 4.3, 1.1 ],
					"rotationX": 45.0,
					"rotationY": 15.0,
					"rotationZ": 15.0,
					"faces": {
						"north": { "texture": "#baseears", "uv": [ 41.0, 22.5, 48.0, 26.0 ], "rotation": 180, "autoUv": false },
						"east": { "texture": "#baseears", "uv": [ 1.0, 0.5, 3.0, 2.5 ] },
						"south": { "texture": "#baseears", "uv": [ 0.0, 0.0, 5.0, 2.0 ] },
						"west": { "texture": "#baseears", "uv": [ 1.0, 1.0, 3.0, 3.0 ] },
						"up": { "texture": "#baseears", "uv": [ 41.0, 26.0, 48.0, 29.5 ], "autoUv": false },
						"down": { "texture": "#baseears", "uv": [ 0.0, 0.5, 5.0, 2.5 ] }
					}
				},
				{
					"name": "Tuft5",
					"from": [ 3.3, 0.0, 1.6 ],
					"to": [ 6.3, 1.5, 3.1 ],
					"autoUnwrap": false,
					"uv": [ 0.0, 34.0 ],
					"rotationOrigin": [ 3.3, 0.0, 1.6 ],
					"rotationX": -90.0,
					"rotationY": 10.0,
					"rotationZ": 10.0,
					"faces": {
						"north": { "texture": "#baseears", "uv": [ 4.0, 32.5, 8.0, 35.0 ], "autoUv": false },
						"east": { "texture": "#baseears", "uv": [ 0.5, 1.0, 2.0, 2.5 ] },
						"south": { "texture": "#baseears", "uv": [ 0.0, 0.5, 3.0, 2.0 ] },
						"west": { "texture": "#baseears", "uv": [ 0.5, 0.5, 2.0, 2.0 ] },
						"up": { "texture": "#baseears", "uv": [ 0.0, 32.5, 4.0, 35.0 ], "autoUv": false },
						"down": { "texture": "#baseears", "uv": [ 0.0, 0.5, 3.0, 2.0 ] }
					}
				},
				{
					"name": "Tuft6",
					"from": [ 3.3, 1.5, 5.2 ],
					"to": [ 6.3, 3.0, 6.7 ],
					"autoUnwrap": false,
					"uv": [ 0.0, 34.0 ],
					"rotationOrigin": [ 3.3, 1.5, 5.2 ],
					"rotationX": -180.0,
					"rotationY": 10.0,
					"rotationZ": 10.0,
					"faces": {
						"north": { "texture": "#baseears", "uv": [ 4.0, 32.5, 8.0, 35.0 ], "autoUv": false },
						"east": { "texture": "#baseears", "uv": [ 0.5, 1.0, 2.0, 2.5 ] },
						"south": { "texture": "#baseears", "uv": [ 0.0, 0.5, 3.0, 2.0 ] },
						"west": { "texture": "#baseears", "uv": [ 0.5, 0.5, 2.0, 2.0 ] },
						"up": { "texture": "#baseears", "uv": [ 0.0, 32.5, 4.0, 35.0 ], "autoUv": false },
						"down": { "texture": "#baseears", "uv": [ 0.0, 0.5, 3.0, 2.0 ] }
					}
				}
			]
		},
		{
			"name": "TailBase",
			"stepParentName": "TailBaseAttach",
			"from": [ 0.0, 0.0, 0.0 ],
			"to": [ 1.5, 2.0, 1.6 ],
			"uv": [ 9.0, 29.0 ],
			"rotationOrigin": [ 0.0, 1.0, 0.8 ],
			"faces": {
				"north": { "texture": "#baseears", "uv": [ 9.0, 30.5, 10.5, 32.5 ] },
				"east": { "texture": "#baseears", "uv": [ 10.5, 30.5, 12.0, 32.5 ] },
				"south": { "texture": "#baseears", "uv": [ 12.0, 30.5, 13.5, 32.5 ] },
				"west": { "texture": "#baseears", "uv": [ 13.5, 30.5, 15.0, 32.5 ] },
				"up": { "texture": "#baseears", "uv": [ 9.0, 29.0, 10.5, 30.5 ] },
				"down": { "texture": "#baseears", "uv": [ 10.5, 29.0, 12.0, 30.5 ] }
			},
			"children": [
				{
					"name": "FirstPuff",
					"from": [ 0.8, -0.5, -0.6 ],
					"to": [ 2.8, 2.5, 2.4 ],
					"uv": [ 9.0, 23.0 ],
					"rotationOrigin": [ 0.8, -0.5, -0.6 ],
					"rotationZ": -15.0,
					"faces": {
						"north": { "texture": "#baseears", "uv": [ 9.0, 26.0, 11.0, 29.0 ] },
						"east": { "texture": "#baseears", "uv": [ 11.0, 26.0, 14.0, 29.0 ] },
						"south": { "texture": "#baseears", "uv": [ 14.0, 26.0, 16.0, 29.0 ] },
						"west": { "texture": "#baseears", "uv": [ 16.0, 26.0, 19.0, 29.0 ] },
						"up": { "texture": "#baseears", "uv": [ 9.0, 23.0, 11.0, 26.0 ] },
						"down": { "texture": "#baseears", "uv": [ 11.0, 23.0, 13.0, 26.0 ] }
					},
					"children": [
						{
							"name": "SecondPuff",
							"from": [ 0.7, -0.5, -0.8 ],
							"to": [ 3.7, 3.5, 3.8 ],
							"uv": [ 11.0, 14.3 ],
							"rotationOrigin": [ 0.7, -0.5, -0.8 ],
							"rotationZ": -20.0,
							"faces": {
								"north": { "texture": "#baseears", "uv": [ 11.0, 19.0, 14.0, 23.0 ] },
								"east": { "texture": "#baseears", "uv": [ 14.0, 19.0, 18.5, 23.0 ] },
								"south": { "texture": "#baseears", "uv": [ 18.5, 19.0, 21.5, 23.0 ] },
								"west": { "texture": "#baseears", "uv": [ 21.5, 19.0, 26.0, 23.0 ] },
								"up": { "texture": "#baseears", "uv": [ 11.0, 14.5, 14.0, 19.0 ] },
								"down": { "texture": "#baseears", "uv": [ 14.0, 14.5, 17.0, 19.0 ] }
							}
						}
					]
				}
			]
		},
		{
			"name": "SecondTaper",
			"stepParentName": "TipFlex",
			"from": [ -1.5, -0.6, -1.0 ],
			"to": [ 2.0, 2.9, 2.2 ],
			"uv": [ 17.0, 11.0 ],
			"rotationOrigin": [ 0.0, 1.0, 0.0 ],
			"faces": {
				"north": { "texture": "#baseears", "uv": [ 17.0, 14.0, 20.5, 17.5 ] },
				"east": { "texture": "#baseears", "uv": [ 20.5, 14.0, 23.5, 17.5 ] },
				"south": { "texture": "#baseears", "uv": [ 23.5, 14.0, 27.0, 17.5 ] },
				"west": { "texture": "#baseears", "uv": [ 27.0, 14.0, 30.0, 17.5 ] },
				"up": { "texture": "#baseears", "uv": [ 17.0, 11.0, 20.5, 14.0 ] },
				"down": { "texture": "#baseears", "uv": [ 20.5, 11.0, 24.0, 14.0 ] }
			},
			"children": [
				{
					"name": "Tip",
					"from": [ 3.5, 0.5, 0.5 ],
					"to": [ 6.5, 3.0, 2.7 ],
					"uv": [ 24.0, 9.5 ],
					"rotationOrigin": [ 3.5, 0.5, 0.5 ],
					"rotationZ": 30.0,
					"faces": {
						"north": { "texture": "#baseears", "uv": [ 24.0, 11.5, 27.0, 14.0 ] },
						"east": { "texture": "#baseears", "uv": [ 27.0, 11.5, 29.0, 14.0 ] },
						"south": { "texture": "#baseears", "uv": [ 29.0, 11.5, 32.0, 14.0 ] },
						"west": { "texture": "#baseears", "uv": [ 32.0, 11.5, 34.0, 14.0 ] },
						"up": { "texture": "#baseears", "uv": [ 24.0, 9.5, 27.0, 11.5 ] },
						"down": { "texture": "#baseears", "uv": [ 27.0, 9.5, 30.0, 11.5 ] }
					}
				}
			]
		}
	]}