{
	"editor": {
		"collapsedPaths": ",Root/hidelowerarm,Root/hidelowerarm2,Root/origin2",
		"allAngles": true,
		"entityTextureMode": false
	},
	"textureWidth": 16,
	"textureHeight": 16,
	"textureSizes": {
		"plain": [16,16],
		"seraph": [64,64],
		"gold": [16,16],
		"ruby": [8,8],
		"diamond": [8,8],
		"onyx": [8,8]
	},
	"textures": {
		"metalearrings": "canjewelry:item/gem/notvis",
		"plain": "canjewelry:item/gem/notvis",
		"gem_1": "canjewelry:item/gem/notvis",
		"gem_2": "canjewelry:item/gem/notvis",
		"gem_3": "canjewelry:item/gem/notvis",
		"gem_4": "canjewelry:item/gem/notvis"
	},
	"elements": [
		{
			"name": "origin2",
			"stepParentName": "Head",
			"from": [ 3.5, 4.4, 3.7 ],
			"to": [ 3.5, 4.4, 3.7 ],
			"rotationOrigin": [ 3.0, 2.6, -0.4 ],
			"rotationX": 7.0,
			"rotationY": -90.0,
			"rotationZ": 90.0,
			"faces": {
				"north": {
					"texture": "#plain",
					"uv": [ 0.0, 0.0, 0.5, 0.5 ]
				},
				"east": {
					"texture": "#plain",
					"uv": [ 0.0, 0.0, 0.5, 0.5 ]
				},
				"south": {
					"texture": "#plain",
					"uv": [ 0.0, 0.0, 0.5, 0.5 ]
				},
				"west": {
					"texture": "#plain",
					"uv": [ 0.0, 0.0, 0.5, 0.5 ]
				},
				"up": {
					"texture": "#plain",
					"uv": [ 0.0, 0.0, 0.5, 0.5 ]
				},
				"down": {
					"texture": "#plain",
					"uv": [ 0.0, 0.0, 0.5, 0.5 ]
				}
			},
			"children": [
				{
					"name": "strap2",
					"from": [ 0.1, -2.0, -4.4 ],
					"to": [ 1.0, -1.9, -3.8 ],
					"rotationOrigin": [ 0.1, -2.0, -4.1 ],
					"faces": {
						"north": {
							"texture": "#plain",
							"uv": [ 2.0, 3.0, 2.5, 3.5 ]
						},
						"east": {
							"texture": "#plain",
							"uv": [ 0.0, 0.0, 0.5, 0.5 ],
							"windMode": [ -1, -1, -1, -1 ]
						},
						"south": {
							"texture": "#plain",
							"uv": [ 11.5, 2.0, 12.0, 2.5 ]
						},
						"up": {
							"texture": "#plain",
							"uv": [ 5.5, 4.0, 6.0, 4.5 ]
						},
						"down": {
							"texture": "#plain",
							"uv": [ 2.5, 15.0, 3.0, 15.5 ]
						}
					},
					"children": [
						{
							"name": "band2",
							"from": [ -0.5, -0.1, -1.0 ],
							"to": [ 0.0, 0.2, 1.6 ],
							"rotationOrigin": [ -0.1, 0.1, 0.3 ],
							"faces": {
								"north": {
									"texture": "#metalearrings",
									"uv": [ 12.5, 12.0, 13.0, 12.5 ]
								},
								"east": {
									"texture": "#metalearrings",
									"uv": [ 4.5, 7.5, 7.0, 8.0 ]
								},
								"south": {
									"texture": "#metalearrings",
									"uv": [ 9.0, 6.5, 9.5, 7.0 ]
								},
								"west": {
									"texture": "#metalearrings",
									"uv": [ 4.0, 13.0, 6.5, 13.5 ]
								},
								"up": {
									"texture": "#metalearrings",
									"uv": [ 11.0, 12.0, 11.5, 14.5 ]
								},
								"down": {
									"texture": "#metalearrings",
									"uv": [ 11.5, 5.0, 12.0, 7.5 ]
								}
							},
							"children": [
								{
									"name": "pearl6",
									"from": [ 0.4, 0.2, 1.2 ],
									"to": [ 0.6, 0.4, 1.4 ],
									"rotationOrigin": [ 0.5, 0.3, 1.3 ],
									"rotationY": 45.0,
									"faces": {
										"north": {
											"texture": "#gem_3",
											"uv": [ 9.0, 14.5, 9.5, 15.0 ]
										},
										"east": {
											"texture": "#gem_3",
											"uv": [ 3.5, 11.0, 4.0, 11.5 ]
										},
										"south": {
											"texture": "#gem_3",
											"uv": [ 5.0, 5.0, 5.5, 5.5 ]
										},
										"west": {
											"texture": "#gem_3",
											"uv": [ 8.5, 0.5, 9.0, 1.0 ]
										},
										"up": {
											"texture": "#gem_3",
											"uv": [ 11.5, 1.5, 12.0, 2.0 ]
										}
									}
								},
								{
									"name": "pearl7",
									"from": [ 0.4, 0.2, 1.7 ],
									"to": [ 0.6, 0.4, 1.9 ],
									"rotationOrigin": [ 0.5, 0.3, 1.8 ],
									"rotationY": 45.0,
									"faces": {
										"north": {
											"texture": "#gem_2",
											"uv": [ 11.0, 2.0, 11.5, 2.5 ]
										},
										"east": {
											"texture": "#gem_2",
											"uv": [ 3.5, 1.0, 4.0, 1.5 ]
										},
										"south": {
											"texture": "#gem_2",
											"uv": [ 14.0, 10.0, 14.5, 10.5 ]
										},
										"west": {
											"texture": "#gem_2",
											"uv": [ 13.5, 13.5, 14.0, 14.0 ]
										},
										"up": {
											"texture": "#gem_2",
											"uv": [ 12.5, 5.0, 13.0, 5.5 ]
										},
										"down": {
											"texture": "#gem_2",
											"uv": [ 0.0, 0.0, 0.5, 0.5 ],
											"windMode": [ -1, -1, -1, -1 ]
										}
									}
								},
								{
									"name": "pearl8",
									"from": [ 0.4, 0.2, 0.7 ],
									"to": [ 0.6, 0.4, 0.9 ],
									"rotationOrigin": [ 0.5, 0.3, 0.8 ],
									"rotationY": 45.0,
									"faces": {
										"north": {
											"texture": "#gem_2",
											"uv": [ 1.0, 4.0, 1.5, 4.5 ]
										},
										"east": {
											"texture": "#gem_2",
											"uv": [ 3.5, 11.0, 4.0, 11.5 ]
										},
										"south": {
											"texture": "#gem_2",
											"uv": [ 14.5, 4.0, 15.0, 4.5 ]
										},
										"west": {
											"texture": "#gem_2",
											"uv": [ 10.5, 0.0, 11.0, 0.5 ]
										},
										"up": {
											"texture": "#gem_2",
											"uv": [ 13.5, 1.0, 14.0, 1.5 ]
										},
										"down": {
											"texture": "#gem_2",
											"uv": [ 0.0, 0.0, 0.5, 0.5 ],
											"windMode": [ -1, -1, -1, -1 ]
										}
									}
								},
								{
									"name": "pearl9",
									"from": [ 0.4, 0.2, 2.2 ],
									"to": [ 0.6, 0.4, 2.4 ],
									"rotationOrigin": [ 0.5, 0.3, 2.3 ],
									"rotationY": 45.0,
									"faces": {
										"north": {
											"texture": "#gem_1",
											"uv": [ 1.5, 2.5, 2.0, 3.0 ]
										},
										"east": {
											"texture": "#gem_1",
											"uv": [ 7.0, 3.0, 7.5, 3.5 ]
										},
										"south": {
											"texture": "#gem_1",
											"uv": [ 4.0, 6.0, 4.5, 6.5 ]
										},
										"west": {
											"texture": "#gem_1",
											"uv": [ 11.5, 0.5, 12.0, 1.0 ]
										},
										"up": {
											"texture": "#gem_1",
											"uv": [ 6.0, 12.5, 6.5, 13.0 ]
										},
										"down": {
											"texture": "#gem_1",
											"uv": [ 0.0, 0.0, 0.5, 0.5 ],
											"windMode": [ -1, -1, -1, -1 ]
										}
									}
								},
								{
									"name": "pearl10",
									"from": [ 0.4, 0.2, 0.2 ],
									"to": [ 0.6, 0.4, 0.4 ],
									"rotationOrigin": [ 0.5, 0.3, 0.3 ],
									"rotationY": 45.0,
									"faces": {
										"north": {
											"texture": "#gem_1",
											"uv": [ 11.0, 6.0, 11.5, 6.5 ]
										},
										"east": {
											"texture": "#gem_1",
											"uv": [ 2.0, 10.0, 2.5, 10.5 ]
										},
										"south": {
											"texture": "#gem_1",
											"uv": [ 7.0, 9.5, 7.5, 10.0 ]
										},
										"west": {
											"texture": "#gem_1",
											"uv": [ 6.0, 10.5, 6.5, 11.0 ]
										},
										"up": {
											"texture": "#gem_1",
											"uv": [ 7.0, 6.5, 7.5, 7.0 ]
										},
										"down": {
											"texture": "#gem_1",
											"uv": [ 0.0, 0.0, 0.5, 0.5 ],
											"windMode": [ -1, -1, -1, -1 ]
										}
									}
								},
								{
									"name": "strip6",
									"from": [ -2.0, 0.1, 1.2 ],
									"to": [ 0.0, 0.3, 1.4 ],
									"rotationOrigin": [ 0.0, 0.3, 1.3 ],
									"faces": {
										"north": {
											"texture": "#metalearrings",
											"uv": [ 11.5, 8.5, 13.5, 9.0 ]
										},
										"south": {
											"texture": "#metalearrings",
											"uv": [ 12.0, 5.5, 14.0, 6.0 ]
										},
										"west": {
											"texture": "#metalearrings",
											"uv": [ 5.5, 15.0, 6.0, 15.5 ]
										},
										"up": {
											"texture": "#metalearrings",
											"uv": [ 5.0, 5.0, 7.0, 5.5 ]
										},
										"down": {
											"texture": "#metalearrings",
											"uv": [ 0.0, 0.0, 2.0, 0.5 ],
											"windMode": [ -1, -1, -1, -1 ]
										}
									}
								},
								{
									"name": "strip7",
									"from": [ -1.5, 0.1, 1.7 ],
									"to": [ 0.0, 0.3, 1.9 ],
									"rotationOrigin": [ 0.0, 0.3, 1.8 ],
									"faces": {
										"north": {
											"texture": "#metalearrings",
											"uv": [ 3.5, 8.5, 5.0, 9.0 ]
										},
										"south": {
											"texture": "#metalearrings",
											"uv": [ 5.5, 3.5, 7.0, 4.0 ]
										},
										"west": {
											"texture": "#metalearrings",
											"uv": [ 4.5, 14.5, 5.0, 15.0 ]
										},
										"up": {
											"texture": "#metalearrings",
											"uv": [ 3.5, 4.5, 5.0, 5.0 ]
										},
										"down": {
											"texture": "#metalearrings",
											"uv": [ 0.0, 0.0, 1.5, 0.5 ],
											"windMode": [ -1, -1, -1, -1 ]
										}
									}
								},
								{
									"name": "strip8",
									"from": [ -1.5, 0.1, 0.7 ],
									"to": [ 0.0, 0.3, 0.9 ],
									"rotationOrigin": [ 0.0, 0.3, 0.8 ],
									"faces": {
										"north": {
											"texture": "#metalearrings",
											"uv": [ 1.5, 5.5, 3.0, 6.0 ]
										},
										"south": {
											"texture": "#metalearrings",
											"uv": [ 11.0, 14.5, 12.5, 15.0 ]
										},
										"west": {
											"texture": "#metalearrings",
											"uv": [ 13.5, 10.5, 14.0, 11.0 ]
										},
										"up": {
											"texture": "#metalearrings",
											"uv": [ 4.0, 6.0, 5.5, 6.5 ]
										},
										"down": {
											"texture": "#metalearrings",
											"uv": [ 0.0, 0.0, 1.5, 0.5 ],
											"windMode": [ -1, -1, -1, -1 ]
										}
									}
								},
								{
									"name": "strip9",
									"from": [ -1.0, 0.1, 2.2 ],
									"to": [ 0.0, 0.3, 2.4 ],
									"rotationOrigin": [ 0.0, 0.3, 2.3 ],
									"faces": {
										"north": {
											"texture": "#metalearrings",
											"uv": [ 2.5, 7.0, 3.5, 7.5 ]
										},
										"south": {
											"texture": "#metalearrings",
											"uv": [ 6.5, 11.5, 7.5, 12.0 ]
										},
										"west": {
											"texture": "#metalearrings",
											"uv": [ 0.5, 5.0, 1.0, 5.5 ]
										},
										"up": {
											"texture": "#metalearrings",
											"uv": [ 10.0, 1.5, 11.0, 2.0 ]
										},
										"down": {
											"texture": "#metalearrings",
											"uv": [ 0.0, 0.0, 1.0, 0.5 ],
											"windMode": [ -1, -1, -1, -1 ]
										}
									}
								},
								{
									"name": "strip10",
									"from": [ -1.0, 0.1, 0.2 ],
									"to": [ 0.0, 0.3, 0.4 ],
									"rotationOrigin": [ 0.0, 0.3, 0.3 ],
									"faces": {
										"north": {
											"texture": "#metalearrings",
											"uv": [ 4.0, 11.5, 5.0, 12.0 ]
										},
										"south": {
											"texture": "#metalearrings",
											"uv": [ 1.5, 9.0, 2.5, 9.5 ]
										},
										"west": {
											"texture": "#metalearrings",
											"uv": [ 0.5, 7.5, 1.0, 8.0 ]
										},
										"up": {
											"texture": "#metalearrings",
											"uv": [ 2.5, 0.5, 3.5, 1.0 ]
										},
										"down": {
											"texture": "#metalearrings",
											"uv": [ 0.0, 0.0, 1.0, 0.5 ],
											"windMode": [ -1, -1, -1, -1 ]
										}
									}
								}
							]
						}
					]
				}
			]
		}
	]}