{
	"editor": {
		"backDropShape": "entity/humanoid/seraph",
		"collapsedPaths": "Root/hidelowerarm/E,Root/hidelowerarm/W,Root/hidelowerarm2,Root/hidelowerarm/N,Root/hidelowerarm/hidelowerarm2,Root/hidelowerarm/S",
		"allAngles": false,
		"entityTextureMode": false
	},
	"textureWidth": 16,
	"textureHeight": 16,
	"textureSizes": {
		"gold": [16,16],
		"ruby": [8,8],
		"diamond": [8,8],
		"onyx": [8,8],
		"seraph": [64,64]
	},
	"textures": {
		"metalearrings": "canjewelry:item/gem/notvis",
		"plain": "canjewelry:item/gem/notvis",
		"gem_1": "canjewelry:item/gem/notvis",
		"gem_2": "canjewelry:item/gem/notvis",
		"gem_3": "canjewelry:item/gem/notvis",
		"gem_4": "canjewelry:item/gem/notvis"
	},
	"elements": [
		{
			"name": "hidelowerarm",
			"stepParentName": "Head",
			"from": [ 2.5, 1.44, -0.24 ],
			"to": [ 2.5, 1.44, -0.24 ],
			"rotationOrigin": [ 2.924, 1.804, -0.24 ],
			"rotationX": -78.0,
			"faces": {
			},
			"children": [
				{
					"name": "W",
					"from": [ -0.072, 0.18, -0.432 ],
					"to": [ 0.036, 0.54, 0.432 ],
					"rotationOrigin": [ 0.036, 0.36, 0.0 ],
					"rotationZ": 2.0,
					"faces": {
						"north": { "texture": "#metalearrings", "uv": [ 9.0, 2.0, 9.18, 2.36 ] },
						"east": { "texture": "#metalearrings", "uv": [ 3.0, 4.5, 3.72, 4.86 ] },
						"south": { "texture": "#metalearrings", "uv": [ 13.0, 8.0, 13.18, 8.36 ] },
						"west": { "texture": "#metalearrings", "uv": [ 0.5, 10.0, 1.22, 10.36 ] },
						"up": { "texture": "#metalearrings", "uv": [ 7.5, 10.0, 7.68, 10.72 ] },
						"down": { "texture": "#metalearrings", "uv": [ 13.0, 10.0, 13.18, 10.72 ] }
					},
					"children": [
						{
							"name": "gem1",
							"from": [ -0.036, 0.072, 0.324 ],
							"to": [ 0.036, 0.288, 0.54 ],
							"rotationOrigin": [ 0.0, 0.18, 0.432 ],
							"rotationX": 45.0,
							"faces": {
								"north": { "texture": "#gem_1", "uv": [ 4.0, 0.0, 4.36, 0.36 ] },
								"south": { "texture": "#gem_1", "uv": [ 10.0, 12.0, 10.36, 12.36 ] },
								"west": { "texture": "#gem_1", "uv": [ 4.0, 4.0, 4.36, 4.36 ] },
								"up": { "texture": "#gem_1", "uv": [ 14.0, 6.0, 14.36, 6.36 ] },
								"down": { "texture": "#gem_1", "uv": [ 12.0, 0.0, 12.36, 0.36 ] }
							}
						},
						{
							"name": "gem5",
							"from": [ -0.036, 0.108, 0.072 ],
							"to": [ 0.036, 0.252, 0.216 ],
							"rotationOrigin": [ 0.0, 0.18, 0.144 ],
							"rotationX": 45.0,
							"faces": {
								"north": { "texture": "#gem_2", "uv": [ 10.0, 2.0, 10.72, 2.72 ] },
								"south": { "texture": "#gem_2", "uv": [ 8.0, 2.0, 8.72, 2.72 ] },
								"west": { "texture": "#gem_2", "uv": [ 12.0, 2.0, 12.72, 2.72 ] },
								"up": { "texture": "#gem_2", "uv": [ 12.0, 2.0, 12.72, 2.72 ] },
								"down": { "texture": "#gem_2", "uv": [ 8.0, 4.0, 8.72, 4.72 ] }
							}
						},
						{
							"name": "gem6",
							"from": [ -0.036, 0.108, 0.648 ],
							"to": [ 0.036, 0.252, 0.792 ],
							"rotationOrigin": [ 0.0, 0.18, 0.72 ],
							"rotationX": 45.0,
							"faces": {
								"north": { "texture": "#gem_2", "uv": [ 4.0, 8.0, 4.72, 8.72 ] },
								"south": { "texture": "#gem_2", "uv": [ 8.0, 12.0, 8.72, 12.72 ] },
								"west": { "texture": "#gem_2", "uv": [ 10.0, 12.0, 10.72, 12.72 ] },
								"up": { "texture": "#gem_2", "uv": [ 12.0, 2.0, 12.72, 2.72 ] },
								"down": { "texture": "#gem_2", "uv": [ 6.0, 10.0, 6.72, 10.72 ] }
							}
						},
						{
							"name": "gem13",
							"from": [ -0.036, 0.252, 0.216 ],
							"to": [ 0.036, 0.324, 0.288 ],
							"rotationOrigin": [ 0.0, 0.288, 0.252 ],
							"rotationX": 45.0,
							"faces": {
								"north": { "texture": "#gem_3", "uv": [ 4.0, 10.0, 4.72, 10.72 ] },
								"south": { "texture": "#gem_3", "uv": [ 10.0, 10.0, 10.72, 10.72 ] },
								"west": { "texture": "#gem_3", "uv": [ 8.0, 0.0, 8.72, 0.72 ] },
								"up": { "texture": "#gem_3", "uv": [ 12.0, 2.0, 12.72, 2.72 ] },
								"down": { "texture": "#gem_3", "uv": [ 8.0, 2.0, 8.72, 2.72 ] }
							}
						},
						{
							"name": "gem14",
							"from": [ -0.036, 0.036, 0.216 ],
							"to": [ 0.036, 0.108, 0.288 ],
							"rotationOrigin": [ 0.0, 0.072, 0.252 ],
							"rotationX": 45.0,
							"faces": {
								"north": { "texture": "#gem_3", "uv": [ 12.0, 12.0, 12.72, 12.72 ] },
								"south": { "texture": "#gem_3", "uv": [ 6.0, 0.0, 6.72, 0.72 ] },
								"west": { "texture": "#gem_3", "uv": [ 6.0, 12.0, 6.72, 12.72 ] },
								"up": { "texture": "#gem_3", "uv": [ 8.0, 2.0, 8.72, 2.72 ] },
								"down": { "texture": "#gem_3", "uv": [ 0.0, 8.0, 0.72, 8.72 ] }
							}
						},
						{
							"name": "gem15",
							"from": [ -0.036, 0.036, 0.576 ],
							"to": [ 0.036, 0.108, 0.648 ],
							"rotationOrigin": [ 0.0, 0.072, 0.612 ],
							"rotationX": 45.0,
							"faces": {
								"north": { "texture": "#gem_3", "uv": [ 4.0, 12.0, 4.72, 12.72 ] },
								"south": { "texture": "#gem_3", "uv": [ 10.0, 10.0, 10.72, 10.72 ] },
								"west": { "texture": "#gem_3", "uv": [ 0.0, 0.0, 0.72, 0.72 ] },
								"up": { "texture": "#gem_3", "uv": [ 4.0, 8.0, 4.72, 8.72 ] },
								"down": { "texture": "#gem_3", "uv": [ 8.0, 12.0, 8.72, 12.72 ] }
							}
						},
						{
							"name": "gem16",
							"from": [ -0.036, 0.252, 0.576 ],
							"to": [ 0.036, 0.324, 0.648 ],
							"rotationOrigin": [ 0.0, 0.288, 0.612 ],
							"rotationX": 45.0,
							"faces": {
								"north": { "texture": "#gem_3", "uv": [ 6.0, 4.0, 6.72, 4.72 ] },
								"south": { "texture": "#gem_3", "uv": [ 10.0, 0.0, 10.72, 0.72 ] },
								"west": { "texture": "#gem_3", "uv": [ 0.0, 12.0, 0.72, 12.72 ] },
								"up": { "texture": "#gem_3", "uv": [ 0.0, 10.0, 0.72, 10.72 ] },
								"down": { "texture": "#gem_3", "uv": [ 6.0, 10.0, 6.72, 10.72 ] }
							}
						}
					]
				},
				{
					"name": "E",
					"from": [ 0.864, 0.18, -0.432 ],
					"to": [ 0.972, 0.54, 0.432 ],
					"rotationOrigin": [ 0.9, 0.36, 0.0 ],
					"rotationZ": -2.0,
					"faces": {
						"north": { "texture": "#metalearrings", "uv": [ 15.0, 2.0, 15.18, 2.36 ] },
						"east": { "texture": "#metalearrings", "uv": [ 10.5, 14.5, 11.22, 14.86 ] },
						"south": { "texture": "#metalearrings", "uv": [ 12.5, 11.0, 12.68, 11.36 ] },
						"west": { "texture": "#metalearrings", "uv": [ 2.5, 0.0, 3.22, 0.36 ] },
						"up": { "texture": "#metalearrings", "uv": [ 11.5, 7.0, 11.68, 7.72 ] },
						"down": { "texture": "#metalearrings", "uv": [ 10.0, 4.0, 10.18, 4.72 ] }
					},
					"children": [
						{
							"name": "gem2",
							"from": [ 0.072, 0.072, 0.324 ],
							"to": [ 0.144, 0.288, 0.54 ],
							"rotationOrigin": [ 0.072, 0.18, 0.432 ],
							"rotationX": -45.0,
							"faces": {
								"north": { "texture": "#gem_1", "uv": [ 12.0, 4.0, 12.36, 4.36 ] },
								"east": { "texture": "#gem_1", "uv": [ 4.0, 10.0, 4.36, 10.36 ] },
								"south": { "texture": "#gem_1", "uv": [ 0.0, 14.0, 0.36, 14.36 ] },
								"up": { "texture": "#gem_1", "uv": [ 10.0, 6.0, 10.36, 6.36 ] },
								"down": { "texture": "#gem_1", "uv": [ 10.0, 2.0, 10.36, 2.36 ] }
							}
						},
						{
							"name": "gem9",
							"from": [ 0.072, 0.108, 0.648 ],
							"to": [ 0.144, 0.252, 0.792 ],
							"rotationOrigin": [ 0.072, 0.18, 0.72 ],
							"rotationX": -45.0,
							"faces": {
								"north": { "texture": "#gem_2", "uv": [ 2.0, 6.0, 2.72, 6.72 ] },
								"east": { "texture": "#gem_2", "uv": [ 10.0, 2.0, 10.72, 2.72 ] },
								"south": { "texture": "#gem_2", "uv": [ 0.0, 12.0, 0.72, 12.72 ] },
								"up": { "texture": "#gem_2", "uv": [ 4.0, 6.0, 4.72, 6.72 ] },
								"down": { "texture": "#gem_2", "uv": [ 4.0, 12.0, 4.72, 12.72 ] }
							}
						},
						{
							"name": "gem10",
							"from": [ 0.072, 0.108, 0.072 ],
							"to": [ 0.144, 0.252, 0.216 ],
							"rotationOrigin": [ 0.072, 0.18, 0.144 ],
							"rotationX": -45.0,
							"faces": {
								"north": { "texture": "#gem_2", "uv": [ 0.0, 10.0, 0.72, 10.72 ] },
								"east": { "texture": "#gem_2", "uv": [ 10.0, 4.0, 10.72, 4.72 ] },
								"south": { "texture": "#gem_2", "uv": [ 0.0, 12.0, 0.72, 12.72 ] },
								"up": { "texture": "#gem_2", "uv": [ 10.0, 0.0, 10.72, 0.72 ] },
								"down": { "texture": "#gem_2", "uv": [ 4.0, 0.0, 4.72, 0.72 ] }
							}
						},
						{
							"name": "gem17",
							"from": [ 0.072, 0.252, 0.576 ],
							"to": [ 0.144, 0.324, 0.648 ],
							"rotationOrigin": [ 0.072, 0.288, 0.612 ],
							"rotationX": -45.0,
							"faces": {
								"north": { "texture": "#gem_3", "uv": [ 2.0, 6.0, 2.72, 6.72 ] },
								"east": { "texture": "#gem_3", "uv": [ 0.0, 8.0, 0.72, 8.72 ] },
								"south": { "texture": "#gem_3", "uv": [ 6.0, 12.0, 6.72, 12.72 ] },
								"up": { "texture": "#gem_3", "uv": [ 12.0, 6.0, 12.72, 6.72 ] },
								"down": { "texture": "#gem_3", "uv": [ 4.0, 4.0, 4.72, 4.72 ] }
							}
						},
						{
							"name": "gem18",
							"from": [ 0.072, 0.036, 0.576 ],
							"to": [ 0.144, 0.108, 0.648 ],
							"rotationOrigin": [ 0.072, 0.072, 0.612 ],
							"rotationX": -45.0,
							"faces": {
								"north": { "texture": "#gem_3", "uv": [ 0.0, 2.0, 0.72, 2.72 ] },
								"east": { "texture": "#gem_3", "uv": [ 6.0, 12.0, 6.72, 12.72 ] },
								"south": { "texture": "#gem_3", "uv": [ 2.0, 12.0, 2.72, 12.72 ] },
								"up": { "texture": "#gem_3", "uv": [ 0.0, 12.0, 0.72, 12.72 ] },
								"down": { "texture": "#gem_3", "uv": [ 6.0, 6.0, 6.72, 6.72 ] }
							}
						},
						{
							"name": "gem19",
							"from": [ 0.072, 0.036, 0.216 ],
							"to": [ 0.144, 0.108, 0.288 ],
							"rotationOrigin": [ 0.072, 0.072, 0.252 ],
							"rotationX": -45.0,
							"faces": {
								"north": { "texture": "#gem_3", "uv": [ 12.0, 10.0, 12.72, 10.72 ] },
								"east": { "texture": "#gem_3", "uv": [ 10.0, 8.0, 10.72, 8.72 ] },
								"south": { "texture": "#gem_3", "uv": [ 10.0, 12.0, 10.72, 12.72 ] },
								"up": { "texture": "#gem_3", "uv": [ 10.0, 10.0, 10.72, 10.72 ] },
								"down": { "texture": "#gem_3", "uv": [ 10.0, 8.0, 10.72, 8.72 ] }
							}
						},
						{
							"name": "gem20",
							"from": [ 0.072, 0.252, 0.216 ],
							"to": [ 0.144, 0.324, 0.288 ],
							"rotationOrigin": [ 0.072, 0.288, 0.252 ],
							"rotationX": -45.0,
							"faces": {
								"north": { "texture": "#gem_3", "uv": [ 4.0, 0.0, 4.72, 0.72 ] },
								"east": { "texture": "#gem_3", "uv": [ 6.0, 12.0, 6.72, 12.72 ] },
								"south": { "texture": "#gem_3", "uv": [ 6.0, 6.0, 6.72, 6.72 ] },
								"up": { "texture": "#gem_3", "uv": [ 10.0, 0.0, 10.72, 0.72 ] },
								"down": { "texture": "#gem_3", "uv": [ 10.0, 4.0, 10.72, 4.72 ] }
							}
						}
					]
				},
				{
					"name": "S",
					"from": [ -0.072, 0.18, 0.324 ],
					"to": [ 0.972, 0.54, 0.432 ],
					"rotationOrigin": [ 0.36, 0.36, 0.36 ],
					"rotationX": 2.0,
					"faces": {
						"north": { "texture": "#metalearrings", "uv": [ 4.0, 3.5, 4.9, 3.86 ] },
						"east": { "texture": "#metalearrings", "uv": [ 6.0, 14.0, 6.18, 14.36 ] },
						"south": { "texture": "#metalearrings", "uv": [ 0.0, 7.5, 0.9, 7.86 ] },
						"west": { "texture": "#metalearrings", "uv": [ 6.0, 7.5, 6.18, 7.86 ] },
						"up": { "texture": "#metalearrings", "uv": [ 4.5, 7.5, 5.4, 7.68 ] },
						"down": { "texture": "#metalearrings", "uv": [ 2.0, 3.5, 2.9, 3.68 ] }
					},
					"children": [
						{
							"name": "gem3",
							"from": [ 0.414, 0.09, 0.072 ],
							"to": [ 0.63, 0.306, 0.144 ],
							"rotationOrigin": [ 0.522, 0.198, 0.072 ],
							"rotationZ": -45.0,
							"faces": {
								"east": { "texture": "#gem_1", "uv": [ 0.0, 2.0, 0.36, 2.36 ] },
								"south": { "texture": "#gem_1", "uv": [ 10.0, 12.0, 10.36, 12.36 ] },
								"west": { "texture": "#gem_1", "uv": [ 4.0, 0.0, 4.36, 0.36 ] },
								"up": { "texture": "#gem_1", "uv": [ 0.0, 14.0, 0.36, 14.36 ] },
								"down": { "texture": "#gem_1", "uv": [ 2.0, 8.0, 2.36, 8.36 ] }
							}
						},
						{
							"name": "gem7",
							"from": [ 0.162, 0.126, 0.072 ],
							"to": [ 0.306, 0.27, 0.144 ],
							"rotationOrigin": [ 0.234, 0.198, 0.072 ],
							"rotationZ": -45.0,
							"faces": {
								"east": { "texture": "#gem_2", "uv": [ 12.0, 2.0, 12.72, 2.72 ] },
								"south": { "texture": "#gem_2", "uv": [ 0.0, 8.0, 0.72, 8.72 ] },
								"west": { "texture": "#gem_2", "uv": [ 10.0, 6.0, 10.72, 6.72 ] },
								"up": { "texture": "#gem_2", "uv": [ 2.0, 0.0, 2.72, 0.72 ] },
								"down": { "texture": "#gem_2", "uv": [ 2.0, 2.0, 2.72, 2.72 ] }
							}
						},
						{
							"name": "gem8",
							"from": [ 0.738, 0.126, 0.072 ],
							"to": [ 0.882, 0.27, 0.144 ],
							"rotationOrigin": [ 0.81, 0.198, 0.072 ],
							"rotationZ": -45.0,
							"faces": {
								"east": { "texture": "#gem_2", "uv": [ 6.0, 4.0, 6.72, 4.72 ] },
								"south": { "texture": "#gem_2", "uv": [ 8.0, 2.0, 8.72, 2.72 ] },
								"west": { "texture": "#gem_2", "uv": [ 0.0, 6.0, 0.72, 6.72 ] },
								"up": { "texture": "#gem_2", "uv": [ 12.0, 0.0, 12.72, 0.72 ] },
								"down": { "texture": "#gem_2", "uv": [ 2.0, 12.0, 2.72, 12.72 ] }
							}
						},
						{
							"name": "gem21",
							"from": [ 0.324, 0.234, 0.072 ],
							"to": [ 0.396, 0.306, 0.144 ],
							"rotationOrigin": [ 0.36, 0.27, 0.072 ],
							"rotationZ": -45.0,
							"faces": {
								"east": { "texture": "#gem_3", "uv": [ 6.0, 8.0, 6.72, 8.72 ] },
								"south": { "texture": "#gem_3", "uv": [ 2.0, 4.0, 2.72, 4.72 ] },
								"west": { "texture": "#gem_3", "uv": [ 10.0, 8.0, 10.72, 8.72 ] },
								"up": { "texture": "#gem_3", "uv": [ 0.0, 4.0, 0.72, 4.72 ] },
								"down": { "texture": "#gem_3", "uv": [ 12.0, 4.0, 12.72, 4.72 ] }
							}
						},
						{
							"name": "gem22",
							"from": [ 0.324, 0.09, 0.072 ],
							"to": [ 0.396, 0.162, 0.144 ],
							"rotationOrigin": [ 0.36, 0.126, 0.072 ],
							"rotationZ": -45.0,
							"faces": {
								"east": { "texture": "#gem_3", "uv": [ 0.0, 12.0, 0.72, 12.72 ] },
								"south": { "texture": "#gem_3", "uv": [ 12.0, 6.0, 12.72, 6.72 ] },
								"west": { "texture": "#gem_3", "uv": [ 4.0, 4.0, 4.72, 4.72 ] },
								"up": { "texture": "#gem_3", "uv": [ 10.0, 0.0, 10.72, 0.72 ] },
								"down": { "texture": "#gem_3", "uv": [ 6.0, 8.0, 6.72, 8.72 ] }
							}
						},
						{
							"name": "gem23",
							"from": [ 0.648, 0.09, 0.072 ],
							"to": [ 0.72, 0.162, 0.144 ],
							"rotationOrigin": [ 0.684, 0.126, 0.072 ],
							"rotationZ": -45.0,
							"faces": {
								"east": { "texture": "#gem_3", "uv": [ 10.0, 8.0, 10.72, 8.72 ] },
								"south": { "texture": "#gem_3", "uv": [ 12.0, 2.0, 12.72, 2.72 ] },
								"west": { "texture": "#gem_3", "uv": [ 10.0, 10.0, 10.72, 10.72 ] },
								"up": { "texture": "#gem_3", "uv": [ 10.0, 2.0, 10.72, 2.72 ] },
								"down": { "texture": "#gem_3", "uv": [ 2.0, 12.0, 2.72, 12.72 ] }
							}
						},
						{
							"name": "gem24",
							"from": [ 0.648, 0.234, 0.072 ],
							"to": [ 0.72, 0.306, 0.144 ],
							"rotationOrigin": [ 0.684, 0.27, 0.072 ],
							"rotationZ": -45.0,
							"faces": {
								"east": { "texture": "#gem_3", "uv": [ 6.0, 6.0, 6.72, 6.72 ] },
								"south": { "texture": "#gem_3", "uv": [ 2.0, 2.0, 2.72, 2.72 ] },
								"west": { "texture": "#gem_3", "uv": [ 2.0, 2.0, 2.72, 2.72 ] },
								"up": { "texture": "#gem_3", "uv": [ 8.0, 12.0, 8.72, 12.72 ] },
								"down": { "texture": "#gem_3", "uv": [ 8.0, 6.0, 8.72, 6.72 ] }
							}
						},
						{
							"name": "gem25",
							"from": [ 0.072, 0.234, 0.072 ],
							"to": [ 0.144, 0.306, 0.144 ],
							"rotationOrigin": [ 0.108, 0.27, 0.072 ],
							"rotationZ": -45.0,
							"faces": {
								"east": { "texture": "#gem_3", "uv": [ 2.0, 0.0, 2.72, 0.72 ] },
								"south": { "texture": "#gem_3", "uv": [ 8.0, 0.0, 8.72, 0.72 ] },
								"west": { "texture": "#gem_3", "uv": [ 2.0, 8.0, 2.72, 8.72 ] },
								"up": { "texture": "#gem_3", "uv": [ 4.0, 4.0, 4.72, 4.72 ] },
								"down": { "texture": "#gem_3", "uv": [ 0.0, 2.0, 0.72, 2.72 ] }
							}
						},
						{
							"name": "gem26",
							"from": [ 0.072, 0.09, 0.072 ],
							"to": [ 0.144, 0.162, 0.144 ],
							"rotationOrigin": [ 0.108, 0.126, 0.072 ],
							"rotationZ": -45.0,
							"faces": {
								"east": { "texture": "#gem_3", "uv": [ 10.0, 4.0, 10.72, 4.72 ] },
								"south": { "texture": "#gem_3", "uv": [ 12.0, 10.0, 12.72, 10.72 ] },
								"west": { "texture": "#gem_3", "uv": [ 6.0, 8.0, 6.72, 8.72 ] },
								"up": { "texture": "#gem_3", "uv": [ 8.0, 2.0, 8.72, 2.72 ] },
								"down": { "texture": "#gem_3", "uv": [ 4.0, 6.0, 4.72, 6.72 ] }
							}
						},
						{
							"name": "gem27",
							"from": [ 0.9, 0.09, 0.072 ],
							"to": [ 0.972, 0.162, 0.144 ],
							"rotationOrigin": [ 0.936, 0.126, 0.072 ],
							"rotationZ": -45.0,
							"faces": {
								"east": { "texture": "#gem_3", "uv": [ 12.0, 0.0, 12.72, 0.72 ] },
								"south": { "texture": "#gem_3", "uv": [ 12.0, 6.0, 12.72, 6.72 ] },
								"west": { "texture": "#gem_3", "uv": [ 4.0, 10.0, 4.72, 10.72 ] },
								"up": { "texture": "#gem_3", "uv": [ 12.0, 12.0, 12.72, 12.72 ] },
								"down": { "texture": "#gem_3", "uv": [ 4.0, 12.0, 4.72, 12.72 ] }
							}
						},
						{
							"name": "gem28",
							"from": [ 0.9, 0.234, 0.072 ],
							"to": [ 0.972, 0.306, 0.144 ],
							"rotationOrigin": [ 0.936, 0.27, 0.072 ],
							"rotationZ": -45.0,
							"faces": {
								"east": { "texture": "#gem_3", "uv": [ 0.0, 2.0, 0.72, 2.72 ] },
								"south": { "texture": "#gem_3", "uv": [ 12.0, 10.0, 12.72, 10.72 ] },
								"west": { "texture": "#gem_3", "uv": [ 0.0, 0.0, 0.72, 0.72 ] },
								"up": { "texture": "#gem_3", "uv": [ 6.0, 12.0, 6.72, 12.72 ] },
								"down": { "texture": "#gem_3", "uv": [ 0.0, 10.0, 0.72, 10.72 ] }
							}
						}
					]
				},
				{
					"name": "N",
					"from": [ -0.072, 0.18, -0.432 ],
					"to": [ 0.972, 0.54, -0.324 ],
					"rotationOrigin": [ 0.36, 0.36, -0.36 ],
					"rotationX": -2.0,
					"faces": {
						"north": { "texture": "#metalearrings", "uv": [ 3.0, 8.0, 3.9, 8.36 ] },
						"east": { "texture": "#metalearrings", "uv": [ 2.0, 8.0, 2.18, 8.36 ] },
						"south": { "texture": "#metalearrings", "uv": [ 9.5, 14.5, 10.4, 14.86 ] },
						"west": { "texture": "#metalearrings", "uv": [ 5.0, 6.0, 5.18, 6.36 ] },
						"up": { "texture": "#metalearrings", "uv": [ 7.5, 0.0, 8.4, 0.18 ] },
						"down": { "texture": "#metalearrings", "uv": [ 1.0, 12.0, 1.9, 12.18 ] }
					},
					"children": [
						{
							"name": "gem4",
							"from": [ 0.414, 0.09, -0.036 ],
							"to": [ 0.63, 0.306, 0.036 ],
							"rotationOrigin": [ 0.522, 0.198, 0.0 ],
							"rotationZ": -45.0,
							"faces": {
								"north": { "texture": "#gem_1", "uv": [ 12.0, 0.0, 12.72, 0.72 ] },
								"east": { "texture": "#gem_1", "uv": [ 12.0, 6.0, 12.72, 6.72 ] },
								"west": { "texture": "#gem_1", "uv": [ 10.0, 0.0, 10.72, 0.72 ] },
								"up": { "texture": "#gem_1", "uv": [ 2.0, 2.0, 2.72, 2.72 ] },
								"down": { "texture": "#gem_1", "uv": [ 12.0, 6.0, 12.72, 6.72 ] }
							}
						},
						{
							"name": "gem11",
							"from": [ 0.738, 0.126, -0.036 ],
							"to": [ 0.882, 0.27, 0.036 ],
							"rotationOrigin": [ 0.81, 0.198, 0.0 ],
							"rotationZ": -45.0,
							"faces": {
								"north": { "texture": "#gem_2", "uv": [ 10.0, 2.0, 10.72, 2.72 ] },
								"east": { "texture": "#gem_2", "uv": [ 0.0, 8.0, 0.72, 8.72 ] },
								"west": { "texture": "#gem_2", "uv": [ 6.0, 4.0, 6.72, 4.72 ] },
								"up": { "texture": "#gem_2", "uv": [ 6.0, 6.0, 6.72, 6.72 ] },
								"down": { "texture": "#gem_2", "uv": [ 0.0, 8.0, 0.72, 8.72 ] }
							}
						},
						{
							"name": "gem12",
							"from": [ 0.162, 0.126, -0.036 ],
							"to": [ 0.306, 0.27, 0.036 ],
							"rotationOrigin": [ 0.234, 0.198, 0.0 ],
							"rotationZ": -45.0,
							"faces": {
								"north": { "texture": "#gem_2", "uv": [ 0.0, 12.0, 0.72, 12.72 ] },
								"east": { "texture": "#gem_2", "uv": [ 2.0, 8.0, 2.72, 8.72 ] },
								"west": { "texture": "#gem_2", "uv": [ 2.0, 6.0, 2.72, 6.72 ] },
								"up": { "texture": "#gem_2", "uv": [ 4.0, 2.0, 4.72, 2.72 ] },
								"down": { "texture": "#gem_2", "uv": [ 10.0, 0.0, 10.72, 0.72 ] }
							}
						},
						{
							"name": "gem29",
							"from": [ 0.324, 0.234, -0.036 ],
							"to": [ 0.396, 0.306, 0.036 ],
							"rotationOrigin": [ 0.36, 0.27, 0.0 ],
							"rotationZ": -45.0,
							"faces": {
								"north": { "texture": "#gem_3", "uv": [ 8.0, 0.0, 8.72, 0.72 ] },
								"east": { "texture": "#gem_3", "uv": [ 10.0, 10.0, 10.72, 10.72 ] },
								"west": { "texture": "#gem_3", "uv": [ 8.0, 8.0, 8.72, 8.72 ] },
								"up": { "texture": "#gem_3", "uv": [ 8.0, 4.0, 8.72, 4.72 ] },
								"down": { "texture": "#gem_3", "uv": [ 0.0, 0.0, 0.72, 0.72 ] }
							}
						},
						{
							"name": "gem30",
							"from": [ 0.324, 0.09, -0.036 ],
							"to": [ 0.396, 0.162, 0.036 ],
							"rotationOrigin": [ 0.36, 0.126, 0.0 ],
							"rotationZ": -45.0,
							"faces": {
								"north": { "texture": "#gem_3", "uv": [ 8.0, 12.0, 8.72, 12.72 ] },
								"east": { "texture": "#gem_3", "uv": [ 6.0, 4.0, 6.72, 4.72 ] },
								"west": { "texture": "#gem_3", "uv": [ 4.0, 0.0, 4.72, 0.72 ] },
								"up": { "texture": "#gem_3", "uv": [ 6.0, 10.0, 6.72, 10.72 ] },
								"down": { "texture": "#gem_3", "uv": [ 8.0, 12.0, 8.72, 12.72 ] }
							}
						},
						{
							"name": "gem31",
							"from": [ 0.072, 0.09, -0.036 ],
							"to": [ 0.144, 0.162, 0.036 ],
							"rotationOrigin": [ 0.108, 0.126, 0.0 ],
							"rotationZ": -45.0,
							"faces": {
								"north": { "texture": "#gem_3", "uv": [ 2.0, 4.0, 2.72, 4.72 ] },
								"east": { "texture": "#gem_3", "uv": [ 12.0, 2.0, 12.72, 2.72 ] },
								"west": { "texture": "#gem_3", "uv": [ 2.0, 6.0, 2.72, 6.72 ] },
								"up": { "texture": "#gem_3", "uv": [ 4.0, 8.0, 4.72, 8.72 ] },
								"down": { "texture": "#gem_3", "uv": [ 6.0, 12.0, 6.72, 12.72 ] }
							}
						},
						{
							"name": "gem32",
							"from": [ 0.072, 0.234, -0.036 ],
							"to": [ 0.144, 0.306, 0.036 ],
							"rotationOrigin": [ 0.108, 0.27, 0.0 ],
							"rotationZ": -45.0,
							"faces": {
								"north": { "texture": "#gem_3", "uv": [ 12.0, 6.0, 12.72, 6.72 ] },
								"east": { "texture": "#gem_3", "uv": [ 12.0, 8.0, 12.72, 8.72 ] },
								"west": { "texture": "#gem_3", "uv": [ 2.0, 4.0, 2.72, 4.72 ] },
								"up": { "texture": "#gem_3", "uv": [ 2.0, 4.0, 2.72, 4.72 ] },
								"down": { "texture": "#gem_3", "uv": [ 6.0, 10.0, 6.72, 10.72 ] }
							}
						},
						{
							"name": "gem33",
							"from": [ 0.648, 0.09, -0.036 ],
							"to": [ 0.72, 0.162, 0.036 ],
							"rotationOrigin": [ 0.684, 0.126, 0.0 ],
							"rotationZ": -45.0,
							"faces": {
								"north": { "texture": "#gem_3", "uv": [ 8.0, 10.0, 8.72, 10.72 ] },
								"east": { "texture": "#gem_3", "uv": [ 2.0, 8.0, 2.72, 8.72 ] },
								"west": { "texture": "#gem_3", "uv": [ 6.0, 8.0, 6.72, 8.72 ] },
								"up": { "texture": "#gem_3", "uv": [ 2.0, 10.0, 2.72, 10.72 ] },
								"down": { "texture": "#gem_3", "uv": [ 2.0, 8.0, 2.72, 8.72 ] }
							}
						},
						{
							"name": "gem34",
							"from": [ 0.648, 0.234, -0.036 ],
							"to": [ 0.72, 0.306, 0.036 ],
							"rotationOrigin": [ 0.684, 0.27, 0.0 ],
							"rotationZ": -45.0,
							"faces": {
								"north": { "texture": "#gem_3", "uv": [ 2.0, 8.0, 2.72, 8.72 ] },
								"east": { "texture": "#gem_3", "uv": [ 2.0, 8.0, 2.72, 8.72 ] },
								"west": { "texture": "#gem_3", "uv": [ 8.0, 6.0, 8.72, 6.72 ] },
								"up": { "texture": "#gem_3", "uv": [ 12.0, 12.0, 12.72, 12.72 ] },
								"down": { "texture": "#gem_3", "uv": [ 10.0, 8.0, 10.72, 8.72 ] }
							}
						},
						{
							"name": "gem35",
							"from": [ 0.864, 0.234, -0.036 ],
							"to": [ 0.936, 0.306, 0.036 ],
							"rotationOrigin": [ 0.9, 0.27, 0.0 ],
							"rotationZ": -45.0,
							"faces": {
								"north": { "texture": "#gem_3", "uv": [ 4.0, 0.0, 4.72, 0.72 ] },
								"east": { "texture": "#gem_3", "uv": [ 8.0, 6.0, 8.72, 6.72 ] },
								"west": { "texture": "#gem_3", "uv": [ 8.0, 12.0, 8.72, 12.72 ] },
								"up": { "texture": "#gem_3", "uv": [ 0.0, 12.0, 0.72, 12.72 ] },
								"down": { "texture": "#gem_3", "uv": [ 0.0, 12.0, 0.72, 12.72 ] }
							}
						},
						{
							"name": "gem36",
							"from": [ 0.864, 0.09, -0.036 ],
							"to": [ 0.936, 0.162, 0.036 ],
							"rotationOrigin": [ 0.9, 0.126, 0.0 ],
							"rotationZ": -45.0,
							"faces": {
								"north": { "texture": "#gem_3", "uv": [ 12.0, 4.0, 12.72, 4.72 ] },
								"east": { "texture": "#gem_3", "uv": [ 10.0, 2.0, 10.72, 2.72 ] },
								"west": { "texture": "#gem_3", "uv": [ 0.0, 8.0, 0.72, 8.72 ] },
								"up": { "texture": "#gem_3", "uv": [ 12.0, 4.0, 12.72, 4.72 ] },
								"down": { "texture": "#gem_3", "uv": [ 6.0, 12.0, 6.72, 12.72 ] }
							}
						}
					]
				}
			]
		}
	]}