{
	"editor": {
		"backDropShape": "entity/humanoid/seraph",
		"collapsedPaths": "Root/hidelowerarm/E,Root/hidelowerarm/W,Root/hidelowerarm2,Root/hidelowerarm/N,Root/hidelowerarm/hidelowerarm2,Root/hidelowerarm/S",
		"allAngles": false,
		"entityTextureMode": false
	},
	"textureWidth": 16,
	"textureHeight": 16,
	"textureSizes": {
		"gold": [16,16],
		"ruby": [8,8],
		"diamond": [8,8],
		"onyx": [8,8],
		"seraph": [64,64]
	},
	"textures": {
		"metalearrings": "canjewelry:item/gem/notvis",
		"plain": "canjewelry:item/gem/notvis",
		"gem_1": "canjewelry:item/gem/notvis",
		"gem_2": "canjewelry:item/gem/notvis",
		"gem_3": "canjewelry:item/gem/notvis",
		"gem_4": "canjewelry:item/gem/notvis"
	},
	"elements": [
		{
			"name": "hidelowerarm2",
			"stepParentName": "Head",
			"from": [ 2.5, 1.5412, 5.2029 ],
			"to": [ 2.5, 1.5412, 5.2029 ],
			"rotationOrigin": [ 2.92, 1.8972, 5.2064 ],
			"rotationX": -102.5,
			"faces": {
			},
			"children": [
				{
					"name": "W2",
					"from": [ -0.072, 0.18, -0.432 ],
					"to": [ 0.036, 0.54, 0.432 ],
					"rotationOrigin": [ 0.036, 0.36, 0.0 ],
					"rotationZ": 2.0,
					"faces": {
						"north": {
							"texture": "#metalearrings",
							"uv": [ 9.0, 2.0, 9.3, 2.3 ]
						},
						"east": {
							"texture": "#metalearrings",
							"uv": [ 3.0, 4.5, 3.6, 4.8 ]
						},
						"south": {
							"texture": "#metalearrings",
							"uv": [ 13.0, 8.0, 13.3, 8.3 ]
						},
						"west": {
							"texture": "#metalearrings",
							"uv": [ 0.5, 10.0, 1.1, 10.3 ]
						},
						"up": {
							"texture": "#metalearrings",
							"uv": [ 7.5, 10.0, 7.8, 10.6 ]
						},
						"down": {
							"texture": "#metalearrings",
							"uv": [ 13.0, 10.0, 13.3, 10.6 ]
						}
					},
					"children": [
						{
							"name": "gem37",
							"from": [ -0.036, 0.072, 0.324 ],
							"to": [ 0.036, 0.288, 0.54 ],
							"rotationOrigin": [ 0.0, 0.18, 0.432 ],
							"rotationX": 45.0,
							"faces": {
								"north": {
									"texture": "#gem_1",
									"uv": [ 4.0, 0.0, 4.3, 0.3 ]
								},
								"south": {
									"texture": "#gem_1",
									"uv": [ 10.0, 12.0, 10.3, 12.3 ]
								},
								"west": {
									"texture": "#gem_1",
									"uv": [ 4.0, 4.0, 4.3, 4.3 ]
								},
								"up": {
									"texture": "#gem_1",
									"uv": [ 14.0, 6.0, 14.3, 6.3 ]
								},
								"down": {
									"texture": "#gem_1",
									"uv": [ 12.0, 0.0, 12.3, 0.3 ]
								}
							}
						},
						{
							"name": "gem38",
							"from": [ -0.036, 0.108, 0.072 ],
							"to": [ 0.036, 0.252, 0.216 ],
							"rotationOrigin": [ 0.0, 0.18, 0.144 ],
							"rotationX": 45.0,
							"faces": {
								"north": {
									"texture": "#gem_2",
									"uv": [ 10.0, 2.0, 10.3, 2.3 ]
								},
								"south": {
									"texture": "#gem_2",
									"uv": [ 8.0, 2.0, 8.3, 2.3 ]
								},
								"west": {
									"texture": "#gem_2",
									"uv": [ 12.0, 2.0, 12.3, 2.3 ]
								},
								"up": {
									"texture": "#gem_2",
									"uv": [ 12.0, 2.0, 12.3, 2.3 ]
								},
								"down": {
									"texture": "#gem_2",
									"uv": [ 8.0, 4.0, 8.3, 4.3 ]
								}
							}
						},
						{
							"name": "gem39",
							"from": [ -0.036, 0.108, 0.648 ],
							"to": [ 0.036, 0.252, 0.792 ],
							"rotationOrigin": [ 0.0, 0.18, 0.72 ],
							"rotationX": 45.0,
							"faces": {
								"north": {
									"texture": "#gem_2",
									"uv": [ 4.0, 8.0, 4.3, 8.3 ]
								},
								"south": {
									"texture": "#gem_2",
									"uv": [ 8.0, 12.0, 8.3, 12.3 ]
								},
								"west": {
									"texture": "#gem_2",
									"uv": [ 10.0, 12.0, 10.3, 12.3 ]
								},
								"up": {
									"texture": "#gem_2",
									"uv": [ 12.0, 2.0, 12.3, 2.3 ]
								},
								"down": {
									"texture": "#gem_2",
									"uv": [ 6.0, 10.0, 6.3, 10.3 ]
								}
							}
						},
						{
							"name": "gem40",
							"from": [ -0.036, 0.252, 0.216 ],
							"to": [ 0.036, 0.324, 0.288 ],
							"rotationOrigin": [ 0.0, 0.288, 0.252 ],
							"rotationX": 45.0,
							"faces": {
								"north": {
									"texture": "#gem_3",
									"uv": [ 4.0, 10.0, 4.3, 10.3 ]
								},
								"south": {
									"texture": "#gem_3",
									"uv": [ 10.0, 10.0, 10.3, 10.3 ]
								},
								"west": {
									"texture": "#gem_3",
									"uv": [ 8.0, 0.0, 8.3, 0.3 ]
								},
								"up": {
									"texture": "#gem_3",
									"uv": [ 12.0, 2.0, 12.3, 2.3 ]
								},
								"down": {
									"texture": "#gem_3",
									"uv": [ 8.0, 2.0, 8.3, 2.3 ]
								}
							}
						},
						{
							"name": "gem41",
							"from": [ -0.036, 0.036, 0.216 ],
							"to": [ 0.036, 0.108, 0.288 ],
							"rotationOrigin": [ 0.0, 0.072, 0.252 ],
							"rotationX": 45.0,
							"faces": {
								"north": {
									"texture": "#gem_3",
									"uv": [ 12.0, 12.0, 12.3, 12.3 ]
								},
								"south": {
									"texture": "#gem_3",
									"uv": [ 6.0, 0.0, 6.3, 0.3 ]
								},
								"west": {
									"texture": "#gem_3",
									"uv": [ 6.0, 12.0, 6.3, 12.3 ]
								},
								"up": {
									"texture": "#gem_3",
									"uv": [ 8.0, 2.0, 8.3, 2.3 ]
								},
								"down": {
									"texture": "#gem_3",
									"uv": [ 0.0, 8.0, 0.3, 8.3 ]
								}
							}
						},
						{
							"name": "gem42",
							"from": [ -0.036, 0.036, 0.576 ],
							"to": [ 0.036, 0.108, 0.648 ],
							"rotationOrigin": [ 0.0, 0.072, 0.612 ],
							"rotationX": 45.0,
							"faces": {
								"north": {
									"texture": "#gem_3",
									"uv": [ 4.0, 12.0, 4.3, 12.3 ]
								},
								"south": {
									"texture": "#gem_3",
									"uv": [ 10.0, 10.0, 10.3, 10.3 ]
								},
								"west": {
									"texture": "#gem_3",
									"uv": [ 0.0, 0.0, 0.3, 0.3 ]
								},
								"up": {
									"texture": "#gem_3",
									"uv": [ 4.0, 8.0, 4.3, 8.3 ]
								},
								"down": {
									"texture": "#gem_3",
									"uv": [ 8.0, 12.0, 8.3, 12.3 ]
								}
							}
						},
						{
							"name": "gem43",
							"from": [ -0.036, 0.252, 0.576 ],
							"to": [ 0.036, 0.324, 0.648 ],
							"rotationOrigin": [ 0.0, 0.288, 0.612 ],
							"rotationX": 45.0,
							"faces": {
								"north": {
									"texture": "#gem_3",
									"uv": [ 6.0, 4.0, 6.3, 4.3 ]
								},
								"south": {
									"texture": "#gem_3",
									"uv": [ 10.0, 0.0, 10.3, 0.3 ]
								},
								"west": {
									"texture": "#gem_3",
									"uv": [ 0.0, 12.0, 0.3, 12.3 ]
								},
								"up": {
									"texture": "#gem_3",
									"uv": [ 0.0, 10.0, 0.3, 10.3 ]
								},
								"down": {
									"texture": "#gem_3",
									"uv": [ 6.0, 10.0, 6.3, 10.3 ]
								}
							}
						}
					]
				},
				{
					"name": "E2",
					"from": [ 0.864, 0.18, -0.432 ],
					"to": [ 0.972, 0.54, 0.432 ],
					"rotationOrigin": [ 0.9, 0.36, 0.0 ],
					"rotationZ": -2.0,
					"faces": {
						"north": {
							"texture": "#metalearrings",
							"uv": [ 15.0, 2.0, 15.3, 2.3 ]
						},
						"east": {
							"texture": "#metalearrings",
							"uv": [ 10.5, 14.5, 11.1, 14.8 ]
						},
						"south": {
							"texture": "#metalearrings",
							"uv": [ 12.5, 11.0, 12.8, 11.3 ]
						},
						"west": {
							"texture": "#metalearrings",
							"uv": [ 2.5, 0.0, 3.1, 0.3 ]
						},
						"up": {
							"texture": "#metalearrings",
							"uv": [ 11.5, 7.0, 11.8, 7.6 ]
						},
						"down": {
							"texture": "#metalearrings",
							"uv": [ 10.0, 4.0, 10.3, 4.6 ]
						}
					},
					"children": [
						{
							"name": "gem44",
							"from": [ 0.072, 0.072, 0.324 ],
							"to": [ 0.144, 0.288, 0.54 ],
							"rotationOrigin": [ 0.072, 0.18, 0.432 ],
							"rotationX": -45.0,
							"faces": {
								"north": {
									"texture": "#gem_1",
									"uv": [ 12.0, 4.0, 12.3, 4.3 ]
								},
								"east": {
									"texture": "#gem_1",
									"uv": [ 4.0, 10.0, 4.3, 10.3 ]
								},
								"south": {
									"texture": "#gem_1",
									"uv": [ 0.0, 14.0, 0.3, 14.3 ]
								},
								"up": {
									"texture": "#gem_1",
									"uv": [ 10.0, 6.0, 10.3, 6.3 ]
								},
								"down": {
									"texture": "#gem_1",
									"uv": [ 10.0, 2.0, 10.3, 2.3 ]
								}
							}
						},
						{
							"name": "gem45",
							"from": [ 0.072, 0.108, 0.648 ],
							"to": [ 0.144, 0.252, 0.792 ],
							"rotationOrigin": [ 0.072, 0.18, 0.72 ],
							"rotationX": -45.0,
							"faces": {
								"north": {
									"texture": "#gem_2",
									"uv": [ 2.0, 6.0, 2.3, 6.3 ]
								},
								"east": {
									"texture": "#gem_2",
									"uv": [ 10.0, 2.0, 10.3, 2.3 ]
								},
								"south": {
									"texture": "#gem_2",
									"uv": [ 0.0, 12.0, 0.3, 12.3 ]
								},
								"up": {
									"texture": "#gem_2",
									"uv": [ 4.0, 6.0, 4.3, 6.3 ]
								},
								"down": {
									"texture": "#gem_2",
									"uv": [ 4.0, 12.0, 4.3, 12.3 ]
								}
							}
						},
						{
							"name": "gem46",
							"from": [ 0.072, 0.108, 0.072 ],
							"to": [ 0.144, 0.252, 0.216 ],
							"rotationOrigin": [ 0.072, 0.18, 0.144 ],
							"rotationX": -45.0,
							"faces": {
								"north": {
									"texture": "#gem_2",
									"uv": [ 0.0, 10.0, 0.3, 10.3 ]
								},
								"east": {
									"texture": "#gem_2",
									"uv": [ 10.0, 4.0, 10.3, 4.3 ]
								},
								"south": {
									"texture": "#gem_2",
									"uv": [ 0.0, 12.0, 0.3, 12.3 ]
								},
								"up": {
									"texture": "#gem_2",
									"uv": [ 10.0, 0.0, 10.3, 0.3 ]
								},
								"down": {
									"texture": "#gem_2",
									"uv": [ 4.0, 0.0, 4.3, 0.3 ]
								}
							}
						},
						{
							"name": "gem47",
							"from": [ 0.072, 0.252, 0.576 ],
							"to": [ 0.144, 0.324, 0.648 ],
							"rotationOrigin": [ 0.072, 0.288, 0.612 ],
							"rotationX": -45.0,
							"faces": {
								"north": {
									"texture": "#gem_3",
									"uv": [ 2.0, 6.0, 2.3, 6.3 ]
								},
								"east": {
									"texture": "#gem_3",
									"uv": [ 0.0, 8.0, 0.3, 8.3 ]
								},
								"south": {
									"texture": "#gem_3",
									"uv": [ 6.0, 12.0, 6.3, 12.3 ]
								},
								"up": {
									"texture": "#gem_3",
									"uv": [ 12.0, 6.0, 12.3, 6.3 ]
								},
								"down": {
									"texture": "#gem_3",
									"uv": [ 4.0, 4.0, 4.3, 4.3 ]
								}
							}
						},
						{
							"name": "gem48",
							"from": [ 0.072, 0.036, 0.576 ],
							"to": [ 0.144, 0.108, 0.648 ],
							"rotationOrigin": [ 0.072, 0.072, 0.612 ],
							"rotationX": -45.0,
							"faces": {
								"north": {
									"texture": "#gem_3",
									"uv": [ 0.0, 2.0, 0.3, 2.3 ]
								},
								"east": {
									"texture": "#gem_3",
									"uv": [ 6.0, 12.0, 6.3, 12.3 ]
								},
								"south": {
									"texture": "#gem_3",
									"uv": [ 2.0, 12.0, 2.3, 12.3 ]
								},
								"up": {
									"texture": "#gem_3",
									"uv": [ 0.0, 12.0, 0.3, 12.3 ]
								},
								"down": {
									"texture": "#gem_3",
									"uv": [ 6.0, 6.0, 6.3, 6.3 ]
								}
							}
						},
						{
							"name": "gem49",
							"from": [ 0.072, 0.036, 0.216 ],
							"to": [ 0.144, 0.108, 0.288 ],
							"rotationOrigin": [ 0.072, 0.072, 0.252 ],
							"rotationX": -45.0,
							"faces": {
								"north": {
									"texture": "#gem_3",
									"uv": [ 12.0, 10.0, 12.3, 10.3 ]
								},
								"east": {
									"texture": "#gem_3",
									"uv": [ 10.0, 8.0, 10.3, 8.3 ]
								},
								"south": {
									"texture": "#gem_3",
									"uv": [ 10.0, 12.0, 10.3, 12.3 ]
								},
								"up": {
									"texture": "#gem_3",
									"uv": [ 10.0, 10.0, 10.3, 10.3 ]
								},
								"down": {
									"texture": "#gem_3",
									"uv": [ 10.0, 8.0, 10.3, 8.3 ]
								}
							}
						},
						{
							"name": "gem50",
							"from": [ 0.072, 0.252, 0.216 ],
							"to": [ 0.144, 0.324, 0.288 ],
							"rotationOrigin": [ 0.072, 0.288, 0.252 ],
							"rotationX": -45.0,
							"faces": {
								"north": {
									"texture": "#gem_3",
									"uv": [ 4.0, 0.0, 4.3, 0.3 ]
								},
								"east": {
									"texture": "#gem_3",
									"uv": [ 6.0, 12.0, 6.3, 12.3 ]
								},
								"south": {
									"texture": "#gem_3",
									"uv": [ 6.0, 6.0, 6.3, 6.3 ]
								},
								"up": {
									"texture": "#gem_3",
									"uv": [ 10.0, 0.0, 10.3, 0.3 ]
								},
								"down": {
									"texture": "#gem_3",
									"uv": [ 10.0, 4.0, 10.3, 4.3 ]
								}
							}
						}
					]
				},
				{
					"name": "S2",
					"from": [ -0.072, 0.18, 0.324 ],
					"to": [ 0.972, 0.54, 0.432 ],
					"rotationOrigin": [ 0.36, 0.36, 0.36 ],
					"rotationX": 2.0,
					"faces": {
						"north": {
							"texture": "#metalearrings",
							"uv": [ 4.0, 3.5, 4.9, 3.8 ]
						},
						"east": {
							"texture": "#metalearrings",
							"uv": [ 6.0, 14.0, 6.3, 14.3 ]
						},
						"south": {
							"texture": "#metalearrings",
							"uv": [ 0.0, 7.5, 0.9, 7.8 ]
						},
						"west": {
							"texture": "#metalearrings",
							"uv": [ 6.0, 7.5, 6.3, 7.8 ]
						},
						"up": {
							"texture": "#metalearrings",
							"uv": [ 4.5, 7.5, 5.4, 7.8 ]
						},
						"down": {
							"texture": "#metalearrings",
							"uv": [ 2.0, 3.5, 2.9, 3.8 ]
						}
					},
					"children": [
						{
							"name": "gem51",
							"from": [ 0.414, 0.09, 0.072 ],
							"to": [ 0.63, 0.306, 0.144 ],
							"rotationOrigin": [ 0.522, 0.198, 0.072 ],
							"rotationZ": -45.0,
							"faces": {
								"east": {
									"texture": "#gem_1",
									"uv": [ 0.0, 2.0, 0.3, 2.3 ]
								},
								"south": {
									"texture": "#gem_1",
									"uv": [ 10.0, 12.0, 10.3, 12.3 ]
								},
								"west": {
									"texture": "#gem_1",
									"uv": [ 4.0, 0.0, 4.3, 0.3 ]
								},
								"up": {
									"texture": "#gem_1",
									"uv": [ 0.0, 14.0, 0.3, 14.3 ]
								},
								"down": {
									"texture": "#gem_1",
									"uv": [ 2.0, 8.0, 2.3, 8.3 ]
								}
							}
						},
						{
							"name": "gem52",
							"from": [ 0.162, 0.126, 0.072 ],
							"to": [ 0.306, 0.27, 0.144 ],
							"rotationOrigin": [ 0.234, 0.198, 0.072 ],
							"rotationZ": -45.0,
							"faces": {
								"east": {
									"texture": "#gem_2",
									"uv": [ 12.0, 2.0, 12.3, 2.3 ]
								},
								"south": {
									"texture": "#gem_2",
									"uv": [ 0.0, 8.0, 0.3, 8.3 ]
								},
								"west": {
									"texture": "#gem_2",
									"uv": [ 10.0, 6.0, 10.3, 6.3 ]
								},
								"up": {
									"texture": "#gem_2",
									"uv": [ 2.0, 0.0, 2.3, 0.3 ]
								},
								"down": {
									"texture": "#gem_2",
									"uv": [ 2.0, 2.0, 2.3, 2.3 ]
								}
							}
						},
						{
							"name": "gem53",
							"from": [ 0.738, 0.126, 0.072 ],
							"to": [ 0.882, 0.27, 0.144 ],
							"rotationOrigin": [ 0.81, 0.198, 0.072 ],
							"rotationZ": -45.0,
							"faces": {
								"east": {
									"texture": "#gem_2",
									"uv": [ 6.0, 4.0, 6.3, 4.3 ]
								},
								"south": {
									"texture": "#gem_2",
									"uv": [ 8.0, 2.0, 8.3, 2.3 ]
								},
								"west": {
									"texture": "#gem_2",
									"uv": [ 0.0, 6.0, 0.3, 6.3 ]
								},
								"up": {
									"texture": "#gem_2",
									"uv": [ 12.0, 0.0, 12.3, 0.3 ]
								},
								"down": {
									"texture": "#gem_2",
									"uv": [ 2.0, 12.0, 2.3, 12.3 ]
								}
							}
						},
						{
							"name": "gem54",
							"from": [ 0.324, 0.234, 0.072 ],
							"to": [ 0.396, 0.306, 0.144 ],
							"rotationOrigin": [ 0.36, 0.27, 0.072 ],
							"rotationZ": -45.0,
							"faces": {
								"east": {
									"texture": "#gem_3",
									"uv": [ 6.0, 8.0, 6.3, 8.3 ]
								},
								"south": {
									"texture": "#gem_3",
									"uv": [ 2.0, 4.0, 2.3, 4.3 ]
								},
								"west": {
									"texture": "#gem_3",
									"uv": [ 10.0, 8.0, 10.3, 8.3 ]
								},
								"up": {
									"texture": "#gem_3",
									"uv": [ 0.0, 4.0, 0.3, 4.3 ]
								},
								"down": {
									"texture": "#gem_3",
									"uv": [ 12.0, 4.0, 12.3, 4.3 ]
								}
							}
						},
						{
							"name": "gem55",
							"from": [ 0.324, 0.09, 0.072 ],
							"to": [ 0.396, 0.162, 0.144 ],
							"rotationOrigin": [ 0.36, 0.126, 0.072 ],
							"rotationZ": -45.0,
							"faces": {
								"east": {
									"texture": "#gem_3",
									"uv": [ 0.0, 12.0, 0.3, 12.3 ]
								},
								"south": {
									"texture": "#gem_3",
									"uv": [ 12.0, 6.0, 12.3, 6.3 ]
								},
								"west": {
									"texture": "#gem_3",
									"uv": [ 4.0, 4.0, 4.3, 4.3 ]
								},
								"up": {
									"texture": "#gem_3",
									"uv": [ 10.0, 0.0, 10.3, 0.3 ]
								},
								"down": {
									"texture": "#gem_3",
									"uv": [ 6.0, 8.0, 6.3, 8.3 ]
								}
							}
						},
						{
							"name": "gem56",
							"from": [ 0.648, 0.09, 0.072 ],
							"to": [ 0.72, 0.162, 0.144 ],
							"rotationOrigin": [ 0.684, 0.126, 0.072 ],
							"rotationZ": -45.0,
							"faces": {
								"east": {
									"texture": "#gem_3",
									"uv": [ 10.0, 8.0, 10.3, 8.3 ]
								},
								"south": {
									"texture": "#gem_3",
									"uv": [ 12.0, 2.0, 12.3, 2.3 ]
								},
								"west": {
									"texture": "#gem_3",
									"uv": [ 10.0, 10.0, 10.3, 10.3 ]
								},
								"up": {
									"texture": "#gem_3",
									"uv": [ 10.0, 2.0, 10.3, 2.3 ]
								},
								"down": {
									"texture": "#gem_3",
									"uv": [ 2.0, 12.0, 2.3, 12.3 ]
								}
							}
						},
						{
							"name": "gem57",
							"from": [ 0.648, 0.234, 0.072 ],
							"to": [ 0.72, 0.306, 0.144 ],
							"rotationOrigin": [ 0.684, 0.27, 0.072 ],
							"rotationZ": -45.0,
							"faces": {
								"east": {
									"texture": "#gem_3",
									"uv": [ 6.0, 6.0, 6.3, 6.3 ]
								},
								"south": {
									"texture": "#gem_3",
									"uv": [ 2.0, 2.0, 2.3, 2.3 ]
								},
								"west": {
									"texture": "#gem_3",
									"uv": [ 2.0, 2.0, 2.3, 2.3 ]
								},
								"up": {
									"texture": "#gem_3",
									"uv": [ 8.0, 12.0, 8.3, 12.3 ]
								},
								"down": {
									"texture": "#gem_3",
									"uv": [ 8.0, 6.0, 8.3, 6.3 ]
								}
							}
						},
						{
							"name": "gem58",
							"from": [ 0.072, 0.234, 0.072 ],
							"to": [ 0.144, 0.306, 0.144 ],
							"rotationOrigin": [ 0.108, 0.27, 0.072 ],
							"rotationZ": -45.0,
							"faces": {
								"east": {
									"texture": "#gem_3",
									"uv": [ 2.0, 0.0, 2.3, 0.3 ]
								},
								"south": {
									"texture": "#gem_3",
									"uv": [ 8.0, 0.0, 8.3, 0.3 ]
								},
								"west": {
									"texture": "#gem_3",
									"uv": [ 2.0, 8.0, 2.3, 8.3 ]
								},
								"up": {
									"texture": "#gem_3",
									"uv": [ 4.0, 4.0, 4.3, 4.3 ]
								},
								"down": {
									"texture": "#gem_3",
									"uv": [ 0.0, 2.0, 0.3, 2.3 ]
								}
							}
						},
						{
							"name": "gem59",
							"from": [ 0.072, 0.09, 0.072 ],
							"to": [ 0.144, 0.162, 0.144 ],
							"rotationOrigin": [ 0.108, 0.126, 0.072 ],
							"rotationZ": -45.0,
							"faces": {
								"east": {
									"texture": "#gem_3",
									"uv": [ 10.0, 4.0, 10.3, 4.3 ]
								},
								"south": {
									"texture": "#gem_3",
									"uv": [ 12.0, 10.0, 12.3, 10.3 ]
								},
								"west": {
									"texture": "#gem_3",
									"uv": [ 6.0, 8.0, 6.3, 8.3 ]
								},
								"up": {
									"texture": "#gem_3",
									"uv": [ 8.0, 2.0, 8.3, 2.3 ]
								},
								"down": {
									"texture": "#gem_3",
									"uv": [ 4.0, 6.0, 4.3, 6.3 ]
								}
							}
						},
						{
							"name": "gem60",
							"from": [ 0.9, 0.09, 0.072 ],
							"to": [ 0.972, 0.162, 0.144 ],
							"rotationOrigin": [ 0.936, 0.126, 0.072 ],
							"rotationZ": -45.0,
							"faces": {
								"east": {
									"texture": "#gem_3",
									"uv": [ 12.0, 0.0, 12.3, 0.3 ]
								},
								"south": {
									"texture": "#gem_3",
									"uv": [ 12.0, 6.0, 12.3, 6.3 ]
								},
								"west": {
									"texture": "#gem_3",
									"uv": [ 4.0, 10.0, 4.3, 10.3 ]
								},
								"up": {
									"texture": "#gem_3",
									"uv": [ 12.0, 12.0, 12.3, 12.3 ]
								},
								"down": {
									"texture": "#gem_3",
									"uv": [ 4.0, 12.0, 4.3, 12.3 ]
								}
							}
						},
						{
							"name": "gem61",
							"from": [ 0.9, 0.234, 0.072 ],
							"to": [ 0.972, 0.306, 0.144 ],
							"rotationOrigin": [ 0.936, 0.27, 0.072 ],
							"rotationZ": -45.0,
							"faces": {
								"east": {
									"texture": "#gem_3",
									"uv": [ 0.0, 2.0, 0.3, 2.3 ]
								},
								"south": {
									"texture": "#gem_3",
									"uv": [ 12.0, 10.0, 12.3, 10.3 ]
								},
								"west": {
									"texture": "#gem_3",
									"uv": [ 0.0, 0.0, 0.3, 0.3 ]
								},
								"up": {
									"texture": "#gem_3",
									"uv": [ 6.0, 12.0, 6.3, 12.3 ]
								},
								"down": {
									"texture": "#gem_3",
									"uv": [ 0.0, 10.0, 0.3, 10.3 ]
								}
							}
						}
					]
				},
				{
					"name": "N2",
					"from": [ -0.072, 0.18, -0.432 ],
					"to": [ 0.972, 0.54, -0.324 ],
					"rotationOrigin": [ 0.36, 0.36, -0.36 ],
					"rotationX": -2.0,
					"faces": {
						"north": {
							"texture": "#metalearrings",
							"uv": [ 3.0, 8.0, 3.9, 8.3 ]
						},
						"east": {
							"texture": "#metalearrings",
							"uv": [ 2.0, 8.0, 2.3, 8.3 ]
						},
						"south": {
							"texture": "#metalearrings",
							"uv": [ 9.5, 14.5, 10.4, 14.8 ]
						},
						"west": {
							"texture": "#metalearrings",
							"uv": [ 5.0, 6.0, 5.3, 6.3 ]
						},
						"up": {
							"texture": "#metalearrings",
							"uv": [ 7.5, 0.0, 8.4, 0.3 ]
						},
						"down": {
							"texture": "#metalearrings",
							"uv": [ 1.0, 12.0, 1.9, 12.3 ]
						}
					},
					"children": [
						{
							"name": "gem62",
							"from": [ 0.414, 0.09, -0.036 ],
							"to": [ 0.63, 0.306, 0.036 ],
							"rotationOrigin": [ 0.522, 0.198, 0.0 ],
							"rotationZ": -45.0,
							"faces": {
								"north": {
									"texture": "#gem_1",
									"uv": [ 12.0, 0.0, 12.3, 0.3 ]
								},
								"east": {
									"texture": "#gem_1",
									"uv": [ 12.0, 6.0, 12.3, 6.3 ]
								},
								"west": {
									"texture": "#gem_1",
									"uv": [ 10.0, 0.0, 10.3, 0.3 ]
								},
								"up": {
									"texture": "#gem_1",
									"uv": [ 2.0, 2.0, 2.3, 2.3 ]
								},
								"down": {
									"texture": "#gem_1",
									"uv": [ 12.0, 6.0, 12.3, 6.3 ]
								}
							}
						},
						{
							"name": "gem63",
							"from": [ 0.738, 0.126, -0.036 ],
							"to": [ 0.882, 0.27, 0.036 ],
							"rotationOrigin": [ 0.81, 0.198, 0.0 ],
							"rotationZ": -45.0,
							"faces": {
								"north": {
									"texture": "#gem_2",
									"uv": [ 10.0, 2.0, 10.3, 2.3 ]
								},
								"east": {
									"texture": "#gem_2",
									"uv": [ 0.0, 8.0, 0.3, 8.3 ]
								},
								"west": {
									"texture": "#gem_2",
									"uv": [ 6.0, 4.0, 6.3, 4.3 ]
								},
								"up": {
									"texture": "#gem_2",
									"uv": [ 6.0, 6.0, 6.3, 6.3 ]
								},
								"down": {
									"texture": "#gem_2",
									"uv": [ 0.0, 8.0, 0.3, 8.3 ]
								}
							}
						},
						{
							"name": "gem64",
							"from": [ 0.162, 0.126, -0.036 ],
							"to": [ 0.306, 0.27, 0.036 ],
							"rotationOrigin": [ 0.234, 0.198, 0.0 ],
							"rotationZ": -45.0,
							"faces": {
								"north": {
									"texture": "#gem_2",
									"uv": [ 0.0, 12.0, 0.3, 12.3 ]
								},
								"east": {
									"texture": "#gem_2",
									"uv": [ 2.0, 8.0, 2.3, 8.3 ]
								},
								"west": {
									"texture": "#gem_2",
									"uv": [ 2.0, 6.0, 2.3, 6.3 ]
								},
								"up": {
									"texture": "#gem_2",
									"uv": [ 4.0, 2.0, 4.3, 2.3 ]
								},
								"down": {
									"texture": "#gem_2",
									"uv": [ 10.0, 0.0, 10.3, 0.3 ]
								}
							}
						},
						{
							"name": "gem65",
							"from": [ 0.324, 0.234, -0.036 ],
							"to": [ 0.396, 0.306, 0.036 ],
							"rotationOrigin": [ 0.36, 0.27, 0.0 ],
							"rotationZ": -45.0,
							"faces": {
								"north": {
									"texture": "#gem_3",
									"uv": [ 8.0, 0.0, 8.3, 0.3 ]
								},
								"east": {
									"texture": "#gem_3",
									"uv": [ 10.0, 10.0, 10.3, 10.3 ]
								},
								"west": {
									"texture": "#gem_3",
									"uv": [ 8.0, 8.0, 8.3, 8.3 ]
								},
								"up": {
									"texture": "#gem_3",
									"uv": [ 8.0, 4.0, 8.3, 4.3 ]
								},
								"down": {
									"texture": "#gem_3",
									"uv": [ 0.0, 0.0, 0.3, 0.3 ]
								}
							}
						},
						{
							"name": "gem66",
							"from": [ 0.324, 0.09, -0.036 ],
							"to": [ 0.396, 0.162, 0.036 ],
							"rotationOrigin": [ 0.36, 0.126, 0.0 ],
							"rotationZ": -45.0,
							"faces": {
								"north": {
									"texture": "#gem_3",
									"uv": [ 8.0, 12.0, 8.3, 12.3 ]
								},
								"east": {
									"texture": "#gem_3",
									"uv": [ 6.0, 4.0, 6.3, 4.3 ]
								},
								"west": {
									"texture": "#gem_3",
									"uv": [ 4.0, 0.0, 4.3, 0.3 ]
								},
								"up": {
									"texture": "#gem_3",
									"uv": [ 6.0, 10.0, 6.3, 10.3 ]
								},
								"down": {
									"texture": "#gem_3",
									"uv": [ 8.0, 12.0, 8.3, 12.3 ]
								}
							}
						},
						{
							"name": "gem67",
							"from": [ 0.072, 0.09, -0.036 ],
							"to": [ 0.144, 0.162, 0.036 ],
							"rotationOrigin": [ 0.108, 0.126, 0.0 ],
							"rotationZ": -45.0,
							"faces": {
								"north": {
									"texture": "#gem_3",
									"uv": [ 2.0, 4.0, 2.3, 4.3 ]
								},
								"east": {
									"texture": "#gem_3",
									"uv": [ 12.0, 2.0, 12.3, 2.3 ]
								},
								"west": {
									"texture": "#gem_3",
									"uv": [ 2.0, 6.0, 2.3, 6.3 ]
								},
								"up": {
									"texture": "#gem_3",
									"uv": [ 4.0, 8.0, 4.3, 8.3 ]
								},
								"down": {
									"texture": "#gem_3",
									"uv": [ 6.0, 12.0, 6.3, 12.3 ]
								}
							}
						},
						{
							"name": "gem68",
							"from": [ 0.072, 0.234, -0.036 ],
							"to": [ 0.144, 0.306, 0.036 ],
							"rotationOrigin": [ 0.108, 0.27, 0.0 ],
							"rotationZ": -45.0,
							"faces": {
								"north": {
									"texture": "#gem_3",
									"uv": [ 12.0, 6.0, 12.3, 6.3 ]
								},
								"east": {
									"texture": "#gem_3",
									"uv": [ 12.0, 8.0, 12.3, 8.3 ]
								},
								"west": {
									"texture": "#gem_3",
									"uv": [ 2.0, 4.0, 2.3, 4.3 ]
								},
								"up": {
									"texture": "#gem_3",
									"uv": [ 2.0, 4.0, 2.3, 4.3 ]
								},
								"down": {
									"texture": "#gem_3",
									"uv": [ 6.0, 10.0, 6.3, 10.3 ]
								}
							}
						},
						{
							"name": "gem69",
							"from": [ 0.648, 0.09, -0.036 ],
							"to": [ 0.72, 0.162, 0.036 ],
							"rotationOrigin": [ 0.684, 0.126, 0.0 ],
							"rotationZ": -45.0,
							"faces": {
								"north": {
									"texture": "#gem_3",
									"uv": [ 8.0, 10.0, 8.3, 10.3 ]
								},
								"east": {
									"texture": "#gem_3",
									"uv": [ 2.0, 8.0, 2.3, 8.3 ]
								},
								"west": {
									"texture": "#gem_3",
									"uv": [ 6.0, 8.0, 6.3, 8.3 ]
								},
								"up": {
									"texture": "#gem_3",
									"uv": [ 2.0, 10.0, 2.3, 10.3 ]
								},
								"down": {
									"texture": "#gem_3",
									"uv": [ 2.0, 8.0, 2.3, 8.3 ]
								}
							}
						},
						{
							"name": "gem70",
							"from": [ 0.648, 0.234, -0.036 ],
							"to": [ 0.72, 0.306, 0.036 ],
							"rotationOrigin": [ 0.684, 0.27, 0.0 ],
							"rotationZ": -45.0,
							"faces": {
								"north": {
									"texture": "#gem_3",
									"uv": [ 2.0, 8.0, 2.3, 8.3 ]
								},
								"east": {
									"texture": "#gem_3",
									"uv": [ 2.0, 8.0, 2.3, 8.3 ]
								},
								"west": {
									"texture": "#gem_3",
									"uv": [ 8.0, 6.0, 8.3, 6.3 ]
								},
								"up": {
									"texture": "#gem_3",
									"uv": [ 12.0, 12.0, 12.3, 12.3 ]
								},
								"down": {
									"texture": "#gem_3",
									"uv": [ 10.0, 8.0, 10.3, 8.3 ]
								}
							}
						},
						{
							"name": "gem71",
							"from": [ 0.864, 0.234, -0.036 ],
							"to": [ 0.936, 0.306, 0.036 ],
							"rotationOrigin": [ 0.9, 0.27, 0.0 ],
							"rotationZ": -45.0,
							"faces": {
								"north": {
									"texture": "#gem_3",
									"uv": [ 4.0, 0.0, 4.3, 0.3 ]
								},
								"east": {
									"texture": "#gem_3",
									"uv": [ 8.0, 6.0, 8.3, 6.3 ]
								},
								"west": {
									"texture": "#gem_3",
									"uv": [ 8.0, 12.0, 8.3, 12.3 ]
								},
								"up": {
									"texture": "#gem_3",
									"uv": [ 0.0, 12.0, 0.3, 12.3 ]
								},
								"down": {
									"texture": "#gem_3",
									"uv": [ 0.0, 12.0, 0.3, 12.3 ]
								}
							}
						},
						{
							"name": "gem72",
							"from": [ 0.864, 0.09, -0.036 ],
							"to": [ 0.936, 0.162, 0.036 ],
							"rotationOrigin": [ 0.9, 0.126, 0.0 ],
							"rotationZ": -45.0,
							"faces": {
								"north": {
									"texture": "#gem_3",
									"uv": [ 12.0, 4.0, 12.3, 4.3 ]
								},
								"east": {
									"texture": "#gem_3",
									"uv": [ 10.0, 2.0, 10.3, 2.3 ]
								},
								"west": {
									"texture": "#gem_3",
									"uv": [ 0.0, 8.0, 0.3, 8.3 ]
								},
								"up": {
									"texture": "#gem_3",
									"uv": [ 12.0, 4.0, 12.3, 4.3 ]
								},
								"down": {
									"texture": "#gem_3",
									"uv": [ 6.0, 12.0, 6.3, 12.3 ]
								}
							}
						}
					]
				}
			]
		}
	]}