{
	"editor": {
		"allAngles": false,
		"singleTexture": false
	},
	"textureWidth": 16,
	"textureHeight": 16,
	"textures": {
		"iron": "block/iron"
	},
	"elements": [
		{
			"name": "Cube1",
			"from": [ 4.5, 0.0, 4.5 ], 
			"to": [ 11.5, 1.0, 11.5 ], 
			"rotationOrigin": [ 8.0, 0.0, 8.0 ],
			"faces": {
				"north": { "texture": "#iron", "uv": [ 0.0, 0.0, 7.0, 1.0 ] },
				"east": { "texture": "#iron", "uv": [ 0.0, 0.0, 7.0, 1.0 ] },
				"south": { "texture": "#iron", "uv": [ 0.0, 0.0, 7.0, 1.0 ] },
				"west": { "texture": "#iron", "uv": [ 0.0, 0.0, 7.0, 1.0 ] },
				"up": { "texture": "#iron", "uv": [ 0.0, 0.0, 7.0, 7.0 ] },
				"down": { "texture": "#iron", "uv": [ 0.0, 0.0, 7.0, 7.0 ] }
			},
			"children": [
				{
					"name": "Cube2",
					"from": [ -1.0, 1.0, -1.0 ], 
					"to": [ 8.0, 2.0, 0.0 ], 
					"rotationOrigin": [ 0.0, 0.5, 0.0 ],
					"faces": {
						"north": { "texture": "#iron", "uv": [ 0.0, 0.0, 9.0, 1.0 ] },
						"east": { "texture": "#iron", "uv": [ 0.0, 0.0, 1.0, 1.0 ] },
						"south": { "texture": "#iron", "uv": [ 0.0, 0.0, 9.0, 1.0 ] },
						"west": { "texture": "#iron", "uv": [ 0.0, 0.0, 1.0, 1.0 ] },
						"up": { "texture": "#iron", "uv": [ 0.0, 0.0, 9.0, 1.0 ] },
						"down": { "texture": "#iron", "uv": [ 0.0, 0.0, 9.0, 1.0 ] }
					}
				},
				{
					"name": "Cube3",
					"from": [ -1.0, 1.0, 7.0 ], 
					"to": [ 8.0, 2.0, 8.0 ], 
					"rotationOrigin": [ 0.0, 0.5, 0.0 ],
					"faces": {
						"north": { "texture": "#iron", "uv": [ 0.0, 0.0, 9.0, 1.0 ] },
						"east": { "texture": "#iron", "uv": [ 0.0, 0.0, 1.0, 1.0 ] },
						"south": { "texture": "#iron", "uv": [ 0.0, 0.0, 9.0, 1.0 ] },
						"west": { "texture": "#iron", "uv": [ 0.0, 0.0, 1.0, 1.0 ] },
						"up": { "texture": "#iron", "uv": [ 0.0, 0.0, 9.0, 1.0 ] },
						"down": { "texture": "#iron", "uv": [ 0.0, 0.0, 9.0, 1.0 ] }
					}
				},
				{
					"name": "Cube4",
					"from": [ -1.0, 1.0, 0.0 ], 
					"to": [ 0.0, 2.0, 7.0 ], 
					"rotationOrigin": [ 0.0, 0.5, 0.0 ],
					"faces": {
						"north": { "texture": "#iron", "uv": [ 0.0, 0.0, 1.0, 1.0 ], "enabled": false },
						"east": { "texture": "#iron", "uv": [ 0.0, 0.0, 7.0, 1.0 ] },
						"south": { "texture": "#iron", "uv": [ 0.0, 0.0, 1.0, 1.0 ], "enabled": false },
						"west": { "texture": "#iron", "uv": [ 0.0, 0.0, 7.0, 1.0 ] },
						"up": { "texture": "#iron", "uv": [ 0.0, 0.0, 1.0, 7.0 ] },
						"down": { "texture": "#iron", "uv": [ 0.0, 0.0, 1.0, 7.0 ] }
					}
				},
				{
					"name": "Cube5",
					"from": [ 7.0, 1.0, 0.0 ], 
					"to": [ 8.0, 2.0, 7.0 ], 
					"rotationOrigin": [ 0.0, 0.5, 0.0 ],
					"faces": {
						"north": { "texture": "#iron", "uv": [ 0.0, 0.0, 1.0, 1.0 ], "enabled": false },
						"east": { "texture": "#iron", "uv": [ 0.0, 0.0, 7.0, 1.0 ] },
						"south": { "texture": "#iron", "uv": [ 0.0, 0.0, 1.0, 1.0 ], "enabled": false },
						"west": { "texture": "#iron", "uv": [ 0.0, 0.0, 7.0, 1.0 ] },
						"up": { "texture": "#iron", "uv": [ 0.0, 0.0, 1.0, 7.0 ] },
						"down": { "texture": "#iron", "uv": [ 0.0, 0.0, 1.0, 7.0 ] }
					}
				},
				{
					"name": "Cube6",
					"from": [ -1.0, 2.0, -2.0 ], 
					"to": [ 8.0, 3.0, -1.0 ], 
					"rotationOrigin": [ 0.0, 0.5, 0.0 ],
					"faces": {
						"north": { "texture": "#iron", "uv": [ 0.0, 0.0, 9.0, 1.0 ] },
						"east": { "texture": "#iron", "uv": [ 0.0, 0.0, 1.0, 1.0 ], "enabled": false },
						"south": { "texture": "#iron", "uv": [ 0.0, 0.0, 9.0, 1.0 ] },
						"west": { "texture": "#iron", "uv": [ 0.0, 0.0, 1.0, 1.0 ], "enabled": false },
						"up": { "texture": "#iron", "uv": [ 0.0, 0.0, 9.0, 1.0 ] },
						"down": { "texture": "#iron", "uv": [ 0.0, 0.0, 9.0, 1.0 ] }
					}
				},
				{
					"name": "Cube7",
					"from": [ -1.0, 2.0, 8.0 ], 
					"to": [ 8.0, 3.0, 9.0 ], 
					"rotationOrigin": [ 0.0, 0.5, 0.0 ],
					"faces": {
						"north": { "texture": "#iron", "uv": [ 0.0, 0.0, 9.0, 1.0 ] },
						"east": { "texture": "#iron", "uv": [ 0.0, 0.0, 1.0, 1.0 ], "enabled": false },
						"south": { "texture": "#iron", "uv": [ 0.0, 0.0, 9.0, 1.0 ] },
						"west": { "texture": "#iron", "uv": [ 0.0, 0.0, 1.0, 1.0 ], "enabled": false },
						"up": { "texture": "#iron", "uv": [ 0.0, 0.0, 9.0, 1.0 ] },
						"down": { "texture": "#iron", "uv": [ 0.0, 0.0, 9.0, 1.0 ] }
					}
				},
				{
					"name": "Cube8",
					"from": [ -2.0, 2.0, -2.0 ], 
					"to": [ -1.0, 3.0, 9.0 ], 
					"rotationOrigin": [ 0.0, 0.5, 0.0 ],
					"faces": {
						"north": { "texture": "#iron", "uv": [ 0.0, 0.0, 1.0, 1.0 ] },
						"east": { "texture": "#iron", "uv": [ 0.0, 0.0, 11.0, 1.0 ] },
						"south": { "texture": "#iron", "uv": [ 0.0, 0.0, 1.0, 1.0 ] },
						"west": { "texture": "#iron", "uv": [ 0.0, 0.0, 11.0, 1.0 ] },
						"up": { "texture": "#iron", "uv": [ 0.0, 0.0, 1.0, 11.0 ] },
						"down": { "texture": "#iron", "uv": [ 0.0, 0.0, 1.0, 11.0 ] }
					}
				},
				{
					"name": "Cube9",
					"from": [ 8.0, 2.0, -2.0 ], 
					"to": [ 9.0, 3.0, 9.0 ], 
					"rotationOrigin": [ 0.0, 0.5, 0.0 ],
					"faces": {
						"north": { "texture": "#iron", "uv": [ 0.0, 0.0, 1.0, 1.0 ] },
						"east": { "texture": "#iron", "uv": [ 0.0, 0.0, 11.0, 1.0 ] },
						"south": { "texture": "#iron", "uv": [ 0.0, 0.0, 1.0, 1.0 ] },
						"west": { "texture": "#iron", "uv": [ 0.0, 0.0, 11.0, 1.0 ] },
						"up": { "texture": "#iron", "uv": [ 0.0, 0.0, 1.0, 11.0 ] },
						"down": { "texture": "#iron", "uv": [ 0.0, 0.0, 1.0, 11.0 ] }
					}
				},
				{
					"name": "contents",
					"from": [ -1.0, 2.5, -1.0 ], 
					"to": [ 8.0, 2.5, 8.0 ], 
					"rotationOrigin": [ 0.0, 2.0, 0.0 ],
					"faces": {
						"north": { "texture": "#null", "uv": [ 0.0, 0.0, 9.0, 0.0 ], "enabled": false },
						"east": { "texture": "#null", "uv": [ 0.0, 0.0, 9.0, 0.0 ], "enabled": false },
						"south": { "texture": "#null", "uv": [ 0.0, 0.0, 9.0, 0.0 ], "enabled": false },
						"west": { "texture": "#null", "uv": [ 0.0, 0.0, 9.0, 0.0 ], "enabled": false },
						"up": { "texture": "#material", "uv": [ 3.5, 3.5, 12.5, 12.5 ] },
						"down": { "texture": "#null", "uv": [ 0.0, 0.0, 9.0, 9.0 ], "enabled": false }
					}
				}
			]
		}
	]}