{
	"editor": {
		"backDropShape": "entity/humanoid/seraph",
		"allAngles": false,
		"entityTextureMode": true
	},
	"textureWidth": 64,
	"textureHeight": 64,
	"textureSizes": {
	},
	"textures": {
	},
	"elements": [
		{
			"name": "ArmorUpperArmR",
			"stepParentName": "UpperArmR",
			"from": [ -0.15, -0.15, -0.225 ],
			"to": [ 2.325, 5.4, 1.575 ],
			"autoUnwrap": false,
			"uv": [ 47.0, 34.5 ],
			"rotationOrigin": [ -0.15, -0.15, -0.225 ],
			"faces": {
				"north": { "texture": "#forlornhope-destroyed", "uv": [ 45.0, 44.0, 48.0, 51.0 ], "autoUv": false },
				"east": { "texture": "#forlornhope-destroyed", "uv": [ 43.0, 44.0, 45.0, 51.0 ], "autoUv": false },
				"south": { "texture": "#forlornhope-destroyed", "uv": [ 50.0, 44.0, 53.0, 51.0 ], "autoUv": false },
				"west": { "texture": "#forlornhope-destroyed", "uv": [ 48.0, 44.0, 50.0, 51.0 ], "autoUv": false },
				"up": { "texture": "#forlornhope-destroyed", "uv": [ 45.0, 42.0, 48.0, 44.0 ], "autoUv": false },
				"down": { "texture": "#forlornhope-destroyed", "uv": [ 48.0, 51.0, 51.0, 53.0 ], "autoUv": false }
			}
		},
		{
			"name": "ArmorUpperArmL",
			"stepParentName": "UpperArmL",
			"from": [ -0.15, 1.35, -0.075 ],
			"to": [ 2.325, 5.4, 1.725 ],
			"autoUnwrap": false,
			"uv": [ 33.0, 37.5 ],
			"rotationOrigin": [ -0.15, 1.35, -0.075 ],
			"faces": {
				"north": { "texture": "#forlornhope-destroyed", "uv": [ 39.0, 44.0, 42.0, 49.0 ], "autoUv": false },
				"east": { "texture": "#forlornhope-destroyed", "uv": [ 37.0, 44.0, 39.0, 49.0 ], "autoUv": false },
				"south": { "texture": "#forlornhope-destroyed", "uv": [ 34.0, 44.0, 37.0, 49.0 ], "autoUv": false },
				"west": { "texture": "#forlornhope-destroyed", "uv": [ 32.0, 44.0, 34.0, 49.0 ], "autoUv": false },
				"up": { "texture": "#forlornhope-destroyed", "uv": [ 34.0, 42.0, 37.0, 44.0 ], "autoUv": false },
				"down": { "texture": "#forlornhope-destroyed", "uv": [ 37.0, 51.0, 40.0, 53.0 ], "autoUv": false }
			}
		},
		{
			"name": "ArmorLowerArmL",
			"stepParentName": "LowerArmL",
			"from": [ -0.15, -0.15, -0.1875 ],
			"to": [ 2.025, 5.4, 1.6875 ],
			"autoUnwrap": false,
			"uv": [ 32.5, 44.5 ],
			"rotationOrigin": [ -0.15, -0.15, -0.225 ],
			"faces": {
				"north": { "texture": "#forlornhope-destroyed", "uv": [ 39.5, 54.5, 42.0, 61.5 ], "autoUv": false },
				"east": { "texture": "#forlornhope-destroyed", "uv": [ 37.0, 54.5, 39.5, 61.5 ], "autoUv": false },
				"south": { "texture": "#forlornhope-destroyed", "uv": [ 34.5, 54.5, 37.0, 61.5 ], "autoUv": false },
				"west": { "texture": "#forlornhope-destroyed", "uv": [ 32.0, 54.5, 34.5, 61.5 ], "autoUv": false },
				"up": { "texture": "#forlornhope-destroyed", "uv": [ 34.5, 51.0, 37.0, 53.5 ], "autoUv": false },
				"down": { "texture": "#forlornhope-destroyed", "uv": [ 34.5, 61.5, 37.0, 64.0 ], "autoUv": false }
			}
		},
		{
			"name": "ArmorUpperTorso",
			"stepParentName": "UpperTorso",
			"from": [ -0.6, -0.3, -0.375 ],
			"to": [ 3.9, 4.05, 4.875 ],
			"autoUnwrap": false,
			"uv": [ 35.0, 0.0 ],
			"rotationOrigin": [ 1.875, 2.7, 2.25 ],
			"rotationX": -3.0,
			"rotationZ": 5.0,
			"faces": {
				"north": { "texture": "#forlornhope-destroyed", "uv": [ 38.0, 6.0, 44.0, 11.5 ], "autoUv": false },
				"east": { "texture": "#forlornhope-destroyed", "uv": [ 57.0, 6.0, 64.0, 11.5 ], "autoUv": false },
				"south": { "texture": "#forlornhope-destroyed", "uv": [ 51.0, 6.0, 57.0, 11.5 ], "autoUv": false },
				"west": { "texture": "#forlornhope-destroyed", "uv": [ 44.0, 6.0, 51.0, 11.5 ], "autoUv": false },
				"up": { "texture": "#forlornhope-destroyed", "uv": [ 44.0, 0.0, 51.0, 6.0 ], "rotation": 90, "autoUv": false },
				"down": { "texture": "#forlornhope-destroyed", "uv": [ 51.0, 0.0, 58.0, 6.0 ], "rotation": 270, "autoUv": false }
			}
		},
		{
			"name": "ArmorLowerTorso",
			"stepParentName": "LowerTorso",
			"from": [ -0.225, -0.375, -0.225 ],
			"to": [ 3.975, 3.825, 4.725 ],
			"autoUnwrap": false,
			"uv": [ 39.5, 8.0 ],
			"rotationOrigin": [ -0.225, -0.375, -0.225 ],
			"faces": {
				"north": { "texture": "#forlornhope-destroyed", "uv": [ 38.5, 12.0, 44.0, 17.5 ], "autoUv": false },
				"east": { "texture": "#forlornhope-destroyed", "uv": [ 56.0, 12.0, 62.5, 17.5 ], "autoUv": false },
				"south": { "texture": "#forlornhope-destroyed", "uv": [ 50.5, 12.0, 56.0, 17.5 ], "autoUv": false },
				"west": { "texture": "#forlornhope-destroyed", "uv": [ 44.0, 12.0, 50.5, 17.5 ], "autoUv": false },
				"up": { "texture": "#forlornhope-destroyed", "uv": [ 44.0, 17.5, 50.5, 23.0 ], "rotation": 90, "autoUv": false },
				"down": { "texture": "#forlornhope-destroyed", "uv": [ 56.0, 17.5, 62.5, 23.0 ], "rotation": 90, "autoUv": false }
			}
		},
		{
			"name": "ArmorLowerArmR",
			"stepParentName": "LowerArmR",
			"from": [ -0.15, -0.225, -0.1875 ],
			"to": [ 2.025, 5.325, 1.6875 ],
			"autoUnwrap": false,
			"uv": [ 50.5, 40.0 ],
			"rotationOrigin": [ -0.15, -0.225, -0.3 ],
			"faces": {
				"north": { "texture": "#forlornhope-destroyed", "uv": [ 45.5, 54.5, 48.0, 61.5 ], "autoUv": false },
				"east": { "texture": "#forlornhope-destroyed", "uv": [ 43.0, 54.5, 45.5, 61.5 ], "autoUv": false },
				"south": { "texture": "#forlornhope-destroyed", "uv": [ 50.5, 54.5, 53.0, 61.5 ], "autoUv": false },
				"west": { "texture": "#forlornhope-destroyed", "uv": [ 48.0, 54.5, 50.5, 61.5 ], "autoUv": false },
				"up": { "texture": "#forlornhope-destroyed", "uv": [ 45.5, 51.0, 48.0, 53.5 ], "autoUv": false },
				"down": { "texture": "#forlornhope-destroyed", "uv": [ 45.5, 61.5, 48.0, 64.0 ], "autoUv": false }
			},
			"children": [
				{
					"name": "ArmorBracerR",
					"from": [ -0.15, 2.175, -0.3 ],
					"to": [ 2.325, 5.175, 0.675 ],
					"autoUnwrap": false,
					"uv": [ 48.5, 34.5 ],
					"rotationOrigin": [ 1.125, 2.175, -0.3 ],
					"rotationX": -3.0,
					"rotationY": -6.0,
					"faces": {
						"north": { "texture": "#forlornhope-destroyed", "uv": [ 42.0, 31.0, 45.0, 35.0 ], "autoUv": false },
						"east": { "texture": "#forlornhope-destroyed", "uv": [ 41.0, 31.0, 42.0, 35.0 ], "autoUv": false },
						"south": { "texture": "#forlornhope-destroyed", "uv": [ 46.0, 31.0, 49.0, 35.0 ], "autoUv": false },
						"west": { "texture": "#forlornhope-destroyed", "uv": [ 45.0, 31.0, 46.0, 35.0 ], "autoUv": false },
						"up": { "texture": "#forlornhope-destroyed", "uv": [ 42.0, 30.0, 45.0, 31.0 ], "rotation": 180, "autoUv": false },
						"down": { "texture": "#forlornhope-destroyed", "uv": [ 42.0, 35.0, 45.0, 36.0 ], "autoUv": false }
					}
				}
			]
		},
		{
			"name": "ArmorCoatR",
			"stepParentName": "UpperFootR",
			"from": [ -0.525, 1.65, -0.2625 ],
			"to": [ 3.675, 5.4, 2.3625 ],
			"autoUnwrap": false,
			"uv": [ 26.0, 21.5 ],
			"rotationOrigin": [ -0.525, 1.65, -0.375 ],
			"faces": {
				"north": { "texture": "#forlornhope-destroyed", "uv": [ 18.5, 23.0, 24.0, 28.0 ], "autoUv": false },
				"east": { "texture": "#forlornhope-destroyed", "uv": [ 33.0, 23.0, 36.5, 28.0 ], "autoUv": false },
				"south": { "texture": "#forlornhope-destroyed", "uv": [ 27.5, 23.0, 33.0, 28.0 ], "autoUv": false },
				"west": { "texture": "#forlornhope-destroyed", "uv": [ 24.0, 23.0, 27.5, 28.0 ], "autoUv": false },
				"up": { "texture": "#forlornhope-destroyed", "uv": [ 24.0, 17.5, 27.5, 23.0 ], "rotation": 90, "autoUv": false }
			}
		},
		{
			"name": "ArmorCoatL",
			"stepParentName": "UpperFootL",
			"from": [ -0.525, 0.225, 0.0375 ],
			"to": [ 3.675, 4.725, 2.6625 ],
			"autoUnwrap": false,
			"uv": [ 0.0, 23.0 ],
			"rotationOrigin": [ -0.525, 0.225, -0.075 ],
			"faces": {
				"north": { "texture": "#forlornhope-destroyed", "uv": [ 0.0, 23.0, 5.5, 29.0 ], "autoUv": false },
				"east": { "texture": "#forlornhope-destroyed", "uv": [ 14.5, 23.0, 18.0, 29.0 ], "autoUv": false },
				"south": { "texture": "#forlornhope-destroyed", "uv": [ 9.0, 23.0, 14.5, 29.0 ], "autoUv": false },
				"west": { "texture": "#forlornhope-destroyed", "uv": [ 5.5, 23.0, 9.0, 29.0 ], "autoUv": false },
				"up": { "texture": "#forlornhope-destroyed", "uv": [ 5.5, 17.5, 9.0, 23.0 ], "rotation": 90, "autoUv": false }
			}
		}
	]}