{
	"editor": {
		"backDropShape": "entity/humanoid/seraph",
		"allAngles": true,
		"entityTextureMode": true
	},
	"textureWidth": 64,
	"textureHeight": 64,
	"textureSizes": {
	},
	"textures": {
	},
	"elements": [
		{
			"name": "ArmorUpperLegR",
			"stepParentName": "UpperFootR",
			"from": [ -0.15, -0.375, -0.225 ],
			"to": [ 3.3, 5.25, 2.625 ],
			"autoUnwrap": false,
			"uv": [ 16.0, 33.0 ],
			"rotationOrigin": [ -0.15, -0.375, -0.225 ],
			"faces": {
				"north": { "texture": "#forlornhope-destroyed", "uv": [ 16.0, 33.0, 20.5, 40.5 ], "autoUv": false },
				"east": { "texture": "#forlornhope-destroyed", "uv": [ 28.5, 33.0, 32.0, 40.5 ], "autoUv": false },
				"south": { "texture": "#forlornhope-destroyed", "uv": [ 24.0, 33.0, 28.5, 40.5 ], "autoUv": false },
				"west": { "texture": "#forlornhope-destroyed", "uv": [ 20.5, 33.0, 24.0, 40.5 ], "autoUv": false },
				"up": { "texture": "#forlornhope-destroyed", "uv": [ 16.0, 29.5, 20.5, 33.0 ], "autoUv": false },
				"down": { "texture": "#forlornhope-destroyed", "uv": [ 24.0, 29.5, 28.5, 33.0 ], "autoUv": false }
			}
		},
		{
			"name": "ArmorUpperLegL",
			"stepParentName": "UpperFootL",
			"from": [ -0.15, 0.0, -0.225 ],
			"to": [ 3.3, 5.25, 2.625 ],
			"autoUnwrap": false,
			"uv": [ 0.0, 33.0 ],
			"rotationOrigin": [ -0.15, 0.0, -0.225 ],
			"faces": {
				"north": { "texture": "#forlornhope-destroyed", "uv": [ 0.0, 33.0, 4.5, 40.0 ], "autoUv": false },
				"east": { "texture": "#forlornhope-destroyed", "uv": [ 12.5, 33.0, 16.0, 40.0 ], "autoUv": false },
				"south": { "texture": "#forlornhope-destroyed", "uv": [ 8.0, 33.0, 12.5, 40.0 ], "autoUv": false },
				"west": { "texture": "#forlornhope-destroyed", "uv": [ 4.5, 33.0, 8.0, 40.0 ], "autoUv": false },
				"up": { "texture": "#forlornhope-destroyed", "uv": [ 0.0, 29.5, 4.5, 33.0 ], "autoUv": false },
				"down": { "texture": "#forlornhope-destroyed", "uv": [ 8.0, 29.5, 12.5, 33.0 ], "autoUv": false }
			}
		},
		{
			"name": "ArmorLowerLegR",
			"stepParentName": "LowerFootR",
			"from": [ -0.225, -0.15, -0.1875 ],
			"to": [ 3.15, 6.975, 2.4375 ],
			"autoUnwrap": false,
			"uv": [ 16.0, 44.0 ],
			"rotationOrigin": [ -0.225, -0.15, -0.3 ],
			"faces": {
				"north": { "texture": "#forlornhope-destroyed", "uv": [ 16.0, 45.0, 20.5, 54.5 ], "autoUv": false },
				"east": { "texture": "#forlornhope-destroyed", "uv": [ 28.5, 45.0, 32.0, 54.5 ], "autoUv": false },
				"south": { "texture": "#forlornhope-destroyed", "uv": [ 24.0, 45.0, 28.5, 54.5 ], "autoUv": false },
				"west": { "texture": "#forlornhope-destroyed", "uv": [ 20.5, 45.0, 24.0, 54.5 ], "autoUv": false },
				"up": { "texture": "#forlornhope-destroyed", "uv": [ 16.0, 41.5, 20.5, 45.0 ], "autoUv": false },
				"down": { "texture": "#forlornhope-destroyed", "uv": [ 24.0, 41.5, 28.5, 45.0 ], "autoUv": false }
			},
			"children": [
				{
					"name": "ArmorAnkleR",
					"stepParentName": "LowerFootR",
					"from": [ 1.275, 1.275, -0.3 ],
					"to": [ 3.525, 2.025, 2.55 ],
					"autoUnwrap": false,
					"uv": [ 3.0, 58.5 ],
					"rotationOrigin": [ 2.775, 2.025, 1.125 ],
					"rotationX": 8.0,
					"rotationZ": 22.5,
					"faces": {
						"north": { "texture": "#forlornhope-destroyed", "uv": [ 37.0, 24.0, 40.0, 25.0 ], "autoUv": false },
						"east": { "texture": "#forlornhope-destroyed", "uv": [ 40.0, 24.0, 43.5, 25.0 ], "autoUv": false },
						"south": { "texture": "#forlornhope-destroyed", "uv": [ 43.5, 24.0, 46.5, 25.0 ], "autoUv": false },
						"west": { "texture": "#forlornhope-destroyed", "uv": [ 40.0, 25.0, 43.5, 26.0 ], "autoUv": false },
						"up": { "texture": "#forlornhope-destroyed", "uv": [ 40.0, 21.0, 43.5, 24.0 ], "rotation": 90, "autoUv": false },
						"down": { "texture": "#forlornhope-destroyed", "uv": [ 40.0, 21.0, 43.5, 24.0 ], "rotation": 270, "autoUv": false }
					}
				},
				{
					"name": "ArmorKneeR",
					"from": [ -0.375, 5.25, 0.15 ],
					"to": [ 0.375, 7.5, 2.4 ],
					"autoUnwrap": false,
					"uv": [ 19.5, 56.0 ],
					"rotationOrigin": [ -0.375, 6.375, 1.275 ],
					"rotationX": 25.0,
					"rotationZ": 14.0,
					"faces": {
						"north": { "texture": "#forlornhope-destroyed", "uv": [ 20.0, 58.5, 21.0, 61.5 ], "autoUv": false },
						"south": { "texture": "#forlornhope-destroyed", "uv": [ 24.0, 58.5, 25.0, 61.5 ], "autoUv": false },
						"west": { "texture": "#forlornhope-destroyed", "uv": [ 21.0, 58.5, 24.0, 61.5 ], "autoUv": false },
						"up": { "texture": "#forlornhope-destroyed", "uv": [ 21.0, 57.5, 24.0, 58.5 ], "rotation": 90, "autoUv": false },
						"down": { "texture": "#forlornhope-destroyed", "uv": [ 21.0, 61.5, 24.0, 62.5 ], "rotation": 90, "autoUv": false }
					}
				}
			]
		},
		{
			"name": "ArmorLowerLegL",
			"stepParentName": "LowerFootL",
			"from": [ -0.225, -0.15, -0.1875 ],
			"to": [ 3.15, 6.225, 2.4375 ],
			"autoUnwrap": false,
			"uv": [ 0.0, 44.0 ],
			"rotationOrigin": [ -0.225, -0.15, -0.3 ],
			"faces": {
				"north": { "texture": "#forlornhope-destroyed", "uv": [ 0.0, 46.0, 4.5, 54.5 ], "autoUv": false },
				"east": { "texture": "#forlornhope-destroyed", "uv": [ 12.5, 46.0, 16.0, 54.5 ], "autoUv": false },
				"south": { "texture": "#forlornhope-destroyed", "uv": [ 8.0, 46.0, 12.5, 54.5 ], "autoUv": false },
				"west": { "texture": "#forlornhope-destroyed", "uv": [ 4.5, 46.0, 8.0, 54.5 ], "autoUv": false },
				"up": { "texture": "#forlornhope-destroyed", "uv": [ 0.0, 41.5, 4.5, 45.0 ], "autoUv": false },
				"down": { "texture": "#forlornhope-destroyed", "uv": [ 8.0, 41.5, 12.5, 45.0 ], "autoUv": false }
			}
		}
	]}