{
	"editor": {
		"collapsedPaths": "",
		"allAngles": true,
		"entityTextureMode": true
	},
	"textureWidth": 108,
	"textureHeight": 136,
	"textureSizes": {
		"skin": [108,136]
	},
	"textures": {
	},
	"elements": [
		{
			"name": "Rotation Point",
			"from": [ 0.0, 0.0, 0.0 ],
			"to": [ 0.0, 0.0, 0.0 ],
			"uv": [ 0.0, 0.0 ],
			"faces": {
			},
			"children": [
				{
					"name": "Base",
					"from": [ 0.0, 0.0, 8.0 ],
					"to": [ 0.0, 0.0, 8.0 ],
					"autoUnwrap": false,
					"uv": [ 0.0, 0.0 ],
					"rotationOrigin": [ 0.0, 0.0, 8.0 ],
					"faces": {
					},
					"children": [
						{
							"name": "PeltBody",
							"from": [ 0.0, 0.0, -6.0 ],
							"to": [ 13.6, 0.924, 6.0 ],
							"unwrapMode": 7,
							"unwrapRotation": 1,
							"autoUnwrap": false,
							"uv": [ 12.0, 63.5 ],
							"rotationOrigin": [ 0.0, 0.0, -6.0 ],
							"faces": {
								"north": { "texture": "#skin", "uv": [ 29.5, 33.0, 30.0, 46.5 ], "rotation": 90, "windMode": [-1,-1,-1,-1] },
								"east": { "texture": "#skin", "uv": [ 30.5, 72.5, 42.5, 73.0 ], "windMode": [-1,-1,-1,-1] },
								"south": { "texture": "#skin", "uv": [ 17.0, 33.0, 17.5, 46.5 ], "rotation": 270, "windMode": [-1,-1,-1,-1] },
								"west": { "texture": "#skin", "uv": [ 43.0, 72.5, 55.0, 73.0 ], "rotation": 180, "windMode": [-1,-1,-1,-1] },
								"up": { "texture": "#skin", "uv": [ 17.5, 33.0, 29.5, 46.5 ], "rotation": 270, "windMode": [-1,-1,-1,-1] },
								"down": { "texture": "#skin", "uv": [ 46.0, 33.0, 58.0, 46.5 ], "rotation": 90, "windMode": [-1,-1,-1,-1] }
							},
							"children": [
								{
									"name": "LBody",
									"from": [ 0.0, 0.022, 11.0 ],
									"to": [ 13.6, 0.902, 26.0 ],
									"unwrapMode": 7,
									"unwrapRotation": 1,
									"autoUnwrap": false,
									"uv": [ 4.5, 63.5 ],
									"rotationOrigin": [ 0.0, -0.022, 11.0 ],
									"rotationY": -3.0,
									"faces": {
										"east": { "texture": "#skin", "uv": [ 1.5, 46.0, 16.5, 46.5 ], "windMode": [-1,-1,-1,-1] },
										"south": { "texture": "#skin", "uv": [ 1.0, 33.0, 1.5, 46.5 ], "rotation": 270, "windMode": [-1,-1,-1,-1] },
										"west": { "texture": "#skin", "uv": [ 30.5, 72.5, 31.0, 87.5 ], "rotation": 90, "windMode": [-1,-1,-1,-1] },
										"up": { "texture": "#skin", "uv": [ 1.5, 33.0, 16.5, 46.5 ], "rotation": 270, "windMode": [-1,-1,-1,-1] },
										"down": { "texture": "#skin", "uv": [ 43.0, 33.0, 58.0, 46.5 ], "rotation": 270, "windMode": [-1,-1,-1,-1] }
									},
									"children": [
										{
											"name": "LArm",
											"from": [ 0.0, 0.022, 11.2 ],
											"to": [ 3.8, 0.858, 22.4 ],
											"unwrapMode": 5,
											"autoUnwrap": false,
											"uv": [ 62.0, 35.5 ],
											"rotationOrigin": [ 0.0, 0.022, 11.2 ],
											"rotationY": -20.0,
											"faces": {
												"east": { "texture": "#skin", "uv": [ 66.0, 35.5, 66.5, 46.5 ], "rotation": 90 },
												"south": { "texture": "#skin", "uv": [ 63.0, 46.5, 63.5, 50.0 ], "rotation": 90, "windMode": [-1,-1,-1,-1] },
												"west": { "texture": "#skin", "uv": [ 62.0, 35.5, 62.5, 46.5 ], "rotation": 270, "windMode": [-1,-1,-1,-1] },
												"up": { "texture": "#skin", "uv": [ 62.5, 35.5, 66.0, 46.5 ], "windMode": [-1,-1,-1,-1] },
												"down": { "texture": "#skin", "uv": [ 66.5, 35.5, 70.0, 46.5 ], "windMode": [-1,-1,-1,-1] }
											},
											"children": [
												{
													"name": "LArmLower",
													"from": [ 2.0, 0.02, -0.04 ],
													"to": [ 5.8, 0.812, 11.16 ],
													"unwrapMode": 5,
													"autoUnwrap": false,
													"uv": [ 62.5, 35.5 ],
													"rotationOrigin": [ 6.4, 0.022, -0.04 ],
													"rotationY": -5.0,
													"faces": {
														"east": { "texture": "#skin", "uv": [ 66.0, 35.5, 66.5, 46.5 ], "rotation": 90 },
														"south": { "texture": "#skin", "uv": [ 63.0, 46.5, 63.5, 50.0 ], "rotation": 90, "windMode": [-1,-1,-1,-1] },
														"up": { "texture": "#skin", "uv": [ 62.5, 35.5, 66.0, 46.5 ], "windMode": [-1,-1,-1,-1] },
														"down": { "texture": "#skin", "uv": [ 66.5, 35.5, 70.0, 46.5 ], "windMode": [-1,-1,-1,-1] }
													}
												}
											]
										}
									]
								},
								{
									"name": "RBody",
									"from": [ 0.0, -0.902, 1.0 ],
									"to": [ 13.6, -0.022, 16.0 ],
									"unwrapMode": 7,
									"unwrapRotation": 1,
									"autoUnwrap": false,
									"uv": [ 25.0, 75.0 ],
									"rotationOrigin": [ 0.0, 0.0, 1.0 ],
									"rotationX": 180.0,
									"rotationY": -3.0,
									"faces": {
										"east": { "texture": "#skin", "uv": [ 30.5, 46.0, 45.5, 46.5 ], "rotation": 180 },
										"south": { "texture": "#skin", "uv": [ 45.5, 33.0, 46.0, 46.5 ], "rotation": 270, "windMode": [-1,-1,-1,-1] },
										"west": { "texture": "#skin", "uv": [ 42.0, 72.5, 42.5, 87.5 ], "rotation": 90, "windMode": [-1,-1,-1,-1] },
										"up": { "texture": "#skin", "uv": [ 43.0, 33.0, 58.0, 46.5 ], "rotation": 270, "windMode": [-1,-1,-1,-1] },
										"down": { "texture": "#skin", "uv": [ 30.5, 33.0, 45.5, 46.5 ], "rotation": 90, "windMode": [-1,-1,-1,-1] }
									},
									"children": [
										{
											"name": "RArm",
											"from": [ 0.0, 0.022, 11.2 ],
											"to": [ 3.8, 0.858, 22.4 ],
											"unwrapMode": 6,
											"autoUnwrap": false,
											"uv": [ 91.5, 35.5 ],
											"rotationOrigin": [ 0.0, 0.858, 11.2 ],
											"rotationY": -20.0,
											"faces": {
												"east": { "texture": "#skin", "uv": [ 91.5, 35.5, 92.0, 46.5 ], "rotation": 90 },
												"south": { "texture": "#skin", "uv": [ 93.0, 46.5, 93.5, 50.0 ], "rotation": 90, "windMode": [-1,-1,-1,-1] },
												"west": { "texture": "#skin", "uv": [ 95.5, 35.5, 96.0, 46.5 ], "rotation": 270, "windMode": [-1,-1,-1,-1] },
												"up": { "texture": "#skin", "uv": [ 96.0, 35.5, 99.5, 46.5 ], "windMode": [-1,-1,-1,-1] },
												"down": { "texture": "#skin", "uv": [ 92.0, 35.5, 95.5, 46.5 ], "windMode": [-1,-1,-1,-1] }
											},
											"children": [
												{
													"name": "RArmLower",
													"from": [ 2.0, 0.022, -0.64 ],
													"to": [ 5.8, 0.814, 10.56 ],
													"unwrapMode": 5,
													"autoUnwrap": false,
													"uv": [ 92.0, 35.5 ],
													"rotationOrigin": [ 6.4, 0.814, -0.64 ],
													"rotationY": -5.0,
													"faces": {
														"east": { "texture": "#skin", "uv": [ 95.5, 35.5, 96.0, 46.5 ], "rotation": 90, "windMode": [-1,-1,-1,-1] },
														"south": { "texture": "#skin", "uv": [ 93.0, 46.5, 93.5, 50.0 ], "rotation": 90, "windMode": [-1,-1,-1,-1] },
														"up": { "texture": "#skin", "uv": [ 92.0, 35.5, 95.5, 46.5 ], "windMode": [-1,-1,-1,-1] },
														"down": { "texture": "#skin", "uv": [ 96.0, 35.5, 99.5, 46.5 ], "windMode": [-1,-1,-1,-1] }
													}
												}
											]
										}
									]
								},
								{
									"name": "PeltMidSection",
									"from": [ 13.4, 0.022, 0.4 ],
									"to": [ 25.4, 0.902, 11.6 ],
									"unwrapMode": 7,
									"unwrapRotation": 1,
									"autoUnwrap": false,
									"uv": [ 10.5, 27.5 ],
									"rotationOrigin": [ 13.4, 0.022, 0.4 ],
									"faces": {
										"north": { "texture": "#skin", "uv": [ 29.5, 47.0, 30.0, 59.0 ], "rotation": 90, "windMode": [-1,-1,-1,-1] },
										"east": { "texture": "#skin", "uv": [ 30.5, 90.0, 41.5, 90.5 ], "windMode": [-1,-1,-1,-1] },
										"south": { "texture": "#skin", "uv": [ 18.0, 47.0, 18.5, 59.0 ], "rotation": 270, "windMode": [-1,-1,-1,-1] },
										"up": { "texture": "#skin", "uv": [ 18.5, 47.0, 29.5, 59.0 ], "rotation": 270, "windMode": [-1,-1,-1,-1] },
										"down": { "texture": "#skin", "uv": [ 45.5, 47.0, 56.5, 59.0 ], "rotation": 90, "windMode": [-1,-1,-1,-1] }
									},
									"children": [
										{
											"name": "LMidSection",
											"from": [ 0.0, 0.022, 10.0 ],
											"to": [ 12.0, 0.858, 26.0 ],
											"unwrapMode": 7,
											"unwrapRotation": 1,
											"autoUnwrap": false,
											"uv": [ 2.5, 35.0 ],
											"rotationOrigin": [ 0.0, 0.022, 10.0 ],
											"rotationY": -3.0,
											"faces": {
												"east": { "texture": "#skin", "uv": [ 2.0, 58.5, 18.0, 59.0 ] },
												"south": { "texture": "#skin", "uv": [ 1.5, 47.0, 2.0, 59.0 ], "rotation": 270, "windMode": [-1,-1,-1,-1] },
												"west": { "texture": "#skin", "uv": [ 2.0, 47.0, 18.0, 47.5 ], "rotation": 180, "windMode": [-1,-1,-1,-1] },
												"up": { "texture": "#skin", "uv": [ 2.0, 47.0, 18.0, 59.0 ], "rotation": 270, "windMode": [-1,-1,-1,-1] },
												"down": { "texture": "#skin", "uv": [ 40.5, 47.0, 56.5, 59.0 ], "rotation": 270, "windMode": [-1,-1,-1,-1] }
											}
										},
										{
											"name": "RMidSection",
											"from": [ 0.0, -0.814, 1.0 ],
											"to": [ 12.0, 0.022, 17.0 ],
											"unwrapMode": 7,
											"unwrapRotation": 1,
											"autoUnwrap": false,
											"uv": [ 17.0, 34.0 ],
											"rotationOrigin": [ 0.0, 0.022, 1.0 ],
											"rotationX": 180.0,
											"rotationY": -3.0,
											"faces": {
												"east": { "texture": "#skin", "uv": [ 30.0, 58.5, 46.0, 59.0 ] },
												"south": { "texture": "#skin", "uv": [ 46.0, 47.0, 46.5, 59.0 ], "rotation": 270, "windMode": [-1,-1,-1,-1] },
												"west": { "texture": "#skin", "uv": [ 30.0, 47.0, 46.0, 47.5 ], "rotation": 180, "windMode": [-1,-1,-1,-1] },
												"up": { "texture": "#skin", "uv": [ 40.5, 47.0, 56.5, 59.0 ], "rotation": 270, "windMode": [-1,-1,-1,-1] },
												"down": { "texture": "#skin", "uv": [ 30.0, 47.0, 46.0, 59.0 ], "rotation": 90, "windMode": [-1,-1,-1,-1] }
											}
										},
										{
											"name": "PeltRear",
											"from": [ 11.8, 0.02, -0.4 ],
											"to": [ 23.8, 0.9, 11.6 ],
											"unwrapMode": 7,
											"unwrapRotation": 1,
											"autoUnwrap": false,
											"uv": [ 10.0, 33.0 ],
											"rotationOrigin": [ 11.8, 0.022, -0.4 ],
											"faces": {
												"north": { "texture": "#skin", "uv": [ 29.5, 59.5, 30.0, 71.5 ], "rotation": 90, "windMode": [-1,-1,-1,-1] },
												"east": { "texture": "#skin", "uv": [ 17.5, 59.5, 29.5, 60.0 ], "windMode": [-1,-1,-1,-1] },
												"south": { "texture": "#skin", "uv": [ 17.0, 59.5, 17.5, 71.5 ], "rotation": 270, "windMode": [-1,-1,-1,-1] },
												"up": { "texture": "#skin", "uv": [ 17.5, 59.5, 29.5, 71.5 ], "rotation": 270, "windMode": [-1,-1,-1,-1] },
												"down": { "texture": "#skin", "uv": [ 46.0, 59.5, 58.0, 71.5 ], "rotation": 90, "windMode": [-1,-1,-1,-1] }
											},
											"children": [
												{
													"name": "LRear",
													"from": [ 0.0, 0.022, 11.0 ],
													"to": [ 12.0, 0.858, 27.0 ],
													"unwrapMode": 7,
													"unwrapRotation": 1,
													"autoUnwrap": false,
													"uv": [ 3.5, 42.5 ],
													"rotationOrigin": [ 0.0, 0.022, 11.0 ],
													"rotationY": -3.0,
													"faces": {
														"east": { "texture": "#skin", "uv": [ 1.0, 59.5, 17.0, 60.0 ] },
														"south": { "texture": "#skin", "uv": [ 1.0, 59.5, 1.5, 71.5 ], "rotation": 270, "windMode": [-1,-1,-1,-1] },
														"west": { "texture": "#skin", "uv": [ 1.0, 71.0, 17.0, 71.5 ], "rotation": 180, "windMode": [-1,-1,-1,-1] },
														"up": { "texture": "#skin", "uv": [ 1.5, 59.5, 17.5, 71.5 ], "rotation": 270, "windMode": [-1,-1,-1,-1] },
														"down": { "texture": "#skin", "uv": [ 42.0, 59.5, 58.0, 71.5 ], "rotation": 270, "windMode": [-1,-1,-1,-1] }
													},
													"children": [
														{
															"name": "LLeg",
															"from": [ 8.0, 0.022, 16.0 ],
															"to": [ 16.2, 0.814, 28.8 ],
															"unwrapMode": 5,
															"autoUnwrap": false,
															"uv": [ 60.0, 73.5 ],
															"rotationOrigin": [ 8.0, 0.022, 16.0 ],
															"rotationY": 72.0,
															"faces": {
																"east": { "texture": "#skin", "uv": [ 68.5, 73.5, 69.0, 86.0 ], "rotation": 90, "windMode": [-1,-1,-1,-1] },
																"south": { "texture": "#skin", "uv": [ 60.5, 86.0, 68.5, 86.5 ], "windMode": [-1,-1,-1,-1] },
																"west": { "texture": "#skin", "uv": [ 60.0, 73.5, 60.5, 86.0 ], "rotation": 270, "windMode": [-1,-1,-1,-1] },
																"up": { "texture": "#skin", "uv": [ 60.5, 73.5, 68.5, 86.0 ], "windMode": [-1,-1,-1,-1] },
																"down": { "texture": "#skin", "uv": [ 73.0, 73.5, 81.0, 86.0 ], "windMode": [-1,-1,-1,-1] }
															}
														}
													]
												},
												{
													"name": "RRear",
													"from": [ 0.0, -0.814, 1.0 ],
													"to": [ 12.0, 0.022, 17.0 ],
													"unwrapMode": 7,
													"unwrapRotation": 1,
													"autoUnwrap": false,
													"uv": [ 11.0, 43.5 ],
													"rotationOrigin": [ 0.0, 0.022, 1.0 ],
													"rotationX": 180.0,
													"rotationY": -3.0,
													"faces": {
														"east": { "texture": "#skin", "uv": [ 30.0, 59.5, 46.0, 60.0 ] },
														"south": { "texture": "#skin", "uv": [ 45.5, 59.5, 46.0, 71.5 ], "rotation": 270, "windMode": [-1,-1,-1,-1] },
														"west": { "texture": "#skin", "uv": [ 30.0, 59.5, 46.0, 60.0 ], "rotation": 180, "windMode": [-1,-1,-1,-1] },
														"up": { "texture": "#skin", "uv": [ 42.0, 59.5, 58.0, 71.5 ], "rotation": 270, "windMode": [-1,-1,-1,-1] },
														"down": { "texture": "#skin", "uv": [ 29.5, 59.5, 45.5, 71.5 ], "rotation": 90, "windMode": [-1,-1,-1,-1] }
													},
													"children": [
														{
															"name": "RLeg",
															"from": [ 8.0, 0.022, 16.0 ],
															"to": [ 16.2, 0.814, 28.8 ],
															"unwrapMode": 6,
															"autoUnwrap": false,
															"uv": [ 44.5, 36.5 ],
															"rotationOrigin": [ 8.0, 0.814, 16.0 ],
															"rotationY": 72.0,
															"faces": {
																"east": { "texture": "#skin", "uv": [ 86.0, 73.5, 86.5, 86.0 ], "rotation": 90 },
																"south": { "texture": "#skin", "uv": [ 86.5, 86.0, 94.5, 86.5 ], "rotation": 180, "windMode": [-1,-1,-1,-1] },
																"west": { "texture": "#skin", "uv": [ 94.5, 73.5, 95.0, 86.0 ], "rotation": 270, "windMode": [-1,-1,-1,-1] },
																"up": { "texture": "#skin", "uv": [ 99.0, 73.5, 107.0, 86.0 ], "windMode": [-1,-1,-1,-1] },
																"down": { "texture": "#skin", "uv": [ 86.5, 73.5, 94.5, 86.0 ], "windMode": [-1,-1,-1,-1] }
															}
														}
													]
												},
												{
													"name": "PeltTail",
													"from": [ 12.0, 0.022, 4.8 ],
													"to": [ 18.8, 0.858, 7.0 ],
													"unwrapMode": 7,
													"unwrapRotation": 1,
													"uv": [ 10.0, 73.5 ],
													"rotationOrigin": [ 12.0, 0.022, 6.0 ],
													"faces": {
														"north": { "texture": "#skin", "uv": [ 12.5, 74.0, 13.0, 80.5 ], "rotation": 90 },
														"south": { "texture": "#skin", "uv": [ 10.0, 74.0, 10.5, 80.5 ], "rotation": 270, "windMode": [-1,-1,-1,-1] },
														"west": { "texture": "#skin", "uv": [ 10.5, 73.5, 12.5, 74.0 ], "rotation": 180, "windMode": [-1,-1,-1,-1] },
														"up": { "texture": "#skin", "uv": [ 10.5, 74.0, 12.5, 80.5 ], "rotation": 270, "windMode": [-1,-1,-1,-1] },
														"down": { "texture": "#skin", "uv": [ 13.0, 74.0, 15.0, 80.5 ], "rotation": 90, "windMode": [-1,-1,-1,-1] }
													},
													"children": [
														{
															"name": "PeltTail2",
															"from": [ 4.0, 0.02, -0.4 ],
															"to": [ 10.0, 0.856, 2.6 ],
															"unwrapMode": 7,
															"unwrapRotation": 1,
															"uv": [ 8.0, 83.5 ],
															"rotationOrigin": [ 4.0, 0.02, 1.2 ],
															"faces": {
																"north": { "texture": "#skin", "uv": [ 11.5, 83.5, 12.0, 89.5 ], "rotation": 90 },
																"east": { "texture": "#skin", "uv": [ 8.5, 89.5, 11.5, 90.0 ], "windMode": [-1,-1,-1,-1] },
																"south": { "texture": "#skin", "uv": [ 8.0, 83.5, 8.5, 89.5 ], "rotation": 270, "windMode": [-1,-1,-1,-1] },
																"up": { "texture": "#skin", "uv": [ 8.5, 83.5, 11.5, 89.5 ], "rotation": 270, "windMode": [-1,-1,-1,-1] },
																"down": { "texture": "#skin", "uv": [ 12.0, 83.5, 15.0, 89.5 ], "rotation": 90, "windMode": [-1,-1,-1,-1] }
															},
															"children": [
																{
																	"name": "PeltTail3",
																	"from": [ 5.0, -0.02, 0.6 ],
																	"to": [ 9.0, 0.816, 2.6 ],
																	"unwrapMode": 7,
																	"unwrapRotation": 1,
																	"autoUnwrap": false,
																	"uv": [ 10.5, 94.0 ],
																	"rotationOrigin": [ 5.0, 0.0, 1.6 ],
																	"faces": {
																		"north": { "texture": "#skin", "uv": [ 13.0, 94.0, 13.5, 98.0 ], "rotation": 90 },
																		"east": { "texture": "#skin", "uv": [ 11.0, 98.0, 13.0, 98.5 ], "windMode": [-1,-1,-1,-1] },
																		"south": { "texture": "#skin", "uv": [ 10.5, 94.0, 11.0, 98.0 ], "rotation": 270, "windMode": [-1,-1,-1,-1] },
																		"up": { "texture": "#skin", "uv": [ 11.0, 94.0, 13.0, 98.0 ], "rotation": 270, "windMode": [-1,-1,-1,-1] },
																		"down": { "texture": "#skin", "uv": [ 14.5, 94.0, 16.5, 98.0 ], "rotation": 90, "windMode": [-1,-1,-1,-1] }
																	}
																}
															]
														}
													]
												}
											]
										}
									]
								},
								{
									"name": "LNeck",
									"from": [ -12.0, 0.044, 7.0 ],
									"to": [ 0.0, 0.88, 17.0 ],
									"unwrapMode": 7,
									"unwrapRotation": 1,
									"autoUnwrap": false,
									"uv": [ 17.5, 36.5 ],
									"rotationOrigin": [ 0.0, 0.044, 7.0 ],
									"rotationY": 22.0,
									"faces": {
										"north": { "texture": "#skin", "uv": [ 8.5, 20.5, 9.0, 32.5 ], "rotation": 90 },
										"south": { "texture": "#skin", "uv": [ 18.5, 20.5, 19.0, 32.5 ], "rotation": 270, "windMode": [-1,-1,-1,-1] },
										"west": { "texture": "#skin", "uv": [ 8.5, 20.5, 18.5, 21.0 ], "rotation": 180, "windMode": [-1,-1,-1,-1] },
										"up": { "texture": "#skin", "uv": [ 8.5, 20.5, 18.5, 32.5 ], "rotation": 270, "windMode": [-1,-1,-1,-1] },
										"down": { "texture": "#skin", "uv": [ 46.5, 47.0, 56.5, 59.0 ], "rotation": 90, "windMode": [-1,-1,-1,-1] }
									}
								},
								{
									"name": "RNeck",
									"from": [ -12.0, -0.792, 7.0 ],
									"to": [ 0.0, 0.044, 17.0 ],
									"unwrapMode": 7,
									"unwrapRotation": 1,
									"autoUnwrap": false,
									"uv": [ 25.0, 45.5 ],
									"rotationOrigin": [ 0.0, 0.044, 7.0 ],
									"rotationX": 180.0,
									"rotationY": 22.0,
									"faces": {
										"north": { "texture": "#skin", "uv": [ 27.5, 20.5, 28.0, 32.5 ], "rotation": 90 },
										"south": { "texture": "#skin", "uv": [ 38.0, 20.5, 38.5, 32.5 ], "rotation": 270, "windMode": [-1,-1,-1,-1] },
										"west": { "texture": "#skin", "uv": [ 28.0, 20.5, 38.0, 21.0 ], "rotation": 180, "windMode": [-1,-1,-1,-1] },
										"up": { "texture": "#skin", "uv": [ 46.5, 47.0, 56.5, 59.0 ], "rotation": 270, "windMode": [-1,-1,-1,-1] },
										"down": { "texture": "#skin", "uv": [ 28.0, 20.5, 38.0, 32.5 ], "rotation": 90, "windMode": [-1,-1,-1,-1] }
									}
								}
							]
						}
					]
				}
			]
		}
	]}