{
	"editor": {
		"allAngles": true,
		"entityTextureMode": true
	},
	"textureWidth": 56,
	"textureHeight": 64,
	"textureSizes": {
		"skin": [56,64]
	},
	"textures": {
	},
	"elements": [
		{
			"name": "Origin",
			"from": [ 6.0, 0.0, 8.0 ],
			"to": [ 6.0, 0.0, 8.0 ],
			"uv": [ 0.0, 0.0 ],
			"rotationOrigin": [ 8.0, 0.0, 8.0 ],
			"faces": {
			},
			"children": [
				{
					"name": "Rear",
					"from": [ 4.5, 9.5, -3.0 ],
					"to": [ 10.5, 17.5, 3.0 ],
					"unwrapMode": 7,
					"unwrapRotation": 1,
					"autoUnwrap": false,
					"uv": [ 2.5, 68.0 ],
					"rotationOrigin": [ 6.0, 15.4, 0.0 ],
					"rotationZ": -9.0,
					"faces": {
						"north": { "texture": "#skin", "uv": [ 15.0, 29.5, 23.0, 35.5 ], "rotation": 90 },
						"east": { "texture": "#skin", "uv": [ 9.0, 35.5, 15.0, 43.5 ] },
						"south": { "texture": "#skin", "uv": [ 1.0, 29.5, 9.0, 35.5 ], "rotation": 270 },
						"west": { "texture": "#skin", "uv": [ 9.0, 44.5, 15.0, 52.5 ] },
						"up": { "texture": "#skin", "uv": [ 9.0, 29.5, 15.0, 35.5 ], "rotation": 270 },
						"down": { "texture": "#skin", "uv": [ 23.0, 29.5, 29.0, 35.5 ], "rotation": 90 }
					},
					"children": [
						{
							"name": "Tail",
							"from": [ 5.3, 4.5, 2.5 ],
							"to": [ 6.1, 7.9, 3.6 ],
							"unwrapMode": 2,
							"uv": [ 5.0, 36.5 ],
							"rotationOrigin": [ 5.9, 7.8, 3.0 ],
							"rotationZ": 28.0,
							"faces": {
								"north": { "texture": "#skin", "uv": [ 6.5, 37.0, 7.0, 40.0 ], "windMode": [-1,-1,-1,-1], "windData": [0,1,1,0] },
								"east": { "texture": "#skin", "uv": [ 5.5, 37.0, 6.5, 40.0 ], "windMode": [-1,-1,-1,-1], "windData": [0,1,1,0] },
								"south": { "texture": "#skin", "uv": [ 5.0, 37.0, 5.5, 40.0 ] },
								"west": { "texture": "#skin", "uv": [ 7.0, 37.0, 8.0, 40.0 ], "windMode": [-1,-1,-1,-1], "windData": [0,0,1,1] },
								"up": { "texture": "#skin", "uv": [ 5.5, 36.5, 6.5, 37.0 ], "rotation": 270, "windMode": [-1,-1,-1,-1], "windData": [1,1,1,1] }
							},
							"children": [
								{
									"name": "Tail2",
									"from": [ -0.1, -2.0, -0.2 ],
									"to": [ 0.9, 1.0, 1.3 ],
									"unwrapMode": 2,
									"uv": [ 3.0, 40.5 ],
									"rotationOrigin": [ 0.6, 0.3, 0.6 ],
									"faces": {
										"north": { "texture": "#skin", "uv": [ 5.5, 41.5, 6.5, 44.5 ], "windMode": [-1,-1,-1,-1], "windData": [0,1,1,0] },
										"east": { "texture": "#skin", "uv": [ 4.0, 41.5, 5.5, 44.5 ], "windMode": [-1,-1,-1,-1], "windData": [0,1,1,0] },
										"south": { "texture": "#skin", "uv": [ 3.0, 41.5, 4.0, 44.5 ] },
										"west": { "texture": "#skin", "uv": [ 6.5, 41.5, 8.0, 44.5 ], "windMode": [-1,-1,-1,-1], "windData": [0,0,1,1] },
										"up": { "texture": "#skin", "uv": [ 4.0, 40.5, 5.5, 41.5 ], "rotation": 270, "windMode": [-1,-1,-1,-1], "windData": [1,1,1,1] },
										"down": { "texture": "#skin", "uv": [ 4.0, 44.5, 5.5, 45.5 ], "rotation": 270, "windMode": [-1,-1,-1,-1], "windData": [1,1,1,1] }
									},
									"children": [
										{
											"name": "Tail3",
											"from": [ 0.1, -1.5, 0.3 ],
											"to": [ 0.9, 0.5, 1.3 ],
											"unwrapMode": 2,
											"uv": [ 5.0, 46.0 ],
											"rotationOrigin": [ 0.6, 0.3, 0.8 ],
											"faces": {
												"north": { "texture": "#skin", "uv": [ 6.5, 46.5, 7.0, 48.5 ], "windMode": [-1,-1,-1,-1], "windData": [0,1,1,0] },
												"east": { "texture": "#skin", "uv": [ 5.5, 46.5, 6.5, 48.5 ], "windMode": [-1,-1,-1,-1], "windData": [0,1,1,0] },
												"south": { "texture": "#skin", "uv": [ 5.0, 46.5, 5.5, 48.5 ] },
												"west": { "texture": "#skin", "uv": [ 7.0, 46.5, 8.0, 48.5 ], "windMode": [-1,-1,-1,-1], "windData": [0,0,1,1] },
												"up": { "texture": "#skin", "uv": [ 5.5, 46.0, 6.5, 46.5 ], "rotation": 270, "windMode": [-1,-1,-1,-1], "windData": [1,1,1,1] }
											}
										}
									]
								}
							]
						},
						{
							"name": "L Haunch",
							"from": [ 2.4, 0.6, 4.7 ],
							"to": [ 6.5, 7.0, 7.0 ],
							"unwrapMode": 3,
							"uv": [ 30.0, 34.5 ],
							"rotationOrigin": [ 4.2, 5.9, 5.5 ],
							"rotationX": 6.0,
							"rotationY": 0.5,
							"faces": {
								"north": { "texture": "#skin", "uv": [ 38.0, 36.5, 42.0, 42.5 ] },
								"east": { "texture": "#skin", "uv": [ 36.0, 36.5, 38.0, 42.5 ] },
								"south": { "texture": "#skin", "uv": [ 32.0, 36.5, 36.0, 42.5 ] },
								"west": { "texture": "#skin", "uv": [ 30.0, 36.5, 32.0, 42.5 ] },
								"up": { "texture": "#skin", "uv": [ 32.0, 34.5, 36.0, 36.5 ], "windMode": [-1,-1,-1,-1], "windData": [0,0,1,1] },
								"down": { "texture": "#skin", "uv": [ 32.0, 42.5, 36.0, 44.5 ], "rotation": 180 }
							},
							"children": [
								{
									"name": "L LegUp",
									"from": [ 0.8, -4.1, 0.6 ],
									"to": [ 2.5, 1.5, 2.1 ],
									"unwrapMode": 2,
									"uv": [ 30.5, 45.0 ],
									"rotationOrigin": [ 1.6, 0.6, 1.3 ],
									"rotationZ": 40.0,
									"faces": {
										"north": { "texture": "#skin", "uv": [ 33.5, 46.5, 35.0, 52.0 ] },
										"east": { "texture": "#skin", "uv": [ 32.0, 46.5, 33.5, 52.0 ] },
										"south": { "texture": "#skin", "uv": [ 30.5, 46.5, 32.0, 52.0 ] },
										"west": { "texture": "#skin", "uv": [ 35.0, 46.5, 36.5, 52.0 ] },
										"up": { "texture": "#skin", "uv": [ 32.0, 45.0, 33.5, 46.5 ], "rotation": 270 },
										"down": { "texture": "#skin", "uv": [ 32.0, 52.0, 33.5, 53.5 ], "rotation": 270 }
									},
									"children": [
										{
											"name": "L LegLow",
											"from": [ 0.4, -4.9, 0.2 ],
											"to": [ 1.5, 0.4, 1.3 ],
											"unwrapMode": 2,
											"uv": [ 33.0, 53.0 ],
											"rotationOrigin": [ 1.1, 0.2, 0.7 ],
											"rotationX": -6.0,
											"rotationZ": -33.0,
											"faces": {
												"north": { "texture": "#skin", "uv": [ 35.0, 54.0, 36.0, 59.0 ] },
												"east": { "texture": "#skin", "uv": [ 34.0, 54.0, 35.0, 59.0 ] },
												"south": { "texture": "#skin", "uv": [ 33.0, 54.0, 34.0, 59.0 ] },
												"west": { "texture": "#skin", "uv": [ 36.0, 54.0, 37.0, 59.0 ] },
												"up": { "texture": "#skin", "uv": [ 34.0, 53.0, 35.0, 54.0 ], "rotation": 270 },
												"down": { "texture": "#skin", "uv": [ 34.0, 59.0, 35.0, 60.0 ], "rotation": 270, "windMode": [-1,-1,-1,-1] }
											},
											"children": [
												{
													"name": "L Hind Pastern",
													"from": [ 0.2, -1.5, 0.2 ],
													"to": [ 1.0, 0.2, 1.0 ],
													"unwrapMode": 2,
													"uv": [ 35.5, 59.5 ],
													"rotationOrigin": [ 0.5, 0.2, 0.7 ],
													"rotationY": 5.0,
													"rotationZ": -17.0,
													"faces": {
														"north": { "texture": "#skin", "uv": [ 36.5, 59.5, 37.0, 61.0 ] },
														"east": { "texture": "#skin", "uv": [ 36.0, 59.5, 36.5, 61.0 ] },
														"south": { "texture": "#skin", "uv": [ 35.5, 59.5, 36.0, 61.0 ] },
														"west": { "texture": "#skin", "uv": [ 37.0, 59.5, 37.5, 61.0 ] },
														"down": { "texture": "#skin", "uv": [ 36.0, 61.0, 36.5, 61.5 ], "rotation": 270 }
													},
													"children": [
														{
															"name": "L Hind Hoof",
															"from": [ 0.2, 0.5, 0.5 ],
															"to": [ 0.2, 0.5, 0.5 ],
															"uv": [ 0.0, 0.0 ],
															"rotationOrigin": [ 0.2, 0.5, 0.5 ],
															"rotationZ": 18.0,
															"faces": {
															},
															"children": [
																{
																	"name": "L Hind Hoof2",
																	"from": [ -0.7, -0.8, -0.45 ],
																	"to": [ 0.4, -0.3, 0.25 ],
																	"unwrapMode": 5,
																	"uv": [ 38.0, 57.0 ],
																	"rotationOrigin": [ 0.2, -0.4, 0.2 ],
																	"faces": {
																		"north": { "texture": "#skin", "uv": [ 38.5, 57.0, 39.5, 57.5 ], "rotation": 180 },
																		"east": { "texture": "#skin", "uv": [ 39.5, 57.5, 40.0, 58.0 ], "rotation": 90 },
																		"south": { "texture": "#skin", "uv": [ 38.5, 58.0, 39.5, 58.5 ] },
																		"west": { "texture": "#skin", "uv": [ 38.0, 57.5, 38.5, 58.0 ], "rotation": 270 },
																		"up": { "texture": "#skin", "uv": [ 38.5, 57.5, 39.5, 58.0 ] },
																		"down": { "texture": "#skin", "uv": [ 40.0, 57.5, 41.0, 58.0 ] }
																	}
																},
																{
																	"name": "L Hind Hoof1",
																	"from": [ -0.7, -0.8, -0.45 ],
																	"to": [ 0.5, -0.4, 0.25 ],
																	"unwrapMode": 5,
																	"uv": [ 38.0, 59.0 ],
																	"rotationOrigin": [ -0.7, -0.8, -0.4 ],
																	"rotationZ": 40.0,
																	"faces": {
																		"north": { "texture": "#skin", "uv": [ 38.5, 59.0, 39.5, 59.5 ], "rotation": 180 },
																		"east": { "texture": "#skin", "uv": [ 39.5, 59.5, 40.0, 60.0 ], "rotation": 90 },
																		"south": { "texture": "#skin", "uv": [ 38.5, 60.0, 39.5, 60.5 ] },
																		"west": { "texture": "#skin", "uv": [ 38.0, 59.5, 38.5, 60.0 ], "rotation": 270 },
																		"up": { "texture": "#skin", "uv": [ 38.5, 59.5, 39.5, 60.0 ] },
																		"down": { "texture": "#skin", "uv": [ 40.0, 59.5, 41.0, 60.0 ] }
																	}
																}
															]
														}
													]
												}
											]
										},
										{
											"name": "L LegUp Taper",
											"from": [ 1.0, 0.0, 0.0 ],
											"to": [ 1.8, 5.3, 1.5 ],
											"unwrapMode": 2,
											"uv": [ 37.0, 46.5 ],
											"rotationOrigin": [ 1.7, 0.0, 0.0 ],
											"rotationZ": -11.0,
											"faces": {
												"north": { "texture": "#skin", "uv": [ 39.0, 46.5, 39.5, 51.5 ] },
												"east": { "texture": "#skin", "uv": [ 37.5, 46.5, 39.0, 51.5 ] },
												"south": { "texture": "#skin", "uv": [ 37.0, 46.5, 37.5, 51.5 ] },
												"down": { "texture": "#skin", "uv": [ 37.5, 51.5, 39.0, 52.0 ], "rotation": 270 }
											}
										}
									]
								}
							]
						},
						{
							"name": "R Haunch",
							"from": [ 2.4, 0.6, -0.9 ],
							"to": [ 6.5, 7.0, 1.4 ],
							"unwrapMode": 1,
							"uv": [ 43.0, 34.5 ],
							"rotationOrigin": [ 4.2, 5.9, 0.0 ],
							"rotationX": -6.0,
							"rotationY": -0.5,
							"rotationZ": 17.0,
							"faces": {
								"north": { "texture": "#skin", "uv": [ 45.0, 36.5, 49.0, 42.5 ] },
								"east": { "texture": "#skin", "uv": [ 43.0, 36.5, 45.0, 42.5 ] },
								"south": { "texture": "#skin", "uv": [ 51.0, 36.5, 55.0, 42.5 ] },
								"west": { "texture": "#skin", "uv": [ 49.0, 36.5, 51.0, 42.5 ] },
								"up": { "texture": "#skin", "uv": [ 45.0, 34.5, 49.0, 36.5 ], "rotation": 180 },
								"down": { "texture": "#skin", "uv": [ 45.0, 42.5, 49.0, 44.5 ] }
							},
							"children": [
								{
									"name": "R LegUp",
									"from": [ 0.8, -4.1, 0.2 ],
									"to": [ 2.5, 1.5, 1.7 ],
									"unwrapMode": 2,
									"uv": [ 43.5, 45.0 ],
									"rotationOrigin": [ 1.6, 0.6, 0.8 ],
									"rotationZ": 40.0,
									"faces": {
										"north": { "texture": "#skin", "uv": [ 46.5, 46.5, 48.0, 52.0 ] },
										"east": { "texture": "#skin", "uv": [ 45.0, 46.5, 46.5, 52.0 ] },
										"south": { "texture": "#skin", "uv": [ 43.5, 46.5, 45.0, 52.0 ] },
										"west": { "texture": "#skin", "uv": [ 48.0, 46.5, 49.5, 52.0 ] },
										"up": { "texture": "#skin", "uv": [ 45.0, 45.0, 46.5, 46.5 ], "rotation": 270 },
										"down": { "texture": "#skin", "uv": [ 45.0, 52.0, 46.5, 53.5 ], "rotation": 270 }
									},
									"children": [
										{
											"name": "R LegLow",
											"from": [ 0.4, -4.9, 0.2 ],
											"to": [ 1.5, 0.4, 1.3 ],
											"unwrapMode": 2,
											"uv": [ 46.0, 53.0 ],
											"rotationOrigin": [ 1.1, 0.2, 0.8 ],
											"rotationX": 6.0,
											"rotationZ": -36.0,
											"faces": {
												"north": { "texture": "#skin", "uv": [ 48.0, 54.0, 49.0, 59.0 ] },
												"east": { "texture": "#skin", "uv": [ 47.0, 54.0, 48.0, 59.0 ] },
												"south": { "texture": "#skin", "uv": [ 46.0, 54.0, 47.0, 59.0 ] },
												"west": { "texture": "#skin", "uv": [ 49.0, 54.0, 50.0, 59.0 ] },
												"up": { "texture": "#skin", "uv": [ 47.0, 53.0, 48.0, 54.0 ], "rotation": 270 },
												"down": { "texture": "#skin", "uv": [ 47.0, 59.0, 48.0, 60.0 ], "rotation": 270 }
											},
											"children": [
												{
													"name": "R Hind Pastern",
													"from": [ 0.2, -1.5, 0.1 ],
													"to": [ 1.0, 0.2, 0.9 ],
													"unwrapMode": 2,
													"uv": [ 48.5, 59.5 ],
													"rotationOrigin": [ 0.5, 0.2, 0.5 ],
													"rotationY": -5.0,
													"rotationZ": -17.0,
													"faces": {
														"north": { "texture": "#skin", "uv": [ 49.5, 59.5, 50.0, 61.0 ] },
														"east": { "texture": "#skin", "uv": [ 49.0, 59.5, 49.5, 61.0 ] },
														"south": { "texture": "#skin", "uv": [ 48.5, 59.5, 49.0, 61.0 ] },
														"west": { "texture": "#skin", "uv": [ 50.0, 59.5, 50.5, 61.0 ] },
														"down": { "texture": "#skin", "uv": [ 49.0, 61.0, 49.5, 61.5 ], "rotation": 270 }
													},
													"children": [
														{
															"name": "R Hind Hoof",
															"from": [ 0.2, 0.5, 0.5 ],
															"to": [ 0.2, 0.5, 0.5 ],
															"uv": [ 0.0, 0.0 ],
															"rotationOrigin": [ 0.2, 0.5, 0.5 ],
															"rotationZ": 46.0,
															"faces": {
															},
															"children": [
																{
																	"name": "R Hind Hoof1",
																	"from": [ -0.7, -0.8, -0.45 ],
																	"to": [ 0.5, -0.4, 0.25 ],
																	"unwrapMode": 5,
																	"uv": [ 51.0, 59.0 ],
																	"rotationOrigin": [ -0.7, -0.8, -0.4 ],
																	"rotationZ": 40.0,
																	"faces": {
																		"north": { "texture": "#skin", "uv": [ 51.5, 59.0, 52.5, 59.5 ], "rotation": 180 },
																		"east": { "texture": "#skin", "uv": [ 52.5, 59.5, 53.0, 60.0 ], "rotation": 90 },
																		"south": { "texture": "#skin", "uv": [ 51.5, 60.0, 52.5, 60.5 ] },
																		"west": { "texture": "#skin", "uv": [ 51.0, 59.5, 51.5, 60.0 ], "rotation": 270 },
																		"up": { "texture": "#skin", "uv": [ 51.5, 59.5, 52.5, 60.0 ] },
																		"down": { "texture": "#skin", "uv": [ 53.0, 59.5, 54.0, 60.0 ] }
																	}
																},
																{
																	"name": "R Hind Hoof2",
																	"from": [ -0.7, -0.8, -0.45 ],
																	"to": [ 0.4, -0.3, 0.25 ],
																	"unwrapMode": 5,
																	"uv": [ 51.0, 57.0 ],
																	"rotationOrigin": [ 0.2, -0.4, 0.2 ],
																	"faces": {
																		"north": { "texture": "#skin", "uv": [ 51.5, 57.0, 52.5, 57.5 ], "rotation": 180 },
																		"east": { "texture": "#skin", "uv": [ 52.5, 57.5, 53.0, 58.0 ], "rotation": 90 },
																		"south": { "texture": "#skin", "uv": [ 51.5, 58.0, 52.5, 58.5 ] },
																		"west": { "texture": "#skin", "uv": [ 51.0, 57.5, 51.5, 58.0 ], "rotation": 270 },
																		"up": { "texture": "#skin", "uv": [ 51.5, 57.5, 52.5, 58.0 ] },
																		"down": { "texture": "#skin", "uv": [ 53.0, 57.5, 54.0, 58.0 ] }
																	}
																}
															]
														}
													]
												}
											]
										},
										{
											"name": "R LegUp Taper",
											"from": [ 1.0, 0.0, 0.0 ],
											"to": [ 1.8, 5.3, 1.5 ],
											"unwrapMode": 2,
											"uv": [ 50.0, 46.5 ],
											"rotationOrigin": [ 1.7, 0.0, 0.0 ],
											"rotationZ": -11.0,
											"faces": {
												"north": { "texture": "#skin", "uv": [ 52.0, 46.5, 52.5, 51.5 ] },
												"east": { "texture": "#skin", "uv": [ 50.5, 46.5, 52.0, 51.5 ] },
												"south": { "texture": "#skin", "uv": [ 50.0, 46.5, 50.5, 51.5 ] },
												"down": { "texture": "#skin", "uv": [ 50.5, 51.5, 52.0, 52.0 ], "rotation": 270 }
											}
										}
									]
								}
							]
						},
						{
							"name": "Midsection",
							"from": [ -5.2, -0.2, 0.2 ],
							"to": [ 0.8, 7.9, 5.8 ],
							"unwrapMode": 7,
							"unwrapRotation": 1,
							"autoUnwrap": false,
							"uv": [ 3.0, 57.5 ],
							"rotationOrigin": [ 0.1, 5.8, 3.0 ],
							"rotationZ": 8.0,
							"faces": {
								"north": { "texture": "#skin", "uv": [ 14.5, 23.0, 22.5, 29.0 ], "rotation": 90, "windMode": [-1,-1,-1,-1], "windData": [0,1,1,0] },
								"east": { "texture": "#skin", "uv": [ 22.5, 45.5, 28.0, 53.5 ], "windMode": [-1,-1,-1,-1], "windData": [0,1,1,0] },
								"south": { "texture": "#skin", "uv": [ 1.0, 23.0, 9.0, 29.0 ], "rotation": 270 },
								"west": { "texture": "#skin", "uv": [ 16.5, 45.5, 22.0, 53.5 ], "windMode": [-1,-1,-1,-1], "windData": [0,0,1,1] },
								"up": { "texture": "#skin", "uv": [ 9.0, 23.0, 14.5, 29.0 ], "rotation": 270 },
								"down": { "texture": "#skin", "uv": [ 22.5, 23.0, 28.0, 29.0 ], "rotation": 90 }
							},
							"children": [
								{
									"name": "Chest",
									"from": [ -5.0, 0.2, -0.2 ],
									"to": [ 0.8, 8.2, 5.8 ],
									"unwrapMode": 7,
									"unwrapRotation": 1,
									"autoUnwrap": false,
									"uv": [ 1.0, 16.5 ],
									"rotationOrigin": [ 0.8, 5.4, 2.8 ],
									"rotationZ": 6.0,
									"faces": {
										"north": { "texture": "#skin", "uv": [ 15.0, 17.0, 23.0, 22.5 ], "rotation": 90 },
										"east": { "texture": "#skin", "uv": [ 22.5, 36.5, 28.5, 44.5 ] },
										"south": { "texture": "#skin", "uv": [ 1.0, 17.0, 9.0, 22.5 ], "rotation": 270 },
										"west": { "texture": "#skin", "uv": [ 16.0, 36.5, 22.0, 44.5 ] },
										"up": { "texture": "#skin", "uv": [ 9.0, 17.0, 15.0, 22.5 ], "rotation": 270 },
										"down": { "texture": "#skin", "uv": [ 23.0, 17.0, 29.0, 22.5 ], "rotation": 90 }
									},
									"children": [
										{
											"name": "Neck",
											"from": [ -1.6, 5.5, 2.1 ],
											"to": [ 3.4, 11.5, 5.9 ],
											"unwrapMode": 2,
											"autoUnwrap": false,
											"uv": [ 8.5, 9.0 ],
											"rotationOrigin": [ 3.7, 5.5, 3.5 ],
											"rotationX": 3.0,
											"rotationY": -11.0,
											"rotationZ": 57.0,
											"faces": {
												"north": { "texture": "#skin", "uv": [ 14.0, 10.5, 19.0, 16.5 ], "windMode": [-1,-1,-1,-1], "windData": [0,0,1,0] },
												"east": { "texture": "#skin", "uv": [ 10.5, 10.5, 14.0, 16.5 ], "windMode": [-1,-1,-1,-1], "windData": [1,0,0,1] },
												"south": { "texture": "#skin", "uv": [ 5.5, 10.5, 10.5, 16.5 ] },
												"west": { "texture": "#skin", "uv": [ 19.0, 10.5, 22.5, 16.5 ] },
												"up": { "texture": "#skin", "uv": [ 2.5, 4.5, 6.0, 9.5 ], "rotation": 90 }
											},
											"children": [
												{
													"name": "Neck2",
													"from": [ -0.1, 3.8, 0.4 ],
													"to": [ 4.2, 9.3, 3.4 ],
													"unwrapMode": 2,
													"uv": [ 7.0, 0.5 ],
													"rotationOrigin": [ 3.3, 4.2, 1.6 ],
													"rotationZ": -25.0,
													"faces": {
														"north": { "texture": "#skin", "uv": [ 14.0, 4.5, 18.0, 10.0 ] },
														"east": { "texture": "#skin", "uv": [ 11.0, 4.5, 14.0, 10.0 ] },
														"south": { "texture": "#skin", "uv": [ 7.0, 4.5, 11.0, 10.0 ] },
														"west": { "texture": "#skin", "uv": [ 18.0, 4.5, 21.0, 10.0 ] },
														"up": { "texture": "#skin", "uv": [ 11.0, 0.5, 14.0, 4.5 ], "rotation": 270 }
													},
													"children": [
														{
															"name": "Head",
															"from": [ 1.075, 1.9, -0.1 ],
															"to": [ 4.075, 5.7, 3.3 ],
															"unwrapMode": 4,
															"uv": [ 2.0, 50.5 ],
															"rotationOrigin": [ 4.1, 5.7, 1.6 ],
															"rotationZ": -50.0,
															"faces": {
																"north": { "texture": "#skin", "uv": [ 2.0, 53.5, 5.0, 57.0 ] },
																"east": { "texture": "#skin", "uv": [ 11.0, 53.5, 14.0, 57.0 ] },
																"south": { "texture": "#skin", "uv": [ 8.0, 53.5, 11.0, 57.0 ] },
																"west": { "texture": "#skin", "uv": [ 5.0, 53.5, 8.0, 57.0 ] },
																"up": { "texture": "#skin", "uv": [ 5.0, 50.5, 8.0, 53.5 ], "rotation": 90 },
																"down": { "texture": "#skin", "uv": [ 5.0, 57.0, 8.0, 60.0 ], "rotation": 90 }
															},
															"children": [
																{
																	"name": "MouthUp",
																	"from": [ -3.0, 0.4, 0.7 ],
																	"to": [ 0.0, 1.1, 2.7 ],
																	"unwrapMode": 5,
																	"unwrapRotation": 1,
																	"uv": [ 15.0, 54.5 ],
																	"rotationOrigin": [ -0.5, 1.3, 1.7 ],
																	"rotationZ": 35.0,
																	"faces": {
																		"north": { "texture": "#skin", "uv": [ 15.0, 54.5, 15.5, 57.5 ], "rotation": 270 },
																		"south": { "texture": "#skin", "uv": [ 17.5, 54.5, 18.0, 57.5 ], "rotation": 90 },
																		"west": { "texture": "#skin", "uv": [ 15.5, 57.5, 17.5, 58.0 ] },
																		"up": { "texture": "#skin", "uv": [ 15.5, 54.5, 17.5, 57.5 ], "rotation": 90, "windMode": [-1,-1,-1,-1], "windData": [1,1,1,1] },
																		"down": { "texture": "#skin", "uv": [ 18.0, 54.5, 20.0, 57.5 ], "rotation": 270 }
																	},
																	"children": [
																		{
																			"name": "Nose",
																			"from": [ 0.5, -0.1, 0.1 ],
																			"to": [ 4.6, 1.2, 1.9 ],
																			"unwrapMode": 5,
																			"unwrapRotation": 1,
																			"uv": [ 20.5, 54.5 ],
																			"rotationOrigin": [ 0.5, 1.4, 0.5 ],
																			"rotationZ": 18.0,
																			"faces": {
																				"north": { "texture": "#skin", "uv": [ 20.5, 54.5, 21.5, 58.5 ], "rotation": 270, "windMode": [-1,-1,-1,-1], "windData": [1,1,1,1] },
																				"south": { "texture": "#skin", "uv": [ 23.0, 54.5, 24.0, 58.5 ], "rotation": 90 },
																				"west": { "texture": "#skin", "uv": [ 21.5, 58.5, 23.0, 59.5 ], "windMode": [-1,-1,-1,-1], "windData": [1,1,1,1] },
																				"up": { "texture": "#skin", "uv": [ 21.5, 54.5, 23.0, 58.5 ], "rotation": 90 }
																			},
																			"children": [
																				{
																					"name": "Snout",
																					"from": [ -0.7, 0.5, 0.3 ],
																					"to": [ 0.1, 1.2, 1.5 ],
																					"unwrapMode": 4,
																					"uv": [ 27.0, 59.5 ],
																					"rotationOrigin": [ -0.7, 1.3, 0.0 ],
																					"rotationZ": -2.0,
																					"faces": {
																						"north": { "texture": "#skin", "uv": [ 27.0, 60.0, 27.5, 60.5 ], "windMode": [-1,-1,-1,-1], "windData": [1,1,1,1] },
																						"east": { "texture": "#skin", "uv": [ 29.0, 60.0, 30.0, 60.5 ], "windMode": [-1,-1,-1,-1], "windData": [1,1,1,1] },
																						"south": { "texture": "#skin", "uv": [ 28.5, 60.0, 29.0, 60.5 ], "windMode": [-1,-1,-1,-1], "windData": [1,1,1,1] },
																						"west": { "texture": "#skin", "uv": [ 27.5, 60.0, 28.5, 60.5 ], "windMode": [-1,-1,-1,-1], "windData": [1,1,1,1] },
																						"up": { "texture": "#skin", "uv": [ 27.5, 59.5, 28.5, 60.0 ], "rotation": 90, "windMode": [-1,-1,-1,-1], "windData": [1,1,1,1] },
																						"down": { "texture": "#skin", "uv": [ 27.5, 60.5, 28.5, 61.0 ], "rotation": 90, "windMode": [-1,-1,-1,-1], "windData": [1,1,1,1] }
																					}
																				}
																			]
																		}
																	]
																},
																{
																	"name": "L Ear",
																	"from": [ 2.4, 2.8, 2.5 ],
																	"to": [ 2.8, 4.3, 3.9 ],
																	"unwrapMode": 4,
																	"uv": [ 24.5, 12.5 ],
																	"rotationOrigin": [ 2.5, 2.8, 3.1 ],
																	"rotationX": 55.0,
																	"rotationY": 45.0,
																	"faces": {
																		"north": { "texture": "#skin", "uv": [ 24.5, 13.0, 25.0, 14.5 ], "windMode": [-1,-1,-1,-1], "windData": [1,1,1,1] },
																		"east": { "texture": "#skin", "uv": [ 26.5, 13.0, 27.5, 14.5 ] },
																		"south": { "texture": "#skin", "uv": [ 26.0, 13.0, 26.5, 14.5 ], "windMode": [-1,-1,-1,-1], "windData": [1,1,1,1] },
																		"west": { "texture": "#skin", "uv": [ 25.0, 13.0, 26.0, 14.5 ] },
																		"up": { "texture": "#skin", "uv": [ 25.0, 12.5, 26.0, 13.0 ], "rotation": 90 },
																		"down": { "texture": "#skin", "uv": [ 25.0, 14.5, 26.0, 15.0 ], "rotation": 90 }
																	},
																	"children": [
																		{
																			"name": "L Ear2",
																			"from": [ 0.0, 1.5, 0.0 ],
																			"to": [ 0.4, 2.9, 0.6 ],
																			"unwrapMode": 4,
																			"uv": [ 23.5, 10.0 ],
																			"rotationOrigin": [ 0.2, 1.5, 0.0 ],
																			"rotationX": 16.0,
																			"rotationY": 1.0,
																			"faces": {
																				"north": { "texture": "#skin", "uv": [ 23.5, 10.5, 24.0, 11.5 ] },
																				"east": { "texture": "#skin", "uv": [ 25.0, 10.5, 25.5, 11.5 ] },
																				"south": { "texture": "#skin", "uv": [ 24.5, 10.5, 25.0, 11.5 ] },
																				"west": { "texture": "#skin", "uv": [ 24.0, 10.5, 24.5, 11.5 ] },
																				"up": { "texture": "#skin", "uv": [ 24.0, 10.0, 24.5, 10.5 ], "rotation": 90 },
																				"down": { "texture": "#skin", "uv": [ 24.0, 11.5, 24.5, 12.0 ], "rotation": 90 }
																			}
																		},
																		{
																			"name": "L Ear3",
																			"from": [ 0.0, 1.5, 0.6 ],
																			"to": [ 0.4, 2.7, 1.4 ],
																			"unwrapMode": 4,
																			"uv": [ 26.0, 10.0 ],
																			"rotationOrigin": [ 0.2, 1.5, 1.4 ],
																			"rotationX": -19.0,
																			"rotationY": -1.0,
																			"faces": {
																				"north": { "texture": "#skin", "uv": [ 26.0, 10.5, 26.5, 11.5 ] },
																				"east": { "texture": "#skin", "uv": [ 27.5, 10.5, 28.0, 11.5 ] },
																				"south": { "texture": "#skin", "uv": [ 27.0, 10.5, 27.5, 11.5 ] },
																				"west": { "texture": "#skin", "uv": [ 26.5, 10.5, 27.0, 11.5 ] },
																				"up": { "texture": "#skin", "uv": [ 26.5, 10.0, 27.0, 10.5 ], "rotation": 90 },
																				"down": { "texture": "#skin", "uv": [ 26.5, 11.5, 27.0, 12.0 ], "rotation": 90 }
																			}
																		}
																	]
																},
																{
																	"name": "R Eye",
																	"from": [ -0.01, 2.0, -0.01 ],
																	"to": [ 0.49, 2.2, 0.19 ],
																	"unwrapMode": 5,
																	"uv": [ 0.5, 36.5 ],
																	"rotationOrigin": [ -0.01, 2.4, -0.01 ],
																	"faces": {
																		"north": { "texture": "#skin", "uv": [ 1.0, 36.5, 1.5, 37.0 ], "rotation": 180 },
																		"east": { "texture": "#skin", "uv": [ 1.5, 37.0, 2.0, 37.5 ], "rotation": 90 },
																		"south": { "texture": "#skin", "uv": [ 1.0, 37.5, 1.5, 38.0 ] },
																		"west": { "texture": "#skin", "uv": [ 0.5, 37.0, 1.0, 37.5 ], "rotation": 270 },
																		"up": { "texture": "#skin", "uv": [ 1.0, 37.0, 1.5, 37.5 ] },
																		"down": { "texture": "#skin", "uv": [ 2.0, 37.0, 2.5, 37.5 ] }
																	},
																	"children": [
																		{
																			"name": "R Eye2",
																			"from": [ 0.0, 0.2, 0.0 ],
																			"to": [ 0.5, 0.6, 0.2 ],
																			"unwrapMode": 5,
																			"uv": [ 0.5, 38.0 ],
																			"rotationOrigin": [ 0.0, 0.6, -0.1 ],
																			"faces": {
																				"north": { "texture": "#skin", "uv": [ 1.0, 38.0, 1.5, 38.5 ], "rotation": 180 },
																				"east": { "texture": "#skin", "uv": [ 1.5, 38.5, 2.0, 39.0 ], "rotation": 90 },
																				"south": { "texture": "#skin", "uv": [ 1.0, 39.0, 1.5, 39.5 ] },
																				"west": { "texture": "#skin", "uv": [ 0.5, 38.5, 1.0, 39.0 ], "rotation": 270 },
																				"up": { "texture": "#skin", "uv": [ 1.0, 38.5, 1.5, 39.0 ] },
																				"down": { "texture": "#skin", "uv": [ 2.0, 38.5, 2.5, 39.0 ] }
																			},
																			"children": [
																				{
																					"name": "R Pupil",
																					"from": [ 0.0, 0.0, -0.01 ],
																					"to": [ 0.4, 0.2, 0.19 ],
																					"uv": [ 0.5, 40.0 ],
																					"rotationOrigin": [ 0.0, 0.0, -0.01 ],
																					"faces": {
																						"north": { "texture": "#skin", "uv": [ 0.5, 40.5, 1.0, 41.0 ] },
																						"east": { "texture": "#skin", "uv": [ 1.0, 40.5, 1.5, 41.0 ] },
																						"south": { "texture": "#skin", "uv": [ 1.5, 40.5, 2.0, 41.0 ] },
																						"west": { "texture": "#skin", "uv": [ 2.0, 40.5, 2.5, 41.0 ] },
																						"up": { "texture": "#skin", "uv": [ 0.5, 40.0, 1.0, 40.5 ] },
																						"down": { "texture": "#skin", "uv": [ 1.0, 40.0, 1.5, 40.5 ] }
																					}
																				}
																			]
																		}
																	]
																},
																{
																	"name": "R Ear",
																	"from": [ 2.4, 2.8, -0.4 ],
																	"to": [ 2.8, 4.3, 1.0 ],
																	"unwrapMode": 4,
																	"uv": [ 24.0, 6.0 ],
																	"rotationOrigin": [ 2.5, 2.8, 0.5 ],
																	"rotationX": -55.0,
																	"rotationY": -45.0,
																	"faces": {
																		"north": { "texture": "#skin", "uv": [ 24.0, 6.5, 24.5, 8.0 ] },
																		"east": { "texture": "#skin", "uv": [ 26.0, 6.5, 27.0, 8.0 ] },
																		"south": { "texture": "#skin", "uv": [ 25.5, 6.5, 26.0, 8.0 ], "windMode": [-1,-1,-1,-1], "windData": [1,1,1,1] },
																		"west": { "texture": "#skin", "uv": [ 24.5, 6.5, 25.5, 8.0 ] },
																		"up": { "texture": "#skin", "uv": [ 24.5, 6.0, 25.5, 6.5 ], "rotation": 90 },
																		"down": { "texture": "#skin", "uv": [ 24.5, 8.0, 25.5, 8.5 ], "rotation": 90 }
																	},
																	"children": [
																		{
																			"name": "R Ear2",
																			"from": [ 0.0, 1.5, 0.0 ],
																			"to": [ 0.4, 2.7, 0.8 ],
																			"unwrapMode": 4,
																			"uv": [ 25.5, 4.0 ],
																			"rotationOrigin": [ 0.2, 1.5, 0.0 ],
																			"rotationX": 19.0,
																			"rotationY": 1.0,
																			"faces": {
																				"north": { "texture": "#skin", "uv": [ 25.5, 4.5, 26.0, 5.5 ] },
																				"east": { "texture": "#skin", "uv": [ 27.0, 4.5, 27.5, 5.5 ] },
																				"south": { "texture": "#skin", "uv": [ 26.5, 4.5, 27.0, 5.5 ] },
																				"west": { "texture": "#skin", "uv": [ 26.0, 4.5, 26.5, 5.5 ] },
																				"up": { "texture": "#skin", "uv": [ 26.0, 4.0, 26.5, 4.5 ], "rotation": 90 },
																				"down": { "texture": "#skin", "uv": [ 26.0, 5.5, 26.5, 6.0 ], "rotation": 90 }
																			}
																		},
																		{
																			"name": "R Ear3",
																			"from": [ 0.0, 1.5, 0.8 ],
																			"to": [ 0.4, 2.9, 1.4 ],
																			"unwrapMode": 4,
																			"uv": [ 22.5, 4.0 ],
																			"rotationOrigin": [ 0.2, 1.5, 1.4 ],
																			"rotationX": -16.0,
																			"rotationY": -1.0,
																			"faces": {
																				"north": { "texture": "#skin", "uv": [ 22.5, 4.5, 23.0, 5.5 ] },
																				"east": { "texture": "#skin", "uv": [ 24.0, 4.5, 24.5, 5.5 ] },
																				"south": { "texture": "#skin", "uv": [ 23.5, 4.5, 24.0, 5.5 ] },
																				"west": { "texture": "#skin", "uv": [ 23.0, 4.5, 23.5, 5.5 ] },
																				"up": { "texture": "#skin", "uv": [ 23.0, 4.0, 23.5, 4.5 ], "rotation": 90 },
																				"down": { "texture": "#skin", "uv": [ 23.0, 5.5, 23.5, 6.0 ], "rotation": 90 }
																			}
																		}
																	]
																},
																{
																	"name": "L Eye",
																	"from": [ -0.01, 2.0, 3.21 ],
																	"to": [ 0.49, 2.2, 3.41 ],
																	"unwrapMode": 5,
																	"uv": [ 2.5, 36.5 ],
																	"rotationOrigin": [ -0.01, 2.3, 3.21 ],
																	"faces": {
																		"north": { "texture": "#skin", "uv": [ 3.0, 36.5, 3.5, 37.0 ], "rotation": 180 },
																		"east": { "texture": "#skin", "uv": [ 3.5, 37.0, 4.0, 37.5 ], "rotation": 90 },
																		"south": { "texture": "#skin", "uv": [ 3.0, 37.5, 3.5, 38.0 ] },
																		"west": { "texture": "#skin", "uv": [ 2.5, 37.0, 3.0, 37.5 ], "rotation": 270 },
																		"up": { "texture": "#skin", "uv": [ 3.0, 37.0, 3.5, 37.5 ] },
																		"down": { "texture": "#skin", "uv": [ 4.0, 37.0, 4.5, 37.5 ] }
																	},
																	"children": [
																		{
																			"name": "L Eye2",
																			"from": [ 0.0, 0.2, 0.0 ],
																			"to": [ 0.5, 0.6, 0.2 ],
																			"unwrapMode": 5,
																			"uv": [ 2.5, 38.0 ],
																			"rotationOrigin": [ 0.0, 0.6, -0.1 ],
																			"faces": {
																				"north": { "texture": "#skin", "uv": [ 3.0, 38.0, 3.5, 38.5 ], "rotation": 180 },
																				"east": { "texture": "#skin", "uv": [ 3.5, 38.5, 4.0, 39.0 ], "rotation": 90 },
																				"south": { "texture": "#skin", "uv": [ 3.0, 39.0, 3.5, 39.5 ] },
																				"west": { "texture": "#skin", "uv": [ 2.5, 38.5, 3.0, 39.0 ], "rotation": 270 },
																				"up": { "texture": "#skin", "uv": [ 3.0, 38.5, 3.5, 39.0 ] },
																				"down": { "texture": "#skin", "uv": [ 4.0, 38.5, 4.5, 39.0 ] }
																			},
																			"children": [
																				{
																					"name": "L Pupil",
																					"from": [ 0.0, 0.0, 0.01 ],
																					"to": [ 0.4, 0.2, 0.21 ],
																					"uv": [ 0.5, 40.0 ],
																					"rotationOrigin": [ 0.0, 0.0, 0.01 ],
																					"faces": {
																						"north": { "texture": "#skin", "uv": [ 0.5, 40.5, 1.0, 41.0 ] },
																						"east": { "texture": "#skin", "uv": [ 1.0, 40.5, 1.5, 41.0 ] },
																						"south": { "texture": "#skin", "uv": [ 1.5, 40.5, 2.0, 41.0 ] },
																						"west": { "texture": "#skin", "uv": [ 2.0, 40.5, 2.5, 41.0 ] },
																						"up": { "texture": "#skin", "uv": [ 0.5, 40.0, 1.0, 40.5 ] },
																						"down": { "texture": "#skin", "uv": [ 1.0, 40.0, 1.5, 40.5 ] }
																					}
																				}
																			]
																		}
																	]
																},
																{
																	"name": "Jaw",
																	"from": [ -1.0, -0.2, 0.8 ],
																	"to": [ 1.3, 1.1, 2.6 ],
																	"unwrapMode": 5,
																	"unwrapRotation": 1,
																	"uv": [ 24.5, 54.5 ],
																	"rotationOrigin": [ 0.9, 0.6, 1.4 ],
																	"rotationZ": 12.0,
																	"faces": {
																		"north": { "texture": "#skin", "uv": [ 24.5, 54.5, 25.5, 56.5 ], "rotation": 270 },
																		"south": { "texture": "#skin", "uv": [ 27.0, 54.5, 28.0, 56.5 ], "rotation": 90 },
																		"west": { "texture": "#skin", "uv": [ 25.5, 56.5, 27.0, 57.5 ] },
																		"up": { "texture": "#skin", "uv": [ 25.5, 54.5, 27.0, 56.5 ], "rotation": 90 },
																		"down": { "texture": "#skin", "uv": [ 28.0, 54.5, 29.5, 56.5 ], "rotation": 270 }
																	},
																	"children": [
																		{
																			"name": "Jaw2",
																			"from": [ -1.1, 0.0, 0.05 ],
																			"to": [ 0.0, 0.6, 1.75 ],
																			"unwrapMode": 5,
																			"unwrapRotation": 1,
																			"uv": [ 25.0, 58.0 ],
																			"rotationOrigin": [ 0.0, 0.6, 0.7 ],
																			"rotationZ": 26.0,
																			"faces": {
																				"north": { "texture": "#skin", "uv": [ 25.0, 58.0, 25.5, 59.0 ], "rotation": 270 },
																				"south": { "texture": "#skin", "uv": [ 27.0, 58.0, 27.5, 59.0 ], "rotation": 90 },
																				"west": { "texture": "#skin", "uv": [ 25.5, 59.0, 27.0, 59.5 ] },
																				"up": { "texture": "#skin", "uv": [ 25.5, 58.0, 27.0, 59.0 ], "rotation": 90 },
																				"down": { "texture": "#skin", "uv": [ 27.5, 58.0, 29.0, 59.0 ], "rotation": 270 }
																			}
																		}
																	]
																}
															]
														}
													],
													"attachmentpoints": [
														{
															"code": "rope",
															"posX": "1.0","posY": "3.0","posZ": "1.0",
															"rotationX": "0.0","rotationY": "0.0","rotationZ": "0.0"
														}
													]
												}
											]
										},
										{
											"name": "L Shoulder",
											"from": [ -0.175, 1.35, 5.1 ],
											"to": [ 3.225, 6.85, 6.6 ],
											"unwrapMode": 3,
											"uv": [ 31.0, 1.0 ],
											"rotationOrigin": [ 0.4, 5.5, 5.6 ],
											"rotationX": 2.0,
											"rotationZ": -19.0,
											"faces": {
												"north": { "texture": "#skin", "uv": [ 37.0, 2.5, 40.0, 8.0 ] },
												"east": { "texture": "#skin", "uv": [ 35.5, 2.5, 37.0, 8.0 ] },
												"south": { "texture": "#skin", "uv": [ 32.5, 2.5, 35.5, 8.0 ] },
												"west": { "texture": "#skin", "uv": [ 31.0, 2.5, 32.5, 8.0 ] },
												"up": { "texture": "#skin", "uv": [ 32.5, 1.0, 35.5, 2.5 ] },
												"down": { "texture": "#skin", "uv": [ 32.5, 8.0, 35.5, 9.5 ], "rotation": 180 }
											},
											"children": [
												{
													"name": "L ArmUp",
													"from": [ 0.2, -0.1, -0.05 ],
													"to": [ 4.7, 2.4, 1.45 ],
													"unwrapMode": 3,
													"uv": [ 29.5, 10.0 ],
													"rotationOrigin": [ 0.6, 0.5, 0.0 ],
													"rotationZ": -7.0,
													"faces": {
														"north": { "texture": "#skin", "uv": [ 37.0, 11.5, 41.5, 14.0 ] },
														"east": { "texture": "#skin", "uv": [ 35.5, 11.5, 37.0, 14.0 ] },
														"south": { "texture": "#skin", "uv": [ 31.0, 11.5, 35.5, 14.0 ] },
														"west": { "texture": "#skin", "uv": [ 29.5, 11.5, 31.0, 14.0 ] },
														"up": { "texture": "#skin", "uv": [ 31.0, 10.0, 35.5, 11.5 ], "windMode": [-1,-1,-1,-1] },
														"down": { "texture": "#skin", "uv": [ 31.0, 14.0, 35.5, 15.5 ], "rotation": 180 }
													},
													"children": [
														{
															"name": "L ArmMid",
															"from": [ 2.8, -3.5, 0.3 ],
															"to": [ 4.7, 2.1, 1.4 ],
															"unwrapMode": 4,
															"uv": [ 30.0, 16.0 ],
															"rotationOrigin": [ 4.0, 1.7, 0.8 ],
															"rotationX": 7.0,
															"rotationY": 2.0,
															"rotationZ": 14.0,
															"faces": {
																"north": { "texture": "#skin", "uv": [ 30.0, 17.5, 31.5, 23.0 ] },
																"east": { "texture": "#skin", "uv": [ 34.0, 17.5, 35.0, 23.0 ] },
																"south": { "texture": "#skin", "uv": [ 32.5, 17.5, 34.0, 23.0 ] },
																"west": { "texture": "#skin", "uv": [ 31.5, 17.5, 32.5, 23.0 ] },
																"up": { "texture": "#skin", "uv": [ 31.5, 16.0, 32.5, 17.5 ], "rotation": 90 },
																"down": { "texture": "#skin", "uv": [ 31.5, 23.0, 32.5, 24.5 ], "rotation": 90 }
															},
															"children": [
																{
																	"name": "L ArmLow",
																	"from": [ 0.2, -4.3, 0.05 ],
																	"to": [ 1.5, 0.6, 1.05 ],
																	"unwrapMode": 4,
																	"uv": [ 32.0, 24.0 ],
																	"rotationOrigin": [ 0.8, 0.2, 0.55 ],
																	"rotationX": -2.0,
																	"faces": {
																		"north": { "texture": "#skin", "uv": [ 32.0, 25.0, 33.0, 29.5 ] },
																		"east": { "texture": "#skin", "uv": [ 35.0, 25.0, 36.0, 29.5 ] },
																		"south": { "texture": "#skin", "uv": [ 34.0, 25.0, 35.0, 29.5 ] },
																		"west": { "texture": "#skin", "uv": [ 33.0, 25.0, 34.0, 29.5 ] },
																		"up": { "texture": "#skin", "uv": [ 33.0, 24.0, 34.0, 25.0 ], "rotation": 90 },
																		"down": { "texture": "#skin", "uv": [ 33.0, 29.5, 34.0, 30.5 ], "rotation": 90 }
																	},
																	"children": [
																		{
																			"name": "L Front Pastern",
																			"from": [ 0.2, -1.5, 0.1 ],
																			"to": [ 1.2, 0.4, 0.9 ],
																			"unwrapMode": 4,
																			"uv": [ 32.0, 31.0 ],
																			"rotationOrigin": [ 0.6, 0.4, 0.5 ],
																			"rotationX": -1.0,
																			"rotationZ": -16.0,
																			"faces": {
																				"north": { "texture": "#skin", "uv": [ 32.0, 31.0, 33.0, 32.5 ] },
																				"east": { "texture": "#skin", "uv": [ 34.5, 31.0, 35.0, 32.5 ] },
																				"south": { "texture": "#skin", "uv": [ 33.5, 31.0, 34.5, 32.5 ] },
																				"west": { "texture": "#skin", "uv": [ 33.0, 31.0, 33.5, 32.5 ] },
																				"down": { "texture": "#skin", "uv": [ 33.0, 32.5, 33.5, 33.5 ], "rotation": 90 }
																			},
																			"children": [
																				{
																					"name": "L Front Hoof",
																					"from": [ 0.4, 0.7, 0.5 ],
																					"to": [ 0.4, 0.7, 0.5 ],
																					"uv": [ 0.0, 0.0 ],
																					"rotationOrigin": [ 0.4, 0.7, 0.5 ],
																					"rotationZ": 24.0,
																					"faces": {
																					},
																					"children": [
																						{
																							"name": "L Front Hoof2",
																							"from": [ -0.7, -0.9, -0.45 ],
																							"to": [ 0.4, -0.4, 0.25 ],
																							"unwrapMode": 5,
																							"uv": [ 35.5, 30.0 ],
																							"rotationOrigin": [ 0.2, -0.4, 0.2 ],
																							"faces": {
																								"north": { "texture": "#skin", "uv": [ 36.0, 30.0, 37.0, 30.5 ], "rotation": 180 },
																								"east": { "texture": "#skin", "uv": [ 37.0, 30.5, 37.5, 31.0 ], "rotation": 90 },
																								"south": { "texture": "#skin", "uv": [ 36.0, 31.0, 37.0, 31.5 ] },
																								"west": { "texture": "#skin", "uv": [ 35.5, 30.5, 36.0, 31.0 ], "rotation": 270 },
																								"up": { "texture": "#skin", "uv": [ 36.0, 30.5, 37.0, 31.0 ] },
																								"down": { "texture": "#skin", "uv": [ 37.5, 30.5, 38.5, 31.0 ] }
																							}
																						},
																						{
																							"name": "L Front Hoof1",
																							"from": [ -0.7, -0.9, -0.45 ],
																							"to": [ 0.5, -0.5, 0.25 ],
																							"unwrapMode": 5,
																							"uv": [ 35.5, 32.0 ],
																							"rotationOrigin": [ -0.7, -0.9, -0.5 ],
																							"rotationZ": 49.0,
																							"faces": {
																								"north": { "texture": "#skin", "uv": [ 36.0, 32.0, 37.0, 32.5 ], "rotation": 180 },
																								"east": { "texture": "#skin", "uv": [ 37.0, 32.5, 37.5, 33.0 ], "rotation": 90 },
																								"south": { "texture": "#skin", "uv": [ 36.0, 33.0, 37.0, 33.5 ] },
																								"west": { "texture": "#skin", "uv": [ 35.5, 32.5, 36.0, 33.0 ], "rotation": 270 },
																								"up": { "texture": "#skin", "uv": [ 36.0, 32.5, 37.0, 33.0 ] },
																								"down": { "texture": "#skin", "uv": [ 37.5, 32.5, 38.5, 33.0 ] }
																							}
																						}
																					]
																				}
																			]
																		}
																	]
																}
															]
														}
													]
												}
											]
										},
										{
											"name": "R Shoulder",
											"from": [ -0.4, 0.9, -0.5 ],
											"to": [ 3.0, 6.4, 1.0 ],
											"unwrapMode": 1,
											"uv": [ 44.0, 1.0 ],
											"rotationOrigin": [ 0.4, 5.5, 0.5 ],
											"rotationX": -2.0,
											"rotationZ": -10.0,
											"faces": {
												"north": { "texture": "#skin", "uv": [ 45.5, 2.5, 48.5, 8.0 ] },
												"east": { "texture": "#skin", "uv": [ 44.0, 2.5, 45.5, 8.0 ] },
												"south": { "texture": "#skin", "uv": [ 50.0, 2.5, 53.0, 8.0 ] },
												"west": { "texture": "#skin", "uv": [ 48.5, 2.5, 50.0, 8.0 ] },
												"up": { "texture": "#skin", "uv": [ 45.5, 1.0, 48.5, 2.5 ], "rotation": 180 },
												"down": { "texture": "#skin", "uv": [ 45.5, 8.0, 48.5, 9.5 ] }
											},
											"children": [
												{
													"name": "R ArmUp",
													"from": [ 0.2, -0.1, 0.05 ],
													"to": [ 4.7, 2.4, 1.55 ],
													"unwrapMode": 1,
													"uv": [ 42.5, 10.0 ],
													"rotationOrigin": [ 0.6, 0.5, 1.05 ],
													"rotationZ": -10.0,
													"faces": {
														"north": { "texture": "#skin", "uv": [ 44.0, 11.5, 48.5, 14.0 ] },
														"east": { "texture": "#skin", "uv": [ 42.5, 11.5, 44.0, 14.0 ] },
														"south": { "texture": "#skin", "uv": [ 50.0, 11.5, 54.5, 14.0 ] },
														"west": { "texture": "#skin", "uv": [ 48.5, 11.5, 50.0, 14.0 ] },
														"up": { "texture": "#skin", "uv": [ 44.0, 10.0, 48.5, 11.5 ], "rotation": 180 },
														"down": { "texture": "#skin", "uv": [ 44.0, 14.0, 48.5, 15.5 ] }
													},
													"children": [
														{
															"name": "R ArmMid",
															"from": [ 2.8, -3.5, 0.1 ],
															"to": [ 4.7, 2.1, 1.2 ],
															"unwrapMode": 4,
															"uv": [ 43.0, 16.0 ],
															"rotationOrigin": [ 4.0, 1.7, 0.7 ],
															"rotationX": -6.0,
															"rotationY": -2.0,
															"rotationZ": 6.0,
															"faces": {
																"north": { "texture": "#skin", "uv": [ 43.0, 17.5, 44.5, 23.0 ] },
																"east": { "texture": "#skin", "uv": [ 47.0, 17.5, 48.0, 23.0 ] },
																"south": { "texture": "#skin", "uv": [ 45.5, 17.5, 47.0, 23.0 ] },
																"west": { "texture": "#skin", "uv": [ 44.5, 17.5, 45.5, 23.0 ] },
																"up": { "texture": "#skin", "uv": [ 44.5, 16.0, 45.5, 17.5 ], "rotation": 90 },
																"down": { "texture": "#skin", "uv": [ 44.5, 23.0, 45.5, 24.5 ], "rotation": 90 }
															},
															"children": [
																{
																	"name": "R ArmLow",
																	"from": [ 0.2, -4.3, 0.05 ],
																	"to": [ 1.5, 0.6, 1.05 ],
																	"unwrapMode": 4,
																	"uv": [ 45.0, 24.0 ],
																	"rotationOrigin": [ 0.8, 0.2, 0.55 ],
																	"rotationX": -1.0,
																	"rotationZ": 50.0,
																	"faces": {
																		"north": { "texture": "#skin", "uv": [ 45.0, 25.0, 46.0, 29.5 ] },
																		"east": { "texture": "#skin", "uv": [ 48.0, 25.0, 49.0, 29.5 ] },
																		"south": { "texture": "#skin", "uv": [ 47.0, 25.0, 48.0, 29.5 ] },
																		"west": { "texture": "#skin", "uv": [ 46.0, 25.0, 47.0, 29.5 ] },
																		"up": { "texture": "#skin", "uv": [ 46.0, 24.0, 47.0, 25.0 ], "rotation": 90 },
																		"down": { "texture": "#skin", "uv": [ 46.0, 29.5, 47.0, 30.5 ], "rotation": 90 }
																	},
																	"children": [
																		{
																			"name": "R Front Pastern",
																			"from": [ 0.2, -1.5, 0.1 ],
																			"to": [ 1.2, 0.4, 0.9 ],
																			"unwrapMode": 4,
																			"uv": [ 45.0, 31.0 ],
																			"rotationOrigin": [ 0.6, 0.4, 0.5 ],
																			"rotationX": 1.0,
																			"rotationZ": -4.0,
																			"faces": {
																				"north": { "texture": "#skin", "uv": [ 45.0, 31.0, 46.0, 32.5 ] },
																				"east": { "texture": "#skin", "uv": [ 47.5, 31.0, 48.0, 32.5 ] },
																				"south": { "texture": "#skin", "uv": [ 46.5, 31.0, 47.5, 32.5 ] },
																				"west": { "texture": "#skin", "uv": [ 46.0, 31.0, 46.5, 32.5 ] },
																				"down": { "texture": "#skin", "uv": [ 46.0, 32.5, 46.5, 33.5 ], "rotation": 90 }
																			},
																			"children": [
																				{
																					"name": "R Front Hoof",
																					"from": [ 0.4, 0.7, 0.5 ],
																					"to": [ 0.4, 0.7, 0.5 ],
																					"uv": [ 0.0, 0.0 ],
																					"rotationOrigin": [ 0.4, 0.7, 0.5 ],
																					"rotationZ": 38.0,
																					"faces": {
																					},
																					"children": [
																						{
																							"name": "R Front Hoof2",
																							"from": [ -0.7, -0.9, -0.45 ],
																							"to": [ 0.4, -0.4, 0.25 ],
																							"unwrapMode": 5,
																							"uv": [ 48.5, 30.0 ],
																							"rotationOrigin": [ 0.2, -0.4, 0.2 ],
																							"faces": {
																								"north": { "texture": "#skin", "uv": [ 49.0, 30.0, 50.0, 30.5 ], "rotation": 180 },
																								"east": { "texture": "#skin", "uv": [ 50.0, 30.5, 50.5, 31.0 ], "rotation": 90 },
																								"south": { "texture": "#skin", "uv": [ 49.0, 31.0, 50.0, 31.5 ] },
																								"west": { "texture": "#skin", "uv": [ 48.5, 30.5, 49.0, 31.0 ], "rotation": 270 },
																								"up": { "texture": "#skin", "uv": [ 49.0, 30.5, 50.0, 31.0 ] },
																								"down": { "texture": "#skin", "uv": [ 50.5, 30.5, 51.5, 31.0 ] }
																							}
																						},
																						{
																							"name": "R Front Hoof1",
																							"from": [ -0.7, -0.9, -0.45 ],
																							"to": [ 0.5, -0.5, 0.25 ],
																							"unwrapMode": 5,
																							"uv": [ 48.5, 32.0 ],
																							"rotationOrigin": [ -0.7, -0.9, -0.4 ],
																							"rotationZ": 49.0,
																							"faces": {
																								"north": { "texture": "#skin", "uv": [ 49.0, 32.0, 50.0, 32.5 ], "rotation": 180 },
																								"east": { "texture": "#skin", "uv": [ 50.0, 32.5, 50.5, 33.0 ], "rotation": 90 },
																								"south": { "texture": "#skin", "uv": [ 49.0, 33.0, 50.0, 33.5 ] },
																								"west": { "texture": "#skin", "uv": [ 48.5, 32.5, 49.0, 33.0 ], "rotation": 270 },
																								"up": { "texture": "#skin", "uv": [ 49.0, 32.5, 50.0, 33.0 ] },
																								"down": { "texture": "#skin", "uv": [ 50.5, 32.5, 51.5, 33.0 ] }
																							}
																						}
																					]
																				}
																			]
																		}
																	]
																}
															]
														}
													]
												}
											]
										}
									],
									"attachmentpoints": [
										{
											"code": "Center",
											"posX": "6.0","posY": "0.0","posZ": "3.0",
											"rotationX": "0.0","rotationY": "0.0","rotationZ": "0.0"
										}
									]
								}
							]
						}
					]
				}
			]
		}
	]}