{
	"editor": {
		"collapsedPaths": "Root/origin/handle1/hilt1,Root/origin/blademiddle1/blade1S,Root/origin/blademiddle1/blademiddle3/blade2,Root/origin/blademiddle1/fuller1S,Root/origin/blade2,Root/origin/blademiddle1/fuller1N,Root/origin/blademiddle1/blade1N,Root/origin/Ricasso/Central Band,Root/origin/blademiddle1,Root/origin/hilt/blademiddle1,Root/origin/blademiddle1/blademiddle3/blade2/blade8,Root/origin/handle/hilt,Root/origin/blademiddle1/blade1S/blade2S,Root/origin/blademiddle1/blade1N/blade2N",
		"allAngles": false,
		"entityTextureMode": false
	},
	"textureWidth": 16,
	"textureHeight": 16,
	"textureSizes": {
		"metal": [16,16],
		"wood": [16,16],
		"handle": [16,16]
	},
	"textures": {
	},
	"elements": [
		{
			"name": "origin",
			"from": [ 0.0, 0.0, 8.0 ],
			"to": [ 0.0, 0.0, 8.0 ],
			"rotationOrigin": [ 0.0, 0.0, 8.0 ],
			"faces": {
			},
			"children": [
				{
					"name": "handle1",
					"from": [ -5.0, -0.51, -0.65 ],
					"to": [ 0.0, 0.69, 0.45 ],
					"rotationOrigin": [ -1.0, 0.2, 0.1 ],
					"faces": {
						"north": { "texture": "#handle", "uv": [ 6.5, 6.0, 11.5, 7.0 ] },
						"south": { "texture": "#handle", "uv": [ 2.0, 14.0, 7.0, 15.0 ] },
						"west": { "texture": "#handle", "uv": [ 10.5, 3.5, 11.5, 4.5 ], "windMode": [-1,-1,-1,-1] },
						"up": { "texture": "#handle", "uv": [ 3.5, 6.5, 8.5, 7.5 ] },
						"down": { "texture": "#handle", "uv": [ 10.5, 9.5, 15.5, 10.5 ] }
					},
					"children": [
						{
							"name": "pommel",
							"from": [ -0.4, -0.1, -0.15 ],
							"to": [ 0.0, 1.3, 1.25 ],
							"rotationOrigin": [ 1.6018, 0.8, 0.8685 ],
							"faces": {
								"north": { "texture": "#brass", "uv": [ 2.5, 2.0, 3.0, 3.0 ] },
								"east": { "texture": "#brass", "uv": [ 14.0, 0.5, 15.0, 1.5 ] },
								"south": { "texture": "#brass", "uv": [ 13.5, 1.0, 14.0, 2.0 ] },
								"west": { "texture": "#brass", "uv": [ 9.5, 11.5, 10.5, 12.5 ] },
								"up": { "texture": "#brass", "uv": [ 1.5, 2.0, 2.0, 3.0 ] },
								"down": { "texture": "#brass", "uv": [ 7.5, 9.0, 8.0, 10.0 ] }
							}
						},
						{
							"name": "band",
							"from": [ 3.7, -0.03, -0.03 ],
							"to": [ 4.1, 1.22, 1.12 ],
							"rotationOrigin": [ 5.7018, 0.8, 0.8685 ],
							"faces": {
								"north": { "texture": "#brass", "uv": [ 2.5, 2.0, 3.0, 3.0 ] },
								"east": { "texture": "#brass", "uv": [ 14.0, 0.5, 15.0, 1.5 ] },
								"south": { "texture": "#brass", "uv": [ 13.5, 1.0, 14.0, 2.0 ] },
								"west": { "texture": "#brass", "uv": [ 9.5, 11.5, 10.5, 12.5 ] },
								"up": { "texture": "#brass", "uv": [ 1.5, 2.0, 2.0, 3.0 ] },
								"down": { "texture": "#brass", "uv": [ 7.5, 9.0, 8.0, 10.0 ] }
							}
						},
						{
							"name": "band2",
							"from": [ 2.7, -0.03, -0.03 ],
							"to": [ 3.1, 1.22, 1.12 ],
							"rotationOrigin": [ 4.7018, 0.8, 0.8685 ],
							"faces": {
								"north": { "texture": "#brass", "uv": [ 2.5, 2.0, 3.0, 3.0 ] },
								"east": { "texture": "#brass", "uv": [ 14.0, 0.5, 15.0, 1.5 ] },
								"south": { "texture": "#brass", "uv": [ 13.5, 1.0, 14.0, 2.0 ] },
								"west": { "texture": "#brass", "uv": [ 9.5, 11.5, 10.5, 12.5 ] },
								"up": { "texture": "#brass", "uv": [ 1.5, 2.0, 2.0, 3.0 ] },
								"down": { "texture": "#brass", "uv": [ 7.5, 9.0, 8.0, 10.0 ] }
							}
						},
						{
							"name": "band3",
							"from": [ 1.7, -0.03, -0.03 ],
							"to": [ 2.1, 1.22, 1.12 ],
							"rotationOrigin": [ 3.7018, 0.8, 0.8685 ],
							"faces": {
								"north": { "texture": "#brass", "uv": [ 2.5, 2.0, 3.0, 3.0 ] },
								"east": { "texture": "#brass", "uv": [ 14.0, 0.5, 15.0, 1.5 ] },
								"south": { "texture": "#brass", "uv": [ 13.5, 1.0, 14.0, 2.0 ] },
								"west": { "texture": "#brass", "uv": [ 9.5, 11.5, 10.5, 12.5 ] },
								"up": { "texture": "#brass", "uv": [ 1.5, 2.0, 2.0, 3.0 ] },
								"down": { "texture": "#brass", "uv": [ 7.5, 9.0, 8.0, 10.0 ] }
							}
						},
						{
							"name": "band4",
							"from": [ 0.7, -0.03, -0.03 ],
							"to": [ 1.1, 1.22, 1.12 ],
							"rotationOrigin": [ 2.7018, 0.8, 0.8685 ],
							"faces": {
								"north": { "texture": "#brass", "uv": [ 2.5, 2.0, 3.0, 3.0 ] },
								"east": { "texture": "#brass", "uv": [ 14.0, 0.5, 15.0, 1.5 ] },
								"south": { "texture": "#brass", "uv": [ 13.5, 1.0, 14.0, 2.0 ] },
								"west": { "texture": "#brass", "uv": [ 9.5, 11.5, 10.5, 12.5 ] },
								"up": { "texture": "#brass", "uv": [ 1.5, 2.0, 2.0, 3.0 ] },
								"down": { "texture": "#brass", "uv": [ 7.5, 9.0, 8.0, 10.0 ] }
							}
						}
					]
				},
				{
					"name": "hilt1",
					"from": [ -0.2, -0.6, -1.25 ],
					"to": [ 0.8, 0.8, 1.25 ],
					"rotationOrigin": [ -0.2, 0.35, 1.0 ],
					"faces": {
						"north": { "texture": "#brass", "uv": [ 7.5, 9.0, 8.5, 10.0 ] },
						"east": { "texture": "#brass", "uv": [ 3.0, 10.5, 5.5, 11.5 ] },
						"south": { "texture": "#brass", "uv": [ 11.0, 1.0, 12.0, 2.0 ] },
						"west": { "texture": "#brass", "uv": [ 9.0, 0.5, 11.5, 1.5 ] },
						"up": { "texture": "#brass", "uv": [ 3.0, 9.0, 4.0, 11.5 ] },
						"down": { "texture": "#brass", "uv": [ 11.5, 2.5, 12.5, 5.0 ] }
					}
				},
				{
					"name": "blademiddle1",
					"from": [ 0.5388, -0.15, -0.55 ],
					"to": [ 6.7888, 0.225, 0.575 ],
					"rotationOrigin": [ 0.5388, 0.0375, -0.172 ],
					"faces": {
						"north": { "texture": "#metaltwo", "uv": [ 0.0, 6.5, 6.0, 7.0 ] },
						"east": { "texture": "#metaltwo", "uv": [ 8.5, 0.5, 9.5, 1.0 ] },
						"south": { "texture": "#metaltwo", "uv": [ 0.0, 8.5, 6.0, 9.0 ] },
						"west": { "texture": "#metaltwo", "uv": [ 0.0, 0.0, 1.0, 0.5 ], "windMode": [-1,-1,-1,-1] },
						"up": { "texture": "#metaltwo", "uv": [ 0.0, 4.5, 6.0, 5.5 ] },
						"down": { "texture": "#metaltwo", "uv": [ 0.0, 8.0, 6.0, 9.0 ] }
					},
					"children": [
						{
							"name": "blademiddle2",
							"from": [ 5.43, 0.005, 0.33 ],
							"to": [ 6.58, 0.365, 1.455 ],
							"rotationOrigin": [ 5.45, 0.1875, 0.3 ],
							"rotationY": 45.0,
							"faces": {
								"north": { "texture": "#metaltwo", "uv": [ 0.0, 3.5, 1.0, 4.0 ] },
								"east": { "texture": "#metaltwo", "uv": [ 13.0, 3.0, 14.0, 3.5 ] },
								"south": { "texture": "#metaltwo", "uv": [ 0.0, 5.5, 1.0, 6.0 ] },
								"up": { "texture": "#metaltwo", "uv": [ 0.0, 7.5, 1.0, 8.5 ] },
								"down": { "texture": "#metaltwo", "uv": [ 0.0, 14.0, 1.0, 15.0 ] }
							},
							"children": [
								{
									"name": "blademiddle4",
									"from": [ 1.1314, -0.005, 0.0 ],
									"to": [ 2.2814, 0.375, 1.125 ],
									"rotationOrigin": [ 1.1514, 0.1825, -0.03 ],
									"rotationY": -15.0,
									"faces": {
										"north": { "texture": "#metaltwo", "uv": [ 0.0, 3.5, 1.0, 4.0 ] },
										"east": { "texture": "#metaltwo", "uv": [ 13.0, 3.0, 14.0, 3.5 ] },
										"south": { "texture": "#metaltwo", "uv": [ 0.0, 5.5, 1.0, 6.0 ] },
										"up": { "texture": "#metaltwo", "uv": [ 0.0, 7.5, 1.0, 8.5 ] },
										"down": { "texture": "#metaltwo", "uv": [ 0.0, 14.0, 1.0, 15.0 ] }
									}
								}
							]
						},
						{
							"name": "blademiddle3",
							"from": [ 7.24, 0.0075, -1.05 ],
							"to": [ 15.99, 0.3825, 0.075 ],
							"rotationOrigin": [ 7.25, 0.1875, -1.1 ],
							"faces": {
								"north": { "texture": "#metaltwo", "uv": [ 0.0, 3.5, 8.5, 4.0 ] },
								"east": { "texture": "#metaltwo", "uv": [ 13.0, 3.0, 14.0, 3.5 ] },
								"south": { "texture": "#metaltwo", "uv": [ 0.0, 5.5, 8.5, 6.0 ] },
								"up": { "texture": "#metaltwo", "uv": [ 0.0, 7.5, 8.5, 8.5 ] },
								"down": { "texture": "#metaltwo", "uv": [ 0.0, 14.0, 8.5, 15.0 ] }
							}
						},
						{
							"name": "blademiddle5",
							"from": [ 16.0, 0.005, -1.07 ],
							"to": [ 17.15, 0.395, 0.055 ],
							"rotationOrigin": [ 15.95, 0.1875, -1.1 ],
							"rotationY": -15.0,
							"faces": {
								"north": { "texture": "#metaltwo", "uv": [ 0.0, 3.5, 1.0, 4.0 ] },
								"east": { "texture": "#metaltwo", "uv": [ 13.0, 3.0, 14.0, 3.5 ] },
								"south": { "texture": "#metaltwo", "uv": [ 0.0, 5.5, 1.0, 6.0 ] },
								"up": { "texture": "#metaltwo", "uv": [ 0.0, 7.5, 1.0, 8.5 ] },
								"down": { "texture": "#metaltwo", "uv": [ 0.0, 14.0, 1.0, 15.0 ] }
							},
							"children": [
								{
									"name": "blademiddle6",
									"from": [ 1.1314, 0.005, 0.0 ],
									"to": [ 2.4814, 0.385, 1.025 ],
									"rotationOrigin": [ 1.1514, 0.1825, -0.03 ],
									"rotationY": -30.0,
									"faces": {
										"north": { "texture": "#metaltwo", "uv": [ 0.0, 3.5, 1.0, 4.0 ] },
										"east": { "texture": "#metaltwo", "uv": [ 13.0, 3.0, 14.0, 3.5 ] },
										"south": { "texture": "#metaltwo", "uv": [ 0.0, 5.5, 1.0, 6.0 ] },
										"up": { "texture": "#metaltwo", "uv": [ 0.0, 7.5, 1.0, 8.5 ] },
										"down": { "texture": "#metaltwo", "uv": [ 0.0, 14.0, 1.0, 15.0 ] }
									}
								}
							]
						},
						{
							"name": "tang",
							"from": [ -4.7988, 0.0, 0.2 ],
							"to": [ 0.2012, 0.5, 0.7 ],
							"rotationOrigin": [ -4.8, 0.1875, 0.578 ],
							"faces": {
								"north": { "texture": "#metal", "uv": [ 0.0, 6.5, 5.0, 7.0 ] },
								"east": { "texture": "#metal", "uv": [ 8.5, 0.5, 9.0, 1.0 ] },
								"south": { "texture": "#metal", "uv": [ 0.0, 8.5, 5.0, 9.0 ] },
								"west": { "texture": "#metal", "uv": [ 0.0, 0.0, 0.5, 0.5 ], "windMode": [-1,-1,-1,-1] },
								"up": { "texture": "#metal", "uv": [ 0.0, 4.5, 5.0, 5.0 ] },
								"down": { "texture": "#metal", "uv": [ 0.0, 8.0, 5.0, 8.5 ] }
							}
						}
					]
				},
				{
					"name": "blade2",
					"from": [ 7.5388, -0.03, -2.22 ],
					"to": [ 16.5388, 0.12, -1.47 ],
					"rotationOrigin": [ 7.5381, 0.0375, -2.2185 ],
					"faces": {
						"north": { "texture": "#metal", "uv": [ 2.5, 2.5, 11.5, 3.0 ] },
						"east": { "texture": "#metal", "uv": [ 3.5, 1.0, 4.0, 1.5 ] },
						"south": { "texture": "#metal", "uv": [ 0.0, 0.0, 9.0, 0.5 ], "windMode": [-1,-1,-1,-1] },
						"west": { "texture": "#metal", "uv": [ 0.0, 0.0, 0.5, 0.5 ], "windMode": [-1,-1,-1,-1] },
						"up": { "texture": "#metal", "uv": [ 2.5, 12.5, 11.5, 13.0 ] },
						"down": { "texture": "#metal", "uv": [ 0.5, 13.5, 9.5, 14.0 ] }
					},
					"children": [
						{
							"name": "blade9",
							"from": [ -0.2418, 0.005, 0.152 ],
							"to": [ 0.0582, 0.145, 0.902 ],
							"rotationOrigin": [ -0.3007, 0.0675, 0.2015 ],
							"rotationY": 26.0,
							"faces": {
								"north": { "texture": "#metal", "uv": [ 2.5, 2.5, 3.0, 3.0 ] },
								"east": { "texture": "#metal", "uv": [ 3.5, 1.0, 4.0, 1.5 ] },
								"south": { "texture": "#metal", "uv": [ 0.0, 0.0, 0.5, 0.5 ], "windMode": [-1,-1,-1,-1] },
								"west": { "texture": "#metal", "uv": [ 0.0, 0.0, 0.5, 0.5 ], "windMode": [-1,-1,-1,-1] },
								"up": { "texture": "#metal", "uv": [ 2.5, 12.5, 3.0, 13.0 ] },
								"down": { "texture": "#metal", "uv": [ 0.5, 13.5, 1.0, 14.0 ] }
							}
						},
						{
							"name": "blade7",
							"from": [ 9.0112, -0.01, -0.01 ],
							"to": [ 11.0112, 0.14, 1.04 ],
							"rotationOrigin": [ 8.9755, 0.075, -0.0314 ],
							"rotationY": -29.5,
							"faces": {
								"north": { "texture": "#metal", "uv": [ 3.5, 1.5, 5.5, 2.0 ] },
								"east": { "texture": "#metal", "uv": [ 7.0, 1.0, 8.0, 1.5 ] },
								"south": { "texture": "#metal", "uv": [ 2.5, 14.5, 4.5, 15.0 ] },
								"up": { "texture": "#metal", "uv": [ 11.5, 4.5, 13.5, 5.5 ] },
								"down": { "texture": "#metal", "uv": [ 2.0, 11.0, 4.0, 12.0 ] }
							}
						},
						{
							"name": "blade8",
							"from": [ 10.7212, -0.0025, 1.02 ],
							"to": [ 11.8462, 0.1475, 2.22 ],
							"rotationOrigin": [ 10.7766, -0.01, 1.0063 ],
							"rotationY": -59.5,
							"faces": {
								"north": { "texture": "#metal", "uv": [ 7.0, 13.0, 8.0, 13.5 ] },
								"east": { "texture": "#metal", "uv": [ 1.5, 4.5, 2.5, 5.0 ] },
								"south": { "texture": "#metal", "uv": [ 9.0, 6.0, 10.0, 6.5 ] },
								"up": { "texture": "#metal", "uv": [ 5.0, 4.0, 6.0, 5.0 ] },
								"down": { "texture": "#metal", "uv": [ 4.0, 7.0, 5.0, 8.0 ] }
							},
							"children": [
								{
									"name": "bladetip",
									"from": [ 0.75, 0.03, 0.15 ],
									"to": [ 1.75, 0.105, 1.05 ],
									"rotationOrigin": [ 1.125, 0.075, 0.525 ],
									"rotationY": -45.0,
									"faces": {
										"north": { "texture": "#metal", "uv": [ 9.0, 14.0, 10.0, 14.5 ] },
										"east": { "texture": "#metal", "uv": [ 2.0, 10.0, 2.5, 10.5 ] },
										"south": { "texture": "#metal", "uv": [ 14.5, 11.0, 15.5, 11.5 ] },
										"west": { "texture": "#metal", "uv": [ 6.5, 11.0, 7.0, 11.5 ] },
										"up": { "texture": "#metal", "uv": [ 6.5, 1.0, 7.5, 1.5 ] },
										"down": { "texture": "#metal", "uv": [ 14.5, 3.5, 15.5, 4.0 ] }
									}
								}
							]
						}
					]
				}
			]
		}
	]}