{
	"editor": {
		"collapsedPaths": "Root/origin/handle1/hilt1,Root/origin/blademiddle1/blade1S,Root/origin/blademiddle1/fuller1S,Root/origin/blademiddle1/fuller1N,Root/origin/blademiddle1/blade1N,Root/origin/Ricasso/Central Band,Root/origin/hilt/blademiddle1,Root/origin/handle/hilt,Root/origin/blademiddle1/blade1S/blade2S,Root/origin/blademiddle1/blade1N/blade2N",
		"allAngles": false,
		"entityTextureMode": false
	},
	"textureWidth": 16,
	"textureHeight": 16,
	"textureSizes": {
		"metal": [16,16],
		"wood": [16,16],
		"handle": [16,16]
	},
	"textures": {
	},
	"elements": [
		{
			"name": "origin",
			"from": [ 8.0, 0.0, 8.0 ],
			"to": [ 8.0, 0.0, 8.0 ],
			"rotationOrigin": [ 8.0, 0.0, 8.0 ],
			"faces": {
			},
			"children": [
				{
					"name": "handle1",
					"from": [ -7.7, -0.5, -0.5 ],
					"to": [ 1.1, 0.6, 0.6 ],
					"rotationOrigin": [ -3.7, -0.8, 0.3 ],
					"faces": {
						"north": { "texture": "#handle", "uv": [ 6.5, 6.0, 15.0, 7.0 ] },
						"south": { "texture": "#handle", "uv": [ 2.0, 14.0, 10.5, 15.0 ] },
						"west": { "texture": "#handle", "uv": [ 10.5, 3.5, 11.5, 4.5 ], "windMode": [-1,-1,-1,-1] },
						"up": { "texture": "#handle", "uv": [ 3.5, 6.5, 12.0, 7.5 ] },
						"down": { "texture": "#handle", "uv": [ 10.5, 9.5, 19.0, 10.5 ] }
					},
					"children": [
						{
							"name": "pommel",
							"from": [ -0.1, -0.4, -0.25 ],
							"to": [ 1.1, 1.2, 1.35 ],
							"rotationOrigin": [ 1.9, 0.5, 0.75 ],
							"rotationX": 45.0,
							"faces": {
								"north": { "texture": "#brass", "uv": [ 2.5, 2.0, 3.5, 3.5 ] },
								"east": { "texture": "#brass", "uv": [ 14.0, 0.5, 15.5, 2.0 ] },
								"south": { "texture": "#brass", "uv": [ 13.5, 1.0, 14.5, 2.5 ] },
								"west": { "texture": "#brass", "uv": [ 9.5, 11.5, 11.0, 13.0 ] },
								"up": { "texture": "#brass", "uv": [ 1.5, 2.0, 2.5, 3.5 ] },
								"down": { "texture": "#brass", "uv": [ 7.5, 9.0, 8.5, 10.5 ] }
							},
							"children": [
								{
									"name": "pommelcap",
									"from": [ -0.3, 0.4479, 0.4207 ],
									"to": [ 0.1, 1.2479, 1.2207 ],
									"rotationOrigin": [ 0.2, 0.8293, 0.8707 ],
									"rotationX": -45.0,
									"faces": {
										"north": { "texture": "#brass", "uv": [ 11.0, 9.0, 11.5, 9.5 ] },
										"south": { "texture": "#brass", "uv": [ 7.5, 5.5, 8.0, 6.0 ] },
										"west": { "texture": "#brass", "uv": [ 0.0, 13.5, 0.5, 14.0 ] },
										"up": { "texture": "#brass", "uv": [ 13.5, 10.0, 14.0, 10.5 ] },
										"down": { "texture": "#brass", "uv": [ 4.5, 13.5, 5.0, 14.0 ] }
									}
								}
							]
						}
					]
				},
				{
					"name": "hilt1",
					"from": [ 0.3, -1.5, -1.5 ],
					"to": [ 1.1, 1.5, 1.5 ],
					"rotationOrigin": [ 0.3, -1.25, 0.5 ],
					"faces": {
						"north": { "texture": "#brass", "uv": [ 7.5, 9.0, 8.0, 12.0 ] },
						"east": { "texture": "#brass", "uv": [ 3.0, 10.5, 6.0, 13.5 ] },
						"south": { "texture": "#brass", "uv": [ 11.0, 1.0, 11.5, 4.0 ] },
						"west": { "texture": "#brass", "uv": [ 9.0, 0.5, 12.0, 3.5 ] },
						"up": { "texture": "#brass", "uv": [ 3.0, 9.0, 3.5, 12.0 ] },
						"down": { "texture": "#brass", "uv": [ 11.5, 2.5, 12.0, 5.5 ] }
					},
					"children": [
						{
							"name": "hilt2",
							"from": [ 1.1, 0.75, 0.6 ],
							"to": [ 1.4, 2.45, 2.3 ],
							"rotationOrigin": [ 1.1, 0.75, 0.6 ],
							"faces": {
								"north": { "texture": "#brass", "uv": [ 5.0, 4.5, 5.5, 6.0 ] },
								"east": { "texture": "#brass", "uv": [ 6.0, 5.5, 7.5, 7.0 ] },
								"south": { "texture": "#brass", "uv": [ 4.5, 5.0, 5.0, 6.5 ] },
								"west": { "texture": "#brass", "uv": [ 6.0, 4.5, 7.5, 6.0 ] },
								"up": { "texture": "#brass", "uv": [ 6.5, 5.0, 7.0, 6.5 ] },
								"down": { "texture": "#brass", "uv": [ 9.0, 4.5, 9.5, 6.0 ] }
							}
						},
						{
							"name": "hilt3",
							"from": [ 1.0, 0.55, -0.9 ],
							"to": [ 1.3, 2.55, 0.6 ],
							"rotationOrigin": [ 1.6, 2.05, 0.6 ],
							"rotationX": 0.0,
							"rotationY": 25.0,
							"rotationZ": -2.0,
							"faces": {
								"north": { "texture": "#brass", "uv": [ 7.0, 4.5, 7.5, 6.5 ] },
								"east": { "texture": "#brass", "uv": [ 4.5, 5.5, 6.0, 7.5 ] },
								"south": { "texture": "#brass", "uv": [ 7.0, 5.0, 7.5, 7.0 ] },
								"west": { "texture": "#brass", "uv": [ 5.5, 7.0, 7.0, 9.0 ] },
								"up": { "texture": "#brass", "uv": [ 5.0, 6.0, 5.5, 7.5 ] },
								"down": { "texture": "#brass", "uv": [ 8.5, 6.0, 9.0, 7.5 ] }
							}
						},
						{
							"name": "hilt4",
							"from": [ 1.0, 2.49, 0.45 ],
							"to": [ 1.3, 3.99, 2.45 ],
							"rotationOrigin": [ 1.4, 2.45, 0.4 ],
							"rotationZ": 25.0,
							"faces": {
								"north": { "texture": "#brass", "uv": [ 7.0, 4.0, 7.5, 5.5 ] },
								"east": { "texture": "#brass", "uv": [ 7.0, 8.0, 9.0, 9.5 ] },
								"south": { "texture": "#brass", "uv": [ 4.0, 2.0, 4.5, 3.5 ] },
								"west": { "texture": "#brass", "uv": [ 4.5, 3.5, 6.5, 5.0 ] },
								"up": { "texture": "#brass", "uv": [ 7.5, 7.0, 8.0, 9.0 ] },
								"down": { "texture": "#brass", "uv": [ 7.5, 4.5, 8.0, 6.5 ] }
							}
						},
						{
							"name": "hilt5",
							"from": [ 1.0, -0.84, 0.45 ],
							"to": [ 1.3, 0.66, 2.45 ],
							"rotationOrigin": [ 1.5, 0.75, 0.4 ],
							"rotationZ": -25.0,
							"faces": {
								"north": { "texture": "#brass", "uv": [ 4.0, 4.5, 4.5, 6.0 ] },
								"east": { "texture": "#brass", "uv": [ 4.5, 5.5, 6.5, 7.0 ] },
								"south": { "texture": "#brass", "uv": [ 4.0, 5.0, 4.5, 6.5 ] },
								"west": { "texture": "#brass", "uv": [ 5.5, 6.0, 7.5, 7.5 ] },
								"up": { "texture": "#brass", "uv": [ 6.0, 5.0, 6.5, 7.0 ] },
								"down": { "texture": "#brass", "uv": [ 8.0, 5.5, 8.5, 7.5 ] }
							}
						},
						{
							"name": "hilt6",
							"from": [ 1.0, 0.55, 2.3 ],
							"to": [ 1.3, 2.55, 3.8 ],
							"rotationOrigin": [ 1.5, 2.05, 2.3 ],
							"rotationX": 0.0,
							"rotationY": -25.0,
							"rotationZ": -2.0,
							"faces": {
								"north": { "texture": "#brass", "uv": [ 3.5, 3.5, 4.0, 5.5 ] },
								"east": { "texture": "#brass", "uv": [ 4.0, 3.5, 5.5, 5.5 ] },
								"south": { "texture": "#brass", "uv": [ 1.0, 2.0, 1.5, 4.0 ] },
								"west": { "texture": "#brass", "uv": [ 4.0, 3.5, 5.5, 5.5 ] },
								"up": { "texture": "#brass", "uv": [ 5.5, 4.0, 6.0, 5.5 ] },
								"down": { "texture": "#brass", "uv": [ 7.0, 3.5, 7.5, 5.0 ] }
							}
						}
					]
				},
				{
					"name": "handguard",
					"from": [ 0.5, -0.25, -1.93 ],
					"to": [ 1.0, 0.25, -0.43 ],
					"rotationOrigin": [ 0.5, 0.0, 0.0714 ],
					"faces": {
						"north": { "texture": "#brass", "uv": [ 9.0, 9.5, 9.5, 10.0 ] },
						"east": { "texture": "#brass", "uv": [ 9.5, 3.0, 11.0, 3.5 ] },
						"west": { "texture": "#brass", "uv": [ 13.0, 13.0, 14.5, 13.5 ] },
						"up": { "texture": "#brass", "uv": [ 8.0, 10.0, 8.5, 11.5 ] },
						"down": { "texture": "#brass", "uv": [ 3.0, 0.5, 3.5, 2.0 ] }
					},
					"children": [
						{
							"name": "handguard1",
							"from": [ -0.15, 0.03, -2.27 ],
							"to": [ 0.35, 0.48, -0.27 ],
							"rotationOrigin": [ 0.8, 0.75, -0.3 ],
							"rotationY": 39.5,
							"faces": {
								"north": { "texture": "#brass", "uv": [ 0.5, 9.0, 1.0, 9.5 ] },
								"east": { "texture": "#brass", "uv": [ 3.0, 11.0, 5.0, 11.5 ], "windMode": [-1,-1,-1,-1] },
								"west": { "texture": "#brass", "uv": [ 3.5, 1.0, 5.5, 1.5 ] },
								"up": { "texture": "#brass", "uv": [ 6.5, 1.0, 7.0, 3.0 ] },
								"down": { "texture": "#brass", "uv": [ 4.0, 4.5, 4.5, 6.5 ] }
							},
							"children": [
								{
									"name": "handguard2",
									"from": [ 0.0, 0.02, -2.1 ],
									"to": [ 0.5, 0.44, -0.24 ],
									"rotationOrigin": [ 1.0, 0.75, -0.1 ],
									"rotationY": 33.5,
									"faces": {
										"north": { "texture": "#brass", "uv": [ 14.5, 0.5, 15.0, 1.0 ] },
										"east": { "texture": "#brass", "uv": [ 1.0, 2.0, 2.5, 2.5 ] },
										"west": { "texture": "#brass", "uv": [ 8.5, 1.5, 10.0, 2.0 ] },
										"up": { "texture": "#brass", "uv": [ 3.0, 12.0, 3.5, 13.5 ] },
										"down": { "texture": "#brass", "uv": [ 10.0, 12.5, 10.5, 14.0 ] }
									},
									"children": [
										{
											"name": "handguard3",
											"from": [ -0.32, 0.01, -3.1 ],
											"to": [ 0.18, 0.41, -0.03 ],
											"rotationOrigin": [ 0.7331, 0.73, -1.0297 ],
											"rotationY": 17.0,
											"faces": {
												"north": { "texture": "#brass", "uv": [ 0.5, 9.0, 1.0, 9.5 ] },
												"east": { "texture": "#brass", "uv": [ 3.0, 11.0, 6.0, 11.5 ] },
												"west": { "texture": "#brass", "uv": [ 3.5, 1.0, 6.5, 1.5 ] },
												"up": { "texture": "#brass", "uv": [ 6.5, 1.0, 7.0, 4.0 ] },
												"down": { "texture": "#brass", "uv": [ 4.0, 4.5, 4.5, 7.5 ] }
											},
											"children": [
												{
													"name": "handguard4",
													"from": [ -2.3742, 0.005, -3.2151 ],
													"to": [ -1.8742, 0.385, -1.2151 ],
													"rotationOrigin": [ -1.3848, 0.74, -1.1968 ],
													"rotationX": 180.0,
													"rotationY": -30.5,
													"rotationZ": 180.0,
													"faces": {
														"north": { "texture": "#brass", "uv": [ 0.5, 9.0, 1.0, 9.5 ] },
														"east": { "texture": "#brass", "uv": [ 3.0, 11.0, 5.0, 11.5 ] },
														"west": { "texture": "#brass", "uv": [ 3.5, 1.0, 5.5, 1.5 ] },
														"up": { "texture": "#brass", "uv": [ 6.5, 1.0, 7.0, 3.0 ] },
														"down": { "texture": "#brass", "uv": [ 4.0, 4.5, 4.5, 6.5 ] }
													},
													"children": [
														{
															"name": "handguard5",
															"from": [ 1.1709, 0.0, 0.5736 ],
															"to": [ 1.6709, 0.38, 2.7736 ],
															"rotationOrigin": [ 2.1603, 0.735, 2.592 ],
															"rotationY": 48.0,
															"faces": {
																"north": { "texture": "#brass", "uv": [ 0.5, 9.0, 1.0, 9.5 ] },
																"east": { "texture": "#brass", "uv": [ 3.0, 11.0, 5.0, 11.5 ] },
																"west": { "texture": "#brass", "uv": [ 3.5, 1.0, 5.5, 1.5 ] },
																"up": { "texture": "#brass", "uv": [ 6.5, 1.0, 7.0, 3.0 ] },
																"down": { "texture": "#brass", "uv": [ 4.0, 4.5, 4.5, 6.5 ] }
															}
														}
													]
												}
											]
										}
									]
								}
							]
						}
					]
				},
				{
					"name": "quillon",
					"from": [ 0.45, -0.25, -0.16 ],
					"to": [ 0.95, 0.25, 3.34 ],
					"rotationOrigin": [ 0.4961, -0.05, -0.1586 ],
					"faces": {
						"east": { "texture": "#brass", "uv": [ 4.5, 12.0, 8.0, 12.5 ] },
						"south": { "texture": "#brass", "uv": [ 11.5, 7.5, 12.0, 8.0 ] },
						"west": { "texture": "#brass", "uv": [ 12.0, 1.0, 15.5, 1.5 ] },
						"up": { "texture": "#brass", "uv": [ 0.5, 1.5, 1.0, 5.0 ] },
						"down": { "texture": "#brass", "uv": [ 10.0, 12.0, 10.5, 15.5 ] }
					},
					"children": [
						{
							"name": "quillondeco",
							"from": [ -0.1, -0.1, 3.5 ],
							"to": [ 0.6, 0.6, 4.2 ],
							"rotationOrigin": [ -0.0539, 0.1, 3.5014 ],
							"faces": {
								"north": { "texture": "#brass", "uv": [ 0.0, 0.0, 0.5, 0.5 ], "windMode": [-1,-1,-1,-1] },
								"east": { "texture": "#brass", "uv": [ 4.5, 12.0, 5.0, 12.5 ], "windMode": [-1,-1,-1,-1] },
								"south": { "texture": "#brass", "uv": [ 11.5, 7.5, 12.0, 8.0 ], "windMode": [-1,-1,-1,-1] },
								"west": { "texture": "#brass", "uv": [ 12.0, 1.0, 12.5, 1.5 ] },
								"up": { "texture": "#brass", "uv": [ 0.5, 1.5, 1.0, 2.0 ] },
								"down": { "texture": "#brass", "uv": [ 10.0, 12.0, 10.5, 12.5 ] }
							}
						}
					]
				},
				{
					"name": "tang",
					"from": [ -4.86, 0.0, -0.25 ],
					"to": [ 1.14, 0.12, 0.25 ],
					"rotationOrigin": [ -4.8612, 0.1375, -0.572 ],
					"faces": {
						"north": { "texture": "#metal", "uv": [ 0.0, 6.5, 6.0, 7.0 ] },
						"east": { "texture": "#metal", "uv": [ 8.5, 0.5, 9.0, 1.0 ] },
						"south": { "texture": "#metal", "uv": [ 0.0, 8.5, 6.0, 9.0 ] },
						"west": { "texture": "#metal", "uv": [ 0.0, 0.0, 0.5, 0.5 ], "windMode": [-1,-1,-1,-1] },
						"up": { "texture": "#metal", "uv": [ 0.0, 4.5, 6.0, 5.0 ] },
						"down": { "texture": "#metal", "uv": [ 0.0, 8.0, 6.0, 8.5 ] }
					},
					"children": [
						{
							"name": "ricasso",
							"from": [ 5.96, -0.023, -0.15 ],
							"to": [ 7.96, 0.127, 0.6 ],
							"rotationOrigin": [ 5.9595, 0.0645, -0.1463 ],
							"faces": {
								"north": { "texture": "#metal", "uv": [ 2.5, 8.5, 4.5, 9.0 ], "windMode": [-1,-1,-1,-1] },
								"east": { "texture": "#metal", "uv": [ 0.0, 0.0, 0.5, 0.5 ], "windMode": [-1,-1,-1,-1] },
								"south": { "texture": "#metal", "uv": [ 0.0, 0.0, 2.0, 0.5 ], "windMode": [-1,-1,-1,-1] },
								"west": { "texture": "#metal", "uv": [ 7.5, 9.0, 8.0, 9.5 ], "windMode": [-1,-1,-1,-1] },
								"up": { "texture": "#metal", "uv": [ 1.0, 5.0, 3.0, 5.5 ], "windMode": [-1,-1,-1,-1] },
								"down": { "texture": "#metal", "uv": [ 1.0, 11.0, 3.0, 11.5 ] }
							},
							"children": [
								{
									"name": "blade2",
									"from": [ 2.0, 0.01, 0.05 ],
									"to": [ 22.0, 0.16, 0.7 ],
									"rotationOrigin": [ 2.0, 0.075, 0.0 ],
									"faces": {
										"north": { "texture": "#metal", "uv": [ 2.5, 2.5, 22.5, 3.0 ] },
										"east": { "texture": "#metal", "uv": [ 3.5, 1.0, 4.0, 1.5 ], "windMode": [-1,-1,-1,-1] },
										"south": { "texture": "#metal", "uv": [ 0.0, 0.0, 20.0, 0.5 ], "windMode": [-1,-1,-1,-1] },
										"up": { "texture": "#metal", "uv": [ 2.5, 12.5, 22.5, 13.0 ] },
										"down": { "texture": "#metal", "uv": [ 0.5, 13.5, 20.5, 14.0 ] }
									},
									"children": [
										{
											"name": "blade3",
											"from": [ 20.0, -0.0075, 0.05 ],
											"to": [ 22.0, 0.1425, 0.6 ],
											"rotationOrigin": [ 20.0, 0.075, 0.0 ],
											"faces": {
												"north": { "texture": "#metal", "uv": [ 0.5, 5.0, 2.5, 5.5 ] },
												"east": { "texture": "#metal", "uv": [ 2.5, 5.0, 3.0, 5.5 ] },
												"south": { "texture": "#metal", "uv": [ 0.0, 0.0, 2.0, 0.5 ], "windMode": [-1,-1,-1,-1] },
												"up": { "texture": "#metal", "uv": [ 3.5, 7.5, 5.5, 8.0 ] },
												"down": { "texture": "#metal", "uv": [ 2.5, 11.0, 4.5, 11.5 ] }
											},
											"children": [
												{
													"name": "blade4",
													"from": [ 2.0, 0.0075, 0.05 ],
													"to": [ 3.75, 0.1575, 0.5 ],
													"rotationOrigin": [ 1.85, 0.075, 0.1 ],
													"faces": {
														"north": { "texture": "#metal", "uv": [ 5.0, 11.0, 6.5, 11.5 ] },
														"east": { "texture": "#metal", "uv": [ 2.0, 14.0, 2.5, 14.5 ] },
														"south": { "texture": "#metal", "uv": [ 0.0, 0.0, 1.5, 0.5 ], "windMode": [-1,-1,-1,-1] },
														"up": { "texture": "#metal", "uv": [ 8.5, 14.5, 10.0, 15.0 ] },
														"down": { "texture": "#metal", "uv": [ 3.5, 6.5, 5.0, 7.0 ] }
													},
													"children": [
														{
															"name": "blade5",
															"from": [ 1.7, -0.0075, 0.1 ],
															"to": [ 2.95, 0.1425, 0.35 ],
															"rotationOrigin": [ 1.7, 0.0, 0.2 ],
															"faces": {
																"north": { "texture": "#metal", "uv": [ 1.0, 3.5, 2.0, 4.0 ] },
																"east": { "texture": "#metal", "uv": [ 2.0, 10.0, 2.5, 10.5 ], "windMode": [-1,-1,-1,-1] },
																"south": { "texture": "#metal", "uv": [ 0.0, 0.0, 1.0, 0.5 ], "windMode": [-1,-1,-1,-1] },
																"up": { "texture": "#metal", "uv": [ 4.5, 1.5, 6.75, 2.25 ], "autoUv": false, "windMode": [-1,-1,-1,-1] },
																"down": { "texture": "#metal", "uv": [ 6.5, 10.5, 7.5, 11.0 ] }
															},
															"children": [
																{
																	"name": "blade6",
																	"from": [ 1.25, 0.0075, 0.07 ],
																	"to": [ 2.0, 0.1575, 0.17 ],
																	"rotationOrigin": [ 1.25, 0.0, 0.0 ],
																	"faces": {
																		"north": { "texture": "#metal", "uv": [ 12.0, 8.5, 12.5, 9.0 ] },
																		"east": { "texture": "#metal", "uv": [ 1.0, 11.5, 1.5, 12.0 ] },
																		"south": { "texture": "#metal", "uv": [ 0.0, 0.0, 0.5, 0.5 ], "windMode": [-1,-1,-1,-1] },
																		"up": { "texture": "#metal", "uv": [ 1.5, 13.5, 2.0, 14.0 ] },
																		"down": { "texture": "#metal", "uv": [ 5.5, 4.0, 6.0, 4.5 ] }
																	}
																}
															]
														}
													]
												}
											]
										}
									]
								}
							]
						}
					]
				},
				{
					"name": "handguard6",
					"from": [ 0.5, -0.25, -1.93 ],
					"to": [ 1.0, 0.25, -0.43 ],
					"rotationOrigin": [ 0.5, 0.0, 0.0714 ],
					"rotationX": 45.0,
					"faces": {
						"north": { "texture": "#brass", "uv": [ 9.0, 9.5, 9.5, 10.0 ] },
						"east": { "texture": "#brass", "uv": [ 9.5, 3.0, 11.0, 3.5 ] },
						"west": { "texture": "#brass", "uv": [ 13.0, 13.0, 14.5, 13.5 ] },
						"up": { "texture": "#brass", "uv": [ 8.0, 10.0, 8.5, 11.5 ] },
						"down": { "texture": "#brass", "uv": [ 3.0, 0.5, 3.5, 2.0 ] }
					},
					"children": [
						{
							"name": "handguard7",
							"from": [ -0.15, 0.03, -2.27 ],
							"to": [ 0.35, 0.48, -0.27 ],
							"rotationOrigin": [ 0.8, 0.75, -0.3 ],
							"rotationY": 39.5,
							"faces": {
								"north": { "texture": "#brass", "uv": [ 0.5, 9.0, 1.0, 9.5 ] },
								"east": { "texture": "#brass", "uv": [ 3.0, 11.0, 5.0, 11.5 ], "windMode": [-1,-1,-1,-1] },
								"west": { "texture": "#brass", "uv": [ 3.5, 1.0, 5.5, 1.5 ] },
								"up": { "texture": "#brass", "uv": [ 6.5, 1.0, 7.0, 3.0 ] },
								"down": { "texture": "#brass", "uv": [ 4.0, 4.5, 4.5, 6.5 ] }
							},
							"children": [
								{
									"name": "handguard8",
									"from": [ 0.0, 0.02, -2.1 ],
									"to": [ 0.5, 0.44, -0.24 ],
									"rotationOrigin": [ 1.0, 0.75, -0.1 ],
									"rotationY": 33.5,
									"faces": {
										"north": { "texture": "#brass", "uv": [ 14.5, 0.5, 15.0, 1.0 ] },
										"east": { "texture": "#brass", "uv": [ 1.0, 2.0, 2.5, 2.5 ] },
										"west": { "texture": "#brass", "uv": [ 8.5, 1.5, 10.0, 2.0 ] },
										"up": { "texture": "#brass", "uv": [ 3.0, 12.0, 3.5, 13.5 ] },
										"down": { "texture": "#brass", "uv": [ 10.0, 12.5, 10.5, 14.0 ] }
									},
									"children": [
										{
											"name": "handguard9",
											"from": [ -0.32, 0.01, -3.1 ],
											"to": [ 0.18, 0.41, -0.03 ],
											"rotationOrigin": [ 0.7331, 0.73, -1.0297 ],
											"rotationY": 17.0,
											"faces": {
												"north": { "texture": "#brass", "uv": [ 0.5, 9.0, 1.0, 9.5 ] },
												"east": { "texture": "#brass", "uv": [ 3.0, 11.0, 6.0, 11.5 ] },
												"west": { "texture": "#brass", "uv": [ 3.5, 1.0, 6.5, 1.5 ] },
												"up": { "texture": "#brass", "uv": [ 6.5, 1.0, 7.0, 4.0 ] },
												"down": { "texture": "#brass", "uv": [ 4.0, 4.5, 4.5, 7.5 ] }
											},
											"children": [
												{
													"name": "handguard10",
													"from": [ -2.3742, 0.005, -3.2151 ],
													"to": [ -1.8742, 0.385, -1.2151 ],
													"rotationOrigin": [ -1.3848, 0.74, -1.1968 ],
													"rotationX": 180.0,
													"rotationY": -30.5,
													"rotationZ": 180.0,
													"faces": {
														"north": { "texture": "#brass", "uv": [ 0.5, 9.0, 1.0, 9.5 ] },
														"east": { "texture": "#brass", "uv": [ 3.0, 11.0, 5.0, 11.5 ] },
														"west": { "texture": "#brass", "uv": [ 3.5, 1.0, 5.5, 1.5 ] },
														"up": { "texture": "#brass", "uv": [ 6.5, 1.0, 7.0, 3.0 ] },
														"down": { "texture": "#brass", "uv": [ 4.0, 4.5, 4.5, 6.5 ] }
													},
													"children": [
														{
															"name": "handguard11",
															"from": [ 1.1709, 0.0, 0.5736 ],
															"to": [ 1.6709, 0.38, 2.7736 ],
															"rotationOrigin": [ 2.1603, 0.735, 2.592 ],
															"rotationY": 48.0,
															"faces": {
																"north": { "texture": "#brass", "uv": [ 0.5, 9.0, 1.0, 9.5 ] },
																"east": { "texture": "#brass", "uv": [ 3.0, 11.0, 5.0, 11.5 ] },
																"west": { "texture": "#brass", "uv": [ 3.5, 1.0, 5.5, 1.5 ] },
																"up": { "texture": "#brass", "uv": [ 6.5, 1.0, 7.0, 3.0 ] },
																"down": { "texture": "#brass", "uv": [ 4.0, 4.5, 4.5, 6.5 ] }
															}
														}
													]
												}
											]
										}
									]
								}
							]
						}
					]
				},
				{
					"name": "handguard12",
					"from": [ 0.5, -0.25, -1.93 ],
					"to": [ 1.0, 0.25, -0.43 ],
					"rotationOrigin": [ 0.5, 0.0, 0.0714 ],
					"rotationX": -45.0,
					"faces": {
						"north": { "texture": "#brass", "uv": [ 9.0, 9.5, 9.5, 10.0 ] },
						"east": { "texture": "#brass", "uv": [ 9.5, 3.0, 11.0, 3.5 ] },
						"west": { "texture": "#brass", "uv": [ 13.0, 13.0, 14.5, 13.5 ] },
						"up": { "texture": "#brass", "uv": [ 8.0, 10.0, 8.5, 11.5 ] },
						"down": { "texture": "#brass", "uv": [ 3.0, 0.5, 3.5, 2.0 ] }
					},
					"children": [
						{
							"name": "handguard13",
							"from": [ -0.15, 0.03, -2.27 ],
							"to": [ 0.35, 0.48, -0.27 ],
							"rotationOrigin": [ 0.8, 0.75, -0.3 ],
							"rotationY": 39.5,
							"faces": {
								"north": { "texture": "#brass", "uv": [ 0.5, 9.0, 1.0, 9.5 ] },
								"east": { "texture": "#brass", "uv": [ 3.0, 11.0, 5.0, 11.5 ], "windMode": [-1,-1,-1,-1] },
								"west": { "texture": "#brass", "uv": [ 3.5, 1.0, 5.5, 1.5 ] },
								"up": { "texture": "#brass", "uv": [ 6.5, 1.0, 7.0, 3.0 ] },
								"down": { "texture": "#brass", "uv": [ 4.0, 4.5, 4.5, 6.5 ] }
							},
							"children": [
								{
									"name": "handguard14",
									"from": [ 0.0, 0.02, -2.1 ],
									"to": [ 0.5, 0.44, -0.24 ],
									"rotationOrigin": [ 1.0, 0.75, -0.1 ],
									"rotationY": 33.5,
									"faces": {
										"north": { "texture": "#brass", "uv": [ 14.5, 0.5, 15.0, 1.0 ] },
										"east": { "texture": "#brass", "uv": [ 1.0, 2.0, 2.5, 2.5 ] },
										"west": { "texture": "#brass", "uv": [ 8.5, 1.5, 10.0, 2.0 ] },
										"up": { "texture": "#brass", "uv": [ 3.0, 12.0, 3.5, 13.5 ] },
										"down": { "texture": "#brass", "uv": [ 10.0, 12.5, 10.5, 14.0 ] }
									},
									"children": [
										{
											"name": "handguard15",
											"from": [ -0.32, 0.01, -3.1 ],
											"to": [ 0.18, 0.41, -0.03 ],
											"rotationOrigin": [ 0.7331, 0.73, -1.0297 ],
											"rotationY": 17.0,
											"faces": {
												"north": { "texture": "#brass", "uv": [ 0.5, 9.0, 1.0, 9.5 ] },
												"east": { "texture": "#brass", "uv": [ 3.0, 11.0, 6.0, 11.5 ] },
												"west": { "texture": "#brass", "uv": [ 3.5, 1.0, 6.5, 1.5 ] },
												"up": { "texture": "#brass", "uv": [ 6.5, 1.0, 7.0, 4.0 ] },
												"down": { "texture": "#brass", "uv": [ 4.0, 4.5, 4.5, 7.5 ] }
											},
											"children": [
												{
													"name": "handguard16",
													"from": [ -2.3742, 0.005, -3.2151 ],
													"to": [ -1.8742, 0.385, -1.2151 ],
													"rotationOrigin": [ -1.3848, 0.74, -1.1968 ],
													"rotationX": 180.0,
													"rotationY": -30.5,
													"rotationZ": 180.0,
													"faces": {
														"north": { "texture": "#brass", "uv": [ 0.5, 9.0, 1.0, 9.5 ] },
														"east": { "texture": "#brass", "uv": [ 3.0, 11.0, 5.0, 11.5 ] },
														"west": { "texture": "#brass", "uv": [ 3.5, 1.0, 5.5, 1.5 ] },
														"up": { "texture": "#brass", "uv": [ 6.5, 1.0, 7.0, 3.0 ] },
														"down": { "texture": "#brass", "uv": [ 4.0, 4.5, 4.5, 6.5 ] }
													},
													"children": [
														{
															"name": "handguard17",
															"from": [ 1.1709, 0.0, 0.5736 ],
															"to": [ 1.6709, 0.38, 2.7736 ],
															"rotationOrigin": [ 2.1603, 0.735, 2.592 ],
															"rotationY": 48.0,
															"faces": {
																"north": { "texture": "#brass", "uv": [ 0.5, 9.0, 1.0, 9.5 ] },
																"east": { "texture": "#brass", "uv": [ 3.0, 11.0, 5.0, 11.5 ] },
																"west": { "texture": "#brass", "uv": [ 3.5, 1.0, 5.5, 1.5 ] },
																"up": { "texture": "#brass", "uv": [ 6.5, 1.0, 7.0, 3.0 ] },
																"down": { "texture": "#brass", "uv": [ 4.0, 4.5, 4.5, 6.5 ] }
															}
														}
													]
												}
											]
										}
									]
								}
							]
						}
					]
				},
				{
					"name": "handguard18",
					"from": [ 0.5, -0.25, -1.93 ],
					"to": [ 1.0, 0.25, -0.43 ],
					"rotationOrigin": [ 0.5, 0.0, 0.0714 ],
					"rotationX": 22.5,
					"faces": {
						"north": { "texture": "#brass", "uv": [ 9.0, 9.5, 9.5, 10.0 ] },
						"east": { "texture": "#brass", "uv": [ 9.5, 3.0, 11.0, 3.5 ] },
						"west": { "texture": "#brass", "uv": [ 13.0, 13.0, 14.5, 13.5 ] },
						"up": { "texture": "#brass", "uv": [ 8.0, 10.0, 8.5, 11.5 ] },
						"down": { "texture": "#brass", "uv": [ 3.0, 0.5, 3.5, 2.0 ] }
					},
					"children": [
						{
							"name": "handguard19",
							"from": [ -0.15, 0.03, -2.27 ],
							"to": [ 0.35, 0.48, -0.27 ],
							"rotationOrigin": [ 0.8, 0.75, -0.3 ],
							"rotationY": 39.5,
							"faces": {
								"north": { "texture": "#brass", "uv": [ 0.5, 9.0, 1.0, 9.5 ] },
								"east": { "texture": "#brass", "uv": [ 3.0, 11.0, 5.0, 11.5 ], "windMode": [-1,-1,-1,-1] },
								"west": { "texture": "#brass", "uv": [ 3.5, 1.0, 5.5, 1.5 ] },
								"up": { "texture": "#brass", "uv": [ 6.5, 1.0, 7.0, 3.0 ] },
								"down": { "texture": "#brass", "uv": [ 4.0, 4.5, 4.5, 6.5 ] }
							},
							"children": [
								{
									"name": "handguard20",
									"from": [ 0.0, 0.02, -2.1 ],
									"to": [ 0.5, 0.44, -0.24 ],
									"rotationOrigin": [ 1.0, 0.75, -0.1 ],
									"rotationY": 33.5,
									"faces": {
										"north": { "texture": "#brass", "uv": [ 14.5, 0.5, 15.0, 1.0 ] },
										"east": { "texture": "#brass", "uv": [ 1.0, 2.0, 2.5, 2.5 ] },
										"west": { "texture": "#brass", "uv": [ 8.5, 1.5, 10.0, 2.0 ] },
										"up": { "texture": "#brass", "uv": [ 3.0, 12.0, 3.5, 13.5 ] },
										"down": { "texture": "#brass", "uv": [ 10.0, 12.5, 10.5, 14.0 ] }
									},
									"children": [
										{
											"name": "handguard21",
											"from": [ -0.32, 0.01, -3.1 ],
											"to": [ 0.18, 0.41, -0.03 ],
											"rotationOrigin": [ 0.7331, 0.73, -1.0297 ],
											"rotationY": 17.0,
											"faces": {
												"north": { "texture": "#brass", "uv": [ 0.5, 9.0, 1.0, 9.5 ] },
												"east": { "texture": "#brass", "uv": [ 3.0, 11.0, 6.0, 11.5 ] },
												"west": { "texture": "#brass", "uv": [ 3.5, 1.0, 6.5, 1.5 ] },
												"up": { "texture": "#brass", "uv": [ 6.5, 1.0, 7.0, 4.0 ] },
												"down": { "texture": "#brass", "uv": [ 4.0, 4.5, 4.5, 7.5 ] }
											},
											"children": [
												{
													"name": "handguard22",
													"from": [ -2.3742, 0.005, -3.2151 ],
													"to": [ -1.8742, 0.385, -1.2151 ],
													"rotationOrigin": [ -1.3848, 0.74, -1.1968 ],
													"rotationX": 180.0,
													"rotationY": -30.5,
													"rotationZ": 180.0,
													"faces": {
														"north": { "texture": "#brass", "uv": [ 0.5, 9.0, 1.0, 9.5 ] },
														"east": { "texture": "#brass", "uv": [ 3.0, 11.0, 5.0, 11.5 ] },
														"west": { "texture": "#brass", "uv": [ 3.5, 1.0, 5.5, 1.5 ] },
														"up": { "texture": "#brass", "uv": [ 6.5, 1.0, 7.0, 3.0 ] },
														"down": { "texture": "#brass", "uv": [ 4.0, 4.5, 4.5, 6.5 ] }
													},
													"children": [
														{
															"name": "handguard23",
															"from": [ 1.1709, 0.0, 0.5736 ],
															"to": [ 1.6709, 0.38, 2.7736 ],
															"rotationOrigin": [ 2.1603, 0.735, 2.592 ],
															"rotationY": 48.0,
															"faces": {
																"north": { "texture": "#brass", "uv": [ 0.5, 9.0, 1.0, 9.5 ] },
																"east": { "texture": "#brass", "uv": [ 3.0, 11.0, 5.0, 11.5 ] },
																"west": { "texture": "#brass", "uv": [ 3.5, 1.0, 5.5, 1.5 ] },
																"up": { "texture": "#brass", "uv": [ 6.5, 1.0, 7.0, 3.0 ] },
																"down": { "texture": "#brass", "uv": [ 4.0, 4.5, 4.5, 6.5 ] }
															}
														}
													]
												}
											]
										}
									]
								}
							]
						}
					]
				},
				{
					"name": "handguard24",
					"from": [ 0.5, -0.25, -1.93 ],
					"to": [ 1.0, 0.25, -0.43 ],
					"rotationOrigin": [ 0.5, 0.0, 0.0714 ],
					"rotationX": -22.5,
					"faces": {
						"north": { "texture": "#brass", "uv": [ 9.0, 9.5, 9.5, 10.0 ] },
						"east": { "texture": "#brass", "uv": [ 9.5, 3.0, 11.0, 3.5 ] },
						"west": { "texture": "#brass", "uv": [ 13.0, 13.0, 14.5, 13.5 ] },
						"up": { "texture": "#brass", "uv": [ 8.0, 10.0, 8.5, 11.5 ] },
						"down": { "texture": "#brass", "uv": [ 3.0, 0.5, 3.5, 2.0 ] }
					},
					"children": [
						{
							"name": "handguard25",
							"from": [ -0.15, 0.03, -2.27 ],
							"to": [ 0.35, 0.48, -0.27 ],
							"rotationOrigin": [ 0.8, 0.75, -0.3 ],
							"rotationY": 39.5,
							"faces": {
								"north": { "texture": "#brass", "uv": [ 0.5, 9.0, 1.0, 9.5 ] },
								"east": { "texture": "#brass", "uv": [ 3.0, 11.0, 5.0, 11.5 ], "windMode": [-1,-1,-1,-1] },
								"west": { "texture": "#brass", "uv": [ 3.5, 1.0, 5.5, 1.5 ] },
								"up": { "texture": "#brass", "uv": [ 6.5, 1.0, 7.0, 3.0 ] },
								"down": { "texture": "#brass", "uv": [ 4.0, 4.5, 4.5, 6.5 ] }
							},
							"children": [
								{
									"name": "handguard26",
									"from": [ 0.0, 0.02, -2.1 ],
									"to": [ 0.5, 0.44, -0.24 ],
									"rotationOrigin": [ 1.0, 0.75, -0.1 ],
									"rotationY": 33.5,
									"faces": {
										"north": { "texture": "#brass", "uv": [ 14.5, 0.5, 15.0, 1.0 ] },
										"east": { "texture": "#brass", "uv": [ 1.0, 2.0, 2.5, 2.5 ] },
										"west": { "texture": "#brass", "uv": [ 8.5, 1.5, 10.0, 2.0 ] },
										"up": { "texture": "#brass", "uv": [ 3.0, 12.0, 3.5, 13.5 ] },
										"down": { "texture": "#brass", "uv": [ 10.0, 12.5, 10.5, 14.0 ] }
									},
									"children": [
										{
											"name": "handguard27",
											"from": [ -0.32, 0.01, -3.1 ],
											"to": [ 0.18, 0.41, -0.03 ],
											"rotationOrigin": [ 0.7331, 0.73, -1.0297 ],
											"rotationY": 17.0,
											"faces": {
												"north": { "texture": "#brass", "uv": [ 0.5, 9.0, 1.0, 9.5 ] },
												"east": { "texture": "#brass", "uv": [ 3.0, 11.0, 6.0, 11.5 ] },
												"west": { "texture": "#brass", "uv": [ 3.5, 1.0, 6.5, 1.5 ] },
												"up": { "texture": "#brass", "uv": [ 6.5, 1.0, 7.0, 4.0 ] },
												"down": { "texture": "#brass", "uv": [ 4.0, 4.5, 4.5, 7.5 ] }
											},
											"children": [
												{
													"name": "handguard28",
													"from": [ -2.3742, 0.005, -3.2151 ],
													"to": [ -1.8742, 0.385, -1.2151 ],
													"rotationOrigin": [ -1.3848, 0.74, -1.1968 ],
													"rotationX": 180.0,
													"rotationY": -30.5,
													"rotationZ": 180.0,
													"faces": {
														"north": { "texture": "#brass", "uv": [ 0.5, 9.0, 1.0, 9.5 ] },
														"east": { "texture": "#brass", "uv": [ 3.0, 11.0, 5.0, 11.5 ] },
														"west": { "texture": "#brass", "uv": [ 3.5, 1.0, 5.5, 1.5 ] },
														"up": { "texture": "#brass", "uv": [ 6.5, 1.0, 7.0, 3.0 ] },
														"down": { "texture": "#brass", "uv": [ 4.0, 4.5, 4.5, 6.5 ] }
													},
													"children": [
														{
															"name": "handguard29",
															"from": [ 1.1709, 0.0, 0.5736 ],
															"to": [ 1.6709, 0.38, 2.7736 ],
															"rotationOrigin": [ 2.1603, 0.735, 2.592 ],
															"rotationY": 48.0,
															"faces": {
																"north": { "texture": "#brass", "uv": [ 0.5, 9.0, 1.0, 9.5 ] },
																"east": { "texture": "#brass", "uv": [ 3.0, 11.0, 5.0, 11.5 ] },
																"west": { "texture": "#brass", "uv": [ 3.5, 1.0, 5.5, 1.5 ] },
																"up": { "texture": "#brass", "uv": [ 6.5, 1.0, 7.0, 3.0 ] },
																"down": { "texture": "#brass", "uv": [ 4.0, 4.5, 4.5, 6.5 ] }
															}
														}
													]
												}
											]
										}
									]
								}
							]
						}
					]
				}
			]
		}
	]}