{
	"editor": {
		"collapsedPaths": "Root/origin/Ricasso/Central Band,Root/origin/blademiddle1/blademiddle2,Root/origin/blademiddle1/blade1S,Root/origin/hilt/blademiddle1,Root/origin/handle/hilt,Root/origin/blademiddle1/fuller1S,Root/origin/blademiddle1/blade1S/blade2S,Root/origin/blademiddle1/fuller1N,Root/origin/blademiddle1/blade1N/blade2N,Root/origin/blademiddle1/blade1N",
		"allAngles": false,
		"entityTextureMode": false
	},
	"textureWidth": 16,
	"textureHeight": 8,
	"textureSizes": {
		"blackbronze": [16,16],
		"metal": [16,16],
		"wood": [16,16],
		"handle": [16,16],
		"cgm": [16,16]
	},
	"textures": {
		"blackbronze": "game:block/metal/ingot/blackbronze",
		"handle": "game:block/leather/plain",
		"cgm": "game:block/metal/plate/iron"
	},
	"elements": [
		{
			"name": "origin",
			"from": [ 8.0, 0.0, 8.0 ],
			"to": [ 8.0, 0.0, 8.0 ],
			"rotationOrigin": [ 8.0, 0.0, 8.0 ],
			"faces": {
			},
			"children": [
				{
					"name": "handle",
					"from": [ -8.0, -0.5, -0.75 ],
					"to": [ 4.0, 0.5, 0.75 ],
					"rotationOrigin": [ -4.0, 0.0, 0.0 ],
					"faces": {
						"north": { "texture": "#handle", "uv": [ 1.0, 9.0, 12.0, 10.0 ] },
						"south": { "texture": "#handle", "uv": [ 0.0, 2.0, 11.0, 3.0 ] },
						"up": { "texture": "#handle", "uv": [ 3.5, 7.0, 14.5, 8.5 ] },
						"down": { "texture": "#handle", "uv": [ 6.0, 10.5, 17.0, 12.0 ] }
					}
				},
				{
					"name": "hilt",
					"from": [ 3.8, -0.7, -2.0 ],
					"to": [ 5.0, 0.7, 2.0 ],
					"rotationOrigin": [ 3.8, 0.0, 0.0 ],
					"faces": {
						"north": { "texture": "#cgm", "uv": [ 1.5, 3.5, 2.5, 4.5 ] },
						"east": { "texture": "#cgm", "uv": [ 6.5, 3.0, 10.5, 4.0 ] },
						"south": { "texture": "#cgm", "uv": [ 0.5, 0.5, 1.5, 1.5 ] },
						"west": { "texture": "#cgm", "uv": [ 7.5, 9.5, 11.5, 10.5 ] },
						"up": { "texture": "#cgm", "uv": [ 12.0, 6.0, 13.0, 10.0 ] },
						"down": { "texture": "#cgm", "uv": [ 11.5, 10.0, 12.5, 14.0 ] }
					},
					"children": [
						{
							"name": "crossguard",
							"from": [ 0.2, 0.3, -2.5 ],
							"to": [ 1.0, 1.1, 6.5 ],
							"rotationOrigin": [ 0.6, 0.7, 2.0 ],
							"faces": {
								"east": { "texture": "#cgm", "uv": [ 0.5, 4.5, 9.5, 5.0 ] },
								"west": { "texture": "#cgm", "uv": [ 3.0, 11.0, 12.0, 11.5 ] },
								"up": { "texture": "#cgm", "uv": [ 2.0, 3.5, 2.5, 12.5 ] },
								"down": { "texture": "#cgm", "uv": [ 1.5, 1.0, 2.0, 10.0 ] }
							},
							"children": [
								{
									"name": "hiltcap1",
									"from": [ 0.25, -0.1, -0.9 ],
									"to": [ 1.25, 0.9, 0.1 ],
									"rotationOrigin": [ 0.8, 0.4, 0.1 ],
									"rotationY": 45.0,
									"faces": {
										"north": { "texture": "#cgm", "uv": [ 13.0, 11.5, 14.0, 12.5 ] },
										"east": { "texture": "#cgm", "uv": [ 13.0, 6.0, 14.0, 7.0 ] },
										"south": { "texture": "#cgm", "uv": [ 8.5, 3.5, 9.5, 4.5 ] },
										"west": { "texture": "#cgm", "uv": [ 1.5, 12.5, 2.5, 13.5 ] },
										"up": { "texture": "#cgm", "uv": [ 0.5, 1.5, 1.5, 2.5 ] },
										"down": { "texture": "#cgm", "uv": [ 13.5, 3.5, 14.5, 4.5 ] }
									}
								},
								{
									"name": "hiltcap2",
									"from": [ -0.45, -0.1, 8.9 ],
									"to": [ 0.55, 0.9, 9.9 ],
									"rotationOrigin": [ 0.0, 0.4, 8.9 ],
									"rotationY": 45.0,
									"faces": {
										"north": { "texture": "#cgm", "uv": [ 9.0, 9.5, 10.0, 10.5 ] },
										"east": { "texture": "#cgm", "uv": [ 8.0, 5.0, 9.0, 6.0 ] },
										"south": { "texture": "#cgm", "uv": [ 7.5, 12.5, 8.5, 13.5 ] },
										"west": { "texture": "#cgm", "uv": [ 13.0, 2.5, 14.0, 3.5 ] },
										"up": { "texture": "#cgm", "uv": [ 1.5, 4.0, 2.5, 5.0 ] },
										"down": { "texture": "#cgm", "uv": [ 3.0, 11.0, 4.0, 12.0 ] }
									}
								}
							]
						}
					]
				},
				{
					"name": "blademiddle1",
					"from": [ 9.2, -0.25, -0.25 ],
					"to": [ 25.2, 0.25, 0.25 ],
					"rotationOrigin": [ 9.2, -0.1, 0.0 ],
					"faces": {
						"up": { "texture": "#blackbronze", "uv": [ 0.0, 3.5, 16.0, 4.0 ] },
						"down": { "texture": "#blackbronze", "uv": [ 0.0, 11.0, 16.0, 11.5 ] }
					},
					"children": [
						{
							"name": "blademiddle2",
							"from": [ 16.0, 0.0, 0.0 ],
							"to": [ 32.0, 0.5, 0.5 ],
							"rotationOrigin": [ 16.0, 0.25, 0.25 ],
							"faces": {
								"north": { "texture": "#blackbronze", "uv": [ 0.0, 8.0, 16.0, 8.5 ] },
								"east": { "texture": "#blackbronze", "uv": [ 0.5, 14.0, 1.0, 14.5 ] },
								"south": { "texture": "#blackbronze", "uv": [ 0.0, 8.0, 16.0, 8.5 ] },
								"up": { "texture": "#blackbronze", "uv": [ 0.0, 2.0, 16.0, 2.5 ] },
								"down": { "texture": "#blackbronze", "uv": [ 0.0, 11.5, 16.0, 12.0 ] }
							},
							"children": [
								{
									"name": "tip",
									"from": [ 22.6, 0.15, -0.09 ],
									"to": [ 23.2, 0.35, 0.46 ],
									"rotationOrigin": [ 22.9, 0.25, 0.2 ],
									"rotationY": 45.0,
									"faces": {
										"north": { "texture": "#blackbronze", "uv": [ 1.5, 13.0, 2.0, 13.5 ] },
										"east": { "texture": "#blackbronze", "uv": [ 13.0, 9.0, 13.5, 9.5 ] },
										"south": { "texture": "#blackbronze", "uv": [ 14.5, 10.0, 15.0, 10.5 ] },
										"west": { "texture": "#blackbronze", "uv": [ 11.5, 4.0, 12.0, 4.5 ] },
										"up": { "texture": "#blackbronze", "uv": [ 10.0, 9.0, 10.5, 9.5 ] },
										"down": { "texture": "#blackbronze", "uv": [ 0.0, 0.5, 0.5, 1.0 ] }
									}
								}
							]
						},
						{
							"name": "blade1S",
							"from": [ -0.1, 0.15, 0.5 ],
							"to": [ 15.9, 0.35, 1.5 ],
							"rotationOrigin": [ 0.0, 0.25, 1.0 ],
							"rotationY": 0.5,
							"faces": {
								"east": { "texture": "#blackbronze", "uv": [ 7.0, 0.0, 8.0, 0.5 ] },
								"south": { "texture": "#blackbronze", "uv": [ 0.0, 11.0, 16.0, 11.5 ] },
								"up": { "texture": "#blackbronze", "uv": [ 0.0, 3.0, 16.0, 4.0 ] },
								"down": { "texture": "#blackbronze", "uv": [ 0.0, 6.0, 16.0, 7.0 ] }
							},
							"children": [
								{
									"name": "blade2S",
									"from": [ 16.0, 0.01, 0.2 ],
									"to": [ 32.0, 0.21, 1.0 ],
									"rotationOrigin": [ 16.0, 0.1, 1.0 ],
									"rotationY": 1.0,
									"faces": {
										"north": { "texture": "#blackbronze", "uv": [ 0.0, 4.0, 16.0, 4.5 ] },
										"east": { "texture": "#blackbronze", "uv": [ 10.0, 12.5, 10.5, 13.0 ] },
										"south": { "texture": "#blackbronze", "uv": [ 0.0, 14.5, 16.0, 15.0 ] },
										"up": { "texture": "#blackbronze", "uv": [ 0.0, 3.0, 16.0, 3.5 ] },
										"down": { "texture": "#blackbronze", "uv": [ 0.0, 13.0, 16.0, 13.5 ] }
									},
									"children": [
										{
											"name": "blade3S",
											"from": [ 16.0, -0.01, 0.1 ],
											"to": [ 23.0, 0.19, 0.8 ],
											"rotationOrigin": [ 16.0, 0.1, 0.8 ],
											"rotationY": 1.0,
											"faces": {
												"north": { "texture": "#blackbronze", "uv": [ 1.0, 13.5, 8.0, 14.0 ] },
												"east": { "texture": "#blackbronze", "uv": [ 13.5, 9.5, 14.0, 10.0 ] },
												"south": { "texture": "#blackbronze", "uv": [ 5.5, 4.5, 12.5, 5.0 ] },
												"west": { "texture": "#blackbronze", "uv": [ 11.0, 3.0, 11.5, 3.5 ] },
												"up": { "texture": "#blackbronze", "uv": [ 1.0, 5.5, 8.0, 6.0 ] },
												"down": { "texture": "#blackbronze", "uv": [ 2.0, 15.0, 9.0, 15.5 ] }
											}
										}
									]
								}
							]
						},
						{
							"name": "blade1N",
							"from": [ -0.1, 0.15, -1.0 ],
							"to": [ 15.9, 0.35, 0.0 ],
							"rotationOrigin": [ 0.0, 0.25, -0.5 ],
							"rotationY": -0.5,
							"faces": {
								"north": { "texture": "#blackbronze", "uv": [ 0.0, 4.0, 16.0, 4.5 ] },
								"east": { "texture": "#blackbronze", "uv": [ 5.0, 0.0, 6.0, 0.5 ] },
								"up": { "texture": "#blackbronze", "uv": [ 0.0, 5.0, 16.0, 6.0 ] },
								"down": { "texture": "#blackbronze", "uv": [ 0.0, 0.0, 16.0, 1.0 ] }
							},
							"children": [
								{
									"name": "blade2N",
									"from": [ 16.0, 0.01, 0.0 ],
									"to": [ 32.0, 0.21, 0.8 ],
									"rotationOrigin": [ 16.0, 0.1, 0.0 ],
									"rotationY": -1.0,
									"faces": {
										"north": { "texture": "#blackbronze", "uv": [ 0.0, 14.5, 16.0, 15.0 ] },
										"east": { "texture": "#blackbronze", "uv": [ 10.0, 7.5, 10.5, 8.0 ] },
										"south": { "texture": "#blackbronze", "uv": [ 0.0, 6.0, 16.0, 6.5 ] },
										"up": { "texture": "#blackbronze", "uv": [ 0.0, 12.5, 16.0, 13.0 ] },
										"down": { "texture": "#blackbronze", "uv": [ 0.0, 8.0, 16.0, 8.5 ] }
									},
									"children": [
										{
											"name": "blade3N",
											"from": [ 16.0, 0.01, 0.0 ],
											"to": [ 23.0, 0.21, 0.7 ],
											"rotationOrigin": [ 16.0, 0.1, 0.0 ],
											"faces": {
												"north": { "texture": "#blackbronze", "uv": [ 6.5, 13.0, 13.5, 13.5 ] },
												"east": { "texture": "#blackbronze", "uv": [ 9.0, 8.0, 9.5, 8.5 ] },
												"south": { "texture": "#blackbronze", "uv": [ 6.5, 4.5, 13.5, 5.0 ] },
												"west": { "texture": "#blackbronze", "uv": [ 6.0, 7.0, 6.5, 7.5 ] },
												"up": { "texture": "#blackbronze", "uv": [ 5.0, 12.5, 12.0, 13.0 ] },
												"down": { "texture": "#blackbronze", "uv": [ 4.0, 14.5, 11.0, 15.0 ] }
											}
										}
									]
								}
							]
						},
						{
							"name": "fuller1N",
							"from": [ 0.0, -0.1, -0.3 ],
							"to": [ 16.0, 0.4, 0.2 ],
							"rotationOrigin": [ 0.0, 0.15, -0.05 ],
							"rotationX": -45.0,
							"faces": {
								"north": { "texture": "#blackbronze", "uv": [ 0.0, 5.5, 16.0, 6.0 ] },
								"east": { "texture": "#blackbronze", "uv": [ 9.5, 13.0, 10.0, 13.5 ] },
								"south": { "texture": "#blackbronze", "uv": [ 0.0, 3.5, 16.0, 4.0 ] },
								"up": { "texture": "#blackbronze", "uv": [ 0.0, 12.0, 16.0, 12.5 ] },
								"down": { "texture": "#blackbronze", "uv": [ 0.0, 2.0, 16.0, 2.5 ] }
							},
							"children": [
								{
									"name": "fuller2N",
									"from": [ 16.0, 0.0, 0.0 ],
									"to": [ 19.0, 0.5, 0.5 ],
									"rotationOrigin": [ 16.0, 0.25, 0.25 ],
									"rotationY": -4.0,
									"rotationZ": -4.0,
									"faces": {
										"north": { "texture": "#blackbronze", "uv": [ 12.0, 1.0, 15.0, 1.5 ] },
										"east": { "texture": "#blackbronze", "uv": [ 1.0, 9.5, 1.5, 10.0 ] },
										"south": { "texture": "#blackbronze", "uv": [ 6.0, 4.0, 9.0, 4.5 ] },
										"up": { "texture": "#blackbronze", "uv": [ 0.0, 4.0, 3.0, 4.5 ] },
										"down": { "texture": "#blackbronze", "uv": [ 1.0, 11.0, 4.0, 11.5 ] }
									}
								}
							]
						},
						{
							"name": "fuller1S",
							"from": [ 0.0, -0.1, 0.4 ],
							"to": [ 16.0, 0.4, 0.9 ],
							"rotationOrigin": [ 0.0, 0.15, 0.65 ],
							"rotationX": -45.0,
							"faces": {
								"north": { "texture": "#blackbronze", "uv": [ 0.0, 14.0, 16.0, 14.5 ] },
								"east": { "texture": "#blackbronze", "uv": [ 14.5, 6.5, 15.0, 7.0 ] },
								"south": { "texture": "#blackbronze", "uv": [ 0.0, 10.0, 16.0, 10.5 ] },
								"up": { "texture": "#blackbronze", "uv": [ 0.0, 6.5, 16.0, 7.0 ] },
								"down": { "texture": "#blackbronze", "uv": [ 0.0, 10.5, 16.0, 11.0 ] }
							},
							"children": [
								{
									"name": "fuller2S",
									"from": [ 16.0, 0.0, 0.0 ],
									"to": [ 19.0, 0.5, 0.5 ],
									"rotationOrigin": [ 16.0, 0.25, 0.25 ],
									"rotationY": 4.0,
									"rotationZ": 4.0,
									"faces": {
										"north": { "texture": "#blackbronze", "uv": [ 0.0, 13.0, 3.0, 13.5 ] },
										"east": { "texture": "#blackbronze", "uv": [ 11.5, 5.0, 12.0, 5.5 ] },
										"south": { "texture": "#blackbronze", "uv": [ 11.5, 14.5, 14.5, 15.0 ] },
										"up": { "texture": "#blackbronze", "uv": [ 12.0, 13.5, 15.0, 14.0 ] },
										"down": { "texture": "#blackbronze", "uv": [ 6.5, 13.5, 9.5, 14.0 ] }
									}
								}
							]
						}
					]
				},
				{
					"name": "Ricasso",
					"from": [ 5.0, -0.5, -0.75 ],
					"to": [ 9.0, 0.5, 0.75 ],
					"rotationOrigin": [ 9.0, 0.0, 0.0 ],
					"faces": {
						"north": { "texture": "#handle", "uv": [ 1.0, 9.0, 6.0, 10.0 ], "autoUv": false, "windMode": [-1,-1,-1,-1] },
						"east": { "texture": "#handle", "uv": [ 6.0, 5.0, 7.5, 6.0 ], "windMode": [-1,-1,-1,-1] },
						"south": { "texture": "#handle", "uv": [ 0.0, 2.0, 4.0, 3.0 ], "windMode": [-1,-1,-1,-1] },
						"up": { "texture": "#handle", "uv": [ 3.5, 7.0, 7.5, 8.5 ] },
						"down": { "texture": "#handle", "uv": [ 6.0, 10.5, 10.0, 12.0 ] }
					}
				},
				{
					"name": "Central Band",
					"from": [ 9.0, -0.6, -1.45 ],
					"to": [ 10.0, 0.6, 1.45 ],
					"rotationOrigin": [ 9.5, 0.0, -0.6 ],
					"faces": {
						"north": { "texture": "#blackbronze", "uv": [ 11.5, 4.0, 12.5, 5.0 ] },
						"east": { "texture": "#blackbronze", "uv": [ 7.0, 7.5, 9.5, 8.5 ] },
						"south": { "texture": "#blackbronze", "uv": [ 7.0, 8.5, 8.0, 9.5 ] },
						"west": { "texture": "#blackbronze", "uv": [ 0.5, 4.5, 3.0, 5.5 ] },
						"up": { "texture": "#blackbronze", "uv": [ 2.0, 5.5, 3.0, 8.0 ] },
						"down": { "texture": "#blackbronze", "uv": [ 7.0, 6.5, 8.0, 9.0 ] }
					},
					"children": [
						{
							"name": "Parrying Hook",
							"from": [ 0.6, 0.5, 2.41 ],
							"to": [ 0.8, 1.1, 5.41 ],
							"rotationOrigin": [ 0.6, 0.5, 2.5 ],
							"rotationY": 45.0,
							"rotationZ": 90.0,
							"faces": {
								"north": { "texture": "#blackbronze", "uv": [ 11.5, 4.0, 12.0, 4.5 ] },
								"east": { "texture": "#blackbronze", "uv": [ 7.0, 7.5, 10.0, 8.0 ] },
								"south": { "texture": "#blackbronze", "uv": [ 7.0, 8.5, 7.5, 9.0 ] },
								"west": { "texture": "#blackbronze", "uv": [ 0.5, 4.5, 3.5, 5.0 ] },
								"up": { "texture": "#blackbronze", "uv": [ 2.0, 5.5, 2.5, 8.5 ] },
								"down": { "texture": "#blackbronze", "uv": [ 7.0, 6.5, 7.5, 9.5 ] }
							},
							"children": [
								{
									"name": "Parrying Hook 1 2",
									"from": [ 0.0, 0.3, 2.7 ],
									"to": [ 0.2, 0.7, 3.1 ],
									"rotationOrigin": [ 0.0, 0.3, 2.7 ],
									"rotationX": 45.0,
									"faces": {
										"north": { "texture": "#blackbronze", "uv": [ 11.5, 4.0, 12.0, 4.5 ] },
										"east": { "texture": "#blackbronze", "uv": [ 7.0, 7.5, 7.5, 8.0 ] },
										"south": { "texture": "#blackbronze", "uv": [ 7.0, 8.5, 7.5, 9.0 ] },
										"west": { "texture": "#blackbronze", "uv": [ 0.5, 4.5, 1.0, 5.0 ] },
										"up": { "texture": "#blackbronze", "uv": [ 2.0, 5.5, 2.5, 6.0 ] },
										"down": { "texture": "#blackbronze", "uv": [ 7.0, 6.5, 7.5, 7.0 ] }
									}
								}
							]
						},
						{
							"name": "Parrying Hook 2",
							"from": [ 2.2, 0.5, -2.05 ],
							"to": [ 2.4, 3.5, -1.45 ],
							"rotationOrigin": [ 2.2, 0.5, -2.05 ],
							"rotationY": 45.0,
							"rotationZ": 90.0,
							"faces": {
								"north": { "texture": "#blackbronze", "uv": [ 11.5, 4.0, 12.0, 7.0 ] },
								"east": { "texture": "#blackbronze", "uv": [ 7.0, 7.5, 7.5, 10.5 ] },
								"south": { "texture": "#blackbronze", "uv": [ 7.0, 8.5, 7.5, 11.5 ] },
								"west": { "texture": "#blackbronze", "uv": [ 0.5, 4.5, 1.0, 7.5 ] },
								"up": { "texture": "#blackbronze", "uv": [ 2.0, 5.5, 2.5, 6.0 ] },
								"down": { "texture": "#blackbronze", "uv": [ 7.0, 6.5, 7.5, 7.0 ] }
							},
							"children": [
								{
									"name": "Parrying Hook 3",
									"from": [ 0.0, 0.0, 0.0 ],
									"to": [ 0.2, 0.4, 0.4 ],
									"rotationOrigin": [ 0.0, 0.0, 0.0 ],
									"rotationX": 45.0,
									"faces": {
										"north": { "texture": "#blackbronze", "uv": [ 11.5, 4.0, 12.0, 4.5 ] },
										"east": { "texture": "#blackbronze", "uv": [ 7.0, 7.5, 7.5, 8.0 ] },
										"south": { "texture": "#blackbronze", "uv": [ 7.0, 8.5, 7.5, 9.0 ] },
										"west": { "texture": "#blackbronze", "uv": [ 0.5, 4.5, 1.0, 5.0 ] },
										"up": { "texture": "#blackbronze", "uv": [ 2.0, 5.5, 2.5, 6.0 ] },
										"down": { "texture": "#blackbronze", "uv": [ 7.0, 6.5, 7.5, 7.0 ] }
									}
								}
							]
						}
					]
				},
				{
					"name": "pommel1",
					"from": [ -8.0, -0.5, -0.75 ],
					"to": [ -8.0, 0.5, 0.75 ],
					"rotationOrigin": [ -4.0, 0.0, 0.0 ],
					"faces": {
						"north": { "texture": "#cgm", "uv": [ 11.0, 13.5, 11.5, 14.5 ] },
						"south": { "texture": "#cgm", "uv": [ 7.5, 0.0, 8.0, 1.0 ] },
						"west": { "texture": "#cgm", "uv": [ 8.0, 13.0, 9.5, 14.0 ] },
						"up": { "texture": "#cgm", "uv": [ 0.5, 8.0, 1.0, 9.5 ] },
						"down": { "texture": "#cgm", "uv": [ 6.5, 3.5, 7.0, 5.0 ] }
					},
					"children": [
						{
							"name": "pommel2",
							"from": [ -1.6, -0.3, -0.2 ],
							"to": [ 0.0, 1.3, 1.7 ],
							"rotationOrigin": [ -0.8, 0.5, 0.75 ],
							"faces": {
								"north": { "texture": "#cgm", "uv": [ 4.0, 1.0, 5.5, 2.5 ] },
								"east": { "texture": "#cgm", "uv": [ 3.5, 11.5, 5.0, 13.0 ] },
								"south": { "texture": "#cgm", "uv": [ 5.0, 7.0, 6.5, 8.5 ] },
								"west": { "texture": "#cgm", "uv": [ 1.0, 11.0, 2.5, 12.5 ] },
								"up": { "texture": "#cgm", "uv": [ 0.5, 1.5, 2.0, 3.0 ] },
								"down": { "texture": "#cgm", "uv": [ 2.5, 6.5, 4.0, 8.0 ] }
							}
						},
						{
							"name": "band3",
							"from": [ 5.5, -0.1, -0.1 ],
							"to": [ 6.5, 1.1, 1.6 ],
							"rotationOrigin": [ 6.0, 0.5, 0.75 ],
							"faces": {
								"north": { "texture": "#cgm", "uv": [ 11.5, 4.0, 12.5, 5.0 ] },
								"east": { "texture": "#cgm", "uv": [ 7.0, 7.5, 8.5, 8.5 ] },
								"south": { "texture": "#cgm", "uv": [ 7.0, 8.5, 8.0, 9.5 ] },
								"west": { "texture": "#cgm", "uv": [ 0.5, 4.5, 2.0, 5.5 ] },
								"up": { "texture": "#cgm", "uv": [ 2.0, 5.5, 3.0, 7.0 ] },
								"down": { "texture": "#cgm", "uv": [ 7.0, 6.5, 8.0, 8.0 ] }
							}
						},
						{
							"name": "pommel3",
							"from": [ -1.6, -0.25, -0.1 ],
							"to": [ 0.0, 1.25, 1.5 ],
							"rotationOrigin": [ -0.8, 0.5, 0.85 ],
							"rotationY": 45.0,
							"faces": {
								"north": { "texture": "#cgm", "uv": [ 4.0, 1.0, 5.5, 2.5 ] },
								"east": { "texture": "#cgm", "uv": [ 3.5, 11.5, 5.0, 13.0 ] },
								"south": { "texture": "#cgm", "uv": [ 5.0, 7.0, 6.5, 8.5 ] },
								"west": { "texture": "#cgm", "uv": [ 1.0, 11.0, 2.5, 12.5 ] },
								"up": { "texture": "#cgm", "uv": [ 0.5, 1.5, 2.0, 3.0 ] },
								"down": { "texture": "#cgm", "uv": [ 2.5, 6.5, 4.0, 8.0 ] }
							}
						},
						{
							"name": "band4",
							"from": [ -0.5, -0.1, -0.1 ],
							"to": [ 0.5, 1.1, 1.6 ],
							"rotationOrigin": [ 0.0, 0.5, 0.75 ],
							"faces": {
								"north": { "texture": "#cgm", "uv": [ 11.5, 4.0, 12.5, 5.0 ] },
								"east": { "texture": "#cgm", "uv": [ 7.0, 7.5, 8.5, 8.5 ] },
								"south": { "texture": "#cgm", "uv": [ 7.0, 8.5, 8.0, 9.5 ] },
								"west": { "texture": "#cgm", "uv": [ 0.5, 4.5, 2.0, 5.5 ] },
								"up": { "texture": "#cgm", "uv": [ 2.0, 5.5, 3.0, 7.0 ] },
								"down": { "texture": "#cgm", "uv": [ 7.0, 6.5, 8.0, 8.0 ] }
							}
						}
					]
				}
			]
		}
	]}