[
  {
    "ingredient": {
      "type": "item",
      "code": "enchantedstone"
    },
    "pattern": [
      [
        "__######__",
        "_##_##_##_",
        "##__##__##",
        "#___##___#",
        "##########",
        "##########",
        "#___##___#",
        "##__##__##",
        "_##_##_##_",
        "__######__"
      ]
    ],
    "name": "Ritual of Grace",
    "output": {
      "type": "block",
      "code": "ritualsigil-enchantedstone-spellritualofgrace-north",
      "stacksize": 1
    }
  }
]