[
  {
    "ingredient": {
      "type": "item",
      "code": "enchantedstone"
    },
    "pattern": [
      [
        "###____###",
        "##########",
        "##_#____##",
        "_#__#_#_#_",
        "_#___####_",
        "_####___#_",
        "_#_#_#__#_",
        "##____#_##",
        "##########",
        "###____###"
      ]
    ],
    "name": "Ritual of Balance",
    "output": {
      "type": "block",
      "code": "ritualsigil-enchantedstone-minorritualofbalance-north",
      "stacksize": 1
    }
  }
]
