[
  {
    "ingredient": {
      "type": "item",
      "code": "enchantedstone"
    },
    "pattern": [
      [
        "__#____#__",
        "__######__",
        "##########",
        "#_##__##_#",
        "#________#",
        "#________#",
        "#_##__##_#",
        "##########",
        "__######__",
        "__#____#__"
      ]
    ],
    "name": "Ritual of Runic Power",
    "output": {
      "type": "block",
      "code": "ritualsigil-enchantedstone-ritualofrunicpower-north",
      "stacksize": 1
    }
  }
]
