[
  {
    "ingredient": {
      "type": "item",
      "code": "enchantedstone"
    },
    "pattern": [
      [
        "####__####",
        "#__####__#",
        "__##__##__",
        "_##____##_",
        "_#______#_",
        "_#______#_",
        "_##____##_",
        "__##__##__",
        "#__####__#",
        "####__####"
      ]
    ],
    "name": "Ritual of the Rust",
    "output": {
      "type": "block",
      "code": "ritualsigil-enchantedstone-ritualoftherust-north",
      "stacksize": 1
    }
  }
]