{
	"editor": {
		"allAngles": true,
		"entityTextureMode": true
	},
	"textureWidth": 44,
	"textureHeight": 40,
	"textureSizes": {
		"skin": [44,40]
	},
	"textures": {
	},
	"elements": [
		{
			"name": "Hip point",
			"from": [ 11.3, 7.0915, 8.0 ],
			"to": [ 11.3, 7.0915, 8.0 ],
			"uv": [ 1.0, 1.0 ],
			"rotationOrigin": [ 11.3, 6.0, 8.0 ],
			"rotationZ": 10.0,
			"faces": {
			},
			"children": [
				{
					"name": "Hip",
					"from": [ -1.9, -4.8, -2.3 ],
					"to": [ 1.9, -0.7, 2.3 ],
					"unwrapMode": 7,
					"unwrapRotation": 1,
					"uv": [ 1.0, 16.5 ],
					"rotationOrigin": [ 1.3, -1.3, 0.0 ],
					"rotationZ": -32.0,
					"faces": {
						"north": { "texture": "#skin", "uv": [ 9.5, 16.5, 13.5, 20.0 ], "rotation": 90 },
						"east": { "texture": "#skin", "uv": [ 5.0, 20.0, 9.5, 24.0 ], "windMode": [-1,-1,-1,-1] },
						"south": { "texture": "#skin", "uv": [ 1.0, 16.5, 5.0, 20.0 ], "rotation": 270 },
						"up": { "texture": "#skin", "uv": [ 5.0, 16.5, 9.5, 20.0 ], "rotation": 270 },
						"down": { "texture": "#skin", "uv": [ 13.5, 16.5, 18.0, 20.0 ], "rotation": 90 }
					},
					"children": [
						{
							"name": "Body",
							"from": [ -3.2, -0.1, -0.05 ],
							"to": [ 0.0, 4.1, 4.65 ],
							"unwrapMode": 7,
							"unwrapRotation": 1,
							"autoUnwrap": false,
							"uv": [ 1.0, 9.5 ],
							"rotationOrigin": [ 0.0, 4.1, 2.3 ],
							"rotationZ": 22.0,
							"faces": {
								"north": { "texture": "#skin", "uv": [ 9.5, 13.0, 13.5, 16.0 ], "rotation": 90 },
								"east": { "texture": "#skin", "uv": [ 10.5, 21.0, 15.0, 25.0 ] },
								"south": { "texture": "#skin", "uv": [ 1.0, 13.0, 5.0, 16.0 ], "rotation": 270 },
								"west": { "texture": "#skin", "uv": [ 15.5, 21.0, 20.0, 25.0 ] },
								"up": { "texture": "#skin", "uv": [ 5.0, 13.0, 9.5, 16.0 ], "rotation": 270 },
								"down": { "texture": "#skin", "uv": [ 13.5, 13.0, 18.0, 16.0 ], "rotation": 90 }
							},
							"children": [
								{
									"name": "Body2",
									"from": [ -3.6, 0.0, 0.1 ],
									"to": [ 0.2, 4.2, 4.6 ],
									"unwrapMode": 7,
									"unwrapRotation": 1,
									"autoUnwrap": false,
									"uv": [ 1.5, 4.5 ],
									"rotationOrigin": [ 0.0, 4.2, 2.35 ],
									"rotationZ": 17.0,
									"faces": {
										"north": { "texture": "#skin", "uv": [ 9.5, 9.0, 13.5, 12.5 ], "rotation": 90 },
										"east": { "texture": "#skin", "uv": [ 10.5, 26.0, 15.0, 30.0 ], "windMode": [-1,-1,-1,-1] },
										"south": { "texture": "#skin", "uv": [ 1.0, 9.0, 5.0, 12.5 ], "rotation": 270 },
										"west": { "texture": "#skin", "uv": [ 15.5, 26.0, 20.0, 30.0 ] },
										"up": { "texture": "#skin", "uv": [ 5.0, 9.0, 9.5, 12.5 ], "rotation": 270 },
										"down": { "texture": "#skin", "uv": [ 13.5, 9.0, 18.0, 12.5 ], "rotation": 90 }
									},
									"children": [
										{
											"name": "Neck1",
											"from": [ 0.2, 0.8, 0.85 ],
											"to": [ 2.2, 3.8, 3.65 ],
											"unwrapMode": 7,
											"unwrapRotation": 1,
											"autoUnwrap": false,
											"uv": [ 3.5, 3.0 ],
											"rotationOrigin": [ 1.7, 3.3, 2.25 ],
											"rotationZ": -5.0,
											"faces": {
												"north": { "texture": "#skin", "uv": [ 8.5, 6.5, 11.5, 8.5 ], "rotation": 90 },
												"south": { "texture": "#skin", "uv": [ 3.0, 6.5, 6.0, 8.5 ], "rotation": 270 },
												"west": { "texture": "#skin", "uv": [ 15.0, 5.0, 17.5, 8.0 ] },
												"up": { "texture": "#skin", "uv": [ 6.0, 6.5, 8.5, 8.5 ], "rotation": 270 },
												"down": { "texture": "#skin", "uv": [ 11.5, 6.5, 14.0, 8.5 ], "rotation": 90 }
											},
											"children": [
												{
													"name": "Neck2",
													"from": [ -1.4, 0.3, 0.15 ],
													"to": [ 1.1, 3.1, 2.65 ],
													"unwrapMode": 7,
													"unwrapRotation": 1,
													"autoUnwrap": false,
													"uv": [ 4.0, 1.0 ],
													"rotationOrigin": [ 0.9, 2.8, 1.4 ],
													"rotationZ": -3.0,
													"faces": {
														"north": { "texture": "#skin", "uv": [ 8.5, 3.5, 11.0, 6.0 ], "rotation": 90 },
														"east": { "texture": "#skin", "uv": [ 14.5, 2.0, 17.0, 4.5 ] },
														"south": { "texture": "#skin", "uv": [ 3.5, 3.5, 6.0, 6.0 ], "rotation": 270 },
														"west": { "texture": "#skin", "uv": [ 6.0, 1.0, 8.5, 3.5 ], "rotation": 180 },
														"up": { "texture": "#skin", "uv": [ 6.0, 3.5, 8.5, 6.0 ], "rotation": 270 },
														"down": { "texture": "#skin", "uv": [ 11.0, 3.5, 13.5, 6.0 ], "rotation": 90 }
													},
													"children": [
														{
															"name": "Head",
															"from": [ -1.9, 0.9, -0.1 ],
															"to": [ 0.1, 2.9, 2.6 ],
															"unwrapMode": 4,
															"uv": [ 1.0, 25.0 ],
															"rotationOrigin": [ 0.0, 2.7, 1.3 ],
															"rotationZ": 28.0,
															"faces": {
																"north": { "texture": "#skin", "uv": [ 1.0, 27.0, 3.0, 29.0 ] },
																"east": { "texture": "#skin", "uv": [ 7.5, 27.0, 10.0, 29.0 ], "windMode": [-1,-1,-1,-1] },
																"south": { "texture": "#skin", "uv": [ 5.5, 27.0, 7.5, 29.0 ] },
																"west": { "texture": "#skin", "uv": [ 3.0, 27.0, 5.5, 29.0 ], "windMode": [-1,-1,-1,-1] },
																"up": { "texture": "#skin", "uv": [ 3.0, 25.0, 5.5, 27.0 ], "rotation": 90, "windMode": [-1,-1,-1,-1] },
																"down": { "texture": "#skin", "uv": [ 3.0, 29.0, 5.5, 31.0 ], "rotation": 90 }
															},
															"children": [
																{
																	"name": "Face",
																	"from": [ -1.9, 1.0, 0.6 ],
																	"to": [ 0.1, 2.0, 2.1 ],
																	"unwrapMode": 5,
																	"unwrapRotation": 1,
																	"uv": [ 11.5, 31.0 ],
																	"rotationOrigin": [ 0.1, 2.0, 1.3 ],
																	"rotationZ": 12.0,
																	"faces": {
																		"north": { "texture": "#skin", "uv": [ 11.5, 31.0, 12.5, 33.0 ], "rotation": 270 },
																		"south": { "texture": "#skin", "uv": [ 14.0, 31.0, 15.0, 33.0 ], "rotation": 90 },
																		"west": { "texture": "#skin", "uv": [ 12.5, 33.0, 14.0, 34.0 ], "windMode": [-1,-1,-1,-1] },
																		"up": { "texture": "#skin", "uv": [ 12.5, 31.0, 14.0, 33.0 ], "rotation": 90 }
																	},
																	"children": [
																		{
																			"name": "Uppermouth",
																			"from": [ 0.0, 0.0, -0.1 ],
																			"to": [ 2.0, 0.65, 1.6 ],
																			"unwrapMode": 5,
																			"unwrapRotation": 1,
																			"uv": [ 15.5, 31.0 ],
																			"rotationOrigin": [ 0.0, 0.6, -0.1 ],
																			"rotationZ": -20.0,
																			"faces": {
																				"north": { "texture": "#skin", "uv": [ 15.5, 31.0, 16.0, 33.0 ], "rotation": 270 },
																				"south": { "texture": "#skin", "uv": [ 17.5, 31.0, 18.0, 33.0 ], "rotation": 90 },
																				"west": { "texture": "#skin", "uv": [ 16.0, 33.0, 17.5, 33.5 ], "windMode": [-1,-1,-1,-1] },
																				"up": { "texture": "#skin", "uv": [ 16.0, 31.0, 17.5, 33.0 ], "rotation": 90 },
																				"down": { "texture": "#skin", "uv": [ 18.0, 31.0, 19.5, 33.0 ], "rotation": 270 }
																			},
																			"children": [
																				{
																					"name": "Upper teeth",
																					"from": [ 0.1, -0.3, 0.2 ],
																					"to": [ 0.3, 0.1, 0.4 ],
																					"unwrapMode": 7,
																					"unwrapRotation": 1,
																					"uv": [ 6.0, 25.0 ],
																					"rotationOrigin": [ 0.1, 0.1, 0.4 ],
																					"rotationX": -2.0,
																					"rotationZ": 7.0,
																					"faces": {
																						"north": { "texture": "#skin", "uv": [ 6.5, 25.5, 7.0, 26.0 ], "rotation": 90 },
																						"east": { "texture": "#skin", "uv": [ 6.5, 26.0, 7.0, 26.5 ] },
																						"south": { "texture": "#skin", "uv": [ 6.0, 25.5, 6.5, 26.0 ], "rotation": 270 },
																						"west": { "texture": "#skin", "uv": [ 6.5, 25.0, 7.0, 25.5 ], "rotation": 180 },
																						"down": { "texture": "#skin", "uv": [ 7.0, 25.5, 7.5, 26.0 ], "rotation": 90 }
																					}
																				},
																				{
																					"name": "Upper teeth2",
																					"from": [ 0.1, -0.3, 1.3 ],
																					"to": [ 0.3, 0.1, 1.5 ],
																					"unwrapMode": 7,
																					"unwrapRotation": 1,
																					"uv": [ 6.0, 25.0 ],
																					"rotationOrigin": [ 0.1, 0.1, 1.3 ],
																					"rotationX": 2.0,
																					"rotationZ": 7.0,
																					"faces": {
																						"north": { "texture": "#skin", "uv": [ 6.5, 25.5, 7.0, 26.0 ], "rotation": 90 },
																						"east": { "texture": "#skin", "uv": [ 6.5, 26.0, 7.0, 26.5 ] },
																						"south": { "texture": "#skin", "uv": [ 6.0, 25.5, 6.5, 26.0 ], "rotation": 270 },
																						"west": { "texture": "#skin", "uv": [ 6.5, 25.0, 7.0, 25.5 ], "rotation": 180 },
																						"down": { "texture": "#skin", "uv": [ 7.0, 25.5, 7.5, 26.0 ], "rotation": 90 }
																					}
																				}
																			]
																		},
																		{
																			"name": "Snout",
																			"from": [ -0.1, 0.45, 0.25 ],
																			"to": [ 0.4, 1.05, 1.25 ],
																			"unwrapMode": 5,
																			"unwrapRotation": 1,
																			"uv": [ 20.0, 31.0 ],
																			"rotationOrigin": [ -0.1, 0.3, 0.25 ],
																			"rotationZ": -6.0,
																			"faces": {
																				"north": { "texture": "#skin", "uv": [ 20.0, 31.0, 20.5, 31.5 ], "rotation": 270 },
																				"south": { "texture": "#skin", "uv": [ 21.5, 31.0, 22.0, 31.5 ], "rotation": 90 },
																				"west": { "texture": "#skin", "uv": [ 20.5, 31.5, 21.5, 32.0 ] },
																				"up": { "texture": "#skin", "uv": [ 20.5, 31.0, 21.5, 31.5 ], "rotation": 90 }
																			}
																		},
																		{
																			"name": "REye",
																			"from": [ 1.55, 0.15, -0.4 ],
																			"to": [ 1.85, 0.45, 0.0 ],
																			"unwrapMode": 2,
																			"uv": [ 20.5, 19.5 ],
																			"rotationOrigin": [ 1.6, 0.15, 0.0 ],
																			"rotationY": -15.0,
																			"rotationZ": -20.0,
																			"faces": {
																				"north": { "texture": "#skin", "uv": [ 20.5, 20.0, 21.0, 20.5 ] },
																				"west": { "texture": "#skin", "uv": [ 21.0, 20.0, 21.5, 20.5 ] },
																				"up": { "texture": "#skin", "uv": [ 20.5, 19.5, 21.0, 20.0 ], "rotation": 270 },
																				"down": { "texture": "#skin", "uv": [ 20.5, 20.5, 21.0, 21.0 ], "rotation": 270, "windMode": [-1,-1,-1,-1] }
																			},
																			"children": [
																				{
																					"name": "RPupil",
																					"from": [ -0.01, 0.1, 0.15 ],
																					"to": [ 0.09, 0.2, 0.25 ],
																					"unwrapMode": 4,
																					"uv": [ 18.5, 19.0 ],
																					"rotationOrigin": [ -0.01, 0.1, 0.15 ],
																					"faces": {
																						"north": { "texture": "#skin", "uv": [ 18.5, 19.5, 19.0, 20.0 ] },
																						"south": { "texture": "#skin", "uv": [ 19.5, 19.5, 20.0, 20.0 ] },
																						"west": { "texture": "#skin", "uv": [ 19.0, 19.5, 19.5, 20.0 ] },
																						"up": { "texture": "#skin", "uv": [ 19.0, 19.0, 19.5, 19.5 ], "rotation": 90 },
																						"down": { "texture": "#skin", "uv": [ 19.0, 20.0, 19.5, 20.5 ], "rotation": 90 }
																					}
																				}
																			]
																		},
																		{
																			"name": "LEye",
																			"from": [ 1.55, 0.15, 1.5 ],
																			"to": [ 1.85, 0.45, 1.9 ],
																			"unwrapMode": 2,
																			"uv": [ 20.5, 21.5 ],
																			"rotationOrigin": [ 1.6, 0.15, 1.5 ],
																			"rotationY": 15.0,
																			"rotationZ": -20.0,
																			"faces": {
																				"south": { "texture": "#skin", "uv": [ 20.5, 22.0, 21.0, 22.5 ] },
																				"west": { "texture": "#skin", "uv": [ 21.0, 22.0, 21.5, 22.5 ] },
																				"up": { "texture": "#skin", "uv": [ 21.0, 21.5, 21.5, 22.0 ], "rotation": 270 },
																				"down": { "texture": "#skin", "uv": [ 21.0, 22.5, 21.5, 23.0 ], "rotation": 270, "windMode": [-1,-1,-1,-1] }
																			},
																			"children": [
																				{
																					"name": "LPupil",
																					"from": [ -0.01, 0.1, 0.15 ],
																					"to": [ 0.09, 0.2, 0.25 ],
																					"unwrapMode": 4,
																					"uv": [ 18.5, 19.0 ],
																					"rotationOrigin": [ -0.01, 0.1, 0.15 ],
																					"faces": {
																						"north": { "texture": "#skin", "uv": [ 18.5, 19.5, 19.0, 20.0 ] },
																						"south": { "texture": "#skin", "uv": [ 19.5, 19.5, 20.0, 20.0 ] },
																						"west": { "texture": "#skin", "uv": [ 19.0, 19.5, 19.5, 20.0 ] },
																						"up": { "texture": "#skin", "uv": [ 19.0, 19.0, 19.5, 19.5 ], "rotation": 90 },
																						"down": { "texture": "#skin", "uv": [ 19.0, 20.0, 19.5, 20.5 ], "rotation": 90 }
																					}
																				}
																			]
																		}
																	]
																},
																{
																	"name": "Jaw",
																	"from": [ 0.0, -1.1, 0.05 ],
																	"to": [ 2.0, 0.9, 2.65 ],
																	"unwrapMode": 6,
																	"unwrapRotation": 1,
																	"uv": [ 4.0, 29.5 ],
																	"rotationOrigin": [ 1.8, -0.1, 1.3 ],
																	"rotationZ": -25.0,
																	"faces": {
																		"north": { "texture": "#skin", "uv": [ 4.0, 31.5, 6.0, 33.5 ], "rotation": 90 },
																		"east": { "texture": "#skin", "uv": [ 6.0, 33.5, 8.5, 35.5 ], "rotation": 180, "windMode": [-1,-1,-1,-1] },
																		"south": { "texture": "#skin", "uv": [ 8.5, 31.5, 10.5, 33.5 ], "rotation": 270 },
																		"west": { "texture": "#skin", "uv": [ 6.0, 29.5, 8.5, 31.5 ], "windMode": [-1,-1,-1,-1] },
																		"down": { "texture": "#skin", "uv": [ 6.0, 31.5, 8.5, 33.5 ], "rotation": 90 }
																	},
																	"children": [
																		{
																			"name": "Lowermouth",
																			"from": [ -1.7, 0.1, 0.55 ],
																			"to": [ 0.3, 0.7, 2.05 ],
																			"unwrapMode": 5,
																			"unwrapRotation": 1,
																			"uv": [ 15.5, 34.0 ],
																			"rotationOrigin": [ 0.3, 0.4, 1.3 ],
																			"rotationZ": 8.0,
																			"faces": {
																				"north": { "texture": "#skin", "uv": [ 15.5, 34.0, 16.0, 36.0 ], "rotation": 270 },
																				"south": { "texture": "#skin", "uv": [ 17.5, 34.0, 18.0, 36.0 ], "rotation": 90 },
																				"west": { "texture": "#skin", "uv": [ 16.0, 36.0, 17.5, 36.5 ] },
																				"up": { "texture": "#skin", "uv": [ 16.0, 34.0, 17.5, 36.0 ], "rotation": 90 },
																				"down": { "texture": "#skin", "uv": [ 18.0, 34.0, 19.5, 36.0 ], "rotation": 270 }
																			},
																			"children": [
																				{
																					"name": "Lower teeth",
																					"from": [ 0.1, 0.4, 0.4 ],
																					"to": [ 0.3, 0.9, 0.6 ],
																					"unwrapMode": 2,
																					"uv": [ 8.0, 25.0 ],
																					"rotationOrigin": [ 0.1, 0.4, 0.5 ],
																					"rotationX": -5.0,
																					"rotationZ": 10.0,
																					"faces": {
																						"north": { "texture": "#skin", "uv": [ 9.0, 25.5, 9.5, 26.0 ] },
																						"east": { "texture": "#skin", "uv": [ 8.5, 25.5, 9.0, 26.0 ] },
																						"south": { "texture": "#skin", "uv": [ 8.0, 25.5, 8.5, 26.0 ] },
																						"west": { "texture": "#skin", "uv": [ 9.5, 25.5, 10.0, 26.0 ] },
																						"up": { "texture": "#skin", "uv": [ 8.5, 25.0, 9.0, 25.5 ], "rotation": 270 }
																					}
																				},
																				{
																					"name": "Lower teeth2",
																					"from": [ 0.1, 0.4, 0.9 ],
																					"to": [ 0.3, 0.9, 1.1 ],
																					"unwrapMode": 2,
																					"uv": [ 8.0, 25.0 ],
																					"rotationOrigin": [ 0.1, 0.4, 0.9 ],
																					"rotationX": 5.0,
																					"rotationZ": 10.0,
																					"faces": {
																						"north": { "texture": "#skin", "uv": [ 9.0, 25.5, 9.5, 26.0 ] },
																						"east": { "texture": "#skin", "uv": [ 8.5, 25.5, 9.0, 26.0 ] },
																						"south": { "texture": "#skin", "uv": [ 8.0, 25.5, 8.5, 26.0 ] },
																						"west": { "texture": "#skin", "uv": [ 9.5, 25.5, 10.0, 26.0 ] },
																						"up": { "texture": "#skin", "uv": [ 8.5, 25.0, 9.0, 25.5 ], "rotation": 270 }
																					}
																				}
																			]
																		}
																	]
																},
																{
																	"name": "R Earbase",
																	"from": [ 1.5, 1.8, 0.5 ],
																	"to": [ 3.0, 2.4, 0.8 ],
																	"unwrapMode": 3,
																	"uv": [ 1.0, 35.0 ],
																	"rotationOrigin": [ 1.5, 1.8, 0.8 ],
																	"rotationY": 52.5,
																	"rotationZ": -62.0,
																	"faces": {
																		"north": { "texture": "#skin", "uv": [ 3.5, 35.5, 5.0, 36.0 ] },
																		"east": { "texture": "#skin", "uv": [ 3.0, 35.5, 3.5, 36.0 ] },
																		"south": { "texture": "#skin", "uv": [ 1.5, 35.5, 3.0, 36.0 ] },
																		"west": { "texture": "#skin", "uv": [ 1.0, 35.5, 1.5, 36.0 ] },
																		"up": { "texture": "#skin", "uv": [ 1.5, 35.0, 3.0, 35.5 ] }
																	},
																	"children": [
																		{
																			"name": "R Eartip",
																			"from": [ 0.0, 0.6, 0.0 ],
																			"to": [ 0.5, 1.6, 0.3 ],
																			"unwrapMode": 3,
																			"uv": [ 1.0, 33.0 ],
																			"rotationOrigin": [ 0.0, 0.6, 0.0 ],
																			"rotationZ": -25.0,
																			"faces": {
																				"north": { "texture": "#skin", "uv": [ 2.5, 33.5, 3.0, 34.5 ] },
																				"east": { "texture": "#skin", "uv": [ 2.0, 33.5, 2.5, 34.5 ], "windMode": [-1,-1,-1,-1] },
																				"south": { "texture": "#skin", "uv": [ 1.5, 33.5, 2.0, 34.5 ] },
																				"west": { "texture": "#skin", "uv": [ 1.0, 33.5, 1.5, 34.5 ], "windMode": [-1,-1,-1,-1] },
																				"up": { "texture": "#skin", "uv": [ 1.5, 33.0, 2.0, 33.5 ], "windMode": [-1,-1,-1,-1] }
																			}
																		},
																		{
																			"name": "R Eartip2",
																			"from": [ 0.9, 0.6, 0.19 ],
																			"to": [ 1.5, 1.6, 0.29 ],
																			"unwrapMode": 3,
																			"uv": [ 1.0, 31.5 ],
																			"rotationOrigin": [ 1.5, 0.6, 0.19 ],
																			"rotationZ": 45.0,
																			"faces": {
																				"north": { "texture": "#skin", "uv": [ 2.5, 32.0, 3.0, 33.0 ] },
																				"east": { "texture": "#skin", "uv": [ 2.0, 32.0, 2.5, 33.0 ], "windMode": [-1,-1,-1,-1] },
																				"south": { "texture": "#skin", "uv": [ 1.5, 32.0, 2.0, 33.0 ] },
																				"west": { "texture": "#skin", "uv": [ 1.0, 32.0, 1.5, 33.0 ], "windMode": [-1,-1,-1,-1] },
																				"up": { "texture": "#skin", "uv": [ 1.5, 31.5, 2.0, 32.0 ] }
																			}
																		}
																	]
																},
																{
																	"name": "L Earbase",
																	"from": [ 1.5, 1.8, 1.9 ],
																	"to": [ 3.0, 2.4, 2.2 ],
																	"unwrapMode": 1,
																	"uv": [ 1.0, 23.5 ],
																	"rotationOrigin": [ 1.5, 1.8, 1.9 ],
																	"rotationY": -52.5,
																	"rotationZ": -63.0,
																	"faces": {
																		"north": { "texture": "#skin", "uv": [ 1.5, 24.0, 3.0, 24.5 ] },
																		"east": { "texture": "#skin", "uv": [ 1.0, 24.0, 1.5, 24.5 ] },
																		"south": { "texture": "#skin", "uv": [ 3.5, 24.0, 5.0, 24.5 ] },
																		"west": { "texture": "#skin", "uv": [ 3.0, 24.0, 3.5, 24.5 ] },
																		"up": { "texture": "#skin", "uv": [ 1.5, 23.5, 3.0, 24.0 ], "rotation": 180 }
																	},
																	"children": [
																		{
																			"name": "L Eartip",
																			"from": [ 0.0, 0.6, 0.0 ],
																			"to": [ 0.5, 1.6, 0.3 ],
																			"unwrapMode": 1,
																			"uv": [ 1.0, 21.5 ],
																			"rotationOrigin": [ 0.0, 0.6, 0.0 ],
																			"rotationZ": -25.0,
																			"faces": {
																				"north": { "texture": "#skin", "uv": [ 1.5, 22.0, 2.0, 23.0 ] },
																				"east": { "texture": "#skin", "uv": [ 1.0, 22.0, 1.5, 23.0 ], "windMode": [-1,-1,-1,-1] },
																				"south": { "texture": "#skin", "uv": [ 2.5, 22.0, 3.0, 23.0 ] },
																				"west": { "texture": "#skin", "uv": [ 2.0, 22.0, 2.5, 23.0 ], "windMode": [-1,-1,-1,-1] },
																				"up": { "texture": "#skin", "uv": [ 1.5, 21.5, 2.0, 22.0 ], "rotation": 180 }
																			}
																		},
																		{
																			"name": "L Eartip2",
																			"from": [ 0.9, 0.6, 0.01 ],
																			"to": [ 1.5, 1.6, 0.11 ],
																			"unwrapMode": 1,
																			"uv": [ 2.5, 20.5 ],
																			"rotationOrigin": [ 1.5, 0.6, 0.1 ],
																			"rotationZ": 45.0,
																			"faces": {
																				"north": { "texture": "#skin", "uv": [ 3.0, 21.0, 3.5, 22.0 ] },
																				"east": { "texture": "#skin", "uv": [ 2.5, 21.0, 3.0, 22.0 ], "windMode": [-1,-1,-1,-1] },
																				"south": { "texture": "#skin", "uv": [ 4.0, 21.0, 4.5, 22.0 ] },
																				"west": { "texture": "#skin", "uv": [ 3.5, 21.0, 4.0, 22.0 ], "windMode": [-1,-1,-1,-1] },
																				"up": { "texture": "#skin", "uv": [ 3.0, 20.5, 3.5, 21.0 ], "rotation": 180 }
																			}
																		}
																	]
																}
															]
														}
													],
													"attachmentpoints": [
														{
															"code": "rope",
															"posX": "1.0","posY": "0.0","posZ": "1.0",
															"rotationX": "0.0","rotationY": "0.0","rotationZ": "0.0"
														}
													]
												}
											]
										},
										{
											"name": "R Shoulder",
											"from": [ -0.6, 2.5, 0.0 ],
											"to": [ 1.9, 3.8, 1.4 ],
											"unwrapMode": 3,
											"unwrapRotation": 1,
											"uv": [ 32.0, 18.5 ],
											"rotationOrigin": [ 1.8, 3.4, 0.6 ],
											"rotationY": -10.0,
											"rotationZ": 36.0,
											"faces": {
												"north": { "texture": "#skin", "uv": [ 34.0, 19.5, 35.0, 22.0 ], "rotation": 270 },
												"east": { "texture": "#skin", "uv": [ 33.0, 18.5, 34.0, 19.5 ], "rotation": 90 },
												"west": { "texture": "#skin", "uv": [ 33.0, 22.0, 34.0, 23.0 ], "rotation": 90 },
												"up": { "texture": "#skin", "uv": [ 32.0, 19.5, 33.0, 22.0 ], "rotation": 90, "windMode": [-1,-1,-1,-1] },
												"down": { "texture": "#skin", "uv": [ 33.0, 19.5, 34.0, 22.0 ], "rotation": 270 }
											},
											"children": [
												{
													"name": "R Arm",
													"from": [ 0.0, -1.5, -0.1 ],
													"to": [ 2.0, 1.0, 1.4 ],
													"unwrapMode": 1,
													"uv": [ 29.0, 23.5 ],
													"rotationOrigin": [ 0.0, 1.0, 0.7 ],
													"rotationX": 10.0,
													"rotationY": 10.0,
													"rotationZ": -70.75,
													"faces": {
														"north": { "texture": "#skin", "uv": [ 30.5, 25.0, 32.5, 27.5 ] },
														"east": { "texture": "#skin", "uv": [ 29.0, 25.0, 30.5, 27.5 ] },
														"south": { "texture": "#skin", "uv": [ 34.0, 25.0, 36.0, 27.5 ] },
														"west": { "texture": "#skin", "uv": [ 32.5, 25.0, 34.0, 27.5 ] },
														"up": { "texture": "#skin", "uv": [ 30.5, 23.5, 32.5, 25.0 ], "rotation": 180 },
														"down": { "texture": "#skin", "uv": [ 30.5, 27.5, 32.5, 29.0 ] }
													},
													"children": [
														{
															"name": "R Lowerarm",
															"from": [ 0.4, -1.9, 0.1 ],
															"to": [ 1.7, 0.3, 1.4 ],
															"unwrapMode": 1,
															"uv": [ 32.0, 28.5 ],
															"rotationOrigin": [ 1.7, 0.0, 0.8 ],
															"rotationZ": -36.0,
															"faces": {
																"north": { "texture": "#skin", "uv": [ 33.0, 29.5, 34.0, 31.5 ] },
																"east": { "texture": "#skin", "uv": [ 32.0, 29.5, 33.0, 31.5 ] },
																"south": { "texture": "#skin", "uv": [ 35.0, 29.5, 36.0, 31.5 ] },
																"west": { "texture": "#skin", "uv": [ 34.0, 29.5, 35.0, 31.5 ] },
																"up": { "texture": "#skin", "uv": [ 33.0, 28.5, 34.0, 29.5 ], "rotation": 180 },
																"down": { "texture": "#skin", "uv": [ 33.0, 31.5, 34.0, 32.5 ] }
															},
															"children": [
																{
																	"name": "R Wrist",
																	"from": [ -0.1, -1.0, 0.15 ],
																	"to": [ 1.2, 1.0, 1.15 ],
																	"unwrapMode": 1,
																	"uv": [ 28.5, 33.0 ],
																	"rotationOrigin": [ 0.4, 0.4, 0.7 ],
																	"rotationY": -4.0,
																	"rotationZ": -5.0,
																	"faces": {
																		"north": { "texture": "#skin", "uv": [ 29.5, 33.0, 30.5, 35.0 ] },
																		"east": { "texture": "#skin", "uv": [ 28.5, 33.0, 29.5, 35.0 ] },
																		"south": { "texture": "#skin", "uv": [ 31.5, 33.0, 32.5, 35.0 ] },
																		"west": { "texture": "#skin", "uv": [ 30.5, 33.0, 31.5, 35.0 ] }
																	},
																	"children": [
																		{
																			"name": "R Hand",
																			"from": [ 0.5, -1.1, -0.1 ],
																			"to": [ 1.2, 0.9, 1.1 ],
																			"unwrapMode": 4,
																			"unwrapRotation": 1,
																			"uv": [ 32.5, 35.0 ],
																			"rotationOrigin": [ 0.6, 0.3, 0.5 ],
																			"rotationX": 2.0,
																			"rotationY": -1.0,
																			"rotationZ": -17.0,
																			"faces": {
																				"north": { "texture": "#skin", "uv": [ 33.0, 36.5, 35.0, 37.0 ], "rotation": 90 },
																				"east": { "texture": "#skin", "uv": [ 35.5, 35.5, 37.5, 36.5 ], "rotation": 270 },
																				"south": { "texture": "#skin", "uv": [ 33.0, 35.0, 35.0, 35.5 ], "rotation": 90 },
																				"west": { "texture": "#skin", "uv": [ 33.0, 35.5, 35.0, 36.5 ], "rotation": 90 },
																				"up": { "texture": "#skin", "uv": [ 32.5, 35.5, 33.0, 36.5 ], "rotation": 180 },
																				"down": { "texture": "#skin", "uv": [ 35.0, 35.5, 35.5, 36.5 ], "rotation": 180 }
																			}
																		}
																	]
																}
															]
														}
													]
												}
											]
										},
										{
											"name": "L Shoulder",
											"from": [ -0.6, 2.5, 3.1 ],
											"to": [ 1.9, 3.8, 4.5 ],
											"unwrapMode": 3,
											"unwrapRotation": 1,
											"uv": [ 22.0, 18.5 ],
											"rotationOrigin": [ 1.8, 3.4, 3.9 ],
											"rotationY": 10.0,
											"rotationZ": 44.0,
											"faces": {
												"east": { "texture": "#skin", "uv": [ 23.0, 18.5, 24.0, 19.5 ], "rotation": 90 },
												"south": { "texture": "#skin", "uv": [ 23.0, 19.5, 24.0, 22.0 ], "rotation": 90 },
												"west": { "texture": "#skin", "uv": [ 23.0, 22.0, 24.0, 23.0 ], "rotation": 90 },
												"up": { "texture": "#skin", "uv": [ 22.0, 19.5, 23.0, 22.0 ], "rotation": 90, "windMode": [-1,-1,-1,-1] },
												"down": { "texture": "#skin", "uv": [ 24.0, 19.5, 25.0, 22.0 ], "rotation": 270 }
											},
											"children": [
												{
													"name": "L Arm",
													"from": [ 0.0, -1.5, -0.1 ],
													"to": [ 2.0, 1.0, 1.4 ],
													"unwrapMode": 3,
													"uv": [ 21.0, 23.5 ],
													"rotationOrigin": [ 0.0, 1.0, 0.7 ],
													"rotationX": -10.0,
													"rotationY": -10.0,
													"rotationZ": -19.0,
													"faces": {
														"north": { "texture": "#skin", "uv": [ 26.0, 25.0, 28.0, 27.5 ] },
														"east": { "texture": "#skin", "uv": [ 24.5, 25.0, 26.0, 27.5 ] },
														"south": { "texture": "#skin", "uv": [ 22.5, 25.0, 24.5, 27.5 ] },
														"west": { "texture": "#skin", "uv": [ 21.0, 25.0, 22.5, 27.5 ] },
														"up": { "texture": "#skin", "uv": [ 22.5, 23.5, 24.5, 25.0 ] },
														"down": { "texture": "#skin", "uv": [ 22.5, 27.5, 24.5, 29.0 ], "rotation": 180 }
													},
													"children": [
														{
															"name": "L Lowerarm",
															"from": [ 0.4, -1.9, 0.1 ],
															"to": [ 1.7, 0.3, 1.4 ],
															"unwrapMode": 3,
															"uv": [ 24.0, 28.5 ],
															"rotationOrigin": [ 1.7, 0.0, 0.7 ],
															"rotationZ": -34.0,
															"faces": {
																"north": { "texture": "#skin", "uv": [ 27.0, 29.5, 28.0, 31.5 ] },
																"east": { "texture": "#skin", "uv": [ 26.0, 29.5, 27.0, 31.5 ] },
																"south": { "texture": "#skin", "uv": [ 25.0, 29.5, 26.0, 31.5 ] },
																"west": { "texture": "#skin", "uv": [ 24.0, 29.5, 25.0, 31.5 ] },
																"up": { "texture": "#skin", "uv": [ 25.0, 28.5, 26.0, 29.5 ] },
																"down": { "texture": "#skin", "uv": [ 25.0, 31.5, 26.0, 32.5 ], "rotation": 180 }
															},
															"children": [
																{
																	"name": "L Wrist",
																	"from": [ -0.1, -1.0, 0.15 ],
																	"to": [ 1.2, 1.0, 1.15 ],
																	"unwrapMode": 3,
																	"uv": [ 20.5, 33.0 ],
																	"rotationOrigin": [ 0.4, 0.4, 0.7 ],
																	"rotationY": 4.0,
																	"rotationZ": -25.0,
																	"faces": {
																		"north": { "texture": "#skin", "uv": [ 23.5, 33.0, 24.5, 35.0 ] },
																		"east": { "texture": "#skin", "uv": [ 22.5, 33.0, 23.5, 35.0 ] },
																		"south": { "texture": "#skin", "uv": [ 21.5, 33.0, 22.5, 35.0 ] },
																		"west": { "texture": "#skin", "uv": [ 20.5, 33.0, 21.5, 35.0 ] }
																	},
																	"children": [
																		{
																			"name": "L Hand",
																			"from": [ 0.5, -1.1, -0.1 ],
																			"to": [ 1.2, 0.9, 1.1 ],
																			"unwrapMode": 4,
																			"unwrapRotation": 1,
																			"uv": [ 24.5, 35.0 ],
																			"rotationOrigin": [ 0.6, 0.3, 0.5 ],
																			"rotationX": -2.0,
																			"rotationY": 1.0,
																			"rotationZ": -58.0,
																			"faces": {
																				"north": { "texture": "#skin", "uv": [ 25.0, 36.5, 27.0, 37.0 ], "rotation": 90 },
																				"east": { "texture": "#skin", "uv": [ 27.5, 35.5, 29.5, 36.5 ], "rotation": 270 },
																				"south": { "texture": "#skin", "uv": [ 25.0, 35.0, 27.0, 35.5 ], "rotation": 90 },
																				"west": { "texture": "#skin", "uv": [ 25.0, 35.5, 27.0, 36.5 ], "rotation": 90 },
																				"up": { "texture": "#skin", "uv": [ 24.5, 35.5, 25.0, 36.5 ], "rotation": 180 },
																				"down": { "texture": "#skin", "uv": [ 27.0, 35.5, 27.5, 36.5 ], "rotation": 180 }
																			}
																		}
																	]
																}
															]
														}
													]
												}
											]
										}
									]
								}
							]
						},
						{
							"name": "Tail1",
							"from": [ 3.3, 2.6, 1.65 ],
							"to": [ 4.8, 4.1, 2.95 ],
							"unwrapMode": 7,
							"unwrapRotation": 1,
							"uv": [ 36.5, 8.5 ],
							"rotationOrigin": [ 3.4, 3.9, 2.3 ],
							"rotationZ": 15.0,
							"faces": {
								"north": { "texture": "#skin", "uv": [ 39.0, 8.5, 40.5, 10.0 ], "rotation": 90 },
								"east": { "texture": "#skin", "uv": [ 38.0, 10.0, 39.0, 11.5 ], "windMode": [-1,-1,-1,-1] },
								"south": { "texture": "#skin", "uv": [ 36.5, 8.5, 38.0, 10.0 ], "rotation": 270 },
								"up": { "texture": "#skin", "uv": [ 38.0, 8.5, 39.0, 10.0 ], "rotation": 270 },
								"down": { "texture": "#skin", "uv": [ 40.5, 8.5, 41.5, 10.0 ], "rotation": 90 }
							},
							"children": [
								{
									"name": "Tail2",
									"from": [ 1.2, 0.0, 0.0 ],
									"to": [ 3.7, 1.5, 1.3 ],
									"unwrapMode": 7,
									"unwrapRotation": 1,
									"uv": [ 38.0, 10.5 ],
									"rotationOrigin": [ 1.4, 1.0, 0.6 ],
									"rotationX": 1.0,
									"rotationZ": -4.0,
									"faces": {
										"north": { "texture": "#skin", "uv": [ 40.5, 12.0, 42.0, 14.5 ], "rotation": 90 },
										"east": { "texture": "#skin", "uv": [ 39.5, 14.5, 40.5, 16.0 ], "windMode": [-1,-1,-1,-1] },
										"south": { "texture": "#skin", "uv": [ 38.0, 12.0, 39.5, 14.5 ], "rotation": 270 },
										"west": { "texture": "#skin", "uv": [ 39.5, 10.5, 40.5, 12.0 ], "rotation": 180, "windMode": [-1,-1,-1,-1] },
										"up": { "texture": "#skin", "uv": [ 39.5, 12.0, 40.5, 14.5 ], "rotation": 270 },
										"down": { "texture": "#skin", "uv": [ 42.0, 12.0, 43.0, 14.5 ], "rotation": 90 }
									},
									"children": [
										{
											"name": "Tail3",
											"from": [ 2.2, 0.0, 0.1 ],
											"to": [ 4.2, 1.5, 1.2 ],
											"unwrapMode": 7,
											"unwrapRotation": 1,
											"uv": [ 36.5, 15.0 ],
											"rotationOrigin": [ 2.5, 1.0, 0.6 ],
											"rotationZ": 11.0,
											"faces": {
												"north": { "texture": "#skin", "uv": [ 39.0, 16.5, 40.5, 18.5 ], "rotation": 90 },
												"east": { "texture": "#skin", "uv": [ 38.0, 18.5, 39.0, 20.0 ], "windMode": [-1,-1,-1,-1] },
												"south": { "texture": "#skin", "uv": [ 36.5, 16.5, 38.0, 18.5 ], "rotation": 270 },
												"west": { "texture": "#skin", "uv": [ 38.0, 15.0, 39.0, 16.5 ], "rotation": 180, "windMode": [-1,-1,-1,-1] },
												"up": { "texture": "#skin", "uv": [ 38.0, 16.5, 39.0, 18.5 ], "rotation": 270 },
												"down": { "texture": "#skin", "uv": [ 40.5, 16.5, 41.5, 18.5 ], "rotation": 90 }
											},
											"children": [
												{
													"name": "Tail4",
													"from": [ 1.7, 0.1, 0.05 ],
													"to": [ 3.2, 1.3, 1.05 ],
													"unwrapMode": 7,
													"unwrapRotation": 1,
													"uv": [ 35.5, 19.5 ],
													"rotationOrigin": [ 1.8, 0.9, 0.55 ],
													"rotationZ": 16.0,
													"faces": {
														"north": { "texture": "#skin", "uv": [ 37.5, 20.5, 38.5, 22.0 ], "rotation": 90 },
														"east": { "texture": "#skin", "uv": [ 36.5, 22.0, 37.5, 23.0 ], "windMode": [-1,-1,-1,-1] },
														"south": { "texture": "#skin", "uv": [ 35.5, 20.5, 36.5, 22.0 ], "rotation": 270 },
														"west": { "texture": "#skin", "uv": [ 36.5, 19.5, 37.5, 20.5 ], "rotation": 180, "windMode": [-1,-1,-1,-1] },
														"up": { "texture": "#skin", "uv": [ 36.5, 20.5, 37.5, 22.0 ], "rotation": 270 },
														"down": { "texture": "#skin", "uv": [ 38.5, 20.5, 39.5, 22.0 ], "rotation": 90 }
													},
													"children": [
														{
															"name": "Tail5",
															"from": [ 1.0, 0.0, 0.0 ],
															"to": [ 3.0, 1.0, 1.0 ],
															"unwrapMode": 7,
															"unwrapRotation": 1,
															"uv": [ 37.0, 22.5 ],
															"rotationOrigin": [ 1.1, 0.6, 0.5 ],
															"rotationX": 1.0,
															"rotationZ": 6.0,
															"faces": {
																"north": { "texture": "#skin", "uv": [ 39.0, 23.5, 40.0, 25.5 ], "rotation": 90 },
																"east": { "texture": "#skin", "uv": [ 38.0, 25.5, 39.0, 26.5 ], "windMode": [-1,-1,-1,-1] },
																"south": { "texture": "#skin", "uv": [ 37.0, 23.5, 38.0, 25.5 ], "rotation": 270 },
																"west": { "texture": "#skin", "uv": [ 38.0, 22.5, 39.0, 23.5 ], "rotation": 180, "windMode": [-1,-1,-1,-1] },
																"up": { "texture": "#skin", "uv": [ 38.0, 23.5, 39.0, 25.5 ], "rotation": 270 },
																"down": { "texture": "#skin", "uv": [ 40.0, 23.5, 41.0, 25.5 ], "rotation": 90 }
															}
														}
													]
												}
											]
										}
									]
								}
							]
						},
						{
							"name": "R Thigh",
							"from": [ 0.5, 0.1, -0.2 ],
							"to": [ 3.7, 3.7, 1.7 ],
							"unwrapMode": 1,
							"uv": [ 29.0, 1.0 ],
							"rotationOrigin": [ 2.8, 3.1, 0.2 ],
							"rotationX": 5.0,
							"rotationZ": 53.0,
							"faces": {
								"north": { "texture": "#skin", "uv": [ 30.5, 2.5, 33.5, 6.0 ] },
								"east": { "texture": "#skin", "uv": [ 29.0, 2.5, 30.5, 6.0 ] },
								"south": { "texture": "#skin", "uv": [ 35.0, 2.5, 38.0, 6.0 ] },
								"west": { "texture": "#skin", "uv": [ 33.5, 2.5, 35.0, 6.0 ] },
								"up": { "texture": "#skin", "uv": [ 30.5, 1.0, 33.5, 2.5 ], "rotation": 180 },
								"down": { "texture": "#skin", "uv": [ 30.5, 6.0, 33.5, 7.5 ] }
							},
							"children": [
								{
									"name": "R Lowerleg",
									"from": [ -0.1, 0.0, 0.1 ],
									"to": [ 2.1, 1.7, 1.8 ],
									"unwrapMode": 1,
									"unwrapRotation": 1,
									"uv": [ 29.0, 8.0 ],
									"rotationOrigin": [ 0.0, 0.0, 1.0 ],
									"rotationX": -5.0,
									"rotationZ": -42.0,
									"faces": {
										"north": { "texture": "#skin", "uv": [ 30.5, 9.5, 32.0, 11.5 ], "rotation": 90 },
										"east": { "texture": "#skin", "uv": [ 30.5, 11.5, 32.0, 13.0 ], "rotation": 90 },
										"south": { "texture": "#skin", "uv": [ 33.5, 9.5, 35.0, 11.5 ], "rotation": 270 },
										"west": { "texture": "#skin", "uv": [ 30.5, 8.0, 32.0, 9.5 ], "rotation": 90 },
										"up": { "texture": "#skin", "uv": [ 29.0, 9.5, 30.5, 11.5 ], "rotation": 270 },
										"down": { "texture": "#skin", "uv": [ 32.0, 9.5, 33.5, 11.5 ], "rotation": 90 }
									},
									"children": [
										{
											"name": "R Ankle",
											"from": [ 1.5, 0.3, 0.1 ],
											"to": [ 3.0, 1.6, 1.6 ],
											"unwrapMode": 5,
											"unwrapRotation": 1,
											"uv": [ 31.5, 13.5 ],
											"rotationOrigin": [ 1.7, 0.8, 0.8 ],
											"rotationZ": -3.0,
											"faces": {
												"north": { "texture": "#skin", "uv": [ 31.5, 14.5, 32.5, 16.0 ], "rotation": 270 },
												"east": { "texture": "#skin", "uv": [ 32.5, 13.5, 34.0, 14.5 ], "rotation": 180, "windMode": [-1,-1,-1,-1] },
												"south": { "texture": "#skin", "uv": [ 34.0, 14.5, 35.0, 16.0 ], "rotation": 90 },
												"up": { "texture": "#skin", "uv": [ 32.5, 14.5, 34.0, 16.0 ], "rotation": 90 },
												"down": { "texture": "#skin", "uv": [ 35.0, 14.5, 36.5, 16.0 ], "rotation": 270 }
											},
											"children": [
												{
													"name": "R Foot",
													"from": [ 1.1, -0.8, 0.1 ],
													"to": [ 1.9, 1.2, 1.4 ],
													"unwrapMode": 4,
													"unwrapRotation": 1,
													"uv": [ 30.0, 16.5 ],
													"rotationOrigin": [ 1.4, 0.8, 0.8 ],
													"rotationX": 1.0,
													"rotationZ": 41.0,
													"faces": {
														"north": { "texture": "#skin", "uv": [ 30.5, 18.0, 32.5, 18.5 ], "rotation": 90 },
														"east": { "texture": "#skin", "uv": [ 33.0, 17.0, 35.0, 18.0 ], "rotation": 270 },
														"south": { "texture": "#skin", "uv": [ 30.5, 16.5, 32.5, 17.0 ], "rotation": 90 },
														"west": { "texture": "#skin", "uv": [ 30.5, 17.0, 32.5, 18.0 ], "rotation": 90 },
														"up": { "texture": "#skin", "uv": [ 30.0, 17.0, 30.5, 18.0 ], "rotation": 180 },
														"down": { "texture": "#skin", "uv": [ 32.5, 17.0, 33.0, 18.0 ], "rotation": 180 }
													}
												}
											]
										}
									]
								}
							]
						},
						{
							"name": "L Thigh",
							"from": [ 0.5, 0.1, 2.9 ],
							"to": [ 3.7, 3.7, 4.8 ],
							"unwrapMode": 3,
							"uv": [ 19.0, 1.0 ],
							"rotationOrigin": [ 2.8, 3.1, 4.3 ],
							"rotationX": -5.0,
							"rotationZ": 47.0,
							"faces": {
								"north": { "texture": "#skin", "uv": [ 25.0, 2.5, 28.0, 6.0 ] },
								"east": { "texture": "#skin", "uv": [ 23.5, 2.5, 25.0, 6.0 ] },
								"south": { "texture": "#skin", "uv": [ 20.5, 2.5, 23.5, 6.0 ] },
								"west": { "texture": "#skin", "uv": [ 19.0, 2.5, 20.5, 6.0 ] },
								"up": { "texture": "#skin", "uv": [ 20.5, 1.0, 23.5, 2.5 ] },
								"down": { "texture": "#skin", "uv": [ 20.5, 6.0, 23.5, 7.5 ], "rotation": 180 }
							},
							"children": [
								{
									"name": "L Lowerleg",
									"from": [ -0.1, 0.0, 0.1 ],
									"to": [ 2.1, 1.7, 1.8 ],
									"unwrapMode": 3,
									"unwrapRotation": 1,
									"uv": [ 19.0, 8.0 ],
									"rotationOrigin": [ 0.0, 0.0, 1.0 ],
									"rotationX": 5.0,
									"rotationZ": -25.0,
									"faces": {
										"north": { "texture": "#skin", "uv": [ 23.5, 9.5, 25.0, 11.5 ], "rotation": 270 },
										"east": { "texture": "#skin", "uv": [ 20.5, 8.0, 22.0, 9.5 ], "rotation": 90 },
										"south": { "texture": "#skin", "uv": [ 20.5, 9.5, 22.0, 11.5 ], "rotation": 90 },
										"west": { "texture": "#skin", "uv": [ 20.5, 11.5, 22.0, 13.0 ], "rotation": 90 },
										"up": { "texture": "#skin", "uv": [ 19.0, 9.5, 20.5, 11.5 ], "rotation": 90 },
										"down": { "texture": "#skin", "uv": [ 22.0, 9.5, 23.5, 11.5 ], "rotation": 270 }
									},
									"children": [
										{
											"name": "L Ankle",
											"from": [ 1.5, 0.3, 0.1 ],
											"to": [ 3.0, 1.6, 1.6 ],
											"unwrapMode": 5,
											"unwrapRotation": 1,
											"uv": [ 21.5, 13.5 ],
											"rotationOrigin": [ 1.7, 0.8, 0.8 ],
											"rotationZ": -23.0,
											"faces": {
												"north": { "texture": "#skin", "uv": [ 21.5, 14.5, 22.5, 16.0 ], "rotation": 270 },
												"east": { "texture": "#skin", "uv": [ 22.5, 13.5, 24.0, 14.5 ], "rotation": 180, "windMode": [-1,-1,-1,-1] },
												"south": { "texture": "#skin", "uv": [ 24.0, 14.5, 25.0, 16.0 ], "rotation": 90, "windMode": [-1,-1,-1,-1] },
												"up": { "texture": "#skin", "uv": [ 22.5, 14.5, 24.0, 16.0 ], "rotation": 90 },
												"down": { "texture": "#skin", "uv": [ 25.0, 14.5, 26.5, 16.0 ], "rotation": 270, "windMode": [-1,-1,-1,-1] }
											},
											"children": [
												{
													"name": "L Foot",
													"from": [ 1.1, -0.8, 0.1 ],
													"to": [ 1.9, 1.2, 1.4 ],
													"unwrapMode": 4,
													"unwrapRotation": 1,
													"uv": [ 20.0, 16.5 ],
													"rotationOrigin": [ 1.4, 0.8, 0.9 ],
													"rotationX": -1.0,
													"rotationZ": 50.0,
													"faces": {
														"north": { "texture": "#skin", "uv": [ 20.5, 18.0, 22.5, 18.5 ], "rotation": 90 },
														"east": { "texture": "#skin", "uv": [ 23.0, 17.0, 25.0, 18.0 ], "rotation": 270 },
														"south": { "texture": "#skin", "uv": [ 20.5, 16.5, 22.5, 17.0 ], "rotation": 90 },
														"west": { "texture": "#skin", "uv": [ 20.5, 17.0, 22.5, 18.0 ], "rotation": 90 },
														"up": { "texture": "#skin", "uv": [ 20.0, 17.0, 20.5, 18.0 ], "rotation": 180 },
														"down": { "texture": "#skin", "uv": [ 22.5, 17.0, 23.0, 18.0 ], "rotation": 180 }
													}
												}
											]
										}
									]
								}
							]
						}
					]
				}
			],
			"attachmentpoints": [
				{
					"code": "Center",
					"posX": "-2.0","posY": "-3.0","posZ": "0.0",
					"rotationX": "0.0","rotationY": "0.0","rotationZ": "0.0"
				}
			]
		}
	]}