{
	"editor": {
		"allAngles": true,
		"entityTextureMode": true
	},
	"textureWidth": 24,
	"textureHeight": 24,
	"textureSizes": {
		"skin": [24,24]
	},
	"textures": {
	},
	"elements": [
		{
			"name": "Hip point",
			"from": [ 10.6, 2.85, 8.0 ],
			"to": [ 10.6, 2.85, 8.0 ],
			"uv": [ 1.0, 1.0 ],
			"rotationOrigin": [ 10.6, 3.1, 8.0 ],
			"faces": {
			},
			"children": [
				{
					"name": "Hip",
					"from": [ -0.9, -2.4, -1.1 ],
					"to": [ 0.9, -0.4, 1.2 ],
					"unwrapMode": 7,
					"unwrapRotation": 1,
					"uv": [ 1.0, 9.5 ],
					"rotationOrigin": [ 0.7, -0.6, 0.0 ],
					"rotationZ": -27.0,
					"faces": {
						"north": { "texture": "#skin", "uv": [ 5.0, 9.5, 7.0, 11.0 ], "rotation": 90 },
						"east": { "texture": "#skin", "uv": [ 3.0, 11.0, 5.0, 13.0 ], "windMode": [-1,-1,-1,-1] },
						"south": { "texture": "#skin", "uv": [ 1.0, 9.5, 3.0, 11.0 ], "rotation": 270 },
						"up": { "texture": "#skin", "uv": [ 3.0, 9.5, 5.0, 11.0 ], "rotation": 270 },
						"down": { "texture": "#skin", "uv": [ 7.0, 9.5, 9.0, 11.0 ], "rotation": 90 }
					},
					"children": [
						{
							"name": "Body",
							"from": [ -1.6, 0.0, -0.05 ],
							"to": [ 0.0, 2.0, 2.35 ],
							"unwrapMode": 7,
							"unwrapRotation": 1,
							"autoUnwrap": false,
							"uv": [ 1.0, 9.5 ],
							"rotationOrigin": [ 0.0, 2.0, 1.2 ],
							"rotationZ": 20.0,
							"faces": {
								"north": { "texture": "#skin", "uv": [ 5.0, 7.5, 7.0, 9.0 ], "rotation": 90 },
								"east": { "texture": "#skin", "uv": [ 5.5, 11.5, 7.5, 13.5 ] },
								"south": { "texture": "#skin", "uv": [ 1.0, 7.5, 3.0, 9.0 ], "rotation": 270 },
								"west": { "texture": "#skin", "uv": [ 8.0, 11.5, 10.0, 13.5 ] },
								"up": { "texture": "#skin", "uv": [ 3.0, 7.5, 5.0, 9.0 ], "rotation": 270 },
								"down": { "texture": "#skin", "uv": [ 7.0, 7.5, 9.0, 9.0 ], "rotation": 90 }
							},
							"children": [
								{
									"name": "Body2",
									"from": [ -1.8, 0.0, 0.05 ],
									"to": [ 0.2, 2.0, 2.35 ],
									"unwrapMode": 7,
									"unwrapRotation": 1,
									"autoUnwrap": false,
									"uv": [ 1.5, 4.5 ],
									"rotationOrigin": [ 0.0, 1.9, 1.2 ],
									"rotationZ": 12.0,
									"faces": {
										"north": { "texture": "#skin", "uv": [ 5.0, 5.0, 7.0, 7.0 ], "rotation": 90 },
										"east": { "texture": "#skin", "uv": [ 5.5, 14.0, 7.5, 16.0 ], "windMode": [-1,-1,-1,-1] },
										"south": { "texture": "#skin", "uv": [ 1.0, 5.0, 3.0, 7.0 ], "rotation": 270 },
										"west": { "texture": "#skin", "uv": [ 8.0, 14.0, 10.0, 16.0 ] },
										"up": { "texture": "#skin", "uv": [ 3.0, 5.0, 5.0, 7.0 ], "rotation": 270 },
										"down": { "texture": "#skin", "uv": [ 7.0, 5.0, 9.0, 7.0 ], "rotation": 90 }
									},
									"children": [
										{
											"name": "Neck1",
											"from": [ -0.6143, 0.6223, 0.3 ],
											"to": [ 0.3857, 2.1223, 1.8 ],
											"unwrapMode": 7,
											"unwrapRotation": 1,
											"autoUnwrap": false,
											"uv": [ 3.5, 3.0 ],
											"rotationOrigin": [ 0.9, 1.7, 1.15 ],
											"rotationZ": 15.0,
											"faces": {
												"north": { "texture": "#skin", "uv": [ 4.5, 3.5, 6.0, 4.5 ], "rotation": 90 },
												"south": { "texture": "#skin", "uv": [ 1.5, 3.5, 3.0, 4.5 ], "rotation": 270 },
												"west": { "texture": "#skin", "uv": [ 8.0, 0.5, 9.5, 2.0 ] },
												"up": { "texture": "#skin", "uv": [ 3.0, 3.5, 4.5, 4.5 ], "rotation": 270 },
												"down": { "texture": "#skin", "uv": [ 6.0, 3.5, 7.5, 4.5 ], "rotation": 90 }
											},
											"children": [
												{
													"name": "Neck2",
													"from": [ -1.081, 0.1, 0.1 ],
													"to": [ 0.219, 1.5, 1.4 ],
													"unwrapMode": 7,
													"unwrapRotation": 1,
													"autoUnwrap": false,
													"uv": [ 4.0, 1.0 ],
													"rotationOrigin": [ 0.5, 1.3, 0.7 ],
													"rotationZ": 11.0,
													"faces": {
														"north": { "texture": "#skin", "uv": [ 4.0, 2.0, 5.0, 3.0 ], "rotation": 90 },
														"east": { "texture": "#skin", "uv": [ 6.5, 1.0, 7.5, 2.0 ] },
														"south": { "texture": "#skin", "uv": [ 2.0, 2.0, 3.0, 3.0 ], "rotation": 270 },
														"west": { "texture": "#skin", "uv": [ 3.0, 1.0, 4.0, 2.0 ], "rotation": 180 },
														"up": { "texture": "#skin", "uv": [ 3.0, 2.0, 4.0, 3.0 ], "rotation": 270 },
														"down": { "texture": "#skin", "uv": [ 5.0, 2.0, 6.0, 3.0 ], "rotation": 90 }
													},
													"children": [
														{
															"name": "Head",
															"from": [ -0.9, 0.5, -0.05 ],
															"to": [ 0.1, 1.5, 1.35 ],
															"unwrapMode": 4,
															"uv": [ 0.5, 16.0 ],
															"rotationOrigin": [ 0.0, 1.4, 0.65 ],
															"rotationZ": 22.0,
															"faces": {
																"north": { "texture": "#skin", "uv": [ 0.5, 17.0, 1.5, 18.0 ] },
																"east": { "texture": "#skin", "uv": [ 3.5, 17.0, 4.5, 18.0 ], "windMode": [-1,-1,-1,-1] },
																"south": { "texture": "#skin", "uv": [ 2.5, 17.0, 3.5, 18.0 ] },
																"west": { "texture": "#skin", "uv": [ 1.5, 17.0, 2.5, 18.0 ], "windMode": [-1,-1,-1,-1] },
																"up": { "texture": "#skin", "uv": [ 1.5, 16.0, 2.5, 17.0 ], "rotation": 90, "windMode": [-1,-1,-1,-1] },
																"down": { "texture": "#skin", "uv": [ 1.5, 18.0, 2.5, 19.0 ], "rotation": 90 }
															},
															"children": [
																{
																	"name": "Face",
																	"from": [ -0.9, 0.5, 0.3 ],
																	"to": [ 0.1, 1.0, 1.1 ],
																	"unwrapMode": 5,
																	"unwrapRotation": 1,
																	"uv": [ 0.5, 19.5 ],
																	"rotationOrigin": [ 0.1, 1.0, 0.7 ],
																	"rotationZ": 12.0,
																	"faces": {
																		"north": { "texture": "#skin", "uv": [ 0.5, 19.5, 1.0, 20.5 ], "rotation": 270 },
																		"south": { "texture": "#skin", "uv": [ 1.5, 19.5, 2.0, 20.5 ], "rotation": 90 },
																		"west": { "texture": "#skin", "uv": [ 1.0, 20.5, 1.5, 21.0 ], "windMode": [-1,-1,-1,-1] },
																		"up": { "texture": "#skin", "uv": [ 1.0, 19.5, 1.5, 20.5 ], "rotation": 90 }
																	},
																	"children": [
																		{
																			"name": "Uppermouth",
																			"from": [ 0.0, 0.0, -0.1 ],
																			"to": [ 1.0, 0.3, 0.9 ],
																			"unwrapMode": 5,
																			"unwrapRotation": 1,
																			"uv": [ 2.5, 20.0 ],
																			"rotationOrigin": [ 0.0, 0.3, -0.1 ],
																			"rotationZ": -20.0,
																			"faces": {
																				"north": { "texture": "#skin", "uv": [ 2.5, 20.0, 3.0, 21.0 ], "rotation": 270 },
																				"south": { "texture": "#skin", "uv": [ 4.0, 20.0, 4.5, 21.0 ], "rotation": 90 },
																				"west": { "texture": "#skin", "uv": [ 3.0, 21.0, 4.0, 21.5 ], "windMode": [-1,-1,-1,-1] },
																				"up": { "texture": "#skin", "uv": [ 3.0, 20.0, 4.0, 21.0 ], "rotation": 90 },
																				"down": { "texture": "#skin", "uv": [ 4.5, 20.0, 5.5, 21.0 ], "rotation": 270 }
																			},
																			"children": [
																				{
																					"name": "Upper teeth",
																					"from": [ 0.1, -0.1, 0.1 ],
																					"to": [ 0.2, 0.1, 0.2 ],
																					"unwrapMode": 7,
																					"unwrapRotation": 1,
																					"uv": [ 3.0, 13.5 ],
																					"rotationOrigin": [ 0.1, 0.1, 0.2 ],
																					"rotationX": -2.0,
																					"rotationZ": 7.0,
																					"faces": {
																						"north": { "texture": "#skin", "uv": [ 3.5, 14.0, 4.0, 14.5 ], "rotation": 90 },
																						"east": { "texture": "#skin", "uv": [ 3.5, 14.5, 4.0, 15.0 ] },
																						"south": { "texture": "#skin", "uv": [ 3.0, 14.0, 3.5, 14.5 ], "rotation": 270 },
																						"west": { "texture": "#skin", "uv": [ 3.5, 13.5, 4.0, 14.0 ], "rotation": 180 },
																						"down": { "texture": "#skin", "uv": [ 4.0, 14.0, 4.5, 14.5 ], "rotation": 90 }
																					}
																				},
																				{
																					"name": "Upper teeth2",
																					"from": [ 0.1, -0.1, 0.8 ],
																					"to": [ 0.2, 0.1, 0.9 ],
																					"unwrapMode": 7,
																					"unwrapRotation": 1,
																					"uv": [ 3.0, 13.5 ],
																					"rotationOrigin": [ 0.1, 0.1, 0.8 ],
																					"rotationX": 2.0,
																					"rotationZ": 7.0,
																					"faces": {
																						"north": { "texture": "#skin", "uv": [ 3.5, 14.0, 4.0, 14.5 ], "rotation": 90 },
																						"east": { "texture": "#skin", "uv": [ 3.5, 14.5, 4.0, 15.0 ] },
																						"south": { "texture": "#skin", "uv": [ 3.0, 14.0, 3.5, 14.5 ], "rotation": 270 },
																						"west": { "texture": "#skin", "uv": [ 3.5, 13.5, 4.0, 14.0 ], "rotation": 180 },
																						"down": { "texture": "#skin", "uv": [ 4.0, 14.0, 4.5, 14.5 ], "rotation": 90 }
																					}
																				}
																			]
																		},
																		{
																			"name": "Snout",
																			"from": [ -0.05, 0.25, 0.15 ],
																			"to": [ 0.25, 0.55, 0.65 ],
																			"unwrapMode": 5,
																			"unwrapRotation": 1,
																			"uv": [ 3.0, 18.5 ],
																			"rotationOrigin": [ -0.05, 0.25, 0.15 ],
																			"rotationZ": -6.0,
																			"faces": {
																				"north": { "texture": "#skin", "uv": [ 3.0, 18.5, 3.5, 19.0 ], "rotation": 270 },
																				"south": { "texture": "#skin", "uv": [ 4.0, 18.5, 4.5, 19.0 ], "rotation": 90 },
																				"west": { "texture": "#skin", "uv": [ 3.5, 19.0, 4.0, 19.5 ] },
																				"up": { "texture": "#skin", "uv": [ 3.5, 18.5, 4.0, 19.0 ], "rotation": 90 }
																			}
																		},
																		{
																			"name": "REye",
																			"from": [ 0.7, 0.1, -0.2 ],
																			"to": [ 0.9, 0.3, 0.0 ],
																			"unwrapMode": 2,
																			"uv": [ 1.0, 0.5 ],
																			"rotationOrigin": [ 0.7, 0.1, 0.0 ],
																			"rotationY": -15.0,
																			"rotationZ": -20.0,
																			"faces": {
																				"north": { "texture": "#skin", "uv": [ 1.0, 1.0, 1.5, 1.5 ] },
																				"west": { "texture": "#skin", "uv": [ 1.5, 1.0, 2.0, 1.5 ] },
																				"up": { "texture": "#skin", "uv": [ 1.0, 0.5, 1.5, 1.0 ], "rotation": 270 },
																				"down": { "texture": "#skin", "uv": [ 1.0, 1.5, 1.5, 2.0 ], "rotation": 270, "windMode": [-1,-1,-1,-1] }
																			},
																			"children": [
																				{
																					"name": "RPupil",
																					"from": [ -0.01, 0.05, 0.05 ],
																					"to": [ 0.09, 0.15, 0.15 ],
																					"unwrapMode": 4,
																					"uv": [ 8.0, 2.5 ],
																					"rotationOrigin": [ -0.01, 0.05, 0.05 ],
																					"faces": {
																						"north": { "texture": "#skin", "uv": [ 8.0, 3.0, 8.5, 3.5 ] },
																						"south": { "texture": "#skin", "uv": [ 9.0, 3.0, 9.5, 3.5 ] },
																						"west": { "texture": "#skin", "uv": [ 8.5, 3.0, 9.0, 3.5 ] },
																						"up": { "texture": "#skin", "uv": [ 8.5, 2.5, 9.0, 3.0 ], "rotation": 90 },
																						"down": { "texture": "#skin", "uv": [ 8.5, 3.5, 9.0, 4.0 ], "rotation": 90 }
																					}
																				}
																			]
																		},
																		{
																			"name": "LEye",
																			"from": [ 0.7, 0.1, 0.8 ],
																			"to": [ 0.9, 0.3, 1.0 ],
																			"unwrapMode": 2,
																			"uv": [ 0.5, 0.5 ],
																			"rotationOrigin": [ 0.7, 0.1, 0.8 ],
																			"rotationY": 15.0,
																			"rotationZ": -20.0,
																			"faces": {
																				"south": { "texture": "#skin", "uv": [ 0.5, 1.0, 1.0, 1.5 ] },
																				"west": { "texture": "#skin", "uv": [ 1.0, 1.0, 1.5, 1.5 ] },
																				"up": { "texture": "#skin", "uv": [ 1.0, 0.5, 1.5, 1.0 ], "rotation": 270 },
																				"down": { "texture": "#skin", "uv": [ 1.0, 1.5, 1.5, 2.0 ], "rotation": 270, "windMode": [-1,-1,-1,-1] }
																			},
																			"children": [
																				{
																					"name": "LPupil",
																					"from": [ -0.01, 0.05, 0.05 ],
																					"to": [ 0.09, 0.15, 0.15 ],
																					"unwrapMode": 4,
																					"uv": [ 8.0, 2.5 ],
																					"rotationOrigin": [ -0.01, 0.05, 0.05 ],
																					"faces": {
																						"north": { "texture": "#skin", "uv": [ 8.0, 3.0, 8.5, 3.5 ] },
																						"south": { "texture": "#skin", "uv": [ 9.0, 3.0, 9.5, 3.5 ] },
																						"west": { "texture": "#skin", "uv": [ 8.5, 3.0, 9.0, 3.5 ] },
																						"up": { "texture": "#skin", "uv": [ 8.5, 2.5, 9.0, 3.0 ], "rotation": 90 },
																						"down": { "texture": "#skin", "uv": [ 8.5, 3.5, 9.0, 4.0 ], "rotation": 90 }
																					}
																				}
																			]
																		}
																	]
																},
																{
																	"name": "Jaw",
																	"from": [ 0.0, -0.5, 0.04 ],
																	"to": [ 1.0, 0.5, 1.36 ],
																	"unwrapMode": 6,
																	"unwrapRotation": 1,
																	"uv": [ 5.0, 16.5 ],
																	"rotationOrigin": [ 0.9, 0.0, 0.7 ],
																	"rotationZ": -25.0,
																	"faces": {
																		"north": { "texture": "#skin", "uv": [ 5.0, 17.5, 6.0, 18.5 ], "rotation": 90 },
																		"east": { "texture": "#skin", "uv": [ 6.0, 18.5, 7.0, 19.5 ], "rotation": 180, "windMode": [-1,-1,-1,-1] },
																		"south": { "texture": "#skin", "uv": [ 7.0, 17.5, 8.0, 18.5 ], "rotation": 270 },
																		"west": { "texture": "#skin", "uv": [ 6.0, 16.5, 7.0, 17.5 ], "windMode": [-1,-1,-1,-1] },
																		"down": { "texture": "#skin", "uv": [ 6.0, 17.5, 7.0, 18.5 ], "rotation": 90 }
																	},
																	"children": [
																		{
																			"name": "Lowermouth",
																			"from": [ -0.8, 0.0, 0.22 ],
																			"to": [ 0.2, 0.3, 1.12 ],
																			"unwrapMode": 5,
																			"unwrapRotation": 1,
																			"uv": [ 6.0, 20.0 ],
																			"rotationOrigin": [ 0.2, 0.1, 0.6 ],
																			"rotationZ": 8.0,
																			"faces": {
																				"north": { "texture": "#skin", "uv": [ 6.0, 20.0, 6.5, 21.0 ], "rotation": 270 },
																				"south": { "texture": "#skin", "uv": [ 7.0, 20.0, 7.5, 21.0 ], "rotation": 90 },
																				"west": { "texture": "#skin", "uv": [ 6.5, 21.0, 7.0, 21.5 ] },
																				"up": { "texture": "#skin", "uv": [ 6.5, 20.0, 7.0, 21.0 ], "rotation": 90 },
																				"down": { "texture": "#skin", "uv": [ 7.5, 20.0, 8.0, 21.0 ], "rotation": 270 }
																			},
																			"children": [
																				{
																					"name": "Lower teeth",
																					"from": [ 0.1, 0.1, 0.2 ],
																					"to": [ 0.2, 0.4, 0.3 ],
																					"unwrapMode": 2,
																					"uv": [ 3.0, 15.5 ],
																					"rotationOrigin": [ 0.1, 0.1, 0.3 ],
																					"rotationX": -5.0,
																					"rotationZ": 10.0,
																					"faces": {
																						"north": { "texture": "#skin", "uv": [ 4.0, 16.0, 4.5, 16.5 ] },
																						"east": { "texture": "#skin", "uv": [ 3.5, 16.0, 4.0, 16.5 ] },
																						"south": { "texture": "#skin", "uv": [ 3.0, 16.0, 3.5, 16.5 ] },
																						"west": { "texture": "#skin", "uv": [ 4.5, 16.0, 5.0, 16.5 ] },
																						"up": { "texture": "#skin", "uv": [ 3.5, 15.5, 4.0, 16.0 ], "rotation": 270 }
																					}
																				},
																				{
																					"name": "Lower teeth2",
																					"from": [ 0.1, 0.1, 0.6 ],
																					"to": [ 0.2, 0.4, 0.7 ],
																					"unwrapMode": 2,
																					"uv": [ 3.0, 15.5 ],
																					"rotationOrigin": [ 0.1, 0.1, 0.6 ],
																					"rotationX": 5.0,
																					"rotationZ": 10.0,
																					"faces": {
																						"north": { "texture": "#skin", "uv": [ 4.0, 16.0, 4.5, 16.5 ] },
																						"east": { "texture": "#skin", "uv": [ 3.5, 16.0, 4.0, 16.5 ] },
																						"south": { "texture": "#skin", "uv": [ 3.0, 16.0, 3.5, 16.5 ] },
																						"west": { "texture": "#skin", "uv": [ 4.5, 16.0, 5.0, 16.5 ] },
																						"up": { "texture": "#skin", "uv": [ 3.5, 15.5, 4.0, 16.0 ], "rotation": 270 }
																					}
																				}
																			]
																		}
																	]
																},
																{
																	"name": "R Earbase",
																	"from": [ 0.8, 0.9, 0.3 ],
																	"to": [ 1.6, 1.2, 0.5 ],
																	"unwrapMode": 3,
																	"uv": [ 8.5, 20.0 ],
																	"rotationOrigin": [ 0.8, 0.9, 0.4 ],
																	"rotationY": 65.5,
																	"rotationZ": -55.0,
																	"faces": {
																		"north": { "texture": "#skin", "uv": [ 10.0, 20.5, 10.5, 21.0 ] },
																		"east": { "texture": "#skin", "uv": [ 9.5, 20.5, 10.0, 21.0 ] },
																		"south": { "texture": "#skin", "uv": [ 9.0, 20.5, 9.5, 21.0 ] },
																		"west": { "texture": "#skin", "uv": [ 8.5, 20.5, 9.0, 21.0 ] },
																		"up": { "texture": "#skin", "uv": [ 9.0, 20.0, 9.5, 20.5 ] }
																	},
																	"children": [
																		{
																			"name": "R Eartip",
																			"from": [ 0.0, 0.3, 0.0 ],
																			"to": [ 0.3, 0.8, 0.2 ],
																			"unwrapMode": 3,
																			"uv": [ 8.5, 18.0 ],
																			"rotationOrigin": [ 0.0, 0.3, 0.0 ],
																			"rotationZ": -25.0,
																			"faces": {
																				"north": { "texture": "#skin", "uv": [ 10.0, 18.5, 10.5, 19.0 ] },
																				"east": { "texture": "#skin", "uv": [ 9.5, 18.5, 10.0, 19.0 ], "windMode": [-1,-1,-1,-1] },
																				"south": { "texture": "#skin", "uv": [ 9.0, 18.5, 9.5, 19.0 ] },
																				"west": { "texture": "#skin", "uv": [ 8.5, 18.5, 9.0, 19.0 ], "windMode": [-1,-1,-1,-1] },
																				"up": { "texture": "#skin", "uv": [ 9.0, 18.0, 9.5, 18.5 ], "windMode": [-1,-1,-1,-1] }
																			}
																		},
																		{
																			"name": "R Eartip2",
																			"from": [ 0.5, 0.3, 0.09 ],
																			"to": [ 0.8, 0.8, 0.19 ],
																			"unwrapMode": 3,
																			"uv": [ 8.5, 16.5 ],
																			"rotationOrigin": [ 0.8, 0.3, 0.1 ],
																			"rotationZ": 45.0,
																			"faces": {
																				"north": { "texture": "#skin", "uv": [ 10.0, 17.0, 10.5, 17.5 ] },
																				"east": { "texture": "#skin", "uv": [ 9.5, 17.0, 10.0, 17.5 ], "windMode": [-1,-1,-1,-1] },
																				"south": { "texture": "#skin", "uv": [ 9.0, 17.0, 9.5, 17.5 ] },
																				"west": { "texture": "#skin", "uv": [ 8.5, 17.0, 9.0, 17.5 ], "windMode": [-1,-1,-1,-1] },
																				"up": { "texture": "#skin", "uv": [ 9.0, 16.5, 9.5, 17.0 ] }
																			}
																		}
																	]
																},
																{
																	"name": "L Earbase",
																	"from": [ 0.8, 0.9, 1.0 ],
																	"to": [ 1.6, 1.2, 1.2 ],
																	"unwrapMode": 1,
																	"uv": [ 0.5, 14.5 ],
																	"rotationOrigin": [ 0.8, 0.9, 1.0 ],
																	"rotationY": -63.5,
																	"rotationZ": -55.0,
																	"faces": {
																		"north": { "texture": "#skin", "uv": [ 1.0, 15.0, 1.5, 15.5 ] },
																		"east": { "texture": "#skin", "uv": [ 0.5, 15.0, 1.0, 15.5 ] },
																		"south": { "texture": "#skin", "uv": [ 2.0, 15.0, 2.5, 15.5 ] },
																		"west": { "texture": "#skin", "uv": [ 1.5, 15.0, 2.0, 15.5 ] },
																		"up": { "texture": "#skin", "uv": [ 1.0, 14.5, 1.5, 15.0 ], "rotation": 180 }
																	},
																	"children": [
																		{
																			"name": "L Eartip",
																			"from": [ 0.0, 0.3, 0.0 ],
																			"to": [ 0.3, 0.8, 0.2 ],
																			"unwrapMode": 1,
																			"uv": [ 0.5, 13.0 ],
																			"rotationOrigin": [ 0.0, 0.3, 0.0 ],
																			"rotationZ": -25.0,
																			"faces": {
																				"north": { "texture": "#skin", "uv": [ 1.0, 13.5, 1.5, 14.0 ] },
																				"east": { "texture": "#skin", "uv": [ 0.5, 13.5, 1.0, 14.0 ], "windMode": [-1,-1,-1,-1] },
																				"south": { "texture": "#skin", "uv": [ 2.0, 13.5, 2.5, 14.0 ] },
																				"west": { "texture": "#skin", "uv": [ 1.5, 13.5, 2.0, 14.0 ], "windMode": [-1,-1,-1,-1] },
																				"up": { "texture": "#skin", "uv": [ 1.0, 13.0, 1.5, 13.5 ], "rotation": 180 }
																			}
																		},
																		{
																			"name": "L Eartip2",
																			"from": [ 0.5, 0.3, 0.01 ],
																			"to": [ 0.8, 0.8, 0.11 ],
																			"unwrapMode": 1,
																			"uv": [ 0.5, 11.5 ],
																			"rotationOrigin": [ 0.8, 0.3, 0.1 ],
																			"rotationZ": 45.0,
																			"faces": {
																				"north": { "texture": "#skin", "uv": [ 1.0, 12.0, 1.5, 12.5 ] },
																				"east": { "texture": "#skin", "uv": [ 0.5, 12.0, 1.0, 12.5 ], "windMode": [-1,-1,-1,-1] },
																				"south": { "texture": "#skin", "uv": [ 2.0, 12.0, 2.5, 12.5 ] },
																				"west": { "texture": "#skin", "uv": [ 1.5, 12.0, 2.0, 12.5 ], "windMode": [-1,-1,-1,-1] },
																				"up": { "texture": "#skin", "uv": [ 1.0, 11.5, 1.5, 12.0 ], "rotation": 180 }
																			}
																		}
																	]
																}
															]
														}
													],
													"attachmentpoints": [
														{
															"code": "rope",
															"posX": "1.0","posY": "0.0","posZ": "1.2",
															"rotationX": "0.0","rotationY": "0.0","rotationZ": "0.0"
														}
													]
												}
											]
										},
										{
											"name": "R Shoulder",
											"from": [ -0.3, 1.4, 0.0 ],
											"to": [ 1.0, 2.0, 0.7 ],
											"unwrapMode": 3,
											"unwrapRotation": 1,
											"uv": [ 17.0, 11.0 ],
											"rotationOrigin": [ 0.9, 1.4, 0.3 ],
											"rotationY": -10.0,
											"rotationZ": 50.0,
											"faces": {
												"north": { "texture": "#skin", "uv": [ 18.0, 11.5, 18.5, 12.5 ], "rotation": 270 },
												"east": { "texture": "#skin", "uv": [ 17.5, 11.0, 18.0, 11.5 ], "rotation": 90 },
												"west": { "texture": "#skin", "uv": [ 17.5, 12.5, 18.0, 13.0 ], "rotation": 90 },
												"up": { "texture": "#skin", "uv": [ 17.0, 11.5, 17.5, 12.5 ], "rotation": 90, "windMode": [-1,-1,-1,-1] },
												"down": { "texture": "#skin", "uv": [ 17.5, 11.5, 18.0, 12.5 ], "rotation": 270 }
											},
											"children": [
												{
													"name": "R Arm",
													"from": [ 0.0, -0.7, 0.0 ],
													"to": [ 1.0, 0.6, 0.8 ],
													"unwrapMode": 1,
													"uv": [ 17.0, 13.5 ],
													"rotationOrigin": [ 0.0, 0.5, 0.4 ],
													"rotationX": 10.0,
													"rotationY": 10.0,
													"rotationZ": -25.0,
													"faces": {
														"north": { "texture": "#skin", "uv": [ 17.5, 14.0, 18.5, 15.0 ] },
														"east": { "texture": "#skin", "uv": [ 17.0, 14.0, 17.5, 15.0 ] },
														"south": { "texture": "#skin", "uv": [ 19.0, 14.0, 20.0, 15.0 ] },
														"west": { "texture": "#skin", "uv": [ 18.5, 14.0, 19.0, 15.0 ] },
														"up": { "texture": "#skin", "uv": [ 17.5, 13.5, 18.5, 14.0 ], "rotation": 180 },
														"down": { "texture": "#skin", "uv": [ 17.5, 15.0, 18.5, 15.5 ] }
													},
													"children": [
														{
															"name": "R Lowerarm",
															"from": [ 0.2, -0.9, 0.1 ],
															"to": [ 0.8, 0.2, 0.7 ],
															"unwrapMode": 1,
															"uv": [ 17.0, 16.0 ],
															"rotationOrigin": [ 0.9, 0.0, 0.4 ],
															"rotationZ": -42.0,
															"faces": {
																"north": { "texture": "#skin", "uv": [ 17.5, 16.5, 18.0, 17.5 ] },
																"east": { "texture": "#skin", "uv": [ 17.0, 16.5, 17.5, 17.5 ] },
																"south": { "texture": "#skin", "uv": [ 18.5, 16.5, 19.0, 17.5 ] },
																"west": { "texture": "#skin", "uv": [ 18.0, 16.5, 18.5, 17.5 ] },
																"up": { "texture": "#skin", "uv": [ 17.5, 16.0, 18.0, 16.5 ], "rotation": 180 },
																"down": { "texture": "#skin", "uv": [ 17.5, 17.5, 18.0, 18.0 ] }
															},
															"children": [
																{
																	"name": "R Wrist",
																	"from": [ 0.0, -0.5, 0.05 ],
																	"to": [ 0.5, 0.5, 0.55 ],
																	"unwrapMode": 1,
																	"uv": [ 18.5, 18.0 ],
																	"rotationOrigin": [ 0.2, 0.2, 0.4 ],
																	"rotationY": -4.0,
																	"rotationZ": -14.0,
																	"faces": {
																		"north": { "texture": "#skin", "uv": [ 19.0, 18.0, 19.5, 19.0 ] },
																		"east": { "texture": "#skin", "uv": [ 18.5, 18.0, 19.0, 19.0 ] },
																		"south": { "texture": "#skin", "uv": [ 20.0, 18.0, 20.5, 19.0 ] },
																		"west": { "texture": "#skin", "uv": [ 19.5, 18.0, 20.0, 19.0 ] }
																	},
																	"children": [
																		{
																			"name": "R Hand",
																			"from": [ 0.3, -0.5, -0.05 ],
																			"to": [ 0.7, 0.5, 0.55 ],
																			"unwrapMode": 4,
																			"unwrapRotation": 1,
																			"uv": [ 16.5, 19.0 ],
																			"rotationOrigin": [ 0.3, 0.2, 0.3 ],
																			"rotationX": 2.0,
																			"rotationY": -1.0,
																			"rotationZ": -64.0,
																			"faces": {
																				"north": { "texture": "#skin", "uv": [ 17.0, 20.0, 18.0, 20.5 ], "rotation": 90 },
																				"east": { "texture": "#skin", "uv": [ 18.5, 19.5, 19.5, 20.0 ], "rotation": 270 },
																				"south": { "texture": "#skin", "uv": [ 17.0, 19.0, 18.0, 19.5 ], "rotation": 90 },
																				"west": { "texture": "#skin", "uv": [ 17.0, 19.5, 18.0, 20.0 ], "rotation": 90 },
																				"up": { "texture": "#skin", "uv": [ 16.5, 19.5, 17.0, 20.0 ], "rotation": 180 },
																				"down": { "texture": "#skin", "uv": [ 18.0, 19.5, 18.5, 20.0 ], "rotation": 180 }
																			}
																		}
																	]
																}
															]
														}
													]
												}
											]
										},
										{
											"name": "L Shoulder",
											"from": [ -0.3, 1.4, 1.6 ],
											"to": [ 1.0, 2.0, 2.3 ],
											"unwrapMode": 3,
											"unwrapRotation": 1,
											"uv": [ 11.0, 11.0 ],
											"rotationOrigin": [ 0.9, 1.4, 2.0 ],
											"rotationY": 10.0,
											"rotationZ": 50.0,
											"faces": {
												"east": { "texture": "#skin", "uv": [ 11.5, 11.0, 12.0, 11.5 ], "rotation": 90 },
												"south": { "texture": "#skin", "uv": [ 11.5, 11.5, 12.0, 12.5 ], "rotation": 90 },
												"west": { "texture": "#skin", "uv": [ 11.5, 12.5, 12.0, 13.0 ], "rotation": 90 },
												"up": { "texture": "#skin", "uv": [ 11.0, 11.5, 11.5, 12.5 ], "rotation": 90, "windMode": [-1,-1,-1,-1] },
												"down": { "texture": "#skin", "uv": [ 12.0, 11.5, 12.5, 12.5 ], "rotation": 270 }
											},
											"children": [
												{
													"name": "L Arm",
													"from": [ 0.0, -0.7, 0.0 ],
													"to": [ 1.0, 0.6, 0.8 ],
													"unwrapMode": 3,
													"uv": [ 11.0, 13.5 ],
													"rotationOrigin": [ 0.0, 0.5, 0.4 ],
													"rotationX": -10.0,
													"rotationY": -10.0,
													"rotationZ": -25.0,
													"faces": {
														"north": { "texture": "#skin", "uv": [ 13.0, 14.0, 14.0, 15.0 ] },
														"east": { "texture": "#skin", "uv": [ 12.5, 14.0, 13.0, 15.0 ] },
														"south": { "texture": "#skin", "uv": [ 11.5, 14.0, 12.5, 15.0 ] },
														"west": { "texture": "#skin", "uv": [ 11.0, 14.0, 11.5, 15.0 ] },
														"up": { "texture": "#skin", "uv": [ 11.5, 13.5, 12.5, 14.0 ] },
														"down": { "texture": "#skin", "uv": [ 11.5, 15.0, 12.5, 15.5 ], "rotation": 180 }
													},
													"children": [
														{
															"name": "L Lowerarm",
															"from": [ 0.2, -0.9, 0.1 ],
															"to": [ 0.8, 0.2, 0.7 ],
															"unwrapMode": 3,
															"uv": [ 11.0, 16.0 ],
															"rotationOrigin": [ 0.9, 0.0, 0.4 ],
															"rotationZ": -42.0,
															"faces": {
																"north": { "texture": "#skin", "uv": [ 12.5, 16.5, 13.0, 17.5 ] },
																"east": { "texture": "#skin", "uv": [ 12.0, 16.5, 12.5, 17.5 ] },
																"south": { "texture": "#skin", "uv": [ 11.5, 16.5, 12.0, 17.5 ] },
																"west": { "texture": "#skin", "uv": [ 11.0, 16.5, 11.5, 17.5 ] },
																"up": { "texture": "#skin", "uv": [ 11.5, 16.0, 12.0, 16.5 ] },
																"down": { "texture": "#skin", "uv": [ 11.5, 17.5, 12.0, 18.0 ], "rotation": 180 }
															},
															"children": [
																{
																	"name": "L Wrist",
																	"from": [ 0.0, -0.5, 0.05 ],
																	"to": [ 0.5, 0.5, 0.55 ],
																	"unwrapMode": 3,
																	"uv": [ 12.5, 18.0 ],
																	"rotationOrigin": [ 0.2, 0.2, 0.4 ],
																	"rotationY": 4.0,
																	"rotationZ": -14.0,
																	"faces": {
																		"north": { "texture": "#skin", "uv": [ 14.0, 18.0, 14.5, 19.0 ] },
																		"east": { "texture": "#skin", "uv": [ 13.5, 18.0, 14.0, 19.0 ] },
																		"south": { "texture": "#skin", "uv": [ 13.0, 18.0, 13.5, 19.0 ] },
																		"west": { "texture": "#skin", "uv": [ 12.5, 18.0, 13.0, 19.0 ] }
																	},
																	"children": [
																		{
																			"name": "L Hand",
																			"from": [ 0.3, -0.5, -0.05 ],
																			"to": [ 0.7, 0.5, 0.55 ],
																			"unwrapMode": 4,
																			"unwrapRotation": 1,
																			"uv": [ 10.5, 19.0 ],
																			"rotationOrigin": [ 0.3, 0.2, 0.3 ],
																			"rotationX": -2.0,
																			"rotationY": 1.0,
																			"rotationZ": -64.0,
																			"faces": {
																				"north": { "texture": "#skin", "uv": [ 11.0, 20.0, 12.0, 20.5 ], "rotation": 90 },
																				"east": { "texture": "#skin", "uv": [ 12.5, 19.5, 13.5, 20.0 ], "rotation": 270 },
																				"south": { "texture": "#skin", "uv": [ 11.0, 19.0, 12.0, 19.5 ], "rotation": 90 },
																				"west": { "texture": "#skin", "uv": [ 11.0, 19.5, 12.0, 20.0 ], "rotation": 90 },
																				"up": { "texture": "#skin", "uv": [ 10.5, 19.5, 11.0, 20.0 ], "rotation": 180 },
																				"down": { "texture": "#skin", "uv": [ 12.0, 19.5, 12.5, 20.0 ], "rotation": 180 }
																			}
																		}
																	]
																}
															]
														}
													]
												}
											]
										}
									]
								}
							]
						},
						{
							"name": "Tail1",
							"from": [ 1.7, 1.3, 0.8 ],
							"to": [ 2.5, 2.0, 1.5 ],
							"unwrapMode": 7,
							"unwrapRotation": 1,
							"uv": [ 14.0, 4.0 ],
							"rotationOrigin": [ 1.7, 2.0, 1.2 ],
							"rotationZ": -15.0,
							"faces": {
								"north": { "texture": "#skin", "uv": [ 15.0, 4.0, 15.5, 4.5 ], "rotation": 90 },
								"east": { "texture": "#skin", "uv": [ 14.5, 4.5, 15.0, 5.0 ], "windMode": [-1,-1,-1,-1] },
								"south": { "texture": "#skin", "uv": [ 14.0, 4.0, 14.5, 4.5 ], "rotation": 270 },
								"up": { "texture": "#skin", "uv": [ 14.5, 4.0, 15.0, 4.5 ], "rotation": 270 },
								"down": { "texture": "#skin", "uv": [ 15.5, 4.0, 16.0, 4.5 ], "rotation": 90 }
							},
							"children": [
								{
									"name": "Tail2",
									"from": [ 0.6, 0.1, 0.0 ],
									"to": [ 1.4, 0.7, 0.7 ],
									"unwrapMode": 7,
									"unwrapRotation": 1,
									"uv": [ 14.0, 5.5 ],
									"rotationOrigin": [ 0.7, 0.5, 0.3 ],
									"rotationX": 1.0,
									"rotationZ": -14.0,
									"faces": {
										"north": { "texture": "#skin", "uv": [ 15.0, 6.0, 15.5, 6.5 ], "rotation": 90 },
										"east": { "texture": "#skin", "uv": [ 14.5, 6.5, 15.0, 7.0 ], "windMode": [-1,-1,-1,-1] },
										"south": { "texture": "#skin", "uv": [ 14.0, 6.0, 14.5, 6.5 ], "rotation": 270 },
										"west": { "texture": "#skin", "uv": [ 14.5, 5.5, 15.0, 6.0 ], "rotation": 180, "windMode": [-1,-1,-1,-1] },
										"up": { "texture": "#skin", "uv": [ 14.5, 6.0, 15.0, 6.5 ], "rotation": 270 },
										"down": { "texture": "#skin", "uv": [ 15.5, 6.0, 16.0, 6.5 ], "rotation": 90 }
									},
									"children": [
										{
											"name": "Tail3",
											"from": [ 0.6, 0.0, 0.1 ],
											"to": [ 1.1, 0.6, 0.6 ],
											"unwrapMode": 7,
											"unwrapRotation": 1,
											"uv": [ 14.0, 7.5 ],
											"rotationOrigin": [ 0.8, 0.5, 0.3 ],
											"rotationZ": 11.0,
											"faces": {
												"north": { "texture": "#skin", "uv": [ 15.0, 8.0, 15.5, 8.5 ], "rotation": 90 },
												"east": { "texture": "#skin", "uv": [ 14.5, 8.5, 15.0, 9.0 ], "windMode": [-1,-1,-1,-1] },
												"south": { "texture": "#skin", "uv": [ 14.0, 8.0, 14.5, 8.5 ], "rotation": 270 },
												"west": { "texture": "#skin", "uv": [ 14.5, 7.5, 15.0, 8.0 ], "rotation": 180, "windMode": [-1,-1,-1,-1] },
												"up": { "texture": "#skin", "uv": [ 14.5, 8.0, 15.0, 8.5 ], "rotation": 270 },
												"down": { "texture": "#skin", "uv": [ 15.5, 8.0, 16.0, 8.5 ], "rotation": 90 }
											},
											"children": [
												{
													"name": "Tail4",
													"from": [ 0.4, 0.0, 0.0 ],
													"to": [ 1.2, 0.5, 0.5 ],
													"unwrapMode": 7,
													"unwrapRotation": 1,
													"uv": [ 14.0, 9.5 ],
													"rotationOrigin": [ 0.4, 0.4, 0.3 ],
													"rotationZ": 16.0,
													"faces": {
														"north": { "texture": "#skin", "uv": [ 15.0, 10.0, 15.5, 10.5 ], "rotation": 90 },
														"east": { "texture": "#skin", "uv": [ 14.5, 10.5, 15.0, 11.0 ], "windMode": [-1,-1,-1,-1] },
														"south": { "texture": "#skin", "uv": [ 14.0, 10.0, 14.5, 10.5 ], "rotation": 270 },
														"west": { "texture": "#skin", "uv": [ 14.5, 9.5, 15.0, 10.0 ], "rotation": 180, "windMode": [-1,-1,-1,-1] },
														"up": { "texture": "#skin", "uv": [ 14.5, 10.0, 15.0, 10.5 ], "rotation": 270 },
														"down": { "texture": "#skin", "uv": [ 15.5, 10.0, 16.0, 10.5 ], "rotation": 90 }
													},
													"children": [
														{
															"name": "Tail5",
															"from": [ 0.5, 0.0, 0.0 ],
															"to": [ 1.5, 0.5, 0.5 ],
															"unwrapMode": 7,
															"unwrapRotation": 1,
															"uv": [ 14.0, 11.5 ],
															"rotationOrigin": [ 0.6, 0.3, 0.3 ],
															"rotationX": 1.0,
															"rotationZ": 6.0,
															"faces": {
																"north": { "texture": "#skin", "uv": [ 15.0, 12.0, 15.5, 13.0 ], "rotation": 90 },
																"east": { "texture": "#skin", "uv": [ 14.5, 13.0, 15.0, 13.5 ], "windMode": [-1,-1,-1,-1] },
																"south": { "texture": "#skin", "uv": [ 14.0, 12.0, 14.5, 13.0 ], "rotation": 270 },
																"west": { "texture": "#skin", "uv": [ 14.5, 11.5, 15.0, 12.0 ], "rotation": 180, "windMode": [-1,-1,-1,-1] },
																"up": { "texture": "#skin", "uv": [ 14.5, 12.0, 15.0, 13.0 ], "rotation": 270 },
																"down": { "texture": "#skin", "uv": [ 15.5, 12.0, 16.0, 13.0 ], "rotation": 90 }
															}
														}
													]
												}
											]
										}
									]
								}
							]
						},
						{
							"name": "R Thigh",
							"from": [ 0.3, 0.1, -0.1 ],
							"to": [ 1.9, 1.8, 0.9 ],
							"unwrapMode": 1,
							"uv": [ 16.0, 1.0 ],
							"rotationOrigin": [ 1.4, 1.6, 0.1 ],
							"rotationX": 30.0,
							"rotationZ": -8.0,
							"faces": {
								"north": { "texture": "#skin", "uv": [ 17.0, 2.0, 18.5, 3.5 ] },
								"east": { "texture": "#skin", "uv": [ 16.0, 2.0, 17.0, 3.5 ] },
								"south": { "texture": "#skin", "uv": [ 19.5, 2.0, 21.0, 3.5 ] },
								"west": { "texture": "#skin", "uv": [ 18.5, 2.0, 19.5, 3.5 ] },
								"up": { "texture": "#skin", "uv": [ 17.0, 1.0, 18.5, 2.0 ], "rotation": 180 },
								"down": { "texture": "#skin", "uv": [ 17.0, 3.5, 18.5, 4.5 ] }
							},
							"children": [
								{
									"name": "R Lowerleg",
									"from": [ 0.0, 0.0, 0.1 ],
									"to": [ 1.1, 1.0, 0.9 ],
									"unwrapMode": 1,
									"unwrapRotation": 1,
									"uv": [ 16.5, 5.0 ],
									"rotationOrigin": [ 0.0, 0.0, 0.5 ],
									"rotationX": -5.0,
									"rotationZ": -42.0,
									"faces": {
										"north": { "texture": "#skin", "uv": [ 17.0, 5.5, 18.0, 6.5 ], "rotation": 90 },
										"east": { "texture": "#skin", "uv": [ 17.0, 6.5, 18.0, 7.0 ], "rotation": 90 },
										"south": { "texture": "#skin", "uv": [ 18.5, 5.5, 19.5, 6.5 ], "rotation": 270 },
										"west": { "texture": "#skin", "uv": [ 17.0, 5.0, 18.0, 5.5 ], "rotation": 90 },
										"up": { "texture": "#skin", "uv": [ 16.5, 5.5, 17.0, 6.5 ], "rotation": 270 },
										"down": { "texture": "#skin", "uv": [ 18.0, 5.5, 18.5, 6.5 ], "rotation": 90 }
									},
									"children": [
										{
											"name": "R Ankle",
											"from": [ 0.8, 0.2, 0.1 ],
											"to": [ 1.6, 0.9, 0.7 ],
											"unwrapMode": 5,
											"unwrapRotation": 1,
											"uv": [ 16.5, 7.5 ],
											"rotationOrigin": [ 0.9, 0.4, 0.4 ],
											"rotationZ": -42.0,
											"faces": {
												"north": { "texture": "#skin", "uv": [ 16.5, 8.0, 17.0, 8.5 ], "rotation": 270 },
												"east": { "texture": "#skin", "uv": [ 17.0, 7.5, 17.5, 8.0 ], "rotation": 180, "windMode": [-1,-1,-1,-1] },
												"south": { "texture": "#skin", "uv": [ 17.5, 8.0, 18.0, 8.5 ], "rotation": 90 },
												"up": { "texture": "#skin", "uv": [ 17.0, 8.0, 17.5, 8.5 ], "rotation": 90 },
												"down": { "texture": "#skin", "uv": [ 18.0, 8.0, 18.5, 8.5 ], "rotation": 270 }
											},
											"children": [
												{
													"name": "R Foot",
													"from": [ 0.6, -0.4, 0.0 ],
													"to": [ 1.0, 0.6, 0.6 ],
													"unwrapMode": 4,
													"unwrapRotation": 1,
													"uv": [ 16.5, 9.0 ],
													"rotationOrigin": [ 0.7, 0.4, 0.3 ],
													"rotationX": 12.0,
													"rotationY": -17.0,
													"rotationZ": 36.0,
													"faces": {
														"north": { "texture": "#skin", "uv": [ 17.0, 10.0, 18.0, 10.5 ], "rotation": 90 },
														"east": { "texture": "#skin", "uv": [ 18.5, 9.5, 19.5, 10.0 ], "rotation": 270 },
														"south": { "texture": "#skin", "uv": [ 17.0, 9.0, 18.0, 9.5 ], "rotation": 90 },
														"west": { "texture": "#skin", "uv": [ 17.0, 9.5, 18.0, 10.0 ], "rotation": 90 },
														"up": { "texture": "#skin", "uv": [ 16.5, 9.5, 17.0, 10.0 ], "rotation": 180 },
														"down": { "texture": "#skin", "uv": [ 18.0, 9.5, 18.5, 10.0 ], "rotation": 180 }
													}
												}
											]
										}
									]
								}
							]
						},
						{
							"name": "L Thigh",
							"from": [ 0.3, 0.1, 1.5 ],
							"to": [ 1.9, 1.8, 2.5 ],
							"unwrapMode": 3,
							"uv": [ 10.0, 1.0 ],
							"rotationOrigin": [ 1.4, 1.6, 2.2 ],
							"rotationX": -27.0,
							"faces": {
								"north": { "texture": "#skin", "uv": [ 13.5, 2.0, 15.0, 3.5 ] },
								"east": { "texture": "#skin", "uv": [ 12.5, 2.0, 13.5, 3.5 ] },
								"south": { "texture": "#skin", "uv": [ 11.0, 2.0, 12.5, 3.5 ] },
								"west": { "texture": "#skin", "uv": [ 10.0, 2.0, 11.0, 3.5 ] },
								"up": { "texture": "#skin", "uv": [ 11.0, 1.0, 12.5, 2.0 ] },
								"down": { "texture": "#skin", "uv": [ 11.0, 3.5, 12.5, 4.5 ], "rotation": 180 }
							},
							"children": [
								{
									"name": "L Lowerleg",
									"from": [ 0.0, 0.0, 0.1 ],
									"to": [ 1.1, 1.0, 0.9 ],
									"unwrapMode": 3,
									"unwrapRotation": 1,
									"uv": [ 10.5, 5.0 ],
									"rotationOrigin": [ 0.0, 0.0, 0.5 ],
									"rotationX": 5.0,
									"rotationZ": -42.0,
									"faces": {
										"north": { "texture": "#skin", "uv": [ 12.5, 5.5, 13.5, 6.5 ], "rotation": 270 },
										"east": { "texture": "#skin", "uv": [ 11.0, 5.0, 12.0, 5.5 ], "rotation": 90 },
										"south": { "texture": "#skin", "uv": [ 11.0, 5.5, 12.0, 6.5 ], "rotation": 90 },
										"west": { "texture": "#skin", "uv": [ 11.0, 6.5, 12.0, 7.0 ], "rotation": 90 },
										"up": { "texture": "#skin", "uv": [ 10.5, 5.5, 11.0, 6.5 ], "rotation": 90 },
										"down": { "texture": "#skin", "uv": [ 12.0, 5.5, 12.5, 6.5 ], "rotation": 270 }
									},
									"children": [
										{
											"name": "L Ankle",
											"from": [ 0.8, 0.2, 0.1 ],
											"to": [ 1.6, 0.9, 0.7 ],
											"unwrapMode": 5,
											"unwrapRotation": 1,
											"uv": [ 10.5, 7.5 ],
											"rotationOrigin": [ 0.9, 0.4, 0.4 ],
											"rotationZ": -42.0,
											"faces": {
												"north": { "texture": "#skin", "uv": [ 10.5, 8.0, 11.0, 8.5 ], "rotation": 270 },
												"east": { "texture": "#skin", "uv": [ 11.0, 7.5, 11.5, 8.0 ], "rotation": 180, "windMode": [-1,-1,-1,-1] },
												"south": { "texture": "#skin", "uv": [ 11.5, 8.0, 12.0, 8.5 ], "rotation": 90, "windMode": [-1,-1,-1,-1] },
												"up": { "texture": "#skin", "uv": [ 11.0, 8.0, 11.5, 8.5 ], "rotation": 90 },
												"down": { "texture": "#skin", "uv": [ 12.0, 8.0, 12.5, 8.5 ], "rotation": 270, "windMode": [-1,-1,-1,-1] }
											},
											"children": [
												{
													"name": "L Foot",
													"from": [ 0.6, -0.4, 0.0 ],
													"to": [ 1.0, 0.6, 0.6 ],
													"unwrapMode": 4,
													"unwrapRotation": 1,
													"uv": [ 10.5, 9.0 ],
													"rotationOrigin": [ 0.7, 0.4, 0.4 ],
													"rotationX": -1.0,
													"rotationY": 22.0,
													"rotationZ": 22.0,
													"faces": {
														"north": { "texture": "#skin", "uv": [ 11.0, 10.0, 12.0, 10.5 ], "rotation": 90 },
														"east": { "texture": "#skin", "uv": [ 12.5, 9.5, 13.5, 10.0 ], "rotation": 270 },
														"south": { "texture": "#skin", "uv": [ 11.0, 9.0, 12.0, 9.5 ], "rotation": 90 },
														"west": { "texture": "#skin", "uv": [ 11.0, 9.5, 12.0, 10.0 ], "rotation": 90 },
														"up": { "texture": "#skin", "uv": [ 10.5, 9.5, 11.0, 10.0 ], "rotation": 180 },
														"down": { "texture": "#skin", "uv": [ 12.0, 9.5, 12.5, 10.0 ], "rotation": 180 }
													}
												}
											]
										}
									]
								}
							]
						}
					]
				}
			],
			"attachmentpoints": [
				{
					"code": "Center",
					"posX": "-3.0","posY": "-1.0","posZ": "0.0",
					"rotationX": "0.0","rotationY": "0.0","rotationZ": "0.0"
				}
			]
		}
	]}