{
	"code": "marketstall",
	"class": "EntityAgent",
	"habitat": "Land",
	"variantgroups": [
		{
			"code": "type",
			"states": [ "smallstall" ]
		},
		{
			"code": "version",
			"states": [ "classic", "slanted", "open" ]
		},
		{
			"code": "wood",
			"states": [ "aged" ],
			"loadFromProperties": "game:block/wood"
		}
	],
	"skipVariants": [
		"*-aged"
	],
	"hitBoxSizeByType": {
		"*": {
			"x": 1.4,
			"y": 1.2
		}
	},
	"canClimb": true,
	"fallDamage": false,
	"weightByType": {
		"*": 70
	},
	"knockbackResistanceByType": {
		"*": 100
	},
	"eyeHeightByType": {
		"*": 1.7
	},
	"attributes": {
		"minGenerationToAllowHealing": 0,
		"tamedByType": { "*": true },
		"handbook": { "groupcode": "creaturegroup-marketstall" }
	},
	"behaviorConfigs": {
		"controlledphysics": {
			"stepHeight": 1.2,
			"stepUpSpeed": 0.2
		},
		"ellipsoidalrepulseagentsByType": {
			"*": {
				"offset": {
					"x": 0.1,
					"z": -0.6
				},
				"radius": {
					"x": 1,
					"y": 0.8,
					"z": 2
				}
			}
		},
		"floatupwhenstuck": { "onlyWhenDead": true },
		"rideableaccessories": {
			"dropContentsOnDeath": false,
			"wearableSlotsByType": {

				"*-open-*": [
					{
						"code": "RightStorage1",
						"forCategoryCodes": [ "chest", "basket", "storage" ],
						"attachmentPointcode": "RightStorage1AP",
						"stepParentTo": { "": { "elementName": "RightStorage1" } }
					},
					{
						"code": "LeftStorage1",
						"forCategoryCodes": [ "chest", "basket", "storage" ],
						"attachmentPointcode": "LeftStorage1AP",
						"stepParentTo": { "": { "elementName": "LeftStorage1" } }
					},
					{
						"code": "Lightl1-{type}",
						"forCategoryCodes": [ "utilities", "cartpostextra" ],
						"attachmentPointcode": "Light1AP",
						"stepParentTo": { "": { "elementName": "Light1" } }
					},
					{
						"code": "RiderGrip",
						"forCategoryCodes": [],
						"attachmentPointcode": "RiderGripAP",
						"stepParentTo": { "": { "elementName": "RiderGrip" } }
					},
					{
						"code": "Canopy-{type}",
						"forCategoryCodes": [ "cartcanopy", "cartside" ],
						"attachmentPointcode": "CanopyAP",
						"stepParentTo": { "": { "elementName": "Canopy" } }
					},
					{
						"code": "Saddle-{type}",
						"forCategoryCodes": [ "cartgrip" ],
						"attachmentPointcode": "MainGripAP",
						"stepParentTo": { "": { "elementName": "MainGrip" } }
					},
					{
						"code": "Lightr2-{type}",
						"forCategoryCodes": [ "utilities", "cartpostextra" ],
						"attachmentPointcode": "Light2AP",
						"stepParentTo": { "": { "elementName": "Light2" } }
					},
					{
						"code": "Lightb3-{type}",
						"forCategoryCodes": [ "utilities", "cartpostextra" ],
						"attachmentPointcode": "Light3AP",
						"stepParentTo": { "": { "elementName": "Light3" } }
					},
					{
						"code": "Lightb4-{type}",
						"forCategoryCodes": [ "utilities", "cartpostextra" ],
						"attachmentPointcode": "Light4AP",
						"stepParentTo": { "": { "elementName": "Light4" } }
					},
					{
						"code": "Nose-face",
						"forCategoryCodes": [ "face" ],
						"attachmentPointcode": "NoseAP",
						"stepParentTo": { "": { "elementName": "Nose" } }
					},
					{
						"code": "Cartbedroll",
						"forCategoryCodes": [ "bedroll" ],
						"attachmentPointcode": "CartbedrollAP",
						"stepParentTo": { "": { "elementName": "Cartbedroll" } }
					},
					{
						"code": "Cartbedroll2",
						"forCategoryCodes": [ "bedroll" ],
						"attachmentPointcode": "Cartbedroll2AP",
						"stepParentTo": { "": { "elementName": "Cartbedroll2" } }
					}

				],
				"*": [
					{
						"code": "RightStorage1",
						"forCategoryCodes": [ "chest", "basket", "small" ],
						"attachmentPointcode": "RightStorage1AP",
						"stepParentTo": { "": { "elementName": "RightStorage1" } }
					},
					{
						"code": "LeftStorage1",
						"forCategoryCodes": [ "chest", "basket", "small" ],
						"attachmentPointcode": "LeftStorage1AP",
						"stepParentTo": { "": { "elementName": "LeftStorage1" } }
					},
					{
						"code": "Lightl1-{type}",
						"forCategoryCodes": [ "cartpostextra", "utilities" ],
						"attachmentPointcode": "Light1AP",
						"stepParentTo": { "": { "elementName": "Light1" } }
					},
					{
						"code": "RiderGrip",
						"forCategoryCodes": [],
						"attachmentPointcode": "RiderGripAP",
						"stepParentTo": { "": { "elementName": "RiderGrip" } }
					},
					{
						"code": "Canopy-{type}",
						"forCategoryCodes": [ "cartcanopy", "cartside" ],
						"attachmentPointcode": "CanopyAP",
						"stepParentTo": { "": { "elementName": "Canopy" } }
					},
					{
						"code": "Saddle-{type}",
						"forCategoryCodes": [ "cartgrip" ],
						"attachmentPointcode": "MainGripAP",
						"stepParentTo": { "": { "elementName": "MainGrip" } }
					},
					{
						"code": "Smallitem5",
						"forCategoryCodes": [ "utilities", "small1" ],
						"attachmentPointcode": "Smallitem5AP",
						"stepParentTo": { "": { "elementName": "Smallitem5" } }
					},
					{
						"code": "Smallitem6",
						"forCategoryCodes": [ "utilities", "small1" ],
						"attachmentPointcode": "Smallitem6AP",
						"stepParentTo": { "": { "elementName": "Smallitem6" } }
					},
					{
						"code": "Smallitem7",
						"forCategoryCodes": [ "utilities", "small1" ],
						"attachmentPointcode": "Smallitem7AP",
						"stepParentTo": { "": { "elementName": "Smallitem7" } }
					},
					{
						"code": "Smallitem8",
						"forCategoryCodes": [ "utilities", "small1" ],
						"attachmentPointcode": "Smallitem8AP",
						"stepParentTo": { "": { "elementName": "Smallitem8" } }
					},
					{
						"code": "Lightr2-{type}",
						"forCategoryCodes": [ "cartpostextra", "utilities" ],
						"attachmentPointcode": "Light2AP",
						"stepParentTo": { "": { "elementName": "Light2" } }
					},
					{
						"code": "Lightl3-{type}",
						"forCategoryCodes": [ "cartpostextra", "utilities" ],
						"attachmentPointcode": "Light3AP",
						"stepParentTo": { "": { "elementName": "Light3" } }
					},
					{
						"code": "Lightr4-{type}",
						"forCategoryCodes": [ "cartpostextra", "utilities" ],
						"attachmentPointcode": "Light4AP",
						"stepParentTo": { "": { "elementName": "Light4" } }
					},
					{
						"code": "Nose-face",
						"forCategoryCodes": [ "face" ],
						"attachmentPointcode": "NoseAP",
						"stepParentTo": { "": { "elementName": "Nose" } }
					},
					{
						"code": "Blanket-{type}-{version}",
						"forCategoryCodes": [ "blanket" ],
						"attachmentPointcode": "BlanketAP",
						"stepParentTo": { "": { "elementName": "Blanket" } }
					},
					{
						"code": "Smallitem9",
						"forCategoryCodes": [ "utilities", "small1" ],
						"attachmentPointcode": "Smallitem9AP",
						"stepParentTo": { "": { "elementName": "Smallitem9" } }
					},
					{
						"code": "Smallitem10",
						"forCategoryCodes": [ "utilities", "small1" ],
						"attachmentPointcode": "Smallitem10AP",
						"stepParentTo": { "": { "elementName": "Smallitem10" } }
					},
					{
						"code": "Smallitem11",
						"forCategoryCodes": [ "utilities", "small1" ],
						"attachmentPointcode": "Smallitem11AP",
						"stepParentTo": { "": { "elementName": "Smallitem11" } }
					},
					{
						"code": "Smallitem12",
						"forCategoryCodes": [ "utilities", "small1" ],
						"attachmentPointcode": "Smallitem12AP",
						"stepParentTo": { "": { "elementName": "Smallitem12" } }
					},
					{
						"code": "Smallitem13",
						"forCategoryCodes": [ "utilities", "small1" ],
						"attachmentPointcode": "Smallitem13AP",
						"stepParentTo": { "": { "elementName": "Smallitem13" } }
					},
					{
						"code": "Cartbedroll",
						"forCategoryCodes": [ "bedroll" ],
						"attachmentPointcode": "CartbedrollAP",
						"stepParentTo": { "": { "elementName": "Cartbedroll" } }
					}

				]
			}
		},
		"selectionboxes": {
			"selectionBoxesByType": {
				"*open*": [ "RightStorage1AP", "LeftStorage1AP", "Light1AP", "RiderGripAP", "CanopyAP", "MainGripAP", "Light2AP", "Light3AP", "Light4AP", "NoseAP", "BlanketAP", "CartbedrollAP", "Cartbedroll2AP" ],
				"*": [ "RightStorage1AP", "LeftStorage1AP", "Light1AP", "RiderGripAP", "CanopyAP", "MainGripAP", "Smallitem5AP", "Smallitem6AP", "Smallitem7AP", "Smallitem8AP", "Light2AP", "Light3AP", "Light4AP", "NoseAP", "BlanketAP", "Smallitem9AP", "Smallitem10AP", "Smallitem11AP", "Smallitem12AP", "Smallitem13AP", "CartbedrollAP" ]

			}
		},
		"rideable": {
			"interactMountAnySeat": false,
			"seats": [
				{
					"apName": "Rider",
					"selectionBox": "RiderGripAP",
					"bodyYawLimit": 0.2,
					"controllable": true,
					"mountOffsetByType": {
						"*open*": {
							"x": 0.3,
							"y": -1.1,
							"z": 0
						},
						"*": {
							"x": 0.3,
							"y": -1.12,
							"z": 0
						}
					}
				}
			],
			"controls": {
				"idle": {
					"weight": 10,
					"riderAnim": {
						"animation": "pullstall-idle",
						"animationSpeed": 0.00000001,
						"weight": 1,
						"withFpVariant": true,
						"blendMode": "Average"
					}
				},
				"walk": {
					"animation": "walk",
					"movespeed": 0.017,
					"weight": 20,
					"blendMode": "Average",
					"riderAnim": {
						"animation": "pullstall-walk",
						"animationSpeed": 1,
						"weight": 1,
						"withFpVariant": true,
						"blendMode": "Average"
					}
				},
				"sprint": {
					"animation": "sprint",
					"movespeed": 0.048,
					"weight": 10,
					"blendMode": "Average",
					"riderAnim": {
						"animation": "pullstall-sprint",
						"animationSpeed": 1.8,
						"weight": 1,
						"withFpVariant": true,
						"blendMode": "Average"
					}
				},
				"walkback": {
					"animation": "walkback",
					"movespeed": 0.01,
					"weight": 20,
					"blendMode": "Average",
					"riderAnim": {
						"animation": "pullstall-walkback",
						"animationSpeed": 1,
						"weight": 1,
						"withFpVariant": true,
						"blendMode": "Average"
					}
				},
				"jump": {
					"animation": "walk",
					"movespeed": 0.005,
					"weight": 50,
					"blendMode": "Average",
					"riderAnim": {
						"animation": "jump",
						"animationSpeed": 1,
						"weight": 1,
						"withFpVariant": true,
						"blendMode": "Average"
					}
				},
				"swim": {
					"animation": "walk",
					"animationSpeed": 0.5,
					"movespeed": 0.02,
					"weight": 10,
					"blendMode": "Average",
					"riderAnim": {
						"animation": "pullstall-walk",
						"animationSpeed": 0.5,
						"weight": 1,
						"withFpVariant": true,
						"blendMode": "Average"
					}
				}


			}
		},
		"health": {
			"currenthealthByType": {
				"*": 120
			},
			"maxhealthByType": {
				"*": 120
			}
		},
		"ownable": {
			"groupCode": "marketstall"
		}
	},
	"drops": [],
	"client": {
		"PitchStep": false,
		"renderer": "Shape",
		"shapeByType": {
			"*": { "base": "entity/land/{type}-{version}" }
		},
		"texturesByType": {
			"*": {
				"blackbronze": { "base": "game:block/metal/plate/blackbronze" },
				"iron": { "base": "game:block/metal/plate/iron" },
				"oak-h": { "base": "game:block/wood/bark/{wood}-h" },
				"oak": { "base": "game:block/wood/debarked/{wood}" },
				"oak1": { "base": "game:block/wood/planks/{wood}1" },
				"top": { "base": "game:block/wood/echochamber/top" },
				"generic": { "base": "game:block/wood/planks/generic" },
				"mordant": { "base": "game:block/cloth/linen/mordant" },
				"mordant2": { "base": "game:block/cloth/pelt" },
				"ceramiccrock": { "base": "game:block/metal/plate/blackbronze" },
				"ceramicpot": { "base": "game:block/clay/pot-side" }
			}
		},
		"sizeByType": {
			"*": 1
		},
		"behaviors": [
			{
				"code": "ellipsoidalrepulseagents",
				"movable": false
			},
			{
				"code": "mortallywoundable"
			},
			{
				"code": "controlledphysics",
				"stepHeight": 1.2
			},
			{ "code": "interpolateposition" },
			{ "code": "selectionboxes" },
			{ "code": "harvestable" },
			{ "code": "health" },
			{ "code": "ownable" },
			{ "code": "rideableaccessories" },
			{ "code": "rideable" },
			{
				"code": "ropetieable",
				"enabledByType": { "*": false }
			}
		],
		"animations": [
			{
				"code": "idle",
				"animation": "idle",
				"animationSpeed": 0.5,
				"blendMode": "AddAverage",
				"easeOutSpeed": 4,
				"triggeredBy": { "defaultAnim": true }
			},
			{
				"code": "walk",
				"animation": "walk",
				"easeInSpeed": 1,
				"easeOutSpeed": 1,
				"supressDefaultAnimation": true,
				"blendMode": "Average"
			},
			{
				"code": "sprint",
				"animation": "sprint",
				"easeInSpeed": 2,
				"easeOutSpeed": 2,
				"blendMode": "Average"
			},
			{
				"code": "walkback",
				"animation": "walkback",
				"easeInSpeed": 20,
				"easeOutSpeed": 20,
				"weight": 5,
				"blendMode": "Average"
			},
			{
				"code": "jump",
				"animation": "walk",
				"supressDefaultAnimation": true,
				"blendMode": "Average"
			},
			{
				"code": "sleep",
				"animation": "sleep",
				"easeInSpeed": 2,
				"easeOutSpeed": 2,
				"weight": 5,
				"blendMode": "Average"
			}


		]
	},
	"server": {
		"attributes": {
			"pathfinder": {
				"minTurnAnglePerSec": 0,
				"maxTurnAnglePerSecByType": {
					"*": 360
				}
			}
		},
		"behaviors": [
			{
				"code": "mortallywoundable",
				"whenBelowHealth": 10
			},
			{
				"code": "deaddecay",
				"hoursToDecay": 48,
				"decayedBlockByType": {
					"*": "cartwrightscaravan:cartcarcass-{version}stall-{wood}"
				}

			},
			{
				"code": "harvestable",
				"drops": [
					{
						"type": "item",
						"code": "cartwrightscaravan:cartsmisc-wheelsmall",
						"quantityByType": {
							"*open*": {
								"avg": 0,
								"var": 0
							},
							"*": {
								"avg": 2,
								"var": 0
							}
						}
					},
					{
						"type": "block",
						"code": "game:wagonwheels-solid-west",
						"quantityByType": {
							"*open*": {
								"avg": 2,
								"var": 0
							},
							"*": {
								"avg": 0,
								"var": 0
							}
						}
					}
				]
			},
			{
				"code": "repulseagents",
				"movable": false
			},
			{
				"code": "controlledphysics",
				"stepHeight": 1.2
			},
			{ "code": "selectionboxes" },
			{ "code": "ownable" },
			{ "code": "rideableaccessories" },
			{ "code": "rideable" },
			{
				"code": "health",
				"maxhealthByType": { "*": 120 }
			},
			{
				"code": "taskai",
				"aiCreatureType": "LandCreature",
				"aitasks": [
					{
						"code": "cometoowner",
						"priority": 1,
						"animationSpeed": 1.35,
						"movespeed": 0.5,
						"__allowTeleport": true,
						"teleportMaxRange": 1000,
						"teleportAfterRange": 200,
						"teleportToRange": 25
					},
					{
						"code": "idle",
						"animation": "sleep",
						"priority": 1.15,
						"minduration": 20000,
						"maxduration": 800000,
						"mincooldown": 200,
						"maxcooldown": 400000,
						"animationSpeed": 0.3,
						"duringDayTimeFramesByType": {
							"*": [
								{
									"fromHour": 0,
									"toHour": 24
								}
							]
						},
						"stopOnNearbyEntityCodes": [ "player" ],
						"stopRange": 5,
						"stopOnHurt": true
					}
				]
			},
			{
				"code": "ropetieable",
				"enabledByType": { "*": false }
			}

		]
	},
	"sounds": {}
}