{
	code: "slantedroofingcornerouter",
	class: "BlockSlantedRoofingHalf",
	behaviors: [{name: "HorizontalOrientable", properties: {  dropBlockFace: "east" }}],
	"variantgroups": [
		{ "code": "material", "loadFromProperties": "floralzonescaribbeanregion:block/wood" },
		{ loadFromProperties: "abstract/horizontalorientation" },
		{ "code": "cover", states: ["free", "snow"] }
	],
	attributes: {
		mapColorCode: "settlement",
	},
	shapeByType: {
		"@.*-(agedthatch|thatch)-north-.*": { base: "block/roofing/cornerouter/{material}-{cover}", rotateY: 90 },
		"@.*-(agedthatch|thatch)-west-.*": { base: "block/roofing/cornerouter/{material}-{cover}", rotateY: 180 },
		"@.*-(agedthatch|thatch)-south-.*": { base: "block/roofing/cornerouter/{material}-{cover}", rotateY: 270 },
		"@.*-(agedthatch|thatch)-east-.*": { base: "block/roofing/cornerouter/{material}-{cover}", rotateY: 0 },

		"@.*-(fire|blue|red|brown)clay-north-.*": { base: "block/roofing/cornerouter/shingles-clay-{cover}", rotateY: 90 },
		"@.*-(fire|blue|red|brown)clay-west-.*": { base: "block/roofing/cornerouter/shingles-clay-{cover}", rotateY: 180 },
		"@.*-(fire|blue|red|brown)clay-south-.*": { base: "block/roofing/cornerouter/shingles-clay-{cover}", rotateY: 270 },
		"@.*-(fire|blue|red|brown)clay-east-.*": { base: "block/roofing/cornerouter/shingles-clay-{cover}", rotateY: 0 },

		"*-bamboo-north-*": { base: "block/roofing/cornerouter/bamboo-{cover}", rotateY: 90 },
		"*-bamboo-west-*": { base: "block/roofing/cornerouter/bamboo-{cover}", rotateY: 180 },
		"*-bamboo-south-*": { base: "block/roofing/cornerouter/bamboo-{cover}", rotateY: 270 },
		"*-bamboo-east-*": { base: "block/roofing/cornerouter/bamboo-{cover}", rotateY: 0 },

		"*-sod-north-*": { base: "block/roofing/cornerouter/sod-{cover}", rotateY: 90 },
		"*-sod-west-*": { base: "block/roofing/cornerouter/sod-{cover}", rotateY: 180 },
		"*-sod-south-*": { base: "block/roofing/cornerouter/sod-{cover}", rotateY: 270 },
		"*-sod-east-*": { base: "block/roofing/cornerouter/sod-{cover}", rotateY: 0 },

		"@.*-(slate|copper)-north-.*": { base: "block/roofing/cornerouter/shingles-slate-copper-{cover}", rotateY: 90 },
		"@.*-(slate|copper)-west-.*": { base: "block/roofing/cornerouter/shingles-slate-copper-{cover}", rotateY: 180 },
		"@.*-(slate|copper)-south-.*": { base: "block/roofing/cornerouter/shingles-slate-copper-{cover}", rotateY: 270 },
		"@.*-(slate|copper)-east-.*": { base: "block/roofing/cornerouter/shingles-slate-copper-{cover}", rotateY: 0 },

		"*-north-*": { base: "game:block/roofing/cornerouter/wood-{cover}", rotateY: 90 },
		"*-west-*": { base: "game:block/roofing/cornerouter/wood-{cover}", rotateY: 180 },
		"*-south-*": { base: "game:block/roofing/cornerouter/wood-{cover}", rotateY: 270 },
		"*-east-*": { base: "game:block/roofing/cornerouter/wood-{cover}", rotateY: 0 },
	},
	texturesByType: {
		"*": {
			"acacia1": { base: "floralzonescaribbeanregion:block/wood/planks/{material}1" },
			"acacia-top": { base: "floralzonescaribbeanregion:block/wood/shingles/{material}-top" },
			"acacia-side": { base: "floralzonescaribbeanregion:block/wood/shingles/{material}-side" },
		},
	},
	drawtype: "json",
	faceCullMode: "NeverCull",
	renderpass: "OpaqueNoCull",
	sidesolid: { all: false, down: true },
	sideopaque: { all: false },
	blockmaterialByType: {
		"*": "Wood",
	},
	creativeinventory: { "general": ["*-east-free"], "decorative": ["*-east-free"] },
	replaceable: 300,
	resistance: 2,
	lightAbsorption: 99,
	emitSideAo: {
		all: true
	},
	sideAoByType: { "*-sod-*": { all: false } },
	collisionSelectionBoxesByType: {
		"*-north-*": [ { x1: 0.1875, y1: 0, z1: 0, x2: 1, y2: 0.5625, z2: 1, rotateY: 90 }, { x1: 0.625, y1: 0.5625, z1: 0.625, x2: 1, y2: 1, z2: 1, rotateY: 90 } ],
		"*-west-*": [ { x1: 0.1875, y1: 0, z1: 0, x2: 1, y2: 0.5625, z2: 1, rotateY: 180 }, { x1: 0.625, y1: 0.5625, z1: 0.625, x2: 1, y2: 1, z2: 1, rotateY: 180 } ],
		"*-south-*": [ { x1: 0.1875, y1: 0, z1: 0, x2: 1, y2: 0.5625, z2: 1, rotateY: 270 }, { x1: 0.625, y1: 0.5625, z1: 0.625, x2: 1, y2: 1, z2: 1, rotateY: 270 } ],
		"*-east-*": [ { x1: 0.1875, y1: 0, z1: 0, x2: 1, y2: 0.5625, z2: 1 }, { x1: 0.625, y1: 0.5625, z1: 0.625, x2: 1, y2: 1, z2: 1 } ]
	},
	soundsByType: {
		"*": {
			place: "game:block/planks",
			break: "game:block/planks",
			hit: "game:block/planks",
		},
	},
	guiTransformByType: {
		"*-thatch-*": {
			rotation: { x: -22.6, y: -40, z: 0 },
			origin: { x: 0.29, y: 0.45, z: 0.44 },
			scale: 0.85
		},
		"*-agedthatch-*": {
			rotation: { x: -22.6, y: -40, z: 0 },
			origin: { x: 0.29, y: 0.45, z: 0.44 },
			scale: 0.85
		},
		"*": {
			rotation: { x: -22.6, y: -40, z: 0 },
			origin: { x: 0.53, y: 0.4, z: 0.46 },
			scale: 0.85
		}
	}
}
