[
  {
    "file": "game:entities/humanoid/player",
    "op": "add",
    "path": "/client/animations/-",
    "value": {
      "code": "polearmswing",
      "animation": "polearmswing",
      "animationSpeed": 1.5,
      "attributes": {
        "damageAtFrame": 12,
        "authorative": true
    },
      "blendMode": "Add",
      "elementWeight": {"UpperArmR": 16, "LowerArmR": 16, "UpperArmL": 16, "LowerArmL": 16, "ItemAnchor": 16},
      "elementBlendMode": {
        "UpperArmR": "AddAverage",
        "LowerArmR": "AddAverage",
        "UpperArmL": "AddAverage",
        "LowerArmL": "AddAverage",
        "ItemAnchor": "AddAverage"
      }
    }
  },
  {
    "file": "game:shapes/entity/humanoid/seraph-faceless",
    "op": "add",
    "path": "/animations/-",
    "value": {
      "name": "PoleArmSwing",
			"code": "polearmswing",
			"quantityframes": 55,
			"onActivityStopped": "PlayTillEnd",
			"onAnimationEnd": "EaseOut",
			"keyframes": [
				{
					"frame": 8,
					"elements": {
						"LowerTorso": { "offsetX": 0.3, "offsetY": 0.0, "offsetZ": -0.3, "rotationX": -3.0, "rotationY": -50.0, "rotationZ": -1.0 },
						"UpperTorso": { "offsetX": 0.0, "offsetY": 0.0, "offsetZ": 0.0, "rotationX": 1.0, "rotationY": -4.0, "rotationZ": 2.0 },
						"UpperArmR": { "offsetX": 0.0, "offsetY": 0.5, "offsetZ": 0.0, "rotationX": -11.0, "rotationY": 49.0, "rotationZ": -137.0 },
						"LowerArmR": { "offsetX": 0.0, "offsetY": 1.5, "offsetZ": 0.0, "rotationX": -17.0, "rotationY": -10.0, "rotationZ": -10.0 },
						"ItemAnchor": { "rotationX": 0.0, "rotationY": 0.0, "rotationZ": 0.0 },
						"UpperArmL": { "offsetX": 0.0, "offsetY": 0.0, "offsetZ": 0.0, "rotationX": 19.0, "rotationY": 63.0, "rotationZ": -172.0 },
						"LowerArmL": { "offsetX": 0.0, "offsetY": 0.7, "offsetZ": 0.0, "rotationX": 9.0, "rotationY": -31.0, "rotationZ": -48.0 },
						"Neck": { "offsetX": 0.0, "offsetY": 0.0, "offsetZ": 0.0, "rotationX": 1.0, "rotationY": 3.0, "rotationZ": -2.0 },
						"Head": { "offsetX": 0.0, "offsetY": 0.0, "offsetZ": 0.0, "rotationX": 8.0, "rotationY": 49.0, "rotationZ": -7.0 },
						"UpperFootL": { "offsetX": 0.0, "offsetY": 0.0, "offsetZ": 0.0, "rotationX": 0.0, "rotationY": 44.0, "rotationZ": -18.0 },
						"LowerFootL": { "offsetX": 0.0, "offsetY": 0.0, "offsetZ": 0.0, "rotationX": 4.0, "rotationY": 0.0, "rotationZ": 21.0 },
						"UpperFootR": { "offsetX": 0.0, "offsetY": 0.0, "offsetZ": 0.0, "rotationX": 4.0, "rotationY": -1.0, "rotationZ": -7.0 },
						"LowerFootR": { "offsetX": 0.0, "offsetY": 0.0, "offsetZ": 0.0, "rotationX": 0.0, "rotationY": 0.0, "rotationZ": 15.0 }
					}
				},
				{
					"frame": 13,
					"elements": {
						"LowerTorso": { "offsetX": 0.3, "offsetY": 0.0, "offsetZ": -0.3, "rotationX": -3.0, "rotationY": -35.0, "rotationZ": -1.0 },
						"UpperTorso": { "offsetX": 0.0, "offsetY": 0.0, "offsetZ": 0.0, "rotationX": 1.0, "rotationY": 3.0, "rotationZ": 2.0 },
						"UpperArmR": { "offsetX": 0.0, "offsetY": 0.5, "offsetZ": 0.0, "rotationX": -3.0, "rotationY": 18.0, "rotationZ": -47.0 },
						"LowerArmR": { "offsetX": 0.0, "offsetY": 1.5, "offsetZ": 0.0, "rotationX": 2.0, "rotationY": 0.0, "rotationZ": -14.0 },
						"ItemAnchor": { "rotationX": -25.0, "rotationY": 0.0, "rotationZ": 44.0 },
						"UpperArmL": { "offsetX": 0.0, "offsetY": 0.0, "offsetZ": 0.0, "rotationX": 11.0, "rotationY": 5.0, "rotationZ": -51.0 },
						"LowerArmL": { "offsetX": 0.0, "offsetY": 1.0, "offsetZ": 0.0, "rotationX": -1.0, "rotationY": -27.0, "rotationZ": -21.0 },
						"Neck": { "offsetX": 0.0, "offsetY": 0.0, "offsetZ": 0.0, "rotationX": -1.0, "rotationY": -3.0, "rotationZ": -2.0 },
						"Head": { "offsetX": 0.0, "offsetY": 0.0, "offsetZ": 0.0, "rotationX": 1.0, "rotationY": 20.0, "rotationZ": 1.0 },
						"UpperFootL": { "offsetX": 0.0, "offsetY": 0.0, "offsetZ": 0.0, "rotationX": 0.0, "rotationY": 29.0, "rotationZ": -18.0 },
						"LowerFootL": { "offsetX": 0.0, "offsetY": 0.0, "offsetZ": 0.0, "rotationX": 0.0, "rotationY": 0.0, "rotationZ": 22.0 },
						"UpperFootR": { "offsetX": 0.0, "offsetY": -0.5, "offsetZ": 0.0, "rotationX": 4.0, "rotationY": -1.0, "rotationZ": -7.0 },
						"LowerFootR": { "offsetX": 0.0, "offsetY": 0.5, "offsetZ": 0.0, "rotationX": 0.0, "rotationY": 0.0, "rotationZ": 15.0 }
					}
				},
				{
					"frame": 25,
					"elements": {
						"LowerTorso": { "offsetX": 0.3, "offsetY": 0.0, "offsetZ": -0.3, "rotationX": -3.0, "rotationY": -31.0, "rotationZ": -1.0 },
						"UpperTorso": { "offsetX": 0.0, "offsetY": 0.0, "offsetZ": 0.0, "rotationX": 1.0, "rotationY": 3.0, "rotationZ": 2.0 },
						"UpperArmR": { "offsetX": 0.0, "offsetY": 0.5, "offsetZ": 0.0, "rotationX": -3.0, "rotationY": 18.0, "rotationZ": -29.0 },
						"LowerArmR": { "offsetX": 0.0, "offsetY": 1.5, "offsetZ": 0.0, "rotationX": 3.0, "rotationY": 0.0, "rotationZ": -15.0 },
						"ItemAnchor": { "rotationX": -25.0, "rotationY": 0.0, "rotationZ": 44.0 },
						"UpperArmL": { "offsetX": 0.0, "offsetY": 0.0, "offsetZ": 0.0, "rotationX": 15.0, "rotationY": 5.0, "rotationZ": -38.0 },
						"LowerArmL": { "offsetX": 0.0, "offsetY": 1.0, "offsetZ": 0.0, "rotationX": 3.0, "rotationY": -38.0, "rotationZ": -16.0 },
						"Neck": { "offsetX": 0.0, "offsetY": 0.0, "offsetZ": 0.0, "rotationX": -1.0, "rotationY": -3.0, "rotationZ": -2.0 },
						"Head": { "offsetX": 0.0, "offsetY": 0.0, "offsetZ": 0.0, "rotationX": 1.0, "rotationY": 20.0, "rotationZ": 1.0 },
						"UpperFootL": { "offsetX": 0.0, "offsetY": 0.0, "offsetZ": 0.0, "rotationX": 0.0, "rotationY": 29.0, "rotationZ": -18.0 },
						"LowerFootL": { "offsetX": 0.0, "offsetY": 0.0, "offsetZ": 0.0, "rotationX": 0.0, "rotationY": 0.0, "rotationZ": 22.0 },
						"UpperFootR": { "offsetX": 0.0, "offsetY": -0.5, "offsetZ": 0.0, "rotationX": 4.0, "rotationY": -1.0, "rotationZ": -7.0 },
						"LowerFootR": { "offsetX": 0.0, "offsetY": 0.5, "offsetZ": 0.0, "rotationX": 0.0, "rotationY": 0.0, "rotationZ": 15.0 }
					}
				}
			]
		}
  }
]
