[
    {
        "op": "replace",
        "path": "/texturesByType",
        "file": "oneroof:blocktypes/oneroof.json",
        "value": {
            "*-fireclay-*-none-*": {
                "material": { "base": "game:block/clay/shingles/fire" },
                "trim": { "base": "game:block/transparent" },
                "fill": { "base": "game:block/clay/shingles/fire" }
            },
            "*-blueclay-*-none-*": {
                "material": { "base": "game:block/clay/shingles/blue" },
                "trim": { "base": "game:block/transparent" },
                "fill": { "base": "game:block/clay/shingles/blue" }
            },
            "*-blackclay-*-none-*": {
                "material": { "base": "game:block/clay/shingles/black" },
                "trim": { "base": "game:block/transparent" },
                "fill": { "base": "game:block/clay/shingles/black" }
            },
            "*-redclay-*-none-*": {
                "material": { "base": "game:block/clay/shingles/red" },
                "trim": { "base": "game:block/transparent" },
                "fill": { "base": "game:block/clay/shingles/red" }
            },
            "*-brownclay-*-none-*": {
                "material": { "base": "game:block/clay/shingles/brown" },
                "trim": { "base": "game:block/transparent" },
                "fill": { "base": "game:block/clay/shingles/brown" }
            },
            "*-creamclay-*-none-*": {
                "material": { "base": "game:block/clay/shingles/cream" },
                "trim": { "base": "game:block/transparent" },
                "fill": { "base": "game:block/clay/shingles/cream" }
            },
            "*-tanclay-*-none-*": {
                "material": { "base": "game:block/clay/shingles/tan" },
                "trim": { "base": "game:block/transparent" },
                "fill": { "base": "game:block/clay/shingles/tan" }
            },
            "*-orangeclay-*-none-*": {
                "material": { "base": "game:block/clay/shingles/orange" },
                "trim": { "base": "game:block/transparent" },
                "fill": { "base": "game:block/clay/shingles/orange" }
            },
            "*-grayclay-*-none-*": {
                "material": { "base": "game:block/clay/shingles/gray" },
                "trim": { "base": "game:block/transparent" },
                "fill": { "base": "game:block/clay/shingles/gray" }
            },
            "*-thatch-*-free": {
                "normal-side": { "base": "game:block/hay/normal/normal-side*" },
                "normal-top": { "base": "game:block/hay/normal/normal-top*" },
                "straw1": { "base": "game:block/plant/grassroofing/straw1" },
                "bamboo-side": { "base": "game:block/hay/bamboo-side" },
                "material": { "base": "game:block/transparent" },
                "fill": { "base": "game:block/hay/bamboo-side" },
                "trim": { "base": "game:block/transparent" }
            },
            "*-thatch-*-snow": {
                "normal-side": { "base": "game:block/hay/normal/normal-side*" },
                "normal-top": { "base": "game:block/hay/normal/normal-top*" },
                "straw1": { "base": "game:block/plant/grassroofing/straw-winter" },
                "bamboo-side": { "base": "game:block/hay/bamboo-side" },
                "material": { "base": "game:block/transparent" },
                "fill": { "base": "game:block/transparent" },
                "trim": { "base": "game:block/transparent" },
            },
            "*-bamboo-*": {
                "material-2": { "base": "game:block/wood/planks/bamboo-side" },
                "material-1": { "base": "game:block/wood/planks/bamboo-top" },
                "material": { "base": "game:block/wood/planks/bamboosmooth" },
                "fill": { "base": "game:block/wood/planks/bamboo-side" },
                "trim": { "base": "game:block/transparent" }
            },
            "*-slate-*": {
                "material": { "base": "game:block/stone/shingles/slate*" },
                "fill": { "base": "game:block/stone/shingles/slate*" },
                "trim": { "base": "game:block/transparent" },
            },
            "*-copper-*": {
                "material": { "base": "game:block/metal/shingles/copper*" },
                "fill": { "base": "game:block/metal/shingles/copper*" },
                "trim": { "base": "game:block/transparent" },
            },
            "*fireclay-*": {
                "material": { "base": "game:block/clay/shingles/fire" },
                "trim": { "base": "game:block/transparent" },
                "fill": { "base": "game:block/clay/shingles/fire" }
            },
            "*blueclay-*": {
                "material": { "base": "game:block/clay/shingles/blue" },
                "trim": { "base": "game:block/transparent" },
                "fill": { "base": "game:block/clay/shingles/blue" }
            },
            "*blackclay-*": {
                "material": { "base": "game:block/clay/shingles/black" },
                "trim": { "base": "game:block/transparent" },
                "fill": { "base": "game:block/clay/shingles/black" }
            },
            "*redclay-*": {
                "material": { "base": "game:block/clay/shingles/red" },
                "trim": { "base": "game:block/transparent" },
                "fill": { "base": "game:block/clay/shingles/red" }
            },
            "*brownclay-*": {
                "material": { "base": "game:block/clay/shingles/brown" },
                "trim": { "base": "game:block/transparent" },
                "fill": { "base": "game:block/clay/shingles/brown" }
            },
            "*orangeclay-*": {
                "material": { "base": "game:block/clay/shingles/orange" },
                "trim": { "base": "game:block/transparent" },
                "fill": { "base": "game:block/clay/shingles/orange" }
            },
            "*creamclay-*": {
                "material": { "base": "game:block/clay/shingles/cream" },
                "trim": { "base": "game:block/transparent" },
                "fill": { "base": "game:block/clay/shingles/cream" }
            },
            "*tanclay-*": {
                "material": { "base": "game:block/clay/shingles/tan" },
                "trim": { "base": "game:block/transparent" },
                "fill": { "base": "game:block/clay/shingles/tan" }
            },
            "*grayclay-*": {
                "material": { "base": "game:block/clay/shingles/gray" },
                "trim": { "base": "game:block/transparent" },
                "fill": { "base": "game:block/clay/shingles/gray" }
            },
            "*-sod-*-free": {
                "normal": { "base": "game:block/plant/grasscoverage/normal"},
                "short-north": { "base": "game:block/plant/tallgrass/free/short-north"},
                "short-south": { "base": "game:block/plant/tallgrass/free/short-south"},
                "aged1": { "base": "game:block/wood/planks/aged/generic1"},
                "aged-side": { "base": "game:block/wood/roof/aged-side"},
                "aged-top": { "base": "game:block/wood/roof/aged-top"},
                "fill": { "base": "game:block/wood/planks/aged/generic1"},
                "trim": { "base": "game:block/transparent" },
            },
            "*-sod-*-snow": {
                "normal": { "base": "game:block/plant/grasscoverage/normal"},
                "short-north": { "base": "game:block/transparent"},
                "short-south": { "base": "game:block/transparent"},
                "aged1": { "base": "game:block/wood/planks/aged/generic1"},
                "aged-side": { "base": "game:block/wood/roof/aged-side"},
                "aged-top": { "base": "game:block/wood/roof/aged-top"},
                "fill": { "base": "game:block/wood/planks/aged/generic1"},
                "trim": { "base": "game:block/transparent" },
            },
            "*blurpleclay-*": {
                "material": { "base": "bricklayers:block/clay/shingles/blurple" },
                "trim": { "base": "game:block/transparent" },
                "fill": { "base": "bricklayers:block/clay/shingles/blurple" }
            },
            "*darkgreyclay-*": {
                "material": { "base": "bricklayers:block/clay/shingles/darkgrey" },
                "trim": { "base": "game:block/transparent" },
                "fill": { "base": "bricklayers:block/clay/shingles/darkgrey" }
            },
            "*greenclay-*": {
                "material": { "base": "bricklayers:block/clay/shingles/green" },
                "trim": { "base": "game:block/transparent" },
                "fill": { "base": "bricklayers:block/clay/shingles/green" }
            },
            "*lightclay-*": {
                "material": { "base": "bricklayers:block/clay/shingles/light" },
                "trim": { "base": "game:block/transparent" },
                "fill": { "base": "bricklayers:block/clay/shingles/light" }
            },
            "*malachiteclay-*": {
                "material": { "base": "bricklayers:block/clay/shingles/malachite" },
                "trim": { "base": "game:block/transparent" },
                "fill": { "base": "bricklayers:block/clay/shingles/malachite" }
            },
            "*pinkclay-*": {
                "material": { "base": "bricklayers:block/clay/shingles/pink" },
                "trim": { "base": "game:block/transparent" },
                "fill": { "base": "bricklayers:block/clay/shingles/pink" }
            },
            "*purpleclay-*": {
                "material": { "base": "bricklayers:block/clay/shingles/purple" },
                "trim": { "base": "game:block/transparent" },
                "fill": { "base": "bricklayers:block/clay/shingles/purple" }
            },
            "*yellowclay-*": {
                "material": { "base": "bricklayers:block/clay/shingles/yellow" },
                "trim": { "base": "game:block/transparent" },
                "fill": { "base": "bricklayers:block/clay/shingles/yellow" }
            },
            "*": {
		        "oak1": { "base": "game:block/wood/planks/{material}1" },
                "oak-side": { "base": "game:block/wood/shingles/{material}-side" },
                "oak-top": { "base": "game:block/wood/shingles/{material}-top" },
                "fill": { "base": "game:block/wood/planks/{material}1" },
                "trim": { "base": "game:block/transparent" }
            }
        }
    },
    {
        "op": "replace",
        "path": "/texturesInventoryByType",
        "file": "oneroof:blocktypes/oneroof.json",
        "value": {
            "*-fireclay-*-none-*": {
                "material": { "base": "game:block/clay/shingles/fire" },
                "trim": { "base": "game:block/transparent" },
                "fill": { "base": "game:unknown" }
            },
            "*-blueclay-*-none-*": {
                "material": { "base": "game:block/clay/shingles/blue" },
                "trim": { "base": "game:block/transparent" },
                "fill": { "base": "game:unknown" }
            },
            "*-brownclay-*-none-*": {
                "material": { "base": "game:block/clay/shingles/brown" },
                "trim": { "base": "game:block/transparent" },
                "fill": { "base": "game:unknown" }
            },
            "*-redclay-*-none-*": {
                "material": { "base": "game:block/clay/shingles/red" },
                "trim": { "base": "game:block/transparent" },
                "fill": { "base": "game:unknown" }
            },
            "*-blackclay-*-none-*": {
                "material": { "base": "game:block/clay/shingles/black" },
                "trim": { "base": "game:block/transparent" },
                "fill": { "base": "game:unknown" }
            },
            "*-creamclay-*-none-*": {
                "material": { "base": "game:block/clay/shingles/cream" },
                "trim": { "base": "game:block/transparent" },
                "fill": { "base": "game:unknown" }
            },
            "*-grayclay-*-none-*": {
                "material": { "base": "game:block/clay/shingles/gray" },
                "trim": { "base": "game:block/transparent" },
                "fill": { "base": "game:unknown" }
            },
            "*-orangeclay-*-none-*": {
                "material": { "base": "game:block/clay/shingles/orange" },
                "trim": { "base": "game:block/transparent" },
                "fill": { "base": "game:unknown" }
            },
            "*-tanclay-*-none-*": {
                "material": { "base": "game:block/clay/shingles/tan" },
                "trim": { "base": "game:block/transparent" },
                "fill": { "base": "game:unknown" }
            },
            "*-thatch-standard-*": {
                "normal-side": { "base": "game:block/hay/normal/normal-side" },
                "normal-top": { "base": "game:block/hay/normal/normal-top" },
                "straw1": { "base": "game:block/plant/grassroofing/straw1" },
                "bamboo-side": { "base": "game:block/hay/bamboo-side" },
                "fill": { "base": "game:block/transparent" },
                "material": { "base": "game:block/transparent" }
            },
            "*-thatch-dynamic-*": {
                "normal-side": { "base": "game:block/hay/normal/normal-side" },
                "normal-top": { "base": "game:block/hay/normal/normal-top" },
                "straw1": { "base": "game:block/plant/grassroofing/straw1" },
                "bamboo-side": { "base": "game:block/hay/bamboo-side" },
                "fill": { "base": "game:unknown" },
                "material": { "base": "game:block/transparent" }
            },
            "*-bamboo-standard-*": {
                "material-2": { "base": "game:block/wood/planks/bamboo-side" },
                "material-1": { "base": "game:block/wood/planks/bamboo-top" },
                "material": { "base": "game:block/wood/planks/bamboosmooth" },
                "fill": { "base": "game:block/transparent" }
            },
            "*-bamboo-dynamic-*": {
                "material-2": { "base": "game:block/wood/planks/bamboo-side" },
                "material-1": { "base": "game:block/wood/planks/bamboo-top" },
                "material": { "base": "game:block/wood/planks/bamboosmooth" },
                "fill": { "base": "game:unknown" }
            },
            "*-slate-standard-*": {
                "material": { "base": "game:block/stone/shingles/slate*" },
                "fill": { "base": "game:block/transparent" }
            },
            "*-slate-dynamic-*": {
                "material": { "base": "game:block/stone/shingles/slate*" },
                "fill": { "base": "game:unknown" }
            },
            "*-copper-standard-*": {
                "material": { "base": "game:block/metal/shingles/copper*" },
                "fill": { "base": "game:block/transparent" }
            },
            "*-copper-dynamic-*": {
                "material": { "base": "game:block/metal/shingles/copper*" },
                "fill": { "base": "game:unknown" }
            },
            "*fireclay-*": {
                "material": { "base": "game:block/clay/shingles/fire" },
                "trim": { "base": "game:block/wood/planks/{trim}*" },
                "fill": { "base": "game:unknown" }
            },
            "*blueclay-*": {
                "material": { "base": "game:block/clay/shingles/blue" },
                "trim": { "base": "game:block/wood/planks/{trim}*" },
                "fill": { "base": "game:unknown" }
            },
            "*blackclay-*": {
                "material": { "base": "game:block/clay/shingles/black" },
                "trim": { "base": "game:block/wood/planks/{trim}*" },
                "fill": { "base": "game:unknown" }
            },
            "*redclay-*": {
                "material": { "base": "game:block/clay/shingles/red" },
                "trim": { "base": "game:block/wood/planks/{trim}*" },
                "fill": { "base": "game:unknown" }
            },
            "*brownclay-*": {
                "material": { "base": "game:block/clay/shingles/brown" },
                "trim": { "base": "game:block/wood/planks/{trim}*" },
                "fill": { "base": "game:unknown" }
            },
            "*creamclay-*": {
                "material": { "base": "game:block/clay/shingles/cream" },
                "trim": { "base": "game:block/wood/planks/{trim}*" },
                "fill": { "base": "game:unknown" }
            },
            "*orangeclay-*": {
                "material": { "base": "game:block/clay/shingles/orange" },
                "trim": { "base": "game:block/wood/planks/{trim}*" },
                "fill": { "base": "game:unknown" }
            },
            "*tanclay-*": {
                "material": { "base": "game:block/clay/shingles/tan" },
                "trim": { "base": "game:block/wood/planks/{trim}*" },
                "fill": { "base": "game:unknown" }
            },
            "*grayclay-*": {
                "material": { "base": "game:block/clay/shingles/gray" },
                "trim": { "base": "game:block/wood/planks/{trim}*" },
                "fill": { "base": "game:unknown" }
            },
            "*-sod-standard-*": {
                "normal": { "base": "game:block/plant/grasscoverage/normal"},
                "short-north": { "base": "game:block/plant/tallgrass/free/short-north"},
                "short-south": { "base": "game:block/plant/tallgrass/free/short-south"},
                "aged1": { "base": "game:block/wood/planks/aged/generic1"},
                "aged-side": { "base": "game:block/wood/roof/aged-side"},
                "aged-top": { "base": "game:block/wood/roof/aged-top"},
                "fill": { "base": "game:block/transparent" }
            },
            "*-sod-dynamic-*": {
                "normal": { "base": "game:block/plant/grasscoverage/normal"},
                "short-north": { "base": "game:block/plant/tallgrass/free/short-north"},
                "short-south": { "base": "game:block/plant/tallgrass/free/short-south"},
                "aged1": { "base": "game:block/wood/planks/aged/generic1"},
                "aged-side": { "base": "game:block/wood/roof/aged-side"},
                "aged-top": { "base": "game:block/wood/roof/aged-top"},
                "fill": { "base": "game:unknown" }
            },
            "*-blurpleclay-*": {
                "material": { "base": "bricklayers:block/clay/shingles/blurple" },
                "trim": { "base": "game:block/transparent" },
                "fill": { "base": "game:unknown" }
            },
            "*-darkgreyclay-*": {
                "material": { "base": "bricklayers:block/clay/shingles/darkgrey" },
                "trim": { "base": "game:block/transparent" },
                "fill": { "base": "game:unknown" }
            },
            "*-greenclay-*": {
                "material": { "base": "bricklayers:block/clay/shingles/green" },
                "trim": { "base": "game:block/transparent" },
                "fill": { "base": "game:unknown" }
            },
            "*-lightclay-*": {
                "material": { "base": "bricklayers:block/clay/shingles/light" },
                "trim": { "base": "game:block/transparent" },
                "fill": { "base": "game:unknown" }
            },
            "*-malachiteclay-*": {
                "material": { "base": "bricklayers:block/clay/shingles/malachite" },
                "trim": { "base": "game:block/transparent" },
                "fill": { "base": "game:unknown" }
            },
            "*-pinkclay-*": {
                "material": { "base": "bricklayers:block/clay/shingles/pink" },
                "trim": { "base": "game:block/transparent" },
                "fill": { "base": "game:unknown" }
            },
            "*-purpleclay-*": {
                "material": { "base": "bricklayers:block/clay/shingles/purple" },
                "trim": { "base": "game:block/transparent" },
                "fill": { "base": "game:unknown" }
            },
            "*-yellowclay-*": {
                "material": { "base": "bricklayers:block/clay/shingles/yellow" },
                "trim": { "base": "game:block/transparent" },
                "fill": { "base": "game:unknown" }
            },
            "*-standard-*": {
		        "oak1": { "base": "game:block/wood/planks/{material}1" },
                "oak-side": { "base": "game:block/wood/shingles/{material}-side" },
                "oak-top": { "base": "game:block/wood/shingles/{material}-top" },
                "fill": { "base": "game:block/transparent" }
            },
            "*-dynamic-*": {
		        "oak1": { "base": "game:block/wood/planks/{material}1" },
                "oak-side": { "base": "game:block/wood/shingles/{material}-side" },
                "oak-top": { "base": "game:block/wood/shingles/{material}-top" },
                "fill": { "base": "game:unknown" }
            }
        }
    },
]