{
    "editor": {
        "backDropShape": "shapes/entity/humanoid/seraph",
        "allAngles": true,
        "entityTextureMode": true
    },
    "textureWidth": 64,
    "textureHeight": 64,
    "textures": {
        "material": "entity/humanoid/serapharmor/lamellar/bismuthbronze"
    },
    "elements": [
        {
            "name": "ArmorUpperTorso",
            "stepParentName": "UpperTorso",
            "from": [
                -0.3,
                -0.2,
                -0.3
            ],
            "to": [
                5.3,
                5.2,
                6.5
            ],
            "autoUnwrap": false,
            "uv": [
                0,
                0
            ],
            "rotationOrigin": [
                -0.3,
                -0.2,
                -0.3
            ],
            "faces": {
                "north": {
                    "texture": "#material",
                    "uv": [
                        12,
                        6.5,
                        17.5,
                        11.5
                    ]
                },
                "east": {
                    "texture": "#material",
                    "uv": [
                        5.5,
                        6.5,
                        12,
                        11.5
                    ]
                },
                "south": {
                    "texture": "#material",
                    "uv": [
                        0,
                        6.5,
                        5.5,
                        11.5
                    ]
                },
                "west": {
                    "texture": "#material",
                    "uv": [
                        17.5,
                        6.5,
                        24,
                        11.5
                    ]
                },
                "up": {
                    "texture": "#material",
                    "uv": [
                        0,
                        0,
                        5.5,
                        6.5
                    ]
                },
                "down": {
                    "texture": "#material",
                    "uv": [
                        5.5,
                        0,
                        11,
                        6.5
                    ]
                }
            }
        },
        {
            "name": "ArmorLowerTorso",
            "stepParentName": "LowerTorso",
            "from": [
                -0.3,
                -0.5,
                -0.3
            ],
            "to": [
                5.3,
                5.1,
                6.3
            ],
            "autoUnwrap": false,
            "uv": [
                0,
                11.5
            ],
            "rotationOrigin": [
                -0.3,
                -0.5,
                -0.3
            ],
            "faces": {
                "north": {
                    "texture": "#material",
                    "uv": [
                        12,
                        18,
                        17.5,
                        23.5
                    ]
                },
                "east": {
                    "texture": "#material",
                    "uv": [
                        5.5,
                        18,
                        12,
                        23.5
                    ]
                },
                "south": {
                    "texture": "#material",
                    "uv": [
                        0,
                        18,
                        5.5,
                        23.5
                    ]
                },
                "west": {
                    "texture": "#material",
                    "uv": [
                        17.5,
                        18,
                        24,
                        23.5
                    ]
                },
                "up": {
                    "texture": "#material",
                    "uv": [
                        0,
                        11.5,
                        5.5,
                        18
                    ]
                },
                "down": {
                    "texture": "#material",
                    "uv": [
                        5.5,
                        11.5,
                        11,
                        18
                    ]
                }
            }
        },
        {
            "name": "ArmorUpperArmR",
            "stepParentName": "UpperArmR",
            "from": [
                -0.2,
                -0.2,
                -0.3
            ],
            "to": [
                3.1,
                7.2,
                2.1
            ],
            "autoUnwrap": false,
            "uv": [
                36,
                0
            ],
            "rotationOrigin": [
                -0.2,
                -0.2,
                -0.3
            ],
            "faces": {
                "north": {
                    "texture": "#material",
                    "uv": [
                        36,
                        2,
                        39,
                        9
                    ]
                },
                "east": {
                    "texture": "#material",
                    "uv": [
                        44,
                        2,
                        46,
                        9
                    ]
                },
                "south": {
                    "texture": "#material",
                    "uv": [
                        41,
                        2,
                        44,
                        9
                    ]
                },
                "west": {
                    "texture": "#material",
                    "uv": [
                        39,
                        2,
                        41,
                        9
                    ]
                },
                "up": {
                    "texture": "#material",
                    "uv": [
                        36,
                        0,
                        39,
                        2
                    ],
                    "rotation": 180
                },
                "down": {
                    "texture": "#material",
                    "uv": [
                        39,
                        0,
                        42,
                        2
                    ]
                }
            },
            "children": [
                {
                    "name": "ArmorShoulderR",
                    "from": [
                        -0.5,
                        6.8,
                        0.4
                    ],
                    "to": [
                        3.5,
                        7.8,
                        1.9
                    ],
                    "unwrapMode": 5,
                    "uv": [
                        24,
                        17
                    ],
                    "rotationOrigin": [
                        -0.5,
                        6.8,
                        0.4
                    ],
                    "faces": {
                        "north": {
                            "texture": "#material",
                            "uv": [
                                25,
                                17,
                                29,
                                18
                            ],
                            "rotation": 180
                        },
                        "east": {
                            "texture": "#material",
                            "uv": [
                                29,
                                18,
                                30,
                                19.5
                            ],
                            "rotation": 90
                        },
                        "south": {
                            "texture": "#material",
                            "uv": [
                                25,
                                19.5,
                                29,
                                20.5
                            ]
                        },
                        "west": {
                            "texture": "#material",
                            "uv": [
                                24,
                                18,
                                25,
                                19.5
                            ],
                            "rotation": 270
                        },
                        "up": {
                            "texture": "#material",
                            "uv": [
                                25,
                                18,
                                29,
                                19.5
                            ]
                        },
                        "down": {
                            "texture": "#material",
                            "uv": [
                                30,
                                18,
                                34,
                                19.5
                            ]
                        }
                    }
                }
            ]
        },
        {
            "name": "ArmorUpperArmL",
            "stepParentName": "UpperArmL",
            "from": [
                -0.2,
                -0.2,
                -0.2
            ],
            "to": [
                3.1,
                7.2,
                2.2
            ],
            "autoUnwrap": false,
            "uv": [
                26,
                0
            ],
            "rotationOrigin": [
                -0.2,
                -0.2,
                -0.2
            ],
            "faces": {
                "north": {
                    "texture": "#material",
                    "uv": [
                        26,
                        2,
                        29,
                        9
                    ]
                },
                "east": {
                    "texture": "#material",
                    "uv": [
                        34,
                        2,
                        36,
                        9
                    ]
                },
                "south": {
                    "texture": "#material",
                    "uv": [
                        31,
                        2,
                        34,
                        9
                    ]
                },
                "west": {
                    "texture": "#material",
                    "uv": [
                        29,
                        2,
                        31,
                        9
                    ]
                },
                "up": {
                    "texture": "#material",
                    "uv": [
                        26,
                        0,
                        29,
                        2
                    ]
                },
                "down": {
                    "texture": "#material",
                    "uv": [
                        29,
                        0,
                        32,
                        2
                    ]
                }
            },
            "children": [
                {
                    "name": "ArmorShoulderL",
                    "from": [
                        -0.5,
                        6.8,
                        0.2
                    ],
                    "to": [
                        3.5,
                        7.8,
                        1.7
                    ],
                    "unwrapMode": 5,
                    "uv": [
                        24,
                        20.5
                    ],
                    "rotationOrigin": [
                        -0.5,
                        6.8,
                        0.2
                    ],
                    "faces": {
                        "north": {
                            "texture": "#material",
                            "uv": [
                                25,
                                20.5,
                                29,
                                21.5
                            ],
                            "rotation": 180
                        },
                        "east": {
                            "texture": "#material",
                            "uv": [
                                29,
                                21.5,
                                30,
                                23
                            ],
                            "rotation": 90
                        },
                        "south": {
                            "texture": "#material",
                            "uv": [
                                25,
                                23,
                                29,
                                24
                            ]
                        },
                        "west": {
                            "texture": "#material",
                            "uv": [
                                24,
                                21.5,
                                25,
                                23
                            ],
                            "rotation": 270
                        },
                        "up": {
                            "texture": "#material",
                            "uv": [
                                25,
                                21.5,
                                29,
                                23
                            ]
                        },
                        "down": {
                            "texture": "#material",
                            "uv": [
                                30,
                                21.5,
                                34,
                                23
                            ]
                        }
                    }
                }
            ]
        },
        {
            "name": "ArmorLowerArmR",
            "stepParentName": "LowerArmR",
            "from": [
                -0.2,
                1.8,
                -0.25
            ],
            "to": [
                2.7,
                6.2,
                2.25
            ],
            "uv": [
                36,
                9
            ],
            "rotationOrigin": [
                -0.2,
                1.8,
                -0.4
            ],
            "faces": {
                "north": {
                    "texture": "#material",
                    "uv": [
                        36,
                        11.5,
                        38.5,
                        15.5
                    ]
                },
                "east": {
                    "texture": "#material",
                    "uv": [
                        38.5,
                        11.5,
                        41,
                        15.5
                    ]
                },
                "south": {
                    "texture": "#material",
                    "uv": [
                        41,
                        11.5,
                        43.5,
                        15.5
                    ]
                },
                "west": {
                    "texture": "#material",
                    "uv": [
                        43.5,
                        11.5,
                        46,
                        15.5
                    ]
                },
                "up": {
                    "texture": "#material",
                    "uv": [
                        36,
                        9,
                        38.5,
                        11.5
                    ]
                },
                "down": {
                    "texture": "#material",
                    "uv": [
                        38.5,
                        9,
                        41,
                        11.5
                    ]
                }
            }
        },
        {
            "name": "ArmorLowerArmL",
            "stepParentName": "LowerArmL",
            "from": [
                -0.2,
                1.8,
                -0.25
            ],
            "to": [
                2.7,
                6.2,
                2.25
            ],
            "uv": [
                26,
                9
            ],
            "rotationOrigin": [
                -0.2,
                1.8,
                -0.3
            ],
            "faces": {
                "north": {
                    "texture": "#material",
                    "uv": [
                        26,
                        11.5,
                        28.5,
                        15.5
                    ]
                },
                "east": {
                    "texture": "#material",
                    "uv": [
                        28.5,
                        11.5,
                        31,
                        15.5
                    ]
                },
                "south": {
                    "texture": "#material",
                    "uv": [
                        31,
                        11.5,
                        33.5,
                        15.5
                    ]
                },
                "west": {
                    "texture": "#material",
                    "uv": [
                        33.5,
                        11.5,
                        36,
                        15.5
                    ]
                },
                "up": {
                    "texture": "#material",
                    "uv": [
                        26,
                        9,
                        28.5,
                        11.5
                    ]
                },
                "down": {
                    "texture": "#material",
                    "uv": [
                        28.5,
                        9,
                        31,
                        11.5
                    ]
                }
            }
        },
        {
            "name": "ArmorCoatR",
            "stepParentName": "UpperFootR",
            "from": [
                -0.7,
                -0.8,
                -0.45
            ],
            "to": [
                4.9,
                6.2,
                3.05
            ],
            "autoUnwrap": false,
            "uv": [
                18,
                24.5
            ],
            "rotationOrigin": [
                -0.7,
                -0.8,
                -0.6
            ],
            "faces": {
                "north": {
                    "texture": "#material",
                    "uv": [
                        18,
                        28,
                        23.5,
                        35
                    ]
                },
                "east": {
                    "texture": "#material",
                    "uv": [
                        32.5,
                        28,
                        36,
                        35
                    ]
                },
                "south": {
                    "texture": "#material",
                    "uv": [
                        27,
                        28,
                        32.5,
                        35
                    ]
                },
                "west": {
                    "texture": "#material",
                    "uv": [
                        23.5,
                        28,
                        27,
                        35
                    ]
                },
                "up": {
                    "texture": "#material",
                    "uv": [
                        18,
                        24.5,
                        23.5,
                        28
                    ],
                    "rotation": 180
                },
                "down": {
                    "texture": "#material",
                    "uv": [
                        23.5,
                        24.5,
                        29,
                        28
                    ],
                    "rotation": 180
                }
            },
            "children": [
                {
                    "name": "ArmorLegCoverR",
                    "from": [
                        0.5,
                        0.7,
                        0.4
                    ],
                    "to": [
                        5.1,
                        10.1,
                        3.7
                    ],
                    "autoUnwrap": false,
                    "uv": [
                        45.5,
                        48
                    ],
                    "rotationOrigin": [
                        0.5,
                        0.7,
                        0.4
                    ],
                    "faces": {
                        "north": {
                            "texture": "#material",
                            "uv": [
                                58.5,
                                52,
                                63,
                                61
                            ]
                        },
                        "east": {
                            "texture": "#material",
                            "uv": [
                                59.5,
                                52,
                                62.5,
                                61
                            ]
                        },
                        "south": {
                            "texture": "#material",
                            "uv": [
                                56,
                                52,
                                60.5,
                                61
                            ]
                        },
                        "west": {
                            "texture": "#material",
                            "uv": [
                                61,
                                52,
                                64,
                                61
                            ]
                        },
                        "up": {
                            "texture": "#material",
                            "uv": [
                                57.5,
                                52,
                                62,
                                55
                            ]
                        }
                    }
                }
            ]
        },
        {
            "name": "ArmorCoatL",
            "stepParentName": "UpperFootL",
            "from": [
                -0.7,
                -0.8,
                0.15
            ],
            "to": [
                4.9,
                6.2,
                3.65
            ],
            "autoUnwrap": false,
            "uv": [
                0,
                24.5
            ],
            "rotationOrigin": [
                -0.7,
                -0.8,
                0
            ],
            "faces": {
                "north": {
                    "texture": "#material",
                    "uv": [
                        0,
                        28,
                        5.5,
                        35
                    ]
                },
                "east": {
                    "texture": "#material",
                    "uv": [
                        14.5,
                        28,
                        18,
                        35
                    ]
                },
                "south": {
                    "texture": "#material",
                    "uv": [
                        9,
                        28,
                        14.5,
                        35
                    ]
                },
                "west": {
                    "texture": "#material",
                    "uv": [
                        5.5,
                        28,
                        9,
                        35
                    ]
                },
                "up": {
                    "texture": "#material",
                    "uv": [
                        0,
                        24.5,
                        5.5,
                        28
                    ]
                },
                "down": {
                    "texture": "#material",
                    "uv": [
                        5.5,
                        24.5,
                        11,
                        28
                    ]
                }
            },
            "children": [
                {
                    "name": "ArmorLegCoverL",
                    "from": [
                        0.5,
                        0.7,
                        -0.2
                    ],
                    "to": [
                        5.1,
                        10.1,
                        3.1
                    ],
                    "autoUnwrap": false,
                    "uv": [
                        0,
                        0
                    ],
                    "rotationOrigin": [
                        0.5,
                        0.7,
                        -0.2
                    ],
                    "faces": {
                        "north": {
                            "texture": "#material",
                            "uv": [
                                58.5,
                                52,
                                63,
                                61
                            ]
                        },
                        "east": {
                            "texture": "#material",
                            "uv": [
                                59.5,
                                52,
                                62.5,
                                61
                            ]
                        },
                        "south": {
                            "texture": "#material",
                            "uv": [
                                56,
                                52,
                                60.5,
                                61
                            ]
                        },
                        "west": {
                            "texture": "#material",
                            "uv": [
                                61,
                                52,
                                64,
                                61
                            ]
                        },
                        "up": {
                            "texture": "#material",
                            "uv": [
                                57.5,
                                52,
                                62,
                                55
                            ]
                        }
                    }
                }
            ]
        }
    ],
    "textureSizes": {}
}