[
{"name": "Eurasian Auroch Head Mount (Baby)", "ingredientPattern": "_BC,DEF,GHI","ingredients": {"B": { "type": "item", "code": "game:knife-*", "isTool": true },"C": { "type": "item", "code": "game:hammer-*", "isTool": true },"D": { "type": "item", "code": "bovinae:pelt-baby-bosprimigeniusprimigenius" },"E": { "type": "item", "code": "game:metalnailsandstrips-*" },"F": { "type": "item", "code": "game:clay-*" },"G": { "type": "block", "code": "game:debarkedlog-*" },"H": { "type": "block", "code": "game:glass-*" },"I": { "type": "item", "code": "game:powder-borax" }},"width": 3,"height": 3,"output": { "type": "item", "code": "bovinae:headmount-baby-bosprimigeniusprimigenius-00", "quantity": 1  }},
{"name": "Eurasian Auroch Head Mount (Female)", "ingredientPattern": "_BC,DEF,GHI","ingredients": {"B": { "type": "item", "code": "game:knife-*", "isTool": true },"C": { "type": "item", "code": "game:hammer-*", "isTool": true },"D": { "type": "item", "code": "bovinae:pelt-female-bosprimigeniusprimigenius" },"E": { "type": "item", "code": "game:metalnailsandstrips-*" },"F": { "type": "item", "code": "game:clay-*" },"G": { "type": "block", "code": "game:debarkedlog-*" },"H": { "type": "block", "code": "game:glass-*" },"I": { "type": "item", "code": "game:powder-borax" }},"width": 3,"height": 3,"output": { "type": "item", "code": "bovinae:headmount-female-bosprimigeniusprimigenius-00", "quantity": 1  }},
{"name": "Eurasian Auroch Head Mount (Male)", "ingredientPattern": "_BC,DEF,GHI","ingredients": {"B": { "type": "item", "code": "game:knife-*", "isTool": true },"C": { "type": "item", "code": "game:hammer-*", "isTool": true },"D": { "type": "item", "code": "bovinae:pelt-male-bosprimigeniusprimigenius" },"E": { "type": "item", "code": "game:metalnailsandstrips-*" },"F": { "type": "item", "code": "game:clay-*" },"G": { "type": "block", "code": "game:debarkedlog-*" },"H": { "type": "block", "code": "game:glass-*" },"I": { "type": "item", "code": "game:powder-borax" }},"width": 3,"height": 3,"output": { "type": "item", "code": "bovinae:headmount-male-bosprimigeniusprimigenius-00", "quantity": 1  }},

{"name": "Eurasian Auroch Head Mount (Male)","ingredientPattern": "LK","ingredients": {"K": { "type": "item", "code": "bovinae:headmount-male-bosprimigeniusprimigenius-00"},"L": { "type": "item", "code": "game:antler-bosprimigeniusprimigenius-*", "name": "size", "allowedVariants": ["01","02","03","04","05","06"] }},"width": 2,"height": 1,"output": { "type": "item", "code": "bovinae:headmount-male-bosprimigeniusprimigenius-{size}", "quantity": 1  }},
{"name": "Eurasian Auroch Head Mount (Female)","ingredientPattern": "LK","ingredients": {"K": { "type": "item", "code": "bovinae:headmount-female-bosprimigeniusprimigenius-00"},"L": { "type": "item", "code": "game:antler-bosprimigeniusprimigenius-*", "name": "size", "allowedVariants": ["01","02","03","04"] }},"width": 2,"height": 1,"output": { "type": "item", "code": "bovinae:headmount-female-bosprimigeniusprimigenius-{size}", "quantity": 1  }},

{"name": "Bongo Head Mount (Baby)", "ingredientPattern": "_BC,DEF,GHI","ingredients": {"B": { "type": "item", "code": "game:knife-*", "isTool": true },"C": { "type": "item", "code": "game:hammer-*", "isTool": true },"D": { "type": "item", "code": "bovinae:pelt-baby-tragelaphuseurycerus" },"E": { "type": "item", "code": "game:metalnailsandstrips-*" },"F": { "type": "item", "code": "game:clay-*" },"G": { "type": "block", "code": "game:debarkedlog-*" },"H": { "type": "block", "code": "game:glass-*" },"I": { "type": "item", "code": "game:powder-borax" }},"width": 3,"height": 3,"output": { "type": "item", "code": "bovinae:headmount-baby-tragelaphuseurycerus-00", "quantity": 1  }},
{"name": "Bongo Head Mount (Female)", "ingredientPattern": "_BC,DEF,GHI","ingredients": {"B": { "type": "item", "code": "game:knife-*", "isTool": true },"C": { "type": "item", "code": "game:hammer-*", "isTool": true },"D": { "type": "item", "code": "bovinae:pelt-female-tragelaphuseurycerus" },"E": { "type": "item", "code": "game:metalnailsandstrips-*" },"F": { "type": "item", "code": "game:clay-*" },"G": { "type": "block", "code": "game:debarkedlog-*" },"H": { "type": "block", "code": "game:glass-*" },"I": { "type": "item", "code": "game:powder-borax" }},"width": 3,"height": 3,"output": { "type": "item", "code": "bovinae:headmount-female-tragelaphuseurycerus-00", "quantity": 1  }},
{"name": "Bongo Head Mount (Male)", "ingredientPattern": "_BC,DEF,GHI","ingredients": {"B": { "type": "item", "code": "game:knife-*", "isTool": true },"C": { "type": "item", "code": "game:hammer-*", "isTool": true },"D": { "type": "item", "code": "bovinae:pelt-male-tragelaphuseurycerus" },"E": { "type": "item", "code": "game:metalnailsandstrips-*" },"F": { "type": "item", "code": "game:clay-*" },"G": { "type": "block", "code": "game:debarkedlog-*" },"H": { "type": "block", "code": "game:glass-*" },"I": { "type": "item", "code": "game:powder-borax" }},"width": 3,"height": 3,"output": { "type": "item", "code": "bovinae:headmount-male-tragelaphuseurycerus-00", "quantity": 1  }},

{"name": "Bongo Head Mount (Male)","ingredientPattern": "LK","ingredients": {"K": { "type": "item", "code": "bovinae:headmount-male-tragelaphuseurycerus-00"},"L": { "type": "item", "code": "game:antler-tragelaphuseurycerus-*", "name": "size", "allowedVariants": ["01","02","03","04","05","06"] }},"width": 2,"height": 1,"output": { "type": "item", "code": "bovinae:headmount-male-tragelaphuseurycerus-{size}", "quantity": 1  }},
{"name": "Bongo Head Mount (Female)","ingredientPattern": "LK","ingredients": {"K": { "type": "item", "code": "bovinae:headmount-female-tragelaphuseurycerus-00"},"L": { "type": "item", "code": "game:antler-tragelaphuseurycerus-*", "name": "size", "allowedVariants": ["01","02","03","04","05"] }},"width": 2,"height": 1,"output": { "type": "item", "code": "bovinae:headmount-female-tragelaphuseurycerus-{size}", "quantity": 1  }}
]