[
  {
    "file": "chelonioidea:entities/water/chelonioidea-adult.json",
    "op": "add",
    "path": "/attributesByType",
    "side": "Server",
    "value": {
      "*-carettacaretta": {
        "biorealm": [
         "pacific nearctic",
         "atlantic nearctic",
         "atlantic palearctic",
         "central palearctic",
         "eastern palearctic",
         "pacific palearctic",
         "atlantic neotropic",
         "atlantic afrotropic",
         "eastern afrotropic",
         "australasian",
         "oceanic"
        ]
      },
      "*-cheloniamydas": {
        "biorealm": [
         "pacific nearctic",
         "atlantic nearctic",
         "atlantic palearctic",
         "central palearctic",
         "eastern palearctic",
         "pacific palearctic",
         "pacific neotropic",
         "atlantic neotropic",
         "atlantic afrotropic",
         "eastern afrotropic",
         "australasian",
         "oceanic"
        ]
      },
      "*-dermochelyscoriacea": {
        "biorealm": [
         "pacific nearctic",
         "atlantic nearctic",
         "atlantic palearctic",
         "eastern palearctic",
         "pacific palearctic",
         "pacific neotropic",
         "atlantic neotropic",
         "atlantic afrotropic",
         "eastern afrotropic",
         "australasian",
         "oceanic"
        ]
      },
      "*-eretmochelysimbricata": {
        "biorealm": [
         "pacific nearctic",
         "atlantic nearctic",
         "atlantic palearctic",
         "central palearctic",
         "eastern palearctic",
         "pacific palearctic",
         "pacific neotropic",
         "atlantic neotropic",
         "atlantic afrotropic",
         "eastern afrotropic",
         "australasian",
         "oceanic"
        ]
      },
      "*-lepidochelyskempii": {
        "biorealm": [
         "atlantic nearctic",
         "atlantic palearctic"
        ]
      },
      "*-lepidochelysolivacea": {
        "biorealm": [
         "pacific nearctic",
         "atlantic nearctic",
         "central palearctic",
         "eastern palearctic",
         "pacific palearctic",
         "pacific neotropic",
         "atlantic neotropic",
         "atlantic afrotropic",
         "eastern afrotropic",
         "australasian",
         "oceanic"
        ]
      },
      "*-natatordepressus": {
        "biorealm": [
         "australasian"
        ]
      }
    },
    "dependsOn": [
      {
        "modid": "biomes"
      }
    ]
  },
  {
    "file": "chelonioidea:entities/water/chelonioidea-baby.json",
    "op": "add",
    "path": "/attributesByType",
    "side": "Server",
    "value": {
      "*-carettacaretta": {
        "biorealm": [
         "pacific nearctic",
         "atlantic nearctic",
         "atlantic palearctic",
         "central palearctic",
         "eastern palearctic",
         "pacific palearctic",
         "atlantic neotropic",
         "atlantic afrotropic",
         "eastern afrotropic",
         "australasian",
         "oceanic"
        ]
      },
      "*-cheloniamydas": {
        "biorealm": [
         "pacific nearctic",
         "atlantic nearctic",
         "atlantic palearctic",
         "central palearctic",
         "eastern palearctic",
         "pacific palearctic",
         "pacific neotropic",
         "atlantic neotropic",
         "atlantic afrotropic",
         "eastern afrotropic",
         "australasian",
         "oceanic"
        ]
      },
      "*-dermochelyscoriacea": {
        "biorealm": [
         "pacific nearctic",
         "atlantic nearctic",
         "atlantic palearctic",
         "eastern palearctic",
         "pacific palearctic",
         "pacific neotropic",
         "atlantic neotropic",
         "atlantic afrotropic",
         "eastern afrotropic",
         "australasian",
         "oceanic"
        ]
      },
      "*-eretmochelysimbricata": {
        "biorealm": [
         "pacific nearctic",
         "atlantic nearctic",
         "atlantic palearctic",
         "central palearctic",
         "eastern palearctic",
         "pacific palearctic",
         "pacific neotropic",
         "atlantic neotropic",
         "atlantic afrotropic",
         "eastern afrotropic",
         "australasian",
         "oceanic"
        ]
      },
      "*-lepidochelyskempii": {
        "biorealm": [
         "atlantic nearctic",
         "atlantic palearctic"
        ]
      },
      "*-lepidochelysolivacea": {
        "biorealm": [
         "pacific nearctic",
         "atlantic nearctic",
         "central palearctic",
         "eastern palearctic",
         "pacific palearctic",
         "pacific neotropic",
         "atlantic neotropic",
         "atlantic afrotropic",
         "eastern afrotropic",
         "australasian",
         "oceanic"
        ]
      },
      "*-natatordepressus": {
        "biorealm": [
         "australasian"
        ]
      }
    },
    "dependsOn": [
      {
        "modid": "biomes"
      }
    ]
  }
]