{
	"editor": {
		"allAngles": false,
		"entityTextureMode": false
	},
	"textureWidth": 12,
	"textureHeight": 8,
	"textureSizes": {
		"bulb": [12,8],
		"e7": [8,16],
		"s7": [8,16]
	},
	"textures": {
		"bulb": "block/plant/crop/alliumsativum/bulb",
		"e7": "block/plant/crop/alliumsativum/e7",
		"s7": "block/plant/crop/alliumsativum/s7"
	},
	"elements": [
		{
			"name": "garlic",
			"from": [ 3.75, -1.9, 6.75 ],
			"to": [ 6.25, -0.4, 9.25 ],
			"rotationOrigin": [ 4.8, -2.4, 8.0 ],
			"faces": {
				"north": { "texture": "#bulb", "uv": [ 3.0, 0.5, 5.5, 2.0 ], "windMode": [0,0,0,0] },
				"east": { "texture": "#bulb", "uv": [ 1.0, 3.0, 3.5, 4.5 ], "windMode": [0,0,0,0] },
				"south": { "texture": "#bulb", "uv": [ 1.0, 2.5, 3.5, 4.0 ], "windMode": [0,0,0,0] },
				"west": { "texture": "#bulb", "uv": [ 3.0, 0.0, 5.5, 1.5 ], "windMode": [0,0,0,0] },
				"up": { "texture": "#bulb", "uv": [ 7.5, 2.5, 10.0, 5.0 ], "windMode": [0,0,0,0] },
				"down": { "texture": "#bulb", "uv": [ 2.5, 5.5, 5.0, 8.0 ], "windMode": [0,0,0,0] }
			},
			"children": [
				{
					"name": "garlic top",
					"from": [ 0.5, 1.5, 0.5 ],
					"to": [ 2.0, 2.0, 2.0 ],
					"faces": {
						"north": { "texture": "#bulb", "uv": [ 8.0, 3.5, 9.5, 4.0 ], "windMode": [0,0,0,0] },
						"east": { "texture": "#bulb", "uv": [ 8.5, 4.0, 10.0, 4.5 ], "windMode": [0,0,0,0] },
						"south": { "texture": "#bulb", "uv": [ 8.5, 3.5, 10.0, 4.0 ], "windMode": [0,0,0,0] },
						"west": { "texture": "#bulb", "uv": [ 8.0, 3.0, 9.5, 3.5 ], "windMode": [0,0,0,0] },
						"up": { "texture": "#bulb", "uv": [ 9.0, 3.5, 10.5, 5.0 ], "windMode": [0,0,0,0] }
					}
				},
				{
					"name": "s ",
					"from": [ -2.8, 1.0, 1.2 ],
					"to": [ 5.2, 17.0, 1.2 ],
					"shade": false,
					"rotationOrigin": [ 1.2, 1.0, 1.7 ],
					"faces": {
						"south": { "texture": "#s7", "uv": [ 0.0, 0.0, 8.0, 16.0 ], "windMode": [0,0,7,7] }
					}
				},
				{
					"name": "e ",
					"from": [ 1.2, 1.0, -2.8 ],
					"to": [ 1.2, 17.0, 5.2 ],
					"shade": false,
					"rotationOrigin": [ 1.7, 1.0, 1.2 ],
					"faces": {
						"east": { "texture": "#e7", "uv": [ 0.0, 0.0, 8.0, 16.0 ], "windMode": [0,7,7,0] }
					}
				},
				{
					"name": "garlic bottom",
					"from": [ 0.5, -0.5, 0.5 ],
					"to": [ 2.0, 0.0, 2.0 ],
					"faces": {
						"north": { "texture": "#bulb", "uv": [ 2.5, 6.5, 4.0, 7.0 ], "windMode": [0,0,0,0] },
						"east": { "texture": "#bulb", "uv": [ 2.5, 6.0, 4.0, 6.5 ], "windMode": [0,0,0,0] },
						"south": { "texture": "#bulb", "uv": [ 3.5, 6.5, 5.0, 7.0 ], "windMode": [0,0,0,0] },
						"west": { "texture": "#bulb", "uv": [ 3.0, 6.5, 4.5, 7.0 ], "windMode": [0,0,0,0] },
						"down": { "texture": "#bulb", "uv": [ 2.0, 6.5, 3.5, 8.0 ], "windMode": [0,0,0,0] }
					}
				}
			]
		},
		{
			"name": "garlic2",
			"from": [ 10.75, -1.9, 7.75 ],
			"to": [ 13.25, -0.4, 10.25 ],
			"rotationOrigin": [ 11.8, -2.4, 9.0 ],
			"rotationY": 22.5,
			"faces": {
				"north": { "texture": "#bulb", "uv": [ 3.0, 0.5, 5.5, 2.0 ], "windMode": [0,0,0,0] },
				"east": { "texture": "#bulb", "uv": [ 1.0, 3.0, 3.5, 4.5 ], "windMode": [0,0,0,0] },
				"south": { "texture": "#bulb", "uv": [ 1.0, 2.5, 3.5, 4.0 ], "windMode": [0,0,0,0] },
				"west": { "texture": "#bulb", "uv": [ 3.0, 0.0, 5.5, 1.5 ], "windMode": [0,0,0,0] },
				"up": { "texture": "#bulb", "uv": [ 7.5, 2.5, 10.0, 5.0 ], "windMode": [0,0,0,0] },
				"down": { "texture": "#bulb", "uv": [ 2.5, 5.5, 5.0, 8.0 ], "windMode": [0,0,0,0] }
			},
			"children": [
				{
					"name": "garlic top2",
					"from": [ 0.5, 1.5, 0.5 ],
					"to": [ 2.0, 2.0, 2.0 ],
					"faces": {
						"north": { "texture": "#bulb", "uv": [ 8.0, 3.5, 9.5, 4.0 ], "windMode": [0,0,0,0] },
						"east": { "texture": "#bulb", "uv": [ 8.5, 4.0, 10.0, 4.5 ], "windMode": [0,0,0,0] },
						"south": { "texture": "#bulb", "uv": [ 8.5, 3.5, 10.0, 4.0 ], "windMode": [0,0,0,0] },
						"west": { "texture": "#bulb", "uv": [ 8.0, 3.0, 9.5, 3.5 ], "windMode": [0,0,0,0] },
						"up": { "texture": "#bulb", "uv": [ 9.0, 3.5, 10.5, 5.0 ], "windMode": [0,0,0,0] }
					}
				},
				{
					"name": "s 2",
					"from": [ -2.8, 1.0, 1.2 ],
					"to": [ 5.2, 17.0, 1.2 ],
					"shade": false,
					"rotationOrigin": [ 1.2, 1.0, 1.7 ],
					"faces": {
						"south": { "texture": "#s7", "uv": [ 0.0, 0.0, 8.0, 16.0 ], "windMode": [0,0,7,7] }
					}
				},
				{
					"name": "e 2",
					"from": [ 1.2, 1.0, -2.8 ],
					"to": [ 1.2, 17.0, 5.2 ],
					"shade": false,
					"rotationOrigin": [ 1.7, 1.0, 1.2 ],
					"faces": {
						"east": { "texture": "#e7", "uv": [ 0.0, 0.0, 8.0, 16.0 ], "windMode": [0,7,7,0] }
					}
				},
				{
					"name": "garlic bottom2",
					"from": [ 0.5, -0.5, 0.5 ],
					"to": [ 2.0, 0.0, 2.0 ],
					"faces": {
						"north": { "texture": "#bulb", "uv": [ 2.5, 6.5, 4.0, 7.0 ], "windMode": [0,0,0,0] },
						"east": { "texture": "#bulb", "uv": [ 2.5, 6.0, 4.0, 6.5 ], "windMode": [0,0,0,0] },
						"south": { "texture": "#bulb", "uv": [ 3.5, 6.5, 5.0, 7.0 ], "windMode": [0,0,0,0] },
						"west": { "texture": "#bulb", "uv": [ 3.0, 6.5, 4.5, 7.0 ], "windMode": [0,0,0,0] },
						"down": { "texture": "#bulb", "uv": [ 2.0, 6.5, 3.5, 8.0 ], "windMode": [0,0,0,0] }
					}
				}
			]
		},
		{
			"name": "garlic3",
			"from": [ 11.75, -1.9, 0.75 ],
			"to": [ 14.25, -0.4, 3.25 ],
			"rotationOrigin": [ 12.8, -2.4, 2.0 ],
			"rotationY": -22.5,
			"faces": {
				"north": { "texture": "#bulb", "uv": [ 3.0, 0.5, 5.5, 2.0 ], "windMode": [0,0,0,0] },
				"east": { "texture": "#bulb", "uv": [ 1.0, 3.0, 3.5, 4.5 ], "windMode": [0,0,0,0] },
				"south": { "texture": "#bulb", "uv": [ 1.0, 2.5, 3.5, 4.0 ], "windMode": [0,0,0,0] },
				"west": { "texture": "#bulb", "uv": [ 3.0, 0.0, 5.5, 1.5 ], "windMode": [0,0,0,0] },
				"up": { "texture": "#bulb", "uv": [ 7.5, 2.5, 10.0, 5.0 ], "windMode": [0,0,0,0] },
				"down": { "texture": "#bulb", "uv": [ 2.5, 5.5, 5.0, 8.0 ], "windMode": [0,0,0,0] }
			},
			"children": [
				{
					"name": "garlic top3",
					"from": [ 0.5, 1.5, 0.5 ],
					"to": [ 2.0, 2.0, 2.0 ],
					"faces": {
						"north": { "texture": "#bulb", "uv": [ 8.0, 3.5, 9.5, 4.0 ], "windMode": [0,0,0,0] },
						"east": { "texture": "#bulb", "uv": [ 8.5, 4.0, 10.0, 4.5 ], "windMode": [0,0,0,0] },
						"south": { "texture": "#bulb", "uv": [ 8.5, 3.5, 10.0, 4.0 ], "windMode": [0,0,0,0] },
						"west": { "texture": "#bulb", "uv": [ 8.0, 3.0, 9.5, 3.5 ], "windMode": [0,0,0,0] },
						"up": { "texture": "#bulb", "uv": [ 9.0, 3.5, 10.5, 5.0 ], "windMode": [0,0,0,0] }
					}
				},
				{
					"name": "s 3",
					"from": [ -2.8, 1.0, 1.2 ],
					"to": [ 5.2, 17.0, 1.2 ],
					"shade": false,
					"rotationOrigin": [ 1.2, 1.0, 1.7 ],
					"faces": {
						"south": { "texture": "#s7", "uv": [ 0.0, 0.0, 8.0, 16.0 ], "windMode": [0,0,7,7] }
					}
				},
				{
					"name": "e 3",
					"from": [ 1.2, 1.0, -2.8 ],
					"to": [ 1.2, 17.0, 5.2 ],
					"shade": false,
					"rotationOrigin": [ 1.7, 1.0, 1.2 ],
					"faces": {
						"east": { "texture": "#e7", "uv": [ 0.0, 0.0, 8.0, 16.0 ], "windMode": [0,7,7,0] }
					}
				},
				{
					"name": "garlic bottom3",
					"from": [ 0.5, -0.5, 0.5 ],
					"to": [ 2.0, 0.0, 2.0 ],
					"faces": {
						"north": { "texture": "#bulb", "uv": [ 2.5, 6.5, 4.0, 7.0 ], "windMode": [0,0,0,0] },
						"east": { "texture": "#bulb", "uv": [ 2.5, 6.0, 4.0, 6.5 ], "windMode": [0,0,0,0] },
						"south": { "texture": "#bulb", "uv": [ 3.5, 6.5, 5.0, 7.0 ], "windMode": [0,0,0,0] },
						"west": { "texture": "#bulb", "uv": [ 3.0, 6.5, 4.5, 7.0 ], "windMode": [0,0,0,0] },
						"down": { "texture": "#bulb", "uv": [ 2.0, 6.5, 3.5, 8.0 ], "windMode": [0,0,0,0] }
					}
				}
			]
		},
		{
			"name": "garlic4",
			"from": [ 1.75, -1.9, 0.75 ],
			"to": [ 4.25, -0.4, 3.25 ],
			"rotationOrigin": [ 2.8, -2.4, 2.0 ],
			"rotationY": 90.0,
			"faces": {
				"north": { "texture": "#bulb", "uv": [ 3.0, 0.5, 5.5, 2.0 ], "windMode": [0,0,0,0] },
				"east": { "texture": "#bulb", "uv": [ 1.0, 3.0, 3.5, 4.5 ], "windMode": [0,0,0,0] },
				"south": { "texture": "#bulb", "uv": [ 1.0, 2.5, 3.5, 4.0 ], "windMode": [0,0,0,0] },
				"west": { "texture": "#bulb", "uv": [ 3.0, 0.0, 5.5, 1.5 ], "windMode": [0,0,0,0] },
				"up": { "texture": "#bulb", "uv": [ 7.5, 2.5, 10.0, 5.0 ], "windMode": [0,0,0,0] },
				"down": { "texture": "#bulb", "uv": [ 2.5, 5.5, 5.0, 8.0 ], "windMode": [0,0,0,0] }
			},
			"children": [
				{
					"name": "garlic top4",
					"from": [ 0.5, 1.5, 0.5 ],
					"to": [ 2.0, 2.0, 2.0 ],
					"faces": {
						"north": { "texture": "#bulb", "uv": [ 8.0, 3.5, 9.5, 4.0 ], "windMode": [0,0,0,0] },
						"east": { "texture": "#bulb", "uv": [ 8.5, 4.0, 10.0, 4.5 ], "windMode": [0,0,0,0] },
						"south": { "texture": "#bulb", "uv": [ 8.5, 3.5, 10.0, 4.0 ], "windMode": [0,0,0,0] },
						"west": { "texture": "#bulb", "uv": [ 8.0, 3.0, 9.5, 3.5 ], "windMode": [0,0,0,0] },
						"up": { "texture": "#bulb", "uv": [ 9.0, 3.5, 10.5, 5.0 ], "windMode": [0,0,0,0] }
					}
				},
				{
					"name": "s 4",
					"from": [ -2.8, 1.0, 1.2 ],
					"to": [ 5.2, 17.0, 1.2 ],
					"shade": false,
					"rotationOrigin": [ 1.2, 1.0, 1.7 ],
					"faces": {
						"south": { "texture": "#s7", "uv": [ 0.0, 0.0, 8.0, 16.0 ], "windMode": [0,0,7,7] }
					}
				},
				{
					"name": "e 4",
					"from": [ 1.2, 1.0, -2.8 ],
					"to": [ 1.2, 17.0, 5.2 ],
					"shade": false,
					"rotationOrigin": [ 1.7, 1.0, 1.2 ],
					"faces": {
						"east": { "texture": "#e7", "uv": [ 0.0, 0.0, 8.0, 16.0 ], "windMode": [0,7,7,0] }
					}
				},
				{
					"name": "garlic bottom4",
					"from": [ 0.5, -0.5, 0.5 ],
					"to": [ 2.0, 0.0, 2.0 ],
					"faces": {
						"north": { "texture": "#bulb", "uv": [ 2.5, 6.5, 4.0, 7.0 ], "windMode": [0,0,0,0] },
						"east": { "texture": "#bulb", "uv": [ 2.5, 6.0, 4.0, 6.5 ], "windMode": [0,0,0,0] },
						"south": { "texture": "#bulb", "uv": [ 3.5, 6.5, 5.0, 7.0 ], "windMode": [0,0,0,0] },
						"west": { "texture": "#bulb", "uv": [ 3.0, 6.5, 4.5, 7.0 ], "windMode": [0,0,0,0] },
						"down": { "texture": "#bulb", "uv": [ 2.0, 6.5, 3.5, 8.0 ], "windMode": [0,0,0,0] }
					}
				}
			]
		},
		{
			"name": "garlic5",
			"from": [ 1.75, -1.9, 11.75 ],
			"to": [ 4.25, -0.4, 14.25 ],
			"rotationOrigin": [ 2.8, -2.4, 13.0 ],
			"rotationY": 135.0,
			"faces": {
				"north": { "texture": "#bulb", "uv": [ 3.0, 0.5, 5.5, 2.0 ], "windMode": [0,0,0,0] },
				"east": { "texture": "#bulb", "uv": [ 1.0, 3.0, 3.5, 4.5 ], "windMode": [0,0,0,0] },
				"south": { "texture": "#bulb", "uv": [ 1.0, 2.5, 3.5, 4.0 ], "windMode": [0,0,0,0] },
				"west": { "texture": "#bulb", "uv": [ 3.0, 0.0, 5.5, 1.5 ], "windMode": [0,0,0,0] },
				"up": { "texture": "#bulb", "uv": [ 7.5, 2.5, 10.0, 5.0 ], "windMode": [0,0,0,0] },
				"down": { "texture": "#bulb", "uv": [ 2.5, 5.5, 5.0, 8.0 ], "windMode": [0,0,0,0] }
			},
			"children": [
				{
					"name": "garlic top5",
					"from": [ 0.5, 1.5, 0.5 ],
					"to": [ 2.0, 2.0, 2.0 ],
					"faces": {
						"north": { "texture": "#bulb", "uv": [ 8.0, 3.5, 9.5, 4.0 ], "windMode": [0,0,0,0] },
						"east": { "texture": "#bulb", "uv": [ 8.5, 4.0, 10.0, 4.5 ], "windMode": [0,0,0,0] },
						"south": { "texture": "#bulb", "uv": [ 8.5, 3.5, 10.0, 4.0 ], "windMode": [0,0,0,0] },
						"west": { "texture": "#bulb", "uv": [ 8.0, 3.0, 9.5, 3.5 ], "windMode": [0,0,0,0] },
						"up": { "texture": "#bulb", "uv": [ 9.0, 3.5, 10.5, 5.0 ], "windMode": [0,0,0,0] }
					}
				},
				{
					"name": "s 5",
					"from": [ -2.8, 1.0, 1.2 ],
					"to": [ 5.2, 17.0, 1.2 ],
					"shade": false,
					"rotationOrigin": [ 1.2, 1.0, 1.7 ],
					"faces": {
						"south": { "texture": "#s7", "uv": [ 0.0, 0.0, 8.0, 16.0 ], "windMode": [0,0,7,7] }
					}
				},
				{
					"name": "e 5",
					"from": [ 1.2, 1.0, -2.8 ],
					"to": [ 1.2, 17.0, 5.2 ],
					"shade": false,
					"rotationOrigin": [ 1.7, 1.0, 1.2 ],
					"faces": {
						"east": { "texture": "#e7", "uv": [ 0.0, 0.0, 8.0, 16.0 ], "windMode": [0,7,7,0] }
					}
				},
				{
					"name": "garlic bottom5",
					"from": [ 0.5, -0.5, 0.5 ],
					"to": [ 2.0, 0.0, 2.0 ],
					"faces": {
						"north": { "texture": "#bulb", "uv": [ 2.5, 6.5, 4.0, 7.0 ], "windMode": [0,0,0,0] },
						"east": { "texture": "#bulb", "uv": [ 2.5, 6.0, 4.0, 6.5 ], "windMode": [0,0,0,0] },
						"south": { "texture": "#bulb", "uv": [ 3.5, 6.5, 5.0, 7.0 ], "windMode": [0,0,0,0] },
						"west": { "texture": "#bulb", "uv": [ 3.0, 6.5, 4.5, 7.0 ], "windMode": [0,0,0,0] },
						"down": { "texture": "#bulb", "uv": [ 2.0, 6.5, 3.5, 8.0 ], "windMode": [0,0,0,0] }
					}
				}
			]
		},
		{
			"name": "garlic6",
			"from": [ 11.75, -1.9, 11.75 ],
			"to": [ 14.25, -0.4, 14.25 ],
			"rotationOrigin": [ 12.8, -2.4, 13.0 ],
			"rotationY": -112.5,
			"faces": {
				"north": { "texture": "#bulb", "uv": [ 3.0, 0.5, 5.5, 2.0 ], "windMode": [0,0,0,0] },
				"east": { "texture": "#bulb", "uv": [ 1.0, 3.0, 3.5, 4.5 ], "windMode": [0,0,0,0] },
				"south": { "texture": "#bulb", "uv": [ 1.0, 2.5, 3.5, 4.0 ], "windMode": [0,0,0,0] },
				"west": { "texture": "#bulb", "uv": [ 3.0, 0.0, 5.5, 1.5 ], "windMode": [0,0,0,0] },
				"up": { "texture": "#bulb", "uv": [ 7.5, 2.5, 10.0, 5.0 ], "windMode": [0,0,0,0] },
				"down": { "texture": "#bulb", "uv": [ 2.5, 5.5, 5.0, 8.0 ], "windMode": [0,0,0,0] }
			},
			"children": [
				{
					"name": "garlic top6",
					"from": [ 0.5, 1.5, 0.5 ],
					"to": [ 2.0, 2.0, 2.0 ],
					"faces": {
						"north": { "texture": "#bulb", "uv": [ 8.0, 3.5, 9.5, 4.0 ], "windMode": [0,0,0,0] },
						"east": { "texture": "#bulb", "uv": [ 8.5, 4.0, 10.0, 4.5 ], "windMode": [0,0,0,0] },
						"south": { "texture": "#bulb", "uv": [ 8.5, 3.5, 10.0, 4.0 ], "windMode": [0,0,0,0] },
						"west": { "texture": "#bulb", "uv": [ 8.0, 3.0, 9.5, 3.5 ], "windMode": [0,0,0,0] },
						"up": { "texture": "#bulb", "uv": [ 9.0, 3.5, 10.5, 5.0 ], "windMode": [0,0,0,0] }
					}
				},
				{
					"name": "s 6",
					"from": [ -2.8, 1.0, 1.2 ],
					"to": [ 5.2, 17.0, 1.2 ],
					"shade": false,
					"rotationOrigin": [ 1.2, 1.0, 1.7 ],
					"faces": {
						"south": { "texture": "#s7", "uv": [ 0.0, 0.0, 8.0, 16.0 ], "windMode": [0,0,7,7] }
					}
				},
				{
					"name": "e 6",
					"from": [ 1.2, 1.0, -2.8 ],
					"to": [ 1.2, 17.0, 5.2 ],
					"shade": false,
					"rotationOrigin": [ 1.7, 1.0, 1.2 ],
					"faces": {
						"east": { "texture": "#e7", "uv": [ 0.0, 0.0, 8.0, 16.0 ], "windMode": [0,7,7,0] }
					}
				},
				{
					"name": "garlic bottom6",
					"from": [ 0.5, -0.5, 0.5 ],
					"to": [ 2.0, 0.0, 2.0 ],
					"faces": {
						"north": { "texture": "#bulb", "uv": [ 2.5, 6.5, 4.0, 7.0 ], "windMode": [0,0,0,0] },
						"east": { "texture": "#bulb", "uv": [ 2.5, 6.0, 4.0, 6.5 ], "windMode": [0,0,0,0] },
						"south": { "texture": "#bulb", "uv": [ 3.5, 6.5, 5.0, 7.0 ], "windMode": [0,0,0,0] },
						"west": { "texture": "#bulb", "uv": [ 3.0, 6.5, 4.5, 7.0 ], "windMode": [0,0,0,0] },
						"down": { "texture": "#bulb", "uv": [ 2.0, 6.5, 3.5, 8.0 ], "windMode": [0,0,0,0] }
					}
				}
			]
		}
	]}