{
	"code": "leavesbranchy",
	"__comment": "BlockLeaves contains some code for map color tinting, stuff for wind affectedness and random testForDecay server block ticks",
	"class": "BlockLeaves",
	"behaviorsByType": {
		"*-grown*-*": [{"name": "PushEventOnBlockBroken",	"properties": {"eventname": "testForDecay"}}, { "name": "RainDrip" }],
		"*": [{ "name": "RainDrip" }]
	},
	"attributes": {
		"fenceConnect": { "north": false, "east": false, "west": false, "south": false },
		"asphyxiating": false,
		"handbook": {
			"groupBy": ["leavesbranchy-*"]
		},
		"treeFellingGroupCodeByType": {
			"*-grown-*": "0{wood}",
			"*-grown1-*": "1{wood}",
			"*-grown2-*": "2{wood}",
			"*-grown3-*": "3{wood}",
			"*-grown4-*": "4{wood}",
			"*-grown5-*": "5{wood}",
			"*-grown6-*": "6{wood}",
			"*-grown7-*": "7{wood}",

			"*-placed-*": "3{wood}"
		},
		"treeFellingGroupSpreadIndex": 1,
		"canDecayByType": {
			"*-grown*-*": true
		},
		"liquidBarrierOnSides": [ 0.0, 0.0, 0.0, 0.0, 0.0, 0.0 ]
	},
	"variantgroups": [
		{ "code": "type", "states": ["grown", "grown1", "grown2", "grown3", "grown4", "grown5", "grown6", "grown7", "placed"] },
        { "code": "wood", "states": ["alnusalnobetula"]}
	],
	"creativeinventory": { "general": ["leavesbranchy-grown-*"], "flora": ["leavesbranchy-grown-*"] },
	
	"shape": {
		"baseByType": {
			"*": "game:block/plant/leaves/branchy"
		},
		"rotatey": 10,
		"alternates": [
			{ "rotatey": 61 },
			{ "rotatey": 113 },
			{ "rotatey": 164 },
			{ "rotatey": 216 },
			{ "rotatey": 267 },
			{ "rotatey": 319 }
		]
	},
	"lod0shape": {
		"baseByType": {
			"*": "game:block/plant/leaves/branchy-lod0"
		},
		"rotatey": 10,
		"alternates": [
			{ "rotatey": 61 },
			{ "rotatey": 113 },
			{ "rotatey": 164 },
			{ "rotatey": 216 },
			{ "rotatey": 267 },
			{ "rotatey": 319 }
		]
	},
	"shapeInventory": {
		"baseByType": {
			"*": "game:block/plant/leaves/branchy-lod0"
		}
	},
	"renderPass": "OpaqueNoCull",
	"faceCullMode": "CollapseMaterial",
	"blockmaterial": "Leaves",
    "climateColorMapByType": {
        "*": "Null",
    },
	"vertexFlags": {
		"zOffset": 4,
		"windMode": "Leaves"
	},
	"textures": {
		"largeleavesBytype": {
			"*": { "base": "floralzonescosmopolitanregion:block/plant/leaves/large/{wood}*" }
		},
		"smallleavesBytype": {
			"*": { "base": "floralzonescosmopolitanregion:block/plant/leaves/small/{wood}*" },
		},
		"branch": { "base": "game:block/plant/leaves/large/branch" }
	},
	"sideopaque": {
		"all": false
	},
	"sideAo": {
		"all": true
	},
	"emitSideAo": {
		"all": false
	},
	"replaceable": 3000,
	"lightAbsorption": 1,
	"resistance": 0.9,
	"snowCoverage": true,
	"drops": [
		{
			"type": "item",
			"code": "floralzonescosmopolitanregion:treeseed-{wood}",
			"quantityByType": {
				"*": { "avg": 0.05, "var": 0 }
			}
		},
		{
			"type": "item",
			"code": "game:stick",
			"quantity": { "avg": 2.02, "var": 0 },
		}
	],
	"sounds": {
		"break": "game:block/plant",
		"place": "game:block/plant",
		"hit": "game:block/plant",
		"walk": "game:walk/grass",
  	"inside": "game:walk/inside/leafy/bushrustle*"
	},
	"combustibleProps": {
		"burnTemperature": 600,
		"burnDuration": 10
	},
	"materialDensity": 400,
	"heldTpIdleAnimation": "holdbothhandslarge", "heldTpUseAnimation": "twohandplaceblock",
	"tpHandTransform": {
		"translation": { "x": -1.23, "y": -0.91, "z": -0.8 },
		"rotation": { "x": -2, "y": 25, "z": -78 },
		"scale": 0.4
	},
	"guiTransform": {
		"scale": 0.8
	},
	"frostable": true
}
