[
		{
			"op": "add",
			"path": "/shrubgens/-",
			"value": {
				"Generator": "alnusalnobetulashrub",
				"MinSize": 0.1,
				"MaxSize": 0.4,
				"Weight": 50,
				"SuitabilitySizeBonus": 0.8,
				"MinTemp": -7,
				"MaxTemp": 6,
				"MinRain": 21,
				"MaxRain": 255,
				"MinFert": 51,
				"MaxFert": 178,
				"MinForest": 127,
				"MaxForest": 255,
				"MinHeight": 0,
				"MaxHeight": 0.62
			},
			"file": "game:worldgen/treengenproperties.json",
			"side": "server"
		},
		{
			"op": "add",
			"path": "/shrubgens/-",
			"value": {
				"Generator": "alnusalnobetula",
				"MinSize": 0.1,
				"MaxSize": 0.4,
				"Weight": 15,
				"SuitabilitySizeBonus": 0.8,
				"MinTemp": -4,
				"MaxTemp": 12,
				"MinRain": 21,
				"MaxRain": 255,
				"MinFert": 121,
				"MaxFert": 178,
				"MinForest": 127,
				"MaxForest": 255,
				"MinHeight": 0,
				"MaxHeight": 0.4
			},
			"file": "game:worldgen/treengenproperties.json",
			"side": "server"
		},
		{
			"op": "add",
			"path": "/treegens/-",
			"value": {
				"Generator": "caricapapaya",
				"MinSize": 0.4,
				"MaxSize": 0.9,
				"Weight": 0.5,
				"SuitabilitySizeBonus": 0.3,
				"MinTemp": 23,
				"MaxTemp": 34,
				"MinRain": 77,
				"MaxRain": 255,
				"MinFert": 77,
				"MaxFert": 255,
				"MinForest": 102,
				"MaxForest": 178,
				"MinHeight": 0,
				"MaxHeight": 0.63
			},
			"file": "game:worldgen/treengenproperties.json",
			"side": "server",
		},
		{
			"op": "add",
			"path": "/treegens/-",
			"value": {
				"Generator": "cocosnucifera",
				"MinSize": 0.2,
				"MaxSize": 1,
				"Weight": 1,
				"SuitabilitySizeBonus": 0.5,
				"MinTemp": 24,
				"MaxTemp": 37,
				"MinRain": 153,
				"MaxRain": 255,
				"MinFert": 0,
				"MaxFert": 255,
				"MinForest": 0,
				"MaxForest": 127,
				"MinHeight": 0,
				"MaxHeight": 0.54
			},
			"file": "game:worldgen/treengenproperties.json",
			"side": "server",
		},
		{
			"op": "add",
			"path": "/treegens/-",
			"value": {
				"Generator": "cocosnucifera",
				"MinSize": 0.1,
				"MaxSize": 0.6,
				"Weight": 1,
				"SuitabilitySizeBonus": 0.5,
				"MinTemp": 19,
				"MaxTemp": 37,
				"MinRain": 153,
				"MaxRain": 255,
				"MinFert": 0,
				"MaxFert": 255,
				"MinForest": 0,
				"MaxForest": 127,
				"MinHeight": 0,
				"MaxHeight": 0.54
			},
			"file": "game:worldgen/treengenproperties.json",
			"side": "server",
		},
		{
			"op": "add",
			"path": "/treegens/-",
			"value": {
				"Generator": "lagunculariaracemosa",
				"habitat": "Water",
				"MinSize": 1,
				"MaxSize": 1,
				"Weight": 50,
				"SuitabilitySizeBonus": 0,
				"MinTemp": 20,
				"MaxTemp": 37,
				"MinRain": 140,
				"MaxRain": 255,
				"MinFert": 0,
				"MaxFert": 255,
				"MinForest": 102,
				"MaxForest": 255,
				"MinHeight": 0,
				"MaxHeight": 0.4
			},
			"file": "game:worldgen/treengenproperties.json",
			"side": "server",
		},
		{
			"op": "add",
			"path": "/treegens/-",
			"value": {
				"Generator": "rhizophoramangle",
				"habitat": "Water",
				"MinSize": 1,
				"MaxSize": 1,
				"Weight": 60,
				"SuitabilitySizeBonus": 0,
				"MinTemp": 21,
				"MaxTemp": 38,
				"MinRain": 153,
				"MaxRain": 255,
				"MinFert": 153,
				"MaxFert": 255,
				"MinForest": 102,
				"MaxForest": 255,
				"MinHeight": 0,
				"MaxHeight": 0.4
			},
			"file": "game:worldgen/treengenproperties.json",
			"side": "server",
		},
		{
			"op": "add",
			"path": "/treegens/-",
			"value": {
				"Generator": "sonneratiacaseolaris",
				"habitat": "Water",
				"MinSize": 1,
				"MaxSize": 1,
				"Weight": 20,
				"SuitabilitySizeBonus": 0,
				"MinTemp": 24,
				"MaxTemp": 36,
				"MinRain": 168,
				"MaxRain": 255,
				"MinFert": 76,
				"MaxFert": 255,
				"MinForest": 204,
				"MaxForest": 255,
				"MinHeight": 0,
				"MaxHeight": 0.4
			},
			"file": "game:worldgen/treengenproperties.json",
			"side": "server",
		},
]