{
	"editor": {
		"allAngles": false,
		"entityTextureMode": false
	},
	"textureWidth": 16,
	"textureHeight": 16,
	"textureSizes": {
	},
	"textures": {
	},
	"elements": [
		{
			"name": "_origin",
			"from": [ 0.0, 0.0, 0.0 ],
			"to": [ 0.0, 0.0, 0.0 ],
			"rotationOrigin": [ 8.0, 0.0, 8.0 ],
			"faces": {
				"north": { "texture": "#default", "uv": [ 7.0, 0.5, 7.5, 1.0 ] },
				"east": { "texture": "#default", "uv": [ 0.0, 5.5, 0.5, 6.0 ] },
				"south": { "texture": "#default", "uv": [ 0.0, 3.5, 0.5, 4.0 ] },
				"west": { "texture": "#default", "uv": [ 3.5, 10.5, 4.0, 11.0 ] },
				"up": { "texture": "#default", "uv": [ 10.5, 2.5, 11.0, 3.0 ] },
				"down": { "texture": "#default", "uv": [ 7.0, 8.0, 7.5, 8.5 ] }
			},
			"children": [
				{
					"name": "nub1",
					"from": [ 0.0, 0.5, 0.0 ],
					"to": [ 1.0, 1.1, 1.0 ],
					"rotationOrigin": [ 0.0, 0.5, 0.0 ],
					"faces": {
						"north": { "texture": "#eldrathium", "uv": [ 4.5, 13.5, 5.5, 14.0 ] },
						"east": { "texture": "#eldrathium", "uv": [ 1.5, 0.0, 2.5, 0.5 ] },
						"south": { "texture": "#eldrathium", "uv": [ 3.5, 11.5, 4.5, 12.0 ] },
						"west": { "texture": "#eldrathium", "uv": [ 1.5, 11.5, 2.5, 12.0 ] },
						"up": { "texture": "#eldrathium", "uv": [ 5.5, 1.5, 6.5, 2.5 ] },
						"down": { "texture": "#eldrathium", "uv": [ 6.5, 11.0, 7.5, 12.0 ] }
					}
				},
				{
					"name": "nub2",
					"from": [ 15.0, 0.5, 0.0 ],
					"to": [ 16.0, 1.1, 1.0 ],
					"rotationOrigin": [ 0.0, 0.5, 0.0 ],
					"faces": {
						"north": { "texture": "#eldrathium", "uv": [ 11.0, 9.5, 12.0, 10.0 ] },
						"east": { "texture": "#eldrathium", "uv": [ 8.0, 10.5, 9.0, 11.0 ] },
						"south": { "texture": "#eldrathium", "uv": [ 6.0, 8.0, 7.0, 8.5 ] },
						"west": { "texture": "#eldrathium", "uv": [ 7.5, 3.5, 8.5, 4.0 ] },
						"up": { "texture": "#eldrathium", "uv": [ 5.0, 5.0, 6.0, 6.0 ] },
						"down": { "texture": "#eldrathium", "uv": [ 11.5, 4.0, 12.5, 5.0 ] }
					}
				},
				{
					"name": "nub3",
					"from": [ 0.0, 0.5, 15.0 ],
					"to": [ 1.0, 1.1, 16.0 ],
					"rotationOrigin": [ 0.0, 0.5, 0.0 ],
					"faces": {
						"north": { "texture": "#eldrathium", "uv": [ 10.5, 9.0, 11.5, 9.5 ] },
						"east": { "texture": "#eldrathium", "uv": [ 11.0, 1.5, 12.0, 2.0 ] },
						"south": { "texture": "#eldrathium", "uv": [ 9.0, 2.5, 10.0, 3.0 ] },
						"west": { "texture": "#eldrathium", "uv": [ 7.0, 12.0, 8.0, 12.5 ] },
						"up": { "texture": "#eldrathium", "uv": [ 2.5, 6.0, 3.5, 7.0 ] },
						"down": { "texture": "#eldrathium", "uv": [ 0.5, 3.5, 1.5, 4.5 ] }
					}
				},
				{
					"name": "nub4",
					"from": [ 15.0, 0.5, 15.0 ],
					"to": [ 16.0, 1.1, 16.0 ],
					"rotationOrigin": [ 0.0, 0.5, 0.0 ],
					"faces": {
						"north": { "texture": "#eldrathium", "uv": [ 4.0, 11.0, 5.0, 11.5 ] },
						"east": { "texture": "#eldrathium", "uv": [ 1.5, 6.5, 2.5, 7.0 ] },
						"south": { "texture": "#eldrathium", "uv": [ 9.5, 12.5, 10.5, 13.0 ] },
						"west": { "texture": "#eldrathium", "uv": [ 0.5, 13.0, 1.5, 13.5 ] },
						"up": { "texture": "#eldrathium", "uv": [ 14.5, 11.5, 15.5, 12.5 ] },
						"down": { "texture": "#eldrathium", "uv": [ 8.5, 7.5, 9.5, 8.5 ] }
					}
				},
				{
					"name": "_baseconnector",
					"from": [ 0.0, 0.0, 0.0 ],
					"to": [ 0.0, 0.0, 0.0 ],
					"rotationOrigin": [ 8.0, 0.0, 8.0 ],
					"faces": {
						"north": { "texture": "#default", "uv": [ 15.0, 13.5, 15.5, 14.0 ] },
						"east": { "texture": "#default", "uv": [ 10.5, 2.0, 11.0, 2.5 ] },
						"south": { "texture": "#default", "uv": [ 9.0, 14.0, 9.5, 14.5 ] },
						"west": { "texture": "#default", "uv": [ 6.5, 5.5, 7.0, 6.0 ] },
						"up": { "texture": "#default", "uv": [ 7.0, 11.5, 7.5, 12.0 ] },
						"down": { "texture": "#default", "uv": [ 13.5, 6.5, 14.0, 7.0 ] }
					},
					"children": [
						{
							"name": "baseconnector3",
							"from": [ 7.9027, 0.1, 15.4998 ],
							"to": [ 10.9027, 0.3, 15.6998 ],
							"rotationOrigin": [ 7.9, 0.1, 15.5 ],
							"rotationY": 89.98,
							"faces": {
								"north": { "texture": "#lead1", "uv": [ 9.0, 11.5, 12.0, 12.0 ] },
								"east": { "texture": "#lead1", "uv": [ 12.0, 9.0, 12.5, 9.5 ] },
								"south": { "texture": "#lead1", "uv": [ 9.0, 0.0, 12.0, 0.5 ] },
								"west": { "texture": "#lead1", "uv": [ 1.0, 4.0, 1.5, 4.5 ] },
								"up": { "texture": "#lead1", "uv": [ 7.0, 15.0, 10.0, 15.5 ] },
								"down": { "texture": "#lead1", "uv": [ 9.0, 12.0, 12.0, 12.5 ] }
							}
						},
						{
							"name": "baseconnector4",
							"from": [ 7.9027, 0.1, 3.4957 ],
							"to": [ 10.9027, 0.3, 3.6957 ],
							"rotationOrigin": [ 7.9, 0.1, 3.5 ],
							"rotationY": 89.98,
							"faces": {
								"north": { "texture": "#lead1", "uv": [ 7.5, 4.5, 10.5, 5.0 ] },
								"east": { "texture": "#lead1", "uv": [ 4.5, 4.0, 5.0, 4.5 ] },
								"south": { "texture": "#lead1", "uv": [ 6.0, 1.0, 9.0, 1.5 ] },
								"west": { "texture": "#lead1", "uv": [ 3.5, 3.5, 4.0, 4.0 ] },
								"up": { "texture": "#lead1", "uv": [ 1.0, 9.5, 4.0, 10.0 ] },
								"down": { "texture": "#lead1", "uv": [ 2.0, 7.5, 5.0, 8.0 ] }
							}
						},
						{
							"name": "baseconnector7",
							"from": [ 0.5, 0.1, 10.9 ],
							"to": [ 3.5, 0.3, 13.1 ],
							"rotationOrigin": [ 0.5, 0.1, 10.9 ],
							"faces": {
								"north": { "texture": "#material1", "uv": [ 4.5, 9.5, 7.5, 10.0 ] },
								"east": { "texture": "#material1", "uv": [ 7.0, 0.5, 9.0, 1.0 ] },
								"south": { "texture": "#material1", "uv": [ 5.0, 0.5, 8.0, 1.0 ] },
								"west": { "texture": "#material1", "uv": [ 0.5, 2.5, 2.5, 3.0 ] },
								"up": { "texture": "#material1", "uv": [ 4.0, 2.0, 7.0, 4.0 ] },
								"down": { "texture": "#material1", "uv": [ 9.0, 4.0, 12.0, 6.0 ] }
							}
						},
						{
							"name": "baseconnector8",
							"from": [ 0.5, 0.1, 2.9 ],
							"to": [ 3.5, 0.3, 5.1 ],
							"rotationOrigin": [ 0.5, 0.1, 2.9 ],
							"faces": {
								"north": { "texture": "#material1", "uv": [ 10.0, 10.0, 13.0, 10.5 ] },
								"east": { "texture": "#material1", "uv": [ 8.5, 6.0, 10.5, 6.5 ] },
								"south": { "texture": "#material1", "uv": [ 3.0, 11.5, 6.0, 12.0 ] },
								"west": { "texture": "#material1", "uv": [ 1.0, 5.0, 3.0, 5.5 ] },
								"up": { "texture": "#material1", "uv": [ 3.5, 4.5, 6.5, 6.5 ] },
								"down": { "texture": "#material1", "uv": [ 4.5, 13.5, 7.5, 15.5 ] }
							}
						},
						{
							"name": "baseconnector9",
							"from": [ 12.5, 0.1, 2.9 ],
							"to": [ 15.5, 0.3, 5.1 ],
							"rotationOrigin": [ 12.5, 0.1, 2.9 ],
							"faces": {
								"north": { "texture": "#material1", "uv": [ 10.0, 3.0, 13.0, 3.5 ] },
								"east": { "texture": "#material1", "uv": [ 6.5, 11.5, 8.5, 12.0 ] },
								"south": { "texture": "#material1", "uv": [ 2.0, 11.0, 5.0, 11.5 ] },
								"west": { "texture": "#material1", "uv": [ 4.5, 13.5, 6.5, 14.0 ] },
								"up": { "texture": "#material1", "uv": [ 3.5, 6.0, 6.5, 8.0 ] },
								"down": { "texture": "#material1", "uv": [ 2.5, 1.5, 5.5, 3.5 ] }
							}
						},
						{
							"name": "baseconnector10",
							"from": [ 12.5, 0.1, 10.9 ],
							"to": [ 15.5, 0.3, 13.1 ],
							"rotationOrigin": [ 12.5, 0.1, 10.9 ],
							"faces": {
								"north": { "texture": "#material1", "uv": [ 2.5, 13.5, 5.5, 14.0 ] },
								"east": { "texture": "#material1", "uv": [ 3.0, 7.5, 5.0, 8.0 ] },
								"south": { "texture": "#material1", "uv": [ 2.5, 14.0, 5.5, 14.5 ] },
								"west": { "texture": "#material1", "uv": [ 9.0, 5.0, 11.0, 5.5 ] },
								"up": { "texture": "#material1", "uv": [ 11.5, 4.5, 14.5, 6.5 ] },
								"down": { "texture": "#material1", "uv": [ 7.5, 13.0, 10.5, 15.0 ] }
							}
						},
						{
							"name": "baseconnector11",
							"from": [ 0.5, 0.2, 3.7 ],
							"to": [ 15.5, 0.4, 4.2 ],
							"rotationOrigin": [ 0.5, 0.2, 3.7 ],
							"faces": {
								"north": { "texture": "#rustyglow", "uv": [ 10.0, 10.0, 25.0, 10.5 ] },
								"east": { "texture": "#rustyglow", "uv": [ 8.5, 6.0, 9.0, 6.5 ] },
								"south": { "texture": "#rustyglow", "uv": [ 3.0, 11.5, 18.0, 12.0 ] },
								"west": { "texture": "#rustyglow", "uv": [ 1.0, 5.0, 1.5, 5.5 ] },
								"up": { "texture": "#rustyglow", "uv": [ 3.5, 4.5, 18.5, 5.0 ] },
								"down": { "texture": "#rustyglow", "uv": [ 4.5, 13.5, 19.5, 14.0 ] }
							}
						},
						{
							"name": "baseconnector12",
							"from": [ 0.5, 0.2, 11.7 ],
							"to": [ 15.5, 0.4, 12.2 ],
							"rotationOrigin": [ 0.5, 0.2, 11.7 ],
							"faces": {
								"north": { "texture": "#rustyglow", "uv": [ 10.0, 10.0, 25.0, 10.5 ] },
								"east": { "texture": "#rustyglow", "uv": [ 8.5, 6.0, 9.0, 6.5 ] },
								"south": { "texture": "#rustyglow", "uv": [ 3.0, 11.5, 18.0, 12.0 ] },
								"west": { "texture": "#rustyglow", "uv": [ 1.0, 5.0, 1.5, 5.5 ] },
								"up": { "texture": "#rustyglow", "uv": [ 3.5, 4.5, 18.5, 5.0 ] },
								"down": { "texture": "#rustyglow", "uv": [ 4.5, 13.5, 19.5, 14.0 ] }
							}
						}
					]
				},
				{
					"name": "_outerbase",
					"from": [ 0.0, 0.0, 0.0 ],
					"to": [ 0.0, 0.0, 0.0 ],
					"rotationOrigin": [ 8.0, 0.0, 8.0 ],
					"faces": {
						"north": { "texture": "#default", "uv": [ 6.5, 10.0, 7.0, 10.5 ] },
						"east": { "texture": "#default", "uv": [ 0.0, 11.5, 0.5, 12.0 ] },
						"south": { "texture": "#default", "uv": [ 8.5, 14.0, 9.0, 14.5 ] },
						"west": { "texture": "#default", "uv": [ 4.0, 13.0, 4.5, 13.5 ] },
						"up": { "texture": "#default", "uv": [ 6.5, 2.0, 7.0, 2.5 ] },
						"down": { "texture": "#default", "uv": [ 13.5, 1.5, 14.0, 2.0 ] }
					},
					"children": [
						{
							"name": "outerbase1",
							"from": [ 0.0, 0.0, 0.0 ],
							"to": [ 1.0, 0.5, 16.0 ],
							"faces": {
								"north": { "texture": "#eldrathium", "uv": [ 1.5, 5.5, 2.5, 6.0 ] },
								"east": { "texture": "#eldrathium", "uv": [ 0.0, 9.0, 16.0, 9.5 ] },
								"south": { "texture": "#eldrathium", "uv": [ 7.0, 4.5, 8.0, 5.0 ] },
								"west": { "texture": "#eldrathium", "uv": [ 0.0, 12.0, 16.0, 12.5 ] },
								"up": { "texture": "#eldrathium", "uv": [ 12.0, 0.0, 13.0, 16.0 ] },
								"down": { "texture": "#eldrathium", "uv": [ 0.5, 0.0, 1.5, 16.0 ] }
							}
						},
						{
							"name": "outerbase2",
							"from": [ 15.0, 0.0, 0.0 ],
							"to": [ 16.0, 0.5, 16.0 ],
							"faces": {
								"north": { "texture": "#eldrathium", "uv": [ 4.5, 12.0, 5.5, 12.5 ] },
								"east": { "texture": "#eldrathium", "uv": [ 0.0, 2.5, 16.0, 3.0 ] },
								"south": { "texture": "#eldrathium", "uv": [ 6.5, 7.5, 7.5, 8.0 ] },
								"west": { "texture": "#eldrathium", "uv": [ 0.0, 0.5, 16.0, 1.0 ] },
								"up": { "texture": "#eldrathium", "uv": [ 7.0, 0.0, 8.0, 16.0 ] },
								"down": { "texture": "#eldrathium", "uv": [ 10.5, 0.0, 11.5, 16.0 ] }
							}
						},
						{
							"name": "outerbase3",
							"from": [ 1.0, 0.0, 15.0 ],
							"to": [ 15.0, 0.5, 16.0 ],
							"rotationOrigin": [ 1.0, 0.0, -1.0 ],
							"faces": {
								"north": { "texture": "#eldrathium", "uv": [ 0.0, 11.0, 14.0, 11.5 ] },
								"east": { "texture": "#eldrathium", "uv": [ 13.0, 9.0, 14.0, 9.5 ] },
								"south": { "texture": "#eldrathium", "uv": [ 1.0, 2.5, 15.0, 3.0 ] },
								"west": { "texture": "#eldrathium", "uv": [ 7.5, 3.0, 8.5, 3.5 ] },
								"up": { "texture": "#eldrathium", "uv": [ 0.0, 13.0, 14.0, 14.0 ] },
								"down": { "texture": "#eldrathium", "uv": [ 0.5, 11.0, 14.5, 12.0 ] }
							}
						},
						{
							"name": "outerbase4",
							"from": [ 1.0, 0.0, 0.0 ],
							"to": [ 15.0, 0.5, 1.0 ],
							"rotationOrigin": [ 1.0, 0.0, 0.0 ],
							"faces": {
								"north": { "texture": "#eldrathium", "uv": [ 1.0, 11.5, 15.0, 12.0 ] },
								"east": { "texture": "#eldrathium", "uv": [ 9.0, 2.0, 10.0, 2.5 ] },
								"south": { "texture": "#eldrathium", "uv": [ 1.5, 9.5, 15.5, 10.0 ] },
								"west": { "texture": "#eldrathium", "uv": [ 12.0, 1.5, 13.0, 2.0 ] },
								"up": { "texture": "#eldrathium", "uv": [ 0.0, 9.0, 14.0, 10.0 ] },
								"down": { "texture": "#eldrathium", "uv": [ 1.5, 3.5, 15.5, 4.5 ] }
							}
						}
					]
				},
				{
					"name": "_innerbase",
					"from": [ 0.0, 0.5, 0.0 ],
					"to": [ 0.0, 0.5, 0.0 ],
					"rotationOrigin": [ 8.0, 0.5, 8.0 ],
					"faces": {
						"north": { "texture": "#default", "uv": [ 8.0, 4.5, 8.5, 5.0 ] },
						"east": { "texture": "#default", "uv": [ 10.0, 0.0, 10.5, 0.5 ] },
						"south": { "texture": "#default", "uv": [ 5.5, 1.5, 6.0, 2.0 ] },
						"west": { "texture": "#default", "uv": [ 15.0, 2.0, 15.5, 2.5 ] },
						"up": { "texture": "#default", "uv": [ 9.5, 6.0, 10.0, 6.5 ] },
						"down": { "texture": "#default", "uv": [ 5.5, 2.0, 6.0, 2.5 ] }
					},
					"children": [
						{
							"name": "innerbase1",
							"from": [ 3.0, 0.0, 3.0 ],
							"to": [ 13.0, 0.4, 4.0 ],
							"rotationOrigin": [ 3.0, 0.0, 3.0 ],
							"faces": {
								"north": { "texture": "#energy", "uv": [ 0.0, 13.0, 10.0, 13.5 ], "glow": 50 },
								"east": { "texture": "#energy", "uv": [ 1.0, 15.0, 2.0, 15.5 ], "glow": 50 },
								"south": { "texture": "#energy", "uv": [ 0.5, 5.0, 10.5, 5.5 ], "glow": 50 },
								"west": { "texture": "#energy", "uv": [ 13.0, 8.0, 14.0, 8.5 ], "glow": 50 },
								"up": { "texture": "#energy", "uv": [ 5.5, 13.0, 15.5, 14.0 ], "glow": 50 },
								"down": { "texture": "#energy", "uv": [ 2.0, 12.0, 12.0, 13.0 ], "glow": 50 }
							}
						},
						{
							"name": "innerbase2",
							"from": [ 3.0, 0.0, 12.0 ],
							"to": [ 13.0, 0.4, 13.0 ],
							"rotationOrigin": [ 3.0, 0.0, 12.0 ],
							"faces": {
								"north": { "texture": "#energy", "uv": [ 1.5, 10.0, 11.5, 10.5 ], "glow": 50 },
								"east": { "texture": "#energy", "uv": [ 13.0, 0.5, 14.0, 1.0 ], "glow": 50 },
								"south": { "texture": "#energy", "uv": [ 2.0, 5.5, 12.0, 6.0 ], "glow": 50 },
								"west": { "texture": "#energy", "uv": [ 8.0, 4.0, 9.0, 4.5 ], "glow": 50 },
								"up": { "texture": "#energy", "uv": [ 4.0, 6.0, 14.0, 7.0 ], "glow": 50 },
								"down": { "texture": "#energy", "uv": [ 0.5, 11.5, 10.5, 12.5 ], "glow": 50 }
							}
						},
						{
							"name": "innerbase3",
							"from": [ 3.0, 0.0, 4.0 ],
							"to": [ 4.0, 0.4, 12.0 ],
							"rotationOrigin": [ 3.0, 0.0, 4.0 ],
							"faces": {
								"north": { "texture": "#energy", "uv": [ 8.5, 14.0, 9.5, 14.5 ], "glow": 50 },
								"east": { "texture": "#energy", "uv": [ 7.0, 11.0, 15.0, 11.5 ], "glow": 50 },
								"south": { "texture": "#energy", "uv": [ 9.0, 8.5, 10.0, 9.0 ], "glow": 50 },
								"west": { "texture": "#energy", "uv": [ 9.0, 7.5, 17.0, 8.0 ], "glow": 50 },
								"up": { "texture": "#energy", "uv": [ 4.0, 7.5, 5.0, 15.5 ], "glow": 50 },
								"down": { "texture": "#energy", "uv": [ 1.5, 3.0, 2.5, 11.0 ], "glow": 50 }
							}
						},
						{
							"name": "innerbase4",
							"from": [ 12.0, 0.0, 4.0 ],
							"to": [ 13.0, 0.4, 12.0 ],
							"rotationOrigin": [ 12.0, 0.0, 4.0 ],
							"faces": {
								"north": { "texture": "#energy", "uv": [ 11.0, 1.5, 12.0, 2.0 ], "glow": 50 },
								"east": { "texture": "#energy", "uv": [ 1.0, 0.0, 9.0, 0.5 ], "glow": 50 },
								"south": { "texture": "#energy", "uv": [ 8.5, 7.5, 9.5, 8.0 ], "glow": 50 },
								"west": { "texture": "#energy", "uv": [ 9.5, 13.5, 17.5, 14.0 ], "glow": 50 },
								"up": { "texture": "#energy", "uv": [ 9.0, 3.0, 10.0, 11.0 ], "glow": 50 },
								"down": { "texture": "#energy", "uv": [ 2.5, 5.5, 3.5, 13.5 ], "glow": 50 }
							}
						}
					]
				},
				{
					"name": "nubbar2",
					"from": [ 0.25, 0.7, 0.75 ],
					"to": [ 0.75, 0.95, 15.75 ],
					"rotationOrigin": [ 0.25, 0.7, 0.75 ],
					"faces": {
						"north": { "texture": "#rustyglow", "uv": [ 7.0, 15.0, 7.5, 15.5 ], "glow": 50 },
						"east": { "texture": "#rustyglow", "uv": [ 0.0, 15.0, 15.0, 15.5 ], "glow": 50 },
						"south": { "texture": "#rustyglow", "uv": [ 2.0, 3.5, 2.5, 4.0 ], "glow": 50 },
						"west": { "texture": "#rustyglow", "uv": [ 0.5, 4.5, 15.5, 5.0 ], "glow": 50 },
						"up": { "texture": "#rustyglow", "uv": [ 5.5, 0.0, 6.0, 15.0 ], "glow": 50 },
						"down": { "texture": "#rustyglow", "uv": [ 4.0, 0.5, 4.5, 15.5 ], "glow": 50 }
					}
				},
				{
					"name": "nubbar1",
					"from": [ 0.75, 0.7, 0.25 ],
					"to": [ 15.75, 0.95, 0.75 ],
					"rotationOrigin": [ 0.75, 0.7, 0.25 ],
					"faces": {
						"north": { "texture": "#rustyglow", "uv": [ 0.5, 9.5, 15.5, 10.0 ], "glow": 50 },
						"east": { "texture": "#rustyglow", "uv": [ 5.0, 15.0, 5.5, 15.5 ], "glow": 50 },
						"south": { "texture": "#rustyglow", "uv": [ 0.5, 14.0, 15.5, 14.5 ], "glow": 50 },
						"west": { "texture": "#rustyglow", "uv": [ 10.0, 0.5, 10.5, 1.0 ], "glow": 50 },
						"up": { "texture": "#rustyglow", "uv": [ 0.5, 5.5, 15.5, 6.0 ], "glow": 50 },
						"down": { "texture": "#rustyglow", "uv": [ 0.5, 4.0, 15.5, 4.5 ], "glow": 50 }
					}
				},
				{
					"name": "nubbar3",
					"from": [ 15.25, 0.7, 0.75 ],
					"to": [ 15.75, 0.95, 15.75 ],
					"rotationOrigin": [ 0.25, 0.7, 0.75 ],
					"faces": {
						"north": { "texture": "#rustyglow", "uv": [ 7.5, 7.5, 8.0, 8.0 ], "glow": 50 },
						"east": { "texture": "#rustyglow", "uv": [ 0.5, 8.5, 15.5, 9.0 ], "glow": 50 },
						"south": { "texture": "#rustyglow", "uv": [ 4.0, 13.0, 4.5, 13.5 ], "glow": 50 },
						"west": { "texture": "#rustyglow", "uv": [ 0.5, 14.0, 15.5, 14.5 ], "glow": 50 },
						"up": { "texture": "#rustyglow", "uv": [ 9.5, 0.0, 10.0, 15.0 ], "glow": 50 },
						"down": { "texture": "#rustyglow", "uv": [ 2.0, 0.5, 2.5, 15.5 ], "glow": 50 }
					}
				},
				{
					"name": "nubbar4",
					"from": [ 0.75, 0.7, 15.25 ],
					"to": [ 15.75, 0.95, 15.75 ],
					"rotationOrigin": [ 0.75, 0.7, 0.25 ],
					"faces": {
						"north": { "texture": "#rustyglow", "uv": [ 0.5, 13.5, 15.5, 14.0 ], "glow": 50 },
						"east": { "texture": "#rustyglow", "uv": [ 3.0, 5.5, 3.5, 6.0 ], "glow": 50 },
						"south": { "texture": "#rustyglow", "uv": [ 0.5, 14.5, 15.5, 15.0 ], "glow": 50 },
						"west": { "texture": "#rustyglow", "uv": [ 5.0, 11.0, 5.5, 11.5 ], "glow": 50 },
						"up": { "texture": "#rustyglow", "uv": [ 0.0, 8.5, 15.0, 9.0 ], "glow": 50 },
						"down": { "texture": "#rustyglow", "uv": [ 0.5, 13.5, 15.5, 14.0 ], "glow": 50 }
					}
				},
				{
					"name": "main-base",
					"from": [ 1.0, 0.1, 1.0 ],
					"to": [ 15.0, 0.2, 15.0 ],
					"rotationOrigin": [ 1.0, 0.1, 1.0 ],
					"faces": {
						"north": { "texture": "#manastone", "uv": [ 1.5, 10.0, 15.5, 10.5 ] },
						"east": { "texture": "#manastone", "uv": [ 0.0, 0.5, 14.0, 1.0 ] },
						"south": { "texture": "#manastone", "uv": [ 1.0, 8.5, 15.0, 9.0 ] },
						"west": { "texture": "#manastone", "uv": [ 0.0, 11.0, 14.0, 11.5 ] },
						"up": { "texture": "#manastone", "uv": [ 1.0, 1.0, 15.0, 15.0 ] },
						"down": { "texture": "#manastone", "uv": [ 1.5, 0.5, 15.5, 14.5 ] }
					}
				},
				{
					"name": "baseconnector5",
					"from": [ 2.8, 0.2, 2.8 ],
					"to": [ 13.2, 0.6, 13.2 ],
					"rotationOrigin": [ 2.8, 0.2, 2.8 ],
					"faces": {
						"north": { "texture": "#lead", "uv": [ 5.0, 3.5, 15.0, 4.0 ] },
						"east": { "texture": "#lead", "uv": [ 3.5, 5.5, 13.5, 6.0 ] },
						"south": { "texture": "#lead", "uv": [ 5.5, 5.5, 15.5, 6.0 ] },
						"west": { "texture": "#lead", "uv": [ 0.5, 8.5, 10.5, 9.0 ] },
						"up": { "texture": "#lead", "uv": [ 3.5, 5.5, 13.5, 15.5 ] },
						"down": { "texture": "#lead", "uv": [ 2.0, 1.0, 12.0, 11.0 ] }
					}
				},
				{
					"name": "baseconnector6",
					"from": [ 5.8, 0.5, 5.8 ],
					"to": [ 10.3, 1.0, 10.3 ],
					"rotationOrigin": [ 8.05, 0.5, 8.05 ],
					"faces": {
						"north": { "texture": "#rustyglow", "uv": [ 5.5, 14.5, 10.0, 15.0 ], "glow": 50 },
						"east": { "texture": "#rustyglow", "uv": [ 8.5, 8.0, 13.0, 8.5 ], "glow": 50 },
						"south": { "texture": "#rustyglow", "uv": [ 8.0, 1.5, 12.5, 2.0 ], "glow": 50 },
						"west": { "texture": "#rustyglow", "uv": [ 6.0, 0.0, 10.5, 0.5 ], "glow": 50 },
						"up": { "texture": "#rustyglow", "uv": [ 1.0, 5.0, 5.5, 9.5 ], "glow": 50 },
						"down": { "texture": "#rustyglow", "uv": [ 9.0, 5.5, 13.5, 10.0 ], "glow": 50 }
					}
				}
			]
		}
	]}