{
	"editor": {
		"allAngles": true,
		"entityTextureMode": false
	},
	"textureWidth": 16,
	"textureHeight": 16,
	"textureSizes": {
	},
	"textures": {
		"oak-dark": "block/wood/oak-dark"
	},
	"elements": [
		{
			"name": "origin",
			"from": [ 8.0, 0.0, 8.0 ], 
			"to": [ 8.0, 0.0, 8.0 ], 
			"rotationOrigin": [ 8.0, 0.0, 8.0 ],
			"faces": {
				"north": { "texture": "#oak-dark", "uv": [ 0.0, 0.0, 0.5, 0.5 ], "enabled": false },
				"east": { "texture": "#oak-dark", "uv": [ 0.0, 0.0, 0.5, 0.5 ], "enabled": false },
				"south": { "texture": "#oak-dark", "uv": [ 0.0, 0.0, 0.5, 0.5 ], "enabled": false },
				"west": { "texture": "#oak-dark", "uv": [ 0.0, 0.0, 0.5, 0.5 ], "enabled": false },
				"up": { "texture": "#oak-dark", "uv": [ 0.0, 0.0, 0.5, 0.5 ], "enabled": false },
				"down": { "texture": "#oak-dark", "uv": [ 0.0, 0.0, 0.5, 0.5 ], "enabled": false }
			},
			"children": [
				{
					"name": "handle",
					"from": [ -0.7, 0.0, -0.7 ], 
					"to": [ 0.8, 7.5, 0.8 ], 
					"faces": {
						"north": { "texture": "#oak-dark", "uv": [ 11.0, 6.0, 12.5, 13.5 ] },
						"east": { "texture": "#oak-dark", "uv": [ 11.0, 6.0, 12.5, 13.5 ] },
						"south": { "texture": "#oak-dark", "uv": [ 12.0, 6.5, 13.5, 14.0 ] },
						"west": { "texture": "#oak-dark", "uv": [ 12.0, 6.5, 13.5, 14.0 ] },
						"up": { "texture": "#oak-dark", "uv": [ 3.0, 1.5, 4.5, 3.0 ] },
						"down": { "texture": "#oak-dark", "uv": [ 0.0, 14.5, 1.5, 16.0 ] }
					},
					"children": [
						{
							"name": "branch",
							"from": [ 0.3, 6.0, 0.0 ], 
							"to": [ 1.3, 7.0, 1.0 ], 
							"rotationOrigin": [ 0.8, 6.0, 0.5 ],
							"rotationX": -45.0,
							"rotationY": 45.0,
							"faces": {
								"north": { "texture": "#oak-dark", "uv": [ 4.0, 9.5, 5.0, 10.5 ] },
								"east": { "texture": "#oak-dark", "uv": [ 3.0, 5.5, 4.0, 6.5 ] },
								"south": { "texture": "#oak-dark", "uv": [ 2.5, 5.5, 3.5, 6.5 ] },
								"west": { "texture": "#oak-dark", "uv": [ 4.0, 5.0, 5.0, 6.0 ] },
								"up": { "texture": "#oak-dark", "uv": [ 4.0, 8.5, 5.0, 9.5 ] },
								"down": { "texture": "#oak-dark", "uv": [ 0.0, 0.0, 1.0, 1.0 ], "enabled": false }
							},
							"children": [
								{
									"name": "bark7",
									"from": [ 0.0, -0.5, 1.0 ], 
									"to": [ 1.0, 1.5, 1.5 ], 
									"rotationOrigin": [ 0.0, 0.0, 1.0 ],
									"faces": {
										"north": { "texture": "#oak-dark", "uv": [ 0.0, 0.0, 1.0, 2.0 ], "enabled": false },
										"east": { "texture": "#oak-dark", "uv": [ 3.0, 6.0, 3.5, 8.0 ] },
										"south": { "texture": "#oak-dark", "uv": [ 3.0, 6.5, 4.0, 8.5 ] },
										"west": { "texture": "#oak-dark", "uv": [ 4.0, 6.5, 4.5, 8.5 ] },
										"up": { "texture": "#oak-dark", "uv": [ 3.0, 8.0, 4.0, 8.5 ] },
										"down": { "texture": "#oak-dark", "uv": [ 4.0, 13.5, 5.0, 14.0 ] }
									}
								}
							]
						},
						{
							"name": "branch2",
							"from": [ 0.0, 6.0, 0.3 ], 
							"to": [ 1.0, 8.0, 1.3 ], 
							"rotationOrigin": [ 0.5, 6.0, 0.8 ],
							"rotationX": 45.0,
							"rotationZ": 22.5,
							"faces": {
								"north": { "texture": "#oak-dark", "uv": [ 3.0, 9.0, 4.0, 11.0 ] },
								"east": { "texture": "#oak-dark", "uv": [ 3.5, 5.5, 4.5, 7.5 ] },
								"south": { "texture": "#oak-dark", "uv": [ 3.5, 8.5, 4.5, 10.5 ] },
								"west": { "texture": "#oak-dark", "uv": [ 3.0, 7.0, 4.0, 9.0 ] },
								"up": { "texture": "#oak-dark", "uv": [ 3.0, 8.0, 4.0, 9.0 ] },
								"down": { "texture": "#oak-dark", "uv": [ 0.0, 0.0, 1.0, 1.0 ], "enabled": false }
							},
							"children": [
								{
									"name": "bark6",
									"from": [ 0.0, 0.0, 1.0 ], 
									"to": [ 1.0, 1.0, 1.5 ], 
									"rotationOrigin": [ 0.0, 0.0, 1.0 ],
									"faces": {
										"north": { "texture": "#oak-dark", "uv": [ 0.0, 0.0, 1.0, 1.0 ], "enabled": false },
										"east": { "texture": "#oak-dark", "uv": [ 3.0, 9.5, 3.5, 10.5 ] },
										"south": { "texture": "#oak-dark", "uv": [ 3.0, 12.0, 4.0, 13.0 ] },
										"west": { "texture": "#oak-dark", "uv": [ 4.0, 10.5, 4.5, 11.5 ] },
										"up": { "texture": "#oak-dark", "uv": [ 3.5, 9.5, 4.5, 10.0 ] },
										"down": { "texture": "#oak-dark", "uv": [ 0.0, 0.0, 1.0, 0.5 ], "enabled": false }
									}
								}
							]
						},
						{
							"name": "bark1",
							"from": [ -0.2, 3.0, -0.2 ], 
							"to": [ 0.8, 7.0, 0.8 ], 
							"rotationOrigin": [ 0.3, 3.0, 0.1 ],
							"faces": {
								"north": { "texture": "#oak-dark", "uv": [ 3.5, 7.5, 4.5, 11.5 ] },
								"east": { "texture": "#oak-dark", "uv": [ 3.0, 9.0, 4.0, 13.0 ] },
								"south": { "texture": "#oak-dark", "uv": [ 4.0, 10.0, 5.0, 14.0 ] },
								"west": { "texture": "#oak-dark", "uv": [ 3.0, 11.5, 4.0, 15.5 ] },
								"up": { "texture": "#oak-dark", "uv": [ 2.5, 5.5, 3.5, 6.5 ] },
								"down": { "texture": "#oak-dark", "uv": [ 3.5, 13.5, 4.5, 14.5 ] }
							}
						},
						{
							"name": "bark2",
							"from": [ 0.7, 3.0, 0.7 ], 
							"to": [ 1.7, 8.0, 1.7 ], 
							"rotationOrigin": [ 0.9, 4.0, 1.7 ],
							"faces": {
								"north": { "texture": "#oak-dark", "uv": [ 2.5, 6.5, 3.5, 11.5 ] },
								"east": { "texture": "#oak-dark", "uv": [ 4.0, 7.0, 5.0, 12.0 ] },
								"south": { "texture": "#oak-dark", "uv": [ 3.5, 7.5, 4.5, 12.5 ] },
								"west": { "texture": "#oak-dark", "uv": [ 3.5, 7.5, 4.5, 12.5 ] },
								"up": { "texture": "#oak-dark", "uv": [ 3.5, 6.0, 4.5, 7.0 ] },
								"down": { "texture": "#oak-dark", "uv": [ 3.0, 6.5, 4.0, 7.5 ] }
							}
						},
						{
							"name": "bark3",
							"from": [ -0.2, 2.0, -0.2 ], 
							"to": [ 0.3, 3.0, 0.3 ], 
							"rotationOrigin": [ -0.2, 2.0, -0.2 ],
							"faces": {
								"north": { "texture": "#oak-dark", "uv": [ 4.0, 12.0, 4.5, 13.0 ] },
								"east": { "texture": "#oak-dark", "uv": [ 4.0, 12.5, 4.5, 13.5 ] },
								"south": { "texture": "#oak-dark", "uv": [ 4.5, 14.0, 5.0, 15.0 ] },
								"west": { "texture": "#oak-dark", "uv": [ 3.0, 11.5, 3.5, 12.5 ] },
								"up": { "texture": "#oak-dark", "uv": [ 0.0, 0.0, 0.5, 0.5 ], "enabled": false },
								"down": { "texture": "#oak-dark", "uv": [ 3.5, 14.5, 4.0, 15.0 ] }
							}
						},
						{
							"name": "bark4",
							"from": [ 1.2, 2.0, 1.2 ], 
							"to": [ 1.7, 3.0, 1.7 ], 
							"rotationOrigin": [ 1.7, 2.0, 1.2 ],
							"faces": {
								"north": { "texture": "#oak-dark", "uv": [ 4.0, 13.0, 4.5, 14.0 ] },
								"east": { "texture": "#oak-dark", "uv": [ 4.0, 12.5, 4.5, 13.5 ] },
								"south": { "texture": "#oak-dark", "uv": [ 3.5, 12.5, 4.0, 13.5 ] },
								"west": { "texture": "#oak-dark", "uv": [ 3.5, 6.5, 4.0, 7.5 ] },
								"up": { "texture": "#oak-dark", "uv": [ 0.0, 0.0, 0.5, 0.5 ], "enabled": false },
								"down": { "texture": "#oak-dark", "uv": [ 3.5, 13.0, 4.0, 13.5 ] }
							}
						},
						{
							"name": "bark5",
							"from": [ 0.2, 4.0, 1.2 ], 
							"to": [ 0.7, 9.0, 1.7 ], 
							"rotationOrigin": [ 0.4, 5.0, 2.2 ],
							"faces": {
								"north": { "texture": "#oak-dark", "uv": [ 2.5, 4.5, 7.5, 5.0 ], "rotation": 90, "enabled": false },
								"east": { "texture": "#oak-dark", "uv": [ 4.5, 11.5, 5.0, 16.5 ] },
								"south": { "texture": "#oak-dark", "uv": [ 3.5, 10.0, 4.0, 15.0 ] },
								"west": { "texture": "#oak-dark", "uv": [ 4.0, 7.0, 4.5, 12.0 ] },
								"up": { "texture": "#oak-dark", "uv": [ 1.5, 4.0, 2.0, 4.5 ] },
								"down": { "texture": "#oak-dark", "uv": [ 4.0, 12.5, 4.5, 13.0 ] }
							}
						},
						{
							"name": "bark8",
							"from": [ -0.2, 7.0, -0.2 ], 
							"to": [ 0.8, 8.5, 1.3 ], 
							"rotationOrigin": [ -0.2, 7.0, -0.2 ],
							"faces": {
								"north": { "texture": "#oak-dark", "uv": [ 4.0, 4.0, 5.0, 5.5 ] },
								"east": { "texture": "#oak-dark", "uv": [ 1.0, 1.0, 2.5, 2.5 ] },
								"south": { "texture": "#oak-dark", "uv": [ 4.5, 2.5, 5.5, 4.0 ] },
								"west": { "texture": "#oak-dark", "uv": [ 4.5, 8.5, 6.0, 10.0 ] },
								"up": { "texture": "#oak-dark", "uv": [ 3.5, 4.0, 4.5, 5.5 ] },
								"down": { "texture": "#oak-dark", "uv": [ 2.5, 4.0, 3.5, 5.5 ], "enabled": false }
							}
						}
					]
				}
			]
		}
	]}