{
	"editor": {
		"backDropShape": "entity/humanoid/seraph-hairless",
		"collapsedPaths": "Root/bandN/toothR1,Root/bandN/toothL1",
		"allAngles": true,
		"entityTextureMode": true
	},
	"textureWidth": 24,
	"textureHeight": 24,
	"textureSizes": {
	},
	"textures": {
	},
	"elements": [
		{
			"name": "hidehat",
			"stepParentName": "Head",
			"from": [ -0.45, 2.325, -0.525 ],
			"to": [ 4.8, 3.375, 4.35 ],
			"autoUnwrap": false,
			"uv": [ 0.0, 8.5 ],
			"rotationOrigin": [ 2.475, 3.075, 2.025 ],
			"rotationX": -2.0,
			"rotationZ": -8.0,
			"faces": {
				"north": { "texture": "#hat-alchemist", "uv": [ 15.0, 23.0, 22.0, 24.0 ], "autoUv": false },
				"east": { "texture": "#hat-alchemist", "uv": [ 15.0, 21.0, 21.5, 22.0 ], "autoUv": false },
				"south": { "texture": "#hat-alchemist", "uv": [ 15.0, 22.0, 22.0, 23.0 ], "autoUv": false },
				"west": { "texture": "#hat-alchemist", "uv": [ 15.0, 20.0, 21.5, 21.0 ], "autoUv": false },
				"up": { "texture": "#hat-alchemist", "uv": [ 0.0, 17.5, 7.0, 24.0 ], "autoUv": false },
				"down": { "texture": "#hat-alchemist", "uv": [ 7.5, 17.5, 14.5, 24.0 ], "autoUv": false }
			},
			"children": [
				{
					"name": "Hat-Top",
					"from": [ 0.075, 0.9, 0.075 ],
					"to": [ 5.1, 2.175, 4.8 ],
					"autoUnwrap": false,
					"uv": [ 0.0, 10.0 ],
					"rotationOrigin": [ 2.925, 0.9, 2.4 ],
					"rotationX": -3.0,
					"faces": {
						"north": { "texture": "#hat-alchemist", "uv": [ 0.0, 16.0, 6.5, 17.5 ], "autoUv": false },
						"east": { "texture": "#hat-alchemist", "uv": [ 7.0, 16.0, 13.0, 17.5 ], "autoUv": false },
						"south": { "texture": "#hat-alchemist", "uv": [ 13.0, 16.0, 19.5, 17.5 ], "autoUv": false },
						"west": { "texture": "#hat-alchemist", "uv": [ 15.0, 17.5, 21.0, 19.0 ], "autoUv": false },
						"up": { "texture": "#hat-alchemist", "uv": [ 0.0, 10.0, 6.5, 16.0 ], "autoUv": false }
					},
					"children": [
						{
							"name": "Hat-Tip",
							"from": [ 0.75, 0.675, -0.825 ],
							"to": [ 4.5, 2.175, 4.05 ],
							"uv": [ 0.0, 1.5 ],
							"rotationOrigin": [ 2.625, 0.675, 2.55 ],
							"rotationX": -11.0,
							"rotationY": -42.0,
							"faces": {
								"north": { "texture": "#hat-alchemist", "uv": [ 0.0, 8.0, 5.0, 10.0 ], "autoUv": false },
								"east": { "texture": "#hat-alchemist", "uv": [ 5.0, 8.0, 11.5, 10.0 ], "autoUv": false },
								"south": { "texture": "#hat-alchemist", "uv": [ 11.5, 8.0, 16.5, 10.0 ], "autoUv": false },
								"west": { "texture": "#hat-alchemist", "uv": [ 16.5, 8.0, 23.0, 10.0 ], "autoUv": false },
								"up": { "texture": "#hat-alchemist", "uv": [ 0.0, 1.5, 5.0, 8.0 ], "autoUv": false },
								"down": { "texture": "#hat-alchemist", "uv": [ 5.0, 1.5, 10.0, 8.0 ], "autoUv": false }
							},
							"children": [
								{
									"name": "Hat-tip2",
									"from": [ 0.975, -2.25, -0.675 ],
									"to": [ 3.225, 0.75, 1.575 ],
									"autoUnwrap": false,
									"uv": [ 7.0, 9.0 ],
									"rotationOrigin": [ 2.1, 0.0, 0.45 ],
									"rotationX": 47.0,
									"faces": {
										"north": { "texture": "#hat-alchemist", "uv": [ 7.0, 12.0, 10.0, 16.0 ], "autoUv": false },
										"east": { "texture": "#hat-alchemist", "uv": [ 10.0, 12.0, 13.0, 16.0 ], "autoUv": false },
										"south": { "texture": "#hat-alchemist", "uv": [ 13.0, 12.0, 16.0, 16.0 ], "autoUv": false },
										"west": { "texture": "#hat-alchemist", "uv": [ 16.0, 12.0, 19.0, 16.0 ], "autoUv": false },
										"down": { "texture": "#hat-alchemist", "uv": [ 19.0, 13.0, 22.0, 16.0 ], "autoUv": false }
									}
								}
							]
						}
					]
				}
			]
		}
	]}