{
	"editor": {
		"backDropShape": "entity/humanoid/seraph-hairless",
		"collapsedPaths": "Root/bandN/toothR1,Root/bandN/toothL1",
		"allAngles": false,
		"entityTextureMode": false
	},
	"textureWidth": 16,
	"textureHeight": 16,
	"textureSizes": {
	},
	"textures": {
	},
	"elements": [
		{
			"name": "hidehat",
			"stepParentName": "Head",
			"from": [ -0.15, 3.7875, 0.0 ],
			"to": [ 4.35, 4.1625, 3.75 ],
			"rotationOrigin": [ 2.175, 3.75, 1.875 ],
			"faces": {
				"north": { "texture": "#bamboo-conehat", "uv": [ 0.0, 4.0, 6.0, 4.5 ], "autoUv": false },
				"east": { "texture": "#bamboo-conehat", "uv": [ 0.0, 5.0, 5.0, 5.5 ], "autoUv": false },
				"south": { "texture": "#bamboo-conehat", "uv": [ 0.0, 4.5, 6.0, 5.0 ], "autoUv": false },
				"west": { "texture": "#bamboo-conehat", "uv": [ 0.0, 5.5, 5.0, 6.0 ], "autoUv": false, "windMode": [-1,-1,-1,-1] },
				"up": { "texture": "#bamboo-conehat", "uv": [ 0.0, 6.0, 6.0, 11.0 ], "autoUv": false },
				"down": { "texture": "#bamboo-conehat", "uv": [ 0.0, 11.0, 6.0, 16.0 ], "autoUv": false }
			},
			"children": [
				{
					"name": "N1",
					"from": [ -2.625, -1.725, -1.725 ],
					"to": [ 7.125, 4.275, -1.725 ],
					"rotationOrigin": [ 1.125, -0.225, -1.725 ],
					"rotationX": 61.0,
					"faces": {
						"north": { "texture": "#bamboo-conehat-large", "uv": [ 1.5, 8.0, 14.5, 16.0 ], "autoUv": false }
					},
					"children": [
						{
							"name": "Edge-N",
							"from": [ 0.0, -0.075, 0.0 ],
							"to": [ 9.75, 0.15, 0.225 ],
							"rotationOrigin": [ 0.0, -0.075, 0.0 ],
							"rotationX": -45.0,
							"faces": {
								"north": { "texture": "#bamboo-conehat-large", "uv": [ 1.5, 0.5, 14.5, 1.0 ], "autoUv": false },
								"east": { "texture": "#bamboo-conehat-large", "uv": [ 5.5, 12.0, 6.0, 12.5 ], "autoUv": false, "windMode": [-1,-1,-1,-1] },
								"south": { "texture": "#bamboo-conehat-large", "uv": [ 0.5, 0.5, 13.5, 1.0 ], "autoUv": false },
								"west": { "texture": "#bamboo-conehat-large", "uv": [ 6.0, 12.0, 6.5, 12.5 ], "autoUv": false, "windMode": [-1,-1,-1,-1] },
								"up": { "texture": "#bamboo-conehat-large", "uv": [ 3.0, 0.5, 16.0, 1.0 ], "autoUv": false },
								"down": { "texture": "#bamboo-conehat-large", "uv": [ 2.0, 0.5, 15.0, 1.0 ], "autoUv": false, "windMode": [-1,-1,-1,-1] }
							}
						}
					]
				},
				{
					"name": "S1",
					"from": [ -2.625, -1.725, 5.475 ],
					"to": [ 7.125, 4.275, 5.475 ],
					"rotationOrigin": [ 1.125, -0.225, 5.475 ],
					"rotationX": -61.0,
					"faces": {
						"south": { "texture": "#bamboo-conehat-large", "uv": [ 1.5, 8.0, 14.5, 16.0 ], "autoUv": false, "windMode": [-1,-1,-1,-1] }
					},
					"children": [
						{
							"name": "Edge-S",
							"from": [ -0.075, -0.075, 0.0 ],
							"to": [ 9.675, 0.15, 0.225 ],
							"rotationOrigin": [ -0.075, -0.075, 0.0 ],
							"rotationX": -45.0,
							"faces": {
								"north": { "texture": "#bamboo-conehat-large", "uv": [ 1.5, 0.5, 14.5, 1.0 ], "autoUv": false, "windMode": [-1,-1,-1,-1] },
								"east": { "texture": "#bamboo-conehat-large", "uv": [ 7.0, 11.5, 7.5, 12.0 ], "autoUv": false, "windMode": [-1,-1,-1,-1] },
								"south": { "texture": "#bamboo-conehat-large", "uv": [ 1.5, 0.5, 14.5, 1.0 ], "autoUv": false, "windMode": [-1,-1,-1,-1] },
								"west": { "texture": "#bamboo-conehat-large", "uv": [ 7.0, 10.0, 7.5, 10.5 ], "autoUv": false, "windMode": [-1,-1,-1,-1] },
								"up": { "texture": "#bamboo-conehat-large", "uv": [ 1.0, 0.5, 14.0, 1.0 ], "autoUv": false },
								"down": { "texture": "#bamboo-conehat-large", "uv": [ 1.5, 0.5, 14.5, 1.0 ], "autoUv": false }
							}
						}
					]
				},
				{
					"name": "E1",
					"from": [ 6.0, -1.725, -3.0 ],
					"to": [ 6.0, 3.525, 6.75 ],
					"rotationOrigin": [ 6.0, -0.225, 0.375 ],
					"rotationZ": 60.0,
					"faces": {
						"east": { "texture": "#bamboo-conehat-large", "uv": [ 1.5, 9.0, 14.5, 16.0 ], "autoUv": false }
					},
					"children": [
						{
							"name": "Edge-E",
							"from": [ 0.0, 0.0, 0.225 ],
							"to": [ 0.225, 0.225, 9.675 ],
							"rotationOrigin": [ 0.0, 0.0, 0.225 ],
							"rotationZ": 45.0,
							"faces": {
								"north": { "texture": "#bamboo-conehat-large", "uv": [ 6.5, 11.0, 7.0, 11.5 ], "autoUv": false, "windMode": [-1,-1,-1,-1] },
								"east": { "texture": "#bamboo-conehat-large", "uv": [ 1.5, 0.5, 14.0, 1.0 ], "autoUv": false, "windMode": [-1,-1,-1,-1] },
								"south": { "texture": "#bamboo-conehat-large", "uv": [ 8.0, 11.5, 8.5, 12.0 ], "autoUv": false, "windMode": [-1,-1,-1,-1] },
								"west": { "texture": "#bamboo-conehat-large", "uv": [ 2.0, 0.5, 14.5, 1.0 ], "autoUv": false, "windMode": [-1,-1,-1,-1] },
								"up": { "texture": "#bamboo-conehat-large", "uv": [ 1.5, 0.5, 14.0, 1.0 ], "rotation": 90, "autoUv": false },
								"down": { "texture": "#bamboo-conehat-large", "uv": [ 3.0, 0.5, 15.5, 1.0 ], "rotation": 90, "autoUv": false, "windMode": [-1,-1,-1,-1] }
							}
						}
					]
				},
				{
					"name": "W1",
					"from": [ -1.5, -1.725, -3.0 ],
					"to": [ -1.5, 3.525, 6.75 ],
					"rotationOrigin": [ -1.5, -0.225, 0.375 ],
					"rotationZ": -60.0,
					"faces": {
						"west": { "texture": "#bamboo-conehat-large", "uv": [ 1.5, 9.0, 14.5, 16.0 ], "autoUv": false, "windMode": [-1,-1,-1,-1] }
					},
					"children": [
						{
							"name": "Edge-W",
							"from": [ 0.0, -0.075, 0.0 ],
							"to": [ 0.225, 0.15, 9.75 ],
							"rotationOrigin": [ 0.0, -0.075, 0.0 ],
							"rotationZ": 45.0,
							"faces": {
								"north": { "texture": "#bamboo-conehat-large", "uv": [ 6.5, 12.0, 7.0, 12.5 ], "autoUv": false, "windMode": [-1,-1,-1,-1] },
								"east": { "texture": "#bamboo-conehat-large", "uv": [ 2.0, 0.5, 15.0, 1.0 ], "autoUv": false, "windMode": [-1,-1,-1,-1] },
								"south": { "texture": "#bamboo-conehat-large", "uv": [ 9.5, 13.0, 10.0, 13.5 ], "autoUv": false, "windMode": [-1,-1,-1,-1] },
								"west": { "texture": "#bamboo-conehat-large", "uv": [ 0.5, 0.5, 13.5, 1.0 ], "autoUv": false, "windMode": [-1,-1,-1,-1] },
								"up": { "texture": "#bamboo-conehat-large", "uv": [ 0.5, 0.5, 13.5, 1.0 ], "rotation": 90, "autoUv": false },
								"down": { "texture": "#bamboo-conehat-large", "uv": [ 2.0, 0.5, 15.0, 1.0 ], "rotation": 90, "autoUv": false }
							}
						}
					]
				},
				{
					"name": "Strap-Neck",
					"from": [ 0.75, -4.05, -0.225 ],
					"to": [ 1.125, -3.675, 3.975 ],
					"rotationOrigin": [ 0.75, -4.05, 2.025 ],
					"rotationZ": -22.5,
					"faces": {
						"north": { "texture": "#bamboo-conehat", "uv": [ 9.5, 8.5, 10.0, 9.0 ], "autoUv": false },
						"east": { "texture": "#bamboo-conehat", "uv": [ 10.0, 7.5, 15.5, 8.0 ], "autoUv": false },
						"south": { "texture": "#bamboo-conehat", "uv": [ 9.5, 7.0, 10.0, 7.5 ], "autoUv": false },
						"west": { "texture": "#bamboo-conehat", "uv": [ 10.0, 7.0, 15.5, 7.5 ], "autoUv": false },
						"up": { "texture": "#bamboo-conehat", "uv": [ 10.0, 8.5, 15.5, 9.0 ], "rotation": 90, "autoUv": false },
						"down": { "texture": "#bamboo-conehat", "uv": [ 10.0, 8.0, 15.5, 8.5 ], "rotation": 90, "autoUv": false }
					},
					"children": [
						{
							"name": "Strap-L",
							"from": [ 0.0, 0.3, 3.9 ],
							"to": [ 0.375, 4.8, 4.275 ],
							"rotationOrigin": [ 0.0, 0.3, 3.9 ],
							"rotationX": 4.0,
							"faces": {
								"north": { "texture": "#bamboo-conehat", "uv": [ 0.0, 0.0, 6.0, 0.5 ], "rotation": 90, "autoUv": false },
								"east": { "texture": "#bamboo-conehat", "uv": [ 0.0, 0.5, 6.0, 1.0 ], "rotation": 90, "autoUv": false },
								"south": { "texture": "#bamboo-conehat", "uv": [ 0.0, 1.0, 6.0, 1.5 ], "rotation": 90, "autoUv": false },
								"west": { "texture": "#bamboo-conehat", "uv": [ 0.0, 1.5, 6.0, 2.0 ], "rotation": 90, "autoUv": false }
							}
						},
						{
							"name": "Strap-R",
							"from": [ 0.0, 0.3, -0.075 ],
							"to": [ 0.375, 4.8, 0.3 ],
							"rotationOrigin": [ 0.0, 0.3, -0.075 ],
							"rotationX": -4.0,
							"faces": {
								"north": { "texture": "#bamboo-conehat", "uv": [ 0.0, 2.0, 6.0, 2.5 ], "rotation": 90, "autoUv": false },
								"east": { "texture": "#bamboo-conehat", "uv": [ 0.0, 2.5, 6.0, 3.0 ], "rotation": 90, "autoUv": false },
								"south": { "texture": "#bamboo-conehat", "uv": [ 0.0, 3.0, 6.0, 3.5 ], "rotation": 90, "autoUv": false },
								"west": { "texture": "#bamboo-conehat", "uv": [ 0.0, 3.5, 6.0, 4.0 ], "rotation": 90, "autoUv": false }
							}
						}
					]
				}
			]
		}
	]}