{
	"editor": {
		"backDropShape": "entity/humanoid/seraph-hairless",
		"collapsedPaths": "Root/bandN/toothR1,Root/bandN/toothL1",
		"allAngles": false,
		"entityTextureMode": true
	},
	"textureWidth": 16,
	"textureHeight": 16,
	"textureSizes": {
	},
	"textures": {
	},
	"elements": [
		{
			"name": "hidehat",
			"stepParentName": "Head",
			"from": [ 0.0, 3.975, 0.0 ],
			"to": [ 4.125, 4.35, 3.75 ],
			"uv": [ 0.0, 4.0 ],
			"rotationOrigin": [ 2.625, 3.975, 1.875 ],
			"rotationZ": -5.0,
			"faces": {
				"north": { "texture": "#bamboo-conehat", "uv": [ 0.0, 4.0, 5.5, 4.5 ], "autoUv": false },
				"east": { "texture": "#bamboo-conehat", "uv": [ 0.0, 5.0, 5.0, 5.5 ], "autoUv": false },
				"south": { "texture": "#bamboo-conehat", "uv": [ 0.0, 4.5, 5.5, 5.0 ], "autoUv": false },
				"west": { "texture": "#bamboo-conehat", "uv": [ 0.0, 5.5, 5.0, 6.0 ], "autoUv": false, "windMode": [-1,-1,-1,-1] },
				"up": { "texture": "#bamboo-conehat", "uv": [ 0.0, 11.0, 5.5, 16.0 ], "autoUv": false },
				"down": { "texture": "#bamboo-conehat", "uv": [ 0.0, 11.0, 5.5, 16.0 ], "autoUv": false }
			},
			"children": [
				{
					"name": "N1",
					"from": [ -1.5, -1.5, -0.75 ],
					"to": [ 5.25, 3.75, -0.75 ],
					"uv": [ 7.0, 0.0 ],
					"rotationOrigin": [ 2.25, 0.0, -0.75 ],
					"rotationX": 45.0,
					"faces": {
						"north": { "texture": "#bamboo-conehat", "uv": [ 7.0, 0.0, 16.0, 7.0 ], "autoUv": false }
					},
					"children": [
						{
							"name": "Edge-N",
							"from": [ 0.0, 0.0, 0.0 ],
							"to": [ 6.75, 0.15, 0.15 ],
							"uv": [ 6.0, 0.5 ],
							"rotationOrigin": [ 0.0, 0.0, 0.0 ],
							"rotationX": -45.0,
							"faces": {
								"east": { "texture": "#bamboo-conehat", "uv": [ 6.5, 0.5, 7.0, 1.0 ], "autoUv": false, "windMode": [-1,-1,-1,-1] },
								"west": { "texture": "#bamboo-conehat", "uv": [ 6.5, 3.5, 7.0, 4.0 ], "autoUv": false, "windMode": [-1,-1,-1,-1] },
								"down": { "texture": "#bamboo-conehat", "uv": [ 6.0, 6.5, 15.0, 7.0 ], "autoUv": false, "windMode": [-1,-1,-1,-1] }
							}
						}
					]
				},
				{
					"name": "S1",
					"from": [ -1.5, -1.5, 4.5 ],
					"to": [ 5.25, 3.75, 4.5 ],
					"uv": [ 7.0, 0.0 ],
					"rotationOrigin": [ 2.25, 0.0, 4.5 ],
					"rotationX": -45.0,
					"faces": {
						"south": { "texture": "#bamboo-conehat", "uv": [ 7.0, 0.0, 16.0, 7.0 ], "autoUv": false, "windMode": [-1,-1,-1,-1] }
					},
					"children": [
						{
							"name": "Edge-S",
							"from": [ 0.0, 0.0, 0.0 ],
							"to": [ 6.75, 0.15, 0.15 ],
							"uv": [ 6.0, 2.0 ],
							"rotationOrigin": [ 0.0, 0.0, 0.0 ],
							"rotationX": -45.0,
							"faces": {
								"north": { "texture": "#bamboo-conehat", "uv": [ 6.0, 6.5, 15.0, 7.0 ], "autoUv": false, "windMode": [-1,-1,-1,-1] },
								"east": { "texture": "#bamboo-conehat", "uv": [ 6.5, 2.0, 7.0, 2.5 ], "autoUv": false, "windMode": [-1,-1,-1,-1] },
								"west": { "texture": "#bamboo-conehat", "uv": [ 6.5, 2.5, 7.0, 3.0 ], "autoUv": false, "windMode": [-1,-1,-1,-1] }
							}
						}
					]
				},
				{
					"name": "E1",
					"from": [ 4.5, -1.5, -1.5 ],
					"to": [ 4.5, 3.75, 5.25 ],
					"uv": [ 7.0, 0.0 ],
					"rotationOrigin": [ 4.5, 0.0, 1.875 ],
					"rotationZ": 45.0,
					"faces": {
						"east": { "texture": "#bamboo-conehat", "uv": [ 7.0, 0.0, 16.0, 7.0 ], "autoUv": false }
					},
					"children": [
						{
							"name": "Edge-E",
							"from": [ 0.0, 0.0, 0.0 ],
							"to": [ 0.15, 0.15, 6.75 ],
							"uv": [ 6.5, 0.0 ],
							"rotationOrigin": [ 0.0, 0.0, 0.0 ],
							"rotationZ": 45.0,
							"faces": {
								"north": { "texture": "#bamboo-conehat", "uv": [ 6.5, 6.0, 7.0, 6.5 ], "autoUv": false, "windMode": [-1,-1,-1,-1] },
								"south": { "texture": "#bamboo-conehat", "uv": [ 6.5, 4.0, 7.0, 4.5 ], "autoUv": false, "windMode": [-1,-1,-1,-1] },
								"west": { "texture": "#bamboo-conehat", "uv": [ 6.5, 0.0, 7.0, 9.0 ], "rotation": 90, "autoUv": false, "windMode": [-1,-1,-1,-1] }
							}
						}
					]
				},
				{
					"name": "W1",
					"from": [ -0.75, -1.5, -1.5 ],
					"to": [ -0.75, 3.75, 5.25 ],
					"uv": [ 7.0, 0.0 ],
					"rotationOrigin": [ -0.75, 0.0, 1.875 ],
					"rotationZ": -45.0,
					"faces": {
						"west": { "texture": "#bamboo-conehat", "uv": [ 7.0, 0.0, 16.0, 7.0 ], "autoUv": false, "windMode": [-1,-1,-1,-1] }
					},
					"children": [
						{
							"name": "Edge-W",
							"from": [ 0.0, 0.0, 0.0 ],
							"to": [ 0.15, 0.15, 6.75 ],
							"uv": [ 6.5, 0.0 ],
							"rotationOrigin": [ 0.0, 0.0, 0.0 ],
							"rotationZ": 45.0,
							"faces": {
								"north": { "texture": "#bamboo-conehat", "uv": [ 6.5, 8.0, 7.0, 8.5 ], "autoUv": false, "windMode": [-1,-1,-1,-1] },
								"south": { "texture": "#bamboo-conehat", "uv": [ 6.5, 7.0, 7.0, 7.5 ], "autoUv": false, "windMode": [-1,-1,-1,-1] },
								"down": { "texture": "#bamboo-conehat", "uv": [ 6.5, 0.0, 7.0, 9.0 ], "autoUv": false }
							}
						}
					]
				},
				{
					"name": "Strap-Neck",
					"from": [ 0.75, -4.425, -0.225 ],
					"to": [ 1.125, -4.05, 3.975 ],
					"uv": [ 9.5, 7.0 ],
					"rotationOrigin": [ 0.75, -4.425, 2.025 ],
					"rotationZ": -22.5,
					"faces": {
						"north": { "texture": "#bamboo-conehat", "uv": [ 9.5, 8.5, 10.0, 9.0 ], "autoUv": false },
						"east": { "texture": "#bamboo-conehat", "uv": [ 10.0, 7.5, 15.5, 8.0 ], "autoUv": false },
						"south": { "texture": "#bamboo-conehat", "uv": [ 9.5, 7.0, 10.0, 7.5 ], "autoUv": false },
						"west": { "texture": "#bamboo-conehat", "uv": [ 10.0, 7.0, 15.5, 7.5 ], "autoUv": false },
						"up": { "texture": "#bamboo-conehat", "uv": [ 10.0, 8.5, 15.5, 9.0 ], "rotation": 90, "autoUv": false },
						"down": { "texture": "#bamboo-conehat", "uv": [ 10.0, 8.0, 15.5, 8.5 ], "rotation": 90, "autoUv": false }
					},
					"children": [
						{
							"name": "Strap-L",
							"from": [ 0.0, 0.375, 3.9 ],
							"to": [ 0.375, 4.875, 4.275 ],
							"uv": [ 0.0, 0.0 ],
							"rotationOrigin": [ 0.0, 0.375, 3.9 ],
							"rotationX": 4.0,
							"faces": {
								"north": { "texture": "#bamboo-conehat", "uv": [ 0.0, 0.0, 6.0, 0.5 ], "rotation": 90, "autoUv": false },
								"east": { "texture": "#bamboo-conehat", "uv": [ 0.0, 0.5, 6.0, 1.0 ], "rotation": 90, "autoUv": false },
								"south": { "texture": "#bamboo-conehat", "uv": [ 0.0, 1.0, 6.0, 1.5 ], "rotation": 90, "autoUv": false },
								"west": { "texture": "#bamboo-conehat", "uv": [ 0.0, 1.5, 6.0, 2.0 ], "rotation": 90, "autoUv": false }
							}
						},
						{
							"name": "Strap-R",
							"from": [ 0.0, 0.375, -0.075 ],
							"to": [ 0.375, 4.875, 0.3 ],
							"uv": [ 0.0, 2.0 ],
							"rotationOrigin": [ 0.0, 0.375, -0.075 ],
							"rotationX": -4.0,
							"faces": {
								"north": { "texture": "#bamboo-conehat", "uv": [ 0.0, 2.0, 6.0, 2.5 ], "rotation": 90, "autoUv": false },
								"east": { "texture": "#bamboo-conehat", "uv": [ 0.0, 2.5, 6.0, 3.0 ], "rotation": 90, "autoUv": false },
								"south": { "texture": "#bamboo-conehat", "uv": [ 0.0, 3.0, 6.0, 3.5 ], "rotation": 90, "autoUv": false },
								"west": { "texture": "#bamboo-conehat", "uv": [ 0.0, 3.5, 6.0, 4.0 ], "rotation": 90, "autoUv": false }
							}
						}
					]
				}
			]
		}
	]}