{
	"editor": {
		"backDropShape": "entity/humanoid/seraph-hairless",
		"allAngles": true,
		"entityTextureMode": true
	},
	"textureWidth": 20,
	"textureHeight": 12,
	"textureSizes": {
		"hat": [20,12]
	},
	"textures": {
	},
	"elements": [
		{
			"name": "hidehat",
			"stepParentName": "Head",
			"from": [ 0.0375, -0.3, -0.4575 ],
			"to": [ 4.6125, 4.2, 4.2075 ],
			"renderPass": 1,
			"unwrapMode": 5,
			"unwrapRotation": 1,
			"uv": [ 0.0, 0.5 ],
			"rotationOrigin": [ 2.5875, 2.7525, 2.4 ],
			"rotationZ": 1.0,
			"faces": {
				"north": { "texture": "#hat", "uv": [ 0.0, 6.5, 6.0, 12.5 ], "rotation": 270, "autoUv": false },
				"east": { "texture": "#hat", "uv": [ 6.0, 0.5, 12.0, 6.5 ], "rotation": 180, "autoUv": false },
				"south": { "texture": "#hat", "uv": [ 12.0, 6.5, 18.0, 12.5 ], "rotation": 90, "autoUv": false },
				"up": { "texture": "#hat", "uv": [ 6.0, 6.5, 12.0, 12.5 ], "rotation": 90, "autoUv": false }
			},
			"children": [
				{
					"name": "rimR",
					"from": [ 0.0, 1.5, 0.0 ],
					"to": [ 1.125, 4.125, 0.225 ],
					"unwrapMode": 3,
					"uv": [ 18.0, 4.5 ],
					"rotationOrigin": [ 0.0, 1.5, 0.0 ],
					"faces": {
						"south": { "texture": "#hat", "uv": [ 18.5, 4.5, 20.0, 8.0 ], "autoUv": false, "windMode": [-1,-1,-1,-1], "windData": [1,1,1,1] },
						"west": { "texture": "#hat", "uv": [ 18.0, 4.5, 18.5, 8.0 ], "autoUv": false, "windMode": [-1,-1,-1,-1], "windData": [1,1,1,1] },
						"down": { "texture": "#hat", "uv": [ 18.5, 8.0, 20.0, 8.5 ], "rotation": 180, "autoUv": false }
					}
				},
				{
					"name": "rimL",
					"from": [ 0.0, 1.5, 4.425 ],
					"to": [ 1.125, 4.125, 4.65 ],
					"unwrapMode": 3,
					"uv": [ 18.0, 0.0 ],
					"rotationOrigin": [ 0.0, 1.5, 4.425 ],
					"faces": {
						"north": { "texture": "#hat", "uv": [ 18.5, 0.0, 20.0, 3.5 ], "autoUv": false, "windMode": [-1,-1,-1,-1], "windData": [1,1,1,1] },
						"west": { "texture": "#hat", "uv": [ 18.0, 0.0, 18.5, 3.5 ], "autoUv": false },
						"down": { "texture": "#hat", "uv": [ 18.5, 3.5, 20.0, 4.0 ], "rotation": 180, "autoUv": false }
					}
				},
				{
					"name": "rimTop",
					"from": [ 0.0, 4.125, 0.0 ],
					"to": [ 1.125, 4.5, 4.65 ],
					"unwrapMode": 4,
					"uv": [ 8.5, 11.5 ],
					"rotationOrigin": [ 0.0, 4.125, 0.0 ],
					"faces": {
						"west": { "texture": "#hat", "uv": [ 8.5, 11.5, 14.5, 12.0 ], "autoUv": false, "windMode": [-1,-1,-1,-1], "windData": [1,1,1,1] }
					}
				},
				{
					"name": "pendantRud",
					"from": [ 0.0, -0.75, 0.0 ],
					"to": [ 1.125, 1.125, 0.225 ],
					"unwrapMode": 1,
					"uv": [ 0.0, 0.0 ],
					"rotationOrigin": [ 0.0, 1.5, 0.15 ],
					"rotationX": 5.0,
					"faces": {
						"north": { "texture": "#hat", "uv": [ 0.5, 0.5, 2.0, 3.0 ], "autoUv": false },
						"east": { "texture": "#hat", "uv": [ 0.0, 0.5, 0.5, 3.0 ], "autoUv": false, "windMode": [-1,-1,-1,-1], "windData": [1,1,1,1] },
						"south": { "texture": "#hat", "uv": [ 2.5, 0.5, 4.0, 3.0 ], "autoUv": false, "windMode": [-1,-1,-1,-1], "windData": [1,1,1,1] },
						"west": { "texture": "#hat", "uv": [ 2.0, 0.5, 2.5, 3.0 ], "autoUv": false, "windMode": [-1,-1,-1,-1], "windData": [1,1,1,1] },
						"up": { "texture": "#hat", "uv": [ 0.5, 0.0, 2.0, 0.5 ], "rotation": 180, "autoUv": false, "windMode": [-1,-1,-1,-1], "windData": [1,1,1,1] },
						"down": { "texture": "#hat", "uv": [ 0.5, 3.0, 2.0, 3.5 ], "autoUv": false, "windMode": [-1,-1,-1,-1], "windData": [1,1,1,1] }
					},
					"children": [
						{
							"name": "pendantRew",
							"from": [ -0.375, 0.375, 0.0075 ],
							"to": [ 1.5, 1.5, 0.2175 ],
							"unwrapMode": 1,
							"unwrapRotation": 1,
							"uv": [ 0.0, 0.0 ],
							"rotationOrigin": [ -0.375, 0.375, 0.0 ],
							"faces": {
								"north": { "texture": "#hat", "uv": [ 0.5, 0.5, 2.0, 3.0 ], "rotation": 90, "autoUv": false },
								"east": { "texture": "#hat", "uv": [ 0.5, 3.0, 2.0, 3.5 ], "rotation": 90, "autoUv": false },
								"south": { "texture": "#hat", "uv": [ 2.5, 0.5, 4.0, 3.0 ], "rotation": 270, "autoUv": false },
								"west": { "texture": "#hat", "uv": [ 0.5, 0.0, 2.0, 0.5 ], "rotation": 90, "autoUv": false },
								"up": { "texture": "#hat", "uv": [ 0.0, 0.5, 0.5, 3.0 ], "rotation": 270, "autoUv": false },
								"down": { "texture": "#hat", "uv": [ 2.0, 0.5, 2.5, 3.0 ], "rotation": 90, "autoUv": false }
							}
						},
						{
							"name": "pendantRew2",
							"from": [ -0.75, 0.75, 0.045 ],
							"to": [ 1.875, 1.125, 0.18 ],
							"unwrapMode": 1,
							"unwrapRotation": 1,
							"uv": [ 15.5, 0.0 ],
							"rotationOrigin": [ -0.75, 0.75, 0.0 ],
							"faces": {
								"north": { "texture": "#hat", "uv": [ 16.0, 0.5, 16.5, 4.0 ], "rotation": 90, "autoUv": false },
								"east": { "texture": "#hat", "uv": [ 16.0, 4.0, 16.5, 4.5 ], "rotation": 90, "autoUv": false },
								"south": { "texture": "#hat", "uv": [ 17.0, 0.5, 17.5, 4.0 ], "rotation": 270, "autoUv": false },
								"west": { "texture": "#hat", "uv": [ 16.0, 0.0, 16.5, 0.5 ], "rotation": 90, "autoUv": false },
								"up": { "texture": "#hat", "uv": [ 15.5, 0.5, 16.0, 4.0 ], "rotation": 270, "autoUv": false },
								"down": { "texture": "#hat", "uv": [ 16.5, 0.5, 17.0, 4.0 ], "rotation": 90, "autoUv": false }
							}
						},
						{
							"name": "pendantRud2",
							"from": [ 0.375, -0.375, 0.045 ],
							"to": [ 0.75, 2.25, 0.18 ],
							"unwrapMode": 1,
							"uv": [ 13.5, 1.0 ],
							"rotationOrigin": [ 0.375, -0.375, 0.0 ],
							"faces": {
								"north": { "texture": "#hat", "uv": [ 14.0, 1.0, 14.5, 4.5 ], "autoUv": false },
								"east": { "texture": "#hat", "uv": [ 13.5, 1.0, 14.0, 4.5 ], "autoUv": false },
								"south": { "texture": "#hat", "uv": [ 15.0, 1.0, 15.5, 4.5 ], "autoUv": false },
								"west": { "texture": "#hat", "uv": [ 14.5, 1.0, 15.0, 4.5 ], "autoUv": false },
								"down": { "texture": "#hat", "uv": [ 14.0, 4.5, 14.5, 5.0 ], "autoUv": false }
							}
						}
					]
				},
				{
					"name": "pendantLud",
					"from": [ 0.0, -0.75, 4.425 ],
					"to": [ 1.125, 1.125, 4.65 ],
					"unwrapMode": 1,
					"uv": [ 0.0, 0.0 ],
					"rotationOrigin": [ 0.0, 1.5, 4.5 ],
					"rotationX": -5.0,
					"faces": {
						"north": { "texture": "#hat", "uv": [ 0.5, 0.5, 2.0, 3.0 ], "autoUv": false },
						"east": { "texture": "#hat", "uv": [ 0.0, 0.5, 0.5, 3.0 ], "autoUv": false },
						"south": { "texture": "#hat", "uv": [ 2.5, 0.5, 4.0, 3.0 ], "autoUv": false },
						"west": { "texture": "#hat", "uv": [ 2.0, 0.5, 2.5, 3.0 ], "autoUv": false },
						"up": { "texture": "#hat", "uv": [ 0.5, 0.0, 2.0, 0.5 ], "rotation": 180, "autoUv": false },
						"down": { "texture": "#hat", "uv": [ 0.5, 3.0, 2.0, 3.5 ], "autoUv": false }
					},
					"children": [
						{
							"name": "pendantRew3",
							"from": [ -0.375, 0.375, 0.0075 ],
							"to": [ 1.5, 1.5, 0.2175 ],
							"unwrapMode": 1,
							"unwrapRotation": 1,
							"uv": [ 0.0, 0.0 ],
							"rotationOrigin": [ -0.375, 0.375, 0.0 ],
							"faces": {
								"north": { "texture": "#hat", "uv": [ 0.5, 0.5, 2.0, 3.0 ], "rotation": 90, "autoUv": false },
								"east": { "texture": "#hat", "uv": [ 0.5, 3.0, 2.0, 3.5 ], "rotation": 90, "autoUv": false },
								"south": { "texture": "#hat", "uv": [ 2.5, 0.5, 4.0, 3.0 ], "rotation": 270, "autoUv": false },
								"west": { "texture": "#hat", "uv": [ 0.5, 0.0, 2.0, 0.5 ], "rotation": 90, "autoUv": false },
								"up": { "texture": "#hat", "uv": [ 0.0, 0.5, 0.5, 3.0 ], "rotation": 270, "autoUv": false },
								"down": { "texture": "#hat", "uv": [ 2.0, 0.5, 2.5, 3.0 ], "rotation": 90, "autoUv": false }
							}
						},
						{
							"name": "pendantRew4",
							"from": [ -0.75, 0.75, 0.045 ],
							"to": [ 1.875, 1.125, 0.18 ],
							"unwrapMode": 1,
							"unwrapRotation": 1,
							"uv": [ 15.5, 0.0 ],
							"rotationOrigin": [ -0.75, 0.75, 0.0 ],
							"faces": {
								"north": { "texture": "#hat", "uv": [ 16.0, 0.5, 16.5, 4.0 ], "rotation": 90, "autoUv": false },
								"east": { "texture": "#hat", "uv": [ 16.0, 4.0, 16.5, 4.5 ], "rotation": 90, "autoUv": false },
								"south": { "texture": "#hat", "uv": [ 17.0, 0.5, 17.5, 4.0 ], "rotation": 270, "autoUv": false },
								"west": { "texture": "#hat", "uv": [ 16.0, 0.0, 16.5, 0.5 ], "rotation": 90, "autoUv": false },
								"up": { "texture": "#hat", "uv": [ 15.5, 0.5, 16.0, 4.0 ], "rotation": 270, "autoUv": false },
								"down": { "texture": "#hat", "uv": [ 16.5, 0.5, 17.0, 4.0 ], "rotation": 90, "autoUv": false }
							}
						},
						{
							"name": "pendantRud4",
							"from": [ 0.375, -0.375, 0.045 ],
							"to": [ 0.75, 2.25, 0.18 ],
							"unwrapMode": 1,
							"uv": [ 13.5, 1.0 ],
							"rotationOrigin": [ 0.375, -0.375, 0.0 ],
							"faces": {
								"north": { "texture": "#hat", "uv": [ 14.0, 1.0, 14.5, 4.5 ], "autoUv": false },
								"east": { "texture": "#hat", "uv": [ 13.5, 1.0, 14.0, 4.5 ], "autoUv": false },
								"south": { "texture": "#hat", "uv": [ 15.0, 1.0, 15.5, 4.5 ], "autoUv": false },
								"west": { "texture": "#hat", "uv": [ 14.5, 1.0, 15.0, 4.5 ], "autoUv": false },
								"down": { "texture": "#hat", "uv": [ 14.0, 4.5, 14.5, 5.0 ], "autoUv": false }
							}
						}
					]
				}
			]
		}
	]}