{
	"editor": {
		"backDropShape": "entity/humanoid/seraph-hairless",
		"allAngles": true,
		"entityTextureMode": true
	},
	"textureWidth": 32,
	"textureHeight": 12,
	"textureSizes": {
		"hat": [32,12]
	},
	"textures": {
	},
	"elements": [
		{
			"name": "hidehat",
			"stepParentName": "Head",
			"from": [ -0.4125, 1.575, -0.4125 ],
			"to": [ 4.6125, 4.2, 4.1625 ],
			"unwrapMode": 4,
			"autoUnwrap": false,
			"uv": [ 1.0, 1.0 ],
			"rotationOrigin": [ 1.3875, 4.2, 2.1 ],
			"rotationZ": 1.0,
			"faces": {
				"north": { "texture": "#hat", "uv": [ 1.0, 7.5, 7.5, 11.0 ], "autoUv": false },
				"east": { "texture": "#hat", "uv": [ 20.5, 7.5, 26.5, 11.0 ], "autoUv": false },
				"south": { "texture": "#hat", "uv": [ 13.5, 7.5, 20.0, 11.0 ], "autoUv": false },
				"west": { "texture": "#hat", "uv": [ 7.5, 7.5, 13.5, 11.0 ], "autoUv": false },
				"up": { "texture": "#hat", "uv": [ 7.5, 1.0, 13.5, 7.5 ], "rotation": 90, "autoUv": false }
			},
			"children": [
				{
					"name": "feather",
					"from": [ 0.75, -4.5, 4.65 ],
					"to": [ 3.0, 2.25, 4.65 ],
					"renderPass": 1,
					"unwrapMode": 3,
					"uv": [ 27.0, 1.5 ],
					"rotationOrigin": [ 1.5, 1.5, 4.65 ],
					"rotationZ": 105.0,
					"faces": {
						"south": { "texture": "#hat", "uv": [ 27.0, 1.5, 30.0, 10.5 ], "autoUv": false }
					}
				}
			]
		}
	]}