{
	"editor": {
		"backDropShape": "entity/humanoid/seraph-hairless",
		"allAngles": true,
		"entityTextureMode": true
	},
	"textureWidth": 28,
	"textureHeight": 20,
	"textureSizes": {
		"hat": [28,20]
	},
	"textures": {
	},
	"elements": [
		{
			"name": "origin",
			"stepParentName": "Head",
			"from": [ -0.09, -0.15, -0.1125 ],
			"to": [ 4.185, 3.9, 3.8625 ],
			"unwrapMode": 4,
			"uv": [ 1.5, 2.0 ],
			"rotationOrigin": [ 1.6875, 2.9025, 2.4 ],
			"rotationZ": 1.0,
			"faces": {
				"north": { "texture": "#hat", "uv": [ 1.5, 7.5, 7.0, 12.5 ], "autoUv": false, "windMode": [-1,-1,-1,-1], "windData": [1,1,1,1] },
				"east": { "texture": "#hat", "uv": [ 17.5, 7.5, 22.5, 12.5 ], "autoUv": false },
				"south": { "texture": "#hat", "uv": [ 12.0, 7.5, 17.5, 12.5 ], "autoUv": false },
				"west": { "texture": "#hat", "uv": [ 7.0, 7.5, 12.0, 12.5 ], "autoUv": false },
				"up": { "texture": "#hat", "uv": [ 7.0, 2.0, 12.0, 7.5 ], "rotation": 90, "autoUv": false },
				"down": { "texture": "#hat", "uv": [ 7.0, 12.5, 12.0, 18.0 ], "rotation": 90, "autoUv": false, "windMode": [-1,-1,-1,-1], "windData": [1,1,1,1] }
			},
			"children": [
				{
					"name": "neck",
					"from": [ 1.2, -0.75, 0.825 ],
					"to": [ 3.825, 0.0, 3.15 ],
					"unwrapMode": 4,
					"uv": [ 13.0, 4.0 ],
					"rotationOrigin": [ 1.2, -0.75, 0.825 ],
					"faces": {
						"north": { "texture": "#hat", "uv": [ 13.0, 4.0, 16.5, 5.0 ], "autoUv": false },
						"east": { "texture": "#hat", "uv": [ 23.0, 4.0, 26.0, 5.0 ], "autoUv": false },
						"south": { "texture": "#hat", "uv": [ 19.5, 4.0, 23.0, 5.0 ], "autoUv": false },
						"west": { "texture": "#hat", "uv": [ 16.5, 4.0, 19.5, 5.0 ], "autoUv": false }
					}
				},
				{
					"name": "Cube2",
					"from": [ 0.0075, 0.825, 1.6125 ],
					"to": [ 0.7575, 1.575, 2.3625 ],
					"uv": [ 17.0, 2.0 ],
					"rotationOrigin": [ 0.0, 1.2, 1.95 ],
					"rotationX": 45.0,
					"faces": {
						"north": { "texture": "#hat", "uv": [ 17.0, 3.0, 18.0, 4.0 ], "autoUv": false },
						"south": { "texture": "#hat", "uv": [ 19.0, 3.0, 20.0, 4.0 ], "autoUv": false },
						"west": { "texture": "#hat", "uv": [ 20.0, 3.0, 21.0, 4.0 ], "autoUv": false },
						"up": { "texture": "#hat", "uv": [ 17.0, 2.0, 18.0, 3.0 ], "autoUv": false },
						"down": { "texture": "#hat", "uv": [ 18.0, 2.0, 19.0, 3.0 ], "autoUv": false }
					}
				}
			]
		}
	]}