{
	"editor": {
		"backDropShape": "entity/humanoid/seraph-hairless",
		"allAngles": true,
		"entityTextureMode": true
	},
	"textureWidth": 28,
	"textureHeight": 12,
	"textureSizes": {
		"hat": [28,12]
	},
	"textures": {
	},
	"elements": [
		{
			"name": "hidehat",
			"stepParentName": "Head",
			"from": [ -0.4125, 1.2, -0.4125 ],
			"to": [ 4.6125, 4.2, 4.1625 ],
			"renderPass": 1,
			"unwrapMode": 4,
			"uv": [ 0.5, 0.5 ],
			"rotationOrigin": [ 1.3875, 4.2525, 2.1 ],
			"rotationZ": 1.0,
			"faces": {
				"north": { "texture": "#hat", "uv": [ 0.5, 7.0, 7.0, 11.0 ], "autoUv": false },
				"east": { "texture": "#hat", "uv": [ 19.5, 7.0, 25.5, 11.0 ], "autoUv": false },
				"south": { "texture": "#hat", "uv": [ 13.0, 7.0, 19.5, 11.0 ], "autoUv": false },
				"west": { "texture": "#hat", "uv": [ 7.0, 7.0, 13.0, 11.0 ], "autoUv": false },
				"up": { "texture": "#hat", "uv": [ 7.0, 0.5, 13.0, 7.0 ], "rotation": 90, "autoUv": false }
			}
		}
	]}