{
	"editor": {
		"backDropShape": "entity/humanoid/seraph-hairless",
		"allAngles": true,
		"entityTextureMode": true
	},
	"textureWidth": 20,
	"textureHeight": 24,
	"textureSizes": {
		"hat": [20,24]
	},
	"textures": {
	},
	"elements": [
		{
			"name": "hidehat",
			"stepParentName": "Head",
			"from": [ 0.21, -0.3, -0.4575 ],
			"to": [ 4.635, 4.2, 4.2075 ],
			"renderPass": 1,
			"unwrapMode": 5,
			"unwrapRotation": 1,
			"uv": [ 1.0, 4.0 ],
			"rotationOrigin": [ 1.9875, 2.7525, 2.4 ],
			"rotationZ": 1.0,
			"faces": {
				"north": { "texture": "#hat", "uv": [ 1.0, 10.0, 7.0, 15.5 ], "rotation": 270, "autoUv": false },
				"east": { "texture": "#hat", "uv": [ 7.0, 4.0, 13.0, 10.0 ], "rotation": 180, "autoUv": false },
				"south": { "texture": "#hat", "uv": [ 13.0, 10.0, 19.0, 15.5 ], "rotation": 90, "autoUv": false },
				"up": { "texture": "#hat", "uv": [ 7.0, 10.0, 13.0, 15.5 ], "rotation": 90, "autoUv": false }
			},
			"children": [
				{
					"name": "lowerhidehat",
					"from": [ 0.75, -1.5, 0.225 ],
					"to": [ 4.125, 3.0, 4.44 ],
					"renderPass": 1,
					"unwrapMode": 2,
					"uv": [ 2.5, 17.0 ],
					"rotationOrigin": [ 2.5275, 1.5525, 3.0825 ],
					"faces": {
						"north": { "texture": "#hat", "uv": [ 12.5, 17.0, 17.0, 23.0 ], "autoUv": false },
						"east": { "texture": "#hat", "uv": [ 7.0, 17.0, 12.5, 23.0 ], "autoUv": false },
						"south": { "texture": "#hat", "uv": [ 2.5, 17.0, 7.0, 23.0 ], "autoUv": false }
					}
				},
				{
					"name": "rimTop",
					"from": [ 0.0, 3.75, 0.0 ],
					"to": [ 0.45, 4.5, 4.665 ],
					"unwrapMode": 4,
					"uv": [ 8.0, 0.0 ],
					"rotationOrigin": [ 0.0, 3.75, 0.0 ],
					"faces": {
						"west": { "texture": "#hat", "uv": [ 8.0, 0.0, 14.0, 1.0 ], "autoUv": false },
						"down": { "texture": "#hat", "uv": [ 8.0, 1.0, 14.0, 1.5 ], "rotation": 90, "autoUv": false, "windMode": [-1,-1,-1,-1], "windData": [1,1,1,1] }
					}
				},
				{
					"name": "rightRimBottom",
					"from": [ 0.0, 0.0, 0.0 ],
					"to": [ 0.75, 1.5, 0.225 ],
					"unwrapMode": 4,
					"uv": [ 16.5, 3.5 ],
					"faces": {
						"south": { "texture": "#hat", "uv": [ 18.0, 4.5, 19.0, 6.5 ], "autoUv": false },
						"west": { "texture": "#hat", "uv": [ 17.5, 4.5, 18.0, 6.5 ], "autoUv": false },
						"up": { "texture": "#hat", "uv": [ 17.5, 3.5, 18.0, 4.5 ], "rotation": 90, "autoUv": false },
						"down": { "texture": "#hat", "uv": [ 17.5, 6.5, 18.0, 7.5 ], "rotation": 90, "autoUv": false }
					},
					"children": [
						{
							"name": "rightRimMid",
							"from": [ 0.4125, 1.5, 0.0 ],
							"to": [ 0.7875, 3.75, 0.225 ],
							"unwrapMode": 4,
							"uv": [ 15.5, 4.5 ],
							"rotationOrigin": [ 0.4125, 1.5, 0.0 ],
							"faces": {
								"south": { "texture": "#hat", "uv": [ 16.0, 4.5, 16.5, 7.5 ], "autoUv": false },
								"west": { "texture": "#hat", "uv": [ 15.5, 4.5, 16.0, 7.5 ], "autoUv": false }
							}
						}
					]
				},
				{
					"name": "LeftRimBottom",
					"from": [ 0.0, 0.0, 4.425 ],
					"to": [ 0.75, 1.5, 4.65 ],
					"unwrapMode": 4,
					"uv": [ 16.5, 3.5 ],
					"rotationOrigin": [ 0.0, 0.0, 4.425 ],
					"faces": {
						"north": { "texture": "#hat", "uv": [ 16.5, 4.5, 17.5, 6.5 ], "autoUv": false, "windMode": [-1,-1,-1,-1], "windData": [1,1,1,1] },
						"west": { "texture": "#hat", "uv": [ 16.5, 4.5, 17.0, 6.5 ], "autoUv": false },
						"up": { "texture": "#hat", "uv": [ 16.5, 3.5, 17.0, 4.5 ], "rotation": 90, "autoUv": false },
						"down": { "texture": "#hat", "uv": [ 16.5, 6.5, 17.0, 7.5 ], "rotation": 90, "autoUv": false }
					},
					"children": [
						{
							"name": "LeftRimMid",
							"from": [ 0.4125, 1.5, 0.0 ],
							"to": [ 0.7875, 3.75, 0.225 ],
							"unwrapMode": 4,
							"uv": [ 15.5, 4.5 ],
							"rotationOrigin": [ 0.4125, 1.5, 0.0 ],
							"faces": {
								"north": { "texture": "#hat", "uv": [ 15.5, 4.5, 16.0, 7.5 ], "autoUv": false, "windMode": [-1,-1,-1,-1], "windData": [1,1,1,1] },
								"west": { "texture": "#hat", "uv": [ 15.5, 4.5, 16.0, 7.5 ], "autoUv": false }
							}
						}
					]
				}
			]
		}
	]}