{
	"editor": {
		"backDropShape": "entity/humanoid/seraph-hairless",
		"collapsedPaths": "Root/bandN/toothR1,Root/bandN/toothL1",
		"allAngles": true,
		"entityTextureMode": false
	},
	"textureWidth": 16,
	"textureHeight": 16,
	"textureSizes": {
	},
	"textures": {
	},
	"elements": [
		{
			"name": "hidehat",
			"stepParentName": "Head",
			"from": [ 2.1, 3.225, 1.725 ],
			"to": [ 2.1, 3.225, 1.725 ],
			"rotationOrigin": [ 2.175, 3.225, 1.725 ],
			"rotationZ": -8.0,
			"faces": {
				"north": { "texture": "#rotten-king-crown", "uv": [ 0.0, 0.0, 0.5, 0.5 ], "autoUv": false },
				"east": { "texture": "#rotten-king-crown", "uv": [ 0.0, 0.0, 0.5, 0.5 ], "autoUv": false },
				"south": { "texture": "#rotten-king-crown", "uv": [ 0.0, 0.0, 0.5, 0.5 ], "autoUv": false },
				"west": { "texture": "#rotten-king-crown", "uv": [ 0.0, 0.0, 0.5, 0.5 ], "autoUv": false },
				"up": { "texture": "#rotten-king-crown", "uv": [ 0.0, 0.0, 0.5, 0.5 ], "autoUv": false },
				"down": { "texture": "#rotten-king-crown", "uv": [ 0.0, 0.0, 0.5, 0.5 ], "autoUv": false }
			},
			"children": [
				{
					"name": "front 1",
					"from": [ -2.7, -0.75, -2.1 ],
					"to": [ -2.325, 0.375, 0.15 ],
					"rotationOrigin": [ -2.775, -0.75, 0.15 ],
					"rotationY": -10.0,
					"faces": {
						"north": { "texture": "#rotten-king-crown", "uv": [ 5.0, 3.5, 5.5, 5.0 ], "autoUv": false },
						"east": { "texture": "#rotten-king-crown", "uv": [ 8.0, 3.5, 11.0, 5.0 ], "autoUv": false },
						"south": { "texture": "#rotten-king-crown", "uv": [ 13.5, 3.5, 14.0, 5.0 ], "autoUv": false },
						"west": { "texture": "#rotten-king-crown", "uv": [ 5.0, 3.5, 8.0, 5.0 ], "autoUv": false },
						"up": { "texture": "#rotten-king-crown", "uv": [ 5.0, 3.5, 8.0, 4.0 ], "rotation": 90, "autoUv": false },
						"down": { "texture": "#rotten-king-crown", "uv": [ 7.5, 9.0, 10.5, 9.5 ], "rotation": 90, "autoUv": false }
					},
					"children": [
						{
							"name": "Cube6",
							"from": [ 0.0, 1.125, 0.0 ],
							"to": [ 0.0, 2.625, 2.25 ],
							"rotationOrigin": [ 0.0, 1.125, 0.0 ],
							"rotationZ": 12.0,
							"faces": {
								"west": { "texture": "#rotten-king-crown", "uv": [ 5.0, 1.5, 8.0, 3.5 ], "autoUv": false }
							}
						}
					]
				},
				{
					"name": "Left 1",
					"from": [ -2.325, -0.75, -2.325 ],
					"to": [ -0.075, 0.375, -1.95 ],
					"rotationOrigin": [ -0.075, -0.75, -2.325 ],
					"rotationY": 10.0,
					"faces": {
						"north": { "texture": "#rotten-king-crown", "uv": [ 3.0, 9.0, 6.0, 10.5 ], "autoUv": false },
						"east": { "texture": "#rotten-king-crown", "uv": [ 7.0, 9.0, 7.5, 10.5 ], "autoUv": false },
						"south": { "texture": "#rotten-king-crown", "uv": [ 7.0, 9.0, 10.0, 10.5 ], "autoUv": false },
						"west": { "texture": "#rotten-king-crown", "uv": [ 13.5, 9.0, 14.0, 10.5 ], "autoUv": false },
						"up": { "texture": "#rotten-king-crown", "uv": [ 7.0, 9.0, 10.0, 9.5 ], "autoUv": false },
						"down": { "texture": "#rotten-king-crown", "uv": [ 7.0, 9.0, 10.0, 9.5 ], "autoUv": false }
					},
					"children": [
						{
							"name": "Left 12",
							"from": [ 0.0, 1.125, 0.0 ],
							"to": [ 2.25, 2.625, 0.0 ],
							"rotationOrigin": [ 1.125, 1.125, 0.0 ],
							"rotationX": -12.0,
							"faces": {
								"north": { "texture": "#rotten-king-crown", "uv": [ 3.0, 7.0, 6.0, 9.0 ], "autoUv": false }
							}
						}
					]
				},
				{
					"name": "Right 1",
					"from": [ -2.4, -0.75, 2.25 ],
					"to": [ -0.15, 0.375, 2.625 ],
					"rotationOrigin": [ -0.15, -0.75, 2.625 ],
					"rotationY": -10.0,
					"faces": {
						"north": { "texture": "#rotten-king-crown", "uv": [ 0.0, 3.5, 3.0, 5.0 ], "autoUv": false },
						"east": { "texture": "#rotten-king-crown", "uv": [ 6.5, 3.5, 7.0, 5.0 ], "autoUv": false },
						"south": { "texture": "#rotten-king-crown", "uv": [ 10.0, 9.0, 13.0, 10.5 ], "autoUv": false },
						"west": { "texture": "#rotten-king-crown", "uv": [ 0.0, 3.5, 0.5, 5.0 ], "autoUv": false },
						"up": { "texture": "#rotten-king-crown", "uv": [ 0.0, 3.5, 3.0, 4.0 ], "autoUv": false },
						"down": { "texture": "#rotten-king-crown", "uv": [ 0.0, 3.5, 3.0, 4.0 ], "autoUv": false }
					},
					"children": [
						{
							"name": "Right 18",
							"from": [ 0.0, 1.125, 0.375 ],
							"to": [ 2.25, 2.625, 0.375 ],
							"rotationOrigin": [ 1.125, 1.125, 0.375 ],
							"rotationX": 12.0,
							"faces": {
								"south": { "texture": "#rotten-king-crown", "uv": [ 10.0, 7.0, 13.0, 9.0 ], "autoUv": false }
							}
						}
					]
				},
				{
					"name": "back 2",
					"from": [ 2.7, 0.375, -2.1 ],
					"to": [ 2.7, 1.875, 0.15 ],
					"rotationOrigin": [ 2.625, 0.375, 0.15 ],
					"rotationY": 10.0,
					"rotationZ": -12.0,
					"faces": {
						"east": { "texture": "#rotten-king-crown", "uv": [ 8.0, 12.5, 11.0, 14.5 ], "autoUv": false }
					},
					"children": [
						{
							"name": "back 29",
							"from": [ -0.0716, -1.0697, 0.026 ],
							"to": [ 0.3034, 0.0553, 2.276 ],
							"rotationOrigin": [ 0.3034, -1.0697, 2.276 ],
							"rotationZ": 12.0,
							"faces": {
								"north": { "texture": "#rotten-king-crown", "uv": [ 10.5, 14.5, 11.0, 16.0 ], "autoUv": false },
								"east": { "texture": "#rotten-king-crown", "uv": [ 8.0, 14.5, 11.0, 16.0 ], "autoUv": false },
								"south": { "texture": "#rotten-king-crown", "uv": [ 8.0, 3.5, 8.5, 5.0 ], "autoUv": false },
								"west": { "texture": "#rotten-king-crown", "uv": [ 8.0, 3.5, 11.0, 5.0 ], "autoUv": false },
								"up": { "texture": "#rotten-king-crown", "uv": [ 8.0, 14.5, 11.0, 15.0 ], "rotation": 90, "autoUv": false },
								"down": { "texture": "#rotten-king-crown", "uv": [ 8.0, 3.5, 11.0, 4.0 ], "rotation": 90, "autoUv": false }
							}
						}
					]
				},
				{
					"name": "front 2",
					"from": [ -2.7, -0.75, 0.15 ],
					"to": [ -2.325, 0.375, 2.4 ],
					"rotationOrigin": [ -2.7, -0.75, 0.15 ],
					"rotationY": 10.0,
					"faces": {
						"north": { "texture": "#rotten-king-crown", "uv": [ 8.0, 3.5, 8.5, 5.0 ], "autoUv": false },
						"east": { "texture": "#rotten-king-crown", "uv": [ 8.0, 3.5, 11.0, 5.0 ], "autoUv": false },
						"south": { "texture": "#rotten-king-crown", "uv": [ 10.5, 3.5, 11.0, 5.0 ], "autoUv": false },
						"west": { "texture": "#rotten-king-crown", "uv": [ 8.0, 3.5, 11.0, 5.0 ], "autoUv": false },
						"up": { "texture": "#rotten-king-crown", "uv": [ 8.0, 3.5, 11.0, 4.0 ], "rotation": 90, "autoUv": false },
						"down": { "texture": "#rotten-king-crown", "uv": [ 7.5, 9.0, 10.5, 9.5 ], "rotation": 90, "autoUv": false }
					},
					"children": [
						{
							"name": "Cube1",
							"from": [ 0.0, 1.125, 0.0 ],
							"to": [ 0.0, 2.625, 2.25 ],
							"rotationOrigin": [ 0.0, 1.125, 0.0 ],
							"rotationZ": 12.0,
							"faces": {
								"west": { "texture": "#rotten-king-crown", "uv": [ 8.0, 1.5, 11.0, 3.5 ], "autoUv": false }
							}
						}
					]
				},
				{
					"name": "Left 2",
					"from": [ -0.075, -0.75, -2.325 ],
					"to": [ 2.175, 0.375, -1.95 ],
					"rotationOrigin": [ -0.075, -0.75, -2.325 ],
					"rotationY": -10.0,
					"faces": {
						"north": { "texture": "#rotten-king-crown", "uv": [ 0.0, 9.0, 3.0, 10.5 ], "autoUv": false },
						"east": { "texture": "#rotten-king-crown", "uv": [ 7.0, 9.0, 7.5, 10.5 ], "autoUv": false },
						"south": { "texture": "#rotten-king-crown", "uv": [ 7.0, 9.0, 10.0, 10.5 ], "autoUv": false },
						"west": { "texture": "#rotten-king-crown", "uv": [ 13.5, 9.0, 14.0, 10.5 ], "autoUv": false },
						"up": { "texture": "#rotten-king-crown", "uv": [ 7.0, 9.0, 10.0, 9.5 ], "autoUv": false },
						"down": { "texture": "#rotten-king-crown", "uv": [ 7.0, 9.0, 10.0, 9.5 ], "autoUv": false }
					},
					"children": [
						{
							"name": "Left 13",
							"from": [ 0.0, 1.125, 0.0 ],
							"to": [ 2.25, 2.625, 0.0 ],
							"rotationOrigin": [ 0.0, 1.125, 0.0 ],
							"rotationX": -12.0,
							"faces": {
								"north": { "texture": "#rotten-king-crown", "uv": [ 0.0, 7.0, 3.0, 9.0 ], "autoUv": false }
							}
						}
					]
				},
				{
					"name": "Light 2",
					"from": [ -0.15, -0.75, 2.25 ],
					"to": [ 2.1, 0.375, 2.625 ],
					"rotationOrigin": [ -0.15, -0.75, 2.625 ],
					"rotationY": 10.0,
					"faces": {
						"north": { "texture": "#rotten-king-crown", "uv": [ 0.0, 3.5, 3.0, 5.0 ], "autoUv": false },
						"east": { "texture": "#rotten-king-crown", "uv": [ 6.5, 3.5, 7.0, 5.0 ], "autoUv": false },
						"south": { "texture": "#rotten-king-crown", "uv": [ 13.0, 9.0, 16.0, 10.5 ], "autoUv": false },
						"west": { "texture": "#rotten-king-crown", "uv": [ 0.0, 3.5, 0.5, 5.0 ], "autoUv": false },
						"up": { "texture": "#rotten-king-crown", "uv": [ 0.0, 3.5, 3.0, 4.0 ], "autoUv": false },
						"down": { "texture": "#rotten-king-crown", "uv": [ 0.0, 3.5, 3.0, 4.0 ], "autoUv": false }
					},
					"children": [
						{
							"name": "Light 20",
							"from": [ 0.0, 1.125, 0.375 ],
							"to": [ 2.25, 2.625, 0.375 ],
							"rotationOrigin": [ 0.0, 1.125, 0.375 ],
							"rotationX": 12.0,
							"faces": {
								"south": { "texture": "#rotten-king-crown", "uv": [ 13.0, 7.0, 16.0, 9.0 ], "autoUv": false }
							}
						}
					]
				},
				{
					"name": "back 1",
					"from": [ 2.325, -0.75, 0.15 ],
					"to": [ 2.7, 0.375, 2.4 ],
					"rotationOrigin": [ 2.7, -0.75, 0.15 ],
					"rotationY": -10.0,
					"faces": {
						"north": { "texture": "#rotten-king-crown", "uv": [ 11.0, 3.5, 11.5, 5.0 ], "autoUv": false },
						"east": { "texture": "#rotten-king-crown", "uv": [ 5.0, 14.5, 8.0, 16.0 ], "autoUv": false },
						"south": { "texture": "#rotten-king-crown", "uv": [ 5.0, 14.5, 5.5, 16.0 ], "autoUv": false },
						"west": { "texture": "#rotten-king-crown", "uv": [ 8.0, 3.5, 11.0, 5.0 ], "autoUv": false },
						"up": { "texture": "#rotten-king-crown", "uv": [ 5.0, 14.5, 8.0, 15.0 ], "rotation": 90, "autoUv": false },
						"down": { "texture": "#rotten-king-crown", "uv": [ 8.0, 3.5, 11.0, 4.0 ], "rotation": 90, "autoUv": false }
					},
					"children": [
						{
							"name": "back 28",
							"from": [ 0.375, 1.125, 0.0 ],
							"to": [ 0.375, 2.625, 2.25 ],
							"rotationOrigin": [ 0.375, 1.125, 0.0 ],
							"rotationZ": -12.0,
							"faces": {
								"east": { "texture": "#rotten-king-crown", "uv": [ 5.0, 12.5, 8.0, 14.5 ], "autoUv": false }
							}
						}
					]
				}
			]
		}
	]}