{
	"editor": {
		"backDropShape": "entity/humanoid/seraph-hairless",
		"allAngles": true,
		"entityTextureMode": true
	},
	"textureWidth": 32,
	"textureHeight": 32,
	"textureSizes": {
		"hat": [32,32]
	},
	"textures": {
	},
	"elements": [
		{
			"name": "hidehat",
			"stepParentName": "Head",
			"from": [ -0.4125, -1.05, -0.4125 ],
			"to": [ 4.6125, 4.2, 4.1625 ],
			"renderPass": 1,
			"unwrapMode": 4,
			"autoUnwrap": false,
			"uv": [ 5.5, 8.5 ],
			"rotationOrigin": [ 1.3875, 2.0025, 2.1 ],
			"rotationZ": 1.0,
			"faces": {
				"north": { "texture": "#hat", "uv": [ 5.5, 15.0, 12.0, 22.0 ], "autoUv": false },
				"east": { "texture": "#hat", "uv": [ 25.0, 15.0, 31.0, 22.0 ], "autoUv": false },
				"south": { "texture": "#hat", "uv": [ 18.0, 15.0, 24.5, 22.0 ], "autoUv": false },
				"west": { "texture": "#hat", "uv": [ 12.0, 15.0, 18.0, 22.0 ], "autoUv": false },
				"up": { "texture": "#hat", "uv": [ 12.0, 8.5, 18.0, 15.0 ], "rotation": 90, "autoUv": false }
			},
			"children": [
				{
					"name": "flapR",
					"from": [ 0.0, 3.0, 0.0 ],
					"to": [ 0.375, 4.5, 0.15 ],
					"unwrapMode": 3,
					"uv": [ 0.0, 16.5 ],
					"rotationOrigin": [ 0.0, 3.0, 0.0 ],
					"faces": {
						"south": { "texture": "#hat", "uv": [ 0.5, 16.5, 1.0, 18.5 ], "autoUv": false },
						"west": { "texture": "#hat", "uv": [ 0.0, 16.5, 0.5, 18.5 ], "autoUv": false },
						"down": { "texture": "#hat", "uv": [ 0.5, 18.5, 1.0, 19.0 ], "rotation": 180, "autoUv": false }
					},
					"children": [
						{
							"name": "flapR2",
							"from": [ 0.3825, -1.125, 0.0 ],
							"to": [ 0.7575, 0.0, 0.15 ],
							"unwrapMode": 3,
							"uv": [ 0.0, 16.5 ],
							"rotationOrigin": [ 0.375, -1.125, 0.0 ],
							"faces": {
								"south": { "texture": "#hat", "uv": [ 0.5, 16.5, 1.0, 18.0 ], "autoUv": false },
								"west": { "texture": "#hat", "uv": [ 0.0, 16.5, 0.5, 18.0 ], "autoUv": false },
								"down": { "texture": "#hat", "uv": [ 0.5, 18.0, 1.0, 18.5 ], "rotation": 180, "autoUv": false }
							}
						},
						{
							"name": "flapR3",
							"from": [ 0.7575, -2.625, 0.0 ],
							"to": [ 4.1325, -1.125, 0.15 ],
							"unwrapMode": 3,
							"uv": [ 14.5, 1.5 ],
							"rotationOrigin": [ 0.75, -2.625, 0.0 ],
							"faces": {
								"south": { "texture": "#hat", "uv": [ 15.0, 1.5, 19.5, 3.5 ], "autoUv": false },
								"west": { "texture": "#hat", "uv": [ 14.5, 1.5, 15.0, 3.5 ], "autoUv": false },
								"down": { "texture": "#hat", "uv": [ 15.0, 3.5, 19.5, 4.0 ], "rotation": 180, "autoUv": false }
							}
						}
					]
				},
				{
					"name": "flapL",
					"from": [ 0.0, 3.0, 4.425 ],
					"to": [ 0.375, 4.5, 4.575 ],
					"unwrapMode": 1,
					"uv": [ 1.0, 22.0 ],
					"rotationOrigin": [ 0.0, 3.0, 4.425 ],
					"faces": {
						"north": { "texture": "#hat", "uv": [ 1.5, 22.0, 2.0, 24.0 ], "autoUv": false, "windMode": [-1,-1,-1,-1], "windData": [1,1,1,1] },
						"west": { "texture": "#hat", "uv": [ 2.0, 22.0, 2.5, 24.0 ], "autoUv": false, "windMode": [-1,-1,-1,-1], "windData": [1,1,1,1] },
						"down": { "texture": "#hat", "uv": [ 1.5, 24.0, 2.0, 24.5 ], "autoUv": false }
					},
					"children": [
						{
							"name": "flapL2",
							"from": [ 0.3825, -1.125, 0.0 ],
							"to": [ 0.7575, 0.375, 0.15 ],
							"unwrapMode": 1,
							"uv": [ 1.0, 22.0 ],
							"rotationOrigin": [ 0.375, -1.125, 0.0 ],
							"faces": {
								"north": { "texture": "#hat", "uv": [ 1.0, 22.0, 1.5, 24.0 ], "autoUv": false },
								"west": { "texture": "#hat", "uv": [ 1.5, 22.0, 2.0, 24.0 ], "autoUv": false },
								"down": { "texture": "#hat", "uv": [ 1.0, 24.0, 1.5, 24.5 ], "autoUv": false }
							}
						},
						{
							"name": "flapL3",
							"from": [ 0.7575, -2.625, 0.0 ],
							"to": [ 4.8825, -1.125, 0.15 ],
							"unwrapMode": 1,
							"uv": [ 9.0, 0.5 ],
							"rotationOrigin": [ 0.75, -2.625, 0.0 ],
							"faces": {
								"north": { "texture": "#hat", "uv": [ 9.0, 0.5, 14.5, 2.5 ], "autoUv": false },
								"west": { "texture": "#hat", "uv": [ 14.5, 0.5, 15.0, 2.5 ], "autoUv": false },
								"down": { "texture": "#hat", "uv": [ 9.0, 2.5, 14.5, 3.0 ], "autoUv": false }
							}
						}
					]
				}
			]
		}
	]}