{
	"editor": {
		"backDropShape": "entity/humanoid/seraph-hairless",
		"allAngles": true,
		"entityTextureMode": true
	},
	"textureWidth": 28,
	"textureHeight": 20,
	"textureSizes": {
		"hat": [28,20]
	},
	"textures": {
	},
	"elements": [
		{
			"name": "hidehat",
			"stepParentName": "Head",
			"from": [ 0.375, -0.6, -0.4125 ],
			"to": [ 4.575, 2.4, 4.1625 ],
			"renderPass": 1,
			"unwrapMode": 2,
			"autoUnwrap": false,
			"uv": [ 1.5, 15.5 ],
			"rotationOrigin": [ 2.2125, 2.4525, 2.1 ],
			"rotationZ": 3.0,
			"faces": {
				"north": { "texture": "#hat", "uv": [ 13.5, 15.5, 19.0, 19.5 ], "autoUv": false },
				"east": { "texture": "#hat", "uv": [ 7.5, 15.5, 13.5, 19.5 ], "autoUv": false },
				"south": { "texture": "#hat", "uv": [ 2.0, 15.5, 7.5, 19.5 ], "autoUv": false },
				"down": { "texture": "#hat", "uv": [ 12.0, 2.0, 18.0, 7.5 ], "rotation": 270, "autoUv": false, "windMode": [-1,-1,-1,-1], "windData": [1,1,1,1] }
			},
			"children": [
				{
					"name": "hidehat2",
					"from": [ 3.0, -0.75, 0.375 ],
					"to": [ 5.25, 0.75, 4.125 ],
					"unwrapMode": 4,
					"uv": [ 12.0, 0.0 ],
					"rotationOrigin": [ 3.0, -0.75, 0.375 ],
					"rotationZ": 28.0,
					"faces": {
						"north": { "texture": "#hat", "uv": [ 12.0, 3.0, 15.0, 5.0 ], "autoUv": false },
						"east": { "texture": "#hat", "uv": [ 23.0, 3.0, 28.0, 5.0 ], "autoUv": false },
						"south": { "texture": "#hat", "uv": [ 20.0, 3.0, 23.0, 5.0 ], "autoUv": false },
						"west": { "texture": "#hat", "uv": [ 15.0, 3.0, 20.0, 5.0 ], "autoUv": false },
						"up": { "texture": "#hat", "uv": [ 15.0, 0.0, 20.0, 3.0 ], "rotation": 90, "autoUv": false },
						"down": { "texture": "#hat", "uv": [ 15.0, 5.0, 20.0, 8.0 ], "rotation": 90, "autoUv": false }
					},
					"children": [
						{
							"name": "hidehat3",
							"from": [ 0.375, -0.75, 0.75 ],
							"to": [ 1.875, 0.0, 3.0 ],
							"unwrapMode": 4,
							"uv": [ 14.0, 0.0 ],
							"rotationOrigin": [ 1.875, 0.0, 0.75 ],
							"rotationZ": -14.0,
							"faces": {
								"north": { "texture": "#hat", "uv": [ 14.0, 2.0, 16.0, 3.0 ], "autoUv": false },
								"east": { "texture": "#hat", "uv": [ 21.0, 2.0, 24.0, 3.0 ], "autoUv": false },
								"south": { "texture": "#hat", "uv": [ 19.0, 2.0, 21.0, 3.0 ], "autoUv": false },
								"west": { "texture": "#hat", "uv": [ 16.0, 2.0, 19.0, 3.0 ], "autoUv": false },
								"up": { "texture": "#hat", "uv": [ 16.0, 0.0, 19.0, 2.0 ], "rotation": 90, "autoUv": false },
								"down": { "texture": "#hat", "uv": [ 16.0, 3.0, 19.0, 5.0 ], "rotation": 90, "autoUv": false }
							},
							"children": [
								{
									"name": "hidehat4",
									"from": [ 0.375, -0.75, 0.375 ],
									"to": [ 1.125, 0.0, 1.875 ],
									"unwrapMode": 4,
									"uv": [ 14.0, 0.0 ],
									"rotationOrigin": [ 1.125, 0.0, 0.375 ],
									"rotationZ": -11.0,
									"faces": {
										"north": { "texture": "#hat", "uv": [ 14.0, 1.0, 15.0, 2.0 ], "autoUv": false },
										"east": { "texture": "#hat", "uv": [ 18.0, 1.0, 20.0, 2.0 ], "autoUv": false },
										"south": { "texture": "#hat", "uv": [ 17.0, 1.0, 18.0, 2.0 ], "autoUv": false },
										"west": { "texture": "#hat", "uv": [ 15.0, 1.0, 17.0, 2.0 ], "autoUv": false },
										"up": { "texture": "#hat", "uv": [ 15.0, 0.0, 17.0, 1.0 ], "rotation": 90, "autoUv": false },
										"down": { "texture": "#hat", "uv": [ 15.0, 2.0, 17.0, 3.0 ], "rotation": 90, "autoUv": false }
									}
								}
							]
						}
					]
				}
			]
		},
		{
			"name": "neckshoulders",
			"stepParentName": "UpperTorso",
			"from": [ -0.0375, 1.95, 0.0 ],
			"to": [ 3.7875, 3.825, 4.575 ],
			"unwrapMode": 5,
			"unwrapRotation": 1,
			"uv": [ 21.0, 9.5 ],
			"rotationOrigin": [ -0.0375, 1.875, 0.0375 ],
			"faces": {
				"east": { "texture": "#hat", "uv": [ 21.0, 9.5, 27.0, 12.0 ], "rotation": 180, "autoUv": false, "windMode": [-1,-1,-1,-1] },
				"west": { "texture": "#hat", "uv": [ 21.0, 17.0, 27.0, 19.5 ], "autoUv": false, "windMode": [-1,-1,-1,-1] },
				"up": { "texture": "#hat", "uv": [ 21.0, 12.0, 27.0, 17.0 ], "rotation": 90, "autoUv": false, "windMode": [-1,-1,-1,-1], "windData": [1,1,1,1] }
			}
		}
	]}