{
	"editor": {
		"backDropShape": "entity/humanoid/seraph-hairless",
		"collapsedPaths": "Root/hidehat,Root/bandN/toothR1,Root/bandN/toothL1",
		"allAngles": true,
		"entityTextureMode": true
	},
	"textureWidth": 16,
	"textureHeight": 16,
	"textureSizes": {
	},
	"textures": {
	},
	"elements": [
		{
			"name": "hidehat",
			"stepParentName": "Head",
			"from": [ 0.0, 3.75, 0.0 ],
			"to": [ 4.125, 4.125, 3.75 ],
			"autoUnwrap": false,
			"uv": [ 4.5, 5.5 ],
			"rotationOrigin": [ 2.25, 4.5, 1.875 ],
			"faces": {
				"north": { "texture": "#straw-conehat", "uv": [ 1.5, 1.0, 2.0, 6.5 ], "rotation": 90, "autoUv": false },
				"east": { "texture": "#straw-conehat", "uv": [ 2.0, 2.0, 2.5, 7.0 ], "rotation": 90, "autoUv": false },
				"south": { "texture": "#straw-conehat", "uv": [ 1.0, 1.0, 1.5, 6.5 ], "rotation": 90, "autoUv": false },
				"west": { "texture": "#straw-conehat", "uv": [ 2.0, 1.5, 2.5, 6.5 ], "rotation": 90, "autoUv": false },
				"up": { "texture": "#straw-conehat", "uv": [ 0.0, 9.0, 5.0, 14.5 ], "rotation": 90, "autoUv": false }
			},
			"children": [
				{
					"name": "N1",
					"from": [ -0.75, -1.5, -0.75 ],
					"to": [ 4.875, -1.5, 0.75 ],
					"uv": [ 7.5, 4.0 ],
					"rotationOrigin": [ 2.25, -1.5, -0.75 ],
					"rotationX": -72.0,
					"faces": {
						"up": { "texture": "#straw-conehat", "uv": [ 7.5, 4.0, 15.0, 6.0 ], "autoUv": false }
					},
					"children": [
						{
							"name": "N2",
							"from": [ 0.375, 0.0, 1.5 ],
							"to": [ 5.25, 0.0, 3.0 ],
							"autoUnwrap": false,
							"uv": [ 8.0, 2.0 ],
							"rotationOrigin": [ 3.0, 0.0, 1.5 ],
							"rotationX": 15.0,
							"faces": {
								"up": { "texture": "#straw-conehat", "uv": [ 8.0, 2.0, 14.5, 4.0 ], "rotation": 180, "autoUv": false }
							},
							"children": [
								{
									"name": "N3",
									"from": [ 1.125, 0.0, 1.5 ],
									"to": [ 3.75, 0.0, 3.0 ],
									"autoUnwrap": false,
									"uv": [ 9.5, 0.0 ],
									"rotationOrigin": [ 1.125, 0.0, 1.5 ],
									"rotationX": 30.0,
									"faces": {
										"up": { "texture": "#straw-conehat", "uv": [ 9.5, 0.0, 13.0, 2.0 ], "rotation": 180, "autoUv": false }
									}
								}
							]
						},
						{
							"name": "N4",
							"from": [ -0.375, 0.0, -0.75 ],
							"to": [ 6.0, 0.0, 0.0 ],
							"autoUnwrap": false,
							"uv": [ 7.0, 6.0 ],
							"rotationOrigin": [ 3.0, 0.0, 0.0 ],
							"rotationX": -10.0,
							"faces": {
								"up": { "texture": "#straw-conehat", "uv": [ 7.0, 6.0, 15.5, 7.0 ], "rotation": 180, "autoUv": false }
							}
						}
					]
				},
				{
					"name": "S1",
					"from": [ -0.75, -1.5, 3.0 ],
					"to": [ 4.875, -1.5, 4.5 ],
					"uv": [ 7.5, 13.0 ],
					"rotationOrigin": [ 2.25, -1.5, 4.5 ],
					"rotationX": 72.0,
					"faces": {
						"up": { "texture": "#straw-conehat", "uv": [ 7.5, 13.0, 15.0, 15.0 ], "autoUv": false }
					},
					"children": [
						{
							"name": "S2",
							"from": [ 0.375, 0.0, -1.5 ],
							"to": [ 5.25, 0.0, 0.0 ],
							"uv": [ 8.0, 11.0 ],
							"rotationOrigin": [ 3.0, 0.0, 0.0 ],
							"rotationX": -15.0,
							"faces": {
								"up": { "texture": "#straw-conehat", "uv": [ 8.0, 11.0, 14.5, 13.0 ], "autoUv": false }
							},
							"children": [
								{
									"name": "S3",
									"from": [ 1.125, 0.0, -1.5 ],
									"to": [ 3.75, 0.0, 0.0 ],
									"uv": [ 9.5, 9.0 ],
									"rotationOrigin": [ 2.25, 0.0, 0.0 ],
									"rotationX": -30.0,
									"faces": {
										"up": { "texture": "#straw-conehat", "uv": [ 9.5, 9.0, 13.0, 11.0 ], "autoUv": false }
									}
								}
							]
						},
						{
							"name": "S4",
							"from": [ -0.375, 0.0, 1.5 ],
							"to": [ 6.0, 0.0, 2.25 ],
							"uv": [ 7.0, 15.0 ],
							"rotationOrigin": [ 3.0, 0.0, 1.5 ],
							"rotationX": 10.0,
							"faces": {
								"up": { "texture": "#straw-conehat", "uv": [ 7.0, 15.0, 15.5, 16.0 ], "autoUv": false }
							}
						}
					]
				},
				{
					"name": "W1",
					"from": [ -0.75, -1.5, -0.75 ],
					"to": [ 0.75, -1.5, 4.5 ],
					"uv": [ 1.0, 0.5 ],
					"rotationOrigin": [ -0.75, -1.5, 1.875 ],
					"rotationZ": 72.0,
					"faces": {
						"up": { "texture": "#straw-conehat", "uv": [ 1.0, 0.5, 3.0, 7.5 ], "autoUv": false }
					},
					"children": [
						{
							"name": "W2",
							"from": [ 1.5, 0.0, 0.375 ],
							"to": [ 3.0, 0.0, 4.875 ],
							"uv": [ 3.0, 1.0 ],
							"rotationOrigin": [ 1.5, 0.0, 2.625 ],
							"rotationZ": -15.0,
							"faces": {
								"up": { "texture": "#straw-conehat", "uv": [ 3.0, 1.0, 5.0, 7.0 ], "autoUv": false }
							},
							"children": [
								{
									"name": "W3",
									"from": [ 1.5, 0.0, 0.75 ],
									"to": [ 3.0, 0.0, 3.75 ],
									"uv": [ 5.0, 2.0 ],
									"rotationOrigin": [ 1.5, 0.0, 2.25 ],
									"rotationZ": -30.0,
									"faces": {
										"up": { "texture": "#straw-conehat", "uv": [ 5.0, 2.0, 7.0, 6.0 ], "autoUv": false }
									}
								}
							]
						},
						{
							"name": "W4R",
							"from": [ -0.75, 0.0, -0.375 ],
							"to": [ 0.0, 0.0, 1.125 ],
							"autoUnwrap": false,
							"uv": [ 0.0, 0.0 ],
							"rotationOrigin": [ 0.0, 0.0, 0.0 ],
							"rotationZ": 10.0,
							"faces": {
								"up": { "texture": "#straw-conehat", "uv": [ 0.0, 0.0, 1.0, 2.0 ], "autoUv": false }
							}
						},
						{
							"name": "W4L",
							"from": [ -0.75, 0.0, 4.125 ],
							"to": [ 0.0, 0.0, 5.625 ],
							"uv": [ 0.0, 6.0 ],
							"rotationOrigin": [ 0.0, 0.0, 4.5 ],
							"rotationZ": 10.0,
							"faces": {
								"up": { "texture": "#straw-conehat", "uv": [ 0.0, 6.0, 1.0, 8.0 ], "autoUv": false }
							}
						}
					]
				},
				{
					"name": "E1",
					"from": [ 3.375, -1.5, -0.75 ],
					"to": [ 4.875, -1.5, 4.5 ],
					"uv": [ 1.0, 8.5 ],
					"rotationOrigin": [ 4.875, -1.5, 1.875 ],
					"rotationZ": -72.0,
					"faces": {
						"up": { "texture": "#straw-conehat", "uv": [ 1.0, 8.5, 3.0, 15.5 ], "autoUv": false }
					},
					"children": [
						{
							"name": "E2",
							"from": [ -1.5, 0.0, 0.375 ],
							"to": [ 0.0, 0.0, 4.875 ],
							"autoUnwrap": false,
							"uv": [ 3.0, 9.0 ],
							"rotationOrigin": [ 0.0, 0.0, 2.625 ],
							"rotationZ": 15.0,
							"faces": {
								"up": { "texture": "#straw-conehat", "uv": [ 3.0, 9.0, 5.0, 15.0 ], "rotation": 180, "autoUv": false }
							},
							"children": [
								{
									"name": "E3",
									"from": [ -1.5, 0.0, 0.75 ],
									"to": [ 0.0, 0.0, 3.75 ],
									"autoUnwrap": false,
									"uv": [ 5.0, 10.0 ],
									"rotationOrigin": [ 0.0, 0.0, 0.75 ],
									"rotationZ": 30.0,
									"faces": {
										"up": { "texture": "#straw-conehat", "uv": [ 5.0, 10.0, 7.0, 14.0 ], "rotation": 180, "autoUv": false }
									}
								}
							]
						},
						{
							"name": "E4",
							"from": [ 1.5, 0.0, -0.375 ],
							"to": [ 2.25, 0.0, 5.625 ],
							"autoUnwrap": false,
							"uv": [ 0.0, 8.0 ],
							"rotationOrigin": [ 1.5, 0.0, 3.0 ],
							"rotationZ": -10.0,
							"faces": {
								"up": { "texture": "#straw-conehat", "uv": [ 0.0, 8.0, 1.0, 16.0 ], "rotation": 180, "autoUv": false }
							}
						}
					]
				}
			]
		}
	]}