{
	"editor": {
		"backDropShape": "entity/humanoid/seraph-hairless",
		"collapsedPaths": "Root/bandN/toothR1,Root/bandN/toothL1",
		"allAngles": false,
		"entityTextureMode": true
	},
	"textureWidth": 16,
	"textureHeight": 16,
	"textureSizes": {
	},
	"textures": {
	},
	"elements": [
		{
			"name": "hidehat",
			"stepParentName": "Head",
			"from": [ -0.075, 3.75, -0.15 ],
			"to": [ 4.35, 4.8, 3.9 ],
			"autoUnwrap": false,
			"uv": [ 0.0, 0.0 ],
			"rotationOrigin": [ 2.4, 3.75, 1.875 ],
			"faces": {
				"north": { "texture": "#tophat", "uv": [ 10.0, 15.0, 15.5, 16.0 ], "autoUv": false },
				"east": { "texture": "#tophat", "uv": [ 11.0, 14.0, 16.0, 15.0 ], "autoUv": false },
				"south": { "texture": "#tophat", "uv": [ 10.0, 15.0, 15.5, 16.0 ], "autoUv": false },
				"west": { "texture": "#tophat", "uv": [ 11.0, 14.0, 16.0, 15.0 ], "autoUv": false },
				"up": { "texture": "#tophat", "uv": [ 0.0, 5.0, 5.5, 10.0 ], "autoUv": false },
				"down": { "texture": "#tophat", "uv": [ 10.0, 0.0, 15.5, 5.0 ], "autoUv": false, "windMode": [-1,-1,-1,-1] }
			},
			"children": [
				{
					"name": "Pin",
					"from": [ 2.25, 0.3, 3.825 ],
					"to": [ 2.55, 1.125, 4.125 ],
					"autoUnwrap": false,
					"uv": [ 9.0, 0.0 ],
					"rotationOrigin": [ 2.4, 0.3, 3.975 ],
					"faces": {
						"east": { "texture": "#tophat", "uv": [ 10.0, 14.0, 10.5, 15.0 ], "autoUv": false, "windMode": [-1,-1,-1,-1] },
						"south": { "texture": "#tophat", "uv": [ 10.0, 14.0, 11.0, 14.5 ], "rotation": 90, "autoUv": false, "windMode": [-1,-1,-1,-1] },
						"west": { "texture": "#tophat", "uv": [ 10.5, 14.0, 11.0, 15.0 ], "autoUv": false, "windMode": [-1,-1,-1,-1] },
						"up": { "texture": "#tophat", "uv": [ 10.5, 14.0, 11.0, 14.5 ], "autoUv": false, "windMode": [-1,-1,-1,-1] }
					}
				},
				{
					"name": "Brim-W",
					"from": [ -0.675, 0.15, -0.6 ],
					"to": [ 0.075, 0.45, 4.65 ],
					"autoUnwrap": false,
					"uv": [ 3.0, 2.5 ],
					"rotationOrigin": [ 0.075, 0.15, 2.025 ],
					"rotationZ": 10.0,
					"faces": {
						"north": { "texture": "#tophat", "uv": [ 10.0, 11.5, 10.5, 12.5 ], "rotation": 90, "autoUv": false },
						"east": { "texture": "#tophat", "uv": [ 0.0, 10.0, 7.0, 10.5 ], "autoUv": false },
						"south": { "texture": "#tophat", "uv": [ 10.0, 11.5, 10.5, 12.5 ], "rotation": 90, "autoUv": false, "windMode": [-1,-1,-1,-1] },
						"west": { "texture": "#tophat", "uv": [ 0.0, 11.5, 7.0, 12.0 ], "autoUv": false, "windMode": [-1,-1,-1,-1] },
						"up": { "texture": "#tophat", "uv": [ 0.0, 12.0, 7.0, 13.0 ], "rotation": 90, "autoUv": false },
						"down": { "texture": "#tophat", "uv": [ 0.0, 10.5, 7.0, 11.5 ], "rotation": 90, "autoUv": false }
					}
				},
				{
					"name": "Brim-E",
					"from": [ 4.275, 0.15, -0.6 ],
					"to": [ 5.025, 0.45, 4.65 ],
					"autoUnwrap": false,
					"uv": [ 3.0, 0.0 ],
					"rotationOrigin": [ 4.275, 0.15, 2.025 ],
					"rotationZ": -10.0,
					"faces": {
						"north": { "texture": "#tophat", "uv": [ 10.0, 9.5, 10.5, 10.5 ], "rotation": 90, "autoUv": false },
						"east": { "texture": "#tophat", "uv": [ 0.0, 11.5, 7.0, 12.0 ], "autoUv": false, "windMode": [-1,-1,-1,-1] },
						"south": { "texture": "#tophat", "uv": [ 10.0, 9.5, 10.5, 10.5 ], "rotation": 90, "autoUv": false, "windMode": [-1,-1,-1,-1] },
						"west": { "texture": "#tophat", "uv": [ 0.0, 10.0, 7.0, 10.5 ], "autoUv": false, "windMode": [-1,-1,-1,-1] },
						"up": { "texture": "#tophat", "uv": [ 0.0, 10.5, 7.0, 11.5 ], "rotation": 90, "autoUv": false },
						"down": { "texture": "#tophat", "uv": [ 0.0, 12.0, 7.0, 13.0 ], "rotation": 90, "autoUv": false }
					}
				},
				{
					"name": "Brim-N",
					"from": [ -0.375, 0.075, -0.75 ],
					"to": [ 5.025, 0.375, 0.0 ],
					"autoUnwrap": false,
					"uv": [ 1.0, 5.5 ],
					"rotationOrigin": [ 2.25, 0.075, 0.0 ],
					"rotationX": 5.0,
					"faces": {
						"north": { "texture": "#tophat", "uv": [ 7.0, 6.0, 7.5, 13.0 ], "rotation": 90, "autoUv": false, "windMode": [-1,-1,-1,-1] },
						"east": { "texture": "#tophat", "uv": [ 10.0, 12.5, 10.5, 13.5 ], "rotation": 90, "autoUv": false, "windMode": [-1,-1,-1,-1] },
						"south": { "texture": "#tophat", "uv": [ 9.5, 6.0, 10.0, 13.0 ], "rotation": 90, "autoUv": false, "windMode": [-1,-1,-1,-1] },
						"west": { "texture": "#tophat", "uv": [ 10.0, 12.5, 10.5, 13.5 ], "rotation": 90, "autoUv": false, "windMode": [-1,-1,-1,-1] },
						"up": { "texture": "#tophat", "uv": [ 7.5, 6.0, 8.5, 13.0 ], "rotation": 90, "autoUv": false },
						"down": { "texture": "#tophat", "uv": [ 7.5, 6.0, 8.5, 13.0 ], "rotation": 90, "autoUv": false }
					}
				},
				{
					"name": "Brim-S",
					"from": [ -0.375, 0.075, 4.05 ],
					"to": [ 5.025, 0.375, 4.8 ],
					"autoUnwrap": false,
					"uv": [ 0.0, 3.5 ],
					"rotationOrigin": [ 2.25, 0.075, 4.05 ],
					"rotationX": -5.0,
					"faces": {
						"north": { "texture": "#tophat", "uv": [ 9.5, 6.0, 10.0, 13.0 ], "rotation": 90, "autoUv": false },
						"east": { "texture": "#tophat", "uv": [ 10.0, 10.5, 10.5, 11.5 ], "rotation": 90, "autoUv": false },
						"south": { "texture": "#tophat", "uv": [ 7.0, 6.0, 7.5, 13.0 ], "rotation": 90, "autoUv": false, "windMode": [-1,-1,-1,-1] },
						"west": { "texture": "#tophat", "uv": [ 10.0, 10.5, 10.5, 11.5 ], "rotation": 90, "autoUv": false, "windMode": [-1,-1,-1,-1] },
						"up": { "texture": "#tophat", "uv": [ 8.5, 6.0, 9.5, 13.0 ], "rotation": 270, "autoUv": false },
						"down": { "texture": "#tophat", "uv": [ 7.5, 6.0, 8.5, 13.0 ], "rotation": 270, "autoUv": false }
					}
				},
				{
					"name": "Crown",
					"from": [ 0.1875, 0.825, 0.1875 ],
					"to": [ 4.2375, 3.075, 3.8625 ],
					"autoUnwrap": false,
					"uv": [ 1.5, 2.0 ],
					"rotationOrigin": [ 2.25, 0.825, 1.875 ],
					"rotationZ": -5.0,
					"faces": {
						"north": { "texture": "#tophat", "uv": [ 0.0, 13.0, 5.0, 16.0 ], "autoUv": false },
						"east": { "texture": "#tophat", "uv": [ 5.5, 13.0, 10.0, 16.0 ], "autoUv": false },
						"south": { "texture": "#tophat", "uv": [ 0.0, 13.0, 5.0, 16.0 ], "autoUv": false },
						"west": { "texture": "#tophat", "uv": [ 5.5, 13.0, 10.0, 16.0 ], "autoUv": false, "windMode": [-1,-1,-1,-1] },
						"up": { "texture": "#tophat", "uv": [ 10.5, 9.5, 15.5, 14.0 ], "autoUv": false }
					},
					"children": [
						{
							"name": "Crown-W",
							"from": [ 0.0, 1.65, -0.075 ],
							"to": [ 0.75, 2.4, 3.675 ],
							"autoUnwrap": false,
							"uv": [ 1.5, 3.5 ],
							"rotationOrigin": [ 0.0, 1.65, 1.875 ],
							"rotationZ": 15.0,
							"faces": {
								"north": { "texture": "#tophat", "uv": [ 6.0, 2.0, 7.0, 3.0 ], "autoUv": false, "windMode": [-1,-1,-1,-1] },
								"east": { "texture": "#tophat", "uv": [ 11.0, 5.0, 16.0, 6.0 ], "autoUv": false },
								"south": { "texture": "#tophat", "uv": [ 6.0, 3.0, 7.0, 4.0 ], "autoUv": false, "windMode": [-1,-1,-1,-1] },
								"west": { "texture": "#tophat", "uv": [ 11.0, 6.0, 16.0, 7.0 ], "autoUv": false, "windMode": [-1,-1,-1,-1] },
								"up": { "texture": "#tophat", "uv": [ 7.0, 0.0, 8.0, 5.0 ], "autoUv": false },
								"down": { "texture": "#tophat", "uv": [ 8.0, 0.0, 9.0, 5.0 ], "autoUv": false }
							}
						},
						{
							"name": "Crown-E",
							"from": [ 3.225, 1.65, -0.075 ],
							"to": [ 3.975, 2.4, 3.675 ],
							"autoUnwrap": false,
							"uv": [ 3.5, 6.0 ],
							"rotationOrigin": [ 3.975, 1.65, 1.875 ],
							"rotationZ": -15.0,
							"faces": {
								"north": { "texture": "#tophat", "uv": [ 6.0, 3.0, 7.0, 4.0 ], "autoUv": false, "windMode": [-1,-1,-1,-1] },
								"east": { "texture": "#tophat", "uv": [ 11.0, 6.0, 16.0, 7.0 ], "autoUv": false, "windMode": [-1,-1,-1,-1] },
								"south": { "texture": "#tophat", "uv": [ 6.0, 2.0, 7.0, 3.0 ], "autoUv": false, "windMode": [-1,-1,-1,-1] },
								"west": { "texture": "#tophat", "uv": [ 11.0, 5.0, 16.0, 6.0 ], "autoUv": false },
								"up": { "texture": "#tophat", "uv": [ 9.0, 0.0, 10.0, 5.0 ], "autoUv": false, "windMode": [-1,-1,-1,-1] },
								"down": { "texture": "#tophat", "uv": [ 8.0, 0.0, 9.0, 5.0 ], "autoUv": false }
							}
						},
						{
							"name": "Crown-N",
							"from": [ -0.075, 1.65, 0.0 ],
							"to": [ 4.05, 2.4, 0.75 ],
							"autoUnwrap": false,
							"uv": [ 0.0, 0.0 ],
							"rotationOrigin": [ 2.25, 1.65, 0.0 ],
							"rotationX": -15.0,
							"faces": {
								"north": { "texture": "#tophat", "uv": [ 0.0, 2.0, 5.5, 3.0 ], "autoUv": false },
								"east": { "texture": "#tophat", "uv": [ 6.0, 1.0, 7.0, 2.0 ], "autoUv": false },
								"south": { "texture": "#tophat", "uv": [ 0.0, 1.0, 5.5, 2.0 ], "autoUv": false },
								"west": { "texture": "#tophat", "uv": [ 6.0, 0.0, 7.0, 1.0 ], "autoUv": false, "windMode": [-1,-1,-1,-1] },
								"up": { "texture": "#tophat", "uv": [ 0.0, 0.0, 5.5, 1.0 ], "autoUv": false },
								"down": { "texture": "#tophat", "uv": [ 0.0, 3.0, 5.5, 4.0 ], "autoUv": false }
							}
						},
						{
							"name": "Crown-S",
							"from": [ -0.075, 1.65, 2.85 ],
							"to": [ 4.05, 2.4, 3.6 ],
							"autoUnwrap": false,
							"uv": [ 0.0, 4.5 ],
							"rotationOrigin": [ 2.25, 1.65, 3.6 ],
							"rotationX": 15.0,
							"faces": {
								"north": { "texture": "#tophat", "uv": [ 0.0, 1.0, 5.5, 2.0 ], "autoUv": false },
								"east": { "texture": "#tophat", "uv": [ 6.0, 1.0, 7.0, 2.0 ], "autoUv": false },
								"south": { "texture": "#tophat", "uv": [ 0.0, 2.0, 5.5, 3.0 ], "autoUv": false, "windMode": [-1,-1,-1,-1] },
								"west": { "texture": "#tophat", "uv": [ 6.0, 0.0, 7.0, 1.0 ], "autoUv": false, "windMode": [-1,-1,-1,-1] },
								"up": { "texture": "#tophat", "uv": [ 0.0, 4.0, 5.5, 5.0 ], "autoUv": false },
								"down": { "texture": "#tophat", "uv": [ 0.0, 3.0, 5.5, 4.0 ], "autoUv": false }
							}
						}
					]
				}
			]
		}
	]}