{
  "code": "armorhead",
  "class": "ItemWearableSoulboundRM", //"ItemWearable",
  "enabled": true,

  "storageFlags": 385,

  //NOTE make sure when adding a new model to add a repair recipe for it.
  "variantgroups": [
    {
      "code": "model",
      "states": [ "basic", "rustyjonas", "temporaljonas", "wanderer", "necromancer" ]
    },
    {
      "code": "color",
      "loadFromProperties": "rustboundmagic:abstract/color"
    },
    {
      "code": "type",
      "states": [
        "tier1",
        "tier2",
        "tier3"
      ]
    }
  ],
  "skipVariants": [ "*-wanderer-*", "*-necromancer-*" ],

  "behaviorsByType": {
    "*": [
      { "name": "CollectibleBehaviorMagicEquipStatsDisplayRM" },
      { "name": "CollectibleBehaviorWearableSoulbindRM" }
    ]
  },

  "attributesByType": {
    "*-tier1": {
      "handbookByType": {
        "*-plain-*": {
          "groupBy": [ "*-plain-tier1" ],
          "extraSections": [
            {
              "title": "game:Created by",
              "text": "rustboundmagic:handbook-thaumicworkbenchonlytier1-text"
            },
            {
              "title": "rustboundmagic:handbook-changablewith-title",
              "text": "rustboundmagic:handbook-transmogstone-text"
            }
          ]
        },
        "*": {
          "groupBy": [ "*-tier1" ],
          "extraSections": [
            {
              "title": "rustboundmagic:handbook-changablewith-title",
              "text": "rustboundmagic:handbook-transmogstone-text"
            }
          ]
        }
      },

      "visibleDamageEffect": true,
      "clothesCategory": "armorhead",

      "manacostforsoulbinding": 25,

      "attachableToEntity": {
        "texturePrefixCode": "armorhead",
        "categoryCodeByType": {
          "armorhead-*": "armorhead"
        },
        "disableElementsByType": {
          "armorhead-*": [ "hidehat", "Hood", "hoodupperover", "Hair tile upper part", "ponytailhigh", "ponytaillow", "hair-uncovered", "sidehigh", "sidelow", "bangs" ]
        }
      },

      "footStepSoundByType": {
        "armorhead-*": "game:wearable/leather*"
      },

      "defaultProtLoss": {
        "perTierRelativeProtectionLoss": [ 0.03, 0.15 ],
        "perTierFlatDamageReductionLoss": [ 0.1, 0.2 ]
      },
      "protectionModifiersByType": {
        "*": {
          "relativeProtection": 0.20,
          "flatDamageReduction": 0.5,
          "protectionTier": 2
        }
      },
      "statModifiersByType": {
        "*": {
          //"walkSpeed": -0.02,
          "healingeffectivness": -0.10,
          "hungerrate": 0.03
        }
      },
      "magicStatModifiersByType": {
        "*": {
          "perTierRelativeMagicProtectionLoss": [ 0.03, 0.15 ],
          "perTierFlatMagicDamageReductionLoss": [ 0.1, 0.2 ],
          "flatMagicDamageReduction": 0.5,
          "relativeMagicProtection": 0.20,
          "magicProtectionTier": 2,

          "maxmana": 5,

          "genericmodifiermanacost": -0.02
        }
      }
    },
    "*-tier2": {
      "handbookByType": {
        "*-plain-*": {
          "groupBy": [ "*-plain-tier2" ],
          "extraSections": [
            {
              "title": "game:Created by",
              "text": "rustboundmagic:handbook-thaumicworkbenchonlytier2-text"
            },
            {
              "title": "rustboundmagic:handbook-changablewith-title",
              "text": "rustboundmagic:handbook-transmogstone-text"
            }
          ]
        },
        "*": {
          "groupBy": [ "*-tier2" ],
          "extraSections": [
            {
              "title": "rustboundmagic:handbook-changablewith-title",
              "text": "rustboundmagic:handbook-transmogstone-text"
            }
          ]
        }
      },

      "visibleDamageEffect": true,
      "clothesCategory": "armorhead",

      "manacostforsoulbinding": 100,

      "attachableToEntity": {
        "texturePrefixCode": "armorhead",
        "categoryCodeByType": {
          "armorhead-*": "armorhead"
        },
        "disableElementsByType": {
          "armorhead-*": [ "hidehat", "Hood", "hoodupperover", "Hair tile upper part", "ponytailhigh", "ponytaillow", "hair-uncovered", "sidehigh", "sidelow", "bangs" ]
        }
      },

      "footStepSoundByType": {
        "armorhead-*": "game:wearable/leather*"
      },

      "defaultProtLoss": {
        "perTierRelativeProtectionLoss": [ 0.03, 0.15 ],
        "perTierFlatDamageReductionLoss": [ 0.1, 0.2 ]
      },
      "protectionModifiersByType": {
        "*": {
          "relativeProtection": 0.35,
          "flatDamageReduction": 0.5,
          "protectionTier": 2
        }
      },
      "statModifiersByType": {
        "*": {
          //"walkSpeed": -0.02,
          "healingeffectivness": -0.10,
          "hungerrate": 0.03
        }
      },
      "magicStatModifiersByType": {
        "*": {
          "perTierRelativeMagicProtectionLoss": [ 0.03, 0.15 ],
          "perTierFlatMagicDamageReductionLoss": [ 0.1, 0.2 ],
          "flatMagicDamageReduction": 0.5,
          "relativeMagicProtection": 0.33,
          "magicProtectionTier": 2,

          "maxmana": 25,

          "genericmodifiermanacost": -0.04,
          "genericmodifiercasttime": -0.02,

          "grantspassiveskillclairvoyance": 1
        }
      }
    },
    "*-tier3": {
      "handbookByType": {
        "*-plain-*": {
          "groupBy": [ "*-plain-tier3" ],
          "extraSections": [
            {
              "title": "game:Created by",
              "text": "rustboundmagic:handbook-thaumicworkbenchonlytier3-text"
            },
            {
              "title": "rustboundmagic:handbook-changablewith-title",
              "text": "rustboundmagic:handbook-transmogstone-text"
            }
          ]
        },
        "*": {
          "groupBy": [ "*-tier3" ],
          "extraSections": [
            {
              "title": "rustboundmagic:handbook-changablewith-title",
              "text": "rustboundmagic:handbook-transmogstone-text"
            }
          ]
        }
      },

      "visibleDamageEffect": true,
      "clothesCategory": "armorhead",

      "manacostforsoulbinding": 200,

      "attachableToEntity": {
        "texturePrefixCode": "armorhead",
        "categoryCodeByType": {
          "armorhead-*": "armorhead"
        },
        "disableElementsByType": {
          "armorhead-*": [ "hidehat", "Hood", "hoodupperover", "Hair tile upper part", "ponytailhigh", "ponytaillow", "hair-uncovered", "sidehigh", "sidelow", "bangs" ]
        }
      },

      "footStepSoundByType": {
        "armorhead-*": "game:wearable/leather*"
      },

      "defaultProtLoss": {
        "perTierRelativeProtectionLoss": [ 0.03, 0.15 ],
        "perTierFlatDamageReductionLoss": [ 0.1, 0.2 ]
      },
      "protectionModifiersByType": {
        "*": {
          "relativeProtection": 0.5,
          "flatDamageReduction": 0.5,
          "protectionTier": 2
        }
      },
      "statModifiersByType": {
        "*": {
          //"walkSpeed": -0.02,
          "healingeffectivness": -0.10,
          "hungerrate": 0.03
        }
      },
      "magicStatModifiersByType": {
        "*": {
          "perTierRelativeMagicProtectionLoss": [ 0.03, 0.15 ],
          "perTierFlatMagicDamageReductionLoss": [ 0.1, 0.2 ],
          "flatMagicDamageReduction": 0.5,
          "relativeMagicProtection": 0.50,
          "magicProtectionTier": 2,

          "maxmana": 50,
          "manaregen": 1,

          "genericmodifiermanacost": -0.06,
          "genericmodifiercasttime": -0.06,

          "grantspassiveskillclairvoyance": 1
        }
      }
    }
  },

  "creativeinventory": {
    "general": [ "*" ],
    "items": [ "*" ],
    "clothing": [ "*" ],
    "rustboundmagicequipment": [ "*" ]
  },

  "shapeByType": {
    "*-basic-*": {
      "base": "entities/humanoids/armor/{model}/{model}-head-{type}"
    },
    "*-rustyjonas-*": {
      "base": "entities/humanoids/armor/{model}/{model}-head"
    },
    "*-temporaljonas-*": {
      "base": "entities/humanoids/armor/{model}/{model}-head"
    },
    "*-wanderer-*": {
      "base": "entities/humanoids/armor/{model}/{model}-head-{type}"
    },
    "*-necromancer-*": {
      "base": "entities/humanoids/armor/{model}/{model}-head"
    }
  },

  "texturesByType": {
    "*-basic-*-tier1": {
      "seraph": { "base": "game:block/transparent" },
      "default": { "base": "default" },
      "colorblack": { "base": "color-black" },
      "metal": { "base": "default" },
      "gemsocket": { "base": "blocks/arcanus/arcanusblock-inert" },
      "gem": { "base": "items/resources/arcanus-normal" },
      "material1": { "base": "entities/humanoids/armor/outermaterial" },
      "material2": { "base": "entities/humanoids/armor/leatherouter-{color}" },
      "material3": { "base": "entities/humanoids/armor/clothblack" },
      "material4": { "base": "entities/humanoids/armor/eldrathiummetal" },
      "material5": { "base": "default" },
      "smallgear": { "base": "default" },
      "gold": { "base": "default" },
      "temporalgear": { "base": "default" },
      "temporal": { "base": "default" },
      "smoky": { "base": "default" },
      "rustyglow": { "base": "default" },
      "iron": { "base": "default" },
      "iron1": { "base": "default" },
      "rusty-iron": { "base": "default" },
      "brass": { "base": "default" }
    },
    "*-basic-*-tier2": {
      "seraph": { "base": "game:block/transparent" },
      "default": { "base": "default" },
      "colorblack": { "base": "color-black" },
      "metal": { "base": "default" },
      "gemsocket": { "base": "blocks/arcanus/arcanusblock-inert" },
      "gem": { "base": "items/resources/arcanus-primal" },
      "material1": { "base": "entities/humanoids/armor/outermaterial" },
      "material2": { "base": "entities/humanoids/armor/leatherouter-{color}" },
      "material3": { "base": "entities/humanoids/armor/clothblack" },
      "material4": { "base": "entities/humanoids/armor/eldrathiummetal" },
      "material5": { "base": "default" },
      "smallgear": { "base": "default" },
      "gold": { "base": "default" },
      "temporalgear": { "base": "default" },
      "temporal": { "base": "default" },
      "smoky": { "base": "default" },
      "rustyglow": { "base": "default" },
      "iron": { "base": "default" },
      "iron1": { "base": "default" },
      "rusty-iron": { "base": "default" },
      "brass": { "base": "default" }
    },
    "*-basic-*-tier3": {
      "seraph": { "base": "game:block/transparent" },
      "default": { "base": "default" },
      "colorblack": { "base": "color-black" },
      "metal": { "base": "default" },
      "gemsocket": { "base": "blocks/arcanus/arcanusblock-inert" },
      "gem": { "base": "items/resources/arcanus-seraphic" },
      "material1": { "base": "entities/humanoids/armor/outermaterial" },
      "material2": { "base": "entities/humanoids/armor/leatherouter-{color}" },
      "material3": { "base": "entities/humanoids/armor/clothblack" },
      "material4": { "base": "entities/humanoids/armor/eldrathiummetal" },
      "material5": { "base": "default" },
      "smallgear": { "base": "default" },
      "gold": { "base": "game:block/metal/tarnished/gold" },
      "temporalgear": { "base": "game:block/metal/tarnished/rusty-iron" },
      "temporal": { "base": "game:block/metal/tarnished/rusty-iron" },
      "smoky": { "base": "default" },
      "rustyglow": { "base": "default" },
      "iron": { "base": "default" },
      "iron1": { "base": "game:block/metal/tarnished/rusty-iron" },
      "rusty-iron": { "base": "default" },
      "brass": { "base": "default" }
    },

    "*-rustyjonas-*-tier1": {
      "seraph": { "base": "game:block/transparent" },
      "default": { "base": "default" },
      "colorblack": { "base": "color-black" },
      "metal": { "base": "default" },
      "gemsocket": { "base": "blocks/arcanus/arcanusblock-inert" },
      "gem": { "base": "items/resources/arcanus-normal" },
      "material1": { "base": "entities/humanoids/armor/outermaterial" },
      "material2": { "base": "entities/humanoids/armor/leatherouter-{color}" },
      "material3": { "base": "entities/humanoids/armor/clothblack" },
      "material4": { "base": "entities/humanoids/armor/eldrathiummetal" },
      "material5": { "base": "entities/humanoids/armor/eldrathiummetal" },
      "smallgear": { "base": "default" },
      "gold": { "base": "game:block/metal/tarnished/gold" },
      "temporalgear": { "base": "game:block/metal/tarnished/rusty-iron" },
      "temporal": { "base": "game:block/metal/tarnished/rusty-iron" },
      "smoky": { "base": "game:block/glass/smoky" },
      "rustyglow": { "base": "color-yellow" },
      "iron": { "base": "game:block/metal/tarnished/iron" },
      "iron1": { "base": "game:block/metal/tarnished/rusty-iron" },
      "rusty-iron": { "base": "game:block/metal/tarnished/rusty-iron" },
      "brass": { "base": "game:block/metal/tarnished/brass" }
    },
    "*-rustyjonas-*-tier2": {
      "seraph": { "base": "game:block/transparent" },
      "default": { "base": "default" },
      "colorblack": { "base": "color-black" },
      "metal": { "base": "default" },
      "gemsocket": { "base": "blocks/arcanus/arcanusblock-inert" },
      "gem": { "base": "items/resources/arcanus-primal" },
      "material1": { "base": "entities/humanoids/armor/outermaterial" },
      "material2": { "base": "entities/humanoids/armor/leatherouter-{color}" },
      "material3": { "base": "entities/humanoids/armor/clothblack" },
      "material4": { "base": "entities/humanoids/armor/eldrathiummetal" },
      "material5": { "base": "entities/humanoids/armor/eldrathiummetal" },
      "smallgear": { "base": "default" },
      "gold": { "base": "game:block/metal/tarnished/gold" },
      "temporalgear": { "base": "game:block/metal/tarnished/rusty-iron" },
      "temporal": { "base": "game:block/metal/tarnished/rusty-iron" },
      "smoky": { "base": "game:block/glass/smoky" },
      "rustyglow": { "base": "color-yellow" },
      "iron": { "base": "game:block/metal/tarnished/iron" },
      "iron1": { "base": "game:block/metal/tarnished/rusty-iron" },
      "rusty-iron": { "base": "game:block/metal/tarnished/rusty-iron" },
      "brass": { "base": "game:block/metal/tarnished/brass" }
    },
    "*-rustyjonas-*-tier3": {
      "seraph": { "base": "game:block/transparent" },
      "default": { "base": "default" },
      "colorblack": { "base": "color-black" },
      "metal": { "base": "default" },
      "gemsocket": { "base": "blocks/arcanus/arcanusblock-inert" },
      "gem": { "base": "items/resources/arcanus-seraphic" },
      "material1": { "base": "entities/humanoids/armor/outermaterial" },
      "material2": { "base": "entities/humanoids/armor/leatherouter-{color}" },
      "material3": { "base": "entities/humanoids/armor/clothblack" },
      "material4": { "base": "entities/humanoids/armor/eldrathiummetal" },
      "material5": { "base": "entities/humanoids/armor/eldrathiummetal" },
      "smallgear": { "base": "default" },
      "gold": { "base": "game:block/metal/tarnished/gold" },
      "temporalgear": { "base": "game:block/metal/tarnished/rusty-iron" },
      "temporal": { "base": "game:block/metal/tarnished/rusty-iron" },
      "smoky": { "base": "game:block/glass/smoky" },
      "rustyglow": { "base": "color-yellow" },
      "iron": { "base": "game:block/metal/tarnished/iron" },
      "iron1": { "base": "game:block/metal/tarnished/rusty-iron" },
      "rusty-iron": { "base": "game:block/metal/tarnished/rusty-iron" },
      "brass": { "base": "game:block/metal/tarnished/brass" }
    },

    "*-temporaljonas-*-tier1": {
      "seraph": { "base": "game:block/transparent" },
      "default": { "base": "default" },
      "colorblack": { "base": "color-black" },
      "metal": { "base": "default" },
      "gemsocket": { "base": "blocks/arcanus/arcanusblock-inert" },
      "gem": { "base": "items/resources/arcanus-normal" },
      "material1": { "base": "entities/humanoids/armor/outermaterial" },
      "material2": { "base": "entities/humanoids/armor/leatherouter-{color}" },
      "material3": { "base": "entities/humanoids/armor/clothblack" },
      "material4": { "base": "entities/humanoids/armor/eldrathiummetal" },
      "material5": { "base": "entities/humanoids/armor/eldrathiummetal" },
      "smallgear": { "base": "default" },
      "gold": { "base": "game:block/metal/tarnished/gold" },
      "temporalgear": { "base": "game:item/resource/temporalgear" },
      "temporal": { "base": "game:item/resource/temporalgear" },
      "smoky": { "base": "game:block/glass/smoky" },
      "rustyglow": { "base": "game:block/machine/statictranslocator/rustyglow" },
      "iron": { "base": "game:block/metal/tarnished/iron" },
      "iron1": { "base": "game:block/machine/statictranslocator/rustyglow" },
      "rusty-iron": { "base": "game:block/metal/tarnished/rusty-iron" },
      "brass": { "base": "game:block/metal/tarnished/brass" }
    },
    "*-temporaljonas-*-tier2": {
      "seraph": { "base": "game:block/transparent" },
      "default": { "base": "default" },
      "colorblack": { "base": "color-black" },
      "metal": { "base": "default" },
      "gemsocket": { "base": "blocks/arcanus/arcanusblock-inert" },
      "gem": { "base": "items/resources/arcanus-primal" },
      "material1": { "base": "entities/humanoids/armor/outermaterial" },
      "material2": { "base": "entities/humanoids/armor/leatherouter-{color}" },
      "material3": { "base": "entities/humanoids/armor/clothblack" },
      "material4": { "base": "entities/humanoids/armor/eldrathiummetal" },
      "material5": { "base": "entities/humanoids/armor/eldrathiummetal" },
      "smallgear": { "base": "default" },
      "gold": { "base": "game:block/metal/tarnished/gold" },
      "temporalgear": { "base": "game:item/resource/temporalgear" },
      "temporal": { "base": "game:item/resource/temporalgear" },
      "smoky": { "base": "game:block/glass/smoky" },
      "rustyglow": { "base": "game:block/machine/statictranslocator/rustyglow" },
      "iron": { "base": "game:block/metal/tarnished/iron" },
      "iron1": { "base": "game:block/machine/statictranslocator/rustyglow" },
      "rusty-iron": { "base": "game:block/metal/tarnished/rusty-iron" },
      "brass": { "base": "game:block/metal/tarnished/brass" }
    },
    "*-temporaljonas-*-tier3": {
      "seraph": { "base": "game:block/transparent" },
      "default": { "base": "default" },
      "colorblack": { "base": "color-black" },
      "metal": { "base": "default" },
      "gemsocket": { "base": "blocks/arcanus/arcanusblock-inert" },
      "gem": { "base": "items/resources/arcanus-seraphic" },
      "material1": { "base": "entities/humanoids/armor/outermaterial" },
      "material2": { "base": "entities/humanoids/armor/leatherouter-{color}" },
      "material3": { "base": "entities/humanoids/armor/clothblack" },
      "material4": { "base": "entities/humanoids/armor/eldrathiummetal" },
      "material5": { "base": "entities/humanoids/armor/eldrathiummetal" },
      "smallgear": { "base": "default" },
      "gold": { "base": "game:block/metal/tarnished/gold" },
      "temporalgear": { "base": "game:item/resource/temporalgear" },
      "temporal": { "base": "game:item/resource/temporalgear" },
      "smoky": { "base": "game:block/glass/smoky" },
      "rustyglow": { "base": "game:block/machine/statictranslocator/rustyglow" },
      "iron": { "base": "game:block/metal/tarnished/iron" },
      "iron1": { "base": "game:block/machine/statictranslocator/rustyglow" },
      "rusty-iron": { "base": "game:block/metal/tarnished/rusty-iron" },
      "brass": { "base": "game:block/metal/tarnished/brass" }
    },






    "*-necromancer-*": {
      "seraph": { "base": "game:block/transparent" },
      "default": { "base": "default" },

      "sheepskull": { "base": "game:entity/humanoid/seraphclothes/face/sheepskull" },

      "colorblack": { "base": "color-black" },
      "metal": { "base": "default" },
      "gemsocket": { "base": "blocks/arcanus/arcanusblock-inert" },
      "gem": { "base": "blocks/arcanus/arcanusblocksolid-celestial" },
      "material1": { "base": "entities/humanoids/armor/outermaterial" },
      "material2": { "base": "entities/humanoids/armor/leatherouter-{color}" },
      "material3": { "base": "entities/humanoids/armor/clothblack" },
      "material4": { "base": "entities/humanoids/armor/eldrathiummetal" },
      "material5": { "base": "entities/humanoids/armor/eldrathiummetal" },
      "smallgear": { "base": "default" },
      "gold": { "base": "game:block/metal/tarnished/gold" },
      "temporalgear": { "base": "game:item/resource/temporalgear" },
      "temporal": { "base": "game:item/resource/temporalgear" },
      "smoky": { "base": "game:block/glass/smoky" },
      "rustyglow": { "base": "game:block/machine/statictranslocator/rustyglow" },
      "iron": { "base": "game:block/metal/tarnished/iron" },
      "iron1": { "base": "game:block/machine/statictranslocator/rustyglow" },
      "rusty-iron": { "base": "game:block/metal/tarnished/rusty-iron" },
      "brass": { "base": "game:block/metal/tarnished/brass" }
    },








    "*": {
      "default": { "base": "default" },
      "seraph": { "base": "game:entities/humanoids/seraphclothes/{category}/{arm}" }
    }
  },

  "heldTpUseAnimation": "interactstatic",

  "renderAlphaTest": 0.25,
  "durabilityByType": {
    "*-tier1": 900,
    "*-tier2": 900,
    "*-tier3": 900
  },

  "fpHandTransformByType": {
    "*": {
      "translation": {
        "x": 0.4,
        "y": -1.9,
        "z": -0.5
      },
      "rotation": {
        "x": 163,
        "y": -111,
        "z": -180
      },
      "origin": {
        "x": 0.5,
        "y": 1.7,
        "z": 0.5
      },
      "scale": 2.15
    }
  },
  "tpHandTransformByType": {
    "*": {
      "translation": {
        "x": -0.82,
        "y": -2.85,
        "z": -0.7
      },
      "rotation": {
        "x": 15,
        "y": 86,
        "z": 88
      },
      "origin": {
        "x": 0.5,
        "y": 1.7,
        "z": 0.5
      },
      "scale": 0.64
    }
  },
  "guiTransformByType": {
    "*": {
      "translation": {
        "x": 0,
        "y": 0,
        "z": 0
      },
      "rotation": {
        "x": -26,
        "y": -46,
        "z": -180
      },
      "origin": {
        "x": 0.7,
        "y": 1.72,
        "z": 0.5
      },
      "scale": 1.5
    }
  },
  "groundTransformByType": {
    "*": {
      "translation": {
        "x": 0,
        "y": 0,
        "z": 0
      },
      "rotation": {
        "x": 0,
        "y": 0,
        "z": 0
      },
      "origin": {
        "x": 0.34,
        "y": 1.71,
        "z": 0.5
      },
      "scale": 3.1
    }
  }
}
