{
	"editor": {
		"allAngles": false,
		"entityTextureMode": false
	},
	"textureWidth": 16,
	"textureHeight": 16,
	"textureSizes": {
		"metal": [16,16]
	},
	"textures": {
		"metal": "game:block/metal/tarnished/copper1"
	},
	"elements": [
		{
			"name": "Cube1",
			"from": [ 4.0, 0.5, 6.0 ],
			"to": [ 10.0, 1.5, 7.5 ],
			"rotationOrigin": [ 4.0, 0.5, 6.0 ],
			"faces": {
				"north": { "texture": "#flesh", "uv": [ 0.0, 1.0, 6.0, 2.0 ] },
				"east": { "texture": "#flesh", "uv": [ 6.0, 2.0, 7.5, 3.0 ] },
				"south": { "texture": "#flesh", "uv": [ 0.0, 0.0, 6.0, 1.0 ] },
				"west": { "texture": "#flesh", "uv": [ 6.0, 3.0, 7.5, 4.0 ] },
				"up": { "texture": "#flesh", "uv": [ 1.0, 1.0, 7.0, 2.5 ] },
				"down": { "texture": "#flesh", "uv": [ 2.0, 0.0, 8.0, 1.5 ] }
			},
			"children": [
				{
					"name": "Cube3",
					"from": [ 0.5, 0.0, 1.5 ],
					"to": [ 5.0, 1.0, 2.0 ],
					"rotationOrigin": [ 1.0, 0.0, -1.0 ],
					"faces": {
						"east": { "texture": "#flesh", "uv": [ 7.0, 2.0, 7.5, 3.0 ] },
						"west": { "texture": "#flesh", "uv": [ 0.0, 1.0, 0.5, 2.0 ] },
						"up": { "texture": "#flesh", "uv": [ 0.0, 0.5, 4.5, 1.0 ] },
						"down": { "texture": "#flesh", "uv": [ 0.0, 0.0, 4.5, 0.5 ] }
					}
				},
				{
					"name": "Cube4",
					"from": [ 0.5, 0.0, 2.0 ],
					"to": [ 5.5, 1.0, 2.5 ],
					"rotationOrigin": [ 1.0, 0.0, -1.0 ],
					"faces": {
						"north": { "texture": "#flesh", "uv": [ 0.0, 0.0, 5.0, 1.0 ] },
						"east": { "texture": "#flesh", "uv": [ 7.0, 3.0, 7.5, 4.0 ] },
						"south": { "texture": "#flesh", "uv": [ 1.0, 2.0, 6.0, 3.0 ] },
						"west": { "texture": "#flesh", "uv": [ 7.0, 0.0, 7.5, 1.0 ] },
						"up": { "texture": "#flesh", "uv": [ 0.0, 3.0, 5.0, 3.5 ] },
						"down": { "texture": "#flesh", "uv": [ 0.0, 0.0, 5.0, 0.5 ] }
					}
				},
				{
					"name": "Cube5",
					"from": [ 1.0, 0.0, -0.5 ],
					"to": [ 5.0, 1.0, 0.0 ],
					"rotationOrigin": [ 1.0, 0.0, -1.0 ],
					"faces": {
						"north": { "texture": "#flesh", "uv": [ 1.0, 3.0, 5.0, 4.0 ] },
						"east": { "texture": "#flesh", "uv": [ 6.0, 3.0, 6.5, 4.0 ] },
						"west": { "texture": "#flesh", "uv": [ 3.0, 3.0, 3.5, 4.0 ] },
						"up": { "texture": "#flesh", "uv": [ 1.0, 3.0, 5.0, 3.5 ] },
						"down": { "texture": "#flesh", "uv": [ 0.0, 0.0, 4.0, 0.5 ] }
					}
				},
				{
					"name": "Cube6",
					"from": [ 1.5, 0.0, -1.0 ],
					"to": [ 4.5, 0.5, -0.5 ],
					"rotationOrigin": [ 1.0, 0.0, -1.0 ],
					"faces": {
						"north": { "texture": "#flesh", "uv": [ 0.0, 2.0, 3.0, 2.5 ] },
						"east": { "texture": "#flesh", "uv": [ 0.0, 0.0, 0.5, 0.5 ] },
						"west": { "texture": "#flesh", "uv": [ 0.0, 0.0, 0.5, 0.5 ] },
						"up": { "texture": "#flesh", "uv": [ 1.0, 2.0, 4.0, 2.5 ] },
						"down": { "texture": "#flesh", "uv": [ 0.0, 0.0, 3.0, 0.5 ] }
					}
				},
				{
					"name": "Cube7",
					"from": [ 1.5, 0.0, 2.5 ],
					"to": [ 4.5, 0.5, 3.0 ],
					"rotationOrigin": [ 1.0, 0.0, -1.0 ],
					"faces": {
						"east": { "texture": "#flesh", "uv": [ 5.0, 1.0, 5.5, 1.5 ] },
						"south": { "texture": "#flesh", "uv": [ 1.0, 3.0, 4.0, 3.5 ] },
						"west": { "texture": "#flesh", "uv": [ 1.0, 3.0, 1.5, 3.5 ] },
						"up": { "texture": "#flesh", "uv": [ 3.0, 3.0, 6.0, 3.5 ] },
						"down": { "texture": "#flesh", "uv": [ 0.0, 0.0, 3.0, 0.5 ] }
					}
				}
			]
		},
		{
			"name": "Cube2",
			"from": [ 8.0, 0.5, 11.0 ],
			"to": [ 14.0, 1.5, 12.5 ],
			"rotationOrigin": [ 8.0, 0.5, 11.0 ],
			"rotationY": 45.0,
			"faces": {
				"north": { "texture": "#flesh", "uv": [ 0.0, 1.0, 6.0, 2.0 ] },
				"east": { "texture": "#flesh", "uv": [ 6.0, 2.0, 7.5, 3.0 ] },
				"south": { "texture": "#flesh", "uv": [ 0.0, 0.0, 6.0, 1.0 ] },
				"west": { "texture": "#flesh", "uv": [ 6.0, 3.0, 7.5, 4.0 ] },
				"up": { "texture": "#flesh", "uv": [ 1.0, 1.0, 7.0, 2.5 ] },
				"down": { "texture": "#flesh", "uv": [ 2.0, 0.0, 8.0, 1.5 ] }
			},
			"children": [
				{
					"name": "Cube8",
					"from": [ 0.5, 0.0, 1.5 ],
					"to": [ 5.0, 1.0, 2.0 ],
					"rotationOrigin": [ 1.0, 0.0, -1.0 ],
					"faces": {
						"east": { "texture": "#flesh", "uv": [ 7.0, 2.0, 7.5, 3.0 ] },
						"west": { "texture": "#flesh", "uv": [ 0.0, 1.0, 0.5, 2.0 ] },
						"up": { "texture": "#flesh", "uv": [ 0.0, 0.5, 4.5, 1.0 ] },
						"down": { "texture": "#flesh", "uv": [ 0.0, 0.0, 4.5, 0.5 ] }
					}
				},
				{
					"name": "Cube9",
					"from": [ 0.5, 0.0, 2.0 ],
					"to": [ 5.5, 1.0, 2.5 ],
					"rotationOrigin": [ 1.0, 0.0, -1.0 ],
					"faces": {
						"north": { "texture": "#flesh", "uv": [ 0.0, 0.0, 5.0, 1.0 ] },
						"east": { "texture": "#flesh", "uv": [ 7.0, 3.0, 7.5, 4.0 ] },
						"south": { "texture": "#flesh", "uv": [ 1.0, 2.0, 6.0, 3.0 ] },
						"west": { "texture": "#flesh", "uv": [ 7.0, 0.0, 7.5, 1.0 ] },
						"up": { "texture": "#flesh", "uv": [ 0.0, 3.0, 5.0, 3.5 ] },
						"down": { "texture": "#flesh", "uv": [ 0.0, 0.0, 5.0, 0.5 ] }
					}
				},
				{
					"name": "Cube10",
					"from": [ 1.0, 0.0, -0.5 ],
					"to": [ 5.0, 1.0, 0.0 ],
					"rotationOrigin": [ 1.0, 0.0, -1.0 ],
					"faces": {
						"north": { "texture": "#flesh", "uv": [ 1.0, 3.0, 5.0, 4.0 ] },
						"east": { "texture": "#flesh", "uv": [ 6.0, 3.0, 6.5, 4.0 ] },
						"west": { "texture": "#flesh", "uv": [ 3.0, 3.0, 3.5, 4.0 ] },
						"up": { "texture": "#flesh", "uv": [ 1.0, 3.0, 5.0, 3.5 ] },
						"down": { "texture": "#flesh", "uv": [ 0.0, 0.0, 4.0, 0.5 ] }
					}
				},
				{
					"name": "Cube11",
					"from": [ 1.5, 0.0, -1.0 ],
					"to": [ 4.5, 0.5, -0.5 ],
					"rotationOrigin": [ 1.0, 0.0, -1.0 ],
					"faces": {
						"north": { "texture": "#flesh", "uv": [ 0.0, 2.0, 3.0, 2.5 ] },
						"east": { "texture": "#flesh", "uv": [ 0.0, 0.0, 0.5, 0.5 ] },
						"west": { "texture": "#flesh", "uv": [ 0.0, 0.0, 0.5, 0.5 ] },
						"up": { "texture": "#flesh", "uv": [ 1.0, 2.0, 4.0, 2.5 ] },
						"down": { "texture": "#flesh", "uv": [ 0.0, 0.0, 3.0, 0.5 ] }
					}
				},
				{
					"name": "Cube12",
					"from": [ 1.5, 0.0, 2.5 ],
					"to": [ 4.5, 0.5, 3.0 ],
					"rotationOrigin": [ 1.0, 0.0, -1.0 ],
					"faces": {
						"east": { "texture": "#flesh", "uv": [ 5.0, 1.0, 5.5, 1.5 ] },
						"south": { "texture": "#flesh", "uv": [ 1.0, 3.0, 4.0, 3.5 ] },
						"west": { "texture": "#flesh", "uv": [ 1.0, 3.0, 1.5, 3.5 ] },
						"up": { "texture": "#flesh", "uv": [ 3.0, 3.0, 6.0, 3.5 ] },
						"down": { "texture": "#flesh", "uv": [ 0.0, 0.0, 3.0, 0.5 ] }
					}
				}
			]
		},
		{
			"name": "footbase",
			"from": [ 3.0, 0.0, 1.5 ],
			"to": [ 6.0, 0.5, 5.5 ],
			"rotationOrigin": [ 7.5, 0.0, 4.0 ],
			"rotationY": 89.9802,
			"faces": {
				"north": { "texture": "#metal", "uv": [ 1.0, 13.5, 4.0, 14.0 ] },
				"east": { "texture": "#metal", "uv": [ 2.5, 15.0, 6.5, 15.5 ] },
				"south": { "texture": "#metal", "uv": [ 9.5, 13.5, 12.5, 14.0 ] },
				"west": { "texture": "#metal", "uv": [ 10.5, 7.0, 14.5, 7.5 ] },
				"up": { "texture": "#metal", "uv": [ 0.5, 5.5, 3.5, 9.5 ] },
				"down": { "texture": "#metal", "uv": [ 1.5, 6.0, 4.5, 10.0 ] }
			},
			"children": [
				{
					"name": "footbase2",
					"from": [ 1.0014, 0.0, 3.9997 ],
					"to": [ 2.5014, 0.5, 4.9997 ],
					"rotationOrigin": [ 5.5014, 0.0, 6.4997 ],
					"faces": {
						"north": { "texture": "#metal", "uv": [ 1.0, 13.5, 2.5, 14.0 ] },
						"east": { "texture": "#metal", "uv": [ 2.5, 15.0, 3.5, 15.5 ] },
						"south": { "texture": "#metal", "uv": [ 9.5, 13.5, 11.0, 14.0 ] },
						"west": { "texture": "#metal", "uv": [ 10.5, 7.0, 11.5, 7.5 ] },
						"up": { "texture": "#metal", "uv": [ 0.5, 5.5, 2.0, 6.5 ] },
						"down": { "texture": "#metal", "uv": [ 1.5, 6.0, 3.0, 7.0 ] }
					}
				},
				{
					"name": "footbase4",
					"from": [ -0.4998, 0.0, 0.5002 ],
					"to": [ 2.0E-4, 0.5, 3.5002 ],
					"rotationOrigin": [ 4.0002, 0.0, 3.0002 ],
					"faces": {
						"north": { "texture": "#metal", "uv": [ 1.0, 13.5, 1.5, 14.0 ] },
						"east": { "texture": "#metal", "uv": [ 2.5, 15.0, 5.5, 15.5 ] },
						"south": { "texture": "#metal", "uv": [ 9.5, 13.5, 10.0, 14.0 ] },
						"west": { "texture": "#metal", "uv": [ 10.5, 7.0, 13.5, 7.5 ] },
						"up": { "texture": "#metal", "uv": [ 0.5, 5.5, 1.0, 8.5 ] },
						"down": { "texture": "#metal", "uv": [ 1.5, 6.0, 2.0, 9.0 ] }
					}
				},
				{
					"name": "footbase5",
					"from": [ 0.9997, 0.0, -1.0003 ],
					"to": [ 2.4997, 0.5, -3.0E-4 ],
					"rotationOrigin": [ 5.4997, 0.0, 1.4997 ],
					"faces": {
						"north": { "texture": "#metal", "uv": [ 1.0, 13.5, 2.5, 14.0 ] },
						"east": { "texture": "#metal", "uv": [ 2.5, 15.0, 3.5, 15.5 ] },
						"south": { "texture": "#metal", "uv": [ 9.5, 13.5, 11.0, 14.0 ] },
						"west": { "texture": "#metal", "uv": [ 10.5, 7.0, 11.5, 7.5 ] },
						"up": { "texture": "#metal", "uv": [ 0.5, 5.5, 2.0, 6.5 ] },
						"down": { "texture": "#metal", "uv": [ 1.5, 6.0, 3.0, 7.0 ] }
					}
				},
				{
					"name": "footbase3",
					"from": [ 3.0002, 0.0, 0.499 ],
					"to": [ 3.5002, 0.5, 3.499 ],
					"rotationOrigin": [ 7.5002, 0.0, 2.999 ],
					"faces": {
						"north": { "texture": "#metal", "uv": [ 1.0, 13.5, 1.5, 14.0 ] },
						"east": { "texture": "#metal", "uv": [ 2.5, 15.0, 5.5, 15.5 ] },
						"south": { "texture": "#metal", "uv": [ 9.5, 13.5, 10.0, 14.0 ] },
						"west": { "texture": "#metal", "uv": [ 10.5, 7.0, 13.5, 7.5 ] },
						"up": { "texture": "#metal", "uv": [ 0.5, 5.5, 1.0, 8.5 ] },
						"down": { "texture": "#metal", "uv": [ 1.5, 6.0, 2.0, 9.0 ] }
					}
				},
				{
					"name": "footbase6",
					"from": [ -2.0E-4, 0.0, -0.5 ],
					"to": [ 0.9998, 0.5, 0.0 ],
					"rotationOrigin": [ 4.4998, 0.0, 2.0 ],
					"faces": {
						"north": { "texture": "#metal", "uv": [ 1.0, 13.5, 2.0, 14.0 ] },
						"east": { "texture": "#metal", "uv": [ 2.5, 15.0, 3.0, 15.5 ] },
						"south": { "texture": "#metal", "uv": [ 9.5, 13.5, 10.5, 14.0 ] },
						"west": { "texture": "#metal", "uv": [ 10.5, 7.0, 11.0, 7.5 ] },
						"up": { "texture": "#metal", "uv": [ 0.5, 5.5, 1.5, 6.0 ] },
						"down": { "texture": "#metal", "uv": [ 1.5, 6.0, 2.5, 6.5 ] }
					}
				}
			]
		},
		{
			"name": "footbase7",
			"from": [ 4.6, 0.0, 4.6 ],
			"to": [ 7.6, 0.5, 8.6 ],
			"rotationOrigin": [ 9.1, 0.0, 7.1 ],
			"rotationY": 135.0,
			"faces": {
				"north": { "texture": "#metal", "uv": [ 1.0, 13.5, 4.0, 14.0 ] },
				"east": { "texture": "#metal", "uv": [ 2.5, 15.0, 6.5, 15.5 ] },
				"south": { "texture": "#metal", "uv": [ 9.5, 13.5, 12.5, 14.0 ] },
				"west": { "texture": "#metal", "uv": [ 10.5, 7.0, 14.5, 7.5 ] },
				"up": { "texture": "#metal", "uv": [ 0.5, 5.5, 3.5, 9.5 ] },
				"down": { "texture": "#metal", "uv": [ 1.5, 6.0, 4.5, 10.0 ] }
			},
			"children": [
				{
					"name": "footbase8",
					"from": [ 1.0014, 0.0, 3.9997 ],
					"to": [ 2.5014, 0.5, 4.9997 ],
					"rotationOrigin": [ 5.5014, 0.0, 6.4997 ],
					"faces": {
						"north": { "texture": "#metal", "uv": [ 1.0, 13.5, 2.5, 14.0 ] },
						"east": { "texture": "#metal", "uv": [ 2.5, 15.0, 3.5, 15.5 ] },
						"south": { "texture": "#metal", "uv": [ 9.5, 13.5, 11.0, 14.0 ] },
						"west": { "texture": "#metal", "uv": [ 10.5, 7.0, 11.5, 7.5 ] },
						"up": { "texture": "#metal", "uv": [ 0.5, 5.5, 2.0, 6.5 ] },
						"down": { "texture": "#metal", "uv": [ 1.5, 6.0, 3.0, 7.0 ] }
					}
				},
				{
					"name": "footbase9",
					"from": [ -0.4998, 0.0, 0.5002 ],
					"to": [ 2.0E-4, 0.5, 3.5002 ],
					"rotationOrigin": [ 4.0002, 0.0, 3.0002 ],
					"faces": {
						"north": { "texture": "#metal", "uv": [ 1.0, 13.5, 1.5, 14.0 ] },
						"east": { "texture": "#metal", "uv": [ 2.5, 15.0, 5.5, 15.5 ] },
						"south": { "texture": "#metal", "uv": [ 9.5, 13.5, 10.0, 14.0 ] },
						"west": { "texture": "#metal", "uv": [ 10.5, 7.0, 13.5, 7.5 ] },
						"up": { "texture": "#metal", "uv": [ 0.5, 5.5, 1.0, 8.5 ] },
						"down": { "texture": "#metal", "uv": [ 1.5, 6.0, 2.0, 9.0 ] }
					}
				},
				{
					"name": "footbase10",
					"from": [ 0.9997, 0.0, -1.0003 ],
					"to": [ 2.4997, 0.5, -3.0E-4 ],
					"rotationOrigin": [ 5.4997, 0.0, 1.4997 ],
					"faces": {
						"north": { "texture": "#metal", "uv": [ 1.0, 13.5, 2.5, 14.0 ] },
						"east": { "texture": "#metal", "uv": [ 2.5, 15.0, 3.5, 15.5 ] },
						"south": { "texture": "#metal", "uv": [ 9.5, 13.5, 11.0, 14.0 ] },
						"west": { "texture": "#metal", "uv": [ 10.5, 7.0, 11.5, 7.5 ] },
						"up": { "texture": "#metal", "uv": [ 0.5, 5.5, 2.0, 6.5 ] },
						"down": { "texture": "#metal", "uv": [ 1.5, 6.0, 3.0, 7.0 ] }
					}
				},
				{
					"name": "footbase11",
					"from": [ 3.0002, 0.0, 0.499 ],
					"to": [ 3.5002, 0.5, 3.499 ],
					"rotationOrigin": [ 7.5002, 0.0, 2.999 ],
					"faces": {
						"north": { "texture": "#metal", "uv": [ 1.0, 13.5, 1.5, 14.0 ] },
						"east": { "texture": "#metal", "uv": [ 2.5, 15.0, 5.5, 15.5 ] },
						"south": { "texture": "#metal", "uv": [ 9.5, 13.5, 10.0, 14.0 ] },
						"west": { "texture": "#metal", "uv": [ 10.5, 7.0, 13.5, 7.5 ] },
						"up": { "texture": "#metal", "uv": [ 0.5, 5.5, 1.0, 8.5 ] },
						"down": { "texture": "#metal", "uv": [ 1.5, 6.0, 2.0, 9.0 ] }
					}
				},
				{
					"name": "footbase12",
					"from": [ -2.0E-4, 0.0, -0.5 ],
					"to": [ 0.9998, 0.5, 0.0 ],
					"rotationOrigin": [ 4.4998, 0.0, 2.0 ],
					"faces": {
						"north": { "texture": "#metal", "uv": [ 1.0, 13.5, 2.0, 14.0 ] },
						"east": { "texture": "#metal", "uv": [ 2.5, 15.0, 3.0, 15.5 ] },
						"south": { "texture": "#metal", "uv": [ 9.5, 13.5, 10.5, 14.0 ] },
						"west": { "texture": "#metal", "uv": [ 10.5, 7.0, 11.0, 7.5 ] },
						"up": { "texture": "#metal", "uv": [ 0.5, 5.5, 1.5, 6.0 ] },
						"down": { "texture": "#metal", "uv": [ 1.5, 6.0, 2.5, 6.5 ] }
					}
				}
			]
		}
	]}