{
	"editor": {
		"allAngles": false,
		"entityTextureMode": false
	},
	"textureWidth": 16,
	"textureHeight": 16,
	"textureSizes": {
		"metal": [16,16]
	},
	"textures": {
		"metal": "game:block/metal/tarnished/copper1"
	},
	"elements": [
		{
			"name": "Cube1",
			"from": [ 4.0, 0.5, 6.0 ],
			"to": [ 10.0, 1.5, 7.5 ],
			"rotationOrigin": [ 4.0, 0.5, 6.0 ],
			"faces": {
				"north": { "texture": "#flesh", "uv": [ 0.0, 1.0, 6.0, 2.0 ] },
				"east": { "texture": "#flesh", "uv": [ 6.0, 2.0, 7.5, 3.0 ] },
				"south": { "texture": "#flesh", "uv": [ 0.0, 0.0, 6.0, 1.0 ] },
				"west": { "texture": "#flesh", "uv": [ 6.0, 3.0, 7.5, 4.0 ] },
				"up": { "texture": "#flesh", "uv": [ 1.0, 1.0, 7.0, 2.5 ] },
				"down": { "texture": "#flesh", "uv": [ 2.0, 0.0, 8.0, 1.5 ] }
			},
			"children": [
				{
					"name": "Cube3",
					"from": [ 0.5, 0.0, 1.5 ],
					"to": [ 5.0, 1.0, 2.0 ],
					"rotationOrigin": [ 1.0, 0.0, -1.0 ],
					"faces": {
						"east": { "texture": "#flesh", "uv": [ 7.0, 2.0, 7.5, 3.0 ] },
						"west": { "texture": "#flesh", "uv": [ 0.0, 1.0, 0.5, 2.0 ] },
						"up": { "texture": "#flesh", "uv": [ 0.0, 0.5, 4.5, 1.0 ] },
						"down": { "texture": "#flesh", "uv": [ 0.0, 0.0, 4.5, 0.5 ] }
					}
				},
				{
					"name": "Cube4",
					"from": [ 0.5, 0.0, 2.0 ],
					"to": [ 5.5, 1.0, 2.5 ],
					"rotationOrigin": [ 1.0, 0.0, -1.0 ],
					"faces": {
						"north": { "texture": "#flesh", "uv": [ 0.0, 0.0, 5.0, 1.0 ] },
						"east": { "texture": "#flesh", "uv": [ 7.0, 3.0, 7.5, 4.0 ] },
						"south": { "texture": "#flesh", "uv": [ 1.0, 2.0, 6.0, 3.0 ] },
						"west": { "texture": "#flesh", "uv": [ 7.0, 0.0, 7.5, 1.0 ] },
						"up": { "texture": "#flesh", "uv": [ 0.0, 3.0, 5.0, 3.5 ] },
						"down": { "texture": "#flesh", "uv": [ 0.0, 0.0, 5.0, 0.5 ] }
					}
				},
				{
					"name": "Cube5",
					"from": [ 1.0, 0.0, -0.5 ],
					"to": [ 5.0, 1.0, 0.0 ],
					"rotationOrigin": [ 1.0, 0.0, -1.0 ],
					"faces": {
						"north": { "texture": "#flesh", "uv": [ 1.0, 3.0, 5.0, 4.0 ] },
						"east": { "texture": "#flesh", "uv": [ 6.0, 3.0, 6.5, 4.0 ] },
						"west": { "texture": "#flesh", "uv": [ 3.0, 3.0, 3.5, 4.0 ] },
						"up": { "texture": "#flesh", "uv": [ 1.0, 3.0, 5.0, 3.5 ] },
						"down": { "texture": "#flesh", "uv": [ 0.0, 0.0, 4.0, 0.5 ] }
					}
				},
				{
					"name": "Cube6",
					"from": [ 1.5, 0.0, -1.0 ],
					"to": [ 4.5, 0.5, -0.5 ],
					"rotationOrigin": [ 1.0, 0.0, -1.0 ],
					"faces": {
						"north": { "texture": "#flesh", "uv": [ 0.0, 2.0, 3.0, 2.5 ] },
						"east": { "texture": "#flesh", "uv": [ 0.0, 0.0, 0.5, 0.5 ] },
						"west": { "texture": "#flesh", "uv": [ 0.0, 0.0, 0.5, 0.5 ] },
						"up": { "texture": "#flesh", "uv": [ 1.0, 2.0, 4.0, 2.5 ] },
						"down": { "texture": "#flesh", "uv": [ 0.0, 0.0, 3.0, 0.5 ] }
					}
				},
				{
					"name": "Cube7",
					"from": [ 1.5, 0.0, 2.5 ],
					"to": [ 4.5, 0.5, 3.0 ],
					"rotationOrigin": [ 1.0, 0.0, -1.0 ],
					"faces": {
						"east": { "texture": "#flesh", "uv": [ 5.0, 1.0, 5.5, 1.5 ] },
						"south": { "texture": "#flesh", "uv": [ 1.0, 3.0, 4.0, 3.5 ] },
						"west": { "texture": "#flesh", "uv": [ 1.0, 3.0, 1.5, 3.5 ] },
						"up": { "texture": "#flesh", "uv": [ 3.0, 3.0, 6.0, 3.5 ] },
						"down": { "texture": "#flesh", "uv": [ 0.0, 0.0, 3.0, 0.5 ] }
					}
				}
			]
		},
		{
			"name": "Cube2",
			"from": [ 8.0, 0.5, 11.0 ],
			"to": [ 14.0, 1.5, 12.5 ],
			"rotationOrigin": [ 8.0, 0.5, 11.0 ],
			"rotationY": 45.0,
			"faces": {
				"north": { "texture": "#flesh", "uv": [ 0.0, 1.0, 6.0, 2.0 ] },
				"east": { "texture": "#flesh", "uv": [ 6.0, 2.0, 7.5, 3.0 ] },
				"south": { "texture": "#flesh", "uv": [ 0.0, 0.0, 6.0, 1.0 ] },
				"west": { "texture": "#flesh", "uv": [ 6.0, 3.0, 7.5, 4.0 ] },
				"up": { "texture": "#flesh", "uv": [ 1.0, 1.0, 7.0, 2.5 ] },
				"down": { "texture": "#flesh", "uv": [ 2.0, 0.0, 8.0, 1.5 ] }
			},
			"children": [
				{
					"name": "Cube8",
					"from": [ 0.5, 0.0, 1.5 ],
					"to": [ 5.0, 1.0, 2.0 ],
					"rotationOrigin": [ 1.0, 0.0, -1.0 ],
					"faces": {
						"east": { "texture": "#flesh", "uv": [ 7.0, 2.0, 7.5, 3.0 ] },
						"west": { "texture": "#flesh", "uv": [ 0.0, 1.0, 0.5, 2.0 ] },
						"up": { "texture": "#flesh", "uv": [ 0.0, 0.5, 4.5, 1.0 ] },
						"down": { "texture": "#flesh", "uv": [ 0.0, 0.0, 4.5, 0.5 ] }
					}
				},
				{
					"name": "Cube9",
					"from": [ 0.5, 0.0, 2.0 ],
					"to": [ 5.5, 1.0, 2.5 ],
					"rotationOrigin": [ 1.0, 0.0, -1.0 ],
					"faces": {
						"north": { "texture": "#flesh", "uv": [ 0.0, 0.0, 5.0, 1.0 ] },
						"east": { "texture": "#flesh", "uv": [ 7.0, 3.0, 7.5, 4.0 ] },
						"south": { "texture": "#flesh", "uv": [ 1.0, 2.0, 6.0, 3.0 ] },
						"west": { "texture": "#flesh", "uv": [ 7.0, 0.0, 7.5, 1.0 ] },
						"up": { "texture": "#flesh", "uv": [ 0.0, 3.0, 5.0, 3.5 ] },
						"down": { "texture": "#flesh", "uv": [ 0.0, 0.0, 5.0, 0.5 ] }
					}
				},
				{
					"name": "Cube10",
					"from": [ 1.0, 0.0, -0.5 ],
					"to": [ 5.0, 1.0, 0.0 ],
					"rotationOrigin": [ 1.0, 0.0, -1.0 ],
					"faces": {
						"north": { "texture": "#flesh", "uv": [ 1.0, 3.0, 5.0, 4.0 ] },
						"east": { "texture": "#flesh", "uv": [ 6.0, 3.0, 6.5, 4.0 ] },
						"west": { "texture": "#flesh", "uv": [ 3.0, 3.0, 3.5, 4.0 ] },
						"up": { "texture": "#flesh", "uv": [ 1.0, 3.0, 5.0, 3.5 ] },
						"down": { "texture": "#flesh", "uv": [ 0.0, 0.0, 4.0, 0.5 ] }
					}
				},
				{
					"name": "Cube11",
					"from": [ 1.5, 0.0, -1.0 ],
					"to": [ 4.5, 0.5, -0.5 ],
					"rotationOrigin": [ 1.0, 0.0, -1.0 ],
					"faces": {
						"north": { "texture": "#flesh", "uv": [ 0.0, 2.0, 3.0, 2.5 ] },
						"east": { "texture": "#flesh", "uv": [ 0.0, 0.0, 0.5, 0.5 ] },
						"west": { "texture": "#flesh", "uv": [ 0.0, 0.0, 0.5, 0.5 ] },
						"up": { "texture": "#flesh", "uv": [ 1.0, 2.0, 4.0, 2.5 ] },
						"down": { "texture": "#flesh", "uv": [ 0.0, 0.0, 3.0, 0.5 ] }
					}
				},
				{
					"name": "Cube12",
					"from": [ 1.5, 0.0, 2.5 ],
					"to": [ 4.5, 0.5, 3.0 ],
					"rotationOrigin": [ 1.0, 0.0, -1.0 ],
					"faces": {
						"east": { "texture": "#flesh", "uv": [ 5.0, 1.0, 5.5, 1.5 ] },
						"south": { "texture": "#flesh", "uv": [ 1.0, 3.0, 4.0, 3.5 ] },
						"west": { "texture": "#flesh", "uv": [ 1.0, 3.0, 1.5, 3.5 ] },
						"up": { "texture": "#flesh", "uv": [ 3.0, 3.0, 6.0, 3.5 ] },
						"down": { "texture": "#flesh", "uv": [ 0.0, 0.0, 3.0, 0.5 ] }
					}
				},
				{
					"name": "hookS3",
					"from": [ 2.4563, 2.6618, -1.7694 ],
					"to": [ 3.0563, 5.1618, -1.2694 ],
					"rotationOrigin": [ 2.7563, 2.6618, -1.7694 ],
					"rotationX": 180.0,
					"rotationY": 55.1295,
					"rotationZ": 3.0844,
					"faces": {
						"north": { "texture": "#metal", "uv": [ 7.0, 10.5, 7.5, 13.0 ] },
						"east": { "texture": "#metal", "uv": [ 14.5, 2.5, 15.0, 5.0 ] },
						"south": { "texture": "#metal", "uv": [ 9.5, 0.0, 10.0, 2.5 ] },
						"west": { "texture": "#metal", "uv": [ 7.0, 10.0, 7.5, 12.5 ] },
						"up": { "texture": "#metal", "uv": [ 0.0, 0.0, 0.5, 0.5 ], "windMode": [-1,-1,-1,-1] }
					}
				},
				{
					"name": "hookS4",
					"from": [ 3.2513, 0.13, -1.2698 ],
					"to": [ 3.7513, 3.63, -0.7698 ],
					"rotationOrigin": [ 3.6535, 1.1289, -1.2744 ],
					"rotationX": -69.7506,
					"rotationY": 26.1475,
					"rotationZ": -164.0425,
					"faces": {
						"north": { "texture": "#metal", "uv": [ 5.0, 2.5, 5.5, 6.0 ] },
						"east": { "texture": "#metal", "uv": [ 8.5, 5.0, 9.0, 8.5 ] },
						"south": { "texture": "#metal", "uv": [ 2.0, 1.0, 2.5, 4.5 ] },
						"west": { "texture": "#metal", "uv": [ 1.0, 0.0, 1.5, 3.5 ] },
						"up": { "texture": "#metal", "uv": [ 0.0, 0.0, 0.5, 0.5 ], "windMode": [-1,-1,-1,-1] },
						"down": { "texture": "#metal", "uv": [ 0.0, 0.0, 0.5, 0.5 ], "windMode": [-1,-1,-1,-1] }
					}
				},
				{
					"name": "hookS6",
					"from": [ 0.7902, 0.89, -3.2975 ],
					"to": [ 1.2902, 2.39, -2.7975 ],
					"rotationOrigin": [ 1.1899, 0.8875, -3.2975 ],
					"rotationX": 106.325,
					"rotationY": -58.6003,
					"rotationZ": 121.4758,
					"faces": {
						"north": { "texture": "#metal", "uv": [ 7.5, 6.5, 8.0, 8.0 ] },
						"east": { "texture": "#metal", "uv": [ 8.5, 9.0, 9.0, 10.5 ] },
						"south": { "texture": "#metal", "uv": [ 14.0, 12.0, 14.5, 13.5 ] },
						"west": { "texture": "#metal", "uv": [ 5.5, 1.0, 6.0, 2.5 ] },
						"up": { "texture": "#metal", "uv": [ 0.0, 0.0, 0.5, 0.5 ], "windMode": [-1,-1,-1,-1] }
					}
				},
				{
					"name": "hookS8",
					"from": [ 3.6048, 0.33, -0.2092 ],
					"to": [ 4.1048, 2.83, 0.2908 ],
					"rotationOrigin": [ 4.0071, 1.3289, -0.2138 ],
					"rotationX": 32.7468,
					"rotationY": 49.186,
					"rotationZ": -24.3059,
					"faces": {
						"north": { "texture": "#metal", "uv": [ 5.0, 2.5, 5.5, 5.0 ] },
						"east": { "texture": "#metal", "uv": [ 8.5, 5.0, 9.0, 7.5 ] },
						"south": { "texture": "#metal", "uv": [ 2.0, 1.0, 2.5, 3.5 ] },
						"west": { "texture": "#metal", "uv": [ 1.0, 0.0, 1.5, 2.5 ] },
						"up": { "texture": "#metal", "uv": [ 0.0, 0.0, 0.5, 0.5 ], "windMode": [-1,-1,-1,-1] },
						"down": { "texture": "#metal", "uv": [ 0.0, 0.0, 0.5, 0.5 ], "windMode": [-1,-1,-1,-1] }
					}
				},
				{
					"name": "hookS2",
					"from": [ 1.1322, 0.0289, 2.2611 ],
					"to": [ 1.6322, 3.5289, 2.7611 ],
					"rotationOrigin": [ 1.5322, 1.0289, 2.2611 ],
					"rotationX": -69.7506,
					"rotationY": 26.1475,
					"rotationZ": -64.9579,
					"faces": {
						"north": { "texture": "#metal", "uv": [ 5.0, 2.5, 5.5, 6.0 ] },
						"east": { "texture": "#metal", "uv": [ 8.5, 5.0, 9.0, 8.5 ] },
						"south": { "texture": "#metal", "uv": [ 2.0, 1.0, 2.5, 4.5 ] },
						"west": { "texture": "#metal", "uv": [ 1.0, 0.0, 1.5, 3.5 ] },
						"up": { "texture": "#metal", "uv": [ 0.0, 0.0, 0.5, 0.5 ], "windMode": [-1,-1,-1,-1] },
						"down": { "texture": "#metal", "uv": [ 0.0, 0.0, 0.5, 0.5 ], "windMode": [-1,-1,-1,-1] }
					}
				},
				{
					"name": "hookS",
					"from": [ 1.8506, 2.79, -2.2368 ],
					"to": [ 2.3506, 5.29, -1.7368 ],
					"rotationOrigin": [ 2.2506, 2.7875, -2.2368 ],
					"rotationX": -149.6388,
					"rotationY": -8.4211,
					"rotationZ": 17.4395,
					"faces": {
						"north": { "texture": "#metal", "uv": [ 7.5, 6.5, 8.0, 9.0 ] },
						"east": { "texture": "#metal", "uv": [ 8.5, 9.0, 9.0, 11.5 ] },
						"south": { "texture": "#metal", "uv": [ 14.0, 12.0, 14.5, 14.5 ] },
						"west": { "texture": "#metal", "uv": [ 5.5, 1.0, 6.0, 3.5 ] },
						"up": { "texture": "#metal", "uv": [ 0.0, 0.0, 0.5, 0.5 ], "windMode": [-1,-1,-1,-1] }
					}
				},
				{
					"name": "hookS5",
					"from": [ 1.8506, 2.79, -2.2368 ],
					"to": [ 2.3506, 4.29, -1.7368 ],
					"rotationOrigin": [ 2.2506, 2.7875, -2.2368 ],
					"rotationX": 106.325,
					"rotationY": -58.6003,
					"rotationZ": 121.4758,
					"faces": {
						"north": { "texture": "#metal", "uv": [ 7.5, 6.5, 8.0, 8.0 ] },
						"east": { "texture": "#metal", "uv": [ 8.5, 9.0, 9.0, 10.5 ] },
						"south": { "texture": "#metal", "uv": [ 14.0, 12.0, 14.5, 13.5 ] },
						"west": { "texture": "#metal", "uv": [ 5.5, 1.0, 6.0, 2.5 ] },
						"up": { "texture": "#metal", "uv": [ 0.0, 0.0, 0.5, 0.5 ], "windMode": [-1,-1,-1,-1] }
					}
				},
				{
					"name": "hookS7",
					"from": [ 0.15, 2.7661, -3.2954 ],
					"to": [ 0.65, 5.2661, -2.7954 ],
					"rotationOrigin": [ 1.1899, 0.8875, -3.2975 ],
					"rotationX": -14.0362,
					"rotationY": -89.972,
					"rotationZ": 14.0362,
					"faces": {
						"north": { "texture": "#metal", "uv": [ 7.5, 6.5, 8.0, 9.0 ] },
						"east": { "texture": "#metal", "uv": [ 8.5, 9.0, 9.0, 11.5 ] },
						"south": { "texture": "#metal", "uv": [ 14.0, 12.0, 14.5, 14.5 ] },
						"west": { "texture": "#metal", "uv": [ 5.5, 1.0, 6.0, 3.5 ] },
						"up": { "texture": "#metal", "uv": [ 0.0, 0.0, 0.5, 0.5 ], "windMode": [-1,-1,-1,-1] }
					}
				}
			]
		},
		{
			"name": "footbase",
			"from": [ 3.0, 0.0, 1.5 ],
			"to": [ 6.0, 0.5, 5.5 ],
			"rotationOrigin": [ 7.5, 0.0, 4.0 ],
			"rotationY": 89.9802,
			"faces": {
				"north": { "texture": "#metal", "uv": [ 1.0, 13.5, 4.0, 14.0 ] },
				"east": { "texture": "#metal", "uv": [ 2.5, 15.0, 6.5, 15.5 ] },
				"south": { "texture": "#metal", "uv": [ 9.5, 13.5, 12.5, 14.0 ] },
				"west": { "texture": "#metal", "uv": [ 10.5, 7.0, 14.5, 7.5 ] },
				"up": { "texture": "#metal", "uv": [ 0.5, 5.5, 3.5, 9.5 ] },
				"down": { "texture": "#metal", "uv": [ 1.5, 6.0, 4.5, 10.0 ] }
			},
			"children": [
				{
					"name": "footbase2",
					"from": [ 1.0014, 0.0, 3.9997 ],
					"to": [ 2.5014, 0.5, 4.9997 ],
					"rotationOrigin": [ 5.5014, 0.0, 6.4997 ],
					"faces": {
						"north": { "texture": "#metal", "uv": [ 1.0, 13.5, 2.5, 14.0 ] },
						"east": { "texture": "#metal", "uv": [ 2.5, 15.0, 3.5, 15.5 ] },
						"south": { "texture": "#metal", "uv": [ 9.5, 13.5, 11.0, 14.0 ] },
						"west": { "texture": "#metal", "uv": [ 10.5, 7.0, 11.5, 7.5 ] },
						"up": { "texture": "#metal", "uv": [ 0.5, 5.5, 2.0, 6.5 ] },
						"down": { "texture": "#metal", "uv": [ 1.5, 6.0, 3.0, 7.0 ] }
					}
				},
				{
					"name": "footbase4",
					"from": [ -0.4998, 0.0, 0.5002 ],
					"to": [ 2.0E-4, 0.5, 3.5002 ],
					"rotationOrigin": [ 4.0002, 0.0, 3.0002 ],
					"faces": {
						"north": { "texture": "#metal", "uv": [ 1.0, 13.5, 1.5, 14.0 ] },
						"east": { "texture": "#metal", "uv": [ 2.5, 15.0, 5.5, 15.5 ] },
						"south": { "texture": "#metal", "uv": [ 9.5, 13.5, 10.0, 14.0 ] },
						"west": { "texture": "#metal", "uv": [ 10.5, 7.0, 13.5, 7.5 ] },
						"up": { "texture": "#metal", "uv": [ 0.5, 5.5, 1.0, 8.5 ] },
						"down": { "texture": "#metal", "uv": [ 1.5, 6.0, 2.0, 9.0 ] }
					}
				},
				{
					"name": "footbase5",
					"from": [ 0.9997, 0.0, -1.0003 ],
					"to": [ 2.4997, 0.5, -3.0E-4 ],
					"rotationOrigin": [ 5.4997, 0.0, 1.4997 ],
					"faces": {
						"north": { "texture": "#metal", "uv": [ 1.0, 13.5, 2.5, 14.0 ] },
						"east": { "texture": "#metal", "uv": [ 2.5, 15.0, 3.5, 15.5 ] },
						"south": { "texture": "#metal", "uv": [ 9.5, 13.5, 11.0, 14.0 ] },
						"west": { "texture": "#metal", "uv": [ 10.5, 7.0, 11.5, 7.5 ] },
						"up": { "texture": "#metal", "uv": [ 0.5, 5.5, 2.0, 6.5 ] },
						"down": { "texture": "#metal", "uv": [ 1.5, 6.0, 3.0, 7.0 ] }
					}
				},
				{
					"name": "footbase3",
					"from": [ 3.0002, 0.0, 0.499 ],
					"to": [ 3.5002, 0.5, 3.499 ],
					"rotationOrigin": [ 7.5002, 0.0, 2.999 ],
					"faces": {
						"north": { "texture": "#metal", "uv": [ 1.0, 13.5, 1.5, 14.0 ] },
						"east": { "texture": "#metal", "uv": [ 2.5, 15.0, 5.5, 15.5 ] },
						"south": { "texture": "#metal", "uv": [ 9.5, 13.5, 10.0, 14.0 ] },
						"west": { "texture": "#metal", "uv": [ 10.5, 7.0, 13.5, 7.5 ] },
						"up": { "texture": "#metal", "uv": [ 0.5, 5.5, 1.0, 8.5 ] },
						"down": { "texture": "#metal", "uv": [ 1.5, 6.0, 2.0, 9.0 ] }
					}
				},
				{
					"name": "footbase6",
					"from": [ -2.0E-4, 0.0, -0.5 ],
					"to": [ 0.9998, 0.5, 0.0 ],
					"rotationOrigin": [ 4.4998, 0.0, 2.0 ],
					"faces": {
						"north": { "texture": "#metal", "uv": [ 1.0, 13.5, 2.0, 14.0 ] },
						"east": { "texture": "#metal", "uv": [ 2.5, 15.0, 3.0, 15.5 ] },
						"south": { "texture": "#metal", "uv": [ 9.5, 13.5, 10.5, 14.0 ] },
						"west": { "texture": "#metal", "uv": [ 10.5, 7.0, 11.0, 7.5 ] },
						"up": { "texture": "#metal", "uv": [ 0.5, 5.5, 1.5, 6.0 ] },
						"down": { "texture": "#metal", "uv": [ 1.5, 6.0, 2.5, 6.5 ] }
					}
				}
			]
		},
		{
			"name": "footbase7",
			"from": [ 4.6, 0.0, 4.6 ],
			"to": [ 7.6, 0.5, 8.6 ],
			"rotationOrigin": [ 9.1, 0.0, 7.1 ],
			"rotationY": 135.0,
			"faces": {
				"north": { "texture": "#metal", "uv": [ 1.0, 13.5, 4.0, 14.0 ] },
				"east": { "texture": "#metal", "uv": [ 2.5, 15.0, 6.5, 15.5 ] },
				"south": { "texture": "#metal", "uv": [ 9.5, 13.5, 12.5, 14.0 ] },
				"west": { "texture": "#metal", "uv": [ 10.5, 7.0, 14.5, 7.5 ] },
				"up": { "texture": "#metal", "uv": [ 0.5, 5.5, 3.5, 9.5 ] },
				"down": { "texture": "#metal", "uv": [ 1.5, 6.0, 4.5, 10.0 ] }
			},
			"children": [
				{
					"name": "footbase8",
					"from": [ 1.0014, 0.0, 3.9997 ],
					"to": [ 2.5014, 0.5, 4.9997 ],
					"rotationOrigin": [ 5.5014, 0.0, 6.4997 ],
					"faces": {
						"north": { "texture": "#metal", "uv": [ 1.0, 13.5, 2.5, 14.0 ] },
						"east": { "texture": "#metal", "uv": [ 2.5, 15.0, 3.5, 15.5 ] },
						"south": { "texture": "#metal", "uv": [ 9.5, 13.5, 11.0, 14.0 ] },
						"west": { "texture": "#metal", "uv": [ 10.5, 7.0, 11.5, 7.5 ] },
						"up": { "texture": "#metal", "uv": [ 0.5, 5.5, 2.0, 6.5 ] },
						"down": { "texture": "#metal", "uv": [ 1.5, 6.0, 3.0, 7.0 ] }
					}
				},
				{
					"name": "footbase9",
					"from": [ -0.4998, 0.0, 0.5002 ],
					"to": [ 2.0E-4, 0.5, 3.5002 ],
					"rotationOrigin": [ 4.0002, 0.0, 3.0002 ],
					"faces": {
						"north": { "texture": "#metal", "uv": [ 1.0, 13.5, 1.5, 14.0 ] },
						"east": { "texture": "#metal", "uv": [ 2.5, 15.0, 5.5, 15.5 ] },
						"south": { "texture": "#metal", "uv": [ 9.5, 13.5, 10.0, 14.0 ] },
						"west": { "texture": "#metal", "uv": [ 10.5, 7.0, 13.5, 7.5 ] },
						"up": { "texture": "#metal", "uv": [ 0.5, 5.5, 1.0, 8.5 ] },
						"down": { "texture": "#metal", "uv": [ 1.5, 6.0, 2.0, 9.0 ] }
					}
				},
				{
					"name": "footbase10",
					"from": [ 0.9997, 0.0, -1.0003 ],
					"to": [ 2.4997, 0.5, -3.0E-4 ],
					"rotationOrigin": [ 5.4997, 0.0, 1.4997 ],
					"faces": {
						"north": { "texture": "#metal", "uv": [ 1.0, 13.5, 2.5, 14.0 ] },
						"east": { "texture": "#metal", "uv": [ 2.5, 15.0, 3.5, 15.5 ] },
						"south": { "texture": "#metal", "uv": [ 9.5, 13.5, 11.0, 14.0 ] },
						"west": { "texture": "#metal", "uv": [ 10.5, 7.0, 11.5, 7.5 ] },
						"up": { "texture": "#metal", "uv": [ 0.5, 5.5, 2.0, 6.5 ] },
						"down": { "texture": "#metal", "uv": [ 1.5, 6.0, 3.0, 7.0 ] }
					}
				},
				{
					"name": "footbase11",
					"from": [ 3.0002, 0.0, 0.499 ],
					"to": [ 3.5002, 0.5, 3.499 ],
					"rotationOrigin": [ 7.5002, 0.0, 2.999 ],
					"faces": {
						"north": { "texture": "#metal", "uv": [ 1.0, 13.5, 1.5, 14.0 ] },
						"east": { "texture": "#metal", "uv": [ 2.5, 15.0, 5.5, 15.5 ] },
						"south": { "texture": "#metal", "uv": [ 9.5, 13.5, 10.0, 14.0 ] },
						"west": { "texture": "#metal", "uv": [ 10.5, 7.0, 13.5, 7.5 ] },
						"up": { "texture": "#metal", "uv": [ 0.5, 5.5, 1.0, 8.5 ] },
						"down": { "texture": "#metal", "uv": [ 1.5, 6.0, 2.0, 9.0 ] }
					}
				},
				{
					"name": "footbase12",
					"from": [ -2.0E-4, 0.0, -0.5 ],
					"to": [ 0.9998, 0.5, 0.0 ],
					"rotationOrigin": [ 4.4998, 0.0, 2.0 ],
					"faces": {
						"north": { "texture": "#metal", "uv": [ 1.0, 13.5, 2.0, 14.0 ] },
						"east": { "texture": "#metal", "uv": [ 2.5, 15.0, 3.0, 15.5 ] },
						"south": { "texture": "#metal", "uv": [ 9.5, 13.5, 10.5, 14.0 ] },
						"west": { "texture": "#metal", "uv": [ 10.5, 7.0, 11.0, 7.5 ] },
						"up": { "texture": "#metal", "uv": [ 0.5, 5.5, 1.5, 6.0 ] },
						"down": { "texture": "#metal", "uv": [ 1.5, 6.0, 2.5, 6.5 ] }
					}
				}
			]
		}
	]}