[
  {
    "file": "fagothic:itemtypes/wearable/gothic/fa-gothic-head",
    "op": "addmerge",
    "path": "/behaviors",
    "dependsOn": [{ "modId": "combatoverhaul" }],
    "value": [
      {
        "name": "CombatOverhaul:Armor",
        "propertiesByType": {
          "fa-gothic-head-*-steel-*": {
            "Layers": ["Outer","Middle","Skin"],
            "Zones": ["Head", "Neck", "Face"],
            "Resists": {
              "PiercingAttack": 12,
              "SlashingAttack": 14,
              "BluntAttack": 14
            },
            "FlatReduction": {},
            "PlayerStats": {
              "walkspeed": 0,
              "manipulationSpeed": 0,
              "steadyAim": -0.20,
              "healingeffectivness": -0.27,
              "hungerrate": 0.27
            }
          },
          "fa-gothic-head-*-*iron-*": {
            "Layers": ["Outer","Middle","Skin"],
            "Zones": ["Head", "Neck", "Face"],
            "Resists": {
              "PiercingAttack": 10,
              "SlashingAttack": 12,
              "BluntAttack": 12
            },
            "FlatReduction": {},
            "PlayerStats": {
              "walkspeed": 0,
              "manipulationSpeed": 0,
              "steadyAim": -0.20,
              "healingeffectivness": -0.27,
              "hungerrate": 0.27
            }
          }
        },
      }
    ]
  },
  {
    "file": "fagothic:itemtypes/wearable/gothic/fa-gothic-head",
    "op": "replace",
    "path": "/durabilityByType",
    "dependsOn": [{ "modId": "combatoverhaul" }],
    "value": {
        "fa-gothic-head-*-steel-*": 16000,
        "fa-gothic-head-*-meteoriciron-*": 7700,
        "fa-gothic-head-*-iron-*": 5800
    }
  },
  {
    "file": "fagothic:itemtypes/wearable/gothic/fa-gothic-head",
    "dependsOn": [{ "modId": "combatoverhaul" }],
    "op": "replace",
    "path": "/attributes/protectionModifiersByType",
    "value": { "*": null }
  },
  {
    "file": "fagothic:itemtypes/wearable/gothic/fa-gothic-head",
    "dependsOn": [{ "modId": "combatoverhaul" }],
    "op": "replace",
    "path": "/attributes/statModifiersByType",
    "value": { "*": null }
  },
  {
    "file": "fagothic:itemtypes/wearable/gothic/fa-gothic-head",
    "dependsOn": [{ "modId": "combatoverhaul" }],
    "op": "replace",
    "path": "/class",
    "value": "CombatOverhaul:WearableArmor"
  },
  {
    "file": "fagothic:itemtypes/wearable/gothic/fa-gothic-head",
    "dependsOn": [{ "modId": "combatoverhaul" }],
    "op": "add",
    "path": "/attributes/materialCountByType",
    "value": { "*-head-*": 8 }
  },  

]
