{
	"editor": {
		"backDropShape": "entity/humanoid/villager-male",
		"allAngles": true,
		"entityTextureMode": false
	},
	"textureWidth": 16,
	"textureHeight": 16,
	"textureSizes": {
		"headwear2": [16,16]
	},
	"textures": {
		"toque": "agiclasses:humanoid/seraph/clothing/head/toque"
	},
	"elements": [
		{
			"name": "origin",
			"stepParentName": "Head",
			"from": [ 3.36, 4.68, 2.08 ],
			"to": [ 3.36, 4.68, 2.08 ],
			"rotationOrigin": [ 3.3563, 4.6722, 2.1361 ],
			"rotationZ": -5.5,
			"faces": {
				"north": { "texture": "#normal-top", "uv": [ 7.0, 15.0, 7.5, 15.5 ], "autoUv": false },
				"east": { "texture": "#normal-top", "uv": [ 11.0, 2.0, 11.5, 2.5 ], "autoUv": false },
				"south": { "texture": "#normal-top", "uv": [ 14.0, 4.5, 14.5, 5.0 ], "autoUv": false },
				"west": { "texture": "#normal-top", "uv": [ 4.0, 2.0, 4.5, 2.5 ], "autoUv": false },
				"up": { "texture": "#normal-top", "uv": [ 13.5, 12.5, 14.0, 13.0 ], "autoUv": false },
				"down": { "texture": "#normal-top", "uv": [ 7.5, 14.5, 8.0, 15.0 ], "autoUv": false }
			},
			"children": [
				{
					"name": "Cube2",
					"from": [ -3.81, -2.05, -2.37 ],
					"to": [ 2.7661, -0.3719, 3.1733 ],
					"rotationOrigin": [ -0.8532, -1.0329, 0.3495 ],
					"rotationZ": 2.0,
					"faces": {
						"north": { "texture": "#toque", "uv": [ 0.0, 12.5, 6.0, 14.5 ], "autoUv": false },
						"east": { "texture": "#toque", "uv": [ 0.0, 12.5, 6.0, 14.5 ], "autoUv": false },
						"south": { "texture": "#toque", "uv": [ 0.0, 12.5, 6.0, 14.5 ], "autoUv": false },
						"west": { "texture": "#toque", "uv": [ 0.0, 12.5, 6.0, 14.5 ], "autoUv": false },
						"up": { "texture": "#toque", "uv": [ 0.0, 0.0, 6.0, 6.0 ], "autoUv": false },
						"down": { "texture": "#toque", "uv": [ 0.0, 0.0, 6.0, 6.0 ], "autoUv": false }
					},
					"children": [
						{
							"name": "Cube3",
							"from": [ 0.0, 1.8478, 0.0 ],
							"to": [ 0.9239, 7.6433, 5.5433 ],
							"rotationOrigin": [ 2.7716, 1.8478, 2.7716 ],
							"rotationZ": 5.0,
							"faces": {
								"north": { "texture": "#toque", "uv": [ 0.0, 0.0, 1.0, 4.0 ], "autoUv": false },
								"east": { "texture": "#toque", "uv": [ 9.5, 10.5, 15.5, 14.5 ], "autoUv": false },
								"south": { "texture": "#toque", "uv": [ 0.0, 0.0, 1.0, 4.0 ], "autoUv": false },
								"west": { "texture": "#toque", "uv": [ 0.0, 0.0, 6.0, 4.0 ], "autoUv": false },
								"up": { "texture": "#toque", "uv": [ 0.0, 0.0, 1.0, 6.0 ], "autoUv": false },
								"down": { "texture": "#toque", "uv": [ 0.0, 0.0, 1.0, 6.0 ], "autoUv": false }
							}
						},
						{
							"name": "Cube4",
							"from": [ 0.0, 1.8478, 0.0 ],
							"to": [ 0.9239, 7.6433, 6.5761 ],
							"rotationOrigin": [ 2.7716, 1.8478, 2.7716 ],
							"rotationY": 90.0,
							"rotationZ": 5.0,
							"faces": {
								"north": { "texture": "#toque", "uv": [ 0.0, 0.0, 1.0, 4.0 ], "autoUv": false },
								"east": { "texture": "#toque", "uv": [ 10.0, 10.5, 16.0, 14.5 ], "autoUv": false },
								"south": { "texture": "#toque", "uv": [ 0.0, 0.0, 1.0, 4.0 ], "autoUv": false },
								"west": { "texture": "#toque", "uv": [ 0.0, 0.0, 6.0, 4.0 ], "autoUv": false },
								"up": { "texture": "#toque", "uv": [ 0.0, 0.0, 1.0, 6.0 ], "autoUv": false },
								"down": { "texture": "#toque", "uv": [ 0.0, 0.0, 1.0, 6.0 ], "autoUv": false }
							}
						},
						{
							"name": "Cube5",
							"from": [ 1.0324, 1.8478, 0.0 ],
							"to": [ 1.9563, 7.6433, 5.5433 ],
							"rotationOrigin": [ 3.8045, 1.8478, 2.7716 ],
							"rotationY": 180.0,
							"rotationZ": 5.0,
							"faces": {
								"north": { "texture": "#toque", "uv": [ 0.0, 0.0, 1.0, 4.0 ], "autoUv": false },
								"east": { "texture": "#toque", "uv": [ 9.0, 9.5, 15.0, 13.5 ], "autoUv": false },
								"south": { "texture": "#toque", "uv": [ 0.0, 0.0, 1.0, 4.0 ], "autoUv": false },
								"west": { "texture": "#toque", "uv": [ 0.0, 0.0, 6.0, 4.0 ], "autoUv": false },
								"up": { "texture": "#toque", "uv": [ 0.0, 0.0, 1.0, 6.0 ], "autoUv": false },
								"down": { "texture": "#toque", "uv": [ 0.0, 0.0, 1.0, 6.0 ], "autoUv": false }
							}
						},
						{
							"name": "Cube6",
							"from": [ 1.0324, 1.8478, 0.0 ],
							"to": [ 1.9563, 7.6433, 6.5761 ],
							"rotationOrigin": [ 3.8045, 1.8478, 2.7716 ],
							"rotationY": -90.0,
							"rotationZ": 5.0,
							"faces": {
								"north": { "texture": "#toque", "uv": [ 0.0, 0.0, 1.0, 4.0 ], "autoUv": false },
								"east": { "texture": "#toque", "uv": [ 8.5, 10.0, 14.5, 14.0 ], "autoUv": false },
								"south": { "texture": "#toque", "uv": [ 0.0, 0.0, 1.0, 4.0 ], "autoUv": false },
								"west": { "texture": "#toque", "uv": [ 0.0, 0.0, 6.0, 4.0 ], "autoUv": false },
								"up": { "texture": "#toque", "uv": [ 0.0, 0.0, 1.0, 6.0 ], "autoUv": false },
								"down": { "texture": "#toque", "uv": [ 0.0, 0.0, 1.0, 6.0 ], "autoUv": false }
							}
						},
						{
							"name": "Cube7",
							"from": [ 0.0, 6.92, 0.0 ],
							"to": [ 6.5761, 7.8439, 5.5433 ],
							"rotationOrigin": [ 2.9564, 7.9357, 2.6792 ],
							"rotationZ": 0.0,
							"faces": {
								"north": { "texture": "#toque", "uv": [ 0.0, 0.0, 6.0, 1.0 ], "autoUv": false },
								"east": { "texture": "#toque", "uv": [ 0.0, 0.0, 6.0, 1.0 ], "autoUv": false },
								"south": { "texture": "#toque", "uv": [ 0.0, 0.0, 6.0, 1.0 ], "autoUv": false },
								"west": { "texture": "#toque", "uv": [ 0.0, 0.0, 6.0, 1.0 ], "autoUv": false },
								"up": { "texture": "#toque", "uv": [ 8.0, 0.0, 16.0, 8.0 ], "autoUv": false },
								"down": { "texture": "#toque", "uv": [ 8.0, 1.0, 14.0, 7.0 ], "autoUv": false }
							}
						},
						{
							"name": "Cube8",
							"from": [ -0.0924, 0.9239, -0.0924 ],
							"to": [ 6.6232, 1.8478, 5.6357 ],
							"rotationOrigin": [ 2.864, 1.9401, 2.5869 ],
							"rotationZ": 0.0,
							"faces": {
								"north": { "texture": "#toque", "uv": [ 0.0, 12.5, 6.0, 13.5 ], "autoUv": false },
								"east": { "texture": "#toque", "uv": [ 0.0, 12.5, 6.0, 13.5 ], "autoUv": false },
								"south": { "texture": "#toque", "uv": [ 0.0, 12.5, 6.0, 13.5 ], "autoUv": false },
								"west": { "texture": "#toque", "uv": [ 0.0, 12.5, 6.0, 13.5 ], "autoUv": false },
								"up": { "texture": "#toque", "uv": [ 0.0, 0.0, 6.0, 6.0 ], "autoUv": false },
								"down": { "texture": "#toque", "uv": [ 0.0, 0.0, 6.0, 6.0 ], "autoUv": false }
							}
						}
					]
				}
			]
		}
	]}