{
	"code": "deadwolf",
	"class": "butcherable",
	"variantgroups": [
		{ "code": "type", "states": [ "male", "female", "baby"] },
		{ "code": "texture", "states": [ "1", "2", "3", "4", "5", "6", "7", "8", "9" ] },
		{ "code": "state", "states": [ "dead", "skinned", "bledout", "rotten" ] }
	],
	"allowedVariants": [ "deadwolf-male-*", "deadwolf-female-*", "deadwolf-baby-1-*", "deadwolf-baby-2-*" ],
	"maxstacksize": 1,
	"behaviors": [{ "name": "GroundStorable", "properties": { "layout": "SingleCenter", "collisionBox": { "x1": 0.2, "y1": 0, "z1": 0.2, "x2": 0.8, "y2": 0.5, "z2": 0.8 }}}],
	"texturesByType": { 
		"deadwolf-male-*-dead": { "skin": { "base": "game:entity/wolf/wolf{texture}" } },
		"deadwolf-female-*-dead": { "skin": { "base": "game:entity/wolf/wolf{texture}" } },
		"deadwolf-baby-*-dead": { "skin": { "base": "game:entity/wolf/wolf-pup{texture}" } },
		"deadwolf-male-*-skinned": { "skin": { "base": "butchering:item/butchercreatures/animalbushmeatbloody" } },
		"deadwolf-female-*-skinned": { "skin": { "base": "butchering:item/butchercreatures/animalbushmeatbloody" } },
		"deadwolf-baby-*-skinned": { "skin": { "base": "butchering:item/butchercreatures/animalbushmeatbloody" } },
		"deadwolf-male-*-bledout": { "skin": { "base": "butchering:item/butchercreatures/animalbushmeatbledout" } },
		"deadwolf-female-*-bledout": { "skin": { "base": "butchering:item/butchercreatures/animalbushmeatbledout" } },
		"deadwolf-baby-*-bledout": { "skin": { "base": "butchering:item/butchercreatures/animalbushmeatbledout" } },
		"deadwolf-male-*-rotten": { "skin": { "base": "game:block/creature/rot/rot" } },
		"deadwolf-female-*-rotten": { "skin": { "base": "game:block/creature/rot/rot" } },
		"deadwolf-baby-*-rotten": { "skin": { "base": "game:block/creature/rot/rot" } }
	},
	"attributesByType": {
		"deadwolf-male-*": {
			"size": 0.5,
			"mass": 0.04,
			"bloodAmount": 100,
			"butcheringWorkLoad": "medium",
			"handbookByType": {
				"*-rotten": {
					"exclude": false
				},
				"*": {
					"exclude": true
				}
			},
			"hangingShape": { "base": "butchering:creatures/game/wolf/wolf-hanging" },
			"excludeRewards": [],
			"butcheringRewards": [
				{
					"type": "item",
					"code": "butchering:sinew-wet",
					"quantity": {
						"avg": 3,
						"var": 1
					}
				},
				{
					"type": "item",
					"code": "butchering:offal-bloody",
					"quantity": {
						"avg": 1.6,
						"var": 0.5
					}
				}
			],
			"skinningRewards": [
			]
		},
		"deadwolf-female-*": {
			"size": 0.5,
			"mass": 0.04,
			"bloodAmount": 100,
			"butcheringWorkLoad": "medium",
			"handbookByType": {
				"*-rotten": {
					"exclude": false
				},
				"*": {
					"exclude": true
				}
			},
			"hangingShape": { "base": "butchering:creatures/game/wolf/wolf-hanging" },
			"excludeRewards": [],
			"butcheringRewards": [
				{
					"type": "item",
					"code": "butchering:sinew-wet",
					"quantity": {
						"avg": 3,
						"var": 1
					}
				},
				{
					"type": "item",
					"code": "butchering:offal-bloody",
					"quantity": {
						"avg": 1.6,
						"var": 0.5
					}
				}
			],
			"skinningRewards": [
			]
		},
		"deadwolf-baby-*": {
			"size": 0.5,
			"mass": 0,
			"bloodAmount": 20,
			"butcheringWorkLoad": "small",
			"handbookByType": {
				"*-rotten": {
					"exclude": false
				},
				"*": {
					"exclude": true
				}
			},
			"hangingShape": { "base": "butchering:creatures/game/wolf/wolf-pup-hanging" },
			"excludeRewards": [],
			"butcheringRewards": [
			],
			"skinningRewards": [
			]
		}
	},
	
	"shapeByType": {
		"deadwolf-male-*": { "base": "creatures/game/wolf/wolf-dead" },
		"deadwolf-female-*": { "base": "creatures/game/wolf/wolf-dead" },
		"deadwolf-baby-*": { "base": "creatures/game/wolf/wolf-pup-dead" }
	},
	"storageFlagsbytype": {
		"deadwolf-baby-*": 2049,
		"*-rotten": 1,
		"*": 2050
	},
    "transitionablePropsByType": {
		"*-rotten": [],
		"*": [
			{
				"type": "perish",
				"freshHours": {
					"avg": 80
				},
				"transitionHours": {
					"avg": 24
				},
				"transitionedStack": {
					"type": "item",
					"code": "butchering:deadwolf-{type}-{texture}-rotten"
				},
				"transitionRatio": 1
			}
		]
	},
	"creativeinventory": { "general": ["*"], "items": ["*"] },
	"heldTpIdleAnimation": "holdunderarm",
	"guiTransform": {
		"translation": { "x": 0, "y": 0, "z": 0 },
		"rotation": { "x": -20, "y": 21, "z": 180 },
		"origin": { "x": 0.53, "y": 0.35, "z": 0.5 },
		"scale": 1,
		"rotate": true
	},
	"fpHandTransform": {
		"translation": { "x": 0, "y": 0, "z": 0 },
		"rotation": { "x": -132, "y": -180, "z": -18 }
	},
	"tpHandTransform": {
		"translation": { "x": -0.5, "y": -0.3, "z": -0.7 },
		"rotation": { "x": -89, "y": -12, "z": 3 },
		"scale": 0.86
	},
	"groundTransform": {
		"translation": { "x": 0, "y": 0, "z": 0 },
		"rotation": { "x": 180, "y": 33, "z": -180 },
		"origin": { "x": 0.5, "y": 0, "z": 0.5 },
		"scale": 4.5
	}
}