{
  "code": "magicstationancientspire",
  "classByType": {
    "*": "BlockStationAncientArtifactRM"
  },
  "entityclassByType": {
    "*": "BlockEntityStationAncientArtifactRM"
  },
  "enabled": true,

  //"storageFlags": 32769,

  "variantgroups": [
    {
      "code": "state",
      "states": [ "unstable", "inert", "permanent" ]
    },
    {
      "code": "type",
      "states": [ "admin" ],
      "loadFromProperties": "rustboundmagic:abstract/magicrunes"
    } //,
    //{
    //  "code": "side",
    //  "loadFromProperties": "game:abstract/horizontalorientation"
    //}
  ],
  "skipVariants": [ "*-admin" ],

  "entityBehaviors": [ { "name": "Animatable" } ],
  "behaviorsByType": {
    "*": [
      //{ "name": "HorizontalOrientable" },
      { "name": "Container" }
    ]
  },
  "attributesByType": {
    "*": {
      "canChisel": false,
      "shelvable": true,
      "onshelfTransform": {
        "translation": {
          "x": -0,
          "y": -0.375,
          "z": 0
        },
        "scale": 0.25
      },
      "displaycaseable": true,
      "onDisplayTransform": {
        "translation": {
          "x": -0,
          "y": -0.375,
          "z": 0
        },
        "scale": 0.25
      },
      "handbookByType": {
        "*-permanent-*": {
          "groupBy": [ "magicstationancientspire-*" ],
          "extraSections": [
            {
              "title": "game:Created by",
              "text": "rustboundmagic:handbook-thaumicworkbenchonlytier1-text"
            }
          ]
        },
        "*-inert-*": {
          "groupBy": [ "magicstationancientspire-*" ],
          "extraSections": [
            {
              "title": "game:Created by",
              "text": "rustboundmagic:handbook-spelltransmutationonly-text"
            },
            {
              "title": "rustboundmagic:handbook-chargeartifact-title",
              "text": "rustboundmagic:handbook-chargeartifact-text"
            }
          ]
        }
      }
    }
  },

  "requiredMiningTierByType": {
    "*": 2
  },

  "creativeinventory": {
    "general": [ "*-inert-*", "*-permanent-*" ],
    "rustboundmagic": [ "*-inert-*", "*-permanent-*" ]
  },

  //"drawtypeByType": {
  //  "*-free": "JSON",
  //  "*-snow": "JSONAndSnowLayer"
  //},
  "drawtype": "json",
  "shapeBytype": {
    "*": {
      "base": "blocks/stations/ancientspire",
      "rotateY": 0
    } //,
    //"*-south": {
    //  "base": "blocks/stations/ancientspire",
    //  "rotateY": 180
    //},
    //"*-east": {
    //  "base": "blocks/stations/ancientspire",
    //  "rotateY": 270
    //},
    //"*-west": {
    //  "base": "blocks/stations/ancientspire",
    //  "rotateY": 90
    //}
  },
  "texturesByType": {
    "*-unstable-*": {
      "default": { "base": "default" },
      "material1": { "base": "blocks/stations/ancientspire/main*" },
      "material2": { "base": "blocks/stations/ancientspire/dark*" },
      "material3": { "base": "blocks/stations/ancientspire/main*" },
      "rune": { "base": "blocks/magicruneblock/normal/rune{type}" },
      "circletier1": { "base": "default" },
      "circletier2": { "base": "default" },
      "circletier3": { "base": "default" }
    },
    "*-inert-*": {
      "default": { "base": "default" },
      "material1": { "base": "blocks/stations/ancientspire/main*" },
      "material2": { "base": "blocks/stations/ancientspire/dark*" },
      "material3": { "base": "blocks/stations/ancientspire/main*" },
      "rune": { "base": "blocks/magicruneblock/normal/rune{type}" },
      "circletier1": { "base": "default" },
      "circletier2": { "base": "default" },
      "circletier3": { "base": "default" }
    },
    "*-permanent-*": {
      "default": { "base": "default" },
      "material1": { "base": "blocks/stations/ancientspire/permanentmain*" },
      "material2": { "base": "blocks/stations/ancientspire/permanentdark*" },
      "material3": { "base": "blocks/stations/ancientspire/permanentmain*" },
      "rune": { "base": "blocks/magicruneblock/normal/rune{type}" },
      "circletier1": { "base": "default" },
      "circletier2": { "base": "default" },
      "circletier3": { "base": "default" }
    }
  },

  "sidesolid": {
    "all": "false"
  },
  "sideopaque": {
    "all": "false"
  },

  "maxstacksize": 1,
  "blockmaterial": "Ore",
  "materialDensity": 1200,
  "replaceable": 300,
  "resistance": 8,
  "lightAbsorption": 0,
  //"heldTpIdleAnimation": "holdbothhands",
  //"heldTpUseAnimation": "twohandplaceblock",

  "renderPass": "BlendNoCull",
  "faceCullMode": "MergeMaterial",

  "vertexFlags": {
    "zOffset": 2
  },

  //"lightHsvbyType": {
  //  "*": [ 32, 7, 5 ]
  //},

  "selectionBox": {
    "x1": 0,
    "y1": 0,
    "z1": 0,
    "x2": 1,
    "y2": 1,
    "z2": 1
  },

  "collisionbox": {
    "x1": 0,
    "y1": 0,
    "z1": 0,
    "x2": 1,
    "y2": 1,
    "z2": 1
  },

  "dropsByType": {
    "*": []
  },

  "sounds": {
    "place": "game:block/rock-hit-pickaxe",
    "break": "game:block/rock-hit-pickaxe",
    "hit": "game:walk/stone",
    "walk": "game:walk/stone"
  },

  "guiTransform": {
    "translation": {
      "x": 0,
      "y": 4,
      "z": 0
    },
    "rotation": {
      "x": -21,
      "y": 130,
      "z": 0
    },
    "scale": 0.75
  },
  "fpHandTransform": {
    "translation": {
      "x": 0,
      "y": 0.1,
      "z": 0.5
    },
    "rotation": {
      "x": -2,
      "y": 5,
      "z": 12
    },
    "origin": {
      "x": 0.5,
      "y": 0.6,
      "z": 0.5
    },
    "scale": 1.5
  },
  "tpHandTransform": {
    "translation": {
      "x": 0,
      "y": 0.2,
      "z": 0.2
    },
    "rotation": {
      "x": 55,
      "y": 13,
      "z": -82
    },
    "origin": {
      "x": 0.05,
      "y": -0.1,
      "z": 0.25
    },
    "scale": 0.5899
  },
  "groundTransform": {
    "scale": 2.01
  }
}
