{
  "code": "magicstationcelestialprism",
  "classByType": {
    "*": "BlockStationCelestialPrismRM"
  },
  "entityclassByType": {
    "*": "BlockEntityStationCelestialPrismRM"
  },
  "enabled": true,

  //"storageFlags": 32769,

  "variantgroups": [
    {
      "code": "type",
      "states": [ "normal", "admin" ]
    },
    {
      "code": "side",
      "loadFromProperties": "game:abstract/horizontalorientation"
    }
  ],
  //"skipVariants": [ "*-admin-*" ],

  "entityBehaviors": [ { "name": "Animatable" } ],
  "behaviorsByType": {
    "*": [
      { "name": "HorizontalOrientable" },
      { "name": "Container" }
    ]
  },
  "attributesByType": {
    "*": {
      "canChisel": false,
      "shelvable": true,
      "onshelfTransform": {
        "translation": {
          "x": -0,
          "y": -0.375,
          "z": 0
        },
        "scale": 0.25
      },
      "displaycaseable": true,
      "onDisplayTransform": {
        "translation": {
          "x": -0,
          "y": -0.375,
          "z": 0
        },
        "scale": 0.25
      },
      "handbookByType": {
        "*": {
          "groupBy": [ "magicstationcelestialprism-*" ],
          "extraSections": [
            {
              "title": "game:Created by",
              "text": "rustboundmagic:handbook-ritualofpurification-text"
            },
            {
              "title": "rustboundmagic:handbook-lightessencegenerator-title",
              "text": "rustboundmagic:handbook-lightessencegenerator-text"
            },
            {
              "title": "rustboundmagic:handbook-essencesystem-title",
              "text": "rustboundmagic:handbook-essencesystem-text"
            },
            {
              "title": "rustboundmagic:handbook-magicstation-title",
              "text": "rustboundmagic:handbook-magicstation-text"
            } //,
            //{
            //  "title": "rustboundmagic:handbook-manapoisoning-title",
            //  "text": "rustboundmagic:handbook-manapoisoning-text"
            //}
          ]
        }
      },

      "multiblockStructuresCaps": [
        {
          "blockNumbers": {
            "rustboundmagic:runestone-*": 1
          },
          "offsets": [
            {
              "x": -2,
              "y": 1,
              "z": 2,
              "w": 1
            },
            {
              "x": 2,
              "y": 1,
              "z": -2,
              "w": 1
            },
            {
              "x": 2,
              "y": 1,
              "z": 2,
              "w": 1
            },
            {
              "x": -2,
              "y": 1,
              "z": -2,
              "w": 1
            }
          ]
        }
      ]
    }
  },

  "creativeinventory": {
    "general": [ "*-normal-north" ],
    "rustboundmagic": [ "*-normal-north" ],
    "meta": [ "*-admin-north" ]
  },

  //"drawtypeByType": {
  //  "*-free": "JSON",
  //  "*-snow": "JSONAndSnowLayer"
  //},
  "drawtype": "json",
  "shapeBytype": {
    "*-north": {
      "base": "blocks/stations/celestialprism",
      "rotateY": 0
    },
    "*-south": {
      "base": "blocks/stations/celestialprism",
      "rotateY": 180
    },
    "*-east": {
      "base": "blocks/stations/celestialprism",
      "rotateY": 270
    },
    "*-west": {
      "base": "blocks/stations/celestialprism",
      "rotateY": 90
    }
  },
  "texturesByType": {
    "*": {
      "default": { "base": "default" },
      "material": { "base": "blocks/stations/celestialprism" }
    }
  },

  "sidesolid": {
    "all": "false"
  },
  "sideopaque": {
    "all": "false"
  },

  "maxstacksize": 1,
  "blockmaterial": "Other",
  "materialDensity": 1200,
  "replaceable": 300,
  "resistance": 1,
  "lightAbsorption": 0,
  //"heldTpIdleAnimation": "holdbothhands",
  //"heldTpUseAnimation": "twohandplaceblock",

  "renderPass": "BlendNoCull",
  "faceCullMode": "MergeMaterial",

  "vertexFlags": {
    "zOffset": 2
  },

  //"lightHsvbyType": {
  //  "*": [ 32, 7, 5 ]
  //},

  "dropsByType": {
    "*": []
  },

  "selectionBox": {
    "x1": 0.125,
    "y1": 0.125,
    "z1": 0.125,
    "x2": 0.875,
    "y2": 0.875,
    "z2": 0.875
  },

  "collisionbox": {
    "x1": 0.125,
    "y1": 0.125,
    "z1": 0.125,
    "x2": 0.875,
    "y2": 0.875,
    "z2": 0.875
  },

  "sounds": {
    "place": "game:block/snow",
    "break": "game:block/glass",
    "hit": "game:walk/ice1",
    "walk": "game:walk/ice1"
  },

  "guiTransform": {
    "translation": {
      "x": 0,
      "y": 2,
      "z": 0
    },
    "rotation": {
      "x": -21,
      "y": -129,
      "z": 0
    },
    "scale": 1.25
  },
  "fpHandTransform": {
    "translation": {
      "x": 0,
      "y": 0.1,
      "z": 0.5
    },
    "rotation": {
      "x": -2,
      "y": 5,
      "z": 12
    },
    "origin": {
      "x": 0.5,
      "y": 0.6,
      "z": 0.5
    },
    "scale": 1.5
  },
  "tpHandTransform": {
    "translation": {
      "x": 0.6,
      "y": 0.2,
      "z": -0.6
    },
    "rotation": {
      "x": 55,
      "y": 13,
      "z": -82
    },
    "origin": {
      "x": 0.05,
      "y": -0.1,
      "z": 0.25
    }
  },
  "groundTransform": {
    "scale": 2.0
  }
}
