{
  "code": "magicstationgateway",
  "classByType": {
    "*-core-*": "BlockStationGatewayCoreRM",
    "*-pedestal-*": "BlockStationGatewayPedestalRM"
  },
  "entityclassByType": {
    "*-core-*": "BlockEntityStationGatewayCoreRM",
    "*-pedestal-*": "BlockEntityStationGatewayPedestalRM"
  },
  "enabled": true,

  "storageFlags": 131073,

  "variantgroups": [
    {
      "code": "type",
      "states": [ "normal", "admin" ]
    },
    {
      "code": "variant",
      "states": [ "core", "pedestal" ]
    },
    {
      "code": "side",
      "loadFromProperties": "game:abstract/horizontalorientation"
    }
  ],
  "skipVariants": [ "*-admin-*" ],

  //"entityBehaviors": [ { "name": "Animatable" } ],
  "behaviorsByType": {
    "*-core-*": [
      { "name": "HorizontalOrientable" },
      { "name": "Container" }
    ],
    "*-pedestal-*": [
      { "name": "Lockable" },
      { "name": "HorizontalOrientable" },
      { "name": "Container" }
    ]
  },
  "attributesByType": {
    "*-core-north": {
      "shelvable": true,
      "onshelfTransform": {
        "translation": {
          "x": -0,
          "y": -0.375,
          "z": 0
        },
        "scale": 0.25
      },
      "displaycaseable": true,
      "onDisplayTransform": {
        "translation": {
          "x": -0,
          "y": -0.375,
          "z": 0
        },
        "scale": 0.25
      },
      "handbook": {
        "groupBy": [ "magicstationgateway-normal-core-*" ],
        "extraSections": [
          {
            "title": "game:Created by",
            "text": "rustboundmagic:handbook-thaumicworkbenchonlytier1-text"
          },
          {
            "title": "rustboundmagic:handbook-gatewaysystem-title",
            "text": "rustboundmagic:handbook-gatewaysystem-text"
          },
          {
            "title": "rustboundmagic:handbook-essencesystem-title",
            "text": "rustboundmagic:handbook-essencesystem-text"
          },
          {
            "title": "rustboundmagic:handbook-magicstation-title",
            "text": "rustboundmagic:handbook-magicstation-text"
          }
        ]
      },

      "multiblockStructures": [
        {
          "blockNumbers": {
            "rustboundmagic:*": 1,
            "rustboundmagic:runestone-*": 2,
            "rustboundmagic:*-chiseled-*": 3,
            "rustboundmagic:*-up-east-*": 4,
            "rustboundmagic:*-up-west-*": 6,
            "rustboundmagic:*-down-east-*": 5,
            "rustboundmagic:*-down-west-*": 7
          },
          "offsets": [
            {
              "x": 1,
              "y": 0,
              "z": 0,
              "w": 1
            },
            {
              "x": -1,
              "y": 0,
              "z": 0,
              "w": 1
            },

            {
              "x": -2,
              "y": -1,
              "z": 0,
              "w": 2
            },
            {
              "x": -2,
              "y": -2,
              "z": 0,
              "w": 1
            },
            {
              "x": -2,
              "y": -3,
              "z": 0,
              "w": 2
            },
            {
              "x": 2,
              "y": -1,
              "z": 0,
              "w": 2
            },
            {
              "x": 2,
              "y": -2,
              "z": 0,
              "w": 1
            },
            {
              "x": 2,
              "y": -3,
              "z": 0,
              "w": 2
            },
            {
              "x": 1,
              "y": -4,
              "z": 0,
              "w": 1
            },
            {
              "x": 0,
              "y": -4,
              "z": 0,
              "w": 3
            },
            {
              "x": -1,
              "y": -4,
              "z": 0,
              "w": 1
            },










            {
              "x": -1,
              "y": -1,
              "z": 0,
              "w": 7
            },
            {
              "x": 1,
              "y": -1,
              "z": 0,
              "w": 5
            },

            {
              "x": -1,
              "y": -3,
              "z": 0,
              "w": 6
            },
            {
              "x": 1,
              "y": -3,
              "z": 0,
              "w": 4
            }
          ]
        }
      ]
    },
    "*-core-south": {
      "shelvable": true,
      "onshelfTransform": {
        "translation": {
          "x": -0,
          "y": -0.375,
          "z": 0
        },
        "scale": 0.25
      },
      "displaycaseable": true,
      "onDisplayTransform": {
        "translation": {
          "x": -0,
          "y": -0.375,
          "z": 0
        },
        "scale": 0.25
      },
      "handbook": {
        "groupBy": [ "magicstationgateway-normal-core-*" ],
        "extraSections": [
          {
            "title": "game:Created by",
            "text": "rustboundmagic:handbook-thaumicworkbenchonlytier1-text"
          },
          {
            "title": "rustboundmagic:handbook-gatewaysystem-title",
            "text": "rustboundmagic:handbook-gatewaysystem-text"
          },
          {
            "title": "rustboundmagic:handbook-essencesystem-title",
            "text": "rustboundmagic:handbook-essencesystem-text"
          },
          {
            "title": "rustboundmagic:handbook-magicstation-title",
            "text": "rustboundmagic:handbook-magicstation-text"
          }
        ]
      },

      "multiblockStructures": [
        {
          "blockNumbers": {
            "rustboundmagic:*": 1,
            "rustboundmagic:runestone-*": 2,
            "rustboundmagic:*-chiseled-*": 3,
            "rustboundmagic:*-up-east-*": 4,
            "rustboundmagic:*-up-west-*": 6,
            "rustboundmagic:*-down-east-*": 5,
            "rustboundmagic:*-down-west-*": 7
          },
          "offsets": [
            {
              "x": 1,
              "y": 0,
              "z": 0,
              "w": 1
            },
            {
              "x": -1,
              "y": 0,
              "z": 0,
              "w": 1
            },

            {
              "x": -2,
              "y": -1,
              "z": 0,
              "w": 2
            },
            {
              "x": -2,
              "y": -2,
              "z": 0,
              "w": 1
            },
            {
              "x": -2,
              "y": -3,
              "z": 0,
              "w": 2
            },
            {
              "x": 2,
              "y": -1,
              "z": 0,
              "w": 2
            },
            {
              "x": 2,
              "y": -2,
              "z": 0,
              "w": 1
            },
            {
              "x": 2,
              "y": -3,
              "z": 0,
              "w": 2
            },
            {
              "x": 1,
              "y": -4,
              "z": 0,
              "w": 1
            },
            {
              "x": 0,
              "y": -4,
              "z": 0,
              "w": 3
            },
            {
              "x": -1,
              "y": -4,
              "z": 0,
              "w": 1
            },










            {
              "x": -1,
              "y": -1,
              "z": 0,
              "w": 7
            },
            {
              "x": 1,
              "y": -1,
              "z": 0,
              "w": 5
            },

            {
              "x": -1,
              "y": -3,
              "z": 0,
              "w": 6
            },
            {
              "x": 1,
              "y": -3,
              "z": 0,
              "w": 4
            }
          ]
        }
      ]
    },
    "*-core-east": {
      "shelvable": true,
      "onshelfTransform": {
        "translation": {
          "x": -0,
          "y": -0.375,
          "z": 0
        },
        "scale": 0.25
      },
      "displaycaseable": true,
      "onDisplayTransform": {
        "translation": {
          "x": -0,
          "y": -0.375,
          "z": 0
        },
        "scale": 0.25
      },
      "handbook": {
        "groupBy": [ "magicstationgateway-normal-core-*" ],
        "extraSections": [
          {
            "title": "game:Created by",
            "text": "rustboundmagic:handbook-thaumicworkbenchonlytier1-text"
          },
          {
            "title": "rustboundmagic:handbook-gatewaysystem-title",
            "text": "rustboundmagic:handbook-gatewaysystem-text"
          },
          {
            "title": "rustboundmagic:handbook-essencesystem-title",
            "text": "rustboundmagic:handbook-essencesystem-text"
          },
          {
            "title": "rustboundmagic:handbook-magicstation-title",
            "text": "rustboundmagic:handbook-magicstation-text"
          }
        ]
      },


      "multiblockStructures": [
        {
          "blockNumbers": {
            "rustboundmagic:*": 1,
            "rustboundmagic:runestone-*": 2,
            "rustboundmagic:*-chiseled-*": 3,
            "rustboundmagic:*-up-south-*": 4,
            "rustboundmagic:*-up-north-*": 6,
            "rustboundmagic:*-down-south-*": 5,
            "rustboundmagic:*-down-north-*": 7
          },
          "offsets": [
            {
              "x": 0,
              "y": 0,
              "z": 1,
              "w": 1
            },
            {
              "x": 0,
              "y": 0,
              "z": -1,
              "w": 1
            },

            {
              "x": 0,
              "y": -1,
              "z": -2,
              "w": 2
            },
            {
              "x": 0,
              "y": -2,
              "z": -2,
              "w": 1
            },
            {
              "x": 0,
              "y": -3,
              "z": -2,
              "w": 2
            },
            {
              "x": 0,
              "y": -1,
              "z": 2,
              "w": 2
            },
            {
              "x": 0,
              "y": -2,
              "z": 2,
              "w": 1
            },
            {
              "x": 0,
              "y": -3,
              "z": 2,
              "w": 2
            },
            {
              "x": 0,
              "y": -4,
              "z": 1,
              "w": 1
            },
            {
              "x": 0,
              "y": -4,
              "z": 0,
              "w": 3
            },
            {
              "x": 0,
              "y": -4,
              "z": -1,
              "w": 1
            },










            {
              "x": 0,
              "y": -1,
              "z": -1,
              "w": 7
            },
            {
              "x": 0,
              "y": -1,
              "z": 1,
              "w": 5
            },

            {
              "x": 0,
              "y": -3,
              "z": -1,
              "w": 6
            },
            {
              "x": 0,
              "y": -3,
              "z": 1,
              "w": 4
            }
          ]
        }
      ]
    },
    "*-core-west": {
      "shelvable": true,
      "onshelfTransform": {
        "translation": {
          "x": -0,
          "y": -0.375,
          "z": 0
        },
        "scale": 0.25
      },
      "displaycaseable": true,
      "onDisplayTransform": {
        "translation": {
          "x": -0,
          "y": -0.375,
          "z": 0
        },
        "scale": 0.25
      },
      "handbook": {
        "groupBy": [ "magicstationgateway-normal-core-*" ],
        "extraSections": [
          {
            "title": "game:Created by",
            "text": "rustboundmagic:handbook-thaumicworkbenchonlytier1-text"
          },
          {
            "title": "rustboundmagic:handbook-gatewaysystem-title",
            "text": "rustboundmagic:handbook-gatewaysystem-text"
          },
          {
            "title": "rustboundmagic:handbook-essencesystem-title",
            "text": "rustboundmagic:handbook-essencesystem-text"
          },
          {
            "title": "rustboundmagic:handbook-magicstation-title",
            "text": "rustboundmagic:handbook-magicstation-text"
          }
        ]
      },
      "multiblockStructures": [
        {
          "blockNumbers": {
            "rustboundmagic:*": 1,
            "rustboundmagic:runestone-*": 2,
            "rustboundmagic:*-chiseled-*": 3,
            "rustboundmagic:*-up-south-*": 4,
            "rustboundmagic:*-up-north-*": 6,
            "rustboundmagic:*-down-south-*": 5,
            "rustboundmagic:*-down-north-*": 7
          },
          "offsets": [
            {
              "x": 0,
              "y": 0,
              "z": 1,
              "w": 1
            },
            {
              "x": 0,
              "y": 0,
              "z": -1,
              "w": 1
            },

            {
              "x": 0,
              "y": -1,
              "z": -2,
              "w": 2
            },
            {
              "x": 0,
              "y": -2,
              "z": -2,
              "w": 1
            },
            {
              "x": 0,
              "y": -3,
              "z": -2,
              "w": 2
            },
            {
              "x": 0,
              "y": -1,
              "z": 2,
              "w": 2
            },
            {
              "x": 0,
              "y": -2,
              "z": 2,
              "w": 1
            },
            {
              "x": 0,
              "y": -3,
              "z": 2,
              "w": 2
            },
            {
              "x": 0,
              "y": -4,
              "z": 1,
              "w": 1
            },
            {
              "x": 0,
              "y": -4,
              "z": 0,
              "w": 3
            },
            {
              "x": 0,
              "y": -4,
              "z": -1,
              "w": 1
            },










            {
              "x": 0,
              "y": -1,
              "z": -1,
              "w": 7
            },
            {
              "x": 0,
              "y": -1,
              "z": 1,
              "w": 5
            },

            {
              "x": 0,
              "y": -3,
              "z": -1,
              "w": 6
            },
            {
              "x": 0,
              "y": -3,
              "z": 1,
              "w": 4
            }
          ]
        }
      ]
    },

    "*-pedestal-*": {
      "shelvable": true,
      "onshelfTransform": {
        "translation": {
          "x": -0,
          "y": -0.375,
          "z": 0
        },
        "scale": 0.25
      },
      "displaycaseable": true,
      "onDisplayTransform": {
        "translation": {
          "x": -0,
          "y": -0.375,
          "z": 0
        },
        "scale": 0.25
      },
      "handbook": {
        "groupBy": [ "magicstationgateway-normal-pedestal-*" ],
        "extraSections": [
          {
            "title": "game:Created by",
            "text": "rustboundmagic:handbook-thaumicworkbenchonlytier1-text"
          },
          {
            "title": "rustboundmagic:handbook-gatewaysystem-title",
            "text": "rustboundmagic:handbook-gatewaysystem-text"
          },
          {
            "title": "rustboundmagic:handbook-magicstation-title",
            "text": "rustboundmagic:handbook-magicstation-text"
          }
        ]
      }
    }
  },

  "creativeinventory": {
    "general": [ "*-north" ],
    "rustboundmagic": [ "*-north" ]
  },

  //"drawtypeByType": {
  //  "*-free": "JSON",
  //  "*-snow": "JSONAndSnowLayer"
  //},
  "drawtype": "json",
  "shapeBytype": {
    "*-core-north": {
      "base": "blocks/stations/gateway-core",
      "rotateY": 0
    },
    "*-core-south": {
      "base": "blocks/stations/gateway-core",
      "rotateY": 180
    },
    "*-core-east": {
      "base": "blocks/stations/gateway-core",
      "rotateY": 270
    },
    "*-core-west": {
      "base": "blocks/stations/gateway-core",
      "rotateY": 90
    },
    "*-pedestal-north": {
      "base": "blocks/stations/gateway-pedestal",
      "rotateY": 0
    },
    "*-pedestal-south": {
      "base": "blocks/stations/gateway-pedestal",
      "rotateY": 180
    },
    "*-pedestal-east": {
      "base": "blocks/stations/gateway-pedestal",
      "rotateY": 270
    },
    "*-pedestal-west": {
      "base": "blocks/stations/gateway-pedestal",
      "rotateY": 90
    }
  },
  "texturesByType": {
    "*-core-*": {
      "default": { "base": "default" },
      "stoneside": { "base": "blocks/stations/gateway/eldrathium-chiseled*" },
      "energyaura": { "base": "blocks/stations/oculus-energyaura" },
      "material3": { "base": "game:block/stone/rock/obsidian1" },
      "material4": { "base": "game:block/machine/statictranslocator/rustyglow" },
      "material5": { "base": "game:block/stone/rock/obsidian1" },
      "material6": { "base": "game:block/stone/rock/obsidian1" }
    },
    "*-pedestal-*": {
      "default": { "base": "default" },
      "material1": { "base": "game:block/metal/plate/lead" },
      "material2": { "base": "game:block/stone/rock/obsidian1" },
      "material3": { "base": "blocks/resources/enchantedstone/none/enchantedstone-rock*" },
      "material4": { "base": "game:block/stone/rock/obsidian1" },
      "manastone": { "base": "game:block/machine/statictranslocator/rustyglow" },
      "gemstone": { "base": "game:block/machine/statictranslocator/rustyglow" },
      "tabletop": { "base": "blocks/resources/eldrathium/eldrathium" },
      "cloth": { "base": "game:block/cloth/linen/purple" },
      "clothdecal": { "base": "game:block/cloth/linen/purple" },
      "material6": { "base": "game:block/stone/rock/obsidian1" },
      "frontface": { "base": "game:block/stone/rock/obsidian1" },
      "frontfacecenter": { "base": "blocks/resources/eldrathium/eldrathium" },
      "chiseled1": { "base": "blocks/resources/enchantedstone/none/enchantedstone-chiseled*" }
    }
  },

  "sidesolid": {
    "all": "false"
  },
  "sideopaque": {
    "all": "false"
  },

  "maxstacksize": 1,
  "blockmaterial": "Other",
  "materialDensity": 1200,
  "replaceable": 300,
  "resistance": 3,
  "lightAbsorption": 0,
  "heldTpIdleAnimation": "holdbothhandslarge",
  "heldTpUseAnimation": "twohandplaceblock",

  "renderPass": "BlendNoCull",
  "faceCullMode": "MergeMaterial",

  "vertexFlags": {
    "zOffset": 2
  },

  //"lightHsvbyType": {
  //  "*": [ 32, 7, 5 ]
  //},

  //"drops": [
  //  {
  //    "type": "block",
  //    "code": "magicstationgateway-normal-{wood}-north"
  //  }
  //],

  "collisionSelectionBoxesByType": {
    "*-core-*": [
      {
        "x1": 0,
        "y1": 0,
        "z1": 0,
        "x2": 1,
        "y2": 1,
        "z2": 1,
        "rotateYByType": {
          "*": 0
        }
      }
    ],
    "*-pedestal-*": [
      {
        "x1": 0,
        "y1": 0,
        "z1": 0,
        "x2": 1,
        "y2": 0.8125,
        "z2": 1,
        "rotateYByType": {
          "*": 0
        }
      }
    ]
  },

  "sounds": {
    "place": "game:block/rock-hit-pickaxe",
    "break": "game:block/rock-hit-pickaxe",
    "hit": "game:walk/stone",
    "walk": "game:walk/stone"
  },

  "guiTransform": {
    "rotation": {
      "x": -22.6,
      "y": 135,
      "z": 0
    }
  },
  "tpHandTransform": {
    "translation": {
      "x": -1.23,
      "y": -0.91,
      "z": -0.8
    },
    "rotation": {
      "x": -2,
      "y": 25,
      "z": -78
    },
    "scale": 0.4
  }
}
