{
  "code": "magicstationobelisk",
  "classByType": {
    "*": "BlockStationObeliskRM"
  },
  "entityclassByType": {
    "*": "BlockEntityStationObeliskRM"
  },
  "enabled": true,

  "storageFlags": 131073,

  "variantgroups": [
    {
      "code": "type",
      "states": [ "normal", "admin" ]
    },
    {
      "code": "side",
      "loadFromProperties": "game:abstract/horizontalorientation"
    }
  ],
  //"skipVariants": [ "*-admin-*" ],

  //"entityBehaviors": [ { "name": "Animatable" } ],
  "behaviorsByType": {
    "*": [
      { "name": "HorizontalOrientable" },
      { "name": "Container" },
      {
        "name": "Multiblock",
        "propertiesByType": {
          "*": {
            "sizex": 1,
            "sizey": 2,
            "sizez": 1,
            "cposition": {
              "x": 0,
              "y": 0,
              "z": 0
            }
          }
        }
      }
    ]
  },
  "attributesByType": {
    "*": {
      "canChisel": false,
      "shelvable": true,
      "onshelfTransform": {
        "translation": {
          "x": -0,
          "y": -0.375,
          "z": 0
        },
        "scale": 0.25
      },
      "displaycaseable": true,
      "onDisplayTransform": {
        "translation": {
          "x": -0,
          "y": -0.375,
          "z": 0
        },
        "scale": 0.25
      },
      "handbookByType": {
        "*": {
          "groupBy": [ "magicstationobelisk-*" ],
          "extraSections": [
            {
              "title": "game:Created by",
              "text": "rustboundmagic:handbook-ritualofworldessence-text"
            },
            {
              "title": "rustboundmagic:handbook-neutralessencegenerator-title",
              "text": "rustboundmagic:handbook-neutralessencegenerator-text"
            },
            {
              "title": "rustboundmagic:handbook-essencesystem-title",
              "text": "rustboundmagic:handbook-essencesystem-text"
            },
            {
              "title": "rustboundmagic:handbook-magicstation-title",
              "text": "rustboundmagic:handbook-magicstation-text"
            } //,
            //{
            //  "title": "rustboundmagic:handbook-manapoisoning-title",
            //  "text": "rustboundmagic:handbook-manapoisoning-text"
            //}
          ]
        }
      },

      "multiblockStructuresCaps-Upgrade": [
        {
          "blockNumbers": {
            "rustboundmagic:runestone-*": 1
          },
          "offsets": [
            {
              "x": -2,
              "y": 2,
              "z": 2,
              "w": 1
            },
            {
              "x": 2,
              "y": 2,
              "z": -2,
              "w": 1
            },
            {
              "x": 2,
              "y": 2,
              "z": 2,
              "w": 1
            },
            {
              "x": -2,
              "y": 2,
              "z": -2,
              "w": 1
            }
          ]
        }
      ],

      "multiblockStructuresCaps-Ritual": [
        {
          "blockNumbers": {
            "rustboundmagic:magicruneblock-*": 1,
            "rustboundmagic:manatorch-rustic-lit-*": 2
          },
          "offsets": [
            {
              "x": -1, // left (+) / right (-)
              "y": 0, // up (+) / down (-)
              "z": -1, // forward (+) / backward (-)
              "w": 1
            },
            {
              "x": 1,
              "y": 0,
              "z": -1,
              "w": 1
            },
            {
              "x": -1,
              "y": 0,
              "z": 1,
              "w": 1
            },
            {
              "x": 1,
              "y": 0,
              "z": 1,
              "w": 1
            },

            //--------

            {
              "x": -1,
              "y": 0,
              "z": -2,
              "w": 1
            },
            {
              "x": -1,
              "y": 0,
              "z": -3,
              "w": 1
            },
            {
              "x": 0,
              "y": 0,
              "z": -3,
              "w": 1
            },
            {
              "x": 1,
              "y": 0,
              "z": -3,
              "w": 1
            },
            {
              "x": 1,
              "y": 0,
              "z": -2,
              "w": 1
            },

            //--------

            {
              "x": -1,
              "y": 0,
              "z": 2,
              "w": 1
            },
            {
              "x": -1,
              "y": 0,
              "z": 3,
              "w": 1
            },
            {
              "x": 0,
              "y": 0,
              "z": 3,
              "w": 1
            },
            {
              "x": 1,
              "y": 0,
              "z": 3,
              "w": 1
            },
            {
              "x": 1,
              "y": 0,
              "z": 2,
              "w": 1
            },

            //--------

            {
              "x": 2,
              "y": 0,
              "z": -1,
              "w": 1
            },
            {
              "x": 3,
              "y": 0,
              "z": -1,
              "w": 1
            },
            {
              "x": 3,
              "y": 0,
              "z": 0,
              "w": 1
            },
            {
              "x": 3,
              "y": 0,
              "z": 1,
              "w": 1
            },
            {
              "x": 2,
              "y": 0,
              "z": 1,
              "w": 1
            },

            //--------

            {
              "x": -2,
              "y": 0,
              "z": -1,
              "w": 1
            },
            {
              "x": -3,
              "y": 0,
              "z": -1,
              "w": 1
            },
            {
              "x": -3,
              "y": 0,
              "z": 0,
              "w": 1
            },
            {
              "x": -3,
              "y": 0,
              "z": 1,
              "w": 1
            },
            {
              "x": -2,
              "y": 0,
              "z": 1,
              "w": 1
            },

            //--------

            {
              "x": -2,
              "y": 0,
              "z": -2,
              "w": 2
            },
            {
              "x": 2,
              "y": 0,
              "z": -2,
              "w": 2
            },
            {
              "x": -2,
              "y": 0,
              "z": 2,
              "w": 2
            },
            {
              "x": 2,
              "y": 0,
              "z": 2,
              "w": 2
            }
          ]
        }
      ]
    }
  },

  "creativeinventory": {
    "general": [ "*-normal-north" ],
    "rustboundmagic": [ "*-normal-north" ],
    "meta": [ "*-admin-north" ]
  },

  //"drawtypeByType": {
  //  "*-free": "JSON",
  //  "*-snow": "JSONAndSnowLayer"
  //},
  "drawtype": "json",
  "shapeBytype": {
    "*-north": {
      "base": "blocks/stations/obelisk",
      "rotateY": 0
    },
    "*-south": {
      "base": "blocks/stations/obelisk",
      "rotateY": 180
    },
    "*-east": {
      "base": "blocks/stations/obelisk",
      "rotateY": 270
    },
    "*-west": {
      "base": "blocks/stations/obelisk",
      "rotateY": 90
    }
  },
  "texturesByType": {
    "*": {
      "default": { "base": "default" },
      "material1": { "base": "blocks/resources/enchantedstone/none/enchantedstone-cobblestone*" },
      "material2": { "base": "blocks/resources/enchantedstone/none/dark-enchantedstone-rock*" },
      "material3": { "base": "blocks/resources/enchantedstone/none/enchantedstone-rock*" },
      "innerfurnace": { "base": "color-black" },
      "circletier1": { "base": "default" },
      "circletier2": { "base": "default" },
      "circletier3": { "base": "default" }
    }
  },

  "sidesolid": {
    "all": "false"
  },
  "sideopaque": {
    "all": "false"
  },

  "maxstacksize": 1,
  "blockmaterial": "Other",
  "materialDensity": 1200,
  "replaceable": 300,
  "resistance": 3,
  "lightAbsorption": 0,
  //"heldTpIdleAnimation": "holdbothhands",
  //"heldTpUseAnimation": "twohandplaceblock",

  "renderPass": "BlendNoCull",
  "faceCullMode": "MergeMaterial",

  "vertexFlags": {
    "zOffset": 2
  },

  //"lightHsvbyType": {
  //  "*": [ 32, 7, 5 ]
  //},

  "collisionSelectionBoxesByType": {
    "*": [
      {
        "x1": 0,
        "y1": 0,
        "z1": 0,
        "x2": 1,
        "y2": 1,
        "z2": 1,
        "rotateYByType": {
          "*": 0
        }
      }
    ]
  },

  "sounds": {
    "place": "game:block/rock-hit-pickaxe",
    "break": "game:block/rock-hit-pickaxe",
    "hit": "game:walk/stone",
    "walk": "game:walk/stone"
  },

  "guiTransform": {
    "translation": {
      "x": 0,
      "y": 4,
      "z": 0
    },
    "rotation": {
      "x": -21,
      "y": 130,
      "z": 0
    },
    "scale": 0.75
  },
  "fpHandTransform": {
    "translation": {
      "x": 0,
      "y": 0.1,
      "z": 0.5
    },
    "rotation": {
      "x": -2,
      "y": 5,
      "z": 12
    },
    "origin": {
      "x": 0.5,
      "y": 0.6,
      "z": 0.5
    },
    "scale": 1.5
  },
  "tpHandTransform": {
    "translation": {
      "x": 0,
      "y": 0.2,
      "z": 0.2
    },
    "rotation": {
      "x": 55,
      "y": 13,
      "z": -82
    },
    "origin": {
      "x": 0.05,
      "y": -0.1,
      "z": 0.25
    },
    "scale": 0.5899
  },
  "groundTransform": {
    "scale": 2.01
  }
}
