{
	"treeWorldPropertyCode": "podocarpustotaralarge",
	"sizeMultiplier": 1.7,
	"yOffset": -2,
	"trunks": [{
		"widthloss": 0.1,
		"dx": 0.5,
		"dz": 0.5,
		"segment": 4,
		"dieAt": { "avg": 0.001 },
		"branchStart": { "avg": 0.3, "var": 0.05 },
		"branchSpacing": { "avg": 0, "var": 0 },
		"branchVerticalAngle":  { "avg": 1.32, "var": 0 },
		"branchHorizontalAngle": { "avg": 0, "var": 3.1415 },
		"branchWidthMultiplier": { "avg": 0.1, "var": 0 },
		"branchWidthMultiplierEvolve": { "transform": "linear", "factor": 1 },
		"branchQuantity": { "avg": 2, "var": 0 },
		"branchQuantityEvolve": { "transform": "linear", "factor": 3 }
	}, {
		"inherit": { "from": 0, "skip": ["dx", "dz", "dieAt", "segment"] },
		"dieAt": { "avg": 0.2, "var": 0.1 },
		"dx": 1.5,
		"dz": 0.5,
		"segment": 1
	}, {
		"inherit": { "from": 0, "skip": ["dx", "dz", "dieAt", "segment"] },
		"dieAt": { "avg": 0.2, "var": 0.1 },
		"dx": 0.5,
		"dz": 1.5,
		"segment": 3,
	}, {
		"inherit": { "from": 0, "skip": ["dx", "dz", "dieAt", "segment"] },
		"dieAt": { "avg": 0.2, "var": 0.1 },
		"dx": 1.5,
		"dz": 1.5,
		"segment": 2
	}],
	"branches": [{
		"widthLoss": 0.08,
		"gravityDrag": 0,

		"branchStart":  { "avg": 0, "var": 0 },
		"branchSpacing": { "avg": 0.01, "var": 0 },
		"branchVerticalAngle": { "avg": 1.1, "var": 0.2 },
		"branchHorizontalAngle": { "avg": 0, "var": 3.1415 },

		"branchQuantity": { "avg": 0.9, "var": 0 },
		"branchWidthMultiplier": { "avg": 0.2, "var": 0 }
	}, {
		"branchStart": { "avg": 2 }
	}],
	"treeBlocks": {
		"logBlockCode": "floralzonesneozeylandicregion:log-grown-podocarpustotara-ud",
		"leavesBlockCode": "floralzonesneozeylandicregion:leaves-grown-podocarpustotara",
		"leavesBranchyBlockCode": "floralzonesneozeylandicregion:leavesbranchy-grown-podocarpustotara",
		"mossDecorCode": "attachingplant-spottymoss",
		"trunkSegmentBase": "floralzonesneozeylandicregion:logsection-grown-podocarpustotara-",
		"trunkSegmentVariants": [ "ne", "se", "sw", "nw" ]
	}
}
