{
	"editor": {
		"backDropShape": "entity/humanoid/seraph",
		"collapsedPaths": "Root/bandN/toothR1,Root/bandN/toothL1",
		"allAngles": true,
		"entityTextureMode": true
	},
	"textureWidth": 32,
	"textureHeight": 36,
	"textureSizes": {
		"pants": [32,36]
	},
	"textures": {
	},
	"elements": [
		{
			"name": "LowertorsoWparented",
			"stepParentName": "LowerTorso",
			"from": [ -0.0075, -0.0075, -0.0075 ],
			"to": [ 0.3675, 2.6175, 4.5075 ],
			"unwrapMode": 4,
			"autoUnwrap": false,
			"uv": [ 12.9, 2.5 ],
			"rotationOrigin": [ -0.0075, 2.625, -0.0375 ],
			"faces": {
				"north": { "texture": "#pants", "uv": [ 13.0, 2.5, 13.5, 6.0 ], "autoUv": false, "windMode": [-1,-1,-1,-1], "windData": [0,1,1,0] },
				"east": { "texture": "#pants", "uv": [ 9.5, 7.0, 15.5, 10.5 ], "autoUv": false },
				"south": { "texture": "#pants", "uv": [ 19.5, 2.5, 20.0, 6.0 ], "autoUv": false },
				"west": { "texture": "#pants", "uv": [ 13.5, 2.5, 19.5, 6.0 ], "autoUv": false },
				"up": { "texture": "#pants", "uv": [ 13.5, 2.0, 19.5, 2.5 ], "rotation": 90, "autoUv": false }
			},
			"children": [
				{
					"name": "LowertorsoN",
					"from": [ 0.375, 0.0, 0.0 ],
					"to": [ 3.39, 2.625, 0.375 ],
					"unwrapMode": 1,
					"autoUnwrap": false,
					"uv": [ 9.0, 2.0 ],
					"rotationOrigin": [ 0.375, 2.6625, 0.0 ],
					"faces": {
						"north": { "texture": "#pants", "uv": [ 9.0, 2.5, 13.0, 6.0 ], "autoUv": false },
						"south": { "texture": "#pants", "uv": [ 10.5, 7.0, 14.5, 10.5 ], "autoUv": false },
						"up": { "texture": "#pants", "uv": [ 9.0, 2.0, 13.0, 2.5 ], "rotation": 180, "autoUv": false }
					}
				},
				{
					"name": "LowertorsoS",
					"from": [ 0.375, 0.0, 4.14 ],
					"to": [ 3.39, 2.625, 4.515 ],
					"unwrapMode": 3,
					"autoUnwrap": false,
					"uv": [ 20.0, 2.0 ],
					"rotationOrigin": [ 0.375, 3.75, 4.125 ],
					"faces": {
						"north": { "texture": "#pants", "uv": [ 14.5, 7.0, 18.5, 10.5 ], "autoUv": false },
						"south": { "texture": "#pants", "uv": [ 20.0, 2.5, 24.0, 6.0 ], "autoUv": false },
						"up": { "texture": "#pants", "uv": [ 20.0, 2.0, 24.0, 2.5 ], "autoUv": false }
					}
				},
				{
					"name": "LowertorsoE",
					"from": [ 3.39, 0.0, 0.0 ],
					"to": [ 3.765, 2.625, 4.515 ],
					"unwrapMode": 2,
					"autoUnwrap": false,
					"uv": [ 23.9, 2.0 ],
					"rotationOrigin": [ 3.39, 3.75, 0.0 ],
					"faces": {
						"north": { "texture": "#pants", "uv": [ 30.5, 2.5, 31.0, 6.0 ], "autoUv": false },
						"east": { "texture": "#pants", "uv": [ 24.5, 2.5, 30.5, 6.0 ], "autoUv": false },
						"south": { "texture": "#pants", "uv": [ 24.0, 2.5, 24.5, 6.0 ], "autoUv": false },
						"west": { "texture": "#pants", "uv": [ 13.5, 7.0, 19.5, 10.5 ], "autoUv": false },
						"up": { "texture": "#pants", "uv": [ 24.5, 2.0, 30.5, 2.5 ], "rotation": 270, "autoUv": false }
					}
				},
				{
					"name": "LowertorsoD",
					"from": [ -0.0075, 0.0, -0.0075 ],
					"to": [ 3.8175, 1.5, 4.5075 ],
					"unwrapMode": 6,
					"unwrapRotation": 1,
					"autoUnwrap": false,
					"uv": [ 1.5, 1.0 ],
					"faces": {
						"down": { "texture": "#pants", "uv": [ 1.5, 1.0, 7.5, 6.0 ], "rotation": 90, "autoUv": false }
					}
				}
			]
		},
		{
			"name": "upper foot R",
			"stepParentName": "UpperFootR",
			"from": [ -0.0075, -0.0075, -0.0075 ],
			"to": [ 3.1575, 6.7575, 2.4075 ],
			"unwrapMode": 4,
			"uv": [ 1.5, 8.5 ],
			"rotationOrigin": [ 0.0, 6.75, 0.0 ],
			"faces": {
				"north": { "texture": "#pants", "uv": [ 1.5, 12.5, 5.5, 21.5 ], "autoUv": false },
				"east": { "texture": "#pants", "uv": [ 12.5, 12.5, 15.5, 21.5 ], "autoUv": false },
				"south": { "texture": "#pants", "uv": [ 8.5, 12.5, 12.5, 21.5 ], "autoUv": false, "windMode": [-1,-1,-1,-1] },
				"west": { "texture": "#pants", "uv": [ 5.5, 12.5, 8.5, 21.5 ], "autoUv": false },
				"up": { "texture": "#pants", "uv": [ 5.5, 8.5, 8.5, 12.5 ], "rotation": 90, "autoUv": false, "windMode": [-1,-1,-1,-1], "windData": [1,1,1,1] },
				"down": { "texture": "#pants", "uv": [ 5.5, 21.5, 8.5, 25.5 ], "rotation": 90, "autoUv": false, "windMode": [-1,-1,-1,-1] }
			}
		},
		{
			"name": "upper foot L",
			"stepParentName": "UpperFootL",
			"from": [ -0.0075, -0.0075, -0.0075 ],
			"to": [ 3.1575, 6.7575, 2.4075 ],
			"unwrapMode": 4,
			"uv": [ 16.5, 8.5 ],
			"rotationOrigin": [ 0.0, 6.75, 2.25 ],
			"faces": {
				"north": { "texture": "#pants", "uv": [ 16.5, 12.5, 20.5, 21.5 ], "autoUv": false },
				"east": { "texture": "#pants", "uv": [ 27.5, 12.5, 30.5, 21.5 ], "autoUv": false },
				"south": { "texture": "#pants", "uv": [ 23.5, 12.5, 27.5, 21.5 ], "autoUv": false },
				"west": { "texture": "#pants", "uv": [ 20.5, 12.5, 23.5, 21.5 ], "autoUv": false },
				"up": { "texture": "#pants", "uv": [ 20.5, 8.5, 23.5, 12.5 ], "rotation": 90, "autoUv": false, "windMode": [-1,-1,-1,-1], "windData": [1,1,1,1] },
				"down": { "texture": "#pants", "uv": [ 20.5, 21.5, 23.5, 25.5 ], "rotation": 90, "autoUv": false, "windMode": [-1,-1,-1,-1] }
			}
		},
		{
			"name": "lower foot R",
			"stepParentName": "LowerFootR",
			"from": [ -0.0075, -0.0075, -0.0075 ],
			"to": [ 3.0075, 7.5075, 2.2575 ],
			"unwrapMode": 4,
			"uv": [ 1.5, 21.5 ],
			"rotationOrigin": [ 0.0, 0.0, -0.075 ],
			"faces": {
				"north": { "texture": "#pants", "uv": [ 1.5, 25.5, 5.5, 35.5 ], "autoUv": false },
				"east": { "texture": "#pants", "uv": [ 12.5, 25.5, 15.5, 35.5 ], "autoUv": false },
				"south": { "texture": "#pants", "uv": [ 8.5, 25.5, 12.5, 35.5 ], "autoUv": false },
				"west": { "texture": "#pants", "uv": [ 5.5, 25.5, 8.5, 35.5 ], "autoUv": false },
				"up": { "texture": "#pants", "uv": [ 5.5, 21.5, 8.5, 25.5 ], "rotation": 90, "autoUv": false, "windMode": [-1,-1,-1,-1] }
			}
		},
		{
			"name": "lower foot L",
			"stepParentName": "LowerFootL",
			"from": [ -0.0075, -0.0075, -0.0075 ],
			"to": [ 3.0075, 7.5075, 2.2575 ],
			"unwrapMode": 4,
			"uv": [ 16.5, 21.5 ],
			"faces": {
				"north": { "texture": "#pants", "uv": [ 16.5, 25.5, 20.5, 35.5 ], "autoUv": false },
				"east": { "texture": "#pants", "uv": [ 27.5, 25.5, 30.5, 35.5 ], "autoUv": false },
				"south": { "texture": "#pants", "uv": [ 23.5, 25.5, 27.5, 35.5 ], "autoUv": false },
				"west": { "texture": "#pants", "uv": [ 20.5, 25.5, 23.5, 35.5 ], "autoUv": false },
				"up": { "texture": "#pants", "uv": [ 20.5, 21.5, 23.5, 25.5 ], "rotation": 90, "autoUv": false, "windMode": [-1,-1,-1,-1] }
			}
		}
	],
	"animations": [
	]
}