[
  // New Traders
  {
    "op": "add",
    "path": "/structures/-",
    "value":   {
      "code": "tradercavaran",
      "group": "trader",
      "minGroupDistance": 600, //700
      "name": "Trader Wagon",
      "chance": 0.025,
      "offsetY": 0,
      "schematics": [
        "overground/traderwagons/*"
      ],
      "buildProtected": true,
      "buildProtectionName": "Trader",
      "buildProtectionDesc": "Trader Perimenter",
      "replacewithblocklayers": [
        "packeddirt",
        "game:packeddirt",
        "cob-none",
        "game:cob-none"
      ],
      "postPass": true,
      "suppressTrees": true,
      "minTemp": -12,
      "placement": "surface"
    },
    "file": "game:worldgen/structures.json",
    "side": "Server"
  },
  {
    "op": "add",
    "path": "/structures/-",
    "value":   {
      "code": "tradercavaran",
      "group": "trader",
      "minGroupDistance": 600, //700
      "name": "Trader Wagons with Tent",
      "chance": 0.05,
      "offsetY": -1,
      "schematics": [
        "overground/traderwagonswithtent/*"
      ],
      "buildProtected": true,
      "buildProtectionName": "Trader",
      "buildProtectionDesc": "Trader Perimenter",
      "replacewithblocklayers": [
        "packeddirt",
        "game:packeddirt",
        "cob-none",
        "game:cob-none"
      ],
      "postPass": true,
      "minTemp": -12,
      "suppressTrees": true,
      "placement": "surface"
    },
    "file": "game:worldgen/structures.json",
    "side": "Server"
  },
  {
    "op": "add",
    "path": "/structures/-",
    "value":   {
      "code": "tradercavaran",
      "group": "trader",
      "minGroupDistance": 600, //700
      "name": "Rusty Trader Wagons RARE",
      "chance": 0.01,
      "offsetY": -1,
      "schematics": [
        "overground/rustytraders-rare-o1/*"
      ],
      "buildProtected": true,
      "buildProtectionName": "Trader",
      "buildProtectionDesc": "Trader Perimenter",
      "replacewithblocklayers": [
        "packeddirt",
        "game:packeddirt",
        "cob-none",
        "game:cob-none"
      ],
      "postPass": true,
      "minTemp": -12,
      "suppressTrees": true,
      "placement": "surface"
    },
    "file": "game:worldgen/structures.json",
    "side": "Server"
  },
  {
    "op": "add",
    "path": "/structures/-",
    "value":   {
      "code": "tradercavaran",
      "group": "trader",
      "minGroupDistance": 600, //700
      "name": "Rusty Trader Wagons RARE",
      "chance": 0.01,
      "offsetY": 0,
      "schematics": [
        "overground/rustytraders-rare/*"
      ],
      "buildProtected": true,
      "buildProtectionName": "Trader",
      "buildProtectionDesc": "Trader Perimenter",
      "replacewithblocklayers": [
        "packeddirt",
        "game:packeddirt",
        "cob-none",
        "game:cob-none"
      ],
      "postPass": true,
      "minTemp": -12,
      "suppressTrees": true,
      "placement": "surface"
    },
    "file": "game:worldgen/structures.json",
    "side": "Server"
  },
  {
    "op": "add",
    "path": "/structures/-",
    "value":   {
      "code": "tradercavaran",
      "group": "trader",
      "minGroupDistance": 600, //700
      "name": "Trader Wagon",
      "chance": 0.05,
      "offsetY": -1,
      "schematics": [
        "overground/rustytraders-withtent/*"
      ],
      "buildProtected": true,
      "buildProtectionName": "Trader",
      "buildProtectionDesc": "Trader Perimenter",
      "replacewithblocklayers": [
        "packeddirt",
        "game:packeddirt",
        "cob-none",
        "game:cob-none"
      ],
      "postPass": true,
      "minTemp": -12,
      "suppressTrees": true,
      "placement": "surface"
    },
    "file": "game:worldgen/structures.json",
    "side": "Server"
  },
  {
    "op": "add",
    "path": "/structures/-",
    "value":   {
      "code": "tradercavaran",
      "group": "trader",
      "minGroupDistance": 600, //700
      "name": "Trader Wagon",
      "chance": 0.2,
      "offsetY": 0,
      "schematics": [
        "overground/rustytraders-notent-normal/*"
      ],
      "buildProtected": true,
      "buildProtectionName": "Trader",
      "buildProtectionDesc": "Trader Perimenter",
      "replacewithblocklayers": [
        "packeddirt",
        "game:packeddirt",
        "cob-none",
        "game:cob-none"
      ],
      "postPass": true,
      "minTemp": -12,
      "suppressTrees": true,
      "placement": "surface"
    },
    "file": "game:worldgen/structures.json",
    "side": "Server"
  },
  {
    "op": "add",
    "path": "/structures/-",
    "value":   {
      "code": "tradercavaran",
      "group": "trader",
      "minGroupDistance": 600, //700
      "name": "Trader Wagon",
      "chance": 0.01,
      "offsetY": 0,
      "schematics": [
        "overground/rustytraders-notent-rare/*"
      ],
      "buildProtected": true,
      "buildProtectionName": "Trader",
      "buildProtectionDesc": "Trader Perimenter",
      "replacewithblocklayers": [
        "packeddirt",
        "game:packeddirt",
        "cob-none",
        "game:cob-none"
      ],
      "postPass": true,
      "minTemp": -12,
      "suppressTrees": true,
      "placement": "surface"
    },
    "file": "game:worldgen/structures.json",
    "side": "Server"
  },
  {
    "op": "add",
    "path": "/structures/-",
    "value": {
      "code": "tradercavaran",
      "group": "tradercold",
                  "minGroupDistance": 700,
                  "chance": 0.1, 
                  "schematics": [
                    "overground/coldclimatetraders/*"
                  ],
                  "rockTypeRemapGroup": "standard",
                  "minTemp": -40,
                  "maxTemp": -12,
                  "buildProtected": true,
                  "buildProtectionName": "Trader",
                  "buildProtectionDesc": "Trader Perimenter",
                  "replacewithblocklayers": [
                    "packeddirt",
                    "game:packeddirt",
                    "cob-none",
                    "game:cob-none"
                  ],
                  "postPass": true,
                  "suppressTrees": true,
                  "placement": "surface",
                  "offsetY": -2
    },
    "file": "game:worldgen/structures.json",
    "side": "Server"
  },
  {
    "op": "add",
    "path": "/structures/-",
    "value":   {
      "code": "tradercavaran",
      "group": "trader",
      "minGroupDistance": 600, //700
      "name": "Trader Wagon",
      "chance": 0.01,
      "offsetY": 0,
      "schematics": [
        "overground/tractors/*"
      ],
      "buildProtected": true,
      "buildProtectionName": "Trader",
      "buildProtectionDesc": "Trader Perimenter",
      "replacewithblocklayers": [
        "packeddirt",
        "game:packeddirt",
        "cob-none",
        "game:cob-none"
      ],
      "postPass": true,
      "minTemp": -12,
      "suppressTrees": true,
      "placement": "surface"
    },
    "file": "game:worldgen/structures.json",
    "side": "Server"
  }
]