{
	"editor": {
		"backDropShape": "entity/air/moeve",
		"allAngles": false,
		"entityTextureMode": false
	},
	"textureWidth": 16,
	"textureHeight": 16,
	"textureSizes": {
		"hay": [16,16]
	},
	"textures": {
		"hay": "game:block/hay/normal-side"
	},
	"elements": [
		{
			"name": "ORIGIN",
			"from": [ 1.0, 0.0, -0.5 ],
			"to": [ 1.0, 0.0, -0.5 ],
			"rotationOrigin": [ 9.0, 0.0, 2.0 ],
			"faces": {
			},
			"children": [
				{
					"name": "StrawBedBody",
					"from": [ 3.0, 0.0, 6.0 ],
					"to": [ 8.0, 3.0, 15.0 ],
					"rotationOrigin": [ 3.0, 0.0, 6.0 ],
					"rotationY": 90.0,
					"faces": {
						"north": { "texture": "#hay", "uv": [ 0.0, 0.0, 5.0, 3.0 ] },
						"east": { "texture": "#hay", "uv": [ 11.0, 4.0, 14.0, 13.0 ], "rotation": 90 },
						"south": { "texture": "#hay", "uv": [ 0.0, 0.0, 5.0, 3.0 ] },
						"west": { "texture": "#hay", "uv": [ 3.0, 4.0, 6.0, 13.0 ], "rotation": 90 },
						"up": { "texture": "#hay", "uv": [ 2.0, 4.0, 7.0, 13.0 ] },
						"down": { "texture": "#hay", "uv": [ 6.0, 4.0, 11.0, 13.0 ] }
					},
					"children": [
						{
							"name": "StrawBedends",
							"from": [ 2.0, 1.0, 9.0 ],
							"to": [ 5.0, 3.0, 12.0 ],
							"rotationOrigin": [ 2.0, 1.0, 9.0 ],
							"rotationX": -10.0,
							"rotationY": 10.0,
							"faces": {
								"north": { "texture": "#hay", "uv": [ 0.0, 0.0, 3.0, 2.0 ] },
								"east": { "texture": "#hay", "uv": [ 11.0, 4.0, 13.0, 7.0 ], "rotation": 90 },
								"south": { "texture": "#hay", "uv": [ 0.0, 0.0, 3.0, 2.0 ] },
								"west": { "texture": "#hay", "uv": [ 3.0, 4.0, 5.0, 7.0 ], "rotation": 90 },
								"up": { "texture": "#hay", "uv": [ 2.0, 4.0, 5.0, 7.0 ] },
								"down": { "texture": "#hay", "uv": [ 6.0, 4.0, 9.0, 7.0 ] }
							}
						},
						{
							"name": "StrawBedends2",
							"from": [ 0.0, 1.0, 9.0 ],
							"to": [ 3.0, 3.0, 12.0 ],
							"rotationOrigin": [ 3.0, 1.0, 9.0 ],
							"rotationX": -10.0,
							"rotationY": -10.0,
							"rotationZ": 1.0,
							"faces": {
								"north": { "texture": "#hay", "uv": [ 7.5, 1.5, 10.5, 3.5 ] },
								"east": { "texture": "#hay", "uv": [ 0.0, 8.5, 2.0, 11.5 ], "rotation": 90 },
								"south": { "texture": "#hay", "uv": [ 6.0, 8.5, 9.0, 10.5 ] },
								"west": { "texture": "#hay", "uv": [ 0.0, 10.0, 2.0, 13.0 ], "rotation": 90 },
								"up": { "texture": "#hay", "uv": [ 2.0, 9.5, 5.0, 12.5 ] },
								"down": { "texture": "#hay", "uv": [ 2.5, 11.0, 5.5, 14.0 ] }
							}
						},
						{
							"name": "StrawBedends3",
							"from": [ 2.0, 0.0, 9.0 ],
							"to": [ 5.0, 2.0, 12.0 ],
							"rotationOrigin": [ 2.0, 3.0, 9.0 ],
							"rotationX": 10.0,
							"rotationY": 10.0,
							"faces": {
								"north": { "texture": "#hay", "uv": [ 11.5, 1.5, 14.5, 3.5 ] },
								"east": { "texture": "#hay", "uv": [ 7.0, 8.0, 9.0, 11.0 ], "rotation": 90 },
								"south": { "texture": "#hay", "uv": [ 3.0, 0.0, 6.0, 2.0 ] },
								"west": { "texture": "#hay", "uv": [ 1.5, 0.0, 3.5, 3.0 ], "rotation": 90 },
								"up": { "texture": "#hay", "uv": [ 4.5, 11.5, 7.5, 14.5 ] },
								"down": { "texture": "#hay", "uv": [ 6.0, 8.0, 9.0, 11.0 ] }
							}
						},
						{
							"name": "StrawBedends4",
							"from": [ 0.0, 0.0, 9.0 ],
							"to": [ 3.0, 2.0, 12.0 ],
							"rotationOrigin": [ 3.0, 3.0, 9.0 ],
							"rotationX": 10.0,
							"rotationY": -10.0,
							"faces": {
								"north": { "texture": "#hay", "uv": [ 11.5, 1.5, 14.5, 3.5 ] },
								"east": { "texture": "#hay", "uv": [ 7.0, 8.0, 9.0, 11.0 ], "rotation": 90 },
								"south": { "texture": "#hay", "uv": [ 3.0, 0.0, 6.0, 2.0 ] },
								"west": { "texture": "#hay", "uv": [ 1.5, 0.0, 3.5, 3.0 ], "rotation": 90 },
								"up": { "texture": "#hay", "uv": [ 4.5, 11.5, 7.5, 14.5 ] },
								"down": { "texture": "#hay", "uv": [ 6.0, 8.0, 9.0, 11.0 ] }
							}
						},
						{
							"name": "StrawBedends5",
							"from": [ 0.0, 0.0, -2.0 ],
							"to": [ 3.0, 2.0, 1.0 ],
							"rotationOrigin": [ 0.0, 0.0, 1.0 ],
							"rotationX": -10.0,
							"rotationY": 10.0,
							"faces": {
								"north": { "texture": "#hay", "uv": [ 0.0, 0.0, 3.0, 2.0 ] },
								"east": { "texture": "#hay", "uv": [ 11.0, 4.0, 13.0, 7.0 ], "rotation": 90 },
								"south": { "texture": "#hay", "uv": [ 0.0, 0.0, 3.0, 2.0 ] },
								"west": { "texture": "#hay", "uv": [ 3.0, 4.0, 5.0, 7.0 ], "rotation": 90 },
								"up": { "texture": "#hay", "uv": [ 2.0, 4.0, 5.0, 7.0 ] },
								"down": { "texture": "#hay", "uv": [ 6.0, 4.0, 9.0, 7.0 ] }
							}
						},
						{
							"name": "StrawBedends6",
							"from": [ 2.0, 0.0, -2.0 ],
							"to": [ 5.0, 2.0, 1.0 ],
							"rotationOrigin": [ 5.0, 0.0, 1.0 ],
							"rotationX": -10.0,
							"rotationY": -10.0,
							"rotationZ": 1.0,
							"faces": {
								"north": { "texture": "#hay", "uv": [ 7.5, 1.5, 10.5, 3.5 ] },
								"east": { "texture": "#hay", "uv": [ 5.0, 10.0, 7.0, 13.0 ], "rotation": 90 },
								"south": { "texture": "#hay", "uv": [ 6.0, 8.5, 9.0, 10.5 ] },
								"west": { "texture": "#hay", "uv": [ 0.0, 10.0, 2.0, 13.0 ], "rotation": 90 },
								"up": { "texture": "#hay", "uv": [ 2.0, 9.5, 5.0, 12.5 ] },
								"down": { "texture": "#hay", "uv": [ 2.5, 11.0, 5.5, 14.0 ] }
							}
						},
						{
							"name": "StrawBedends7",
							"from": [ 0.0, 1.0, -3.0 ],
							"to": [ 3.0, 3.0, 0.0 ],
							"rotationOrigin": [ 3.0, 4.0, 0.0 ],
							"rotationX": 10.0,
							"rotationY": 10.0,
							"faces": {
								"north": { "texture": "#hay", "uv": [ 11.5, 1.5, 14.5, 3.5 ] },
								"east": { "texture": "#hay", "uv": [ 7.0, 8.0, 9.0, 11.0 ], "rotation": 90 },
								"south": { "texture": "#hay", "uv": [ 3.0, 0.0, 6.0, 2.0 ] },
								"west": { "texture": "#hay", "uv": [ 1.5, 0.0, 3.5, 3.0 ], "rotation": 90 },
								"up": { "texture": "#hay", "uv": [ 6.0, 1.5, 9.0, 4.5 ] },
								"down": { "texture": "#hay", "uv": [ 6.0, 8.0, 9.0, 11.0 ] }
							}
						},
						{
							"name": "StrawBedends8",
							"from": [ 2.0, 1.0, -3.0 ],
							"to": [ 5.0, 3.0, 0.0 ],
							"rotationOrigin": [ 2.0, 4.0, 0.0 ],
							"rotationX": 10.0,
							"rotationY": -10.0,
							"rotationZ": 1.0,
							"faces": {
								"north": { "texture": "#hay", "uv": [ 11.5, 1.5, 14.5, 3.5 ] },
								"east": { "texture": "#hay", "uv": [ 6.5, 10.0, 8.5, 13.0 ], "rotation": 90 },
								"south": { "texture": "#hay", "uv": [ 3.0, 0.0, 6.0, 2.0 ] },
								"west": { "texture": "#hay", "uv": [ 1.5, 0.0, 3.5, 3.0 ], "rotation": 90 },
								"up": { "texture": "#hay", "uv": [ 4.5, 10.0, 7.5, 13.0 ] },
								"down": { "texture": "#hay", "uv": [ 6.0, 8.0, 9.0, 11.0 ] }
							}
						}
					]
				},
				{
					"name": "Bindings",
					"from": [ 4.0, -0.4, 0.6 ],
					"to": [ 5.0, 3.4, 6.4 ],
					"rotationOrigin": [ 4.0, -0.4, 0.6 ],
					"faces": {
						"north": { "texture": "#mordant", "uv": [ 0.0, 0.0, 1.0, 3.5 ] },
						"east": { "texture": "#mordant", "uv": [ 0.0, 0.0, 5.5, 3.5 ] },
						"south": { "texture": "#mordant", "uv": [ 0.0, 0.0, 1.0, 3.5 ] },
						"west": { "texture": "#mordant", "uv": [ 0.0, 0.0, 5.5, 3.5 ] },
						"up": { "texture": "#mordant", "uv": [ 0.0, 0.0, 1.0, 5.5 ] },
						"down": { "texture": "#mordant", "uv": [ 0.0, 0.0, 1.0, 5.5 ] }
					}
				},
				{
					"name": "Bindings2",
					"from": [ 10.0, -0.4, 0.6 ],
					"to": [ 11.0, 3.4, 6.4 ],
					"rotationOrigin": [ 10.0, -0.4, 0.6 ],
					"faces": {
						"north": { "texture": "#mordant", "uv": [ 0.0, 0.0, 1.0, 3.5 ] },
						"east": { "texture": "#mordant", "uv": [ 0.0, 0.0, 5.5, 3.5 ] },
						"south": { "texture": "#mordant", "uv": [ 0.0, 0.0, 1.0, 3.5 ] },
						"west": { "texture": "#mordant", "uv": [ 0.0, 0.0, 5.5, 3.5 ] },
						"up": { "texture": "#mordant", "uv": [ 0.0, 0.0, 1.0, 5.5 ] },
						"down": { "texture": "#mordant", "uv": [ 0.0, 0.0, 1.0, 5.5 ] }
					}
				},
				{
					"name": "Bindings3",
					"from": [ 5.0, -0.2, 0.8 ],
					"to": [ 10.0, 3.2, 6.2 ],
					"rotationOrigin": [ 5.0, -0.2, 0.8 ],
					"faces": {
						"north": { "texture": "#mordant2", "uv": [ 0.0, 0.0, 5.0, 3.0 ] },
						"east": { "texture": "#mordant2", "uv": [ 0.0, 0.0, 5.0, 3.0 ] },
						"south": { "texture": "#mordant2", "uv": [ 0.0, 0.0, 5.0, 3.0 ] },
						"west": { "texture": "#mordant2", "uv": [ 0.0, 0.0, 5.0, 3.0 ] },
						"up": { "texture": "#mordant2", "uv": [ 0.0, 0.0, 5.0, 5.0 ] },
						"down": { "texture": "#mordant2", "uv": [ 0.0, 0.0, 5.0, 5.0 ] }
					}
				}
			]
		}
	]}