{
	"editor": {
		"collapsedPaths": "",
		"allAngles": true,
		"entityTextureMode": false
	},
	"textureWidth": 16,
	"textureHeight": 16,
	"textureSizes": {
	},
	"textures": {
		"boxlid": "game:block/reed/basket/normal-lid",
		"boxsidesSN": "game:block/reed/basket/normal-northsouth",
		"boxsidesWE": "game:block/reed/basket/normal-westeast"
	},
	"elements": [
		{
			"name": "floor",
			"from": [ 1.0, 0.0, 1.3 ],
			"to": [ 7.0, 0.6, 6.7 ],
			"rotationOrigin": [ -0.8, 0.0, -0.5 ],
			"faces": {
				"up": { "texture": "#boxsidesWE", "uv": [ 0.0, 0.0, 6.0, 5.0 ] },
				"down": { "texture": "#boxsidesWE", "uv": [ 2.0, 2.0, 8.0, 7.0 ] }
			},
			"children": [
				{
					"name": "N",
					"from": [ -0.6, 0.0, -0.6 ],
					"to": [ 6.6, 4.8, 0.0 ],
					"rotationOrigin": [ -1.8, 0.0, -1.8 ],
					"faces": {
						"north": { "texture": "#boxsidesSN", "uv": [ 3.5, 7.0, 10.7, 11.8 ] },
						"east": { "texture": "#boxsidesSN", "uv": [ 14.0, 5.0, 14.6, 9.8 ] },
						"south": { "texture": "#boxsidesSN", "uv": [ 4.0, 3.0, 11.2, 7.8 ] },
						"west": { "texture": "#boxsidesSN", "uv": [ 3.0, 3.0, 3.6, 7.8 ] },
						"up": { "texture": "#boxsidesSN", "uv": [ 1.0, 2.5, 8.2, 3.1 ] },
						"down": { "texture": "#boxsidesSN", "uv": [ 1.0, 2.5, 8.2, 3.1 ] }
					}
				},
				{
					"name": "S",
					"from": [ -0.6, 0.0, 5.4 ],
					"to": [ 6.6, 4.8, 6.0 ],
					"rotationOrigin": [ -1.8, 0.0, -1.8 ],
					"faces": {
						"north": { "texture": "#boxsidesSN", "uv": [ 4.0, 2.0, 11.2, 6.8 ] },
						"east": { "texture": "#boxsidesSN", "uv": [ 15.0, 3.0, 15.6, 7.8 ] },
						"south": { "texture": "#boxsidesSN", "uv": [ 3.5, 6.0, 10.7, 10.8 ] },
						"west": { "texture": "#boxsidesSN", "uv": [ 3.5, 2.0, 4.1, 6.8 ] },
						"up": { "texture": "#boxsidesSN", "uv": [ 1.0, 2.5, 8.2, 3.1 ], "rotation": 180 },
						"down": { "texture": "#boxsidesSN", "uv": [ 1.0, 2.0, 8.2, 2.6 ] }
					}
				},
				{
					"name": "W",
					"from": [ -0.6, 0.0, 0.0 ],
					"to": [ 0.0, 4.8, 5.4 ],
					"rotationOrigin": [ -1.8, 0.0, -1.8 ],
					"faces": {
						"east": { "texture": "#boxsidesWE", "uv": [ 3.5, 2.0, 8.9, 6.8 ] },
						"west": { "texture": "#boxsidesWE", "uv": [ 2.0, 6.0, 7.4, 10.8 ] },
						"up": { "texture": "#boxsidesWE", "uv": [ 2.0, 2.5, 7.4, 3.1 ], "rotation": 90 },
						"down": { "texture": "#boxsidesWE", "uv": [ 2.0, 2.5, 7.4, 3.1 ], "rotation": 90 }
					}
				},
				{
					"name": "E",
					"from": [ 6.0, 0.0, 0.0 ],
					"to": [ 6.6, 4.8, 5.4 ],
					"rotationOrigin": [ -1.8, 0.0, -1.8 ],
					"faces": {
						"east": { "texture": "#boxsidesWE", "uv": [ 2.0, 6.0, 7.4, 10.8 ] },
						"west": { "texture": "#boxsidesWE", "uv": [ 2.0, 6.0, 7.4, 10.8 ] },
						"up": { "texture": "#boxsidesWE", "uv": [ 2.0, 2.5, 7.4, 3.1 ], "rotation": 90 },
						"down": { "texture": "#boxsidesWE", "uv": [ 2.0, 2.5, 7.4, 3.1 ], "rotation": 90 }
					}
				},
				{
					"name": "boxlid",
					"from": [ 0.0, 3.6, 0.0 ],
					"to": [ 6.0, 4.2, 5.4 ],
					"rotationOrigin": [ 3.0, 5.1, -0.6 ],
					"faces": {
						"north": { "texture": "#boxlid", "uv": [ 0.0, 0.0, 6.0, 0.5 ] },
						"east": { "texture": "#boxlid", "uv": [ 0.0, 0.0, 5.0, 0.5 ] },
						"south": { "texture": "#boxlid", "uv": [ 0.0, 0.0, 6.0, 0.5 ] },
						"west": { "texture": "#boxlid", "uv": [ 0.0, 0.0, 5.0, 0.5 ] },
						"up": { "texture": "#boxlid", "uv": [ 2.0, 2.0, 8.0, 7.0 ] },
						"down": { "texture": "#boxlid", "uv": [ 2.0, 2.0, 8.0, 7.0 ] }
					},
					"children": [
						{
							"name": "handle",
							"from": [ 2.1, 0.6, 2.1 ],
							"to": [ 3.9, 1.2, 3.3 ],
							"faces": {
								"north": { "texture": "#boxlid", "uv": [ 11.0, 9.5, 11.6, 11.3 ], "rotation": 270 },
								"east": { "texture": "#boxlid", "uv": [ 0.0, 0.0, 1.2, 0.6 ] },
								"south": { "texture": "#boxlid", "uv": [ 13.0, 10.5, 13.6, 12.3 ], "rotation": 270 },
								"west": { "texture": "#boxlid", "uv": [ 0.0, 0.0, 1.2, 0.6 ] },
								"up": { "texture": "#boxlid", "uv": [ 11.5, 10.5, 12.7, 12.3 ], "rotation": 90 },
								"down": { "texture": "#boxlid", "uv": [ 0.0, 0.0, 1.8, 1.2 ] }
							}
						}
					]
				}
			]
		}
	],
	"animations": [
		{
			"name": "boxlidopen",
			"code": "boxlidopen",
			"quantityframes": 30,
			"onActivityStopped": "Rewind",
			"onAnimationEnd": "Hold",
			"keyframes": [
				{
					"frame": 0,
					"elements": {
						"boxlid": { "offsetX": 0.0, "offsetY": 0.0, "offsetZ": 0.0, "rotationX": 0.0, "rotationY": 0.0, "rotationZ": 0.0 }
					}
				},
				{
					"frame": 29,
					"elements": {
						"boxlid": { "offsetX": 0.0, "offsetY": 1.14, "offsetZ": -5.82, "rotationX": -78.0, "rotationY": 0.0, "rotationZ": 0.0 }
					}
				}
			]
		}
	]
}