{
	"code": "crate",
	"class": "BlockCrate",
	"entityclass": "Crate",
	"attributes": {
		"partialAttachable": true,
		"inventoryClassName": "crate",
		"defaulttype": "wood-dacrydiumcupressinum",
		"handbook": {
			"groupBy": [ "crate" ]
		},
		"labels": {
			"paper-empty": {
				"editableshape": { "base": "game:block/wood/crate/label-paper-item" },
				"texture": "label-empty",
				"shape": { "base": "game:block/wood/crate/label-paper" }
			},
			"wood": {
				"texture": "game:woodlabel-empty",
				"editable": true,
				"shape": { "base": "game:block/wood/crate/label-wood" }
			}
		},
		"types": ["wood-dacrydiumcupressinum","wood-podocarpustotara","wood-nothofagusmenziesii","wood-araucariaheterophylla"],
		"properties": {
			"*": {
				"quantitySlots": 20,
				"rotatatableInterval": "22.5deg",
				"storagetype": 189,
				"retrieveOnly": false,
				"shape": { "base": "game:block/wood/crate/normal-closed", "rotatey": 180 }
			}
		}
	},
	"behaviors": [{"name": "Lockable" }, {"name": "Container"}],
	"creativeinventory": { },
 	"creativeinventoryStacks": [
	{
		"tabs": [ "general", "decorative" ],
		"stacks": [
			{ "type": "block", "code": "crate", "attributes": { "lidState": "closed", "type": "wood-dacrydiumcupressinum" } },
			{ "type": "block", "code": "crate", "attributes": { "lidState": "closed", "type": "wood-podocarpustotara" } },
			{ "type": "block", "code": "crate", "attributes": { "lidState": "closed", "type": "wood-nothofagusmenziesii" } },
			{ "type": "block", "code": "crate", "attributes": { "lidState": "closed", "type": "wood-araucariaheterophylla" } }
		]
	}],
	"heldTpIdleAnimation": "holdunderarm",
	"shapeInventory": { "base": "game:block/wood/crate/normal-closed", "rotatey": 0 },
	"shapeByType": { "base": "game:block/wood/crate/normal-closed", "rotatey": 0 },
	"textures": {
		"label-empty": { "base": "game:block/wood/crate/label-empty" },
		"woodlabel-empty": { "base": "game:block/wood/trunk/accessories" },
		"frame-generic": { "base": "game:block/wood/crate/frame-generic" },
		
		"wood-dacrydiumcupressinum-sides": { "base": "floralzonesneozeylandicregion:block/wood/crate/dacrydiumcupressinum-sides" },
		"wood-dacrydiumcupressinum-inside": { "base": "floralzonesneozeylandicregion:block/wood/crate/dacrydiumcupressinum-inside" },
		"wood-podocarpustotara-sides": { "base": "floralzonesneozeylandicregion:block/wood/crate/podocarpustotara-sides" },
		"wood-podocarpustotara-inside": { "base": "floralzonesneozeylandicregion:block/wood/crate/podocarpustotara-inside" },
		"wood-nothofagusmenziesii-sides": { "base": "floralzonesneozeylandicregion:block/wood/crate/nothofagusmenziesii-sides" },
		"wood-nothofagusmenziesii-inside": { "base": "floralzonesneozeylandicregion:block/wood/crate/nothofagusmenziesii-inside" },
		"wood-araucariaheterophylla-sides": { "base": "floralzonesneozeylandicregion:block/wood/crate/araucariaheterophylla-sides" },
		"wood-araucariaheterophylla-inside": { "base": "floralzonesneozeylandicregion:block/wood/crate/araucariaheterophylla-inside" }
	},
	"blockmaterial": "Wood",
	"replaceable": 900,
	"resistance": 3,
	"lightAbsorption": 0,
	"sideAo": { "all": false },
	"sidesolid": {
		"all": false
	},
	"sideopaque": {
		"all": false
	},
	"combustiblePropsByType": {
		"*": {
			"burnTemperature": 600,
			"burnDuration": 35
		}
	},
	"sounds": {
		"place": "game:block/planks",
		"hit": "game:block/planks",
		"break": "game:block/planks",
		"walk": "game:walk/wood"
	},
	"materialDensity": 600,
	"tpHandTransform": {
		"translation": { "x": -1.3, "y": -0.5, "z": -0.7 },
		"rotation": { "x": 0, "y": 90, "z": -102 },
		"scale": 0.44
	},
	"guiTransform": {
		"origin": { "x": 0.5, "y": 0.5, "z": 0.5 },
		"scale": 1.16
	},
	"collisionBoxes": [
		{ "x1": 0, "y1": 0, "z1": 0, "x2": 1, "y2": 1, "z2": 0.0625 },
		{ "x1": 0, "y1": 0, "z1": 0.9375, "x2": 1, "y2": 1, "z2": 1 },
		{ "x1": 0, "y1": 0, "z1": 0.0625, "x2": 0.0625, "y2": 1, "z2": 0.9375 },
		{ "x1": 0.9375, "y1": 0, "z1": 0.0625, "x2": 1, "y2": 1, "z2": 0.9375 },
	],
	"selectionBoxes": [
		{ "x1": 0, "y1": 0, "z1": 0, "x2": 1, "y2": 1, "z2": 0.95 },
		{ "x1": 0.25, "y1": 0.3125, "z1": 0.95, "x2": 0.75, "y2": 0.8125, "z2": 1 },
	]
}