{
	"editor": {
		"allAngles": false,
		"entityTextureMode": false
	},
	"textureWidth": 8,
	"textureHeight": 8,
	"textureSizes": {
		"petasitesjaponicus4": [12,12],
		"petasitesjaponicus5": [16,16],
		"petasitesjaponicus2": [8,8],
		"petasitesjaponicus3": [4,16]
	},
	"textures": {
		"petasitesjaponicus2": "block/plant/crop/petasitesjaponicus2",
		"petasitesjaponicus3": "block/plant/crop/petasitesjaponicus3",
		"petasitesjaponicus4": "block/plant/crop/petasitesjaponicus4"
	},
	"elements": [
		{
			"name": "shootorigin",
			"from": [ 8.0, 0.0, 8.0 ],
			"to": [ 8.0, 0.0, 8.0 ],
			"rotationOrigin": [ 8.0, 0.0, 8.0 ],
			"faces": {
			},
			"children": [
				{
					"name": "shoot1",
					"from": [ 0.0, 0.0, 0.0 ],
					"to": [ 0.6, 8.0, 0.6 ],
					"rotationOrigin": [ 0.0, 0.0, 0.0 ],
					"rotationX": 12.0,
					"faces": {
						"north": { "texture": "#petasitesjaponicus3", "uv": [ 3.0, 0.0, 4.0, 8.0 ], "autoUv": false, "windMode": [0,7,7,0] },
						"east": { "texture": "#petasitesjaponicus3", "uv": [ 3.0, 0.0, 4.0, 8.0 ], "autoUv": false, "windMode": [0,7,7,0] },
						"south": { "texture": "#petasitesjaponicus3", "uv": [ 3.0, 0.0, 4.0, 8.0 ], "autoUv": false, "windMode": [0,0,7,7] },
						"west": { "texture": "#petasitesjaponicus3", "uv": [ 3.0, 0.0, 4.0, 8.0 ], "autoUv": false, "windMode": [0,0,7,7] }
					},
					"children": [
						{
							"name": "Leaf 1",
							"from": [ -3.7, 8.1, -2.0 ],
							"to": [ 4.3, 8.1, 6.0 ],
							"renderPass": 1,
							"rotationOrigin": [ 0.3, 8.1, 0.0 ],
							"faces": {
								"up": { "texture": "#petasitesjaponicus2", "uv": [ 0.0, 0.0, 8.0, 8.0 ], "windMode": [7,7,7,7] }
							}
						}
					]
				}
			]
		},
		{
			"name": "shootorigin2",
			"from": [ 12.0, 0.0, 12.0 ],
			"to": [ 12.0, 0.0, 12.0 ],
			"rotationOrigin": [ 12.0, 0.0, 12.0 ],
			"rotationY": 60.0,
			"faces": {
			},
			"children": [
				{
					"name": "shoot2",
					"from": [ 0.0, 0.0, 0.0 ],
					"to": [ 0.6, 8.0, 0.6 ],
					"rotationOrigin": [ 0.0, 0.0, 0.0 ],
					"rotationX": 12.0,
					"faces": {
						"north": { "texture": "#petasitesjaponicus3", "uv": [ 3.0, 0.0, 4.0, 8.0 ], "autoUv": false, "windMode": [0,7,7,0] },
						"east": { "texture": "#petasitesjaponicus3", "uv": [ 3.0, 0.0, 4.0, 8.0 ], "autoUv": false, "windMode": [0,7,7,0] },
						"south": { "texture": "#petasitesjaponicus3", "uv": [ 3.0, 0.0, 4.0, 8.0 ], "autoUv": false, "windMode": [0,0,7,7] },
						"west": { "texture": "#petasitesjaponicus3", "uv": [ 3.0, 0.0, 4.0, 8.0 ], "autoUv": false, "windMode": [0,0,7,7] }
					},
					"children": [
						{
							"name": "Leaf 2",
							"from": [ -3.7, 8.1, -2.0 ],
							"to": [ 4.3, 8.1, 6.0 ],
							"renderPass": 1,
							"rotationOrigin": [ 0.3, 8.1, 0.0 ],
							"faces": {
								"up": { "texture": "#petasitesjaponicus2", "uv": [ 0.0, 0.0, 8.0, 8.0 ], "windMode": [7,7,7,7] }
							}
						}
					]
				}
			]
		},
		{
			"name": "shootorigin3",
			"from": [ 10.0, 0.0, 4.0 ],
			"to": [ 10.0, 0.0, 4.0 ],
			"rotationOrigin": [ 10.0, 0.0, 4.0 ],
			"rotationY": 120.0,
			"faces": {
			},
			"children": [
				{
					"name": "shoot3",
					"from": [ 0.0, 0.0, 0.0 ],
					"to": [ 0.6, 8.0, 0.6 ],
					"rotationOrigin": [ 0.0, 0.0, 0.0 ],
					"rotationX": 12.0,
					"faces": {
						"north": { "texture": "#petasitesjaponicus3", "uv": [ 3.0, 0.0, 4.0, 8.0 ], "autoUv": false, "windMode": [0,7,7,0] },
						"east": { "texture": "#petasitesjaponicus3", "uv": [ 3.0, 0.0, 4.0, 8.0 ], "autoUv": false, "windMode": [0,7,7,0] },
						"south": { "texture": "#petasitesjaponicus3", "uv": [ 3.0, 0.0, 4.0, 8.0 ], "autoUv": false, "windMode": [0,0,7,7] },
						"west": { "texture": "#petasitesjaponicus3", "uv": [ 3.0, 0.0, 4.0, 8.0 ], "autoUv": false, "windMode": [0,0,7,7] }
					},
					"children": [
						{
							"name": "Leaf 3",
							"from": [ -3.7, 8.1, -2.0 ],
							"to": [ 4.3, 8.1, 6.0 ],
							"renderPass": 1,
							"rotationOrigin": [ 0.3, 8.1, 0.0 ],
							"faces": {
								"up": { "texture": "#petasitesjaponicus2", "uv": [ 0.0, 0.0, 8.0, 8.0 ], "windMode": [7,7,7,7] }
							}
						}
					]
				}
			]
		},
		{
			"name": "shootorigin4",
			"from": [ 4.0, 0.0, 4.0 ],
			"to": [ 4.0, 0.0, 4.0 ],
			"rotationOrigin": [ 4.0, 0.0, 4.0 ],
			"rotationY": -120.0,
			"faces": {
			},
			"children": [
				{
					"name": "shoot4",
					"from": [ 0.0, 0.0, 0.0 ],
					"to": [ 0.6, 8.0, 0.6 ],
					"rotationOrigin": [ 0.0, 0.0, 0.0 ],
					"rotationX": 12.0,
					"faces": {
						"north": { "texture": "#petasitesjaponicus3", "uv": [ 3.0, 0.0, 4.0, 8.0 ], "autoUv": false, "windMode": [0,7,7,0] },
						"east": { "texture": "#petasitesjaponicus3", "uv": [ 3.0, 0.0, 4.0, 8.0 ], "autoUv": false, "windMode": [0,7,7,0] },
						"south": { "texture": "#petasitesjaponicus3", "uv": [ 3.0, 0.0, 4.0, 8.0 ], "autoUv": false, "windMode": [0,0,7,7] },
						"west": { "texture": "#petasitesjaponicus3", "uv": [ 3.0, 0.0, 4.0, 8.0 ], "autoUv": false, "windMode": [0,0,7,7] }
					},
					"children": [
						{
							"name": "Leaf 4",
							"from": [ -3.7, 8.1, -2.0 ],
							"to": [ 4.3, 8.1, 6.0 ],
							"renderPass": 1,
							"rotationOrigin": [ 0.3, 8.1, 0.0 ],
							"faces": {
								"up": { "texture": "#petasitesjaponicus2", "uv": [ 0.0, 0.0, 8.0, 8.0 ], "windMode": [7,7,7,7] }
							}
						}
					]
				}
			]
		},
		{
			"name": "shootorigin5",
			"from": [ 5.0, 0.0, 10.0 ],
			"to": [ 5.0, 0.0, 10.0 ],
			"rotationOrigin": [ 5.0, 0.0, 10.0 ],
			"rotationY": -60.0,
			"faces": {
			},
			"children": [
				{
					"name": "shoot5",
					"from": [ 0.0, 0.0, 0.0 ],
					"to": [ 0.6, 8.0, 0.6 ],
					"rotationOrigin": [ 0.0, 0.0, 0.0 ],
					"rotationX": 12.0,
					"faces": {
						"north": { "texture": "#petasitesjaponicus3", "uv": [ 3.0, 0.0, 4.0, 8.0 ], "autoUv": false, "windMode": [0,7,7,0] },
						"east": { "texture": "#petasitesjaponicus3", "uv": [ 3.0, 0.0, 4.0, 8.0 ], "autoUv": false, "windMode": [0,7,7,0] },
						"south": { "texture": "#petasitesjaponicus3", "uv": [ 3.0, 0.0, 4.0, 8.0 ], "autoUv": false, "windMode": [0,0,7,7] },
						"west": { "texture": "#petasitesjaponicus3", "uv": [ 3.0, 0.0, 4.0, 8.0 ], "autoUv": false, "windMode": [0,0,7,7] }
					},
					"children": [
						{
							"name": "Leaf 5",
							"from": [ -3.7, 8.1, -2.0 ],
							"to": [ 4.3, 8.1, 6.0 ],
							"renderPass": 1,
							"rotationOrigin": [ 0.3, 8.1, 0.0 ],
							"faces": {
								"up": { "texture": "#petasitesjaponicus2", "uv": [ 0.0, 0.0, 8.0, 8.0 ], "windMode": [7,7,7,7] }
							}
						}
					]
				}
			]
		},
		{
			"name": "shootorigin6",
			"from": [ 8.0, 0.0, 6.0 ],
			"to": [ 8.0, 0.0, 6.0 ],
			"rotationOrigin": [ 8.0, 0.0, 6.0 ],
			"rotationY": -180.0,
			"faces": {
			},
			"children": [
				{
					"name": "shoot6",
					"from": [ 0.0, 0.0, 0.0 ],
					"to": [ 0.6, 12.0, 0.6 ],
					"rotationOrigin": [ 0.0, 0.0, 0.0 ],
					"rotationX": 12.0,
					"faces": {
						"north": { "texture": "#petasitesjaponicus3", "uv": [ 3.0, 0.0, 4.0, 12.0 ], "autoUv": false, "windMode": [0,7,7,0] },
						"east": { "texture": "#petasitesjaponicus3", "uv": [ 3.0, 0.0, 4.0, 12.0 ], "autoUv": false, "windMode": [0,7,7,0] },
						"south": { "texture": "#petasitesjaponicus3", "uv": [ 3.0, 0.0, 4.0, 12.0 ], "autoUv": false, "windMode": [0,0,7,7] },
						"west": { "texture": "#petasitesjaponicus3", "uv": [ 3.0, 0.0, 4.0, 12.0 ], "autoUv": false, "windMode": [0,0,7,7] }
					},
					"children": [
						{
							"name": "Leaf 6",
							"from": [ -5.7, 12.1, -3.0 ],
							"to": [ 6.3, 12.1, 9.0 ],
							"renderPass": 1,
							"rotationOrigin": [ 0.3, 12.1, 0.0 ],
							"faces": {
								"up": { "texture": "#petasitesjaponicus4", "uv": [ 0.0, 0.0, 12.0, 12.0 ], "windMode": [7,7,7,7] }
							}
						}
					]
				}
			]
		},
		{
			"name": "shootorigin7",
			"from": [ 4.0, 0.0, 7.0 ],
			"to": [ 4.0, 0.0, 7.0 ],
			"rotationOrigin": [ 4.0, 0.0, 7.0 ],
			"rotationY": -80.0,
			"faces": {
			},
			"children": [
				{
					"name": "shoot7",
					"from": [ 0.0, 0.0, 0.0 ],
					"to": [ 0.6, 13.0, 0.6 ],
					"rotationOrigin": [ 0.0, 0.0, 0.0 ],
					"rotationX": 12.0,
					"faces": {
						"north": { "texture": "#petasitesjaponicus3", "uv": [ 3.0, 0.0, 4.0, 13.0 ], "autoUv": false, "windMode": [0,7,7,0] },
						"east": { "texture": "#petasitesjaponicus3", "uv": [ 3.0, 0.0, 4.0, 13.0 ], "autoUv": false, "windMode": [0,7,7,0] },
						"south": { "texture": "#petasitesjaponicus3", "uv": [ 3.0, 0.0, 4.0, 13.0 ], "autoUv": false, "windMode": [0,0,7,7] },
						"west": { "texture": "#petasitesjaponicus3", "uv": [ 3.0, 0.0, 4.0, 13.0 ], "autoUv": false, "windMode": [0,0,7,7] }
					},
					"children": [
						{
							"name": "Leaf 7",
							"from": [ -5.7, 13.1, -3.0 ],
							"to": [ 6.3, 13.1, 9.0 ],
							"renderPass": 1,
							"rotationOrigin": [ 0.3, 13.1, 0.0 ],
							"faces": {
								"up": { "texture": "#petasitesjaponicus4", "uv": [ 0.0, 0.0, 12.0, 12.0 ], "windMode": [7,7,7,7] }
							}
						}
					]
				}
			]
		},
		{
			"name": "shootorigin8",
			"from": [ 10.0, 0.0, 7.0 ],
			"to": [ 10.0, 0.0, 7.0 ],
			"rotationOrigin": [ 10.0, 0.0, 7.0 ],
			"rotationY": 80.0,
			"faces": {
			},
			"children": [
				{
					"name": "shoot8",
					"from": [ 0.0, 0.0, 0.0 ],
					"to": [ 0.6, 11.0, 0.6 ],
					"rotationOrigin": [ 0.0, 0.0, 0.0 ],
					"rotationX": 12.0,
					"faces": {
						"north": { "texture": "#petasitesjaponicus3", "uv": [ 3.0, 0.0, 4.0, 11.0 ], "autoUv": false, "windMode": [0,7,7,0] },
						"east": { "texture": "#petasitesjaponicus3", "uv": [ 3.0, 0.0, 4.0, 11.0 ], "autoUv": false, "windMode": [0,7,7,0] },
						"south": { "texture": "#petasitesjaponicus3", "uv": [ 3.0, 0.0, 4.0, 11.0 ], "autoUv": false, "windMode": [0,0,7,7] },
						"west": { "texture": "#petasitesjaponicus3", "uv": [ 3.0, 0.0, 4.0, 11.0 ], "autoUv": false, "windMode": [0,0,7,7] }
					},
					"children": [
						{
							"name": "Leaf 8",
							"from": [ -5.7, 11.1, -3.0 ],
							"to": [ 6.3, 11.1, 9.0 ],
							"renderPass": 1,
							"rotationOrigin": [ 0.3, 11.1, 0.0 ],
							"faces": {
								"up": { "texture": "#petasitesjaponicus4", "uv": [ 0.0, 0.0, 12.0, 12.0 ], "windMode": [7,7,7,7] }
							}
						}
					]
				}
			]
		},
		{
			"name": "shootorigin9",
			"from": [ 11.0, 0.0, 12.0 ],
			"to": [ 11.0, 0.0, 12.0 ],
			"rotationOrigin": [ 11.0, 0.0, 12.0 ],
			"rotationY": 10.0,
			"faces": {
			},
			"children": [
				{
					"name": "shoot9",
					"from": [ 0.0, 0.0, 0.0 ],
					"to": [ 0.6, 14.0, 0.6 ],
					"rotationOrigin": [ 0.0, 0.0, 0.0 ],
					"rotationX": 12.0,
					"faces": {
						"north": { "texture": "#petasitesjaponicus3", "uv": [ 3.0, 0.0, 4.0, 14.0 ], "autoUv": false, "windMode": [0,7,7,0] },
						"east": { "texture": "#petasitesjaponicus3", "uv": [ 3.0, 0.0, 4.0, 14.0 ], "autoUv": false, "windMode": [0,7,7,0] },
						"south": { "texture": "#petasitesjaponicus3", "uv": [ 3.0, 0.0, 4.0, 14.0 ], "autoUv": false, "windMode": [0,0,7,7] },
						"west": { "texture": "#petasitesjaponicus3", "uv": [ 3.0, 0.0, 4.0, 14.0 ], "autoUv": false, "windMode": [0,0,7,7] }
					},
					"children": [
						{
							"name": "Leaf 9",
							"from": [ -5.7, 14.1, -3.0 ],
							"to": [ 6.3, 14.1, 9.0 ],
							"renderPass": 1,
							"rotationOrigin": [ 0.3, 14.1, 0.0 ],
							"faces": {
								"up": { "texture": "#petasitesjaponicus4", "uv": [ 0.0, 0.0, 12.0, 12.0 ], "windMode": [7,7,7,7] }
							}
						}
					]
				}
			]
		}
	]}