[
  {
    "ingredientPattern": "ST",
    "ingredients": {
      "S": { "type": "block", "code": "game:shelf-normal-east" },
      "T": { "type": "item", "code": "game:saw-*", "isTool": true }
    },
    "width": 2, "height": 1, "recipeGroup": 1, "shapeless": true,
    "output": { "type": "block", "code": "shortshelf-normal-east", "quantity": 2 }
  },
  {
    "enabled": false,
    "ingredientPattern": "ST",
    "ingredients": {
      "S": { "type": "block", "code": "vanvar:shelf-*-east", "name": "wood", "skipVariants": ["aged"] },
      "T": { "type": "item", "code": "game:saw-*", "isTool": true }
    },
    "width": 2, "height": 1, "recipeGroup": 1, "shapeless": true,
    "output": {
      "type": "block",
      "code": "shortshelf-normal-east",
      "quantity": 2,
      "attributes": {
        "FSAttributes": {
          "wood": "{wood}"
        }
      }
    }
  }
]
