{
	"editor": {
		"allAngles": true,
		"entityTextureMode": false
	},
	"textureWidth": 12,
	"textureHeight": 24,
	"textureSizes": {
		"frond": [12,24],
		"deadfrond": [12,24]
	},
	"textures": {
	},
	"elements": [
		{
			"name": "Origin",
			"from": [ 8.0, 0.0, 8.0 ],
			"to": [ 8.0, 0.0, 8.0 ],
			"rotationOrigin": [ 8.0, 0.0, 8.0 ],
			"faces": {
			},
			"children": [
				{
					"name": "Frond base1",
					"from": [ -6.0, 0.0, 0.0 ],
					"to": [ 6.0, 8.0, 0.0 ],
					"shade": false,
					"renderPass": 1,
					"rotationOrigin": [ 0.0, 0.0, 0.0 ],
					"rotationX": 20.0,
					"faces": {
						"north": { "texture": "#frond", "uv": [ 0.0, 16.0, 12.0, 24.0 ], "windMode": [0,7,7,0] }
					},
					"children": [
						{
							"name": "Frond stem 1",
							"from": [ 0.0, 8.0, 0.0 ],
							"to": [ 12.0, 16.0, 0.0 ],
							"shade": false,
							"renderPass": 1,
							"rotationOrigin": [ 6.0, 8.0, 0.0 ],
							"rotationX": 10.0,
							"faces": {
								"north": { "texture": "#frond", "uv": [ 0.0, 16.0, 12.0, 24.0 ], "windMode": [7,7,7,7] }
							},
							"children": [
								{
									"name": "Leaf base 1",
									"from": [ 5.0, 8.0, 0.0 ],
									"to": [ 7.0, 16.0, 0.0 ],
									"shade": false,
									"renderPass": 1,
									"rotationOrigin": [ 6.0, 8.0, 0.0 ],
									"rotationX": 10.0,
									"faces": {
										"north": { "texture": "#frond", "uv": [ 5.0, 8.0, 7.0, 16.0 ], "windMode": [7,7,7,7], "windData": [0,1,1,0] }
									},
									"children": [
										{
											"name": "R Leaf1",
											"from": [ 2.0, 0.0, 0.0 ],
											"to": [ 7.0, 12.0, 0.0 ],
											"shade": false,
											"renderPass": 1,
											"rotationOrigin": [ 2.0, 0.0, 0.0 ],
											"rotationX": 0.0,
											"rotationY": 50.0,
											"faces": {
												"north": { "texture": "#frond", "uv": [ 0.0, 4.0, 5.0, 16.0 ], "windMode": [7,7,7,7], "windData": [0,1,1,1] }
											}
										},
										{
											"name": "L Leaf1",
											"from": [ -5.0, 0.0, 0.0 ],
											"to": [ 0.0, 12.0, 0.0 ],
											"shade": false,
											"renderPass": 1,
											"rotationOrigin": [ 0.0, 0.0, 0.0 ],
											"rotationX": 0.0,
											"rotationY": -50.0,
											"faces": {
												"north": { "texture": "#frond", "uv": [ 7.0, 4.0, 12.0, 16.0 ], "windMode": [7,7,7,7], "windData": [1,1,1,0] }
											}
										},
										{
											"name": "Leaf tip1",
											"from": [ 0.0, 8.0, 0.0 ],
											"to": [ 2.0, 16.0, 0.0 ],
											"shade": false,
											"renderPass": 1,
											"rotationOrigin": [ 1.0, 8.0, 0.0 ],
											"rotationX": 15.0,
											"faces": {
												"north": { "texture": "#frond", "uv": [ 5.0, 0.0, 7.0, 8.0 ], "windMode": [7,7,7,7], "windData": [1,1,1,1] }
											}
										}
									]
								}
							]
						}
					]
				},
				{
					"name": "Frond base2",
					"from": [ -5.0, 0.0, 0.0 ],
					"to": [ 7.0, 7.0, 0.0 ],
					"shade": false,
					"renderPass": 1,
					"rotationOrigin": [ 1.0, 0.0, 0.0 ],
					"rotationX": 56.4625,
					"rotationY": 53.1399,
					"rotationZ": -50.3607,
					"faces": {
						"north": { "texture": "#frond", "uv": [ 0.0, 16.0, 12.0, 23.0 ], "windMode": [0,7,7,0] }
					},
					"children": [
						{
							"name": "Frond stem 2",
							"from": [ 0.0, 7.0, 0.0 ],
							"to": [ 12.0, 15.0, 0.0 ],
							"shade": false,
							"renderPass": 1,
							"rotationOrigin": [ 6.0, 7.0, 0.0 ],
							"rotationX": 20.0,
							"faces": {
								"north": { "texture": "#frond", "uv": [ 0.0, 16.0, 12.0, 24.0 ], "windMode": [7,7,7,7] }
							},
							"children": [
								{
									"name": "Leaf base 2",
									"from": [ 5.0, 8.0, 0.0 ],
									"to": [ 7.0, 16.0, 0.0 ],
									"shade": false,
									"renderPass": 1,
									"rotationOrigin": [ 6.0, 8.0, 0.0 ],
									"rotationX": 10.0,
									"faces": {
										"north": { "texture": "#frond", "uv": [ 5.0, 8.0, 7.0, 16.0 ], "windMode": [7,7,7,7] }
									},
									"children": [
										{
											"name": "R Leaf2",
											"from": [ 2.0, 0.0, 0.0 ],
											"to": [ 7.0, 12.0, 0.0 ],
											"shade": false,
											"renderPass": 1,
											"rotationOrigin": [ 2.0, 0.0, 0.0 ],
											"rotationX": 0.0,
											"rotationY": 50.0,
											"faces": {
												"north": { "texture": "#frond", "uv": [ 0.0, 4.0, 5.0, 16.0 ], "windMode": [7,7,7,7], "windData": [0,1,1,0] }
											}
										},
										{
											"name": "L Leaf2",
											"from": [ -5.0, 0.0, 0.0 ],
											"to": [ 0.0, 12.0, 0.0 ],
											"shade": false,
											"renderPass": 1,
											"rotationOrigin": [ 0.0, 0.0, 0.0 ],
											"rotationX": 0.0,
											"rotationY": -50.0,
											"faces": {
												"north": { "texture": "#frond", "uv": [ 7.0, 4.0, 12.0, 16.0 ], "windMode": [7,7,7,7], "windData": [0,1,1,0] }
											}
										},
										{
											"name": "Leaf tip2",
											"from": [ 0.0, 8.0, 0.0 ],
											"to": [ 2.0, 16.0, 0.0 ],
											"shade": false,
											"renderPass": 1,
											"rotationOrigin": [ 1.0, 8.0, 0.0 ],
											"rotationX": 15.0,
											"faces": {
												"north": { "texture": "#frond", "uv": [ 5.0, 0.0, 7.0, 8.0 ], "windMode": [7,7,7,7], "windData": [0,1,1,0] }
											}
										}
									]
								}
							]
						}
					]
				},
				{
					"name": "Frond base3",
					"from": [ -7.0, 0.0, 0.0 ],
					"to": [ 5.0, 7.0, 0.0 ],
					"shade": false,
					"renderPass": 1,
					"rotationOrigin": [ -1.0, 0.0, 0.0 ],
					"rotationX": 37.8437,
					"rotationY": -35.4143,
					"rotationZ": 24.2374,
					"faces": {
						"north": { "texture": "#frond", "uv": [ 0.0, 16.0, 12.0, 23.0 ], "windMode": [0,7,7,0] }
					},
					"children": [
						{
							"name": "Frond stem 3",
							"from": [ 0.0, 7.0, 0.0 ],
							"to": [ 12.0, 15.0, 0.0 ],
							"shade": false,
							"renderPass": 1,
							"rotationOrigin": [ 6.0, 7.0, 0.0 ],
							"rotationX": 20.0,
							"faces": {
								"north": { "texture": "#frond", "uv": [ 0.0, 16.0, 12.0, 24.0 ], "windMode": [7,7,7,7] }
							},
							"children": [
								{
									"name": "Leaf base 3",
									"from": [ 5.0, 8.0, 0.0 ],
									"to": [ 7.0, 16.0, 0.0 ],
									"shade": false,
									"renderPass": 1,
									"rotationOrigin": [ 6.0, 8.0, 0.0 ],
									"rotationX": 10.0,
									"faces": {
										"north": { "texture": "#frond", "uv": [ 5.0, 8.0, 7.0, 16.0 ], "windMode": [7,7,7,7] }
									},
									"children": [
										{
											"name": "R Leaf3",
											"from": [ 2.0, 0.0, 0.0 ],
											"to": [ 7.0, 12.0, 0.0 ],
											"shade": false,
											"renderPass": 1,
											"rotationOrigin": [ 2.0, 0.0, 0.0 ],
											"rotationX": 0.0,
											"rotationY": 50.0,
											"faces": {
												"north": { "texture": "#frond", "uv": [ 0.0, 4.0, 5.0, 16.0 ], "windMode": [7,7,7,7], "windData": [0,1,1,0] }
											}
										},
										{
											"name": "L Leaf3",
											"from": [ -5.0, 0.0, 0.0 ],
											"to": [ 0.0, 12.0, 0.0 ],
											"shade": false,
											"renderPass": 1,
											"rotationOrigin": [ 0.0, 0.0, 0.0 ],
											"rotationX": 0.0,
											"rotationY": -50.0,
											"faces": {
												"north": { "texture": "#frond", "uv": [ 7.0, 4.0, 12.0, 16.0 ], "windMode": [7,7,7,7], "windData": [0,1,1,0] }
											}
										},
										{
											"name": "Leaf tip3",
											"from": [ 0.0, 8.0, 0.0 ],
											"to": [ 2.0, 16.0, 0.0 ],
											"shade": false,
											"renderPass": 1,
											"rotationOrigin": [ 1.0, 8.0, 0.0 ],
											"rotationX": 15.0,
											"faces": {
												"north": { "texture": "#frond", "uv": [ 5.0, 0.0, 7.0, 8.0 ], "windMode": [7,7,7,7], "windData": [0,1,1,0] }
											}
										}
									]
								}
							]
						}
					]
				},
				{
					"name": "Frond base4",
					"from": [ -6.0, 0.0, -1.0 ],
					"to": [ 6.0, 7.0, -1.0 ],
					"shade": false,
					"renderPass": 1,
					"rotationOrigin": [ 0.0, 0.0, -1.0 ],
					"rotationX": 149.5378,
					"rotationY": 9.5115,
					"rotationZ": -174.4488,
					"faces": {
						"north": { "texture": "#frond", "uv": [ 0.0, 16.0, 12.0, 23.0 ], "windMode": [0,7,7,0] }
					},
					"children": [
						{
							"name": "Frond stem 4",
							"from": [ 0.0, 7.0, 0.0 ],
							"to": [ 12.0, 15.0, 0.0 ],
							"shade": false,
							"renderPass": 1,
							"rotationOrigin": [ 6.0, 7.0, 0.0 ],
							"rotationX": 20.0,
							"faces": {
								"north": { "texture": "#frond", "uv": [ 0.0, 16.0, 12.0, 24.0 ], "windMode": [7,7,7,7] }
							},
							"children": [
								{
									"name": "Leaf base 4",
									"from": [ 5.0, 8.0, 0.0 ],
									"to": [ 7.0, 16.0, 0.0 ],
									"shade": false,
									"renderPass": 1,
									"rotationOrigin": [ 6.0, 8.0, 0.0 ],
									"rotationX": 10.0,
									"faces": {
										"north": { "texture": "#frond", "uv": [ 5.0, 8.0, 7.0, 16.0 ], "windMode": [7,7,7,7] }
									},
									"children": [
										{
											"name": "R Leaf4",
											"from": [ 2.0, 0.0, 0.0 ],
											"to": [ 7.0, 12.0, 0.0 ],
											"shade": false,
											"renderPass": 1,
											"rotationOrigin": [ 2.0, 0.0, 0.0 ],
											"rotationX": 0.0,
											"rotationY": 50.0,
											"faces": {
												"north": { "texture": "#frond", "uv": [ 0.0, 4.0, 5.0, 16.0 ], "windMode": [7,7,7,7], "windData": [0,1,1,0] }
											}
										},
										{
											"name": "L Leaf4",
											"from": [ -5.0, 0.0, 0.0 ],
											"to": [ 0.0, 12.0, 0.0 ],
											"shade": false,
											"renderPass": 1,
											"rotationOrigin": [ 0.0, 0.0, 0.0 ],
											"rotationX": 0.0,
											"rotationY": -50.0,
											"faces": {
												"north": { "texture": "#frond", "uv": [ 7.0, 4.0, 12.0, 16.0 ], "windMode": [7,7,7,7], "windData": [0,1,1,0] }
											}
										},
										{
											"name": "Leaf tip4",
											"from": [ 0.0, 8.0, 0.0 ],
											"to": [ 2.0, 16.0, 0.0 ],
											"shade": false,
											"renderPass": 1,
											"rotationOrigin": [ 1.0, 8.0, 0.0 ],
											"rotationX": 15.0,
											"faces": {
												"north": { "texture": "#frond", "uv": [ 5.0, 0.0, 7.0, 8.0 ], "windMode": [7,7,7,7], "windData": [0,1,1,0] }
											}
										}
									]
								}
							]
						}
					]
				},
				{
					"name": "Frond base5",
					"from": [ -6.0, 0.0, 0.0 ],
					"to": [ 6.0, 8.0, 0.0 ],
					"shade": false,
					"renderPass": 1,
					"rotationOrigin": [ 0.0, 0.0, 0.0 ],
					"rotationX": 143.1026,
					"rotationY": 55.2728,
					"rotationZ": -148.3245,
					"faces": {
						"north": { "texture": "#frond", "uv": [ 0.0, 16.0, 12.0, 24.0 ], "windMode": [0,7,7,0] }
					},
					"children": [
						{
							"name": "Frond stem 5",
							"from": [ 0.0, 8.0, 0.0 ],
							"to": [ 12.0, 16.0, 0.0 ],
							"shade": false,
							"renderPass": 1,
							"rotationOrigin": [ 6.0, 8.0, 0.0 ],
							"rotationX": 10.0,
							"faces": {
								"north": { "texture": "#frond", "uv": [ 0.0, 16.0, 12.0, 24.0 ], "windMode": [7,7,7,7] }
							},
							"children": [
								{
									"name": "Leaf base 5",
									"from": [ 5.0, 8.0, 0.0 ],
									"to": [ 7.0, 16.0, 0.0 ],
									"shade": false,
									"renderPass": 1,
									"rotationOrigin": [ 6.0, 8.0, 0.0 ],
									"rotationX": 10.0,
									"faces": {
										"north": { "texture": "#frond", "uv": [ 5.0, 8.0, 7.0, 16.0 ], "windMode": [7,7,7,7], "windData": [0,1,1,0] }
									},
									"children": [
										{
											"name": "R Leaf5",
											"from": [ 2.0, 0.0, 0.0 ],
											"to": [ 7.0, 12.0, 0.0 ],
											"shade": false,
											"renderPass": 1,
											"rotationOrigin": [ 2.0, 0.0, 0.0 ],
											"rotationX": 0.0,
											"rotationY": 50.0,
											"faces": {
												"north": { "texture": "#frond", "uv": [ 0.0, 4.0, 5.0, 16.0 ], "windMode": [7,7,7,7], "windData": [0,1,1,1] }
											}
										},
										{
											"name": "L Leaf5",
											"from": [ -5.0, 0.0, 0.0 ],
											"to": [ 0.0, 12.0, 0.0 ],
											"shade": false,
											"renderPass": 1,
											"rotationOrigin": [ 0.0, 0.0, 0.0 ],
											"rotationX": 0.0,
											"rotationY": -50.0,
											"faces": {
												"north": { "texture": "#frond", "uv": [ 7.0, 4.0, 12.0, 16.0 ], "windMode": [7,7,7,7], "windData": [1,1,1,0] }
											}
										},
										{
											"name": "Leaf tip5",
											"from": [ 0.0, 8.0, 0.0 ],
											"to": [ 2.0, 16.0, 0.0 ],
											"shade": false,
											"renderPass": 1,
											"rotationOrigin": [ 1.0, 8.0, 0.0 ],
											"rotationX": 15.0,
											"faces": {
												"north": { "texture": "#frond", "uv": [ 5.0, 0.0, 7.0, 8.0 ], "windMode": [7,7,7,7], "windData": [1,1,1,1] }
											}
										}
									]
								}
							]
						}
					]
				},
				{
					"name": "Frond base6",
					"from": [ -6.0, 0.0, 0.0 ],
					"to": [ 6.0, 8.0, 0.0 ],
					"shade": false,
					"renderPass": 1,
					"rotationOrigin": [ 0.0, 0.0, 0.0 ],
					"rotationX": 145.5171,
					"rotationY": -52.8355,
					"rotationZ": 151.3061,
					"faces": {
						"north": { "texture": "#frond", "uv": [ 0.0, 16.0, 12.0, 24.0 ], "windMode": [0,7,7,0] }
					},
					"children": [
						{
							"name": "Frond stem 6",
							"from": [ 0.0, 8.0, 0.0 ],
							"to": [ 12.0, 16.0, 0.0 ],
							"shade": false,
							"renderPass": 1,
							"rotationOrigin": [ 6.0, 8.0, 0.0 ],
							"rotationX": 10.0,
							"faces": {
								"north": { "texture": "#frond", "uv": [ 0.0, 16.0, 12.0, 24.0 ], "windMode": [7,7,7,7] }
							},
							"children": [
								{
									"name": "Leaf base 6",
									"from": [ 5.0, 8.0, 0.0 ],
									"to": [ 7.0, 16.0, 0.0 ],
									"shade": false,
									"renderPass": 1,
									"rotationOrigin": [ 6.0, 8.0, 0.0 ],
									"rotationX": 10.0,
									"faces": {
										"north": { "texture": "#frond", "uv": [ 5.0, 8.0, 7.0, 16.0 ], "windMode": [7,7,7,7], "windData": [0,1,1,0] }
									},
									"children": [
										{
											"name": "R Leaf6",
											"from": [ 2.0, 0.0, 0.0 ],
											"to": [ 7.0, 12.0, 0.0 ],
											"shade": false,
											"renderPass": 1,
											"rotationOrigin": [ 2.0, 0.0, 0.0 ],
											"rotationX": 0.0,
											"rotationY": 50.0,
											"faces": {
												"north": { "texture": "#frond", "uv": [ 0.0, 4.0, 5.0, 16.0 ], "windMode": [7,7,7,7], "windData": [0,1,1,1] }
											}
										},
										{
											"name": "L Leaf6",
											"from": [ -5.0, 0.0, 0.0 ],
											"to": [ 0.0, 12.0, 0.0 ],
											"shade": false,
											"renderPass": 1,
											"rotationOrigin": [ 0.0, 0.0, 0.0 ],
											"rotationX": 0.0,
											"rotationY": -50.0,
											"faces": {
												"north": { "texture": "#frond", "uv": [ 7.0, 4.0, 12.0, 16.0 ], "windMode": [7,7,7,7], "windData": [1,1,1,0] }
											}
										},
										{
											"name": "Leaf tip6",
											"from": [ 0.0, 8.0, 0.0 ],
											"to": [ 2.0, 16.0, 0.0 ],
											"shade": false,
											"renderPass": 1,
											"rotationOrigin": [ 1.0, 8.0, 0.0 ],
											"rotationX": 15.0,
											"faces": {
												"north": { "texture": "#frond", "uv": [ 5.0, 0.0, 7.0, 8.0 ], "windMode": [7,7,7,7], "windData": [1,1,1,1] }
											}
										}
									]
								}
							]
						}
					]
				},
				{
					"name": "Frond base7",
					"from": [ -6.0, 0.0, -1.0 ],
					"to": [ 6.0, 7.0, -1.0 ],
					"shade": false,
					"renderPass": 1,
					"rotationOrigin": [ 0.0, 0.0, -1.0 ],
					"rotationX": 118.3408,
					"rotationY": 29.4987,
					"rotationZ": -137.6059,
					"faces": {
						"north": { "texture": "#deadfrond", "uv": [ 0.0, 16.0, 12.0, 23.0 ], "windMode": [0,7,7,0] }
					},
					"children": [
						{
							"name": "Frond stem 7",
							"from": [ 0.0, 7.0, 0.0 ],
							"to": [ 12.0, 15.0, 0.0 ],
							"shade": false,
							"renderPass": 1,
							"rotationOrigin": [ 6.0, 7.0, 0.0 ],
							"rotationX": 20.0,
							"faces": {
								"north": { "texture": "#deadfrond", "uv": [ 0.0, 16.0, 12.0, 24.0 ], "windMode": [7,7,7,7] }
							},
							"children": [
								{
									"name": "Leaf base 7",
									"from": [ 5.0, 8.0, 0.0 ],
									"to": [ 7.0, 16.0, 0.0 ],
									"shade": false,
									"renderPass": 1,
									"rotationOrigin": [ 6.0, 8.0, 0.0 ],
									"rotationX": 10.0,
									"faces": {
										"north": { "texture": "#deadfrond", "uv": [ 5.0, 8.0, 7.0, 16.0 ], "windMode": [7,7,7,7] }
									},
									"children": [
										{
											"name": "R Leaf7",
											"from": [ 2.0, 0.0, 0.0 ],
											"to": [ 7.0, 12.0, 0.0 ],
											"shade": false,
											"renderPass": 1,
											"rotationOrigin": [ 2.0, 0.0, 0.0 ],
											"rotationX": 0.0,
											"rotationY": 50.0,
											"faces": {
												"north": { "texture": "#deadfrond", "uv": [ 0.0, 4.0, 5.0, 16.0 ], "windMode": [7,7,7,7] }
											}
										},
										{
											"name": "L Leaf7",
											"from": [ -5.0, 0.0, 0.0 ],
											"to": [ 0.0, 12.0, 0.0 ],
											"shade": false,
											"renderPass": 1,
											"rotationOrigin": [ 0.0, 0.0, 0.0 ],
											"rotationX": 0.0,
											"rotationY": -50.0,
											"faces": {
												"north": { "texture": "#deadfrond", "uv": [ 7.0, 4.0, 12.0, 16.0 ], "windMode": [7,7,7,7] }
											}
										},
										{
											"name": "Leaf tip7",
											"from": [ 0.0, 8.0, 0.0 ],
											"to": [ 2.0, 16.0, 0.0 ],
											"shade": false,
											"renderPass": 1,
											"rotationOrigin": [ 1.0, 8.0, 0.0 ],
											"rotationX": 15.0,
											"faces": {
												"north": { "texture": "#deadfrond", "uv": [ 5.0, 0.0, 7.0, 8.0 ], "windMode": [7,7,7,7] }
											}
										}
									]
								}
							]
						}
					]
				}
			]
		}
	]}