{
	"editor": {
		"allAngles": false,
		"entityTextureMode": false
	},
	"textureWidth": 16,
	"textureHeight": 16,
	"textureSizes": {
	},
	"textures": {
	},
	"elements": [
		{
			"name": "origin",
			"from": [ 8.0, 0.0, 7.0 ],
			"to": [ 8.0, 0.0, 7.0 ],
			"rotationOrigin": [ 8.0, 0.0, 7.0 ],
			"rotationY": -90.0,
			"faces": {
			},
			"children": [
				{
					"name": "Cube2",
					"from": [ 7.0, 0.0, -4.0 ],
					"to": [ 8.0, 7.0, 2.0 ],
					"rotationOrigin": [ 7.0, 0.0, -2.0 ],
					"faces": {
						"north": { "texture": "#seatcolor", "uv": [ 0.0, 0.0, 2.5, 2.5 ], "rotation": 90 },
						"east": { "texture": "#seatcolor", "uv": [ 0.0, 0.0, 2.5, 2.5 ], "rotation": 90 },
						"south": { "texture": "#seatcolor", "uv": [ 0.0, 0.0, 2.5, 2.5 ], "rotation": 90 },
						"west": { "texture": "#seatcolor", "uv": [ 0.0, 0.0, 2.5, 2.5 ], "rotation": 90 },
						"up": { "texture": "#seatcolor", "uv": [ 0.0, 0.0, 2.5, 2.5 ] },
						"down": { "texture": "#seatcolor", "uv": [ 0.0, 0.0, 2.5, 2.5 ] }
					}
				},
				{
					"name": "Cube1",
					"from": [ -7.0, 5.5, -4.0 ],
					"to": [ 7.0, 6.5, 2.0 ],
					"rotationOrigin": [ 1.0, 6.5, -2.0 ],
					"faces": {
						"north": { "texture": "#seatcolor", "uv": [ 0.0, 0.0, 2.5, 2.5 ] },
						"east": { "texture": "#seatcolor", "uv": [ 0.0, 0.0, 2.5, 2.5 ] },
						"south": { "texture": "#seatcolor", "uv": [ 0.0, 0.0, 2.5, 2.5 ] },
						"west": { "texture": "#seatcolor", "uv": [ 0.0, 0.0, 2.5, 2.5 ] },
						"up": { "texture": "#seatcolor", "uv": [ 0.0, 0.0, 2.5, 2.5 ] },
						"down": { "texture": "#seatcolor", "uv": [ 0.0, 0.0, 2.5, 2.5 ] }
					}
				},
				{
					"name": "Cube3",
					"from": [ -8.0, 0.0, -4.0 ],
					"to": [ -7.0, 7.0, 2.0 ],
					"rotationOrigin": [ -8.0, 0.0, -2.0 ],
					"faces": {
						"north": { "texture": "#seatcolor", "uv": [ 0.0, 0.0, 2.5, 2.5 ], "rotation": 90 },
						"east": { "texture": "#seatcolor", "uv": [ 0.0, 0.0, 2.5, 2.5 ], "rotation": 90 },
						"south": { "texture": "#seatcolor", "uv": [ 0.0, 0.0, 2.5, 2.5 ], "rotation": 90 },
						"west": { "texture": "#seatcolor", "uv": [ 0.0, 0.0, 2.5, 2.5 ], "rotation": 90 },
						"up": { "texture": "#seatcolor", "uv": [ 0.0, 0.0, 2.5, 2.5 ] },
						"down": { "texture": "#seatcolor", "uv": [ 0.0, 0.0, 2.5, 2.5 ] }
					}
				}
			]
		}
	]}