[
  {
    "op": "add",
    "path": "/attributesByType/*-rusty/bookshelveable",
    "value": true,
    "file": "game:itemtypes/resource/gear.json",
    "side": "Server"
  },
  {
    "op": "add",
    "path": "/attributesByType/*-temporal/bookshelveable",
    "value": true,
    "file": "game:itemtypes/resource/gear.json",
    "side": "Server"
  },
  {
    "op": "add",
    "path": "/attributesByType/*-temporal/displaycaseable",
    "value": true,
    "file": "game:itemtypes/resource/gear.json",
    "side": "Server"
  },
  {
    "op": "add",
    "path": "/attributesByType/*-temporal/shelvable",
    "value": true,
    "file": "game:itemtypes/resource/gear.json",
    "side": "Server"
  }
]