[
  {
    "op": "add",
    "path": "/attributes/bookshelveable",
    "value": true,
    "file": "game:itemtypes/resource/stonebrick.json",
    "side": "Server"
  },
  {
    "op": "add",
    "path": "/attributesByType/*/bookshelveable",
    "value": true,
    "file": "game:itemtypes/resource/stone.json",
    "side": "Server"
  },
  {
    "op": "add",
    "path": "/attributesByType/stone-andesite/bookshelveable",
    "value": true,
    "file": "game:itemtypes/resource/stone.json",
    "side": "Server"
  },
  {
    "op": "add",
    "path": "/attributesByType/stone-basalt/bookshelveable",
    "value": true,
    "file": "game:itemtypes/resource/stone.json",
    "side": "Server"
  },
  {
    "op": "add",
    "path": "/attributesByType/stone-chalk/bookshelveable",
    "value": true,
    "file": "game:itemtypes/resource/stone.json",
    "side": "Server"
  },
  {
    "op": "add",
    "path": "/attributesByType/stone-chert/bookshelveable",
    "value": true,
    "file": "game:itemtypes/resource/stone.json",
    "side": "Server"
  },
  {
    "op": "add",
    "path": "/attributesByType/stone-granite/bookshelveable",
    "value": true,
    "file": "game:itemtypes/resource/stone.json",
    "side": "Server"
  },
  {
    "op": "add",
    "path": "/attributesByType/stone-limestone/bookshelveable",
    "value": true,
    "file": "game:itemtypes/resource/stone.json",
    "side": "Server"
  },
  {
    "op": "add",
    "path": "/attributesByType/stone-obsidian/bookshelveable",
    "value": true,
    "file": "game:itemtypes/resource/stone.json",
    "side": "Server"
  },
  {
    "op": "add",
    "path": "/attributesByType/stone-peridotite/bookshelveable",
    "value": true,
    "file": "game:itemtypes/resource/stone.json",
    "side": "Server"
  }
]