[
  {
    "op": "add",
    "path": "/attributes/bookshelveable",
    "value": true,
    "file": "game:itemtypes/resource/catttailroot.json",
    "side": "Server"
  },
  {
    "op": "add",
    "path": "/attributes/displaycaseable",
    "value": true,
    "file": "game:itemtypes/resource/catttailroot.json",
    "side": "Server"
  },
  {
    "op": "add",
    "path": "/attributes/shelvable",
    "value": true,
    "file": "game:itemtypes/resource/catttailroot.json",
    "side": "Server"
  }
]