{
	"editor": {
		"backDropShape": "entity/humanoid/seraph",
		"collapsedPaths": "Root/hideme",
		"allAngles": false,
		"entityTextureMode": false
	},
	"textureWidth": 8,
	"textureHeight": 8,
	"textureSizes": {
		"gold": [8,8],
		"garnet": [4,4],
		"lapislazuli": [4,4],
		"aquamarine": [4,4]
	},
	"textures": {
	},
	"elements": [
		{
			"name": "hideme",
			"stepParentName": "UpperTorso",
			"from": [ 0.0, 2.25, 2.4 ],
			"to": [ 0.0, 2.25, 2.4 ],
			"rotationOrigin": [ 0.0, 2.25, 2.4 ],
			"faces": {
			},
			"children": [
				{
					"name": "body",
					"from": [ -0.225, -0.75, -0.3 ],
					"to": [ -0.075, 0.0, 0.3 ],
					"rotationOrigin": [ -0.075, 0.0, 0.0 ],
					"rotationZ": -3.0,
					"faces": {
						"north": { "texture": "#gold", "uv": [ 4.0, 4.0, 4.5, 5.0 ], "autoUv": false },
						"east": { "texture": "#gold", "uv": [ 5.5, 4.5, 6.0, 5.5 ], "autoUv": false },
						"south": { "texture": "#gold", "uv": [ 6.0, 0.0, 6.5, 1.0 ], "autoUv": false },
						"west": { "texture": "#gold", "uv": [ 0.0, 1.0, 0.5, 2.0 ], "autoUv": false },
						"up": { "texture": "#gold", "uv": [ 6.5, 6.0, 7.0, 6.5 ], "autoUv": false },
						"down": { "texture": "#gold", "uv": [ 0.0, 1.0, 0.5, 1.5 ], "autoUv": false }
					},
					"children": [
						{
							"name": "tail1",
							"from": [ 0.0375, -0.675, 0.15 ],
							"to": [ 0.1125, 0.075, 0.45 ],
							"rotationOrigin": [ 0.0375, 0.0, 0.3 ],
							"rotationX": 15.0,
							"rotationZ": -10.0,
							"faces": {
								"north": { "texture": "#gold", "uv": [ 5.5, 0.5, 6.0, 1.5 ], "autoUv": false },
								"east": { "texture": "#gold", "uv": [ 0.5, 6.0, 1.0, 7.0 ], "autoUv": false },
								"south": { "texture": "#gold", "uv": [ 6.5, 4.0, 7.0, 5.0 ], "autoUv": false },
								"west": { "texture": "#gold", "uv": [ 5.5, 2.5, 6.0, 3.5 ], "autoUv": false },
								"down": { "texture": "#gold", "uv": [ 1.0, 5.5, 1.5, 6.0 ], "autoUv": false }
							},
							"children": [
								{
									"name": "gemR3",
									"from": [ 0.0, 0.075, 0.0375 ],
									"to": [ 0.0, 0.6, 0.1875 ],
									"rotationOrigin": [ 0.0, 0.6, 0.1125 ],
									"rotationZ": -5.0,
									"faces": {
										"west": { "texture": "#lapislazuli", "uv": [ 2.0, 0.0, 2.5, 0.5 ], "autoUv": false }
									}
								}
							]
						},
						{
							"name": "tail3",
							"from": [ 0.0375, -0.75, 0.15 ],
							"to": [ 0.1125, 0.0, 0.45 ],
							"rotationOrigin": [ 0.0375, 0.0, 0.3 ],
							"rotationZ": -10.0,
							"faces": {
								"north": { "texture": "#gold", "uv": [ 2.0, 1.0, 2.5, 2.0 ], "autoUv": false },
								"east": { "texture": "#gold", "uv": [ 0.5, 1.5, 1.0, 2.5 ], "autoUv": false },
								"south": { "texture": "#gold", "uv": [ 3.5, 5.0, 4.0, 6.0 ], "autoUv": false },
								"west": { "texture": "#gold", "uv": [ 6.5, 2.5, 7.0, 3.5 ], "autoUv": false },
								"down": { "texture": "#gold", "uv": [ 7.0, 1.0, 7.5, 1.5 ], "autoUv": false }
							},
							"children": [
								{
									"name": "gem1",
									"from": [ -0.0375, 0.075, 0.075 ],
									"to": [ 0.0375, 0.225, 0.225 ],
									"rotationOrigin": [ 0.0, 0.15, 0.15 ],
									"rotationX": 45.0,
									"faces": {
										"north": { "texture": "#aquamarine", "uv": [ 0.5, 1.0, 1.0, 1.5 ], "autoUv": false },
										"south": { "texture": "#aquamarine", "uv": [ 2.0, 2.5, 2.5, 3.0 ], "autoUv": false },
										"west": { "texture": "#aquamarine", "uv": [ 0.0, 0.5, 0.5, 1.0 ], "autoUv": false },
										"up": { "texture": "#aquamarine", "uv": [ 0.5, 1.5, 1.0, 2.0 ], "autoUv": false },
										"down": { "texture": "#aquamarine", "uv": [ 0.0, 2.5, 0.5, 3.0 ], "autoUv": false }
									}
								}
							]
						},
						{
							"name": "thighR",
							"from": [ 0.0375, -0.075, 0.0 ],
							"to": [ 0.1875, 0.375, 0.3 ],
							"rotationOrigin": [ 0.0375, 0.375, 0.0 ],
							"rotationX": 20.0,
							"faces": {
								"north": { "texture": "#gold", "uv": [ 1.0, 3.5, 1.5, 4.0 ], "autoUv": false },
								"east": { "texture": "#gold", "uv": [ 4.5, 6.5, 5.0, 7.0 ], "autoUv": false },
								"south": { "texture": "#gold", "uv": [ 4.0, 3.0, 4.5, 3.5 ], "autoUv": false },
								"west": { "texture": "#gold", "uv": [ 6.5, 1.0, 7.0, 1.5 ], "autoUv": false },
								"down": { "texture": "#gold", "uv": [ 7.0, 2.0, 7.5, 2.5 ], "autoUv": false }
							},
							"children": [
								{
									"name": "legR",
									"from": [ 0.0375, -0.45, 0.0 ],
									"to": [ 0.1125, 0.0, 0.15 ],
									"rotationOrigin": [ 0.0375, 0.0, 0.15 ],
									"rotationX": 15.0,
									"faces": {
										"north": { "texture": "#gold", "uv": [ 0.5, 0.0, 1.0, 0.5 ], "autoUv": false },
										"east": { "texture": "#gold", "uv": [ 5.5, 5.5, 6.0, 6.0 ], "autoUv": false },
										"south": { "texture": "#gold", "uv": [ 7.0, 7.0, 7.5, 7.5 ], "autoUv": false },
										"west": { "texture": "#gold", "uv": [ 0.5, 2.0, 1.0, 2.5 ], "autoUv": false },
										"down": { "texture": "#gold", "uv": [ 6.0, 3.5, 6.5, 4.0 ], "autoUv": false }
									},
									"children": [
										{
											"name": "talonR1",
											"from": [ 0.0, -0.075, -0.225 ],
											"to": [ 0.075, 0.0, 0.075 ],
											"rotationOrigin": [ 0.0, 0.0, 0.0 ],
											"rotationX": -45.0,
											"rotationY": 5.0,
											"faces": {
												"north": { "texture": "#gold", "uv": [ 7.0, 4.5, 7.5, 5.0 ], "autoUv": false },
												"east": { "texture": "#gold", "uv": [ 5.5, 0.5, 6.0, 1.0 ], "autoUv": false },
												"west": { "texture": "#gold", "uv": [ 2.0, 4.0, 2.5, 4.5 ], "autoUv": false },
												"up": { "texture": "#gold", "uv": [ 7.0, 5.5, 7.5, 6.0 ], "autoUv": false },
												"down": { "texture": "#gold", "uv": [ 4.0, 3.0, 4.5, 3.5 ], "autoUv": false }
											}
										},
										{
											"name": "talonR2",
											"from": [ 0.0, -0.15, 0.075 ],
											"to": [ 0.075, 0.0, 0.15 ],
											"rotationOrigin": [ 0.0, 0.0, 0.075 ],
											"rotationX": -25.0,
											"rotationZ": -5.0,
											"faces": {
												"north": { "texture": "#gold", "uv": [ 0.0, 0.5, 0.5, 1.0 ], "autoUv": false },
												"east": { "texture": "#gold", "uv": [ 3.0, 1.0, 3.5, 1.5 ], "autoUv": false },
												"south": { "texture": "#gold", "uv": [ 5.0, 4.0, 5.5, 4.5 ], "autoUv": false },
												"west": { "texture": "#gold", "uv": [ 2.5, 7.0, 3.0, 7.5 ], "autoUv": false },
												"down": { "texture": "#gold", "uv": [ 6.0, 5.5, 6.5, 6.0 ], "autoUv": false }
											}
										},
										{
											"name": "gemR1",
											"from": [ -0.075, -0.225, 0.0 ],
											"to": [ 0.075, -0.075, 0.15 ],
											"rotationOrigin": [ 0.0, -0.15, 0.075 ],
											"faces": {
												"north": { "texture": "#garnet", "uv": [ 1.5, 0.0, 2.0, 0.5 ], "autoUv": false },
												"east": { "texture": "#garnet", "uv": [ 1.5, 2.0, 2.0, 2.5 ], "autoUv": false },
												"south": { "texture": "#garnet", "uv": [ 1.0, 2.5, 1.5, 3.0 ], "autoUv": false },
												"west": { "texture": "#garnet", "uv": [ 2.0, 0.0, 2.5, 0.5 ], "autoUv": false },
												"up": { "texture": "#garnet", "uv": [ 1.5, 2.0, 2.0, 2.5 ], "autoUv": false },
												"down": { "texture": "#garnet", "uv": [ 0.0, 3.0, 0.5, 3.5 ], "autoUv": false }
											}
										}
									]
								}
							]
						},
						{
							"name": "tail2",
							"from": [ 0.0375, -0.675, 0.15 ],
							"to": [ 0.1125, 0.075, 0.45 ],
							"rotationOrigin": [ 0.0375, 0.0, 0.3 ],
							"rotationX": -15.0,
							"rotationZ": -10.0,
							"faces": {
								"north": { "texture": "#gold", "uv": [ 3.5, 0.0, 4.0, 1.0 ], "autoUv": false },
								"east": { "texture": "#gold", "uv": [ 3.5, 3.5, 4.0, 4.5 ], "autoUv": false },
								"south": { "texture": "#gold", "uv": [ 1.5, 5.5, 2.0, 6.5 ], "autoUv": false },
								"west": { "texture": "#gold", "uv": [ 4.5, 0.0, 5.0, 1.0 ], "autoUv": false },
								"down": { "texture": "#gold", "uv": [ 2.5, 3.0, 3.0, 3.5 ], "autoUv": false }
							},
							"children": [
								{
									"name": "gemL3",
									"from": [ 0.0, 0.075, 0.1125 ],
									"to": [ 0.0, 0.6, 0.2625 ],
									"rotationOrigin": [ 0.0, 0.6, 0.1875 ],
									"rotationZ": -5.0,
									"faces": {
										"west": { "texture": "#lapislazuli", "uv": [ 0.5, 1.0, 1.0, 1.5 ], "autoUv": false }
									}
								}
							]
						},
						{
							"name": "thighL",
							"from": [ 0.0375, -0.075, 0.3 ],
							"to": [ 0.1875, 0.375, 0.6 ],
							"rotationOrigin": [ 0.0375, 0.375, 0.6 ],
							"rotationX": -20.0,
							"faces": {
								"north": { "texture": "#gold", "uv": [ 5.0, 3.5, 5.5, 4.0 ], "autoUv": false },
								"east": { "texture": "#gold", "uv": [ 1.5, 4.0, 2.0, 4.5 ], "autoUv": false },
								"south": { "texture": "#gold", "uv": [ 4.0, 6.5, 4.5, 7.0 ], "autoUv": false },
								"west": { "texture": "#gold", "uv": [ 7.0, 4.5, 7.5, 5.0 ], "autoUv": false },
								"down": { "texture": "#gold", "uv": [ 0.5, 5.0, 1.0, 5.5 ], "autoUv": false }
							},
							"children": [
								{
									"name": "legR2",
									"from": [ 0.0375, -0.45, 0.15 ],
									"to": [ 0.1125, 0.0, 0.3 ],
									"rotationOrigin": [ 0.0375, 0.0, 0.15 ],
									"rotationX": -15.0,
									"faces": {
										"north": { "texture": "#gold", "uv": [ 1.0, 3.0, 1.5, 3.5 ], "autoUv": false },
										"east": { "texture": "#gold", "uv": [ 6.5, 2.5, 7.0, 3.0 ], "autoUv": false },
										"south": { "texture": "#gold", "uv": [ 2.0, 4.5, 2.5, 5.0 ], "autoUv": false },
										"west": { "texture": "#gold", "uv": [ 3.5, 1.5, 4.0, 2.0 ], "autoUv": false },
										"down": { "texture": "#gold", "uv": [ 0.0, 7.0, 0.5, 7.5 ], "autoUv": false }
									},
									"children": [
										{
											"name": "talonR3",
											"from": [ 0.0, -0.075, 0.075 ],
											"to": [ 0.075, 0.0, 0.375 ],
											"rotationOrigin": [ 0.0, 0.0, 0.15 ],
											"rotationX": 45.0,
											"rotationY": -5.0,
											"faces": {
												"east": { "texture": "#gold", "uv": [ 3.0, 4.5, 3.5, 5.0 ], "autoUv": false },
												"south": { "texture": "#gold", "uv": [ 5.5, 3.0, 6.0, 3.5 ], "autoUv": false, "windMode": [-1,-1,-1,-1], "windData": [1,1,1,1] },
												"west": { "texture": "#gold", "uv": [ 6.5, 4.5, 7.0, 5.0 ], "autoUv": false },
												"up": { "texture": "#gold", "uv": [ 3.0, 7.0, 3.5, 7.5 ], "autoUv": false },
												"down": { "texture": "#gold", "uv": [ 0.5, 1.0, 1.0, 1.5 ], "autoUv": false }
											}
										},
										{
											"name": "talonR4",
											"from": [ 0.0, -0.15, 0.0 ],
											"to": [ 0.075, 0.0, 0.075 ],
											"rotationOrigin": [ 0.0, 0.0, 0.075 ],
											"rotationX": 25.0,
											"rotationZ": -5.0,
											"faces": {
												"north": { "texture": "#gold", "uv": [ 7.0, 5.0, 7.5, 5.5 ], "autoUv": false },
												"east": { "texture": "#gold", "uv": [ 0.0, 2.0, 0.5, 2.5 ], "autoUv": false },
												"south": { "texture": "#gold", "uv": [ 1.5, 2.0, 2.0, 2.5 ], "autoUv": false },
												"west": { "texture": "#gold", "uv": [ 4.0, 1.0, 4.5, 1.5 ], "autoUv": false },
												"down": { "texture": "#gold", "uv": [ 2.5, 0.0, 3.0, 0.5 ], "autoUv": false }
											}
										},
										{
											"name": "gemL1",
											"from": [ -0.075, -0.225, 0.0 ],
											"to": [ 0.075, -0.075, 0.15 ],
											"rotationOrigin": [ 0.0, -0.15, 0.075 ],
											"faces": {
												"north": { "texture": "#garnet", "uv": [ 1.0, 0.5, 1.5, 1.0 ], "autoUv": false },
												"east": { "texture": "#garnet", "uv": [ 1.5, 0.5, 2.0, 1.0 ], "autoUv": false },
												"south": { "texture": "#garnet", "uv": [ 2.0, 0.0, 2.5, 0.5 ], "autoUv": false },
												"west": { "texture": "#garnet", "uv": [ 3.0, 0.0, 3.5, 0.5 ], "autoUv": false },
												"up": { "texture": "#garnet", "uv": [ 1.5, 0.5, 2.0, 1.0 ], "autoUv": false },
												"down": { "texture": "#garnet", "uv": [ 1.0, 2.5, 1.5, 3.0 ], "autoUv": false }
											}
										}
									]
								}
							]
						},
						{
							"name": "wingR1",
							"from": [ 0.0375, 0.15, -0.75 ],
							"to": [ 0.15, 0.75, 0.0 ],
							"rotationOrigin": [ 0.0375, 0.15, 0.0 ],
							"rotationX": 30.0,
							"rotationY": 5.0,
							"faces": {
								"north": { "texture": "#gold", "uv": [ 2.5, 3.5, 3.0, 4.0 ], "autoUv": false },
								"east": { "texture": "#gold", "uv": [ 4.5, 5.0, 5.5, 5.5 ], "autoUv": false },
								"west": { "texture": "#gold", "uv": [ 2.5, 3.0, 3.5, 3.5 ], "autoUv": false },
								"up": { "texture": "#gold", "uv": [ 5.5, 6.5, 6.0, 7.5 ], "autoUv": false },
								"down": { "texture": "#gold", "uv": [ 1.0, 6.0, 1.5, 7.0 ], "autoUv": false }
							},
							"children": [
								{
									"name": "wingR2",
									"from": [ 0.0, 0.0, -0.45 ],
									"to": [ 0.075, 0.6, 0.0 ],
									"rotationOrigin": [ 0.0, 0.0, 0.0 ],
									"rotationX": 20.0,
									"rotationY": 5.0,
									"faces": {
										"north": { "texture": "#gold", "uv": [ 1.5, 1.5, 2.0, 2.0 ], "autoUv": false },
										"east": { "texture": "#gold", "uv": [ 2.0, 0.5, 2.5, 1.0 ], "autoUv": false },
										"south": { "texture": "#gold", "uv": [ 3.0, 5.0, 3.5, 5.5 ], "autoUv": false },
										"west": { "texture": "#gold", "uv": [ 0.0, 1.5, 0.5, 2.0 ], "autoUv": false },
										"up": { "texture": "#gold", "uv": [ 6.5, 5.0, 7.0, 5.5 ], "autoUv": false },
										"down": { "texture": "#gold", "uv": [ 6.5, 1.5, 7.0, 2.0 ], "autoUv": false }
									},
									"children": [
										{
											"name": "wingR3",
											"from": [ 0.0, 0.0, 0.0 ],
											"to": [ 0.075, 0.75, 0.45 ],
											"rotationOrigin": [ 0.0, 0.0, 0.0 ],
											"rotationX": -45.0,
											"rotationZ": 5.0,
											"faces": {
												"north": { "texture": "#gold", "uv": [ 4.5, 6.0, 5.0, 7.0 ], "autoUv": false },
												"east": { "texture": "#gold", "uv": [ 0.5, 5.0, 1.0, 6.0 ], "autoUv": false },
												"south": { "texture": "#gold", "uv": [ 7.0, 4.0, 7.5, 5.0 ], "autoUv": false },
												"west": { "texture": "#gold", "uv": [ 7.0, 0.0, 7.5, 1.0 ], "autoUv": false },
												"up": { "texture": "#gold", "uv": [ 4.0, 6.0, 4.5, 6.5 ], "autoUv": false }
											},
											"children": [
												{
													"name": "gemR6",
													"from": [ 0.0, 0.225, 0.0375 ],
													"to": [ 0.0, 0.375, 0.4125 ],
													"rotationOrigin": [ 0.0, 0.3, 0.4125 ],
													"rotationY": 5.0,
													"faces": {
														"west": { "texture": "#aquamarine", "uv": [ 2.5, 2.5, 3.0, 3.0 ], "autoUv": false }
													}
												},
												{
													"name": "gemR7",
													"from": [ 0.0, 0.45, 0.0375 ],
													"to": [ 0.0, 0.6, 0.4125 ],
													"rotationOrigin": [ 0.0, 0.525, 0.4125 ],
													"rotationY": 5.0,
													"faces": {
														"west": { "texture": "#aquamarine", "uv": [ 0.5, 0.0, 1.0, 0.5 ], "autoUv": false }
													}
												},
												{
													"name": "wingR4",
													"from": [ 0.0, 0.75, 0.0 ],
													"to": [ 0.075, 1.05, 0.3 ],
													"rotationOrigin": [ 0.0, 0.75, 0.0 ],
													"rotationX": 45.0,
													"rotationZ": 5.0,
													"faces": {
														"north": { "texture": "#gold", "uv": [ 3.0, 2.0, 3.5, 2.5 ], "autoUv": false },
														"east": { "texture": "#gold", "uv": [ 0.5, 3.5, 1.0, 4.0 ], "autoUv": false },
														"west": { "texture": "#gold", "uv": [ 3.0, 2.5, 3.5, 3.0 ], "autoUv": false },
														"up": { "texture": "#gold", "uv": [ 4.0, 6.0, 4.5, 6.5 ], "autoUv": false }
													}
												}
											]
										},
										{
											"name": "gemR8",
											"from": [ 0.0, 0.075, 0.075 ],
											"to": [ 0.0, 0.45, 0.225 ],
											"rotationOrigin": [ 0.0, 0.45, 0.15 ],
											"rotationZ": -10.0,
											"faces": {
												"west": { "texture": "#aquamarine", "uv": [ 3.0, 0.5, 3.5, 1.0 ], "autoUv": false }
											}
										}
									]
								},
								{
									"name": "featherR1",
									"from": [ -0.03, 0.5625, -0.075 ],
									"to": [ -0.03, 0.6375, 0.675 ],
									"rotationOrigin": [ 0.0, 0.5625, 0.0 ],
									"faces": {
										"west": { "texture": "#lapislazuli", "uv": [ 0.0, 1.5, 1.0, 2.0 ], "autoUv": false }
									}
								},
								{
									"name": "gemR2",
									"from": [ 0.0, 0.075, 0.375 ],
									"to": [ 0.0, 0.525, 0.525 ],
									"rotationOrigin": [ 0.0, 0.525, 0.45 ],
									"rotationZ": -5.0,
									"faces": {
										"west": { "texture": "#aquamarine", "uv": [ 2.0, 0.0, 2.5, 0.5 ], "autoUv": false }
									}
								},
								{
									"name": "gemR4",
									"from": [ 0.0, 0.075, 0.15 ],
									"to": [ 0.0, 0.525, 0.3 ],
									"rotationOrigin": [ 0.0, 0.525, 0.225 ],
									"rotationZ": -5.0,
									"faces": {
										"west": { "texture": "#aquamarine", "uv": [ 0.5, 1.5, 1.0, 2.0 ], "autoUv": false }
									}
								},
								{
									"name": "gemR5",
									"from": [ 0.0, 0.075, -0.075 ],
									"to": [ 0.0, 0.525, 0.075 ],
									"rotationOrigin": [ 0.0, 0.525, 0.0 ],
									"rotationZ": -10.0,
									"faces": {
										"west": { "texture": "#aquamarine", "uv": [ 3.0, 2.0, 3.5, 2.5 ], "autoUv": false }
									}
								}
							]
						},
						{
							"name": "wingL1",
							"from": [ 0.0375, 0.15, 0.6 ],
							"to": [ 0.15, 0.75, 1.35 ],
							"rotationOrigin": [ 0.0375, 0.15, 0.6 ],
							"rotationX": -30.0,
							"rotationY": -5.0,
							"faces": {
								"north": { "texture": "#gold", "uv": [ 5.0, 5.5, 5.5, 6.0 ], "autoUv": false },
								"east": { "texture": "#gold", "uv": [ 6.0, 6.0, 7.0, 6.5 ], "autoUv": false },
								"west": { "texture": "#gold", "uv": [ 6.5, 6.5, 7.5, 7.0 ], "autoUv": false },
								"up": { "texture": "#gold", "uv": [ 1.0, 2.5, 1.5, 3.5 ], "autoUv": false },
								"down": { "texture": "#gold", "uv": [ 0.5, 0.5, 1.0, 1.5 ], "autoUv": false }
							},
							"children": [
								{
									"name": "wingL2",
									"from": [ 0.0, 0.0, 0.75 ],
									"to": [ 0.075, 0.6, 1.2 ],
									"rotationOrigin": [ 0.0, 0.0, 0.75 ],
									"rotationX": -20.0,
									"rotationY": -5.0,
									"faces": {
										"north": { "texture": "#gold", "uv": [ 0.5, 7.0, 1.0, 7.5 ], "autoUv": false },
										"east": { "texture": "#gold", "uv": [ 6.5, 4.5, 7.0, 5.0 ], "autoUv": false },
										"south": { "texture": "#gold", "uv": [ 2.0, 3.5, 2.5, 4.0 ], "autoUv": false },
										"west": { "texture": "#gold", "uv": [ 3.5, 4.0, 4.0, 4.5 ], "autoUv": false },
										"up": { "texture": "#gold", "uv": [ 5.0, 2.5, 5.5, 3.0 ], "autoUv": false },
										"down": { "texture": "#gold", "uv": [ 6.0, 1.0, 6.5, 1.5 ], "autoUv": false }
									},
									"children": [
										{
											"name": "wingL3",
											"from": [ 0.0, 0.0, 0.0 ],
											"to": [ 0.075, 0.75, 0.45 ],
											"rotationOrigin": [ 0.0, 0.0, 0.45 ],
											"rotationX": 45.0,
											"rotationZ": 5.0,
											"faces": {
												"north": { "texture": "#gold", "uv": [ 6.5, 6.5, 7.0, 7.5 ], "autoUv": false },
												"east": { "texture": "#gold", "uv": [ 6.5, 1.0, 7.0, 2.0 ], "autoUv": false },
												"south": { "texture": "#gold", "uv": [ 3.0, 0.0, 3.5, 1.0 ], "autoUv": false },
												"west": { "texture": "#gold", "uv": [ 5.0, 1.5, 5.5, 2.5 ], "autoUv": false },
												"up": { "texture": "#gold", "uv": [ 6.0, 6.5, 6.5, 7.0 ], "autoUv": false }
											},
											"children": [
												{
													"name": "gemL6",
													"from": [ 0.0, 0.225, 0.0375 ],
													"to": [ 0.0, 0.375, 0.4125 ],
													"rotationOrigin": [ 0.0, 0.3, 0.0375 ],
													"rotationY": -5.0,
													"faces": {
														"west": { "texture": "#aquamarine", "uv": [ 2.0, 1.0, 2.5, 1.5 ], "autoUv": false }
													}
												},
												{
													"name": "gemL7",
													"from": [ 0.0, 0.45, 0.0375 ],
													"to": [ 0.0, 0.6, 0.4125 ],
													"rotationOrigin": [ 0.0, 0.525, 0.0375 ],
													"rotationY": -5.0,
													"faces": {
														"west": { "texture": "#aquamarine", "uv": [ 2.0, 2.0, 2.5, 2.5 ], "autoUv": false }
													}
												},
												{
													"name": "wingL4",
													"from": [ 0.0, 0.75, 0.15 ],
													"to": [ 0.075, 1.05, 0.45 ],
													"rotationOrigin": [ 0.0, 0.75, 0.45 ],
													"rotationX": -45.0,
													"rotationZ": 5.0,
													"faces": {
														"east": { "texture": "#gold", "uv": [ 2.0, 0.5, 2.5, 1.0 ], "autoUv": false },
														"south": { "texture": "#gold", "uv": [ 3.5, 2.5, 4.0, 3.0 ], "autoUv": false, "windMode": [-1,-1,-1,-1], "windData": [1,1,1,1] },
														"west": { "texture": "#gold", "uv": [ 4.5, 0.0, 5.0, 0.5 ], "autoUv": false },
														"up": { "texture": "#gold", "uv": [ 3.0, 3.5, 3.5, 4.0 ], "autoUv": false }
													}
												}
											]
										},
										{
											"name": "gemL8",
											"from": [ 0.0, 0.075, 0.225 ],
											"to": [ 0.0, 0.45, 0.375 ],
											"rotationOrigin": [ 0.0, 0.45, 0.3 ],
											"rotationZ": -10.0,
											"faces": {
												"west": { "texture": "#aquamarine", "uv": [ 0.0, 2.5, 0.5, 3.0 ], "autoUv": false }
											}
										}
									]
								},
								{
									"name": "featherL",
									"from": [ -0.03, 0.5625, 0.075 ],
									"to": [ -0.03, 0.6375, 0.825 ],
									"rotationOrigin": [ 0.0, 0.5625, 0.75 ],
									"faces": {
										"west": { "texture": "#lapislazuli", "uv": [ 2.5, 3.0, 3.5, 3.5 ], "autoUv": false }
									}
								},
								{
									"name": "gemL5",
									"from": [ 0.0, 0.075, 0.675 ],
									"to": [ 0.0, 0.525, 0.825 ],
									"rotationOrigin": [ 0.0, 0.525, 0.75 ],
									"rotationZ": -10.0,
									"faces": {
										"west": { "texture": "#aquamarine", "uv": [ 2.0, 0.5, 2.5, 1.0 ], "autoUv": false }
									}
								},
								{
									"name": "gemL4",
									"from": [ 0.0, 0.075, 0.45 ],
									"to": [ 0.0, 0.525, 0.6 ],
									"rotationOrigin": [ 0.0, 0.525, 0.525 ],
									"rotationZ": -5.0,
									"faces": {
										"west": { "texture": "#aquamarine", "uv": [ 0.5, 1.0, 1.0, 1.5 ], "autoUv": false }
									}
								},
								{
									"name": "gemL2",
									"from": [ 0.0, 0.075, 0.225 ],
									"to": [ 0.0, 0.525, 0.375 ],
									"rotationOrigin": [ 0.0, 0.525, 0.3 ],
									"rotationZ": -5.0,
									"faces": {
										"west": { "texture": "#aquamarine", "uv": [ 1.5, 1.0, 2.0, 1.5 ], "autoUv": false }
									}
								}
							]
						},
						{
							"name": "neck",
							"from": [ 0.0, 0.675, 0.15 ],
							"to": [ 0.15, 1.125, 0.45 ],
							"rotationOrigin": [ 0.0, 0.75, 0.3 ],
							"rotationZ": 5.0,
							"faces": {
								"north": { "texture": "#gold", "uv": [ 1.5, 1.0, 2.0, 1.5 ], "autoUv": false },
								"east": { "texture": "#gold", "uv": [ 1.5, 6.5, 2.0, 7.0 ], "autoUv": false },
								"south": { "texture": "#gold", "uv": [ 3.5, 3.5, 4.0, 4.0 ], "autoUv": false },
								"west": { "texture": "#gold", "uv": [ 3.0, 4.0, 3.5, 4.5 ], "autoUv": false }
							},
							"children": [
								{
									"name": "gem-socket",
									"from": [ -0.0375, 0.525, -0.075 ],
									"to": [ 0.1125, 0.975, 0.375 ],
									"rotationOrigin": [ 0.0, 0.75, 0.15 ],
									"rotationX": -45.0,
									"faces": {
										"north": { "texture": "#gold", "uv": [ 5.5, 7.0, 6.0, 7.5 ], "autoUv": false },
										"east": { "texture": "#gold", "uv": [ 4.5, 6.5, 5.0, 7.0 ], "autoUv": false },
										"south": { "texture": "#gold", "uv": [ 1.5, 4.0, 2.0, 4.5 ], "autoUv": false },
										"west": { "texture": "#gold", "uv": [ 0.0, 3.5, 0.5, 4.0 ], "autoUv": false },
										"up": { "texture": "#gold", "uv": [ 5.0, 6.0, 5.5, 6.5 ], "autoUv": false },
										"down": { "texture": "#gold", "uv": [ 4.5, 2.5, 5.0, 3.0 ], "autoUv": false }
									},
									"children": [
										{
											"name": "gem2",
											"from": [ -0.0075, 0.075, 0.075 ],
											"to": [ -0.0075, 0.375, 0.375 ],
											"rotationOrigin": [ 0.0, 0.225, 0.225 ],
											"rotationX": -45.0,
											"faces": {
												"west": { "texture": "#garnet", "uv": [ 0.0, 2.5, 0.5, 3.0 ], "autoUv": false }
											}
										}
									]
								},
								{
									"name": "head",
									"from": [ 0.0, 0.3, -0.1125 ],
									"to": [ 0.15, 0.6, 0.3375 ],
									"rotationOrigin": [ 0.0, 0.375, 0.15 ],
									"rotationX": -15.0,
									"rotationZ": 5.0,
									"faces": {
										"north": { "texture": "#gold", "uv": [ 7.0, 5.0, 7.5, 5.5 ], "autoUv": false },
										"east": { "texture": "#gold", "uv": [ 4.0, 7.0, 4.5, 7.5 ], "autoUv": false },
										"south": { "texture": "#gold", "uv": [ 7.0, 6.0, 7.5, 6.5 ], "autoUv": false },
										"west": { "texture": "#gold", "uv": [ 5.0, 0.0, 5.5, 0.5 ], "autoUv": false },
										"up": { "texture": "#gold", "uv": [ 5.5, 1.5, 6.0, 2.0 ], "autoUv": false },
										"down": { "texture": "#gold", "uv": [ 2.5, 2.0, 3.0, 2.5 ], "autoUv": false }
									},
									"children": [
										{
											"name": "beak",
											"from": [ 0.0375, 0.15, -0.15 ],
											"to": [ 0.1125, 0.3, 0.0 ],
											"rotationOrigin": [ 0.075, 0.3, 0.0 ],
											"rotationX": -45.0,
											"faces": {
												"north": { "texture": "#lapislazuli", "uv": [ 2.0, 1.5, 2.5, 2.0 ], "autoUv": false },
												"east": { "texture": "#lapislazuli", "uv": [ 2.0, 2.5, 2.5, 3.0 ], "autoUv": false },
												"west": { "texture": "#lapislazuli", "uv": [ 1.0, 0.5, 1.5, 1.0 ], "autoUv": false },
												"up": { "texture": "#lapislazuli", "uv": [ 1.0, 2.5, 1.5, 3.0 ], "autoUv": false },
												"down": { "texture": "#lapislazuli", "uv": [ 2.5, 1.5, 3.0, 2.0 ], "autoUv": false }
											}
										},
										{
											"name": "eye",
											"from": [ -0.0075, 0.1875, 0.1125 ],
											"to": [ -0.0075, 0.2625, 0.1875 ],
											"rotationOrigin": [ 0.0, 0.225, 0.15 ],
											"faces": {
												"west": { "texture": "#lapislazuli", "uv": [ 2.0, 2.0, 2.5, 2.5 ], "autoUv": false }
											}
										}
									]
								}
							]
						},
						{
							"name": "gem3",
							"from": [ 0.0, 0.0, 0.225 ],
							"to": [ 0.0, 0.675, 0.375 ],
							"rotationOrigin": [ 0.0, 0.675, 0.3 ],
							"rotationZ": -5.0,
							"faces": {
								"west": { "texture": "#malachite", "uv": [ 2.0, 2.0, 2.5, 2.5 ], "autoUv": false }
							}
						},
						{
							"name": "gem4",
							"from": [ 0.0, 0.0, 0.075 ],
							"to": [ 0.0, 0.675, 0.225 ],
							"rotationOrigin": [ 0.0, 0.675, 0.15 ],
							"rotationX": 10.0,
							"rotationZ": -5.0,
							"faces": {
								"west": { "texture": "#malachite", "uv": [ 1.0, 1.0, 2.0, 2.0 ], "autoUv": false }
							}
						},
						{
							"name": "gem5",
							"from": [ 0.0, 0.0, 0.375 ],
							"to": [ 0.0, 0.675, 0.525 ],
							"rotationOrigin": [ 0.0, 0.675, 0.45 ],
							"rotationX": -10.0,
							"rotationZ": -5.0,
							"faces": {
								"west": { "texture": "#malachite", "uv": [ 2.5, 1.5, 3.0, 2.0 ], "autoUv": false }
							}
						}
					]
				}
			]
		}
	]}