{
	"editor": {
		"backDropShape": "entity/humanoid/seraph",
		"collapsedPaths": "Root/bandN/toothR1,Root/bandN/toothL1",
		"allAngles": true,
		"entityTextureMode": true
	},
	"textureWidth": 16,
	"textureHeight": 16,
	"textureSizes": {
		"pendants2": [16,16]
	},
	"textures": {
	},
	"elements": [
		{
			"name": "origin",
			"stepParentName": "UpperTorso",
			"from": [ 1.65, 3.45, 2.175 ],
			"to": [ 1.65, 3.45, 2.175 ],
			"uv": [ 999.0, 999.0 ],
			"rotationOrigin": [ 1.65, 3.45, 2.175 ],
			"faces": {
			},
			"children": [
				{
					"name": "pendant",
					"from": [ -1.95, -2.025, -1.575 ],
					"to": [ -1.575, -0.825, -0.45 ],
					"unwrapMode": 4,
					"uv": [ 0.0, 1.5 ],
					"rotationOrigin": [ -1.95, -2.025, -1.575 ],
					"rotationZ": 1.0,
					"faces": {
						"north": { "texture": "#silver1", "uv": [ 0.0, 2.0, 0.5, 3.5 ], "autoUv": false },
						"east": { "texture": "#silver1", "uv": [ 2.5, 2.0, 4.0, 3.5 ], "autoUv": false },
						"south": { "texture": "#silver1", "uv": [ 2.0, 2.0, 2.5, 3.5 ], "autoUv": false },
						"west": { "texture": "#silver1", "uv": [ 0.5, 2.0, 2.0, 3.5 ], "autoUv": false },
						"up": { "texture": "#silver1", "uv": [ 0.5, 1.5, 2.0, 2.0 ], "rotation": 90, "autoUv": false },
						"down": { "texture": "#silver1", "uv": [ 0.5, 3.5, 2.0, 4.0 ], "rotation": 90, "autoUv": false }
					},
					"children": [
						{
							"name": "ray1",
							"from": [ 0.0375, 0.4125, -0.5625 ],
							"to": [ 0.3375, 0.7125, 1.6875 ],
							"unwrapMode": 4,
							"uv": [ 8.5, 0.5 ],
							"rotationOrigin": [ 0.0375, 0.5625, 0.5625 ],
							"faces": {
								"north": { "texture": "#silver1", "uv": [ 8.5, 1.0, 9.0, 1.5 ], "autoUv": false },
								"east": { "texture": "#silver1", "uv": [ 12.5, 1.0, 15.5, 1.5 ], "autoUv": false },
								"south": { "texture": "#silver1", "uv": [ 12.0, 1.0, 12.5, 1.5 ], "autoUv": false },
								"west": { "texture": "#silver1", "uv": [ 9.0, 1.0, 12.0, 1.5 ], "autoUv": false },
								"up": { "texture": "#silver1", "uv": [ 9.0, 0.5, 12.0, 1.0 ], "rotation": 90, "autoUv": false },
								"down": { "texture": "#silver1", "uv": [ 9.0, 1.5, 12.0, 2.0 ], "rotation": 90, "autoUv": false }
							},
							"children": [
								{
									"name": "ray2",
									"from": [ 0.0, 0.225, 0.0 ],
									"to": [ 0.3, 0.525, 2.7 ],
									"unwrapMode": 4,
									"uv": [ 7.5, 0.5 ],
									"rotationOrigin": [ 0.0, 0.375, 1.125 ],
									"rotationX": 90.0,
									"faces": {
										"north": { "texture": "#silver1", "uv": [ 7.5, 1.0, 8.0, 1.5 ], "autoUv": false },
										"east": { "texture": "#silver1", "uv": [ 12.0, 1.0, 15.5, 1.5 ], "autoUv": false },
										"south": { "texture": "#silver1", "uv": [ 11.5, 1.0, 12.0, 1.5 ], "autoUv": false },
										"west": { "texture": "#silver1", "uv": [ 8.0, 1.0, 11.5, 1.5 ], "autoUv": false },
										"up": { "texture": "#silver1", "uv": [ 8.0, 0.5, 11.5, 1.0 ], "rotation": 90, "autoUv": false },
										"down": { "texture": "#silver1", "uv": [ 8.0, 1.5, 11.5, 2.0 ], "rotation": 90, "autoUv": false }
									}
								},
								{
									"name": "ray3",
									"from": [ 0.0, 0.0, 0.0 ],
									"to": [ 0.3, 0.3, 2.25 ],
									"unwrapMode": 4,
									"uv": [ 0.5, 0.0 ],
									"rotationOrigin": [ 0.0, 0.15, 1.125 ],
									"rotationX": 45.0,
									"faces": {
										"north": { "texture": "#silver1", "uv": [ 0.5, 0.5, 1.0, 1.0 ], "autoUv": false },
										"east": { "texture": "#silver1", "uv": [ 4.5, 0.5, 7.5, 1.0 ], "autoUv": false },
										"south": { "texture": "#silver1", "uv": [ 4.0, 0.5, 4.5, 1.0 ], "autoUv": false },
										"west": { "texture": "#silver1", "uv": [ 1.0, 0.5, 4.0, 1.0 ], "autoUv": false },
										"up": { "texture": "#silver1", "uv": [ 1.0, 0.0, 4.0, 0.5 ], "rotation": 90, "autoUv": false },
										"down": { "texture": "#silver1", "uv": [ 1.0, 1.0, 4.0, 1.5 ], "rotation": 90, "autoUv": false }
									}
								},
								{
									"name": "ray4",
									"from": [ 0.0, 0.0, 0.0 ],
									"to": [ 0.3, 0.3, 2.25 ],
									"unwrapMode": 4,
									"uv": [ 1.5, 6.5 ],
									"rotationOrigin": [ 0.0, 0.15, 1.125 ],
									"rotationX": -45.0,
									"faces": {
										"north": { "texture": "#silver1", "uv": [ 1.5, 7.0, 2.0, 7.5 ], "autoUv": false },
										"east": { "texture": "#silver1", "uv": [ 5.5, 7.0, 8.5, 7.5 ], "autoUv": false },
										"south": { "texture": "#silver1", "uv": [ 5.0, 7.0, 5.5, 7.5 ], "autoUv": false },
										"west": { "texture": "#silver1", "uv": [ 2.0, 7.0, 5.0, 7.5 ], "autoUv": false },
										"up": { "texture": "#silver1", "uv": [ 2.0, 6.5, 5.0, 7.0 ], "rotation": 90, "autoUv": false },
										"down": { "texture": "#silver1", "uv": [ 2.0, 7.5, 5.0, 8.0 ], "rotation": 90, "autoUv": false }
									}
								}
							]
						},
						{
							"name": "gem1",
							"from": [ -0.075, 0.225, 0.1875 ],
							"to": [ 0.075, 0.975, 0.9375 ],
							"unwrapMode": 4,
							"uv": [ 6.0, 8.5 ],
							"rotationOrigin": [ -0.075, 0.6, 0.5625 ],
							"rotationX": 45.0,
							"faces": {
								"north": { "texture": "#fire-blue", "uv": [ 6.0, 9.0, 6.5, 10.0 ], "autoUv": false },
								"east": { "texture": "#fire-blue", "uv": [ 8.0, 9.0, 9.0, 10.0 ], "autoUv": false },
								"south": { "texture": "#fire-blue", "uv": [ 7.5, 9.0, 8.0, 10.0 ], "autoUv": false },
								"west": { "texture": "#fire-blue", "uv": [ 6.5, 9.0, 7.5, 10.0 ], "autoUv": false },
								"up": { "texture": "#fire-blue", "uv": [ 6.5, 8.5, 7.5, 9.0 ], "rotation": 90, "autoUv": false },
								"down": { "texture": "#fire-blue", "uv": [ 6.5, 10.0, 7.5, 10.5 ], "rotation": 90, "autoUv": false }
							}
						}
					]
				}
			]
		}
	]}