{
  "code": "type",
  "variants": [
    {
      "code": "nospell"
    },

    //// Innate:
    {
      "code": "transmutation1"
    },
    {
      "code": "transmutation2"
    },
    {
      "code": "transmutation3"
    },
    //{
    //  "code": "lifetap"
    //},
    //{
    //  "code": "conjureobject"
    //},
    //{
    //  "code": "imbueelement"
    //},
    //{
    //  "code": "familiar"
    //},



    // Tier 0:
    {
      "code": "magiciansbrick0"
    },



    // Tier 1 | Evocation: A school of magic that invokes destructive energies.
    {
      "code": "temporaltouch1"
    },
    {
      "code": "firetouch1"
    },
    {
      "code": "watertouch1"
    },
    {
      "code": "windtouch1"
    },
    {
      "code": "earthtouch1"
    },
    {
      "code": "lightningtouch1"
    },
    {
      "code": "frosttouch1"
    },
    {
      "code": "naturetouch1"
    },
    {
      "code": "arcanetouch1"
    },

    {
      "code": "rustorb1"
    },
    {
      "code": "fireball1"
    },
    {
      "code": "aquaburst1"
    },
    {
      "code": "aeroblast1"
    },
    {
      "code": "stonefist1"
    },
    {
      "code": "thunderbolt1"
    },
    {
      "code": "coldsnap1"
    },
    {
      "code": "wealdburst1"
    },
    {
      "code": "shadowbolt1"
    },

    {
      "code": "ignite1"
    },



    // Tier 1 | Alteration: A school of magic that bestows attribute buffs and healing.
    {
      "code": "plunder1"
    },
    {
      "code": "silentsteps1"
    },
    {
      "code": "agility1"
    },
    {
      "code": "nourishingaura1"
    },
    {
      "code": "tinkerer1"
    },
    {
      "code": "swiftness1"
    },
    {
      "code": "strengthen1"
    },
    {
      "code": "rapidshot1"
    },
    {
      "code": "intellect1"
    },
    {
      "code": "flashheal1"
    },



    // Tier 1 | Incantation: A school of magic that manipulates objects properties.
    {
      "code": "befriendanimal1"
    },
    {
      "code": "fertilize1"
    },
    {
      "code": "growth1"
    },
    {
      "code": "reap1"
    },
    {
      "code": "telekinesis1"
    },
    {
      "code": "surfaceascent1"
    },

    {
      "code": "hydratefarmland1"
    },
    {
      "code": "truenorth1"
    },
    {
      "code": "mendobject1"
    },
    {
      "code": "shadowstep1"
    },



    // Tier 1 | Conjuration: A school of magic that summons objects from the void.
    {
      "code": "summonlight1"
    },

    {
      "code": "summonobjectknife1"
    },
    {
      "code": "summonobjecthoe1"
    },
    {
      "code": "summonobjectshovel1"
    },
    {
      "code": "summonobjectaxe1"
    },
    {
      "code": "summonobjectweapon1"
    },
    {
      "code": "summonobjectfood1"
    },

    {
      "code": "summoncorpse1"
    },



    // Tier 2 | Evocation: A school of magic that invokes destructive energies.
    {
      "code": "temporaltouch2"
    },
    {
      "code": "firetouch2"
    },
    {
      "code": "watertouch2"
    },
    {
      "code": "windtouch2"
    },
    {
      "code": "earthtouch2"
    },
    {
      "code": "lightningtouch2"
    },
    {
      "code": "frosttouch2"
    },
    {
      "code": "naturetouch2"
    },
    {
      "code": "arcanetouch2"
    },

    {
      "code": "rustorb2"
    },
    {
      "code": "fireball2"
    },
    {
      "code": "aquaburst2"
    },
    {
      "code": "aeroblast2"
    },
    {
      "code": "stonefist2"
    },
    {
      "code": "thunderbolt2"
    },
    {
      "code": "coldsnap2"
    },
    {
      "code": "wealdburst2"
    },
    {
      "code": "shadowbolt2"
    },

    {
      "code": "ignite2"
    },

    {
      "code": "rustnova1"
    },
    {
      "code": "incinerate1"
    },
    {
      "code": "tidalwave1"
    },
    {
      "code": "whirlwind1"
    },
    {
      "code": "rockslide1"
    },
    {
      "code": "electrocute1"
    },
    {
      "code": "icestrike1"
    },
    {
      "code": "verdantsurge1"
    },
    {
      "code": "arcaneexplosion1"
    },

    {
      "code": "spikeshield1"
    },
    {
      "code": "corpseexplosion1"
    },
    {
      "code": "shockwave1"
    },



    // Tier 2 | Alteration: A school of magic that bestows attribute buffs and healing.
    {
      "code": "plunder2"
    },
    {
      "code": "silentsteps2"
    },
    {
      "code": "agility2"
    },
    {
      "code": "nourishingaura2"
    },
    {
      "code": "tinkerer2"
    },
    {
      "code": "swiftness2"
    },
    {
      "code": "strengthen2"
    },
    {
      "code": "rapidshot2"
    },
    {
      "code": "intellect2"
    },
    {
      "code": "flashheal2"
    },

    {
      "code": "butcher1"
    },
    {
      "code": "excavation1"
    },
    {
      "code": "barrier1"
    },
    {
      "code": "equilibrium1"
    },
    {
      "code": "regeneration1"
    },



    // Tier 2 | Incantation: A school of magic that manipulates objects properties.
    {
      "code": "befriendanimal2"
    },
    {
      "code": "fertilize2"
    },
    {
      "code": "growth2"
    },
    {
      "code": "reap2"
    },
    {
      "code": "telekinesis2"
    },
    {
      "code": "surfaceascent2"
    },

    {
      "code": "resistelements1"
    },
    {
      "code": "resistfire1"
    },
    {
      "code": "resistwater1"
    },
    {
      "code": "resistwind1"
    },
    {
      "code": "resistearth1"
    },
    {
      "code": "resistlightning1"
    },
    {
      "code": "resistfrost1"
    },
    {
      "code": "resistnature1"
    },
    {
      "code": "resistarcane1"
    },
    {
      "code": "cleansinglight1"
    },

    {
      "code": "daze1"
    },
    {
      "code": "root1"
    },
    {
      "code": "fear1"
    },
    {
      "code": "markofthezephyr1"
    },
    {
      "code": "endlessbreath1"
    },
    {
      "code": "featherfall1"
    },



    // Tier 2 | Conjuration: A school of magic that summons objects from the void.
    {
      "code": "summonlight2"
    },

    {
      "code": "summonobjectknife2"
    },
    {
      "code": "summonobjecthoe2"
    },
    {
      "code": "summonobjectshovel2"
    },
    {
      "code": "summonobjectaxe2"
    },
    {
      "code": "summonobjectweapon2"
    },
    {
      "code": "summonobjectfood2"
    },

    {
      "code": "summonobjectsaw1"
    },
    {
      "code": "summonobjectpickaxe1"
    },
    {
      "code": "summonobjectbag1"
    },
    {
      "code": "corpseswap1"
    },
    {
      "code": "prise1"
    },



    // Tier 3 | Evocation: A school of magic that invokes destructive energies.
    {
      "code": "temporaltouch3"
    },
    {
      "code": "firetouch3"
    },
    {
      "code": "watertouch3"
    },
    {
      "code": "windtouch3"
    },
    {
      "code": "earthtouch3"
    },
    {
      "code": "lightningtouch3"
    },
    {
      "code": "frosttouch3"
    },
    {
      "code": "naturetouch3"
    },
    {
      "code": "arcanetouch3"
    },

    {
      "code": "rustorb3"
    },
    {
      "code": "fireball3"
    },
    {
      "code": "aquaburst3"
    },
    {
      "code": "aeroblast3"
    },
    {
      "code": "stonefist3"
    },
    {
      "code": "thunderbolt3"
    },
    {
      "code": "coldsnap3"
    },
    {
      "code": "wealdburst3"
    },
    {
      "code": "shadowbolt3"
    },

    {
      "code": "ignite3"
    },

    {
      "code": "rustnova2"
    },
    {
      "code": "incinerate2"
    },
    {
      "code": "tidalwave2"
    },
    {
      "code": "whirlwind2"
    },
    {
      "code": "rockslide2"
    },
    {
      "code": "electrocute2"
    },
    {
      "code": "icestrike2"
    },
    {
      "code": "verdantsurge2"
    },
    {
      "code": "arcaneexplosion2"
    },

    {
      "code": "spikeshield2"
    },
    {
      "code": "corpseexplosion2"
    },

    {
      "code": "voidpulse1"
    },
    {
      "code": "inferno1"
    },
    {
      "code": "torrent1"
    },
    {
      "code": "cyclone1"
    },
    {
      "code": "earthquake1"
    },
    {
      "code": "staticshock1"
    },
    {
      "code": "frostbite1"
    },
    {
      "code": "sylvanwrath1"
    },
    {
      "code": "arcanesurge1"
    },

    {
      "code": "cataclysm1"
    },



    // Tier 2 | Alteration: A school of magic that bestows attribute buffs and healing.
    {
      "code": "plunder3"
    },
    {
      "code": "silentsteps3"
    },
    {
      "code": "agility3"
    },
    {
      "code": "nourishingaura3"
    },
    {
      "code": "tinkerer3"
    },
    {
      "code": "swiftness3"
    },
    {
      "code": "strengthen3"
    },
    {
      "code": "rapidshot3"
    },
    {
      "code": "intellect3"
    },
    {
      "code": "flashheal3"
    },

    {
      "code": "butcher2"
    },
    {
      "code": "excavation2"
    },
    {
      "code": "barrier2"
    },
    {
      "code": "equilibrium2"
    },
    {
      "code": "regeneration2"
    },

    {
      "code": "soaringleap1"
    },
    {
      "code": "healingsurge1"
    },
    {
      "code": "prosperity1"
    },
    {
      "code": "revive1"
    },
    {
      "code": "temperance1"
    },



    // Tier 2 | Incantation: A school of magic that manipulates objects properties.
    {
      "code": "befriendanimal3"
    },
    {
      "code": "fertilize3"
    },
    {
      "code": "growth3"
    },
    {
      "code": "reap3"
    },
    {
      "code": "telekinesis3"
    },
    {
      "code": "surfaceascent3"
    },

    {
      "code": "resistelements2"
    },
    {
      "code": "resistfire2"
    },
    {
      "code": "resistwater2"
    },
    {
      "code": "resistwind2"
    },
    {
      "code": "resistearth2"
    },
    {
      "code": "resistlightning2"
    },
    {
      "code": "resistfrost2"
    },
    {
      "code": "resistnature2"
    },
    {
      "code": "resistarcane2"
    },
    {
      "code": "cleansinglight2"
    },

    {
      "code": "blink1"
    },
    {
      "code": "riftwalker1"
    },
    {
      "code": "fly1"
    },
    {
      "code": "preservation1"
    },



    // Tier 3 | Conjuration: A school of magic that summons objects from the void.
    {
      "code": "summonlight3"
    },

    {
      "code": "summonobjectknife3"
    },
    {
      "code": "summonobjecthoe3"
    },
    {
      "code": "summonobjectshovel3"
    },
    {
      "code": "summonobjectaxe3"
    },
    {
      "code": "summonobjectweapon3"
    },
    {
      "code": "summonobjectfood3"
    },

    {
      "code": "summonobjectsaw2"
    },
    {
      "code": "summonobjectpickaxe2"
    },

    {
      "code": "bindaffinity1"
    },
    {
      "code": "summonportal1"
    },
    {
      "code": "projectedreturn1"
    },
    {
      "code": "summonvoidvault1"
    },
    {
      "code": "duplicate1"
    },


    {
      "code": "summonobjectultimateweaponfire1"
    },
    {
      "code": "summonobjectultimateweaponwater1"
    },
    {
      "code": "summonobjectultimateweaponwind1"
    },
    {
      "code": "summonobjectultimateweaponearth1"
    },
    {
      "code": "summonobjectultimateweaponlightning1"
    },
    {
      "code": "summonobjectultimateweaponfrost1"
    },
    {
      "code": "summonobjectultimateweaponnature1"
    },
    {
      "code": "summonobjectultimateweaponarcane1"
    }//,



    //{
    //  "code": "magicmissiles1"
    //}

  ]
}
