{
	"editor": {
		"allAngles": true,
		"entityTextureMode": true
	},
	"textureWidth": 44,
	"textureHeight": 40,
	"textureSizes": {
		"skin": [44,40]
	},
	"textures": {
	},
	"elements": [
		{
			"name": "Hip point",
			"from": [ 14.0, 8.0, 8.0 ],
			"to": [ 14.0, 8.0, 8.0 ],
			"uv": [ 1.0, 1.0 ],
			"rotationOrigin": [ 14.0, 8.0, 8.0 ],
			"faces": {
			},
			"children": [
				{
					"name": "Hip",
					"from": [ -8.0, -8.1, -2.3 ],
					"to": [ -4.2, -7.1, 2.3 ],
					"unwrapMode": 7,
					"unwrapRotation": 1,
					"autoUnwrap": false,
					"uv": [ 6.0, 20.0 ],
					"rotationOrigin": [ -4.0, -6.6, 0.0 ],
					"rotationZ": -1.0,
					"faces": {
						"north": { "texture": "#skin", "uv": [ 9.5, 16.5, 10.5, 20.0 ], "rotation": 90 },
						"east": { "texture": "#skin", "uv": [ 5.0, 20.0, 9.5, 21.0 ], "windMode": [-1,-1,-1,-1] },
						"south": { "texture": "#skin", "uv": [ 4.0, 16.5, 5.0, 20.0 ], "rotation": 270 },
						"up": { "texture": "#skin", "uv": [ 5.0, 16.5, 9.5, 20.0 ], "rotation": 270 },
						"down": { "texture": "#skin", "uv": [ 13.5, 16.5, 18.0, 20.0 ], "rotation": 90 }
					},
					"children": [
						{
							"name": "Body",
							"from": [ -3.2, 0.1, -0.05 ],
							"to": [ 0.0, 1.1, 4.65 ],
							"unwrapMode": 7,
							"unwrapRotation": 1,
							"autoUnwrap": false,
							"uv": [ 1.0, 9.5 ],
							"rotationOrigin": [ 0.0, 1.1, 2.3 ],
							"rotationZ": 1.0,
							"faces": {
								"north": { "texture": "#skin", "uv": [ 9.5, 13.0, 10.5, 16.0 ], "rotation": 90 },
								"east": { "texture": "#skin", "uv": [ 10.5, 21.0, 15.0, 22.0 ] },
								"south": { "texture": "#skin", "uv": [ 4.0, 13.0, 5.0, 16.0 ], "rotation": 270 },
								"west": { "texture": "#skin", "uv": [ 15.5, 21.0, 20.0, 22.0 ] },
								"up": { "texture": "#skin", "uv": [ 5.0, 13.0, 9.5, 16.0 ], "rotation": 270 },
								"down": { "texture": "#skin", "uv": [ 13.5, 13.0, 18.0, 16.0 ], "rotation": 90 }
							},
							"children": [
								{
									"name": "Body2",
									"from": [ -3.6, 0.1, 0.1 ],
									"to": [ 0.2, 1.1, 4.6 ],
									"unwrapMode": 7,
									"unwrapRotation": 1,
									"autoUnwrap": false,
									"uv": [ 1.5, 4.5 ],
									"rotationOrigin": [ 0.0, 0.6, 2.35 ],
									"rotationZ": 1.0,
									"faces": {
										"north": { "texture": "#skin", "uv": [ 9.5, 9.0, 10.5, 12.5 ], "rotation": 90 },
										"east": { "texture": "#skin", "uv": [ 10.5, 26.0, 15.0, 27.0 ], "windMode": [-1,-1,-1,-1] },
										"south": { "texture": "#skin", "uv": [ 4.0, 9.0, 5.0, 12.5 ], "rotation": 270 },
										"west": { "texture": "#skin", "uv": [ 15.5, 26.0, 20.0, 27.0 ], "windMode": [-1,-1,-1,-1] },
										"up": { "texture": "#skin", "uv": [ 5.0, 9.0, 9.5, 12.5 ], "rotation": 270 },
										"down": { "texture": "#skin", "uv": [ 13.5, 9.0, 18.0, 12.5 ], "rotation": 90 }
									},
									"children": [
										{
											"name": "Neck1",
											"from": [ 0.2, 0.0, 0.85 ],
											"to": [ 2.2, 1.0, 3.65 ],
											"unwrapMode": 7,
											"unwrapRotation": 1,
											"autoUnwrap": false,
											"uv": [ 3.5, 3.0 ],
											"rotationOrigin": [ 1.7, 0.0, 2.25 ],
											"rotationZ": 1.0,
											"faces": {
												"north": { "texture": "#skin", "uv": [ 8.5, 6.5, 9.5, 8.5 ], "rotation": 90 },
												"south": { "texture": "#skin", "uv": [ 5.0, 6.5, 6.0, 8.5 ], "rotation": 270 },
												"west": { "texture": "#skin", "uv": [ 15.0, 5.0, 17.5, 6.0 ] },
												"up": { "texture": "#skin", "uv": [ 6.0, 6.5, 8.5, 8.5 ], "rotation": 270 },
												"down": { "texture": "#skin", "uv": [ 11.5, 6.5, 14.0, 8.5 ], "rotation": 90 }
											},
											"children": [
												{
													"name": "Neck2",
													"from": [ -1.4, 0.0, 0.15 ],
													"to": [ 1.1, 1.0, 2.65 ],
													"unwrapMode": 7,
													"unwrapRotation": 1,
													"autoUnwrap": false,
													"uv": [ 4.0, 1.0 ],
													"rotationOrigin": [ 0.9, 0.7, 1.4 ],
													"rotationZ": -1.0,
													"faces": {
														"north": { "texture": "#skin", "uv": [ 8.5, 3.5, 9.5, 6.0 ], "rotation": 90 },
														"south": { "texture": "#skin", "uv": [ 5.0, 3.5, 6.0, 6.0 ], "rotation": 270 },
														"west": { "texture": "#skin", "uv": [ 6.0, 2.5, 8.5, 3.5 ], "rotation": 180 },
														"up": { "texture": "#skin", "uv": [ 6.0, 3.5, 8.5, 6.0 ], "rotation": 270 },
														"down": { "texture": "#skin", "uv": [ 11.0, 3.5, 13.5, 6.0 ], "rotation": 90 }
													},
													"attachmentpoints": [
														{
															"code": "rope",
															"posX": "1.0","posY": "0.0","posZ": "1.5",
															"rotationX": "0.0","rotationY": "0.0","rotationZ": "0.0"
														}
													]
												}
											]
										}
									]
								}
							]
						},
						{
							"name": "Tail01",
							"from": [ 3.3, 0.0, 1.65 ],
							"to": [ 4.8, 1.0, 2.95 ],
							"unwrapMode": 7,
							"unwrapRotation": 1,
							"uv": [ 37.0, 8.5 ],
							"rotationOrigin": [ 3.4, 1.0, 2.3 ],
							"rotationZ": 1.0,
							"faces": {
								"north": { "texture": "#skin", "uv": [ 39.0, 8.5, 40.0, 10.0 ], "rotation": 90 },
								"east": { "texture": "#skin", "uv": [ 38.0, 10.0, 39.0, 11.0 ], "windMode": [-1,-1,-1,-1] },
								"south": { "texture": "#skin", "uv": [ 37.0, 8.5, 38.0, 10.0 ], "rotation": 270 },
								"up": { "texture": "#skin", "uv": [ 38.0, 8.5, 39.0, 10.0 ], "rotation": 270 },
								"down": { "texture": "#skin", "uv": [ 40.0, 8.5, 41.0, 10.0 ], "rotation": 90 }
							},
							"children": [
								{
									"name": "Tail2",
									"from": [ 1.2, 0.0, 0.0 ],
									"to": [ 2.7, 1.0, 1.3 ],
									"unwrapMode": 7,
									"unwrapRotation": 1,
									"uv": [ 38.5, 12.0 ],
									"rotationOrigin": [ 1.4, 1.0, 0.6 ],
									"rotationZ": -1.0,
									"faces": {
										"north": { "texture": "#skin", "uv": [ 40.5, 12.0, 41.5, 13.5 ], "rotation": 90 },
										"east": { "texture": "#skin", "uv": [ 39.5, 13.5, 40.5, 14.5 ], "windMode": [-1,-1,-1,-1] },
										"south": { "texture": "#skin", "uv": [ 38.5, 12.0, 39.5, 13.5 ], "rotation": 270 },
										"up": { "texture": "#skin", "uv": [ 39.5, 12.0, 40.5, 13.5 ], "rotation": 270 },
										"down": { "texture": "#skin", "uv": [ 41.5, 12.0, 42.5, 13.5 ], "rotation": 90 }
									},
									"children": [
										{
											"name": "Tail3",
											"from": [ 1.2, 0.0, 0.1 ],
											"to": [ 2.2, 1.0, 1.2 ],
											"unwrapMode": 7,
											"unwrapRotation": 1,
											"uv": [ 37.0, 16.5 ],
											"rotationOrigin": [ 1.5, 1.0, 0.6 ],
											"rotationZ": 1.0,
											"faces": {
												"north": { "texture": "#skin", "uv": [ 39.0, 16.5, 40.0, 17.5 ], "rotation": 90 },
												"east": { "texture": "#skin", "uv": [ 38.0, 17.5, 39.0, 18.5 ], "windMode": [-1,-1,-1,-1] },
												"south": { "texture": "#skin", "uv": [ 37.0, 16.5, 38.0, 17.5 ], "rotation": 270 },
												"up": { "texture": "#skin", "uv": [ 38.0, 16.5, 39.0, 17.5 ], "rotation": 270 },
												"down": { "texture": "#skin", "uv": [ 40.0, 16.5, 41.0, 17.5 ], "rotation": 90 }
											},
											"children": [
												{
													"name": "Tail4",
													"from": [ 0.7, 0.0, 0.05 ],
													"to": [ 2.2, 1.0, 1.05 ],
													"unwrapMode": 7,
													"unwrapRotation": 1,
													"uv": [ 35.5, 20.5 ],
													"rotationOrigin": [ 0.8, 1.0, 0.55 ],
													"rotationZ": -1.0,
													"faces": {
														"north": { "texture": "#skin", "uv": [ 37.5, 20.5, 38.5, 22.0 ], "rotation": 90 },
														"east": { "texture": "#skin", "uv": [ 36.5, 22.0, 37.5, 23.0 ], "windMode": [-1,-1,-1,-1] },
														"south": { "texture": "#skin", "uv": [ 35.5, 20.5, 36.5, 22.0 ], "rotation": 270 },
														"up": { "texture": "#skin", "uv": [ 36.5, 20.5, 37.5, 22.0 ], "rotation": 270 },
														"down": { "texture": "#skin", "uv": [ 38.5, 20.5, 39.5, 22.0 ], "rotation": 90 }
													},
													"children": [
														{
															"name": "Tail5",
															"from": [ 1.0, 0.0, 0.0 ],
															"to": [ 3.0, 1.0, 1.0 ],
															"unwrapMode": 7,
															"unwrapRotation": 1,
															"uv": [ 37.0, 23.5 ],
															"rotationOrigin": [ 1.1, 1.0, 0.5 ],
															"rotationZ": 1.0,
															"faces": {
																"north": { "texture": "#skin", "uv": [ 39.0, 23.5, 40.0, 25.5 ], "rotation": 90 },
																"east": { "texture": "#skin", "uv": [ 38.0, 25.5, 39.0, 26.5 ], "windMode": [-1,-1,-1,-1] },
																"south": { "texture": "#skin", "uv": [ 37.0, 23.5, 38.0, 25.5 ], "rotation": 270 },
																"up": { "texture": "#skin", "uv": [ 38.0, 23.5, 39.0, 25.5 ], "rotation": 270 },
																"down": { "texture": "#skin", "uv": [ 40.0, 23.5, 41.0, 25.5 ], "rotation": 90 }
															}
														}
													]
												}
											]
										}
									]
								}
							]
						}
					]
				}
			],
			"attachmentpoints": [
				{
					"code": "center",
					"posX": "-6.0","posY": "-3.0","posZ": "0.0",
					"rotationX": "0.0","rotationY": "0.0","rotationZ": "0.0"
				}
			]
		}
	]}