{
	"editor": {
		"allAngles": true,
		"entityTextureMode": true
	},
	"textureWidth": 24,
	"textureHeight": 24,
	"textureSizes": {
		"skin": [24,24]
	},
	"textures": {
	},
	"elements": [
		{
			"name": "Hip point",
			"from": [ 14.0, 8.0, 8.0 ],
			"to": [ 14.0, 8.0, 8.0 ],
			"uv": [ 1.0, 1.0 ],
			"rotationOrigin": [ 14.0, 8.0, 8.0 ],
			"faces": {
			},
			"children": [
				{
					"name": "Hip",
					"from": [ -10.5, -8.0, -1.1 ],
					"to": [ -8.7, -7.5, 1.2 ],
					"unwrapMode": 7,
					"unwrapRotation": 1,
					"autoUnwrap": false,
					"uv": [ 6.0, 20.0 ],
					"rotationOrigin": [ -8.5, -7.3, 0.0 ],
					"rotationZ": -1.0,
					"faces": {
						"north": { "texture": "#skin", "uv": [ 5.0, 9.5, 5.5, 11.0 ], "rotation": 90 },
						"east": { "texture": "#skin", "uv": [ 3.0, 11.0, 5.0, 11.5 ], "windMode": [-1,-1,-1,-1] },
						"south": { "texture": "#skin", "uv": [ 2.5, 9.5, 3.0, 11.0 ], "rotation": 270 },
						"up": { "texture": "#skin", "uv": [ 3.0, 9.5, 5.0, 11.0 ], "rotation": 270 },
						"down": { "texture": "#skin", "uv": [ 7.0, 9.5, 9.0, 11.0 ], "rotation": 90 }
					},
					"children": [
						{
							"name": "Body",
							"from": [ -1.6, 0.05, -0.05 ],
							"to": [ 0.0, 0.55, 2.35 ],
							"unwrapMode": 7,
							"unwrapRotation": 1,
							"autoUnwrap": false,
							"uv": [ 1.0, 9.5 ],
							"rotationOrigin": [ 0.0, 0.55, 1.2 ],
							"rotationZ": 1.0,
							"faces": {
								"north": { "texture": "#skin", "uv": [ 5.0, 7.5, 5.5, 9.0 ], "rotation": 90 },
								"east": { "texture": "#skin", "uv": [ 5.5, 11.5, 7.5, 12.0 ] },
								"south": { "texture": "#skin", "uv": [ 2.5, 7.5, 3.0, 9.0 ], "rotation": 270 },
								"west": { "texture": "#skin", "uv": [ 8.0, 11.5, 10.0, 12.0 ] },
								"up": { "texture": "#skin", "uv": [ 3.0, 7.5, 5.0, 9.0 ], "rotation": 270 },
								"down": { "texture": "#skin", "uv": [ 7.0, 7.5, 9.0, 9.0 ], "rotation": 90 }
							},
							"children": [
								{
									"name": "Body2",
									"from": [ -1.8, 0.05, 0.05 ],
									"to": [ 0.2, 0.55, 2.35 ],
									"unwrapMode": 7,
									"unwrapRotation": 1,
									"autoUnwrap": false,
									"uv": [ 1.5, 4.5 ],
									"rotationOrigin": [ 0.0, 0.3, 1.2 ],
									"rotationZ": 1.0,
									"faces": {
										"north": { "texture": "#skin", "uv": [ 5.0, 5.0, 5.5, 7.0 ], "rotation": 90 },
										"east": { "texture": "#skin", "uv": [ 5.5, 14.0, 7.5, 14.5 ], "windMode": [-1,-1,-1,-1] },
										"south": { "texture": "#skin", "uv": [ 2.5, 5.0, 3.0, 7.0 ], "rotation": 270 },
										"west": { "texture": "#skin", "uv": [ 8.0, 14.0, 10.0, 14.5 ], "windMode": [-1,-1,-1,-1] },
										"up": { "texture": "#skin", "uv": [ 3.0, 5.0, 5.0, 7.0 ], "rotation": 270 },
										"down": { "texture": "#skin", "uv": [ 7.0, 5.0, 9.0, 7.0 ], "rotation": 90 }
									},
									"children": [
										{
											"name": "Neck1",
											"from": [ 0.1, 0.0, 0.3 ],
											"to": [ 1.1, 0.5, 1.8 ],
											"unwrapMode": 7,
											"unwrapRotation": 1,
											"autoUnwrap": false,
											"uv": [ 3.5, 3.0 ],
											"rotationOrigin": [ 0.9, 0.0, 1.15 ],
											"rotationZ": 1.0,
											"faces": {
												"north": { "texture": "#skin", "uv": [ 4.5, 3.5, 5.0, 4.5 ], "rotation": 90 },
												"south": { "texture": "#skin", "uv": [ 2.5, 3.5, 3.0, 4.5 ], "rotation": 270 },
												"west": { "texture": "#skin", "uv": [ 8.0, 0.5, 9.5, 1.0 ] },
												"up": { "texture": "#skin", "uv": [ 3.0, 3.5, 4.5, 4.5 ], "rotation": 270 },
												"down": { "texture": "#skin", "uv": [ 6.0, 3.5, 7.5, 4.5 ], "rotation": 90 }
											},
											"children": [
												{
													"name": "Neck2",
													"from": [ -0.7, 0.0, 0.1 ],
													"to": [ 0.6, 0.5, 1.4 ],
													"unwrapMode": 7,
													"unwrapRotation": 1,
													"autoUnwrap": false,
													"uv": [ 4.0, 1.0 ],
													"rotationOrigin": [ 0.5, 0.4, 0.7 ],
													"rotationZ": -1.0,
													"faces": {
														"north": { "texture": "#skin", "uv": [ 4.0, 2.0, 4.5, 3.0 ], "rotation": 90 },
														"south": { "texture": "#skin", "uv": [ 2.5, 2.0, 3.0, 3.0 ], "rotation": 270 },
														"west": { "texture": "#skin", "uv": [ 3.0, 1.5, 4.0, 2.0 ], "rotation": 180 },
														"up": { "texture": "#skin", "uv": [ 3.0, 2.0, 4.0, 3.0 ], "rotation": 270 },
														"down": { "texture": "#skin", "uv": [ 5.0, 2.0, 6.0, 3.0 ], "rotation": 90 }
													},
													"attachmentpoints": [
														{
															"code": "rope",
															"posX": "1.0","posY": "0.0","posZ": "1.5",
															"rotationX": "0.0","rotationY": "0.0","rotationZ": "0.0"
														}
													]
												}
											]
										}
									]
								}
							]
						},
						{
							"name": "Tail01",
							"from": [ 1.7, 0.0, 0.8 ],
							"to": [ 2.5, 0.5, 1.5 ],
							"unwrapMode": 7,
							"unwrapRotation": 1,
							"uv": [ 14.0, 4.0 ],
							"rotationOrigin": [ 1.7, 0.5, 1.2 ],
							"rotationZ": 1.0,
							"faces": {
								"north": { "texture": "#skin", "uv": [ 15.0, 4.0, 15.5, 4.5 ], "rotation": 90 },
								"east": { "texture": "#skin", "uv": [ 14.5, 4.5, 15.0, 5.0 ], "windMode": [-1,-1,-1,-1] },
								"south": { "texture": "#skin", "uv": [ 14.0, 4.0, 14.5, 4.5 ], "rotation": 270 },
								"up": { "texture": "#skin", "uv": [ 14.5, 4.0, 15.0, 4.5 ], "rotation": 270 },
								"down": { "texture": "#skin", "uv": [ 15.5, 4.0, 16.0, 4.5 ], "rotation": 90 }
							},
							"children": [
								{
									"name": "Tail2",
									"from": [ 0.6, 0.0, 0.0 ],
									"to": [ 1.4, 0.5, 0.7 ],
									"unwrapMode": 7,
									"unwrapRotation": 1,
									"uv": [ 14.0, 6.0 ],
									"rotationOrigin": [ 0.7, 0.5, 0.3 ],
									"rotationZ": -1.0,
									"faces": {
										"north": { "texture": "#skin", "uv": [ 15.0, 6.0, 15.5, 6.5 ], "rotation": 90 },
										"east": { "texture": "#skin", "uv": [ 14.5, 6.5, 15.0, 7.0 ], "windMode": [-1,-1,-1,-1] },
										"south": { "texture": "#skin", "uv": [ 14.0, 6.0, 14.5, 6.5 ], "rotation": 270 },
										"up": { "texture": "#skin", "uv": [ 14.5, 6.0, 15.0, 6.5 ], "rotation": 270 },
										"down": { "texture": "#skin", "uv": [ 15.5, 6.0, 16.0, 6.5 ], "rotation": 90 }
									},
									"children": [
										{
											"name": "Tail3",
											"from": [ 0.6, 0.0, 0.1 ],
											"to": [ 1.1, 0.5, 0.6 ],
											"unwrapMode": 7,
											"unwrapRotation": 1,
											"uv": [ 14.0, 8.0 ],
											"rotationOrigin": [ 0.8, 0.5, 0.3 ],
											"rotationZ": 1.0,
											"faces": {
												"north": { "texture": "#skin", "uv": [ 15.0, 8.0, 15.5, 8.5 ], "rotation": 90 },
												"east": { "texture": "#skin", "uv": [ 14.5, 8.5, 15.0, 9.0 ], "windMode": [-1,-1,-1,-1] },
												"south": { "texture": "#skin", "uv": [ 14.0, 8.0, 14.5, 8.5 ], "rotation": 270 },
												"up": { "texture": "#skin", "uv": [ 14.5, 8.0, 15.0, 8.5 ], "rotation": 270 },
												"down": { "texture": "#skin", "uv": [ 15.5, 8.0, 16.0, 8.5 ], "rotation": 90 }
											},
											"children": [
												{
													"name": "Tail4",
													"from": [ 0.4, 0.0, 0.0 ],
													"to": [ 1.2, 0.5, 0.5 ],
													"unwrapMode": 7,
													"unwrapRotation": 1,
													"uv": [ 14.0, 10.0 ],
													"rotationOrigin": [ 0.4, 0.5, 0.3 ],
													"rotationZ": -1.0,
													"faces": {
														"north": { "texture": "#skin", "uv": [ 15.0, 10.0, 15.5, 10.5 ], "rotation": 90 },
														"east": { "texture": "#skin", "uv": [ 14.5, 10.5, 15.0, 11.0 ], "windMode": [-1,-1,-1,-1] },
														"south": { "texture": "#skin", "uv": [ 14.0, 10.0, 14.5, 10.5 ], "rotation": 270 },
														"up": { "texture": "#skin", "uv": [ 14.5, 10.0, 15.0, 10.5 ], "rotation": 270 },
														"down": { "texture": "#skin", "uv": [ 15.5, 10.0, 16.0, 10.5 ], "rotation": 90 }
													},
													"children": [
														{
															"name": "Tail5",
															"from": [ 0.5, 0.0, 0.0 ],
															"to": [ 1.5, 0.5, 0.5 ],
															"unwrapMode": 7,
															"unwrapRotation": 1,
															"uv": [ 14.0, 12.0 ],
															"rotationOrigin": [ 0.6, 0.5, 0.3 ],
															"rotationZ": 1.0,
															"faces": {
																"north": { "texture": "#skin", "uv": [ 15.0, 12.0, 15.5, 13.0 ], "rotation": 90 },
																"east": { "texture": "#skin", "uv": [ 14.5, 13.0, 15.0, 13.5 ], "windMode": [-1,-1,-1,-1] },
																"south": { "texture": "#skin", "uv": [ 14.0, 12.0, 14.5, 13.0 ], "rotation": 270 },
																"up": { "texture": "#skin", "uv": [ 14.5, 12.0, 15.0, 13.0 ], "rotation": 270 },
																"down": { "texture": "#skin", "uv": [ 15.5, 12.0, 16.0, 13.0 ], "rotation": 90 }
															}
														}
													]
												}
											]
										}
									]
								}
							]
						}
					]
				}
			],
			"attachmentpoints": [
				{
					"code": "center",
					"posX": "-6.0","posY": "-3.0","posZ": "0.0",
					"rotationX": "0.0","rotationY": "0.0","rotationZ": "0.0"
				}
			]
		}
	]}