{
	"editor": {
		"allAngles": true,
		"entityTextureMode": true
	},
	"textureWidth": 44,
	"textureHeight": 40,
	"textureSizes": {
		"skin": [44,40]
	},
	"textures": {
	},
	"elements": [
		{
			"name": "Neck1",
			"from": [ 14.99, 7.49, 6.6 ],
			"to": [ 16.99, 10.49, 9.4 ],
			"unwrapMode": 7,
			"unwrapRotation": 1,
			"autoUnwrap": false,
			"uv": [ 3.5, 3.0 ],
			"rotationOrigin": [ 16.4927, 9.9907, 8.0 ],
			"rotationX": 3.6611,
			"rotationY": 3.4077,
			"rotationZ": -6.0,
			"faces": {
				"north": { "texture": "#skin", "uv": [ 8.5, 6.5, 11.5, 8.5 ], "rotation": 90 },
				"south": { "texture": "#skin", "uv": [ 3.0, 6.5, 6.0, 8.5 ], "rotation": 270 },
				"west": { "texture": "#skin", "uv": [ 15.0, 5.0, 17.5, 8.0 ] },
				"up": { "texture": "#skin", "uv": [ 6.0, 6.5, 8.5, 8.5 ], "rotation": 270 },
				"down": { "texture": "#skin", "uv": [ 11.5, 6.5, 14.0, 8.5 ], "rotation": 90 }
			},
			"children": [
				{
					"name": "Neck2",
					"from": [ -1.4, 0.3, 0.15 ],
					"to": [ 1.1, 3.1, 2.65 ],
					"unwrapMode": 7,
					"unwrapRotation": 1,
					"autoUnwrap": false,
					"uv": [ 4.0, 1.0 ],
					"rotationOrigin": [ 0.9, 2.8, 1.4 ],
					"rotationY": -5.0,
					"rotationZ": 6.0,
					"faces": {
						"north": { "texture": "#skin", "uv": [ 8.5, 3.5, 11.0, 6.0 ], "rotation": 90 },
						"east": { "texture": "#skin", "uv": [ 14.5, 2.0, 17.0, 4.5 ] },
						"south": { "texture": "#skin", "uv": [ 3.5, 3.5, 6.0, 6.0 ], "rotation": 270 },
						"west": { "texture": "#skin", "uv": [ 6.0, 1.0, 8.5, 3.5 ], "rotation": 180 },
						"up": { "texture": "#skin", "uv": [ 6.0, 3.5, 8.5, 6.0 ], "rotation": 270 },
						"down": { "texture": "#skin", "uv": [ 11.0, 3.5, 13.5, 6.0 ], "rotation": 90 }
					},
					"children": [
						{
							"name": "Head",
							"from": [ -1.9, 0.9, -0.1 ],
							"to": [ 0.1, 2.9, 2.6 ],
							"unwrapMode": 4,
							"uv": [ 1.0, 25.0 ],
							"rotationOrigin": [ 0.0, 2.7, 1.3 ],
							"rotationZ": 33.0,
							"faces": {
								"north": { "texture": "#skin", "uv": [ 1.0, 27.0, 3.0, 29.0 ] },
								"east": { "texture": "#skin", "uv": [ 7.5, 27.0, 10.0, 29.0 ], "windMode": [-1,-1,-1,-1] },
								"south": { "texture": "#skin", "uv": [ 5.5, 27.0, 7.5, 29.0 ] },
								"west": { "texture": "#skin", "uv": [ 3.0, 27.0, 5.5, 29.0 ], "windMode": [-1,-1,-1,-1] },
								"up": { "texture": "#skin", "uv": [ 3.0, 25.0, 5.5, 27.0 ], "rotation": 90, "windMode": [-1,-1,-1,-1] },
								"down": { "texture": "#skin", "uv": [ 3.0, 29.0, 5.5, 31.0 ], "rotation": 90 }
							},
							"children": [
								{
									"name": "Face",
									"from": [ -1.9, 1.0, 0.6 ],
									"to": [ 0.1, 2.0, 2.1 ],
									"unwrapMode": 5,
									"unwrapRotation": 1,
									"uv": [ 11.5, 31.0 ],
									"rotationOrigin": [ 0.1, 2.0, 1.3 ],
									"rotationZ": 12.0,
									"faces": {
										"north": { "texture": "#skin", "uv": [ 11.5, 31.0, 12.5, 33.0 ], "rotation": 270 },
										"south": { "texture": "#skin", "uv": [ 14.0, 31.0, 15.0, 33.0 ], "rotation": 90 },
										"west": { "texture": "#skin", "uv": [ 12.5, 33.0, 14.0, 34.0 ], "windMode": [-1,-1,-1,-1] },
										"up": { "texture": "#skin", "uv": [ 12.5, 31.0, 14.0, 33.0 ], "rotation": 90 }
									},
									"children": [
										{
											"name": "Uppermouth",
											"from": [ 0.0, 0.0, -0.1 ],
											"to": [ 2.0, 0.65, 1.6 ],
											"unwrapMode": 5,
											"unwrapRotation": 1,
											"uv": [ 15.5, 31.0 ],
											"rotationOrigin": [ 0.0, 0.6, -0.1 ],
											"rotationZ": -20.0,
											"faces": {
												"north": { "texture": "#skin", "uv": [ 15.5, 31.0, 16.0, 33.0 ], "rotation": 270 },
												"south": { "texture": "#skin", "uv": [ 17.5, 31.0, 18.0, 33.0 ], "rotation": 90 },
												"west": { "texture": "#skin", "uv": [ 16.0, 33.0, 17.5, 33.5 ], "windMode": [-1,-1,-1,-1] },
												"up": { "texture": "#skin", "uv": [ 16.0, 31.0, 17.5, 33.0 ], "rotation": 90 },
												"down": { "texture": "#skin", "uv": [ 18.0, 31.0, 19.5, 33.0 ], "rotation": 270 }
											},
											"children": [
												{
													"name": "Upper teeth",
													"from": [ 0.1, -0.3, 0.2 ],
													"to": [ 0.3, 0.1, 0.4 ],
													"unwrapMode": 7,
													"unwrapRotation": 1,
													"uv": [ 6.0, 25.0 ],
													"rotationOrigin": [ 0.1, 0.1, 0.4 ],
													"rotationX": -2.0,
													"rotationZ": 7.0,
													"faces": {
														"north": { "texture": "#skin", "uv": [ 6.5, 25.5, 7.0, 26.0 ], "rotation": 90 },
														"east": { "texture": "#skin", "uv": [ 6.5, 26.0, 7.0, 26.5 ] },
														"south": { "texture": "#skin", "uv": [ 6.0, 25.5, 6.5, 26.0 ], "rotation": 270 },
														"west": { "texture": "#skin", "uv": [ 6.5, 25.0, 7.0, 25.5 ], "rotation": 180 },
														"down": { "texture": "#skin", "uv": [ 7.0, 25.5, 7.5, 26.0 ], "rotation": 90 }
													}
												},
												{
													"name": "Upper teeth2",
													"from": [ 0.1, -0.3, 1.3 ],
													"to": [ 0.3, 0.1, 1.5 ],
													"unwrapMode": 7,
													"unwrapRotation": 1,
													"uv": [ 6.0, 25.0 ],
													"rotationOrigin": [ 0.1, 0.1, 1.3 ],
													"rotationX": 2.0,
													"rotationZ": 7.0,
													"faces": {
														"north": { "texture": "#skin", "uv": [ 6.5, 25.5, 7.0, 26.0 ], "rotation": 90 },
														"east": { "texture": "#skin", "uv": [ 6.5, 26.0, 7.0, 26.5 ] },
														"south": { "texture": "#skin", "uv": [ 6.0, 25.5, 6.5, 26.0 ], "rotation": 270 },
														"west": { "texture": "#skin", "uv": [ 6.5, 25.0, 7.0, 25.5 ], "rotation": 180 },
														"down": { "texture": "#skin", "uv": [ 7.0, 25.5, 7.5, 26.0 ], "rotation": 90 }
													}
												}
											]
										},
										{
											"name": "Snout",
											"from": [ -0.1, 0.45, 0.25 ],
											"to": [ 0.4, 1.05, 1.25 ],
											"unwrapMode": 5,
											"unwrapRotation": 1,
											"uv": [ 20.0, 31.0 ],
											"rotationOrigin": [ -0.1, 0.3, 0.25 ],
											"rotationZ": -6.0,
											"faces": {
												"north": { "texture": "#skin", "uv": [ 20.0, 31.0, 20.5, 31.5 ], "rotation": 270 },
												"south": { "texture": "#skin", "uv": [ 21.5, 31.0, 22.0, 31.5 ], "rotation": 90 },
												"west": { "texture": "#skin", "uv": [ 20.5, 31.5, 21.5, 32.0 ] },
												"up": { "texture": "#skin", "uv": [ 20.5, 31.0, 21.5, 31.5 ], "rotation": 90 }
											}
										},
										{
											"name": "REye",
											"from": [ 1.55, 0.15, -0.4 ],
											"to": [ 1.85, 0.45, 0.0 ],
											"unwrapMode": 2,
											"uv": [ 20.5, 19.5 ],
											"rotationOrigin": [ 1.6, 0.15, 0.0 ],
											"rotationY": -15.0,
											"rotationZ": -20.0,
											"faces": {
												"north": { "texture": "#skin", "uv": [ 20.5, 20.0, 21.0, 20.5 ] },
												"west": { "texture": "#skin", "uv": [ 21.0, 20.0, 21.5, 20.5 ] },
												"up": { "texture": "#skin", "uv": [ 20.5, 19.5, 21.0, 20.0 ], "rotation": 270 },
												"down": { "texture": "#skin", "uv": [ 20.5, 20.5, 21.0, 21.0 ], "rotation": 270, "windMode": [-1,-1,-1,-1] }
											},
											"children": [
												{
													"name": "RPupil",
													"from": [ -0.01, 0.1, 0.15 ],
													"to": [ 0.09, 0.2, 0.25 ],
													"unwrapMode": 4,
													"uv": [ 18.5, 19.0 ],
													"rotationOrigin": [ -0.01, 0.1, 0.15 ],
													"faces": {
														"north": { "texture": "#skin", "uv": [ 18.5, 19.5, 19.0, 20.0 ] },
														"south": { "texture": "#skin", "uv": [ 19.5, 19.5, 20.0, 20.0 ] },
														"west": { "texture": "#skin", "uv": [ 19.0, 19.5, 19.5, 20.0 ] },
														"up": { "texture": "#skin", "uv": [ 19.0, 19.0, 19.5, 19.5 ], "rotation": 90 },
														"down": { "texture": "#skin", "uv": [ 19.0, 20.0, 19.5, 20.5 ], "rotation": 90 }
													}
												}
											]
										},
										{
											"name": "LEye",
											"from": [ 1.55, 0.15, 1.5 ],
											"to": [ 1.85, 0.45, 1.9 ],
											"unwrapMode": 2,
											"uv": [ 20.5, 21.5 ],
											"rotationOrigin": [ 1.6, 0.15, 1.5 ],
											"rotationY": 15.0,
											"rotationZ": -20.0,
											"faces": {
												"south": { "texture": "#skin", "uv": [ 20.5, 22.0, 21.0, 22.5 ] },
												"west": { "texture": "#skin", "uv": [ 21.0, 22.0, 21.5, 22.5 ] },
												"up": { "texture": "#skin", "uv": [ 21.0, 21.5, 21.5, 22.0 ], "rotation": 270 },
												"down": { "texture": "#skin", "uv": [ 21.0, 22.5, 21.5, 23.0 ], "rotation": 270, "windMode": [-1,-1,-1,-1] }
											},
											"children": [
												{
													"name": "LPupil",
													"from": [ -0.01, 0.1, 0.15 ],
													"to": [ 0.09, 0.2, 0.25 ],
													"unwrapMode": 4,
													"uv": [ 18.5, 19.0 ],
													"rotationOrigin": [ -0.01, 0.1, 0.15 ],
													"faces": {
														"north": { "texture": "#skin", "uv": [ 18.5, 19.5, 19.0, 20.0 ] },
														"south": { "texture": "#skin", "uv": [ 19.5, 19.5, 20.0, 20.0 ] },
														"west": { "texture": "#skin", "uv": [ 19.0, 19.5, 19.5, 20.0 ] },
														"up": { "texture": "#skin", "uv": [ 19.0, 19.0, 19.5, 19.5 ], "rotation": 90 },
														"down": { "texture": "#skin", "uv": [ 19.0, 20.0, 19.5, 20.5 ], "rotation": 90 }
													}
												}
											]
										}
									]
								},
								{
									"name": "Jaw",
									"from": [ 0.0, -1.1, 0.05 ],
									"to": [ 2.0, 0.9, 2.65 ],
									"unwrapMode": 6,
									"unwrapRotation": 1,
									"uv": [ 4.0, 29.5 ],
									"rotationOrigin": [ 1.8, -0.1, 1.3 ],
									"rotationZ": 11.0,
									"faces": {
										"north": { "texture": "#skin", "uv": [ 4.0, 31.5, 6.0, 33.5 ], "rotation": 90 },
										"east": { "texture": "#skin", "uv": [ 6.0, 33.5, 8.5, 35.5 ], "rotation": 180, "windMode": [-1,-1,-1,-1] },
										"south": { "texture": "#skin", "uv": [ 8.5, 31.5, 10.5, 33.5 ], "rotation": 270 },
										"west": { "texture": "#skin", "uv": [ 6.0, 29.5, 8.5, 31.5 ], "windMode": [-1,-1,-1,-1] },
										"down": { "texture": "#skin", "uv": [ 6.0, 31.5, 8.5, 33.5 ], "rotation": 90 }
									},
									"children": [
										{
											"name": "Lowermouth",
											"from": [ -1.7, 0.1, 0.55 ],
											"to": [ 0.3, 0.7, 2.05 ],
											"unwrapMode": 5,
											"unwrapRotation": 1,
											"uv": [ 15.5, 34.0 ],
											"rotationOrigin": [ 0.3, 0.4, 1.3 ],
											"rotationZ": 8.0,
											"faces": {
												"north": { "texture": "#skin", "uv": [ 15.5, 34.0, 16.0, 36.0 ], "rotation": 270 },
												"south": { "texture": "#skin", "uv": [ 17.5, 34.0, 18.0, 36.0 ], "rotation": 90 },
												"west": { "texture": "#skin", "uv": [ 16.0, 36.0, 17.5, 36.5 ] },
												"up": { "texture": "#skin", "uv": [ 16.0, 34.0, 17.5, 36.0 ], "rotation": 90 },
												"down": { "texture": "#skin", "uv": [ 18.0, 34.0, 19.5, 36.0 ], "rotation": 270 }
											},
											"children": [
												{
													"name": "Lower teeth",
													"from": [ 0.1, 0.4, 0.4 ],
													"to": [ 0.3, 0.9, 0.6 ],
													"unwrapMode": 2,
													"uv": [ 8.0, 25.0 ],
													"rotationOrigin": [ 0.1, 0.4, 0.5 ],
													"rotationX": -5.0,
													"rotationZ": 10.0,
													"faces": {
														"north": { "texture": "#skin", "uv": [ 9.0, 25.5, 9.5, 26.0 ] },
														"east": { "texture": "#skin", "uv": [ 8.5, 25.5, 9.0, 26.0 ] },
														"south": { "texture": "#skin", "uv": [ 8.0, 25.5, 8.5, 26.0 ] },
														"west": { "texture": "#skin", "uv": [ 9.5, 25.5, 10.0, 26.0 ] },
														"up": { "texture": "#skin", "uv": [ 8.5, 25.0, 9.0, 25.5 ], "rotation": 270 }
													}
												},
												{
													"name": "Lower teeth2",
													"from": [ 0.1, 0.4, 0.9 ],
													"to": [ 0.3, 0.9, 1.1 ],
													"unwrapMode": 2,
													"uv": [ 8.0, 25.0 ],
													"rotationOrigin": [ 0.1, 0.4, 0.9 ],
													"rotationX": 5.0,
													"rotationZ": 10.0,
													"faces": {
														"north": { "texture": "#skin", "uv": [ 9.0, 25.5, 9.5, 26.0 ] },
														"east": { "texture": "#skin", "uv": [ 8.5, 25.5, 9.0, 26.0 ] },
														"south": { "texture": "#skin", "uv": [ 8.0, 25.5, 8.5, 26.0 ] },
														"west": { "texture": "#skin", "uv": [ 9.5, 25.5, 10.0, 26.0 ] },
														"up": { "texture": "#skin", "uv": [ 8.5, 25.0, 9.0, 25.5 ], "rotation": 270 }
													}
												}
											]
										}
									]
								},
								{
									"name": "R Earbase",
									"from": [ 1.5, 1.8, 0.5 ],
									"to": [ 3.0, 2.4, 0.8 ],
									"unwrapMode": 3,
									"uv": [ 1.0, 35.0 ],
									"rotationOrigin": [ 1.5, 1.8, 0.8 ],
									"rotationY": 67.5,
									"rotationZ": -55.0,
									"faces": {
										"north": { "texture": "#skin", "uv": [ 3.5, 35.5, 5.0, 36.0 ] },
										"east": { "texture": "#skin", "uv": [ 3.0, 35.5, 3.5, 36.0 ] },
										"south": { "texture": "#skin", "uv": [ 1.5, 35.5, 3.0, 36.0 ] },
										"west": { "texture": "#skin", "uv": [ 1.0, 35.5, 1.5, 36.0 ] },
										"up": { "texture": "#skin", "uv": [ 1.5, 35.0, 3.0, 35.5 ] }
									},
									"children": [
										{
											"name": "R Eartip",
											"from": [ 0.0, 0.6, 0.0 ],
											"to": [ 0.5, 1.6, 0.3 ],
											"unwrapMode": 3,
											"uv": [ 1.0, 33.0 ],
											"rotationOrigin": [ 0.0, 0.6, 0.0 ],
											"rotationZ": -25.0,
											"faces": {
												"north": { "texture": "#skin", "uv": [ 2.5, 33.5, 3.0, 34.5 ] },
												"east": { "texture": "#skin", "uv": [ 2.0, 33.5, 2.5, 34.5 ], "windMode": [-1,-1,-1,-1] },
												"south": { "texture": "#skin", "uv": [ 1.5, 33.5, 2.0, 34.5 ] },
												"west": { "texture": "#skin", "uv": [ 1.0, 33.5, 1.5, 34.5 ], "windMode": [-1,-1,-1,-1] },
												"up": { "texture": "#skin", "uv": [ 1.5, 33.0, 2.0, 33.5 ], "windMode": [-1,-1,-1,-1] }
											}
										},
										{
											"name": "R Eartip2",
											"from": [ 0.9, 0.6, 0.19 ],
											"to": [ 1.5, 1.6, 0.29 ],
											"unwrapMode": 3,
											"uv": [ 1.0, 31.5 ],
											"rotationOrigin": [ 1.5, 0.6, 0.19 ],
											"rotationZ": 45.0,
											"faces": {
												"north": { "texture": "#skin", "uv": [ 2.5, 32.0, 3.0, 33.0 ] },
												"east": { "texture": "#skin", "uv": [ 2.0, 32.0, 2.5, 33.0 ], "windMode": [-1,-1,-1,-1] },
												"south": { "texture": "#skin", "uv": [ 1.5, 32.0, 2.0, 33.0 ] },
												"west": { "texture": "#skin", "uv": [ 1.0, 32.0, 1.5, 33.0 ], "windMode": [-1,-1,-1,-1] },
												"up": { "texture": "#skin", "uv": [ 1.5, 31.5, 2.0, 32.0 ] }
											}
										}
									]
								},
								{
									"name": "L Earbase",
									"from": [ 1.5, 1.8, 1.9 ],
									"to": [ 3.0, 2.4, 2.2 ],
									"unwrapMode": 1,
									"uv": [ 1.0, 23.5 ],
									"rotationOrigin": [ 1.5, 1.8, 1.9 ],
									"rotationY": -67.5,
									"rotationZ": -55.0,
									"faces": {
										"north": { "texture": "#skin", "uv": [ 1.5, 24.0, 3.0, 24.5 ] },
										"east": { "texture": "#skin", "uv": [ 1.0, 24.0, 1.5, 24.5 ] },
										"south": { "texture": "#skin", "uv": [ 3.5, 24.0, 5.0, 24.5 ] },
										"west": { "texture": "#skin", "uv": [ 3.0, 24.0, 3.5, 24.5 ] },
										"up": { "texture": "#skin", "uv": [ 1.5, 23.5, 3.0, 24.0 ], "rotation": 180 }
									},
									"children": [
										{
											"name": "L Eartip",
											"from": [ 0.0, 0.6, 0.0 ],
											"to": [ 0.5, 1.6, 0.3 ],
											"unwrapMode": 1,
											"uv": [ 1.0, 21.5 ],
											"rotationOrigin": [ 0.0, 0.6, 0.0 ],
											"rotationZ": -25.0,
											"faces": {
												"north": { "texture": "#skin", "uv": [ 1.5, 22.0, 2.0, 23.0 ] },
												"east": { "texture": "#skin", "uv": [ 1.0, 22.0, 1.5, 23.0 ], "windMode": [-1,-1,-1,-1] },
												"south": { "texture": "#skin", "uv": [ 2.5, 22.0, 3.0, 23.0 ] },
												"west": { "texture": "#skin", "uv": [ 2.0, 22.0, 2.5, 23.0 ], "windMode": [-1,-1,-1,-1] },
												"up": { "texture": "#skin", "uv": [ 1.5, 21.5, 2.0, 22.0 ], "rotation": 180 }
											}
										},
										{
											"name": "L Eartip2",
											"from": [ 0.9, 0.6, 0.01 ],
											"to": [ 1.5, 1.6, 0.11 ],
											"unwrapMode": 1,
											"uv": [ 2.5, 20.5 ],
											"rotationOrigin": [ 1.5, 0.6, 0.1 ],
											"rotationZ": 45.0,
											"faces": {
												"north": { "texture": "#skin", "uv": [ 3.0, 21.0, 3.5, 22.0 ] },
												"east": { "texture": "#skin", "uv": [ 2.5, 21.0, 3.0, 22.0 ], "windMode": [-1,-1,-1,-1] },
												"south": { "texture": "#skin", "uv": [ 4.0, 21.0, 4.5, 22.0 ] },
												"west": { "texture": "#skin", "uv": [ 3.5, 21.0, 4.0, 22.0 ], "windMode": [-1,-1,-1,-1] },
												"up": { "texture": "#skin", "uv": [ 3.0, 20.5, 3.5, 21.0 ], "rotation": 180 }
											}
										}
									]
								}
							]
						}
					],
					"attachmentpoints": [
						{
							"code": "rope",
							"posX": "1.0","posY": "0.0","posZ": "1.2",
							"rotationX": "0.0","rotationY": "0.0","rotationZ": "0.0"
						}
					]
				}
			]
		}
	]}