{
	"editor": {
		"backDropShape": "C:/Users/Robin/AppData/Roaming/VintagestoryData/Mods/IndiginousVillagers/assets/game/shapes/entity/humanoid/seraph-faceless",
		"allAngles": true,
		"entityTextureMode": true
	},
	"textureWidth": 64,
	"textureHeight": 64,
	"textureSizes": {
	},
	"textures": {
		"wood": "entity/humanoid/serapharmor/improvised/wood"
	},
	"elements": [
		{
			"name": "ArmorUpperTorso",
			"stepParentName": "UpperTorso",
			"from": [ -0.3, -0.2, -0.3 ],
			"to": [ 5.3, 2.2, 6.5 ],
			"autoUnwrap": false,
			"uv": [ 0.0, 0.0 ],
			"rotationOrigin": [ -0.3, -0.2, -0.3 ],
			"faces": {
				"north": { "texture": "#wood", "uv": [ 0.0, 6.5, 5.5, 8.5 ] },
				"east": { "texture": "#wood", "uv": [ 5.5, 6.5, 12.0, 8.5 ] },
				"south": { "texture": "#wood", "uv": [ 12.0, 6.5, 17.5, 8.5 ] },
				"west": { "texture": "#wood", "uv": [ 17.5, 6.5, 24.0, 8.5 ] },
				"up": { "texture": "#wood", "uv": [ 0.0, 0.0, 5.5, 6.5 ] },
				"down": { "texture": "#wood", "uv": [ 5.5, 0.0, 11.0, 6.5 ] }
			},
			"children": [
				{
					"name": "ArmorUpperTorso2",
					"from": [ 0.0, 4.7, 7.3 ],
					"to": [ 5.6, 6.1, 14.1 ],
					"autoUnwrap": false,
					"uv": [ 0.0, 0.0 ],
					"rotationOrigin": [ 0.0, 5.0, 7.0 ],
					"rotationX": 180.0,
					"faces": {
						"north": { "texture": "#wood", "uv": [ 12.0, 6.5, 17.5, 7.5 ] },
						"east": { "texture": "#wood", "uv": [ 5.5, 6.5, 12.0, 7.5 ] },
						"south": { "texture": "#wood", "uv": [ 0.0, 6.5, 5.5, 7.5 ] },
						"west": { "texture": "#wood", "uv": [ 17.5, 6.5, 24.0, 7.5 ] },
						"up": { "texture": "#wood", "uv": [ 0.0, 12.0, 5.5, 18.5 ], "windMode": [-1,-1,-1,-1], "windData": [1,1,1,1] },
						"down": { "texture": "#wood", "uv": [ 5.5, 12.0, 11.0, 18.5 ], "windMode": [-1,-1,-1,-1], "windData": [1,1,1,1] }
					}
				}
			]
		},
		{
			"name": "ArmorLowerTorso",
			"stepParentName": "LowerTorso",
			"from": [ -0.3, -0.5, -0.3 ],
			"to": [ 5.3, 5.1, 6.3 ],
			"autoUnwrap": false,
			"uv": [ 0.0, 11.5 ],
			"rotationOrigin": [ -0.3, -0.5, -0.3 ],
			"faces": {
				"north": { "texture": "#wood", "uv": [ 12.0, 18.0, 17.5, 23.5 ] },
				"east": { "texture": "#wood", "uv": [ 5.5, 18.0, 12.0, 23.5 ] },
				"south": { "texture": "#wood", "uv": [ 0.0, 18.0, 5.5, 23.5 ] },
				"west": { "texture": "#wood", "uv": [ 17.5, 18.0, 24.0, 23.5 ] },
				"up": { "texture": "#wood", "uv": [ 0.0, 11.5, 5.5, 18.0 ] },
				"down": { "texture": "#wood", "uv": [ 5.5, 11.5, 11.0, 18.0 ] }
			}
		},
		{
			"name": "ArmorUpperArmR",
			"stepParentName": "UpperArmR",
			"from": [ -0.2, -0.2, -0.4 ],
			"to": [ 3.1, 7.2, 2.0 ],
			"autoUnwrap": false,
			"uv": [ 36.0, 0.0 ],
			"rotationOrigin": [ -0.2, -0.2, -0.4 ],
			"faces": {
				"north": { "texture": "#wood", "uv": [ 36.0, 2.0, 39.0, 9.0 ] },
				"east": { "texture": "#wood", "uv": [ 44.0, 2.0, 46.0, 9.0 ] },
				"south": { "texture": "#wood", "uv": [ 41.0, 2.0, 44.0, 9.0 ] },
				"west": { "texture": "#wood", "uv": [ 39.0, 2.0, 41.0, 9.0 ] },
				"up": { "texture": "#wood", "uv": [ 36.0, 0.0, 39.0, 2.0 ], "rotation": 180 },
				"down": { "texture": "#wood", "uv": [ 39.0, 0.0, 42.0, 2.0 ] }
			},
			"children": [
				{
					"name": "ArmorShoulderR",
					"from": [ -0.5, 6.8, 0.4 ],
					"to": [ 3.5, 7.8, 1.9 ],
					"unwrapMode": 5,
					"uv": [ 24.0, 17.0 ],
					"rotationOrigin": [ -0.5, 6.8, 0.4 ],
					"faces": {
						"north": { "texture": "#wood", "uv": [ 25.0, 17.0, 29.0, 18.0 ], "rotation": 180 },
						"east": { "texture": "#wood", "uv": [ 29.0, 18.0, 30.0, 19.5 ], "rotation": 90 },
						"south": { "texture": "#wood", "uv": [ 25.0, 19.5, 29.0, 20.5 ] },
						"west": { "texture": "#wood", "uv": [ 24.0, 18.0, 25.0, 19.5 ], "rotation": 270 },
						"up": { "texture": "#wood", "uv": [ 25.0, 18.0, 29.0, 19.5 ] },
						"down": { "texture": "#wood", "uv": [ 30.0, 18.0, 34.0, 19.5 ] }
					}
				}
			]
		},
		{
			"name": "ArmorUpperArmL",
			"stepParentName": "UpperArmL",
			"from": [ -0.2, -0.2, -0.2 ],
			"to": [ 3.1, 7.2, 2.2 ],
			"autoUnwrap": false,
			"uv": [ 26.0, 0.0 ],
			"rotationOrigin": [ -0.2, -0.2, -0.2 ],
			"faces": {
				"north": { "texture": "#wood", "uv": [ 26.0, 2.0, 29.0, 9.0 ] },
				"east": { "texture": "#wood", "uv": [ 34.0, 2.0, 36.0, 9.0 ] },
				"south": { "texture": "#wood", "uv": [ 31.0, 2.0, 34.0, 9.0 ] },
				"west": { "texture": "#wood", "uv": [ 29.0, 2.0, 31.0, 9.0 ] },
				"up": { "texture": "#wood", "uv": [ 26.0, 0.0, 29.0, 2.0 ] },
				"down": { "texture": "#wood", "uv": [ 29.0, 0.0, 32.0, 2.0 ] }
			},
			"children": [
				{
					"name": "ArmorShoulderL",
					"from": [ -0.5, 6.8, 0.2 ],
					"to": [ 3.5, 7.8, 1.7 ],
					"unwrapMode": 5,
					"uv": [ 24.0, 20.5 ],
					"rotationOrigin": [ -0.5, 6.8, 0.2 ],
					"faces": {
						"north": { "texture": "#wood", "uv": [ 25.0, 20.5, 29.0, 21.5 ], "rotation": 180 },
						"east": { "texture": "#wood", "uv": [ 29.0, 21.5, 30.0, 23.0 ], "rotation": 90 },
						"south": { "texture": "#wood", "uv": [ 25.0, 23.0, 29.0, 24.0 ] },
						"west": { "texture": "#wood", "uv": [ 24.0, 21.5, 25.0, 23.0 ], "rotation": 270 },
						"up": { "texture": "#wood", "uv": [ 25.0, 21.5, 29.0, 23.0 ] },
						"down": { "texture": "#wood", "uv": [ 30.0, 21.5, 34.0, 23.0 ] }
					}
				}
			]
		},
		{
			"name": "ArmorCoatR",
			"stepParentName": "UpperFootR",
			"from": [ -0.7, -0.8, -0.35 ],
			"to": [ 4.9, 6.2, 3.15 ],
			"autoUnwrap": false,
			"uv": [ 18.0, 24.5 ],
			"rotationOrigin": [ -0.7, -0.8, -0.5 ],
			"faces": {
				"north": { "texture": "#wood", "uv": [ 18.0, 28.0, 23.5, 35.0 ] },
				"east": { "texture": "#wood", "uv": [ 32.5, 28.0, 36.0, 35.0 ] },
				"south": { "texture": "#wood", "uv": [ 27.0, 28.0, 32.5, 35.0 ] },
				"west": { "texture": "#wood", "uv": [ 23.5, 28.0, 27.0, 35.0 ] },
				"up": { "texture": "#wood", "uv": [ 18.0, 24.5, 23.5, 28.0 ] },
				"down": { "texture": "#wood", "uv": [ 23.5, 24.5, 29.0, 28.0 ] }
			}
		},
		{
			"name": "ArmorCoatL",
			"stepParentName": "UpperFootL",
			"from": [ -0.7, -0.8, 0.05 ],
			"to": [ 4.9, 6.2, 3.55 ],
			"autoUnwrap": false,
			"uv": [ 0.0, 24.5 ],
			"rotationOrigin": [ -0.7, -0.8, -0.1 ],
			"faces": {
				"north": { "texture": "#wood", "uv": [ 0.0, 28.0, 5.5, 35.0 ] },
				"east": { "texture": "#wood", "uv": [ 14.5, 28.0, 18.0, 35.0 ] },
				"south": { "texture": "#wood", "uv": [ 9.0, 28.0, 14.5, 35.0 ] },
				"west": { "texture": "#wood", "uv": [ 5.5, 28.0, 9.0, 35.0 ] },
				"up": { "texture": "#wood", "uv": [ 0.0, 24.5, 5.5, 28.0 ] },
				"down": { "texture": "#wood", "uv": [ 5.5, 24.5, 11.0, 28.0 ] }
			}
		}
	]}