﻿{
  "code": "key",
  "class": "ItemKey",
  "maxstacksize": 1,
  "shape": { "base": "thievery:key" },
  "behaviors": [
    { "name": "GroundStorable", "properties": { "layout": "Quadrants", "collisionBox": { "x1": 0, "y1": 0, "z1": 0, "x2": 1, "y2": 0.125, "z2": 1 } } }
  ],
  "variantgroups": [
    { "code": "metal", "loadFromProperties": "block/metal", "states": ["blistersteel", "leadsolder", "silversolder", "aged"] }
  ],
  "texturesByType": {
    "*-aged": {"metal": { "base": "game:block/metal/corroded/rusty3" }},
    "*": {"metal": { "base": "game:block/metal/ingot/{metal}" }}},
  "creativeinventory": { "general": ["*"], "items": ["*"] },
  "attributes": {
    "onTongTransform": {
      "translation": { "x": -0.7, "y": -0.8, "z": -0.6 },
      "rotation": { "x": -73, "y": -76, "z": 103 }
    },
    "toolrackTransform": {
      "translation": { "x": 0, "y": -0.1, "z": 0.7 },
      "rotation": { "x": 0, "y": -90, "z": -90 },
      "scale": 1.42
    },
    "groundStorageTransform": {
      "translation": { "x": -0.04, "y": -0.07, "z": -0.03 },
      "rotation": { "x": 0, "y": 0, "z": 90 },
      "origin": { "x": 0.5, "y": 0.1, "z": 0 }
    }
  },
  "guiTransform": {
    "translation": { "x": 5, "y": -13, "z": 0 },
    "rotation": { "x": -97, "y": 53, "z": -93 },
    "origin": { "x": 0.5, "y": 0.12, "z": 0.5 },
    "scale": 4.7
  },
  "groundTransform": {
    "translation": { "x": 0, "y": 0.02, "z": 0 },
    "rotation": { "x": 0, "y": 0, "z": 90 },
    "origin": { "x": 0.5, "y": 0.2, "z": 0.46 },
    "scale": 3.5
  },
  "tpHandTransform": {
    "translation": { "x": -0.72, "y": -0.15, "z": -0.66 },
    "rotation": { "x": 1, "y": 85, "z": 2 },
    "origin": { "x": 0.5, "y": 0.15, "z": 0.5 },
    "scale": 0.76
  },
  "durabilitybytype": {
    "*-aged": 100
  },
  "tool": "Probe"
}
