﻿{
  "code": "locktool",
  "storageFlags": 257,
  "class": "ItemLockTool",
  "maxstacksize": 1,
  "shape": { "base": "thievery:locktool" },
  "behaviors": [
    { "name": "GroundStorable", "properties": { "layout": "Quadrants", "collisionBox": { "x1": 0, "y1": 0, "z1": 0, "x2": 1, "y2": 0.125, "z2": 1 } } }
  ],
  "variantgroups": [
    { "code": "metal", "states": [ "copper", "tinbronze", "blackbronze", "bismuthbronze", "iron", "meteoriciron", "steel" ] }
  ],
  "attributes": {
    "heldItemPitchFollow": 1,
    "alwaysPlayHeldReady": false,
    "onTongTransform": {
      "translation": { "x": -0.7, "y": -0.8, "z": -0.6 },
      "rotation": { "x": -73, "y": -76, "z": 103 }
    },
    "toolrackTransform": {
      "translation": { "x": -0.2, "y": 0.45, "z": 0 },
      "rotation": { "x": 5, "y": 180, "z": -1 },
      "scale": 1.25
    }
  },
  "textures": {
    "metal": { "base": "game:block/metal/ingot/{metal}" }},
  "creativeinventory": { "general": ["*"], "items": ["*"] },
  "guiTransform": {
    "translation": { "x": 6, "y": 5, "z": 0 },
    "rotation": { "x": -27, "y": 37, "z": -28 },
    "origin": { "x": 0.5, "y": 0.12, "z": 0.5 },
    "scale": 3
  },
  "groundTransform": {
    "translation": { "x": 0, "y": 0.02, "z": 0 },
    "rotation": { "x": 0, "y": 0, "z": 90 },
    "origin": { "x": 0.5, "y": 0.2, "z": 0.46 },
    "scale": 3.5
  },
  "tpHandTransform": {
    "translation": { "x": -0.9, "y": -0.15, "z": -0.66 },
    "rotation": { "x": 0, "y": 0, "z": 0 },
    "origin": { "x": 0.5, "y": 0.15, "z": 0.5 },
    "scale": 0.76
  },
  "tool": "Probe",
  "durabilitybytype": {
    "locktool-copper": 600,
    "locktool-blackbronze": 1000,
    "locktool-bismuthbronze": 1200,
    "locktool-tinbronze": 1400,
    "locktool-iron": 2000,
    "locktool-meteoriciron": 2800,
    "locktool-steel": 6000
  }
}
