﻿{
  "code": "tensionwrench",
  "storageFlags": 257,
  "class": "ItemTensionWrench",
  "maxstacksize": 1,
  "shape": { "base": "thievery:tensionwrench" },
  "behaviors": [
    { "name": "GroundStorable", "properties": { "layout": "Quadrants", "collisionBox": { "x1": 0, "y1": 0, "z1": 0, "x2": 1, "y2": 0.125, "z2": 1 } } }
  ],
  "variantgroups": [
    { "code": "metal", "states": [ "copper", "tinbronze", "blackbronze", "bismuthbronze", "iron", "meteoriciron", "steel" ] }
  ],
  "attributes": {
    "heldItemPitchFollow": 1,
    "alwaysPlayHeldReady": true,
    "onTongTransform": {
      "translation": { "x": -0.7, "y": -0.8, "z": -0.6 },
      "rotation": { "x": -73, "y": -76, "z": 103 }
    },
    "toolrackTransform": {
      "translation": { "x": -0.15, "y": 0.36, "z": 0 },
      "rotation": { "x": 0, "y": 90, "z": 0 }
    }
  },
  "textures": {
    "metal": { "base": "game:block/metal/ingot/{metal}" }},
  "creativeinventory": { "general": ["*"], "items": ["*"] },
  "guiTransform": {
    "translation": { "x": 0, "y": 0, "z": 0 },
    "rotation": { "x": -27, "y": 31, "z": 0 },
    "origin": { "x": 0.5, "y": 0.12, "z": 0.5 },
    "scale": 4.7
  },
  "groundTransform": {
    "translation": { "x": 0, "y": 0.02, "z": 0 },
    "rotation": { "x": 0, "y": 0, "z": 90 },
    "origin": { "x": 0.5, "y": 0.2, "z": 0.46 },
    "scale": 3.5
  },
  "tpHandTransform": {
    "translation": { "x": -0.72, "y": -0.15, "z": -0.66 },
    "rotation": { "x": 1, "y": 85, "z": 2 },
    "origin": { "x": 0.5, "y": 0.15, "z": 0.5 },
    "scale": 0.76
  },
  "tool": "Probe",
  "durabilitybytype": {
    "tensionwrench-copper": 600,
    "tensionwrench-blackbronze": 1000,
    "tensionwrench-bismuthbronze": 1200,
    "tensionwrench-tinbronze": 1400,
    "tensionwrench-iron": 2000,
    "tensionwrench-meteoriciron": 2800,
    "tensionwrench-steel": 6000
  }
}
