{"GameVersion":"1.18.0-pre.7","SizeX":5,"SizeY":5,"SizeZ":5,"BlockCodes":{"2046":"game:soil-medium-none","2250":"game:cobblestone-granite","42579":"game:clutter","2459":"game:stonepath-free"},"ItemCodes":{},"Indices":[0,1024,2048,3072,4096,1048576,1049600,1050624,1051648,1052672,2097152,2098176,2099200,2100224,3145728,3146752,1,1025,2049,3073,4097,1048577,1049601,1050625,1051649,1052673,2097153,2098177,2099201,2100225,2101249,3145729,2,1026,2050,3074,4098,1048578,1049602,1050626,1051650,1052674,2097154,2098178,2099202,3,1027,2051,3075,4099,1048579,1049603,1050627,1051651,1052675,2097155,2098179,2099203,2100227,3145731,4,1028,2052,3076,4100,1048580,1049604,1050628,1051652,1052676,2097156,2098180,2099204,2100228,3145732,3146756,4194308],"BlockIds":[2046,2046,2046,2046,2046,2250,2250,2250,2250,2250,2250,2250,42579,42579,2250,42579,2046,2046,2046,2046,2046,2250,2250,2250,2250,2250,2250,42579,42579,42579,42579,2250,2046,2046,2046,2046,2046,2250,2250,2250,2459,2459,2250,42579,42579,2046,2046,2046,2046,2046,2250,2250,2250,2250,2250,2250,42579,42579,42579,2250,2046,2046,2046,2046,2046,2250,2250,2250,2250,2250,2250,2250,2250,42579,2250,42579,2250],"DecorIndices":[],"DecorIds":[],"BlockEntities":{"2099200":"!<d@[F*KSC!!!$&E,TfC&c_n3!<d@[F*\\&k!!!0/@VfsmCI<#NAHu^]F`__:EWlSfH#R=(E+s-\"/T>WMFCfK<0a%`%DffE0AQSp4!!!-.D.Rd%6#L=OAH2]1!!EOIDffE0AQf'6!!!<3@rH1\"ARfgnA,lT","2100224":"!<d@[F*KSC!!!$&E,TfC&c_n3!<d@[F*\\)l!!!0/@VfsmCI<#NAHu^]F`__:EWlSfH#R='E+s-\"/S8g-F),hO\":&scFCB9&=9&=$!!EUFATMNNDJ*csz\":&scFCB9&=o\\O&!!rsADes6$@ru9m!!!","3146752":"!<d@[F*KSC!!!$&E,TfC'*&\"4!<d@[F*\\#j!!!0/@VfsmCI<#NAHu^]F`__:EWlSfH#R=(FCAWpAM%qFBl7Km1B[r'DffE0AQSp4!!!-.D.Rd%6#L=OAH2]1!!EOIDffE0AQf'6!!!<3@rH1\"ARfgnA,lT","2098177":"!<d@[F*KVD!!!$&E,TfC&c_n3!<d@[F*\\#j!!!0/@VfsmCI<#NAHu^]F`__:EWlSfH#R=,D.R3j@;]dhF\"METBl7Km2$=/)DffE0AQSp4!!!-.D.Rd%6#L=OAH2]1!!EOIDffE0AQf'6!!!<3@rH1\"ARfgnA,lT","2099201":"!<d@[F*KVD!!!$&E,TfC&c_n3!<d@[F*\\&k!!!0/@VfsmCI<#NAHu^]F`__:EWlSfH#R=(Ecki#Ch52>FDl&.0a%`%DffE0AQSp4!!!-.D.Rd%6#L=OAH2]1!!EOIDffE0AQf'6!!!<3@rH1\"ARfgnA,lT","2100225":"!<d@[F*KVD!!!$&E,TfC&c_n3!<d@[F*\\)l!!!0/@VfsmCI<#NAHu^]F`__:EWlSfH#R=(Ci<g+F*'!MBl.=#0a%`%DffE0AQSp4!!!-.D.Rd%6#L=OAH2]1!!EOIDffE0AQf'6!!!<3@rH1\"ARfgnA,lT","2101249":"!<d@[F*KVD!!!$&E,TfC&c_n3!<d@[F*\\,m!!!0/@VfsmCI<#NAHu^]F`__:EWlSfH#R='E+s-\"/U(c7E,TVM\":&scFCB9&=9&=$!!EUFATMNNDJ*csz\":&scFCB9&=o\\O&!!rsADes6$@ru9m!!!","2098178":"!<d@[F*KYE!!!$&E,TfC&c_n3!<d@[F*\\#j!!!0/@VfsmCI<#NAHu^]F`__:EWlSfH#R=*@V'('@V'(%Ecl)6ARmS\"#BFa)@<?'_z\":8pVF(djWB5D,Z!!!!%#BFa)@<?'az#mk*[Ci!ZmFCet_!!","2099202":"!<d@[F*KYE!!!$&E,TfC&c_n3!<d@[F*\\&k!!!0/@VfsmCI<#NAHu^]F`__:EWlSfH#R=&E+s-\"/TboLCi_<6#BFa)@<?'_z\":8pVF(djWB5D,Z!!!!%#BFa)@<?'az#mk*[Ci!ZmFCet_!!","2098179":"!<d@[F*K\\F!!!$&E,TfC&c_n3!<d@[F*\\#j!!!0/@VfsmCI<#NAHu^]F`__:EWlSfH#R=(FCAWpAM%qFBl7Km1B[r'DffE0AQSp4!!!-.D.Rd%6#L=OAH2]1!!EOIDffE0AQf'6!!!<3@rH1\"ARfgnA,lT","2099203":"!<d@[F*K\\F!!!$&E,TfC&c_n3!<d@[F*\\&k!!!0/@VfsmCI<#NAHu^]F`__:EWlSfH#R=&E+s-\"/TboLCi_B8#BFa)@<?'_z\":8pVF(djWB5D/6&';Ng#BFa)@<?'az#mk*[Ci!ZmFCet_!!","2100227":"!<d@[F*K\\F!!!$&E,TfC&c_n3!<d@[F*\\)l!!!0/@VfsmCI<#NAHu^]F`__:EWlSfH#R=!B5DKqAMaMpEc6&.FCePS!!!!%$#O6pBL-NKCh3SH!!!-,Ec6&.FCeVU!!!!*$\"ImiCh7*uARkc@","2100228":"!<d@[F*K_G!!!$&E,TfC&c_n3!<d@[F*\\)l!!!0/@VfsmCI<#NAHu^]F`__:EWlSfH#R=(Ecki#Ch52>FDl&.0a%`%DffE0AQSp4!!!-.D.Rd%6#L=OAH2]1!!EOIDffE0AQf'6!!!<3@rH1\"ARfgnA,lT","3146756":"!<d@[F*K_G!!!$&E,TfC'*&\"4!<d@[F*\\#j!!!0/@VfsmCI<#NAHu^]F`__:EWlSfH#R=#D.-pfBl7K;\":&scFCB9&=9&=$!!EUFATMNNDJ*csgCME?\":&scFCB9&=o\\O&!!rsADes6$@ru9m!!!"},"Entities":[],"ReplaceMode":2}