{
  "code": "sled",
  "class": "ItemCreature",
  "maxstacksize": 1,
  "variantgroups": [
    {
      "code": "form",
      "states": [ "sled" ]
    },
    {
      "code": "type",
      "states": [ "basicsled" ]
    },
    {
      "code": "wood",
      "states": [ "aged" ],
      "loadFromProperties": "game:block/wood"
    }
  ],
  "skipVariants": [
    "*-aged"
  ],
  "shape": {
    "base": "entity/land/sled"
  },
  "storageFlags": 2,
  "texturesByType": {
    "*basic*": {
      "oak": { "base": "game:block/wood/bark/{wood}" },
      "oak-h": { "base": "game:block/wood/bark/{wood}-h" },
      "oak1": { "base": "game:block/wood/planks/{wood}1" },
      "mordant": { "base": "game:block/cloth/linen/mordant" },
      "mordant2": { "base": "game:block/cloth/pelt" }
    }
  },
  "attributes": {
    "handbook": {
      "groupBy": [ "*sled-{type}-*" ]
    }
  },
  "creativeinventory": {
    "general": [ "*" ],
    "cartwrightscaravan": [ "*" ]
  },
  "materialDensity": 600,
  "guiTransform": {
    "translation": {
      "x": 3,
      "y": 0,
      "z": 0
    },
    "rotation": {
      "x": -5,
      "y": -135,
      "z": -153
    },
    "origin": {
      "x": 0.6,
      "y": -0.05,
      "z": 1.8
    },
    "scale": 0.4
  },
  "fpHandTransform": {
    "rotation": {
      "x": 0,
      "y": -90,
      "z": 0
    },
    "origin": {
      "x": 0.5,
      "y": 0.15,
      "z": 0.5
    },
    "scale": 1
  },
  "groundTransform": {
    "translation": {
      "x": 0,
      "y": 0.15,
      "z": 0
    },
    "rotation": {
      "x": 0,
      "y": -90,
      "z": 0
    },
    "origin": {
      "x": 0.5,
      "y": 0.15,
      "z": 0.5
    },
    "scale": 6
  }
}