{
  "ingredient": { "type": "item", "code": "game:clay-*", "name": "type", "allowedVariants": ["blue", "fire", "red"] },
  "pattern": [[
    "##############",
    "##############",
    "##############",
    "##############",
    "##############",
    "##############",
    "##############",
    "##############",
    "##############",
    "##############",
    "##############",
    "##############",
    "##############",
    "##############"
  ],
    [
      "##############",
      "##############",
      "##############",
      "##############",
      "##############",
      "##############",
      "##############",
      "##############",
      "##############",
      "##############",
      "##############",
      "##############",
      "##############",
      "##############"
    ]],
  "name": "Key Mold Press",
  "output": { "type": "block", "code": "thievery:keymoldpre"  }
}