{
	"code": "pelt",
		"behaviors": [
		{ "name": "GroundStorable", "properties": { "layout": "SingleCenter"}}
	],
  "variantgroups": [
    {"code": "type","states": ["female","male" ]},
    {"code": "species","states": ["carettacaretta", "cheloniamydas", "dermochelyscoriacea","eretmochelysimbricata","lepidochelyskempii","lepidochelysolivacea","natatordepressus" ]}
    ],
  "shapebytype": {
    "*": {"base": "item/chelonioidea/{species}/floorpelt-male"}
  },
  "texturesByType": {
    "*": {"skin": {"base": "entity/chelonioidea/{species}-adult"}}
  },
	"grindingProps": {
		"groundStack": { 
			"type": "item", "code": "game:bonemeal", "quantityByType": { 
				"*-dermochelyscoriacea": 4,
				"*-carettacaretta": 3, 
				"*-cheloniamydas": 3, 
				"*": 2 
			}
		}
	},
	"creativeinventory": { "general": ["*"], "items": ["*"] },
	"maxstacksize": 64,
	"attributes": {
		"handbook": {"groupBy": ["floorpelt-*"]},
		"displaycaseable": false, 
		"shelvable": false,
		"antlerMountableByType": {
			"*": true
		},
		"onAntlerMountTransformByType": {
			"*-carettacaretta": {"translation": { "x": -0.4, "y": 0.4, "z": 0 },"rotation": { "x": 0, "y": 0, "z": -90 },"origin": { "x": 0.5, "y": 0.0, "z": 0.5 },"scale": 1.2},
			"*-cheloniamydas": {"translation": { "x": -0.4, "y": 0.4, "z": 0 },"rotation": { "x": 0, "y": 0, "z": -90 },"origin": { "x": 0.5, "y": 0.0, "z": 0.5 },"scale": 1.1},
			"*-dermochelyscoriacea": {"translation": { "x": -0.4, "y": 0.4, "z": 0 },"rotation": { "x": 0, "y": 0, "z": -90 },"origin": { "x": 0.5, "y": 0.0, "z": 0.5 },"scale": 1.0},
			"*-eretmochelysimbricata": {"translation": { "x": -0.4, "y": 0.4, "z": 0 },"rotation": { "x": 0, "y": 0, "z": -90 },"origin": { "x": 0.5, "y": 0.0, "z": 0.5 },"scale": 1.0},
			"*-lepidochelyskempii": {"translation": { "x": -0.4, "y": 0.4, "z": 0 },"rotation": { "x": 0, "y": 0, "z": -90 },"origin": { "x": 0.5, "y": 0.0, "z": 0.5 },"scale": 0.87},
			"*-lepidochelysolivacea": {"translation": { "x": -0.4, "y": 0.4, "z": 0 },"rotation": { "x": 0, "y": 0, "z": -90 },"origin": { "x": 0.5, "y": 0.0, "z": 0.5 },"scale": 0.87},
			"*-natatordepressus": {"translation": { "x": -0.4, "y": 0.4, "z": 0 },"rotation": { "x": 0, "y": 0, "z": -90 },"origin": { "x": 0.5, "y": 0.0, "z": 0.5 },"scale": 1.05},
			"*": {"translation": { "x": -0.4, "y": 0.4, "z": 0 },"rotation": { "x": 0, "y": 0, "z": -90 },"origin": { "x": 0.5, "y": 0.0, "z": 0.5 },"scale": 1.0}			
		},
		"rackable": true,
		"toolrackTransform": {
			"translation": { "x": 0, "y": 0.45, "z": 0 },
			"rotation": { "x": -179.9, "y": 180, "z": 0 },
			"origin": { "x": 0.1, "y": 0.0, "z": 0.5 },
			"scale": 1.75
		},
		"onDisplayTransform": {
			"translation": { "x": 0, "y": -0.05, "z": 0.0 },
			"rotation": { "x": 0, "y": -45, "z": 0 },
			"origin": { "x": 0.5, "y": 0.5, "z": 0.5 },
			"scale": 1.0
		},
		"groundStorageTransform": {
			"translation": { "x": 0, "y": 0.0, "z": -0.0 },
			"rotation": { "x": 0, "y": 90, "z": 0 },
			"scale": 1.00
		}
	},
  "sounds": {
    "walk": "game:walk/cloth"
  },
	"materialDensity": 500,
	"heldTpHitAnimation": "breaktool",
	"fpHandTransform": {
		"translation": { "x": 0, "y": -0.5, "z": -1.5 },
		"rotation": { "x": 180, "y": 0, "z": 90 },
		"scale": 1
	},
	"guiTransformByType": {
    "*": {"translation": {"x": 0,"y": 1,"z": 0},"rotation": {"x": 0,"y": 145,"z": 90},"origin": {"x": 0.5,"y": 0.1,"z": 0.5},"scale": 2.5}
	},
	"tpHandTransform": {
		"translation": { "x": -0.55, "y": -0.10, "z": -0.45},
		"rotation": { "x": -90, "y": 90, "z": 0 },
		"origin": { "x": 0.5, "y": 0.0, "z": 0.5 },
		"scale": 1.0
	},

		"groundTransformByType": {
			"*-carettacaretta": {"translation": { "x": 0.0, "y": 0.45, "z": 0 },"rotation": { "x": 0, "y": 0, "z": 0 },"origin": { "x": 0.5, "y": 0.0, "z": 0.5 },"scale": 1.2},
			"*-cheloniamydas": {"translation": { "x": 0.0, "y": 0.45, "z": 0 },"rotation": { "x": 0, "y": 0, "z": 0 },"origin": { "x": 0.5, "y": 0.0, "z": 0.5 },"scale": 1.1},
			"*-dermochelyscoriacea": {"translation": { "x": 0.0, "y": 0.45, "z": 0 },"rotation": { "x": 0, "y": 0, "z": 0 },"origin": { "x": 0.5, "y": 0.0, "z": 0.5 },"scale": 1.0},
			"*-eretmochelysimbricata": {"translation": { "x": 0.0, "y": 0.45, "z": 0 },"rotation": { "x": 0, "y": 0, "z": 0 },"origin": { "x": 0.5, "y": 0.0, "z": 0.5 },"scale": 1.0},
			"*-lepidochelyskempii": {"translation": { "x": 0.0, "y": 0.45, "z": 0 },"rotation": { "x": 0, "y": 0, "z": 0 },"origin": { "x": 0.5, "y": 0.0, "z": 0.5 },"scale": 0.87},
			"*-lepidochelysolivacea": {"translation": { "x": 0.0, "y": 0.45, "z": 0 },"rotation": { "x": 0, "y": 0, "z": 0 },"origin": { "x": 0.5, "y": 0.0, "z": 0.5 },"scale": 0.87},
			"*-natatordepressus": {"translation": { "x": 0.0, "y": 0.45, "z": 0 },"rotation": { "x": 0, "y": 0, "z": 0 },"origin": { "x": 0.5, "y": 0.0, "z": 0.5 },"scale": 1.05}
	}
	

}