{
  "code": "taxidermy",
	"maxstacksize": 4,
		"behaviors": [
		{ "name": "GroundStorable", "properties": { "layout": "SingleCenter"}}
	],
  "variantgroups": [
    {"code": "type","states": ["female","male" ]},
    {"code": "species","states": [ "carettacaretta","cheloniamydas","dermochelyscoriacea","eretmochelysimbricata","lepidochelyskempii","lepidochelysolivacea","natatordepressus"]}
  ],
  "attributes": {
    "handbook": {
      "groupBy": [ "taxidermy-*" ]
    },
		"groundStorageTransformByType": {
			"*-carettacaretta": {"rotation": { "x": 0, "y": 90, "z": 0 },"origin": { "x": 0.5, "y": 0.0, "z": 0.5 },"scale": 1.2},
			"*-cheloniamydas": {"rotation": { "x": 0, "y": 90, "z": 0 },"origin": { "x": 0.5, "y": 0.0, "z": 0.5 },"scale": 1.1},
			"*-dermochelyscoriacea": {"rotation": { "x": 0, "y": 90, "z": 0 },"origin": { "x": 0.5, "y": 0.0, "z": 0.5 },"scale": 1.05},
			"*-eretmochelysimbricata": {"rotation": { "x": 0, "y": 90, "z": 0 },"origin": { "x": 0.5, "y": 0.0, "z": 0.5 },"scale": 1},
			"*-lepidochelyskempii": {"rotation": { "x": 0, "y": 90, "z": 0 },"origin": { "x": 0.5, "y": 0.0, "z": 0.5 },"scale": 0.87},
			"*-lepidochelysolivacea": {"rotation": { "x": 0, "y": 90, "z": 0 },"origin": { "x": 0.5, "y": 0.0, "z": 0.5 },"scale": 0.87},
			"*-natatordepressus": {"rotation": { "x": 0, "y": 90, "z": 0 },"origin": { "x": 0.5, "y": 0.0, "z": 0.5 },"scale": 1.05},
			"*": {"rotation": { "x": 0, "y": 90, "z": 0 },"origin": { "x": 0.5, "y": 0.0, "z": 0.5 },"scale": 1}
	}
  },
  "shapebytype": {
    "*": {
      "base": "item/chelonioidea/{species}/taxidermy-{type}"
    }
  },
  "creativeinventory": {"general": [ "*" ], "decorative": [ "*" ]
  },
  "texturesByType": {
    "*": {"skin": {"base": "entity/chelonioidea/{species}-adult"}}
  },
  "combustibleProps": {
    "burnTemperature": 400,
    "burnDuration": 10
  },
  "sounds": {
    "place": "game:block/cloth",
    "walk": "game:walk/cloth"
  },
	"guiTransformByType": {
		"*-cheloniamydas-*": {
			"rotate": true,
			"translation": { "x": 0, "y": 0, "z": 0 },
			"rotation": { "x": -11, "y": -60, "z": 180 },
			"origin": { "x": 0.5, "y": 0.5, "z": 0.5 },
			"scale": 0.5
		},
		"*": {
			"rotate": true,
			"translation": { "x": 0, "y": 0, "z": 0 },
			"rotation": { "x": -11, "y": -60, "z": 180 },
			"origin": { "x": 0.5, "y": 0.4, "z": 0.5 },
			"scale": 0.75
		}			
	},
  "groundTransform": {
    "translation": {"x": 0.5,"y": 0,"z": 0},
    "rotation": {"x": 0,"y": 135,"z": 0},
    "origin": {"x": 0.5,"y": -0.02,"z": 0.5},
    "scale": 0.5
  },
  "tpHandTransform": {
    "translation": {"x": -1,"y": -0.8,"z": -1},
    "rotation": {"x": -46,"y": 300,"z": -2},
    "origin": {"x": 0.5,"y": 1,"z": 0.5},
    "scale": 0.5
  },
  "fpHandTransform": {
		"translation": { "x": 0.4, "y": 0, "z": 0 },
		"rotation": { "x": -8, "y": -63, "z": -7 },
    "origin": {"x": 0.5,"y": 0.1,"z": 0.5},
    "scale": 0.5
  },
  "materialDensity": 200
}