[
    {
        "op": "addeach",
        "path": "/variantgroups/0/states/-",
        "value": [ "lead","zinc","molybdochalkos" ],
        "file": "oneroof:blocktypes/oneroof.json"
    },
    {
        "op": "addmerge",
        "path": "/attributes/slopesByType",
        "value": {
            "*-lead-*": [ 1, 2, 3, 4, 5 ],
            "*-zinc-*": [ 1, 2, 3, 4, 5 ],
            "*-molybdochalkos-*": [ 1, 2, 3, 4, 5 ]
        },
        "file": "oneroof:blocktypes/oneroof.json"
    },
    {
        "op": "addmerge",
        "path": "/texturesInventoryByType",
        "value": {
            "*-lead-standard-*": {
		    "material": { "base": "leadroof:block/metal/shingles/lead*" },
            "fill": { "base": "game:block/transparent" }
            },
            "*-lead-dynamic-*": {
		        "material": { "base": "leadroof:block/metal/shingles/lead*" },
                "fill": { "base": "game:unknown" }
            },
            "*-zinc-standard-*": {
		    "material": { "base": "leadroof:block/metal/shingles/zinc*" },
            "fill": { "base": "game:block/transparent" }
            },
            "*-zinc-dynamic-*": {
		        "material": { "base": "leadroof:block/metal/shingles/zinc*" },
                "fill": { "base": "game:unknown" }
            },
            "*-molybdochalkos-standard-*": {
		    "material": { "base": "leadroof:block/metal/shingles/molybdochalkos*" },
            "fill": { "base": "game:block/transparent" }
            },
            "*-molybdochalkos-dynamic-*": {
		        "material": { "base": "leadroof:block/metal/shingles/molybdochalkos*" },
                "fill": { "base": "game:unknown" }
            }
        },
        "file": "oneroof:blocktypes/oneroof.json"
    },
    {
        "op": "addmerge",
        "path": "/texturesByType",
        "value": {
            "*-lead-*": {
		        "material": { "base": "leadroof:block/metal/shingles/lead*" },
                "fill": { "base": "leadroof:block/metal/shingles/lead*" }
            },
            "*-zinc-*": {
		        "material": { "base": "leadroof:block/metal/shingles/zinc*" },
                "fill": { "base": "leadroof:block/metal/shingles/zinc*" }
            },
            "*-molybdochalkos-*": {
		        "material": { "base": "leadroof:block/metal/shingles/molybdochalkos*" },
                "fill": { "base": "leadroof:block/metal/shingles/molybdochalkos*" }
            }
        },
        "file": "oneroof:blocktypes/oneroof.json"
    },
    {
        "op": "addmerge",
        "path": "/shapeByType",
        "value": {
            "*-lead-*": {
                "base": "block/roofing/main/shingles-slate-copper-{cover}"
            },
            "*-zinc-*": {
                "base": "block/roofing/main/shingles-slate-copper-{cover}"
            },
            "*-molybdochalkos-*": {
                "base": "block/roofing/main/shingles-slate-copper-{cover}"
            }
        },
        "file": "oneroof:blocktypes/oneroof.json"
    },
    {
        "op": "addmerge",
        "path": "/shapeInventoryByType",
        "value": {
            "*-lead-*": {
                "base": "block/roofing/main/shingles-slate-copper-demo"
            },
            "*-zinc-*": {
                "base": "block/roofing/main/shingles-slate-copper-demo"
            },
            "*-molybdochalkos-*": {
                "base": "block/roofing/main/shingles-slate-copper-demo"
            }
        },
        "file": "oneroof:blocktypes/oneroof.json"
    },
    {
        "op": "addmerge",
        "path": "/allowedVariants",
        "value": [
            "oneroof-lead-standard-none-*",
            "oneroof-lead-dynamic-none-*",
            "oneroof-zinc-standard-none-*",
            "oneroof-zinc-dynamic-none-*",
            "oneroof-molybdochalkos-standard-none-*",
            "oneroof-molybdochalkos-dynamic-none-*",
        ],
        "file": "oneroof:blocktypes/oneroof.json"
    }
]
