{
  "code": "gridrecipedummy",
  "classByType": {
    "*": "ItemGridRecipeDummyRM"
  },
  "enabled": true,

  "storageFlags": 131073,

  "variantgroups": [
    {
      "code": "type",
      "states": [
        "transparent",
        "enchantedstone",
        "xegonite",
        "astralith",
        "netherite",
        "abysium",
        "runicscroll1",
        "runicscroll2",
        "runicscroll3",
        "shiftingfibers",
        "rustydust"
      ]
    }
  ],

  "creativeinventory": {
    "general": [ "" ],
    "items": [ "" ],
    "rustboundmagic": [ "" ]
  },

  "maxstacksize": 64,
  "materialDensity": 1200,

  "shapebytype": {
    "*-transparent": {
      "base": "game:item/stone"
    },
    "*-enchantedstone": {
      "base": "game:item/stone"
    },
    "*-xegonite": {
      "base": "game:item/stone"
    },
    "*-astralith": {
      "base": "game:item/stone"
    },
    "*-netherite": {
      "base": "game:item/stone"
    },
    "*-abysium": {
      "base": "game:item/stone"
    },
    "*-runicscroll1": {
      "base": "items/spells/runicscroll"
    },
    "*-runicscroll2": {
      "base": "items/spells/runicscroll"
    },
    "*-runicscroll3": {
      "base": "items/spells/runicscroll"
    },
    "*-shiftingfibers": {
      "base": "items/resources/shiftingfibers"
    },
    "*-rustydust": {
      "base": "items/resources/rustydust"
    }
  },
  "texturesByType": {
    "*-transparent": {
      "default": { "base": "default" },
      "material": { "base": "default" }
    },
    "*-enchantedstone": {
      "default": { "base": "default" },
      "material": { "base": "blocks/resources/enchantedstone/none/enchantedstone-rock*" }
    },
    "*-xegonite": {
      "default": { "base": "default" },
      "material": { "base": "blocks/resources/xegonite/xegonite-rock*" }
    },
    "*-astralith": {
      "default": { "base": "default" },
      "material": { "base": "blocks/resources/astralith/astralith-rock*" }
    },
    "*-netherite": {
      "default": { "base": "default" },
      "material": { "base": "blocks/resources/netherite/netherite-rock*" }
    },
    "*-abysium": {
      "default": { "base": "default" },
      "material": { "base": "blocks/resources/abysium/abysium-rock*" }
    },
    "*-runicscroll1": {
      "default": { "base": "default" },
      "scrollpaper": { "base": "items/runicscroll" },
      "loremarked": { "base": "items/loremarked-greater" },
      "magic": { "base": "blocks/resources/runestone/runestone-basic-innerface*" },
      "decal": { "base": "color-black" }
    },
    "*-runicscroll2": {
      "default": { "base": "default" },
      "scrollpaper": { "base": "items/runicscroll" },
      "loremarked": { "base": "items/loremarked-superior" },
      "magic": { "base": "blocks/resources/runestone/runestone-advanced-innerface*" },
      "decal": { "base": "color-black" }
    },
    "*-runicscroll3": {
      "default": { "base": "default" },
      "scrollpaper": { "base": "items/runicscroll" },
      "loremarked": { "base": "items/loremarked-celestial" },
      "magic": { "base": "blocks/resources/runestone/runestone-mastercraft-innerface*" },
      "decal": { "base": "color-black" }
    },
    "*-shiftingfibers": {
      "default": { "base": "default" },
      "fibers": { "base": "items/resources/shiftingfibers" }
    },
    "*-rustydust": {
      "default": { "base": "default" },
      "rust": { "base": "rust-solid" }
    }
  },

  "attributesByType": {
    "*": {
      "displaycaseable": true,
      "onDisplayTransform": {
        "translation": {
          "x": 0,
          "y": -0.125,
          "z": 0
        },
        "scale": 0.75
      },
      "shelvable": true,
      "onshelfTransform": {
        "translation": {
          "x": 0,
          "y": -0.125,
          "z": 0
        },
        "scale": 0.75
      },
      "handbook": {
        "exclude": true,
        "groupBy": [ "enchantedstone-*" ],
        "extraSections": [
          {
            "title": "game:Created by",
            "text": "rustboundmagic:handbook-thaumicworkbenchonly-text"
          },
          {
            "title": "rustboundmagic:handbook-thaumicworkbenchcatalyst-title",
            "text": "rustboundmagic:handbook-thaumicworkbenchcatalyst-text"
          }
        ]
      }
    }
  },



  "guiTransformByType": {
    "*-transparent": {
      "translation": {
        "x": 2,
        "y": 1,
        "z": 0
      },
      "rotation": {
        "x": 150,
        "y": -38,
        "z": 0
      },
      "origin": {
        "x": 0.5,
        "y": 0.1,
        "z": 0.5
      },
      "scale": 2.8
    },
    "*-enchantedstone": {
      "translation": {
        "x": 2,
        "y": 1,
        "z": 0
      },
      "rotation": {
        "x": 150,
        "y": -38,
        "z": 0
      },
      "origin": {
        "x": 0.5,
        "y": 0.1,
        "z": 0.5
      },
      "scale": 2.8
    },
    "*-xegonite": {
      "translation": {
        "x": 2,
        "y": 1,
        "z": 0
      },
      "rotation": {
        "x": 150,
        "y": -38,
        "z": 0
      },
      "origin": {
        "x": 0.5,
        "y": 0.1,
        "z": 0.5
      },
      "scale": 2.8
    },
    "*-astralith": {
      "translation": {
        "x": 2,
        "y": 1,
        "z": 0
      },
      "rotation": {
        "x": 150,
        "y": -38,
        "z": 0
      },
      "origin": {
        "x": 0.5,
        "y": 0.1,
        "z": 0.5
      },
      "scale": 2.8
    },
    "*-netherite": {
      "translation": {
        "x": 2,
        "y": 1,
        "z": 0
      },
      "rotation": {
        "x": 150,
        "y": -38,
        "z": 0
      },
      "origin": {
        "x": 0.5,
        "y": 0.1,
        "z": 0.5
      },
      "scale": 2.8
    },
    "*-abysium": {
      "translation": {
        "x": 2,
        "y": 1,
        "z": 0
      },
      "rotation": {
        "x": 150,
        "y": -38,
        "z": 0
      },
      "origin": {
        "x": 0.5,
        "y": 0.1,
        "z": 0.5
      },
      "scale": 2.8
    },
    "*-runicscroll1": {
      "translation": {
        "x": 0,
        "y": 0,
        "z": 0
      },
      "rotation": {
        "x": -19,
        "y": -59,
        "z": 20
      },
      "origin": {
        "x": 0.48,
        "y": 0.05,
        "z": 0.52
      },
      "scale": 2.4
    },
    "*-runicscroll2": {
      "translation": {
        "x": 0,
        "y": 0,
        "z": 0
      },
      "rotation": {
        "x": -19,
        "y": -59,
        "z": 20
      },
      "origin": {
        "x": 0.48,
        "y": 0.05,
        "z": 0.52
      },
      "scale": 2.4
    },
    "*-runicscroll3": {
      "translation": {
        "x": 0,
        "y": 0,
        "z": 0
      },
      "rotation": {
        "x": -19,
        "y": -59,
        "z": 20
      },
      "origin": {
        "x": 0.48,
        "y": 0.05,
        "z": 0.52
      },
      "scale": 2.4
    },
    "*-shiftingfibers": {
      "rotation": {
        "x": 120,
        "y": 11,
        "z": -20
      },
      "origin": {
        "x": 0.45,
        "y": 0.3,
        "z": 0.4
      },
      "scale": 1.69
    },
    "*-rustydust": {
      "translation": {
        "x": 3,
        "y": 1,
        "z": -25
      },
      "rotation": {
        "x": 155,
        "y": 12,
        "z": 0
      },
      "origin": {
        "x": 0.4,
        "y": -0.1,
        "z": 0.8
      },
      "scale": 2.54
    }
  },
  "fpHandTransform": {
    "translation": {
      "x": 0.05,
      "y": 0.2,
      "z": 0
    },
    "rotation": {
      "x": 94,
      "y": 95,
      "z": -21
    },
    "origin": {
      "x": 0.5,
      "y": 0.1,
      "z": 0.5
    },
    "scale": 1.78
  },
  "tpHandTransform": {
    "translation": {
      "x": -0.7,
      "y": -0.12,
      "z": -0.7
    },
    "rotation": {
      "x": -44,
      "y": 7,
      "z": -9
    },
    "origin": {
      "x": 0.5,
      "y": 0.1,
      "z": 0.5
    },
    "scale": 0.7
  },
  "groundTransform": {
    "translation": {
      "x": 0,
      "y": 0,
      "z": 0
    },
    "rotation": {
      "x": 0,
      "y": 0,
      "z": 0
    },
    "origin": {
      "x": 0.5,
      "y": 0,
      "z": 0.5
    },
    "scale": 4.5
  }
}
