{
  "code": "magictier",
  "classByType": {
    "*-sigilofawakening": "ItemSigilOfAwakeningRM",
    "*-sigiloftranscendence": "ItemSigilOfTranscendenceRM"
  },
  "enabled": true,

  "storageFlags": 131073,

  "variantgroups": [
    {
      "code": "type",
      "states": [ "sigilofawakening", "sigiloftranscendence" ]
    }
  ],
  //"skipVariants": [ "*-itemupgrade-*" ],

  "attributesByType": {
    "*-sigilofawakening": {
      "shelvable": true,
      "onshelfTransform": {
        "translation": {
          "x": -0,
          "y": -0.205,
          "z": 0
        },
        "scale": 0.75
      },
      "displaycaseable": true,
      "onDisplayTransform": {
        "translation": {
          "x": -0,
          "y": -0.205,
          "z": 0
        },
        "scale": 0.75
      },
      "handbook": {
        "groupbyByType": {
          "magictier-*": [ "magictier-*" ]
        },
        "extraSections": [
          {
            "title": "game:Created by",
            "text": "rustboundmagic:handbook-thaumicworkbenchonlytier1-text"
          }
        ]
      }
    },
    "*-sigiloftranscendence": {
      "shelvable": true,
      "onshelfTransform": {
        "translation": {
          "x": -0,
          "y": -0.125,
          "z": 0
        },
        "scale": 0.75
      },
      "displaycaseable": true,
      "onDisplayTransform": {
        "translation": {
          "x": -0,
          "y": -0.125,
          "z": 0
        },
        "scale": 0.75
      },
      "handbook": {
        "groupbyByType": {
          "magictier-*": [ "magictier-*" ]
        },
        "extraSections": [
          {
            "title": "game:Created by",
            "text": "rustboundmagic:handbook-thaumicworkbenchonlytier2-text"
          }
        ]
      }
    }
  },

  "creativeinventory": {
    "general": [ "*" ],
    "items": [ "*" ],
    "rustboundmagic": [ "*" ]
  },

  "behaviors": [
    {
      "name": "GroundStorable",
      "properties": {
        "layout": "Quadrants",
        "collisionBox": {
          "x1": 0,
          "y1": 0,
          "z1": 0,
          "x2": 1,
          "y2": 0.125,
          "z2": 1
        }
      }
    }
  ],


  "maxstacksize": 1,
  "materialDensity": 600,

  "shapebytype": {
    "*": {
      "base": "items/resources/{type}"
    }
  },
  "texturesByType": {
    "*-sigilofawakening": {
      "default": { "base": "default" },
      "obsidian1": { "base": "blocks/stations/ancientmarker/main*" },
      "obsidian2": { "base": "blocks/eldrathium" },
      "obsidian3": { "base": "blocks/eldrathium" },
      "middlering": { "base": "blocks/stations/ancientmarker/main*" },
      "runes-cruxcasing": { "base": "default" },
      "material": { "base": "game:block/machine/statictranslocator/rustyglow" }
    },
    "*-sigiloftranscendence": {
      "default": { "base": "default" },
      "obsidian1": { "base": "blocks/stations/ancientmarker/main*" },
      "obsidian2": { "base": "blocks/eldrathium" },
      "obsidian3": { "base": "blocks/eldrathium" },
      "middlering": { "base": "blocks/stations/ancientmarker/main*" },
      "runes-cruxcasing": { "base": "default" },
      "material": { "base": "game:block/machine/statictranslocator/rustyglow" }
    }
  },

  "guiTransform": {
    "translation": {
      "x": 3,
      "y": 0,
      "z": 0
    },
    "rotation": {
      "x": 151,
      "y": 125,
      "z": 0
    },
    "origin": {
      "x": 0.5,
      "y": 0.175,
      "z": 0.5
    },
    "scale": 3.5
  },
  "fpHandTransform": {
    "translation": {
      "x": -0.05,
      "y": 0.25,
      "z": 0
    },
    "rotation": {
      "x": 5,
      "y": 100,
      "z": 0
    },
    "origin": {
      "x": 0.5,
      "y": -0.13,
      "z": 0.5
    },
    "scale": 2
  },
  "tpHandTransform": {
    "translation": {
      "x": -0.8699,
      "y": -0.11,
      "z": -0.605
    },
    "rotation": {
      "x": -90,
      "y": 0,
      "z": 0
    },
    "origin": {
      "x": 0.5,
      "y": 0.09,
      "z": 0.5
    },
    "scale": 0.75
  },
  "tpOffHandTransform": {
    "translation": {
      "x": -0.81,
      "y": -0.11,
      "z": -0.575
    },
    "rotation": {
      "x": -90,
      "y": 0,
      "z": 0
    },
    "origin": {
      "x": 0.5,
      "y": 0.09,
      "z": 0.5
    },
    "scale": 0.75
  },
  "groundTransform": {
    "translation": {
      "x": 0,
      "y": 0,
      "z": 0
    },
    "rotation": {
      "x": 0,
      "y": 0,
      "z": 0
    },
    "origin": {
      "x": 0.5,
      "y": 0,
      "z": 0.5
    },
    "scale": 4.0
  }
}
