{
	"code": "entitydummyspelleffectscastingaoe",
	"class": "EntityDummySpellEffectsRM",
	"habitat": "Land",
	"enabled": true,

	"variantgroups": [
		{
			"code": "variant",
			"states": [
				"light",
				"neutral",
				"dark"
			]
		}
	],
	//"skipVariants": [ "*-ravager-2" ],

	"canClimb": false,
	"canClimbAnywhere": false,
	"climbTouchDistance": 0.1,
	"rotateModelOnClimb": false,
	"fallDamage": false,

	"hitboxSizeByType": {
		"*": {
			"x": 0,
			"y": 0
		}
	},
	"deadHitboxSizeByType": {
		"*": {
			"x": 0,
			"y": 0
		}
	},

	"eyeHeight": 0,

	"attributes": {
		"glitchAffected": false,
		"glitchFlicker": false,
		"spawnDamageParticles": false,
		"killedByInfoText": "cheater",
		"spawnCloserDuringLowStability": false
	},

	"client": {
		"sizeByType": {
			"*": 1.0
		},
		"renderer": "Shape",
		"shape": { "base": "entities/dummyentityforspellparticles" },
		//"shape": { "base": "game:block/basic/layers/16voxel" },

		//dummyentityforspellparticles

		//"renderer": "ShapeEntityWillowispRendererEM",
		//"shapeByType": {
		//	"*": { "base": "entities/neutrals/willowisps/willowisp-surface" }
		//},

		"texturesByType": {
			"*": {
				"default": { "base": "default" },
				"magicarray1": { "base": "default" },
				"magicarray4": { "base": "entities/spells/magicarray4-{variant}-*" }
			}
		},
		"behaviors": [
			{
				"code": "controlledphysics",
				"stepHeight": 1.1251
			},
			{
				"code": "interpolateposition"
			}
		]
	},
	"server": {

		"behaviors": [
			{
				"code": "controlledphysics",
				"stepHeight": 1.1251,
				"airDragFallingFactor": 0.5

			}
		]
	},
	"sounds": {
		"hurt": "eldritchmonsters:neutrals/willowisps/willowisp-hurt",
		"death": "eldritchmonsters:neutrals/willowisps/willowisp-death"
		//"idle": "eldritchmonsters:neutrals/willowisps/willowisp-idle1"
	}
	//"idleSoundChance": 0.15,
	//"idleSoundRange": 5
}
