{
	"code": "magicstationmanadistillery",
	"classByType": {
		"*-burned-*": "BlockStationGenericRM",
		"*-tier1-*": "BlockStationPrismOfDuplicationRM"
	},
	"entityclassByType": {
		"*": "BlockEntityStationPrismOfDuplicationRM"
	},
	"enabled": false,

	//"storageFlags": 131073,
	"variantgroups": [
		{
			"code": "stage",
			"states": [ "raw", "burned", "tier1" ]
		},
		//{
		//	"code": "type",
		//	"states": [ "emanation", "magnification", "duplication" ]
		//},
		{
			"code": "state",
			"states": [ "off", "on" ]
		}
	],
	"skipVariants": [ "*-raw-on-*", "*-burned-on-*" ],

	"entityBehaviorsByType": {
		"*-tier1-*": [
			{
				"name": "Animatable"
			}
		]
	},
	//"entityBehaviors": [
	//	{ "name": "Animatable" }
	//],
	"behaviorsByType": {
		"*-raw-*": [
			{
				"name": "GroundStorable",
				"properties": { "layout": "SingleCenter" }
			},
			{
				"name": "Unplaceable",
				"__comment": "The ground storable obsoletes this being a block. Should be an item, but is kept a block for backwards compatibility"
			},
			{ "name": "RightClickPickup" }
		],
		"*": [
			//{ "name": "HorizontalOrientable" },
			{ "name": "Container" }
		]
	},
	"combustiblePropsByType": {
		"*-raw-*": {
			"meltingPoint": 600,
			"meltingDuration": 45,
			"smeltedRatio": 1,
			"smeltingType": "fire",
			"smeltedStack": {
				"type": "block",
				"code": "magicstationmanadistillery-burned-off",
				"attributes": { "type": "normal" }
			},
			"requiresContainer": false
		}
	},
	"attributesByType": {
		"*-raw-*": {
			"handbook": {
				"groupBy": [ "magicstationmanadistillery-*" ]
			}
		},
		"*-burned-*": {
			"handbook": {
				"groupBy": [ "magicstationmanadistillery-*" ],
				"extraSections": [
					{
						"title": "game:Created by",
						"text": "game:itemdesc-fireinkiln"
					}
				]
			}
		},
		"*-tier1-*": {
			"shelvable": true,
			"onshelfTransform": {
				"translation": {
					"x": -0,
					"y": -0.375,
					"z": 0
				},
				"scale": 0.25
			},
			"displaycaseable": true,
			"onDisplayTransform": {
				"translation": {
					"x": -0,
					"y": -0.375,
					"z": 0
				},
				"scale": 0.25
			},
			"handbookByType": {
				"*": {
					"groupBy": [ "magicstationmanadistillery-*" ],
					"extraSections": [
						{
							"title": "game:Created by",
							"text": "rustboundmagic:handbook-synthesistier2-text"
						},
						{
							"title": "rustboundmagic:handbook-magicstation-title",
							"text": "rustboundmagic:handbook-magicstation-text"
						},
						{
							"title": "rustboundmagic:handbook-spellduplication-title",
							"text": "rustboundmagic:handbook-spellduplication-text"
						},
						{
							"title": "rustboundmagic:handbook-manapoisoning-title",
							"text": "rustboundmagic:handbook-manapoisoning-text"
						}
					]
				}
			}
		}
	},

	"creativeinventory": {
		"general": [ "*-raw-off", "*-burned-off", "*-tier1-off" ],
		"construction": [ "*-raw-off", "*-burned-off", "*-tier1-off" ],
		"rustboundmagic": [ "*-raw-off", "*-burned-off", "*-tier1-off" ]
	},

	"shapebytype": {
		"*-raw-*": {
			"base": "blocks/stations/manadistillery-rawburned",
			"rotateY": 0
		},
		"*-burned-*": {
			"base": "blocks/stations/manadistillery-rawburned",
			"rotateY": 0
		},
		"*-tier1-*": {
			"base": "blocks/stations/manadistillery",
			"rotateY": 0
		}
	},

	"texturesbytype": {
		"*-raw-*": {
			"default": { "base": "default" },
			"material": { "base": "game:block/clay/blueclay" }
		},
		"*-burned-*": {
			"default": { "base": "default" },
			"material": { "base": "game:block/clay/ceramic" }
		},
		"*-off": {
			"default": { "base": "default" },
			"gemstone": { "base": "color-bluelight" },
			"cornerglow": { "base": "items/rust-solid" },
			"material2": { "base": "items/rust-solid" },
			"material3": { "base": "blocks/eldrathium/normal/eldrathiumblock-none*" },
			"material4": { "base": "blocks/eldrathium/normal/eldrathiumblock-none*" },
			"connectingbar": { "base": "blocks/manastone/cobblestone/manastonecobblestone-none*" },
			"circletier1": { "base": "default" },
			"circletier2": { "base": "default" },
			"circletier3": { "base": "default" }
		},
		"*-on": {
			"default": { "base": "default" },
			"gemstone": { "base": "color-bluelight" },
			"cornerglow": { "base": "game:block/machine/statictranslocator/rustyglow" },
			"material2": { "base": "game:block/machine/statictranslocator/rustyglow" },
			"material3": { "base": "blocks/eldrathium/normal/eldrathiumblock-none*" },
			"material4": { "base": "blocks/eldrathium/normal/eldrathiumblock-none*" },
			"connectingbar": { "base": "blocks/manastone/cobblestone/manastonecobblestone-none*" },
			"circletier1": { "base": "blocks/tools/prism/magiccircle1-emanation-on" },
			"circletier2": { "base": "blocks/tools/prism/magiccircle2-emanation-on" },
			"circletier3": { "base": "blocks/tools/prism/magiccircle3-emanation-on" }
		}

	},

	"sidesolid": {
		"all": false
	},
	"sideopaque": {
		"all": false
	},

	"maxstacksize": 1,
	"blockmaterial": "Other",
	"materialDensity": 1200,
	"replaceable": 300,
	"resistance": 3,
	"lightAbsorption": 0,

	"sounds": {
		"place": "game:block/rock-hit-pickaxe",
		"walk": "game:walk/stone"
	},

	"collisionboxByType": {
		"*-raw-*": {
			"x1": 0,
			"y1": 0,
			"z1": 0,
			"x2": 1,
			"y2": 1,
			"z2": 1
		},
		"*-burned-*": {
			"x1": 0,
			"y1": 0,
			"z1": 0,
			"x2": 1,
			"y2": 1,
			"z2": 1
		},
		"*-tier1-*": {
			"x1": 0.0625,
			"y1": 0,
			"z1": 0.0625,
			"x2": 0.9375,
			"y2": 0.9375,
			"z2": 0.9375
		}
	},

	"selectionBox": {
		"x1": 0.0625,
		"y1": 0,
		"z1": 0.0625,
		"x2": 0.9375,
		"y2": 0.9375,
		"z2": 0.9375
	},


	"rainPermeableByType": {
		"*": true
	},

	"lightHsvByType": {
		//"*-off": [ 0, 0, 1 ],
		"*-on": [ 32, 7, 5 ] //,
		//"*-invocation": [ 0, 50, 5 ],
		//"*-enchantment": [ 50, 20, 5 ],
		//"*-conjuration": [ 18, 50, 5 ]
	},

	"renderPassByType": {
		"*-on": "Transparent"
	},

	"faceCullMode": "MergeMaterial",

	"guiTransform": {
		"rotation": {
			"x": -22.6,
			"y": 135,
			"z": 0
		},
		"origin": {
			"x": 0.5,
			"y": 0.25,
			"z": 0.5
		}
	},
	"fpHandTransform": {
		"translation": {
			"x": 0,
			"y": 0.1,
			"z": 0.5
		},
		"rotation": {
			"x": -2,
			"y": -118,
			"z": 12
		},
		"origin": {
			"x": 0.5,
			"y": 0.6,
			"z": 0.5
		},
		"scale": 0.5
	},
	"tpHandTransform": {
		"translation": {
			"x": 0,
			"y": 0.4,
			"z": -0.82
		},
		"rotation": {
			"x": 90,
			"y": 4,
			"z": -82
		},
		"origin": {
			"x": 0.05,
			"y": -0.1,
			"z": 0.25
		},
		"scale": 0.25
	},
	"groundTransform": {
		"translation": {
			"x": 0,
			"y": 0,
			"z": 0
		},
		"rotation": {
			"x": 0,
			"y": 0,
			"z": 0
		},
		"origin": {
			"x": 0.5,
			"y": 0,
			"z": 0.5
		},
		"scale": 2
	}
}
