{
	code: "clothes",
	class: "ItemWearable",
	variantgroups: [
		{ code: "category",  states: ["upperbodyover"] },
		{ code: "upperbodyover", states: [
			"devotee-coat", "zealot-coat", "preist-coat"
		] }
	],
	shapeByType: {
		"*": { base: "game:entity/humanoid/seraph/clothing/upperbodyover/longsleeve-hood" }
	},
	storageFlags: 128,
	attributes: {
		clothescategory: "upperbodyover",
		wearableAttachment: true,
		wearableTexturePrefixCode: null
	},
	attributesByType: {
		"*-devotee-coat": { 
			base: "game:entity/humanoid/seraph/clothing/upperbodyover/longsleeve",
			overlays: [ { base: "game:entity/humanoid/seraph/clothing/upperbody/collar-longsleeve-fancy" }],
			warmth: 3 
		},
		"*-zealot-coat": { 
			base: "game:entity/humanoid/seraph/clothing/upperbodyover/longsleeve",
			overlays: [ { base: "game:entity/humanoid/seraph/clothing/upperbody/collar-longsleeve-fancy" }],
			warmth: 4 
		},
		"*-preist-coat": { 
			base: "game:entity/humanoid/seraph/clothing/upperbodyover/longsleeve",
			overlays: [ { base: "game:entity/humanoid/seraph/clothing/upperbody/collar-longsleeve-fancy" }],
			warmth: 6 
		}
	},
	texturesByType: {
		"*": {
			"seraph": { base: "game:block/transparent" },
			"coat": { base: "humanoid/seraph/clothing/upperbodyover/{upperbodyover}" }
		}
	},
	creativeinventory: { "general": ["*"], "items": ["*"], "clothing": ["*"] },
	renderAlphaTest: 0.25,
	fpHandTransform: {
		translation: { x: 0.05, y: -0.6, z: 0.3 },
		rotation: { x: 180, y: 150, z: 180 },
		scale: 2
	},
	tpHandTransform: {
		translation: { x: 0.2, y: -0.8, z: -1.1 },
		rotation: { x: -48, y: 180, z: 92 },
		scale: 0.55
	},
	guiTransformByType: {
		"*": {
			rotate: false,
			translation: { x: 0, y: 0, z: 0 },
			rotation: { x: -178, y: -65, z: 10 },
			origin: { x: 0.43, y: 1.1, z: 0.5 },
			scale: 1.69
		}
	},
	groundTransform: {
		translation: { x: 0.05, y: 0.05, z: 0 },
		rotation: { x: 0, y: 0, z: -87 },
		origin: { x: 0.5, y: 0.5, z: 0.5299 },
		scale: 2.19
	}
}