{
	"editor": {
		"backDropShape": "entity/humanoid/kobold",
		"allAngles": false,
		"entityTextureMode": true
	},
	"textureWidth": 28,
	"textureHeight": 64,
	"textureSizes": {
		"shirt": [28,64]
	},
	"textures": {
		"upperbodyover": "entity/humanoid/villagerclothes/upperbodyover/longsleeve-extended/coat-verylong"
	},
	"elements": [
		{
			"name": "UpperTorsoOrigin",
			"stepParentName": "UpperTorso",
			"from": [ -0.03, -0.03, -0.03 ],
			"to": [ 5.03, 5.03, 6.23 ],
			"unwrapMode": 4,
			"autoUnwrap": false,
			"uv": [ 10.0, 0.0 ],
			"rotationOrigin": [ 2.0, 2.0, 3.25 ],
			"faces": {
				"north": { "texture": "#upperbodyover", "uv": [ 1.0, 5.5, 6.0, 10.5 ], "windMode": [-1,-1,-1,-1], "windData": [1,1,1,1] },
				"east": { "texture": "#upperbodyover", "uv": [ 17.0, 5.5, 23.0, 10.5 ], "windMode": [-1,-1,-1,-1] },
				"south": { "texture": "#upperbodyover", "uv": [ 12.0, 5.5, 17.0, 10.5 ] },
				"west": { "texture": "#upperbodyover", "uv": [ 6.0, 5.5, 12.0, 10.5 ] },
				"up": { "texture": "#upperbodyover", "uv": [ 6.0, 0.5, 12.0, 5.5 ], "rotation": 90 },
				"down": { "texture": "#upperbodyover", "uv": [ 19.0, 41.0, 25.0, 46.0 ], "rotation": 90, "windMode": [-1,-1,-1,-1] }
			},
			"children": [
				{
					"name": "Blackout",
					"from": [ 0.1, 0.8, 0.6 ],
					"to": [ 4.9, 4.8, 5.6 ],
					"autoUnwrap": false,
					"uv": [ 23.0, 9.0 ],
					"rotationOrigin": [ 0.1, 0.8, 0.6 ],
					"faces": {
						"north": { "texture": "#upperbodyover", "uv": [ 0.0, 0.0, 4.5, 4.0 ] },
						"east": { "texture": "#upperbodyover", "uv": [ 1.0, 0.0, 5.0, 5.0 ], "rotation": 90, "windMode": [-1,-1,-1,-1], "windData": [1,1,1,1] },
						"south": { "texture": "#upperbodyover", "uv": [ 0.0, 1.0, 4.5, 5.0 ], "windMode": [-1,-1,-1,-1], "windData": [1,1,1,1] },
						"west": { "texture": "#upperbodyover", "uv": [ 0.5, 0.0, 4.5, 5.0 ], "rotation": 90, "windMode": [-1,-1,-1,-1], "windData": [1,1,1,1] },
						"up": { "texture": "#upperbodyover", "uv": [ 0.0, 0.0, 4.5, 5.0 ] },
						"down": { "texture": "#upperbodyover", "uv": [ 0.5, 0.0, 5.0, 5.0 ] }
					}
				}
			]
		},
		{
			"name": "LowerTorsoOrigin",
			"stepParentName": "LowerTorso",
			"from": [ -0.03, -0.03, -0.03 ],
			"to": [ 5.03, 5.03, 6.03 ],
			"unwrapMode": 4,
			"autoUnwrap": false,
			"uv": [ 9.0, 10.0 ],
			"rotationOrigin": [ 3.0, 3.0, 3.0 ],
			"faces": {
				"north": { "texture": "#upperbodyover", "uv": [ 1.0, 10.5, 6.0, 15.5 ] },
				"east": { "texture": "#upperbodyover", "uv": [ 17.0, 10.5, 23.0, 15.5 ] },
				"south": { "texture": "#upperbodyover", "uv": [ 12.0, 10.5, 17.0, 15.5 ] },
				"west": { "texture": "#upperbodyover", "uv": [ 6.0, 10.5, 12.0, 15.5 ] },
				"up": { "texture": "#upperbodyover", "uv": [ 23.0, 46.0, 28.0, 52.0 ], "windMode": [-1,-1,-1,-1], "windData": [1,1,1,1] },
				"down": { "texture": "#upperbodyover", "uv": [ 0.0, 41.0, 6.0, 46.0 ], "rotation": 90, "windMode": [-1,-1,-1,-1] }
			},
			"children": [
				{
					"name": "ShirtFrontTileOrigin",
					"from": [ -0.03, -5.97, -0.03 ],
					"to": [ 1.03, 0.09, 6.03 ],
					"autoUnwrap": false,
					"uv": [ 4.5, 38.85 ],
					"rotationOrigin": [ 0.0, 0.0, 3.0 ],
					"rotationZ": -3.5,
					"faces": {
						"north": { "texture": "#upperbodyover", "uv": [ 5.0, 15.5, 6.0, 21.5 ], "windMode": [-1,-1,-1,-1] },
						"south": { "texture": "#upperbodyover", "uv": [ 12.0, 15.5, 13.0, 21.5 ], "windMode": [-1,-1,-1,-1] },
						"west": { "texture": "#upperbodyover", "uv": [ 6.0, 15.5, 12.0, 21.5 ], "windMode": [-1,-1,-1,-1] }
					}
				},
				{
					"name": "ShirtBackTileOrigin",
					"from": [ 3.97, -5.99, -0.03 ],
					"to": [ 5.03, 0.07, 6.03 ],
					"unwrapMode": 2,
					"autoUnwrap": false,
					"uv": [ 24.0, 14.0 ],
					"rotationOrigin": [ 5.0, 0.0, 3.0 ],
					"rotationZ": -5.0,
					"faces": {
						"north": { "texture": "#upperbodyover", "uv": [ 1.0, 15.5, 2.0, 21.5 ], "windMode": [-1,-1,-1,-1] },
						"east": { "texture": "#upperbodyover", "uv": [ 17.0, 15.5, 23.0, 21.5 ], "windMode": [-1,-1,-1,-1] },
						"south": { "texture": "#upperbodyover", "uv": [ 16.0, 15.5, 17.0, 21.5 ], "windMode": [-1,-1,-1,-1] }
					}
				}
			]
		},
		{
			"name": "UpperFootLOrigin",
			"stepParentName": "UpperFootL",
			"from": [ -0.03, -0.03, -0.03 ],
			"to": [ 4.23, 7.03, 3.23 ],
			"unwrapMode": 3,
			"autoUnwrap": false,
			"uv": [ 15.0, 19.62 ],
			"rotationOrigin": [ 2.0, 7.0, 3.2 ],
			"faces": {
				"east": { "texture": "#upperbodyover", "uv": [ 20.0, 22.0, 23.0, 29.0 ], "windMode": [-1,-1,-1,-1] },
				"south": { "texture": "#upperbodyover", "uv": [ 16.0, 22.0, 20.0, 29.0 ], "windMode": [-1,-1,-1,-1] },
				"west": { "texture": "#upperbodyover", "uv": [ 13.0, 22.0, 16.0, 29.0 ] },
				"up": { "texture": "#upperbodyover", "uv": [ 23.5, 16.0, 26.5, 20.0 ], "rotation": 90, "windMode": [-1,-1,-1,-1], "windData": [0,0,0,0] },
				"down": { "texture": "#upperbodyover", "uv": [ 23.5, 26.5, 26.5, 30.5 ], "rotation": 90, "windMode": [-1,-1,-1,-1] }
			}
		},
		{
			"name": "UpperFootROrigin",
			"stepParentName": "UpperFootR",
			"from": [ -0.03, -0.03, -0.03 ],
			"to": [ 4.23, 7.03, 3.23 ],
			"unwrapMode": 1,
			"autoUnwrap": false,
			"uv": [ 1.0, 19.62 ],
			"rotationOrigin": [ 2.0, 7.0, 0.0 ],
			"faces": {
				"north": { "texture": "#upperbodyover", "uv": [ 4.0, 22.0, 8.0, 29.0 ], "windMode": [-1,-1,-1,-1], "windData": [0,1,1,0] },
				"east": { "texture": "#upperbodyover", "uv": [ 1.0, 22.0, 4.0, 29.0 ], "windMode": [-1,-1,-1,-1] },
				"west": { "texture": "#upperbodyover", "uv": [ 8.0, 22.0, 11.0, 29.0 ], "windMode": [-1,-1,-1,-1] },
				"up": { "texture": "#upperbodyover", "uv": [ 23.5, 11.5, 26.5, 15.5 ], "rotation": 90, "windMode": [-1,-1,-1,-1], "windData": [0,0,0,0] },
				"down": { "texture": "#upperbodyover", "uv": [ 23.5, 21.5, 26.5, 25.5 ], "rotation": 90, "windMode": [-1,-1,-1,-1] }
			}
		},
		{
			"name": "Collar",
			"stepParentName": "Neck",
			"from": [ -0.03, 0.7, -0.03 ],
			"to": [ 3.03, 3.7, 3.03 ],
			"unwrapMode": 4,
			"uv": [ 13.0, 1.5 ],
			"rotationOrigin": [ 1.5, 2.0, 1.5 ],
			"faces": {
				"north": { "texture": "#upperbodyover", "uv": [ 13.0, 1.5, 16.0, 4.5 ] },
				"east": { "texture": "#upperbodyover", "uv": [ 22.0, 1.5, 25.0, 4.5 ] },
				"south": { "texture": "#upperbodyover", "uv": [ 19.0, 1.5, 22.0, 4.5 ] },
				"west": { "texture": "#upperbodyover", "uv": [ 16.0, 1.5, 19.0, 4.5 ] }
			}
		},
		{
			"name": "UpperArmROrigin",
			"stepParentName": "UpperArmR",
			"from": [ -0.03, -0.03, -0.03 ],
			"to": [ 3.03, 6.03, 2.03 ],
			"unwrapMode": 1,
			"autoUnwrap": false,
			"uv": [ 8.0, 21.0 ],
			"rotationOrigin": [ 1.5, 6.0, 1.0 ],
			"faces": {
				"north": { "texture": "#upperbodyover", "uv": [ 4.0, 46.5, 7.0, 52.5 ] },
				"east": { "texture": "#upperbodyover", "uv": [ 2.0, 46.5, 4.0, 52.5 ] },
				"south": { "texture": "#upperbodyover", "uv": [ 9.0, 46.5, 12.0, 52.5 ] },
				"west": { "texture": "#upperbodyover", "uv": [ 7.0, 46.5, 9.0, 52.5 ] },
				"up": { "texture": "#upperbodyover", "uv": [ 7.0, 43.5, 9.0, 46.5 ], "rotation": 90, "windMode": [-1,-1,-1,-1] },
				"down": { "texture": "#upperbodyover", "uv": [ 10.0, 43.0, 12.0, 46.0 ], "rotation": 90, "windMode": [-1,-1,-1,-1] }
			}
		},
		{
			"name": "UpperArmLOrigin",
			"stepParentName": "UpperArmL",
			"from": [ -0.03, -0.03, -0.03 ],
			"to": [ 3.03, 6.03, 2.03 ],
			"unwrapMode": 3,
			"autoUnwrap": false,
			"uv": [ 0.0, 13.0 ],
			"rotationOrigin": [ 1.5, 6.0, 1.0 ],
			"faces": {
				"north": { "texture": "#upperbodyover", "uv": [ 13.0, 46.5, 16.0, 52.5 ] },
				"east": { "texture": "#upperbodyover", "uv": [ 21.0, 46.5, 23.0, 52.5 ], "windMode": [-1,-1,-1,-1] },
				"south": { "texture": "#upperbodyover", "uv": [ 18.0, 46.5, 21.0, 52.5 ], "windMode": [-1,-1,-1,-1] },
				"west": { "texture": "#upperbodyover", "uv": [ 16.0, 46.5, 18.0, 52.5 ] },
				"up": { "texture": "#upperbodyover", "uv": [ 16.0, 43.5, 18.0, 46.5 ], "rotation": 90, "windMode": [-1,-1,-1,-1] },
				"down": { "texture": "#upperbodyover", "uv": [ 13.0, 43.0, 15.0, 46.0 ], "rotation": 90, "windMode": [-1,-1,-1,-1] }
			}
		},
		{
			"name": "LowerArmROrigin",
			"stepParentName": "LowerArmR",
			"from": [ -0.03, -0.03, -0.03 ],
			"to": [ 2.53, 7.03, 2.03 ],
			"unwrapMode": 1,
			"autoUnwrap": false,
			"uv": [ 0.0, 0.0 ],
			"rotationOrigin": [ 1.3, 6.8, 1.0 ],
			"faces": {
				"north": { "texture": "#upperbodyover", "uv": [ 4.5, 54.5, 7.0, 61.5 ] },
				"east": { "texture": "#upperbodyover", "uv": [ 2.0, 54.5, 4.0, 61.5 ] },
				"south": { "texture": "#upperbodyover", "uv": [ 9.0, 54.5, 11.5, 61.5 ] },
				"west": { "texture": "#upperbodyover", "uv": [ 7.0, 54.5, 9.0, 61.5 ] },
				"up": { "texture": "#upperbodyover", "uv": [ 10.0, 43.5, 12.0, 46.0 ], "rotation": 90, "windMode": [-1,-1,-1,-1] },
				"down": { "texture": "#upperbodyover", "uv": [ 7.0, 61.5, 9.0, 64.0 ], "rotation": 90, "windMode": [-1,-1,-1,-1] }
			}
		},
		{
			"name": "LowerArmLOrigin",
			"stepParentName": "LowerArmL",
			"from": [ -0.03, -0.03, -0.03 ],
			"to": [ 2.53, 7.03, 2.03 ],
			"unwrapMode": 3,
			"autoUnwrap": false,
			"uv": [ 0.0, 8.0 ],
			"rotationOrigin": [ 1.3, 6.8, 1.0 ],
			"faces": {
				"north": { "texture": "#upperbodyover", "uv": [ 13.5, 54.5, 16.0, 61.5 ] },
				"east": { "texture": "#upperbodyover", "uv": [ 21.0, 54.5, 23.0, 61.5 ], "windMode": [-1,-1,-1,-1] },
				"south": { "texture": "#upperbodyover", "uv": [ 18.0, 54.5, 20.5, 61.5 ] },
				"west": { "texture": "#upperbodyover", "uv": [ 16.0, 54.5, 18.0, 61.5 ] },
				"up": { "texture": "#upperbodyover", "uv": [ 13.0, 43.5, 15.0, 46.0 ], "rotation": 90, "windMode": [-1,-1,-1,-1] },
				"down": { "texture": "#upperbodyover", "uv": [ 16.0, 61.5, 18.0, 64.0 ], "rotation": 90, "windMode": [-1,-1,-1,-1] }
			}
		},
		{
			"name": "LowerFootLOrigin",
			"stepParentName": "LowerFootL",
			"from": [ -0.03, 0.6, -0.03 ],
			"to": [ 4.03, 9.1, 3.03 ],
			"unwrapMode": 4,
			"autoUnwrap": false,
			"uv": [ 13.0, 27.0 ],
			"rotationOrigin": [ 2.0, 8.6, 1.5 ],
			"faces": {
				"east": { "texture": "#upperbodyover", "uv": [ 20.0, 29.0, 23.0, 37.5 ] },
				"south": { "texture": "#upperbodyover", "uv": [ 16.0, 29.0, 20.0, 37.5 ] },
				"west": { "texture": "#upperbodyover", "uv": [ 13.0, 29.0, 16.0, 37.5 ] },
				"up": { "texture": "#upperbodyover", "uv": [ 23.5, 36.5, 26.5, 40.5 ], "rotation": 90, "windMode": [-1,-1,-1,-1] }
			}
		},
		{
			"name": "LowerFootROrigin",
			"stepParentName": "LowerFootR",
			"from": [ -0.03, 0.6, -0.03 ],
			"to": [ 4.03, 9.1, 3.03 ],
			"unwrapMode": 4,
			"autoUnwrap": false,
			"uv": [ 1.0, 27.0 ],
			"rotationOrigin": [ 2.0, 10.1, 1.5 ],
			"faces": {
				"north": { "texture": "#upperbodyover", "uv": [ 4.0, 29.0, 8.0, 37.5 ] },
				"east": { "texture": "#upperbodyover", "uv": [ 1.0, 29.0, 4.0, 37.5 ] },
				"west": { "texture": "#upperbodyover", "uv": [ 8.0, 29.0, 11.0, 37.5 ] },
				"up": { "texture": "#upperbodyover", "uv": [ 23.5, 31.0, 26.5, 35.0 ], "rotation": 90, "windMode": [-1,-1,-1,-1] }
			}
		},
		{
			"name": "BreastOrigin",
			"stepParentName": "Breast",
			"from": [ -0.03, -0.03, -0.04 ],
			"to": [ 2.03, 3.03, 6.05 ],
			"renderPass": 1,
			"unwrapMode": 4,
			"autoUnwrap": false,
			"uv": [ 4.0, 4.0 ],
			"faces": {
				"north": { "texture": "#upperbodyover", "uv": [ 5.0, 5.5, 7.0, 8.5 ] },
				"south": { "texture": "#upperbodyover", "uv": [ 11.5, 5.5, 13.5, 8.5 ] },
				"west": { "texture": "#upperbodyover", "uv": [ 6.0, 6.0, 12.0, 9.0 ] },
				"down": { "texture": "#upperbodyover", "uv": [ 6.0, 8.0, 12.0, 10.0 ], "rotation": 90, "windMode": [-1,-1,-1,-1], "windData": [1,1,1,1] }
			}
		},
		{
			"name": "Breast2Origin",
			"stepParentName": "Breast2",
			"from": [ -0.03, -0.03, -0.04 ],
			"to": [ 2.03, 2.03, 6.05 ],
			"unwrapMode": 4,
			"autoUnwrap": false,
			"uv": [ 4.0, 6.0 ],
			"faces": {
				"north": { "texture": "#upperbodyover", "uv": [ 4.5, 6.0, 6.5, 8.0 ] },
				"south": { "texture": "#upperbodyover", "uv": [ 11.5, 8.0, 13.5, 10.0 ] },
				"west": { "texture": "#upperbodyover", "uv": [ 6.0, 6.0, 12.0, 8.0 ] },
				"down": { "texture": "#upperbodyover", "uv": [ 6.0, 10.0, 12.0, 12.0 ], "rotation": 90, "windMode": [-1,-1,-1,-1] }
			}
		}
	]}