[
    {
      "file": "game:config/remaps.json",
      "op": "add",
      "path": "/oneroof:v1.0.0",
      "value": [
          "/bir remapq oneroof:oneroof-fireclay-standard-none-free oneroof:oneroof-fireclay-free force",
          "/bir remapq oneroof:oneroof-blueclay-standard-none-free oneroof:oneroof-blueclay-free force",
          "/bir remapq oneroof:oneroof-redclay-standard-none-free oneroof:oneroof-redclay-free force",
          "/bir remapq oneroof:oneroof-brownclay-standard-none-free oneroof:oneroof-brownclay-free force",
          "/bir remapq oneroof:oneroof-thatch-standard-none-free oneroof:oneroof-thatch-free force",
      ]
    },
    {
      "file": "game:config/remaps.json",
      "op": "add",
      "path": "/game:v1.2.0oneroof:v1.0.0",
      "value": [
          "/bir remapq oneroof:oneroof-grayclay-standard-none-free oneroof:oneroof-blueclay-standard-none-free force",
          "/bir remapq oneroof:oneroof-grayclay-standard-aged-free oneroof:oneroof-blueclay-standard-aged-free force",
          "/bir remapq oneroof:oneroof-grayclay-standard-birch-free oneroof:oneroof-blueclay-standard-birch-free force",
          "/bir remapq oneroof:oneroof-grayclay-standard-oak-free oneroof:oneroof-blueclay-standard-oak-free force",
          "/bir remapq oneroof:oneroof-grayclay-standard-maple-free oneroof:oneroof-blueclay-standard-maple-free force",
          "/bir remapq oneroof:oneroof-grayclay-standard-pine-free oneroof:oneroof-blueclay-standard-pine-free force",
          "/bir remapq oneroof:oneroof-grayclay-standard-acacia-free oneroof:oneroof-blueclay-standard-acacia-free force",
          "/bir remapq oneroof:oneroof-grayclay-standard-kapok-free oneroof:oneroof-blueclay-standard-kapok-free force",
          "/bir remapq oneroof:oneroof-grayclay-standard-baldcypress-free oneroof:oneroof-blueclay-standard-baldcypress-free force",
          "/bir remapq oneroof:oneroof-grayclay-standard-larch-free oneroof:oneroof-blueclay-standard-larch-free force",
          "/bir remapq oneroof:oneroof-grayclay-standard-redwood-free oneroof:oneroof-blueclay-standard-redwood-free force",
          "/bir remapq oneroof:oneroof-grayclay-standard-ebony-free oneroof:oneroof-blueclay-standard-ebony-free force",
          "/bir remapq oneroof:oneroof-grayclay-standard-walnut-free oneroof:oneroof-blueclay-standard-walnut-free force",
          "/bir remapq oneroof:oneroof-grayclay-standard-purpleheart-free oneroof:oneroof-blueclay-standard-purpleheart-free force",
          "/bir remapq oneroof:oneroof-grayclay-dynamic-none-free oneroof:oneroof-blueclay-dynamic-none-free force",
          "/bir remapq oneroof:oneroof-grayclay-dynamic-aged-free oneroof:oneroof-blueclay-dynamic-aged-free force",
          "/bir remapq oneroof:oneroof-grayclay-dynamic-birch-free oneroof:oneroof-blueclay-dynamic-birch-free force",
          "/bir remapq oneroof:oneroof-grayclay-dynamic-oak-free oneroof:oneroof-blueclay-dynamic-oak-free force",
          "/bir remapq oneroof:oneroof-grayclay-dynamic-maple-free oneroof:oneroof-blueclay-dynamic-maple-free force",
          "/bir remapq oneroof:oneroof-grayclay-dynamic-pine-free oneroof:oneroof-blueclay-dynamic-pine-free force",
          "/bir remapq oneroof:oneroof-grayclay-dynamic-acacia-free oneroof:oneroof-blueclay-dynamic-acacia-free force",
          "/bir remapq oneroof:oneroof-grayclay-dynamic-kapok-free oneroof:oneroof-blueclay-dynamic-kapok-free force",
          "/bir remapq oneroof:oneroof-grayclay-dynamic-baldcypress-free oneroof:oneroof-blueclay-dynamic-baldcypress-free force",
          "/bir remapq oneroof:oneroof-grayclay-dynamic-larch-free oneroof:oneroof-blueclay-dynamic-larch-free force",
          "/bir remapq oneroof:oneroof-grayclay-dynamic-redwood-free oneroof:oneroof-blueclay-dynamic-redwood-free force",
          "/bir remapq oneroof:oneroof-grayclay-dynamic-ebony-free oneroof:oneroof-blueclay-dynamic-ebony-free force",
          "/bir remapq oneroof:oneroof-grayclay-dynamic-walnut-free oneroof:oneroof-blueclay-dynamic-walnut-free force",
          "/bir remapq oneroof:oneroof-grayclay-dynamic-purpleheart-free oneroof:oneroof-blueclay-dynamic-purpleheart-free force",
      ]
    }
]