{
	"editor": {
		"backDropShape": "entity/humanoid/seraph-hairless",
		"allAngles": true,
		"entityTextureMode": true
	},
	"textureWidth": 64,
	"textureHeight": 64,
	"textureSizes": {
	},
	"textures": {
	},
	"elements": [
		{
			"name": "ArmorHelmet",
			"stepParentName": "Head",
			"from": [ 0.075, 0.225, -0.45 ],
			"to": [ 4.575, 4.35, 4.275 ],
			"unwrapMode": 1,
			"autoUnwrap": false,
			"uv": [ 36.0, 17.5 ],
			"rotationOrigin": [ 0.075, 0.225, -0.45 ],
			"faces": {
				"north": { "texture": "#gold", "uv": [ 42.0, 23.5, 48.0, 29.0 ], "autoUv": false },
				"east": { "texture": "#gold", "uv": [ 36.0, 23.5, 42.0, 29.0 ], "autoUv": false },
				"south": { "texture": "#gold", "uv": [ 55.0, 23.5, 61.0, 29.0 ], "autoUv": false },
				"west": { "texture": "#gold", "uv": [ 48.5, 23.5, 54.5, 29.0 ], "autoUv": false },
				"up": { "texture": "#gold", "uv": [ 42.0, 17.5, 48.0, 23.5 ], "rotation": 180, "autoUv": false },
				"down": { "texture": "#gold", "uv": [ 42.0, 29.0, 48.0, 35.0 ], "autoUv": false }
			},
			"children": [
				{
					"name": "ArmorHelmetstrap",
					"from": [ 0.375, -0.375, 0.15 ],
					"to": [ 1.5, 0.375, 4.575 ],
					"unwrapMode": 5,
					"uv": [ 46.5, 1.0 ],
					"rotationOrigin": [ 0.375, -0.375, 0.15 ],
					"faces": {
						"north": { "texture": "#gold", "uv": [ 47.5, 1.0, 49.0, 2.0 ], "rotation": 180, "autoUv": false },
						"east": { "texture": "#gold", "uv": [ 49.0, 2.0, 50.0, 7.5 ], "rotation": 90, "autoUv": false },
						"south": { "texture": "#gold", "uv": [ 47.5, 7.5, 49.0, 8.5 ], "autoUv": false },
						"west": { "texture": "#gold", "uv": [ 46.5, 2.0, 47.5, 7.5 ], "rotation": 270, "autoUv": false },
						"up": { "texture": "#gold", "uv": [ 47.5, 2.0, 49.0, 7.5 ], "autoUv": false },
						"down": { "texture": "#gold", "uv": [ 50.0, 2.0, 51.5, 7.5 ], "autoUv": false }
					}
				},
				{
					"name": "ArmorHelmetFace",
					"from": [ -0.525, 2.1, 0.0 ],
					"to": [ 0.0, 4.125, 4.725 ],
					"unwrapMode": 1,
					"uv": [ 32.0, 35.5 ],
					"rotationOrigin": [ -0.375, 2.1, 0.0 ],
					"faces": {
						"north": { "texture": "#gold", "uv": [ 32.0, 41.5, 32.5, 44.0 ], "autoUv": false },
						"south": { "texture": "#gold", "uv": [ 38.5, 41.5, 39.0, 44.0 ], "autoUv": false },
						"west": { "texture": "#gold", "uv": [ 32.5, 41.5, 38.5, 44.0 ], "autoUv": false },
						"up": { "texture": "#gold", "uv": [ 32.0, 35.5, 32.5, 41.5 ], "rotation": 180, "autoUv": false },
						"down": { "texture": "#gold", "uv": [ 32.0, 44.0, 32.5, 50.0 ], "autoUv": false }
					}
				},
				{
					"name": "ArmorHelmetTop",
					"from": [ 0.375, 4.125, 0.375 ],
					"to": [ 4.125, 4.725, 4.275 ],
					"unwrapMode": 1,
					"autoUnwrap": false,
					"uv": [ 31.0, 30.0 ],
					"rotationOrigin": [ 0.375, 4.125, 0.375 ],
					"faces": {
						"north": { "texture": "#gold", "uv": [ 36.0, 35.0, 41.0, 35.5 ], "autoUv": false },
						"east": { "texture": "#gold", "uv": [ 31.0, 35.0, 36.0, 35.5 ], "autoUv": false },
						"south": { "texture": "#gold", "uv": [ 47.0, 35.0, 52.0, 35.5 ], "autoUv": false },
						"west": { "texture": "#gold", "uv": [ 41.5, 35.0, 46.5, 35.5 ], "autoUv": false },
						"up": { "texture": "#gold", "uv": [ 36.0, 30.0, 41.0, 35.0 ], "rotation": 180, "autoUv": false }
					},
					"children": [
						{
							"name": "Plume1",
							"from": [ 0.3, 0.225, 1.575 ],
							"to": [ 4.8, 0.6, 2.325 ],
							"autoUnwrap": false,
							"uv": [ 13.5, 2.5 ],
							"rotationOrigin": [ 0.3, 0.375, 1.95 ],
							"rotationZ": 44.0,
							"faces": {
								"north": { "texture": "#gold", "uv": [ 0.0, 0.0, 6.0, 0.5 ], "autoUv": false },
								"east": { "texture": "#gold", "uv": [ 7.0, 0.5, 8.0, 1.0 ], "autoUv": false },
								"south": { "texture": "#gold", "uv": [ 0.0, 0.5, 6.0, 1.0 ], "autoUv": false },
								"up": { "texture": "#gold", "uv": [ 0.0, 0.0, 6.0, 1.0 ], "autoUv": false },
								"down": { "texture": "#gold", "uv": [ 0.0, 0.5, 6.0, 1.5 ], "autoUv": false }
							}
						},
						{
							"name": "Plume2",
							"from": [ 0.9, 0.225, 1.575 ],
							"to": [ 4.2, 0.6, 2.325 ],
							"autoUnwrap": false,
							"uv": [ 0.0, 0.0 ],
							"rotationOrigin": [ 0.9, 0.375, 1.95 ],
							"rotationZ": 36.0,
							"faces": {
								"north": { "texture": "#gold", "uv": [ 0.0, 0.0, 4.0, 0.5 ], "autoUv": false },
								"east": { "texture": "#gold", "uv": [ 4.0, 0.5, 5.0, 1.0 ], "autoUv": false },
								"south": { "texture": "#gold", "uv": [ 0.0, 0.5, 4.0, 1.0 ], "autoUv": false },
								"up": { "texture": "#gold", "uv": [ 0.0, 0.0, 4.0, 1.0 ], "autoUv": false },
								"down": { "texture": "#gold", "uv": [ 0.5, 0.5, 4.5, 1.5 ], "autoUv": false }
							}
						},
						{
							"name": "Plume3",
							"from": [ 0.9, 0.225, 1.575 ],
							"to": [ 3.9, 0.6, 2.325 ],
							"autoUnwrap": false,
							"uv": [ 0.0, 0.0 ],
							"rotationOrigin": [ 0.9, 0.375, 1.95 ],
							"rotationZ": 19.0,
							"faces": {
								"north": { "texture": "#gold", "uv": [ 0.0, 0.0, 4.0, 0.5 ], "autoUv": false },
								"east": { "texture": "#gold", "uv": [ 4.0, 0.5, 5.0, 1.0 ], "autoUv": false },
								"south": { "texture": "#gold", "uv": [ 0.0, 0.5, 4.0, 1.0 ], "autoUv": false },
								"up": { "texture": "#gold", "uv": [ 0.0, 0.0, 4.0, 1.0 ], "autoUv": false },
								"down": { "texture": "#gold", "uv": [ 0.5, 0.5, 4.5, 1.5 ], "autoUv": false }
							}
						}
					]
				}
			]
		}
	]}