[
  {
    "op": "replace",
    "path": "/enabled",
    "value": true,
    "file": "butchering:itemtypes/butchercreatures/casuariidae/casuariidae.json",
    "dependsOn": [ { "modid": "casuariidae" } ]
  },
  {
    "op": "add",
    "path": "/server/behaviors/-",
    "value": {
      "code": "butcherable",
      "itemByType": {
        "casuariidae-adult-female-*": "butchering:deadcasuariidae-female-dead",
        "casuariidae-adult-male-*": "butchering:deadcasuariidae-male-dead",
      }
    },
    "file": "casuariidae:entities/land/casuariidae-adult.json",
    "dependsOn": [ { "modid": "casuariidae" } ]
  },
  {
    "op": "add",
    "path": "/client/behaviors/-",
    "value": {
      "code": "butcherable",
      "itemByType": {
        "casuariidae-adult-female-*": "butchering:deadcasuariidae-female-dead",
        "casuariidae-adult-male-*": "butchering:deadcasuariidae-male-dead",
      }
    },
    "file": "casuariidae:entities/land/casuariidae-adult.json",
    "dependsOn": [ { "modid": "casuariidae" } ]
  },
  {
    "op": "add",
    "path": "/server/behaviors/-",
    "value": {
      "code": "butcherable",
      "itemByType": {
        "casuariidae-baby-*": "butchering:deadcasuariidae-baby-dead"
      }
    },
    "file": "casuariidae:entities/land/casuariidae-baby.json",
    "dependsOn": [ { "modid": "casuariidae" } ]
  },
  {
    "op": "add",
    "path": "/client/behaviors/-",
    "value": {
      "code": "butcherable",
      "itemByType": {
        "casuariidae-baby-*": "butchering:deadcasuariidae-baby-dead"
      }
    },
    "file": "casuariidae:entities/land/casuariidae-baby.json",
    "dependsOn": [ { "modid": "casuariidae" } ]
  }
]
