[
  {
    "op": "replace",
    "path": "/enabled",
    "value": true,
    "file": "butchering:itemtypes/butchercreatures/casuariidae/dromornithidae.json",
    "dependsOn": [ { "modid": "casuariidae" } ]
  },
  {
    "op": "add",
    "path": "/server/behaviors/-",
    "value": {
      "code": "butcherable",
      "itemByType": {
        "anatidae-adult-female-*": "butchering:deaddromornithidae-female-dead",
        "anatidae-adult-male-*": "butchering:deaddromornithidae-male-dead"
      }
    },
    "file": "casuariidae:entities/land/dromornithidae-adult.json",
    "dependsOn": [ { "modid": "casuariidae" } ]
  },
  {
    "op": "add",
    "path": "/client/behaviors/-",
    "value": {
      "code": "butcherable",
      "itemByType": {
        "anatidae-adult-female-*": "butchering:deaddromornithidae-female-dead",
        "anatidae-adult-male-*": "butchering:deaddromornithidae-male-dead"
      }
    },
    "file": "casuariidae:entities/land/dromornithidae-adult.json",
    "dependsOn": [ { "modid": "casuariidae" } ]
  },
  {
    "op": "add",
    "path": "/server/behaviors/-",
    "value": {
      "code": "butcherable",
      "itemByType": {
        "anatidae-baby-*": "butchering:deaddromornithidae-baby-dead"
      }
    },
    "file": "casuariidae:entities/land/dromornithidae-baby.json",
    "dependsOn": [ { "modid": "casuariidae" } ]
  },
  {
    "op": "add",
    "path": "/client/behaviors/-",
    "value": {
      "code": "butcherable",
      "itemByType": {
        "anatidae-baby-*": "butchering:deaddromornithidae-baby-dead"
      }
    },
    "file": "casuariidae:entities/land/dromornithidae-baby.json",
    "dependsOn": [ { "modid": "casuariidae" } ]
  }
]
