{
	"editor": {
		"allAngles": false,
		"entityTextureMode": false
	},
	"textureWidth": 16,
	"textureHeight": 16,
	"textureSizes": {
	},
	"textures": {
		"resin": "block/resin",
		"bark": "block/wood/bark/pine",
		"trunk": "block/wood/treetrunk/pine"
	},
	"elements": [
		{
			"name": "origin",
			"from": [ 10.0, 1.0, 24.02 ],
			"to": [ 10.0, 1.0, 24.02 ],
			"rotationOrigin": [ 8.0, 8.0, 8.0 ],
			"faces": {
			},
			"children": [
				{
					"name": "Cube1",
					"from": [ 0.0, 9.0, -8.0 ],
					"to": [ 3.0, 12.0, -7.0 ],
					"renderPass": 3,
					"rotationOrigin": [ 0.0, 9.0, -8.0 ],
					"faces": {
						"north": { "texture": "#resin", "uv": [ 5.0, 9.5, 8.0, 12.5 ] },
						"east": { "texture": "#resin", "uv": [ 8.0, 2.5, 9.0, 5.5 ] },
						"south": { "texture": "#resin", "uv": [ 1.0, 10.0, 4.0, 13.0 ] },
						"west": { "texture": "#resin", "uv": [ 2.5, 5.5, 3.5, 8.5 ] },
						"up": { "texture": "#resin", "uv": [ 8.0, 2.5, 11.0, 3.5 ] },
						"down": { "texture": "#resin", "uv": [ 6.5, 10.5, 9.5, 11.5 ] }
					}
				},
				{
					"name": "Cube3",
					"from": [ -1.5, 9.5, -8.0 ],
					"to": [ 0.0, 11.0, -7.5 ],
					"renderPass": 3,
					"rotationOrigin": [ -1.5, 9.5, -8.0 ],
					"faces": {
						"north": { "texture": "#resin", "uv": [ 5.0, 9.5, 6.5, 11.0 ] },
						"south": { "texture": "#resin", "uv": [ 0.5, 12.5, 2.0, 14.0 ] },
						"west": { "texture": "#resin", "uv": [ 0.5, 13.5, 1.0, 15.0 ] },
						"up": { "texture": "#resin", "uv": [ 0.5, 13.5, 2.0, 14.0 ] },
						"down": { "texture": "#resin", "uv": [ 1.0, 14.0, 2.5, 14.5 ] }
					}
				},
				{
					"name": "Cube4",
					"from": [ -7.0, 3.0, -8.0 ],
					"to": [ -6.0, 4.0, -7.5 ],
					"renderPass": 3,
					"rotationOrigin": [ -7.0, 3.0, -8.0 ],
					"faces": {
						"east": { "texture": "#resin", "uv": [ 1.0, 15.0, 1.5, 16.0 ] },
						"south": { "texture": "#resin", "uv": [ 1.0, 14.5, 2.0, 15.5 ] },
						"west": { "texture": "#resin", "uv": [ 1.0, 14.5, 1.5, 15.5 ] },
						"up": { "texture": "#resin", "uv": [ 0.5, 15.0, 1.5, 15.5 ] },
						"down": { "texture": "#resin", "uv": [ 0.0, 13.5, 1.0, 14.0 ] }
					}
				},
				{
					"name": "Cube5",
					"from": [ 0.5, 12.0, -8.0 ],
					"to": [ 1.5, 13.0, -7.5 ],
					"renderPass": 3,
					"rotationOrigin": [ 0.5, 12.0, -8.0 ],
					"faces": {
						"north": { "texture": "#resin", "uv": [ 5.0, 9.5, 6.0, 10.5 ] },
						"east": { "texture": "#resin", "uv": [ 12.5, 7.5, 13.0, 8.5 ] },
						"south": { "texture": "#resin", "uv": [ 3.5, 11.0, 4.5, 12.0 ] },
						"west": { "texture": "#resin", "uv": [ 3.0, 10.0, 3.5, 11.0 ] },
						"up": { "texture": "#resin", "uv": [ 8.0, 2.5, 9.0, 3.0 ] }
					}
				},
				{
					"name": "Cube6",
					"from": [ 1.5, 12.0, -8.0 ],
					"to": [ 2.5, 13.5, -7.5 ],
					"renderPass": 3,
					"rotationOrigin": [ 1.5, 12.0, -8.0 ],
					"faces": {
						"north": { "texture": "#resin", "uv": [ 5.0, 9.5, 6.0, 11.0 ] },
						"east": { "texture": "#resin", "uv": [ 5.5, 12.0, 6.0, 13.5 ] },
						"south": { "texture": "#resin", "uv": [ 9.5, 1.0, 10.5, 2.5 ] },
						"west": { "texture": "#resin", "uv": [ 3.0, 10.0, 3.5, 11.5 ] },
						"up": { "texture": "#resin", "uv": [ 5.0, 6.5, 6.0, 7.0 ] }
					}
				},
				{
					"name": "Cube7",
					"from": [ -1.0, 11.0, -8.0 ],
					"to": [ -0.5, 11.5, -7.5 ],
					"renderPass": 3,
					"rotationOrigin": [ -1.0, 11.0, -8.0 ],
					"faces": {
						"north": { "texture": "#resin", "uv": [ 5.0, 9.5, 5.5, 10.0 ] },
						"east": { "texture": "#resin", "uv": [ 12.5, 7.5, 13.0, 8.0 ] },
						"south": { "texture": "#resin", "uv": [ 3.5, 11.0, 4.0, 11.5 ] },
						"west": { "texture": "#resin", "uv": [ 3.0, 10.0, 3.5, 10.5 ] },
						"up": { "texture": "#resin", "uv": [ 8.0, 2.5, 8.5, 3.0 ] }
					}
				},
				{
					"name": "Cube8",
					"from": [ 3.0, 7.5, -8.0 ],
					"to": [ 4.0, 10.0, -7.5 ],
					"renderPass": 3,
					"rotationOrigin": [ 3.0, 7.5, -8.0 ],
					"faces": {
						"north": { "texture": "#resin", "uv": [ 5.0, 9.5, 6.0, 12.0 ] },
						"east": { "texture": "#resin", "uv": [ 5.5, 12.0, 6.0, 14.5 ] },
						"south": { "texture": "#resin", "uv": [ 3.5, 11.0, 4.5, 13.5 ] },
						"west": { "texture": "#resin", "uv": [ 3.0, 10.0, 3.5, 12.5 ] },
						"up": { "texture": "#resin", "uv": [ 8.0, 2.5, 9.0, 3.0 ] },
						"down": { "texture": "#resin", "uv": [ 6.0, 12.5, 7.0, 13.0 ] }
					}
				},
				{
					"name": "Cube9",
					"from": [ 0.5, 6.0, -8.0 ],
					"to": [ 1.5, 9.0, -7.5 ],
					"renderPass": 3,
					"rotationOrigin": [ 0.5, 6.0, -8.0 ],
					"faces": {
						"north": { "texture": "#resin", "uv": [ 2.0, 11.5, 3.0, 14.5 ] },
						"east": { "texture": "#resin", "uv": [ 2.5, 10.5, 3.0, 13.5 ] },
						"south": { "texture": "#resin", "uv": [ 5.5, 0.0, 6.5, 3.0 ] },
						"west": { "texture": "#resin", "uv": [ 5.5, 1.0, 6.0, 4.0 ] },
						"down": { "texture": "#resin", "uv": [ 9.0, 9.0, 10.0, 9.5 ] }
					}
				},
				{
					"name": "Cube10",
					"from": [ -1.0, 8.5, -8.0 ],
					"to": [ -0.5, 9.5, -7.5 ],
					"renderPass": 3,
					"rotationOrigin": [ -1.0, 8.5, -8.0 ],
					"faces": {
						"north": { "texture": "#resin", "uv": [ 5.0, 9.5, 5.5, 10.5 ] },
						"east": { "texture": "#resin", "uv": [ 0.5, 13.0, 1.0, 14.0 ] },
						"south": { "texture": "#resin", "uv": [ 0.5, 13.5, 1.0, 14.5 ] },
						"west": { "texture": "#resin", "uv": [ 1.0, 14.0, 1.5, 15.0 ] },
						"down": { "texture": "#resin", "uv": [ 1.5, 15.0, 2.0, 15.5 ] }
					}
				},
				{
					"name": "Cube11",
					"from": [ 3.5, 12.0, -8.0 ],
					"to": [ 4.5, 13.0, -7.0 ],
					"renderPass": 3,
					"rotationOrigin": [ 3.5, 12.0, -8.0 ],
					"faces": {
						"north": { "texture": "#resin", "uv": [ 5.5, 2.0, 6.5, 3.0 ] },
						"east": { "texture": "#resin", "uv": [ 2.0, 7.0, 3.0, 8.0 ] },
						"south": { "texture": "#resin", "uv": [ 1.0, 14.5, 2.0, 15.5 ] },
						"west": { "texture": "#resin", "uv": [ 0.0, 12.0, 1.0, 13.0 ] },
						"up": { "texture": "#resin", "uv": [ 0.5, 14.5, 1.5, 15.5 ] },
						"down": { "texture": "#resin", "uv": [ 2.0, 14.0, 3.0, 15.0 ] }
					}
				},
				{
					"name": "Cube12",
					"from": [ 1.5, 8.5, -8.0 ],
					"to": [ 2.5, 9.0, -7.5 ],
					"renderPass": 3,
					"rotationOrigin": [ 1.5, 8.5, -8.0 ],
					"faces": {
						"north": { "texture": "#resin", "uv": [ 9.0, 2.5, 10.0, 3.0 ] },
						"east": { "texture": "#resin", "uv": [ 11.5, 10.5, 12.0, 11.0 ] },
						"south": { "texture": "#resin", "uv": [ 8.5, 2.5, 9.5, 3.0 ] },
						"west": { "texture": "#resin", "uv": [ 10.5, 2.5, 11.0, 3.0 ] },
						"down": { "texture": "#resin", "uv": [ 8.5, 3.5, 9.5, 4.0 ] }
					}
				},
				{
					"name": "Cube13",
					"from": [ 3.0, 6.0, -8.0 ],
					"to": [ 3.5, 7.5, -7.5 ],
					"renderPass": 3,
					"rotationOrigin": [ 3.0, 6.0, -8.0 ],
					"faces": {
						"north": { "texture": "#resin", "uv": [ 5.0, 9.5, 5.5, 11.0 ] },
						"east": { "texture": "#resin", "uv": [ 12.5, 7.5, 13.0, 9.0 ] },
						"south": { "texture": "#resin", "uv": [ 3.5, 11.0, 4.0, 12.5 ] },
						"west": { "texture": "#resin", "uv": [ 3.0, 10.0, 3.5, 11.5 ] },
						"down": { "texture": "#resin", "uv": [ 7.0, 12.5, 7.5, 13.0 ] }
					}
				},
				{
					"name": "Cube14",
					"from": [ 3.0, 10.0, -8.0 ],
					"to": [ 3.5, 10.5, -7.5 ],
					"renderPass": 3,
					"rotationOrigin": [ 3.0, 10.0, -8.0 ],
					"faces": {
						"north": { "texture": "#resin", "uv": [ 5.0, 9.5, 5.5, 10.0 ] },
						"east": { "texture": "#resin", "uv": [ 12.5, 7.5, 13.0, 8.0 ] },
						"south": { "texture": "#resin", "uv": [ 3.5, 11.0, 4.0, 11.5 ] },
						"up": { "texture": "#resin", "uv": [ 8.0, 2.5, 8.5, 3.0 ] }
					}
				},
				{
					"name": "Cube15",
					"from": [ 5.0, 10.0, -8.0 ],
					"to": [ 5.5, 10.5, -7.5 ],
					"renderPass": 3,
					"rotationOrigin": [ 5.0, 10.0, -8.0 ],
					"faces": {
						"north": { "texture": "#resin", "uv": [ 5.0, 9.5, 5.5, 10.0 ] },
						"east": { "texture": "#resin", "uv": [ 12.5, 7.5, 13.0, 8.0 ] },
						"south": { "texture": "#resin", "uv": [ 3.5, 11.0, 4.0, 11.5 ] },
						"west": { "texture": "#resin", "uv": [ 3.0, 10.0, 3.5, 10.5 ] },
						"up": { "texture": "#resin", "uv": [ 8.0, 2.5, 8.5, 3.0 ] },
						"down": { "texture": "#resin", "uv": [ 7.0, 12.5, 7.5, 13.0 ] }
					}
				},
				{
					"name": "Cube16",
					"from": [ -2.0, 12.0, -8.0 ],
					"to": [ -1.5, 12.5, -7.5 ],
					"renderPass": 3,
					"rotationOrigin": [ -2.0, 12.0, -8.0 ],
					"faces": {
						"north": { "texture": "#resin", "uv": [ 5.5, 9.0, 6.0, 9.5 ] },
						"east": { "texture": "#resin", "uv": [ 12.5, 8.5, 13.0, 9.0 ] },
						"south": { "texture": "#resin", "uv": [ 14.0, 7.0, 14.5, 7.5 ] },
						"west": { "texture": "#resin", "uv": [ 6.5, 8.0, 7.0, 8.5 ] },
						"up": { "texture": "#resin", "uv": [ 8.0, 5.5, 8.5, 6.0 ] },
						"down": { "texture": "#resin", "uv": [ 7.0, 12.5, 7.5, 13.0 ] }
					}
				},
				{
					"name": "Cube17",
					"from": [ -1.5, 7.5, -8.0 ],
					"to": [ -1.0, 8.0, -7.5 ],
					"renderPass": 3,
					"rotationOrigin": [ -1.5, 7.5, -8.0 ],
					"faces": {
						"north": { "texture": "#resin", "uv": [ 5.0, 9.5, 5.5, 10.0 ] },
						"east": { "texture": "#resin", "uv": [ 12.5, 7.5, 13.0, 8.0 ] },
						"south": { "texture": "#resin", "uv": [ 3.5, 11.0, 4.0, 11.5 ] },
						"west": { "texture": "#resin", "uv": [ 3.0, 10.0, 3.5, 10.5 ] },
						"up": { "texture": "#resin", "uv": [ 8.0, 2.5, 8.5, 3.0 ] },
						"down": { "texture": "#resin", "uv": [ 7.0, 12.5, 7.5, 13.0 ] }
					}
				},
				{
					"name": "Cube19",
					"from": [ 1.0, 5.0, -8.0 ],
					"to": [ 1.5, 6.0, -7.5 ],
					"renderPass": 3,
					"rotationOrigin": [ 1.0, 5.0, -8.0 ],
					"faces": {
						"north": { "texture": "#resin", "uv": [ 5.0, 9.5, 5.5, 10.5 ] },
						"east": { "texture": "#resin", "uv": [ 3.5, 11.5, 4.0, 12.5 ] },
						"south": { "texture": "#resin", "uv": [ 3.0, 13.5, 3.5, 14.5 ] },
						"west": { "texture": "#resin", "uv": [ 3.0, 10.0, 3.5, 11.0 ] },
						"down": { "texture": "#resin", "uv": [ 6.0, 12.5, 6.5, 13.0 ] }
					}
				},
				{
					"name": "Cube20",
					"from": [ 1.0, 4.0, -8.0 ],
					"to": [ 1.5, 4.5, -7.5 ],
					"renderPass": 3,
					"rotationOrigin": [ 1.0, 4.0, -8.0 ],
					"faces": {
						"north": { "texture": "#resin", "uv": [ 10.0, 6.5, 10.5, 7.0 ] },
						"east": { "texture": "#resin", "uv": [ 10.5, 8.0, 11.0, 8.5 ] },
						"south": { "texture": "#resin", "uv": [ 11.0, 6.0, 11.5, 6.5 ] },
						"west": { "texture": "#resin", "uv": [ 10.5, 6.5, 11.0, 7.0 ] },
						"up": { "texture": "#resin", "uv": [ 10.0, 7.0, 10.5, 7.5 ] },
						"down": { "texture": "#resin", "uv": [ 8.0, 12.5, 8.5, 13.0 ] }
					}
				},
				{
					"name": "Cube21",
					"from": [ 3.5, 11.0, -8.0 ],
					"to": [ 4.0, 12.0, -7.5 ],
					"renderPass": 3,
					"rotationOrigin": [ 3.5, 11.0, -8.0 ],
					"faces": {
						"north": { "texture": "#resin", "uv": [ 1.5, 13.5, 2.0, 14.5 ] },
						"east": { "texture": "#resin", "uv": [ 1.5, 14.0, 2.0, 15.0 ] },
						"south": { "texture": "#resin", "uv": [ 0.0, 14.0, 0.5, 15.0 ] },
						"west": { "texture": "#resin", "uv": [ 1.0, 14.0, 1.5, 15.0 ] },
						"down": { "texture": "#resin", "uv": [ 1.0, 14.5, 1.5, 15.0 ] }
					}
				},
				{
					"name": "Cube22",
					"from": [ -7.5, 1.0, -8.0 ],
					"to": [ -6.5, 2.0, -7.0 ],
					"renderPass": 3,
					"rotationOrigin": [ -7.5, 1.0, -8.0 ],
					"faces": {
						"north": { "texture": "#resin", "uv": [ 7.5, 4.5, 8.5, 5.5 ] },
						"east": { "texture": "#resin", "uv": [ 12.0, 10.0, 13.0, 11.0 ] },
						"south": { "texture": "#resin", "uv": [ 11.0, 7.0, 12.0, 8.0 ] },
						"west": { "texture": "#resin", "uv": [ 3.0, 10.0, 4.0, 11.0 ] },
						"up": { "texture": "#resin", "uv": [ 5.0, 6.0, 6.0, 7.0 ] },
						"down": { "texture": "#resin", "uv": [ 6.5, 12.5, 7.5, 13.5 ] }
					}
				},
				{
					"name": "Cube23",
					"from": [ -8.0, 3.0, -8.0 ],
					"to": [ -7.5, 3.5, -7.5 ],
					"renderPass": 3,
					"rotationOrigin": [ -8.0, 3.0, -8.0 ],
					"faces": {
						"north": { "texture": "#resin", "uv": [ 11.5, 9.0, 12.0, 9.5 ] },
						"east": { "texture": "#resin", "uv": [ 11.5, 6.0, 12.0, 6.5 ] },
						"south": { "texture": "#resin", "uv": [ 10.0, 5.5, 10.5, 6.0 ] },
						"west": { "texture": "#resin", "uv": [ 3.0, 10.0, 3.5, 10.5 ] },
						"up": { "texture": "#resin", "uv": [ 10.5, 6.5, 11.0, 7.0 ] },
						"down": { "texture": "#resin", "uv": [ 10.5, 6.0, 11.0, 6.5 ] }
					}
				}
			]
		},
		{
			"name": "pine",
			"from": [ 0.0, 0.0, 0.0 ],
			"to": [ 16.0, 16.0, 16.0 ],
			"faces": {
				"north": { "texture": "#resinbark1", "uv": [ 0.0, 0.0, 16.0, 16.0 ] },
				"east": { "texture": "#resinbark1", "uv": [ 0.0, 0.0, 16.0, 16.0 ] },
				"south": { "texture": "#resinbark1", "uv": [ 0.0, 0.0, 16.0, 16.0 ] },
				"west": { "texture": "#resinbark1", "uv": [ 0.0, 0.0, 16.0, 16.0 ] },
				"up": { "texture": "#trunk", "uv": [ 0.0, 0.0, 16.0, 16.0 ] },
				"down": { "texture": "#trunk", "uv": [ 0.0, 0.0, 16.0, 16.0 ] }
			}
		},
		{
			"name": "origin2",
			"from": [ 10.0, 1.0, 24.02 ],
			"to": [ 10.0, 1.0, 24.02 ],
			"rotationOrigin": [ 8.0, 8.0, 8.0 ],
			"rotationY": -90.0,
			"faces": {
			},
			"children": [
				{
					"name": "Cube2",
					"from": [ 0.0, 9.0, -8.0 ],
					"to": [ 3.0, 12.0, -7.0 ],
					"renderPass": 3,
					"rotationOrigin": [ 0.0, 9.0, -8.0 ],
					"faces": {
						"north": { "texture": "#resin", "uv": [ 5.0, 9.5, 8.0, 12.5 ] },
						"east": { "texture": "#resin", "uv": [ 8.0, 2.5, 9.0, 5.5 ] },
						"south": { "texture": "#resin", "uv": [ 1.0, 10.0, 4.0, 13.0 ] },
						"west": { "texture": "#resin", "uv": [ 2.5, 5.5, 3.5, 8.5 ] },
						"up": { "texture": "#resin", "uv": [ 8.0, 2.5, 11.0, 3.5 ] },
						"down": { "texture": "#resin", "uv": [ 6.5, 10.5, 9.5, 11.5 ] }
					}
				},
				{
					"name": "Cube18",
					"from": [ -1.5, 9.5, -8.0 ],
					"to": [ 0.0, 11.0, -7.5 ],
					"renderPass": 3,
					"rotationOrigin": [ -1.5, 9.5, -8.0 ],
					"faces": {
						"north": { "texture": "#resin", "uv": [ 5.0, 9.5, 6.5, 11.0 ] },
						"south": { "texture": "#resin", "uv": [ 0.5, 12.5, 2.0, 14.0 ] },
						"west": { "texture": "#resin", "uv": [ 0.5, 13.5, 1.0, 15.0 ] },
						"up": { "texture": "#resin", "uv": [ 0.5, 13.5, 2.0, 14.0 ] },
						"down": { "texture": "#resin", "uv": [ 1.0, 14.0, 2.5, 14.5 ] }
					}
				},
				{
					"name": "Cube24",
					"from": [ -7.0, 3.0, -8.0 ],
					"to": [ -6.0, 4.0, -7.5 ],
					"renderPass": 3,
					"rotationOrigin": [ -7.0, 3.0, -8.0 ],
					"faces": {
						"east": { "texture": "#resin", "uv": [ 1.0, 15.0, 1.5, 16.0 ] },
						"south": { "texture": "#resin", "uv": [ 1.0, 14.5, 2.0, 15.5 ] },
						"west": { "texture": "#resin", "uv": [ 1.0, 14.5, 1.5, 15.5 ] },
						"up": { "texture": "#resin", "uv": [ 0.5, 15.0, 1.5, 15.5 ] },
						"down": { "texture": "#resin", "uv": [ 0.0, 13.5, 1.0, 14.0 ] }
					}
				},
				{
					"name": "Cube25",
					"from": [ 0.5, 12.0, -8.0 ],
					"to": [ 1.5, 13.0, -7.5 ],
					"renderPass": 3,
					"rotationOrigin": [ 0.5, 12.0, -8.0 ],
					"faces": {
						"north": { "texture": "#resin", "uv": [ 5.0, 9.5, 6.0, 10.5 ] },
						"east": { "texture": "#resin", "uv": [ 12.5, 7.5, 13.0, 8.5 ] },
						"south": { "texture": "#resin", "uv": [ 3.5, 11.0, 4.5, 12.0 ] },
						"west": { "texture": "#resin", "uv": [ 3.0, 10.0, 3.5, 11.0 ] },
						"up": { "texture": "#resin", "uv": [ 8.0, 2.5, 9.0, 3.0 ] }
					}
				},
				{
					"name": "Cube26",
					"from": [ 1.5, 12.0, -8.0 ],
					"to": [ 2.5, 13.5, -7.5 ],
					"renderPass": 3,
					"rotationOrigin": [ 1.5, 12.0, -8.0 ],
					"faces": {
						"north": { "texture": "#resin", "uv": [ 5.0, 9.5, 6.0, 11.0 ] },
						"east": { "texture": "#resin", "uv": [ 5.5, 12.0, 6.0, 13.5 ] },
						"south": { "texture": "#resin", "uv": [ 9.5, 1.0, 10.5, 2.5 ] },
						"west": { "texture": "#resin", "uv": [ 3.0, 10.0, 3.5, 11.5 ] },
						"up": { "texture": "#resin", "uv": [ 5.0, 6.5, 6.0, 7.0 ] }
					}
				},
				{
					"name": "Cube27",
					"from": [ -1.0, 11.0, -8.0 ],
					"to": [ -0.5, 11.5, -7.5 ],
					"renderPass": 3,
					"rotationOrigin": [ -1.0, 11.0, -8.0 ],
					"faces": {
						"north": { "texture": "#resin", "uv": [ 5.0, 9.5, 5.5, 10.0 ] },
						"east": { "texture": "#resin", "uv": [ 12.5, 7.5, 13.0, 8.0 ] },
						"south": { "texture": "#resin", "uv": [ 3.5, 11.0, 4.0, 11.5 ] },
						"west": { "texture": "#resin", "uv": [ 3.0, 10.0, 3.5, 10.5 ] },
						"up": { "texture": "#resin", "uv": [ 8.0, 2.5, 8.5, 3.0 ] }
					}
				},
				{
					"name": "Cube28",
					"from": [ 3.0, 7.5, -8.0 ],
					"to": [ 4.0, 10.0, -7.5 ],
					"renderPass": 3,
					"rotationOrigin": [ 3.0, 7.5, -8.0 ],
					"faces": {
						"north": { "texture": "#resin", "uv": [ 5.0, 9.5, 6.0, 12.0 ] },
						"east": { "texture": "#resin", "uv": [ 5.5, 12.0, 6.0, 14.5 ] },
						"south": { "texture": "#resin", "uv": [ 3.5, 11.0, 4.5, 13.5 ] },
						"west": { "texture": "#resin", "uv": [ 3.0, 10.0, 3.5, 12.5 ] },
						"up": { "texture": "#resin", "uv": [ 8.0, 2.5, 9.0, 3.0 ] },
						"down": { "texture": "#resin", "uv": [ 6.0, 12.5, 7.0, 13.0 ] }
					}
				},
				{
					"name": "Cube29",
					"from": [ 0.5, 6.0, -8.0 ],
					"to": [ 1.5, 9.0, -7.5 ],
					"renderPass": 3,
					"rotationOrigin": [ 0.5, 6.0, -8.0 ],
					"faces": {
						"north": { "texture": "#resin", "uv": [ 2.0, 11.5, 3.0, 14.5 ] },
						"east": { "texture": "#resin", "uv": [ 2.5, 10.5, 3.0, 13.5 ] },
						"south": { "texture": "#resin", "uv": [ 5.5, 0.0, 6.5, 3.0 ] },
						"west": { "texture": "#resin", "uv": [ 5.5, 1.0, 6.0, 4.0 ] },
						"down": { "texture": "#resin", "uv": [ 9.0, 9.0, 10.0, 9.5 ] }
					}
				},
				{
					"name": "Cube30",
					"from": [ -1.0, 8.5, -8.0 ],
					"to": [ -0.5, 9.5, -7.5 ],
					"renderPass": 3,
					"rotationOrigin": [ -1.0, 8.5, -8.0 ],
					"faces": {
						"north": { "texture": "#resin", "uv": [ 5.0, 9.5, 5.5, 10.5 ] },
						"east": { "texture": "#resin", "uv": [ 0.5, 13.0, 1.0, 14.0 ] },
						"south": { "texture": "#resin", "uv": [ 0.5, 13.5, 1.0, 14.5 ] },
						"west": { "texture": "#resin", "uv": [ 1.0, 14.0, 1.5, 15.0 ] },
						"down": { "texture": "#resin", "uv": [ 1.5, 15.0, 2.0, 15.5 ] }
					}
				},
				{
					"name": "Cube31",
					"from": [ 3.5, 12.0, -8.0 ],
					"to": [ 4.5, 13.0, -7.0 ],
					"renderPass": 3,
					"rotationOrigin": [ 3.5, 12.0, -8.0 ],
					"faces": {
						"north": { "texture": "#resin", "uv": [ 5.5, 2.0, 6.5, 3.0 ] },
						"east": { "texture": "#resin", "uv": [ 2.0, 7.0, 3.0, 8.0 ] },
						"south": { "texture": "#resin", "uv": [ 1.0, 14.5, 2.0, 15.5 ] },
						"west": { "texture": "#resin", "uv": [ 0.0, 12.0, 1.0, 13.0 ] },
						"up": { "texture": "#resin", "uv": [ 0.5, 14.5, 1.5, 15.5 ] },
						"down": { "texture": "#resin", "uv": [ 2.0, 14.0, 3.0, 15.0 ] }
					}
				},
				{
					"name": "Cube32",
					"from": [ 1.5, 8.5, -8.0 ],
					"to": [ 2.5, 9.0, -7.5 ],
					"renderPass": 3,
					"rotationOrigin": [ 1.5, 8.5, -8.0 ],
					"faces": {
						"north": { "texture": "#resin", "uv": [ 9.0, 2.5, 10.0, 3.0 ] },
						"east": { "texture": "#resin", "uv": [ 11.5, 10.5, 12.0, 11.0 ] },
						"south": { "texture": "#resin", "uv": [ 8.5, 2.5, 9.5, 3.0 ] },
						"west": { "texture": "#resin", "uv": [ 10.5, 2.5, 11.0, 3.0 ] },
						"down": { "texture": "#resin", "uv": [ 8.5, 3.5, 9.5, 4.0 ] }
					}
				},
				{
					"name": "Cube33",
					"from": [ 3.0, 6.0, -8.0 ],
					"to": [ 3.5, 7.5, -7.5 ],
					"renderPass": 3,
					"rotationOrigin": [ 3.0, 6.0, -8.0 ],
					"faces": {
						"north": { "texture": "#resin", "uv": [ 5.0, 9.5, 5.5, 11.0 ] },
						"east": { "texture": "#resin", "uv": [ 12.5, 7.5, 13.0, 9.0 ] },
						"south": { "texture": "#resin", "uv": [ 3.5, 11.0, 4.0, 12.5 ] },
						"west": { "texture": "#resin", "uv": [ 3.0, 10.0, 3.5, 11.5 ] },
						"down": { "texture": "#resin", "uv": [ 7.0, 12.5, 7.5, 13.0 ] }
					}
				},
				{
					"name": "Cube34",
					"from": [ 3.0, 10.0, -8.0 ],
					"to": [ 3.5, 10.5, -7.5 ],
					"renderPass": 3,
					"rotationOrigin": [ 3.0, 10.0, -8.0 ],
					"faces": {
						"north": { "texture": "#resin", "uv": [ 5.0, 9.5, 5.5, 10.0 ] },
						"east": { "texture": "#resin", "uv": [ 12.5, 7.5, 13.0, 8.0 ] },
						"south": { "texture": "#resin", "uv": [ 3.5, 11.0, 4.0, 11.5 ] },
						"up": { "texture": "#resin", "uv": [ 8.0, 2.5, 8.5, 3.0 ] }
					}
				},
				{
					"name": "Cube35",
					"from": [ 5.0, 10.0, -8.0 ],
					"to": [ 5.5, 10.5, -7.5 ],
					"renderPass": 3,
					"rotationOrigin": [ 5.0, 10.0, -8.0 ],
					"faces": {
						"north": { "texture": "#resin", "uv": [ 5.0, 9.5, 5.5, 10.0 ] },
						"east": { "texture": "#resin", "uv": [ 12.5, 7.5, 13.0, 8.0 ] },
						"south": { "texture": "#resin", "uv": [ 3.5, 11.0, 4.0, 11.5 ] },
						"west": { "texture": "#resin", "uv": [ 3.0, 10.0, 3.5, 10.5 ] },
						"up": { "texture": "#resin", "uv": [ 8.0, 2.5, 8.5, 3.0 ] },
						"down": { "texture": "#resin", "uv": [ 7.0, 12.5, 7.5, 13.0 ] }
					}
				},
				{
					"name": "Cube36",
					"from": [ -2.0, 12.0, -8.0 ],
					"to": [ -1.5, 12.5, -7.5 ],
					"renderPass": 3,
					"rotationOrigin": [ -2.0, 12.0, -8.0 ],
					"faces": {
						"north": { "texture": "#resin", "uv": [ 5.5, 9.0, 6.0, 9.5 ] },
						"east": { "texture": "#resin", "uv": [ 12.5, 8.5, 13.0, 9.0 ] },
						"south": { "texture": "#resin", "uv": [ 14.0, 7.0, 14.5, 7.5 ] },
						"west": { "texture": "#resin", "uv": [ 6.5, 8.0, 7.0, 8.5 ] },
						"up": { "texture": "#resin", "uv": [ 8.0, 5.5, 8.5, 6.0 ] },
						"down": { "texture": "#resin", "uv": [ 7.0, 12.5, 7.5, 13.0 ] }
					}
				},
				{
					"name": "Cube37",
					"from": [ -1.5, 7.5, -8.0 ],
					"to": [ -1.0, 8.0, -7.5 ],
					"renderPass": 3,
					"rotationOrigin": [ -1.5, 7.5, -8.0 ],
					"faces": {
						"north": { "texture": "#resin", "uv": [ 5.0, 9.5, 5.5, 10.0 ] },
						"east": { "texture": "#resin", "uv": [ 12.5, 7.5, 13.0, 8.0 ] },
						"south": { "texture": "#resin", "uv": [ 3.5, 11.0, 4.0, 11.5 ] },
						"west": { "texture": "#resin", "uv": [ 3.0, 10.0, 3.5, 10.5 ] },
						"up": { "texture": "#resin", "uv": [ 8.0, 2.5, 8.5, 3.0 ] },
						"down": { "texture": "#resin", "uv": [ 7.0, 12.5, 7.5, 13.0 ] }
					}
				},
				{
					"name": "Cube38",
					"from": [ 1.0, 5.0, -8.0 ],
					"to": [ 1.5, 6.0, -7.5 ],
					"renderPass": 3,
					"rotationOrigin": [ 1.0, 5.0, -8.0 ],
					"faces": {
						"north": { "texture": "#resin", "uv": [ 5.0, 9.5, 5.5, 10.5 ] },
						"east": { "texture": "#resin", "uv": [ 3.5, 11.5, 4.0, 12.5 ] },
						"south": { "texture": "#resin", "uv": [ 3.0, 13.5, 3.5, 14.5 ] },
						"west": { "texture": "#resin", "uv": [ 3.0, 10.0, 3.5, 11.0 ] },
						"down": { "texture": "#resin", "uv": [ 6.0, 12.5, 6.5, 13.0 ] }
					}
				},
				{
					"name": "Cube39",
					"from": [ 1.0, 4.0, -8.0 ],
					"to": [ 1.5, 4.5, -7.5 ],
					"renderPass": 3,
					"rotationOrigin": [ 1.0, 4.0, -8.0 ],
					"faces": {
						"north": { "texture": "#resin", "uv": [ 10.0, 6.5, 10.5, 7.0 ] },
						"east": { "texture": "#resin", "uv": [ 10.5, 8.0, 11.0, 8.5 ] },
						"south": { "texture": "#resin", "uv": [ 11.0, 6.0, 11.5, 6.5 ] },
						"west": { "texture": "#resin", "uv": [ 10.5, 6.5, 11.0, 7.0 ] },
						"up": { "texture": "#resin", "uv": [ 10.0, 7.0, 10.5, 7.5 ] },
						"down": { "texture": "#resin", "uv": [ 8.0, 12.5, 8.5, 13.0 ] }
					}
				},
				{
					"name": "Cube40",
					"from": [ 3.5, 11.0, -8.0 ],
					"to": [ 4.0, 12.0, -7.5 ],
					"renderPass": 3,
					"rotationOrigin": [ 3.5, 11.0, -8.0 ],
					"faces": {
						"north": { "texture": "#resin", "uv": [ 1.5, 13.5, 2.0, 14.5 ] },
						"east": { "texture": "#resin", "uv": [ 1.5, 14.0, 2.0, 15.0 ] },
						"south": { "texture": "#resin", "uv": [ 0.0, 14.0, 0.5, 15.0 ] },
						"west": { "texture": "#resin", "uv": [ 1.0, 14.0, 1.5, 15.0 ] },
						"down": { "texture": "#resin", "uv": [ 1.0, 14.5, 1.5, 15.0 ] }
					}
				},
				{
					"name": "Cube41",
					"from": [ -7.5, 1.0, -8.0 ],
					"to": [ -6.5, 2.0, -7.0 ],
					"renderPass": 3,
					"rotationOrigin": [ -7.5, 1.0, -8.0 ],
					"faces": {
						"north": { "texture": "#resin", "uv": [ 7.5, 4.5, 8.5, 5.5 ] },
						"east": { "texture": "#resin", "uv": [ 12.0, 10.0, 13.0, 11.0 ] },
						"south": { "texture": "#resin", "uv": [ 11.0, 7.0, 12.0, 8.0 ] },
						"west": { "texture": "#resin", "uv": [ 3.0, 10.0, 4.0, 11.0 ] },
						"up": { "texture": "#resin", "uv": [ 5.0, 6.0, 6.0, 7.0 ] },
						"down": { "texture": "#resin", "uv": [ 6.5, 12.5, 7.5, 13.5 ] }
					}
				},
				{
					"name": "Cube42",
					"from": [ -8.0, 3.0, -8.0 ],
					"to": [ -7.5, 3.5, -7.5 ],
					"renderPass": 3,
					"rotationOrigin": [ -8.0, 3.0, -8.0 ],
					"faces": {
						"north": { "texture": "#resin", "uv": [ 11.5, 9.0, 12.0, 9.5 ] },
						"east": { "texture": "#resin", "uv": [ 11.5, 6.0, 12.0, 6.5 ] },
						"south": { "texture": "#resin", "uv": [ 10.0, 5.5, 10.5, 6.0 ] },
						"west": { "texture": "#resin", "uv": [ 3.0, 10.0, 3.5, 10.5 ] },
						"up": { "texture": "#resin", "uv": [ 10.5, 6.5, 11.0, 7.0 ] },
						"down": { "texture": "#resin", "uv": [ 10.5, 6.0, 11.0, 6.5 ] }
					}
				}
			]
		},
		{
			"name": "origin3",
			"from": [ 10.0, 1.0, 24.02 ],
			"to": [ 10.0, 1.0, 24.02 ],
			"rotationOrigin": [ 8.0, 8.0, 8.0 ],
			"rotationY": -180.0,
			"faces": {
			},
			"children": [
				{
					"name": "Cube43",
					"from": [ 0.0, 9.0, -8.0 ],
					"to": [ 3.0, 12.0, -7.0 ],
					"renderPass": 3,
					"rotationOrigin": [ 0.0, 9.0, -8.0 ],
					"faces": {
						"north": { "texture": "#resin", "uv": [ 5.0, 9.5, 8.0, 12.5 ] },
						"east": { "texture": "#resin", "uv": [ 8.0, 2.5, 9.0, 5.5 ] },
						"south": { "texture": "#resin", "uv": [ 1.0, 10.0, 4.0, 13.0 ] },
						"west": { "texture": "#resin", "uv": [ 2.5, 5.5, 3.5, 8.5 ] },
						"up": { "texture": "#resin", "uv": [ 8.0, 2.5, 11.0, 3.5 ] },
						"down": { "texture": "#resin", "uv": [ 6.5, 10.5, 9.5, 11.5 ] }
					}
				},
				{
					"name": "Cube44",
					"from": [ -1.5, 9.5, -8.0 ],
					"to": [ 0.0, 11.0, -7.5 ],
					"renderPass": 3,
					"rotationOrigin": [ -1.5, 9.5, -8.0 ],
					"faces": {
						"north": { "texture": "#resin", "uv": [ 5.0, 9.5, 6.5, 11.0 ] },
						"south": { "texture": "#resin", "uv": [ 0.5, 12.5, 2.0, 14.0 ] },
						"west": { "texture": "#resin", "uv": [ 0.5, 13.5, 1.0, 15.0 ] },
						"up": { "texture": "#resin", "uv": [ 0.5, 13.5, 2.0, 14.0 ] },
						"down": { "texture": "#resin", "uv": [ 1.0, 14.0, 2.5, 14.5 ] }
					}
				},
				{
					"name": "Cube45",
					"from": [ -7.0, 3.0, -8.0 ],
					"to": [ -6.0, 4.0, -7.5 ],
					"renderPass": 3,
					"rotationOrigin": [ -7.0, 3.0, -8.0 ],
					"faces": {
						"east": { "texture": "#resin", "uv": [ 1.0, 15.0, 1.5, 16.0 ] },
						"south": { "texture": "#resin", "uv": [ 1.0, 14.5, 2.0, 15.5 ] },
						"west": { "texture": "#resin", "uv": [ 1.0, 14.5, 1.5, 15.5 ] },
						"up": { "texture": "#resin", "uv": [ 0.5, 15.0, 1.5, 15.5 ] },
						"down": { "texture": "#resin", "uv": [ 0.0, 13.5, 1.0, 14.0 ] }
					}
				},
				{
					"name": "Cube46",
					"from": [ 0.5, 12.0, -8.0 ],
					"to": [ 1.5, 13.0, -7.5 ],
					"renderPass": 3,
					"rotationOrigin": [ 0.5, 12.0, -8.0 ],
					"faces": {
						"north": { "texture": "#resin", "uv": [ 5.0, 9.5, 6.0, 10.5 ] },
						"east": { "texture": "#resin", "uv": [ 12.5, 7.5, 13.0, 8.5 ] },
						"south": { "texture": "#resin", "uv": [ 3.5, 11.0, 4.5, 12.0 ] },
						"west": { "texture": "#resin", "uv": [ 3.0, 10.0, 3.5, 11.0 ] },
						"up": { "texture": "#resin", "uv": [ 8.0, 2.5, 9.0, 3.0 ] }
					}
				},
				{
					"name": "Cube47",
					"from": [ 1.5, 12.0, -8.0 ],
					"to": [ 2.5, 13.5, -7.5 ],
					"renderPass": 3,
					"rotationOrigin": [ 1.5, 12.0, -8.0 ],
					"faces": {
						"north": { "texture": "#resin", "uv": [ 5.0, 9.5, 6.0, 11.0 ] },
						"east": { "texture": "#resin", "uv": [ 5.5, 12.0, 6.0, 13.5 ] },
						"south": { "texture": "#resin", "uv": [ 9.5, 1.0, 10.5, 2.5 ] },
						"west": { "texture": "#resin", "uv": [ 3.0, 10.0, 3.5, 11.5 ] },
						"up": { "texture": "#resin", "uv": [ 5.0, 6.5, 6.0, 7.0 ] }
					}
				},
				{
					"name": "Cube48",
					"from": [ -1.0, 11.0, -8.0 ],
					"to": [ -0.5, 11.5, -7.5 ],
					"renderPass": 3,
					"rotationOrigin": [ -1.0, 11.0, -8.0 ],
					"faces": {
						"north": { "texture": "#resin", "uv": [ 5.0, 9.5, 5.5, 10.0 ] },
						"east": { "texture": "#resin", "uv": [ 12.5, 7.5, 13.0, 8.0 ] },
						"south": { "texture": "#resin", "uv": [ 3.5, 11.0, 4.0, 11.5 ] },
						"west": { "texture": "#resin", "uv": [ 3.0, 10.0, 3.5, 10.5 ] },
						"up": { "texture": "#resin", "uv": [ 8.0, 2.5, 8.5, 3.0 ] }
					}
				},
				{
					"name": "Cube49",
					"from": [ 3.0, 7.5, -8.0 ],
					"to": [ 4.0, 10.0, -7.5 ],
					"renderPass": 3,
					"rotationOrigin": [ 3.0, 7.5, -8.0 ],
					"faces": {
						"north": { "texture": "#resin", "uv": [ 5.0, 9.5, 6.0, 12.0 ] },
						"east": { "texture": "#resin", "uv": [ 5.5, 12.0, 6.0, 14.5 ] },
						"south": { "texture": "#resin", "uv": [ 3.5, 11.0, 4.5, 13.5 ] },
						"west": { "texture": "#resin", "uv": [ 3.0, 10.0, 3.5, 12.5 ] },
						"up": { "texture": "#resin", "uv": [ 8.0, 2.5, 9.0, 3.0 ] },
						"down": { "texture": "#resin", "uv": [ 6.0, 12.5, 7.0, 13.0 ] }
					}
				},
				{
					"name": "Cube50",
					"from": [ 0.5, 6.0, -8.0 ],
					"to": [ 1.5, 9.0, -7.5 ],
					"renderPass": 3,
					"rotationOrigin": [ 0.5, 6.0, -8.0 ],
					"faces": {
						"north": { "texture": "#resin", "uv": [ 2.0, 11.5, 3.0, 14.5 ] },
						"east": { "texture": "#resin", "uv": [ 2.5, 10.5, 3.0, 13.5 ] },
						"south": { "texture": "#resin", "uv": [ 5.5, 0.0, 6.5, 3.0 ] },
						"west": { "texture": "#resin", "uv": [ 5.5, 1.0, 6.0, 4.0 ] },
						"down": { "texture": "#resin", "uv": [ 9.0, 9.0, 10.0, 9.5 ] }
					}
				},
				{
					"name": "Cube51",
					"from": [ -1.0, 8.5, -8.0 ],
					"to": [ -0.5, 9.5, -7.5 ],
					"renderPass": 3,
					"rotationOrigin": [ -1.0, 8.5, -8.0 ],
					"faces": {
						"north": { "texture": "#resin", "uv": [ 5.0, 9.5, 5.5, 10.5 ] },
						"east": { "texture": "#resin", "uv": [ 0.5, 13.0, 1.0, 14.0 ] },
						"south": { "texture": "#resin", "uv": [ 0.5, 13.5, 1.0, 14.5 ] },
						"west": { "texture": "#resin", "uv": [ 1.0, 14.0, 1.5, 15.0 ] },
						"down": { "texture": "#resin", "uv": [ 1.5, 15.0, 2.0, 15.5 ] }
					}
				},
				{
					"name": "Cube52",
					"from": [ 3.5, 12.0, -8.0 ],
					"to": [ 4.5, 13.0, -7.0 ],
					"renderPass": 3,
					"rotationOrigin": [ 3.5, 12.0, -8.0 ],
					"faces": {
						"north": { "texture": "#resin", "uv": [ 5.5, 2.0, 6.5, 3.0 ] },
						"east": { "texture": "#resin", "uv": [ 2.0, 7.0, 3.0, 8.0 ] },
						"south": { "texture": "#resin", "uv": [ 1.0, 14.5, 2.0, 15.5 ] },
						"west": { "texture": "#resin", "uv": [ 0.0, 12.0, 1.0, 13.0 ] },
						"up": { "texture": "#resin", "uv": [ 0.5, 14.5, 1.5, 15.5 ] },
						"down": { "texture": "#resin", "uv": [ 2.0, 14.0, 3.0, 15.0 ] }
					}
				},
				{
					"name": "Cube53",
					"from": [ 1.5, 8.5, -8.0 ],
					"to": [ 2.5, 9.0, -7.5 ],
					"renderPass": 3,
					"rotationOrigin": [ 1.5, 8.5, -8.0 ],
					"faces": {
						"north": { "texture": "#resin", "uv": [ 9.0, 2.5, 10.0, 3.0 ] },
						"east": { "texture": "#resin", "uv": [ 11.5, 10.5, 12.0, 11.0 ] },
						"south": { "texture": "#resin", "uv": [ 8.5, 2.5, 9.5, 3.0 ] },
						"west": { "texture": "#resin", "uv": [ 10.5, 2.5, 11.0, 3.0 ] },
						"down": { "texture": "#resin", "uv": [ 8.5, 3.5, 9.5, 4.0 ] }
					}
				},
				{
					"name": "Cube54",
					"from": [ 3.0, 6.0, -8.0 ],
					"to": [ 3.5, 7.5, -7.5 ],
					"renderPass": 3,
					"rotationOrigin": [ 3.0, 6.0, -8.0 ],
					"faces": {
						"north": { "texture": "#resin", "uv": [ 5.0, 9.5, 5.5, 11.0 ] },
						"east": { "texture": "#resin", "uv": [ 12.5, 7.5, 13.0, 9.0 ] },
						"south": { "texture": "#resin", "uv": [ 3.5, 11.0, 4.0, 12.5 ] },
						"west": { "texture": "#resin", "uv": [ 3.0, 10.0, 3.5, 11.5 ] },
						"down": { "texture": "#resin", "uv": [ 7.0, 12.5, 7.5, 13.0 ] }
					}
				},
				{
					"name": "Cube55",
					"from": [ 3.0, 10.0, -8.0 ],
					"to": [ 3.5, 10.5, -7.5 ],
					"renderPass": 3,
					"rotationOrigin": [ 3.0, 10.0, -8.0 ],
					"faces": {
						"north": { "texture": "#resin", "uv": [ 5.0, 9.5, 5.5, 10.0 ] },
						"east": { "texture": "#resin", "uv": [ 12.5, 7.5, 13.0, 8.0 ] },
						"south": { "texture": "#resin", "uv": [ 3.5, 11.0, 4.0, 11.5 ] },
						"up": { "texture": "#resin", "uv": [ 8.0, 2.5, 8.5, 3.0 ] }
					}
				},
				{
					"name": "Cube56",
					"from": [ 5.0, 10.0, -8.0 ],
					"to": [ 5.5, 10.5, -7.5 ],
					"renderPass": 3,
					"rotationOrigin": [ 5.0, 10.0, -8.0 ],
					"faces": {
						"north": { "texture": "#resin", "uv": [ 5.0, 9.5, 5.5, 10.0 ] },
						"east": { "texture": "#resin", "uv": [ 12.5, 7.5, 13.0, 8.0 ] },
						"south": { "texture": "#resin", "uv": [ 3.5, 11.0, 4.0, 11.5 ] },
						"west": { "texture": "#resin", "uv": [ 3.0, 10.0, 3.5, 10.5 ] },
						"up": { "texture": "#resin", "uv": [ 8.0, 2.5, 8.5, 3.0 ] },
						"down": { "texture": "#resin", "uv": [ 7.0, 12.5, 7.5, 13.0 ] }
					}
				},
				{
					"name": "Cube57",
					"from": [ -2.0, 12.0, -8.0 ],
					"to": [ -1.5, 12.5, -7.5 ],
					"renderPass": 3,
					"rotationOrigin": [ -2.0, 12.0, -8.0 ],
					"faces": {
						"north": { "texture": "#resin", "uv": [ 5.5, 9.0, 6.0, 9.5 ] },
						"east": { "texture": "#resin", "uv": [ 12.5, 8.5, 13.0, 9.0 ] },
						"south": { "texture": "#resin", "uv": [ 14.0, 7.0, 14.5, 7.5 ] },
						"west": { "texture": "#resin", "uv": [ 6.5, 8.0, 7.0, 8.5 ] },
						"up": { "texture": "#resin", "uv": [ 8.0, 5.5, 8.5, 6.0 ] },
						"down": { "texture": "#resin", "uv": [ 7.0, 12.5, 7.5, 13.0 ] }
					}
				},
				{
					"name": "Cube58",
					"from": [ -1.5, 7.5, -8.0 ],
					"to": [ -1.0, 8.0, -7.5 ],
					"renderPass": 3,
					"rotationOrigin": [ -1.5, 7.5, -8.0 ],
					"faces": {
						"north": { "texture": "#resin", "uv": [ 5.0, 9.5, 5.5, 10.0 ] },
						"east": { "texture": "#resin", "uv": [ 12.5, 7.5, 13.0, 8.0 ] },
						"south": { "texture": "#resin", "uv": [ 3.5, 11.0, 4.0, 11.5 ] },
						"west": { "texture": "#resin", "uv": [ 3.0, 10.0, 3.5, 10.5 ] },
						"up": { "texture": "#resin", "uv": [ 8.0, 2.5, 8.5, 3.0 ] },
						"down": { "texture": "#resin", "uv": [ 7.0, 12.5, 7.5, 13.0 ] }
					}
				},
				{
					"name": "Cube59",
					"from": [ 1.0, 5.0, -8.0 ],
					"to": [ 1.5, 6.0, -7.5 ],
					"renderPass": 3,
					"rotationOrigin": [ 1.0, 5.0, -8.0 ],
					"faces": {
						"north": { "texture": "#resin", "uv": [ 5.0, 9.5, 5.5, 10.5 ] },
						"east": { "texture": "#resin", "uv": [ 3.5, 11.5, 4.0, 12.5 ] },
						"south": { "texture": "#resin", "uv": [ 3.0, 13.5, 3.5, 14.5 ] },
						"west": { "texture": "#resin", "uv": [ 3.0, 10.0, 3.5, 11.0 ] },
						"down": { "texture": "#resin", "uv": [ 6.0, 12.5, 6.5, 13.0 ] }
					}
				},
				{
					"name": "Cube60",
					"from": [ 1.0, 4.0, -8.0 ],
					"to": [ 1.5, 4.5, -7.5 ],
					"renderPass": 3,
					"rotationOrigin": [ 1.0, 4.0, -8.0 ],
					"faces": {
						"north": { "texture": "#resin", "uv": [ 10.0, 6.5, 10.5, 7.0 ] },
						"east": { "texture": "#resin", "uv": [ 10.5, 8.0, 11.0, 8.5 ] },
						"south": { "texture": "#resin", "uv": [ 11.0, 6.0, 11.5, 6.5 ] },
						"west": { "texture": "#resin", "uv": [ 10.5, 6.5, 11.0, 7.0 ] },
						"up": { "texture": "#resin", "uv": [ 10.0, 7.0, 10.5, 7.5 ] },
						"down": { "texture": "#resin", "uv": [ 8.0, 12.5, 8.5, 13.0 ] }
					}
				},
				{
					"name": "Cube61",
					"from": [ 3.5, 11.0, -8.0 ],
					"to": [ 4.0, 12.0, -7.5 ],
					"renderPass": 3,
					"rotationOrigin": [ 3.5, 11.0, -8.0 ],
					"faces": {
						"north": { "texture": "#resin", "uv": [ 1.5, 13.5, 2.0, 14.5 ] },
						"east": { "texture": "#resin", "uv": [ 1.5, 14.0, 2.0, 15.0 ] },
						"south": { "texture": "#resin", "uv": [ 0.0, 14.0, 0.5, 15.0 ] },
						"west": { "texture": "#resin", "uv": [ 1.0, 14.0, 1.5, 15.0 ] },
						"down": { "texture": "#resin", "uv": [ 1.0, 14.5, 1.5, 15.0 ] }
					}
				},
				{
					"name": "Cube62",
					"from": [ -7.5, 1.0, -8.0 ],
					"to": [ -6.5, 2.0, -7.0 ],
					"renderPass": 3,
					"rotationOrigin": [ -7.5, 1.0, -8.0 ],
					"faces": {
						"north": { "texture": "#resin", "uv": [ 7.5, 4.5, 8.5, 5.5 ] },
						"east": { "texture": "#resin", "uv": [ 12.0, 10.0, 13.0, 11.0 ] },
						"south": { "texture": "#resin", "uv": [ 11.0, 7.0, 12.0, 8.0 ] },
						"west": { "texture": "#resin", "uv": [ 3.0, 10.0, 4.0, 11.0 ] },
						"up": { "texture": "#resin", "uv": [ 5.0, 6.0, 6.0, 7.0 ] },
						"down": { "texture": "#resin", "uv": [ 6.5, 12.5, 7.5, 13.5 ] }
					}
				},
				{
					"name": "Cube63",
					"from": [ -8.0, 3.0, -8.0 ],
					"to": [ -7.5, 3.5, -7.5 ],
					"renderPass": 3,
					"rotationOrigin": [ -8.0, 3.0, -8.0 ],
					"faces": {
						"north": { "texture": "#resin", "uv": [ 11.5, 9.0, 12.0, 9.5 ] },
						"east": { "texture": "#resin", "uv": [ 11.5, 6.0, 12.0, 6.5 ] },
						"south": { "texture": "#resin", "uv": [ 10.0, 5.5, 10.5, 6.0 ] },
						"west": { "texture": "#resin", "uv": [ 3.0, 10.0, 3.5, 10.5 ] },
						"up": { "texture": "#resin", "uv": [ 10.5, 6.5, 11.0, 7.0 ] },
						"down": { "texture": "#resin", "uv": [ 10.5, 6.0, 11.0, 6.5 ] }
					}
				}
			]
		},
		{
			"name": "origin4",
			"from": [ 10.0, 1.0, 24.02 ],
			"to": [ 10.0, 1.0, 24.02 ],
			"rotationOrigin": [ 8.0, 8.0, 8.0 ],
			"rotationY": 90.0,
			"faces": {
			},
			"children": [
				{
					"name": "Cube64",
					"from": [ 0.0, 9.0, -8.0 ],
					"to": [ 3.0, 12.0, -7.0 ],
					"renderPass": 3,
					"rotationOrigin": [ 0.0, 9.0, -8.0 ],
					"faces": {
						"north": { "texture": "#resin", "uv": [ 5.0, 9.5, 8.0, 12.5 ] },
						"east": { "texture": "#resin", "uv": [ 8.0, 2.5, 9.0, 5.5 ] },
						"south": { "texture": "#resin", "uv": [ 1.0, 10.0, 4.0, 13.0 ] },
						"west": { "texture": "#resin", "uv": [ 2.5, 5.5, 3.5, 8.5 ] },
						"up": { "texture": "#resin", "uv": [ 8.0, 2.5, 11.0, 3.5 ] },
						"down": { "texture": "#resin", "uv": [ 6.5, 10.5, 9.5, 11.5 ] }
					}
				},
				{
					"name": "Cube65",
					"from": [ -1.5, 9.5, -8.0 ],
					"to": [ 0.0, 11.0, -7.5 ],
					"renderPass": 3,
					"rotationOrigin": [ -1.5, 9.5, -8.0 ],
					"faces": {
						"north": { "texture": "#resin", "uv": [ 5.0, 9.5, 6.5, 11.0 ] },
						"south": { "texture": "#resin", "uv": [ 0.5, 12.5, 2.0, 14.0 ] },
						"west": { "texture": "#resin", "uv": [ 0.5, 13.5, 1.0, 15.0 ] },
						"up": { "texture": "#resin", "uv": [ 0.5, 13.5, 2.0, 14.0 ] },
						"down": { "texture": "#resin", "uv": [ 1.0, 14.0, 2.5, 14.5 ] }
					}
				},
				{
					"name": "Cube66",
					"from": [ -7.0, 3.0, -8.0 ],
					"to": [ -6.0, 4.0, -7.5 ],
					"renderPass": 3,
					"rotationOrigin": [ -7.0, 3.0, -8.0 ],
					"faces": {
						"east": { "texture": "#resin", "uv": [ 1.0, 15.0, 1.5, 16.0 ] },
						"south": { "texture": "#resin", "uv": [ 1.0, 14.5, 2.0, 15.5 ] },
						"west": { "texture": "#resin", "uv": [ 1.0, 14.5, 1.5, 15.5 ] },
						"up": { "texture": "#resin", "uv": [ 0.5, 15.0, 1.5, 15.5 ] },
						"down": { "texture": "#resin", "uv": [ 0.0, 13.5, 1.0, 14.0 ] }
					}
				},
				{
					"name": "Cube67",
					"from": [ 0.5, 12.0, -8.0 ],
					"to": [ 1.5, 13.0, -7.5 ],
					"renderPass": 3,
					"rotationOrigin": [ 0.5, 12.0, -8.0 ],
					"faces": {
						"north": { "texture": "#resin", "uv": [ 5.0, 9.5, 6.0, 10.5 ] },
						"east": { "texture": "#resin", "uv": [ 12.5, 7.5, 13.0, 8.5 ] },
						"south": { "texture": "#resin", "uv": [ 3.5, 11.0, 4.5, 12.0 ] },
						"west": { "texture": "#resin", "uv": [ 3.0, 10.0, 3.5, 11.0 ] },
						"up": { "texture": "#resin", "uv": [ 8.0, 2.5, 9.0, 3.0 ] }
					}
				},
				{
					"name": "Cube68",
					"from": [ 1.5, 12.0, -8.0 ],
					"to": [ 2.5, 13.5, -7.5 ],
					"renderPass": 3,
					"rotationOrigin": [ 1.5, 12.0, -8.0 ],
					"faces": {
						"north": { "texture": "#resin", "uv": [ 5.0, 9.5, 6.0, 11.0 ] },
						"east": { "texture": "#resin", "uv": [ 5.5, 12.0, 6.0, 13.5 ] },
						"south": { "texture": "#resin", "uv": [ 9.5, 1.0, 10.5, 2.5 ] },
						"west": { "texture": "#resin", "uv": [ 3.0, 10.0, 3.5, 11.5 ] },
						"up": { "texture": "#resin", "uv": [ 5.0, 6.5, 6.0, 7.0 ] }
					}
				},
				{
					"name": "Cube69",
					"from": [ -1.0, 11.0, -8.0 ],
					"to": [ -0.5, 11.5, -7.5 ],
					"renderPass": 3,
					"rotationOrigin": [ -1.0, 11.0, -8.0 ],
					"faces": {
						"north": { "texture": "#resin", "uv": [ 5.0, 9.5, 5.5, 10.0 ] },
						"east": { "texture": "#resin", "uv": [ 12.5, 7.5, 13.0, 8.0 ] },
						"south": { "texture": "#resin", "uv": [ 3.5, 11.0, 4.0, 11.5 ] },
						"west": { "texture": "#resin", "uv": [ 3.0, 10.0, 3.5, 10.5 ] },
						"up": { "texture": "#resin", "uv": [ 8.0, 2.5, 8.5, 3.0 ] }
					}
				},
				{
					"name": "Cube70",
					"from": [ 3.0, 7.5, -8.0 ],
					"to": [ 4.0, 10.0, -7.5 ],
					"renderPass": 3,
					"rotationOrigin": [ 3.0, 7.5, -8.0 ],
					"faces": {
						"north": { "texture": "#resin", "uv": [ 5.0, 9.5, 6.0, 12.0 ] },
						"east": { "texture": "#resin", "uv": [ 5.5, 12.0, 6.0, 14.5 ] },
						"south": { "texture": "#resin", "uv": [ 3.5, 11.0, 4.5, 13.5 ] },
						"west": { "texture": "#resin", "uv": [ 3.0, 10.0, 3.5, 12.5 ] },
						"up": { "texture": "#resin", "uv": [ 8.0, 2.5, 9.0, 3.0 ] },
						"down": { "texture": "#resin", "uv": [ 6.0, 12.5, 7.0, 13.0 ] }
					}
				},
				{
					"name": "Cube71",
					"from": [ 0.5, 6.0, -8.0 ],
					"to": [ 1.5, 9.0, -7.5 ],
					"renderPass": 3,
					"rotationOrigin": [ 0.5, 6.0, -8.0 ],
					"faces": {
						"north": { "texture": "#resin", "uv": [ 2.0, 11.5, 3.0, 14.5 ] },
						"east": { "texture": "#resin", "uv": [ 2.5, 10.5, 3.0, 13.5 ] },
						"south": { "texture": "#resin", "uv": [ 5.5, 0.0, 6.5, 3.0 ] },
						"west": { "texture": "#resin", "uv": [ 5.5, 1.0, 6.0, 4.0 ] },
						"down": { "texture": "#resin", "uv": [ 9.0, 9.0, 10.0, 9.5 ] }
					}
				},
				{
					"name": "Cube72",
					"from": [ -1.0, 8.5, -8.0 ],
					"to": [ -0.5, 9.5, -7.5 ],
					"renderPass": 3,
					"rotationOrigin": [ -1.0, 8.5, -8.0 ],
					"faces": {
						"north": { "texture": "#resin", "uv": [ 5.0, 9.5, 5.5, 10.5 ] },
						"east": { "texture": "#resin", "uv": [ 0.5, 13.0, 1.0, 14.0 ] },
						"south": { "texture": "#resin", "uv": [ 0.5, 13.5, 1.0, 14.5 ] },
						"west": { "texture": "#resin", "uv": [ 1.0, 14.0, 1.5, 15.0 ] },
						"down": { "texture": "#resin", "uv": [ 1.5, 15.0, 2.0, 15.5 ] }
					}
				},
				{
					"name": "Cube73",
					"from": [ 3.5, 12.0, -8.0 ],
					"to": [ 4.5, 13.0, -7.0 ],
					"renderPass": 3,
					"rotationOrigin": [ 3.5, 12.0, -8.0 ],
					"faces": {
						"north": { "texture": "#resin", "uv": [ 5.5, 2.0, 6.5, 3.0 ] },
						"east": { "texture": "#resin", "uv": [ 2.0, 7.0, 3.0, 8.0 ] },
						"south": { "texture": "#resin", "uv": [ 1.0, 14.5, 2.0, 15.5 ] },
						"west": { "texture": "#resin", "uv": [ 0.0, 12.0, 1.0, 13.0 ] },
						"up": { "texture": "#resin", "uv": [ 0.5, 14.5, 1.5, 15.5 ] },
						"down": { "texture": "#resin", "uv": [ 2.0, 14.0, 3.0, 15.0 ] }
					}
				},
				{
					"name": "Cube74",
					"from": [ 1.5, 8.5, -8.0 ],
					"to": [ 2.5, 9.0, -7.5 ],
					"renderPass": 3,
					"rotationOrigin": [ 1.5, 8.5, -8.0 ],
					"faces": {
						"north": { "texture": "#resin", "uv": [ 9.0, 2.5, 10.0, 3.0 ] },
						"east": { "texture": "#resin", "uv": [ 11.5, 10.5, 12.0, 11.0 ] },
						"south": { "texture": "#resin", "uv": [ 8.5, 2.5, 9.5, 3.0 ] },
						"west": { "texture": "#resin", "uv": [ 10.5, 2.5, 11.0, 3.0 ] },
						"down": { "texture": "#resin", "uv": [ 8.5, 3.5, 9.5, 4.0 ] }
					}
				},
				{
					"name": "Cube75",
					"from": [ 3.0, 6.0, -8.0 ],
					"to": [ 3.5, 7.5, -7.5 ],
					"renderPass": 3,
					"rotationOrigin": [ 3.0, 6.0, -8.0 ],
					"faces": {
						"north": { "texture": "#resin", "uv": [ 5.0, 9.5, 5.5, 11.0 ] },
						"east": { "texture": "#resin", "uv": [ 12.5, 7.5, 13.0, 9.0 ] },
						"south": { "texture": "#resin", "uv": [ 3.5, 11.0, 4.0, 12.5 ] },
						"west": { "texture": "#resin", "uv": [ 3.0, 10.0, 3.5, 11.5 ] },
						"down": { "texture": "#resin", "uv": [ 7.0, 12.5, 7.5, 13.0 ] }
					}
				},
				{
					"name": "Cube76",
					"from": [ 3.0, 10.0, -8.0 ],
					"to": [ 3.5, 10.5, -7.5 ],
					"renderPass": 3,
					"rotationOrigin": [ 3.0, 10.0, -8.0 ],
					"faces": {
						"north": { "texture": "#resin", "uv": [ 5.0, 9.5, 5.5, 10.0 ] },
						"east": { "texture": "#resin", "uv": [ 12.5, 7.5, 13.0, 8.0 ] },
						"south": { "texture": "#resin", "uv": [ 3.5, 11.0, 4.0, 11.5 ] },
						"up": { "texture": "#resin", "uv": [ 8.0, 2.5, 8.5, 3.0 ] }
					}
				},
				{
					"name": "Cube77",
					"from": [ 5.0, 10.0, -8.0 ],
					"to": [ 5.5, 10.5, -7.5 ],
					"renderPass": 3,
					"rotationOrigin": [ 5.0, 10.0, -8.0 ],
					"faces": {
						"north": { "texture": "#resin", "uv": [ 5.0, 9.5, 5.5, 10.0 ] },
						"east": { "texture": "#resin", "uv": [ 12.5, 7.5, 13.0, 8.0 ] },
						"south": { "texture": "#resin", "uv": [ 3.5, 11.0, 4.0, 11.5 ] },
						"west": { "texture": "#resin", "uv": [ 3.0, 10.0, 3.5, 10.5 ] },
						"up": { "texture": "#resin", "uv": [ 8.0, 2.5, 8.5, 3.0 ] },
						"down": { "texture": "#resin", "uv": [ 7.0, 12.5, 7.5, 13.0 ] }
					}
				},
				{
					"name": "Cube78",
					"from": [ -2.0, 12.0, -8.0 ],
					"to": [ -1.5, 12.5, -7.5 ],
					"renderPass": 3,
					"rotationOrigin": [ -2.0, 12.0, -8.0 ],
					"faces": {
						"north": { "texture": "#resin", "uv": [ 5.5, 9.0, 6.0, 9.5 ] },
						"east": { "texture": "#resin", "uv": [ 12.5, 8.5, 13.0, 9.0 ] },
						"south": { "texture": "#resin", "uv": [ 14.0, 7.0, 14.5, 7.5 ] },
						"west": { "texture": "#resin", "uv": [ 6.5, 8.0, 7.0, 8.5 ] },
						"up": { "texture": "#resin", "uv": [ 8.0, 5.5, 8.5, 6.0 ] },
						"down": { "texture": "#resin", "uv": [ 7.0, 12.5, 7.5, 13.0 ] }
					}
				},
				{
					"name": "Cube79",
					"from": [ -1.5, 7.5, -8.0 ],
					"to": [ -1.0, 8.0, -7.5 ],
					"renderPass": 3,
					"rotationOrigin": [ -1.5, 7.5, -8.0 ],
					"faces": {
						"north": { "texture": "#resin", "uv": [ 5.0, 9.5, 5.5, 10.0 ] },
						"east": { "texture": "#resin", "uv": [ 12.5, 7.5, 13.0, 8.0 ] },
						"south": { "texture": "#resin", "uv": [ 3.5, 11.0, 4.0, 11.5 ] },
						"west": { "texture": "#resin", "uv": [ 3.0, 10.0, 3.5, 10.5 ] },
						"up": { "texture": "#resin", "uv": [ 8.0, 2.5, 8.5, 3.0 ] },
						"down": { "texture": "#resin", "uv": [ 7.0, 12.5, 7.5, 13.0 ] }
					}
				},
				{
					"name": "Cube80",
					"from": [ 1.0, 5.0, -8.0 ],
					"to": [ 1.5, 6.0, -7.5 ],
					"renderPass": 3,
					"rotationOrigin": [ 1.0, 5.0, -8.0 ],
					"faces": {
						"north": { "texture": "#resin", "uv": [ 5.0, 9.5, 5.5, 10.5 ] },
						"east": { "texture": "#resin", "uv": [ 3.5, 11.5, 4.0, 12.5 ] },
						"south": { "texture": "#resin", "uv": [ 3.0, 13.5, 3.5, 14.5 ] },
						"west": { "texture": "#resin", "uv": [ 3.0, 10.0, 3.5, 11.0 ] },
						"down": { "texture": "#resin", "uv": [ 6.0, 12.5, 6.5, 13.0 ] }
					}
				},
				{
					"name": "Cube81",
					"from": [ 1.0, 4.0, -8.0 ],
					"to": [ 1.5, 4.5, -7.5 ],
					"renderPass": 3,
					"rotationOrigin": [ 1.0, 4.0, -8.0 ],
					"faces": {
						"north": { "texture": "#resin", "uv": [ 10.0, 6.5, 10.5, 7.0 ] },
						"east": { "texture": "#resin", "uv": [ 10.5, 8.0, 11.0, 8.5 ] },
						"south": { "texture": "#resin", "uv": [ 11.0, 6.0, 11.5, 6.5 ] },
						"west": { "texture": "#resin", "uv": [ 10.5, 6.5, 11.0, 7.0 ] },
						"up": { "texture": "#resin", "uv": [ 10.0, 7.0, 10.5, 7.5 ] },
						"down": { "texture": "#resin", "uv": [ 8.0, 12.5, 8.5, 13.0 ] }
					}
				},
				{
					"name": "Cube82",
					"from": [ 3.5, 11.0, -8.0 ],
					"to": [ 4.0, 12.0, -7.5 ],
					"renderPass": 3,
					"rotationOrigin": [ 3.5, 11.0, -8.0 ],
					"faces": {
						"north": { "texture": "#resin", "uv": [ 1.5, 13.5, 2.0, 14.5 ] },
						"east": { "texture": "#resin", "uv": [ 1.5, 14.0, 2.0, 15.0 ] },
						"south": { "texture": "#resin", "uv": [ 0.0, 14.0, 0.5, 15.0 ] },
						"west": { "texture": "#resin", "uv": [ 1.0, 14.0, 1.5, 15.0 ] },
						"down": { "texture": "#resin", "uv": [ 1.0, 14.5, 1.5, 15.0 ] }
					}
				},
				{
					"name": "Cube83",
					"from": [ -7.5, 1.0, -8.0 ],
					"to": [ -6.5, 2.0, -7.0 ],
					"renderPass": 3,
					"rotationOrigin": [ -7.5, 1.0, -8.0 ],
					"faces": {
						"north": { "texture": "#resin", "uv": [ 7.5, 4.5, 8.5, 5.5 ] },
						"east": { "texture": "#resin", "uv": [ 12.0, 10.0, 13.0, 11.0 ] },
						"south": { "texture": "#resin", "uv": [ 11.0, 7.0, 12.0, 8.0 ] },
						"west": { "texture": "#resin", "uv": [ 3.0, 10.0, 4.0, 11.0 ] },
						"up": { "texture": "#resin", "uv": [ 5.0, 6.0, 6.0, 7.0 ] },
						"down": { "texture": "#resin", "uv": [ 6.5, 12.5, 7.5, 13.5 ] }
					}
				},
				{
					"name": "Cube84",
					"from": [ -8.0, 3.0, -8.0 ],
					"to": [ -7.5, 3.5, -7.5 ],
					"renderPass": 3,
					"rotationOrigin": [ -8.0, 3.0, -8.0 ],
					"faces": {
						"north": { "texture": "#resin", "uv": [ 11.5, 9.0, 12.0, 9.5 ] },
						"east": { "texture": "#resin", "uv": [ 11.5, 6.0, 12.0, 6.5 ] },
						"south": { "texture": "#resin", "uv": [ 10.0, 5.5, 10.5, 6.0 ] },
						"west": { "texture": "#resin", "uv": [ 3.0, 10.0, 3.5, 10.5 ] },
						"up": { "texture": "#resin", "uv": [ 10.5, 6.5, 11.0, 7.0 ] },
						"down": { "texture": "#resin", "uv": [ 10.5, 6.0, 11.0, 6.5 ] }
					}
				}
			]
		}
	]}