{
	"editor": {
		"allAngles": false,
		"entityTextureMode": false
	},
	"textureWidth": 16,
	"textureHeight": 16,
	"textureSizes": {
	},
	"textures": {
		"chickenofthewoods": "game:block/plant/mushroom/chickenofthewoods/chickenofthewoods",
		"linen": "item/food/growbag/ungrown"
	},
	"elements": [
		{
			"name": "floor",
			"from": [ 4.0, 0.0, 6.0 ],
			"to": [ 12.0, 8.0, 10.0 ],
			"rotationOrigin": [ -2.0, -1.0, 0.0 ],
			"faces": {
				"north": { "texture": "#linen", "uv": [ 3.0, 4.5, 11.0, 12.5 ] },
				"east": { "texture": "#linen", "uv": [ 5.0, 3.0, 9.0, 11.0 ] },
				"south": { "texture": "#linen", "uv": [ 2.0, 6.0, 10.0, 14.0 ] },
				"west": { "texture": "#linen", "uv": [ 6.0, 5.0, 10.0, 13.0 ] },
				"up": { "texture": "#linen", "uv": [ 5.5, 4.0, 13.5, 8.0 ] },
				"down": { "texture": "#linen", "uv": [ 2.0, 5.0, 10.0, 9.0 ] }
			},
			"children": [
				{
					"name": "N",
					"from": [ 0.0, 0.0, -1.0 ],
					"to": [ 8.0, 6.0, 0.0 ],
					"faces": {
						"north": { "texture": "#linen", "uv": [ 6.0, 9.5, 14.0, 15.5 ] },
						"east": { "texture": "#linen", "uv": [ 4.0, 10.0, 5.0, 16.0 ] },
						"west": { "texture": "#linen", "uv": [ 6.0, 9.5, 7.0, 15.5 ] },
						"up": { "texture": "#linen", "uv": [ 4.0, 5.0, 12.0, 6.0 ] },
						"down": { "texture": "#linen", "uv": [ 3.0, 15.0, 11.0, 16.0 ] }
					}
				},
				{
					"name": "S",
					"from": [ 0.0, 0.0, 4.0 ],
					"to": [ 8.0, 6.0, 5.0 ],
					"faces": {
						"east": { "texture": "#linen", "uv": [ 5.5, 10.0, 6.5, 16.0 ] },
						"south": { "texture": "#linen", "uv": [ 4.0, 10.0, 12.0, 16.0 ] },
						"west": { "texture": "#linen", "uv": [ 6.0, 10.0, 7.0, 16.0 ] },
						"up": { "texture": "#linen", "uv": [ 2.0, 6.0, 10.0, 7.0 ] },
						"down": { "texture": "#linen", "uv": [ 3.0, 15.0, 11.0, 16.0 ] }
					}
				},
				{
					"name": "W",
					"from": [ -1.0, 0.0, 0.0 ],
					"to": [ 0.0, 6.0, 4.0 ],
					"faces": {
						"north": { "texture": "#linen", "uv": [ 11.5, 9.5, 12.5, 15.5 ] },
						"south": { "texture": "#linen", "uv": [ 7.0, 10.0, 8.0, 16.0 ] },
						"west": { "texture": "#linen", "uv": [ 4.5, 10.0, 8.5, 16.0 ] },
						"up": { "texture": "#linen", "uv": [ 9.0, 3.0, 10.0, 7.0 ] },
						"down": { "texture": "#linen", "uv": [ 4.0, 15.0, 8.0, 16.0 ], "rotation": 90 }
					}
				},
				{
					"name": "E",
					"from": [ 8.0, 0.0, 0.0 ],
					"to": [ 9.0, 6.0, 4.0 ],
					"rotationOrigin": [ 4.0, 0.0, 0.0 ],
					"faces": {
						"north": { "texture": "#linen", "uv": [ 10.0, 10.0, 11.0, 16.0 ] },
						"east": { "texture": "#linen", "uv": [ 8.5, 9.5, 12.5, 15.5 ] },
						"south": { "texture": "#linen", "uv": [ 8.0, 10.0, 9.0, 16.0 ] },
						"up": { "texture": "#linen", "uv": [ 8.0, 2.0, 9.0, 6.0 ] },
						"down": { "texture": "#linen", "uv": [ 2.0, 15.0, 6.0, 16.0 ], "rotation": 90 }
					}
				}
			]
		},
		{
			"name": "origin",
			"from": [ 8.0, -0.4, 16.4 ],
			"to": [ 8.0, -0.4, 16.4 ],
			"rotationOrigin": [ 8.0, -0.4, 16.4 ],
			"rotationY": -180.0,
			"faces": {
			},
			"children": [
				{
					"name": "center",
					"from": [ 0.0, 0.0, 8.0 ],
					"to": [ 0.0, 0.0, 8.0 ],
					"rotationOrigin": [ 0.0, 0.0, 8.0 ],
					"faces": {
					},
					"children": [
						{
							"name": "bigNW",
							"from": [ -8.0, 5.0, -2.0 ],
							"to": [ -3.0, 5.6, 3.0 ],
							"rotationOrigin": [ -3.0, 5.0, 3.0 ],
							"rotationX": 8.0,
							"rotationZ": -6.0,
							"faces": {
								"north": { "texture": "#chickenofthewoods", "uv": [ 4.5, 7.5, 9.5, 8.0 ] },
								"east": { "texture": "#chickenofthewoods", "uv": [ 5.0, 6.5, 10.0, 7.0 ] },
								"south": { "texture": "#chickenofthewoods", "uv": [ 3.0, 6.0, 8.0, 6.5 ] },
								"west": { "texture": "#chickenofthewoods", "uv": [ 10.0, 7.5, 15.0, 8.0 ] },
								"up": { "texture": "#chickenofthewoods", "uv": [ 11.0, 3.0, 16.0, 8.0 ], "rotation": 180 },
								"down": { "texture": "#chickenofthewoods", "uv": [ 10.5, 10.5, 15.5, 15.5 ], "rotation": 270 }
							}
						},
						{
							"name": "bigNE",
							"from": [ 1.0, 1.0, -5.0 ],
							"to": [ 6.0, 1.6, 0.0 ],
							"rotationOrigin": [ 1.0, 1.0, 0.0 ],
							"rotationX": 14.0,
							"rotationY": 22.0,
							"rotationZ": 19.0,
							"faces": {
								"north": { "texture": "#chickenofthewoods", "uv": [ 9.0, 7.5, 14.0, 8.0 ] },
								"east": { "texture": "#chickenofthewoods", "uv": [ 10.0, 7.5, 15.0, 8.0 ] },
								"south": { "texture": "#chickenofthewoods", "uv": [ 5.0, 6.0, 10.0, 6.5 ] },
								"west": { "texture": "#chickenofthewoods", "uv": [ 4.5, 6.0, 9.5, 6.5 ] },
								"up": { "texture": "#chickenofthewoods", "uv": [ 0.0, 3.0, 5.0, 8.0 ], "rotation": 180 },
								"down": { "texture": "#chickenofthewoods", "uv": [ 0.0, 11.0, 5.0, 16.0 ], "rotation": 90 }
							}
						},
						{
							"name": "medNW",
							"from": [ -3.0, 0.5, -4.0 ],
							"to": [ 1.0, 1.1, 0.0 ],
							"rotationOrigin": [ 1.0, 0.5, 0.0 ],
							"rotationX": 22.0,
							"rotationY": 25.0,
							"rotationZ": -14.0,
							"faces": {
								"north": { "texture": "#chickenofthewoods", "uv": [ 5.0, 7.5, 9.0, 8.0 ] },
								"east": { "texture": "#chickenofthewoods", "uv": [ 4.5, 6.5, 8.5, 7.0 ] },
								"south": { "texture": "#chickenofthewoods", "uv": [ 4.5, 6.5, 8.5, 7.0 ] },
								"west": { "texture": "#chickenofthewoods", "uv": [ 11.5, 7.5, 15.5, 8.0 ] },
								"up": { "texture": "#chickenofthewoods", "uv": [ 12.0, 4.0, 16.0, 8.0 ], "rotation": 180 },
								"down": { "texture": "#chickenofthewoods", "uv": [ 0.5, 11.0, 4.5, 15.0 ], "rotation": 180 }
							}
						},
						{
							"name": "medNE",
							"from": [ 0.0, 2.0, -4.0 ],
							"to": [ 4.0, 2.6, 0.0 ],
							"rotationOrigin": [ 0.0, 2.0, 0.0 ],
							"rotationX": 22.0,
							"rotationY": 36.0,
							"rotationZ": 17.0,
							"faces": {
								"north": { "texture": "#chickenofthewoods", "uv": [ 8.0, 7.5, 12.0, 8.0 ] },
								"east": { "texture": "#chickenofthewoods", "uv": [ 7.0, 7.5, 11.0, 8.0 ] },
								"south": { "texture": "#chickenofthewoods", "uv": [ 5.0, 6.0, 9.0, 6.5 ] },
								"west": { "texture": "#chickenofthewoods", "uv": [ 4.5, 6.0, 8.5, 6.5 ] },
								"up": { "texture": "#chickenofthewoods", "uv": [ 0.0, 4.0, 4.0, 8.0 ], "rotation": 180 },
								"down": { "texture": "#chickenofthewoods", "uv": [ 0.0, 12.0, 4.0, 16.0 ], "rotation": 90 }
							}
						},
						{
							"name": "medSW2",
							"from": [ -0.5, 3.6, 1.0 ],
							"to": [ 3.0, 4.2, 4.5 ],
							"rotationOrigin": [ 3.0, 3.6, 1.0 ],
							"rotationX": 22.0,
							"rotationY": 174.0,
							"rotationZ": -19.0,
							"faces": {
								"north": { "texture": "#chickenofthewoods", "uv": [ 3.0, 6.0, 6.5, 6.5 ] },
								"east": { "texture": "#chickenofthewoods", "uv": [ 5.0, 6.5, 8.5, 7.0 ] },
								"south": { "texture": "#chickenofthewoods", "uv": [ 9.0, 7.5, 12.5, 8.0 ] },
								"west": { "texture": "#chickenofthewoods", "uv": [ 10.0, 7.5, 13.5, 8.0 ] },
								"up": { "texture": "#chickenofthewoods", "uv": [ 0.0, 4.0, 3.5, 7.5 ] },
								"down": { "texture": "#chickenofthewoods", "uv": [ 12.5, 12.5, 16.0, 16.0 ] }
							}
						},
						{
							"name": "medNE2",
							"from": [ -0.1, 6.7, -3.5 ],
							"to": [ 3.4, 7.3, 0.0 ],
							"rotationOrigin": [ -0.1, 6.7, 0.0 ],
							"rotationX": 17.0,
							"rotationY": 0.0,
							"rotationZ": 22.0,
							"faces": {
								"north": { "texture": "#chickenofthewoods", "uv": [ 8.0, 7.5, 11.5, 8.0 ] },
								"east": { "texture": "#chickenofthewoods", "uv": [ 7.0, 7.5, 10.5, 8.0 ] },
								"south": { "texture": "#chickenofthewoods", "uv": [ 5.0, 6.0, 8.5, 6.5 ] },
								"west": { "texture": "#chickenofthewoods", "uv": [ 4.5, 6.0, 8.0, 6.5 ] },
								"up": { "texture": "#chickenofthewoods", "uv": [ 0.0, 4.5, 3.5, 8.0 ], "rotation": 180 },
								"down": { "texture": "#chickenofthewoods", "uv": [ 0.0, 12.5, 3.5, 16.0 ], "rotation": 90 }
							}
						},
						{
							"name": "medNW2",
							"from": [ -4.5, 5.5, -3.5 ],
							"to": [ -1.0, 6.1, 0.0 ],
							"rotationOrigin": [ -1.0, 5.5, 0.0 ],
							"rotationX": 25.0,
							"rotationY": 0.0,
							"rotationZ": -22.0,
							"faces": {
								"north": { "texture": "#chickenofthewoods", "uv": [ 5.0, 7.5, 8.5, 8.0 ] },
								"east": { "texture": "#chickenofthewoods", "uv": [ 4.5, 6.5, 8.0, 7.0 ] },
								"south": { "texture": "#chickenofthewoods", "uv": [ 4.5, 6.5, 8.0, 7.0 ] },
								"west": { "texture": "#chickenofthewoods", "uv": [ 11.5, 7.5, 15.0, 8.0 ] },
								"up": { "texture": "#chickenofthewoods", "uv": [ 12.5, 4.5, 16.0, 8.0 ], "rotation": 180 },
								"down": { "texture": "#chickenofthewoods", "uv": [ 0.5, 12.0, 4.0, 15.5 ], "rotation": 180 }
							}
						},
						{
							"name": "smallNE",
							"from": [ 3.0, 5.1, -2.5 ],
							"to": [ 5.5, 5.7, 0.0 ],
							"rotationOrigin": [ 3.0, 5.1, 0.0 ],
							"rotationX": 17.0,
							"rotationY": 33.0,
							"rotationZ": 22.0,
							"faces": {
								"north": { "texture": "#chickenofthewoods", "uv": [ 8.0, 7.5, 10.5, 8.0 ] },
								"east": { "texture": "#chickenofthewoods", "uv": [ 7.0, 7.5, 9.5, 8.0 ] },
								"south": { "texture": "#chickenofthewoods", "uv": [ 5.0, 6.0, 7.5, 6.5 ] },
								"west": { "texture": "#chickenofthewoods", "uv": [ 4.5, 6.0, 7.0, 6.5 ] },
								"up": { "texture": "#chickenofthewoods", "uv": [ 0.0, 5.5, 2.5, 8.0 ], "rotation": 180 },
								"down": { "texture": "#chickenofthewoods", "uv": [ 0.0, 13.5, 2.5, 16.0 ], "rotation": 90 }
							}
						},
						{
							"name": "smallNW",
							"from": [ -4.5, 6.5, -2.5 ],
							"to": [ -2.0, 7.1, 0.0 ],
							"rotationOrigin": [ -2.0, 6.5, 0.0 ],
							"rotationX": 25.0,
							"rotationZ": -42.0,
							"faces": {
								"north": { "texture": "#chickenofthewoods", "uv": [ 5.0, 7.5, 7.5, 8.0 ] },
								"east": { "texture": "#chickenofthewoods", "uv": [ 4.5, 6.5, 7.0, 7.0 ] },
								"south": { "texture": "#chickenofthewoods", "uv": [ 4.5, 6.5, 7.0, 7.0 ] },
								"west": { "texture": "#chickenofthewoods", "uv": [ 11.5, 7.5, 14.0, 8.0 ] },
								"up": { "texture": "#chickenofthewoods", "uv": [ 13.5, 5.5, 16.0, 8.0 ], "rotation": 180 },
								"down": { "texture": "#chickenofthewoods", "uv": [ 0.5, 13.0, 3.0, 15.5 ], "rotation": 180 }
							}
						},
						{
							"name": "smallSW",
							"from": [ 0.0, 6.7, -1.5 ],
							"to": [ 2.5, 7.3, 1.0 ],
							"rotationOrigin": [ 0.0, 6.7, 1.0 ],
							"rotationX": 17.0,
							"rotationY": 25.0,
							"rotationZ": 42.0,
							"faces": {
								"north": { "texture": "#chickenofthewoods", "uv": [ 8.0, 7.5, 10.5, 8.0 ] },
								"east": { "texture": "#chickenofthewoods", "uv": [ 7.0, 7.5, 9.5, 8.0 ] },
								"south": { "texture": "#chickenofthewoods", "uv": [ 5.0, 6.0, 7.5, 6.5 ] },
								"west": { "texture": "#chickenofthewoods", "uv": [ 4.5, 6.0, 7.0, 6.5 ] },
								"up": { "texture": "#chickenofthewoods", "uv": [ 0.0, 5.5, 2.5, 8.0 ], "rotation": 180 },
								"down": { "texture": "#chickenofthewoods", "uv": [ 0.0, 13.5, 2.5, 16.0 ], "rotation": 90 }
							}
						}
					]
				}
			]
		}
	]}