{
	"editor": {
		"allAngles": false,
		"entityTextureMode": false
	},
	"textureWidth": 16,
	"textureHeight": 16,
	"textureSizes": {
	},
	"textures": {
		"deerear": "game:block/plant/mushroom/deerear/deerear",
		"pores": "game:block/plant/mushroom/pores",
		"linen": "item/food/growbag/ungrown"
	},
	"elements": [
		{
			"name": "floor",
			"from": [ 4.0, 0.0, 6.0 ],
			"to": [ 12.0, 8.0, 10.0 ],
			"rotationOrigin": [ -2.0, -1.0, 0.0 ],
			"faces": {
				"north": { "texture": "#linen", "uv": [ 3.0, 4.5, 11.0, 12.5 ] },
				"east": { "texture": "#linen", "uv": [ 5.0, 3.0, 9.0, 11.0 ] },
				"south": { "texture": "#linen", "uv": [ 2.0, 6.0, 10.0, 14.0 ] },
				"west": { "texture": "#linen", "uv": [ 6.0, 5.0, 10.0, 13.0 ] },
				"up": { "texture": "#linen", "uv": [ 5.5, 4.0, 13.5, 8.0 ] },
				"down": { "texture": "#linen", "uv": [ 2.0, 5.0, 10.0, 9.0 ] }
			},
			"children": [
				{
					"name": "N",
					"from": [ 0.0, 0.0, -1.0 ],
					"to": [ 8.0, 6.0, 0.0 ],
					"faces": {
						"north": { "texture": "#linen", "uv": [ 6.0, 9.5, 14.0, 15.5 ] },
						"east": { "texture": "#linen", "uv": [ 4.0, 10.0, 5.0, 16.0 ] },
						"west": { "texture": "#linen", "uv": [ 6.0, 9.5, 7.0, 15.5 ] },
						"up": { "texture": "#linen", "uv": [ 4.0, 5.0, 12.0, 6.0 ] },
						"down": { "texture": "#linen", "uv": [ 3.0, 15.0, 11.0, 16.0 ] }
					}
				},
				{
					"name": "S",
					"from": [ 0.0, 0.0, 4.0 ],
					"to": [ 8.0, 6.0, 5.0 ],
					"faces": {
						"east": { "texture": "#linen", "uv": [ 5.5, 10.0, 6.5, 16.0 ] },
						"south": { "texture": "#linen", "uv": [ 4.0, 10.0, 12.0, 16.0 ] },
						"west": { "texture": "#linen", "uv": [ 6.0, 10.0, 7.0, 16.0 ] },
						"up": { "texture": "#linen", "uv": [ 2.0, 6.0, 10.0, 7.0 ] },
						"down": { "texture": "#linen", "uv": [ 3.0, 15.0, 11.0, 16.0 ] }
					}
				},
				{
					"name": "W",
					"from": [ -1.0, 0.0, 0.0 ],
					"to": [ 0.0, 6.0, 4.0 ],
					"faces": {
						"north": { "texture": "#linen", "uv": [ 11.5, 9.5, 12.5, 15.5 ] },
						"south": { "texture": "#linen", "uv": [ 7.0, 10.0, 8.0, 16.0 ] },
						"west": { "texture": "#linen", "uv": [ 4.5, 10.0, 8.5, 16.0 ] },
						"up": { "texture": "#linen", "uv": [ 9.0, 3.0, 10.0, 7.0 ] },
						"down": { "texture": "#linen", "uv": [ 4.0, 15.0, 8.0, 16.0 ], "rotation": 90 }
					}
				},
				{
					"name": "E",
					"from": [ 8.0, 0.0, 0.0 ],
					"to": [ 9.0, 6.0, 4.0 ],
					"rotationOrigin": [ 4.0, 0.0, 0.0 ],
					"faces": {
						"north": { "texture": "#linen", "uv": [ 10.0, 10.0, 11.0, 16.0 ] },
						"east": { "texture": "#linen", "uv": [ 8.5, 9.5, 12.5, 15.5 ] },
						"south": { "texture": "#linen", "uv": [ 8.0, 10.0, 9.0, 16.0 ] },
						"up": { "texture": "#linen", "uv": [ 8.0, 2.0, 9.0, 6.0 ] },
						"down": { "texture": "#linen", "uv": [ 2.0, 15.0, 6.0, 16.0 ], "rotation": 90 }
					}
				}
			]
		},
		{
			"name": "origin",
			"from": [ 8.0, 0.0, 19.0 ],
			"to": [ 8.0, 0.0, 19.0 ],
			"rotationOrigin": [ 8.0, 0.0, 19.0 ],
			"rotationY": 180.0,
			"faces": {
			},
			"children": [
				{
					"name": "cap1",
					"from": [ -1.0, 2.0, 6.1 ],
					"to": [ 1.0, 2.5, 8.1 ],
					"rotationOrigin": [ 0.0, 2.0, 8.1 ],
					"rotationX": -6.0,
					"rotationZ": 5.0,
					"faces": {
						"north": { "texture": "#deerear", "uv": [ 3.5, 10.0, 5.5, 10.5 ] },
						"east": { "texture": "#deerear", "uv": [ 0.0, 1.0, 2.0, 1.5 ] },
						"south": { "texture": "#deerear", "uv": [ 6.5, 9.5, 8.5, 10.0 ] },
						"west": { "texture": "#deerear", "uv": [ 1.0, 15.0, 3.0, 15.5 ] },
						"up": { "texture": "#deerear", "uv": [ 9.0, 8.5, 11.0, 10.5 ] },
						"down": { "texture": "#pores", "uv": [ 2.0, 10.0, 4.0, 12.0 ] }
					},
					"children": [
						{
							"name": "a1",
							"from": [ -0.5, 0.0, 0.5 ],
							"to": [ 0.0, 0.5, 2.0 ],
							"rotationOrigin": [ -0.5, 0.0, 0.5 ],
							"faces": {
								"north": { "texture": "#deerear", "uv": [ 12.5, 8.0, 13.0, 8.5 ] },
								"south": { "texture": "#deerear", "uv": [ 10.0, 13.5, 10.5, 14.0 ] },
								"west": { "texture": "#deerear", "uv": [ 4.5, 11.5, 6.0, 12.0 ] },
								"up": { "texture": "#deerear", "uv": [ 11.0, 0.5, 11.5, 2.0 ] },
								"down": { "texture": "#pores", "uv": [ 1.0, 10.5, 1.5, 12.0 ] }
							}
						},
						{
							"name": "b1",
							"from": [ 2.0, 0.0, 0.5 ],
							"to": [ 2.5, 0.5, 2.0 ],
							"rotationOrigin": [ 2.0, 0.0, 0.5 ],
							"faces": {
								"north": { "texture": "#deerear", "uv": [ 12.0, 0.5, 12.5, 1.0 ] },
								"east": { "texture": "#deerear", "uv": [ 5.0, 13.0, 6.5, 13.5 ] },
								"south": { "texture": "#deerear", "uv": [ 1.5, 3.0, 2.0, 3.5 ] },
								"up": { "texture": "#deerear", "uv": [ 8.5, 1.5, 9.0, 3.0 ] },
								"down": { "texture": "#pores", "uv": [ 4.0, 11.5, 4.5, 13.0 ] }
							}
						},
						{
							"name": "c1",
							"from": [ 0.5, -0.5, 1.0 ],
							"to": [ 1.5, 0.0, 2.0 ],
							"rotationOrigin": [ 1.0, -0.5, 1.5 ],
							"faces": {
								"north": { "texture": "#pores", "uv": [ 3.0, 13.5, 4.0, 14.0 ] },
								"east": { "texture": "#pores", "uv": [ 3.5, 11.5, 4.5, 12.0 ] },
								"south": { "texture": "#pores", "uv": [ 3.0, 12.5, 4.0, 13.0 ] },
								"west": { "texture": "#pores", "uv": [ 3.5, 14.0, 4.5, 14.5 ] },
								"down": { "texture": "#pores", "uv": [ 3.0, 10.0, 4.0, 11.0 ] }
							}
						}
					]
				},
				{
					"name": "cap2",
					"from": [ -4.0, 3.0, 6.7 ],
					"to": [ -2.0, 3.5, 8.7 ],
					"rotationOrigin": [ -3.0, 3.0, 8.7 ],
					"rotationX": -9.0,
					"rotationY": 3.0,
					"rotationZ": -2.0,
					"faces": {
						"north": { "texture": "#deerear", "uv": [ 9.5, 2.0, 11.5, 2.5 ] },
						"east": { "texture": "#deerear", "uv": [ 3.0, 14.0, 5.0, 14.5 ] },
						"south": { "texture": "#deerear", "uv": [ 2.0, 1.0, 4.0, 1.5 ] },
						"west": { "texture": "#deerear", "uv": [ 7.5, 3.5, 9.5, 4.0 ] },
						"up": { "texture": "#deerear", "uv": [ 11.0, 0.5, 13.0, 2.5 ] },
						"down": { "texture": "#pores", "uv": [ 6.0, 9.5, 8.0, 11.5 ] }
					},
					"children": [
						{
							"name": "a2",
							"from": [ -0.5, 0.0, 0.5 ],
							"to": [ 0.0, 0.5, 2.0 ],
							"rotationOrigin": [ -0.5, 0.0, 0.5 ],
							"faces": {
								"north": { "texture": "#deerear", "uv": [ 7.0, 7.0, 7.5, 7.5 ] },
								"south": { "texture": "#deerear", "uv": [ 12.0, 10.0, 12.5, 10.5 ] },
								"west": { "texture": "#deerear", "uv": [ 3.5, 5.5, 5.0, 6.0 ] },
								"up": { "texture": "#deerear", "uv": [ 12.0, 3.0, 12.5, 4.5 ] },
								"down": { "texture": "#pores", "uv": [ 6.5, 9.5, 7.0, 11.0 ] }
							}
						},
						{
							"name": "b2",
							"from": [ 2.0, 0.0, 0.5 ],
							"to": [ 2.5, 0.5, 2.0 ],
							"rotationOrigin": [ 2.0, 0.0, 0.5 ],
							"faces": {
								"north": { "texture": "#deerear", "uv": [ 1.5, 14.0, 2.0, 14.5 ] },
								"east": { "texture": "#deerear", "uv": [ 1.0, 6.0, 2.5, 6.5 ] },
								"south": { "texture": "#deerear", "uv": [ 6.5, 12.0, 7.0, 12.5 ] },
								"up": { "texture": "#deerear", "uv": [ 15.0, 8.0, 15.5, 9.5 ] },
								"down": { "texture": "#pores", "uv": [ 4.0, 12.5, 4.5, 14.0 ] }
							}
						},
						{
							"name": "c2",
							"from": [ 0.5, -0.5, 1.0 ],
							"to": [ 1.5, 0.0, 2.0 ],
							"rotationOrigin": [ 1.0, -0.5, 1.5 ],
							"faces": {
								"north": { "texture": "#pores", "uv": [ 3.0, 13.5, 4.0, 14.0 ] },
								"east": { "texture": "#pores", "uv": [ 5.5, 11.5, 6.5, 12.0 ] },
								"south": { "texture": "#pores", "uv": [ 5.0, 11.0, 6.0, 11.5 ] },
								"west": { "texture": "#pores", "uv": [ 1.0, 13.0, 2.0, 13.5 ] },
								"down": { "texture": "#pores", "uv": [ 3.5, 10.5, 4.5, 11.5 ] }
							}
						}
					]
				},
				{
					"name": "cap3",
					"from": [ 0.0, 7.0, 7.1 ],
					"to": [ 2.0, 7.5, 9.1 ],
					"rotationOrigin": [ 1.0, 7.0, 9.1 ],
					"rotationX": -9.0,
					"rotationY": 7.0,
					"rotationZ": 4.0,
					"faces": {
						"north": { "texture": "#deerear", "uv": [ 5.5, 0.0, 7.5, 0.5 ] },
						"east": { "texture": "#deerear", "uv": [ 12.0, 9.5, 14.0, 10.0 ] },
						"south": { "texture": "#deerear", "uv": [ 4.0, 1.0, 6.0, 1.5 ] },
						"west": { "texture": "#deerear", "uv": [ 3.0, 3.0, 5.0, 3.5 ] },
						"up": { "texture": "#deerear", "uv": [ 5.0, 5.0, 7.0, 7.0 ] },
						"down": { "texture": "#pores", "uv": [ 6.0, 11.0, 8.0, 13.0 ] }
					},
					"children": [
						{
							"name": "a3",
							"from": [ -0.5, 0.0, 0.5 ],
							"to": [ 0.0, 0.5, 2.0 ],
							"rotationOrigin": [ -0.5, 0.0, 0.5 ],
							"faces": {
								"north": { "texture": "#deerear", "uv": [ 10.5, 12.0, 11.0, 12.5 ] },
								"south": { "texture": "#deerear", "uv": [ 5.0, 13.5, 5.5, 14.0 ] },
								"west": { "texture": "#deerear", "uv": [ 0.0, 14.5, 1.5, 15.0 ] },
								"up": { "texture": "#deerear", "uv": [ 10.5, 2.5, 11.0, 4.0 ] },
								"down": { "texture": "#pores", "uv": [ 6.5, 12.5, 7.0, 14.0 ] }
							}
						},
						{
							"name": "b3",
							"from": [ 2.0, 0.0, 0.5 ],
							"to": [ 2.5, 0.5, 2.0 ],
							"rotationOrigin": [ 2.0, 0.0, 0.5 ],
							"faces": {
								"north": { "texture": "#deerear", "uv": [ 5.0, 14.0, 5.5, 14.5 ] },
								"east": { "texture": "#deerear", "uv": [ 6.5, 11.0, 8.0, 11.5 ] },
								"south": { "texture": "#deerear", "uv": [ 3.0, 2.0, 3.5, 2.5 ] },
								"up": { "texture": "#deerear", "uv": [ 11.0, 12.5, 11.5, 14.0 ] },
								"down": { "texture": "#pores", "uv": [ 2.5, 11.0, 3.0, 12.5 ] }
							}
						},
						{
							"name": "c3",
							"from": [ 0.5, -0.5, 1.0 ],
							"to": [ 1.5, 0.0, 2.0 ],
							"rotationOrigin": [ 1.0, -0.5, 1.5 ],
							"faces": {
								"north": { "texture": "#pores", "uv": [ 4.0, 12.5, 5.0, 13.0 ] },
								"east": { "texture": "#pores", "uv": [ 6.0, 12.5, 7.0, 13.0 ] },
								"south": { "texture": "#pores", "uv": [ 4.5, 11.5, 5.5, 12.0 ] },
								"west": { "texture": "#pores", "uv": [ 4.0, 9.0, 5.0, 9.5 ] },
								"down": { "texture": "#pores", "uv": [ 6.0, 10.0, 7.0, 11.0 ] }
							}
						}
					]
				},
				{
					"name": "cap4",
					"from": [ 2.0, 5.5, 6.4 ],
					"to": [ 4.0, 6.0, 8.4 ],
					"rotationOrigin": [ 3.0, 5.5, 8.4 ],
					"rotationX": -19.0,
					"rotationY": -8.0,
					"rotationZ": -1.0,
					"faces": {
						"north": { "texture": "#deerear", "uv": [ 12.5, 14.5, 14.5, 15.0 ] },
						"east": { "texture": "#deerear", "uv": [ 9.0, 9.0, 11.0, 9.5 ] },
						"south": { "texture": "#deerear", "uv": [ 7.5, 3.0, 9.5, 3.5 ] },
						"west": { "texture": "#deerear", "uv": [ 4.5, 12.5, 6.5, 13.0 ] },
						"up": { "texture": "#deerear", "uv": [ 6.0, 0.5, 8.0, 2.5 ] },
						"down": { "texture": "#pores", "uv": [ 1.5, 10.5, 3.5, 12.5 ] }
					},
					"children": [
						{
							"name": "a4",
							"from": [ -0.5, 0.0, 0.5 ],
							"to": [ 0.0, 0.5, 2.0 ],
							"rotationOrigin": [ -0.5, 0.0, 0.5 ],
							"faces": {
								"north": { "texture": "#deerear", "uv": [ 4.5, 13.0, 5.0, 13.5 ] },
								"south": { "texture": "#deerear", "uv": [ 12.0, 3.0, 12.5, 3.5 ] },
								"west": { "texture": "#deerear", "uv": [ 8.5, 7.5, 10.0, 8.0 ] },
								"up": { "texture": "#deerear", "uv": [ 9.5, 6.5, 10.0, 8.0 ] },
								"down": { "texture": "#pores", "uv": [ 4.5, 9.0, 5.0, 10.5 ] }
							}
						},
						{
							"name": "b4",
							"from": [ 2.0, 0.0, 0.5 ],
							"to": [ 2.5, 0.5, 2.0 ],
							"rotationOrigin": [ 2.0, 0.0, 0.5 ],
							"faces": {
								"north": { "texture": "#deerear", "uv": [ 8.0, 8.5, 8.5, 9.0 ] },
								"east": { "texture": "#deerear", "uv": [ 8.5, 0.5, 10.0, 1.0 ] },
								"south": { "texture": "#deerear", "uv": [ 0.0, 2.5, 0.5, 3.0 ] },
								"up": { "texture": "#deerear", "uv": [ 6.5, 11.0, 7.0, 12.5 ] },
								"down": { "texture": "#pores", "uv": [ 2.0, 9.5, 2.5, 11.0 ] }
							}
						}
					]
				},
				{
					"name": "cap6",
					"from": [ -0.5, 5.0, 7.1 ],
					"to": [ 0.5, 5.5, 8.1 ],
					"rotationOrigin": [ 1.0, 5.0, 8.4 ],
					"rotationX": -6.0,
					"rotationY": 1.0,
					"rotationZ": 1.0,
					"faces": {
						"north": { "texture": "#deerear", "uv": [ 3.0, 8.5, 4.0, 9.0 ] },
						"east": { "texture": "#deerear", "uv": [ 10.5, 6.5, 11.5, 7.0 ] },
						"south": { "texture": "#deerear", "uv": [ 0.0, 9.0, 1.0, 9.5 ] },
						"west": { "texture": "#deerear", "uv": [ 6.0, 9.5, 7.0, 10.0 ] },
						"up": { "texture": "#deerear", "uv": [ 7.5, 4.0, 8.5, 5.0 ] },
						"down": { "texture": "#pores", "uv": [ 6.0, 12.0, 7.0, 13.0 ] }
					}
				},
				{
					"name": "cap7",
					"from": [ 3.5, 3.0, 7.1 ],
					"to": [ 4.5, 3.5, 8.1 ],
					"rotationOrigin": [ 5.0, 3.0, 8.4 ],
					"rotationX": 2.0,
					"rotationY": 1.0,
					"rotationZ": 1.0,
					"faces": {
						"north": { "texture": "#deerear", "uv": [ 3.0, 8.5, 4.0, 9.0 ] },
						"east": { "texture": "#deerear", "uv": [ 10.5, 6.5, 11.5, 7.0 ] },
						"south": { "texture": "#deerear", "uv": [ 0.0, 9.0, 1.0, 9.5 ] },
						"west": { "texture": "#deerear", "uv": [ 6.0, 9.5, 7.0, 10.0 ] },
						"up": { "texture": "#deerear", "uv": [ 5.0, 11.5, 6.0, 12.5 ] },
						"down": { "texture": "#pores", "uv": [ 6.0, 12.0, 7.0, 13.0 ] }
					}
				},
				{
					"name": "cap9",
					"from": [ 1.5, 1.0, 7.1 ],
					"to": [ 2.5, 1.5, 8.1 ],
					"rotationOrigin": [ 3.0, 1.0, 8.4 ],
					"rotationX": 2.0,
					"rotationY": 1.0,
					"rotationZ": 1.0,
					"faces": {
						"north": { "texture": "#deerear", "uv": [ 3.0, 8.5, 4.0, 9.0 ] },
						"east": { "texture": "#deerear", "uv": [ 10.5, 6.5, 11.5, 7.0 ] },
						"south": { "texture": "#deerear", "uv": [ 0.0, 9.0, 1.0, 9.5 ] },
						"west": { "texture": "#deerear", "uv": [ 6.0, 9.5, 7.0, 10.0 ] },
						"up": { "texture": "#deerear", "uv": [ 1.0, 2.5, 2.0, 3.5 ] },
						"down": { "texture": "#pores", "uv": [ 6.0, 12.0, 7.0, 13.0 ] }
					}
				},
				{
					"name": "cap10",
					"from": [ -4.5, 1.0, 7.6 ],
					"to": [ -3.5, 1.5, 8.6 ],
					"rotationOrigin": [ -4.0, 1.0, 8.9 ],
					"rotationX": 3.0,
					"rotationZ": 4.0,
					"faces": {
						"north": { "texture": "#deerear", "uv": [ 3.0, 8.5, 4.0, 9.0 ] },
						"east": { "texture": "#deerear", "uv": [ 10.5, 6.5, 11.5, 7.0 ] },
						"south": { "texture": "#deerear", "uv": [ 0.0, 9.0, 1.0, 9.5 ] },
						"west": { "texture": "#deerear", "uv": [ 6.0, 9.5, 7.0, 10.0 ] },
						"up": { "texture": "#deerear", "uv": [ 1.0, 2.5, 2.0, 3.5 ] },
						"down": { "texture": "#pores", "uv": [ 6.0, 12.0, 7.0, 13.0 ] }
					}
				},
				{
					"name": "cap11",
					"from": [ -1.5, 3.0, 7.1 ],
					"to": [ -0.5, 3.5, 8.1 ],
					"rotationOrigin": [ -1.0, 3.0, 8.4 ],
					"rotationX": 9.0,
					"rotationY": 3.0,
					"rotationZ": 1.0,
					"faces": {
						"north": { "texture": "#deerear", "uv": [ 3.0, 8.5, 4.0, 9.0 ] },
						"east": { "texture": "#deerear", "uv": [ 10.5, 6.5, 11.5, 7.0 ] },
						"south": { "texture": "#deerear", "uv": [ 0.0, 9.0, 1.0, 9.5 ] },
						"west": { "texture": "#deerear", "uv": [ 6.0, 9.5, 7.0, 10.0 ] },
						"up": { "texture": "#deerear", "uv": [ 1.0, 2.5, 2.0, 3.5 ] },
						"down": { "texture": "#pores", "uv": [ 6.0, 12.0, 7.0, 13.0 ] }
					}
				},
				{
					"name": "cap13",
					"from": [ 0.0, 4.0, 6.6 ],
					"to": [ 2.0, 4.5, 8.6 ],
					"rotationOrigin": [ 1.0, 4.0, 8.9 ],
					"rotationX": -15.0,
					"rotationY": -2.0,
					"rotationZ": -7.0,
					"faces": {
						"north": { "texture": "#deerear", "uv": [ 3.0, 8.5, 5.0, 9.0 ] },
						"east": { "texture": "#deerear", "uv": [ 10.5, 6.5, 12.5, 7.0 ] },
						"south": { "texture": "#deerear", "uv": [ 0.0, 9.0, 2.0, 9.5 ] },
						"west": { "texture": "#deerear", "uv": [ 6.0, 9.5, 8.0, 10.0 ] },
						"up": { "texture": "#deerear", "uv": [ 1.0, 2.5, 3.0, 4.5 ] },
						"down": { "texture": "#pores", "uv": [ 6.0, 12.0, 8.0, 14.0 ] }
					}
				},
				{
					"name": "cap14",
					"from": [ -4.0, 5.0, 7.1 ],
					"to": [ -2.0, 5.5, 9.1 ],
					"rotationOrigin": [ -3.0, 5.0, 9.4 ],
					"rotationX": -5.0,
					"rotationY": 4.0,
					"rotationZ": 2.0,
					"faces": {
						"north": { "texture": "#deerear", "uv": [ 3.0, 8.5, 5.0, 9.0 ] },
						"east": { "texture": "#deerear", "uv": [ 10.5, 6.5, 12.5, 7.0 ] },
						"south": { "texture": "#deerear", "uv": [ 0.0, 9.0, 2.0, 9.5 ] },
						"west": { "texture": "#deerear", "uv": [ 6.0, 9.5, 8.0, 10.0 ] },
						"up": { "texture": "#deerear", "uv": [ 1.0, 2.5, 3.0, 4.5 ] },
						"down": { "texture": "#pores", "uv": [ 6.0, 12.0, 8.0, 14.0 ] }
					}
				}
			]
		}
	]}