{
	"editor": {
		"allAngles": false,
		"entityTextureMode": false
	},
	"textureWidth": 16,
	"textureHeight": 16,
	"textureSizes": {
	},
	"textures": {
		"devilstooth": "game:block/plant/mushroom/devilstooth/devilstooth",
		"linen": "item/food/growbag/ungrown"
	},
	"elements": [
		{
			"name": "floor",
			"from": [ 4.0, 0.0, 6.0 ],
			"to": [ 12.0, 8.0, 10.0 ],
			"rotationOrigin": [ -2.0, -1.0, 0.0 ],
			"faces": {
				"north": { "texture": "#linen", "uv": [ 3.0, 4.5, 11.0, 12.5 ] },
				"east": { "texture": "#linen", "uv": [ 5.0, 3.0, 9.0, 11.0 ] },
				"south": { "texture": "#linen", "uv": [ 2.0, 6.0, 10.0, 14.0 ] },
				"west": { "texture": "#linen", "uv": [ 6.0, 5.0, 10.0, 13.0 ] },
				"up": { "texture": "#linen", "uv": [ 5.5, 4.0, 13.5, 8.0 ] },
				"down": { "texture": "#linen", "uv": [ 2.0, 5.0, 10.0, 9.0 ] }
			},
			"children": [
				{
					"name": "N",
					"from": [ 0.0, 0.0, -1.0 ],
					"to": [ 8.0, 6.0, 0.0 ],
					"faces": {
						"north": { "texture": "#linen", "uv": [ 6.0, 9.5, 14.0, 15.5 ] },
						"east": { "texture": "#linen", "uv": [ 4.0, 10.0, 5.0, 16.0 ] },
						"west": { "texture": "#linen", "uv": [ 6.0, 9.5, 7.0, 15.5 ] },
						"up": { "texture": "#linen", "uv": [ 4.0, 5.0, 12.0, 6.0 ] },
						"down": { "texture": "#linen", "uv": [ 3.0, 15.0, 11.0, 16.0 ] }
					}
				},
				{
					"name": "S",
					"from": [ 0.0, 0.0, 4.0 ],
					"to": [ 8.0, 6.0, 5.0 ],
					"faces": {
						"east": { "texture": "#linen", "uv": [ 5.5, 10.0, 6.5, 16.0 ] },
						"south": { "texture": "#linen", "uv": [ 4.0, 10.0, 12.0, 16.0 ] },
						"west": { "texture": "#linen", "uv": [ 6.0, 10.0, 7.0, 16.0 ] },
						"up": { "texture": "#linen", "uv": [ 2.0, 6.0, 10.0, 7.0 ] },
						"down": { "texture": "#linen", "uv": [ 3.0, 15.0, 11.0, 16.0 ] }
					}
				},
				{
					"name": "W",
					"from": [ -1.0, 0.0, 0.0 ],
					"to": [ 0.0, 6.0, 4.0 ],
					"faces": {
						"north": { "texture": "#linen", "uv": [ 11.5, 9.5, 12.5, 15.5 ] },
						"south": { "texture": "#linen", "uv": [ 7.0, 10.0, 8.0, 16.0 ] },
						"west": { "texture": "#linen", "uv": [ 4.5, 10.0, 8.5, 16.0 ] },
						"up": { "texture": "#linen", "uv": [ 9.0, 3.0, 10.0, 7.0 ] },
						"down": { "texture": "#linen", "uv": [ 4.0, 15.0, 8.0, 16.0 ], "rotation": 90 }
					}
				},
				{
					"name": "E",
					"from": [ 8.0, 0.0, 0.0 ],
					"to": [ 9.0, 6.0, 4.0 ],
					"rotationOrigin": [ 4.0, 0.0, 0.0 ],
					"faces": {
						"north": { "texture": "#linen", "uv": [ 10.0, 10.0, 11.0, 16.0 ] },
						"east": { "texture": "#linen", "uv": [ 8.5, 9.5, 12.5, 15.5 ] },
						"south": { "texture": "#linen", "uv": [ 8.0, 10.0, 9.0, 16.0 ] },
						"up": { "texture": "#linen", "uv": [ 8.0, 2.0, 9.0, 6.0 ] },
						"down": { "texture": "#linen", "uv": [ 2.0, 15.0, 6.0, 16.0 ], "rotation": 90 }
					}
				}
			]
		},
		{
			"name": "origin",
			"from": [ 8.0, 9.0, 8.0 ],
			"to": [ 8.0, 9.0, 8.0 ],
			"rotationOrigin": [ 8.0, 9.0, 8.0 ],
			"faces": {
			},
			"children": [
				{
					"name": "large",
					"from": [ -1.5, -4.4, -0.5 ],
					"to": [ 3.5, -2.9, 4.5 ],
					"rotationOrigin": [ 1.0, -4.4, 2.0 ],
					"rotationX": 22.5,
					"rotationY": 19.0,
					"faces": {
						"north": { "texture": "#devilstooth", "uv": [ 2.5, 12.0, 7.5, 13.5 ] },
						"east": { "texture": "#devilstooth", "uv": [ 1.0, 13.0, 6.0, 14.5 ] },
						"south": { "texture": "#devilstooth", "uv": [ 1.5, 12.0, 6.5, 13.5 ] },
						"west": { "texture": "#devilstooth", "uv": [ 2.5, 13.0, 7.5, 14.5 ] },
						"up": { "texture": "#devilstooth", "uv": [ 2.0, 6.0, 7.0, 11.0 ] },
						"down": { "texture": "#devilstooth", "uv": [ 10.5, 9.0, 15.5, 14.0 ] }
					},
					"children": [
						{
							"name": "Cube1",
							"from": [ 0.5, 1.5, 0.5 ],
							"to": [ 4.5, 2.0, 4.5 ],
							"rotationOrigin": [ 2.5, 1.5, 2.5 ],
							"faces": {
								"north": { "texture": "#devilstooth", "uv": [ 0.0, 0.0, 4.0, 0.5 ] },
								"east": { "texture": "#devilstooth", "uv": [ 0.0, 0.0, 4.0, 0.5 ] },
								"south": { "texture": "#devilstooth", "uv": [ 0.0, 0.0, 4.0, 0.5 ] },
								"west": { "texture": "#devilstooth", "uv": [ 0.0, 0.0, 4.0, 0.5 ] },
								"up": { "texture": "#devilstooth", "uv": [ 0.0, 0.0, 4.0, 4.0 ] }
							}
						}
					]
				},
				{
					"name": "small5",
					"from": [ -2.4, -8.0, 2.6 ],
					"to": [ -0.9, -7.0, 4.1 ],
					"rotationOrigin": [ -1.7, -8.0, 3.4 ],
					"rotationY": 69.0,
					"faces": {
						"north": { "texture": "#devilstooth", "uv": [ 5.5, 5.0, 7.0, 6.0 ] },
						"east": { "texture": "#devilstooth", "uv": [ 5.5, 4.0, 7.0, 5.0 ] },
						"south": { "texture": "#devilstooth", "uv": [ 5.5, 1.5, 7.0, 2.5 ] },
						"west": { "texture": "#devilstooth", "uv": [ 4.5, 0.5, 6.0, 1.5 ] },
						"up": { "texture": "#devilstooth", "uv": [ 5.5, 5.5, 7.0, 7.0 ] },
						"down": { "texture": "#devilstooth", "uv": [ 4.0, 7.0, 5.5, 8.5 ] }
					}
				},
				{
					"name": "small13",
					"from": [ -3.1, -4.0, 2.6 ],
					"to": [ -2.1, -3.5, 3.6 ],
					"rotationOrigin": [ -2.7, -4.0, 3.1 ],
					"rotationY": 69.0,
					"faces": {
						"north": { "texture": "#devilstooth", "uv": [ 5.5, 5.0, 6.5, 5.5 ] },
						"east": { "texture": "#devilstooth", "uv": [ 5.5, 4.0, 6.5, 4.5 ] },
						"south": { "texture": "#devilstooth", "uv": [ 5.5, 1.5, 6.5, 2.0 ] },
						"west": { "texture": "#devilstooth", "uv": [ 4.5, 0.5, 5.5, 1.0 ] },
						"up": { "texture": "#devilstooth", "uv": [ 5.5, 5.5, 6.5, 6.5 ] },
						"down": { "texture": "#devilstooth", "uv": [ 4.0, 7.0, 5.0, 8.0 ] }
					}
				},
				{
					"name": "medium",
					"from": [ -4.0, -3.1, -3.0 ],
					"to": [ -1.0, -1.6, 0.0 ],
					"rotationOrigin": [ -2.5, -3.1, -1.5 ],
					"rotationY": 33.0,
					"faces": {
						"north": { "texture": "#devilstooth", "uv": [ 12.0, 12.5, 15.0, 14.0 ] },
						"east": { "texture": "#devilstooth", "uv": [ 9.5, 12.0, 12.5, 13.5 ] },
						"south": { "texture": "#devilstooth", "uv": [ 9.5, 12.5, 12.5, 14.0 ] },
						"west": { "texture": "#devilstooth", "uv": [ 9.0, 11.0, 12.0, 12.5 ] },
						"up": { "texture": "#devilstooth", "uv": [ 11.0, 10.0, 14.0, 13.0 ] },
						"down": { "texture": "#devilstooth", "uv": [ 11.5, 11.0, 14.5, 14.0 ] }
					},
					"children": [
						{
							"name": "Cube8",
							"from": [ 0.2, 1.5, 0.2 ],
							"to": [ 2.7, 2.0, 2.7 ],
							"rotationOrigin": [ 1.4, 1.5, 1.4 ],
							"faces": {
								"north": { "texture": "#devilstooth", "uv": [ 3.0, 12.0, 5.5, 12.5 ] },
								"east": { "texture": "#devilstooth", "uv": [ 3.5, 13.5, 6.0, 14.0 ] },
								"south": { "texture": "#devilstooth", "uv": [ 3.0, 10.5, 5.5, 11.0 ] },
								"west": { "texture": "#devilstooth", "uv": [ 3.0, 13.5, 5.5, 14.0 ] },
								"up": { "texture": "#devilstooth", "uv": [ 4.0, 8.5, 6.5, 11.0 ] }
							}
						}
					]
				},
				{
					"name": "medium9",
					"from": [ 1.0, -8.0, 2.0 ],
					"to": [ 4.0, -6.5, 5.0 ],
					"rotationOrigin": [ 2.5, -8.0, 3.5 ],
					"rotationY": -8.0,
					"faces": {
						"north": { "texture": "#devilstooth", "uv": [ 12.0, 12.5, 15.0, 14.0 ] },
						"east": { "texture": "#devilstooth", "uv": [ 9.5, 12.0, 12.5, 13.5 ] },
						"south": { "texture": "#devilstooth", "uv": [ 9.5, 12.5, 12.5, 14.0 ] },
						"west": { "texture": "#devilstooth", "uv": [ 9.0, 11.0, 12.0, 12.5 ] },
						"up": { "texture": "#devilstooth", "uv": [ 11.0, 10.0, 14.0, 13.0 ] },
						"down": { "texture": "#devilstooth", "uv": [ 11.5, 11.0, 14.5, 14.0 ] }
					},
					"children": [
						{
							"name": "Cube10",
							"from": [ 0.2, 1.5, 0.2 ],
							"to": [ 2.7, 2.0, 2.7 ],
							"rotationOrigin": [ 1.4, 1.5, 1.4 ],
							"faces": {
								"north": { "texture": "#devilstooth", "uv": [ 3.0, 12.0, 5.5, 12.5 ] },
								"east": { "texture": "#devilstooth", "uv": [ 3.5, 13.5, 6.0, 14.0 ] },
								"south": { "texture": "#devilstooth", "uv": [ 3.0, 10.5, 5.5, 11.0 ] },
								"west": { "texture": "#devilstooth", "uv": [ 3.0, 13.5, 5.5, 14.0 ] },
								"up": { "texture": "#devilstooth", "uv": [ 4.0, 8.5, 6.5, 11.0 ] }
							}
						}
					]
				},
				{
					"name": "Cube13",
					"from": [ 1.0, -1.0, -1.2 ],
					"to": [ 3.5, 0.5, 1.3 ],
					"rotationOrigin": [ 2.2, -1.0, 0.0 ],
					"rotationY": 36.0,
					"faces": {
						"north": { "texture": "#devilstooth", "uv": [ 4.0, 5.0, 6.5, 6.5 ] },
						"east": { "texture": "#devilstooth", "uv": [ 2.0, 11.5, 4.5, 13.0 ] },
						"south": { "texture": "#devilstooth", "uv": [ 7.0, 4.5, 9.5, 6.0 ] },
						"west": { "texture": "#devilstooth", "uv": [ 2.0, 6.5, 4.5, 8.0 ] },
						"up": { "texture": "#devilstooth", "uv": [ 4.0, 12.5, 6.5, 15.0 ] },
						"down": { "texture": "#devilstooth", "uv": [ 5.0, 7.0, 7.5, 9.5 ] }
					}
				}
			]
		}
	]}