{
	"editor": {
		"allAngles": true,
		"entityTextureMode": false
	},
	"textureWidth": 16,
	"textureHeight": 16,
	"textureSizes": {
	},
	"textures": {
		"dryadsaddle": "game:block/plant/mushroom/dryadsaddle/dryadsaddle",
		"linen": "item/food/growbag/ungrown"
	},
	"elements": [
		{
			"name": "floor",
			"from": [ 4.0, 0.0, 6.0 ],
			"to": [ 12.0, 8.0, 10.0 ],
			"rotationOrigin": [ -2.0, -1.0, 0.0 ],
			"faces": {
				"north": { "texture": "#linen", "uv": [ 3.0, 4.5, 11.0, 12.5 ] },
				"east": { "texture": "#linen", "uv": [ 5.0, 3.0, 9.0, 11.0 ] },
				"south": { "texture": "#linen", "uv": [ 2.0, 6.0, 10.0, 14.0 ] },
				"west": { "texture": "#linen", "uv": [ 6.0, 5.0, 10.0, 13.0 ] },
				"up": { "texture": "#linen", "uv": [ 5.5, 4.0, 13.5, 8.0 ] },
				"down": { "texture": "#linen", "uv": [ 2.0, 5.0, 10.0, 9.0 ] }
			},
			"children": [
				{
					"name": "N",
					"from": [ 0.0, 0.0, -1.0 ],
					"to": [ 8.0, 6.0, 0.0 ],
					"faces": {
						"north": { "texture": "#linen", "uv": [ 6.0, 9.5, 14.0, 15.5 ] },
						"east": { "texture": "#linen", "uv": [ 4.0, 10.0, 5.0, 16.0 ] },
						"west": { "texture": "#linen", "uv": [ 6.0, 9.5, 7.0, 15.5 ] },
						"up": { "texture": "#linen", "uv": [ 4.0, 5.0, 12.0, 6.0 ] },
						"down": { "texture": "#linen", "uv": [ 3.0, 15.0, 11.0, 16.0 ] }
					}
				},
				{
					"name": "S",
					"from": [ 0.0, 0.0, 4.0 ],
					"to": [ 8.0, 6.0, 5.0 ],
					"faces": {
						"east": { "texture": "#linen", "uv": [ 5.5, 10.0, 6.5, 16.0 ] },
						"south": { "texture": "#linen", "uv": [ 4.0, 10.0, 12.0, 16.0 ] },
						"west": { "texture": "#linen", "uv": [ 6.0, 10.0, 7.0, 16.0 ] },
						"up": { "texture": "#linen", "uv": [ 2.0, 6.0, 10.0, 7.0 ] },
						"down": { "texture": "#linen", "uv": [ 3.0, 15.0, 11.0, 16.0 ] }
					}
				},
				{
					"name": "W",
					"from": [ -1.0, 0.0, 0.0 ],
					"to": [ 0.0, 6.0, 4.0 ],
					"faces": {
						"north": { "texture": "#linen", "uv": [ 11.5, 9.5, 12.5, 15.5 ] },
						"south": { "texture": "#linen", "uv": [ 7.0, 10.0, 8.0, 16.0 ] },
						"west": { "texture": "#linen", "uv": [ 4.5, 10.0, 8.5, 16.0 ] },
						"up": { "texture": "#linen", "uv": [ 9.0, 3.0, 10.0, 7.0 ] },
						"down": { "texture": "#linen", "uv": [ 4.0, 15.0, 8.0, 16.0 ], "rotation": 90 }
					}
				},
				{
					"name": "E",
					"from": [ 8.0, 0.0, 0.0 ],
					"to": [ 9.0, 6.0, 4.0 ],
					"rotationOrigin": [ 4.0, 0.0, 0.0 ],
					"faces": {
						"north": { "texture": "#linen", "uv": [ 10.0, 10.0, 11.0, 16.0 ] },
						"east": { "texture": "#linen", "uv": [ 8.5, 9.5, 12.5, 15.5 ] },
						"south": { "texture": "#linen", "uv": [ 8.0, 10.0, 9.0, 16.0 ] },
						"up": { "texture": "#linen", "uv": [ 8.0, 2.0, 9.0, 6.0 ] },
						"down": { "texture": "#linen", "uv": [ 2.0, 15.0, 6.0, 16.0 ], "rotation": 90 }
					}
				}
			]
		},
		{
			"name": "origin",
			"from": [ 8.0, 0.0, 18.0 ],
			"to": [ 8.0, 0.0, 18.0 ],
			"rotationOrigin": [ 8.0, 0.0, 18.0 ],
			"rotationY": 180.0,
			"faces": {
			},
			"children": [
				{
					"name": "Cube18",
					"from": [ -1.3, 5.5, 7.5 ],
					"to": [ 0.7, 7.5, 9.5 ],
					"rotationOrigin": [ -0.1, 5.6, 8.5 ],
					"rotationX": 138.0,
					"rotationY": -89.9,
					"rotationZ": -174.0,
					"faces": {
						"north": { "texture": "#dryadsaddle", "uv": [ 8.5, 8.5, 10.5, 10.5 ] },
						"east": { "texture": "#dryadsaddle", "uv": [ 9.0, 9.0, 11.0, 11.0 ] },
						"south": { "texture": "#dryadsaddle", "uv": [ 8.5, 9.5, 10.5, 11.5 ] },
						"west": { "texture": "#dryadsaddle", "uv": [ 10.0, 9.0, 12.0, 11.0 ] },
						"down": { "texture": "#dryadsaddle", "uv": [ 11.5, 8.5, 13.5, 10.5 ] }
					},
					"children": [
						{
							"name": "cap19",
							"from": [ -1.0, 1.0, -0.5 ],
							"to": [ 2.0, 2.0, 2.5 ],
							"rotationOrigin": [ 2.0, 1.0, 1.0 ],
							"rotationZ": -15.0,
							"faces": {
								"north": { "texture": "#dryadsaddle", "uv": [ 8.5, 3.0, 11.5, 4.0 ] },
								"east": { "texture": "#dryadsaddle", "uv": [ 8.5, 2.5, 11.5, 3.5 ] },
								"south": { "texture": "#dryadsaddle", "uv": [ 9.0, 2.0, 12.0, 3.0 ] },
								"west": { "texture": "#dryadsaddle", "uv": [ 8.5, 3.0, 11.5, 4.0 ] },
								"up": { "texture": "#dryadsaddle", "uv": [ 7.5, 0.0, 10.5, 3.0 ] },
								"down": { "texture": "#dryadsaddle", "uv": [ 0.0, 9.0, 3.0, 12.0 ] }
							},
							"children": [
								{
									"name": "n20",
									"from": [ 1.0, 0.0, -1.0 ],
									"to": [ 3.0, 1.0, 0.0 ],
									"rotationOrigin": [ 1.0, 0.0, -1.0 ],
									"faces": {
										"north": { "texture": "#dryadsaddle", "uv": [ 12.0, 4.5, 14.0, 5.5 ] },
										"east": { "texture": "#dryadsaddle", "uv": [ 8.0, 2.0, 9.0, 3.0 ] },
										"west": { "texture": "#dryadsaddle", "uv": [ 13.5, 1.5, 14.5, 2.5 ] },
										"up": { "texture": "#dryadsaddle", "uv": [ 10.0, 3.5, 12.0, 4.5 ] },
										"down": { "texture": "#dryadsaddle", "uv": [ 1.0, 8.0, 3.0, 9.0 ] }
									}
								},
								{
									"name": "s21",
									"from": [ 1.0, 0.0, 3.0 ],
									"to": [ 3.0, 1.0, 4.0 ],
									"rotationOrigin": [ 1.0, 0.0, -1.0 ],
									"faces": {
										"east": { "texture": "#dryadsaddle", "uv": [ 9.0, 2.0, 10.0, 3.0 ] },
										"south": { "texture": "#dryadsaddle", "uv": [ 10.5, 6.0, 12.5, 7.0 ] },
										"west": { "texture": "#dryadsaddle", "uv": [ 10.5, 1.5, 11.5, 2.5 ] },
										"up": { "texture": "#dryadsaddle", "uv": [ 10.5, 6.0, 12.5, 7.0 ] },
										"down": { "texture": "#dryadsaddle", "uv": [ 1.5, 9.5, 3.5, 10.5 ] }
									}
								}
							]
						}
					]
				},
				{
					"name": "caplarge15",
					"from": [ 0.5, 3.0, 3.2 ],
					"to": [ 5.5, 4.0, 8.2 ],
					"rotationOrigin": [ 3.0, 3.0, 8.2 ],
					"rotationX": -14.0,
					"rotationZ": -14.0,
					"faces": {
						"north": { "texture": "#dryadsaddle", "uv": [ 0.0, 1.5, 5.0, 2.5 ] },
						"east": { "texture": "#dryadsaddle", "uv": [ 0.5, 2.0, 5.5, 3.0 ] },
						"south": { "texture": "#dryadsaddle", "uv": [ 0.5, 5.0, 5.5, 6.0 ] },
						"west": { "texture": "#dryadsaddle", "uv": [ 0.0, 3.0, 5.0, 4.0 ] },
						"up": { "texture": "#dryadsaddle", "uv": [ 1.0, 1.0, 6.0, 6.0 ] },
						"down": { "texture": "#dryadsaddle", "uv": [ 9.0, 8.0, 14.0, 13.0 ] }
					},
					"children": [
						{
							"name": "e16",
							"from": [ 5.0, 0.0, 1.0 ],
							"to": [ 6.0, 1.0, 5.0 ],
							"rotationOrigin": [ 5.0, 0.0, 1.0 ],
							"faces": {
								"north": { "texture": "#dryadsaddle", "uv": [ 0.0, 0.0, 1.0, 1.0 ] },
								"east": { "texture": "#dryadsaddle", "uv": [ 0.0, 0.0, 4.0, 1.0 ] },
								"south": { "texture": "#dryadsaddle", "uv": [ 0.0, 0.0, 1.0, 1.0 ] },
								"up": { "texture": "#dryadsaddle", "uv": [ 0.0, 0.0, 1.0, 4.0 ] },
								"down": { "texture": "#dryadsaddle", "uv": [ 11.0, 8.0, 12.0, 12.0 ] }
							}
						},
						{
							"name": "w17",
							"from": [ -1.0, 0.0, 1.0 ],
							"to": [ 0.0, 1.0, 5.0 ],
							"rotationOrigin": [ 0.0, 0.0, 1.0 ],
							"faces": {
								"north": { "texture": "#dryadsaddle", "uv": [ 7.5, 2.5, 8.5, 3.5 ] },
								"south": { "texture": "#dryadsaddle", "uv": [ 10.0, 3.5, 11.0, 4.5 ] },
								"west": { "texture": "#dryadsaddle", "uv": [ 3.0, 2.5, 7.0, 3.5 ] },
								"up": { "texture": "#dryadsaddle", "uv": [ 2.0, 0.5, 3.0, 4.5 ] },
								"down": { "texture": "#dryadsaddle", "uv": [ 11.0, 9.5, 12.0, 13.5 ] }
							}
						}
					]
				},
				{
					"name": "stalksmall",
					"from": [ 3.9, 5.8, 7.0 ],
					"to": [ 5.9, 7.8, 9.0 ],
					"rotationOrigin": [ 4.9, 6.8, 8.0 ],
					"rotationX": -78.0,
					"rotationY": -22.5,
					"rotationZ": -67.5,
					"faces": {
						"north": { "texture": "#dryadsaddle", "uv": [ 2.5, 8.5, 4.5, 10.5 ] },
						"east": { "texture": "#dryadsaddle", "uv": [ 1.5, 9.5, 3.5, 11.5 ] },
						"south": { "texture": "#dryadsaddle", "uv": [ 3.0, 9.5, 5.0, 11.5 ] },
						"west": { "texture": "#dryadsaddle", "uv": [ 1.5, 11.0, 3.5, 13.0 ] },
						"down": { "texture": "#dryadsaddle", "uv": [ 2.5, 9.0, 4.5, 11.0 ] }
					},
					"children": [
						{
							"name": "cap small",
							"from": [ -1.0, 0.9, -2.0 ],
							"to": [ 3.0, 1.9, 2.0 ],
							"rotationOrigin": [ 1.0, 0.9, 2.0 ],
							"rotationX": 28.0,
							"faces": {
								"north": { "texture": "#dryadsaddle", "uv": [ 10.5, 3.0, 14.5, 4.0 ] },
								"east": { "texture": "#dryadsaddle", "uv": [ 9.0, 5.0, 13.0, 6.0 ] },
								"south": { "texture": "#dryadsaddle", "uv": [ 8.5, 4.0, 12.5, 5.0 ] },
								"west": { "texture": "#dryadsaddle", "uv": [ 10.0, 3.5, 14.0, 4.5 ] },
								"up": { "texture": "#dryadsaddle", "uv": [ 11.0, 3.0, 15.0, 7.0 ] },
								"down": { "texture": "#dryadsaddle", "uv": [ 2.0, 10.0, 6.0, 14.0 ] }
							},
							"children": [
								{
									"name": "w1",
									"from": [ -1.0, 0.0, 1.0 ],
									"to": [ 0.0, 1.0, 4.0 ],
									"rotationOrigin": [ -1.0, 0.0, 1.0 ],
									"faces": {
										"north": { "texture": "#dryadsaddle", "uv": [ 4.0, 4.0, 5.0, 5.0 ] },
										"south": { "texture": "#dryadsaddle", "uv": [ 4.0, 3.5, 5.0, 4.5 ] },
										"west": { "texture": "#dryadsaddle", "uv": [ 1.5, 3.0, 4.5, 4.0 ] },
										"up": { "texture": "#dryadsaddle", "uv": [ 4.0, 2.5, 5.0, 5.5 ] },
										"down": { "texture": "#dryadsaddle", "uv": [ 3.0, 9.5, 4.0, 12.5 ] }
									}
								},
								{
									"name": "e1",
									"from": [ 4.0, 0.0, 1.0 ],
									"to": [ 5.0, 1.0, 4.0 ],
									"rotationOrigin": [ 5.0, 0.0, 1.0 ],
									"faces": {
										"north": { "texture": "#dryadsaddle", "uv": [ 4.0, 4.0, 5.0, 5.0 ] },
										"east": { "texture": "#dryadsaddle", "uv": [ 3.0, 2.5, 6.0, 3.5 ] },
										"south": { "texture": "#dryadsaddle", "uv": [ 4.0, 3.5, 5.0, 4.5 ] },
										"up": { "texture": "#dryadsaddle", "uv": [ 2.5, 2.5, 3.5, 5.5 ] },
										"down": { "texture": "#dryadsaddle", "uv": [ 3.0, 9.5, 4.0, 12.5 ] }
									}
								}
							]
						}
					]
				},
				{
					"name": "capsmall19",
					"from": [ -3.5, 5.0, 5.2 ],
					"to": [ -0.5, 5.5, 8.2 ],
					"rotationOrigin": [ -2.0, 5.0, 8.2 ],
					"rotationX": -14.0,
					"rotationY": 1.0,
					"rotationZ": -8.0,
					"faces": {
						"north": { "texture": "#dryadsaddle", "uv": [ 0.0, 1.5, 3.0, 2.0 ] },
						"east": { "texture": "#dryadsaddle", "uv": [ 0.5, 2.0, 3.5, 2.5 ] },
						"south": { "texture": "#dryadsaddle", "uv": [ 0.5, 5.0, 3.5, 5.5 ] },
						"west": { "texture": "#dryadsaddle", "uv": [ 0.0, 3.0, 3.0, 3.5 ] },
						"up": { "texture": "#dryadsaddle", "uv": [ 1.0, 1.0, 4.0, 4.0 ] },
						"down": { "texture": "#dryadsaddle", "uv": [ 9.0, 8.0, 12.0, 11.0 ] }
					},
					"children": [
						{
							"name": "e20",
							"from": [ 3.0, 0.0, 1.0 ],
							"to": [ 3.5, 0.5, 3.0 ],
							"rotationOrigin": [ 3.0, 0.0, 1.0 ],
							"faces": {
								"north": { "texture": "#dryadsaddle", "uv": [ 0.0, 0.0, 0.5, 0.5 ] },
								"east": { "texture": "#dryadsaddle", "uv": [ 0.0, 0.0, 2.0, 0.5 ] },
								"south": { "texture": "#dryadsaddle", "uv": [ 0.0, 0.0, 0.5, 0.5 ] },
								"up": { "texture": "#dryadsaddle", "uv": [ 0.0, 0.0, 0.5, 2.0 ] },
								"down": { "texture": "#dryadsaddle", "uv": [ 11.0, 8.0, 11.5, 10.0 ] }
							}
						},
						{
							"name": "w21",
							"from": [ -0.5, 0.0, 1.0 ],
							"to": [ 0.0, 0.5, 3.0 ],
							"rotationOrigin": [ 0.0, 0.0, 1.0 ],
							"faces": {
								"north": { "texture": "#dryadsaddle", "uv": [ 7.5, 2.5, 8.0, 3.0 ] },
								"south": { "texture": "#dryadsaddle", "uv": [ 10.0, 3.5, 10.5, 4.0 ] },
								"west": { "texture": "#dryadsaddle", "uv": [ 3.0, 2.5, 5.0, 3.0 ] },
								"up": { "texture": "#dryadsaddle", "uv": [ 2.0, 0.5, 2.5, 2.5 ] },
								"down": { "texture": "#dryadsaddle", "uv": [ 11.0, 9.5, 11.5, 11.5 ] }
							}
						}
					]
				},
				{
					"name": "capsmall22",
					"from": [ -5.5, 1.0, 5.2 ],
					"to": [ -2.5, 1.5, 8.2 ],
					"rotationOrigin": [ -4.0, 1.0, 8.2 ],
					"rotationX": -14.0,
					"rotationY": 1.0,
					"rotationZ": -8.0,
					"faces": {
						"north": { "texture": "#dryadsaddle", "uv": [ 0.0, 1.5, 3.0, 2.0 ] },
						"east": { "texture": "#dryadsaddle", "uv": [ 0.5, 2.0, 3.5, 2.5 ] },
						"south": { "texture": "#dryadsaddle", "uv": [ 0.5, 5.0, 3.5, 5.5 ] },
						"west": { "texture": "#dryadsaddle", "uv": [ 0.0, 3.0, 3.0, 3.5 ] },
						"up": { "texture": "#dryadsaddle", "uv": [ 1.0, 1.0, 4.0, 4.0 ] },
						"down": { "texture": "#dryadsaddle", "uv": [ 9.0, 8.0, 12.0, 11.0 ] }
					},
					"children": [
						{
							"name": "e23",
							"from": [ 3.0, 0.0, 1.0 ],
							"to": [ 3.5, 0.5, 3.0 ],
							"rotationOrigin": [ 3.0, 0.0, 1.0 ],
							"faces": {
								"north": { "texture": "#dryadsaddle", "uv": [ 0.0, 0.0, 0.5, 0.5 ] },
								"east": { "texture": "#dryadsaddle", "uv": [ 0.0, 0.0, 2.0, 0.5 ] },
								"south": { "texture": "#dryadsaddle", "uv": [ 0.0, 0.0, 0.5, 0.5 ] },
								"up": { "texture": "#dryadsaddle", "uv": [ 0.0, 0.0, 0.5, 2.0 ] },
								"down": { "texture": "#dryadsaddle", "uv": [ 11.0, 8.0, 11.5, 10.0 ] }
							}
						},
						{
							"name": "w24",
							"from": [ -0.5, 0.0, 1.0 ],
							"to": [ 0.0, 0.5, 3.0 ],
							"rotationOrigin": [ 0.0, 0.0, 1.0 ],
							"faces": {
								"north": { "texture": "#dryadsaddle", "uv": [ 7.5, 2.5, 8.0, 3.0 ] },
								"south": { "texture": "#dryadsaddle", "uv": [ 10.0, 3.5, 10.5, 4.0 ] },
								"west": { "texture": "#dryadsaddle", "uv": [ 3.0, 2.5, 5.0, 3.0 ] },
								"up": { "texture": "#dryadsaddle", "uv": [ 2.0, 0.5, 2.5, 2.5 ] },
								"down": { "texture": "#dryadsaddle", "uv": [ 11.0, 9.5, 11.5, 11.5 ] }
							}
						}
					]
				},
				{
					"name": "capsmall25",
					"from": [ -1.5, 2.0, 5.2 ],
					"to": [ 1.5, 2.5, 8.2 ],
					"rotationOrigin": [ 0.0, 2.0, 8.2 ],
					"rotationX": -19.0,
					"rotationY": 1.0,
					"rotationZ": 11.0,
					"faces": {
						"north": { "texture": "#dryadsaddle", "uv": [ 0.0, 1.5, 3.0, 2.0 ] },
						"east": { "texture": "#dryadsaddle", "uv": [ 0.5, 2.0, 3.5, 2.5 ] },
						"south": { "texture": "#dryadsaddle", "uv": [ 0.5, 5.0, 3.5, 5.5 ] },
						"west": { "texture": "#dryadsaddle", "uv": [ 0.0, 3.0, 3.0, 3.5 ] },
						"up": { "texture": "#dryadsaddle", "uv": [ 1.0, 1.0, 4.0, 4.0 ] },
						"down": { "texture": "#dryadsaddle", "uv": [ 9.0, 8.0, 12.0, 11.0 ] }
					},
					"children": [
						{
							"name": "e26",
							"from": [ 3.0, 0.0, 1.0 ],
							"to": [ 3.5, 0.5, 3.0 ],
							"rotationOrigin": [ 3.0, 0.0, 1.0 ],
							"faces": {
								"north": { "texture": "#dryadsaddle", "uv": [ 0.0, 0.0, 0.5, 0.5 ] },
								"east": { "texture": "#dryadsaddle", "uv": [ 0.0, 0.0, 2.0, 0.5 ] },
								"south": { "texture": "#dryadsaddle", "uv": [ 0.0, 0.0, 0.5, 0.5 ] },
								"up": { "texture": "#dryadsaddle", "uv": [ 0.0, 0.0, 0.5, 2.0 ] },
								"down": { "texture": "#dryadsaddle", "uv": [ 11.0, 8.0, 11.5, 10.0 ] }
							}
						},
						{
							"name": "w27",
							"from": [ -0.5, 0.0, 1.0 ],
							"to": [ 0.0, 0.5, 3.0 ],
							"rotationOrigin": [ 0.0, 0.0, 1.0 ],
							"faces": {
								"north": { "texture": "#dryadsaddle", "uv": [ 7.5, 2.5, 8.0, 3.0 ] },
								"south": { "texture": "#dryadsaddle", "uv": [ 10.0, 3.5, 10.5, 4.0 ] },
								"west": { "texture": "#dryadsaddle", "uv": [ 3.0, 2.5, 5.0, 3.0 ] },
								"up": { "texture": "#dryadsaddle", "uv": [ 2.0, 0.5, 2.5, 2.5 ] },
								"down": { "texture": "#dryadsaddle", "uv": [ 11.0, 9.5, 11.5, 11.5 ] }
							}
						}
					]
				},
				{
					"name": "Cube28",
					"from": [ -6.3, 2.9, 8.5 ],
					"to": [ -4.3, 4.9, 10.5 ],
					"rotationOrigin": [ -5.1, 3.0, 9.5 ],
					"rotationX": 180.0,
					"rotationY": -180.0,
					"rotationZ": -150.0,
					"faces": {
						"north": { "texture": "#dryadsaddle", "uv": [ 8.5, 8.5, 10.5, 10.5 ] },
						"east": { "texture": "#dryadsaddle", "uv": [ 9.0, 9.0, 11.0, 11.0 ] },
						"south": { "texture": "#dryadsaddle", "uv": [ 8.5, 9.5, 10.5, 11.5 ] },
						"west": { "texture": "#dryadsaddle", "uv": [ 10.0, 9.0, 12.0, 11.0 ] },
						"down": { "texture": "#dryadsaddle", "uv": [ 11.5, 8.5, 13.5, 10.5 ] }
					},
					"children": [
						{
							"name": "cap29",
							"from": [ -1.0, 1.0, -0.5 ],
							"to": [ 2.0, 2.0, 2.5 ],
							"rotationOrigin": [ 2.0, 1.0, 1.0 ],
							"rotationZ": -15.0,
							"faces": {
								"north": { "texture": "#dryadsaddle", "uv": [ 8.5, 3.0, 11.5, 4.0 ] },
								"east": { "texture": "#dryadsaddle", "uv": [ 8.5, 2.5, 11.5, 3.5 ] },
								"south": { "texture": "#dryadsaddle", "uv": [ 9.0, 2.0, 12.0, 3.0 ] },
								"west": { "texture": "#dryadsaddle", "uv": [ 8.5, 3.0, 11.5, 4.0 ] },
								"up": { "texture": "#dryadsaddle", "uv": [ 7.5, 0.0, 10.5, 3.0 ] },
								"down": { "texture": "#dryadsaddle", "uv": [ 0.0, 9.0, 3.0, 12.0 ] }
							},
							"children": [
								{
									"name": "n30",
									"from": [ 1.0, 0.0, -1.0 ],
									"to": [ 3.0, 1.0, 0.0 ],
									"rotationOrigin": [ 1.0, 0.0, -1.0 ],
									"faces": {
										"north": { "texture": "#dryadsaddle", "uv": [ 12.0, 4.5, 14.0, 5.5 ] },
										"east": { "texture": "#dryadsaddle", "uv": [ 8.0, 2.0, 9.0, 3.0 ] },
										"west": { "texture": "#dryadsaddle", "uv": [ 13.5, 1.5, 14.5, 2.5 ] },
										"up": { "texture": "#dryadsaddle", "uv": [ 10.0, 3.5, 12.0, 4.5 ] },
										"down": { "texture": "#dryadsaddle", "uv": [ 1.0, 8.0, 3.0, 9.0 ] }
									}
								},
								{
									"name": "s31",
									"from": [ 1.0, 0.0, 3.0 ],
									"to": [ 3.0, 1.0, 4.0 ],
									"rotationOrigin": [ 1.0, 0.0, -1.0 ],
									"faces": {
										"east": { "texture": "#dryadsaddle", "uv": [ 9.0, 2.0, 10.0, 3.0 ] },
										"south": { "texture": "#dryadsaddle", "uv": [ 10.5, 6.0, 12.5, 7.0 ] },
										"west": { "texture": "#dryadsaddle", "uv": [ 10.5, 1.5, 11.5, 2.5 ] },
										"up": { "texture": "#dryadsaddle", "uv": [ 10.5, 6.0, 12.5, 7.0 ] },
										"down": { "texture": "#dryadsaddle", "uv": [ 1.5, 9.5, 3.5, 10.5 ] }
									}
								}
							]
						}
					]
				}
			]
		}
	]}