{
	"editor": {
		"allAngles": true,
		"entityTextureMode": false
	},
	"textureWidth": 16,
	"textureHeight": 16,
	"textureSizes": {
	},
	"textures": {
		"elfinsaddle": "game:block/plant/mushroom/elfinsaddle/elfinsaddle",
		"linen": "item/food/growbag/ungrown"
	},
	"elements": [
		{
			"name": "floor",
			"from": [ 4.0, 0.0, 6.0 ],
			"to": [ 12.0, 8.0, 10.0 ],
			"rotationOrigin": [ -2.0, -1.0, 0.0 ],
			"faces": {
				"north": { "texture": "#linen", "uv": [ 3.0, 4.5, 11.0, 12.5 ] },
				"east": { "texture": "#linen", "uv": [ 5.0, 3.0, 9.0, 11.0 ] },
				"south": { "texture": "#linen", "uv": [ 2.0, 6.0, 10.0, 14.0 ] },
				"west": { "texture": "#linen", "uv": [ 6.0, 5.0, 10.0, 13.0 ] },
				"up": { "texture": "#linen", "uv": [ 5.5, 4.0, 13.5, 8.0 ] },
				"down": { "texture": "#linen", "uv": [ 2.0, 5.0, 10.0, 9.0 ] }
			},
			"children": [
				{
					"name": "N",
					"from": [ 0.0, 0.0, -1.0 ],
					"to": [ 8.0, 6.0, 0.0 ],
					"faces": {
						"north": { "texture": "#linen", "uv": [ 6.0, 9.5, 14.0, 15.5 ] },
						"east": { "texture": "#linen", "uv": [ 4.0, 10.0, 5.0, 16.0 ] },
						"west": { "texture": "#linen", "uv": [ 6.0, 9.5, 7.0, 15.5 ] },
						"up": { "texture": "#linen", "uv": [ 4.0, 5.0, 12.0, 6.0 ] },
						"down": { "texture": "#linen", "uv": [ 3.0, 15.0, 11.0, 16.0 ] }
					}
				},
				{
					"name": "S",
					"from": [ 0.0, 0.0, 4.0 ],
					"to": [ 8.0, 6.0, 5.0 ],
					"faces": {
						"east": { "texture": "#linen", "uv": [ 5.5, 10.0, 6.5, 16.0 ] },
						"south": { "texture": "#linen", "uv": [ 4.0, 10.0, 12.0, 16.0 ] },
						"west": { "texture": "#linen", "uv": [ 6.0, 10.0, 7.0, 16.0 ] },
						"up": { "texture": "#linen", "uv": [ 2.0, 6.0, 10.0, 7.0 ] },
						"down": { "texture": "#linen", "uv": [ 3.0, 15.0, 11.0, 16.0 ] }
					}
				},
				{
					"name": "W",
					"from": [ -1.0, 0.0, 0.0 ],
					"to": [ 0.0, 6.0, 4.0 ],
					"faces": {
						"north": { "texture": "#linen", "uv": [ 11.5, 9.5, 12.5, 15.5 ] },
						"south": { "texture": "#linen", "uv": [ 7.0, 10.0, 8.0, 16.0 ] },
						"west": { "texture": "#linen", "uv": [ 4.5, 10.0, 8.5, 16.0 ] },
						"up": { "texture": "#linen", "uv": [ 9.0, 3.0, 10.0, 7.0 ] },
						"down": { "texture": "#linen", "uv": [ 4.0, 15.0, 8.0, 16.0 ], "rotation": 90 }
					}
				},
				{
					"name": "E",
					"from": [ 8.0, 0.0, 0.0 ],
					"to": [ 9.0, 6.0, 4.0 ],
					"rotationOrigin": [ 4.0, 0.0, 0.0 ],
					"faces": {
						"north": { "texture": "#linen", "uv": [ 10.0, 10.0, 11.0, 16.0 ] },
						"east": { "texture": "#linen", "uv": [ 8.5, 9.5, 12.5, 15.5 ] },
						"south": { "texture": "#linen", "uv": [ 8.0, 10.0, 9.0, 16.0 ] },
						"up": { "texture": "#linen", "uv": [ 8.0, 2.0, 9.0, 6.0 ] },
						"down": { "texture": "#linen", "uv": [ 2.0, 15.0, 6.0, 16.0 ], "rotation": 90 }
					}
				}
			]
		},
		{
			"name": "origin",
			"from": [ 8.0, 0.0, 8.0 ],
			"to": [ 8.0, 0.0, 8.0 ],
			"rotationOrigin": [ 8.0, 0.0, 8.0 ],
			"faces": {
			},
			"children": [
				{
					"name": "stem1",
					"from": [ -3.1, 4.7, 2.5 ],
					"to": [ -2.1, 6.7, 3.5 ],
					"rotationOrigin": [ -2.6, 4.8, 3.0 ],
					"rotationX": 33.0,
					"rotationY": 28.0,
					"rotationZ": -6.0,
					"faces": {
						"north": { "texture": "#elfinsaddle", "uv": [ 3.0, 14.0, 4.0, 16.0 ] },
						"east": { "texture": "#elfinsaddle", "uv": [ 4.0, 13.0, 5.0, 15.0 ] },
						"south": { "texture": "#elfinsaddle", "uv": [ 3.5, 13.5, 4.5, 15.5 ] },
						"west": { "texture": "#elfinsaddle", "uv": [ 4.0, 13.5, 5.0, 15.5 ] },
						"down": { "texture": "#elfinsaddle", "uv": [ 3.5, 15.0, 4.5, 16.0 ] }
					},
					"children": [
						{
							"name": "cap1",
							"from": [ -0.5, 1.8, -0.5 ],
							"to": [ 1.5, 3.8, 1.5 ],
							"rotationOrigin": [ 0.5, 1.8, 0.5 ],
							"rotationY": 19.0,
							"rotationZ": 8.0,
							"faces": {
								"north": { "texture": "#elfinsaddle", "uv": [ 7.5, 1.5, 9.5, 3.5 ] },
								"east": { "texture": "#elfinsaddle", "uv": [ 6.0, 4.5, 8.0, 6.5 ] },
								"south": { "texture": "#elfinsaddle", "uv": [ 7.5, 3.5, 9.5, 5.5 ] },
								"west": { "texture": "#elfinsaddle", "uv": [ 7.0, 5.0, 9.0, 7.0 ] },
								"up": { "texture": "#elfinsaddle", "uv": [ 8.0, 4.5, 10.0, 6.5 ] },
								"down": { "texture": "#elfinsaddle", "uv": [ 7.5, 4.5, 9.5, 6.5 ] }
							},
							"children": [
								{
									"name": "tip1",
									"from": [ 0.7, 1.5, -0.2 ],
									"to": [ 2.1, 2.5, 1.2 ],
									"rotationOrigin": [ 1.0, 2.0, 1.0 ],
									"faces": {
										"north": { "texture": "#elfinsaddle", "uv": [ 8.0, 1.5, 9.0, 2.5 ] },
										"east": { "texture": "#elfinsaddle", "uv": [ 7.5, 0.0, 8.5, 1.0 ] },
										"south": { "texture": "#elfinsaddle", "uv": [ 8.5, 3.0, 9.5, 4.0 ] },
										"west": { "texture": "#elfinsaddle", "uv": [ 7.5, 6.0, 8.5, 7.0 ] },
										"up": { "texture": "#elfinsaddle", "uv": [ 9.5, 4.5, 10.5, 5.5 ] },
										"down": { "texture": "#elfinsaddle", "uv": [ 5.5, 2.0, 6.5, 3.0 ] }
									}
								},
								{
									"name": "tip27",
									"from": [ -0.5, -0.2, 0.9 ],
									"to": [ 0.9, 1.3, 2.3 ],
									"rotationOrigin": [ 0.0, 1.0, 1.0 ],
									"faces": {
										"north": { "texture": "#elfinsaddle", "uv": [ 8.0, 1.5, 9.0, 3.0 ] },
										"east": { "texture": "#elfinsaddle", "uv": [ 7.5, 0.0, 8.5, 1.5 ] },
										"south": { "texture": "#elfinsaddle", "uv": [ 8.5, 3.0, 9.5, 4.5 ] },
										"west": { "texture": "#elfinsaddle", "uv": [ 7.5, 6.0, 8.5, 7.5 ] },
										"up": { "texture": "#elfinsaddle", "uv": [ 8.5, 4.5, 9.5, 5.5 ] },
										"down": { "texture": "#elfinsaddle", "uv": [ 7.5, 1.5, 8.5, 2.5 ] }
									}
								}
							]
						}
					]
				},
				{
					"name": "stem8",
					"from": [ 2.5, 7.8, 0.5 ],
					"to": [ 3.5, 8.8, 1.5 ],
					"rotationOrigin": [ 3.0, 7.9, 1.0 ],
					"rotationY": -42.0,
					"rotationZ": -14.0,
					"faces": {
						"north": { "texture": "#elfinsaddle", "uv": [ 2.5, 14.0, 3.5, 15.0 ] },
						"east": { "texture": "#elfinsaddle", "uv": [ 4.0, 13.5, 5.0, 14.5 ] },
						"south": { "texture": "#elfinsaddle", "uv": [ 4.0, 14.0, 5.0, 15.0 ] },
						"west": { "texture": "#elfinsaddle", "uv": [ 3.0, 13.0, 4.0, 14.0 ] },
						"down": { "texture": "#elfinsaddle", "uv": [ 2.5, 15.0, 3.5, 16.0 ] }
					},
					"children": [
						{
							"name": "cap9",
							"from": [ -0.8, 0.8, -0.8 ],
							"to": [ 1.7, 2.8, 1.7 ],
							"rotationOrigin": [ 0.5, 0.8, 0.5 ],
							"rotationX": -14.0,
							"rotationZ": 19.0,
							"faces": {
								"north": { "texture": "#elfinsaddle", "uv": [ 12.0, 3.5, 14.5, 5.5 ] },
								"east": { "texture": "#elfinsaddle", "uv": [ 11.5, 1.5, 14.0, 3.5 ] },
								"south": { "texture": "#elfinsaddle", "uv": [ 11.5, 3.5, 14.0, 5.5 ] },
								"west": { "texture": "#elfinsaddle", "uv": [ 12.0, 4.5, 14.5, 6.5 ] },
								"up": { "texture": "#elfinsaddle", "uv": [ 10.5, 4.5, 13.0, 7.0 ] },
								"down": { "texture": "#elfinsaddle", "uv": [ 11.5, 4.0, 14.0, 6.5 ] }
							},
							"children": [
								{
									"name": "Cube1",
									"from": [ -0.2, 0.4, -0.3 ],
									"to": [ 1.8, 2.4, 1.7 ],
									"rotationOrigin": [ 0.0, 0.4, 0.0 ],
									"faces": {
										"north": { "texture": "#elfinsaddle", "uv": [ 11.5, 4.5, 13.5, 6.5 ] },
										"east": { "texture": "#elfinsaddle", "uv": [ 12.0, 3.0, 14.0, 5.0 ] },
										"south": { "texture": "#elfinsaddle", "uv": [ 11.0, 3.5, 13.0, 5.5 ] },
										"west": { "texture": "#elfinsaddle", "uv": [ 13.0, 2.5, 15.0, 4.5 ] },
										"up": { "texture": "#elfinsaddle", "uv": [ 11.5, 3.5, 13.5, 5.5 ] },
										"down": { "texture": "#elfinsaddle", "uv": [ 12.0, 2.0, 14.0, 4.0 ] }
									}
								},
								{
									"name": "Cube29",
									"from": [ 1.2, 0.5, 1.2 ],
									"to": [ 2.7, 2.6, 2.7 ],
									"rotationOrigin": [ 2.0, 1.4, 0.0 ],
									"faces": {
										"north": { "texture": "#elfinsaddle", "uv": [ 11.5, 4.5, 13.0, 6.5 ] },
										"east": { "texture": "#elfinsaddle", "uv": [ 12.0, 3.0, 13.5, 5.0 ] },
										"south": { "texture": "#elfinsaddle", "uv": [ 11.0, 3.5, 12.5, 5.5 ] },
										"west": { "texture": "#elfinsaddle", "uv": [ 13.0, 2.5, 14.5, 4.5 ] },
										"up": { "texture": "#elfinsaddle", "uv": [ 11.5, 3.5, 13.0, 5.0 ] },
										"down": { "texture": "#elfinsaddle", "uv": [ 12.0, 2.0, 13.5, 3.5 ] }
									}
								}
							]
						}
					]
				},
				{
					"name": "stem10",
					"from": [ -2.5, -0.2, -2.5 ],
					"to": [ -1.5, 1.3, -1.5 ],
					"rotationOrigin": [ -2.0, -0.1, -2.0 ],
					"rotationY": 3.0,
					"rotationZ": 6.0,
					"faces": {
						"north": { "texture": "#elfinsaddle", "uv": [ 3.5, 3.5, 4.5, 5.0 ] },
						"east": { "texture": "#elfinsaddle", "uv": [ 2.0, 4.5, 3.0, 6.0 ] },
						"south": { "texture": "#elfinsaddle", "uv": [ 3.0, 5.5, 4.0, 7.0 ] },
						"west": { "texture": "#elfinsaddle", "uv": [ 3.0, 3.5, 4.0, 5.0 ] },
						"down": { "texture": "#elfinsaddle", "uv": [ 2.5, 6.0, 3.5, 7.0 ] }
					},
					"children": [
						{
							"name": "cap11",
							"from": [ -0.5, 1.3, -1.5 ],
							"to": [ 1.5, 2.8, 0.5 ],
							"rotationOrigin": [ 0.5, 1.3, -0.5 ],
							"rotationX": -11.0,
							"rotationZ": 8.0,
							"faces": {
								"north": { "texture": "#elfinsaddle", "uv": [ 12.5, 4.5, 14.5, 6.0 ] },
								"east": { "texture": "#elfinsaddle", "uv": [ 12.5, 3.5, 14.5, 5.0 ] },
								"south": { "texture": "#elfinsaddle", "uv": [ 10.5, 3.0, 12.5, 4.5 ] },
								"west": { "texture": "#elfinsaddle", "uv": [ 12.5, 2.0, 14.5, 3.5 ] },
								"up": { "texture": "#elfinsaddle", "uv": [ 13.0, 0.0, 15.0, 2.0 ] },
								"down": { "texture": "#elfinsaddle", "uv": [ 11.5, 2.0, 13.5, 4.0 ] }
							},
							"children": [
								{
									"name": "tip12",
									"from": [ 0.5, 0.5, 0.5 ],
									"to": [ 2.5, 2.0, 2.5 ],
									"rotationOrigin": [ 1.0, 1.5, 1.0 ],
									"faces": {
										"north": { "texture": "#elfinsaddle", "uv": [ 13.0, 5.5, 15.0, 7.0 ] },
										"east": { "texture": "#elfinsaddle", "uv": [ 13.0, 0.5, 15.0, 2.0 ] },
										"south": { "texture": "#elfinsaddle", "uv": [ 11.0, 5.5, 13.0, 7.0 ] },
										"west": { "texture": "#elfinsaddle", "uv": [ 12.5, 3.0, 14.5, 4.5 ] },
										"up": { "texture": "#elfinsaddle", "uv": [ 12.0, 3.0, 14.0, 5.0 ] },
										"down": { "texture": "#elfinsaddle", "uv": [ 13.0, 2.5, 15.0, 4.5 ] }
									}
								}
							]
						}
					]
				},
				{
					"name": "stem16",
					"from": [ 0.5, -0.2, 1.5 ],
					"to": [ 1.5, 0.8, 2.5 ],
					"rotationOrigin": [ 1.0, -0.1, 2.0 ],
					"rotationX": -6.0,
					"rotationY": 17.0,
					"rotationZ": 3.0,
					"faces": {
						"north": { "texture": "#elfinsaddle", "uv": [ 0.5, 15.0, 1.5, 16.0 ] },
						"east": { "texture": "#elfinsaddle", "uv": [ 0.5, 14.5, 1.5, 15.5 ] },
						"south": { "texture": "#elfinsaddle", "uv": [ 0.5, 14.0, 1.5, 15.0 ] },
						"west": { "texture": "#elfinsaddle", "uv": [ 0.5, 13.5, 1.5, 14.5 ] },
						"down": { "texture": "#elfinsaddle", "uv": [ 0.0, 11.5, 1.0, 12.5 ] }
					},
					"children": [
						{
							"name": "cap17",
							"from": [ -0.5, 3.6, 1.5 ],
							"to": [ 1.5, 4.6, 3.5 ],
							"rotationOrigin": [ 0.5, 3.6, 2.5 ],
							"rotationX": 8.0,
							"rotationY": 17.0,
							"faces": {
								"north": { "texture": "#elfinsaddle", "uv": [ 10.5, 8.5, 12.5, 9.5 ] },
								"east": { "texture": "#elfinsaddle", "uv": [ 12.5, 13.5, 14.5, 14.5 ] },
								"south": { "texture": "#elfinsaddle", "uv": [ 13.0, 11.5, 15.0, 12.5 ] },
								"west": { "texture": "#elfinsaddle", "uv": [ 11.0, 9.5, 13.0, 10.5 ] },
								"up": { "texture": "#elfinsaddle", "uv": [ 12.5, 9.0, 14.5, 11.0 ] },
								"down": { "texture": "#elfinsaddle", "uv": [ 11.0, 9.0, 13.0, 11.0 ] }
							},
							"children": [
								{
									"name": "tip18",
									"from": [ 0.7, 0.4, 0.7 ],
									"to": [ 2.2, 1.4, 2.2 ],
									"rotationOrigin": [ 1.0, 1.0, 1.0 ],
									"faces": {
										"north": { "texture": "#elfinsaddle", "uv": [ 11.0, 12.5, 12.5, 13.5 ] },
										"east": { "texture": "#elfinsaddle", "uv": [ 12.5, 10.0, 14.0, 11.0 ] },
										"south": { "texture": "#elfinsaddle", "uv": [ 11.5, 10.0, 13.0, 11.0 ] },
										"west": { "texture": "#elfinsaddle", "uv": [ 14.0, 14.5, 15.5, 15.5 ] },
										"up": { "texture": "#elfinsaddle", "uv": [ 13.0, 11.5, 14.5, 13.0 ] },
										"down": { "texture": "#elfinsaddle", "uv": [ 11.5, 9.5, 13.0, 11.0 ] }
									}
								},
								{
									"name": "tip25",
									"from": [ -0.3, 0.4, -0.3 ],
									"to": [ 1.2, 1.9, 1.2 ],
									"rotationOrigin": [ 0.0, 1.0, 0.0 ],
									"faces": {
										"north": { "texture": "#elfinsaddle", "uv": [ 11.0, 12.5, 12.5, 14.0 ] },
										"east": { "texture": "#elfinsaddle", "uv": [ 12.5, 10.0, 14.0, 11.5 ] },
										"south": { "texture": "#elfinsaddle", "uv": [ 11.5, 10.0, 13.0, 11.5 ] },
										"west": { "texture": "#elfinsaddle", "uv": [ 14.0, 14.5, 15.5, 16.0 ] },
										"up": { "texture": "#elfinsaddle", "uv": [ 13.0, 11.5, 14.5, 13.0 ] },
										"down": { "texture": "#elfinsaddle", "uv": [ 11.5, 9.5, 13.0, 11.0 ] }
									}
								}
							]
						}
					]
				},
				{
					"name": "stem20",
					"from": [ 4.0, 5.8, 0.6 ],
					"to": [ 4.8, 6.8, 1.4 ],
					"rotationOrigin": [ 4.4, 5.9, 1.0 ],
					"rotationZ": -25.0,
					"faces": {
						"north": { "texture": "#elfinsaddle", "uv": [ 1.0, 11.5, 1.5, 12.5 ] },
						"east": { "texture": "#elfinsaddle", "uv": [ 0.5, 12.0, 1.0, 13.0 ] },
						"south": { "texture": "#elfinsaddle", "uv": [ 1.5, 11.5, 2.0, 12.5 ] },
						"west": { "texture": "#elfinsaddle", "uv": [ 1.0, 9.5, 1.5, 10.5 ] },
						"down": { "texture": "#elfinsaddle", "uv": [ 2.0, 7.5, 2.5, 8.0 ] }
					},
					"children": [
						{
							"name": "cap21",
							"from": [ -0.2, 0.8, -0.2 ],
							"to": [ 1.0, 2.3, 1.0 ],
							"rotationOrigin": [ 0.5, 0.8, 0.5 ],
							"rotationY": 6.0,
							"faces": {
								"north": { "texture": "#elfinsaddle", "uv": [ 7.0, 8.5, 8.0, 10.0 ] },
								"east": { "texture": "#elfinsaddle", "uv": [ 9.0, 8.5, 10.0, 10.0 ] },
								"south": { "texture": "#elfinsaddle", "uv": [ 7.0, 8.5, 8.0, 10.0 ] },
								"west": { "texture": "#elfinsaddle", "uv": [ 6.0, 10.5, 7.0, 12.0 ] },
								"up": { "texture": "#elfinsaddle", "uv": [ 7.0, 10.0, 8.0, 11.0 ] },
								"down": { "texture": "#elfinsaddle", "uv": [ 8.5, 10.5, 9.5, 11.5 ] }
							}
						}
					]
				},
				{
					"name": "stem22",
					"from": [ 0.6, -0.2, -1.4 ],
					"to": [ 1.4, 0.8, -0.6 ],
					"rotationOrigin": [ 1.0, -0.1, -1.0 ],
					"rotationX": -6.0,
					"rotationY": 17.0,
					"rotationZ": 3.0,
					"faces": {
						"north": { "texture": "#elfinsaddle", "uv": [ 4.0, 14.5, 4.5, 15.5 ] },
						"east": { "texture": "#elfinsaddle", "uv": [ 4.0, 13.5, 4.5, 14.5 ] },
						"south": { "texture": "#elfinsaddle", "uv": [ 3.5, 13.0, 4.0, 14.0 ] },
						"west": { "texture": "#elfinsaddle", "uv": [ 4.0, 14.0, 4.5, 15.0 ] },
						"down": { "texture": "#elfinsaddle", "uv": [ 3.5, 14.0, 4.0, 14.5 ] }
					},
					"children": [
						{
							"name": "cap23",
							"from": [ -0.2, 0.8, -0.2 ],
							"to": [ 1.0, 2.3, 1.0 ],
							"rotationOrigin": [ 0.5, 0.8, 0.5 ],
							"rotationX": 8.0,
							"rotationY": -22.0,
							"faces": {
								"north": { "texture": "#elfinsaddle", "uv": [ 11.5, 9.5, 12.5, 11.0 ] },
								"east": { "texture": "#elfinsaddle", "uv": [ 12.0, 10.0, 13.0, 11.5 ] },
								"south": { "texture": "#elfinsaddle", "uv": [ 11.5, 11.5, 12.5, 13.0 ] },
								"west": { "texture": "#elfinsaddle", "uv": [ 12.0, 9.5, 13.0, 11.0 ] },
								"up": { "texture": "#elfinsaddle", "uv": [ 11.5, 13.0, 12.5, 14.0 ] },
								"down": { "texture": "#elfinsaddle", "uv": [ 12.5, 8.5, 13.5, 9.5 ] }
							}
						}
					]
				},
				{
					"name": "stem23",
					"from": [ 2.5, 5.8, -3.5 ],
					"to": [ 3.5, 6.8, -2.5 ],
					"rotationOrigin": [ 3.0, 5.9, -3.0 ],
					"rotationX": -6.0,
					"rotationY": 3.0,
					"rotationZ": 6.0,
					"faces": {
						"north": { "texture": "#elfinsaddle", "uv": [ 3.0, 6.0, 4.0, 7.0 ] },
						"east": { "texture": "#elfinsaddle", "uv": [ 2.0, 5.0, 3.0, 6.0 ] },
						"south": { "texture": "#elfinsaddle", "uv": [ 2.0, 6.0, 3.0, 7.0 ] },
						"west": { "texture": "#elfinsaddle", "uv": [ 1.5, 6.0, 2.5, 7.0 ] },
						"down": { "texture": "#elfinsaddle", "uv": [ 1.5, 6.5, 2.5, 7.5 ] }
					},
					"children": [
						{
							"name": "cap24",
							"from": [ -0.5, 0.9, -0.5 ],
							"to": [ 1.5, 1.9, 1.5 ],
							"rotationOrigin": [ 0.5, 0.9, 0.5 ],
							"rotationY": 28.0,
							"faces": {
								"north": { "texture": "#elfinsaddle", "uv": [ 8.0, 11.0, 10.0, 12.0 ] },
								"east": { "texture": "#elfinsaddle", "uv": [ 8.0, 11.0, 10.0, 12.0 ] },
								"south": { "texture": "#elfinsaddle", "uv": [ 5.5, 12.0, 7.5, 13.0 ] },
								"west": { "texture": "#elfinsaddle", "uv": [ 7.5, 11.0, 9.5, 12.0 ] },
								"up": { "texture": "#elfinsaddle", "uv": [ 8.0, 11.5, 10.0, 13.5 ] },
								"down": { "texture": "#elfinsaddle", "uv": [ 7.0, 11.0, 9.0, 13.0 ] }
							},
							"children": [
								{
									"name": "tip24",
									"from": [ -0.2, 0.3, -0.2 ],
									"to": [ 1.4, 1.3, 1.3 ],
									"rotationOrigin": [ 1.0, 0.8, 1.0 ],
									"faces": {
										"north": { "texture": "#elfinsaddle", "uv": [ 9.0, 15.0, 10.5, 16.0 ] },
										"east": { "texture": "#elfinsaddle", "uv": [ 9.5, 10.5, 11.0, 11.5 ] },
										"south": { "texture": "#elfinsaddle", "uv": [ 6.5, 10.5, 8.0, 11.5 ] },
										"west": { "texture": "#elfinsaddle", "uv": [ 8.0, 13.5, 9.5, 14.5 ] },
										"up": { "texture": "#elfinsaddle", "uv": [ 7.5, 11.5, 9.0, 13.0 ] },
										"down": { "texture": "#elfinsaddle", "uv": [ 12.5, 11.5, 14.0, 13.0 ] }
									}
								}
							]
						}
					]
				},
				{
					"name": "stem9",
					"from": [ -1.5, 7.8, -1.5 ],
					"to": [ -0.5, 8.8, -0.5 ],
					"rotationOrigin": [ -1.0, 7.9, -1.0 ],
					"rotationX": 8.0,
					"rotationY": 30.0,
					"rotationZ": -14.0,
					"faces": {
						"north": { "texture": "#elfinsaddle", "uv": [ 2.5, 14.0, 3.5, 15.0 ] },
						"east": { "texture": "#elfinsaddle", "uv": [ 4.0, 13.5, 5.0, 14.5 ] },
						"south": { "texture": "#elfinsaddle", "uv": [ 4.0, 14.0, 5.0, 15.0 ] },
						"west": { "texture": "#elfinsaddle", "uv": [ 3.0, 13.0, 4.0, 14.0 ] },
						"down": { "texture": "#elfinsaddle", "uv": [ 2.5, 15.0, 3.5, 16.0 ] }
					},
					"children": [
						{
							"name": "cap10",
							"from": [ -0.8, 0.8, -0.8 ],
							"to": [ 1.7, 2.8, 1.7 ],
							"rotationOrigin": [ 0.5, 0.8, 0.5 ],
							"rotationX": -14.0,
							"rotationZ": 19.0,
							"faces": {
								"north": { "texture": "#elfinsaddle", "uv": [ 12.0, 3.5, 14.5, 5.5 ] },
								"east": { "texture": "#elfinsaddle", "uv": [ 11.5, 1.5, 14.0, 3.5 ] },
								"south": { "texture": "#elfinsaddle", "uv": [ 11.5, 3.5, 14.0, 5.5 ] },
								"west": { "texture": "#elfinsaddle", "uv": [ 12.0, 4.5, 14.5, 6.5 ] },
								"up": { "texture": "#elfinsaddle", "uv": [ 10.5, 4.5, 13.0, 7.0 ] },
								"down": { "texture": "#elfinsaddle", "uv": [ 11.5, 4.0, 14.0, 6.5 ] }
							},
							"children": [
								{
									"name": "Cube2",
									"from": [ -0.2, 0.4, -0.3 ],
									"to": [ 1.8, 2.4, 1.7 ],
									"rotationOrigin": [ 0.0, 0.4, 0.0 ],
									"faces": {
										"north": { "texture": "#elfinsaddle", "uv": [ 11.5, 4.5, 13.5, 6.5 ] },
										"east": { "texture": "#elfinsaddle", "uv": [ 12.0, 3.0, 14.0, 5.0 ] },
										"south": { "texture": "#elfinsaddle", "uv": [ 11.0, 3.5, 13.0, 5.5 ] },
										"west": { "texture": "#elfinsaddle", "uv": [ 13.0, 2.5, 15.0, 4.5 ] },
										"up": { "texture": "#elfinsaddle", "uv": [ 11.5, 3.5, 13.5, 5.5 ] },
										"down": { "texture": "#elfinsaddle", "uv": [ 12.0, 2.0, 14.0, 4.0 ] }
									}
								},
								{
									"name": "Cube30",
									"from": [ 1.2, 0.5, 1.2 ],
									"to": [ 2.7, 2.6, 2.7 ],
									"rotationOrigin": [ 2.0, 1.4, 0.0 ],
									"faces": {
										"north": { "texture": "#elfinsaddle", "uv": [ 11.5, 4.5, 13.0, 6.5 ] },
										"east": { "texture": "#elfinsaddle", "uv": [ 12.0, 3.0, 13.5, 5.0 ] },
										"south": { "texture": "#elfinsaddle", "uv": [ 11.0, 3.5, 12.5, 5.5 ] },
										"west": { "texture": "#elfinsaddle", "uv": [ 13.0, 2.5, 14.5, 4.5 ] },
										"up": { "texture": "#elfinsaddle", "uv": [ 11.5, 3.5, 13.0, 5.0 ] },
										"down": { "texture": "#elfinsaddle", "uv": [ 12.0, 2.0, 13.5, 3.5 ] }
									}
								}
							]
						}
					]
				}
			]
		}
	]}