{
	"editor": {
		"allAngles": true,
		"entityTextureMode": false
	},
	"textureWidth": 16,
	"textureHeight": 16,
	"textureSizes": {
	},
	"textures": {
		"funeralbell": "game:block/plant/mushroom/funeralbell/funeralbell",
		"pores": "game:block/plant/mushroom/pores",
		"linen": "item/food/growbag/ungrown"
	},
	"elements": [
		{
			"name": "floor",
			"from": [ 4.0, 0.0, 6.0 ],
			"to": [ 12.0, 8.0, 10.0 ],
			"rotationOrigin": [ -2.0, -1.0, 0.0 ],
			"faces": {
				"north": { "texture": "#linen", "uv": [ 3.0, 4.5, 11.0, 12.5 ] },
				"east": { "texture": "#linen", "uv": [ 5.0, 3.0, 9.0, 11.0 ] },
				"south": { "texture": "#linen", "uv": [ 2.0, 6.0, 10.0, 14.0 ] },
				"west": { "texture": "#linen", "uv": [ 6.0, 5.0, 10.0, 13.0 ] },
				"up": { "texture": "#linen", "uv": [ 5.5, 4.0, 13.5, 8.0 ] },
				"down": { "texture": "#linen", "uv": [ 2.0, 5.0, 10.0, 9.0 ] }
			},
			"children": [
				{
					"name": "N",
					"from": [ 0.0, 0.0, -1.0 ],
					"to": [ 8.0, 6.0, 0.0 ],
					"faces": {
						"north": { "texture": "#linen", "uv": [ 6.0, 9.5, 14.0, 15.5 ] },
						"east": { "texture": "#linen", "uv": [ 4.0, 10.0, 5.0, 16.0 ] },
						"west": { "texture": "#linen", "uv": [ 6.0, 9.5, 7.0, 15.5 ] },
						"up": { "texture": "#linen", "uv": [ 4.0, 5.0, 12.0, 6.0 ] },
						"down": { "texture": "#linen", "uv": [ 3.0, 15.0, 11.0, 16.0 ] }
					}
				},
				{
					"name": "S",
					"from": [ 0.0, 0.0, 4.0 ],
					"to": [ 8.0, 6.0, 5.0 ],
					"faces": {
						"east": { "texture": "#linen", "uv": [ 5.5, 10.0, 6.5, 16.0 ] },
						"south": { "texture": "#linen", "uv": [ 4.0, 10.0, 12.0, 16.0 ] },
						"west": { "texture": "#linen", "uv": [ 6.0, 10.0, 7.0, 16.0 ] },
						"up": { "texture": "#linen", "uv": [ 2.0, 6.0, 10.0, 7.0 ] },
						"down": { "texture": "#linen", "uv": [ 3.0, 15.0, 11.0, 16.0 ] }
					}
				},
				{
					"name": "W",
					"from": [ -1.0, 0.0, 0.0 ],
					"to": [ 0.0, 6.0, 4.0 ],
					"faces": {
						"north": { "texture": "#linen", "uv": [ 11.5, 9.5, 12.5, 15.5 ] },
						"south": { "texture": "#linen", "uv": [ 7.0, 10.0, 8.0, 16.0 ] },
						"west": { "texture": "#linen", "uv": [ 4.5, 10.0, 8.5, 16.0 ] },
						"up": { "texture": "#linen", "uv": [ 9.0, 3.0, 10.0, 7.0 ] },
						"down": { "texture": "#linen", "uv": [ 4.0, 15.0, 8.0, 16.0 ], "rotation": 90 }
					}
				},
				{
					"name": "E",
					"from": [ 8.0, 0.0, 0.0 ],
					"to": [ 9.0, 6.0, 4.0 ],
					"rotationOrigin": [ 4.0, 0.0, 0.0 ],
					"faces": {
						"north": { "texture": "#linen", "uv": [ 10.0, 10.0, 11.0, 16.0 ] },
						"east": { "texture": "#linen", "uv": [ 8.5, 9.5, 12.5, 15.5 ] },
						"south": { "texture": "#linen", "uv": [ 8.0, 10.0, 9.0, 16.0 ] },
						"up": { "texture": "#linen", "uv": [ 8.0, 2.0, 9.0, 6.0 ] },
						"down": { "texture": "#linen", "uv": [ 2.0, 15.0, 6.0, 16.0 ], "rotation": 90 }
					}
				}
			]
		},
		{
			"name": "origin",
			"from": [ 8.0, 0.0, 19.0 ],
			"to": [ 8.0, 0.0, 19.0 ],
			"rotationOrigin": [ 8.0, 0.0, 19.0 ],
			"rotationY": 180.0,
			"faces": {
			},
			"children": [
				{
					"name": "big-stalk",
					"from": [ -3.4, 3.9, 8.1 ],
					"to": [ -2.6, 5.9, 8.9 ],
					"rotationOrigin": [ -3.0, 3.9, 8.5 ],
					"rotationX": -45.0,
					"rotationY": 1.0,
					"rotationZ": 4.0,
					"faces": {
						"north": { "texture": "#funeralbell", "uv": [ 10.0, 13.0, 10.5, 15.0 ] },
						"east": { "texture": "#funeralbell", "uv": [ 10.0, 14.0, 10.5, 16.0 ] },
						"south": { "texture": "#funeralbell", "uv": [ 10.5, 13.5, 11.0, 15.5 ] },
						"west": { "texture": "#funeralbell", "uv": [ 11.5, 13.0, 12.0, 15.0 ] },
						"up": { "texture": "#funeralbell", "uv": [ 10.0, 6.5, 10.5, 7.0 ] }
					},
					"children": [
						{
							"name": "big-stalk-up",
							"from": [ 0.0, 1.6, -0.1 ],
							"to": [ 0.8, 3.1, 0.7 ],
							"rotationOrigin": [ 0.4, 1.6, 0.3 ],
							"rotationX": 22.5,
							"rotationY": -3.0,
							"rotationZ": -5.0,
							"faces": {
								"north": { "texture": "#funeralbell", "uv": [ 11.5, 11.0, 12.0, 12.5 ] },
								"east": { "texture": "#funeralbell", "uv": [ 12.5, 10.5, 13.0, 12.0 ] },
								"south": { "texture": "#funeralbell", "uv": [ 13.5, 11.0, 14.0, 12.5 ] },
								"west": { "texture": "#funeralbell", "uv": [ 12.0, 10.0, 12.5, 11.5 ] }
							},
							"children": [
								{
									"name": "big-cap",
									"from": [ -1.1, 1.5, -1.1 ],
									"to": [ 1.9, 2.5, 1.9 ],
									"rotationOrigin": [ 0.4, 1.5, 0.4 ],
									"rotationX": 3.0,
									"rotationZ": 1.0,
									"faces": {
										"north": { "texture": "#funeralbell", "uv": [ 3.0, 14.5, 6.0, 15.5 ] },
										"east": { "texture": "#funeralbell", "uv": [ 1.5, 14.5, 4.5, 15.5 ] },
										"south": { "texture": "#funeralbell", "uv": [ 0.5, 13.5, 3.5, 14.5 ] },
										"west": { "texture": "#funeralbell", "uv": [ 1.0, 14.5, 4.0, 15.5 ] },
										"up": { "texture": "#funeralbell", "uv": [ 1.0, 9.0, 4.0, 12.0 ] },
										"down": { "texture": "#pores", "uv": [ 3.5, 9.5, 6.5, 12.5 ] }
									},
									"children": [
										{
											"name": "big-capup",
											"from": [ 0.5, 1.0, 0.5 ],
											"to": [ 2.5, 1.5, 2.5 ],
											"rotationOrigin": [ 1.5, 1.0, 1.5 ],
											"faces": {
												"north": { "texture": "#funeralbell", "uv": [ 1.5, 14.0, 3.5, 14.5 ] },
												"east": { "texture": "#funeralbell", "uv": [ 3.5, 13.0, 5.5, 13.5 ] },
												"south": { "texture": "#funeralbell", "uv": [ 3.0, 13.0, 5.0, 13.5 ] },
												"west": { "texture": "#funeralbell", "uv": [ 3.5, 12.0, 5.5, 12.5 ] },
												"up": { "texture": "#funeralbell", "uv": [ 1.0, 10.0, 3.0, 12.0 ] }
											}
										}
									]
								},
								{
									"name": "big-skirt",
									"from": [ -0.1, 0.3, -0.1 ],
									"to": [ 0.9, 1.3, 0.9 ],
									"rotationOrigin": [ 0.4, 0.3, 0.4 ],
									"faces": {
										"north": { "texture": "#funeralbell", "uv": [ 5.0, 14.5, 6.0, 15.5 ] },
										"east": { "texture": "#funeralbell", "uv": [ 3.0, 14.0, 4.0, 15.0 ] },
										"south": { "texture": "#funeralbell", "uv": [ 4.0, 14.0, 5.0, 15.0 ] },
										"west": { "texture": "#funeralbell", "uv": [ 4.0, 14.0, 5.0, 15.0 ] },
										"up": { "texture": "#funeralbell", "uv": [ 1.5, 9.0, 2.5, 10.0 ] },
										"down": { "texture": "#funeralbell", "uv": [ 2.0, 9.5, 3.0, 10.5 ] }
									}
								}
							]
						}
					]
				},
				{
					"name": "med-stalk2",
					"from": [ 1.1, 5.5, 8.1 ],
					"to": [ 1.9, 7.0, 8.9 ],
					"rotationOrigin": [ 1.5, 5.5, 8.5 ],
					"rotationX": -33.0,
					"rotationY": -22.5,
					"rotationZ": -9.0,
					"faces": {
						"north": { "texture": "#funeralbell", "uv": [ 10.0, 13.0, 10.5, 14.5 ] },
						"east": { "texture": "#funeralbell", "uv": [ 10.0, 14.0, 10.5, 15.5 ] },
						"south": { "texture": "#funeralbell", "uv": [ 10.5, 13.5, 11.0, 15.0 ] },
						"west": { "texture": "#funeralbell", "uv": [ 11.5, 13.0, 12.0, 14.5 ] },
						"up": { "texture": "#funeralbell", "uv": [ 10.0, 6.5, 10.5, 7.0 ] }
					},
					"children": [
						{
							"name": "med-stalk-up2",
							"from": [ 0.0, 1.3, 0.0 ],
							"to": [ 0.8, 2.3, 0.8 ],
							"rotationOrigin": [ 0.4, 1.3, 0.4 ],
							"rotationX": 3.0,
							"rotationZ": 9.0,
							"faces": {
								"north": { "texture": "#funeralbell", "uv": [ 11.5, 11.0, 12.0, 12.0 ] },
								"east": { "texture": "#funeralbell", "uv": [ 12.5, 10.5, 13.0, 11.5 ] },
								"south": { "texture": "#funeralbell", "uv": [ 13.5, 11.0, 14.0, 12.0 ] },
								"west": { "texture": "#funeralbell", "uv": [ 12.0, 10.0, 12.5, 11.0 ] }
							},
							"children": [
								{
									"name": "med-cap2",
									"from": [ -0.6, 1.0, -0.6 ],
									"to": [ 1.4, 1.5, 1.4 ],
									"rotationOrigin": [ 0.4, 1.0, 0.4 ],
									"rotationX": 5.0,
									"rotationZ": -8.0,
									"faces": {
										"north": { "texture": "#funeralbell", "uv": [ 3.0, 14.5, 5.0, 15.0 ] },
										"east": { "texture": "#funeralbell", "uv": [ 1.5, 14.5, 3.5, 15.0 ] },
										"south": { "texture": "#funeralbell", "uv": [ 0.5, 13.5, 2.5, 14.0 ] },
										"west": { "texture": "#funeralbell", "uv": [ 1.0, 14.5, 3.0, 15.0 ] },
										"up": { "texture": "#funeralbell", "uv": [ 1.0, 9.0, 3.0, 11.0 ] },
										"down": { "texture": "#pores", "uv": [ 3.5, 9.5, 5.5, 11.5 ] }
									},
									"children": [
										{
											"name": "med-capup2",
											"from": [ 0.5, 0.5, 0.5 ],
											"to": [ 1.5, 1.0, 1.5 ],
											"rotationOrigin": [ 1.5, 0.5, 1.5 ],
											"faces": {
												"north": { "texture": "#funeralbell", "uv": [ 1.5, 14.0, 2.5, 14.5 ] },
												"east": { "texture": "#funeralbell", "uv": [ 3.5, 13.0, 4.5, 13.5 ] },
												"south": { "texture": "#funeralbell", "uv": [ 3.0, 13.0, 4.0, 13.5 ] },
												"west": { "texture": "#funeralbell", "uv": [ 3.5, 12.0, 4.5, 12.5 ] },
												"up": { "texture": "#funeralbell", "uv": [ 1.0, 10.0, 2.0, 11.0 ] }
											}
										}
									]
								},
								{
									"name": "med-skirt2",
									"from": [ -0.1, 0.3, -0.1 ],
									"to": [ 0.9, 0.8, 0.9 ],
									"rotationOrigin": [ 0.4, 0.3, 0.4 ],
									"faces": {
										"north": { "texture": "#funeralbell", "uv": [ 5.0, 14.5, 6.0, 15.0 ] },
										"east": { "texture": "#funeralbell", "uv": [ 3.0, 14.0, 4.0, 14.5 ] },
										"south": { "texture": "#funeralbell", "uv": [ 4.0, 14.0, 5.0, 14.5 ] },
										"west": { "texture": "#funeralbell", "uv": [ 4.0, 14.0, 5.0, 14.5 ] },
										"up": { "texture": "#funeralbell", "uv": [ 1.5, 9.0, 2.5, 10.0 ] },
										"down": { "texture": "#funeralbell", "uv": [ 2.0, 9.5, 3.0, 10.5 ] }
									}
								}
							]
						}
					]
				},
				{
					"name": "sml-stalk1",
					"from": [ 3.1, 7.1, 8.8 ],
					"to": [ 3.7, 8.1, 9.4 ],
					"rotationOrigin": [ 3.4, 7.1, 9.1 ],
					"rotationX": -55.0,
					"rotationZ": -33.0,
					"faces": {
						"north": { "texture": "#funeralbell", "uv": [ 10.0, 13.0, 10.5, 14.0 ] },
						"east": { "texture": "#funeralbell", "uv": [ 10.0, 14.0, 10.5, 15.0 ] },
						"south": { "texture": "#funeralbell", "uv": [ 10.5, 13.5, 11.0, 14.5 ] },
						"west": { "texture": "#funeralbell", "uv": [ 11.5, 13.0, 12.0, 14.0 ] },
						"up": { "texture": "#funeralbell", "uv": [ 10.0, 6.5, 10.5, 7.0 ] },
						"down": { "texture": "#funeralbell", "uv": [ 11.5, 14.5, 12.0, 15.0 ] }
					},
					"children": [
						{
							"name": "sml-stalk-up1",
							"from": [ 0.0, 0.8, 0.0 ],
							"to": [ 0.6, 1.8, 0.6 ],
							"rotationOrigin": [ 0.3, 0.8, 0.3 ],
							"rotationX": 4.0,
							"rotationZ": 2.0,
							"faces": {
								"north": { "texture": "#funeralbell", "uv": [ 11.5, 11.0, 12.0, 12.0 ] },
								"east": { "texture": "#funeralbell", "uv": [ 12.5, 10.5, 13.0, 11.5 ] },
								"south": { "texture": "#funeralbell", "uv": [ 13.5, 11.0, 14.0, 12.0 ] },
								"west": { "texture": "#funeralbell", "uv": [ 12.0, 10.0, 12.5, 11.0 ] }
							},
							"children": [
								{
									"name": "sml-cap1",
									"from": [ -0.4, 1.0, -0.4 ],
									"to": [ 1.1, 1.5, 1.1 ],
									"rotationOrigin": [ 0.3, 1.0, 0.3 ],
									"faces": {
										"north": { "texture": "#funeralbell", "uv": [ 3.0, 14.5, 4.5, 15.0 ] },
										"east": { "texture": "#funeralbell", "uv": [ 1.5, 14.5, 3.0, 15.0 ] },
										"south": { "texture": "#funeralbell", "uv": [ 0.5, 13.5, 2.0, 14.0 ] },
										"west": { "texture": "#funeralbell", "uv": [ 1.0, 14.5, 2.5, 15.0 ] },
										"up": { "texture": "#funeralbell", "uv": [ 1.0, 9.0, 2.5, 10.5 ] },
										"down": { "texture": "#pores", "uv": [ 3.5, 9.5, 5.0, 11.0 ] }
									}
								}
							]
						}
					]
				},
				{
					"name": "sml-stalk2",
					"from": [ -1.9, -0.1, 8.2 ],
					"to": [ -1.3, 0.9, 8.8 ],
					"rotationOrigin": [ -1.6, -0.1, 8.5 ],
					"rotationX": -25.0,
					"rotationZ": 4.0,
					"faces": {
						"north": { "texture": "#funeralbell", "uv": [ 10.0, 13.0, 10.5, 14.0 ] },
						"east": { "texture": "#funeralbell", "uv": [ 10.0, 14.0, 10.5, 15.0 ] },
						"south": { "texture": "#funeralbell", "uv": [ 10.5, 13.5, 11.0, 14.5 ] },
						"west": { "texture": "#funeralbell", "uv": [ 11.5, 13.0, 12.0, 14.0 ] },
						"up": { "texture": "#funeralbell", "uv": [ 10.0, 6.5, 10.5, 7.0 ] },
						"down": { "texture": "#funeralbell", "uv": [ 11.5, 14.5, 12.0, 15.0 ] }
					},
					"children": [
						{
							"name": "sml-stalk-up2",
							"from": [ 0.0, 0.8, 0.0 ],
							"to": [ 0.6, 1.8, 0.6 ],
							"rotationOrigin": [ 0.3, 0.8, 0.3 ],
							"rotationX": -9.0,
							"rotationZ": 2.0,
							"faces": {
								"north": { "texture": "#funeralbell", "uv": [ 11.5, 11.0, 12.0, 12.0 ] },
								"east": { "texture": "#funeralbell", "uv": [ 12.5, 10.5, 13.0, 11.5 ] },
								"south": { "texture": "#funeralbell", "uv": [ 13.5, 11.0, 14.0, 12.0 ] },
								"west": { "texture": "#funeralbell", "uv": [ 12.0, 10.0, 12.5, 11.0 ] }
							},
							"children": [
								{
									"name": "sml-cap2",
									"from": [ -0.4, 1.0, -0.4 ],
									"to": [ 1.1, 1.5, 1.1 ],
									"rotationOrigin": [ 0.3, 1.0, 0.3 ],
									"faces": {
										"north": { "texture": "#funeralbell", "uv": [ 3.0, 14.5, 4.5, 15.0 ] },
										"east": { "texture": "#funeralbell", "uv": [ 1.5, 14.5, 3.0, 15.0 ] },
										"south": { "texture": "#funeralbell", "uv": [ 0.5, 13.5, 2.0, 14.0 ] },
										"west": { "texture": "#funeralbell", "uv": [ 1.0, 14.5, 2.5, 15.0 ] },
										"up": { "texture": "#funeralbell", "uv": [ 1.0, 9.0, 2.5, 10.5 ] },
										"down": { "texture": "#pores", "uv": [ 3.5, 9.5, 5.0, 11.0 ] }
									}
								}
							]
						},
						{
							"name": "sml-stalk-up32",
							"from": [ 3.0, 2.8, 1.5 ],
							"to": [ 3.6, 3.8, 2.1 ],
							"rotationOrigin": [ 3.3, 2.8, 1.8 ],
							"rotationX": -10.0,
							"rotationZ": 2.0,
							"faces": {
								"north": { "texture": "#funeralbell", "uv": [ 11.5, 11.0, 12.0, 12.0 ] },
								"east": { "texture": "#funeralbell", "uv": [ 12.5, 10.5, 13.0, 11.5 ] },
								"south": { "texture": "#funeralbell", "uv": [ 13.5, 11.0, 14.0, 12.0 ] },
								"west": { "texture": "#funeralbell", "uv": [ 12.0, 10.0, 12.5, 11.0 ] }
							},
							"children": [
								{
									"name": "sml-cap33",
									"from": [ -0.4, 1.0, -0.4 ],
									"to": [ 1.1, 1.5, 1.1 ],
									"rotationOrigin": [ 0.3, 1.0, 0.3 ],
									"rotationZ": 4.0,
									"faces": {
										"north": { "texture": "#funeralbell", "uv": [ 3.0, 14.5, 4.5, 15.0 ] },
										"east": { "texture": "#funeralbell", "uv": [ 1.5, 14.5, 3.0, 15.0 ] },
										"south": { "texture": "#funeralbell", "uv": [ 0.5, 13.5, 2.0, 14.0 ] },
										"west": { "texture": "#funeralbell", "uv": [ 1.0, 14.5, 2.5, 15.0 ] },
										"up": { "texture": "#funeralbell", "uv": [ 1.0, 9.0, 2.5, 10.5 ] },
										"down": { "texture": "#pores", "uv": [ 3.5, 9.5, 5.0, 11.0 ] }
									}
								}
							]
						}
					]
				},
				{
					"name": "sml-stalk3",
					"from": [ -0.9, 2.2, 8.2 ],
					"to": [ -0.3, 3.2, 8.8 ],
					"rotationOrigin": [ -0.6, 2.2, 8.5 ],
					"rotationX": -45.0,
					"faces": {
						"north": { "texture": "#funeralbell", "uv": [ 10.0, 13.0, 10.5, 14.0 ] },
						"east": { "texture": "#funeralbell", "uv": [ 10.0, 14.0, 10.5, 15.0 ] },
						"south": { "texture": "#funeralbell", "uv": [ 10.5, 13.5, 11.0, 14.5 ] },
						"west": { "texture": "#funeralbell", "uv": [ 11.5, 13.0, 12.0, 14.0 ] },
						"up": { "texture": "#funeralbell", "uv": [ 10.0, 6.5, 10.5, 7.0 ] },
						"down": { "texture": "#funeralbell", "uv": [ 11.5, 14.5, 12.0, 15.0 ] }
					},
					"children": [
						{
							"name": "sml-stalk-up3",
							"from": [ 0.0, 0.8, 0.0 ],
							"to": [ 0.6, 1.8, 0.6 ],
							"rotationOrigin": [ 0.3, 0.8, 0.3 ],
							"rotationX": 15.0,
							"rotationY": 4.0,
							"rotationZ": -4.0,
							"faces": {
								"north": { "texture": "#funeralbell", "uv": [ 11.5, 11.0, 12.0, 12.0 ] },
								"east": { "texture": "#funeralbell", "uv": [ 12.5, 10.5, 13.0, 11.5 ] },
								"south": { "texture": "#funeralbell", "uv": [ 13.5, 11.0, 14.0, 12.0 ] },
								"west": { "texture": "#funeralbell", "uv": [ 12.0, 10.0, 12.5, 11.0 ] }
							},
							"children": [
								{
									"name": "sml-cap3",
									"from": [ -0.4, 1.0, -0.4 ],
									"to": [ 1.1, 1.5, 1.1 ],
									"rotationOrigin": [ 0.3, 1.0, 0.3 ],
									"rotationY": 2.0,
									"rotationZ": 3.0,
									"faces": {
										"north": { "texture": "#funeralbell", "uv": [ 3.0, 14.5, 4.5, 15.0 ] },
										"east": { "texture": "#funeralbell", "uv": [ 1.5, 14.5, 3.0, 15.0 ] },
										"south": { "texture": "#funeralbell", "uv": [ 0.5, 13.5, 2.0, 14.0 ] },
										"west": { "texture": "#funeralbell", "uv": [ 1.0, 14.5, 2.5, 15.0 ] },
										"up": { "texture": "#funeralbell", "uv": [ 1.0, 9.0, 2.5, 10.5 ] },
										"down": { "texture": "#pores", "uv": [ 3.5, 9.5, 5.0, 11.0 ] }
									}
								},
								{
									"name": "sml-skirt3",
									"from": [ -0.1, 0.1, -0.1 ],
									"to": [ 0.7, 0.6, 0.7 ],
									"rotationOrigin": [ 0.3, 0.1, 0.3 ],
									"faces": {
										"north": { "texture": "#funeralbell", "uv": [ 5.0, 14.5, 5.5, 15.0 ] },
										"east": { "texture": "#funeralbell", "uv": [ 3.0, 14.0, 3.5, 14.5 ] },
										"south": { "texture": "#funeralbell", "uv": [ 4.0, 14.0, 4.5, 14.5 ] },
										"west": { "texture": "#funeralbell", "uv": [ 4.0, 14.0, 4.5, 14.5 ] },
										"up": { "texture": "#funeralbell", "uv": [ 1.5, 9.0, 2.0, 9.5 ] },
										"down": { "texture": "#funeralbell", "uv": [ 2.0, 9.5, 2.5, 10.0 ] }
									}
								}
							]
						}
					]
				},
				{
					"name": "med-stalk3",
					"from": [ 2.8, 1.9, 8.0 ],
					"to": [ 3.6, 3.4, 8.8 ],
					"rotationOrigin": [ 3.2, 1.9, 8.4 ],
					"rotationX": -44.0,
					"rotationY": -11.0,
					"rotationZ": -25.0,
					"faces": {
						"north": { "texture": "#funeralbell", "uv": [ 10.0, 13.0, 10.5, 14.5 ] },
						"east": { "texture": "#funeralbell", "uv": [ 10.0, 14.0, 10.5, 15.5 ] },
						"south": { "texture": "#funeralbell", "uv": [ 10.5, 13.5, 11.0, 15.0 ] },
						"west": { "texture": "#funeralbell", "uv": [ 11.5, 13.0, 12.0, 14.5 ] },
						"up": { "texture": "#funeralbell", "uv": [ 10.0, 6.5, 10.5, 7.0 ] }
					},
					"children": [
						{
							"name": "med-stalk-up3",
							"from": [ 0.0, 1.3, 0.0 ],
							"to": [ 0.8, 2.8, 0.8 ],
							"rotationOrigin": [ 0.4, 1.3, 0.4 ],
							"rotationX": 14.0,
							"rotationY": 4.0,
							"rotationZ": -6.0,
							"faces": {
								"north": { "texture": "#funeralbell", "uv": [ 11.5, 11.0, 12.0, 12.5 ] },
								"east": { "texture": "#funeralbell", "uv": [ 12.5, 10.5, 13.0, 12.0 ] },
								"south": { "texture": "#funeralbell", "uv": [ 13.5, 11.0, 14.0, 12.5 ] },
								"west": { "texture": "#funeralbell", "uv": [ 12.0, 10.0, 12.5, 11.5 ] }
							},
							"children": [
								{
									"name": "med-cap3",
									"from": [ -0.6, 1.4, -0.6 ],
									"to": [ 1.4, 2.4, 1.4 ],
									"rotationOrigin": [ 0.4, 1.4, 0.4 ],
									"rotationX": -8.0,
									"rotationY": -67.5,
									"rotationZ": 5.0,
									"faces": {
										"north": { "texture": "#funeralbell", "uv": [ 3.0, 14.5, 5.0, 15.5 ] },
										"east": { "texture": "#funeralbell", "uv": [ 1.5, 14.5, 3.5, 15.5 ] },
										"south": { "texture": "#funeralbell", "uv": [ 0.5, 13.5, 2.5, 14.5 ] },
										"west": { "texture": "#funeralbell", "uv": [ 1.0, 14.5, 3.0, 15.5 ] },
										"up": { "texture": "#funeralbell", "uv": [ 1.0, 9.0, 3.0, 11.0 ] },
										"down": { "texture": "#pores", "uv": [ 3.5, 9.5, 5.5, 11.5 ] }
									},
									"children": [
										{
											"name": "med-capup3",
											"from": [ 0.5, 1.0, 0.5 ],
											"to": [ 1.5, 1.5, 1.5 ],
											"rotationOrigin": [ 1.5, 1.0, 1.5 ],
											"faces": {
												"north": { "texture": "#funeralbell", "uv": [ 1.5, 14.0, 2.5, 14.5 ] },
												"east": { "texture": "#funeralbell", "uv": [ 3.5, 13.0, 4.5, 13.5 ] },
												"south": { "texture": "#funeralbell", "uv": [ 3.0, 13.0, 4.0, 13.5 ] },
												"west": { "texture": "#funeralbell", "uv": [ 3.5, 12.0, 4.5, 12.5 ] },
												"up": { "texture": "#funeralbell", "uv": [ 1.0, 10.0, 2.0, 11.0 ] }
											}
										}
									]
								},
								{
									"name": "med-skirt3",
									"from": [ -0.1, 0.3, -0.1 ],
									"to": [ 0.9, 0.8, 0.9 ],
									"rotationOrigin": [ 0.4, 0.3, 0.4 ],
									"faces": {
										"north": { "texture": "#funeralbell", "uv": [ 5.0, 14.5, 6.0, 15.0 ] },
										"east": { "texture": "#funeralbell", "uv": [ 3.0, 14.0, 4.0, 14.5 ] },
										"south": { "texture": "#funeralbell", "uv": [ 4.0, 14.0, 5.0, 14.5 ] },
										"west": { "texture": "#funeralbell", "uv": [ 4.0, 14.0, 5.0, 14.5 ] },
										"up": { "texture": "#funeralbell", "uv": [ 1.5, 9.0, 2.5, 10.0 ] },
										"down": { "texture": "#funeralbell", "uv": [ 2.0, 9.5, 3.0, 10.5 ] }
									}
								}
							]
						}
					]
				},
				{
					"name": "sml-stalk4",
					"from": [ 4.1, 4.9, 9.2 ],
					"to": [ 4.7, 5.9, 9.8 ],
					"rotationOrigin": [ 4.4, 4.9, 9.5 ],
					"rotationX": -47.0,
					"rotationY": 3.0,
					"rotationZ": -36.0,
					"faces": {
						"north": { "texture": "#funeralbell", "uv": [ 10.0, 13.0, 10.5, 14.0 ] },
						"east": { "texture": "#funeralbell", "uv": [ 10.0, 14.0, 10.5, 15.0 ] },
						"south": { "texture": "#funeralbell", "uv": [ 10.5, 13.5, 11.0, 14.5 ] },
						"west": { "texture": "#funeralbell", "uv": [ 11.5, 13.0, 12.0, 14.0 ] },
						"up": { "texture": "#funeralbell", "uv": [ 10.0, 6.5, 10.5, 7.0 ] },
						"down": { "texture": "#funeralbell", "uv": [ 11.5, 14.5, 12.0, 15.0 ] }
					},
					"children": [
						{
							"name": "sml-stalk-up4",
							"from": [ 0.0, 0.8, 0.0 ],
							"to": [ 0.6, 1.8, 0.6 ],
							"rotationOrigin": [ 0.3, 0.8, 0.3 ],
							"rotationX": 5.0,
							"rotationY": 3.0,
							"rotationZ": 3.0,
							"faces": {
								"north": { "texture": "#funeralbell", "uv": [ 11.5, 11.0, 12.0, 12.0 ] },
								"east": { "texture": "#funeralbell", "uv": [ 12.5, 10.5, 13.0, 11.5 ] },
								"south": { "texture": "#funeralbell", "uv": [ 13.5, 11.0, 14.0, 12.0 ] },
								"west": { "texture": "#funeralbell", "uv": [ 12.0, 10.0, 12.5, 11.0 ] }
							},
							"children": [
								{
									"name": "sml-cap4",
									"from": [ -0.4, 1.0, -0.4 ],
									"to": [ 1.1, 1.5, 1.1 ],
									"rotationOrigin": [ 0.3, 1.0, 0.3 ],
									"rotationX": 9.0,
									"rotationZ": 8.0,
									"faces": {
										"north": { "texture": "#funeralbell", "uv": [ 3.0, 14.5, 4.5, 15.0 ] },
										"east": { "texture": "#funeralbell", "uv": [ 1.5, 14.5, 3.0, 15.0 ] },
										"south": { "texture": "#funeralbell", "uv": [ 0.5, 13.5, 2.0, 14.0 ] },
										"west": { "texture": "#funeralbell", "uv": [ 1.0, 14.5, 2.5, 15.0 ] },
										"up": { "texture": "#funeralbell", "uv": [ 1.0, 9.0, 2.5, 10.5 ] },
										"down": { "texture": "#pores", "uv": [ 3.5, 9.5, 5.0, 11.0 ] }
									}
								},
								{
									"name": "sml-skirt4",
									"from": [ -0.1, 0.1, -0.1 ],
									"to": [ 0.7, 0.6, 0.7 ],
									"rotationOrigin": [ 0.3, 0.1, 0.3 ],
									"faces": {
										"north": { "texture": "#funeralbell", "uv": [ 5.0, 14.5, 5.5, 15.0 ] },
										"east": { "texture": "#funeralbell", "uv": [ 3.0, 14.0, 3.5, 14.5 ] },
										"south": { "texture": "#funeralbell", "uv": [ 4.0, 14.0, 4.5, 14.5 ] },
										"west": { "texture": "#funeralbell", "uv": [ 4.0, 14.0, 4.5, 14.5 ] },
										"up": { "texture": "#funeralbell", "uv": [ 1.5, 9.0, 2.0, 9.5 ] },
										"down": { "texture": "#funeralbell", "uv": [ 2.0, 9.5, 2.5, 10.0 ] }
									}
								}
							]
						}
					]
				},
				{
					"name": "sml-stalk36",
					"from": [ 0.1, 5.9, 8.2 ],
					"to": [ 0.7, 6.9, 8.8 ],
					"rotationOrigin": [ 0.4, 5.9, 8.5 ],
					"rotationX": -45.0,
					"rotationY": 4.0,
					"rotationZ": 4.0,
					"faces": {
						"north": { "texture": "#funeralbell", "uv": [ 10.0, 13.0, 10.5, 14.0 ] },
						"east": { "texture": "#funeralbell", "uv": [ 10.0, 14.0, 10.5, 15.0 ] },
						"south": { "texture": "#funeralbell", "uv": [ 10.5, 13.5, 11.0, 14.5 ] },
						"west": { "texture": "#funeralbell", "uv": [ 11.5, 13.0, 12.0, 14.0 ] },
						"up": { "texture": "#funeralbell", "uv": [ 10.0, 6.5, 10.5, 7.0 ] },
						"down": { "texture": "#funeralbell", "uv": [ 11.5, 14.5, 12.0, 15.0 ] }
					},
					"children": [
						{
							"name": "sml-cap37",
							"from": [ -0.23, 1.0, -0.23 ],
							"to": [ 0.77, 1.5, 0.77 ],
							"rotationOrigin": [ 0.2651, 0.997, 0.3697 ],
							"rotationX": 4.0,
							"rotationY": 0.0,
							"rotationZ": 2.0,
							"faces": {
								"north": { "texture": "#funeralbell", "uv": [ 3.0, 14.5, 4.0, 15.0 ] },
								"east": { "texture": "#funeralbell", "uv": [ 1.5, 14.5, 2.5, 15.0 ] },
								"south": { "texture": "#funeralbell", "uv": [ 0.5, 13.5, 1.5, 14.0 ] },
								"west": { "texture": "#funeralbell", "uv": [ 1.0, 14.5, 2.0, 15.0 ] },
								"up": { "texture": "#funeralbell", "uv": [ 1.0, 9.0, 2.0, 10.0 ] },
								"down": { "texture": "#pores", "uv": [ 3.5, 9.5, 4.5, 10.5 ] }
							}
						}
					]
				},
				{
					"name": "sml-stalk38",
					"from": [ 2.1, 4.9, 8.2 ],
					"to": [ 2.7, 5.9, 8.8 ],
					"rotationOrigin": [ 2.4, 4.9, 8.5 ],
					"rotationX": -45.0,
					"rotationY": 4.0,
					"rotationZ": -8.0,
					"faces": {
						"north": { "texture": "#funeralbell", "uv": [ 10.0, 13.0, 10.5, 14.0 ] },
						"east": { "texture": "#funeralbell", "uv": [ 10.0, 14.0, 10.5, 15.0 ] },
						"south": { "texture": "#funeralbell", "uv": [ 10.5, 13.5, 11.0, 14.5 ] },
						"west": { "texture": "#funeralbell", "uv": [ 11.5, 13.0, 12.0, 14.0 ] },
						"up": { "texture": "#funeralbell", "uv": [ 10.0, 6.5, 10.5, 7.0 ] },
						"down": { "texture": "#funeralbell", "uv": [ 11.5, 14.5, 12.0, 15.0 ] }
					},
					"children": [
						{
							"name": "sml-cap39",
							"from": [ -0.23, 1.0, -0.23 ],
							"to": [ 0.77, 1.5, 0.77 ],
							"rotationOrigin": [ 0.2651, 0.997, 0.3697 ],
							"rotationX": 4.0,
							"rotationY": 0.0,
							"rotationZ": 2.0,
							"faces": {
								"north": { "texture": "#funeralbell", "uv": [ 3.0, 14.5, 4.0, 15.0 ] },
								"east": { "texture": "#funeralbell", "uv": [ 1.5, 14.5, 2.5, 15.0 ] },
								"south": { "texture": "#funeralbell", "uv": [ 0.5, 13.5, 1.5, 14.0 ] },
								"west": { "texture": "#funeralbell", "uv": [ 1.0, 14.5, 2.0, 15.0 ] },
								"up": { "texture": "#funeralbell", "uv": [ 1.0, 9.0, 2.0, 10.0 ] },
								"down": { "texture": "#pores", "uv": [ 3.5, 9.5, 4.5, 10.5 ] }
							}
						}
					]
				},
				{
					"name": "sml-stalk40",
					"from": [ -1.9, 7.9, 8.2 ],
					"to": [ -1.3, 8.9, 8.8 ],
					"rotationOrigin": [ -1.6, 7.9, 8.5 ],
					"rotationX": -45.0,
					"rotationY": 4.0,
					"rotationZ": -8.0,
					"faces": {
						"north": { "texture": "#funeralbell", "uv": [ 10.0, 13.0, 10.5, 14.0 ] },
						"east": { "texture": "#funeralbell", "uv": [ 10.0, 14.0, 10.5, 15.0 ] },
						"south": { "texture": "#funeralbell", "uv": [ 10.5, 13.5, 11.0, 14.5 ] },
						"west": { "texture": "#funeralbell", "uv": [ 11.5, 13.0, 12.0, 14.0 ] },
						"up": { "texture": "#funeralbell", "uv": [ 10.0, 6.5, 10.5, 7.0 ] },
						"down": { "texture": "#funeralbell", "uv": [ 11.5, 14.5, 12.0, 15.0 ] }
					},
					"children": [
						{
							"name": "sml-cap41",
							"from": [ -0.23, 1.0, -0.23 ],
							"to": [ 0.77, 1.5, 0.77 ],
							"rotationOrigin": [ 0.2651, 0.997, 0.3697 ],
							"rotationX": 4.0,
							"rotationY": 0.0,
							"rotationZ": 2.0,
							"faces": {
								"north": { "texture": "#funeralbell", "uv": [ 3.0, 14.5, 4.0, 15.0 ] },
								"east": { "texture": "#funeralbell", "uv": [ 1.5, 14.5, 2.5, 15.0 ] },
								"south": { "texture": "#funeralbell", "uv": [ 0.5, 13.5, 1.5, 14.0 ] },
								"west": { "texture": "#funeralbell", "uv": [ 1.0, 14.5, 2.0, 15.0 ] },
								"up": { "texture": "#funeralbell", "uv": [ 1.0, 9.0, 2.0, 10.0 ] },
								"down": { "texture": "#pores", "uv": [ 3.5, 9.5, 4.5, 10.5 ] }
							}
						}
					]
				}
			]
		}
	]}