{
	"editor": {
		"allAngles": true,
		"entityTextureMode": false
	},
	"textureWidth": 16,
	"textureHeight": 16,
	"textureSizes": {
	},
	"textures": {
		"gills": "game:block/plant/mushroom/gills",
		"jackolantern": "game:block/plant/mushroom/jackolantern/jackolantern",
		"linen": "item/food/growbag/ungrown"
	},
	"elements": [
		{
			"name": "floor",
			"from": [ 4.0, 0.0, 6.0 ],
			"to": [ 12.0, 8.0, 10.0 ],
			"rotationOrigin": [ -2.0, -1.0, 0.0 ],
			"faces": {
				"north": { "texture": "#linen", "uv": [ 3.0, 4.5, 11.0, 12.5 ] },
				"east": { "texture": "#linen", "uv": [ 5.0, 3.0, 9.0, 11.0 ] },
				"south": { "texture": "#linen", "uv": [ 2.0, 6.0, 10.0, 14.0 ] },
				"west": { "texture": "#linen", "uv": [ 6.0, 5.0, 10.0, 13.0 ] },
				"up": { "texture": "#linen", "uv": [ 5.5, 4.0, 13.5, 8.0 ] },
				"down": { "texture": "#linen", "uv": [ 2.0, 5.0, 10.0, 9.0 ] }
			},
			"children": [
				{
					"name": "N",
					"from": [ 0.0, 0.0, -1.0 ],
					"to": [ 8.0, 6.0, 0.0 ],
					"faces": {
						"north": { "texture": "#linen", "uv": [ 6.0, 9.5, 14.0, 15.5 ] },
						"east": { "texture": "#linen", "uv": [ 4.0, 10.0, 5.0, 16.0 ] },
						"west": { "texture": "#linen", "uv": [ 6.0, 9.5, 7.0, 15.5 ] },
						"up": { "texture": "#linen", "uv": [ 4.0, 5.0, 12.0, 6.0 ] },
						"down": { "texture": "#linen", "uv": [ 3.0, 15.0, 11.0, 16.0 ] }
					}
				},
				{
					"name": "S",
					"from": [ 0.0, 0.0, 4.0 ],
					"to": [ 8.0, 6.0, 5.0 ],
					"faces": {
						"east": { "texture": "#linen", "uv": [ 5.5, 10.0, 6.5, 16.0 ] },
						"south": { "texture": "#linen", "uv": [ 4.0, 10.0, 12.0, 16.0 ] },
						"west": { "texture": "#linen", "uv": [ 6.0, 10.0, 7.0, 16.0 ] },
						"up": { "texture": "#linen", "uv": [ 2.0, 6.0, 10.0, 7.0 ] },
						"down": { "texture": "#linen", "uv": [ 3.0, 15.0, 11.0, 16.0 ] }
					}
				},
				{
					"name": "W",
					"from": [ -1.0, 0.0, 0.0 ],
					"to": [ 0.0, 6.0, 4.0 ],
					"faces": {
						"north": { "texture": "#linen", "uv": [ 11.5, 9.5, 12.5, 15.5 ] },
						"south": { "texture": "#linen", "uv": [ 7.0, 10.0, 8.0, 16.0 ] },
						"west": { "texture": "#linen", "uv": [ 4.5, 10.0, 8.5, 16.0 ] },
						"up": { "texture": "#linen", "uv": [ 9.0, 3.0, 10.0, 7.0 ] },
						"down": { "texture": "#linen", "uv": [ 4.0, 15.0, 8.0, 16.0 ], "rotation": 90 }
					}
				},
				{
					"name": "E",
					"from": [ 8.0, 0.0, 0.0 ],
					"to": [ 9.0, 6.0, 4.0 ],
					"rotationOrigin": [ 4.0, 0.0, 0.0 ],
					"faces": {
						"north": { "texture": "#linen", "uv": [ 10.0, 10.0, 11.0, 16.0 ] },
						"east": { "texture": "#linen", "uv": [ 8.5, 9.5, 12.5, 15.5 ] },
						"south": { "texture": "#linen", "uv": [ 8.0, 10.0, 9.0, 16.0 ] },
						"up": { "texture": "#linen", "uv": [ 8.0, 2.0, 9.0, 6.0 ] },
						"down": { "texture": "#linen", "uv": [ 2.0, 15.0, 6.0, 16.0 ], "rotation": 90 }
					}
				}
			]
		},
		{
			"name": "origin",
			"from": [ 0.0, 0.0, 0.0 ],
			"to": [ 0.0, 0.0, 0.0 ],
			"rotationOrigin": [ 8.0, 0.0, 8.0 ],
			"faces": {
			},
			"children": [
				{
					"name": "small stem",
					"from": [ 7.3, -0.2, 5.3 ],
					"to": [ 8.3, 1.3, 6.3 ],
					"rotationOrigin": [ 7.8, -0.2, 5.8 ],
					"rotationX": -13.0,
					"rotationZ": 19.0,
					"faces": {
						"north": { "texture": "#jackolantern", "uv": [ 1.0, 14.0, 2.0, 15.5 ] },
						"east": { "texture": "#jackolantern", "uv": [ 11.5, 13.0, 12.5, 14.5 ] },
						"south": { "texture": "#jackolantern", "uv": [ 5.0, 14.0, 6.0, 15.5 ] },
						"west": { "texture": "#jackolantern", "uv": [ 12.5, 14.5, 13.5, 16.0 ] },
						"down": { "texture": "#jackolantern", "uv": [ 2.0, 14.0, 3.0, 15.0 ] }
					},
					"children": [
						{
							"name": "stem",
							"from": [ -0.1, 1.3, 0.0 ],
							"to": [ 0.9, 2.8, 1.0 ],
							"rotationOrigin": [ 0.4, 1.2, 0.6 ],
							"rotationX": 5.0,
							"rotationZ": -19.0,
							"faces": {
								"north": { "texture": "#jackolantern", "uv": [ 6.0, 14.5, 7.0, 16.0 ] },
								"east": { "texture": "#jackolantern", "uv": [ 3.5, 10.0, 4.5, 11.5 ] },
								"south": { "texture": "#jackolantern", "uv": [ 6.5, 14.5, 7.5, 16.0 ] },
								"west": { "texture": "#jackolantern", "uv": [ 13.5, 13.5, 14.5, 15.0 ] },
								"down": { "texture": "#jackolantern", "uv": [ 8.0, 10.0, 9.0, 11.0 ] }
							},
							"children": [
								{
									"name": "cap",
									"from": [ -1.0, 1.2, -0.6 ],
									"to": [ 1.5, 1.7, 1.9 ],
									"rotationOrigin": [ 0.3, 1.2, 0.8 ],
									"rotationX": 18.6,
									"rotationY": -42.8,
									"rotationZ": 26.3,
									"faces": {
										"north": { "texture": "#jackolantern", "uv": [ 13.0, 3.0, 15.5, 3.5 ] },
										"east": { "texture": "#jackolantern", "uv": [ 9.0, 7.0, 11.5, 7.5 ] },
										"south": { "texture": "#jackolantern", "uv": [ 10.0, 8.0, 12.5, 8.5 ] },
										"west": { "texture": "#jackolantern", "uv": [ 9.0, 7.0, 11.5, 7.5 ] },
										"up": { "texture": "#jackolantern", "uv": [ 9.5, 1.5, 12.0, 4.0 ] },
										"down": { "texture": "#gills", "uv": [ 8.5, 9.5, 11.0, 12.0 ] }
									}
								}
							]
						}
					]
				},
				{
					"name": "large stem",
					"from": [ 9.0, 4.8, 9.0 ],
					"to": [ 11.0, 6.8, 11.0 ],
					"rotationOrigin": [ 10.0, 4.8, 10.0 ],
					"rotationX": 30.0,
					"rotationZ": 5.0,
					"faces": {
						"north": { "texture": "#jackolantern", "uv": [ 5.5, 10.0, 7.5, 12.0 ] },
						"east": { "texture": "#jackolantern", "uv": [ 5.0, 9.5, 7.0, 11.5 ] },
						"south": { "texture": "#jackolantern", "uv": [ 5.5, 12.0, 7.5, 14.0 ] },
						"west": { "texture": "#jackolantern", "uv": [ 8.0, 10.0, 10.0, 12.0 ] },
						"down": { "texture": "#jackolantern", "uv": [ 6.0, 12.0, 8.0, 14.0 ] }
					},
					"children": [
						{
							"name": "large stem upper",
							"from": [ 0.0, 1.7, 0.0 ],
							"to": [ 2.0, 3.2, 2.0 ],
							"rotationOrigin": [ 1.0, 1.7, 1.0 ],
							"rotationX": 5.0,
							"rotationZ": 8.0,
							"faces": {
								"north": { "texture": "#jackolantern", "uv": [ 6.0, 10.5, 8.0, 12.0 ] },
								"east": { "texture": "#jackolantern", "uv": [ 6.0, 10.5, 8.0, 12.0 ] },
								"south": { "texture": "#jackolantern", "uv": [ 5.5, 8.0, 7.5, 9.5 ] },
								"west": { "texture": "#jackolantern", "uv": [ 4.5, 10.5, 6.5, 12.0 ] }
							},
							"children": [
								{
									"name": "large stem upper 2",
									"from": [ -0.5, 1.3, -0.5 ],
									"to": [ 2.5, 2.8, 2.5 ],
									"rotationOrigin": [ 1.0, 1.3, 1.0 ],
									"rotationZ": -8.0,
									"faces": {
										"north": { "texture": "#jackolantern", "uv": [ 5.0, 13.5, 8.0, 15.0 ] },
										"east": { "texture": "#jackolantern", "uv": [ 5.0, 12.5, 8.0, 14.0 ] },
										"south": { "texture": "#jackolantern", "uv": [ 7.0, 9.5, 10.0, 11.0 ] },
										"west": { "texture": "#jackolantern", "uv": [ 6.0, 9.0, 9.0, 10.5 ] },
										"down": { "texture": "#gills", "uv": [ 10.5, 10.5, 13.5, 13.5 ] }
									},
									"children": [
										{
											"name": "large cap",
											"from": [ -0.5, 1.2, -0.5 ],
											"to": [ 3.5, 2.2, 3.5 ],
											"rotationOrigin": [ 1.5, 1.2, 1.5 ],
											"rotationZ": -11.0,
											"faces": {
												"up": { "texture": "#jackolantern", "uv": [ 0.0, 0.0, 4.0, 4.0 ] },
												"down": { "texture": "#gills", "uv": [ 8.5, 9.0, 12.5, 13.0 ] }
											},
											"children": [
												{
													"name": "Cube1",
													"from": [ 4.0, 0.0, 0.0 ],
													"to": [ 5.0, 1.0, 4.0 ],
													"rotationOrigin": [ 4.0, 1.0, 2.0 ],
													"rotationZ": -25.0,
													"faces": {
														"north": { "texture": "#jackolantern", "uv": [ 5.5, 3.5, 6.5, 4.5 ] },
														"east": { "texture": "#jackolantern", "uv": [ 7.0, 5.0, 11.0, 6.0 ] },
														"south": { "texture": "#jackolantern", "uv": [ 6.5, 3.0, 7.5, 4.0 ] },
														"up": { "texture": "#jackolantern", "uv": [ 9.0, 2.0, 10.0, 6.0 ] },
														"down": { "texture": "#gills", "uv": [ 9.0, 8.5, 10.0, 12.5 ] }
													}
												},
												{
													"name": "Cube13",
													"from": [ -1.0, 0.0, 0.0 ],
													"to": [ 0.0, 1.0, 4.0 ],
													"rotationOrigin": [ 0.0, 1.0, 2.0 ],
													"rotationZ": 28.0,
													"faces": {
														"north": { "texture": "#jackolantern", "uv": [ 4.5, 3.5, 5.5, 4.5 ] },
														"south": { "texture": "#jackolantern", "uv": [ 5.0, 3.5, 6.0, 4.5 ] },
														"west": { "texture": "#jackolantern", "uv": [ 7.0, 4.5, 11.0, 5.5 ] },
														"up": { "texture": "#jackolantern", "uv": [ 7.0, 3.0, 8.0, 7.0 ] },
														"down": { "texture": "#gills", "uv": [ 9.5, 8.0, 10.5, 12.0 ] }
													}
												},
												{
													"name": "Cube14",
													"from": [ 0.0, 0.0, 4.0 ],
													"to": [ 4.0, 1.0, 5.0 ],
													"rotationOrigin": [ 2.0, 1.0, 4.0 ],
													"rotationX": 42.0,
													"faces": {
														"north": { "texture": "#jackolantern", "uv": [ 6.0, 4.0, 10.0, 5.0 ] },
														"east": { "texture": "#jackolantern", "uv": [ 3.5, 4.0, 4.5, 5.0 ] },
														"south": { "texture": "#jackolantern", "uv": [ 2.5, 3.0, 6.5, 4.0 ] },
														"west": { "texture": "#jackolantern", "uv": [ 6.0, 3.5, 7.0, 4.5 ] },
														"up": { "texture": "#jackolantern", "uv": [ 5.5, 4.0, 9.5, 5.0 ] },
														"down": { "texture": "#gills", "uv": [ 9.5, 9.5, 13.5, 10.5 ] }
													}
												},
												{
													"name": "Cube15",
													"from": [ 0.0, 0.0, -1.0 ],
													"to": [ 4.0, 1.0, 0.0 ],
													"rotationOrigin": [ 2.0, 1.0, 0.0 ],
													"rotationX": -25.0,
													"faces": {
														"north": { "texture": "#jackolantern", "uv": [ 9.0, 5.5, 13.0, 6.5 ] },
														"east": { "texture": "#jackolantern", "uv": [ 6.0, 4.0, 7.0, 5.0 ] },
														"west": { "texture": "#jackolantern", "uv": [ 5.5, 4.0, 6.5, 5.0 ] },
														"up": { "texture": "#jackolantern", "uv": [ 6.0, 3.0, 10.0, 4.0 ] },
														"down": { "texture": "#gills", "uv": [ 11.0, 11.0, 15.0, 12.0 ] }
													}
												}
											]
										}
									]
								}
							]
						}
					]
				},
				{
					"name": "single voxel",
					"from": [ 8.0, 1.0, 10.4 ],
					"to": [ 9.0, 1.5, 11.4 ],
					"rotationOrigin": [ 8.5, 1.0, 10.9 ],
					"rotationY": -19.0,
					"faces": {
						"north": { "texture": "#jackolantern", "uv": [ 6.0, 4.5, 7.0, 5.0 ] },
						"east": { "texture": "#jackolantern", "uv": [ 5.5, 2.5, 6.5, 3.0 ] },
						"south": { "texture": "#jackolantern", "uv": [ 6.5, 2.5, 7.5, 3.0 ] },
						"west": { "texture": "#jackolantern", "uv": [ 4.5, 5.5, 5.5, 6.0 ] },
						"up": { "texture": "#jackolantern", "uv": [ 5.0, 6.0, 6.0, 7.0 ] },
						"down": { "texture": "#gills", "uv": [ 12.0, 10.0, 13.0, 11.0 ] }
					}
				},
				{
					"name": "single voxel2",
					"from": [ 5.0, 0.0, 7.0 ],
					"to": [ 6.0, 0.5, 8.0 ],
					"rotationOrigin": [ 5.5, 0.0, 7.5 ],
					"rotationY": -83.0,
					"faces": {
						"north": { "texture": "#jackolantern", "uv": [ 6.0, 4.5, 7.0, 5.0 ] },
						"east": { "texture": "#jackolantern", "uv": [ 5.5, 2.5, 6.5, 3.0 ] },
						"south": { "texture": "#jackolantern", "uv": [ 6.5, 2.5, 7.5, 3.0 ] },
						"west": { "texture": "#jackolantern", "uv": [ 4.5, 5.5, 5.5, 6.0 ] },
						"up": { "texture": "#jackolantern", "uv": [ 5.0, 6.0, 6.0, 7.0 ] },
						"down": { "texture": "#gills", "uv": [ 12.0, 10.0, 13.0, 11.0 ] }
					}
				},
				{
					"name": "single voxel8",
					"from": [ 11.0, 0.0, 6.0 ],
					"to": [ 12.0, 0.5, 7.0 ],
					"rotationOrigin": [ 11.5, 0.0, 6.5 ],
					"rotationY": -78.0,
					"faces": {
						"north": { "texture": "#jackolantern", "uv": [ 6.0, 4.5, 7.0, 5.0 ] },
						"east": { "texture": "#jackolantern", "uv": [ 5.5, 2.5, 6.5, 3.0 ] },
						"south": { "texture": "#jackolantern", "uv": [ 6.5, 2.5, 7.5, 3.0 ] },
						"west": { "texture": "#jackolantern", "uv": [ 4.5, 5.5, 5.5, 6.0 ] },
						"up": { "texture": "#jackolantern", "uv": [ 5.0, 6.0, 6.0, 7.0 ] },
						"down": { "texture": "#gills", "uv": [ 12.0, 10.0, 13.0, 11.0 ] }
					}
				},
				{
					"name": "medium stem",
					"from": [ 4.0, 5.9, 9.0 ],
					"to": [ 5.5, 7.9, 10.5 ],
					"rotationOrigin": [ 4.8, 5.9, 9.8 ],
					"rotationX": 8.0,
					"rotationZ": 8.0,
					"faces": {
						"north": { "texture": "#jackolantern", "uv": [ 7.5, 13.0, 9.0, 15.0 ] },
						"east": { "texture": "#jackolantern", "uv": [ 6.0, 9.5, 7.5, 11.5 ] },
						"south": { "texture": "#jackolantern", "uv": [ 6.0, 9.0, 7.5, 11.0 ] },
						"west": { "texture": "#jackolantern", "uv": [ 5.5, 9.5, 7.0, 11.5 ] },
						"down": { "texture": "#jackolantern", "uv": [ 6.5, 10.0, 8.0, 11.5 ] }
					},
					"children": [
						{
							"name": "medium stem up",
							"from": [ 0.0, 1.8, 0.0 ],
							"to": [ 1.5, 3.3, 1.5 ],
							"rotationOrigin": [ 0.8, 1.8, 0.8 ],
							"rotationX": -5.0,
							"rotationZ": -6.0,
							"faces": {
								"north": { "texture": "#jackolantern", "uv": [ 5.5, 9.5, 7.0, 11.0 ] },
								"east": { "texture": "#jackolantern", "uv": [ 5.0, 11.5, 6.5, 13.0 ] },
								"south": { "texture": "#jackolantern", "uv": [ 6.0, 9.0, 7.5, 10.5 ] },
								"west": { "texture": "#jackolantern", "uv": [ 8.0, 10.0, 9.5, 11.5 ] }
							},
							"children": [
								{
									"name": "medium cap",
									"from": [ -0.8, 2.0, -0.8 ],
									"to": [ 2.2, 2.5, 2.2 ],
									"rotationOrigin": [ 0.7, 2.0, 0.7 ],
									"faces": {
										"up": { "texture": "#jackolantern", "uv": [ 6.5, 2.5, 9.5, 5.5 ] },
										"down": { "texture": "#gills", "uv": [ 12.0, 8.5, 15.0, 11.5 ] }
									},
									"children": [
										{
											"name": "Cube21",
											"from": [ 0.0, 0.0, 3.0 ],
											"to": [ 3.0, 0.5, 4.0 ],
											"rotationOrigin": [ 1.0, 0.5, 3.0 ],
											"rotationX": 28.0,
											"faces": {
												"east": { "texture": "#jackolantern", "uv": [ 7.0, 4.5, 8.0, 5.0 ] },
												"south": { "texture": "#jackolantern", "uv": [ 5.0, 3.5, 8.0, 4.0 ] },
												"west": { "texture": "#jackolantern", "uv": [ 8.0, 5.5, 9.0, 6.0 ] },
												"up": { "texture": "#jackolantern", "uv": [ 2.5, 1.5, 5.5, 2.5 ] },
												"down": { "texture": "#gills", "uv": [ 9.5, 10.0, 12.5, 11.0 ] }
											}
										},
										{
											"name": "Cube22",
											"from": [ 0.0, 0.0, -1.0 ],
											"to": [ 3.0, 0.5, 0.0 ],
											"rotationOrigin": [ 1.0, 0.5, 0.0 ],
											"rotationX": -47.0,
											"faces": {
												"north": { "texture": "#jackolantern", "uv": [ 13.0, 6.5, 16.0, 7.0 ] },
												"east": { "texture": "#jackolantern", "uv": [ 8.5, 3.0, 9.5, 3.5 ] },
												"west": { "texture": "#jackolantern", "uv": [ 6.5, 6.5, 7.5, 7.0 ] },
												"up": { "texture": "#jackolantern", "uv": [ 11.0, 3.5, 14.0, 4.5 ] },
												"down": { "texture": "#gills", "uv": [ 9.5, 9.0, 12.5, 10.0 ] }
											}
										},
										{
											"name": "Cube23",
											"from": [ -1.0, 0.0, 0.0 ],
											"to": [ 0.0, 0.5, 3.0 ],
											"rotationOrigin": [ 0.0, 0.5, 1.0 ],
											"rotationZ": 36.0,
											"faces": {
												"north": { "texture": "#jackolantern", "uv": [ 7.5, 2.5, 8.5, 3.0 ] },
												"south": { "texture": "#jackolantern", "uv": [ 5.5, 3.0, 6.5, 3.5 ] },
												"west": { "texture": "#jackolantern", "uv": [ 7.5, 2.5, 10.5, 3.0 ] },
												"up": { "texture": "#jackolantern", "uv": [ 6.5, 3.5, 7.5, 6.5 ] },
												"down": { "texture": "#gills", "uv": [ 12.5, 11.0, 13.5, 14.0 ] }
											}
										},
										{
											"name": "Cube24",
											"from": [ 3.0, 0.0, 0.0 ],
											"to": [ 4.0, 0.5, 3.0 ],
											"rotationOrigin": [ 3.0, 0.5, 1.0 ],
											"rotationZ": -33.0,
											"faces": {
												"north": { "texture": "#jackolantern", "uv": [ 9.0, 4.5, 10.0, 5.0 ] },
												"east": { "texture": "#jackolantern", "uv": [ 8.5, 4.0, 11.5, 4.5 ] },
												"south": { "texture": "#jackolantern", "uv": [ 7.5, 5.5, 8.5, 6.0 ] },
												"up": { "texture": "#jackolantern", "uv": [ 4.0, 2.0, 5.0, 5.0 ] },
												"down": { "texture": "#gills", "uv": [ 12.0, 10.0, 13.0, 13.0 ] }
											}
										}
									]
								},
								{
									"name": "Cube25",
									"from": [ -0.3, 1.0, -0.3 ],
									"to": [ 1.7, 2.0, 1.7 ],
									"rotationOrigin": [ 0.7, 1.0, 0.7 ],
									"faces": {
										"north": { "texture": "#jackolantern", "uv": [ 4.5, 10.5, 6.5, 11.5 ] },
										"east": { "texture": "#jackolantern", "uv": [ 6.5, 11.0, 8.5, 12.0 ] },
										"south": { "texture": "#jackolantern", "uv": [ 3.0, 9.0, 5.0, 10.0 ] },
										"west": { "texture": "#jackolantern", "uv": [ 1.0, 13.0, 3.0, 14.0 ] },
										"up": { "texture": "#jackolantern", "uv": [ 1.5, 10.0, 3.5, 12.0 ] },
										"down": { "texture": "#gills", "uv": [ 9.5, 10.0, 11.5, 12.0 ] }
									}
								}
							]
						}
					]
				},
				{
					"name": "small 1",
					"from": [ 10.0, -0.3, 8.0 ],
					"to": [ 11.0, 1.2, 9.0 ],
					"rotationOrigin": [ 10.5, -0.3, 8.5 ],
					"rotationX": 14.0,
					"rotationZ": -19.0,
					"faces": {
						"north": { "texture": "#jackolantern", "uv": [ 6.0, 9.0, 7.0, 10.5 ] },
						"east": { "texture": "#jackolantern", "uv": [ 5.0, 8.0, 6.0, 9.5 ] },
						"south": { "texture": "#jackolantern", "uv": [ 7.0, 11.0, 8.0, 12.5 ] },
						"west": { "texture": "#jackolantern", "uv": [ 5.0, 10.0, 6.0, 11.5 ] },
						"down": { "texture": "#jackolantern", "uv": [ 8.0, 9.0, 9.0, 10.0 ] }
					},
					"children": [
						{
							"name": "small 1 cap",
							"from": [ -0.5, 1.5, -0.5 ],
							"to": [ 1.5, 2.0, 1.5 ],
							"rotationOrigin": [ 0.5, 1.5, 0.5 ],
							"faces": {
								"north": { "texture": "#jackolantern", "uv": [ 0.0, 0.0, 2.0, 0.5 ] },
								"east": { "texture": "#jackolantern", "uv": [ 0.0, 0.0, 2.0, 0.5 ] },
								"south": { "texture": "#jackolantern", "uv": [ 0.0, 0.0, 2.0, 0.5 ] },
								"west": { "texture": "#jackolantern", "uv": [ 0.0, 0.0, 2.0, 0.5 ] },
								"up": { "texture": "#jackolantern", "uv": [ 0.0, 0.0, 2.0, 2.0 ] },
								"down": { "texture": "#jackolantern", "uv": [ 0.0, 0.0, 2.0, 2.0 ] }
							}
						}
					]
				},
				{
					"name": "small stem26",
					"from": [ 6.3, 5.3, 10.3 ],
					"to": [ 7.3, 6.3, 11.3 ],
					"rotationOrigin": [ 6.8, 5.3, 10.8 ],
					"rotationX": 25.0,
					"rotationZ": -8.0,
					"faces": {
						"north": { "texture": "#jackolantern", "uv": [ 1.0, 14.0, 2.0, 15.0 ] },
						"east": { "texture": "#jackolantern", "uv": [ 11.5, 13.0, 12.5, 14.0 ] },
						"south": { "texture": "#jackolantern", "uv": [ 5.0, 14.0, 6.0, 15.0 ] },
						"west": { "texture": "#jackolantern", "uv": [ 12.5, 14.5, 13.5, 15.5 ] },
						"down": { "texture": "#jackolantern", "uv": [ 2.0, 14.0, 3.0, 15.0 ] }
					},
					"children": [
						{
							"name": "stem27",
							"from": [ -0.1, 0.7, 0.1 ],
							"to": [ 0.9, 1.7, 1.1 ],
							"rotationOrigin": [ 0.4, 0.6, 0.7 ],
							"rotationX": -28.0,
							"rotationZ": -19.0,
							"faces": {
								"north": { "texture": "#jackolantern", "uv": [ 6.0, 14.5, 7.0, 15.5 ] },
								"east": { "texture": "#jackolantern", "uv": [ 3.5, 10.0, 4.5, 11.0 ] },
								"south": { "texture": "#jackolantern", "uv": [ 6.5, 14.5, 7.5, 15.5 ] },
								"west": { "texture": "#jackolantern", "uv": [ 13.5, 13.5, 14.5, 14.5 ] },
								"down": { "texture": "#jackolantern", "uv": [ 8.0, 10.0, 9.0, 11.0 ] }
							},
							"children": [
								{
									"name": "cap28",
									"from": [ -0.7, 0.7, -0.5 ],
									"to": [ 1.3, 1.2, 1.5 ],
									"rotationOrigin": [ 0.3, 0.7, 0.8 ],
									"rotationX": 14.0,
									"rotationY": -42.8,
									"rotationZ": 17.0,
									"faces": {
										"north": { "texture": "#jackolantern", "uv": [ 13.0, 3.0, 15.0, 3.5 ] },
										"east": { "texture": "#jackolantern", "uv": [ 9.0, 7.0, 11.0, 7.5 ] },
										"south": { "texture": "#jackolantern", "uv": [ 10.0, 8.0, 12.0, 8.5 ] },
										"west": { "texture": "#jackolantern", "uv": [ 9.0, 7.0, 11.0, 7.5 ] },
										"up": { "texture": "#jackolantern", "uv": [ 9.5, 1.5, 11.5, 3.5 ] },
										"down": { "texture": "#gills", "uv": [ 8.5, 9.5, 10.5, 11.5 ] }
									}
								}
							]
						}
					]
				},
				{
					"name": "small 29",
					"from": [ 9.0, 7.5, 8.3 ],
					"to": [ 10.0, 9.0, 9.3 ],
					"rotationOrigin": [ 9.5, 7.5, 8.8 ],
					"rotationX": -22.0,
					"rotationY": -28.0,
					"rotationZ": -28.0,
					"faces": {
						"north": { "texture": "#jackolantern", "uv": [ 6.0, 9.0, 7.0, 10.5 ] },
						"east": { "texture": "#jackolantern", "uv": [ 5.0, 8.0, 6.0, 9.5 ] },
						"south": { "texture": "#jackolantern", "uv": [ 7.0, 11.0, 8.0, 12.5 ] },
						"west": { "texture": "#jackolantern", "uv": [ 5.0, 10.0, 6.0, 11.5 ] },
						"down": { "texture": "#jackolantern", "uv": [ 8.0, 9.0, 9.0, 10.0 ] }
					},
					"children": [
						{
							"name": "small 1 cap30",
							"from": [ -0.5, 1.5, -0.5 ],
							"to": [ 1.5, 2.0, 1.5 ],
							"rotationOrigin": [ 0.5, 1.5, 0.5 ],
							"faces": {
								"north": { "texture": "#jackolantern", "uv": [ 0.0, 0.0, 2.0, 0.5 ] },
								"east": { "texture": "#jackolantern", "uv": [ 0.0, 0.0, 2.0, 0.5 ] },
								"south": { "texture": "#jackolantern", "uv": [ 0.0, 0.0, 2.0, 0.5 ] },
								"west": { "texture": "#jackolantern", "uv": [ 0.0, 0.0, 2.0, 0.5 ] },
								"up": { "texture": "#jackolantern", "uv": [ 0.0, 0.0, 2.0, 2.0 ] },
								"down": { "texture": "#jackolantern", "uv": [ 0.0, 0.0, 2.0, 2.0 ] }
							}
						}
					]
				},
				{
					"name": "small stem32",
					"from": [ 11.3, 5.8, 6.3 ],
					"to": [ 12.3, 7.3, 7.3 ],
					"rotationOrigin": [ 11.8, 5.8, 6.8 ],
					"rotationX": -13.0,
					"rotationZ": -28.0,
					"faces": {
						"north": { "texture": "#jackolantern", "uv": [ 1.0, 14.0, 2.0, 15.5 ] },
						"east": { "texture": "#jackolantern", "uv": [ 11.5, 13.0, 12.5, 14.5 ] },
						"south": { "texture": "#jackolantern", "uv": [ 5.0, 14.0, 6.0, 15.5 ] },
						"west": { "texture": "#jackolantern", "uv": [ 12.5, 14.5, 13.5, 16.0 ] },
						"down": { "texture": "#jackolantern", "uv": [ 2.0, 14.0, 3.0, 15.0 ] }
					},
					"children": [
						{
							"name": "stem33",
							"from": [ -0.1, 1.0, -0.2 ],
							"to": [ 0.9, 2.5, 0.8 ],
							"rotationOrigin": [ 0.4, 0.9, 0.4 ],
							"rotationX": 33.0,
							"rotationZ": 3.0,
							"faces": {
								"north": { "texture": "#jackolantern", "uv": [ 6.0, 14.5, 7.0, 16.0 ] },
								"east": { "texture": "#jackolantern", "uv": [ 3.5, 10.0, 4.5, 11.5 ] },
								"south": { "texture": "#jackolantern", "uv": [ 6.5, 14.5, 7.5, 16.0 ] },
								"west": { "texture": "#jackolantern", "uv": [ 13.5, 13.5, 14.5, 15.0 ] },
								"down": { "texture": "#jackolantern", "uv": [ 8.0, 10.0, 9.0, 11.0 ] }
							},
							"children": [
								{
									"name": "cap34",
									"from": [ -0.9, 1.3, -1.0 ],
									"to": [ 1.6, 1.8, 1.5 ],
									"rotationOrigin": [ 0.4, 1.3, 0.3 ],
									"rotationX": 6.0,
									"rotationY": -44.0,
									"rotationZ": 26.3,
									"faces": {
										"north": { "texture": "#jackolantern", "uv": [ 13.0, 3.0, 15.5, 3.5 ] },
										"east": { "texture": "#jackolantern", "uv": [ 9.0, 7.0, 11.5, 7.5 ] },
										"south": { "texture": "#jackolantern", "uv": [ 10.0, 8.0, 12.5, 8.5 ] },
										"west": { "texture": "#jackolantern", "uv": [ 9.0, 7.0, 11.5, 7.5 ] },
										"up": { "texture": "#jackolantern", "uv": [ 9.5, 1.5, 12.0, 4.0 ] },
										"down": { "texture": "#gills", "uv": [ 8.5, 9.5, 11.0, 12.0 ] }
									}
								}
							]
						}
					]
				},
				{
					"name": "small 35",
					"from": [ 7.0, 7.5, 7.3 ],
					"to": [ 8.0, 9.0, 8.3 ],
					"rotationOrigin": [ 7.5, 7.5, 7.8 ],
					"rotationX": -22.0,
					"rotationZ": -3.0,
					"faces": {
						"north": { "texture": "#jackolantern", "uv": [ 6.0, 9.0, 7.0, 10.5 ] },
						"east": { "texture": "#jackolantern", "uv": [ 5.0, 8.0, 6.0, 9.5 ] },
						"south": { "texture": "#jackolantern", "uv": [ 7.0, 11.0, 8.0, 12.5 ] },
						"west": { "texture": "#jackolantern", "uv": [ 5.0, 10.0, 6.0, 11.5 ] },
						"down": { "texture": "#jackolantern", "uv": [ 8.0, 9.0, 9.0, 10.0 ] }
					},
					"children": [
						{
							"name": "small 1 cap36",
							"from": [ -0.5, 1.5, -0.5 ],
							"to": [ 1.5, 2.0, 1.5 ],
							"rotationOrigin": [ 0.5, 1.5, 0.5 ],
							"faces": {
								"north": { "texture": "#jackolantern", "uv": [ 0.0, 0.0, 2.0, 0.5 ] },
								"east": { "texture": "#jackolantern", "uv": [ 0.0, 0.0, 2.0, 0.5 ] },
								"south": { "texture": "#jackolantern", "uv": [ 0.0, 0.0, 2.0, 0.5 ] },
								"west": { "texture": "#jackolantern", "uv": [ 0.0, 0.0, 2.0, 0.5 ] },
								"up": { "texture": "#jackolantern", "uv": [ 0.0, 0.0, 2.0, 2.0 ] },
								"down": { "texture": "#jackolantern", "uv": [ 0.0, 0.0, 2.0, 2.0 ] }
							}
						}
					]
				},
				{
					"name": "single voxel3",
					"from": [ 10.0, 3.0, 10.4 ],
					"to": [ 11.0, 3.5, 11.4 ],
					"rotationOrigin": [ 10.5, 3.0, 10.9 ],
					"rotationY": -19.0,
					"faces": {
						"north": { "texture": "#jackolantern", "uv": [ 6.0, 4.5, 7.0, 5.0 ] },
						"east": { "texture": "#jackolantern", "uv": [ 5.5, 2.5, 6.5, 3.0 ] },
						"south": { "texture": "#jackolantern", "uv": [ 6.5, 2.5, 7.5, 3.0 ] },
						"west": { "texture": "#jackolantern", "uv": [ 4.5, 5.5, 5.5, 6.0 ] },
						"up": { "texture": "#jackolantern", "uv": [ 5.0, 6.0, 6.0, 7.0 ] },
						"down": { "texture": "#gills", "uv": [ 12.0, 10.0, 13.0, 11.0 ] }
					}
				},
				{
					"name": "single voxel4",
					"from": [ 6.0, 4.0, 10.4 ],
					"to": [ 7.0, 4.5, 11.4 ],
					"rotationOrigin": [ 6.5, 4.0, 10.9 ],
					"rotationY": -19.0,
					"faces": {
						"north": { "texture": "#jackolantern", "uv": [ 6.0, 4.5, 7.0, 5.0 ] },
						"east": { "texture": "#jackolantern", "uv": [ 5.5, 2.5, 6.5, 3.0 ] },
						"south": { "texture": "#jackolantern", "uv": [ 6.5, 2.5, 7.5, 3.0 ] },
						"west": { "texture": "#jackolantern", "uv": [ 4.5, 5.5, 5.5, 6.0 ] },
						"up": { "texture": "#jackolantern", "uv": [ 5.0, 6.0, 6.0, 7.0 ] },
						"down": { "texture": "#gills", "uv": [ 12.0, 10.0, 13.0, 11.0 ] }
					}
				}
			]
		}
	]}