{
	"editor": {
		"allAngles": true,
		"entityTextureMode": false
	},
	"textureWidth": 16,
	"textureHeight": 16,
	"textureSizes": {
	},
	"textures": {
		"livermushroom": "game:block/plant/mushroom/livermushroom/livermushroom",
		"pores": "game:block/plant/mushroom/pores",
		"linen": "item/food/growbag/ungrown"
	},
	"elements": [
		{
			"name": "floor",
			"from": [ 4.0, 0.0, 6.0 ],
			"to": [ 12.0, 8.0, 10.0 ],
			"rotationOrigin": [ -2.0, -1.0, 0.0 ],
			"faces": {
				"north": { "texture": "#linen", "uv": [ 3.0, 4.5, 11.0, 12.5 ] },
				"east": { "texture": "#linen", "uv": [ 5.0, 3.0, 9.0, 11.0 ] },
				"south": { "texture": "#linen", "uv": [ 2.0, 6.0, 10.0, 14.0 ] },
				"west": { "texture": "#linen", "uv": [ 6.0, 5.0, 10.0, 13.0 ] },
				"up": { "texture": "#linen", "uv": [ 5.5, 4.0, 13.5, 8.0 ] },
				"down": { "texture": "#linen", "uv": [ 2.0, 5.0, 10.0, 9.0 ] }
			},
			"children": [
				{
					"name": "N",
					"from": [ 0.0, 0.0, -1.0 ],
					"to": [ 8.0, 6.0, 0.0 ],
					"faces": {
						"north": { "texture": "#linen", "uv": [ 6.0, 9.5, 14.0, 15.5 ] },
						"east": { "texture": "#linen", "uv": [ 4.0, 10.0, 5.0, 16.0 ] },
						"west": { "texture": "#linen", "uv": [ 6.0, 9.5, 7.0, 15.5 ] },
						"up": { "texture": "#linen", "uv": [ 4.0, 5.0, 12.0, 6.0 ] },
						"down": { "texture": "#linen", "uv": [ 3.0, 15.0, 11.0, 16.0 ] }
					}
				},
				{
					"name": "S",
					"from": [ 0.0, 0.0, 4.0 ],
					"to": [ 8.0, 6.0, 5.0 ],
					"faces": {
						"east": { "texture": "#linen", "uv": [ 5.5, 10.0, 6.5, 16.0 ] },
						"south": { "texture": "#linen", "uv": [ 4.0, 10.0, 12.0, 16.0 ] },
						"west": { "texture": "#linen", "uv": [ 6.0, 10.0, 7.0, 16.0 ] },
						"up": { "texture": "#linen", "uv": [ 2.0, 6.0, 10.0, 7.0 ] },
						"down": { "texture": "#linen", "uv": [ 3.0, 15.0, 11.0, 16.0 ] }
					}
				},
				{
					"name": "W",
					"from": [ -1.0, 0.0, 0.0 ],
					"to": [ 0.0, 6.0, 4.0 ],
					"faces": {
						"north": { "texture": "#linen", "uv": [ 11.5, 9.5, 12.5, 15.5 ] },
						"south": { "texture": "#linen", "uv": [ 7.0, 10.0, 8.0, 16.0 ] },
						"west": { "texture": "#linen", "uv": [ 4.5, 10.0, 8.5, 16.0 ] },
						"up": { "texture": "#linen", "uv": [ 9.0, 3.0, 10.0, 7.0 ] },
						"down": { "texture": "#linen", "uv": [ 4.0, 15.0, 8.0, 16.0 ], "rotation": 90 }
					}
				},
				{
					"name": "E",
					"from": [ 8.0, 0.0, 0.0 ],
					"to": [ 9.0, 6.0, 4.0 ],
					"rotationOrigin": [ 4.0, 0.0, 0.0 ],
					"faces": {
						"north": { "texture": "#linen", "uv": [ 10.0, 10.0, 11.0, 16.0 ] },
						"east": { "texture": "#linen", "uv": [ 8.5, 9.5, 12.5, 15.5 ] },
						"south": { "texture": "#linen", "uv": [ 8.0, 10.0, 9.0, 16.0 ] },
						"up": { "texture": "#linen", "uv": [ 8.0, 2.0, 9.0, 6.0 ] },
						"down": { "texture": "#linen", "uv": [ 2.0, 15.0, 6.0, 16.0 ], "rotation": 90 }
					}
				}
			]
		},
		{
			"name": "origin",
			"from": [ 8.0, 0.0, 19.0 ],
			"to": [ 8.0, 0.0, 19.0 ],
			"rotationOrigin": [ 8.0, 0.0, 19.0 ],
			"rotationY": 180.0,
			"faces": {
			},
			"children": [
				{
					"name": "tiny",
					"from": [ 2.3, 2.7, 8.0 ],
					"to": [ 2.7, 3.7, 8.4 ],
					"rotationOrigin": [ 2.5, 2.7, 8.2 ],
					"rotationX": -53.0,
					"rotationY": -32.0,
					"rotationZ": 6.0,
					"faces": {
						"north": { "texture": "#livermushroom", "uv": [ 13.0, 14.5, 13.5, 15.5 ] },
						"east": { "texture": "#livermushroom", "uv": [ 11.0, 12.5, 11.5, 13.5 ] },
						"south": { "texture": "#livermushroom", "uv": [ 9.5, 13.5, 10.0, 14.5 ] },
						"west": { "texture": "#livermushroom", "uv": [ 10.5, 13.0, 11.0, 14.0 ] },
						"up": { "texture": "#livermushroom", "uv": [ 11.0, 11.0, 11.5, 11.5 ], "windMode": [-1,-1,-1,-1] },
						"down": { "texture": "#livermushroom", "uv": [ 10.5, 14.0, 11.0, 14.5 ] }
					},
					"children": [
						{
							"name": "stem 2",
							"from": [ 0.0, 0.8, 0.0 ],
							"to": [ 0.4, 1.8, 0.4 ],
							"rotationOrigin": [ 0.2, 0.8, 0.2 ],
							"rotationX": 17.0,
							"rotationZ": 2.0,
							"faces": {
								"north": { "texture": "#livermushroom", "uv": [ 11.0, 13.5, 11.5, 14.5 ] },
								"east": { "texture": "#livermushroom", "uv": [ 9.5, 12.5, 10.0, 13.5 ] },
								"south": { "texture": "#livermushroom", "uv": [ 11.0, 12.0, 11.5, 13.0 ] },
								"west": { "texture": "#livermushroom", "uv": [ 11.0, 12.0, 11.5, 13.0 ] }
							},
							"children": [
								{
									"name": "cap2",
									"from": [ -0.77, 0.8245, -0.83 ],
									"to": [ 1.23, 1.1245, 1.17 ],
									"rotationOrigin": [ 0.2287, 0.8245, 0.1714 ],
									"rotationX": -22.987,
									"rotationY": 0.781,
									"rotationZ": 6.159,
									"faces": {
										"north": { "texture": "#livermushroom", "uv": [ 1.5, 14.5, 3.5, 15.0 ] },
										"east": { "texture": "#livermushroom", "uv": [ 1.5, 15.0, 3.5, 15.5 ] },
										"south": { "texture": "#livermushroom", "uv": [ 3.5, 14.5, 5.5, 15.0 ] },
										"west": { "texture": "#livermushroom", "uv": [ 1.5, 14.5, 3.5, 15.0 ] },
										"up": { "texture": "#livermushroom", "uv": [ 1.0, 1.0, 3.0, 3.0 ] },
										"down": { "texture": "#pores", "uv": [ 5.0, 2.5, 7.0, 4.5 ] }
									}
								}
							]
						}
					]
				},
				{
					"name": "tiny14",
					"from": [ 3.3, 5.0, 8.0 ],
					"to": [ 3.7, 6.5, 8.4 ],
					"rotationOrigin": [ 3.5, 5.0, 8.2 ],
					"rotationX": -72.0,
					"rotationY": -18.0,
					"faces": {
						"north": { "texture": "#livermushroom", "uv": [ 10.0, 13.0, 10.5, 14.5 ] },
						"east": { "texture": "#livermushroom", "uv": [ 12.0, 12.5, 12.5, 14.0 ] },
						"south": { "texture": "#livermushroom", "uv": [ 9.0, 11.5, 9.5, 13.0 ] },
						"west": { "texture": "#livermushroom", "uv": [ 9.0, 10.5, 9.5, 12.0 ] },
						"up": { "texture": "#livermushroom", "uv": [ 10.0, 9.5, 10.5, 10.0 ], "windMode": [-1,-1,-1,-1] },
						"down": { "texture": "#livermushroom", "uv": [ 11.5, 14.5, 12.0, 15.0 ] }
					},
					"children": [
						{
							"name": "cap15",
							"from": [ -0.5, 1.5, -0.5 ],
							"to": [ 1.0, 2.0, 1.0 ],
							"rotationOrigin": [ 0.2, 1.4, 0.2 ],
							"faces": {
								"north": { "texture": "#livermushroom", "uv": [ 4.5, 14.0, 6.0, 14.5 ] },
								"east": { "texture": "#livermushroom", "uv": [ 1.0, 15.0, 2.5, 15.5 ] },
								"south": { "texture": "#livermushroom", "uv": [ 3.0, 15.0, 4.5, 15.5 ] },
								"west": { "texture": "#livermushroom", "uv": [ 3.0, 14.5, 4.5, 15.0 ] },
								"up": { "texture": "#livermushroom", "uv": [ 10.0, 2.5, 11.5, 4.0 ] },
								"down": { "texture": "#pores", "uv": [ 5.0, 2.5, 6.5, 4.0 ] }
							}
						}
					]
				},
				{
					"name": "tiny21",
					"from": [ 3.3, 0.4, 7.9 ],
					"to": [ 3.7, 0.9, 8.3 ],
					"rotationOrigin": [ 3.5, 0.4, 8.1 ],
					"rotationX": -44.0,
					"rotationY": 13.0,
					"faces": {
						"north": { "texture": "#livermushroom", "uv": [ 12.5, 12.0, 13.0, 12.5 ] },
						"east": { "texture": "#livermushroom", "uv": [ 13.5, 13.5, 14.0, 14.0 ] },
						"south": { "texture": "#livermushroom", "uv": [ 9.0, 13.0, 9.5, 13.5 ] },
						"west": { "texture": "#livermushroom", "uv": [ 10.0, 12.0, 10.5, 12.5 ] },
						"up": { "texture": "#livermushroom", "uv": [ 10.5, 12.5, 11.0, 13.0 ], "windMode": [-1,-1,-1,-1] },
						"down": { "texture": "#livermushroom", "uv": [ 13.5, 14.0, 14.0, 14.5 ] }
					},
					"children": [
						{
							"name": "cap21",
							"from": [ -0.5, 0.5, -0.5 ],
							"to": [ 1.0, 0.8, 1.0 ],
							"rotationOrigin": [ 0.2, 0.5, 0.2 ],
							"rotationZ": 5.0,
							"faces": {
								"north": { "texture": "#livermushroom", "uv": [ 4.0, 13.0, 5.5, 13.5 ] },
								"east": { "texture": "#livermushroom", "uv": [ 3.0, 13.5, 4.5, 14.0 ] },
								"south": { "texture": "#livermushroom", "uv": [ 2.0, 14.0, 3.5, 14.5 ] },
								"west": { "texture": "#livermushroom", "uv": [ 3.0, 14.5, 4.5, 15.0 ] },
								"up": { "texture": "#livermushroom", "uv": [ 2.0, 1.0, 3.5, 2.5 ] },
								"down": { "texture": "#pores", "uv": [ 4.0, 5.0, 5.5, 6.5 ] }
							}
						}
					]
				},
				{
					"name": "medium stalk",
					"from": [ -2.95, 4.9, 7.98 ],
					"to": [ -2.35, 6.4, 8.58 ],
					"rotationOrigin": [ -2.6509, 4.9, 8.2763 ],
					"rotationX": -69.0,
					"rotationY": -22.0,
					"rotationZ": -5.0,
					"faces": {
						"north": { "texture": "#livermushroom", "uv": [ 10.0, 13.5, 10.5, 15.0 ] },
						"east": { "texture": "#livermushroom", "uv": [ 11.5, 13.5, 12.0, 15.0 ] },
						"south": { "texture": "#livermushroom", "uv": [ 11.0, 13.5, 11.5, 15.0 ] },
						"west": { "texture": "#livermushroom", "uv": [ 12.0, 12.0, 12.5, 13.5 ] },
						"up": { "texture": "#livermushroom", "uv": [ 11.0, 9.5, 11.5, 10.0 ], "windMode": [-1,-1,-1,-1] },
						"down": { "texture": "#livermushroom", "uv": [ 11.5, 14.5, 12.0, 15.0 ] }
					},
					"children": [
						{
							"name": "medium stalk 2",
							"from": [ 0.0, 1.2, 0.0 ],
							"to": [ 0.6, 2.7, 0.6 ],
							"rotationOrigin": [ 0.2, 1.2, 0.2 ],
							"rotationX": 17.0,
							"rotationZ": 11.0,
							"faces": {
								"north": { "texture": "#livermushroom", "uv": [ 9.5, 11.0, 10.0, 12.5 ] },
								"east": { "texture": "#livermushroom", "uv": [ 10.0, 11.5, 10.5, 13.0 ] },
								"south": { "texture": "#livermushroom", "uv": [ 10.5, 12.0, 11.0, 13.5 ] },
								"west": { "texture": "#livermushroom", "uv": [ 9.5, 12.0, 10.0, 13.5 ] }
							},
							"children": [
								{
									"name": "cap17",
									"from": [ -0.55, 1.3117, -0.78 ],
									"to": [ 1.45, 1.8117, 1.22 ],
									"rotationOrigin": [ 0.4512, 1.3117, 0.2179 ],
									"rotationX": 10.803,
									"rotationY": -2.086,
									"rotationZ": -10.803,
									"faces": {
										"north": { "texture": "#livermushroom", "uv": [ 4.5, 15.0, 6.5, 15.5 ] },
										"east": { "texture": "#livermushroom", "uv": [ 3.5, 15.0, 5.5, 15.5 ] },
										"south": { "texture": "#livermushroom", "uv": [ 5.0, 15.5, 7.0, 16.0 ] },
										"west": { "texture": "#livermushroom", "uv": [ 4.0, 14.5, 6.0, 15.0 ] },
										"up": { "texture": "#livermushroom", "uv": [ 11.5, 1.5, 13.5, 3.5 ] },
										"down": { "texture": "#pores", "uv": [ 4.0, 0.5, 6.0, 2.5 ] }
									}
								}
							]
						}
					]
				},
				{
					"name": "medium small2",
					"from": [ -2.65, 0.8, 8.02 ],
					"to": [ -2.05, 2.3, 8.62 ],
					"rotationOrigin": [ -2.3491, 0.8, 8.3237 ],
					"rotationX": -80.0,
					"rotationY": -22.0,
					"rotationZ": -6.0,
					"faces": {
						"north": { "texture": "#livermushroom", "uv": [ 15.0, 14.0, 15.5, 15.5 ] },
						"east": { "texture": "#livermushroom", "uv": [ 12.5, 14.0, 13.0, 15.5 ] },
						"south": { "texture": "#livermushroom", "uv": [ 9.5, 13.0, 10.0, 14.5 ] },
						"west": { "texture": "#livermushroom", "uv": [ 11.5, 12.0, 12.0, 13.5 ] },
						"up": { "texture": "#livermushroom", "uv": [ 10.0, 10.5, 10.5, 11.0 ], "windMode": [-1,-1,-1,-1] },
						"down": { "texture": "#livermushroom", "uv": [ 12.0, 14.0, 12.5, 14.5 ] }
					},
					"children": [
						{
							"name": "stem2",
							"from": [ 0.0, 1.4, 0.0 ],
							"to": [ 0.6, 2.9, 0.6 ],
							"rotationOrigin": [ 0.3, 1.4, 0.3 ],
							"rotationX": 40.0,
							"rotationZ": 7.0,
							"faces": {
								"north": { "texture": "#livermushroom", "uv": [ 9.5, 12.5, 10.0, 14.0 ] },
								"east": { "texture": "#livermushroom", "uv": [ 9.5, 10.5, 10.0, 12.0 ] },
								"south": { "texture": "#livermushroom", "uv": [ 11.0, 12.0, 11.5, 13.5 ] },
								"west": { "texture": "#livermushroom", "uv": [ 13.5, 11.5, 14.0, 13.0 ] }
							},
							"children": [
								{
									"name": "cap3",
									"from": [ -0.6389, 1.3307, -0.69 ],
									"to": [ 1.3611, 1.8307, 1.31 ],
									"rotationOrigin": [ 0.3611, 1.3307, 0.3091 ],
									"rotationX": -3.97,
									"rotationY": 0.487,
									"rotationZ": 18.017,
									"faces": {
										"up": { "texture": "#livermushroom", "uv": [ 4.5, 0.5, 6.5, 2.5 ] },
										"down": { "texture": "#pores", "uv": [ 4.0, 2.5, 6.0, 4.5 ] }
									},
									"children": [
										{
											"name": "Cube28",
											"from": [ 0.0, 0.0, 2.0 ],
											"to": [ 2.0, 0.5, 3.0 ],
											"rotationOrigin": [ 1.0, 0.5, 2.0 ],
											"rotationX": 50.0,
											"faces": {
												"east": { "texture": "#livermushroom", "uv": [ 3.5, 15.0, 4.5, 15.5 ] },
												"south": { "texture": "#livermushroom", "uv": [ 3.5, 15.0, 5.5, 15.5 ] },
												"west": { "texture": "#livermushroom", "uv": [ 5.5, 15.0, 6.5, 15.5 ] },
												"up": { "texture": "#livermushroom", "uv": [ 1.5, 1.5, 3.5, 2.5 ] },
												"down": { "texture": "#pores", "uv": [ 4.0, 1.0, 6.0, 2.0 ] }
											}
										},
										{
											"name": "Cube29",
											"from": [ 0.0, 0.0, -1.0 ],
											"to": [ 2.0, 0.5, 0.0 ],
											"rotationOrigin": [ 1.0, 0.5, 0.0 ],
											"rotationX": -19.0,
											"faces": {
												"north": { "texture": "#livermushroom", "uv": [ 3.5, 14.5, 5.5, 15.0 ] },
												"east": { "texture": "#livermushroom", "uv": [ 4.5, 15.0, 5.5, 15.5 ] },
												"west": { "texture": "#livermushroom", "uv": [ 5.0, 14.0, 6.0, 14.5 ] },
												"up": { "texture": "#livermushroom", "uv": [ 3.0, 4.5, 5.0, 5.5 ] },
												"down": { "texture": "#pores", "uv": [ 1.5, 1.0, 3.5, 2.0 ] }
											}
										},
										{
											"name": "Cube30",
											"from": [ 2.0, 0.0, 0.0 ],
											"to": [ 3.0, 0.5, 2.0 ],
											"rotationOrigin": [ 2.0, 0.5, 1.0 ],
											"rotationZ": -28.0,
											"faces": {
												"north": { "texture": "#livermushroom", "uv": [ 3.0, 15.5, 4.0, 16.0 ] },
												"east": { "texture": "#livermushroom", "uv": [ 4.5, 15.5, 6.5, 16.0 ] },
												"south": { "texture": "#livermushroom", "uv": [ 5.5, 15.0, 6.5, 15.5 ] },
												"up": { "texture": "#livermushroom", "uv": [ 4.0, 0.5, 5.0, 2.5 ] },
												"down": { "texture": "#pores", "uv": [ 2.5, 1.0, 3.5, 3.0 ] }
											}
										},
										{
											"name": "Cube31",
											"from": [ -1.0, 0.0, 0.0 ],
											"to": [ 0.0, 0.5, 2.0 ],
											"rotationOrigin": [ 0.0, 0.5, 1.0 ],
											"rotationZ": 25.0,
											"faces": {
												"north": { "texture": "#livermushroom", "uv": [ 2.5, 15.0, 3.5, 15.5 ] },
												"south": { "texture": "#livermushroom", "uv": [ 4.0, 15.5, 5.0, 16.0 ] },
												"west": { "texture": "#livermushroom", "uv": [ 2.5, 15.0, 4.5, 15.5 ] },
												"up": { "texture": "#livermushroom", "uv": [ 4.5, 2.0, 5.5, 4.0 ] },
												"down": { "texture": "#pores", "uv": [ 1.5, 1.0, 2.5, 3.0 ] }
											}
										}
									]
								}
							]
						}
					]
				},
				{
					"name": "medium small",
					"from": [ 0.2, 5.9, 8.2 ],
					"to": [ 0.8, 7.9, 8.8 ],
					"rotationOrigin": [ 0.5, 5.9, 8.5 ],
					"rotationX": -65.0,
					"rotationY": 16.0,
					"rotationZ": -4.0,
					"faces": {
						"north": { "texture": "#livermushroom", "uv": [ 11.5, 12.0, 12.0, 14.0 ] },
						"east": { "texture": "#livermushroom", "uv": [ 13.0, 13.5, 13.5, 15.5 ] },
						"south": { "texture": "#livermushroom", "uv": [ 10.5, 13.5, 11.0, 15.5 ] },
						"west": { "texture": "#livermushroom", "uv": [ 10.0, 14.0, 10.5, 16.0 ] },
						"up": { "texture": "#livermushroom", "uv": [ 9.5, 11.0, 10.0, 11.5 ], "windMode": [-1,-1,-1,-1] },
						"down": { "texture": "#livermushroom", "uv": [ 11.0, 14.5, 11.5, 15.0 ] }
					},
					"children": [
						{
							"name": "stem",
							"from": [ 0.1, 1.7, 0.0 ],
							"to": [ 0.7, 3.7, 0.6 ],
							"rotationOrigin": [ 0.4, 1.7, 0.3 ],
							"rotationX": 22.0,
							"rotationZ": 26.0,
							"faces": {
								"north": { "texture": "#livermushroom", "uv": [ 11.5, 11.0, 12.0, 13.0 ] },
								"east": { "texture": "#livermushroom", "uv": [ 14.0, 11.0, 14.5, 13.0 ] },
								"south": { "texture": "#livermushroom", "uv": [ 11.5, 10.5, 12.0, 12.5 ] },
								"west": { "texture": "#livermushroom", "uv": [ 10.5, 10.5, 11.0, 12.5 ] }
							},
							"children": [
								{
									"name": "cap",
									"from": [ -1.028, 1.7676, -1.1223 ],
									"to": [ 1.972, 2.2676, 1.8777 ],
									"rotationOrigin": [ 0.472, 1.7676, 0.3777 ],
									"rotationX": -4.496,
									"rotationY": 2.19,
									"rotationZ": -13.914,
									"faces": {
										"up": { "texture": "#livermushroom", "uv": [ 0.5, 4.5, 3.5, 7.5 ] },
										"down": { "texture": "#pores", "uv": [ 1.0, 0.5, 4.0, 3.5 ] }
									},
									"children": [
										{
											"name": "Cube1",
											"from": [ 0.0, 0.0, 3.0 ],
											"to": [ 3.0, 0.5, 4.0 ],
											"rotationOrigin": [ 1.5, 0.5, 3.0 ],
											"rotationX": 28.0,
											"faces": {
												"east": { "texture": "#livermushroom", "uv": [ 2.5, 14.5, 3.5, 15.0 ] },
												"south": { "texture": "#livermushroom", "uv": [ 3.5, 15.0, 6.5, 15.5 ] },
												"west": { "texture": "#livermushroom", "uv": [ 4.0, 15.0, 5.0, 15.5 ] },
												"up": { "texture": "#livermushroom", "uv": [ 0.5, 4.0, 3.5, 5.0 ] },
												"down": { "texture": "#pores", "uv": [ 0.0, 0.0, 3.0, 1.0 ] }
											}
										},
										{
											"name": "Cube24",
											"from": [ 0.0, 0.0, -1.0 ],
											"to": [ 3.0, 0.5, 0.0 ],
											"rotationOrigin": [ 1.5, 0.5, 0.0 ],
											"rotationX": -14.0,
											"faces": {
												"north": { "texture": "#livermushroom", "uv": [ 2.0, 15.5, 5.0, 16.0 ] },
												"east": { "texture": "#livermushroom", "uv": [ 3.0, 15.0, 4.0, 15.5 ] },
												"west": { "texture": "#livermushroom", "uv": [ 3.5, 15.5, 4.5, 16.0 ] },
												"up": { "texture": "#livermushroom", "uv": [ 1.0, 7.5, 4.0, 8.5 ] },
												"down": { "texture": "#pores", "uv": [ 4.5, 2.5, 7.5, 3.5 ] }
											}
										},
										{
											"name": "Cube25",
											"from": [ 3.0, 0.0, 0.0 ],
											"to": [ 4.0, 0.5, 3.0 ],
											"rotationOrigin": [ 3.0, 0.5, 1.5 ],
											"rotationZ": -28.0,
											"faces": {
												"north": { "texture": "#livermushroom", "uv": [ 6.5, 15.5, 7.5, 16.0 ] },
												"east": { "texture": "#livermushroom", "uv": [ 3.5, 15.0, 6.5, 15.5 ] },
												"south": { "texture": "#livermushroom", "uv": [ 2.5, 14.0, 3.5, 14.5 ] },
												"up": { "texture": "#livermushroom", "uv": [ 4.5, 6.0, 5.5, 9.0 ] },
												"down": { "texture": "#pores", "uv": [ 3.0, 3.0, 4.0, 6.0 ] }
											}
										},
										{
											"name": "Cube26",
											"from": [ -1.0, 0.0, 0.0 ],
											"to": [ 0.0, 0.5, 3.0 ],
											"rotationOrigin": [ 0.0, 0.5, 1.5 ],
											"rotationZ": 33.0,
											"faces": {
												"north": { "texture": "#livermushroom", "uv": [ 4.5, 14.5, 5.5, 15.0 ] },
												"south": { "texture": "#livermushroom", "uv": [ 2.0, 14.5, 3.0, 15.0 ] },
												"west": { "texture": "#livermushroom", "uv": [ 2.0, 15.0, 5.0, 15.5 ] },
												"up": { "texture": "#livermushroom", "uv": [ 5.5, 5.0, 6.5, 8.0 ] },
												"down": { "texture": "#pores", "uv": [ 6.0, 2.5, 7.0, 5.5 ] }
											}
										}
									]
								}
							]
						}
					]
				}
			]
		}
	]}