{
	"editor": {
		"allAngles": true,
		"entityTextureMode": false
	},
	"textureWidth": 16,
	"textureHeight": 16,
	"textureSizes": {
	},
	"textures": {
		"orangeoakbolete": "game:block/plant/mushroom/orangeoakbolete/orangeoakbolete",
		"pores": "game:block/plant/mushroom/pores",
		"linen": "item/food/growbag/ungrown"
	},
	"elements": [
		{
			"name": "floor",
			"from": [ 4.0, 0.0, 6.0 ],
			"to": [ 12.0, 8.0, 10.0 ],
			"rotationOrigin": [ -2.0, -1.0, 0.0 ],
			"faces": {
				"north": { "texture": "#linen", "uv": [ 3.0, 4.5, 11.0, 12.5 ] },
				"east": { "texture": "#linen", "uv": [ 5.0, 3.0, 9.0, 11.0 ] },
				"south": { "texture": "#linen", "uv": [ 2.0, 6.0, 10.0, 14.0 ] },
				"west": { "texture": "#linen", "uv": [ 6.0, 5.0, 10.0, 13.0 ] },
				"up": { "texture": "#linen", "uv": [ 5.5, 4.0, 13.5, 8.0 ] },
				"down": { "texture": "#linen", "uv": [ 2.0, 5.0, 10.0, 9.0 ] }
			},
			"children": [
				{
					"name": "N",
					"from": [ 0.0, 0.0, -1.0 ],
					"to": [ 8.0, 6.0, 0.0 ],
					"faces": {
						"north": { "texture": "#linen", "uv": [ 6.0, 9.5, 14.0, 15.5 ] },
						"east": { "texture": "#linen", "uv": [ 4.0, 10.0, 5.0, 16.0 ] },
						"west": { "texture": "#linen", "uv": [ 6.0, 9.5, 7.0, 15.5 ] },
						"up": { "texture": "#linen", "uv": [ 4.0, 5.0, 12.0, 6.0 ] },
						"down": { "texture": "#linen", "uv": [ 3.0, 15.0, 11.0, 16.0 ] }
					}
				},
				{
					"name": "S",
					"from": [ 0.0, 0.0, 4.0 ],
					"to": [ 8.0, 6.0, 5.0 ],
					"faces": {
						"east": { "texture": "#linen", "uv": [ 5.5, 10.0, 6.5, 16.0 ] },
						"south": { "texture": "#linen", "uv": [ 4.0, 10.0, 12.0, 16.0 ] },
						"west": { "texture": "#linen", "uv": [ 6.0, 10.0, 7.0, 16.0 ] },
						"up": { "texture": "#linen", "uv": [ 2.0, 6.0, 10.0, 7.0 ] },
						"down": { "texture": "#linen", "uv": [ 3.0, 15.0, 11.0, 16.0 ] }
					}
				},
				{
					"name": "W",
					"from": [ -1.0, 0.0, 0.0 ],
					"to": [ 0.0, 6.0, 4.0 ],
					"faces": {
						"north": { "texture": "#linen", "uv": [ 11.5, 9.5, 12.5, 15.5 ] },
						"south": { "texture": "#linen", "uv": [ 7.0, 10.0, 8.0, 16.0 ] },
						"west": { "texture": "#linen", "uv": [ 4.5, 10.0, 8.5, 16.0 ] },
						"up": { "texture": "#linen", "uv": [ 9.0, 3.0, 10.0, 7.0 ] },
						"down": { "texture": "#linen", "uv": [ 4.0, 15.0, 8.0, 16.0 ], "rotation": 90 }
					}
				},
				{
					"name": "E",
					"from": [ 8.0, 0.0, 0.0 ],
					"to": [ 9.0, 6.0, 4.0 ],
					"rotationOrigin": [ 4.0, 0.0, 0.0 ],
					"faces": {
						"north": { "texture": "#linen", "uv": [ 10.0, 10.0, 11.0, 16.0 ] },
						"east": { "texture": "#linen", "uv": [ 8.5, 9.5, 12.5, 15.5 ] },
						"south": { "texture": "#linen", "uv": [ 8.0, 10.0, 9.0, 16.0 ] },
						"up": { "texture": "#linen", "uv": [ 8.0, 2.0, 9.0, 6.0 ] },
						"down": { "texture": "#linen", "uv": [ 2.0, 15.0, 6.0, 16.0 ], "rotation": 90 }
					}
				}
			]
		},
		{
			"name": "origin",
			"from": [ 8.0, 8.0, 8.0 ],
			"to": [ 8.0, 8.0, 8.0 ],
			"rotationOrigin": [ 8.0, 8.0, 8.0 ],
			"faces": {
			},
			"children": [
				{
					"name": "single voxel11",
					"from": [ 1.0, -3.0, 2.6 ],
					"to": [ 2.0, -2.5, 3.6 ],
					"rotationOrigin": [ 1.5, -3.0, 3.1 ],
					"rotationY": 5.0,
					"faces": {
						"north": { "texture": "#orangeoakbolete", "uv": [ 8.5, 14.0, 9.5, 14.5 ] },
						"east": { "texture": "#orangeoakbolete", "uv": [ 6.5, 12.0, 7.5, 12.5 ] },
						"south": { "texture": "#orangeoakbolete", "uv": [ 5.0, 13.0, 6.0, 13.5 ] },
						"west": { "texture": "#orangeoakbolete", "uv": [ 8.0, 10.5, 9.0, 11.0 ] },
						"up": { "texture": "#orangeoakbolete", "uv": [ 10.0, 11.5, 11.0, 12.5 ] },
						"down": { "texture": "#orangeoakbolete", "uv": [ 5.0, 10.5, 6.0, 11.5 ] }
					}
				},
				{
					"name": "tiny22",
					"from": [ 3.0, 0.0, 0.0 ],
					"to": [ 4.0, 0.5, 1.0 ],
					"rotationOrigin": [ 3.5, 0.0, 0.5 ],
					"rotationX": 1.0,
					"rotationY": 20.0,
					"rotationZ": 2.0,
					"faces": {
						"north": { "texture": "#orangeoakbolete", "uv": [ 8.0, 13.0, 9.0, 13.5 ] },
						"east": { "texture": "#orangeoakbolete", "uv": [ 10.0, 11.0, 11.0, 11.5 ] },
						"south": { "texture": "#orangeoakbolete", "uv": [ 9.0, 15.0, 10.0, 15.5 ] },
						"west": { "texture": "#orangeoakbolete", "uv": [ 7.0, 13.0, 8.0, 13.5 ] },
						"down": { "texture": "#orangeoakbolete", "uv": [ 2.0, 14.0, 3.0, 15.0 ] }
					},
					"children": [
						{
							"name": "Cube26",
							"from": [ -0.1, 0.5, -0.1 ],
							"to": [ 1.1, 1.0, 1.1 ],
							"rotationOrigin": [ -0.1, 0.0, -0.1 ],
							"faces": {
								"north": { "texture": "#orangeoakbolete", "uv": [ 12.0, 3.0, 13.0, 3.5 ] },
								"east": { "texture": "#orangeoakbolete", "uv": [ 12.0, 3.0, 13.0, 3.5 ] },
								"south": { "texture": "#orangeoakbolete", "uv": [ 10.0, 3.5, 11.0, 4.0 ] },
								"west": { "texture": "#orangeoakbolete", "uv": [ 13.0, 4.0, 14.0, 4.5 ] },
								"up": { "texture": "#orangeoakbolete", "uv": [ 10.5, 3.0, 11.5, 4.0 ] },
								"down": { "texture": "#pores", "uv": [ 4.5, 3.5, 5.5, 4.5 ] }
							}
						}
					]
				},
				{
					"name": "tiny20",
					"from": [ -2.0, 0.0, -1.0 ],
					"to": [ -1.0, 0.5, 0.0 ],
					"rotationOrigin": [ -1.5, 0.0, -0.5 ],
					"rotationX": 3.0,
					"rotationY": 10.0,
					"rotationZ": -4.0,
					"faces": {
						"north": { "texture": "#orangeoakbolete", "uv": [ 10.0, 14.5, 11.0, 15.0 ] },
						"east": { "texture": "#orangeoakbolete", "uv": [ 10.0, 12.0, 11.0, 12.5 ] },
						"south": { "texture": "#orangeoakbolete", "uv": [ 7.5, 10.5, 8.5, 11.0 ] },
						"west": { "texture": "#orangeoakbolete", "uv": [ 9.0, 9.0, 10.0, 9.5 ] },
						"down": { "texture": "#orangeoakbolete", "uv": [ 2.0, 14.0, 3.0, 15.0 ] }
					},
					"children": [
						{
							"name": "Cube21",
							"from": [ -0.3, -3.6, 3.3 ],
							"to": [ 1.2, -2.6, 4.8 ],
							"rotationOrigin": [ -0.1, -4.1, 3.5 ],
							"faces": {
								"north": { "texture": "#orangeoakbolete", "uv": [ 3.5, 4.0, 5.0, 5.0 ] },
								"east": { "texture": "#orangeoakbolete", "uv": [ 2.5, 6.5, 4.0, 7.5 ] },
								"south": { "texture": "#orangeoakbolete", "uv": [ 4.0, 5.5, 5.5, 6.5 ] },
								"west": { "texture": "#orangeoakbolete", "uv": [ 3.0, 5.5, 4.5, 6.5 ] },
								"up": { "texture": "#orangeoakbolete", "uv": [ 4.5, 2.0, 6.0, 3.5 ] },
								"down": { "texture": "#pores", "uv": [ 3.0, 4.0, 4.5, 5.5 ] }
							}
						}
					]
				},
				{
					"name": "tiny24",
					"from": [ 1.0, 0.0, -1.0 ],
					"to": [ 2.5, 0.5, 0.5 ],
					"rotationOrigin": [ 2.0, 0.0, 0.0 ],
					"rotationX": -4.0,
					"rotationY": -6.0,
					"rotationZ": 2.0,
					"faces": {
						"north": { "texture": "#orangeoakbolete", "uv": [ 3.0, 13.0, 4.5, 13.5 ] },
						"east": { "texture": "#orangeoakbolete", "uv": [ 6.0, 12.5, 7.5, 13.0 ] },
						"south": { "texture": "#orangeoakbolete", "uv": [ 3.5, 10.5, 5.0, 11.0 ] },
						"west": { "texture": "#orangeoakbolete", "uv": [ 9.0, 9.0, 10.5, 9.5 ] },
						"down": { "texture": "#orangeoakbolete", "uv": [ 2.0, 14.0, 3.5, 15.5 ] }
					},
					"children": [
						{
							"name": "Cube25",
							"from": [ -0.2, 0.5, -0.2 ],
							"to": [ 1.8, 2.0, 1.8 ],
							"faces": {
								"north": { "texture": "#orangeoakbolete", "uv": [ 1.5, 5.0, 3.5, 6.5 ] },
								"east": { "texture": "#orangeoakbolete", "uv": [ 4.5, 2.5, 6.5, 4.0 ] },
								"south": { "texture": "#orangeoakbolete", "uv": [ 2.0, 3.0, 4.0, 4.5 ] },
								"west": { "texture": "#orangeoakbolete", "uv": [ 7.0, 5.0, 9.0, 6.5 ] },
								"up": { "texture": "#orangeoakbolete", "uv": [ 6.0, 6.0, 8.0, 8.0 ] },
								"down": { "texture": "#pores", "uv": [ 2.5, 2.0, 4.5, 4.0 ] }
							}
						}
					]
				},
				{
					"name": "medium",
					"from": [ -3.0, 0.0, -1.0 ],
					"to": [ -1.0, 1.0, 1.0 ],
					"rotationOrigin": [ -2.0, 0.0, 0.0 ],
					"rotationY": -20.0,
					"rotationZ": 3.0,
					"faces": {
						"north": { "texture": "#orangeoakbolete", "uv": [ 7.0, 12.5, 9.0, 13.5 ] },
						"east": { "texture": "#orangeoakbolete", "uv": [ 10.5, 12.0, 12.5, 13.0 ] },
						"south": { "texture": "#orangeoakbolete", "uv": [ 4.0, 12.0, 6.0, 13.0 ] },
						"west": { "texture": "#orangeoakbolete", "uv": [ 10.5, 14.5, 12.5, 15.5 ] },
						"down": { "texture": "#orangeoakbolete", "uv": [ 2.0, 14.0, 4.0, 16.0 ] }
					},
					"children": [
						{
							"name": "Cube2",
							"from": [ -0.5, 1.0, -0.5 ],
							"to": [ 2.5, 3.0, 2.4 ],
							"faces": {
								"north": { "texture": "#orangeoakbolete", "uv": [ 11.5, 4.5, 14.5, 6.5 ] },
								"east": { "texture": "#orangeoakbolete", "uv": [ 11.0, 5.0, 13.5, 7.0 ] },
								"south": { "texture": "#orangeoakbolete", "uv": [ 11.0, 5.5, 14.0, 7.5 ] },
								"west": { "texture": "#orangeoakbolete", "uv": [ 12.0, 6.0, 14.5, 8.0 ] },
								"up": { "texture": "#orangeoakbolete", "uv": [ 11.0, 3.5, 14.0, 6.0 ] },
								"down": { "texture": "#pores", "uv": [ 3.0, 2.0, 6.0, 4.5 ] }
							},
							"children": [
								{
									"name": "Cube3",
									"from": [ 0.5, 2.0, 0.5 ],
									"to": [ 2.5, 2.5, 2.5 ],
									"faces": {
										"north": { "texture": "#orangeoakbolete", "uv": [ 11.5, 3.0, 13.5, 3.5 ] },
										"east": { "texture": "#orangeoakbolete", "uv": [ 12.5, 2.5, 14.5, 3.0 ] },
										"south": { "texture": "#orangeoakbolete", "uv": [ 12.0, 1.0, 14.0, 1.5 ] },
										"west": { "texture": "#orangeoakbolete", "uv": [ 12.0, 2.0, 14.0, 2.5 ] },
										"up": { "texture": "#orangeoakbolete", "uv": [ 12.5, 2.0, 14.5, 4.0 ] }
									}
								}
							]
						}
					]
				},
				{
					"name": "medium2",
					"from": [ -5.0, -2.9, -1.1 ],
					"to": [ -3.0, -0.9, 0.9 ],
					"rotationOrigin": [ -4.0, -2.9, -0.1 ],
					"rotationX": 3.0,
					"rotationY": -8.0,
					"rotationZ": 28.0,
					"faces": {
						"north": { "texture": "#orangeoakbolete", "uv": [ 7.0, 12.5, 9.0, 14.5 ] },
						"east": { "texture": "#orangeoakbolete", "uv": [ 10.5, 12.0, 12.5, 14.0 ] },
						"south": { "texture": "#orangeoakbolete", "uv": [ 4.0, 12.0, 6.0, 14.0 ] },
						"west": { "texture": "#orangeoakbolete", "uv": [ 10.5, 13.5, 12.5, 15.5 ] },
						"down": { "texture": "#orangeoakbolete", "uv": [ 2.0, 13.5, 4.0, 15.5 ] }
					},
					"children": [
						{
							"name": "Cube4",
							"from": [ -0.5, 2.0, -0.5 ],
							"to": [ 2.5, 4.0, 2.4 ],
							"rotationOrigin": [ 0.0, 1.0, 0.0 ],
							"faces": {
								"north": { "texture": "#orangeoakbolete", "uv": [ 11.5, 4.5, 14.5, 6.5 ] },
								"east": { "texture": "#orangeoakbolete", "uv": [ 11.0, 5.0, 13.5, 7.0 ] },
								"south": { "texture": "#orangeoakbolete", "uv": [ 11.0, 5.5, 14.0, 7.5 ] },
								"west": { "texture": "#orangeoakbolete", "uv": [ 12.0, 6.0, 14.5, 8.0 ] },
								"up": { "texture": "#orangeoakbolete", "uv": [ 11.0, 3.5, 14.0, 6.0 ] },
								"down": { "texture": "#pores", "uv": [ 3.0, 2.0, 6.0, 4.5 ] }
							},
							"children": [
								{
									"name": "Cube5",
									"from": [ 0.5, 2.0, 0.5 ],
									"to": [ 2.5, 2.5, 2.5 ],
									"faces": {
										"north": { "texture": "#orangeoakbolete", "uv": [ 11.5, 3.0, 13.5, 3.5 ] },
										"east": { "texture": "#orangeoakbolete", "uv": [ 12.5, 2.5, 14.5, 3.0 ] },
										"south": { "texture": "#orangeoakbolete", "uv": [ 12.0, 1.0, 14.0, 1.5 ] },
										"west": { "texture": "#orangeoakbolete", "uv": [ 12.0, 2.0, 14.0, 2.5 ] },
										"up": { "texture": "#orangeoakbolete", "uv": [ 12.5, 2.0, 14.5, 4.0 ] }
									}
								}
							]
						}
					]
				}
			]
		}
	]}