{
	"editor": {
		"allAngles": true,
		"entityTextureMode": false
	},
	"textureWidth": 16,
	"textureHeight": 16,
	"textureSizes": {
	},
	"textures": {
		"pinkbonnet": "game:block/plant/mushroom/pinkbonnet/pinkbonnet",
		"linen": "item/food/growbag/ungrown"
	},
	"elements": [
		{
			"name": "floor",
			"from": [ 4.0, 0.0, 6.0 ],
			"to": [ 12.0, 8.0, 10.0 ],
			"rotationOrigin": [ -2.0, -1.0, 0.0 ],
			"faces": {
				"north": { "texture": "#linen", "uv": [ 3.0, 4.5, 11.0, 12.5 ] },
				"east": { "texture": "#linen", "uv": [ 5.0, 3.0, 9.0, 11.0 ] },
				"south": { "texture": "#linen", "uv": [ 2.0, 6.0, 10.0, 14.0 ] },
				"west": { "texture": "#linen", "uv": [ 6.0, 5.0, 10.0, 13.0 ] },
				"up": { "texture": "#linen", "uv": [ 5.5, 4.0, 13.5, 8.0 ] },
				"down": { "texture": "#linen", "uv": [ 2.0, 5.0, 10.0, 9.0 ] }
			},
			"children": [
				{
					"name": "N",
					"from": [ 0.0, 0.0, -1.0 ],
					"to": [ 8.0, 6.0, 0.0 ],
					"faces": {
						"north": { "texture": "#linen", "uv": [ 6.0, 9.5, 14.0, 15.5 ] },
						"east": { "texture": "#linen", "uv": [ 4.0, 10.0, 5.0, 16.0 ] },
						"west": { "texture": "#linen", "uv": [ 6.0, 9.5, 7.0, 15.5 ] },
						"up": { "texture": "#linen", "uv": [ 4.0, 5.0, 12.0, 6.0 ] },
						"down": { "texture": "#linen", "uv": [ 3.0, 15.0, 11.0, 16.0 ] }
					}
				},
				{
					"name": "S",
					"from": [ 0.0, 0.0, 4.0 ],
					"to": [ 8.0, 6.0, 5.0 ],
					"faces": {
						"east": { "texture": "#linen", "uv": [ 5.5, 10.0, 6.5, 16.0 ] },
						"south": { "texture": "#linen", "uv": [ 4.0, 10.0, 12.0, 16.0 ] },
						"west": { "texture": "#linen", "uv": [ 6.0, 10.0, 7.0, 16.0 ] },
						"up": { "texture": "#linen", "uv": [ 2.0, 6.0, 10.0, 7.0 ] },
						"down": { "texture": "#linen", "uv": [ 3.0, 15.0, 11.0, 16.0 ] }
					}
				},
				{
					"name": "W",
					"from": [ -1.0, 0.0, 0.0 ],
					"to": [ 0.0, 6.0, 4.0 ],
					"faces": {
						"north": { "texture": "#linen", "uv": [ 11.5, 9.5, 12.5, 15.5 ] },
						"south": { "texture": "#linen", "uv": [ 7.0, 10.0, 8.0, 16.0 ] },
						"west": { "texture": "#linen", "uv": [ 4.5, 10.0, 8.5, 16.0 ] },
						"up": { "texture": "#linen", "uv": [ 9.0, 3.0, 10.0, 7.0 ] },
						"down": { "texture": "#linen", "uv": [ 4.0, 15.0, 8.0, 16.0 ], "rotation": 90 }
					}
				},
				{
					"name": "E",
					"from": [ 8.0, 0.0, 0.0 ],
					"to": [ 9.0, 6.0, 4.0 ],
					"rotationOrigin": [ 4.0, 0.0, 0.0 ],
					"faces": {
						"north": { "texture": "#linen", "uv": [ 10.0, 10.0, 11.0, 16.0 ] },
						"east": { "texture": "#linen", "uv": [ 8.5, 9.5, 12.5, 15.5 ] },
						"south": { "texture": "#linen", "uv": [ 8.0, 10.0, 9.0, 16.0 ] },
						"up": { "texture": "#linen", "uv": [ 8.0, 2.0, 9.0, 6.0 ] },
						"down": { "texture": "#linen", "uv": [ 2.0, 15.0, 6.0, 16.0 ], "rotation": 90 }
					}
				}
			]
		},
		{
			"name": "origin",
			"from": [ 8.0, 0.0, 19.0 ],
			"to": [ 8.0, 0.0, 19.0 ],
			"rotationOrigin": [ 8.0, 0.0, 19.0 ],
			"rotationY": 180.0,
			"faces": {
			},
			"children": [
				{
					"name": "stem1",
					"from": [ -1.8, 1.7, 8.0 ],
					"to": [ -1.4, 3.2, 8.4 ],
					"rotationOrigin": [ -1.6, 1.8, 8.2 ],
					"rotationX": -36.0,
					"rotationY": 28.0,
					"rotationZ": -6.0,
					"faces": {
						"north": { "texture": "#pinkbonnet", "uv": [ 11.0, 12.0, 11.5, 13.5 ] },
						"east": { "texture": "#pinkbonnet", "uv": [ 10.5, 11.5, 11.0, 13.0 ] },
						"south": { "texture": "#pinkbonnet", "uv": [ 9.0, 12.0, 9.5, 13.5 ] },
						"west": { "texture": "#pinkbonnet", "uv": [ 12.0, 11.5, 12.5, 13.0 ] },
						"up": { "texture": "#pinkbonnet", "uv": [ 10.5, 10.5, 11.0, 11.0 ], "windMode": [-1,-1,-1,-1] },
						"down": { "texture": "#pinkbonnet", "uv": [ 10.0, 12.0, 10.5, 12.5 ], "windMode": [-1,-1,-1,-1] }
					},
					"children": [
						{
							"name": "cap1",
							"from": [ -0.2, 1.4, -0.3 ],
							"to": [ 0.8, 2.4, 0.7 ],
							"rotationOrigin": [ 0.3, 1.4, 0.2 ],
							"rotationY": 55.0,
							"rotationZ": 8.0,
							"faces": {
								"north": { "texture": "#pinkbonnet", "uv": [ 3.0, 9.0, 4.0, 10.0 ] },
								"east": { "texture": "#pinkbonnet", "uv": [ 1.5, 10.5, 2.5, 11.5 ] },
								"south": { "texture": "#pinkbonnet", "uv": [ 0.5, 8.5, 1.5, 9.5 ] },
								"west": { "texture": "#pinkbonnet", "uv": [ 1.5, 11.0, 2.5, 12.0 ] },
								"up": { "texture": "#pinkbonnet", "uv": [ 3.5, 11.0, 4.5, 12.0 ] },
								"down": { "texture": "#pinkbonnet", "uv": [ 4.5, 9.5, 5.5, 10.5 ] }
							},
							"children": [
								{
									"name": "tip1",
									"from": [ 0.2, 1.0, 0.2 ],
									"to": [ 0.8, 2.0, 0.8 ],
									"rotationOrigin": [ 0.9, 1.0, 0.9 ],
									"faces": {
										"north": { "texture": "#pinkbonnet", "uv": [ 4.0, 2.5, 4.5, 3.5 ] },
										"east": { "texture": "#pinkbonnet", "uv": [ 6.0, 1.0, 6.5, 2.0 ] },
										"south": { "texture": "#pinkbonnet", "uv": [ 6.5, 4.0, 7.0, 5.0 ] },
										"west": { "texture": "#pinkbonnet", "uv": [ 6.5, 6.0, 7.0, 7.0 ] },
										"up": { "texture": "#pinkbonnet", "uv": [ 4.0, 5.5, 4.5, 6.0 ] }
									}
								}
							]
						}
					]
				},
				{
					"name": "stem8",
					"from": [ 4.8, 4.8, 9.0 ],
					"to": [ 5.2, 5.8, 9.4 ],
					"rotationOrigin": [ 5.0, 4.9, 9.2 ],
					"rotationX": -72.0,
					"rotationY": -42.0,
					"rotationZ": -14.0,
					"faces": {
						"north": { "texture": "#pinkbonnet", "uv": [ 11.5, 13.0, 12.0, 14.0 ] },
						"east": { "texture": "#pinkbonnet", "uv": [ 10.0, 11.5, 10.5, 12.5 ] },
						"south": { "texture": "#pinkbonnet", "uv": [ 11.0, 12.5, 11.5, 13.5 ] },
						"west": { "texture": "#pinkbonnet", "uv": [ 10.5, 12.5, 11.0, 13.5 ], "windMode": [-1,-1,-1,-1] },
						"up": { "texture": "#pinkbonnet", "uv": [ 11.0, 12.5, 11.5, 13.0 ], "windMode": [-1,-1,-1,-1] },
						"down": { "texture": "#pinkbonnet", "uv": [ 9.0, 13.5, 9.5, 14.0 ] }
					},
					"children": [
						{
							"name": "cap9",
							"from": [ -0.3, 0.9, -0.4 ],
							"to": [ 0.7, 1.9, 0.6 ],
							"rotationOrigin": [ 0.2, 0.9, 0.2 ],
							"rotationX": 58.0,
							"rotationZ": -17.0,
							"faces": {
								"north": { "texture": "#pinkbonnet", "uv": [ 12.0, 3.5, 13.0, 4.5 ] },
								"east": { "texture": "#pinkbonnet", "uv": [ 11.5, 1.5, 12.5, 2.5 ] },
								"south": { "texture": "#pinkbonnet", "uv": [ 11.5, 3.5, 12.5, 4.5 ] },
								"west": { "texture": "#pinkbonnet", "uv": [ 12.0, 4.5, 13.0, 5.5 ] },
								"up": { "texture": "#pinkbonnet", "uv": [ 10.5, 4.5, 11.5, 5.5 ] },
								"down": { "texture": "#pinkbonnet", "uv": [ 11.5, 4.0, 12.5, 5.0 ] }
							},
							"children": [
								{
									"name": "tip9",
									"from": [ 0.2, 1.0, 0.2 ],
									"to": [ 0.8, 2.0, 0.8 ],
									"rotationOrigin": [ 0.2, 1.0, 0.2 ],
									"faces": {
										"north": { "texture": "#pinkbonnet", "uv": [ 0.0, 0.0, 0.5, 1.0 ] },
										"east": { "texture": "#pinkbonnet", "uv": [ 0.0, 0.0, 0.5, 1.0 ] },
										"south": { "texture": "#pinkbonnet", "uv": [ 0.0, 0.0, 0.5, 1.0 ] },
										"west": { "texture": "#pinkbonnet", "uv": [ 0.0, 0.0, 0.5, 1.0 ] },
										"up": { "texture": "#pinkbonnet", "uv": [ 0.0, 0.0, 0.5, 0.5 ] }
									}
								}
							]
						}
					]
				},
				{
					"name": "stem10",
					"from": [ -3.2, 2.8, 7.8 ],
					"to": [ -2.8, 4.3, 8.2 ],
					"rotationOrigin": [ -3.0, 2.9, 8.0 ],
					"rotationX": -36.0,
					"rotationY": 3.0,
					"rotationZ": 6.0,
					"faces": {
						"north": { "texture": "#pinkbonnet", "uv": [ 12.5, 11.5, 13.0, 13.0 ] },
						"east": { "texture": "#pinkbonnet", "uv": [ 11.5, 11.0, 12.0, 12.5 ] },
						"south": { "texture": "#pinkbonnet", "uv": [ 11.5, 13.5, 12.0, 15.0 ] },
						"west": { "texture": "#pinkbonnet", "uv": [ 10.0, 11.5, 10.5, 13.0 ] },
						"up": { "texture": "#pinkbonnet", "uv": [ 10.0, 12.0, 10.5, 12.5 ], "windMode": [-1,-1,-1,-1] },
						"down": { "texture": "#pinkbonnet", "uv": [ 10.5, 13.0, 11.0, 13.5 ] }
					},
					"children": [
						{
							"name": "cap11",
							"from": [ -0.3, 1.3, -0.3 ],
							"to": [ 0.7, 2.8, 0.7 ],
							"rotationOrigin": [ 0.2, 1.3, 0.2 ],
							"rotationX": 25.0,
							"rotationZ": 8.0,
							"faces": {
								"north": { "texture": "#pinkbonnet", "uv": [ 5.5, 3.0, 6.5, 4.5 ] },
								"east": { "texture": "#pinkbonnet", "uv": [ 5.0, 3.5, 6.0, 5.0 ] },
								"south": { "texture": "#pinkbonnet", "uv": [ 3.5, 0.5, 4.5, 2.0 ] },
								"west": { "texture": "#pinkbonnet", "uv": [ 5.0, 6.0, 6.0, 7.5 ] },
								"up": { "texture": "#pinkbonnet", "uv": [ 5.5, 3.0, 6.5, 4.0 ] },
								"down": { "texture": "#pinkbonnet", "uv": [ 5.0, 3.5, 6.0, 4.5 ] }
							},
							"children": [
								{
									"name": "tip12",
									"from": [ 0.2, 1.5, 0.2 ],
									"to": [ 0.8, 2.5, 0.8 ],
									"rotationOrigin": [ 0.9, 1.5, 0.9 ],
									"faces": {
										"north": { "texture": "#pinkbonnet", "uv": [ 14.5, 6.0, 15.0, 7.0 ] },
										"east": { "texture": "#pinkbonnet", "uv": [ 13.0, 0.5, 13.5, 1.5 ] },
										"south": { "texture": "#pinkbonnet", "uv": [ 11.0, 5.5, 11.5, 6.5 ] },
										"west": { "texture": "#pinkbonnet", "uv": [ 12.5, 3.0, 13.0, 4.0 ] },
										"up": { "texture": "#pinkbonnet", "uv": [ 12.0, 3.0, 12.5, 3.5 ] }
									}
								}
							]
						}
					]
				},
				{
					"name": "stem13",
					"from": [ -2.3, 5.8, 8.1 ],
					"to": [ -1.9, 6.8, 8.5 ],
					"rotationOrigin": [ -2.0, 5.9, 8.3 ],
					"rotationX": -42.0,
					"rotationY": -17.0,
					"rotationZ": -8.0,
					"faces": {
						"north": { "texture": "#pinkbonnet", "uv": [ 11.0, 13.0, 11.5, 14.0 ] },
						"east": { "texture": "#pinkbonnet", "uv": [ 13.5, 13.0, 14.0, 14.0 ] },
						"south": { "texture": "#pinkbonnet", "uv": [ 9.5, 11.5, 10.0, 12.5 ] },
						"west": { "texture": "#pinkbonnet", "uv": [ 8.5, 13.5, 9.0, 14.5 ] },
						"up": { "texture": "#pinkbonnet", "uv": [ 10.5, 10.5, 11.0, 11.0 ], "windMode": [-1,-1,-1,-1] },
						"down": { "texture": "#pinkbonnet", "uv": [ 8.5, 14.0, 9.0, 14.5 ] }
					},
					"children": [
						{
							"name": "cap14",
							"from": [ -0.2, 0.9, -0.4 ],
							"to": [ 0.8, 1.9, 0.6 ],
							"rotationOrigin": [ 0.3, 0.9, 0.1 ],
							"rotationX": 17.0,
							"rotationY": 28.0,
							"faces": {
								"north": { "texture": "#pinkbonnet", "uv": [ 4.0, 11.5, 5.0, 12.5 ] },
								"east": { "texture": "#pinkbonnet", "uv": [ 4.0, 11.5, 5.0, 12.5 ] },
								"south": { "texture": "#pinkbonnet", "uv": [ 2.5, 12.0, 3.5, 13.0 ] },
								"west": { "texture": "#pinkbonnet", "uv": [ 4.0, 13.0, 5.0, 14.0 ] },
								"up": { "texture": "#pinkbonnet", "uv": [ 2.5, 13.0, 3.5, 14.0 ] },
								"down": { "texture": "#pinkbonnet", "uv": [ 2.5, 13.5, 3.5, 14.5 ] }
							},
							"children": [
								{
									"name": "tip15",
									"from": [ 0.2, 1.0, 0.2 ],
									"to": [ 0.8, 1.5, 0.7 ],
									"rotationOrigin": [ 0.9, 1.0, 0.9 ],
									"faces": {
										"north": { "texture": "#pinkbonnet", "uv": [ 2.0, 12.0, 2.5, 12.5 ] },
										"east": { "texture": "#pinkbonnet", "uv": [ 3.5, 11.5, 4.0, 12.0 ] },
										"south": { "texture": "#pinkbonnet", "uv": [ 7.0, 12.5, 7.5, 13.0 ] },
										"west": { "texture": "#pinkbonnet", "uv": [ 5.5, 12.5, 6.0, 13.0 ] },
										"up": { "texture": "#pinkbonnet", "uv": [ 6.0, 14.5, 6.5, 15.0 ] }
									}
								}
							]
						}
					]
				},
				{
					"name": "stem16",
					"from": [ 0.8, 5.8, 7.8 ],
					"to": [ 1.2, 6.8, 8.2 ],
					"rotationOrigin": [ 1.0, 5.9, 8.0 ],
					"rotationX": -42.0,
					"rotationY": 17.0,
					"rotationZ": 3.0,
					"faces": {
						"north": { "texture": "#pinkbonnet", "uv": [ 12.0, 12.0, 12.5, 13.0 ] },
						"east": { "texture": "#pinkbonnet", "uv": [ 12.5, 13.5, 13.0, 14.5 ] },
						"south": { "texture": "#pinkbonnet", "uv": [ 11.0, 13.5, 11.5, 14.5 ] },
						"west": { "texture": "#pinkbonnet", "uv": [ 8.5, 13.5, 9.0, 14.5 ] },
						"up": { "texture": "#pinkbonnet", "uv": [ 9.5, 9.5, 10.0, 10.0 ], "windMode": [-1,-1,-1,-1] },
						"down": { "texture": "#pinkbonnet", "uv": [ 11.0, 11.5, 11.5, 12.0 ] }
					},
					"children": [
						{
							"name": "cap17",
							"from": [ -0.3, 0.8, -0.3 ],
							"to": [ 0.7, 1.8, 0.7 ],
							"rotationOrigin": [ 0.2, 0.8, 0.2 ],
							"rotationX": 18.0,
							"rotationY": -22.0,
							"faces": {
								"north": { "texture": "#pinkbonnet", "uv": [ 3.0, 1.5, 4.0, 2.5 ] },
								"east": { "texture": "#pinkbonnet", "uv": [ 1.5, 3.5, 2.5, 4.5 ] },
								"south": { "texture": "#pinkbonnet", "uv": [ 5.5, 4.5, 6.5, 5.5 ] },
								"west": { "texture": "#pinkbonnet", "uv": [ 3.5, 1.0, 4.5, 2.0 ] },
								"up": { "texture": "#pinkbonnet", "uv": [ 6.0, 5.0, 7.0, 6.0 ] },
								"down": { "texture": "#pinkbonnet", "uv": [ 5.0, 5.5, 6.0, 6.5 ] }
							},
							"children": [
								{
									"name": "tip18",
									"from": [ 0.2, 1.0, 0.2 ],
									"to": [ 0.8, 1.5, 0.8 ],
									"rotationOrigin": [ 0.9, 1.0, 0.9 ],
									"faces": {
										"north": { "texture": "#pinkbonnet", "uv": [ 4.0, 6.5, 4.5, 7.0 ] },
										"east": { "texture": "#pinkbonnet", "uv": [ 5.0, 3.0, 5.5, 3.5 ] },
										"south": { "texture": "#pinkbonnet", "uv": [ 4.0, 3.0, 4.5, 3.5 ] },
										"west": { "texture": "#pinkbonnet", "uv": [ 5.0, 3.5, 5.5, 4.0 ] },
										"up": { "texture": "#pinkbonnet", "uv": [ 7.5, 4.0, 8.0, 4.5 ] }
									}
								}
							]
						}
					]
				},
				{
					"name": "stem18",
					"from": [ -4.7, 2.8, 9.0 ],
					"to": [ -4.5, 3.8, 9.2 ],
					"rotationOrigin": [ -4.6, 2.9, 9.1 ],
					"rotationX": -42.0,
					"rotationY": 17.0,
					"rotationZ": 3.0,
					"faces": {
						"north": { "texture": "#pinkbonnet", "uv": [ 10.5, 13.5, 11.0, 14.5 ] },
						"east": { "texture": "#pinkbonnet", "uv": [ 11.5, 13.5, 12.0, 14.5 ] },
						"south": { "texture": "#pinkbonnet", "uv": [ 9.5, 13.0, 10.0, 14.0 ] },
						"west": { "texture": "#pinkbonnet", "uv": [ 11.5, 14.0, 12.0, 15.0 ] },
						"up": { "texture": "#pinkbonnet", "uv": [ 0.0, 0.0, 0.5, 0.5 ], "windMode": [-1,-1,-1,-1] },
						"down": { "texture": "#pinkbonnet", "uv": [ 10.5, 14.0, 11.0, 14.5 ] }
					},
					"children": [
						{
							"name": "cap19",
							"from": [ -0.2, 0.8, -0.2 ],
							"to": [ 0.4, 1.8, 0.4 ],
							"rotationOrigin": [ 0.1, 0.8, 0.1 ],
							"rotationX": 8.0,
							"rotationY": -22.0,
							"faces": {
								"north": { "texture": "#pinkbonnet", "uv": [ 12.0, 2.5, 12.5, 3.5 ] },
								"east": { "texture": "#pinkbonnet", "uv": [ 11.0, 4.0, 11.5, 5.0 ] },
								"south": { "texture": "#pinkbonnet", "uv": [ 11.5, 3.0, 12.0, 4.0 ] },
								"west": { "texture": "#pinkbonnet", "uv": [ 12.5, 3.5, 13.0, 4.5 ] },
								"up": { "texture": "#pinkbonnet", "uv": [ 11.0, 4.5, 11.5, 5.0 ] },
								"down": { "texture": "#pinkbonnet", "uv": [ 13.5, 5.5, 14.0, 6.0 ] }
							}
						}
					]
				},
				{
					"name": "stem20",
					"from": [ 4.9, 1.8, 7.9 ],
					"to": [ 5.1, 2.8, 8.1 ],
					"rotationOrigin": [ 5.0, 1.9, 8.0 ],
					"rotationX": -42.0,
					"rotationY": -19.0,
					"rotationZ": 3.0,
					"faces": {
						"north": { "texture": "#pinkbonnet", "uv": [ 9.5, 11.0, 10.0, 12.0 ] },
						"east": { "texture": "#pinkbonnet", "uv": [ 9.0, 12.5, 9.5, 13.5 ] },
						"south": { "texture": "#pinkbonnet", "uv": [ 9.0, 11.5, 9.5, 12.5 ] },
						"west": { "texture": "#pinkbonnet", "uv": [ 9.0, 12.0, 9.5, 13.0 ] },
						"up": { "texture": "#pinkbonnet", "uv": [ 9.0, 9.0, 9.5, 9.5 ], "windMode": [-1,-1,-1,-1] },
						"down": { "texture": "#pinkbonnet", "uv": [ 8.5, 10.5, 9.0, 11.0 ] }
					},
					"children": [
						{
							"name": "cap21",
							"from": [ -0.2, 1.0, -0.2 ],
							"to": [ 0.4, 2.0, 0.4 ],
							"rotationOrigin": [ 0.1, 1.0, 0.1 ],
							"rotationX": 36.0,
							"rotationY": 6.0,
							"faces": {
								"north": { "texture": "#pinkbonnet", "uv": [ 2.5, 3.0, 3.0, 4.0 ] },
								"east": { "texture": "#pinkbonnet", "uv": [ 3.0, 2.0, 3.5, 3.0 ] },
								"south": { "texture": "#pinkbonnet", "uv": [ 2.5, 1.5, 3.0, 2.5 ] },
								"west": { "texture": "#pinkbonnet", "uv": [ 3.5, 2.0, 4.0, 3.0 ] },
								"up": { "texture": "#pinkbonnet", "uv": [ 2.5, 5.0, 3.0, 5.5 ] },
								"down": { "texture": "#pinkbonnet", "uv": [ 6.5, 5.5, 7.0, 6.0 ] }
							}
						}
					]
				},
				{
					"name": "stem22",
					"from": [ 2.9, 4.8, 7.9 ],
					"to": [ 3.1, 5.8, 8.1 ],
					"rotationOrigin": [ 3.0, 4.9, 8.0 ],
					"rotationX": -42.0,
					"rotationY": 17.0,
					"rotationZ": 3.0,
					"faces": {
						"north": { "texture": "#pinkbonnet", "uv": [ 13.0, 12.5, 13.5, 13.5 ] },
						"east": { "texture": "#pinkbonnet", "uv": [ 12.0, 9.0, 12.5, 10.0 ] },
						"south": { "texture": "#pinkbonnet", "uv": [ 11.0, 12.0, 11.5, 13.0 ] },
						"west": { "texture": "#pinkbonnet", "uv": [ 11.0, 11.5, 11.5, 12.5 ] },
						"up": { "texture": "#pinkbonnet", "uv": [ 11.0, 10.5, 11.5, 11.0 ], "windMode": [-1,-1,-1,-1] },
						"down": { "texture": "#pinkbonnet", "uv": [ 8.5, 13.5, 9.0, 14.0 ] }
					},
					"children": [
						{
							"name": "cap23",
							"from": [ -0.2, 0.8, -0.2 ],
							"to": [ 0.4, 1.8, 0.4 ],
							"rotationOrigin": [ 0.1, 0.8, 0.1 ],
							"rotationX": 8.0,
							"rotationY": -22.0,
							"faces": {
								"north": { "texture": "#pinkbonnet", "uv": [ 11.5, 2.0, 12.0, 3.0 ] },
								"east": { "texture": "#pinkbonnet", "uv": [ 10.5, 3.5, 11.0, 4.5 ] },
								"south": { "texture": "#pinkbonnet", "uv": [ 10.5, 6.0, 11.0, 7.0 ] },
								"west": { "texture": "#pinkbonnet", "uv": [ 9.0, 5.0, 9.5, 6.0 ] },
								"up": { "texture": "#pinkbonnet", "uv": [ 11.0, 5.5, 11.5, 6.0 ] },
								"down": { "texture": "#pinkbonnet", "uv": [ 11.5, 6.5, 12.0, 7.0 ] }
							}
						}
					]
				},
				{
					"name": "stem23",
					"from": [ 0.8, 2.8, 8.0 ],
					"to": [ 1.2, 3.8, 8.4 ],
					"rotationOrigin": [ 1.0, 2.9, 8.2 ],
					"rotationX": -42.0,
					"rotationY": 3.0,
					"rotationZ": 6.0,
					"faces": {
						"north": { "texture": "#pinkbonnet", "uv": [ 10.5, 10.0, 11.0, 11.0 ] },
						"east": { "texture": "#pinkbonnet", "uv": [ 12.0, 12.5, 12.5, 13.5 ] },
						"south": { "texture": "#pinkbonnet", "uv": [ 10.5, 10.5, 11.0, 11.5 ] },
						"west": { "texture": "#pinkbonnet", "uv": [ 10.5, 9.0, 11.0, 10.0 ] },
						"up": { "texture": "#pinkbonnet", "uv": [ 9.0, 10.5, 9.5, 11.0 ], "windMode": [-1,-1,-1,-1] },
						"down": { "texture": "#pinkbonnet", "uv": [ 9.5, 9.0, 10.0, 9.5 ] }
					},
					"children": [
						{
							"name": "cap24",
							"from": [ -0.3, 0.9, -0.2 ],
							"to": [ 0.7, 1.9, 0.8 ],
							"rotationOrigin": [ 0.2, 0.9, 0.3 ],
							"rotationX": 14.0,
							"rotationY": 28.0,
							"faces": {
								"north": { "texture": "#pinkbonnet", "uv": [ 3.5, 3.0, 4.5, 4.0 ] },
								"east": { "texture": "#pinkbonnet", "uv": [ 3.0, 2.5, 4.0, 3.5 ] },
								"south": { "texture": "#pinkbonnet", "uv": [ 3.0, 4.5, 4.0, 5.5 ] },
								"west": { "texture": "#pinkbonnet", "uv": [ 4.5, 5.0, 5.5, 6.0 ] },
								"up": { "texture": "#pinkbonnet", "uv": [ 3.5, 3.0, 4.5, 4.0 ] },
								"down": { "texture": "#pinkbonnet", "uv": [ 5.5, 0.5, 6.5, 1.5 ] }
							},
							"children": [
								{
									"name": "tip24",
									"from": [ 0.2, 1.0, 0.2 ],
									"to": [ 0.8, 1.5, 0.8 ],
									"rotationOrigin": [ 0.9, 1.0, 0.9 ],
									"faces": {
										"north": { "texture": "#pinkbonnet", "uv": [ 4.5, 11.5, 5.0, 12.0 ] },
										"east": { "texture": "#pinkbonnet", "uv": [ 6.0, 4.0, 6.5, 4.5 ] },
										"south": { "texture": "#pinkbonnet", "uv": [ 6.0, 2.0, 6.5, 2.5 ] },
										"west": { "texture": "#pinkbonnet", "uv": [ 5.0, 7.0, 5.5, 7.5 ] },
										"up": { "texture": "#pinkbonnet", "uv": [ 4.5, 7.0, 5.0, 7.5 ] }
									}
								}
							]
						}
					]
				}
			]
		}
	]}