{
	"editor": {
		"allAngles": true,
		"entityTextureMode": false
	},
	"textureWidth": 16,
	"textureHeight": 16,
	"textureSizes": {
	},
	"textures": {
		"redwinecap": "game:block/plant/mushroom/redwinecap/redwinecap",
		"linen": "item/food/growbag/ungrown"
	},
	"elements": [
		{
			"name": "floor",
			"from": [ 4.0, 0.0, 6.0 ],
			"to": [ 12.0, 8.0, 10.0 ],
			"rotationOrigin": [ -2.0, -1.0, 0.0 ],
			"faces": {
				"north": { "texture": "#linen", "uv": [ 3.0, 4.5, 11.0, 12.5 ] },
				"east": { "texture": "#linen", "uv": [ 5.0, 3.0, 9.0, 11.0 ] },
				"south": { "texture": "#linen", "uv": [ 2.0, 6.0, 10.0, 14.0 ] },
				"west": { "texture": "#linen", "uv": [ 6.0, 5.0, 10.0, 13.0 ] },
				"up": { "texture": "#linen", "uv": [ 5.5, 4.0, 13.5, 8.0 ] },
				"down": { "texture": "#linen", "uv": [ 2.0, 5.0, 10.0, 9.0 ] }
			},
			"children": [
				{
					"name": "N",
					"from": [ 0.0, 0.0, -1.0 ],
					"to": [ 8.0, 6.0, 0.0 ],
					"faces": {
						"north": { "texture": "#linen", "uv": [ 6.0, 9.5, 14.0, 15.5 ] },
						"east": { "texture": "#linen", "uv": [ 4.0, 10.0, 5.0, 16.0 ] },
						"west": { "texture": "#linen", "uv": [ 6.0, 9.5, 7.0, 15.5 ] },
						"up": { "texture": "#linen", "uv": [ 4.0, 5.0, 12.0, 6.0 ] },
						"down": { "texture": "#linen", "uv": [ 3.0, 15.0, 11.0, 16.0 ] }
					}
				},
				{
					"name": "S",
					"from": [ 0.0, 0.0, 4.0 ],
					"to": [ 8.0, 6.0, 5.0 ],
					"faces": {
						"east": { "texture": "#linen", "uv": [ 5.5, 10.0, 6.5, 16.0 ] },
						"south": { "texture": "#linen", "uv": [ 4.0, 10.0, 12.0, 16.0 ] },
						"west": { "texture": "#linen", "uv": [ 6.0, 10.0, 7.0, 16.0 ] },
						"up": { "texture": "#linen", "uv": [ 2.0, 6.0, 10.0, 7.0 ] },
						"down": { "texture": "#linen", "uv": [ 3.0, 15.0, 11.0, 16.0 ] }
					}
				},
				{
					"name": "W",
					"from": [ -1.0, 0.0, 0.0 ],
					"to": [ 0.0, 6.0, 4.0 ],
					"faces": {
						"north": { "texture": "#linen", "uv": [ 11.5, 9.5, 12.5, 15.5 ] },
						"south": { "texture": "#linen", "uv": [ 7.0, 10.0, 8.0, 16.0 ] },
						"west": { "texture": "#linen", "uv": [ 4.5, 10.0, 8.5, 16.0 ] },
						"up": { "texture": "#linen", "uv": [ 9.0, 3.0, 10.0, 7.0 ] },
						"down": { "texture": "#linen", "uv": [ 4.0, 15.0, 8.0, 16.0 ], "rotation": 90 }
					}
				},
				{
					"name": "E",
					"from": [ 8.0, 0.0, 0.0 ],
					"to": [ 9.0, 6.0, 4.0 ],
					"rotationOrigin": [ 4.0, 0.0, 0.0 ],
					"faces": {
						"north": { "texture": "#linen", "uv": [ 10.0, 10.0, 11.0, 16.0 ] },
						"east": { "texture": "#linen", "uv": [ 8.5, 9.5, 12.5, 15.5 ] },
						"south": { "texture": "#linen", "uv": [ 8.0, 10.0, 9.0, 16.0 ] },
						"up": { "texture": "#linen", "uv": [ 8.0, 2.0, 9.0, 6.0 ] },
						"down": { "texture": "#linen", "uv": [ 2.0, 15.0, 6.0, 16.0 ], "rotation": 90 }
					}
				}
			]
		},
		{
			"name": "origin",
			"from": [ 8.0, 8.0, 8.0 ],
			"to": [ 8.0, 8.0, 8.0 ],
			"rotationOrigin": [ 8.0, 8.0, 8.0 ],
			"faces": {
			},
			"children": [
				{
					"name": "large",
					"from": [ -4.0, -2.4, -3.0 ],
					"to": [ -2.0, 0.1, -1.0 ],
					"rotationOrigin": [ -3.0, -2.4, -2.0 ],
					"rotationX": -19.0,
					"rotationY": -22.0,
					"rotationZ": 14.0,
					"faces": {
						"north": { "texture": "#redwinecap", "uv": [ 1.0, 9.0, 3.0, 11.5 ] },
						"east": { "texture": "#redwinecap", "uv": [ 0.0, 8.5, 2.0, 11.0 ] },
						"south": { "texture": "#redwinecap", "uv": [ 0.0, 9.0, 2.0, 11.5 ] },
						"west": { "texture": "#redwinecap", "uv": [ 1.0, 9.0, 3.0, 11.5 ] },
						"down": { "texture": "#redwinecap", "uv": [ 0.5, 9.5, 2.5, 11.5 ] }
					},
					"children": [
						{
							"name": "cap1",
							"from": [ -0.7, 2.3, -0.7 ],
							"to": [ 2.8, 4.3, 2.8 ],
							"rotationOrigin": [ 1.0, 2.3, 1.0 ],
							"rotationX": -14.0,
							"rotationY": 6.0,
							"faces": {
								"north": { "texture": "#redwinecap", "uv": [ 12.5, 5.5, 16.0, 7.5 ] },
								"east": { "texture": "#redwinecap", "uv": [ 10.0, 4.5, 13.5, 6.5 ] },
								"south": { "texture": "#redwinecap", "uv": [ 10.5, 5.0, 14.0, 7.0 ] },
								"west": { "texture": "#redwinecap", "uv": [ 8.0, 5.0, 11.5, 7.0 ] },
								"up": { "texture": "#redwinecap", "uv": [ 10.5, 2.0, 14.0, 5.5 ] },
								"down": { "texture": "#redwinecap", "uv": [ 10.0, 10.5, 13.5, 14.0 ] }
							},
							"children": [
								{
									"name": "captop",
									"from": [ 0.4, 2.0, 0.4 ],
									"to": [ 3.0, 2.5, 3.0 ],
									"rotationOrigin": [ 0.2, -0.5, 0.2 ],
									"faces": {
										"north": { "texture": "#redwinecap", "uv": [ 11.5, 4.5, 14.0, 5.0 ] },
										"east": { "texture": "#redwinecap", "uv": [ 10.5, 5.5, 13.0, 6.0 ] },
										"south": { "texture": "#redwinecap", "uv": [ 11.0, 6.0, 13.5, 6.5 ] },
										"west": { "texture": "#redwinecap", "uv": [ 11.0, 5.0, 13.5, 5.5 ] },
										"up": { "texture": "#redwinecap", "uv": [ 11.0, 2.0, 13.5, 4.5 ] }
									}
								}
							]
						},
						{
							"name": "frill1",
							"from": [ -0.2, 1.5, -0.2 ],
							"to": [ 2.2, 1.5, 2.2 ],
							"rotationOrigin": [ 1.0, 1.5, 1.0 ],
							"faces": {
								"up": { "texture": "#redwinecap", "uv": [ 0.0, 0.0, 2.0, 2.0 ] }
							}
						}
					]
				},
				{
					"name": "med",
					"from": [ -3.0, -0.3, 0.0 ],
					"to": [ -1.5, 1.7, 1.5 ],
					"rotationOrigin": [ -2.2, -0.3, 0.7 ],
					"rotationX": 6.0,
					"rotationY": 14.0,
					"rotationZ": 6.0,
					"faces": {
						"north": { "texture": "#redwinecap", "uv": [ 1.0, 9.0, 2.5, 11.0 ] },
						"east": { "texture": "#redwinecap", "uv": [ 0.0, 8.5, 1.5, 10.5 ] },
						"south": { "texture": "#redwinecap", "uv": [ 0.0, 9.0, 1.5, 11.0 ] },
						"west": { "texture": "#redwinecap", "uv": [ 1.0, 9.0, 2.5, 11.0 ] },
						"down": { "texture": "#redwinecap", "uv": [ 0.5, 13.0, 2.0, 14.5 ] }
					},
					"children": [
						{
							"name": "cap7",
							"from": [ -0.5, 1.8, -0.5 ],
							"to": [ 2.0, 3.8, 2.0 ],
							"rotationOrigin": [ 0.8, 1.8, 0.8 ],
							"rotationY": 6.0,
							"rotationZ": -14.0,
							"faces": {
								"north": { "texture": "#redwinecap", "uv": [ 12.5, 5.5, 15.0, 7.5 ] },
								"east": { "texture": "#redwinecap", "uv": [ 10.0, 4.5, 12.5, 6.5 ] },
								"south": { "texture": "#redwinecap", "uv": [ 10.5, 5.0, 13.0, 7.0 ] },
								"west": { "texture": "#redwinecap", "uv": [ 8.0, 5.0, 10.5, 7.0 ] },
								"up": { "texture": "#redwinecap", "uv": [ 10.5, 2.0, 13.0, 4.5 ] },
								"down": { "texture": "#redwinecap", "uv": [ 10.0, 10.5, 12.5, 13.0 ] }
							},
							"children": [
								{
									"name": "captop8",
									"from": [ 0.5, 2.0, 0.5 ],
									"to": [ 2.1, 2.5, 2.1 ],
									"rotationOrigin": [ 0.5, 1.9, 0.5 ],
									"faces": {
										"north": { "texture": "#redwinecap", "uv": [ 11.5, 4.5, 13.0, 5.0 ] },
										"east": { "texture": "#redwinecap", "uv": [ 10.5, 5.5, 12.0, 6.0 ] },
										"south": { "texture": "#redwinecap", "uv": [ 11.0, 6.0, 12.5, 6.5 ] },
										"west": { "texture": "#redwinecap", "uv": [ 11.0, 5.0, 12.5, 5.5 ] },
										"up": { "texture": "#redwinecap", "uv": [ 11.0, 2.0, 12.5, 3.5 ] }
									}
								}
							]
						},
						{
							"name": "frill9",
							"from": [ -0.2, 1.0, -0.2 ],
							"to": [ 1.8, 1.0, 1.8 ],
							"rotationOrigin": [ 0.8, 1.0, 0.8 ],
							"faces": {
								"up": { "texture": "#redwinecap", "uv": [ 0.0, 0.0, 2.0, 2.0 ] }
							}
						}
					]
				},
				{
					"name": "small",
					"from": [ -1.0, -0.1, -2.0 ],
					"to": [ 0.0, 0.9, -1.0 ],
					"rotationOrigin": [ -0.5, -0.1, -1.6 ],
					"rotationY": 22.0,
					"faces": {
						"north": { "texture": "#redwinecap", "uv": [ 1.0, 9.0, 2.0, 10.0 ] },
						"east": { "texture": "#redwinecap", "uv": [ 0.0, 8.5, 1.0, 9.5 ] },
						"south": { "texture": "#redwinecap", "uv": [ 0.0, 9.0, 1.0, 10.0 ] },
						"west": { "texture": "#redwinecap", "uv": [ 1.0, 9.0, 2.0, 10.0 ] },
						"down": { "texture": "#redwinecap", "uv": [ 1.0, 11.5, 2.0, 12.5 ] }
					},
					"children": [
						{
							"name": "cap11",
							"from": [ -0.5, 1.0, -0.5 ],
							"to": [ 1.5, 2.5, 1.5 ],
							"rotationOrigin": [ 0.5, 1.0, 0.5 ],
							"faces": {
								"north": { "texture": "#redwinecap", "uv": [ 12.5, 5.5, 14.5, 7.0 ] },
								"east": { "texture": "#redwinecap", "uv": [ 10.0, 4.5, 12.0, 6.0 ] },
								"south": { "texture": "#redwinecap", "uv": [ 10.5, 5.0, 12.5, 6.5 ] },
								"west": { "texture": "#redwinecap", "uv": [ 8.0, 5.0, 10.0, 6.5 ] },
								"up": { "texture": "#redwinecap", "uv": [ 10.5, 2.0, 12.5, 4.0 ] },
								"down": { "texture": "#redwinecap", "uv": [ 10.0, 10.5, 12.0, 12.5 ] }
							}
						}
					]
				},
				{
					"name": "big",
					"from": [ 1.3, -2.4, 1.3 ],
					"to": [ 2.7, -0.4, 2.7 ],
					"rotationOrigin": [ 2.0, -2.4, 2.0 ],
					"rotationX": 19.0,
					"rotationY": -42.0,
					"rotationZ": -6.0,
					"faces": {
						"north": { "texture": "#redwinecap", "uv": [ 2.0, 10.5, 3.0, 12.5 ] },
						"east": { "texture": "#redwinecap", "uv": [ 1.0, 10.5, 2.0, 12.5 ] },
						"south": { "texture": "#redwinecap", "uv": [ 0.5, 10.5, 1.5, 12.5 ] },
						"west": { "texture": "#redwinecap", "uv": [ 1.5, 11.5, 2.5, 13.5 ] },
						"down": { "texture": "#redwinecap", "uv": [ 1.0, 12.5, 2.0, 13.5 ] }
					},
					"children": [
						{
							"name": "stem",
							"from": [ 0.0, 1.7, 0.0 ],
							"to": [ 1.4, 3.2, 1.4 ],
							"rotationOrigin": [ 0.7, 1.7, 0.7 ],
							"rotationX": 11.0,
							"rotationZ": 6.0,
							"faces": {
								"north": { "texture": "#redwinecap", "uv": [ 1.0, 9.0, 2.0, 10.5 ] },
								"east": { "texture": "#redwinecap", "uv": [ 1.5, 9.5, 2.5, 11.0 ] },
								"south": { "texture": "#redwinecap", "uv": [ 1.0, 8.0, 2.0, 9.5 ] },
								"west": { "texture": "#redwinecap", "uv": [ 2.5, 10.0, 3.5, 11.5 ] }
							},
							"children": [
								{
									"name": "cap",
									"from": [ -1.3, 1.3, -1.3 ],
									"to": [ 2.7, 2.3, 2.7 ],
									"rotationOrigin": [ 0.7, 1.3, 0.7 ],
									"rotationY": 14.0,
									"rotationZ": 8.0,
									"faces": {
										"north": { "texture": "#redwinecap", "uv": [ 10.5, 4.0, 14.5, 5.0 ] },
										"east": { "texture": "#redwinecap", "uv": [ 9.5, 2.5, 13.5, 3.5 ] },
										"south": { "texture": "#redwinecap", "uv": [ 8.5, 2.0, 12.5, 3.0 ] },
										"west": { "texture": "#redwinecap", "uv": [ 10.5, 4.0, 14.5, 5.0 ] },
										"up": { "texture": "#redwinecap", "uv": [ 9.0, 1.5, 13.0, 5.5 ] },
										"down": { "texture": "#redwinecap", "uv": [ 9.5, 11.0, 13.5, 15.0 ] }
									}
								},
								{
									"name": "frill",
									"from": [ -0.2, 0.3, -0.2 ],
									"to": [ 1.6, 0.3, 1.6 ],
									"rotationOrigin": [ 0.7, 0.3, 0.7 ],
									"faces": {
										"up": { "texture": "#redwinecap", "uv": [ 5.0, 4.5, 6.5, 6.0 ] }
									}
								}
							]
						}
					]
				},
				{
					"name": "med18",
					"from": [ 2.0, -0.2, -3.0 ],
					"to": [ 3.5, 1.8, -1.5 ],
					"rotationOrigin": [ 2.8, -0.2, -2.3 ],
					"rotationX": 17.0,
					"rotationY": 36.0,
					"faces": {
						"north": { "texture": "#redwinecap", "uv": [ 1.0, 9.0, 2.5, 11.0 ] },
						"east": { "texture": "#redwinecap", "uv": [ 0.0, 8.5, 1.5, 10.5 ] },
						"south": { "texture": "#redwinecap", "uv": [ 0.0, 9.0, 1.5, 11.0 ] },
						"west": { "texture": "#redwinecap", "uv": [ 1.0, 9.0, 2.5, 11.0 ] },
						"down": { "texture": "#redwinecap", "uv": [ 0.5, 13.0, 2.0, 14.5 ] }
					},
					"children": [
						{
							"name": "cap19",
							"from": [ -0.5, 1.7, -0.5 ],
							"to": [ 2.0, 3.7, 2.0 ],
							"rotationOrigin": [ 0.8, 1.7, 0.8 ],
							"rotationZ": -19.0,
							"faces": {
								"north": { "texture": "#redwinecap", "uv": [ 12.5, 5.5, 15.0, 7.5 ] },
								"east": { "texture": "#redwinecap", "uv": [ 10.0, 4.5, 12.5, 6.5 ] },
								"south": { "texture": "#redwinecap", "uv": [ 10.5, 5.0, 13.0, 7.0 ] },
								"west": { "texture": "#redwinecap", "uv": [ 8.0, 5.0, 10.5, 7.0 ] },
								"up": { "texture": "#redwinecap", "uv": [ 10.5, 2.0, 13.0, 4.5 ] },
								"down": { "texture": "#redwinecap", "uv": [ 10.0, 10.5, 12.5, 13.0 ] }
							},
							"children": [
								{
									"name": "captop20",
									"from": [ 0.5, 2.0, 0.5 ],
									"to": [ 2.1, 2.5, 2.1 ],
									"rotationOrigin": [ 0.5, 1.9, 0.5 ],
									"faces": {
										"north": { "texture": "#redwinecap", "uv": [ 11.5, 4.5, 13.0, 5.0 ] },
										"east": { "texture": "#redwinecap", "uv": [ 10.5, 5.5, 12.0, 6.0 ] },
										"south": { "texture": "#redwinecap", "uv": [ 11.0, 6.0, 12.5, 6.5 ] },
										"west": { "texture": "#redwinecap", "uv": [ 11.0, 5.0, 12.5, 5.5 ] },
										"up": { "texture": "#redwinecap", "uv": [ 11.0, 2.0, 12.5, 3.5 ] }
									}
								}
							]
						},
						{
							"name": "frill21",
							"from": [ -0.2, 1.0, -0.2 ],
							"to": [ 1.8, 1.0, 1.8 ],
							"rotationOrigin": [ 0.8, 1.0, 0.8 ],
							"faces": {
								"up": { "texture": "#redwinecap", "uv": [ 0.0, 0.0, 2.0, 2.0 ] }
							}
						}
					]
				},
				{
					"name": "voxel25",
					"from": [ 0.0, 0.0, 0.0 ],
					"to": [ 1.0, 1.0, 1.0 ],
					"rotationOrigin": [ 0.5, 0.0, 0.5 ],
					"rotationY": -8.0,
					"faces": {
						"north": { "texture": "#redwinecap", "uv": [ 8.5, 4.5, 9.5, 5.5 ] },
						"east": { "texture": "#redwinecap", "uv": [ 10.5, 2.5, 11.5, 3.5 ] },
						"south": { "texture": "#redwinecap", "uv": [ 9.5, 4.5, 10.5, 5.5 ] },
						"west": { "texture": "#redwinecap", "uv": [ 9.5, 4.0, 10.5, 5.0 ] },
						"up": { "texture": "#redwinecap", "uv": [ 11.0, 5.0, 12.0, 6.0 ] },
						"down": { "texture": "#redwinecap", "uv": [ 11.5, 10.0, 12.5, 11.0 ] }
					}
				}
			]
		}
	]}