{
	"editor": {
		"allAngles": true,
		"entityTextureMode": false
	},
	"textureWidth": 16,
	"textureHeight": 16,
	"textureSizes": {
	},
	"textures": {
		"sagemushroom": "game:block/plant/mushroom/sagemushroom/sagemushroom",
		"linen": "item/food/growbag/ungrown"
	},
	"elements": [
		{
			"name": "floor",
			"from": [ 4.0, 0.0, 6.0 ],
			"to": [ 12.0, 8.0, 10.0 ],
			"rotationOrigin": [ -2.0, -1.0, 0.0 ],
			"faces": {
				"north": { "texture": "#linen", "uv": [ 3.0, 4.5, 11.0, 12.5 ] },
				"east": { "texture": "#linen", "uv": [ 5.0, 3.0, 9.0, 11.0 ] },
				"south": { "texture": "#linen", "uv": [ 2.0, 6.0, 10.0, 14.0 ] },
				"west": { "texture": "#linen", "uv": [ 6.0, 5.0, 10.0, 13.0 ] },
				"up": { "texture": "#linen", "uv": [ 5.5, 4.0, 13.5, 8.0 ] },
				"down": { "texture": "#linen", "uv": [ 2.0, 5.0, 10.0, 9.0 ] }
			},
			"children": [
				{
					"name": "N",
					"from": [ 0.0, 0.0, -1.0 ],
					"to": [ 8.0, 6.0, 0.0 ],
					"faces": {
						"north": { "texture": "#linen", "uv": [ 6.0, 9.5, 14.0, 15.5 ] },
						"east": { "texture": "#linen", "uv": [ 4.0, 10.0, 5.0, 16.0 ] },
						"west": { "texture": "#linen", "uv": [ 6.0, 9.5, 7.0, 15.5 ] },
						"up": { "texture": "#linen", "uv": [ 4.0, 5.0, 12.0, 6.0 ] },
						"down": { "texture": "#linen", "uv": [ 3.0, 15.0, 11.0, 16.0 ] }
					}
				},
				{
					"name": "S",
					"from": [ 0.0, 0.0, 4.0 ],
					"to": [ 8.0, 6.0, 5.0 ],
					"faces": {
						"east": { "texture": "#linen", "uv": [ 5.5, 10.0, 6.5, 16.0 ] },
						"south": { "texture": "#linen", "uv": [ 4.0, 10.0, 12.0, 16.0 ] },
						"west": { "texture": "#linen", "uv": [ 6.0, 10.0, 7.0, 16.0 ] },
						"up": { "texture": "#linen", "uv": [ 2.0, 6.0, 10.0, 7.0 ] },
						"down": { "texture": "#linen", "uv": [ 3.0, 15.0, 11.0, 16.0 ] }
					}
				},
				{
					"name": "W",
					"from": [ -1.0, 0.0, 0.0 ],
					"to": [ 0.0, 6.0, 4.0 ],
					"faces": {
						"north": { "texture": "#linen", "uv": [ 11.5, 9.5, 12.5, 15.5 ] },
						"south": { "texture": "#linen", "uv": [ 7.0, 10.0, 8.0, 16.0 ] },
						"west": { "texture": "#linen", "uv": [ 4.5, 10.0, 8.5, 16.0 ] },
						"up": { "texture": "#linen", "uv": [ 9.0, 3.0, 10.0, 7.0 ] },
						"down": { "texture": "#linen", "uv": [ 4.0, 15.0, 8.0, 16.0 ], "rotation": 90 }
					}
				},
				{
					"name": "E",
					"from": [ 8.0, 0.0, 0.0 ],
					"to": [ 9.0, 6.0, 4.0 ],
					"rotationOrigin": [ 4.0, 0.0, 0.0 ],
					"faces": {
						"north": { "texture": "#linen", "uv": [ 10.0, 10.0, 11.0, 16.0 ] },
						"east": { "texture": "#linen", "uv": [ 8.5, 9.5, 12.5, 15.5 ] },
						"south": { "texture": "#linen", "uv": [ 8.0, 10.0, 9.0, 16.0 ] },
						"up": { "texture": "#linen", "uv": [ 8.0, 2.0, 9.0, 6.0 ] },
						"down": { "texture": "#linen", "uv": [ 2.0, 15.0, 6.0, 16.0 ], "rotation": 90 }
					}
				}
			]
		},
		{
			"name": "origin",
			"from": [ 8.0, -4.0, 18.0 ],
			"to": [ 8.0, -4.0, 18.0 ],
			"rotationOrigin": [ 8.0, -4.0, 18.0 ],
			"rotationY": 180.0,
			"faces": {
			},
			"children": [
				{
					"name": "sagemushroom2",
					"from": [ -3.0, 9.0, 4.0 ],
					"to": [ 3.0, 10.0, 8.0 ],
					"rotationOrigin": [ 0.0, 9.0, 8.0 ],
					"rotationX": 15.0,
					"rotationZ": -8.0,
					"faces": {
						"north": { "texture": "#sagemushroom", "uv": [ 8.0, 15.0, 14.0, 16.0 ] },
						"east": { "texture": "#sagemushroom", "uv": [ 8.5, 15.0, 12.5, 16.0 ] },
						"south": { "texture": "#sagemushroom", "uv": [ 1.0, 9.0, 7.0, 10.0 ] },
						"west": { "texture": "#sagemushroom", "uv": [ 10.0, 15.0, 14.0, 16.0 ] },
						"up": { "texture": "#sagemushroom", "uv": [ 1.0, 7.0, 7.0, 11.0 ], "rotation": 180 },
						"down": { "texture": "#sagemushroom", "uv": [ 9.0, 7.5, 15.0, 11.5 ] }
					},
					"children": [
						{
							"name": "sagemushroom2-a",
							"from": [ 1.0, 0.0, -1.0 ],
							"to": [ 5.0, 1.0, 0.0 ],
							"rotationOrigin": [ 3.0, 0.0, -1.0 ],
							"faces": {
								"north": { "texture": "#sagemushroom", "uv": [ 9.5, 15.0, 13.5, 16.0 ] },
								"east": { "texture": "#sagemushroom", "uv": [ 10.0, 15.0, 11.0, 16.0 ] },
								"west": { "texture": "#sagemushroom", "uv": [ 11.0, 15.0, 12.0, 16.0 ] },
								"up": { "texture": "#sagemushroom", "uv": [ 2.5, 11.0, 6.5, 12.0 ], "rotation": 180 },
								"down": { "texture": "#sagemushroom", "uv": [ 0.0, 0.0, 4.0, 1.0 ] }
							}
						},
						{
							"name": "sagemushroom2-b",
							"from": [ -1.0, 0.0, 1.0 ],
							"to": [ 0.0, 1.0, 4.0 ],
							"rotationOrigin": [ -1.0, 0.0, 1.0 ],
							"faces": {
								"north": { "texture": "#sagemushroom", "uv": [ 10.0, 15.0, 11.0, 16.0 ] },
								"south": { "texture": "#sagemushroom", "uv": [ 10.0, 15.0, 11.0, 16.0 ] },
								"west": { "texture": "#sagemushroom", "uv": [ 11.0, 15.0, 14.0, 16.0 ] },
								"up": { "texture": "#sagemushroom", "uv": [ 0.0, 7.0, 1.0, 10.0 ] },
								"down": { "texture": "#sagemushroom", "uv": [ 9.0, 9.0, 10.0, 12.0 ] }
							}
						},
						{
							"name": "sagemushroom2-c",
							"from": [ 6.0, 0.0, 1.0 ],
							"to": [ 7.0, 1.0, 4.0 ],
							"rotationOrigin": [ 6.0, 0.0, 1.0 ],
							"faces": {
								"north": { "texture": "#sagemushroom", "uv": [ 11.0, 15.0, 12.0, 16.0 ] },
								"east": { "texture": "#sagemushroom", "uv": [ 9.0, 15.0, 12.0, 16.0 ] },
								"south": { "texture": "#sagemushroom", "uv": [ 11.0, 15.0, 12.0, 16.0 ] },
								"up": { "texture": "#sagemushroom", "uv": [ 7.0, 7.0, 8.0, 10.0 ] },
								"down": { "texture": "#sagemushroom", "uv": [ 9.0, 9.0, 10.0, 12.0 ] }
							}
						}
					]
				},
				{
					"name": "sagemushroom3",
					"from": [ -1.0, 5.5, 6.2 ],
					"to": [ 3.0, 6.5, 8.2 ],
					"rotationOrigin": [ 1.0, 5.5, 8.2 ],
					"rotationX": -10.0,
					"rotationZ": 3.0,
					"faces": {
						"north": { "texture": "#sagemushroom", "uv": [ 1.0, 15.0, 5.0, 16.0 ] },
						"east": { "texture": "#sagemushroom", "uv": [ 0.0, 15.0, 2.0, 16.0 ] },
						"south": { "texture": "#sagemushroom", "uv": [ 3.0, 15.0, 7.0, 16.0 ] },
						"west": { "texture": "#sagemushroom", "uv": [ 4.0, 15.0, 6.0, 16.0 ] },
						"up": { "texture": "#sagemushroom", "uv": [ 2.0, 3.5, 6.0, 5.5 ] },
						"down": { "texture": "#sagemushroom", "uv": [ 10.5, 8.0, 14.5, 10.0 ] }
					},
					"children": [
						{
							"name": "sagemushroom3-a",
							"from": [ 0.5, 0.0, -1.0 ],
							"to": [ 3.5, 1.0, 0.0 ],
							"rotationOrigin": [ 1.0, 0.0, -1.0 ],
							"faces": {
								"north": { "texture": "#sagemushroom", "uv": [ 4.0, 15.0, 7.0, 16.0 ] },
								"east": { "texture": "#sagemushroom", "uv": [ 3.0, 15.0, 4.0, 16.0 ] },
								"west": { "texture": "#sagemushroom", "uv": [ 0.0, 15.0, 1.0, 16.0 ] },
								"up": { "texture": "#sagemushroom", "uv": [ 2.0, 5.0, 5.0, 6.0 ], "rotation": 180 },
								"down": { "texture": "#sagemushroom", "uv": [ 8.5, 8.0, 11.5, 9.0 ] }
							}
						},
						{
							"name": "sagemushroom3-b",
							"from": [ -0.5, 0.0, 0.5 ],
							"to": [ 0.0, 1.0, 2.0 ],
							"rotationOrigin": [ -0.5, 0.0, 0.5 ],
							"faces": {
								"north": { "texture": "#sagemushroom", "uv": [ 2.5, 15.0, 3.0, 16.0 ] },
								"south": { "texture": "#sagemushroom", "uv": [ 0.0, 15.0, 0.5, 16.0 ] },
								"west": { "texture": "#sagemushroom", "uv": [ 0.0, 0.0, 1.5, 1.0 ] },
								"up": { "texture": "#sagemushroom", "uv": [ 0.0, 0.0, 0.5, 1.5 ] },
								"down": { "texture": "#sagemushroom", "uv": [ 14.5, 8.5, 15.0, 10.0 ] }
							}
						},
						{
							"name": "sagemushroom3-c",
							"from": [ 4.0, 0.0, 0.5 ],
							"to": [ 4.5, 1.0, 2.0 ],
							"rotationOrigin": [ 4.0, 0.0, 0.5 ],
							"faces": {
								"north": { "texture": "#sagemushroom", "uv": [ 2.5, 15.0, 3.0, 16.0 ] },
								"east": { "texture": "#sagemushroom", "uv": [ 0.0, 0.0, 1.5, 1.0 ] },
								"south": { "texture": "#sagemushroom", "uv": [ 2.0, 15.0, 2.5, 16.0 ] },
								"up": { "texture": "#sagemushroom", "uv": [ 0.0, 0.0, 0.5, 1.5 ] },
								"down": { "texture": "#sagemushroom", "uv": [ 14.5, 8.5, 15.0, 10.0 ] }
							}
						}
					]
				},
				{
					"name": "sagemushroom6",
					"from": [ -5.0, 6.1, 5.5 ],
					"to": [ -2.0, 7.1, 7.5 ],
					"rotationOrigin": [ -3.0, 6.1, 7.5 ],
					"rotationX": -3.0,
					"rotationZ": -5.0,
					"faces": {
						"north": { "texture": "#sagemushroom", "uv": [ 11.0, 15.0, 14.0, 16.0 ] },
						"east": { "texture": "#sagemushroom", "uv": [ 12.0, 15.0, 14.0, 16.0 ] },
						"south": { "texture": "#sagemushroom", "uv": [ 9.0, 15.0, 12.0, 16.0 ] },
						"west": { "texture": "#sagemushroom", "uv": [ 11.0, 15.0, 13.0, 16.0 ] },
						"up": { "texture": "#sagemushroom", "uv": [ 9.0, 3.0, 12.0, 5.0 ] },
						"down": { "texture": "#sagemushroom", "uv": [ 10.5, 8.0, 13.5, 10.0 ] }
					},
					"children": [
						{
							"name": "sagemushroom6-a",
							"from": [ 0.5, 0.0, -0.5 ],
							"to": [ 2.5, 1.0, 0.0 ],
							"rotationOrigin": [ 1.0, 0.0, -0.5 ],
							"faces": {
								"north": { "texture": "#sagemushroom", "uv": [ 12.0, 15.0, 14.0, 16.0 ] },
								"east": { "texture": "#sagemushroom", "uv": [ 10.0, 15.0, 10.5, 16.0 ] },
								"west": { "texture": "#sagemushroom", "uv": [ 11.0, 15.0, 11.5, 16.0 ] },
								"up": { "texture": "#sagemushroom", "uv": [ 9.0, 6.5, 11.0, 7.0 ], "rotation": 180 },
								"down": { "texture": "#sagemushroom", "uv": [ 8.5, 8.0, 10.5, 8.5 ] }
							}
						},
						{
							"name": "sagemushroom6-b",
							"from": [ -0.5, 0.0, 0.5 ],
							"to": [ 0.0, 1.0, 2.0 ],
							"rotationOrigin": [ -0.5, 0.0, 0.5 ],
							"faces": {
								"north": { "texture": "#sagemushroom", "uv": [ 13.5, 15.0, 14.0, 16.0 ] },
								"south": { "texture": "#sagemushroom", "uv": [ 11.0, 15.0, 11.5, 16.0 ] },
								"west": { "texture": "#sagemushroom", "uv": [ 13.0, 15.0, 14.5, 16.0 ] },
								"up": { "texture": "#sagemushroom", "uv": [ 12.5, 4.0, 13.0, 5.5 ] },
								"down": { "texture": "#sagemushroom", "uv": [ 8.5, 10.0, 9.0, 11.5 ] }
							}
						},
						{
							"name": "sagemushroom6-c",
							"from": [ 3.0, 0.0, 0.5 ],
							"to": [ 3.5, 1.0, 2.0 ],
							"rotationOrigin": [ 2.0, 0.0, 0.5 ],
							"faces": {
								"north": { "texture": "#sagemushroom", "uv": [ 13.5, 15.0, 14.0, 16.0 ] },
								"east": { "texture": "#sagemushroom", "uv": [ 10.5, 15.0, 12.0, 16.0 ] },
								"south": { "texture": "#sagemushroom", "uv": [ 11.0, 15.0, 11.5, 16.0 ] },
								"up": { "texture": "#sagemushroom", "uv": [ 12.5, 4.0, 13.0, 5.5 ] },
								"down": { "texture": "#sagemushroom", "uv": [ 8.5, 10.0, 9.0, 11.5 ] }
							}
						}
					]
				},
				{
					"name": "sagemushroom1",
					"from": [ -4.5, 8.2, 5.5 ],
					"to": [ 0.5, 9.2, 8.5 ],
					"rotationOrigin": [ -2.0, 8.2, 8.5 ],
					"rotationX": -10.0,
					"rotationZ": 3.0,
					"faces": {
						"north": { "texture": "#sagemushroom", "uv": [ 1.0, 15.0, 6.0, 16.0 ] },
						"east": { "texture": "#sagemushroom", "uv": [ 0.0, 15.0, 3.0, 16.0 ] },
						"south": { "texture": "#sagemushroom", "uv": [ 3.0, 15.0, 8.0, 16.0 ] },
						"west": { "texture": "#sagemushroom", "uv": [ 4.0, 15.0, 7.0, 16.0 ] },
						"up": { "texture": "#sagemushroom", "uv": [ 2.0, 3.0, 7.0, 6.0 ] },
						"down": { "texture": "#sagemushroom", "uv": [ 10.5, 8.0, 15.5, 11.0 ] }
					},
					"children": [
						{
							"name": "sagemushroom1-a",
							"from": [ 0.5, 0.0, -1.0 ],
							"to": [ 4.5, 1.0, 0.0 ],
							"rotationOrigin": [ 1.0, 0.0, -1.0 ],
							"faces": {
								"north": { "texture": "#sagemushroom", "uv": [ 4.0, 15.0, 8.0, 16.0 ] },
								"east": { "texture": "#sagemushroom", "uv": [ 3.0, 15.0, 4.0, 16.0 ] },
								"west": { "texture": "#sagemushroom", "uv": [ 0.0, 15.0, 1.0, 16.0 ] },
								"up": { "texture": "#sagemushroom", "uv": [ 2.0, 5.0, 6.0, 6.0 ], "rotation": 180 },
								"down": { "texture": "#sagemushroom", "uv": [ 8.5, 8.0, 12.5, 9.0 ] }
							}
						},
						{
							"name": "sagemushroom1-b",
							"from": [ -0.5, 0.0, 0.5 ],
							"to": [ 0.0, 1.0, 3.0 ],
							"rotationOrigin": [ -0.5, 0.0, 0.5 ],
							"faces": {
								"north": { "texture": "#sagemushroom", "uv": [ 2.5, 15.0, 3.0, 16.0 ] },
								"south": { "texture": "#sagemushroom", "uv": [ 0.0, 15.0, 0.5, 16.0 ] },
								"west": { "texture": "#sagemushroom", "uv": [ 0.0, 0.0, 2.5, 1.0 ] },
								"up": { "texture": "#sagemushroom", "uv": [ 0.0, 0.0, 0.5, 2.5 ] },
								"down": { "texture": "#sagemushroom", "uv": [ 14.5, 8.5, 15.0, 11.0 ] }
							}
						},
						{
							"name": "sagemushroom1-c",
							"from": [ 5.0, 0.0, 0.5 ],
							"to": [ 5.5, 1.0, 3.0 ],
							"rotationOrigin": [ 5.0, 0.0, 0.5 ],
							"faces": {
								"north": { "texture": "#sagemushroom", "uv": [ 2.5, 15.0, 3.0, 16.0 ] },
								"east": { "texture": "#sagemushroom", "uv": [ 0.0, 0.0, 2.5, 1.0 ] },
								"south": { "texture": "#sagemushroom", "uv": [ 2.0, 15.0, 2.5, 16.0 ] },
								"up": { "texture": "#sagemushroom", "uv": [ 0.0, 0.0, 0.5, 2.5 ] },
								"down": { "texture": "#sagemushroom", "uv": [ 14.5, 8.5, 15.0, 11.0 ] }
							}
						}
					]
				}
			]
		}
	]}