[
  {
    "file": "foodshelves:blocktypes/shelves/barshelf.json",
    "op": "replace", "path": "/enabled", "side": "server", "value": true,
    "dependsOn": [ { "modid": "expandedfoods" } ]
  },
  {
    "file": "foodshelves:recipes/grid/shelves/barshelf.json",
    "op": "replace", "path": "/0/enabled", "side": "server", "value": true,
    "dependsOn": [ { "modid": "expandedfoods" } ]
  },
  {
    "file": "foodshelves:recipes/grid/shelves/barshelf.json",
    "op": "replace", "path": "/1/enabled", "side": "server", "value": true,
    "dependsOn": [ { "modid": "expandedfoods" } ]
  },
  {
    "file": "foodshelves:blocktypes/shelves/sushishelf.json",
    "op": "addmerge", "path": "/enabled", "side": "server", "value": false,
    "dependsOn": [ { "modid": "expandedfoods", "invert": true } ]
  },
  {
    "file": "foodshelves:recipes/grid/shelves/sushishelf.json",
    "op": "replace", "path": "/0/enabled", "side": "server", "value": true,
    "dependsOn": [ { "modid": "expandedfoods" } ]
  },
  {
    "file": "foodshelves:recipes/grid/shelves/sushishelf.json",
    "op": "replace", "path": "/1/enabled", "side": "server", "value": true,
    "dependsOn": [ { "modid": "expandedfoods" } ]
  }
]