{
	code: "stiletto",
	damagedby: ["attacking"],
	tool: "sword",
	attributes: {
		handbook: { groupBy: ["stiletto"] },
		toolrackTransform: {
			translation: { x: 0.2, y: 0, z: 0.6 },
			rotation: { x: 90, y: 180, z: 1 },
			scale: 1.25
		},
		groundStorageTransform: {
			translation: { x: 0.5, y: 0.78, z: 0.68 },
			rotation: { x: 15, y: 0, z: -90 },
			origin: { x: 0, y: 0, z: 0 },
			scale: 0.7
		}
	},
	behaviors: [{ 
		name: "GroundStorable",
		properties: {
			layout: 'WallHalves',
			wallOffY: 1,
			sprintKey: true,
			selectionBox: { x1: 0, y1: 0, z1: 0, x2: 1, y2: 0.1, z2: 1 },
			collisionBox: { x1: 0, y1: 0, z1: 0, x2: 0, y2: 0, z2: 0 },
		}
	}, { name: "AnimationAuthoritative" }],
	variantgroups: [ { code: "metal", states: ["copper","bismuthbronze","tinbronze","iron","meteoriciron","steel"]}, ],
	shape: { base: "knives/stiletto" },
	heldTpHitAnimation: "spearhit",
	heldTpUseAnimation: "knap",
	textures: { "metal": {base: "game:block/metal/plate/{metal}" } },
	attackRange: 1.4,
	tooltierbytype: {
		"stiletto-copper": 5,
		"stiletto-bismuthbronze": 6,
		"stiletto-tinbronze": 6,
		"stiletto-blackbronze":6,
		"stiletto-iron": 7,
		"stiletto-meteoriciron":7,
		"stiletto-steel": 8,
	},
	durabilitybytype: {
		"stiletto-copper": 100,
		"stiletto-bismuthbronze": 165,
		"stiletto-tinbronze": 140,
		"stiletto-blackbronze":175,
		"stiletto-iron": 250,
		"stiletto-meteoriciron": 325,
		"stiletto-steel": 600,
	},
	attackpowerbytype: {
		"stiletto-copper": 1.7,
		"stiletto-bismuthbronze": 2,
		"stiletto-tinbronze": 2.2,
		"stiletto-blackbronze":2.4,
		"stiletto-iron": 2.7,
		"stiletto-meteoriciron":3,
		"stiletto-steel": 3.2,
	},
	creativeinventory: { "general": ["*"], "swordz": ["*"]},
	fpHandTransform: {
			translation: { x: 0.9, y: -0.3, z: 0 },
			rotation: { x: -13, y: 94, z: 66 },
			scale: 3.2
	},
	guiTransform: {
			translation: { x: 0, y: -12, z: 0 },
			rotation: { x: 180, y: 0, z: 45 },
			origin: { x: 0.65, y: 0.1, z: 0.45 },
			scaleXyz: { x: -3.5, y: 3.5, z: 3.5 }
	},
	groundTransform: {
			translation: { x: 0.05, y: 0.05, z: 0.1 },
			rotation: { x: 90, y: 0, z: 0 },
			scale: 3.2
	},
	tpHandTransform: {
			translation: { x: 0.35, y: -0.01, z: 0.51 },
			rotation: { x: 0, y: 0, z: 2 },
			origin: { x: 0, y: 0, z: 0 },
			scale: 0.8
	}
}