{
	"code": "tallplant",
	"class": "BlockReeds",
	"entityClassByType": {
		"*-harvested-*": "Transient"
	},
	"attributes": {
        "butterflyFeedByType": {"*-normal": false},
        "beeFeedByType": {"*-normal": false},
		"transientPropsByType": {
			"tallplant-themedatriandra-*": {
				"convertFrom": "*-harvested-{cover}", 
				"convertTo": "tallplant-themedatriandra-land-normal-{cover}", 
				"inGameHours": "1188",
				"resetBelowTemperature": 4,
				"stopBelowTemperature": 10
			}
		},
		"maxWaterDepthByType": {
			"tallplant-themedatriandra-*": 0,
		}
	},
	"allowedVariants": [ 
		"*-land-*", 
	],
	"variantgroups": [
		{ "code": "type", "states": ["themedatriandra"] },
		{ "code": "habitat", "states": ["land"] },
		{ "code": "state", "states": ["normal", "harvested"] },
		{ "code": "cover", "states": ["free", "snow"] }
	],
	"creativeinventory": { 
		"general": ["*-land-normal-free"], 
		"flora": ["*-land-normal-free"] 
	},
	"shapeByType": {
		"*-harvested-*":{"base": "block/plant/flower/1patch-cross-24x4" },
		"*-themedatriandra-*":{"base": "block/plant/flower/1patch-cross-24x24" },
	},
	"lod2shapeByType": {
		"*-harvested-*":{"base": "block/plant/flower/1patch-cross-24x4" },
		"*": { base: "block/plant/flower/1patch-cross-24x24" }
	},
	"drawtypeByType": {
		"*-snow": "JSONAndSnowLayer",
		"*": "JSON"
	},
	"renderpass": "OpaqueNoCull",
	"matterstate": "solid",
	"blockmaterial": "plant",
	"faceCullMode": "NeverCull",
	"randomDrawOffset": true,
	"randomizeRotations": true,
	"texturesByType": {
		"*harvested*": {
			"northTinted1": { "base": "block/plant/flower/stem/{type}-harvested*" },
			"southTinted1": { "base": "block/plant/flower/stem/{type}-harvested*" }
		},
		"*": {
			"north1": { "base": "block/plant/flower/petal/{type}0*" },
			"south1": { "base": "block/plant/flower/petal/{type}0*" },
			"northTinted1": { "base": "block/plant/flower/stem/{type}0*" },
			"southTinted1": { "base": "block/plant/flower/stem/{type}0*" }
		}
	},
	"randomSizeAdjust": 0.1,
	"sideopaqueByType": {
		"*-snow": { "all": false, "down": true },
		"*": { "all": false }
	},
	"sidesolid": { "all" : false },
	"emitsideao": { "all": false },
	"sideao": { "all": true },
	"replaceable": 3000,
	"lightAbsorption": 0,
	"resistance": 1,
	"collisionbox": null,
	"selectionbox": {
		"x1": 0, "y1": 0, "z1": 0,
		"x2": 1, "y2": 0.25, "z2": 1
	},
	"guitransform": {
		"rotation": { "x": 0, "y": 0, "z": 0 }
	},
	"sounds": {
		"place": "game:block/plant",
		"break": "game:block/plant",
		"hit": "game:block/plant",
		"walk": "game:walk/grass",
  	"inside": "game:walk/grass"
	},
	"rainPermeableByType": {
		"*-land-*": true
	},
	"materialDensity": 200,
	"frostable": true,
	"combustibleProps": {
		"burnTemperature": 600,
		"burnDuration": 10
	},
	"guiTransform": {
		"translation": { "x": 0, "y": -1.5, "z": 0 },
		"rotation": { "x": 0, "y": 0, "z": 0 },
		"origin": { "x": 0.5, "y": 1.2, "z": 0.5 },
		"scale": 0.65
	},
	"dropsByType": {
	"*-themedatriandra-*-harvested-*": [{ "type": "block", "code": "tallplant-themedatriandra-land-harvested-free" }],
		"*-themedatriandra-*-normal-*": [ { "type": "item", "code": "grain-themedatriandra", "quantity": { "avg": 0.25 }},{ "type": "item", "code": "game:drygrass", "quantity": { "avg": 1.1 }},{ "type": "item", "code": "game:thatch", "quantity": { "avg": 0.5 }}]
	}
}