{
	"editor": {
		"backDropShape": "entity/humanoid/seraph-hairless",
		"allAngles": true,
		"entityTextureMode": true
	},
	"textureWidth": 64,
	"textureHeight": 64,
	"textureSizes": {
	},
	"textures": {
	},
	"elements": [
		{
			"name": "ArmorUpperLegR",
			"stepParentName": "UpperFootR",
			"from": [ -0.1575, -0.375, -0.075 ],
			"to": [ 3.2925, 6.9, 2.775 ],
			"uv": [ 16.0, 35.0 ],
			"rotationOrigin": [ -0.15, -0.375, -0.075 ],
			"faces": {
				"north": { "texture": "#leather", "uv": [ 16.0, 38.5, 20.5, 48.0 ], "autoUv": false },
				"east": { "texture": "#leather", "uv": [ 20.5, 38.5, 24.0, 48.0 ], "autoUv": false },
				"south": { "texture": "#leather", "uv": [ 24.0, 38.5, 28.5, 48.0 ], "autoUv": false },
				"west": { "texture": "#leather", "uv": [ 28.5, 38.5, 32.0, 48.0 ], "autoUv": false },
				"up": { "texture": "#leather", "uv": [ 16.0, 35.0, 20.5, 38.5 ], "autoUv": false },
				"down": { "texture": "#leather", "uv": [ 20.5, 35.0, 25.0, 38.5 ], "autoUv": false }
			}
		},
		{
			"name": "ArmorUpperLegL",
			"stepParentName": "UpperFootL",
			"from": [ -0.1575, -0.375, -0.375 ],
			"to": [ 3.2925, 6.9, 2.475 ],
			"uv": [ 0.0, 35.0 ],
			"rotationOrigin": [ -0.15, -0.375, -0.375 ],
			"faces": {
				"north": { "texture": "#leather", "uv": [ 0.0, 38.5, 4.5, 48.0 ], "autoUv": false },
				"east": { "texture": "#leather", "uv": [ 4.5, 38.5, 8.0, 48.0 ], "autoUv": false },
				"south": { "texture": "#leather", "uv": [ 8.0, 38.5, 12.5, 48.0 ], "autoUv": false },
				"west": { "texture": "#leather", "uv": [ 12.5, 38.5, 16.0, 48.0 ], "autoUv": false },
				"up": { "texture": "#leather", "uv": [ 0.0, 35.0, 4.5, 38.5 ], "autoUv": false },
				"down": { "texture": "#leather", "uv": [ 4.5, 35.0, 9.0, 38.5 ], "autoUv": false }
			}
		},
		{
			"name": "ArmorLowerLegR",
			"stepParentName": "LowerFootR",
			"from": [ -0.225, 1.35, -0.1875 ],
			"to": [ 3.15, 7.575, 2.4375 ],
			"uv": [ 16.0, 49.0 ],
			"rotationOrigin": [ -0.225, 1.35, -0.3 ],
			"faces": {
				"north": { "texture": "#leather", "uv": [ 16.0, 52.5, 20.5, 60.5 ], "autoUv": false },
				"east": { "texture": "#leather", "uv": [ 20.5, 52.5, 24.0, 60.5 ], "autoUv": false },
				"south": { "texture": "#leather", "uv": [ 24.0, 52.5, 28.5, 60.5 ], "autoUv": false },
				"west": { "texture": "#leather", "uv": [ 28.5, 52.5, 32.0, 60.5 ], "autoUv": false },
				"up": { "texture": "#leather", "uv": [ 16.0, 49.0, 20.5, 52.5 ], "autoUv": false },
				"down": { "texture": "#leather", "uv": [ 20.5, 49.0, 25.0, 52.5 ], "autoUv": false }
			}
		},
		{
			"name": "ArmorLowerLegL",
			"stepParentName": "LowerFootL",
			"from": [ -0.225, 1.35, -0.1875 ],
			"to": [ 3.15, 7.575, 2.4375 ],
			"uv": [ 0.0, 49.0 ],
			"rotationOrigin": [ -0.225, 1.35, -0.3 ],
			"faces": {
				"north": { "texture": "#leather", "uv": [ 0.0, 52.5, 4.5, 60.5 ], "autoUv": false },
				"east": { "texture": "#leather", "uv": [ 4.5, 52.5, 8.0, 60.5 ], "autoUv": false },
				"south": { "texture": "#leather", "uv": [ 8.0, 52.5, 12.5, 60.5 ], "autoUv": false },
				"west": { "texture": "#leather", "uv": [ 12.5, 52.5, 16.0, 60.5 ], "autoUv": false },
				"up": { "texture": "#leather", "uv": [ 0.0, 49.0, 4.5, 52.5 ], "autoUv": false },
				"down": { "texture": "#leather", "uv": [ 4.5, 49.0, 9.0, 52.5 ], "autoUv": false }
			}
		},
		{
			"name": "jerkinLowerTorso",
			"stepParentName": "LowerTorso",
			"from": [ -0.15, -0.15, -0.15 ],
			"to": [ 3.9, 2.85, 4.65 ],
			"autoUnwrap": false,
			"uv": [ 48.0, 52.5 ],
			"rotationOrigin": [ -0.15, -0.15, -0.15 ],
			"faces": {
				"north": { "texture": "#leather", "uv": [ 48.0, 57.5, 53.0, 61.5 ], "autoUv": false },
				"east": { "texture": "#leather", "uv": [ 51.0, 57.5, 57.0, 61.5 ], "autoUv": false },
				"south": { "texture": "#leather", "uv": [ 48.0, 56.0, 53.0, 60.0 ], "autoUv": false },
				"west": { "texture": "#leather", "uv": [ 51.0, 56.0, 57.0, 60.0 ], "autoUv": false },
				"up": { "texture": "#leather", "uv": [ 48.0, 53.5, 54.0, 58.5 ], "rotation": 90, "autoUv": false },
				"down": { "texture": "#leather", "uv": [ 51.0, 53.5, 57.0, 58.5 ], "rotation": 90, "autoUv": false }
			}
		}
	]}