{
	"editor": {
		"allAngles": false,
		"entityTextureMode": true
	},
	"textureWidth": 16,
	"textureHeight": 16,
	"textureSizes": {
		"baseears": [24,32]
	},
	"textures": {
		"baseears": "entropoly:racials/mouse/baseears"
	},
	"elements": [
		{
			"name": "TailBase",
			"stepParentName": "TailBaseAttach",
			"from": [ 0.0, -0.1, -0.1 ],
			"to": [ 1.2, 0.45, 0.45 ],
			"unwrapMode": 6,
			"uv": [ 8.0, 16.5 ],
			"rotationOrigin": [ 0.0, -0.1, -0.1 ],
			"faces": {
				"north": { "texture": "#baseears", "uv": [ 8.5, 16.5, 9.5, 17.0 ] },
				"east": { "texture": "#baseears", "uv": [ 8.0, 17.0, 8.5, 17.5 ], "rotation": 90 },
				"south": { "texture": "#baseears", "uv": [ 8.5, 17.5, 9.5, 18.0 ], "rotation": 180 },
				"west": { "texture": "#baseears", "uv": [ 9.5, 17.0, 10.0, 17.5 ], "rotation": 270 },
				"up": { "texture": "#baseears", "uv": [ 10.0, 17.0, 11.0, 17.5 ] },
				"down": { "texture": "#baseears", "uv": [ 8.5, 17.0, 9.5, 17.5 ] }
			},
			"children": [
				{
					"name": "FirstTailCurve",
					"from": [ 1.0, 0.05, 0.025 ],
					"to": [ 2.4, 0.55, 0.525 ],
					"unwrapMode": 5,
					"uv": [ 8.0, 18.0 ],
					"rotationOrigin": [ 1.0, 0.0, 0.0 ],
					"rotationZ": -15.0,
					"faces": {
						"north": { "texture": "#baseears", "uv": [ 8.5, 18.0, 9.5, 18.5 ], "rotation": 180 },
						"east": { "texture": "#baseears", "uv": [ 9.5, 18.5, 10.0, 19.0 ], "rotation": 90 },
						"south": { "texture": "#baseears", "uv": [ 8.5, 19.0, 9.5, 19.5 ] },
						"west": { "texture": "#baseears", "uv": [ 8.0, 18.5, 8.5, 19.0 ], "rotation": 270 },
						"up": { "texture": "#baseears", "uv": [ 8.5, 18.5, 9.5, 19.0 ] },
						"down": { "texture": "#baseears", "uv": [ 10.0, 18.5, 11.0, 19.0 ] }
					},
					"children": [
						{
							"name": "SecondTailCurve",
							"from": [ 1.3, 0.02, 0.02 ],
							"to": [ 3.4, 0.47, 0.47 ],
							"unwrapMode": 5,
							"uv": [ 8.0, 19.5 ],
							"rotationOrigin": [ 1.3, 0.0, 0.0 ],
							"rotationZ": -10.0,
							"faces": {
								"north": { "texture": "#baseears", "uv": [ 8.5, 19.5, 10.5, 20.0 ], "rotation": 180 },
								"east": { "texture": "#baseears", "uv": [ 10.5, 20.0, 11.0, 20.5 ], "rotation": 90 },
								"south": { "texture": "#baseears", "uv": [ 8.5, 20.5, 10.5, 21.0 ] },
								"west": { "texture": "#baseears", "uv": [ 8.0, 20.0, 8.5, 20.5 ], "rotation": 270 },
								"up": { "texture": "#baseears", "uv": [ 8.5, 20.0, 10.5, 20.5 ] },
								"down": { "texture": "#baseears", "uv": [ 11.0, 20.0, 13.0, 20.5 ] }
							}
						}
					]
				}
			]
		},
		{
			"name": "MainTailCurve",
			"stepParentName": "MainFlex",
			"from": [ 0.0, 0.0, -0.05 ],
			"to": [ 4.7, 0.35, 0.3 ],
			"unwrapMode": 5,
			"uv": [ 8.0, 21.0 ],
			"rotationOrigin": [ 0.0, 0.0, -0.1 ],
			"faces": {
				"north": { "texture": "#baseears", "uv": [ 8.5, 21.0, 13.0, 21.5 ], "rotation": 180 },
				"east": { "texture": "#baseears", "uv": [ 13.0, 21.5, 13.5, 22.0 ], "rotation": 90 },
				"south": { "texture": "#baseears", "uv": [ 8.5, 22.0, 13.0, 22.5 ] },
				"west": { "texture": "#baseears", "uv": [ 8.0, 21.5, 8.5, 22.0 ], "rotation": 270 },
				"up": { "texture": "#baseears", "uv": [ 8.5, 21.5, 13.0, 22.0 ] },
				"down": { "texture": "#baseears", "uv": [ 13.5, 21.5, 18.0, 22.0 ] }
			}
		},
		{
			"name": "MouseEarBase",
			"stepParentName": "EarAttachRight",
			"from": [ 0.6, 1.7, -2.4 ],
			"to": [ 1.1, 5.2, 1.1 ],
			"unwrapMode": 4,
			"uv": [ 0.0, 16.0 ],
			"rotationOrigin": [ 0.6, 1.7, -2.4 ],
			"rotationX": 30.0,
			"faces": {
				"north": { "texture": "#baseears", "uv": [ 0.0, 16.5, 0.5, 20.0 ] },
				"east": { "texture": "#baseears", "uv": [ 4.5, 16.5, 8.0, 20.0 ] },
				"south": { "texture": "#baseears", "uv": [ 4.0, 16.5, 4.5, 20.0 ] },
				"west": { "texture": "#baseears", "uv": [ 0.5, 16.5, 4.0, 20.0 ] },
				"up": { "texture": "#baseears", "uv": [ 0.5, 16.0, 4.0, 16.5 ], "rotation": 90 },
				"down": { "texture": "#baseears", "uv": [ 0.5, 20.0, 4.0, 20.5 ], "rotation": 90 }
			},
			"children": [
				{
					"name": "BottomEarLip",
					"from": [ -0.5, 0.0, 0.0 ],
					"to": [ 0.0, 0.5, 3.5 ],
					"unwrapMode": 4,
					"uv": [ 0.0, 20.5 ],
					"rotationOrigin": [ -0.5, 0.0, 0.0 ],
					"faces": {
						"north": { "texture": "#baseears", "uv": [ 0.0, 21.0, 0.5, 21.5 ] },
						"east": { "texture": "#baseears", "uv": [ 4.5, 21.0, 8.0, 21.5 ] },
						"south": { "texture": "#baseears", "uv": [ 4.0, 21.0, 4.5, 21.5 ] },
						"west": { "texture": "#baseears", "uv": [ 0.5, 21.0, 4.0, 21.5 ] },
						"up": { "texture": "#baseears", "uv": [ 0.5, 20.5, 4.0, 21.0 ], "rotation": 90 },
						"down": { "texture": "#baseears", "uv": [ 0.5, 21.5, 4.0, 22.0 ], "rotation": 90 }
					}
				},
				{
					"name": "TopEarLip",
					"from": [ -0.5, 3.0, 0.0 ],
					"to": [ 0.0, 3.5, 3.5 ],
					"unwrapMode": 4,
					"uv": [ 0.0, 20.5 ],
					"rotationOrigin": [ -0.5, 3.0, 0.0 ],
					"faces": {
						"north": { "texture": "#baseears", "uv": [ 0.0, 21.0, 0.5, 21.5 ] },
						"east": { "texture": "#baseears", "uv": [ 4.5, 21.0, 8.0, 21.5 ] },
						"south": { "texture": "#baseears", "uv": [ 4.0, 21.0, 4.5, 21.5 ] },
						"west": { "texture": "#baseears", "uv": [ 0.5, 21.0, 4.0, 21.5 ] },
						"up": { "texture": "#baseears", "uv": [ 0.5, 20.5, 4.0, 21.0 ], "rotation": 90 },
						"down": { "texture": "#baseears", "uv": [ 0.5, 21.5, 4.0, 22.0 ], "rotation": 90 }
					}
				},
				{
					"name": "SideEarLipL",
					"from": [ -0.5, 0.5, 0.0 ],
					"to": [ 0.0, 3.0, 0.5 ],
					"unwrapMode": 4,
					"uv": [ 0.0, 22.0 ],
					"rotationOrigin": [ -0.5, 0.5, 0.0 ],
					"faces": {
						"north": { "texture": "#baseears", "uv": [ 0.0, 22.5, 0.5, 25.0 ] },
						"east": { "texture": "#baseears", "uv": [ 1.5, 22.5, 2.0, 25.0 ] },
						"south": { "texture": "#baseears", "uv": [ 1.0, 22.5, 1.5, 25.0 ] },
						"west": { "texture": "#baseears", "uv": [ 0.5, 22.5, 1.0, 25.0 ] },
						"up": { "texture": "#baseears", "uv": [ 0.5, 22.0, 1.0, 22.5 ], "rotation": 90 },
						"down": { "texture": "#baseears", "uv": [ 0.5, 25.0, 1.0, 25.5 ], "rotation": 90 }
					}
				},
				{
					"name": "SideEarLipR",
					"from": [ -0.5, 0.5, 3.0 ],
					"to": [ 0.0, 3.0, 3.5 ],
					"unwrapMode": 4,
					"uv": [ 0.0, 22.0 ],
					"rotationOrigin": [ -0.5, 0.5, 3.0 ],
					"faces": {
						"north": { "texture": "#baseears", "uv": [ 0.0, 22.5, 0.5, 25.0 ] },
						"east": { "texture": "#baseears", "uv": [ 1.5, 22.5, 2.0, 25.0 ] },
						"south": { "texture": "#baseears", "uv": [ 1.0, 22.5, 1.5, 25.0 ] },
						"west": { "texture": "#baseears", "uv": [ 0.5, 22.5, 1.0, 25.0 ] },
						"up": { "texture": "#baseears", "uv": [ 0.5, 22.0, 1.0, 22.5 ], "rotation": 90 },
						"down": { "texture": "#baseears", "uv": [ 0.5, 25.0, 1.0, 25.5 ], "rotation": 90 }
					}
				}
			]
		},
		{
			"name": "MouseEarBase2",
			"stepParentName": "EarAttachLeft",
			"from": [ 0.6, 0.0, 1.42 ],
			"to": [ 1.1, 3.5, 4.92 ],
			"unwrapMode": 4,
			"uv": [ 0.0, 16.0 ],
			"rotationOrigin": [ 0.6, 0.0, 1.5 ],
			"rotationX": -30.0,
			"faces": {
				"north": { "texture": "#baseears", "uv": [ 0.0, 16.5, 0.5, 20.0 ] },
				"east": { "texture": "#baseears", "uv": [ 4.5, 16.5, 8.0, 20.0 ] },
				"south": { "texture": "#baseears", "uv": [ 4.0, 16.5, 4.5, 20.0 ] },
				"west": { "texture": "#baseears", "uv": [ 0.5, 16.5, 4.0, 20.0 ] },
				"up": { "texture": "#baseears", "uv": [ 0.5, 16.0, 4.0, 16.5 ], "rotation": 90 },
				"down": { "texture": "#baseears", "uv": [ 0.5, 20.0, 4.0, 20.5 ], "rotation": 90 }
			},
			"children": [
				{
					"name": "BottomEarLip2",
					"from": [ -0.5, 0.0, 0.0 ],
					"to": [ 0.0, 0.5, 3.5 ],
					"unwrapMode": 4,
					"uv": [ 0.0, 20.5 ],
					"rotationOrigin": [ -0.5, 0.0, 0.0 ],
					"faces": {
						"north": { "texture": "#baseears", "uv": [ 0.0, 21.0, 0.5, 21.5 ] },
						"east": { "texture": "#baseears", "uv": [ 4.5, 21.0, 8.0, 21.5 ] },
						"south": { "texture": "#baseears", "uv": [ 4.0, 21.0, 4.5, 21.5 ] },
						"west": { "texture": "#baseears", "uv": [ 0.5, 21.0, 4.0, 21.5 ] },
						"up": { "texture": "#baseears", "uv": [ 0.5, 20.5, 4.0, 21.0 ], "rotation": 90 },
						"down": { "texture": "#baseears", "uv": [ 0.5, 21.5, 4.0, 22.0 ], "rotation": 90 }
					}
				},
				{
					"name": "TopEarLip2",
					"from": [ -0.5, 3.0, 0.0 ],
					"to": [ 0.0, 3.5, 3.5 ],
					"unwrapMode": 4,
					"uv": [ 0.0, 20.5 ],
					"rotationOrigin": [ -0.5, 3.0, 0.0 ],
					"faces": {
						"north": { "texture": "#baseears", "uv": [ 0.0, 21.0, 0.5, 21.5 ] },
						"east": { "texture": "#baseears", "uv": [ 4.5, 21.0, 8.0, 21.5 ] },
						"south": { "texture": "#baseears", "uv": [ 4.0, 21.0, 4.5, 21.5 ] },
						"west": { "texture": "#baseears", "uv": [ 0.5, 21.0, 4.0, 21.5 ] },
						"up": { "texture": "#baseears", "uv": [ 0.5, 20.5, 4.0, 21.0 ], "rotation": 90 },
						"down": { "texture": "#baseears", "uv": [ 0.5, 21.5, 4.0, 22.0 ], "rotation": 90 }
					}
				},
				{
					"name": "SideEarLipL2",
					"from": [ -0.5, 0.5, 0.0 ],
					"to": [ 0.0, 3.0, 0.5 ],
					"unwrapMode": 4,
					"uv": [ 0.0, 22.0 ],
					"rotationOrigin": [ -0.5, 0.5, 0.0 ],
					"faces": {
						"north": { "texture": "#baseears", "uv": [ 0.0, 22.5, 0.5, 25.0 ] },
						"east": { "texture": "#baseears", "uv": [ 1.5, 22.5, 2.0, 25.0 ] },
						"south": { "texture": "#baseears", "uv": [ 1.0, 22.5, 1.5, 25.0 ] },
						"west": { "texture": "#baseears", "uv": [ 0.5, 22.5, 1.0, 25.0 ] },
						"up": { "texture": "#baseears", "uv": [ 0.5, 22.0, 1.0, 22.5 ], "rotation": 90 },
						"down": { "texture": "#baseears", "uv": [ 0.5, 25.0, 1.0, 25.5 ], "rotation": 90 }
					}
				},
				{
					"name": "SideEarLipR2",
					"from": [ -0.5, 0.5, 3.0 ],
					"to": [ 0.0, 3.0, 3.5 ],
					"unwrapMode": 4,
					"uv": [ 0.0, 22.0 ],
					"rotationOrigin": [ -0.5, 0.5, 3.0 ],
					"faces": {
						"north": { "texture": "#baseears", "uv": [ 0.0, 22.5, 0.5, 25.0 ] },
						"east": { "texture": "#baseears", "uv": [ 1.5, 22.5, 2.0, 25.0 ] },
						"south": { "texture": "#baseears", "uv": [ 1.0, 22.5, 1.5, 25.0 ] },
						"west": { "texture": "#baseears", "uv": [ 0.5, 22.5, 1.0, 25.0 ], "windMode": [-1,-1,-1,-1] },
						"up": { "texture": "#baseears", "uv": [ 0.5, 22.0, 1.0, 22.5 ], "rotation": 90 },
						"down": { "texture": "#baseears", "uv": [ 0.5, 25.0, 1.0, 25.5 ], "rotation": 90 }
					}
				}
			]
		}
	]}