{
	"editor": {
		"allAngles": true,
		"entityTextureMode": false
	},
	"textureWidth": 16,
	"textureHeight": 16,
	"textureSizes": {
	},
	"textures": {
		"bell": "agiclasses:block/belllantern",
		"temporal": "redgear"
	},
	"elements": [
		{
			"name": "origin",
			"from": [ 8.0, 1.0, 8.0 ],
			"to": [ 8.0, 1.0, 8.0 ],
			"rotationOrigin": [ 8.0, 9.0, 8.0 ],
			"rotationX": 180.0,
			"rotationZ": -180.0,
			"faces": {
			},
			"children": [
				{
					"name": "N",
					"from": [ -3.0, 1.0, -3.0 ],
					"to": [ 3.0, 5.0, -2.0 ],
					"rotationOrigin": [ 0.0, 5.0, -2.5 ],
					"faces": {
						"north": { "texture": "#bell", "uv": [ 9.5, 2.0, 15.5, 6.0 ] },
						"east": { "texture": "#bell", "uv": [ 11.25, 2.0, 12.25, 6.0 ] },
						"south": { "texture": "#bell", "uv": [ 4.75, 2.75, 10.75, 6.75 ] },
						"west": { "texture": "#bell", "uv": [ 9.0, 3.0, 10.0, 7.0 ] },
						"up": { "texture": "#bell", "uv": [ 8.75, 3.5, 14.75, 4.5 ] },
						"down": { "texture": "#bell", "uv": [ 8.75, 3.0, 14.75, 4.0 ] }
					},
					"children": [
						{
							"name": "N tip",
							"from": [ 0.5, -2.9, -0.3 ],
							"to": [ 5.5, 1.1, 0.7 ],
							"rotationOrigin": [ 3.0, 0.1, 0.2 ],
							"rotationX": 20.0,
							"faces": {
								"north": { "texture": "#bell", "uv": [ 0.0, 1.0, 5.0, 5.0 ] },
								"east": { "texture": "#bell", "uv": [ 5.0, 1.0, 6.0, 5.0 ] },
								"south": { "texture": "#bell", "uv": [ 6.0, 1.0, 11.0, 5.0 ] },
								"west": { "texture": "#bell", "uv": [ 11.0, 1.0, 12.0, 5.0 ] },
								"up": { "texture": "#bell", "uv": [ 0.0, 0.0, 5.0, 1.0 ] },
								"down": { "texture": "#bell", "uv": [ 5.0, 0.0, 10.0, 1.0 ] }
							}
						}
					]
				},
				{
					"name": "S",
					"from": [ -3.0, 1.0, 2.0 ],
					"to": [ 3.0, 5.0, 3.0 ],
					"rotationOrigin": [ 0.0, 5.0, 2.5 ],
					"faces": {
						"north": { "texture": "#bell", "uv": [ 5.5, 7.0, 11.5, 11.0 ] },
						"east": { "texture": "#bell", "uv": [ 9.25, 4.25, 10.25, 8.25 ] },
						"south": { "texture": "#bell", "uv": [ 9.25, 5.0, 15.25, 9.0 ] },
						"west": { "texture": "#bell", "uv": [ 8.0, 3.0, 9.0, 7.0 ] },
						"up": { "texture": "#bell", "uv": [ 5.0, 6.0, 11.0, 7.0 ], "rotation": 180 },
						"down": { "texture": "#bell", "uv": [ 4.75, 7.0, 10.75, 8.0 ] }
					},
					"children": [
						{
							"name": "S tip",
							"from": [ 0.5, -2.9, 0.3 ],
							"to": [ 5.5, 1.1, 1.3 ],
							"rotationOrigin": [ 3.0, 0.1, 0.8 ],
							"rotationX": -20.0,
							"faces": {
								"north": { "texture": "#bell", "uv": [ 0.0, 1.0, 5.0, 5.0 ] },
								"east": { "texture": "#bell", "uv": [ 5.0, 1.0, 6.0, 5.0 ] },
								"south": { "texture": "#bell", "uv": [ 6.0, 1.0, 11.0, 5.0 ] },
								"west": { "texture": "#bell", "uv": [ 11.0, 1.0, 12.0, 5.0 ] },
								"up": { "texture": "#bell", "uv": [ 0.0, 0.0, 5.0, 1.0 ] },
								"down": { "texture": "#bell", "uv": [ 5.0, 0.0, 10.0, 1.0 ] }
							}
						}
					]
				},
				{
					"name": "W",
					"from": [ -3.0, 1.0, -2.0 ],
					"to": [ -2.0, 5.0, 2.0 ],
					"rotationOrigin": [ -2.5, 5.0, 0.0 ],
					"faces": {
						"east": { "texture": "#bell", "uv": [ 3.0, 5.0, 7.0, 9.0 ] },
						"west": { "texture": "#bell", "uv": [ 7.0, 5.0, 11.0, 9.0 ] },
						"up": { "texture": "#bell", "uv": [ 3.0, 1.0, 4.0, 5.0 ] },
						"down": { "texture": "#bell", "uv": [ 4.0, 1.0, 5.0, 5.0 ] }
					},
					"children": [
						{
							"name": "W tip",
							"from": [ -0.3, -2.9, -0.51 ],
							"to": [ 0.7, 1.1, 4.51 ],
							"rotationOrigin": [ 0.2, 0.1, 2.0 ],
							"rotationZ": -20.0,
							"faces": {
								"north": { "texture": "#bell", "uv": [ 0.0, 5.0, 1.0, 9.0 ] },
								"east": { "texture": "#bell", "uv": [ 1.0, 5.0, 6.0, 9.0 ] },
								"south": { "texture": "#bell", "uv": [ 6.0, 5.0, 7.0, 9.0 ] },
								"west": { "texture": "#bell", "uv": [ 7.0, 5.0, 12.0, 9.0 ] },
								"up": { "texture": "#bell", "uv": [ 0.0, 0.0, 1.0, 5.0 ] },
								"down": { "texture": "#bell", "uv": [ 1.0, 0.0, 2.0, 5.0 ] }
							}
						}
					]
				},
				{
					"name": "E",
					"from": [ 2.0, 1.0, -2.0 ],
					"to": [ 3.0, 5.0, 2.0 ],
					"rotationOrigin": [ -2.5, 5.0, 0.0 ],
					"faces": {
						"east": { "texture": "#bell", "uv": [ 9.75, 1.75, 13.75, 5.75 ] },
						"west": { "texture": "#bell", "uv": [ 7.25, 4.0, 11.25, 8.0 ] },
						"up": { "texture": "#bell", "uv": [ 13.0, 0.0, 14.0, 4.0 ] },
						"down": { "texture": "#bell", "uv": [ 14.0, 0.0, 15.0, 4.0 ] }
					},
					"children": [
						{
							"name": "E tip",
							"from": [ 0.3, -2.9, -0.7 ],
							"to": [ 1.3, 1.1, 4.3 ],
							"rotationOrigin": [ 0.8, 0.1, 1.8 ],
							"rotationZ": 20.0,
							"faces": {
								"north": { "texture": "#bell", "uv": [ 0.0, 5.0, 1.0, 9.0 ] },
								"east": { "texture": "#bell", "uv": [ 1.0, 5.0, 6.0, 9.0 ] },
								"south": { "texture": "#bell", "uv": [ 6.0, 5.0, 7.0, 9.0 ] },
								"west": { "texture": "#bell", "uv": [ 7.0, 5.0, 12.0, 9.0 ] },
								"up": { "texture": "#bell", "uv": [ 0.0, 0.0, 1.0, 5.0 ] },
								"down": { "texture": "#bell", "uv": [ 1.0, 0.0, 2.0, 5.0 ] }
							}
						}
					]
				},
				{
					"name": "N small",
					"from": [ -2.0, 4.0, -2.0 ],
					"to": [ 2.0, 7.0, -1.0 ],
					"rotationOrigin": [ 0.0, 7.0, -1.5 ],
					"faces": {
						"north": { "texture": "#bell", "uv": [ 0.0, 1.0, 4.0, 4.0 ] },
						"east": { "texture": "#bell", "uv": [ 4.0, 1.0, 5.0, 4.0 ] },
						"south": { "texture": "#bell", "uv": [ 5.0, 1.0, 9.0, 4.0 ] },
						"west": { "texture": "#bell", "uv": [ 9.0, 1.0, 10.0, 4.0 ] },
						"up": { "texture": "#bell", "uv": [ 0.0, 0.0, 4.0, 1.0 ] },
						"down": { "texture": "#bell", "uv": [ 4.0, 0.0, 8.0, 1.0 ] }
					}
				},
				{
					"name": "S small",
					"from": [ -2.0, 4.0, 1.0 ],
					"to": [ 2.0, 7.0, 2.0 ],
					"rotationOrigin": [ 0.0, 7.0, 1.5 ],
					"faces": {
						"north": { "texture": "#bell", "uv": [ 0.0, 1.0, 4.0, 4.0 ] },
						"east": { "texture": "#bell", "uv": [ 4.0, 1.0, 5.0, 4.0 ] },
						"south": { "texture": "#bell", "uv": [ 5.0, 1.0, 9.0, 4.0 ] },
						"west": { "texture": "#bell", "uv": [ 9.0, 1.0, 10.0, 4.0 ] },
						"up": { "texture": "#bell", "uv": [ 0.0, 0.0, 4.0, 1.0 ] },
						"down": { "texture": "#bell", "uv": [ 4.0, 0.0, 8.0, 1.0 ] }
					}
				},
				{
					"name": "W small",
					"from": [ -2.0, 4.0, -1.0 ],
					"to": [ -1.0, 7.0, 1.0 ],
					"rotationOrigin": [ -1.5, 7.0, 0.0 ],
					"faces": {
						"east": { "texture": "#bell", "uv": [ 7.75, 2.5, 9.75, 5.5 ] },
						"west": { "texture": "#bell", "uv": [ 7.25, 2.75, 9.25, 5.75 ] },
						"up": { "texture": "#bell", "uv": [ 0.0, 0.0, 1.0, 2.0 ] },
						"down": { "texture": "#bell", "uv": [ 1.0, 0.0, 2.0, 2.0 ] }
					}
				},
				{
					"name": "E small",
					"from": [ 1.0, 4.0, -1.0 ],
					"to": [ 2.0, 7.0, 1.0 ],
					"rotationOrigin": [ -1.5, 7.0, 0.0 ],
					"faces": {
						"east": { "texture": "#bell", "uv": [ 2.75, 2.5, 4.75, 5.5 ] },
						"west": { "texture": "#bell", "uv": [ 2.0, 2.0, 4.0, 5.0 ] },
						"up": { "texture": "#bell", "uv": [ 0.0, 0.0, 1.0, 2.0 ] },
						"down": { "texture": "#bell", "uv": [ 1.0, 0.0, 2.0, 2.0 ] }
					}
				},
				{
					"name": "top",
					"from": [ -1.0, 6.0, -1.0 ],
					"to": [ 1.0, 9.0, 1.0 ],
					"rotationOrigin": [ 0.0, 9.0, 0.0 ],
					"faces": {
						"north": { "texture": "#bell", "uv": [ 0.0, 2.0, 2.0, 5.0 ] },
						"east": { "texture": "#bell", "uv": [ 2.0, 2.0, 4.0, 5.0 ] },
						"south": { "texture": "#bell", "uv": [ 4.0, 2.0, 6.0, 5.0 ] },
						"west": { "texture": "#bell", "uv": [ 6.0, 2.0, 8.0, 5.0 ] },
						"up": { "texture": "#bell", "uv": [ 0.0, 0.0, 2.0, 2.0 ] },
						"down": { "texture": "#bell", "uv": [ 2.0, 0.0, 4.0, 2.0 ] }
					},
					"children": [
						{
							"name": "ORIGIN SPINE",
							"from": [ -6.8, -8.0, -7.0 ],
							"to": [ -6.8, -8.0, -7.0 ],
							"rotationOrigin": [ 1.2, 3.0, 1.0 ],
							"rotationZ": 90.0,
							"faces": {
							},
							"children": [
								{
									"name": "origin vertebrae 1",
									"from": [ 1.0, 0.9, 0.0 ],
									"to": [ 1.0, 0.9, 0.0 ],
									"rotationOrigin": [ 7.5, 11.6, 8.0 ],
									"faces": {
									},
									"children": [
										{
											"name": "vertebrae 1",
											"from": [ 6.5, 8.8, 7.6 ],
											"to": [ 9.0, 10.8, 8.6 ],
											"rotationOrigin": [ 8.0, 10.8, 8.1 ],
											"rotationX": -30.0,
											"rotationZ": 5.0,
											"faces": {
												"north": { "texture": "#bell", "uv": [ 11.0, 12.5, 13.5, 14.5 ] },
												"east": { "texture": "#bell", "uv": [ 10.5, 12.0, 11.5, 14.0 ] },
												"south": { "texture": "#bell", "uv": [ 10.0, 9.5, 12.5, 11.5 ] },
												"west": { "texture": "#bell", "uv": [ 11.5, 12.0, 12.5, 14.0 ] },
												"up": { "texture": "#bell", "uv": [ 10.0, 11.75, 12.5, 12.75 ] },
												"down": { "texture": "#bell", "uv": [ 10.75, 12.0, 13.25, 13.0 ] }
											},
											"children": [
												{
													"name": "sensory 1",
													"from": [ 0.5, 1.7, 0.8 ],
													"to": [ 1.0, 4.7, 1.0 ],
													"rotationOrigin": [ 0.5, 1.7, 0.8 ],
													"rotationX": 90.0,
													"rotationZ": 15.0,
													"faces": {
														"north": { "texture": "#bell", "uv": [ 11.5, 9.5, 12.0, 12.5 ] },
														"east": { "texture": "#bell", "uv": [ 10.75, 9.25, 11.0, 12.25 ] },
														"south": { "texture": "#bell", "uv": [ 12.25, 9.5, 12.75, 12.5 ] },
														"west": { "texture": "#bell", "uv": [ 10.0, 9.25, 10.25, 12.25 ] },
														"up": { "texture": "#bell", "uv": [ 9.0, 13.75, 9.5, 14.0 ] },
														"down": { "texture": "#bell", "uv": [ 10.5, 13.0, 11.0, 13.25 ] }
													}
												},
												{
													"name": "sensory 2",
													"from": [ 1.5, 1.7, 0.8 ],
													"to": [ 2.0, 4.7, 1.0 ],
													"rotationOrigin": [ 1.5, 1.7, 0.8 ],
													"rotationX": 90.0,
													"rotationZ": 5.0,
													"faces": {
														"north": { "texture": "#bell", "uv": [ 9.0, 9.0, 9.5, 12.0 ] },
														"east": { "texture": "#bell", "uv": [ 9.25, 11.0, 9.5, 14.0 ] },
														"south": { "texture": "#bell", "uv": [ 12.5, 9.0, 13.0, 12.0 ] },
														"west": { "texture": "#bell", "uv": [ 11.75, 9.75, 12.0, 12.75 ] },
														"up": { "texture": "#bell", "uv": [ 9.25, 13.75, 9.75, 14.0 ] },
														"down": { "texture": "#bell", "uv": [ 10.5, 13.0, 11.0, 13.25 ] }
													}
												}
											]
										},
										{
											"name": "vertebrae 2",
											"from": [ 6.5, 8.8, 7.4 ],
											"to": [ 9.0, 10.8, 8.4 ],
											"rotationOrigin": [ 8.0, 10.8, 7.9 ],
											"rotationX": 30.0,
											"rotationZ": 5.0,
											"faces": {
												"north": { "texture": "#bell", "uv": [ 9.25, 9.5, 11.75, 11.5 ] },
												"east": { "texture": "#bell", "uv": [ 10.5, 12.5, 11.5, 14.5 ] },
												"south": { "texture": "#bell", "uv": [ 9.25, 9.25, 11.75, 11.25 ] },
												"west": { "texture": "#bell", "uv": [ 12.0, 12.5, 13.0, 14.5 ] },
												"up": { "texture": "#bell", "uv": [ 8.25, 12.75, 10.75, 13.75 ] },
												"down": { "texture": "#bell", "uv": [ 7.5, 12.75, 10.0, 13.75 ] }
											},
											"children": [
												{
													"name": "sensory 3",
													"from": [ 0.5, 1.5, 0.3 ],
													"to": [ 1.0, 4.5, 0.5 ],
													"rotationOrigin": [ 0.5, 1.5, 0.3 ],
													"rotationX": -90.0,
													"rotationZ": 15.0,
													"faces": {
														"north": { "texture": "#bell", "uv": [ 11.0, 9.75, 11.5, 12.75 ] },
														"east": { "texture": "#bell", "uv": [ 11.25, 9.5, 11.5, 12.5 ] },
														"south": { "texture": "#bell", "uv": [ 11.0, 9.25, 11.5, 12.25 ] },
														"west": { "texture": "#bell", "uv": [ 10.75, 9.5, 11.0, 12.5 ] },
														"up": { "texture": "#bell", "uv": [ 8.5, 14.0, 9.0, 14.25 ] },
														"down": { "texture": "#bell", "uv": [ 10.0, 12.25, 10.5, 12.5 ] }
													}
												},
												{
													"name": "sensory 4",
													"from": [ 1.5, 1.5, 0.4 ],
													"to": [ 2.0, 4.5, 0.6 ],
													"rotationOrigin": [ 1.5, 1.5, 0.4 ],
													"rotationX": -90.0,
													"rotationZ": 5.0,
													"faces": {
														"north": { "texture": "#bell", "uv": [ 10.25, 8.75, 10.75, 11.75 ] },
														"east": { "texture": "#bell", "uv": [ 10.5, 9.5, 10.75, 12.5 ] },
														"south": { "texture": "#bell", "uv": [ 11.0, 9.25, 11.5, 12.25 ] },
														"west": { "texture": "#bell", "uv": [ 12.25, 8.75, 12.5, 11.75 ] },
														"up": { "texture": "#bell", "uv": [ 9.5, 13.5, 10.0, 13.75 ] },
														"down": { "texture": "#bell", "uv": [ 11.5, 13.25, 12.0, 13.5 ] }
													}
												}
											]
										},
										{
											"name": "origin vertebrae 2",
											"from": [ 2.3, 0.0, 0.0 ],
											"to": [ 2.3, 0.0, 0.0 ],
											"rotationOrigin": [ 8.8, 10.7, 8.0 ],
											"faces": {
											},
											"children": [
												{
													"name": "vertebrae 3",
													"from": [ 6.5, 8.8, 7.8 ],
													"to": [ 8.5, 10.8, 8.3 ],
													"rotationOrigin": [ 7.5, 10.8, 7.8 ],
													"rotationX": -27.0,
													"rotationZ": 5.0,
													"faces": {
														"north": { "texture": "#bell", "uv": [ 10.25, 12.25, 12.25, 14.25 ] },
														"east": { "texture": "#bell", "uv": [ 11.75, 12.25, 12.25, 14.25 ] },
														"south": { "texture": "#bell", "uv": [ 11.5, 10.0, 13.5, 12.0 ] },
														"west": { "texture": "#bell", "uv": [ 10.5, 11.75, 11.0, 13.75 ] },
														"up": { "texture": "#bell", "uv": [ 9.5, 13.25, 11.5, 13.75 ] },
														"down": { "texture": "#bell", "uv": [ 10.75, 12.75, 12.75, 13.25 ] }
													},
													"children": [
														{
															"name": "sensory 5",
															"from": [ 0.2, 1.8, 0.5 ],
															"to": [ 0.7, 4.3, 0.7 ],
															"rotationOrigin": [ 0.2, 1.8, 0.5 ],
															"rotationX": 90.0,
															"rotationZ": -5.0,
															"faces": {
																"north": { "texture": "#bell", "uv": [ 11.25, 9.0, 11.75, 11.5 ] },
																"east": { "texture": "#bell", "uv": [ 9.25, 9.0, 9.5, 11.5 ] },
																"south": { "texture": "#bell", "uv": [ 10.25, 9.0, 10.75, 11.5 ] },
																"west": { "texture": "#bell", "uv": [ 10.5, 9.0, 10.75, 11.5 ] },
																"up": { "texture": "#bell", "uv": [ 10.25, 12.25, 10.75, 12.5 ] },
																"down": { "texture": "#bell", "uv": [ 10.75, 13.25, 11.25, 13.5 ] }
															}
														},
														{
															"name": "sensory 6",
															"from": [ 1.3, 1.8, 0.3 ],
															"to": [ 1.8, 3.8, 0.5 ],
															"rotationOrigin": [ 1.3, 1.8, 0.3 ],
															"rotationX": 90.0,
															"rotationZ": -10.0,
															"faces": {
																"north": { "texture": "#bell", "uv": [ 10.0, 9.25, 10.5, 11.25 ] },
																"east": { "texture": "#bell", "uv": [ 10.25, 9.25, 10.5, 11.25 ] },
																"south": { "texture": "#bell", "uv": [ 10.5, 9.0, 11.0, 11.0 ] },
																"west": { "texture": "#bell", "uv": [ 9.75, 9.25, 10.0, 11.25 ] },
																"up": { "texture": "#bell", "uv": [ 9.5, 12.75, 10.0, 13.0 ] },
																"down": { "texture": "#bell", "uv": [ 9.25, 12.75, 9.75, 13.0 ] }
															}
														}
													]
												},
												{
													"name": "vertebrae 4",
													"from": [ 6.5, 8.8, 7.7 ],
													"to": [ 8.5, 10.8, 8.2 ],
													"rotationOrigin": [ 7.5, 10.8, 8.2 ],
													"rotationX": 27.0,
													"rotationZ": 5.0,
													"faces": {
														"north": { "texture": "#bell", "uv": [ 10.75, 9.5, 12.75, 11.5 ] },
														"east": { "texture": "#bell", "uv": [ 8.0, 12.0, 8.5, 14.0 ] },
														"south": { "texture": "#bell", "uv": [ 9.5, 9.5, 11.5, 11.5 ] },
														"west": { "texture": "#bell", "uv": [ 10.5, 11.5, 11.0, 13.5 ] },
														"up": { "texture": "#bell", "uv": [ 7.5, 12.75, 9.5, 13.25 ] },
														"down": { "texture": "#bell", "uv": [ 6.5, 12.75, 8.5, 13.25 ] }
													},
													"children": [
														{
															"name": "sensory 7",
															"from": [ 0.2, 1.5, 0.1 ],
															"to": [ 0.7, 4.0, 0.3 ],
															"rotationOrigin": [ 0.2, 1.5, 0.0 ],
															"rotationX": -90.0,
															"rotationZ": -5.0,
															"faces": {
																"north": { "texture": "#bell", "uv": [ 9.5, 9.25, 10.0, 11.75 ] },
																"east": { "texture": "#bell", "uv": [ 9.75, 9.25, 10.0, 11.75 ] },
																"south": { "texture": "#bell", "uv": [ 10.0, 9.0, 10.5, 11.5 ] },
																"west": { "texture": "#bell", "uv": [ 9.75, 9.5, 10.0, 12.0 ] },
																"up": { "texture": "#bell", "uv": [ 10.75, 12.75, 11.25, 13.0 ] },
																"down": { "texture": "#bell", "uv": [ 11.25, 12.25, 11.75, 12.5 ] }
															}
														},
														{
															"name": "sensory 47",
															"from": [ 1.3, 1.4, 0.2 ],
															"to": [ 1.8, 3.4, 0.4 ],
															"rotationOrigin": [ 1.3, 1.5, 0.1 ],
															"rotationX": -90.0,
															"rotationZ": -10.0,
															"faces": {
																"north": { "texture": "#bell", "uv": [ 11.25, 8.5, 11.75, 10.5 ] },
																"east": { "texture": "#bell", "uv": [ 12.0, 9.25, 12.25, 11.25 ] },
																"south": { "texture": "#bell", "uv": [ 10.25, 9.25, 10.75, 11.25 ] },
																"west": { "texture": "#bell", "uv": [ 11.5, 9.25, 11.75, 11.25 ] },
																"up": { "texture": "#bell", "uv": [ 9.75, 4.25, 10.25, 4.5 ] },
																"down": { "texture": "#bell", "uv": [ 0.5, 4.0, 1.0, 4.25 ] }
															}
														}
													]
												},
												{
													"name": "origin vertebrae 3",
													"from": [ 1.8, -0.1, 0.0 ],
													"to": [ 1.8, -0.1, 0.0 ],
													"rotationOrigin": [ 8.3, 10.7, 8.0 ],
													"faces": {
													},
													"children": [
														{
															"name": "vertebrae 5",
															"from": [ 6.5, 9.3, 7.8 ],
															"to": [ 8.0, 10.8, 8.3 ],
															"rotationOrigin": [ 7.2, 10.8, 7.8 ],
															"rotationX": -22.0,
															"rotationZ": 5.0,
															"faces": {
																"north": { "texture": "#bell", "uv": [ 12.25, 12.25, 13.75, 13.75 ] },
																"east": { "texture": "#bell", "uv": [ 13.25, 13.0, 13.75, 14.5 ] },
																"south": { "texture": "#bell", "uv": [ 12.0, 9.5, 13.5, 11.0 ] },
																"west": { "texture": "#bell", "uv": [ 11.5, 12.75, 12.0, 14.25 ] },
																"up": { "texture": "#bell", "uv": [ 9.25, 14.25, 10.75, 14.75 ] },
																"down": { "texture": "#bell", "uv": [ 9.25, 12.75, 10.75, 13.25 ] }
															},
															"children": [
																{
																	"name": "sensory 9",
																	"from": [ 0.5, 1.0, 0.0 ],
																	"to": [ 1.0, 2.0, 0.2 ],
																	"rotationOrigin": [ 1.0, 1.0, 0.2 ],
																	"rotationX": 75.0,
																	"rotationZ": -33.0,
																	"faces": {
																		"north": { "texture": "#bell", "uv": [ 11.5, 13.25, 12.0, 14.25 ] },
																		"east": { "texture": "#bell", "uv": [ 10.5, 12.5, 10.75, 13.5 ] },
																		"south": { "texture": "#bell", "uv": [ 10.75, 14.0, 11.25, 15.0 ] },
																		"west": { "texture": "#bell", "uv": [ 13.0, 13.25, 13.25, 14.25 ] },
																		"up": { "texture": "#bell", "uv": [ 10.25, 13.0, 10.75, 13.25 ] },
																		"down": { "texture": "#bell", "uv": [ 9.75, 12.25, 10.25, 12.5 ] }
																	}
																}
															]
														},
														{
															"name": "vertebrae 6",
															"from": [ 6.5, 9.3, 7.7 ],
															"to": [ 8.0, 10.8, 8.2 ],
															"rotationOrigin": [ 7.2, 10.8, 8.2 ],
															"rotationX": 22.0,
															"rotationZ": 5.0,
															"faces": {
																"north": { "texture": "#bell", "uv": [ 10.25, 9.0, 11.75, 10.5 ] },
																"east": { "texture": "#bell", "uv": [ 9.5, 12.5, 10.0, 14.0 ] },
																"south": { "texture": "#bell", "uv": [ 11.0, 9.75, 12.5, 11.25 ] },
																"west": { "texture": "#bell", "uv": [ 9.5, 12.5, 10.0, 14.0 ] },
																"up": { "texture": "#bell", "uv": [ 7.75, 12.0, 9.25, 12.5 ] },
																"down": { "texture": "#bell", "uv": [ 7.75, 12.5, 9.25, 13.0 ] }
															},
															"children": [
																{
																	"name": "sensory 10",
																	"from": [ 0.5, 1.0, 0.2 ],
																	"to": [ 1.0, 2.0, 0.4 ],
																	"rotationOrigin": [ 1.0, 1.0, 0.2 ],
																	"rotationX": -75.0,
																	"rotationZ": -33.0,
																	"faces": {
																		"north": { "texture": "#bell", "uv": [ 12.25, 12.25, 12.75, 13.25 ] },
																		"east": { "texture": "#bell", "uv": [ 10.75, 13.5, 11.0, 14.5 ] },
																		"south": { "texture": "#bell", "uv": [ 11.25, 12.0, 11.75, 13.0 ] },
																		"west": { "texture": "#bell", "uv": [ 10.0, 12.0, 10.25, 13.0 ] },
																		"up": { "texture": "#bell", "uv": [ 11.25, 13.25, 11.75, 13.5 ] },
																		"down": { "texture": "#bell", "uv": [ 10.75, 11.75, 11.25, 12.0 ] }
																	}
																}
															]
														},
														{
															"name": "origin vertebrae 4",
															"from": [ 1.3, -0.2, 0.0 ],
															"to": [ 1.3, -0.2, 0.0 ],
															"rotationOrigin": [ 7.8, 10.6, 8.0 ],
															"rotationZ": 13.0,
															"faces": {
															},
															"children": [
																{
																	"name": "vertebrae 7",
																	"from": [ 6.5, 9.8, 7.8 ],
																	"to": [ 9.5, 10.8, 8.3 ],
																	"rotationOrigin": [ 7.2, 10.8, 7.8 ],
																	"rotationX": -19.0,
																	"rotationZ": 5.0,
																	"faces": {
																		"north": { "texture": "#bell", "uv": [ 9.5, 12.75, 12.5, 13.75 ] },
																		"east": { "texture": "#bell", "uv": [ 10.25, 13.5, 10.75, 14.5 ] },
																		"south": { "texture": "#bell", "uv": [ 9.0, 10.0, 12.0, 11.0 ] },
																		"west": { "texture": "#bell", "uv": [ 10.0, 12.0, 10.5, 13.0 ] },
																		"up": { "texture": "#bell", "uv": [ 8.75, 13.25, 11.75, 13.75 ] },
																		"down": { "texture": "#bell", "uv": [ 7.75, 13.0, 10.75, 13.5 ] }
																	}
																},
																{
																	"name": "vertebrae 8",
																	"from": [ 6.5, 9.8, 7.7 ],
																	"to": [ 10.0, 10.8, 8.2 ],
																	"rotationOrigin": [ 7.2, 10.8, 8.2 ],
																	"rotationX": 19.0,
																	"rotationZ": 5.0,
																	"faces": {
																		"north": { "texture": "#bell", "uv": [ 10.25, 10.0, 13.75, 11.0 ] },
																		"east": { "texture": "#bell", "uv": [ 10.0, 13.5, 10.5, 14.5 ] },
																		"south": { "texture": "#bell", "uv": [ 9.0, 10.25, 12.5, 11.25 ] },
																		"west": { "texture": "#bell", "uv": [ 10.0, 13.0, 10.5, 14.0 ] },
																		"up": { "texture": "#bell", "uv": [ 9.75, 13.25, 13.25, 13.75 ] },
																		"down": { "texture": "#bell", "uv": [ 8.5, 13.75, 12.0, 14.25 ] }
																	}
																}
															]
														}
													]
												}
											]
										}
									]
								}
							]
						},
						{
							"name": "string",
							"from": [ 0.8, -10.5, 0.8 ],
							"to": [ 1.3, 0.5, 1.3 ],
							"rotationOrigin": [ 1.1, -7.5, 1.1 ],
							"faces": {
								"north": { "texture": "#bell", "uv": [ 0.0, 22.0, 0.5, 32.0 ] },
								"east": { "texture": "#bell", "uv": [ 0.5, 22.0, 1.0, 32.0 ] },
								"south": { "texture": "#bell", "uv": [ 1.0, 22.0, 1.5, 32.0 ] },
								"west": { "texture": "#bell", "uv": [ 1.5, 22.0, 2.0, 32.0 ] }
							},
							"children": [
								{
									"name": "Cube2",
									"from": [ -0.8, -0.5, -0.8 ],
									"to": [ 1.2, 1.5, 1.2 ],
									"rotationOrigin": [ -0.8, -0.5, -0.8 ],
									"rotationX": 14.0,
									"rotationZ": -19.0,
									"faces": {
										"north": { "texture": "#bell", "uv": [ 0.0, 0.0, 2.0, 2.0 ] },
										"east": { "texture": "#bell", "uv": [ 0.0, 0.0, 2.0, 2.0 ] },
										"south": { "texture": "#bell", "uv": [ 0.0, 0.0, 2.0, 2.0 ] },
										"west": { "texture": "#bell", "uv": [ 0.0, 0.0, 2.0, 2.0 ] },
										"up": { "texture": "#bell", "uv": [ 0.0, 0.0, 2.0, 2.0 ] },
										"down": { "texture": "#bell", "uv": [ 0.0, 0.0, 2.0, 2.0 ] }
									}
								},
								{
									"name": "base ",
									"from": [ -1.3, -1.4, -0.3 ],
									"to": [ -0.3, 4.6, 0.9 ],
									"rotationOrigin": [ 0.2, 1.6, 0.2 ],
									"rotationX": -75.0,
									"rotationY": 11.0,
									"rotationZ": -22.5,
									"faces": {
										"north": { "texture": "#temporal", "uv": [ 0.0, 0.0, 1.0, 6.0 ], "glow": 125 },
										"east": { "texture": "#temporal", "uv": [ 0.0, 0.0, 1.0, 6.0 ], "glow": 125 },
										"south": { "texture": "#temporal", "uv": [ 9.0, 9.0, 10.0, 15.0 ], "glow": 125 },
										"west": { "texture": "#temporal", "uv": [ 0.0, 0.0, 1.0, 6.0 ], "glow": 125 },
										"up": { "texture": "#temporal", "uv": [ 7.0, 6.0, 8.0, 7.0 ], "glow": 125 },
										"down": { "texture": "#temporal", "uv": [ 5.0, 5.0, 6.0, 6.0 ], "glow": 125 }
									},
									"children": [
										{
											"name": "vertical",
											"from": [ 2.0, 0.0, 0.0 ],
											"to": [ 3.0, 6.0, 1.2 ],
											"faces": {
												"north": { "texture": "#temporal", "uv": [ 6.0, 5.0, 7.0, 11.0 ], "glow": 125 },
												"east": { "texture": "#temporal", "uv": [ 5.0, 6.0, 6.0, 12.0 ], "glow": 125 },
												"south": { "texture": "#temporal", "uv": [ 13.0, 10.0, 14.0, 16.0 ], "glow": 125 },
												"west": { "texture": "#temporal", "uv": [ 0.0, 0.0, 1.0, 6.0 ], "glow": 125 },
												"up": { "texture": "#temporal", "uv": [ 3.0, 4.0, 4.0, 5.0 ], "glow": 125 },
												"down": { "texture": "#temporal", "uv": [ 0.0, 0.0, 1.0, 1.0 ], "glow": 125 }
											},
											"children": [
												{
													"name": "Cube1",
													"from": [ 0.5, 3.5, -0.1 ],
													"to": [ 0.7, 3.7, 1.9 ],
													"rotationOrigin": [ 0.6, 2.5, 0.0 ],
													"faces": {
														"north": { "texture": "#temporal", "uv": [ 0.0, 0.0, 0.0, 0.0 ], "glow": 125 },
														"east": { "texture": "#temporal", "uv": [ 0.0, 0.0, 2.0, 0.0 ], "glow": 125 },
														"south": { "texture": "#temporal", "uv": [ 0.0, 0.0, 0.0, 0.0 ], "glow": 125 },
														"west": { "texture": "#temporal", "uv": [ 0.0, 0.0, 2.0, 0.0 ], "glow": 125 },
														"up": { "texture": "#temporal", "uv": [ 0.0, 0.0, 0.0, 2.0 ], "glow": 125 },
														"down": { "texture": "#temporal", "uv": [ 0.0, 0.0, 0.0, 2.0 ], "glow": 125 }
													}
												},
												{
													"name": "Cube10",
													"from": [ -1.5, 2.4, -0.3 ],
													"to": [ -1.3, 2.6, 1.7 ],
													"rotationOrigin": [ 0.6, 2.5, 0.0 ],
													"faces": {
														"north": { "texture": "#temporal", "uv": [ 0.0, 0.0, 0.0, 0.0 ], "glow": 125 },
														"east": { "texture": "#temporal", "uv": [ 0.0, 0.0, 2.0, 0.0 ], "glow": 125 },
														"south": { "texture": "#temporal", "uv": [ 0.0, 0.0, 0.0, 0.0 ], "glow": 125 },
														"west": { "texture": "#temporal", "uv": [ 0.0, 0.0, 2.0, 0.0 ], "glow": 125 },
														"up": { "texture": "#temporal", "uv": [ 0.0, 0.0, 0.0, 2.0 ], "glow": 125 },
														"down": { "texture": "#temporal", "uv": [ 0.0, 0.0, 0.0, 2.0 ], "glow": 125 }
													}
												},
												{
													"name": "Cube11",
													"from": [ -1.0, 4.0, 0.4 ],
													"to": [ -0.8, 4.2, 2.4 ],
													"rotationOrigin": [ 0.6, 2.5, 0.0 ],
													"faces": {
														"north": { "texture": "#temporal", "uv": [ 0.0, 0.0, 0.0, 0.0 ], "glow": 125 },
														"east": { "texture": "#temporal", "uv": [ 0.0, 0.0, 2.0, 0.0 ], "glow": 125 },
														"south": { "texture": "#temporal", "uv": [ 0.0, 0.0, 0.0, 0.0 ], "glow": 125 },
														"west": { "texture": "#temporal", "uv": [ 0.0, 0.0, 2.0, 0.0 ], "glow": 125 },
														"up": { "texture": "#temporal", "uv": [ 0.0, 0.0, 0.0, 2.0 ], "glow": 125 },
														"down": { "texture": "#temporal", "uv": [ 0.0, 0.0, 0.0, 2.0 ], "glow": 125 }
													}
												},
												{
													"name": "Cube12",
													"from": [ -0.2, 2.0, -0.5 ],
													"to": [ 0.0, 2.2, 1.5 ],
													"rotationOrigin": [ 0.6, 2.5, 0.0 ],
													"faces": {
														"north": { "texture": "#temporal", "uv": [ 0.0, 0.0, 0.0, 0.0 ], "glow": 125 },
														"east": { "texture": "#temporal", "uv": [ 0.0, 0.0, 2.0, 0.0 ], "glow": 125 },
														"south": { "texture": "#temporal", "uv": [ 0.0, 0.0, 0.0, 0.0 ], "glow": 125 },
														"west": { "texture": "#temporal", "uv": [ 0.0, 0.0, 2.0, 0.0 ], "glow": 125 },
														"up": { "texture": "#temporal", "uv": [ 0.0, 0.0, 0.0, 2.0 ], "glow": 125 },
														"down": { "texture": "#temporal", "uv": [ 0.0, 0.0, 0.0, 2.0 ], "glow": 125 }
													}
												}
											]
										},
										{
											"name": "horizontal 1",
											"from": [ -1.5, 3.5, -0.1 ],
											"to": [ 4.5, 4.5, 1.3 ],
											"faces": {
												"north": { "texture": "#temporal", "uv": [ 0.0, 1.0, 6.0, 2.0 ], "glow": 125 },
												"east": { "texture": "#temporal", "uv": [ 4.0, 0.0, 5.0, 1.0 ], "glow": 125 },
												"south": { "texture": "#temporal", "uv": [ 3.0, 7.0, 9.0, 8.0 ], "glow": 125 },
												"west": { "texture": "#temporal", "uv": [ 6.0, 7.0, 7.0, 8.0 ], "glow": 125 },
												"up": { "texture": "#temporal", "uv": [ 0.0, 1.0, 6.0, 2.0 ], "glow": 125 },
												"down": { "texture": "#temporal", "uv": [ 0.0, 0.0, 6.0, 1.0 ], "glow": 125 }
											}
										},
										{
											"name": "horizontal 2",
											"from": [ -1.5, 1.5, -0.1 ],
											"to": [ 4.5, 2.5, 1.3 ],
											"faces": {
												"north": { "texture": "#temporal", "uv": [ 0.0, 0.0, 6.0, 1.0 ], "glow": 125 },
												"east": { "texture": "#temporal", "uv": [ 2.0, 11.0, 3.0, 12.0 ], "glow": 125 },
												"south": { "texture": "#temporal", "uv": [ 9.0, 6.0, 15.0, 7.0 ], "glow": 125 },
												"west": { "texture": "#temporal", "uv": [ 13.0, 12.0, 14.0, 13.0 ], "glow": 125 },
												"up": { "texture": "#temporal", "uv": [ 0.0, 0.0, 6.0, 1.0 ], "glow": 125 },
												"down": { "texture": "#temporal", "uv": [ 0.0, 0.0, 6.0, 1.0 ], "glow": 125 }
											}
										},
										{
											"name": "secondary vertical 1",
											"from": [ -1.0, 0.5, 0.1 ],
											"to": [ 0.0, 5.5, 1.1 ],
											"faces": {
												"north": { "texture": "#temporal", "uv": [ 0.0, 0.0, 1.0, 5.0 ], "glow": 125 },
												"east": { "texture": "#temporal", "uv": [ 0.0, 0.0, 1.0, 5.0 ], "glow": 125 },
												"south": { "texture": "#temporal", "uv": [ 3.0, 3.0, 4.0, 8.0 ], "glow": 125 },
												"west": { "texture": "#temporal", "uv": [ 0.0, 0.0, 1.0, 5.0 ], "glow": 125 },
												"up": { "texture": "#temporal", "uv": [ 11.0, 4.0, 12.0, 5.0 ], "glow": 125 },
												"down": { "texture": "#temporal", "uv": [ 3.0, 9.0, 4.0, 10.0 ], "glow": 125 }
											}
										},
										{
											"name": "secondary vertical 2",
											"from": [ 3.0, 0.5, 0.1 ],
											"to": [ 4.0, 5.5, 1.1 ],
											"faces": {
												"north": { "texture": "#temporal", "uv": [ 0.0, 0.0, 1.0, 5.0 ], "glow": 125 },
												"east": { "texture": "#temporal", "uv": [ 0.0, 0.0, 1.0, 5.0 ], "glow": 125 },
												"south": { "texture": "#temporal", "uv": [ 6.0, 1.0, 7.0, 6.0 ], "glow": 125 },
												"west": { "texture": "#temporal", "uv": [ 5.0, 6.0, 6.0, 11.0 ], "glow": 125 },
												"up": { "texture": "#temporal", "uv": [ 5.0, 3.0, 6.0, 4.0 ], "glow": 125 },
												"down": { "texture": "#temporal", "uv": [ 1.0, 10.0, 2.0, 11.0 ], "glow": 125 }
											}
										},
										{
											"name": "cube up",
											"from": [ 1.0, 4.5, 0.1 ],
											"to": [ 2.0, 5.5, 1.1 ],
											"faces": {
												"north": { "texture": "#temporal", "uv": [ 5.0, 13.0, 6.0, 14.0 ], "glow": 125 },
												"east": { "texture": "#temporal", "uv": [ 4.0, 6.0, 5.0, 7.0 ], "glow": 125 },
												"south": { "texture": "#temporal", "uv": [ 8.0, 6.0, 9.0, 7.0 ], "glow": 125 },
												"west": { "texture": "#temporal", "uv": [ 4.0, 11.0, 5.0, 12.0 ], "glow": 125 },
												"up": { "texture": "#temporal", "uv": [ 3.0, 4.0, 4.0, 5.0 ], "glow": 125 },
												"down": { "texture": "#temporal", "uv": [ 0.0, 0.0, 1.0, 1.0 ], "glow": 125 }
											}
										},
										{
											"name": "Cube16",
											"from": [ 1.0, 0.5, 0.1 ],
											"to": [ 2.0, 1.5, 1.1 ],
											"faces": {
												"north": { "texture": "#temporal", "uv": [ 0.0, 0.0, 1.0, 1.0 ], "glow": 125 },
												"east": { "texture": "#temporal", "uv": [ 0.0, 0.0, 1.0, 1.0 ], "glow": 125 },
												"south": { "texture": "#temporal", "uv": [ 13.0, 15.0, 14.0, 16.0 ], "glow": 125 },
												"west": { "texture": "#temporal", "uv": [ 0.0, 0.0, 1.0, 1.0 ], "glow": 125 },
												"up": { "texture": "#temporal", "uv": [ 2.0, 3.0, 3.0, 4.0 ], "glow": 125 },
												"down": { "texture": "#temporal", "uv": [ 2.0, 1.0, 3.0, 2.0 ], "glow": 125 }
											}
										}
									]
								}
							]
						}
					]
				}
			]
		}
	],
	"animations": [
		{
			"name": "Idle",
			"code": "idle",
			"quantityframes": 30,
			"onActivityStopped": "EaseOut",
			"onAnimationEnd": "Repeat",
			"keyframes": [
				{
					"frame": 0,
					"elements": {
						"origin": { "offsetX": 0.0, "offsetY": 0.0, "offsetZ": 0.0, "rotationX": 0.0, "rotationY": 0.0, "rotationZ": 0.0 },
						"top": { "rotationX": 0.0, "rotationY": 0.0, "rotationZ": 0.0 },
						"ORIGIN SPINE": { "rotationX": 0.0, "rotationY": 0.0, "rotationZ": 0.0 },
						"origin vertebrae 1": { "rotationX": 0.0, "rotationY": 0.0, "rotationZ": 0.0 },
						"origin vertebrae 2": { "rotationX": 0.0, "rotationY": 0.0, "rotationZ": 0.0 },
						"origin vertebrae 3": { "rotationX": 0.0, "rotationY": 0.0, "rotationZ": 0.0 },
						"origin vertebrae 4": { "rotationX": 0.0, "rotationY": 0.0, "rotationZ": 0.0 }
					}
				},
				{
					"frame": 2,
					"elements": {
						"sensory 4": { "rotationX": 0.0, "rotationY": 0.0, "rotationZ": 0.0 }
					}
				},
				{
					"frame": 4,
					"elements": {
						"sensory 3": { "rotationX": 0.0, "rotationY": 0.0, "rotationZ": 0.0 }
					}
				},
				{
					"frame": 5,
					"elements": {
						"sensory 4": { "rotationX": 13.0, "rotationY": 0.0, "rotationZ": 0.0 },
						"sensory 5": { "rotationX": 0.0, "rotationY": 0.0, "rotationZ": 0.0 }
					}
				},
				{
					"frame": 7,
					"elements": {
						"sensory 3": { "rotationX": -8.0, "rotationY": -3.0, "rotationZ": 3.0 }
					}
				},
				{
					"frame": 8,
					"elements": {
						"sensory 5": { "rotationX": -10.0, "rotationY": 5.0, "rotationZ": 0.0 },
						"sensory 10": { "rotationX": 0.0, "rotationY": 0.0, "rotationZ": 0.0 }
					}
				},
				{
					"frame": 11,
					"elements": {
						"sensory 10": { "rotationX": 12.0, "rotationY": 4.0, "rotationZ": 8.0 }
					}
				},
				{
					"frame": 15,
					"elements": {
						"origin": { "offsetX": -0.15, "offsetY": 0.0, "offsetZ": 0.0, "rotationX": 0.0, "rotationY": 0.0, "rotationZ": 1.0 },
						"top": { "rotationX": 0.0, "rotationY": 0.0, "rotationZ": 0.0 },
						"ORIGIN SPINE": { "rotationX": 0.0, "rotationY": 0.0, "rotationZ": -1.0 },
						"origin vertebrae 1": { "rotationX": 0.0, "rotationY": 0.0, "rotationZ": 0.0 },
						"origin vertebrae 2": { "rotationX": 0.0, "rotationY": 0.0, "rotationZ": 1.0 },
						"origin vertebrae 3": { "rotationX": 0.0, "rotationY": 0.0, "rotationZ": 1.0 },
						"origin vertebrae 4": { "rotationX": 0.0, "rotationY": 0.0, "rotationZ": 1.0 }
					}
				},
				{
					"frame": 19,
					"elements": {
						"sensory 6": { "rotationX": 0.0, "rotationY": 0.0, "rotationZ": 0.0 }
					}
				},
				{
					"frame": 22,
					"elements": {
						"sensory 6": { "rotationX": 25.0, "rotationY": -22.0, "rotationZ": 8.0 },
						"sensory 1": { "rotationX": 0.0, "rotationY": 0.0, "rotationZ": 0.0 }
					}
				},
				{
					"frame": 25,
					"elements": {
						"sensory 1": { "rotationX": -5.0, "rotationY": 0.0, "rotationZ": -3.0 }
					}
				}
			]
		},

		{
			"name": "Run",
			"code": "run",
			"quantityframes": 40,
			"onActivityStopped": "EaseOut",
			"onAnimationEnd": "Repeat",
			"keyframes": [
				{
					"frame": 0,
					"elements": {
						"origin": { "offsetX": 2.0, "offsetY": 4.5, "offsetZ": 0.0, "rotationX": 0.0, "rotationY": 0.0, "rotationZ": -39.0 },
						"ORIGIN SPINE": { "rotationX": 0.0, "rotationY": 0.0, "rotationZ": -14.0 },
						"origin vertebrae 2": { "rotationX": 0.0, "rotationY": 0.0, "rotationZ": -25.0 },
						"origin vertebrae 3": { "rotationX": 0.0, "rotationY": 0.0, "rotationZ": -25.0 },
						"origin vertebrae 4": { "rotationX": 0.0, "rotationY": 0.0, "rotationZ": -25.0 },
						"sensory 1": { "rotationX": -35.0, "rotationY": 0.0, "rotationZ": 0.0 },
						"sensory 3": { "rotationX": 35.0, "rotationY": 0.0, "rotationZ": 0.0 },
						"string": { "rotationX": 0.0, "rotationY": 0.0, "rotationZ": 11.0 }
					}
				},
				{
					"frame": 2,
					"elements": {
						"origin": { "offsetX": -3.0, "offsetY": 2.5, "offsetZ": 0.0 }
					}
				},
				{
					"frame": 5,
					"elements": {
						"origin": { "offsetX": -4.0, "offsetY": 2.0, "offsetZ": 0.0 },
						"sensory 2": { "rotationX": -35.0, "rotationY": 0.0, "rotationZ": 0.0 },
						"sensory 4": { "rotationX": 35.0, "rotationY": 0.0, "rotationZ": 0.0 }
					}
				},
				{
					"frame": 9,
					"elements": {
						"origin": { "offsetX": -3.0, "offsetY": -2.0, "offsetZ": 0.0, "rotationX": 0.0, "rotationY": 0.0, "rotationZ": -66.0 },
						"ORIGIN SPINE": { "rotationX": 0.0, "rotationY": 0.0, "rotationZ": 58.0 },
						"origin vertebrae 2": { "rotationX": 0.0, "rotationY": 0.0, "rotationZ": -5.0 },
						"origin vertebrae 3": { "rotationX": 0.0, "rotationY": 0.0, "rotationZ": -5.0 },
						"origin vertebrae 4": { "rotationX": 0.0, "rotationY": 0.0, "rotationZ": -5.0 },
						"string": { "rotationX": 0.0, "rotationY": 0.0, "rotationZ": 14.0 }
					}
				},
				{
					"frame": 10,
					"elements": {
						"sensory 5": { "rotationX": -35.0, "rotationY": 0.0, "rotationZ": 0.0 },
						"sensory 7": { "rotationX": 35.0, "rotationY": 0.0, "rotationZ": 0.0 }
					}
				},
				{
					"frame": 15,
					"elements": {
						"sensory 6": { "rotationX": -35.0, "rotationY": 0.0, "rotationZ": 0.0 },
						"sensory 47": { "rotationX": 35.0, "rotationY": 0.0, "rotationZ": 0.0 }
					}
				},
				{
					"frame": 18,
					"elements": {
						"origin": { "offsetX": -11.0, "offsetY": -1.2, "offsetZ": 0.0, "rotationX": 0.0, "rotationY": 0.0, "rotationZ": -6.0 },
						"ORIGIN SPINE": { "rotationX": 0.0, "rotationY": 0.0, "rotationZ": 30.0 },
						"origin vertebrae 2": { "rotationX": 0.0, "rotationY": 0.0, "rotationZ": 5.0 },
						"origin vertebrae 3": { "rotationX": 0.0, "rotationY": 0.0, "rotationZ": 5.0 },
						"origin vertebrae 4": { "rotationX": 0.0, "rotationY": 0.0, "rotationZ": 5.0 },
						"sensory 1": { "rotationX": 64.0, "rotationY": 0.0, "rotationZ": 0.0 },
						"sensory 3": { "rotationX": -64.0, "rotationY": 0.0, "rotationZ": 0.0 },
						"string": { "rotationX": 0.0, "rotationY": 0.0, "rotationZ": -22.0 }
					}
				},
				{
					"frame": 19,
					"elements": {
						"origin": { "offsetX": -10.0, "offsetY": -1.0, "offsetZ": 0.0 }
					}
				},
				{
					"frame": 20,
					"elements": {
						"sensory 9": { "rotationX": -35.0, "rotationY": 0.0, "rotationZ": 0.0 },
						"sensory 10": { "rotationX": 35.0, "rotationY": 0.0, "rotationZ": 0.0 }
					}
				},
				{
					"frame": 23,
					"elements": {
						"sensory 2": { "rotationX": 64.0, "rotationY": 0.0, "rotationZ": 0.0 },
						"sensory 4": { "rotationX": -64.0, "rotationY": 0.0, "rotationZ": 0.0 }
					}
				},
				{
					"frame": 28,
					"elements": {
						"sensory 5": { "rotationX": 64.0, "rotationY": 0.0, "rotationZ": 0.0 },
						"sensory 7": { "rotationX": -64.0, "rotationY": 0.0, "rotationZ": 0.0 }
					}
				},
				{
					"frame": 30,
					"elements": {
						"origin": { "offsetX": 0.0, "offsetY": -0.3, "offsetZ": 0.0, "rotationX": 0.0, "rotationY": 0.0, "rotationZ": 0.0 },
						"ORIGIN SPINE": { "rotationX": 0.0, "rotationY": 0.0, "rotationZ": 30.0 },
						"origin vertebrae 2": { "rotationX": 0.0, "rotationY": 0.0, "rotationZ": 0.0 },
						"origin vertebrae 3": { "rotationX": 0.0, "rotationY": 0.0, "rotationZ": 0.0 },
						"origin vertebrae 4": { "rotationX": 0.0, "rotationY": 0.0, "rotationZ": 0.0 },
						"string": { "rotationX": 0.0, "rotationY": 0.0, "rotationZ": 6.0 }
					}
				},
				{
					"frame": 33,
					"elements": {
						"sensory 6": { "rotationX": 64.0, "rotationY": 0.0, "rotationZ": 0.0 },
						"sensory 47": { "rotationX": -64.0, "rotationY": 0.0, "rotationZ": 0.0 }
					}
				},
				{
					"frame": 38,
					"elements": {
						"sensory 9": { "rotationX": 64.0, "rotationY": 0.0, "rotationZ": 0.0 },
						"sensory 10": { "rotationX": -64.0, "rotationY": 0.0, "rotationZ": 0.0 }
					}
				}
			]
		},

		{
			"name": "Hide",
			"code": "hide",
			"quantityframes": 30,
			"onActivityStopped": "EaseOut",
			"onAnimationEnd": "Hold",
			"keyframes": [
				{
					"frame": 0,
					"elements": {
						"origin": { "offsetX": 7.5, "offsetY": 1.0, "offsetZ": 0.0, "rotationX": 0.0, "rotationY": 0.0, "rotationZ": -100.0 },
						"ORIGIN SPINE": { "rotationX": 0.0, "rotationY": 0.0, "rotationZ": 102.0 },
						"origin vertebrae 2": { "rotationX": 0.0, "rotationY": 0.0, "rotationZ": 5.0 },
						"origin vertebrae 3": { "rotationX": 0.0, "rotationY": 0.0, "rotationZ": 5.0 },
						"origin vertebrae 4": { "rotationX": 0.0, "rotationY": 0.0, "rotationZ": 5.0 },
						"string": { "rotationX": 0.0, "rotationY": 0.0, "rotationZ": 11.0 }
					}
				}
			]
		},

		{
			"name": "Alarm",
			"code": "alarm",
			"quantityframes": 30,
			"onActivityStopped": "EaseOut",
			"onAnimationEnd": "Repeat",
			"keyframes": [
				{
					"frame": 0,
					"elements": {
						"origin": { "offsetX": 0.5, "offsetY": 1.6, "offsetZ": 0.0, "rotationX": 0.0, "rotationY": 0.0, "rotationZ": -42.0 },
						"origin vertebrae 2": { "rotationX": 0.0, "rotationY": 0.0, "rotationZ": -15.0 },
						"origin vertebrae 3": { "rotationX": 0.0, "rotationY": 0.0, "rotationZ": -15.0 },
						"origin vertebrae 4": { "rotationX": 0.0, "rotationY": 0.0, "rotationZ": -15.0 },
						"string": { "rotationX": 0.0, "rotationY": 0.0, "rotationZ": -20.0 }
					}
				},
				{
					"frame": 1,
					"elements": {
						"sensory 3": { "rotationX": -11.0, "rotationY": 0.0, "rotationZ": 0.0 },
						"sensory 6": { "rotationX": 19.0, "rotationY": 0.0, "rotationZ": 0.0 }
					}
				},
				{
					"frame": 3,
					"elements": {
						"origin": { "offsetX": -2.5, "offsetY": 2.5, "offsetZ": 0.0, "rotationX": 0.0, "rotationY": 0.0, "rotationZ": -42.0 },
						"ORIGIN SPINE": { "rotationX": 0.0, "rotationY": 0.0, "rotationZ": 25.0 }
					}
				},
				{
					"frame": 4,
					"elements": {
						"origin": { "offsetX": -3.5, "offsetY": 2.5, "offsetZ": 0.0 },
						"sensory 3": { "rotationX": 36.0, "rotationY": 0.0, "rotationZ": 0.0 },
						"sensory 6": { "rotationX": -19.0, "rotationY": 0.0, "rotationZ": 0.0 }
					}
				},
				{
					"frame": 6,
					"elements": {
						"string": { "rotationX": 0.0, "rotationY": 0.0, "rotationZ": 19.0 },
						"sensory 1": { "rotationX": 39.0, "rotationY": 0.0, "rotationZ": 0.0 }
					}
				},
				{
					"frame": 9,
					"elements": {
						"origin": { "offsetX": -8.3, "offsetY": -1.5, "offsetZ": 0.0 },
						"sensory 1": { "rotationX": -44.0, "rotationY": 0.0, "rotationZ": 0.0 }
					}
				},
				{
					"frame": 12,
					"elements": {
						"sensory 9": { "rotationX": 30.0, "rotationY": 0.0, "rotationZ": 0.0 }
					}
				},
				{
					"frame": 13,
					"elements": {
						"origin": { "offsetX": -7.8, "offsetY": -8.8, "offsetZ": 0.0 },
						"sensory 2": { "rotationX": -19.0, "rotationY": 0.0, "rotationZ": 0.0 }
					}
				},
				{
					"frame": 15,
					"elements": {
						"origin": { "offsetX": -5.0, "offsetY": -12.2, "offsetZ": 0.0, "rotationX": 0.0, "rotationY": 0.0, "rotationZ": -220.0 },
						"ORIGIN SPINE": { "rotationX": 0.0, "rotationY": 0.0, "rotationZ": 102.0 },
						"origin vertebrae 2": { "rotationX": 0.0, "rotationY": 0.0, "rotationZ": 5.0 },
						"origin vertebrae 3": { "rotationX": 0.0, "rotationY": 0.0, "rotationZ": 5.0 },
						"origin vertebrae 4": { "rotationX": 0.0, "rotationY": 0.0, "rotationZ": 5.0 },
						"sensory 9": { "rotationX": 44.0, "rotationY": 0.0, "rotationZ": 0.0 },
						"sensory 5": { "rotationX": -19.0, "rotationY": 0.0, "rotationZ": 0.0 },
						"sensory 4": { "rotationX": 0.0, "rotationY": 0.0, "rotationZ": 0.0 },
						"string": { "rotationX": 0.0, "rotationY": 0.0, "rotationZ": 19.0 }
					}
				},
				{
					"frame": 16,
					"elements": {
						"origin": { "offsetX": -4.0, "offsetY": -11.0, "offsetZ": 0.0 },
						"sensory 2": { "rotationX": -39.0, "rotationY": 0.0, "rotationZ": 0.0 }
					}
				},
				{
					"frame": 17,
					"elements": {
						"sensory 10": { "rotationX": -17.0, "rotationY": 0.0, "rotationZ": 0.0 }
					}
				},
				{
					"frame": 18,
					"elements": {
						"origin": { "offsetX": -5.5, "offsetY": -7.5, "offsetZ": 0.0, "rotationX": 0.0, "rotationY": 0.0, "rotationZ": -220.0 },
						"ORIGIN SPINE": { "rotationX": 0.0, "rotationY": 0.0, "rotationZ": 163.0 },
						"sensory 5": { "rotationX": -39.0, "rotationY": 0.0, "rotationZ": 0.0 },
						"sensory 4": { "rotationX": 28.0, "rotationY": 0.0, "rotationZ": 0.0 }
					}
				},
				{
					"frame": 19,
					"elements": {
						"sensory 7": { "rotationX": -17.0, "rotationY": 0.0, "rotationZ": 0.0 }
					}
				},
				{
					"frame": 20,
					"elements": {
						"origin": { "offsetX": -6.5, "offsetY": -4.0, "offsetZ": 0.0 },
						"string": { "rotationX": 0.0, "rotationY": 0.0, "rotationZ": -20.0 },
						"sensory 10": { "rotationX": 22.0, "rotationY": 0.0, "rotationZ": 0.0 }
					}
				},
				{
					"frame": 22,
					"elements": {
						"origin": { "offsetX": -6.2, "offsetY": -1.0, "offsetZ": 0.0 },
						"sensory 7": { "rotationX": 25.0, "rotationY": 0.0, "rotationZ": 0.0 }
					}
				},
				{
					"frame": 24,
					"elements": {
						"origin": { "offsetX": -4.7, "offsetY": 1.0, "offsetZ": 0.0 },
						"sensory 47": { "rotationX": -28.0, "rotationY": 0.0, "rotationZ": 0.0 }
					}
				},
				{
					"frame": 27,
					"elements": {
						"origin": { "offsetX": -2.0, "offsetY": 2.0, "offsetZ": 0.0 },
						"sensory 47": { "rotationX": 25.0, "rotationY": 0.0, "rotationZ": 0.0 }
					}
				}
			]
		},

		{
			"name": "Listen",
			"code": "listen",
			"quantityframes": 110,
			"onActivityStopped": "EaseOut",
			"onAnimationEnd": "Stop",
			"keyframes": [
				{
					"frame": 0,
					"elements": {
						"origin": { "offsetX": 0.0, "offsetY": 0.0, "offsetZ": 0.0, "rotationX": 0.0, "rotationY": 0.0, "rotationZ": 0.0 },
						"ORIGIN SPINE": { "rotationX": 0.0, "rotationY": 0.0, "rotationZ": 0.0 },
						"origin vertebrae 2": { "rotationX": 0.0, "rotationY": 0.0, "rotationZ": 0.0 },
						"origin vertebrae 3": { "rotationX": 0.0, "rotationY": 0.0, "rotationZ": 0.0 },
						"origin vertebrae 4": { "rotationX": 0.0, "rotationY": 0.0, "rotationZ": 0.0 },
						"sensory 10": { "rotationX": 0.0, "rotationY": 0.0, "rotationZ": 0.0 },
						"string": { "rotationX": 0.0, "rotationY": 0.0, "rotationZ": 0.0 }
					}
				},
				{
					"frame": 5,
					"elements": {
						"origin": { "offsetX": -2.0, "offsetY": -2.0, "offsetZ": 1.0 }
					}
				},
				{
					"frame": 7,
					"elements": {
						"origin": { "offsetX": -2.0, "offsetY": -2.0, "offsetZ": 1.0 },
						"ORIGIN SPINE": { "rotationX": 17.0, "rotationY": -14.0, "rotationZ": 14.0 },
						"sensory 10": { "rotationX": -5.0, "rotationY": 0.0, "rotationZ": 0.0 },
						"sensory 6": { "rotationX": 0.0, "rotationY": 0.0, "rotationZ": 0.0 },
						"string": { "rotationX": 0.0, "rotationY": 0.0, "rotationZ": 0.0 }
					}
				},
				{
					"frame": 10,
					"elements": {
						"origin": { "offsetX": -2.0, "offsetY": -2.0, "offsetZ": 2.0 }
					}
				},
				{
					"frame": 12,
					"elements": {
						"sensory 47": { "rotationX": 0.0, "rotationY": 0.0, "rotationZ": 0.0 }
					}
				},
				{
					"frame": 15,
					"elements": {
						"origin": { "offsetX": -2.8, "offsetY": -4.0, "offsetZ": 1.0, "rotationX": -19.0, "rotationY": 58.0, "rotationZ": -61.0 },
						"ORIGIN SPINE": { "rotationX": 25.0, "rotationY": -8.0, "rotationZ": 28.0 },
						"origin vertebrae 2": { "rotationX": 5.0, "rotationY": 0.0, "rotationZ": 5.0 },
						"origin vertebrae 3": { "rotationX": 5.0, "rotationY": 0.0, "rotationZ": 5.0 },
						"origin vertebrae 4": { "rotationX": 5.0, "rotationY": 0.0, "rotationZ": 5.0 },
						"sensory 6": { "rotationX": -10.0, "rotationY": 0.0, "rotationZ": 0.0 },
						"string": { "rotationX": -11.0, "rotationY": 0.0, "rotationZ": -11.0 }
					}
				},
				{
					"frame": 18,
					"elements": {
						"string": { "rotationX": -11.0, "rotationY": 0.0, "rotationZ": -11.0 },
						"sensory 2": { "rotationX": 0.0, "rotationY": 0.0, "rotationZ": 0.0 },
						"sensory 47": { "rotationX": 15.0, "rotationY": 0.0, "rotationZ": 0.0 }
					}
				},
				{
					"frame": 23,
					"elements": {
						"sensory 2": { "rotationX": -5.0, "rotationY": 0.0, "rotationZ": 0.0 }
					}
				},
				{
					"frame": 25,
					"elements": {
						"string": { "rotationX": -8.0, "rotationY": 0.0, "rotationZ": 11.0 }
					}
				},
				{
					"frame": 29,
					"elements": {
						"string": { "rotationX": -8.0, "rotationY": 0.0, "rotationZ": 11.0 },
						"sensory 4": { "rotationX": 0.0, "rotationY": 0.0, "rotationZ": 0.0 },
						"vertebrae 8": { "rotationX": 0.0, "rotationY": 0.0, "rotationZ": 0.0 }
					}
				},
				{
					"frame": 37,
					"elements": {
						"string": { "rotationX": 11.0, "rotationY": 0.0, "rotationZ": -6.0 },
						"sensory 4": { "rotationX": -5.0, "rotationY": 0.0, "rotationZ": 0.0 },
						"vertebrae 8": { "rotationX": 5.0, "rotationY": 0.0, "rotationZ": 0.0 }
					}
				},
				{
					"frame": 45,
					"elements": {
						"origin": { "offsetX": -2.8, "offsetY": -4.0, "offsetZ": 1.0, "rotationX": -22.0, "rotationY": 60.0, "rotationZ": -61.0 },
						"ORIGIN SPINE": { "rotationX": 25.0, "rotationY": -7.0, "rotationZ": 30.0 },
						"origin vertebrae 2": { "rotationX": 5.0, "rotationY": 0.0, "rotationZ": 5.0 },
						"origin vertebrae 3": { "rotationX": 5.0, "rotationY": 0.0, "rotationZ": 5.0 },
						"origin vertebrae 4": { "rotationX": 5.0, "rotationY": 0.0, "rotationZ": 5.0 },
						"sensory 7": { "rotationX": 0.0, "rotationY": 0.0, "rotationZ": 0.0 },
						"string": { "rotationX": 11.0, "rotationY": 0.0, "rotationZ": -6.0 }
					}
				},
				{
					"frame": 55,
					"elements": {
						"origin": { "offsetX": -2.8, "offsetY": -4.0, "offsetZ": 1.0, "rotationX": -6.0, "rotationY": 0.0, "rotationZ": -53.0 },
						"ORIGIN SPINE": { "rotationX": -6.0, "rotationY": 6.0, "rotationZ": 30.0 },
						"origin vertebrae 2": { "rotationX": 0.0, "rotationY": 0.0, "rotationZ": 0.0 },
						"origin vertebrae 3": { "rotationX": 0.0, "rotationY": 0.0, "rotationZ": 0.0 },
						"origin vertebrae 4": { "rotationX": 0.0, "rotationY": 0.0, "rotationZ": 0.0 },
						"sensory 7": { "rotationX": 5.0, "rotationY": 0.0, "rotationZ": 0.0 }
					}
				},
				{
					"frame": 65,
					"elements": {
						"origin": { "offsetX": -2.8, "offsetY": -4.0, "offsetZ": 1.0, "rotationX": 19.0, "rotationY": -47.0, "rotationZ": -66.0 },
						"ORIGIN SPINE": { "rotationX": -25.0, "rotationY": 7.0, "rotationZ": 30.0 },
						"origin vertebrae 2": { "rotationX": -5.0, "rotationY": 0.0, "rotationZ": 5.0 },
						"origin vertebrae 3": { "rotationX": -5.0, "rotationY": 0.0, "rotationZ": 5.0 },
						"origin vertebrae 4": { "rotationX": -5.0, "rotationY": 0.0, "rotationZ": 5.0 },
						"sensory 9": { "rotationX": 0.0, "rotationY": 0.0, "rotationZ": 0.0 },
						"sensory 1": { "rotationX": 0.0, "rotationY": 0.0, "rotationZ": 0.0 },
						"string": { "rotationX": 6.0, "rotationY": 0.0, "rotationZ": -3.0 }
					}
				},
				{
					"frame": 73,
					"elements": {
						"string": { "rotationX": 6.0, "rotationY": 0.0, "rotationZ": -3.0 },
						"sensory 1": { "rotationX": -15.0, "rotationY": 0.0, "rotationZ": 0.0 },
						"sensory 9": { "rotationX": 5.0, "rotationY": 0.0, "rotationZ": 0.0 }
					}
				},
				{
					"frame": 78,
					"elements": {
						"string": { "rotationX": -8.0, "rotationY": 0.0, "rotationZ": -7.0 },
						"vertebrae 7": { "rotationX": 0.0, "rotationY": 0.0, "rotationZ": 0.0 }
					}
				},
				{
					"frame": 81,
					"elements": {
						"sensory 3": { "rotationX": 0.0, "rotationY": 0.0, "rotationZ": 0.0 },
						"vertebrae 7": { "rotationX": -10.0, "rotationY": 0.0, "rotationZ": 0.0 }
					}
				},
				{
					"frame": 87,
					"elements": {
						"string": { "rotationX": -8.0, "rotationY": 0.0, "rotationZ": -7.0 },
						"sensory 3": { "rotationX": 10.0, "rotationY": 0.0, "rotationZ": 0.0 }
					}
				},
				{
					"frame": 95,
					"elements": {
						"origin": { "offsetX": -2.8, "offsetY": -4.0, "offsetZ": 1.0, "rotationX": 20.0, "rotationY": -49.0, "rotationZ": -66.0 },
						"ORIGIN SPINE": { "rotationX": -27.0, "rotationY": 6.0, "rotationZ": 30.0 },
						"origin vertebrae 2": { "rotationX": -5.0, "rotationY": 0.0, "rotationZ": 5.0 },
						"sensory 5": { "rotationX": 0.0, "rotationY": 0.0, "rotationZ": 0.0 },
						"origin vertebrae 3": { "rotationX": -5.0, "rotationY": 0.0, "rotationZ": 5.0 },
						"origin vertebrae 4": { "rotationX": -5.0, "rotationY": 0.0, "rotationZ": 5.0 }
					}
				},
				{
					"frame": 102,
					"elements": {
						"origin": { "offsetX": -3.0, "offsetY": -2.0, "offsetZ": -2.5 },
						"sensory 5": { "rotationX": 10.0, "rotationY": 0.0, "rotationZ": 0.0 }
					}
				}
			]
		},

		{
			"name": "Walk",
			"code": "walk",
			"quantityframes": 40,
			"onActivityStopped": "EaseOut",
			"onAnimationEnd": "Repeat",
			"keyframes": [
				{
					"frame": 0,
					"elements": {
						"origin": { "offsetX": 0.0, "offsetY": 2.0, "offsetZ": 0.0, "rotationX": 0.0, "rotationY": 0.0, "rotationZ": 9.0 },
						"ORIGIN SPINE": { "rotationX": 0.0, "rotationY": 0.0, "rotationZ": -6.0 },
						"origin vertebrae 2": { "rotationX": 0.0, "rotationY": 0.0, "rotationZ": -25.0 },
						"origin vertebrae 3": { "rotationX": 0.0, "rotationY": 0.0, "rotationZ": -25.0 },
						"origin vertebrae 4": { "rotationX": 0.0, "rotationY": 0.0, "rotationZ": -25.0 },
						"string": { "rotationX": 0.0, "rotationY": 0.0, "rotationZ": -6.0 }
					}
				},
				{
					"frame": 7,
					"elements": {
						"sensory 2": { "rotationX": 0.0, "rotationY": 0.0, "rotationZ": 0.0 }
					}
				},
				{
					"frame": 8,
					"elements": {
						"origin": { "offsetX": -2.0, "offsetY": 3.0, "offsetZ": 0.0, "rotationX": 0.0, "rotationY": 0.0, "rotationZ": 3.0 },
						"ORIGIN SPINE": { "rotationX": 0.0, "rotationY": 0.0, "rotationZ": -22.0 },
						"origin vertebrae 2": { "rotationX": 0.0, "rotationY": 0.0, "rotationZ": -5.0 },
						"origin vertebrae 3": { "rotationX": 0.0, "rotationY": 0.0, "rotationZ": -5.0 },
						"origin vertebrae 4": { "rotationX": 0.0, "rotationY": 0.0, "rotationZ": -5.0 },
						"string": { "rotationX": 0.0, "rotationY": 0.0, "rotationZ": 11.0 }
					}
				},
				{
					"frame": 10,
					"elements": {
						"sensory 2": { "rotationX": -36.0, "rotationY": 11.0, "rotationZ": -8.0 }
					}
				},
				{
					"frame": 16,
					"elements": {
						"sensory 7": { "rotationX": 0.0, "rotationY": 0.0, "rotationZ": 0.0 }
					}
				},
				{
					"frame": 17,
					"elements": {
						"sensory 1": { "rotationX": 0.0, "rotationY": 0.0, "rotationZ": 0.0 }
					}
				},
				{
					"frame": 19,
					"elements": {
						"origin": { "offsetX": -4.0, "offsetY": -0.5, "offsetZ": 0.0 },
						"sensory 7": { "rotationX": 39.0, "rotationY": 0.0, "rotationZ": 6.0 }
					}
				},
				{
					"frame": 20,
					"elements": {
						"origin": { "offsetX": -4.0, "offsetY": -0.6, "offsetZ": 0.0, "rotationX": 0.0, "rotationY": 0.0, "rotationZ": -2.0 },
						"ORIGIN SPINE": { "rotationX": 0.0, "rotationY": 0.0, "rotationZ": 14.0 },
						"origin vertebrae 2": { "rotationX": 0.0, "rotationY": 0.0, "rotationZ": 5.0 },
						"origin vertebrae 3": { "rotationX": 0.0, "rotationY": 0.0, "rotationZ": 5.0 },
						"origin vertebrae 4": { "rotationX": 0.0, "rotationY": 0.0, "rotationZ": 5.0 },
						"sensory 1": { "rotationX": 25.0, "rotationY": 0.0, "rotationZ": 0.0 },
						"string": { "rotationX": 0.0, "rotationY": 0.0, "rotationZ": 0.0 }
					}
				},
				{
					"frame": 21,
					"elements": {
						"origin": { "offsetX": -4.0, "offsetY": -0.5, "offsetZ": 0.0 }
					}
				},
				{
					"frame": 24,
					"elements": {
						"sensory 10": { "rotationX": 0.0, "rotationY": 0.0, "rotationZ": 0.0 }
					}
				},
				{
					"frame": 25,
					"elements": {
						"ORIGIN SPINE": { "rotationX": 0.0, "rotationY": 0.0, "rotationZ": 33.0 }
					}
				},
				{
					"frame": 26,
					"elements": {
						"sensory 47": { "rotationX": 0.0, "rotationY": 0.0, "rotationZ": 0.0 }
					}
				},
				{
					"frame": 27,
					"elements": {
						"sensory 10": { "rotationX": 30.0, "rotationY": 8.0, "rotationZ": -17.0 }
					}
				},
				{
					"frame": 29,
					"elements": {
						"sensory 47": { "rotationX": -33.0, "rotationY": 28.0, "rotationZ": 19.0 }
					}
				},
				{
					"frame": 30,
					"elements": {
						"origin": { "offsetX": 2.0, "offsetY": -0.4, "offsetZ": 0.0, "rotationX": 0.0, "rotationY": 0.0, "rotationZ": 0.0 },
						"ORIGIN SPINE": { "rotationX": 0.0, "rotationY": 0.0, "rotationZ": 11.0 },
						"origin vertebrae 2": { "rotationX": 0.0, "rotationY": 0.0, "rotationZ": -5.0 },
						"origin vertebrae 3": { "rotationX": 0.0, "rotationY": 0.0, "rotationZ": -5.0 },
						"origin vertebrae 4": { "rotationX": 0.0, "rotationY": 0.0, "rotationZ": -5.0 },
						"string": { "rotationX": 0.0, "rotationY": 0.0, "rotationZ": -11.0 }
					}
				}
			]
		},

		{
			"name": "Hurt",
			"code": "hurt",
			"quantityframes": 20,
			"onActivityStopped": "PlayTillEnd",
			"onAnimationEnd": "Stop",
			"keyframes": [
				{
					"frame": 0,
					"elements": {
						"origin": { "offsetX": 0.0, "offsetY": 0.0, "offsetZ": 0.0, "rotationX": 0.0, "rotationY": 0.0, "rotationZ": 0.0 },
						"top": { "rotationX": 0.0, "rotationY": 0.0, "rotationZ": 0.0 },
						"ORIGIN SPINE": { "rotationX": 0.0, "rotationY": 0.0, "rotationZ": 0.0 },
						"origin vertebrae 2": { "rotationX": 0.0, "rotationY": 0.0, "rotationZ": 0.0 },
						"origin vertebrae 3": { "rotationX": 0.0, "rotationY": 0.0, "rotationZ": 0.0 },
						"origin vertebrae 4": { "rotationX": 0.0, "rotationY": 0.0, "rotationZ": 0.0 },
						"sensory 10": { "rotationX": 0.0, "rotationY": 0.0, "rotationZ": 0.0 },
						"sensory 5": { "rotationX": 0.0, "rotationY": 0.0, "rotationZ": 0.0 },
						"sensory 47": { "rotationX": 0.0, "rotationY": 0.0, "rotationZ": 0.0 },
						"sensory 2": { "rotationX": 0.0, "rotationY": 0.0, "rotationZ": 0.0 },
						"sensory 4": { "rotationX": 0.0, "rotationY": 0.0, "rotationZ": 0.0 },
						"string": { "rotationX": 0.0, "rotationY": 0.0, "rotationZ": 0.0 }
					}
				},
				{
					"frame": 5,
					"elements": {
						"origin": { "offsetX": 3.5, "offsetY": 4.0, "offsetZ": 0.0, "rotationX": 0.0, "rotationY": 0.0, "rotationZ": -32.0 },
						"top": { "rotationX": 0.0, "rotationY": 0.0, "rotationZ": 0.0 },
						"ORIGIN SPINE": { "rotationX": 0.0, "rotationY": 0.0, "rotationZ": 66.0 },
						"sensory 2": { "rotationX": -53.0, "rotationY": 0.0, "rotationZ": 0.0 },
						"sensory 4": { "rotationX": 55.0, "rotationY": 0.0, "rotationZ": 0.0 },
						"origin vertebrae 2": { "rotationX": 0.0, "rotationY": 0.0, "rotationZ": 10.0 },
						"sensory 5": { "rotationX": -47.0, "rotationY": 0.0, "rotationZ": 0.0 },
						"sensory 47": { "rotationX": 55.0, "rotationY": 0.0, "rotationZ": 0.0 },
						"origin vertebrae 3": { "rotationX": 0.0, "rotationY": 0.0, "rotationZ": 10.0 },
						"sensory 10": { "rotationX": 44.0, "rotationY": 0.0, "rotationZ": 0.0 },
						"origin vertebrae 4": { "rotationX": 0.0, "rotationY": 0.0, "rotationZ": 10.0 },
						"string": { "rotationX": 0.0, "rotationY": 0.0, "rotationZ": -17.0 }
					}
				},
				{
					"frame": 10,
					"elements": {
						"origin": { "offsetX": 4.0, "offsetY": 2.0, "offsetZ": 0.0 },
						"string": { "rotationX": 0.0, "rotationY": 0.0, "rotationZ": 19.0 }
					}
				}
			]
		},

		{
			"name": "Die",
			"code": "die",
			"quantityframes": 95,
			"onActivityStopped": "Stop",
			"onAnimationEnd": "Hold",
			"keyframes": [
				{
					"frame": 0,
					"elements": {
						"origin": { "offsetX": 0.0, "offsetY": 0.0, "offsetZ": 0.0, "rotationX": 0.0, "rotationY": 0.0, "rotationZ": 0.0 },
						"top": { "offsetX": 0.0, "offsetY": 0.0, "offsetZ": 0.0, "rotationX": 0.0, "rotationY": 0.0, "rotationZ": 0.0 },
						"ORIGIN SPINE": { "rotationX": 0.0, "rotationY": 0.0, "rotationZ": 0.0 },
						"origin vertebrae 2": { "offsetX": 0.0, "offsetY": 0.0, "offsetZ": 0.0, "rotationX": 0.0, "rotationY": 0.0, "rotationZ": 0.0 },
						"origin vertebrae 3": { "offsetX": 0.0, "offsetY": 0.0, "offsetZ": 0.0, "rotationX": 0.0, "rotationY": 0.0, "rotationZ": 0.0 },
						"origin vertebrae 4": { "offsetX": 0.0, "offsetY": 0.0, "offsetZ": 0.0, "rotationX": 0.0, "rotationY": 0.0, "rotationZ": 0.0 },
						"sensory 9": { "rotationX": 0.0, "rotationY": 0.0, "rotationZ": 0.0 },
						"sensory 10": { "rotationX": 0.0, "rotationY": 0.0, "rotationZ": 0.0 },
						"sensory 5": { "rotationX": 0.0, "rotationY": 0.0, "rotationZ": 0.0 },
						"sensory 6": { "rotationX": 0.0, "rotationY": 0.0, "rotationZ": 0.0 },
						"sensory 7": { "rotationX": 0.0, "rotationY": 0.0, "rotationZ": 0.0 },
						"sensory 47": { "rotationX": 0.0, "rotationY": 0.0, "rotationZ": 0.0 },
						"sensory 1": { "rotationX": 0.0, "rotationY": 0.0, "rotationZ": 0.0 },
						"sensory 2": { "rotationX": 0.0, "rotationY": 0.0, "rotationZ": 0.0 },
						"sensory 3": { "rotationX": 0.0, "rotationY": 0.0, "rotationZ": 0.0 },
						"sensory 4": { "rotationX": 0.0, "rotationY": 0.0, "rotationZ": 0.0 },
						"string": { "rotationX": 0.0, "rotationY": 0.0, "rotationZ": 0.0 }
					}
				},
				{
					"frame": 2,
					"elements": {
						"origin": { "offsetX": 4.0, "offsetY": 0.0, "offsetZ": 0.0 },
						"ORIGIN SPINE": { "rotationX": -2.0, "rotationY": 0.0, "rotationZ": 38.0 },
						"sensory 1": { "rotationX": -50.0, "rotationY": 0.0, "rotationZ": 0.0 },
						"sensory 6": { "rotationX": -50.0, "rotationY": 28.0, "rotationZ": 22.0 }
					}
				},
				{
					"frame": 3,
					"elements": {
						"origin": { "rotationX": 2.0, "rotationY": 0.0, "rotationZ": -20.0 },
						"sensory 3": { "rotationX": 0.0, "rotationY": 0.0, "rotationZ": 0.0 },
						"sensory 5": { "rotationX": 42.0, "rotationY": 0.0, "rotationZ": 8.0 },
						"string": { "rotationX": 0.0, "rotationY": 0.0, "rotationZ": -11.0 }
					}
				},
				{
					"frame": 4,
					"elements": {
						"sensory 3": { "rotationX": -66.0, "rotationY": 0.0, "rotationZ": -8.0 },
						"sensory 4": { "rotationX": 0.0, "rotationY": 0.0, "rotationZ": 0.0 },
						"sensory 6": { "rotationX": 0.0, "rotationY": 0.0, "rotationZ": 0.0 }
					}
				},
				{
					"frame": 6,
					"elements": {
						"origin": { "offsetX": 0.0, "offsetY": 0.0, "offsetZ": 0.0, "rotationX": -3.0, "rotationY": 0.0, "rotationZ": -21.0 },
						"ORIGIN SPINE": { "rotationX": 3.0, "rotationY": 0.0, "rotationZ": 12.0 },
						"sensory 1": { "rotationX": 0.0, "rotationY": 0.0, "rotationZ": 0.0 },
						"sensory 3": { "rotationX": 0.0, "rotationY": 0.0, "rotationZ": 0.0 },
						"sensory 4": { "rotationX": 24.0, "rotationY": 0.0, "rotationZ": 0.0 },
						"string": { "rotationX": 0.0, "rotationY": 0.0, "rotationZ": 14.0 }
					}
				},
				{
					"frame": 9,
					"elements": {
						"origin": { "rotationX": 4.0, "rotationY": 0.0, "rotationZ": -22.0 },
						"ORIGIN SPINE": { "rotationX": -4.0, "rotationY": 0.0, "rotationZ": 16.0 },
						"sensory 4": { "rotationX": 0.0, "rotationY": 0.0, "rotationZ": 0.0 },
						"sensory 6": { "rotationX": 0.0, "rotationY": 0.0, "rotationZ": 0.0 },
						"sensory 10": { "rotationX": 0.0, "rotationY": 0.0, "rotationZ": 0.0 }
					}
				},
				{
					"frame": 11,
					"elements": {
						"sensory 2": { "rotationX": 0.0, "rotationY": 0.0, "rotationZ": 0.0 },
						"sensory 10": { "rotationX": 47.0, "rotationY": 0.0, "rotationZ": 3.0 },
						"string": { "rotationX": -8.0, "rotationY": 0.0, "rotationZ": 0.0 }
					}
				},
				{
					"frame": 12,
					"elements": {
						"origin": { "offsetX": 0.0, "offsetY": 0.0, "offsetZ": 0.0, "rotationX": -5.0, "rotationY": 0.0, "rotationZ": -23.0 },
						"ORIGIN SPINE": { "rotationX": 5.0, "rotationY": 0.0, "rotationZ": 22.0 },
						"sensory 2": { "rotationX": -44.0, "rotationY": 0.0, "rotationZ": 22.0 },
						"sensory 5": { "rotationX": 0.0, "rotationY": 0.0, "rotationZ": 0.0 },
						"sensory 7": { "rotationX": 27.0, "rotationY": 0.0, "rotationZ": 0.0 },
						"sensory 47": { "rotationX": 0.0, "rotationY": 0.0, "rotationZ": 0.0 },
						"sensory 10": { "rotationX": 0.0, "rotationY": 0.0, "rotationZ": 0.0 },
						"string": { "rotationX": 0.0, "rotationY": 0.0, "rotationZ": 0.0 }
					}
				},
				{
					"frame": 15,
					"elements": {
						"origin": { "offsetX": 0.0, "offsetY": 0.0, "offsetZ": 1.0, "rotationX": 6.0, "rotationY": 0.0, "rotationZ": -24.0 },
						"ORIGIN SPINE": { "rotationX": -6.0, "rotationY": 0.0, "rotationZ": 24.0 },
						"sensory 2": { "rotationX": 0.0, "rotationY": 0.0, "rotationZ": 0.0 },
						"sensory 7": { "rotationX": 0.0, "rotationY": 0.0, "rotationZ": 0.0 },
						"sensory 47": { "rotationX": -50.0, "rotationY": 0.0, "rotationZ": 0.0 },
						"string": { "rotationX": -11.0, "rotationY": 0.0, "rotationZ": 0.0 }
					}
				},
				{
					"frame": 18,
					"elements": {
						"origin": { "offsetX": 0.0, "offsetY": 0.0, "offsetZ": -8.0, "rotationX": -7.0, "rotationY": 0.0, "rotationZ": -6.0 },
						"ORIGIN SPINE": { "rotationX": 30.0, "rotationY": -14.0, "rotationZ": 26.0 },
						"sensory 6": { "rotationX": 36.0, "rotationY": 0.0, "rotationZ": 0.0 },
						"sensory 9": { "rotationX": 0.0, "rotationY": 0.0, "rotationZ": 0.0 }
					}
				},
				{
					"frame": 21,
					"elements": {
						"origin": { "offsetX": 0.0, "offsetY": 0.0, "offsetZ": 1.0, "rotationX": 8.0, "rotationY": 0.0, "rotationZ": -7.0 },
						"ORIGIN SPINE": { "rotationX": -8.0, "rotationY": 0.0, "rotationZ": 27.0 },
						"sensory 1": { "rotationX": 0.0, "rotationY": 0.0, "rotationZ": 0.0 },
						"sensory 3": { "rotationX": 0.0, "rotationY": 0.0, "rotationZ": 0.0 },
						"sensory 9": { "rotationX": -50.0, "rotationY": 0.0, "rotationZ": 0.0 },
						"string": { "rotationX": 14.0, "rotationY": 0.0, "rotationZ": 0.0 }
					}
				},
				{
					"frame": 22,
					"elements": {
						"sensory 3": { "rotationX": 0.0, "rotationY": 44.0, "rotationZ": 30.0 },
						"sensory 47": { "rotationX": 0.0, "rotationY": 0.0, "rotationZ": 0.0 },
						"sensory 9": { "rotationX": 0.0, "rotationY": 0.0, "rotationZ": 0.0 }
					}
				},
				{
					"frame": 24,
					"elements": {
						"origin": { "offsetX": 0.0, "offsetY": 0.0, "offsetZ": 0.0, "rotationX": -8.0, "rotationY": 0.0, "rotationZ": -8.0 },
						"ORIGIN SPINE": { "rotationX": 8.0, "rotationY": 0.0, "rotationZ": 28.0 },
						"sensory 1": { "rotationX": 44.0, "rotationY": 0.0, "rotationZ": 0.0 },
						"sensory 3": { "rotationX": 0.0, "rotationY": 0.0, "rotationZ": 0.0 },
						"origin vertebrae 2": { "rotationX": 0.0, "rotationY": 0.0, "rotationZ": 12.0 },
						"origin vertebrae 3": { "rotationX": 0.0, "rotationY": 0.0, "rotationZ": 12.0 },
						"origin vertebrae 4": { "rotationX": 0.0, "rotationY": 0.0, "rotationZ": 18.0 },
						"string": { "rotationX": -8.0, "rotationY": 0.0, "rotationZ": 0.0 }
					}
				},
				{
					"frame": 26,
					"elements": {
						"origin": { "offsetX": 2.0, "offsetY": 4.0, "offsetZ": 4.0, "rotationX": 8.0, "rotationY": 0.0, "rotationZ": -9.0 },
						"ORIGIN SPINE": { "rotationX": -14.0, "rotationY": 17.0, "rotationZ": 11.0 },
						"origin vertebrae 2": { "rotationX": 0.0, "rotationY": 0.0, "rotationZ": -5.0 },
						"sensory 6": { "rotationX": 0.0, "rotationY": 0.0, "rotationZ": 0.0 },
						"origin vertebrae 3": { "rotationX": 0.0, "rotationY": 0.0, "rotationZ": -5.0 },
						"origin vertebrae 4": { "rotationX": 0.0, "rotationY": 0.0, "rotationZ": -5.0 },
						"string": { "rotationX": 19.0, "rotationY": 0.0, "rotationZ": -14.0 }
					}
				},
				{
					"frame": 29,
					"elements": {
						"origin": { "offsetX": -5.0, "offsetY": 0.0, "offsetZ": 0.0, "rotationX": -8.0, "rotationY": 0.0, "rotationZ": -10.0 },
						"ORIGIN SPINE": { "rotationX": 8.0, "rotationY": 0.0, "rotationZ": 30.0 },
						"origin vertebrae 2": { "rotationX": 0.0, "rotationY": 0.0, "rotationZ": 12.0 },
						"origin vertebrae 3": { "rotationX": 0.0, "rotationY": 0.0, "rotationZ": 12.0 },
						"origin vertebrae 4": { "rotationX": 0.0, "rotationY": 0.0, "rotationZ": 18.0 },
						"string": { "rotationX": -14.0, "rotationY": 0.0, "rotationZ": 14.0 }
					}
				},
				{
					"frame": 34,
					"elements": {
						"origin": { "offsetX": 0.0, "offsetY": 0.0, "offsetZ": 0.0, "rotationX": 6.0, "rotationY": 0.0, "rotationZ": -13.0 },
						"sensory 1": { "rotationX": 0.0, "rotationY": 0.0, "rotationZ": 0.0 }
					}
				},
				{
					"frame": 38,
					"elements": {
						"origin": { "offsetX": 0.0, "offsetY": 0.0, "offsetZ": 0.0, "rotationX": -8.0, "rotationY": 0.0, "rotationZ": -13.0 },
						"string": { "rotationX": 0.0, "rotationY": 0.0, "rotationZ": 0.0 }
					}
				},
				{
					"frame": 40,
					"elements": {
						"origin": { "offsetX": 0.0, "offsetY": 0.0, "offsetZ": 0.0, "rotationX": 0.0, "rotationY": 0.0, "rotationZ": -11.0 },
						"top": { "offsetX": 0.0, "offsetY": 0.0, "offsetZ": 0.0, "rotationX": 0.0, "rotationY": 0.0, "rotationZ": 0.0 },
						"ORIGIN SPINE": { "rotationX": 0.0, "rotationY": 0.0, "rotationZ": 36.0 },
						"origin vertebrae 2": { "offsetX": 0.0, "offsetY": 0.0, "offsetZ": 0.0, "rotationX": 0.0, "rotationY": 0.0, "rotationZ": 17.0 },
						"origin vertebrae 3": { "offsetX": 0.0, "offsetY": 0.0, "offsetZ": 0.0, "rotationX": 0.0, "rotationY": 0.0, "rotationZ": 17.0 },
						"origin vertebrae 4": { "offsetX": 0.0, "offsetY": 0.0, "offsetZ": 0.0, "rotationX": 0.0, "rotationY": 0.0, "rotationZ": 25.0 }
					}
				},
				{
					"frame": 41,
					"elements": {
						"origin": { "offsetX": 0.0, "offsetY": 1.0, "offsetZ": 0.0 }
					}
				},
				{
					"frame": 43,
					"elements": {
						"origin": { "offsetX": -6.0, "offsetY": -1.0, "offsetZ": 1.0, "rotationX": 5.0, "rotationY": 0.0, "rotationZ": 15.0 },
						"ORIGIN SPINE": { "rotationX": 0.0, "rotationY": 0.0, "rotationZ": 47.0 },
						"origin vertebrae 2": { "offsetX": 0.0, "offsetY": 0.0, "offsetZ": 0.0, "rotationX": 0.0, "rotationY": 0.0, "rotationZ": -42.0 },
						"origin vertebrae 3": { "offsetX": 0.0, "offsetY": 0.0, "offsetZ": 0.0, "rotationX": 0.0, "rotationY": 0.0, "rotationZ": 0.0 },
						"origin vertebrae 4": { "offsetX": 0.0, "offsetY": 0.0, "offsetZ": 0.0, "rotationX": 0.0, "rotationY": 0.0, "rotationZ": -17.0 },
						"string": { "rotationX": 0.0, "rotationY": 0.0, "rotationZ": -11.0 }
					}
				},
				{
					"frame": 59,
					"elements": {
						"sensory 2": { "rotationX": 0.0, "rotationY": 0.0, "rotationZ": 0.0 }
					}
				},
				{
					"frame": 60,
					"elements": {
						"sensory 2": { "rotationX": -15.0, "rotationY": 0.0, "rotationZ": 0.0 }
					}
				},
				{
					"frame": 63,
					"elements": {
						"sensory 2": { "rotationX": 0.0, "rotationY": 0.0, "rotationZ": 0.0 }
					}
				},
				{
					"frame": 64,
					"elements": {
						"origin": { "rotationX": 5.0, "rotationY": 0.0, "rotationZ": 15.0 },
						"ORIGIN SPINE": { "rotationX": 0.0, "rotationY": 0.0, "rotationZ": 47.0 }
					}
				},
				{
					"frame": 65,
					"elements": {
						"origin": { "rotationX": 5.0, "rotationY": 2.0, "rotationZ": 15.0 },
						"ORIGIN SPINE": { "rotationX": 0.0, "rotationY": -1.0, "rotationZ": 47.0 }
					}
				},
				{
					"frame": 68,
					"elements": {
						"origin": { "rotationX": 5.0, "rotationY": 0.0, "rotationZ": 15.0 },
						"ORIGIN SPINE": { "rotationX": 0.0, "rotationY": 0.0, "rotationZ": 47.0 }
					}
				},
				{
					"frame": 76,
					"elements": {
						"sensory 7": { "rotationX": 0.0, "rotationY": 0.0, "rotationZ": 0.0 }
					}
				},
				{
					"frame": 77,
					"elements": {
						"sensory 7": { "rotationX": 14.0, "rotationY": 0.0, "rotationZ": 0.0 }
					}
				},
				{
					"frame": 79,
					"elements": {
						"sensory 7": { "rotationX": 0.0, "rotationY": 0.0, "rotationZ": 0.0 }
					}
				},
				{
					"frame": 94,
					"elements": {
						"origin": { "offsetX": -6.0, "offsetY": -1.0, "offsetZ": 1.0, "rotationX": 5.0, "rotationY": 0.0, "rotationZ": 15.0 },
						"top": { "offsetX": 0.0, "offsetY": 0.0, "offsetZ": 0.0, "rotationX": 0.0, "rotationY": 0.0, "rotationZ": 0.0 },
						"ORIGIN SPINE": { "rotationX": 0.0, "rotationY": 0.0, "rotationZ": 47.0 },
						"origin vertebrae 2": { "offsetX": 0.0, "offsetY": 0.0, "offsetZ": 0.0, "rotationX": 0.0, "rotationY": 0.0, "rotationZ": -42.0 },
						"origin vertebrae 3": { "offsetX": 0.0, "offsetY": 0.0, "offsetZ": 0.0, "rotationX": 0.0, "rotationY": 0.0, "rotationZ": 0.0 },
						"origin vertebrae 4": { "offsetX": 0.0, "offsetY": 0.0, "offsetZ": 0.0, "rotationX": 0.0, "rotationY": 0.0, "rotationZ": -17.0 },
						"string": { "rotationX": 0.0, "rotationY": 0.0, "rotationZ": -11.0 }
					}
				}
			]
		}
	]
}