{
	"editor": {
		"backDropShape": "seraph-hairless",
		"collapsedPaths": "Root/Horn Attachment/HornL01,Root/Body/abdomen,Root/Body/Left Shoulder,Root/Body/Right Shoulder,Root/Horn Attachment/HornR01",
		"allAngles": true,
		"entityTextureMode": true
	},
	"textureWidth": 44,
	"textureHeight": 60,
	"textureSizes": {
		"hide": [44,60],
		"leather": [16,16],
		"nubian-adult": [44,60]
	},
	"textures": {
		"nubian-adult": "game:entity/hooved/goat/nubian-adult"
	},
	"elements": [
		{
			"name": "Horn Attachment",
			"stepParentName": "Head",
			"from": [ 0.1, 4.1, 1.35 ],
			"to": [ 1.1, 5.1, 2.35 ],
			"unwrapMode": 4,
			"uv": [ 1.0, 19.5 ],
			"rotationOrigin": [ 0.1, 4.1, 1.3 ],
			"faces": {
			},
			"children": [
				{
					"name": "HornL01",
					"from": [ 0.4, 0.9, 2.4 ],
					"to": [ 1.2, 2.4, 3.2 ],
					"unwrapMode": 4,
					"uv": [ 30.5, 48.0 ],
					"rotationOrigin": [ 0.4, 0.9, 2.4 ],
					"rotationX": 10.0,
					"rotationY": -40.0,
					"rotationZ": -20.0,
					"faces": {
						"north": { "texture": "#nubian-adult", "uv": [ 30.5, 48.5, 31.0, 50.0 ] },
						"east": { "texture": "#nubian-adult", "uv": [ 32.0, 48.5, 32.5, 50.0 ] },
						"south": { "texture": "#nubian-adult", "uv": [ 31.5, 48.5, 32.0, 50.0 ] },
						"west": { "texture": "#nubian-adult", "uv": [ 31.0, 48.5, 31.5, 50.0 ] },
						"up": { "texture": "#nubian-adult", "uv": [ 31.0, 48.0, 31.5, 48.5 ], "rotation": 90 }
					},
					"children": [
						{
							"name": "HornL02",
							"from": [ 0.05, 1.5, 0.05 ],
							"to": [ 0.75, 3.0, 0.75 ],
							"unwrapMode": 4,
							"uv": [ 30.5, 48.0 ],
							"rotationOrigin": [ 0.05, 1.5, 0.75 ],
							"rotationX": -5.0,
							"rotationY": -2.0,
							"rotationZ": -20.0,
							"faces": {
								"north": { "texture": "#nubian-adult", "uv": [ 30.5, 48.5, 31.0, 50.0 ] },
								"east": { "texture": "#nubian-adult", "uv": [ 32.0, 48.5, 32.5, 50.0 ] },
								"south": { "texture": "#nubian-adult", "uv": [ 31.5, 48.5, 32.0, 50.0 ] },
								"west": { "texture": "#nubian-adult", "uv": [ 31.0, 48.5, 31.5, 50.0 ] },
								"up": { "texture": "#nubian-adult", "uv": [ 31.0, 48.0, 31.5, 48.5 ], "rotation": 90 }
							},
							"children": [
								{
									"name": "HornL03",
									"from": [ 0.05, 1.5, 0.05 ],
									"to": [ 0.65, 3.0, 0.65 ],
									"unwrapMode": 4,
									"uv": [ 30.5, 47.0 ],
									"rotationOrigin": [ 0.05, 1.5, 0.65 ],
									"rotationX": -5.0,
									"rotationY": -2.0,
									"rotationZ": -30.0,
									"faces": {
										"north": { "texture": "#nubian-adult", "uv": [ 30.5, 47.5, 31.0, 49.0 ] },
										"east": { "texture": "#nubian-adult", "uv": [ 32.0, 47.5, 32.5, 49.0 ] },
										"south": { "texture": "#nubian-adult", "uv": [ 31.5, 47.5, 32.0, 49.0 ] },
										"west": { "texture": "#nubian-adult", "uv": [ 31.0, 47.5, 31.5, 49.0 ] },
										"up": { "texture": "#nubian-adult", "uv": [ 31.0, 47.0, 31.5, 47.5 ], "rotation": 90 }
									},
									"children": [
										{
											"name": "HornL04",
											"from": [ 0.05, 1.5, 0.05 ],
											"to": [ 0.45, 2.5, 0.45 ],
											"unwrapMode": 4,
											"uv": [ 30.5, 46.5 ],
											"rotationOrigin": [ 0.05, 1.5, 0.45 ],
											"rotationX": -5.0,
											"rotationY": -2.0,
											"rotationZ": -30.0,
											"faces": {
												"north": { "texture": "#nubian-adult", "uv": [ 30.5, 47.0, 31.0, 48.0 ] },
												"east": { "texture": "#nubian-adult", "uv": [ 32.0, 47.0, 32.5, 48.0 ] },
												"south": { "texture": "#nubian-adult", "uv": [ 31.5, 47.0, 32.0, 48.0 ] },
												"west": { "texture": "#nubian-adult", "uv": [ 31.0, 47.0, 31.5, 48.0 ] },
												"up": { "texture": "#nubian-adult", "uv": [ 31.0, 46.5, 31.5, 47.0 ], "rotation": 90 }
											}
										}
									]
								}
							]
						}
					]
				},
				{
					"name": "HornR01",
					"from": [ 0.4, 0.9, -1.0 ],
					"to": [ 1.2, 2.4, -0.2 ],
					"unwrapMode": 4,
					"uv": [ 30.5, 48.5 ],
					"rotationOrigin": [ 0.4, 0.9, -0.2 ],
					"rotationX": -10.0,
					"rotationY": 40.0,
					"rotationZ": -20.0,
					"faces": {
						"north": { "texture": "#nubian-adult", "uv": [ 30.5, 49.0, 31.0, 50.5 ] },
						"east": { "texture": "#nubian-adult", "uv": [ 32.0, 49.0, 32.5, 50.5 ] },
						"south": { "texture": "#nubian-adult", "uv": [ 31.5, 49.0, 32.0, 50.5 ] },
						"west": { "texture": "#nubian-adult", "uv": [ 31.0, 49.0, 31.5, 50.5 ] },
						"up": { "texture": "#nubian-adult", "uv": [ 31.0, 48.5, 31.5, 49.0 ], "rotation": 90 }
					},
					"children": [
						{
							"name": "HornR02",
							"from": [ 0.05, 1.5, 0.05 ],
							"to": [ 0.75, 3.0, 0.75 ],
							"unwrapMode": 4,
							"uv": [ 30.5, 48.5 ],
							"rotationOrigin": [ 0.05, 1.5, 0.05 ],
							"rotationX": 5.0,
							"rotationY": 2.0,
							"rotationZ": -20.0,
							"faces": {
								"north": { "texture": "#nubian-adult", "uv": [ 30.5, 49.0, 31.0, 50.5 ] },
								"east": { "texture": "#nubian-adult", "uv": [ 32.0, 49.0, 32.5, 50.5 ] },
								"south": { "texture": "#nubian-adult", "uv": [ 31.5, 49.0, 32.0, 50.5 ] },
								"west": { "texture": "#nubian-adult", "uv": [ 31.0, 49.0, 31.5, 50.5 ] },
								"up": { "texture": "#nubian-adult", "uv": [ 31.0, 48.5, 31.5, 49.0 ], "rotation": 90 }
							},
							"children": [
								{
									"name": "HornR03",
									"from": [ 0.1, 1.5, 0.1 ],
									"to": [ 0.7, 3.0, 0.7 ],
									"unwrapMode": 4,
									"uv": [ 30.5, 47.0 ],
									"rotationOrigin": [ 0.1, 1.5, 0.1 ],
									"rotationX": 5.0,
									"rotationY": 2.0,
									"rotationZ": -30.0,
									"faces": {
										"north": { "texture": "#nubian-adult", "uv": [ 30.5, 47.5, 31.0, 49.0 ] },
										"east": { "texture": "#nubian-adult", "uv": [ 32.0, 47.5, 32.5, 49.0 ] },
										"south": { "texture": "#nubian-adult", "uv": [ 31.5, 47.5, 32.0, 49.0 ] },
										"west": { "texture": "#nubian-adult", "uv": [ 31.0, 47.5, 31.5, 49.0 ] },
										"up": { "texture": "#nubian-adult", "uv": [ 31.0, 47.0, 31.5, 47.5 ], "rotation": 90 }
									},
									"children": [
										{
											"name": "HornR04",
											"from": [ 0.1, 1.5, 0.1 ],
											"to": [ 0.5, 2.8, 0.5 ],
											"unwrapMode": 4,
											"uv": [ 30.5, 45.5 ],
											"rotationOrigin": [ 0.1, 1.5, 0.1 ],
											"rotationX": 5.0,
											"rotationY": 2.0,
											"rotationZ": -30.0,
											"faces": {
												"north": { "texture": "#nubian-adult", "uv": [ 30.5, 46.0, 31.0, 47.0 ] },
												"east": { "texture": "#nubian-adult", "uv": [ 32.0, 46.0, 32.5, 47.0 ] },
												"south": { "texture": "#nubian-adult", "uv": [ 31.5, 46.0, 32.0, 47.0 ] },
												"west": { "texture": "#nubian-adult", "uv": [ 31.0, 46.0, 31.5, 47.0 ] },
												"up": { "texture": "#nubian-adult", "uv": [ 31.0, 45.5, 31.5, 46.0 ], "rotation": 90 }
											}
										}
									]
								}
							]
						}
					]
				}
			]
		}
	],
	"animations": [
	]
}