{
	"editor": {
		"backDropShape": "seraph-hairless",
		"collapsedPaths": "Root/Body/abdomen,Root/Body/neck/neck2/head/Horn Attachment/HornRBase/HornRrotator/Rhorn1A/Rhorn2A/Rhorn3A,Root/Body/neck/neck2/head/Horn Attachment/RHornRotator/Rhorn1A,Root/Body/neck/neck2/head/Horn Attachment/LHornBase/Lhorn1A/Lhorn2A/Lhorn3A,Root/Body/neck/neck2/head/nose bridge/jaw,Root/Body/Left Shoulder,Root/Body/Right Shoulder,Root/AntlerOrigin/RHorn1,Root/AntlerOrigin/LHorn1,Root/Body/rear,Root/Body/neck/neck2/head/nose bridge",
		"allAngles": true,
		"entityTextureMode": true
	},
	"textureWidth": 72,
	"textureHeight": 92,
	"textureSizes": {
		"hide": [72,92],
		"nubs": [72,92],
		"leather": [16,16],
		"takingold-adult": [72,92]
	},
	"textures": {
		"takingold-adult": "game:entity/hooved/goat/takingold-adult"
	},
	"elements": [
		{
			"name": "AntlerOrigin",
			"stepParentName": "Head",
			"from": [ -0.3, 4.9, 1.6 ],
			"to": [ 0.7, 5.9, 2.6 ],
			"uv": [ 0.0, 0.0 ],
			"rotationOrigin": [ -0.3, 4.9, 1.6 ],
			"rotationZ": 4.0,
			"faces": {
			},
			"children": [
				{
					"name": "RHorn1",
					"from": [ 0.16, -1.25, -1.6 ],
					"to": [ 1.66, 0.75, -0.6 ],
					"unwrapMode": 4,
					"uv": [ 59.5, 76.0 ],
					"rotationOrigin": [ 1.6585, -1.2457, -1.6 ],
					"rotationX": -72.082,
					"rotationY": 18.14,
					"rotationZ": 11.251,
					"faces": {
						"north": { "texture": "#takingold-adult", "uv": [ 59.5, 77.5, 61.0, 79.5 ] },
						"east": { "texture": "#takingold-adult", "uv": [ 63.5, 77.5, 64.5, 79.5 ] },
						"south": { "texture": "#takingold-adult", "uv": [ 62.0, 77.5, 63.5, 79.5 ] },
						"west": { "texture": "#takingold-adult", "uv": [ 61.0, 77.5, 62.0, 79.5 ] },
						"up": { "texture": "#takingold-adult", "uv": [ 61.0, 76.0, 62.0, 77.5 ], "rotation": 90 },
						"down": { "texture": "#takingold-adult", "uv": [ 61.0, 79.5, 62.0, 81.0 ], "rotation": 90 }
					},
					"children": [
						{
							"name": "RHorn2",
							"from": [ 0.1, 2.0, 0.0 ],
							"to": [ 1.4, 3.0, 1.0 ],
							"unwrapMode": 4,
							"uv": [ 59.5, 74.5 ],
							"rotationOrigin": [ 0.1, 2.0, 1.0 ],
							"rotationX": -20.0,
							"rotationY": 3.0,
							"rotationZ": -5.0,
							"faces": {
								"north": { "texture": "#takingold-adult", "uv": [ 59.5, 75.5, 60.5, 76.5 ] },
								"east": { "texture": "#takingold-adult", "uv": [ 62.5, 75.5, 63.5, 76.5 ] },
								"south": { "texture": "#takingold-adult", "uv": [ 61.5, 75.5, 62.5, 76.5 ] },
								"west": { "texture": "#takingold-adult", "uv": [ 60.5, 75.5, 61.5, 76.5 ] },
								"up": { "texture": "#takingold-adult", "uv": [ 60.5, 74.5, 61.5, 75.5 ], "rotation": 90 },
								"down": { "texture": "#takingold-adult", "uv": [ 60.5, 76.5, 61.5, 77.5 ], "rotation": 90 }
							},
							"children": [
								{
									"name": "RHorn3",
									"from": [ 0.1, 1.0, 0.1 ],
									"to": [ 1.2, 2.0, 0.9 ],
									"unwrapMode": 4,
									"uv": [ 59.5, 72.5 ],
									"rotationOrigin": [ 0.1, 1.0, 0.9 ],
									"rotationX": -20.0,
									"rotationZ": -10.0,
									"faces": {
										"north": { "texture": "#takingold-adult", "uv": [ 59.5, 73.5, 60.5, 74.5 ] },
										"east": { "texture": "#takingold-adult", "uv": [ 62.0, 73.5, 62.5, 74.5 ] },
										"south": { "texture": "#takingold-adult", "uv": [ 61.0, 73.5, 62.0, 74.5 ] },
										"west": { "texture": "#takingold-adult", "uv": [ 60.5, 73.5, 61.0, 74.5 ] },
										"up": { "texture": "#takingold-adult", "uv": [ 60.5, 72.5, 61.0, 73.5 ], "rotation": 90 },
										"down": { "texture": "#takingold-adult", "uv": [ 60.5, 74.5, 61.0, 75.5 ], "rotation": 90 }
									},
									"children": [
										{
											"name": "RHorn4",
											"from": [ 0.1, 1.0, 0.2 ],
											"to": [ 1.0, 2.5, 0.8 ],
											"unwrapMode": 4,
											"uv": [ 59.5, 70.0 ],
											"rotationOrigin": [ 0.1, 1.0, 0.8 ],
											"rotationY": 13.0,
											"rotationZ": -30.0,
											"faces": {
												"north": { "texture": "#takingold-adult", "uv": [ 59.5, 70.5, 60.0, 72.0 ] },
												"east": { "texture": "#takingold-adult", "uv": [ 61.0, 70.5, 61.5, 72.0 ] },
												"south": { "texture": "#takingold-adult", "uv": [ 60.5, 70.5, 61.0, 72.0 ] },
												"west": { "texture": "#takingold-adult", "uv": [ 60.0, 70.5, 60.5, 72.0 ] },
												"up": { "texture": "#takingold-adult", "uv": [ 60.0, 70.0, 60.5, 70.5 ], "rotation": 90 },
												"down": { "texture": "#takingold-adult", "uv": [ 60.0, 72.0, 60.5, 72.5 ], "rotation": 90 }
											},
											"children": [
												{
													"name": "RHorn5",
													"from": [ 0.1, 1.5, 0.0 ],
													"to": [ 0.8, 3.0, 0.4 ],
													"unwrapMode": 4,
													"uv": [ 59.5, 67.5 ],
													"rotationOrigin": [ 0.1, 1.5, 0.0 ],
													"rotationX": 30.0,
													"rotationY": -15.0,
													"faces": {
														"north": { "texture": "#takingold-adult", "uv": [ 59.5, 68.0, 60.0, 69.5 ] },
														"east": { "texture": "#takingold-adult", "uv": [ 61.0, 68.0, 61.5, 69.5 ] },
														"south": { "texture": "#takingold-adult", "uv": [ 60.5, 68.0, 61.0, 69.5 ] },
														"west": { "texture": "#takingold-adult", "uv": [ 60.0, 68.0, 60.5, 69.5 ] },
														"up": { "texture": "#takingold-adult", "uv": [ 60.0, 67.5, 60.5, 68.0 ], "rotation": 90 },
														"down": { "texture": "#takingold-adult", "uv": [ 60.0, 69.5, 60.5, 70.0 ], "rotation": 90 }
													},
													"children": [
														{
															"name": "RHorn6",
															"from": [ 0.1, 1.5, 0.0 ],
															"to": [ 0.6, 2.5, 0.3 ],
															"unwrapMode": 6,
															"uv": [ 59.5, 65.0 ],
															"rotationOrigin": [ 0.1, 1.5, 0.0 ],
															"rotationX": 10.0,
															"rotationY": -12.0,
															"rotationZ": -25.0,
															"faces": {
																"north": { "texture": "#takingold-adult", "uv": [ 60.5, 65.0, 61.0, 66.0 ] },
																"east": { "texture": "#takingold-adult", "uv": [ 59.5, 66.0, 60.5, 66.5 ], "rotation": 90 },
																"south": { "texture": "#takingold-adult", "uv": [ 60.5, 66.5, 61.0, 67.5 ], "rotation": 180 },
																"west": { "texture": "#takingold-adult", "uv": [ 61.0, 66.0, 62.0, 66.5 ], "rotation": 270 },
																"up": { "texture": "#takingold-adult", "uv": [ 62.0, 66.0, 62.5, 66.5 ] },
																"down": { "texture": "#takingold-adult", "uv": [ 60.5, 66.0, 61.0, 66.5 ] }
															},
															"children": [
																{
																	"name": "RHorn7",
																	"from": [ 0.1, 1.0, 0.1 ],
																	"to": [ 0.4, 2.0, 0.3 ],
																	"unwrapMode": 3,
																	"uv": [ 59.5, 63.0 ],
																	"rotationOrigin": [ 0.1, 1.0, 0.1 ],
																	"rotationX": 20.0,
																	"rotationY": 15.0,
																	"rotationZ": -20.0,
																	"faces": {
																		"north": { "texture": "#takingold-adult", "uv": [ 61.0, 63.5, 61.5, 64.5 ] },
																		"east": { "texture": "#takingold-adult", "uv": [ 60.5, 63.5, 61.0, 64.5 ] },
																		"south": { "texture": "#takingold-adult", "uv": [ 60.0, 63.5, 60.5, 64.5 ] },
																		"west": { "texture": "#takingold-adult", "uv": [ 59.5, 63.5, 60.0, 64.5 ] },
																		"up": { "texture": "#takingold-adult", "uv": [ 60.0, 63.0, 60.5, 63.5 ] },
																		"down": { "texture": "#takingold-adult", "uv": [ 60.0, 64.5, 60.5, 65.0 ], "rotation": 180 }
																	}
																}
															]
														}
													]
												}
											]
										}
									]
								}
							]
						}
					]
				},
				{
					"name": "LHorn1",
					"from": [ 0.4, -1.25, 2.5 ],
					"to": [ 1.9, 0.75, 3.5 ],
					"unwrapMode": 4,
					"uv": [ 61.0, 76.0 ],
					"rotationOrigin": [ 1.5585, -1.2457, 3.5 ],
					"rotationX": 72.082,
					"rotationY": -18.14,
					"rotationZ": 11.251,
					"faces": {
						"north": { "texture": "#takingold-adult", "uv": [ 61.0, 77.5, 62.5, 79.5 ] },
						"east": { "texture": "#takingold-adult", "uv": [ 65.0, 77.5, 66.0, 79.5 ] },
						"south": { "texture": "#takingold-adult", "uv": [ 63.5, 77.5, 65.0, 79.5 ] },
						"west": { "texture": "#takingold-adult", "uv": [ 62.5, 77.5, 63.5, 79.5 ] },
						"up": { "texture": "#takingold-adult", "uv": [ 62.5, 76.0, 63.5, 77.5 ], "rotation": 90 },
						"down": { "texture": "#takingold-adult", "uv": [ 62.5, 79.5, 63.5, 81.0 ], "rotation": 90 }
					},
					"children": [
						{
							"name": "LHorn2",
							"from": [ 0.1, 2.0, 0.0 ],
							"to": [ 1.4, 3.0, 1.0 ],
							"unwrapMode": 4,
							"uv": [ 62.0, 74.5 ],
							"rotationOrigin": [ 0.1, 2.0, 0.0 ],
							"rotationX": 20.0,
							"rotationY": -3.0,
							"rotationZ": -5.0,
							"faces": {
								"north": { "texture": "#takingold-adult", "uv": [ 62.0, 75.5, 63.0, 76.5 ] },
								"east": { "texture": "#takingold-adult", "uv": [ 65.0, 75.5, 66.0, 76.5 ] },
								"south": { "texture": "#takingold-adult", "uv": [ 64.0, 75.5, 65.0, 76.5 ] },
								"west": { "texture": "#takingold-adult", "uv": [ 63.0, 75.5, 64.0, 76.5 ] },
								"up": { "texture": "#takingold-adult", "uv": [ 63.0, 74.5, 64.0, 75.5 ], "rotation": 90 },
								"down": { "texture": "#takingold-adult", "uv": [ 63.0, 76.5, 64.0, 77.5 ], "rotation": 90 }
							},
							"children": [
								{
									"name": "LHorn3",
									"from": [ 0.1, 1.0, 0.1 ],
									"to": [ 1.2, 2.0, 0.9 ],
									"unwrapMode": 4,
									"uv": [ 63.0, 72.5 ],
									"rotationOrigin": [ 0.1, 1.0, 0.1 ],
									"rotationX": 20.0,
									"rotationZ": -10.0,
									"faces": {
										"north": { "texture": "#takingold-adult", "uv": [ 63.0, 73.5, 64.0, 74.5 ] },
										"east": { "texture": "#takingold-adult", "uv": [ 65.5, 73.5, 66.0, 74.5 ] },
										"south": { "texture": "#takingold-adult", "uv": [ 64.5, 73.5, 65.5, 74.5 ] },
										"west": { "texture": "#takingold-adult", "uv": [ 64.0, 73.5, 64.5, 74.5 ] },
										"up": { "texture": "#takingold-adult", "uv": [ 64.0, 72.5, 64.5, 73.5 ], "rotation": 90 },
										"down": { "texture": "#takingold-adult", "uv": [ 64.0, 74.5, 64.5, 75.5 ], "rotation": 90 }
									},
									"children": [
										{
											"name": "LHorn4",
											"from": [ 0.1, 1.0, 0.0 ],
											"to": [ 1.0, 2.5, 0.6 ],
											"unwrapMode": 4,
											"uv": [ 64.0, 70.0 ],
											"rotationOrigin": [ 0.1, 1.0, 0.0 ],
											"rotationY": -13.0,
											"rotationZ": -30.0,
											"faces": {
												"north": { "texture": "#takingold-adult", "uv": [ 64.0, 70.5, 64.5, 72.0 ] },
												"east": { "texture": "#takingold-adult", "uv": [ 65.5, 70.5, 66.0, 72.0 ] },
												"south": { "texture": "#takingold-adult", "uv": [ 65.0, 70.5, 65.5, 72.0 ] },
												"west": { "texture": "#takingold-adult", "uv": [ 64.5, 70.5, 65.0, 72.0 ] },
												"up": { "texture": "#takingold-adult", "uv": [ 64.5, 70.0, 65.0, 70.5 ], "rotation": 90 },
												"down": { "texture": "#takingold-adult", "uv": [ 64.5, 72.0, 65.0, 72.5 ], "rotation": 90 }
											},
											"children": [
												{
													"name": "LHorn5",
													"from": [ 0.1, 1.5, 0.2 ],
													"to": [ 0.8, 3.0, 0.6 ],
													"unwrapMode": 4,
													"uv": [ 64.0, 67.5 ],
													"rotationOrigin": [ 0.1, 1.5, 0.6 ],
													"rotationX": -30.0,
													"rotationY": 15.0,
													"faces": {
														"north": { "texture": "#takingold-adult", "uv": [ 64.0, 68.0, 64.5, 69.5 ] },
														"east": { "texture": "#takingold-adult", "uv": [ 65.5, 68.0, 66.0, 69.5 ] },
														"south": { "texture": "#takingold-adult", "uv": [ 65.0, 68.0, 65.5, 69.5 ] },
														"west": { "texture": "#takingold-adult", "uv": [ 64.5, 68.0, 65.0, 69.5 ] },
														"up": { "texture": "#takingold-adult", "uv": [ 64.5, 67.5, 65.0, 68.0 ], "rotation": 90 },
														"down": { "texture": "#takingold-adult", "uv": [ 64.5, 69.5, 65.0, 70.0 ], "rotation": 90 }
													},
													"children": [
														{
															"name": "LHorn6",
															"from": [ 0.1, 1.5, 0.0 ],
															"to": [ 0.6, 2.5, 0.3 ],
															"unwrapMode": 6,
															"uv": [ 63.0, 65.5 ],
															"rotationOrigin": [ 0.1, 1.5, 0.3 ],
															"rotationX": -10.0,
															"rotationY": 12.0,
															"rotationZ": -25.0,
															"faces": {
																"north": { "texture": "#takingold-adult", "uv": [ 64.0, 65.5, 64.5, 66.5 ] },
																"east": { "texture": "#takingold-adult", "uv": [ 63.0, 66.5, 64.0, 67.0 ], "rotation": 90 },
																"south": { "texture": "#takingold-adult", "uv": [ 64.0, 67.0, 64.5, 68.0 ], "rotation": 180 },
																"west": { "texture": "#takingold-adult", "uv": [ 64.5, 66.5, 65.5, 67.0 ], "rotation": 270 },
																"up": { "texture": "#takingold-adult", "uv": [ 65.5, 66.5, 66.0, 67.0 ] },
																"down": { "texture": "#takingold-adult", "uv": [ 64.0, 66.5, 64.5, 67.0 ] }
															},
															"children": [
																{
																	"name": "LHorn7",
																	"from": [ 0.05, 1.0, 0.0 ],
																	"to": [ 0.35, 2.0, 0.2 ],
																	"unwrapMode": 1,
																	"uv": [ 63.5, 63.0 ],
																	"rotationOrigin": [ 0.05, 1.0, 0.2 ],
																	"rotationX": -20.0,
																	"rotationY": -15.0,
																	"rotationZ": -20.0,
																	"faces": {
																		"north": { "texture": "#takingold-adult", "uv": [ 64.0, 63.5, 64.5, 64.5 ] },
																		"east": { "texture": "#takingold-adult", "uv": [ 63.5, 63.5, 64.0, 64.5 ] },
																		"south": { "texture": "#takingold-adult", "uv": [ 65.0, 63.5, 65.5, 64.5 ] },
																		"west": { "texture": "#takingold-adult", "uv": [ 64.5, 63.5, 65.0, 64.5 ] },
																		"up": { "texture": "#takingold-adult", "uv": [ 64.0, 63.0, 64.5, 63.5 ], "rotation": 180 },
																		"down": { "texture": "#takingold-adult", "uv": [ 64.0, 64.5, 64.5, 65.0 ] }
																	}
																}
															]
														}
													]
												}
											]
										}
									]
								}
							]
						}
					]
				}
			]
		}
	]}