{"GameVersion":"1.19.7","SizeX":10,"SizeY":5,"SizeZ":7,"BlockCodes":{"9321":"game:metalblock-corroded-riveted-rusty-iron","7292":"game:planks-oak-ud","1327":"game:metalblock-new-plain-iron","790":"game:leather","7279":"game:planks-oak-ns","1321":"game:metalblock-new-plain-bismuthbronze","2688":"game:strawbedding","263":"game:creativeblock-10","8206":"game:genericwood","882":"game:glass-quartz","9672":"game:planks-oak-we","456":"game:chiseledblock","8614":"game:meta-spawner","8441":"game:wagonwheels-spoked-south","8433":"game:wagonwheels-spoked-north","2637":"game:farmland-dry-compost","1994":"game:flower-redtopgrass-free","1971":"game:flower-lupine-red-free","1992":"game:flower-lilyofthevalley-free","1987":"game:flower-orangemallow-free","1980":"game:flower-catmint-free","1981":"game:flower-cornflower-free","1993":"game:flower-woad-free","1948":"game:flower-croton-medium-crimson-orange"},"ItemCodes":{},"Indices":[0,3072,1,3073,2,1026,3074,4098,5122,6146,1053698,3,1027,2051,3075,4099,5123,6147,1049603,1050627,1053699,2098179,2099203,3146755,3147779,4,1028,2052,3076,4100,5124,6148,1048580,1049604,1050628,1051652,1053700,2097156,2098180,2099204,2100228,3145732,3148804,4195332,4196356,5,1029,2053,3077,1048581,1049605,1050629,1051653,2097157,2098181,2099205,2100229,3145733,3148805,4195333,4196357,6,1030,2054,3078,1048582,1049606,1050630,1051654,2097158,2098182,2099206,2100230,3145734,3148806,4195334,4196358,7,1031,2055,3079,1048583,1049607,1050631,1051655,2097159,2098183,2099207,2100231,3145735,3148807,4195335,4196359,8,1032,2056,3080,1048584,1049608,1050632,1051656,2097160,2099208,2100232,3145736,3148808,4195336,4196360,1033,2057,1049609,1050633,2098185,2099209,3146761,3147785,4195337,4196361],"BlockIds":[456,456,456,456,456,8614,456,456,456,456,456,456,456,456,456,456,456,456,456,456,456,456,456,456,456,8441,456,456,8433,456,456,456,456,2637,2637,456,456,456,1994,1971,456,456,456,456,456,456,456,456,456,456,2637,2637,456,456,1992,1987,456,456,456,456,456,456,456,456,456,456,2637,2637,456,456,1980,1994,456,456,456,456,456,8441,456,456,8433,456,2637,2637,456,456,1981,1993,456,456,456,456,456,456,456,456,456,456,456,2637,456,456,1948,456,456,456,456,456,456,456,456,456,456,456,456,456,456,456],"DecorIndices":[],"DecorIds":[],"BlockEntities":{"0":"!<d@[F*Nn`#64c-E,TfC)uos=!<d@[F*]=_#64o6@VfsmCI<#NAIW-_Bldj%ARo7dDe!Pj$#O*mATDKnCi]UW!!$^Y!!!$*Ec6&.FD5Z2!2'Jq$O:0a@W,skErc7@!9!nW!!ipCD/\")jBk1d@DZKi&#RPQdA7\\\\XCh[D\\!'^`\"F(o/r6#:CVF*(?!Ch[D\\!'^Vn@VfsmCJJ;TAK=-VEcP`%ARlotEc5h<@VfsmCEP$GBm+'0ARm4t(L_JqBl$LPFCfK,@;Je`@;^1$FD5<-!<<*\"!\"],1!!","3072":"!<d@[F*Nn`#64c-E,TfC)uos=!<d@[F*]Fb#64o6@VfsmCI<#NAIW-_Bldj%ARo7dDe!Pj$#O*mATDKnCi]UW!!$^Y!!!$*Ec6&.FD5Z2!2'Jq$O:0a@W,skErc7@!9!>W!!ipCD/\")jBk1d@DZKi&#RPQdA7\\\\XCh[D\\!'^`\"F(o/r6#:CVF*(?!Ch[D\\!'^Vn@VfsmCJJ;TAK=-VEcP`%ARlotEc5h<@VfsmCEP$GBm+'0ARm4t(L_JqBl$LPFCfK,@;Je`@;^1$FD5<-!<<*\"!\"],1!!","1":"!<d@[F*Nqa#64c-E,TfC)uos=!<d@[F*]=_#64o6@VfsmCI<#NAIW-_Bldj%ARo7dDe!Pj$#O*mATDKnCi]UW!!$^Y!!!$*Ec6&.FD5Z2!2'Jq$O:0a@W,skErc7@!9!nW!!ipCD/\")jBk1d@DZKi&#RPQdA7\\\\XCh[D\\!'^`\"F(o/r6#:CVF*(?!Ch[D\\!'^Vn@VfsmCJJ;TAK=-VEcP`%ARlotEc5h<@VfsmCEP$GBm+'0ARm4t(L_JqBl$LPFCfK,@;Je`@;^1$FD5<-!<<*\"!\"],1!!","3073":"!<d@[F*Nqa#64c-E,TfC)uos=!<d@[F*]Fb#64o6@VfsmCI<#NAIW-_Bldj%ARo7dDe!Pj$#O*mATDKnCi]UW!!$^Y!!!$*Ec6&.FD5Z2!2'Jq$O:0a@W,skErc7@!9!>W!!ipCD/\")jBk1d@DZKi&#RPQdA7\\\\XCh[D\\!'^`\"F(o/r6#:CVF*(?!Ch[D\\!'^Vn@VfsmCJJ;TAK=-VEcP`%ARlotEc5h<@VfsmCEP$GBm+'0ARm4t(L_JqBl$LPFCfK,@;Je`@;^1$FD5<-!<<*\"!\"],1!!","2":"!<d@[F*Ntb#64c-E,TfC)uos=!<d@[F*]=_#64o6@VfsmCI<#NAIW-_Bldj%ARo7dDe!Pj$#O*mATDKnCi]UW!!$^Y!!!$*Ec6&.FD5Z2!2'Jq$O:0a@W,skErc7@!9!nW!!ipCD/\")jBk1d@DZKi&#RPQdA7\\\\XCh[D\\!'^`\"F(o/r6#:CVF*(?!Ch[D\\!'^Vn@VfsmCJJ;TAK=-VEcP`%ARlotEc5h<@VfsmCEP$GBm+'0ARm4t(L_JqBl$LPFCfK,@;Je`@;^1$FD5<-!<<*\"!\"],1!!","1026":"!<d@[F*Ntb#64c-E,TfC)uos=!<d@[F*]@`#64o6@VfsmCI<#NAINEeFC?bBE+*s.AT@eWD..ZVDfor>!<<*\"\":]'_FCfK9@;JJQF`MO'!!!!+$Y=3tBlnVfDe*F##ljr*)J<JqANFLID..=#Bk/f;Ea`KiE\\1mADe*o/B45Xg3bWYQ@;^!tA1_nD@:Wqi/R`[ABld^#,A1G%ANFLID..=#Bk/f;Ea`KiE\\1aCBl%<s@<?($Bjkh!*G8etANFLID..=#Bk/f;Ea`KiE\\1d;DffZ,DJ())@;TR:BQ\\0#DJs6\"/Tc#AA7]d5@rH4$De*R(Bk;?,B45Xg3bWYQ@;^!tA1_nD@:Wqi/S9-GDJ=38Eb-8(@;TR:BQ\\0#DJs6\"/Tc#AA7]d5CisuFEbT*+,%k>$ANFLID..=#Bk/f;Ea`KiE\\2?TEcu/?@;KRpDe*o6B45Xg3bWYQ@;^!tA1_nD@:Wqi/Tc#E@<6R3AS?4(FCfIn!dHF\"!!!!\"!dQL#!!!!\"!dZR$!!!!\"!dHI$!!!!\"!dQO&!!!!\"!dZU&!!!!\"%W,ot:i'QcATC[WDJ*M\\!!!!\"%W,X!:i'QcATC[WDJ*P\\s8W*\"%WcStGA^;eDJ*NTDe*DZ!!!!\"$?L/pGA]cdF`):%!!!!*'Q\\5%GA^2oCjA<YFCfJaD/aE6F9)CXBl7X,BjkgTF^]00BlnW!E+*s.ARkc@!!!$6Bl7X,BjkgVE+*s.;0?;bFD5iBz!=<CZDfp\"tBmO=k!!!!*$[6$#8SrEbEcbl'!!<mN@<6NhE+*s.<,ZkeCe/JeEc]SFgkU3-PX#6\\Bl8$(Ec,<%6XaqB@qg%1z!tK$_FCfK1@;J;E@<-!lzz!tTE`@q]:kB4XnNE_(+kEW?(>z!!=-U@<6NXBOPpoAQ<\\[@<?'[DffE(88iWkErZ1?z!\"TT]E+*s.ARn5IFD5i2ATIhO!!!!","3074":"!<d@[F*Ntb#64c-E,TfC)uos=!<d@[F*]Fb#64o6@VfsmCI<#NAIW-_Bldj%ARo7dDe!Pj$#O*mATDKnCi]UW!!$^Y!!!$*Ec6&.FD5Z2!2'Jq$O:0a@W,skErc7@!9!>W!!ipCD/\")jBk1d@DZKi&#RPQdA7\\\\XCh[D\\!'^`\"F(o/r6#:CVF*(?!Ch[D\\!'^Vn@VfsmCJJ;TAK=-VEcP`%ARlotEc5h<@VfsmCEP$GBm+'0ARm4t(L_JqBl$LPFCfK,@;Je`@;^1$FD5<-!<<*\"!\"],1!!","4098":"!<d@[F*Ntb#64c-E,TfC)uos=!<d@[F*]Ic#64o6@VfsmCI<#NAIW-_Bldj%ARo7dDe!Pj$#O*mATDKnCi][Y!!%Bd!!\"YU!!!c:!!!$*Ec6&.FD5Z2!2'Jq$O:0a@W,skEtnZT!!)b5!Y4m2!YG-Z!\\jG8!`8`k!c\\%I!g*?'!jMXZ!mpr7!q?6i!Y4\\u!\"SGT!=dUh!<CYH!XQeR!XEmX!<ZqA!Wj]X!<F;A!!+/!!<<mC!XK-ED/\")jBk1d@DZKi&#RPQdA7\\\\XCh[D\\!'^`\"F(o/r6#:CVF*(?!Ch[D\\!'^Vn@VfsmCJJ;TAI;4ACERS4@;]k%$Q!5p@;0OP@<?($BjkgTF^]00Bln'#EruCB!!!Q1!!!Q1!!!Q1!!!","5122":"!<d@[F*Ntb#64c-E,TfC)uos=!<d@[F*]Ld#64o6@VfsmCI<#NAIW-_Bldj%ARo7dDe!Pj$#O*mATDKnCi]UW!!!c:!!!$*Ec6&.FD5Z2!2'Jq$O:0a@W,skErl=A!\"/5c!%[U!!!ipCD/\")jBk1d@DZKi&#RPQdA7\\\\XCh[D\\!'^`\"F(o/r6#:CVF*(?!Ch[D\\!'^Vn@VfsmCJJ;TAHtn?@<?0oEXN[lG%#*$9jr-TEbSru;0?;bFD5i2ATIkP!!!!1!!!!","6146":"!<d@[F*Ntb#64c-E,TfC)uos=!<d@[F*]Oe#64o6@VfsmCI<#NAIW-_Bldj%ARo7dDe!Pj$#O*mATDKnCi][Y!!%Bd!!\"YU!!!c:!!!$*Ec6&.FD5Z2!2'Jq$O:0a@W,skEtnZT!!)eF!WX+2!YG*I!\\j=Z!`8Pk!c[d'!g*\"8!jM5I!mpHY!q>[i!W`iB!!*ZC!<O^5!<W+j!X!_0!XOXG!=?l0!Y*hG!=n#t!\"Rs!!=npe!XK-ED/\")jBk1d@DZKi&#RPQdA7\\\\XCh[D\\!'^`\"F(o/r6#:CVF*(?!Ch[D\\!'^Vn@VfsmCJJ;TAI;4ACERS4@;]k%$Q!5p@;0OP@<?($BjkgTF^]00Bln'#EruCB!!!Q1!!!Q1!!!Q1!!!","1053698":"!<d@[F*Ntb#64c-E,TfC*<6'>!<d@[F*]Ld#64o6@VfsmCI<#NAIW-_Bldj%ARo7dDe!Pj$#O*mATDKnCi][Y!!!c:!!$pW!!\"GO!!!$*Ec6&.FD5Z2!2'Jq$O:0a@W,skEuk;]z!!!:T!WWc#!\"eZD!\"f+W!\"f.g!$Li!!$M0F!$M3V!&4%T!&455!&48E!'p6g!'o^h!DrNE!!*W2!W`nk!<F;3!YH9&!<UUJ!!;A7!<V0J!\"Roe!Y41.!=nAP!=nSf!ZpQY!>\"Z\"!\"\\jT!Y>>#!!ipCD/\")jBk1d@DZKi&#RPQdA7\\\\XCh[D\\!'^`\"F(o/r6#:CVF*(?!Ch[D\\!'^Vn@VfsmCJJ;TAHtn?@<?0oEXN[lG%#*$9jr-TEbSru;0?;bFD5i2ATIqR!!!!1!!!!1!!!!1!!!!","3":"!<d@[F*O\"c#64c-E,TfC)uos=!<d@[F*]=_#64o6@VfsmCI<#NAIW-_Bldj%ARo7dDe!Pj$#O*mATDKnCi]UW!!$^Y!!!$*Ec6&.FD5Z2!2'Jq$O:0a@W,skErc7@!9!nW!!ipCD/\")jBk1d@DZKi&#RPQdA7\\\\XCh[D\\!'^`\"F(o/r6#:CVF*(?!Ch[D\\!'^Vn@VfsmCJJ;TAK=-VEcP`%ARlotEc5h<@VfsmCEP$GBm+'0ARm4t(L_JqBl$LPFCfK,@;Je`@;^1$FD5<-!<<*\"!\"],1!!","1027":"!<d@[F*O\"c#64c-E,TfC)uos=!<d@[F*]@`#64o6@VfsmCI<#NAIW-_Bldj%ARo7dDe!Pj$#O*mATDKnCi]UW!!%Bd!!!$*Ec6&.FD5Z2!2'Jq$O:0a@W,skErc7@!9!AH!!ipCD/\")jBk1d@DZKi&#RPQdA7\\\\XCh[D\\!'^`\"F(o/r6#:CVF*(?!Ch[D\\!'^Vn@VfsmCJJ;TAI;4ACERS4@;]k%$Q!5p@;0OP@<?($BjkgTF^]00Bln'#Erc7@!!!Q1!!!","2051":"!<d@[F*O\"c#64c-E,TfC)uos=!<d@[F*]Ca#64o6@VfsmCI<#NAIW-_Bldj%ARo7dDe!Pj$#O*mATDKnCi]UW!!%Bd!!!$*Ec6&.FD5Z2!2'Jq$O:0a@W,skErc7@!9!AH!!ipCD/\")jBk1d@DZKi&#RPQdA7\\\\XCh[D\\!'^`\"F(o/r6#:CVF*(?!Ch[D\\!'^Vn@VfsmCJJ;TAI;4ACERS4@;]k%$Q!5p@;0OP@<?($BjkgTF^]00Bln'#Erc7@!!!Q1!!!","3075":"!<d@[F*O\"c#64c-E,TfC)uos=!<d@[F*]Fb#64o6@VfsmCI<#NAIW-_Bldj%ARo7dDe!Pj$#O*mATDKnCi]UW!!$^Y!!!$*Ec6&.FD5Z2!2'Jq$O:0a@W,skErc7@!9!>W!!ipCD/\")jBk1d@DZKi&#RPQdA7\\\\XCh[D\\!'^`\"F(o/r6#:CVF*(?!Ch[D\\!'^Vn@VfsmCJJ;TAK=-VEcP`%ARlotEc5h<@VfsmCEP$GBm+'0ARm4t(L_JqBl$LPFCfK,@;Je`@;^1$FD5<-!<<*\"!\"],1!!","4099":"!<d@[F*O\"c#64c-E,TfC)uos=!<d@[F*]Ic#64o6@VfsmCI<#NAIW-_Bldj%ARo7dDe!Pj$#O*mATDKnCi][Y!!%Bd!!\"YU!!!c:!!!$*Ec6&.FD5Z2!2'Jq$O:0a@W,skEtnZT!!)b5!Y4m2!YG-Z!\\jG8!`8`k!c\\%I!g*?'!jMXZ!mpr7!q?6i!Y4\\u!\"SGT!=dUh!<CYH!XQeR!XEmX!<ZqA!Wj]X!<F;A!!+/!!<<mC!XK-ED/\")jBk1d@DZKi&#RPQdA7\\\\XCh[D\\!'^`\"F(o/r6#:CVF*(?!Ch[D\\!'^Vn@VfsmCJJ;TAI;4ACERS4@;]k%$Q!5p@;0OP@<?($BjkgTF^]00Bln'#EruCB!!!Q1!!!Q1!!!Q1!!!","5123":"!<d@[F*O\"c#64c-E,TfC)uos=!<d@[F*]Ld#64o6@VfsmCI<#NAIW-_Bldj%ARo7dDe!Pj$#O*mATDKnCi][Y!!!c:!!%NV!!!6)!!!$*Ec6&.FD5Z2!2'Jq$O:0a@W,skEs2OD!!)NX!\"e\\Z!>k5+!Z1n,![mNt!XK-ED/\")jBk1d@DZKi&#RPQdA7\\\\XCh[D\\!'^`\"F(o/r6#:CVF*(?!Ch[D\\!'^Vn@VfsmCJJ;TAHtn?@<?0oEXN[lG%#*$9jr-TEbSru;0?;bFD5i2ATIqR!!!!1!!!!1!!!!1!!!!","6147":"!<d@[F*O\"c#64c-E,TfC)uos=!<d@[F*]Oe#64o6@VfsmCI<#NAIW-_Bldj%ARo7dDe!Pj$#O*mATDKnCi][Y!!%Bd!!\"YU!!!c:!!!$*Ec6&.FD5Z2!2'Jq$O:0a@W,skEtnZT!!)eF!WX+2!YG*I!\\j=Z!`8Pk!c[d'!g*\"8!jM5I!mpHY!q>[i!W`iB!!*ZC!<O^5!<W+j!X!_0!XOXG!=?l0!Y*hG!=n#t!\"Rs!!=npe!XK-ED/\")jBk1d@DZKi&#RPQdA7\\\\XCh[D\\!'^`\"F(o/r6#:CVF*(?!Ch[D\\!'^Vn@VfsmCJJ;TAI;4ACERS4@;]k%$Q!5p@;0OP@<?($BjkgTF^]00Bln'#EruCB!!!Q1!!!Q1!!!Q1!!!","1049603":"!<d@[F*O\"c#64c-E,TfC*<6'>!<d@[F*]@`#64o6@VfsmCI<#NAIW-_Bldj%ARo7dDe!Pj$Zg3(G@Pc)DeWa'!WW3#ro*;GQdGO.$P@#lDfor.;f6Mt6ZljVBk28cz@.4.($#O*mATDKnCi]^Z!!%Bd!!$^Y!!!KO!!\"YU!!!$*Ec6&.FD5Z2!2'Jq$O:0a@W,skEs;UE!12(.!Y4]1!=o/0!M897!rh`Y!>\"_g!!ipCD/\")jBk1d@DZKi&#RPQdA7\\\\XCh[D\\!!3E:F(o/r6#:CVF*(?!Ch[D\\!!3<1@VfsmCJJ;TAI;4ACERS4@;]k%$Q!5p@;0OP@<?($BjkgTF^]00Bln'#Es)IC!!!Q1!!!Q1!!!Q1!!!Q1!!!","1050627":"!<d@[F*O\"c#64c-E,TfC*<6'>!<d@[F*]Ca#64o6@VfsmCI<#NAIW-_Bldj%ARo7dDe!Pj$Zg3(G@Pc)DeWa'!WW3#ro*;GQdGO.$P@#lDfor.;f6Mt6ZljVBk28cz@.4.($#O*mATDKnCi]^Z!!%Bd!!$^Y!!!KO!!\"YU!!!$*Ec6&.FD5Z2!2'Jq$O:0a@W,skEs;UE!12(.!Y4]1!=o/0!M897!rh`Y!>\"_g!!ipCD/\")jBk1d@DZKi&#RPQdA7\\\\XCh[D\\!!3E:F(o/r6#:CVF*(?!Ch[D\\!!3<1@VfsmCJJ;TAI;4ACERS4@;]k%$Q!5p@;0OP@<?($BjkgTF^]00Bln'#Es)IC!!!Q1!!!Q1!!!Q1!!!Q1!!!","1053699":"!<d@[F*O\"c#64c-E,TfC*<6'>!<d@[F*]Ld#64o6@VfsmCI<#NAIW-_Bldj%ARo7dDe!Pj$#O*mATDKnCi][Y!!!c:!!$pW!!\"GO!!!$*Ec6&.FD5Z2!2'Jq$O:0a@W,skEuk;]z!!!:T!WWc#!\"eZD!\"f+W!\"f.g!$Li!!$M0F!$M3V!&4%T!&455!&48E!'p6g!'o^h!DrNE!!*W2!W`nk!<F;3!YH9&!<UUJ!!;A7!<V0J!\"Roe!Y41.!=nAP!=nSf!ZpQY!>\"Z\"!\"\\jT!Y>>#!!ipCD/\")jBk1d@DZKi&#RPQdA7\\\\XCh[D\\!'^`\"F(o/r6#:CVF*(?!Ch[D\\!'^Vn@VfsmCJJ;TAHtn?@<?0oEXN[lG%#*$9jr-TEbSru;0?;bFD5i2ATIqR!!!!1!!!!1!!!!1!!!!","2098179":"!<d@[F*O\"c#64c-E,TfC*WQ0?!<d@[F*]@`#64o6@VfsmCI<#NAIW-_Bldj%ARo7dDe!Pj$#O*mATDKnCi]XX!!%Bd!!$^Y!!!$*Ec6&.FD5Z2!2'Jq$O:0a@W,skEs)IC!\"SK/!=o/0!WMWX!>\"_g!!ipCD/\")jBk1d@DZKi&#RPQdA7\\\\XCh[D\\!'^`\"F(o/r6#:CVF*(?!Ch[D\\!'^Vn@VfsmCJJ;TAI;4ACERS4@;]k%$Q!5p@;0OP@<?($BjkgTF^]00Bln'#Erl=A!!!Q1!!!Q1!!!","2099203":"!<d@[F*O\"c#64c-E,TfC*WQ0?!<d@[F*]Ca#64o6@VfsmCI<#NAIW-_Bldj%ARo7dDe!Pj$#O*mATDKnCi]XX!!%Bd!!$^Y!!!$*Ec6&.FD5Z2!2'Jq$O:0a@W,skEs)IC!\"SK/!=o/0!WMWX!>\"_g!!ipCD/\")jBk1d@DZKi&#RPQdA7\\\\XCh[D\\!'^`\"F(o/r6#:CVF*(?!Ch[D\\!'^Vn@VfsmCJJ;TAI;4ACERS4@;]k%$Q!5p@;0OP@<?($BjkgTF^]00Bln'#Erl=A!!!Q1!!!Q1!!!","3146755":"!<d@[F*O\"c#64c-E,TfC*rl9@!<d@[F*]@`#64o6@VfsmCI<#NAIW-_Bldj%ARo7dDe!Pj$#O*mATDKnCi]XX!!%$A!!$^Y!!!$*Ec6&.FD5Z2!2'Jq$O:0a@W,skEruCB!\"\\W!!<2Kf!=nT/!=0$DD/\")jBk1d@DZKi&#RPQdA7\\\\XCh[D\\!'^`\"F(o/r6#:CVF*(?!Ch[D\\!'^Vn@VfsmCJJ;TAIMFY@<-I9+D5M!F)q^*@<Q'nCe\\>[ATDKnCf,=`DKKT7Bk;>ez&-)\\1&-)\\1","3147779":"!<d@[F*O\"c#64c-E,TfC*rl9@!<d@[F*]Ca#64o6@VfsmCI<#NAIW-_Bldj%ARo7dDe!Pj$#O*mATDKnCi]XX!!%$A!!$^Y!!!$*Ec6&.FD5Z2!2'Jq$O:0a@W,skEs)IC!\"T&/!>\"_g!<2KV!=nT/!=0$DD/\")jBk1d@DZKi&#RPQdA7\\\\XCh[D\\!'^`\"F(o/r6#:CVF*(?!Ch[D\\!'^Vn@VfsmCJJ;TAIMFY@<-I9+D5M!F)q^*@<Q'nCe\\>[ATDKnCf,=`DKKT7Bk;>ez&-)\\1&-)\\1","1028":"!<d@[F*O%d#64c-E,TfC)uos=!<d@[F*]@`#64o6@VfsmCI<#NAIW-_Bldj%ARo7dDe!Pj$#O*mATDKnCi]XX!!!KO!!$pW!!!$*Ec6&.FD5Z2!2'Jq$O:0a@W,skErl=A!9!AH!QL6\"!!ipCD/\")jBk1d@DZKi&#RPQdA7\\\\XCh[D\\!'^`\"F(o/r6#:CVF*(?!Ch[D\\!'^Vn@VfsmCJJ;TAHY;DCh3tj@<Q'nCe\\>[ATDKnCf,=`DKKT7Bk;>ez&-)\\1&-)\\1","2052":"!<d@[F*O%d#64c-E,TfC)uos=!<d@[F*]Ca#64o6@VfsmCI<#NAIW-_Bldj%ARo7dDe!Pj$#O*mATDKnCi]XX!!!KO!!$pW!!!$*Ec6&.FD5Z2!2'Jq$O:0a@W,skErl=A!9!AH!QL6\"!!ipCD/\")jBk1d@DZKh<#RPQdA7\\\\XCh[D\\!\"]DHF(o/r6#:CVF*(?!Ch[D\\!\"];?@VfsmCJJ;TAHY;DCh3tj@<Q'nCe\\>[ATDKnCf,=`DKKT7Bk;>ez&-)\\1&-)\\1","4100":"!<d@[F*O%d#64c-E,TfC)uos=!<d@[F*]Ic#64o6@VfsmCI<#NAIW-_Bldj%ARo7dDe!Pj$#O*mATDKnCi][Y!!%Bd!!\"YU!!!c:!!!$*Ec6&.FD5Z2!2'Jq$O:0a@W,skEtnZT!!)b5!Y4m2!YG-Z!\\jG8!`8`k!c\\%I!g*?'!jMXZ!mpr7!q?6i!Y4\\u!\"SGT!=dUh!<CYH!XQeR!XEmX!<ZqA!Wj]X!<F;A!!+/!!<<mC!XK-ED/\")jBk1d@DZKi&#RPQdA7\\\\XCh[D\\!'^`\"F(o/r6#:CVF*(?!Ch[D\\!'^Vn@VfsmCJJ;TAI;4ACERS4@;]k%$Q!5p@;0OP@<?($BjkgTF^]00Bln'#EruCB!!!Q1!!!Q1!!!Q1!!!","5124":"!<d@[F*O%d#64c-E,TfC)uos=!<d@[F*]Ld#64o6@VfsmCI<#NAIW-_Bldj%ARo7dDe!Pj$#O*mATDKnCi][Y!!!c:!!%NV!!!6)!!!$*Ec6&.FD5Z2!2'Jq$O:0a@W,skEs2OD!!)NX!\"cs9![,nM!Zf\\I!Zp=Z!=0$DD/\")jBk1d@DZKi&#RPQdA7\\\\XCh[D\\!'^`\"F(o/r6#:CVF*(?!Ch[D\\!'^Vn@VfsmCJJ;TAHtn?@<?0oEXN[lG%#*$9jr-TEbSru;0?;bFD5i2ATIqR!!!!1!!!!1!!!!1!!!!","6148":"!<d@[F*O%d#64c-E,TfC)uos=!<d@[F*]Oe#64o6@VfsmCI<#NAIW-_Bldj%ARo7dDe!Pj$#O*mATDKnCi][Y!!%Bd!!\"YU!!!c:!!!$*Ec6&.FD5Z2!2'Jq$O:0a@W,skEtnZT!!)eF!WX+2!YG*I!\\j=Z!`8Pk!c[d'!g*\"8!jM5I!mpHY!q>[i!W`iB!!*ZC!<O^5!<W+j!X!_0!XOXG!=?l0!Y*hG!=n#t!\"Rs!!=npe!XK-ED/\")jBk1d@DZKi&#RPQdA7\\\\XCh[D\\!'^`\"F(o/r6#:CVF*(?!Ch[D\\!'^Vn@VfsmCJJ;TAI;4ACERS4@;]k%$Q!5p@;0OP@<?($BjkgTF^]00Bln'#EruCB!!!Q1!!!Q1!!!Q1!!!","1048580":"!<d@[F*O%d#64c-E,TfC*<6'>!<d@[F*]=_#64o6@VfsmCI<#NAIW-_Bldj%ARo7dDe!Pj$#O*mATDKnCi]XX!!%Bd!!$^Y!!!$*Ec6&.FD5Z2!2'Jq$O:0a@W,skEs)IC!!!N/!<MZg!:g'g!>#2/!=0$DD/\")jBk1d@DZKi&#RPQdA7\\\\XCh[D\\!'^`\"F(o/r6#:CVF*(?!Ch[D\\!'^Vn@VfsmCJJ;TAIMFY@<-I9+D5M!F)q^*@<Q'nCe\\>[ATDKnCf,=`DKKT7Bk;>ez&-)\\1&-)\\1","1049604":"!<d@[F*O%d#64c-E,TfC*<6'>!<d@[F*]@`#64o6@VfsmCI<#NAJA`bEc#W$DIb>0Ed96HDf'H3F*%NcD?'Zg63I=.!!%U;\"9E9<!.mN?\"`nKuG>8,<!!!-*F)5c=:]LIq!!EIHCi=Mjz\":]3dBleB=Eb.pUG%GIi!!!!$)f/r(FB;mmATC^\\@<,jkARnbYFCAuVDfp)Al2gqcq92i)!>9<kBkM-t@;JDEEcc#3BlnVq5l^lb!>9<kBkM-t@;JDEEcc#3BlnVs5l^lb!>9<kBkM-t@;JDEEcc#3BlnVn5l^lb!u>usFCAuVDfp)A7W3<BAU&;qFCAfnP8?hn\",!pF!uQ,uFCAuVDfp)A7V-U^Bl%L*Gsc7V@r%\"?P#D)!<C$^0CghC,9lF`eFEMV89P&BYCfPFb@<?'[DffE(6t(@^z9G%_\"\";,HYF*(JlFCfJ\\BleB)DI[5X!6.>3(34,.AOCKVE(,\"jDf]K#<,Y6HDf^\"##oIf&EbTK(6ZR*a7<iciF(Jl]DanbcF*%Bg&Tqu3BlIWSART[K@;TFcARkcI$Zf`mF@CFnDf]K#!\"'*QATDWr6>pd`FE7E^!!!$*Ec5l5DImm1z\"pnd[DfA!aFE2F&!!","1050628":"!<d@[F*O%d#64c-E,TfC*<6'>!<d@[F*]Ca#64o6@VfsmCI<#NAJA`bEc#W$DIb>0Ed96HDf'H3F*%NcD?'Zg63I=.!!%U;\"9E9<!.mN?\"`nKuG>8,<!!!-*F)5c=:]LIq!!EIHCi=Mjz\":]3dBleB=Eb.pUG%GIi!!!!$)f/r(FB;mmATC^\\@<,jkARnbYFCAuVDfp)Al2gqcq92i)!>9<kBkM-t@;JDEEcc#3BlnVq5l^lb!>9<kBkM-t@;JDEEcc#3BlnVs5l^lb!>9<kBkM-t@;JDEEcc#3BlnVn5l^lb!u>usFCAuVDfp)A7W3<BAU&;qFCAfnP8?hZmh3/r!uQ,uFCAuVDfp)A7V-U^Bl%L*Gsc7V@r\"ipB\\)t&<C$^0CghC,9lF`eFEMV89P&BYCfPFb@<?'[DffE(6t(@^z9G%_\"\";,HYF*(JlFCfJ\\BleB)DI[5X!6.>3(34,.AOCKVE(,\"jDf]K#<,Y6HDf^\"##oIf&EbTK(6ZR*a7<iciF(Jl]DanbcF*%Bg&Tqu3BlIWSART[K@;TFcARkcI$Zf`mF@CFnDf]K#!\"'*QATDWr6>pd`FE7E^!!!$*Ec5l5DImm1z\"pnd[DfA!aFE2F&!!","1051652":"!<d@[F*O%d#64c-E,TfC*<6'>!<d@[F*]Fb#64o6@VfsmCI<#NAIW-_Bldj%ARo7dDe!Pj$#O*mATDKnCi]XX!!%Bd!!$^Y!!!$*Ec6&.FD5Z2!2'Jq$O:0a@W,skEs)IC!\"\\Q@!<M*g!:\\ng!<<*@!=0$DD/\")jBk1d@DZKi&#RPQdA7\\\\XCh[D\\!'^`\"F(o/r6#:CVF*(?!Ch[D\\!'^Vn@VfsmCJJ;TAI;4ACERS4@;]k%$Q!5p@;0OP@<?($BjkgTF^]00Bln'#Erl=A!!!Q1!!!Q1!!!","1053700":"!<d@[F*O%d#64c-E,TfC*<6'>!<d@[F*]Ld#64o6@VfsmCI<#NAIW-_Bldj%ARo7dDe!Pj$#O*mATDKnCi][Y!!!c:!!$pW!!\"GO!!!$*Ec6&.FD5Z2!2'Jq$O:0a@W,skEuk;]z!!!:T!WWc#!\"eZD!\"f+W!\"f.g!$Li!!$M0F!$M3V!&4%T!&455!&48E!'p6g!'o^h!DrNE!!*W2!W`nk!<F;3!YH9&!<UUJ!!;A7!<V0J!\"Roe!Y41.!=nAP!=nSf!ZpQY!>\"Z\"!\"\\jT!Y>>#!!ipCD/\")jBk1d@DZKi&#RPQdA7\\\\XCh[D\\!'^`\"F(o/r6#:CVF*(?!Ch[D\\!'^Vn@VfsmCJJ;TAHtn?@<?0oEXN[lG%#*$9jr-TEbSru;0?;bFD5i2ATIqR!!!!1!!!!1!!!!1!!!!","2097156":"!<d@[F*O%d#64c-E,TfC*WQ0?!<d@[F*]=_#64o6@VfsmCI<#NAIW-_Bldj%ARo7dDe!Pj$#O*mATDKnCi]XX!!%$A!!$^Y!!!$*Ec6&.FD5Z2!2'Jq$O:0a@W,skEs)IC!!!N/!<MZg!:g'g!>#2/!=0$DD/\")jBk1d@DZKi&#RPQdA7\\\\XCh[D\\!'^`\"F(o/r6#:CVF*(?!Ch[D\\!'^Vn@VfsmCJJ;TAIMFY@<-I9+D5M!F)q^*@<Q'nCe\\>[ATDKnCf,=`DKKT7Bk;>ez&-)\\1&-)\\1","2100228":"!<d@[F*O%d#64c-E,TfC*WQ0?!<d@[F*]Fb#64o6@VfsmCI<#NAIW-_Bldj%ARo7dDe!Pj$#O*mATDKnCi]XX!!%$A!!$^Y!!!$*Ec6&.FD5Z2!2'Jq$O:0a@W,skEruCB!!2R!!:]J\"!<<*@!=0$DD/\")jBk1d@DZKi&#RPQdA7\\\\XCh[D\\!'^`\"F(o/r6#:CVF*(?!Ch[D\\!'^Vn@VfsmCJJ;TAIMFY@<-I9+D5M!F)q^*@<Q'nCe\\>[ATDKnCf,=`DKKT7Bk;>ez&-)\\1&-)\\1","3145732":"!<d@[F*O%d#64c-E,TfC*rl9@!<d@[F*]=_#64o6@VfsmCI<#NAIW-_Bldj%ARo7dDe!Pj$#O*mATDKnCi]XX!!%$A!!$^Y!!!$*Ec6&.FD5Z2!2'Jq$O:0a@W,skEs)IC!!!N/!<MZg!:g'g!>#2/!=0$DD/\")jBk1d@DZKi&#RPQdA7\\\\XCh[D\\!'^`\"F(o/r6#:CVF*(?!Ch[D\\!'^Vn@VfsmCJJ;TAIMFY@<-I9+D5M!F)q^*@<Q'nCe\\>[ATDKnCf,=`DKKT7Bk;>ez&-)\\1&-)\\1","3148804":"!<d@[F*O%d#64c-E,TfC*rl9@!<d@[F*]Fb#64o6@VfsmCI<#NAIW-_Bldj%ARo7dDe!Pj$#O*mATDKnCi]XX!!%$A!!$^Y!!!$*Ec6&.FD5Z2!2'Jq$O:0a@W,skEruCB!!2R!!:]J\"!<<*@!=0$DD/\")jBk1d@DZKi&#RPQdA7\\\\XCh[D\\!'^`\"F(o/r6#:CVF*(?!Ch[D\\!'^Vn@VfsmCJJ;TAIMFY@<-I9+D5M!F)q^*@<Q'nCe\\>[ATDKnCf,=`DKKT7Bk;>ez&-)\\1&-)\\1","4195332":"!<d@[F*O%d#64c-E,TfC+92BA!<d@[F*]@`#64o6@VfsmCI<#NAIW-_Bldj%ARo7dDe!Pj$#O*mATDKnCi]XX!!%$A!!$^Y!!!$*Ec6&.FD5Z2!2'Jq$O:0a@W,skEs)IC!!)Kh!<</j!<M`K!!3,i!=0$DD/\")jBk1d@DZKi&#RPQdA7\\\\XCh[D\\!'^`\"F(o/r6#:CVF*(?!Ch[D\\!'^Vn@VfsmCJJ;TAIMFY@<-I9+D5M!F)q^*@<Q'nCe\\>[ATDKnCf,=`DKKT7Bk;>ez&-)\\1&-)\\1","4196356":"!<d@[F*O%d#64c-E,TfC+92BA!<d@[F*]Ca#64o6@VfsmCI<#NAIW-_Bldj%ARo7dDe!Pj$#O*mATDKnCi]XX!!%$A!!$^Y!!!$*Ec6&.FD5Z2!2'Jq$O:0a@W,skEruCB!!!#h!<M]J!!3,i!=0$DD/\")jBk1d@DZKi&#RPQdA7\\\\XCh[D\\!'^`\"F(o/r6#:CVF*(?!Ch[D\\!'^Vn@VfsmCJJ;TAIMFY@<-I9+D5M!F)q^*@<Q'nCe\\>[ATDKnCf,=`DKKT7Bk;>ez&-)\\1&-)\\1","5":"!<d@[F*O(e#64c-E,TfC)uos=!<d@[F*]=_#64o6@VfsmCI<#NAIW-_Bldj%ARo7dDe!Pj$#O*mATDKnCi]UW!!$^Y!!!$*Ec6&.FD5Z2!2'Jq$O:0a@W,skErc7@!9!nW!!ipCD/\")jBk1d@DZKi&#RPQdA7\\\\XCh[D\\!'^`\"F(o/r6#:CVF*(?!Ch[D\\!'^Vn@VfsmCJJ;TAK=-VEcP`%ARlotEc5h<@VfsmCEP$GBm+'0ARm4t(L_JqBl$LPFCfK,@;Je`@;^1$FD5<-!<<*\"!\"],1!!","1029":"!<d@[F*O(e#64c-E,TfC)uos=!<d@[F*]@`#64o6@VfsmCI<#NAIW-_Bldj%ARo7dDe!Pj$#O*mATDKnCi]UW!!$pW!!!$*Ec6&.FD5Z2!2'Jq$O:0a@W,skErc7@!9!AH!!ipCD/\")jBk1d@DZKi&#RPQdA7\\\\XCh[D\\!'^`\"F(o/r6#:CVF*(?!Ch[D\\!'^Vn@VfsmCJJ;TAI;4ACERS4@;]k%$Q!5p@;0OP@<?($BjkgTF^]00Bln'#Erc7@!!!Q1!!!","2053":"!<d@[F*O(e#64c-E,TfC)uos=!<d@[F*]Ca#64o6@VfsmCI<#NAIW-_Bldj%ARo7dDe!Pj$#O*mATDKnCi]UW!!%Bd!!!$*Ec6&.FD5Z2!2'Jq$O:0a@W,skErc7@!9!AH!!ipCD/\")jBk1d@DZKi&#RPQdA7\\\\XCh[D\\!'^`\"F(o/r6#:CVF*(?!Ch[D\\!'^Vn@VfsmCJJ;TAI;4ACERS4@;]k%$Q!5p@;0OP@<?($BjkgTF^]00Bln'#Erc7@!!!Q1!!!","3077":"!<d@[F*O(e#64c-E,TfC)uos=!<d@[F*]Fb#64o6@VfsmCI<#NAIW-_Bldj%ARo7dDe!Pj$#O*mATDKnCi]UW!!$^Y!!!$*Ec6&.FD5Z2!2'Jq$O:0a@W,skErc7@!9!>W!!ipCD/\")jBk1d@DZKh<#RPQdA7\\\\XCh[D\\!!!98F(o/r6#:CVF*(?!Ch[D\\!!!0/@VfsmCJJ;TAK=-VEcP`%ARlotEc5h<@VfsmCEP$GBm+'0ARm4t(L_JqBl$LPFCfK,@;Je`@;^1$FD5<-!<<*\"!\"],1!!","1048581":"!<d@[F*O(e#64c-E,TfC*<6'>!<d@[F*]=_#64o6@VfsmCI<#NAIW-_Bldj%ARo7dDe!Pj$#O*mATDKnCi]XX!!%Bd!!$^Y!!!$*Ec6&.FD5Z2!2'Jq$O:0a@W,skEs)IC!!!N/!<MZg!:g'g!>#2/!=0$DD/\")jBk1d@DZKi&#RPQdA7\\\\XCh[D\\!'^`\"F(o/r6#:CVF*(?!Ch[D\\!'^Vn@VfsmCJJ;TAI;4ACERS4@;]k%$Q!5p@;0OP@<?($BjkgTF^]00Bln'#Erl=A!!!Q1!!!Q1!!!","1049605":"!<d@[F*O(e#64c-E,TfC*<6'>!<d@[F*]@`#64o6@VfsmCI<#NAJA`bEc#W$DIb>0Ed96HDf'H3F*%NcD?'Zg63I=.!!%U;\"9E9<!.mN?\"`nKuG>8,<!!!-*F)5c=:]LIq!!EIHCi=Mjz\":]3dBleB=Eb.pUG%GIi!!!!$)f/r(FB;mmATC^\\@<,jkARnbYFCAuVDfp)Al2gqcq92i)!>9<kBkM-t@;JDEEcc#3BlnVq5l^lb!>9<kBkM-t@;JDEEcc#3BlnVs5l^lb!>9<kBkM-t@;JDEEcc#3BlnVn5l^lb!u>usFCAuVDfp)A7W3<BAU&;qFCAfnP8?h>EJh(f!uQ,uFCAuVDfp)A7V-U^Bl%L*Gsc7V@r##jQMC7!<C$^0CghC,9lF`eFEMV89P&BYCfPFb@<?'[DffE(6t(@^z9G%_\"\";,HYF*(JlFCfJ\\BleB)DI[5X!6.>3(34,.AOCKVE(,\"jDf]K#<,Y6HDf^\"##oIf&EbTK(6ZR*a7<iciF(Jl]DanbcF*%Bg&Tqu3BlIWSART[K@;TFcARkcI$Zf`mF@CFnDf]K#!\"'*QATDWr6>pd`FE7E^!!!$*Ec5l5DImm1z\"pnd[DfA!aFE2F&!!","1050629":"!<d@[F*O(e#64c-E,TfC*<6'>!<d@[F*]Ca#64o6@VfsmCI<#NAJA`bEc#W$DIb>0Ed96HDf'H3F*%NcD?'Zg63I=.!!%U;\"9E9<!.mN?\"`nKuG>8,<!!!-*F)5c=:]LIq!!EIHCi=Mjz\":]3dBleB=Eb.pUG%GIi!!!!$)f/r(FB;mmATC^\\@<,jkARnbYFCAuVDfp)Al2gqcq92i)!>9<kBkM-t@;JDEEcc#3BlnVq5l^lb!>9<kBkM-t@;JDEEcc#3BlnVs5l^lb!>9<kBkM-t@;JDEEcc#3BlnVn5l^lb!u>usFCAuVDfp)A7W3<BAU&;qFCAfnP8?im+6^'s!uQ,uFCAuVDfp)A7V-U^Bl%L*Gsc7V@r)+hn87sE<C$^0CghC,9lF`eFEMV89P&BYCfPFb@<?'[DffE(6t(@^z9G%_\"\";,HYF*(JlFCfJ\\BleB)DI[5X!6.>3(34,.AOCKVE(,\"jDf]K#<,Y6HDf^\"##oIf&EbTK(6ZR*a7<iciF(Jl]DanbcF*%Bg&Tqu3BlIWSART[K@;TFcARkcI$Zf`mF@CFnDf]K#!\"'*QATDWr6>pd`FE7E^!!!$*Ec5l5DImm1z\"pnd[DfA!aFE2F&!!","1051653":"!<d@[F*O(e#64c-E,TfC*<6'>!<d@[F*]Fb#64o6@VfsmCI<#NAIW-_Bldj%ARo7dDe!Pj$#O*mATDKnCi]XX!!%Bd!!$^Y!!!$*Ec6&.FD5Z2!2'Jq$O:0a@W,skEs)IC!\"\\Q@!<M*g!:\\ng!<<*@!=0$DD/\")jBk1d@DZKi&#RPQdA7\\\\XCh[D\\!'^`\"F(o/r6#:CVF*(?!Ch[D\\!'^Vn@VfsmCJJ;TAI;4ACERS4@;]k%$Q!5p@;0OP@<?($BjkgTF^]00Bln'#Erl=A!!!Q1!!!Q1!!!","2097157":"!<d@[F*O(e#64c-E,TfC*WQ0?!<d@[F*]=_#64o6@VfsmCI<#NAIW-_Bldj%ARo7dDe!Pj$#O*mATDKnCi]XX!!%$A!!$^Y!!!$*Ec6&.FD5Z2!2'Jq$O:0a@W,skEruCB!!)Ke!:^!f!>#2/!=0$DD/\")jBk1d@DZKi&#RPQdA7\\\\XCh[D\\!!EQ<F(o/r6#:CVF*(?!Ch[D\\!!EH3@VfsmCJJ;TAIMFY@<-I9+D5M!F)q^*@<Q'nCe\\>[ATDKnCf,=`DKKT7Bk;>ez&-)\\1&-)\\1","2100229":"!<d@[F*O(e#64c-E,TfC*WQ0?!<d@[F*]Fb#64o6@VfsmCI<#NAIW-_Bldj%ARo7dDe!Pj$#O*mATDKnCi]XX!!%$A!!$^Y!!!$*Ec6&.FD5Z2!2'Jq$O:0a@W,skEruCB!!2R!!:]J\"!<<*@!=0$DD/\")jBk1d@DZKi&#RPQdA7\\\\XCh[D\\!'^`\"F(o/r6#:CVF*(?!Ch[D\\!'^Vn@VfsmCJJ;TAIMFY@<-I9+D5M!F)q^*@<Q'nCe\\>[ATDKnCf,=`DKKT7Bk;>ez&-)\\1&-)\\1","3145733":"!<d@[F*O(e#64c-E,TfC*rl9@!<d@[F*]=_#64o6@VfsmCI<#NAIW-_Bldj%ARo7dDe!Pj$#O*mATDKnCi]XX!!%$A!!$^Y!!!$*Ec6&.FD5Z2!2'Jq$O:0a@W,skEruCB!!)Ke!:^!f!>#2/!=0$DD/\")jBk1d@DZKi&#RPQdA7\\\\XCh[D\\!'^`\"F(o/r6#:CVF*(?!Ch[D\\!'^Vn@VfsmCJJ;TAIMFY@<-I9+D5M!F)q^*@<Q'nCe\\>[ATDKnCf,=`DKKT7Bk;>ez&-)\\1&-)\\1","3148805":"!<d@[F*O(e#64c-E,TfC*rl9@!<d@[F*]Fb#64o6@VfsmCI<#NAIW-_Bldj%ARo7dDe!Pj$#O*mATDKnCi]XX!!%$A!!$^Y!!!$*Ec6&.FD5Z2!2'Jq$O:0a@W,skEruCB!!2R!!:]J\"!<<*@!=0$DD/\")jBk1d@DZKi&#RPQdA7\\\\XCh[D\\!'^`\"F(o/r6#:CVF*(?!Ch[D\\!'^Vn@VfsmCJJ;TAIMFY@<-I9+D5M!F)q^*@<Q'nCe\\>[ATDKnCf,=`DKKT7Bk;>ez&-)\\1&-)\\1","4195333":"!<d@[F*O(e#64c-E,TfC+92BA!<d@[F*]@`#64o6@VfsmCI<#NAIW-_Bldj%ARo7dDe!Pj$#O*mATDKnCi]XX!!%$A!!$^Y!!!$*Ec6&.FD5Z2!2'Jq$O:0a@W,skEs)IC!!)Kh!<</j!<M`K!!3,i!=0$DD/\")jBk1d@DZKi&#RPQdA7\\\\XCh[D\\!'^`\"F(o/r6#:CVF*(?!Ch[D\\!'^Vn@VfsmCJJ;TAIMFY@<-I9+D5M!F)q^*@<Q'nCe\\>[ATDKnCf,=`DKKT7Bk;>ez&-)\\1&-)\\1","4196357":"!<d@[F*O(e#64c-E,TfC+92BA!<d@[F*]Ca#64o6@VfsmCI<#NAIW-_Bldj%ARo7dDe!Pj$#O*mATDKnCi]XX!!%$A!!$^Y!!!$*Ec6&.FD5Z2!2'Jq$O:0a@W,skEruCB!!!#h!<M]J!!3,i!=0$DD/\")jBk1d@DZKi&#RPQdA7\\\\XCh[D\\!'^`\"F(o/r6#:CVF*(?!Ch[D\\!'^Vn@VfsmCJJ;TAIMFY@<-I9+D5M!F)q^*@<Q'nCe\\>[ATDKnCf,=`DKKT7Bk;>ez&-)\\1&-)\\1","6":"!<d@[F*O+f#64c-E,TfC)uos=!<d@[F*]=_#64o6@VfsmCI<#NAIW-_Bldj%ARo7dDe!Pj$#O*mATDKnCi]UW!!$^Y!!!$*Ec6&.FD5Z2!2'Jq$O:0a@W,skErc7@!9!nW!!ipCD/\")jBk1d@DZKi&#RPQdA7\\\\XCh[D\\!'^`\"F(o/r6#:CVF*(?!Ch[D\\!'^Vn@VfsmCJJ;TAK=-VEcP`%ARlotEc5h<@VfsmCEP$GBm+'0ARm4t(L_JqBl$LPFCfK,@;Je`@;^1$FD5<-!<<*\"!\"],1!!","1030":"!<d@[F*O+f#64c-E,TfC)uos=!<d@[F*]@`#64o6@VfsmCI<#NAIW-_Bldj%ARo7dDe!Pj$#O*mATDKnCi]UW!!$pW!!!$*Ec6&.FD5Z2!2'Jq$O:0a@W,skErc7@!9!AH!!ipCD/\")jBk1d@DZKi&#RPQdA7\\\\XCh[D\\!'^`\"F(o/r6#:CVF*(?!Ch[D\\!'^Vn@VfsmCJJ;TAI;4ACERS4@;]k%$Q!5p@;0OP@<?($BjkgTF^]00Bln'#Erc7@!!!Q1!!!","2054":"!<d@[F*O+f#64c-E,TfC)uos=!<d@[F*]Ca#64o6@VfsmCI<#NAIW-_Bldj%ARo7dDe!Pj$#O*mATDKnCi]UW!!%Bd!!!$*Ec6&.FD5Z2!2'Jq$O:0a@W,skErc7@!9!AH!!ipCD/\")jBk1d@DZKi&#RPQdA7\\\\XCh[D\\!'^`\"F(o/r6#:CVF*(?!Ch[D\\!'^Vn@VfsmCJJ;TAI;4ACERS4@;]k%$Q!5p@;0OP@<?($BjkgTF^]00Bln'#Erc7@!!!Q1!!!","3078":"!<d@[F*O+f#64c-E,TfC)uos=!<d@[F*]Fb#64o6@VfsmCI<#NAIW-_Bldj%ARo7dDe!Pj$#O*mATDKnCi]UW!!$^Y!!!$*Ec6&.FD5Z2!2'Jq$O:0a@W,skErc7@!9!>W!!ipCD/\")jBk1d@DZKi&#RPQdA7\\\\XCh[D\\!'^`\"F(o/r6#:CVF*(?!Ch[D\\!'^Vn@VfsmCJJ;TAK=-VEcP`%ARlotEc5h<@VfsmCEP$GBm+'0ARm4t(L_JqBl$LPFCfK,@;Je`@;^1$FD5<-!<<*\"!\"],1!!","1048582":"!<d@[F*O+f#64c-E,TfC*<6'>!<d@[F*]=_#64o6@VfsmCI<#NAIW-_Bldj%ARo7dDe!Pj$#O*mATDKnCi]XX!!%Bd!!$^Y!!!$*Ec6&.FD5Z2!2'Jq$O:0a@W,skEs)IC!!!N/!<MZg!:g'g!>#2/!=0$DD/\")jBk1d@DZKi&#RPQdA7\\\\XCh[D\\!'^`\"F(o/r6#:CVF*(?!Ch[D\\!'^Vn@VfsmCJJ;TAI;4ACERS4@;]k%$Q!5p@;0OP@<?($BjkgTF^]00Bln'#Erl=A!!!Q1!!!Q1!!!","1049606":"!<d@[F*O+f#64c-E,TfC*<6'>!<d@[F*]@`#64o6@VfsmCI<#NAJA`bEc#W$DIb>0Ed96HDf'H3F*%NcD?'Zg63I=.!!%U;\"9E9<!.mN?\"`nKuG>8,<!!!-*F)5c=:]LIq!!EIHCi=Mjz\":]3dBleB=Eb.pUG%GIi!!!!$)f/r(FB;mmATC^\\@<,jkARnbYFCAuVDfp)Al2gqcq92i)!>9<kBkM-t@;JDEEcc#3BlnVq5l^lb!>9<kBkM-t@;JDEEcc#3BlnVs5l^lb!>9<kBkM-t@;JDEEcc#3BlnVn5l^lb!u>usFCAuVDfp)A7W3<BAU&;qFCAfnP8?go+0Dh6!uQ,uFCAuVDfp)A7V-U^Bl%L*Gsc7V@quJ2n@&,9<C$^0CghC,9lF`eFEMV89P&BYCfPFb@<?'[DffE(6t(@^z9G%_\"\";,HYF*(JlFCfJ\\BleB)DI[5X!6.>3(34,.AOCKVE(,\"jDf]K#<,Y6HDf^\"##oIf&EbTK(6ZR*a7<iciF(Jl]DanbcF*%Bg&Tqu3BlIWSART[K@;TFcARkcI$Zf`mF@CFnDf]K#!\"'*QATDWr6>pd`FE7E^!!!$*Ec5l5DImm1z\"pnd[DfA!aFE2F&!!","1050630":"!<d@[F*O+f#64c-E,TfC*<6'>!<d@[F*]Ca#64o6@VfsmCI<#NAJA`bEc#W$DIb>0Ed96HDf'H3F*%NcD?'Zg63I=.!!%U;\"9E9<!.mN?\"`nKuG>8,<!!!-*F)5c=:]LIq!!EIHCi=Mjz\":]3dBleB=Eb.pUG%GIi!!!!$)f/r(FB;mmATC^\\@<,jkARnbYFCAuVDfp)Al2gqcq92i)!>9<kBkM-t@;JDEEcc#3BlnVq5l^lb!>9<kBkM-t@;JDEEcc#3BlnVs5l^lb!>9<kBkM-t@;JDEEcc#3BlnVn5l^lb!u>usFCAuVDfp)A7W3<BAU&;qFCAfnP8?h$;iJ\"I!uQ,uFCAuVDfp)A7V-U^Bl%L*Gsc7V@r%fjm/Qk)<C$^0CghC,9lF`eFEMV89P&BYCfPFb@<?'[DffE(6t(@^z9G%_\"\";,HYF*(JlFCfJ\\BleB)DI[5X!6.>3(34,.AOCKVE(,\"jDf]K#<,Y6HDf^\"##oIf&EbTK(6ZR*a7<iciF(Jl]DanbcF*%Bg&Tqu3BlIWSART[K@;TFcARkcI$Zf`mF@CFnDf]K#!\"'*QATDWr6>pd`FE7E^!!!$*Ec5l5DImm1z\"pnd[DfA!aFE2F&!!","1051654":"!<d@[F*O+f#64c-E,TfC*<6'>!<d@[F*]Fb#64o6@VfsmCI<#NAIW-_Bldj%ARo7dDe!Pj$#O*mATDKnCi]XX!!%Bd!!$^Y!!!$*Ec6&.FD5Z2!2'Jq$O:0a@W,skEs)IC!\"\\Q@!<M*g!:\\ng!<<*@!=0$DD/\")jBk1d@DZKi&#RPQdA7\\\\XCh[D\\!'^`\"F(o/r6#:CVF*(?!Ch[D\\!'^Vn@VfsmCJJ;TAI;4ACERS4@;]k%$Q!5p@;0OP@<?($BjkgTF^]00Bln'#Erl=A!!!Q1!!!Q1!!!","2097158":"!<d@[F*O+f#64c-E,TfC*WQ0?!<d@[F*]=_#64o6@VfsmCI<#NAIW-_Bldj%ARo7dDe!Pj$#O*mATDKnCi]XX!!%$A!!$^Y!!!$*Ec6&.FD5Z2!2'Jq$O:0a@W,skEruCB!!)Ke!:^!f!>#2/!=0$DD/\")jBk1d@DZKi&#RPQdA7\\\\XCh[D\\!'^`\"F(o/r6#:CVF*(?!Ch[D\\!'^Vn@VfsmCJJ;TAIMFY@<-I9+D5M!F)q^*@<Q'nCe\\>[ATDKnCf,=`DKKT7Bk;>ez&-)\\1&-)\\1","2100230":"!<d@[F*O+f#64c-E,TfC*WQ0?!<d@[F*]Fb#64o6@VfsmCI<#NAIW-_Bldj%ARo7dDe!Pj$#O*mATDKnCi]XX!!%$A!!$^Y!!!$*Ec6&.FD5Z2!2'Jq$O:0a@W,skEruCB!!2R!!:]J\"!<<*@!=0$DD/\")jBk1d@DZKi&#RPQdA7\\\\XCh[D\\!'^`\"F(o/r6#:CVF*(?!Ch[D\\!'^Vn@VfsmCJJ;TAIMFY@<-I9+D5M!F)q^*@<Q'nCe\\>[ATDKnCf,=`DKKT7Bk;>ez&-)\\1&-)\\1","3145734":"!<d@[F*O+f#64c-E,TfC*rl9@!<d@[F*]=_#64o6@VfsmCI<#NAIW-_Bldj%ARo7dDe!Pj$#O*mATDKnCi]XX!!%$A!!$^Y!!!$*Ec6&.FD5Z2!2'Jq$O:0a@W,skEruCB!!)Ke!:^!f!>#2/!=0$DD/\")jBk1d@DZKi&#RPQdA7\\\\XCh[D\\!'^`\"F(o/r6#:CVF*(?!Ch[D\\!'^Vn@VfsmCJJ;TAIMFY@<-I9+D5M!F)q^*@<Q'nCe\\>[ATDKnCf,=`DKKT7Bk;>ez&-)\\1&-)\\1","3148806":"!<d@[F*O+f#64c-E,TfC*rl9@!<d@[F*]Fb#64o6@VfsmCI<#NAIW-_Bldj%ARo7dDe!Pj$#O*mATDKnCi]XX!!%$A!!$^Y!!!$*Ec6&.FD5Z2!2'Jq$O:0a@W,skEruCB!!2R!!:]J\"!<<*@!=0$DD/\")jBk1d@DZKi&#RPQdA7\\\\XCh[D\\!'^`\"F(o/r6#:CVF*(?!Ch[D\\!'^Vn@VfsmCJJ;TAIMFY@<-I9+D5M!F)q^*@<Q'nCe\\>[ATDKnCf,=`DKKT7Bk;>ez&-)\\1&-)\\1","4195334":"!<d@[F*O+f#64c-E,TfC+92BA!<d@[F*]@`#64o6@VfsmCI<#NAIW-_Bldj%ARo7dDe!Pj$#O*mATDKnCi]XX!!%$A!!$^Y!!!$*Ec6&.FD5Z2!2'Jq$O:0a@W,skEs)IC!!)Kh!<</j!<M`K!!3,i!=0$DD/\")jBk1d@DZKi&#RPQdA7\\\\XCh[D\\!'^`\"F(o/r6#:CVF*(?!Ch[D\\!'^Vn@VfsmCJJ;TAIMFY@<-I9+D5M!F)q^*@<Q'nCe\\>[ATDKnCf,=`DKKT7Bk;>ez&-)\\1&-)\\1","4196358":"!<d@[F*O+f#64c-E,TfC+92BA!<d@[F*]Ca#64o6@VfsmCI<#NAIW-_Bldj%ARo7dDe!Pj$#O*mATDKnCi]XX!!%$A!!$^Y!!!$*Ec6&.FD5Z2!2'Jq$O:0a@W,skEruCB!!!#h!<M]J!!3,i!=0$DD/\")jBk1d@DZKi&#RPQdA7\\\\XCh[D\\!'^`\"F(o/r6#:CVF*(?!Ch[D\\!'^Vn@VfsmCJJ;TAIMFY@<-I9+D5M!F)q^*@<Q'nCe\\>[ATDKnCf,=`DKKT7Bk;>ez&-)\\1&-)\\1","1031":"!<d@[F*O.g#64c-E,TfC)uos=!<d@[F*]@`#64o6@VfsmCI<#NAIW-_Bldj%ARo7dDe!Pj$#O*mATDKnCi]XX!!!KO!!$pW!!!$*Ec6&.FD5Z2!2'Jq$O:0a@W,skErl=A!9!AH!QL6\"!!ipCD/\")jBk1d@DZKi&#RPQdA7\\\\XCh[D\\!'^`\"F(o/r6#:CVF*(?!Ch[D\\!'^Vn@VfsmCJJ;TAHY;DCh3tj@<Q'nCe\\>[ATDKnCf,=`DKKT7Bk;>ez&-)\\1&-)\\1","2055":"!<d@[F*O.g#64c-E,TfC)uos=!<d@[F*]Ca#64o6@VfsmCI<#NAIW-_Bldj%ARo7dDe!Pj$#O*mATDKnCi]XX!!!KO!!$pW!!!$*Ec6&.FD5Z2!2'Jq$O:0a@W,skErl=A!9!AH!QL6\"!!ipCD/\")jBk1d@DZKi&#RPQdA7\\\\XCh[D\\!'^`\"F(o/r6#:CVF*(?!Ch[D\\!'^Vn@VfsmCJJ;TAHY;DCh3tj@<Q'nCe\\>[ATDKnCf,=`DKKT7Bk;>ez&-)\\1&-)\\1","1048583":"!<d@[F*O.g#64c-E,TfC*<6'>!<d@[F*]=_#64o6@VfsmCI<#NAIW-_Bldj%ARo7dDe!Pj$#O*mATDKnCi]XX!!%Bd!!$^Y!!!$*Ec6&.FD5Z2!2'Jq$O:0a@W,skEs)IC!!!N/!<MZg!:g'g!>#2/!=0$DD/\")jBk1d@DZKi&#RPQdA7\\\\XCh[D\\!'^`\"F(o/r6#:CVF*(?!Ch[D\\!'^Vn@VfsmCJJ;TAI;4ACERS4@;]k%$Q!5p@;0OP@<?($BjkgTF^]00Bln'#Erl=A!!!Q1!!!Q1!!!","1049607":"!<d@[F*O.g#64c-E,TfC*<6'>!<d@[F*]@`#64o6@VfsmCI<#NAJA`bEc#W$DIb>0Ed96HDf'H3F*%NcD?'Zg63I=.!!%U;\"9E9<!.mN?\"`nKuG>8,<!!!-*F)5c=:]LIq!!EIHCi=Mjz\":]3dBleB=Eb.pUG%GIi!!!!$)f/r(FB;mmATC^\\@<,jkARnbYFCAuVDfp)Al2gqcq92i)!>9<kBkM-t@;JDEEcc#3BlnVq5l^lb!>9<kBkM-t@;JDEEcc#3BlnVs5l^lb!>9<kBkM-t@;JDEEcc#3BlnVn5l^lb!u>usFCAuVDfp)A7W3<BAU&;qFCAfnP8?h*;38+L!uQ,uFCAuVDfp)A7V-U^Bl%L*Gsc7V@r$Nhf<G%o<C$^0CghC,9lF`eFEMV89P&BYCfPFb@<?'[DffE(6t(@^z9G%_\"\";,HYF*(JlFCfJ\\BleB)DI[5X!6.>3(34,.AOCKVE(,\"jDf]K#<,Y6HDf^\"##oIf&EbTK(6ZR*a7<iciF(Jl]DanbcF*%Bg&Tqu3BlIWSART[K@;TFcARkcI$Zf`mF@CFnDf]K#!\"'*QATDWr6>pd`FE7E^!!!$*Ec5l5DImm1z\"pnd[DfA!aFE2F&!!","1050631":"!<d@[F*O.g#64c-E,TfC*<6'>!<d@[F*]Ca#64o6@VfsmCI<#NAJA`bEc#W$DIb>0Ed96HDf'H3F*%NcD?'Zg63I=.!!%U;\"9E9<!.mN?\"`nKuG>8,<!!!-*F)5c=:]LIq!!EIHCi=Mjz\":]3dBleB=Eb.pUG%GIi!!!!$)f/r(FB;mmATC^\\@<,jkARnbYFCAuVDfp)Al2gqcq92i)!>9<kBkM-t@;JDEEcc#3BlnVq5l^lb!>9<kBkM-t@;JDEEcc#3BlnVs5l^lb!>9<kBkM-t@;JDEEcc#3BlnVn5l^lb!u>usFCAuVDfp)A7W3<BAU&;qFCAfnP8?j`S):V=!uQ,uFCAuVDfp)A7V-U^Bl%L*Gsc7V@r&G<2kg#j<C$^0CghC,9lF`eFEMV89P&BYCfPFb@<?'[DffE(6t(@^z9G%_\"\";,HYF*(JlFCfJ\\BleB)DI[5X!6.>3(34,.AOCKVE(,\"jDf]K#<,Y6HDf^\"##oIf&EbTK(6ZR*a7<iciF(Jl]DanbcF*%Bg&Tqu3BlIWSART[K@;TFcARkcI$Zf`mF@CFnDf]K#!\"'*QATDWr6>pd`FE7E^!!!$*Ec5l5DImm1z\"pnd[DfA!aFE2F&!!","1051655":"!<d@[F*O.g#64c-E,TfC*<6'>!<d@[F*]Fb#64o6@VfsmCI<#NAIW-_Bldj%ARo7dDe!Pj$#O*mATDKnCi]XX!!%Bd!!$^Y!!!$*Ec6&.FD5Z2!2'Jq$O:0a@W,skEs)IC!\"\\Q@!<M*g!:\\ng!<<*@!=0$DD/\")jBk1d@DZKi&#RPQdA7\\\\XCh[D\\!'^`\"F(o/r6#:CVF*(?!Ch[D\\!'^Vn@VfsmCJJ;TAI;4ACERS4@;]k%$Q!5p@;0OP@<?($BjkgTF^]00Bln'#Erl=A!!!Q1!!!Q1!!!","2097159":"!<d@[F*O.g#64c-E,TfC*WQ0?!<d@[F*]=_#64o6@VfsmCI<#NAIW-_Bldj%ARo7dDe!Pj$#O*mATDKnCi]XX!!%$A!!$^Y!!!$*Ec6&.FD5Z2!2'Jq$O:0a@W,skEruCB!!)Ke!:^!f!>#2/!=0$DD/\")jBk1d@DZKi&#RPQdA7\\\\XCh[D\\!'^`\"F(o/r6#:CVF*(?!Ch[D\\!'^Vn@VfsmCJJ;TAIMFY@<-I9+D5M!F)q^*@<Q'nCe\\>[ATDKnCf,=`DKKT7Bk;>ez&-)\\1&-)\\1","2100231":"!<d@[F*O.g#64c-E,TfC*WQ0?!<d@[F*]Fb#64o6@VfsmCI<#NAIW-_Bldj%ARo7dDe!Pj$#O*mATDKnCi]XX!!%$A!!$^Y!!!$*Ec6&.FD5Z2!2'Jq$O:0a@W,skEruCB!!2R!!:]J\"!<<*@!=0$DD/\")jBk1d@DZKi&#RPQdA7\\\\XCh[D\\!'^`\"F(o/r6#:CVF*(?!Ch[D\\!'^Vn@VfsmCJJ;TAIMFY@<-I9+D5M!F)q^*@<Q'nCe\\>[ATDKnCf,=`DKKT7Bk;>ez&-)\\1&-)\\1","3145735":"!<d@[F*O.g#64c-E,TfC*rl9@!<d@[F*]=_#64o6@VfsmCI<#NAIW-_Bldj%ARo7dDe!Pj$#O*mATDKnCi]XX!!%$A!!$^Y!!!$*Ec6&.FD5Z2!2'Jq$O:0a@W,skEruCB!!)Ke!:^!f!>#2/!=0$DD/\")jBk1d@DZKi&#RPQdA7\\\\XCh[D\\!'^`\"F(o/r6#:CVF*(?!Ch[D\\!'^Vn@VfsmCJJ;TAIMFY@<-I9+D5M!F)q^*@<Q'nCe\\>[ATDKnCf,=`DKKT7Bk;>ez&-)\\1&-)\\1","3148807":"!<d@[F*O.g#64c-E,TfC*rl9@!<d@[F*]Fb#64o6@VfsmCI<#NAIW-_Bldj%ARo7dDe!Pj$#O*mATDKnCi]XX!!%$A!!$^Y!!!$*Ec6&.FD5Z2!2'Jq$O:0a@W,skEruCB!!2R!!:]J\"!<<*@!=0$DD/\")jBk1d@DZKi&#RPQdA7\\\\XCh[D\\!'^`\"F(o/r6#:CVF*(?!Ch[D\\!'^Vn@VfsmCJJ;TAIMFY@<-I9+D5M!F)q^*@<Q'nCe\\>[ATDKnCf,=`DKKT7Bk;>ez&-)\\1&-)\\1","4195335":"!<d@[F*O.g#64c-E,TfC+92BA!<d@[F*]@`#64o6@VfsmCI<#NAIW-_Bldj%ARo7dDe!Pj$#O*mATDKnCi]XX!!%$A!!$^Y!!!$*Ec6&.FD5Z2!2'Jq$O:0a@W,skEs)IC!!)Kh!<</j!<M`K!!3,i!=0$DD/\")jBk1d@DZKi&#RPQdA7\\\\XCh[D\\!'^`\"F(o/r6#:CVF*(?!Ch[D\\!'^Vn@VfsmCJJ;TAIMFY@<-I9+D5M!F)q^*@<Q'nCe\\>[ATDKnCf,=`DKKT7Bk;>ez&-)\\1&-)\\1","4196359":"!<d@[F*O.g#64c-E,TfC+92BA!<d@[F*]Ca#64o6@VfsmCI<#NAIW-_Bldj%ARo7dDe!Pj$#O*mATDKnCi]XX!!%$A!!$^Y!!!$*Ec6&.FD5Z2!2'Jq$O:0a@W,skEruCB!!!#h!<M]J!!3,i!=0$DD/\")jBk1d@DZKi&#RPQdA7\\\\XCh[D\\!'^`\"F(o/r6#:CVF*(?!Ch[D\\!'^Vn@VfsmCJJ;TAIMFY@<-I9+D5M!F)q^*@<Q'nCe\\>[ATDKnCf,=`DKKT7Bk;>ez&-)\\1&-)\\1","8":"!<d@[F*O1h#64c-E,TfC)uos=!<d@[F*]=_#64o6@VfsmCI<#NAIW-_Bldj%ARo7dDe!Pj$#O*mATDKnCi]UW!!$^Y!!!$*Ec6&.FD5Z2!2'Jq$O:0a@W,skErc7@!9!nW!!ipCD/\")jBk1d@DZKi&#RPQdA7\\\\XCh[D\\!'^`\"F(o/r6#:CVF*(?!Ch[D\\!'^Vn@VfsmCJJ;TAK=-VEcP`%ARlotEc5h<@VfsmCEP$GBm+'0ARm4t(L_JqBl$LPFCfK,@;Je`@;^1$FD5<-!<<*\"!\"],1!!","1032":"!<d@[F*O1h#64c-E,TfC)uos=!<d@[F*]@`#64o6@VfsmCI<#NAIW-_Bldj%ARo7dDe!Pj$#O*mATDKnCi]UW!!$pW!!!$*Ec6&.FD5Z2!2'Jq$O:0a@W,skErc7@!9!AH!!ipCD/\")jBk1d@DZKi&#RPQdA7\\\\XCh[D\\!'^`\"F(o/r6#:CVF*(?!Ch[D\\!'^Vn@VfsmCJJ;TAI;4ACERS4@;]k%$Q!5p@;0OP@<?($BjkgTF^]00Bln'#Erc7@!!!Q1!!!","2056":"!<d@[F*O1h#64c-E,TfC)uos=!<d@[F*]Ca#64o6@VfsmCI<#NAIW-_Bldj%ARo7dDe!Pj$#O*mATDKnCi]UW!!%Bd!!!$*Ec6&.FD5Z2!2'Jq$O:0a@W,skErc7@!9!AH!!ipCD/\")jBk1d@DZKh<#RPQdA7\\\\XCh[D\\!\"]DHF(o/r6#:CVF*(?!Ch[D\\!\"];?@VfsmCJJ;TAI;4ACERS4@;]k%$Q!5p@;0OP@<?($BjkgTF^]00Bln'#Erc7@!!!Q1!!!","3080":"!<d@[F*O1h#64c-E,TfC)uos=!<d@[F*]Fb#64o6@VfsmCI<#NAIW-_Bldj%ARo7dDe!Pj$#O*mATDKnCi]UW!!$^Y!!!$*Ec6&.FD5Z2!2'Jq$O:0a@W,skErc7@!9!>W!!ipCD/\")jBk1d@DZKi&#RPQdA7\\\\XCh[D\\!'^`\"F(o/r6#:CVF*(?!Ch[D\\!'^Vn@VfsmCJJ;TAK=-VEcP`%ARlotEc5h<@VfsmCEP$GBm+'0ARm4t(L_JqBl$LPFCfK,@;Je`@;^1$FD5<-!<<*\"!\"],1!!","1048584":"!<d@[F*O1h#64c-E,TfC*<6'>!<d@[F*]=_#64o6@VfsmCI<#NAIW-_Bldj%ARo7dDe!Pj$#O*mATDKnCi]XX!!%Bd!!$^Y!!!$*Ec6&.FD5Z2!2'Jq$O:0a@W,skEs)IC!!!N/!<MZg!:g'g!>#2/!=0$DD/\")jBk1d@DZKi&#RPQdA7\\\\XCh[D\\!'^`\"F(o/r6#:CVF*(?!Ch[D\\!'^Vn@VfsmCJJ;TAI;4ACERS4@;]k%$Q!5p@;0OP@<?($BjkgTF^]00Bln'#Erl=A!!!Q1!!!Q1!!!","1049608":"!<d@[F*O1h#64c-E,TfC*<6'>!<d@[F*]@`#64o6@VfsmCI<#NAIW-_Bldj%ARo7dDe!Pj$#O*mATDKnCi]UW!!((d!!!$*Ec6&.FD5Z2!2'Jq$O:0a@W,skErl=A!!!$!!!3-\"!!ipCD/\")jBk1d@DZKi&#RPQdA7\\\\XCh[D\\!'^`\"F(o/r6#:CVF*(?!Ch[D\\!'^Vn@VfsmCJJ;TAI;4ACERS4@;]k%$Q!5p@;0OP@<?($BjkgTF^]00Bln'#Erc7@!!!Q1!!!","1050632":"!<d@[F*O1h#64c-E,TfC*<6'>!<d@[F*]Ca#64o6@VfsmCI<#NAJA`bEc#W$DIb>0Ed96HDf'H3F*%NcD?'Zg63I=.!!%U;\"9E9<!.mN?\"`nKuG>8,<!!!-*F)5c=:]LIq!!EIHCi=Mjz\":]3dBleB=Eb.pUG%GIi!!!!$)f/r(FB;mmATC^\\@<,jkARnbYFCAuVDfp)Al2gqcq92i)!>9<kBkM-t@;JDEEcc#3BlnVq5l^lb!>9<kBkM-t@;JDEEcc#3BlnVs5l^lb!>9<kBkM-t@;JDEEcc#3BlnVn5l^lb!u>usFCAuVDfp)A7W3<BAU&;qFCAfnP8?j(kQ8+V!uQ,uFCAuVDfp)A7V-U^Bl%L*Gsc7V@r\":$$@qoq<C$^0CghC,9lF`eFEMV89P&BYCfPFb@<?'[DffE(6t(@^z9G%_\"\";,HYF*(JlFCfJ\\BleB)DI[5X!6.>3(34,.AOCKVE(,\"jDf]K#<,Y6HDf^\"##oIf&EbTK(6ZR*a7<iciF(Jl]DanbcF*%Bg&Tqu3BlIWSART[K@;TFcARkcI$Zf`mF@CFnDf]K#!\"'*QATDWr6>pd`FE7E^!!!$*Ec5l5DImm1z\"pnd[DfA!aFE2F&!!","1051656":"!<d@[F*O1h#64c-E,TfC*<6'>!<d@[F*]Fb#64o6@VfsmCI<#NAIW-_Bldj%ARo7dDe!Pj$#O*mATDKnCi]XX!!%Bd!!$^Y!!!$*Ec6&.FD5Z2!2'Jq$O:0a@W,skEs)IC!\"\\Q@!<M*g!:\\ng!<<*@!=0$DD/\")jBk1d@DZKi&#RPQdA7\\\\XCh[D\\!'^`\"F(o/r6#:CVF*(?!Ch[D\\!'^Vn@VfsmCJJ;TAI;4ACERS4@;]k%$Q!5p@;0OP@<?($BjkgTF^]00Bln'#Erl=A!!!Q1!!!Q1!!!","2097160":"!<d@[F*O1h#64c-E,TfC*WQ0?!<d@[F*]=_#64o6@VfsmCI<#NAIW-_Bldj%ARo7dDe!Pj$#O*mATDKnCi]XX!!%$A!!$^Y!!!$*Ec6&.FD5Z2!2'Jq$O:0a@W,skEruCB!!)Ke!:^!f!>#2/!=0$DD/\")jBk1d@DZKi&#RPQdA7\\\\XCh[D\\!!EQ<F(o/r6#:CVF*(?!Ch[D\\!!EH3@VfsmCJJ;TAIMFY@<-I9+D5M!F)q^*@<Q'nCe\\>[ATDKnCf,=`DKKT7Bk;>ez&-)\\1&-)\\1","2100232":"!<d@[F*O1h#64c-E,TfC*WQ0?!<d@[F*]Fb#64o6@VfsmCI<#NAIW-_Bldj%ARo7dDe!Pj$#O*mATDKnCi]XX!!%$A!!$^Y!!!$*Ec6&.FD5Z2!2'Jq$O:0a@W,skEs)IC!\"\\Q@!<M*g!:\\ng!<<*@!=0$DD/\")jBk1d@DZKi&#RPQdA7\\\\XCh[D\\!'^`\"F(o/r6#:CVF*(?!Ch[D\\!'^Vn@VfsmCJJ;TAIMFY@<-I9+D5M!F)q^*@<Q'nCe\\>[ATDKnCf,=`DKKT7Bk;>ez&-)\\1&-)\\1","3145736":"!<d@[F*O1h#64c-E,TfC*rl9@!<d@[F*]=_#64o6@VfsmCI<#NAIW-_Bldj%ARo7dDe!Pj$#O*mATDKnCi]XX!!%$A!!$^Y!!!$*Ec6&.FD5Z2!2'Jq$O:0a@W,skEruCB!!)Ke!:^!f!>#2/!=0$DD/\")jBk1d@DZKi&#RPQdA7\\\\XCh[D\\!'^`\"F(o/r6#:CVF*(?!Ch[D\\!'^Vn@VfsmCJJ;TAIMFY@<-I9+D5M!F)q^*@<Q'nCe\\>[ATDKnCf,=`DKKT7Bk;>ez&-)\\1&-)\\1","3148808":"!<d@[F*O1h#64c-E,TfC*rl9@!<d@[F*]Fb#64o6@VfsmCI<#NAIW-_Bldj%ARo7dDe!Pj$#O*mATDKnCi]XX!!%$A!!$^Y!!!$*Ec6&.FD5Z2!2'Jq$O:0a@W,skEs)IC!\"\\Q@!<M*g!:\\ng!<<*@!=0$DD/\")jBk1d@DZKi&#RPQdA7\\\\XCh[D\\!'^`\"F(o/r6#:CVF*(?!Ch[D\\!'^Vn@VfsmCJJ;TAIMFY@<-I9+D5M!F)q^*@<Q'nCe\\>[ATDKnCf,=`DKKT7Bk;>ez&-)\\1&-)\\1","4195336":"!<d@[F*O1h#64c-E,TfC+92BA!<d@[F*]@`#64o6@VfsmCI<#NAIW-_Bldj%ARo7dDe!Pj$#O*mATDKnCi]XX!!%$A!!$^Y!!!$*Ec6&.FD5Z2!2'Jq$O:0a@W,skEs)IC!!)Kh!<</j!<M`K!!3,i!=0$DD/\")jBk1d@DZKh<#RPQdA7\\\\XCh[D\\!$DOXF(o/r6#:CVF*(?!Ch[D\\!$DFO@VfsmCJJ;TAIMFY@<-I9+D5M!F)q^*@<Q'nCe\\>[ATDKnCf,=`DKKT7Bk;>ez&-)\\1&-)\\1","4196360":"!<d@[F*O1h#64c-E,TfC+92BA!<d@[F*]Ca#64o6@VfsmCI<#NAIW-_Bldj%ARo7dDe!Pj$#O*mATDKnCi]XX!!%$A!!$^Y!!!$*Ec6&.FD5Z2!2'Jq$O:0a@W,skEruCB!!!#h!<M]J!!3,i!=0$DD/\")jBk1d@DZKh<#RPQdA7\\\\XCh[D\\!$DOXF(o/r6#:CVF*(?!Ch[D\\!$DFO@VfsmCJJ;TAIMFY@<-I9+D5M!F)q^*@<Q'nCe\\>[ATDKnCf,=`DKKT7Bk;>ez&-)\\1&-)\\1","1033":"!<d@[F*O4i#64c-E,TfC)uos=!<d@[F*]@`#64o6@VfsmCI<#NAIW-_Bldj%ARo7dDe!Pj$#O*mATDKnCi]XX!!%Bd!!$^Y!!!$*Ec6&.FD5Z2!2'Jq$O:0a@W,skEs)IC!8qf<!T6l5!8r>+!TnF[!=0$DD/\")jBk1d@DZKi&#RPQdA7\\\\XCh[D\\!'^`\"F(o/r6#:CVF*(?!Ch[D\\!'^Vn@VfsmCJJ;TAI;4ACERS4@;]k%$Q!5p@;0OP@<?($BjkgTF^]00Bln'#Erl=A!!!Q1!!!Q1!!!","2057":"!<d@[F*O4i#64c-E,TfC)uos=!<d@[F*]Ca#64o6@VfsmCI<#NAIW-_Bldj%ARo7dDe!Pj$#O*mATDKnCi]UW!!$^Y!!!$*Ec6&.FD5Z2!2'Jq$O:0a@W,skErc7@!8mkW!!ipCD/\")jBk1d@DZKi&#RPQdA7\\\\XCh[D\\!'^`\"F(o/r6#:CVF*(?!Ch[D\\!'^Vn@VfsmCJJ;TAK=-VEcP`%ARlotEc5h<@VfsmCEP$GBm+'0ARm4t(L_JqBl$LPFCfK,@;Je`@;^1$FD5<-!<<*\"!\"],1!!","1049609":"!<d@[F*O4i#64c-E,TfC*<6'>!<d@[F*]@`#64o6@VfsmCI<#NAIW-_Bldj%ARo7dDe!Pj$#O*mATDKnCi]XX!!%Bd!!$^Y!!!$*Ec6&.FD5Z2!2'Jq$O:0a@W,skEs2OD!!!Q@!<<`$!>#;\"!\"^7P!Up]i!=0$DD/\")jBk1d@DZKi&#RPQdA7\\\\XCh[D\\!'^`\"F(o/r6#:CVF*(?!Ch[D\\!'^Vn@VfsmCJJ;TAI;4ACERS4@;]k%$Q!5p@;0OP@<?($BjkgTF^]00Bln'#Erl=A!!!Q1!!!Q1!!!","1050633":"!<d@[F*O4i#64c-E,TfC*<6'>!<d@[F*]Ca#64o6@VfsmCI<#NAIW-_Bldj%ARo7dDe!Pj$#O*mATDKnCi]XX!!%Bd!!$^Y!!!$*Ec6&.FD5Z2!2'Jq$O:0a@W,skEs)IC!!!Q@!<</g!:UU#!<=5@!=0$DD/\")jBk1d@DZKi&#RPQdA7\\\\XCh[D\\!'^`\"F(o/r6#:CVF*(?!Ch[D\\!'^Vn@VfsmCJJ;TAI;4ACERS4@;]k%$Q!5p@;0OP@<?($BjkgTF^]00Bln'#Erl=A!!!Q1!!!Q1!!!","2098185":"!<d@[F*O4i#64c-E,TfC*WQ0?!<d@[F*]@`#64o6@VfsmCI<#NAIW-_Bldj%ARo7dDe!Pj$#O*mATDKnCi][Y!!%$A!!$^Y!!\"GO!!!$*Ec6&.FD5Z2!2'Jq$O:0a@W,skEsD[F!!!Q@!<</g!!\",@!Up]i!<F8&!?s_e![B_R!XK-ED/\")jBk1d@DZKi&#RPQdA7\\\\XCh[D\\!'^`\"F(o/r6#:CVF*(?!Ch[D\\!'^Vn@VfsmCJJ;TAIMFY@<-I9+D5M!F)q^*@<Q'nCe\\>[ATDKnCf,=`DKKT7Bk;>fz&-)\\1&-)\\1&-)\\1","2099209":"!<d@[F*O4i#64c-E,TfC*WQ0?!<d@[F*]Ca#64o6@VfsmCI<#NAIW-_Bldj%ARo7dDe!Pj$#O*mATDKnCi]XX!!%$A!!$^Y!!!$*Ec6&.FD5Z2!2'Jq$O:0a@W,skEruCB!!!#e!:UR\"!<=5@!=0$DD/\")jBk1d@DZKi&#RPQdA7\\\\XCh[D\\!'^`\"F(o/r6#:CVF*(?!Ch[D\\!'^Vn@VfsmCJJ;TAIMFY@<-I9+D5M!F)q^*@<Q'nCe\\>[ATDKnCf,=`DKKT7Bk;>ez&-)\\1&-)\\1","3146761":"!<d@[F*O4i#64c-E,TfC*rl9@!<d@[F*]@`#64o6@VfsmCI<#NAIW-_Bldj%ARo7dDe!Pj$#O*mATDKnCi]XX!!%$A!!$^Y!!!$*Ec6&.FD5Z2!2'Jq$O:0a@W,skEs)IC!!!Q@!<</g!:UU#!<=5@!=0$DD/\")jBk1d@DZKi&#RPQdA7\\\\XCh[D\\!'^`\"F(o/r6#:CVF*(?!Ch[D\\!'^Vn@VfsmCJJ;TAIMFY@<-I9+D5M!F)q^*@<Q'nCe\\>[ATDKnCf,=`DKKT7Bk;>ez&-)\\1&-)\\1","3147785":"!<d@[F*O4i#64c-E,TfC*rl9@!<d@[F*]Ca#64o6@VfsmCI<#NAIW-_Bldj%ARo7dDe!Pj$#O*mATDKnCi]XX!!%$A!!$^Y!!!$*Ec6&.FD5Z2!2'Jq$O:0a@W,skEruCB!!!#e!:UR\"!<=5@!=0$DD/\")jBk1d@DZKi&#RPQdA7\\\\XCh[D\\!'^`\"F(o/r6#:CVF*(?!Ch[D\\!'^Vn@VfsmCJJ;TAIMFY@<-I9+D5M!F)q^*@<Q'nCe\\>[ATDKnCf,=`DKKT7Bk;>ez&-)\\1&-)\\1","4195337":"!<d@[F*O4i#64c-E,TfC+92BA!<d@[F*]@`#64o6@VfsmCI<#NAIW-_Bldj%ARo7dDe!Pj$#O*mATDKnCi]UW!!$^Y!!!$*Ec6&.FD5Z2!2'Jq$O:0a@W,skErc7@!!!#h!!ipCD/\")jBk1d@DZKi&#RPQdA7\\\\XCh[D\\!'^`\"F(o/r6#:CVF*(?!Ch[D\\!'^Vn@VfsmCJJ;TAK=-VEcP`%ARlotEc5h<@VfsmCEP$GBm+'0ARm4t(L_JqBl$LPFCfK,@;Je`@;^1$FD5<-!<<*\"!\"],1!!","4196361":"!<d@[F*O4i#64c-E,TfC+92BA!<d@[F*]Ca#64o6@VfsmCI<#NAIW-_Bldj%ARo7dDe!Pj$Zg3(G@Pc)DeWa'!<<*\"&-25#$P@#lDfor.;f6Mt6ZljVBk28c!!!!\"nF-Dc$#O*mATDKnCi]UW!!$^Y!!!$*Ec6&.FD5Z2!2'Jq$O:0a@W,skErc7@!!!#h!!ipCD/\")jBk1d@DZKh<#RPQdA7\\\\XCh[D\\!!!98F(o/r6#:CVF*(?!Ch[D\\!!!0/@VfsmCJJ;TAK=-VEcP`%ARlotEc5h<@VfsmCEP$GBm+'0ARm4t(L_JqBl$LPFCfK,@;Je`@;^1$FD5<-!<<*\"!\"],1!!"},"Entities":[],"ReplaceMode":2,"EntranceRotation":-1}