{
	"code": "cartsideboard",

	"variantgroups": [
		{
			"code": "type",
			"states": [
				"wood"
			]
		},
		{
			"code": "form",
			"states": [
				"tall",
				"short",
				"crossedinside",
				"crossedoutside"
			]
		}
	],
	"allowedVariants": [
		"*-wood-*"
	],
	"attributesByType": {
		"*": {

			"attachableToEntity": {
				"categoryCodeByType": {
					"*": "cartsideboards"
				},
				"attachedShapeBySlotCodeByType": {
					"*light*": {
						"*-basiccart*": { "base": "item/extra/cartsideboard-{type}-{form}" },
						"*-basicsled*": { "base": "item/extra/cartsideboard-{type}-{form}" },
						"*-slimcart*": { "base": "item/extra/cartsideboard-{type}-{form}" },
						"*-sturdycar*": { "base": "item/extra/cartsideboard-{type}-{form}" },
						"*-smallstall*": { "base": "item/extra/cartsideboard-{type}-{form}" }
					},
					"*storage*": {
						"*": { "base": "item/extra/cartsideboard-{type}-{form}-inventory" }
					},
					"*": {
						"*-basiccart*": { "base": "item/extra/cartsideboard-{type}-{form}" },
						"*-basicsled*": { "base": "item/extra/cartsideboard-{type}-{form}" },
						"*-slimcart*": { "base": "item/extra/cartsideboard-{type}-{form}" },
						"*-sturdycar*": { "base": "item/extra/cartsideboard-{type}-{form}" },
						"*-smallstall*": { "base": "item/extra/cartsideboard-{type}-{form}" }
					}
				}
			}
		}
	},
	"behaviorsByType": {
		"*": [
			{ "name": "GroundStorable" }
		]
	},
	"shapeByType": {
		"*": { "base": "item/extra/cartsideboard-{type}-{form}-inventory" }
	},
	"texturesByType": {
		"*side*": {
			"oak-h": { "base": "game:block/wood/bark/oak-h" },
			"oak": { "base": "game:block/wood/debarked/oak" },
			"oak1": { "base": "game:block/wood/planks/oak1" },
			"iron": { "base": "game:block/metal/plate/iron" },
			"canopycolor2": { "base": "game:block/cloth/basic/normal" }
		}
	},
	"heldTpIdleAnimationByType": {
		"*": "holdbothhands"
	},
	"maxStackSize": 8,
	"creativeinventory": {
		"general": [ "*" ],
		"cartwrightscaravan": [ "*" ]
	},
	"renderAlphaTest": 0.25,
	"guiTransform": {
		"translation": {
			"x": 0,
			"y": 1,
			"z": 0
		},
		"rotation": {
			"x": 137,
			"y": -123,
			"z": -8
		},
		"origin": {
			"x": 0.8,
			"y": -0,
			"z": 0.3
		},
		"scale": 1.05
	}
}	


