[
  {
    "file": "game:recipes/cooking/meatystew",
    "side": "server",
    "op": "add",
    "path": "/ingredients/4/validStacks/-",
    "value": {
      "type": "item",
      "code": "floralzonescentralaustralianregion:pickledlegume-swainsonaformosa",
      "shapeElement": "bowl/vegetable 1/*"
    }
  },
  {
    "file": "game:recipes/cooking/meatystew",
    "side": "server",
    "op": "add",
    "path": "/ingredients/5/validStacks/-",
    "value": {
      "type": "item",
      "code": "floralzonescentralaustralianregion:pickledlegume-swainsonaformosa",
      "shapeElement": "bowl/vegetable 2/*"
    }
  },
  {
    "file": "game:recipes/cooking/scrambledeggs",
    "side": "server",
    "op": "add",
    "path": "/ingredients/3/validStacks/-",
    "value": {
      "type": "item",
      "code": "floralzonescentralaustralianregion:pickledlegume-swainsonaformosa",
      "shapeElement": "bowl/vegetable 1/*"
    }
  },
  {
    "file": "game:recipes/cooking/scrambledeggs",
    "side": "server",
    "op": "add",
    "path": "/ingredients/4/validStacks/-",
    "value": {
      "type": "item",
      "code": "floralzonescentralaustralianregion:pickledlegume-swainsonaformosa",
      "shapeElement": "bowl/vegetable 2/*"
    }
  },
  {
    "file": "game:recipes/cooking/soup",
    "side": "server",
    "op": "add",
    "path": "/ingredients/1/validStacks/-",
    "value": {
      "type": "item",
      "code": "floralzonescentralaustralianregion:pickledlegume-swainsonaformosa",
      "shapeElement": "bowl/vegetable 1/*"
    }
  },
  {
    "file": "game:recipes/cooking/soup",
    "side": "server",
    "op": "add",
    "path": "/ingredients/2/validStacks/-",
    "value": {
      "type": "item",
      "code": "floralzonescentralaustralianregion:pickledlegume-swainsonaformosa",
      "shapeElement": "bowl/vegetable 2/*"
    }
  },
  {
    "file": "game:recipes/cooking/soup",
    "side": "server",
    "op": "add",
    "path": "/ingredients/3/validStacks/-",
    "value": {
      "type": "item",
      "code": "floralzonescentralaustralianregion:pickledlegume-swainsonaformosa",
      "shapeElement": "bowl/vegetable 2/*"
    }
  },
  {
    "file": "game:recipes/cooking/vegetablestew",
    "side": "server",
    "op": "add",
    "path": "/ingredients/0/validStacks/-",
    "value": {
      "type": "item",
      "code": "floralzonescentralaustralianregion:pickledlegume-swainsonaformosa",
      "shapeElement": "bowl/vegetable 1/*"
    }
  },
  {
    "file": "game:recipes/cooking/vegetablestew",
    "side": "server",
    "op": "add",
    "path": "/ingredients/1/validStacks/-",
    "value": {
      "type": "item",
      "code": "floralzonescentralaustralianregion:pickledlegume-swainsonaformosa",
      "shapeElement": "bowl/vegetable 2/*"
    }
  },
  {
    "file": "game:recipes/cooking/vegetablestew",
    "side": "server",
    "op": "add",
    "path": "/ingredients/2/validStacks/-",
    "value": {
      "type": "item",
      "code": "floralzonescentralaustralianregion:pickledlegume-swainsonaformosa",
      "shapeElement": "bowl/vegetable 3/*"
    }
  },
  {
    "file": "game:recipes/cooking/vegetablestew",
    "side": "server",
    "op": "add",
    "path": "/ingredients/3/validStacks/-",
    "value": {
      "type": "item",
      "code": "floralzonescentralaustralianregion:pickledlegume-swainsonaformosa",
      "shapeElement": "bowl/vegetable 4/*"
    }
  },
  {
    "file": "game:blocktypes/clay/pot",
    "side": "server",
    "op": "add",
    "path": "/attributesByType/claypot-cooked/textureMapping/pickledlegume-swainsonaformosa",
    "value": [ "vegetable", "group10" ]
  }
]
