{
	"editor": {
		"allAngles": false,
		"entityTextureMode": false
	},
	"textureWidth": 8,
	"textureHeight": 8,
	"textureSizes": {
		"liliumauratum": [8,8]
	},
	"textures": {
		"liliumauratum": "item/food/vegetable/liliumauratum"
	},
	"elements": [
		{
			"name": "origin",
			"from": [ 8.0, 0.0, 8.0 ],
			"to": [ 8.0, 0.0, 8.0 ],
			"rotationOrigin": [ 8.0, 0.0, 8.0 ],
			"faces": {
			},
			"children": [
				{
					"name": "bulb body",
					"from": [ -1.5, 0.0, -1.5 ],
					"to": [ 1.5, 2.0, 1.5 ],
					"rotationOrigin": [ -1.5, 0.0, -1.5 ],
					"faces": {
						"north": { "texture": "#liliumauratum", "uv": [ 0.0, 2.0, 3.0, 4.0 ] },
						"east": { "texture": "#liliumauratum", "uv": [ 0.5, 2.0, 3.5, 4.0 ] },
						"south": { "texture": "#liliumauratum", "uv": [ 1.0, 2.0, 4.0, 4.0 ] },
						"west": { "texture": "#liliumauratum", "uv": [ 0.0, 2.0, 3.0, 4.0 ] },
						"up": { "texture": "#liliumauratum", "uv": [ 0.0, 0.5, 3.0, 3.5 ] },
						"down": { "texture": "#liliumauratum", "uv": [ 5.0, 0.0, 8.0, 3.0 ] }
					},
					"children": [
						{
							"name": "Blub top",
							"from": [ 0.5, 2.0, 0.5 ],
							"to": [ 2.5, 3.0, 2.5 ],
							"rotationOrigin": [ 1.5, 2.0, 1.5 ],
							"rotationY": 45.0,
							"faces": {
								"north": { "texture": "#liliumauratum", "uv": [ 0.0, 0.0, 2.0, 1.0 ] },
								"east": { "texture": "#liliumauratum", "uv": [ 2.0, 0.0, 4.0, 1.0 ] },
								"south": { "texture": "#liliumauratum", "uv": [ 0.0, 0.0, 2.0, 1.0 ] },
								"west": { "texture": "#liliumauratum", "uv": [ 2.0, 0.0, 4.0, 1.0 ] },
								"up": { "texture": "#liliumauratum", "uv": [ 0.0, 0.0, 2.0, 2.0 ] }
							},
							"children": [
								{
									"name": "Bulb tip",
									"from": [ 0.5, 0.8, 0.5 ],
									"to": [ 1.5, 2.8, 1.5 ],
									"rotationOrigin": [ 1.0, 0.8, 1.0 ],
									"rotationX": 5.0,
									"rotationY": 45.0,
									"faces": {
										"north": { "texture": "#liliumauratum", "uv": [ 4.0, 0.5, 5.0, 2.5 ] },
										"east": { "texture": "#liliumauratum", "uv": [ 4.0, 0.5, 5.0, 2.5 ] },
										"south": { "texture": "#liliumauratum", "uv": [ 4.0, 1.0, 5.0, 3.0 ] },
										"west": { "texture": "#liliumauratum", "uv": [ 4.0, 1.0, 5.0, 3.0 ] },
										"up": { "texture": "#liliumauratum", "uv": [ 4.0, 0.0, 5.0, 1.0 ] }
									}
								}
							]
						},
						{
							"name": "Roots",
							"from": [ 1.5, -1.4, 0.0 ],
							"to": [ 1.5, 0.1, 3.0 ],
							"rotationOrigin": [ 1.5, 0.1, 1.5 ],
							"rotationY": 45.0,
							"faces": {
								"east": { "texture": "#liliumauratum", "uv": [ 0.0, 4.0, 8.0, 7.5 ], "autoUv": false, "windMode": [-1,-1,-1,-1] }
							}
						},
						{
							"name": "Roots2",
							"from": [ 1.5, -1.4, 0.0 ],
							"to": [ 1.5, 0.1, 3.0 ],
							"rotationOrigin": [ 1.5, 0.1, 1.5 ],
							"rotationY": -45.0,
							"faces": {
								"east": { "texture": "#liliumauratum", "uv": [ 0.0, 4.0, 8.0, 7.5 ], "autoUv": false }
							}
						}
					]
				}
			]
		}
	]}