{
  "code": "talisman",
  "class": "ItemTalismanRM",
  "enabled": false,

  "storageFlags": 131073,

  "variantgroups": [
    {
      "code": "type",
      "states": [ "invocation", "alteration", "enchantment", "conjuration" ]
    }
  ],

  "creativeinventory": {
    "general": [ "*" ],
    "items": [ "*" ],
    "rustboundmagic": [ "*" ]
  },

  "behaviors": [
    {
      "name": "GroundStorable",
      "properties": {
        "layout": "Quadrants",
        "collisionBox": {
          "x1": 0,
          "y1": 0,
          "z1": 0,
          "x2": 1,
          "y2": 0.125,
          "z2": 1
        }
      }
    }
  ],

  "maxstacksize": 16,
  "materialDensity": 200,
  //"storageFlags": 5,

  //"shapebytype": {
  //  "*": {
  //    "base": "items/arcanus"
  //  }
  //},
  //"texturesByType": {
  //  "*": {
  //   "default": { "base": "default" },
  //    "quartz": { "base": "blocks/arcanus/arcanuscrystal-none" },
  //    "temporal": { "base": "blocks/arcanus/arcanuscrystal-none" }
  //  }
  //},

  "shapebytype": {
    "*": {
      "base": "items/talisman"
    }
  },
  "texturesByType": {
    "*": {
      "default": { "base": "default" },
      "material": { "base": "items/rust-solid" },
      "material2": { "base": "items/talisman-overlay2-{type}" },
      "lead": { "base": "game:block/metal/plate/lead" },
      "rustyglow": { "base": "game:block/machine/statictranslocator/rustyglow" },
      "overlay": { "base": "items/talisman-overlay-{type}" }
    }
  },

  "attributesByType": {
    "*": {
      "displaycaseable": true,
      "onDisplayTransform": {
        "translation": {
          "x": 0,
          "y": -0.125,
          "z": 0
        },
        "scale": 0.75
      },
      "shelvable": true,
      "onshelfTransform": {
        "translation": {
          "x": 0,
          "y": -0.125,
          "z": 0
        },
        "rotation": {
          "x": 0,
          "y": -45,
          "z": 0
        },
        "scale": 0.75
      },
      "groundStorageTransform": {
        "rotation": {
          "x": 0,
          "y": 38,
          "z": 0
        },
        "origin": {
          "x": 0.5,
          "y": 0,
          "z": 0.5
        },
        "scale": 0.85
      }///,
      //"handbook": {
      //  "extraSections": [
      //    {
      //      "title": "rustboundmagic:handbook-ritualreagent-title",
      //      "text": "rustboundmagic:handbook-ritualreagent-text"
      //    },
      //    {
      //      "title": "rustboundmagic:handbook-prismreagent-title",
      //      "text": "rustboundmagic:handbook-prismreagent-text"
      //    }
      //  ]
      //}
    }
  },

  "guiTransform": {
    "translation": {
      "x": 2,
      "y": 0,
      "z": 0
    },
    "rotation": {
      "x": 140,
      "y": -50,
      "z": 0
    },
    "origin": {
      "x": 0.5,
      "y": 0.01,
      "z": 0.5
    },
    "scale": 3.5
  },
  "fpHandTransform": {
    "translation": {
      "x": 0.05,
      "y": 0.2,
      "z": 0
    },
    "rotation": {
      "x": 94,
      "y": 95,
      "z": -21
    },
    "origin": {
      "x": 0.5,
      "y": 0.1,
      "z": 0.5
    },
    "scale": 1.78
  },
  "tpHandTransform": {
    "translation": {
      "x": -0.77,
      "y": -0.19,
      "z": -0.64
    },
    "rotation": {
      "x": 80,
      "y": 3,
      "z": 0
    },
    "origin": {
      "x": 0.5,
      "y": 0.1,
      "z": 0.5
    },
    "scale": 0.7
  },
  "groundTransform": {
    "translation": {
      "x": 0,
      "y": 0,
      "z": 0
    },
    "rotation": {
      "x": 0,
      "y": 0,
      "z": 0
    },
    "origin": {
      "x": 0.5,
      "y": 0,
      "z": 0.5
    },
    "scale": 4.5
  }
}
