{
	"code": "creature",
	"class": "ItemCreature",
	"maxstacksize": 64,
	"variantgroups": [
		{
			"code": "type",
			"states": [
				"dasyuridae-adult-male-sarcophilusharrisii", "dasyuridae-adult-female-sarcophilusharrisii", "dasyuridae-baby-female-sarcophilusharrisii", "dasyuridae-baby-male-sarcophilusharrisii",
				"dasyuridae-adult-male-sarcophiluslaniarius", "dasyuridae-adult-female-sarcophiluslaniarius", "dasyuridae-baby-female-sarcophiluslaniarius", "dasyuridae-baby-male-sarcophiluslaniarius"
			]
		}
		
		],

	"shapeByType": {
		"*-adult-*-sarcophilusharrisii": {"base": "entity/land/dasyuridae/sarcophilusharrisii-adult"},
		"*-baby-*-sarcophilusharrisii": {"base": "entity/land/dasyuridae/sarcophilusharrisii-baby"},
		"*-adult-*-sarcophiluslaniarius": {"base": "entity/land/dasyuridae/sarcophiluslaniarius-adult"},
		"*-baby-*-sarcophiluslaniarius": {"base": "entity/land/dasyuridae/sarcophilusharrisii-baby"}
	},
	"texturesByType": {
		"*-adult-*-sarcophilusharrisii": {"skin": { "base": "entity/dasyuridae/sarcophilusharrisii-adult" }},
		"*-baby-*-sarcophilusharrisii": {"skin": { "base": "entity/dasyuridae/sarcophilusharrisii-baby" }},
		"*-adult-*-sarcophiluslaniarius": {"skin": { "base": "entity/dasyuridae/sarcophiluslaniarius-adult" }},
		"*-baby-*-sarcophiluslaniarius": {"skin": { "base": "entity/dasyuridae/sarcophiluslaniarius-baby" }}
	},
	
	
	
	
	"creativeinventory": { "general": ["*"], "items": ["*"], "creatures": ["*"] },
	"materialDensity": 600,
	"guiTransformByType": {
		
		"creature-dasyuridae-*": {
			"rotate": true,
			"translation": { "x": 3, "y": 0, "z": 0 },
			"rotation": { "x": -11, "y": -52, "z": -180 },
			"origin": { "x": 0.5, "y": 0.25, "z": 0.5 },
			"scale": 2.5
		}				
	},
	
	"tpHandTransformByType": {
		"creature-dasyuridae-*": {
			"translation": { x: -0.9, y: -0.9, z: -0.7 },
			"rotation": { x: -180, y: 0, z: -156 },
			"scale": 0.45
		}		
	},
	
	"fpHandTransformByType": {
		"creature-dasyuridae-*": {
			"translation": { x: 0.2, y: 0, z: 0 },
			"rotation": { x: -8, y: -63, z: -7 }
		}
	}
	}
	

	
	
	
	




