{
	"editor": {
		"collapsedPaths": "Root/Base1/Gear1/vertical2,Root/Base1/Gear1,Root/Base1/Gear2",
		"allAngles": false,
		"entityTextureMode": false
	},
	"textureWidth": 16,
	"textureHeight": 16,
	"textureSizes": {
	},
	"textures": {
		"material": "game:block/metal/lantern/copper",
		"lining": "game:block/metal/lantern/copper",
		"temporal": "game:item/resource/temporalgear"
	},
	"elements": [
		{
			"name": "Base1",
			"from": [ 4.0, 0.0, 4.0 ],
			"to": [ 12.0, 1.0, 12.0 ],
			"faces": {
				"north": { "texture": "#material", "uv": [ 5.0, 1.0, 13.0, 2.0 ] },
				"east": { "texture": "#material", "uv": [ 3.0, 15.0, 11.0, 16.0 ] },
				"south": { "texture": "#material", "uv": [ 2.0, 1.0, 10.0, 2.0 ] },
				"west": { "texture": "#material", "uv": [ 3.0, 1.0, 11.0, 2.0 ] },
				"up": { "texture": "#material", "uv": [ 4.0, 4.0, 12.0, 12.0 ] },
				"down": { "texture": "#material", "uv": [ 5.0, 6.0, 13.0, 14.0 ] }
			},
			"children": [
				{
					"name": "Mid",
					"from": [ 1.0, 1.0, 1.0 ],
					"to": [ 7.0, 2.0, 7.0 ],
					"faces": {
						"north": { "texture": "#material", "uv": [ 8.0, 0.0, 14.0, 1.0 ] },
						"east": { "texture": "#material", "uv": [ 2.0, 14.0, 8.0, 15.0 ] },
						"south": { "texture": "#material", "uv": [ 1.0, 0.0, 7.0, 1.0 ] },
						"west": { "texture": "#material", "uv": [ 5.0, 14.0, 11.0, 15.0 ] },
						"up": { "texture": "#lining", "uv": [ 5.0, 3.0, 11.0, 9.0 ] }
					},
					"children": [
						{
							"name": "pillar 1",
							"from": [ 0.0, 1.0, 0.0 ],
							"to": [ 1.0, 7.0, 1.0 ],
							"faces": {
								"north": { "texture": "#material", "uv": [ 1.0, 5.0, 2.0, 11.0 ] },
								"east": { "texture": "#lining", "uv": [ 7.0, 4.0, 8.0, 10.0 ] },
								"south": { "texture": "#lining", "uv": [ 6.0, 3.0, 7.0, 9.0 ] },
								"west": { "texture": "#material", "uv": [ 14.0, 5.0, 15.0, 11.0 ] }
							}
						},
						{
							"name": "pillar 2",
							"from": [ 5.0, 1.0, 0.0 ],
							"to": [ 6.0, 7.0, 1.0 ],
							"faces": {
								"north": { "texture": "#material", "uv": [ 14.0, 2.0, 15.0, 8.0 ] },
								"east": { "texture": "#material", "uv": [ 1.0, 8.0, 2.0, 14.0 ] },
								"south": { "texture": "#lining", "uv": [ 6.0, 8.0, 7.0, 14.0 ] },
								"west": { "texture": "#lining", "uv": [ 10.0, 5.0, 11.0, 11.0 ] }
							}
						},
						{
							"name": "pillar 3",
							"from": [ 5.0, 1.0, 5.0 ],
							"to": [ 6.0, 7.0, 6.0 ],
							"faces": {
								"north": { "texture": "#lining", "uv": [ 5.0, 7.0, 6.0, 13.0 ] },
								"east": { "texture": "#material", "uv": [ 14.0, 8.0, 15.0, 14.0 ] },
								"south": { "texture": "#material", "uv": [ 1.0, 2.0, 2.0, 8.0 ] },
								"west": { "texture": "#lining", "uv": [ 10.0, 3.0, 11.0, 9.0 ] }
							}
						},
						{
							"name": "pillar 4",
							"from": [ 0.0, 1.0, 5.0 ],
							"to": [ 1.0, 7.0, 6.0 ],
							"faces": {
								"north": { "texture": "#lining", "uv": [ 8.0, 3.0, 9.0, 9.0 ] },
								"east": { "texture": "#lining", "uv": [ 6.0, 3.0, 7.0, 9.0 ] },
								"south": { "texture": "#material", "uv": [ 0.0, 3.0, 1.0, 9.0 ] },
								"west": { "texture": "#material", "uv": [ 1.0, 4.0, 2.0, 10.0 ] }
							}
						}
					]
				},
				{
					"name": "top 1",
					"from": [ 1.0, 8.0, 1.0 ],
					"to": [ 7.0, 9.0, 7.0 ],
					"faces": {
						"north": { "texture": "#material", "uv": [ 1.0, 15.0, 7.0, 16.0 ] },
						"east": { "texture": "#material", "uv": [ 8.0, 15.0, 14.0, 16.0 ] },
						"south": { "texture": "#material", "uv": [ 6.0, 1.0, 12.0, 2.0 ] },
						"west": { "texture": "#material", "uv": [ 1.0, 15.0, 7.0, 16.0 ] },
						"down": { "texture": "#lining", "uv": [ 4.0, 8.0, 10.0, 14.0 ] }
					}
				},
				{
					"name": "top 2",
					"from": [ 0.0, 9.0, 0.0 ],
					"to": [ 8.0, 10.0, 8.0 ],
					"faces": {
						"north": { "texture": "#material", "uv": [ 2.0, 1.5, 10.0, 2.5 ] },
						"east": { "texture": "#material", "uv": [ 2.0, 14.0, 10.0, 15.0 ] },
						"south": { "texture": "#material", "uv": [ 3.0, 14.0, 11.0, 15.0 ] },
						"west": { "texture": "#material", "uv": [ 7.0, 0.0, 15.0, 1.0 ] },
						"up": { "texture": "#material", "uv": [ 5.0, 3.0, 13.0, 11.0 ] },
						"down": { "texture": "#material", "uv": [ 4.0, 6.0, 12.0, 14.0 ] }
					}
				},
				{
					"name": "top 3",
					"from": [ 2.0, 10.0, 2.0 ],
					"to": [ 6.0, 11.0, 6.0 ],
					"faces": {
						"north": { "texture": "#material", "uv": [ 4.0, 4.0, 8.0, 5.0 ] },
						"east": { "texture": "#material", "uv": [ 7.0, 8.0, 11.0, 9.0 ] },
						"south": { "texture": "#material", "uv": [ 7.0, 6.0, 11.0, 7.0 ] },
						"west": { "texture": "#material", "uv": [ 6.0, 5.0, 10.0, 6.0 ] },
						"up": { "texture": "#material", "uv": [ 6.0, 4.0, 10.0, 8.0 ] }
					}
				},
				{
					"name": "Cube3",
					"from": [ 3.75, 1.9, 3.75 ],
					"to": [ 4.25, 8.9, 4.25 ],
					"rotationOrigin": [ 3.8, 1.9, 3.5 ],
					"faces": {
						"north": { "texture": "#temporal", "uv": [ 0.0, 0.0, 0.5, 7.0 ] },
						"east": { "texture": "#temporal", "uv": [ 0.0, 0.0, 0.5, 7.0 ] },
						"south": { "texture": "#temporal", "uv": [ 0.0, 0.0, 0.5, 7.0 ], "glow": 255 },
						"west": { "texture": "#temporal", "uv": [ 0.0, 0.0, 0.5, 7.0 ] },
						"up": { "texture": "#temporal", "uv": [ 0.0, 0.0, 0.5, 0.5 ] },
						"down": { "texture": "#temporal", "uv": [ 0.0, 0.0, 0.5, 0.5 ] }
					}
				},
				{
					"name": "Gear2",
					"from": [ 2.82, 1.36, 3.73 ],
					"to": [ 3.54, 5.68, 4.594 ],
					"rotationOrigin": [ 3.9, 3.52, 4.09 ],
					"rotationX": -67.5,
					"rotationY": 22.5,
					"rotationZ": 22.5,
					"faces": {
						"north": { "texture": "#temporal", "uv": [ 0.0, 0.0, 1.0, 6.0 ], "autoUv": false },
						"east": { "texture": "#temporal", "uv": [ 0.0, 0.0, 1.0, 6.0 ], "autoUv": false },
						"south": { "texture": "#temporal", "uv": [ 9.0, 9.0, 10.0, 15.0 ], "autoUv": false },
						"west": { "texture": "#temporal", "uv": [ 0.0, 0.0, 1.0, 6.0 ], "autoUv": false },
						"up": { "texture": "#temporal", "uv": [ 7.0, 6.0, 8.0, 7.0 ], "autoUv": false },
						"down": { "texture": "#temporal", "uv": [ 5.0, 5.0, 6.0, 6.0 ], "autoUv": false }
					},
					"children": [
						{
							"name": "vertical",
							"from": [ 1.44, 0.0, 0.0 ],
							"to": [ 2.16, 4.32, 0.864 ],
							"faces": {
								"north": { "texture": "#temporal", "uv": [ 6.0, 5.0, 7.0, 11.0 ], "autoUv": false },
								"east": { "texture": "#temporal", "uv": [ 5.0, 6.0, 6.0, 12.0 ], "autoUv": false },
								"south": { "texture": "#temporal", "uv": [ 13.0, 10.0, 14.0, 16.0 ], "autoUv": false },
								"west": { "texture": "#temporal", "uv": [ 0.0, 0.0, 1.0, 6.0 ], "autoUv": false },
								"up": { "texture": "#temporal", "uv": [ 3.0, 4.0, 4.0, 5.0 ], "autoUv": false },
								"down": { "texture": "#temporal", "uv": [ 0.0, 0.0, 1.0, 1.0 ], "autoUv": false }
							},
							"children": [
								{
									"name": "Cube1",
									"from": [ 0.36, 2.52, -0.072 ],
									"to": [ 0.504, 2.664, 1.368 ],
									"rotationOrigin": [ 0.432, 1.8, 0.0 ],
									"faces": {
										"north": { "texture": "#temporal", "uv": [ 0.0, 0.0, 0.0, 0.0 ], "autoUv": false },
										"east": { "texture": "#temporal", "uv": [ 0.0, 0.0, 2.0, 0.0 ], "autoUv": false },
										"south": { "texture": "#temporal", "uv": [ 0.0, 0.0, 0.0, 0.0 ], "autoUv": false },
										"west": { "texture": "#temporal", "uv": [ 0.0, 0.0, 2.0, 0.0 ], "autoUv": false },
										"up": { "texture": "#temporal", "uv": [ 0.0, 0.0, 0.0, 2.0 ], "autoUv": false },
										"down": { "texture": "#temporal", "uv": [ 0.0, 0.0, 0.0, 2.0 ], "autoUv": false }
									}
								},
								{
									"name": "Cube10",
									"from": [ -1.08, 1.728, -0.216 ],
									"to": [ -0.936, 1.872, 1.224 ],
									"rotationOrigin": [ 0.432, 1.8, 0.0 ],
									"faces": {
										"north": { "texture": "#temporal", "uv": [ 0.0, 0.0, 0.0, 0.0 ], "autoUv": false },
										"east": { "texture": "#temporal", "uv": [ 0.0, 0.0, 2.0, 0.0 ], "autoUv": false },
										"south": { "texture": "#temporal", "uv": [ 0.0, 0.0, 0.0, 0.0 ], "autoUv": false },
										"west": { "texture": "#temporal", "uv": [ 0.0, 0.0, 2.0, 0.0 ], "autoUv": false },
										"up": { "texture": "#temporal", "uv": [ 0.0, 0.0, 0.0, 2.0 ], "autoUv": false },
										"down": { "texture": "#temporal", "uv": [ 0.0, 0.0, 0.0, 2.0 ], "autoUv": false }
									}
								},
								{
									"name": "Cube11",
									"from": [ -0.72, 2.88, 0.288 ],
									"to": [ -0.576, 3.024, 1.728 ],
									"rotationOrigin": [ 0.432, 1.8, 0.0 ],
									"faces": {
										"north": { "texture": "#temporal", "uv": [ 0.0, 0.0, 0.0, 0.0 ], "autoUv": false },
										"east": { "texture": "#temporal", "uv": [ 0.0, 0.0, 2.0, 0.0 ], "autoUv": false },
										"south": { "texture": "#temporal", "uv": [ 0.0, 0.0, 0.0, 0.0 ], "autoUv": false },
										"west": { "texture": "#temporal", "uv": [ 0.0, 0.0, 2.0, 0.0 ], "autoUv": false },
										"up": { "texture": "#temporal", "uv": [ 0.0, 0.0, 0.0, 2.0 ], "autoUv": false },
										"down": { "texture": "#temporal", "uv": [ 0.0, 0.0, 0.0, 2.0 ], "autoUv": false }
									}
								},
								{
									"name": "Cube12",
									"from": [ -0.144, 1.44, -0.36 ],
									"to": [ 0.0, 1.584, 1.08 ],
									"rotationOrigin": [ 0.432, 1.8, 0.0 ],
									"faces": {
										"north": { "texture": "#temporal", "uv": [ 0.0, 0.0, 0.0, 0.0 ], "autoUv": false },
										"east": { "texture": "#temporal", "uv": [ 0.0, 0.0, 2.0, 0.0 ], "autoUv": false },
										"south": { "texture": "#temporal", "uv": [ 0.0, 0.0, 0.0, 0.0 ], "autoUv": false },
										"west": { "texture": "#temporal", "uv": [ 0.0, 0.0, 2.0, 0.0 ], "autoUv": false },
										"up": { "texture": "#temporal", "uv": [ 0.0, 0.0, 0.0, 2.0 ], "autoUv": false },
										"down": { "texture": "#temporal", "uv": [ 0.0, 0.0, 0.0, 2.0 ], "autoUv": false }
									}
								}
							]
						},
						{
							"name": "horizontal 1",
							"from": [ -1.08, 2.52, -0.072 ],
							"to": [ 3.24, 3.24, 0.936 ],
							"faces": {
								"north": { "texture": "#temporal", "uv": [ 0.0, 1.0, 6.0, 2.0 ], "autoUv": false },
								"east": { "texture": "#temporal", "uv": [ 4.0, 0.0, 5.0, 1.0 ], "autoUv": false },
								"south": { "texture": "#temporal", "uv": [ 3.0, 7.0, 9.0, 8.0 ], "autoUv": false },
								"west": { "texture": "#temporal", "uv": [ 6.0, 7.0, 7.0, 8.0 ], "autoUv": false },
								"up": { "texture": "#temporal", "uv": [ 0.0, 1.0, 6.0, 2.0 ], "autoUv": false },
								"down": { "texture": "#temporal", "uv": [ 0.0, 0.0, 6.0, 1.0 ], "autoUv": false }
							}
						},
						{
							"name": "horizontal 2",
							"from": [ -1.08, 1.08, -0.072 ],
							"to": [ 3.24, 1.8, 0.936 ],
							"faces": {
								"north": { "texture": "#temporal", "uv": [ 0.0, 0.0, 6.0, 1.0 ], "autoUv": false },
								"east": { "texture": "#temporal", "uv": [ 2.0, 11.0, 3.0, 12.0 ], "autoUv": false },
								"south": { "texture": "#temporal", "uv": [ 9.0, 6.0, 15.0, 7.0 ], "autoUv": false },
								"west": { "texture": "#temporal", "uv": [ 13.0, 12.0, 14.0, 13.0 ], "autoUv": false },
								"up": { "texture": "#temporal", "uv": [ 0.0, 0.0, 6.0, 1.0 ], "autoUv": false },
								"down": { "texture": "#temporal", "uv": [ 0.0, 0.0, 6.0, 1.0 ], "autoUv": false }
							}
						},
						{
							"name": "secondary vertical 1",
							"from": [ -0.72, 0.36, 0.072 ],
							"to": [ 0.0, 3.96, 0.792 ],
							"faces": {
								"north": { "texture": "#temporal", "uv": [ 0.0, 0.0, 1.0, 5.0 ], "autoUv": false },
								"east": { "texture": "#temporal", "uv": [ 0.0, 0.0, 1.0, 5.0 ], "autoUv": false },
								"south": { "texture": "#temporal", "uv": [ 3.0, 3.0, 4.0, 8.0 ], "autoUv": false },
								"west": { "texture": "#temporal", "uv": [ 0.0, 0.0, 1.0, 5.0 ], "autoUv": false },
								"up": { "texture": "#temporal", "uv": [ 11.0, 4.0, 12.0, 5.0 ], "autoUv": false },
								"down": { "texture": "#temporal", "uv": [ 3.0, 9.0, 4.0, 10.0 ], "autoUv": false }
							}
						},
						{
							"name": "secondary vertical 2",
							"from": [ 2.16, 0.36, 0.072 ],
							"to": [ 2.88, 3.96, 0.792 ],
							"faces": {
								"north": { "texture": "#temporal", "uv": [ 0.0, 0.0, 1.0, 5.0 ], "autoUv": false },
								"east": { "texture": "#temporal", "uv": [ 0.0, 0.0, 1.0, 5.0 ], "autoUv": false },
								"south": { "texture": "#temporal", "uv": [ 6.0, 1.0, 7.0, 6.0 ], "autoUv": false },
								"west": { "texture": "#temporal", "uv": [ 5.0, 6.0, 6.0, 11.0 ], "autoUv": false },
								"up": { "texture": "#temporal", "uv": [ 5.0, 3.0, 6.0, 4.0 ], "autoUv": false },
								"down": { "texture": "#temporal", "uv": [ 1.0, 10.0, 2.0, 11.0 ], "autoUv": false }
							}
						},
						{
							"name": "cube up",
							"from": [ 0.72, 3.24, 0.072 ],
							"to": [ 1.44, 3.96, 0.792 ],
							"faces": {
								"north": { "texture": "#temporal", "uv": [ 5.0, 13.0, 6.0, 14.0 ], "autoUv": false },
								"east": { "texture": "#temporal", "uv": [ 4.0, 6.0, 5.0, 7.0 ], "autoUv": false },
								"south": { "texture": "#temporal", "uv": [ 8.0, 6.0, 9.0, 7.0 ], "autoUv": false },
								"west": { "texture": "#temporal", "uv": [ 4.0, 11.0, 5.0, 12.0 ], "autoUv": false },
								"up": { "texture": "#temporal", "uv": [ 3.0, 4.0, 4.0, 5.0 ], "autoUv": false },
								"down": { "texture": "#temporal", "uv": [ 0.0, 0.0, 1.0, 1.0 ], "autoUv": false }
							}
						},
						{
							"name": "Cube16",
							"from": [ 0.72, 0.36, 0.072 ],
							"to": [ 1.44, 1.08, 0.792 ],
							"faces": {
								"north": { "texture": "#temporal", "uv": [ 0.0, 0.0, 1.0, 1.0 ], "autoUv": false },
								"east": { "texture": "#temporal", "uv": [ 0.0, 0.0, 1.0, 1.0 ], "autoUv": false },
								"south": { "texture": "#temporal", "uv": [ 13.0, 15.0, 14.0, 16.0 ], "autoUv": false },
								"west": { "texture": "#temporal", "uv": [ 0.0, 0.0, 1.0, 1.0 ], "autoUv": false },
								"up": { "texture": "#temporal", "uv": [ 2.0, 3.0, 3.0, 4.0 ], "autoUv": false },
								"down": { "texture": "#temporal", "uv": [ 2.0, 1.0, 3.0, 2.0 ], "autoUv": false }
							}
						}
					]
				},
				{
					"name": "Gear1",
					"from": [ 3.02, 4.16, 3.53 ],
					"to": [ 3.74, 8.48, 4.394 ],
					"rotationOrigin": [ 4.1, 6.32, 3.89 ],
					"rotationX": -67.5,
					"rotationY": -22.5,
					"rotationZ": 22.5,
					"faces": {
						"north": { "texture": "#temporal", "uv": [ 0.0, 0.0, 1.0, 6.0 ], "autoUv": false },
						"east": { "texture": "#temporal", "uv": [ 0.0, 0.0, 1.0, 6.0 ], "autoUv": false },
						"south": { "texture": "#temporal", "uv": [ 9.0, 9.0, 10.0, 15.0 ], "autoUv": false },
						"west": { "texture": "#temporal", "uv": [ 0.0, 0.0, 1.0, 6.0 ], "autoUv": false },
						"up": { "texture": "#temporal", "uv": [ 7.0, 6.0, 8.0, 7.0 ], "autoUv": false },
						"down": { "texture": "#temporal", "uv": [ 5.0, 5.0, 6.0, 6.0 ], "autoUv": false }
					},
					"children": [
						{
							"name": "vertical2",
							"from": [ 1.44, 0.0, 0.0 ],
							"to": [ 2.16, 4.32, 0.864 ],
							"faces": {
								"north": { "texture": "#temporal", "uv": [ 6.0, 5.0, 7.0, 11.0 ], "autoUv": false },
								"east": { "texture": "#temporal", "uv": [ 5.0, 6.0, 6.0, 12.0 ], "autoUv": false },
								"south": { "texture": "#temporal", "uv": [ 13.0, 10.0, 14.0, 16.0 ], "autoUv": false },
								"west": { "texture": "#temporal", "uv": [ 0.0, 0.0, 1.0, 6.0 ], "autoUv": false },
								"up": { "texture": "#temporal", "uv": [ 3.0, 4.0, 4.0, 5.0 ], "autoUv": false },
								"down": { "texture": "#temporal", "uv": [ 0.0, 0.0, 1.0, 1.0 ], "autoUv": false }
							},
							"children": [
								{
									"name": "Cube2",
									"from": [ 0.36, 2.52, -0.072 ],
									"to": [ 0.504, 2.664, 1.368 ],
									"rotationOrigin": [ 0.432, 1.8, 0.0 ],
									"faces": {
										"north": { "texture": "#temporal", "uv": [ 0.0, 0.0, 0.0, 0.0 ], "autoUv": false },
										"east": { "texture": "#temporal", "uv": [ 0.0, 0.0, 2.0, 0.0 ], "autoUv": false },
										"south": { "texture": "#temporal", "uv": [ 0.0, 0.0, 0.0, 0.0 ], "autoUv": false },
										"west": { "texture": "#temporal", "uv": [ 0.0, 0.0, 2.0, 0.0 ], "autoUv": false },
										"up": { "texture": "#temporal", "uv": [ 0.0, 0.0, 0.0, 2.0 ], "autoUv": false },
										"down": { "texture": "#temporal", "uv": [ 0.0, 0.0, 0.0, 2.0 ], "autoUv": false }
									}
								},
								{
									"name": "Cube13",
									"from": [ -1.08, 1.728, -0.216 ],
									"to": [ -0.936, 1.872, 1.224 ],
									"rotationOrigin": [ 0.432, 1.8, 0.0 ],
									"faces": {
										"north": { "texture": "#temporal", "uv": [ 0.0, 0.0, 0.0, 0.0 ], "autoUv": false },
										"east": { "texture": "#temporal", "uv": [ 0.0, 0.0, 2.0, 0.0 ], "autoUv": false },
										"south": { "texture": "#temporal", "uv": [ 0.0, 0.0, 0.0, 0.0 ], "autoUv": false },
										"west": { "texture": "#temporal", "uv": [ 0.0, 0.0, 2.0, 0.0 ], "autoUv": false },
										"up": { "texture": "#temporal", "uv": [ 0.0, 0.0, 0.0, 2.0 ], "autoUv": false },
										"down": { "texture": "#temporal", "uv": [ 0.0, 0.0, 0.0, 2.0 ], "autoUv": false }
									}
								},
								{
									"name": "Cube14",
									"from": [ -0.72, 2.88, 0.288 ],
									"to": [ -0.576, 3.024, 1.728 ],
									"rotationOrigin": [ 0.432, 1.8, 0.0 ],
									"faces": {
										"north": { "texture": "#temporal", "uv": [ 0.0, 0.0, 0.0, 0.0 ], "autoUv": false },
										"east": { "texture": "#temporal", "uv": [ 0.0, 0.0, 2.0, 0.0 ], "autoUv": false },
										"south": { "texture": "#temporal", "uv": [ 0.0, 0.0, 0.0, 0.0 ], "autoUv": false },
										"west": { "texture": "#temporal", "uv": [ 0.0, 0.0, 2.0, 0.0 ], "autoUv": false },
										"up": { "texture": "#temporal", "uv": [ 0.0, 0.0, 0.0, 2.0 ], "autoUv": false },
										"down": { "texture": "#temporal", "uv": [ 0.0, 0.0, 0.0, 2.0 ], "autoUv": false }
									}
								},
								{
									"name": "Cube15",
									"from": [ -0.144, 1.44, -0.36 ],
									"to": [ 0.0, 1.584, 1.08 ],
									"rotationOrigin": [ 0.432, 1.8, 0.0 ],
									"faces": {
										"north": { "texture": "#temporal", "uv": [ 0.0, 0.0, 0.0, 0.0 ], "autoUv": false },
										"east": { "texture": "#temporal", "uv": [ 0.0, 0.0, 2.0, 0.0 ], "autoUv": false },
										"south": { "texture": "#temporal", "uv": [ 0.0, 0.0, 0.0, 0.0 ], "autoUv": false },
										"west": { "texture": "#temporal", "uv": [ 0.0, 0.0, 2.0, 0.0 ], "autoUv": false },
										"up": { "texture": "#temporal", "uv": [ 0.0, 0.0, 0.0, 2.0 ], "autoUv": false },
										"down": { "texture": "#temporal", "uv": [ 0.0, 0.0, 0.0, 2.0 ], "autoUv": false }
									}
								}
							]
						},
						{
							"name": "horizontal 3",
							"from": [ -1.08, 2.52, -0.072 ],
							"to": [ 3.24, 3.24, 0.936 ],
							"faces": {
								"north": { "texture": "#temporal", "uv": [ 0.0, 1.0, 6.0, 2.0 ], "autoUv": false },
								"east": { "texture": "#temporal", "uv": [ 4.0, 0.0, 5.0, 1.0 ], "autoUv": false },
								"south": { "texture": "#temporal", "uv": [ 3.0, 7.0, 9.0, 8.0 ], "autoUv": false },
								"west": { "texture": "#temporal", "uv": [ 6.0, 7.0, 7.0, 8.0 ], "autoUv": false },
								"up": { "texture": "#temporal", "uv": [ 0.0, 1.0, 6.0, 2.0 ], "autoUv": false },
								"down": { "texture": "#temporal", "uv": [ 0.0, 0.0, 6.0, 1.0 ], "autoUv": false }
							}
						},
						{
							"name": "horizontal 4",
							"from": [ -1.08, 1.08, -0.072 ],
							"to": [ 3.24, 1.8, 0.936 ],
							"faces": {
								"north": { "texture": "#temporal", "uv": [ 0.0, 0.0, 6.0, 1.0 ], "autoUv": false },
								"east": { "texture": "#temporal", "uv": [ 2.0, 11.0, 3.0, 12.0 ], "autoUv": false },
								"south": { "texture": "#temporal", "uv": [ 9.0, 6.0, 15.0, 7.0 ], "autoUv": false },
								"west": { "texture": "#temporal", "uv": [ 13.0, 12.0, 14.0, 13.0 ], "autoUv": false },
								"up": { "texture": "#temporal", "uv": [ 0.0, 0.0, 6.0, 1.0 ], "autoUv": false },
								"down": { "texture": "#temporal", "uv": [ 0.0, 0.0, 6.0, 1.0 ], "autoUv": false }
							}
						},
						{
							"name": "secondary vertical 3",
							"from": [ -0.72, 0.36, 0.072 ],
							"to": [ 0.0, 3.96, 0.792 ],
							"faces": {
								"north": { "texture": "#temporal", "uv": [ 0.0, 0.0, 1.0, 5.0 ], "autoUv": false },
								"east": { "texture": "#temporal", "uv": [ 0.0, 0.0, 1.0, 5.0 ], "autoUv": false },
								"south": { "texture": "#temporal", "uv": [ 3.0, 3.0, 4.0, 8.0 ], "autoUv": false },
								"west": { "texture": "#temporal", "uv": [ 0.0, 0.0, 1.0, 5.0 ], "autoUv": false },
								"up": { "texture": "#temporal", "uv": [ 11.0, 4.0, 12.0, 5.0 ], "autoUv": false },
								"down": { "texture": "#temporal", "uv": [ 3.0, 9.0, 4.0, 10.0 ], "autoUv": false }
							}
						},
						{
							"name": "secondary vertical 4",
							"from": [ 2.16, 0.36, 0.072 ],
							"to": [ 2.88, 3.96, 0.792 ],
							"faces": {
								"north": { "texture": "#temporal", "uv": [ 0.0, 0.0, 1.0, 5.0 ], "autoUv": false },
								"east": { "texture": "#temporal", "uv": [ 0.0, 0.0, 1.0, 5.0 ], "autoUv": false },
								"south": { "texture": "#temporal", "uv": [ 6.0, 1.0, 7.0, 6.0 ], "autoUv": false },
								"west": { "texture": "#temporal", "uv": [ 5.0, 6.0, 6.0, 11.0 ], "autoUv": false },
								"up": { "texture": "#temporal", "uv": [ 5.0, 3.0, 6.0, 4.0 ], "autoUv": false },
								"down": { "texture": "#temporal", "uv": [ 1.0, 10.0, 2.0, 11.0 ], "autoUv": false }
							}
						},
						{
							"name": "cube up2",
							"from": [ 0.72, 3.24, 0.072 ],
							"to": [ 1.44, 3.96, 0.792 ],
							"faces": {
								"north": { "texture": "#temporal", "uv": [ 5.0, 13.0, 6.0, 14.0 ], "autoUv": false },
								"east": { "texture": "#temporal", "uv": [ 4.0, 6.0, 5.0, 7.0 ], "autoUv": false },
								"south": { "texture": "#temporal", "uv": [ 8.0, 6.0, 9.0, 7.0 ], "autoUv": false },
								"west": { "texture": "#temporal", "uv": [ 4.0, 11.0, 5.0, 12.0 ], "autoUv": false },
								"up": { "texture": "#temporal", "uv": [ 3.0, 4.0, 4.0, 5.0 ], "autoUv": false },
								"down": { "texture": "#temporal", "uv": [ 0.0, 0.0, 1.0, 1.0 ], "autoUv": false }
							}
						},
						{
							"name": "Cube17",
							"from": [ 0.72, 0.36, 0.072 ],
							"to": [ 1.44, 1.08, 0.792 ],
							"faces": {
								"north": { "texture": "#temporal", "uv": [ 0.0, 0.0, 1.0, 1.0 ], "autoUv": false },
								"east": { "texture": "#temporal", "uv": [ 0.0, 0.0, 1.0, 1.0 ], "autoUv": false },
								"south": { "texture": "#temporal", "uv": [ 13.0, 15.0, 14.0, 16.0 ], "autoUv": false },
								"west": { "texture": "#temporal", "uv": [ 0.0, 0.0, 1.0, 1.0 ], "autoUv": false },
								"up": { "texture": "#temporal", "uv": [ 2.0, 3.0, 3.0, 4.0 ], "autoUv": false },
								"down": { "texture": "#temporal", "uv": [ 2.0, 1.0, 3.0, 2.0 ], "autoUv": false }
							}
						}
					]
				}
			]
		},
		{
			"name": "holder 1",
			"from": [ 7.0, 11.0, 7.0 ],
			"to": [ 9.0, 16.0, 9.0 ],
			"rotationOrigin": [ 4.0, 0.0, 4.0 ],
			"faces": {
				"north": { "texture": "#material", "uv": [ 0.0, 2.0, 2.0, 7.0 ] },
				"east": { "texture": "#material", "uv": [ 14.0, 5.0, 16.0, 10.0 ] },
				"south": { "texture": "#material", "uv": [ 14.0, 8.0, 16.0, 13.0 ] },
				"west": { "texture": "#material", "uv": [ 0.0, 4.0, 2.0, 9.0 ] },
				"up": { "texture": "#material", "uv": [ 6.0, 11.0, 8.0, 13.0 ] }
			}
		}
	]}