[
  {
    "op": "addmerge",
    "path": "/tpHandTransformByType/antler-elephasmaximus-*",
    "value": {
      "translation": {"x": -0.1,"y": -0.4,"z": -0.5},
      "rotation": {"x": -74,"y": -36,"z": -48},
      "origin": {"x": 0.12,"y": 0.33,"z": 0.28},
      "scale": 0.71
    },
    "file": "game:itemtypes/resource/antler.json",
    "side": "Server"
  },{
    "op": "addmerge",
    "path": "/attributes/onAntlerMountTransformByType/antler-elephasmaximus-*",
    "value": {
      "translation": {"x": 0,"y": 0.3,"z": 0.25},
      "rotation": {"x": 0,"y": 0,"z": -14},
      "origin": {"x": 0,"y": 0,"z": 0.25},
      "scaleXyz": {"x": -1,"y": 1,"z": 1}
    },
    "file": "game:itemtypes/resource/antler.json",
    "side": "Server"
  },
  {
    "op": "addmerge",
    "path": "/groundTransformByType/antler-elephasmaximus-*",
    "value": {
      "translation": {"x": 0,"y": -0.06,"z": 0},
      "rotation": {"x": 0,"y": 0,"z": -51},
      "origin": {"x": 0.5,"y": 0.6,"z": 0.5},
      "scale": 1
    },
    "file": "game:itemtypes/resource/antler.json",
    "side": "Server"
  },
  {
    "op": "addmerge",
    "path": "/guiTransformByType/antler-elephasmaximus-*",
    "value": {
      "translation": {"x": 0,"y": 0,"z": 0},
      "rotation": {"x": 6,"y": 118,"z": 12},
      "origin": {"x": 0.0,"y": 0.0,"z": 0.25},
      "scaleXyz": {"x": 0.66,"y": -0.66,"z": 0.66}
    },
    "file": "game:itemtypes/resource/antler.json",
    "side": "Server"
  },
  {
    "op": "addmerge",
    "path": "/shapeByType/antler-elephasmaximus-*",
    "value": {
      "base": "elephantidae:entity/land/elephantidae/elephasmaximus/antlers{size}"
    },
    "file": "game:itemtypes/resource/antler.json",
    "side": "Server"
  },
  {
    "op": "addmerge",
    "path": "/tpHandTransformByType/antler-elephasmaximus-*",
    "value": {
      "translation": {"x": -0.1,"y": -0.4,"z": -0.5},
      "rotation": {"x": -74,"y": -36,"z": -48},
      "origin": {"x": 0.12,"y": 0.33,"z": 0.28},
      "scale": 0.71
    },
    "file": "game:itemtypes/resource/antler.json",
    "side": "Server"
  },
  {
    "op": "addmerge",
    "path": "/variantgroups/0/states/-",
    "value": "elephasmaximus",
    "file": "game:itemtypes/resource/antler.json",
    "side": "Server"
  },
  {
    "op": "addmerge",
    "path": "/tpHandTransformByType/antler-elephasmaximusborneensis-*",
    "value": {
      "translation": {"x": -0.1,"y": -0.4,"z": -0.5},
      "rotation": {"x": -74,"y": -36,"z": -48},
      "origin": {"x": 0.12,"y": 0.33,"z": 0.28},
      "scale": 0.71
    },
    "file": "game:itemtypes/resource/antler.json",
    "side": "Server"
  },{
    "op": "addmerge",
    "path": "/attributes/onAntlerMountTransformByType/antler-elephasmaximusborneensis-*",
    "value": {
      "translation": {"x": 0,"y": 0.3,"z": 0.25},
      "rotation": {"x": 0,"y": 0,"z": -14},
      "origin": {"x": 0,"y": 0,"z": 0.25},
      "scaleXyz": {"x": -1,"y": 1,"z": 1}
    },
    "file": "game:itemtypes/resource/antler.json",
    "side": "Server"
  },
  {
    "op": "addmerge",
    "path": "/groundTransformByType/antler-elephasmaximusborneensis-*",
    "value": {
      "translation": {"x": 0,"y": -0.06,"z": 0},
      "rotation": {"x": 0,"y": 0,"z": -51},
      "origin": {"x": 0.5,"y": 0.6,"z": 0.5},
      "scale": 1
    },
    "file": "game:itemtypes/resource/antler.json",
    "side": "Server"
  },
  {
    "op": "addmerge",
    "path": "/guiTransformByType/antler-elephasmaximusborneensis-*",
    "value": {
      "translation": {"x": 0,"y": 0,"z": 0},
      "rotation": {"x": 6,"y": 118,"z": 12},
      "origin": {"x": 0.0,"y": 0.0,"z": 0.25},
      "scaleXyz": {"x": 0.66,"y": -0.66,"z": 0.66}
    },
    "file": "game:itemtypes/resource/antler.json",
    "side": "Server"
  },
  {
    "op": "addmerge",
    "path": "/shapeByType/antler-elephasmaximusborneensis-*",
    "value": {
      "base": "elephantidae:entity/land/elephantidae/elephasmaximusborneensis/antlers{size}"
    },
    "file": "game:itemtypes/resource/antler.json",
    "side": "Server"
  },
  {
    "op": "addmerge",
    "path": "/tpHandTransformByType/antler-elephasmaximusborneensis-*",
    "value": {
      "translation": {"x": -0.1,"y": -0.4,"z": -0.5},
      "rotation": {"x": -74,"y": -36,"z": -48},
      "origin": {"x": 0.12,"y": 0.33,"z": 0.28},
      "scale": 0.71
    },
    "file": "game:itemtypes/resource/antler.json",
    "side": "Server"
  },
  {
    "op": "addmerge",
    "path": "/variantgroups/0/states/-",
    "value": "elephasmaximusborneensis",
    "file": "game:itemtypes/resource/antler.json",
    "side": "Server"
  },
  {
    "op": "addmerge",
    "path": "/tpHandTransformByType/antler-loxodontaafricana-*",
    "value": {
      "translation": {"x": -0.1,"y": -0.4,"z": -0.5},
      "rotation": {"x": -74,"y": -36,"z": -48},
      "origin": {"x": 0.12,"y": 0.33,"z": 0.28},
      "scale": 0.71
    },
    "file": "game:itemtypes/resource/antler.json",
    "side": "Server"
  },{
    "op": "addmerge",
    "path": "/attributes/onAntlerMountTransformByType/antler-loxodontaafricana-*",
    "value": {
      "translation": {"x": 0,"y": 0.4,"z": 0.26},
      "rotation": {"x": 0,"y": 0,"z": -45},
      "origin": {"x": 0,"y": 0,"z": 0.25},
      "scaleXyz": {"x": -1,"y": 1,"z": 1}
    },
    "file": "game:itemtypes/resource/antler.json",
    "side": "Server"
  },
  {
    "op": "addmerge",
    "path": "/groundTransformByType/antler-loxodontaafricana-*",
    "value": {
      "translation": {"x": 0,"y": -0.06,"z": 0},
      "rotation": {"x": 0,"y": 0,"z": -51},
      "origin": {"x": 0.5,"y": 0.6,"z": 0.5},
      "scale": 1
    },
    "file": "game:itemtypes/resource/antler.json",
    "side": "Server"
  },
  {
    "op": "addmerge",
    "path": "/guiTransformByType/antler-loxodontaafricana-*",
    "value": {
      "translation": {"x": 0,"y": 0,"z": 0},
      "rotation": {"x": 6,"y": 118,"z": 12},
      "origin": {"x": 0.0,"y": 0.0,"z": 0.25},
      "scaleXyz": {"x": 0.66,"y": -0.66,"z": 0.66}
    },
    "file": "game:itemtypes/resource/antler.json",
    "side": "Server"
  },
  {
    "op": "addmerge",
    "path": "/shapeByType/antler-loxodontaafricana-*",
    "value": {
      "base": "elephantidae:entity/land/elephantidae/loxodontaafricana/antlers{size}"
    },
    "file": "game:itemtypes/resource/antler.json",
    "side": "Server"
  },
  {
    "op": "addmerge",
    "path": "/tpHandTransformByType/antler-loxodontaafricana-*",
    "value": {
      "translation": {"x": -0.1,"y": -0.4,"z": -0.5},
      "rotation": {"x": -74,"y": -36,"z": -48},
      "origin": {"x": 0.12,"y": 0.33,"z": 0.28},
      "scale": 0.71
    },
    "file": "game:itemtypes/resource/antler.json",
    "side": "Server"
  },
  {
    "op": "addmerge",
    "path": "/variantgroups/0/states/-",
    "value": "loxodontaafricana",
    "file": "game:itemtypes/resource/antler.json",
    "side": "Server"
  },{
    "op": "addmerge",
    "path": "/tpHandTransformByType/antler-loxodontacyclotis-*",
    "value": {
      "translation": {"x": -0.1,"y": -0.4,"z": -0.5},
      "rotation": {"x": -74,"y": -36,"z": -48},
      "origin": {"x": 0.12,"y": 0.33,"z": 0.28},
      "scale": 0.71
    },
    "file": "game:itemtypes/resource/antler.json",
    "side": "Server"
  },{
    "op": "addmerge",
    "path": "/attributes/onAntlerMountTransformByType/antler-loxodontacyclotis-*",
    "value": {
      "translation": {"x": 0.2,"y": 0.5,"z": 0.34},
      "rotation": {"x": 0,"y": 0,"z": -14},
      "origin": {"x": 0,"y": 0,"z": 0.25},
      "scaleXyz": {"x": -1,"y": 1,"z": 1}
    },
    "file": "game:itemtypes/resource/antler.json",
    "side": "Server"
  },
  {
    "op": "addmerge",
    "path": "/groundTransformByType/antler-loxodontacyclotis-*",
    "value": {
      "translation": {"x": 0,"y": -0.06,"z": 0},
      "rotation": {"x": 0,"y": 0,"z": -51},
      "origin": {"x": 0.5,"y": 0.6,"z": 0.5},
      "scale": 1
    },
    "file": "game:itemtypes/resource/antler.json",
    "side": "Server"
  },
  {
    "op": "addmerge",
    "path": "/guiTransformByType/antler-loxodontacyclotis-*",
    "value": {
      "translation": {"x": 0,"y": 0,"z": 0},
      "rotation": {"x": 6,"y": 118,"z": 12},
      "origin": {"x": 0.0,"y": 0.0,"z": 0.25},
      "scaleXyz": {"x": 1,"y": -1,"z": 1}
    },
    "file": "game:itemtypes/resource/antler.json",
    "side": "Server"
  },
  {
    "op": "addmerge",
    "path": "/shapeByType/antler-loxodontacyclotis-*",
    "value": {
      "base": "elephantidae:entity/land/elephantidae/loxodontacyclotis/antlers{size}"
    },
    "file": "game:itemtypes/resource/antler.json",
    "side": "Server"
  },
  {
    "op": "addmerge",
    "path": "/tpHandTransformByType/antler-loxodontacyclotis-*",
    "value": {
      "translation": {"x": -0.1,"y": -0.4,"z": -0.5},
      "rotation": {"x": -74,"y": -36,"z": -48},
      "origin": {"x": 0.12,"y": 0.33,"z": 0.28},
      "scale": 0.71
    },
    "file": "game:itemtypes/resource/antler.json",
    "side": "Server"
  },
  {
    "op": "addmerge",
    "path": "/variantgroups/0/states/-",
    "value": "loxodontacyclotis",
    "file": "game:itemtypes/resource/antler.json",
    "side": "Server"
  },
  {
    "op": "addmerge",
    "path": "/tpHandTransformByType/antler-mammuthuscolumbi-*",
    "value": {
      "translation": {"x": -0.1,"y": -0.4,"z": -0.5},
      "rotation": {"x": -74,"y": -36,"z": -48},
      "origin": {"x": 0.12,"y": 0.33,"z": 0.28},
      "scale": 0.71
    },
    "file": "game:itemtypes/resource/antler.json",
    "side": "Server"
  },{
    "op": "addmerge",
    "path": "/attributes/onAntlerMountTransformByType/antler-mammuthuscolumbi-*",
    "value": {
      "translation": {"x": -0.1,"y": 0.44,"z": 0.25},
      "rotation": {"x": 0,"y": 0,"z": -25},
      "origin": {"x": 0,"y": 0,"z": 0.25},
      "scaleXyz": {"x": -1,"y": 1,"z": 1}
    },
    "file": "game:itemtypes/resource/antler.json",
    "side": "Server"
  },
  {
    "op": "addmerge",
    "path": "/groundTransformByType/antler-mammuthuscolumbi-*",
    "value": {
      "translation": {"x": 0,"y": -0.06,"z": 0},
      "rotation": {"x": 0,"y": 0,"z": -51},
      "origin": {"x": 0.5,"y": 0.6,"z": 0.5},
      "scale": 1
    },
    "file": "game:itemtypes/resource/antler.json",
    "side": "Server"
  },
  {
    "op": "addmerge",
    "path": "/guiTransformByType/antler-mammuthuscolumbi-*",
    "value": {
      "translation": {"x": 0,"y": 0,"z": 0},
      "rotation": {"x": 6,"y": 118,"z": 12},
      "origin": {"x": 0.0,"y": 0.0,"z": 0.25},
      "scaleXyz": {"x": 0.66,"y": -0.66,"z": 0.66}
    },
    "file": "game:itemtypes/resource/antler.json",
    "side": "Server"
  },
  {
    "op": "addmerge",
    "path": "/shapeByType/antler-mammuthuscolumbi-*",
    "value": {
      "base": "elephantidae:entity/land/elephantidae/mammuthuscolumbi/antlers{size}"
    },
    "file": "game:itemtypes/resource/antler.json",
    "side": "Server"
  },
  {
    "op": "addmerge",
    "path": "/tpHandTransformByType/antler-mammuthuscolumbi-*",
    "value": {
      "translation": {"x": -0.1,"y": -0.4,"z": -0.5},
      "rotation": {"x": -74,"y": -36,"z": -48},
      "origin": {"x": 0.12,"y": 0.33,"z": 0.28},
      "scale": 0.71
    },
    "file": "game:itemtypes/resource/antler.json",
    "side": "Server"
  },
  {
    "op": "addmerge",
    "path": "/variantgroups/0/states/-",
    "value": "mammuthuscolumbi",
    "file": "game:itemtypes/resource/antler.json",
    "side": "Server"
  },
  {
    "op": "addmerge",
    "path": "/tpHandTransformByType/antler-mammuthusexilis-*",
    "value": {
      "translation": {"x": -0.1,"y": -0.4,"z": -0.5},
      "rotation": {"x": -74,"y": -36,"z": -48},
      "origin": {"x": 0.12,"y": 0.33,"z": 0.28},
      "scale": 0.71
    },
    "file": "game:itemtypes/resource/antler.json",
    "side": "Server"
  },{
    "op": "addmerge",
    "path": "/attributes/onAntlerMountTransformByType/antler-mammuthusexilis-*",
    "value": {
      "translation": {"x": 0,"y": 0.51,"z": 0.34},
      "rotation": {"x": 0,"y": 0,"z": -14},
      "origin": {"x": 0,"y": 0,"z": 0.25},
      "scaleXyz": {"x": -1,"y": 1,"z": 1}
    },
    "file": "game:itemtypes/resource/antler.json",
    "side": "Server"
  },
  {
    "op": "addmerge",
    "path": "/groundTransformByType/antler-mammuthusexilis-*",
    "value": {
      "translation": {"x": 0,"y": -0.06,"z": 0},
      "rotation": {"x": 0,"y": 0,"z": -51},
      "origin": {"x": 0.5,"y": 0.6,"z": 0.5},
      "scale": 1
    },
    "file": "game:itemtypes/resource/antler.json",
    "side": "Server"
  },
  {
    "op": "addmerge",
    "path": "/guiTransformByType/antler-mammuthusexilis-*",
    "value": {
      "translation": {"x": 0,"y": 0,"z": 0},
      "rotation": {"x": 6,"y": 118,"z": 12},
      "origin": {"x": 0.0,"y": 0.0,"z": 0.25},
      "scaleXyz": {"x": 1,"y": -1,"z": 1}
    },
    "file": "game:itemtypes/resource/antler.json",
    "side": "Server"
  },
  {
    "op": "addmerge",
    "path": "/shapeByType/antler-mammuthusexilis-*",
    "value": {
      "base": "elephantidae:entity/land/elephantidae/mammuthusexilis/antlers{size}"
    },
    "file": "game:itemtypes/resource/antler.json",
    "side": "Server"
  },
  {
    "op": "addmerge",
    "path": "/tpHandTransformByType/antler-mammuthusexilis-*",
    "value": {
      "translation": {"x": -0.1,"y": -0.4,"z": -0.5},
      "rotation": {"x": -74,"y": -36,"z": -48},
      "origin": {"x": 0.12,"y": 0.33,"z": 0.28},
      "scale": 0.71
    },
    "file": "game:itemtypes/resource/antler.json",
    "side": "Server"
  },
  {
    "op": "addmerge",
    "path": "/variantgroups/0/states/-",
    "value": "mammuthusexilis",
    "file": "game:itemtypes/resource/antler.json",
    "side": "Server"
  },
  {
    "op": "addmerge",
    "path": "/tpHandTransformByType/antler-mammuthusprimigenius-*",
    "value": {
      "translation": {"x": -0.1,"y": -0.4,"z": -0.5},
      "rotation": {"x": -74,"y": -36,"z": -48},
      "origin": {"x": 0.12,"y": 0.33,"z": 0.28},
      "scale": 0.71
    },
    "file": "game:itemtypes/resource/antler.json",
    "side": "Server"
  },{
    "op": "addmerge",
    "path": "/attributes/onAntlerMountTransformByType/antler-mammuthusprimigenius-*",
    "value": {
      "translation": {"x": 0,"y": 0.45,"z": 0.26},
      "rotation": {"x": 0,"y": 0,"z": -14},
      "origin": {"x": 0,"y": 0,"z": 0.25},
      "scaleXyz": {"x": -1,"y": 1,"z": 1}
    },
    "file": "game:itemtypes/resource/antler.json",
    "side": "Server"
  },
  {
    "op": "addmerge",
    "path": "/groundTransformByType/antler-mammuthusprimigenius-*",
    "value": {
      "translation": {"x": 0,"y": -0.06,"z": 0},
      "rotation": {"x": 0,"y": 0,"z": -51},
      "origin": {"x": 0.5,"y": 0.6,"z": 0.5},
      "scale": 1
    },
    "file": "game:itemtypes/resource/antler.json",
    "side": "Server"
  },
  {
    "op": "addmerge",
    "path": "/guiTransformByType/antler-mammuthusprimigenius-*",
    "value": {
      "translation": {"x": 0,"y": 0,"z": 0},
      "rotation": {"x": 6,"y": 118,"z": 12},
      "origin": {"x": 0.0,"y": 0.0,"z": 0.25},
      "scaleXyz": {"x": 0.66,"y": -0.66,"z": 0.66}
    },
    "file": "game:itemtypes/resource/antler.json",
    "side": "Server"
  },
  {
    "op": "addmerge",
    "path": "/shapeByType/antler-mammuthusprimigenius-*",
    "value": {
      "base": "elephantidae:entity/land/elephantidae/mammuthusprimigenius/antlers{size}"
    },
    "file": "game:itemtypes/resource/antler.json",
    "side": "Server"
  },
  {
    "op": "addmerge",
    "path": "/tpHandTransformByType/antler-mammuthusprimigenius-*",
    "value": {
      "translation": {"x": -0.1,"y": -0.4,"z": -0.5},
      "rotation": {"x": -74,"y": -36,"z": -48},
      "origin": {"x": 0.12,"y": 0.33,"z": 0.28},
      "scale": 0.71
    },
    "file": "game:itemtypes/resource/antler.json",
    "side": "Server"
  },
  {
    "op": "addmerge",
    "path": "/variantgroups/0/states/-",
    "value": "mammuthusprimigenius",
    "file": "game:itemtypes/resource/antler.json",
    "side": "Server"
  },
  {
    "op": "addmerge",
    "path": "/tpHandTransformByType/antler-palaeoloxodoncypriotes-*",
    "value": {
      "translation": {"x": -0.1,"y": -0.4,"z": -0.5},
      "rotation": {"x": -74,"y": -36,"z": -48},
      "origin": {"x": 0.12,"y": 0.33,"z": 0.28},
      "scale": 0.71
    },
    "file": "game:itemtypes/resource/antler.json",
    "side": "Server"
  },{
    "op": "addmerge",
    "path": "/attributes/onAntlerMountTransformByType/antler-palaeoloxodoncypriotes-*",
    "value": {
      "translation": {"x": 0.1,"y": 0.6,"z": 0.42},
      "rotation": {"x": 0,"y": 0,"z": -14},
      "origin": {"x": 0,"y": 0,"z": 0.25},
      "scaleXyz": {"x": -1,"y": 1,"z": 1}
    },
    "file": "game:itemtypes/resource/antler.json",
    "side": "Server"
  },
  {
    "op": "addmerge",
    "path": "/groundTransformByType/antler-palaeoloxodoncypriotes-*",
    "value": {
      "translation": {"x": 0,"y": -0.06,"z": 0},
      "rotation": {"x": 0,"y": 0,"z": -51},
      "origin": {"x": 0.5,"y": 0.6,"z": 0.5},
      "scale": 1
    },
    "file": "game:itemtypes/resource/antler.json",
    "side": "Server"
  },
  {
    "op": "addmerge",
    "path": "/guiTransformByType/antler-palaeoloxodoncypriotes-*",
    "value": {
      "translation": {"x": 0,"y": 0,"z": 0},
      "rotation": {"x": 6,"y": 118,"z": 12},
      "origin": {"x": 0.0,"y": 0.0,"z": 0.25},
      "scaleXyz": {"x": 2,"y": -2,"z": 2}
    },
    "file": "game:itemtypes/resource/antler.json",
    "side": "Server"
  },
  {
    "op": "addmerge",
    "path": "/shapeByType/antler-palaeoloxodoncypriotes-*",
    "value": {
      "base": "elephantidae:entity/land/elephantidae/palaeoloxodoncypriotes/antlers{size}"
    },
    "file": "game:itemtypes/resource/antler.json",
    "side": "Server"
  },
  {
    "op": "addmerge",
    "path": "/tpHandTransformByType/antler-palaeoloxodoncypriotes-*",
    "value": {
      "translation": {"x": -0.1,"y": -0.4,"z": -0.5},
      "rotation": {"x": -74,"y": -36,"z": -48},
      "origin": {"x": 0.12,"y": 0.33,"z": 0.28},
      "scale": 0.71
    },
    "file": "game:itemtypes/resource/antler.json",
    "side": "Server"
  },
  {
    "op": "addmerge",
    "path": "/variantgroups/0/states/-",
    "value": "palaeoloxodoncypriotes",
    "file": "game:itemtypes/resource/antler.json",
    "side": "Server"
  },
  {
    "op": "addmerge","path": "/skipVariants/-","value": "antler-palaeoloxodoncypriotes-06","file": "game:itemtypes/resource/antler.json","side": "Server"
  },
  {
    "op": "addmerge","path": "/skipVariants/-","value": "antler-palaeoloxodoncypriotes-07","file": "game:itemtypes/resource/antler.json","side": "Server"
  },
  {
    "op": "addmerge","path": "/skipVariants/-","value": "antler-palaeoloxodoncypriotes-08","file": "game:itemtypes/resource/antler.json","side": "Server"
  },
  {
    "op": "addmerge","path": "/skipVariants/-","value": "antler-palaeoloxodoncypriotes-09","file": "game:itemtypes/resource/antler.json","side": "Server"
  },

  {
    "op": "remove",
    "path": "/attributes/onAntlerMountTransformByType/*",
    "file": "game:itemtypes/resource/antler.json",
    "side": "Server"
  },
  {
    "op": "remove",
    "path": "/groundTransformByType/*",
    "file": "game:itemtypes/resource/antler.json",
    "side": "Server"
  },
  {
    "op": "remove",
    "path": "/shapeByType/*",
    "file": "game:itemtypes/resource/antler.json",
    "side": "Server"
  },
  {
    "op": "remove",
    "path": "/tpHandTransformByType/*",
    "file": "game:itemtypes/resource/antler.json",
    "side": "Server"
  },
  {
    "op": "addmerge",
    "path": "/attributes/onAntlerMountTransformByType/*",
    "value": {
      "translation": {"x": -0.1,"y": 0.133,"z": 0.42},
      "rotation": {"x": -180,"y": 0,"z": -63},
      "origin": {"x": 0.2,"y": 0.2,"z": 0.2}
    },
    "file": "game:itemtypes/resource/antler.json",
    "side": "Server"
  },
  {
    "op": "addmerge",
    "path": "/groundTransformByType/*",
    "value": {
      "translation": {"x": 0,"y": 0.04,"z": 0},
      "rotation": {"x": 0,"y": 0,"z": 0},
      "origin": {"x": 0.5,"y": 0.6,"z": 0.5},
      "scale": 5
    },
    "file": "game:itemtypes/resource/antler.json",
    "side": "Server"
  },
  {
    "op": "addmerge",
    "path": "/shapeByType/*",
    "value": {
      "base": "entity/land/hooved/deer/{type}/antlers{size}"
    },
    "file": "game:itemtypes/resource/antler.json",
    "side": "Server"
  },
  {
    "op": "addmerge",
    "path": "/tpHandTransformByType/*",
    "value": {
      "translation": {"x": -0.15,"y": -0.9,"z": -0.26},
      "rotation": {"x": 0,"y": -94,"z": -144},
      "origin": {"x": 0.53,"y": 0.42,"z": 0.52},
      "scale": 1.0
    },
    "file": "game:itemtypes/resource/antler.json",
    "side": "Server"
  }
]