{
	"editor": {
		"backDropShape": "basefemalecat",
		"allAngles": true,
		"entityTextureMode": true
	},
	"textureWidth": 64,
	"textureHeight": 64,
	"textureSizes": {
		"extrasbase": [64,64],
		"girlbase": [64,64],
		"baseeyes": [64,8]
	},
	"textures": {
		"baseeyes": "beastsofmen:eyecolors/baseeyes"
	},
	"elements": [
		{
			"name": "eyesroot",
			"stepParentName": "Head",
			"from": [ 0.0, 0.0, 0.0 ],
			"to": [ 5.5, 5.0, 5.0 ],
			"unwrapMode": 4,
			"uv": [ 0.0, 0.0 ],
			"faces": {
			},
			"children": [
				{
					"name": "R eye",
					"from": [ -0.01, 1.75, 0.9 ],
					"to": [ 0.09, 2.75, 2.1 ],
					"unwrapMode": 4,
					"uv": [ 55.5, 0.0 ],
					"rotationOrigin": [ 0.0, 1.75, 2.1 ],
					"faces": {
						"north": { "texture": "#baseeyes", "uv": [ 55.5, 0.5, 56.0, 1.5 ] },
						"south": { "texture": "#baseeyes", "uv": [ 57.0, 0.5, 57.5, 1.5 ] },
						"west": { "texture": "#baseeyes", "uv": [ 56.0, 0.5, 57.0, 1.5 ] },
						"up": { "texture": "#baseeyes", "uv": [ 56.0, 0.0, 57.0, 0.5 ], "rotation": 90 },
						"down": { "texture": "#baseeyes", "uv": [ 56.0, 1.5, 57.0, 2.0 ], "rotation": 90 }
					},
					"children": [
						{
							"name": "R pupil",
							"from": [ -0.03, 0.25, 0.15 ],
							"to": [ 0.07, 0.95, 1.05 ],
							"unwrapMode": 4,
							"uv": [ 60.5, 0.0 ],
							"rotationOrigin": [ 0.0, 0.25, 1.05 ],
							"faces": {
								"north": { "texture": "#baseeyes", "uv": [ 60.5, 0.5, 61.0, 1.0 ] },
								"south": { "texture": "#baseeyes", "uv": [ 61.5, 0.5, 62.0, 1.0 ] },
								"west": { "texture": "#baseeyes", "uv": [ 61.0, 0.5, 61.5, 1.0 ] },
								"up": { "texture": "#baseeyes", "uv": [ 61.0, 0.0, 61.5, 0.5 ], "rotation": 90 },
								"down": { "texture": "#baseeyes", "uv": [ 61.0, 1.0, 61.5, 1.5 ], "rotation": 90 }
							},
							"children": [
								{
									"name": "shine large 1",
									"from": [ -0.01, 0.37, 0.6 ],
									"to": [ 0.09, 0.57, 0.8 ],
									"unwrapMode": 4,
									"uv": [ 52.0, 0.5 ],
									"rotationOrigin": [ 0.03, 0.5, 0.6 ],
									"faces": {
										"north": { "texture": "#baseeyes", "uv": [ 52.0, 1.0, 52.5, 1.5 ] },
										"south": { "texture": "#baseeyes", "uv": [ 53.0, 1.0, 53.5, 1.5 ] },
										"west": { "texture": "#baseeyes", "uv": [ 52.5, 1.0, 53.0, 1.5 ] },
										"up": { "texture": "#baseeyes", "uv": [ 52.5, 0.5, 53.0, 1.0 ], "rotation": 90 },
										"down": { "texture": "#baseeyes", "uv": [ 52.5, 1.5, 53.0, 2.0 ], "rotation": 90 }
									}
								},
								{
									"name": "shine small 1",
									"from": [ -0.01, 0.33, 0.45 ],
									"to": [ 0.09, 0.43, 0.55 ],
									"unwrapMode": 4,
									"uv": [ 52.0, 0.0 ],
									"rotationOrigin": [ 0.03, 0.4, 0.5 ],
									"faces": {
										"north": { "texture": "#baseeyes", "uv": [ 52.0, 0.5, 52.5, 1.0 ] },
										"south": { "texture": "#baseeyes", "uv": [ 53.0, 0.5, 53.5, 1.0 ] },
										"west": { "texture": "#baseeyes", "uv": [ 52.5, 0.5, 53.0, 1.0 ] },
										"up": { "texture": "#baseeyes", "uv": [ 52.5, 0.0, 53.0, 0.5 ], "rotation": 90 },
										"down": { "texture": "#baseeyes", "uv": [ 52.5, 1.0, 53.0, 1.5 ], "rotation": 90 }
									}
								}
							]
						}
					]
				},
				{
					"name": "L eye2",
					"from": [ -0.01, 1.75, 2.9 ],
					"to": [ 0.09, 2.75, 4.1 ],
					"unwrapMode": 4,
					"uv": [ 54.5, 2.0 ],
					"rotationOrigin": [ 0.0, 1.75, 2.9 ],
					"faces": {
						"north": { "texture": "#baseeyes", "uv": [ 54.5, 2.5, 55.0, 3.5 ] },
						"south": { "texture": "#baseeyes", "uv": [ 56.0, 2.5, 56.5, 3.5 ] },
						"west": { "texture": "#baseeyes", "uv": [ 55.0, 2.5, 56.0, 3.5 ] },
						"up": { "texture": "#baseeyes", "uv": [ 55.0, 2.0, 56.0, 2.5 ], "rotation": 90 },
						"down": { "texture": "#baseeyes", "uv": [ 55.0, 3.5, 56.0, 4.0 ], "rotation": 90 }
					},
					"children": [
						{
							"name": "L pupil",
							"from": [ -0.03, 0.25, 0.15 ],
							"to": [ 0.07, 0.95, 1.05 ],
							"unwrapMode": 4,
							"uv": [ 60.5, 0.0 ],
							"rotationOrigin": [ 0.0, 0.25, 0.15 ],
							"faces": {
								"north": { "texture": "#baseeyes", "uv": [ 60.5, 0.5, 61.0, 1.0 ] },
								"south": { "texture": "#baseeyes", "uv": [ 61.5, 0.5, 62.0, 1.0 ] },
								"west": { "texture": "#baseeyes", "uv": [ 61.0, 0.5, 61.5, 1.0 ] },
								"up": { "texture": "#baseeyes", "uv": [ 61.0, 0.0, 61.5, 0.5 ], "rotation": 90 },
								"down": { "texture": "#baseeyes", "uv": [ 61.0, 1.0, 61.5, 1.5 ], "rotation": 90 }
							},
							"children": [
								{
									"name": "shine small 2",
									"from": [ -0.01, 0.33, 0.45 ],
									"to": [ 0.09, 0.43, 0.55 ],
									"unwrapMode": 4,
									"uv": [ 52.0, 0.0 ],
									"rotationOrigin": [ 0.03, 0.4, 0.5 ],
									"faces": {
										"north": { "texture": "#baseeyes", "uv": [ 52.0, 0.5, 52.5, 1.0 ] },
										"south": { "texture": "#baseeyes", "uv": [ 53.0, 0.5, 53.5, 1.0 ] },
										"west": { "texture": "#baseeyes", "uv": [ 52.5, 0.5, 53.0, 1.0 ] },
										"up": { "texture": "#baseeyes", "uv": [ 52.5, 0.0, 53.0, 0.5 ], "rotation": 90 },
										"down": { "texture": "#baseeyes", "uv": [ 52.5, 1.0, 53.0, 1.5 ], "rotation": 90 }
									}
								},
								{
									"name": "shine large 2",
									"from": [ -0.01, 0.37, 0.6 ],
									"to": [ 0.09, 0.57, 0.8 ],
									"unwrapMode": 4,
									"uv": [ 52.0, 1.5 ],
									"rotationOrigin": [ -0.07, 0.5, 0.6 ],
									"faces": {
										"north": { "texture": "#baseeyes", "uv": [ 52.0, 2.0, 52.5, 2.5 ] },
										"south": { "texture": "#baseeyes", "uv": [ 53.0, 2.0, 53.5, 2.5 ] },
										"west": { "texture": "#baseeyes", "uv": [ 52.5, 2.0, 53.0, 2.5 ] },
										"up": { "texture": "#baseeyes", "uv": [ 52.5, 1.5, 53.0, 2.0 ], "rotation": 90 },
										"down": { "texture": "#baseeyes", "uv": [ 52.5, 2.5, 53.0, 3.0 ], "rotation": 90 }
									}
								}
							]
						}
					]
				},
				{
					"name": "R eyebrow 1",
					"from": [ -0.1, 2.8, 1.3 ],
					"to": [ 0.0, 3.1, 2.3 ],
					"unwrapMode": 4,
					"uv": [ 34.5, 1.0 ],
					"rotationOrigin": [ -0.1, 2.8, 2.3 ],
					"rotationX": 6.0,
					"faces": {
						"north": { "texture": "#baseeyes", "uv": [ 34.5, 1.5, 35.0, 2.0 ] },
						"south": { "texture": "#baseeyes", "uv": [ 36.0, 1.5, 36.5, 2.0 ] },
						"west": { "texture": "#baseeyes", "uv": [ 35.0, 1.5, 36.0, 2.0 ] },
						"up": { "texture": "#baseeyes", "uv": [ 35.0, 1.0, 36.0, 1.5 ], "rotation": 90 },
						"down": { "texture": "#baseeyes", "uv": [ 35.0, 2.0, 36.0, 2.5 ], "rotation": 90 }
					},
					"children": [
						{
							"name": "R eyebrow 2",
							"from": [ 0.0, 0.0, -0.9 ],
							"to": [ 0.1, 0.3, 0.1 ],
							"unwrapMode": 4,
							"uv": [ 37.5, 2.0 ],
							"rotationOrigin": [ 0.0, 0.0, 0.1 ],
							"rotationX": -3.0,
							"rotationZ": -1.0,
							"faces": {
								"north": { "texture": "#baseeyes", "uv": [ 37.5, 2.5, 38.0, 3.0 ] },
								"south": { "texture": "#baseeyes", "uv": [ 39.0, 2.5, 39.5, 3.0 ] },
								"west": { "texture": "#baseeyes", "uv": [ 38.0, 2.5, 39.0, 3.0 ] },
								"up": { "texture": "#baseeyes", "uv": [ 38.0, 2.0, 39.0, 2.5 ], "rotation": 90 },
								"down": { "texture": "#baseeyes", "uv": [ 38.0, 3.0, 39.0, 3.5 ], "rotation": 90 }
							}
						}
					]
				},
				{
					"name": "L eyebrow 1",
					"from": [ -0.1, 2.8, 2.7 ],
					"to": [ 0.0, 3.1, 3.7 ],
					"unwrapMode": 4,
					"uv": [ 35.5, 2.0 ],
					"rotationOrigin": [ -0.1, 2.8, 2.7 ],
					"rotationX": -6.0,
					"faces": {
						"north": { "texture": "#baseeyes", "uv": [ 35.5, 2.5, 36.0, 3.0 ] },
						"south": { "texture": "#baseeyes", "uv": [ 37.0, 2.5, 37.5, 3.0 ] },
						"west": { "texture": "#baseeyes", "uv": [ 36.0, 2.5, 37.0, 3.0 ] },
						"up": { "texture": "#baseeyes", "uv": [ 36.0, 2.0, 37.0, 2.5 ], "rotation": 90 },
						"down": { "texture": "#baseeyes", "uv": [ 36.0, 3.0, 37.0, 3.5 ], "rotation": 90 }
					},
					"children": [
						{
							"name": "L eyebrow 2",
							"from": [ 0.0, 0.0, 0.9 ],
							"to": [ 0.1, 0.3, 1.9 ],
							"unwrapMode": 4,
							"uv": [ 40.5, 1.0 ],
							"rotationOrigin": [ 0.0, 0.0, 0.9 ],
							"rotationX": 3.0,
							"rotationZ": -1.0,
							"faces": {
								"north": { "texture": "#baseeyes", "uv": [ 40.5, 1.5, 41.0, 2.0 ] },
								"south": { "texture": "#baseeyes", "uv": [ 42.0, 1.5, 42.5, 2.0 ] },
								"west": { "texture": "#baseeyes", "uv": [ 41.0, 1.5, 42.0, 2.0 ] },
								"up": { "texture": "#baseeyes", "uv": [ 41.0, 1.0, 42.0, 1.5 ], "rotation": 90 },
								"down": { "texture": "#baseeyes", "uv": [ 41.0, 2.0, 42.0, 2.5 ], "rotation": 90 }
							}
						}
					]
				},
				{
					"name": "mouth",
					"from": [ -0.1, 0.7, 2.3 ],
					"to": [ 0.0, 1.2, 2.7 ],
					"unwrapMode": 4,
					"uv": [ 39.0, 0.5 ],
					"rotationOrigin": [ -0.1, 0.7, 2.8 ],
					"faces": {
						"north": { "texture": "#baseeyes", "uv": [ 39.0, 1.0, 39.5, 1.5 ] },
						"south": { "texture": "#baseeyes", "uv": [ 40.0, 1.0, 40.5, 1.5 ] },
						"west": { "texture": "#baseeyes", "uv": [ 39.5, 1.0, 40.0, 1.5 ] },
						"up": { "texture": "#baseeyes", "uv": [ 39.5, 0.5, 40.0, 1.0 ], "rotation": 90 },
						"down": { "texture": "#baseeyes", "uv": [ 39.5, 1.5, 40.0, 2.0 ], "rotation": 90 }
					},
					"children": [
						{
							"name": "mouth L",
							"from": [ 0.05, 0.25, -0.48 ],
							"to": [ 0.15, 0.55, 0.12 ],
							"unwrapMode": 4,
							"uv": [ 31.0, 1.0 ],
							"rotationOrigin": [ 0.05, 0.2, 0.5 ],
							"rotationX": -30.0,
							"faces": {
								"north": { "texture": "#baseeyes", "uv": [ 31.0, 1.5, 31.5, 2.0 ] },
								"south": { "texture": "#baseeyes", "uv": [ 32.0, 1.5, 32.5, 2.0 ] },
								"west": { "texture": "#baseeyes", "uv": [ 31.5, 1.5, 32.0, 2.0 ] },
								"up": { "texture": "#baseeyes", "uv": [ 31.5, 1.0, 32.0, 1.5 ], "rotation": 90 },
								"down": { "texture": "#baseeyes", "uv": [ 31.5, 2.0, 32.0, 2.5 ], "rotation": 90 }
							}
						},
						{
							"name": "mouth R",
							"from": [ 0.05, 0.06, 0.2 ],
							"to": [ 0.15, 0.36, 0.8 ],
							"unwrapMode": 4,
							"uv": [ 28.0, 0.0 ],
							"rotationOrigin": [ 0.05, 0.0, 0.2 ],
							"rotationX": 30.0,
							"faces": {
								"north": { "texture": "#baseeyes", "uv": [ 28.0, 0.5, 28.5, 1.0 ] },
								"south": { "texture": "#baseeyes", "uv": [ 29.0, 0.5, 29.5, 1.0 ] },
								"west": { "texture": "#baseeyes", "uv": [ 28.5, 0.5, 29.0, 1.0 ] },
								"up": { "texture": "#baseeyes", "uv": [ 28.5, 0.0, 29.0, 0.5 ], "rotation": 90 },
								"down": { "texture": "#baseeyes", "uv": [ 28.5, 1.0, 29.0, 1.5 ], "rotation": 90 }
							}
						}
					]
				},
				{
					"name": "eyelid r",
					"from": [ -0.1, 2.6, 0.8 ],
					"to": [ 0.0, 2.75, 2.15 ],
					"unwrapMode": 4,
					"uv": [ 32.5, 0.0 ],
					"rotationOrigin": [ -0.1, 2.6, 2.15 ],
					"rotationX": 2.0,
					"faces": {
						"north": { "texture": "#baseeyes", "uv": [ 32.5, 0.5, 33.0, 1.0 ] },
						"south": { "texture": "#baseeyes", "uv": [ 34.0, 0.5, 34.5, 1.0 ] },
						"west": { "texture": "#baseeyes", "uv": [ 33.0, 0.5, 34.0, 1.0 ] },
						"up": { "texture": "#baseeyes", "uv": [ 33.0, 0.0, 34.0, 0.5 ], "rotation": 90 },
						"down": { "texture": "#baseeyes", "uv": [ 33.0, 1.0, 34.0, 1.5 ], "rotation": 90 }
					}
				},
				{
					"name": "eyelid l",
					"from": [ -0.1, 2.6, 2.8 ],
					"to": [ 0.0, 2.75, 4.15 ],
					"unwrapMode": 4,
					"uv": [ 30.0, 0.0 ],
					"rotationOrigin": [ -0.1, 2.6, 2.8 ],
					"rotationX": -2.0,
					"faces": {
						"north": { "texture": "#baseeyes", "uv": [ 30.0, 0.5, 30.5, 1.0 ] },
						"south": { "texture": "#baseeyes", "uv": [ 31.5, 0.5, 32.0, 1.0 ] },
						"west": { "texture": "#baseeyes", "uv": [ 30.5, 0.5, 31.5, 1.0 ] },
						"up": { "texture": "#baseeyes", "uv": [ 30.5, 0.0, 31.5, 0.5 ], "rotation": 90 },
						"down": { "texture": "#baseeyes", "uv": [ 30.5, 1.0, 31.5, 1.5 ], "rotation": 90 }
					}
				}
			],
			"attachmentpoints": [
				{
					"code": "Eyes",
					"posX": "1.3","posY": "3.5","posZ": "2.5",
					"rotationX": "0.0","rotationY": "-90.0","rotationZ": "0.0"
				}
			]
		}
	]}