[
		{
			"op": "add",
			"path": "/treegens/-",
			"value": {
				"Generator": "laurusnobilis",
				"MinSize": 0.3,
				"MaxSize": 1,
				"Weight": 0.1,
				"SuitabilitySizeBonus": 0.5,
				"MinTemp": 13,
				"MaxTemp": 22,
				"MinRain": 88,
				"MaxRain": 158,
				"MinFert": 0,
				"MaxFert": 255,
				"MinForest": 0,
				"MaxForest": 255,
				"MinHeight": 0,
				"MaxHeight": 0.4
			},
			"file": "game:worldgen/treengenproperties.json",
			"side": "server",
		},
		{
			"op": "add",
			"path": "/shrubgens/-",
			"value": {
				"Generator": "laurusnobilis",
				"MinSize": 0.05,
				"MaxSize": 0.1,
				"Weight": 3,
				"SuitabilitySizeBonus": 0.5,
				"MinTemp": 13,
				"MaxTemp": 22,
				"MinRain": 88,
				"MaxRain": 158,
				"MinFert": 0,
				"MaxFert": 255,
				"MinForest": 0,
				"MaxForest": 255,
				"MinHeight": 0,
				"MaxHeight": 0.4
			},
			"file": "game:worldgen/treengenproperties.json",
			"side": "server",
		},
		{
			"op": "add",
			"path": "/treegens/-",
			"value": {
				"Generator": "pinushalepensis",
				"MinSize": 0.5,
				"MaxSize": 1,
				"Weight": 8,
				"SuitabilitySizeBonus": 0.5,
				"MinTemp": 13,
				"MaxTemp": 25,
				"MinRain": 31,
				"MaxRain": 140,
				"MinFert": 0,
				"MaxFert": 204,
				"MinForest": 0,
				"MaxForest": 255,
				"MinHeight": 0,
				"MaxHeight": 0.56
			},
			"file": "game:worldgen/treengenproperties.json",
			"side": "server",
		},
		{
			"op": "add",
			"path": "/shrubgens/-",
			"value": {
				"Generator": "pinushalepensisshrub",
				"MinSize": 0.1,
				"MaxSize": 1,
				"Weight": 50,
				"SuitabilitySizeBonus": 0.3,
				"MinTemp": 13,
				"MaxTemp": 25,
				"MinRain": 31,
				"MaxRain": 140,
				"MinFert": 0,
				"MaxFert": 204,
				"MinForest": 0,
				"MaxForest": 255,
				"MinHeight": 0,
				"MaxHeight": 0.56
			},
			"file": "game:worldgen/treengenproperties.json",
			"side": "server",
		},
		{
			"op": "add",
			"path": "/treegens/-",
			"value": {
				"Generator": "populusalba",
				"MinSize": 0.4,
				"MaxSize": 1,
				"Weight": 3,
				"SuitabilitySizeBonus": 0.6,
				"MinTemp": 4,
				"MaxTemp": 23,
				"MinRain": 36,
				"MaxRain": 140,
				"MinFert": 0,
				"MaxFert": 255,
				"MinForest": 0,
				"MaxForest": 255,
				"MinHeight": 0,
				"MaxHeight": 0.64
			},
			"file": "game:worldgen/treengenproperties.json",
			"side": "server",
		},
		{
			"op": "add",
			"path": "/treegens/-",
			"value": {
				"Generator": "quercusilex",
				"MinSize": 0.7,
				"MaxSize": 1,
				"Weight": 10,
				"SuitabilitySizeBonus": 0.2,
				"MinTemp": 11,
				"MaxTemp": 23,
				"MinRain": 38,
				"MaxRain": 140,
				"MinFert": 0,
				"MaxFert": 255,
				"MinForest": 127,
				"MaxForest": 255,
				"MinHeight": 0,
				"MaxHeight": 0.82
			},
			"file": "game:worldgen/treengenproperties.json",
			"side": "server",
		},
		{
			"op": "add",
			"path": "/treegens/-",
			"value": {
				"Generator": "taxusbaccata",
				"MinSize": 0.3,
				"MaxSize": 1,
				"Weight": 1,
				"SuitabilitySizeBonus": 0.8,
				"MinTemp": 5,
				"MaxTemp": 18,
				"MinRain": 36,
				"MaxRain": 158,
				"MinFert": 0,
				"MaxFert": 204,
				"MinForest": 0,
				"MaxForest": 255,
				"MinHeight": 0.05,
				"MaxHeight": 0.7
			},
			"file": "game:worldgen/treengenproperties.json",
			"side": "server",
		},
]