[
  {
    "op": "addmerge",
    "path": "/attributes/onAntlerMountTransformByType/antler-bosprimigeniusprimigenius-*",
    "value": {
      "translation": {"x": -0.05,"y": 0.65,"z": 0.1},
      "rotation": {"x": -180,"y": 0,"z": -50},
      "origin": {"x": 0.2,"y": 0,"z": 0.2}
    },
    "file": "game:itemtypes/resource/antler.json",
    "side": "Server"
  },
  {
    "op": "addmerge",
    "path": "/groundTransformByType/antler-bosprimigeniusprimigenius-*",
    "value": {
      "translation": {"x": 0,"y": -0.06,"z": 0},
      "rotation": {"x": 0,"y": 0,"z": -51},
      "origin": {"x": 0.5,"y": 0.0,"z": 0.5},
      "scale": 5
    },
    "file": "game:itemtypes/resource/antler.json",
    "side": "Server"
  },
  {
    "op": "addmerge",
    "path": "/guiTransformByType/antler-bosprimigeniusprimigenius-*",
    "value": {
      "translation": {"x": 0,"y": 0,"z": 0},
      "rotation": {"x": 140,"y": -41,"z": -10},
      "origin": {"x": 0.3,"y": 0.0,"z": 0.3},
      "scale": 2.0
    },
    "file": "game:itemtypes/resource/antler.json",
    "side": "Server"
  },
  {
    "op": "addmerge",
    "path": "/shapeByType/antler-bosprimigeniusprimigenius-*",
    "value": {
      "base": "bovinae:entity/bovinae/bosprimigeniusprimigenius/antlers{size}"
    },
    "file": "game:itemtypes/resource/antler.json",
    "side": "Server"
  },
  {
    "op": "addmerge",
    "path": "/tpHandTransformByType/antler-bosprimigeniusprimigenius-*",
    "value": {
      "translation": {"x": -0.15,"y": -0.9,"z": -0.25},
      "rotation": {"x": 0,"y": -94,"z": -144},
      "origin": {"x": 0.53,"y": 0.42,"z": 0.52},
      "scale": 1
    },
    "file": "game:itemtypes/resource/antler.json",
    "side": "Server"
  },
  {
    "op": "addmerge",
    "path": "/variantgroups/0/states/-",
    "value": "bosprimigeniusprimigenius",
    "file": "game:itemtypes/resource/antler.json",
    "side": "Server"
  },
  {
    "op": "addmerge","path": "/skipVariants/-","value": "antler-bosprimigeniusprimigenius-07","file": "game:itemtypes/resource/antler.json","side": "Server"
  },
  {
    "op": "addmerge","path": "/skipVariants/-","value": "antler-bosprimigeniusprimigenius-08","file": "game:itemtypes/resource/antler.json","side": "Server"
  },
  {
    "op": "addmerge","path": "/skipVariants/-","value": "antler-bosprimigeniusprimigenius-09","file": "game:itemtypes/resource/antler.json","side": "Server"
  },
  {
    "op": "addmerge",
    "path": "/attributes/onAntlerMountTransformByType/antler-tragelaphuseurycerus-*",
    "value": {
      "translation": {"x": -0.05,"y": 0.65,"z": 0.1},
      "rotation": {"x": -180,"y": 0,"z": -50},
      "origin": {"x": 0.2,"y": 0,"z": 0.2}
    },
    "file": "game:itemtypes/resource/antler.json",
    "side": "Server"
  },
  {
    "op": "addmerge",
    "path": "/groundTransformByType/antler-tragelaphuseurycerus-*",
    "value": {
      "translation": {"x": 0,"y": -0.06,"z": 0},
      "rotation": {"x": 0,"y": 0,"z": -51},
      "origin": {"x": 0.5,"y": 0.0,"z": 0.5},
      "scale": 5
    },
    "file": "game:itemtypes/resource/antler.json",
    "side": "Server"
  },
  {
    "op": "addmerge",
    "path": "/guiTransformByType/antler-tragelaphuseurycerus-*",
    "value": {
      "translation": {"x": 0,"y": 0,"z": 0},
      "rotation": {"x": 140,"y": -30,"z": 30},
      "origin": {"x": 0.4,"y": 0.0,"z": 0.2},
      "scale": 1.34
    },
    "file": "game:itemtypes/resource/antler.json",
    "side": "Server"
  },
  {
    "op": "addmerge",
    "path": "/shapeByType/antler-tragelaphuseurycerus-*",
    "value": {
      "base": "bovinae:entity/bovinae/tragelaphuseurycerus/antlers{size}"
    },
    "file": "game:itemtypes/resource/antler.json",
    "side": "Server"
  },
  {
    "op": "addmerge",
    "path": "/tpHandTransformByType/antler-tragelaphuseurycerus-*",
    "value": {
      "translation": {"x": -0.15,"y": -0.9,"z": -0.25},
      "rotation": {"x": 0,"y": -94,"z": -144},
      "origin": {"x": 0.53,"y": 0.42,"z": 0.52},
      "scale": 1
    },
    "file": "game:itemtypes/resource/antler.json",
    "side": "Server"
  },
  {
    "op": "addmerge",
    "path": "/variantgroups/0/states/-",
    "value": "tragelaphuseurycerus",
    "file": "game:itemtypes/resource/antler.json",
    "side": "Server"
  },
  {
    "op": "addmerge","path": "/skipVariants/-","value": "antler-tragelaphuseurycerus-07","file": "game:itemtypes/resource/antler.json","side": "Server"
  },
  {
    "op": "addmerge","path": "/skipVariants/-","value": "antler-tragelaphuseurycerus-08","file": "game:itemtypes/resource/antler.json","side": "Server"
  },
  {
    "op": "addmerge","path": "/skipVariants/-","value": "antler-tragelaphuseurycerus-09","file": "game:itemtypes/resource/antler.json","side": "Server"
  },
  {
    "op": "remove",
    "path": "/attributes/onAntlerMountTransformByType/*",
    "file": "game:itemtypes/resource/antler.json",
    "side": "Server"
  },
  {
    "op": "remove",
    "path": "/groundTransformByType/*",
    "file": "game:itemtypes/resource/antler.json",
    "side": "Server"
  },
  {
    "op": "remove",
    "path": "/shapeByType/*",
    "file": "game:itemtypes/resource/antler.json",
    "side": "Server"
  },
  {
    "op": "remove",
    "path": "/tpHandTransformByType/*",
    "file": "game:itemtypes/resource/antler.json",
    "side": "Server"
  },{
    "op": "addmerge",
    "path": "/attributes/onAntlerMountTransformByType/*",
    "value": {
      "translation": {"x": -0.1,"y": 0.133,"z": 0.42},
      "rotation": {"x": -180,"y": 0,"z": -63},
      "origin": {"x": 0.2,"y": 0.2,"z": 0.2}
    },
    "file": "game:itemtypes/resource/antler.json",
    "side": "Server"
  },
  {
    "op": "addmerge",
    "path": "/groundTransformByType/*",
    "value": {
      "translation": {"x": 0,"y": 0.04,"z": 0},
      "rotation": {"x": 0,"y": 0,"z": 0},
      "origin": {"x": 0.5,"y": 0.6,"z": 0.5},
      "scale": 5
    },
    "file": "game:itemtypes/resource/antler.json",
    "side": "Server"
  },
  {
    "op": "addmerge",
    "path": "/shapeByType/*",
    "value": {
      "base": "entity/land/hooved/deer/{type}/antlers{size}"
    },
    "file": "game:itemtypes/resource/antler.json",
    "side": "Server"
  },
  {
    "op": "addmerge",
    "path": "/tpHandTransformByType/*",
    "value": {
      "translation": {"x": -0.15,"y": -0.9,"z": -0.26},
      "rotation": {"x": 0,"y": -94,"z": -144},
      "origin": {"x": 0.53,"y": 0.42,"z": 0.52},
      "scale": 1.0
    },
    "file": "game:itemtypes/resource/antler.json",
    "side": "Server"
  }
]