{
	"treeWorldPropertyCode": "afrocarpusfalcatuslarge",
	"sizeMultiplier": 3,
	"yOffset": -2,
	"trunks": [{
		"widthloss": 0.044,
		"dx": 0.5,
		"dz": 0.5,
		"segment": 4,
		"dieAt": { "avg": 0.001 },
		"branchStart": { "dist": "gaussian", "avg": 0.3, "var": 0.2 },
		"branchSpacing": { "avg": 0.15, "var": 0.005 },
		"branchVerticalAngle":  { "dist": "gaussian", "avg": 0.8, "var": 0.1 },
		"branchHorizontalAngle": { "avg": 0, "var": 3.1415 },
		"branchWidthMultiplier": { "avg": 0.3, "var": 0 },
		"branchWidthMultiplierEvolve": { "transform": "linear", "factor": 0.05 },
		"branchQuantity": { "avg": 4, "var": 0 },
		"branchQuantityEvolve": { "transform": "quadratic", "factor": 0.2 }
		}, {
		"inherit": { "from": 0, "skip": ["dx", "dz", "dieAt", "segment"] },
		"dieAt": { "avg": 0.2, "var": 0.1 },
		"dx": 1.5,
		"dz": 0.5,
		"segment": 1
	}, {
		"inherit": { "from": 0, "skip": ["dx", "dz", "dieAt", "segment"] },
		"dieAt": { "avg": 0.2, "var": 0.1 },
		"dx": 0.5,
		"dz": 1.5,
		"segment": 3,
	}, {
		"inherit": { "from": 0, "skip": ["dx", "dz", "dieAt", "segment"] },
		"dieAt": { "avg": 0.2, "var": 0.1 },
		"dx": 1.5,
		"dz": 1.5,
		"segment": 2
	}],
	"branches": [{
		"widthLoss": 0.026,
		"gravityDrag": -0.04,

		"branchStart":  { "avg": 0.6, "var": 0.1 },
		"branchSpacing": { "avg": 0, "var": 0 },
		"branchVerticalAngle": { "avg": 1.57, "var": 0.5 },
		"branchHorizontalAngle": { "avg": 0, "var": 2.1415 },

		"branchQuantity": { "avg": 1, "var": 0 },
		"branchWidthMultiplier": { "avg": 0.4, "var": 0 }
	}],
	"treeBlocks": {
		"logBlockCode": "floralzonescaperegion:log-grown-afrocarpusfalcatus-ud",
		"otherLogBlockCode": "floralzonescaperegion:log-resin-afrocarpusfalcatus-ud",
		"leavesBlockCode": "floralzonescaperegion:leaves-placed-afrocarpusfalcatus",
		"leavesBranchyBlockCode": "floralzonescaperegion:leavesbranchy-placed-afrocarpusfalcatus",
		"vinesBlockCode": "wildvine-section-north",
		"vinesEndBlockCode": "wildvine-end-north",
		"mossDecorCode": "attachingplant-spottymoss",
		"trunkSegmentBase": "floralzonescaperegion:logsection-grown-afrocarpusfalcatus-",
		"trunkSegmentVariants": [ "ne", "se", "sw", "nw" ]
	}
}
