{
	"editor": {
		"backDropShape": "kobold",
		"collapsedPaths": "Root/shoe L/front fold 26/LwoolW1,Root/ShoeR/RflapN/RwoolN1,Root/ShoeR,Root/shoe R/RbackFold,Root/shoe R/RflapN/RwoolN1,Root/shoe R/front 1,Root/shoe R/RflapW,Root/shoe R/RflapS,Root/shoe R/RflapN,Root/shoe L/front fold 26,Root/ShoeL/Lback fold 25,Root/ShoeR/RflapS,Root/shoe L/N fold 23,Root/shoe L/back fold 25,Root/KneeFlapR/LbackWool6,Root/shoe R/RflapE,Root/shoe L/Lback fold 25,Root/shoe L/N fold 23/LfoldN1,Root/shoe R/Rknot,Root/shoe L/LacesR1,Root/shoe L/S fold 24/LWoolS1,Root/shoe L/LacesL1,Root/shoe L/front16,Root/ShoeR/RflapE,Root/ShoeR/RflapN,Root/ShoeL/S fold 24,Root/shoe L/front 26,Root/ShoeL/N fold 23,Root/KneeFlapL/LwoolW1",
		"allAngles": true,
		"entityTextureMode": true
	},
	"textureWidth": 16,
	"textureHeight": 28,
	"textureSizes": {
		"commoner-boots": [16,28]
	},
	"textures": {
	},
	"elements": [
		{
			"name": "shoe R",
			"stepParentName": "PawR",
			"from": [ -0.1, -0.1, -0.1 ],
			"to": [ 4.1, 5.4, 3.1 ],
			"unwrapMode": 4,
			"autoUnwrap": false,
			"uv": [ 1.0, 17.0 ],
			"rotationOrigin": [ -0.1, -0.1, -0.1 ],
			"faces": {
				"north": { "texture": "#commoner-boots", "uv": [ 1.0, 21.5, 5.0, 27.0 ] },
				"east": { "texture": "#commoner-boots", "uv": [ 12.0, 21.5, 15.0, 27.0 ] },
				"south": { "texture": "#commoner-boots", "uv": [ 8.0, 21.5, 12.0, 27.0 ] },
				"west": { "texture": "#commoner-boots", "uv": [ 5.0, 21.5, 8.0, 27.0 ] },
				"up": { "texture": "#commoner-boots", "uv": [ 10.0, 0.0, 13.0, 4.0 ], "rotation": 90 },
				"down": { "texture": "#commoner-boots", "uv": [ 0.0, 4.0, 3.0, 8.0 ], "rotation": 90 }
			},
			"children": [
				{
					"name": "N fold 1",
					"from": [ 0.0, 5.5, 0.0 ],
					"to": [ 4.2, 7.0, 0.2 ],
					"unwrapMode": 1,
					"autoUnwrap": false,
					"uv": [ 0.5, 19.5 ],
					"rotationOrigin": [ 0.0, 5.5, 0.2 ],
					"rotationX": -4.0,
					"faces": {
						"north": { "texture": "#commoner-boots", "uv": [ 1.0, 20.0, 5.0, 21.5 ] },
						"east": { "texture": "#commoner-boots", "uv": [ 1.0, 20.0, 1.5, 21.5 ] },
						"south": { "texture": "#commoner-boots", "uv": [ 5.0, 0.0, 9.0, 1.5 ] },
						"west": { "texture": "#commoner-boots", "uv": [ 4.5, 20.0, 5.0, 21.5 ] },
						"up": { "texture": "#commoner-boots", "uv": [ 1.0, 19.5, 5.0, 20.0 ], "rotation": 180 }
					}
				},
				{
					"name": "S fold 1",
					"from": [ 0.0, 5.5, 3.0 ],
					"to": [ 4.2, 7.0, 3.2 ],
					"unwrapMode": 3,
					"autoUnwrap": false,
					"uv": [ 7.5, 19.5 ],
					"rotationOrigin": [ 0.0, 5.5, 3.0 ],
					"rotationX": 4.0,
					"faces": {
						"north": { "texture": "#commoner-boots", "uv": [ 5.0, 2.0, 9.0, 3.5 ] },
						"east": { "texture": "#commoner-boots", "uv": [ 11.5, 20.0, 12.0, 21.5 ] },
						"south": { "texture": "#commoner-boots", "uv": [ 8.0, 20.0, 12.0, 21.5 ] },
						"west": { "texture": "#commoner-boots", "uv": [ 8.0, 20.0, 8.5, 21.5 ] },
						"up": { "texture": "#commoner-boots", "uv": [ 8.0, 19.5, 12.0, 20.0 ] }
					}
				},
				{
					"name": "back fold 1",
					"from": [ 4.0, 5.5, 0.0 ],
					"to": [ 4.2, 7.0, 3.2 ],
					"unwrapMode": 4,
					"autoUnwrap": false,
					"uv": [ 11.5, 19.5 ],
					"rotationOrigin": [ 4.0, 5.5, 0.0 ],
					"rotationZ": -4.0,
					"faces": {
						"north": { "texture": "#commoner-boots", "uv": [ 12.0, 20.0, 12.5, 21.5 ] },
						"east": { "texture": "#commoner-boots", "uv": [ 12.0, 20.0, 15.0, 21.5 ], "autoUv": false, "windMode": [-1,-1,-1,-1] },
						"south": { "texture": "#commoner-boots", "uv": [ 14.5, 20.0, 15.0, 21.5 ] },
						"west": { "texture": "#commoner-boots", "uv": [ 12.0, 20.0, 15.0, 21.5 ], "windMode": [-1,-1,-1,-1] },
						"up": { "texture": "#commoner-boots", "uv": [ 12.0, 19.5, 15.0, 20.0 ], "rotation": 90 }
					}
				},
				{
					"name": "front fold 1",
					"from": [ 0.0, 5.5, 0.0 ],
					"to": [ 0.2, 7.0, 3.2 ],
					"unwrapMode": 4,
					"autoUnwrap": false,
					"uv": [ 4.5, 19.5 ],
					"rotationOrigin": [ 0.2, 5.5, 0.0 ],
					"rotationZ": 4.0,
					"faces": {
						"north": { "texture": "#commoner-boots", "uv": [ 5.0, 20.0, 5.5, 21.5 ] },
						"east": { "texture": "#commoner-boots", "uv": [ 5.0, 1.0, 8.0, 2.5 ] },
						"south": { "texture": "#commoner-boots", "uv": [ 7.5, 20.0, 8.0, 21.5 ] },
						"west": { "texture": "#commoner-boots", "uv": [ 5.0, 20.0, 8.0, 21.5 ] },
						"up": { "texture": "#commoner-boots", "uv": [ 5.0, 19.5, 8.0, 20.0 ], "rotation": 90 }
					}
				}
			]
		},
		{
			"name": "shoe L",
			"stepParentName": "PawL",
			"from": [ -0.1, -0.1, -0.1 ],
			"to": [ 4.1, 5.4, 3.1 ],
			"unwrapMode": 4,
			"autoUnwrap": false,
			"uv": [ 1.0, 7.5 ],
			"rotationOrigin": [ -0.1, -0.1, -0.1 ],
			"faces": {
				"north": { "texture": "#commoner-boots", "uv": [ 1.0, 11.5, 5.0, 17.0 ] },
				"east": { "texture": "#commoner-boots", "uv": [ 12.0, 11.5, 15.0, 17.0 ] },
				"south": { "texture": "#commoner-boots", "uv": [ 8.0, 11.5, 12.0, 17.0 ] },
				"west": { "texture": "#commoner-boots", "uv": [ 5.0, 11.5, 8.0, 17.0 ] },
				"up": { "texture": "#commoner-boots", "uv": [ 13.0, 0.0, 16.0, 4.0 ], "rotation": 90 },
				"down": { "texture": "#commoner-boots", "uv": [ 4.0, 4.0, 7.0, 8.0 ], "rotation": 90 }
			},
			"children": [
				{
					"name": "N fold 2",
					"from": [ 0.0, 5.5, 0.0 ],
					"to": [ 4.2, 7.0, 0.2 ],
					"unwrapMode": 1,
					"autoUnwrap": false,
					"uv": [ 0.5, 9.5 ],
					"rotationOrigin": [ 0.0, 5.5, 0.2 ],
					"rotationX": -4.0,
					"faces": {
						"north": { "texture": "#commoner-boots", "uv": [ 1.0, 10.0, 5.0, 11.5 ] },
						"east": { "texture": "#commoner-boots", "uv": [ 1.0, 10.0, 1.5, 11.5 ] },
						"south": { "texture": "#commoner-boots", "uv": [ 0.0, 0.0, 4.0, 1.5 ] },
						"west": { "texture": "#commoner-boots", "uv": [ 4.5, 10.0, 5.0, 11.5 ] },
						"up": { "texture": "#commoner-boots", "uv": [ 1.0, 9.5, 5.0, 10.0 ], "rotation": 180 }
					}
				},
				{
					"name": "S fold 2",
					"from": [ 0.0, 5.5, 3.0 ],
					"to": [ 4.2, 7.0, 3.2 ],
					"unwrapMode": 3,
					"autoUnwrap": false,
					"uv": [ 7.5, 9.5 ],
					"rotationOrigin": [ 0.0, 5.5, 3.0 ],
					"rotationX": 4.0,
					"faces": {
						"north": { "texture": "#commoner-boots", "uv": [ 0.0, 2.0, 4.0, 3.5 ] },
						"east": { "texture": "#commoner-boots", "uv": [ 11.5, 10.0, 12.0, 11.5 ] },
						"south": { "texture": "#commoner-boots", "uv": [ 8.0, 10.0, 12.0, 11.5 ] },
						"west": { "texture": "#commoner-boots", "uv": [ 8.0, 10.0, 8.5, 11.5 ] },
						"up": { "texture": "#commoner-boots", "uv": [ 8.0, 9.5, 12.0, 10.0 ] }
					}
				},
				{
					"name": "back fold 2",
					"from": [ 4.0, 5.5, 0.0 ],
					"to": [ 4.2, 7.0, 3.2 ],
					"unwrapMode": 2,
					"autoUnwrap": false,
					"uv": [ 11.5, 9.5 ],
					"rotationOrigin": [ 4.0, 5.5, 0.0 ],
					"rotationZ": -4.0,
					"faces": {
						"north": { "texture": "#commoner-boots", "uv": [ 14.5, 10.0, 15.0, 11.5 ] },
						"east": { "texture": "#commoner-boots", "uv": [ 12.0, 10.0, 15.0, 11.5 ], "windMode": [-1,-1,-1,-1] },
						"south": { "texture": "#commoner-boots", "uv": [ 12.0, 10.0, 12.5, 11.5 ] },
						"west": { "texture": "#commoner-boots", "uv": [ 1.0, 2.5, 4.0, 4.0 ] },
						"up": { "texture": "#commoner-boots", "uv": [ 12.0, 9.5, 15.0, 10.0 ], "rotation": 270 }
					}
				},
				{
					"name": "front fold 2",
					"from": [ 0.0, 5.5, 0.0 ],
					"to": [ 0.2, 7.0, 3.2 ],
					"unwrapMode": 4,
					"autoUnwrap": false,
					"uv": [ 4.5, 9.5 ],
					"rotationOrigin": [ 0.2, 5.5, 0.0 ],
					"rotationZ": 4.0,
					"faces": {
						"north": { "texture": "#commoner-boots", "uv": [ 5.0, 10.0, 5.5, 11.5 ] },
						"east": { "texture": "#commoner-boots", "uv": [ 0.0, 1.0, 3.0, 2.5 ] },
						"south": { "texture": "#commoner-boots", "uv": [ 7.5, 10.0, 8.0, 11.5 ] },
						"west": { "texture": "#commoner-boots", "uv": [ 5.0, 10.0, 8.0, 11.5 ] },
						"up": { "texture": "#commoner-boots", "uv": [ 5.0, 9.5, 8.0, 10.0 ], "rotation": 90 }
					}
				}
			]
		}
	],
	"animations": [
	]
}