{
    "editor": {
        "backDropShape": "entity/humanoid/kobold",
        "allAngles": true,
        "entityTextureMode": true
    },
    "textureWidth": 16,
    "textureHeight": 16,
    "textureSizes": {},
    "textures": {
        "great-steppe-boots-L": "entity/humanoid/seraphclothes/foot/great-steppe-boots-L",
        "great-steppe-boots-R": "entity/humanoid/seraphclothes/foot/great-steppe-boots-R"
    },
    "elements": [
        {
            "name": "shoe R",
            "stepParentName": "PawR",
            "from": [
                -0.1,
                -0.1,
                -0.1
            ],
            "to": [
                4.1,
                5.4,
                3.1
            ],
            "autoUnwrap": false,
            "uv": [
                0,
                0
            ],
            "rotationOrigin": [
                -0.1,
                -0.1,
                -0.1
            ],
            "faces": {
                "north": {
                    "texture": "#great-steppe-boots-R",
                    "uv": [
                        3,
                        10.5,
                        7,
                        16
                    ]
                },
                "east": {
                    "texture": "#great-steppe-boots-R",
                    "uv": [
                        0,
                        10.5,
                        3,
                        16
                    ]
                },
                "south": {
                    "texture": "#great-steppe-boots-R",
                    "uv": [
                        10,
                        10.5,
                        14,
                        16
                    ]
                },
                "west": {
                    "texture": "#great-steppe-boots-R",
                    "uv": [
                        7,
                        10.5,
                        10,
                        16
                    ]
                },
                "up": {
                    "texture": "#great-steppe-boots-R",
                    "uv": [
                        1,
                        0,
                        4,
                        4
                    ],
                    "rotation": 90
                },
                "down": {
                    "texture": "#great-steppe-boots-R",
                    "uv": [
                        0,
                        4,
                        3,
                        8
                    ],
                    "rotation": 90
                }
            },
            "children": [
                {
                    "name": "hideshoeR",
                    "from": [
                        0,
                        0,
                        0
                    ],
                    "to": [
                        1,
                        1,
                        1
                    ],
                    "uv": [
                        0,
                        0
                    ],
                    "faces": {},
                    "children": [
                        {
                            "name": "N fold 1",
                            "from": [
                                0,
                                5.5,
                                0
                            ],
                            "to": [
                                4.2,
                                7,
                                0.2
                            ],
                            "uv": [
                                3,
                                0
                            ],
                            "rotationOrigin": [
                                0,
                                5.5,
                                0.2
                            ],
                            "rotationX": -8,
                            "rotationY": 0,
                            "rotationZ": 0,
                            "faces": {
                                "north": {
                                    "texture": "#great-steppe-boots-R",
                                    "uv": [
                                        3,
                                        9,
                                        7,
                                        10.5
                                    ]
                                },
                                "east": {
                                    "texture": "#great-steppe-boots-R",
                                    "uv": [
                                        3,
                                        9,
                                        3.5,
                                        10.5
                                    ]
                                },
                                "south": {
                                    "texture": "#great-steppe-boots-R",
                                    "uv": [
                                        9.5,
                                        1,
                                        13.5,
                                        2.5
                                    ]
                                },
                                "west": {
                                    "texture": "#great-steppe-boots-R",
                                    "uv": [
                                        6.5,
                                        9,
                                        7,
                                        10.5
                                    ]
                                },
                                "up": {
                                    "texture": "#great-steppe-boots-R",
                                    "uv": [
                                        3,
                                        9,
                                        7,
                                        9.5
                                    ],
                                    "rotation": 180
                                },
                                "down": {
                                    "texture": "#great-steppe-boots-R",
                                    "uv": [
                                        4.5,
                                        0,
                                        8.5,
                                        0.5
                                    ]
                                }
                            }
                        },
                        {
                            "name": "S fold 1",
                            "from": [
                                0,
                                5.5,
                                3
                            ],
                            "to": [
                                4.2,
                                7,
                                3.2
                            ],
                            "uv": [
                                4,
                                1.5
                            ],
                            "rotationOrigin": [
                                0,
                                5.5,
                                3
                            ],
                            "rotationX": 4,
                            "rotationY": 0,
                            "rotationZ": 0,
                            "faces": {
                                "north": {
                                    "texture": "#great-steppe-boots-R",
                                    "uv": [
                                        9.5,
                                        1.5,
                                        13.5,
                                        3
                                    ]
                                },
                                "east": {
                                    "texture": "#great-steppe-boots-R",
                                    "uv": [
                                        13.5,
                                        9,
                                        14,
                                        10.5
                                    ]
                                },
                                "south": {
                                    "texture": "#great-steppe-boots-R",
                                    "uv": [
                                        10,
                                        9,
                                        14,
                                        10.5
                                    ]
                                },
                                "west": {
                                    "texture": "#great-steppe-boots-R",
                                    "uv": [
                                        10,
                                        9,
                                        10.5,
                                        10.5
                                    ]
                                },
                                "up": {
                                    "texture": "#great-steppe-boots-R",
                                    "uv": [
                                        10,
                                        9,
                                        14,
                                        9.5
                                    ]
                                },
                                "down": {
                                    "texture": "#great-steppe-boots-R",
                                    "uv": [
                                        4,
                                        2.5,
                                        8,
                                        3
                                    ]
                                }
                            }
                        },
                        {
                            "name": "back fold 1",
                            "from": [
                                4,
                                5.5,
                                0
                            ],
                            "to": [
                                4.2,
                                7,
                                3.2
                            ],
                            "uv": [
                                0,
                                0
                            ],
                            "rotationOrigin": [
                                4,
                                5.5,
                                0
                            ],
                            "rotationX": 0,
                            "rotationY": 0,
                            "rotationZ": -8,
                            "faces": {
                                "north": {
                                    "texture": "#great-steppe-boots-R",
                                    "uv": [
                                        2.5,
                                        9,
                                        3,
                                        10.5
                                    ]
                                },
                                "east": {
                                    "texture": "#great-steppe-boots-R",
                                    "uv": [
                                        0,
                                        9,
                                        3,
                                        10.5
                                    ]
                                },
                                "south": {
                                    "texture": "#great-steppe-boots-R",
                                    "uv": [
                                        0,
                                        9,
                                        0.5,
                                        10.5
                                    ]
                                },
                                "west": {
                                    "texture": "#great-steppe-boots-R",
                                    "uv": [
                                        7.5,
                                        0,
                                        10.5,
                                        1.5
                                    ]
                                },
                                "up": {
                                    "texture": "#great-steppe-boots-R",
                                    "uv": [
                                        0,
                                        9,
                                        3,
                                        9.5
                                    ],
                                    "rotation": 270
                                },
                                "down": {
                                    "texture": "#great-steppe-boots-R",
                                    "uv": [
                                        0,
                                        0,
                                        0.5,
                                        3
                                    ]
                                }
                            },
                            "children": [
                                {
                                    "name": "Cube18",
                                    "from": [
                                        0,
                                        0,
                                        2.1
                                    ],
                                    "to": [
                                        0.2,
                                        1.5,
                                        2.6
                                    ],
                                    "uv": [
                                        0.5,
                                        9
                                    ],
                                    "rotationOrigin": [
                                        0,
                                        1.5,
                                        2.1
                                    ],
                                    "rotationZ": 10,
                                    "faces": {
                                        "north": {
                                            "texture": "#great-steppe-boots-R",
                                            "uv": [
                                                0.5,
                                                9,
                                                1,
                                                10.5
                                            ]
                                        },
                                        "east": {
                                            "texture": "#great-steppe-boots-R",
                                            "uv": [
                                                0.5,
                                                9,
                                                1,
                                                10.5
                                            ]
                                        },
                                        "south": {
                                            "texture": "#great-steppe-boots-R",
                                            "uv": [
                                                0.5,
                                                9,
                                                1,
                                                10.5
                                            ]
                                        },
                                        "west": {
                                            "texture": "#great-steppe-boots-R",
                                            "uv": [
                                                0.5,
                                                9,
                                                1,
                                                10.5
                                            ]
                                        },
                                        "up": {
                                            "texture": "#great-steppe-boots-R",
                                            "uv": [
                                                0.5,
                                                9,
                                                1,
                                                9.5
                                            ]
                                        },
                                        "down": {
                                            "texture": "#great-steppe-boots-R",
                                            "uv": [
                                                0.5,
                                                10,
                                                1,
                                                10.5
                                            ]
                                        }
                                    }
                                },
                                {
                                    "name": "Cube19",
                                    "from": [
                                        0,
                                        0,
                                        0
                                    ],
                                    "to": [
                                        0.2,
                                        1.5,
                                        0.5
                                    ],
                                    "uv": [
                                        2.5,
                                        9
                                    ],
                                    "rotationOrigin": [
                                        0,
                                        1.5,
                                        0
                                    ],
                                    "rotationZ": 10,
                                    "faces": {
                                        "north": {
                                            "texture": "#great-steppe-boots-R",
                                            "uv": [
                                                2.5,
                                                9,
                                                3,
                                                10.5
                                            ]
                                        },
                                        "east": {
                                            "texture": "#great-steppe-boots-R",
                                            "uv": [
                                                2.5,
                                                9,
                                                3,
                                                10.5
                                            ]
                                        },
                                        "south": {
                                            "texture": "#great-steppe-boots-R",
                                            "uv": [
                                                2.5,
                                                9,
                                                3,
                                                10.5
                                            ]
                                        },
                                        "west": {
                                            "texture": "#great-steppe-boots-R",
                                            "uv": [
                                                2.5,
                                                9,
                                                3,
                                                10.5
                                            ]
                                        },
                                        "up": {
                                            "texture": "#great-steppe-boots-R",
                                            "uv": [
                                                2.5,
                                                9,
                                                3,
                                                9.5
                                            ]
                                        },
                                        "down": {
                                            "texture": "#great-steppe-boots-R",
                                            "uv": [
                                                2.5,
                                                10,
                                                3,
                                                10.5
                                            ]
                                        }
                                    }
                                },
                                {
                                    "name": "Cube20",
                                    "from": [
                                        0,
                                        -0.5,
                                        1.1
                                    ],
                                    "to": [
                                        0.2,
                                        1.5,
                                        1.6
                                    ],
                                    "uv": [
                                        1.5,
                                        9
                                    ],
                                    "rotationOrigin": [
                                        0,
                                        1.5,
                                        1.1
                                    ],
                                    "rotationZ": 10,
                                    "faces": {
                                        "north": {
                                            "texture": "#great-steppe-boots-R",
                                            "uv": [
                                                1.5,
                                                9,
                                                2,
                                                11
                                            ]
                                        },
                                        "east": {
                                            "texture": "#great-steppe-boots-R",
                                            "uv": [
                                                1.5,
                                                9,
                                                2,
                                                11
                                            ]
                                        },
                                        "south": {
                                            "texture": "#great-steppe-boots-R",
                                            "uv": [
                                                1.5,
                                                9,
                                                2,
                                                11
                                            ]
                                        },
                                        "west": {
                                            "texture": "#great-steppe-boots-R",
                                            "uv": [
                                                1.5,
                                                9,
                                                2,
                                                11
                                            ]
                                        },
                                        "up": {
                                            "texture": "#great-steppe-boots-R",
                                            "uv": [
                                                1.5,
                                                9,
                                                2,
                                                9.5
                                            ]
                                        },
                                        "down": {
                                            "texture": "#great-steppe-boots-R",
                                            "uv": [
                                                1.5,
                                                11,
                                                2,
                                                11.5
                                            ]
                                        }
                                    }
                                }
                            ]
                        },
                        {
                            "name": "front fold 1",
                            "from": [
                                0,
                                5.5,
                                0
                            ],
                            "to": [
                                0.2,
                                7,
                                3.2
                            ],
                            "uv": [
                                0,
                                0
                            ],
                            "rotationOrigin": [
                                0.2,
                                5.5,
                                0
                            ],
                            "rotationX": 0,
                            "rotationY": 0,
                            "rotationZ": 8,
                            "faces": {
                                "north": {
                                    "texture": "#great-steppe-boots-R",
                                    "uv": [
                                        6.5,
                                        9,
                                        7,
                                        10.5
                                    ]
                                },
                                "east": {
                                    "texture": "#great-steppe-boots-R",
                                    "uv": [
                                        7.5,
                                        1,
                                        10.5,
                                        2.5
                                    ]
                                },
                                "south": {
                                    "texture": "#great-steppe-boots-R",
                                    "uv": [
                                        9.5,
                                        9,
                                        10,
                                        10.5
                                    ]
                                },
                                "west": {
                                    "texture": "#great-steppe-boots-R",
                                    "uv": [
                                        7,
                                        9,
                                        10,
                                        10.5
                                    ]
                                },
                                "up": {
                                    "texture": "#great-steppe-boots-R",
                                    "uv": [
                                        7,
                                        9,
                                        10,
                                        9.5
                                    ],
                                    "rotation": 90
                                },
                                "down": {
                                    "texture": "#great-steppe-boots-R",
                                    "uv": [
                                        0,
                                        0,
                                        0.5,
                                        3
                                    ]
                                }
                            }
                        },
                        {
                            "name": "lacetopR",
                            "from": [
                                -0.2,
                                4.99,
                                -0.2
                            ],
                            "to": [
                                2,
                                5.49,
                                1.5
                            ],
                            "uv": [
                                4,
                                6
                            ],
                            "rotationOrigin": [
                                -0.1995,
                                5,
                                -0.2
                            ],
                            "rotationX": 0,
                            "rotationY": 0,
                            "rotationZ": 0,
                            "faces": {
                                "north": {
                                    "texture": "#great-steppe-boots-R",
                                    "uv": [
                                        5,
                                        10.5,
                                        7,
                                        11
                                    ]
                                },
                                "east": {
                                    "texture": "#great-steppe-boots-R",
                                    "uv": [
                                        4,
                                        6,
                                        5.5,
                                        6.5
                                    ]
                                },
                                "south": {
                                    "texture": "#great-steppe-boots-R",
                                    "uv": [
                                        7.5,
                                        9,
                                        9.5,
                                        9.5
                                    ]
                                },
                                "west": {
                                    "texture": "#great-steppe-boots-R",
                                    "uv": [
                                        7,
                                        10.5,
                                        8.5,
                                        11
                                    ]
                                },
                                "up": {
                                    "texture": "#great-steppe-boots-R",
                                    "uv": [
                                        4,
                                        6,
                                        5.5,
                                        8
                                    ],
                                    "rotation": 90
                                },
                                "down": {
                                    "texture": "#great-steppe-boots-R",
                                    "uv": [
                                        6.5,
                                        6,
                                        8.5,
                                        7.5
                                    ]
                                }
                            }
                        },
                        {
                            "name": "lacemidR",
                            "from": [
                                -0.2,
                                4,
                                -0.2
                            ],
                            "to": [
                                2,
                                4.5,
                                1.5
                            ],
                            "uv": [
                                4,
                                6
                            ],
                            "rotationOrigin": [
                                -0.1995,
                                4,
                                -0.2
                            ],
                            "rotationX": 0,
                            "rotationY": 0,
                            "rotationZ": 0,
                            "faces": {
                                "north": {
                                    "texture": "#great-steppe-boots-R",
                                    "uv": [
                                        5,
                                        10.5,
                                        7,
                                        11
                                    ]
                                },
                                "east": {
                                    "texture": "#great-steppe-boots-R",
                                    "uv": [
                                        4,
                                        6,
                                        5.5,
                                        6.5
                                    ]
                                },
                                "south": {
                                    "texture": "#great-steppe-boots-R",
                                    "uv": [
                                        7.5,
                                        9,
                                        9.5,
                                        9.5
                                    ]
                                },
                                "west": {
                                    "texture": "#great-steppe-boots-R",
                                    "uv": [
                                        7,
                                        10.5,
                                        8.5,
                                        11
                                    ]
                                },
                                "up": {
                                    "texture": "#great-steppe-boots-R",
                                    "uv": [
                                        4,
                                        6,
                                        5.5,
                                        8
                                    ],
                                    "rotation": 90
                                },
                                "down": {
                                    "texture": "#great-steppe-boots-R",
                                    "uv": [
                                        6.5,
                                        6,
                                        8.5,
                                        7.5
                                    ]
                                }
                            }
                        },
                        {
                            "name": "lacebotR",
                            "from": [
                                -0.2,
                                3,
                                -0.2
                            ],
                            "to": [
                                2,
                                3.5,
                                1.5
                            ],
                            "uv": [
                                4,
                                6
                            ],
                            "rotationOrigin": [
                                -0.1995,
                                3,
                                -0.2
                            ],
                            "rotationX": 0,
                            "rotationY": 0,
                            "rotationZ": 0,
                            "faces": {
                                "north": {
                                    "texture": "#great-steppe-boots-R",
                                    "uv": [
                                        5,
                                        10.5,
                                        7,
                                        11
                                    ]
                                },
                                "east": {
                                    "texture": "#great-steppe-boots-R",
                                    "uv": [
                                        4,
                                        6,
                                        5.5,
                                        6.5
                                    ]
                                },
                                "south": {
                                    "texture": "#great-steppe-boots-R",
                                    "uv": [
                                        7.5,
                                        9,
                                        9.5,
                                        9.5
                                    ]
                                },
                                "west": {
                                    "texture": "#great-steppe-boots-R",
                                    "uv": [
                                        7,
                                        10.5,
                                        8.5,
                                        11
                                    ]
                                },
                                "up": {
                                    "texture": "#great-steppe-boots-R",
                                    "uv": [
                                        4,
                                        6,
                                        5.5,
                                        8
                                    ],
                                    "rotation": 90
                                },
                                "down": {
                                    "texture": "#great-steppe-boots-R",
                                    "uv": [
                                        6.5,
                                        6,
                                        8.5,
                                        7.5
                                    ]
                                }
                            }
                        }
                    ]
                },
                {
                    "name": "showshoeR",
                    "from": [
                        0,
                        5.5,
                        0
                    ],
                    "to": [
                        4.2,
                        7,
                        3.2
                    ],
                    "unwrapMode": 1,
                    "uv": [
                        0,
                        9
                    ],
                    "rotationOrigin": [
                        0,
                        5.5,
                        0
                    ],
                    "faces": {
                        "north": {
                            "texture": "#great-steppe-boots-R",
                            "uv": [
                                3,
                                9,
                                7,
                                10.5
                            ]
                        },
                        "east": {
                            "texture": "#great-steppe-boots-R",
                            "uv": [
                                0,
                                9,
                                3,
                                10.5
                            ]
                        },
                        "south": {
                            "texture": "#great-steppe-boots-R",
                            "uv": [
                                10,
                                9,
                                14,
                                10.5
                            ]
                        },
                        "west": {
                            "texture": "#great-steppe-boots-R",
                            "uv": [
                                7,
                                9,
                                10,
                                10.5
                            ]
                        }
                    }
                }
            ]
        },
        {
            "name": "shoe L",
            "stepParentName": "PawL",
            "from": [
                -0.1,
                -0.1,
                -0.1
            ],
            "to": [
                4.1,
                5.4,
                3.1
            ],
            "autoUnwrap": false,
            "uv": [
                0,
                0
            ],
            "rotationOrigin": [
                -0.1,
                -0.1,
                -0.1
            ],
            "faces": {
                "north": {
                    "texture": "#great-steppe-boots-L",
                    "uv": [
                        0,
                        10.5,
                        4,
                        16
                    ]
                },
                "east": {
                    "texture": "#great-steppe-boots-L",
                    "uv": [
                        11,
                        10.5,
                        14,
                        16
                    ]
                },
                "south": {
                    "texture": "#great-steppe-boots-L",
                    "uv": [
                        7,
                        10.5,
                        11,
                        16
                    ]
                },
                "west": {
                    "texture": "#great-steppe-boots-L",
                    "uv": [
                        4,
                        10.5,
                        7,
                        16
                    ]
                },
                "up": {
                    "texture": "#great-steppe-boots-L",
                    "uv": [
                        0.5,
                        0,
                        3.5,
                        4
                    ],
                    "rotation": 90
                },
                "down": {
                    "texture": "#great-steppe-boots-L",
                    "uv": [
                        0,
                        4,
                        3,
                        8
                    ],
                    "rotation": 90
                }
            },
            "children": [
                {
                    "name": "hideshoeL",
                    "from": [
                        0,
                        5.5,
                        0
                    ],
                    "to": [
                        1,
                        6.5,
                        1
                    ],
                    "uv": [
                        0,
                        0
                    ],
                    "rotationOrigin": [
                        0,
                        5.5,
                        0
                    ],
                    "faces": {},
                    "children": [
                        {
                            "name": "N fold 20",
                            "from": [
                                0,
                                0,
                                0
                            ],
                            "to": [
                                4.2,
                                1.5,
                                0.2
                            ],
                            "uv": [
                                0,
                                0
                            ],
                            "rotationOrigin": [
                                0,
                                0,
                                0.2
                            ],
                            "rotationX": -4,
                            "rotationY": 0,
                            "rotationZ": 0,
                            "faces": {
                                "north": {
                                    "texture": "#great-steppe-boots-L",
                                    "uv": [
                                        0,
                                        9,
                                        4,
                                        10.5
                                    ]
                                },
                                "east": {
                                    "texture": "#great-steppe-boots-L",
                                    "uv": [
                                        0,
                                        9,
                                        0.5,
                                        10.5
                                    ]
                                },
                                "south": {
                                    "texture": "#great-steppe-boots-L",
                                    "uv": [
                                        9.5,
                                        1,
                                        13.5,
                                        2.5
                                    ]
                                },
                                "west": {
                                    "texture": "#great-steppe-boots-L",
                                    "uv": [
                                        3.5,
                                        9,
                                        4,
                                        10.5
                                    ]
                                },
                                "up": {
                                    "texture": "#great-steppe-boots-L",
                                    "uv": [
                                        0,
                                        9,
                                        4,
                                        9.5
                                    ],
                                    "rotation": 180
                                },
                                "down": {
                                    "texture": "#great-steppe-boots-L",
                                    "uv": [
                                        4.5,
                                        0,
                                        8.5,
                                        0.5
                                    ]
                                }
                            }
                        },
                        {
                            "name": "S fold 21",
                            "from": [
                                0,
                                0,
                                3
                            ],
                            "to": [
                                4.2,
                                1.5,
                                3.2
                            ],
                            "uv": [
                                4,
                                1.5
                            ],
                            "rotationOrigin": [
                                0,
                                0,
                                3
                            ],
                            "rotationX": 8,
                            "rotationY": 0,
                            "rotationZ": 0,
                            "faces": {
                                "north": {
                                    "texture": "#great-steppe-boots-L",
                                    "uv": [
                                        9.5,
                                        1.5,
                                        13.5,
                                        3
                                    ]
                                },
                                "east": {
                                    "texture": "#great-steppe-boots-L",
                                    "uv": [
                                        10.5,
                                        9,
                                        11,
                                        10.5
                                    ]
                                },
                                "south": {
                                    "texture": "#great-steppe-boots-L",
                                    "uv": [
                                        7,
                                        9,
                                        11,
                                        10.5
                                    ]
                                },
                                "west": {
                                    "texture": "#great-steppe-boots-L",
                                    "uv": [
                                        7,
                                        9,
                                        7.5,
                                        10.5
                                    ]
                                },
                                "up": {
                                    "texture": "#great-steppe-boots-L",
                                    "uv": [
                                        7,
                                        9,
                                        11,
                                        9.5
                                    ]
                                },
                                "down": {
                                    "texture": "#great-steppe-boots-L",
                                    "uv": [
                                        4,
                                        2.5,
                                        8,
                                        3
                                    ]
                                }
                            }
                        },
                        {
                            "name": "back fold 22",
                            "from": [
                                4,
                                0,
                                0
                            ],
                            "to": [
                                4.2,
                                1.5,
                                3.2
                            ],
                            "uv": [
                                0,
                                0
                            ],
                            "rotationOrigin": [
                                4,
                                0,
                                0
                            ],
                            "rotationX": 0,
                            "rotationY": 0,
                            "rotationZ": -8,
                            "faces": {
                                "north": {
                                    "texture": "#great-steppe-boots-L",
                                    "uv": [
                                        13.5,
                                        9,
                                        14,
                                        10.5
                                    ]
                                },
                                "east": {
                                    "texture": "#great-steppe-boots-L",
                                    "uv": [
                                        11,
                                        9,
                                        14,
                                        10.5
                                    ]
                                },
                                "south": {
                                    "texture": "#great-steppe-boots-L",
                                    "uv": [
                                        11,
                                        9,
                                        11.5,
                                        10.5
                                    ]
                                },
                                "west": {
                                    "texture": "#great-steppe-boots-L",
                                    "uv": [
                                        7.5,
                                        0,
                                        10.5,
                                        1.5
                                    ]
                                },
                                "up": {
                                    "texture": "#great-steppe-boots-L",
                                    "uv": [
                                        11,
                                        9,
                                        14,
                                        9.5
                                    ],
                                    "rotation": 270
                                },
                                "down": {
                                    "texture": "#great-steppe-boots-L",
                                    "uv": [
                                        0,
                                        0,
                                        0.5,
                                        3
                                    ]
                                }
                            },
                            "children": [
                                {
                                    "name": "Cube23",
                                    "from": [
                                        0,
                                        0,
                                        2.7
                                    ],
                                    "to": [
                                        0.2,
                                        1.5,
                                        3.2
                                    ],
                                    "uv": [
                                        11,
                                        9
                                    ],
                                    "rotationOrigin": [
                                        0,
                                        1.5,
                                        2.7
                                    ],
                                    "rotationZ": 10,
                                    "faces": {
                                        "north": {
                                            "texture": "#great-steppe-boots-L",
                                            "uv": [
                                                11,
                                                9,
                                                11.5,
                                                10.5
                                            ]
                                        },
                                        "east": {
                                            "texture": "#great-steppe-boots-L",
                                            "uv": [
                                                11,
                                                9,
                                                11.5,
                                                10.5
                                            ]
                                        },
                                        "south": {
                                            "texture": "#great-steppe-boots-L",
                                            "uv": [
                                                11,
                                                9,
                                                11.5,
                                                10.5
                                            ]
                                        },
                                        "west": {
                                            "texture": "#great-steppe-boots-L",
                                            "uv": [
                                                11,
                                                9,
                                                11.5,
                                                10.5
                                            ]
                                        },
                                        "up": {
                                            "texture": "#great-steppe-boots-L",
                                            "uv": [
                                                11,
                                                9,
                                                11.5,
                                                9.5
                                            ]
                                        },
                                        "down": {
                                            "texture": "#great-steppe-boots-L",
                                            "uv": [
                                                11,
                                                10,
                                                11.5,
                                                10.5
                                            ]
                                        }
                                    }
                                },
                                {
                                    "name": "Cube24",
                                    "from": [
                                        0,
                                        0,
                                        0.6
                                    ],
                                    "to": [
                                        0.2,
                                        1.5,
                                        1.1
                                    ],
                                    "uv": [
                                        13,
                                        9
                                    ],
                                    "rotationOrigin": [
                                        0,
                                        1.5,
                                        0.6
                                    ],
                                    "rotationZ": 10,
                                    "faces": {
                                        "north": {
                                            "texture": "#great-steppe-boots-L",
                                            "uv": [
                                                13,
                                                9,
                                                13.5,
                                                10.5
                                            ]
                                        },
                                        "east": {
                                            "texture": "#great-steppe-boots-L",
                                            "uv": [
                                                13,
                                                9,
                                                13.5,
                                                10.5
                                            ]
                                        },
                                        "south": {
                                            "texture": "#great-steppe-boots-L",
                                            "uv": [
                                                13,
                                                9,
                                                13.5,
                                                10.5
                                            ]
                                        },
                                        "west": {
                                            "texture": "#great-steppe-boots-L",
                                            "uv": [
                                                13,
                                                9,
                                                13.5,
                                                10.5
                                            ]
                                        },
                                        "up": {
                                            "texture": "#great-steppe-boots-L",
                                            "uv": [
                                                13,
                                                9,
                                                13.5,
                                                9.5
                                            ]
                                        },
                                        "down": {
                                            "texture": "#great-steppe-boots-L",
                                            "uv": [
                                                13,
                                                10,
                                                13.5,
                                                10.5
                                            ]
                                        }
                                    }
                                },
                                {
                                    "name": "Cube25",
                                    "from": [
                                        0,
                                        -0.5,
                                        1.6
                                    ],
                                    "to": [
                                        0.2,
                                        1.5,
                                        2.1
                                    ],
                                    "uv": [
                                        12,
                                        9
                                    ],
                                    "rotationOrigin": [
                                        0,
                                        1.5,
                                        1.6
                                    ],
                                    "rotationZ": 10,
                                    "faces": {
                                        "north": {
                                            "texture": "#great-steppe-boots-L",
                                            "uv": [
                                                12,
                                                9,
                                                12.5,
                                                11
                                            ]
                                        },
                                        "east": {
                                            "texture": "#great-steppe-boots-L",
                                            "uv": [
                                                12,
                                                9,
                                                12.5,
                                                11
                                            ]
                                        },
                                        "south": {
                                            "texture": "#great-steppe-boots-L",
                                            "uv": [
                                                12,
                                                9,
                                                12.5,
                                                11
                                            ]
                                        },
                                        "west": {
                                            "texture": "#great-steppe-boots-L",
                                            "uv": [
                                                12,
                                                9,
                                                12.5,
                                                11
                                            ]
                                        },
                                        "up": {
                                            "texture": "#great-steppe-boots-L",
                                            "uv": [
                                                12,
                                                9,
                                                12.5,
                                                9.5
                                            ]
                                        },
                                        "down": {
                                            "texture": "#great-steppe-boots-L",
                                            "uv": [
                                                12,
                                                10.5,
                                                12.5,
                                                11
                                            ]
                                        }
                                    }
                                }
                            ]
                        },
                        {
                            "name": "front fold 26",
                            "from": [
                                0,
                                0,
                                0
                            ],
                            "to": [
                                0.2,
                                1.5,
                                3.2
                            ],
                            "uv": [
                                0,
                                0
                            ],
                            "rotationOrigin": [
                                0.2,
                                0,
                                0
                            ],
                            "rotationX": 0,
                            "rotationY": 0,
                            "rotationZ": 8,
                            "faces": {
                                "north": {
                                    "texture": "#great-steppe-boots-L",
                                    "uv": [
                                        4,
                                        9,
                                        4.5,
                                        10.5
                                    ]
                                },
                                "east": {
                                    "texture": "#great-steppe-boots-L",
                                    "uv": [
                                        7.5,
                                        1,
                                        10.5,
                                        2.5
                                    ]
                                },
                                "south": {
                                    "texture": "#great-steppe-boots-L",
                                    "uv": [
                                        7,
                                        9,
                                        7.5,
                                        10.5
                                    ]
                                },
                                "west": {
                                    "texture": "#great-steppe-boots-L",
                                    "uv": [
                                        4,
                                        9,
                                        7,
                                        10.5
                                    ]
                                },
                                "up": {
                                    "texture": "#great-steppe-boots-L",
                                    "uv": [
                                        4,
                                        9,
                                        7,
                                        9.5
                                    ],
                                    "rotation": 90
                                },
                                "down": {
                                    "texture": "#great-steppe-boots-L",
                                    "uv": [
                                        0,
                                        0,
                                        0.5,
                                        3
                                    ]
                                }
                            }
                        },
                        {
                            "name": "Cube27",
                            "from": [
                                -0.2,
                                -0.51,
                                1.7
                            ],
                            "to": [
                                2,
                                -0.01,
                                3.4
                            ],
                            "uv": [
                                4,
                                6
                            ],
                            "rotationOrigin": [
                                -0.1995,
                                -0.5,
                                1.7
                            ],
                            "rotationX": 0,
                            "rotationY": 0,
                            "rotationZ": 0,
                            "faces": {
                                "north": {
                                    "texture": "#great-steppe-boots-L",
                                    "uv": [
                                        4,
                                        10.5,
                                        6,
                                        11
                                    ]
                                },
                                "east": {
                                    "texture": "#great-steppe-boots-L",
                                    "uv": [
                                        4,
                                        6,
                                        5.5,
                                        6.5
                                    ]
                                },
                                "south": {
                                    "texture": "#great-steppe-boots-L",
                                    "uv": [
                                        7,
                                        10.5,
                                        9,
                                        11
                                    ]
                                },
                                "west": {
                                    "texture": "#great-steppe-boots-L",
                                    "uv": [
                                        5.5,
                                        10.5,
                                        7,
                                        11
                                    ]
                                },
                                "up": {
                                    "texture": "#great-steppe-boots-L",
                                    "uv": [
                                        4,
                                        6,
                                        5.5,
                                        8
                                    ],
                                    "rotation": 90
                                },
                                "down": {
                                    "texture": "#great-steppe-boots-L",
                                    "uv": [
                                        6.5,
                                        6,
                                        8.5,
                                        7.5
                                    ],
                                    "rotation": 180
                                }
                            }
                        },
                        {
                            "name": "Cube28",
                            "from": [
                                -0.2,
                                -1.5,
                                1.7
                            ],
                            "to": [
                                2,
                                -1,
                                3.4
                            ],
                            "uv": [
                                4,
                                6
                            ],
                            "rotationOrigin": [
                                -0.1995,
                                -1.5,
                                1.7
                            ],
                            "rotationX": 0,
                            "rotationY": 0,
                            "rotationZ": 0,
                            "faces": {
                                "north": {
                                    "texture": "#great-steppe-boots-L",
                                    "uv": [
                                        4,
                                        11.5,
                                        6,
                                        12
                                    ]
                                },
                                "east": {
                                    "texture": "#great-steppe-boots-L",
                                    "uv": [
                                        4,
                                        6,
                                        5.5,
                                        6.5
                                    ]
                                },
                                "south": {
                                    "texture": "#great-steppe-boots-L",
                                    "uv": [
                                        7,
                                        11.5,
                                        9,
                                        12
                                    ]
                                },
                                "west": {
                                    "texture": "#great-steppe-boots-L",
                                    "uv": [
                                        5.5,
                                        11.5,
                                        7,
                                        12
                                    ]
                                },
                                "up": {
                                    "texture": "#great-steppe-boots-L",
                                    "uv": [
                                        4,
                                        6,
                                        5.5,
                                        8
                                    ],
                                    "rotation": 90
                                },
                                "down": {
                                    "texture": "#great-steppe-boots-L",
                                    "uv": [
                                        6.5,
                                        6,
                                        8.5,
                                        7.5
                                    ],
                                    "rotation": 180
                                }
                            }
                        },
                        {
                            "name": "Cube29",
                            "from": [
                                -0.2,
                                -2.5,
                                1.7
                            ],
                            "to": [
                                2,
                                -2,
                                3.4
                            ],
                            "uv": [
                                4,
                                6
                            ],
                            "rotationOrigin": [
                                -0.1995,
                                -2.5,
                                1.7
                            ],
                            "rotationX": 0,
                            "rotationY": 0,
                            "rotationZ": 0,
                            "faces": {
                                "north": {
                                    "texture": "#great-steppe-boots-L",
                                    "uv": [
                                        4,
                                        12.5,
                                        6,
                                        13
                                    ]
                                },
                                "east": {
                                    "texture": "#great-steppe-boots-L",
                                    "uv": [
                                        4,
                                        6,
                                        5.5,
                                        6.5
                                    ]
                                },
                                "south": {
                                    "texture": "#great-steppe-boots-L",
                                    "uv": [
                                        7,
                                        12.5,
                                        9,
                                        13
                                    ]
                                },
                                "west": {
                                    "texture": "#great-steppe-boots-L",
                                    "uv": [
                                        5.5,
                                        12.5,
                                        7,
                                        13
                                    ]
                                },
                                "up": {
                                    "texture": "#great-steppe-boots-L",
                                    "uv": [
                                        4,
                                        6,
                                        5.5,
                                        8
                                    ],
                                    "rotation": 90
                                },
                                "down": {
                                    "texture": "#great-steppe-boots-L",
                                    "uv": [
                                        6.5,
                                        6,
                                        8.5,
                                        7.5
                                    ],
                                    "rotation": 180
                                }
                            }
                        }
                    ]
                },
                {
                    "name": "showshoeL",
                    "from": [
                        0,
                        5.5,
                        0
                    ],
                    "to": [
                        4.2,
                        7,
                        3.2
                    ],
                    "unwrapMode": 4,
                    "uv": [
                        0,
                        9
                    ],
                    "rotationOrigin": [
                        0,
                        5.5,
                        0
                    ],
                    "faces": {
                        "north": {
                            "texture": "#great-steppe-boots-L",
                            "uv": [
                                0,
                                9,
                                4,
                                10.5
                            ]
                        },
                        "east": {
                            "texture": "#great-steppe-boots-L",
                            "uv": [
                                11,
                                9,
                                14,
                                10.5
                            ]
                        },
                        "south": {
                            "texture": "#great-steppe-boots-L",
                            "uv": [
                                7,
                                9,
                                11,
                                10.5
                            ]
                        },
                        "west": {
                            "texture": "#great-steppe-boots-L",
                            "uv": [
                                4,
                                9,
                                7,
                                10.5
                            ]
                        }
                    }
                }
            ]
        }
    ],
    "animations": [
        {
            "name": "Walk",
            "code": "walk",
            "quantityframes": 25,
            "onActivityStopped": "Rewind",
            "onAnimationEnd": "Repeat",
            "keyframes": []
        }
    ]
}