{
    "editor": {
        "backDropShape": "entity/humanoid/kobold",
        "allAngles": true,
        "entityTextureMode": true
    },
    "textureWidth": 16,
    "textureHeight": 16,
    "textureSizes": {
        "shoes-malefactor-R": [
            16,
            16
        ],
        "shoes-malefactor-L": [
            16,
            16
        ],
        "linen": [
            64,
            64
        ]
    },
    "textures": {
        "shoes-malefactor-L": "entity/humanoid/seraphclothes/foot/malefactor-boots-l",
        "shoes-malefactor-R": "entity/humanoid/seraphclothes/foot/malefactor-boots-r"
    },
    "elements": [
        {
            "name": "shoe R",
            "stepParentName": "PawR",
            "from": [
                -0.1,
                -0.1,
                -0.1
            ],
            "to": [
                4.1,
                6.4,
                3.1
            ],
            "autoUnwrap": false,
            "uv": [
                0,
                0
            ],
            "rotationOrigin": [
                -0.1,
                -0.1,
                -0.1
            ],
            "faces": {
                "north": {
                    "texture": "#shoes-malefactor-R",
                    "uv": [
                        3,
                        9.5,
                        7,
                        16
                    ]
                },
                "east": {
                    "texture": "#shoes-malefactor-R",
                    "uv": [
                        0,
                        9.5,
                        3,
                        16
                    ]
                },
                "south": {
                    "texture": "#shoes-malefactor-R",
                    "uv": [
                        10,
                        9.5,
                        14,
                        16
                    ]
                },
                "west": {
                    "texture": "#shoes-malefactor-R",
                    "uv": [
                        7,
                        9.5,
                        10,
                        16
                    ]
                },
                "up": {
                    "texture": "#shoes-malefactor-R",
                    "uv": [
                        4,
                        0,
                        7,
                        4
                    ],
                    "rotation": 90
                },
                "down": {
                    "texture": "#shoes-malefactor-R",
                    "uv": [
                        0,
                        0,
                        3,
                        4
                    ],
                    "rotation": 90
                }
            },
            "children": [
                {
                    "name": "hideshoeR",
                    "from": [
                        0,
                        0,
                        0
                    ],
                    "to": [
                        1,
                        1,
                        1
                    ],
                    "uv": [
                        999,
                        999
                    ],
                    "faces": {},
                    "children": [
                        {
                            "name": "N fold 1",
                            "from": [
                                0,
                                6.5,
                                0
                            ],
                            "to": [
                                4.2,
                                9,
                                0.2
                            ],
                            "autoUnwrap": false,
                            "uv": [
                                3,
                                0
                            ],
                            "rotationOrigin": [
                                0,
                                6.5,
                                0.2
                            ],
                            "rotationX": -6,
                            "faces": {
                                "north": {
                                    "texture": "#shoes-malefactor-R",
                                    "uv": [
                                        3,
                                        7,
                                        7,
                                        9.5
                                    ]
                                },
                                "east": {
                                    "texture": "#shoes-malefactor-R",
                                    "uv": [
                                        3,
                                        7,
                                        3.5,
                                        9.5
                                    ]
                                },
                                "south": {
                                    "texture": "#shoes-malefactor-R",
                                    "uv": [
                                        9.5,
                                        1,
                                        13.5,
                                        3.5
                                    ]
                                },
                                "west": {
                                    "texture": "#shoes-malefactor-R",
                                    "uv": [
                                        6.5,
                                        7,
                                        7,
                                        9.5
                                    ]
                                },
                                "up": {
                                    "texture": "#shoes-malefactor-R",
                                    "uv": [
                                        3,
                                        7,
                                        7,
                                        7.5
                                    ],
                                    "rotation": 180
                                },
                                "down": {
                                    "texture": "#shoes-malefactor-R",
                                    "uv": [
                                        4.5,
                                        0,
                                        8.5,
                                        0.5
                                    ]
                                }
                            }
                        },
                        {
                            "name": "S fold 1",
                            "from": [
                                0,
                                6.5,
                                3
                            ],
                            "to": [
                                4.2,
                                9,
                                3.2
                            ],
                            "autoUnwrap": false,
                            "uv": [
                                4,
                                1.5
                            ],
                            "rotationOrigin": [
                                0,
                                6.5,
                                3
                            ],
                            "rotationX": 4,
                            "faces": {
                                "north": {
                                    "texture": "#shoes-malefactor-R",
                                    "uv": [
                                        9.5,
                                        1.5,
                                        13.5,
                                        4
                                    ]
                                },
                                "east": {
                                    "texture": "#shoes-malefactor-R",
                                    "uv": [
                                        13.5,
                                        7,
                                        14,
                                        9.5
                                    ]
                                },
                                "south": {
                                    "texture": "#shoes-malefactor-R",
                                    "uv": [
                                        10,
                                        7,
                                        14,
                                        9.5
                                    ]
                                },
                                "west": {
                                    "texture": "#shoes-malefactor-R",
                                    "uv": [
                                        10,
                                        7,
                                        10.5,
                                        9.5
                                    ]
                                },
                                "up": {
                                    "texture": "#shoes-malefactor-R",
                                    "uv": [
                                        10,
                                        7,
                                        14,
                                        7.5
                                    ]
                                },
                                "down": {
                                    "texture": "#shoes-malefactor-R",
                                    "uv": [
                                        4,
                                        2.5,
                                        8,
                                        3
                                    ]
                                }
                            }
                        },
                        {
                            "name": "back fold 1",
                            "from": [
                                4,
                                6.5,
                                0
                            ],
                            "to": [
                                4.2,
                                9,
                                3.2
                            ],
                            "autoUnwrap": false,
                            "uv": [
                                0,
                                0
                            ],
                            "rotationOrigin": [
                                4,
                                6.5,
                                0
                            ],
                            "rotationZ": -6,
                            "faces": {
                                "north": {
                                    "texture": "#shoes-malefactor-R",
                                    "uv": [
                                        2.5,
                                        7,
                                        3,
                                        9.5
                                    ]
                                },
                                "east": {
                                    "texture": "#shoes-malefactor-R",
                                    "uv": [
                                        0,
                                        7,
                                        3,
                                        9.5
                                    ]
                                },
                                "south": {
                                    "texture": "#shoes-malefactor-R",
                                    "uv": [
                                        0,
                                        7,
                                        0.5,
                                        9.5
                                    ]
                                },
                                "west": {
                                    "texture": "#shoes-malefactor-R",
                                    "uv": [
                                        7.5,
                                        0,
                                        10.5,
                                        2.5
                                    ]
                                },
                                "up": {
                                    "texture": "#shoes-malefactor-R",
                                    "uv": [
                                        0,
                                        7,
                                        3,
                                        7.5
                                    ],
                                    "rotation": 270
                                },
                                "down": {
                                    "texture": "#shoes-malefactor-R",
                                    "uv": [
                                        0,
                                        0,
                                        0.5,
                                        3
                                    ]
                                }
                            }
                        },
                        {
                            "name": "front fold 1",
                            "from": [
                                0,
                                6.5,
                                0
                            ],
                            "to": [
                                0.2,
                                9,
                                3.2
                            ],
                            "autoUnwrap": false,
                            "uv": [
                                0,
                                0
                            ],
                            "rotationOrigin": [
                                0.2,
                                6.5,
                                0
                            ],
                            "rotationZ": 6,
                            "faces": {
                                "north": {
                                    "texture": "#shoes-malefactor-R",
                                    "uv": [
                                        6.5,
                                        7,
                                        7,
                                        9.5
                                    ]
                                },
                                "east": {
                                    "texture": "#shoes-malefactor-R",
                                    "uv": [
                                        7.5,
                                        1,
                                        10.5,
                                        3.5
                                    ]
                                },
                                "south": {
                                    "texture": "#shoes-malefactor-R",
                                    "uv": [
                                        9.5,
                                        7,
                                        10,
                                        9.5
                                    ]
                                },
                                "west": {
                                    "texture": "#shoes-malefactor-R",
                                    "uv": [
                                        7,
                                        7,
                                        10,
                                        9.5
                                    ]
                                },
                                "up": {
                                    "texture": "#shoes-malefactor-R",
                                    "uv": [
                                        7,
                                        7,
                                        10,
                                        7.5
                                    ],
                                    "rotation": 90
                                },
                                "down": {
                                    "texture": "#shoes-malefactor-R",
                                    "uv": [
                                        0,
                                        0,
                                        0.5,
                                        3
                                    ]
                                }
                            }
                        }
                    ]
                },
                {
                    "name": "showshoeR",
                    "from": [
                        0,
                        6.5,
                        0
                    ],
                    "to": [
                        4.2,
                        9,
                        3.2
                    ],
                    "autoUnwrap": false,
                    "uv": [
                        0,
                        0
                    ],
                    "rotationOrigin": [
                        0,
                        6.5,
                        0
                    ],
                    "faces": {
                        "north": {
                            "texture": "#shoes-malefactor-L",
                            "uv": [
                                3,
                                7,
                                7,
                                9.5
                            ]
                        },
                        "east": {
                            "texture": "#shoes-malefactor-L",
                            "uv": [
                                0,
                                7,
                                3,
                                9.5
                            ]
                        },
                        "south": {
                            "texture": "#shoes-malefactor-L",
                            "uv": [
                                10,
                                7,
                                14,
                                9.5
                            ]
                        },
                        "west": {
                            "texture": "#shoes-malefactor-L",
                            "uv": [
                                7,
                                7,
                                10,
                                9.5
                            ]
                        },
                        "up": {
                            "texture": "#shoes-malefactor-L",
                            "uv": [
                                0,
                                0,
                                3,
                                4
                            ],
                            "rotation": 90,
                            "windMode": [
                                -1,
                                -1,
                                -1,
                                -1
                            ]
                        }
                    }
                }
            ]
        },
        {
            "name": "shoe L",
            "stepParentName": "PawL",
            "from": [
                -0.1,
                -0.1,
                -0.1
            ],
            "to": [
                4.1,
                6.4,
                3.1
            ],
            "autoUnwrap": false,
            "uv": [
                0,
                0
            ],
            "rotationOrigin": [
                -0.1,
                -0.1,
                -0.1
            ],
            "faces": {
                "north": {
                    "texture": "#shoes-malefactor-L",
                    "uv": [
                        0,
                        9.5,
                        4,
                        16
                    ]
                },
                "east": {
                    "texture": "#shoes-malefactor-L",
                    "uv": [
                        11,
                        9.5,
                        14,
                        16
                    ]
                },
                "south": {
                    "texture": "#shoes-malefactor-L",
                    "uv": [
                        7,
                        9.5,
                        11,
                        16
                    ]
                },
                "west": {
                    "texture": "#shoes-malefactor-L",
                    "uv": [
                        4,
                        9.5,
                        7,
                        16
                    ]
                },
                "up": {
                    "texture": "#shoes-malefactor-L",
                    "uv": [
                        4,
                        0,
                        7,
                        4
                    ],
                    "rotation": 90,
                    "windMode": [
                        -1,
                        -1,
                        -1,
                        -1
                    ]
                },
                "down": {
                    "texture": "#shoes-malefactor-L",
                    "uv": [
                        0,
                        0,
                        3,
                        4
                    ],
                    "rotation": 90
                }
            },
            "children": [
                {
                    "name": "hideshoeL",
                    "from": [
                        0,
                        0,
                        0
                    ],
                    "to": [
                        1,
                        1,
                        1
                    ],
                    "uv": [
                        999,
                        999
                    ],
                    "faces": {},
                    "children": [
                        {
                            "name": "N fold 2",
                            "from": [
                                0,
                                6.5,
                                0
                            ],
                            "to": [
                                4.2,
                                9,
                                0.2
                            ],
                            "autoUnwrap": false,
                            "uv": [
                                0,
                                0.5
                            ],
                            "rotationOrigin": [
                                0,
                                6.5,
                                0.2
                            ],
                            "rotationX": -4,
                            "faces": {
                                "north": {
                                    "texture": "#shoes-malefactor-L",
                                    "uv": [
                                        0,
                                        7,
                                        4,
                                        9.5
                                    ]
                                },
                                "east": {
                                    "texture": "#shoes-malefactor-L",
                                    "uv": [
                                        0,
                                        7,
                                        0.5,
                                        9.5
                                    ]
                                },
                                "south": {
                                    "texture": "#shoes-malefactor-L",
                                    "uv": [
                                        11,
                                        0.5,
                                        15,
                                        3
                                    ]
                                },
                                "west": {
                                    "texture": "#shoes-malefactor-L",
                                    "uv": [
                                        3.5,
                                        7,
                                        4,
                                        9.5
                                    ]
                                },
                                "up": {
                                    "texture": "#shoes-malefactor-L",
                                    "uv": [
                                        0,
                                        7,
                                        4,
                                        7.5
                                    ],
                                    "rotation": 180
                                },
                                "down": {
                                    "texture": "#shoes-malefactor-L",
                                    "uv": [
                                        3.5,
                                        1.5,
                                        7.5,
                                        2
                                    ]
                                }
                            }
                        },
                        {
                            "name": "S fold 2",
                            "from": [
                                0,
                                6.5,
                                3
                            ],
                            "to": [
                                4.2,
                                9,
                                3.2
                            ],
                            "autoUnwrap": false,
                            "uv": [
                                7,
                                1
                            ],
                            "rotationOrigin": [
                                0,
                                6.5,
                                3
                            ],
                            "rotationX": 6,
                            "faces": {
                                "north": {
                                    "texture": "#shoes-malefactor-L",
                                    "uv": [
                                        7,
                                        1,
                                        11,
                                        3.5
                                    ]
                                },
                                "east": {
                                    "texture": "#shoes-malefactor-L",
                                    "uv": [
                                        10.5,
                                        7,
                                        11,
                                        9.5
                                    ]
                                },
                                "south": {
                                    "texture": "#shoes-malefactor-L",
                                    "uv": [
                                        7,
                                        7,
                                        11,
                                        9.5
                                    ]
                                },
                                "west": {
                                    "texture": "#shoes-malefactor-L",
                                    "uv": [
                                        7,
                                        7,
                                        7.5,
                                        9.5
                                    ]
                                },
                                "up": {
                                    "texture": "#shoes-malefactor-L",
                                    "uv": [
                                        7,
                                        7,
                                        11,
                                        7.5
                                    ]
                                },
                                "down": {
                                    "texture": "#shoes-malefactor-L",
                                    "uv": [
                                        8.5,
                                        2,
                                        12.5,
                                        2.5
                                    ]
                                }
                            }
                        },
                        {
                            "name": "back fold 2",
                            "from": [
                                4,
                                6.5,
                                0
                            ],
                            "to": [
                                4.2,
                                9,
                                3.2
                            ],
                            "autoUnwrap": false,
                            "uv": [
                                4,
                                0.5
                            ],
                            "rotationOrigin": [
                                4,
                                6.5,
                                0
                            ],
                            "rotationZ": -6,
                            "faces": {
                                "north": {
                                    "texture": "#shoes-malefactor-L",
                                    "uv": [
                                        13.5,
                                        7,
                                        14,
                                        9.5
                                    ]
                                },
                                "east": {
                                    "texture": "#shoes-malefactor-L",
                                    "uv": [
                                        11,
                                        7,
                                        14,
                                        9.5
                                    ]
                                },
                                "south": {
                                    "texture": "#shoes-malefactor-L",
                                    "uv": [
                                        11,
                                        7,
                                        11.5,
                                        9.5
                                    ]
                                },
                                "west": {
                                    "texture": "#shoes-malefactor-L",
                                    "uv": [
                                        8.5,
                                        1,
                                        11.5,
                                        3.5
                                    ]
                                },
                                "up": {
                                    "texture": "#shoes-malefactor-L",
                                    "uv": [
                                        11,
                                        7,
                                        14,
                                        7.5
                                    ],
                                    "rotation": 270
                                },
                                "down": {
                                    "texture": "#shoes-malefactor-L",
                                    "uv": [
                                        4,
                                        0.5,
                                        4.5,
                                        3.5
                                    ]
                                }
                            }
                        },
                        {
                            "name": "front fold 2",
                            "from": [
                                0,
                                6.5,
                                0
                            ],
                            "to": [
                                0.2,
                                9,
                                3.2
                            ],
                            "autoUnwrap": false,
                            "uv": [
                                4,
                                0
                            ],
                            "rotationOrigin": [
                                0.2,
                                6.5,
                                0
                            ],
                            "rotationZ": 6,
                            "faces": {
                                "north": {
                                    "texture": "#shoes-malefactor-L",
                                    "uv": [
                                        4,
                                        7,
                                        4.5,
                                        9.5
                                    ]
                                },
                                "east": {
                                    "texture": "#shoes-malefactor-L",
                                    "uv": [
                                        7.5,
                                        1,
                                        10.5,
                                        3.5
                                    ]
                                },
                                "south": {
                                    "texture": "#shoes-malefactor-L",
                                    "uv": [
                                        6.5,
                                        7,
                                        7,
                                        9.5
                                    ]
                                },
                                "west": {
                                    "texture": "#shoes-malefactor-L",
                                    "uv": [
                                        4,
                                        7,
                                        7,
                                        9.5
                                    ]
                                },
                                "up": {
                                    "texture": "#shoes-malefactor-L",
                                    "uv": [
                                        4,
                                        7,
                                        7,
                                        7.5
                                    ],
                                    "rotation": 90
                                },
                                "down": {
                                    "texture": "#shoes-malefactor-L",
                                    "uv": [
                                        10.5,
                                        0,
                                        11,
                                        3
                                    ]
                                }
                            }
                        }
                    ]
                },
                {
                    "name": "showshoeL",
                    "from": [
                        0,
                        6.5,
                        0
                    ],
                    "to": [
                        4.2,
                        9,
                        3.2
                    ],
                    "autoUnwrap": false,
                    "uv": [
                        0,
                        0
                    ],
                    "rotationOrigin": [
                        0,
                        6.5,
                        0
                    ],
                    "faces": {
                        "north": {
                            "texture": "#shoes-malefactor-L",
                            "uv": [
                                0,
                                7,
                                4,
                                9.5
                            ]
                        },
                        "east": {
                            "texture": "#shoes-malefactor-L",
                            "uv": [
                                11,
                                7,
                                14,
                                9.5
                            ]
                        },
                        "south": {
                            "texture": "#shoes-malefactor-L",
                            "uv": [
                                7,
                                7,
                                11,
                                9.5
                            ]
                        },
                        "west": {
                            "texture": "#shoes-malefactor-L",
                            "uv": [
                                4,
                                7,
                                7,
                                9.5
                            ]
                        },
                        "up": {
                            "texture": "#shoes-malefactor-L",
                            "uv": [
                                0,
                                0,
                                3,
                                4
                            ],
                            "rotation": 90,
                            "windMode": [
                                -1,
                                -1,
                                -1,
                                -1
                            ]
                        }
                    }
                }
            ]
        }
    ],
    "animations": [
        {
            "name": "Walk",
            "code": "walk",
            "quantityframes": 25,
            "onActivityStopped": "Rewind",
            "onAnimationEnd": "Repeat",
            "keyframes": []
        }
    ]
}