{
    "editor": {
        "backDropShape": "entity/humanoid/kobold",
        "collapsedPaths": "Root/shoe L/front fold 26/LwoolW1,Root/ShoeR/RflapN/RwoolN1,Root/ShoeR,Root/shoe R/RbackFold,Root/shoe R/RflapN/RwoolN1,Root/shoe R/front 1,Root/shoe R/RflapW,Root/shoe R/RflapS,Root/shoe R/RflapN,Root/shoe L/front fold 26,Root/ShoeL/Lback fold 25,Root/ShoeR/RflapS,Root/shoe L/N fold 23,Root/shoe L/back fold 25,Root/KneeFlapR/LbackWool6,Root/shoe R/RflapE,Root/shoe L/Lback fold 25,Root/shoe L/N fold 23/LfoldN1,Root/shoe R/Rknot,Root/shoe L/LacesR1,Root/shoe L/S fold 24/LWoolS1,Root/shoe L/LacesL1,Root/shoe L/front16,Root/ShoeR/RflapE,Root/ShoeR/RflapN,Root/ShoeL/S fold 24,Root/shoe L/front 26,Root/ShoeL/N fold 23,Root/KneeFlapL/LwoolW1",
        "allAngles": true,
        "entityTextureMode": false
    },
    "textureWidth": 16,
    "textureHeight": 16,
    "textureSizes": {},
    "textures": {
        "shoes-marketeer": "entity/humanoid/seraphclothes/foot/marketeer"
    },
    "elements": [
        {
            "name": "shoe R",
            "stepParentName": "PawR",
            "from": [
                -0.1,
                -0.1,
                -0.1
            ],
            "to": [
                4.1,
                0.9,
                3.1
            ],
            "rotationOrigin": [
                -0.1,
                -0.1,
                -0.1
            ],
            "faces": {
                "north": {
                    "texture": "#shoes-marketeer",
                    "uv": [
                        3,
                        15,
                        7,
                        16
                    ]
                },
                "east": {
                    "texture": "#shoes-marketeer",
                    "uv": [
                        0,
                        15,
                        3,
                        16
                    ]
                },
                "south": {
                    "texture": "#shoes-marketeer",
                    "uv": [
                        10,
                        15,
                        14,
                        16
                    ]
                },
                "west": {
                    "texture": "#shoes-marketeer",
                    "uv": [
                        7,
                        15,
                        10,
                        16
                    ]
                },
                "up": {
                    "texture": "#shoes-marketeer",
                    "uv": [
                        12,
                        0,
                        16,
                        3
                    ]
                },
                "down": {
                    "texture": "#shoes-marketeer",
                    "uv": [
                        0,
                        4,
                        3,
                        8
                    ],
                    "rotation": 90
                }
            },
            "children": [
                {
                    "name": "N fold 20",
                    "from": [
                        0,
                        1,
                        0
                    ],
                    "to": [
                        0.5,
                        2.5,
                        0.2
                    ],
                    "rotationOrigin": [
                        0,
                        1,
                        0.2
                    ],
                    "rotationX": -6,
                    "faces": {
                        "north": {
                            "texture": "#shoes-marketeer",
                            "uv": [
                                6.5,
                                13.5,
                                7,
                                15
                            ]
                        },
                        "east": {
                            "texture": "#shoes-marketeer",
                            "uv": [
                                6.5,
                                13.5,
                                7,
                                15
                            ]
                        },
                        "south": {
                            "texture": "#shoes-marketeer",
                            "uv": [
                                2.5,
                                1,
                                3,
                                2.5
                            ]
                        },
                        "west": {
                            "texture": "#shoes-marketeer",
                            "uv": [
                                6.5,
                                13.5,
                                7,
                                15
                            ]
                        },
                        "up": {
                            "texture": "#shoes-marketeer",
                            "uv": [
                                6.5,
                                13.5,
                                7,
                                14
                            ]
                        },
                        "down": {
                            "texture": "#shoes-marketeer",
                            "uv": [
                                0,
                                0,
                                0.5,
                                0.5
                            ]
                        }
                    }
                },
                {
                    "name": "S fold 21",
                    "from": [
                        0,
                        1,
                        3
                    ],
                    "to": [
                        0.5,
                        2.5,
                        3.2
                    ],
                    "rotationOrigin": [
                        0,
                        1,
                        3
                    ],
                    "rotationX": 6,
                    "faces": {
                        "north": {
                            "texture": "#shoes-marketeer",
                            "uv": [
                                0,
                                0,
                                0.5,
                                1.5
                            ]
                        },
                        "east": {
                            "texture": "#shoes-marketeer",
                            "uv": [
                                10,
                                13.5,
                                10.5,
                                15
                            ]
                        },
                        "south": {
                            "texture": "#shoes-marketeer",
                            "uv": [
                                10,
                                13.5,
                                10.5,
                                15
                            ]
                        },
                        "west": {
                            "texture": "#shoes-marketeer",
                            "uv": [
                                10,
                                13.5,
                                10.5,
                                15
                            ]
                        },
                        "up": {
                            "texture": "#shoes-marketeer",
                            "uv": [
                                10,
                                13.5,
                                10.5,
                                14
                            ]
                        },
                        "down": {
                            "texture": "#shoes-marketeer",
                            "uv": [
                                0,
                                0,
                                0.5,
                                0.5
                            ]
                        }
                    }
                },
                {
                    "name": "back fold 1",
                    "from": [
                        4,
                        1,
                        0.5
                    ],
                    "to": [
                        4.2,
                        2.5,
                        2.7
                    ],
                    "rotationOrigin": [
                        4,
                        1,
                        0.5
                    ],
                    "rotationZ": -15,
                    "faces": {
                        "north": {
                            "texture": "#shoes-marketeer",
                            "uv": [
                                2,
                                13.5,
                                2.5,
                                15
                            ]
                        },
                        "east": {
                            "texture": "#shoes-marketeer",
                            "uv": [
                                0.5,
                                13.5,
                                2.5,
                                15
                            ]
                        },
                        "south": {
                            "texture": "#shoes-marketeer",
                            "uv": [
                                0.5,
                                13.5,
                                1,
                                15
                            ]
                        },
                        "west": {
                            "texture": "#shoes-marketeer",
                            "uv": [
                                0,
                                0,
                                2,
                                1.5
                            ]
                        },
                        "up": {
                            "texture": "#shoes-marketeer",
                            "uv": [
                                0.5,
                                13.5,
                                2.5,
                                14
                            ],
                            "rotation": 270
                        },
                        "down": {
                            "texture": "#shoes-marketeer",
                            "uv": [
                                0,
                                0,
                                0.5,
                                2
                            ]
                        }
                    }
                },
                {
                    "name": "front 1",
                    "from": [
                        0,
                        1,
                        0.5
                    ],
                    "to": [
                        0.2,
                        3,
                        2.7
                    ],
                    "rotationOrigin": [
                        0.2,
                        1,
                        0.5
                    ],
                    "rotationZ": 17,
                    "faces": {
                        "north": {
                            "texture": "#shoes-marketeer",
                            "uv": [
                                7.5,
                                13,
                                8,
                                15
                            ]
                        },
                        "east": {
                            "texture": "#shoes-marketeer",
                            "uv": [
                                7.5,
                                1,
                                9.5,
                                3
                            ]
                        },
                        "south": {
                            "texture": "#shoes-marketeer",
                            "uv": [
                                9,
                                13,
                                9.5,
                                15
                            ]
                        },
                        "west": {
                            "texture": "#shoes-marketeer",
                            "uv": [
                                7.5,
                                13,
                                9.5,
                                15
                            ]
                        },
                        "up": {
                            "texture": "#shoes-marketeer",
                            "uv": [
                                7.5,
                                13,
                                9.5,
                                13.5
                            ],
                            "rotation": 90
                        },
                        "down": {
                            "texture": "#shoes-marketeer",
                            "uv": [
                                0,
                                0,
                                0.5,
                                2
                            ]
                        }
                    }
                },
                {
                    "name": "N fold 19",
                    "from": [
                        0.5,
                        1,
                        0
                    ],
                    "to": [
                        4.2,
                        2,
                        0.2
                    ],
                    "rotationOrigin": [
                        0.5,
                        1,
                        0.2
                    ],
                    "rotationX": -10,
                    "faces": {
                        "north": {
                            "texture": "#shoes-marketeer",
                            "uv": [
                                3,
                                14,
                                6.5,
                                15
                            ]
                        },
                        "east": {
                            "texture": "#shoes-marketeer",
                            "uv": [
                                3,
                                14,
                                3.5,
                                15
                            ]
                        },
                        "south": {
                            "texture": "#shoes-marketeer",
                            "uv": [
                                0,
                                0,
                                3.5,
                                1
                            ]
                        },
                        "west": {
                            "texture": "#shoes-marketeer",
                            "uv": [
                                6,
                                14,
                                6.5,
                                15
                            ]
                        },
                        "up": {
                            "texture": "#shoes-marketeer",
                            "uv": [
                                3,
                                14,
                                6.5,
                                14.5
                            ]
                        },
                        "down": {
                            "texture": "#shoes-marketeer",
                            "uv": [
                                0,
                                0,
                                3.5,
                                0.5
                            ]
                        }
                    }
                },
                {
                    "name": "S fold 18",
                    "from": [
                        0.5,
                        1,
                        3
                    ],
                    "to": [
                        4.2,
                        2,
                        3.2
                    ],
                    "rotationOrigin": [
                        0.5,
                        1,
                        3
                    ],
                    "rotationX": 10,
                    "faces": {
                        "north": {
                            "texture": "#shoes-marketeer",
                            "uv": [
                                4,
                                0.5,
                                7.5,
                                1.5
                            ]
                        },
                        "east": {
                            "texture": "#shoes-marketeer",
                            "uv": [
                                13.5,
                                14,
                                14,
                                15
                            ]
                        },
                        "south": {
                            "texture": "#shoes-marketeer",
                            "uv": [
                                10.5,
                                14,
                                14,
                                15
                            ]
                        },
                        "west": {
                            "texture": "#shoes-marketeer",
                            "uv": [
                                10.5,
                                14,
                                11,
                                15
                            ]
                        },
                        "up": {
                            "texture": "#shoes-marketeer",
                            "uv": [
                                10.5,
                                14,
                                14,
                                14.5
                            ]
                        },
                        "down": {
                            "texture": "#shoes-marketeer",
                            "uv": [
                                0,
                                0,
                                3.5,
                                0.5
                            ]
                        }
                    }
                },
                {
                    "name": "front 27",
                    "from": [
                        0,
                        1,
                        0
                    ],
                    "to": [
                        0.2,
                        2.5,
                        0.5
                    ],
                    "rotationOrigin": [
                        0.2,
                        1,
                        0
                    ],
                    "rotationZ": 9,
                    "faces": {
                        "north": {
                            "texture": "#shoes-marketeer",
                            "uv": [
                                7,
                                13.5,
                                7.5,
                                15
                            ]
                        },
                        "east": {
                            "texture": "#shoes-marketeer",
                            "uv": [
                                7.5,
                                1,
                                8,
                                2.5
                            ]
                        },
                        "south": {
                            "texture": "#shoes-marketeer",
                            "uv": [
                                7,
                                13.5,
                                7.5,
                                15
                            ]
                        },
                        "west": {
                            "texture": "#shoes-marketeer",
                            "uv": [
                                7,
                                13.5,
                                7.5,
                                15
                            ]
                        },
                        "up": {
                            "texture": "#shoes-marketeer",
                            "uv": [
                                7,
                                13.5,
                                7.5,
                                14
                            ],
                            "rotation": 90
                        },
                        "down": {
                            "texture": "#shoes-marketeer",
                            "uv": [
                                0,
                                0,
                                0.5,
                                0.5
                            ]
                        }
                    }
                },
                {
                    "name": "front 28",
                    "from": [
                        0,
                        1,
                        2.7
                    ],
                    "to": [
                        0.2,
                        2.5,
                        3.2
                    ],
                    "rotationOrigin": [
                        0.2,
                        1,
                        2.7
                    ],
                    "rotationZ": 9,
                    "faces": {
                        "north": {
                            "texture": "#shoes-marketeer",
                            "uv": [
                                9.5,
                                13.5,
                                10,
                                15
                            ]
                        },
                        "east": {
                            "texture": "#shoes-marketeer",
                            "uv": [
                                7.5,
                                1,
                                8,
                                2.5
                            ]
                        },
                        "south": {
                            "texture": "#shoes-marketeer",
                            "uv": [
                                9.5,
                                13.5,
                                10,
                                15
                            ]
                        },
                        "west": {
                            "texture": "#shoes-marketeer",
                            "uv": [
                                9.5,
                                13.5,
                                10,
                                15
                            ]
                        },
                        "up": {
                            "texture": "#shoes-marketeer",
                            "uv": [
                                9.5,
                                13.5,
                                10,
                                14
                            ],
                            "rotation": 90
                        },
                        "down": {
                            "texture": "#shoes-marketeer",
                            "uv": [
                                0,
                                0,
                                0.5,
                                0.5
                            ]
                        }
                    }
                },
                {
                    "name": "back fold 26",
                    "from": [
                        4,
                        1,
                        0
                    ],
                    "to": [
                        4.2,
                        2,
                        0.5
                    ],
                    "rotationOrigin": [
                        4,
                        1,
                        0
                    ],
                    "rotationZ": -8,
                    "faces": {
                        "north": {
                            "texture": "#shoes-marketeer",
                            "uv": [
                                2.5,
                                14,
                                3,
                                15
                            ]
                        },
                        "east": {
                            "texture": "#shoes-marketeer",
                            "uv": [
                                2.5,
                                14,
                                3,
                                15
                            ]
                        },
                        "south": {
                            "texture": "#shoes-marketeer",
                            "uv": [
                                2,
                                13.5,
                                2.5,
                                14.5
                            ]
                        },
                        "west": {
                            "texture": "#shoes-marketeer",
                            "uv": [
                                0,
                                0,
                                0.5,
                                1
                            ]
                        },
                        "up": {
                            "texture": "#shoes-marketeer",
                            "uv": [
                                2.5,
                                14,
                                3,
                                14.5
                            ],
                            "rotation": 270
                        },
                        "down": {
                            "texture": "#shoes-marketeer",
                            "uv": [
                                0,
                                0,
                                0.5,
                                0.5
                            ]
                        }
                    }
                },
                {
                    "name": "back fold 27",
                    "from": [
                        4,
                        1,
                        2.7
                    ],
                    "to": [
                        4.2,
                        2,
                        3.2
                    ],
                    "rotationOrigin": [
                        4,
                        1,
                        2.7
                    ],
                    "rotationZ": -8,
                    "faces": {
                        "north": {
                            "texture": "#shoes-marketeer",
                            "uv": [
                                0,
                                14,
                                0.5,
                                15
                            ]
                        },
                        "east": {
                            "texture": "#shoes-marketeer",
                            "uv": [
                                0,
                                14,
                                0.5,
                                15
                            ]
                        },
                        "south": {
                            "texture": "#shoes-marketeer",
                            "uv": [
                                0.5,
                                13.5,
                                1,
                                14.5
                            ]
                        },
                        "west": {
                            "texture": "#shoes-marketeer",
                            "uv": [
                                0,
                                0,
                                0.5,
                                1
                            ]
                        },
                        "up": {
                            "texture": "#shoes-marketeer",
                            "uv": [
                                0,
                                14,
                                0.5,
                                14.5
                            ],
                            "rotation": 270
                        },
                        "down": {
                            "texture": "#shoes-marketeer",
                            "uv": [
                                0,
                                0,
                                0.5,
                                0.5
                            ]
                        }
                    }
                }
            ]
        },
        {
            "name": "shoe L",
            "stepParentName": "PawL",
            "from": [
                -0.1,
                -0.1,
                -0.1
            ],
            "to": [
                4.1,
                0.9,
                3.1
            ],
            "rotationOrigin": [
                -0.1,
                -0.1,
                -0.1
            ],
            "faces": {
                "north": {
                    "texture": "#shoes-marketeer",
                    "uv": [
                        0,
                        11,
                        4,
                        12
                    ]
                },
                "east": {
                    "texture": "#shoes-marketeer",
                    "uv": [
                        11,
                        11,
                        14,
                        12
                    ]
                },
                "south": {
                    "texture": "#shoes-marketeer",
                    "uv": [
                        7,
                        11,
                        11,
                        12
                    ]
                },
                "west": {
                    "texture": "#shoes-marketeer",
                    "uv": [
                        4,
                        11,
                        7,
                        12
                    ]
                },
                "up": {
                    "texture": "#shoes-marketeer",
                    "uv": [
                        10.5,
                        0.5,
                        14.5,
                        3.5
                    ]
                },
                "down": {
                    "texture": "#shoes-marketeer",
                    "uv": [
                        4,
                        4,
                        7,
                        8
                    ],
                    "rotation": 90
                }
            },
            "children": [
                {
                    "name": "N fold 26",
                    "from": [
                        0,
                        1,
                        0
                    ],
                    "to": [
                        0.5,
                        2.5,
                        0.2
                    ],
                    "rotationOrigin": [
                        0,
                        1,
                        0.2
                    ],
                    "rotationX": -6,
                    "faces": {
                        "north": {
                            "texture": "#shoes-marketeer",
                            "uv": [
                                3.5,
                                9.5,
                                4,
                                11
                            ]
                        },
                        "east": {
                            "texture": "#shoes-marketeer",
                            "uv": [
                                3.5,
                                9.5,
                                4,
                                11
                            ]
                        },
                        "south": {
                            "texture": "#shoes-marketeer",
                            "uv": [
                                2.5,
                                1,
                                3,
                                2.5
                            ]
                        },
                        "west": {
                            "texture": "#shoes-marketeer",
                            "uv": [
                                3.5,
                                9.5,
                                4,
                                11
                            ]
                        },
                        "up": {
                            "texture": "#shoes-marketeer",
                            "uv": [
                                3.5,
                                9.5,
                                4,
                                10
                            ]
                        },
                        "down": {
                            "texture": "#shoes-marketeer",
                            "uv": [
                                0,
                                0,
                                0.5,
                                0.5
                            ]
                        }
                    }
                },
                {
                    "name": "S fold 27",
                    "from": [
                        0,
                        1,
                        3
                    ],
                    "to": [
                        0.5,
                        2.5,
                        3.2
                    ],
                    "rotationOrigin": [
                        0,
                        1,
                        3
                    ],
                    "rotationX": 6,
                    "faces": {
                        "north": {
                            "texture": "#shoes-marketeer",
                            "uv": [
                                0,
                                0,
                                0.5,
                                1.5
                            ]
                        },
                        "east": {
                            "texture": "#shoes-marketeer",
                            "uv": [
                                7,
                                9.5,
                                7.5,
                                11
                            ]
                        },
                        "south": {
                            "texture": "#shoes-marketeer",
                            "uv": [
                                7,
                                9.5,
                                7.5,
                                11
                            ]
                        },
                        "west": {
                            "texture": "#shoes-marketeer",
                            "uv": [
                                7,
                                9.5,
                                7.5,
                                11
                            ]
                        },
                        "up": {
                            "texture": "#shoes-marketeer",
                            "uv": [
                                7,
                                9.5,
                                7.5,
                                10
                            ]
                        },
                        "down": {
                            "texture": "#shoes-marketeer",
                            "uv": [
                                0,
                                0,
                                0.5,
                                0.5
                            ]
                        }
                    }
                },
                {
                    "name": "back fold 28",
                    "from": [
                        4,
                        1,
                        0.5
                    ],
                    "to": [
                        4.2,
                        2.5,
                        2.7
                    ],
                    "rotationOrigin": [
                        4,
                        1,
                        0.5
                    ],
                    "rotationZ": -15,
                    "faces": {
                        "north": {
                            "texture": "#shoes-marketeer",
                            "uv": [
                                13,
                                9.5,
                                13.5,
                                11
                            ]
                        },
                        "east": {
                            "texture": "#shoes-marketeer",
                            "uv": [
                                11.5,
                                9.5,
                                13.5,
                                11
                            ]
                        },
                        "south": {
                            "texture": "#shoes-marketeer",
                            "uv": [
                                13,
                                9.5,
                                13.5,
                                11
                            ]
                        },
                        "west": {
                            "texture": "#shoes-marketeer",
                            "uv": [
                                0,
                                0,
                                2,
                                1.5
                            ]
                        },
                        "up": {
                            "texture": "#shoes-marketeer",
                            "uv": [
                                11.5,
                                9.5,
                                13.5,
                                10
                            ],
                            "rotation": 270
                        },
                        "down": {
                            "texture": "#shoes-marketeer",
                            "uv": [
                                0,
                                0,
                                0.5,
                                2
                            ]
                        }
                    }
                },
                {
                    "name": "front 29",
                    "from": [
                        0,
                        1,
                        0.5
                    ],
                    "to": [
                        0.2,
                        3,
                        2.7
                    ],
                    "rotationOrigin": [
                        0.2,
                        1,
                        0.5
                    ],
                    "rotationZ": 17,
                    "faces": {
                        "north": {
                            "texture": "#shoes-marketeer",
                            "uv": [
                                4.5,
                                9,
                                5,
                                11
                            ]
                        },
                        "east": {
                            "texture": "#shoes-marketeer",
                            "uv": [
                                7.5,
                                1,
                                9.5,
                                3
                            ]
                        },
                        "south": {
                            "texture": "#shoes-marketeer",
                            "uv": [
                                6,
                                9,
                                6.5,
                                11
                            ]
                        },
                        "west": {
                            "texture": "#shoes-marketeer",
                            "uv": [
                                4.5,
                                9,
                                6.5,
                                11
                            ]
                        },
                        "up": {
                            "texture": "#shoes-marketeer",
                            "uv": [
                                4.5,
                                9,
                                6.5,
                                9.5
                            ],
                            "rotation": 90
                        },
                        "down": {
                            "texture": "#shoes-marketeer",
                            "uv": [
                                0,
                                0,
                                0.5,
                                2
                            ]
                        }
                    }
                },
                {
                    "name": "N fold 31",
                    "from": [
                        0.5,
                        1,
                        0
                    ],
                    "to": [
                        4.2,
                        2,
                        0.2
                    ],
                    "rotationOrigin": [
                        0.5,
                        1,
                        0.2
                    ],
                    "rotationX": -10,
                    "faces": {
                        "north": {
                            "texture": "#shoes-marketeer",
                            "uv": [
                                0,
                                10,
                                3.5,
                                11
                            ]
                        },
                        "east": {
                            "texture": "#shoes-marketeer",
                            "uv": [
                                0,
                                10,
                                0.5,
                                11
                            ]
                        },
                        "south": {
                            "texture": "#shoes-marketeer",
                            "uv": [
                                2,
                                1.5,
                                5.5,
                                2.5
                            ]
                        },
                        "west": {
                            "texture": "#shoes-marketeer",
                            "uv": [
                                3,
                                10,
                                3.5,
                                11
                            ]
                        },
                        "up": {
                            "texture": "#shoes-marketeer",
                            "uv": [
                                0,
                                10,
                                3.5,
                                10.5
                            ]
                        },
                        "down": {
                            "texture": "#shoes-marketeer",
                            "uv": [
                                0,
                                0,
                                3.5,
                                0.5
                            ]
                        }
                    }
                },
                {
                    "name": "S fold 35",
                    "from": [
                        0.5,
                        1,
                        3
                    ],
                    "to": [
                        4.2,
                        2,
                        3.2
                    ],
                    "rotationOrigin": [
                        0.5,
                        1,
                        3
                    ],
                    "rotationX": 10,
                    "faces": {
                        "north": {
                            "texture": "#shoes-marketeer",
                            "uv": [
                                4,
                                0.5,
                                7.5,
                                1.5
                            ]
                        },
                        "east": {
                            "texture": "#shoes-marketeer",
                            "uv": [
                                10.5,
                                10,
                                11,
                                11
                            ]
                        },
                        "south": {
                            "texture": "#shoes-marketeer",
                            "uv": [
                                7.5,
                                10,
                                11,
                                11
                            ]
                        },
                        "west": {
                            "texture": "#shoes-marketeer",
                            "uv": [
                                7.5,
                                10,
                                8,
                                11
                            ]
                        },
                        "up": {
                            "texture": "#shoes-marketeer",
                            "uv": [
                                7.5,
                                10,
                                11,
                                10.5
                            ]
                        },
                        "down": {
                            "texture": "#shoes-marketeer",
                            "uv": [
                                0,
                                0,
                                3.5,
                                0.5
                            ]
                        }
                    }
                },
                {
                    "name": "front 32",
                    "from": [
                        0,
                        1,
                        0
                    ],
                    "to": [
                        0.2,
                        2.5,
                        0.5
                    ],
                    "rotationOrigin": [
                        0.2,
                        1,
                        0
                    ],
                    "rotationZ": 9,
                    "faces": {
                        "north": {
                            "texture": "#shoes-marketeer",
                            "uv": [
                                3.5,
                                9.5,
                                4,
                                11
                            ]
                        },
                        "east": {
                            "texture": "#shoes-marketeer",
                            "uv": [
                                7.5,
                                1,
                                8,
                                2.5
                            ]
                        },
                        "south": {
                            "texture": "#shoes-marketeer",
                            "uv": [
                                4,
                                9.5,
                                4.5,
                                11
                            ]
                        },
                        "west": {
                            "texture": "#shoes-marketeer",
                            "uv": [
                                4,
                                9.5,
                                4.5,
                                11
                            ]
                        },
                        "up": {
                            "texture": "#shoes-marketeer",
                            "uv": [
                                4,
                                9.5,
                                4.5,
                                10
                            ],
                            "rotation": 90
                        },
                        "down": {
                            "texture": "#shoes-marketeer",
                            "uv": [
                                0,
                                0,
                                0.5,
                                0.5
                            ]
                        }
                    }
                },
                {
                    "name": "front 33",
                    "from": [
                        0,
                        1,
                        2.7
                    ],
                    "to": [
                        0.2,
                        2.5,
                        3.2
                    ],
                    "rotationOrigin": [
                        0.2,
                        1,
                        2.7
                    ],
                    "rotationZ": 9,
                    "faces": {
                        "north": {
                            "texture": "#shoes-marketeer",
                            "uv": [
                                6.5,
                                9.5,
                                7,
                                11
                            ]
                        },
                        "east": {
                            "texture": "#shoes-marketeer",
                            "uv": [
                                7.5,
                                1,
                                8,
                                2.5
                            ]
                        },
                        "south": {
                            "texture": "#shoes-marketeer",
                            "uv": [
                                6.5,
                                9.5,
                                7,
                                11
                            ]
                        },
                        "west": {
                            "texture": "#shoes-marketeer",
                            "uv": [
                                6.5,
                                9.5,
                                7,
                                11
                            ]
                        },
                        "up": {
                            "texture": "#shoes-marketeer",
                            "uv": [
                                6.5,
                                9.5,
                                7,
                                10
                            ],
                            "rotation": 90
                        },
                        "down": {
                            "texture": "#shoes-marketeer",
                            "uv": [
                                0,
                                0,
                                0.5,
                                0.5
                            ]
                        }
                    }
                },
                {
                    "name": "back fold 34",
                    "from": [
                        4,
                        1,
                        0
                    ],
                    "to": [
                        4.2,
                        2,
                        0.5
                    ],
                    "rotationOrigin": [
                        4,
                        1,
                        0
                    ],
                    "rotationZ": -8,
                    "faces": {
                        "north": {
                            "texture": "#shoes-marketeer",
                            "uv": [
                                13.5,
                                10,
                                14,
                                11
                            ]
                        },
                        "east": {
                            "texture": "#shoes-marketeer",
                            "uv": [
                                13.5,
                                10,
                                14,
                                11
                            ]
                        },
                        "south": {
                            "texture": "#shoes-marketeer",
                            "uv": [
                                13.5,
                                10,
                                14,
                                11
                            ]
                        },
                        "west": {
                            "texture": "#shoes-marketeer",
                            "uv": [
                                0,
                                0,
                                0.5,
                                1
                            ]
                        },
                        "up": {
                            "texture": "#shoes-marketeer",
                            "uv": [
                                13.5,
                                10,
                                14,
                                10.5
                            ],
                            "rotation": 270
                        },
                        "down": {
                            "texture": "#shoes-marketeer",
                            "uv": [
                                0,
                                0,
                                0.5,
                                0.5
                            ]
                        }
                    }
                },
                {
                    "name": "back fold 35",
                    "from": [
                        4,
                        1,
                        2.7
                    ],
                    "to": [
                        4.2,
                        2,
                        3.2
                    ],
                    "rotationOrigin": [
                        4,
                        1,
                        2.7
                    ],
                    "rotationZ": -8,
                    "faces": {
                        "north": {
                            "texture": "#shoes-marketeer",
                            "uv": [
                                11,
                                10,
                                11.5,
                                11
                            ]
                        },
                        "east": {
                            "texture": "#shoes-marketeer",
                            "uv": [
                                11,
                                10,
                                11.5,
                                11
                            ]
                        },
                        "south": {
                            "texture": "#shoes-marketeer",
                            "uv": [
                                11,
                                10,
                                11.5,
                                11
                            ]
                        },
                        "west": {
                            "texture": "#shoes-marketeer",
                            "uv": [
                                0,
                                0,
                                0.5,
                                1
                            ]
                        },
                        "up": {
                            "texture": "#shoes-marketeer",
                            "uv": [
                                11,
                                10,
                                11.5,
                                10.5
                            ],
                            "rotation": 270
                        },
                        "down": {
                            "texture": "#shoes-marketeer",
                            "uv": [
                                0,
                                0,
                                0.5,
                                0.5
                            ]
                        }
                    }
                }
            ]
        }
    ],
    "animations": [
        {
            "name": "Walk",
            "code": "walk",
            "quantityframes": 25,
            "onActivityStopped": "Rewind",
            "onAnimationEnd": "Repeat",
            "keyframes": []
        }
    ]
}