{
    "editor": {
        "backDropShape": "entity/humanoid/kobold",
        "collapsedPaths": "Root/shoe L/front fold 26/LwoolW1,Root/ShoeR/RflapN/RwoolN1,Root/ShoeR,Root/shoe R/RbackFold,Root/shoe R/RflapN/RwoolN1,Root/shoe R/front 1,Root/shoe R/RflapW,Root/shoe R/RflapS,Root/shoe R/RflapN,Root/shoe L/front fold 26,Root/ShoeL/Lback fold 25,Root/ShoeR/RflapS,Root/shoe L/N fold 23,Root/shoe L/back fold 25,Root/KneeFlapR/LbackWool6,Root/shoe R/RflapE,Root/shoe L/Lback fold 25,Root/shoe L/N fold 23/LfoldN1,Root/shoe R/Rknot,Root/shoe L/LacesR1,Root/shoe L/S fold 24/LWoolS1,Root/shoe L/LacesL1,Root/shoe L/front16,Root/ShoeR/RflapE,Root/ShoeR/RflapN,Root/ShoeL/S fold 24,Root/shoe L/front 26,Root/ShoeL/N fold 23,Root/KneeFlapL/LwoolW1",
        "allAngles": true,
        "entityTextureMode": true
    },
    "textureWidth": 16,
    "textureHeight": 24,
    "textureSizes": {
        "shoes": [
            16,
            24
        ]
    },
    "textures": {
        "shoes": "entity/humanoid/seraphclothes/foot/prince-boots"
    },
    "elements": [
        {
            "name": "shoe R",
            "stepParentName": "PawR",
            "from": [
                -0.1,
                -0.1,
                -0.2
            ],
            "to": [
                3.1,
                4.9,
                3
            ],
            "autoUnwrap": false,
            "uv": [
                0,
                0.5
            ],
            "rotationOrigin": [
                -0.1,
                -0.1,
                -0.1
            ],
            "faces": {
                "north": {
                    "texture": "#shoes",
                    "uv": [
                        3,
                        19,
                        4,
                        24
                    ]
                },
                "east": {
                    "texture": "#shoes",
                    "uv": [
                        0,
                        19,
                        3,
                        24
                    ]
                },
                "south": {
                    "texture": "#shoes",
                    "uv": [
                        10,
                        19,
                        11,
                        24
                    ]
                },
                "west": {
                    "texture": "#shoes",
                    "uv": [
                        7,
                        19,
                        10,
                        24
                    ]
                },
                "up": {
                    "texture": "#shoes",
                    "uv": [
                        10.5,
                        0.5,
                        14.5,
                        3
                    ]
                },
                "down": {
                    "texture": "#shoes",
                    "uv": [
                        0,
                        4,
                        3,
                        7
                    ],
                    "rotation": 90
                }
            },
            "children": [
                {
                    "name": "hideshoeR",
                    "from": [
                        0,
                        5,
                        0
                    ],
                    "to": [
                        1,
                        6,
                        1
                    ],
                    "uv": [
                        0,
                        0
                    ],
                    "rotationOrigin": [
                        0,
                        5,
                        0
                    ],
                    "faces": {},
                    "children": [
                        {
                            "name": "N fold 20",
                            "from": [
                                3,
                                -0.15,
                                0
                            ],
                            "to": [
                                3.2,
                                0.35,
                                0.2
                            ],
                            "uv": [
                                2,
                                0.5
                            ],
                            "rotationOrigin": [
                                0,
                                0,
                                0.2
                            ],
                            "rotationX": -8,
                            "rotationY": 0,
                            "rotationZ": 0,
                            "faces": {
                                "north": {
                                    "texture": "#shoes",
                                    "uv": [
                                        3,
                                        17.5,
                                        7,
                                        19
                                    ]
                                },
                                "east": {
                                    "texture": "#shoes",
                                    "uv": [
                                        3,
                                        17.5,
                                        3.5,
                                        19
                                    ]
                                },
                                "south": {
                                    "texture": "#shoes",
                                    "uv": [
                                        2,
                                        0.5,
                                        6,
                                        2
                                    ]
                                },
                                "west": {
                                    "texture": "#shoes",
                                    "uv": [
                                        5.5,
                                        17.5,
                                        6,
                                        19
                                    ]
                                },
                                "up": {
                                    "texture": "#shoes",
                                    "uv": [
                                        2.5,
                                        16,
                                        6.5,
                                        16.5
                                    ]
                                }
                            },
                            "children": [
                                {
                                    "name": "N fold 21",
                                    "from": [
                                        0,
                                        1.5,
                                        -0.2
                                    ],
                                    "to": [
                                        4.2,
                                        3,
                                        0.5
                                    ],
                                    "uv": [
                                        0.5,
                                        1
                                    ],
                                    "rotationOrigin": [
                                        0,
                                        2.5,
                                        0.1
                                    ],
                                    "faces": {
                                        "north": {
                                            "texture": "#shoes",
                                            "uv": [
                                                3,
                                                16,
                                                7,
                                                17.5
                                            ]
                                        },
                                        "east": {
                                            "texture": "#shoes",
                                            "uv": [
                                                3,
                                                16,
                                                3.5,
                                                17.5
                                            ],
                                            "windMode": [
                                                -1,
                                                -1,
                                                -1,
                                                -1
                                            ]
                                        },
                                        "south": {
                                            "texture": "#shoes",
                                            "uv": [
                                                0.5,
                                                1,
                                                4.5,
                                                2.5
                                            ],
                                            "windMode": [
                                                -1,
                                                -1,
                                                -1,
                                                -1
                                            ]
                                        },
                                        "west": {
                                            "texture": "#shoes",
                                            "uv": [
                                                6.5,
                                                16,
                                                7,
                                                17.5
                                            ],
                                            "windMode": [
                                                -1,
                                                -1,
                                                -1,
                                                -1
                                            ]
                                        },
                                        "up": {
                                            "texture": "#shoes",
                                            "uv": [
                                                2.5,
                                                16,
                                                6.5,
                                                16.5
                                            ]
                                        },
                                        "down": {
                                            "texture": "#shoes",
                                            "uv": [
                                                2.5,
                                                17,
                                                6.5,
                                                17.5
                                            ],
                                            "windMode": [
                                                -1,
                                                -1,
                                                -1,
                                                -1
                                            ]
                                        }
                                    }
                                }
                            ]
                        },
                        {
                            "name": "RfoldS",
                            "from": [
                                0,
                                0,
                                3
                            ],
                            "to": [
                                3.2,
                                1.5,
                                3.2
                            ],
                            "uv": [
                                5.5,
                                1
                            ],
                            "rotationOrigin": [
                                0,
                                0,
                                3
                            ],
                            "rotationX": 8,
                            "rotationY": 0,
                            "rotationZ": 0,
                            "faces": {
                                "north": {
                                    "texture": "#shoes",
                                    "uv": [
                                        5.5,
                                        1,
                                        8,
                                        2.5
                                    ]
                                },
                                "east": {
                                    "texture": "#shoes",
                                    "uv": [
                                        13.5,
                                        9.5,
                                        14,
                                        11
                                    ]
                                },
                                "south": {
                                    "texture": "#shoes",
                                    "uv": [
                                        10,
                                        9.5,
                                        11,
                                        11
                                    ]
                                },
                                "west": {
                                    "texture": "#shoes",
                                    "uv": [
                                        9.5,
                                        9.5,
                                        10,
                                        11
                                    ]
                                },
                                "up": {
                                    "texture": "#shoes",
                                    "uv": [
                                        10,
                                        8,
                                        11,
                                        8.5
                                    ]
                                }
                            },
                            "children": [
                                {
                                    "name": "RfoldFrill",
                                    "from": [
                                        0,
                                        1.5,
                                        -0.3
                                    ],
                                    "to": [
                                        3.2,
                                        3,
                                        0.4
                                    ],
                                    "uv": [
                                        5.5,
                                        0
                                    ],
                                    "rotationOrigin": [
                                        0,
                                        2.5,
                                        -0.3
                                    ],
                                    "faces": {
                                        "north": {
                                            "texture": "#shoes",
                                            "uv": [
                                                5.5,
                                                0,
                                                9,
                                                1.5
                                            ],
                                            "windMode": [
                                                -1,
                                                -1,
                                                -1,
                                                -1
                                            ]
                                        },
                                        "east": {
                                            "texture": "#shoes",
                                            "uv": [
                                                9.5,
                                                16,
                                                10,
                                                17.5
                                            ],
                                            "windMode": [
                                                -1,
                                                -1,
                                                -1,
                                                -1
                                            ]
                                        },
                                        "south": {
                                            "texture": "#shoes",
                                            "uv": [
                                                10,
                                                16,
                                                10.5,
                                                17.5
                                            ]
                                        },
                                        "west": {
                                            "texture": "#shoes",
                                            "uv": [
                                                13.5,
                                                16,
                                                14,
                                                17.5
                                            ],
                                            "windMode": [
                                                -1,
                                                -1,
                                                -1,
                                                -1
                                            ]
                                        },
                                        "up": {
                                            "texture": "#shoes",
                                            "uv": [
                                                10,
                                                16,
                                                10.5,
                                                16.5
                                            ]
                                        },
                                        "down": {
                                            "texture": "#shoes",
                                            "uv": [
                                                10,
                                                9,
                                                10.5,
                                                9.5
                                            ],
                                            "windMode": [
                                                -1,
                                                -1,
                                                -1,
                                                -1
                                            ]
                                        }
                                    }
                                }
                            ]
                        },
                        {
                            "name": "RbackFold",
                            "from": [
                                4,
                                0,
                                0
                            ],
                            "to": [
                                3.2,
                                1.5,
                                3.2
                            ],
                            "uv": [
                                0,
                                2
                            ],
                            "rotationOrigin": [
                                4,
                                0,
                                0
                            ],
                            "rotationX": 0,
                            "rotationY": 0,
                            "rotationZ": -7,
                            "faces": {
                                "north": {
                                    "texture": "#shoes",
                                    "uv": [
                                        2.5,
                                        17.5,
                                        4,
                                        19
                                    ]
                                },
                                "east": {
                                    "texture": "#shoes",
                                    "uv": [
                                        0,
                                        9.5,
                                        3,
                                        11
                                    ]
                                },
                                "south": {
                                    "texture": "#shoes",
                                    "uv": [
                                        0,
                                        17.5,
                                        8,
                                        19
                                    ]
                                },
                                "west": {
                                    "texture": "#shoes",
                                    "uv": [
                                        0,
                                        2,
                                        3,
                                        3.5
                                    ]
                                },
                                "up": {
                                    "texture": "#shoes",
                                    "uv": [
                                        0,
                                        8,
                                        4,
                                        8.5
                                    ],
                                    "rotation": 270
                                }
                            },
                            "children": [
                                {
                                    "name": "RbackFrill",
                                    "from": [
                                        -0.3,
                                        1.5,
                                        0
                                    ],
                                    "to": [
                                        3.2,
                                        3,
                                        3.2
                                    ],
                                    "uv": [
                                        0,
                                        2
                                    ],
                                    "rotationOrigin": [
                                        -0.3,
                                        2.5,
                                        0
                                    ],
                                    "faces": {
                                        "north": {
                                            "texture": "#shoes",
                                            "uv": [
                                                0,
                                                8,
                                                10.5,
                                                9.5
                                            ],
                                            "windMode": [
                                                -1,
                                                -1,
                                                -1,
                                                -1
                                            ]
                                        },
                                        "east": {
                                            "texture": "#shoes",
                                            "uv": [
                                                0,
                                                8,
                                                3,
                                                9.5
                                            ]
                                        },
                                        "south": {
                                            "texture": "#shoes",
                                            "uv": [
                                                3,
                                                8,
                                                9,
                                                9.5
                                            ],
                                            "windMode": [
                                                -1,
                                                -1,
                                                -1,
                                                -1
                                            ]
                                        },
                                        "west": {
                                            "texture": "#shoes",
                                            "uv": [
                                                1.5,
                                                2,
                                                4.5,
                                                3.5
                                            ],
                                            "windMode": [
                                                -1,
                                                -1,
                                                -1,
                                                -1
                                            ]
                                        },
                                        "up": {
                                            "texture": "#shoes",
                                            "uv": [
                                                0,
                                                8,
                                                10.5,
                                                8.5
                                            ],
                                            "rotation": 270
                                        },
                                        "down": {
                                            "texture": "#shoes",
                                            "uv": [
                                                0,
                                                8,
                                                10.5,
                                                8.5
                                            ],
                                            "rotation": 90,
                                            "windMode": [
                                                -1,
                                                -1,
                                                -1,
                                                -1
                                            ]
                                        }
                                    }
                                }
                            ]
                        },
                        {
                            "name": "front 1",
                            "from": [
                                -0.2,
                                -0.1,
                                0
                            ],
                            "to": [
                                0,
                                0.4,
                                3.2
                            ],
                            "uv": [
                                7,
                                1.5
                            ],
                            "rotationOrigin": [
                                0.2,
                                0,
                                0
                            ],
                            "rotationX": 0,
                            "rotationY": 0,
                            "rotationZ": 45,
                            "faces": {
                                "north": {
                                    "texture": "#shoes",
                                    "uv": [
                                        7,
                                        17.5,
                                        7.5,
                                        19
                                    ]
                                },
                                "east": {
                                    "texture": "#shoes",
                                    "uv": [
                                        7,
                                        1.5,
                                        10,
                                        3
                                    ]
                                },
                                "south": {
                                    "texture": "#shoes",
                                    "uv": [
                                        7.5,
                                        17.5,
                                        8,
                                        19
                                    ]
                                },
                                "west": {
                                    "texture": "#shoes",
                                    "uv": [
                                        7,
                                        17.5,
                                        10,
                                        19
                                    ]
                                },
                                "up": {
                                    "texture": "#shoes",
                                    "uv": [
                                        7,
                                        16,
                                        10,
                                        16.5
                                    ],
                                    "rotation": 90
                                }
                            },
                            "children": [
                                {
                                    "name": "RfrontFrill",
                                    "from": [
                                        -0.3,
                                        1.5,
                                        0
                                    ],
                                    "to": [
                                        0.4,
                                        3,
                                        3.2
                                    ],
                                    "uv": [
                                        2.5,
                                        1.5
                                    ],
                                    "rotationOrigin": [
                                        0,
                                        2.5,
                                        0
                                    ],
                                    "faces": {
                                        "north": {
                                            "texture": "#shoes",
                                            "uv": [
                                                7.5,
                                                16,
                                                8,
                                                17.5
                                            ],
                                            "windMode": [
                                                -1,
                                                -1,
                                                -1,
                                                -1
                                            ]
                                        },
                                        "east": {
                                            "texture": "#shoes",
                                            "uv": [
                                                2.5,
                                                1.5,
                                                5.5,
                                                3
                                            ],
                                            "windMode": [
                                                -1,
                                                -1,
                                                -1,
                                                -1
                                            ]
                                        },
                                        "south": {
                                            "texture": "#shoes",
                                            "uv": [
                                                10,
                                                16,
                                                10.5,
                                                17.5
                                            ],
                                            "windMode": [
                                                -1,
                                                -1,
                                                -1,
                                                -1
                                            ]
                                        },
                                        "west": {
                                            "texture": "#shoes",
                                            "uv": [
                                                7,
                                                16,
                                                10,
                                                17.5
                                            ],
                                            "windMode": [
                                                -1,
                                                -1,
                                                -1,
                                                -1
                                            ]
                                        },
                                        "up": {
                                            "texture": "#shoes",
                                            "uv": [
                                                7,
                                                16,
                                                10,
                                                16.5
                                            ],
                                            "rotation": 90
                                        },
                                        "down": {
                                            "texture": "#shoes",
                                            "uv": [
                                                7,
                                                17,
                                                10,
                                                17.5
                                            ],
                                            "rotation": 90,
                                            "windMode": [
                                                -1,
                                                -1,
                                                -1,
                                                -1
                                            ]
                                        }
                                    }
                                }
                            ]
                        }
                    ]
                },
                {
                    "name": "Cube2",
                    "from": [
                        0,
                        5,
                        0
                    ],
                    "to": [
                        4.2,
                        8,
                        3.2
                    ],
                    "unwrapMode": 1,
                    "uv": [
                        0,
                        16
                    ],
                    "rotationOrigin": [
                        0,
                        5,
                        0
                    ],
                    "faces": {
                        "north": {
                            "texture": "#shoes",
                            "uv": [
                                3,
                                16,
                                7,
                                19
                            ]
                        },
                        "east": {
                            "texture": "#shoes",
                            "uv": [
                                0,
                                16,
                                3,
                                19
                            ]
                        },
                        "south": {
                            "texture": "#shoes",
                            "uv": [
                                10,
                                16,
                                14,
                                19
                            ]
                        },
                        "west": {
                            "texture": "#shoes",
                            "uv": [
                                7,
                                16,
                                10,
                                19
                            ]
                        }
                    }
                }
            ]
        },
        {
            "name": "shoe L",
            "stepParentName": "PawL",
            "from": [
                -0.12,
                -0.1,
                -0.2
            ],
            "to": [
                3.08,
                4.9,
                3
            ],
            "autoUnwrap": false,
            "uv": [
                0,
                0.5
            ],
            "rotationOrigin": [
                -0.1,
                -0.1,
                -0.1
            ],
            "faces": {
                "north": {
                    "texture": "#shoes",
                    "uv": [
                        0,
                        11,
                        4,
                        16
                    ]
                },
                "east": {
                    "texture": "#shoes",
                    "uv": [
                        11,
                        11,
                        14,
                        16
                    ]
                },
                "south": {
                    "texture": "#shoes",
                    "uv": [
                        7,
                        11,
                        11,
                        16
                    ]
                },
                "west": {
                    "texture": "#shoes",
                    "uv": [
                        4,
                        11,
                        7,
                        16
                    ]
                },
                "up": {
                    "texture": "#shoes",
                    "uv": [
                        11,
                        0.5,
                        15,
                        3
                    ]
                },
                "down": {
                    "texture": "#shoes",
                    "uv": [
                        4,
                        4,
                        7,
                        7
                    ],
                    "rotation": 90
                }
            },
            "children": [
                {
                    "name": "hideshoeL",
                    "from": [
                        0,
                        5,
                        0
                    ],
                    "to": [
                        4.2,
                        8,
                        3.2
                    ],
                    "uv": [
                        0,
                        0
                    ],
                    "rotationOrigin": [
                        0,
                        5,
                        0
                    ],
                    "faces": {},
                    "children": [
                        {
                            "name": "N fold 23",
                            "from": [
                                3,
                                -0.15,
                                0
                            ],
                            "to": [
                                3.2,
                                0.35,
                                0.2
                            ],
                            "uv": [
                                0,
                                1
                            ],
                            "rotationOrigin": [
                                0,
                                0,
                                0.2
                            ],
                            "rotationX": -8,
                            "rotationY": 0,
                            "rotationZ": 0,
                            "faces": {
                                "north": {
                                    "texture": "#shoes",
                                    "uv": [
                                        0,
                                        9.5,
                                        4,
                                        11
                                    ]
                                },
                                "east": {
                                    "texture": "#shoes",
                                    "uv": [
                                        0,
                                        9.5,
                                        0.5,
                                        11
                                    ]
                                },
                                "south": {
                                    "texture": "#shoes",
                                    "uv": [
                                        0,
                                        1,
                                        4,
                                        2.5
                                    ]
                                },
                                "west": {
                                    "texture": "#shoes",
                                    "uv": [
                                        3.5,
                                        9.5,
                                        4,
                                        11
                                    ]
                                },
                                "up": {
                                    "texture": "#shoes",
                                    "uv": [
                                        0,
                                        8,
                                        4,
                                        8.5
                                    ]
                                }
                            },
                            "children": [
                                {
                                    "name": "LfoldN",
                                    "from": [
                                        0,
                                        1.5,
                                        -0.1
                                    ],
                                    "to": [
                                        4.2,
                                        3,
                                        0.6
                                    ],
                                    "uv": [
                                        0,
                                        1.5
                                    ],
                                    "rotationOrigin": [
                                        0,
                                        2.5,
                                        0.2
                                    ],
                                    "faces": {
                                        "north": {
                                            "texture": "#shoes",
                                            "uv": [
                                                0,
                                                8,
                                                4,
                                                9.5
                                            ]
                                        },
                                        "east": {
                                            "texture": "#shoes",
                                            "uv": [
                                                0,
                                                8,
                                                0.5,
                                                9.5
                                            ],
                                            "windMode": [
                                                -1,
                                                -1,
                                                -1,
                                                -1
                                            ]
                                        },
                                        "south": {
                                            "texture": "#shoes",
                                            "uv": [
                                                4.5,
                                                1.5,
                                                8.5,
                                                3
                                            ],
                                            "windMode": [
                                                -1,
                                                -1,
                                                -1,
                                                -1
                                            ]
                                        },
                                        "west": {
                                            "texture": "#shoes",
                                            "uv": [
                                                3.5,
                                                8,
                                                4,
                                                9.5
                                            ],
                                            "windMode": [
                                                -1,
                                                -1,
                                                -1,
                                                -1
                                            ]
                                        },
                                        "up": {
                                            "texture": "#shoes",
                                            "uv": [
                                                0,
                                                8,
                                                4,
                                                8.5
                                            ]
                                        },
                                        "down": {
                                            "texture": "#shoes",
                                            "uv": [
                                                0,
                                                8,
                                                4,
                                                8.5
                                            ],
                                            "windMode": [
                                                -1,
                                                -1,
                                                -1,
                                                -1
                                            ]
                                        }
                                    }
                                }
                            ]
                        },
                        {
                            "name": "S fold 24",
                            "from": [
                                0,
                                0,
                                3
                            ],
                            "to": [
                                3.2,
                                1.5,
                                3.2
                            ],
                            "uv": [
                                4.5,
                                0.5
                            ],
                            "rotationOrigin": [
                                0,
                                0,
                                3
                            ],
                            "rotationX": 8,
                            "rotationY": 0,
                            "rotationZ": 0,
                            "faces": {
                                "north": {
                                    "texture": "#shoes",
                                    "uv": [
                                        4.5,
                                        0.5,
                                        3,
                                        2
                                    ]
                                },
                                "east": {
                                    "texture": "#shoes",
                                    "uv": [
                                        10.5,
                                        9.5,
                                        11,
                                        11
                                    ]
                                },
                                "south": {
                                    "texture": "#shoes",
                                    "uv": [
                                        7,
                                        9.5,
                                        11,
                                        11
                                    ]
                                },
                                "west": {
                                    "texture": "#shoes",
                                    "uv": [
                                        7,
                                        9.5,
                                        7.5,
                                        11
                                    ]
                                },
                                "up": {
                                    "texture": "#shoes",
                                    "uv": [
                                        7,
                                        8,
                                        11,
                                        8.5
                                    ]
                                }
                            },
                            "children": [
                                {
                                    "name": "S frill",
                                    "from": [
                                        -0.1,
                                        1.5,
                                        -0.3
                                    ],
                                    "to": [
                                        3.2,
                                        3,
                                        0.4
                                    ],
                                    "uv": [
                                        3,
                                        1.5
                                    ],
                                    "rotationOrigin": [
                                        -0.1,
                                        2.5,
                                        -0.3
                                    ],
                                    "faces": {
                                        "north": {
                                            "texture": "#shoes",
                                            "uv": [
                                                3,
                                                1.5,
                                                4,
                                                3
                                            ],
                                            "windMode": [
                                                -1,
                                                -1,
                                                -1,
                                                -1
                                            ]
                                        },
                                        "east": {
                                            "texture": "#shoes",
                                            "uv": [
                                                6,
                                                8,
                                                6.5,
                                                9.5
                                            ],
                                            "windMode": [
                                                -1,
                                                -1,
                                                -1,
                                                -1
                                            ]
                                        },
                                        "south": {
                                            "texture": "#shoes",
                                            "uv": [
                                                7,
                                                8,
                                                14,
                                                9.5
                                            ]
                                        },
                                        "west": {
                                            "texture": "#shoes",
                                            "uv": [
                                                7,
                                                8,
                                                7.5,
                                                9.5
                                            ],
                                            "windMode": [
                                                -1,
                                                -1,
                                                -1,
                                                -1
                                            ]
                                        },
                                        "up": {
                                            "texture": "#shoes",
                                            "uv": [
                                                7,
                                                8,
                                                14,
                                                8.5
                                            ]
                                        },
                                        "down": {
                                            "texture": "#shoes",
                                            "uv": [
                                                7,
                                                9,
                                                14,
                                                9.5
                                            ],
                                            "windMode": [
                                                -1,
                                                -1,
                                                -1,
                                                -1
                                            ]
                                        }
                                    }
                                }
                            ]
                        },
                        {
                            "name": "Lback fold 25",
                            "from": [
                                4,
                                0,
                                0
                            ],
                            "to": [
                                3.2,
                                1.5,
                                3.2
                            ],
                            "uv": [
                                6.5,
                                2.5
                            ],
                            "rotationOrigin": [
                                4,
                                0,
                                0
                            ],
                            "rotationX": 0,
                            "rotationY": 0,
                            "rotationZ": -7,
                            "faces": {
                                "north": {
                                    "texture": "#shoes",
                                    "uv": [
                                        13.5,
                                        9.5,
                                        14,
                                        11
                                    ]
                                },
                                "east": {
                                    "texture": "#shoes",
                                    "uv": [
                                        11,
                                        9.5,
                                        14,
                                        11
                                    ]
                                },
                                "south": {
                                    "texture": "#shoes",
                                    "uv": [
                                        11,
                                        9.5,
                                        11.5,
                                        11
                                    ]
                                },
                                "west": {
                                    "texture": "#shoes",
                                    "uv": [
                                        6.5,
                                        2.5,
                                        9.5,
                                        4
                                    ]
                                },
                                "up": {
                                    "texture": "#shoes",
                                    "uv": [
                                        11,
                                        8,
                                        14,
                                        8.5
                                    ],
                                    "rotation": 270
                                }
                            },
                            "children": [
                                {
                                    "name": "Lback frill",
                                    "from": [
                                        -0.3,
                                        1.5,
                                        0
                                    ],
                                    "to": [
                                        3.2,
                                        3,
                                        3.2
                                    ],
                                    "uv": [
                                        4.5,
                                        0.5
                                    ],
                                    "rotationOrigin": [
                                        -0.3,
                                        2.5,
                                        0
                                    ],
                                    "faces": {
                                        "north": {
                                            "texture": "#shoes",
                                            "uv": [
                                                11.5,
                                                16,
                                                14,
                                                17.5
                                            ],
                                            "windMode": [
                                                -1,
                                                -1,
                                                -1,
                                                -1
                                            ]
                                        },
                                        "east": {
                                            "texture": "#shoes",
                                            "uv": [
                                                11,
                                                8,
                                                14,
                                                9.5
                                            ],
                                            "windMode": [
                                                -1,
                                                -1,
                                                -1,
                                                -1
                                            ]
                                        },
                                        "south": {
                                            "texture": "#shoes",
                                            "uv": [
                                                13.5,
                                                16,
                                                4,
                                                17.5
                                            ],
                                            "windMode": [
                                                -1,
                                                -1,
                                                -1,
                                                -1
                                            ]
                                        },
                                        "west": {
                                            "texture": "#shoes",
                                            "uv": [
                                                4.5,
                                                0.5,
                                                7.5,
                                                2
                                            ],
                                            "windMode": [
                                                -1,
                                                -1,
                                                -1,
                                                -1
                                            ]
                                        },
                                        "up": {
                                            "texture": "#shoes",
                                            "uv": [
                                                11,
                                                8,
                                                14,
                                                8.5
                                            ],
                                            "rotation": 270
                                        },
                                        "down": {
                                            "texture": "#shoes",
                                            "uv": [
                                                11,
                                                9,
                                                14,
                                                9.5
                                            ],
                                            "rotation": 90,
                                            "windMode": [
                                                -1,
                                                -1,
                                                -1,
                                                -1
                                            ]
                                        }
                                    }
                                }
                            ]
                        },
                        {
                            "name": "front fold 26",
                            "from": [
                                -0.2,
                                -0.1,
                                0
                            ],
                            "to": [
                                0,
                                0.4,
                                3.2
                            ],
                            "uv": [
                                4,
                                2.5
                            ],
                            "rotationOrigin": [
                                0.2,
                                0,
                                0
                            ],
                            "rotationX": 0,
                            "rotationY": 0,
                            "rotationZ": 45,
                            "faces": {
                                "north": {
                                    "texture": "#shoes",
                                    "uv": [
                                        4,
                                        9.5,
                                        4.5,
                                        11
                                    ]
                                },
                                "east": {
                                    "texture": "#shoes",
                                    "uv": [
                                        7,
                                        2.5,
                                        10,
                                        4
                                    ]
                                },
                                "south": {
                                    "texture": "#shoes",
                                    "uv": [
                                        6,
                                        9.5,
                                        6.5,
                                        11
                                    ]
                                },
                                "west": {
                                    "texture": "#shoes",
                                    "uv": [
                                        4,
                                        9.5,
                                        7,
                                        11
                                    ]
                                },
                                "up": {
                                    "texture": "#shoes",
                                    "uv": [
                                        4,
                                        8,
                                        7,
                                        8.5
                                    ],
                                    "rotation": 90
                                }
                            },
                            "children": [
                                {
                                    "name": "front fold 30",
                                    "from": [
                                        -0.3,
                                        1.5,
                                        0
                                    ],
                                    "to": [
                                        0.4,
                                        3,
                                        3.2
                                    ],
                                    "uv": [
                                        1.5,
                                        1.5
                                    ],
                                    "rotationOrigin": [
                                        0,
                                        2.5,
                                        0
                                    ],
                                    "faces": {
                                        "north": {
                                            "texture": "#shoes",
                                            "uv": [
                                                1.5,
                                                8,
                                                2,
                                                9.5
                                            ],
                                            "windMode": [
                                                -1,
                                                -1,
                                                -1,
                                                -1
                                            ]
                                        },
                                        "east": {
                                            "texture": "#shoes",
                                            "uv": [
                                                2,
                                                1.5,
                                                5,
                                                3
                                            ],
                                            "windMode": [
                                                -1,
                                                -1,
                                                -1,
                                                -1
                                            ]
                                        },
                                        "south": {
                                            "texture": "#shoes",
                                            "uv": [
                                                1.5,
                                                8,
                                                2,
                                                9.5
                                            ],
                                            "windMode": [
                                                -1,
                                                -1,
                                                -1,
                                                -1
                                            ]
                                        },
                                        "west": {
                                            "texture": "#shoes",
                                            "uv": [
                                                4,
                                                8,
                                                7,
                                                9.5
                                            ]
                                        },
                                        "up": {
                                            "texture": "#shoes",
                                            "uv": [
                                                4,
                                                8,
                                                7,
                                                8.5
                                            ],
                                            "rotation": 90
                                        },
                                        "down": {
                                            "texture": "#shoes",
                                            "uv": [
                                                4,
                                                9,
                                                7,
                                                9.5
                                            ],
                                            "rotation": 90,
                                            "windMode": [
                                                -1,
                                                -1,
                                                -1,
                                                -1
                                            ]
                                        }
                                    }
                                }
                            ]
                        }
                    ]
                },
                {
                    "name": "showshoeL",
                    "from": [
                        0,
                        5,
                        0
                    ],
                    "to": [
                        4.2,
                        8,
                        3.2
                    ],
                    "uv": [
                        0,
                        8
                    ],
                    "rotationOrigin": [
                        0,
                        5,
                        0
                    ],
                    "faces": {
                        "north": {
                            "texture": "#shoes",
                            "uv": [
                                0,
                                8,
                                4,
                                11
                            ],
                            "windMode": [
                                -1,
                                -1,
                                -1,
                                -1
                            ]
                        },
                        "east": {
                            "texture": "#shoes",
                            "uv": [
                                4,
                                8,
                                7,
                                11
                            ],
                            "windMode": [
                                -1,
                                -1,
                                -1,
                                -1
                            ]
                        },
                        "south": {
                            "texture": "#shoes",
                            "uv": [
                                7,
                                8,
                                11,
                                11
                            ],
                            "windMode": [
                                -1,
                                -1,
                                -1,
                                -1
                            ]
                        },
                        "west": {
                            "texture": "#shoes",
                            "uv": [
                                11,
                                8,
                                14,
                                11
                            ],
                            "windMode": [
                                -1,
                                -1,
                                -1,
                                -1
                            ]
                        }
                    }
                }
            ]
        }
    ],
    "animations": [
        {
            "name": "Walk",
            "code": "walk",
            "quantityframes": 25,
            "onActivityStopped": "Rewind",
            "onAnimationEnd": "Repeat",
            "keyframes": []
        }
    ]
}