{
    "editor": {
        "backDropShape": "entity/humanoid/kobold",
        "collapsedPaths": "Root/shoe L/front fold 26/LwoolW1,Root/ShoeR/RflapN/RwoolN1,Root/ShoeR,Root/shoe R/RbackFold,Root/shoe R/RflapN/RwoolN1,Root/shoe R/front 1,Root/shoe R/RflapW,Root/shoe R/RflapS,Root/shoe R/RflapN,Root/shoe L/front fold 26,Root/ShoeL/Lback fold 25,Root/ShoeR/RflapS,Root/shoe L/N fold 23,Root/shoe L/back fold 25,Root/KneeFlapR/LbackWool6,Root/shoe R/RflapE,Root/shoe L/Lback fold 25,Root/shoe L/N fold 23/LfoldN1,Root/shoe R/Rknot,Root/shoe L/LacesR1,Root/shoe L/S fold 24/LWoolS1,Root/shoe L/LacesL1,Root/shoe L/front16,Root/ShoeR/RflapE,Root/ShoeR/RflapN,Root/ShoeL/S fold 24,Root/shoe L/front 26,Root/ShoeL/N fold 23,Root/KneeFlapL/LwoolW1",
        "allAngles": true,
        "entityTextureMode": false
    },
    "textureWidth": 16,
    "textureHeight": 16,
    "textureSizes": {
        "shoes": [
            16,
            16
        ]
    },
    "textures": {
        "shoes": "entity/humanoid/seraphclothes/foot/prisoner-binds"
    },
    "elements": [
        {
            "name": "shoe R",
            "stepParentName": "PawR",
            "from": [
                -0.1,
                1,
                -0.1
            ],
            "to": [
                4.1,
                3,
                3.1
            ],
            "rotationOrigin": [
                -0.1,
                1,
                -0.1
            ],
            "faces": {
                "north": {
                    "texture": "#shoes",
                    "uv": [
                        3,
                        13,
                        7,
                        15
                    ]
                },
                "east": {
                    "texture": "#shoes",
                    "uv": [
                        0,
                        13,
                        3,
                        15
                    ]
                },
                "south": {
                    "texture": "#shoes",
                    "uv": [
                        10,
                        13,
                        14,
                        15
                    ]
                },
                "west": {
                    "texture": "#shoes",
                    "uv": [
                        7,
                        13,
                        10,
                        15
                    ]
                },
                "up": {
                    "texture": "#shoes",
                    "uv": [
                        4,
                        4,
                        7,
                        8
                    ],
                    "rotation": 90
                },
                "down": {
                    "texture": "#shoes",
                    "uv": [
                        0,
                        4,
                        3,
                        8
                    ],
                    "rotation": 90
                }
            },
            "children": [
                {
                    "name": "ringletL5",
                    "from": [
                        1.2311,
                        -0.6367,
                        -0.4547
                    ],
                    "to": [
                        1.6311,
                        0.8633,
                        0.0453
                    ],
                    "rotationOrigin": [
                        1.4311,
                        -0.6367,
                        -0.4546
                    ],
                    "rotationX": -1.994,
                    "rotationY": -0.453,
                    "rotationZ": -0.008,
                    "faces": {
                        "north": {
                            "texture": "#shoes",
                            "uv": [
                                10.5,
                                2,
                                11,
                                3.5
                            ]
                        },
                        "east": {
                            "texture": "#shoes",
                            "uv": [
                                12.5,
                                2,
                                13,
                                3.5
                            ]
                        },
                        "south": {
                            "texture": "#shoes",
                            "uv": [
                                11.5,
                                1.5,
                                12,
                                3
                            ]
                        },
                        "west": {
                            "texture": "#shoes",
                            "uv": [
                                6,
                                9.5,
                                6.5,
                                11
                            ]
                        },
                        "up": {
                            "texture": "#shoes",
                            "uv": [
                                3,
                                2,
                                3.5,
                                2.5
                            ],
                            "rotation": 90
                        },
                        "down": {
                            "texture": "#shoes",
                            "uv": [
                                6.5,
                                2.5,
                                7,
                                3
                            ]
                        }
                    },
                    "children": [
                        {
                            "name": "ringletL6",
                            "from": [
                                3,
                                -0.15,
                                0
                            ],
                            "to": [
                                3.2,
                                0.35,
                                0.5
                            ],
                            "rotationOrigin": [
                                1.1,
                                0,
                                0
                            ],
                            "faces": {
                                "north": {
                                    "texture": "#shoes",
                                    "uv": [
                                        14.5,
                                        1,
                                        15,
                                        2.5
                                    ]
                                },
                                "east": {
                                    "texture": "#shoes",
                                    "uv": [
                                        8,
                                        0.5,
                                        8.5,
                                        2
                                    ]
                                },
                                "south": {
                                    "texture": "#shoes",
                                    "uv": [
                                        9,
                                        1.5,
                                        9.5,
                                        3
                                    ]
                                },
                                "west": {
                                    "texture": "#shoes",
                                    "uv": [
                                        4.5,
                                        1.5,
                                        5,
                                        3
                                    ]
                                },
                                "up": {
                                    "texture": "#shoes",
                                    "uv": [
                                        8,
                                        2,
                                        8.5,
                                        2.5
                                    ],
                                    "rotation": 90
                                },
                                "down": {
                                    "texture": "#shoes",
                                    "uv": [
                                        7,
                                        1.5,
                                        7.5,
                                        2
                                    ]
                                }
                            }
                        },
                        {
                            "name": "ringletL7",
                            "from": [
                                0.4,
                                0,
                                0
                            ],
                            "to": [
                                0.9,
                                0.4,
                                0.5
                            ],
                            "rotationOrigin": [
                                0.6,
                                0,
                                0
                            ],
                            "faces": {
                                "north": {
                                    "texture": "#shoes",
                                    "uv": [
                                        8.5,
                                        1,
                                        9,
                                        1.5
                                    ]
                                },
                                "south": {
                                    "texture": "#shoes",
                                    "uv": [
                                        10.5,
                                        2,
                                        11,
                                        2.5
                                    ]
                                },
                                "up": {
                                    "texture": "#shoes",
                                    "uv": [
                                        8,
                                        2,
                                        8.5,
                                        2.5
                                    ],
                                    "rotation": 90
                                },
                                "down": {
                                    "texture": "#shoes",
                                    "uv": [
                                        8.5,
                                        2,
                                        9,
                                        2.5
                                    ]
                                }
                            }
                        },
                        {
                            "name": "ringletL8",
                            "from": [
                                -0.4,
                                1,
                                0.1
                            ],
                            "to": [
                                1.7,
                                1.4,
                                0.5
                            ],
                            "rotationOrigin": [
                                -0.2,
                                1,
                                0.1
                            ],
                            "faces": {
                                "north": {
                                    "texture": "#shoes",
                                    "uv": [
                                        8.5,
                                        1,
                                        10.5,
                                        1.5
                                    ]
                                },
                                "east": {
                                    "texture": "#shoes",
                                    "uv": [
                                        10.5,
                                        1.5,
                                        11,
                                        2
                                    ]
                                },
                                "south": {
                                    "texture": "#shoes",
                                    "uv": [
                                        9.5,
                                        2.5,
                                        11.5,
                                        3
                                    ]
                                },
                                "west": {
                                    "texture": "#shoes",
                                    "uv": [
                                        7.5,
                                        3,
                                        8,
                                        3.5
                                    ]
                                },
                                "up": {
                                    "texture": "#shoes",
                                    "uv": [
                                        9.5,
                                        1,
                                        10,
                                        3
                                    ],
                                    "rotation": 90
                                },
                                "down": {
                                    "texture": "#shoes",
                                    "uv": [
                                        7,
                                        2.5,
                                        9,
                                        3
                                    ]
                                }
                            }
                        }
                    ]
                },
                {
                    "name": "LinerR",
                    "from": [
                        0.5,
                        0,
                        0.5
                    ],
                    "to": [
                        3.7,
                        2,
                        2.7
                    ],
                    "rotationOrigin": [
                        0.5,
                        0,
                        0.5
                    ],
                    "faces": {
                        "north": {
                            "texture": "#shoes",
                            "uv": [
                                4,
                                1.5,
                                7,
                                3.5
                            ]
                        },
                        "east": {
                            "texture": "#shoes",
                            "uv": [
                                12,
                                1,
                                14,
                                3
                            ]
                        },
                        "south": {
                            "texture": "#shoes",
                            "uv": [
                                8,
                                0,
                                11,
                                2
                            ]
                        },
                        "west": {
                            "texture": "#shoes",
                            "uv": [
                                4,
                                1.5,
                                6,
                                3.5
                            ]
                        }
                    }
                }
            ]
        },
        {
            "name": "shoe L",
            "stepParentName": "PawL",
            "from": [
                -0.1,
                1,
                -0.1
            ],
            "to": [
                4.1,
                3,
                3.1
            ],
            "rotationOrigin": [
                -0.1,
                1,
                -0.1
            ],
            "faces": {
                "north": {
                    "texture": "#shoes",
                    "uv": [
                        0,
                        9,
                        4,
                        11
                    ]
                },
                "east": {
                    "texture": "#shoes",
                    "uv": [
                        11,
                        9,
                        14,
                        11
                    ]
                },
                "south": {
                    "texture": "#shoes",
                    "uv": [
                        7,
                        9,
                        11,
                        11
                    ]
                },
                "west": {
                    "texture": "#shoes",
                    "uv": [
                        4,
                        9,
                        7,
                        11
                    ]
                },
                "up": {
                    "texture": "#shoes",
                    "uv": [
                        0,
                        4,
                        3,
                        8
                    ],
                    "rotation": 90
                },
                "down": {
                    "texture": "#shoes",
                    "uv": [
                        4,
                        4,
                        7,
                        8
                    ],
                    "rotation": 90
                }
            },
            "children": [
                {
                    "name": "ringletL1",
                    "from": [
                        1.2,
                        -0.5,
                        3.2
                    ],
                    "to": [
                        1.6,
                        1,
                        3.7
                    ],
                    "rotationOrigin": [
                        1.4,
                        -0.5,
                        3.2
                    ],
                    "faces": {
                        "north": {
                            "texture": "#shoes",
                            "uv": [
                                3.5,
                                9,
                                4,
                                10.5
                            ]
                        },
                        "east": {
                            "texture": "#shoes",
                            "uv": [
                                7.5,
                                1,
                                8,
                                2.5
                            ]
                        },
                        "south": {
                            "texture": "#shoes",
                            "uv": [
                                7,
                                9,
                                7.5,
                                10.5
                            ]
                        },
                        "west": {
                            "texture": "#shoes",
                            "uv": [
                                4,
                                9,
                                4.5,
                                10.5
                            ]
                        },
                        "up": {
                            "texture": "#shoes",
                            "uv": [
                                4,
                                9,
                                4.5,
                                9.5
                            ],
                            "rotation": 90
                        },
                        "down": {
                            "texture": "#shoes",
                            "uv": [
                                0,
                                0,
                                0.5,
                                0.5
                            ]
                        }
                    },
                    "children": [
                        {
                            "name": "ringletL2",
                            "from": [
                                0.9,
                                0,
                                0
                            ],
                            "to": [
                                1.3,
                                1.5,
                                0.5
                            ],
                            "rotationOrigin": [
                                1.1,
                                0,
                                0
                            ],
                            "faces": {
                                "north": {
                                    "texture": "#shoes",
                                    "uv": [
                                        8,
                                        2,
                                        8.5,
                                        3.5
                                    ]
                                },
                                "east": {
                                    "texture": "#shoes",
                                    "uv": [
                                        9.5,
                                        1,
                                        10,
                                        2.5
                                    ]
                                },
                                "south": {
                                    "texture": "#shoes",
                                    "uv": [
                                        13.5,
                                        1.5,
                                        14,
                                        3
                                    ]
                                },
                                "west": {
                                    "texture": "#shoes",
                                    "uv": [
                                        2,
                                        1.5,
                                        2.5,
                                        3
                                    ]
                                },
                                "up": {
                                    "texture": "#shoes",
                                    "uv": [
                                        6,
                                        1.5,
                                        6.5,
                                        2
                                    ],
                                    "rotation": 90
                                },
                                "down": {
                                    "texture": "#shoes",
                                    "uv": [
                                        5.5,
                                        1,
                                        6,
                                        1.5
                                    ]
                                }
                            }
                        },
                        {
                            "name": "ringletL3",
                            "from": [
                                0.4,
                                0,
                                0
                            ],
                            "to": [
                                0.9,
                                0.4,
                                0.5
                            ],
                            "rotationOrigin": [
                                0.6,
                                0,
                                0
                            ],
                            "faces": {
                                "north": {
                                    "texture": "#shoes",
                                    "uv": [
                                        8.5,
                                        1,
                                        9,
                                        1.5
                                    ]
                                },
                                "south": {
                                    "texture": "#shoes",
                                    "uv": [
                                        10.5,
                                        2,
                                        11,
                                        2.5
                                    ]
                                },
                                "up": {
                                    "texture": "#shoes",
                                    "uv": [
                                        8,
                                        2,
                                        8.5,
                                        2.5
                                    ],
                                    "rotation": 90
                                },
                                "down": {
                                    "texture": "#shoes",
                                    "uv": [
                                        8.5,
                                        2,
                                        9,
                                        2.5
                                    ]
                                }
                            }
                        },
                        {
                            "name": "ringletL4",
                            "from": [
                                -0.4,
                                1,
                                0
                            ],
                            "to": [
                                1.7,
                                1.4,
                                0.4
                            ],
                            "rotationOrigin": [
                                -0.2,
                                1,
                                0
                            ],
                            "faces": {
                                "north": {
                                    "texture": "#shoes",
                                    "uv": [
                                        9,
                                        3,
                                        11,
                                        3.5
                                    ]
                                },
                                "east": {
                                    "texture": "#shoes",
                                    "uv": [
                                        10.5,
                                        1.5,
                                        11,
                                        2
                                    ]
                                },
                                "south": {
                                    "texture": "#shoes",
                                    "uv": [
                                        8.5,
                                        1.5,
                                        10.5,
                                        2
                                    ]
                                },
                                "west": {
                                    "texture": "#shoes",
                                    "uv": [
                                        7.5,
                                        3,
                                        8,
                                        3.5
                                    ]
                                },
                                "up": {
                                    "texture": "#shoes",
                                    "uv": [
                                        6.5,
                                        1,
                                        7,
                                        3
                                    ],
                                    "rotation": 90
                                },
                                "down": {
                                    "texture": "#shoes",
                                    "uv": [
                                        10.5,
                                        1,
                                        12.5,
                                        1.5
                                    ]
                                }
                            }
                        }
                    ]
                },
                {
                    "name": "LinerL",
                    "from": [
                        0.5,
                        0,
                        0.5
                    ],
                    "to": [
                        3.7,
                        2,
                        2.7
                    ],
                    "rotationOrigin": [
                        0.5,
                        0,
                        0.5
                    ],
                    "faces": {
                        "north": {
                            "texture": "#shoes",
                            "uv": [
                                3.5,
                                1.5,
                                6.5,
                                3.5
                            ]
                        },
                        "east": {
                            "texture": "#shoes",
                            "uv": [
                                5.5,
                                0,
                                7.5,
                                2
                            ]
                        },
                        "south": {
                            "texture": "#shoes",
                            "uv": [
                                8,
                                1.5,
                                11,
                                3.5
                            ]
                        },
                        "west": {
                            "texture": "#shoes",
                            "uv": [
                                2.5,
                                1,
                                4.5,
                                3
                            ]
                        }
                    }
                }
            ]
        }
    ],
    "animations": [
        {
            "name": "Walk",
            "code": "walk",
            "quantityframes": 25,
            "onActivityStopped": "Rewind",
            "onAnimationEnd": "Repeat",
            "keyframes": []
        }
    ]
}