{
    "editor": {
        "backDropShape": "entity/humanoid/kobold",
        "collapsedPaths": "Root/shoe L/front fold 26/LwoolW1,Root/ShoeR/RflapN/RwoolN1,Root/ShoeR,Root/shoe R/RbackFold,Root/shoe R/RflapN/RwoolN1,Root/shoe R/front 1,Root/shoe R/RflapW,Root/shoe R/RflapS,Root/shoe R/RflapN,Root/shoe L/front fold 26,Root/ShoeL/Lback fold 25,Root/ShoeR/RflapS,Root/shoe L/N fold 23,Root/shoe L/back fold 25,Root/KneeFlapR/LbackWool6,Root/shoe R/RflapE,Root/shoe L/Lback fold 25,Root/shoe L/N fold 23/LfoldN1,Root/shoe R/Rknot,Root/shoe L/LacesR1,Root/shoe L/S fold 24/LWoolS1,Root/shoe L/LacesL1,Root/shoe L/front16,Root/ShoeR/RflapE,Root/ShoeR/RflapN,Root/ShoeL/S fold 24,Root/shoe L/front 26,Root/ShoeL/N fold 23,Root/KneeFlapL/LwoolW1",
        "allAngles": true,
        "entityTextureMode": true
    },
    "textureWidth": 16,
    "textureHeight": 20,
    "textureSizes": {
        "shoes": [
            16,
            20
        ]
    },
    "textures": {
        "shoes": "entity/humanoid/seraphclothes/foot/rottenking"
    },
    "elements": [
        {
            "name": "shoe R",
            "stepParentName": "PawR",
            "from": [
                -0.1,
                -0.1,
                -0.1
            ],
            "to": [
                4.1,
                3.9,
                3.1
            ],
            "uv": [
                0,
                0
            ],
            "rotationOrigin": [
                -0.1,
                -0.1,
                -0.1
            ],
            "faces": {
                "north": {
                    "texture": "#shoes",
                    "uv": [
                        3,
                        16,
                        7,
                        20
                    ]
                },
                "east": {
                    "texture": "#shoes",
                    "uv": [
                        0,
                        16,
                        3,
                        20
                    ]
                },
                "south": {
                    "texture": "#shoes",
                    "uv": [
                        10,
                        16,
                        14,
                        20
                    ]
                },
                "west": {
                    "texture": "#shoes",
                    "uv": [
                        7,
                        16,
                        10,
                        20
                    ]
                },
                "up": {
                    "texture": "#shoes",
                    "uv": [
                        13,
                        0,
                        16,
                        4
                    ],
                    "rotation": 90,
                    "windMode": [
                        -1,
                        -1,
                        -1,
                        -1
                    ]
                },
                "down": {
                    "texture": "#shoes",
                    "uv": [
                        0,
                        4,
                        3,
                        8
                    ],
                    "rotation": 90
                }
            },
            "children": [
                {
                    "name": "hideshoeR",
                    "from": [
                        0,
                        4,
                        0
                    ],
                    "to": [
                        1,
                        5,
                        1
                    ],
                    "uv": [
                        0,
                        0
                    ],
                    "rotationOrigin": [
                        0,
                        4,
                        0
                    ],
                    "faces": {},
                    "children": [
                        {
                            "name": "N fold 20",
                            "from": [
                                3,
                                -0.15,
                                0
                            ],
                            "to": [
                                3.2,
                                0.35,
                                0.2
                            ],
                            "unwrapMode": 4,
                            "autoUnwrap": false,
                            "uv": [
                                2.5,
                                14.5
                            ],
                            "rotationOrigin": [
                                0,
                                0,
                                0.2
                            ],
                            "rotationX": -8,
                            "rotationY": 0,
                            "rotationZ": 0,
                            "faces": {
                                "north": {
                                    "texture": "#shoes",
                                    "uv": [
                                        3,
                                        15.5,
                                        7,
                                        16
                                    ]
                                },
                                "east": {
                                    "texture": "#shoes",
                                    "uv": [
                                        7,
                                        15.5,
                                        7.5,
                                        16
                                    ]
                                },
                                "south": {
                                    "texture": "#shoes",
                                    "uv": [
                                        5.5,
                                        0.5,
                                        9.5,
                                        1
                                    ]
                                },
                                "west": {
                                    "texture": "#shoes",
                                    "uv": [
                                        2.5,
                                        15.5,
                                        3,
                                        16
                                    ]
                                }
                            },
                            "children": [
                                {
                                    "name": "N fold 21",
                                    "from": [
                                        0,
                                        0.5,
                                        0
                                    ],
                                    "to": [
                                        4.2,
                                        1,
                                        0.2
                                    ],
                                    "uv": [
                                        2.5,
                                        2
                                    ],
                                    "rotationOrigin": [
                                        0,
                                        0.5,
                                        0.2
                                    ],
                                    "faces": {
                                        "north": {
                                            "texture": "#shoes",
                                            "uv": [
                                                3,
                                                15,
                                                7,
                                                15.5
                                            ]
                                        },
                                        "east": {
                                            "texture": "#shoes",
                                            "uv": [
                                                3,
                                                15,
                                                3.5,
                                                15.5
                                            ]
                                        },
                                        "south": {
                                            "texture": "#shoes",
                                            "uv": [
                                                9.5,
                                                2,
                                                13.5,
                                                2.5
                                            ]
                                        },
                                        "west": {
                                            "texture": "#shoes",
                                            "uv": [
                                                6.5,
                                                15,
                                                7,
                                                15.5
                                            ]
                                        },
                                        "up": {
                                            "texture": "#shoes",
                                            "uv": [
                                                2.5,
                                                15,
                                                6.5,
                                                15.5
                                            ]
                                        }
                                    }
                                }
                            ]
                        },
                        {
                            "name": "S fold 21",
                            "from": [
                                1.1,
                                0,
                                3
                            ],
                            "to": [
                                4.2,
                                0.5,
                                3.2
                            ],
                            "uv": [
                                7,
                                1.5
                            ],
                            "rotationOrigin": [
                                1.1,
                                0,
                                3
                            ],
                            "rotationX": 8,
                            "rotationY": 0,
                            "rotationZ": 0,
                            "faces": {
                                "north": {
                                    "texture": "#shoes",
                                    "uv": [
                                        7,
                                        1.5,
                                        10,
                                        2
                                    ]
                                },
                                "east": {
                                    "texture": "#shoes",
                                    "uv": [
                                        13.5,
                                        12,
                                        14,
                                        12.5
                                    ]
                                },
                                "south": {
                                    "texture": "#shoes",
                                    "uv": [
                                        11,
                                        15.5,
                                        14,
                                        16
                                    ]
                                },
                                "west": {
                                    "texture": "#shoes",
                                    "uv": [
                                        9.5,
                                        12,
                                        10,
                                        12.5
                                    ]
                                },
                                "up": {
                                    "texture": "#shoes",
                                    "uv": [
                                        11,
                                        15.5,
                                        14,
                                        16
                                    ]
                                }
                            },
                            "children": [
                                {
                                    "name": "S fold 22",
                                    "from": [
                                        0,
                                        0.5,
                                        0
                                    ],
                                    "to": [
                                        1.6,
                                        1,
                                        0.2
                                    ],
                                    "uv": [
                                        7,
                                        1.5
                                    ],
                                    "rotationOrigin": [
                                        0,
                                        0.5,
                                        0
                                    ],
                                    "faces": {
                                        "north": {
                                            "texture": "#shoes",
                                            "uv": [
                                                7,
                                                1.5,
                                                8.5,
                                                2
                                            ]
                                        },
                                        "east": {
                                            "texture": "#shoes",
                                            "uv": [
                                                12,
                                                15,
                                                12.5,
                                                15.5
                                            ]
                                        },
                                        "south": {
                                            "texture": "#shoes",
                                            "uv": [
                                                11,
                                                15,
                                                12.5,
                                                15.5
                                            ]
                                        },
                                        "west": {
                                            "texture": "#shoes",
                                            "uv": [
                                                11,
                                                15,
                                                11.5,
                                                15.5
                                            ]
                                        },
                                        "up": {
                                            "texture": "#shoes",
                                            "uv": [
                                                11,
                                                15,
                                                12.5,
                                                15.5
                                            ]
                                        }
                                    }
                                },
                                {
                                    "name": "S fold 23",
                                    "from": [
                                        -1.1,
                                        0,
                                        0
                                    ],
                                    "to": [
                                        -0.6,
                                        0.5,
                                        0.2
                                    ],
                                    "uv": [
                                        7,
                                        1.5
                                    ],
                                    "rotationOrigin": [
                                        -1.1,
                                        0,
                                        0
                                    ],
                                    "faces": {
                                        "north": {
                                            "texture": "#shoes",
                                            "uv": [
                                                7,
                                                1.5,
                                                7.5,
                                                2
                                            ]
                                        },
                                        "east": {
                                            "texture": "#shoes",
                                            "uv": [
                                                10,
                                                15.5,
                                                10.5,
                                                16
                                            ]
                                        },
                                        "south": {
                                            "texture": "#shoes",
                                            "uv": [
                                                10,
                                                15.5,
                                                10.5,
                                                16
                                            ]
                                        },
                                        "west": {
                                            "texture": "#shoes",
                                            "uv": [
                                                10,
                                                15.5,
                                                10.5,
                                                16
                                            ]
                                        },
                                        "up": {
                                            "texture": "#shoes",
                                            "uv": [
                                                10,
                                                15.5,
                                                10.5,
                                                16
                                            ]
                                        }
                                    }
                                },
                                {
                                    "name": "S fold 27",
                                    "from": [
                                        2.1,
                                        0.5,
                                        0
                                    ],
                                    "to": [
                                        3.1,
                                        1,
                                        0.2
                                    ],
                                    "uv": [
                                        7,
                                        1.5
                                    ],
                                    "rotationOrigin": [
                                        2.1,
                                        0.5,
                                        0
                                    ],
                                    "faces": {
                                        "north": {
                                            "texture": "#shoes",
                                            "uv": [
                                                7,
                                                1.5,
                                                8,
                                                2
                                            ]
                                        },
                                        "east": {
                                            "texture": "#shoes",
                                            "uv": [
                                                13,
                                                15,
                                                13.5,
                                                15.5
                                            ]
                                        },
                                        "south": {
                                            "texture": "#shoes",
                                            "uv": [
                                                13,
                                                15,
                                                14,
                                                15.5
                                            ]
                                        },
                                        "west": {
                                            "texture": "#shoes",
                                            "uv": [
                                                13.5,
                                                15,
                                                14,
                                                15.5
                                            ]
                                        },
                                        "up": {
                                            "texture": "#shoes",
                                            "uv": [
                                                13,
                                                15,
                                                14,
                                                15.5
                                            ]
                                        }
                                    }
                                }
                            ]
                        },
                        {
                            "name": "back fold 1",
                            "from": [
                                4,
                                0,
                                0
                            ],
                            "to": [
                                4.2,
                                0.5,
                                3.2
                            ],
                            "uv": [
                                0,
                                2
                            ],
                            "rotationOrigin": [
                                4,
                                0,
                                0
                            ],
                            "rotationX": 0,
                            "rotationY": 0,
                            "rotationZ": -7,
                            "faces": {
                                "north": {
                                    "texture": "#shoes",
                                    "uv": [
                                        2.5,
                                        15.5,
                                        3,
                                        16
                                    ]
                                },
                                "east": {
                                    "texture": "#shoes",
                                    "uv": [
                                        0,
                                        9.5,
                                        3,
                                        10
                                    ]
                                },
                                "south": {
                                    "texture": "#shoes",
                                    "uv": [
                                        0,
                                        15.5,
                                        0.5,
                                        16
                                    ]
                                },
                                "west": {
                                    "texture": "#shoes",
                                    "uv": [
                                        0,
                                        2,
                                        3,
                                        2.5
                                    ]
                                },
                                "up": {
                                    "texture": "#shoes",
                                    "uv": [
                                        0,
                                        9.5,
                                        3,
                                        10
                                    ],
                                    "rotation": 270
                                }
                            },
                            "children": [
                                {
                                    "name": "back fold 2",
                                    "from": [
                                        0,
                                        0.5,
                                        0
                                    ],
                                    "to": [
                                        0.2,
                                        1,
                                        1.1
                                    ],
                                    "uv": [
                                        2,
                                        1.5
                                    ],
                                    "rotationOrigin": [
                                        0,
                                        0.5,
                                        0
                                    ],
                                    "faces": {
                                        "north": {
                                            "texture": "#shoes",
                                            "uv": [
                                                2.5,
                                                9,
                                                3,
                                                9.5
                                            ]
                                        },
                                        "east": {
                                            "texture": "#shoes",
                                            "uv": [
                                                2,
                                                9,
                                                3,
                                                9.5
                                            ]
                                        },
                                        "south": {
                                            "texture": "#shoes",
                                            "uv": [
                                                2,
                                                9,
                                                2.5,
                                                9.5
                                            ]
                                        },
                                        "west": {
                                            "texture": "#shoes",
                                            "uv": [
                                                7,
                                                1.5,
                                                8,
                                                2
                                            ]
                                        },
                                        "up": {
                                            "texture": "#shoes",
                                            "uv": [
                                                2,
                                                9,
                                                3,
                                                9.5
                                            ],
                                            "rotation": 270
                                        }
                                    }
                                },
                                {
                                    "name": "back fold 3",
                                    "from": [
                                        0,
                                        0.5,
                                        2.1
                                    ],
                                    "to": [
                                        0.2,
                                        1,
                                        3.2
                                    ],
                                    "uv": [
                                        0,
                                        1.5
                                    ],
                                    "rotationOrigin": [
                                        0,
                                        0.5,
                                        2.1
                                    ],
                                    "faces": {
                                        "north": {
                                            "texture": "#shoes",
                                            "uv": [
                                                0,
                                                9,
                                                0.5,
                                                9.5
                                            ]
                                        },
                                        "east": {
                                            "texture": "#shoes",
                                            "uv": [
                                                0,
                                                9,
                                                1,
                                                9.5
                                            ]
                                        },
                                        "south": {
                                            "texture": "#shoes",
                                            "uv": [
                                                0.5,
                                                9,
                                                1,
                                                9.5
                                            ]
                                        },
                                        "west": {
                                            "texture": "#shoes",
                                            "uv": [
                                                7,
                                                1.5,
                                                8,
                                                2
                                            ]
                                        },
                                        "up": {
                                            "texture": "#shoes",
                                            "uv": [
                                                0,
                                                9,
                                                1,
                                                9.5
                                            ],
                                            "rotation": 270
                                        }
                                    }
                                }
                            ]
                        },
                        {
                            "name": "front 1",
                            "from": [
                                0,
                                0,
                                0
                            ],
                            "to": [
                                0.2,
                                0.5,
                                1.1
                            ],
                            "uv": [
                                7,
                                1
                            ],
                            "rotationOrigin": [
                                0.2,
                                0,
                                0
                            ],
                            "rotationX": 0,
                            "rotationY": 0,
                            "rotationZ": 8,
                            "faces": {
                                "north": {
                                    "texture": "#shoes",
                                    "uv": [
                                        7,
                                        15.5,
                                        7.5,
                                        16
                                    ]
                                },
                                "east": {
                                    "texture": "#shoes",
                                    "uv": [
                                        7.5,
                                        1,
                                        8.5,
                                        1.5
                                    ]
                                },
                                "south": {
                                    "texture": "#shoes",
                                    "uv": [
                                        7.5,
                                        15.5,
                                        8,
                                        16
                                    ]
                                },
                                "west": {
                                    "texture": "#shoes",
                                    "uv": [
                                        7,
                                        15.5,
                                        8,
                                        16
                                    ]
                                },
                                "up": {
                                    "texture": "#shoes",
                                    "uv": [
                                        7,
                                        15.5,
                                        8,
                                        16
                                    ],
                                    "rotation": 90
                                }
                            },
                            "children": [
                                {
                                    "name": "front 2",
                                    "from": [
                                        0,
                                        0,
                                        1.6
                                    ],
                                    "to": [
                                        0.2,
                                        0.5,
                                        2.1
                                    ],
                                    "uv": [
                                        7.5,
                                        1
                                    ],
                                    "rotationOrigin": [
                                        0.2,
                                        0,
                                        1.6
                                    ],
                                    "faces": {
                                        "north": {
                                            "texture": "#shoes",
                                            "uv": [
                                                8.5,
                                                15.5,
                                                9,
                                                16
                                            ]
                                        },
                                        "east": {
                                            "texture": "#shoes",
                                            "uv": [
                                                7.5,
                                                1,
                                                8,
                                                1.5
                                            ]
                                        },
                                        "south": {
                                            "texture": "#shoes",
                                            "uv": [
                                                8.5,
                                                15.5,
                                                9,
                                                16
                                            ]
                                        },
                                        "west": {
                                            "texture": "#shoes",
                                            "uv": [
                                                8.5,
                                                15.5,
                                                9,
                                                16
                                            ]
                                        },
                                        "up": {
                                            "texture": "#shoes",
                                            "uv": [
                                                8.5,
                                                15.5,
                                                9,
                                                16
                                            ],
                                            "rotation": 90
                                        }
                                    }
                                },
                                {
                                    "name": "front 3",
                                    "from": [
                                        0,
                                        0,
                                        2.7
                                    ],
                                    "to": [
                                        0.2,
                                        0.5,
                                        3.2
                                    ],
                                    "uv": [
                                        7.5,
                                        1
                                    ],
                                    "rotationOrigin": [
                                        0.2,
                                        0,
                                        2.7
                                    ],
                                    "faces": {
                                        "north": {
                                            "texture": "#shoes",
                                            "uv": [
                                                9.5,
                                                15.5,
                                                10,
                                                16
                                            ]
                                        },
                                        "east": {
                                            "texture": "#shoes",
                                            "uv": [
                                                7.5,
                                                1,
                                                8,
                                                1.5
                                            ]
                                        },
                                        "south": {
                                            "texture": "#shoes",
                                            "uv": [
                                                9.5,
                                                15.5,
                                                10,
                                                16
                                            ]
                                        },
                                        "west": {
                                            "texture": "#shoes",
                                            "uv": [
                                                9.5,
                                                15.5,
                                                10,
                                                16
                                            ]
                                        },
                                        "up": {
                                            "texture": "#shoes",
                                            "uv": [
                                                9.5,
                                                15.5,
                                                10,
                                                16
                                            ],
                                            "rotation": 90
                                        }
                                    }
                                },
                                {
                                    "name": "front 4",
                                    "from": [
                                        0,
                                        0.5,
                                        0
                                    ],
                                    "to": [
                                        0.2,
                                        1,
                                        1.6
                                    ],
                                    "uv": [
                                        7,
                                        1
                                    ],
                                    "rotationOrigin": [
                                        0.2,
                                        0.5,
                                        0
                                    ],
                                    "faces": {
                                        "north": {
                                            "texture": "#shoes",
                                            "uv": [
                                                7,
                                                15,
                                                7.5,
                                                15.5
                                            ],
                                            "windMode": [
                                                -1,
                                                -1,
                                                -1,
                                                -1
                                            ]
                                        },
                                        "east": {
                                            "texture": "#shoes",
                                            "uv": [
                                                7.5,
                                                1,
                                                9,
                                                1.5
                                            ]
                                        },
                                        "south": {
                                            "texture": "#shoes",
                                            "uv": [
                                                8,
                                                15,
                                                8.5,
                                                15.5
                                            ]
                                        },
                                        "west": {
                                            "texture": "#shoes",
                                            "uv": [
                                                7,
                                                15,
                                                8.5,
                                                15.5
                                            ]
                                        },
                                        "up": {
                                            "texture": "#shoes",
                                            "uv": [
                                                7,
                                                15,
                                                8.5,
                                                15.5
                                            ],
                                            "rotation": 90
                                        },
                                        "down": {
                                            "texture": "#shoes",
                                            "uv": [
                                                7,
                                                15,
                                                8.5,
                                                15.5
                                            ],
                                            "rotation": 90,
                                            "windMode": [
                                                -1,
                                                -1,
                                                -1,
                                                -1
                                            ]
                                        }
                                    }
                                }
                            ]
                        }
                    ]
                },
                {
                    "name": "showshoeR",
                    "from": [
                        0,
                        4,
                        0
                    ],
                    "to": [
                        4.2,
                        5,
                        3.2
                    ],
                    "unwrapMode": 4,
                    "autoUnwrap": false,
                    "uv": [
                        3,
                        15
                    ],
                    "rotationOrigin": [
                        0,
                        4,
                        0
                    ],
                    "faces": {
                        "north": {
                            "texture": "#shoes",
                            "uv": [
                                3,
                                15,
                                7,
                                16
                            ]
                        },
                        "east": {
                            "texture": "#shoes",
                            "uv": [
                                0,
                                15,
                                3,
                                16
                            ]
                        },
                        "south": {
                            "texture": "#shoes",
                            "uv": [
                                10,
                                15,
                                14,
                                16
                            ]
                        },
                        "west": {
                            "texture": "#shoes",
                            "uv": [
                                7,
                                15,
                                10,
                                16
                            ]
                        }
                    }
                }
            ]
        },
        {
            "name": "shoe L",
            "stepParentName": "PawL",
            "from": [
                -0.1,
                -0.1,
                -0.1
            ],
            "to": [
                4.1,
                3.9,
                3.1
            ],
            "uv": [
                0,
                0
            ],
            "rotationOrigin": [
                -0.1,
                -0.1,
                -0.1
            ],
            "faces": {
                "north": {
                    "texture": "#shoes",
                    "uv": [
                        0,
                        10,
                        4,
                        14
                    ]
                },
                "east": {
                    "texture": "#shoes",
                    "uv": [
                        11,
                        10,
                        14,
                        14
                    ]
                },
                "south": {
                    "texture": "#shoes",
                    "uv": [
                        7,
                        10,
                        11,
                        14
                    ]
                },
                "west": {
                    "texture": "#shoes",
                    "uv": [
                        4,
                        10,
                        7,
                        14
                    ]
                },
                "up": {
                    "texture": "#shoes",
                    "uv": [
                        13,
                        0,
                        16,
                        4
                    ],
                    "rotation": 90
                },
                "down": {
                    "texture": "#shoes",
                    "uv": [
                        4,
                        4,
                        7,
                        8
                    ],
                    "rotation": 90
                }
            },
            "children": [
                {
                    "name": "hideshoeL",
                    "from": [
                        0,
                        4,
                        0
                    ],
                    "to": [
                        1,
                        5,
                        1
                    ],
                    "uv": [
                        0,
                        0
                    ],
                    "rotationOrigin": [
                        0,
                        4,
                        0
                    ],
                    "faces": {},
                    "children": [
                        {
                            "name": "N fold 23",
                            "from": [
                                0,
                                0,
                                0
                            ],
                            "to": [
                                4.2,
                                0.5,
                                0.2
                            ],
                            "uv": [
                                0,
                                1
                            ],
                            "rotationOrigin": [
                                0,
                                0,
                                0.2
                            ],
                            "rotationX": -8,
                            "rotationY": 0,
                            "rotationZ": 0,
                            "faces": {
                                "north": {
                                    "texture": "#shoes",
                                    "uv": [
                                        0,
                                        9.5,
                                        4,
                                        10
                                    ]
                                },
                                "east": {
                                    "texture": "#shoes",
                                    "uv": [
                                        0,
                                        9.5,
                                        0.5,
                                        10
                                    ]
                                },
                                "south": {
                                    "texture": "#shoes",
                                    "uv": [
                                        0,
                                        1,
                                        4,
                                        1.5
                                    ]
                                },
                                "west": {
                                    "texture": "#shoes",
                                    "uv": [
                                        3.5,
                                        9.5,
                                        4,
                                        10
                                    ]
                                },
                                "up": {
                                    "texture": "#shoes",
                                    "uv": [
                                        0,
                                        9.5,
                                        4,
                                        10
                                    ]
                                }
                            },
                            "children": [
                                {
                                    "name": "N fold 24",
                                    "from": [
                                        0.5,
                                        0.5,
                                        0
                                    ],
                                    "to": [
                                        4.2,
                                        1,
                                        0.2
                                    ],
                                    "uv": [
                                        0,
                                        1
                                    ],
                                    "rotationOrigin": [
                                        0.5,
                                        0.5,
                                        0.2
                                    ],
                                    "faces": {
                                        "north": {
                                            "texture": "#shoes",
                                            "uv": [
                                                0,
                                                9,
                                                3.5,
                                                9.5
                                            ]
                                        },
                                        "east": {
                                            "texture": "#shoes",
                                            "uv": [
                                                0,
                                                9,
                                                0.5,
                                                9.5
                                            ]
                                        },
                                        "south": {
                                            "texture": "#shoes",
                                            "uv": [
                                                0,
                                                1,
                                                3.5,
                                                1.5
                                            ]
                                        },
                                        "west": {
                                            "texture": "#shoes",
                                            "uv": [
                                                3,
                                                9,
                                                3.5,
                                                9.5
                                            ]
                                        },
                                        "up": {
                                            "texture": "#shoes",
                                            "uv": [
                                                0,
                                                9,
                                                3.5,
                                                9.5
                                            ]
                                        }
                                    }
                                }
                            ]
                        },
                        {
                            "name": "S fold 24",
                            "from": [
                                0,
                                0,
                                3
                            ],
                            "to": [
                                4.2,
                                0.5,
                                3.2
                            ],
                            "uv": [
                                7,
                                2
                            ],
                            "rotationOrigin": [
                                0,
                                0,
                                3
                            ],
                            "rotationX": 8,
                            "rotationY": 0,
                            "rotationZ": 0,
                            "faces": {
                                "north": {
                                    "texture": "#shoes",
                                    "uv": [
                                        9.5,
                                        2,
                                        13.5,
                                        2.5
                                    ]
                                },
                                "east": {
                                    "texture": "#shoes",
                                    "uv": [
                                        10,
                                        9.5,
                                        10.5,
                                        10
                                    ]
                                },
                                "south": {
                                    "texture": "#shoes",
                                    "uv": [
                                        7,
                                        9.5,
                                        11,
                                        10
                                    ]
                                },
                                "west": {
                                    "texture": "#shoes",
                                    "uv": [
                                        7,
                                        9.5,
                                        7.5,
                                        10
                                    ]
                                },
                                "up": {
                                    "texture": "#shoes",
                                    "uv": [
                                        7,
                                        9.5,
                                        11,
                                        10
                                    ]
                                }
                            },
                            "children": [
                                {
                                    "name": "S fold 25",
                                    "from": [
                                        0.5,
                                        0.5,
                                        0
                                    ],
                                    "to": [
                                        2.1,
                                        1,
                                        0.2
                                    ],
                                    "uv": [
                                        7.5,
                                        2
                                    ],
                                    "rotationOrigin": [
                                        0.5,
                                        0.5,
                                        0
                                    ],
                                    "faces": {
                                        "north": {
                                            "texture": "#shoes",
                                            "uv": [
                                                9.5,
                                                2,
                                                11,
                                                2.5
                                            ]
                                        },
                                        "east": {
                                            "texture": "#shoes",
                                            "uv": [
                                                7.5,
                                                9,
                                                8,
                                                9.5
                                            ]
                                        },
                                        "south": {
                                            "texture": "#shoes",
                                            "uv": [
                                                7.5,
                                                9,
                                                9,
                                                9.5
                                            ]
                                        },
                                        "west": {
                                            "texture": "#shoes",
                                            "uv": [
                                                8.5,
                                                9,
                                                9,
                                                9.5
                                            ]
                                        },
                                        "up": {
                                            "texture": "#shoes",
                                            "uv": [
                                                7.5,
                                                9,
                                                9,
                                                9.5
                                            ]
                                        }
                                    }
                                },
                                {
                                    "name": "S fold 26",
                                    "from": [
                                        2.7,
                                        0.5,
                                        0
                                    ],
                                    "to": [
                                        4.2,
                                        1,
                                        0.2
                                    ],
                                    "uv": [
                                        9.5,
                                        2
                                    ],
                                    "rotationOrigin": [
                                        2.7,
                                        0.5,
                                        0
                                    ],
                                    "faces": {
                                        "north": {
                                            "texture": "#shoes",
                                            "uv": [
                                                9.5,
                                                2,
                                                11,
                                                2.5
                                            ]
                                        },
                                        "east": {
                                            "texture": "#shoes",
                                            "uv": [
                                                12,
                                                9,
                                                12.5,
                                                9.5
                                            ]
                                        },
                                        "south": {
                                            "texture": "#shoes",
                                            "uv": [
                                                9.5,
                                                9,
                                                11,
                                                9.5
                                            ]
                                        },
                                        "west": {
                                            "texture": "#shoes",
                                            "uv": [
                                                10.5,
                                                9,
                                                11,
                                                9.5
                                            ]
                                        },
                                        "up": {
                                            "texture": "#shoes",
                                            "uv": [
                                                9.5,
                                                9,
                                                11,
                                                9.5
                                            ]
                                        }
                                    }
                                }
                            ]
                        },
                        {
                            "name": "back fold 25",
                            "from": [
                                4,
                                0,
                                0
                            ],
                            "to": [
                                4.2,
                                0.5,
                                3.2
                            ],
                            "uv": [
                                6.5,
                                2.5
                            ],
                            "rotationOrigin": [
                                4,
                                0,
                                0
                            ],
                            "rotationX": 0,
                            "rotationY": 0,
                            "rotationZ": -7,
                            "faces": {
                                "north": {
                                    "texture": "#shoes",
                                    "uv": [
                                        13.5,
                                        9.5,
                                        14,
                                        10
                                    ]
                                },
                                "east": {
                                    "texture": "#shoes",
                                    "uv": [
                                        11,
                                        9.5,
                                        14,
                                        10
                                    ]
                                },
                                "south": {
                                    "texture": "#shoes",
                                    "uv": [
                                        11,
                                        9.5,
                                        11.5,
                                        10
                                    ]
                                },
                                "west": {
                                    "texture": "#shoes",
                                    "uv": [
                                        6.5,
                                        2.5,
                                        9.5,
                                        3
                                    ]
                                },
                                "up": {
                                    "texture": "#shoes",
                                    "uv": [
                                        11,
                                        9.5,
                                        14,
                                        10
                                    ],
                                    "rotation": 270
                                }
                            },
                            "children": [
                                {
                                    "name": "back fold 26",
                                    "from": [
                                        0,
                                        0.5,
                                        0
                                    ],
                                    "to": [
                                        0.2,
                                        1,
                                        2.1
                                    ],
                                    "uv": [
                                        0,
                                        0
                                    ],
                                    "rotationOrigin": [
                                        0,
                                        0.5,
                                        0
                                    ],
                                    "faces": {
                                        "north": {
                                            "texture": "#shoes",
                                            "uv": [
                                                13.5,
                                                9,
                                                14,
                                                9.5
                                            ]
                                        },
                                        "east": {
                                            "texture": "#shoes",
                                            "uv": [
                                                12,
                                                9,
                                                14,
                                                9.5
                                            ]
                                        },
                                        "south": {
                                            "texture": "#shoes",
                                            "uv": [
                                                12,
                                                9,
                                                12.5,
                                                9.5
                                            ]
                                        },
                                        "west": {
                                            "texture": "#shoes",
                                            "uv": [
                                                0,
                                                0,
                                                2,
                                                0.5
                                            ]
                                        },
                                        "up": {
                                            "texture": "#shoes",
                                            "uv": [
                                                12,
                                                9,
                                                14,
                                                9.5
                                            ],
                                            "rotation": 270
                                        }
                                    }
                                },
                                {
                                    "name": "back fold 27",
                                    "from": [
                                        0,
                                        0.5,
                                        2.7
                                    ],
                                    "to": [
                                        0.2,
                                        1,
                                        3.2
                                    ],
                                    "uv": [
                                        0,
                                        0
                                    ],
                                    "rotationOrigin": [
                                        0,
                                        0.5,
                                        2.7
                                    ],
                                    "faces": {
                                        "north": {
                                            "texture": "#shoes",
                                            "uv": [
                                                11,
                                                9,
                                                11.5,
                                                9.5
                                            ]
                                        },
                                        "east": {
                                            "texture": "#shoes",
                                            "uv": [
                                                11,
                                                9,
                                                11.5,
                                                9.5
                                            ]
                                        },
                                        "south": {
                                            "texture": "#shoes",
                                            "uv": [
                                                11,
                                                9,
                                                11.5,
                                                9.5
                                            ]
                                        },
                                        "west": {
                                            "texture": "#shoes",
                                            "uv": [
                                                0,
                                                0,
                                                0.5,
                                                0.5
                                            ]
                                        },
                                        "up": {
                                            "texture": "#shoes",
                                            "uv": [
                                                11,
                                                9,
                                                11.5,
                                                9.5
                                            ],
                                            "rotation": 270
                                        }
                                    }
                                }
                            ]
                        },
                        {
                            "name": "front fold 26",
                            "from": [
                                0,
                                0,
                                0
                            ],
                            "to": [
                                0.2,
                                0.5,
                                2.7
                            ],
                            "uv": [
                                4,
                                2
                            ],
                            "rotationOrigin": [
                                0.2,
                                0,
                                0
                            ],
                            "rotationX": 0,
                            "rotationY": 0,
                            "rotationZ": 8,
                            "faces": {
                                "north": {
                                    "texture": "#shoes",
                                    "uv": [
                                        4,
                                        9.5,
                                        4.5,
                                        10
                                    ]
                                },
                                "east": {
                                    "texture": "#shoes",
                                    "uv": [
                                        9.5,
                                        2,
                                        12,
                                        2.5
                                    ]
                                },
                                "south": {
                                    "texture": "#shoes",
                                    "uv": [
                                        6,
                                        9.5,
                                        6.5,
                                        10
                                    ]
                                },
                                "west": {
                                    "texture": "#shoes",
                                    "uv": [
                                        4,
                                        9.5,
                                        6.5,
                                        10
                                    ]
                                },
                                "up": {
                                    "texture": "#shoes",
                                    "uv": [
                                        4,
                                        9.5,
                                        6.5,
                                        10
                                    ],
                                    "rotation": 90
                                }
                            },
                            "children": [
                                {
                                    "name": "front fold 27",
                                    "from": [
                                        0,
                                        0.5,
                                        2.2
                                    ],
                                    "to": [
                                        0.2,
                                        1,
                                        3.2
                                    ],
                                    "uv": [
                                        6,
                                        2
                                    ],
                                    "rotationOrigin": [
                                        0.2,
                                        0.5,
                                        2.2
                                    ],
                                    "faces": {
                                        "north": {
                                            "texture": "#shoes",
                                            "uv": [
                                                6,
                                                9,
                                                6.5,
                                                9.5
                                            ]
                                        },
                                        "east": {
                                            "texture": "#shoes",
                                            "uv": [
                                                9.5,
                                                2,
                                                10.5,
                                                2.5
                                            ]
                                        },
                                        "south": {
                                            "texture": "#shoes",
                                            "uv": [
                                                6.5,
                                                9,
                                                7,
                                                9.5
                                            ]
                                        },
                                        "west": {
                                            "texture": "#shoes",
                                            "uv": [
                                                6,
                                                9,
                                                7,
                                                9.5
                                            ]
                                        },
                                        "up": {
                                            "texture": "#shoes",
                                            "uv": [
                                                6,
                                                9,
                                                7,
                                                9.5
                                            ],
                                            "rotation": 90
                                        }
                                    }
                                },
                                {
                                    "name": "front fold 30",
                                    "from": [
                                        0,
                                        0.5,
                                        0
                                    ],
                                    "to": [
                                        0.2,
                                        1,
                                        1.6
                                    ],
                                    "uv": [
                                        4,
                                        2
                                    ],
                                    "rotationOrigin": [
                                        0.2,
                                        0.5,
                                        0
                                    ],
                                    "faces": {
                                        "north": {
                                            "texture": "#shoes",
                                            "uv": [
                                                4,
                                                9,
                                                4.5,
                                                9.5
                                            ]
                                        },
                                        "east": {
                                            "texture": "#shoes",
                                            "uv": [
                                                9.5,
                                                2,
                                                11,
                                                2.5
                                            ]
                                        },
                                        "south": {
                                            "texture": "#shoes",
                                            "uv": [
                                                5,
                                                9,
                                                5.5,
                                                9.5
                                            ]
                                        },
                                        "west": {
                                            "texture": "#shoes",
                                            "uv": [
                                                4,
                                                9,
                                                5.5,
                                                9.5
                                            ]
                                        },
                                        "up": {
                                            "texture": "#shoes",
                                            "uv": [
                                                4,
                                                9,
                                                5.5,
                                                9.5
                                            ],
                                            "rotation": 90
                                        }
                                    }
                                }
                            ]
                        }
                    ]
                },
                {
                    "name": "showshoeL",
                    "from": [
                        0,
                        4,
                        0
                    ],
                    "to": [
                        4.2,
                        5,
                        3.2
                    ],
                    "unwrapMode": 4,
                    "uv": [
                        0,
                        9
                    ],
                    "rotationOrigin": [
                        0,
                        4,
                        0
                    ],
                    "faces": {
                        "north": {
                            "texture": "#shoes",
                            "uv": [
                                0,
                                9,
                                4,
                                10
                            ]
                        },
                        "east": {
                            "texture": "#shoes",
                            "uv": [
                                11,
                                9,
                                14,
                                10
                            ]
                        },
                        "south": {
                            "texture": "#shoes",
                            "uv": [
                                7,
                                9,
                                11,
                                10
                            ]
                        },
                        "west": {
                            "texture": "#shoes",
                            "uv": [
                                4,
                                9,
                                7,
                                10
                            ]
                        }
                    }
                }
            ]
        }
    ],
    "animations": [
        {
            "name": "Walk",
            "code": "walk",
            "quantityframes": 25,
            "onActivityStopped": "Rewind",
            "onAnimationEnd": "Repeat",
            "keyframes": []
        }
    ]
}