{
    "editor": {
        "backDropShape": "entity/humanoid/kobold",
        "collapsedPaths": "Root/shoe L/front fold 26/LwoolW1,Root/ShoeR/RflapN/RwoolN1,Root/ShoeR,Root/shoe R/RbackFold,Root/shoe R/RflapN/RwoolN1,Root/shoe R/front 1,Root/shoe R/RflapW,Root/shoe R/RflapS,Root/shoe R/RflapN,Root/shoe L/front fold 26,Root/ShoeL/Lback fold 25,Root/ShoeR/RflapS,Root/shoe L/N fold 23,Root/shoe L/back fold 25,Root/KneeFlapR/LbackWool6,Root/shoe R/RflapE,Root/shoe L/Lback fold 25,Root/shoe L/N fold 23/LfoldN1,Root/shoe R/Rknot,Root/shoe L/LacesR1,Root/shoe L/S fold 24/LWoolS1,Root/shoe L/LacesL1,Root/shoe L/front16,Root/ShoeR/RflapE,Root/ShoeR/RflapN,Root/ShoeL/S fold 24,Root/shoe L/front 26,Root/ShoeL/N fold 23,Root/KneeFlapL/LwoolW1",
        "allAngles": true,
        "entityTextureMode": false
    },
    "textureWidth": 16,
    "textureHeight": 16,
    "textureSizes": {},
    "textures": {
        "tailor-shoes": "entity/humanoid/seraphclothes/foot/shepherd-sandals"
    },
    "elements": [
        {
            "name": "shoe R",
            "stepParentName": "PawR",
            "from": [
                -0.1,
                -0.1,
                -0.1
            ],
            "to": [
                4.1,
                0.4,
                3.1
            ],
            "rotationOrigin": [
                0.9,
                -0.1,
                -0.1
            ],
            "faces": {
                "north": {
                    "texture": "#tailor-shoes",
                    "uv": [
                        3,
                        15.5,
                        7,
                        16
                    ]
                },
                "east": {
                    "texture": "#tailor-shoes",
                    "uv": [
                        0,
                        15.5,
                        3,
                        16
                    ]
                },
                "south": {
                    "texture": "#tailor-shoes",
                    "uv": [
                        10,
                        15.5,
                        14,
                        16
                    ]
                },
                "west": {
                    "texture": "#tailor-shoes",
                    "uv": [
                        7,
                        15.5,
                        10,
                        16
                    ]
                },
                "up": {
                    "texture": "#tailor-shoes",
                    "uv": [
                        0,
                        0,
                        4,
                        3
                    ]
                },
                "down": {
                    "texture": "#tailor-shoes",
                    "uv": [
                        0,
                        0,
                        4,
                        3
                    ]
                }
            },
            "children": [
                {
                    "name": "N fold",
                    "from": [
                        0,
                        0.5,
                        0
                    ],
                    "to": [
                        1.1,
                        1.5,
                        0.2
                    ],
                    "rotationOrigin": [
                        0,
                        0.5,
                        0.2
                    ],
                    "rotationX": -12,
                    "faces": {
                        "north": {
                            "texture": "#tailor-shoes",
                            "uv": [
                                6,
                                14.5,
                                7,
                                15.5
                            ]
                        },
                        "east": {
                            "texture": "#tailor-shoes",
                            "uv": [
                                6,
                                14.5,
                                6.5,
                                15.5
                            ]
                        },
                        "south": {
                            "texture": "#tailor-shoes",
                            "uv": [
                                2.5,
                                1,
                                3.5,
                                2
                            ]
                        },
                        "west": {
                            "texture": "#tailor-shoes",
                            "uv": [
                                6.5,
                                14.5,
                                7,
                                15.5
                            ]
                        },
                        "up": {
                            "texture": "#tailor-shoes",
                            "uv": [
                                6,
                                14.5,
                                7,
                                15
                            ],
                            "rotation": 180
                        },
                        "down": {
                            "texture": "#tailor-shoes",
                            "uv": [
                                6,
                                15,
                                7,
                                15.5
                            ]
                        }
                    }
                },
                {
                    "name": "S fold",
                    "from": [
                        0,
                        0.5,
                        3
                    ],
                    "to": [
                        1.1,
                        1.5,
                        3.2
                    ],
                    "rotationOrigin": [
                        0,
                        0.5,
                        3
                    ],
                    "rotationX": 12,
                    "faces": {
                        "north": {
                            "texture": "#tailor-shoes",
                            "uv": [
                                10,
                                14.5,
                                11,
                                15.5
                            ]
                        },
                        "east": {
                            "texture": "#tailor-shoes",
                            "uv": [
                                10.5,
                                14.5,
                                11,
                                15.5
                            ]
                        },
                        "south": {
                            "texture": "#tailor-shoes",
                            "uv": [
                                10,
                                14.5,
                                11,
                                15.5
                            ]
                        },
                        "west": {
                            "texture": "#tailor-shoes",
                            "uv": [
                                10,
                                14.5,
                                10.5,
                                15.5
                            ]
                        },
                        "up": {
                            "texture": "#tailor-shoes",
                            "uv": [
                                10,
                                14.5,
                                11,
                                15
                            ]
                        },
                        "down": {
                            "texture": "#tailor-shoes",
                            "uv": [
                                10,
                                15,
                                11,
                                15.5
                            ]
                        }
                    }
                },
                {
                    "name": "back fold",
                    "from": [
                        4,
                        0.5,
                        0
                    ],
                    "to": [
                        4.2,
                        1,
                        3.2
                    ],
                    "rotationOrigin": [
                        4,
                        0.5,
                        0
                    ],
                    "rotationZ": -15,
                    "faces": {
                        "north": {
                            "texture": "#tailor-shoes",
                            "uv": [
                                2.5,
                                15,
                                3,
                                15.5
                            ]
                        },
                        "east": {
                            "texture": "#tailor-shoes",
                            "uv": [
                                0,
                                15,
                                3,
                                15.5
                            ]
                        },
                        "south": {
                            "texture": "#tailor-shoes",
                            "uv": [
                                0,
                                15,
                                0.5,
                                15.5
                            ]
                        },
                        "west": {
                            "texture": "#tailor-shoes",
                            "uv": [
                                0,
                                15,
                                3,
                                15.5
                            ]
                        },
                        "up": {
                            "texture": "#tailor-shoes",
                            "uv": [
                                0,
                                15,
                                3,
                                15.5
                            ],
                            "rotation": 270
                        },
                        "down": {
                            "texture": "#tailor-shoes",
                            "uv": [
                                0,
                                15,
                                3,
                                15.5
                            ],
                            "rotation": 90
                        }
                    }
                },
                {
                    "name": "front",
                    "from": [
                        0,
                        0.5,
                        0
                    ],
                    "to": [
                        0.2,
                        1.5,
                        3.2
                    ],
                    "rotationOrigin": [
                        0.2,
                        0.5,
                        0
                    ],
                    "rotationZ": 17,
                    "faces": {
                        "north": {
                            "texture": "#tailor-shoes",
                            "uv": [
                                7,
                                14.5,
                                7.5,
                                15.5
                            ]
                        },
                        "east": {
                            "texture": "#tailor-shoes",
                            "uv": [
                                7,
                                14.5,
                                10,
                                15.5
                            ]
                        },
                        "south": {
                            "texture": "#tailor-shoes",
                            "uv": [
                                9.5,
                                14.5,
                                10,
                                15.5
                            ]
                        },
                        "west": {
                            "texture": "#tailor-shoes",
                            "uv": [
                                7,
                                14.5,
                                10,
                                15.5
                            ]
                        },
                        "up": {
                            "texture": "#tailor-shoes",
                            "uv": [
                                7,
                                14.5,
                                10,
                                15
                            ],
                            "rotation": 90
                        },
                        "down": {
                            "texture": "#tailor-shoes",
                            "uv": [
                                0,
                                0,
                                0.5,
                                3
                            ]
                        }
                    },
                    "children": [
                        {
                            "name": "guard",
                            "from": [
                                -0.1,
                                0,
                                0.5
                            ],
                            "to": [
                                0.1,
                                0.5,
                                2.7
                            ],
                            "rotationOrigin": [
                                0.1,
                                0,
                                0.5
                            ],
                            "faces": {
                                "north": {
                                    "texture": "#tailor-shoes",
                                    "uv": [
                                        4.5,
                                        10,
                                        5,
                                        10.5
                                    ]
                                },
                                "east": {
                                    "texture": "#tailor-shoes",
                                    "uv": [
                                        7.5,
                                        15,
                                        9.5,
                                        15.5
                                    ]
                                },
                                "south": {
                                    "texture": "#tailor-shoes",
                                    "uv": [
                                        9,
                                        15,
                                        9.5,
                                        15.5
                                    ]
                                },
                                "west": {
                                    "texture": "#tailor-shoes",
                                    "uv": [
                                        7.5,
                                        15,
                                        9.5,
                                        15.5
                                    ]
                                },
                                "up": {
                                    "texture": "#tailor-shoes",
                                    "uv": [
                                        7.5,
                                        15,
                                        9.5,
                                        15.5
                                    ],
                                    "rotation": 90
                                },
                                "down": {
                                    "texture": "#tailor-shoes",
                                    "uv": [
                                        7.5,
                                        15,
                                        9.5,
                                        15.5
                                    ],
                                    "rotation": 90
                                }
                            }
                        }
                    ]
                },
                {
                    "name": "N fold 19",
                    "from": [
                        1.1,
                        0.5,
                        0
                    ],
                    "to": [
                        4.2,
                        1,
                        0.2
                    ],
                    "rotationOrigin": [
                        1.1,
                        0.5,
                        0.2
                    ],
                    "rotationX": -10,
                    "faces": {
                        "north": {
                            "texture": "#tailor-shoes",
                            "uv": [
                                3,
                                15,
                                6,
                                15.5
                            ]
                        },
                        "east": {
                            "texture": "#tailor-shoes",
                            "uv": [
                                2,
                                15,
                                2.5,
                                15.5
                            ]
                        },
                        "south": {
                            "texture": "#tailor-shoes",
                            "uv": [
                                3,
                                15,
                                6,
                                15.5
                            ]
                        },
                        "west": {
                            "texture": "#tailor-shoes",
                            "uv": [
                                5.5,
                                15,
                                6,
                                15.5
                            ]
                        },
                        "up": {
                            "texture": "#tailor-shoes",
                            "uv": [
                                3,
                                15,
                                6,
                                15.5
                            ],
                            "rotation": 180
                        },
                        "down": {
                            "texture": "#tailor-shoes",
                            "uv": [
                                3,
                                15,
                                6,
                                15.5
                            ]
                        }
                    },
                    "children": [
                        {
                            "name": "N string",
                            "from": [
                                -0.1,
                                0.3,
                                0.1
                            ],
                            "to": [
                                3.4,
                                0.8,
                                0.3
                            ],
                            "rotationOrigin": [
                                -0.1,
                                0.3,
                                0.3
                            ],
                            "rotationX": 10,
                            "rotationZ": 22,
                            "faces": {
                                "north": {
                                    "texture": "#tailor-shoes",
                                    "uv": [
                                        0,
                                        13.5,
                                        3.5,
                                        14
                                    ]
                                },
                                "east": {
                                    "texture": "#tailor-shoes",
                                    "uv": [
                                        0,
                                        13.5,
                                        0.5,
                                        14
                                    ]
                                },
                                "south": {
                                    "texture": "#tailor-shoes",
                                    "uv": [
                                        0,
                                        13.5,
                                        3.5,
                                        14
                                    ]
                                },
                                "west": {
                                    "texture": "#tailor-shoes",
                                    "uv": [
                                        3,
                                        13.5,
                                        3.5,
                                        14
                                    ]
                                },
                                "up": {
                                    "texture": "#tailor-shoes",
                                    "uv": [
                                        0,
                                        13.5,
                                        3.5,
                                        14
                                    ],
                                    "rotation": 180
                                },
                                "down": {
                                    "texture": "#tailor-shoes",
                                    "uv": [
                                        0,
                                        13.5,
                                        3.5,
                                        14
                                    ]
                                }
                            }
                        },
                        {
                            "name": "S string",
                            "from": [
                                -0.1,
                                -0.2,
                                3
                            ],
                            "to": [
                                3.4,
                                0.3,
                                3.2
                            ],
                            "rotationOrigin": [
                                -0.1,
                                -0.2,
                                3
                            ],
                            "rotationX": 10,
                            "rotationZ": 22,
                            "faces": {
                                "north": {
                                    "texture": "#tailor-shoes",
                                    "uv": [
                                        0,
                                        13.5,
                                        3.5,
                                        14
                                    ]
                                },
                                "east": {
                                    "texture": "#tailor-shoes",
                                    "uv": [
                                        0,
                                        13.5,
                                        0.5,
                                        14
                                    ]
                                },
                                "south": {
                                    "texture": "#tailor-shoes",
                                    "uv": [
                                        0,
                                        13.5,
                                        3.5,
                                        14
                                    ]
                                },
                                "west": {
                                    "texture": "#tailor-shoes",
                                    "uv": [
                                        3,
                                        13.5,
                                        3.5,
                                        14
                                    ]
                                },
                                "up": {
                                    "texture": "#tailor-shoes",
                                    "uv": [
                                        0,
                                        13.5,
                                        3.5,
                                        14
                                    ],
                                    "rotation": 180
                                },
                                "down": {
                                    "texture": "#tailor-shoes",
                                    "uv": [
                                        0,
                                        13.5,
                                        3.5,
                                        14
                                    ]
                                }
                            }
                        }
                    ]
                },
                {
                    "name": "S fold 18",
                    "from": [
                        1.1,
                        0.5,
                        3
                    ],
                    "to": [
                        4.2,
                        1,
                        3.2
                    ],
                    "rotationOrigin": [
                        1.1,
                        0.5,
                        3
                    ],
                    "rotationX": 10,
                    "faces": {
                        "north": {
                            "texture": "#tailor-shoes",
                            "uv": [
                                11,
                                15,
                                14,
                                15.5
                            ]
                        },
                        "east": {
                            "texture": "#tailor-shoes",
                            "uv": [
                                13.5,
                                15,
                                14,
                                15.5
                            ]
                        },
                        "south": {
                            "texture": "#tailor-shoes",
                            "uv": [
                                11,
                                15,
                                14,
                                15.5
                            ]
                        },
                        "west": {
                            "texture": "#tailor-shoes",
                            "uv": [
                                11,
                                15,
                                11.5,
                                15.5
                            ]
                        },
                        "up": {
                            "texture": "#tailor-shoes",
                            "uv": [
                                11,
                                15,
                                14,
                                15.5
                            ]
                        },
                        "down": {
                            "texture": "#tailor-shoes",
                            "uv": [
                                11,
                                15.5,
                                14,
                                16
                            ]
                        }
                    }
                },
                {
                    "name": "back string",
                    "from": [
                        4,
                        2.1,
                        0.1
                    ],
                    "to": [
                        4.2,
                        2.6,
                        3.1
                    ],
                    "rotationOrigin": [
                        4,
                        2.6,
                        0.1
                    ],
                    "rotationZ": 8,
                    "faces": {
                        "north": {
                            "texture": "#tailor-shoes",
                            "uv": [
                                3,
                                13.5,
                                3.5,
                                14
                            ]
                        },
                        "east": {
                            "texture": "#tailor-shoes",
                            "uv": [
                                0.5,
                                13.5,
                                3.5,
                                14
                            ]
                        },
                        "south": {
                            "texture": "#tailor-shoes",
                            "uv": [
                                0.5,
                                13.5,
                                1,
                                14
                            ]
                        },
                        "west": {
                            "texture": "#tailor-shoes",
                            "uv": [
                                0.5,
                                13.5,
                                3.5,
                                14
                            ]
                        },
                        "up": {
                            "texture": "#tailor-shoes",
                            "uv": [
                                0.5,
                                13.5,
                                3.5,
                                14
                            ],
                            "rotation": 270
                        },
                        "down": {
                            "texture": "#tailor-shoes",
                            "uv": [
                                0.5,
                                13.5,
                                3.5,
                                14
                            ],
                            "rotation": 90
                        }
                    }
                }
            ]
        },
        {
            "name": "shoe L",
            "stepParentName": "PawL",
            "from": [
                -0.1,
                -0.1,
                -0.1
            ],
            "to": [
                4.1,
                0.4,
                3.1
            ],
            "rotationOrigin": [
                0.9,
                -0.1,
                -0.1
            ],
            "faces": {
                "north": {
                    "texture": "#tailor-shoes",
                    "uv": [
                        3,
                        15.5,
                        7,
                        16
                    ]
                },
                "east": {
                    "texture": "#tailor-shoes",
                    "uv": [
                        0,
                        15.5,
                        3,
                        16
                    ]
                },
                "south": {
                    "texture": "#tailor-shoes",
                    "uv": [
                        10,
                        15.5,
                        14,
                        16
                    ]
                },
                "west": {
                    "texture": "#tailor-shoes",
                    "uv": [
                        7,
                        15.5,
                        10,
                        16
                    ]
                },
                "up": {
                    "texture": "#tailor-shoes",
                    "uv": [
                        0,
                        0,
                        4,
                        3
                    ]
                },
                "down": {
                    "texture": "#tailor-shoes",
                    "uv": [
                        0,
                        0,
                        4,
                        3
                    ]
                }
            },
            "children": [
                {
                    "name": "N fold13",
                    "from": [
                        0,
                        0.5,
                        0
                    ],
                    "to": [
                        1.1,
                        1.5,
                        0.2
                    ],
                    "rotationOrigin": [
                        0,
                        0.5,
                        0.2
                    ],
                    "rotationX": -12,
                    "faces": {
                        "north": {
                            "texture": "#tailor-shoes",
                            "uv": [
                                6,
                                14.5,
                                7,
                                15.5
                            ]
                        },
                        "east": {
                            "texture": "#tailor-shoes",
                            "uv": [
                                6,
                                14.5,
                                6.5,
                                15.5
                            ]
                        },
                        "south": {
                            "texture": "#tailor-shoes",
                            "uv": [
                                2.5,
                                1,
                                3.5,
                                2
                            ]
                        },
                        "west": {
                            "texture": "#tailor-shoes",
                            "uv": [
                                6.5,
                                14.5,
                                7,
                                15.5
                            ]
                        },
                        "up": {
                            "texture": "#tailor-shoes",
                            "uv": [
                                6,
                                14.5,
                                7,
                                15
                            ],
                            "rotation": 180
                        },
                        "down": {
                            "texture": "#tailor-shoes",
                            "uv": [
                                6,
                                15,
                                7,
                                15.5
                            ]
                        }
                    }
                },
                {
                    "name": "S fold14",
                    "from": [
                        0,
                        0.5,
                        3
                    ],
                    "to": [
                        1.1,
                        1.5,
                        3.2
                    ],
                    "rotationOrigin": [
                        0,
                        0.5,
                        3
                    ],
                    "rotationX": 12,
                    "faces": {
                        "north": {
                            "texture": "#tailor-shoes",
                            "uv": [
                                10,
                                14.5,
                                11,
                                15.5
                            ]
                        },
                        "east": {
                            "texture": "#tailor-shoes",
                            "uv": [
                                10.5,
                                14.5,
                                11,
                                15.5
                            ]
                        },
                        "south": {
                            "texture": "#tailor-shoes",
                            "uv": [
                                10,
                                14.5,
                                11,
                                15.5
                            ]
                        },
                        "west": {
                            "texture": "#tailor-shoes",
                            "uv": [
                                10,
                                14.5,
                                10.5,
                                15.5
                            ]
                        },
                        "up": {
                            "texture": "#tailor-shoes",
                            "uv": [
                                10,
                                14.5,
                                11,
                                15
                            ]
                        },
                        "down": {
                            "texture": "#tailor-shoes",
                            "uv": [
                                10,
                                15,
                                11,
                                15.5
                            ]
                        }
                    }
                },
                {
                    "name": "back fold15",
                    "from": [
                        4,
                        0.5,
                        0
                    ],
                    "to": [
                        4.2,
                        1,
                        3.2
                    ],
                    "rotationOrigin": [
                        4,
                        0.5,
                        0
                    ],
                    "rotationZ": -15,
                    "faces": {
                        "north": {
                            "texture": "#tailor-shoes",
                            "uv": [
                                2.5,
                                15,
                                3,
                                15.5
                            ]
                        },
                        "east": {
                            "texture": "#tailor-shoes",
                            "uv": [
                                0,
                                15,
                                3,
                                15.5
                            ]
                        },
                        "south": {
                            "texture": "#tailor-shoes",
                            "uv": [
                                0,
                                15,
                                0.5,
                                15.5
                            ]
                        },
                        "west": {
                            "texture": "#tailor-shoes",
                            "uv": [
                                0,
                                15,
                                3,
                                15.5
                            ]
                        },
                        "up": {
                            "texture": "#tailor-shoes",
                            "uv": [
                                0,
                                15,
                                3,
                                15.5
                            ],
                            "rotation": 270
                        },
                        "down": {
                            "texture": "#tailor-shoes",
                            "uv": [
                                0,
                                15,
                                3,
                                15.5
                            ],
                            "rotation": 90
                        }
                    }
                },
                {
                    "name": "front16",
                    "from": [
                        0,
                        0.5,
                        0
                    ],
                    "to": [
                        0.2,
                        1.5,
                        3.2
                    ],
                    "rotationOrigin": [
                        0.2,
                        0.5,
                        0
                    ],
                    "rotationZ": 17,
                    "faces": {
                        "north": {
                            "texture": "#tailor-shoes",
                            "uv": [
                                7,
                                14.5,
                                7.5,
                                15.5
                            ]
                        },
                        "east": {
                            "texture": "#tailor-shoes",
                            "uv": [
                                7,
                                14.5,
                                10,
                                15.5
                            ]
                        },
                        "south": {
                            "texture": "#tailor-shoes",
                            "uv": [
                                9.5,
                                14.5,
                                10,
                                15.5
                            ]
                        },
                        "west": {
                            "texture": "#tailor-shoes",
                            "uv": [
                                7,
                                14.5,
                                10,
                                15.5
                            ]
                        },
                        "up": {
                            "texture": "#tailor-shoes",
                            "uv": [
                                7,
                                14.5,
                                10,
                                15
                            ],
                            "rotation": 90
                        },
                        "down": {
                            "texture": "#tailor-shoes",
                            "uv": [
                                0,
                                0,
                                0.5,
                                3
                            ]
                        }
                    },
                    "children": [
                        {
                            "name": "guard17",
                            "from": [
                                -0.1,
                                0,
                                0.5
                            ],
                            "to": [
                                0.1,
                                0.5,
                                2.7
                            ],
                            "rotationOrigin": [
                                0.1,
                                0,
                                0.5
                            ],
                            "faces": {
                                "north": {
                                    "texture": "#tailor-shoes",
                                    "uv": [
                                        4.5,
                                        10,
                                        5,
                                        10.5
                                    ]
                                },
                                "east": {
                                    "texture": "#tailor-shoes",
                                    "uv": [
                                        7.5,
                                        15,
                                        9.5,
                                        15.5
                                    ]
                                },
                                "south": {
                                    "texture": "#tailor-shoes",
                                    "uv": [
                                        9,
                                        15,
                                        9.5,
                                        15.5
                                    ]
                                },
                                "west": {
                                    "texture": "#tailor-shoes",
                                    "uv": [
                                        7.5,
                                        15,
                                        9.5,
                                        15.5
                                    ]
                                },
                                "up": {
                                    "texture": "#tailor-shoes",
                                    "uv": [
                                        7.5,
                                        15,
                                        9.5,
                                        15.5
                                    ],
                                    "rotation": 90
                                },
                                "down": {
                                    "texture": "#tailor-shoes",
                                    "uv": [
                                        7.5,
                                        15,
                                        9.5,
                                        15.5
                                    ],
                                    "rotation": 90
                                }
                            }
                        }
                    ]
                },
                {
                    "name": "N fold 18",
                    "from": [
                        1.1,
                        0.5,
                        0
                    ],
                    "to": [
                        4.2,
                        1,
                        0.2
                    ],
                    "rotationOrigin": [
                        1.1,
                        0.5,
                        0.2
                    ],
                    "rotationX": -10,
                    "faces": {
                        "north": {
                            "texture": "#tailor-shoes",
                            "uv": [
                                3,
                                15,
                                6,
                                15.5
                            ]
                        },
                        "east": {
                            "texture": "#tailor-shoes",
                            "uv": [
                                2,
                                15,
                                2.5,
                                15.5
                            ]
                        },
                        "south": {
                            "texture": "#tailor-shoes",
                            "uv": [
                                3,
                                15,
                                6,
                                15.5
                            ]
                        },
                        "west": {
                            "texture": "#tailor-shoes",
                            "uv": [
                                5.5,
                                15,
                                6,
                                15.5
                            ]
                        },
                        "up": {
                            "texture": "#tailor-shoes",
                            "uv": [
                                3,
                                15,
                                6,
                                15.5
                            ],
                            "rotation": 180
                        },
                        "down": {
                            "texture": "#tailor-shoes",
                            "uv": [
                                3,
                                15,
                                6,
                                15.5
                            ]
                        }
                    },
                    "children": [
                        {
                            "name": "N string19",
                            "from": [
                                -0.1,
                                0.3,
                                0.1
                            ],
                            "to": [
                                3.4,
                                0.8,
                                0.3
                            ],
                            "rotationOrigin": [
                                -0.1,
                                0.3,
                                0.3
                            ],
                            "rotationX": 10,
                            "rotationZ": 22,
                            "faces": {
                                "north": {
                                    "texture": "#tailor-shoes",
                                    "uv": [
                                        0,
                                        13.5,
                                        3.5,
                                        14
                                    ]
                                },
                                "east": {
                                    "texture": "#tailor-shoes",
                                    "uv": [
                                        0,
                                        13.5,
                                        0.5,
                                        14
                                    ]
                                },
                                "south": {
                                    "texture": "#tailor-shoes",
                                    "uv": [
                                        0,
                                        13.5,
                                        3.5,
                                        14
                                    ]
                                },
                                "west": {
                                    "texture": "#tailor-shoes",
                                    "uv": [
                                        3,
                                        13.5,
                                        3.5,
                                        14
                                    ]
                                },
                                "up": {
                                    "texture": "#tailor-shoes",
                                    "uv": [
                                        0,
                                        13.5,
                                        3.5,
                                        14
                                    ],
                                    "rotation": 180
                                },
                                "down": {
                                    "texture": "#tailor-shoes",
                                    "uv": [
                                        0,
                                        13.5,
                                        3.5,
                                        14
                                    ]
                                }
                            }
                        },
                        {
                            "name": "S string20",
                            "from": [
                                -0.1,
                                -0.2,
                                3
                            ],
                            "to": [
                                3.4,
                                0.3,
                                3.2
                            ],
                            "rotationOrigin": [
                                -0.1,
                                -0.2,
                                3
                            ],
                            "rotationX": 10,
                            "rotationZ": 22,
                            "faces": {
                                "north": {
                                    "texture": "#tailor-shoes",
                                    "uv": [
                                        0,
                                        13.5,
                                        3.5,
                                        14
                                    ]
                                },
                                "east": {
                                    "texture": "#tailor-shoes",
                                    "uv": [
                                        0,
                                        13.5,
                                        0.5,
                                        14
                                    ]
                                },
                                "south": {
                                    "texture": "#tailor-shoes",
                                    "uv": [
                                        0,
                                        13.5,
                                        3.5,
                                        14
                                    ]
                                },
                                "west": {
                                    "texture": "#tailor-shoes",
                                    "uv": [
                                        3,
                                        13.5,
                                        3.5,
                                        14
                                    ]
                                },
                                "up": {
                                    "texture": "#tailor-shoes",
                                    "uv": [
                                        0,
                                        13.5,
                                        3.5,
                                        14
                                    ],
                                    "rotation": 180
                                },
                                "down": {
                                    "texture": "#tailor-shoes",
                                    "uv": [
                                        0,
                                        13.5,
                                        3.5,
                                        14
                                    ]
                                }
                            }
                        }
                    ]
                },
                {
                    "name": "S fold 21",
                    "from": [
                        1.1,
                        0.5,
                        3
                    ],
                    "to": [
                        4.2,
                        1,
                        3.2
                    ],
                    "rotationOrigin": [
                        1.1,
                        0.5,
                        3
                    ],
                    "rotationX": 10,
                    "faces": {
                        "north": {
                            "texture": "#tailor-shoes",
                            "uv": [
                                11,
                                15,
                                14,
                                15.5
                            ]
                        },
                        "east": {
                            "texture": "#tailor-shoes",
                            "uv": [
                                13.5,
                                15,
                                14,
                                15.5
                            ]
                        },
                        "south": {
                            "texture": "#tailor-shoes",
                            "uv": [
                                11,
                                15,
                                14,
                                15.5
                            ]
                        },
                        "west": {
                            "texture": "#tailor-shoes",
                            "uv": [
                                11,
                                15,
                                11.5,
                                15.5
                            ]
                        },
                        "up": {
                            "texture": "#tailor-shoes",
                            "uv": [
                                11,
                                15,
                                14,
                                15.5
                            ]
                        },
                        "down": {
                            "texture": "#tailor-shoes",
                            "uv": [
                                11,
                                15.5,
                                14,
                                16
                            ]
                        }
                    }
                },
                {
                    "name": "back string22",
                    "from": [
                        4,
                        2.1,
                        0.1
                    ],
                    "to": [
                        4.2,
                        2.6,
                        3.1
                    ],
                    "rotationOrigin": [
                        4,
                        2.6,
                        0.1
                    ],
                    "rotationZ": 8,
                    "faces": {
                        "north": {
                            "texture": "#tailor-shoes",
                            "uv": [
                                3,
                                13.5,
                                3.5,
                                14
                            ]
                        },
                        "east": {
                            "texture": "#tailor-shoes",
                            "uv": [
                                0.5,
                                13.5,
                                3.5,
                                14
                            ]
                        },
                        "south": {
                            "texture": "#tailor-shoes",
                            "uv": [
                                0.5,
                                13.5,
                                1,
                                14
                            ]
                        },
                        "west": {
                            "texture": "#tailor-shoes",
                            "uv": [
                                0.5,
                                13.5,
                                3.5,
                                14
                            ]
                        },
                        "up": {
                            "texture": "#tailor-shoes",
                            "uv": [
                                0.5,
                                13.5,
                                3.5,
                                14
                            ],
                            "rotation": 270
                        },
                        "down": {
                            "texture": "#tailor-shoes",
                            "uv": [
                                0.5,
                                13.5,
                                3.5,
                                14
                            ],
                            "rotation": 90
                        }
                    }
                }
            ]
        }
    ],
    "animations": [
        {
            "name": "Walk",
            "code": "walk",
            "quantityframes": 25,
            "onActivityStopped": "Rewind",
            "onAnimationEnd": "Repeat",
            "keyframes": []
        }
    ]
}