{
    "editor": {
        "backDropShape": "entity/humanoid/kobold",
        "collapsedPaths": "Root/shoe L/front fold 26/LwoolW1,Root/ShoeR/RflapN/RwoolN1,Root/ShoeR,Root/shoe R/RbackFold,Root/shoe R/RflapN/RwoolN1,Root/shoe R/front 1,Root/shoe R/RflapW,Root/shoe R/RflapS,Root/shoe R/RflapN,Root/shoe L/front fold 26,Root/ShoeL/Lback fold 25,Root/ShoeR/RflapS,Root/shoe L/N fold 23,Root/shoe L/back fold 25,Root/KneeFlapR/LbackWool6,Root/shoe R/RflapE,Root/shoe L/Lback fold 25,Root/shoe L/N fold 23/LfoldN1,Root/shoe R/Rknot,Root/shoe L/LacesR1,Root/shoe L/S fold 24/LWoolS1,Root/shoe L/LacesL1,Root/shoe L/front16,Root/ShoeR/RflapE,Root/ShoeR/RflapN,Root/ShoeL/S fold 24,Root/shoe L/front 26,Root/ShoeL/N fold 23,Root/KneeFlapL/LwoolW1",
        "allAngles": true,
        "entityTextureMode": true
    },
    "textureWidth": 16,
    "textureHeight": 28,
    "textureSizes": {
        "shoes": [
            16,
            28
        ]
    },
    "textures": {
        "shoes": "entity/humanoid/seraphclothes/foot/survivor"
    },
    "elements": [
        {
            "name": "shoe R",
            "stepParentName": "PawR",
            "from": [
                -0.1,
                -0.1,
                -0.1
            ],
            "to": [
                4.1,
                6.9,
                3.1
            ],
            "autoUnwrap": false,
            "uv": [
                0,
                0.5
            ],
            "rotationOrigin": [
                -0.1,
                -0.1,
                -0.1
            ],
            "faces": {
                "north": {
                    "texture": "#shoes",
                    "uv": [
                        3,
                        21,
                        7,
                        28
                    ],
                    "windMode": [
                        -1,
                        -1,
                        -1,
                        -1
                    ]
                },
                "east": {
                    "texture": "#shoes",
                    "uv": [
                        0,
                        21,
                        3,
                        28
                    ]
                },
                "south": {
                    "texture": "#shoes",
                    "uv": [
                        10,
                        21,
                        14,
                        28
                    ]
                },
                "west": {
                    "texture": "#shoes",
                    "uv": [
                        7,
                        21,
                        10,
                        28
                    ]
                },
                "up": {
                    "texture": "#shoes",
                    "uv": [
                        10,
                        0.5,
                        14,
                        3.5
                    ]
                },
                "down": {
                    "texture": "#shoes",
                    "uv": [
                        0,
                        4,
                        3,
                        8
                    ],
                    "rotation": 90
                }
            },
            "children": [
                {
                    "name": "hideshoeR",
                    "from": [
                        0,
                        0,
                        0
                    ],
                    "to": [
                        1,
                        1,
                        1
                    ],
                    "uv": [
                        0,
                        0
                    ],
                    "faces": {},
                    "children": [
                        {
                            "name": "RflapN",
                            "from": [
                                3,
                                -0.15,
                                0
                            ],
                            "to": [
                                3.2,
                                0.35,
                                0.2
                            ],
                            "unwrapMode": 1,
                            "autoUnwrap": false,
                            "uv": [
                                7,
                                5
                            ],
                            "rotationOrigin": [
                                0,
                                7,
                                0.2
                            ],
                            "rotationX": -8,
                            "faces": {
                                "north": {
                                    "texture": "#shoes",
                                    "uv": [
                                        3,
                                        19,
                                        7,
                                        21
                                    ]
                                },
                                "east": {
                                    "texture": "#shoes",
                                    "uv": [
                                        3,
                                        19,
                                        3.5,
                                        21
                                    ]
                                },
                                "south": {
                                    "texture": "#shoes",
                                    "uv": [
                                        12,
                                        0,
                                        16,
                                        2
                                    ]
                                },
                                "west": {
                                    "texture": "#shoes",
                                    "uv": [
                                        6.5,
                                        19,
                                        7,
                                        21
                                    ]
                                },
                                "up": {
                                    "texture": "#shoes",
                                    "uv": [
                                        3,
                                        19,
                                        7,
                                        19.5
                                    ],
                                    "rotation": 180
                                }
                            }
                        },
                        {
                            "name": "RflapS",
                            "from": [
                                0,
                                7,
                                3
                            ],
                            "to": [
                                4.2,
                                9,
                                3.2
                            ],
                            "autoUnwrap": false,
                            "uv": [
                                7,
                                1.5
                            ],
                            "rotationOrigin": [
                                0,
                                7,
                                3
                            ],
                            "rotationX": 8,
                            "faces": {
                                "north": {
                                    "texture": "#shoes",
                                    "uv": [
                                        12,
                                        2,
                                        16,
                                        4
                                    ]
                                },
                                "east": {
                                    "texture": "#shoes",
                                    "uv": [
                                        13.5,
                                        19,
                                        14,
                                        21
                                    ]
                                },
                                "south": {
                                    "texture": "#shoes",
                                    "uv": [
                                        10,
                                        19,
                                        14,
                                        21
                                    ]
                                },
                                "west": {
                                    "texture": "#shoes",
                                    "uv": [
                                        10,
                                        19,
                                        10.5,
                                        21
                                    ]
                                },
                                "up": {
                                    "texture": "#shoes",
                                    "uv": [
                                        10,
                                        19,
                                        14,
                                        19.5
                                    ],
                                    "windMode": [
                                        -1,
                                        -1,
                                        -1,
                                        -1
                                    ]
                                }
                            }
                        },
                        {
                            "name": "RflapE",
                            "from": [
                                4,
                                7,
                                0
                            ],
                            "to": [
                                4.2,
                                9,
                                3.2
                            ],
                            "autoUnwrap": false,
                            "uv": [
                                0,
                                2
                            ],
                            "rotationOrigin": [
                                4,
                                7,
                                0
                            ],
                            "rotationZ": -7,
                            "faces": {
                                "north": {
                                    "texture": "#shoes",
                                    "uv": [
                                        2.5,
                                        19,
                                        3,
                                        21
                                    ]
                                },
                                "east": {
                                    "texture": "#shoes",
                                    "uv": [
                                        0,
                                        19,
                                        3,
                                        21
                                    ]
                                },
                                "south": {
                                    "texture": "#shoes",
                                    "uv": [
                                        0,
                                        19,
                                        0.5,
                                        21
                                    ]
                                },
                                "west": {
                                    "texture": "#shoes",
                                    "uv": [
                                        9,
                                        2,
                                        12,
                                        4
                                    ]
                                },
                                "up": {
                                    "texture": "#shoes",
                                    "uv": [
                                        0,
                                        19,
                                        3,
                                        19.5
                                    ],
                                    "rotation": 270
                                }
                            }
                        },
                        {
                            "name": "RflapW",
                            "from": [
                                0,
                                7,
                                0
                            ],
                            "to": [
                                0.2,
                                9,
                                3.2
                            ],
                            "autoUnwrap": false,
                            "uv": [
                                7,
                                9
                            ],
                            "rotationOrigin": [
                                0.2,
                                7,
                                0
                            ],
                            "rotationZ": 8,
                            "faces": {
                                "north": {
                                    "texture": "#shoes",
                                    "uv": [
                                        7,
                                        19,
                                        7.5,
                                        21
                                    ]
                                },
                                "east": {
                                    "texture": "#shoes",
                                    "uv": [
                                        9,
                                        0,
                                        12,
                                        2
                                    ]
                                },
                                "south": {
                                    "texture": "#shoes",
                                    "uv": [
                                        9.5,
                                        19,
                                        10,
                                        21
                                    ]
                                },
                                "west": {
                                    "texture": "#shoes",
                                    "uv": [
                                        7,
                                        19,
                                        10,
                                        21
                                    ]
                                },
                                "up": {
                                    "texture": "#shoes",
                                    "uv": [
                                        7,
                                        19,
                                        10,
                                        19.5
                                    ],
                                    "rotation": 90
                                }
                            }
                        }
                    ]
                },
                {
                    "name": "showshoeR",
                    "from": [
                        0,
                        7,
                        0
                    ],
                    "to": [
                        4.2,
                        9,
                        3.2
                    ],
                    "unwrapMode": 4,
                    "autoUnwrap": false,
                    "uv": [
                        3,
                        19
                    ],
                    "renderInEditor": false,
                    "rotationOrigin": [
                        0,
                        7,
                        0
                    ],
                    "faces": {
                        "north": {
                            "texture": "#shoes",
                            "uv": [
                                3,
                                19,
                                7,
                                21
                            ]
                        },
                        "east": {
                            "texture": "#shoes",
                            "uv": [
                                0,
                                19,
                                3,
                                21
                            ]
                        },
                        "south": {
                            "texture": "#shoes",
                            "uv": [
                                10,
                                19,
                                14,
                                21
                            ]
                        },
                        "west": {
                            "texture": "#shoes",
                            "uv": [
                                7,
                                19,
                                10,
                                21
                            ]
                        }
                    }
                }
            ]
        },
        {
            "name": "shoe L",
            "stepParentName": "PawL",
            "from": [
                -0.1,
                -0.1,
                -0.1
            ],
            "to": [
                4.1,
                6.9,
                3.1
            ],
            "autoUnwrap": false,
            "uv": [
                0,
                7
            ],
            "rotationOrigin": [
                -0.1,
                -0.1,
                -0.1
            ],
            "faces": {
                "north": {
                    "texture": "#shoes",
                    "uv": [
                        0,
                        11,
                        4,
                        18
                    ]
                },
                "east": {
                    "texture": "#shoes",
                    "uv": [
                        11,
                        11,
                        14,
                        18
                    ]
                },
                "south": {
                    "texture": "#shoes",
                    "uv": [
                        7,
                        11,
                        11,
                        18
                    ]
                },
                "west": {
                    "texture": "#shoes",
                    "uv": [
                        4,
                        11,
                        7,
                        18
                    ]
                },
                "up": {
                    "texture": "#shoes",
                    "uv": [
                        1.5,
                        0.5,
                        5.5,
                        3.5
                    ],
                    "autoUv": false
                },
                "down": {
                    "texture": "#shoes",
                    "uv": [
                        4,
                        4,
                        7,
                        8
                    ],
                    "rotation": 90
                }
            },
            "children": [
                {
                    "name": "hideshoeL",
                    "from": [
                        0,
                        0,
                        0
                    ],
                    "to": [
                        1,
                        1,
                        1
                    ],
                    "uv": [
                        0,
                        0
                    ],
                    "faces": {},
                    "children": [
                        {
                            "name": "LflapN",
                            "from": [
                                0,
                                7,
                                0
                            ],
                            "to": [
                                4.2,
                                9,
                                0.2
                            ],
                            "autoUnwrap": false,
                            "uv": [
                                0,
                                1
                            ],
                            "rotationOrigin": [
                                0,
                                7,
                                0.2
                            ],
                            "rotationX": -8,
                            "faces": {
                                "north": {
                                    "texture": "#shoes",
                                    "uv": [
                                        0,
                                        9,
                                        4,
                                        11
                                    ]
                                },
                                "east": {
                                    "texture": "#shoes",
                                    "uv": [
                                        0,
                                        9,
                                        0.5,
                                        11
                                    ]
                                },
                                "south": {
                                    "texture": "#shoes",
                                    "uv": [
                                        0,
                                        0,
                                        4,
                                        2
                                    ]
                                },
                                "west": {
                                    "texture": "#shoes",
                                    "uv": [
                                        3.5,
                                        9,
                                        4,
                                        11
                                    ]
                                },
                                "up": {
                                    "texture": "#shoes",
                                    "uv": [
                                        0,
                                        9,
                                        4,
                                        9.5
                                    ]
                                }
                            }
                        },
                        {
                            "name": "LflapS",
                            "from": [
                                0,
                                7,
                                3
                            ],
                            "to": [
                                4.2,
                                9,
                                3.2
                            ],
                            "autoUnwrap": false,
                            "uv": [
                                6.5,
                                4
                            ],
                            "rotationOrigin": [
                                0,
                                7,
                                3
                            ],
                            "rotationX": 8,
                            "faces": {
                                "north": {
                                    "texture": "#shoes",
                                    "uv": [
                                        0,
                                        2,
                                        4,
                                        4
                                    ]
                                },
                                "east": {
                                    "texture": "#shoes",
                                    "uv": [
                                        10.5,
                                        9,
                                        11,
                                        11
                                    ]
                                },
                                "south": {
                                    "texture": "#shoes",
                                    "uv": [
                                        7,
                                        9,
                                        11,
                                        11
                                    ]
                                },
                                "west": {
                                    "texture": "#shoes",
                                    "uv": [
                                        7,
                                        9,
                                        7.5,
                                        11
                                    ]
                                },
                                "up": {
                                    "texture": "#shoes",
                                    "uv": [
                                        7,
                                        9,
                                        11,
                                        9.5
                                    ]
                                }
                            }
                        },
                        {
                            "name": "LflapE",
                            "from": [
                                4,
                                7,
                                0
                            ],
                            "to": [
                                4.2,
                                9,
                                3.2
                            ],
                            "unwrapMode": 2,
                            "autoUnwrap": false,
                            "uv": [
                                10.5,
                                8.5
                            ],
                            "rotationOrigin": [
                                4,
                                7,
                                0
                            ],
                            "rotationZ": -7,
                            "faces": {
                                "north": {
                                    "texture": "#shoes",
                                    "uv": [
                                        13.5,
                                        9,
                                        14,
                                        11
                                    ]
                                },
                                "east": {
                                    "texture": "#shoes",
                                    "uv": [
                                        11,
                                        9,
                                        14,
                                        11
                                    ]
                                },
                                "south": {
                                    "texture": "#shoes",
                                    "uv": [
                                        11,
                                        9,
                                        11.5,
                                        11
                                    ]
                                },
                                "west": {
                                    "texture": "#shoes",
                                    "uv": [
                                        4,
                                        2,
                                        7,
                                        4
                                    ]
                                },
                                "up": {
                                    "texture": "#shoes",
                                    "uv": [
                                        11,
                                        9,
                                        14,
                                        9.5
                                    ],
                                    "rotation": 270
                                }
                            }
                        },
                        {
                            "name": "LflapW",
                            "from": [
                                0,
                                7,
                                0
                            ],
                            "to": [
                                0.2,
                                9,
                                3.2
                            ],
                            "autoUnwrap": false,
                            "uv": [
                                8,
                                5.5
                            ],
                            "rotationOrigin": [
                                0.2,
                                7,
                                0
                            ],
                            "rotationZ": 8,
                            "faces": {
                                "north": {
                                    "texture": "#shoes",
                                    "uv": [
                                        4,
                                        9,
                                        4.5,
                                        11
                                    ]
                                },
                                "east": {
                                    "texture": "#shoes",
                                    "uv": [
                                        4,
                                        0,
                                        7,
                                        2
                                    ]
                                },
                                "south": {
                                    "texture": "#shoes",
                                    "uv": [
                                        6.5,
                                        9,
                                        7,
                                        11
                                    ]
                                },
                                "west": {
                                    "texture": "#shoes",
                                    "uv": [
                                        4,
                                        9,
                                        7,
                                        11
                                    ]
                                },
                                "up": {
                                    "texture": "#shoes",
                                    "uv": [
                                        4,
                                        9,
                                        7,
                                        9.5
                                    ],
                                    "rotation": 90
                                }
                            }
                        }
                    ]
                },
                {
                    "name": "showshoeL",
                    "from": [
                        0,
                        7,
                        0
                    ],
                    "to": [
                        4.2,
                        9,
                        3.2
                    ],
                    "unwrapMode": 4,
                    "uv": [
                        0,
                        9
                    ],
                    "renderInEditor": false,
                    "rotationOrigin": [
                        0,
                        7,
                        0
                    ],
                    "faces": {
                        "north": {
                            "texture": "#shoes",
                            "uv": [
                                0,
                                9,
                                4,
                                11
                            ]
                        },
                        "east": {
                            "texture": "#shoes",
                            "uv": [
                                11,
                                9,
                                14,
                                11
                            ]
                        },
                        "south": {
                            "texture": "#shoes",
                            "uv": [
                                7,
                                9,
                                11,
                                11
                            ]
                        },
                        "west": {
                            "texture": "#shoes",
                            "uv": [
                                4,
                                9,
                                7,
                                11
                            ]
                        }
                    }
                }
            ]
        }
    ],
    "animations": [
        {
            "name": "Walk",
            "code": "walk",
            "quantityframes": 25,
            "onActivityStopped": "Rewind",
            "onAnimationEnd": "Repeat",
            "keyframes": []
        }
    ]
}