{
    "editor": {
        "backDropShape": "entity/humanoid/kobold",
        "collapsedPaths": "Root/shoe L/front fold 26/LwoolW1,Root/ShoeR/RflapN/RwoolN1,Root/ShoeR,Root/shoe R/RbackFold,Root/shoe R/RflapN/RwoolN1,Root/shoe R/front 1,Root/shoe R/RflapW,Root/shoe R/RflapS,Root/shoe R/RflapN,Root/shoe L/front fold 26,Root/ShoeL/Lback fold 25,Root/ShoeR/RflapS,Root/shoe L/N fold 23,Root/shoe L/back fold 25,Root/KneeFlapR/LbackWool6,Root/shoe R/RflapE,Root/shoe L/Lback fold 25,Root/shoe L/N fold 23/LfoldN1,Root/shoe R/Rknot,Root/shoe L/LacesR1,Root/shoe L/S fold 24/LWoolS1,Root/shoe L/LacesL1,Root/shoe L/front16,Root/ShoeR/RflapE,Root/ShoeR/RflapN,Root/ShoeL/S fold 24,Root/shoe L/front 26,Root/ShoeL/N fold 23,Root/KneeFlapL/LwoolW1",
        "allAngles": true,
        "entityTextureMode": true
    },
    "textureWidth": 32,
    "textureHeight": 24,
    "textureSizes": {
        "shoes": [
            32,
            24
        ]
    },
    "textures": {
        "shoes": "entity/humanoid/seraphclothes/foot/tigh-high-boots"
    },
    "elements": [
        {
            "name": "shoe R",
            "stepParentName": "PawR",
            "from": [
                -0.015,
                -0.1,
                -0.015
            ],
            "to": [
                4.015,
                10.1,
                3.015
            ],
            "unwrapMode": 4,
            "uv": [
                1,
                6
            ],
            "rotationOrigin": [
                -0.1,
                -0.1,
                -0.1
            ],
            "faces": {
                "north": {
                    "texture": "#shoes",
                    "uv": [
                        1,
                        10,
                        5,
                        20
                    ]
                },
                "east": {
                    "texture": "#shoes",
                    "uv": [
                        12,
                        10,
                        15,
                        20
                    ]
                },
                "south": {
                    "texture": "#shoes",
                    "uv": [
                        8,
                        10,
                        12,
                        20
                    ]
                },
                "west": {
                    "texture": "#shoes",
                    "uv": [
                        5,
                        10,
                        8,
                        20
                    ]
                },
                "up": {
                    "texture": "#shoes",
                    "uv": [
                        5,
                        6,
                        8,
                        10
                    ],
                    "rotation": 90
                },
                "down": {
                    "texture": "#shoes",
                    "uv": [
                        5,
                        20,
                        8,
                        24
                    ],
                    "rotation": 90
                }
            }
        },
        {
            "name": "shoe L",
            "stepParentName": "PawL",
            "from": [
                -0.015,
                -0.1,
                -0.015
            ],
            "to": [
                4.015,
                10.1,
                3.015
            ],
            "unwrapMode": 4,
            "uv": [
                16,
                6
            ],
            "rotationOrigin": [
                -0.1,
                -0.1,
                -0.1
            ],
            "faces": {
                "north": {
                    "texture": "#shoes",
                    "uv": [
                        16,
                        10,
                        20,
                        20
                    ]
                },
                "east": {
                    "texture": "#shoes",
                    "uv": [
                        27,
                        10,
                        30,
                        20
                    ]
                },
                "south": {
                    "texture": "#shoes",
                    "uv": [
                        23,
                        10,
                        27,
                        20
                    ]
                },
                "west": {
                    "texture": "#shoes",
                    "uv": [
                        20,
                        10,
                        23,
                        20
                    ]
                },
                "up": {
                    "texture": "#shoes",
                    "uv": [
                        20,
                        6,
                        23,
                        10
                    ],
                    "rotation": 90
                },
                "down": {
                    "texture": "#shoes",
                    "uv": [
                        20,
                        20,
                        23,
                        24
                    ],
                    "rotation": 90,
                    "windMode": [
                        -1,
                        -1,
                        -1,
                        -1
                    ]
                }
            }
        },
        {
            "name": "UpperFootRight",
            "stepParentName": "UpperFootR",
            "from": [
                -0.02,
                -0.1,
                -0.02
            ],
            "to": [
                4.22,
                4.4,
                3.22
            ],
            "unwrapMode": 4,
            "uv": [
                1,
                1.5
            ],
            "rotationOrigin": [
                -0.1,
                -0.1,
                -0.1
            ],
            "faces": {
                "north": {
                    "texture": "#shoes",
                    "uv": [
                        1,
                        1.5,
                        5,
                        6
                    ]
                },
                "east": {
                    "texture": "#shoes",
                    "uv": [
                        12,
                        1.5,
                        15,
                        6
                    ]
                },
                "south": {
                    "texture": "#shoes",
                    "uv": [
                        8,
                        1.5,
                        12,
                        6
                    ]
                },
                "west": {
                    "texture": "#shoes",
                    "uv": [
                        5,
                        1.5,
                        8,
                        6
                    ]
                },
                "down": {
                    "texture": "#shoes",
                    "uv": [
                        5,
                        6,
                        8,
                        10
                    ],
                    "rotation": 90
                }
            },
            "children": [
                {
                    "name": "LLinerN2",
                    "from": [
                        -0.004,
                        0,
                        0
                    ],
                    "to": [
                        4.236,
                        4.5,
                        0.2
                    ],
                    "unwrapMode": 3,
                    "uv": [
                        16,
                        11
                    ],
                    "rotationOrigin": [
                        -0.004,
                        0,
                        0
                    ],
                    "faces": {
                        "south": {
                            "texture": "#shoes",
                            "uv": [
                                16,
                                11.5,
                                20,
                                16
                            ]
                        },
                        "up": {
                            "texture": "#shoes",
                            "uv": [
                                16,
                                11,
                                20,
                                11.5
                            ]
                        }
                    },
                    "children": [
                        {
                            "name": "LLinerW2",
                            "from": [
                                0,
                                0,
                                0.2
                            ],
                            "to": [
                                0.2,
                                4.5,
                                3.2
                            ],
                            "unwrapMode": 2,
                            "uv": [
                                16,
                                11
                            ],
                            "rotationOrigin": [
                                0,
                                0,
                                0.2
                            ],
                            "faces": {
                                "east": {
                                    "texture": "#shoes",
                                    "uv": [
                                        16,
                                        11.5,
                                        19,
                                        16
                                    ]
                                },
                                "up": {
                                    "texture": "#shoes",
                                    "uv": [
                                        16,
                                        11,
                                        19,
                                        11.5
                                    ],
                                    "rotation": 270
                                }
                            }
                        },
                        {
                            "name": "LLinerS2",
                            "from": [
                                0,
                                0,
                                3.04
                            ],
                            "to": [
                                4.24,
                                4.5,
                                3.24
                            ],
                            "unwrapMode": 1,
                            "uv": [
                                16,
                                10
                            ],
                            "rotationOrigin": [
                                0,
                                0,
                                3
                            ],
                            "faces": {
                                "north": {
                                    "texture": "#shoes",
                                    "uv": [
                                        16,
                                        10.5,
                                        20,
                                        15
                                    ]
                                },
                                "up": {
                                    "texture": "#shoes",
                                    "uv": [
                                        16,
                                        10,
                                        20,
                                        10.5
                                    ],
                                    "rotation": 180
                                }
                            }
                        },
                        {
                            "name": "LLinerE2",
                            "from": [
                                4.04,
                                0,
                                0.2
                            ],
                            "to": [
                                4.24,
                                4.5,
                                3.2
                            ],
                            "unwrapMode": 4,
                            "uv": [
                                16,
                                11
                            ],
                            "rotationOrigin": [
                                4,
                                0,
                                0.2
                            ],
                            "faces": {
                                "west": {
                                    "texture": "#shoes",
                                    "uv": [
                                        16,
                                        11.5,
                                        19,
                                        16
                                    ]
                                },
                                "up": {
                                    "texture": "#shoes",
                                    "uv": [
                                        16,
                                        11,
                                        19,
                                        11.5
                                    ],
                                    "rotation": 90
                                }
                            }
                        }
                    ]
                }
            ]
        },
        {
            "name": "UpperFootLeft",
            "stepParentName": "UpperFootL",
            "from": [
                -0.02,
                -0.1,
                -0.02
            ],
            "to": [
                4.22,
                4.4,
                3.22
            ],
            "unwrapMode": 4,
            "uv": [
                16,
                1.5
            ],
            "rotationOrigin": [
                -0.1,
                -0.1,
                -0.1
            ],
            "faces": {
                "north": {
                    "texture": "#shoes",
                    "uv": [
                        16,
                        1.5,
                        20,
                        6
                    ]
                },
                "east": {
                    "texture": "#shoes",
                    "uv": [
                        27,
                        1.5,
                        30,
                        6
                    ]
                },
                "south": {
                    "texture": "#shoes",
                    "uv": [
                        23,
                        1.5,
                        27,
                        6
                    ]
                },
                "west": {
                    "texture": "#shoes",
                    "uv": [
                        20,
                        1.5,
                        23,
                        6
                    ]
                },
                "down": {
                    "texture": "#shoes",
                    "uv": [
                        20,
                        6,
                        23,
                        10
                    ],
                    "rotation": 90
                }
            },
            "children": [
                {
                    "name": "LLinerN",
                    "from": [
                        0,
                        0,
                        0
                    ],
                    "to": [
                        4.35,
                        4.5,
                        0.2
                    ],
                    "unwrapMode": 3,
                    "uv": [
                        16,
                        11
                    ],
                    "faces": {
                        "south": {
                            "texture": "#shoes",
                            "uv": [
                                16,
                                11.5,
                                20,
                                16
                            ],
                            "windMode": [
                                -1,
                                -1,
                                -1,
                                -1
                            ]
                        },
                        "up": {
                            "texture": "#shoes",
                            "uv": [
                                16,
                                11,
                                20,
                                11.5
                            ]
                        }
                    },
                    "children": [
                        {
                            "name": "LLinerW",
                            "from": [
                                0,
                                -0.001,
                                0.2
                            ],
                            "to": [
                                0.2,
                                4.499,
                                3.2
                            ],
                            "unwrapMode": 2,
                            "uv": [
                                16,
                                11
                            ],
                            "rotationOrigin": [
                                0,
                                0,
                                0.2
                            ],
                            "faces": {
                                "east": {
                                    "texture": "#shoes",
                                    "uv": [
                                        16,
                                        11.5,
                                        19,
                                        16
                                    ],
                                    "windMode": [
                                        -1,
                                        -1,
                                        -1,
                                        -1
                                    ]
                                },
                                "up": {
                                    "texture": "#shoes",
                                    "uv": [
                                        16,
                                        11,
                                        19,
                                        11.5
                                    ],
                                    "rotation": 270
                                }
                            }
                        },
                        {
                            "name": "LLinerS",
                            "from": [
                                0,
                                0,
                                3.04
                            ],
                            "to": [
                                4.35,
                                4.5,
                                3.24
                            ],
                            "unwrapMode": 1,
                            "uv": [
                                16,
                                10
                            ],
                            "rotationOrigin": [
                                0,
                                0,
                                3.1
                            ],
                            "faces": {
                                "north": {
                                    "texture": "#shoes",
                                    "uv": [
                                        16,
                                        10.5,
                                        20,
                                        15
                                    ]
                                },
                                "up": {
                                    "texture": "#shoes",
                                    "uv": [
                                        16,
                                        10,
                                        20,
                                        10.5
                                    ],
                                    "rotation": 180
                                }
                            }
                        },
                        {
                            "name": "LLinerE",
                            "from": [
                                4.15,
                                0,
                                0.2
                            ],
                            "to": [
                                4.35,
                                4.5,
                                3.2
                            ],
                            "unwrapMode": 4,
                            "uv": [
                                16,
                                11
                            ],
                            "rotationOrigin": [
                                4.1,
                                0,
                                0.2
                            ],
                            "faces": {
                                "west": {
                                    "texture": "#shoes",
                                    "uv": [
                                        16,
                                        11.5,
                                        19,
                                        16
                                    ],
                                    "windMode": [
                                        -1,
                                        -1,
                                        -1,
                                        -1
                                    ]
                                },
                                "up": {
                                    "texture": "#shoes",
                                    "uv": [
                                        16,
                                        11,
                                        19,
                                        11.5
                                    ],
                                    "rotation": 90
                                }
                            }
                        }
                    ]
                }
            ]
        }
    ],
    "animations": [
        {
            "name": "Walk",
            "code": "walk",
            "quantityframes": 25,
            "onActivityStopped": "Rewind",
            "onAnimationEnd": "Repeat",
            "keyframes": []
        }
    ]
}