{
	"editor": {
		"allAngles": false,
		"entityTextureMode": false
	},
	"textureWidth": 4,
	"textureHeight": 16,
	"textureSizes": {
	},
	"textures": {
	},
	"elements": [
		{
			"name": "pine",
			"from": [ 7.0, 0.0, 7.0 ],
			"to": [ 9.0, 16.0, 9.0 ],
			"faces": {
				"north": { "texture": "#bark", "uv": [ 0.0, 0.0, 2.0, 16.0 ], "windMode": [-1,-1,-1,-1], "windData": [0,1,1,0] },
				"east": { "texture": "#bark", "uv": [ 1.5, 0.0, 3.5, 16.0 ] },
				"south": { "texture": "#bark", "uv": [ 0.0, 0.0, 2.0, 16.0 ] },
				"west": { "texture": "#bark", "uv": [ 1.5, 0.0, 3.5, 16.0 ] },
				"up": { "texture": "#bark", "uv": [ 0.0, 0.0, 2.0, 2.0 ] },
				"down": { "texture": "#bark", "uv": [ 0.0, 0.0, 2.0, 2.0 ] }
			},
			"children": [
				{
					"name": "Blade1",
					"from": [ 0.0, -4.0, 0.7 ],
					"to": [ 0.0, 12.0, 1.3 ],
					"rotationOrigin": [ 0.0, 12.0, 1.3 ],
					"rotationX": 5.0,
					"rotationZ": -15.0,
					"faces": {
						"west": { "texture": "#bark", "uv": [ 3.5, 0.0, 4.0, 16.0 ], "windMode": [-1,-1,-1,-1], "windData": [0,0,0,1] }
					}
				},
				{
					"name": "Blade2",
					"from": [ 0.0, -12.0, 0.7 ],
					"to": [ 0.0, 4.0, 1.3 ],
					"rotationOrigin": [ 0.0, 4.0, 0.7 ],
					"rotationX": -5.0,
					"rotationZ": -15.0,
					"faces": {
						"west": { "texture": "#bark", "uv": [ 3.5, 0.0, 4.0, 16.0 ] }
					}
				},
				{
					"name": "Blade3",
					"from": [ 2.0, -1.0, 0.7 ],
					"to": [ 2.0, 15.0, 1.3 ],
					"rotationOrigin": [ 2.0, 15.0, 1.3 ],
					"rotationX": 5.0,
					"rotationZ": 15.0,
					"faces": {
						"east": { "texture": "#bark", "uv": [ 3.5, 0.0, 4.0, 16.0 ], "windMode": [-1,-1,-1,-1], "windData": [0,1,1,0] }
					}
				},
				{
					"name": "Blade4",
					"from": [ 2.0, -9.0, 0.7 ],
					"to": [ 2.0, 7.0, 1.3 ],
					"rotationOrigin": [ 2.0, 7.0, 0.7 ],
					"rotationX": -5.0,
					"rotationZ": 15.0,
					"faces": {
						"east": { "texture": "#bark", "uv": [ 3.5, 0.0, 4.0, 16.0 ], "windMode": [-1,-1,-1,-1] }
					}
				},
				{
					"name": "Blade5",
					"from": [ 0.7, 0.0, 0.0 ],
					"to": [ 1.3, 16.0, 0.0 ],
					"rotationOrigin": [ 0.7, 16.0, 0.0 ],
					"rotationX": 15.0,
					"rotationZ": 5.0,
					"faces": {
						"north": { "texture": "#bark", "uv": [ 3.5, 0.0, 4.0, 16.0 ], "windMode": [-1,-1,-1,-1], "windData": [0,1,1,0] }
					}
				},
				{
					"name": "Blade6",
					"from": [ 0.7, -4.0, 2.0 ],
					"to": [ 1.3, 12.0, 2.0 ],
					"rotationOrigin": [ 0.7, 12.0, 2.0 ],
					"rotationX": -15.0,
					"rotationZ": 5.0,
					"faces": {
						"south": { "texture": "#bark", "uv": [ 3.5, 0.0, 4.0, 16.0 ], "windMode": [-1,-1,-1,-1] }
					}
				},
				{
					"name": "Blade7",
					"from": [ 0.7, -8.0, 0.0 ],
					"to": [ 1.3, 8.0, 0.0 ],
					"rotationOrigin": [ 1.3, 8.0, 0.0 ],
					"rotationX": 15.0,
					"rotationZ": -5.0,
					"faces": {
						"north": { "texture": "#bark", "uv": [ 3.5, 0.0, 4.0, 16.0 ], "windMode": [-1,-1,-1,-1] }
					}
				},
				{
					"name": "Blade8",
					"from": [ 0.7, -12.0, 2.0 ],
					"to": [ 1.3, 4.0, 2.0 ],
					"rotationOrigin": [ 1.3, 4.0, 2.0 ],
					"rotationX": -15.0,
					"rotationZ": -5.0,
					"faces": {
						"south": { "texture": "#bark", "uv": [ 3.5, 0.0, 4.0, 16.0 ], "windMode": [-1,-1,-1,-1] }
					}
				}
			]
		}
	]}