[	
	{
		"ingredientPattern": "L_L,LKL,LLL",
		"ingredients": {
			"L": { "type": "item", "code": "game:cattailtops", "quantity": 2 },
			"K": { "type": "item", "code": "game:knife-*", "isTool": true,"toolDurabilityCost": 10 }
		},
		"width": 3,
		"height": 3,
		"output": { "type": "block", "code": "arrowbasket-east", "attributes": { "type": "wicker" }  }
	},
	
	{
		"ingredientPattern": "L_L,LKL,LLL",
		"ingredients": {
			"L": { "type": "item", "code": "game:papyrustops", "quantity": 2 },
			"K": { "type": "item", "code": "game:knife-*", "isTool": true,"toolDurabilityCost": 10 }
		},
		"width": 3,
		"height": 3,
		"output": { "type": "block", "code": "arrowbasket-east" , "attributes": { "type": "wicker" } }
	},

	{
		"ingredientPattern": "A_A,LKL,LLL",
		"ingredients": {
			"A": { "typse": "item", "code": "game:arrow-*", "quantity":1 },
			"L": { "type": "item", "code": "game:metalnailsandstrips-iron", "quantity": 1 },
			"K": { "type": "item", "code": "game:hammer-*", "isTool": true,"toolDurabilityCost": 10 }
		},
		"width": 3,
		"height": 3,
		"output": { "type": "block", "code": "arrowbasket-east" , "attributes": { "type": "iron" } }
	},
	{	
		"enabled": "false",
// if the other is too cheap
		"ingredientPattern": "L_L,LKL,LLL",
		"ingredients": {
			"L": { "type": "item", "code": "game:metalnailsandstrips-iron", "quantity": 1 },
			"K": { "type": "item", "code": "game:hammer-*", "isTool": true,"toolDurabilityCost": 10 }
		},
		"width": 3,
		"height": 3,
		"output": { "type": "block", "code": "arrowbasket-east" , "attributes": { "type": "iron" } }
	},















]      