{
	"editor": {
		"allAngles": false,
		"entityTextureMode": false
	},
	"textureWidth": 16,
	"textureHeight": 16,
	"textureSizes": {
	},
	"textures": {
	},
	"elements": [
		{
			"name": "Cube1",
			"from": [ 4.0, 0.0, 6.0 ],
			"to": [ 10.5, 1.0, 7.5 ],
			"rotationOrigin": [ 4.0, 0.0, 6.0 ],
			"faces": {
				"north": { "texture": "#meat", "uv": [ 0.0, 1.0, 13.0, 3.0 ], "autoUv": false },
				"east": { "texture": "#meat", "uv": [ 6.0, 2.0, 9.0, 4.0 ], "autoUv": false },
				"south": { "texture": "#meat", "uv": [ 0.0, 0.0, 13.0, 2.0 ], "autoUv": false },
				"west": { "texture": "#meat", "uv": [ 6.0, 3.0, 9.0, 5.0 ], "autoUv": false },
				"up": { "texture": "#meat", "uv": [ 1.0, 1.0, 14.0, 4.0 ], "autoUv": false },
				"down": { "texture": "#meat", "uv": [ 2.0, 0.0, 15.0, 3.0 ], "autoUv": false }
			},
			"children": [
				{
					"name": "Cube3",
					"from": [ 1.0, 0.0, 1.5 ],
					"to": [ 5.5, 1.0, 2.0 ],
					"rotationOrigin": [ 1.5, 0.0, -1.0 ],
					"faces": {
						"east": { "texture": "#meat", "uv": [ 7.0, 2.0, 8.0, 4.0 ], "autoUv": false },
						"south": { "texture": "#meat", "uv": [ 0.0, 0.0, 9.0, 2.0 ], "autoUv": false, "windMode": [-1,-1,-1,-1] },
						"west": { "texture": "#meat", "uv": [ 0.0, 1.0, 1.0, 3.0 ], "autoUv": false },
						"up": { "texture": "#meat", "uv": [ 0.0, 0.0, 9.0, 1.0 ], "autoUv": false },
						"down": { "texture": "#meat", "uv": [ 0.0, 0.0, 9.0, 1.0 ], "autoUv": false }
					}
				},
				{
					"name": "Cube4",
					"from": [ 0.5, 0.0, 2.0 ],
					"to": [ 6.0, 0.5, 2.5 ],
					"rotationOrigin": [ 1.0, 0.0, -1.0 ],
					"faces": {
						"north": { "texture": "#meat", "uv": [ 0.0, 1.0, 11.0, 2.0 ], "autoUv": false },
						"east": { "texture": "#meat", "uv": [ 7.0, 3.0, 8.0, 5.0 ], "autoUv": false },
						"south": { "texture": "#meat", "uv": [ 1.0, 3.0, 12.0, 4.0 ], "autoUv": false },
						"west": { "texture": "#meat", "uv": [ 7.0, 0.0, 8.0, 2.0 ], "autoUv": false },
						"up": { "texture": "#meat", "uv": [ 0.0, 8.0, 11.0, 9.0 ], "autoUv": false },
						"down": { "texture": "#meat", "uv": [ 0.0, 0.0, 11.0, 1.0 ], "autoUv": false }
					}
				},
				{
					"name": "Cube5",
					"from": [ 1.0, 0.0, -0.5 ],
					"to": [ 6.0, 1.0, 0.0 ],
					"rotationOrigin": [ 1.0, 0.0, -1.0 ],
					"faces": {
						"north": { "texture": "#meat", "uv": [ 1.0, 3.0, 11.0, 5.0 ], "autoUv": false },
						"east": { "texture": "#meat", "uv": [ 6.0, 3.0, 7.0, 5.0 ], "autoUv": false },
						"west": { "texture": "#meat", "uv": [ 3.0, 3.0, 4.0, 5.0 ], "autoUv": false },
						"up": { "texture": "#meat", "uv": [ 1.0, 3.0, 11.0, 4.0 ], "autoUv": false },
						"down": { "texture": "#meat", "uv": [ 0.0, 0.0, 10.0, 1.0 ], "autoUv": false }
					}
				},
				{
					"name": "Cube6",
					"from": [ 1.5, 0.0, -1.0 ],
					"to": [ 4.5, 0.5, -0.5 ],
					"rotationOrigin": [ 1.0, 0.0, -1.0 ],
					"faces": {
						"north": { "texture": "#meat", "uv": [ 0.0, 2.0, 6.0, 3.0 ], "autoUv": false },
						"east": { "texture": "#meat", "uv": [ 0.0, 0.0, 1.0, 1.0 ], "autoUv": false },
						"west": { "texture": "#meat", "uv": [ 0.0, 0.0, 1.0, 1.0 ], "autoUv": false },
						"up": { "texture": "#meat", "uv": [ 1.0, 2.0, 7.0, 3.0 ], "autoUv": false },
						"down": { "texture": "#meat", "uv": [ 0.0, 0.0, 6.0, 1.0 ], "autoUv": false }
					}
				},
				{
					"name": "Cube2",
					"from": [ 6.5, 0.0, 0.0 ],
					"to": [ 7.0, 0.5, 1.0 ],
					"rotationOrigin": [ 6.5, 0.0, 0.0 ],
					"faces": {
						"north": { "texture": "#meat", "uv": [ 8.5, 8.5, 9.5, 9.0 ], "autoUv": false },
						"east": { "texture": "#meat", "uv": [ 0.0, 0.0, 1.0, 0.5 ], "windMode": [-1,-1,-1,-1] },
						"south": { "texture": "#meat", "uv": [ 9.0, 7.5, 10.0, 8.0 ], "autoUv": false },
						"up": { "texture": "#meat", "uv": [ 15.0, 0.0, 16.0, 2.0 ], "autoUv": false },
						"down": { "texture": "#meat", "uv": [ 15.0, 2.0, 16.0, 4.0 ], "autoUv": false }
					}
				}
			]
		}
	]}