[
  {
    "op": "addmerge",
    "path": "/attributes/attachableToEntity",
    "value": {
      "categoryCode": "small1", 
      "texturePrefixCode": "crock-{burned}"
    },
    "file": "game:blocktypes/clay/crock.json",
    "side": "Server"
  },
  {
    "op": "addmerge",
    "path": "/attributes/attachableToEntity/attachedShape",
    "value": { "base": "cartwrightscaravan:item/small/crock-stall-centered" },
    "file": "game:blocktypes/clay/crock.json",
    "side": "Server"
  }
]
