[
  {    
    "enabled": false,
    "op": "add",
    "path": "/attributesByType/*-partbaked/attachableToEntity",
    "value": {
      "categoryCode": "small1",
      "texturePrefixCode": "bread-{type}-{state}",
      "attachedShape":  { "base": "cartwrightscaravan:item/small/bread/{type}bread" }
    },
    "file": "game:itemtypes/food/bread.json",
    "side": "Server"
  },  
  {    
    "enabled": false,
    "op": "add",
    "path": "/attributesByType/*-perfect/attachableToEntity",
    "value": {
      "categoryCode": "small1",
      "texturePrefixCode": "bread-{type}-{state}",
      "attachedShape":  { "base": "cartwrightscaravan:item/small/bread/{type}bread" }
    },
    "file": "game:itemtypes/food/bread.json",
    "side": "Server"
  },  
  {    
    "enabled": false,
    "op": "add",
    "path": "/attributesByType/*-charred/attachableToEntity",
    "value": {
      "categoryCode": "small1",
      "texturePrefixCode": "bread-{type}-{state}",
      "attachedShape":  { "base": "cartwrightscaravan:item/small/bread/{type}bread" }
    },
    "file": "game:itemtypes/food/bread.json",
    "side": "Server"
  }
]
