[
  {    
    "enabled": true,
    "op": "addMerge",
    "path": "/attributes/attachableToEntity",
    "value": {
      "categoryCode": "small1",
      "texturePrefixCode": "ingot-{metal}"
    },
    "file": "game:itemtypes/resource/ingot.json",
    "side": "Server"
  },
  {
    "enabled": true,
    "op": "addMerge",
    "path": "/attributes/attachableToEntity/attachedShape",
    "value":  { "base": "cartwrightscaravan:item/small/ingot" },
    "file": "game:itemtypes/resource/ingot.json",
    "side": "Server"
  }
]
