{
	"editor": {
		"backDropShape": "entity/land/basiccart",
		"collapsedPaths": "Root/ORIGIN/CanopyTop/CanopyTopRidge,Root/ORIGIN/RightBeam1,Root/ORIGIN/CanopyTop/CanopyTopRidge5,Root/ORIGIN/TopBeam,Root/ORIGIN/CanopyTop/CanopyTop5,Root/ORIGIN/CanopyTop41,Root/ORIGIN/CanopyTop/CanopyTop9,Root/ORIGIN/CanopyTop/CanopyTopRidge10",
		"allAngles": false,
		"entityTextureMode": false
	},
	"textureWidth": 16,
	"textureHeight": 16,
	"textureSizes": {
		"oak-h": [16,16],
		"canopycolor3": [16,16],
		"canopycolor4": [16,16],
		"oak": [16,16],
		"iron": [16,16],
		"canopycolor53": [16,16],
		"canopycolor54": [16,16],
		"canopycolor5": [16,16],
		"canopycolor52": [16,16]
	},
	"textures": {
		"iron": "block/metal/plate/iron",
		"oak": "block/wood/debarked/oak"
	},
	"elements": [
		{
			"name": "ORIGIN",
			"from": [ 20.0, -1.3, 23.0 ],
			"to": [ 21.0, -0.3, 24.0 ],
			"rotationOrigin": [ 21.0, -2.6, 23.0 ],
			"rotationY": 90.0,
			"faces": {
			},
			"children": [
				{
					"name": "LeftBeam",
					"from": [ -7.9, 0.4, 0.0 ],
					"to": [ -6.1, 10.4, 1.3 ],
					"rotationOrigin": [ -7.9, 0.4, 0.0 ],
					"faces": {
						"north": { "texture": "#oak-h", "uv": [ 3.5, 0.0, 13.5, 1.5 ], "rotation": 90 },
						"east": { "texture": "#oak-h", "uv": [ 3.0, 0.0, 13.0, 1.0 ], "rotation": 90 },
						"south": { "texture": "#oak-h", "uv": [ 3.5, 0.0, 13.5, 1.5 ], "rotation": 90 },
						"west": { "texture": "#oak-h", "uv": [ 4.0, 0.0, 14.0, 1.0 ], "rotation": 90 },
						"up": { "texture": "#oak-h", "uv": [ 0.0, 0.0, 1.0, 1.5 ], "rotation": 90 },
						"down": { "texture": "#oak-h", "uv": [ 0.0, 0.0, 1.0, 1.5 ], "rotation": 90 }
					},
					"children": [
						{
							"name": "LeftBeam4",
							"from": [ 15.0, 0.0, 0.0 ],
							"to": [ 16.8, 10.0, 1.3 ],
							"rotationOrigin": [ 15.0, 0.0, 0.0 ],
							"faces": {
								"north": { "texture": "#oak-h", "uv": [ 3.5, 0.0, 13.5, 1.5 ], "rotation": 90 },
								"east": { "texture": "#oak-h", "uv": [ 3.0, 0.0, 13.0, 1.0 ], "rotation": 90 },
								"south": { "texture": "#oak-h", "uv": [ 3.5, 0.0, 13.5, 1.5 ], "rotation": 90 },
								"west": { "texture": "#oak-h", "uv": [ 4.0, 0.0, 14.0, 1.0 ], "rotation": 90 },
								"up": { "texture": "#oak-h", "uv": [ 0.0, 0.0, 1.0, 1.5 ], "rotation": 90 },
								"down": { "texture": "#oak-h", "uv": [ 0.0, 0.0, 1.0, 1.5 ], "rotation": 90 }
							}
						},
						{
							"name": "LeftBeam7",
							"from": [ 30.0, 0.0, 0.0 ],
							"to": [ 31.8, 10.0, 1.3 ],
							"rotationOrigin": [ 15.0, 0.0, 0.0 ],
							"faces": {
								"north": { "texture": "#oak-h", "uv": [ 3.5, 0.0, 13.5, 1.5 ], "rotation": 90 },
								"east": { "texture": "#oak-h", "uv": [ 3.0, 0.0, 13.0, 1.0 ], "rotation": 90 },
								"south": { "texture": "#oak-h", "uv": [ 3.5, 0.0, 13.5, 1.5 ], "rotation": 90 },
								"west": { "texture": "#oak-h", "uv": [ 4.0, 0.0, 14.0, 1.0 ], "rotation": 90 },
								"up": { "texture": "#oak-h", "uv": [ 0.0, 0.0, 1.0, 1.5 ], "rotation": 90 },
								"down": { "texture": "#oak-h", "uv": [ 0.0, 0.0, 1.0, 1.5 ], "rotation": 90 }
							}
						},
						{
							"name": "Board",
							"from": [ -2.6, 2.0, -0.5 ],
							"to": [ 13.4, 4.0, 0.0 ],
							"rotationOrigin": [ -2.6, 2.0, -0.5 ],
							"faces": {
								"north": { "texture": "#oak", "uv": [ 0.0, 0.0, 16.0, 2.0 ] },
								"east": { "texture": "#oak", "uv": [ 0.0, 0.0, 0.5, 2.0 ] },
								"south": { "texture": "#oak", "uv": [ 0.0, 0.0, 16.0, 2.0 ] },
								"west": { "texture": "#oak", "uv": [ 0.0, 0.0, 0.5, 2.0 ] },
								"up": { "texture": "#oak", "uv": [ 0.0, 0.0, 16.0, 0.5 ] },
								"down": { "texture": "#oak", "uv": [ 0.0, 0.0, 16.0, 0.5 ] }
							},
							"children": [
								{
									"name": "Board2",
									"from": [ 16.0, 0.0, 0.0 ],
									"to": [ 32.0, 2.0, 0.5 ],
									"rotationOrigin": [ 16.0, 0.0, 0.0 ],
									"faces": {
										"north": { "texture": "#oak", "uv": [ 0.0, 0.0, 16.0, 2.0 ] },
										"east": { "texture": "#oak", "uv": [ 0.0, 0.0, 0.5, 2.0 ] },
										"south": { "texture": "#oak", "uv": [ 0.0, 0.0, 16.0, 2.0 ] },
										"west": { "texture": "#oak", "uv": [ 0.0, 0.0, 0.5, 2.0 ] },
										"up": { "texture": "#oak", "uv": [ 0.0, 0.0, 16.0, 0.5 ] },
										"down": { "texture": "#oak", "uv": [ 0.0, 0.0, 16.0, 0.5 ] }
									}
								},
								{
									"name": "Board3",
									"from": [ 32.0, 0.0, 0.0 ],
									"to": [ 37.0, 2.0, 0.5 ],
									"rotationOrigin": [ 32.0, 0.0, 0.0 ],
									"faces": {
										"north": { "texture": "#oak", "uv": [ 0.0, 0.0, 5.0, 2.0 ] },
										"east": { "texture": "#oak", "uv": [ 0.0, 0.0, 0.5, 2.0 ] },
										"south": { "texture": "#oak", "uv": [ 0.0, 0.0, 5.0, 2.0 ] },
										"west": { "texture": "#oak", "uv": [ 0.0, 0.0, 0.5, 2.0 ] },
										"up": { "texture": "#oak", "uv": [ 0.0, 0.0, 5.0, 0.5 ] },
										"down": { "texture": "#oak", "uv": [ 0.0, 0.0, 5.0, 0.5 ] }
									}
								}
							]
						},
						{
							"name": "Board5",
							"from": [ -3.2, 5.0, -0.5 ],
							"to": [ 10.8, 7.0, 0.0 ],
							"rotationOrigin": [ -3.2, 5.0, -0.5 ],
							"faces": {
								"north": { "texture": "#oak", "uv": [ 0.0, 1.0, 14.0, 3.0 ] },
								"east": { "texture": "#oak", "uv": [ 0.0, 0.0, 0.5, 2.0 ] },
								"south": { "texture": "#oak", "uv": [ 0.0, 1.5, 14.0, 3.5 ] },
								"west": { "texture": "#oak", "uv": [ 0.0, 0.0, 0.5, 2.0 ] },
								"up": { "texture": "#oak", "uv": [ 0.0, 0.0, 14.0, 0.5 ] },
								"down": { "texture": "#oak", "uv": [ 0.0, 0.0, 14.0, 0.5 ] }
							},
							"children": [
								{
									"name": "Board6",
									"from": [ 14.0, 0.0, 0.0 ],
									"to": [ 30.0, 2.0, 0.5 ],
									"rotationOrigin": [ 14.0, 0.0, 0.0 ],
									"faces": {
										"north": { "texture": "#oak", "uv": [ 0.0, 0.0, 16.0, 2.0 ] },
										"east": { "texture": "#oak", "uv": [ 0.0, 0.0, 0.5, 2.0 ] },
										"south": { "texture": "#oak", "uv": [ 0.0, 0.0, 16.0, 2.0 ] },
										"west": { "texture": "#oak", "uv": [ 0.0, 0.0, 0.5, 2.0 ] },
										"up": { "texture": "#oak", "uv": [ 0.0, 0.0, 16.0, 0.5 ] },
										"down": { "texture": "#oak", "uv": [ 0.0, 0.0, 16.0, 0.5 ] }
									}
								},
								{
									"name": "Board7",
									"from": [ 30.0, 0.0, 0.0 ],
									"to": [ 38.1, 2.0, 0.5 ],
									"rotationOrigin": [ 30.0, 0.0, 0.0 ],
									"faces": {
										"north": { "texture": "#oak", "uv": [ 0.0, 2.5, 8.0, 4.5 ] },
										"east": { "texture": "#oak", "uv": [ 0.0, 0.0, 0.5, 2.0 ] },
										"south": { "texture": "#oak", "uv": [ 0.0, 1.0, 8.0, 3.0 ] },
										"west": { "texture": "#oak", "uv": [ 0.0, 0.0, 0.5, 2.0 ] },
										"up": { "texture": "#oak", "uv": [ 0.0, 0.0, 8.0, 0.5 ] },
										"down": { "texture": "#oak", "uv": [ 0.0, 0.0, 8.0, 0.5 ] }
									}
								}
							]
						},
						{
							"name": "Board9",
							"from": [ -3.8, 8.0, -0.5 ],
							"to": [ 12.2, 10.0, 0.0 ],
							"rotationOrigin": [ -3.8, 8.0, -0.5 ],
							"faces": {
								"north": { "texture": "#oak", "uv": [ 0.0, 0.0, 16.0, 2.0 ] },
								"east": { "texture": "#oak", "uv": [ 0.0, 0.0, 0.5, 2.0 ] },
								"south": { "texture": "#oak", "uv": [ 0.0, 0.0, 16.0, 2.0 ] },
								"west": { "texture": "#oak", "uv": [ 0.0, 0.0, 0.5, 2.0 ] },
								"up": { "texture": "#oak", "uv": [ 0.0, 0.0, 16.0, 0.5 ] },
								"down": { "texture": "#oak", "uv": [ 0.0, 0.0, 16.0, 0.5 ] }
							},
							"children": [
								{
									"name": "Board10",
									"from": [ 16.0, 0.0, 0.0 ],
									"to": [ 32.0, 2.0, 0.5 ],
									"rotationOrigin": [ 16.0, 0.0, 0.0 ],
									"faces": {
										"north": { "texture": "#oak", "uv": [ 0.0, 2.5, 16.0, 4.5 ] },
										"east": { "texture": "#oak", "uv": [ 0.0, 0.0, 0.5, 2.0 ] },
										"south": { "texture": "#oak", "uv": [ 0.0, 1.0, 16.0, 3.0 ] },
										"west": { "texture": "#oak", "uv": [ 0.0, 0.0, 0.5, 2.0 ] },
										"up": { "texture": "#oak", "uv": [ 0.0, 0.0, 16.0, 0.5 ] },
										"down": { "texture": "#oak", "uv": [ 0.0, 0.0, 16.0, 0.5 ] }
									}
								},
								{
									"name": "Board11",
									"from": [ 32.0, 0.0, 0.0 ],
									"to": [ 39.2, 2.0, 0.5 ],
									"rotationOrigin": [ 32.0, 0.0, 0.0 ],
									"faces": {
										"north": { "texture": "#oak", "uv": [ 0.0, 0.0, 7.0, 2.0 ] },
										"east": { "texture": "#oak", "uv": [ 0.0, 0.0, 0.5, 2.0 ] },
										"south": { "texture": "#oak", "uv": [ 0.0, 0.0, 7.0, 2.0 ] },
										"west": { "texture": "#oak", "uv": [ 0.0, 0.0, 0.5, 2.0 ] },
										"up": { "texture": "#oak", "uv": [ 0.0, 0.0, 7.0, 0.5 ] },
										"down": { "texture": "#oak", "uv": [ 0.0, 0.0, 7.0, 0.5 ] }
									}
								}
							]
						},
						{
							"name": "Nail",
							"from": [ 0.65, 2.7, -0.7 ],
							"to": [ 1.15, 3.2, 1.5 ],
							"rotationOrigin": [ 0.6, 2.7, -0.7 ],
							"faces": {
								"north": { "texture": "#iron", "uv": [ 0.0, 0.0, 0.5, 0.5 ] },
								"east": { "texture": "#iron", "uv": [ 0.0, 0.0, 2.0, 0.5 ] },
								"south": { "texture": "#iron", "uv": [ 0.0, 0.0, 0.5, 0.5 ] },
								"west": { "texture": "#iron", "uv": [ 0.0, 0.0, 2.0, 0.5 ] },
								"up": { "texture": "#iron", "uv": [ 0.0, 0.0, 0.5, 2.0 ] },
								"down": { "texture": "#iron", "uv": [ 0.0, 0.0, 0.5, 2.0 ] }
							},
							"children": [
								{
									"name": "Nail2",
									"from": [ 0.0, 3.0, 0.0 ],
									"to": [ 0.5, 3.5, 2.2 ],
									"rotationOrigin": [ 0.0, 3.0, 0.0 ],
									"faces": {
										"north": { "texture": "#iron", "uv": [ 0.0, 0.0, 0.5, 0.5 ] },
										"east": { "texture": "#iron", "uv": [ 0.0, 0.0, 2.0, 0.5 ] },
										"south": { "texture": "#iron", "uv": [ 0.0, 0.0, 0.5, 0.5 ] },
										"west": { "texture": "#iron", "uv": [ 0.0, 0.0, 2.0, 0.5 ] },
										"up": { "texture": "#iron", "uv": [ 0.0, 0.0, 0.5, 2.0 ] },
										"down": { "texture": "#iron", "uv": [ 0.0, 0.0, 0.5, 2.0 ] }
									}
								},
								{
									"name": "Nail3",
									"from": [ 0.0, 6.0, 0.0 ],
									"to": [ 0.5, 6.5, 2.2 ],
									"rotationOrigin": [ 0.0, 6.0, 0.0 ],
									"faces": {
										"north": { "texture": "#iron", "uv": [ 0.0, 0.0, 0.5, 0.5 ] },
										"east": { "texture": "#iron", "uv": [ 0.0, 0.0, 2.0, 0.5 ] },
										"south": { "texture": "#iron", "uv": [ 0.0, 0.0, 0.5, 0.5 ] },
										"west": { "texture": "#iron", "uv": [ 0.0, 0.0, 2.0, 0.5 ] },
										"up": { "texture": "#iron", "uv": [ 0.0, 0.0, 0.5, 2.0 ] },
										"down": { "texture": "#iron", "uv": [ 0.0, 0.0, 0.5, 2.0 ] }
									}
								},
								{
									"name": "Nail5",
									"from": [ 15.0, 0.0, 0.0 ],
									"to": [ 15.5, 0.5, 2.2 ],
									"rotationOrigin": [ 15.0, 0.0, 0.0 ],
									"faces": {
										"north": { "texture": "#iron", "uv": [ 0.0, 0.0, 0.5, 0.5 ] },
										"east": { "texture": "#iron", "uv": [ 0.0, 0.0, 2.0, 0.5 ] },
										"south": { "texture": "#iron", "uv": [ 0.0, 0.0, 0.5, 0.5 ] },
										"west": { "texture": "#iron", "uv": [ 0.0, 0.0, 2.0, 0.5 ] },
										"up": { "texture": "#iron", "uv": [ 0.0, 0.0, 0.5, 2.0 ] },
										"down": { "texture": "#iron", "uv": [ 0.0, 0.0, 0.5, 2.0 ] }
									},
									"children": [
										{
											"name": "Nail6",
											"from": [ 0.0, 3.0, 0.0 ],
											"to": [ 0.5, 3.5, 2.2 ],
											"rotationOrigin": [ 0.0, 3.0, 0.0 ],
											"faces": {
												"north": { "texture": "#iron", "uv": [ 0.0, 0.0, 0.5, 0.5 ] },
												"east": { "texture": "#iron", "uv": [ 0.0, 0.0, 2.0, 0.5 ] },
												"south": { "texture": "#iron", "uv": [ 0.0, 0.0, 0.5, 0.5 ] },
												"west": { "texture": "#iron", "uv": [ 0.0, 0.0, 2.0, 0.5 ] },
												"up": { "texture": "#iron", "uv": [ 0.0, 0.0, 0.5, 2.0 ] },
												"down": { "texture": "#iron", "uv": [ 0.0, 0.0, 0.5, 2.0 ] }
											}
										},
										{
											"name": "Nail7",
											"from": [ 0.0, 6.0, 0.0 ],
											"to": [ 0.5, 6.5, 2.2 ],
											"rotationOrigin": [ 0.0, 6.0, 0.0 ],
											"faces": {
												"north": { "texture": "#iron", "uv": [ 0.0, 0.0, 0.5, 0.5 ] },
												"east": { "texture": "#iron", "uv": [ 0.0, 0.0, 2.0, 0.5 ] },
												"south": { "texture": "#iron", "uv": [ 0.0, 0.0, 0.5, 0.5 ] },
												"west": { "texture": "#iron", "uv": [ 0.0, 0.0, 2.0, 0.5 ] },
												"up": { "texture": "#iron", "uv": [ 0.0, 0.0, 0.5, 2.0 ] },
												"down": { "texture": "#iron", "uv": [ 0.0, 0.0, 0.5, 2.0 ] }
											}
										}
									]
								},
								{
									"name": "Nail9",
									"from": [ 30.0, 0.0, 0.0 ],
									"to": [ 30.5, 0.5, 2.2 ],
									"rotationOrigin": [ 30.0, 0.0, 0.0 ],
									"faces": {
										"north": { "texture": "#iron", "uv": [ 0.0, 0.0, 0.5, 0.5 ] },
										"east": { "texture": "#iron", "uv": [ 0.0, 0.0, 2.0, 0.5 ] },
										"south": { "texture": "#iron", "uv": [ 0.0, 0.0, 0.5, 0.5 ] },
										"west": { "texture": "#iron", "uv": [ 0.0, 0.0, 2.0, 0.5 ] },
										"up": { "texture": "#iron", "uv": [ 0.0, 0.0, 0.5, 2.0 ] },
										"down": { "texture": "#iron", "uv": [ 0.0, 0.0, 0.5, 2.0 ] }
									},
									"children": [
										{
											"name": "Nail10",
											"from": [ 0.0, 3.0, 0.0 ],
											"to": [ 0.5, 3.5, 2.2 ],
											"rotationOrigin": [ 0.0, 3.0, 0.0 ],
											"faces": {
												"north": { "texture": "#iron", "uv": [ 0.0, 0.0, 0.5, 0.5 ] },
												"east": { "texture": "#iron", "uv": [ 0.0, 0.0, 2.0, 0.5 ] },
												"south": { "texture": "#iron", "uv": [ 0.0, 0.0, 0.5, 0.5 ] },
												"west": { "texture": "#iron", "uv": [ 0.0, 0.0, 2.0, 0.5 ] },
												"up": { "texture": "#iron", "uv": [ 0.0, 0.0, 0.5, 2.0 ] },
												"down": { "texture": "#iron", "uv": [ 0.0, 0.0, 0.5, 2.0 ] }
											}
										},
										{
											"name": "Nail11",
											"from": [ 0.0, 6.0, 0.0 ],
											"to": [ 0.5, 6.5, 2.2 ],
											"rotationOrigin": [ 0.0, 6.0, 0.0 ],
											"faces": {
												"north": { "texture": "#iron", "uv": [ 0.0, 0.0, 0.5, 0.5 ] },
												"east": { "texture": "#iron", "uv": [ 0.0, 0.0, 2.0, 0.5 ] },
												"south": { "texture": "#iron", "uv": [ 0.0, 0.0, 0.5, 0.5 ] },
												"west": { "texture": "#iron", "uv": [ 0.0, 0.0, 2.0, 0.5 ] },
												"up": { "texture": "#iron", "uv": [ 0.0, 0.0, 0.5, 2.0 ] },
												"down": { "texture": "#iron", "uv": [ 0.0, 0.0, 0.5, 2.0 ] }
											}
										}
									]
								}
							]
						}
					]
				},
				{
					"name": "LeftBeam2",
					"from": [ -7.9, 10.4, 0.0 ],
					"to": [ -6.1, 20.4, 1.3 ],
					"rotationOrigin": [ -7.9, 10.4, 0.0 ],
					"faces": {
						"north": { "texture": "#oak-h", "uv": [ 3.5, 0.0, 13.5, 1.5 ], "rotation": 90 },
						"east": { "texture": "#oak-h", "uv": [ 3.0, 0.0, 13.0, 1.0 ], "rotation": 90 },
						"south": { "texture": "#oak-h", "uv": [ 3.5, 0.0, 13.5, 1.5 ], "rotation": 90 },
						"west": { "texture": "#oak-h", "uv": [ 4.0, 0.0, 14.0, 1.0 ], "rotation": 90 },
						"up": { "texture": "#oak-h", "uv": [ 0.0, 0.0, 1.0, 1.5 ], "rotation": 90 },
						"down": { "texture": "#oak-h", "uv": [ 0.0, 0.0, 1.0, 1.5 ], "rotation": 90 }
					},
					"children": [
						{
							"name": "LeftBeam5",
							"from": [ 15.0, 0.0, 0.0 ],
							"to": [ 16.8, 10.0, 1.3 ],
							"rotationOrigin": [ 15.0, 0.0, 0.0 ],
							"faces": {
								"north": { "texture": "#oak-h", "uv": [ 3.5, 0.0, 13.5, 1.5 ], "rotation": 90 },
								"east": { "texture": "#oak-h", "uv": [ 3.0, 0.0, 13.0, 1.0 ], "rotation": 90 },
								"south": { "texture": "#oak-h", "uv": [ 3.5, 0.0, 13.5, 1.5 ], "rotation": 90 },
								"west": { "texture": "#oak-h", "uv": [ 4.0, 0.0, 14.0, 1.0 ], "rotation": 90 },
								"up": { "texture": "#oak-h", "uv": [ 0.0, 0.0, 1.0, 1.5 ], "rotation": 90 },
								"down": { "texture": "#oak-h", "uv": [ 0.0, 0.0, 1.0, 1.5 ], "rotation": 90 }
							}
						},
						{
							"name": "LeftBeam8",
							"from": [ 30.0, 0.0, 0.0 ],
							"to": [ 31.8, 10.0, 1.3 ],
							"rotationOrigin": [ 15.0, 0.0, 0.0 ],
							"faces": {
								"north": { "texture": "#oak-h", "uv": [ 3.5, 0.0, 13.5, 1.5 ], "rotation": 90 },
								"east": { "texture": "#oak-h", "uv": [ 3.0, 0.0, 13.0, 1.0 ], "rotation": 90 },
								"south": { "texture": "#oak-h", "uv": [ 3.5, 0.0, 13.5, 1.5 ], "rotation": 90 },
								"west": { "texture": "#oak-h", "uv": [ 4.0, 0.0, 14.0, 1.0 ], "rotation": 90 },
								"up": { "texture": "#oak-h", "uv": [ 0.0, 0.0, 1.0, 1.5 ], "rotation": 90 },
								"down": { "texture": "#oak-h", "uv": [ 0.0, 0.0, 1.0, 1.5 ], "rotation": 90 }
							}
						},
						{
							"name": "Board4",
							"from": [ -4.3, 1.0, -0.5 ],
							"to": [ 11.7, 3.0, 0.0 ],
							"rotationOrigin": [ -4.3, 1.0, -0.5 ],
							"faces": {
								"north": { "texture": "#oak", "uv": [ 0.0, 0.0, 16.0, 2.0 ] },
								"east": { "texture": "#oak", "uv": [ 0.0, 0.0, 0.5, 2.0 ] },
								"south": { "texture": "#oak", "uv": [ 0.0, 0.0, 16.0, 2.0 ] },
								"west": { "texture": "#oak", "uv": [ 0.0, 0.0, 0.5, 2.0 ] },
								"up": { "texture": "#oak", "uv": [ 0.0, 0.0, 16.0, 0.5 ] },
								"down": { "texture": "#oak", "uv": [ 0.0, 0.0, 16.0, 0.5 ] }
							},
							"children": [
								{
									"name": "Board8",
									"from": [ 16.0, 0.0, 0.0 ],
									"to": [ 32.0, 2.0, 0.5 ],
									"rotationOrigin": [ 16.0, 0.0, 0.0 ],
									"faces": {
										"north": { "texture": "#oak", "uv": [ 0.0, 0.0, 16.0, 2.0 ] },
										"east": { "texture": "#oak", "uv": [ 0.0, 0.0, 0.5, 2.0 ] },
										"south": { "texture": "#oak", "uv": [ 0.0, 0.0, 16.0, 2.0 ] },
										"west": { "texture": "#oak", "uv": [ 0.0, 0.0, 0.5, 2.0 ] },
										"up": { "texture": "#oak", "uv": [ 0.0, 0.0, 16.0, 0.5 ] },
										"down": { "texture": "#oak", "uv": [ 0.0, 0.0, 16.0, 0.5 ] }
									}
								},
								{
									"name": "Board12",
									"from": [ 32.0, 0.0, 0.0 ],
									"to": [ 40.1, 2.0, 0.5 ],
									"rotationOrigin": [ 32.0, 0.0, 0.0 ],
									"faces": {
										"north": { "texture": "#oak", "uv": [ 0.0, 0.0, 8.0, 2.0 ] },
										"east": { "texture": "#oak", "uv": [ 0.0, 0.0, 0.5, 2.0 ] },
										"south": { "texture": "#oak", "uv": [ 0.0, 0.0, 8.0, 2.0 ] },
										"west": { "texture": "#oak", "uv": [ 0.0, 0.0, 0.5, 2.0 ] },
										"up": { "texture": "#oak", "uv": [ 0.0, 0.0, 8.0, 0.5 ] },
										"down": { "texture": "#oak", "uv": [ 0.0, 0.0, 8.0, 0.5 ] }
									}
								}
							]
						},
						{
							"name": "Board13",
							"from": [ -4.8, 4.0, -0.5 ],
							"to": [ 9.2, 6.0, 0.0 ],
							"rotationOrigin": [ -4.8, 4.0, -0.5 ],
							"faces": {
								"north": { "texture": "#oak", "uv": [ 0.0, 1.0, 14.0, 3.0 ] },
								"east": { "texture": "#oak", "uv": [ 0.0, 0.0, 0.5, 2.0 ] },
								"south": { "texture": "#oak", "uv": [ 0.0, 1.5, 14.0, 3.5 ] },
								"west": { "texture": "#oak", "uv": [ 0.0, 0.0, 0.5, 2.0 ] },
								"up": { "texture": "#oak", "uv": [ 0.0, 0.0, 14.0, 0.5 ] },
								"down": { "texture": "#oak", "uv": [ 0.0, 0.0, 14.0, 0.5 ] }
							},
							"children": [
								{
									"name": "Board14",
									"from": [ 14.0, 0.0, 0.0 ],
									"to": [ 30.0, 2.0, 0.5 ],
									"rotationOrigin": [ 14.0, 0.0, 0.0 ],
									"faces": {
										"north": { "texture": "#oak", "uv": [ 0.0, 0.0, 16.0, 2.0 ] },
										"east": { "texture": "#oak", "uv": [ 0.0, 0.0, 0.5, 2.0 ] },
										"south": { "texture": "#oak", "uv": [ 0.0, 0.0, 16.0, 2.0 ] },
										"west": { "texture": "#oak", "uv": [ 0.0, 0.0, 0.5, 2.0 ] },
										"up": { "texture": "#oak", "uv": [ 0.0, 0.0, 16.0, 0.5 ] },
										"down": { "texture": "#oak", "uv": [ 0.0, 0.0, 16.0, 0.5 ] }
									}
								},
								{
									"name": "Board15",
									"from": [ 30.0, 0.0, 0.0 ],
									"to": [ 41.1, 2.0, 0.5 ],
									"rotationOrigin": [ 30.0, 0.0, 0.0 ],
									"faces": {
										"north": { "texture": "#oak", "uv": [ 0.0, 2.5, 11.0, 4.5 ] },
										"east": { "texture": "#oak", "uv": [ 0.0, 0.0, 0.5, 2.0 ] },
										"south": { "texture": "#oak", "uv": [ 0.0, 1.0, 11.0, 3.0 ] },
										"west": { "texture": "#oak", "uv": [ 0.0, 0.0, 0.5, 2.0 ] },
										"up": { "texture": "#oak", "uv": [ 0.0, 0.0, 11.0, 0.5 ] },
										"down": { "texture": "#oak", "uv": [ 0.0, 0.0, 11.0, 0.5 ] }
									}
								}
							]
						},
						{
							"name": "Board16",
							"from": [ -5.3, 7.0, -0.5 ],
							"to": [ 10.7, 9.0, 0.0 ],
							"rotationOrigin": [ -5.3, 7.0, -0.5 ],
							"faces": {
								"north": { "texture": "#oak", "uv": [ 0.0, 0.0, 16.0, 2.0 ] },
								"east": { "texture": "#oak", "uv": [ 0.0, 0.0, 0.5, 2.0 ] },
								"south": { "texture": "#oak", "uv": [ 0.0, 0.0, 16.0, 2.0 ] },
								"west": { "texture": "#oak", "uv": [ 0.0, 0.0, 0.5, 2.0 ] },
								"up": { "texture": "#oak", "uv": [ 0.0, 0.0, 16.0, 0.5 ] },
								"down": { "texture": "#oak", "uv": [ 0.0, 0.0, 16.0, 0.5 ] }
							},
							"children": [
								{
									"name": "Board17",
									"from": [ 16.0, 0.0, 0.0 ],
									"to": [ 32.0, 2.0, 0.5 ],
									"rotationOrigin": [ 16.0, 0.0, 0.0 ],
									"faces": {
										"north": { "texture": "#oak", "uv": [ 0.0, 2.5, 16.0, 4.5 ] },
										"east": { "texture": "#oak", "uv": [ 0.0, 0.0, 0.5, 2.0 ] },
										"south": { "texture": "#oak", "uv": [ 0.0, 1.0, 16.0, 3.0 ] },
										"west": { "texture": "#oak", "uv": [ 0.0, 0.0, 0.5, 2.0 ] },
										"up": { "texture": "#oak", "uv": [ 0.0, 0.0, 16.0, 0.5 ] },
										"down": { "texture": "#oak", "uv": [ 0.0, 0.0, 16.0, 0.5 ] }
									}
								},
								{
									"name": "Board18",
									"from": [ 32.0, 0.0, 0.0 ],
									"to": [ 42.1, 2.0, 0.5 ],
									"rotationOrigin": [ 32.0, 0.0, 0.0 ],
									"faces": {
										"north": { "texture": "#oak", "uv": [ 0.0, 0.0, 10.0, 2.0 ] },
										"east": { "texture": "#oak", "uv": [ 0.0, 0.0, 0.5, 2.0 ] },
										"south": { "texture": "#oak", "uv": [ 0.0, 0.0, 10.0, 2.0 ] },
										"west": { "texture": "#oak", "uv": [ 0.0, 0.0, 0.5, 2.0 ] },
										"up": { "texture": "#oak", "uv": [ 0.0, 0.0, 10.0, 0.5 ] },
										"down": { "texture": "#oak", "uv": [ 0.0, 0.0, 10.0, 0.5 ] }
									}
								}
							]
						},
						{
							"name": "Nail4",
							"from": [ 0.65, 1.7, -0.7 ],
							"to": [ 1.15, 2.2, 1.5 ],
							"rotationOrigin": [ 0.6, 1.7, -0.7 ],
							"faces": {
								"north": { "texture": "#iron", "uv": [ 0.0, 0.0, 0.5, 0.5 ] },
								"east": { "texture": "#iron", "uv": [ 0.0, 0.0, 2.0, 0.5 ] },
								"south": { "texture": "#iron", "uv": [ 0.0, 0.0, 0.5, 0.5 ] },
								"west": { "texture": "#iron", "uv": [ 0.0, 0.0, 2.0, 0.5 ] },
								"up": { "texture": "#iron", "uv": [ 0.0, 0.0, 0.5, 2.0 ] },
								"down": { "texture": "#iron", "uv": [ 0.0, 0.0, 0.5, 2.0 ] }
							},
							"children": [
								{
									"name": "Nail8",
									"from": [ 0.0, 3.0, 0.0 ],
									"to": [ 0.5, 3.5, 2.2 ],
									"rotationOrigin": [ 0.0, 3.0, 0.0 ],
									"faces": {
										"north": { "texture": "#iron", "uv": [ 0.0, 0.0, 0.5, 0.5 ] },
										"east": { "texture": "#iron", "uv": [ 0.0, 0.0, 2.0, 0.5 ] },
										"south": { "texture": "#iron", "uv": [ 0.0, 0.0, 0.5, 0.5 ] },
										"west": { "texture": "#iron", "uv": [ 0.0, 0.0, 2.0, 0.5 ] },
										"up": { "texture": "#iron", "uv": [ 0.0, 0.0, 0.5, 2.0 ] },
										"down": { "texture": "#iron", "uv": [ 0.0, 0.0, 0.5, 2.0 ] }
									}
								},
								{
									"name": "Nail12",
									"from": [ 0.0, 6.0, 0.0 ],
									"to": [ 0.5, 6.5, 2.2 ],
									"rotationOrigin": [ 0.0, 6.0, 0.0 ],
									"faces": {
										"north": { "texture": "#iron", "uv": [ 0.0, 0.0, 0.5, 0.5 ] },
										"east": { "texture": "#iron", "uv": [ 0.0, 0.0, 2.0, 0.5 ] },
										"south": { "texture": "#iron", "uv": [ 0.0, 0.0, 0.5, 0.5 ] },
										"west": { "texture": "#iron", "uv": [ 0.0, 0.0, 2.0, 0.5 ] },
										"up": { "texture": "#iron", "uv": [ 0.0, 0.0, 0.5, 2.0 ] },
										"down": { "texture": "#iron", "uv": [ 0.0, 0.0, 0.5, 2.0 ] }
									}
								},
								{
									"name": "Nail13",
									"from": [ 15.0, 0.0, 0.0 ],
									"to": [ 15.5, 0.5, 2.2 ],
									"rotationOrigin": [ 15.0, 0.0, 0.0 ],
									"faces": {
										"north": { "texture": "#iron", "uv": [ 0.0, 0.0, 0.5, 0.5 ] },
										"east": { "texture": "#iron", "uv": [ 0.0, 0.0, 2.0, 0.5 ] },
										"south": { "texture": "#iron", "uv": [ 0.0, 0.0, 0.5, 0.5 ] },
										"west": { "texture": "#iron", "uv": [ 0.0, 0.0, 2.0, 0.5 ] },
										"up": { "texture": "#iron", "uv": [ 0.0, 0.0, 0.5, 2.0 ] },
										"down": { "texture": "#iron", "uv": [ 0.0, 0.0, 0.5, 2.0 ] }
									},
									"children": [
										{
											"name": "Nail14",
											"from": [ 0.0, 3.0, 0.0 ],
											"to": [ 0.5, 3.5, 2.2 ],
											"rotationOrigin": [ 0.0, 3.0, 0.0 ],
											"faces": {
												"north": { "texture": "#iron", "uv": [ 0.0, 0.0, 0.5, 0.5 ] },
												"east": { "texture": "#iron", "uv": [ 0.0, 0.0, 2.0, 0.5 ] },
												"south": { "texture": "#iron", "uv": [ 0.0, 0.0, 0.5, 0.5 ] },
												"west": { "texture": "#iron", "uv": [ 0.0, 0.0, 2.0, 0.5 ] },
												"up": { "texture": "#iron", "uv": [ 0.0, 0.0, 0.5, 2.0 ] },
												"down": { "texture": "#iron", "uv": [ 0.0, 0.0, 0.5, 2.0 ] }
											}
										},
										{
											"name": "Nail15",
											"from": [ 0.0, 6.0, 0.0 ],
											"to": [ 0.5, 6.5, 2.2 ],
											"rotationOrigin": [ 0.0, 6.0, 0.0 ],
											"faces": {
												"north": { "texture": "#iron", "uv": [ 0.0, 0.0, 0.5, 0.5 ] },
												"east": { "texture": "#iron", "uv": [ 0.0, 0.0, 2.0, 0.5 ] },
												"south": { "texture": "#iron", "uv": [ 0.0, 0.0, 0.5, 0.5 ] },
												"west": { "texture": "#iron", "uv": [ 0.0, 0.0, 2.0, 0.5 ] },
												"up": { "texture": "#iron", "uv": [ 0.0, 0.0, 0.5, 2.0 ] },
												"down": { "texture": "#iron", "uv": [ 0.0, 0.0, 0.5, 2.0 ] }
											}
										}
									]
								},
								{
									"name": "Nail16",
									"from": [ 30.0, 0.0, 0.0 ],
									"to": [ 30.5, 0.5, 2.2 ],
									"rotationOrigin": [ 30.0, 0.0, 0.0 ],
									"faces": {
										"north": { "texture": "#iron", "uv": [ 0.0, 0.0, 0.5, 0.5 ] },
										"east": { "texture": "#iron", "uv": [ 0.0, 0.0, 2.0, 0.5 ] },
										"south": { "texture": "#iron", "uv": [ 0.0, 0.0, 0.5, 0.5 ] },
										"west": { "texture": "#iron", "uv": [ 0.0, 0.0, 2.0, 0.5 ] },
										"up": { "texture": "#iron", "uv": [ 0.0, 0.0, 0.5, 2.0 ] },
										"down": { "texture": "#iron", "uv": [ 0.0, 0.0, 0.5, 2.0 ] }
									},
									"children": [
										{
											"name": "Nail17",
											"from": [ 0.0, 3.0, 0.0 ],
											"to": [ 0.5, 3.5, 2.2 ],
											"rotationOrigin": [ 0.0, 3.0, 0.0 ],
											"faces": {
												"north": { "texture": "#iron", "uv": [ 0.0, 0.0, 0.5, 0.5 ] },
												"east": { "texture": "#iron", "uv": [ 0.0, 0.0, 2.0, 0.5 ] },
												"south": { "texture": "#iron", "uv": [ 0.0, 0.0, 0.5, 0.5 ] },
												"west": { "texture": "#iron", "uv": [ 0.0, 0.0, 2.0, 0.5 ] },
												"up": { "texture": "#iron", "uv": [ 0.0, 0.0, 0.5, 2.0 ] },
												"down": { "texture": "#iron", "uv": [ 0.0, 0.0, 0.5, 2.0 ] }
											}
										},
										{
											"name": "Nail18",
											"from": [ 0.0, 6.0, 0.0 ],
											"to": [ 0.5, 6.5, 2.2 ],
											"rotationOrigin": [ 0.0, 6.0, 0.0 ],
											"faces": {
												"north": { "texture": "#iron", "uv": [ 0.0, 0.0, 0.5, 0.5 ] },
												"east": { "texture": "#iron", "uv": [ 0.0, 0.0, 2.0, 0.5 ] },
												"south": { "texture": "#iron", "uv": [ 0.0, 0.0, 0.5, 0.5 ] },
												"west": { "texture": "#iron", "uv": [ 0.0, 0.0, 2.0, 0.5 ] },
												"up": { "texture": "#iron", "uv": [ 0.0, 0.0, 0.5, 2.0 ] },
												"down": { "texture": "#iron", "uv": [ 0.0, 0.0, 0.5, 2.0 ] }
											}
										}
									]
								}
							]
						},
						{
							"name": "Board19",
							"from": [ -5.8, 10.0, -0.5 ],
							"to": [ 10.2, 12.0, 0.0 ],
							"rotationOrigin": [ -5.8, 10.0, -0.5 ],
							"faces": {
								"north": { "texture": "#oak", "uv": [ 0.0, 0.0, 16.0, 2.0 ] },
								"east": { "texture": "#oak", "uv": [ 0.0, 0.0, 0.5, 2.0 ] },
								"south": { "texture": "#oak", "uv": [ 0.0, 0.0, 16.0, 2.0 ] },
								"west": { "texture": "#oak", "uv": [ 0.0, 0.0, 0.5, 2.0 ] },
								"up": { "texture": "#oak", "uv": [ 0.0, 0.0, 16.0, 0.5 ] },
								"down": { "texture": "#oak", "uv": [ 0.0, 0.0, 16.0, 0.5 ] }
							},
							"children": [
								{
									"name": "Board20",
									"from": [ 16.0, 0.0, 0.0 ],
									"to": [ 32.0, 2.0, 0.5 ],
									"rotationOrigin": [ 16.0, 0.0, 0.0 ],
									"faces": {
										"north": { "texture": "#oak", "uv": [ 0.0, 2.5, 16.0, 4.5 ] },
										"east": { "texture": "#oak", "uv": [ 0.0, 0.0, 0.5, 2.0 ] },
										"south": { "texture": "#oak", "uv": [ 0.0, 1.0, 16.0, 3.0 ] },
										"west": { "texture": "#oak", "uv": [ 0.0, 0.0, 0.5, 2.0 ] },
										"up": { "texture": "#oak", "uv": [ 0.0, 0.0, 16.0, 0.5 ] },
										"down": { "texture": "#oak", "uv": [ 0.0, 0.0, 16.0, 0.5 ] }
									}
								},
								{
									"name": "Board21",
									"from": [ 32.0, 0.0, 0.0 ],
									"to": [ 43.1, 2.0, 0.5 ],
									"rotationOrigin": [ 32.0, 0.0, 0.0 ],
									"faces": {
										"north": { "texture": "#oak", "uv": [ 0.0, 0.0, 11.0, 2.0 ] },
										"east": { "texture": "#oak", "uv": [ 0.0, 0.0, 0.5, 2.0 ] },
										"south": { "texture": "#oak", "uv": [ 0.0, 0.0, 11.0, 2.0 ] },
										"west": { "texture": "#oak", "uv": [ 0.0, 0.0, 0.5, 2.0 ] },
										"up": { "texture": "#oak", "uv": [ 0.0, 0.0, 11.0, 0.5 ] },
										"down": { "texture": "#oak", "uv": [ 0.0, 0.0, 11.0, 0.5 ] }
									}
								}
							]
						},
						{
							"name": "Nail19",
							"from": [ 0.65, 10.7, -0.7 ],
							"to": [ 1.15, 11.2, 1.5 ],
							"rotationOrigin": [ 0.6, 10.7, -0.7 ],
							"faces": {
								"north": { "texture": "#iron", "uv": [ 0.0, 0.0, 0.5, 0.5 ] },
								"east": { "texture": "#iron", "uv": [ 0.0, 0.0, 2.0, 0.5 ] },
								"south": { "texture": "#iron", "uv": [ 0.0, 0.0, 0.5, 0.5 ] },
								"west": { "texture": "#iron", "uv": [ 0.0, 0.0, 2.0, 0.5 ] },
								"up": { "texture": "#iron", "uv": [ 0.0, 0.0, 0.5, 2.0 ] },
								"down": { "texture": "#iron", "uv": [ 0.0, 0.0, 0.5, 2.0 ] }
							},
							"children": [
								{
									"name": "Nail22",
									"from": [ 15.0, 0.0, 0.0 ],
									"to": [ 15.5, 0.5, 2.2 ],
									"rotationOrigin": [ 15.0, 0.0, 0.0 ],
									"faces": {
										"north": { "texture": "#iron", "uv": [ 0.0, 0.0, 0.5, 0.5 ] },
										"east": { "texture": "#iron", "uv": [ 0.0, 0.0, 2.0, 0.5 ] },
										"south": { "texture": "#iron", "uv": [ 0.0, 0.0, 0.5, 0.5 ] },
										"west": { "texture": "#iron", "uv": [ 0.0, 0.0, 2.0, 0.5 ] },
										"up": { "texture": "#iron", "uv": [ 0.0, 0.0, 0.5, 2.0 ] },
										"down": { "texture": "#iron", "uv": [ 0.0, 0.0, 0.5, 2.0 ] }
									}
								},
								{
									"name": "Nail25",
									"from": [ 30.0, 0.0, 0.0 ],
									"to": [ 30.5, 0.5, 2.2 ],
									"rotationOrigin": [ 30.0, 0.0, 0.0 ],
									"faces": {
										"north": { "texture": "#iron", "uv": [ 0.0, 0.0, 0.5, 0.5 ] },
										"east": { "texture": "#iron", "uv": [ 0.0, 0.0, 2.0, 0.5 ] },
										"south": { "texture": "#iron", "uv": [ 0.0, 0.0, 0.5, 0.5 ] },
										"west": { "texture": "#iron", "uv": [ 0.0, 0.0, 2.0, 0.5 ] },
										"up": { "texture": "#iron", "uv": [ 0.0, 0.0, 0.5, 2.0 ] },
										"down": { "texture": "#iron", "uv": [ 0.0, 0.0, 0.5, 2.0 ] }
									}
								}
							]
						}
					]
				},
				{
					"name": "Bindings43",
					"from": [ 25.76, 1.97, -0.81 ],
					"to": [ 26.76, 13.77, 0.29 ],
					"rotationOrigin": [ 26.26, 1.97, -0.8077 ],
					"rotationZ": -9.8,
					"faces": {
						"north": { "texture": "#mordant", "uv": [ 0.0, 0.0, 11.5, 1.0 ], "rotation": 90 },
						"east": { "texture": "#mordant", "uv": [ 0.0, 0.0, 11.5, 1.0 ], "rotation": 90 },
						"south": { "texture": "#mordant", "uv": [ 0.0, 0.0, 11.5, 1.0 ], "rotation": 90 },
						"west": { "texture": "#mordant", "uv": [ 0.0, 0.0, 11.5, 1.0 ], "rotation": 90 },
						"up": { "texture": "#mordant", "uv": [ 0.0, 0.0, 1.0, 1.0 ], "rotation": 90 },
						"down": { "texture": "#mordant", "uv": [ 0.0, 0.0, 1.0, 1.0 ], "rotation": 90 }
					},
					"children": [
						{
							"name": "Bindings45",
							"from": [ 0.0, 11.8, 0.0 ],
							"to": [ 1.0, 20.9, 1.1 ],
							"rotationOrigin": [ 0.5, 11.8, 0.0023 ],
							"rotationX": 0.0,
							"rotationY": 0.0,
							"rotationZ": 0.0,
							"faces": {
								"north": { "texture": "#mordant", "uv": [ 0.0, 0.0, 9.0, 1.0 ], "rotation": 90 },
								"east": { "texture": "#mordant", "uv": [ 0.0, 0.0, 9.0, 1.0 ], "rotation": 90 },
								"south": { "texture": "#mordant", "uv": [ 0.0, 0.0, 9.0, 1.0 ], "rotation": 90 },
								"west": { "texture": "#mordant", "uv": [ 0.0, 0.0, 9.0, 1.0 ], "rotation": 90 },
								"up": { "texture": "#mordant", "uv": [ 0.0, 0.0, 1.0, 1.0 ], "rotation": 90 },
								"down": { "texture": "#mordant", "uv": [ 0.0, 0.0, 1.0, 1.0 ], "rotation": 90 }
							}
						}
					]
				},
				{
					"name": "Bindings44",
					"from": [ -10.74, 1.97, -0.81 ],
					"to": [ -9.74, 13.77, 0.29 ],
					"rotationOrigin": [ -10.24, 1.97, -0.8077 ],
					"rotationX": 0.0,
					"rotationY": 0.0,
					"rotationZ": 9.8,
					"faces": {
						"north": { "texture": "#mordant", "uv": [ 0.0, 0.0, 11.5, 1.0 ], "rotation": 90 },
						"east": { "texture": "#mordant", "uv": [ 0.0, 0.0, 11.5, 1.0 ], "rotation": 90 },
						"south": { "texture": "#mordant", "uv": [ 0.0, 0.0, 11.5, 1.0 ], "rotation": 90 },
						"west": { "texture": "#mordant", "uv": [ 0.0, 0.0, 11.5, 1.0 ], "rotation": 90 },
						"up": { "texture": "#mordant", "uv": [ 0.0, 0.0, 1.0, 1.0 ], "rotation": 90 },
						"down": { "texture": "#mordant", "uv": [ 0.0, 0.0, 1.0, 1.0 ], "rotation": 90 }
					},
					"children": [
						{
							"name": "Bindings46",
							"from": [ 0.0, 11.8, 0.0 ],
							"to": [ 1.0, 21.0, 1.1 ],
							"rotationOrigin": [ 0.5, 11.8, 0.0023 ],
							"rotationX": 0.0,
							"rotationY": 0.0,
							"rotationZ": 0.0,
							"faces": {
								"north": { "texture": "#mordant", "uv": [ 0.0, 0.0, 9.0, 1.0 ], "rotation": 90 },
								"east": { "texture": "#mordant", "uv": [ 0.0, 0.0, 9.0, 1.0 ], "rotation": 90 },
								"south": { "texture": "#mordant", "uv": [ 0.0, 0.0, 9.0, 1.0 ], "rotation": 90 },
								"west": { "texture": "#mordant", "uv": [ 0.0, 0.0, 9.0, 1.0 ], "rotation": 90 },
								"up": { "texture": "#mordant", "uv": [ 0.0, 0.0, 1.0, 1.0 ], "rotation": 90 },
								"down": { "texture": "#mordant", "uv": [ 0.0, 0.0, 1.0, 1.0 ], "rotation": 90 }
							}
						}
					]
				}
			]
		}
	]}