{
  "version": 1,
  "patches": {
    "boolean": {
      "cartwrightscaravan:entities/land/cart.json": {
        "/fallDamage": "cartfalldamage",
        "/client/PitchStep": "cartpitch",
        "/client/behaviors/10/enabledByType/*": "cartropetieable",
        "/server/behaviors/11/enabledByType/*": "cartropetieable"
      },
      "cartwrightscaravan:entities/land/marketstall.json": {
        "/fallDamage": "marketstallfalldamage",
        "/client/PitchStep": "marketstallpitch",
        "/client/behaviors/10/enabledByType/*": "marketstallropetieable",
        "/server/behaviors/11/enabledByType/*": "marketstallropetieable"
      },
      "cartwrightscaravan:entities/land/sled.json": {
        "/fallDamage": "sledfalldamage",
        "/client/PitchStep": "sledpitch",
        "/client/behaviors/10/enabledByType/*": "sledropetieable",
        "/server/behaviors/11/enabledByType/*": "sledropetieable"
      },
      "cartwrightscaravan:patches/cartwright-configpatches.json": {
        "/0/enabled": "sledchestable",
        "/1/enabled": "sledchestable",
        "/2/enabled": "sledchestable",
        "/3/enabled": "carthealing",
        "/4/enabled": "marketstallhealing",
        "/5/enabled": "sledhealing",
        "/6/enabled": "sleddestruction",
        "/7/enabled": "marketstalldestruction",
        "/8/enabled": "cartdestruction",
        "/9/enabled": "cartdestruction"
      }
    },

    "float": {
      "cartwrightscaravan:entities/land/cart.json": {
        "/behaviorConfigs/rideable/controls/walk/movespeedByType/*-basiccart-*": "basiccartwalkspeed",
        "/behaviorConfigs/rideable/controls/sprint/movespeedByType/*-basiccart-*": "basiccartsprintspeed",
        "/behaviorConfigs/rideable/controls/walkback/movespeedByType/*-basiccart-*": "basiccartwalkbackspeed",
        "/behaviorConfigs/rideable/controls/walk/movespeedByType/*-slimcart-*": "slimcartwalkspeed",
        "/behaviorConfigs/rideable/controls/sprint/movespeedByType/*-slimcart-*": "slimcartsprintspeed",
        "/behaviorConfigs/rideable/controls/walkback/movespeedByType/*-slimcart-*": "slimcartwalkbackspeed",
        "/behaviorConfigs/rideable/controls/swim/movespeed": "cartswimspeed",
        "/client/behaviors/2/stepHeight": "cartstepheight",
        "/server/behaviors/4/stepHeight": "cartstepheight",
        "/behaviorConfigs/controlledphysics/stepHeight": "cartstepheight",
        "/behaviorConfigs/controlledphysics/stepUpSpeed": "cartstepupspeed",
        "/behaviorConfigs/health/currenthealthByType/*-slimcart-*": "slimcarthealth",
        "/behaviorConfigs/health/maxhealthByType/*-slimcart-*": "slimcarthealth",
        "/behaviorConfigs/health/currenthealthByType/*": "widecarthealth",
        "/behaviorConfigs/health/maxhealthByType/*": "widecarthealth",
        "/server/behaviors/9/maxhealthByType/*-slimcart-*": "slimcarthealth",
        "/server/behaviors/9/maxhealthByType/*": "widecarthealth"
      },
      "cartwrightscaravan:entities/land/marketstall.json": {
        "/behaviorConfigs/rideable/controls/walk/movespeed": "marketstallwalkspeed",
        "/behaviorConfigs/rideable/controls/sprint/movespeed": "marketstallsprintspeed",
        "/behaviorConfigs/rideable/controls/walkback/movespeed": "marketstallwalkbackspeed",
        "/behaviorConfigs/rideable/controls/swim/movespeed": "marketstallswimspeed",
        "/client/behaviors/2/stepHeight": "marketstallstepheight",
        "/server/behaviors/4/stepHeight": "marketstallstepheight",
        "/behaviorConfigs/controlledphysics/stepHeight": "marketstallstepheight",
        "/behaviorConfigs/controlledphysics/stepUpSpeed": "marketstallstepupspeed",
        "/behaviorConfigs/health/currenthealthByType/*": "marketstallhealth",
        "/behaviorConfigs/health/maxhealthByType/*": "marketstallhealth",
        "/server/behaviors/9/maxhealthByType/*": "marketstallhealth"
      },
      "cartwrightscaravan:entities/land/sled.json": {
        "/behaviorConfigs/rideable/controls/walk/movespeed": "sledwalkspeed",
        "/behaviorConfigs/rideable/controls/sprint/movespeed": "sledsprintspeed",
        "/behaviorConfigs/rideable/controls/walkback/movespeed": "sledwalkbackspeed",
        "/behaviorConfigs/rideable/controls/swim/movespeed": "sledswimspeed",
        "/client/behaviors/2/stepHeight": "sledstepheight",
        "/server/behaviors/4/stepHeight": "sledstepheight",
        "/behaviorConfigs/controlledphysics/stepHeight": "sledstepheight",
        "/behaviorConfigs/controlledphysics/stepUpSpeed": "sledstepupspeed",
        "/behaviorConfigs/health/currenthealthByType/*": "sledhealth",
        "/behaviorConfigs/health/maxhealthByType/*": "sledhealth",
        "/server/behaviors/9/maxhealthByType/*": "sledhealth"
      }
    }
  },
  "settings": [
    {
      "type": "separator",
      "title": "Behaviors",
      "weight": 1.0
    },
    {
      "type": "separator",
      "text": "Cart Behavior",
      "weight": 1.0
    },
    {
      "code": "cartfalldamage",
      "type": "boolean",
      "ingui": "setting-falldamage",
      "default": false
    },
    {
      "code": "cartpitch",
      "type": "boolean",
      "ingui": "setting-pitch",
      "default": true
    },
    {
      "code": "carthealing",
      "type": "boolean",
      "ingui": "setting-healing",
      "default": false
    },
    {
      "code": "cartstepheight",
      "type": "float",
      "ingui": "setting-stepheight",
      "default": 1.2,
      "range": {
        "min": 0.2,
        "max": 1.2,
        "step": 0.1
      }
    },
    {
      "code": "cartstepupspeed",
      "type": "float",
      "ingui": "setting-stepupspeed",
      "default": 0.2,
      "range": {
        "min": 0.1,
        "max": 1.0,
        "step": 0.01
      }
    },
    {
      "code": "slimcarthealth",
      "type": "float",
      "ingui": "setting-slimcarthealth",
      "default": 150,
      "range": {
        "min": 10,
        "max": 500,
        "step": 10
      }
    },
    {
      "code": "widecarthealth",
      "type": "float",
      "ingui": "setting-widecarthealth",
      "default": 180,
      "range": {
        "min": 10,
        "max": 500,
        "step": 10
      }
    },
    {
      "code": "cartdestruction",
      "type": "boolean",
      "ingui": "setting-destruction",
      "default": false
    },
    {
      "type": "separator",
      "text": "Marktestall & Wheelbarrow Behavior",
      "weight": 1.0
    },
    {
      "code": "marketstallfalldamage",
      "type": "boolean",
      "ingui": "setting-falldamage",
      "default": false
    },
    {
      "code": "marketstallpitch",
      "type": "boolean",
      "ingui": "setting-pitch",
      "default": false
    },
    {
      "code": "marketstallhealing",
      "type": "boolean",
      "ingui": "setting-healing",
      "default": false
    },
    {
      "code": "marketstallstepheight",
      "type": "float",
      "ingui": "setting-stepheight",
      "default": 1.2,
      "range": {
        "min": 0.2,
        "max": 1.2,
        "step": 0.1
      }
    },
    {
      "code": "marketstallstepupspeed",
      "type": "float",
      "ingui": "setting-stepupspeed",
      "default": 0.2,
      "range": {
        "min": 0.1,
        "max": 1.0,
        "step": 0.01
      }
    },
    {
      "code": "marketstallhealth",
      "type": "float",
      "ingui": "setting-marketstallhealth",
      "default": 120,
      "range": {
        "min": 10,
        "max": 500,
        "step": 10
      }
    },
    {
      "code": "marketstalldestruction",
      "type": "boolean",
      "ingui": "setting-destruction",
      "default": false
    },
    {
      "type": "separator",
      "text": "Sled Behavior",
      "weight": 1.0
    },
    {
      "code": "sledfalldamage",
      "type": "boolean",
      "ingui": "setting-falldamage",
      "default": false
    },
    {
      "code": "sledpitch",
      "type": "boolean",
      "ingui": "setting-pitch",
      "default": false
    },
    {
      "code": "sledhealing",
      "type": "boolean",
      "ingui": "setting-healing",
      "default": false
    },
    {
      "code": "sledstepheight",
      "type": "float",
      "ingui": "setting-stepheight",
      "default": 1.2,
      "range": {
        "min": 0.2,
        "max": 1.2,
        "step": 0.1
      }
    },
    {
      "code": "sledstepupspeed",
      "type": "float",
      "ingui": "setting-stepupspeed",
      "default": 0.2,
      "range": {
        "min": 0.1,
        "max": 1.0,
        "step": 0.01
      }
    },
    {
      "code": "sledhealth",
      "type": "float",
      "ingui": "setting-sledhealth",
      "default": 90,
      "range": {
        "min": 10,
        "max": 500,
        "step": 10
      }
    },
    {
      "code": "sledchestable",
      "type": "boolean",
      "ingui": "setting-sledchestable",
      "default": false
    },
    {
      "code": "sleddestruction",
      "type": "boolean",
      "ingui": "setting-destruction",
      "default": false
    },
    {
      "type": "separator",
      "title": "Speeds",
      "weight": 1.0
    },
    {
      "type": "separator",
      "text": "Walk Speed",
      "weight": 1.0
    },
    {
      "code": "basiccartwalkspeed",
      "type": "float",
      "ingui": "setting-basiccart",
      "default": 0.015,
      "range": {
        "min": 0.010,
        "max": 0.050,
        "step": 0.001
      }
    },
    {
      "code": "slimcartwalkspeed",
      "type": "float",
      "ingui": "setting-slimcart",
      "default": 0.016,
      "range": {
        "min": 0.010,
        "max": 0.050,
        "step": 0.001
      }
    },
    {
      "code": "marketstallwalkspeed",
      "type": "float",
      "ingui": "setting-marketstall",
      "default": 0.017,
      "range": {
        "min": 0.010,
        "max": 0.050,
        "step": 0.001
      }
    },
    {
      "code": "sledwalkspeed",
      "type": "float",
      "ingui": "setting-sled",
      "default": 0.025,
      "range": {
        "min": 0.010,
        "max": 0.050,
        "step": 0.001
      }
    },
    {
      "type": "separator",
      "text": "Sprint Speed",
      "weight": 1.0
    },
    {
      "code": "basiccartsprintspeed",
      "type": "float",
      "ingui": "setting-basiccart",
      "default": 0.040,
      "range": {
        "min": 0.020,
        "max": 0.100,
        "step": 0.001
      }
    },
    {
      "code": "slimcartsprintspeed",
      "type": "float",
      "ingui": "setting-slimcart",
      "default": 0.045,
      "range": {
        "min": 0.020,
        "max": 0.100,
        "step": 0.001
      }
    },
    {
      "code": "marketstallsprintspeed",
      "type": "float",
      "ingui": "setting-marketstall",
      "default": 0.048,
      "range": {
        "min": 0.020,
        "max": 0.100,
        "step": 0.001
      }
    },
    {
      "code": "sledsprintspeed",
      "type": "float",
      "ingui": "setting-sled",
      "default": 0.05,
      "range": {
        "min": 0.020,
        "max": 0.100,
        "step": 0.001
      }
    },
    {
      "type": "separator",
      "text": "Backwards Speed",
      "weight": 1.0
    },
    {
      "code": "basiccartwalkbackspeed",
      "type": "float",
      "ingui": "setting-basiccart",
      "default": 0.007,
      "range": {
        "min": 0.001,
        "max": 0.040,
        "step": 0.001
      }
    },
    {
      "code": "slimcartwalkbackspeed",
      "type": "float",
      "ingui": "setting-slimcart",
      "default": 0.008,
      "range": {
        "min": 0.001,
        "max": 0.040,
        "step": 0.001
      }
    },
    {
      "code": "marketstallwalkbackspeed",
      "type": "float",
      "ingui": "setting-marketstall",
      "default": 0.01,
      "range": {
        "min": 0.001,
        "max": 0.040,
        "step": 0.001
      }
    },
    {
      "code": "sledwalkbackspeed",
      "type": "float",
      "ingui": "setting-sled",
      "default": 0.022,
      "range": {
        "min": 0.001,
        "max": 0.040,
        "step": 0.001
      }
    },
    {
      "type": "separator",
      "text": "Swim Speed",
      "weight": 1.0
    },
    {
      "code": "cartswimspeed",
      "type": "float",
      "ingui": "setting-cart",
      "default": 0.020,
      "range": {
        "min": 0.001,
        "max": 0.050,
        "step": 0.001
      }
    },
    {
      "code": "marketstallswimspeed",
      "type": "float",
      "ingui": "setting-marketstall",
      "default": 0.020,
      "range": {
        "min": 0.001,
        "max": 0.050,
        "step": 0.001
      }
    },
    {
      "code": "sledswimspeed",
      "type": "float",
      "ingui": "setting-sled",
      "default": 0.020,
      "range": {
        "min": 0.001,
        "max": 0.050,
        "step": 0.001
      }
    },
    {
      "type": "separator",
      "title": "Experimental",
      "weight": 1.0
    },
    {
      "type": "separator",
      "text": "Allow Vehicles to be pulled by rope (very janky!)",
      "weight": 1.0
    },
    {
      "code": "cartropetieable",
      "type": "boolean",
      "ingui": "setting-cartropetieable",
      "default": false
    },
    {
      "code": "marketstallropetieable",
      "type": "boolean",
      "ingui": "setting-marketstallropetieable",
      "default": false
    },
    {
      "code": "sledropetieable",
      "type": "boolean",
      "ingui": "setting-sledropetieable",
      "default": false
    }
  ]
}
