{
	"editor": {
		"backDropShape": "entity/humanoid/seraph",
		"allAngles": true,
		"entityTextureMode": true
	},
	"textureWidth": 64,
	"textureHeight": 64,
	"textureSizes": {
	},
	"textures": {
	},
	"elements": [
		{
			"name": "ArmorLowerLegL",
			"stepParentName": "LowerFootL",
			"from": [ -0.225, 1.8, -0.15 ],
			"to": [ 2.025, 6.3, 2.4 ],
			"unwrapMode": 4,
			"uv": [ 12.5, 43.0 ],
			"rotationOrigin": [ 0.0, 1.8, 0.0 ],
			"faces": {
				"north": { "texture": "#material", "uv": [ 12.5, 46.0, 15.5, 52.0 ], "autoUv": false },
				"east": { "texture": "#material", "uv": [ 21.5, 46.0, 24.5, 52.0 ], "autoUv": false },
				"south": { "texture": "#material", "uv": [ 18.5, 46.0, 21.5, 52.0 ], "autoUv": false },
				"west": { "texture": "#material", "uv": [ 15.5, 46.0, 18.5, 52.0 ], "autoUv": false },
				"up": { "texture": "#material", "uv": [ 15.5, 43.0, 18.5, 46.0 ], "rotation": 90, "autoUv": false },
				"down": { "texture": "#material", "uv": [ 15.5, 52.0, 18.5, 55.0 ], "rotation": 90, "autoUv": false }
			},
			"children": [
				{
					"name": "ArmorLowerLegLStrap1",
					"from": [ 2.25, 0.75, 0.0375 ],
					"to": [ 3.375, 1.125, 2.5125 ],
					"uv": [ 47.5, 23.0 ],
					"rotationOrigin": [ 2.25, 0.75, 0.075 ],
					"faces": {
						"north": { "texture": "#material", "uv": [ 47.5, 26.0, 49.0, 26.5 ], "autoUv": false },
						"east": { "texture": "#material", "uv": [ 49.0, 26.0, 52.0, 26.5 ], "autoUv": false },
						"south": { "texture": "#material", "uv": [ 52.0, 26.0, 53.5, 26.5 ], "autoUv": false },
						"up": { "texture": "#material", "uv": [ 47.5, 23.0, 49.0, 26.0 ], "autoUv": false },
						"down": { "texture": "#material", "uv": [ 49.0, 23.0, 50.5, 26.0 ], "autoUv": false }
					}
				},
				{
					"name": "ArmorLowerLegLStrap3",
					"from": [ 2.25, 3.75, 0.0375 ],
					"to": [ 3.375, 4.125, 2.5125 ],
					"uv": [ 46.5, 23.5 ],
					"rotationOrigin": [ 2.25, 3.75, 0.075 ],
					"faces": {
						"north": { "texture": "#material", "uv": [ 46.5, 26.5, 48.0, 27.0 ], "autoUv": false },
						"east": { "texture": "#material", "uv": [ 48.0, 26.5, 51.0, 27.0 ], "autoUv": false },
						"south": { "texture": "#material", "uv": [ 51.0, 26.5, 52.5, 27.0 ], "autoUv": false },
						"up": { "texture": "#material", "uv": [ 46.5, 23.5, 48.0, 26.5 ], "autoUv": false },
						"down": { "texture": "#material", "uv": [ 48.0, 23.5, 49.5, 26.5 ], "autoUv": false }
					}
				},
				{
					"name": "ArmorLowerLegLStrap2",
					"from": [ 2.25, 2.25, 0.0375 ],
					"to": [ 3.375, 2.625, 2.5125 ],
					"uv": [ 46.5, 23.0 ],
					"rotationOrigin": [ 2.25, 2.25, 0.075 ],
					"faces": {
						"north": { "texture": "#material", "uv": [ 46.5, 26.0, 48.0, 26.5 ], "autoUv": false },
						"east": { "texture": "#material", "uv": [ 48.0, 26.0, 51.0, 26.5 ], "autoUv": false },
						"south": { "texture": "#material", "uv": [ 51.0, 26.0, 52.5, 26.5 ], "autoUv": false },
						"up": { "texture": "#material", "uv": [ 46.5, 23.0, 48.0, 26.0 ], "autoUv": false },
						"down": { "texture": "#material", "uv": [ 48.0, 23.0, 49.5, 26.0 ], "autoUv": false }
					}
				}
			]
		},
		{
			"name": "ArmorLowerLegR",
			"stepParentName": "LowerFootR",
			"from": [ -0.225, 1.8, -0.15 ],
			"to": [ 2.025, 6.3, 2.4 ],
			"unwrapMode": 4,
			"uv": [ 0.5, 43.0 ],
			"rotationOrigin": [ 0.0, 1.8, 1.5 ],
			"faces": {
				"north": { "texture": "#material", "uv": [ 0.5, 46.0, 3.5, 52.0 ], "autoUv": false },
				"east": { "texture": "#material", "uv": [ 9.5, 46.0, 12.5, 52.0 ], "autoUv": false },
				"south": { "texture": "#material", "uv": [ 6.5, 46.0, 9.5, 52.0 ], "autoUv": false },
				"west": { "texture": "#material", "uv": [ 3.5, 46.0, 6.5, 52.0 ], "autoUv": false },
				"up": { "texture": "#material", "uv": [ 3.5, 43.0, 6.5, 46.0 ], "rotation": 90, "autoUv": false },
				"down": { "texture": "#material", "uv": [ 3.5, 52.0, 6.5, 55.0 ], "rotation": 90, "autoUv": false }
			},
			"children": [
				{
					"name": "ArmorLowerLegRStrap3",
					"from": [ 2.25, 0.75, 0.0375 ],
					"to": [ 3.375, 1.125, 2.5125 ],
					"uv": [ 47.5, 23.0 ],
					"rotationOrigin": [ 2.25, 0.75, 0.075 ],
					"faces": {
						"north": { "texture": "#material", "uv": [ 47.5, 26.0, 49.0, 26.5 ], "autoUv": false },
						"east": { "texture": "#material", "uv": [ 49.0, 26.0, 52.0, 26.5 ], "autoUv": false },
						"south": { "texture": "#material", "uv": [ 52.0, 26.0, 53.5, 26.5 ], "autoUv": false },
						"up": { "texture": "#material", "uv": [ 47.5, 23.0, 49.0, 26.0 ], "autoUv": false },
						"down": { "texture": "#material", "uv": [ 49.0, 23.0, 50.5, 26.0 ], "autoUv": false }
					}
				},
				{
					"name": "ArmorLowerLegRStrap1",
					"from": [ 2.25, 3.75, 0.0375 ],
					"to": [ 3.375, 4.125, 2.5125 ],
					"uv": [ 47.0, 23.5 ],
					"rotationOrigin": [ 2.25, 3.75, 0.075 ],
					"faces": {
						"north": { "texture": "#material", "uv": [ 47.0, 26.5, 48.5, 27.0 ], "autoUv": false },
						"east": { "texture": "#material", "uv": [ 48.5, 26.5, 51.5, 27.0 ], "autoUv": false },
						"south": { "texture": "#material", "uv": [ 51.5, 26.5, 53.0, 27.0 ], "autoUv": false },
						"up": { "texture": "#material", "uv": [ 47.0, 23.5, 48.5, 26.5 ], "autoUv": false },
						"down": { "texture": "#material", "uv": [ 48.5, 23.5, 50.0, 26.5 ], "autoUv": false }
					}
				},
				{
					"name": "ArmorLowerLegRStrap2",
					"from": [ 2.25, 2.25, 0.0375 ],
					"to": [ 3.375, 2.625, 2.5125 ],
					"uv": [ 46.5, 23.5 ],
					"rotationOrigin": [ 2.25, 2.25, 0.075 ],
					"faces": {
						"north": { "texture": "#material", "uv": [ 46.5, 26.5, 48.0, 27.0 ], "autoUv": false },
						"east": { "texture": "#material", "uv": [ 48.0, 26.5, 51.0, 27.0 ], "autoUv": false },
						"south": { "texture": "#material", "uv": [ 51.0, 26.5, 52.5, 27.0 ], "autoUv": false },
						"up": { "texture": "#material", "uv": [ 46.5, 23.5, 48.0, 26.5 ], "autoUv": false },
						"down": { "texture": "#material", "uv": [ 48.0, 23.5, 49.5, 26.5 ], "autoUv": false }
					}
				}
			]
		}
	]}