{
	"editor": {
		"allAngles": false,
		"entityTextureMode": false
	},
	"textureWidth": 16,
	"textureHeight": 16,
	"textureSizes": {
	},
	"textures": {
		"blueprinttools": "blueprinttools"
	},
	"elements": [
		{
			"name": "origin",
			"from": [ 0.0, 0.0, 0.0 ],
			"to": [ 1.0, 1.0, 1.0 ],
			"faces": {
			},
			"children": [
				{
					"name": "Cube2",
					"from": [ 1.0, 0.0, 0.0 ],
					"to": [ 5.0, 10.0, 0.1 ],
					"rotationOrigin": [ 1.0, 0.0, 0.0 ],
					"rotationY": -45.0,
					"faces": {
						"north": { "texture": "#blueprinttools", "uv": [ 1.0, 9.0, 11.0, 13.0 ], "rotation": 90 },
						"east": { "texture": "#blueprinttools", "uv": [ 1.5, 12.0, 11.5, 12.5 ], "rotation": 90 },
						"south": { "texture": "#blueprinttools", "uv": [ 0.0, 0.0, 4.0, 10.0 ] },
						"west": { "texture": "#blueprinttools", "uv": [ 0.0, 10.0, 10.0, 10.5 ], "rotation": 90 },
						"up": { "texture": "#blueprinttools", "uv": [ 1.0, 10.5, 5.0, 11.0 ] },
						"down": { "texture": "#blueprinttools", "uv": [ 1.0, 9.0, 5.0, 9.5 ] }
					},
					"children": [
						{
							"name": "Cube3",
							"from": [ 4.0, 0.0, 0.0 ],
							"to": [ 8.0, 10.0, 0.1 ],
							"rotationOrigin": [ 4.0, 0.0, 0.0 ],
							"rotationY": 90.0,
							"faces": {
								"north": { "texture": "#blueprinttools", "uv": [ 1.0, 9.0, 11.0, 13.0 ], "rotation": 90 },
								"east": { "texture": "#blueprinttools", "uv": [ 1.5, 12.0, 11.5, 12.5 ], "rotation": 90 },
								"south": { "texture": "#blueprinttools", "uv": [ 4.0, 0.0, 8.0, 10.0 ] },
								"west": { "texture": "#blueprinttools", "uv": [ 0.0, 10.0, 10.0, 10.5 ], "rotation": 90 },
								"up": { "texture": "#blueprinttools", "uv": [ 1.0, 10.5, 5.0, 11.0 ] },
								"down": { "texture": "#blueprinttools", "uv": [ 1.0, 9.0, 5.0, 9.5 ] }
							},
							"children": [
								{
									"name": "Cube4",
									"from": [ 4.0, 0.0, 0.0 ],
									"to": [ 8.0, 10.0, 0.1 ],
									"rotationOrigin": [ 4.0, 0.0, 0.0 ],
									"rotationY": -90.0,
									"faces": {
										"north": { "texture": "#blueprinttools", "uv": [ 1.0, 9.0, 11.0, 13.0 ], "rotation": 90 },
										"east": { "texture": "#blueprinttools", "uv": [ 1.5, 12.0, 11.5, 12.5 ], "rotation": 90 },
										"south": { "texture": "#blueprinttools", "uv": [ 7.5, 0.0, 11.5, 10.0 ] },
										"west": { "texture": "#blueprinttools", "uv": [ 0.0, 10.0, 10.0, 10.5 ], "rotation": 90 },
										"up": { "texture": "#blueprinttools", "uv": [ 1.0, 10.5, 5.0, 11.0 ] },
										"down": { "texture": "#blueprinttools", "uv": [ 1.0, 9.0, 5.0, 9.5 ] }
									},
									"children": [
										{
											"name": "Cube5",
											"from": [ 4.0, 0.0, 0.0 ],
											"to": [ 8.0, 10.0, 0.1 ],
											"rotationOrigin": [ 4.0, 0.0, 0.0 ],
											"rotationY": 90.0,
											"faces": {
												"north": { "texture": "#blueprinttools", "uv": [ 1.0, 9.0, 11.0, 13.0 ], "rotation": 90 },
												"east": { "texture": "#blueprinttools", "uv": [ 1.5, 12.0, 11.5, 12.5 ], "rotation": 90 },
												"south": { "texture": "#blueprinttools", "uv": [ 11.0, 0.0, 15.0, 10.0 ] },
												"west": { "texture": "#blueprinttools", "uv": [ 0.0, 10.0, 10.0, 10.5 ], "rotation": 90 },
												"up": { "texture": "#blueprinttools", "uv": [ 1.0, 10.5, 5.0, 11.0 ] },
												"down": { "texture": "#blueprinttools", "uv": [ 1.0, 9.0, 5.0, 9.5 ] }
											}
										}
									]
								}
							]
						}
					]
				}
			]
		}
	]}