{
	"editor": {
		"allAngles": false,
		"entityTextureMode": false
	},
	"textureWidth": 16,
	"textureHeight": 16,
	"textureSizes": {
	},
	"textures": {
		"railtie": "railtie"
	},
	"elements": [
		{
			"name": "Cube2",
			"from": [ 6.5, 0.0, 6.5 ],
			"to": [ 7.5, 1.0, 7.5 ],
			"rotationOrigin": [ 6.5, 0.0, 6.5 ],
			"faces": {
				"north": { "texture": "#railtie", "uv": [ 0.0, 0.0, 1.0, 1.0 ] },
				"east": { "texture": "#railtie", "uv": [ 0.0, 0.0, 1.0, 1.0 ] },
				"south": { "texture": "#railtie", "uv": [ 0.0, 0.0, 1.0, 1.0 ] },
				"west": { "texture": "#railtie", "uv": [ 0.0, 0.0, 1.0, 1.0 ] },
				"up": { "texture": "#railtie", "uv": [ 0.0, 0.0, 1.0, 1.0 ] },
				"down": { "texture": "#railtie", "uv": [ 0.0, 0.0, 1.0, 1.0 ] }
			}
		},
		{
			"name": "Cube3",
			"from": [ 8.5, 0.0, 8.5 ],
			"to": [ 9.5, 1.0, 9.5 ],
			"rotationOrigin": [ 8.5, 0.0, 8.5 ],
			"faces": {
				"north": { "texture": "#railtie", "uv": [ 0.0, 0.0, 1.0, 1.0 ] },
				"east": { "texture": "#railtie", "uv": [ 0.0, 0.0, 1.0, 1.0 ] },
				"south": { "texture": "#railtie", "uv": [ 0.0, 0.0, 1.0, 1.0 ] },
				"west": { "texture": "#railtie", "uv": [ 0.0, 0.0, 1.0, 1.0 ] },
				"up": { "texture": "#railtie", "uv": [ 0.0, 0.0, 1.0, 1.0 ] },
				"down": { "texture": "#railtie", "uv": [ 0.0, 0.0, 1.0, 1.0 ] }
			}
		},
		{
			"name": "Cube4",
			"from": [ 5.5, 0.0, 8.5 ],
			"to": [ 6.5, 1.0, 9.5 ],
			"rotationOrigin": [ 5.5, 0.0, 8.5 ],
			"faces": {
				"north": { "texture": "#railtie", "uv": [ 0.0, 0.0, 1.0, 1.0 ] },
				"east": { "texture": "#railtie", "uv": [ 0.0, 0.0, 1.0, 1.0 ] },
				"south": { "texture": "#railtie", "uv": [ 0.0, 0.0, 1.0, 1.0 ] },
				"west": { "texture": "#railtie", "uv": [ 0.0, 0.0, 1.0, 1.0 ] },
				"up": { "texture": "#railtie", "uv": [ 0.0, 0.0, 1.0, 1.0 ] },
				"down": { "texture": "#railtie", "uv": [ 0.0, 0.0, 1.0, 1.0 ] }
			}
		}
	]}