{
	"editor": {
		"allAngles": false,
		"entityTextureMode": false
	},
	"textureWidth": 16,
	"textureHeight": 16,
	"textureSizes": {
	},
	"textures": {
		"railiron": "railiron",
		"railtie": "railtie"
	},
	"elements": [
		{
			"name": "origin",
			"from": [ 0.0, 0.0, 0.0 ],
			"to": [ 1.0, 3.0, 1.0 ],
			"faces": {
			},
			"children": [
				{
					"name": "LeftRail",
					"from": [ 4.0, 0.5, -0.5 ],
					"to": [ 5.0, 0.8, 16.5 ],
					"rotationOrigin": [ 2.0, -0.5, -0.5 ],
					"faces": {
						"north": { "texture": "#railiron", "uv": [ 0.0, 0.0, 1.0, 0.5 ] },
						"east": { "texture": "#railiron", "uv": [ 0.0, 0.0, 16.0, 0.5 ], "autoUv": false },
						"south": { "texture": "#railiron", "uv": [ 0.0, 0.0, 1.0, 0.5 ] },
						"west": { "texture": "#railiron", "uv": [ 0.0, 0.0, 16.0, 0.5 ], "autoUv": false },
						"up": { "texture": "#railiron", "uv": [ 0.0, 0.0, 1.0, 16.0 ], "autoUv": false },
						"down": { "texture": "#railiron", "uv": [ 0.0, 0.0, 1.0, 16.0 ], "autoUv": false }
					},
					"children": [
						{
							"name": "Rail3",
							"from": [ 0.5, 0.3, 0.0 ],
							"to": [ 0.7, 0.9, 17.0 ],
							"rotationOrigin": [ -1.5, -0.7, 0.0 ],
							"faces": {
								"north": { "texture": "#railiron", "uv": [ 0.0, 0.0, 0.5, 0.5 ] },
								"east": { "texture": "#railiron", "uv": [ 0.0, 0.0, 16.0, 0.5 ], "autoUv": false },
								"south": { "texture": "#railiron", "uv": [ 0.0, 0.0, 0.5, 0.5 ] },
								"west": { "texture": "#railiron", "uv": [ 0.0, 0.0, 16.0, 0.5 ], "autoUv": false }
							}
						}
					]
				},
				{
					"name": "Right Rail",
					"from": [ 11.0, 0.5, -0.5 ],
					"to": [ 12.0, 0.8, 16.5 ],
					"rotationOrigin": [ 9.0, -0.5, -0.5 ],
					"faces": {
						"north": { "texture": "#railiron", "uv": [ 0.0, 0.0, 1.0, 0.5 ] },
						"east": { "texture": "#railiron", "uv": [ 0.0, 0.0, 16.0, 0.5 ], "autoUv": false },
						"south": { "texture": "#railiron", "uv": [ 0.0, 0.0, 1.0, 0.5 ] },
						"west": { "texture": "#railiron", "uv": [ 0.0, 0.0, 16.0, 0.5 ], "autoUv": false },
						"up": { "texture": "#railiron", "uv": [ 0.0, 0.0, 1.0, 16.0 ], "autoUv": false },
						"down": { "texture": "#railiron", "uv": [ 0.0, 0.0, 1.0, 16.0 ], "autoUv": false }
					},
					"children": [
						{
							"name": "Rail6",
							"from": [ 0.4, 0.3, 0.0 ],
							"to": [ 0.6, 0.9, 17.0 ],
							"rotationOrigin": [ -1.6, -0.7, 0.0 ],
							"faces": {
								"north": { "texture": "#railiron", "uv": [ 0.0, 0.0, 0.5, 0.5 ] },
								"east": { "texture": "#railiron", "uv": [ 0.0, 0.0, 16.0, 0.5 ], "autoUv": false },
								"south": { "texture": "#railiron", "uv": [ 0.0, 0.0, 0.5, 0.5 ] },
								"west": { "texture": "#railiron", "uv": [ 0.0, 0.0, 16.0, 0.5 ], "autoUv": false }
							}
						}
					]
				},
				{
					"name": "tie4",
					"from": [ 2.0, 0.0, 7.0 ],
					"to": [ 14.0, 0.5, 9.0 ],
					"rotationOrigin": [ 2.0, 0.0, -4.0 ],
					"faces": {
						"north": { "texture": "#railtie", "uv": [ 0.0, 0.0, 12.0, 0.5 ] },
						"east": { "texture": "#railtie", "uv": [ 0.0, 0.0, 2.0, 0.5 ] },
						"south": { "texture": "#railtie", "uv": [ 0.0, 0.0, 12.0, 0.5 ] },
						"west": { "texture": "#railtie", "uv": [ 0.0, 0.0, 2.0, 0.5 ] },
						"up": { "texture": "#railtie", "uv": [ 0.0, 0.0, 12.0, 2.0 ] },
						"down": { "texture": "#railtie", "uv": [ 0.0, 0.0, 12.0, 2.0 ] }
					}
				}
			]
		}
	]}