{
	"editor": {
		"allAngles": false,
		"entityTextureMode": false
	},
	"textureWidth": 16,
	"textureHeight": 16,
	"textureSizes": {
	},
	"textures": {
		"railiron": "railiron",
		"railsteel": "railsteel",
		"railtie": "railtie"
	},
	"elements": [
		{
			"name": "origin",
			"from": [ 0.0, 0.0, 0.0 ],
			"to": [ 1.0, 1.0, 1.0 ],
			"faces": {
			},
			"children": [
				{
					"name": "LeftRail",
					"from": [ 2.0, 1.0, 0.0 ],
					"to": [ 4.0, 1.3, 16.0 ],
					"faces": {
						"north": { "texture": "#railiron", "uv": [ 0.0, 0.0, 2.0, 0.5 ] },
						"east": { "texture": "#railiron", "uv": [ 0.0, 0.0, 16.0, 0.5 ] },
						"south": { "texture": "#railiron", "uv": [ 0.0, 0.0, 2.0, 0.5 ] },
						"west": { "texture": "#railiron", "uv": [ 0.0, 0.0, 16.0, 0.5 ] },
						"up": { "texture": "#railiron", "uv": [ 0.0, 0.0, 2.0, 16.0 ] },
						"down": { "texture": "#railiron", "uv": [ 0.0, 0.0, 2.0, 16.0 ] }
					},
					"children": [
						{
							"name": "Railtop1",
							"from": [ 0.6, 0.9, 0.0 ],
							"to": [ 1.4, 1.5, 16.0 ],
							"rotationOrigin": [ -1.4, -0.1, 0.0 ],
							"faces": {
								"north": { "texture": "#railiron", "uv": [ 0.0, 0.0, 0.5, 0.5 ] },
								"east": { "texture": "#railiron", "uv": [ 0.0, 0.0, 16.0, 0.5 ] },
								"south": { "texture": "#railiron", "uv": [ 0.0, 0.0, 0.5, 0.5 ] },
								"west": { "texture": "#railiron", "uv": [ 0.0, 0.5, 16.0, 1.0 ] },
								"up": { "texture": "#railsteel", "uv": [ 0.0, 0.0, 0.5, 16.0 ] },
								"down": { "texture": "#railiron", "uv": [ 0.0, 0.0, 0.5, 16.0 ], "windMode": [-1,-1,-1,-1] }
							}
						},
						{
							"name": "Rail3",
							"from": [ 0.8, 0.3, 0.0 ],
							"to": [ 1.2, 0.9, 16.0 ],
							"rotationOrigin": [ -1.2, -0.7, 0.0 ],
							"faces": {
								"north": { "texture": "#railiron", "uv": [ 0.0, 0.0, 0.5, 0.5 ] },
								"east": { "texture": "#railiron", "uv": [ 0.0, 0.0, 16.0, 0.5 ] },
								"south": { "texture": "#railiron", "uv": [ 0.0, 0.0, 0.5, 0.5 ] },
								"west": { "texture": "#railiron", "uv": [ 0.0, 0.0, 16.0, 0.5 ] }
							}
						}
					]
				},
				{
					"name": "tie2",
					"from": [ 0.0, 0.0, 0.0 ],
					"to": [ 16.0, 1.0, 3.0 ],
					"rotationOrigin": [ 0.0, 0.0, -11.0 ],
					"faces": {
						"north": { "texture": "#railtie", "uv": [ 0.0, 0.0, 16.0, 1.0 ] },
						"east": { "texture": "#railtie", "uv": [ 0.0, 0.0, 3.0, 1.0 ] },
						"south": { "texture": "#railtie", "uv": [ 0.0, 0.0, 16.0, 1.0 ] },
						"west": { "texture": "#railtie", "uv": [ 0.0, 0.0, 3.0, 1.0 ] },
						"up": { "texture": "#railtie", "uv": [ 0.0, 0.0, 16.0, 3.0 ] },
						"down": { "texture": "#railtie", "uv": [ 0.0, 0.0, 16.0, 3.0 ] }
					}
				},
				{
					"name": "tie3",
					"from": [ 0.0, 0.0, 8.0 ],
					"to": [ 16.0, 1.0, 11.0 ],
					"rotationOrigin": [ 0.0, 0.0, -3.0 ],
					"faces": {
						"north": { "texture": "#railtie", "uv": [ 0.0, 0.0, 16.0, 1.0 ] },
						"east": { "texture": "#railtie", "uv": [ 0.0, 0.0, 3.0, 1.0 ] },
						"south": { "texture": "#railtie", "uv": [ 0.0, 0.0, 16.0, 1.0 ] },
						"west": { "texture": "#railtie", "uv": [ 0.0, 0.0, 3.0, 1.0 ] },
						"up": { "texture": "#railtie", "uv": [ 0.0, 0.0, 16.0, 3.0 ] },
						"down": { "texture": "#railtie", "uv": [ 0.0, 0.0, 16.0, 3.0 ] }
					}
				},
				{
					"name": "Right Rail",
					"from": [ 12.0, 1.0, 0.0 ],
					"to": [ 14.0, 1.3, 16.0 ],
					"rotationOrigin": [ 10.0, 0.0, 0.0 ],
					"faces": {
						"north": { "texture": "#railiron", "uv": [ 0.0, 0.0, 2.0, 0.5 ] },
						"east": { "texture": "#railiron", "uv": [ 0.0, 0.0, 16.0, 0.5 ] },
						"south": { "texture": "#railiron", "uv": [ 0.0, 0.0, 2.0, 0.5 ] },
						"west": { "texture": "#railiron", "uv": [ 0.0, 0.0, 16.0, 0.5 ] },
						"up": { "texture": "#railiron", "uv": [ 0.0, 0.0, 2.0, 16.0 ] },
						"down": { "texture": "#railiron", "uv": [ 0.0, 0.0, 2.0, 16.0 ] }
					},
					"children": [
						{
							"name": "Railtop3",
							"from": [ 0.6, 0.9, 0.0 ],
							"to": [ 1.4, 1.5, 16.0 ],
							"rotationOrigin": [ -1.4, -0.1, 0.0 ],
							"faces": {
								"north": { "texture": "#railiron", "uv": [ 0.0, 0.0, 0.5, 0.5 ] },
								"east": { "texture": "#railiron", "uv": [ 0.0, 0.0, 16.0, 0.5 ] },
								"south": { "texture": "#railiron", "uv": [ 0.0, 0.0, 0.5, 0.5 ] },
								"west": { "texture": "#railiron", "uv": [ 0.0, 0.5, 16.0, 1.0 ] },
								"up": { "texture": "#railsteel", "uv": [ 0.0, 0.0, 0.5, 16.0 ] },
								"down": { "texture": "#railiron", "uv": [ 0.0, 0.0, 0.5, 16.0 ], "windMode": [-1,-1,-1,-1] }
							}
						},
						{
							"name": "Rail6",
							"from": [ 0.8, 0.3, 0.0 ],
							"to": [ 1.2, 0.9, 16.0 ],
							"rotationOrigin": [ -1.2, -0.7, 0.0 ],
							"faces": {
								"north": { "texture": "#railiron", "uv": [ 0.0, 0.0, 0.5, 0.5 ] },
								"east": { "texture": "#railiron", "uv": [ 0.0, 0.0, 16.0, 0.5 ] },
								"south": { "texture": "#railiron", "uv": [ 0.0, 0.0, 0.5, 0.5 ] },
								"west": { "texture": "#railiron", "uv": [ 0.0, 0.0, 16.0, 0.5 ] }
							}
						}
					]
				}
			]
		}
	]}