{
	"editor": {
		"backDropShape": "entity/humanoid/seraph",
		"collapsedPaths": "Root/WaistW,Root/bandN/toothR1,Root/bandN/toothL1",
		"allAngles": false,
		"entityTextureMode": true
	},
	"textureWidth": 16,
	"textureHeight": 16,
	"textureSizes": {
		"belt": [16,16]
	},
	"textures": {
	},
	"elements": [
		{
			"name": "WaistW",
			"stepParentName": "LowerTorso",
			"from": [ -0.225, 0.0, -0.3 ],
			"to": [ 0.15, 1.125, 4.8 ],
			"unwrapMode": 4,
			"uv": [ 0.5, 0.0 ],
			"rotationOrigin": [ 1.275, 0.0, 2.25 ],
			"faces": {
				"north": { "texture": "#plain", "uv": [ 0.5, 0.5, 1.0, 2.0 ], "autoUv": false },
				"east": { "texture": "#plain", "uv": [ 8.0, 0.5, 14.5, 2.0 ], "autoUv": false },
				"south": { "texture": "#plain", "uv": [ 7.5, 0.5, 8.0, 2.0 ], "autoUv": false },
				"west": { "texture": "#plain", "uv": [ 1.0, 0.5, 7.5, 2.0 ], "autoUv": false },
				"up": { "texture": "#plain", "uv": [ 1.0, 0.0, 7.5, 0.5 ], "rotation": 90, "autoUv": false },
				"down": { "texture": "#plain", "uv": [ 1.0, 2.0, 7.5, 2.5 ], "rotation": 90, "autoUv": false }
			},
			"children": [
				{
					"name": "pouchWestL",
					"from": [ -0.3, -0.675, 3.225 ],
					"to": [ 0.45, 1.2, 4.35 ],
					"unwrapMode": 4,
					"uv": [ 0.0, 0.0 ],
					"rotationOrigin": [ -0.3, -0.675, 3.225 ],
					"faces": {
						"north": { "texture": "#poor", "uv": [ 0.0, 1.0, 1.0, 3.5 ], "autoUv": false },
						"south": { "texture": "#poor", "uv": [ 2.5, 1.0, 3.5, 3.5 ], "autoUv": false },
						"west": { "texture": "#poor", "uv": [ 1.0, 1.0, 2.5, 3.5 ], "autoUv": false },
						"up": { "texture": "#poor", "uv": [ 1.0, 0.0, 2.5, 1.0 ], "rotation": 90, "autoUv": false },
						"down": { "texture": "#poor", "uv": [ 1.0, 3.5, 2.5, 4.5 ], "rotation": 90, "autoUv": false }
					},
					"children": [
						{
							"name": "FlapTop",
							"from": [ -0.15, 1.875, 0.075 ],
							"to": [ 0.675, 2.025, 1.05 ],
							"unwrapMode": 5,
							"uv": [ 0.0, 1.0 ],
							"rotationOrigin": [ -0.15, 1.875, 0.075 ],
							"faces": {
								"north": { "texture": "#poor", "uv": [ 0.0, 1.0, 1.0, 1.5 ], "rotation": 180, "autoUv": false },
								"east": { "texture": "#poor", "uv": [ 1.0, 1.5, 1.5, 2.5 ], "rotation": 90, "autoUv": false },
								"south": { "texture": "#poor", "uv": [ 0.0, 2.5, 1.0, 3.0 ], "autoUv": false },
								"up": { "texture": "#poor", "uv": [ 0.0, 1.5, 1.0, 2.5 ], "autoUv": false },
								"down": { "texture": "#poor", "uv": [ 1.5, 1.5, 2.5, 2.5 ], "autoUv": false }
							}
						},
						{
							"name": "FlapFront",
							"from": [ -0.15, 1.275, 0.0825 ],
							"to": [ 0.0, 2.025, 1.0575 ],
							"unwrapMode": 5,
							"uv": [ 2.5, 1.5 ],
							"rotationOrigin": [ -0.15, 1.275, 0.075 ],
							"faces": {
								"north": { "texture": "#poor", "uv": [ 3.5, 1.5, 4.0, 2.5 ], "rotation": 180, "autoUv": false },
								"east": { "texture": "#poor", "uv": [ 3.5, 2.5, 4.5, 3.5 ], "rotation": 90, "autoUv": false },
								"south": { "texture": "#poor", "uv": [ 3.5, 3.5, 4.0, 4.5 ], "autoUv": false },
								"west": { "texture": "#poor", "uv": [ 2.5, 2.5, 3.5, 3.5 ], "rotation": 270, "autoUv": false },
								"down": { "texture": "#poor", "uv": [ 4.5, 2.5, 5.0, 3.5 ], "autoUv": false }
							},
							"children": [
								{
									"name": "tab",
									"from": [ -0.075, -0.375, 0.3 ],
									"to": [ 0.075, 0.375, 0.675 ],
									"unwrapMode": 4,
									"uv": [ 0.0, 2.5 ],
									"rotationOrigin": [ 0.075, 0.375, 0.3 ],
									"rotationZ": 6.0,
									"faces": {
										"north": { "texture": "#poor", "uv": [ 0.0, 3.0, 0.5, 4.0 ], "autoUv": false },
										"east": { "texture": "#poor", "uv": [ 1.5, 3.0, 2.0, 4.0 ], "autoUv": false },
										"south": { "texture": "#poor", "uv": [ 1.0, 3.0, 1.5, 4.0 ], "autoUv": false },
										"west": { "texture": "#poor", "uv": [ 0.5, 3.0, 1.0, 4.0 ], "autoUv": false },
										"up": { "texture": "#poor", "uv": [ 0.5, 2.5, 1.0, 3.0 ], "rotation": 90, "autoUv": false },
										"down": { "texture": "#poor", "uv": [ 0.5, 4.0, 1.0, 4.5 ], "rotation": 90, "autoUv": false }
									}
								}
							]
						}
					]
				},
				{
					"name": "WaistS",
					"from": [ 0.375, 0.0, 4.725 ],
					"to": [ 3.75, 1.125, 5.1 ],
					"unwrapMode": 3,
					"uv": [ 6.5, 2.0 ],
					"rotationOrigin": [ 0.375, 0.0, 4.725 ],
					"faces": {
						"north": { "texture": "#plain", "uv": [ 11.0, 2.5, 15.5, 4.0 ], "autoUv": false },
						"south": { "texture": "#plain", "uv": [ 6.5, 2.5, 11.0, 4.0 ], "autoUv": false },
						"up": { "texture": "#plain", "uv": [ 6.5, 2.0, 11.0, 2.5 ], "autoUv": false },
						"down": { "texture": "#plain", "uv": [ 6.5, 4.0, 11.0, 4.5 ], "rotation": 180, "autoUv": false }
					}
				},
				{
					"name": "WaistN",
					"from": [ 0.375, 0.0, 0.0 ],
					"to": [ 3.75, 1.125, 0.375 ],
					"unwrapMode": 3,
					"uv": [ 0.5, 2.5 ],
					"rotationOrigin": [ 0.375, 0.0, 0.0 ],
					"faces": {
						"north": { "texture": "#plain", "uv": [ 5.0, 3.0, 9.5, 4.5 ], "autoUv": false },
						"south": { "texture": "#plain", "uv": [ 0.5, 3.0, 5.0, 4.5 ], "autoUv": false },
						"up": { "texture": "#plain", "uv": [ 0.5, 2.5, 5.0, 3.0 ], "autoUv": false },
						"down": { "texture": "#plain", "uv": [ 0.5, 4.5, 5.0, 5.0 ], "rotation": 180, "autoUv": false }
					}
				},
				{
					"name": "WaistE",
					"from": [ 3.75, 0.0, 0.0 ],
					"to": [ 4.125, 1.125, 5.1 ],
					"unwrapMode": 2,
					"uv": [ 1.0, 5.0 ],
					"rotationOrigin": [ 3.75, 0.0, 0.0 ],
					"faces": {
						"north": { "texture": "#plain", "uv": [ 8.0, 5.5, 8.5, 7.0 ], "autoUv": false },
						"east": { "texture": "#plain", "uv": [ 1.5, 5.5, 8.0, 7.0 ], "autoUv": false },
						"south": { "texture": "#plain", "uv": [ 1.0, 5.5, 1.5, 7.0 ], "autoUv": false },
						"west": { "texture": "#plain", "uv": [ 8.5, 5.5, 15.0, 7.0 ], "autoUv": false },
						"up": { "texture": "#plain", "uv": [ 1.5, 5.0, 8.0, 5.5 ], "rotation": 270, "autoUv": false },
						"down": { "texture": "#plain", "uv": [ 1.5, 7.0, 8.0, 7.5 ], "rotation": 270, "autoUv": false }
					}
				},
				{
					"name": "PouchNeck",
					"from": [ -0.675, 0.15, 0.975 ],
					"to": [ 0.075, 0.75, 1.725 ],
					"unwrapMode": 5,
					"uv": [ 2.5, 4.75 ],
					"rotationOrigin": [ 0.075, 0.15, 0.975 ],
					"rotationZ": -6.0,
					"faces": {
						"north": { "texture": "#plain2", "uv": [ 3.0, 4.75, 4.0, 5.5 ], "rotation": 180, "autoUv": false },
						"east": { "texture": "#plain2", "uv": [ 4.0, 5.5, 4.5, 6.5 ], "rotation": 90, "autoUv": false },
						"south": { "texture": "#plain2", "uv": [ 3.0, 6.5, 4.0, 7.25 ], "autoUv": false },
						"west": { "texture": "#plain2", "uv": [ 2.5, 5.5, 3.0, 6.5 ], "rotation": 270, "autoUv": false, "windMode": [-1,-1,-1,-1] },
						"up": { "texture": "#plain2", "uv": [ 3.0, 5.5, 4.0, 6.5 ], "autoUv": false },
						"down": { "texture": "#plain2", "uv": [ 4.5, 5.5, 5.5, 6.5 ], "autoUv": false }
					},
					"children": [
						{
							"name": "pouchWestL2",
							"from": [ -0.0075, -1.125, 0.375 ],
							"to": [ 1.1175, 0.375, 1.875 ],
							"unwrapMode": 4,
							"uv": [ 10.0, 2.25 ],
							"rotationOrigin": [ -0.075, 0.375, 0.375 ],
							"rotationX": 45.0,
							"faces": {
								"north": { "texture": "#plain2", "uv": [ 10.0, 3.75, 11.5, 5.75 ], "autoUv": false },
								"south": { "texture": "#plain2", "uv": [ 13.5, 3.75, 15.0, 5.75 ], "autoUv": false },
								"west": { "texture": "#plain2", "uv": [ 11.5, 3.75, 13.5, 5.75 ], "autoUv": false },
								"up": { "texture": "#plain2", "uv": [ 11.5, 2.25, 13.5, 3.75 ], "rotation": 90, "autoUv": false },
								"down": { "texture": "#plain2", "uv": [ 11.5, 5.75, 13.5, 7.25 ], "rotation": 90, "autoUv": false }
							}
						},
						{
							"name": "string",
							"from": [ -0.225, 0.525, -0.1875 ],
							"to": [ 0.9, 0.75, 0.9375 ],
							"uv": [ 7.0, 3.0 ],
							"rotationOrigin": [ 0.9, 0.825, -0.1875 ],
							"rotationZ": 23.0,
							"faces": {
								"north": { "texture": "#fibers", "uv": [ 7.0, 4.5, 8.5, 4.75 ], "autoUv": false },
								"east": { "texture": "#fibers", "uv": [ 8.5, 4.5, 10.0, 4.75 ], "autoUv": false },
								"south": { "texture": "#fibers", "uv": [ 10.0, 4.5, 11.5, 4.75 ], "autoUv": false },
								"west": { "texture": "#fibers", "uv": [ 11.5, 4.5, 13.0, 4.75 ], "autoUv": false },
								"up": { "texture": "#fibers", "uv": [ 7.0, 3.0, 8.5, 4.5 ], "autoUv": false },
								"down": { "texture": "#fibers", "uv": [ 8.5, 3.0, 10.0, 4.5 ], "autoUv": false }
							}
						},
						{
							"name": "ruffleW",
							"from": [ 0.0, 0.6, 0.0 ],
							"to": [ 0.0, 0.975, 0.75 ],
							"unwrapMode": 4,
							"uv": [ 3.0, 2.0 ],
							"rotationOrigin": [ 0.0, 0.6, 0.0 ],
							"rotationZ": 30.0,
							"faces": {
								"north": { "texture": "#plain2", "uv": [ 3.0, 2.0, 3.5, 2.5 ], "autoUv": false },
								"east": { "texture": "#plain2", "uv": [ 5.0, 2.0, 6.0, 2.5 ], "autoUv": false },
								"south": { "texture": "#plain2", "uv": [ 4.5, 2.0, 5.0, 2.5 ], "autoUv": false },
								"west": { "texture": "#plain2", "uv": [ 3.5, 2.0, 4.5, 2.5 ], "autoUv": false }
							}
						},
						{
							"name": "ruffleS",
							"from": [ 0.0, 0.6, 0.75 ],
							"to": [ 0.75, 0.975, 0.75 ],
							"unwrapMode": 4,
							"uv": [ 9.5, 1.25 ],
							"rotationOrigin": [ 0.0, 0.6, 0.75 ],
							"rotationX": 30.0,
							"faces": {
								"north": { "texture": "#plain2", "uv": [ 9.5, 1.25, 10.5, 1.75 ], "autoUv": false },
								"east": { "texture": "#plain2", "uv": [ 12.0, 1.25, 12.5, 1.75 ], "autoUv": false },
								"south": { "texture": "#plain2", "uv": [ 11.0, 1.25, 12.0, 1.75 ], "autoUv": false },
								"west": { "texture": "#plain2", "uv": [ 10.5, 1.25, 11.0, 1.75 ], "autoUv": false }
							}
						},
						{
							"name": "ruffleS2",
							"from": [ 0.0, 0.6, 0.0 ],
							"to": [ 0.75, 0.975, 0.0 ],
							"unwrapMode": 4,
							"uv": [ 7.5, 6.25 ],
							"rotationOrigin": [ 0.0, 0.6, 0.0 ],
							"rotationX": -30.0,
							"faces": {
								"north": { "texture": "#plain2", "uv": [ 7.5, 6.25, 8.5, 6.75 ], "autoUv": false },
								"east": { "texture": "#plain2", "uv": [ 10.0, 6.25, 10.5, 6.75 ], "autoUv": false },
								"south": { "texture": "#plain2", "uv": [ 9.0, 6.25, 10.0, 6.75 ], "autoUv": false },
								"west": { "texture": "#plain2", "uv": [ 8.5, 6.25, 9.0, 6.75 ], "autoUv": false }
							}
						}
					]
				},
				{
					"name": "buckleBottom",
					"from": [ 0.0, -0.15, 2.25 ],
					"to": [ 0.15, 0.0, 3.0 ],
					"unwrapMode": 4,
					"uv": [ 9.0, 0.75 ],
					"rotationOrigin": [ 0.0, -0.15, 2.25 ],
					"rotationY": -10.0,
					"faces": {
						"north": { "texture": "#brass", "uv": [ 9.0, 1.25, 9.5, 1.5 ], "autoUv": false },
						"east": { "texture": "#brass", "uv": [ 11.0, 1.25, 12.0, 1.5 ], "autoUv": false },
						"south": { "texture": "#brass", "uv": [ 10.5, 1.25, 11.0, 1.5 ], "autoUv": false },
						"west": { "texture": "#brass", "uv": [ 9.5, 1.25, 10.5, 1.5 ], "autoUv": false },
						"up": { "texture": "#brass", "uv": [ 9.5, 0.75, 10.5, 1.25 ], "rotation": 90, "autoUv": false },
						"down": { "texture": "#brass", "uv": [ 9.5, 1.5, 10.5, 2.0 ], "rotation": 90, "autoUv": false }
					},
					"children": [
						{
							"name": "buckleTop",
							"from": [ 0.0, 1.275, 0.0 ],
							"to": [ 0.15, 1.425, 0.75 ],
							"unwrapMode": 4,
							"uv": [ 7.0, 3.0 ],
							"rotationOrigin": [ 0.0, 1.275, 0.0 ],
							"faces": {
								"north": { "texture": "#brass", "uv": [ 7.0, 3.5, 7.5, 3.75 ], "autoUv": false },
								"east": { "texture": "#brass", "uv": [ 9.0, 3.5, 10.0, 3.75 ], "autoUv": false },
								"south": { "texture": "#brass", "uv": [ 8.5, 3.5, 9.0, 3.75 ], "autoUv": false },
								"west": { "texture": "#brass", "uv": [ 7.5, 3.5, 8.5, 3.75 ], "autoUv": false },
								"up": { "texture": "#brass", "uv": [ 7.5, 3.0, 8.5, 3.5 ], "rotation": 90, "autoUv": false },
								"down": { "texture": "#brass", "uv": [ 7.5, 3.75, 8.5, 4.25 ], "rotation": 90, "autoUv": false }
							}
						},
						{
							"name": "buckleCross",
							"from": [ 0.0, 0.15, 0.6 ],
							"to": [ 0.15, 1.275, 0.75 ],
							"unwrapMode": 4,
							"uv": [ 2.0, 3.75 ],
							"rotationOrigin": [ 0.0, 0.15, 0.6 ],
							"faces": {
								"north": { "texture": "#brass", "uv": [ 2.0, 4.25, 2.5, 5.75 ], "autoUv": false },
								"east": { "texture": "#brass", "uv": [ 3.5, 4.25, 4.0, 5.75 ], "autoUv": false },
								"south": { "texture": "#brass", "uv": [ 3.0, 4.25, 3.5, 5.75 ], "autoUv": false },
								"west": { "texture": "#brass", "uv": [ 2.5, 4.25, 3.0, 5.75 ], "autoUv": false },
								"up": { "texture": "#brass", "uv": [ 2.5, 3.75, 2.75, 4.25 ], "rotation": 90, "autoUv": false },
								"down": { "texture": "#brass", "uv": [ 2.5, 5.75, 2.75, 6.25 ], "rotation": 90, "autoUv": false }
							}
						},
						{
							"name": "buckleCatch",
							"from": [ 0.0, 0.6375, 0.15 ],
							"to": [ 0.15, 0.7875, 0.9 ],
							"unwrapMode": 4,
							"uv": [ 3.5, 1.0 ],
							"rotationOrigin": [ 0.0, 0.6375, 0.15 ],
							"rotationY": -16.0,
							"faces": {
								"north": { "texture": "#brass", "uv": [ 3.5, 1.5, 4.0, 1.75 ], "autoUv": false },
								"east": { "texture": "#brass", "uv": [ 5.5, 1.5, 6.5, 1.75 ], "autoUv": false },
								"south": { "texture": "#brass", "uv": [ 5.0, 1.5, 5.5, 1.75 ], "autoUv": false },
								"west": { "texture": "#brass", "uv": [ 4.0, 1.5, 5.0, 1.75 ], "autoUv": false },
								"up": { "texture": "#brass", "uv": [ 4.0, 1.0, 5.0, 1.5 ], "rotation": 90, "autoUv": false },
								"down": { "texture": "#brass", "uv": [ 4.0, 1.75, 5.0, 2.25 ], "rotation": 90, "autoUv": false }
							}
						}
					]
				},
				{
					"name": "pouchWestL3",
					"from": [ 1.875, -0.675, -0.375 ],
					"to": [ 2.625, 1.2, 0.75 ],
					"unwrapMode": 4,
					"uv": [ 0.0, 0.0 ],
					"rotationOrigin": [ 1.875, -0.675, -0.375 ],
					"rotationY": -90.0,
					"faces": {
						"north": { "texture": "#poor", "uv": [ 0.0, 1.0, 1.0, 3.5 ], "autoUv": false },
						"south": { "texture": "#poor", "uv": [ 2.5, 1.0, 3.5, 3.5 ], "autoUv": false },
						"west": { "texture": "#poor", "uv": [ 1.0, 1.0, 2.5, 3.5 ], "autoUv": false },
						"up": { "texture": "#poor", "uv": [ 1.0, 0.0, 2.5, 1.0 ], "rotation": 90, "autoUv": false },
						"down": { "texture": "#poor", "uv": [ 1.0, 3.5, 2.5, 4.5 ], "rotation": 90, "autoUv": false }
					},
					"children": [
						{
							"name": "FlapTop2",
							"from": [ -0.15, 1.875, 0.075 ],
							"to": [ 0.675, 2.025, 1.05 ],
							"unwrapMode": 5,
							"uv": [ 0.0, 1.0 ],
							"rotationOrigin": [ -0.15, 1.875, 0.075 ],
							"faces": {
								"north": { "texture": "#poor", "uv": [ 0.0, 1.0, 1.0, 1.5 ], "rotation": 180, "autoUv": false },
								"east": { "texture": "#poor", "uv": [ 1.0, 1.5, 1.5, 2.5 ], "rotation": 90, "autoUv": false },
								"south": { "texture": "#poor", "uv": [ 0.0, 2.5, 1.0, 3.0 ], "autoUv": false },
								"up": { "texture": "#poor", "uv": [ 0.0, 1.5, 1.0, 2.5 ], "autoUv": false },
								"down": { "texture": "#poor", "uv": [ 1.5, 1.5, 2.5, 2.5 ], "autoUv": false }
							}
						},
						{
							"name": "FlapFront2",
							"from": [ -0.15, 1.275, 0.0825 ],
							"to": [ 0.0, 2.025, 1.0575 ],
							"unwrapMode": 5,
							"uv": [ 2.5, 1.5 ],
							"rotationOrigin": [ -0.15, 1.275, 0.075 ],
							"faces": {
								"north": { "texture": "#poor", "uv": [ 3.5, 1.5, 4.0, 2.5 ], "rotation": 180, "autoUv": false },
								"east": { "texture": "#poor", "uv": [ 3.5, 2.5, 4.5, 3.5 ], "rotation": 90, "autoUv": false },
								"south": { "texture": "#poor", "uv": [ 3.5, 3.5, 4.0, 4.5 ], "autoUv": false },
								"west": { "texture": "#poor", "uv": [ 2.5, 2.5, 3.5, 3.5 ], "rotation": 270, "autoUv": false },
								"down": { "texture": "#poor", "uv": [ 4.5, 2.5, 5.0, 3.5 ], "autoUv": false }
							},
							"children": [
								{
									"name": "tab2",
									"from": [ -0.075, -0.375, 0.3 ],
									"to": [ 0.075, 0.375, 0.675 ],
									"unwrapMode": 4,
									"uv": [ 0.0, 2.5 ],
									"rotationOrigin": [ 0.075, 0.375, 0.3 ],
									"rotationZ": 6.0,
									"faces": {
										"north": { "texture": "#poor", "uv": [ 0.0, 3.0, 0.5, 4.0 ], "autoUv": false },
										"east": { "texture": "#poor", "uv": [ 1.5, 3.0, 2.0, 4.0 ], "autoUv": false },
										"south": { "texture": "#poor", "uv": [ 1.0, 3.0, 1.5, 4.0 ], "autoUv": false },
										"west": { "texture": "#poor", "uv": [ 0.5, 3.0, 1.0, 4.0 ], "autoUv": false },
										"up": { "texture": "#poor", "uv": [ 0.5, 2.5, 1.0, 3.0 ], "rotation": 90, "autoUv": false },
										"down": { "texture": "#poor", "uv": [ 0.5, 4.0, 1.0, 4.5 ], "rotation": 90, "autoUv": false }
									}
								}
							]
						}
					]
				},
				{
					"name": "PouchNeck2",
					"from": [ -0.45, 0.15, 5.1 ],
					"to": [ 0.3, 0.75, 5.85 ],
					"unwrapMode": 5,
					"uv": [ 9.5, 2.0 ],
					"rotationOrigin": [ 0.3, 0.15, 5.1 ],
					"rotationX": -10.0,
					"rotationY": 90.0,
					"faces": {
						"north": { "texture": "#plain2", "uv": [ 10.0, 2.0, 11.0, 2.75 ], "rotation": 180, "autoUv": false },
						"east": { "texture": "#plain2", "uv": [ 11.0, 2.75, 11.5, 3.75 ], "rotation": 90, "autoUv": false },
						"south": { "texture": "#plain2", "uv": [ 10.0, 3.75, 11.0, 4.5 ], "autoUv": false },
						"west": { "texture": "#plain2", "uv": [ 9.5, 2.75, 10.0, 3.75 ], "rotation": 270, "autoUv": false },
						"up": { "texture": "#plain2", "uv": [ 10.0, 2.75, 11.0, 3.75 ], "autoUv": false },
						"down": { "texture": "#plain2", "uv": [ 11.5, 2.75, 12.5, 3.75 ], "autoUv": false }
					},
					"children": [
						{
							"name": "pouchWestL4",
							"from": [ -0.0075, -1.125, 0.375 ],
							"to": [ 1.1175, 0.375, 1.875 ],
							"unwrapMode": 4,
							"uv": [ 4.0, 1.25 ],
							"rotationOrigin": [ -0.075, 0.375, 0.375 ],
							"rotationX": 45.0,
							"faces": {
								"north": { "texture": "#plain2", "uv": [ 4.0, 2.75, 5.5, 4.75 ], "autoUv": false },
								"south": { "texture": "#plain2", "uv": [ 7.5, 2.75, 9.0, 4.75 ], "autoUv": false },
								"west": { "texture": "#plain2", "uv": [ 5.5, 2.75, 7.5, 4.75 ], "autoUv": false },
								"up": { "texture": "#plain2", "uv": [ 5.5, 1.25, 7.5, 2.75 ], "rotation": 90, "autoUv": false },
								"down": { "texture": "#plain2", "uv": [ 5.5, 4.75, 7.5, 6.25 ], "rotation": 90, "autoUv": false }
							}
						},
						{
							"name": "string2",
							"from": [ -0.225, 0.525, -0.1875 ],
							"to": [ 0.9, 0.75, 0.9375 ],
							"uv": [ 2.0, 1.0 ],
							"rotationOrigin": [ 0.9, 0.825, -0.1875 ],
							"rotationZ": 23.0,
							"faces": {
								"north": { "texture": "#fibers", "uv": [ 2.0, 2.5, 3.5, 2.75 ], "autoUv": false },
								"east": { "texture": "#fibers", "uv": [ 3.5, 2.5, 5.0, 2.75 ], "autoUv": false },
								"south": { "texture": "#fibers", "uv": [ 5.0, 2.5, 6.5, 2.75 ], "autoUv": false },
								"west": { "texture": "#fibers", "uv": [ 6.5, 2.5, 8.0, 2.75 ], "autoUv": false },
								"up": { "texture": "#fibers", "uv": [ 2.0, 1.0, 3.5, 2.5 ], "autoUv": false },
								"down": { "texture": "#fibers", "uv": [ 3.5, 1.0, 5.0, 2.5 ], "autoUv": false }
							}
						},
						{
							"name": "ruffleW2",
							"from": [ 0.0, 0.6, 0.0 ],
							"to": [ 0.0, 0.975, 0.75 ],
							"unwrapMode": 4,
							"uv": [ 1.5, 3.75 ],
							"rotationOrigin": [ 0.0, 0.6, 0.0 ],
							"rotationZ": 30.0,
							"faces": {
								"north": { "texture": "#plain2", "uv": [ 1.5, 3.75, 2.0, 4.25 ], "autoUv": false },
								"east": { "texture": "#plain2", "uv": [ 3.5, 3.75, 4.5, 4.25 ], "autoUv": false },
								"south": { "texture": "#plain2", "uv": [ 3.0, 3.75, 3.5, 4.25 ], "autoUv": false },
								"west": { "texture": "#plain2", "uv": [ 2.0, 3.75, 3.0, 4.25 ], "autoUv": false }
							}
						},
						{
							"name": "ruffleS3",
							"from": [ 0.0, 0.6, 0.75 ],
							"to": [ 0.75, 0.975, 0.75 ],
							"unwrapMode": 4,
							"uv": [ 6.0, 1.25 ],
							"rotationOrigin": [ 0.0, 0.6, 0.75 ],
							"rotationX": 30.0,
							"faces": {
								"north": { "texture": "#plain2", "uv": [ 6.0, 1.25, 7.0, 1.75 ], "autoUv": false },
								"east": { "texture": "#plain2", "uv": [ 8.5, 1.25, 9.0, 1.75 ], "autoUv": false },
								"south": { "texture": "#plain2", "uv": [ 7.5, 1.25, 8.5, 1.75 ], "autoUv": false },
								"west": { "texture": "#plain2", "uv": [ 7.0, 1.25, 7.5, 1.75 ], "autoUv": false }
							}
						},
						{
							"name": "ruffleS4",
							"from": [ 0.0, 0.6, 0.0 ],
							"to": [ 0.75, 0.975, 0.0 ],
							"unwrapMode": 4,
							"uv": [ 2.0, 0.75 ],
							"rotationOrigin": [ 0.0, 0.6, 0.0 ],
							"rotationX": -30.0,
							"faces": {
								"north": { "texture": "#plain2", "uv": [ 2.0, 0.75, 3.0, 1.25 ], "autoUv": false },
								"east": { "texture": "#plain2", "uv": [ 4.5, 0.75, 5.0, 1.25 ], "autoUv": false },
								"south": { "texture": "#plain2", "uv": [ 3.5, 0.75, 4.5, 1.25 ], "autoUv": false },
								"west": { "texture": "#plain2", "uv": [ 3.0, 0.75, 3.5, 1.25 ], "autoUv": false }
							}
						}
					]
				}
			]
		}
	]}