{
	"editor": {
		"backDropShape": "entity/humanoid/seraph",
		"collapsedPaths": "Root/waist",
		"allAngles": false,
		"entityTextureMode": false
	},
	"textureWidth": 8,
	"textureHeight": 8,
	"textureSizes": {
		"aristocrat-belt": [8,8]
	},
	"textures": {
	},
	"elements": [
		{
			"name": "waist",
			"stepParentName": "LowerTorso",
			"from": [ -0.15, 0.0, -0.225 ],
			"to": [ 3.9, 1.5, 4.725 ],
			"rotationOrigin": [ 2.1, 0.0, 2.25 ],
			"faces": {
				"north": { "texture": "#aristocrat-belt", "uv": [ 0.0, 5.0, 5.0, 7.0 ], "autoUv": false },
				"east": { "texture": "#aristocrat-belt", "uv": [ 0.0, 4.0, 6.5, 6.0 ], "autoUv": false },
				"south": { "texture": "#aristocrat-belt", "uv": [ 0.5, 4.0, 5.5, 6.0 ], "autoUv": false },
				"west": { "texture": "#aristocrat-belt", "uv": [ 1.5, 4.0, 8.0, 6.0 ], "autoUv": false },
				"up": { "texture": "#aristocrat-belt", "uv": [ 0.0, 0.0, 6.5, 5.0 ], "rotation": 90, "autoUv": false },
				"down": { "texture": "#aristocrat-belt", "uv": [ 0.0, 0.0, 6.5, 5.0 ], "rotation": 90, "autoUv": false }
			},
			"children": [
				{
					"name": "side1",
					"from": [ -0.075, 0.375, -0.075 ],
					"to": [ 2.925, 0.75, 2.175 ],
					"rotationOrigin": [ -0.075, 0.375, -0.075 ],
					"faces": {
						"north": { "texture": "#aristocrat-belt", "uv": [ 3.0, 5.0, 7.0, 5.5 ], "autoUv": false },
						"east": { "texture": "#aristocrat-belt", "uv": [ 4.0, 5.0, 7.0, 5.5 ], "autoUv": false },
						"south": { "texture": "#aristocrat-belt", "uv": [ 2.0, 7.0, 6.0, 7.5 ], "autoUv": false },
						"west": { "texture": "#aristocrat-belt", "uv": [ 4.0, 4.0, 7.0, 4.5 ], "autoUv": false },
						"up": { "texture": "#aristocrat-belt", "uv": [ 0.5, 0.0, 4.5, 3.0 ], "autoUv": false },
						"down": { "texture": "#aristocrat-belt", "uv": [ 0.0, 0.0, 4.0, 3.0 ], "autoUv": false }
					}
				},
				{
					"name": "side2",
					"from": [ -0.075, 0.75, 2.325 ],
					"to": [ 0.0, 1.125, 3.825 ],
					"rotationOrigin": [ -0.075, 0.75, 2.325 ],
					"faces": {
						"north": { "texture": "#aristocrat-belt", "uv": [ 3.0, 4.5, 3.5, 5.0 ], "autoUv": false },
						"south": { "texture": "#aristocrat-belt", "uv": [ 2.5, 5.5, 3.0, 6.0 ], "autoUv": false },
						"west": { "texture": "#aristocrat-belt", "uv": [ 2.0, 5.5, 4.0, 6.0 ], "autoUv": false },
						"up": { "texture": "#aristocrat-belt", "uv": [ 3.0, 4.5, 3.5, 6.5 ], "autoUv": false },
						"down": { "texture": "#aristocrat-belt", "uv": [ 2.5, 4.5, 3.0, 6.5 ], "autoUv": false }
					}
				},
				{
					"name": "side3",
					"from": [ 4.05, 0.0, 0.75 ],
					"to": [ 4.125, 0.375, 3.0 ],
					"rotationOrigin": [ 4.05, 0.0, 0.75 ],
					"faces": {
						"north": { "texture": "#aristocrat-belt", "uv": [ 2.5, 4.0, 3.0, 4.5 ], "autoUv": false },
						"east": { "texture": "#aristocrat-belt", "uv": [ 1.5, 5.5, 4.5, 6.0 ], "autoUv": false },
						"south": { "texture": "#aristocrat-belt", "uv": [ 0.0, 0.0, 0.5, 0.5 ], "autoUv": false },
						"up": { "texture": "#aristocrat-belt", "uv": [ 3.0, 4.0, 3.5, 7.0 ], "autoUv": false },
						"down": { "texture": "#aristocrat-belt", "uv": [ 2.5, 4.5, 3.0, 7.5 ], "autoUv": false }
					}
				},
				{
					"name": "side4",
					"from": [ 4.05, 0.375, 3.075 ],
					"to": [ 4.125, 0.75, 4.575 ],
					"rotationOrigin": [ 4.05, 0.375, 3.075 ],
					"faces": {
						"north": { "texture": "#aristocrat-belt", "uv": [ 3.5, 4.5, 4.0, 5.0 ], "autoUv": false },
						"east": { "texture": "#aristocrat-belt", "uv": [ 3.0, 5.0, 5.0, 5.5 ], "autoUv": false },
						"south": { "texture": "#aristocrat-belt", "uv": [ 0.0, 0.0, 0.5, 0.5 ], "autoUv": false },
						"up": { "texture": "#aristocrat-belt", "uv": [ 4.0, 4.5, 4.5, 6.5 ], "autoUv": false },
						"down": { "texture": "#aristocrat-belt", "uv": [ 4.0, 5.5, 4.5, 7.5 ], "autoUv": false }
					}
				},
				{
					"name": "side5",
					"from": [ 4.05, 0.75, 1.575 ],
					"to": [ 4.125, 1.125, 3.825 ],
					"rotationOrigin": [ 4.05, 0.75, 1.575 ],
					"faces": {
						"north": { "texture": "#aristocrat-belt", "uv": [ 4.0, 5.5, 4.5, 6.0 ], "autoUv": false },
						"east": { "texture": "#aristocrat-belt", "uv": [ 2.5, 4.5, 5.5, 5.0 ], "autoUv": false },
						"south": { "texture": "#aristocrat-belt", "uv": [ 2.0, 0.0, 2.5, 0.5 ], "autoUv": false },
						"up": { "texture": "#aristocrat-belt", "uv": [ 2.0, 5.0, 2.5, 8.0 ], "autoUv": false },
						"down": { "texture": "#aristocrat-belt", "uv": [ 0.5, 4.5, 1.0, 7.5 ], "autoUv": false }
					}
				},
				{
					"name": "side6",
					"from": [ -0.075, 0.0, 1.575 ],
					"to": [ 0.0, 0.375, 4.575 ],
					"rotationOrigin": [ -0.075, 0.0, 3.075 ],
					"faces": {
						"north": { "texture": "#aristocrat-belt", "uv": [ 2.5, 7.5, 3.0, 8.0 ], "autoUv": false },
						"south": { "texture": "#aristocrat-belt", "uv": [ 2.5, 5.5, 3.0, 6.0 ], "autoUv": false },
						"west": { "texture": "#aristocrat-belt", "uv": [ 1.0, 7.5, 5.0, 8.0 ], "autoUv": false },
						"up": { "texture": "#aristocrat-belt", "uv": [ 6.0, 1.5, 6.5, 5.5 ], "autoUv": false },
						"down": { "texture": "#aristocrat-belt", "uv": [ 6.0, 0.5, 6.5, 4.5 ], "autoUv": false }
					}
				},
				{
					"name": "side7",
					"from": [ 1.425, 1.125, -0.075 ],
					"to": [ 3.675, 1.5, 0.0 ],
					"rotationOrigin": [ 1.425, 1.125, -0.075 ],
					"faces": {
						"north": { "texture": "#aristocrat-belt", "uv": [ 2.5, 4.0, 5.5, 4.5 ], "autoUv": false },
						"east": { "texture": "#aristocrat-belt", "uv": [ 2.5, 5.0, 3.0, 5.5 ], "autoUv": false },
						"west": { "texture": "#aristocrat-belt", "uv": [ 3.0, 4.5, 3.5, 5.0 ], "autoUv": false },
						"up": { "texture": "#aristocrat-belt", "uv": [ 1.5, 4.0, 4.5, 4.5 ], "autoUv": false },
						"down": { "texture": "#aristocrat-belt", "uv": [ 1.5, 0.0, 4.5, 0.5 ], "autoUv": false }
					}
				},
				{
					"name": "side8",
					"from": [ -0.075, 0.375, 4.275 ],
					"to": [ 2.175, 0.75, 5.025 ],
					"rotationOrigin": [ -0.075, 0.375, 4.275 ],
					"faces": {
						"north": { "texture": "#aristocrat-belt", "uv": [ 3.0, 5.0, 6.0, 5.5 ], "autoUv": false },
						"east": { "texture": "#aristocrat-belt", "uv": [ 4.0, 5.0, 5.0, 5.5 ], "autoUv": false },
						"south": { "texture": "#aristocrat-belt", "uv": [ 2.0, 7.0, 5.0, 7.5 ], "autoUv": false },
						"west": { "texture": "#aristocrat-belt", "uv": [ 4.0, 4.0, 5.0, 4.5 ], "autoUv": false },
						"up": { "texture": "#aristocrat-belt", "uv": [ 2.5, 4.5, 5.5, 5.5 ], "autoUv": false },
						"down": { "texture": "#aristocrat-belt", "uv": [ 3.5, 4.5, 6.5, 5.5 ], "autoUv": false }
					}
				},
				{
					"name": "side9",
					"from": [ 2.55, 0.0, 4.95 ],
					"to": [ 3.675, 0.375, 5.025 ],
					"rotationOrigin": [ 2.925, 0.0, 4.2 ],
					"faces": {
						"east": { "texture": "#aristocrat-belt", "uv": [ 4.0, 5.0, 4.5, 5.5 ], "autoUv": false },
						"south": { "texture": "#aristocrat-belt", "uv": [ 4.5, 5.5, 6.0, 6.0 ], "autoUv": false },
						"west": { "texture": "#aristocrat-belt", "uv": [ 4.0, 4.0, 4.5, 4.5 ], "autoUv": false },
						"up": { "texture": "#aristocrat-belt", "uv": [ 3.0, 6.5, 4.5, 7.0 ], "autoUv": false },
						"down": { "texture": "#aristocrat-belt", "uv": [ 3.5, 0.5, 5.0, 1.0 ], "autoUv": false }
					}
				},
				{
					"name": "side10",
					"from": [ 0.825, 0.75, 4.95 ],
					"to": [ 2.7, 1.125, 5.025 ],
					"rotationOrigin": [ 1.2, 0.75, 4.2 ],
					"faces": {
						"east": { "texture": "#aristocrat-belt", "uv": [ 4.0, 5.0, 4.5, 5.5 ], "autoUv": false },
						"south": { "texture": "#aristocrat-belt", "uv": [ 2.5, 4.5, 5.0, 5.0 ], "autoUv": false },
						"west": { "texture": "#aristocrat-belt", "uv": [ 4.0, 4.0, 4.5, 4.5 ], "autoUv": false },
						"up": { "texture": "#aristocrat-belt", "uv": [ 2.0, 4.0, 4.5, 4.5 ], "autoUv": false },
						"down": { "texture": "#aristocrat-belt", "uv": [ 4.0, 5.0, 6.5, 5.5 ], "autoUv": false }
					}
				},
				{
					"name": "sash-small",
					"from": [ 0.075, -1.95, 2.7 ],
					"to": [ 0.825, 1.05, 4.2 ],
					"rotationOrigin": [ 0.45, 1.05, 3.45 ],
					"rotationZ": -5.0,
					"faces": {
						"north": { "texture": "#aristocrat-belt", "uv": [ 3.0, 6.5, 7.0, 7.5 ], "rotation": 90, "autoUv": false },
						"south": { "texture": "#aristocrat-belt", "uv": [ 3.0, 7.0, 7.0, 8.0 ], "rotation": 90, "autoUv": false },
						"west": { "texture": "#aristocrat-belt", "uv": [ 3.0, 6.0, 7.0, 8.0 ], "rotation": 90, "autoUv": false },
						"down": { "texture": "#aristocrat-belt", "uv": [ 6.0, 6.0, 7.0, 8.0 ], "autoUv": false }
					}
				},
				{
					"name": "sash-big",
					"from": [ 0.0, -3.45, 1.95 ],
					"to": [ 0.75, 1.05, 3.45 ],
					"rotationOrigin": [ 0.375, 1.05, 2.7 ],
					"rotationZ": -8.0,
					"faces": {
						"north": { "texture": "#aristocrat-belt", "uv": [ 1.0, 6.0, 7.0, 7.0 ], "rotation": 90, "autoUv": false },
						"south": { "texture": "#aristocrat-belt", "uv": [ 1.0, 7.0, 7.0, 8.0 ], "rotation": 90, "autoUv": false },
						"west": { "texture": "#aristocrat-belt", "uv": [ 1.0, 6.0, 7.0, 8.0 ], "rotation": 90, "autoUv": false },
						"down": { "texture": "#aristocrat-belt", "uv": [ 6.0, 6.0, 8.0, 7.0 ], "rotation": 90, "autoUv": false }
					},
					"children": [
						{
							"name": "detail1",
							"from": [ 0.0, -0.75, 0.375 ],
							"to": [ 0.75, 0.0, 0.75 ],
							"rotationOrigin": [ 0.0, 0.0, 0.6 ],
							"rotationZ": 5.0,
							"faces": {
								"north": { "texture": "#aristocrat-belt", "uv": [ 6.0, 6.5, 7.0, 7.5 ], "autoUv": false },
								"south": { "texture": "#aristocrat-belt", "uv": [ 7.0, 7.0, 8.0, 8.0 ], "autoUv": false },
								"west": { "texture": "#aristocrat-belt", "uv": [ 7.0, 7.0, 7.5, 8.0 ], "autoUv": false },
								"down": { "texture": "#aristocrat-belt", "uv": [ 7.0, 7.0, 8.0, 7.5 ], "autoUv": false }
							}
						},
						{
							"name": "detail2",
							"from": [ 0.0, -0.375, 0.75 ],
							"to": [ 0.75, 0.0, 1.125 ],
							"rotationOrigin": [ 0.0, 0.0, 0.975 ],
							"rotationZ": 5.0,
							"faces": {
								"east": { "texture": "#aristocrat-belt", "uv": [ 7.0, 6.5, 7.5, 7.0 ], "autoUv": false },
								"south": { "texture": "#aristocrat-belt", "uv": [ 6.5, 7.0, 7.5, 7.5 ], "autoUv": false },
								"west": { "texture": "#aristocrat-belt", "uv": [ 6.5, 7.0, 7.0, 7.5 ], "autoUv": false },
								"down": { "texture": "#aristocrat-belt", "uv": [ 6.5, 6.0, 7.5, 6.5 ], "autoUv": false }
							}
						},
						{
							"name": "front1",
							"from": [ -0.075, 1.125, 0.75 ],
							"to": [ 0.0, 2.625, 1.125 ],
							"rotationOrigin": [ -0.075, 1.125, 0.75 ],
							"faces": {
								"north": { "texture": "#aristocrat-belt", "uv": [ 3.5, 4.5, 4.0, 6.5 ], "autoUv": false },
								"south": { "texture": "#aristocrat-belt", "uv": [ 4.0, 4.0, 4.5, 6.0 ], "autoUv": false },
								"west": { "texture": "#aristocrat-belt", "uv": [ 6.0, 1.5, 8.0, 2.0 ], "rotation": 90, "autoUv": false },
								"up": { "texture": "#aristocrat-belt", "uv": [ 2.0, 4.0, 2.5, 4.5 ], "autoUv": false },
								"down": { "texture": "#aristocrat-belt", "uv": [ 6.0, 3.5, 6.5, 4.0 ], "autoUv": false }
							}
						},
						{
							"name": "front2",
							"from": [ -0.075, 1.125, 0.0 ],
							"to": [ 0.0, 1.875, 0.375 ],
							"rotationOrigin": [ -0.075, 1.125, 0.0 ],
							"faces": {
								"north": { "texture": "#aristocrat-belt", "uv": [ 3.5, 4.5, 4.0, 5.5 ], "autoUv": false },
								"south": { "texture": "#aristocrat-belt", "uv": [ 3.5, 7.0, 4.0, 8.0 ], "autoUv": false },
								"west": { "texture": "#aristocrat-belt", "uv": [ 3.5, 5.5, 4.5, 6.0 ], "rotation": 90, "autoUv": false },
								"up": { "texture": "#aristocrat-belt", "uv": [ 3.0, 3.5, 3.5, 4.0 ], "autoUv": false },
								"down": { "texture": "#aristocrat-belt", "uv": [ 5.5, 5.5, 6.0, 6.0 ], "autoUv": false }
							}
						},
						{
							"name": "front3",
							"from": [ -0.075, 3.0, 0.375 ],
							"to": [ 0.0, 4.5, 0.75 ],
							"rotationOrigin": [ -0.075, 3.0, 0.375 ],
							"faces": {
								"north": { "texture": "#aristocrat-belt", "uv": [ 4.0, 4.5, 4.5, 6.5 ], "autoUv": false },
								"south": { "texture": "#aristocrat-belt", "uv": [ 4.0, 6.0, 4.5, 8.0 ], "autoUv": false },
								"west": { "texture": "#aristocrat-belt", "uv": [ 1.0, 7.0, 3.0, 7.5 ], "rotation": 90, "autoUv": false },
								"down": { "texture": "#aristocrat-belt", "uv": [ 4.0, 5.0, 4.5, 5.5 ], "autoUv": false }
							}
						}
					]
				}
			]
		}
	]}