{
	"editor": {
		"backDropShape": "entity/humanoid/seraph",
		"allAngles": false,
		"entityTextureMode": false
	},
	"textureWidth": 8,
	"textureHeight": 8,
	"textureSizes": {
		"blackguard-belt": [8,8]
	},
	"textures": {
	},
	"elements": [
		{
			"name": "Waist",
			"stepParentName": "LowerTorso",
			"from": [ -0.15, 0.0, -0.225 ],
			"to": [ 3.975, 0.75, 4.725 ],
			"rotationOrigin": [ 0.675, 0.0, 2.1 ],
			"faces": {
				"north": { "texture": "#blackguard-belt", "uv": [ 0.0, 2.5, 1.0, 8.0 ], "rotation": 90, "autoUv": false },
				"east": { "texture": "#blackguard-belt", "uv": [ 0.0, 7.0, 6.5, 8.0 ], "rotation": 180, "autoUv": false },
				"south": { "texture": "#blackguard-belt", "uv": [ 5.5, 2.5, 6.5, 8.0 ], "rotation": 270, "autoUv": false },
				"west": { "texture": "#blackguard-belt", "uv": [ 0.0, 2.5, 6.5, 3.5 ], "autoUv": false },
				"up": { "texture": "#blackguard-belt", "uv": [ 0.0, 2.5, 6.5, 8.0 ], "rotation": 90, "autoUv": false },
				"down": { "texture": "#blackguard-belt", "uv": [ 0.0, 2.5, 6.5, 8.0 ], "rotation": 90, "autoUv": false }
			},
			"children": [
				{
					"name": "BuckleDown",
					"from": [ -0.225, -0.225, 2.625 ],
					"to": [ 0.15, 0.0, 3.375 ],
					"rotationOrigin": [ -0.225, 0.0, 2.625 ],
					"rotationX": -45.0,
					"faces": {
						"south": { "texture": "#blackguard-belt", "uv": [ 0.0, 0.0, 0.5, 0.5 ], "autoUv": false },
						"west": { "texture": "#blackguard-belt", "uv": [ 0.0, 0.0, 1.0, 0.5 ], "autoUv": false },
						"up": { "texture": "#blackguard-belt", "uv": [ 0.0, 0.0, 0.5, 1.0 ], "autoUv": false },
						"down": { "texture": "#blackguard-belt", "uv": [ 0.0, 0.0, 0.5, 1.0 ], "autoUv": false }
					},
					"children": [
						{
							"name": "BuckleL",
							"from": [ 0.0, 0.0, -0.225 ],
							"to": [ 0.375, 0.75, 0.0 ],
							"rotationOrigin": [ 0.0, 0.0, -0.225 ],
							"faces": {
								"north": { "texture": "#blackguard-belt", "uv": [ 0.0, 0.0, 0.5, 1.0 ], "autoUv": false },
								"south": { "texture": "#blackguard-belt", "uv": [ 0.0, 0.0, 0.5, 1.0 ], "autoUv": false },
								"west": { "texture": "#blackguard-belt", "uv": [ 2.0, 0.5, 2.5, 1.5 ], "autoUv": false },
								"down": { "texture": "#blackguard-belt", "uv": [ 0.0, 0.0, 0.5, 0.5 ], "autoUv": false }
							}
						},
						{
							"name": "BuckleR",
							"from": [ 0.0, 0.225, 0.525 ],
							"to": [ 0.375, 0.975, 0.75 ],
							"rotationOrigin": [ 0.0, 0.225, 0.525 ],
							"faces": {
								"north": { "texture": "#blackguard-belt", "uv": [ 0.0, 0.0, 0.5, 1.0 ], "autoUv": false },
								"south": { "texture": "#blackguard-belt", "uv": [ 0.0, 0.0, 0.5, 1.0 ], "autoUv": false },
								"west": { "texture": "#blackguard-belt", "uv": [ 0.0, 0.0, 0.5, 1.0 ], "autoUv": false },
								"up": { "texture": "#blackguard-belt", "uv": [ 0.0, 0.0, 0.5, 0.5 ], "autoUv": false }
							}
						},
						{
							"name": "BuckletTop",
							"from": [ 0.0, 0.75, -0.225 ],
							"to": [ 0.375, 0.975, 0.525 ],
							"rotationOrigin": [ 0.0, 0.75, -0.225 ],
							"faces": {
								"north": { "texture": "#blackguard-belt", "uv": [ 0.0, 0.0, 0.5, 0.5 ], "autoUv": false },
								"west": { "texture": "#blackguard-belt", "uv": [ 0.0, 0.0, 1.0, 0.5 ], "autoUv": false },
								"up": { "texture": "#blackguard-belt", "uv": [ 0.0, 0.0, 0.5, 1.0 ], "autoUv": false },
								"down": { "texture": "#blackguard-belt", "uv": [ 0.0, 0.0, 0.5, 1.0 ], "autoUv": false }
							}
						}
					]
				},
				{
					"name": "BeltPin",
					"from": [ -0.075, 0.225, 1.8 ],
					"to": [ 0.15, 0.45, 2.55 ],
					"rotationOrigin": [ -0.075, 0.225, 1.8 ],
					"faces": {
						"north": { "texture": "#blackguard-belt", "uv": [ 1.0, 0.5, 1.5, 1.0 ], "autoUv": false },
						"south": { "texture": "#blackguard-belt", "uv": [ 0.5, 1.0, 1.0, 1.5 ], "autoUv": false },
						"west": { "texture": "#blackguard-belt", "uv": [ 0.5, 0.0, 1.5, 0.5 ], "autoUv": false },
						"up": { "texture": "#blackguard-belt", "uv": [ 2.0, 0.0, 2.5, 1.0 ], "autoUv": false },
						"down": { "texture": "#blackguard-belt", "uv": [ 2.0, 0.5, 2.5, 1.5 ], "autoUv": false }
					}
				},
				{
					"name": "BeltHole1",
					"from": [ -0.15, 0.225, 3.525 ],
					"to": [ 0.075, 0.45, 3.75 ],
					"rotationOrigin": [ -0.15, 0.3375, 3.6375 ],
					"rotationX": -45.0,
					"faces": {
						"north": { "texture": "#blackguard-belt", "uv": [ 2.0, 0.0, 2.5, 0.5 ], "autoUv": false },
						"south": { "texture": "#blackguard-belt", "uv": [ 1.5, 0.5, 2.0, 1.0 ], "autoUv": false },
						"west": { "texture": "#blackguard-belt", "uv": [ 1.0, 0.5, 1.5, 1.0 ], "autoUv": false },
						"up": { "texture": "#blackguard-belt", "uv": [ 1.5, 1.0, 2.0, 1.5 ], "autoUv": false },
						"down": { "texture": "#blackguard-belt", "uv": [ 1.5, 0.5, 2.0, 1.0 ], "autoUv": false }
					}
				},
				{
					"name": "BeltHole2",
					"from": [ -0.15, 0.225, 4.05 ],
					"to": [ 0.075, 0.45, 4.275 ],
					"rotationOrigin": [ -0.15, 0.3375, 4.1625 ],
					"rotationX": -45.0,
					"faces": {
						"north": { "texture": "#blackguard-belt", "uv": [ 2.0, 0.0, 2.5, 0.5 ], "autoUv": false },
						"south": { "texture": "#blackguard-belt", "uv": [ 1.5, 0.5, 2.0, 1.0 ], "autoUv": false },
						"west": { "texture": "#blackguard-belt", "uv": [ 1.0, 0.5, 1.5, 1.0 ], "autoUv": false },
						"up": { "texture": "#blackguard-belt", "uv": [ 1.5, 1.0, 2.0, 1.5 ], "autoUv": false },
						"down": { "texture": "#blackguard-belt", "uv": [ 1.5, 0.5, 2.0, 1.0 ], "autoUv": false }
					}
				},
				{
					"name": "BeltDown",
					"from": [ 0.0, -2.025, 1.8 ],
					"to": [ 0.375, 0.225, 2.55 ],
					"rotationOrigin": [ 0.0, 0.225, 2.175 ],
					"rotationX": 3.0,
					"rotationY": -4.0,
					"rotationZ": -12.0,
					"faces": {
						"north": { "texture": "#blackguard-belt", "uv": [ 7.5, 3.5, 8.0, 6.5 ], "autoUv": false },
						"east": { "texture": "#blackguard-belt", "uv": [ 7.0, 3.5, 8.0, 6.5 ], "autoUv": false },
						"south": { "texture": "#blackguard-belt", "uv": [ 7.0, 3.5, 7.5, 6.5 ], "autoUv": false },
						"west": { "texture": "#blackguard-belt", "uv": [ 7.0, 3.5, 8.0, 6.5 ], "autoUv": false }
					},
					"children": [
						{
							"name": "BeltTip",
							"from": [ -0.075, -0.375, -0.075 ],
							"to": [ 0.375, 0.0, 0.825 ],
							"rotationOrigin": [ -0.075, 0.0, 0.375 ],
							"faces": {
								"north": { "texture": "#blackguard-belt", "uv": [ 2.0, 0.5, 2.5, 1.0 ], "autoUv": false },
								"east": { "texture": "#blackguard-belt", "uv": [ 1.0, 0.5, 2.0, 1.0 ], "autoUv": false },
								"south": { "texture": "#blackguard-belt", "uv": [ 0.0, 0.0, 0.5, 0.5 ], "autoUv": false },
								"west": { "texture": "#blackguard-belt", "uv": [ 1.5, 0.0, 2.5, 0.5 ], "autoUv": false },
								"up": { "texture": "#blackguard-belt", "uv": [ 1.5, 0.5, 2.0, 1.5 ], "autoUv": false },
								"down": { "texture": "#blackguard-belt", "uv": [ 2.0, 0.0, 2.5, 1.0 ], "autoUv": false }
							}
						},
						{
							"name": "BeltHole3",
							"from": [ -0.15, 1.8, 0.225 ],
							"to": [ 0.075, 2.025, 0.45 ],
							"rotationOrigin": [ 0.0, 1.9125, 0.3375 ],
							"rotationX": -45.0,
							"faces": {
								"north": { "texture": "#blackguard-belt", "uv": [ 0.0, 0.0, 0.5, 0.5 ], "autoUv": false },
								"east": { "texture": "#blackguard-belt", "uv": [ 0.0, 0.0, 0.5, 0.5 ], "autoUv": false },
								"south": { "texture": "#blackguard-belt", "uv": [ 0.0, 0.0, 0.5, 0.5 ], "autoUv": false },
								"west": { "texture": "#blackguard-belt", "uv": [ 2.5, 0.5, 3.0, 1.0 ], "autoUv": false },
								"up": { "texture": "#blackguard-belt", "uv": [ 0.0, 0.0, 0.5, 0.5 ], "autoUv": false },
								"down": { "texture": "#blackguard-belt", "uv": [ 0.0, 0.0, 0.5, 0.5 ], "autoUv": false }
							}
						},
						{
							"name": "BeltHole4",
							"from": [ -0.15, 1.275, 0.225 ],
							"to": [ 0.075, 1.5, 0.45 ],
							"rotationOrigin": [ 0.0, 1.3875, 0.3375 ],
							"rotationX": -45.0,
							"faces": {
								"north": { "texture": "#blackguard-belt", "uv": [ 0.0, 0.0, 0.5, 0.5 ], "autoUv": false },
								"east": { "texture": "#blackguard-belt", "uv": [ 0.0, 0.0, 0.5, 0.5 ], "autoUv": false },
								"south": { "texture": "#blackguard-belt", "uv": [ 0.0, 0.0, 0.5, 0.5 ], "autoUv": false },
								"west": { "texture": "#blackguard-belt", "uv": [ 2.5, 0.5, 3.0, 1.0 ], "autoUv": false },
								"up": { "texture": "#blackguard-belt", "uv": [ 0.0, 0.0, 0.5, 0.5 ], "autoUv": false },
								"down": { "texture": "#blackguard-belt", "uv": [ 0.0, 0.0, 0.5, 0.5 ], "autoUv": false }
							}
						},
						{
							"name": "BeltHole5",
							"from": [ -0.15, 0.75, 0.225 ],
							"to": [ 0.075, 0.975, 0.45 ],
							"rotationOrigin": [ 0.0, 0.8625, 0.3375 ],
							"rotationX": -45.0,
							"faces": {
								"north": { "texture": "#blackguard-belt", "uv": [ 0.0, 0.0, 0.5, 0.5 ], "autoUv": false },
								"east": { "texture": "#blackguard-belt", "uv": [ 0.0, 0.0, 0.5, 0.5 ], "autoUv": false },
								"south": { "texture": "#blackguard-belt", "uv": [ 0.0, 0.0, 0.5, 0.5 ], "autoUv": false },
								"west": { "texture": "#blackguard-belt", "uv": [ 2.5, 0.5, 3.0, 1.0 ], "autoUv": false },
								"up": { "texture": "#blackguard-belt", "uv": [ 0.0, 0.0, 0.5, 0.5 ], "autoUv": false },
								"down": { "texture": "#blackguard-belt", "uv": [ 0.0, 0.0, 0.5, 0.5 ], "autoUv": false }
							}
						}
					]
				}
			]
		}
	]}