{
	"editor": {
		"backDropShape": "entity/humanoid/seraph",
		"collapsedPaths": "Root/Waist",
		"allAngles": false,
		"entityTextureMode": false
	},
	"textureWidth": 8,
	"textureHeight": 8,
	"textureSizes": {
		"fortune-teller-hip-scarf": [8,8]
	},
	"textures": {
	},
	"elements": [
		{
			"name": "Waist",
			"stepParentName": "LowerTorso",
			"from": [ -0.15, 0.375, -0.225 ],
			"to": [ 3.825, 0.75, 4.725 ],
			"rotationOrigin": [ -0.15, 0.375, -0.225 ],
			"faces": {
				"north": { "texture": "#fortune-teller-hip-scarf", "uv": [ 0.0, 7.0, 5.0, 7.5 ], "autoUv": false },
				"east": { "texture": "#fortune-teller-hip-scarf", "uv": [ 0.0, 7.5, 6.5, 8.0 ], "autoUv": false },
				"south": { "texture": "#fortune-teller-hip-scarf", "uv": [ 0.5, 7.0, 5.5, 7.5 ], "autoUv": false },
				"west": { "texture": "#fortune-teller-hip-scarf", "uv": [ 0.0, 7.5, 6.5, 8.0 ], "autoUv": false }
			},
			"children": [
				{
					"name": "buckle",
					"stepParentName": "LowerTorso",
					"from": [ -0.375, 0.0, 1.65 ],
					"to": [ 0.0, 1.125, 2.775 ],
					"rotationOrigin": [ -0.375, 0.6, 2.25 ],
					"faces": {
						"north": { "texture": "#fortune-teller-hip-scarf", "uv": [ 0.5, 0.0, 1.0, 1.5 ], "autoUv": false },
						"south": { "texture": "#fortune-teller-hip-scarf", "uv": [ 0.5, 0.0, 1.0, 1.5 ], "autoUv": false },
						"west": { "texture": "#fortune-teller-hip-scarf", "uv": [ 0.0, 0.0, 1.5, 1.5 ], "autoUv": false },
						"up": { "texture": "#fortune-teller-hip-scarf", "uv": [ 0.0, 0.0, 0.5, 1.5 ], "autoUv": false },
						"down": { "texture": "#fortune-teller-hip-scarf", "uv": [ 1.0, 0.0, 1.5, 1.5 ], "autoUv": false }
					}
				},
				{
					"name": "plate",
					"from": [ -0.225, -0.375, 0.6 ],
					"to": [ 0.15, 0.75, 1.725 ],
					"rotationOrigin": [ -0.225, 0.225, 1.2 ],
					"faces": {
						"north": { "texture": "#fortune-teller-hip-scarf", "uv": [ 0.5, 0.0, 1.0, 1.5 ], "autoUv": false },
						"south": { "texture": "#fortune-teller-hip-scarf", "uv": [ 0.0, 0.0, 0.5, 1.5 ], "autoUv": false },
						"west": { "texture": "#fortune-teller-hip-scarf", "uv": [ 0.0, 0.0, 1.5, 1.5 ], "autoUv": false },
						"up": { "texture": "#fortune-teller-hip-scarf", "uv": [ 0.0, 0.0, 0.5, 1.5 ], "autoUv": false },
						"down": { "texture": "#fortune-teller-hip-scarf", "uv": [ 1.0, 0.0, 1.5, 1.5 ], "autoUv": false }
					}
				},
				{
					"name": "plate4",
					"from": [ -0.225, -0.375, 3.15 ],
					"to": [ 0.15, 0.75, 4.275 ],
					"rotationOrigin": [ -0.225, 0.225, 3.75 ],
					"faces": {
						"north": { "texture": "#fortune-teller-hip-scarf", "uv": [ 0.5, 0.0, 1.0, 1.5 ], "autoUv": false },
						"south": { "texture": "#fortune-teller-hip-scarf", "uv": [ 1.0, 0.0, 1.5, 1.5 ], "autoUv": false },
						"west": { "texture": "#fortune-teller-hip-scarf", "uv": [ 0.0, 0.0, 1.5, 1.5 ], "autoUv": false },
						"up": { "texture": "#fortune-teller-hip-scarf", "uv": [ 0.0, 0.0, 0.5, 1.5 ], "autoUv": false },
						"down": { "texture": "#fortune-teller-hip-scarf", "uv": [ 1.0, 0.0, 1.5, 1.5 ], "autoUv": false }
					}
				},
				{
					"name": "plate5",
					"from": [ 0.075, -0.375, -0.675 ],
					"to": [ 0.525, 0.75, 0.45 ],
					"rotationOrigin": [ 0.15, 0.225, -0.075 ],
					"rotationY": -45.0,
					"faces": {
						"north": { "texture": "#fortune-teller-hip-scarf", "uv": [ 0.5, 0.0, 1.0, 1.5 ], "autoUv": false },
						"south": { "texture": "#fortune-teller-hip-scarf", "uv": [ 1.0, 0.0, 1.5, 1.5 ], "autoUv": false },
						"west": { "texture": "#fortune-teller-hip-scarf", "uv": [ 0.0, 0.0, 1.5, 1.5 ], "autoUv": false },
						"up": { "texture": "#fortune-teller-hip-scarf", "uv": [ 0.0, 0.0, 0.5, 1.5 ], "autoUv": false },
						"down": { "texture": "#fortune-teller-hip-scarf", "uv": [ 1.0, 0.0, 1.5, 1.5 ], "autoUv": false }
					}
				},
				{
					"name": "plate6",
					"from": [ 0.075, -0.375, 4.425 ],
					"to": [ 0.525, 0.75, 5.55 ],
					"rotationOrigin": [ 0.15, 0.225, 5.025 ],
					"rotationY": 45.0,
					"faces": {
						"north": { "texture": "#fortune-teller-hip-scarf", "uv": [ 0.5, 0.0, 1.0, 1.5 ], "autoUv": false },
						"south": { "texture": "#fortune-teller-hip-scarf", "uv": [ 1.0, 0.0, 1.5, 1.5 ], "autoUv": false },
						"west": { "texture": "#fortune-teller-hip-scarf", "uv": [ 0.0, 0.0, 1.5, 1.5 ], "autoUv": false },
						"up": { "texture": "#fortune-teller-hip-scarf", "uv": [ 0.0, 0.0, 0.5, 1.5 ], "autoUv": false },
						"down": { "texture": "#fortune-teller-hip-scarf", "uv": [ 1.0, 0.0, 1.5, 1.5 ], "autoUv": false }
					}
				},
				{
					"name": "plate7",
					"from": [ 3.9, -0.375, 0.675 ],
					"to": [ 4.275, 0.75, 1.8 ],
					"rotationOrigin": [ 3.9, 0.225, 1.275 ],
					"faces": {
						"north": { "texture": "#fortune-teller-hip-scarf", "uv": [ 0.5, 0.0, 1.0, 1.5 ], "autoUv": false },
						"east": { "texture": "#fortune-teller-hip-scarf", "uv": [ 0.0, 0.0, 1.5, 1.5 ], "autoUv": false },
						"south": { "texture": "#fortune-teller-hip-scarf", "uv": [ 1.0, 0.0, 1.5, 1.5 ], "autoUv": false },
						"up": { "texture": "#fortune-teller-hip-scarf", "uv": [ 0.0, 0.0, 0.5, 1.5 ], "autoUv": false },
						"down": { "texture": "#fortune-teller-hip-scarf", "uv": [ 1.0, 0.0, 1.5, 1.5 ], "autoUv": false }
					}
				},
				{
					"name": "plate8",
					"from": [ 3.9, -0.375, 1.9125 ],
					"to": [ 4.275, 0.75, 3.0375 ],
					"rotationOrigin": [ 3.9, 0.225, 2.475 ],
					"faces": {
						"north": { "texture": "#fortune-teller-hip-scarf", "uv": [ 0.5, 0.0, 1.0, 1.5 ], "autoUv": false },
						"east": { "texture": "#fortune-teller-hip-scarf", "uv": [ 0.0, 0.0, 1.5, 1.5 ], "autoUv": false },
						"south": { "texture": "#fortune-teller-hip-scarf", "uv": [ 1.0, 0.0, 1.5, 1.5 ], "autoUv": false },
						"up": { "texture": "#fortune-teller-hip-scarf", "uv": [ 0.0, 0.0, 0.5, 1.5 ], "autoUv": false },
						"down": { "texture": "#fortune-teller-hip-scarf", "uv": [ 1.0, 0.0, 1.5, 1.5 ], "autoUv": false }
					}
				},
				{
					"name": "plate9",
					"from": [ 3.9, -0.375, 3.15 ],
					"to": [ 4.275, 0.75, 4.275 ],
					"rotationOrigin": [ 3.9, 0.225, 3.75 ],
					"faces": {
						"north": { "texture": "#fortune-teller-hip-scarf", "uv": [ 0.5, 0.0, 1.0, 1.5 ], "autoUv": false },
						"east": { "texture": "#fortune-teller-hip-scarf", "uv": [ 0.0, 0.0, 1.5, 1.5 ], "autoUv": false },
						"south": { "texture": "#fortune-teller-hip-scarf", "uv": [ 1.0, 0.0, 1.5, 1.5 ], "autoUv": false },
						"up": { "texture": "#fortune-teller-hip-scarf", "uv": [ 0.0, 0.0, 0.5, 1.5 ], "autoUv": false },
						"down": { "texture": "#fortune-teller-hip-scarf", "uv": [ 1.0, 0.0, 1.5, 1.5 ], "autoUv": false }
					}
				},
				{
					"name": "plate10",
					"from": [ 3.3, -0.375, 4.125 ],
					"to": [ 3.75, 0.75, 5.25 ],
					"rotationOrigin": [ 3.675, 0.225, 4.725 ],
					"rotationY": 135.0,
					"faces": {
						"north": { "texture": "#fortune-teller-hip-scarf", "uv": [ 0.5, 0.0, 1.0, 1.5 ], "autoUv": false },
						"south": { "texture": "#fortune-teller-hip-scarf", "uv": [ 0.5, 0.0, 1.0, 1.5 ], "autoUv": false },
						"west": { "texture": "#fortune-teller-hip-scarf", "uv": [ 0.0, 0.0, 1.5, 1.5 ], "autoUv": false },
						"up": { "texture": "#fortune-teller-hip-scarf", "uv": [ 0.0, 0.0, 0.5, 1.5 ], "autoUv": false },
						"down": { "texture": "#fortune-teller-hip-scarf", "uv": [ 1.0, 0.0, 1.5, 1.5 ], "autoUv": false }
					}
				},
				{
					"name": "plate11",
					"from": [ 3.15, -0.375, -0.375 ],
					"to": [ 3.6, 0.75, 0.75 ],
					"rotationOrigin": [ 3.6, 0.225, 0.225 ],
					"rotationY": -135.0,
					"faces": {
						"north": { "texture": "#fortune-teller-hip-scarf", "uv": [ 0.5, 0.0, 1.0, 1.5 ], "autoUv": false },
						"south": { "texture": "#fortune-teller-hip-scarf", "uv": [ 0.5, 0.0, 1.0, 1.5 ], "autoUv": false },
						"west": { "texture": "#fortune-teller-hip-scarf", "uv": [ 0.0, 0.0, 1.5, 1.5 ], "autoUv": false },
						"up": { "texture": "#fortune-teller-hip-scarf", "uv": [ 0.0, 0.0, 0.5, 1.5 ], "autoUv": false },
						"down": { "texture": "#fortune-teller-hip-scarf", "uv": [ 1.0, 0.0, 1.5, 1.5 ], "autoUv": false }
					}
				},
				{
					"name": "plate12",
					"from": [ 2.625, -0.375, -0.9 ],
					"to": [ 3.0, 0.75, 0.225 ],
					"rotationOrigin": [ 2.625, 0.225, -0.3 ],
					"rotationY": -90.0,
					"faces": {
						"north": { "texture": "#fortune-teller-hip-scarf", "uv": [ 0.5, 0.0, 1.0, 1.5 ], "autoUv": false },
						"south": { "texture": "#fortune-teller-hip-scarf", "uv": [ 1.0, 0.0, 1.5, 1.5 ], "autoUv": false },
						"west": { "texture": "#fortune-teller-hip-scarf", "uv": [ 0.0, 0.0, 1.5, 1.5 ], "autoUv": false },
						"up": { "texture": "#fortune-teller-hip-scarf", "uv": [ 0.0, 0.0, 0.5, 1.5 ], "autoUv": false },
						"down": { "texture": "#fortune-teller-hip-scarf", "uv": [ 1.0, 0.0, 1.5, 1.5 ], "autoUv": false }
					}
				},
				{
					"name": "plate13",
					"from": [ 1.35, -0.375, -0.9 ],
					"to": [ 1.725, 0.75, 0.225 ],
					"rotationOrigin": [ 1.35, 0.225, -0.3 ],
					"rotationY": -90.0,
					"faces": {
						"north": { "texture": "#fortune-teller-hip-scarf", "uv": [ 0.5, 0.0, 1.0, 1.5 ], "autoUv": false },
						"south": { "texture": "#fortune-teller-hip-scarf", "uv": [ 0.5, 0.0, 1.0, 1.5 ], "autoUv": false },
						"west": { "texture": "#fortune-teller-hip-scarf", "uv": [ 0.0, 0.0, 1.5, 1.5 ], "autoUv": false },
						"up": { "texture": "#fortune-teller-hip-scarf", "uv": [ 0.0, 0.0, 0.5, 1.5 ], "autoUv": false },
						"down": { "texture": "#fortune-teller-hip-scarf", "uv": [ 1.0, 0.0, 1.5, 1.5 ], "autoUv": false }
					}
				},
				{
					"name": "plate14",
					"from": [ 1.5, -0.375, 4.725 ],
					"to": [ 1.875, 0.75, 5.85 ],
					"rotationOrigin": [ 1.5, 0.225, 5.325 ],
					"rotationY": 90.0,
					"faces": {
						"north": { "texture": "#fortune-teller-hip-scarf", "uv": [ 0.5, 0.0, 1.0, 1.5 ], "autoUv": false },
						"south": { "texture": "#fortune-teller-hip-scarf", "uv": [ 1.0, 0.0, 1.5, 1.5 ], "autoUv": false },
						"west": { "texture": "#fortune-teller-hip-scarf", "uv": [ 0.0, 0.0, 1.5, 1.5 ], "autoUv": false },
						"up": { "texture": "#fortune-teller-hip-scarf", "uv": [ 0.0, 0.0, 0.5, 1.5 ], "autoUv": false },
						"down": { "texture": "#fortune-teller-hip-scarf", "uv": [ 1.0, 0.0, 1.5, 1.5 ], "autoUv": false }
					}
				},
				{
					"name": "plate15",
					"from": [ 2.7, -0.375, 4.725 ],
					"to": [ 3.075, 0.75, 5.85 ],
					"rotationOrigin": [ 2.7, 0.225, 5.325 ],
					"rotationY": 90.0,
					"faces": {
						"north": { "texture": "#fortune-teller-hip-scarf", "uv": [ 0.5, 0.0, 1.0, 1.5 ], "autoUv": false },
						"south": { "texture": "#fortune-teller-hip-scarf", "uv": [ 1.0, 0.0, 1.5, 1.5 ], "autoUv": false },
						"west": { "texture": "#fortune-teller-hip-scarf", "uv": [ 0.0, 0.0, 1.5, 1.5 ], "autoUv": false },
						"up": { "texture": "#fortune-teller-hip-scarf", "uv": [ 0.0, 0.0, 0.5, 1.5 ], "autoUv": false },
						"down": { "texture": "#fortune-teller-hip-scarf", "uv": [ 1.0, 0.0, 1.5, 1.5 ], "autoUv": false }
					}
				},
				{
					"name": "scarf-back",
					"from": [ 3.75, -4.125, 0.0 ],
					"to": [ 4.125, 0.0, 4.875 ],
					"rotationOrigin": [ 3.75, 0.0, 2.4 ],
					"faces": {
						"north": { "texture": "#fortune-teller-hip-scarf", "uv": [ 7.5, 1.5, 8.0, 7.0 ], "autoUv": false },
						"east": { "texture": "#fortune-teller-hip-scarf", "uv": [ 1.5, 1.5, 8.0, 7.0 ], "autoUv": false },
						"south": { "texture": "#fortune-teller-hip-scarf", "uv": [ 0.5, 1.5, 1.0, 7.0 ], "autoUv": false },
						"down": { "texture": "#fortune-teller-hip-scarf", "uv": [ 1.0, 2.0, 7.5, 2.5 ], "rotation": 90, "autoUv": false }
					},
					"children": [
						{
							"name": "scarf-backbottom",
							"from": [ 0.0, -1.05, 0.75 ],
							"to": [ 0.375, 0.075, 3.975 ],
							"rotationOrigin": [ 0.0, 0.15, 2.25 ],
							"rotationZ": -5.0,
							"faces": {
								"north": { "texture": "#fortune-teller-hip-scarf", "uv": [ 5.0, 4.5, 5.5, 6.0 ], "autoUv": false },
								"east": { "texture": "#fortune-teller-hip-scarf", "uv": [ 2.0, 4.0, 6.0, 5.5 ], "autoUv": false },
								"south": { "texture": "#fortune-teller-hip-scarf", "uv": [ 0.5, 3.0, 1.0, 4.5 ], "autoUv": false },
								"down": { "texture": "#fortune-teller-hip-scarf", "uv": [ 2.5, 5.5, 6.5, 6.0 ], "rotation": 90, "autoUv": false }
							}
						},
						{
							"name": "scarf-right",
							"from": [ -2.625, 0.75, -0.375 ],
							"to": [ 0.0, 4.125, 0.0 ],
							"rotationOrigin": [ -2.25, 3.75, 0.0 ],
							"faces": {
								"north": { "texture": "#fortune-teller-hip-scarf", "uv": [ 0.5, 2.0, 4.0, 6.5 ], "autoUv": false },
								"east": { "texture": "#fortune-teller-hip-scarf", "uv": [ 1.5, 2.0, 2.0, 6.5 ], "autoUv": false },
								"west": { "texture": "#fortune-teller-hip-scarf", "uv": [ 1.5, 2.0, 2.0, 6.5 ], "autoUv": false },
								"up": { "texture": "#fortune-teller-hip-scarf", "uv": [ 2.0, 1.5, 5.5, 2.0 ], "autoUv": false },
								"down": { "texture": "#fortune-teller-hip-scarf", "uv": [ 2.0, 1.5, 5.5, 2.0 ], "autoUv": false }
							}
						},
						{
							"name": "scarf-left",
							"from": [ -2.625, 0.75, 4.875 ],
							"to": [ 0.0, 4.125, 5.25 ],
							"rotationOrigin": [ -2.25, 3.75, 5.25 ],
							"faces": {
								"east": { "texture": "#fortune-teller-hip-scarf", "uv": [ 1.5, 2.0, 2.0, 6.5 ], "autoUv": false },
								"south": { "texture": "#fortune-teller-hip-scarf", "uv": [ 2.5, 1.5, 6.0, 6.0 ], "autoUv": false },
								"west": { "texture": "#fortune-teller-hip-scarf", "uv": [ 1.5, 2.0, 2.0, 6.5 ], "autoUv": false },
								"down": { "texture": "#fortune-teller-hip-scarf", "uv": [ 2.0, 1.5, 5.5, 2.0 ], "autoUv": false }
							}
						},
						{
							"name": "scarf-right2",
							"from": [ -3.375, 1.5, -0.375 ],
							"to": [ -2.625, 4.125, 0.0 ],
							"rotationOrigin": [ -2.625, 4.125, 0.0 ],
							"faces": {
								"north": { "texture": "#fortune-teller-hip-scarf", "uv": [ 4.0, 3.0, 5.0, 6.5 ], "autoUv": false },
								"west": { "texture": "#fortune-teller-hip-scarf", "uv": [ 3.5, 2.5, 4.0, 6.0 ], "autoUv": false },
								"up": { "texture": "#fortune-teller-hip-scarf", "uv": [ 1.5, 2.0, 2.5, 2.5 ], "autoUv": false },
								"down": { "texture": "#fortune-teller-hip-scarf", "uv": [ 4.5, 2.5, 5.5, 3.0 ], "autoUv": false }
							}
						},
						{
							"name": "scarf-left2",
							"from": [ -3.375, 1.5, 4.875 ],
							"to": [ -2.625, 4.125, 5.25 ],
							"rotationOrigin": [ -2.625, 4.125, 5.25 ],
							"faces": {
								"south": { "texture": "#fortune-teller-hip-scarf", "uv": [ 4.0, 2.5, 5.0, 6.0 ], "autoUv": false },
								"west": { "texture": "#fortune-teller-hip-scarf", "uv": [ 3.5, 2.5, 4.0, 6.0 ], "autoUv": false },
								"up": { "texture": "#fortune-teller-hip-scarf", "uv": [ 1.5, 2.0, 2.5, 2.5 ], "autoUv": false },
								"down": { "texture": "#fortune-teller-hip-scarf", "uv": [ 4.5, 2.5, 5.5, 3.0 ], "autoUv": false }
							}
						},
						{
							"name": "Cube31",
							"from": [ 0.0, -0.75, 0.15 ],
							"to": [ 0.375, 0.0, 0.525 ],
							"rotationOrigin": [ 0.1875, 0.0, 0.3375 ],
							"rotationY": -45.0,
							"faces": {
								"north": { "texture": "#fortune-teller-hip-scarf", "uv": [ 0.0, 0.0, 0.5, 1.0 ], "autoUv": false },
								"east": { "texture": "#fortune-teller-hip-scarf", "uv": [ 0.0, 0.0, 0.5, 1.0 ], "autoUv": false },
								"south": { "texture": "#fortune-teller-hip-scarf", "uv": [ 0.0, 0.0, 0.5, 1.0 ], "autoUv": false },
								"west": { "texture": "#fortune-teller-hip-scarf", "uv": [ 0.0, 0.0, 0.5, 1.0 ], "autoUv": false },
								"up": { "texture": "#fortune-teller-hip-scarf", "uv": [ 0.0, 0.0, 0.5, 0.5 ], "autoUv": false },
								"down": { "texture": "#fortune-teller-hip-scarf", "uv": [ 0.0, 0.0, 0.5, 0.5 ], "autoUv": false }
							}
						},
						{
							"name": "Cube32",
							"from": [ -0.15, -1.8, 0.9 ],
							"to": [ 0.225, -1.05, 1.275 ],
							"rotationOrigin": [ 0.0375, -1.05, 1.0875 ],
							"rotationY": -45.0,
							"faces": {
								"north": { "texture": "#fortune-teller-hip-scarf", "uv": [ 1.0, 7.0, 1.5, 8.0 ], "autoUv": false },
								"east": { "texture": "#fortune-teller-hip-scarf", "uv": [ 5.5, 7.0, 6.0, 8.0 ], "autoUv": false },
								"south": { "texture": "#fortune-teller-hip-scarf", "uv": [ 1.5, 7.0, 2.0, 8.0 ], "autoUv": false },
								"west": { "texture": "#fortune-teller-hip-scarf", "uv": [ 0.0, 0.0, 0.5, 1.0 ], "autoUv": false },
								"down": { "texture": "#fortune-teller-hip-scarf", "uv": [ 1.0, 1.0, 1.5, 1.5 ], "autoUv": false }
							}
						},
						{
							"name": "Cube33",
							"from": [ -0.15, -1.8, 1.65 ],
							"to": [ 0.225, -1.05, 2.025 ],
							"rotationOrigin": [ 0.0375, -1.05, 1.8375 ],
							"rotationY": -45.0,
							"faces": {
								"north": { "texture": "#fortune-teller-hip-scarf", "uv": [ 5.5, 7.0, 6.0, 8.0 ], "autoUv": false },
								"east": { "texture": "#fortune-teller-hip-scarf", "uv": [ 5.5, 7.0, 6.0, 8.0 ], "autoUv": false },
								"south": { "texture": "#fortune-teller-hip-scarf", "uv": [ 1.5, 7.0, 2.0, 8.0 ], "autoUv": false },
								"west": { "texture": "#fortune-teller-hip-scarf", "uv": [ 1.0, 7.0, 1.5, 8.0 ], "autoUv": false },
								"down": { "texture": "#fortune-teller-hip-scarf", "uv": [ 0.0, 0.0, 0.5, 0.5 ], "autoUv": false }
							}
						},
						{
							"name": "Cube34",
							"from": [ -0.15, -1.8, 2.55 ],
							"to": [ 0.225, -1.05, 2.925 ],
							"rotationOrigin": [ 0.0375, -1.05, 2.7375 ],
							"rotationY": -45.0,
							"faces": {
								"north": { "texture": "#fortune-teller-hip-scarf", "uv": [ 5.5, 7.0, 6.0, 8.0 ], "autoUv": false },
								"east": { "texture": "#fortune-teller-hip-scarf", "uv": [ 5.5, 7.0, 6.0, 8.0 ], "autoUv": false },
								"south": { "texture": "#fortune-teller-hip-scarf", "uv": [ 1.5, 7.0, 2.0, 8.0 ], "autoUv": false },
								"west": { "texture": "#fortune-teller-hip-scarf", "uv": [ 1.0, 7.0, 1.5, 8.0 ], "autoUv": false },
								"down": { "texture": "#fortune-teller-hip-scarf", "uv": [ 0.0, 0.0, 0.5, 0.5 ], "autoUv": false }
							}
						},
						{
							"name": "Cube35",
							"from": [ -0.15, -1.8, 3.375 ],
							"to": [ 0.225, -1.05, 3.75 ],
							"rotationOrigin": [ 0.0375, -1.05, 3.5625 ],
							"rotationY": -45.0,
							"faces": {
								"north": { "texture": "#fortune-teller-hip-scarf", "uv": [ 1.0, 7.0, 1.5, 8.0 ], "autoUv": false },
								"east": { "texture": "#fortune-teller-hip-scarf", "uv": [ 5.5, 7.0, 6.0, 8.0 ], "autoUv": false },
								"south": { "texture": "#fortune-teller-hip-scarf", "uv": [ 1.5, 7.0, 2.0, 8.0 ], "autoUv": false },
								"west": { "texture": "#fortune-teller-hip-scarf", "uv": [ 0.0, 0.0, 0.5, 1.0 ], "autoUv": false },
								"down": { "texture": "#fortune-teller-hip-scarf", "uv": [ 1.0, 1.0, 1.5, 1.5 ], "autoUv": false }
							}
						},
						{
							"name": "Cube36",
							"from": [ 0.0, -0.75, 4.2 ],
							"to": [ 0.375, 0.0, 4.575 ],
							"rotationOrigin": [ 0.1875, 0.0, 4.3875 ],
							"rotationY": -45.0,
							"faces": {
								"north": { "texture": "#fortune-teller-hip-scarf", "uv": [ 4.0, 7.0, 4.5, 8.0 ], "autoUv": false },
								"east": { "texture": "#fortune-teller-hip-scarf", "uv": [ 5.0, 7.0, 5.5, 8.0 ], "autoUv": false },
								"south": { "texture": "#fortune-teller-hip-scarf", "uv": [ 1.0, 7.0, 1.5, 8.0 ], "autoUv": false },
								"west": { "texture": "#fortune-teller-hip-scarf", "uv": [ 4.0, 7.0, 4.5, 8.0 ], "autoUv": false },
								"up": { "texture": "#fortune-teller-hip-scarf", "uv": [ 0.0, 0.0, 0.5, 0.5 ], "autoUv": false },
								"down": { "texture": "#fortune-teller-hip-scarf", "uv": [ 0.0, 0.0, 0.5, 0.5 ], "autoUv": false }
							}
						},
						{
							"name": "Cube37",
							"from": [ -0.75, 0.0, 4.875 ],
							"to": [ -0.375, 0.75, 5.25 ],
							"rotationOrigin": [ -0.5625, 0.75, 5.0625 ],
							"rotationY": -45.0,
							"faces": {
								"north": { "texture": "#fortune-teller-hip-scarf", "uv": [ 4.0, 7.0, 4.5, 8.0 ], "autoUv": false },
								"east": { "texture": "#fortune-teller-hip-scarf", "uv": [ 5.0, 7.0, 5.5, 8.0 ], "autoUv": false },
								"south": { "texture": "#fortune-teller-hip-scarf", "uv": [ 1.0, 7.0, 1.5, 8.0 ], "autoUv": false },
								"west": { "texture": "#fortune-teller-hip-scarf", "uv": [ 4.0, 7.0, 4.5, 8.0 ], "autoUv": false },
								"up": { "texture": "#fortune-teller-hip-scarf", "uv": [ 0.0, 0.0, 0.5, 0.5 ], "autoUv": false },
								"down": { "texture": "#fortune-teller-hip-scarf", "uv": [ 0.0, 0.0, 0.5, 0.5 ], "autoUv": false }
							}
						},
						{
							"name": "Cube38",
							"from": [ -1.5, 0.0, 4.875 ],
							"to": [ -1.125, 0.75, 5.25 ],
							"rotationOrigin": [ -1.3125, 0.75, 5.0625 ],
							"rotationY": -45.0,
							"faces": {
								"north": { "texture": "#fortune-teller-hip-scarf", "uv": [ 4.0, 7.0, 4.5, 8.0 ], "autoUv": false },
								"east": { "texture": "#fortune-teller-hip-scarf", "uv": [ 5.0, 7.0, 5.5, 8.0 ], "autoUv": false },
								"south": { "texture": "#fortune-teller-hip-scarf", "uv": [ 1.0, 7.0, 1.5, 8.0 ], "autoUv": false },
								"west": { "texture": "#fortune-teller-hip-scarf", "uv": [ 4.0, 7.0, 4.5, 8.0 ], "autoUv": false },
								"up": { "texture": "#fortune-teller-hip-scarf", "uv": [ 0.0, 0.0, 0.5, 0.5 ], "autoUv": false },
								"down": { "texture": "#fortune-teller-hip-scarf", "uv": [ 0.0, 0.0, 0.5, 0.5 ], "autoUv": false }
							}
						},
						{
							"name": "Cube39",
							"from": [ -2.25, 0.0, 4.875 ],
							"to": [ -1.875, 0.75, 5.25 ],
							"rotationOrigin": [ -2.0625, 0.75, 5.0625 ],
							"rotationY": -45.0,
							"faces": {
								"north": { "texture": "#fortune-teller-hip-scarf", "uv": [ 4.0, 7.0, 4.5, 8.0 ], "autoUv": false },
								"east": { "texture": "#fortune-teller-hip-scarf", "uv": [ 5.0, 7.0, 5.5, 8.0 ], "autoUv": false },
								"south": { "texture": "#fortune-teller-hip-scarf", "uv": [ 1.0, 7.0, 1.5, 8.0 ], "autoUv": false },
								"west": { "texture": "#fortune-teller-hip-scarf", "uv": [ 4.0, 7.0, 4.5, 8.0 ], "autoUv": false },
								"up": { "texture": "#fortune-teller-hip-scarf", "uv": [ 0.0, 0.0, 0.5, 0.5 ], "autoUv": false },
								"down": { "texture": "#fortune-teller-hip-scarf", "uv": [ 0.0, 0.0, 0.5, 0.5 ], "autoUv": false }
							}
						},
						{
							"name": "Cube40",
							"from": [ -3.15, 0.75, 4.875 ],
							"to": [ -2.775, 1.5, 5.25 ],
							"rotationOrigin": [ -2.9625, 1.5, 5.0625 ],
							"rotationY": -45.0,
							"faces": {
								"north": { "texture": "#fortune-teller-hip-scarf", "uv": [ 4.0, 7.0, 4.5, 8.0 ], "autoUv": false },
								"east": { "texture": "#fortune-teller-hip-scarf", "uv": [ 5.0, 7.0, 5.5, 8.0 ], "autoUv": false },
								"south": { "texture": "#fortune-teller-hip-scarf", "uv": [ 1.0, 7.0, 1.5, 8.0 ], "autoUv": false },
								"west": { "texture": "#fortune-teller-hip-scarf", "uv": [ 4.0, 7.0, 4.5, 8.0 ], "autoUv": false },
								"up": { "texture": "#fortune-teller-hip-scarf", "uv": [ 0.0, 0.0, 0.5, 0.5 ], "autoUv": false },
								"down": { "texture": "#fortune-teller-hip-scarf", "uv": [ 0.0, 0.0, 0.5, 0.5 ], "autoUv": false }
							}
						},
						{
							"name": "Cube41",
							"from": [ -0.6, 0.0, -0.375 ],
							"to": [ -0.225, 0.75, 0.0 ],
							"rotationOrigin": [ -0.4125, 0.75, -0.1875 ],
							"rotationY": -45.0,
							"faces": {
								"north": { "texture": "#fortune-teller-hip-scarf", "uv": [ 5.5, 7.0, 6.0, 8.0 ], "autoUv": false },
								"east": { "texture": "#fortune-teller-hip-scarf", "uv": [ 5.5, 7.0, 6.0, 8.0 ], "autoUv": false },
								"south": { "texture": "#fortune-teller-hip-scarf", "uv": [ 1.5, 7.0, 2.0, 8.0 ], "autoUv": false },
								"west": { "texture": "#fortune-teller-hip-scarf", "uv": [ 2.5, 7.0, 3.0, 8.0 ], "autoUv": false },
								"up": { "texture": "#fortune-teller-hip-scarf", "uv": [ 0.0, 0.0, 0.5, 0.5 ], "autoUv": false },
								"down": { "texture": "#fortune-teller-hip-scarf", "uv": [ 0.0, 0.0, 0.5, 0.5 ], "autoUv": false }
							}
						},
						{
							"name": "Cube42",
							"from": [ -1.35, 0.0, -0.375 ],
							"to": [ -0.975, 0.75, 0.0 ],
							"rotationOrigin": [ -1.1625, 0.75, -0.1875 ],
							"rotationY": -45.0,
							"faces": {
								"north": { "texture": "#fortune-teller-hip-scarf", "uv": [ 5.5, 7.0, 6.0, 8.0 ], "autoUv": false },
								"east": { "texture": "#fortune-teller-hip-scarf", "uv": [ 5.5, 7.0, 6.0, 8.0 ], "autoUv": false },
								"south": { "texture": "#fortune-teller-hip-scarf", "uv": [ 1.5, 7.0, 2.0, 8.0 ], "autoUv": false },
								"west": { "texture": "#fortune-teller-hip-scarf", "uv": [ 3.5, 7.0, 4.0, 8.0 ], "autoUv": false },
								"up": { "texture": "#fortune-teller-hip-scarf", "uv": [ 0.0, 0.0, 0.5, 0.5 ], "autoUv": false },
								"down": { "texture": "#fortune-teller-hip-scarf", "uv": [ 0.0, 0.0, 0.5, 0.5 ], "autoUv": false }
							}
						},
						{
							"name": "Cube43",
							"from": [ -2.1, 0.0, -0.375 ],
							"to": [ -1.725, 0.75, 0.0 ],
							"rotationOrigin": [ -1.9125, 0.75, -0.1875 ],
							"rotationY": -45.0,
							"faces": {
								"north": { "texture": "#fortune-teller-hip-scarf", "uv": [ 4.5, 7.0, 5.0, 8.0 ], "autoUv": false },
								"east": { "texture": "#fortune-teller-hip-scarf", "uv": [ 5.0, 7.0, 5.5, 8.0 ], "autoUv": false },
								"south": { "texture": "#fortune-teller-hip-scarf", "uv": [ 1.5, 7.0, 2.0, 8.0 ], "autoUv": false },
								"west": { "texture": "#fortune-teller-hip-scarf", "uv": [ 1.0, 7.0, 1.5, 8.0 ], "autoUv": false },
								"up": { "texture": "#fortune-teller-hip-scarf", "uv": [ 0.0, 0.0, 0.5, 0.5 ], "autoUv": false },
								"down": { "texture": "#fortune-teller-hip-scarf", "uv": [ 0.0, 0.0, 0.5, 0.5 ], "autoUv": false }
							}
						},
						{
							"name": "Cube44",
							"from": [ -3.3, 0.75, -0.375 ],
							"to": [ -2.925, 1.5, 0.0 ],
							"rotationOrigin": [ -3.1125, 1.5, -0.1875 ],
							"rotationY": -45.0,
							"faces": {
								"north": { "texture": "#fortune-teller-hip-scarf", "uv": [ 5.5, 7.0, 6.0, 8.0 ], "autoUv": false },
								"east": { "texture": "#fortune-teller-hip-scarf", "uv": [ 5.5, 7.0, 6.0, 8.0 ], "autoUv": false },
								"south": { "texture": "#fortune-teller-hip-scarf", "uv": [ 1.5, 7.0, 2.0, 8.0 ], "autoUv": false },
								"west": { "texture": "#fortune-teller-hip-scarf", "uv": [ 1.0, 7.0, 1.5, 8.0 ], "autoUv": false },
								"down": { "texture": "#fortune-teller-hip-scarf", "uv": [ 0.0, 0.0, 0.5, 0.5 ], "autoUv": false }
							}
						}
					]
				},
				{
					"name": "scarf-front",
					"from": [ -0.075, -2.25, -0.075 ],
					"to": [ 0.3, 0.0, 2.55 ],
					"rotationOrigin": [ 0.3, 0.0, 1.425 ],
					"rotationZ": -8.0,
					"faces": {
						"north": { "texture": "#fortune-teller-hip-scarf", "uv": [ 2.0, 2.0, 2.5, 5.0 ], "autoUv": false },
						"south": { "texture": "#fortune-teller-hip-scarf", "uv": [ 2.0, 2.0, 2.5, 5.0 ], "autoUv": false },
						"west": { "texture": "#fortune-teller-hip-scarf", "uv": [ 3.0, 1.5, 6.5, 4.5 ], "autoUv": false },
						"up": { "texture": "#fortune-teller-hip-scarf", "uv": [ 1.5, 2.5, 2.0, 6.0 ], "autoUv": false },
						"down": { "texture": "#fortune-teller-hip-scarf", "uv": [ 1.5, 2.5, 2.0, 6.0 ], "autoUv": false }
					},
					"children": [
						{
							"name": "scarf-front2",
							"from": [ 0.0, -1.125, 0.45 ],
							"to": [ 0.375, 0.0, 1.95 ],
							"rotationOrigin": [ 0.0, 0.0, 1.2 ],
							"faces": {
								"north": { "texture": "#fortune-teller-hip-scarf", "uv": [ 3.0, 2.5, 3.5, 4.0 ], "autoUv": false },
								"south": { "texture": "#fortune-teller-hip-scarf", "uv": [ 3.0, 3.0, 3.5, 4.5 ], "autoUv": false },
								"west": { "texture": "#fortune-teller-hip-scarf", "uv": [ 4.0, 3.0, 6.0, 4.5 ], "autoUv": false },
								"down": { "texture": "#fortune-teller-hip-scarf", "uv": [ 2.5, 3.0, 3.0, 5.0 ], "autoUv": false }
							}
						},
						{
							"name": "scarf-front1",
							"from": [ 0.0, 0.75, 3.375 ],
							"to": [ 0.375, 1.875, 4.875 ],
							"rotationOrigin": [ 0.0, 1.875, 3.375 ],
							"faces": {
								"north": { "texture": "#fortune-teller-hip-scarf", "uv": [ 1.5, 3.5, 2.0, 5.0 ], "autoUv": false },
								"south": { "texture": "#fortune-teller-hip-scarf", "uv": [ 2.0, 1.5, 2.5, 3.0 ], "autoUv": false },
								"west": { "texture": "#fortune-teller-hip-scarf", "uv": [ 3.0, 2.0, 5.0, 3.5 ], "autoUv": false },
								"up": { "texture": "#fortune-teller-hip-scarf", "uv": [ 3.5, 3.0, 4.0, 5.0 ], "autoUv": false },
								"down": { "texture": "#fortune-teller-hip-scarf", "uv": [ 1.5, 3.5, 2.0, 5.5 ], "autoUv": false }
							},
							"children": [
								{
									"name": "Cube1",
									"from": [ 0.15, -0.75, 0.0 ],
									"to": [ 0.525, 0.0, 0.375 ],
									"rotationOrigin": [ 0.3, 0.0, 0.15 ],
									"rotationY": -45.0,
									"faces": {
										"north": { "texture": "#fortune-teller-hip-scarf", "uv": [ 3.5, 7.0, 4.0, 8.0 ], "autoUv": false },
										"east": { "texture": "#fortune-teller-hip-scarf", "uv": [ 3.5, 7.0, 4.0, 8.0 ], "autoUv": false },
										"south": { "texture": "#fortune-teller-hip-scarf", "uv": [ 2.0, 7.0, 2.5, 8.0 ], "autoUv": false },
										"west": { "texture": "#fortune-teller-hip-scarf", "uv": [ 4.5, 7.0, 5.0, 8.0 ], "autoUv": false },
										"up": { "texture": "#fortune-teller-hip-scarf", "uv": [ 0.0, 0.0, 0.5, 0.5 ], "autoUv": false },
										"down": { "texture": "#fortune-teller-hip-scarf", "uv": [ 3.5, 7.5, 4.0, 8.0 ], "autoUv": false }
									}
								},
								{
									"name": "Cube26",
									"from": [ 0.15, -0.75, 0.975 ],
									"to": [ 0.525, 0.0, 1.35 ],
									"rotationOrigin": [ 0.3, 0.0, 1.125 ],
									"rotationY": -45.0,
									"faces": {
										"north": { "texture": "#fortune-teller-hip-scarf", "uv": [ 3.5, 7.0, 4.0, 8.0 ], "autoUv": false },
										"east": { "texture": "#fortune-teller-hip-scarf", "uv": [ 3.5, 7.0, 4.0, 8.0 ], "autoUv": false },
										"south": { "texture": "#fortune-teller-hip-scarf", "uv": [ 3.5, 7.0, 4.0, 8.0 ], "autoUv": false },
										"west": { "texture": "#fortune-teller-hip-scarf", "uv": [ 2.0, 7.0, 2.5, 8.0 ], "autoUv": false },
										"up": { "texture": "#fortune-teller-hip-scarf", "uv": [ 0.0, 0.0, 0.5, 0.5 ], "autoUv": false },
										"down": { "texture": "#fortune-teller-hip-scarf", "uv": [ 3.5, 7.5, 4.0, 8.0 ], "autoUv": false }
									}
								},
								{
									"name": "Cube27",
									"from": [ 0.0, -1.5, -1.275 ],
									"to": [ 0.375, -0.75, -0.9 ],
									"rotationOrigin": [ 0.15, -0.75, -1.125 ],
									"rotationY": -45.0,
									"faces": {
										"north": { "texture": "#fortune-teller-hip-scarf", "uv": [ 3.5, 7.0, 4.0, 8.0 ], "autoUv": false },
										"east": { "texture": "#fortune-teller-hip-scarf", "uv": [ 3.5, 7.0, 4.0, 8.0 ], "autoUv": false },
										"south": { "texture": "#fortune-teller-hip-scarf", "uv": [ 3.5, 7.0, 4.0, 8.0 ], "autoUv": false },
										"west": { "texture": "#fortune-teller-hip-scarf", "uv": [ 2.0, 7.0, 2.5, 8.0 ], "autoUv": false },
										"up": { "texture": "#fortune-teller-hip-scarf", "uv": [ 0.0, 0.0, 0.5, 0.5 ], "autoUv": false },
										"down": { "texture": "#fortune-teller-hip-scarf", "uv": [ 3.5, 7.5, 4.0, 8.0 ], "autoUv": false }
									}
								},
								{
									"name": "Cube28",
									"from": [ 0.0, -2.625, -2.025 ],
									"to": [ 0.375, -1.875, -1.65 ],
									"rotationOrigin": [ 0.15, -1.875, -1.875 ],
									"rotationY": -45.0,
									"faces": {
										"north": { "texture": "#fortune-teller-hip-scarf", "uv": [ 3.5, 7.0, 4.0, 8.0 ], "autoUv": false },
										"east": { "texture": "#fortune-teller-hip-scarf", "uv": [ 3.5, 7.0, 4.0, 8.0 ], "autoUv": false },
										"south": { "texture": "#fortune-teller-hip-scarf", "uv": [ 1.0, 7.0, 1.5, 8.0 ], "autoUv": false },
										"west": { "texture": "#fortune-teller-hip-scarf", "uv": [ 5.0, 7.0, 5.5, 8.0 ], "autoUv": false },
										"up": { "texture": "#fortune-teller-hip-scarf", "uv": [ 0.0, 0.0, 0.5, 0.5 ], "autoUv": false },
										"down": { "texture": "#fortune-teller-hip-scarf", "uv": [ 3.5, 7.5, 4.0, 8.0 ], "autoUv": false }
									}
								},
								{
									"name": "Cube29",
									"from": [ 0.0, -2.625, -2.775 ],
									"to": [ 0.375, -1.875, -2.4 ],
									"rotationOrigin": [ 0.15, -1.875, -2.625 ],
									"rotationY": -45.0,
									"faces": {
										"north": { "texture": "#fortune-teller-hip-scarf", "uv": [ 3.5, 7.0, 4.0, 8.0 ], "autoUv": false },
										"east": { "texture": "#fortune-teller-hip-scarf", "uv": [ 3.5, 7.0, 4.0, 8.0 ], "autoUv": false },
										"south": { "texture": "#fortune-teller-hip-scarf", "uv": [ 2.0, 7.0, 2.5, 8.0 ], "autoUv": false },
										"west": { "texture": "#fortune-teller-hip-scarf", "uv": [ 4.0, 7.0, 4.5, 8.0 ], "autoUv": false },
										"up": { "texture": "#fortune-teller-hip-scarf", "uv": [ 0.0, 0.0, 0.5, 0.5 ], "autoUv": false },
										"down": { "texture": "#fortune-teller-hip-scarf", "uv": [ 3.5, 7.5, 4.0, 8.0 ], "autoUv": false }
									}
								},
								{
									"name": "Cube30",
									"from": [ 0.0, -1.5, -3.45 ],
									"to": [ 0.375, -0.75, -3.075 ],
									"rotationOrigin": [ 0.15, -0.75, -3.3 ],
									"rotationY": -45.0,
									"faces": {
										"north": { "texture": "#fortune-teller-hip-scarf", "uv": [ 3.5, 7.0, 4.0, 8.0 ], "autoUv": false },
										"east": { "texture": "#fortune-teller-hip-scarf", "uv": [ 3.5, 7.0, 4.0, 8.0 ], "autoUv": false },
										"south": { "texture": "#fortune-teller-hip-scarf", "uv": [ 2.0, 7.0, 2.5, 8.0 ], "autoUv": false },
										"west": { "texture": "#fortune-teller-hip-scarf", "uv": [ 4.0, 7.0, 4.5, 8.0 ], "autoUv": false },
										"up": { "texture": "#fortune-teller-hip-scarf", "uv": [ 0.0, 0.0, 0.5, 0.5 ], "autoUv": false },
										"down": { "texture": "#fortune-teller-hip-scarf", "uv": [ 3.5, 7.5, 4.0, 8.0 ], "autoUv": false }
									}
								}
							]
						}
					]
				}
			]
		}
	]}