{
	"editor": {
		"backDropShape": "entity/humanoid/seraph",
		"allAngles": false,
		"entityTextureMode": false
	},
	"textureWidth": 8,
	"textureHeight": 8,
	"textureSizes": {
		"gold-waist-chain": [8,8]
	},
	"textures": {
	},
	"elements": [
		{
			"name": "Waist",
			"stepParentName": "LowerTorso",
			"from": [ -0.15, 0.0, -0.225 ],
			"to": [ 3.9, 0.375, 4.725 ],
			"rotationOrigin": [ 2.1, 0.0, 2.175 ],
			"faces": {
				"north": { "texture": "#gold-waist-chain", "uv": [ 1.0, 0.0, 6.0, 0.5 ], "autoUv": false },
				"east": { "texture": "#gold-waist-chain", "uv": [ 1.0, 1.0, 7.5, 1.5 ], "autoUv": false },
				"south": { "texture": "#gold-waist-chain", "uv": [ 2.0, 0.5, 7.0, 1.0 ], "autoUv": false },
				"west": { "texture": "#gold-waist-chain", "uv": [ 0.5, 0.5, 7.0, 1.0 ], "autoUv": false },
				"up": { "texture": "#gold-waist-chain", "uv": [ 0.0, 0.5, 5.0, 7.0 ], "autoUv": false },
				"down": { "texture": "#gold-waist-chain", "uv": [ 0.0, 0.5, 5.0, 7.0 ], "autoUv": false }
			},
			"children": [
				{
					"name": "Gem",
					"from": [ -0.15, -0.225, 2.1 ],
					"to": [ 0.225, 0.525, 2.85 ],
					"rotationOrigin": [ -0.15, -0.225, 2.475 ],
					"faces": {
						"west": { "texture": "#gold-waist-chain", "uv": [ 7.0, 2.5, 8.0, 3.5 ], "autoUv": false }
					},
					"children": [
						{
							"name": "frametop",
							"from": [ -0.15, 0.75, 0.0 ],
							"to": [ 0.375, 1.5, 0.75 ],
							"rotationOrigin": [ -0.15, 0.75, 0.0 ],
							"faces": {
								"north": { "texture": "#gold-waist-chain", "uv": [ 0.0, 0.0, 0.5, 1.0 ], "autoUv": false },
								"south": { "texture": "#gold-waist-chain", "uv": [ 6.0, 0.0, 6.5, 1.0 ], "autoUv": false },
								"west": { "texture": "#gold-waist-chain", "uv": [ 5.5, 0.5, 6.5, 1.5 ], "autoUv": false },
								"up": { "texture": "#gold-waist-chain", "uv": [ 5.0, 0.0, 5.5, 1.0 ], "autoUv": false },
								"down": { "texture": "#gold-waist-chain", "uv": [ 4.5, 0.5, 5.0, 1.5 ], "autoUv": false }
							}
						},
						{
							"name": "framebottom",
							"from": [ -0.15, -0.75, 0.0 ],
							"to": [ 0.375, 0.0, 0.75 ],
							"rotationOrigin": [ -0.15, -0.75, 0.0 ],
							"faces": {
								"north": { "texture": "#gold-waist-chain", "uv": [ 0.0, 0.0, 0.5, 1.0 ], "autoUv": false },
								"south": { "texture": "#gold-waist-chain", "uv": [ 5.0, 0.5, 5.5, 1.5 ], "autoUv": false },
								"west": { "texture": "#gold-waist-chain", "uv": [ 4.5, 0.5, 5.5, 1.5 ], "autoUv": false },
								"up": { "texture": "#gold-waist-chain", "uv": [ 5.0, 0.0, 5.5, 1.0 ], "autoUv": false },
								"down": { "texture": "#gold-waist-chain", "uv": [ 4.5, 0.5, 5.0, 1.5 ], "autoUv": false }
							}
						},
						{
							"name": "frameleft",
							"from": [ -0.15, -0.375, -0.375 ],
							"to": [ 0.375, 1.125, 0.0 ],
							"rotationOrigin": [ -0.15, -0.375, -0.375 ],
							"faces": {
								"north": { "texture": "#gold-waist-chain", "uv": [ 4.0, 2.0, 4.5, 4.0 ], "autoUv": false },
								"south": { "texture": "#gold-waist-chain", "uv": [ 0.0, 4.0, 0.5, 6.0 ], "autoUv": false },
								"west": { "texture": "#gold-waist-chain", "uv": [ 4.0, 4.0, 4.5, 6.0 ], "autoUv": false },
								"up": { "texture": "#gold-waist-chain", "uv": [ 4.5, 0.5, 5.0, 1.0 ], "autoUv": false },
								"down": { "texture": "#gold-waist-chain", "uv": [ 3.0, 0.0, 3.5, 0.5 ], "autoUv": false }
							}
						},
						{
							"name": "frameright",
							"from": [ -0.15, -0.375, 0.75 ],
							"to": [ 0.375, 1.125, 1.125 ],
							"rotationOrigin": [ -0.15, -0.375, 0.75 ],
							"faces": {
								"north": { "texture": "#gold-waist-chain", "uv": [ 4.0, 4.5, 4.5, 6.5 ], "autoUv": false },
								"south": { "texture": "#gold-waist-chain", "uv": [ 4.0, 5.0, 4.5, 7.0 ], "autoUv": false },
								"west": { "texture": "#gold-waist-chain", "uv": [ 4.5, 2.0, 5.0, 4.0 ], "autoUv": false },
								"up": { "texture": "#gold-waist-chain", "uv": [ 4.5, 0.5, 5.0, 1.0 ], "autoUv": false },
								"down": { "texture": "#gold-waist-chain", "uv": [ 3.0, 0.0, 3.5, 0.5 ], "autoUv": false }
							}
						}
					]
				},
				{
					"name": "chain",
					"from": [ 0.0, -2.25, 0.75 ],
					"to": [ 0.375, 0.0, 1.125 ],
					"rotationOrigin": [ 0.0, 0.0, 0.9 ],
					"rotationZ": -7.0,
					"faces": {
						"north": { "texture": "#gold-waist-chain", "uv": [ 4.0, 2.5, 4.5, 5.5 ], "autoUv": false },
						"south": { "texture": "#gold-waist-chain", "uv": [ 4.0, 2.5, 4.5, 5.5 ], "autoUv": false },
						"west": { "texture": "#gold-waist-chain", "uv": [ 4.5, 4.0, 5.0, 7.0 ], "autoUv": false },
						"down": { "texture": "#gold-waist-chain", "uv": [ 4.5, 4.5, 5.0, 5.0 ], "autoUv": false }
					}
				},
				{
					"name": "chain8",
					"from": [ 0.0, -2.25, 3.825 ],
					"to": [ 0.375, 0.0, 4.2 ],
					"rotationOrigin": [ 0.0, 0.0, 3.975 ],
					"rotationZ": -7.0,
					"faces": {
						"north": { "texture": "#gold-waist-chain", "uv": [ 4.0, 2.5, 4.5, 5.5 ], "autoUv": false },
						"south": { "texture": "#gold-waist-chain", "uv": [ 4.0, 2.5, 4.5, 5.5 ], "autoUv": false },
						"west": { "texture": "#gold-waist-chain", "uv": [ 4.5, 0.5, 5.0, 3.5 ], "autoUv": false },
						"down": { "texture": "#gold-waist-chain", "uv": [ 4.5, 4.5, 5.0, 5.0 ], "autoUv": false }
					}
				},
				{
					"name": "chain9",
					"from": [ 3.675, -2.25, 3.825 ],
					"to": [ 4.05, 0.0, 4.2 ],
					"rotationOrigin": [ 3.675, 0.0, 3.975 ],
					"rotationZ": 5.0,
					"faces": {
						"north": { "texture": "#gold-waist-chain", "uv": [ 4.0, 2.5, 4.5, 5.5 ], "autoUv": false },
						"east": { "texture": "#gold-waist-chain", "uv": [ 0.0, 3.0, 0.5, 6.0 ], "autoUv": false },
						"south": { "texture": "#gold-waist-chain", "uv": [ 4.0, 2.5, 4.5, 5.5 ], "autoUv": false },
						"down": { "texture": "#gold-waist-chain", "uv": [ 4.5, 4.5, 5.0, 5.0 ], "autoUv": false }
					}
				},
				{
					"name": "chain10",
					"from": [ 3.675, -2.25, 0.75 ],
					"to": [ 4.05, 0.0, 1.125 ],
					"rotationOrigin": [ 3.675, 0.0, 0.9 ],
					"rotationZ": 5.0,
					"faces": {
						"north": { "texture": "#gold-waist-chain", "uv": [ 4.0, 4.0, 4.5, 7.0 ], "autoUv": false },
						"east": { "texture": "#gold-waist-chain", "uv": [ 0.0, 1.0, 0.5, 4.0 ], "autoUv": false },
						"south": { "texture": "#gold-waist-chain", "uv": [ 4.0, 1.0, 4.5, 4.0 ], "autoUv": false },
						"down": { "texture": "#gold-waist-chain", "uv": [ 4.5, 4.5, 5.0, 5.0 ], "autoUv": false }
					}
				},
				{
					"name": "chain11",
					"from": [ 3.675, -2.25, 3.075 ],
					"to": [ 4.05, 0.0, 3.45 ],
					"rotationOrigin": [ 3.675, 0.0, 3.225 ],
					"rotationZ": 5.0,
					"faces": {
						"north": { "texture": "#gold-waist-chain", "uv": [ 4.0, 4.0, 4.5, 7.0 ], "autoUv": false },
						"east": { "texture": "#gold-waist-chain", "uv": [ 0.0, 1.0, 0.5, 4.0 ], "autoUv": false },
						"south": { "texture": "#gold-waist-chain", "uv": [ 4.0, 1.0, 4.5, 4.0 ], "autoUv": false },
						"down": { "texture": "#gold-waist-chain", "uv": [ 4.5, 4.5, 5.0, 5.0 ], "autoUv": false }
					}
				},
				{
					"name": "chain12",
					"from": [ 3.675, -2.25, 1.5 ],
					"to": [ 4.05, 0.0, 1.875 ],
					"rotationOrigin": [ 3.675, 0.0, 1.65 ],
					"rotationZ": 5.0,
					"faces": {
						"north": { "texture": "#gold-waist-chain", "uv": [ 4.0, 2.5, 4.5, 5.5 ], "autoUv": false },
						"east": { "texture": "#gold-waist-chain", "uv": [ 0.0, 3.0, 0.5, 6.0 ], "autoUv": false },
						"south": { "texture": "#gold-waist-chain", "uv": [ 4.0, 2.5, 4.5, 5.5 ], "autoUv": false },
						"down": { "texture": "#gold-waist-chain", "uv": [ 4.5, 4.5, 5.0, 5.0 ], "autoUv": false }
					}
				},
				{
					"name": "chain13",
					"from": [ 3.675, -3.0, 2.25 ],
					"to": [ 4.05, 0.0, 2.625 ],
					"rotationOrigin": [ 3.675, 0.0, 2.4 ],
					"rotationZ": 5.0,
					"faces": {
						"north": { "texture": "#gold-waist-chain", "uv": [ 4.0, 2.5, 4.5, 6.5 ], "autoUv": false },
						"east": { "texture": "#gold-waist-chain", "uv": [ 0.0, 1.0, 0.5, 5.0 ], "autoUv": false },
						"south": { "texture": "#gold-waist-chain", "uv": [ 4.0, 2.5, 4.5, 6.5 ], "autoUv": false },
						"down": { "texture": "#gold-waist-chain", "uv": [ 4.5, 4.5, 5.0, 5.0 ], "autoUv": false }
					}
				},
				{
					"name": "chain14",
					"from": [ 0.375, -2.25, 0.0 ],
					"to": [ 0.75, 0.0, 0.375 ],
					"rotationOrigin": [ 0.525, 0.0, 0.075 ],
					"rotationX": 7.0,
					"faces": {
						"north": { "texture": "#gold-waist-chain", "uv": [ 0.0, 2.5, 0.5, 5.5 ], "autoUv": false },
						"east": { "texture": "#gold-waist-chain", "uv": [ 0.5, 3.0, 1.0, 6.0 ], "autoUv": false },
						"west": { "texture": "#gold-waist-chain", "uv": [ 4.0, 3.0, 4.5, 6.0 ], "autoUv": false },
						"down": { "texture": "#gold-waist-chain", "uv": [ 0.0, 0.0, 0.5, 0.5 ], "autoUv": false }
					}
				},
				{
					"name": "chain15",
					"from": [ 3.225, -2.25, 0.0 ],
					"to": [ 3.6, 0.0, 0.375 ],
					"rotationOrigin": [ 3.375, 0.0, 0.075 ],
					"rotationX": 5.0,
					"faces": {
						"north": { "texture": "#gold-waist-chain", "uv": [ 0.0, 0.5, 0.5, 3.5 ], "autoUv": false },
						"east": { "texture": "#gold-waist-chain", "uv": [ 0.0, 1.5, 0.5, 4.5 ], "autoUv": false },
						"west": { "texture": "#gold-waist-chain", "uv": [ 4.5, 1.0, 5.0, 4.0 ], "autoUv": false },
						"down": { "texture": "#gold-waist-chain", "uv": [ 0.0, 0.0, 0.5, 0.5 ], "autoUv": false }
					}
				},
				{
					"name": "chain16",
					"from": [ 2.475, -2.25, 0.0 ],
					"to": [ 2.85, 0.0, 0.375 ],
					"rotationOrigin": [ 2.625, 0.0, 0.075 ],
					"rotationX": 7.0,
					"faces": {
						"north": { "texture": "#gold-waist-chain", "uv": [ 4.0, 2.0, 4.5, 5.0 ], "autoUv": false },
						"east": { "texture": "#gold-waist-chain", "uv": [ 0.0, 1.5, 0.5, 4.5 ], "autoUv": false },
						"west": { "texture": "#gold-waist-chain", "uv": [ 4.5, 1.0, 5.0, 4.0 ], "autoUv": false },
						"down": { "texture": "#gold-waist-chain", "uv": [ 0.0, 0.0, 0.5, 0.5 ], "autoUv": false }
					}
				},
				{
					"name": "chain17",
					"from": [ 1.2, -2.25, 0.0 ],
					"to": [ 1.575, 0.0, 0.375 ],
					"rotationOrigin": [ 1.35, 0.0, 0.075 ],
					"rotationX": 7.0,
					"faces": {
						"north": { "texture": "#gold-waist-chain", "uv": [ 4.5, 3.5, 5.0, 6.5 ], "autoUv": false },
						"east": { "texture": "#gold-waist-chain", "uv": [ 0.0, 1.5, 0.5, 4.5 ], "autoUv": false },
						"west": { "texture": "#gold-waist-chain", "uv": [ 4.5, 1.0, 5.0, 4.0 ], "autoUv": false },
						"down": { "texture": "#gold-waist-chain", "uv": [ 0.0, 0.0, 0.5, 0.5 ], "autoUv": false }
					}
				},
				{
					"name": "chain18",
					"from": [ 2.475, -2.25, 4.575 ],
					"to": [ 2.85, 0.0, 4.95 ],
					"rotationOrigin": [ 2.625, 0.0, 4.65 ],
					"rotationX": -7.0,
					"faces": {
						"east": { "texture": "#gold-waist-chain", "uv": [ 0.0, 1.5, 0.5, 4.5 ], "autoUv": false },
						"south": { "texture": "#gold-waist-chain", "uv": [ 0.0, 0.0, 0.5, 3.0 ], "autoUv": false },
						"west": { "texture": "#gold-waist-chain", "uv": [ 4.5, 1.0, 5.0, 4.0 ], "autoUv": false },
						"down": { "texture": "#gold-waist-chain", "uv": [ 0.0, 0.0, 0.5, 0.5 ], "autoUv": false }
					}
				},
				{
					"name": "chain19",
					"from": [ 3.225, -2.25, 4.575 ],
					"to": [ 3.6, 0.0, 4.95 ],
					"rotationOrigin": [ 3.375, 0.0, 4.65 ],
					"rotationX": -7.0,
					"faces": {
						"east": { "texture": "#gold-waist-chain", "uv": [ 0.0, 1.5, 0.5, 4.5 ], "autoUv": false },
						"south": { "texture": "#gold-waist-chain", "uv": [ 0.0, 2.5, 0.5, 5.5 ], "autoUv": false },
						"west": { "texture": "#gold-waist-chain", "uv": [ 5.0, 3.5, 5.5, 6.5 ], "autoUv": false },
						"down": { "texture": "#gold-waist-chain", "uv": [ 0.0, 0.0, 0.5, 0.5 ], "autoUv": false }
					}
				},
				{
					"name": "chain20",
					"from": [ 1.2, -2.25, 4.575 ],
					"to": [ 1.575, 0.0, 4.95 ],
					"rotationOrigin": [ 1.35, 0.0, 4.65 ],
					"rotationX": -7.0,
					"faces": {
						"east": { "texture": "#gold-waist-chain", "uv": [ 0.0, 1.5, 0.5, 4.5 ], "autoUv": false },
						"south": { "texture": "#gold-waist-chain", "uv": [ 0.0, 2.5, 0.5, 5.5 ], "autoUv": false },
						"west": { "texture": "#gold-waist-chain", "uv": [ 5.0, 3.5, 5.5, 6.5 ], "autoUv": false },
						"down": { "texture": "#gold-waist-chain", "uv": [ 0.0, 0.0, 0.5, 0.5 ], "autoUv": false }
					}
				},
				{
					"name": "chain21",
					"from": [ 0.45, -2.25, 4.575 ],
					"to": [ 0.825, 0.0, 4.95 ],
					"rotationOrigin": [ 0.6, 0.0, 4.65 ],
					"rotationX": -7.0,
					"faces": {
						"east": { "texture": "#gold-waist-chain", "uv": [ 0.0, 1.0, 0.5, 4.0 ], "autoUv": false },
						"south": { "texture": "#gold-waist-chain", "uv": [ 4.5, 4.0, 5.0, 7.0 ], "autoUv": false },
						"west": { "texture": "#gold-waist-chain", "uv": [ 4.5, 2.0, 5.0, 5.0 ], "autoUv": false },
						"down": { "texture": "#gold-waist-chain", "uv": [ 5.5, 0.5, 6.0, 1.0 ], "autoUv": false }
					}
				}
			]
		}
	]}