{
	"editor": {
		"backDropShape": "entity/humanoid/seraph",
		"collapsedPaths": "Root/Waist",
		"allAngles": false,
		"entityTextureMode": false
	},
	"textureWidth": 8,
	"textureHeight": 8,
	"textureSizes": {
		"heavy-tool-belt": [8,8]
	},
	"textures": {
	},
	"elements": [
		{
			"name": "Waist",
			"stepParentName": "LowerTorso",
			"from": [ -0.15, 0.375, -0.225 ],
			"to": [ 3.825, 0.75, 4.725 ],
			"rotationOrigin": [ 1.35, 0.0, 2.25 ],
			"faces": {
				"north": { "texture": "#heavy-tool-belt", "uv": [ 1.5, 0.5, 6.5, 1.0 ], "autoUv": false },
				"east": { "texture": "#heavy-tool-belt", "uv": [ 1.5, 0.5, 8.0, 1.0 ], "autoUv": false },
				"south": { "texture": "#heavy-tool-belt", "uv": [ 1.5, 0.5, 6.5, 1.0 ], "autoUv": false },
				"west": { "texture": "#heavy-tool-belt", "uv": [ 1.5, 0.5, 8.0, 1.0 ], "autoUv": false }
			},
			"children": [
				{
					"name": "W-bottom",
					"from": [ -0.15, -0.375, -0.15 ],
					"to": [ 0.6, 0.0, 5.1 ],
					"rotationOrigin": [ 0.6, -0.375, 2.475 ],
					"faces": {
						"north": { "texture": "#heavy-tool-belt", "uv": [ 0.0, 0.0, 1.0, 0.5 ], "autoUv": false },
						"south": { "texture": "#heavy-tool-belt", "uv": [ 4.5, 0.0, 5.5, 0.5 ], "autoUv": false },
						"west": { "texture": "#heavy-tool-belt", "uv": [ 0.0, 0.0, 7.0, 0.5 ], "autoUv": false },
						"up": { "texture": "#heavy-tool-belt", "uv": [ 0.0, 1.0, 7.0, 2.0 ], "rotation": 90, "autoUv": false },
						"down": { "texture": "#heavy-tool-belt", "uv": [ 1.0, 1.0, 8.0, 2.0 ], "rotation": 90, "autoUv": false }
					}
				},
				{
					"name": "W-top",
					"from": [ -0.15, 0.375, -0.15 ],
					"to": [ 0.6, 0.75, 5.1 ],
					"rotationOrigin": [ 0.6, 0.375, 2.475 ],
					"faces": {
						"north": { "texture": "#heavy-tool-belt", "uv": [ 0.0, 0.0, 1.0, 0.5 ], "autoUv": false },
						"south": { "texture": "#heavy-tool-belt", "uv": [ 4.5, 0.0, 5.5, 0.5 ], "autoUv": false },
						"west": { "texture": "#heavy-tool-belt", "uv": [ 0.0, 0.0, 7.0, 0.5 ], "autoUv": false },
						"up": { "texture": "#heavy-tool-belt", "uv": [ 0.0, 1.0, 7.0, 2.0 ], "rotation": 90, "autoUv": false },
						"down": { "texture": "#heavy-tool-belt", "uv": [ 1.0, 1.0, 8.0, 2.0 ], "rotation": 90, "autoUv": false }
					}
				},
				{
					"name": "E-top",
					"from": [ 3.375, 0.375, -0.15 ],
					"to": [ 4.125, 0.75, 5.1 ],
					"rotationOrigin": [ 4.125, 0.375, 2.475 ],
					"faces": {
						"north": { "texture": "#heavy-tool-belt", "uv": [ 0.0, 0.0, 1.0, 0.5 ], "autoUv": false },
						"east": { "texture": "#heavy-tool-belt", "uv": [ 0.0, 0.0, 7.0, 0.5 ], "autoUv": false },
						"south": { "texture": "#heavy-tool-belt", "uv": [ 4.5, 0.0, 5.5, 0.5 ], "autoUv": false },
						"up": { "texture": "#heavy-tool-belt", "uv": [ 0.0, 1.0, 7.0, 2.0 ], "rotation": 90, "autoUv": false },
						"down": { "texture": "#heavy-tool-belt", "uv": [ 1.0, 1.0, 8.0, 2.0 ], "rotation": 90, "autoUv": false }
					}
				},
				{
					"name": "E-down",
					"from": [ 3.375, -0.375, -0.15 ],
					"to": [ 4.125, 0.0, 5.1 ],
					"rotationOrigin": [ 4.125, -0.375, 2.475 ],
					"faces": {
						"north": { "texture": "#heavy-tool-belt", "uv": [ 0.0, 0.0, 1.0, 0.5 ], "autoUv": false },
						"east": { "texture": "#heavy-tool-belt", "uv": [ 0.0, 0.0, 7.0, 0.5 ], "autoUv": false },
						"south": { "texture": "#heavy-tool-belt", "uv": [ 4.5, 0.0, 5.5, 0.5 ], "autoUv": false },
						"up": { "texture": "#heavy-tool-belt", "uv": [ 0.0, 1.0, 7.0, 2.0 ], "rotation": 90, "autoUv": false },
						"down": { "texture": "#heavy-tool-belt", "uv": [ 1.0, 1.0, 8.0, 2.0 ], "rotation": 90, "autoUv": false }
					}
				},
				{
					"name": "N-down",
					"from": [ 0.6, -0.375, -0.15 ],
					"to": [ 3.375, 0.0, 0.6 ],
					"rotationOrigin": [ 0.6, -0.375, -0.15 ],
					"faces": {
						"north": { "texture": "#heavy-tool-belt", "uv": [ 4.0, 1.0, 7.5, 1.5 ], "autoUv": false },
						"up": { "texture": "#heavy-tool-belt", "uv": [ 3.5, 1.0, 7.0, 2.0 ], "autoUv": false },
						"down": { "texture": "#heavy-tool-belt", "uv": [ 3.5, 1.0, 7.0, 2.0 ], "autoUv": false }
					}
				},
				{
					"name": "N-top",
					"from": [ 0.6, 0.375, -0.15 ],
					"to": [ 3.375, 0.75, 0.6 ],
					"rotationOrigin": [ 0.6, 0.375, -0.15 ],
					"faces": {
						"north": { "texture": "#heavy-tool-belt", "uv": [ 4.0, 1.0, 7.5, 1.5 ], "autoUv": false },
						"up": { "texture": "#heavy-tool-belt", "uv": [ 3.5, 1.0, 7.0, 2.0 ], "autoUv": false },
						"down": { "texture": "#heavy-tool-belt", "uv": [ 3.5, 1.0, 7.0, 2.0 ], "autoUv": false }
					}
				},
				{
					"name": "S-top",
					"from": [ 0.6, 0.375, 4.35 ],
					"to": [ 3.375, 0.75, 5.1 ],
					"rotationOrigin": [ 0.6, 0.375, 4.35 ],
					"faces": {
						"south": { "texture": "#heavy-tool-belt", "uv": [ 3.0, 1.5, 6.5, 2.0 ], "autoUv": false },
						"up": { "texture": "#heavy-tool-belt", "uv": [ 3.5, 1.0, 7.0, 2.0 ], "autoUv": false },
						"down": { "texture": "#heavy-tool-belt", "uv": [ 3.5, 1.0, 7.0, 2.0 ], "autoUv": false }
					}
				},
				{
					"name": "S-down",
					"from": [ 0.6, -0.375, 4.35 ],
					"to": [ 3.375, 0.0, 5.1 ],
					"rotationOrigin": [ 0.6, -0.375, 4.35 ],
					"faces": {
						"south": { "texture": "#heavy-tool-belt", "uv": [ 3.0, 1.5, 6.5, 2.0 ], "autoUv": false },
						"up": { "texture": "#heavy-tool-belt", "uv": [ 3.5, 1.0, 7.0, 2.0 ], "autoUv": false },
						"down": { "texture": "#heavy-tool-belt", "uv": [ 3.5, 1.0, 7.0, 2.0 ], "autoUv": false }
					}
				},
				{
					"name": "pouch-string",
					"from": [ 1.35, -0.675, -0.15 ],
					"to": [ 1.725, 0.825, 0.225 ],
					"rotationOrigin": [ 1.5, 0.825, 0.075 ],
					"rotationX": 8.0,
					"rotationY": -45.0,
					"faces": {
						"north": { "texture": "#heavy-tool-belt", "uv": [ 5.5, 3.0, 6.0, 5.0 ], "autoUv": false },
						"west": { "texture": "#heavy-tool-belt", "uv": [ 5.0, 3.0, 5.5, 5.0 ], "autoUv": false },
						"up": { "texture": "#heavy-tool-belt", "uv": [ 5.0, 3.5, 5.5, 4.0 ], "autoUv": false }
					},
					"children": [
						{
							"name": "pouch-top",
							"from": [ -0.375, -0.375, -0.375 ],
							"to": [ 0.75, 0.0, 0.75 ],
							"rotationOrigin": [ -0.375, -0.375, -0.375 ],
							"faces": {
								"north": { "texture": "#heavy-tool-belt", "uv": [ 6.5, 4.5, 8.0, 5.0 ], "autoUv": false },
								"east": { "texture": "#heavy-tool-belt", "uv": [ 6.0, 5.0, 7.5, 5.5 ], "autoUv": false },
								"south": { "texture": "#heavy-tool-belt", "uv": [ 6.5, 5.0, 8.0, 5.5 ], "autoUv": false },
								"west": { "texture": "#heavy-tool-belt", "uv": [ 6.5, 3.0, 8.0, 3.5 ], "autoUv": false },
								"up": { "texture": "#heavy-tool-belt", "uv": [ 6.5, 3.0, 8.0, 4.5 ], "autoUv": false },
								"down": { "texture": "#heavy-tool-belt", "uv": [ 6.0, 3.5, 7.5, 5.0 ], "autoUv": false }
							}
						},
						{
							"name": "pouch",
							"from": [ -0.375, -2.25, -0.375 ],
							"to": [ 0.75, -0.75, 0.75 ],
							"rotationOrigin": [ -0.375, -2.25, -0.375 ],
							"faces": {
								"north": { "texture": "#heavy-tool-belt", "uv": [ 6.0, 3.0, 7.5, 5.0 ], "autoUv": false },
								"east": { "texture": "#heavy-tool-belt", "uv": [ 6.5, 3.0, 8.0, 5.0 ], "autoUv": false },
								"south": { "texture": "#heavy-tool-belt", "uv": [ 6.5, 3.5, 8.0, 5.5 ], "autoUv": false },
								"west": { "texture": "#heavy-tool-belt", "uv": [ 6.0, 3.5, 7.5, 5.5 ], "autoUv": false },
								"up": { "texture": "#heavy-tool-belt", "uv": [ 6.0, 3.0, 7.5, 4.5 ], "autoUv": false },
								"down": { "texture": "#heavy-tool-belt", "uv": [ 6.5, 4.0, 8.0, 5.5 ], "autoUv": false }
							}
						},
						{
							"name": "pouch-down",
							"from": [ -0.15, -2.625, -0.15 ],
							"to": [ 0.6, -2.25, 0.6 ],
							"rotationOrigin": [ -0.15, -2.625, -0.15 ],
							"faces": {
								"north": { "texture": "#heavy-tool-belt", "uv": [ 6.5, 4.0, 7.5, 4.5 ], "autoUv": false },
								"east": { "texture": "#heavy-tool-belt", "uv": [ 6.5, 4.5, 7.5, 5.0 ], "autoUv": false },
								"south": { "texture": "#heavy-tool-belt", "uv": [ 6.5, 4.5, 7.5, 5.0 ], "autoUv": false },
								"west": { "texture": "#heavy-tool-belt", "uv": [ 6.5, 4.5, 7.5, 5.0 ], "autoUv": false },
								"down": { "texture": "#heavy-tool-belt", "uv": [ 6.5, 4.0, 7.5, 5.0 ], "autoUv": false }
							}
						},
						{
							"name": "pouch-tie",
							"from": [ -0.15, -0.75, -0.15 ],
							"to": [ 0.6, -0.375, 0.6 ],
							"rotationOrigin": [ -0.15, -0.75, -0.15 ],
							"faces": {
								"north": { "texture": "#heavy-tool-belt", "uv": [ 6.5, 4.0, 7.5, 4.5 ], "autoUv": false },
								"east": { "texture": "#heavy-tool-belt", "uv": [ 6.5, 4.5, 7.5, 5.0 ], "autoUv": false },
								"south": { "texture": "#heavy-tool-belt", "uv": [ 6.5, 3.5, 7.5, 4.0 ], "autoUv": false },
								"west": { "texture": "#heavy-tool-belt", "uv": [ 6.5, 4.0, 7.5, 4.5 ], "autoUv": false }
							}
						}
					]
				},
				{
					"name": "tool1",
					"from": [ -0.15, -0.75, 0.0 ],
					"to": [ 0.075, 0.75, 0.225 ],
					"rotationOrigin": [ -0.0375, 0.75, 0.1125 ],
					"rotationX": -5.0,
					"rotationY": -45.0,
					"rotationZ": -5.0,
					"faces": {
						"north": { "texture": "#heavy-tool-belt", "uv": [ 5.0, 3.0, 5.5, 5.0 ], "autoUv": false },
						"east": { "texture": "#heavy-tool-belt", "uv": [ 5.0, 3.0, 5.5, 5.0 ], "autoUv": false },
						"south": { "texture": "#heavy-tool-belt", "uv": [ 5.0, 3.0, 5.5, 5.0 ], "autoUv": false },
						"west": { "texture": "#heavy-tool-belt", "uv": [ 5.0, 3.0, 5.5, 5.0 ], "autoUv": false },
						"up": { "texture": "#heavy-tool-belt", "uv": [ 5.0, 4.0, 5.5, 4.5 ], "autoUv": false }
					},
					"children": [
						{
							"name": "Cube1",
							"from": [ -0.075, -0.375, -0.075 ],
							"to": [ 0.3, 0.0, 0.3 ],
							"rotationOrigin": [ 0.1125, -0.375, 0.1125 ],
							"faces": {
								"north": { "texture": "#heavy-tool-belt", "uv": [ 6.0, 6.0, 6.5, 6.5 ], "autoUv": false },
								"east": { "texture": "#heavy-tool-belt", "uv": [ 6.5, 6.5, 7.0, 7.0 ], "autoUv": false },
								"south": { "texture": "#heavy-tool-belt", "uv": [ 6.5, 6.5, 7.0, 7.0 ], "autoUv": false },
								"west": { "texture": "#heavy-tool-belt", "uv": [ 7.0, 7.0, 7.5, 7.5 ], "autoUv": false },
								"up": { "texture": "#heavy-tool-belt", "uv": [ 6.5, 7.5, 7.0, 8.0 ], "autoUv": false }
							}
						},
						{
							"name": "Cube17",
							"from": [ -0.075, -2.625, -0.075 ],
							"to": [ 0.3, -1.125, 0.3 ],
							"rotationOrigin": [ 0.1125, -2.625, 0.1125 ],
							"faces": {
								"north": { "texture": "#heavy-tool-belt", "uv": [ 6.5, 6.0, 7.0, 8.0 ], "autoUv": false },
								"east": { "texture": "#heavy-tool-belt", "uv": [ 7.0, 6.0, 7.5, 8.0 ], "autoUv": false },
								"south": { "texture": "#heavy-tool-belt", "uv": [ 6.5, 6.0, 7.0, 8.0 ], "autoUv": false },
								"west": { "texture": "#heavy-tool-belt", "uv": [ 7.5, 6.0, 8.0, 8.0 ], "autoUv": false },
								"down": { "texture": "#heavy-tool-belt", "uv": [ 7.0, 7.0, 7.5, 7.5 ], "autoUv": false }
							}
						},
						{
							"name": "Cube18",
							"from": [ -0.075, -1.125, -0.075 ],
							"to": [ 0.3, -0.375, 0.3 ],
							"rotationOrigin": [ -0.075, -1.125, -0.075 ],
							"faces": {
								"north": { "texture": "#heavy-tool-belt", "uv": [ 5.0, 3.5, 5.5, 4.5 ], "autoUv": false },
								"east": { "texture": "#heavy-tool-belt", "uv": [ 5.0, 3.5, 5.5, 4.5 ], "autoUv": false },
								"south": { "texture": "#heavy-tool-belt", "uv": [ 5.0, 3.5, 5.5, 4.5 ], "autoUv": false },
								"west": { "texture": "#heavy-tool-belt", "uv": [ 5.0, 3.5, 5.5, 4.5 ], "autoUv": false }
							}
						}
					]
				},
				{
					"name": "tool2",
					"from": [ -0.15, -0.75, 4.5 ],
					"to": [ 0.075, 0.75, 4.725 ],
					"rotationOrigin": [ -0.0375, 0.75, 4.6125 ],
					"rotationX": -5.0,
					"rotationY": -45.0,
					"rotationZ": -5.0,
					"faces": {
						"north": { "texture": "#heavy-tool-belt", "uv": [ 5.0, 3.0, 5.5, 5.0 ], "autoUv": false },
						"east": { "texture": "#heavy-tool-belt", "uv": [ 5.0, 3.0, 5.5, 5.0 ], "autoUv": false },
						"south": { "texture": "#heavy-tool-belt", "uv": [ 5.0, 3.0, 5.5, 5.0 ], "autoUv": false },
						"west": { "texture": "#heavy-tool-belt", "uv": [ 5.0, 3.0, 5.5, 5.0 ], "autoUv": false },
						"up": { "texture": "#heavy-tool-belt", "uv": [ 5.0, 4.0, 5.5, 4.5 ], "autoUv": false }
					},
					"children": [
						{
							"name": "Cube20",
							"from": [ -0.075, -0.375, -0.075 ],
							"to": [ 0.3, 0.0, 0.3 ],
							"rotationOrigin": [ 0.1125, -0.375, 0.1125 ],
							"faces": {
								"north": { "texture": "#heavy-tool-belt", "uv": [ 6.0, 6.0, 6.5, 6.5 ], "autoUv": false },
								"east": { "texture": "#heavy-tool-belt", "uv": [ 6.5, 6.5, 7.0, 7.0 ], "autoUv": false },
								"south": { "texture": "#heavy-tool-belt", "uv": [ 6.5, 6.5, 7.0, 7.0 ], "autoUv": false },
								"west": { "texture": "#heavy-tool-belt", "uv": [ 7.0, 7.0, 7.5, 7.5 ], "autoUv": false },
								"up": { "texture": "#heavy-tool-belt", "uv": [ 6.5, 7.5, 7.0, 8.0 ], "autoUv": false },
								"down": { "texture": "#heavy-tool-belt", "uv": [ 7.5, 6.0, 8.0, 6.5 ], "autoUv": false }
							}
						}
					]
				},
				{
					"name": "tool3",
					"from": [ -0.15, -0.45, 3.45 ],
					"to": [ 0.075, 0.3, 3.675 ],
					"rotationOrigin": [ -0.0375, 0.3, 3.5625 ],
					"rotationZ": -5.0,
					"faces": {
						"north": { "texture": "#heavy-tool-belt", "uv": [ 5.0, 3.5, 5.5, 4.5 ], "autoUv": false },
						"east": { "texture": "#heavy-tool-belt", "uv": [ 5.0, 3.0, 5.5, 4.0 ], "autoUv": false },
						"south": { "texture": "#heavy-tool-belt", "uv": [ 5.0, 3.0, 5.5, 4.0 ], "autoUv": false },
						"west": { "texture": "#heavy-tool-belt", "uv": [ 5.0, 3.0, 5.5, 4.0 ], "autoUv": false },
						"up": { "texture": "#heavy-tool-belt", "uv": [ 5.0, 4.0, 5.5, 4.5 ], "autoUv": false }
					},
					"children": [
						{
							"name": "Cube22",
							"from": [ -0.075, -0.75, -0.075 ],
							"to": [ 0.3, 0.0, 0.3 ],
							"rotationOrigin": [ 0.1125, -0.375, 0.1125 ],
							"faces": {
								"north": { "texture": "#heavy-tool-belt", "uv": [ 6.0, 6.0, 6.5, 7.0 ], "autoUv": false },
								"east": { "texture": "#heavy-tool-belt", "uv": [ 6.5, 6.5, 7.0, 7.5 ], "autoUv": false },
								"south": { "texture": "#heavy-tool-belt", "uv": [ 6.5, 6.5, 7.0, 7.5 ], "autoUv": false },
								"west": { "texture": "#heavy-tool-belt", "uv": [ 7.0, 7.0, 7.5, 8.0 ], "autoUv": false },
								"up": { "texture": "#heavy-tool-belt", "uv": [ 6.5, 7.5, 7.0, 8.0 ], "autoUv": false },
								"down": { "texture": "#heavy-tool-belt", "uv": [ 7.5, 6.0, 8.0, 6.5 ], "autoUv": false }
							}
						},
						{
							"name": "Cube46",
							"from": [ -0.075, -1.125, 0.3 ],
							"to": [ 0.3, -0.75, 0.675 ],
							"rotationOrigin": [ 0.1125, -0.75, 0.4875 ],
							"faces": {
								"north": { "texture": "#heavy-tool-belt", "uv": [ 6.0, 6.0, 6.5, 6.5 ], "autoUv": false },
								"east": { "texture": "#heavy-tool-belt", "uv": [ 6.5, 6.5, 7.0, 7.0 ], "autoUv": false },
								"south": { "texture": "#heavy-tool-belt", "uv": [ 6.5, 6.5, 7.0, 7.0 ], "autoUv": false },
								"west": { "texture": "#heavy-tool-belt", "uv": [ 7.0, 7.0, 7.5, 7.5 ], "autoUv": false },
								"up": { "texture": "#heavy-tool-belt", "uv": [ 6.5, 7.5, 7.0, 8.0 ], "autoUv": false },
								"down": { "texture": "#heavy-tool-belt", "uv": [ 7.5, 6.0, 8.0, 6.5 ], "autoUv": false }
							}
						},
						{
							"name": "Cube47",
							"from": [ -0.075, -1.5, -0.45 ],
							"to": [ 0.3, -1.125, 0.3 ],
							"rotationOrigin": [ 0.1125, -1.125, 0.4875 ],
							"faces": {
								"north": { "texture": "#heavy-tool-belt", "uv": [ 6.0, 6.0, 6.5, 6.5 ], "autoUv": false },
								"east": { "texture": "#heavy-tool-belt", "uv": [ 6.5, 6.5, 7.5, 7.0 ], "autoUv": false },
								"south": { "texture": "#heavy-tool-belt", "uv": [ 6.5, 6.5, 7.0, 7.0 ], "autoUv": false },
								"west": { "texture": "#heavy-tool-belt", "uv": [ 7.0, 7.0, 8.0, 7.5 ], "autoUv": false },
								"up": { "texture": "#heavy-tool-belt", "uv": [ 6.5, 6.5, 7.0, 7.5 ], "autoUv": false },
								"down": { "texture": "#heavy-tool-belt", "uv": [ 7.5, 6.0, 8.0, 7.0 ], "autoUv": false }
							}
						}
					]
				},
				{
					"name": "tool4",
					"from": [ -0.225, -0.45, 1.05 ],
					"to": [ 0.0, 0.675, 1.275 ],
					"rotationOrigin": [ -0.1125, 0.6, 1.1625 ],
					"rotationZ": -5.0,
					"faces": {
						"north": { "texture": "#heavy-tool-belt", "uv": [ 5.0, 3.0, 5.5, 4.5 ], "autoUv": false },
						"south": { "texture": "#heavy-tool-belt", "uv": [ 5.0, 3.0, 5.5, 4.5 ], "autoUv": false },
						"west": { "texture": "#heavy-tool-belt", "uv": [ 5.0, 3.0, 5.5, 4.5 ], "autoUv": false },
						"up": { "texture": "#heavy-tool-belt", "uv": [ 5.0, 4.0, 5.5, 4.5 ], "autoUv": false }
					},
					"children": [
						{
							"name": "Cube24",
							"from": [ -0.075, -1.125, -0.075 ],
							"to": [ 0.3, 0.0, 0.3 ],
							"rotationOrigin": [ 0.1125, -1.125, 0.1125 ],
							"faces": {
								"north": { "texture": "#heavy-tool-belt", "uv": [ 7.0, 3.0, 7.5, 4.5 ], "autoUv": false },
								"south": { "texture": "#heavy-tool-belt", "uv": [ 7.0, 4.0, 7.5, 5.5 ], "autoUv": false },
								"west": { "texture": "#heavy-tool-belt", "uv": [ 7.0, 4.0, 7.5, 5.5 ], "autoUv": false },
								"up": { "texture": "#heavy-tool-belt", "uv": [ 6.5, 3.0, 7.0, 3.5 ], "autoUv": false },
								"down": { "texture": "#heavy-tool-belt", "uv": [ 6.5, 4.0, 7.0, 4.5 ], "autoUv": false }
							}
						},
						{
							"name": "Cube25",
							"from": [ -0.075, -1.875, 0.3 ],
							"to": [ 0.3, -0.75, 0.675 ],
							"rotationOrigin": [ 0.1125, -1.875, 0.4875 ],
							"faces": {
								"north": { "texture": "#heavy-tool-belt", "uv": [ 7.0, 6.5, 7.5, 8.0 ], "autoUv": false },
								"south": { "texture": "#heavy-tool-belt", "uv": [ 7.5, 6.0, 8.0, 7.5 ], "autoUv": false },
								"west": { "texture": "#heavy-tool-belt", "uv": [ 7.5, 6.5, 8.0, 8.0 ], "autoUv": false },
								"up": { "texture": "#heavy-tool-belt", "uv": [ 6.5, 7.5, 7.0, 8.0 ], "autoUv": false },
								"down": { "texture": "#heavy-tool-belt", "uv": [ 7.5, 6.0, 8.0, 6.5 ], "autoUv": false }
							}
						},
						{
							"name": "Cube28",
							"from": [ -0.075, -2.25, -0.075 ],
							"to": [ 0.3, -1.5, 0.3 ],
							"rotationOrigin": [ 0.1125, -2.25, 0.1125 ],
							"faces": {
								"north": { "texture": "#heavy-tool-belt", "uv": [ 7.0, 6.0, 7.5, 7.0 ], "autoUv": false },
								"south": { "texture": "#heavy-tool-belt", "uv": [ 7.0, 6.5, 7.5, 7.5 ], "autoUv": false },
								"west": { "texture": "#heavy-tool-belt", "uv": [ 7.0, 7.0, 7.5, 8.0 ], "autoUv": false },
								"up": { "texture": "#heavy-tool-belt", "uv": [ 6.5, 6.0, 7.0, 6.5 ], "autoUv": false },
								"down": { "texture": "#heavy-tool-belt", "uv": [ 7.5, 6.0, 8.0, 6.5 ], "autoUv": false }
							}
						},
						{
							"name": "Cube45",
							"from": [ -0.075, -1.875, -0.45 ],
							"to": [ 0.3, -0.75, -0.075 ],
							"rotationOrigin": [ 0.1125, -1.875, -0.2625 ],
							"faces": {
								"north": { "texture": "#heavy-tool-belt", "uv": [ 7.0, 6.5, 7.5, 8.0 ], "autoUv": false },
								"south": { "texture": "#heavy-tool-belt", "uv": [ 7.5, 6.0, 8.0, 7.5 ], "autoUv": false },
								"west": { "texture": "#heavy-tool-belt", "uv": [ 7.5, 6.5, 8.0, 8.0 ], "autoUv": false },
								"up": { "texture": "#heavy-tool-belt", "uv": [ 6.5, 7.5, 7.0, 8.0 ], "autoUv": false },
								"down": { "texture": "#heavy-tool-belt", "uv": [ 7.5, 6.0, 8.0, 6.5 ], "autoUv": false }
							}
						}
					]
				},
				{
					"name": "tool6",
					"from": [ 3.975, -1.5, 4.5 ],
					"to": [ 4.2, 0.0, 4.725 ],
					"rotationOrigin": [ 4.0875, 0.0, 4.6125 ],
					"rotationX": -5.0,
					"rotationY": -45.0,
					"rotationZ": -5.0,
					"faces": {
						"north": { "texture": "#heavy-tool-belt", "uv": [ 5.0, 3.0, 5.5, 5.0 ], "autoUv": false },
						"east": { "texture": "#heavy-tool-belt", "uv": [ 5.0, 3.0, 5.5, 5.0 ], "autoUv": false },
						"south": { "texture": "#heavy-tool-belt", "uv": [ 5.0, 3.0, 5.5, 5.0 ], "autoUv": false },
						"west": { "texture": "#heavy-tool-belt", "uv": [ 5.0, 3.0, 5.5, 5.0 ], "autoUv": false },
						"up": { "texture": "#heavy-tool-belt", "uv": [ 5.0, 4.0, 5.5, 4.5 ], "autoUv": false }
					},
					"children": [
						{
							"name": "Cube32",
							"from": [ -0.075, -0.375, -0.075 ],
							"to": [ 0.3, 0.0, 0.3 ],
							"rotationOrigin": [ 0.1125, -0.375, 0.1125 ],
							"faces": {
								"north": { "texture": "#heavy-tool-belt", "uv": [ 6.0, 6.0, 6.5, 6.5 ], "autoUv": false },
								"east": { "texture": "#heavy-tool-belt", "uv": [ 6.5, 6.5, 7.0, 7.0 ], "autoUv": false },
								"south": { "texture": "#heavy-tool-belt", "uv": [ 6.5, 6.5, 7.0, 7.0 ], "autoUv": false },
								"west": { "texture": "#heavy-tool-belt", "uv": [ 7.0, 7.0, 7.5, 7.5 ], "autoUv": false },
								"up": { "texture": "#heavy-tool-belt", "uv": [ 6.5, 7.5, 7.0, 8.0 ], "autoUv": false },
								"down": { "texture": "#heavy-tool-belt", "uv": [ 7.5, 6.0, 8.0, 6.5 ], "autoUv": false }
							}
						}
					]
				},
				{
					"name": "tool8",
					"from": [ 3.975, -1.2, 0.6 ],
					"to": [ 4.35, -0.075, 0.975 ],
					"rotationOrigin": [ 4.0875, -0.15, 0.7875 ],
					"rotationZ": -5.0,
					"faces": {
						"north": { "texture": "#heavy-tool-belt", "uv": [ 5.0, 3.0, 5.5, 4.5 ], "autoUv": false },
						"east": { "texture": "#heavy-tool-belt", "uv": [ 5.0, 3.0, 5.5, 4.5 ], "autoUv": false },
						"south": { "texture": "#heavy-tool-belt", "uv": [ 5.0, 3.0, 5.5, 4.5 ], "autoUv": false }
					},
					"children": [
						{
							"name": "Cube39",
							"from": [ 0.0, -0.375, 0.0 ],
							"to": [ 0.375, 0.0, 0.75 ],
							"rotationOrigin": [ 0.1875, -0.375, 0.1875 ],
							"faces": {
								"north": { "texture": "#heavy-tool-belt", "uv": [ 6.0, 6.0, 6.5, 6.5 ], "autoUv": false },
								"east": { "texture": "#heavy-tool-belt", "uv": [ 6.5, 6.5, 7.5, 7.0 ], "autoUv": false },
								"south": { "texture": "#heavy-tool-belt", "uv": [ 7.0, 6.5, 7.5, 7.0 ], "autoUv": false },
								"up": { "texture": "#heavy-tool-belt", "uv": [ 6.5, 6.5, 7.0, 7.5 ], "autoUv": false },
								"down": { "texture": "#heavy-tool-belt", "uv": [ 7.5, 6.0, 8.0, 7.0 ], "autoUv": false }
							}
						},
						{
							"name": "Cube40",
							"from": [ 0.0, -0.75, 0.375 ],
							"to": [ 0.375, -0.375, 0.75 ],
							"rotationOrigin": [ 0.1875, -0.75, 0.5625 ],
							"faces": {
								"north": { "texture": "#heavy-tool-belt", "uv": [ 7.0, 6.5, 7.5, 7.0 ], "autoUv": false },
								"east": { "texture": "#heavy-tool-belt", "uv": [ 6.5, 6.5, 7.0, 7.0 ], "autoUv": false },
								"south": { "texture": "#heavy-tool-belt", "uv": [ 7.5, 6.0, 8.0, 6.5 ], "autoUv": false },
								"down": { "texture": "#heavy-tool-belt", "uv": [ 7.5, 6.0, 8.0, 6.5 ], "autoUv": false }
							}
						},
						{
							"name": "Cube43",
							"from": [ 0.0, -1.125, 0.0 ],
							"to": [ 0.375, -0.75, 0.375 ],
							"rotationOrigin": [ 0.1875, -1.125, 0.1875 ],
							"faces": {
								"north": { "texture": "#heavy-tool-belt", "uv": [ 7.5, 7.5, 8.0, 8.0 ], "autoUv": false },
								"east": { "texture": "#heavy-tool-belt", "uv": [ 7.5, 7.5, 8.0, 8.0 ], "autoUv": false },
								"south": { "texture": "#heavy-tool-belt", "uv": [ 7.0, 6.5, 7.5, 7.0 ], "autoUv": false },
								"west": { "texture": "#heavy-tool-belt", "uv": [ 7.0, 7.0, 7.5, 7.5 ], "autoUv": false },
								"up": { "texture": "#heavy-tool-belt", "uv": [ 6.5, 6.0, 7.0, 6.5 ], "autoUv": false },
								"down": { "texture": "#heavy-tool-belt", "uv": [ 7.5, 6.0, 8.0, 6.5 ], "autoUv": false }
							}
						},
						{
							"name": "Cube44",
							"from": [ 0.0, 1.125, 0.0 ],
							"to": [ 0.375, 1.5, 0.375 ],
							"rotationOrigin": [ 0.1875, 1.125, 0.1875 ],
							"faces": {
								"north": { "texture": "#heavy-tool-belt", "uv": [ 7.5, 7.5, 8.0, 8.0 ], "autoUv": false },
								"east": { "texture": "#heavy-tool-belt", "uv": [ 7.5, 7.5, 8.0, 8.0 ], "autoUv": false },
								"south": { "texture": "#heavy-tool-belt", "uv": [ 7.0, 6.5, 7.5, 7.0 ], "autoUv": false },
								"up": { "texture": "#heavy-tool-belt", "uv": [ 6.5, 6.0, 7.0, 6.5 ], "autoUv": false }
							}
						}
					]
				},
				{
					"name": "pouch-string45",
					"from": [ 3.6, -1.2, 3.6 ],
					"to": [ 3.975, 0.3, 3.975 ],
					"rotationOrigin": [ 3.75, 0.3, 3.825 ],
					"rotationX": -6.0,
					"rotationY": 45.0,
					"rotationZ": 8.0,
					"faces": {
						"east": { "texture": "#heavy-tool-belt", "uv": [ 5.0, 3.0, 5.5, 5.0 ], "autoUv": false },
						"south": { "texture": "#heavy-tool-belt", "uv": [ 5.5, 3.0, 6.0, 5.0 ], "autoUv": false },
						"up": { "texture": "#heavy-tool-belt", "uv": [ 5.0, 3.5, 5.5, 4.0 ], "autoUv": false }
					},
					"children": [
						{
							"name": "pouch-top46",
							"from": [ -0.375, -0.375, -0.375 ],
							"to": [ 0.75, 0.0, 0.75 ],
							"rotationOrigin": [ -0.375, -0.375, -0.375 ],
							"faces": {
								"north": { "texture": "#heavy-tool-belt", "uv": [ 6.5, 4.5, 8.0, 5.0 ], "autoUv": false },
								"east": { "texture": "#heavy-tool-belt", "uv": [ 6.0, 5.0, 7.5, 5.5 ], "autoUv": false },
								"south": { "texture": "#heavy-tool-belt", "uv": [ 6.5, 5.0, 8.0, 5.5 ], "autoUv": false },
								"west": { "texture": "#heavy-tool-belt", "uv": [ 6.5, 3.0, 8.0, 3.5 ], "autoUv": false },
								"up": { "texture": "#heavy-tool-belt", "uv": [ 6.5, 3.0, 8.0, 4.5 ], "autoUv": false },
								"down": { "texture": "#heavy-tool-belt", "uv": [ 6.0, 3.5, 7.5, 5.0 ], "autoUv": false }
							}
						},
						{
							"name": "pouch47",
							"from": [ -0.375, -2.25, -0.375 ],
							"to": [ 0.75, -0.75, 0.75 ],
							"rotationOrigin": [ -0.375, -2.25, -0.375 ],
							"faces": {
								"north": { "texture": "#heavy-tool-belt", "uv": [ 6.0, 3.0, 7.5, 5.0 ], "autoUv": false },
								"east": { "texture": "#heavy-tool-belt", "uv": [ 6.5, 3.0, 8.0, 5.0 ], "autoUv": false },
								"south": { "texture": "#heavy-tool-belt", "uv": [ 6.5, 3.5, 8.0, 5.5 ], "autoUv": false },
								"west": { "texture": "#heavy-tool-belt", "uv": [ 6.0, 3.5, 7.5, 5.5 ], "autoUv": false },
								"up": { "texture": "#heavy-tool-belt", "uv": [ 6.0, 3.0, 7.5, 4.5 ], "autoUv": false },
								"down": { "texture": "#heavy-tool-belt", "uv": [ 6.5, 4.0, 8.0, 5.5 ], "autoUv": false }
							}
						},
						{
							"name": "pouch-down48",
							"from": [ -0.15, -2.625, -0.15 ],
							"to": [ 0.6, -2.25, 0.6 ],
							"rotationOrigin": [ -0.15, -2.625, -0.15 ],
							"faces": {
								"north": { "texture": "#heavy-tool-belt", "uv": [ 6.5, 4.0, 7.5, 4.5 ], "autoUv": false },
								"east": { "texture": "#heavy-tool-belt", "uv": [ 6.5, 4.5, 7.5, 5.0 ], "autoUv": false },
								"south": { "texture": "#heavy-tool-belt", "uv": [ 6.5, 4.5, 7.5, 5.0 ], "autoUv": false },
								"west": { "texture": "#heavy-tool-belt", "uv": [ 6.5, 4.5, 7.5, 5.0 ], "autoUv": false },
								"down": { "texture": "#heavy-tool-belt", "uv": [ 6.5, 4.0, 7.5, 5.0 ], "autoUv": false }
							}
						},
						{
							"name": "pouch-tie49",
							"from": [ -0.15, -0.75, -0.15 ],
							"to": [ 0.6, -0.375, 0.6 ],
							"rotationOrigin": [ -0.15, -0.75, -0.15 ],
							"faces": {
								"north": { "texture": "#heavy-tool-belt", "uv": [ 6.5, 4.0, 7.5, 4.5 ], "autoUv": false },
								"east": { "texture": "#heavy-tool-belt", "uv": [ 6.5, 4.5, 7.5, 5.0 ], "autoUv": false },
								"south": { "texture": "#heavy-tool-belt", "uv": [ 6.5, 3.5, 7.5, 4.0 ], "autoUv": false },
								"west": { "texture": "#heavy-tool-belt", "uv": [ 6.5, 4.0, 7.5, 4.5 ], "autoUv": false }
							}
						}
					]
				},
				{
					"name": "tool42",
					"from": [ 3.9, -0.9, 2.1 ],
					"to": [ 4.125, 0.225, 2.325 ],
					"rotationOrigin": [ 4.0125, 0.15, 2.2125 ],
					"rotationZ": 2.0,
					"faces": {
						"north": { "texture": "#heavy-tool-belt", "uv": [ 5.0, 3.0, 5.5, 4.5 ], "autoUv": false },
						"south": { "texture": "#heavy-tool-belt", "uv": [ 5.0, 3.0, 5.5, 4.5 ], "autoUv": false },
						"west": { "texture": "#heavy-tool-belt", "uv": [ 5.0, 3.0, 5.5, 4.5 ], "autoUv": false },
						"up": { "texture": "#heavy-tool-belt", "uv": [ 5.0, 4.0, 5.5, 4.5 ], "autoUv": false }
					},
					"children": [
						{
							"name": "Cube48",
							"from": [ -0.075, -1.125, -0.075 ],
							"to": [ 0.3, 0.0, 0.3 ],
							"rotationOrigin": [ 0.1125, -1.125, 0.1125 ],
							"faces": {
								"north": { "texture": "#heavy-tool-belt", "uv": [ 7.0, 3.0, 7.5, 4.5 ], "autoUv": false },
								"east": { "texture": "#heavy-tool-belt", "uv": [ 6.5, 4.0, 7.0, 5.5 ], "autoUv": false },
								"south": { "texture": "#heavy-tool-belt", "uv": [ 7.0, 4.0, 7.5, 5.5 ], "autoUv": false },
								"up": { "texture": "#heavy-tool-belt", "uv": [ 6.5, 3.0, 7.0, 3.5 ], "autoUv": false }
							}
						},
						{
							"name": "Cube4",
							"from": [ -0.075, -1.875, 0.3 ],
							"to": [ 0.3, -0.75, 0.675 ],
							"rotationOrigin": [ 0.1125, -1.875, 0.4875 ],
							"faces": {
								"east": { "texture": "#heavy-tool-belt", "uv": [ 5.0, 6.5, 5.5, 8.0 ], "autoUv": false },
								"south": { "texture": "#heavy-tool-belt", "uv": [ 5.0, 6.5, 5.5, 8.0 ], "autoUv": false },
								"up": { "texture": "#heavy-tool-belt", "uv": [ 4.5, 7.5, 5.0, 8.0 ], "autoUv": false },
								"down": { "texture": "#heavy-tool-belt", "uv": [ 4.5, 6.5, 5.0, 7.0 ], "autoUv": false }
							}
						},
						{
							"name": "Cube2",
							"from": [ -0.075, -2.25, -0.075 ],
							"to": [ 0.3, -1.125, 0.3 ],
							"rotationOrigin": [ 0.1125, -2.25, 0.1125 ],
							"faces": {
								"north": { "texture": "#heavy-tool-belt", "uv": [ 5.0, 6.0, 5.5, 7.5 ], "autoUv": false },
								"east": { "texture": "#heavy-tool-belt", "uv": [ 4.5, 6.0, 5.0, 7.5 ], "autoUv": false },
								"south": { "texture": "#heavy-tool-belt", "uv": [ 4.5, 6.5, 5.0, 8.0 ], "autoUv": false },
								"down": { "texture": "#heavy-tool-belt", "uv": [ 7.5, 6.0, 8.0, 6.5 ], "autoUv": false }
							}
						},
						{
							"name": "Cube3",
							"from": [ -0.075, -1.875, -0.45 ],
							"to": [ 0.3, -0.75, -0.075 ],
							"rotationOrigin": [ 0.1125, -1.875, -0.2625 ],
							"faces": {
								"north": { "texture": "#heavy-tool-belt", "uv": [ 4.5, 6.0, 5.0, 7.5 ], "autoUv": false },
								"east": { "texture": "#heavy-tool-belt", "uv": [ 4.0, 6.5, 4.5, 8.0 ], "autoUv": false },
								"up": { "texture": "#heavy-tool-belt", "uv": [ 4.5, 7.5, 5.0, 8.0 ], "autoUv": false },
								"down": { "texture": "#heavy-tool-belt", "uv": [ 5.5, 7.5, 6.0, 8.0 ], "autoUv": false }
							}
						}
					]
				}
			]
		}
	]}