{
	"editor": {
		"backDropShape": "entity/humanoid/seraph",
		"collapsedPaths": "Root/Waist",
		"allAngles": false,
		"entityTextureMode": false
	},
	"textureWidth": 8,
	"textureHeight": 8,
	"textureSizes": {
		"heavy-belt": [8,8]
	},
	"textures": {
	},
	"elements": [
		{
			"name": "Waist",
			"stepParentName": "LowerTorso",
			"from": [ -0.15, 0.0, -0.225 ],
			"to": [ 3.825, 1.125, 4.725 ],
			"rotationOrigin": [ 1.8, 0.75, 2.4 ],
			"faces": {
				"north": { "texture": "#heavy-belt", "uv": [ 2.0, 0.0, 7.0, 1.5 ], "autoUv": false },
				"east": { "texture": "#heavy-belt", "uv": [ 0.0, 0.0, 6.5, 1.5 ], "autoUv": false },
				"south": { "texture": "#heavy-belt", "uv": [ 3.0, 0.0, 8.0, 1.5 ], "autoUv": false },
				"west": { "texture": "#heavy-belt", "uv": [ 1.0, 0.0, 7.5, 1.5 ], "autoUv": false }
			},
			"children": [
				{
					"name": "buckle",
					"from": [ -0.3, -0.3, 1.425 ],
					"to": [ 0.45, 1.575, 3.3 ],
					"rotationOrigin": [ -0.3, 0.6, 2.4 ],
					"faces": {
						"west": { "texture": "#heavy-belt", "uv": [ 5.0, 2.5, 7.5, 5.0 ], "autoUv": false }
					},
					"children": [
						{
							"name": "Buckle-bottom",
							"from": [ -0.225, -0.375, 0.0 ],
							"to": [ 0.525, 0.0, 1.875 ],
							"rotationOrigin": [ -0.225, -0.375, 0.0 ],
							"faces": {
								"north": { "texture": "#heavy-belt", "uv": [ 5.0, 5.5, 6.0, 6.0 ], "autoUv": false },
								"south": { "texture": "#heavy-belt", "uv": [ 5.5, 5.0, 6.5, 5.5 ], "autoUv": false },
								"west": { "texture": "#heavy-belt", "uv": [ 5.5, 5.5, 8.0, 6.0 ], "autoUv": false },
								"up": { "texture": "#heavy-belt", "uv": [ 5.0, 5.0, 7.5, 6.0 ], "rotation": 90, "autoUv": false },
								"down": { "texture": "#heavy-belt", "uv": [ 5.0, 5.0, 7.5, 6.0 ], "rotation": 90, "autoUv": false }
							}
						},
						{
							"name": "Buckle-top",
							"from": [ -0.225, 1.875, 0.0 ],
							"to": [ 0.525, 2.25, 1.875 ],
							"rotationOrigin": [ -0.225, 1.875, 0.0 ],
							"faces": {
								"north": { "texture": "#heavy-belt", "uv": [ 5.0, 5.0, 6.0, 5.5 ], "autoUv": false },
								"south": { "texture": "#heavy-belt", "uv": [ 5.5, 5.0, 6.5, 5.5 ], "autoUv": false },
								"west": { "texture": "#heavy-belt", "uv": [ 5.0, 5.0, 7.5, 5.5 ], "autoUv": false },
								"up": { "texture": "#heavy-belt", "uv": [ 5.0, 5.0, 7.5, 6.0 ], "rotation": 90, "autoUv": false },
								"down": { "texture": "#heavy-belt", "uv": [ 5.0, 5.0, 7.5, 6.0 ], "rotation": 90, "autoUv": false }
							}
						},
						{
							"name": "Buckle-left",
							"from": [ -0.225, 0.0, -0.375 ],
							"to": [ 0.525, 1.875, 0.0 ],
							"rotationOrigin": [ -0.225, 0.0, -0.375 ],
							"faces": {
								"north": { "texture": "#heavy-belt", "uv": [ 5.5, 5.0, 8.0, 6.0 ], "rotation": 90, "autoUv": false },
								"south": { "texture": "#heavy-belt", "uv": [ 5.5, 5.0, 8.0, 6.0 ], "rotation": 90, "autoUv": false },
								"west": { "texture": "#heavy-belt", "uv": [ 4.5, 3.5, 5.0, 6.0 ], "autoUv": false },
								"up": { "texture": "#heavy-belt", "uv": [ 6.5, 5.5, 7.5, 6.0 ], "autoUv": false },
								"down": { "texture": "#heavy-belt", "uv": [ 6.0, 5.5, 7.0, 6.0 ], "autoUv": false }
							}
						},
						{
							"name": "Buckle-right",
							"from": [ -0.225, 0.0, 1.875 ],
							"to": [ 0.525, 1.875, 2.25 ],
							"rotationOrigin": [ -0.225, 0.0, 1.875 ],
							"faces": {
								"north": { "texture": "#heavy-belt", "uv": [ 5.0, 5.0, 7.5, 6.0 ], "rotation": 90, "autoUv": false },
								"south": { "texture": "#heavy-belt", "uv": [ 5.5, 5.0, 8.0, 6.0 ], "rotation": 90, "autoUv": false },
								"west": { "texture": "#heavy-belt", "uv": [ 7.5, 3.5, 8.0, 6.0 ], "autoUv": false },
								"up": { "texture": "#heavy-belt", "uv": [ 7.0, 5.0, 8.0, 5.5 ], "autoUv": false },
								"down": { "texture": "#heavy-belt", "uv": [ 5.5, 5.0, 6.5, 5.5 ], "autoUv": false }
							}
						}
					]
				},
				{
					"name": "E-down",
					"from": [ 3.675, -0.375, -0.075 ],
					"to": [ 4.05, 0.0, 5.025 ],
					"rotationOrigin": [ 3.675, -0.375, -0.075 ],
					"faces": {
						"north": { "texture": "#heavy-belt", "uv": [ 0.5, 2.0, 1.0, 2.5 ], "autoUv": false },
						"east": { "texture": "#heavy-belt", "uv": [ 1.5, 1.5, 8.0, 2.0 ], "autoUv": false },
						"south": { "texture": "#heavy-belt", "uv": [ 3.0, 1.5, 3.5, 2.0 ], "autoUv": false },
						"up": { "texture": "#heavy-belt", "uv": [ 0.5, 1.5, 7.0, 2.0 ], "rotation": 90, "autoUv": false },
						"down": { "texture": "#heavy-belt", "uv": [ 0.0, 2.0, 6.5, 2.5 ], "rotation": 90, "autoUv": false }
					}
				},
				{
					"name": "E-top",
					"from": [ 3.675, 1.125, -0.075 ],
					"to": [ 4.05, 1.5, 5.025 ],
					"rotationOrigin": [ 3.675, 1.125, -0.075 ],
					"faces": {
						"north": { "texture": "#heavy-belt", "uv": [ 1.0, 2.0, 1.5, 2.5 ], "autoUv": false },
						"east": { "texture": "#heavy-belt", "uv": [ 0.0, 2.0, 6.5, 2.5 ], "autoUv": false },
						"south": { "texture": "#heavy-belt", "uv": [ 3.5, 2.0, 4.0, 2.5 ], "autoUv": false },
						"up": { "texture": "#heavy-belt", "uv": [ 1.0, 2.0, 7.5, 2.5 ], "rotation": 90, "autoUv": false },
						"down": { "texture": "#heavy-belt", "uv": [ 0.5, 1.5, 7.0, 2.0 ], "rotation": 90, "autoUv": false }
					}
				},
				{
					"name": "W-top",
					"from": [ -0.075, 1.125, -0.075 ],
					"to": [ 0.3, 1.5, 5.025 ],
					"rotationOrigin": [ -0.075, 1.125, -0.075 ],
					"faces": {
						"north": { "texture": "#heavy-belt", "uv": [ 1.5, 2.0, 2.0, 2.5 ], "autoUv": false },
						"south": { "texture": "#heavy-belt", "uv": [ 2.5, 2.0, 3.0, 2.5 ], "autoUv": false },
						"west": { "texture": "#heavy-belt", "uv": [ 1.0, 2.0, 7.5, 2.5 ], "autoUv": false },
						"up": { "texture": "#heavy-belt", "uv": [ 0.5, 2.0, 7.0, 2.5 ], "rotation": 90, "autoUv": false },
						"down": { "texture": "#heavy-belt", "uv": [ 1.0, 2.0, 7.5, 2.5 ], "rotation": 90, "autoUv": false }
					}
				},
				{
					"name": "W-down",
					"from": [ -0.075, -0.375, -0.075 ],
					"to": [ 0.3, 0.0, 5.025 ],
					"rotationOrigin": [ -0.075, -0.375, -0.075 ],
					"faces": {
						"north": { "texture": "#heavy-belt", "uv": [ 4.5, 1.5, 5.0, 2.0 ], "autoUv": false },
						"south": { "texture": "#heavy-belt", "uv": [ 1.0, 1.5, 1.5, 2.0 ], "autoUv": false },
						"west": { "texture": "#heavy-belt", "uv": [ 0.0, 1.5, 6.5, 2.0 ], "autoUv": false },
						"up": { "texture": "#heavy-belt", "uv": [ 0.5, 2.0, 7.0, 2.5 ], "rotation": 90, "autoUv": false },
						"down": { "texture": "#heavy-belt", "uv": [ 1.0, 2.0, 7.5, 2.5 ], "rotation": 90, "autoUv": false }
					}
				},
				{
					"name": "N-down",
					"from": [ 0.3, -0.375, -0.075 ],
					"to": [ 3.675, 0.0, 0.3 ],
					"rotationOrigin": [ 0.3, -0.375, -0.075 ],
					"faces": {
						"north": { "texture": "#heavy-belt", "uv": [ 2.0, 1.5, 6.5, 2.0 ], "autoUv": false },
						"up": { "texture": "#heavy-belt", "uv": [ 1.5, 2.0, 6.0, 2.5 ], "autoUv": false },
						"down": { "texture": "#heavy-belt", "uv": [ 2.0, 2.0, 6.5, 2.5 ], "autoUv": false }
					}
				},
				{
					"name": "N-top",
					"from": [ 0.3, 1.125, -0.075 ],
					"to": [ 3.675, 1.5, 0.3 ],
					"rotationOrigin": [ 0.3, 1.125, -0.075 ],
					"faces": {
						"north": { "texture": "#heavy-belt", "uv": [ 1.0, 1.5, 5.5, 2.0 ], "autoUv": false },
						"up": { "texture": "#heavy-belt", "uv": [ 1.0, 2.0, 5.5, 2.5 ], "autoUv": false },
						"down": { "texture": "#heavy-belt", "uv": [ 1.5, 1.5, 6.0, 2.0 ], "autoUv": false }
					}
				},
				{
					"name": "S-top",
					"from": [ 0.3, 1.125, 4.65 ],
					"to": [ 3.675, 1.5, 5.025 ],
					"rotationOrigin": [ 0.3, 1.125, 4.65 ],
					"faces": {
						"south": { "texture": "#heavy-belt", "uv": [ 1.5, 2.0, 6.0, 2.5 ], "autoUv": false },
						"up": { "texture": "#heavy-belt", "uv": [ 1.5, 1.5, 6.0, 2.0 ], "autoUv": false },
						"down": { "texture": "#heavy-belt", "uv": [ 2.0, 2.0, 6.5, 2.5 ], "autoUv": false }
					}
				},
				{
					"name": "S-down",
					"from": [ 0.3, -0.375, 4.65 ],
					"to": [ 3.675, 0.0, 5.025 ],
					"rotationOrigin": [ 0.3, -0.375, 4.65 ],
					"faces": {
						"south": { "texture": "#heavy-belt", "uv": [ 1.0, 1.5, 5.5, 2.0 ], "autoUv": false },
						"up": { "texture": "#heavy-belt", "uv": [ 2.5, 1.5, 7.0, 2.0 ], "autoUv": false },
						"down": { "texture": "#heavy-belt", "uv": [ 1.5, 2.0, 6.0, 2.5 ], "autoUv": false }
					}
				},
				{
					"name": "clip1",
					"from": [ 0.0, -0.525, 3.75 ],
					"to": [ 0.375, 0.225, 4.125 ],
					"rotationOrigin": [ 0.0, 0.225, 3.9 ],
					"rotationZ": -22.5,
					"faces": {
						"north": { "texture": "#heavy-belt", "uv": [ 4.5, 5.0, 5.0, 6.0 ], "autoUv": false },
						"south": { "texture": "#heavy-belt", "uv": [ 7.5, 4.5, 8.0, 5.5 ], "autoUv": false },
						"west": { "texture": "#heavy-belt", "uv": [ 4.5, 5.0, 5.0, 6.0 ], "autoUv": false },
						"down": { "texture": "#heavy-belt", "uv": [ 5.5, 5.5, 6.0, 6.0 ], "autoUv": false }
					}
				},
				{
					"name": "clip2",
					"from": [ 0.0, -0.525, 4.5 ],
					"to": [ 0.375, 0.225, 4.875 ],
					"rotationOrigin": [ 0.0, 0.225, 4.65 ],
					"rotationZ": -22.5,
					"faces": {
						"north": { "texture": "#heavy-belt", "uv": [ 6.5, 5.0, 7.0, 6.0 ], "autoUv": false },
						"south": { "texture": "#heavy-belt", "uv": [ 6.0, 5.0, 6.5, 6.0 ], "autoUv": false },
						"west": { "texture": "#heavy-belt", "uv": [ 5.0, 5.0, 5.5, 6.0 ], "autoUv": false },
						"down": { "texture": "#heavy-belt", "uv": [ 6.0, 5.5, 6.5, 6.0 ], "autoUv": false }
					}
				},
				{
					"name": "tip",
					"from": [ 0.075, 0.0, 0.3 ],
					"to": [ 0.45, 1.125, 1.05 ],
					"rotationOrigin": [ 0.075, 0.6, 1.05 ],
					"rotationY": 22.5,
					"faces": {
						"north": { "texture": "#heavy-belt", "uv": [ 2.5, 1.5, 4.0, 2.0 ], "rotation": 90, "autoUv": false },
						"west": { "texture": "#heavy-belt", "uv": [ 0.0, 1.0, 1.5, 2.0 ], "rotation": 90, "autoUv": false },
						"up": { "texture": "#heavy-belt", "uv": [ 2.5, 1.5, 3.0, 2.5 ], "autoUv": false },
						"down": { "texture": "#heavy-belt", "uv": [ 3.0, 1.5, 3.5, 2.5 ], "autoUv": false }
					}
				},
				{
					"name": "pouch1string",
					"from": [ 1.35, -0.075, 4.725 ],
					"to": [ 1.575, 0.675, 4.95 ],
					"rotationOrigin": [ 1.4625, 0.675, 4.8 ],
					"rotationX": -20.0,
					"rotationY": 45.0,
					"faces": {
						"north": { "texture": "#heavy-belt", "uv": [ 5.5, 5.0, 6.0, 6.0 ], "autoUv": false },
						"east": { "texture": "#heavy-belt", "uv": [ 6.5, 5.0, 7.0, 6.0 ], "autoUv": false },
						"south": { "texture": "#heavy-belt", "uv": [ 5.5, 5.0, 6.0, 6.0 ], "autoUv": false },
						"west": { "texture": "#heavy-belt", "uv": [ 6.0, 5.0, 6.5, 6.0 ], "autoUv": false }
					},
					"children": [
						{
							"name": "pouch1top",
							"from": [ -0.3, -0.15, -0.2625 ],
							"to": [ 0.45, 0.0, 0.4875 ],
							"rotationOrigin": [ 0.075, -0.15, 0.15 ],
							"faces": {
								"north": { "texture": "#heavy-belt", "uv": [ 1.0, 6.0, 2.0, 6.5 ], "autoUv": false },
								"east": { "texture": "#heavy-belt", "uv": [ 1.0, 7.5, 2.0, 8.0 ], "autoUv": false },
								"south": { "texture": "#heavy-belt", "uv": [ 1.5, 6.0, 2.5, 6.5 ], "autoUv": false },
								"west": { "texture": "#heavy-belt", "uv": [ 1.0, 6.0, 2.0, 6.5 ], "autoUv": false },
								"up": { "texture": "#heavy-belt", "uv": [ 1.0, 6.5, 2.0, 7.5 ], "autoUv": false },
								"down": { "texture": "#heavy-belt", "uv": [ 0.5, 5.5, 1.5, 6.5 ], "autoUv": false }
							}
						},
						{
							"name": "pouch1",
							"from": [ -0.3, -1.5, -0.2625 ],
							"to": [ 0.45, -0.375, 0.4875 ],
							"rotationOrigin": [ 0.075, -1.5, 0.075 ],
							"faces": {
								"north": { "texture": "#heavy-belt", "uv": [ 1.5, 6.0, 2.5, 7.5 ], "autoUv": false },
								"east": { "texture": "#heavy-belt", "uv": [ 0.5, 5.5, 1.5, 7.0 ], "autoUv": false },
								"south": { "texture": "#heavy-belt", "uv": [ 0.5, 5.5, 1.5, 7.0 ], "autoUv": false },
								"west": { "texture": "#heavy-belt", "uv": [ 1.0, 5.5, 2.0, 7.0 ], "autoUv": false },
								"up": { "texture": "#heavy-belt", "uv": [ 0.5, 6.5, 1.5, 7.5 ], "autoUv": false },
								"down": { "texture": "#heavy-belt", "uv": [ 0.5, 6.0, 1.5, 7.0 ], "autoUv": false }
							}
						},
						{
							"name": "pouch1tie",
							"from": [ -0.1125, -0.375, -0.075 ],
							"to": [ 0.2625, -0.15, 0.3 ],
							"rotationOrigin": [ 0.075, -0.375, 0.1125 ],
							"faces": {
								"north": { "texture": "#heavy-belt", "uv": [ 7.0, 5.0, 7.5, 5.5 ], "autoUv": false },
								"east": { "texture": "#heavy-belt", "uv": [ 5.5, 5.0, 6.0, 5.5 ], "autoUv": false },
								"south": { "texture": "#heavy-belt", "uv": [ 5.5, 5.5, 6.0, 6.0 ], "autoUv": false },
								"west": { "texture": "#heavy-belt", "uv": [ 5.0, 5.0, 5.5, 5.5 ], "autoUv": false }
							}
						}
					]
				},
				{
					"name": "pouch2string",
					"from": [ 0.75, -0.3, 0.0 ],
					"to": [ 0.975, 0.45, 0.225 ],
					"rotationOrigin": [ 0.8625, 0.45, 0.1125 ],
					"rotationX": 10.0,
					"rotationY": -45.0,
					"rotationZ": -22.5,
					"faces": {
						"north": { "texture": "#heavy-belt", "uv": [ 6.5, 5.0, 7.0, 6.0 ], "autoUv": false },
						"east": { "texture": "#heavy-belt", "uv": [ 4.5, 5.0, 5.0, 6.0 ], "autoUv": false },
						"south": { "texture": "#heavy-belt", "uv": [ 4.5, 5.0, 5.0, 6.0 ], "autoUv": false },
						"west": { "texture": "#heavy-belt", "uv": [ 6.0, 5.0, 6.5, 6.0 ], "autoUv": false }
					},
					"children": [
						{
							"name": "pouch2top",
							"from": [ -0.3, -0.15, -0.2625 ],
							"to": [ 0.45, 0.0, 0.4875 ],
							"rotationOrigin": [ 0.075, -0.15, 0.15 ],
							"faces": {
								"north": { "texture": "#heavy-belt", "uv": [ 0.5, 6.0, 1.5, 6.5 ], "autoUv": false },
								"east": { "texture": "#heavy-belt", "uv": [ 1.0, 5.5, 2.0, 6.0 ], "autoUv": false },
								"south": { "texture": "#heavy-belt", "uv": [ 0.5, 6.5, 1.5, 7.0 ], "autoUv": false },
								"west": { "texture": "#heavy-belt", "uv": [ 1.5, 7.0, 2.5, 7.5 ], "autoUv": false },
								"up": { "texture": "#heavy-belt", "uv": [ 1.0, 5.5, 2.0, 6.5 ], "autoUv": false },
								"down": { "texture": "#heavy-belt", "uv": [ 0.5, 5.5, 1.5, 6.5 ], "autoUv": false }
							}
						},
						{
							"name": "pouch2",
							"from": [ -0.3, -1.5, -0.2625 ],
							"to": [ 0.45, -0.375, 0.4875 ],
							"rotationOrigin": [ 0.075, -1.5, 0.075 ],
							"faces": {
								"north": { "texture": "#heavy-belt", "uv": [ 1.0, 6.0, 2.0, 7.5 ], "autoUv": false },
								"east": { "texture": "#heavy-belt", "uv": [ 1.5, 6.5, 2.5, 8.0 ], "autoUv": false },
								"south": { "texture": "#heavy-belt", "uv": [ 1.0, 5.5, 2.0, 7.0 ], "autoUv": false },
								"west": { "texture": "#heavy-belt", "uv": [ 1.0, 5.5, 2.0, 7.0 ], "autoUv": false },
								"up": { "texture": "#heavy-belt", "uv": [ 1.0, 6.0, 2.0, 7.0 ], "autoUv": false },
								"down": { "texture": "#heavy-belt", "uv": [ 1.0, 6.0, 2.0, 7.0 ], "autoUv": false }
							}
						},
						{
							"name": "pouch2tie",
							"from": [ -0.1125, -0.375, -0.075 ],
							"to": [ 0.2625, -0.15, 0.3 ],
							"rotationOrigin": [ 0.075, -0.375, 0.1125 ],
							"faces": {
								"north": { "texture": "#heavy-belt", "uv": [ 7.0, 5.5, 7.5, 6.0 ], "autoUv": false },
								"east": { "texture": "#heavy-belt", "uv": [ 7.5, 5.0, 8.0, 5.5 ], "autoUv": false },
								"south": { "texture": "#heavy-belt", "uv": [ 5.0, 5.0, 5.5, 5.5 ], "autoUv": false },
								"west": { "texture": "#heavy-belt", "uv": [ 5.5, 5.0, 6.0, 5.5 ], "autoUv": false }
							}
						}
					]
				},
				{
					"name": "pouch3string",
					"from": [ 3.0, 0.0, 0.0 ],
					"to": [ 3.3, 0.75, 0.3 ],
					"rotationOrigin": [ 3.15, 0.75, 0.15 ],
					"rotationX": 22.5,
					"rotationY": -45.0,
					"faces": {
						"north": { "texture": "#heavy-belt", "uv": [ 6.0, 5.0, 6.5, 6.0 ], "autoUv": false },
						"east": { "texture": "#heavy-belt", "uv": [ 5.5, 5.0, 6.0, 6.0 ], "autoUv": false },
						"south": { "texture": "#heavy-belt", "uv": [ 7.5, 5.0, 8.0, 6.0 ], "autoUv": false },
						"west": { "texture": "#heavy-belt", "uv": [ 6.0, 5.0, 6.5, 6.0 ], "autoUv": false }
					},
					"children": [
						{
							"name": "pouch3top",
							"from": [ -0.225, -0.225, -0.225 ],
							"to": [ 0.525, 0.0, 0.525 ],
							"rotationOrigin": [ 0.15, -0.225, 0.15 ],
							"faces": {
								"north": { "texture": "#heavy-belt", "uv": [ 1.0, 7.0, 2.0, 7.5 ], "autoUv": false },
								"east": { "texture": "#heavy-belt", "uv": [ 1.0, 5.5, 2.0, 6.0 ], "autoUv": false },
								"south": { "texture": "#heavy-belt", "uv": [ 1.5, 6.0, 2.5, 6.5 ], "autoUv": false },
								"west": { "texture": "#heavy-belt", "uv": [ 1.5, 5.5, 2.5, 6.0 ], "autoUv": false },
								"up": { "texture": "#heavy-belt", "uv": [ 1.0, 6.0, 2.0, 7.0 ], "autoUv": false },
								"down": { "texture": "#heavy-belt", "uv": [ 1.5, 6.0, 2.5, 7.0 ], "autoUv": false }
							}
						},
						{
							"name": "pouch3",
							"from": [ -0.45, -1.575, -0.45 ],
							"to": [ 0.75, -0.45, 0.75 ],
							"rotationOrigin": [ 0.15, -1.575, 0.15 ],
							"faces": {
								"north": { "texture": "#heavy-belt", "uv": [ 1.0, 6.0, 2.5, 7.5 ], "autoUv": false },
								"east": { "texture": "#heavy-belt", "uv": [ 1.0, 6.0, 2.5, 7.5 ], "autoUv": false },
								"south": { "texture": "#heavy-belt", "uv": [ 0.5, 6.5, 2.0, 8.0 ], "autoUv": false },
								"west": { "texture": "#heavy-belt", "uv": [ 1.0, 6.0, 2.5, 7.5 ], "autoUv": false },
								"up": { "texture": "#heavy-belt", "uv": [ 0.5, 6.0, 2.0, 7.5 ], "autoUv": false },
								"down": { "texture": "#heavy-belt", "uv": [ 1.0, 5.0, 2.5, 6.5 ], "autoUv": false }
							}
						},
						{
							"name": "pouch3down",
							"from": [ -0.225, -1.8, -0.225 ],
							"to": [ 0.525, -1.575, 0.525 ],
							"rotationOrigin": [ 0.15, -1.8, 0.15 ],
							"faces": {
								"north": { "texture": "#heavy-belt", "uv": [ 1.0, 5.5, 2.0, 6.0 ], "autoUv": false },
								"east": { "texture": "#heavy-belt", "uv": [ 1.0, 6.5, 2.0, 7.0 ], "autoUv": false },
								"south": { "texture": "#heavy-belt", "uv": [ 1.0, 6.0, 2.0, 6.5 ], "autoUv": false },
								"west": { "texture": "#heavy-belt", "uv": [ 0.5, 6.0, 1.5, 6.5 ], "autoUv": false },
								"down": { "texture": "#heavy-belt", "uv": [ 1.0, 7.0, 2.0, 8.0 ], "autoUv": false }
							}
						},
						{
							"name": "pouch3tie",
							"from": [ -0.075, -0.45, -0.075 ],
							"to": [ 0.375, -0.225, 0.375 ],
							"rotationOrigin": [ 0.15, -0.45, 0.15 ],
							"faces": {
								"north": { "texture": "#heavy-belt", "uv": [ 7.0, 5.5, 7.5, 6.0 ], "autoUv": false },
								"east": { "texture": "#heavy-belt", "uv": [ 5.5, 5.0, 6.0, 5.5 ], "autoUv": false },
								"south": { "texture": "#heavy-belt", "uv": [ 5.5, 5.0, 6.0, 5.5 ], "autoUv": false },
								"west": { "texture": "#heavy-belt", "uv": [ 6.5, 5.5, 7.0, 6.0 ], "autoUv": false }
							}
						}
					]
				}
			]
		}
	]}