{
	"editor": {
		"backDropShape": "entity/humanoid/seraph",
		"collapsedPaths": "Root/Waist",
		"allAngles": false,
		"entityTextureMode": false
	},
	"textureWidth": 8,
	"textureHeight": 8,
	"textureSizes": {
		"jailor-belt": [8,8]
	},
	"textures": {
	},
	"elements": [
		{
			"name": "Waist",
			"stepParentName": "LowerTorso",
			"from": [ -0.15, 0.0, -0.3 ],
			"to": [ 3.9, 0.75, 4.8 ],
			"rotationOrigin": [ 2.1, 0.0, 2.25 ],
			"faces": {
				"north": { "texture": "#jailor-belt", "uv": [ 0.0, 0.0, 5.0, 1.0 ], "autoUv": false },
				"east": { "texture": "#jailor-belt", "uv": [ 1.5, 0.5, 8.0, 1.5 ], "autoUv": false },
				"south": { "texture": "#jailor-belt", "uv": [ 0.0, 0.0, 5.0, 1.0 ], "autoUv": false },
				"west": { "texture": "#jailor-belt", "uv": [ 1.0, 0.5, 7.5, 1.5 ], "autoUv": false },
				"up": { "texture": "#jailor-belt", "uv": [ 0.0, 1.5, 5.0, 8.0 ], "autoUv": false },
				"down": { "texture": "#jailor-belt", "uv": [ 0.0, 1.5, 5.0, 8.0 ], "autoUv": false }
			},
			"children": [
				{
					"name": "buckle-down",
					"from": [ -0.225, -0.375, 2.325 ],
					"to": [ 0.15, 0.0, 3.45 ],
					"rotationOrigin": [ -0.225, -0.375, 2.325 ],
					"faces": {
						"south": { "texture": "#jailor-belt", "uv": [ 7.0, 2.0, 7.5, 2.5 ], "autoUv": false },
						"west": { "texture": "#jailor-belt", "uv": [ 6.0, 2.5, 7.5, 3.0 ], "autoUv": false },
						"up": { "texture": "#jailor-belt", "uv": [ 7.0, 1.5, 7.5, 3.0 ], "autoUv": false },
						"down": { "texture": "#jailor-belt", "uv": [ 7.0, 1.5, 7.5, 3.0 ], "autoUv": false }
					},
					"children": [
						{
							"name": "buckle-left",
							"from": [ 0.0, 0.0, -0.375 ],
							"to": [ 0.375, 1.125, 0.0 ],
							"rotationOrigin": [ 0.0, 0.0, -0.375 ],
							"faces": {
								"north": { "texture": "#jailor-belt", "uv": [ 6.5, 1.5, 7.0, 3.0 ], "autoUv": false },
								"south": { "texture": "#jailor-belt", "uv": [ 6.5, 2.0, 7.0, 3.5 ], "autoUv": false },
								"west": { "texture": "#jailor-belt", "uv": [ 6.5, 2.0, 7.0, 3.5 ], "autoUv": false },
								"down": { "texture": "#jailor-belt", "uv": [ 6.5, 2.0, 7.0, 2.5 ], "autoUv": false }
							}
						},
						{
							"name": "buckle-right",
							"from": [ 0.0, 0.375, 0.75 ],
							"to": [ 0.375, 1.5, 1.125 ],
							"rotationOrigin": [ 0.0, 0.375, 0.75 ],
							"faces": {
								"north": { "texture": "#jailor-belt", "uv": [ 6.5, 1.5, 7.0, 3.0 ], "autoUv": false },
								"south": { "texture": "#jailor-belt", "uv": [ 6.5, 1.5, 7.0, 3.0 ], "autoUv": false },
								"west": { "texture": "#jailor-belt", "uv": [ 6.5, 1.5, 7.0, 3.0 ], "autoUv": false },
								"up": { "texture": "#jailor-belt", "uv": [ 7.5, 3.0, 8.0, 3.5 ], "autoUv": false }
							}
						},
						{
							"name": "buckle-up",
							"from": [ 0.0, 1.125, -0.375 ],
							"to": [ 0.375, 1.5, 0.75 ],
							"rotationOrigin": [ 0.0, 1.125, 0.0 ],
							"faces": {
								"north": { "texture": "#jailor-belt", "uv": [ 7.5, 2.0, 8.0, 2.5 ], "autoUv": false },
								"west": { "texture": "#jailor-belt", "uv": [ 6.0, 2.5, 7.5, 3.0 ], "autoUv": false },
								"up": { "texture": "#jailor-belt", "uv": [ 6.5, 2.0, 7.0, 3.5 ], "autoUv": false },
								"down": { "texture": "#jailor-belt", "uv": [ 7.5, 1.5, 8.0, 3.0 ], "autoUv": false }
							}
						},
						{
							"name": "belt-pin",
							"from": [ 0.15, 0.6, 0.375 ],
							"to": [ 0.525, 0.9, 1.5 ],
							"rotationOrigin": [ 0.15, 0.6, 0.525 ],
							"faces": {
								"north": { "texture": "#jailor-belt", "uv": [ 7.0, 2.5, 7.5, 3.0 ], "autoUv": false },
								"south": { "texture": "#jailor-belt", "uv": [ 7.0, 1.5, 7.5, 2.0 ], "autoUv": false },
								"west": { "texture": "#jailor-belt", "uv": [ 6.5, 3.0, 8.0, 3.5 ], "autoUv": false },
								"up": { "texture": "#jailor-belt", "uv": [ 6.5, 2.0, 7.0, 3.5 ], "autoUv": false },
								"down": { "texture": "#jailor-belt", "uv": [ 6.5, 1.5, 7.0, 3.0 ], "autoUv": false }
							}
						}
					]
				},
				{
					"name": "belt-loop",
					"from": [ -0.15, -0.15, 1.2 ],
					"to": [ 0.225, 0.9, 1.575 ],
					"rotationOrigin": [ -0.15, -0.15, 1.2 ],
					"faces": {
						"north": { "texture": "#jailor-belt", "uv": [ 6.0, 2.5, 6.5, 3.5 ], "autoUv": false },
						"south": { "texture": "#jailor-belt", "uv": [ 6.0, 2.5, 6.5, 3.5 ], "autoUv": false },
						"west": { "texture": "#jailor-belt", "uv": [ 6.5, 2.0, 7.0, 3.0 ], "autoUv": false },
						"up": { "texture": "#jailor-belt", "uv": [ 7.0, 3.0, 7.5, 3.5 ], "autoUv": false },
						"down": { "texture": "#jailor-belt", "uv": [ 6.5, 2.5, 7.0, 3.0 ], "autoUv": false }
					}
				},
				{
					"name": "key1",
					"from": [ -0.075, -1.05, 0.75 ],
					"to": [ 0.3, 0.075, 1.125 ],
					"rotationOrigin": [ -0.075, -1.05, 0.75 ],
					"rotationZ": -8.0,
					"faces": {
						"north": { "texture": "#jailor-belt", "uv": [ 4.5, 0.0, 5.0, 1.5 ], "autoUv": false },
						"south": { "texture": "#jailor-belt", "uv": [ 4.0, 0.5, 4.5, 2.0 ], "autoUv": false },
						"west": { "texture": "#jailor-belt", "uv": [ 7.0, 0.0, 7.5, 1.5 ], "autoUv": false },
						"down": { "texture": "#jailor-belt", "uv": [ 3.0, 0.0, 3.5, 0.5 ], "autoUv": false }
					},
					"children": [
						{
							"name": "key1left",
							"from": [ 0.0, -0.75, -0.375 ],
							"to": [ 0.375, 0.375, 0.0 ],
							"rotationOrigin": [ 0.0, -0.75, -0.375 ],
							"faces": {
								"north": { "texture": "#jailor-belt", "uv": [ 6.0, 2.0, 6.5, 3.5 ], "autoUv": false },
								"south": { "texture": "#jailor-belt", "uv": [ 7.0, 1.5, 7.5, 3.0 ], "autoUv": false },
								"west": { "texture": "#jailor-belt", "uv": [ 6.5, 2.0, 7.0, 3.5 ], "autoUv": false },
								"up": { "texture": "#jailor-belt", "uv": [ 6.5, 2.5, 7.0, 3.0 ], "autoUv": false },
								"down": { "texture": "#jailor-belt", "uv": [ 7.0, 2.5, 7.5, 3.0 ], "autoUv": false }
							}
						},
						{
							"name": "key1right",
							"from": [ 0.0, -0.75, 0.375 ],
							"to": [ 0.375, 0.375, 0.75 ],
							"rotationOrigin": [ 0.0, -0.75, 0.375 ],
							"faces": {
								"north": { "texture": "#jailor-belt", "uv": [ 6.0, 2.0, 6.5, 3.5 ], "autoUv": false },
								"south": { "texture": "#jailor-belt", "uv": [ 7.0, 1.5, 7.5, 3.0 ], "autoUv": false },
								"west": { "texture": "#jailor-belt", "uv": [ 7.5, 1.5, 8.0, 3.0 ], "autoUv": false },
								"up": { "texture": "#jailor-belt", "uv": [ 6.5, 2.5, 7.0, 3.0 ], "autoUv": false },
								"down": { "texture": "#jailor-belt", "uv": [ 7.0, 2.5, 7.5, 3.0 ], "autoUv": false }
							}
						},
						{
							"name": "key1shaft",
							"from": [ 0.0, -2.25, 0.0 ],
							"to": [ 0.375, -0.375, 0.375 ],
							"rotationOrigin": [ 0.0, -2.25, 0.0 ],
							"faces": {
								"north": { "texture": "#jailor-belt", "uv": [ 7.0, 1.5, 7.5, 4.0 ], "autoUv": false },
								"south": { "texture": "#jailor-belt", "uv": [ 7.0, 1.5, 7.5, 4.0 ], "autoUv": false },
								"west": { "texture": "#jailor-belt", "uv": [ 7.0, 1.5, 7.5, 4.0 ], "autoUv": false },
								"up": { "texture": "#jailor-belt", "uv": [ 6.5, 3.0, 7.0, 3.5 ], "autoUv": false },
								"down": { "texture": "#jailor-belt", "uv": [ 7.0, 2.0, 7.5, 2.5 ], "autoUv": false }
							}
						},
						{
							"name": "key1tooth",
							"from": [ 0.0, -1.875, -0.375 ],
							"to": [ 0.375, -1.125, 0.0 ],
							"rotationOrigin": [ 0.0, -1.875, -0.375 ],
							"faces": {
								"north": { "texture": "#jailor-belt", "uv": [ 6.5, 2.5, 7.0, 3.5 ], "autoUv": false },
								"west": { "texture": "#jailor-belt", "uv": [ 6.5, 1.5, 7.0, 2.5 ], "autoUv": false },
								"up": { "texture": "#jailor-belt", "uv": [ 6.5, 2.5, 7.0, 3.0 ], "autoUv": false },
								"down": { "texture": "#jailor-belt", "uv": [ 7.5, 3.0, 8.0, 3.5 ], "autoUv": false }
							}
						}
					]
				},
				{
					"name": "key2",
					"from": [ -0.075, -0.675, 3.975 ],
					"to": [ 0.3, 0.075, 4.35 ],
					"rotationOrigin": [ -0.075, -0.675, 3.975 ],
					"rotationZ": -8.0,
					"faces": {
						"north": { "texture": "#jailor-belt", "uv": [ 4.5, 0.0, 5.0, 1.0 ], "autoUv": false },
						"south": { "texture": "#jailor-belt", "uv": [ 4.0, 0.5, 4.5, 1.5 ], "autoUv": false },
						"west": { "texture": "#jailor-belt", "uv": [ 7.0, 0.0, 7.5, 1.0 ], "autoUv": false },
						"down": { "texture": "#jailor-belt", "uv": [ 3.0, 0.0, 3.5, 0.5 ], "autoUv": false }
					},
					"children": [
						{
							"name": "key2left",
							"from": [ 0.0, -0.75, -0.375 ],
							"to": [ 0.375, 0.375, 0.0 ],
							"rotationOrigin": [ 0.0, -0.75, -0.375 ],
							"faces": {
								"north": { "texture": "#jailor-belt", "uv": [ 6.0, 2.0, 6.5, 3.5 ], "autoUv": false },
								"south": { "texture": "#jailor-belt", "uv": [ 7.0, 1.5, 7.5, 3.0 ], "autoUv": false },
								"west": { "texture": "#jailor-belt", "uv": [ 6.5, 2.0, 7.0, 3.5 ], "autoUv": false },
								"up": { "texture": "#jailor-belt", "uv": [ 6.5, 2.5, 7.0, 3.0 ], "autoUv": false },
								"down": { "texture": "#jailor-belt", "uv": [ 7.0, 2.5, 7.5, 3.0 ], "autoUv": false }
							}
						},
						{
							"name": "key2right",
							"from": [ 0.0, -0.75, 0.375 ],
							"to": [ 0.375, 0.375, 0.75 ],
							"rotationOrigin": [ 0.0, -0.75, 0.375 ],
							"faces": {
								"north": { "texture": "#jailor-belt", "uv": [ 6.0, 2.0, 6.5, 3.5 ], "autoUv": false },
								"south": { "texture": "#jailor-belt", "uv": [ 7.0, 1.5, 7.5, 3.0 ], "autoUv": false },
								"west": { "texture": "#jailor-belt", "uv": [ 7.5, 1.5, 8.0, 3.0 ], "autoUv": false },
								"up": { "texture": "#jailor-belt", "uv": [ 6.5, 2.5, 7.0, 3.0 ], "autoUv": false },
								"down": { "texture": "#jailor-belt", "uv": [ 7.0, 2.5, 7.5, 3.0 ], "autoUv": false }
							}
						},
						{
							"name": "key2shaft",
							"from": [ 0.0, -1.875, 0.0 ],
							"to": [ 0.375, -0.375, 0.375 ],
							"rotationOrigin": [ 0.0, -1.5, 0.0 ],
							"faces": {
								"north": { "texture": "#jailor-belt", "uv": [ 7.0, 1.5, 7.5, 3.5 ], "autoUv": false },
								"south": { "texture": "#jailor-belt", "uv": [ 7.0, 1.5, 7.5, 3.5 ], "autoUv": false },
								"west": { "texture": "#jailor-belt", "uv": [ 7.0, 1.5, 7.5, 3.5 ], "autoUv": false },
								"up": { "texture": "#jailor-belt", "uv": [ 6.5, 3.0, 7.0, 3.5 ], "autoUv": false },
								"down": { "texture": "#jailor-belt", "uv": [ 7.0, 2.0, 7.5, 2.5 ], "autoUv": false }
							}
						},
						{
							"name": "key2tooth",
							"from": [ 0.0, -1.5, -0.375 ],
							"to": [ 0.375, -1.125, 0.0 ],
							"rotationOrigin": [ 0.0, -1.5, -0.375 ],
							"faces": {
								"north": { "texture": "#jailor-belt", "uv": [ 6.5, 2.5, 7.0, 3.0 ], "autoUv": false },
								"west": { "texture": "#jailor-belt", "uv": [ 6.5, 1.5, 7.0, 2.0 ], "autoUv": false },
								"up": { "texture": "#jailor-belt", "uv": [ 6.5, 2.5, 7.0, 3.0 ], "autoUv": false },
								"down": { "texture": "#jailor-belt", "uv": [ 7.5, 3.0, 8.0, 3.5 ], "autoUv": false }
							}
						}
					]
				},
				{
					"name": "key3",
					"from": [ 0.9, -1.05, 4.725 ],
					"to": [ 1.275, 0.075, 5.1 ],
					"rotationOrigin": [ 0.9, 0.075, 4.725 ],
					"rotationX": -8.0,
					"faces": {
						"east": { "texture": "#jailor-belt", "uv": [ 0.0, 0.0, 0.5, 1.5 ], "autoUv": false },
						"south": { "texture": "#jailor-belt", "uv": [ 0.0, 0.0, 0.5, 1.5 ], "autoUv": false },
						"west": { "texture": "#jailor-belt", "uv": [ 0.0, 0.0, 0.5, 1.5 ], "autoUv": false },
						"down": { "texture": "#jailor-belt", "uv": [ 0.0, 0.0, 0.5, 0.5 ], "autoUv": false }
					},
					"children": [
						{
							"name": "key3right",
							"from": [ 0.375, -0.75, 0.0 ],
							"to": [ 0.75, 0.375, 0.375 ],
							"rotationOrigin": [ 0.375, 0.0, 0.0 ],
							"faces": {
								"east": { "texture": "#jailor-belt", "uv": [ 6.5, 4.5, 7.0, 6.0 ], "autoUv": false },
								"south": { "texture": "#jailor-belt", "uv": [ 6.5, 5.0, 7.0, 6.5 ], "autoUv": false },
								"west": { "texture": "#jailor-belt", "uv": [ 7.0, 4.5, 7.5, 6.0 ], "autoUv": false },
								"up": { "texture": "#jailor-belt", "uv": [ 7.5, 5.0, 8.0, 5.5 ], "autoUv": false },
								"down": { "texture": "#jailor-belt", "uv": [ 7.5, 4.5, 8.0, 5.0 ], "autoUv": false }
							}
						},
						{
							"name": "key3left",
							"from": [ -0.375, -0.75, 0.0 ],
							"to": [ 0.0, 0.375, 0.375 ],
							"rotationOrigin": [ -0.375, 0.0, 0.0 ],
							"faces": {
								"east": { "texture": "#jailor-belt", "uv": [ 6.5, 4.5, 7.0, 6.0 ], "autoUv": false },
								"south": { "texture": "#jailor-belt", "uv": [ 6.0, 4.0, 6.5, 5.5 ], "autoUv": false },
								"west": { "texture": "#jailor-belt", "uv": [ 7.0, 4.5, 7.5, 6.0 ], "autoUv": false },
								"up": { "texture": "#jailor-belt", "uv": [ 7.5, 5.0, 8.0, 5.5 ], "autoUv": false },
								"down": { "texture": "#jailor-belt", "uv": [ 7.5, 4.5, 8.0, 5.0 ], "autoUv": false }
							}
						},
						{
							"name": "key3shaft",
							"from": [ 0.0, -1.875, 0.0 ],
							"to": [ 0.375, -0.375, 0.375 ],
							"rotationOrigin": [ 0.0, -0.375, 0.0 ],
							"faces": {
								"east": { "texture": "#jailor-belt", "uv": [ 6.5, 4.5, 7.0, 6.5 ], "autoUv": false },
								"south": { "texture": "#jailor-belt", "uv": [ 7.0, 4.5, 7.5, 6.5 ], "autoUv": false },
								"west": { "texture": "#jailor-belt", "uv": [ 7.0, 4.5, 7.5, 6.5 ], "autoUv": false },
								"up": { "texture": "#jailor-belt", "uv": [ 6.5, 5.0, 7.0, 5.5 ], "autoUv": false },
								"down": { "texture": "#jailor-belt", "uv": [ 7.0, 4.0, 7.5, 4.5 ], "autoUv": false }
							}
						},
						{
							"name": "key3tooth",
							"from": [ 0.375, -1.5, 0.0 ],
							"to": [ 0.75, -1.125, 0.375 ],
							"rotationOrigin": [ 0.375, -1.5, 0.0 ],
							"faces": {
								"east": { "texture": "#jailor-belt", "uv": [ 0.0, 0.0, 0.5, 0.5 ], "autoUv": false },
								"south": { "texture": "#jailor-belt", "uv": [ 6.5, 5.0, 7.0, 5.5 ], "autoUv": false },
								"up": { "texture": "#jailor-belt", "uv": [ 6.5, 5.0, 7.0, 5.5 ], "autoUv": false },
								"down": { "texture": "#jailor-belt", "uv": [ 6.0, 4.0, 6.5, 4.5 ], "autoUv": false }
							}
						}
					]
				}
			]
		}
	]}