{
	"editor": {
		"backDropShape": "entity/humanoid/seraph",
		"collapsedPaths": "Root/bandN/toothR1,Root/bandN/toothL1",
		"allAngles": false,
		"entityTextureMode": true
	},
	"textureWidth": 16,
	"textureHeight": 8,
	"textureSizes": {
		"belt": [16,8]
	},
	"textures": {
	},
	"elements": [
		{
			"name": "BeltW",
			"stepParentName": "LowerTorso",
			"from": [ -0.15, 1.5, -0.3 ],
			"to": [ 0.225, 2.625, 4.8 ],
			"unwrapMode": 4,
			"uv": [ 2.0, 0.0 ],
			"rotationOrigin": [ 2.1, 1.5, 2.25 ],
			"faces": {
				"north": { "texture": "#belt", "uv": [ 2.0, 0.5, 2.5, 2.0 ], "autoUv": false },
				"east": { "texture": "#belt", "uv": [ 9.5, 0.5, 16.0, 2.0 ], "autoUv": false },
				"south": { "texture": "#belt", "uv": [ 9.0, 0.5, 9.5, 2.0 ], "autoUv": false },
				"west": { "texture": "#belt", "uv": [ 2.5, 0.5, 9.0, 2.0 ], "autoUv": false },
				"up": { "texture": "#belt", "uv": [ 2.5, 0.0, 9.0, 0.5 ], "rotation": 90, "autoUv": false },
				"down": { "texture": "#belt", "uv": [ 2.5, 2.0, 9.0, 2.5 ], "rotation": 90, "autoUv": false }
			},
			"children": [
				{
					"name": "BeltE",
					"from": [ 3.75, 0.0, 0.0 ],
					"to": [ 4.125, 1.125, 5.1 ],
					"unwrapMode": 4,
					"uv": [ 0.0, 2.5 ],
					"rotationOrigin": [ 3.75, 0.0, 0.0 ],
					"faces": {
						"north": { "texture": "#belt", "uv": [ 0.0, 3.0, 0.5, 4.5 ], "autoUv": false },
						"east": { "texture": "#belt", "uv": [ 7.5, 3.0, 14.0, 4.5 ], "autoUv": false },
						"south": { "texture": "#belt", "uv": [ 7.0, 3.0, 7.5, 4.5 ], "autoUv": false },
						"west": { "texture": "#belt", "uv": [ 0.5, 3.0, 7.0, 4.5 ], "autoUv": false },
						"up": { "texture": "#belt", "uv": [ 0.5, 2.5, 7.0, 3.0 ], "rotation": 90, "autoUv": false },
						"down": { "texture": "#belt", "uv": [ 0.5, 4.5, 7.0, 5.0 ], "rotation": 90, "autoUv": false }
					}
				},
				{
					"name": "BeltN",
					"from": [ 0.375, 0.0, 0.0 ],
					"to": [ 3.75, 1.125, 0.375 ],
					"unwrapMode": 1,
					"uv": [ 6.0, 4.0 ],
					"rotationOrigin": [ 0.375, 0.0, 0.0 ],
					"faces": {
						"north": { "texture": "#belt", "uv": [ 6.0, 4.5, 10.5, 6.0 ], "autoUv": false },
						"south": { "texture": "#belt", "uv": [ 10.5, 4.5, 15.0, 6.0 ], "autoUv": false },
						"up": { "texture": "#belt", "uv": [ 6.0, 4.0, 10.5, 4.5 ], "rotation": 180, "autoUv": false },
						"down": { "texture": "#belt", "uv": [ 6.0, 6.0, 10.5, 6.5 ], "autoUv": false }
					}
				},
				{
					"name": "BeltS",
					"from": [ 0.375, 0.0, 4.725 ],
					"to": [ 3.75, 1.125, 5.1 ],
					"unwrapMode": 3,
					"uv": [ 0.0, 5.0 ],
					"rotationOrigin": [ 0.375, 0.0, 4.725 ],
					"faces": {
						"north": { "texture": "#belt", "uv": [ 4.5, 5.5, 9.0, 7.0 ], "autoUv": false },
						"south": { "texture": "#belt", "uv": [ 0.0, 5.5, 4.5, 7.0 ], "autoUv": false },
						"up": { "texture": "#belt", "uv": [ 0.0, 5.0, 4.5, 5.5 ], "autoUv": false },
						"down": { "texture": "#belt", "uv": [ 0.0, 7.0, 4.5, 7.5 ], "rotation": 180, "autoUv": false }
					}
				},
				{
					"name": "Tail1",
					"from": [ -0.15, -3.3, 1.6125 ],
					"to": [ 0.225, 1.2, 1.9875 ],
					"unwrapMode": 4,
					"unwrapRotation": 1,
					"uv": [ 0.0, 0.0 ],
					"rotationOrigin": [ -0.15, -3.3, 1.6125 ],
					"faces": {
						"north": { "texture": "#belt", "uv": [ 0.5, 0.5, 6.5, 1.0 ], "rotation": 90, "autoUv": false },
						"east": { "texture": "#belt", "uv": [ 7.0, 0.0, 13.0, 0.5 ], "rotation": 270, "autoUv": false },
						"west": { "texture": "#belt", "uv": [ 0.5, 0.0, 6.5, 0.5 ], "rotation": 90, "autoUv": false },
						"up": { "texture": "#belt", "uv": [ 0.0, 0.0, 0.5, 0.5 ], "rotation": 180, "autoUv": false },
						"down": { "texture": "#belt", "uv": [ 6.5, 0.0, 7.0, 0.5 ], "rotation": 180, "autoUv": false }
					},
					"children": [
						{
							"name": "Tail2",
							"from": [ 0.0, -0.375, 0.375 ],
							"to": [ 0.375, 4.5, 1.125 ],
							"unwrapMode": 4,
							"unwrapRotation": 1,
							"uv": [ 0.0, 4.0 ],
							"rotationOrigin": [ 0.0, -0.375, 0.375 ],
							"faces": {
								"north": { "texture": "#belt", "uv": [ 0.5, 5.0, 7.0, 5.5 ], "rotation": 90, "autoUv": false },
								"east": { "texture": "#belt", "uv": [ 7.5, 4.0, 14.0, 5.0 ], "rotation": 270, "autoUv": false },
								"west": { "texture": "#belt", "uv": [ 0.5, 4.0, 7.0, 5.0 ], "rotation": 90, "autoUv": false },
								"up": { "texture": "#belt", "uv": [ 0.0, 4.0, 0.5, 5.0 ], "rotation": 180, "autoUv": false },
								"down": { "texture": "#belt", "uv": [ 7.0, 4.0, 7.5, 5.0 ], "rotation": 180, "autoUv": false }
							}
						},
						{
							"name": "Tail3",
							"from": [ 0.0, -0.75, 1.125 ],
							"to": [ 0.375, 4.5, 1.5 ],
							"unwrapMode": 4,
							"unwrapRotation": 1,
							"uv": [ 0.0, 4.5 ],
							"rotationOrigin": [ 0.0, -0.75, 1.125 ],
							"faces": {
								"north": { "texture": "#belt", "uv": [ 0.5, 5.5, 7.5, 6.0 ], "rotation": 90, "autoUv": false },
								"east": { "texture": "#belt", "uv": [ 8.0, 5.0, 15.0, 5.5 ], "rotation": 270, "autoUv": false },
								"south": { "texture": "#belt", "uv": [ 0.5, 4.5, 7.5, 5.0 ], "rotation": 90, "autoUv": false, "windMode": [-1,-1,-1,-1], "windData": [0,0,1,1] },
								"west": { "texture": "#belt", "uv": [ 0.5, 5.0, 7.5, 5.5 ], "rotation": 90, "autoUv": false },
								"up": { "texture": "#belt", "uv": [ 0.0, 5.0, 0.5, 5.5 ], "rotation": 180, "autoUv": false },
								"down": { "texture": "#belt", "uv": [ 7.5, 5.0, 8.0, 5.5 ], "rotation": 180, "autoUv": false }
							}
						}
					]
				},
				{
					"name": "Tail4",
					"from": [ -0.15, -1.8, 0.3 ],
					"to": [ 0.225, 1.2, 0.675 ],
					"unwrapMode": 4,
					"unwrapRotation": 1,
					"uv": [ 5.0, 2.5 ],
					"rotationOrigin": [ -0.15, -1.8, 0.3 ],
					"faces": {
						"north": { "texture": "#belt", "uv": [ 5.5, 3.5, 9.5, 4.0 ], "rotation": 90, "autoUv": false },
						"east": { "texture": "#belt", "uv": [ 10.0, 3.0, 14.0, 3.5 ], "rotation": 270, "autoUv": false },
						"south": { "texture": "#belt", "uv": [ 5.5, 2.5, 9.5, 3.0 ], "rotation": 90, "autoUv": false },
						"west": { "texture": "#belt", "uv": [ 5.5, 3.0, 9.5, 3.5 ], "rotation": 90, "autoUv": false },
						"up": { "texture": "#belt", "uv": [ 5.0, 3.0, 5.5, 3.5 ], "rotation": 180, "autoUv": false },
						"down": { "texture": "#belt", "uv": [ 9.5, 3.0, 10.0, 3.5 ], "rotation": 180, "autoUv": false }
					},
					"children": [
						{
							"name": "Tail5",
							"from": [ 0.0, 0.375, -0.375 ],
							"to": [ 0.375, 3.0, 0.0 ],
							"unwrapMode": 4,
							"unwrapRotation": 1,
							"uv": [ 4.0, 1.5 ],
							"rotationOrigin": [ 0.0, 0.375, -0.375 ],
							"faces": {
								"north": { "texture": "#belt", "uv": [ 4.5, 2.0, 8.0, 2.5 ], "rotation": 90, "autoUv": false },
								"west": { "texture": "#belt", "uv": [ 4.5, 1.5, 8.0, 2.0 ], "rotation": 90, "autoUv": false },
								"up": { "texture": "#belt", "uv": [ 4.0, 1.5, 4.5, 2.0 ], "rotation": 180, "autoUv": false },
								"down": { "texture": "#belt", "uv": [ 8.0, 1.5, 8.5, 2.0 ], "rotation": 180, "autoUv": false }
							}
						},
						{
							"name": "Tail6",
							"from": [ 0.375, 0.75, -0.375 ],
							"to": [ 0.75, 3.0, 0.0 ],
							"unwrapMode": 1,
							"unwrapRotation": 1,
							"uv": [ 9.0, 0.0 ],
							"rotationOrigin": [ 0.375, 0.75, -0.375 ],
							"faces": {
								"north": { "texture": "#belt", "uv": [ 9.5, 0.0, 12.5, 0.5 ], "rotation": 90, "autoUv": false },
								"south": { "texture": "#belt", "uv": [ 13.0, 0.0, 16.0, 0.5 ], "rotation": 270, "autoUv": false },
								"up": { "texture": "#belt", "uv": [ 9.0, 0.0, 9.5, 0.5 ], "rotation": 270, "autoUv": false },
								"down": { "texture": "#belt", "uv": [ 12.5, 0.0, 13.0, 0.5 ], "rotation": 90, "autoUv": false }
							}
						}
					]
				}
			]
		}
	]}