{
	"editor": {
		"backDropShape": "entity/humanoid/seraph",
		"allAngles": false,
		"entityTextureMode": false
	},
	"textureWidth": 8,
	"textureHeight": 8,
	"textureSizes": {
		"linen-rope": [8,8]
	},
	"textures": {
	},
	"elements": [
		{
			"name": "Waist",
			"stepParentName": "LowerTorso",
			"from": [ -0.15, 0.0, -0.3 ],
			"to": [ 3.9, 0.75, 4.8 ],
			"rotationOrigin": [ 2.1, 0.0, 2.25 ],
			"faces": {
				"north": { "texture": "#linen-rope", "uv": [ 0.0, 0.0, 5.0, 1.0 ], "autoUv": false },
				"east": { "texture": "#linen-rope", "uv": [ 1.5, 0.5, 8.0, 1.5 ], "autoUv": false },
				"south": { "texture": "#linen-rope", "uv": [ 0.0, 0.0, 5.0, 1.0 ], "autoUv": false },
				"west": { "texture": "#linen-rope", "uv": [ 1.0, 0.5, 7.5, 1.5 ], "autoUv": false },
				"up": { "texture": "#linen-rope", "uv": [ 0.0, 1.5, 5.0, 8.0 ], "autoUv": false },
				"down": { "texture": "#linen-rope", "uv": [ 0.0, 1.5, 5.0, 8.0 ], "autoUv": false }
			},
			"children": [
				{
					"name": "belt-down1",
					"from": [ 0.0, -3.825, 1.95 ],
					"to": [ 0.375, -0.075, 2.7 ],
					"rotationOrigin": [ 0.0, -0.075, 2.325 ],
					"rotationX": 4.0,
					"rotationZ": -8.0,
					"faces": {
						"north": { "texture": "#linen-rope", "uv": [ 4.5, 0.5, 5.0, 5.5 ], "autoUv": false },
						"south": { "texture": "#linen-rope", "uv": [ 0.0, 2.0, 0.5, 7.0 ], "autoUv": false },
						"west": { "texture": "#linen-rope", "uv": [ 2.5, 0.5, 7.5, 1.5 ], "rotation": 90, "autoUv": false },
						"down": { "texture": "#linen-rope", "uv": [ 0.0, 0.0, 0.5, 1.0 ], "autoUv": false }
					}
				},
				{
					"name": "belt-down2",
					"from": [ 0.0, -2.775, 2.325 ],
					"to": [ 0.375, 0.225, 3.075 ],
					"rotationOrigin": [ 0.0, 0.225, 2.7 ],
					"rotationX": -7.0,
					"rotationZ": -15.0,
					"faces": {
						"north": { "texture": "#linen-rope", "uv": [ 4.0, 3.5, 4.5, 7.5 ], "autoUv": false },
						"south": { "texture": "#linen-rope", "uv": [ 0.0, 4.0, 0.5, 8.0 ], "autoUv": false },
						"west": { "texture": "#linen-rope", "uv": [ 2.5, 0.5, 6.5, 1.5 ], "rotation": 90, "autoUv": false },
						"down": { "texture": "#linen-rope", "uv": [ 0.0, 0.0, 0.5, 1.0 ], "autoUv": false }
					}
				},
				{
					"name": "belt-knot",
					"from": [ -0.15, -0.15, 1.95 ],
					"to": [ 0.6, 0.975, 3.075 ],
					"rotationOrigin": [ -0.15, -0.15, 1.95 ],
					"faces": {
						"north": { "texture": "#linen-rope", "uv": [ 3.5, 0.0, 4.5, 1.5 ], "autoUv": false },
						"south": { "texture": "#linen-rope", "uv": [ 1.5, 0.0, 2.5, 1.5 ], "autoUv": false },
						"west": { "texture": "#linen-rope", "uv": [ 2.0, 0.0, 3.5, 1.5 ], "autoUv": false },
						"up": { "texture": "#linen-rope", "uv": [ 3.5, 0.0, 4.5, 1.5 ], "autoUv": false },
						"down": { "texture": "#linen-rope", "uv": [ 7.0, 0.0, 8.0, 1.5 ], "autoUv": false }
					}
				}
			]
		}
	]}