{
	"editor": {
		"backDropShape": "entity/humanoid/seraph",
		"allAngles": false,
		"entityTextureMode": false
	},
	"textureWidth": 8,
	"textureHeight": 8,
	"textureSizes": {
		"messenger-belt": [8,8]
	},
	"textures": {
	},
	"elements": [
		{
			"name": "Waist",
			"stepParentName": "LowerTorso",
			"from": [ -0.15, 0.0, -0.225 ],
			"to": [ 3.9, 0.375, 4.725 ],
			"rotationOrigin": [ 2.1, 0.0, 2.25 ],
			"faces": {
				"north": { "texture": "#messenger-belt", "uv": [ 1.5, 2.0, 6.5, 2.5 ], "autoUv": false },
				"east": { "texture": "#messenger-belt", "uv": [ 0.5, 2.0, 7.0, 2.5 ], "autoUv": false },
				"south": { "texture": "#messenger-belt", "uv": [ 1.5, 2.0, 6.5, 2.5 ], "autoUv": false },
				"west": { "texture": "#messenger-belt", "uv": [ 0.5, 0.5, 7.0, 1.0 ], "autoUv": false }
			},
			"children": [
				{
					"name": "W-Top",
					"from": [ -0.15, 0.375, -0.15 ],
					"to": [ 0.6, 0.75, 5.1 ],
					"rotationOrigin": [ -0.15, 0.375, -0.15 ],
					"faces": {
						"north": { "texture": "#messenger-belt", "uv": [ 6.0, 2.5, 7.0, 3.0 ], "autoUv": false },
						"south": { "texture": "#messenger-belt", "uv": [ 6.5, 0.0, 7.5, 0.5 ], "autoUv": false },
						"west": { "texture": "#messenger-belt", "uv": [ 0.5, 0.0, 7.5, 0.5 ], "autoUv": false },
						"up": { "texture": "#messenger-belt", "uv": [ 0.0, 1.0, 7.0, 2.0 ], "rotation": 90, "autoUv": false },
						"down": { "texture": "#messenger-belt", "uv": [ 1.0, 1.0, 8.0, 2.0 ], "rotation": 90, "autoUv": false }
					}
				},
				{
					"name": "W-Down",
					"from": [ -0.15, -0.375, -0.15 ],
					"to": [ 0.6, 0.0, 5.1 ],
					"rotationOrigin": [ -0.15, -0.375, 2.475 ],
					"faces": {
						"north": { "texture": "#messenger-belt", "uv": [ 6.0, 2.5, 7.0, 3.0 ], "autoUv": false },
						"south": { "texture": "#messenger-belt", "uv": [ 6.5, 0.0, 7.5, 0.5 ], "autoUv": false },
						"west": { "texture": "#messenger-belt", "uv": [ 0.5, 0.0, 7.5, 0.5 ], "autoUv": false },
						"up": { "texture": "#messenger-belt", "uv": [ 0.0, 1.0, 7.0, 2.0 ], "rotation": 90, "autoUv": false },
						"down": { "texture": "#messenger-belt", "uv": [ 1.0, 1.0, 8.0, 2.0 ], "rotation": 90, "autoUv": false }
					}
				},
				{
					"name": "E-Down",
					"from": [ 3.45, -0.375, -0.15 ],
					"to": [ 4.2, 0.0, 5.1 ],
					"rotationOrigin": [ 3.45, -0.375, 2.475 ],
					"faces": {
						"north": { "texture": "#messenger-belt", "uv": [ 6.0, 2.5, 7.0, 3.0 ], "autoUv": false },
						"east": { "texture": "#messenger-belt", "uv": [ 0.5, 0.0, 7.5, 0.5 ], "autoUv": false },
						"south": { "texture": "#messenger-belt", "uv": [ 6.5, 0.0, 7.5, 0.5 ], "autoUv": false },
						"up": { "texture": "#messenger-belt", "uv": [ 0.0, 1.0, 7.0, 2.0 ], "rotation": 90, "autoUv": false },
						"down": { "texture": "#messenger-belt", "uv": [ 1.0, 1.0, 8.0, 2.0 ], "rotation": 90, "autoUv": false }
					}
				},
				{
					"name": "E-Top",
					"from": [ 3.45, 0.375, -0.15 ],
					"to": [ 4.2, 0.75, 5.1 ],
					"rotationOrigin": [ 3.45, 0.375, 2.475 ],
					"faces": {
						"north": { "texture": "#messenger-belt", "uv": [ 6.0, 2.5, 7.0, 3.0 ], "autoUv": false },
						"east": { "texture": "#messenger-belt", "uv": [ 0.5, 0.0, 7.5, 0.5 ], "autoUv": false },
						"south": { "texture": "#messenger-belt", "uv": [ 6.5, 0.0, 7.5, 0.5 ], "autoUv": false },
						"up": { "texture": "#messenger-belt", "uv": [ 0.0, 1.0, 7.0, 2.0 ], "rotation": 90, "autoUv": false },
						"down": { "texture": "#messenger-belt", "uv": [ 1.0, 1.0, 8.0, 2.0 ], "rotation": 90, "autoUv": false }
					}
				},
				{
					"name": "S-Down",
					"from": [ 0.6, -0.375, 4.35 ],
					"to": [ 3.45, 0.0, 5.1 ],
					"rotationOrigin": [ 0.6, -0.375, 4.35 ],
					"faces": {
						"east": { "texture": "#messenger-belt", "uv": [ 2.0, 0.0, 3.0, 0.5 ], "autoUv": false },
						"south": { "texture": "#messenger-belt", "uv": [ 2.5, 0.0, 6.0, 0.5 ], "autoUv": false },
						"west": { "texture": "#messenger-belt", "uv": [ 0.0, 0.0, 1.0, 0.5 ], "autoUv": false },
						"up": { "texture": "#messenger-belt", "uv": [ 3.0, 1.0, 6.5, 2.0 ], "autoUv": false },
						"down": { "texture": "#messenger-belt", "uv": [ 4.5, 1.0, 8.0, 2.0 ], "autoUv": false }
					}
				},
				{
					"name": "S-Top",
					"from": [ 0.6, 0.375, 4.35 ],
					"to": [ 3.45, 0.75, 5.1 ],
					"rotationOrigin": [ 0.6, 0.375, 4.35 ],
					"faces": {
						"east": { "texture": "#messenger-belt", "uv": [ 2.0, 0.0, 3.0, 0.5 ], "autoUv": false },
						"south": { "texture": "#messenger-belt", "uv": [ 2.5, 0.0, 6.0, 0.5 ], "autoUv": false },
						"west": { "texture": "#messenger-belt", "uv": [ 0.0, 0.0, 1.0, 0.5 ], "autoUv": false },
						"up": { "texture": "#messenger-belt", "uv": [ 3.0, 1.0, 6.5, 2.0 ], "autoUv": false },
						"down": { "texture": "#messenger-belt", "uv": [ 4.5, 1.0, 8.0, 2.0 ], "autoUv": false }
					}
				},
				{
					"name": "N-Down",
					"from": [ 0.6, -0.375, -0.15 ],
					"to": [ 3.45, 0.0, 0.6 ],
					"rotationOrigin": [ 0.6, -0.375, -0.15 ],
					"faces": {
						"north": { "texture": "#messenger-belt", "uv": [ 1.0, 0.0, 4.5, 0.5 ], "autoUv": false },
						"east": { "texture": "#messenger-belt", "uv": [ 2.0, 0.0, 3.0, 0.5 ], "autoUv": false },
						"west": { "texture": "#messenger-belt", "uv": [ 0.0, 0.0, 1.0, 0.5 ], "autoUv": false },
						"up": { "texture": "#messenger-belt", "uv": [ 3.0, 1.0, 6.5, 2.0 ], "autoUv": false },
						"down": { "texture": "#messenger-belt", "uv": [ 4.5, 1.0, 8.0, 2.0 ], "autoUv": false }
					}
				},
				{
					"name": "N-Top",
					"from": [ 0.6, 0.375, -0.15 ],
					"to": [ 3.45, 0.75, 0.6 ],
					"rotationOrigin": [ 0.6, 0.375, -0.15 ],
					"faces": {
						"north": { "texture": "#messenger-belt", "uv": [ 1.0, 0.0, 4.5, 0.5 ], "autoUv": false },
						"east": { "texture": "#messenger-belt", "uv": [ 2.0, 0.0, 3.0, 0.5 ], "autoUv": false },
						"west": { "texture": "#messenger-belt", "uv": [ 0.0, 0.0, 1.0, 0.5 ], "autoUv": false },
						"up": { "texture": "#messenger-belt", "uv": [ 3.0, 1.0, 6.5, 2.0 ], "autoUv": false },
						"down": { "texture": "#messenger-belt", "uv": [ 4.5, 1.0, 8.0, 2.0 ], "autoUv": false }
					}
				}
			]
		}
	]}