{
	"editor": {
		"collapsedPaths": "Root/BeltW,Root/bandN/toothR1,Root/bandN/toothL1",
		"allAngles": false,
		"entityTextureMode": true
	},
	"textureWidth": 16,
	"textureHeight": 8,
	"textureSizes": {
		"belt": [16,8],
		"bismuthbronze5": [16,16],
		"blackbronze1": [16,16],
		"iron2": [16,16]
	},
	"textures": {
	},
	"elements": [
		{
			"name": "BeltW",
			"stepParentName": "LowerTorso",
			"from": [ -0.15, 0.75, -0.3 ],
			"to": [ 0.225, 2.625, 4.8 ],
			"unwrapMode": 4,
			"uv": [ 2.0, 4.5 ],
			"rotationOrigin": [ 2.1, 0.75, 2.25 ],
			"faces": {
				"north": { "texture": "#belt", "uv": [ 2.0, 5.0, 2.5, 7.5 ], "autoUv": false },
				"east": { "texture": "#belt", "uv": [ 9.5, 5.0, 16.0, 7.5 ], "autoUv": false },
				"south": { "texture": "#belt", "uv": [ 9.0, 5.0, 9.5, 7.5 ], "autoUv": false },
				"west": { "texture": "#belt", "uv": [ 2.5, 5.0, 9.0, 7.5 ], "autoUv": false },
				"up": { "texture": "#belt", "uv": [ 2.5, 4.5, 9.0, 5.0 ], "rotation": 90, "autoUv": false },
				"down": { "texture": "#belt", "uv": [ 2.5, 7.5, 9.0, 8.0 ], "rotation": 90, "autoUv": false }
			},
			"children": [
				{
					"name": "BeltE",
					"from": [ 3.75, 0.0, 0.0 ],
					"to": [ 4.125, 1.875, 5.1 ],
					"unwrapMode": 4,
					"uv": [ 0.0, 2.0 ],
					"rotationOrigin": [ 3.75, 0.0, 0.0 ],
					"faces": {
						"north": { "texture": "#belt", "uv": [ 0.0, 2.5, 0.5, 5.0 ], "autoUv": false },
						"east": { "texture": "#belt", "uv": [ 7.5, 2.5, 14.0, 5.0 ], "autoUv": false },
						"south": { "texture": "#belt", "uv": [ 7.0, 2.5, 7.5, 5.0 ], "autoUv": false },
						"west": { "texture": "#belt", "uv": [ 0.5, 2.5, 7.0, 5.0 ], "autoUv": false },
						"up": { "texture": "#belt", "uv": [ 0.5, 2.0, 7.0, 2.5 ], "rotation": 90, "autoUv": false },
						"down": { "texture": "#belt", "uv": [ 0.5, 5.0, 7.0, 5.5 ], "rotation": 90, "autoUv": false }
					}
				},
				{
					"name": "BeltN",
					"from": [ 0.375, 0.0, 0.0 ],
					"to": [ 3.75, 1.875, 0.375 ],
					"unwrapMode": 1,
					"uv": [ 7.0, 1.5 ],
					"rotationOrigin": [ 0.375, 0.0, 0.0 ],
					"faces": {
						"north": { "texture": "#belt", "uv": [ 7.0, 2.0, 11.5, 4.5 ], "autoUv": false },
						"south": { "texture": "#belt", "uv": [ 11.5, 2.0, 16.0, 4.5 ], "autoUv": false },
						"up": { "texture": "#belt", "uv": [ 7.0, 1.5, 11.5, 2.0 ], "rotation": 180, "autoUv": false },
						"down": { "texture": "#belt", "uv": [ 7.0, 4.5, 11.5, 5.0 ], "autoUv": false }
					}
				},
				{
					"name": "BeltS",
					"from": [ 0.375, 0.0, 4.725 ],
					"to": [ 3.75, 1.875, 5.1 ],
					"unwrapMode": 3,
					"uv": [ 0.0, 4.5 ],
					"rotationOrigin": [ 0.375, 0.0, 4.725 ],
					"faces": {
						"north": { "texture": "#belt", "uv": [ 4.5, 5.0, 9.0, 7.5 ], "autoUv": false },
						"south": { "texture": "#belt", "uv": [ 0.0, 5.0, 4.5, 7.5 ], "autoUv": false },
						"up": { "texture": "#belt", "uv": [ 0.0, 4.5, 4.5, 5.0 ], "autoUv": false },
						"down": { "texture": "#belt", "uv": [ 0.0, 7.5, 4.5, 8.0 ], "rotation": 180, "autoUv": false }
					}
				},
				{
					"name": "cordW",
					"from": [ -0.1125, 1.125, -0.15 ],
					"to": [ 0.2625, 1.5, 5.25 ],
					"unwrapMode": 4,
					"uv": [ 0.0, 0.0 ],
					"rotationOrigin": [ -0.1125, 1.125, -0.15 ],
					"faces": {
						"north": { "texture": "#belt", "uv": [ 0.0, 0.5, 0.5, 1.0 ], "autoUv": false },
						"south": { "texture": "#belt", "uv": [ 7.5, 0.5, 8.0, 1.0 ], "autoUv": false },
						"west": { "texture": "#belt", "uv": [ 0.5, 0.5, 7.5, 1.0 ], "autoUv": false },
						"up": { "texture": "#belt", "uv": [ 0.5, 0.0, 7.5, 0.5 ], "rotation": 90, "autoUv": false },
						"down": { "texture": "#belt", "uv": [ 0.5, 1.0, 7.5, 1.5 ], "rotation": 90, "autoUv": false }
					},
					"children": [
						{
							"name": "cordE",
							"from": [ 3.975, 0.0, 0.0 ],
							"to": [ 4.35, 0.375, 5.4 ],
							"unwrapMode": 4,
							"uv": [ 0.0, 0.0 ],
							"rotationOrigin": [ 3.975, 0.0, 0.0 ],
							"faces": {
								"north": { "texture": "#belt", "uv": [ 0.0, 0.5, 0.5, 1.0 ], "autoUv": false },
								"east": { "texture": "#belt", "uv": [ 1.0, 0.5, 8.0, 1.0 ], "autoUv": false },
								"south": { "texture": "#belt", "uv": [ 0.5, 0.5, 1.0, 1.0 ], "autoUv": false },
								"up": { "texture": "#belt", "uv": [ 0.5, 0.0, 7.5, 0.5 ], "rotation": 90, "autoUv": false },
								"down": { "texture": "#belt", "uv": [ 0.5, 1.0, 7.5, 1.5 ], "rotation": 90, "autoUv": false }
							}
						},
						{
							"name": "cordN",
							"from": [ 0.375, 0.0, 0.0 ],
							"to": [ 3.975, 0.375, 0.375 ],
							"unwrapMode": 1,
							"uv": [ 0.0, 0.0 ],
							"rotationOrigin": [ 0.375, 0.0, 0.0 ],
							"faces": {
								"north": { "texture": "#belt", "uv": [ 0.0, 0.5, 4.5, 1.0 ], "autoUv": false },
								"up": { "texture": "#belt", "uv": [ 0.0, 0.0, 4.5, 0.5 ], "rotation": 180, "autoUv": false },
								"down": { "texture": "#belt", "uv": [ 0.0, 1.0, 4.5, 1.5 ], "autoUv": false }
							}
						},
						{
							"name": "cordS",
							"from": [ 0.375, 0.0, 5.025 ],
							"to": [ 3.975, 0.375, 5.4 ],
							"unwrapMode": 3,
							"uv": [ 9.5, 0.0 ],
							"rotationOrigin": [ 0.375, 0.0, 5.025 ],
							"faces": {
								"south": { "texture": "#belt", "uv": [ 9.5, 0.5, 14.0, 1.0 ], "autoUv": false },
								"up": { "texture": "#belt", "uv": [ 9.5, 0.0, 14.0, 0.5 ], "autoUv": false },
								"down": { "texture": "#belt", "uv": [ 9.5, 1.0, 14.0, 1.5 ], "rotation": 180, "autoUv": false }
							}
						}
					]
				},
				{
					"name": "buckleCenter",
					"from": [ -0.15, 0.1875, 1.8 ],
					"to": [ 0.15, 1.6875, 3.3 ],
					"unwrapMode": 4,
					"uv": [ 5.5, 2.25 ],
					"rotationOrigin": [ -0.15, 0.1875, 1.8 ],
					"faces": {
						"west": { "texture": "#iron2", "uv": [ 5.5, 2.5, 7.5, 4.5 ], "autoUv": false }
					},
					"children": [
						{
							"name": "RimDown",
							"from": [ -0.075, -0.375, 0.0 ],
							"to": [ 0.3, 0.0, 1.5 ],
							"uv": [ 5.0, 7.0 ],
							"rotationOrigin": [ -0.075, -0.375, 0.0 ],
							"faces": {
								"north": { "texture": "#bismuthbronze5", "uv": [ 5.0, 9.0, 5.5, 9.5 ], "autoUv": false },
								"east": { "texture": "#bismuthbronze5", "uv": [ 5.5, 9.0, 7.5, 9.5 ], "autoUv": false },
								"south": { "texture": "#bismuthbronze5", "uv": [ 7.5, 9.0, 8.0, 9.5 ], "autoUv": false },
								"west": { "texture": "#bismuthbronze5", "uv": [ 8.0, 9.0, 10.0, 9.5 ], "autoUv": false },
								"up": { "texture": "#bismuthbronze5", "uv": [ 5.0, 7.0, 5.5, 9.0 ], "autoUv": false },
								"down": { "texture": "#bismuthbronze5", "uv": [ 5.5, 7.0, 6.0, 9.0 ], "autoUv": false }
							}
						},
						{
							"name": "RimUp",
							"from": [ -0.075, 1.5, 0.0 ],
							"to": [ 0.3, 1.875, 1.5 ],
							"uv": [ 8.0, 2.0 ],
							"rotationOrigin": [ -0.075, 1.5, 0.0 ],
							"faces": {
								"north": { "texture": "#bismuthbronze5", "uv": [ 8.0, 4.0, 8.5, 4.5 ], "autoUv": false },
								"east": { "texture": "#bismuthbronze5", "uv": [ 8.5, 4.0, 10.5, 4.5 ], "autoUv": false },
								"south": { "texture": "#bismuthbronze5", "uv": [ 10.5, 4.0, 11.0, 4.5 ], "autoUv": false },
								"west": { "texture": "#bismuthbronze5", "uv": [ 11.0, 4.0, 13.0, 4.5 ], "autoUv": false },
								"up": { "texture": "#bismuthbronze5", "uv": [ 8.0, 2.0, 8.5, 4.0 ], "autoUv": false },
								"down": { "texture": "#bismuthbronze5", "uv": [ 8.5, 2.0, 9.0, 4.0 ], "autoUv": false }
							}
						},
						{
							"name": "RimWest",
							"from": [ -0.075, 0.0, -0.375 ],
							"to": [ 0.3, 1.5, 0.0 ],
							"uv": [ 2.5, 3.0 ],
							"rotationOrigin": [ -0.075, 0.0, -0.375 ],
							"faces": {
								"north": { "texture": "#bismuthbronze5", "uv": [ 2.5, 3.5, 3.0, 5.5 ], "autoUv": false },
								"east": { "texture": "#bismuthbronze5", "uv": [ 3.0, 3.5, 3.5, 5.5 ], "autoUv": false },
								"south": { "texture": "#bismuthbronze5", "uv": [ 3.5, 3.5, 4.0, 5.5 ], "autoUv": false },
								"west": { "texture": "#bismuthbronze5", "uv": [ 4.0, 3.5, 4.5, 5.5 ], "autoUv": false },
								"up": { "texture": "#bismuthbronze5", "uv": [ 2.5, 3.0, 3.0, 3.5 ], "autoUv": false },
								"down": { "texture": "#bismuthbronze5", "uv": [ 3.0, 3.0, 3.5, 3.5 ], "autoUv": false }
							}
						},
						{
							"name": "RimWest2",
							"from": [ -0.075, 0.0, 1.5 ],
							"to": [ 0.3, 1.5, 1.875 ],
							"uv": [ 11.5, 8.0 ],
							"rotationOrigin": [ -0.075, 0.0, 1.5 ],
							"faces": {
								"north": { "texture": "#bismuthbronze5", "uv": [ 11.5, 8.5, 12.0, 10.5 ], "autoUv": false },
								"east": { "texture": "#bismuthbronze5", "uv": [ 12.0, 8.5, 12.5, 10.5 ], "autoUv": false },
								"south": { "texture": "#bismuthbronze5", "uv": [ 12.5, 8.5, 13.0, 10.5 ], "autoUv": false },
								"west": { "texture": "#bismuthbronze5", "uv": [ 13.0, 8.5, 13.5, 10.5 ], "autoUv": false },
								"up": { "texture": "#bismuthbronze5", "uv": [ 11.5, 8.0, 12.0, 8.5 ], "autoUv": false },
								"down": { "texture": "#bismuthbronze5", "uv": [ 12.0, 8.0, 12.5, 8.5 ], "autoUv": false }
							}
						},
						{
							"name": "Pickhandle",
							"from": [ -0.075, -0.0375, 0.675 ],
							"to": [ 0.675, 1.0875, 0.9 ],
							"unwrapMode": 4,
							"uv": [ 11.5, 3.75 ],
							"rotationOrigin": [ -0.075, 0.675, 0.7875 ],
							"rotationX": -45.0,
							"faces": {
								"north": { "texture": "#blackbronze1", "uv": [ 11.5, 5.0, 12.5, 6.5 ], "autoUv": false },
								"east": { "texture": "#blackbronze1", "uv": [ 14.0, 5.0, 14.5, 6.5 ], "autoUv": false },
								"south": { "texture": "#blackbronze1", "uv": [ 13.0, 5.0, 14.0, 6.5 ], "autoUv": false },
								"west": { "texture": "#blackbronze1", "uv": [ 12.5, 5.0, 13.0, 6.5 ], "autoUv": false },
								"up": { "texture": "#blackbronze1", "uv": [ 12.5, 4.0, 13.0, 5.0 ], "rotation": 90, "autoUv": false },
								"down": { "texture": "#blackbronze1", "uv": [ 12.5, 6.5, 13.0, 7.5 ], "rotation": 90, "autoUv": false }
							},
							"children": [
								{
									"name": "PickHead",
									"from": [ 0.0, 1.125, 0.1125 ],
									"to": [ 0.75, 1.35, 0.7875 ],
									"unwrapMode": 4,
									"uv": [ 4.0, 9.0 ],
									"rotationOrigin": [ 0.0, 1.35, 0.1125 ],
									"rotationX": 20.0,
									"faces": {
										"north": { "texture": "#blackbronze1", "uv": [ 4.0, 10.0, 5.0, 10.5 ], "autoUv": false },
										"east": { "texture": "#blackbronze1", "uv": [ 6.5, 10.0, 7.0, 10.5 ], "autoUv": false },
										"south": { "texture": "#blackbronze1", "uv": [ 5.5, 10.0, 6.5, 10.5 ], "autoUv": false },
										"west": { "texture": "#blackbronze1", "uv": [ 5.0, 10.0, 5.5, 10.5 ], "autoUv": false },
										"up": { "texture": "#blackbronze1", "uv": [ 5.0, 9.0, 5.5, 10.0 ], "rotation": 90, "autoUv": false },
										"down": { "texture": "#blackbronze1", "uv": [ 5.0, 10.5, 5.5, 11.5 ], "rotation": 90, "autoUv": false }
									}
								},
								{
									"name": "PickHead2",
									"from": [ 0.0, 1.125, -0.5625 ],
									"to": [ 0.75, 1.35, 0.1125 ],
									"unwrapMode": 4,
									"uv": [ 6.5, 3.0 ],
									"rotationOrigin": [ 0.0, 1.35, 0.1125 ],
									"rotationX": -20.0,
									"faces": {
										"north": { "texture": "#blackbronze1", "uv": [ 6.5, 4.0, 7.5, 4.5 ], "autoUv": false },
										"east": { "texture": "#blackbronze1", "uv": [ 9.0, 4.0, 9.5, 4.5 ], "autoUv": false },
										"south": { "texture": "#blackbronze1", "uv": [ 8.0, 4.0, 9.0, 4.5 ], "autoUv": false },
										"west": { "texture": "#blackbronze1", "uv": [ 7.5, 4.0, 8.0, 4.5 ], "autoUv": false },
										"up": { "texture": "#blackbronze1", "uv": [ 7.5, 3.0, 8.0, 4.0 ], "rotation": 90, "autoUv": false },
										"down": { "texture": "#blackbronze1", "uv": [ 7.5, 4.5, 8.0, 5.5 ], "rotation": 90, "autoUv": false }
									}
								}
							]
						}
					]
				}
			]
		}
	]}