{
	"editor": {
		"backDropShape": "entity/humanoid/seraph",
		"allAngles": false,
		"entityTextureMode": false
	},
	"textureWidth": 8,
	"textureHeight": 8,
	"textureSizes": {
		"peasant-strap": [8,8]
	},
	"textures": {
	},
	"elements": [
		{
			"name": "Waist",
			"stepParentName": "LowerTorso",
			"from": [ -0.15, 0.0, -0.3 ],
			"to": [ 3.9, 0.75, 4.8 ],
			"rotationOrigin": [ 2.1, 0.0, 2.25 ],
			"faces": {
				"north": { "texture": "#peasant-strap", "uv": [ 0.0, 0.0, 5.0, 1.0 ], "autoUv": false },
				"east": { "texture": "#peasant-strap", "uv": [ 1.5, 0.5, 8.0, 1.5 ], "autoUv": false },
				"south": { "texture": "#peasant-strap", "uv": [ 0.0, 0.0, 5.0, 1.0 ], "autoUv": false },
				"west": { "texture": "#peasant-strap", "uv": [ 1.0, 0.5, 7.5, 1.5 ], "autoUv": false },
				"up": { "texture": "#peasant-strap", "uv": [ 0.0, 1.5, 5.0, 8.0 ], "autoUv": false },
				"down": { "texture": "#peasant-strap", "uv": [ 0.0, 1.5, 5.0, 8.0 ], "autoUv": false }
			},
			"children": [
				{
					"name": "buckle-down",
					"from": [ -0.225, -0.375, 2.625 ],
					"to": [ 0.15, 0.0, 3.75 ],
					"rotationOrigin": [ -0.225, -0.375, 2.625 ],
					"faces": {
						"south": { "texture": "#peasant-strap", "uv": [ 7.0, 2.0, 7.5, 2.5 ], "autoUv": false },
						"west": { "texture": "#peasant-strap", "uv": [ 6.0, 2.5, 7.5, 3.0 ], "autoUv": false },
						"up": { "texture": "#peasant-strap", "uv": [ 7.0, 1.5, 7.5, 3.0 ], "autoUv": false },
						"down": { "texture": "#peasant-strap", "uv": [ 7.0, 1.5, 7.5, 3.0 ], "autoUv": false }
					},
					"children": [
						{
							"name": "buckle-left",
							"from": [ 0.0, 0.0, -0.375 ],
							"to": [ 0.375, 1.125, 0.0 ],
							"rotationOrigin": [ 0.0, 0.0, -0.375 ],
							"faces": {
								"north": { "texture": "#peasant-strap", "uv": [ 6.5, 1.5, 7.0, 3.0 ], "autoUv": false },
								"south": { "texture": "#peasant-strap", "uv": [ 6.5, 2.0, 7.0, 3.5 ], "autoUv": false },
								"west": { "texture": "#peasant-strap", "uv": [ 6.5, 2.0, 7.0, 3.5 ], "autoUv": false },
								"down": { "texture": "#peasant-strap", "uv": [ 6.5, 2.0, 7.0, 2.5 ], "autoUv": false }
							}
						},
						{
							"name": "buckle-right",
							"from": [ 0.0, 0.375, 0.75 ],
							"to": [ 0.375, 1.5, 1.125 ],
							"rotationOrigin": [ 0.0, 0.375, 0.75 ],
							"faces": {
								"north": { "texture": "#peasant-strap", "uv": [ 6.5, 1.5, 7.0, 3.0 ], "autoUv": false },
								"south": { "texture": "#peasant-strap", "uv": [ 6.5, 1.5, 7.0, 3.0 ], "autoUv": false },
								"west": { "texture": "#peasant-strap", "uv": [ 6.5, 1.5, 7.0, 3.0 ], "autoUv": false },
								"up": { "texture": "#peasant-strap", "uv": [ 7.5, 3.0, 8.0, 3.5 ], "autoUv": false }
							}
						},
						{
							"name": "buckle-up",
							"from": [ 0.0, 1.125, -0.375 ],
							"to": [ 0.375, 1.5, 0.75 ],
							"rotationOrigin": [ 0.0, 1.125, 0.0 ],
							"faces": {
								"north": { "texture": "#peasant-strap", "uv": [ 7.5, 2.0, 8.0, 2.5 ], "autoUv": false },
								"west": { "texture": "#peasant-strap", "uv": [ 6.0, 2.5, 7.5, 3.0 ], "autoUv": false },
								"up": { "texture": "#peasant-strap", "uv": [ 6.5, 2.0, 7.0, 3.5 ], "autoUv": false },
								"down": { "texture": "#peasant-strap", "uv": [ 7.5, 1.5, 8.0, 3.0 ], "autoUv": false }
							}
						},
						{
							"name": "belt-pin",
							"from": [ 0.15, 0.6, 0.375 ],
							"to": [ 0.525, 0.9, 1.5 ],
							"rotationOrigin": [ 0.15, 0.6, 0.525 ],
							"faces": {
								"north": { "texture": "#peasant-strap", "uv": [ 7.0, 2.5, 7.5, 3.0 ], "autoUv": false },
								"south": { "texture": "#peasant-strap", "uv": [ 7.0, 1.5, 7.5, 2.0 ], "autoUv": false },
								"west": { "texture": "#peasant-strap", "uv": [ 6.5, 3.0, 8.0, 3.5 ], "autoUv": false },
								"up": { "texture": "#peasant-strap", "uv": [ 6.5, 2.0, 7.0, 3.5 ], "autoUv": false },
								"down": { "texture": "#peasant-strap", "uv": [ 6.5, 1.5, 7.0, 3.0 ], "autoUv": false }
							}
						}
					]
				},
				{
					"name": "belt-loop",
					"from": [ -0.15, -0.15, 1.5 ],
					"to": [ 0.225, 0.9, 1.875 ],
					"rotationOrigin": [ -0.15, -0.15, 1.5 ],
					"faces": {
						"north": { "texture": "#peasant-strap", "uv": [ 6.0, 2.5, 6.5, 3.5 ], "autoUv": false },
						"south": { "texture": "#peasant-strap", "uv": [ 6.0, 2.5, 6.5, 3.5 ], "autoUv": false },
						"west": { "texture": "#peasant-strap", "uv": [ 6.5, 2.0, 7.0, 3.0 ], "autoUv": false },
						"up": { "texture": "#peasant-strap", "uv": [ 7.0, 3.0, 7.5, 3.5 ], "autoUv": false },
						"down": { "texture": "#peasant-strap", "uv": [ 6.5, 2.5, 7.0, 3.0 ], "autoUv": false }
					}
				},
				{
					"name": "belt-down",
					"from": [ -0.075, -2.025, 0.75 ],
					"to": [ 0.3, 0.225, 1.5 ],
					"rotationOrigin": [ -0.075, 0.225, 1.125 ],
					"rotationX": 4.0,
					"rotationZ": -8.0,
					"faces": {
						"north": { "texture": "#peasant-strap", "uv": [ 4.0, 3.5, 4.5, 6.5 ], "autoUv": false },
						"south": { "texture": "#peasant-strap", "uv": [ 0.0, 4.0, 0.5, 7.0 ], "autoUv": false },
						"west": { "texture": "#peasant-strap", "uv": [ 2.5, 0.5, 5.5, 1.5 ], "rotation": 90, "autoUv": false }
					},
					"children": [
						{
							"name": "belt-tip",
							"from": [ 0.0, -0.375, -0.075 ],
							"to": [ 0.375, 0.0, 0.825 ],
							"rotationOrigin": [ 0.0, -0.375, 0.0 ],
							"faces": {
								"north": { "texture": "#peasant-strap", "uv": [ 7.5, 2.5, 8.0, 3.0 ], "autoUv": false },
								"south": { "texture": "#peasant-strap", "uv": [ 6.5, 2.5, 7.0, 3.0 ], "autoUv": false },
								"west": { "texture": "#peasant-strap", "uv": [ 7.0, 2.0, 8.0, 2.5 ], "autoUv": false },
								"up": { "texture": "#peasant-strap", "uv": [ 6.5, 1.5, 7.0, 2.5 ], "autoUv": false },
								"down": { "texture": "#peasant-strap", "uv": [ 7.0, 2.5, 7.5, 3.5 ], "autoUv": false }
							}
						}
					]
				}
			]
		}
	]}