{
	"editor": {
		"backDropShape": "entity/humanoid/seraph",
		"collapsedPaths": "Root/Waist",
		"allAngles": false,
		"entityTextureMode": false
	},
	"textureWidth": 8,
	"textureHeight": 8,
	"textureSizes": {
		"prince-waistband": [8,8]
	},
	"textures": {
	},
	"elements": [
		{
			"name": "Waist",
			"stepParentName": "LowerTorso",
			"from": [ -0.225, 0.0, -0.3 ],
			"to": [ 3.9, 1.125, 4.8 ],
			"rotationOrigin": [ 1.275, 0.0, 2.25 ],
			"faces": {
				"north": { "texture": "#prince-waistband", "uv": [ 0.0, 0.0, 5.5, 1.5 ], "autoUv": false },
				"east": { "texture": "#prince-waistband", "uv": [ 1.5, 0.0, 8.0, 1.5 ], "autoUv": false },
				"south": { "texture": "#prince-waistband", "uv": [ 2.0, 0.0, 7.5, 1.5 ], "autoUv": false },
				"west": { "texture": "#prince-waistband", "uv": [ 1.0, 0.0, 7.5, 1.5 ], "autoUv": false },
				"up": { "texture": "#prince-waistband", "uv": [ 0.0, 2.5, 6.5, 8.0 ], "rotation": 90, "autoUv": false },
				"down": { "texture": "#prince-waistband", "uv": [ 0.0, 2.5, 6.5, 8.0 ], "rotation": 90, "autoUv": false }
			},
			"children": [
				{
					"name": "buckle-down",
					"from": [ -0.3, -0.75, 2.55 ],
					"to": [ 0.45, -0.375, 4.05 ],
					"rotationOrigin": [ -0.3, -0.75, 2.55 ],
					"rotationX": -45.0,
					"faces": {
						"north": { "texture": "#prince-waistband", "uv": [ 7.0, 2.0, 8.0, 2.5 ], "autoUv": false },
						"west": { "texture": "#prince-waistband", "uv": [ 6.0, 2.0, 8.0, 2.5 ], "autoUv": false },
						"up": { "texture": "#prince-waistband", "uv": [ 6.5, 1.5, 7.5, 3.5 ], "autoUv": false },
						"down": { "texture": "#prince-waistband", "uv": [ 6.5, 1.5, 7.5, 3.5 ], "autoUv": false }
					},
					"children": [
						{
							"name": "buckle-left",
							"from": [ 0.0, 0.375, 0.0 ],
							"to": [ 0.75, 1.875, 0.375 ],
							"rotationOrigin": [ 0.0, 0.375, 0.0 ],
							"faces": {
								"north": { "texture": "#prince-waistband", "uv": [ 6.5, 1.5, 7.5, 3.5 ], "autoUv": false },
								"south": { "texture": "#prince-waistband", "uv": [ 6.5, 1.5, 7.5, 3.5 ], "autoUv": false },
								"west": { "texture": "#prince-waistband", "uv": [ 6.5, 1.5, 7.0, 3.5 ], "autoUv": false },
								"up": { "texture": "#prince-waistband", "uv": [ 6.0, 2.0, 7.0, 2.5 ], "autoUv": false }
							}
						},
						{
							"name": "buckle-right",
							"from": [ 0.0, 0.0, 1.5 ],
							"to": [ 0.75, 1.5, 1.875 ],
							"rotationOrigin": [ 0.0, 0.0, 1.5 ],
							"faces": {
								"north": { "texture": "#prince-waistband", "uv": [ 6.5, 1.5, 7.5, 3.5 ], "autoUv": false },
								"south": { "texture": "#prince-waistband", "uv": [ 7.0, 1.5, 8.0, 3.5 ], "autoUv": false },
								"west": { "texture": "#prince-waistband", "uv": [ 7.0, 1.5, 7.5, 3.5 ], "autoUv": false },
								"down": { "texture": "#prince-waistband", "uv": [ 6.0, 1.5, 7.0, 2.0 ], "autoUv": false }
							}
						},
						{
							"name": "buckle-top",
							"from": [ 0.0, 1.5, 0.375 ],
							"to": [ 0.75, 1.875, 1.875 ],
							"rotationOrigin": [ 0.0, 1.5, 0.375 ],
							"faces": {
								"south": { "texture": "#prince-waistband", "uv": [ 7.0, 2.0, 8.0, 2.5 ], "autoUv": false },
								"west": { "texture": "#prince-waistband", "uv": [ 6.0, 1.5, 8.0, 2.0 ], "autoUv": false },
								"up": { "texture": "#prince-waistband", "uv": [ 6.5, 1.5, 7.5, 3.5 ], "autoUv": false },
								"down": { "texture": "#prince-waistband", "uv": [ 7.0, 1.5, 8.0, 3.5 ], "autoUv": false }
							}
						}
					]
				},
				{
					"name": "buckle-pin",
					"from": [ -0.15, 0.375, 1.125 ],
					"to": [ 0.225, 0.75, 2.625 ],
					"rotationOrigin": [ -0.15, 0.375, 1.125 ],
					"faces": {
						"north": { "texture": "#prince-waistband", "uv": [ 7.0, 3.0, 7.5, 3.5 ], "autoUv": false },
						"south": { "texture": "#prince-waistband", "uv": [ 7.0, 3.0, 7.5, 3.5 ], "autoUv": false },
						"west": { "texture": "#prince-waistband", "uv": [ 6.0, 1.5, 8.0, 2.0 ], "autoUv": false },
						"up": { "texture": "#prince-waistband", "uv": [ 7.0, 1.5, 7.5, 3.5 ], "autoUv": false },
						"down": { "texture": "#prince-waistband", "uv": [ 7.5, 1.5, 8.0, 3.5 ], "autoUv": false }
					}
				},
				{
					"name": "Cube1",
					"from": [ 3.9, -0.1125, 2.325 ],
					"to": [ 4.275, 1.2375, 2.7 ],
					"rotationOrigin": [ 3.9, -0.15, 2.475 ],
					"faces": {
						"north": { "texture": "#prince-waistband", "uv": [ 6.5, 2.0, 7.0, 3.5 ], "autoUv": false },
						"east": { "texture": "#prince-waistband", "uv": [ 6.5, 2.0, 7.0, 3.5 ], "autoUv": false },
						"south": { "texture": "#prince-waistband", "uv": [ 6.5, 2.0, 7.0, 3.5 ], "autoUv": false },
						"up": { "texture": "#prince-waistband", "uv": [ 7.0, 1.5, 7.5, 2.0 ], "autoUv": false },
						"down": { "texture": "#prince-waistband", "uv": [ 6.0, 1.5, 6.5, 2.0 ], "autoUv": false }
					}
				},
				{
					"name": "Cube8",
					"from": [ 3.9, -0.1125, 3.075 ],
					"to": [ 4.275, 1.2375, 3.45 ],
					"rotationOrigin": [ 3.9, -0.15, 3.225 ],
					"faces": {
						"north": { "texture": "#prince-waistband", "uv": [ 6.5, 2.0, 7.0, 3.5 ], "autoUv": false },
						"east": { "texture": "#prince-waistband", "uv": [ 6.5, 1.5, 7.0, 3.0 ], "autoUv": false },
						"south": { "texture": "#prince-waistband", "uv": [ 6.5, 1.5, 7.0, 3.0 ], "autoUv": false },
						"up": { "texture": "#prince-waistband", "uv": [ 7.0, 1.5, 7.5, 2.0 ], "autoUv": false },
						"down": { "texture": "#prince-waistband", "uv": [ 6.0, 1.5, 6.5, 2.0 ], "autoUv": false }
					}
				},
				{
					"name": "Cube9",
					"from": [ 3.9, -0.1125, 1.575 ],
					"to": [ 4.275, 1.2375, 1.95 ],
					"rotationOrigin": [ 3.9, -0.15, 1.725 ],
					"faces": {
						"north": { "texture": "#prince-waistband", "uv": [ 7.0, 2.0, 7.5, 3.5 ], "autoUv": false },
						"east": { "texture": "#prince-waistband", "uv": [ 7.0, 2.0, 7.5, 3.5 ], "autoUv": false },
						"south": { "texture": "#prince-waistband", "uv": [ 6.5, 1.5, 7.0, 3.0 ], "autoUv": false },
						"up": { "texture": "#prince-waistband", "uv": [ 7.0, 1.5, 7.5, 2.0 ], "autoUv": false },
						"down": { "texture": "#prince-waistband", "uv": [ 7.5, 3.0, 8.0, 3.5 ], "autoUv": false }
					}
				},
				{
					"name": "Cube10",
					"from": [ 3.9, -0.1125, 0.825 ],
					"to": [ 4.275, 1.2375, 1.2 ],
					"rotationOrigin": [ 3.9, -0.15, 0.975 ],
					"faces": {
						"north": { "texture": "#prince-waistband", "uv": [ 6.5, 2.0, 7.0, 3.5 ], "autoUv": false },
						"east": { "texture": "#prince-waistband", "uv": [ 6.5, 1.5, 7.0, 3.0 ], "autoUv": false },
						"south": { "texture": "#prince-waistband", "uv": [ 6.5, 1.5, 7.0, 3.0 ], "autoUv": false },
						"up": { "texture": "#prince-waistband", "uv": [ 7.0, 1.5, 7.5, 2.0 ], "autoUv": false },
						"down": { "texture": "#prince-waistband", "uv": [ 6.0, 1.5, 6.5, 2.0 ], "autoUv": false }
					}
				},
				{
					"name": "Cube11",
					"from": [ 3.9, -0.1125, 3.825 ],
					"to": [ 4.275, 1.2375, 4.2 ],
					"rotationOrigin": [ 3.9, -0.15, 3.975 ],
					"faces": {
						"north": { "texture": "#prince-waistband", "uv": [ 6.5, 2.0, 7.0, 3.5 ], "autoUv": false },
						"east": { "texture": "#prince-waistband", "uv": [ 7.0, 1.5, 7.5, 3.0 ], "autoUv": false },
						"south": { "texture": "#prince-waistband", "uv": [ 6.5, 1.5, 7.0, 3.0 ], "autoUv": false },
						"up": { "texture": "#prince-waistband", "uv": [ 7.0, 1.5, 7.5, 2.0 ], "autoUv": false },
						"down": { "texture": "#prince-waistband", "uv": [ 6.0, 1.5, 6.5, 2.0 ], "autoUv": false }
					}
				},
				{
					"name": "Cube12",
					"from": [ 3.525, -0.1125, 4.65 ],
					"to": [ 4.275, 1.2375, 5.025 ],
					"rotationOrigin": [ 3.9, -0.15, 4.8 ],
					"rotationY": -45.0,
					"faces": {
						"north": { "texture": "#prince-waistband", "uv": [ 6.5, 2.0, 7.5, 3.5 ], "autoUv": false },
						"east": { "texture": "#prince-waistband", "uv": [ 7.0, 1.5, 7.5, 3.0 ], "autoUv": false },
						"south": { "texture": "#prince-waistband", "uv": [ 6.5, 1.5, 7.5, 3.0 ], "autoUv": false },
						"up": { "texture": "#prince-waistband", "uv": [ 7.0, 1.5, 8.0, 2.0 ], "autoUv": false },
						"down": { "texture": "#prince-waistband", "uv": [ 6.0, 1.5, 7.0, 2.0 ], "autoUv": false }
					}
				},
				{
					"name": "Cube13",
					"from": [ 3.525, -0.1125, 0.0 ],
					"to": [ 4.275, 1.2375, 0.375 ],
					"rotationOrigin": [ 3.9, -0.15, 0.15 ],
					"rotationY": 45.0,
					"faces": {
						"north": { "texture": "#prince-waistband", "uv": [ 6.5, 2.0, 7.5, 3.5 ], "autoUv": false },
						"east": { "texture": "#prince-waistband", "uv": [ 7.0, 1.5, 7.5, 3.0 ], "autoUv": false },
						"south": { "texture": "#prince-waistband", "uv": [ 6.5, 1.5, 7.5, 3.0 ], "autoUv": false },
						"up": { "texture": "#prince-waistband", "uv": [ 7.0, 1.5, 8.0, 2.0 ], "autoUv": false },
						"down": { "texture": "#prince-waistband", "uv": [ 6.0, 1.5, 7.0, 2.0 ], "autoUv": false }
					}
				},
				{
					"name": "Cube14",
					"from": [ 3.0, -0.075, -0.225 ],
					"to": [ 3.375, 1.275, 0.15 ],
					"rotationOrigin": [ 3.0, -0.075, -0.225 ],
					"faces": {
						"north": { "texture": "#prince-waistband", "uv": [ 6.5, 2.0, 7.0, 3.5 ], "autoUv": false },
						"east": { "texture": "#prince-waistband", "uv": [ 6.5, 1.5, 7.0, 3.0 ], "autoUv": false },
						"west": { "texture": "#prince-waistband", "uv": [ 7.5, 2.0, 8.0, 3.5 ], "autoUv": false },
						"up": { "texture": "#prince-waistband", "uv": [ 7.0, 2.0, 7.5, 2.5 ], "autoUv": false },
						"down": { "texture": "#prince-waistband", "uv": [ 6.0, 1.5, 6.5, 2.0 ], "autoUv": false }
					}
				},
				{
					"name": "Cube15",
					"from": [ 2.25, -0.075, -0.225 ],
					"to": [ 2.625, 1.275, 0.15 ],
					"rotationOrigin": [ 2.25, -0.075, -0.225 ],
					"faces": {
						"north": { "texture": "#prince-waistband", "uv": [ 6.5, 2.0, 7.0, 3.5 ], "autoUv": false },
						"east": { "texture": "#prince-waistband", "uv": [ 6.5, 1.5, 7.0, 3.0 ], "autoUv": false },
						"west": { "texture": "#prince-waistband", "uv": [ 7.5, 2.0, 8.0, 3.5 ], "autoUv": false },
						"up": { "texture": "#prince-waistband", "uv": [ 7.0, 2.0, 7.5, 2.5 ], "autoUv": false },
						"down": { "texture": "#prince-waistband", "uv": [ 6.0, 1.5, 6.5, 2.0 ], "autoUv": false }
					}
				},
				{
					"name": "Cube16",
					"from": [ 1.5, -0.075, -0.225 ],
					"to": [ 1.875, 1.275, 0.15 ],
					"rotationOrigin": [ 1.5, -0.075, -0.225 ],
					"faces": {
						"north": { "texture": "#prince-waistband", "uv": [ 7.0, 1.5, 7.5, 3.0 ], "autoUv": false },
						"east": { "texture": "#prince-waistband", "uv": [ 7.0, 1.5, 7.5, 3.0 ], "autoUv": false },
						"west": { "texture": "#prince-waistband", "uv": [ 7.5, 2.0, 8.0, 3.5 ], "autoUv": false },
						"up": { "texture": "#prince-waistband", "uv": [ 7.0, 2.0, 7.5, 2.5 ], "autoUv": false },
						"down": { "texture": "#prince-waistband", "uv": [ 6.0, 1.5, 6.5, 2.0 ], "autoUv": false }
					}
				},
				{
					"name": "Cube17",
					"from": [ 0.75, -0.075, -0.225 ],
					"to": [ 1.125, 1.275, 0.15 ],
					"rotationOrigin": [ 0.75, -0.075, -0.225 ],
					"faces": {
						"north": { "texture": "#prince-waistband", "uv": [ 6.5, 2.0, 7.0, 3.5 ], "autoUv": false },
						"east": { "texture": "#prince-waistband", "uv": [ 6.5, 1.5, 7.0, 3.0 ], "autoUv": false },
						"west": { "texture": "#prince-waistband", "uv": [ 7.5, 2.0, 8.0, 3.5 ], "autoUv": false },
						"up": { "texture": "#prince-waistband", "uv": [ 7.0, 2.0, 7.5, 2.5 ], "autoUv": false },
						"down": { "texture": "#prince-waistband", "uv": [ 6.0, 1.5, 6.5, 2.0 ], "autoUv": false }
					}
				},
				{
					"name": "Cube18",
					"from": [ -0.225, -0.075, 0.075 ],
					"to": [ 0.15, 1.275, 0.825 ],
					"rotationOrigin": [ -0.075, -0.075, 0.075 ],
					"rotationY": 45.0,
					"faces": {
						"north": { "texture": "#prince-waistband", "uv": [ 7.0, 2.0, 7.5, 3.5 ], "autoUv": false },
						"east": { "texture": "#prince-waistband", "uv": [ 6.5, 2.0, 7.5, 3.5 ], "autoUv": false },
						"west": { "texture": "#prince-waistband", "uv": [ 6.5, 1.5, 7.5, 3.0 ], "autoUv": false },
						"up": { "texture": "#prince-waistband", "uv": [ 7.0, 2.0, 7.5, 3.0 ], "autoUv": false },
						"down": { "texture": "#prince-waistband", "uv": [ 6.0, 1.5, 6.5, 2.5 ], "autoUv": false }
					}
				},
				{
					"name": "Cube19",
					"from": [ -0.15, -0.075, 0.75 ],
					"to": [ 0.225, 1.275, 1.125 ],
					"rotationOrigin": [ -0.15, -0.075, 0.75 ],
					"faces": {
						"north": { "texture": "#prince-waistband", "uv": [ 6.5, 2.0, 7.0, 3.5 ], "autoUv": false },
						"south": { "texture": "#prince-waistband", "uv": [ 7.5, 2.0, 8.0, 3.5 ], "autoUv": false },
						"west": { "texture": "#prince-waistband", "uv": [ 6.5, 1.5, 7.0, 3.0 ], "autoUv": false },
						"up": { "texture": "#prince-waistband", "uv": [ 6.5, 1.5, 7.0, 2.0 ], "autoUv": false },
						"down": { "texture": "#prince-waistband", "uv": [ 6.5, 2.0, 7.0, 2.5 ], "autoUv": false }
					}
				},
				{
					"name": "Cube20",
					"from": [ -0.15, -0.075, 3.9 ],
					"to": [ 0.225, 1.275, 4.275 ],
					"rotationOrigin": [ -0.15, -0.075, 3.9 ],
					"faces": {
						"north": { "texture": "#prince-waistband", "uv": [ 6.5, 2.0, 7.0, 3.5 ], "autoUv": false },
						"south": { "texture": "#prince-waistband", "uv": [ 7.5, 2.0, 8.0, 3.5 ], "autoUv": false },
						"west": { "texture": "#prince-waistband", "uv": [ 6.5, 1.5, 7.0, 3.0 ], "autoUv": false },
						"up": { "texture": "#prince-waistband", "uv": [ 6.5, 1.5, 7.0, 2.0 ], "autoUv": false },
						"down": { "texture": "#prince-waistband", "uv": [ 6.5, 2.0, 7.0, 2.5 ], "autoUv": false }
					}
				},
				{
					"name": "Cube21",
					"from": [ 3.0, -0.075, 4.95 ],
					"to": [ 3.375, 1.275, 5.325 ],
					"rotationOrigin": [ 3.0, -0.075, 4.95 ],
					"faces": {
						"east": { "texture": "#prince-waistband", "uv": [ 6.5, 1.5, 7.0, 3.0 ], "autoUv": false },
						"south": { "texture": "#prince-waistband", "uv": [ 7.0, 1.5, 7.5, 3.0 ], "autoUv": false },
						"west": { "texture": "#prince-waistband", "uv": [ 6.5, 1.5, 7.0, 3.0 ], "autoUv": false },
						"up": { "texture": "#prince-waistband", "uv": [ 6.5, 2.0, 7.0, 2.5 ], "autoUv": false },
						"down": { "texture": "#prince-waistband", "uv": [ 7.0, 2.5, 7.5, 3.0 ], "autoUv": false }
					}
				},
				{
					"name": "Cube22",
					"from": [ 2.25, -0.075, 4.95 ],
					"to": [ 2.625, 1.275, 5.325 ],
					"rotationOrigin": [ 2.25, -0.075, 4.95 ],
					"faces": {
						"east": { "texture": "#prince-waistband", "uv": [ 7.0, 2.0, 7.5, 3.5 ], "autoUv": false },
						"south": { "texture": "#prince-waistband", "uv": [ 6.5, 1.5, 7.0, 3.0 ], "autoUv": false },
						"west": { "texture": "#prince-waistband", "uv": [ 6.5, 1.5, 7.0, 3.0 ], "autoUv": false },
						"up": { "texture": "#prince-waistband", "uv": [ 6.5, 2.0, 7.0, 2.5 ], "autoUv": false },
						"down": { "texture": "#prince-waistband", "uv": [ 7.0, 2.5, 7.5, 3.0 ], "autoUv": false }
					}
				},
				{
					"name": "Cube23",
					"from": [ 1.5, -0.075, 4.95 ],
					"to": [ 1.875, 1.275, 5.325 ],
					"rotationOrigin": [ 1.5, -0.075, 4.95 ],
					"faces": {
						"east": { "texture": "#prince-waistband", "uv": [ 7.0, 2.0, 7.5, 3.5 ], "autoUv": false },
						"south": { "texture": "#prince-waistband", "uv": [ 7.0, 2.0, 7.5, 3.5 ], "autoUv": false },
						"west": { "texture": "#prince-waistband", "uv": [ 7.0, 1.5, 7.5, 3.0 ], "autoUv": false },
						"up": { "texture": "#prince-waistband", "uv": [ 6.5, 2.0, 7.0, 2.5 ], "autoUv": false },
						"down": { "texture": "#prince-waistband", "uv": [ 7.0, 2.5, 7.5, 3.0 ], "autoUv": false }
					}
				},
				{
					"name": "Cube24",
					"from": [ 0.75, -0.075, 4.95 ],
					"to": [ 1.125, 1.275, 5.325 ],
					"rotationOrigin": [ 0.75, -0.075, 4.95 ],
					"faces": {
						"east": { "texture": "#prince-waistband", "uv": [ 7.0, 2.0, 7.5, 3.5 ], "autoUv": false },
						"south": { "texture": "#prince-waistband", "uv": [ 6.5, 1.5, 7.0, 3.0 ], "autoUv": false },
						"west": { "texture": "#prince-waistband", "uv": [ 7.0, 1.5, 7.5, 3.0 ], "autoUv": false },
						"up": { "texture": "#prince-waistband", "uv": [ 6.5, 2.0, 7.0, 2.5 ], "autoUv": false },
						"down": { "texture": "#prince-waistband", "uv": [ 7.0, 2.5, 7.5, 3.0 ], "autoUv": false }
					}
				},
				{
					"name": "Cube25",
					"from": [ 0.0, -0.075, 4.5 ],
					"to": [ 0.375, 1.275, 5.25 ],
					"rotationOrigin": [ 0.15, -0.075, 4.95 ],
					"rotationY": -45.0,
					"faces": {
						"east": { "texture": "#prince-waistband", "uv": [ 7.0, 2.0, 8.0, 3.5 ], "autoUv": false },
						"south": { "texture": "#prince-waistband", "uv": [ 6.5, 1.5, 7.0, 3.0 ], "autoUv": false },
						"west": { "texture": "#prince-waistband", "uv": [ 7.0, 1.5, 8.0, 3.0 ], "autoUv": false },
						"up": { "texture": "#prince-waistband", "uv": [ 6.5, 2.0, 7.0, 3.0 ], "autoUv": false },
						"down": { "texture": "#prince-waistband", "uv": [ 7.0, 2.5, 7.5, 3.5 ], "autoUv": false }
					}
				}
			]
		}
	]}