{
	"editor": {
		"backDropShape": "entity/humanoid/seraph",
		"collapsedPaths": "Root/Waist",
		"allAngles": false,
		"entityTextureMode": false
	},
	"textureWidth": 8,
	"textureHeight": 8,
	"textureSizes": {
		"scribe-belt": [8,8]
	},
	"textures": {
	},
	"elements": [
		{
			"name": "Waist",
			"stepParentName": "LowerTorso",
			"from": [ -0.15, 0.0, -0.3 ],
			"to": [ 3.9, 0.75, 4.8 ],
			"rotationOrigin": [ 2.1, 0.0, 2.25 ],
			"faces": {
				"north": { "texture": "#scribe-belt", "uv": [ 0.0, 0.0, 5.0, 1.0 ], "autoUv": false },
				"east": { "texture": "#scribe-belt", "uv": [ 1.5, 0.0, 8.0, 1.0 ], "autoUv": false },
				"south": { "texture": "#scribe-belt", "uv": [ 0.0, 0.0, 5.0, 1.0 ], "autoUv": false },
				"west": { "texture": "#scribe-belt", "uv": [ 1.5, 0.0, 8.0, 1.0 ], "autoUv": false },
				"up": { "texture": "#scribe-belt", "uv": [ 0.0, 1.5, 5.0, 8.0 ], "autoUv": false },
				"down": { "texture": "#scribe-belt", "uv": [ 0.0, 1.5, 5.0, 8.0 ], "autoUv": false }
			},
			"children": [
				{
					"name": "buckle-down",
					"from": [ -0.225, -0.075, 2.625 ],
					"to": [ 0.0, 0.15, 3.45 ],
					"rotationOrigin": [ -0.225, -0.075, 2.625 ],
					"faces": {
						"south": { "texture": "#scribe-belt", "uv": [ 7.0, 2.0, 7.5, 2.5 ], "autoUv": false },
						"west": { "texture": "#scribe-belt", "uv": [ 6.0, 2.5, 7.0, 3.0 ], "autoUv": false },
						"up": { "texture": "#scribe-belt", "uv": [ 7.0, 1.5, 7.5, 2.5 ], "autoUv": false },
						"down": { "texture": "#scribe-belt", "uv": [ 7.0, 1.5, 7.5, 2.5 ], "autoUv": false }
					},
					"children": [
						{
							"name": "buckle-left",
							"from": [ 0.0, 0.0, -0.225 ],
							"to": [ 0.225, 0.9, 0.0 ],
							"rotationOrigin": [ 0.0, 0.0, -0.225 ],
							"faces": {
								"north": { "texture": "#scribe-belt", "uv": [ 6.5, 1.5, 7.0, 2.5 ], "autoUv": false },
								"south": { "texture": "#scribe-belt", "uv": [ 6.5, 2.0, 7.0, 3.0 ], "autoUv": false },
								"west": { "texture": "#scribe-belt", "uv": [ 6.5, 2.0, 7.0, 3.0 ], "autoUv": false },
								"down": { "texture": "#scribe-belt", "uv": [ 6.5, 2.0, 7.0, 2.5 ], "autoUv": false }
							}
						},
						{
							"name": "buckle-right",
							"from": [ 0.0, 0.225, 0.6 ],
							"to": [ 0.225, 1.125, 0.825 ],
							"rotationOrigin": [ 0.0, 0.225, 0.6 ],
							"faces": {
								"north": { "texture": "#scribe-belt", "uv": [ 6.5, 1.5, 7.0, 2.5 ], "autoUv": false },
								"south": { "texture": "#scribe-belt", "uv": [ 6.5, 1.5, 7.0, 2.5 ], "autoUv": false },
								"west": { "texture": "#scribe-belt", "uv": [ 6.5, 1.5, 7.0, 2.5 ], "autoUv": false },
								"up": { "texture": "#scribe-belt", "uv": [ 7.5, 3.0, 8.0, 3.5 ], "autoUv": false }
							}
						},
						{
							"name": "buckle-up",
							"from": [ 0.0, 0.9, -0.225 ],
							"to": [ 0.225, 1.125, 0.6 ],
							"rotationOrigin": [ 0.0, 0.9, 0.15 ],
							"faces": {
								"north": { "texture": "#scribe-belt", "uv": [ 7.5, 2.0, 8.0, 2.5 ], "autoUv": false },
								"west": { "texture": "#scribe-belt", "uv": [ 6.0, 2.5, 7.0, 3.0 ], "autoUv": false },
								"up": { "texture": "#scribe-belt", "uv": [ 6.5, 2.0, 7.0, 3.0 ], "autoUv": false },
								"down": { "texture": "#scribe-belt", "uv": [ 7.5, 1.5, 8.0, 2.5 ], "autoUv": false }
							}
						},
						{
							"name": "belt-pin",
							"from": [ 0.15, 0.45, 0.225 ],
							"to": [ 0.525, 0.675, 1.05 ],
							"rotationOrigin": [ 0.15, 0.45, 0.375 ],
							"faces": {
								"north": { "texture": "#scribe-belt", "uv": [ 7.0, 2.5, 7.5, 3.0 ], "autoUv": false },
								"south": { "texture": "#scribe-belt", "uv": [ 7.0, 1.5, 7.5, 2.0 ], "autoUv": false },
								"west": { "texture": "#scribe-belt", "uv": [ 6.5, 3.0, 7.5, 3.5 ], "autoUv": false },
								"up": { "texture": "#scribe-belt", "uv": [ 6.5, 2.0, 7.0, 3.0 ], "autoUv": false },
								"down": { "texture": "#scribe-belt", "uv": [ 6.5, 1.5, 7.0, 2.5 ], "autoUv": false }
							}
						}
					]
				},
				{
					"name": "belt-down",
					"from": [ -0.075, -1.275, 0.75 ],
					"to": [ 0.3, 0.225, 1.5 ],
					"rotationOrigin": [ -0.075, 0.225, 1.125 ],
					"rotationX": 4.0,
					"rotationZ": -8.0,
					"faces": {
						"north": { "texture": "#scribe-belt", "uv": [ 4.0, 3.5, 4.5, 5.5 ], "autoUv": false },
						"south": { "texture": "#scribe-belt", "uv": [ 0.0, 4.0, 0.5, 6.0 ], "autoUv": false },
						"west": { "texture": "#scribe-belt", "uv": [ 2.5, 0.0, 4.5, 1.0 ], "rotation": 90, "autoUv": false },
						"down": { "texture": "#scribe-belt", "uv": [ 0.0, 0.0, 0.5, 1.0 ], "autoUv": false, "windMode": [-1,-1,-1,-1] }
					}
				},
				{
					"name": "book",
					"from": [ -0.3, -1.95, 3.75 ],
					"to": [ 0.075, -0.45, 6.0 ],
					"rotationOrigin": [ -0.1125, -0.45, 4.875 ],
					"rotationX": -10.0,
					"rotationY": 22.5,
					"faces": {
						"north": { "texture": "#scribe-belt", "uv": [ 5.0, 1.0, 7.0, 1.5 ], "rotation": 90, "autoUv": false },
						"south": { "texture": "#scribe-belt", "uv": [ 5.0, 1.0, 7.0, 1.5 ], "rotation": 90, "autoUv": false },
						"down": { "texture": "#scribe-belt", "uv": [ 5.0, 1.0, 8.0, 1.5 ], "rotation": 90, "autoUv": false }
					},
					"children": [
						{
							"name": "cover-back",
							"from": [ 0.375, -0.075, -0.075 ],
							"to": [ 0.525, 1.575, 2.325 ],
							"rotationOrigin": [ 0.375, 0.0, 0.0 ],
							"faces": {
								"north": { "texture": "#scribe-belt", "uv": [ 1.0, 1.0, 3.0, 1.5 ], "rotation": 90, "autoUv": false },
								"east": { "texture": "#scribe-belt", "uv": [ 5.0, 6.0, 8.0, 8.0 ], "autoUv": false },
								"south": { "texture": "#scribe-belt", "uv": [ 0.0, 1.0, 2.0, 1.5 ], "rotation": 90, "autoUv": false },
								"west": { "texture": "#scribe-belt", "uv": [ 5.0, 6.0, 8.0, 8.0 ], "autoUv": false },
								"up": { "texture": "#scribe-belt", "uv": [ 5.0, 5.5, 8.0, 6.0 ], "rotation": 90, "autoUv": false },
								"down": { "texture": "#scribe-belt", "uv": [ 1.0, 1.0, 4.0, 1.5 ], "rotation": 90, "autoUv": false }
							}
						},
						{
							"name": "cover-front",
							"from": [ -0.15, -0.075, -0.075 ],
							"to": [ 0.0, 1.575, 2.325 ],
							"rotationOrigin": [ -0.15, 0.0, 0.0 ],
							"faces": {
								"north": { "texture": "#scribe-belt", "uv": [ 1.0, 1.0, 3.0, 1.5 ], "rotation": 90, "autoUv": false },
								"east": { "texture": "#scribe-belt", "uv": [ 5.0, 6.0, 8.0, 8.0 ], "autoUv": false },
								"south": { "texture": "#scribe-belt", "uv": [ 0.0, 1.0, 2.0, 1.5 ], "rotation": 90, "autoUv": false },
								"west": { "texture": "#scribe-belt", "uv": [ 5.0, 3.5, 8.0, 5.5 ], "autoUv": false },
								"up": { "texture": "#scribe-belt", "uv": [ 5.0, 5.5, 8.0, 6.0 ], "rotation": 90, "autoUv": false },
								"down": { "texture": "#scribe-belt", "uv": [ 1.0, 1.0, 4.0, 1.5 ], "rotation": 90, "autoUv": false }
							}
						},
						{
							"name": "cover-edge",
							"from": [ 0.0, 1.5, -0.075 ],
							"to": [ 0.375, 1.65, 2.325 ],
							"rotationOrigin": [ 0.0, 1.5, 0.0 ],
							"faces": {
								"north": { "texture": "#scribe-belt", "uv": [ 7.5, 5.5, 8.0, 6.0 ], "autoUv": false },
								"east": { "texture": "#scribe-belt", "uv": [ 5.0, 5.5, 8.0, 6.0 ], "autoUv": false },
								"south": { "texture": "#scribe-belt", "uv": [ 6.0, 5.5, 6.5, 6.0 ], "autoUv": false },
								"west": { "texture": "#scribe-belt", "uv": [ 5.0, 5.5, 8.0, 6.0 ], "autoUv": false },
								"up": { "texture": "#scribe-belt", "uv": [ 5.0, 5.5, 8.0, 6.0 ], "rotation": 90, "autoUv": false },
								"down": { "texture": "#scribe-belt", "uv": [ 2.0, 1.0, 5.0, 1.5 ], "rotation": 90, "autoUv": false }
							}
						},
						{
							"name": "strapN1",
							"from": [ -0.375, -0.225, 0.375 ],
							"to": [ -0.15, 1.8, 0.75 ],
							"rotationOrigin": [ -0.375, -0.225, 0.375 ],
							"faces": {
								"north": { "texture": "#scribe-belt", "uv": [ 5.0, 0.0, 7.5, 0.5 ], "rotation": 90, "autoUv": false },
								"south": { "texture": "#scribe-belt", "uv": [ 1.5, 1.0, 4.0, 1.5 ], "rotation": 90, "autoUv": false },
								"west": { "texture": "#scribe-belt", "uv": [ 2.5, 0.0, 5.0, 0.5 ], "rotation": 90, "autoUv": false },
								"up": { "texture": "#scribe-belt", "uv": [ 2.0, 0.0, 2.5, 0.5 ], "autoUv": false },
								"down": { "texture": "#scribe-belt", "uv": [ 3.0, 0.0, 3.5, 0.5 ], "autoUv": false }
							},
							"children": [
								{
									"name": "strapN2",
									"from": [ 0.9, 0.0, 0.0 ],
									"to": [ 1.125, 3.0, 0.375 ],
									"rotationOrigin": [ 0.9, 0.0, 0.0 ],
									"faces": {
										"north": { "texture": "#scribe-belt", "uv": [ 3.0, 0.0, 7.0, 0.5 ], "rotation": 90, "autoUv": false },
										"east": { "texture": "#scribe-belt", "uv": [ 1.0, 0.0, 5.0, 0.5 ], "rotation": 90, "autoUv": false },
										"south": { "texture": "#scribe-belt", "uv": [ 0.0, 0.0, 4.0, 0.5 ], "rotation": 90, "autoUv": false },
										"west": { "texture": "#scribe-belt", "uv": [ 3.0, 0.0, 7.0, 0.5 ], "rotation": 90, "autoUv": false },
										"up": { "texture": "#scribe-belt", "uv": [ 4.0, 0.0, 4.5, 0.5 ], "autoUv": false },
										"down": { "texture": "#scribe-belt", "uv": [ 3.5, 0.0, 4.0, 0.5 ], "autoUv": false }
									}
								},
								{
									"name": "strapN3",
									"from": [ 0.225, 0.0, 0.0 ],
									"to": [ 0.9, 0.15, 0.375 ],
									"rotationOrigin": [ 0.225, 0.0, 0.0 ],
									"faces": {
										"north": { "texture": "#scribe-belt", "uv": [ 0.0, 0.0, 0.5, 0.5 ], "autoUv": false },
										"south": { "texture": "#scribe-belt", "uv": [ 0.0, 0.0, 0.5, 0.5 ], "autoUv": false },
										"down": { "texture": "#scribe-belt", "uv": [ 0.0, 0.0, 0.5, 0.5 ], "autoUv": false }
									}
								},
								{
									"name": "strapN4",
									"from": [ 0.225, 1.875, 0.0 ],
									"to": [ 0.9, 2.025, 0.375 ],
									"rotationOrigin": [ 0.225, 1.875, 0.0 ],
									"faces": {
										"north": { "texture": "#scribe-belt", "uv": [ 4.0, 0.5, 4.5, 1.0 ], "autoUv": false },
										"south": { "texture": "#scribe-belt", "uv": [ 6.0, 0.5, 6.5, 1.0 ], "autoUv": false },
										"up": { "texture": "#scribe-belt", "uv": [ 2.5, 0.5, 3.0, 1.0 ], "autoUv": false }
									}
								}
							]
						},
						{
							"name": "strapS1",
							"from": [ -0.375, -0.225, 1.35 ],
							"to": [ -0.15, 1.8, 1.725 ],
							"rotationOrigin": [ -0.375, -0.225, 1.35 ],
							"faces": {
								"north": { "texture": "#scribe-belt", "uv": [ 2.0, 0.0, 4.5, 0.5 ], "rotation": 90, "autoUv": false },
								"south": { "texture": "#scribe-belt", "uv": [ 3.0, 0.0, 5.5, 0.5 ], "rotation": 90, "autoUv": false },
								"west": { "texture": "#scribe-belt", "uv": [ 3.0, 0.0, 5.5, 0.5 ], "rotation": 90, "autoUv": false },
								"up": { "texture": "#scribe-belt", "uv": [ 2.0, 0.0, 2.5, 0.5 ], "autoUv": false },
								"down": { "texture": "#scribe-belt", "uv": [ 2.0, 0.0, 2.5, 0.5 ], "autoUv": false }
							},
							"children": [
								{
									"name": "strapS2",
									"from": [ 0.9, 0.0, 0.0 ],
									"to": [ 1.125, 3.0, 0.375 ],
									"rotationOrigin": [ 0.9, 0.0, 0.0 ],
									"faces": {
										"north": { "texture": "#scribe-belt", "uv": [ 3.0, 0.0, 7.0, 0.5 ], "rotation": 90, "autoUv": false },
										"east": { "texture": "#scribe-belt", "uv": [ 1.0, 0.0, 5.0, 0.5 ], "rotation": 90, "autoUv": false },
										"south": { "texture": "#scribe-belt", "uv": [ 0.0, 0.0, 4.0, 0.5 ], "rotation": 90, "autoUv": false },
										"west": { "texture": "#scribe-belt", "uv": [ 3.0, 0.0, 7.0, 0.5 ], "rotation": 90, "autoUv": false },
										"up": { "texture": "#scribe-belt", "uv": [ 4.0, 0.0, 4.5, 0.5 ], "autoUv": false },
										"down": { "texture": "#scribe-belt", "uv": [ 3.5, 0.0, 4.0, 0.5 ], "autoUv": false }
									}
								},
								{
									"name": "strapS3",
									"from": [ 0.225, 0.0, 0.0 ],
									"to": [ 0.9, 0.15, 0.375 ],
									"rotationOrigin": [ 0.225, 0.0, 0.0 ],
									"faces": {
										"north": { "texture": "#scribe-belt", "uv": [ 0.0, 0.0, 0.5, 0.5 ], "autoUv": false },
										"south": { "texture": "#scribe-belt", "uv": [ 0.0, 0.0, 0.5, 0.5 ], "autoUv": false },
										"down": { "texture": "#scribe-belt", "uv": [ 0.0, 0.0, 0.5, 0.5 ], "autoUv": false }
									}
								},
								{
									"name": "strapS4",
									"from": [ 0.225, 1.875, 0.0 ],
									"to": [ 0.9, 2.025, 0.375 ],
									"rotationOrigin": [ 0.225, 1.875, 0.0 ],
									"faces": {
										"north": { "texture": "#scribe-belt", "uv": [ 4.0, 0.5, 4.5, 1.0 ], "autoUv": false },
										"south": { "texture": "#scribe-belt", "uv": [ 4.0, 0.5, 4.5, 1.0 ], "autoUv": false },
										"up": { "texture": "#scribe-belt", "uv": [ 5.0, 0.0, 5.5, 0.5 ], "autoUv": false }
									}
								}
							]
						}
					]
				},
				{
					"name": "vial-holder",
					"from": [ -0.375, -0.75, -0.375 ],
					"to": [ 0.375, 1.125, 0.375 ],
					"rotationOrigin": [ 0.0, 0.375, 0.0 ],
					"rotationY": -22.5,
					"faces": {
						"north": { "texture": "#scribe-belt", "uv": [ 1.0, 0.0, 2.0, 2.5 ], "autoUv": false },
						"east": { "texture": "#scribe-belt", "uv": [ 3.0, 0.0, 4.0, 2.5 ], "autoUv": false },
						"south": { "texture": "#scribe-belt", "uv": [ 0.0, 0.0, 1.0, 2.5 ], "autoUv": false },
						"west": { "texture": "#scribe-belt", "uv": [ 2.0, 0.0, 3.0, 2.5 ], "autoUv": false },
						"down": { "texture": "#scribe-belt", "uv": [ 0.0, 0.0, 1.0, 1.0 ], "autoUv": false }
					},
					"children": [
						{
							"name": "cap",
							"from": [ -0.075, 1.875, -0.075 ],
							"to": [ 0.825, 2.25, 0.825 ],
							"rotationOrigin": [ 0.45, 1.875, 0.45 ],
							"faces": {
								"north": { "texture": "#scribe-belt", "uv": [ 6.5, 2.5, 7.5, 3.0 ], "autoUv": false },
								"east": { "texture": "#scribe-belt", "uv": [ 7.0, 2.5, 8.0, 3.0 ], "autoUv": false },
								"south": { "texture": "#scribe-belt", "uv": [ 6.0, 2.0, 7.0, 2.5 ], "autoUv": false },
								"west": { "texture": "#scribe-belt", "uv": [ 6.5, 2.5, 7.5, 3.0 ], "autoUv": false },
								"up": { "texture": "#scribe-belt", "uv": [ 7.0, 2.0, 8.0, 3.0 ], "autoUv": false },
								"down": { "texture": "#scribe-belt", "uv": [ 6.0, 2.0, 7.0, 3.0 ], "autoUv": false }
							}
						}
					]
				},
				{
					"name": "pouch",
					"from": [ 1.5, -0.375, 5.025 ],
					"to": [ 3.0, 1.125, 5.775 ],
					"rotationOrigin": [ 2.25, 0.375, 5.025 ],
					"rotationX": 5.0,
					"faces": {
						"north": { "texture": "#scribe-belt", "uv": [ 0.0, 0.0, 2.0, 2.0 ], "autoUv": false },
						"east": { "texture": "#scribe-belt", "uv": [ 0.0, 0.0, 1.0, 2.0 ], "autoUv": false },
						"south": { "texture": "#scribe-belt", "uv": [ 0.0, 0.0, 2.0, 2.0 ], "autoUv": false },
						"west": { "texture": "#scribe-belt", "uv": [ 0.0, 0.0, 1.0, 2.0 ], "autoUv": false },
						"up": { "texture": "#scribe-belt", "uv": [ 0.0, 0.0, 2.0, 1.0 ], "autoUv": false },
						"down": { "texture": "#scribe-belt", "uv": [ 0.0, 0.0, 2.0, 1.0 ], "autoUv": false }
					},
					"children": [
						{
							"name": "flap",
							"from": [ 0.0, 0.75, 0.75 ],
							"to": [ 1.5, 1.5, 0.9 ],
							"rotationOrigin": [ 0.75, 0.75, 0.75 ],
							"faces": {
								"east": { "texture": "#scribe-belt", "uv": [ 4.5, 0.5, 5.5, 1.0 ], "rotation": 90, "autoUv": false },
								"south": { "texture": "#scribe-belt", "uv": [ 5.5, 6.5, 7.5, 7.5 ], "autoUv": false },
								"west": { "texture": "#scribe-belt", "uv": [ 0.0, 0.0, 0.5, 1.0 ], "autoUv": false },
								"up": { "texture": "#scribe-belt", "uv": [ 2.5, 0.5, 4.5, 1.0 ], "autoUv": false },
								"down": { "texture": "#scribe-belt", "uv": [ 5.5, 0.5, 7.5, 1.0 ], "autoUv": false }
							},
							"children": [
								{
									"name": "clasp",
									"from": [ 0.675, -0.075, -0.15 ],
									"to": [ 0.975, 0.225, 0.3 ],
									"rotationOrigin": [ 0.825, 0.075, -0.15 ],
									"rotationZ": -45.0,
									"faces": {
										"east": { "texture": "#scribe-belt", "uv": [ 6.0, 2.0, 6.5, 2.5 ], "autoUv": false },
										"south": { "texture": "#scribe-belt", "uv": [ 6.0, 3.0, 6.5, 3.5 ], "autoUv": false },
										"west": { "texture": "#scribe-belt", "uv": [ 7.0, 3.0, 7.5, 3.5 ], "autoUv": false },
										"up": { "texture": "#scribe-belt", "uv": [ 6.0, 2.0, 6.5, 2.5 ], "autoUv": false },
										"down": { "texture": "#scribe-belt", "uv": [ 7.5, 2.5, 8.0, 3.0 ], "autoUv": false }
									}
								}
							]
						}
					]
				}
			]
		}
	]}