{
	"editor": {
		"backDropShape": "entity/humanoid/seraph",
		"collapsedPaths": "Root/Waist",
		"allAngles": false,
		"entityTextureMode": false
	},
	"textureWidth": 8,
	"textureHeight": 8,
	"textureSizes": {
		"squire-belt": [8,8]
	},
	"textures": {
	},
	"elements": [
		{
			"name": "Waist",
			"stepParentName": "LowerTorso",
			"from": [ -0.15, 0.375, -0.225 ],
			"to": [ 3.825, 0.75, 4.725 ],
			"rotationOrigin": [ -0.15, 0.375, -0.225 ],
			"faces": {
				"north": { "texture": "#squire-belt", "uv": [ 0.0, 3.0, 0.5, 8.0 ], "rotation": 90, "autoUv": false },
				"east": { "texture": "#squire-belt", "uv": [ 0.0, 7.5, 6.5, 8.0 ], "autoUv": false },
				"south": { "texture": "#squire-belt", "uv": [ 6.0, 3.0, 6.5, 8.0 ], "rotation": 90, "autoUv": false },
				"west": { "texture": "#squire-belt", "uv": [ 0.0, 3.0, 6.5, 3.5 ], "autoUv": false },
				"up": { "texture": "#squire-belt", "uv": [ 0.0, 3.0, 6.5, 8.0 ], "rotation": 90, "autoUv": false },
				"down": { "texture": "#squire-belt", "uv": [ 0.0, 3.0, 6.5, 8.0 ], "rotation": 90, "autoUv": false }
			},
			"children": [
				{
					"name": "buckle",
					"stepParentName": "LowerTorso",
					"from": [ -0.375, 0.0, 1.65 ],
					"to": [ 0.0, 1.125, 2.775 ],
					"rotationOrigin": [ -0.375, 0.6, 2.25 ],
					"faces": {
						"north": { "texture": "#squire-belt", "uv": [ 0.5, 0.0, 1.0, 1.5 ], "autoUv": false },
						"south": { "texture": "#squire-belt", "uv": [ 3.5, 0.0, 4.0, 1.5 ], "autoUv": false },
						"west": { "texture": "#squire-belt", "uv": [ 0.0, 0.0, 1.5, 1.5 ], "autoUv": false },
						"up": { "texture": "#squire-belt", "uv": [ 0.0, 0.0, 0.5, 1.5 ], "autoUv": false },
						"down": { "texture": "#squire-belt", "uv": [ 1.0, 0.0, 1.5, 1.5 ], "autoUv": false }
					}
				},
				{
					"name": "plate",
					"from": [ -0.225, -0.375, 0.6 ],
					"to": [ 0.15, 0.75, 1.725 ],
					"rotationOrigin": [ -0.225, 0.225, 1.2 ],
					"faces": {
						"north": { "texture": "#squire-belt", "uv": [ 0.5, 0.0, 1.0, 1.5 ], "autoUv": false },
						"south": { "texture": "#squire-belt", "uv": [ 3.5, 0.0, 4.0, 1.5 ], "autoUv": false },
						"west": { "texture": "#squire-belt", "uv": [ 0.0, 0.0, 1.5, 1.5 ], "autoUv": false },
						"up": { "texture": "#squire-belt", "uv": [ 0.0, 0.0, 0.5, 1.5 ], "autoUv": false },
						"down": { "texture": "#squire-belt", "uv": [ 1.0, 0.0, 1.5, 1.5 ], "autoUv": false }
					}
				},
				{
					"name": "plate4",
					"from": [ -0.225, -0.375, 3.15 ],
					"to": [ 0.15, 0.75, 4.275 ],
					"rotationOrigin": [ -0.225, 0.225, 3.75 ],
					"faces": {
						"north": { "texture": "#squire-belt", "uv": [ 0.5, 0.0, 1.0, 1.5 ], "autoUv": false },
						"south": { "texture": "#squire-belt", "uv": [ 3.5, 0.0, 4.0, 1.5 ], "autoUv": false },
						"west": { "texture": "#squire-belt", "uv": [ 0.0, 0.0, 1.5, 1.5 ], "autoUv": false },
						"up": { "texture": "#squire-belt", "uv": [ 0.0, 0.0, 0.5, 1.5 ], "autoUv": false },
						"down": { "texture": "#squire-belt", "uv": [ 1.0, 0.0, 1.5, 1.5 ], "autoUv": false }
					}
				},
				{
					"name": "plate5",
					"from": [ 0.075, -0.375, -0.675 ],
					"to": [ 0.525, 0.75, 0.45 ],
					"rotationOrigin": [ 0.15, 0.225, -0.075 ],
					"rotationY": -45.0,
					"faces": {
						"north": { "texture": "#squire-belt", "uv": [ 0.5, 0.0, 1.0, 1.5 ], "autoUv": false },
						"south": { "texture": "#squire-belt", "uv": [ 3.5, 0.0, 4.0, 1.5 ], "autoUv": false },
						"west": { "texture": "#squire-belt", "uv": [ 0.0, 0.0, 1.5, 1.5 ], "autoUv": false },
						"up": { "texture": "#squire-belt", "uv": [ 0.0, 0.0, 0.5, 1.5 ], "autoUv": false },
						"down": { "texture": "#squire-belt", "uv": [ 1.0, 0.0, 1.5, 1.5 ], "autoUv": false }
					}
				},
				{
					"name": "plate6",
					"from": [ 0.075, -0.375, 4.425 ],
					"to": [ 0.525, 0.75, 5.55 ],
					"rotationOrigin": [ 0.15, 0.225, 5.025 ],
					"rotationY": 45.0,
					"faces": {
						"north": { "texture": "#squire-belt", "uv": [ 0.5, 0.0, 1.0, 1.5 ], "autoUv": false },
						"south": { "texture": "#squire-belt", "uv": [ 3.5, 0.0, 4.0, 1.5 ], "autoUv": false },
						"west": { "texture": "#squire-belt", "uv": [ 0.0, 0.0, 1.5, 1.5 ], "autoUv": false },
						"up": { "texture": "#squire-belt", "uv": [ 0.0, 0.0, 0.5, 1.5 ], "autoUv": false },
						"down": { "texture": "#squire-belt", "uv": [ 1.0, 0.0, 1.5, 1.5 ], "autoUv": false }
					}
				},
				{
					"name": "plate7",
					"from": [ 3.9, -0.375, 0.675 ],
					"to": [ 4.275, 0.75, 1.8 ],
					"rotationOrigin": [ 3.9, 0.225, 1.275 ],
					"faces": {
						"north": { "texture": "#squire-belt", "uv": [ 0.5, 0.0, 1.0, 1.5 ], "autoUv": false },
						"east": { "texture": "#squire-belt", "uv": [ 0.0, 0.0, 1.5, 1.5 ], "autoUv": false },
						"south": { "texture": "#squire-belt", "uv": [ 3.5, 0.0, 4.0, 1.5 ], "autoUv": false },
						"up": { "texture": "#squire-belt", "uv": [ 0.0, 0.0, 0.5, 1.5 ], "autoUv": false },
						"down": { "texture": "#squire-belt", "uv": [ 1.0, 0.0, 1.5, 1.5 ], "autoUv": false }
					}
				},
				{
					"name": "plate8",
					"from": [ 3.9, -0.375, 1.9125 ],
					"to": [ 4.275, 0.75, 3.0375 ],
					"rotationOrigin": [ 3.9, 0.225, 2.475 ],
					"faces": {
						"north": { "texture": "#squire-belt", "uv": [ 0.5, 0.0, 1.0, 1.5 ], "autoUv": false },
						"east": { "texture": "#squire-belt", "uv": [ 0.0, 0.0, 1.5, 1.5 ], "autoUv": false },
						"south": { "texture": "#squire-belt", "uv": [ 3.5, 0.0, 4.0, 1.5 ], "autoUv": false },
						"up": { "texture": "#squire-belt", "uv": [ 0.0, 0.0, 0.5, 1.5 ], "autoUv": false },
						"down": { "texture": "#squire-belt", "uv": [ 1.0, 0.0, 1.5, 1.5 ], "autoUv": false }
					}
				},
				{
					"name": "plate9",
					"from": [ 3.9, -0.375, 3.15 ],
					"to": [ 4.275, 0.75, 4.275 ],
					"rotationOrigin": [ 3.9, 0.225, 3.75 ],
					"faces": {
						"north": { "texture": "#squire-belt", "uv": [ 0.5, 0.0, 1.0, 1.5 ], "autoUv": false },
						"east": { "texture": "#squire-belt", "uv": [ 0.0, 0.0, 1.5, 1.5 ], "autoUv": false },
						"south": { "texture": "#squire-belt", "uv": [ 3.5, 0.0, 4.0, 1.5 ], "autoUv": false },
						"up": { "texture": "#squire-belt", "uv": [ 0.0, 0.0, 0.5, 1.5 ], "autoUv": false },
						"down": { "texture": "#squire-belt", "uv": [ 1.0, 0.0, 1.5, 1.5 ], "autoUv": false }
					}
				},
				{
					"name": "plate10",
					"from": [ 3.3, -0.375, 4.125 ],
					"to": [ 3.75, 0.75, 5.25 ],
					"rotationOrigin": [ 3.675, 0.225, 4.725 ],
					"rotationY": 135.0,
					"faces": {
						"north": { "texture": "#squire-belt", "uv": [ 0.5, 0.0, 1.0, 1.5 ], "autoUv": false },
						"south": { "texture": "#squire-belt", "uv": [ 3.5, 0.0, 4.0, 1.5 ], "autoUv": false },
						"west": { "texture": "#squire-belt", "uv": [ 0.0, 0.0, 1.5, 1.5 ], "autoUv": false },
						"up": { "texture": "#squire-belt", "uv": [ 0.0, 0.0, 0.5, 1.5 ], "autoUv": false },
						"down": { "texture": "#squire-belt", "uv": [ 1.0, 0.0, 1.5, 1.5 ], "autoUv": false }
					}
				},
				{
					"name": "plate11",
					"from": [ 3.15, -0.375, -0.375 ],
					"to": [ 3.6, 0.75, 0.75 ],
					"rotationOrigin": [ 3.6, 0.225, 0.225 ],
					"rotationY": -135.0,
					"faces": {
						"north": { "texture": "#squire-belt", "uv": [ 0.5, 0.0, 1.0, 1.5 ], "autoUv": false },
						"south": { "texture": "#squire-belt", "uv": [ 3.5, 0.0, 4.0, 1.5 ], "autoUv": false },
						"west": { "texture": "#squire-belt", "uv": [ 0.0, 0.0, 1.5, 1.5 ], "autoUv": false },
						"up": { "texture": "#squire-belt", "uv": [ 0.0, 0.0, 0.5, 1.5 ], "autoUv": false },
						"down": { "texture": "#squire-belt", "uv": [ 1.0, 0.0, 1.5, 1.5 ], "autoUv": false }
					}
				},
				{
					"name": "plate12",
					"from": [ 2.625, -0.375, -0.9 ],
					"to": [ 3.0, 0.75, 0.225 ],
					"rotationOrigin": [ 2.625, 0.225, -0.3 ],
					"rotationY": -90.0,
					"faces": {
						"north": { "texture": "#squire-belt", "uv": [ 0.5, 0.0, 1.0, 1.5 ], "autoUv": false },
						"south": { "texture": "#squire-belt", "uv": [ 3.5, 0.0, 4.0, 1.5 ], "autoUv": false },
						"west": { "texture": "#squire-belt", "uv": [ 0.0, 0.0, 1.5, 1.5 ], "autoUv": false },
						"up": { "texture": "#squire-belt", "uv": [ 0.0, 0.0, 0.5, 1.5 ], "autoUv": false },
						"down": { "texture": "#squire-belt", "uv": [ 1.0, 0.0, 1.5, 1.5 ], "autoUv": false }
					}
				},
				{
					"name": "plate13",
					"from": [ 1.35, -0.375, -0.9 ],
					"to": [ 1.725, 0.75, 0.225 ],
					"rotationOrigin": [ 1.35, 0.225, -0.3 ],
					"rotationY": -90.0,
					"faces": {
						"north": { "texture": "#squire-belt", "uv": [ 0.5, 0.0, 1.0, 1.5 ], "autoUv": false },
						"south": { "texture": "#squire-belt", "uv": [ 3.5, 0.0, 4.0, 1.5 ], "autoUv": false },
						"west": { "texture": "#squire-belt", "uv": [ 0.0, 0.0, 1.5, 1.5 ], "autoUv": false },
						"up": { "texture": "#squire-belt", "uv": [ 0.0, 0.0, 0.5, 1.5 ], "autoUv": false },
						"down": { "texture": "#squire-belt", "uv": [ 1.0, 0.0, 1.5, 1.5 ], "autoUv": false }
					}
				},
				{
					"name": "plate14",
					"from": [ 1.5, -0.375, 4.725 ],
					"to": [ 1.875, 0.75, 5.85 ],
					"rotationOrigin": [ 1.5, 0.225, 5.325 ],
					"rotationY": 90.0,
					"faces": {
						"north": { "texture": "#squire-belt", "uv": [ 0.5, 0.0, 1.0, 1.5 ], "autoUv": false },
						"south": { "texture": "#squire-belt", "uv": [ 3.5, 0.0, 4.0, 1.5 ], "autoUv": false },
						"west": { "texture": "#squire-belt", "uv": [ 0.0, 0.0, 1.5, 1.5 ], "autoUv": false },
						"up": { "texture": "#squire-belt", "uv": [ 0.0, 0.0, 0.5, 1.5 ], "autoUv": false },
						"down": { "texture": "#squire-belt", "uv": [ 1.0, 0.0, 1.5, 1.5 ], "autoUv": false }
					}
				},
				{
					"name": "plate15",
					"from": [ 2.7, -0.375, 4.725 ],
					"to": [ 3.075, 0.75, 5.85 ],
					"rotationOrigin": [ 2.7, 0.225, 5.325 ],
					"rotationY": 90.0,
					"faces": {
						"north": { "texture": "#squire-belt", "uv": [ 0.5, 0.0, 1.0, 1.5 ], "autoUv": false },
						"south": { "texture": "#squire-belt", "uv": [ 3.5, 0.0, 4.0, 1.5 ], "autoUv": false },
						"west": { "texture": "#squire-belt", "uv": [ 0.0, 0.0, 1.5, 1.5 ], "autoUv": false },
						"up": { "texture": "#squire-belt", "uv": [ 0.0, 0.0, 0.5, 1.5 ], "autoUv": false },
						"down": { "texture": "#squire-belt", "uv": [ 1.0, 0.0, 1.5, 1.5 ], "autoUv": false }
					}
				},
				{
					"name": "dagger-sheathe",
					"from": [ 2.25, -2.7, 5.25 ],
					"to": [ 3.375, -0.075, 5.625 ],
					"rotationOrigin": [ 2.8125, 0.0, 5.25 ],
					"rotationY": 15.0,
					"rotationZ": 22.5,
					"faces": {
						"north": { "texture": "#squire-belt", "uv": [ 6.5, 1.5, 8.0, 5.0 ], "autoUv": false },
						"east": { "texture": "#squire-belt", "uv": [ 7.5, 1.5, 8.0, 5.0 ], "autoUv": false },
						"south": { "texture": "#squire-belt", "uv": [ 6.5, 1.5, 8.0, 5.0 ], "autoUv": false },
						"west": { "texture": "#squire-belt", "uv": [ 6.5, 1.5, 7.0, 5.0 ], "autoUv": false },
						"down": { "texture": "#squire-belt", "uv": [ 6.5, 3.0, 8.0, 3.5 ], "autoUv": false }
					},
					"children": [
						{
							"name": "sheathe-tip",
							"from": [ 0.1875, -1.125, 0.0 ],
							"to": [ 0.9375, 0.0, 0.375 ],
							"rotationOrigin": [ 0.15, -1.125, 0.0 ],
							"faces": {
								"north": { "texture": "#squire-belt", "uv": [ 6.5, 3.5, 7.5, 5.0 ], "autoUv": false },
								"east": { "texture": "#squire-belt", "uv": [ 7.0, 2.5, 7.5, 4.0 ], "autoUv": false },
								"south": { "texture": "#squire-belt", "uv": [ 6.5, 2.0, 7.5, 3.5 ], "autoUv": false },
								"west": { "texture": "#squire-belt", "uv": [ 6.5, 3.0, 7.0, 4.5 ], "autoUv": false },
								"down": { "texture": "#squire-belt", "uv": [ 6.5, 3.5, 7.5, 4.0 ], "autoUv": false }
							}
						},
						{
							"name": "dagger-hilt",
							"from": [ -0.375, 2.625, 0.0 ],
							"to": [ 1.5, 3.0, 0.45 ],
							"rotationOrigin": [ 0.0, 2.625, 0.0 ],
							"faces": {
								"north": { "texture": "#squire-belt", "uv": [ 7.0, 5.5, 7.5, 8.0 ], "rotation": 90, "autoUv": false },
								"east": { "texture": "#squire-belt", "uv": [ 7.0, 6.5, 7.5, 7.0 ], "autoUv": false },
								"south": { "texture": "#squire-belt", "uv": [ 7.5, 5.5, 8.0, 8.0 ], "rotation": 90, "autoUv": false },
								"west": { "texture": "#squire-belt", "uv": [ 7.0, 6.5, 7.5, 7.0 ], "autoUv": false },
								"up": { "texture": "#squire-belt", "uv": [ 7.0, 5.5, 7.5, 8.0 ], "rotation": 90, "autoUv": false },
								"down": { "texture": "#squire-belt", "uv": [ 7.5, 5.5, 8.0, 8.0 ], "rotation": 90, "autoUv": false }
							}
						},
						{
							"name": "dagger-handle",
							"from": [ 0.375, 3.0, 0.0 ],
							"to": [ 0.75, 4.5, 0.375 ],
							"rotationOrigin": [ 0.375, 3.0, 0.0 ],
							"faces": {
								"north": { "texture": "#squire-belt", "uv": [ 7.5, 2.5, 8.0, 4.5 ], "autoUv": false },
								"east": { "texture": "#squire-belt", "uv": [ 7.0, 3.0, 7.5, 5.0 ], "autoUv": false },
								"south": { "texture": "#squire-belt", "uv": [ 7.0, 3.0, 7.5, 5.0 ], "autoUv": false },
								"west": { "texture": "#squire-belt", "uv": [ 7.0, 2.5, 7.5, 4.5 ], "autoUv": false }
							}
						},
						{
							"name": "dagger-pommel",
							"from": [ 0.3, 4.5, -0.075 ],
							"to": [ 0.825, 4.95, 0.45 ],
							"rotationOrigin": [ 0.3, 4.5, -0.075 ],
							"faces": {
								"north": { "texture": "#squire-belt", "uv": [ 1.5, 0.5, 2.0, 1.0 ], "autoUv": false },
								"east": { "texture": "#squire-belt", "uv": [ 1.5, 1.0, 2.0, 1.5 ], "autoUv": false },
								"south": { "texture": "#squire-belt", "uv": [ 2.5, 1.5, 3.0, 2.0 ], "autoUv": false },
								"west": { "texture": "#squire-belt", "uv": [ 1.5, 0.5, 2.0, 1.0 ], "autoUv": false },
								"up": { "texture": "#squire-belt", "uv": [ 2.0, 2.0, 2.5, 2.5 ], "autoUv": false },
								"down": { "texture": "#squire-belt", "uv": [ 1.0, 0.0, 1.5, 0.5 ], "autoUv": false }
							}
						}
					]
				}
			]
		}
	]}