﻿[

	{
		Ingredients: [
			{
			type: "item",
				code: "waterportion",
				quantity: 50
			},
			{
				type: "item",
				code: "cannibalism:agedmeat-*-cut",
				quantity: 1,
				"name": "meat",
			}
		],
		Simmering: {
			meltingPoint: 200,
			meltingDuration: 110,
			smeltedRatio: 1,
			smeltingType: "bake",
			smeltedStack: {
				type: "item",
				code: "cannibalism:agedmeat-{meat}-tender",
				"quantity":  1
			},
			requiresContainer: false
		}
	},
	{
		Ingredients: [
			{
			type: "item",
				code: "waterportion",
				quantity: 50
			},
			{
				type: "item",
				code: "cannibalism:agedmeat-*-tenderpartbaked",
				quantity: 1,
				"name": "meat",
			}
		],
		Simmering: {
			meltingPoint: 200,
			meltingDuration: 110,
			smeltedRatio: 1,
			smeltingType: "bake",
			smeltedStack: {
				type: "item",
				code: "cannibalism:agedmeat-{meat}-tender",
				"quantity":  1
			},
			requiresContainer: false
		}
	},
	{
		Ingredients: [
			{
			type: "item",
				code: "waterportion",
				quantity: 50
			},
			{
				type: "item",
				code: "cannibalism:agedmeat-*-raw",
				quantity: 1,
				"name": "meat",
			}
		],
		Simmering: {
			meltingPoint: 200,
			meltingDuration: 110,
			smeltedRatio: 1,
			smeltingType: "bake",
			smeltedStack: {
				type: "item",
				code: "cannibalism:agedmeat-{meat}-meatball",
				"quantity":  1
			},
			requiresContainer: false
		}
	},
	{
		Ingredients: [
			{
			type: "item",
				code: "waterportion",
				quantity: 50
			},
			{
				type: "item",
				code: "cannibalism:agedmeat-*-meatballpartbaked",
				quantity: 1,
				"name": "meat",
			}
		],
		Simmering: {
			meltingPoint: 200,
			meltingDuration: 110,
			smeltedRatio: 1,
			smeltingType: "bake",
			smeltedStack: {
				type: "item",
				code: "cannibalism:agedmeat-{meat}-meatball",
				"quantity":  1
			},
			requiresContainer: false
		}
	},

]