﻿[
	{
		Ingredients: [
			{
			type: "item",
				code: "waterportion",
				quantity: 50
			},
			{
				type: "item",
				code: "cannibalism:sausage-*-raw",
				quantity: 1,
				"name": "meat"
			}
		],
		Simmering: {
			meltingPoint: 200,
			meltingDuration: 110,
			smeltedRatio: 1,
			smeltingType: "bake",
			smeltedStack: {
				type: "item",
				code: "cannibalism:sausage-{meat}-cooked",
				"quantity":  1
			},
			requiresContainer: false
		}
	},
	{
		Ingredients: [
			{
			type: "item",
				code: "waterportion",
				quantity: 50
			},
			{
				type: "item",
				code: "cannibalism:sausage-*-partbaked",
				quantity: 1,
				"name": "meat"
			}
		],
		Simmering: {
			meltingPoint: 200,
			meltingDuration: 110,
			smeltedRatio: 1,
			smeltingType: "bake",
			smeltedStack: {
				type: "item",
				code: "cannibalism:sausage-{meat}-cooked",
				"quantity":  1
			},
			requiresContainer: false
		}
	},
	{
		Ingredients: [
			{
			type: "item",
				code: "waterportion",
				quantity: 50
			},
			{
				type: "item",
				code: "cannibalism:sausage-*-dried",
				quantity: 1,
				"name": "meat"
			}
		],
		Simmering: {
			meltingPoint: 200,
			meltingDuration: 110,
			smeltedRatio: 1,
			smeltingType: "bake",
			smeltedStack: {
				type: "item",
				code: "cannibalism:sausage-{meat}-driedcooked",
				"quantity":  1
			},
			requiresContainer: false
		}
	},
	{
		Ingredients: [
			{
			type: "item",
				code: "waterportion",
				quantity: 50
			},
			{
				type: "item",
				code: "cannibalism:sausage-*-driedpartbaked",
				quantity: 1,
				"name": "meat"
			}
		],
		Simmering: {
			meltingPoint: 200,
			meltingDuration: 110,
			smeltedRatio: 1,
			smeltingType: "bake",
			smeltedStack: {
				type: "item",
				code: "cannibalism:sausage-{meat}-driedcooked",
				"quantity":  1
			},
			requiresContainer: false
		}
	},
]