﻿[
{
  Ingredients: [
    {
      type: "item",
      code: "waterportion",
      quantity: 100
    },
    {
      type: "item",
      code: "cannibalism:palemeat-partbaked",
      quantity: 1
    }
  ],
  Simmering: {
    meltingPoint: 200,
    meltingDuration: 110,
    smeltedRatio: 1,
    smeltingType: "bake",
    smeltedStack: {
      type: "item",
      code: "expandedfoods:brothportion-meat",
      "quantity":  50
    },
    requiresContainer: false
  }
},
{
  Ingredients: [
    {
      type: "item",
      code: "waterportion",
      quantity: 100
    },
    {
      type: "item",
      code: "cannibalism:meatnugget-*-cookedpartbaked",
      quantity: 1
    }
  ],
  Simmering: {
    meltingPoint: 200,
    meltingDuration: 110,
    smeltedRatio: 1,
    smeltingType: "bake",
    smeltedStack: {
      type: "item",
      code: "expandedfoods:brothportion-meat",
      "quantity":  50
    },
    requiresContainer: false
  }
},
{
  Ingredients: [
    {
      type: "item",
      code: "waterportion",
      quantity: 100
    },
    {
      type: "item",
      code: "cannibalism:meatnugget-*-tenderpartbaked",
      quantity: 1
    }
  ],
  Simmering: {
    meltingPoint: 200,
    meltingDuration: 110,
    smeltedRatio: 1,
    smeltingType: "bake",
    smeltedStack: {
      type: "item",
      code: "expandedfoods:brothportion-meat",
      "quantity":  50
    },
    requiresContainer: false
  }
},
{
  Ingredients: [
    {
      type: "item",
      code: "waterportion",
      quantity: 100
    },
    {
      type: "item",
      code: "cannibalism:agedmeat-*-tenderpartbaked",
      quantity: 1
    }
  ],
  Simmering: {
    meltingPoint: 200,
    meltingDuration: 110,
    smeltedRatio: 1,
    smeltingType: "bake",
    smeltedStack: {
      type: "item",
      code: "expandedfoods:brothportion-meat",
      "quantity":  50
    },
    requiresContainer: false
  }
},
{
  Ingredients: [
    {
      type: "item",
      code: "waterportion",
      quantity: 100
    },
    {
      type: "item",
      code: "cannibalism:agedmeat-*-meatballpartbaked",
      quantity: 1
    }
  ],
  Simmering: {
    meltingPoint: 200,
    meltingDuration: 110,
    smeltedRatio: 1,
    smeltingType: "bake",
    smeltedStack: {
      type: "item",
      code: "expandedfoods:brothportion-meat",
      "quantity":  50
    },
    requiresContainer: false
  }
},
]