[
  {
    "side": "Server",
    "dependsOn": [{ "modid": "combatoverhaul" }],
    "file": "chelonioidea:entities/water/chelonioidea-adult",
    "op": "add",
    "path": "/client/behaviors/-",
    "value": {
      "code": "CombatOverhaul:EntityColliders",
      "elementsByType": {
        "*": {
          "Torso": ["Shell Base"],
          "Head": ["Head", "Nose"],
          "Arm": ["LFlipper1","LFlipper2","LFlipper3","LFlipper4","LFlipper5","RFlipper1","RFlipper2","RFlipper3","RFlipper4","RFlipper5"],
          "Leg": ["LBFlipper1", "LBFlipper2", "LBFlipper3", "RBFlipper1", "RBFlipper2", "RBFlipper3"],
          "Critical": ["Neck1","Neck2"],
          "Resistant": []
        }
      }
    }
  },
  {
    "side": "Server",
    "dependsOn": [{ "modid": "combatoverhaul" }],
    "file": "chelonioidea:entities/water/chelonioidea-adult",
    "op": "add",
    "path": "/server/behaviors/-",
    "value": {
      "code": "CombatOverhaul:EntityColliders",
      "elementsByType": {
        "*": {
          "Torso": ["Shell Base"],
          "Head": ["Head", "Nose"],
          "Arm": ["LFlipper1","LFlipper2","LFlipper3","LFlipper4","LFlipper5","RFlipper1","RFlipper2","RFlipper3","RFlipper4","RFlipper5"],
          "Leg": ["LBFlipper1", "LBFlipper2", "LBFlipper3", "RBFlipper1", "RBFlipper2", "RBFlipper3"],
          "Critical": ["Neck1","Neck2"],
          "Resistant": []
        }
      }
    }
  },
  {
    "side": "Server",
    "dependsOn": [{ "modid": "combatoverhaul" }],
    "file": "chelonioidea:entities/water/chelonioidea-adult",
    "op": "add",
    "path": "/server/behaviors/-",
    "value": {
      "code": "CombatOverhaul:EntityDamageModel",
      "damageModel": {
        "TorsoDamageMultiplier": 0.1,
        "LimbsDamageMultiplier": 0.75,
        "HeadDamageMultiplier": 1.5,
        "CriticalDamageMultiplier": 2,
        "DefaultResists": {"BluntAttack": 0, "SlashingAttack": 0, "PiercingAttack": 0}
      }
    }
  },
  {
    "side": "Server",
    "dependsOn": [{ "modid": "combatoverhaul" }],
    "file": "chelonioidea:entities/water/chelonioidea-adult",
    "op": "add",
    "path": "/client/behaviors/-",
    "value": {
      "code": "CombatOverhaul:EntityDamageModel",
      "damageModel": {
        "TorsoDamageMultiplier": 0.1,
        "LimbsDamageMultiplier": 0.75,
        "HeadDamageMultiplier": 1.5,
        "CriticalDamageMultiplier": 2,
        "DefaultResists": {"BluntAttack": 0, "SlashingAttack": 0, "PiercingAttack": 0}
      }
    }
  },
  {
    "side": "Server",
    "dependsOn": [{ "modid": "combatoverhaul" }],
    "file": "chelonioidea:entities/water/chelonioidea-baby",
    "op": "add",
    "path": "/client/behaviors/-",
    "value": {
      "code": "CombatOverhaul:EntityColliders",
      "elementsByType": {
        "*": {
          "Torso": ["Shell Base"],
          "Head": ["Head", "Nose"],
          "Arm": ["LFlipper1","LFlipper2","LFlipper3","LFlipper4","LFlipper5","RFlipper1","RFlipper2","RFlipper3","RFlipper4","RFlipper5"],
          "Leg": ["LBFlipper1", "LBFlipper2", "LBFlipper3", "RBFlipper1", "RBFlipper2", "RBFlipper3"],
          "Critical": ["Neck1","Neck2"],
          "Resistant": []
        }
      }
    }
  },
  {
    "side": "Server",
    "dependsOn": [{ "modid": "combatoverhaul" }],
    "file": "chelonioidea:entities/water/chelonioidea-baby",
    "op": "add",
    "path": "/server/behaviors/-",
    "value": {
      "code": "CombatOverhaul:EntityColliders",
      "elementsByType": {
        "*": {
          "Torso": ["Shell Base"],
          "Head": ["Head", "Nose"],
          "Arm": ["LFlipper1","LFlipper2","LFlipper3","LFlipper4","LFlipper5","RFlipper1","RFlipper2","RFlipper3","RFlipper4","RFlipper5"],
          "Leg": ["LBFlipper1", "LBFlipper2", "LBFlipper3", "RBFlipper1", "RBFlipper2", "RBFlipper3"],
          "Critical": ["Neck1","Neck2"],
          "Resistant": []
        }
      }
    }
  },
  {
    "side": "Server",
    "dependsOn": [{ "modid": "combatoverhaul" }],
    "file": "chelonioidea:entities/water/chelonioidea-baby",
    "op": "add",
    "path": "/server/behaviors/-",
    "value": {
      "code": "CombatOverhaul:EntityDamageModel",
      "damageModel": {
        "TorsoDamageMultiplier": 0.5,
        "LimbsDamageMultiplier": 0.75,
        "HeadDamageMultiplier": 1.5,
        "CriticalDamageMultiplier": 2,
        "DefaultResists": {"BluntAttack": 0, "SlashingAttack": 0, "PiercingAttack": 0}
      }
    }
  },
  {
    "side": "Server",
    "dependsOn": [{ "modid": "combatoverhaul" }],
    "file": "chelonioidea:entities/water/chelonioidea-baby",
    "op": "add",
    "path": "/client/behaviors/-",
    "value": {
      "code": "CombatOverhaul:EntityDamageModel",
      "damageModel": {
        "TorsoDamageMultiplier": 0.5,
        "LimbsDamageMultiplier": 0.75,
        "HeadDamageMultiplier": 1.5,
        "CriticalDamageMultiplier": 2,
        "DefaultResists": {"BluntAttack": 0, "SlashingAttack": 0, "PiercingAttack": 0}
      }
    }
  }
]