[
	{"code": "commoner",
		"traits": [],
		"gear": [
			{ "type": "item", "code": "clothes-upperbody-commoner-shirt" },
			{ "type": "item", "code": "clothes-upperbodyover-commoner-coat" },
			{ "type": "item", "code": "clothes-lowerbody-commoner-trousers" },
			{ "type": "item", "code": "clothes-foot-commoner-boots" },
			{ "type": "item", "code": "clothes-hand-commoner-gloves" }
		]
	},
	{"code": "hunter",
		"traits": ["bowyer", "hunter", "deadshot", "deadeye", "thinskinned", "pressured"],
		"gear": [
			{ "type": "item", "code": "clothes-upperbody-hunter-shirt" },
			{ "type": "item", "code": "clothes-upperbodyover-hunter-coat" },
			{ "type": "item", "code": "clothes-lowerbody-hunter-leggings" },
			{ "type": "item", "code": "clothes-foot-hunter-boots" },
			{ "type": "item", "code": "clothes-face-hunter-mask" },
			{ "type": "item", "code": "clothes-hand-hunter-gloves" }
		]
	},
	{"code": "malefactor",
		"traits": ["instigator", "hushfoot", "looter", "mangled", "claustrophobia"],
		"gear": [
			{ "type": "item", "code": "clothes-upperbody-malefactor-shirt" },
			{ "type": "item", "code": "clothes-upperbodyover-malefactor-tunic" },
			{ "type": "item", "code": "clothes-lowerbody-malefactor-trousers" },
			{ "type": "item", "code": "clothes-foot-malefactor-boots" },
			{ "type": "item", "code": "clothes-face-malefactor-mask" },
			{ "type": "item", "code": "clothes-hand-malefactor-gloves" },
			{ "type": "item", "code": "clothes-waist-malefactor-sash" }
		]
	},
	{"code": "clockmaker",
		"traits": ["tinkerer", "carpenter", "gearhead", "scrapper", "paranoid", "gentle"],
		"gear": [
			{ "type": "item", "code": "clothes-face-glasses-clockmaker" },
			{ "type": "item", "code": "clothes-shoulder-clockmaker-apron" },
			{ "type": "item", "code": "clothes-upperbody-clockmaker-shirt" },
			{ "type": "item", "code": "clothes-upperbodyover-clockmaker-tunic" },
			{ "type": "item", "code": "clothes-lowerbody-clockmaker-pants" },
			{ "type": "item", "code": "clothes-foot-clockmaker-shoes" },
			{ "type": "item", "code": "clothes-waist-clockmaker-belt" }
		]
	},
	{"code": "mercenary",
		"traits": ["mercenary", "hardened", "ironclad", "ruiner", "impatient"],
		"gear": [
			{ "type": "item", "code": "clothes-upperbody-blackguard-shirt" },
			{ "type": "item", "code": "clothes-lowerbody-blackguard-leggings" },
			{ "type": "item", "code": "clothes-foot-blackguard-shoes" },
			{ "type": "item", "code": "clothes-emblem-blackguard-pin" },
			{ "type": "item", "code": "clothes-waist-blackguard-belt" }
		]
	},
	{"code": "farmer",
		"traits": [ "greenthumb", "reaper", "collector", "exhausted"],
		"gear": [
			{ "type": "item", "code": "clothes-head-straw-hat" },
			{ "type": "item", "code": "clothes-upperbody-commoner-shirt" },
			{ "type": "item", "code": "clothes-lowerbody-workmans-gown" },
			{ "type": "item", "code": "clothes-foot-worn-leather-boots" },
			{ "type": "item", "code": "clothes-hand-heavy-leather-gloves" },
			{ "type": "item", "code": "clothes-waist-linen-rope" }
		]
	},
	{"code": "lumberjack",
		"traits": ["woodworker", "carpenter", "bushwooly", "strongarm", "chipper", "lumbering"],
		"gear": [
			{ "type": "item", "code": "clothes-upperbody-marketeer" },
			{ "type": "item", "code": "clothes-lowerbody-commoner-trousers" },
			{ "type": "item", "code": "clothes-foot-metalcap-boots" },
			{ "type": "item", "code": "clothes-neck-acorn-amulet" },
			{ "type": "item", "code": "clothes-hand-hunter-gloves" },
			{ "type": "item", "code": "clothes-waist-peasant-strap" }
		]
	},
	{"code": "blacksmith",
		"traits": ["smith", "burly"],
		"gear": [
			{ "type": "item", "code": "clothes-shoulder-blacksmith-apron" },
			{ "type": "item", "code": "clothes-upperbodyover-clockmaker-tunic" },
			{ "type": "item", "code": "clothes-lowerbody-raw-hide-trousers" },
			{ "type": "item", "code": "clothes-foot-soldier-boots" },
			{ "type": "item", "code": "clothes-hand-heavy-leather-gloves" },
			{ "type": "item", "code": "clothes-arm-leather-bracers" }
		]
	},
	{"code": "tailor",
		"traits": ["tailor", "clothier", "mender", "fasting", "frail"],
		"gear": [
			{ "type": "item", "code": "clothes-upperbody-shepherd-tunic" },
			{ "type": "item", "code": "clothes-lowerbody-shepherd-pants" },
			{ "type": "item", "code": "clothes-foot-scribe" },
			{ "type": "item", "code": "clothes-hand-tailor-gloves" },
			{ "type": "item", "code": "clothes-waist-tailor-belt" },
			{ "type": "item", "code": "clothes-arm-tailor-needlepuff" }
		]
	},
	{"code": "stonemason",
		"traits": ["mason", "collier", "rucker", "blacklung"],
		"gear": [
			{ "type": "item", "code": "clothes-upperbody-linen-tunic" },
			{ "type": "item", "code": "clothes-lowerbody-workmans-gown" },
			{ "type": "item", "code": "clothes-foot-survivor" },
			{ "type": "item", "code": "clothes-hand-malefactor-gloves" },
			{ "type": "item", "code": "clothes-waist-sturdy-belt" },
			{ "type": "item", "code": "clothes-upperbodyover-travelers-earthrobe" }
		]
	},
	{"code": "alchemist",
	"traits": ["alchemist", "naturalist", "abstinent", "weak"],
	"gear": [
		{ "type": "item", "code": "clothes-head-roll-hat" },
		{ "type": "item", "code": "clothes-upperbody-azure-embroidered-shirt" },
		{ "type": "item", "code": "clothes-upperbodyover-cobalt-mantle" },
		{ "type": "item", "code": "clothes-lowerbody-minstrel-pants" },
		{ "type": "item", "code": "clothes-foot-alchemist" },
		{ "type": "item", "code": "clothes-neck-fancy-cross" },
		{ "type": "item", "code": "clothes-face-glasses" },
		{ "type": "item", "code": "clothes-arm-bronze-armlet" },
		{ "type": "item", "code": "clothes-waist-alchemist" }
	]
	},
	{"code": "olympian",
	"traits": ["olympian", "spearman", "artillary", "perfectionist", "intensive", "restrained"],
	"gear": [
		{ "type": "item", "code": "clothes-nadiya-lowerbody-peasant-skirt3" },
		{ "type": "item", "code": "clothes-head-noble-fillet" },
		{ "type": "item", "code": "clothes-nadiya-neck-feather-amulet" }
	]
	},
	{"code": "defector",
	"traits": ["stolenschematics", "defector", "scavenger", "sneaky", "stressed", "unwell"],
	"gear": [
		{ "type": "item", "code": "clothes-emblem-squire-emblem" },
		{ "type": "item", "code": "clothes-head-squire-hood" },
		{ "type": "item", "code": "clothes-lowerbody-squire-pants" },
		{ "type": "item", "code": "clothes-shoulder-woolen-scarf" },
		{ "type": "item", "code": "clothes-upperbody-commoner-shirt" },
		{ "type": "item", "code": "clothes-upperbodyover-malefactor-tunic" },
		{ "type": "item", "code": "clothes-foot-worn-leather-boots" },
		{ "type": "item", "code": "clothes-hand-commoner-gloves" },
		{ "type": "item", "code": "clothes-face-survivor" },
		{ "type": "item", "code": "clothes-emblem-squire-emblem" },
	]
	},
	{"code": "recreant",
	"traits": ["bushcrafter", "recreant", "adaptable", "ill", "gangly", "shackled"],
	"gear": [
		{ "type": "item", "code": "clothes-shoulder-survivor" },
		{ "type": "item", "code": "clothes-lowerbody-dirty-linen-trousers" },
		{ "type": "item", "code": "clothes-foot-rusty-ankle-manacles" },
		{ "type": "item", "code": "clothes-neck-marketeer" },
		{ "type": "item", "code": "clothes-hand-survivor" },
		{ "type": "item", "code": "clothes-waist-jambiya-belt" }
	]
	},
	{"code": "doctor",
	"traits": ["doctor", "plaguemedic", "aged"],
	"gear": [
		{ "type": "item", "code": "clothes-face-crow" },
		{ "type": "item", "code": "clothes-upperbodyover-forgotten" },
		{ "type": "item", "code": "clothes-hand-malefactor-gloves" },
		{ "type": "item", "code": "clothes-lowerbody-surgeon" },
		{ "type": "item", "code": "clothes-foot-tigh-high-boots" }
	]
	},
	{"code": "gourmet",
	"traits": ["gourmet", "butcher", "satisfied", "mechanophobia", "slothful"],
	"gear": [
		{ "type": "item", "code": "agiclasses:clothes-head-toqueneat" },
		{ "type": "item", "code": "clothes-upperbody-pastoral-shirt" },
		{ "type": "item", "code": "clothes-upperbodyover-surgeon" },
		{ "type": "item", "code": "clothes-lowerbody-workmans-gown" },
		{ "type": "item", "code": "clothes-foot-worn-leather-boots" },
		{ "type": "item", "code": "clothes-face-glasses" }
	]
	},
	{"code": "cultist",
	"traits": ["guileful", "unterkin", "rustborn", "bellicose", "effete", "heliophobia"],
	"gear": [
		{ "type": "item", "code": "agiclasses:clothes-face-mask-preist" },
		{ "type": "item", "code": "agiclasses:clothes-upperbodyover-devotee-coat" },
		{ "type": "item", "code": "agiclasses:clothes-lowerbody-devotee-leggings" }
	]
	},
]