[
	//
	{"code": "merciless",	"type": "positive",	"attributes": {}},
	{"code": "thrifty",	"type": "positive",	"attributes": {}},
	{"code": "carpenter", "type": "positive", "attributes": {} },
	{"code": "stolenschematics",	"type": "positive",	"attributes": {}},

	//Hunter//
	{"code": "bowyer",	"type": "positive",	"attributes": {}},
	{"code": "deadshot", "type": "positive", "attributes": {"rangedWeaponsSpeed": 0.8, "bowDrawingStrength": 0.4 }},
	{"code": "deadeye", "type": "positive", "attributes": {"rangedWeaponsDamage": 0.4, "rangedWeaponsAcc": 0.8 }},
	{"code": "hunter", "type": "positive", "attributes": {"animalSeekingRange": -0.75, "walkspeed": 0.15 }},
	{"code": "thinskinned", "type": "negative", "attributes": {"maxhealthExtraPoints": -5 }},
	{"code": "pressured", "type": "negative", "attributes": {"hungerrate": 0.3 }},

	//Malefactor//
	{"code": "instigator", "type": "positive", "attributes": {"meleeWeaponsDamage": 0.3, "healingeffectivness": 0.25 }},
	{"code": "hushfoot", "type": "positive", "attributes": {"animalSeekingRange": -0.15, "walkspeed": 0.1 }},
	{"code": "looter", "type": "positive", "attributes": {	"vesselContentsDropRate": 0.35, "wholeVesselLootChance": 0.25 }},
	{"code": "mangled", "type": "negative", "attributes": {"maxhealthExtraPoints": -3, "hungerrate": 0.2 }},
	{"code": "claustrophobia", "type": "negative", "attributes": {"oreDropRate": -0.2, "miningSpeedMul": -0.05 }},

	//Clockmaker//
	{"code": "tinkerer", "type": "positive", "attributes": {}},
	{"code": "gearhead", "type": "positive", "attributes": {"temporalGearTLRepairCost": -2, "mechanicalsDamageMul": 1.5 }},
	{"code": "scrapper", "type": "positive", "attributes": {"rustyGearDropRate": 2, "temporalGearDropRate": 2 }},
	{"code": "paranoid", "type": "negative", "attributes": {"maxhealthExtraPoints": -8, "healingeffectivness": -0.25 }},
	{"code": "gentle", "type": "negative", "attributes": {"meleeWeaponsDamage": -0.2, "animalLootDropRate": -0.3 }},

	//Mercenary//
	{"code": "mercenary",	"type": "positive",	"attributes": {}},
	{"code": "hardened", "type": "positive", "attributes": {"rangedWeaponsDamage": 0.2, "meleeWeaponsDamage": 0.45 }},
	{"code": "ironclad", "type": "positive", "attributes": {"armorWalkSpeedAffectedness":-0.5, "armorDurabilityLoss": -0.5 }},
	{"code": "ruiner", "type": "negative", "attributes": {"rustyGearDropRate": -0.4, "temporalGearDropRate": -0.5 }},
	{"code": "impatient", "type": "negative", "attributes": {"oreDropRate": -0.2, "animalLootDropRate": -0.3 }},

	//Farmer//
	{"code": "greenthumb",	"type": "positive",	"attributes": {}},
	{"code": "reaper", "type": "positive", "attributes": {"produceDropRate": 0.6, "animalLootDropRate": 0.4 }},
	{"code": "collector", "type": "positive", "attributes": {"wildCropDropRate": 0.25, "forageDropRate": 0.25 }},
	{"code": "exhausted", "type": "negative", "attributes": {"hungerrate": 0.2, "rangedWeaponsSpeed": -0.3 }},

	//Lumberjack//
	{"code": "woodworker",	"type": "positive",	"attributes": {}},
	{"code": "strongarm", "type": "positive", "attributes": {"meleeWeaponsDamage": 0.3, "rangedWeaponsSpeed": 0.3 }},
	{"code": "chipper", "type": "positive", "attributes": {"maxhealthExtraPoints": 6, "hungerrate": -0.2 }},
	{"code": "bushwooly", "type": "positive", "attributes": {"wildCropDropRate": 0.3, "forageDropRate": 0.3 }},
	{"code": "lumbering", "type": "negative", "attributes": {"animalSeekingRange": 0.8, "armorWalkSpeedAffectedness": 0.3 }},

	//Blacksmith//
	{"code": "smith", "type": "positive", "attributes": {} },
	{"code": "burly", "type": "positive", "attributes": {"meleeWeaponsDamage": 0.2, "armorWalkSpeedAffectedness": -0.85 }},

	//Tailor//
	{"code": "tailor","type": "positive",	"attributes": {}},
	{"code": "clothier","type": "positive",	"attributes": {}},
	{"code": "mender", "type": "positive", "attributes": {"armorDurabilityLoss": -0.75, "healingeffectivness": 0.25 }},
	{"code": "fasting", "type": "positive", "attributes": {"hungerrate": -0.25 }},
	{"code": "frail", "type": "negative", "attributes": {"maxhealthExtraPoints": -3 }},

	//Stonemason//
	{"code": "mason", "type": "positive", "attributes": {} },
	{"code": "collier", "type": "positive", "attributes": {"oreDropRate": 0.4, "miningSpeedMul": 1.5 }},
	{"code": "rucker", "type": "positive", "attributes": {"armorWalkSpeedAffectedness": -1 }},
	{"code": "blacklung", "type": "negative", "attributes": {"maxhealthExtraPoints": -5, "walkspeed": -0.15 }},

	//Alchemist//
	{"code": "alchemist", "type": "positive", "attributes": {"wildCropDropRate": 1.25, "forageDropRate": 1.25 }},
	{"code": "naturalist", "type": "positive", "attributes": {"animalSeekingRange": -0.85, "walkspeed": 0.15 }},
	{"code": "abstinent", "type": "positive", "attributes": {"hungerrate": -0.25, "meleeWeaponsDamage": -0.5 }},
	{"code": "weak", "type": "negative", "attributes": {"rangedWeaponsSpeed": -0.2, "rangedWeaponsAcc": -0.2 }},

	//Olympian//
	{"code": "olympian", "type": "positive", "attributes": {"maxhealthExtraPoints": 8, "healingeffectivness": 0.3 }},
	{"code": "spearman", "type": "positive", "attributes": {"meleeWeaponsDamage": 0.2, "rangedWeaponsDamage": 3 }},
	{"code": "artillary", "type": "positive", "attributes": {"bowDrawingStrength": 0.5 }},
	{"code": "perfectionist", "type": "negative", "attributes": {"rangedWeaponsAcc": 1, "rangedWeaponsSpeed": -0.8 }},
	{"code": "intensive", "type": "negative", "attributes": {"hungerrate": 0.5}},
	{"code": "restrained", "type": "negative", "attributes": {"armorWalkSpeedAffectedness": 1.25}},

	//Defector//
	{"code": "stolenschematics", "type": "positive", "attributes": {}},
	{"code": "defector", "type": "positive", "attributes": {"vesselContentsDropRate": 1, "wholeVesselLootChance": 0.25 }},
	{"code": "scavenger", "type": "positive", "attributes": {"rustyGearDropRate": 0.1, "temporalGearDropRate": 0.1 }},
	{"code": "sneaky", "type": "positive", "attributes": {"walkspeed": 0.1, "animalSeekingRange": -0.4 }},
	{"code": "stressed", "type": "negative", "attributes": {"hungerrate": 0.25, "healingeffectivness": -0.5}},
	{"code": "unwell", "type": "negative", "attributes": {"maxhealthExtraPoints": -2}},

	//Recreant//
	{"code": "bushcrafter",	"type": "positive",	"attributes": {}},
	{"code": "recreant", "type": "positive", "attributes": {"walkspeed": 0.4, "hungerrate": -0.4 }},
	{"code": "adaptable", "type": "positive", "attributes": {"healingeffectivness": 1, "vesselContentsDropRate": 0.4 }},
	{"code": "ill", "type": "negative", "attributes": {"maxhealthExtraPoints": -8}},
	{"code": "gangly", "type": "negative", "attributes": {"rangedWeaponsAcc": -0.5, "meleeWeaponsDamage": -0.4}},
	{"code": "shackled", "type": "negative", "attributes": {"armorWalkSpeedAffectedness": 1.5}},

	//Doctor//
	{"code": "doctor", "type": "positive", "attributes": {"healingeffectivness": 3, "forageDropRate": 0.3 }},
	{"code": "plaguemedic", "type": "positive", "attributes": {"animalLootDropRate": 0.3 }},
	{"code": "aged", "type": "negative", "attributes": {"maxhealthExtraPoints": -4, "armorWalkSpeedAffectedness": 0.2}},

	//Gourmet//
	{"code": "gourmet", "type": "positive", "attributes": {"produceDropRate": 0.3, "forageDropRate": 0.4 }},
	{"code": "butcher", "type": "positive", "attributes": {"animalLootDropRate": 0.5, "meleeWeaponsDamage": 0.2 }},
	{"code": "satisfied", "type": "positive", "attributes": {"hungerrate": -0.15, "maxhealthExtraPoints": 8 }},
	{"code": "mechanophobia", "type": "negative", "attributes": {"rustyGearDropRate": -0.3, "mechanicalsDamageMul": -0.75 }},
	{"code": "slothful", "type": "negative", "attributes": {"woodDropRate": -0.15, "oreDropRate": -0.15 }},

	//Cultist//
	{"code": "guileful", "type": "positive", "attributes": {}},
	{"code": "unterkin", "type": "positive", "attributes": {"miningSpeedMul": 2, "oreDropRate": 0.2 }},
	{"code": "rustborn", "type": "positive", "attributes": {"rustyGearDropRate": 1, "temporalGearDropRate": 1 }},
	{"code": "bellicose", "type": "positive", "attributes": {"armorWalkSpeedAffectedness": -0.8, "meleeWeaponsDamage": 0.85 }},
	{"code": "effete", "type": "negative", "attributes": {"healingeffectivness": -1, "animalLootDropRate": -0.75 }},
	{"code": "heliophobia", "type": "negative", "attributes": {"wildCropDropRate": -0.5, "forageDropRate": -0.5 }}

]