{
	"code": "fa-gothic-body",
	"class": "ItemWearable",
	"heldTpIdleAnimation": "holdunderarm",
	"variantgroups": [
		{ "code": "metalbody",  "states": ["iron", "meteoriciron", "steel"]},
		{ "code": "textile",  "states": ["red","green","black","blue","brown","white","purple","pink","orange","yellow","gray","plain"]},
	],
	"allowedVariants": [
		"fa-gothic-body-*"
	],
	"shapeByType": 
	{
		"*": { "base": "entity/armor/gothic/gothicbody" }
	},
	"texturesByType": {
		"*": { 
			"seraph": { "base": "game:block/transparent" },
			"gothicbody": { "base": "armor/entity/gothic_{metalbody}" },
			"textile": { "base": "game:block/cloth/linen/{textile}" }
				}
	},
	"storageFlags": 128,
	"maxstacksize": 4,
	"attributes": {
		"visibleDamageEffect": true,
		"wearableAttachment": true,
		"clothescategoryByType": {
			"*": "armorbody",
			},
		"footStepSoundByType": {
			"fa-gothic-body-*": "game:wearable/plate*",
		},
		"defaultProtLoss": {
			perTierRelativeProtectionLoss: [0.03, 0.15],
			perTierFlatDamageReductionLoss: [0.1, 0.2],
		},
		"protectionModifiersByType": {
			"*-steel-*": {
				relativeProtection: 0.97,
				flatDamageReduction: 1.8,
				highDamageTierResistant: true,
				protectionTier: 4
			},
			"*-meteoriciron-*": {
				relativeProtection: 0.962,
				flatDamageReduction: 1.72,
				highDamageTierResistant: true,
				protectionTier: 3
			},
			"*-iron-*": {
				relativeProtection: 0.96,
				flatDamageReduction: 1.7,
				highDamageTierResistant: true,
				protectionTier: 3
			},
		},
		"statModifiersByType": {
			"*": {
				rangedWeaponsAcc: -0.10,
				rangedWeaponsSpeed: -0.20,
				walkSpeed: -0.10,
				healingeffectivness: -0.26,
				hungerrate: 0.15
			},
		}
	},
	"creativeinventory": { "general": ["*"], "items": ["*"], "forgottenarmorygothic": ["*"] },
	"renderAlphaTest": 0.25,
	"durabilityByType": {
		"*-iron-*": 1900,
		"*-meteoriciron-*": 2500,
		"*-steel-*": 5200,
	},
	"fpHandTransformByType": {
		"*": {
			translation: { x: 0.4, y: -1.2, z: -0.5 },
			rotation: { x: 163, y: -111, z: -180 },
			origin: { x: 0.5, y: 1.6, z: 0.5 },
			scale: 2.15
		},
	},
	"tpHandTransformByType": {
		"*": {
			translation: { x: -1, y: -1.9, z: -0.5 },
			rotation: { x: 97, y: -168, z: 94 },
			origin: { x: 0.5, y: 1.5, z: 0.5 },
			scale: 0.67
		},
	},
	"guiTransformByType": {
		"*": {
			translation: { x: 3, y: 0, z: 0 },
			rotation: { x: -26, y: -46, z: -180 },
			origin: { x: 0.5, y: 1.11, z: 0.5 },
			scale: 1.37
		},
	},
	"groundTransformByType": {
		"*": {
			translation: { x: 0, y: 0, z: 0 },
			rotation: { x: 0, y: 0, z: 90 },
			origin: { x: 0.34, y: 1.12, z: 0.5 },
			scale: 3.1
		},
	},
}