{
	"code": "fa-gothic-legs",
	"class": "ItemWearable",
	"heldTpIdleAnimation": "holdunderarm",
	"variantgroups": [
		{ "code": "metallegs",  "states": ["iron", "meteoriciron", "steel"]},
		{ "code": "line",  "states": ["red","green","black","blue","brown","white","purple","pink","orange","yellow","gray","plain"]},
	],
	"allowedVariants": [
		"*"
	],
	"shapeByType": 
	{
		"*": { "base": "entity/armor/gothic/gothiclegs" }
	},
	"texturesByType": {
		"fa-gothic-legs-steel-*": { 
			"seraph": { "base": "game:block/transparent" },
			"gothiclegs": { "base": "armor/entity/gothic_{metallegs}" },
			"line": { "base": "block/lines/line{line}" }
				},
		"fa-gothic-legs-meteoriciron-*": { 
			"seraph": { "base": "game:block/transparent" },
			"gothiclegs": { "base": "armor/entity/gothic_{metallegs}" },
			"line": { "base": "block/lines/line{line}" }
				},
		"fa-gothic-legs-iron-*": { 
			"seraph": { "base": "game:block/transparent" },
			"gothiclegs": { "base": "armor/entity/gothic_{metallegs}" },
			"line": { "base": "game:block/cloth/linen/{line}" }
				},
	},
	"storageFlags": 128,
	"maxstacksize": 4,
	"attributes": {
		"visibleDamageEffect": true,
		"wearableAttachment": true,
		"clothescategoryByType": {
			"*": "armorlegs",
		},
		"defaultProtLoss": {
			perTierRelativeProtectionLoss: [0.03, 0.15],
			perTierFlatDamageReductionLoss: [0.1, 0.2],
		},
		"protectionModifiersByType": {
			"*-steel-*": {
				relativeProtection: 0.97,
				flatDamageReduction: 1.8,
				highDamageTierResistant: true,
				protectionTier: 4
			},
			"*-meteoriciron-*": {
				relativeProtection: 0.962,
				flatDamageReduction: 1.72,
				highDamageTierResistant: true,
				protectionTier: 3
			},
			"*-iron-*": {
				relativeProtection: 0.96,
				flatDamageReduction: 1.7,
				highDamageTierResistant: true,
				protectionTier: 3
			},
		},
		"statModifiersByType": {
			"*": {
				rangedWeaponsAcc: -0.10,
				rangedWeaponsSpeed: -0.20,
				walkSpeed: -0.10,
				healingeffectivness: -0.26,
				hungerrate: 0.15
			},
		}
	},
	"creativeinventory": { "general": ["*"], "items": ["*"], "forgottenarmorygothic": ["*"] },
	"renderAlphaTest": 0.25,
	"durabilityByType": {
		"*-iron-*": 1900,
		"*-meteoriciron-*": 2500,
		"*-steel-*": 5200,
	},
	"fpHandTransformByType": {
		"*": {
			translation: { x: 0.4, y: -1.2, z: -0.5 },
			rotation: { x: 163, y: -111, z: -180 },
			origin: { x: 0.5, y: 1.6, z: 0.5 },
			scale: 2.15
		},
	},
	"tpHandTransformByType": {
		"*": {
			translation: { x: -0.7, y: -0.6, z: -0.4 },
			rotation: { x: 95, y: -20, z: -91 },
			origin: { x: 0.5, y: 0.7, z: 0.5 },
			scale: 0.74
		}
	},
	"guiTransformByType": {
		"*": {
			translation: { x: 1, y: 0, z: 0 },
			rotation: { x: -26, y: -46, z: -180 },
			origin: { x: 0.5, y: 0.6, z: 0.5 },
			scale: 1.25
		},
	},
	"groundTransformByType": {
		"*": {
			translation: { x: 0, y: 0, z: 0 },
			rotation: { x: 0, y: 0, z: 90 },
			origin: { x: 0.34, y: 1.12, z: 0.5 },
			scale: 3.1
		},
	},
}