[


{
    "op": "replace",
    "path": "/0/enabled",
    "value": false,
    "file": "game:worldgen/deposits/metalore/mithril.json",
    "condition": {
		"when": "fantasymetalsenabled",
		"isValue": "false"
	}
},
{
    "op": "replace",
    "path": "/0/enabled",
    "value": false,
    "file": "game:worldgen/deposits/metalore/adamant.json",
    "condition": {
      "when": "fantasymetalsenabled",
      "isValue": "false"
	}
},
{
    "op": "replace",
    "path": "/0/enabled",
    "value": false,
    "file": "game:worldgen/deposits/metalore/orichalcum.json",
    "condition": {
      "when": "fantasymetalsenabled",
      "isValue": "false"
	}
},
//////////////////////////////////////////////////	Disable Stainless or Titanium Ingot //////////////////////////////////////////////////
{
    "op": "add",
    "path": "/0/enabled",
    "value": false,
    "file": "swordz:recipes/grid/misc/preparedstainless.json",
    "condition": {
      "when": "stainlessenabled",
      "isValue": "false"
	}
},
{
    "op": "add",
    "path": "/1/enabled",
    "value": false,
    "file": "swordz:recipes/grid/misc/preparedstainless.json",
    "condition": {
      "when": "stainlessenabled",
      "isValue": "false"
	}
},
{
    "op": "add",
    "path": "/2/enabled",
    "value": false,
    "file": "swordz:recipes/grid/misc/preparedstainless.json",
    "condition": {
      "when": "stainlessenabled",
      "isValue": "false"
	}
},
{
    "op": "add",
    "path": "/0/enabled",
    "value": false,
    "file": "swordz:recipes/grid/misc/preparedtitanium.json",
    "condition": {
      "when": "titaniumenabled",
      "isValue": "false"
	}
},
//////////////////////////////////////////////////	Disable Bombs //////////////////////////////////////////////////
{
    "op": "replace",
    "path": "/enabled",
    "value": true,
    "file": "swordz:blocktypes/bigbomb.json",
    "condition": {
      "when": "bombsdisabled",
      "isValue": "false"
	}
},
{
    "op": "replace",
    "path": "/enabled",
    "value": true,
    "file": "swordz:blocktypes/largebomb.json",
    "condition": {
      "when": "bombsdisabled",
      "isValue": "false"
	}
},
{
    "op": "replace",
    "path": "/enabled",
    "value": true,
    "file": "swordz:blocktypes/giantbomb.json",
    "condition": {
      "when": "bombsdisabled",
      "isValue": "false"
	}
},
{
    "op": "replace",
    "path": "/0/enabled",
    "value": true,
    "file": "swordz:recipes/grid/misc/bombs.json",
    "condition": {
      "when": "bombsdisabled",
      "isValue": "false"
	}
},
{
    "op": "replace",
    "path": "/1/enabled",
    "value": true,
    "file": "swordz:recipes/grid/misc/bombs.json",
    "condition": {
      "when": "bombsdisabled",
      "isValue": "false"
	}
},
//////////////////////////////////////////////////	Disable Fantasy Ingot Handbook //////////////////////////////////////////////////

  {
    "op": "add",
    "path": "/attributes/handbook/excludeByType/*-adamant",
    "value": true,
    "file": "game:itemtypes/resource/ingot.json",
	"condition": { "when": "fantasymetalsenabled", "isValue": "false" }
  },
  {
    "op": "add",
    "path": "/attributes/handbook/excludeByType/*-aithril",
    "value": true,
    "file": "game:itemtypes/resource/ingot.json",
	"condition": { "when": "fantasymetalsenabled", "isValue": "false" }
  },
  {
    "op": "add",
    "path": "/attributes/handbook/excludeByType/*-mithril",
    "value": true,
    "file": "game:itemtypes/resource/ingot.json",
	"condition": { "when": "fantasymetalsenabled", "isValue": "false" }
  },
  {
    "op": "add",
    "path": "/attributes/handbook/excludeByType/*-orichalcum",
    "value": true,
    "file": "game:itemtypes/resource/ingot.json",
	"condition": { "when": "fantasymetalsenabled", "isValue": "false" }
  },
  {
    "op": "add",
    "path": "/attributes/handbook/excludeByType/*-unfoldedmithril",
    "value": true,
    "file": "game:itemtypes/resource/ingot.json",
	"condition": { "when": "fantasymetalsenabled", "isValue": "false" }
  },

////////////////////////////////////////////////// figure out how to disable these easily //////////////////////////////////////////////////

/*
  {
    "op": "add",
    "path": "/attributes/handbook/excludeByType/*-mithril",
    "value": true,
    "file": "swordz:itemtypes/tool/excavator.json",
	"condition": { "when": "fantasymetalsenabled", "isValue": "false" }
  },
  {
    "op": "add",
    "path": "/attributes/handbook/excludeByType/*-adamant",
    "value": true,
    "file": "swordz:itemtypes/tool/excavator.json",
	"condition": { "when": "fantasymetalsenabled", "isValue": "false" }
  },
  {
    "op": "add",
    "path": "/attributes/handbook/excludeByType/*-orichalcum",
    "value": true,
    "file": "swordz:itemtypes/tool/excavator.json",
	"condition": { "when": "fantasymetalsenabled", "isValue": "false" }
  },
  {
    "op": "add",
    "path": "/attributes/handbook/excludeByType/*-aithril",
    "value": true,
    "file": "swordz:itemtypes/tool/excavator.json",
	"condition": { "when": "fantasymetalsenabled", "isValue": "false" }
  },
  {
    "op": "add",
    "path": "/attributes/handbook/excludeByType/*-mithril",
    "value": true,
    "file": "swordz:itemtypes/tool/sledgehammer.json",
	"condition": { "when": "fantasymetalsenabled", "isValue": "false" }
  },
  {
    "op": "add",
    "path": "/attributes/handbook/excludeByType/*-adamant",
    "value": true,
    "file": "swordz:itemtypes/tool/sledgehammer.json",
	"condition": { "when": "fantasymetalsenabled", "isValue": "false" }
  },
  {
    "op": "add",
    "path": "/attributes/handbook/excludeByType/*-orichalcum",
    "value": true,
    "file": "swordz:itemtypes/tool/sledgehammer.json",
	"condition": { "when": "fantasymetalsenabled", "isValue": "false" }
  },
  {
    "op": "add",
    "path": "/attributes/handbook/excludeByType/*-aithril",
    "value": true,
    "file": "swordz:itemtypes/tool/sledgehammer.json",
	"condition": { "when": "fantasymetalsenabled", "isValue": "false" }
  },
  {
    "op": "add",
    "path": "/attributes/handbook/excludeByType/*-mithril",
    "value": true,
    "file": "swordz:itemtypes/tool/tunneler.json",
	"condition": { "when": "fantasymetalsenabled", "isValue": "false" }
  },
  {
    "op": "add",
    "path": "/attributes/handbook/excludeByType/*-adamant",
    "value": true,
    "file": "swordz:itemtypes/tool/tunneler.json",
	"condition": { "when": "fantasymetalsenabled", "isValue": "false" }
  },
  {
    "op": "add",
    "path": "/attributes/handbook/excludeByType/*-orichalcum",
    "value": true,
    "file": "swordz:itemtypes/tool/tunneler.json",
	"condition": { "when": "fantasymetalsenabled", "isValue": "false" }
  },
  {
    "op": "add",
    "path": "/attributes/handbook/excludeByType/*-aithril",
    "value": true,
    "file": "swordz:itemtypes/tool/tunneler.json",
	"condition": { "when": "fantasymetalsenabled", "isValue": "false" }
  },

*/

////////////////////////////////////////////////// Skip/Disable Fantasy Tools //////////////////////////////////////////////////
  {
    "op": "replace",
    "path": "/enabled",
    "value": false,
    "file": "swordz:recipes/smithing/fantasy/axe.json",
    "condition": { "when": "fantasymetalsenabled", "isValue": "false" }
  },
  {
    "op": "replace",
    "path": "/enabled",
    "value": false,
    "file": "swordz:recipes/grid/tool/fantasy/axe.json",
    "condition": { "when": "fantasymetalsenabled", "isValue": "false" }
  },
  {
    "op": "add",
    "path": "/skipVariants/0",
    "value": "axe-felling-mithril",
    "file": "swordz:itemtypes/tool/axe-metal.json",
	"condition": { "when": "fantasymetalsenabled", "isValue": "false" }
  },
  {
    "op": "add",
    "path": "/skipVariants/1",
    "value": "axe-felling-adamant",
    "file": "swordz:itemtypes/tool/axe-metal.json",
	"condition": { "when": "fantasymetalsenabled", "isValue": "false" }
  },
  {
    "op": "add",
    "path": "/skipVariants/2",
    "value": "axe-felling-orichalcum",
    "file": "swordz:itemtypes/tool/axe-metal.json",
	"condition": { "when": "fantasymetalsenabled", "isValue": "false" }
  },
  {
    "op": "add",
    "path": "/skipVariants/3",
    "value": "axe-felling-aithril",
    "file": "swordz:itemtypes/tool/axe-metal.json",
	"condition": { "when": "fantasymetalsenabled", "isValue": "false" }
  },
  
  
  
    {
    "op": "replace",
    "path": "/enabled",
    "value": false,
    "file": "swordz:recipes/smithing/titanium/axe.json",
    "condition": { "when": "titaniumenabled", "isValue": "false" }
  },
  {
    "op": "replace",
    "path": "/enabled",
    "value": false,
    "file": "swordz:recipes/grid/tool/titanium/axe.json",
    "condition": { "when": "titaniumenabled", "isValue": "false" }
  },
  {
    "op": "add",
    "path": "/skipVariants/4",
    "value": "axe-felling-titanium",
    "file": "swordz:itemtypes/tool/axe-metal.json",
	"condition": { "when": "titaniumenabled", "isValue": "false" }
  },
  
  
      {
    "op": "replace",
    "path": "/enabled",
    "value": false,
    "file": "swordz:recipes/smithing/stainless/axe.json",
    "condition": { "when": "stainlessenabled", "isValue": "false" }
  },
  {
    "op": "replace",
    "path": "/enabled",
    "value": false,
    "file": "swordz:recipes/grid/tool/stainless/axe.json",
    "condition": { "when": "stainlessenabled", "isValue": "false" }
  },
    {
    "op": "replace",
    "path": "/enabled",
    "value": false,
    "file": "swordz:tool/axe.json",
    "condition": { "when": "stainlessenabled", "isValue": "false" }
  },
  
  
  
  
  
  
    {
    "op": "replace",
    "path": "/enabled",
    "value": false,
    "file": "swordz:recipes/smithing/fantasy/chisel.json",
    "condition": { "when": "fantasymetalsenabled", "isValue": "false" }
  },
  {
    "op": "add",
    "path": "/skipVariants/0",
    "value": "chisel-mithril",
    "file": "swordz:itemtypes/tool/chisel.json",
	"condition": { "when": "fantasymetalsenabled", "isValue": "false" }
  },
  {
    "op": "add",
    "path": "/skipVariants/1",
    "value": "chisel-adamant",
    "file": "swordz:itemtypes/tool/chisel.json",
	"condition": { "when": "fantasymetalsenabled", "isValue": "false" }
  },
  {
    "op": "add",
    "path": "/skipVariants/2",
    "value": "chisel-orichalcum",
    "file": "swordz:itemtypes/tool/chisel.json",
	"condition": { "when": "fantasymetalsenabled", "isValue": "false" }
  },
  {
    "op": "add",
    "path": "/skipVariants/3",
    "value": "chisel-aithril",
    "file": "swordz:itemtypes/tool/chisel.json",
	"condition": { "when": "fantasymetalsenabled", "isValue": "false" }
  },
  
    {
    "op": "replace",
    "path": "/enabled",
    "value": false,
    "file": "swordz:itemtypes/tool/chisel.json",
    "condition": { "when": "stainlessenabled", "isValue": "false" }
  },
  
  
  
  
  
  
  
  
  
  {
    "op": "replace",
    "path": "/enabled",
    "value": false,
    "file": "swordz:recipes/smithing/fantasy/cleaver.json",
    "condition": { "when": "fantasymetalsenabled", "isValue": "false" }
  },
  {
    "op": "add",
    "path": "/skipVariants/0",
    "value": "cleaver-mithril",
    "file": "swordz:itemtypes/tool/cleaver.json",
	"condition": { "when": "fantasymetalsenabled", "isValue": "false" }
  },
  {
    "op": "add",
    "path": "/skipVariants/1",
    "value": "cleaver-adamant",
    "file": "swordz:itemtypes/tool/cleaver.json",
	"condition": { "when": "fantasymetalsenabled", "isValue": "false" }
  },
  {
    "op": "add",
    "path": "/skipVariants/2",
    "value": "cleaver-orichalcum",
    "file": "swordz:itemtypes/tool/cleaver.json",
	"condition": { "when": "fantasymetalsenabled", "isValue": "false" }
  },
  {
    "op": "add",
    "path": "/skipVariants/3",
    "value": "cleaver-aithril",
    "file": "swordz:itemtypes/tool/cleaver.json",
	"condition": { "when": "fantasymetalsenabled", "isValue": "false" }
  },















  {
    "op": "replace",
    "path": "/enabled",
    "value": false,
    "file": "swordz:recipes/smithing/fantasy/hammer.json",
    "condition": { "when": "fantasymetalsenabled", "isValue": "false" }
  },
  {	
    "op": "replace",
    "path": "/enabled",
    "value": false,
    "file": "swordz:recipes/grid/tool/fantasy/hammer.json",
    "condition": { "when": "fantasymetalsenabled", "isValue": "false" }
  },









  {
    "op": "replace",
    "path": "/enabled",
    "value": false,
    "file": "swordz:recipes/smithing/titanium/hammer.json",
    "condition": { "when": "titaniumenabled", "isValue": "false" }
  },
  {	
    "op": "replace",
    "path": "/enabled",
    "value": false,
    "file": "swordz:recipes/grid/tool/titanium/hammer.json",
    "condition": { "when": "titaniumenabled", "isValue": "false" }
  },











  {
    "op": "replace",
    "path": "/enabled",
    "value": false,
    "file": "swordz:recipes/smithing/stainless/hammer.json",
    "condition": { "when": "stainlessenabled", "isValue": "false" }
  },
  {	
    "op": "replace",
    "path": "/enabled",
    "value": false,
    "file": "swordz:recipes/grid/tool/stainless/hammer.json",
    "condition": { "when": "stainlessenabled", "isValue": "false" }
  },














































  {
    "op": "replace",
    "path": "/enabled",
    "value": false,
    "file": "swordz:recipes/smithing/fantasy/hoe.json",
    "condition": { "when": "fantasymetalsenabled", "isValue": "false" }
  },
  {	
    "op": "replace",
    "path": "/enabled",
    "value": false,
    "file": "swordz:recipes/grid/tool/fantasy/hoe.json",
    "condition": { "when": "fantasymetalsenabled", "isValue": "false" }
  },
  {
    "op": "add",
    "path": "/skipVariants/0",
    "value": "hoe-mithril",
    "file": "swordz:itemtypes/tool/hoe.json",
	"condition": { "when": "fantasymetalsenabled", "isValue": "false" }
  },
  {
    "op": "add",
    "path": "/skipVariants/1",
    "value": "hoe-adamant",
    "file": "swordz:itemtypes/tool/hoe.json",
	"condition": { "when": "fantasymetalsenabled", "isValue": "false" }
  },
  {
    "op": "add",
    "path": "/skipVariants/2",
    "value": "hoe-orichalcum",
    "file": "swordz:itemtypes/tool/hoe.json",
	"condition": { "when": "fantasymetalsenabled", "isValue": "false" }
  },
  {
    "op": "add",
    "path": "/skipVariants/3",
    "value": "hoe-aithril",
    "file": "swordz:itemtypes/tool/hoe.json",
	"condition": { "when": "fantasymetalsenabled", "isValue": "false" }
  },





  {
    "op": "replace",
    "path": "/enabled",
    "value": false,
    "file": "swordz:recipes/smithing/titanium/hoe.json",
    "condition": { "when": "titaniumenabled", "isValue": "false" }
  },
  {	
    "op": "replace",
    "path": "/enabled",
    "value": false,
    "file": "swordz:recipes/grid/tool/titanium/hoe.json",
    "condition": { "when": "titaniumenabled", "isValue": "false" }
  },
  {
    "op": "add",
    "path": "/skipVariants/4",
    "value": "hoe-titanium",
    "file": "swordz:itemtypes/tool/hoe.json",
	"condition": { "when": "titaniumenabled", "isValue": "false" }
  },
  {
    "op": "replace",
    "path": "/enabled",
    "value": false,
    "file": "swordz:recipes/smithing/stainless/hoe.json",
    "condition": { "when": "stainlessenabled", "isValue": "false" }
  },
  {	
    "op": "replace",
    "path": "/enabled",
    "value": false,
    "file": "swordz:recipes/grid/tool/stainless/hoe.json",
    "condition": { "when": "stainlessenabled", "isValue": "false" }
  },
  {	
    "op": "replace",
    "path": "/enabled",
    "value": false,
    "file": "swordz:tool/hoe.json",
    "condition": { "when": "stainlessenabled", "isValue": "false" }
  },














  {
    "op": "replace",
    "path": "/enabled",
    "value": false,
    "file": "swordz:recipes/smithing/fantasy/knife.json",
    "condition": { "when": "fantasymetalsenabled", "isValue": "false" }
  },
  {	
    "op": "replace",
    "path": "/enabled",
    "value": false,
    "file": "swordz:recipes/grid/tool/fantasy/knife.json",
    "condition": { "when": "fantasymetalsenabled", "isValue": "false" }
  },
  {
    "op": "add",
    "path": "/skipVariants/0",
    "value": "knife-generic-mithril",
    "file": "swordz:itemtypes/tool/knife.json",
	"condition": { "when": "fantasymetalsenabled", "isValue": "false" }
  },
  {
    "op": "add",
    "path": "/skipVariants/1",
    "value": "knife-generic-adamant",
    "file": "swordz:itemtypes/tool/knife.json",
	"condition": { "when": "fantasymetalsenabled", "isValue": "false" }
  },
  {
    "op": "add",
    "path": "/skipVariants/2",
    "value": "knife-generic-orichalcum",
    "file": "swordz:itemtypes/tool/knife.json",
	"condition": { "when": "fantasymetalsenabled", "isValue": "false" }
  },
  {
    "op": "add",
    "path": "/skipVariants/3",
    "value": "knife-generic-aithril",
    "file": "swordz:itemtypes/tool/knife.json",
	"condition": { "when": "fantasymetalsenabled", "isValue": "false" }
  },
  
  
  
  
    {
    "op": "replace",
    "path": "/enabled",
    "value": false,
    "file": "swordz:recipes/smithing/titanium/knife.json",
    "condition": { "when": "titaniumenabled", "isValue": "false" }
  },
  {	
    "op": "replace",
    "path": "/enabled",
    "value": false,
    "file": "swordz:recipes/grid/tool/titanium/knife.json",
    "condition": { "when": "titaniumenabled", "isValue": "false" }
  },
  {
    "op": "add",
    "path": "/skipVariants/4",
    "value": "knife-generic-titanium",
    "file": "swordz:itemtypes/tool/knife.json",
	"condition": { "when": "titaniumenabled", "isValue": "false" }
  },
    {
    "op": "replace",
    "path": "/enabled",
    "value": false,
    "file": "swordz:recipes/smithing/stainless/knife.json",
    "condition": { "when": "stainlessenabled", "isValue": "false" }
  },
  {	
    "op": "replace",
    "path": "/enabled",
    "value": false,
    "file": "swordz:recipes/grid/tool/stainless/knife.json",
    "condition": { "when": "stainlessenabled", "isValue": "false" }
  },
  {	
    "op": "replace",
    "path": "/enabled",
    "value": false,
    "file": "swordz:tool/knife.json",
    "condition": { "when": "stainlessenabled", "isValue": "false" }
  },  
  
  
  
  
  
  
  
  
  
  
  
  
  
  
  
  
  {
    "op": "replace",
    "path": "/enabled",
    "value": false,
    "file": "swordz:recipes/smithing/fantasy/padlock.json",
    "condition": { "when": "fantasymetalsenabled", "isValue": "false" }
  },
  {
    "op": "add",
    "path": "/skipVariants/0",
    "value": "padlock-mithril",
    "file": "swordz:itemtypes/tool/padlock.json",
	"condition": { "when": "fantasymetalsenabled", "isValue": "false" }
  },
  {
    "op": "add",
    "path": "/skipVariants/1",
    "value": "padlock-adamant",
    "file": "swordz:itemtypes/tool/padlock.json",
	"condition": { "when": "fantasymetalsenabled", "isValue": "false" }
  },
  {
    "op": "add",
    "path": "/skipVariants/2",
    "value": "padlock-orichalcum",
    "file": "swordz:itemtypes/tool/padlock.json",
	"condition": { "when": "fantasymetalsenabled", "isValue": "false" }
  },
  {
    "op": "add",
    "path": "/skipVariants/3",
    "value": "padlock-aithril",
    "file": "swordz:itemtypes/tool/padlock.json",
	"condition": { "when": "fantasymetalsenabled", "isValue": "false" }
  },
   {
    "op": "add",
    "path": "/skipVariants/4",
    "value": "padlock-titanium",
    "file": "swordz:itemtypes/tool/padlock.json",
	"condition": { "when": "titaniumenabled", "isValue": "false" }
  }, 
  {
    "op": "replace",
    "path": "/enabled",
    "value": false,
    "file": "swordz:itemtypes/tool/padlock.json",
    "condition": { "when": "stainlessenabled", "isValue": "false" }
  },
  
  
  
  
  
  
  
  
  
  
  
  
  {
    "op": "replace",
    "path": "/enabled",
    "value": false,
    "file": "swordz:recipes/smithing/fantasy/pickaxe.json",
    "condition": { "when": "fantasymetalsenabled", "isValue": "false" }
  },
  {	
    "op": "replace",
    "path": "/enabled",
    "value": false,
    "file": "swordz:recipes/grid/tool/fantasy/pickaxe.json",
    "condition": { "when": "fantasymetalsenabled", "isValue": "false" }
  },
  {
    "op": "add",
    "path": "/skipVariants/0",
    "value": "pickaxe-mithril",
    "file": "swordz:itemtypes/tool/pickaxe.json",
	"condition": { "when": "fantasymetalsenabled", "isValue": "false" }
  },
  {
    "op": "add",
    "path": "/skipVariants/1",
    "value": "pickaxe-adamant",
    "file": "swordz:itemtypes/tool/pickaxe.json",
	"condition": { "when": "fantasymetalsenabled", "isValue": "false" }
  },
  {
    "op": "add",
    "path": "/skipVariants/2",
    "value": "pickaxe-orichalcum",
    "file": "swordz:itemtypes/tool/pickaxe.json",
	"condition": { "when": "fantasymetalsenabled", "isValue": "false" }
  },
  {
    "op": "add",
    "path": "/skipVariants/3",
    "value": "pickaxe-aithril",
    "file": "swordz:itemtypes/tool/pickaxe.json",
	"condition": { "when": "fantasymetalsenabled", "isValue": "false" }
  },
  
  
  
  
  
  
  
  
    {	
    "op": "replace",
    "path": "/enabled",
    "value": false,
    "file": "swordz:recipes/grid/tool/titanium/pickaxe.json",
    "condition": { "when": "titaniumenabled", "isValue": "false" }
  },
    {
    "op": "replace",
    "path": "/enabled",
    "value": false,
    "file": "swordz:recipes/smithing/titanium/pickaxe.json",
    "condition": { "when": "titaniumenabled", "isValue": "false" }
  },
    {
    "op": "add",
    "path": "/skipVariants/4",
    "value": "pickaxe-titanium",
    "file": "swordz:itemtypes/tool/pickaxe.json",
	"condition": { "when": "titaniumenabled", "isValue": "false" }
  },
  
  
  
    
    {	
    "op": "replace",
    "path": "/enabled",
    "value": false,
    "file": "swordz:recipes/grid/tool/stainless/pickaxe.json",
    "condition": { "when": "stainlessenabled", "isValue": "false" }
  },
    {
    "op": "replace",
    "path": "/enabled",
    "value": false,
    "file": "swordz:recipes/smithing/stainless/pickaxe.json",
    "condition": { "when": "stainlessenabled", "isValue": "false" }
  },
  {
    "op": "replace",
    "path": "/enabled",
    "value": false,
    "file": "swordz:tool/pickaxe.json",
    "condition": { "when": "stainlessenabled", "isValue": "false" }
  },
  
  
  
  
  
  
  
  
  
  
  
  
  
  
  
  
  
  
  
  
  {
    "op": "replace",
    "path": "/enabled",
    "value": false,
    "file": "swordz:recipes/smithing/fantasy/prospectingpick.json",
    "condition": { "when": "fantasymetalsenabled", "isValue": "false" }
  },
  {	
    "op": "replace",
    "path": "/enabled",
    "value": false,
    "file": "swordz:recipes/grid/tool/fantasy/prospectingpick.json",
    "condition": { "when": "fantasymetalsenabled", "isValue": "false" }
  },
  {
    "op": "add",
    "path": "/skipVariants/0",
    "value": "prospectingpick-mithril",
    "file": "swordz:itemtypes/tool/prospectingpick.json",
	"condition": { "when": "fantasymetalsenabled", "isValue": "false" }
  },
  {
    "op": "add",
    "path": "/skipVariants/1",
    "value": "prospectingpick-adamant",
    "file": "swordz:itemtypes/tool/prospectingpick.json",
	"condition": { "when": "fantasymetalsenabled", "isValue": "false" }
  },
  {
    "op": "add",
    "path": "/skipVariants/2",
    "value": "prospectingpick-orichalcum",
    "file": "swordz:itemtypes/tool/prospectingpick.json",
	"condition": { "when": "fantasymetalsenabled", "isValue": "false" }
  },
  {
    "op": "add",
    "path": "/skipVariants/3",
    "value": "prospectingpick-aithril",
    "file": "swordz:itemtypes/tool/prospectingpick.json",
	"condition": { "when": "fantasymetalsenabled", "isValue": "false" }
  },
  
  
  
  
  
  
  
    {
    "op": "add",
    "path": "/skipVariants/4",
    "value": "prospectingpick-titanium",
    "file": "swordz:itemtypes/tool/prospectingpick.json",
	"condition": { "when": "titaniumenabled", "isValue": "false" }
  },
  {
    "op": "replace",
    "path": "/enabled",
    "value": false,
    "file": "swordz:recipes/smithing/titanium/prospectingpick.json",
    "condition": { "when": "titaniumenabled", "isValue": "false" }
  },
  {	
    "op": "replace",
    "path": "/enabled",
    "value": false,
    "file": "swordz:recipes/grid/tool/titanium/prospectingpick.json",
    "condition": { "when": "titaniumenabled", "isValue": "false" }
  },
  {
    "op": "replace",
    "path": "/enabled",
    "value": false,
    "file": "swordz:recipes/smithing/stainless/prospectingpick.json",
    "condition": { "when": "stainlessenabled", "isValue": "false" }
  },
  {	
    "op": "replace",
    "path": "/enabled",
    "value": false,
    "file": "swordz:recipes/grid/tool/stainless/prospectingpick.json",
    "condition": { "when": "stainlessenabled", "isValue": "false" }
  }, 
  {	
    "op": "replace",
    "path": "/enabled",
    "value": false,
    "file": "swordz:tool/prospectingpick.json",
    "condition": { "when": "stainlessenabled", "isValue": "false" }
  }, 
  
  
  
  
  
  
  
  
  
  
  
  
  
  
    {
    "op": "replace",
    "path": "/enabled",
    "value": false,
    "file": "swordz:recipes/smithing/fantasy/saw.json",
    "condition": { "when": "fantasymetalsenabled", "isValue": "false" }
  },
  {
    "op": "replace",
    "path": "/enabled",
    "value": false,
    "file": "swordz:recipes/smithing/titanium/saw.json",
    "condition": { "when": "titaniumenabled", "isValue": "false" }
  },
  {
    "op": "replace",
    "path": "/enabled",
    "value": false,
    "file": "swordz:recipes/smithing/stainless/saw.json",
    "condition": { "when": "stainlessenabled", "isValue": "false" }
  },
     {
    "op": "replace",
    "path": "/enabled",
    "value": false,
    "file": "swordz:recipes/grid/tool/fantasy/saw.json",
    "condition": { "when": "fantasymetalsenabled", "isValue": "false" }
  },
  {
    "op": "replace",
    "path": "/enabled",
    "value": false,
    "file": "swordz:recipes/grid/tool/titanium/saw.json",
    "condition": { "when": "titaniumenabled", "isValue": "false" }
  },
  {
    "op": "replace",
    "path": "/enabled",
    "value": false,
    "file": "swordz:recipes/grid/tool/stainless/saw.json",
    "condition": { "when": "stainlessenabled", "isValue": "false" }
  }, 
  
  
  
  
  
  
  
  
  
  
  
  
  
  
  
  
  
  
  
  
  
  
  
  
  {
    "op": "replace",
    "path": "/enabled",
    "value": false,
    "file": "swordz:recipes/smithing/fantasy/scythe.json",
    "condition": { "when": "fantasymetalsenabled", "isValue": "false" }
  },
  {
    "op": "replace",
    "path": "/enabled",
    "value": false,
    "file": "swordz:recipes/grid/tool/fantasy/scythe.json",
    "condition": { "when": "fantasymetalsenabled", "isValue": "false" }
  },
  {
    "op": "add",
    "path": "/skipVariants/0",
    "value": "scythe-mithril",
    "file": "swordz:itemtypes/tool/scythe.json",
	"condition": { "when": "fantasymetalsenabled", "isValue": "false" }
  },
  {
    "op": "add",
    "path": "/skipVariants/1",
    "value": "scythe-adamant",
    "file": "swordz:itemtypes/tool/scythe.json",
	"condition": { "when": "fantasymetalsenabled", "isValue": "false" }
  },
  {
    "op": "add",
    "path": "/skipVariants/2",
    "value": "scythe-orichalcum",
    "file": "swordz:itemtypes/tool/scythe.json",
	"condition": { "when": "fantasymetalsenabled", "isValue": "false" }
  },
  {
    "op": "add",
    "path": "/skipVariants/3",
    "value": "scythe-aithril",
    "file": "swordz:itemtypes/tool/scythe.json",
	"condition": { "when": "fantasymetalsenabled", "isValue": "false" }
  },
  
  
  
  
  
  {
    "op": "replace",
    "path": "/enabled",
    "value": false,
    "file": "swordz:recipes/smithing/titanium/scythe.json",
    "condition": { "when": "titaniumenabled", "isValue": "false" }
  },
  {
    "op": "replace",
    "path": "/enabled",
    "value": false,
    "file": "swordz:recipes/grid/tool/titanium/scythe.json",
    "condition": { "when": "titaniumenabled", "isValue": "false" }
  },
  {
    "op": "add",
    "path": "/skipVariants/4",
    "value": "scythe-titanium",
    "file": "swordz:itemtypes/tool/scythe.json",
	"condition": { "when": "titaniumenabled", "isValue": "false" }
  },
 


 
  {
    "op": "replace",
    "path": "/enabled",
    "value": false,
    "file": "swordz:recipes/smithing/stainless/scythe.json",
    "condition": { "when": "stainlessenabled", "isValue": "false" }
  },
  {
    "op": "replace",
    "path": "/enabled",
    "value": false,
    "file": "swordz:recipes/grid/tool/stainless/scythe.json",
    "condition": { "when": "stainlessenabled", "isValue": "false" }
  },
    {
    "op": "replace",
    "path": "/enabled",
    "value": false,
    "file": "swordz:itemtypes/tool/scythe.json",
    "condition": { "when": "stainlessenabled", "isValue": "false" }
  },
  
  
  
  
  
  
  
  
  
  
  
  
  
  
  
  
  
  
  
  
  
  
  
  
  {
    "op": "replace",
    "path": "/enabled",
    "value": false,
    "file": "swordz:recipes/smithing/fantasy/shears.json",
    "condition": { "when": "fantasymetalsenabled", "isValue": "false" }
  },
  {
    "op": "add",
    "path": "/skipVariants/0",
    "value": "shears-mithril",
    "file": "swordz:itemtypes/tool/shears.json",
	"condition": { "when": "fantasymetalsenabled", "isValue": "false" }
  },
  {
    "op": "add",
    "path": "/skipVariants/1",
    "value": "shears-adamant",
    "file": "swordz:itemtypes/tool/shears.json",
	"condition": { "when": "fantasymetalsenabled", "isValue": "false" }
  },
  {
    "op": "add",
    "path": "/skipVariants/2",
    "value": "shears-orichalcum",
    "file": "swordz:itemtypes/tool/shears.json",
	"condition": { "when": "fantasymetalsenabled", "isValue": "false" }
  },
  {
    "op": "add",
    "path": "/skipVariants/3",
    "value": "shears-aithril",
    "file": "swordz:itemtypes/tool/shears.json",
	"condition": { "when": "fantasymetalsenabled", "isValue": "false" }
  },
  
  
  
  
  
  
  
  
  
  
  
  
  {
    "op": "replace",
    "path": "/enabled",
    "value": false,
    "file": "swordz:recipes/smithing/fantasy/shovel.json",
    "condition": { "when": "fantasymetalsenabled", "isValue": "false" }
  },
  {
    "op": "replace",
    "path": "/enabled",
    "value": false,
    "file": "swordz:recipes/grid/tool/fantasy/shovel.json",
    "condition": { "when": "fantasymetalsenabled", "isValue": "false" }
  },
  {
    "op": "add",
    "path": "/skipVariants/0",
    "value": "shovel-mithril",
    "file": "swordz:itemtypes/tool/shovel.json",
	"condition": { "when": "fantasymetalsenabled", "isValue": "false" }
  },
  {
    "op": "add",
    "path": "/skipVariants/1",
    "value": "shovel-adamant",
    "file": "swordz:itemtypes/tool/shovel.json",
	"condition": { "when": "fantasymetalsenabled", "isValue": "false" }
  },
  {
    "op": "add",
    "path": "/skipVariants/2",
    "value": "shovel-orichalcum",
    "file": "swordz:itemtypes/tool/shovel.json",
	"condition": { "when": "fantasymetalsenabled", "isValue": "false" }
  },
  {
    "op": "add",
    "path": "/skipVariants/3",
    "value": "shovel-aithril",
    "file": "swordz:itemtypes/tool/shovel.json",
	"condition": { "when": "fantasymetalsenabled", "isValue": "false" }
  },
  
  
  
  
    
  {
    "op": "replace",
    "path": "/enabled",
    "value": false,
    "file": "swordz:recipes/smithing/titanium/shovel.json",
    "condition": { "when": "titaniumenabled", "isValue": "false" }
  },
  {
    "op": "replace",
    "path": "/enabled",
    "value": false,
    "file": "swordz:recipes/grid/tool/titanium/shovel.json",
    "condition": { "when": "titaniumenabled", "isValue": "false" }
  },
  {
    "op": "add",
    "path": "/skipVariants/4",
    "value": "shovel-titanium",
    "file": "swordz:itemtypes/tool/shovel.json",
	"condition": { "when": "titaniumenabled", "isValue": "false" }
  },
  
  
    {
    "op": "replace",
    "path": "/enabled",
    "value": false,
    "file": "swordz:recipes/smithing/stainless/shovel.json",
    "condition": { "when": "stainlessenabled", "isValue": "false" }
  },
  {
    "op": "replace",
    "path": "/enabled",
    "value": false,
    "file": "swordz:recipes/grid/tool/stainless/shovel.json",
    "condition": { "when": "stainlessenabled", "isValue": "false" }
  },
    {
    "op": "replace",
    "path": "/enabled",
    "value": false,
    "file": "swordz:tool/shovel.json",
    "condition": { "when": "stainlessenabled", "isValue": "false" }
  },
  
  
  
  
  
  
  
  
  
  
  
  
  
  
  
  
  
  
  
  
  
  {
    "op": "replace",
    "path": "/enabled",
    "value": false,
    "file": "swordz:recipes/smithing/fantasy/wrench.json",
    "condition": { "when": "fantasymetalsenabled", "isValue": "false" }
  },
  {
    "op": "add",
    "path": "/skipVariants/0",
    "value": "wrench-mithril",
    "file": "swordz:itemtypes/tool/wrench.json",
	"condition": { "when": "fantasymetalsenabled", "isValue": "false" }
  },
  {
    "op": "add",
    "path": "/skipVariants/1",
    "value": "wrench-adamant",
    "file": "swordz:itemtypes/tool/wrench.json",
	"condition": { "when": "fantasymetalsenabled", "isValue": "false" }
  },
  {
    "op": "add",
    "path": "/skipVariants/2",
    "value": "wrench-orichalcum",
    "file": "swordz:itemtypes/tool/wrench.json",
	"condition": { "when": "fantasymetalsenabled", "isValue": "false" }
  },
  {
    "op": "add",
    "path": "/skipVariants/3",
    "value": "wrench-aithril",
    "file": "swordz:itemtypes/tool/wrench.json",
	"condition": { "when": "fantasymetalsenabled", "isValue": "false" }
  },
////////////////////////////////////////////////// Enable Khopesh //////////////////////////////////////////////////
  {
    "op": "replace",
    "path": "/enabled",
    "value": true,
    "file": "swordz:recipes/smithing/khopesh.json",
    "condition": { "when": "khopeshenabled", "isValue": "true" }
  },
  {
    "op": "replace",
    "path": "/enabled",
    "value": true,
    "file": "swordz:itemtypes/swords/khopesh.json",
    "condition": { "when": "khopeshenabled", "isValue": "true" }
  },  
  {
    "op": "replace",
    "path": "/enabled",
    "value": true,
    "file": "swordz:itemtypes/swords/parts/khopesh.json",
    "condition": { "when": "khopeshenabled", "isValue": "true" }
  },    
  {
    "op": "replace",
    "path": "/enabled",
    "value": true,
    "file": "swordz:recipes/clayforming/khopeshmold.json",
    "condition": { "when": "khopeshenabled", "isValue": "true" }
  },      
{
    "op": "add",
    "path": "/skipVariants/0",
    "value": "*-*-khopeshblade",
    "file": "swordz:blocktypes/clay/toolmold.json",
	"condition": { "when": "khopeshenabled", "isValue": "false" }
},
 ////////////////////////////////////////////////// Enable Naginata //////////////////////////////////////////////////
  {
    "op": "replace",
    "path": "/enabled",
    "value": true,
    "file": "swordz:recipes/smithing/heads/naginatahead.json",
    "condition": { "when": "naginataenabled", "isValue": "true" }
  },
  {
    "op": "replace",
    "path": "/enabled",
    "value": true,
    "file": "swordz:itemtypes/polearms/naginata.json",
    "condition": { "when": "naginataenabled", "isValue": "true" }
  },  
  {
    "op": "replace",
    "path": "/enabled",
    "value": true,
    "file": "swordz:itemtypes/polearms/parts/naginatahead.json",
    "condition": { "when": "naginataenabled", "isValue": "true" }
  },
{
    "op": "replace",
    "path": "/enabled",
    "value": true,
    "file": "swordz:recipes/grid/polearms/naginata.json",
    "condition": { "when": "naginataenabled", "isValue": "true" }
},
////////////////////////////////////////////////// Disable Excavator //////////////////////////////////////////////////
  {
    "op": "add",
    "path": "/skipVariants/0",
    "value": "*-aithril",
    "file": "swordz:itemtypes/tool/excavator.json",
	"condition": { "when": "fantasymetalsenabled", "isValue": "false" }
  },
  {
    "op": "add",
    "path": "/skipVariants/1",
    "value": "*-orichalcum",
    "file": "swordz:itemtypes/tool/excavator.json",
	"condition": { "when": "fantasymetalsenabled", "isValue": "false" }
  },
  {
    "op": "add",
    "path": "/skipVariants/2",
    "value": "*-adamant",
    "file": "swordz:itemtypes/tool/excavator.json",
	"condition": { "when": "fantasymetalsenabled", "isValue": "false" }
  },
  {
    "op": "add",
    "path": "/skipVariants/3",
    "value": "*-mithril",
    "file": "swordz:itemtypes/tool/excavator.json",
	"condition": { "when": "fantasymetalsenabled", "isValue": "false" }
  },
  {
    "op": "add",
    "path": "/skipVariants/4",
    "value": "*-titanium",
    "file": "swordz:itemtypes/tool/excavator.json",
	"condition": { "when": "titaniumenabled", "isValue": "false" }
  },
  {
    "op": "add",
    "path": "/skipVariants/5",
    "value": "*-stainless",
    "file": "swordz:itemtypes/tool/excavator.json",
	"condition": { "when": "stainlessenabled", "isValue": "false" }
  },
  {
    "op": "replace",
    "path": "/enabled",
    "value": "false",
    "file": "swordz:itemtypes/tool/excavator.json",
	"condition": { "when": "excavatorenabled", "isValue": "false" }
  },
//////////
  {
    "op": "add",
    "path": "/skipVariants/0",
    "value": "*-aithril",
    "file": "swordz:itemtypes/tool/parts/excavatorhead.json",
	"condition": { "when": "fantasymetalsenabled", "isValue": "false" }
  },
  {
    "op": "add",
    "path": "/skipVariants/1",
    "value": "*-orichalcum",
    "file": "swordz:itemtypes/tool/parts/excavatorhead.json",
	"condition": { "when": "fantasymetalsenabled", "isValue": "false" }
  },
  {
    "op": "add",
    "path": "/skipVariants/2",
    "value": "*-adamant",
    "file": "swordz:itemtypes/tool/parts/excavatorhead.json",
	"condition": { "when": "fantasymetalsenabled", "isValue": "false" }
  },
  {
    "op": "add",
    "path": "/skipVariants/3",
    "value": "*-mithril",
    "file": "swordz:itemtypes/tool/parts/excavatorhead.json",
	"condition": { "when": "fantasymetalsenabled", "isValue": "false" }
  },
  {
    "op": "add",
    "path": "/skipVariants/4",
    "value": "*-titanium",
    "file": "swordz:itemtypes/tool/parts/excavatorhead.json",
	"condition": { "when": "titaniumenabled", "isValue": "false" }
  },
  {
    "op": "add",
    "path": "/skipVariants/5",
    "value": "*-stainless",
    "file": "swordz:itemtypes/tool/parts/excavatorhead.json",
	"condition": { "when": "stainlessenabled", "isValue": "false" }
  },
  {
    "op": "replace",
    "path": "/enabled",
    "value": "false",
    "file": "swordz:itemtypes/tool/parts/excavatorhead.json",
	"condition": { "when": "excavatorenabled", "isValue": "false" }
  },
//////////
{
    "op": "add",
    "path": "/0/ingredients/E/skipVariants",
    "value": [
      "aithril",
	  "orichalcum",
	  "adamant",
	  "mithril"
    ],
    "file": "swordz:recipes/grid/tool/excavator.json",
	"condition": { "when": "fantasymetalsenabled", "isValue": "false" }
},
{
    "op": "replace",
    "path": "/0/ingredients/E/skipVariants",
    "value": [
      "aithril",
	  "orichalcum",
	  "adamant",
	  "mithril",
      "titanium"
    ],
    "file": "swordz:recipes/grid/tool/excavator.json",
	"condition": { "when": "titaniumenabled", "isValue": "false" }
},
{
    "op": "replace",
    "path": "/0/ingredients/E/skipVariants",
    "value": [
      "aithril",
	  "orichalcum",
	  "adamant",
	  "mithril",
      "titanium",
      "stainlesssteel"
    ],
    "file": "swordz:recipes/grid/tool/excavator.json",
	"condition": { "when": "stainlessenabled", "isValue": "false" }
},
{
    "op": "replace",
    "path": "/0/enabled",
    "value": "false",
    "file": "swordz:recipes/grid/tool/excavator.json",
	"condition": { "when": "excavatorenabled", "isValue": "false" }
},



{
    "op": "replace",
    "path": "/ingredient/allowedVariants",
    "value": [
      "steel",
	  "stainlesssteel",
  	  "titanium",
    ],
    "file": "swordz:recipes/smithing/heads/excavatorhead.json",
	"condition": { "when": "fantasymetalsenabled", "isValue": "false" }
},
{
    "op": "replace",
    "path": "/ingredient/allowedVariants",
    "value": [
      "steel",
	  "stainlesssteel"
    ],
    "file": "swordz:recipes/smithing/heads/excavatorhead.json",
	"condition": { "when": "titaniumenabled", "isValue": "false" }
},
{
    "op": "replace",
    "path": "/ingredient/allowedVariants",
    "value": [
      "steel"
    ],
    "file": "swordz:recipes/smithing/heads/excavatorhead.json",
	"condition": { "when": "stainlessenabled", "isValue": "false" }
},
{
    "op": "replace",
    "path": "/enabled",
    "value": "false",
    "file": "swordz:recipes/smithing/heads/excavatorhead.json",
	"condition": { "when": "excavatorenabled", "isValue": "false" }
},
////////////////////////////////////////////////// Disable Sledgehammer //////////////////////////////////////////////////
{
    "op": "add",
    "path": "/skipVariants/0",
    "value": "*-aithril",
    "file": "swordz:itemtypes/tool/sledgehammer.json",
	"condition": { "when": "fantasymetalsenabled", "isValue": "false" }
},
{
    "op": "add",
    "path": "/skipVariants/1",
    "value": "*-orichalcum",
    "file": "swordz:itemtypes/tool/sledgehammer.json",
	"condition": { "when": "fantasymetalsenabled", "isValue": "false" }
},
{
    "op": "add",
    "path": "/skipVariants/2",
    "value": "*-adamant",
    "file": "swordz:itemtypes/tool/sledgehammer.json",
	"condition": { "when": "fantasymetalsenabled", "isValue": "false" }
},
{
    "op": "add",
    "path": "/skipVariants/3",
    "value": "*-mithril",
    "file": "swordz:itemtypes/tool/sledgehammer.json",
	"condition": { "when": "fantasymetalsenabled", "isValue": "false" }
},
{
    "op": "add",
    "path": "/skipVariants/4",
    "value": "*-titanium",
    "file": "swordz:itemtypes/tool/sledgehammer.json",
	"condition": { "when": "titaniumenabled", "isValue": "false" }
},
{
    "op": "add",
    "path": "/skipVariants/5",
    "value": "*-stainless",
    "file": "swordz:itemtypes/tool/sledgehammer.json",
	"condition": { "when": "stainlessenabled", "isValue": "false" }
},
{
    "op": "replace",
    "path": "/enabled",
    "value": "false",
    "file": "swordz:itemtypes/tool/sledgehammer.json",
	"condition": { "when": "sledgehammerenabled", "isValue": "false" }
},


//////////
{
    "op": "add",
    "path": "/skipVariants/0",
    "value": "*-aithril",
    "file": "swordz:itemtypes/tool/parts/sledgehammerhead.json",
	"condition": { "when": "fantasymetalsenabled", "isValue": "false" }
},
{
    "op": "add",
    "path": "/skipVariants/1",
    "value": "*-orichalcum",
    "file": "swordz:itemtypes/tool/parts/sledgehammerhead.json",
	"condition": { "when": "fantasymetalsenabled", "isValue": "false" }
},
{
    "op": "add",
    "path": "/skipVariants/2",
    "value": "*-adamant",
    "file": "swordz:itemtypes/tool/parts/sledgehammerhead.json",
	"condition": { "when": "fantasymetalsenabled", "isValue": "false" }
},
{
    "op": "add",
    "path": "/skipVariants/3",
    "value": "*-mithril",
    "file": "swordz:itemtypes/tool/parts/sledgehammerhead.json",
	"condition": { "when": "fantasymetalsenabled", "isValue": "false" }
},
{
    "op": "add",
    "path": "/skipVariants/4",
    "value": "*-titanium",
    "file": "swordz:itemtypes/tool/parts/sledgehammerhead.json",
	"condition": { "when": "titaniumenabled", "isValue": "false" }
},
{
    "op": "add",
    "path": "/skipVariants/5",
    "value": "*-stainless",
    "file": "swordz:itemtypes/tool/parts/sledgehammerhead.json",
	"condition": { "when": "stainlessenabled", "isValue": "false" }
},
{
    "op": "replace",
    "path": "/enabled",
    "value": "false",
    "file": "swordz:itemtypes/tool/parts/sledgehammerhead.json",
	"condition": { "when": "sledgehammerenabled", "isValue": "false" }
},
//////////
{
    "op": "add",
    "path": "/0/ingredients/E/skipVariants",
    "value": [
      "aithril",
	  "orichalcum",
	  "adamant",
	  "mithril"
    ],
    "file": "swordz:recipes/grid/tool/sledgehammer.json",
	"condition": { "when": "fantasymetalsenabled", "isValue": "false" }
},
{
    "op": "replace",
    "path": "/0/ingredients/E/skipVariants",
    "value": [
      "aithril",
	  "orichalcum",
	  "adamant",
	  "mithril",
      "titanium"
    ],
    "file": "swordz:recipes/grid/tool/sledgehammer.json",
	"condition": { "when": "titaniumenabled", "isValue": "false" }
},
{
    "op": "replace",
    "path": "/0/ingredients/E/skipVariants",
    "value": [
      "aithril",
	  "orichalcum",
	  "adamant",
	  "mithril",
      "titanium",
      "stainlesssteel"
    ],
    "file": "swordz:recipes/grid/tool/sledgehammer.json",
	"condition": { "when": "stainlessenabled", "isValue": "false" }
},
{
    "op": "replace",
    "path": "/0/enabled",
    "value": "false",
    "file": "swordz:recipes/grid/tool/sledgehammerhead.json",
	"condition": { "when": "sledgehammerenabled", "isValue": "false" }
},



{
    "op": "replace",
    "path": "/ingredient/allowedVariants",
    "value": [
      "steel",
	  "stainlesssteel",
  	  "titanium",
	  "iron",
    ],
    "file": "swordz:recipes/smithing/heads/sledgehead.json",
	"condition": { "when": "fantasymetalsenabled", "isValue": "false" }
},
{
    "op": "replace",
    "path": "/ingredient/allowedVariants",
    "value": [
      "steel",
	  "stainlesssteel",
	  "iron"
    ],
    "file": "swordz:recipes/smithing/heads/sledgehead.json",
	"condition": { "when": "titaniumenabled", "isValue": "false" }
},
{
    "op": "replace",
    "path": "/ingredient/allowedVariants",
    "value": [
      "steel",
	  "iron"
    ],
    "file": "swordz:recipes/smithing/heads/sledgehead.json",
	"condition": { "when": "stainlessenabled", "isValue": "false" }
},
{
    "op": "replace",
    "path": "/enabled",
    "value": "false",
    "file": "swordz:recipes/smithing/heads/sledgehead.json",
	"condition": { "when": "sledgehammerenabled", "isValue": "false" }
},
////////////////////////////////////////////////// Disable Tunneler //////////////////////////////////////////////////
//		works for the most part, need to refine it, e.g. Fantasy being off still shows steel tunnelers w/ fantasy hafts
{
    "op": "add",
    "path": "/skipVariants/0",
    "value": "*-aithril-*",
    "file": "swordz:itemtypes/tool/tunneler.json",
	"condition": { "when": "fantasymetalsenabled", "isValue": "false" }
},
{
    "op": "add",
    "path": "/skipVariants/1",
    "value": "*-orichalcum-*",
    "file": "swordz:itemtypes/tool/tunneler.json",
	"condition": { "when": "fantasymetalsenabled", "isValue": "false" }
},
{
    "op": "add",
    "path": "/skipVariants/2",
    "value": "*-adamant-*",
    "file": "swordz:itemtypes/tool/tunneler.json",
	"condition": { "when": "fantasymetalsenabled", "isValue": "false" }
},
{
    "op": "add",
    "path": "/skipVariants/3",
    "value": "*-mithril-*",
    "file": "swordz:itemtypes/tool/tunneler.json",
	"condition": { "when": "fantasymetalsenabled", "isValue": "false" }
},
{
    "op": "add",
    "path": "/skipVariants/4",
    "value": "*-titanium-*",
    "file": "swordz:itemtypes/tool/tunneler.json",
	"condition": { "when": "titaniumenabled", "isValue": "false" }
},
{
    "op": "add",
    "path": "/skipVariants/5",
    "value": "*-stainless-*",
    "file": "swordz:itemtypes/tool/tunneler.json",
	"condition": { "when": "stainlessenabled", "isValue": "false" }
},
{
    "op": "replace",
    "path": "/enabled",
    "value": "false",
    "file": "swordz:itemtypes/tool/tunneler.json",
	"condition": { "when": "tunnelerenabled", "isValue": "false" }
},


//////////
{
    "op": "add",
    "path": "/skipVariants/0",
    "value": "*-aithril",
    "file": "swordz:itemtypes/tool/parts/tunnelerhead.json",
	"condition": { "when": "fantasymetalsenabled", "isValue": "false" }
},
{
    "op": "add",
    "path": "/skipVariants/1",
    "value": "*-orichalcum",
    "file": "swordz:itemtypes/tool/parts/tunnelerhead.json",
	"condition": { "when": "fantasymetalsenabled", "isValue": "false" }
},
{
    "op": "add",
    "path": "/skipVariants/2",
    "value": "*-adamant",
    "file": "swordz:itemtypes/tool/parts/tunnelerhead.json",
	"condition": { "when": "fantasymetalsenabled", "isValue": "false" }
},
{
    "op": "add",
    "path": "/skipVariants/3",
    "value": "*-mithril",
    "file": "swordz:itemtypes/tool/parts/tunnelerhead.json",
	"condition": { "when": "fantasymetalsenabled", "isValue": "false" }
},
{
    "op": "add",
    "path": "/skipVariants/4",
    "value": "*-titanium",
    "file": "swordz:itemtypes/tool/parts/tunnelerhead.json",
	"condition": { "when": "titaniumenabled", "isValue": "false" }
},
{
    "op": "add",
    "path": "/skipVariants/5",
    "value": "*-stainless",
    "file": "swordz:itemtypes/tool/parts/tunnelerhead.json",
	"condition": { "when": "stainlessenabled", "isValue": "false" }
},
{
    "op": "replace",
    "path": "/enabled",
    "value": "false",
    "file": "swordz:itemtypes/tool/parts/tunnelerhead.json",
	"condition": { "when": "tunnelerenabled", "isValue": "false" }
},
//////////
{
    "op": "add",
    "path": "/0/ingredients/P/skipVariants",
    "value": [
      "aithril",
	  "orichalcum",
	  "adamant",
	  "mithril"
    ],
    "file": "swordz:recipes/grid/tool/tunneler.json",
	"condition": { "when": "fantasymetalsenabled", "isValue": "false" }
},
{
    "op": "replace",
    "path": "/0/ingredients/P/skipVariants",
    "value": [
      "aithril",
	  "orichalcum",
	  "adamant",
	  "mithril",
      "titanium"
    ],
    "file": "swordz:recipes/grid/tool/tunneler.json",
	"condition": { "when": "titaniumenabled", "isValue": "false" }
},
{
    "op": "replace",
    "path": "/0/ingredients/P/skipVariants",
    "value": [
      "aithril",
	  "orichalcum",
	  "adamant",
	  "mithril",
      "titanium",
      "stainlesssteel"
    ],
    "file": "swordz:recipes/grid/tool/tunneler.json",
	"condition": { "when": "stainlessenabled", "isValue": "false" }
},



{
    "op": "add",
    "path": "/0/ingredients/S/skipVariants",
    "value": [
      "aithril",
	  "orichalcum",
	  "adamant",
	  "mithril"
    ],
    "file": "swordz:recipes/grid/tool/tunneler.json",
	"condition": { "when": "fantasymetalsenabled", "isValue": "false" }
},
{
    "op": "replace",
    "path": "/0/ingredients/S/skipVariants",
    "value": [
      "aithril",
	  "orichalcum",
	  "adamant",
	  "mithril",
      "titanium"
    ],
    "file": "swordz:recipes/grid/tool/tunneler.json",
	"condition": { "when": "titaniumenabled", "isValue": "false" }
},
{
    "op": "replace",
    "path": "/0/ingredients/S/skipVariants",
    "value": [
      "aithril",
	  "orichalcum",
	  "adamant",
	  "mithril",
      "titanium",
      "stainlesssteel"
    ],
    "file": "swordz:recipes/grid/tool/tunneler.json",
	"condition": { "when": "stainlessenabled", "isValue": "false" }
},







{
    "op": "replace",
    "path": "/0/enabled",
    "value": "false",
    "file": "swordz:recipes/grid/tool/tunnelerhead.json",
	"condition": { "when": "tunnelerenabled", "isValue": "false" }
},
{
    "op": "replace",
    "path": "/ingredient/allowedVariants",
    "value": [
      "steel",
	  "stainlesssteel",
  	  "titanium"
    ],
    "file": "swordz:recipes/smithing/heads/tunnelerhead.json",
	"condition": { "when": "fantasymetalsenabled", "isValue": "false" }
},
{
    "op": "replace",
    "path": "/ingredient/allowedVariants",
    "value": [
      "steel",
	  "stainlesssteel"
    ],
    "file": "swordz:recipes/smithing/heads/tunnelerhead.json",
	"condition": { "when": "titaniumenabled", "isValue": "false" }
},
{
    "op": "replace",
    "path": "/ingredient/allowedVariants",
    "value": [
      "steel"
	  ],
    "file": "swordz:recipes/smithing/heads/tunnelerhead.json",
	"condition": { "when": "stainlessenabled", "isValue": "false" }
},
{
    "op": "replace",
    "path": "/enabled",
    "value": "false",
    "file": "swordz:recipes/smithing/heads/tunnelerhead.json",
	"condition": { "when": "tunnelerenabled", "isValue": "false" }
},
////////////////////////////////////////////////// Disable Metal Blocks //////////////////////////////////////////////////

  {
    "op": "add",
    "path": "/skipVariants/21",
    "value": "metalblock-*-*-mithril",
    "file": "game:blocktypes/metal/metalblock.json",
	"condition": { "when": "metalblocksdisabled", "isValue": "true" }
  },
  {
    "op": "add",
    "path": "/skipVariants/22",
    "value": "metalblock-*-*-unfoldedmithril",
    "file": "game:blocktypes/metal/metalblock.json"
  },
  {
    "op": "add",
    "path": "/skipVariants/23",
    "value": "metalblock-*-*-adamant",
    "file": "game:blocktypes/metal/metalblock.json",
	"condition": { "when": "metalblocksdisabled", "isValue": "true" }
  },
  {
    "op": "add",
    "path": "/skipVariants/24",
    "value": "metalblock-*-*-orichalcum",
    "file": "game:blocktypes/metal/metalblock.json",
  	"condition": { "when": "metalblocksdisabled", "isValue": "true" }
  },
  {
    "op": "add",
    "path": "/skipVariants/25",
    "value": "metalblock-*-*-aithril",
    "file": "game:blocktypes/metal/metalblock.json",
  	"condition": { "when": "metalblocksdisabled", "isValue": "true" }
  },
    {
    "op": "add",
    "path": "/ingredients/G/skipVariants/13",
    "value": "mithril",
    "file": "game:recipes/grid/metalblock.json",
  	"condition": { "when": "metalblocksdisabled", "isValue": "true" }	
  },
  {
    "op": "add",
    "path": "/ingredients/G/skipVariants/14",
    "value": "unfoldedmithril",
    "file": "game:recipes/grid/metalblock.json"
  },
  {
    "op": "add",
    "path": "/ingredients/G/skipVariants/15",
    "value": "adamant",
    "file": "game:recipes/grid/metalblock.json",
  	"condition": { "when": "metalblocksdisabled", "isValue": "true" }
  },
  {
    "op": "add",
    "path": "/ingredients/G/skipVariants/16",
    "value": "orichalcum",
    "file": "game:recipes/grid/metalblock.json",
  	"condition": { "when": "metalblocksdisabled", "isValue": "true" }
  },
  {
    "op": "add",
    "path": "/ingredients/G/skipVariants/17",
    "value": "aithril",
    "file": "game:recipes/grid/metalblock.json",
  	"condition": { "when": "metalblocksdisabled", "isValue": "true" }
  },

////////////////////////////////////////////////// Disable Metalore Deposits //////////////////////////////////////////////////
  {
    "op": "replace",
    "path": "/0/enabled",
    "value": false,
    "file": "game:worldgen/deposits/metalore/mithril.json",
    "condition": { "when": "fantasymetalsenabled", "isValue": "false" }
  },
  {
    "op": "replace",
    "path": "/0/enabled",
    "value": false,
    "file": "game:worldgen/deposits/metalore/adamant.json",
    "condition": { "when": "fantasymetalsenabled", "isValue": "false" }
  },
  {
    "op": "replace",
    "path": "/0/enabled",
    "value": false,
    "file": "game:worldgen/deposits/metalore/orichalcum.json",
    "condition": { "when": "fantasymetalsenabled", "isValue": "false" }
  },
  
  
  {
    "op": "replace",
    "path": "/0/enabled",
    "value": false,
    "file": "swordz:blocktypes/meteoriteaithril.json",
    "condition": { "when": "fantasymetalsenabled", "isValue": "false" }
  },
  
  
////////////////////////////////////////////////// Disable Sheets - Not working //////////////////////////////////////////////////
  {
    "op": "add",
    "path": "/skipVariants",
    "value": [
      "unfoldedmithril"
    ],
    "file": "game:blocktypes/metal/sheet.json",
    "condition": { "when": "fantasymetalsenabled", "isValue": "true" }
  },
  {
    "op": "add",
    "path": "/skipVariants",
    "value": [
      "unfoldedmithril",
	  "mithril",
	  "adamant",
	  "orichalcum",
	  "aithril"
    ],
    "file": "game:blocktypes/metal/sheet.json",
    "condition": { "when": "fantasymetalsenabled", "isValue": "false" }
  },



////////////////////////////////////////////////// Mithril Bloom Handbook - Not Working , why? //////////////////////////////////////////////////
/*  
  {
    "op": "replace",
    "path": "/enabled",
    "value": false,
    "file": "swordz:itemtypes/misc/mithrilbloom.json",
    "condition": { "when": "fantasymetalsenabled", "isValue": "false" }
  },
*/
////////////////////////////////////////////////// Disable Hafts //////////////////////////////////////////////////
  {
    "op": "add",
    "path": "/skipVariants/0",
    "value": "haft-mithril",
    "file": "swordz:itemtypes/misc/metalhaft.json",
	"condition": { "when": "fantasymetalsenabled", "isValue": "false" }
  },
  {
    "op": "add",
    "path": "/skipVariants/1",
    "value": "haft-adamant",
    "file": "swordz:itemtypes/misc/metalhaft.json",
	"condition": { "when": "fantasymetalsenabled", "isValue": "false" }
  },
  {
    "op": "add",
    "path": "/skipVariants/2",
    "value": "haft-orichalcum",
    "file": "swordz:itemtypes/misc/metalhaft.json",
	"condition": { "when": "fantasymetalsenabled", "isValue": "false" }
  },
  {
    "op": "add",
    "path": "/skipVariants/3",
    "value": "haft-aithril",
    "file": "swordz:itemtypes/misc/metalhaft.json",
	"condition": { "when": "fantasymetalsenabled", "isValue": "false" }
  },
  {
    "op": "add",
    "path": "/skipVariants/4",
    "value": "haft-titanium",
    "file": "swordz:itemtypes/misc/metalhaft.json",
	"condition": { "when": "titaniumenabled", "isValue": "false" }
  },
  {
    "op": "add",
    "path": "/skipVariants/5",
    "value": "haft-stainlesssteel",
    "file": "swordz:itemtypes/misc/metalhaft.json",
	"condition": { "when": "stainlessenabled", "isValue": "false" }
  },
{
    "op": "replace",
    "path": "/ingredient/allowedVariants",
    "value": [
	"copper",
	"bismuthbronze",
	"tinbronze",
	"blackbronze",
	"iron",
	"meteoriciron",
	"steel",
	"stainlesssteel",
	"titanium"
    ],
    "file": "swordz:recipes/smithing/metalhaft.json",
	"condition": { "when": "fantasymetalsenabled", "isValue": "false" }
},
{
    "op": "replace",
    "path": "/ingredient/allowedVariants",
    "value": [
	"copper",
	"bismuthbronze",
	"tinbronze",
	"blackbronze",
	"iron",
	"meteoriciron",
	"steel",
	"stainlesssteel",
    ],
    "file": "swordz:recipes/smithing/metalhaft.json",
	"condition": { "when": "titaniumenabled", "isValue": "false" }
},
{
    "op": "replace",
    "path": "/ingredient/allowedVariants",
    "value": [
	"copper",
	"bismuthbronze",
	"tinbronze",
	"blackbronze",
	"iron",
	"meteoriciron",
	"steel",
    ],
    "file": "swordz:recipes/smithing/metalhaft.json",
	"condition": { "when": "stainlessenabled", "isValue": "false" }
},

////////////////////////////////////////////////// Skip Prepared Ingot Variants //////////////////////////////////////////////////
  {
    "op": "add",
    "path": "/skipVariants/0",
    "value": "ingot-preparedmithril",
    "file": "swordz:itemtypes/misc/preparedingots.json",
	"condition": { "when": "fantasymetalsenabled", "isValue": "false" }
  },
  {
    "op": "add",
    "path": "/skipVariants/1",
    "value": "ingot-preparedadamant",
    "file": "swordz:itemtypes/misc/preparedingots.json",
	"condition": { "when": "fantasymetalsenabled", "isValue": "false" }
  },
  {
    "op": "add",
    "path": "/skipVariants/2",
    "value": "ingot-preparedorichalcum",
    "file": "swordz:itemtypes/misc/preparedingots.json",
	"condition": { "when": "fantasymetalsenabled", "isValue": "false" }
  },
  {
    "op": "add",
    "path": "/skipVariants/3",
    "value": "ingot-preparedaithril",
    "file": "swordz:itemtypes/misc/preparedingots.json",
	"condition": { "when": "fantasymetalsenabled", "isValue": "false" }
  },
  {
    "op": "add",
    "path": "/skipVariants/4",
    "value": "ingot-preparedtitanium",
    "file": "swordz:itemtypes/misc/preparedingots.json",
	"condition": { "when": "titaniumenabled", "isValue": "false" }
  },
  {
    "op": "add",
    "path": "/skipVariants/5",
    "value": "ingot-preparedstainless",
    "file": "swordz:itemtypes/misc/preparedingots.json",
	"condition": { "when": "stainlessenabled", "isValue": "false" }
  },



  {
    "op": "replace",
    "path": "/0/enabled",
    "value": false,
    "file": "swordz:recipes/grid/misc/preparedfantasy.json",
    "condition": { "when": "fantasymetalsenabled", "isValue": "false" }
  },
  {
    "op": "replace",
    "path": "/1/enabled",
    "value": false,
    "file": "swordz:recipes/grid/misc/preparedfantasy.json",
    "condition": { "when": "fantasymetalsenabled", "isValue": "false" }
  },
  {
    "op": "replace",
    "path": "/2/enabled",
    "value": false,
    "file": "swordz:recipes/grid/misc/preparedfantasy.json",
    "condition": { "when": "fantasymetalsenabled", "isValue": "false" }
  },
  {
    "op": "replace",
    "path": "/3/enabled",
    "value": false,
    "file": "swordz:recipes/grid/misc/preparedfantasy.json",
    "condition": { "when": "fantasymetalsenabled", "isValue": "false" }
  },
  {
    "op": "replace",
    "path": "/4/enabled",
    "value": false,
    "file": "swordz:recipes/grid/misc/preparedfantasy.json",
    "condition": { "when": "fantasymetalsenabled", "isValue": "false" }
  },
  {
    "op": "replace",
    "path": "/5/enabled",
    "value": false,
    "file": "swordz:recipes/grid/misc/preparedfantasy.json",
    "condition": { "when": "fantasymetalsenabled", "isValue": "false" }
  },
  {
    "op": "replace",
    "path": "/6/enabled",
    "value": false,
    "file": "swordz:recipes/grid/misc/preparedfantasy.json",
    "condition": { "when": "fantasymetalsenabled", "isValue": "false" }
  },
  {
    "op": "replace",
    "path": "/7/enabled",
    "value": false,
    "file": "swordz:recipes/grid/misc/preparedfantasy.json",
    "condition": { "when": "fantasymetalsenabled", "isValue": "false" }
  },









]