{
	"editor": {
		"backDropShape": "entity/land/basiccart",
		"collapsedPaths": "Root/ORIGIN/CanopyTop/CanopyTopRidge,Root/ORIGIN/RightBeam1,Root/ORIGIN/CanopyTop/CanopyTopRidge5,Root/ORIGIN/TopBeam,Root/ORIGIN/CanopyTop/CanopyTop5,Root/ORIGIN/CanopyTop41,Root/ORIGIN/CanopyTop/CanopyTop9,Root/ORIGIN/CanopyTop/CanopyTopRidge10",
		"allAngles": false,
		"entityTextureMode": false
	},
	"textureWidth": 16,
	"textureHeight": 16,
	"textureSizes": {
		"oak-h": [16,16],
		"canopycolor3": [16,16],
		"canopycolor4": [16,16],
		"oak": [16,16],
		"iron": [16,16]
	},
	"textures": {
		"iron": "block/metal/plate/iron",
		"oak": "block/wood/debarked/oak"
	},
	"elements": [
		{
			"name": "ORIGIN",
			"from": [ 7.0, 1.5, 0.0 ],
			"to": [ 8.0, 2.5, 1.0 ],
			"rotationOrigin": [ 8.0, 0.2, 0.0 ],
			"faces": {
			},
			"children": [
				{
					"name": "LeftBeam",
					"from": [ 9.9, 2.5, 1.45 ],
					"to": [ 11.7, 14.5, 2.75 ],
					"rotationOrigin": [ 24.9, 2.5, 1.5 ],
					"rotationY": 180.0,
					"faces": {
						"north": { "texture": "#oak-h", "uv": [ 3.5, 0.0, 15.5, 1.5 ], "rotation": 90 },
						"east": { "texture": "#oak-h", "uv": [ 3.0, 0.0, 15.0, 1.0 ], "rotation": 90 },
						"south": { "texture": "#oak-h", "uv": [ 3.5, 0.0, 15.5, 1.5 ], "rotation": 90 },
						"west": { "texture": "#oak-h", "uv": [ 4.0, 0.0, 16.0, 1.0 ], "rotation": 90 },
						"up": { "texture": "#oak-h", "uv": [ 0.0, 0.0, 1.0, 1.5 ], "rotation": 90 },
						"down": { "texture": "#oak-h", "uv": [ 0.0, 0.0, 1.0, 1.5 ], "rotation": 90 }
					},
					"children": [
						{
							"name": "LeftBeam2",
							"from": [ 0.0, 12.0, 0.0 ],
							"to": [ 1.8, 21.0, 1.3 ],
							"rotationOrigin": [ 0.0, 12.0, 0.0 ],
							"faces": {
								"north": { "texture": "#oak-h", "uv": [ 3.5, 0.0, 12.5, 1.5 ], "rotation": 90 },
								"east": { "texture": "#oak-h", "uv": [ 3.0, 0.0, 12.0, 1.0 ], "rotation": 90 },
								"south": { "texture": "#oak-h", "uv": [ 3.5, 0.0, 12.5, 1.5 ], "rotation": 90 },
								"west": { "texture": "#oak-h", "uv": [ 4.0, 0.0, 13.0, 1.0 ], "rotation": 90 },
								"up": { "texture": "#oak-h", "uv": [ 0.0, 0.0, 1.0, 1.5 ], "rotation": 90 },
								"down": { "texture": "#oak-h", "uv": [ 0.0, 0.0, 1.0, 1.5 ], "rotation": 90 }
							}
						},
						{
							"name": "LeftBeam4",
							"from": [ 15.0, 0.0, 0.0 ],
							"to": [ 16.8, 12.0, 1.3 ],
							"rotationOrigin": [ 15.0, 0.0, 0.0 ],
							"faces": {
								"north": { "texture": "#oak-h", "uv": [ 3.5, 0.0, 15.5, 1.5 ], "rotation": 90 },
								"east": { "texture": "#oak-h", "uv": [ 3.0, 0.0, 15.0, 1.0 ], "rotation": 90 },
								"south": { "texture": "#oak-h", "uv": [ 3.5, 0.0, 15.5, 1.5 ], "rotation": 90 },
								"west": { "texture": "#oak-h", "uv": [ 4.0, 0.0, 16.0, 1.0 ], "rotation": 90 },
								"up": { "texture": "#oak-h", "uv": [ 0.0, 0.0, 1.0, 1.5 ], "rotation": 90 },
								"down": { "texture": "#oak-h", "uv": [ 0.0, 0.0, 1.0, 1.5 ], "rotation": 90 }
							},
							"children": [
								{
									"name": "LeftBeam5",
									"from": [ 0.0, 12.0, 0.0 ],
									"to": [ 1.8, 21.0, 1.3 ],
									"rotationOrigin": [ 0.0, 12.0, 0.0 ],
									"faces": {
										"north": { "texture": "#oak-h", "uv": [ 3.5, 0.0, 12.5, 1.5 ], "rotation": 90 },
										"east": { "texture": "#oak-h", "uv": [ 3.0, 0.0, 12.0, 1.0 ], "rotation": 90 },
										"south": { "texture": "#oak-h", "uv": [ 3.5, 0.0, 12.5, 1.5 ], "rotation": 90 },
										"west": { "texture": "#oak-h", "uv": [ 4.0, 0.0, 13.0, 1.0 ], "rotation": 90 },
										"up": { "texture": "#oak-h", "uv": [ 0.0, 0.0, 1.0, 1.5 ], "rotation": 90 },
										"down": { "texture": "#oak-h", "uv": [ 0.0, 0.0, 1.0, 1.5 ], "rotation": 90 }
									}
								}
							]
						},
						{
							"name": "LeftBeam7",
							"from": [ 30.0, 0.0, 0.0 ],
							"to": [ 31.8, 12.0, 1.3 ],
							"rotationOrigin": [ 15.0, 0.0, 0.0 ],
							"faces": {
								"north": { "texture": "#oak-h", "uv": [ 3.5, 0.0, 15.5, 1.5 ], "rotation": 90 },
								"east": { "texture": "#oak-h", "uv": [ 3.0, 0.0, 15.0, 1.0 ], "rotation": 90 },
								"south": { "texture": "#oak-h", "uv": [ 3.5, 0.0, 15.5, 1.5 ], "rotation": 90 },
								"west": { "texture": "#oak-h", "uv": [ 4.0, 0.0, 16.0, 1.0 ], "rotation": 90 },
								"up": { "texture": "#oak-h", "uv": [ 0.0, 0.0, 1.0, 1.5 ], "rotation": 90 },
								"down": { "texture": "#oak-h", "uv": [ 0.0, 0.0, 1.0, 1.5 ], "rotation": 90 }
							},
							"children": [
								{
									"name": "LeftBeam8",
									"from": [ 0.0, 12.0, 0.0 ],
									"to": [ 1.8, 21.0, 1.3 ],
									"rotationOrigin": [ 0.0, 12.0, 0.0 ],
									"faces": {
										"north": { "texture": "#oak-h", "uv": [ 3.5, 0.0, 12.5, 1.5 ], "rotation": 90 },
										"east": { "texture": "#oak-h", "uv": [ 3.0, 0.0, 12.0, 1.0 ], "rotation": 90 },
										"south": { "texture": "#oak-h", "uv": [ 3.5, 0.0, 12.5, 1.5 ], "rotation": 90 },
										"west": { "texture": "#oak-h", "uv": [ 4.0, 0.0, 13.0, 1.0 ], "rotation": 90 },
										"up": { "texture": "#oak-h", "uv": [ 0.0, 0.0, 1.0, 1.5 ], "rotation": 90 },
										"down": { "texture": "#oak-h", "uv": [ 0.0, 0.0, 1.0, 1.5 ], "rotation": 90 }
									}
								}
							]
						},
						{
							"name": "LeftBeam10",
							"from": [ 45.0, 0.0, 0.0 ],
							"to": [ 46.8, 12.0, 1.3 ],
							"rotationOrigin": [ 15.0, 0.0, 0.0 ],
							"faces": {
								"north": { "texture": "#oak-h", "uv": [ 3.5, 0.0, 15.5, 1.5 ], "rotation": 90 },
								"east": { "texture": "#oak-h", "uv": [ 3.0, 0.0, 15.0, 1.0 ], "rotation": 90 },
								"south": { "texture": "#oak-h", "uv": [ 3.5, 0.0, 15.5, 1.5 ], "rotation": 90 },
								"west": { "texture": "#oak-h", "uv": [ 4.0, 0.0, 16.0, 1.0 ], "rotation": 90 },
								"up": { "texture": "#oak-h", "uv": [ 0.0, 0.0, 1.0, 1.5 ], "rotation": 90 },
								"down": { "texture": "#oak-h", "uv": [ 0.0, 0.0, 1.0, 1.5 ], "rotation": 90 }
							},
							"children": [
								{
									"name": "LeftBeam11",
									"from": [ 0.0, 12.0, 0.0 ],
									"to": [ 1.8, 21.0, 1.3 ],
									"rotationOrigin": [ 0.0, 12.0, 0.0 ],
									"faces": {
										"north": { "texture": "#oak-h", "uv": [ 3.5, 0.0, 12.5, 1.5 ], "rotation": 90 },
										"east": { "texture": "#oak-h", "uv": [ 3.0, 0.0, 12.0, 1.0 ], "rotation": 90 },
										"south": { "texture": "#oak-h", "uv": [ 3.5, 0.0, 12.5, 1.5 ], "rotation": 90 },
										"west": { "texture": "#oak-h", "uv": [ 4.0, 0.0, 13.0, 1.0 ], "rotation": 90 },
										"up": { "texture": "#oak-h", "uv": [ 0.0, 0.0, 1.0, 1.5 ], "rotation": 90 },
										"down": { "texture": "#oak-h", "uv": [ 0.0, 0.0, 1.0, 1.5 ], "rotation": 90 }
									}
								}
							]
						},
						{
							"name": "Board",
							"from": [ -6.0, 0.0, -0.5 ],
							"to": [ 10.0, 4.0, 0.0 ],
							"rotationOrigin": [ -6.0, 0.0, -0.5 ],
							"rotationZ": 16.0,
							"faces": {
								"north": { "texture": "#oak", "uv": [ 0.0, 0.0, 16.0, 4.0 ] },
								"east": { "texture": "#oak", "uv": [ 0.0, 0.0, 0.5, 4.0 ] },
								"south": { "texture": "#oak", "uv": [ 0.0, 0.0, 16.0, 4.0 ] },
								"west": { "texture": "#oak", "uv": [ 0.0, 0.0, 0.5, 4.0 ] },
								"up": { "texture": "#oak", "uv": [ 0.0, 0.0, 16.0, 0.5 ] },
								"down": { "texture": "#oak", "uv": [ 0.0, 0.0, 16.0, 0.5 ] }
							},
							"children": [
								{
									"name": "Board2",
									"from": [ 16.0, 0.0, 0.0 ],
									"to": [ 32.0, 4.0, 0.5 ],
									"rotationOrigin": [ 16.0, 0.0, 0.0 ],
									"faces": {
										"north": { "texture": "#oak", "uv": [ 0.0, 0.0, 16.0, 4.0 ] },
										"east": { "texture": "#oak", "uv": [ 0.0, 0.0, 0.5, 4.0 ] },
										"south": { "texture": "#oak", "uv": [ 0.0, 0.0, 16.0, 4.0 ] },
										"west": { "texture": "#oak", "uv": [ 0.0, 0.0, 0.5, 4.0 ] },
										"up": { "texture": "#oak", "uv": [ 0.0, 0.0, 16.0, 0.5 ] },
										"down": { "texture": "#oak", "uv": [ 0.0, 0.0, 16.0, 0.5 ] }
									}
								},
								{
									"name": "Board3",
									"from": [ 32.0, 0.0, 0.0 ],
									"to": [ 48.0, 4.0, 0.5 ],
									"rotationOrigin": [ 32.0, 0.0, 0.0 ],
									"faces": {
										"north": { "texture": "#oak", "uv": [ 0.0, 0.0, 16.0, 4.0 ] },
										"east": { "texture": "#oak", "uv": [ 0.0, 0.0, 0.5, 4.0 ] },
										"south": { "texture": "#oak", "uv": [ 0.0, 0.0, 16.0, 4.0 ] },
										"west": { "texture": "#oak", "uv": [ 0.0, 0.0, 0.5, 4.0 ] },
										"up": { "texture": "#oak", "uv": [ 0.0, 0.0, 16.0, 0.5 ] },
										"down": { "texture": "#oak", "uv": [ 0.0, 0.0, 16.0, 0.5 ] }
									}
								},
								{
									"name": "Board4",
									"from": [ 48.0, 0.0, 0.0 ],
									"to": [ 62.0, 4.0, 0.5 ],
									"rotationOrigin": [ 48.0, 0.0, 0.0 ],
									"faces": {
										"north": { "texture": "#oak", "uv": [ 1.5, 0.0, 15.5, 4.0 ] },
										"east": { "texture": "#oak", "uv": [ 0.0, 0.0, 0.5, 4.0 ] },
										"south": { "texture": "#oak", "uv": [ 2.0, 0.0, 16.0, 4.0 ] },
										"west": { "texture": "#oak", "uv": [ 0.0, 0.0, 0.5, 4.0 ] },
										"up": { "texture": "#oak", "uv": [ 0.0, 0.0, 14.0, 0.5 ] },
										"down": { "texture": "#oak", "uv": [ 0.0, 0.0, 14.0, 0.5 ] }
									}
								}
							]
						},
						{
							"name": "Board5",
							"from": [ -6.0, 17.0, -0.49 ],
							"to": [ 10.0, 21.0, 0.01 ],
							"rotationOrigin": [ -6.0, 17.0, -0.4 ],
							"rotationZ": -16.0,
							"faces": {
								"north": { "texture": "#oak", "uv": [ 0.0, 0.0, 16.0, 4.0 ] },
								"east": { "texture": "#oak", "uv": [ 0.0, 0.0, 0.5, 4.0 ] },
								"south": { "texture": "#oak", "uv": [ 0.0, 0.0, 16.0, 4.0 ] },
								"west": { "texture": "#oak", "uv": [ 0.0, 0.0, 0.5, 4.0 ] },
								"up": { "texture": "#oak", "uv": [ 0.0, 0.0, 16.0, 0.5 ] },
								"down": { "texture": "#oak", "uv": [ 0.0, 0.0, 16.0, 0.5 ] }
							},
							"children": [
								{
									"name": "Board6",
									"from": [ 16.0, 0.0, 0.0 ],
									"to": [ 32.0, 4.0, 0.5 ],
									"rotationOrigin": [ 16.0, 0.0, 0.0 ],
									"faces": {
										"north": { "texture": "#oak", "uv": [ 0.0, 0.0, 16.0, 4.0 ] },
										"east": { "texture": "#oak", "uv": [ 0.0, 0.0, 0.5, 4.0 ] },
										"south": { "texture": "#oak", "uv": [ 0.0, 0.0, 16.0, 4.0 ] },
										"west": { "texture": "#oak", "uv": [ 0.0, 0.0, 0.5, 4.0 ] },
										"up": { "texture": "#oak", "uv": [ 0.0, 0.0, 16.0, 0.5 ] },
										"down": { "texture": "#oak", "uv": [ 0.0, 0.0, 16.0, 0.5 ] }
									}
								},
								{
									"name": "Board7",
									"from": [ 32.0, 0.0, 0.0 ],
									"to": [ 48.0, 4.0, 0.5 ],
									"rotationOrigin": [ 32.0, 0.0, 0.0 ],
									"faces": {
										"north": { "texture": "#oak", "uv": [ 0.0, 0.0, 16.0, 4.0 ] },
										"east": { "texture": "#oak", "uv": [ 0.0, 0.0, 0.5, 4.0 ] },
										"south": { "texture": "#oak", "uv": [ 0.0, 0.0, 16.0, 4.0 ] },
										"west": { "texture": "#oak", "uv": [ 0.0, 0.0, 0.5, 4.0 ] },
										"up": { "texture": "#oak", "uv": [ 0.0, 0.0, 16.0, 0.5 ] },
										"down": { "texture": "#oak", "uv": [ 0.0, 0.0, 16.0, 0.5 ] }
									}
								},
								{
									"name": "Board8",
									"from": [ 48.0, 0.0, 0.0 ],
									"to": [ 62.0, 4.0, 0.5 ],
									"rotationOrigin": [ 48.0, 0.0, 0.0 ],
									"faces": {
										"north": { "texture": "#oak", "uv": [ 1.5, 0.0, 15.5, 4.0 ] },
										"east": { "texture": "#oak", "uv": [ 0.0, 0.0, 0.5, 4.0 ] },
										"south": { "texture": "#oak", "uv": [ 2.0, 0.0, 16.0, 4.0 ] },
										"west": { "texture": "#oak", "uv": [ 0.0, 0.0, 0.5, 4.0 ] },
										"up": { "texture": "#oak", "uv": [ 0.0, 0.0, 14.0, 0.5 ] },
										"down": { "texture": "#oak", "uv": [ 0.0, 0.0, 14.0, 0.5 ] }
									}
								}
							]
						},
						{
							"name": "Nail",
							"from": [ 0.65, 2.9, -0.7 ],
							"to": [ 1.15, 3.4, 1.5 ],
							"rotationOrigin": [ 0.7, 2.9, -0.7 ],
							"rotationX": 0.0,
							"faces": {
								"north": { "texture": "#iron", "uv": [ 0.0, 0.0, 0.5, 0.5 ] },
								"east": { "texture": "#iron", "uv": [ 0.0, 0.0, 2.0, 0.5 ] },
								"south": { "texture": "#iron", "uv": [ 0.0, 0.0, 0.5, 0.5 ] },
								"west": { "texture": "#iron", "uv": [ 0.0, 0.0, 2.0, 0.5 ] },
								"up": { "texture": "#iron", "uv": [ 0.0, 0.0, 0.5, 2.0 ] },
								"down": { "texture": "#iron", "uv": [ 0.0, 0.0, 0.5, 2.0 ] }
							},
							"children": [
								{
									"name": "Nail2",
									"from": [ 0.0, 2.0, 0.0 ],
									"to": [ 0.5, 2.5, 2.2 ],
									"rotationOrigin": [ 0.05, 2.0, 0.0 ],
									"rotationX": 0.0,
									"faces": {
										"north": { "texture": "#iron", "uv": [ 0.0, 0.0, 0.5, 0.5 ] },
										"east": { "texture": "#iron", "uv": [ 0.0, 0.0, 2.0, 0.5 ] },
										"south": { "texture": "#iron", "uv": [ 0.0, 0.0, 0.5, 0.5 ] },
										"west": { "texture": "#iron", "uv": [ 0.0, 0.0, 2.0, 0.5 ] },
										"up": { "texture": "#iron", "uv": [ 0.0, 0.0, 0.5, 2.0 ] },
										"down": { "texture": "#iron", "uv": [ 0.0, 0.0, 0.5, 2.0 ] }
									}
								},
								{
									"name": "Nail3",
									"from": [ 0.0, 13.0, 0.0 ],
									"to": [ 0.5, 13.5, 2.2 ],
									"rotationOrigin": [ 0.05, 13.0, 0.0 ],
									"rotationX": 0.0,
									"faces": {
										"north": { "texture": "#iron", "uv": [ 0.0, 0.0, 0.5, 0.5 ] },
										"east": { "texture": "#iron", "uv": [ 0.0, 0.0, 2.0, 0.5 ] },
										"south": { "texture": "#iron", "uv": [ 0.0, 0.0, 0.5, 0.5 ] },
										"west": { "texture": "#iron", "uv": [ 0.0, 0.0, 2.0, 0.5 ] },
										"up": { "texture": "#iron", "uv": [ 0.0, 0.0, 0.5, 2.0 ] },
										"down": { "texture": "#iron", "uv": [ 0.0, 0.0, 0.5, 2.0 ] }
									},
									"children": [
										{
											"name": "Nail4",
											"from": [ 0.0, 2.0, 0.0 ],
											"to": [ 0.5, 2.5, 2.2 ],
											"rotationOrigin": [ 0.05, 2.0, 0.0 ],
											"rotationX": 0.0,
											"faces": {
												"north": { "texture": "#iron", "uv": [ 0.0, 0.0, 0.5, 0.5 ] },
												"east": { "texture": "#iron", "uv": [ 0.0, 0.0, 2.0, 0.5 ] },
												"south": { "texture": "#iron", "uv": [ 0.0, 0.0, 0.5, 0.5 ] },
												"west": { "texture": "#iron", "uv": [ 0.0, 0.0, 2.0, 0.5 ] },
												"up": { "texture": "#iron", "uv": [ 0.0, 0.0, 0.5, 2.0 ] },
												"down": { "texture": "#iron", "uv": [ 0.0, 0.0, 0.5, 2.0 ] }
											}
										}
									]
								},
								{
									"name": "Nail13",
									"from": [ 15.0, 4.1, 0.0 ],
									"to": [ 15.5, 4.6, 2.2 ],
									"rotationOrigin": [ 15.05, 4.1, 0.0 ],
									"rotationX": 0.0,
									"faces": {
										"north": { "texture": "#iron", "uv": [ 0.0, 0.0, 0.5, 0.5 ] },
										"east": { "texture": "#iron", "uv": [ 0.0, 0.0, 2.0, 0.5 ] },
										"south": { "texture": "#iron", "uv": [ 0.0, 0.0, 0.5, 0.5 ] },
										"west": { "texture": "#iron", "uv": [ 0.0, 0.0, 2.0, 0.5 ] },
										"up": { "texture": "#iron", "uv": [ 0.0, 0.0, 0.5, 2.0 ] },
										"down": { "texture": "#iron", "uv": [ 0.0, 0.0, 0.5, 2.0 ] }
									},
									"children": [
										{
											"name": "Nail14",
											"from": [ 0.0, 2.0, 0.0 ],
											"to": [ 0.5, 2.5, 2.2 ],
											"rotationOrigin": [ 0.05, 2.0, 0.0 ],
											"rotationX": 0.0,
											"faces": {
												"north": { "texture": "#iron", "uv": [ 0.0, 0.0, 0.5, 0.5 ] },
												"east": { "texture": "#iron", "uv": [ 0.0, 0.0, 2.0, 0.5 ] },
												"south": { "texture": "#iron", "uv": [ 0.0, 0.0, 0.5, 0.5 ] },
												"west": { "texture": "#iron", "uv": [ 0.0, 0.0, 2.0, 0.5 ] },
												"up": { "texture": "#iron", "uv": [ 0.0, 0.0, 0.5, 2.0 ] },
												"down": { "texture": "#iron", "uv": [ 0.0, 0.0, 0.5, 2.0 ] }
											}
										},
										{
											"name": "Nail15",
											"from": [ 0.0, 4.7, 0.0 ],
											"to": [ 0.5, 5.2, 2.2 ],
											"rotationOrigin": [ 0.05, 4.7, 0.0 ],
											"rotationX": 0.0,
											"faces": {
												"north": { "texture": "#iron", "uv": [ 0.0, 0.0, 0.5, 0.5 ] },
												"east": { "texture": "#iron", "uv": [ 0.0, 0.0, 2.0, 0.5 ] },
												"south": { "texture": "#iron", "uv": [ 0.0, 0.0, 0.5, 0.5 ] },
												"west": { "texture": "#iron", "uv": [ 0.0, 0.0, 2.0, 0.5 ] },
												"up": { "texture": "#iron", "uv": [ 0.0, 0.0, 0.5, 2.0 ] },
												"down": { "texture": "#iron", "uv": [ 0.0, 0.0, 0.5, 2.0 ] }
											},
											"children": [
												{
													"name": "Nail16",
													"from": [ 0.0, 2.0, 0.0 ],
													"to": [ 0.5, 2.5, 2.2 ],
													"rotationOrigin": [ 0.05, 2.0, 0.0 ],
													"rotationX": 0.0,
													"faces": {
														"north": { "texture": "#iron", "uv": [ 0.0, 0.0, 0.5, 0.5 ] },
														"east": { "texture": "#iron", "uv": [ 0.0, 0.0, 2.0, 0.5 ] },
														"south": { "texture": "#iron", "uv": [ 0.0, 0.0, 0.5, 0.5 ] },
														"west": { "texture": "#iron", "uv": [ 0.0, 0.0, 2.0, 0.5 ] },
														"up": { "texture": "#iron", "uv": [ 0.0, 0.0, 0.5, 2.0 ] },
														"down": { "texture": "#iron", "uv": [ 0.0, 0.0, 0.5, 2.0 ] }
													}
												}
											]
										}
									]
								},
								{
									"name": "Nail5",
									"from": [ 45.0, 0.0, 0.0 ],
									"to": [ 45.5, 0.5, 2.2 ],
									"rotationOrigin": [ 45.05, 0.0, 0.0 ],
									"rotationX": 0.0,
									"faces": {
										"north": { "texture": "#iron", "uv": [ 0.0, 0.0, 0.5, 0.5 ] },
										"east": { "texture": "#iron", "uv": [ 0.0, 0.0, 2.0, 0.5 ] },
										"south": { "texture": "#iron", "uv": [ 0.0, 0.0, 0.5, 0.5 ] },
										"west": { "texture": "#iron", "uv": [ 0.0, 0.0, 2.0, 0.5 ] },
										"up": { "texture": "#iron", "uv": [ 0.0, 0.0, 0.5, 2.0 ] },
										"down": { "texture": "#iron", "uv": [ 0.0, 0.0, 0.5, 2.0 ] }
									},
									"children": [
										{
											"name": "Nail6",
											"from": [ 0.0, 2.0, 0.0 ],
											"to": [ 0.5, 2.5, 2.2 ],
											"rotationOrigin": [ 0.05, 2.0, 0.0 ],
											"rotationX": 0.0,
											"faces": {
												"north": { "texture": "#iron", "uv": [ 0.0, 0.0, 0.5, 0.5 ] },
												"east": { "texture": "#iron", "uv": [ 0.0, 0.0, 2.0, 0.5 ] },
												"south": { "texture": "#iron", "uv": [ 0.0, 0.0, 0.5, 0.5 ] },
												"west": { "texture": "#iron", "uv": [ 0.0, 0.0, 2.0, 0.5 ] },
												"up": { "texture": "#iron", "uv": [ 0.0, 0.0, 0.5, 2.0 ] },
												"down": { "texture": "#iron", "uv": [ 0.0, 0.0, 0.5, 2.0 ] }
											}
										},
										{
											"name": "Nail7",
											"from": [ 0.0, 13.0, 0.0 ],
											"to": [ 0.5, 13.5, 2.2 ],
											"rotationOrigin": [ 0.05, 13.0, 0.0 ],
											"rotationX": 0.0,
											"faces": {
												"north": { "texture": "#iron", "uv": [ 0.0, 0.0, 0.5, 0.5 ] },
												"east": { "texture": "#iron", "uv": [ 0.0, 0.0, 2.0, 0.5 ] },
												"south": { "texture": "#iron", "uv": [ 0.0, 0.0, 0.5, 0.5 ] },
												"west": { "texture": "#iron", "uv": [ 0.0, 0.0, 2.0, 0.5 ] },
												"up": { "texture": "#iron", "uv": [ 0.0, 0.0, 0.5, 2.0 ] },
												"down": { "texture": "#iron", "uv": [ 0.0, 0.0, 0.5, 2.0 ] }
											},
											"children": [
												{
													"name": "Nail8",
													"from": [ 0.0, 2.0, 0.0 ],
													"to": [ 0.5, 2.5, 2.2 ],
													"rotationOrigin": [ 0.05, 2.0, 0.0 ],
													"rotationX": 0.0,
													"faces": {
														"north": { "texture": "#iron", "uv": [ 0.0, 0.0, 0.5, 0.5 ] },
														"east": { "texture": "#iron", "uv": [ 0.0, 0.0, 2.0, 0.5 ] },
														"south": { "texture": "#iron", "uv": [ 0.0, 0.0, 0.5, 0.5 ] },
														"west": { "texture": "#iron", "uv": [ 0.0, 0.0, 2.0, 0.5 ] },
														"up": { "texture": "#iron", "uv": [ 0.0, 0.0, 0.5, 2.0 ] },
														"down": { "texture": "#iron", "uv": [ 0.0, 0.0, 0.5, 2.0 ] }
													}
												}
											]
										}
									]
								},
								{
									"name": "Nail9",
									"from": [ 30.0, 4.1, 0.0 ],
									"to": [ 30.5, 4.6, 2.2 ],
									"rotationOrigin": [ 30.05, 4.1, 0.0 ],
									"rotationX": 0.0,
									"faces": {
										"north": { "texture": "#iron", "uv": [ 0.0, 0.0, 0.5, 0.5 ] },
										"east": { "texture": "#iron", "uv": [ 0.0, 0.0, 2.0, 0.5 ] },
										"south": { "texture": "#iron", "uv": [ 0.0, 0.0, 0.5, 0.5 ] },
										"west": { "texture": "#iron", "uv": [ 0.0, 0.0, 2.0, 0.5 ] },
										"up": { "texture": "#iron", "uv": [ 0.0, 0.0, 0.5, 2.0 ] },
										"down": { "texture": "#iron", "uv": [ 0.0, 0.0, 0.5, 2.0 ] }
									},
									"children": [
										{
											"name": "Nail10",
											"from": [ 0.0, 2.0, 0.0 ],
											"to": [ 0.5, 2.5, 2.2 ],
											"rotationOrigin": [ 0.05, 2.0, 0.0 ],
											"rotationX": 0.0,
											"faces": {
												"north": { "texture": "#iron", "uv": [ 0.0, 0.0, 0.5, 0.5 ] },
												"east": { "texture": "#iron", "uv": [ 0.0, 0.0, 2.0, 0.5 ] },
												"south": { "texture": "#iron", "uv": [ 0.0, 0.0, 0.5, 0.5 ] },
												"west": { "texture": "#iron", "uv": [ 0.0, 0.0, 2.0, 0.5 ] },
												"up": { "texture": "#iron", "uv": [ 0.0, 0.0, 0.5, 2.0 ] },
												"down": { "texture": "#iron", "uv": [ 0.0, 0.0, 0.5, 2.0 ] }
											}
										},
										{
											"name": "Nail11",
											"from": [ 0.0, 4.7, 0.0 ],
											"to": [ 0.5, 5.2, 2.2 ],
											"rotationOrigin": [ 0.05, 4.7, 0.0 ],
											"rotationX": 0.0,
											"faces": {
												"north": { "texture": "#iron", "uv": [ 0.0, 0.0, 0.5, 0.5 ] },
												"east": { "texture": "#iron", "uv": [ 0.0, 0.0, 2.0, 0.5 ] },
												"south": { "texture": "#iron", "uv": [ 0.0, 0.0, 0.5, 0.5 ] },
												"west": { "texture": "#iron", "uv": [ 0.0, 0.0, 2.0, 0.5 ] },
												"up": { "texture": "#iron", "uv": [ 0.0, 0.0, 0.5, 2.0 ] },
												"down": { "texture": "#iron", "uv": [ 0.0, 0.0, 0.5, 2.0 ] }
											},
											"children": [
												{
													"name": "Nail12",
													"from": [ 0.0, 2.0, 0.0 ],
													"to": [ 0.5, 2.5, 2.2 ],
													"rotationOrigin": [ 0.05, 2.0, 0.0 ],
													"rotationX": 0.0,
													"faces": {
														"north": { "texture": "#iron", "uv": [ 0.0, 0.0, 0.5, 0.5 ] },
														"east": { "texture": "#iron", "uv": [ 0.0, 0.0, 2.0, 0.5 ] },
														"south": { "texture": "#iron", "uv": [ 0.0, 0.0, 0.5, 0.5 ] },
														"west": { "texture": "#iron", "uv": [ 0.0, 0.0, 2.0, 0.5 ] },
														"up": { "texture": "#iron", "uv": [ 0.0, 0.0, 0.5, 2.0 ] },
														"down": { "texture": "#iron", "uv": [ 0.0, 0.0, 0.5, 2.0 ] }
													}
												}
											]
										}
									]
								}
							]
						}
					]
				}
			]
		}
	]}