{
	"editor": {
		"backDropShape": "entity/land/cart1",
		"collapsedPaths": "Root/ORIGIN/CanopyTop/CanopyTopRidge,Root/ORIGIN/RightBeam1,Root/ORIGIN/CanopyTop/CanopyTopRidge5,Root/ORIGIN/TopBeam,Root/ORIGIN/CanopyTop/CanopyTop5,Root/ORIGIN/CanopyTop41,Root/ORIGIN/CanopyTop/CanopyTop9,Root/ORIGIN/CanopyTop/CanopyTopRidge10",
		"allAngles": false,
		"entityTextureMode": false
	},
	"textureWidth": 16,
	"textureHeight": 16,
	"textureSizes": {
		"oak-h": [16,16],
		"canopycolor3": [16,16],
		"canopycolor4": [16,16]
	},
	"textures": {
		"canopycolor4": "game:block/cloth/basic/green",
		"canopycolor3": "game:block/cloth/linen/green",
		"oak-h": "game:block/wood/bark/oak-h"
	},
	"elements": [
		{
			"name": "ORIGIN",
			"from": [ 7.0, 1.5, 0.0 ],
			"to": [ 8.0, 2.5, 1.0 ],
			"rotationOrigin": [ 8.0, 0.2, 0.0 ],
			"faces": {
			},
			"children": [
				{
					"name": "LeftBeam",
					"from": [ -6.9, 2.5, 0.3 ],
					"to": [ -5.1, 14.5, 1.6 ],
					"rotationOrigin": [ -6.9, 2.5, 0.3 ],
					"faces": {
						"north": { "texture": "#oak-h", "uv": [ 3.5, 0.0, 15.5, 1.5 ], "rotation": 90 },
						"east": { "texture": "#oak-h", "uv": [ 3.0, 0.0, 15.0, 1.0 ], "rotation": 90 },
						"south": { "texture": "#oak-h", "uv": [ 3.5, 0.0, 15.5, 1.5 ], "rotation": 90 },
						"west": { "texture": "#oak-h", "uv": [ 4.0, 0.0, 16.0, 1.0 ], "rotation": 90 },
						"up": { "texture": "#oak-h", "uv": [ 0.0, 0.0, 1.0, 1.5 ], "rotation": 90 },
						"down": { "texture": "#oak-h", "uv": [ 0.0, 0.0, 1.0, 1.5 ], "rotation": 90 }
					},
					"children": [
						{
							"name": "LeftBeam2",
							"from": [ 0.0, 12.0, 0.0 ],
							"to": [ 1.8, 22.0, 1.3 ],
							"rotationOrigin": [ 0.0, 12.0, 0.0 ],
							"faces": {
								"north": { "texture": "#oak-h", "uv": [ 3.5, 0.0, 13.5, 1.5 ], "rotation": 90 },
								"east": { "texture": "#oak-h", "uv": [ 3.0, 0.0, 13.0, 1.0 ], "rotation": 90 },
								"south": { "texture": "#oak-h", "uv": [ 3.5, 0.0, 13.5, 1.5 ], "rotation": 90 },
								"west": { "texture": "#oak-h", "uv": [ 4.0, 0.0, 14.0, 1.0 ], "rotation": 90 },
								"up": { "texture": "#oak-h", "uv": [ 0.0, 0.0, 1.0, 1.5 ], "rotation": 90 },
								"down": { "texture": "#oak-h", "uv": [ 0.0, 0.0, 1.0, 1.5 ], "rotation": 90 }
							}
						},
						{
							"name": "LeftBeam3",
							"from": [ 0.0, 22.0, 0.0 ],
							"to": [ 1.8, 31.0, 1.3 ],
							"rotationOrigin": [ 0.0, 22.0, 0.0 ],
							"faces": {
								"north": { "texture": "#oak-h", "uv": [ 3.5, 0.0, 12.5, 1.5 ], "rotation": 90 },
								"east": { "texture": "#oak-h", "uv": [ 3.0, 0.0, 12.0, 1.0 ], "rotation": 90 },
								"south": { "texture": "#oak-h", "uv": [ 3.5, 0.0, 12.5, 1.5 ], "rotation": 90 },
								"west": { "texture": "#oak-h", "uv": [ 4.0, 0.0, 13.0, 1.0 ], "rotation": 90 },
								"up": { "texture": "#oak-h", "uv": [ 0.0, 0.0, 1.0, 1.5 ], "rotation": 90 },
								"down": { "texture": "#oak-h", "uv": [ 0.0, 0.0, 1.0, 1.5 ], "rotation": 90 }
							}
						},
						{
							"name": "LeftBeam4",
							"from": [ 15.0, 0.0, 0.0 ],
							"to": [ 16.8, 12.0, 1.3 ],
							"rotationOrigin": [ 15.0, 0.0, 0.0 ],
							"faces": {
								"north": { "texture": "#oak-h", "uv": [ 3.5, 0.0, 15.5, 1.5 ], "rotation": 90 },
								"east": { "texture": "#oak-h", "uv": [ 3.0, 0.0, 15.0, 1.0 ], "rotation": 90 },
								"south": { "texture": "#oak-h", "uv": [ 3.5, 0.0, 15.5, 1.5 ], "rotation": 90 },
								"west": { "texture": "#oak-h", "uv": [ 4.0, 0.0, 16.0, 1.0 ], "rotation": 90 },
								"up": { "texture": "#oak-h", "uv": [ 0.0, 0.0, 1.0, 1.5 ], "rotation": 90 },
								"down": { "texture": "#oak-h", "uv": [ 0.0, 0.0, 1.0, 1.5 ], "rotation": 90 }
							},
							"children": [
								{
									"name": "LeftBeam5",
									"from": [ 0.0, 12.0, 0.0 ],
									"to": [ 1.8, 22.0, 1.3 ],
									"rotationOrigin": [ 0.0, 12.0, 0.0 ],
									"faces": {
										"north": { "texture": "#oak-h", "uv": [ 3.5, 0.0, 13.5, 1.5 ], "rotation": 90 },
										"east": { "texture": "#oak-h", "uv": [ 3.0, 0.0, 13.0, 1.0 ], "rotation": 90 },
										"south": { "texture": "#oak-h", "uv": [ 3.5, 0.0, 13.5, 1.5 ], "rotation": 90 },
										"west": { "texture": "#oak-h", "uv": [ 4.0, 0.0, 14.0, 1.0 ], "rotation": 90 },
										"up": { "texture": "#oak-h", "uv": [ 0.0, 0.0, 1.0, 1.5 ], "rotation": 90 },
										"down": { "texture": "#oak-h", "uv": [ 0.0, 0.0, 1.0, 1.5 ], "rotation": 90 }
									}
								},
								{
									"name": "LeftBeam6",
									"from": [ 0.0, 22.0, 0.0 ],
									"to": [ 1.8, 31.0, 1.3 ],
									"rotationOrigin": [ 0.0, 22.0, 0.0 ],
									"faces": {
										"north": { "texture": "#oak-h", "uv": [ 3.5, 0.0, 12.5, 1.5 ], "rotation": 90 },
										"east": { "texture": "#oak-h", "uv": [ 3.0, 0.0, 12.0, 1.0 ], "rotation": 90 },
										"south": { "texture": "#oak-h", "uv": [ 3.5, 0.0, 12.5, 1.5 ], "rotation": 90 },
										"west": { "texture": "#oak-h", "uv": [ 4.0, 0.0, 13.0, 1.0 ], "rotation": 90 },
										"up": { "texture": "#oak-h", "uv": [ 0.0, 0.0, 1.0, 1.5 ], "rotation": 90 },
										"down": { "texture": "#oak-h", "uv": [ 0.0, 0.0, 1.0, 1.5 ], "rotation": 90 }
									}
								}
							]
						},
						{
							"name": "LeftBeam7",
							"from": [ 30.0, 0.0, 0.0 ],
							"to": [ 31.8, 12.0, 1.3 ],
							"rotationOrigin": [ 15.0, 0.0, 0.0 ],
							"faces": {
								"north": { "texture": "#oak-h", "uv": [ 3.5, 0.0, 15.5, 1.5 ], "rotation": 90 },
								"east": { "texture": "#oak-h", "uv": [ 3.0, 0.0, 15.0, 1.0 ], "rotation": 90 },
								"south": { "texture": "#oak-h", "uv": [ 3.5, 0.0, 15.5, 1.5 ], "rotation": 90 },
								"west": { "texture": "#oak-h", "uv": [ 4.0, 0.0, 16.0, 1.0 ], "rotation": 90 },
								"up": { "texture": "#oak-h", "uv": [ 0.0, 0.0, 1.0, 1.5 ], "rotation": 90 },
								"down": { "texture": "#oak-h", "uv": [ 0.0, 0.0, 1.0, 1.5 ], "rotation": 90 }
							},
							"children": [
								{
									"name": "LeftBeam8",
									"from": [ 0.0, 12.0, 0.0 ],
									"to": [ 1.8, 22.0, 1.3 ],
									"rotationOrigin": [ 0.0, 12.0, 0.0 ],
									"faces": {
										"north": { "texture": "#oak-h", "uv": [ 3.5, 0.0, 13.5, 1.5 ], "rotation": 90 },
										"east": { "texture": "#oak-h", "uv": [ 3.0, 0.0, 13.0, 1.0 ], "rotation": 90 },
										"south": { "texture": "#oak-h", "uv": [ 3.5, 0.0, 13.5, 1.5 ], "rotation": 90 },
										"west": { "texture": "#oak-h", "uv": [ 4.0, 0.0, 14.0, 1.0 ], "rotation": 90 },
										"up": { "texture": "#oak-h", "uv": [ 0.0, 0.0, 1.0, 1.5 ], "rotation": 90 },
										"down": { "texture": "#oak-h", "uv": [ 0.0, 0.0, 1.0, 1.5 ], "rotation": 90 }
									}
								},
								{
									"name": "LeftBeam9",
									"from": [ 0.0, 22.0, 0.0 ],
									"to": [ 1.8, 31.0, 1.3 ],
									"rotationOrigin": [ 0.0, 22.0, 0.0 ],
									"faces": {
										"north": { "texture": "#oak-h", "uv": [ 3.5, 0.0, 12.5, 1.5 ], "rotation": 90 },
										"east": { "texture": "#oak-h", "uv": [ 3.0, 0.0, 12.0, 1.0 ], "rotation": 90 },
										"south": { "texture": "#oak-h", "uv": [ 3.5, 0.0, 12.5, 1.5 ], "rotation": 90 },
										"west": { "texture": "#oak-h", "uv": [ 4.0, 0.0, 13.0, 1.0 ], "rotation": 90 },
										"up": { "texture": "#oak-h", "uv": [ 0.0, 0.0, 1.0, 1.5 ], "rotation": 90 },
										"down": { "texture": "#oak-h", "uv": [ 0.0, 0.0, 1.0, 1.5 ], "rotation": 90 }
									}
								}
							]
						},
						{
							"name": "LeftBeam10",
							"from": [ 45.0, 0.0, 0.0 ],
							"to": [ 46.8, 12.0, 1.3 ],
							"rotationOrigin": [ 15.0, 0.0, 0.0 ],
							"faces": {
								"north": { "texture": "#oak-h", "uv": [ 3.5, 0.0, 15.5, 1.5 ], "rotation": 90 },
								"east": { "texture": "#oak-h", "uv": [ 3.0, 0.0, 15.0, 1.0 ], "rotation": 90 },
								"south": { "texture": "#oak-h", "uv": [ 3.5, 0.0, 15.5, 1.5 ], "rotation": 90 },
								"west": { "texture": "#oak-h", "uv": [ 4.0, 0.0, 16.0, 1.0 ], "rotation": 90 },
								"up": { "texture": "#oak-h", "uv": [ 0.0, 0.0, 1.0, 1.5 ], "rotation": 90 },
								"down": { "texture": "#oak-h", "uv": [ 0.0, 0.0, 1.0, 1.5 ], "rotation": 90 }
							},
							"children": [
								{
									"name": "LeftBeam11",
									"from": [ 0.0, 12.0, 0.0 ],
									"to": [ 1.8, 22.0, 1.3 ],
									"rotationOrigin": [ 0.0, 12.0, 0.0 ],
									"faces": {
										"north": { "texture": "#oak-h", "uv": [ 3.5, 0.0, 13.5, 1.5 ], "rotation": 90 },
										"east": { "texture": "#oak-h", "uv": [ 3.0, 0.0, 13.0, 1.0 ], "rotation": 90 },
										"south": { "texture": "#oak-h", "uv": [ 3.5, 0.0, 13.5, 1.5 ], "rotation": 90 },
										"west": { "texture": "#oak-h", "uv": [ 4.0, 0.0, 14.0, 1.0 ], "rotation": 90 },
										"up": { "texture": "#oak-h", "uv": [ 0.0, 0.0, 1.0, 1.5 ], "rotation": 90 },
										"down": { "texture": "#oak-h", "uv": [ 0.0, 0.0, 1.0, 1.5 ], "rotation": 90 }
									}
								},
								{
									"name": "LeftBeam12",
									"from": [ 0.0, 22.0, 0.0 ],
									"to": [ 1.8, 31.0, 1.3 ],
									"rotationOrigin": [ 0.0, 22.0, 0.0 ],
									"faces": {
										"north": { "texture": "#oak-h", "uv": [ 3.5, 0.0, 12.5, 1.5 ], "rotation": 90 },
										"east": { "texture": "#oak-h", "uv": [ 3.0, 0.0, 12.0, 1.0 ], "rotation": 90 },
										"south": { "texture": "#oak-h", "uv": [ 3.5, 0.0, 12.5, 1.5 ], "rotation": 90 },
										"west": { "texture": "#oak-h", "uv": [ 4.0, 0.0, 13.0, 1.0 ], "rotation": 90 },
										"up": { "texture": "#oak-h", "uv": [ 0.0, 0.0, 1.0, 1.5 ], "rotation": 90 },
										"down": { "texture": "#oak-h", "uv": [ 0.0, 0.0, 1.0, 1.5 ], "rotation": 90 }
									}
								}
							]
						}
					]
				},
				{
					"name": "CanopyTop17",
					"from": [ -4.4, 50.0, -69.0 ],
					"to": [ 7.6, 51.0, -57.0 ],
					"rotationOrigin": [ -17.4, 44.0, -19.0 ],
					"rotationX": -157.0,
					"faces": {
						"north": { "texture": "#canopycolor3", "uv": [ 0.0, 0.0, 12.0, 1.0 ] },
						"east": { "texture": "#canopycolor3", "uv": [ 0.0, 0.0, 12.0, 1.0 ] },
						"south": { "texture": "#canopycolor3", "uv": [ 0.0, 0.0, 12.0, 1.0 ] },
						"west": { "texture": "#canopycolor3", "uv": [ 0.0, 0.0, 12.0, 1.0 ] },
						"up": { "texture": "#canopycolor3", "uv": [ 0.0, 0.0, 12.0, 12.0 ] },
						"down": { "texture": "#canopycolor3", "uv": [ 0.0, 0.0, 12.0, 12.0 ] }
					},
					"children": [
						{
							"name": "CanopyTop18",
							"from": [ 0.0, 0.0, 12.0 ],
							"to": [ 12.0, 1.0, 24.0 ],
							"rotationOrigin": [ 0.0, 1.0, 12.0 ],
							"rotationX": 10.0,
							"faces": {
								"north": { "texture": "#canopycolor3", "uv": [ 0.0, 0.0, 12.0, 1.0 ] },
								"east": { "texture": "#canopycolor3", "uv": [ 0.0, 0.0, 12.0, 1.0 ] },
								"south": { "texture": "#canopycolor3", "uv": [ 0.0, 0.0, 12.0, 1.0 ] },
								"west": { "texture": "#canopycolor3", "uv": [ 0.0, 0.0, 12.0, 1.0 ] },
								"up": { "texture": "#canopycolor3", "uv": [ 0.0, 0.0, 12.0, 12.0 ] },
								"down": { "texture": "#canopycolor3", "uv": [ 0.0, 0.0, 12.0, 12.0 ] }
							},
							"children": [
								{
									"name": "CanopyTop19",
									"from": [ 0.0, 0.0, 12.0 ],
									"to": [ 12.0, 1.0, 18.0 ],
									"rotationOrigin": [ 0.0, 0.0, 12.0 ],
									"rotationX": -8.0,
									"faces": {
										"north": { "texture": "#canopycolor3", "uv": [ 0.0, 0.0, 12.0, 1.0 ] },
										"east": { "texture": "#canopycolor3", "uv": [ 0.0, 0.0, 6.0, 1.0 ] },
										"south": { "texture": "#canopycolor3", "uv": [ 0.0, 0.0, 12.0, 1.0 ] },
										"west": { "texture": "#canopycolor3", "uv": [ 0.0, 0.0, 6.0, 1.0 ] },
										"up": { "texture": "#canopycolor3", "uv": [ 0.0, 0.0, 12.0, 6.0 ] },
										"down": { "texture": "#canopycolor3", "uv": [ 0.0, 0.0, 12.0, 6.0 ] }
									}
								}
							]
						},
						{
							"name": "CanopyTop20",
							"from": [ 12.0, 0.0, 0.0 ],
							"to": [ 24.0, 1.0, 12.0 ],
							"rotationOrigin": [ 12.0, 1.0, 0.0 ],
							"rotationX": 170.0,
							"rotationZ": -180.0,
							"faces": {
								"north": { "texture": "#canopycolor3", "uv": [ 0.0, 0.0, 12.0, 1.0 ] },
								"east": { "texture": "#canopycolor3", "uv": [ 0.0, 0.0, 12.0, 1.0 ] },
								"south": { "texture": "#canopycolor3", "uv": [ 0.0, 0.0, 12.0, 1.0 ] },
								"west": { "texture": "#canopycolor3", "uv": [ 0.0, 0.0, 12.0, 1.0 ] },
								"up": { "texture": "#canopycolor3", "uv": [ 0.0, 0.0, 12.0, 12.0 ] },
								"down": { "texture": "#canopycolor3", "uv": [ 0.0, 0.0, 12.0, 12.0 ] }
							},
							"children": [
								{
									"name": "CanopyTop21",
									"from": [ 0.0, 0.0, 12.0 ],
									"to": [ 12.0, 1.0, 24.0 ],
									"rotationOrigin": [ 0.0, 1.0, 12.0 ],
									"rotationX": 10.0,
									"faces": {
										"north": { "texture": "#canopycolor3", "uv": [ 0.0, 0.0, 12.0, 1.0 ] },
										"east": { "texture": "#canopycolor3", "uv": [ 0.0, 0.0, 12.0, 1.0 ] },
										"south": { "texture": "#canopycolor3", "uv": [ 0.0, 0.0, 12.0, 1.0 ] },
										"west": { "texture": "#canopycolor3", "uv": [ 0.0, 0.0, 12.0, 1.0 ] },
										"up": { "texture": "#canopycolor3", "uv": [ 0.0, 0.0, 12.0, 12.0 ] },
										"down": { "texture": "#canopycolor3", "uv": [ 0.0, 0.0, 12.0, 12.0 ] }
									},
									"children": [
										{
											"name": "CanopyTop22",
											"from": [ 0.0, 0.0, 12.0 ],
											"to": [ 12.0, 1.0, 18.0 ],
											"rotationOrigin": [ 0.0, 1.0, 12.0 ],
											"rotationX": 22.5,
											"faces": {
												"north": { "texture": "#canopycolor3", "uv": [ 0.0, 0.0, 12.0, 1.0 ] },
												"east": { "texture": "#canopycolor3", "uv": [ 0.0, 0.0, 6.0, 1.0 ] },
												"south": { "texture": "#canopycolor3", "uv": [ 0.0, 0.0, 12.0, 1.0 ] },
												"west": { "texture": "#canopycolor3", "uv": [ 0.0, 0.0, 6.0, 1.0 ] },
												"up": { "texture": "#canopycolor3", "uv": [ 0.0, 0.0, 12.0, 6.0 ] },
												"down": { "texture": "#canopycolor3", "uv": [ 0.0, 0.0, 12.0, 6.0 ] }
											}
										}
									]
								}
							]
						},
						{
							"name": "CanopyTop23",
							"from": [ 15.0, 0.0, 0.0 ],
							"to": [ 27.0, 1.0, 12.0 ],
							"rotationOrigin": [ 18.0, 1.0, 0.0 ],
							"faces": {
								"north": { "texture": "#canopycolor3", "uv": [ 0.0, 0.0, 12.0, 1.0 ] },
								"east": { "texture": "#canopycolor3", "uv": [ 0.0, 0.0, 12.0, 1.0 ] },
								"south": { "texture": "#canopycolor3", "uv": [ 0.0, 0.0, 12.0, 1.0 ] },
								"west": { "texture": "#canopycolor3", "uv": [ 0.0, 0.0, 12.0, 1.0 ] },
								"up": { "texture": "#canopycolor3", "uv": [ 0.0, 0.0, 12.0, 12.0 ] },
								"down": { "texture": "#canopycolor3", "uv": [ 0.0, 0.0, 12.0, 12.0 ] }
							},
							"children": [
								{
									"name": "CanopyTop24",
									"from": [ 0.0, 0.0, 12.0 ],
									"to": [ 12.0, 1.0, 24.0 ],
									"rotationOrigin": [ 0.0, 1.0, 12.0 ],
									"rotationX": 10.0,
									"faces": {
										"north": { "texture": "#canopycolor3", "uv": [ 0.0, 0.0, 12.0, 1.0 ] },
										"east": { "texture": "#canopycolor3", "uv": [ 0.0, 0.0, 12.0, 1.0 ] },
										"south": { "texture": "#canopycolor3", "uv": [ 0.0, 0.0, 12.0, 1.0 ] },
										"west": { "texture": "#canopycolor3", "uv": [ 0.0, 0.0, 12.0, 1.0 ] },
										"up": { "texture": "#canopycolor3", "uv": [ 0.0, 0.0, 12.0, 12.0 ] },
										"down": { "texture": "#canopycolor3", "uv": [ 0.0, 0.0, 12.0, 12.0 ] }
									},
									"children": [
										{
											"name": "CanopyTop25",
											"from": [ 0.0, 0.0, 12.0 ],
											"to": [ 12.0, 1.0, 18.0 ],
											"rotationOrigin": [ 0.0, 0.0, 12.0 ],
											"rotationX": -8.0,
											"faces": {
												"north": { "texture": "#canopycolor3", "uv": [ 0.0, 0.0, 12.0, 1.0 ] },
												"east": { "texture": "#canopycolor3", "uv": [ 0.0, 0.0, 6.0, 1.0 ] },
												"south": { "texture": "#canopycolor3", "uv": [ 0.0, 0.0, 12.0, 1.0 ] },
												"west": { "texture": "#canopycolor3", "uv": [ 0.0, 0.0, 6.0, 1.0 ] },
												"up": { "texture": "#canopycolor3", "uv": [ 0.0, 0.0, 12.0, 6.0 ] },
												"down": { "texture": "#canopycolor3", "uv": [ 0.0, 0.0, 12.0, 6.0 ] }
											}
										}
									]
								},
								{
									"name": "CanopyTop26",
									"from": [ 12.0, 0.0, 0.0 ],
									"to": [ 24.0, 1.0, 12.0 ],
									"rotationOrigin": [ 12.0, 1.0, 0.0 ],
									"rotationX": 170.0,
									"rotationZ": -180.0,
									"faces": {
										"north": { "texture": "#canopycolor3", "uv": [ 0.0, 0.0, 12.0, 1.0 ] },
										"east": { "texture": "#canopycolor3", "uv": [ 0.0, 0.0, 12.0, 1.0 ] },
										"south": { "texture": "#canopycolor3", "uv": [ 0.0, 0.0, 12.0, 1.0 ] },
										"west": { "texture": "#canopycolor3", "uv": [ 0.0, 0.0, 12.0, 1.0 ] },
										"up": { "texture": "#canopycolor3", "uv": [ 0.0, 0.0, 12.0, 12.0 ] },
										"down": { "texture": "#canopycolor3", "uv": [ 0.0, 0.0, 12.0, 12.0 ] }
									},
									"children": [
										{
											"name": "CanopyTop27",
											"from": [ 0.0, 0.0, 12.0 ],
											"to": [ 12.0, 1.0, 24.0 ],
											"rotationOrigin": [ 0.0, 1.0, 12.0 ],
											"rotationX": 10.0,
											"faces": {
												"north": { "texture": "#canopycolor3", "uv": [ 0.0, 0.0, 12.0, 1.0 ] },
												"east": { "texture": "#canopycolor3", "uv": [ 0.0, 0.0, 12.0, 1.0 ] },
												"south": { "texture": "#canopycolor3", "uv": [ 0.0, 0.0, 12.0, 1.0 ] },
												"west": { "texture": "#canopycolor3", "uv": [ 0.0, 0.0, 12.0, 1.0 ] },
												"up": { "texture": "#canopycolor3", "uv": [ 0.0, 0.0, 12.0, 12.0 ] },
												"down": { "texture": "#canopycolor3", "uv": [ 0.0, 0.0, 12.0, 12.0 ] }
											},
											"children": [
												{
													"name": "CanopyTop28",
													"from": [ 0.0, 0.0, 12.0 ],
													"to": [ 12.0, 1.0, 18.0 ],
													"rotationOrigin": [ 0.0, 1.0, 12.0 ],
													"rotationX": 22.5,
													"faces": {
														"north": { "texture": "#canopycolor3", "uv": [ 0.0, 0.0, 12.0, 1.0 ] },
														"east": { "texture": "#canopycolor3", "uv": [ 0.0, 0.0, 6.0, 1.0 ] },
														"south": { "texture": "#canopycolor3", "uv": [ 0.0, 0.0, 12.0, 1.0 ] },
														"west": { "texture": "#canopycolor3", "uv": [ 0.0, 0.0, 6.0, 1.0 ] },
														"up": { "texture": "#canopycolor3", "uv": [ 0.0, 0.0, 12.0, 6.0 ] },
														"down": { "texture": "#canopycolor3", "uv": [ 0.0, 0.0, 12.0, 6.0 ] }
													}
												}
											]
										}
									]
								}
							]
						},
						{
							"name": "CanopyTop29",
							"from": [ 30.0, 0.0, 0.0 ],
							"to": [ 42.0, 1.0, 12.0 ],
							"rotationOrigin": [ 33.0, 1.0, 0.0 ],
							"faces": {
								"north": { "texture": "#canopycolor3", "uv": [ 0.0, 0.0, 12.0, 1.0 ] },
								"east": { "texture": "#canopycolor3", "uv": [ 0.0, 0.0, 12.0, 1.0 ] },
								"south": { "texture": "#canopycolor3", "uv": [ 0.0, 0.0, 12.0, 1.0 ] },
								"west": { "texture": "#canopycolor3", "uv": [ 0.0, 0.0, 12.0, 1.0 ] },
								"up": { "texture": "#canopycolor3", "uv": [ 0.0, 0.0, 12.0, 12.0 ] },
								"down": { "texture": "#canopycolor3", "uv": [ 0.0, 0.0, 12.0, 12.0 ] }
							},
							"children": [
								{
									"name": "CanopyTop30",
									"from": [ 0.0, 0.0, 12.0 ],
									"to": [ 12.0, 1.0, 24.0 ],
									"rotationOrigin": [ 0.0, 1.0, 12.0 ],
									"rotationX": 10.0,
									"faces": {
										"north": { "texture": "#canopycolor3", "uv": [ 0.0, 0.0, 12.0, 1.0 ] },
										"east": { "texture": "#canopycolor3", "uv": [ 0.0, 0.0, 12.0, 1.0 ] },
										"south": { "texture": "#canopycolor3", "uv": [ 0.0, 0.0, 12.0, 1.0 ] },
										"west": { "texture": "#canopycolor3", "uv": [ 0.0, 0.0, 12.0, 1.0 ] },
										"up": { "texture": "#canopycolor3", "uv": [ 0.0, 0.0, 12.0, 12.0 ] },
										"down": { "texture": "#canopycolor3", "uv": [ 0.0, 0.0, 12.0, 12.0 ] }
									},
									"children": [
										{
											"name": "CanopyTop31",
											"from": [ 0.0, 0.0, 12.0 ],
											"to": [ 12.0, 1.0, 18.0 ],
											"rotationOrigin": [ 0.0, 0.0, 12.0 ],
											"rotationX": -8.0,
											"faces": {
												"north": { "texture": "#canopycolor3", "uv": [ 0.0, 0.0, 12.0, 1.0 ] },
												"east": { "texture": "#canopycolor3", "uv": [ 0.0, 0.0, 6.0, 1.0 ] },
												"south": { "texture": "#canopycolor3", "uv": [ 0.0, 0.0, 12.0, 1.0 ] },
												"west": { "texture": "#canopycolor3", "uv": [ 0.0, 0.0, 6.0, 1.0 ] },
												"up": { "texture": "#canopycolor3", "uv": [ 0.0, 0.0, 12.0, 6.0 ] },
												"down": { "texture": "#canopycolor3", "uv": [ 0.0, 0.0, 12.0, 6.0 ] }
											}
										}
									]
								},
								{
									"name": "CanopyTop32",
									"from": [ 12.0, 0.0, 0.0 ],
									"to": [ 24.0, 1.0, 12.0 ],
									"rotationOrigin": [ 12.0, 1.0, 0.0 ],
									"rotationX": 170.0,
									"rotationZ": -180.0,
									"faces": {
										"north": { "texture": "#canopycolor3", "uv": [ 0.0, 0.0, 12.0, 1.0 ] },
										"east": { "texture": "#canopycolor3", "uv": [ 0.0, 0.0, 12.0, 1.0 ] },
										"south": { "texture": "#canopycolor3", "uv": [ 0.0, 0.0, 12.0, 1.0 ] },
										"west": { "texture": "#canopycolor3", "uv": [ 0.0, 0.0, 12.0, 1.0 ] },
										"up": { "texture": "#canopycolor3", "uv": [ 0.0, 0.0, 12.0, 12.0 ] },
										"down": { "texture": "#canopycolor3", "uv": [ 0.0, 0.0, 12.0, 12.0 ] }
									},
									"children": [
										{
											"name": "CanopyTop33",
											"from": [ 0.0, 0.0, 12.0 ],
											"to": [ 12.0, 1.0, 24.0 ],
											"rotationOrigin": [ 0.0, 1.0, 12.0 ],
											"rotationX": 10.0,
											"faces": {
												"north": { "texture": "#canopycolor3", "uv": [ 0.0, 0.0, 12.0, 1.0 ] },
												"east": { "texture": "#canopycolor3", "uv": [ 0.0, 0.0, 12.0, 1.0 ] },
												"south": { "texture": "#canopycolor3", "uv": [ 0.0, 0.0, 12.0, 1.0 ] },
												"west": { "texture": "#canopycolor3", "uv": [ 0.0, 0.0, 12.0, 1.0 ] },
												"up": { "texture": "#canopycolor3", "uv": [ 0.0, 0.0, 12.0, 12.0 ] },
												"down": { "texture": "#canopycolor3", "uv": [ 0.0, 0.0, 12.0, 12.0 ] }
											},
											"children": [
												{
													"name": "CanopyTop34",
													"from": [ 0.0, 0.0, 12.0 ],
													"to": [ 12.0, 1.0, 18.0 ],
													"rotationOrigin": [ 0.0, 1.0, 12.0 ],
													"rotationX": 22.5,
													"faces": {
														"north": { "texture": "#canopycolor3", "uv": [ 0.0, 0.0, 12.0, 1.0 ] },
														"east": { "texture": "#canopycolor3", "uv": [ 0.0, 0.0, 6.0, 1.0 ] },
														"south": { "texture": "#canopycolor3", "uv": [ 0.0, 0.0, 12.0, 1.0 ] },
														"west": { "texture": "#canopycolor3", "uv": [ 0.0, 0.0, 6.0, 1.0 ] },
														"up": { "texture": "#canopycolor3", "uv": [ 0.0, 0.0, 12.0, 6.0 ] },
														"down": { "texture": "#canopycolor3", "uv": [ 0.0, 0.0, 12.0, 6.0 ] }
													}
												}
											]
										}
									]
								}
							]
						},
						{
							"name": "CanopyTop35",
							"from": [ 45.0, 0.0, 0.0 ],
							"to": [ 51.0, 1.0, 12.0 ],
							"rotationOrigin": [ 48.0, 1.0, 0.0 ],
							"faces": {
								"north": { "texture": "#canopycolor3", "uv": [ 0.0, 0.0, 6.0, 1.0 ] },
								"east": { "texture": "#canopycolor3", "uv": [ 0.0, 0.0, 12.0, 1.0 ] },
								"south": { "texture": "#canopycolor3", "uv": [ 0.0, 0.0, 6.0, 1.0 ] },
								"west": { "texture": "#canopycolor3", "uv": [ 0.0, 0.0, 12.0, 1.0 ] },
								"up": { "texture": "#canopycolor3", "uv": [ 0.0, 0.0, 6.0, 12.0 ] },
								"down": { "texture": "#canopycolor3", "uv": [ 0.0, 0.0, 6.0, 12.0 ] }
							},
							"children": [
								{
									"name": "CanopyTop36",
									"from": [ 0.0, 0.0, 12.0 ],
									"to": [ 6.0, 1.0, 24.0 ],
									"rotationOrigin": [ 0.0, 1.0, 12.0 ],
									"rotationX": 10.0,
									"faces": {
										"north": { "texture": "#canopycolor3", "uv": [ 0.0, 0.0, 6.0, 1.0 ] },
										"east": { "texture": "#canopycolor3", "uv": [ 0.0, 0.0, 12.0, 1.0 ] },
										"south": { "texture": "#canopycolor3", "uv": [ 0.0, 0.0, 6.0, 1.0 ] },
										"west": { "texture": "#canopycolor3", "uv": [ 0.0, 0.0, 12.0, 1.0 ] },
										"up": { "texture": "#canopycolor3", "uv": [ 0.0, 0.0, 6.0, 12.0 ] },
										"down": { "texture": "#canopycolor3", "uv": [ 0.0, 0.0, 6.0, 12.0 ] }
									},
									"children": [
										{
											"name": "CanopyTop37",
											"from": [ 0.0, 0.0, 12.0 ],
											"to": [ 6.0, 1.0, 18.0 ],
											"rotationOrigin": [ 0.0, 0.0, 12.0 ],
											"rotationX": -8.0,
											"faces": {
												"north": { "texture": "#canopycolor3", "uv": [ 0.0, 0.0, 6.0, 1.0 ] },
												"east": { "texture": "#canopycolor3", "uv": [ 0.0, 0.0, 6.0, 1.0 ] },
												"south": { "texture": "#canopycolor3", "uv": [ 0.0, 0.0, 6.0, 1.0 ] },
												"west": { "texture": "#canopycolor3", "uv": [ 0.0, 0.0, 6.0, 1.0 ] },
												"up": { "texture": "#canopycolor3", "uv": [ 0.0, 0.0, 6.0, 6.0 ] },
												"down": { "texture": "#canopycolor3", "uv": [ 0.0, 0.0, 6.0, 6.0 ] }
											}
										}
									]
								},
								{
									"name": "CanopyTop38",
									"from": [ 6.0, 0.0, 0.0 ],
									"to": [ 12.0, 1.0, 12.0 ],
									"rotationOrigin": [ 6.0, 1.0, 0.0 ],
									"rotationX": 170.0,
									"rotationZ": -180.0,
									"faces": {
										"north": { "texture": "#canopycolor3", "uv": [ 0.0, 0.0, 6.0, 1.0 ] },
										"east": { "texture": "#canopycolor3", "uv": [ 0.0, 0.0, 12.0, 1.0 ] },
										"south": { "texture": "#canopycolor3", "uv": [ 0.0, 0.0, 6.0, 1.0 ] },
										"west": { "texture": "#canopycolor3", "uv": [ 0.0, 0.0, 12.0, 1.0 ] },
										"up": { "texture": "#canopycolor3", "uv": [ 0.0, 0.0, 6.0, 12.0 ] },
										"down": { "texture": "#canopycolor3", "uv": [ 0.0, 0.0, 6.0, 12.0 ] }
									},
									"children": [
										{
											"name": "CanopyTop39",
											"from": [ 0.0, 0.0, 12.0 ],
											"to": [ 6.0, 1.0, 24.0 ],
											"rotationOrigin": [ 0.0, 1.0, 12.0 ],
											"rotationX": 10.0,
											"faces": {
												"north": { "texture": "#canopycolor3", "uv": [ 0.0, 0.0, 6.0, 1.0 ] },
												"east": { "texture": "#canopycolor3", "uv": [ 0.0, 0.0, 12.0, 1.0 ] },
												"south": { "texture": "#canopycolor3", "uv": [ 0.0, 0.0, 6.0, 1.0 ] },
												"west": { "texture": "#canopycolor3", "uv": [ 0.0, 0.0, 12.0, 1.0 ] },
												"up": { "texture": "#canopycolor3", "uv": [ 0.0, 0.0, 6.0, 12.0 ] },
												"down": { "texture": "#canopycolor3", "uv": [ 0.0, 0.0, 6.0, 12.0 ] }
											},
											"children": [
												{
													"name": "CanopyTop40",
													"from": [ 0.0, 0.0, 12.0 ],
													"to": [ 6.0, 1.0, 18.0 ],
													"rotationOrigin": [ 0.0, 1.0, 12.0 ],
													"rotationX": 22.5,
													"faces": {
														"north": { "texture": "#canopycolor3", "uv": [ 0.0, 0.0, 6.0, 1.0 ] },
														"east": { "texture": "#canopycolor3", "uv": [ 0.0, 0.0, 6.0, 1.0 ] },
														"south": { "texture": "#canopycolor3", "uv": [ 0.0, 0.0, 6.0, 1.0 ] },
														"west": { "texture": "#canopycolor3", "uv": [ 0.0, 0.0, 6.0, 1.0 ] },
														"up": { "texture": "#canopycolor3", "uv": [ 0.0, 0.0, 6.0, 6.0 ] },
														"down": { "texture": "#canopycolor3", "uv": [ 0.0, 0.0, 6.0, 6.0 ] }
													}
												}
											]
										}
									]
								}
							]
						},
						{
							"name": "CanopyTop65",
							"from": [ -9.0, 0.0, 0.0 ],
							"to": [ -3.0, 1.0, 12.0 ],
							"rotationOrigin": [ 48.0, 1.0, 0.0 ],
							"faces": {
								"north": { "texture": "#canopycolor3", "uv": [ 0.0, 0.0, 6.0, 1.0 ] },
								"east": { "texture": "#canopycolor3", "uv": [ 0.0, 0.0, 12.0, 1.0 ] },
								"south": { "texture": "#canopycolor3", "uv": [ 0.0, 0.0, 6.0, 1.0 ] },
								"west": { "texture": "#canopycolor3", "uv": [ 0.0, 0.0, 12.0, 1.0 ] },
								"up": { "texture": "#canopycolor3", "uv": [ 0.0, 0.0, 6.0, 12.0 ] },
								"down": { "texture": "#canopycolor3", "uv": [ 0.0, 0.0, 6.0, 12.0 ] }
							},
							"children": [
								{
									"name": "CanopyTop66",
									"from": [ 0.0, 0.0, 12.0 ],
									"to": [ 6.0, 1.0, 24.0 ],
									"rotationOrigin": [ 0.0, 1.0, 12.0 ],
									"rotationX": 10.0,
									"faces": {
										"north": { "texture": "#canopycolor3", "uv": [ 0.0, 0.0, 6.0, 1.0 ] },
										"east": { "texture": "#canopycolor3", "uv": [ 0.0, 0.0, 12.0, 1.0 ] },
										"south": { "texture": "#canopycolor3", "uv": [ 0.0, 0.0, 6.0, 1.0 ] },
										"west": { "texture": "#canopycolor3", "uv": [ 0.0, 0.0, 12.0, 1.0 ] },
										"up": { "texture": "#canopycolor3", "uv": [ 0.0, 0.0, 6.0, 12.0 ] },
										"down": { "texture": "#canopycolor3", "uv": [ 0.0, 0.0, 6.0, 12.0 ] }
									},
									"children": [
										{
											"name": "CanopyTop67",
											"from": [ 0.0, 0.0, 12.0 ],
											"to": [ 6.0, 1.0, 18.0 ],
											"rotationOrigin": [ 0.0, 0.0, 12.0 ],
											"rotationX": -8.0,
											"faces": {
												"north": { "texture": "#canopycolor3", "uv": [ 0.0, 0.0, 6.0, 1.0 ] },
												"east": { "texture": "#canopycolor3", "uv": [ 0.0, 0.0, 6.0, 1.0 ] },
												"south": { "texture": "#canopycolor3", "uv": [ 0.0, 0.0, 6.0, 1.0 ] },
												"west": { "texture": "#canopycolor3", "uv": [ 0.0, 0.0, 6.0, 1.0 ] },
												"up": { "texture": "#canopycolor3", "uv": [ 0.0, 0.0, 6.0, 6.0 ] },
												"down": { "texture": "#canopycolor3", "uv": [ 0.0, 0.0, 6.0, 6.0 ] }
											}
										}
									]
								},
								{
									"name": "CanopyTop68",
									"from": [ 6.0, 0.0, 0.0 ],
									"to": [ 12.0, 1.0, 12.0 ],
									"rotationOrigin": [ 6.0, 1.0, 0.0 ],
									"rotationX": 170.0,
									"rotationZ": -180.0,
									"faces": {
										"north": { "texture": "#canopycolor3", "uv": [ 0.0, 0.0, 6.0, 1.0 ] },
										"east": { "texture": "#canopycolor3", "uv": [ 0.0, 0.0, 12.0, 1.0 ] },
										"south": { "texture": "#canopycolor3", "uv": [ 0.0, 0.0, 6.0, 1.0 ] },
										"west": { "texture": "#canopycolor3", "uv": [ 0.0, 0.0, 12.0, 1.0 ] },
										"up": { "texture": "#canopycolor3", "uv": [ 0.0, 0.0, 6.0, 12.0 ] },
										"down": { "texture": "#canopycolor3", "uv": [ 0.0, 0.0, 6.0, 12.0 ] }
									},
									"children": [
										{
											"name": "CanopyTop69",
											"from": [ 0.0, 0.0, 12.0 ],
											"to": [ 6.0, 1.0, 24.0 ],
											"rotationOrigin": [ 0.0, 1.0, 12.0 ],
											"rotationX": 10.0,
											"faces": {
												"north": { "texture": "#canopycolor3", "uv": [ 0.0, 0.0, 6.0, 1.0 ] },
												"east": { "texture": "#canopycolor3", "uv": [ 0.0, 0.0, 12.0, 1.0 ] },
												"south": { "texture": "#canopycolor3", "uv": [ 0.0, 0.0, 6.0, 1.0 ] },
												"west": { "texture": "#canopycolor3", "uv": [ 0.0, 0.0, 12.0, 1.0 ] },
												"up": { "texture": "#canopycolor3", "uv": [ 0.0, 0.0, 6.0, 12.0 ] },
												"down": { "texture": "#canopycolor3", "uv": [ 0.0, 0.0, 6.0, 12.0 ] }
											},
											"children": [
												{
													"name": "CanopyTop70",
													"from": [ 0.0, 0.0, 12.0 ],
													"to": [ 6.0, 1.0, 18.0 ],
													"rotationOrigin": [ 0.0, 1.0, 12.0 ],
													"rotationX": 22.5,
													"faces": {
														"north": { "texture": "#canopycolor3", "uv": [ 0.0, 0.0, 6.0, 1.0 ] },
														"east": { "texture": "#canopycolor3", "uv": [ 0.0, 0.0, 6.0, 1.0 ] },
														"south": { "texture": "#canopycolor3", "uv": [ 0.0, 0.0, 6.0, 1.0 ] },
														"west": { "texture": "#canopycolor3", "uv": [ 0.0, 0.0, 6.0, 1.0 ] },
														"up": { "texture": "#canopycolor3", "uv": [ 0.0, 0.0, 6.0, 6.0 ] },
														"down": { "texture": "#canopycolor3", "uv": [ 0.0, 0.0, 6.0, 6.0 ] }
													}
												}
											]
										}
									]
								}
							]
						},
						{
							"name": "CanopyTop71",
							"from": [ -10.0, 0.6, -0.8 ],
							"to": [ -8.0, 1.6, 11.2 ],
							"rotationOrigin": [ 43.0, 1.6, -0.8 ],
							"faces": {
								"north": { "texture": "#canopycolor3", "uv": [ 0.0, 0.0, 2.0, 1.0 ] },
								"east": { "texture": "#canopycolor3", "uv": [ 0.0, 0.0, 12.0, 1.0 ] },
								"south": { "texture": "#canopycolor3", "uv": [ 0.0, 0.0, 2.0, 1.0 ] },
								"west": { "texture": "#canopycolor3", "uv": [ 0.0, 0.0, 12.0, 1.0 ] },
								"up": { "texture": "#canopycolor3", "uv": [ 0.0, 0.0, 2.0, 12.0 ] },
								"down": { "texture": "#canopycolor3", "uv": [ 0.0, 0.0, 2.0, 12.0 ] }
							},
							"children": [
								{
									"name": "CanopyTop72",
									"from": [ 0.0, 0.0, 12.0 ],
									"to": [ 2.0, 1.0, 25.0 ],
									"rotationOrigin": [ 0.0, 1.0, 12.0 ],
									"rotationX": 10.0,
									"faces": {
										"north": { "texture": "#canopycolor3", "uv": [ 0.0, 0.0, 2.0, 1.0 ] },
										"east": { "texture": "#canopycolor3", "uv": [ 0.0, 0.0, 13.0, 1.0 ] },
										"south": { "texture": "#canopycolor3", "uv": [ 0.0, 0.0, 2.0, 1.0 ] },
										"west": { "texture": "#canopycolor3", "uv": [ 0.0, 0.0, 13.0, 1.0 ] },
										"up": { "texture": "#canopycolor3", "uv": [ 0.0, 0.0, 2.0, 13.0 ] },
										"down": { "texture": "#canopycolor3", "uv": [ 0.0, 0.0, 2.0, 13.0 ] }
									},
									"children": [
										{
											"name": "CanopyTop73",
											"from": [ 0.0, 0.0, 13.0 ],
											"to": [ 2.0, 1.0, 18.9 ],
											"rotationOrigin": [ 0.0, 0.0, 13.0 ],
											"rotationX": -8.0,
											"faces": {
												"north": { "texture": "#canopycolor3", "uv": [ 0.0, 0.0, 2.0, 1.0 ] },
												"east": { "texture": "#canopycolor3", "uv": [ 0.0, 0.0, 5.5, 1.0 ] },
												"south": { "texture": "#canopycolor3", "uv": [ 0.0, 0.0, 2.0, 1.0 ] },
												"west": { "texture": "#canopycolor3", "uv": [ 0.0, 0.0, 5.5, 1.0 ] },
												"up": { "texture": "#canopycolor3", "uv": [ 0.0, 0.0, 2.0, 5.5 ] },
												"down": { "texture": "#canopycolor3", "uv": [ 0.0, 0.0, 2.0, 5.5 ] }
											}
										}
									]
								},
								{
									"name": "CanopyTop74",
									"from": [ 10.0, 0.0, 0.0 ],
									"to": [ 12.0, 1.0, 12.0 ],
									"rotationOrigin": [ 6.0, 1.0, 0.0 ],
									"rotationX": 170.0,
									"rotationZ": -180.0,
									"faces": {
										"north": { "texture": "#canopycolor3", "uv": [ 0.0, 0.0, 2.0, 1.0 ] },
										"east": { "texture": "#canopycolor3", "uv": [ 0.0, 0.0, 12.0, 1.0 ] },
										"south": { "texture": "#canopycolor3", "uv": [ 0.0, 0.0, 2.0, 1.0 ] },
										"west": { "texture": "#canopycolor3", "uv": [ 0.0, 0.0, 12.0, 1.0 ] },
										"up": { "texture": "#canopycolor3", "uv": [ 0.0, 0.0, 2.0, 12.0 ] },
										"down": { "texture": "#canopycolor3", "uv": [ 0.0, 0.0, 2.0, 12.0 ] }
									},
									"children": [
										{
											"name": "CanopyTop75",
											"from": [ 0.0, 0.0, 12.0 ],
											"to": [ 2.0, 1.0, 24.0 ],
											"rotationOrigin": [ 0.0, 1.0, 12.0 ],
											"rotationX": 10.0,
											"faces": {
												"north": { "texture": "#canopycolor3", "uv": [ 0.0, 0.0, 2.0, 1.0 ] },
												"east": { "texture": "#canopycolor3", "uv": [ 0.0, 0.0, 12.0, 1.0 ] },
												"south": { "texture": "#canopycolor3", "uv": [ 0.0, 0.0, 2.0, 1.0 ] },
												"west": { "texture": "#canopycolor3", "uv": [ 0.0, 0.0, 12.0, 1.0 ] },
												"up": { "texture": "#canopycolor3", "uv": [ 0.0, 0.0, 2.0, 12.0 ] },
												"down": { "texture": "#canopycolor3", "uv": [ 0.0, 0.0, 2.0, 12.0 ] }
											},
											"children": [
												{
													"name": "CanopyTop76",
													"from": [ 0.0, 0.0, 12.0 ],
													"to": [ 2.0, 1.0, 17.6 ],
													"rotationOrigin": [ 0.0, 1.0, 12.0 ],
													"rotationX": 22.5,
													"faces": {
														"north": { "texture": "#canopycolor3", "uv": [ 0.0, 0.0, 2.0, 1.0 ] },
														"east": { "texture": "#canopycolor3", "uv": [ 0.0, 0.0, 5.5, 1.0 ] },
														"south": { "texture": "#canopycolor3", "uv": [ 0.0, 0.0, 2.0, 1.0 ] },
														"west": { "texture": "#canopycolor3", "uv": [ 0.0, 0.0, 5.5, 1.0 ] },
														"up": { "texture": "#canopycolor3", "uv": [ 0.0, 0.0, 2.0, 5.5 ] },
														"down": { "texture": "#canopycolor3", "uv": [ 0.0, 0.0, 2.0, 5.5 ] }
													}
												}
											]
										}
									]
								}
							]
						},
						{
							"name": "CanopyTop41",
							"from": [ 41.5, -0.8, 1.61 ],
							"to": [ 45.5, 0.2, 13.61 ],
							"rotationOrigin": [ 44.5, 1.2004, 0.6088 ],
							"rotationX": 2.0,
							"faces": {
								"north": { "texture": "#canopycolor4", "uv": [ 0.0, 0.0, 4.0, 1.0 ] },
								"east": { "texture": "#canopycolor4", "uv": [ 0.0, 0.0, 12.0, 1.0 ] },
								"south": { "texture": "#canopycolor4", "uv": [ 0.0, 0.0, 4.0, 1.0 ] },
								"west": { "texture": "#canopycolor4", "uv": [ 0.0, 0.0, 12.0, 1.0 ] },
								"up": { "texture": "#canopycolor4", "uv": [ 0.0, 0.0, 4.0, 12.0 ] },
								"down": { "texture": "#canopycolor4", "uv": [ 0.0, 0.0, 4.0, 12.0 ] }
							},
							"children": [
								{
									"name": "CanopyTop42",
									"from": [ 0.0, 0.0, 12.0 ],
									"to": [ 4.0, 1.0, 24.0 ],
									"rotationOrigin": [ 0.0, 1.0, 12.0 ],
									"rotationX": 10.0,
									"faces": {
										"north": { "texture": "#canopycolor4", "uv": [ 0.0, 0.0, 4.0, 1.0 ] },
										"east": { "texture": "#canopycolor4", "uv": [ 0.0, 0.0, 12.0, 1.0 ] },
										"south": { "texture": "#canopycolor4", "uv": [ 0.0, 0.0, 4.0, 1.0 ] },
										"west": { "texture": "#canopycolor4", "uv": [ 0.0, 0.0, 12.0, 1.0 ] },
										"up": { "texture": "#canopycolor4", "uv": [ 0.0, 0.0, 4.0, 12.0 ] },
										"down": { "texture": "#canopycolor4", "uv": [ 0.0, 0.0, 4.0, 12.0 ] }
									},
									"children": [
										{
											"name": "CanopyTop43",
											"from": [ 0.0, 0.0, 12.0 ],
											"to": [ 4.0, 1.5, 18.0 ],
											"rotationOrigin": [ 0.0, 0.0, 12.0 ],
											"rotationX": -12.0,
											"faces": {
												"north": { "texture": "#canopycolor4", "uv": [ 0.0, 0.0, 4.0, 1.5 ] },
												"east": { "texture": "#canopycolor4", "uv": [ 0.0, 0.0, 6.0, 1.5 ] },
												"south": { "texture": "#canopycolor4", "uv": [ 0.0, 0.0, 4.0, 1.5 ] },
												"west": { "texture": "#canopycolor4", "uv": [ 0.0, 0.0, 6.0, 1.5 ] },
												"up": { "texture": "#canopycolor4", "uv": [ 0.0, 0.0, 4.0, 6.0 ] },
												"down": { "texture": "#canopycolor4", "uv": [ 0.0, 0.0, 4.0, 6.0 ] }
											}
										}
									]
								},
								{
									"name": "CanopyTop44",
									"from": [ 8.0, 0.0, 0.0 ],
									"to": [ 12.0, 1.0, 12.0 ],
									"rotationOrigin": [ 6.0, 1.0, 0.0 ],
									"rotationX": 170.0,
									"rotationZ": -180.0,
									"faces": {
										"north": { "texture": "#canopycolor4", "uv": [ 0.0, 0.0, 4.0, 1.0 ] },
										"east": { "texture": "#canopycolor4", "uv": [ 0.0, 0.0, 12.0, 1.0 ] },
										"south": { "texture": "#canopycolor4", "uv": [ 0.0, 0.0, 4.0, 1.0 ] },
										"west": { "texture": "#canopycolor4", "uv": [ 0.0, 0.0, 12.0, 1.0 ] },
										"up": { "texture": "#canopycolor4", "uv": [ 0.0, 0.0, 4.0, 12.0 ] },
										"down": { "texture": "#canopycolor4", "uv": [ 0.0, 0.0, 4.0, 12.0 ] }
									},
									"children": [
										{
											"name": "CanopyTop45",
											"from": [ 0.0, 0.0, 12.0 ],
											"to": [ 4.0, 1.0, 24.0 ],
											"rotationOrigin": [ 0.0, 1.0, 12.0 ],
											"rotationX": 10.0,
											"faces": {
												"north": { "texture": "#canopycolor4", "uv": [ 0.0, 0.0, 4.0, 1.0 ] },
												"east": { "texture": "#canopycolor4", "uv": [ 0.0, 0.0, 12.0, 1.0 ] },
												"south": { "texture": "#canopycolor4", "uv": [ 0.0, 0.0, 4.0, 1.0 ] },
												"west": { "texture": "#canopycolor4", "uv": [ 0.0, 0.0, 12.0, 1.0 ] },
												"up": { "texture": "#canopycolor4", "uv": [ 0.0, 0.0, 4.0, 12.0 ] },
												"down": { "texture": "#canopycolor4", "uv": [ 0.0, 0.0, 4.0, 12.0 ] }
											},
											"children": [
												{
													"name": "CanopyTop46",
													"from": [ 0.0, 0.0, 12.0 ],
													"to": [ 4.0, 1.0, 19.0 ],
													"rotationOrigin": [ 0.0, 1.0, 12.0 ],
													"rotationX": 22.5,
													"faces": {
														"north": { "texture": "#canopycolor4", "uv": [ 0.0, 0.0, 4.0, 1.0 ] },
														"east": { "texture": "#canopycolor4", "uv": [ 0.0, 0.0, 7.0, 1.0 ] },
														"south": { "texture": "#canopycolor4", "uv": [ 0.0, 0.0, 4.0, 1.0 ] },
														"west": { "texture": "#canopycolor4", "uv": [ 0.0, 0.0, 7.0, 1.0 ] },
														"up": { "texture": "#canopycolor4", "uv": [ 0.0, 0.0, 4.0, 7.0 ] },
														"down": { "texture": "#canopycolor4", "uv": [ 0.0, 0.0, 4.0, 7.0 ] }
													}
												}
											]
										}
									]
								},
								{
									"name": "CanopyTop47",
									"from": [ -15.0, 0.0, 0.0 ],
									"to": [ -11.0, 1.0, 12.0 ],
									"rotationOrigin": [ -12.0, 1.0, 0.0 ],
									"faces": {
										"north": { "texture": "#canopycolor4", "uv": [ 0.0, 0.0, 4.0, 1.0 ] },
										"east": { "texture": "#canopycolor4", "uv": [ 0.0, 0.0, 12.0, 1.0 ] },
										"south": { "texture": "#canopycolor4", "uv": [ 0.0, 0.0, 4.0, 1.0 ] },
										"west": { "texture": "#canopycolor4", "uv": [ 0.0, 0.0, 12.0, 1.0 ] },
										"up": { "texture": "#canopycolor4", "uv": [ 0.0, 0.0, 4.0, 12.0 ] },
										"down": { "texture": "#canopycolor4", "uv": [ 0.0, 0.0, 4.0, 12.0 ] }
									},
									"children": [
										{
											"name": "CanopyTop48",
											"from": [ 0.0, 0.0, 12.0 ],
											"to": [ 4.0, 1.0, 24.0 ],
											"rotationOrigin": [ 0.0, 1.0, 12.0 ],
											"rotationX": 10.0,
											"faces": {
												"north": { "texture": "#canopycolor4", "uv": [ 0.0, 0.0, 4.0, 1.0 ] },
												"east": { "texture": "#canopycolor4", "uv": [ 0.0, 0.0, 12.0, 1.0 ] },
												"south": { "texture": "#canopycolor4", "uv": [ 0.0, 0.0, 4.0, 1.0 ] },
												"west": { "texture": "#canopycolor4", "uv": [ 0.0, 0.0, 12.0, 1.0 ] },
												"up": { "texture": "#canopycolor4", "uv": [ 0.0, 0.0, 4.0, 12.0 ] },
												"down": { "texture": "#canopycolor4", "uv": [ 0.0, 0.0, 4.0, 12.0 ] }
											},
											"children": [
												{
													"name": "CanopyTop49",
													"from": [ 0.0, 0.0, 12.0 ],
													"to": [ 4.0, 1.5, 18.0 ],
													"rotationOrigin": [ 0.0, 0.0, 12.0 ],
													"rotationX": -12.0,
													"faces": {
														"north": { "texture": "#canopycolor4", "uv": [ 0.0, 0.0, 4.0, 1.5 ] },
														"east": { "texture": "#canopycolor4", "uv": [ 0.0, 0.0, 6.0, 1.5 ] },
														"south": { "texture": "#canopycolor4", "uv": [ 0.0, 0.0, 4.0, 1.5 ] },
														"west": { "texture": "#canopycolor4", "uv": [ 0.0, 0.0, 6.0, 1.5 ] },
														"up": { "texture": "#canopycolor4", "uv": [ 0.0, 0.0, 4.0, 6.0 ] },
														"down": { "texture": "#canopycolor4", "uv": [ 0.0, 0.0, 4.0, 6.0 ] }
													}
												}
											]
										},
										{
											"name": "CanopyTop50",
											"from": [ 4.0, 0.0, 0.0 ],
											"to": [ 8.0, 1.0, 12.0 ],
											"rotationOrigin": [ 4.0, 1.0, 0.0 ],
											"rotationX": 170.0,
											"rotationZ": -180.0,
											"faces": {
												"north": { "texture": "#canopycolor4", "uv": [ 0.0, 0.0, 4.0, 1.0 ] },
												"east": { "texture": "#canopycolor4", "uv": [ 0.0, 0.0, 12.0, 1.0 ] },
												"south": { "texture": "#canopycolor4", "uv": [ 0.0, 0.0, 4.0, 1.0 ] },
												"west": { "texture": "#canopycolor4", "uv": [ 0.0, 0.0, 12.0, 1.0 ] },
												"up": { "texture": "#canopycolor4", "uv": [ 0.0, 0.0, 4.0, 12.0 ] },
												"down": { "texture": "#canopycolor4", "uv": [ 0.0, 0.0, 4.0, 12.0 ] }
											},
											"children": [
												{
													"name": "CanopyTop51",
													"from": [ 0.0, 0.0, 12.0 ],
													"to": [ 4.0, 1.0, 24.0 ],
													"rotationOrigin": [ 0.0, 1.0, 12.0 ],
													"rotationX": 10.0,
													"faces": {
														"north": { "texture": "#canopycolor4", "uv": [ 0.0, 0.0, 4.0, 1.0 ] },
														"east": { "texture": "#canopycolor4", "uv": [ 0.0, 0.0, 12.0, 1.0 ] },
														"south": { "texture": "#canopycolor4", "uv": [ 0.0, 0.0, 4.0, 1.0 ] },
														"west": { "texture": "#canopycolor4", "uv": [ 0.0, 0.0, 12.0, 1.0 ] },
														"up": { "texture": "#canopycolor4", "uv": [ 0.0, 0.0, 4.0, 12.0 ] },
														"down": { "texture": "#canopycolor4", "uv": [ 0.0, 0.0, 4.0, 12.0 ] }
													},
													"children": [
														{
															"name": "CanopyTop52",
															"from": [ 0.0, 0.0, 12.0 ],
															"to": [ 4.0, 1.0, 19.0 ],
															"rotationOrigin": [ 0.0, 1.0, 12.0 ],
															"rotationX": 22.5,
															"faces": {
																"north": { "texture": "#canopycolor4", "uv": [ 0.0, 0.0, 4.0, 1.0 ] },
																"east": { "texture": "#canopycolor4", "uv": [ 0.0, 0.0, 7.0, 1.0 ] },
																"south": { "texture": "#canopycolor4", "uv": [ 0.0, 0.0, 4.0, 1.0 ] },
																"west": { "texture": "#canopycolor4", "uv": [ 0.0, 0.0, 7.0, 1.0 ] },
																"up": { "texture": "#canopycolor4", "uv": [ 0.0, 0.0, 4.0, 7.0 ] },
																"down": { "texture": "#canopycolor4", "uv": [ 0.0, 0.0, 4.0, 7.0 ] }
															}
														}
													]
												}
											]
										}
									]
								},
								{
									"name": "CanopyTop53",
									"from": [ -30.0, 0.0, 0.0 ],
									"to": [ -26.0, 1.0, 12.0 ],
									"rotationOrigin": [ -27.0, 1.0, 0.0 ],
									"faces": {
										"north": { "texture": "#canopycolor4", "uv": [ 0.0, 0.0, 4.0, 1.0 ] },
										"east": { "texture": "#canopycolor4", "uv": [ 0.0, 0.0, 12.0, 1.0 ] },
										"south": { "texture": "#canopycolor4", "uv": [ 0.0, 0.0, 4.0, 1.0 ] },
										"west": { "texture": "#canopycolor4", "uv": [ 0.0, 0.0, 12.0, 1.0 ] },
										"up": { "texture": "#canopycolor4", "uv": [ 0.0, 0.0, 4.0, 12.0 ] },
										"down": { "texture": "#canopycolor4", "uv": [ 0.0, 0.0, 4.0, 12.0 ] }
									},
									"children": [
										{
											"name": "CanopyTop54",
											"from": [ 0.0, 0.0, 12.0 ],
											"to": [ 4.0, 1.0, 24.0 ],
											"rotationOrigin": [ 0.0, 1.0, 12.0 ],
											"rotationX": 10.0,
											"faces": {
												"north": { "texture": "#canopycolor4", "uv": [ 0.0, 0.0, 4.0, 1.0 ] },
												"east": { "texture": "#canopycolor4", "uv": [ 0.0, 0.0, 12.0, 1.0 ] },
												"south": { "texture": "#canopycolor4", "uv": [ 0.0, 0.0, 4.0, 1.0 ] },
												"west": { "texture": "#canopycolor4", "uv": [ 0.0, 0.0, 12.0, 1.0 ] },
												"up": { "texture": "#canopycolor4", "uv": [ 0.0, 0.0, 4.0, 12.0 ] },
												"down": { "texture": "#canopycolor4", "uv": [ 0.0, 0.0, 4.0, 12.0 ] }
											},
											"children": [
												{
													"name": "CanopyTop55",
													"from": [ 0.0, 0.0, 12.0 ],
													"to": [ 4.0, 1.5, 18.0 ],
													"rotationOrigin": [ 0.0, 0.0, 12.0 ],
													"rotationX": -12.0,
													"faces": {
														"north": { "texture": "#canopycolor4", "uv": [ 0.0, 0.0, 4.0, 1.5 ] },
														"east": { "texture": "#canopycolor4", "uv": [ 0.0, 0.0, 6.0, 1.5 ] },
														"south": { "texture": "#canopycolor4", "uv": [ 0.0, 0.0, 4.0, 1.5 ] },
														"west": { "texture": "#canopycolor4", "uv": [ 0.0, 0.0, 6.0, 1.5 ] },
														"up": { "texture": "#canopycolor4", "uv": [ 0.0, 0.0, 4.0, 6.0 ] },
														"down": { "texture": "#canopycolor4", "uv": [ 0.0, 0.0, 4.0, 6.0 ] }
													}
												}
											]
										},
										{
											"name": "CanopyTop56",
											"from": [ 4.0, 0.0, 0.0 ],
											"to": [ 8.0, 1.0, 12.0 ],
											"rotationOrigin": [ 4.0, 1.0, 0.0 ],
											"rotationX": 170.0,
											"rotationZ": -180.0,
											"faces": {
												"north": { "texture": "#canopycolor4", "uv": [ 0.0, 0.0, 4.0, 1.0 ] },
												"east": { "texture": "#canopycolor4", "uv": [ 0.0, 0.0, 12.0, 1.0 ] },
												"south": { "texture": "#canopycolor4", "uv": [ 0.0, 0.0, 4.0, 1.0 ] },
												"west": { "texture": "#canopycolor4", "uv": [ 0.0, 0.0, 12.0, 1.0 ] },
												"up": { "texture": "#canopycolor4", "uv": [ 0.0, 0.0, 4.0, 12.0 ] },
												"down": { "texture": "#canopycolor4", "uv": [ 0.0, 0.0, 4.0, 12.0 ] }
											},
											"children": [
												{
													"name": "CanopyTop57",
													"from": [ 0.0, 0.0, 12.0 ],
													"to": [ 4.0, 1.0, 24.0 ],
													"rotationOrigin": [ 0.0, 1.0, 12.0 ],
													"rotationX": 10.0,
													"faces": {
														"north": { "texture": "#canopycolor4", "uv": [ 0.0, 0.0, 4.0, 1.0 ] },
														"east": { "texture": "#canopycolor4", "uv": [ 0.0, 0.0, 12.0, 1.0 ] },
														"south": { "texture": "#canopycolor4", "uv": [ 0.0, 0.0, 4.0, 1.0 ] },
														"west": { "texture": "#canopycolor4", "uv": [ 0.0, 0.0, 12.0, 1.0 ] },
														"up": { "texture": "#canopycolor4", "uv": [ 0.0, 0.0, 4.0, 12.0 ] },
														"down": { "texture": "#canopycolor4", "uv": [ 0.0, 0.0, 4.0, 12.0 ] }
													},
													"children": [
														{
															"name": "CanopyTop58",
															"from": [ 0.0, 0.0, 12.0 ],
															"to": [ 4.0, 1.0, 19.0 ],
															"rotationOrigin": [ 0.0, 1.0, 12.0 ],
															"rotationX": 22.5,
															"faces": {
																"north": { "texture": "#canopycolor4", "uv": [ 0.0, 0.0, 4.0, 1.0 ] },
																"east": { "texture": "#canopycolor4", "uv": [ 0.0, 0.0, 7.0, 1.0 ] },
																"south": { "texture": "#canopycolor4", "uv": [ 0.0, 0.0, 4.0, 1.0 ] },
																"west": { "texture": "#canopycolor4", "uv": [ 0.0, 0.0, 7.0, 1.0 ] },
																"up": { "texture": "#canopycolor4", "uv": [ 0.0, 0.0, 4.0, 7.0 ] },
																"down": { "texture": "#canopycolor4", "uv": [ 0.0, 0.0, 4.0, 7.0 ] }
															}
														}
													]
												}
											]
										}
									]
								},
								{
									"name": "CanopyTop59",
									"from": [ -45.0, 0.0, 0.0 ],
									"to": [ -41.0, 1.0, 12.0 ],
									"rotationOrigin": [ -42.0, 1.0, 0.0 ],
									"faces": {
										"north": { "texture": "#canopycolor4", "uv": [ 0.0, 0.0, 4.0, 1.0 ] },
										"east": { "texture": "#canopycolor4", "uv": [ 0.0, 0.0, 12.0, 1.0 ] },
										"south": { "texture": "#canopycolor4", "uv": [ 0.0, 0.0, 4.0, 1.0 ] },
										"west": { "texture": "#canopycolor4", "uv": [ 0.0, 0.0, 12.0, 1.0 ] },
										"up": { "texture": "#canopycolor4", "uv": [ 0.0, 0.0, 4.0, 12.0 ] },
										"down": { "texture": "#canopycolor4", "uv": [ 0.0, 0.0, 4.0, 12.0 ] }
									},
									"children": [
										{
											"name": "CanopyTop60",
											"from": [ 0.0, 0.0, 12.0 ],
											"to": [ 4.0, 1.0, 24.0 ],
											"rotationOrigin": [ 0.0, 1.0, 12.0 ],
											"rotationX": 10.0,
											"faces": {
												"north": { "texture": "#canopycolor4", "uv": [ 0.0, 0.0, 4.0, 1.0 ] },
												"east": { "texture": "#canopycolor4", "uv": [ 0.0, 0.0, 12.0, 1.0 ] },
												"south": { "texture": "#canopycolor4", "uv": [ 0.0, 0.0, 4.0, 1.0 ] },
												"west": { "texture": "#canopycolor4", "uv": [ 0.0, 0.0, 12.0, 1.0 ] },
												"up": { "texture": "#canopycolor4", "uv": [ 0.0, 0.0, 4.0, 12.0 ] },
												"down": { "texture": "#canopycolor4", "uv": [ 0.0, 0.0, 4.0, 12.0 ] }
											},
											"children": [
												{
													"name": "CanopyTop61",
													"from": [ 0.0, 0.0, 12.0 ],
													"to": [ 4.0, 1.5, 18.0 ],
													"rotationOrigin": [ 0.0, 0.0, 12.0 ],
													"rotationX": -12.0,
													"faces": {
														"north": { "texture": "#canopycolor4", "uv": [ 0.0, 0.0, 4.0, 1.5 ] },
														"east": { "texture": "#canopycolor4", "uv": [ 0.0, 0.0, 6.0, 1.5 ] },
														"south": { "texture": "#canopycolor4", "uv": [ 0.0, 0.0, 4.0, 1.5 ] },
														"west": { "texture": "#canopycolor4", "uv": [ 0.0, 0.0, 6.0, 1.5 ] },
														"up": { "texture": "#canopycolor4", "uv": [ 0.0, 0.0, 4.0, 6.0 ] },
														"down": { "texture": "#canopycolor4", "uv": [ 0.0, 0.0, 4.0, 6.0 ] }
													}
												},
												{
													"name": "CanopyTop85",
													"from": [ 15.1, 1.3, 11.0 ],
													"to": [ 19.1, 3.3, 17.8 ],
													"rotationOrigin": [ 0.1, 1.3, 12.0 ],
													"faces": {
														"north": { "texture": "#canopycolor4", "uv": [ 0.0, 0.0, 4.0, 2.0 ] },
														"east": { "texture": "#canopycolor4", "uv": [ 0.0, 0.0, 6.5, 2.0 ] },
														"south": { "texture": "#canopycolor4", "uv": [ 0.0, 0.0, 4.0, 2.0 ] },
														"west": { "texture": "#canopycolor4", "uv": [ 0.0, 0.0, 6.5, 2.0 ] },
														"up": { "texture": "#canopycolor4", "uv": [ 0.0, 0.0, 4.0, 6.5 ] },
														"down": { "texture": "#canopycolor4", "uv": [ 0.0, 0.0, 4.0, 6.5 ] }
													},
													"children": [
														{
															"name": "CanopyTop86",
															"from": [ 0.0, 1.0, -4.6 ],
															"to": [ 4.0, 2.0, 0.4 ],
															"rotationOrigin": [ 0.0, 1.0, 0.4 ],
															"rotationX": -22.5,
															"faces": {
																"north": { "texture": "#canopycolor4", "uv": [ 0.0, 0.0, 4.0, 1.0 ] },
																"east": { "texture": "#canopycolor4", "uv": [ 0.0, 0.0, 5.0, 1.0 ] },
																"south": { "texture": "#canopycolor4", "uv": [ 0.0, 0.0, 4.0, 1.0 ] },
																"west": { "texture": "#canopycolor4", "uv": [ 0.0, 0.0, 5.0, 1.0 ] },
																"up": { "texture": "#canopycolor4", "uv": [ 0.0, 0.0, 4.0, 5.0 ] },
																"down": { "texture": "#canopycolor4", "uv": [ 0.0, 0.0, 4.0, 5.0 ] }
															}
														},
														{
															"name": "CanopyTop83",
															"from": [ -15.0, 0.0, 0.0 ],
															"to": [ -11.0, 2.0, 6.8 ],
															"rotationOrigin": [ -15.0, 0.0, 1.0 ],
															"faces": {
																"north": { "texture": "#canopycolor4", "uv": [ 0.0, 0.0, 4.0, 2.0 ] },
																"east": { "texture": "#canopycolor4", "uv": [ 0.0, 0.0, 6.5, 2.0 ] },
																"south": { "texture": "#canopycolor4", "uv": [ 0.0, 0.0, 4.0, 2.0 ] },
																"west": { "texture": "#canopycolor4", "uv": [ 0.0, 0.0, 6.5, 2.0 ] },
																"up": { "texture": "#canopycolor4", "uv": [ 0.0, 0.0, 4.0, 6.5 ] },
																"down": { "texture": "#canopycolor4", "uv": [ 0.0, 0.0, 4.0, 6.5 ] }
															},
															"children": [
																{
																	"name": "CanopyTop84",
																	"from": [ 0.0, 1.0, -4.6 ],
																	"to": [ 4.0, 2.0, 0.4 ],
																	"rotationOrigin": [ 0.0, 1.0, 0.4 ],
																	"rotationX": -22.5,
																	"faces": {
																		"north": { "texture": "#canopycolor4", "uv": [ 0.0, 0.0, 4.0, 1.0 ] },
																		"east": { "texture": "#canopycolor4", "uv": [ 0.0, 0.0, 5.0, 1.0 ] },
																		"south": { "texture": "#canopycolor4", "uv": [ 0.0, 0.0, 4.0, 1.0 ] },
																		"west": { "texture": "#canopycolor4", "uv": [ 0.0, 0.0, 5.0, 1.0 ] },
																		"up": { "texture": "#canopycolor4", "uv": [ 0.0, 0.0, 4.0, 5.0 ] },
																		"down": { "texture": "#canopycolor4", "uv": [ 0.0, 0.0, 4.0, 5.0 ] }
																	}
																}
															]
														},
														{
															"name": "CanopyTop87",
															"from": [ 15.0, 0.0, 0.0 ],
															"to": [ 19.0, 2.0, 6.8 ],
															"rotationOrigin": [ -14.0, 0.0, 1.0 ],
															"faces": {
																"north": { "texture": "#canopycolor4", "uv": [ 0.0, 0.0, 4.0, 2.0 ] },
																"east": { "texture": "#canopycolor4", "uv": [ 0.0, 0.0, 6.5, 2.0 ] },
																"south": { "texture": "#canopycolor4", "uv": [ 0.0, 0.0, 4.0, 2.0 ] },
																"west": { "texture": "#canopycolor4", "uv": [ 0.0, 0.0, 6.5, 2.0 ] },
																"up": { "texture": "#canopycolor4", "uv": [ 0.0, 0.0, 4.0, 6.5 ] },
																"down": { "texture": "#canopycolor4", "uv": [ 0.0, 0.0, 4.0, 6.5 ] }
															},
															"children": [
																{
																	"name": "CanopyTop88",
																	"from": [ 0.0, 1.0, -4.6 ],
																	"to": [ 4.0, 2.0, 0.4 ],
																	"rotationOrigin": [ 0.0, 1.0, 0.4 ],
																	"rotationX": -22.5,
																	"faces": {
																		"north": { "texture": "#canopycolor4", "uv": [ 0.0, 0.0, 4.0, 1.0 ] },
																		"east": { "texture": "#canopycolor4", "uv": [ 0.0, 0.0, 5.0, 1.0 ] },
																		"south": { "texture": "#canopycolor4", "uv": [ 0.0, 0.0, 4.0, 1.0 ] },
																		"west": { "texture": "#canopycolor4", "uv": [ 0.0, 0.0, 5.0, 1.0 ] },
																		"up": { "texture": "#canopycolor4", "uv": [ 0.0, 0.0, 4.0, 5.0 ] },
																		"down": { "texture": "#canopycolor4", "uv": [ 0.0, 0.0, 4.0, 5.0 ] }
																	}
																}
															]
														},
														{
															"name": "CanopyTop89",
															"from": [ 30.0, 0.0, 0.0 ],
															"to": [ 34.0, 2.0, 6.8 ],
															"rotationOrigin": [ -14.0, 0.0, 1.0 ],
															"faces": {
																"north": { "texture": "#canopycolor4", "uv": [ 0.0, 0.0, 4.0, 2.0 ] },
																"east": { "texture": "#canopycolor4", "uv": [ 0.0, 0.0, 6.5, 2.0 ] },
																"south": { "texture": "#canopycolor4", "uv": [ 0.0, 0.0, 4.0, 2.0 ] },
																"west": { "texture": "#canopycolor4", "uv": [ 0.0, 0.0, 6.5, 2.0 ] },
																"up": { "texture": "#canopycolor4", "uv": [ 0.0, 0.0, 4.0, 6.5 ] },
																"down": { "texture": "#canopycolor4", "uv": [ 0.0, 0.0, 4.0, 6.5 ] }
															},
															"children": [
																{
																	"name": "CanopyTop90",
																	"from": [ 0.0, 1.0, -4.6 ],
																	"to": [ 4.0, 2.0, 0.4 ],
																	"rotationOrigin": [ 0.0, 1.0, 0.4 ],
																	"rotationX": -22.5,
																	"faces": {
																		"north": { "texture": "#canopycolor4", "uv": [ 0.0, 0.0, 4.0, 1.0 ] },
																		"east": { "texture": "#canopycolor4", "uv": [ 0.0, 0.0, 5.0, 1.0 ] },
																		"south": { "texture": "#canopycolor4", "uv": [ 0.0, 0.0, 4.0, 1.0 ] },
																		"west": { "texture": "#canopycolor4", "uv": [ 0.0, 0.0, 5.0, 1.0 ] },
																		"up": { "texture": "#canopycolor4", "uv": [ 0.0, 0.0, 4.0, 5.0 ] },
																		"down": { "texture": "#canopycolor4", "uv": [ 0.0, 0.0, 4.0, 5.0 ] }
																	}
																}
															]
														}
													]
												}
											]
										},
										{
											"name": "CanopyTop62",
											"from": [ 8.0, 0.0, 0.0 ],
											"to": [ 12.0, 1.0, 12.0 ],
											"rotationOrigin": [ 6.0, 1.0, 0.0 ],
											"rotationX": 170.0,
											"rotationZ": -180.0,
											"faces": {
												"north": { "texture": "#canopycolor4", "uv": [ 0.0, 0.0, 4.0, 1.0 ] },
												"east": { "texture": "#canopycolor4", "uv": [ 0.0, 0.0, 12.0, 1.0 ] },
												"south": { "texture": "#canopycolor4", "uv": [ 0.0, 0.0, 4.0, 1.0 ] },
												"west": { "texture": "#canopycolor4", "uv": [ 0.0, 0.0, 12.0, 1.0 ] },
												"up": { "texture": "#canopycolor4", "uv": [ 0.0, 0.0, 4.0, 12.0 ] },
												"down": { "texture": "#canopycolor4", "uv": [ 0.0, 0.0, 4.0, 12.0 ] }
											},
											"children": [
												{
													"name": "CanopyTop63",
													"from": [ 0.0, 0.0, 12.0 ],
													"to": [ 4.0, 1.0, 24.0 ],
													"rotationOrigin": [ 0.0, 1.0, 12.0 ],
													"rotationX": 10.0,
													"faces": {
														"north": { "texture": "#canopycolor4", "uv": [ 0.0, 0.0, 4.0, 1.0 ] },
														"east": { "texture": "#canopycolor4", "uv": [ 0.0, 0.0, 12.0, 1.0 ] },
														"south": { "texture": "#canopycolor4", "uv": [ 0.0, 0.0, 4.0, 1.0 ] },
														"west": { "texture": "#canopycolor4", "uv": [ 0.0, 0.0, 12.0, 1.0 ] },
														"up": { "texture": "#canopycolor4", "uv": [ 0.0, 0.0, 4.0, 12.0 ] },
														"down": { "texture": "#canopycolor4", "uv": [ 0.0, 0.0, 4.0, 12.0 ] }
													},
													"children": [
														{
															"name": "CanopyTop64",
															"from": [ 0.0, 0.0, 12.0 ],
															"to": [ 4.0, 1.0, 19.0 ],
															"rotationOrigin": [ 0.0, 1.0, 12.0 ],
															"rotationX": 22.5,
															"faces": {
																"north": { "texture": "#canopycolor4", "uv": [ 0.0, 0.0, 4.0, 1.0 ] },
																"east": { "texture": "#canopycolor4", "uv": [ 0.0, 0.0, 7.0, 1.0 ] },
																"south": { "texture": "#canopycolor4", "uv": [ 0.0, 0.0, 4.0, 1.0 ] },
																"west": { "texture": "#canopycolor4", "uv": [ 0.0, 0.0, 7.0, 1.0 ] },
																"up": { "texture": "#canopycolor4", "uv": [ 0.0, 0.0, 4.0, 7.0 ] },
																"down": { "texture": "#canopycolor4", "uv": [ 0.0, 0.0, 4.0, 7.0 ] }
															}
														}
													]
												}
											]
										}
									]
								}
							]
						},
						{
							"name": "CanopyTop77",
							"from": [ 50.0, 0.6, -0.8 ],
							"to": [ 52.0, 1.6, 11.2 ],
							"rotationOrigin": [ 70.0, 1.6, -0.8 ],
							"faces": {
								"north": { "texture": "#canopycolor3", "uv": [ 0.0, 0.0, 2.0, 1.0 ] },
								"east": { "texture": "#canopycolor3", "uv": [ 0.0, 0.0, 12.0, 1.0 ] },
								"south": { "texture": "#canopycolor3", "uv": [ 0.0, 0.0, 2.0, 1.0 ] },
								"west": { "texture": "#canopycolor3", "uv": [ 0.0, 0.0, 12.0, 1.0 ] },
								"up": { "texture": "#canopycolor3", "uv": [ 0.0, 0.0, 2.0, 12.0 ] },
								"down": { "texture": "#canopycolor3", "uv": [ 0.0, 0.0, 2.0, 12.0 ] }
							},
							"children": [
								{
									"name": "CanopyTop78",
									"from": [ 0.0, 0.0, 12.0 ],
									"to": [ 2.0, 1.0, 25.0 ],
									"rotationOrigin": [ 0.0, 1.0, 12.0 ],
									"rotationX": 10.0,
									"faces": {
										"north": { "texture": "#canopycolor3", "uv": [ 0.0, 0.0, 2.0, 1.0 ] },
										"east": { "texture": "#canopycolor3", "uv": [ 0.0, 0.0, 13.0, 1.0 ] },
										"south": { "texture": "#canopycolor3", "uv": [ 0.0, 0.0, 2.0, 1.0 ] },
										"west": { "texture": "#canopycolor3", "uv": [ 0.0, 0.0, 13.0, 1.0 ] },
										"up": { "texture": "#canopycolor3", "uv": [ 0.0, 0.0, 2.0, 13.0 ] },
										"down": { "texture": "#canopycolor3", "uv": [ 0.0, 0.0, 2.0, 13.0 ] }
									},
									"children": [
										{
											"name": "CanopyTop79",
											"from": [ 0.0, 0.0, 13.0 ],
											"to": [ 2.0, 1.0, 18.9 ],
											"rotationOrigin": [ 0.0, 0.0, 13.0 ],
											"rotationX": -8.0,
											"faces": {
												"north": { "texture": "#canopycolor3", "uv": [ 0.0, 0.0, 2.0, 1.0 ] },
												"east": { "texture": "#canopycolor3", "uv": [ 0.0, 0.0, 5.5, 1.0 ] },
												"south": { "texture": "#canopycolor3", "uv": [ 0.0, 0.0, 2.0, 1.0 ] },
												"west": { "texture": "#canopycolor3", "uv": [ 0.0, 0.0, 5.5, 1.0 ] },
												"up": { "texture": "#canopycolor3", "uv": [ 0.0, 0.0, 2.0, 5.5 ] },
												"down": { "texture": "#canopycolor3", "uv": [ 0.0, 0.0, 2.0, 5.5 ] }
											}
										}
									]
								},
								{
									"name": "CanopyTop80",
									"from": [ 10.0, 0.0, 0.0 ],
									"to": [ 12.0, 1.0, 12.0 ],
									"rotationOrigin": [ 6.0, 1.0, 0.0 ],
									"rotationX": 170.0,
									"rotationZ": -180.0,
									"faces": {
										"north": { "texture": "#canopycolor3", "uv": [ 0.0, 0.0, 2.0, 1.0 ] },
										"east": { "texture": "#canopycolor3", "uv": [ 0.0, 0.0, 12.0, 1.0 ] },
										"south": { "texture": "#canopycolor3", "uv": [ 0.0, 0.0, 2.0, 1.0 ] },
										"west": { "texture": "#canopycolor3", "uv": [ 0.0, 0.0, 12.0, 1.0 ] },
										"up": { "texture": "#canopycolor3", "uv": [ 0.0, 0.0, 2.0, 12.0 ] },
										"down": { "texture": "#canopycolor3", "uv": [ 0.0, 0.0, 2.0, 12.0 ] }
									},
									"children": [
										{
											"name": "CanopyTop81",
											"from": [ 0.0, 0.0, 12.0 ],
											"to": [ 2.0, 1.0, 24.0 ],
											"rotationOrigin": [ 0.0, 1.0, 12.0 ],
											"rotationX": 10.0,
											"faces": {
												"north": { "texture": "#canopycolor3", "uv": [ 0.0, 0.0, 2.0, 1.0 ] },
												"east": { "texture": "#canopycolor3", "uv": [ 0.0, 0.0, 12.0, 1.0 ] },
												"south": { "texture": "#canopycolor3", "uv": [ 0.0, 0.0, 2.0, 1.0 ] },
												"west": { "texture": "#canopycolor3", "uv": [ 0.0, 0.0, 12.0, 1.0 ] },
												"up": { "texture": "#canopycolor3", "uv": [ 0.0, 0.0, 2.0, 12.0 ] },
												"down": { "texture": "#canopycolor3", "uv": [ 0.0, 0.0, 2.0, 12.0 ] }
											},
											"children": [
												{
													"name": "CanopyTop82",
													"from": [ 0.0, 0.0, 12.0 ],
													"to": [ 2.0, 1.0, 17.6 ],
													"rotationOrigin": [ 0.0, 1.0, 12.0 ],
													"rotationX": 22.5,
													"faces": {
														"north": { "texture": "#canopycolor3", "uv": [ 0.0, 0.0, 2.0, 1.0 ] },
														"east": { "texture": "#canopycolor3", "uv": [ 0.0, 0.0, 5.5, 1.0 ] },
														"south": { "texture": "#canopycolor3", "uv": [ 0.0, 0.0, 2.0, 1.0 ] },
														"west": { "texture": "#canopycolor3", "uv": [ 0.0, 0.0, 5.5, 1.0 ] },
														"up": { "texture": "#canopycolor3", "uv": [ 0.0, 0.0, 2.0, 5.5 ] },
														"down": { "texture": "#canopycolor3", "uv": [ 0.0, 0.0, 2.0, 5.5 ] }
													}
												}
											]
										}
									]
								}
							]
						}
					]
				},
				{
					"name": "LeftBeam13",
					"from": [ -6.9, -9.0, 50.3 ],
					"to": [ -5.1, 3.0, 51.6 ],
					"rotationOrigin": [ -5.9, 5.0, 0.3 ],
					"faces": {
						"north": { "texture": "#oak-h", "uv": [ 3.5, 0.0, 15.5, 1.5 ], "rotation": 90 },
						"east": { "texture": "#oak-h", "uv": [ 3.0, 0.0, 15.0, 1.0 ], "rotation": 90 },
						"south": { "texture": "#oak-h", "uv": [ 3.5, 0.0, 15.5, 1.5 ], "rotation": 90 },
						"west": { "texture": "#oak-h", "uv": [ 4.0, 0.0, 16.0, 1.0 ], "rotation": 90 },
						"up": { "texture": "#oak-h", "uv": [ 0.0, 0.0, 1.0, 1.5 ], "rotation": 90 },
						"down": { "texture": "#oak-h", "uv": [ 0.0, 0.0, 1.0, 1.5 ], "rotation": 90 }
					},
					"children": [
						{
							"name": "LeftBeam14",
							"from": [ 0.0, 12.0, 0.0 ],
							"to": [ 1.8, 22.0, 1.3 ],
							"rotationOrigin": [ 0.0, 12.0, 0.0 ],
							"faces": {
								"north": { "texture": "#oak-h", "uv": [ 3.5, 0.0, 13.5, 1.5 ], "rotation": 90 },
								"east": { "texture": "#oak-h", "uv": [ 3.0, 0.0, 13.0, 1.0 ], "rotation": 90 },
								"south": { "texture": "#oak-h", "uv": [ 3.5, 0.0, 13.5, 1.5 ], "rotation": 90 },
								"west": { "texture": "#oak-h", "uv": [ 4.0, 0.0, 14.0, 1.0 ], "rotation": 90 },
								"up": { "texture": "#oak-h", "uv": [ 0.0, 0.0, 1.0, 1.5 ], "rotation": 90 },
								"down": { "texture": "#oak-h", "uv": [ 0.0, 0.0, 1.0, 1.5 ], "rotation": 90 }
							}
						},
						{
							"name": "LeftBeam15",
							"from": [ 0.0, 22.0, 0.0 ],
							"to": [ 1.8, 28.0, 1.3 ],
							"rotationOrigin": [ 0.0, 22.0, 0.0 ],
							"faces": {
								"north": { "texture": "#oak-h", "uv": [ 3.5, 0.0, 9.5, 1.5 ], "rotation": 90 },
								"east": { "texture": "#oak-h", "uv": [ 3.0, 0.0, 9.0, 1.0 ], "rotation": 90 },
								"south": { "texture": "#oak-h", "uv": [ 3.5, 0.0, 9.5, 1.5 ], "rotation": 90 },
								"west": { "texture": "#oak-h", "uv": [ 4.0, 0.0, 10.0, 1.0 ], "rotation": 90 },
								"up": { "texture": "#oak-h", "uv": [ 0.0, 0.0, 1.0, 1.5 ], "rotation": 90 },
								"down": { "texture": "#oak-h", "uv": [ 0.0, 0.0, 1.0, 1.5 ], "rotation": 90 }
							}
						},
						{
							"name": "LeftBeam16",
							"from": [ 15.0, 0.0, 0.0 ],
							"to": [ 16.8, 12.0, 1.3 ],
							"rotationOrigin": [ 15.0, 0.0, 0.0 ],
							"faces": {
								"north": { "texture": "#oak-h", "uv": [ 3.5, 0.0, 15.5, 1.5 ], "rotation": 90 },
								"east": { "texture": "#oak-h", "uv": [ 3.0, 0.0, 15.0, 1.0 ], "rotation": 90 },
								"south": { "texture": "#oak-h", "uv": [ 3.5, 0.0, 15.5, 1.5 ], "rotation": 90 },
								"west": { "texture": "#oak-h", "uv": [ 4.0, 0.0, 16.0, 1.0 ], "rotation": 90 },
								"up": { "texture": "#oak-h", "uv": [ 0.0, 0.0, 1.0, 1.5 ], "rotation": 90 },
								"down": { "texture": "#oak-h", "uv": [ 0.0, 0.0, 1.0, 1.5 ], "rotation": 90 }
							},
							"children": [
								{
									"name": "LeftBeam17",
									"from": [ 0.0, 12.0, 0.0 ],
									"to": [ 1.8, 22.0, 1.3 ],
									"rotationOrigin": [ 0.0, 12.0, 0.0 ],
									"faces": {
										"north": { "texture": "#oak-h", "uv": [ 3.5, 0.0, 13.5, 1.5 ], "rotation": 90 },
										"east": { "texture": "#oak-h", "uv": [ 3.0, 0.0, 13.0, 1.0 ], "rotation": 90 },
										"south": { "texture": "#oak-h", "uv": [ 3.5, 0.0, 13.5, 1.5 ], "rotation": 90 },
										"west": { "texture": "#oak-h", "uv": [ 4.0, 0.0, 14.0, 1.0 ], "rotation": 90 },
										"up": { "texture": "#oak-h", "uv": [ 0.0, 0.0, 1.0, 1.5 ], "rotation": 90 },
										"down": { "texture": "#oak-h", "uv": [ 0.0, 0.0, 1.0, 1.5 ], "rotation": 90 }
									}
								},
								{
									"name": "LeftBeam18",
									"from": [ 0.0, 22.0, 0.0 ],
									"to": [ 1.8, 28.0, 1.3 ],
									"rotationOrigin": [ 0.0, 22.0, 0.0 ],
									"faces": {
										"north": { "texture": "#oak-h", "uv": [ 3.5, 0.0, 9.5, 1.5 ], "rotation": 90 },
										"east": { "texture": "#oak-h", "uv": [ 3.0, 0.0, 9.0, 1.0 ], "rotation": 90 },
										"south": { "texture": "#oak-h", "uv": [ 3.5, 0.0, 9.5, 1.5 ], "rotation": 90 },
										"west": { "texture": "#oak-h", "uv": [ 4.0, 0.0, 10.0, 1.0 ], "rotation": 90 },
										"up": { "texture": "#oak-h", "uv": [ 0.0, 0.0, 1.0, 1.5 ], "rotation": 90 },
										"down": { "texture": "#oak-h", "uv": [ 0.0, 0.0, 1.0, 1.5 ], "rotation": 90 }
									}
								}
							]
						},
						{
							"name": "LeftBeam19",
							"from": [ 30.0, 0.0, 0.0 ],
							"to": [ 31.8, 12.0, 1.3 ],
							"rotationOrigin": [ 15.0, 0.0, 0.0 ],
							"faces": {
								"north": { "texture": "#oak-h", "uv": [ 3.5, 0.0, 15.5, 1.5 ], "rotation": 90 },
								"east": { "texture": "#oak-h", "uv": [ 3.0, 0.0, 15.0, 1.0 ], "rotation": 90 },
								"south": { "texture": "#oak-h", "uv": [ 3.5, 0.0, 15.5, 1.5 ], "rotation": 90 },
								"west": { "texture": "#oak-h", "uv": [ 4.0, 0.0, 16.0, 1.0 ], "rotation": 90 },
								"up": { "texture": "#oak-h", "uv": [ 0.0, 0.0, 1.0, 1.5 ], "rotation": 90 },
								"down": { "texture": "#oak-h", "uv": [ 0.0, 0.0, 1.0, 1.5 ], "rotation": 90 }
							},
							"children": [
								{
									"name": "LeftBeam20",
									"from": [ 0.0, 12.0, 0.0 ],
									"to": [ 1.8, 22.0, 1.3 ],
									"rotationOrigin": [ 0.0, 12.0, 0.0 ],
									"faces": {
										"north": { "texture": "#oak-h", "uv": [ 3.5, 0.0, 13.5, 1.5 ], "rotation": 90 },
										"east": { "texture": "#oak-h", "uv": [ 3.0, 0.0, 13.0, 1.0 ], "rotation": 90 },
										"south": { "texture": "#oak-h", "uv": [ 3.5, 0.0, 13.5, 1.5 ], "rotation": 90 },
										"west": { "texture": "#oak-h", "uv": [ 4.0, 0.0, 14.0, 1.0 ], "rotation": 90 },
										"up": { "texture": "#oak-h", "uv": [ 0.0, 0.0, 1.0, 1.5 ], "rotation": 90 },
										"down": { "texture": "#oak-h", "uv": [ 0.0, 0.0, 1.0, 1.5 ], "rotation": 90 }
									}
								},
								{
									"name": "LeftBeam21",
									"from": [ 0.0, 22.0, 0.0 ],
									"to": [ 1.8, 28.0, 1.3 ],
									"rotationOrigin": [ 0.0, 22.0, 0.0 ],
									"faces": {
										"north": { "texture": "#oak-h", "uv": [ 3.5, 0.0, 9.5, 1.5 ], "rotation": 90 },
										"east": { "texture": "#oak-h", "uv": [ 3.0, 0.0, 9.0, 1.0 ], "rotation": 90 },
										"south": { "texture": "#oak-h", "uv": [ 3.5, 0.0, 9.5, 1.5 ], "rotation": 90 },
										"west": { "texture": "#oak-h", "uv": [ 4.0, 0.0, 10.0, 1.0 ], "rotation": 90 },
										"up": { "texture": "#oak-h", "uv": [ 0.0, 0.0, 1.0, 1.5 ], "rotation": 90 },
										"down": { "texture": "#oak-h", "uv": [ 0.0, 0.0, 1.0, 1.5 ], "rotation": 90 }
									}
								}
							]
						},
						{
							"name": "LeftBeam22",
							"from": [ 45.0, 0.0, 0.0 ],
							"to": [ 46.8, 12.0, 1.3 ],
							"rotationOrigin": [ 15.0, 0.0, 0.0 ],
							"faces": {
								"north": { "texture": "#oak-h", "uv": [ 3.5, 0.0, 15.5, 1.5 ], "rotation": 90 },
								"east": { "texture": "#oak-h", "uv": [ 3.0, 0.0, 15.0, 1.0 ], "rotation": 90 },
								"south": { "texture": "#oak-h", "uv": [ 3.5, 0.0, 15.5, 1.5 ], "rotation": 90 },
								"west": { "texture": "#oak-h", "uv": [ 4.0, 0.0, 16.0, 1.0 ], "rotation": 90 },
								"up": { "texture": "#oak-h", "uv": [ 0.0, 0.0, 1.0, 1.5 ], "rotation": 90 },
								"down": { "texture": "#oak-h", "uv": [ 0.0, 0.0, 1.0, 1.5 ], "rotation": 90 }
							},
							"children": [
								{
									"name": "LeftBeam23",
									"from": [ 0.0, 12.0, 0.0 ],
									"to": [ 1.8, 22.0, 1.3 ],
									"rotationOrigin": [ 0.0, 12.0, 0.0 ],
									"faces": {
										"north": { "texture": "#oak-h", "uv": [ 3.5, 0.0, 13.5, 1.5 ], "rotation": 90 },
										"east": { "texture": "#oak-h", "uv": [ 3.0, 0.0, 13.0, 1.0 ], "rotation": 90 },
										"south": { "texture": "#oak-h", "uv": [ 3.5, 0.0, 13.5, 1.5 ], "rotation": 90 },
										"west": { "texture": "#oak-h", "uv": [ 4.0, 0.0, 14.0, 1.0 ], "rotation": 90 },
										"up": { "texture": "#oak-h", "uv": [ 0.0, 0.0, 1.0, 1.5 ], "rotation": 90 },
										"down": { "texture": "#oak-h", "uv": [ 0.0, 0.0, 1.0, 1.5 ], "rotation": 90 }
									}
								},
								{
									"name": "LeftBeam24",
									"from": [ 0.0, 22.0, 0.0 ],
									"to": [ 1.8, 28.0, 1.3 ],
									"rotationOrigin": [ 0.0, 22.0, 0.0 ],
									"faces": {
										"north": { "texture": "#oak-h", "uv": [ 3.5, 0.0, 9.5, 1.5 ], "rotation": 90 },
										"east": { "texture": "#oak-h", "uv": [ 3.0, 0.0, 9.0, 1.0 ], "rotation": 90 },
										"south": { "texture": "#oak-h", "uv": [ 3.5, 0.0, 9.5, 1.5 ], "rotation": 90 },
										"west": { "texture": "#oak-h", "uv": [ 4.0, 0.0, 10.0, 1.0 ], "rotation": 90 },
										"up": { "texture": "#oak-h", "uv": [ 0.0, 0.0, 1.0, 1.5 ], "rotation": 90 },
										"down": { "texture": "#oak-h", "uv": [ 0.0, 0.0, 1.0, 1.5 ], "rotation": 90 }
									}
								},
								{
									"name": "LeftBeam25",
									"from": [ -0.5, -2.0, -0.5 ],
									"to": [ 2.3, 1.0, 1.8 ],
									"rotationOrigin": [ -0.5, -1.0, -0.5 ],
									"faces": {
										"north": { "texture": "#oak-h", "uv": [ 3.5, 0.0, 6.5, 2.5 ], "rotation": 90 },
										"east": { "texture": "#oak-h", "uv": [ 3.0, 0.0, 6.0, 2.0 ], "rotation": 90 },
										"south": { "texture": "#oak-h", "uv": [ 3.5, 0.0, 6.5, 2.5 ], "rotation": 90 },
										"west": { "texture": "#oak-h", "uv": [ 4.0, 0.0, 7.0, 2.0 ], "rotation": 90 },
										"up": { "texture": "#oak-h", "uv": [ 0.0, 0.0, 2.0, 2.5 ], "rotation": 90 },
										"down": { "texture": "#oak-h", "uv": [ 0.0, 0.0, 2.0, 2.5 ], "rotation": 90 }
									}
								},
								{
									"name": "LeftBeam26",
									"from": [ -15.5, -2.0, -0.5 ],
									"to": [ -12.7, 1.0, 1.8 ],
									"rotationOrigin": [ -0.5, -1.0, -0.5 ],
									"faces": {
										"north": { "texture": "#oak-h", "uv": [ 3.5, 0.0, 6.5, 2.5 ], "rotation": 90 },
										"east": { "texture": "#oak-h", "uv": [ 3.0, 0.0, 6.0, 2.0 ], "rotation": 90 },
										"south": { "texture": "#oak-h", "uv": [ 3.5, 0.0, 6.5, 2.5 ], "rotation": 90 },
										"west": { "texture": "#oak-h", "uv": [ 4.0, 0.0, 7.0, 2.0 ], "rotation": 90 },
										"up": { "texture": "#oak-h", "uv": [ 0.0, 0.0, 2.0, 2.5 ], "rotation": 90 },
										"down": { "texture": "#oak-h", "uv": [ 0.0, 0.0, 2.0, 2.5 ], "rotation": 90 }
									}
								},
								{
									"name": "LeftBeam27",
									"from": [ -30.5, -2.0, -0.5 ],
									"to": [ -27.7, 1.0, 1.8 ],
									"rotationOrigin": [ -0.5, -1.0, -0.5 ],
									"faces": {
										"north": { "texture": "#oak-h", "uv": [ 3.5, 0.0, 6.5, 2.5 ], "rotation": 90 },
										"east": { "texture": "#oak-h", "uv": [ 3.0, 0.0, 6.0, 2.0 ], "rotation": 90 },
										"south": { "texture": "#oak-h", "uv": [ 3.5, 0.0, 6.5, 2.5 ], "rotation": 90 },
										"west": { "texture": "#oak-h", "uv": [ 4.0, 0.0, 7.0, 2.0 ], "rotation": 90 },
										"up": { "texture": "#oak-h", "uv": [ 0.0, 0.0, 2.0, 2.5 ], "rotation": 90 },
										"down": { "texture": "#oak-h", "uv": [ 0.0, 0.0, 2.0, 2.5 ], "rotation": 90 }
									}
								},
								{
									"name": "LeftBeam28",
									"from": [ -45.5, -2.0, -0.5 ],
									"to": [ -42.7, 1.0, 1.8 ],
									"rotationOrigin": [ -0.5, -1.0, -0.5 ],
									"faces": {
										"north": { "texture": "#oak-h", "uv": [ 3.5, 0.0, 6.5, 2.5 ], "rotation": 90 },
										"east": { "texture": "#oak-h", "uv": [ 3.0, 0.0, 6.0, 2.0 ], "rotation": 90 },
										"south": { "texture": "#oak-h", "uv": [ 3.5, 0.0, 6.5, 2.5 ], "rotation": 90 },
										"west": { "texture": "#oak-h", "uv": [ 4.0, 0.0, 7.0, 2.0 ], "rotation": 90 },
										"up": { "texture": "#oak-h", "uv": [ 0.0, 0.0, 2.0, 2.5 ], "rotation": 90 },
										"down": { "texture": "#oak-h", "uv": [ 0.0, 0.0, 2.0, 2.5 ], "rotation": 90 }
									}
								}
							]
						}
					]
				}
			]
		}
	]}