{
	"editor": {
		"backDropShape": "entity/land/basiccart",
		"collapsedPaths": "Root/ORIGIN/CanopyTop/CanopyTopRidge,Root/ORIGIN/RightBeam1,Root/ORIGIN/CanopyTop/CanopyTopRidge5,Root/ORIGIN/TopBeam,Root/ORIGIN/CanopyTop/CanopyTop5,Root/ORIGIN/CanopyTop41,Root/ORIGIN/CanopyTop/CanopyTop9,Root/ORIGIN/CanopyTop/CanopyTopRidge10",
		"allAngles": false,
		"entityTextureMode": false
	},
	"textureWidth": 16,
	"textureHeight": 16,
	"textureSizes": {
		"oak-h": [16,16],
		"canopycolor53": [16,16],
		"canopycolor54": [16,16],
		"oak": [16,16],
		"iron": [16,16],
		"canopycolor5": [16,16],
		"canopycolor52": [16,16]
	},
	"textures": {
	},
	"elements": [
		{
			"name": "ORIGIN",
			"from": [ 7.0, 1.5, 0.0 ],
			"to": [ 8.0, 2.5, 1.0 ],
			"rotationOrigin": [ 8.0, 0.2, 0.0 ],
			"faces": {
			},
			"children": [
				{
					"name": "LeftBeam",
					"from": [ -6.9, 2.5, 0.3 ],
					"to": [ -5.1, 14.5, 1.6 ],
					"rotationOrigin": [ -6.9, 2.5, 0.3 ],
					"faces": {
						"north": { "texture": "#oak-h", "uv": [ 3.5, 0.0, 15.5, 1.5 ], "rotation": 90 },
						"east": { "texture": "#oak-h", "uv": [ 3.0, 0.0, 15.0, 1.0 ], "rotation": 90 },
						"south": { "texture": "#oak-h", "uv": [ 3.5, 0.0, 15.5, 1.5 ], "rotation": 90 },
						"west": { "texture": "#oak-h", "uv": [ 4.0, 0.0, 16.0, 1.0 ], "rotation": 90 },
						"up": { "texture": "#oak-h", "uv": [ 0.0, 0.0, 1.0, 1.5 ], "rotation": 90 },
						"down": { "texture": "#oak-h", "uv": [ 0.0, 0.0, 1.0, 1.5 ], "rotation": 90 }
					},
					"children": [
						{
							"name": "LeftBeam2",
							"from": [ 0.0, 12.0, 0.0 ],
							"to": [ 1.8, 23.0, 1.3 ],
							"rotationOrigin": [ 0.0, 12.0, 0.0 ],
							"faces": {
								"north": { "texture": "#oak-h", "uv": [ 3.5, 0.0, 14.5, 1.5 ], "rotation": 90 },
								"east": { "texture": "#oak-h", "uv": [ 3.0, 0.0, 14.0, 1.0 ], "rotation": 90 },
								"south": { "texture": "#oak-h", "uv": [ 3.5, 0.0, 14.5, 1.5 ], "rotation": 90 },
								"west": { "texture": "#oak-h", "uv": [ 4.0, 0.0, 15.0, 1.0 ], "rotation": 90 },
								"up": { "texture": "#oak-h", "uv": [ 0.0, 0.0, 1.0, 1.5 ], "rotation": 90 },
								"down": { "texture": "#oak-h", "uv": [ 0.0, 0.0, 1.0, 1.5 ], "rotation": 90 }
							}
						},
						{
							"name": "LeftBeam4",
							"from": [ 15.0, 0.0, 0.0 ],
							"to": [ 16.8, 12.0, 1.3 ],
							"rotationOrigin": [ 15.0, 0.0, 0.0 ],
							"faces": {
								"north": { "texture": "#oak-h", "uv": [ 3.5, 0.0, 15.5, 1.5 ], "rotation": 90 },
								"east": { "texture": "#oak-h", "uv": [ 3.0, 0.0, 15.0, 1.0 ], "rotation": 90 },
								"south": { "texture": "#oak-h", "uv": [ 3.5, 0.0, 15.5, 1.5 ], "rotation": 90 },
								"west": { "texture": "#oak-h", "uv": [ 4.0, 0.0, 16.0, 1.0 ], "rotation": 90 },
								"up": { "texture": "#oak-h", "uv": [ 0.0, 0.0, 1.0, 1.5 ], "rotation": 90 },
								"down": { "texture": "#oak-h", "uv": [ 0.0, 0.0, 1.0, 1.5 ], "rotation": 90 }
							},
							"children": [
								{
									"name": "LeftBeam5",
									"from": [ 0.0, 12.0, 0.0 ],
									"to": [ 1.8, 23.0, 1.3 ],
									"rotationOrigin": [ 0.0, 12.0, 0.0 ],
									"faces": {
										"north": { "texture": "#oak-h", "uv": [ 3.5, 0.0, 14.5, 1.5 ], "rotation": 90 },
										"east": { "texture": "#oak-h", "uv": [ 3.0, 0.0, 14.0, 1.0 ], "rotation": 90 },
										"south": { "texture": "#oak-h", "uv": [ 3.5, 0.0, 14.5, 1.5 ], "rotation": 90 },
										"west": { "texture": "#oak-h", "uv": [ 4.0, 0.0, 15.0, 1.0 ], "rotation": 90 },
										"up": { "texture": "#oak-h", "uv": [ 0.0, 0.0, 1.0, 1.5 ], "rotation": 90 },
										"down": { "texture": "#oak-h", "uv": [ 0.0, 0.0, 1.0, 1.5 ], "rotation": 90 }
									}
								}
							]
						},
						{
							"name": "LeftBeam7",
							"from": [ 30.0, 0.0, 0.0 ],
							"to": [ 31.8, 12.0, 1.3 ],
							"rotationOrigin": [ 15.0, 0.0, 0.0 ],
							"faces": {
								"north": { "texture": "#oak-h", "uv": [ 3.5, 0.0, 15.5, 1.5 ], "rotation": 90 },
								"east": { "texture": "#oak-h", "uv": [ 3.0, 0.0, 15.0, 1.0 ], "rotation": 90 },
								"south": { "texture": "#oak-h", "uv": [ 3.5, 0.0, 15.5, 1.5 ], "rotation": 90 },
								"west": { "texture": "#oak-h", "uv": [ 4.0, 0.0, 16.0, 1.0 ], "rotation": 90 },
								"up": { "texture": "#oak-h", "uv": [ 0.0, 0.0, 1.0, 1.5 ], "rotation": 90 },
								"down": { "texture": "#oak-h", "uv": [ 0.0, 0.0, 1.0, 1.5 ], "rotation": 90 }
							},
							"children": [
								{
									"name": "LeftBeam8",
									"from": [ 0.0, 12.0, 0.0 ],
									"to": [ 1.8, 23.0, 1.3 ],
									"rotationOrigin": [ 0.0, 12.0, 0.0 ],
									"faces": {
										"north": { "texture": "#oak-h", "uv": [ 3.5, 0.0, 14.5, 1.5 ], "rotation": 90 },
										"east": { "texture": "#oak-h", "uv": [ 3.0, 0.0, 14.0, 1.0 ], "rotation": 90 },
										"south": { "texture": "#oak-h", "uv": [ 3.5, 0.0, 14.5, 1.5 ], "rotation": 90 },
										"west": { "texture": "#oak-h", "uv": [ 4.0, 0.0, 15.0, 1.0 ], "rotation": 90 },
										"up": { "texture": "#oak-h", "uv": [ 0.0, 0.0, 1.0, 1.5 ], "rotation": 90 },
										"down": { "texture": "#oak-h", "uv": [ 0.0, 0.0, 1.0, 1.5 ], "rotation": 90 }
									}
								}
							]
						},
						{
							"name": "LeftBeam10",
							"from": [ 45.0, 0.0, 0.0 ],
							"to": [ 46.8, 12.0, 1.3 ],
							"rotationOrigin": [ 15.0, 0.0, 0.0 ],
							"faces": {
								"north": { "texture": "#oak-h", "uv": [ 3.5, 0.0, 15.5, 1.5 ], "rotation": 90 },
								"east": { "texture": "#oak-h", "uv": [ 3.0, 0.0, 15.0, 1.0 ], "rotation": 90 },
								"south": { "texture": "#oak-h", "uv": [ 3.5, 0.0, 15.5, 1.5 ], "rotation": 90 },
								"west": { "texture": "#oak-h", "uv": [ 4.0, 0.0, 16.0, 1.0 ], "rotation": 90 },
								"up": { "texture": "#oak-h", "uv": [ 0.0, 0.0, 1.0, 1.5 ], "rotation": 90 },
								"down": { "texture": "#oak-h", "uv": [ 0.0, 0.0, 1.0, 1.5 ], "rotation": 90 }
							},
							"children": [
								{
									"name": "LeftBeam11",
									"from": [ 0.0, 12.0, 0.0 ],
									"to": [ 1.8, 23.0, 1.3 ],
									"rotationOrigin": [ 0.0, 12.0, 0.0 ],
									"faces": {
										"north": { "texture": "#oak-h", "uv": [ 3.5, 0.0, 14.5, 1.5 ], "rotation": 90 },
										"east": { "texture": "#oak-h", "uv": [ 3.0, 0.0, 14.0, 1.0 ], "rotation": 90 },
										"south": { "texture": "#oak-h", "uv": [ 3.5, 0.0, 14.5, 1.5 ], "rotation": 90 },
										"west": { "texture": "#oak-h", "uv": [ 4.0, 0.0, 15.0, 1.0 ], "rotation": 90 },
										"up": { "texture": "#oak-h", "uv": [ 0.0, 0.0, 1.0, 1.5 ], "rotation": 90 },
										"down": { "texture": "#oak-h", "uv": [ 0.0, 0.0, 1.0, 1.5 ], "rotation": 90 }
									}
								}
							]
						}
					]
				},
				{
					"name": "ORIGIN2",
					"from": [ 15.51, -6.2, -0.21 ],
					"to": [ 16.51, -5.2, 0.79 ],
					"rotationOrigin": [ 16.5, -7.5, -0.2 ],
					"rotationX": -10.0,
					"faces": {
					},
					"children": [
						{
							"name": "Bindings40",
							"from": [ -22.7, 10.1809, 2.0066 ],
							"to": [ -20.3, 12.0809, 3.0066 ],
							"rotationOrigin": [ -21.3, 9.981, 2.0078 ],
							"rotationX": 100.0,
							"faces": {
								"north": { "texture": "#mordant", "uv": [ 0.0, 0.0, 1.5, 2.0 ], "rotation": 90 },
								"east": { "texture": "#mordant", "uv": [ 0.0, 0.0, 1.5, 1.0 ], "rotation": 90 },
								"south": { "texture": "#mordant", "uv": [ 0.0, 0.0, 1.5, 2.0 ], "rotation": 90 },
								"west": { "texture": "#mordant", "uv": [ 0.0, 0.0, 1.5, 1.0 ], "rotation": 90 },
								"up": { "texture": "#mordant", "uv": [ 0.0, 0.0, 1.0, 2.0 ], "rotation": 90 },
								"down": { "texture": "#mordant", "uv": [ 0.0, 0.0, 1.0, 2.0 ], "rotation": 90 }
							},
							"children": [
								{
									"name": "Bindings43",
									"from": [ 15.0, 0.0, 0.0 ],
									"to": [ 17.4, 1.9, 1.0 ],
									"rotationOrigin": [ 16.4, -0.2, 0.0012 ],
									"faces": {
										"north": { "texture": "#mordant", "uv": [ 0.0, 0.0, 1.5, 2.0 ], "rotation": 90 },
										"east": { "texture": "#mordant", "uv": [ 0.0, 0.0, 1.5, 1.0 ], "rotation": 90 },
										"south": { "texture": "#mordant", "uv": [ 0.0, 0.0, 1.5, 2.0 ], "rotation": 90 },
										"west": { "texture": "#mordant", "uv": [ 0.0, 0.0, 1.5, 1.0 ], "rotation": 90 },
										"up": { "texture": "#mordant", "uv": [ 0.0, 0.0, 1.0, 2.0 ], "rotation": 90 },
										"down": { "texture": "#mordant", "uv": [ 0.0, 0.0, 1.0, 2.0 ], "rotation": 90 }
									}
								},
								{
									"name": "Bindings44",
									"from": [ 30.0, 0.0, 0.0 ],
									"to": [ 32.4, 1.9, 1.0 ],
									"rotationOrigin": [ 31.4, -0.1999, 0.0012 ],
									"faces": {
										"north": { "texture": "#mordant", "uv": [ 0.0, 0.0, 1.5, 2.0 ], "rotation": 90 },
										"east": { "texture": "#mordant", "uv": [ 0.0, 0.0, 1.5, 1.0 ], "rotation": 90 },
										"south": { "texture": "#mordant", "uv": [ 0.0, 0.0, 1.5, 2.0 ], "rotation": 90 },
										"west": { "texture": "#mordant", "uv": [ 0.0, 0.0, 1.5, 1.0 ], "rotation": 90 },
										"up": { "texture": "#mordant", "uv": [ 0.0, 0.0, 1.0, 2.0 ], "rotation": 90 },
										"down": { "texture": "#mordant", "uv": [ 0.0, 0.0, 1.0, 2.0 ], "rotation": 90 }
									},
									"children": [
										{
											"name": "Cube4",
											"from": [ -30.3, 0.0, -0.4 ],
											"to": [ -30.3, 0.0, -0.4 ],
											"rotationOrigin": [ -30.3, 0.0, -0.4 ],
											"faces": {
												"north": { "texture": "#canopycolor52", "uv": [ 0.0, 0.0, 0.5, 0.5 ] },
												"east": { "texture": "#canopycolor52", "uv": [ 0.0, 0.0, 0.5, 0.5 ] },
												"south": { "texture": "#canopycolor52", "uv": [ 0.0, 0.0, 0.5, 0.5 ] },
												"west": { "texture": "#canopycolor52", "uv": [ 0.0, 0.0, 0.5, 0.5 ] },
												"up": { "texture": "#canopycolor52", "uv": [ 0.0, 0.0, 0.5, 0.5 ] },
												"down": { "texture": "#canopycolor52", "uv": [ 0.0, 0.0, 0.5, 0.5 ] }
											},
											"children": [
												{
													"name": "Bindings56",
													"from": [ 2.2, 1.3, 1.5 ],
													"to": [ 6.2, 2.2, 2.1 ],
													"rotationOrigin": [ 1.2, 1.3, 1.5012 ],
													"rotationX": -180.0,
													"rotationY": -15.0,
													"faces": {
														"north": { "texture": "#mordant", "uv": [ 0.0, 0.0, 0.5, 4.0 ], "rotation": 90 },
														"east": { "texture": "#mordant", "uv": [ 0.0, 0.0, 0.5, 0.5 ], "rotation": 90 },
														"south": { "texture": "#mordant", "uv": [ 0.0, 0.0, 0.5, 4.0 ], "rotation": 90 },
														"west": { "texture": "#mordant", "uv": [ 0.0, 0.0, 0.5, 0.5 ], "rotation": 90 },
														"up": { "texture": "#mordant", "uv": [ 0.0, 0.0, 0.5, 4.0 ], "rotation": 90 },
														"down": { "texture": "#mordant", "uv": [ 0.0, 0.0, 0.5, 4.0 ], "rotation": 90 }
													},
													"children": [
														{
															"name": "Bindings57",
															"from": [ 4.0, 0.0, 0.0 ],
															"to": [ 10.0, 0.9, 0.6 ],
															"rotationOrigin": [ 4.0, 0.0, 0.5 ],
															"rotationY": 15.0,
															"faces": {
																"north": { "texture": "#mordant", "uv": [ 0.0, 0.0, 0.5, 6.0 ], "rotation": 90 },
																"east": { "texture": "#mordant", "uv": [ 0.0, 0.0, 0.5, 0.5 ], "rotation": 90 },
																"south": { "texture": "#mordant", "uv": [ 0.0, 0.0, 0.5, 6.0 ], "rotation": 90 },
																"west": { "texture": "#mordant", "uv": [ 0.0, 0.0, 0.5, 0.5 ], "rotation": 90 },
																"up": { "texture": "#mordant", "uv": [ 0.0, 0.0, 0.5, 6.0 ], "rotation": 90 },
																"down": { "texture": "#mordant", "uv": [ 0.0, 0.0, 0.5, 6.0 ], "rotation": 90 }
															},
															"children": [
																{
																	"name": "Bindings58",
																	"from": [ 6.0, 0.0, 0.0 ],
																	"to": [ 10.0, 0.9, 0.6 ],
																	"rotationOrigin": [ 6.0, 0.0, 0.5 ],
																	"rotationY": 15.0,
																	"faces": {
																		"north": { "texture": "#mordant", "uv": [ 0.0, 0.0, 0.5, 4.0 ], "rotation": 90 },
																		"east": { "texture": "#mordant", "uv": [ 0.0, 0.0, 0.5, 0.5 ], "rotation": 90 },
																		"south": { "texture": "#mordant", "uv": [ 0.0, 0.0, 0.5, 4.0 ], "rotation": 90 },
																		"west": { "texture": "#mordant", "uv": [ 0.0, 0.0, 0.5, 0.5 ], "rotation": 90 },
																		"up": { "texture": "#mordant", "uv": [ 0.0, 0.0, 0.5, 4.0 ], "rotation": 90 },
																		"down": { "texture": "#mordant", "uv": [ 0.0, 0.0, 0.5, 4.0 ], "rotation": 90 }
																	}
																}
															]
														}
													]
												}
											]
										},
										{
											"name": "Cube5",
											"from": [ -15.3, 0.0, -0.5 ],
											"to": [ -15.3, 0.0, -0.5 ],
											"rotationOrigin": [ -15.3, 0.0, -0.5 ],
											"faces": {
												"north": { "texture": "#canopycolor52", "uv": [ 0.0, 0.0, 0.5, 0.5 ] },
												"east": { "texture": "#canopycolor52", "uv": [ 0.0, 0.0, 0.5, 0.5 ] },
												"south": { "texture": "#canopycolor52", "uv": [ 0.0, 0.0, 0.5, 0.5 ] },
												"west": { "texture": "#canopycolor52", "uv": [ 0.0, 0.0, 0.5, 0.5 ] },
												"up": { "texture": "#canopycolor52", "uv": [ 0.0, 0.0, 0.5, 0.5 ] },
												"down": { "texture": "#canopycolor52", "uv": [ 0.0, 0.0, 0.5, 0.5 ] }
											},
											"children": [
												{
													"name": "Bindings59",
													"from": [ 2.2, 1.3, 1.6 ],
													"to": [ 6.2, 2.2, 2.2 ],
													"rotationOrigin": [ 1.2, 1.3, 1.6012 ],
													"rotationX": -180.0,
													"rotationY": -15.0,
													"faces": {
														"north": { "texture": "#mordant", "uv": [ 0.0, 0.0, 0.5, 4.0 ], "rotation": 90 },
														"east": { "texture": "#mordant", "uv": [ 0.0, 0.0, 0.5, 0.5 ], "rotation": 90 },
														"south": { "texture": "#mordant", "uv": [ 0.0, 0.0, 0.5, 4.0 ], "rotation": 90 },
														"west": { "texture": "#mordant", "uv": [ 0.0, 0.0, 0.5, 0.5 ], "rotation": 90 },
														"up": { "texture": "#mordant", "uv": [ 0.0, 0.0, 0.5, 4.0 ], "rotation": 90 },
														"down": { "texture": "#mordant", "uv": [ 0.0, 0.0, 0.5, 4.0 ], "rotation": 90 }
													},
													"children": [
														{
															"name": "Bindings60",
															"from": [ 4.0, 0.0, 0.0 ],
															"to": [ 10.0, 0.9, 0.6 ],
															"rotationOrigin": [ 4.0, 0.0, 0.5 ],
															"rotationY": 15.0,
															"faces": {
																"north": { "texture": "#mordant", "uv": [ 0.0, 0.0, 0.5, 6.0 ], "rotation": 90 },
																"east": { "texture": "#mordant", "uv": [ 0.0, 0.0, 0.5, 0.5 ], "rotation": 90 },
																"south": { "texture": "#mordant", "uv": [ 0.0, 0.0, 0.5, 6.0 ], "rotation": 90 },
																"west": { "texture": "#mordant", "uv": [ 0.0, 0.0, 0.5, 0.5 ], "rotation": 90 },
																"up": { "texture": "#mordant", "uv": [ 0.0, 0.0, 0.5, 6.0 ], "rotation": 90 },
																"down": { "texture": "#mordant", "uv": [ 0.0, 0.0, 0.5, 6.0 ], "rotation": 90 }
															},
															"children": [
																{
																	"name": "Bindings61",
																	"from": [ 6.0, 0.0, 0.0 ],
																	"to": [ 10.0, 0.9, 0.6 ],
																	"rotationOrigin": [ 6.0, 0.0, 0.5 ],
																	"rotationY": 15.0,
																	"faces": {
																		"north": { "texture": "#mordant", "uv": [ 0.0, 0.0, 0.5, 4.0 ], "rotation": 90 },
																		"east": { "texture": "#mordant", "uv": [ 0.0, 0.0, 0.5, 0.5 ], "rotation": 90 },
																		"south": { "texture": "#mordant", "uv": [ 0.0, 0.0, 0.5, 4.0 ], "rotation": 90 },
																		"west": { "texture": "#mordant", "uv": [ 0.0, 0.0, 0.5, 0.5 ], "rotation": 90 },
																		"up": { "texture": "#mordant", "uv": [ 0.0, 0.0, 0.5, 4.0 ], "rotation": 90 },
																		"down": { "texture": "#mordant", "uv": [ 0.0, 0.0, 0.5, 4.0 ], "rotation": 90 }
																	}
																}
															]
														}
													]
												}
											]
										},
										{
											"name": "Cube6",
											"from": [ -0.3, 0.0, -0.5 ],
											"to": [ -0.3, 0.0, -0.5 ],
											"rotationOrigin": [ -0.3, 0.0, -0.5 ],
											"faces": {
												"north": { "texture": "#canopycolor52", "uv": [ 0.0, 0.0, 0.5, 0.5 ] },
												"east": { "texture": "#canopycolor52", "uv": [ 0.0, 0.0, 0.5, 0.5 ] },
												"south": { "texture": "#canopycolor52", "uv": [ 0.0, 0.0, 0.5, 0.5 ] },
												"west": { "texture": "#canopycolor52", "uv": [ 0.0, 0.0, 0.5, 0.5 ] },
												"up": { "texture": "#canopycolor52", "uv": [ 0.0, 0.0, 0.5, 0.5 ] },
												"down": { "texture": "#canopycolor52", "uv": [ 0.0, 0.0, 0.5, 0.5 ] }
											},
											"children": [
												{
													"name": "Bindings62",
													"from": [ 2.2, 1.3, 1.5 ],
													"to": [ 6.2, 2.2, 2.1 ],
													"rotationOrigin": [ 1.2, 1.3, 1.5012 ],
													"rotationX": -180.0,
													"rotationY": -15.0,
													"faces": {
														"north": { "texture": "#mordant", "uv": [ 0.0, 0.0, 0.5, 4.0 ], "rotation": 90 },
														"east": { "texture": "#mordant", "uv": [ 0.0, 0.0, 0.5, 0.5 ], "rotation": 90 },
														"south": { "texture": "#mordant", "uv": [ 0.0, 0.0, 0.5, 4.0 ], "rotation": 90 },
														"west": { "texture": "#mordant", "uv": [ 0.0, 0.0, 0.5, 0.5 ], "rotation": 90 },
														"up": { "texture": "#mordant", "uv": [ 0.0, 0.0, 0.5, 4.0 ], "rotation": 90 },
														"down": { "texture": "#mordant", "uv": [ 0.0, 0.0, 0.5, 4.0 ], "rotation": 90 }
													},
													"children": [
														{
															"name": "Bindings63",
															"from": [ 4.0, 0.0, 0.0 ],
															"to": [ 10.0, 0.9, 0.6 ],
															"rotationOrigin": [ 4.0, 0.0, 0.5 ],
															"rotationY": 15.0,
															"faces": {
																"north": { "texture": "#mordant", "uv": [ 0.0, 0.0, 0.5, 6.0 ], "rotation": 90 },
																"east": { "texture": "#mordant", "uv": [ 0.0, 0.0, 0.5, 0.5 ], "rotation": 90 },
																"south": { "texture": "#mordant", "uv": [ 0.0, 0.0, 0.5, 6.0 ], "rotation": 90 },
																"west": { "texture": "#mordant", "uv": [ 0.0, 0.0, 0.5, 0.5 ], "rotation": 90 },
																"up": { "texture": "#mordant", "uv": [ 0.0, 0.0, 0.5, 6.0 ], "rotation": 90 },
																"down": { "texture": "#mordant", "uv": [ 0.0, 0.0, 0.5, 6.0 ], "rotation": 90 }
															},
															"children": [
																{
																	"name": "Bindings64",
																	"from": [ 6.0, 0.0, 0.0 ],
																	"to": [ 10.0, 0.9, 0.6 ],
																	"rotationOrigin": [ 6.0, 0.0, 0.5 ],
																	"rotationY": 15.0,
																	"faces": {
																		"north": { "texture": "#mordant", "uv": [ 0.0, 0.0, 0.5, 4.0 ], "rotation": 90 },
																		"east": { "texture": "#mordant", "uv": [ 0.0, 0.0, 0.5, 0.5 ], "rotation": 90 },
																		"south": { "texture": "#mordant", "uv": [ 0.0, 0.0, 0.5, 4.0 ], "rotation": 90 },
																		"west": { "texture": "#mordant", "uv": [ 0.0, 0.0, 0.5, 0.5 ], "rotation": 90 },
																		"up": { "texture": "#mordant", "uv": [ 0.0, 0.0, 0.5, 4.0 ], "rotation": 90 },
																		"down": { "texture": "#mordant", "uv": [ 0.0, 0.0, 0.5, 4.0 ], "rotation": 90 }
																	}
																}
															]
														}
													]
												}
											]
										}
									]
								},
								{
									"name": "Bindings45",
									"from": [ 45.0, 0.0, 0.0 ],
									"to": [ 47.4, 1.9, 1.0 ],
									"rotationOrigin": [ 46.4, -0.1999, 0.0012 ],
									"faces": {
										"north": { "texture": "#mordant", "uv": [ 0.0, 0.0, 1.5, 2.0 ], "rotation": 90 },
										"east": { "texture": "#mordant", "uv": [ 0.0, 0.0, 1.5, 1.0 ], "rotation": 90 },
										"south": { "texture": "#mordant", "uv": [ 0.0, 0.0, 1.5, 2.0 ], "rotation": 90 },
										"west": { "texture": "#mordant", "uv": [ 0.0, 0.0, 1.5, 1.0 ], "rotation": 90 },
										"up": { "texture": "#mordant", "uv": [ 0.0, 0.0, 1.0, 2.0 ], "rotation": 90 },
										"down": { "texture": "#mordant", "uv": [ 0.0, 0.0, 1.0, 2.0 ], "rotation": 90 }
									}
								},
								{
									"name": "Ropes3",
									"from": [ 14.9, 0.1395, 1.9882 ],
									"to": [ 17.5, 1.1395, 4.0882 ],
									"rotationOrigin": [ 16.3, -0.0605, 1.9882 ],
									"rotationX": -90.0,
									"faces": {
										"north": { "texture": "#mordant2", "uv": [ 0.0, 0.0, 1.0, 2.5 ], "rotation": 90 },
										"east": { "texture": "#mordant2", "uv": [ 0.0, 0.0, 1.0, 2.0 ], "rotation": 90 },
										"south": { "texture": "#mordant2", "uv": [ 0.0, 0.0, 1.0, 2.5 ], "rotation": 90 },
										"west": { "texture": "#mordant2", "uv": [ 0.0, 0.0, 1.0, 2.0 ], "rotation": 90 },
										"up": { "texture": "#mordant2", "uv": [ 0.0, 0.0, 2.0, 2.5 ], "rotation": 90 },
										"down": { "texture": "#mordant2", "uv": [ 0.0, 0.0, 2.0, 2.5 ], "rotation": 90 }
									},
									"children": [
										{
											"name": "Ropes4",
											"from": [ -15.0, 0.0, 0.0 ],
											"to": [ -12.4, 1.0, 2.1 ],
											"rotationOrigin": [ -13.6, -0.2, 0.0 ],
											"faces": {
												"north": { "texture": "#mordant2", "uv": [ 0.0, 0.0, 1.0, 2.5 ], "rotation": 90 },
												"east": { "texture": "#mordant2", "uv": [ 0.0, 0.0, 1.0, 2.0 ], "rotation": 90 },
												"south": { "texture": "#mordant2", "uv": [ 0.0, 0.0, 1.0, 2.5 ], "rotation": 90 },
												"west": { "texture": "#mordant2", "uv": [ 0.0, 0.0, 1.0, 2.0 ], "rotation": 90 },
												"up": { "texture": "#mordant2", "uv": [ 0.0, 0.0, 2.0, 2.5 ], "rotation": 90 },
												"down": { "texture": "#mordant2", "uv": [ 0.0, 0.0, 2.0, 2.5 ], "rotation": 90 }
											}
										},
										{
											"name": "Ropes5",
											"from": [ 15.0, 0.0, 0.0 ],
											"to": [ 17.6, 1.0, 2.1 ],
											"rotationOrigin": [ 16.4, -0.2, 0.0 ],
											"faces": {
												"north": { "texture": "#mordant2", "uv": [ 0.0, 0.0, 1.0, 2.5 ], "rotation": 90 },
												"east": { "texture": "#mordant2", "uv": [ 0.0, 0.0, 1.0, 2.0 ], "rotation": 90 },
												"south": { "texture": "#mordant2", "uv": [ 0.0, 0.0, 1.0, 2.5 ], "rotation": 90 },
												"west": { "texture": "#mordant2", "uv": [ 0.0, 0.0, 1.0, 2.0 ], "rotation": 90 },
												"up": { "texture": "#mordant2", "uv": [ 0.0, 0.0, 2.0, 2.5 ], "rotation": 90 },
												"down": { "texture": "#mordant2", "uv": [ 0.0, 0.0, 2.0, 2.5 ], "rotation": 90 }
											}
										},
										{
											"name": "Ropes6",
											"from": [ 30.0, 0.0, 0.0 ],
											"to": [ 32.6, 1.0, 2.1 ],
											"rotationOrigin": [ 31.4, -0.2, 0.0 ],
											"faces": {
												"north": { "texture": "#mordant2", "uv": [ 0.0, 0.0, 1.0, 2.5 ], "rotation": 90 },
												"east": { "texture": "#mordant2", "uv": [ 0.0, 0.0, 1.0, 2.0 ], "rotation": 90 },
												"south": { "texture": "#mordant2", "uv": [ 0.0, 0.0, 1.0, 2.5 ], "rotation": 90 },
												"west": { "texture": "#mordant2", "uv": [ 0.0, 0.0, 1.0, 2.0 ], "rotation": 90 },
												"up": { "texture": "#mordant2", "uv": [ 0.0, 0.0, 2.0, 2.5 ], "rotation": 90 },
												"down": { "texture": "#mordant2", "uv": [ 0.0, 0.0, 2.0, 2.5 ], "rotation": 90 }
											}
										}
									]
								},
								{
									"name": "Bindings50",
									"from": [ 0.0, -0.4082, -19.5682 ],
									"to": [ 2.4, 1.8918, -18.5682 ],
									"rotationOrigin": [ 1.4, -0.6081, -19.567 ],
									"rotationX": -10.0,
									"faces": {
										"north": { "texture": "#mordant", "uv": [ 0.0, 0.0, 2.0, 2.0 ], "rotation": 90 },
										"east": { "texture": "#mordant", "uv": [ 0.0, 0.0, 2.0, 1.0 ], "rotation": 90 },
										"south": { "texture": "#mordant", "uv": [ 0.0, 0.0, 2.0, 2.0 ], "rotation": 90 },
										"west": { "texture": "#mordant", "uv": [ 0.0, 0.0, 2.0, 1.0 ], "rotation": 90 },
										"up": { "texture": "#mordant", "uv": [ 0.0, 0.0, 1.0, 2.0 ], "rotation": 90 },
										"down": { "texture": "#mordant", "uv": [ 0.0, 0.0, 1.0, 2.0 ], "rotation": 90 }
									},
									"children": [
										{
											"name": "Bindings51",
											"from": [ 15.0, 0.0, 0.0 ],
											"to": [ 17.4, 2.3, 1.0 ],
											"rotationOrigin": [ 16.4, -0.2, 0.0012 ],
											"faces": {
												"north": { "texture": "#mordant", "uv": [ 0.0, 0.0, 2.0, 2.0 ], "rotation": 90 },
												"east": { "texture": "#mordant", "uv": [ 0.0, 0.0, 2.0, 1.0 ], "rotation": 90 },
												"south": { "texture": "#mordant", "uv": [ 0.0, 0.0, 2.0, 2.0 ], "rotation": 90 },
												"west": { "texture": "#mordant", "uv": [ 0.0, 0.0, 2.0, 1.0 ], "rotation": 90 },
												"up": { "texture": "#mordant", "uv": [ 0.0, 0.0, 1.0, 2.0 ], "rotation": 90 },
												"down": { "texture": "#mordant", "uv": [ 0.0, 0.0, 1.0, 2.0 ], "rotation": 90 }
											}
										},
										{
											"name": "Bindings52",
											"from": [ 30.0, 0.0, 0.0 ],
											"to": [ 32.4, 2.3, 1.0 ],
											"rotationOrigin": [ 31.4, -0.1999, 0.0012 ],
											"faces": {
												"north": { "texture": "#mordant", "uv": [ 0.0, 0.0, 2.0, 2.0 ], "rotation": 90 },
												"east": { "texture": "#mordant", "uv": [ 0.0, 0.0, 2.0, 1.0 ], "rotation": 90 },
												"south": { "texture": "#mordant", "uv": [ 0.0, 0.0, 2.0, 2.0 ], "rotation": 90 },
												"west": { "texture": "#mordant", "uv": [ 0.0, 0.0, 2.0, 1.0 ], "rotation": 90 },
												"up": { "texture": "#mordant", "uv": [ 0.0, 0.0, 1.0, 2.0 ], "rotation": 90 },
												"down": { "texture": "#mordant", "uv": [ 0.0, 0.0, 1.0, 2.0 ], "rotation": 90 }
											},
											"children": [
												{
													"name": "Cube7",
													"from": [ -30.3, 0.2, -0.4 ],
													"to": [ -30.3, 0.2, -0.4 ],
													"rotationOrigin": [ -30.3, 0.2, -0.4 ],
													"faces": {
														"north": { "texture": "#canopycolor52", "uv": [ 0.0, 0.0, 0.5, 0.5 ] },
														"east": { "texture": "#canopycolor52", "uv": [ 0.0, 0.0, 0.5, 0.5 ] },
														"south": { "texture": "#canopycolor52", "uv": [ 0.0, 0.0, 0.5, 0.5 ] },
														"west": { "texture": "#canopycolor52", "uv": [ 0.0, 0.0, 0.5, 0.5 ] },
														"up": { "texture": "#canopycolor52", "uv": [ 0.0, 0.0, 0.5, 0.5 ] },
														"down": { "texture": "#canopycolor52", "uv": [ 0.0, 0.0, 0.5, 0.5 ] }
													},
													"children": [
														{
															"name": "Bindings65",
															"from": [ 2.2, 0.5, 0.2 ],
															"to": [ 6.2, 1.4, 0.8 ],
															"rotationOrigin": [ 1.2, 0.5, 0.2012 ],
															"rotationY": -15.0,
															"faces": {
																"north": { "texture": "#mordant", "uv": [ 0.0, 0.0, 0.5, 4.0 ], "rotation": 90 },
																"east": { "texture": "#mordant", "uv": [ 0.0, 0.0, 0.5, 0.5 ], "rotation": 90 },
																"south": { "texture": "#mordant", "uv": [ 0.0, 0.0, 0.5, 4.0 ], "rotation": 90 },
																"west": { "texture": "#mordant", "uv": [ 0.0, 0.0, 0.5, 0.5 ], "rotation": 90 },
																"up": { "texture": "#mordant", "uv": [ 0.0, 0.0, 0.5, 4.0 ], "rotation": 90 },
																"down": { "texture": "#mordant", "uv": [ 0.0, 0.0, 0.5, 4.0 ], "rotation": 90 }
															},
															"children": [
																{
																	"name": "Bindings66",
																	"from": [ 4.0, 0.0, 0.0 ],
																	"to": [ 10.0, 0.9, 0.6 ],
																	"rotationOrigin": [ 4.0, 0.0, 0.5 ],
																	"rotationY": 15.0,
																	"faces": {
																		"north": { "texture": "#mordant", "uv": [ 0.0, 0.0, 0.5, 6.0 ], "rotation": 90 },
																		"east": { "texture": "#mordant", "uv": [ 0.0, 0.0, 0.5, 0.5 ], "rotation": 90 },
																		"south": { "texture": "#mordant", "uv": [ 0.0, 0.0, 0.5, 6.0 ], "rotation": 90 },
																		"west": { "texture": "#mordant", "uv": [ 0.0, 0.0, 0.5, 0.5 ], "rotation": 90 },
																		"up": { "texture": "#mordant", "uv": [ 0.0, 0.0, 0.5, 6.0 ], "rotation": 90 },
																		"down": { "texture": "#mordant", "uv": [ 0.0, 0.0, 0.5, 6.0 ], "rotation": 90 }
																	},
																	"children": [
																		{
																			"name": "Bindings67",
																			"from": [ 6.0, 0.0, 0.0 ],
																			"to": [ 10.0, 0.9, 0.6 ],
																			"rotationOrigin": [ 6.0, 0.0, 0.5 ],
																			"rotationY": 15.0,
																			"faces": {
																				"north": { "texture": "#mordant", "uv": [ 0.0, 0.0, 0.5, 4.0 ], "rotation": 90 },
																				"east": { "texture": "#mordant", "uv": [ 0.0, 0.0, 0.5, 0.5 ], "rotation": 90 },
																				"south": { "texture": "#mordant", "uv": [ 0.0, 0.0, 0.5, 4.0 ], "rotation": 90 },
																				"west": { "texture": "#mordant", "uv": [ 0.0, 0.0, 0.5, 0.5 ], "rotation": 90 },
																				"up": { "texture": "#mordant", "uv": [ 0.0, 0.0, 0.5, 4.0 ], "rotation": 90 },
																				"down": { "texture": "#mordant", "uv": [ 0.0, 0.0, 0.5, 4.0 ], "rotation": 90 }
																			}
																		}
																	]
																}
															]
														}
													]
												},
												{
													"name": "Cube8",
													"from": [ -15.3, 0.2, -0.5 ],
													"to": [ -15.3, 0.2, -0.5 ],
													"rotationOrigin": [ -15.3, 0.2, -0.5 ],
													"faces": {
														"north": { "texture": "#canopycolor52", "uv": [ 0.0, 0.0, 0.5, 0.5 ] },
														"east": { "texture": "#canopycolor52", "uv": [ 0.0, 0.0, 0.5, 0.5 ] },
														"south": { "texture": "#canopycolor52", "uv": [ 0.0, 0.0, 0.5, 0.5 ] },
														"west": { "texture": "#canopycolor52", "uv": [ 0.0, 0.0, 0.5, 0.5 ] },
														"up": { "texture": "#canopycolor52", "uv": [ 0.0, 0.0, 0.5, 0.5 ] },
														"down": { "texture": "#canopycolor52", "uv": [ 0.0, 0.0, 0.5, 0.5 ] }
													},
													"children": [
														{
															"name": "Bindings68",
															"from": [ 2.2, 0.5, 0.2 ],
															"to": [ 6.2, 1.4, 0.8 ],
															"rotationOrigin": [ 1.2, 0.5, 0.2012 ],
															"rotationY": -15.0,
															"faces": {
																"north": { "texture": "#mordant", "uv": [ 0.0, 0.0, 0.5, 4.0 ], "rotation": 90 },
																"east": { "texture": "#mordant", "uv": [ 0.0, 0.0, 0.5, 0.5 ], "rotation": 90 },
																"south": { "texture": "#mordant", "uv": [ 0.0, 0.0, 0.5, 4.0 ], "rotation": 90 },
																"west": { "texture": "#mordant", "uv": [ 0.0, 0.0, 0.5, 0.5 ], "rotation": 90 },
																"up": { "texture": "#mordant", "uv": [ 0.0, 0.0, 0.5, 4.0 ], "rotation": 90 },
																"down": { "texture": "#mordant", "uv": [ 0.0, 0.0, 0.5, 4.0 ], "rotation": 90 }
															},
															"children": [
																{
																	"name": "Bindings69",
																	"from": [ 4.0, 0.0, 0.0 ],
																	"to": [ 10.0, 0.9, 0.6 ],
																	"rotationOrigin": [ 4.0, 0.0, 0.5 ],
																	"rotationY": 15.0,
																	"faces": {
																		"north": { "texture": "#mordant", "uv": [ 0.0, 0.0, 0.5, 6.0 ], "rotation": 90 },
																		"east": { "texture": "#mordant", "uv": [ 0.0, 0.0, 0.5, 0.5 ], "rotation": 90 },
																		"south": { "texture": "#mordant", "uv": [ 0.0, 0.0, 0.5, 6.0 ], "rotation": 90 },
																		"west": { "texture": "#mordant", "uv": [ 0.0, 0.0, 0.5, 0.5 ], "rotation": 90 },
																		"up": { "texture": "#mordant", "uv": [ 0.0, 0.0, 0.5, 6.0 ], "rotation": 90 },
																		"down": { "texture": "#mordant", "uv": [ 0.0, 0.0, 0.5, 6.0 ], "rotation": 90 }
																	},
																	"children": [
																		{
																			"name": "Bindings70",
																			"from": [ 6.0, 0.0, 0.0 ],
																			"to": [ 10.0, 0.9, 0.6 ],
																			"rotationOrigin": [ 6.0, 0.0, 0.5 ],
																			"rotationY": 15.0,
																			"faces": {
																				"north": { "texture": "#mordant", "uv": [ 0.0, 0.0, 0.5, 4.0 ], "rotation": 90 },
																				"east": { "texture": "#mordant", "uv": [ 0.0, 0.0, 0.5, 0.5 ], "rotation": 90 },
																				"south": { "texture": "#mordant", "uv": [ 0.0, 0.0, 0.5, 4.0 ], "rotation": 90 },
																				"west": { "texture": "#mordant", "uv": [ 0.0, 0.0, 0.5, 0.5 ], "rotation": 90 },
																				"up": { "texture": "#mordant", "uv": [ 0.0, 0.0, 0.5, 4.0 ], "rotation": 90 },
																				"down": { "texture": "#mordant", "uv": [ 0.0, 0.0, 0.5, 4.0 ], "rotation": 90 }
																			}
																		}
																	]
																}
															]
														}
													]
												},
												{
													"name": "Cube9",
													"from": [ -0.3, 0.2, -0.5 ],
													"to": [ -0.3, 0.2, -0.5 ],
													"rotationOrigin": [ -0.3, 0.2, -0.5 ],
													"faces": {
														"north": { "texture": "#canopycolor52", "uv": [ 0.0, 0.0, 0.5, 0.5 ] },
														"east": { "texture": "#canopycolor52", "uv": [ 0.0, 0.0, 0.5, 0.5 ] },
														"south": { "texture": "#canopycolor52", "uv": [ 0.0, 0.0, 0.5, 0.5 ] },
														"west": { "texture": "#canopycolor52", "uv": [ 0.0, 0.0, 0.5, 0.5 ] },
														"up": { "texture": "#canopycolor52", "uv": [ 0.0, 0.0, 0.5, 0.5 ] },
														"down": { "texture": "#canopycolor52", "uv": [ 0.0, 0.0, 0.5, 0.5 ] }
													},
													"children": [
														{
															"name": "Bindings71",
															"from": [ 2.2, 0.5, 0.2 ],
															"to": [ 6.2, 1.4, 0.8 ],
															"rotationOrigin": [ 1.2, 0.5, 0.2012 ],
															"rotationY": -15.0,
															"faces": {
																"north": { "texture": "#mordant", "uv": [ 0.0, 0.0, 0.5, 4.0 ], "rotation": 90 },
																"east": { "texture": "#mordant", "uv": [ 0.0, 0.0, 0.5, 0.5 ], "rotation": 90 },
																"south": { "texture": "#mordant", "uv": [ 0.0, 0.0, 0.5, 4.0 ], "rotation": 90 },
																"west": { "texture": "#mordant", "uv": [ 0.0, 0.0, 0.5, 0.5 ], "rotation": 90 },
																"up": { "texture": "#mordant", "uv": [ 0.0, 0.0, 0.5, 4.0 ], "rotation": 90 },
																"down": { "texture": "#mordant", "uv": [ 0.0, 0.0, 0.5, 4.0 ], "rotation": 90 }
															},
															"children": [
																{
																	"name": "Bindings72",
																	"from": [ 4.0, 0.0, 0.0 ],
																	"to": [ 10.0, 0.9, 0.6 ],
																	"rotationOrigin": [ 4.0, 0.0, 0.5 ],
																	"rotationY": 15.0,
																	"faces": {
																		"north": { "texture": "#mordant", "uv": [ 0.0, 0.0, 0.5, 6.0 ], "rotation": 90 },
																		"east": { "texture": "#mordant", "uv": [ 0.0, 0.0, 0.5, 0.5 ], "rotation": 90 },
																		"south": { "texture": "#mordant", "uv": [ 0.0, 0.0, 0.5, 6.0 ], "rotation": 90 },
																		"west": { "texture": "#mordant", "uv": [ 0.0, 0.0, 0.5, 0.5 ], "rotation": 90 },
																		"up": { "texture": "#mordant", "uv": [ 0.0, 0.0, 0.5, 6.0 ], "rotation": 90 },
																		"down": { "texture": "#mordant", "uv": [ 0.0, 0.0, 0.5, 6.0 ], "rotation": 90 }
																	},
																	"children": [
																		{
																			"name": "Bindings73",
																			"from": [ 6.0, 0.0, 0.0 ],
																			"to": [ 10.0, 0.9, 0.6 ],
																			"rotationOrigin": [ 6.0, 0.0, 0.5 ],
																			"rotationY": 15.0,
																			"faces": {
																				"north": { "texture": "#mordant", "uv": [ 0.0, 0.0, 0.5, 4.0 ], "rotation": 90 },
																				"east": { "texture": "#mordant", "uv": [ 0.0, 0.0, 0.5, 0.5 ], "rotation": 90 },
																				"south": { "texture": "#mordant", "uv": [ 0.0, 0.0, 0.5, 4.0 ], "rotation": 90 },
																				"west": { "texture": "#mordant", "uv": [ 0.0, 0.0, 0.5, 0.5 ], "rotation": 90 },
																				"up": { "texture": "#mordant", "uv": [ 0.0, 0.0, 0.5, 4.0 ], "rotation": 90 },
																				"down": { "texture": "#mordant", "uv": [ 0.0, 0.0, 0.5, 4.0 ], "rotation": 90 }
																			}
																		}
																	]
																}
															]
														}
													]
												}
											]
										},
										{
											"name": "Bindings53",
											"from": [ 45.0, 0.0, 0.0 ],
											"to": [ 47.4, 2.3, 1.0 ],
											"rotationOrigin": [ 46.4, -0.1999, 0.0012 ],
											"faces": {
												"north": { "texture": "#mordant", "uv": [ 0.0, 0.0, 2.0, 2.0 ], "rotation": 90 },
												"east": { "texture": "#mordant", "uv": [ 0.0, 0.0, 2.0, 1.0 ], "rotation": 90 },
												"south": { "texture": "#mordant", "uv": [ 0.0, 0.0, 2.0, 2.0 ], "rotation": 90 },
												"west": { "texture": "#mordant", "uv": [ 0.0, 0.0, 2.0, 1.0 ], "rotation": 90 },
												"up": { "texture": "#mordant", "uv": [ 0.0, 0.0, 1.0, 2.0 ], "rotation": 90 },
												"down": { "texture": "#mordant", "uv": [ 0.0, 0.0, 1.0, 2.0 ], "rotation": 90 }
											}
										}
									]
								}
							]
						},
						{
							"name": "CanopyTop31",
							"from": [ -8.0, 28.15, 6.56 ],
							"to": [ 4.0, 28.65, 15.56 ],
							"rotationOrigin": [ -8.0, 28.1474, 6.5612 ],
							"rotationX": 100.0,
							"rotationZ": 180.0,
							"faces": {
								"north": { "texture": "#canopycolor5", "uv": [ 0.0, 0.0, 12.0, 0.5 ] },
								"east": { "texture": "#canopycolor5", "uv": [ 0.0, 0.0, 9.0, 0.5 ] },
								"south": { "texture": "#canopycolor5", "uv": [ 0.0, 0.0, 12.0, 0.5 ] },
								"west": { "texture": "#canopycolor5", "uv": [ 0.0, 0.0, 9.0, 0.5 ] },
								"up": { "texture": "#canopycolor5", "uv": [ 0.0, 0.0, 12.0, 9.0 ] },
								"down": { "texture": "#canopycolor5", "uv": [ 0.0, 0.0, 12.0, 9.0 ] }
							},
							"children": [
								{
									"name": "CanopyTop34",
									"from": [ 0.0, 0.0, 9.0 ],
									"to": [ 12.0, 0.5, 18.4 ],
									"rotationOrigin": [ 0.0, 0.0, 9.0 ],
									"faces": {
										"north": { "texture": "#canopycolor5", "uv": [ 0.0, 0.0, 12.0, 0.5 ] },
										"east": { "texture": "#canopycolor5", "uv": [ 0.0, 0.0, 9.0, 0.5 ] },
										"south": { "texture": "#canopycolor5", "uv": [ 0.0, 0.0, 12.0, 0.5 ] },
										"west": { "texture": "#canopycolor5", "uv": [ 0.0, 0.0, 9.0, 0.5 ] },
										"up": { "texture": "#canopycolor5", "uv": [ 0.0, 0.0, 12.0, 9.0 ] },
										"down": { "texture": "#canopycolor5", "uv": [ 0.0, 0.0, 12.0, 9.0 ] }
									}
								},
								{
									"name": "CanopyTop35",
									"from": [ 0.0, 0.0, 18.4 ],
									"to": [ 2.0, 0.5, 18.8 ],
									"rotationOrigin": [ 0.0, 0.0, 18.4 ],
									"faces": {
										"north": { "texture": "#canopycolor5", "uv": [ 0.0, 0.0, 2.0, 0.5 ] },
										"east": { "texture": "#canopycolor5", "uv": [ 0.0, 0.0, 0.5, 0.5 ] },
										"south": { "texture": "#canopycolor5", "uv": [ 0.0, 0.0, 2.0, 0.5 ] },
										"west": { "texture": "#canopycolor5", "uv": [ 0.0, 0.0, 0.5, 0.5 ] },
										"up": { "texture": "#canopycolor5", "uv": [ 0.0, 0.0, 2.0, 0.5 ] },
										"down": { "texture": "#canopycolor5", "uv": [ 0.0, 0.0, 2.0, 0.5 ] }
									},
									"children": [
										{
											"name": "CanopyTop36",
											"from": [ 10.0, 0.0, 0.0 ],
											"to": [ 12.0, 0.5, 0.4 ],
											"rotationOrigin": [ 10.0, 0.0, 0.0 ],
											"faces": {
												"north": { "texture": "#canopycolor5", "uv": [ 0.0, 0.0, 2.0, 0.5 ] },
												"east": { "texture": "#canopycolor5", "uv": [ 0.0, 0.0, 0.5, 0.5 ] },
												"south": { "texture": "#canopycolor5", "uv": [ 0.0, 0.0, 2.0, 0.5 ] },
												"west": { "texture": "#canopycolor5", "uv": [ 0.0, 0.0, 0.5, 0.5 ] },
												"up": { "texture": "#canopycolor5", "uv": [ 0.0, 0.0, 2.0, 0.5 ] },
												"down": { "texture": "#canopycolor5", "uv": [ 0.0, 0.0, 2.0, 0.5 ] }
											}
										}
									]
								},
								{
									"name": "CanopyTop37",
									"from": [ 0.0, 0.0, -0.3 ],
									"to": [ 2.0, 0.5, 0.0 ],
									"rotationOrigin": [ 0.0, 0.0, -0.3 ],
									"faces": {
										"north": { "texture": "#canopycolor5", "uv": [ 0.0, 0.0, 2.0, 0.5 ] },
										"east": { "texture": "#canopycolor5", "uv": [ 0.0, 0.0, 0.5, 0.5 ] },
										"south": { "texture": "#canopycolor5", "uv": [ 0.0, 0.0, 2.0, 0.5 ] },
										"west": { "texture": "#canopycolor5", "uv": [ 0.0, 0.0, 0.5, 0.5 ] },
										"up": { "texture": "#canopycolor5", "uv": [ 0.0, 0.0, 2.0, 0.5 ] },
										"down": { "texture": "#canopycolor5", "uv": [ 0.0, 0.0, 2.0, 0.5 ] }
									},
									"children": [
										{
											"name": "CanopyTop38",
											"from": [ 10.0, 0.0, 0.0 ],
											"to": [ 12.0, 0.5, 0.3 ],
											"rotationOrigin": [ 10.0, 0.0, 0.0 ],
											"faces": {
												"north": { "texture": "#canopycolor5", "uv": [ 0.0, 0.0, 2.0, 0.5 ] },
												"east": { "texture": "#canopycolor5", "uv": [ 0.0, 0.0, 0.5, 0.5 ] },
												"south": { "texture": "#canopycolor5", "uv": [ 0.0, 0.0, 2.0, 0.5 ] },
												"west": { "texture": "#canopycolor5", "uv": [ 0.0, 0.0, 0.5, 0.5 ] },
												"up": { "texture": "#canopycolor5", "uv": [ 0.0, 0.0, 2.0, 0.5 ] },
												"down": { "texture": "#canopycolor5", "uv": [ 0.0, 0.0, 2.0, 0.5 ] }
											}
										}
									]
								},
								{
									"name": "CanopySide",
									"from": [ -0.1, -0.1, 6.5 ],
									"to": [ 0.6, 0.6, 19.0 ],
									"rotationOrigin": [ -0.1, -0.1, 6.5 ],
									"faces": {
										"north": { "texture": "#canopycolor6", "uv": [ 0.0, 0.0, 0.5, 0.5 ] },
										"east": { "texture": "#canopycolor6", "uv": [ 0.0, 0.0, 12.5, 0.5 ] },
										"south": { "texture": "#canopycolor6", "uv": [ 0.0, 0.0, 0.5, 0.5 ] },
										"west": { "texture": "#canopycolor6", "uv": [ 0.0, 0.0, 12.5, 0.5 ] },
										"up": { "texture": "#canopycolor6", "uv": [ 0.0, 0.0, 0.5, 12.5 ] },
										"down": { "texture": "#canopycolor6", "uv": [ 0.0, 0.0, 0.5, 12.5 ] }
									},
									"children": [
										{
											"name": "CanopySide2",
											"from": [ 0.0, 0.0, -7.0 ],
											"to": [ 0.7, 0.7, 0.0 ],
											"rotationOrigin": [ 0.0, 0.0, -7.0 ],
											"faces": {
												"north": { "texture": "#canopycolor6", "uv": [ 0.0, 0.0, 0.5, 0.5 ] },
												"east": { "texture": "#canopycolor6", "uv": [ 0.0, 0.0, 7.0, 0.5 ] },
												"south": { "texture": "#canopycolor6", "uv": [ 0.0, 0.0, 0.5, 0.5 ] },
												"west": { "texture": "#canopycolor6", "uv": [ 0.0, 0.0, 7.0, 0.5 ] },
												"up": { "texture": "#canopycolor6", "uv": [ 0.0, 0.0, 0.5, 7.0 ] },
												"down": { "texture": "#canopycolor6", "uv": [ 0.0, 0.0, 0.5, 7.0 ] }
											}
										},
										{
											"name": "CanopySide3",
											"from": [ 11.5, 0.0, 0.0 ],
											"to": [ 12.2, 0.7, 12.5 ],
											"rotationOrigin": [ 11.5, 0.0, 0.0 ],
											"rotationZ": 0.0,
											"faces": {
												"north": { "texture": "#canopycolor6", "uv": [ 0.0, 0.0, 0.5, 0.5 ] },
												"east": { "texture": "#canopycolor6", "uv": [ 0.0, 0.0, 12.5, 0.5 ] },
												"south": { "texture": "#canopycolor6", "uv": [ 0.0, 0.0, 0.5, 0.5 ] },
												"west": { "texture": "#canopycolor6", "uv": [ 0.0, 0.0, 12.5, 0.5 ] },
												"up": { "texture": "#canopycolor6", "uv": [ 0.0, 0.0, 0.5, 12.5 ] },
												"down": { "texture": "#canopycolor6", "uv": [ 0.0, 0.0, 0.5, 12.5 ] }
											},
											"children": [
												{
													"name": "CanopySide4",
													"from": [ 0.0, 0.0, -7.0 ],
													"to": [ 0.7, 0.7, 0.0 ],
													"rotationOrigin": [ 0.0, 0.0, -7.0 ],
													"faces": {
														"north": { "texture": "#canopycolor6", "uv": [ 0.0, 0.0, 0.5, 0.5 ] },
														"east": { "texture": "#canopycolor6", "uv": [ 0.0, 0.0, 7.0, 0.5 ] },
														"south": { "texture": "#canopycolor6", "uv": [ 0.0, 0.0, 0.5, 0.5 ] },
														"west": { "texture": "#canopycolor6", "uv": [ 0.0, 0.0, 7.0, 0.5 ] },
														"up": { "texture": "#canopycolor6", "uv": [ 0.0, 0.0, 0.5, 7.0 ] },
														"down": { "texture": "#canopycolor6", "uv": [ 0.0, 0.0, 0.5, 7.0 ] }
													}
												}
											]
										}
									]
								},
								{
									"name": "CanopySide5",
									"from": [ -15.1, -0.1, 6.5 ],
									"to": [ -14.4, 0.6, 19.0 ],
									"rotationOrigin": [ -15.1, -0.1, 6.5 ],
									"faces": {
										"north": { "texture": "#canopycolor6", "uv": [ 0.0, 0.0, 0.5, 0.5 ] },
										"east": { "texture": "#canopycolor6", "uv": [ 0.0, 0.0, 12.5, 0.5 ] },
										"south": { "texture": "#canopycolor6", "uv": [ 0.0, 0.0, 0.5, 0.5 ] },
										"west": { "texture": "#canopycolor6", "uv": [ 0.0, 0.0, 12.5, 0.5 ] },
										"up": { "texture": "#canopycolor6", "uv": [ 0.0, 0.0, 0.5, 12.5 ] },
										"down": { "texture": "#canopycolor6", "uv": [ 0.0, 0.0, 0.5, 12.5 ] }
									},
									"children": [
										{
											"name": "CanopySide6",
											"from": [ 0.0, 0.0, -7.0 ],
											"to": [ 0.7, 0.7, 0.0 ],
											"rotationOrigin": [ 0.0, 0.0, -7.0 ],
											"faces": {
												"north": { "texture": "#canopycolor6", "uv": [ 0.0, 0.0, 0.5, 0.5 ] },
												"east": { "texture": "#canopycolor6", "uv": [ 0.0, 0.0, 7.0, 0.5 ] },
												"south": { "texture": "#canopycolor6", "uv": [ 0.0, 0.0, 0.5, 0.5 ] },
												"west": { "texture": "#canopycolor6", "uv": [ 0.0, 0.0, 7.0, 0.5 ] },
												"up": { "texture": "#canopycolor6", "uv": [ 0.0, 0.0, 0.5, 7.0 ] },
												"down": { "texture": "#canopycolor6", "uv": [ 0.0, 0.0, 0.5, 7.0 ] }
											}
										},
										{
											"name": "CanopySide7",
											"from": [ 11.5, 0.0, 0.0 ],
											"to": [ 12.2, 0.7, 12.5 ],
											"rotationOrigin": [ 11.5, 0.0, 0.0 ],
											"rotationZ": 0.0,
											"faces": {
												"north": { "texture": "#canopycolor6", "uv": [ 0.0, 0.0, 0.5, 0.5 ] },
												"east": { "texture": "#canopycolor6", "uv": [ 0.0, 0.0, 12.5, 0.5 ] },
												"south": { "texture": "#canopycolor6", "uv": [ 0.0, 0.0, 0.5, 0.5 ] },
												"west": { "texture": "#canopycolor6", "uv": [ 0.0, 0.0, 12.5, 0.5 ] },
												"up": { "texture": "#canopycolor6", "uv": [ 0.0, 0.0, 0.5, 12.5 ] },
												"down": { "texture": "#canopycolor6", "uv": [ 0.0, 0.0, 0.5, 12.5 ] }
											},
											"children": [
												{
													"name": "CanopySide8",
													"from": [ 0.0, 0.0, -7.0 ],
													"to": [ 0.7, 0.7, 0.0 ],
													"rotationOrigin": [ 0.0, 0.0, -7.0 ],
													"faces": {
														"north": { "texture": "#canopycolor6", "uv": [ 0.0, 0.0, 0.5, 0.5 ] },
														"east": { "texture": "#canopycolor6", "uv": [ 0.0, 0.0, 7.0, 0.5 ] },
														"south": { "texture": "#canopycolor6", "uv": [ 0.0, 0.0, 0.5, 0.5 ] },
														"west": { "texture": "#canopycolor6", "uv": [ 0.0, 0.0, 7.0, 0.5 ] },
														"up": { "texture": "#canopycolor6", "uv": [ 0.0, 0.0, 0.5, 7.0 ] },
														"down": { "texture": "#canopycolor6", "uv": [ 0.0, 0.0, 0.5, 7.0 ] }
													}
												}
											]
										}
									]
								},
								{
									"name": "CanopySide9",
									"from": [ -30.1, -0.1, 6.5 ],
									"to": [ -29.4, 0.6, 19.0 ],
									"rotationOrigin": [ -30.1, -0.1, 6.5 ],
									"faces": {
										"north": { "texture": "#canopycolor6", "uv": [ 0.0, 0.0, 0.5, 0.5 ] },
										"east": { "texture": "#canopycolor6", "uv": [ 0.0, 0.0, 12.5, 0.5 ] },
										"south": { "texture": "#canopycolor6", "uv": [ 0.0, 0.0, 0.5, 0.5 ] },
										"west": { "texture": "#canopycolor6", "uv": [ 0.0, 0.0, 12.5, 0.5 ] },
										"up": { "texture": "#canopycolor6", "uv": [ 0.0, 0.0, 0.5, 12.5 ] },
										"down": { "texture": "#canopycolor6", "uv": [ 0.0, 0.0, 0.5, 12.5 ] }
									},
									"children": [
										{
											"name": "CanopySide10",
											"from": [ 0.0, 0.0, -7.0 ],
											"to": [ 0.7, 0.7, 0.0 ],
											"rotationOrigin": [ 0.0, 0.0, -7.0 ],
											"faces": {
												"north": { "texture": "#canopycolor6", "uv": [ 0.0, 0.0, 0.5, 0.5 ] },
												"east": { "texture": "#canopycolor6", "uv": [ 0.0, 0.0, 7.0, 0.5 ] },
												"south": { "texture": "#canopycolor6", "uv": [ 0.0, 0.0, 0.5, 0.5 ] },
												"west": { "texture": "#canopycolor6", "uv": [ 0.0, 0.0, 7.0, 0.5 ] },
												"up": { "texture": "#canopycolor6", "uv": [ 0.0, 0.0, 0.5, 7.0 ] },
												"down": { "texture": "#canopycolor6", "uv": [ 0.0, 0.0, 0.5, 7.0 ] }
											}
										},
										{
											"name": "CanopySide11",
											"from": [ 11.5, 0.0, 0.0 ],
											"to": [ 12.2, 0.7, 12.5 ],
											"rotationOrigin": [ 11.5, 0.0, 0.0 ],
											"rotationZ": 0.0,
											"faces": {
												"north": { "texture": "#canopycolor6", "uv": [ 0.0, 0.0, 0.5, 0.5 ] },
												"east": { "texture": "#canopycolor6", "uv": [ 0.0, 0.0, 12.5, 0.5 ] },
												"south": { "texture": "#canopycolor6", "uv": [ 0.0, 0.0, 0.5, 0.5 ] },
												"west": { "texture": "#canopycolor6", "uv": [ 0.0, 0.0, 12.5, 0.5 ] },
												"up": { "texture": "#canopycolor6", "uv": [ 0.0, 0.0, 0.5, 12.5 ] },
												"down": { "texture": "#canopycolor6", "uv": [ 0.0, 0.0, 0.5, 12.5 ] }
											},
											"children": [
												{
													"name": "CanopySide12",
													"from": [ 0.0, 0.0, -7.0 ],
													"to": [ 0.7, 0.7, 0.0 ],
													"rotationOrigin": [ 0.0, 0.0, -7.0 ],
													"faces": {
														"north": { "texture": "#canopycolor6", "uv": [ 0.0, 0.0, 0.5, 0.5 ] },
														"east": { "texture": "#canopycolor6", "uv": [ 0.0, 0.0, 7.0, 0.5 ] },
														"south": { "texture": "#canopycolor6", "uv": [ 0.0, 0.0, 0.5, 0.5 ] },
														"west": { "texture": "#canopycolor6", "uv": [ 0.0, 0.0, 7.0, 0.5 ] },
														"up": { "texture": "#canopycolor6", "uv": [ 0.0, 0.0, 0.5, 7.0 ] },
														"down": { "texture": "#canopycolor6", "uv": [ 0.0, 0.0, 0.5, 7.0 ] }
													}
												}
											]
										}
									]
								}
							]
						},
						{
							"name": "CanopyTop32",
							"from": [ 7.0, 28.25, 6.56 ],
							"to": [ 19.0, 28.75, 15.56 ],
							"rotationOrigin": [ 7.0, 28.2474, 6.5612 ],
							"rotationX": 100.0,
							"rotationZ": 180.0,
							"faces": {
								"north": { "texture": "#canopycolor5", "uv": [ 0.0, 0.0, 12.0, 0.5 ] },
								"east": { "texture": "#canopycolor5", "uv": [ 0.0, 0.0, 9.0, 0.5 ] },
								"south": { "texture": "#canopycolor5", "uv": [ 0.0, 0.0, 12.0, 0.5 ] },
								"west": { "texture": "#canopycolor5", "uv": [ 0.0, 0.0, 9.0, 0.5 ] },
								"up": { "texture": "#canopycolor5", "uv": [ 0.0, 0.0, 12.0, 9.0 ] },
								"down": { "texture": "#canopycolor5", "uv": [ 0.0, 0.0, 12.0, 9.0 ] }
							},
							"children": [
								{
									"name": "CanopyTop39",
									"from": [ 0.0, 0.0, 9.0 ],
									"to": [ 12.0, 0.5, 18.4 ],
									"rotationOrigin": [ 0.0, 0.0, 9.0 ],
									"faces": {
										"north": { "texture": "#canopycolor5", "uv": [ 0.0, 0.0, 12.0, 0.5 ] },
										"east": { "texture": "#canopycolor5", "uv": [ 0.0, 0.0, 9.0, 0.5 ] },
										"south": { "texture": "#canopycolor5", "uv": [ 0.0, 0.0, 12.0, 0.5 ] },
										"west": { "texture": "#canopycolor5", "uv": [ 0.0, 0.0, 9.0, 0.5 ] },
										"up": { "texture": "#canopycolor5", "uv": [ 0.0, 0.0, 12.0, 9.0 ] },
										"down": { "texture": "#canopycolor5", "uv": [ 0.0, 0.0, 12.0, 9.0 ] }
									}
								},
								{
									"name": "CanopyTop40",
									"from": [ 0.0, 0.0, 18.4 ],
									"to": [ 2.0, 0.5, 18.8 ],
									"rotationOrigin": [ 0.0, 0.0, 18.4 ],
									"faces": {
										"north": { "texture": "#canopycolor5", "uv": [ 0.0, 0.0, 2.0, 0.5 ] },
										"east": { "texture": "#canopycolor5", "uv": [ 0.0, 0.0, 0.5, 0.5 ] },
										"south": { "texture": "#canopycolor5", "uv": [ 0.0, 0.0, 2.0, 0.5 ] },
										"west": { "texture": "#canopycolor5", "uv": [ 0.0, 0.0, 0.5, 0.5 ] },
										"up": { "texture": "#canopycolor5", "uv": [ 0.0, 0.0, 2.0, 0.5 ] },
										"down": { "texture": "#canopycolor5", "uv": [ 0.0, 0.0, 2.0, 0.5 ] }
									},
									"children": [
										{
											"name": "CanopyTop41",
											"from": [ 10.0, 0.0, 0.0 ],
											"to": [ 12.0, 0.5, 0.4 ],
											"rotationOrigin": [ 10.0, 0.0, 0.0 ],
											"faces": {
												"north": { "texture": "#canopycolor5", "uv": [ 0.0, 0.0, 2.0, 0.5 ] },
												"east": { "texture": "#canopycolor5", "uv": [ 0.0, 0.0, 0.5, 0.5 ] },
												"south": { "texture": "#canopycolor5", "uv": [ 0.0, 0.0, 2.0, 0.5 ] },
												"west": { "texture": "#canopycolor5", "uv": [ 0.0, 0.0, 0.5, 0.5 ] },
												"up": { "texture": "#canopycolor5", "uv": [ 0.0, 0.0, 2.0, 0.5 ] },
												"down": { "texture": "#canopycolor5", "uv": [ 0.0, 0.0, 2.0, 0.5 ] }
											}
										}
									]
								},
								{
									"name": "CanopyTop42",
									"from": [ 0.0, 0.0, -0.3 ],
									"to": [ 2.0, 0.5, 0.0 ],
									"rotationOrigin": [ 0.0, 0.0, -0.3 ],
									"faces": {
										"north": { "texture": "#canopycolor5", "uv": [ 0.0, 0.0, 2.0, 0.5 ] },
										"east": { "texture": "#canopycolor5", "uv": [ 0.0, 0.0, 0.5, 0.5 ] },
										"south": { "texture": "#canopycolor5", "uv": [ 0.0, 0.0, 2.0, 0.5 ] },
										"west": { "texture": "#canopycolor5", "uv": [ 0.0, 0.0, 0.5, 0.5 ] },
										"up": { "texture": "#canopycolor5", "uv": [ 0.0, 0.0, 2.0, 0.5 ] },
										"down": { "texture": "#canopycolor5", "uv": [ 0.0, 0.0, 2.0, 0.5 ] }
									},
									"children": [
										{
											"name": "CanopyTop43",
											"from": [ 10.0, 0.0, 0.0 ],
											"to": [ 12.0, 0.5, 0.3 ],
											"rotationOrigin": [ 10.0, 0.0, 0.0 ],
											"faces": {
												"north": { "texture": "#canopycolor5", "uv": [ 0.0, 0.0, 2.0, 0.5 ] },
												"east": { "texture": "#canopycolor5", "uv": [ 0.0, 0.0, 0.5, 0.5 ] },
												"south": { "texture": "#canopycolor5", "uv": [ 0.0, 0.0, 2.0, 0.5 ] },
												"west": { "texture": "#canopycolor5", "uv": [ 0.0, 0.0, 0.5, 0.5 ] },
												"up": { "texture": "#canopycolor5", "uv": [ 0.0, 0.0, 2.0, 0.5 ] },
												"down": { "texture": "#canopycolor5", "uv": [ 0.0, 0.0, 2.0, 0.5 ] }
											}
										}
									]
								}
							]
						},
						{
							"name": "CanopyTop33",
							"from": [ 22.0, 28.25, 6.46 ],
							"to": [ 34.0, 28.75, 15.46 ],
							"rotationOrigin": [ 22.0, 28.2474, 6.4612 ],
							"rotationX": 100.0,
							"rotationZ": 180.0,
							"faces": {
								"north": { "texture": "#canopycolor5", "uv": [ 0.0, 0.0, 12.0, 0.5 ] },
								"east": { "texture": "#canopycolor5", "uv": [ 0.0, 0.0, 9.0, 0.5 ] },
								"south": { "texture": "#canopycolor5", "uv": [ 0.0, 0.0, 12.0, 0.5 ] },
								"west": { "texture": "#canopycolor5", "uv": [ 0.0, 0.0, 9.0, 0.5 ] },
								"up": { "texture": "#canopycolor5", "uv": [ 0.0, 0.0, 12.0, 9.0 ] },
								"down": { "texture": "#canopycolor5", "uv": [ 0.0, 0.0, 12.0, 9.0 ] }
							},
							"children": [
								{
									"name": "CanopyTop44",
									"from": [ 0.0, 0.0, 9.0 ],
									"to": [ 12.0, 0.5, 18.4 ],
									"rotationOrigin": [ 0.0, 0.0, 9.0 ],
									"faces": {
										"north": { "texture": "#canopycolor5", "uv": [ 0.0, 0.0, 12.0, 0.5 ] },
										"east": { "texture": "#canopycolor5", "uv": [ 0.0, 0.0, 9.0, 0.5 ] },
										"south": { "texture": "#canopycolor5", "uv": [ 0.0, 0.0, 12.0, 0.5 ] },
										"west": { "texture": "#canopycolor5", "uv": [ 0.0, 0.0, 9.0, 0.5 ] },
										"up": { "texture": "#canopycolor5", "uv": [ 0.0, 0.0, 12.0, 9.0 ] },
										"down": { "texture": "#canopycolor5", "uv": [ 0.0, 0.0, 12.0, 9.0 ] }
									}
								},
								{
									"name": "CanopyTop45",
									"from": [ 0.0, 0.0, 18.4 ],
									"to": [ 2.0, 0.5, 18.8 ],
									"rotationOrigin": [ 0.0, 0.0, 18.4 ],
									"faces": {
										"north": { "texture": "#canopycolor5", "uv": [ 0.0, 0.0, 2.0, 0.5 ] },
										"east": { "texture": "#canopycolor5", "uv": [ 0.0, 0.0, 0.5, 0.5 ] },
										"south": { "texture": "#canopycolor5", "uv": [ 0.0, 0.0, 2.0, 0.5 ] },
										"west": { "texture": "#canopycolor5", "uv": [ 0.0, 0.0, 0.5, 0.5 ] },
										"up": { "texture": "#canopycolor5", "uv": [ 0.0, 0.0, 2.0, 0.5 ] },
										"down": { "texture": "#canopycolor5", "uv": [ 0.0, 0.0, 2.0, 0.5 ] }
									},
									"children": [
										{
											"name": "CanopyTop46",
											"from": [ 10.0, 0.0, 0.0 ],
											"to": [ 12.0, 0.5, 0.3 ],
											"rotationOrigin": [ 10.0, 0.0, 0.0 ],
											"faces": {
												"north": { "texture": "#canopycolor5", "uv": [ 0.0, 0.0, 2.0, 0.5 ] },
												"east": { "texture": "#canopycolor5", "uv": [ 0.0, 0.0, 0.5, 0.5 ] },
												"south": { "texture": "#canopycolor5", "uv": [ 0.0, 0.0, 2.0, 0.5 ] },
												"west": { "texture": "#canopycolor5", "uv": [ 0.0, 0.0, 0.5, 0.5 ] },
												"up": { "texture": "#canopycolor5", "uv": [ 0.0, 0.0, 2.0, 0.5 ] },
												"down": { "texture": "#canopycolor5", "uv": [ 0.0, 0.0, 2.0, 0.5 ] }
											}
										}
									]
								},
								{
									"name": "CanopyTop47",
									"from": [ 0.0, 0.0, -0.3 ],
									"to": [ 2.0, 0.5, 0.0 ],
									"rotationOrigin": [ 0.0, 0.0, -0.3 ],
									"faces": {
										"north": { "texture": "#canopycolor5", "uv": [ 0.0, 0.0, 2.0, 0.5 ] },
										"east": { "texture": "#canopycolor5", "uv": [ 0.0, 0.0, 0.5, 0.5 ] },
										"south": { "texture": "#canopycolor5", "uv": [ 0.0, 0.0, 2.0, 0.5 ] },
										"west": { "texture": "#canopycolor5", "uv": [ 0.0, 0.0, 0.5, 0.5 ] },
										"up": { "texture": "#canopycolor5", "uv": [ 0.0, 0.0, 2.0, 0.5 ] },
										"down": { "texture": "#canopycolor5", "uv": [ 0.0, 0.0, 2.0, 0.5 ] }
									},
									"children": [
										{
											"name": "CanopyTop48",
											"from": [ 10.0, 0.0, 0.0 ],
											"to": [ 12.0, 0.5, 0.3 ],
											"rotationOrigin": [ 10.0, 0.0, 0.0 ],
											"faces": {
												"north": { "texture": "#canopycolor5", "uv": [ 0.0, 0.0, 2.0, 0.5 ] },
												"east": { "texture": "#canopycolor5", "uv": [ 0.0, 0.0, 0.5, 0.5 ] },
												"south": { "texture": "#canopycolor5", "uv": [ 0.0, 0.0, 2.0, 0.5 ] },
												"west": { "texture": "#canopycolor5", "uv": [ 0.0, 0.0, 0.5, 0.5 ] },
												"up": { "texture": "#canopycolor5", "uv": [ 0.0, 0.0, 2.0, 0.5 ] },
												"down": { "texture": "#canopycolor5", "uv": [ 0.0, 0.0, 2.0, 0.5 ] }
											}
										}
									]
								}
							]
						}
					]
				}
			]
		}
	]}