[
  {
    "file": "fatemplar:itemtypes/wearable/templar/fa-templar-legs",
    "op": "addmerge",
    "path": "/behaviors",
    "dependsOn": [{ "modId": "combatoverhaul" }],
    "value": [
      {
        "name": "CombatOverhaul:Armor",
        "propertiesByType": {
          "fa-templar-legs-heavy-steel-*": {
            "Layers": ["Outer","Middle","Skin"],
            "Zones": ["Legs", "Feet"],
            "Resists": {
              "PiercingAttack": 12,
              "SlashingAttack": 14,
              "BluntAttack": 14
            },
            "FlatReduction": {},
            "PlayerStats": {
              "walkspeed": -0.25,
              "manipulationSpeed": 0,
              "steadyAim": 0,
              "healingeffectivness": -0.06,
              "hungerrate": 0.06
            }
          },
          "fa-templar-legs-heavy-*iron-*": {
            "Layers": ["Outer","Middle","Skin"],
            "Zones": ["Legs", "Feet"],
            "Resists": {
              "PiercingAttack": 10,
              "SlashingAttack": 12,
              "BluntAttack": 12
            },
            "FlatReduction": {},
            "PlayerStats": {
              "walkspeed": -0.25,
              "manipulationSpeed": 0,
              "steadyAim": 0,
              "healingeffectivness": -0.06,
              "hungerrate": 0.06
            }
          },
          "fa-templar-legs-balance-steel-*": {
            "Layers": ["Outer","Middle","Skin"],
            "Zones": ["Legs", "Feet"],
            "Resists": {
              "PiercingAttack": 8,
              "SlashingAttack": 10,
              "BluntAttack": 10
            },
            "FlatReduction": {},
            "PlayerStats": {
              "walkspeed": -0.13,
              "manipulationSpeed": 0,
              "steadyAim": 0,
              "healingeffectivness": -0.04,
              "hungerrate": 0.04
            }
          },
          "fa-templar-legs-balance-*iron-*": {
            "Layers": ["Outer","Middle","Skin"],
            "Zones": ["Legs", "Feet"],
            "Resists": {
              "PiercingAttack": 7,
              "SlashingAttack": 9,
              "BluntAttack": 9
            },
            "FlatReduction": {},
            "PlayerStats": {
              "walkspeed": -0.13,
              "manipulationSpeed": 0,
              "steadyAim": 0,
              "healingeffectivness": -0.04,
              "hungerrate": 0.04
            }
          },
          "fa-templar-legs-light-steel-*": {
            "Layers": ["Outer","Middle","Skin"],
            "Zones": ["Legs", "Feet"],
            "Resists": {
              "PiercingAttack": 6,
              "SlashingAttack": 8,
              "BluntAttack": 9
            },
            "FlatReduction": {},
            "PlayerStats": {
              "walkspeed": -0.13,
              "manipulationSpeed": 0,
              "steadyAim": 0,
              "healingeffectivness": -0.06,
              "hungerrate": 0.02
            }
          },
          "fa-templar-legs-light-*iron-*": {
            "Layers": ["Outer","Middle","Skin"],
            "Zones": ["Legs", "Feet"],
            "Resists": {
              "PiercingAttack": 5,
              "SlashingAttack": 7,
              "BluntAttack": 8
            },
            "FlatReduction": {},
            "PlayerStats": {
              "walkspeed": -0.13,
              "manipulationSpeed": 0,
              "steadyAim": 0,
              "healingeffectivness": -0.06,
              "hungerrate": 0.02
            },
          }
        }
      }
    ]
  },
  {
    "file": "fatemplar:itemtypes/wearable/templar/fa-templar-legs",
    "op": "replace",
    "path": "/durabilityByType",
    "dependsOn": [{ "modId": "combatoverhaul" }],
    "value": {
        "fa-templar-legs-heavy-steel-*": 37000,
        "fa-templar-head-heavy-meteoriciron-*": 21000,
        "fa-templar-head-heavy-iron-*": 16000,
        "fa-templar-head-balance-steel-*": 32000,
        "fa-templar-head-balance-meteoriciron-*": 26000,
        "fa-templar-head-balance-iron-*": 21000,
        "fa-templar-head-light-steel-*": 25000,
        "fa-templar-head-light-meteoriciron-*": 20000,
        "fa-templar-head-light-iron-*": 15000,
    }
  },
  {
    "file": "fatemplar:itemtypes/wearable/templar/fa-templar-legs",
    "dependsOn": [{ "modId": "combatoverhaul" }],
    "op": "replace",
    "path": "/attributes/protectionModifiersByType",
    "value": { "*": null }
  },
  {
    "file": "fatemplar:itemtypes/wearable/templar/fa-templar-legs",
    "dependsOn": [{ "modId": "combatoverhaul" }],
    "op": "replace",
    "path": "/attributes/statModifiersByType",
    "value": { "*": null }
  },
  {
    "file": "fatemplar:itemtypes/wearable/templar/fa-templar-legs",
    "dependsOn": [{ "modId": "combatoverhaul" }],
    "op": "replace",
    "path": "/class",
    "value": "CombatOverhaul:WearableArmor"
  },
  {
    "file": "fatemplar:itemtypes/wearable/templar/fa-templar-legs",
    "dependsOn": [{ "modId": "combatoverhaul" }],
    "op": "add",
    "path": "/attributes/materialCountByType",
    "value": { "*-legs-*": 8 }
  },  

]
