{
	"editor": {
		"backDropShape": "entity/humanoid/kobold",
		"allAngles": false,
		"entityTextureMode": true
	},
	"textureWidth": 16,
	"textureHeight": 16,
	"textureSizes": {
	},
	"textures": {
		"normal": "block/cloth/leather/normal",
		"bone4": "block/creature/bone/bone4"
	},
	"elements": [
		{
			"name": "hideupperarm",
			"stepParentName": "UpperArmL",
			"from": [ 0.0, 0.0, 0.0 ],
			"to": [ 0.0, 0.0, 0.0 ],
			"uv": [ 0.0, 0.0 ],
			"faces": {
			},
			"children": [
				{
					"name": "stringW",
					"from": [ -0.1, 4.0, 0.0 ],
					"to": [ 0.1, 4.5, 2.2 ],
					"uv": [ 7.0, 1.0 ],
					"rotationOrigin": [ 0.0, 4.0, 0.0 ],
					"faces": {
						"east": { "texture": "#normal", "uv": [ 7.0, 3.0, 9.0, 3.5 ] },
						"south": { "texture": "#normal", "uv": [ 9.0, 3.0, 9.5, 3.5 ] },
						"west": { "texture": "#normal", "uv": [ 9.5, 3.0, 11.5, 3.5 ] },
						"up": { "texture": "#normal", "uv": [ 7.0, 1.0, 7.5, 3.0 ] },
						"down": { "texture": "#normal", "uv": [ 7.5, 1.0, 8.0, 3.0 ] }
					},
					"children": [
						{
							"name": "stringE",
							"from": [ 3.0, 0.0, -0.2 ],
							"to": [ 3.2, 0.5, 2.0 ],
							"uv": [ 4.5, 10.5 ],
							"rotationOrigin": [ 3.0, 0.0, 0.0 ],
							"faces": {
								"north": { "texture": "#normal", "uv": [ 4.5, 12.5, 5.0, 13.0 ] },
								"east": { "texture": "#normal", "uv": [ 5.0, 12.5, 7.0, 13.0 ] },
								"west": { "texture": "#normal", "uv": [ 7.0, 12.5, 9.0, 13.0 ] },
								"up": { "texture": "#normal", "uv": [ 4.5, 10.5, 5.0, 12.5 ] },
								"down": { "texture": "#normal", "uv": [ 5.0, 10.5, 5.5, 12.5 ] }
							},
							"children": [
								{
									"name": "tooth9",
									"from": [ 0.0, -0.8, 1.0 ],
									"to": [ 0.3, 0.2, 1.3 ],
									"uv": [ 5.0, 7.0 ],
									"rotationOrigin": [ 0.15, 0.2, 1.15 ],
									"rotationX": -3.0,
									"rotationZ": 10.0,
									"faces": {
										"north": { "texture": "#bone4", "uv": [ 5.0, 7.5, 5.5, 8.5 ] },
										"east": { "texture": "#bone4", "uv": [ 5.5, 7.5, 6.0, 8.5 ] },
										"south": { "texture": "#bone4", "uv": [ 6.0, 7.5, 6.5, 8.5 ] },
										"west": { "texture": "#bone4", "uv": [ 6.5, 7.5, 7.0, 8.5 ] },
										"up": { "texture": "#bone4", "uv": [ 5.0, 7.0, 5.5, 7.5 ] },
										"down": { "texture": "#bone4", "uv": [ 5.5, 7.0, 6.0, 7.5 ] }
									}
								},
								{
									"name": "tooth10",
									"from": [ 0.0, -0.7, 1.5 ],
									"to": [ 0.3, 0.3, 1.8 ],
									"uv": [ 9.0, 8.5 ],
									"rotationOrigin": [ 0.15, 0.3, 1.65 ],
									"rotationX": 5.0,
									"rotationY": 10.0,
									"rotationZ": 10.0,
									"faces": {
										"north": { "texture": "#bone4", "uv": [ 9.0, 9.0, 9.5, 10.0 ] },
										"east": { "texture": "#bone4", "uv": [ 9.5, 9.0, 10.0, 10.0 ] },
										"south": { "texture": "#bone4", "uv": [ 10.0, 9.0, 10.5, 10.0 ] },
										"west": { "texture": "#bone4", "uv": [ 10.5, 9.0, 11.0, 10.0 ] },
										"up": { "texture": "#bone4", "uv": [ 9.0, 8.5, 9.5, 9.0 ] },
										"down": { "texture": "#bone4", "uv": [ 9.5, 8.5, 10.0, 9.0 ] }
									}
								},
								{
									"name": "tooth11",
									"from": [ 0.0, -0.6, 1.9 ],
									"to": [ 0.3, 0.4, 2.2 ],
									"uv": [ 3.0, 13.0 ],
									"rotationOrigin": [ 0.15, 0.4, 2.05 ],
									"rotationX": 5.0,
									"rotationY": -22.5,
									"rotationZ": 10.0,
									"faces": {
										"north": { "texture": "#bone4", "uv": [ 3.0, 13.5, 3.5, 14.5 ] },
										"east": { "texture": "#bone4", "uv": [ 3.5, 13.5, 4.0, 14.5 ] },
										"south": { "texture": "#bone4", "uv": [ 4.0, 13.5, 4.5, 14.5 ] },
										"west": { "texture": "#bone4", "uv": [ 4.5, 13.5, 5.0, 14.5 ] },
										"up": { "texture": "#bone4", "uv": [ 3.0, 13.0, 3.5, 13.5 ] },
										"down": { "texture": "#bone4", "uv": [ 3.5, 13.0, 4.0, 13.5 ] }
									}
								}
							]
						},
						{
							"name": "stringS",
							"from": [ 0.2, 0.0, 2.0 ],
							"to": [ 3.2, 0.5, 2.2 ],
							"uv": [ 9.0, 13.0 ],
							"rotationOrigin": [ 0.2, 0.0, 2.0 ],
							"faces": {
								"north": { "texture": "#normal", "uv": [ 9.0, 13.5, 12.0, 14.0 ] },
								"east": { "texture": "#normal", "uv": [ 12.0, 13.5, 12.5, 14.0 ] },
								"south": { "texture": "#normal", "uv": [ 12.5, 13.5, 15.5, 14.0 ] },
								"up": { "texture": "#normal", "uv": [ 9.0, 13.0, 12.0, 13.5 ] },
								"down": { "texture": "#normal", "uv": [ 12.0, 13.0, 15.0, 13.5 ] }
							},
							"children": [
								{
									"name": "tooth1",
									"from": [ -0.05, -0.7, 0.05 ],
									"to": [ 0.25, 0.3, 0.35 ],
									"uv": [ 10.0, 9.5 ],
									"rotationOrigin": [ 0.1, 0.3, 0.2 ],
									"rotationX": -10.0,
									"rotationZ": -5.0,
									"faces": {
										"north": { "texture": "#bone4", "uv": [ 10.0, 10.0, 10.5, 11.0 ] },
										"east": { "texture": "#bone4", "uv": [ 10.5, 10.0, 11.0, 11.0 ] },
										"south": { "texture": "#bone4", "uv": [ 11.0, 10.0, 11.5, 11.0 ] },
										"west": { "texture": "#bone4", "uv": [ 11.5, 10.0, 12.0, 11.0 ] },
										"up": { "texture": "#bone4", "uv": [ 10.0, 9.5, 10.5, 10.0 ] },
										"down": { "texture": "#bone4", "uv": [ 10.5, 9.5, 11.0, 10.0 ] }
									}
								},
								{
									"name": "tooth2",
									"from": [ 0.55, -0.6, 0.05 ],
									"to": [ 0.85, 0.4, 0.35 ],
									"uv": [ 7.5, 8.5 ],
									"rotationOrigin": [ 0.7, 0.3, 0.2 ],
									"rotationX": -5.0,
									"faces": {
										"north": { "texture": "#bone4", "uv": [ 7.5, 9.0, 8.0, 10.0 ] },
										"east": { "texture": "#bone4", "uv": [ 8.0, 9.0, 8.5, 10.0 ] },
										"south": { "texture": "#bone4", "uv": [ 8.5, 9.0, 9.0, 10.0 ] },
										"west": { "texture": "#bone4", "uv": [ 9.0, 9.0, 9.5, 10.0 ] },
										"up": { "texture": "#bone4", "uv": [ 7.5, 8.5, 8.0, 9.0 ] },
										"down": { "texture": "#bone4", "uv": [ 8.0, 8.5, 8.5, 9.0 ] }
									}
								},
								{
									"name": "tooth3",
									"from": [ 1.25, -0.8, 0.05 ],
									"to": [ 1.55, 0.2, 0.35 ],
									"uv": [ 1.5, 9.0 ],
									"rotationOrigin": [ 1.4, 0.1, 0.2 ],
									"rotationX": -15.0,
									"rotationZ": 10.0,
									"faces": {
										"north": { "texture": "#bone4", "uv": [ 1.5, 9.5, 2.0, 10.5 ] },
										"east": { "texture": "#bone4", "uv": [ 2.0, 9.5, 2.5, 10.5 ] },
										"south": { "texture": "#bone4", "uv": [ 2.5, 9.5, 3.0, 10.5 ] },
										"west": { "texture": "#bone4", "uv": [ 3.0, 9.5, 3.5, 10.5 ] },
										"up": { "texture": "#bone4", "uv": [ 1.5, 9.0, 2.0, 9.5 ] },
										"down": { "texture": "#bone4", "uv": [ 2.0, 9.0, 2.5, 9.5 ] }
									}
								},
								{
									"name": "tooth4",
									"from": [ 1.95, -0.7, 0.05 ],
									"to": [ 2.25, 0.3, 0.35 ],
									"uv": [ 4.5, 2.0 ],
									"rotationOrigin": [ 2.1, 0.2, 0.2 ],
									"rotationX": -5.0,
									"rotationZ": -2.0,
									"faces": {
										"north": { "texture": "#bone4", "uv": [ 4.5, 2.5, 5.0, 3.5 ] },
										"east": { "texture": "#bone4", "uv": [ 5.0, 2.5, 5.5, 3.5 ] },
										"south": { "texture": "#bone4", "uv": [ 5.5, 2.5, 6.0, 3.5 ] },
										"west": { "texture": "#bone4", "uv": [ 6.0, 2.5, 6.5, 3.5 ] },
										"up": { "texture": "#bone4", "uv": [ 4.5, 2.0, 5.0, 2.5 ] },
										"down": { "texture": "#bone4", "uv": [ 5.0, 2.0, 5.5, 2.5 ] }
									}
								},
								{
									"name": "tooth5",
									"from": [ 2.55, -0.6, 0.05 ],
									"to": [ 2.85, 0.4, 0.35 ],
									"uv": [ 10.0, 10.5 ],
									"rotationOrigin": [ 2.7, 0.3, 0.2 ],
									"rotationX": -15.0,
									"rotationY": 5.0,
									"rotationZ": -5.0,
									"faces": {
										"north": { "texture": "#bone4", "uv": [ 10.0, 11.0, 10.5, 12.0 ] },
										"east": { "texture": "#bone4", "uv": [ 10.5, 11.0, 11.0, 12.0 ] },
										"south": { "texture": "#bone4", "uv": [ 11.0, 11.0, 11.5, 12.0 ] },
										"west": { "texture": "#bone4", "uv": [ 11.5, 11.0, 12.0, 12.0 ] },
										"up": { "texture": "#bone4", "uv": [ 10.0, 10.5, 10.5, 11.0 ] },
										"down": { "texture": "#bone4", "uv": [ 10.5, 10.5, 11.0, 11.0 ] }
									}
								}
							]
						},
						{
							"name": "stringN",
							"from": [ 0.0, 0.0, -0.2 ],
							"to": [ 3.0, 0.5, 0.0 ],
							"uv": [ 4.0, 7.0 ],
							"rotationOrigin": [ 0.2, 0.0, 0.0 ],
							"faces": {
								"north": { "texture": "#normal", "uv": [ 4.0, 7.5, 7.0, 8.0 ] },
								"south": { "texture": "#normal", "uv": [ 7.0, 7.5, 10.0, 8.0 ] },
								"west": { "texture": "#normal", "uv": [ 10.0, 7.5, 10.5, 8.0 ] },
								"up": { "texture": "#normal", "uv": [ 4.0, 7.0, 7.0, 7.5 ] },
								"down": { "texture": "#normal", "uv": [ 7.0, 7.0, 10.0, 7.5 ] }
							}
						},
						{
							"name": "tooth6",
							"from": [ -0.15, -0.8, 1.75 ],
							"to": [ 0.15, 0.2, 2.05 ],
							"uv": [ 13.5, 7.0 ],
							"rotationOrigin": [ 0.0, 0.2, 1.9 ],
							"rotationY": 5.0,
							"rotationZ": -10.0,
							"faces": {
								"north": { "texture": "#bone4", "uv": [ 13.5, 7.5, 14.0, 8.5 ] },
								"east": { "texture": "#bone4", "uv": [ 14.0, 7.5, 14.5, 8.5 ] },
								"south": { "texture": "#bone4", "uv": [ 14.5, 7.5, 15.0, 8.5 ] },
								"west": { "texture": "#bone4", "uv": [ 15.0, 7.5, 15.5, 8.5 ] },
								"up": { "texture": "#bone4", "uv": [ 13.5, 7.0, 14.0, 7.5 ] },
								"down": { "texture": "#bone4", "uv": [ 14.0, 7.0, 14.5, 7.5 ] }
							}
						},
						{
							"name": "tooth7",
							"from": [ -0.15, -0.6, 0.75 ],
							"to": [ 0.15, 0.4, 1.05 ],
							"uv": [ 5.0, 2.0 ],
							"rotationOrigin": [ 0.0, 0.4, 0.9 ],
							"rotationX": 10.0,
							"rotationZ": -10.0,
							"faces": {
								"north": { "texture": "#bone4", "uv": [ 5.0, 2.5, 5.5, 3.5 ] },
								"east": { "texture": "#bone4", "uv": [ 5.5, 2.5, 6.0, 3.5 ] },
								"south": { "texture": "#bone4", "uv": [ 6.0, 2.5, 6.5, 3.5 ] },
								"west": { "texture": "#bone4", "uv": [ 6.5, 2.5, 7.0, 3.5 ] },
								"up": { "texture": "#bone4", "uv": [ 5.0, 2.0, 5.5, 2.5 ] },
								"down": { "texture": "#bone4", "uv": [ 5.5, 2.0, 6.0, 2.5 ] }
							}
						},
						{
							"name": "tooth8",
							"from": [ -0.15, -0.7, 1.25 ],
							"to": [ 0.15, 0.3, 1.55 ],
							"uv": [ 9.0, 9.0 ],
							"rotationOrigin": [ 0.0, 0.3, 1.4 ],
							"rotationZ": -15.0,
							"faces": {
								"north": { "texture": "#bone4", "uv": [ 9.0, 9.5, 9.5, 10.5 ] },
								"east": { "texture": "#bone4", "uv": [ 9.5, 9.5, 10.0, 10.5 ] },
								"south": { "texture": "#bone4", "uv": [ 10.0, 9.5, 10.5, 10.5 ] },
								"west": { "texture": "#bone4", "uv": [ 10.5, 9.5, 11.0, 10.5 ] },
								"up": { "texture": "#bone4", "uv": [ 9.0, 9.0, 9.5, 9.5 ] },
								"down": { "texture": "#bone4", "uv": [ 9.5, 9.0, 10.0, 9.5 ] }
							}
						}
					]
				}
			]
		}
	]}