{
	"editor": {
		"backDropShape": "entity/humanoid/kobold",
		"allAngles": true,
		"entityTextureMode": true
	},
	"textureWidth": 12,
	"textureHeight": 4,
	"textureSizes": {
		"rosary": [12,4],
		"bracelets1": [16,16],
		"coral": [4,4]
	},
	"textures": {
		"bracelets1": "entity/humanoid/seraphclothes/arm/bracelets1",
		"coral": "entity/humanoid/seraphclothes/neck/gem/coral"
	},
	"elements": [
		{
			"name": "hidelowerarm",
			"stepParentName": "LowerArmL",
			"from": [ 1.0, 1.0, 0.9 ],
			"to": [ 1.0, 1.0, 0.9 ],
			"uv": [ 999.0, 999.0 ],
			"rotationOrigin": [ 1.0, 1.0, 0.9 ],
			"faces": {
			},
			"children": [
				{
					"name": "bandW",
					"from": [ -1.2, 1.95, -0.95 ],
					"to": [ -1.1, 2.05, 1.25 ],
					"uv": [ 3.0, 8.0 ],
					"rotationOrigin": [ -1.1, 2.0, 0.0 ],
					"faces": {
						"north": { "texture": "#bracelets1", "uv": [ 3.0, 10.0, 3.5, 10.5 ] },
						"east": { "texture": "#bracelets1", "uv": [ 3.5, 10.0, 5.5, 10.5 ] },
						"south": { "texture": "#bracelets1", "uv": [ 5.5, 10.0, 6.0, 10.5 ] },
						"west": { "texture": "#bracelets1", "uv": [ 6.0, 10.0, 8.0, 10.5 ] },
						"up": { "texture": "#bracelets1", "uv": [ 3.0, 8.0, 3.5, 10.0 ] },
						"down": { "texture": "#bracelets1", "uv": [ 3.5, 8.0, 4.0, 10.0 ] }
					},
					"children": [
						{
							"name": "bandE",
							"from": [ 2.75, 0.0, -0.1 ],
							"to": [ 2.85, 0.1, 2.1 ],
							"uv": [ 5.5, 8.0 ],
							"rotationOrigin": [ 2.7, 0.0, 0.0 ],
							"faces": {
								"north": { "texture": "#bracelets1", "uv": [ 5.5, 10.0, 6.0, 10.5 ] },
								"east": { "texture": "#bracelets1", "uv": [ 6.0, 10.0, 8.0, 10.5 ] },
								"west": { "texture": "#bracelets1", "uv": [ 8.0, 10.0, 10.0, 10.5 ] },
								"up": { "texture": "#bracelets1", "uv": [ 5.5, 8.0, 6.0, 10.0 ] },
								"down": { "texture": "#bracelets1", "uv": [ 6.0, 8.0, 6.5, 10.0 ] }
							},
							"children": [
								{
									"name": "beam23",
									"from": [ -0.05, -0.05, 1.95 ],
									"to": [ 0.15, 0.15, 2.15 ],
									"uv": [ 2.0, 0.0 ],
									"rotationOrigin": [ 0.05, 0.05, 2.05 ],
									"rotationZ": 28.0,
									"faces": {
										"north": { "texture": "#coral", "uv": [ 2.0, 0.5, 2.5, 1.0 ] },
										"east": { "texture": "#coral", "uv": [ 2.5, 0.5, 3.0, 1.0 ] },
										"south": { "texture": "#coral", "uv": [ 3.0, 0.5, 3.5, 1.0 ] },
										"west": { "texture": "#coral", "uv": [ 3.5, 0.5, 4.0, 1.0 ] },
										"up": { "texture": "#coral", "uv": [ 2.0, 0.0, 2.5, 0.5 ] },
										"down": { "texture": "#coral", "uv": [ 2.5, 0.0, 3.0, 0.5 ] }
									}
								},
								{
									"name": "beam24",
									"from": [ -0.05, -0.05, 1.65 ],
									"to": [ 0.15, 0.15, 1.85 ],
									"uv": [ 2.0, 1.0 ],
									"rotationOrigin": [ 0.05, 0.05, 1.75 ],
									"rotationY": 14.0,
									"rotationZ": 6.0,
									"faces": {
										"north": { "texture": "#coral", "uv": [ 2.0, 1.5, 2.5, 2.0 ] },
										"east": { "texture": "#coral", "uv": [ 2.5, 1.5, 3.0, 2.0 ] },
										"south": { "texture": "#coral", "uv": [ 3.0, 1.5, 3.5, 2.0 ] },
										"west": { "texture": "#coral", "uv": [ 3.5, 1.5, 4.0, 2.0 ] },
										"up": { "texture": "#coral", "uv": [ 2.0, 1.0, 2.5, 1.5 ] },
										"down": { "texture": "#coral", "uv": [ 2.5, 1.0, 3.0, 1.5 ] }
									}
								},
								{
									"name": "beam25",
									"from": [ -0.05, -0.05, 1.35 ],
									"to": [ 0.15, 0.15, 1.55 ],
									"uv": [ 2.0, 3.0 ],
									"rotationOrigin": [ 0.05, 0.05, 1.45 ],
									"rotationY": -19.0,
									"rotationZ": 6.0,
									"faces": {
										"north": { "texture": "#coral", "uv": [ 2.0, 3.5, 2.5, 4.0 ] },
										"east": { "texture": "#coral", "uv": [ 2.5, 3.5, 3.0, 4.0 ] },
										"south": { "texture": "#coral", "uv": [ 3.0, 3.5, 3.5, 4.0 ] },
										"west": { "texture": "#coral", "uv": [ 3.5, 3.5, 4.0, 4.0 ] },
										"up": { "texture": "#coral", "uv": [ 2.0, 3.0, 2.5, 3.5 ] },
										"down": { "texture": "#coral", "uv": [ 2.5, 3.0, 3.0, 3.5 ] }
									}
								},
								{
									"name": "beam26",
									"from": [ -0.05, -0.05, 1.05 ],
									"to": [ 0.15, 0.15, 1.25 ],
									"uv": [ 2.0, 2.5 ],
									"rotationOrigin": [ 0.05, 0.05, 1.15 ],
									"rotationX": -25.0,
									"rotationY": -3.0,
									"rotationZ": 22.0,
									"faces": {
										"north": { "texture": "#coral", "uv": [ 2.0, 3.0, 2.5, 3.5 ] },
										"east": { "texture": "#coral", "uv": [ 2.5, 3.0, 3.0, 3.5 ] },
										"south": { "texture": "#coral", "uv": [ 3.0, 3.0, 3.5, 3.5 ] },
										"west": { "texture": "#coral", "uv": [ 3.5, 3.0, 4.0, 3.5 ] },
										"up": { "texture": "#coral", "uv": [ 2.0, 2.5, 2.5, 3.0 ] },
										"down": { "texture": "#coral", "uv": [ 2.5, 2.5, 3.0, 3.0 ] }
									}
								},
								{
									"name": "beam27",
									"from": [ -0.05, -0.05, 0.75 ],
									"to": [ 0.15, 0.15, 0.95 ],
									"uv": [ 2.0, 1.5 ],
									"rotationOrigin": [ 0.05, 0.05, 0.85 ],
									"rotationX": -25.0,
									"rotationY": -3.0,
									"rotationZ": -22.0,
									"faces": {
										"north": { "texture": "#coral", "uv": [ 2.0, 2.0, 2.5, 2.5 ] },
										"east": { "texture": "#coral", "uv": [ 2.5, 2.0, 3.0, 2.5 ] },
										"south": { "texture": "#coral", "uv": [ 3.0, 2.0, 3.5, 2.5 ] },
										"west": { "texture": "#coral", "uv": [ 3.5, 2.0, 4.0, 2.5 ] },
										"up": { "texture": "#coral", "uv": [ 2.0, 1.5, 2.5, 2.0 ] },
										"down": { "texture": "#coral", "uv": [ 2.5, 1.5, 3.0, 2.0 ] }
									}
								},
								{
									"name": "beam28",
									"from": [ -0.05, -0.05, 0.45 ],
									"to": [ 0.15, 0.15, 0.65 ],
									"uv": [ 1.5, 2.5 ],
									"rotationOrigin": [ 0.05, 0.05, 0.55 ],
									"rotationX": 25.0,
									"rotationY": 8.0,
									"rotationZ": -6.0,
									"faces": {
										"north": { "texture": "#coral", "uv": [ 1.5, 3.0, 2.0, 3.5 ] },
										"east": { "texture": "#coral", "uv": [ 2.0, 3.0, 2.5, 3.5 ] },
										"south": { "texture": "#coral", "uv": [ 2.5, 3.0, 3.0, 3.5 ] },
										"west": { "texture": "#coral", "uv": [ 3.0, 3.0, 3.5, 3.5 ] },
										"up": { "texture": "#coral", "uv": [ 1.5, 2.5, 2.0, 3.0 ] },
										"down": { "texture": "#coral", "uv": [ 2.0, 2.5, 2.5, 3.0 ] }
									}
								},
								{
									"name": "beam29",
									"from": [ -0.05, -0.05, 0.15 ],
									"to": [ 0.15, 0.15, 0.35 ],
									"uv": [ 1.0, 1.5 ],
									"rotationOrigin": [ 0.05, 0.05, 0.25 ],
									"rotationX": -3.0,
									"rotationY": 8.0,
									"rotationZ": -6.0,
									"faces": {
										"north": { "texture": "#coral", "uv": [ 1.0, 2.0, 1.5, 2.5 ] },
										"east": { "texture": "#coral", "uv": [ 1.5, 2.0, 2.0, 2.5 ] },
										"south": { "texture": "#coral", "uv": [ 2.0, 2.0, 2.5, 2.5 ] },
										"west": { "texture": "#coral", "uv": [ 2.5, 2.0, 3.0, 2.5 ] },
										"up": { "texture": "#coral", "uv": [ 1.0, 1.5, 1.5, 2.0 ] },
										"down": { "texture": "#coral", "uv": [ 1.5, 1.5, 2.0, 2.0 ] }
									}
								}
							]
						},
						{
							"name": "bandN",
							"from": [ 0.0, 0.0, -0.1 ],
							"to": [ 2.75, 0.1, 0.0 ],
							"uv": [ 9.0, 9.5 ],
							"rotationOrigin": [ 0.0, 0.0, -0.1 ],
							"faces": {
								"north": { "texture": "#bracelets1", "uv": [ 9.0, 10.0, 11.5, 10.5 ] },
								"south": { "texture": "#bracelets1", "uv": [ 11.5, 10.0, 14.0, 10.5 ] },
								"west": { "texture": "#bracelets1", "uv": [ 14.0, 10.0, 14.5, 10.5 ] },
								"up": { "texture": "#bracelets1", "uv": [ 9.0, 9.5, 11.5, 10.0 ] },
								"down": { "texture": "#bracelets1", "uv": [ 11.5, 9.5, 14.0, 10.0 ] }
							}
						},
						{
							"name": "bandS",
							"from": [ 0.1, 0.0, 2.1 ],
							"to": [ 2.85, 0.1, 2.2 ],
							"uv": [ 1.0, 10.5 ],
							"rotationOrigin": [ 0.1, 0.0, 2.1 ],
							"faces": {
								"north": { "texture": "#bracelets1", "uv": [ 1.0, 11.0, 3.5, 11.5 ] },
								"east": { "texture": "#bracelets1", "uv": [ 3.5, 11.0, 4.0, 11.5 ] },
								"south": { "texture": "#bracelets1", "uv": [ 4.0, 11.0, 6.5, 11.5 ], "windMode": [-1,-1,-1,-1] },
								"up": { "texture": "#bracelets1", "uv": [ 1.0, 10.5, 3.5, 11.0 ] },
								"down": { "texture": "#bracelets1", "uv": [ 3.5, 10.5, 6.0, 11.0 ] }
							},
							"children": [
								{
									"name": "chain",
									"from": [ 1.3, -2.5, 0.0 ],
									"to": [ 1.4, 0.0, 0.1 ],
									"uv": [ 11.0, 9.0 ],
									"rotationOrigin": [ 1.35, 0.0, 0.05 ],
									"faces": {
										"north": { "texture": "#bracelets1", "uv": [ 11.0, 9.5, 11.5, 12.0 ] },
										"east": { "texture": "#bracelets1", "uv": [ 11.5, 9.5, 12.0, 12.0 ] },
										"south": { "texture": "#bracelets1", "uv": [ 12.0, 9.5, 12.5, 12.0 ] },
										"west": { "texture": "#bracelets1", "uv": [ 12.5, 9.5, 13.0, 12.0 ] },
										"down": { "texture": "#bracelets1", "uv": [ 11.0, 9.0, 11.5, 9.5 ] }
									},
									"children": [
										{
											"name": "bead10",
											"from": [ -0.05, 2.15, -0.05 ],
											"to": [ 0.15, 2.35, 0.15 ],
											"uv": [ 2.0, 0.5 ],
											"rotationOrigin": [ 0.05, 2.25, 0.05 ],
											"faces": {
												"north": { "texture": "#coral", "uv": [ 2.0, 1.0, 2.5, 1.5 ] },
												"east": { "texture": "#coral", "uv": [ 2.5, 1.0, 3.0, 1.5 ] },
												"south": { "texture": "#coral", "uv": [ 3.0, 1.0, 3.5, 1.5 ] },
												"west": { "texture": "#coral", "uv": [ 3.5, 1.0, 4.0, 1.5 ] },
												"up": { "texture": "#coral", "uv": [ 2.0, 0.5, 2.5, 1.0 ] },
												"down": { "texture": "#coral", "uv": [ 2.5, 0.5, 3.0, 1.0 ] }
											}
										},
										{
											"name": "bead11",
											"from": [ -0.05, 1.85, -0.05 ],
											"to": [ 0.15, 2.05, 0.15 ],
											"uv": [ 1.5, 3.0 ],
											"rotationOrigin": [ 0.05, 1.95, 0.05 ],
											"rotationY": 36.0,
											"faces": {
												"north": { "texture": "#coral", "uv": [ 1.5, 3.5, 2.0, 4.0 ] },
												"east": { "texture": "#coral", "uv": [ 2.0, 3.5, 2.5, 4.0 ] },
												"south": { "texture": "#coral", "uv": [ 2.5, 3.5, 3.0, 4.0 ] },
												"west": { "texture": "#coral", "uv": [ 3.0, 3.5, 3.5, 4.0 ] },
												"up": { "texture": "#coral", "uv": [ 1.5, 3.0, 2.0, 3.5 ] },
												"down": { "texture": "#coral", "uv": [ 2.0, 3.0, 2.5, 3.5 ] }
											}
										},
										{
											"name": "bead12",
											"from": [ -0.05, 1.55, -0.05 ],
											"to": [ 0.15, 1.75, 0.15 ],
											"uv": [ 1.5, 1.0 ],
											"rotationOrigin": [ 0.05, 1.65, 0.05 ],
											"rotationY": 3.0,
											"rotationZ": 19.0,
											"faces": {
												"north": { "texture": "#coral", "uv": [ 1.5, 1.5, 2.0, 2.0 ] },
												"east": { "texture": "#coral", "uv": [ 2.0, 1.5, 2.5, 2.0 ] },
												"south": { "texture": "#coral", "uv": [ 2.5, 1.5, 3.0, 2.0 ] },
												"west": { "texture": "#coral", "uv": [ 3.0, 1.5, 3.5, 2.0 ] },
												"up": { "texture": "#coral", "uv": [ 1.5, 1.0, 2.0, 1.5 ] },
												"down": { "texture": "#coral", "uv": [ 2.0, 1.0, 2.5, 1.5 ] }
											}
										},
										{
											"name": "bead13",
											"from": [ -0.05, 1.25, -0.05 ],
											"to": [ 0.15, 1.45, 0.15 ],
											"uv": [ 2.0, 0.5 ],
											"rotationOrigin": [ 0.05, 1.35, 0.05 ],
											"rotationY": 33.0,
											"rotationZ": -8.0,
											"faces": {
												"north": { "texture": "#coral", "uv": [ 2.0, 1.0, 2.5, 1.5 ] },
												"east": { "texture": "#coral", "uv": [ 2.5, 1.0, 3.0, 1.5 ] },
												"south": { "texture": "#coral", "uv": [ 3.0, 1.0, 3.5, 1.5 ] },
												"west": { "texture": "#coral", "uv": [ 3.5, 1.0, 4.0, 1.5 ] },
												"up": { "texture": "#coral", "uv": [ 2.0, 0.5, 2.5, 1.0 ] },
												"down": { "texture": "#coral", "uv": [ 2.5, 0.5, 3.0, 1.0 ] }
											}
										},
										{
											"name": "bead14",
											"from": [ -0.05, 0.95, -0.05 ],
											"to": [ 0.15, 1.15, 0.15 ],
											"uv": [ 1.5, 0.0 ],
											"rotationOrigin": [ 0.05, 1.05, 0.05 ],
											"rotationX": 19.0,
											"rotationY": 8.0,
											"rotationZ": -8.0,
											"faces": {
												"north": { "texture": "#coral", "uv": [ 1.5, 0.5, 2.0, 1.0 ] },
												"east": { "texture": "#coral", "uv": [ 2.0, 0.5, 2.5, 1.0 ] },
												"south": { "texture": "#coral", "uv": [ 2.5, 0.5, 3.0, 1.0 ] },
												"west": { "texture": "#coral", "uv": [ 3.0, 0.5, 3.5, 1.0 ] },
												"up": { "texture": "#coral", "uv": [ 1.5, 0.0, 2.0, 0.5 ] },
												"down": { "texture": "#coral", "uv": [ 2.0, 0.0, 2.5, 0.5 ] }
											}
										},
										{
											"name": "cross",
											"from": [ -0.25, 0.6, 0.0 ],
											"to": [ 0.35, 0.7, 0.1 ],
											"uv": [ 7.5, 9.5 ],
											"rotationOrigin": [ 0.05, 0.65, 0.0 ],
											"rotationX": 1.0,
											"faces": {
												"north": { "texture": "#bracelets1", "uv": [ 7.5, 10.0, 8.0, 10.5 ] },
												"east": { "texture": "#bracelets1", "uv": [ 8.0, 10.0, 8.5, 10.5 ] },
												"south": { "texture": "#bracelets1", "uv": [ 8.5, 10.0, 9.0, 10.5 ] },
												"west": { "texture": "#bracelets1", "uv": [ 9.0, 10.0, 9.5, 10.5 ] },
												"up": { "texture": "#bracelets1", "uv": [ 7.5, 9.5, 8.0, 10.0 ] },
												"down": { "texture": "#bracelets1", "uv": [ 8.0, 9.5, 8.5, 10.0 ] }
											}
										}
									]
								},
								{
									"name": "bead1",
									"from": [ 1.25, -0.05, -0.05 ],
									"to": [ 1.45, 0.15, 0.15 ],
									"uv": [ 2.0, 2.0 ],
									"rotationOrigin": [ 1.35, 0.05, 0.05 ],
									"rotationX": 11.0,
									"faces": {
										"north": { "texture": "#coral", "uv": [ 2.0, 2.5, 2.5, 3.0 ] },
										"east": { "texture": "#coral", "uv": [ 2.5, 2.5, 3.0, 3.0 ] },
										"south": { "texture": "#coral", "uv": [ 3.0, 2.5, 3.5, 3.0 ] },
										"west": { "texture": "#coral", "uv": [ 3.5, 2.5, 4.0, 3.0 ] },
										"up": { "texture": "#coral", "uv": [ 2.0, 2.0, 2.5, 2.5 ] },
										"down": { "texture": "#coral", "uv": [ 2.5, 2.0, 3.0, 2.5 ] }
									}
								},
								{
									"name": "bead2",
									"from": [ 0.95, -0.05, -0.05 ],
									"to": [ 1.15, 0.15, 0.15 ],
									"uv": [ 0.0, 1.0 ],
									"rotationOrigin": [ 1.05, 0.05, 0.05 ],
									"rotationX": -22.0,
									"faces": {
										"north": { "texture": "#coral", "uv": [ 0.0, 1.5, 0.5, 2.0 ] },
										"east": { "texture": "#coral", "uv": [ 0.5, 1.5, 1.0, 2.0 ] },
										"south": { "texture": "#coral", "uv": [ 1.0, 1.5, 1.5, 2.0 ] },
										"west": { "texture": "#coral", "uv": [ 1.5, 1.5, 2.0, 2.0 ] },
										"up": { "texture": "#coral", "uv": [ 0.0, 1.0, 0.5, 1.5 ] },
										"down": { "texture": "#coral", "uv": [ 0.5, 1.0, 1.0, 1.5 ] }
									}
								},
								{
									"name": "bead3",
									"from": [ 0.65, -0.05, -0.05 ],
									"to": [ 0.85, 0.15, 0.15 ],
									"uv": [ 0.5, 2.5 ],
									"rotationOrigin": [ 0.75, 0.05, 0.05 ],
									"rotationX": -22.0,
									"rotationY": 11.0,
									"faces": {
										"north": { "texture": "#coral", "uv": [ 0.5, 3.0, 1.0, 3.5 ] },
										"east": { "texture": "#coral", "uv": [ 1.0, 3.0, 1.5, 3.5 ] },
										"south": { "texture": "#coral", "uv": [ 1.5, 3.0, 2.0, 3.5 ] },
										"west": { "texture": "#coral", "uv": [ 2.0, 3.0, 2.5, 3.5 ] },
										"up": { "texture": "#coral", "uv": [ 0.5, 2.5, 1.0, 3.0 ] },
										"down": { "texture": "#coral", "uv": [ 1.0, 2.5, 1.5, 3.0 ] }
									}
								},
								{
									"name": "bead4",
									"from": [ 0.35, -0.05, -0.05 ],
									"to": [ 0.55, 0.15, 0.15 ],
									"uv": [ 0.0, 3.0 ],
									"rotationOrigin": [ 0.45, 0.05, 0.05 ],
									"rotationX": 17.0,
									"rotationY": -19.0,
									"faces": {
										"north": { "texture": "#coral", "uv": [ 0.0, 3.5, 0.5, 4.0 ] },
										"east": { "texture": "#coral", "uv": [ 0.5, 3.5, 1.0, 4.0 ] },
										"south": { "texture": "#coral", "uv": [ 1.0, 3.5, 1.5, 4.0 ] },
										"west": { "texture": "#coral", "uv": [ 1.5, 3.5, 2.0, 4.0 ] },
										"up": { "texture": "#coral", "uv": [ 0.0, 3.0, 0.5, 3.5 ] },
										"down": { "texture": "#coral", "uv": [ 0.5, 3.0, 1.0, 3.5 ] }
									}
								},
								{
									"name": "bead5",
									"from": [ 0.05, -0.05, -0.05 ],
									"to": [ 0.25, 0.15, 0.15 ],
									"uv": [ 0.0, 2.0 ],
									"rotationOrigin": [ 0.15, 0.05, 0.05 ],
									"rotationX": -11.0,
									"rotationY": 11.0,
									"faces": {
										"north": { "texture": "#coral", "uv": [ 0.0, 2.5, 0.5, 3.0 ] },
										"east": { "texture": "#coral", "uv": [ 0.5, 2.5, 1.0, 3.0 ] },
										"south": { "texture": "#coral", "uv": [ 1.0, 2.5, 1.5, 3.0 ] },
										"west": { "texture": "#coral", "uv": [ 1.5, 2.5, 2.0, 3.0 ] },
										"up": { "texture": "#coral", "uv": [ 0.0, 2.0, 0.5, 2.5 ] },
										"down": { "texture": "#coral", "uv": [ 0.5, 2.0, 1.0, 2.5 ] }
									}
								},
								{
									"name": "bead6",
									"from": [ 1.55, -0.05, -0.05 ],
									"to": [ 1.75, 0.15, 0.15 ],
									"uv": [ 1.5, 2.0 ],
									"rotationOrigin": [ 1.65, 0.05, 0.05 ],
									"rotationX": 11.0,
									"rotationZ": -28.0,
									"faces": {
										"north": { "texture": "#coral", "uv": [ 1.5, 2.5, 2.0, 3.0 ] },
										"east": { "texture": "#coral", "uv": [ 2.0, 2.5, 2.5, 3.0 ] },
										"south": { "texture": "#coral", "uv": [ 2.5, 2.5, 3.0, 3.0 ] },
										"west": { "texture": "#coral", "uv": [ 3.0, 2.5, 3.5, 3.0 ] },
										"up": { "texture": "#coral", "uv": [ 1.5, 2.0, 2.0, 2.5 ] },
										"down": { "texture": "#coral", "uv": [ 2.0, 2.0, 2.5, 2.5 ] }
									}
								},
								{
									"name": "bead7",
									"from": [ 1.85, -0.05, -0.05 ],
									"to": [ 2.05, 0.15, 0.15 ],
									"uv": [ 0.0, 2.0 ],
									"rotationOrigin": [ 1.95, 0.05, 0.05 ],
									"rotationX": -25.0,
									"rotationY": -19.0,
									"rotationZ": 19.0,
									"faces": {
										"north": { "texture": "#coral", "uv": [ 0.0, 2.5, 0.5, 3.0 ] },
										"east": { "texture": "#coral", "uv": [ 0.5, 2.5, 1.0, 3.0 ] },
										"south": { "texture": "#coral", "uv": [ 1.0, 2.5, 1.5, 3.0 ] },
										"west": { "texture": "#coral", "uv": [ 1.5, 2.5, 2.0, 3.0 ] },
										"up": { "texture": "#coral", "uv": [ 0.0, 2.0, 0.5, 2.5 ] },
										"down": { "texture": "#coral", "uv": [ 0.5, 2.0, 1.0, 2.5 ] }
									}
								},
								{
									"name": "bead8",
									"from": [ 2.15, -0.05, -0.05 ],
									"to": [ 2.35, 0.15, 0.15 ],
									"uv": [ 0.5, 2.0 ],
									"rotationOrigin": [ 2.25, 0.05, 0.05 ],
									"rotationX": 11.0,
									"rotationZ": 14.0,
									"faces": {
										"north": { "texture": "#coral", "uv": [ 0.5, 2.5, 1.0, 3.0 ] },
										"east": { "texture": "#coral", "uv": [ 1.0, 2.5, 1.5, 3.0 ] },
										"south": { "texture": "#coral", "uv": [ 1.5, 2.5, 2.0, 3.0 ] },
										"west": { "texture": "#coral", "uv": [ 2.0, 2.5, 2.5, 3.0 ] },
										"up": { "texture": "#coral", "uv": [ 0.5, 2.0, 1.0, 2.5 ] },
										"down": { "texture": "#coral", "uv": [ 1.0, 2.0, 1.5, 2.5 ] }
									}
								},
								{
									"name": "bead9",
									"from": [ 2.45, -0.05, -0.05 ],
									"to": [ 2.65, 0.15, 0.15 ],
									"uv": [ 0.0, 1.5 ],
									"rotationOrigin": [ 2.55, 0.05, 0.05 ],
									"rotationX": 11.0,
									"rotationY": 30.0,
									"rotationZ": 14.0,
									"faces": {
										"north": { "texture": "#coral", "uv": [ 0.0, 2.0, 0.5, 2.5 ] },
										"east": { "texture": "#coral", "uv": [ 0.5, 2.0, 1.0, 2.5 ] },
										"south": { "texture": "#coral", "uv": [ 1.0, 2.0, 1.5, 2.5 ] },
										"west": { "texture": "#coral", "uv": [ 1.5, 2.0, 2.0, 2.5 ] },
										"up": { "texture": "#coral", "uv": [ 0.0, 1.5, 0.5, 2.0 ] },
										"down": { "texture": "#coral", "uv": [ 0.5, 1.5, 1.0, 2.0 ] }
									}
								}
							]
						},
						{
							"name": "bead15",
							"from": [ -0.05, -0.05, 0.15 ],
							"to": [ 0.15, 0.15, 0.35 ],
							"uv": [ 1.0, 1.0 ],
							"rotationOrigin": [ 0.05, 0.05, 0.25 ],
							"rotationY": 11.0,
							"faces": {
								"north": { "texture": "#coral", "uv": [ 1.0, 1.5, 1.5, 2.0 ] },
								"east": { "texture": "#coral", "uv": [ 1.5, 1.5, 2.0, 2.0 ] },
								"south": { "texture": "#coral", "uv": [ 2.0, 1.5, 2.5, 2.0 ] },
								"west": { "texture": "#coral", "uv": [ 2.5, 1.5, 3.0, 2.0 ] },
								"up": { "texture": "#coral", "uv": [ 1.0, 1.0, 1.5, 1.5 ] },
								"down": { "texture": "#coral", "uv": [ 1.5, 1.0, 2.0, 1.5 ] }
							}
						},
						{
							"name": "bead16",
							"from": [ -0.05, -0.05, 0.45 ],
							"to": [ 0.15, 0.15, 0.65 ],
							"uv": [ 0.5, 0.5 ],
							"rotationOrigin": [ 0.05, 0.05, 0.55 ],
							"rotationY": -25.0,
							"faces": {
								"north": { "texture": "#coral", "uv": [ 0.5, 1.0, 1.0, 1.5 ] },
								"east": { "texture": "#coral", "uv": [ 1.0, 1.0, 1.5, 1.5 ] },
								"south": { "texture": "#coral", "uv": [ 1.5, 1.0, 2.0, 1.5 ] },
								"west": { "texture": "#coral", "uv": [ 2.0, 1.0, 2.5, 1.5 ] },
								"up": { "texture": "#coral", "uv": [ 0.5, 0.5, 1.0, 1.0 ] },
								"down": { "texture": "#coral", "uv": [ 1.0, 0.5, 1.5, 1.0 ] }
							}
						},
						{
							"name": "bead17",
							"from": [ -0.05, -0.05, 0.75 ],
							"to": [ 0.15, 0.15, 0.95 ],
							"uv": [ 1.5, 0.0 ],
							"rotationOrigin": [ 0.05, 0.05, 0.85 ],
							"rotationY": -3.0,
							"rotationZ": 36.0,
							"faces": {
								"north": { "texture": "#coral", "uv": [ 1.5, 0.5, 2.0, 1.0 ] },
								"east": { "texture": "#coral", "uv": [ 2.0, 0.5, 2.5, 1.0 ] },
								"south": { "texture": "#coral", "uv": [ 2.5, 0.5, 3.0, 1.0 ] },
								"west": { "texture": "#coral", "uv": [ 3.0, 0.5, 3.5, 1.0 ] },
								"up": { "texture": "#coral", "uv": [ 1.5, 0.0, 2.0, 0.5 ] },
								"down": { "texture": "#coral", "uv": [ 2.0, 0.0, 2.5, 0.5 ] }
							}
						},
						{
							"name": "bead18",
							"from": [ -0.05, -0.05, 1.05 ],
							"to": [ 0.15, 0.15, 1.25 ],
							"uv": [ 1.0, 0.0 ],
							"rotationOrigin": [ 0.05, 0.05, 1.15 ],
							"rotationX": -33.0,
							"rotationY": -3.0,
							"rotationZ": 36.0,
							"faces": {
								"north": { "texture": "#coral", "uv": [ 1.0, 0.5, 1.5, 1.0 ] },
								"east": { "texture": "#coral", "uv": [ 1.5, 0.5, 2.0, 1.0 ] },
								"south": { "texture": "#coral", "uv": [ 2.0, 0.5, 2.5, 1.0 ] },
								"west": { "texture": "#coral", "uv": [ 2.5, 0.5, 3.0, 1.0 ] },
								"up": { "texture": "#coral", "uv": [ 1.0, 0.0, 1.5, 0.5 ] },
								"down": { "texture": "#coral", "uv": [ 1.5, 0.0, 2.0, 0.5 ] }
							}
						},
						{
							"name": "bead19",
							"from": [ -0.05, -0.05, 1.35 ],
							"to": [ 0.15, 0.15, 1.55 ],
							"uv": [ 1.0, 3.0 ],
							"rotationOrigin": [ 0.05, 0.05, 1.45 ],
							"rotationX": -6.0,
							"rotationY": 11.0,
							"rotationZ": -8.0,
							"faces": {
								"north": { "texture": "#coral", "uv": [ 1.0, 3.5, 1.5, 4.0 ] },
								"east": { "texture": "#coral", "uv": [ 1.5, 3.5, 2.0, 4.0 ] },
								"south": { "texture": "#coral", "uv": [ 2.0, 3.5, 2.5, 4.0 ] },
								"west": { "texture": "#coral", "uv": [ 2.5, 3.5, 3.0, 4.0 ] },
								"up": { "texture": "#coral", "uv": [ 1.0, 3.0, 1.5, 3.5 ] },
								"down": { "texture": "#coral", "uv": [ 1.5, 3.0, 2.0, 3.5 ] }
							}
						},
						{
							"name": "bead20",
							"from": [ -0.05, -0.05, 1.65 ],
							"to": [ 0.15, 0.15, 1.85 ],
							"uv": [ 2.0, 2.5 ],
							"rotationOrigin": [ 0.05, 0.05, 1.75 ],
							"rotationX": -42.0,
							"rotationY": -22.0,
							"rotationZ": -8.0,
							"faces": {
								"north": { "texture": "#coral", "uv": [ 2.0, 3.0, 2.5, 3.5 ] },
								"east": { "texture": "#coral", "uv": [ 2.5, 3.0, 3.0, 3.5 ] },
								"south": { "texture": "#coral", "uv": [ 3.0, 3.0, 3.5, 3.5 ] },
								"west": { "texture": "#coral", "uv": [ 3.5, 3.0, 4.0, 3.5 ] },
								"up": { "texture": "#coral", "uv": [ 2.0, 2.5, 2.5, 3.0 ] },
								"down": { "texture": "#coral", "uv": [ 2.5, 2.5, 3.0, 3.0 ] }
							}
						},
						{
							"name": "bead21",
							"from": [ -0.05, -0.05, 1.95 ],
							"to": [ 0.15, 0.15, 2.15 ],
							"uv": [ 2.0, 1.5 ],
							"rotationOrigin": [ 0.05, 0.05, 2.05 ],
							"rotationX": 17.0,
							"rotationY": -25.0,
							"rotationZ": -28.0,
							"faces": {
								"north": { "texture": "#coral", "uv": [ 2.0, 2.0, 2.5, 2.5 ] },
								"east": { "texture": "#coral", "uv": [ 2.5, 2.0, 3.0, 2.5 ] },
								"south": { "texture": "#coral", "uv": [ 3.0, 2.0, 3.5, 2.5 ] },
								"west": { "texture": "#coral", "uv": [ 3.5, 2.0, 4.0, 2.5 ] },
								"up": { "texture": "#coral", "uv": [ 2.0, 1.5, 2.5, 2.0 ] },
								"down": { "texture": "#coral", "uv": [ 2.5, 1.5, 3.0, 2.0 ] }
							}
						},
						{
							"name": "bead22",
							"from": [ -0.05, -0.05, -0.15 ],
							"to": [ 0.15, 0.15, 0.05 ],
							"uv": [ 1.5, 1.0 ],
							"rotationOrigin": [ 0.05, 0.05, -0.05 ],
							"rotationX": 11.0,
							"rotationY": -25.0,
							"faces": {
								"north": { "texture": "#coral", "uv": [ 1.5, 1.5, 2.0, 2.0 ] },
								"east": { "texture": "#coral", "uv": [ 2.0, 1.5, 2.5, 2.0 ] },
								"south": { "texture": "#coral", "uv": [ 2.5, 1.5, 3.0, 2.0 ] },
								"west": { "texture": "#coral", "uv": [ 3.0, 1.5, 3.5, 2.0 ] },
								"up": { "texture": "#coral", "uv": [ 1.5, 1.0, 2.0, 1.5 ] },
								"down": { "texture": "#coral", "uv": [ 2.0, 1.0, 2.5, 1.5 ] }
							}
						},
						{
							"name": "bead23",
							"from": [ 0.25, -0.05, -0.15 ],
							"to": [ 0.45, 0.15, 0.05 ],
							"uv": [ 1.0, 1.5 ],
							"rotationOrigin": [ 0.35, 0.05, -0.05 ],
							"rotationX": 11.0,
							"rotationY": 14.0,
							"faces": {
								"north": { "texture": "#coral", "uv": [ 1.0, 2.0, 1.5, 2.5 ] },
								"east": { "texture": "#coral", "uv": [ 1.5, 2.0, 2.0, 2.5 ] },
								"south": { "texture": "#coral", "uv": [ 2.0, 2.0, 2.5, 2.5 ] },
								"west": { "texture": "#coral", "uv": [ 2.5, 2.0, 3.0, 2.5 ] },
								"up": { "texture": "#coral", "uv": [ 1.0, 1.5, 1.5, 2.0 ] },
								"down": { "texture": "#coral", "uv": [ 1.5, 1.5, 2.0, 2.0 ] }
							}
						},
						{
							"name": "bead24",
							"from": [ 0.55, -0.05, -0.15 ],
							"to": [ 0.75, 0.15, 0.05 ],
							"uv": [ 0.0, 0.0 ],
							"rotationOrigin": [ 0.65, 0.05, -0.05 ],
							"rotationX": 30.0,
							"rotationY": 14.0,
							"rotationZ": -6.0,
							"faces": {
								"north": { "texture": "#coral", "uv": [ 0.0, 0.5, 0.5, 1.0 ] },
								"east": { "texture": "#coral", "uv": [ 0.5, 0.5, 1.0, 1.0 ] },
								"south": { "texture": "#coral", "uv": [ 1.0, 0.5, 1.5, 1.0 ] },
								"west": { "texture": "#coral", "uv": [ 1.5, 0.5, 2.0, 1.0 ] },
								"up": { "texture": "#coral", "uv": [ 0.0, 0.0, 0.5, 0.5 ] },
								"down": { "texture": "#coral", "uv": [ 0.5, 0.0, 1.0, 0.5 ] }
							}
						},
						{
							"name": "bead25",
							"from": [ 0.85, -0.05, -0.15 ],
							"to": [ 1.05, 0.15, 0.05 ],
							"uv": [ 0.0, 0.0 ],
							"rotationOrigin": [ 0.95, 0.05, -0.05 ],
							"rotationX": -6.0,
							"rotationY": 14.0,
							"rotationZ": -6.0,
							"faces": {
								"north": { "texture": "#coral", "uv": [ 0.0, 0.5, 0.5, 1.0 ] },
								"east": { "texture": "#coral", "uv": [ 0.5, 0.5, 1.0, 1.0 ] },
								"south": { "texture": "#coral", "uv": [ 1.0, 0.5, 1.5, 1.0 ] },
								"west": { "texture": "#coral", "uv": [ 1.5, 0.5, 2.0, 1.0 ] },
								"up": { "texture": "#coral", "uv": [ 0.0, 0.0, 0.5, 0.5 ] },
								"down": { "texture": "#coral", "uv": [ 0.5, 0.0, 1.0, 0.5 ] }
							}
						},
						{
							"name": "bead26",
							"from": [ 1.15, -0.05, -0.15 ],
							"to": [ 1.35, 0.15, 0.05 ],
							"uv": [ 0.0, 0.0 ],
							"rotationOrigin": [ 1.25, 0.05, -0.05 ],
							"rotationX": -6.0,
							"rotationY": -19.0,
							"rotationZ": 28.0,
							"faces": {
								"north": { "texture": "#coral", "uv": [ 0.0, 0.5, 0.5, 1.0 ] },
								"east": { "texture": "#coral", "uv": [ 0.5, 0.5, 1.0, 1.0 ] },
								"south": { "texture": "#coral", "uv": [ 1.0, 0.5, 1.5, 1.0 ] },
								"west": { "texture": "#coral", "uv": [ 1.5, 0.5, 2.0, 1.0 ] },
								"up": { "texture": "#coral", "uv": [ 0.0, 0.0, 0.5, 0.5 ] },
								"down": { "texture": "#coral", "uv": [ 0.5, 0.0, 1.0, 0.5 ] }
							}
						},
						{
							"name": "bead27",
							"from": [ 1.45, -0.05, -0.15 ],
							"to": [ 1.65, 0.15, 0.05 ],
							"uv": [ 0.0, 0.0 ],
							"rotationOrigin": [ 1.55, 0.05, -0.05 ],
							"rotationX": -6.0,
							"rotationY": 8.0,
							"rotationZ": 28.0,
							"faces": {
								"north": { "texture": "#coral", "uv": [ 0.0, 0.5, 0.5, 1.0 ] },
								"east": { "texture": "#coral", "uv": [ 0.5, 0.5, 1.0, 1.0 ] },
								"south": { "texture": "#coral", "uv": [ 1.0, 0.5, 1.5, 1.0 ] },
								"west": { "texture": "#coral", "uv": [ 1.5, 0.5, 2.0, 1.0 ] },
								"up": { "texture": "#coral", "uv": [ 0.0, 0.0, 0.5, 0.5 ] },
								"down": { "texture": "#coral", "uv": [ 0.5, 0.0, 1.0, 0.5 ] }
							}
						},
						{
							"name": "bead28",
							"from": [ 1.75, -0.05, -0.15 ],
							"to": [ 1.95, 0.15, 0.05 ],
							"uv": [ 0.0, 0.0 ],
							"rotationOrigin": [ 1.85, 0.05, -0.05 ],
							"rotationX": -6.0,
							"rotationY": 8.0,
							"rotationZ": 3.0,
							"faces": {
								"north": { "texture": "#coral", "uv": [ 0.0, 0.5, 0.5, 1.0 ] },
								"east": { "texture": "#coral", "uv": [ 0.5, 0.5, 1.0, 1.0 ] },
								"south": { "texture": "#coral", "uv": [ 1.0, 0.5, 1.5, 1.0 ] },
								"west": { "texture": "#coral", "uv": [ 1.5, 0.5, 2.0, 1.0 ] },
								"up": { "texture": "#coral", "uv": [ 0.0, 0.0, 0.5, 0.5 ] },
								"down": { "texture": "#coral", "uv": [ 0.5, 0.0, 1.0, 0.5 ] }
							}
						},
						{
							"name": "bead29",
							"from": [ 2.05, -0.05, -0.15 ],
							"to": [ 2.25, 0.15, 0.05 ],
							"uv": [ 0.0, 0.0 ],
							"rotationOrigin": [ 2.15, 0.05, -0.05 ],
							"rotationX": -6.0,
							"rotationY": 25.0,
							"rotationZ": 3.0,
							"faces": {
								"north": { "texture": "#coral", "uv": [ 0.0, 0.5, 0.5, 1.0 ] },
								"east": { "texture": "#coral", "uv": [ 0.5, 0.5, 1.0, 1.0 ] },
								"south": { "texture": "#coral", "uv": [ 1.0, 0.5, 1.5, 1.0 ] },
								"west": { "texture": "#coral", "uv": [ 1.5, 0.5, 2.0, 1.0 ] },
								"up": { "texture": "#coral", "uv": [ 0.0, 0.0, 0.5, 0.5 ] },
								"down": { "texture": "#coral", "uv": [ 0.5, 0.0, 1.0, 0.5 ] }
							}
						},
						{
							"name": "bead30",
							"from": [ 2.35, -0.05, -0.15 ],
							"to": [ 2.55, 0.15, 0.05 ],
							"uv": [ 0.0, 1.5 ],
							"rotationOrigin": [ 2.45, 0.05, -0.05 ],
							"rotationX": -6.0,
							"rotationY": 25.0,
							"rotationZ": 3.0,
							"faces": {
								"north": { "texture": "#coral", "uv": [ 0.0, 2.0, 0.5, 2.5 ] },
								"east": { "texture": "#coral", "uv": [ 0.5, 2.0, 1.0, 2.5 ] },
								"south": { "texture": "#coral", "uv": [ 1.0, 2.0, 1.5, 2.5 ] },
								"west": { "texture": "#coral", "uv": [ 1.5, 2.0, 2.0, 2.5 ] },
								"up": { "texture": "#coral", "uv": [ 0.0, 1.5, 0.5, 2.0 ] },
								"down": { "texture": "#coral", "uv": [ 0.5, 1.5, 1.0, 2.0 ] }
							}
						}
					]
				}
			]
		}
	]}