{
    "editor": {
        "backDropShape": "entity/humanoid/kobold",
        "allAngles": true,
        "entityTextureMode": false
    },
    "textureWidth": 16,
    "textureHeight": 16,
    "textureSizes": {
        "bracelets2": [
            16,
            16
        ]
    },
    "textures": {
        "bracelets2": "entity/humanoid/seraphclothes/arm/bracelets2"
    },
    "elements": [
        {
            "name": "hidelowerarm",
            "stepParentName": "LowerArmR",
            "from": [
                -7.3,
                -10.6,
                -2.8
            ],
            "to": [
                -6.3,
                -9.6,
                -1.8
            ],
            "rotationOrigin": [
                -7.3,
                2.6,
                -3.8
            ],
            "faces": {
                "north": {
                    "texture": "#null",
                    "uv": [
                        0,
                        0,
                        1,
                        1
                    ],
                    "enabled": false
                },
                "east": {
                    "texture": "#null",
                    "uv": [
                        0,
                        0,
                        1,
                        1
                    ],
                    "enabled": false
                },
                "south": {
                    "texture": "#null",
                    "uv": [
                        0,
                        0,
                        1,
                        1
                    ],
                    "enabled": false
                },
                "west": {
                    "texture": "#null",
                    "uv": [
                        0,
                        0,
                        1,
                        1
                    ],
                    "enabled": false
                },
                "up": {
                    "texture": "#null",
                    "uv": [
                        0,
                        0,
                        1,
                        1
                    ],
                    "enabled": false
                },
                "down": {
                    "texture": "#null",
                    "uv": [
                        0,
                        0,
                        1,
                        1
                    ],
                    "enabled": false
                }
            },
            "children": [
                {
                    "name": "origin11",
                    "from": [
                        8,
                        13.2,
                        4
                    ],
                    "to": [
                        8,
                        13.2,
                        4
                    ],
                    "rotationOrigin": [
                        8,
                        13.2,
                        4
                    ],
                    "rotationX": 2,
                    "faces": {
                        "north": {
                            "texture": "#bracelets2",
                            "uv": [
                                0,
                                0,
                                0.5,
                                0.5
                            ],
                            "enabled": false
                        },
                        "east": {
                            "texture": "#bracelets2",
                            "uv": [
                                0,
                                0,
                                0.5,
                                0.5
                            ],
                            "enabled": false
                        },
                        "south": {
                            "texture": "#bracelets2",
                            "uv": [
                                0,
                                0,
                                0.5,
                                0.5
                            ],
                            "enabled": false
                        },
                        "west": {
                            "texture": "#bracelets2",
                            "uv": [
                                0,
                                0,
                                0.5,
                                0.5
                            ],
                            "enabled": false
                        },
                        "up": {
                            "texture": "#bracelets2",
                            "uv": [
                                0,
                                0,
                                0.5,
                                0.5
                            ],
                            "enabled": false
                        },
                        "down": {
                            "texture": "#bracelets2",
                            "uv": [
                                0,
                                0,
                                0.5,
                                0.5
                            ],
                            "enabled": false
                        }
                    },
                    "children": [
                        {
                            "name": "Cube15",
                            "from": [
                                0.5,
                                -1.1,
                                -1.4
                            ],
                            "to": [
                                1,
                                0.6,
                                -0.9
                            ],
                            "rotationOrigin": [
                                0.5,
                                -1.1,
                                -1.3
                            ],
                            "rotationX": -2,
                            "rotationZ": -2,
                            "faces": {
                                "north": {
                                    "texture": "#bracelets2",
                                    "uv": [
                                        14.5,
                                        1.5,
                                        15,
                                        3
                                    ]
                                },
                                "east": {
                                    "texture": "#bracelets2",
                                    "uv": [
                                        13,
                                        0.5,
                                        13.5,
                                        2
                                    ]
                                },
                                "south": {
                                    "texture": "#bracelets2",
                                    "uv": [
                                        14,
                                        2.5,
                                        14.5,
                                        4
                                    ]
                                },
                                "west": {
                                    "texture": "#bracelets2",
                                    "uv": [
                                        13,
                                        0.5,
                                        13.5,
                                        2
                                    ]
                                },
                                "up": {
                                    "texture": "#bracelets2",
                                    "uv": [
                                        13,
                                        0.5,
                                        13.5,
                                        1
                                    ]
                                },
                                "down": {
                                    "texture": "#bracelets2",
                                    "uv": [
                                        13,
                                        2,
                                        13.5,
                                        2.5
                                    ]
                                }
                            }
                        },
                        {
                            "name": "Cube16",
                            "from": [
                                -0.5,
                                -1.1,
                                -1.4
                            ],
                            "to": [
                                0,
                                0.6,
                                -0.9
                            ],
                            "rotationOrigin": [
                                0,
                                -1.1,
                                -1.3
                            ],
                            "rotationX": -2,
                            "rotationZ": -2,
                            "faces": {
                                "north": {
                                    "texture": "#bracelets2",
                                    "uv": [
                                        14.5,
                                        2,
                                        15,
                                        3.5
                                    ]
                                },
                                "east": {
                                    "texture": "#bracelets2",
                                    "uv": [
                                        13,
                                        0.5,
                                        13.5,
                                        2
                                    ]
                                },
                                "south": {
                                    "texture": "#bracelets2",
                                    "uv": [
                                        14,
                                        2.5,
                                        14.5,
                                        4
                                    ]
                                },
                                "west": {
                                    "texture": "#bracelets2",
                                    "uv": [
                                        13,
                                        0.5,
                                        13.5,
                                        2
                                    ]
                                },
                                "up": {
                                    "texture": "#bracelets2",
                                    "uv": [
                                        13,
                                        0.5,
                                        13.5,
                                        1
                                    ]
                                },
                                "down": {
                                    "texture": "#bracelets2",
                                    "uv": [
                                        13,
                                        2,
                                        13.5,
                                        2.5
                                    ]
                                }
                            }
                        },
                        {
                            "name": "big gem",
                            "from": [
                                -0.2,
                                -0.8,
                                -1.5
                            ],
                            "to": [
                                0.8,
                                0.2,
                                -1.2
                            ],
                            "rotationOrigin": [
                                0.8,
                                0.2,
                                -1.4
                            ],
                            "rotationX": -2,
                            "rotationZ": -2,
                            "faces": {
                                "north": {
                                    "texture": "#bracelets2",
                                    "uv": [
                                        14,
                                        0,
                                        15,
                                        1
                                    ]
                                },
                                "east": {
                                    "texture": "#bracelets2",
                                    "uv": [
                                        14,
                                        0,
                                        14.5,
                                        1
                                    ]
                                },
                                "south": {
                                    "texture": "#bracelets2",
                                    "uv": [
                                        14,
                                        0,
                                        15,
                                        1
                                    ]
                                },
                                "west": {
                                    "texture": "#bracelets2",
                                    "uv": [
                                        14,
                                        0,
                                        14.5,
                                        1
                                    ]
                                },
                                "up": {
                                    "texture": "#bracelets2",
                                    "uv": [
                                        14,
                                        0,
                                        15,
                                        0.5
                                    ]
                                },
                                "down": {
                                    "texture": "#bracelets2",
                                    "uv": [
                                        14,
                                        0.5,
                                        15,
                                        1
                                    ]
                                }
                            }
                        },
                        {
                            "name": "Cube18",
                            "from": [
                                -1,
                                -1.1,
                                -1
                            ],
                            "to": [
                                -0.5,
                                0.6,
                                -0.5
                            ],
                            "rotationOrigin": [
                                -0.5,
                                -1.1,
                                -0.9
                            ],
                            "rotationZ": -2,
                            "faces": {
                                "north": {
                                    "texture": "#bracelets2",
                                    "uv": [
                                        13,
                                        0.5,
                                        13.5,
                                        2
                                    ]
                                },
                                "east": {
                                    "texture": "#bracelets2",
                                    "uv": [
                                        14,
                                        2.5,
                                        14.5,
                                        4
                                    ]
                                },
                                "south": {
                                    "texture": "#bracelets2",
                                    "uv": [
                                        13,
                                        0.5,
                                        13.5,
                                        2
                                    ]
                                },
                                "west": {
                                    "texture": "#bracelets2",
                                    "uv": [
                                        7,
                                        0,
                                        7.5,
                                        1.5
                                    ]
                                },
                                "up": {
                                    "texture": "#bracelets2",
                                    "uv": [
                                        13,
                                        0.5,
                                        13.5,
                                        1
                                    ]
                                },
                                "down": {
                                    "texture": "#bracelets2",
                                    "uv": [
                                        13,
                                        2,
                                        13.5,
                                        2.5
                                    ]
                                }
                            }
                        },
                        {
                            "name": "small gem 1",
                            "from": [
                                -1,
                                0.1,
                                -0.8
                            ],
                            "to": [
                                -0.5,
                                0.6,
                                -0.3
                            ],
                            "rotationOrigin": [
                                -0.5,
                                0.6,
                                -0.8
                            ],
                            "rotationX": 45,
                            "faces": {
                                "north": {
                                    "texture": "#bracelets2",
                                    "uv": [
                                        14,
                                        0,
                                        14.5,
                                        0.5
                                    ]
                                },
                                "east": {
                                    "texture": "#bracelets2",
                                    "uv": [
                                        14,
                                        0,
                                        14.5,
                                        0.5
                                    ]
                                },
                                "south": {
                                    "texture": "#bracelets2",
                                    "uv": [
                                        14,
                                        0.5,
                                        14.5,
                                        1
                                    ]
                                },
                                "west": {
                                    "texture": "#bracelets2",
                                    "uv": [
                                        14,
                                        0,
                                        14.5,
                                        0.5
                                    ]
                                },
                                "up": {
                                    "texture": "#bracelets2",
                                    "uv": [
                                        14.5,
                                        0,
                                        15,
                                        0.5
                                    ]
                                },
                                "down": {
                                    "texture": "#bracelets2",
                                    "uv": [
                                        14,
                                        0.5,
                                        14.5,
                                        1
                                    ]
                                }
                            }
                        },
                        {
                            "name": "small gem 2",
                            "from": [
                                -1,
                                -0.9,
                                -0.8
                            ],
                            "to": [
                                -0.5,
                                -0.4,
                                -0.3
                            ],
                            "rotationOrigin": [
                                -0.5,
                                -0.4,
                                -0.8
                            ],
                            "rotationX": 45,
                            "faces": {
                                "north": {
                                    "texture": "#bracelets2",
                                    "uv": [
                                        14.5,
                                        0.5,
                                        15,
                                        1
                                    ]
                                },
                                "east": {
                                    "texture": "#bracelets2",
                                    "uv": [
                                        14.5,
                                        0.5,
                                        15,
                                        1
                                    ]
                                },
                                "south": {
                                    "texture": "#bracelets2",
                                    "uv": [
                                        14,
                                        0,
                                        14.5,
                                        0.5
                                    ]
                                },
                                "west": {
                                    "texture": "#bracelets2",
                                    "uv": [
                                        14.5,
                                        0.5,
                                        15,
                                        1
                                    ]
                                },
                                "up": {
                                    "texture": "#bracelets2",
                                    "uv": [
                                        14.5,
                                        0,
                                        15,
                                        0.5
                                    ]
                                },
                                "down": {
                                    "texture": "#bracelets2",
                                    "uv": [
                                        14,
                                        0.5,
                                        14.5,
                                        1
                                    ]
                                }
                            }
                        }
                    ]
                },
                {
                    "name": "origin6",
                    "from": [
                        8.3,
                        13.2,
                        4
                    ],
                    "to": [
                        8.3,
                        13.2,
                        4
                    ],
                    "rotationOrigin": [
                        8.3,
                        13.2,
                        4
                    ],
                    "rotationX": 2,
                    "rotationZ": -2,
                    "faces": {
                        "north": {
                            "texture": "#bracelets2",
                            "uv": [
                                0,
                                0,
                                0.5,
                                0.5
                            ],
                            "enabled": false
                        },
                        "east": {
                            "texture": "#bracelets2",
                            "uv": [
                                0,
                                0,
                                0.5,
                                0.5
                            ],
                            "enabled": false
                        },
                        "south": {
                            "texture": "#bracelets2",
                            "uv": [
                                0,
                                0,
                                0.5,
                                0.5
                            ],
                            "enabled": false
                        },
                        "west": {
                            "texture": "#bracelets2",
                            "uv": [
                                0,
                                0,
                                0.5,
                                0.5
                            ],
                            "enabled": false
                        },
                        "up": {
                            "texture": "#bracelets2",
                            "uv": [
                                0,
                                0,
                                0.5,
                                0.5
                            ],
                            "enabled": false
                        },
                        "down": {
                            "texture": "#bracelets2",
                            "uv": [
                                0,
                                0,
                                0.5,
                                0.5
                            ],
                            "enabled": false
                        }
                    },
                    "children": [
                        {
                            "name": "Cube7",
                            "from": [
                                -1.1,
                                0,
                                -1.4
                            ],
                            "to": [
                                1.4,
                                0.5,
                                -0.9
                            ],
                            "rotationOrigin": [
                                -1.1,
                                0,
                                -0.9
                            ],
                            "rotationY": 0.1,
                            "rotationZ": 0.1,
                            "faces": {
                                "north": {
                                    "texture": "#bracelets2",
                                    "uv": [
                                        2,
                                        2.5,
                                        4.5,
                                        3
                                    ]
                                },
                                "east": {
                                    "texture": "#bracelets2",
                                    "uv": [
                                        1,
                                        0.5,
                                        1.5,
                                        1
                                    ]
                                },
                                "south": {
                                    "texture": "#bracelets2",
                                    "uv": [
                                        6,
                                        1.5,
                                        8.5,
                                        2
                                    ]
                                },
                                "west": {
                                    "texture": "#bracelets2",
                                    "uv": [
                                        9.5,
                                        1,
                                        10,
                                        1.5
                                    ]
                                },
                                "up": {
                                    "texture": "#bracelets2",
                                    "uv": [
                                        6.5,
                                        0.5,
                                        9,
                                        1
                                    ]
                                },
                                "down": {
                                    "texture": "#bracelets2",
                                    "uv": [
                                        8,
                                        0.5,
                                        10.5,
                                        1
                                    ]
                                }
                            }
                        },
                        {
                            "name": "Cube8",
                            "from": [
                                -1,
                                0,
                                0.8
                            ],
                            "to": [
                                1.5,
                                0.5,
                                1.3
                            ],
                            "rotationOrigin": [
                                -1,
                                0,
                                0.8
                            ],
                            "faces": {
                                "north": {
                                    "texture": "#bracelets2",
                                    "uv": [
                                        6.5,
                                        1.5,
                                        9,
                                        2
                                    ]
                                },
                                "east": {
                                    "texture": "#bracelets2",
                                    "uv": [
                                        10.5,
                                        1,
                                        11,
                                        1.5
                                    ]
                                },
                                "south": {
                                    "texture": "#bracelets2",
                                    "uv": [
                                        4,
                                        0,
                                        6.5,
                                        0.5
                                    ]
                                },
                                "west": {
                                    "texture": "#bracelets2",
                                    "uv": [
                                        9,
                                        0,
                                        9.5,
                                        0.5
                                    ]
                                },
                                "up": {
                                    "texture": "#bracelets2",
                                    "uv": [
                                        4.5,
                                        0.5,
                                        7,
                                        1
                                    ]
                                },
                                "down": {
                                    "texture": "#bracelets2",
                                    "uv": [
                                        6.5,
                                        0,
                                        9,
                                        0.5
                                    ]
                                }
                            }
                        },
                        {
                            "name": "Cube9",
                            "from": [
                                -1.2,
                                0,
                                -1.3
                            ],
                            "to": [
                                -0.7,
                                0.5,
                                1.2
                            ],
                            "rotationOrigin": [
                                -1.2,
                                0,
                                -1.3
                            ],
                            "faces": {
                                "north": {
                                    "texture": "#bracelets2",
                                    "uv": [
                                        9,
                                        0.5,
                                        9.5,
                                        1
                                    ]
                                },
                                "east": {
                                    "texture": "#bracelets2",
                                    "uv": [
                                        6,
                                        1.5,
                                        8.5,
                                        2
                                    ]
                                },
                                "south": {
                                    "texture": "#bracelets2",
                                    "uv": [
                                        6.5,
                                        1,
                                        7,
                                        1.5
                                    ]
                                },
                                "west": {
                                    "texture": "#bracelets2",
                                    "uv": [
                                        7.5,
                                        0.5,
                                        10,
                                        1
                                    ]
                                },
                                "up": {
                                    "texture": "#bracelets2",
                                    "uv": [
                                        3.5,
                                        1,
                                        6,
                                        1.5
                                    ],
                                    "rotation": 90
                                },
                                "down": {
                                    "texture": "#bracelets2",
                                    "uv": [
                                        7,
                                        1,
                                        9.5,
                                        1.5
                                    ],
                                    "rotation": 90
                                }
                            }
                        },
                        {
                            "name": "Cube10",
                            "from": [
                                1.1,
                                0,
                                -1.4
                            ],
                            "to": [
                                1.6,
                                0.5,
                                1.1
                            ],
                            "rotationOrigin": [
                                1.1,
                                0,
                                -1.4
                            ],
                            "rotationZ": 0.1,
                            "faces": {
                                "north": {
                                    "texture": "#bracelets2",
                                    "uv": [
                                        5,
                                        0.5,
                                        5.5,
                                        1
                                    ]
                                },
                                "east": {
                                    "texture": "#bracelets2",
                                    "uv": [
                                        6.5,
                                        3,
                                        9,
                                        3.5
                                    ]
                                },
                                "south": {
                                    "texture": "#bracelets2",
                                    "uv": [
                                        7.5,
                                        1,
                                        8,
                                        1.5
                                    ]
                                },
                                "west": {
                                    "texture": "#bracelets2",
                                    "uv": [
                                        5,
                                        1.5,
                                        7.5,
                                        2
                                    ]
                                },
                                "up": {
                                    "texture": "#bracelets2",
                                    "uv": [
                                        3.5,
                                        1,
                                        6,
                                        1.5
                                    ],
                                    "rotation": 90
                                },
                                "down": {
                                    "texture": "#bracelets2",
                                    "uv": [
                                        7.5,
                                        0.5,
                                        10,
                                        1
                                    ],
                                    "rotation": 90
                                }
                            }
                        }
                    ]
                },
                {
                    "name": "origin",
                    "from": [
                        8.3,
                        12.2,
                        4
                    ],
                    "to": [
                        8.3,
                        12.2,
                        4
                    ],
                    "rotationOrigin": [
                        8.3,
                        12.2,
                        4
                    ],
                    "rotationX": 2,
                    "rotationZ": -2,
                    "faces": {
                        "north": {
                            "texture": "#bracelets2",
                            "uv": [
                                0,
                                0,
                                0.5,
                                0.5
                            ],
                            "enabled": false
                        },
                        "east": {
                            "texture": "#bracelets2",
                            "uv": [
                                0,
                                0,
                                0.5,
                                0.5
                            ],
                            "enabled": false
                        },
                        "south": {
                            "texture": "#bracelets2",
                            "uv": [
                                0,
                                0,
                                0.5,
                                0.5
                            ],
                            "enabled": false
                        },
                        "west": {
                            "texture": "#bracelets2",
                            "uv": [
                                0,
                                0,
                                0.5,
                                0.5
                            ],
                            "enabled": false
                        },
                        "up": {
                            "texture": "#bracelets2",
                            "uv": [
                                0,
                                0,
                                0.5,
                                0.5
                            ],
                            "enabled": false
                        },
                        "down": {
                            "texture": "#bracelets2",
                            "uv": [
                                0,
                                0,
                                0.5,
                                0.5
                            ],
                            "enabled": false
                        }
                    },
                    "children": [
                        {
                            "name": "Cube19",
                            "from": [
                                -1.1,
                                0,
                                -1.4
                            ],
                            "to": [
                                1.4,
                                0.5,
                                -0.9
                            ],
                            "rotationOrigin": [
                                -1.1,
                                0,
                                -0.9
                            ],
                            "rotationY": 0.1,
                            "rotationZ": 0.1,
                            "faces": {
                                "north": {
                                    "texture": "#bracelets2",
                                    "uv": [
                                        4.5,
                                        2.5,
                                        7,
                                        3
                                    ]
                                },
                                "east": {
                                    "texture": "#bracelets2",
                                    "uv": [
                                        0.5,
                                        2.5,
                                        1,
                                        3
                                    ]
                                },
                                "south": {
                                    "texture": "#bracelets2",
                                    "uv": [
                                        7,
                                        3.5,
                                        9.5,
                                        4
                                    ]
                                },
                                "west": {
                                    "texture": "#bracelets2",
                                    "uv": [
                                        10,
                                        2,
                                        10.5,
                                        2.5
                                    ]
                                },
                                "up": {
                                    "texture": "#bracelets2",
                                    "uv": [
                                        7.5,
                                        2.5,
                                        10,
                                        3
                                    ]
                                },
                                "down": {
                                    "texture": "#bracelets2",
                                    "uv": [
                                        9,
                                        2.5,
                                        11.5,
                                        3
                                    ]
                                }
                            }
                        },
                        {
                            "name": "Cube3",
                            "from": [
                                -1,
                                0,
                                0.8
                            ],
                            "to": [
                                1.5,
                                0.5,
                                1.3
                            ],
                            "rotationOrigin": [
                                -1,
                                0,
                                0.8
                            ],
                            "rotationZ": 0.1,
                            "faces": {
                                "north": {
                                    "texture": "#bracelets2",
                                    "uv": [
                                        5.5,
                                        1.5,
                                        8,
                                        2
                                    ]
                                },
                                "east": {
                                    "texture": "#bracelets2",
                                    "uv": [
                                        8.5,
                                        2.5,
                                        9,
                                        3
                                    ]
                                },
                                "south": {
                                    "texture": "#bracelets2",
                                    "uv": [
                                        4,
                                        3,
                                        6.5,
                                        3.5
                                    ]
                                },
                                "west": {
                                    "texture": "#bracelets2",
                                    "uv": [
                                        8.5,
                                        2,
                                        9,
                                        2.5
                                    ]
                                },
                                "up": {
                                    "texture": "#bracelets2",
                                    "uv": [
                                        6,
                                        2,
                                        8.5,
                                        2.5
                                    ]
                                },
                                "down": {
                                    "texture": "#bracelets2",
                                    "uv": [
                                        5,
                                        2.5,
                                        7.5,
                                        3
                                    ]
                                }
                            }
                        },
                        {
                            "name": "Cube1",
                            "from": [
                                -1.2,
                                0,
                                -1.3
                            ],
                            "to": [
                                -0.7,
                                0.5,
                                1.2
                            ],
                            "rotationOrigin": [
                                -1.2,
                                0,
                                -1.3
                            ],
                            "faces": {
                                "north": {
                                    "texture": "#bracelets2",
                                    "uv": [
                                        9,
                                        3,
                                        9.5,
                                        3.5
                                    ]
                                },
                                "east": {
                                    "texture": "#bracelets2",
                                    "uv": [
                                        2,
                                        1.5,
                                        4.5,
                                        2
                                    ]
                                },
                                "south": {
                                    "texture": "#bracelets2",
                                    "uv": [
                                        7.5,
                                        2.5,
                                        8,
                                        3
                                    ]
                                },
                                "west": {
                                    "texture": "#bracelets2",
                                    "uv": [
                                        5.5,
                                        2.5,
                                        8,
                                        3
                                    ]
                                },
                                "up": {
                                    "texture": "#bracelets2",
                                    "uv": [
                                        3.5,
                                        2,
                                        6,
                                        2.5
                                    ],
                                    "rotation": 90
                                },
                                "down": {
                                    "texture": "#bracelets2",
                                    "uv": [
                                        8,
                                        2.5,
                                        10.5,
                                        3
                                    ],
                                    "rotation": 90
                                }
                            }
                        },
                        {
                            "name": "Cube5",
                            "from": [
                                1.1,
                                0,
                                -1.4
                            ],
                            "to": [
                                1.6,
                                0.5,
                                1.1
                            ],
                            "rotationOrigin": [
                                1.1,
                                0,
                                -1.4
                            ],
                            "faces": {
                                "north": {
                                    "texture": "#bracelets2",
                                    "uv": [
                                        2,
                                        3,
                                        2.5,
                                        3.5
                                    ]
                                },
                                "east": {
                                    "texture": "#bracelets2",
                                    "uv": [
                                        4,
                                        3,
                                        6.5,
                                        3.5
                                    ]
                                },
                                "south": {
                                    "texture": "#bracelets2",
                                    "uv": [
                                        3,
                                        3,
                                        3.5,
                                        3.5
                                    ]
                                },
                                "west": {
                                    "texture": "#bracelets2",
                                    "uv": [
                                        1.5,
                                        3.5,
                                        4,
                                        4
                                    ]
                                },
                                "up": {
                                    "texture": "#bracelets2",
                                    "uv": [
                                        4.5,
                                        2.5,
                                        7,
                                        3
                                    ],
                                    "rotation": 90
                                },
                                "down": {
                                    "texture": "#bracelets2",
                                    "uv": [
                                        6.5,
                                        2,
                                        9,
                                        2.5
                                    ],
                                    "rotation": 90
                                }
                            }
                        }
                    ]
                }
            ]
        }
    ],
    "animations": [
        {
            "name": "Walk",
            "code": "walk",
            "quantityframes": 25,
            "onActivityStopped": "Rewind",
            "onAnimationEnd": "Repeat",
            "keyframes": []
        }
    ]
}