[
  {
    "code": "cartgrip",
    "ingredientPattern": " L ,RSR, L ",
    "ingredients": {
      "S": {
        "type": "item",
        "code": "cartschematics-carts",
        "returnedStack": {
          "type": "item",
          "code": "cartschematics-carts"
        }
      },
      "L": {
        "type": "block",
        "code": "game:linen-normal-down"
      },
      "R": {
        "type": "item",
        "code": "game:rope"
      }
    },
    "width": 3,
    "height": 3,
    "recipeGroup": 2,
    "shapeless": false,
    "output": {
      "type": "item",
      "code": "cartswearable-saddleshort-basic-normal"
    }
  },
  {
    "code": "cartgrip2",
    "ingredientPattern": " R ,LSL, R ",
    "ingredients": {
      "S": {
        "type": "item",
        "code": "cartschematics-carts",
        "returnedStack": {
          "type": "item",
          "code": "cartschematics-carts"
        }
      },
      "L": {
        "type": "block",
        "code": "game:linen-normal-down"
      },
      "R": {
        "type": "item",
        "code": "game:rope"
      }
    },
    "width": 3,
    "height": 3,
    "recipeGroup": 2,
    "shapeless": false,
    "output": {
      "type": "item",
      "code": "cartswearable-saddlelong-basic-normal"
    }
  },
  {
    "code": "cartcanopycloth",
    "ingredientPattern": "LLL,WSW",
    "ingredients": {
      "L": {
        "type": "block",
        "code": "game:linen-normal-down",
        "quantity": 4
      },
      "S": {
        "type": "item",
        "code": "cartschematics-carts",
        "returnedStack": {
          "type": "item",
          "code": "cartschematics-carts"
        }
      },
      "W": {
        "type": "block",
        "code": "game:supportbeam-*",
        "quantity": 8
      }
    },
    "width": 3,
    "height": 2,
    "recipeGroup": 2,
    "shapeless": false,
    "output": {
      "type": "item",
      "code": "cartsextra-cartcanopy-cloth-normal-oak"
    }
  },
  {
    "code": "closedcanopycloth",
    "ingredientPattern": "LLL,L_L,WSW",
    "ingredients": {
      "L": {
        "type": "block",
        "code": "game:linen-normal-down",
        "quantity": 3
      },
      "S": {
        "type": "item",
        "code": "cartschematics-carts",
        "returnedStack": {
          "type": "item",
          "code": "cartschematics-carts"
        }
      },
      "W": {
        "type": "block",
        "code": "game:supportbeam-*",
        "quantity": 8
      }
    },
    "width": 3,
    "height": 3,
    "recipeGroup": 2,
    "shapeless": false,
    "output": {
      "type": "item",
      "code": "cartsextra-closedcanopy-cloth-normal-oak"
    }
  },
  {
    "code": "cartcanopywood",
    "ingredientPattern": "DDD,WSW",
    "ingredients": {
      "D": {
        "type": "block",
        "code": "game:debarkedlog-*-ud",
        "name": "wood",
        "allowedVariants": [ "acacia", "birch", "ebony", "kapok", "larch", "maple", "oak", "pine", "purpleheart", "redwood", "walnut" ],
        "quantity": 4
      },
      "S": {
        "type": "item",
        "code": "cartschematics-carts",
        "returnedStack": {
          "type": "item",
          "code": "cartschematics-carts"
        }
      },
      "W": {
        "type": "block",
        "code": "game:supportbeam-*",
        "quantity": 8
      }
    },
    "width": 3,
    "height": 2,
    "recipeGroup": 2,
    "shapeless": false,
    "output": {
      "type": "item",
      "code": "cartsextra-cartcanopy-wood-white-{wood}"
    }
  },
  {
    "code": "cartsidetent",
    "ingredientPattern": "LLL,RSR,LLL",
    "ingredients": {
      "S": {
        "type": "item",
        "code": "cartschematics-carts",
        "returnedStack": {
          "type": "item",
          "code": "cartschematics-carts"
        }
      },
      "L": {
        "type": "block",
        "code": "game:linen-normal-down"
      },
      "R": {
        "type": "item",
        "code": "game:rope"
      }
    },
    "width": 3,
    "height": 3,
    "recipeGroup": 2,
    "shapeless": false,
    "output": {
      "type": "item",
      "code": "cartsextra-cartsidetent-low-normal-oak"
    }
  },
  {
    "code": "cartsidetent2",
    "ingredientPattern": "LRL,LSL,LRL",
    "ingredients": {
      "S": {
        "type": "item",
        "code": "cartschematics-carts",
        "returnedStack": {
          "type": "item",
          "code": "cartschematics-carts"
        }
      },
      "L": {
        "type": "block",
        "code": "game:linen-normal-down"
      },
      "R": {
        "type": "item",
        "code": "game:rope"
      }
    },
    "width": 3,
    "height": 3,
    "recipeGroup": 2,
    "shapeless": false,
    "output": {
      "type": "item",
      "code": "cartsextra-cartsidetent-high-normal-oak"
    }
  },
  {
    "code": "cartsideboardcloth",
    "ingredientPattern": "LRL,_S_,LRL",
    "ingredients": {
      "S": {
        "type": "item",
        "code": "cartschematics-carts",
        "returnedStack": {
          "type": "item",
          "code": "cartschematics-carts"
        }
      },
      "L": {
        "type": "block",
        "code": "game:linen-normal-down"
      },
      "R": {
        "type": "item",
        "code": "game:rope"
      }
    },
    "width": 3,
    "height": 3,
    "recipeGroup": 3,
    "shapeless": false,
    "output": {
      "type": "item",
      "code": "cartsextra-cartsideboard-cloth-normal-oak"
    }
  },
  {
    "code": "cartsideboard1",
    "ingredientPattern": "WWW,RSR",
    "ingredients": {
      "S": {
        "type": "item",
        "code": "cartschematics-carts",
        "returnedStack": {
          "type": "item",
          "code": "cartschematics-carts"
        }
      },
      "W": {
        "type": "block",
        "code": "game:supportbeam-*",
        "quantity": 2
      },
      "R": {
        "type": "item",
        "code": "game:metalnailsandstrips-*",
        "name": "metal",
        "quantity": 1
      }
    },
    "width": 3,
    "height": 2,
    "recipeGroup": 4,
    "shapeless": false,
    "output": {
      "type": "item",
      "code": "cartsideboard-wood-short"
    }
  },
  {
    "code": "cartsideboard2",
    "ingredientPattern": "WWW,RSR,WWW",
    "ingredients": {
      "S": {
        "type": "item",
        "code": "cartschematics-carts",
        "returnedStack": {
          "type": "item",
          "code": "cartschematics-carts"
        }
      },
      "W": {
        "type": "block",
        "code": "game:supportbeam-*",
        "quantity": 2
      },
      "R": {
        "type": "item",
        "code": "game:metalnailsandstrips-*",
        "name": "metal",
        "quantity": 2
      }
    },
    "width": 3,
    "height": 3,
    "recipeGroup": 5,
    "shapeless": false,
    "output": {
      "type": "item",
      "code": "cartsideboard-wood-tall"
    }
  },
  {
    "code": "cartsideboard3",
    "ingredientPattern": "W_W,RSR,W_W",
    "ingredients": {
      "S": {
        "type": "item",
        "code": "cartschematics-carts",
        "returnedStack": {
          "type": "item",
          "code": "cartschematics-carts"
        }
      },
      "W": {
        "type": "block",
        "code": "game:supportbeam-*",
        "quantity": 2
      },
      "R": {
        "type": "item",
        "code": "game:metalnailsandstrips-*",
        "name": "metal",
        "quantity": 2
      }
    },
    "width": 3,
    "height": 3,
    "recipeGroup": 6,
    "shapeless": false,
    "output": {
      "type": "item",
      "code": "cartsideboard-wood-crossedinside"
    }
  }
]