[
    {
        "ingredientPattern": "R",
        "ingredients": {
            "R": {
                "type": "block",
                "code": "game:slantedroofing-copper-*",
                "quantity": 1
            }
        },
        "width": 1,
        "height": 1,
        "output": {
            "type": "block",
            "code": "oneroof-copper-standard-none-free",
            "quantity": 1
        }
    },
    {
        "ingredientPattern": "R_,R_",
        "ingredients": {
            "R": {
                "type": "block",
                "code": "game:slantedroofing-slate-*",
                "quantity": 1
            }
        },
        "width": 2,
        "height": 2,
        "output": {
            "type": "block",
            "code": "oneroof-slate-standard-none-free",
            "quantity": 2
        }
    },
    {
        "ingredientPattern": "R",
        "ingredients": {
            "R": {
                "type": "block",
                "code": "game:slantedroofing-thatch-*",
                "quantity": 1
            }
        },
        "width": 1,
        "height": 1,
        "output": {
            "type": "block",
            "code": "oneroof-thatch-standard-none-free",
            "quantity": 1
        }
    },
    {
        "ingredientPattern": "R",
        "ingredients": {
            "R": {
                "type": "block",
                "code": "game:slantedroofing-blackclay-*",
                "quantity": 1
            }
        },
        "width": 1,
        "height": 1,
        "output": {
            "type": "block",
            "code": "oneroof-blackclay-standard-none-free",
            "quantity": 1
        }
    },
    {
        "ingredientPattern": "R",
        "ingredients": {
            "R": {
                "type": "block",
                "code": "game:slantedroofing-brownclay-*",
                "quantity": 1
            }
        },
        "width": 1,
        "height": 1,
        "output": {
            "type": "block",
            "code": "oneroof-brownclay-standard-none-free",
            "quantity": 1
        }
    },
    {
        "ingredientPattern": "R",
        "ingredients": {
            "R": {
                "type": "block",
                "code": "game:slantedroofing-creamclay-*",
                "quantity": 1
            }
        },
        "width": 1,
        "height": 1,
        "output": {
            "type": "block",
            "code": "oneroof-creamclay-standard-none-free",
            "quantity": 1
        }
    },
    {
        "ingredientPattern": "R",
        "ingredients": {
            "R": {
                "type": "block",
                "code": "game:slantedroofing-fireclay-*",
                "quantity": 1
            }
        },
        "width": 1,
        "height": 1,
        "output": {
            "type": "block",
            "code": "oneroof-fireclay-standard-none-free",
            "quantity": 1
        }
    },
    {
        "ingredientPattern": "R",
        "ingredients": {
            "R": {
                "type": "block",
                "code": "game:slantedroofing-grayclay-*",
                "quantity": 1
            }
        },
        "width": 1,
        "height": 1,
        "output": {
            "type": "block",
            "code": "oneroof-grayclay-standard-none-free",
            "quantity": 1
        }
    },
    {
        "ingredientPattern": "R",
        "ingredients": {
            "R": {
                "type": "block",
                "code": "game:slantedroofing-orangeclay-*",
                "quantity": 1
            }
        },
        "width": 1,
        "height": 1,
        "output": {
            "type": "block",
            "code": "oneroof-orangeclay-standard-none-free",
            "quantity": 1
        }
    },
    {
        "ingredientPattern": "R",
        "ingredients": {
            "R": {
                "type": "block",
                "code": "game:slantedroofing-redclay-*",
                "quantity": 1
            }
        },
        "width": 1,
        "height": 1,
        "output": {
            "type": "block",
            "code": "oneroof-redclay-standard-none-free",
            "quantity": 1
        }
    },
    {
        "ingredientPattern": "R",
        "ingredients": {
            "R": {
                "type": "block",
                "code": "game:slantedroofing-tanclay-*",
                "quantity": 1
            }
        },
        "width": 1,
        "height": 1,
        "output": {
            "type": "block",
            "code": "oneroof-tanclay-standard-none-free",
            "quantity": 1
        }
    },
    {
        "ingredientPattern": "R",
        "ingredients": {
            "R": {
                "type": "block",
                "code": "game:slantedroofing-bamboo-*",
                "quantity": 1
            }
        },
        "width": 1,
        "height": 1,
        "output": {
            "type": "block",
            "code": "oneroof-bamboo-standard-none-free",
            "quantity": 1
        }
    },
    {
        "ingredientPattern": "R",
        "ingredients": {
            "R": {
                "type": "block",
                "code": "game:slantedroofing-sod-*",
                "quantity": 1
            }
        },
        "width": 1,
        "height": 1,
        "output": {
            "type": "block",
            "code": "oneroof-sod-standard-none-free",
            "quantity": 1
        }
    },
    {
        "ingredientPattern": "R",
        "ingredients": {
            "R": {
                "type": "block",
                "code": "game:slantedroofingridge-copper-*",
                "quantity": 1
            }
        },
        "width": 1,
        "height": 1,
        "output": {
            "type": "block",
            "code": "oneroof-copper-standard-none-free",
            "quantity": 1
        }
    },
    {
        "ingredientPattern": "R_,R_",
        "ingredients": {
            "R": {
                "type": "block",
                "code": "game:slantedroofingridge-slate-*",
                "quantity": 1
            }
        },
        "width": 2,
        "height": 2,
        "output": {
            "type": "block",
            "code": "oneroof-slate-standard-none-free",
            "quantity": 2
        }
    },
    {
        "ingredientPattern": "R",
        "ingredients": {
            "R": {
                "type": "block",
                "code": "game:slantedroofingridge-thatch-*",
                "quantity": 1
            }
        },
        "width": 1,
        "height": 1,
        "output": {
            "type": "block",
            "code": "oneroof-thatch-standard-none-free",
            "quantity": 1
        }
    },
    {
        "ingredientPattern": "R",
        "ingredients": {
            "R": {
                "type": "block",
                "code": "game:slantedroofingridge-blackclay-*",
                "quantity": 1
            }
        },
        "width": 1,
        "height": 1,
        "output": {
            "type": "block",
            "code": "oneroof-blackclay-standard-none-free",
            "quantity": 1
        }
    },
    {
        "ingredientPattern": "R",
        "ingredients": {
            "R": {
                "type": "block",
                "code": "game:slantedroofingridge-brownclay-*",
                "quantity": 1
            }
        },
        "width": 1,
        "height": 1,
        "output": {
            "type": "block",
            "code": "oneroof-brownclay-standard-none-free",
            "quantity": 1
        }
    },
    {
        "ingredientPattern": "R",
        "ingredients": {
            "R": {
                "type": "block",
                "code": "game:slantedroofingridge-creamclay-*",
                "quantity": 1
            }
        },
        "width": 1,
        "height": 1,
        "output": {
            "type": "block",
            "code": "oneroof-creamclay-standard-none-free",
            "quantity": 1
        }
    },
    {
        "ingredientPattern": "R",
        "ingredients": {
            "R": {
                "type": "block",
                "code": "game:slantedroofingridge-fireclay-*",
                "quantity": 1
            }
        },
        "width": 1,
        "height": 1,
        "output": {
            "type": "block",
            "code": "oneroof-fireclay-standard-none-free",
            "quantity": 1
        }
    },
    {
        "ingredientPattern": "R",
        "ingredients": {
            "R": {
                "type": "block",
                "code": "game:slantedroofingridge-grayclay-*",
                "quantity": 1
            }
        },
        "width": 1,
        "height": 1,
        "output": {
            "type": "block",
            "code": "oneroof-grayclay-standard-none-free",
            "quantity": 1
        }
    },
    {
        "ingredientPattern": "R",
        "ingredients": {
            "R": {
                "type": "block",
                "code": "game:slantedroofingridge-orangeclay-*",
                "quantity": 1
            }
        },
        "width": 1,
        "height": 1,
        "output": {
            "type": "block",
            "code": "oneroof-orangeclay-standard-none-free",
            "quantity": 1
        }
    },
    {
        "ingredientPattern": "R",
        "ingredients": {
            "R": {
                "type": "block",
                "code": "game:slantedroofingridge-redclay-*",
                "quantity": 1
            }
        },
        "width": 1,
        "height": 1,
        "output": {
            "type": "block",
            "code": "oneroof-redclay-standard-none-free",
            "quantity": 1
        }
    },
    {
        "ingredientPattern": "R",
        "ingredients": {
            "R": {
                "type": "block",
                "code": "game:slantedroofingridge-tanclay-*",
                "quantity": 1
            }
        },
        "width": 1,
        "height": 1,
        "output": {
            "type": "block",
            "code": "oneroof-tanclay-standard-none-free",
            "quantity": 1
        }
    },
    {
        "ingredientPattern": "R",
        "ingredients": {
            "R": {
                "type": "block",
                "code": "game:slantedroofingridge-bamboo-*",
                "quantity": 1
            }
        },
        "width": 1,
        "height": 1,
        "output": {
            "type": "block",
            "code": "oneroof-bamboo-standard-none-free",
            "quantity": 1
        }
    },
    {
        "ingredientPattern": "R",
        "ingredients": {
            "R": {
                "type": "block",
                "code": "game:slantedroofingridge-sod-*",
                "quantity": 1
            }
        },
        "width": 1,
        "height": 1,
        "output": {
            "type": "block",
            "code": "oneroof-sod-standard-none-free",
            "quantity": 1
        }
    },
    {
        "ingredientPattern": "R",
        "ingredients": {
            "R": {
                "type": "block",
                "code": "game:slantedroofingcornerinner-copper-*",
                "quantity": 1
            }
        },
        "width": 1,
        "height": 1,
        "output": {
            "type": "block",
            "code": "oneroof-copper-standard-none-free",
            "quantity": 1
        }
    },
    {
        "ingredientPattern": "R_,R_",
        "ingredients": {
            "R": {
                "type": "block",
                "code": "game:slantedroofingcornerinner-slate-*",
                "quantity": 1
            }
        },
        "width": 2,
        "height": 2,
        "output": {
            "type": "block",
            "code": "oneroof-slate-standard-none-free",
            "quantity": 2
        }
    },
    {
        "ingredientPattern": "R",
        "ingredients": {
            "R": {
                "type": "block",
                "code": "game:slantedroofingcornerinner-thatch-*",
                "quantity": 1
            }
        },
        "width": 1,
        "height": 1,
        "output": {
            "type": "block",
            "code": "oneroof-thatch-standard-none-free",
            "quantity": 1
        }
    },
    {
        "ingredientPattern": "R",
        "ingredients": {
            "R": {
                "type": "block",
                "code": "game:slantedroofingcornerinner-blackclay-*",
                "quantity": 1
            }
        },
        "width": 1,
        "height": 1,
        "output": {
            "type": "block",
            "code": "oneroof-blackclay-standard-none-free",
            "quantity": 1
        }
    },
    {
        "ingredientPattern": "R",
        "ingredients": {
            "R": {
                "type": "block",
                "code": "game:slantedroofingcornerinner-brownclay-*",
                "quantity": 1
            }
        },
        "width": 1,
        "height": 1,
        "output": {
            "type": "block",
            "code": "oneroof-brownclay-standard-none-free",
            "quantity": 1
        }
    },
    {
        "ingredientPattern": "R",
        "ingredients": {
            "R": {
                "type": "block",
                "code": "game:slantedroofingcornerinner-creamclay-*",
                "quantity": 1
            }
        },
        "width": 1,
        "height": 1,
        "output": {
            "type": "block",
            "code": "oneroof-creamclay-standard-none-free",
            "quantity": 1
        }
    },
    {
        "ingredientPattern": "R",
        "ingredients": {
            "R": {
                "type": "block",
                "code": "game:slantedroofingcornerinner-fireclay-*",
                "quantity": 1
            }
        },
        "width": 1,
        "height": 1,
        "output": {
            "type": "block",
            "code": "oneroof-fireclay-standard-none-free",
            "quantity": 1
        }
    },
    {
        "ingredientPattern": "R",
        "ingredients": {
            "R": {
                "type": "block",
                "code": "game:slantedroofingcornerinner-grayclay-*",
                "quantity": 1
            }
        },
        "width": 1,
        "height": 1,
        "output": {
            "type": "block",
            "code": "oneroof-grayclay-standard-none-free",
            "quantity": 1
        }
    },
    {
        "ingredientPattern": "R",
        "ingredients": {
            "R": {
                "type": "block",
                "code": "game:slantedroofingcornerinner-orangeclay-*",
                "quantity": 1
            }
        },
        "width": 1,
        "height": 1,
        "output": {
            "type": "block",
            "code": "oneroof-orangeclay-standard-none-free",
            "quantity": 1
        }
    },
    {
        "ingredientPattern": "R",
        "ingredients": {
            "R": {
                "type": "block",
                "code": "game:slantedroofingcornerinner-redclay-*",
                "quantity": 1
            }
        },
        "width": 1,
        "height": 1,
        "output": {
            "type": "block",
            "code": "oneroof-redclay-standard-none-free",
            "quantity": 1
        }
    },
    {
        "ingredientPattern": "R",
        "ingredients": {
            "R": {
                "type": "block",
                "code": "game:slantedroofingcornerinner-tanclay-*",
                "quantity": 1
            }
        },
        "width": 1,
        "height": 1,
        "output": {
            "type": "block",
            "code": "oneroof-tanclay-standard-none-free",
            "quantity": 1
        }
    },
    {
        "ingredientPattern": "R",
        "ingredients": {
            "R": {
                "type": "block",
                "code": "game:slantedroofingcornerinner-bamboo-*",
                "quantity": 1
            }
        },
        "width": 1,
        "height": 1,
        "output": {
            "type": "block",
            "code": "oneroof-bamboo-standard-none-free",
            "quantity": 1
        }
    },
    {
        "ingredientPattern": "R",
        "ingredients": {
            "R": {
                "type": "block",
                "code": "game:slantedroofingcornerinner-sod-*",
                "quantity": 1
            }
        },
        "width": 1,
        "height": 1,
        "output": {
            "type": "block",
            "code": "oneroof-sod-standard-none-free",
            "quantity": 1
        }
    },
    {
        "ingredientPattern": "R",
        "ingredients": {
            "R": {
                "type": "block",
                "code": "game:slantedroofingcornerouter-copper-*",
                "quantity": 1
            }
        },
        "width": 1,
        "height": 1,
        "output": {
            "type": "block",
            "code": "oneroof-copper-standard-none-free",
            "quantity": 1
        }
    },
    {
        "ingredientPattern": "R_,R_",
        "ingredients": {
            "R": {
                "type": "block",
                "code": "game:slantedroofingcornerouter-slate-*",
                "quantity": 1
            }
        },
        "width": 2,
        "height": 2,
        "output": {
            "type": "block",
            "code": "oneroof-slate-standard-none-free",
            "quantity": 2
        }
    },
    {
        "ingredientPattern": "R",
        "ingredients": {
            "R": {
                "type": "block",
                "code": "game:slantedroofingcornerouter-thatch-*",
                "quantity": 1
            }
        },
        "width": 1,
        "height": 1,
        "output": {
            "type": "block",
            "code": "oneroof-thatch-standard-none-free",
            "quantity": 1
        }
    },
    {
        "ingredientPattern": "R",
        "ingredients": {
            "R": {
                "type": "block",
                "code": "game:slantedroofingcornerouter-blackclay-*",
                "quantity": 1
            }
        },
        "width": 1,
        "height": 1,
        "output": {
            "type": "block",
            "code": "oneroof-blackclay-standard-none-free",
            "quantity": 1
        }
    },
    {
        "ingredientPattern": "R",
        "ingredients": {
            "R": {
                "type": "block",
                "code": "game:slantedroofingcornerouter-brownclay-*",
                "quantity": 1
            }
        },
        "width": 1,
        "height": 1,
        "output": {
            "type": "block",
            "code": "oneroof-brownclay-standard-none-free",
            "quantity": 1
        }
    },
    {
        "ingredientPattern": "R",
        "ingredients": {
            "R": {
                "type": "block",
                "code": "game:slantedroofingcornerouter-creamclay-*",
                "quantity": 1
            }
        },
        "width": 1,
        "height": 1,
        "output": {
            "type": "block",
            "code": "oneroof-creamclay-standard-none-free",
            "quantity": 1
        }
    },
    {
        "ingredientPattern": "R",
        "ingredients": {
            "R": {
                "type": "block",
                "code": "game:slantedroofingcornerouter-fireclay-*",
                "quantity": 1
            }
        },
        "width": 1,
        "height": 1,
        "output": {
            "type": "block",
            "code": "oneroof-fireclay-standard-none-free",
            "quantity": 1
        }
    },
    {
        "ingredientPattern": "R",
        "ingredients": {
            "R": {
                "type": "block",
                "code": "game:slantedroofingcornerouter-grayclay-*",
                "quantity": 1
            }
        },
        "width": 1,
        "height": 1,
        "output": {
            "type": "block",
            "code": "oneroof-grayclay-standard-none-free",
            "quantity": 1
        }
    },
    {
        "ingredientPattern": "R",
        "ingredients": {
            "R": {
                "type": "block",
                "code": "game:slantedroofingcornerouter-orangeclay-*",
                "quantity": 1
            }
        },
        "width": 1,
        "height": 1,
        "output": {
            "type": "block",
            "code": "oneroof-orangeclay-standard-none-free",
            "quantity": 1
        }
    },
    {
        "ingredientPattern": "R",
        "ingredients": {
            "R": {
                "type": "block",
                "code": "game:slantedroofingcornerouter-redclay-*",
                "quantity": 1
            }
        },
        "width": 1,
        "height": 1,
        "output": {
            "type": "block",
            "code": "oneroof-redclay-standard-none-free",
            "quantity": 1
        }
    },
    {
        "ingredientPattern": "R",
        "ingredients": {
            "R": {
                "type": "block",
                "code": "game:slantedroofingcornerouter-tanclay-*",
                "quantity": 1
            }
        },
        "width": 1,
        "height": 1,
        "output": {
            "type": "block",
            "code": "oneroof-tanclay-standard-none-free",
            "quantity": 1
        }
    },
    {
        "ingredientPattern": "R",
        "ingredients": {
            "R": {
                "type": "block",
                "code": "game:slantedroofingcornerouter-bamboo-*",
                "quantity": 1
            }
        },
        "width": 1,
        "height": 1,
        "output": {
            "type": "block",
            "code": "oneroof-bamboo-standard-none-free",
            "quantity": 1
        }
    },
    {
        "ingredientPattern": "R",
        "ingredients": {
            "R": {
                "type": "block",
                "code": "game:slantedroofingcornerouter-sod-*",
                "quantity": 1
            }
        },
        "width": 1,
        "height": 1,
        "output": {
            "type": "block",
            "code": "oneroof-sod-standard-none-free",
            "quantity": 1
        }
    },
    {
        "ingredientPattern": "R",
        "ingredients": {
            "R": {
                "type": "block",
                "code": "game:slantedroofingtip-copper-*",
                "quantity": 1
            }
        },
        "width": 1,
        "height": 1,
        "output": {
            "type": "block",
            "code": "oneroof-copper-standard-none-free",
            "quantity": 1
        }
    },
    {
        "ingredientPattern": "R_,R_",
        "ingredients": {
            "R": {
                "type": "block",
                "code": "game:slantedroofingtip-slate-*",
                "quantity": 1
            }
        },
        "width": 2,
        "height": 2,
        "output": {
            "type": "block",
            "code": "oneroof-slate-standard-none-free",
            "quantity": 2
        }
    },
    {
        "ingredientPattern": "R",
        "ingredients": {
            "R": {
                "type": "block",
                "code": "game:slantedroofingtip-thatch-*",
                "quantity": 1
            }
        },
        "width": 1,
        "height": 1,
        "output": {
            "type": "block",
            "code": "oneroof-thatch-standard-none-free",
            "quantity": 1
        }
    },
    {
        "ingredientPattern": "R",
        "ingredients": {
            "R": {
                "type": "block",
                "code": "game:slantedroofingtip-blackclay-*",
                "quantity": 1
            }
        },
        "width": 1,
        "height": 1,
        "output": {
            "type": "block",
            "code": "oneroof-blackclay-standard-none-free",
            "quantity": 1
        }
    },
    {
        "ingredientPattern": "R",
        "ingredients": {
            "R": {
                "type": "block",
                "code": "game:slantedroofingtip-brownclay-*",
                "quantity": 1
            }
        },
        "width": 1,
        "height": 1,
        "output": {
            "type": "block",
            "code": "oneroof-brownclay-standard-none-free",
            "quantity": 1
        }
    },
    {
        "ingredientPattern": "R",
        "ingredients": {
            "R": {
                "type": "block",
                "code": "game:slantedroofingtip-creamclay-*",
                "quantity": 1
            }
        },
        "width": 1,
        "height": 1,
        "output": {
            "type": "block",
            "code": "oneroof-creamclay-standard-none-free",
            "quantity": 1
        }
    },
    {
        "ingredientPattern": "R",
        "ingredients": {
            "R": {
                "type": "block",
                "code": "game:slantedroofingtip-fireclay-*",
                "quantity": 1
            }
        },
        "width": 1,
        "height": 1,
        "output": {
            "type": "block",
            "code": "oneroof-fireclay-standard-none-free",
            "quantity": 1
        }
    },
    {
        "ingredientPattern": "R",
        "ingredients": {
            "R": {
                "type": "block",
                "code": "game:slantedroofingtip-grayclay-*",
                "quantity": 1
            }
        },
        "width": 1,
        "height": 1,
        "output": {
            "type": "block",
            "code": "oneroof-grayclay-standard-none-free",
            "quantity": 1
        }
    },
    {
        "ingredientPattern": "R",
        "ingredients": {
            "R": {
                "type": "block",
                "code": "game:slantedroofingtip-orangeclay-*",
                "quantity": 1
            }
        },
        "width": 1,
        "height": 1,
        "output": {
            "type": "block",
            "code": "oneroof-orangeclay-standard-none-free",
            "quantity": 1
        }
    },
    {
        "ingredientPattern": "R",
        "ingredients": {
            "R": {
                "type": "block",
                "code": "game:slantedroofingtip-redclay-*",
                "quantity": 1
            }
        },
        "width": 1,
        "height": 1,
        "output": {
            "type": "block",
            "code": "oneroof-redclay-standard-none-free",
            "quantity": 1
        }
    },
    {
        "ingredientPattern": "R",
        "ingredients": {
            "R": {
                "type": "block",
                "code": "game:slantedroofingtip-tanclay-*",
                "quantity": 1
            }
        },
        "width": 1,
        "height": 1,
        "output": {
            "type": "block",
            "code": "oneroof-tanclay-standard-none-free",
            "quantity": 1
        }
    },
    {
        "ingredientPattern": "R",
        "ingredients": {
            "R": {
                "type": "block",
                "code": "game:slantedroofingtip-bamboo-*",
                "quantity": 1
            }
        },
        "width": 1,
        "height": 1,
        "output": {
            "type": "block",
            "code": "oneroof-bamboo-standard-none-free",
            "quantity": 1
        }
    },
    {
        "ingredientPattern": "R",
        "ingredients": {
            "R": {
                "type": "block",
                "code": "game:slantedroofingtip-sod-*",
                "quantity": 1
            }
        },
        "width": 1,
        "height": 1,
        "output": {
            "type": "block",
            "code": "oneroof-sod-standard-none-free",
            "quantity": 1
        }
    }
]