{
	"code": "pelt",
		"behaviors": [
		{ "name": "GroundStorable", "properties": { "layout": "SingleCenter"}}
	],
  "variantgroups": [
    {"code": "type","states": [ "baby","female","male" ]},
    {"code": "species","states": [ "bosprimigeniusprimigenius","tragelaphuseurycerus" ]}
],
  "shapebytype": {
    "*-baby-*": {
      "base": "item/bovinae/{species}/floorpelt-baby"
    },
    "*-female-bosprimigeniusprimigenius": {
      "base": "item/bovinae/{species}/floorpelt-female"
    },
    "*": {
      "base": "item/bovinae/{species}/floorpelt-male"
    }
  },
  "texturesByType": {
    "*-baby-*": {"skin": {"base": "entity/bovinae/{species}-baby"}},
    "*": {"skin": {"base": "entity/bovinae/{species}-{type}"},"bottom": {"base": "game:block/leather/plain"}}
  },
	"creativeinventory": { "general": ["*"], "items": ["*"] },
	"maxstacksize": 64,
	"attributes": {
		"handbook": {"groupBy": ["floorpelt-*"]},
		"displaycaseable": false, 
		"shelvable": false,
		"antlerMountableByType": {
			"*": true
		},
		"onAntlerMountTransformByType": {
			"*-male-tragelaphuseurycerus": {"translation": { "x": 0.0, "y": 0.45, "z": 0 },"rotation": { "x": 0, "y": 0, "z": -90 },"origin": { "x": 0.1, "y": 0.0, "z": 0.5 },"scale": 1.05},"*-female-tragelaphuseurycerus": {"translation": { "x": 0.0, "y": 0.45, "z": 0 },"rotation": { "x": 0, "y": 0, "z": -90 },"origin": { "x": 0.1, "y": 0.0, "z": 0.5 },"scale": 0.95},	
			"*": {"translation": { "x": 0.0, "y": 0.45, "z": 0 },"rotation": { "x": 0, "y": 0, "z": -90 },"origin": { "x": 0.1, "y": 0.0, "z": 0.5 },"scale": 1.0}			
		},
		"rackable": true,
		"toolrackTransform": {
			"translation": { "x": 0, "y": 0.45, "z": 0 },
			"rotation": { "x": -179.9, "y": 180, "z": 0.1 },
			"origin": { "x": 0.1, "y": 0.0, "z": 0.5 },
			"scale": 1.0
		},
		"onDisplayTransform": {
			"translation": { "x": 0, "y": -0.05, "z": 0.0 },
			"rotation": { "x": 0, "y": -45, "z": 0 },
			"origin": { "x": 0.5, "y": 0.5, "z": 0.5 },
			"scale": 1.0
		},
		"groundStorageTransformByType": {
			"*-male-tragelaphuseurycerus": {"translation": { "x": 0, "y": 0.0, "z": -0.0 },"rotation": { "x": 0, "y": 90, "z": 0 },"scale": 1.05},"*-female-tragelaphuseurycerus": {"translation": { "x": 0, "y": 0.0, "z": -0.0 },"rotation": { "x": 0, "y": 90, "z": 0 },"scale": 0.95},	
			"*":{"translation": { "x": 0, "y": 0.0, "z": -0.0 },"rotation": { "x": 0, "y": 90, "z": 0 },"scale": 1.0}
		}
	},
  "sounds": {
    "walk": "game:walk/cloth"
  },
	"materialDensity": 500,
	"heldTpHitAnimation": "breaktool",
	"fpHandTransform": {
		"translation": { "x": 0, "y": -0.5, "z": -1.5 },
		"rotation": { "x": 180, "y": 0, "z": 90 },
		"scale": 1
	},
	"guiTransformByType": {
    "*-male-*": {"translation": {"x": 0,"y": 1,"z": 0},"rotation": {"x": 0,"y": 145,"z": 90},"origin": {"x": 0.5,"y": 0.1,"z": 0.5},"scale": 0.8},
    "*-female-*": {"translation": {"x": 0,"y": 1,"z": 0},"rotation": {"x": 0,"y": 145,"z": 90},"origin": {"x": 0.5,"y": 0.1,"z": 0.5},"scale": 0.9},
    "*": {"translation": {"x": 0,"y": 1,"z": 0},"rotation": {"x": 0,"y": 145,"z": 90},"origin": {"x": 0.5,"y": 0.1,"z": 0.5},"scale": 2.7}
	},
	"tpHandTransform": {
		"translation": { "x": -0.55, "y": -0.10, "z": -0.45},
		"rotation": { "x": -90, "y": 90, "z": 0 },
		"origin": { "x": 0.5, "y": 0.0, "z": 0.5 },
		"scale": 1.0
	},

		"groundTransform": {
		"translation": { "x": 0, "y": 0, "z": 0 },
		"rotation": { "x": 0, "y": 0, "z": 0 },
		"origin": { "x": 0.5, "y": 0.0, "z": 0.5299 },
		"scale": 1
	}
	

}