﻿{
  "code": "axe-summonedobject",
  "classByType": {
    "*": "ItemSummonedObjectAxeRM"
  },
  "tool": "axe",
  "enabled": true,

  "storageFlags": 131329,

  "variantgroups": [
    {
      "code": "glyphs",
      "states": [ "none" ],
      "loadFromProperties": "rustboundmagic:abstract/glyphs"
    },
    {
      "code": "state",
      "states": [ "unstable", "permanent", "admin" ]
    }
  ],
  "allowedVariants": [ "*-axe1-*", "*-axe2-*", "*-axe3-*" ],
  "skipVariants": [ "*-permanent", "*-admin" ],

  "behaviors": [
    {
      "name": "GroundStorable",
      "properties": {
        "layout": "WallHalves",
        "wallOffYByType": {
          "*": 1
        },
        "ctrlKey": true,
        "selectionBox": {
          "x1": 0,
          "y1": 0,
          "z1": 0,
          "x2": 1,
          "y2": 0.1,
          "z2": 1
        },
        "collisionBox": {
          "x1": 0,
          "y1": 0,
          "z1": 0,
          "x2": 0,
          "y2": 0,
          "z2": 0
        }
      }
    },
    {
      "name": "AnimationAuthoritative",
      "properties": { "onlyOnEntity": true }
    }
  ],

  "attributesByType": {
    "*": {
      "heldItemPitchFollow": 0.9,
      "rackable": true,
      "toolrackTransformByType": {
        "*": {
          "rotation": {
            "y": 1,
            "z": -1
          },
          "translation": {
            "x": -0.3,
            "y": 0.6
          },
          "scale": 1.25
        }
      },
      "groundStorageTransformByType": {
        "*": {
          "translation": {
            "x": 0,
            "y": 0.19,
            "z": -0.125
          },
          "rotation": {
            "x": 26,
            "y": 88,
            "z": -87
          },
          "scale": 0.88
        }
      },

      "handbookByType": {
        "*": {
          "groupBy": [ "summonedobject-*" ],
          "extraSections": [
            {
              "title": "game:Created by",
              "text": "rustboundmagic:handbook-thaumicworkbenchonlytier1-text"
            },
            {
              "title": "rustboundmagic:handbook-magictooluse-title",
              "text": "rustboundmagic:handbook-toolusespellcastingsinglespell-text"
            }
          ]
        }
      }
    }
  },

  "creativeinventory": {
    "general": [ "*" ],
    "items": [ "*" ],
    "tools": [ "*" ],
    "rustboundmagicequipment": [ "*" ]
  },

  "maxstacksize": 1,
  "materialDensity": 1200,

  "shapeByType": {
    "*": { "base": "rustboundmagic:items/spells/summoneditems/{glyphs}" }
  },
  "texturesByType": {
    "*-axe1-*": {
      "default": { "base": "rustboundmagic:default" },
      "string": { "base": "rustboundmagic:items/resources/shiftingfibers" },
      "handle": { "base": "rustboundmagic:items/spells/summoneditems/tier0-handle" },
      "material": { "base": "rustboundmagic:items/spells/summoneditems/tier1-metal" }
    },
    "*-axe2-*": {
      "default": { "base": "rustboundmagic:default" },
      "string": { "base": "rustboundmagic:items/resources/shiftingfibers" },
      "handle": { "base": "rustboundmagic:items/spells/summoneditems/tier0-handle" },
      "material": { "base": "rustboundmagic:items/spells/summoneditems/tier2-metal" }
    },
    "*-axe3-*": {
      "default": { "base": "rustboundmagic:default" },
      "string": { "base": "rustboundmagic:items/resources/shiftingfibers" },
      "handle": { "base": "rustboundmagic:items/spells/summoneditems/tier0-handle" },
      "material": { "base": "rustboundmagic:items/spells/summoneditems/tier3-metal" }
    }
  },

  "damagedby": [ "blockbreaking", "attacking" ],

  "heldRightReadyAnimationByType": {
    "*": "axeready"
  },
  "heldTpHitAnimationByType": {
    "*": "axechop"
  },

  "attackRange": 2,

  "durabilityByType": {
    "*-axe1-*": 80,
    "*-axe2-*": 160,
    "*-axe3-*": 240
  },

  "tooltierByType": {
    "*-axe1-*": 1,
    "*-axe2-*": 2,
    "*-axe3-*": 4
  },

  "attackpowerByType": {
    "*-axe1-*": 1,
    "*-axe2-*": 2,
    "*-axe3-*": 3
  },

  "miningspeedByType": {
    "*-axe1-*": {
      "wood": 5.2,
      "plant": 2.8,
      "leaves": 2.4
    },
    "*-axe2-*": {
      "wood": 8.4,
      "plant": 5,
      "leaves": 3.2
    },
    "*-axe3-*": {
      "wood": 11,
      "plant": 6,
      "leaves": 4
    }
  },

  "transitionablePropsByType": {
    "*-unstable": [
      {
        "type": "Harden",
        "freshHours": { "avg": 0 },
        "transitionHoursByType": {
          "*-axe1-*": { "avg": 24 },
          "*-axe2-*": { "avg": 48 },
          "*-axe3-*": { "avg": 96 },
          "*": { "avg": 4 }
        },
        "transitionedStack": {
          "type": "item",
          "code": "game:rot"
        },
        "transitionRatio": 0
      }
    ]
  },

  "guiTransformByType": {
    "*": {
      "translation": {
        "x": 0,
        "y": 0,
        "z": 0
      },
      "rotation": {
        "x": -63,
        "y": -123,
        "z": -180
      },
      "origin": {
        "x": 0.61,
        "y": 0,
        "z": 0.47
      },
      "scale": 1.58
    }
  },
  "groundTransformByType": {
    "*": {
      "translation": {
        "x": 0,
        "y": 0,
        "z": 0
      },
      "rotation": {
        "x": 0,
        "y": 0,
        "z": 0
      },
      "origin": {
        "x": 0.5,
        "y": 0,
        "z": 0.5
      },
      "scale": 3.6
    }
  },
  "fpHandTransformByType": {
    "*": {
      "translation": {
        "x": -0.3,
        "y": -0.5,
        "z": 0.3
      },
      "rotation": {
        "x": -29,
        "y": 1,
        "z": 88
      },
      "origin": {
        "x": 0.2,
        "y": 0.5,
        "z": 0.5
      },
      "scale": 2.5
    }
  },
  "tpHandTransformByType": {
    "*": {
      "translation": {
        "x": -0.43,
        "y": -0.52,
        "z": -0.07
      },
      "rotation": {
        "x": 90,
        "y": 0,
        "z": 0
      },
      "scale": 0.95
    }
  }
}