{
	"editor": {
		"allAngles": true,
		"entityTextureMode": true
	},
	"textureWidth": 52,
	"textureHeight": 44,
	"textureSizes": {
		"skin": [52,44]
	},
	"textures": {
	},
	"elements": [
		{
			"name": "Origin",
			"from": [ 8.0, 0.0, 8.0 ],
			"to": [ 8.0, 0.0, 8.0 ],
			"uv": [ 0.0, 0.0 ],
			"rotationOrigin": [ 8.0, 0.0, 8.0 ],
			"faces": {
			},
			"children": [
				{
					"name": "Shell Base",
					"from": [ -4.0, 0.3, -3.1 ],
					"to": [ 4.0, 4.3, 3.1 ],
					"unwrapMode": 6,
					"unwrapRotation": 1,
					"uv": [ 25.0, 28.0 ],
					"rotationOrigin": [ 0.0, 0.3, 0.0 ],
					"faces": {
					},
					"children": [
						{
							"name": "SRidge1",
							"from": [ -1.0, 3.0, 2.6 ],
							"to": [ 1.0, 3.5, 3.6 ],
							"unwrapMode": 7,
							"unwrapRotation": 1,
							"autoUnwrap": false,
							"uv": [ 8.5, 1.0 ],
							"rotationOrigin": [ -1.0, 3.0, 2.6 ],
							"rotationZ": 30.0,
							"faces": {
								"north": { "texture": "#skin", "uv": [ 10.0, 1.5, 10.5, 3.5 ], "rotation": 90 },
								"south": { "texture": "#skin", "uv": [ 8.5, 1.5, 9.0, 3.5 ], "rotation": 270 },
								"west": { "texture": "#skin", "uv": [ 9.0, 1.0, 10.0, 1.5 ], "rotation": 180 },
								"up": { "texture": "#skin", "uv": [ 9.0, 1.5, 10.0, 3.5 ], "rotation": 270 },
								"down": { "texture": "#skin", "uv": [ 26.0, 1.0, 27.0, 3.0 ], "rotation": 90 }
							},
							"children": [
								{
									"name": "SRidge2",
									"from": [ 2.0, 0.0, -0.05 ],
									"to": [ 4.2, 0.5, 1.05 ],
									"unwrapMode": 7,
									"unwrapRotation": 1,
									"autoUnwrap": false,
									"uv": [ 9.5, 4.0 ],
									"rotationOrigin": [ 2.0, 0.5, -0.05 ],
									"rotationZ": -20.0,
									"faces": {
										"north": { "texture": "#skin", "uv": [ 10.0, 4.5, 10.5, 6.5 ], "rotation": 90 },
										"south": { "texture": "#skin", "uv": [ 8.5, 4.5, 9.0, 6.5 ], "rotation": 270 },
										"west": { "texture": "#skin", "uv": [ 9.0, 4.0, 10.0, 4.5 ], "rotation": 180 },
										"up": { "texture": "#skin", "uv": [ 9.0, 4.5, 10.0, 6.5 ], "rotation": 270 },
										"down": { "texture": "#skin", "uv": [ 26.0, 3.5, 27.0, 5.5 ], "rotation": 90 }
									},
									"children": [
										{
											"name": "SRidge3",
											"from": [ 2.2, 0.0, -0.05 ],
											"to": [ 7.2, 0.5, 1.15 ],
											"unwrapMode": 7,
											"unwrapRotation": 1,
											"autoUnwrap": false,
											"uv": [ 9.5, 7.0 ],
											"rotationOrigin": [ 2.2, 0.5, -0.05 ],
											"rotationZ": -24.0,
											"faces": {
												"north": { "texture": "#skin", "uv": [ 10.0, 7.5, 10.5, 12.5 ], "rotation": 90 },
												"east": { "texture": "#skin", "uv": [ 9.0, 13.0, 10.0, 13.5 ] },
												"south": { "texture": "#skin", "uv": [ 8.5, 7.5, 9.0, 12.5 ], "rotation": 270 },
												"west": { "texture": "#skin", "uv": [ 9.0, 7.0, 10.0, 7.5 ], "rotation": 180 },
												"up": { "texture": "#skin", "uv": [ 9.0, 7.5, 10.0, 12.5 ], "rotation": 270 },
												"down": { "texture": "#skin", "uv": [ 26.0, 6.0, 27.0, 11.0 ], "rotation": 90 }
											},
											"children": [
												{
													"name": "SRidge4",
													"from": [ 5.0, 0.0, 0.05 ],
													"to": [ 9.5, 0.5, 1.15 ],
													"unwrapMode": 7,
													"unwrapRotation": 1,
													"autoUnwrap": false,
													"uv": [ 8.5, 12.5 ],
													"rotationOrigin": [ 5.0, 0.5, 0.05 ],
													"rotationZ": -10.0,
													"faces": {
														"north": { "texture": "#skin", "uv": [ 10.0, 13.5, 10.5, 18.0 ], "rotation": 90 },
														"east": { "texture": "#skin", "uv": [ 9.0, 18.0, 10.0, 18.5 ] },
														"south": { "texture": "#skin", "uv": [ 8.5, 13.5, 9.0, 18.0 ], "rotation": 270 },
														"up": { "texture": "#skin", "uv": [ 9.0, 13.5, 10.0, 18.0 ], "rotation": 270 },
														"down": { "texture": "#skin", "uv": [ 26.0, 11.5, 27.0, 16.0 ], "rotation": 90 }
													},
													"children": [
														{
															"name": "RTopa4",
															"from": [ -0.1, -0.2, -2.1 ],
															"to": [ 2.9, 0.3, 0.1 ],
															"unwrapMode": 7,
															"unwrapRotation": 1,
															"autoUnwrap": false,
															"uv": [ 11.0, 12.5 ],
															"rotationOrigin": [ -0.1, -0.2, 0.1 ],
															"rotationX": -8.0,
															"rotationY": -5.0,
															"faces": {
																"north": { "texture": "#skin", "uv": [ 13.0, 14.0, 13.5, 17.0 ], "rotation": 90 },
																"west": { "texture": "#skin", "uv": [ 11.0, 13.5, 13.0, 14.0 ], "rotation": 180 },
																"up": { "texture": "#skin", "uv": [ 11.0, 14.0, 13.0, 17.0 ], "rotation": 270 },
																"down": { "texture": "#skin", "uv": [ 23.5, 11.5, 25.5, 14.5 ], "rotation": 90 }
															},
															"children": [
																{
																	"name": "RTopb4",
																	"from": [ 0.0, 0.0, -1.5 ],
																	"to": [ 2.5, 0.5, 0.0 ],
																	"unwrapMode": 7,
																	"unwrapRotation": 1,
																	"autoUnwrap": false,
																	"uv": [ 14.0, 12.5 ],
																	"rotationOrigin": [ 0.0, 0.5, 0.0 ],
																	"rotationX": -35.0,
																	"faces": {
																		"north": { "texture": "#skin", "uv": [ 15.5, 14.0, 16.0, 16.5 ], "rotation": 90 },
																		"east": { "texture": "#skin", "uv": [ 14.0, 16.5, 15.5, 17.0 ] },
																		"west": { "texture": "#skin", "uv": [ 14.0, 13.5, 15.5, 14.0 ], "rotation": 180 },
																		"up": { "texture": "#skin", "uv": [ 14.0, 14.0, 15.5, 16.5 ], "rotation": 270 },
																		"down": { "texture": "#skin", "uv": [ 21.5, 11.5, 23.0, 14.0 ], "rotation": 90 }
																	},
																	"children": [
																		{
																			"name": "RTopc4",
																			"from": [ 0.4, 0.3, -1.0 ],
																			"to": [ 1.9, 0.5, 0.0 ],
																			"unwrapMode": 7,
																			"unwrapRotation": 1,
																			"autoUnwrap": false,
																			"uv": [ 16.5, 12.5 ],
																			"rotationOrigin": [ 0.4, 0.5, 0.0 ],
																			"rotationY": -5.0,
																			"rotationZ": -5.0,
																			"faces": {
																				"east": { "texture": "#skin", "uv": [ 16.5, 15.5, 17.5, 16.0 ] },
																				"west": { "texture": "#skin", "uv": [ 16.5, 13.5, 17.5, 14.0 ], "rotation": 180 },
																				"up": { "texture": "#skin", "uv": [ 16.5, 14.0, 17.5, 15.5 ], "rotation": 270 },
																				"down": { "texture": "#skin", "uv": [ 20.0, 11.5, 21.0, 13.0 ], "rotation": 90 }
																			}
																		}
																	]
																},
																{
																	"name": "RTopa5",
																	"from": [ 3.0, 0.0, 0.0 ],
																	"to": [ 3.7, 0.5, 2.0 ],
																	"unwrapMode": 7,
																	"unwrapRotation": 1,
																	"autoUnwrap": false,
																	"uv": [ 11.0, 16.0 ],
																	"rotationOrigin": [ 3.0, 0.5, 0.0 ],
																	"rotationZ": -30.0,
																	"faces": {
																		"north": { "texture": "#skin", "uv": [ 13.0, 17.5, 13.5, 18.0 ], "rotation": 90 },
																		"up": { "texture": "#skin", "uv": [ 11.0, 17.5, 13.0, 18.0 ], "rotation": 270 },
																		"down": { "texture": "#skin", "uv": [ 23.5, 15.0, 25.5, 15.5 ], "rotation": 90 }
																	}
																}
															]
														},
														{
															"name": "LTopa4",
															"from": [ -0.1, -0.2, 1.0 ],
															"to": [ 2.9, 0.3, 3.2 ],
															"unwrapMode": 7,
															"unwrapRotation": 1,
															"autoUnwrap": false,
															"uv": [ 5.5, 12.5 ],
															"rotationOrigin": [ -0.1, -0.2, 1.1 ],
															"rotationX": 8.0,
															"rotationY": 5.0,
															"faces": {
																"south": { "texture": "#skin", "uv": [ 5.5, 14.0, 6.0, 17.0 ], "rotation": 270 },
																"west": { "texture": "#skin", "uv": [ 6.0, 13.5, 8.0, 14.0 ], "rotation": 180 },
																"up": { "texture": "#skin", "uv": [ 6.0, 14.0, 8.0, 17.0 ], "rotation": 270 },
																"down": { "texture": "#skin", "uv": [ 27.5, 11.5, 29.5, 14.5 ], "rotation": 90 }
															},
															"children": [
																{
																	"name": "LTopb4",
																	"from": [ 0.0, 0.0, 2.2 ],
																	"to": [ 2.5, 0.5, 3.7 ],
																	"unwrapMode": 7,
																	"unwrapRotation": 1,
																	"autoUnwrap": false,
																	"uv": [ 3.0, 12.5 ],
																	"rotationOrigin": [ 0.0, 0.5, 2.2 ],
																	"rotationX": 35.0,
																	"faces": {
																		"east": { "texture": "#skin", "uv": [ 3.5, 16.5, 5.0, 17.0 ] },
																		"south": { "texture": "#skin", "uv": [ 3.0, 14.0, 3.5, 16.5 ], "rotation": 270 },
																		"west": { "texture": "#skin", "uv": [ 3.5, 13.5, 5.0, 14.0 ], "rotation": 180 },
																		"up": { "texture": "#skin", "uv": [ 3.5, 14.0, 5.0, 16.5 ], "rotation": 270 },
																		"down": { "texture": "#skin", "uv": [ 30.0, 11.5, 31.5, 14.0 ], "rotation": 90 }
																	},
																	"children": [
																		{
																			"name": "LTopc4",
																			"from": [ 0.4, 0.3, 1.5 ],
																			"to": [ 1.9, 0.5, 2.5 ],
																			"unwrapMode": 7,
																			"unwrapRotation": 1,
																			"autoUnwrap": false,
																			"uv": [ 1.5, 12.5 ],
																			"rotationOrigin": [ 0.4, 0.5, 1.5 ],
																			"rotationY": 5.0,
																			"rotationZ": -5.0,
																			"faces": {
																				"east": { "texture": "#skin", "uv": [ 1.5, 15.5, 2.5, 16.0 ] },
																				"west": { "texture": "#skin", "uv": [ 1.5, 13.5, 2.5, 14.0 ], "rotation": 180 },
																				"up": { "texture": "#skin", "uv": [ 1.5, 14.0, 2.5, 15.5 ], "rotation": 270 },
																				"down": { "texture": "#skin", "uv": [ 32.0, 11.5, 33.0, 13.0 ], "rotation": 90 }
																			}
																		}
																	]
																},
																{
																	"name": "LTopa5",
																	"from": [ 3.0, 0.0, 0.2 ],
																	"to": [ 3.7, 0.5, 2.2 ],
																	"unwrapMode": 7,
																	"unwrapRotation": 1,
																	"autoUnwrap": false,
																	"uv": [ 5.5, 16.0 ],
																	"rotationOrigin": [ 3.0, 0.5, 2.2 ],
																	"rotationZ": -30.0,
																	"faces": {
																		"south": { "texture": "#skin", "uv": [ 5.5, 17.5, 6.0, 18.0 ], "rotation": 270, "windMode": [-1,-1,-1,-1] },
																		"up": { "texture": "#skin", "uv": [ 6.0, 17.5, 8.0, 18.0 ], "rotation": 270 },
																		"down": { "texture": "#skin", "uv": [ 27.5, 15.0, 29.5, 15.5 ], "rotation": 90 }
																	}
																}
															]
														}
													]
												},
												{
													"name": "RTopa3",
													"from": [ 0.0, -0.2, -2.5 ],
													"to": [ 5.0, 0.3, 0.0 ],
													"unwrapMode": 7,
													"unwrapRotation": 1,
													"autoUnwrap": false,
													"uv": [ 11.0, 7.0 ],
													"rotationOrigin": [ 0.0, 0.3, 0.0 ],
													"rotationX": -9.0,
													"rotationY": -5.0,
													"rotationZ": 1.0,
													"faces": {
														"east": { "texture": "#skin", "uv": [ 11.5, 12.5, 14.0, 13.0 ] },
														"south": { "texture": "#skin", "uv": [ 11.0, 7.5, 11.5, 12.5 ], "rotation": 270 },
														"west": { "texture": "#skin", "uv": [ 11.5, 7.0, 14.0, 7.5 ], "rotation": 180 },
														"up": { "texture": "#skin", "uv": [ 11.5, 7.5, 14.0, 12.5 ], "rotation": 270 },
														"down": { "texture": "#skin", "uv": [ 23.0, 6.0, 25.5, 11.0 ], "rotation": 90 }
													},
													"children": [
														{
															"name": "RTopb3",
															"from": [ 0.0, 0.0, -2.5 ],
															"to": [ 5.0, 0.5, 0.0 ],
															"unwrapMode": 7,
															"unwrapRotation": 1,
															"autoUnwrap": false,
															"uv": [ 14.5, 7.0 ],
															"rotationOrigin": [ 0.0, 0.5, 0.0 ],
															"rotationX": -35.0,
															"faces": {
																"east": { "texture": "#skin", "uv": [ 14.5, 12.5, 17.0, 13.0 ] },
																"west": { "texture": "#skin", "uv": [ 14.5, 7.0, 17.0, 7.5 ], "rotation": 180 },
																"up": { "texture": "#skin", "uv": [ 14.5, 7.5, 17.0, 12.5 ], "rotation": 270 },
																"down": { "texture": "#skin", "uv": [ 20.0, 6.0, 22.5, 11.0 ], "rotation": 90 }
															},
															"children": [
																{
																	"name": "RTopc3",
																	"from": [ 0.0, 0.0, -0.6 ],
																	"to": [ 5.0, 0.5, 0.0 ],
																	"unwrapMode": 7,
																	"unwrapRotation": 1,
																	"autoUnwrap": false,
																	"uv": [ 17.5, 7.0 ],
																	"rotationOrigin": [ 0.0, 0.5, 0.0 ],
																	"rotationX": -20.0,
																	"faces": {
																		"east": { "texture": "#skin", "uv": [ 17.5, 12.5, 18.0, 13.0 ] },
																		"west": { "texture": "#skin", "uv": [ 17.5, 7.0, 18.0, 7.5 ], "rotation": 180 },
																		"up": { "texture": "#skin", "uv": [ 17.5, 7.5, 18.0, 12.5 ], "rotation": 270 },
																		"down": { "texture": "#skin", "uv": [ 19.0, 6.0, 19.5, 11.0 ], "rotation": 90 }
																	}
																}
															]
														}
													]
												},
												{
													"name": "LTopa3",
													"from": [ 0.0, -0.2, 1.2 ],
													"to": [ 5.0, 0.3, 3.7 ],
													"unwrapMode": 7,
													"unwrapRotation": 1,
													"autoUnwrap": false,
													"uv": [ 5.5, 7.0 ],
													"rotationOrigin": [ 0.0, 0.3, 1.2 ],
													"rotationX": 9.0,
													"rotationY": 5.0,
													"rotationZ": 1.0,
													"faces": {
														"north": { "texture": "#skin", "uv": [ 7.5, 7.5, 8.0, 12.5 ], "rotation": 90 },
														"east": { "texture": "#skin", "uv": [ 5.0, 12.5, 7.5, 13.0 ] },
														"west": { "texture": "#skin", "uv": [ 5.0, 7.0, 7.5, 7.5 ], "rotation": 180 },
														"up": { "texture": "#skin", "uv": [ 5.0, 7.5, 7.5, 12.5 ], "rotation": 270 },
														"down": { "texture": "#skin", "uv": [ 27.5, 6.0, 30.0, 11.0 ], "rotation": 90 }
													},
													"children": [
														{
															"name": "LTopb3",
															"from": [ 0.0, 0.0, 2.5 ],
															"to": [ 5.0, 0.5, 5.0 ],
															"unwrapMode": 7,
															"unwrapRotation": 1,
															"autoUnwrap": false,
															"uv": [ 1.5, 7.0 ],
															"rotationOrigin": [ 0.0, 0.5, 2.5 ],
															"rotationX": 35.0,
															"faces": {
																"east": { "texture": "#skin", "uv": [ 2.0, 12.5, 4.5, 13.0 ] },
																"west": { "texture": "#skin", "uv": [ 2.0, 7.0, 4.5, 7.5 ], "rotation": 180 },
																"up": { "texture": "#skin", "uv": [ 2.0, 7.5, 4.5, 12.5 ], "rotation": 270 },
																"down": { "texture": "#skin", "uv": [ 30.5, 6.0, 33.0, 11.0 ], "rotation": 90 }
															},
															"children": [
																{
																	"name": "LTopc3",
																	"from": [ 0.0, 0.0, 2.5 ],
																	"to": [ 5.0, 0.5, 3.1 ],
																	"unwrapMode": 7,
																	"unwrapRotation": 1,
																	"autoUnwrap": false,
																	"uv": [ 0.5, 7.0 ],
																	"rotationOrigin": [ 0.0, 0.5, 2.5 ],
																	"rotationX": 20.0,
																	"faces": {
																		"east": { "texture": "#skin", "uv": [ 1.0, 12.5, 1.5, 13.0 ] },
																		"west": { "texture": "#skin", "uv": [ 1.0, 7.0, 1.5, 7.5 ], "rotation": 180 },
																		"up": { "texture": "#skin", "uv": [ 1.0, 7.5, 1.5, 12.5 ], "rotation": 270 },
																		"down": { "texture": "#skin", "uv": [ 33.5, 6.0, 34.0, 11.0 ], "rotation": 90 }
																	}
																}
															]
														}
													]
												}
											]
										},
										{
											"name": "RTopa2",
											"from": [ 0.0, -0.2, -2.5 ],
											"to": [ 2.2, 0.3, 0.0 ],
											"unwrapMode": 7,
											"unwrapRotation": 1,
											"autoUnwrap": false,
											"uv": [ 11.0, 4.0 ],
											"rotationOrigin": [ 0.0, 0.3, 0.0 ],
											"rotationX": -10.0,
											"rotationZ": -1.0,
											"faces": {
												"south": { "texture": "#skin", "uv": [ 11.0, 4.5, 11.5, 6.5 ], "rotation": 270 },
												"west": { "texture": "#skin", "uv": [ 11.5, 4.0, 14.0, 4.5 ], "rotation": 180 },
												"up": { "texture": "#skin", "uv": [ 11.5, 4.5, 14.0, 6.5 ], "rotation": 270 },
												"down": { "texture": "#skin", "uv": [ 23.0, 3.5, 25.5, 5.5 ], "rotation": 90 }
											},
											"children": [
												{
													"name": "RTopb2",
													"from": [ 0.0, 0.2, -2.0 ],
													"to": [ 2.2, 0.5, 0.0 ],
													"unwrapMode": 7,
													"unwrapRotation": 1,
													"autoUnwrap": false,
													"uv": [ 14.5, 3.5 ],
													"rotationOrigin": [ 2.0, 0.5, 0.0 ],
													"rotationX": -39.0,
													"faces": {
														"north": { "texture": "#skin", "uv": [ 16.5, 4.0, 17.0, 6.0 ], "rotation": 90 },
														"east": { "texture": "#skin", "uv": [ 14.5, 6.0, 16.5, 6.5 ] },
														"west": { "texture": "#skin", "uv": [ 14.5, 3.5, 16.5, 4.0 ], "rotation": 180 },
														"up": { "texture": "#skin", "uv": [ 14.5, 4.0, 16.5, 6.0 ], "rotation": 270 },
														"down": { "texture": "#skin", "uv": [ 20.5, 3.5, 22.5, 5.5 ], "rotation": 90 }
													}
												},
												{
													"name": "RTopa1",
													"from": [ -2.0, 0.0, 0.0 ],
													"to": [ 0.0, 0.5, 2.6 ],
													"unwrapMode": 7,
													"unwrapRotation": 1,
													"autoUnwrap": false,
													"uv": [ 11.0, 1.5 ],
													"rotationOrigin": [ 0.0, 0.5, 0.0 ],
													"rotationY": 4.0,
													"rotationZ": 16.0,
													"faces": {
														"up": { "texture": "#skin", "uv": [ 11.0, 1.5, 13.5, 3.5 ], "rotation": 270 },
														"down": { "texture": "#skin", "uv": [ 23.0, 1.0, 25.5, 3.0 ], "rotation": 90 }
													},
													"children": [
														{
															"name": "RTopb1",
															"from": [ 0.05, 0.4, -1.0 ],
															"to": [ 2.05, 0.5, 0.0 ],
															"unwrapMode": 7,
															"unwrapRotation": 1,
															"autoUnwrap": false,
															"uv": [ 14.0, 1.0 ],
															"rotationOrigin": [ 0.05, 0.5, 0.0 ],
															"rotationX": -40.0,
															"rotationZ": -1.0,
															"faces": {
																"up": { "texture": "#skin", "uv": [ 14.0, 1.0, 15.0, 3.0 ], "rotation": 270 },
																"down": { "texture": "#skin", "uv": [ 21.5, 1.0, 22.5, 3.0 ], "rotation": 90 }
															},
															"children": [
																{
																	"name": "RTopc1",
																	"from": [ 1.0, 0.0, -0.5 ],
																	"to": [ 2.0, 0.1, 0.0 ],
																	"unwrapMode": 7,
																	"unwrapRotation": 1,
																	"autoUnwrap": false,
																	"uv": [ 15.5, 2.0 ],
																	"rotationOrigin": [ 1.0, 0.1, 0.0 ],
																	"faces": {
																		"up": { "texture": "#skin", "uv": [ 15.5, 2.0, 16.0, 3.0 ], "rotation": 270 },
																		"down": { "texture": "#skin", "uv": [ 20.5, 2.0, 21.0, 3.0 ], "rotation": 90 }
																	}
																}
															]
														}
													]
												}
											]
										},
										{
											"name": "LTopa2",
											"from": [ 0.0, -0.2, 1.1 ],
											"to": [ 2.2, 0.3, 3.6 ],
											"unwrapMode": 7,
											"unwrapRotation": 1,
											"autoUnwrap": false,
											"uv": [ 5.5, 4.0 ],
											"rotationOrigin": [ 0.0, 0.3, 1.1 ],
											"rotationX": 10.0,
											"rotationZ": -1.0,
											"faces": {
												"north": { "texture": "#skin", "uv": [ 7.5, 4.5, 8.0, 6.5 ], "rotation": 90 },
												"west": { "texture": "#skin", "uv": [ 5.0, 4.0, 7.5, 4.5 ], "rotation": 180 },
												"up": { "texture": "#skin", "uv": [ 5.0, 4.5, 7.5, 6.5 ], "rotation": 270 },
												"down": { "texture": "#skin", "uv": [ 27.5, 3.5, 30.0, 5.5 ], "rotation": 90 }
											},
											"children": [
												{
													"name": "LTopb2",
													"from": [ 0.0, 0.2, 2.5 ],
													"to": [ 2.2, 0.5, 4.5 ],
													"unwrapMode": 7,
													"unwrapRotation": 1,
													"autoUnwrap": false,
													"uv": [ 2.0, 3.5 ],
													"rotationOrigin": [ 2.0, 0.5, 2.5 ],
													"rotationX": 39.0,
													"faces": {
														"east": { "texture": "#skin", "uv": [ 2.5, 6.0, 4.5, 6.5 ] },
														"south": { "texture": "#skin", "uv": [ 2.0, 4.0, 2.5, 6.0 ], "rotation": 270 },
														"west": { "texture": "#skin", "uv": [ 2.5, 3.5, 4.5, 4.0 ], "rotation": 180 },
														"up": { "texture": "#skin", "uv": [ 2.5, 4.0, 4.5, 6.0 ], "rotation": 270 },
														"down": { "texture": "#skin", "uv": [ 30.5, 3.5, 32.5, 5.5 ], "rotation": 90 }
													}
												},
												{
													"name": "LTopa1",
													"from": [ -2.0, 0.0, -0.1 ],
													"to": [ 0.0, 0.5, 2.5 ],
													"unwrapMode": 7,
													"unwrapRotation": 1,
													"autoUnwrap": false,
													"uv": [ 5.5, 1.5 ],
													"rotationOrigin": [ 0.0, 0.5, 2.4 ],
													"rotationY": -4.0,
													"rotationZ": 16.0,
													"faces": {
														"up": { "texture": "#skin", "uv": [ 5.5, 1.5, 8.0, 3.5 ], "rotation": 270 },
														"down": { "texture": "#skin", "uv": [ 27.5, 1.0, 30.0, 3.0 ], "rotation": 90 }
													},
													"children": [
														{
															"name": "LTopb1",
															"from": [ 0.05, 0.4, 2.6 ],
															"to": [ 2.05, 0.5, 3.6 ],
															"unwrapMode": 7,
															"unwrapRotation": 1,
															"autoUnwrap": false,
															"uv": [ 4.0, 1.0 ],
															"rotationOrigin": [ 0.05, 0.5, 2.6 ],
															"rotationX": 40.0,
															"rotationZ": -1.0,
															"faces": {
																"up": { "texture": "#skin", "uv": [ 4.0, 1.0, 5.0, 3.0 ], "rotation": 270 },
																"down": { "texture": "#skin", "uv": [ 30.5, 1.0, 31.5, 3.0 ], "rotation": 90 }
															},
															"children": [
																{
																	"name": "LTopc1",
																	"from": [ 1.0, 0.0, 1.0 ],
																	"to": [ 2.0, 0.1, 1.5 ],
																	"unwrapMode": 7,
																	"unwrapRotation": 1,
																	"autoUnwrap": false,
																	"uv": [ 3.0, 2.0 ],
																	"rotationOrigin": [ 1.0, 0.1, 1.0 ],
																	"faces": {
																		"up": { "texture": "#skin", "uv": [ 3.0, 2.0, 3.5, 3.0 ], "rotation": 270 },
																		"down": { "texture": "#skin", "uv": [ 32.0, 2.0, 32.5, 3.0 ], "rotation": 90 }
																	}
																}
															]
														}
													]
												}
											]
										}
									]
								}
							]
						},
						{
							"name": "RSEdge1",
							"from": [ -1.1, 3.0, 0.9 ],
							"to": [ -0.1, 3.5, 2.9 ],
							"unwrapMode": 7,
							"unwrapRotation": 1,
							"uv": [ 40.5, 1.0 ],
							"rotationOrigin": [ -1.1, 3.0, 2.9 ],
							"rotationX": -10.0,
							"rotationY": 10.0,
							"faces": {
								"north": { "texture": "#skin", "uv": [ 43.0, 1.5, 43.5, 2.5 ], "rotation": 90 },
								"east": { "texture": "#skin", "uv": [ 41.0, 2.5, 43.0, 3.0 ] },
								"south": { "texture": "#skin", "uv": [ 40.5, 1.5, 41.0, 2.5 ], "rotation": 270 },
								"west": { "texture": "#skin", "uv": [ 41.0, 1.0, 43.0, 1.5 ], "rotation": 180 },
								"up": { "texture": "#skin", "uv": [ 41.0, 1.5, 43.0, 2.5 ], "rotation": 270 },
								"down": { "texture": "#skin", "uv": [ 43.5, 1.5, 45.5, 2.5 ], "rotation": 90 }
							},
							"children": [
								{
									"name": "RSEdge2",
									"from": [ 0.0, 0.0, -2.0 ],
									"to": [ 1.0, 0.55, 0.1 ],
									"unwrapMode": 7,
									"unwrapRotation": 1,
									"uv": [ 40.5, 3.5 ],
									"rotationOrigin": [ 0.0, 0.0, 0.0 ],
									"rotationX": -10.0,
									"rotationY": -30.0,
									"faces": {
										"north": { "texture": "#skin", "uv": [ 43.0, 4.0, 43.5, 5.0 ], "rotation": 90 },
										"east": { "texture": "#skin", "uv": [ 41.0, 5.0, 43.0, 5.5 ] },
										"south": { "texture": "#skin", "uv": [ 40.5, 4.0, 41.0, 5.0 ], "rotation": 270 },
										"west": { "texture": "#skin", "uv": [ 41.0, 3.5, 43.0, 4.0 ], "rotation": 180 },
										"up": { "texture": "#skin", "uv": [ 41.0, 4.0, 43.0, 5.0 ], "rotation": 270 },
										"down": { "texture": "#skin", "uv": [ 43.5, 4.0, 45.5, 5.0 ], "rotation": 90 }
									},
									"children": [
										{
											"name": "RSEdge3",
											"from": [ 0.0, 0.0, -2.0 ],
											"to": [ 1.5, 0.6, 0.0 ],
											"unwrapMode": 7,
											"unwrapRotation": 1,
											"uv": [ 40.5, 6.0 ],
											"rotationOrigin": [ 0.0, 0.0, 0.0 ],
											"rotationY": -58.0,
											"rotationZ": -8.0,
											"faces": {
												"north": { "texture": "#skin", "uv": [ 43.0, 6.5, 43.5, 8.0 ], "rotation": 90 },
												"east": { "texture": "#skin", "uv": [ 41.0, 8.0, 43.0, 8.5 ] },
												"south": { "texture": "#skin", "uv": [ 40.5, 6.5, 41.0, 8.0 ], "rotation": 270 },
												"west": { "texture": "#skin", "uv": [ 41.0, 6.0, 43.0, 6.5 ], "rotation": 180 },
												"up": { "texture": "#skin", "uv": [ 41.0, 6.5, 43.0, 8.0 ], "rotation": 270 },
												"down": { "texture": "#skin", "uv": [ 43.5, 6.5, 45.5, 8.0 ], "rotation": 90 }
											},
											"children": [
												{
													"name": "RSEdge4",
													"from": [ 0.0, -0.1, -2.0 ],
													"to": [ 1.0, 0.5, 0.0 ],
													"unwrapMode": 7,
													"unwrapRotation": 1,
													"uv": [ 40.5, 9.0 ],
													"rotationOrigin": [ 1.0, -0.1, 0.0 ],
													"rotationX": -17.0,
													"rotationY": 44.0,
													"rotationZ": 8.0,
													"faces": {
														"north": { "texture": "#skin", "uv": [ 43.0, 9.5, 43.5, 10.5 ], "rotation": 90 },
														"east": { "texture": "#skin", "uv": [ 41.0, 10.5, 43.0, 11.0 ] },
														"south": { "texture": "#skin", "uv": [ 40.5, 9.5, 41.0, 10.5 ], "rotation": 270 },
														"west": { "texture": "#skin", "uv": [ 41.0, 9.0, 43.0, 9.5 ], "rotation": 180 },
														"up": { "texture": "#skin", "uv": [ 41.0, 9.5, 43.0, 10.5 ], "rotation": 270 },
														"down": { "texture": "#skin", "uv": [ 43.5, 9.5, 45.5, 10.5 ], "rotation": 90 }
													},
													"children": [
														{
															"name": "RSEdge5",
															"from": [ 0.0, 0.1, -3.0 ],
															"to": [ 1.5, 0.7, 0.0 ],
															"unwrapMode": 7,
															"unwrapRotation": 1,
															"uv": [ 44.0, 13.5 ],
															"rotationOrigin": [ 0.0, 0.1, 0.0 ],
															"rotationX": 5.0,
															"rotationY": -50.0,
															"rotationZ": -10.0,
															"faces": {
																"north": { "texture": "#skin", "uv": [ 47.5, 14.0, 48.0, 15.5 ], "rotation": 90 },
																"east": { "texture": "#skin", "uv": [ 44.5, 15.5, 47.5, 16.0 ] },
																"south": { "texture": "#skin", "uv": [ 44.0, 14.0, 44.5, 15.5 ], "rotation": 270 },
																"west": { "texture": "#skin", "uv": [ 44.5, 13.5, 47.5, 14.0 ], "rotation": 180 },
																"up": { "texture": "#skin", "uv": [ 44.5, 14.0, 47.5, 15.5 ], "rotation": 270 },
																"down": { "texture": "#skin", "uv": [ 48.0, 14.0, 51.0, 15.5 ], "rotation": 90 }
															},
															"children": [
																{
																	"name": "RSEdge6",
																	"from": [ 0.0, 0.0, -4.0 ],
																	"to": [ 1.5, 0.6, 0.0 ],
																	"unwrapMode": 7,
																	"unwrapRotation": 1,
																	"uv": [ 42.0, 16.5 ],
																	"rotationOrigin": [ 0.0, 0.0, 0.0 ],
																	"rotationY": -19.0,
																	"faces": {
																		"north": { "texture": "#skin", "uv": [ 46.5, 17.0, 47.0, 18.5 ], "rotation": 90 },
																		"east": { "texture": "#skin", "uv": [ 42.5, 18.5, 46.5, 19.0 ] },
																		"south": { "texture": "#skin", "uv": [ 42.0, 17.0, 42.5, 18.5 ], "rotation": 270 },
																		"west": { "texture": "#skin", "uv": [ 42.5, 16.5, 46.5, 17.0 ], "rotation": 180 },
																		"up": { "texture": "#skin", "uv": [ 42.5, 17.0, 46.5, 18.5 ], "rotation": 270 },
																		"down": { "texture": "#skin", "uv": [ 47.0, 17.0, 51.0, 18.5 ], "rotation": 90 }
																	},
																	"children": [
																		{
																			"name": "RSEdge7",
																			"from": [ 0.0, 0.0, -3.0 ],
																			"to": [ 1.5, 0.6, 0.0 ],
																			"unwrapMode": 7,
																			"unwrapRotation": 1,
																			"uv": [ 44.5, 19.5 ],
																			"rotationOrigin": [ 0.0, 0.0, 0.0 ],
																			"rotationX": 10.0,
																			"rotationY": -35.0,
																			"faces": {
																				"north": { "texture": "#skin", "uv": [ 48.0, 20.0, 48.5, 21.5 ], "rotation": 90 },
																				"east": { "texture": "#skin", "uv": [ 45.0, 21.5, 48.0, 22.0 ] },
																				"south": { "texture": "#skin", "uv": [ 44.5, 20.0, 45.0, 21.5 ], "rotation": 270 },
																				"west": { "texture": "#skin", "uv": [ 45.0, 19.5, 48.0, 20.0 ], "rotation": 180 },
																				"up": { "texture": "#skin", "uv": [ 45.0, 20.0, 48.0, 21.5 ], "rotation": 270 },
																				"down": { "texture": "#skin", "uv": [ 48.5, 20.0, 51.5, 21.5 ], "rotation": 90 }
																			},
																			"children": [
																				{
																					"name": "RSEdge8",
																					"from": [ 0.0, 0.0, -2.5 ],
																					"to": [ 1.5, 0.6, 0.0 ],
																					"unwrapMode": 7,
																					"unwrapRotation": 1,
																					"uv": [ 45.0, 25.0 ],
																					"rotationOrigin": [ 0.0, 0.0, 0.0 ],
																					"rotationX": 1.0,
																					"rotationY": -15.0,
																					"faces": {
																						"north": { "texture": "#skin", "uv": [ 48.0, 25.5, 48.5, 27.0 ], "rotation": 90 },
																						"east": { "texture": "#skin", "uv": [ 45.5, 27.0, 48.0, 27.5 ] },
																						"south": { "texture": "#skin", "uv": [ 45.0, 25.5, 45.5, 27.0 ], "rotation": 270 },
																						"west": { "texture": "#skin", "uv": [ 45.5, 25.0, 48.0, 25.5 ], "rotation": 180 },
																						"up": { "texture": "#skin", "uv": [ 45.5, 25.5, 48.0, 27.0 ], "rotation": 270 },
																						"down": { "texture": "#skin", "uv": [ 48.5, 25.5, 51.0, 27.0 ], "rotation": 90 }
																					}
																				},
																				{
																					"name": "RSEdge7B",
																					"from": [ 0.2, 0.0, -0.4 ],
																					"to": [ 1.2, 0.5, 2.8 ],
																					"unwrapMode": 7,
																					"unwrapRotation": 1,
																					"uv": [ 44.5, 22.5 ],
																					"rotationOrigin": [ 0.2, 0.5, -0.4 ],
																					"rotationY": 8.0,
																					"rotationZ": 40.0,
																					"faces": {
																						"north": { "texture": "#skin", "uv": [ 48.0, 23.0, 48.5, 24.0 ], "rotation": 90 },
																						"east": { "texture": "#skin", "uv": [ 45.0, 24.0, 48.0, 24.5 ] },
																						"south": { "texture": "#skin", "uv": [ 44.5, 23.0, 45.0, 24.0 ], "rotation": 270 },
																						"west": { "texture": "#skin", "uv": [ 45.0, 22.5, 48.0, 23.0 ], "rotation": 180 },
																						"up": { "texture": "#skin", "uv": [ 45.0, 23.0, 48.0, 24.0 ], "rotation": 270 },
																						"down": { "texture": "#skin", "uv": [ 48.5, 23.0, 51.5, 24.0 ], "rotation": 90 }
																					}
																				}
																			]
																		}
																	]
																}
															]
														},
														{
															"name": "RSEdge4b",
															"from": [ 0.7, 0.2, 0.2 ],
															"to": [ 1.7, 0.5, 1.7 ],
															"unwrapMode": 7,
															"unwrapRotation": 1,
															"uv": [ 43.0, 11.0 ],
															"rotationOrigin": [ 0.7, 0.5, 0.2 ],
															"rotationY": -15.0,
															"rotationZ": 25.0,
															"faces": {
																"north": { "texture": "#skin", "uv": [ 45.0, 11.5, 45.5, 12.5 ], "rotation": 90 },
																"east": { "texture": "#skin", "uv": [ 43.5, 12.5, 45.0, 13.0 ] },
																"south": { "texture": "#skin", "uv": [ 43.0, 11.5, 43.5, 12.5 ], "rotation": 270 },
																"west": { "texture": "#skin", "uv": [ 43.5, 11.0, 45.0, 11.5 ], "rotation": 180 },
																"up": { "texture": "#skin", "uv": [ 43.5, 11.5, 45.0, 12.5 ], "rotation": 270 },
																"down": { "texture": "#skin", "uv": [ 45.5, 11.5, 47.0, 12.5 ], "rotation": 90 }
															}
														}
													]
												}
											]
										}
									]
								}
							]
						},
						{
							"name": "LSEdge1",
							"from": [ -1.1, 3.0, 3.3 ],
							"to": [ -0.1, 3.5, 5.3 ],
							"unwrapMode": 7,
							"unwrapRotation": 1,
							"uv": [ 35.0, 1.0 ],
							"rotationOrigin": [ -1.1, 3.0, 3.3 ],
							"rotationX": 10.0,
							"rotationY": -10.0,
							"faces": {
								"north": { "texture": "#skin", "uv": [ 37.5, 1.5, 38.0, 2.5 ], "rotation": 90 },
								"east": { "texture": "#skin", "uv": [ 35.5, 2.5, 37.5, 3.0 ] },
								"south": { "texture": "#skin", "uv": [ 35.0, 1.5, 35.5, 2.5 ], "rotation": 270 },
								"west": { "texture": "#skin", "uv": [ 35.5, 1.0, 37.5, 1.5 ], "rotation": 180 },
								"up": { "texture": "#skin", "uv": [ 35.5, 1.5, 37.5, 2.5 ], "rotation": 270 },
								"down": { "texture": "#skin", "uv": [ 38.0, 1.5, 40.0, 2.5 ], "rotation": 90 }
							},
							"children": [
								{
									"name": "LSEdge2",
									"from": [ 0.0, 0.0, 1.9 ],
									"to": [ 1.0, 0.55, 4.0 ],
									"unwrapMode": 7,
									"unwrapRotation": 1,
									"uv": [ 35.0, 3.5 ],
									"rotationOrigin": [ 0.0, 0.0, 2.0 ],
									"rotationX": 10.0,
									"rotationY": 30.0,
									"faces": {
										"north": { "texture": "#skin", "uv": [ 37.5, 4.0, 38.0, 5.0 ], "rotation": 90 },
										"east": { "texture": "#skin", "uv": [ 35.5, 5.0, 37.5, 5.5 ] },
										"south": { "texture": "#skin", "uv": [ 35.0, 4.0, 35.5, 5.0 ], "rotation": 270 },
										"west": { "texture": "#skin", "uv": [ 35.5, 3.5, 37.5, 4.0 ], "rotation": 180 },
										"up": { "texture": "#skin", "uv": [ 35.5, 4.0, 37.5, 5.0 ], "rotation": 270 },
										"down": { "texture": "#skin", "uv": [ 38.0, 4.0, 40.0, 5.0 ], "rotation": 90 }
									},
									"children": [
										{
											"name": "LSEdge3",
											"from": [ 0.0, 0.0, 2.1 ],
											"to": [ 1.5, 0.6, 4.2 ],
											"unwrapMode": 7,
											"unwrapRotation": 1,
											"uv": [ 35.0, 6.0 ],
											"rotationOrigin": [ 0.0, 0.0, 2.1 ],
											"rotationY": 58.0,
											"rotationZ": -8.0,
											"faces": {
												"north": { "texture": "#skin", "uv": [ 37.5, 6.5, 38.0, 8.0 ], "rotation": 90 },
												"east": { "texture": "#skin", "uv": [ 35.5, 8.0, 37.5, 8.5 ] },
												"south": { "texture": "#skin", "uv": [ 35.0, 6.5, 35.5, 8.0 ], "rotation": 270 },
												"west": { "texture": "#skin", "uv": [ 35.5, 6.0, 37.5, 6.5 ], "rotation": 180 },
												"up": { "texture": "#skin", "uv": [ 35.5, 6.5, 37.5, 8.0 ], "rotation": 270 },
												"down": { "texture": "#skin", "uv": [ 38.0, 6.5, 40.0, 8.0 ], "rotation": 90 }
											},
											"children": [
												{
													"name": "LSEdge4",
													"from": [ 0.0, -0.1, 2.0 ],
													"to": [ 1.0, 0.5, 4.0 ],
													"unwrapMode": 7,
													"unwrapRotation": 1,
													"uv": [ 35.0, 9.0 ],
													"rotationOrigin": [ 1.0, -0.1, 2.0 ],
													"rotationX": 17.0,
													"rotationY": -44.0,
													"rotationZ": 8.0,
													"faces": {
														"north": { "texture": "#skin", "uv": [ 37.5, 9.5, 38.0, 10.5 ], "rotation": 90 },
														"east": { "texture": "#skin", "uv": [ 35.5, 10.5, 37.5, 11.0 ] },
														"south": { "texture": "#skin", "uv": [ 35.0, 9.5, 35.5, 10.5 ], "rotation": 270 },
														"west": { "texture": "#skin", "uv": [ 35.5, 9.0, 37.5, 9.5 ], "rotation": 180 },
														"up": { "texture": "#skin", "uv": [ 35.5, 9.5, 37.5, 10.5 ], "rotation": 270 },
														"down": { "texture": "#skin", "uv": [ 38.0, 9.5, 40.0, 10.5 ], "rotation": 90 }
													},
													"children": [
														{
															"name": "LSEdge5",
															"from": [ 0.0, 0.1, 2.0 ],
															"to": [ 1.5, 0.7, 5.0 ],
															"unwrapMode": 7,
															"unwrapRotation": 1,
															"uv": [ 36.5, 13.5 ],
															"rotationOrigin": [ 0.0, 0.1, 2.0 ],
															"rotationX": -5.0,
															"rotationY": 50.0,
															"rotationZ": -10.0,
															"faces": {
																"north": { "texture": "#skin", "uv": [ 40.0, 14.0, 40.5, 15.5 ], "rotation": 90 },
																"east": { "texture": "#skin", "uv": [ 37.0, 15.5, 40.0, 16.0 ] },
																"south": { "texture": "#skin", "uv": [ 36.5, 14.0, 37.0, 15.5 ], "rotation": 270 },
																"west": { "texture": "#skin", "uv": [ 37.0, 13.5, 40.0, 14.0 ], "rotation": 180 },
																"up": { "texture": "#skin", "uv": [ 37.0, 14.0, 40.0, 15.5 ], "rotation": 270 },
																"down": { "texture": "#skin", "uv": [ 40.5, 14.0, 43.5, 15.5 ], "rotation": 90 }
															},
															"children": [
																{
																	"name": "LSEdge6",
																	"from": [ 0.0, 0.0, 3.0 ],
																	"to": [ 1.5, 0.6, 7.0 ],
																	"unwrapMode": 7,
																	"unwrapRotation": 1,
																	"uv": [ 32.5, 16.5 ],
																	"rotationOrigin": [ 0.0, 0.0, 3.0 ],
																	"rotationY": 19.0,
																	"faces": {
																		"north": { "texture": "#skin", "uv": [ 37.0, 17.0, 37.5, 18.5 ], "rotation": 90 },
																		"east": { "texture": "#skin", "uv": [ 33.0, 18.5, 37.0, 19.0 ] },
																		"south": { "texture": "#skin", "uv": [ 32.5, 17.0, 33.0, 18.5 ], "rotation": 270 },
																		"west": { "texture": "#skin", "uv": [ 33.0, 16.5, 37.0, 17.0 ], "rotation": 180 },
																		"up": { "texture": "#skin", "uv": [ 33.0, 17.0, 37.0, 18.5 ], "rotation": 270 },
																		"down": { "texture": "#skin", "uv": [ 37.5, 17.0, 41.5, 18.5 ], "rotation": 90 }
																	},
																	"children": [
																		{
																			"name": "LSEdge7",
																			"from": [ 0.0, 0.0, 4.0 ],
																			"to": [ 1.5, 0.6, 7.0 ],
																			"unwrapMode": 7,
																			"unwrapRotation": 1,
																			"uv": [ 37.0, 19.5 ],
																			"rotationOrigin": [ 0.0, 0.0, 4.0 ],
																			"rotationX": -10.0,
																			"rotationY": 35.0,
																			"faces": {
																				"north": { "texture": "#skin", "uv": [ 40.5, 20.0, 41.0, 21.5 ], "rotation": 90 },
																				"east": { "texture": "#skin", "uv": [ 37.5, 21.5, 40.5, 22.0 ] },
																				"south": { "texture": "#skin", "uv": [ 37.0, 20.0, 37.5, 21.5 ], "rotation": 270 },
																				"west": { "texture": "#skin", "uv": [ 37.5, 19.5, 40.5, 20.0 ], "rotation": 180 },
																				"up": { "texture": "#skin", "uv": [ 37.5, 20.0, 40.5, 21.5 ], "rotation": 270 },
																				"down": { "texture": "#skin", "uv": [ 41.0, 20.0, 44.0, 21.5 ], "rotation": 90 }
																			},
																			"children": [
																				{
																					"name": "LSEdge8",
																					"from": [ 0.0, 0.0, 3.0 ],
																					"to": [ 1.5, 0.6, 5.5 ],
																					"unwrapMode": 7,
																					"unwrapRotation": 1,
																					"uv": [ 37.5, 25.0 ],
																					"rotationOrigin": [ 0.0, 0.0, 3.0 ],
																					"rotationX": -1.0,
																					"rotationY": 15.0,
																					"faces": {
																						"north": { "texture": "#skin", "uv": [ 40.5, 25.5, 41.0, 27.0 ], "rotation": 90 },
																						"east": { "texture": "#skin", "uv": [ 38.0, 27.0, 40.5, 27.5 ] },
																						"south": { "texture": "#skin", "uv": [ 37.5, 25.5, 38.0, 27.0 ], "rotation": 270 },
																						"west": { "texture": "#skin", "uv": [ 38.0, 25.0, 40.5, 25.5 ], "rotation": 180 },
																						"up": { "texture": "#skin", "uv": [ 38.0, 25.5, 40.5, 27.0 ], "rotation": 270 },
																						"down": { "texture": "#skin", "uv": [ 41.0, 25.5, 43.5, 27.0 ], "rotation": 90 }
																					}
																				},
																				{
																					"name": "LSEdge7B",
																					"from": [ 0.2, 0.0, 0.0 ],
																					"to": [ 1.2, 0.5, 3.2 ],
																					"unwrapMode": 7,
																					"unwrapRotation": 1,
																					"uv": [ 37.0, 22.5 ],
																					"rotationOrigin": [ 0.2, 0.5, 3.2 ],
																					"rotationY": -8.0,
																					"rotationZ": 40.0,
																					"faces": {
																						"north": { "texture": "#skin", "uv": [ 40.5, 23.0, 41.0, 24.0 ], "rotation": 90 },
																						"east": { "texture": "#skin", "uv": [ 37.5, 24.0, 40.5, 24.5 ] },
																						"south": { "texture": "#skin", "uv": [ 37.0, 23.0, 37.5, 24.0 ], "rotation": 270 },
																						"west": { "texture": "#skin", "uv": [ 37.5, 22.5, 40.5, 23.0 ], "rotation": 180 },
																						"up": { "texture": "#skin", "uv": [ 37.5, 23.0, 40.5, 24.0 ], "rotation": 270 },
																						"down": { "texture": "#skin", "uv": [ 41.0, 23.0, 44.0, 24.0 ], "rotation": 90 }
																					}
																				}
																			]
																		}
																	]
																}
															]
														},
														{
															"name": "LSEdge4b",
															"from": [ 0.3, 0.2, 0.2 ],
															"to": [ 1.3, 0.5, 1.7 ],
															"unwrapMode": 7,
															"unwrapRotation": 1,
															"uv": [ 37.5, 11.0 ],
															"rotationOrigin": [ 0.3, 0.5, 0.2 ],
															"rotationY": 15.0,
															"rotationZ": 25.0,
															"faces": {
																"north": { "texture": "#skin", "uv": [ 39.5, 11.5, 40.0, 12.5 ], "rotation": 90 },
																"east": { "texture": "#skin", "uv": [ 38.0, 12.5, 39.5, 13.0 ] },
																"south": { "texture": "#skin", "uv": [ 37.5, 11.5, 38.0, 12.5 ], "rotation": 270 },
																"west": { "texture": "#skin", "uv": [ 38.0, 11.0, 39.5, 11.5 ], "rotation": 180 },
																"up": { "texture": "#skin", "uv": [ 38.0, 11.5, 39.5, 12.5 ], "rotation": 270 },
																"down": { "texture": "#skin", "uv": [ 40.0, 11.5, 41.5, 12.5 ], "rotation": 90 }
															}
														}
													]
												}
											]
										}
									]
								}
							]
						},
						{
							"name": "SBottom1",
							"from": [ -1.5, 0.0, 1.0 ],
							"to": [ 1.0, 0.5, 5.2 ],
							"unwrapMode": 6,
							"unwrapRotation": 1,
							"uv": [ 3.0, 18.5 ],
							"rotationOrigin": [ -1.5, 0.0, 1.0 ],
							"rotationZ": -6.0,
							"faces": {
								"north": { "texture": "#skin", "uv": [ 3.0, 19.0, 3.5, 21.5 ], "rotation": 90 },
								"south": { "texture": "#skin", "uv": [ 7.5, 19.0, 8.0, 21.5 ], "rotation": 270 },
								"west": { "texture": "#skin", "uv": [ 3.5, 18.5, 7.5, 19.0 ] },
								"up": { "texture": "#skin", "uv": [ 8.0, 19.0, 12.0, 21.5 ], "rotation": 270 },
								"down": { "texture": "#skin", "uv": [ 3.5, 19.0, 7.5, 21.5 ], "rotation": 90 }
							},
							"children": [
								{
									"name": "SBottom2",
									"from": [ 2.5, 0.0, -1.9 ],
									"to": [ 8.5, 0.5, 6.1 ],
									"unwrapMode": 6,
									"unwrapRotation": 1,
									"uv": [ 1.5, 22.0 ],
									"rotationOrigin": [ 2.5, 0.0, -1.9 ],
									"rotationZ": 5.0,
									"faces": {
										"north": { "texture": "#skin", "uv": [ 1.5, 22.5, 2.0, 28.5 ], "rotation": 90 },
										"east": { "texture": "#skin", "uv": [ 2.0, 28.5, 10.0, 29.0 ], "rotation": 180 },
										"south": { "texture": "#skin", "uv": [ 10.0, 22.5, 10.5, 28.5 ], "rotation": 270 },
										"west": { "texture": "#skin", "uv": [ 2.0, 22.0, 10.0, 22.5 ] },
										"up": { "texture": "#skin", "uv": [ 10.5, 22.5, 18.5, 28.5 ], "rotation": 270 },
										"down": { "texture": "#skin", "uv": [ 2.0, 22.5, 10.0, 28.5 ], "rotation": 90 }
									},
									"children": [
										{
											"name": "SBottom3",
											"from": [ 6.0, 0.0, 2.0 ],
											"to": [ 9.0, 0.5, 6.0 ],
											"unwrapMode": 6,
											"unwrapRotation": 1,
											"uv": [ 3.0, 29.5 ],
											"rotationOrigin": [ 6.0, 0.0, 2.0 ],
											"rotationZ": 4.0,
											"faces": {
												"north": { "texture": "#skin", "uv": [ 3.0, 29.5, 3.5, 32.5 ], "rotation": 90 },
												"east": { "texture": "#skin", "uv": [ 3.5, 32.5, 7.5, 33.0 ], "rotation": 180 },
												"south": { "texture": "#skin", "uv": [ 7.5, 29.5, 8.0, 32.5 ], "rotation": 270 },
												"up": { "texture": "#skin", "uv": [ 8.0, 29.5, 12.0, 32.5 ], "rotation": 270 },
												"down": { "texture": "#skin", "uv": [ 3.5, 29.5, 7.5, 32.5 ], "rotation": 90 }
											},
											"children": [
												{
													"name": "TailBase",
													"from": [ 2.1, 0.2, 0.0 ],
													"to": [ 2.6, 1.7, 4.0 ],
													"unwrapMode": 2,
													"uv": [ 12.5, 29.0 ],
													"rotationOrigin": [ 2.1, 0.2, 0.0 ],
													"rotationZ": -10.0,
													"faces": {
														"north": { "texture": "#skin", "uv": [ 17.0, 29.0, 17.5, 30.5 ] },
														"east": { "texture": "#skin", "uv": [ 13.0, 29.0, 17.0, 30.5 ] },
														"south": { "texture": "#skin", "uv": [ 12.5, 29.0, 13.0, 30.5 ] }
													}
												}
											]
										}
									]
								}
							]
						},
						{
							"name": "Neckbase",
							"from": [ -1.0, 0.2, 1.1 ],
							"to": [ -0.5, 3.2, 5.1 ],
							"unwrapMode": 4,
							"uv": [ 14.0, 17.5 ],
							"rotationOrigin": [ -1.0, 0.2, 1.1 ],
							"faces": {
							},
							"children": [
								{
									"name": "RArmbase",
									"from": [ 0.0, -0.2, -2.0 ],
									"to": [ 1.3, 2.8, 0.0 ],
									"unwrapMode": 2,
									"uv": [ 48.0, 38.0 ],
									"rotationOrigin": [ 0.0, 2.3, 0.0 ],
									"rotationY": -45.0,
									"faces": {
									},
									"children": [
										{
											"name": "RSide",
											"from": [ 0.0, 0.0, -2.0 ],
											"to": [ 1.0, 2.2, 0.0 ],
											"unwrapMode": 4,
											"uv": [ 45.5, 38.0 ],
											"rotationOrigin": [ 0.0, 1.5, 0.0 ],
											"rotationY": -12.0,
											"faces": {
											},
											"children": [
												{
													"name": "RSide2",
													"from": [ 0.0, 0.0, -4.5 ],
													"to": [ 0.5, 1.5, 0.0 ],
													"unwrapMode": 4,
													"uv": [ 40.5, 41.5 ],
													"rotationOrigin": [ 0.0, 1.5, 0.0 ],
													"rotationY": -35.0,
													"faces": {
														"north": { "texture": "#skin", "uv": [ 40.5, 41.5, 41.0, 43.0 ] },
														"south": { "texture": "#skin", "uv": [ 45.5, 41.5, 46.0, 43.0 ] },
														"west": { "texture": "#skin", "uv": [ 41.0, 41.5, 45.5, 43.0 ] },
														"down": { "texture": "#skin", "uv": [ 41.0, 43.0, 45.5, 43.5 ], "rotation": 90 }
													}
												}
											]
										}
									]
								},
								{
									"name": "LArmbase",
									"from": [ 0.0, -0.2, 4.0 ],
									"to": [ 1.3, 2.8, 6.0 ],
									"unwrapMode": 4,
									"uv": [ 31.0, 38.0 ],
									"rotationOrigin": [ 0.0, 2.3, 4.0 ],
									"rotationY": 45.0,
									"faces": {
									},
									"children": [
										{
											"name": "LSide",
											"from": [ 0.0, 0.0, 2.0 ],
											"to": [ 1.0, 2.2, 4.0 ],
											"unwrapMode": 4,
											"uv": [ 28.5, 38.0 ],
											"rotationOrigin": [ 0.0, 1.5, 2.0 ],
											"rotationY": 12.0,
											"faces": {
											},
											"children": [
												{
													"name": "LSide2",
													"from": [ 0.0, 0.0, 2.0 ],
													"to": [ 0.5, 1.5, 6.5 ],
													"unwrapMode": 4,
													"uv": [ 22.5, 39.0 ],
													"rotationOrigin": [ 0.0, 1.5, 2.0 ],
													"rotationY": 35.0,
													"faces": {
														"north": { "texture": "#skin", "uv": [ 22.5, 39.0, 23.0, 40.5 ] },
														"south": { "texture": "#skin", "uv": [ 27.5, 39.0, 28.0, 40.5 ] },
														"west": { "texture": "#skin", "uv": [ 23.0, 39.0, 27.5, 40.5 ] },
														"down": { "texture": "#skin", "uv": [ 23.0, 40.5, 27.5, 41.0 ], "rotation": 90 }
													}
												}
											]
										}
									]
								}
							]
						}
					],
					"attachmentpoints": [
						{
							"code": "Center",
							"posX": "6.0","posY": "0.0","posZ": "3.1",
							"rotationX": "0.0","rotationY": "0.0","rotationZ": "0.0"
						}
					]
				}
			]
		}
	]}