{
    "editor": {
        "allAngles": true,
        "entityTextureMode": true
    },
    "textureWidth": 64,
    "textureHeight": 64,
    "textureSizes": {},
    "textures": {
        "blackguard-destroyed": "entity/humanoid/serapharmor/blackguard/blackguard-broken"
    },
    "elements": [
        {
            "name": "ArmorUpperLegR",
            "stepParentName": "UpperFootR",
            "from": [
                -0.2,
                -0.5,
                -0.3
            ],
            "to": [
                4.4,
                7,
                3.5
            ],
            "autoUnwrap": false,
            "uv": [
                16,
                33
            ],
            "rotationOrigin": [
                -0.2,
                -0.5,
                -0.3
            ],
            "faces": {
                "north": {
                    "texture": "#blackguard-destroyed",
                    "uv": [
                        16,
                        36.5,
                        20.5,
                        44
                    ]
                },
                "east": {
                    "texture": "#blackguard-destroyed",
                    "uv": [
                        28.5,
                        36.5,
                        32,
                        44
                    ]
                },
                "south": {
                    "texture": "#blackguard-destroyed",
                    "uv": [
                        24,
                        36.5,
                        28.5,
                        44
                    ]
                },
                "west": {
                    "texture": "#blackguard-destroyed",
                    "uv": [
                        20.5,
                        36.5,
                        24,
                        44
                    ]
                },
                "up": {
                    "texture": "#blackguard-destroyed",
                    "uv": [
                        16,
                        33,
                        20.5,
                        36.5
                    ]
                },
                "down": {
                    "texture": "#blackguard-destroyed",
                    "uv": [
                        24,
                        39,
                        27.5,
                        42.5
                    ],
                    "rotation": 90
                }
            }
        },
        {
            "name": "ArmorUpperLegL",
            "stepParentName": "UpperFootL",
            "from": [
                -0.2,
                -0.5,
                -0.3
            ],
            "to": [
                4.4,
                7,
                3.5
            ],
            "autoUnwrap": false,
            "uv": [
                0,
                33
            ],
            "rotationOrigin": [
                -0.2,
                -0.5,
                -0.3
            ],
            "faces": {
                "north": {
                    "texture": "#blackguard-destroyed",
                    "uv": [
                        0,
                        36.5,
                        4.5,
                        44
                    ]
                },
                "east": {
                    "texture": "#blackguard-destroyed",
                    "uv": [
                        12.5,
                        36.5,
                        16,
                        44
                    ]
                },
                "south": {
                    "texture": "#blackguard-destroyed",
                    "uv": [
                        8,
                        36.5,
                        12.5,
                        44
                    ]
                },
                "west": {
                    "texture": "#blackguard-destroyed",
                    "uv": [
                        4.5,
                        36.5,
                        8,
                        44
                    ]
                },
                "up": {
                    "texture": "#blackguard-destroyed",
                    "uv": [
                        0,
                        33,
                        4.5,
                        36.5
                    ]
                },
                "down": {
                    "texture": "#blackguard-destroyed",
                    "uv": [
                        8,
                        40,
                        11.5,
                        44.5
                    ],
                    "rotation": 90
                }
            }
        },
        {
            "name": "ArmorLowerLegR",
            "stepParentName": "LowerFootR",
            "from": [
                -0.3,
                0.8,
                -0.25
            ],
            "to": [
                3.2,
                7.3,
                3.25
            ],
            "autoUnwrap": false,
            "uv": [
                16,
                44
            ],
            "rotationOrigin": [
                -0.3,
                0.8,
                -0.4
            ],
            "faces": {
                "north": {
                    "texture": "#blackguard-destroyed",
                    "uv": [
                        16,
                        47.5,
                        20.5,
                        55
                    ],
                    "autoUv": false
                },
                "east": {
                    "texture": "#blackguard-destroyed",
                    "uv": [
                        28.5,
                        47.5,
                        32,
                        54
                    ]
                },
                "south": {
                    "texture": "#blackguard-destroyed",
                    "uv": [
                        24,
                        47.5,
                        28.5,
                        55
                    ],
                    "autoUv": false
                },
                "west": {
                    "texture": "#blackguard-destroyed",
                    "uv": [
                        20.5,
                        47.5,
                        24,
                        54
                    ]
                },
                "up": {
                    "texture": "#blackguard-destroyed",
                    "uv": [
                        16,
                        44,
                        19.5,
                        47.5
                    ]
                },
                "down": {
                    "texture": "#blackguard-destroyed",
                    "uv": [
                        24,
                        44,
                        28.5,
                        47.5
                    ],
                    "autoUv": false
                }
            }
        },
        {
            "name": "ArmorLowerLegL",
            "stepParentName": "LowerFootL",
            "from": [
                -0.3,
                0.8,
                -0.25
            ],
            "to": [
                3.2,
                6.3,
                3.25
            ],
            "autoUnwrap": false,
            "uv": [
                0,
                44
            ],
            "rotationOrigin": [
                -0.3,
                0.8,
                -0.4
            ],
            "faces": {
                "north": {
                    "texture": "#blackguard-destroyed",
                    "uv": [
                        0,
                        47.5,
                        4.5,
                        55
                    ],
                    "autoUv": false
                },
                "east": {
                    "texture": "#blackguard-destroyed",
                    "uv": [
                        12.5,
                        47.5,
                        16,
                        53
                    ]
                },
                "south": {
                    "texture": "#blackguard-destroyed",
                    "uv": [
                        8,
                        47.5,
                        12.5,
                        55
                    ],
                    "autoUv": false
                },
                "west": {
                    "texture": "#blackguard-destroyed",
                    "uv": [
                        4.5,
                        47.5,
                        8,
                        53
                    ]
                },
                "up": {
                    "texture": "#blackguard-destroyed",
                    "uv": [
                        0,
                        44,
                        3.5,
                        47.5
                    ]
                },
                "down": {
                    "texture": "#blackguard-destroyed",
                    "uv": [
                        8,
                        44,
                        11.5,
                        47.5
                    ]
                }
            }
        },
        {
            "name": "ArmorLowerLegR2",
            "stepParentName": "PawR",
            "from": [
                -0.3,
                0.8,
                -0.25
            ],
            "to": [
                3.2,
                7.3,
                3.25
            ],
            "autoUnwrap": false,
            "uv": [
                16,
                44
            ],
            "rotationOrigin": [
                -0.3,
                0.8,
                -0.4
            ],
            "faces": {
                "north": {
                    "texture": "#blackguard-destroyed",
                    "uv": [
                        16,
                        50.5,
                        19.5,
                        57
                    ]
                },
                "east": {
                    "texture": "#blackguard-destroyed",
                    "uv": [
                        28.5,
                        50.5,
                        32,
                        57
                    ]
                },
                "south": {
                    "texture": "#blackguard-destroyed",
                    "uv": [
                        24,
                        50.5,
                        27.5,
                        57
                    ]
                },
                "west": {
                    "texture": "#blackguard-destroyed",
                    "uv": [
                        20.5,
                        50.5,
                        24,
                        57
                    ]
                },
                "up": {
                    "texture": "#blackguard-destroyed",
                    "uv": [
                        8,
                        44,
                        12.5,
                        47.5
                    ],
                    "autoUv": false
                },
                "down": {
                    "texture": "#blackguard-destroyed",
                    "uv": [
                        24,
                        44,
                        27.5,
                        47.5
                    ]
                }
            }
        },
        {
            "name": "ArmorLowerLegL2",
            "stepParentName": "PawL",
            "from": [
                -0.3,
                1.8,
                -0.25
            ],
            "to": [
                3.2,
                7.3,
                3.25
            ],
            "autoUnwrap": false,
            "uv": [
                0,
                44
            ],
            "rotationOrigin": [
                -0.3,
                1.8,
                -0.4
            ],
            "faces": {
                "north": {
                    "texture": "#blackguard-destroyed",
                    "uv": [
                        0,
                        51.5,
                        3.5,
                        57
                    ]
                },
                "east": {
                    "texture": "#blackguard-destroyed",
                    "uv": [
                        12.5,
                        51.5,
                        16,
                        57
                    ],
                    "autoUv": false
                },
                "south": {
                    "texture": "#blackguard-destroyed",
                    "uv": [
                        8,
                        51.5,
                        11.5,
                        57
                    ]
                },
                "west": {
                    "texture": "#blackguard-destroyed",
                    "uv": [
                        4.5,
                        51.5,
                        8,
                        57
                    ],
                    "autoUv": false
                },
                "up": {
                    "texture": "#blackguard-destroyed",
                    "uv": [
                        8,
                        44,
                        12.5,
                        47.5
                    ],
                    "autoUv": false
                },
                "down": {
                    "texture": "#blackguard-destroyed",
                    "uv": [
                        8,
                        44,
                        11.5,
                        47.5
                    ]
                }
            }
        }
    ]
}