{
	"editor": {
		"backDropShape": "entity/humanoid/seraph",
		"allAngles": false,
		"entityTextureMode": true
	},
	"textureWidth": 16,
	"textureHeight": 16,
	"textureSizes": {
	},
	"textures": {
	},
	"elements": [
		{
			"name": "ButterflyTorso",
			"stepParentName": "UpperTorso",
			"from": [ -0.375, 0.75, 3.075 ],
			"to": [ 0.0, 1.5, 3.45 ],
			"autoUnwrap": false,
			"uv": [ 1.0, 1.0 ],
			"rotationOrigin": [ -0.375, 1.125, 3.45 ],
			"faces": {
				"north": { "texture": "#pin-butterfly", "uv": [ 13.0, 7.0, 13.375, 7.75 ] },
				"south": { "texture": "#pin-butterfly", "uv": [ 13.0, 7.0, 13.375, 7.75 ] },
				"west": { "texture": "#pin-butterfly", "uv": [ 13.0, 7.0, 13.375, 7.75 ] },
				"up": { "texture": "#pin-butterfly", "uv": [ 13.0, 7.0, 13.375, 7.375 ], "rotation": 90 },
				"down": { "texture": "#pin-butterfly", "uv": [ 13.0, 7.5, 13.375, 7.875 ], "rotation": 90 }
			},
			"children": [
				{
					"name": "ButterflyWingL",
					"from": [ 0.225, -0.75, -0.75 ],
					"to": [ 0.225, 1.5, 0.0 ],
					"uv": [ 12.0, 6.0 ],
					"rotationOrigin": [ 0.225, 0.375, 0.0 ],
					"rotationY": 22.5,
					"faces": {
						"west": { "texture": "#pin-butterfly", "uv": [ 12.0, 6.0, 12.75, 8.25 ] }
					}
				},
				{
					"name": "ButterflyWingR",
					"from": [ 0.225, -0.75, 0.375 ],
					"to": [ 0.225, 1.5, 1.125 ],
					"uv": [ 12.0, 6.0 ],
					"rotationOrigin": [ 0.225, 0.375, 0.375 ],
					"rotationY": -22.5,
					"faces": {
						"east": { "texture": "#pin-butterfly", "uv": [ 12.0, 6.0, 12.75, 8.25 ] }
					}
				}
			]
		}
	]}