{
	"editor": {
		"allAngles": false,
		"entityTextureMode": false
	},
	"textureWidth": 16,
	"textureHeight": 16,
	"textureSizes": {
	},
	"textures": {
		"blueplaid-feet": "block/wood/bed/normal/blanket/blueplaid-feet",
		"blueplaid-feet-sides": "block/wood/bed/normal/blanket/blueplaid-feet-sides",
		"blueplaid-head": "block/wood/bed/normal/blanket/blueplaid-head",
		"blueplaid-head-sides": "block/wood/bed/normal/blanket/blueplaid-head-sides",
		"matress": "block/wood/bed/normal/matress",
		"pillow": "block/wood/bed/normal/pillow",
		"walnut": "block/wood/debarked/walnut"
	},
	"elements": [
		{
			"name": "Bed base 2",
			"from": [ -7.0, 3.0, 7.0 ],
			"to": [ 9.0, 6.0, 23.0 ],
			"rotationOrigin": [ 8.0, 0.0, 15.0 ],
			"rotationY": -90.0,
			"faces": {
				"north": { "texture": "#walnut", "uv": [ 0.0, 0.0, 16.0, 3.0 ] },
				"east": { "texture": "#walnut", "uv": [ 0.0, 3.0, 16.0, 6.0 ] },
				"south": { "texture": "#walnut", "uv": [ 0.0, 6.0, 16.0, 9.0 ] },
				"west": { "texture": "#walnut", "uv": [ 0.0, 9.0, 16.0, 12.0 ] },
				"down": { "texture": "#walnut", "uv": [ 0.0, 0.0, 16.0, 16.0 ] }
			},
			"children": [
				{
					"name": "leg3",
					"from": [ 1.0, -3.0, 11.0 ],
					"to": [ 5.0, 0.0, 15.0 ],
					"rotationOrigin": [ 0.0, -3.0, 0.0 ],
					"faces": {
						"north": { "texture": "#walnut", "uv": [ 3.0, 0.0, 6.0, 4.0 ], "rotation": 90 },
						"east": { "texture": "#walnut", "uv": [ 3.0, 4.0, 6.0, 8.0 ], "rotation": 90 },
						"south": { "texture": "#walnut", "uv": [ 3.0, 8.0, 6.0, 12.0 ], "rotation": 90 },
						"west": { "texture": "#walnut", "uv": [ 3.0, 12.0, 6.0, 16.0 ], "rotation": 90 },
						"down": { "texture": "#walnut", "uv": [ 12.0, 8.0, 16.0, 12.0 ] }
					}
				},
				{
					"name": "leg4",
					"from": [ 1.0, -3.0, 1.0 ],
					"to": [ 5.0, 0.0, 5.0 ],
					"rotationOrigin": [ 0.0, -3.0, 0.0 ],
					"faces": {
						"north": { "texture": "#walnut", "uv": [ 0.0, 0.0, 3.0, 4.0 ], "rotation": 90 },
						"east": { "texture": "#walnut", "uv": [ 0.0, 4.0, 3.0, 8.0 ], "rotation": 90 },
						"south": { "texture": "#walnut", "uv": [ 0.0, 8.0, 3.0, 12.0 ], "rotation": 90 },
						"west": { "texture": "#walnut", "uv": [ 0.0, 12.0, 3.0, 16.0 ], "rotation": 90 },
						"down": { "texture": "#walnut", "uv": [ 12.0, 12.0, 16.0, 16.0 ] }
					}
				},
				{
					"name": "blueplaid top",
					"from": [ 0.0, 5.01, -0.01 ],
					"to": [ 16.01, 5.01, 16.01 ],
					"rotationOrigin": [ 0.0, 5.1, 0.0 ],
					"faces": {
						"up": { "texture": "#blueplaid-head", "uv": [ 0.0, 0.0, 16.0, 16.0 ], "rotation": 270 }
					},
					"children": [
						{
							"name": "side S",
							"from": [ 0.0, -7.0, 16.02 ],
							"to": [ 16.01, 0.0, 16.02 ],
							"rotationOrigin": [ 0.0, -7.0, 16.0 ],
							"faces": {
								"south": { "texture": "#blueplaid-head-sides", "uv": [ 1.0, 0.0, 8.0, 16.0 ], "rotation": 270 }
							}
						},
						{
							"name": "side N",
							"from": [ 0.0, -7.0, 0.0 ],
							"to": [ 16.01, 0.0, 0.0 ],
							"rotationOrigin": [ 0.0, -7.0, 0.0 ],
							"faces": {
								"north": { "texture": "#blueplaid-head-sides", "uv": [ 8.0, 0.0, 15.0, 16.0 ], "rotation": 90 }
							}
						},
						{
							"name": "side W",
							"from": [ -0.01, -7.0, 0.0 ],
							"to": [ -0.01, 0.0, 16.02 ],
							"rotationOrigin": [ 0.0, -7.0, 0.0 ],
							"faces": {
							}
						}
					]
				},
				{
					"name": "matress",
					"from": [ 0.0, 3.0, 0.0 ],
					"to": [ 16.0, 5.0, 16.0 ],
					"faces": {
						"north": { "texture": "#pillow", "uv": [ 0.0, 14.0, 16.0, 16.0 ] },
						"east": { "texture": "#pillow", "uv": [ 0.0, 14.0, 16.0, 16.0 ] },
						"south": { "texture": "#pillow", "uv": [ 0.0, 14.0, 16.0, 16.0 ] },
						"west": { "texture": "#pillow", "uv": [ 0.0, 14.0, 16.0, 16.0 ] },
						"up": { "texture": "#matress", "uv": [ 0.0, 0.0, 16.0, 16.0 ] }
					}
				},
				{
					"name": "pillow",
					"from": [ 1.0, 5.0, 1.0 ],
					"to": [ 9.0, 6.0, 15.0 ],
					"rotationOrigin": [ 0.0, 5.0, 1.0 ],
					"faces": {
						"north": { "texture": "#pillow", "uv": [ 15.0, 1.0, 16.0, 9.0 ], "rotation": 90 },
						"east": { "texture": "#pillow", "uv": [ 1.0, 9.0, 15.0, 10.0 ] },
						"south": { "texture": "#pillow", "uv": [ 0.0, 1.0, 1.0, 9.0 ], "rotation": 270 },
						"west": { "texture": "#pillow", "uv": [ 1.0, 0.0, 15.0, 1.0 ], "rotation": 180 },
						"up": { "texture": "#pillow", "uv": [ 1.0, 1.0, 15.0, 9.0 ], "rotation": 90 }
					}
				},
				{
					"name": "Bed base 2",
					"from": [ 16.0, 0.0, 0.0 ],
					"to": [ 30.0, 3.0, 16.0 ],
					"rotationOrigin": [ 16.0, -3.0, 0.0 ],
					"faces": {
						"north": { "texture": "#walnut", "uv": [ 0.0, 0.0, 14.0, 3.0 ] },
						"east": { "texture": "#walnut", "uv": [ 0.0, 3.0, 16.0, 6.0 ] },
						"south": { "texture": "#walnut", "uv": [ 0.0, 6.0, 14.0, 9.0 ] },
						"west": { "texture": "#walnut", "uv": [ 0.0, 9.0, 16.0, 12.0 ] },
						"down": { "texture": "#walnut", "uv": [ 0.0, 0.0, 14.0, 16.0 ] }
					},
					"children": [
						{
							"name": "leg3",
							"from": [ 9.0, -3.0, 11.0 ],
							"to": [ 13.0, 0.0, 15.0 ],
							"rotationOrigin": [ 0.0, -3.0, 0.0 ],
							"faces": {
								"north": { "texture": "#walnut", "uv": [ 6.0, 0.0, 9.0, 4.0 ], "rotation": 90 },
								"east": { "texture": "#walnut", "uv": [ 6.0, 4.0, 9.0, 8.0 ], "rotation": 90 },
								"south": { "texture": "#walnut", "uv": [ 6.0, 8.0, 9.0, 12.0 ], "rotation": 90 },
								"west": { "texture": "#walnut", "uv": [ 6.0, 12.0, 9.0, 16.0 ], "rotation": 90 },
								"down": { "texture": "#walnut", "uv": [ 12.0, 4.0, 16.0, 8.0 ] }
							}
						},
						{
							"name": "leg4",
							"from": [ 9.0, -3.0, 1.0 ],
							"to": [ 13.0, 0.0, 5.0 ],
							"rotationOrigin": [ 0.0, -3.0, 0.0 ],
							"faces": {
								"north": { "texture": "#walnut", "uv": [ 9.0, 0.0, 12.0, 4.0 ], "rotation": 90 },
								"east": { "texture": "#walnut", "uv": [ 9.0, 4.0, 12.0, 8.0 ], "rotation": 90 },
								"south": { "texture": "#walnut", "uv": [ 9.0, 8.0, 12.0, 12.0 ], "rotation": 90 },
								"west": { "texture": "#walnut", "uv": [ 9.0, 12.0, 12.0, 16.0 ], "rotation": 90 },
								"down": { "texture": "#walnut", "uv": [ 12.0, 0.0, 16.0, 4.0 ] }
							}
						},
						{
							"name": "blueplaid top",
							"from": [ 0.0, 5.01, -0.01 ],
							"to": [ 14.01, 5.01, 16.01 ],
							"rotationOrigin": [ 0.0, 5.1, 0.0 ],
							"faces": {
								"up": { "texture": "#blueplaid-feet", "uv": [ 0.0, 0.0, 16.0, 14.0 ], "rotation": 270 }
							},
							"children": [
								{
									"name": "side S",
									"from": [ 0.0, -5.0, 16.02 ],
									"to": [ 14.01, 0.0, 16.02 ],
									"rotationOrigin": [ 0.0, -5.0, 16.0 ],
									"faces": {
										"south": { "texture": "#blueplaid-feet-sides", "uv": [ 3.0, 0.0, 8.0, 14.0 ], "rotation": 270 }
									}
								},
								{
									"name": "side N",
									"from": [ 0.0, -5.0, 0.0 ],
									"to": [ 14.01, 0.0, 0.0 ],
									"rotationOrigin": [ 0.0, -5.0, 0.0 ],
									"faces": {
										"north": { "texture": "#blueplaid-feet-sides", "uv": [ 8.0, 0.0, 13.0, 14.0 ], "rotation": 90 }
									}
								},
								{
									"name": "side E",
									"from": [ 14.01, -5.0, 0.0 ],
									"to": [ 14.01, 0.0, 16.02 ],
									"rotationOrigin": [ 14.0, -5.0, 0.0 ],
									"faces": {
									}
								}
							]
						}
					]
				},
				{
					"name": "matress",
					"from": [ 16.0, 3.0, 0.0 ],
					"to": [ 30.0, 5.0, 16.0 ],
					"rotationOrigin": [ 16.0, 0.0, 0.0 ],
					"faces": {
						"north": { "texture": "#pillow", "uv": [ 2.0, 14.0, 16.0, 16.0 ] },
						"east": { "texture": "#pillow", "uv": [ 0.0, 14.0, 16.0, 16.0 ] },
						"south": { "texture": "#pillow", "uv": [ 0.0, 14.0, 14.0, 16.0 ] },
						"west": { "texture": "#pillow", "uv": [ 0.0, 14.0, 16.0, 16.0 ] },
						"up": { "texture": "#matress", "uv": [ 0.0, 0.0, 14.0, 16.0 ] }
					}
				}
			]
		}
	]}