{
	"editor": {
		"collapsedPaths": "",
		"allAngles": false,
		"entityTextureMode": false
	},
	"textureWidth": 16,
	"textureHeight": 16,
	"textureSizes": {
		"bigleaves1": [32,32],
		"trunk": [16,16],
		"bigleaves2": [32,32],
		"empty": [8,8]
	},
	"textures": {
		"bigleaves1": "block/plant/mangroves/lagunculariaracemosa/bigleaves1",
		"bigleaves2": "block/plant/mangroves/lagunculariaracemosa/bigleaves2",
		"trunk": "block/plant/mangroves/lagunculariaracemosa/trunk"
	},
	"elements": [
		{
			"name": "Origin",
			"from": [ 8.0, 0.0, 8.0 ],
			"to": [ 8.0, 0.0, 8.0 ],
			"rotationOrigin": [ 8.0, 0.0, 8.0 ],
			"faces": {
			},
			"children": [
				{
					"name": "Trunk",
					"from": [ -2.0, -2.0, 0.0 ],
					"to": [ 0.0, 14.0, 2.0 ],
					"rotationOrigin": [ 0.0, -2.0, 2.0 ],
					"rotationY": 10.0,
					"rotationZ": 1.0,
					"faces": {
						"north": { "texture": "#trunk", "uv": [ 10.0, 0.0, 12.0, 16.0 ] },
						"east": { "texture": "#trunk", "uv": [ 10.0, 0.0, 12.0, 16.0 ] },
						"south": { "texture": "#trunk", "uv": [ 10.5, 0.0, 12.5, 16.0 ] },
						"west": { "texture": "#trunk", "uv": [ 10.0, 0.0, 12.0, 16.0 ] },
						"up": { "texture": "#trunk", "uv": [ 2.0, 2.0, 4.0, 4.0 ], "windMode": [-1,-1,-1,-1], "windData": [2,2,2,2] },
						"down": { "texture": "#trunk", "uv": [ 2.0, 2.0, 4.0, 4.0 ] }
					},
					"children": [
						{
							"name": "Trunk2",
							"from": [ 0.0, 15.6, 0.0 ],
							"to": [ 2.0, 26.6, 2.0 ],
							"rotationOrigin": [ 2.0, 15.6, 2.0 ],
							"rotationY": 5.0,
							"rotationZ": 15.0,
							"faces": {
								"north": { "texture": "#trunk", "uv": [ 10.0, 0.0, 12.0, 11.0 ] },
								"east": { "texture": "#trunk", "uv": [ 10.0, 0.0, 12.0, 11.0 ] },
								"south": { "texture": "#trunk", "uv": [ 10.0, 0.0, 12.0, 11.0 ] },
								"west": { "texture": "#trunk", "uv": [ 10.0, 0.0, 12.0, 11.0 ] },
								"up": { "texture": "#trunk", "uv": [ 2.0, 2.0, 4.0, 4.0 ], "windMode": [-1,-1,-1,-1], "windData": [2,2,2,2] },
								"down": { "texture": "#trunk", "uv": [ 2.0, 2.0, 4.0, 4.0 ] }
							},
							"children": [
								{
									"name": "Trunk3",
									"from": [ 0.0, 10.9, 0.0 ],
									"to": [ 2.0, 18.9, 2.0 ],
									"rotationOrigin": [ 2.0, 10.9, 2.0 ],
									"rotationY": 2.0,
									"rotationZ": -2.0,
									"faces": {
										"north": { "texture": "#trunk", "uv": [ 10.0, 1.0, 12.0, 9.0 ] },
										"east": { "texture": "#trunk", "uv": [ 10.0, 6.0, 12.0, 14.0 ] },
										"south": { "texture": "#trunk", "uv": [ 1.5, 8.0, 3.5, 16.0 ] },
										"west": { "texture": "#trunk", "uv": [ 10.0, 5.5, 12.0, 13.5 ] },
										"up": { "texture": "#trunk", "uv": [ 2.0, 2.0, 4.0, 4.0 ], "windMode": [-1,-1,-1,-1], "windData": [2,2,2,2] },
										"down": { "texture": "#trunk", "uv": [ 2.0, 2.0, 4.0, 4.0 ] }
									},
									"children": [
										{
											"name": "Foliage Origin",
											"from": [ 2.0, 3.0, 2.0 ],
											"to": [ 2.0, 3.0, 2.0 ],
											"rotationOrigin": [ 2.0, 3.0, 2.0 ],
											"faces": {
											},
											"children": [
												{
													"name": "Leavesa",
													"from": [ -7.0, -5.0, 0.0 ],
													"to": [ 25.0, 27.0, 0.0 ],
													"shade": false,
													"climateColorMap": "climatePlantTint",
													"seasonColorMap": "seasonalFoliage",
													"renderPass": 1,
													"rotationOrigin": [ 0.0, -5.0, 0.0 ],
													"rotationY": 30.0,
													"faces": {
														"north": { "texture": "#bigleaves1", "uv": [ 0.0, 0.0, 32.0, 32.0 ], "windMode": [0,2,2,0], "windData": [0,2,2,0] }
													}
												},
												{
													"name": "Leavesb",
													"from": [ -7.0, -5.0, 0.0 ],
													"to": [ 25.0, 27.0, 0.0 ],
													"shade": false,
													"climateColorMap": "climatePlantTint",
													"seasonColorMap": "seasonalFoliage",
													"renderPass": 1,
													"rotationOrigin": [ 0.0, -5.0, 0.0 ],
													"rotationY": 150.0,
													"faces": {
														"north": { "texture": "#bigleaves2", "uv": [ 0.0, 0.0, 32.0, 32.0 ], "windMode": [0,2,2,0], "windData": [0,2,2,0] }
													}
												},
												{
													"name": "Leavesc",
													"from": [ -7.0, -5.0, 0.0 ],
													"to": [ 25.0, 27.0, 0.0 ],
													"shade": false,
													"climateColorMap": "climatePlantTint",
													"seasonColorMap": "seasonalFoliage",
													"renderPass": 1,
													"rotationOrigin": [ 0.0, -5.0, 0.0 ],
													"rotationY": -90.0,
													"faces": {
														"north": { "texture": "#bigleaves1", "uv": [ 0.0, 0.0, 32.0, 32.0 ], "windMode": [0,2,2,0], "windData": [0,2,2,0] }
													}
												},
												{
													"name": "Leavesd",
													"from": [ -12.0, -5.0, 2.0 ],
													"to": [ 20.0, 27.0, 2.0 ],
													"shade": false,
													"climateColorMap": "climatePlantTint",
													"seasonColorMap": "seasonalFoliage",
													"renderPass": 1,
													"rotationOrigin": [ 0.0, -5.0, 2.0 ],
													"rotationX": 15.0,
													"faces": {
														"north": { "texture": "#bigleaves2", "uv": [ 0.0, 0.0, 32.0, 32.0 ], "windMode": [0,2,2,0], "windData": [0,2,2,0] }
													}
												},
												{
													"name": "Leavese",
													"from": [ -10.2679, -5.0, -1.0 ],
													"to": [ 21.7321, 27.0, -1.0 ],
													"shade": false,
													"climateColorMap": "climatePlantTint",
													"seasonColorMap": "seasonalFoliage",
													"renderPass": 1,
													"rotationOrigin": [ 1.7321, -5.0, -1.0 ],
													"rotationX": 151.8132,
													"rotationY": 56.7741,
													"rotationZ": -155.8539,
													"faces": {
														"north": { "texture": "#bigleaves1", "uv": [ 0.0, 0.0, 32.0, 32.0 ], "windMode": [2,2,2,2], "windData": [0,2,2,0] }
													}
												},
												{
													"name": "Leavesf",
													"from": [ -13.7, -5.0, -1.0 ],
													"to": [ 18.3, 27.0, -1.0 ],
													"shade": false,
													"climateColorMap": "climatePlantTint",
													"seasonColorMap": "seasonalFoliage",
													"renderPass": 1,
													"rotationOrigin": [ -1.7, -5.0, -1.0 ],
													"rotationX": 151.8132,
													"rotationY": -56.7741,
													"rotationZ": 155.8539,
													"faces": {
														"north": { "texture": "#bigleaves2", "uv": [ 0.0, 0.0, 32.0, 32.0 ], "windMode": [2,2,2,0], "windData": [0,2,2,0] }
													}
												},
												{
													"name": "Flowers",
													"from": [ -7.0, 17.0, 0.0 ],
													"to": [ 1.0, 25.0, 0.0 ],
													"shade": false,
													"climateColorMap": "",
													"seasonColorMap": "",
													"renderPass": 1,
													"rotationOrigin": [ 0.0, 17.0, 0.0 ],
													"rotationY": 32.0,
													"faces": {
														"north": { "texture": "#empty", "uv": [ 0.0, 0.0, 8.0, 8.0 ], "windMode": [0,2,2,0], "windData": [0,2,2,0] }
													}
												}
											]
										}
									]
								}
							]
						},
						{
							"name": "Trunk4",
							"from": [ 0.0, -16.0, 0.0 ],
							"to": [ 2.0, 0.0, 2.0 ],
							"rotationOrigin": [ 2.0, 0.0, 2.0 ],
							"rotationZ": -2.0,
							"faces": {
								"north": { "texture": "#trunk", "uv": [ 10.0, 0.0, 12.0, 16.0 ] },
								"east": { "texture": "#trunk", "uv": [ 10.0, 0.0, 12.0, 16.0 ] },
								"south": { "texture": "#trunk", "uv": [ 10.5, 0.0, 12.5, 16.0 ] },
								"west": { "texture": "#trunk", "uv": [ 10.0, 0.0, 12.0, 16.0 ] },
								"up": { "texture": "#trunk", "uv": [ 2.0, 2.0, 4.0, 4.0 ], "windMode": [-1,-1,-1,-1], "windData": [2,2,2,2] },
								"down": { "texture": "#trunk", "uv": [ 2.0, 2.0, 4.0, 4.0 ] }
							},
							"children": [
								{
									"name": "Trunk20",
									"from": [ 0.0, -16.0, 0.0 ],
									"to": [ 2.0, 0.0, 2.0 ],
									"rotationOrigin": [ 2.0, 0.0, 2.0 ],
									"rotationZ": -2.0,
									"faces": {
										"north": { "texture": "#trunk", "uv": [ 10.0, 0.0, 12.0, 16.0 ] },
										"east": { "texture": "#trunk", "uv": [ 10.0, 0.0, 12.0, 16.0 ] },
										"south": { "texture": "#trunk", "uv": [ 10.5, 0.0, 12.5, 16.0 ] },
										"west": { "texture": "#trunk", "uv": [ 10.0, 0.0, 12.0, 16.0 ] },
										"up": { "texture": "#trunk", "uv": [ 2.0, 2.0, 4.0, 4.0 ], "windMode": [-1,-1,-1,-1], "windData": [2,2,2,2] },
										"down": { "texture": "#trunk", "uv": [ 2.0, 2.0, 4.0, 4.0 ] }
									}
								}
							]
						}
					]
				},
				{
					"name": "Trunk5",
					"from": [ -6.0, -2.0, 4.0 ],
					"to": [ -4.0, 14.0, 6.0 ],
					"rotationOrigin": [ -4.0, -2.0, 6.0 ],
					"rotationY": 10.0,
					"rotationZ": 21.0,
					"faces": {
						"north": { "texture": "#trunk", "uv": [ 10.0, 0.0, 12.0, 16.0 ] },
						"east": { "texture": "#trunk", "uv": [ 10.0, 0.0, 12.0, 16.0 ] },
						"south": { "texture": "#trunk", "uv": [ 10.5, 0.0, 12.5, 16.0 ] },
						"west": { "texture": "#trunk", "uv": [ 10.0, 0.0, 12.0, 16.0 ] },
						"up": { "texture": "#trunk", "uv": [ 2.0, 2.0, 4.0, 4.0 ], "windMode": [-1,-1,-1,-1], "windData": [2,2,2,2] },
						"down": { "texture": "#trunk", "uv": [ 2.0, 2.0, 4.0, 4.0 ] }
					},
					"children": [
						{
							"name": "Trunk6",
							"from": [ 0.0, 15.6, 0.0 ],
							"to": [ 2.0, 28.6, 2.0 ],
							"rotationOrigin": [ 2.0, 15.6, 2.0 ],
							"rotationY": 5.0,
							"rotationZ": 25.0,
							"faces": {
								"north": { "texture": "#trunk", "uv": [ 10.0, 0.0, 12.0, 13.0 ] },
								"east": { "texture": "#trunk", "uv": [ 10.0, 0.0, 12.0, 13.0 ] },
								"south": { "texture": "#trunk", "uv": [ 10.0, 0.0, 12.0, 13.0 ] },
								"west": { "texture": "#trunk", "uv": [ 10.0, 0.0, 12.0, 13.0 ] },
								"up": { "texture": "#trunk", "uv": [ 2.0, 2.0, 4.0, 4.0 ], "windMode": [-1,-1,-1,-1], "windData": [2,2,2,2] },
								"down": { "texture": "#trunk", "uv": [ 2.0, 2.0, 4.0, 4.0 ] }
							},
							"children": [
								{
									"name": "Trunk7",
									"from": [ 0.0, 12.2, 0.0 ],
									"to": [ 2.0, 20.2, 2.0 ],
									"rotationOrigin": [ 2.0, 12.2, 2.0 ],
									"rotationY": 2.0,
									"rotationZ": -22.5,
									"faces": {
										"north": { "texture": "#trunk", "uv": [ 10.0, 1.0, 12.0, 9.0 ] },
										"east": { "texture": "#trunk", "uv": [ 10.0, 6.0, 12.0, 14.0 ] },
										"south": { "texture": "#trunk", "uv": [ 1.5, 8.0, 3.5, 16.0 ] },
										"west": { "texture": "#trunk", "uv": [ 10.0, 5.5, 12.0, 13.5 ] },
										"up": { "texture": "#trunk", "uv": [ 2.0, 2.0, 4.0, 4.0 ], "windMode": [-1,-1,-1,-1], "windData": [2,2,2,2] },
										"down": { "texture": "#trunk", "uv": [ 2.0, 2.0, 4.0, 4.0 ] }
									},
									"children": [
										{
											"name": "Foliage Origin2",
											"from": [ 2.0, 8.0, 2.0 ],
											"to": [ 2.0, 8.0, 2.0 ],
											"rotationOrigin": [ 2.0, 8.0, 2.0 ],
											"faces": {
											},
											"children": [
												{
													"name": "Leavesa2",
													"from": [ -7.0, -5.0, 0.0 ],
													"to": [ 25.0, 27.0, 0.0 ],
													"shade": false,
													"climateColorMap": "climatePlantTint",
													"seasonColorMap": "seasonalFoliage",
													"renderPass": 1,
													"rotationOrigin": [ 0.0, -5.0, 0.0 ],
													"rotationY": 30.0,
													"faces": {
														"north": { "texture": "#bigleaves1", "uv": [ 0.0, 0.0, 32.0, 32.0 ], "windMode": [0,2,2,0], "windData": [0,2,2,0] }
													}
												},
												{
													"name": "Leavesb2",
													"from": [ -7.0, -5.0, 0.0 ],
													"to": [ 25.0, 27.0, 0.0 ],
													"shade": false,
													"climateColorMap": "climatePlantTint",
													"seasonColorMap": "seasonalFoliage",
													"renderPass": 1,
													"rotationOrigin": [ 0.0, -5.0, 0.0 ],
													"rotationY": 150.0,
													"faces": {
														"north": { "texture": "#bigleaves2", "uv": [ 0.0, 0.0, 32.0, 32.0 ], "windMode": [0,2,2,0], "windData": [0,2,2,0] }
													}
												},
												{
													"name": "Leavesc2",
													"from": [ -7.0, -5.0, 0.0 ],
													"to": [ 25.0, 27.0, 0.0 ],
													"shade": false,
													"climateColorMap": "climatePlantTint",
													"seasonColorMap": "seasonalFoliage",
													"renderPass": 1,
													"rotationOrigin": [ 0.0, -5.0, 0.0 ],
													"rotationY": -90.0,
													"faces": {
														"north": { "texture": "#bigleaves1", "uv": [ 0.0, 0.0, 32.0, 32.0 ], "windMode": [0,2,2,0], "windData": [0,2,2,0] }
													}
												},
												{
													"name": "Leavesd2",
													"from": [ -12.0, -5.0, 2.0 ],
													"to": [ 20.0, 27.0, 2.0 ],
													"shade": false,
													"climateColorMap": "climatePlantTint",
													"seasonColorMap": "seasonalFoliage",
													"renderPass": 1,
													"rotationOrigin": [ 0.0, -5.0, 2.0 ],
													"rotationX": 15.0,
													"faces": {
														"north": { "texture": "#bigleaves2", "uv": [ 0.0, 0.0, 32.0, 32.0 ], "windMode": [0,2,2,0], "windData": [0,2,2,0] }
													}
												},
												{
													"name": "Leavese2",
													"from": [ -10.2679, -5.0, -1.0 ],
													"to": [ 21.7321, 27.0, -1.0 ],
													"shade": false,
													"climateColorMap": "climatePlantTint",
													"seasonColorMap": "seasonalFoliage",
													"renderPass": 1,
													"rotationOrigin": [ 1.7321, -5.0, -1.0 ],
													"rotationX": 151.8132,
													"rotationY": 56.7741,
													"rotationZ": -155.8539,
													"faces": {
														"north": { "texture": "#bigleaves1", "uv": [ 0.0, 0.0, 32.0, 32.0 ], "windMode": [2,2,2,2], "windData": [0,2,2,0] }
													}
												},
												{
													"name": "Leavesf2",
													"from": [ -13.7, -5.0, -1.0 ],
													"to": [ 18.3, 27.0, -1.0 ],
													"shade": false,
													"climateColorMap": "climatePlantTint",
													"seasonColorMap": "seasonalFoliage",
													"renderPass": 1,
													"rotationOrigin": [ -1.7, -5.0, -1.0 ],
													"rotationX": 151.8132,
													"rotationY": -56.7741,
													"rotationZ": 155.8539,
													"faces": {
														"north": { "texture": "#bigleaves2", "uv": [ 0.0, 0.0, 32.0, 32.0 ], "windMode": [2,2,2,0], "windData": [0,2,2,0] }
													}
												},
												{
													"name": "Flowers2",
													"from": [ -7.0, 17.0, 0.0 ],
													"to": [ 1.0, 25.0, 0.0 ],
													"shade": false,
													"climateColorMap": "",
													"seasonColorMap": "",
													"renderPass": 1,
													"rotationOrigin": [ 0.0, 17.0, 0.0 ],
													"rotationY": 32.0,
													"faces": {
														"north": { "texture": "#empty", "uv": [ 0.0, 0.0, 8.0, 8.0 ], "windMode": [0,2,2,0], "windData": [0,2,2,0] }
													}
												}
											]
										}
									]
								}
							]
						},
						{
							"name": "Trunk8",
							"from": [ 0.0, -16.0, 0.0 ],
							"to": [ 2.0, 0.0, 2.0 ],
							"rotationOrigin": [ 2.0, 0.0, 2.0 ],
							"rotationZ": -8.0,
							"faces": {
								"north": { "texture": "#trunk", "uv": [ 10.0, 0.0, 12.0, 16.0 ] },
								"east": { "texture": "#trunk", "uv": [ 10.0, 0.0, 12.0, 16.0 ] },
								"south": { "texture": "#trunk", "uv": [ 10.5, 0.0, 12.5, 16.0 ] },
								"west": { "texture": "#trunk", "uv": [ 10.0, 0.0, 12.0, 16.0 ] },
								"up": { "texture": "#trunk", "uv": [ 2.0, 2.0, 4.0, 4.0 ], "windMode": [-1,-1,-1,-1], "windData": [2,2,2,2] },
								"down": { "texture": "#trunk", "uv": [ 2.0, 2.0, 4.0, 4.0 ] }
							},
							"children": [
								{
									"name": "Trunk19",
									"from": [ 0.0, -16.0, 0.0 ],
									"to": [ 2.0, 0.0, 2.0 ],
									"rotationOrigin": [ 2.0, 0.0, 2.0 ],
									"rotationZ": -8.0,
									"faces": {
										"north": { "texture": "#trunk", "uv": [ 10.0, 0.0, 12.0, 16.0 ] },
										"east": { "texture": "#trunk", "uv": [ 10.0, 0.0, 12.0, 16.0 ] },
										"south": { "texture": "#trunk", "uv": [ 10.5, 0.0, 12.5, 16.0 ] },
										"west": { "texture": "#trunk", "uv": [ 10.0, 0.0, 12.0, 16.0 ] },
										"up": { "texture": "#trunk", "uv": [ 2.0, 2.0, 4.0, 4.0 ], "windMode": [-1,-1,-1,-1], "windData": [2,2,2,2] },
										"down": { "texture": "#trunk", "uv": [ 2.0, 2.0, 4.0, 4.0 ] }
									}
								}
							]
						}
					]
				}
			]
		},
		{
			"name": "Origin2",
			"from": [ 8.0, 0.0, 8.0 ],
			"to": [ 8.0, 0.0, 8.0 ],
			"rotationOrigin": [ 8.0, 0.0, 8.0 ],
			"rotationY": 112.5,
			"faces": {
			},
			"children": [
				{
					"name": "Trunk9",
					"from": [ -7.0, -2.0, -1.0 ],
					"to": [ -5.0, 10.0, 1.0 ],
					"rotationOrigin": [ -5.0, -2.0, 1.0 ],
					"rotationY": 10.0,
					"rotationZ": 1.0,
					"faces": {
						"north": { "texture": "#trunk", "uv": [ 10.0, 0.0, 12.0, 12.0 ] },
						"east": { "texture": "#trunk", "uv": [ 10.0, 0.0, 12.0, 12.0 ] },
						"south": { "texture": "#trunk", "uv": [ 10.5, 0.0, 12.5, 12.0 ] },
						"west": { "texture": "#trunk", "uv": [ 10.0, 0.0, 12.0, 12.0 ] },
						"up": { "texture": "#trunk", "uv": [ 2.0, 2.0, 4.0, 4.0 ], "windMode": [-1,-1,-1,-1], "windData": [2,2,2,2] },
						"down": { "texture": "#trunk", "uv": [ 2.0, 2.0, 4.0, 4.0 ] }
					},
					"children": [
						{
							"name": "Trunk10",
							"from": [ 0.0, 11.6, 0.0 ],
							"to": [ 2.0, 27.6, 2.0 ],
							"rotationOrigin": [ 2.0, 11.6, 2.0 ],
							"rotationY": 5.0,
							"rotationZ": 25.0,
							"faces": {
								"north": { "texture": "#trunk", "uv": [ 10.0, 0.0, 12.0, 16.0 ] },
								"east": { "texture": "#trunk", "uv": [ 10.0, 0.0, 12.0, 16.0 ] },
								"south": { "texture": "#trunk", "uv": [ 10.0, 0.0, 12.0, 16.0 ] },
								"west": { "texture": "#trunk", "uv": [ 10.0, 0.0, 12.0, 16.0 ] },
								"up": { "texture": "#trunk", "uv": [ 2.0, 2.0, 4.0, 4.0 ], "windMode": [-1,-1,-1,-1], "windData": [2,2,2,2] },
								"down": { "texture": "#trunk", "uv": [ 2.0, 2.0, 4.0, 4.0 ] }
							},
							"children": [
								{
									"name": "Trunk11",
									"from": [ 0.0, 15.9, 0.0 ],
									"to": [ 2.0, 23.9, 2.0 ],
									"rotationOrigin": [ 2.0, 15.9, 2.0 ],
									"rotationY": 2.0,
									"rotationZ": -2.0,
									"faces": {
										"north": { "texture": "#trunk", "uv": [ 10.0, 1.0, 12.0, 9.0 ] },
										"east": { "texture": "#trunk", "uv": [ 10.0, 6.0, 12.0, 14.0 ] },
										"south": { "texture": "#trunk", "uv": [ 1.5, 8.0, 3.5, 16.0 ] },
										"west": { "texture": "#trunk", "uv": [ 10.0, 5.5, 12.0, 13.5 ] },
										"up": { "texture": "#trunk", "uv": [ 2.0, 2.0, 4.0, 4.0 ], "windMode": [-1,-1,-1,-1], "windData": [2,2,2,2] },
										"down": { "texture": "#trunk", "uv": [ 2.0, 2.0, 4.0, 4.0 ] }
									},
									"children": [
										{
											"name": "Foliage Origin3",
											"from": [ 2.0, 8.0, 2.0 ],
											"to": [ 2.0, 8.0, 2.0 ],
											"rotationOrigin": [ 2.0, 8.0, 2.0 ],
											"faces": {
											},
											"children": [
												{
													"name": "Leavesa3",
													"from": [ -7.0, -5.0, 0.0 ],
													"to": [ 25.0, 27.0, 0.0 ],
													"shade": false,
													"climateColorMap": "climatePlantTint",
													"seasonColorMap": "seasonalFoliage",
													"renderPass": 1,
													"rotationOrigin": [ 0.0, -5.0, 0.0 ],
													"rotationY": 30.0,
													"faces": {
														"north": { "texture": "#bigleaves1", "uv": [ 0.0, 0.0, 32.0, 32.0 ], "windMode": [0,2,2,0], "windData": [0,2,2,0] }
													}
												},
												{
													"name": "Leavesb3",
													"from": [ -7.0, -5.0, 0.0 ],
													"to": [ 25.0, 27.0, 0.0 ],
													"shade": false,
													"climateColorMap": "climatePlantTint",
													"seasonColorMap": "seasonalFoliage",
													"renderPass": 1,
													"rotationOrigin": [ 0.0, -5.0, 0.0 ],
													"rotationY": 150.0,
													"faces": {
														"north": { "texture": "#bigleaves2", "uv": [ 0.0, 0.0, 32.0, 32.0 ], "windMode": [0,2,2,0], "windData": [0,2,2,0] }
													}
												},
												{
													"name": "Leavesc3",
													"from": [ -7.0, -5.0, 0.0 ],
													"to": [ 25.0, 27.0, 0.0 ],
													"shade": false,
													"climateColorMap": "climatePlantTint",
													"seasonColorMap": "seasonalFoliage",
													"renderPass": 1,
													"rotationOrigin": [ 0.0, -5.0, 0.0 ],
													"rotationY": -90.0,
													"faces": {
														"north": { "texture": "#bigleaves1", "uv": [ 0.0, 0.0, 32.0, 32.0 ], "windMode": [0,2,2,0], "windData": [0,2,2,0] }
													}
												},
												{
													"name": "Leavesd3",
													"from": [ -12.0, -5.0, 2.0 ],
													"to": [ 20.0, 27.0, 2.0 ],
													"shade": false,
													"climateColorMap": "climatePlantTint",
													"seasonColorMap": "seasonalFoliage",
													"renderPass": 1,
													"rotationOrigin": [ 0.0, -5.0, 2.0 ],
													"rotationX": 15.0,
													"faces": {
														"north": { "texture": "#bigleaves2", "uv": [ 0.0, 0.0, 32.0, 32.0 ], "windMode": [0,2,2,0], "windData": [0,2,2,0] }
													}
												},
												{
													"name": "Leavese3",
													"from": [ -10.2679, -5.0, -1.0 ],
													"to": [ 21.7321, 27.0, -1.0 ],
													"shade": false,
													"climateColorMap": "climatePlantTint",
													"seasonColorMap": "seasonalFoliage",
													"renderPass": 1,
													"rotationOrigin": [ 1.7321, -5.0, -1.0 ],
													"rotationX": 151.8132,
													"rotationY": 56.7741,
													"rotationZ": -155.8539,
													"faces": {
														"north": { "texture": "#bigleaves1", "uv": [ 0.0, 0.0, 32.0, 32.0 ], "windMode": [2,2,2,2], "windData": [0,2,2,0] }
													}
												},
												{
													"name": "Leavesf3",
													"from": [ -13.7, -5.0, -1.0 ],
													"to": [ 18.3, 27.0, -1.0 ],
													"shade": false,
													"climateColorMap": "climatePlantTint",
													"seasonColorMap": "seasonalFoliage",
													"renderPass": 1,
													"rotationOrigin": [ -1.7, -5.0, -1.0 ],
													"rotationX": 151.8132,
													"rotationY": -56.7741,
													"rotationZ": 155.8539,
													"faces": {
														"north": { "texture": "#bigleaves2", "uv": [ 0.0, 0.0, 32.0, 32.0 ], "windMode": [2,2,2,0], "windData": [0,2,2,0] }
													}
												},
												{
													"name": "Flowers3",
													"from": [ -7.0, 17.0, 0.0 ],
													"to": [ 1.0, 25.0, 0.0 ],
													"shade": false,
													"climateColorMap": "",
													"seasonColorMap": "",
													"renderPass": 1,
													"rotationOrigin": [ 0.0, 17.0, 0.0 ],
													"rotationY": 32.0,
													"faces": {
														"north": { "texture": "#empty", "uv": [ 0.0, 0.0, 8.0, 8.0 ], "windMode": [0,2,2,0], "windData": [0,2,2,0] }
													}
												}
											]
										}
									]
								}
							]
						},
						{
							"name": "Trunk12",
							"from": [ 0.0, -16.0, 0.0 ],
							"to": [ 2.0, 0.0, 2.0 ],
							"rotationOrigin": [ 2.0, 0.0, 2.0 ],
							"rotationZ": -2.0,
							"faces": {
								"north": { "texture": "#trunk", "uv": [ 10.0, 0.0, 12.0, 16.0 ] },
								"east": { "texture": "#trunk", "uv": [ 10.0, 0.0, 12.0, 16.0 ] },
								"south": { "texture": "#trunk", "uv": [ 10.5, 0.0, 12.5, 16.0 ] },
								"west": { "texture": "#trunk", "uv": [ 10.0, 0.0, 12.0, 16.0 ] },
								"up": { "texture": "#trunk", "uv": [ 2.0, 2.0, 4.0, 4.0 ], "windMode": [-1,-1,-1,-1], "windData": [2,2,2,2] },
								"down": { "texture": "#trunk", "uv": [ 2.0, 2.0, 4.0, 4.0 ] }
							},
							"children": [
								{
									"name": "Trunk18",
									"from": [ 0.0, -16.0, 0.0 ],
									"to": [ 2.0, 0.0, 2.0 ],
									"rotationOrigin": [ 2.0, 0.0, 2.0 ],
									"rotationZ": -2.0,
									"faces": {
										"north": { "texture": "#trunk", "uv": [ 10.0, 0.0, 12.0, 16.0 ] },
										"east": { "texture": "#trunk", "uv": [ 10.0, 0.0, 12.0, 16.0 ] },
										"south": { "texture": "#trunk", "uv": [ 10.5, 0.0, 12.5, 16.0 ] },
										"west": { "texture": "#trunk", "uv": [ 10.0, 0.0, 12.0, 16.0 ] },
										"up": { "texture": "#trunk", "uv": [ 2.0, 2.0, 4.0, 4.0 ], "windMode": [-1,-1,-1,-1], "windData": [2,2,2,2] },
										"down": { "texture": "#trunk", "uv": [ 2.0, 2.0, 4.0, 4.0 ] }
									}
								}
							]
						}
					]
				},
				{
					"name": "Trunk13",
					"from": [ -6.0, -2.0, 4.0 ],
					"to": [ -4.0, 14.0, 6.0 ],
					"rotationOrigin": [ -4.0, -2.0, 6.0 ],
					"rotationY": 10.0,
					"rotationZ": 32.0,
					"faces": {
						"north": { "texture": "#trunk", "uv": [ 10.0, 0.0, 12.0, 16.0 ] },
						"east": { "texture": "#trunk", "uv": [ 10.0, 0.0, 12.0, 16.0 ] },
						"south": { "texture": "#trunk", "uv": [ 10.5, 0.0, 12.5, 16.0 ] },
						"west": { "texture": "#trunk", "uv": [ 10.0, 0.0, 12.0, 16.0 ] },
						"up": { "texture": "#trunk", "uv": [ 2.0, 2.0, 4.0, 4.0 ], "windMode": [-1,-1,-1,-1], "windData": [2,2,2,2] },
						"down": { "texture": "#trunk", "uv": [ 2.0, 2.0, 4.0, 4.0 ] }
					},
					"children": [
						{
							"name": "Trunk14",
							"from": [ 0.0, 15.6, 0.0 ],
							"to": [ 2.0, 28.6, 2.0 ],
							"rotationOrigin": [ 2.0, 15.6, 2.0 ],
							"rotationY": 5.0,
							"rotationZ": 25.0,
							"faces": {
								"north": { "texture": "#trunk", "uv": [ 10.0, 0.0, 12.0, 13.0 ] },
								"east": { "texture": "#trunk", "uv": [ 10.0, 0.0, 12.0, 13.0 ] },
								"south": { "texture": "#trunk", "uv": [ 10.0, 0.0, 12.0, 13.0 ] },
								"west": { "texture": "#trunk", "uv": [ 10.0, 0.0, 12.0, 13.0 ] },
								"up": { "texture": "#trunk", "uv": [ 2.0, 2.0, 4.0, 4.0 ], "windMode": [-1,-1,-1,-1], "windData": [2,2,2,2] },
								"down": { "texture": "#trunk", "uv": [ 2.0, 2.0, 4.0, 4.0 ] }
							},
							"children": [
								{
									"name": "Trunk15",
									"from": [ 0.0, 12.2, 0.0 ],
									"to": [ 2.0, 20.2, 2.0 ],
									"rotationOrigin": [ 2.0, 12.2, 2.0 ],
									"rotationY": 2.0,
									"rotationZ": -22.5,
									"faces": {
										"north": { "texture": "#trunk", "uv": [ 10.0, 1.0, 12.0, 9.0 ] },
										"east": { "texture": "#trunk", "uv": [ 10.0, 6.0, 12.0, 14.0 ] },
										"south": { "texture": "#trunk", "uv": [ 1.5, 8.0, 3.5, 16.0 ] },
										"west": { "texture": "#trunk", "uv": [ 10.0, 5.5, 12.0, 13.5 ] },
										"up": { "texture": "#trunk", "uv": [ 2.0, 2.0, 4.0, 4.0 ], "windMode": [-1,-1,-1,-1], "windData": [2,2,2,2] },
										"down": { "texture": "#trunk", "uv": [ 2.0, 2.0, 4.0, 4.0 ] }
									},
									"children": [
										{
											"name": "Foliage Origin4",
											"from": [ 2.0, 8.0, 2.0 ],
											"to": [ 2.0, 8.0, 2.0 ],
											"rotationOrigin": [ 2.0, 8.0, 2.0 ],
											"faces": {
											},
											"children": [
												{
													"name": "Leavesa4",
													"from": [ -7.0, -5.0, 0.0 ],
													"to": [ 25.0, 27.0, 0.0 ],
													"shade": false,
													"climateColorMap": "climatePlantTint",
													"seasonColorMap": "seasonalFoliage",
													"renderPass": 1,
													"rotationOrigin": [ 0.0, -5.0, 0.0 ],
													"rotationY": 30.0,
													"faces": {
														"north": { "texture": "#bigleaves1", "uv": [ 0.0, 0.0, 32.0, 32.0 ], "windMode": [0,2,2,0], "windData": [0,2,2,0] }
													}
												},
												{
													"name": "Leavesb4",
													"from": [ -7.0, -5.0, 0.0 ],
													"to": [ 25.0, 27.0, 0.0 ],
													"shade": false,
													"climateColorMap": "climatePlantTint",
													"seasonColorMap": "seasonalFoliage",
													"renderPass": 1,
													"rotationOrigin": [ 0.0, -5.0, 0.0 ],
													"rotationY": 150.0,
													"faces": {
														"north": { "texture": "#bigleaves2", "uv": [ 0.0, 0.0, 32.0, 32.0 ], "windMode": [0,2,2,0], "windData": [0,2,2,0] }
													}
												},
												{
													"name": "Leavesc4",
													"from": [ -7.0, -5.0, 0.0 ],
													"to": [ 25.0, 27.0, 0.0 ],
													"shade": false,
													"climateColorMap": "climatePlantTint",
													"seasonColorMap": "seasonalFoliage",
													"renderPass": 1,
													"rotationOrigin": [ 0.0, -5.0, 0.0 ],
													"rotationY": -90.0,
													"faces": {
														"north": { "texture": "#bigleaves1", "uv": [ 0.0, 0.0, 32.0, 32.0 ], "windMode": [0,2,2,0], "windData": [0,2,2,0] }
													}
												},
												{
													"name": "Leavesd4",
													"from": [ -12.0, -5.0, 2.0 ],
													"to": [ 20.0, 27.0, 2.0 ],
													"shade": false,
													"climateColorMap": "climatePlantTint",
													"seasonColorMap": "seasonalFoliage",
													"renderPass": 1,
													"rotationOrigin": [ 0.0, -5.0, 2.0 ],
													"rotationX": 15.0,
													"faces": {
														"north": { "texture": "#bigleaves2", "uv": [ 0.0, 0.0, 32.0, 32.0 ], "windMode": [0,2,2,0], "windData": [0,2,2,0] }
													}
												},
												{
													"name": "Leavese4",
													"from": [ -10.2679, -5.0, -1.0 ],
													"to": [ 21.7321, 27.0, -1.0 ],
													"shade": false,
													"climateColorMap": "climatePlantTint",
													"seasonColorMap": "seasonalFoliage",
													"renderPass": 1,
													"rotationOrigin": [ 1.7321, -5.0, -1.0 ],
													"rotationX": 151.8132,
													"rotationY": 56.7741,
													"rotationZ": -155.8539,
													"faces": {
														"north": { "texture": "#bigleaves1", "uv": [ 0.0, 0.0, 32.0, 32.0 ], "windMode": [2,2,2,2], "windData": [0,2,2,0] }
													}
												},
												{
													"name": "Leavesf4",
													"from": [ -13.7, -5.0, -1.0 ],
													"to": [ 18.3, 27.0, -1.0 ],
													"shade": false,
													"climateColorMap": "climatePlantTint",
													"seasonColorMap": "seasonalFoliage",
													"renderPass": 1,
													"rotationOrigin": [ -1.7, -5.0, -1.0 ],
													"rotationX": 151.8132,
													"rotationY": -56.7741,
													"rotationZ": 155.8539,
													"faces": {
														"north": { "texture": "#bigleaves2", "uv": [ 0.0, 0.0, 32.0, 32.0 ], "windMode": [2,2,2,0], "windData": [0,2,2,0] }
													}
												},
												{
													"name": "Flowers4",
													"from": [ -7.0, 17.0, 0.0 ],
													"to": [ 1.0, 25.0, 0.0 ],
													"shade": false,
													"climateColorMap": "",
													"seasonColorMap": "",
													"renderPass": 1,
													"rotationOrigin": [ 0.0, 17.0, 0.0 ],
													"rotationY": 32.0,
													"faces": {
														"north": { "texture": "#empty", "uv": [ 0.0, 0.0, 8.0, 8.0 ], "windMode": [0,2,2,0], "windData": [0,2,2,0] }
													}
												}
											]
										}
									]
								}
							]
						},
						{
							"name": "Trunk16",
							"from": [ 0.0, -16.0, 0.0 ],
							"to": [ 2.0, 0.0, 2.0 ],
							"rotationOrigin": [ 2.0, 0.0, 2.0 ],
							"rotationZ": -32.0,
							"faces": {
								"north": { "texture": "#trunk", "uv": [ 10.0, 0.0, 12.0, 16.0 ] },
								"east": { "texture": "#trunk", "uv": [ 10.0, 0.0, 12.0, 16.0 ] },
								"south": { "texture": "#trunk", "uv": [ 10.5, 0.0, 12.5, 16.0 ] },
								"west": { "texture": "#trunk", "uv": [ 10.0, 0.0, 12.0, 16.0 ] },
								"up": { "texture": "#trunk", "uv": [ 2.0, 2.0, 4.0, 4.0 ], "windMode": [-1,-1,-1,-1], "windData": [2,2,2,2] },
								"down": { "texture": "#trunk", "uv": [ 2.0, 2.0, 4.0, 4.0 ] }
							},
							"children": [
								{
									"name": "Trunk17",
									"from": [ 0.0, -16.0, 0.0 ],
									"to": [ 2.0, 0.0, 2.0 ],
									"rotationOrigin": [ 2.0, 0.0, 2.0 ],
									"rotationZ": -2.0,
									"faces": {
										"north": { "texture": "#trunk", "uv": [ 10.0, 0.0, 12.0, 16.0 ] },
										"east": { "texture": "#trunk", "uv": [ 10.0, 0.0, 12.0, 16.0 ] },
										"south": { "texture": "#trunk", "uv": [ 10.5, 0.0, 12.5, 16.0 ] },
										"west": { "texture": "#trunk", "uv": [ 10.0, 0.0, 12.0, 16.0 ] },
										"up": { "texture": "#trunk", "uv": [ 2.0, 2.0, 4.0, 4.0 ], "windMode": [-1,-1,-1,-1], "windData": [2,2,2,2] },
										"down": { "texture": "#trunk", "uv": [ 2.0, 2.0, 4.0, 4.0 ] }
									}
								}
							]
						}
					]
				}
			]
		}
	]}