{
	"editor": {
		"collapsedPaths": "",
		"allAngles": false,
		"entityTextureMode": false
	},
	"textureWidth": 16,
	"textureHeight": 16,
	"textureSizes": {
		"bigleaves1": [32,32],
		"trunk": [16,16],
		"bigleaves2": [32,32],
		"empty": [8,8],
		"proproots1": [24,24]
	},
	"textures": {
		"bigleaves1": "block/plant/mangroves/lagunculariaracemosa/bigleaves1",
		"bigleaves2": "block/plant/mangroves/lagunculariaracemosa/bigleaves2",
		"proproots1": "block/plant/mangroves/lagunculariaracemosa/proproots1",
		"trunk": "block/plant/mangroves/lagunculariaracemosa/trunk"
	},
	"elements": [
		{
			"name": "Origin",
			"from": [ 8.0, 0.0, 8.0 ],
			"to": [ 8.0, 0.0, 8.0 ],
			"rotationOrigin": [ 8.0, 0.0, 8.0 ],
			"faces": {
			},
			"children": [
				{
					"name": "Trunk",
					"from": [ -2.0, -2.0, -2.0 ],
					"to": [ 2.0, 14.0, 2.0 ],
					"rotationOrigin": [ 0.0, -2.0, 0.0 ],
					"rotationY": 10.0,
					"rotationZ": 1.0,
					"faces": {
						"north": { "texture": "#trunk", "uv": [ 10.0, 0.0, 14.0, 16.0 ] },
						"east": { "texture": "#trunk", "uv": [ 10.0, 0.0, 14.0, 16.0 ] },
						"south": { "texture": "#trunk", "uv": [ 10.5, 0.0, 14.5, 16.0 ] },
						"west": { "texture": "#trunk", "uv": [ 10.0, 0.0, 14.0, 16.0 ] },
						"up": { "texture": "#trunk", "uv": [ 2.0, 2.0, 6.0, 6.0 ], "windMode": [-1,-1,-1,-1], "windData": [2,2,2,2] },
						"down": { "texture": "#trunk", "uv": [ 2.0, 2.0, 6.0, 6.0 ] }
					},
					"children": [
						{
							"name": "Trunk2",
							"from": [ 0.0, 15.6, 0.0 ],
							"to": [ 4.0, 31.6, 4.0 ],
							"rotationOrigin": [ 2.0, 15.6, 2.0 ],
							"rotationY": 5.0,
							"rotationZ": 5.0,
							"faces": {
								"north": { "texture": "#trunk", "uv": [ 10.0, 0.0, 14.0, 16.0 ] },
								"east": { "texture": "#trunk", "uv": [ 10.0, 0.0, 14.0, 16.0 ] },
								"south": { "texture": "#trunk", "uv": [ 10.0, 0.0, 14.0, 16.0 ] },
								"west": { "texture": "#trunk", "uv": [ 10.0, 0.0, 14.0, 16.0 ] },
								"up": { "texture": "#trunk", "uv": [ 2.0, 2.0, 6.0, 6.0 ], "windMode": [-1,-1,-1,-1], "windData": [2,2,2,2] },
								"down": { "texture": "#trunk", "uv": [ 2.0, 2.0, 6.0, 6.0 ] }
							},
							"children": [
								{
									"name": "Trunk3",
									"from": [ 0.0, 15.9, 0.0 ],
									"to": [ 4.0, 23.9, 4.0 ],
									"rotationOrigin": [ 2.0, 15.9, 2.0 ],
									"rotationY": 2.0,
									"rotationZ": -2.0,
									"faces": {
										"north": { "texture": "#trunk", "uv": [ 10.0, 1.0, 14.0, 9.0 ] },
										"east": { "texture": "#trunk", "uv": [ 10.0, 6.0, 14.0, 14.0 ] },
										"south": { "texture": "#trunk", "uv": [ 1.5, 8.0, 5.5, 16.0 ] },
										"west": { "texture": "#trunk", "uv": [ 10.0, 5.5, 14.0, 13.5 ] },
										"up": { "texture": "#trunk", "uv": [ 2.0, 2.0, 6.0, 6.0 ], "windMode": [-1,-1,-1,-1], "windData": [2,2,2,2] },
										"down": { "texture": "#trunk", "uv": [ 2.0, 2.0, 6.0, 6.0 ] }
									},
									"children": [
										{
											"name": "Foliage Origin",
											"from": [ 2.0, 8.0, 2.0 ],
											"to": [ 2.0, 8.0, 2.0 ],
											"rotationOrigin": [ 2.0, 8.0, 2.0 ],
											"faces": {
											},
											"children": [
												{
													"name": "Leavesa",
													"from": [ -7.0, -5.0, 0.0 ],
													"to": [ 25.0, 27.0, 0.0 ],
													"shade": false,
													"climateColorMap": "climatePlantTint",
													"seasonColorMap": "seasonalFoliage",
													"renderPass": 1,
													"rotationOrigin": [ 0.0, -5.0, 0.0 ],
													"rotationY": 30.0,
													"faces": {
														"north": { "texture": "#bigleaves1", "uv": [ 0.0, 0.0, 32.0, 32.0 ], "windMode": [0,2,2,0], "windData": [0,2,2,0] }
													}
												},
												{
													"name": "Leavesb",
													"from": [ -7.0, -5.0, 0.0 ],
													"to": [ 25.0, 27.0, 0.0 ],
													"shade": false,
													"climateColorMap": "climatePlantTint",
													"seasonColorMap": "seasonalFoliage",
													"renderPass": 1,
													"rotationOrigin": [ 0.0, -5.0, 0.0 ],
													"rotationY": 150.0,
													"faces": {
														"north": { "texture": "#bigleaves2", "uv": [ 0.0, 0.0, 32.0, 32.0 ], "windMode": [0,2,2,0], "windData": [0,2,2,0] }
													}
												},
												{
													"name": "Leavesc",
													"from": [ -7.0, -5.0, 0.0 ],
													"to": [ 25.0, 27.0, 0.0 ],
													"shade": false,
													"climateColorMap": "climatePlantTint",
													"seasonColorMap": "seasonalFoliage",
													"renderPass": 1,
													"rotationOrigin": [ 0.0, -5.0, 0.0 ],
													"rotationY": -90.0,
													"faces": {
														"north": { "texture": "#bigleaves1", "uv": [ 0.0, 0.0, 32.0, 32.0 ], "windMode": [0,2,2,0], "windData": [0,2,2,0] }
													}
												},
												{
													"name": "Leavesd",
													"from": [ -12.0, -5.0, 2.0 ],
													"to": [ 20.0, 27.0, 2.0 ],
													"shade": false,
													"climateColorMap": "climatePlantTint",
													"seasonColorMap": "seasonalFoliage",
													"renderPass": 1,
													"rotationOrigin": [ 0.0, -5.0, 2.0 ],
													"rotationX": 15.0,
													"faces": {
														"north": { "texture": "#bigleaves2", "uv": [ 0.0, 0.0, 32.0, 32.0 ], "windMode": [0,2,2,0], "windData": [0,2,2,0] }
													}
												},
												{
													"name": "Leavese",
													"from": [ -10.2679, -5.0, -1.0 ],
													"to": [ 21.7321, 27.0, -1.0 ],
													"shade": false,
													"climateColorMap": "climatePlantTint",
													"seasonColorMap": "seasonalFoliage",
													"renderPass": 1,
													"rotationOrigin": [ 1.7321, -5.0, -1.0 ],
													"rotationX": 151.8132,
													"rotationY": 56.7741,
													"rotationZ": -155.8539,
													"faces": {
														"north": { "texture": "#bigleaves1", "uv": [ 0.0, 0.0, 32.0, 32.0 ], "windMode": [2,2,2,2], "windData": [0,2,2,0] }
													}
												},
												{
													"name": "Leavesf",
													"from": [ -13.7, -5.0, -1.0 ],
													"to": [ 18.3, 27.0, -1.0 ],
													"shade": false,
													"climateColorMap": "climatePlantTint",
													"seasonColorMap": "seasonalFoliage",
													"renderPass": 1,
													"rotationOrigin": [ -1.7, -5.0, -1.0 ],
													"rotationX": 151.8132,
													"rotationY": -56.7741,
													"rotationZ": 155.8539,
													"faces": {
														"north": { "texture": "#bigleaves2", "uv": [ 0.0, 0.0, 32.0, 32.0 ], "windMode": [2,2,2,0], "windData": [0,2,2,0] }
													}
												},
												{
													"name": "Flowers",
													"from": [ -7.0, 17.0, 0.0 ],
													"to": [ 1.0, 25.0, 0.0 ],
													"shade": false,
													"climateColorMap": "",
													"seasonColorMap": "",
													"renderPass": 1,
													"rotationOrigin": [ 0.0, 17.0, 0.0 ],
													"rotationY": 32.0,
													"faces": {
														"north": { "texture": "#empty", "uv": [ 0.0, 0.0, 8.0, 8.0 ], "windMode": [0,2,2,0], "windData": [0,2,2,0] }
													}
												}
											]
										},
										{
											"name": "Foliage Origin2",
											"from": [ -16.0, 2.0, 2.0 ],
											"to": [ -16.0, 2.0, 2.0 ],
											"rotationOrigin": [ -16.0, 2.0, 2.0 ],
											"rotationX": -20.0,
											"rotationY": 45.0,
											"rotationZ": 20.0,
											"faces": {
											},
											"children": [
												{
													"name": "Leavesa2",
													"from": [ -7.0, -5.0, 0.0 ],
													"to": [ 25.0, 27.0, 0.0 ],
													"shade": false,
													"climateColorMap": "climatePlantTint",
													"seasonColorMap": "seasonalFoliage",
													"renderPass": 1,
													"rotationOrigin": [ 0.0, -5.0, 0.0 ],
													"rotationY": 30.0,
													"faces": {
														"north": { "texture": "#bigleaves1", "uv": [ 0.0, 0.0, 32.0, 32.0 ], "windMode": [0,2,2,0], "windData": [0,2,2,0] }
													}
												},
												{
													"name": "Leavesb2",
													"from": [ -7.0, -5.0, 0.0 ],
													"to": [ 25.0, 27.0, 0.0 ],
													"shade": false,
													"climateColorMap": "climatePlantTint",
													"seasonColorMap": "seasonalFoliage",
													"renderPass": 1,
													"rotationOrigin": [ 0.0, -5.0, 0.0 ],
													"rotationY": 150.0,
													"faces": {
														"north": { "texture": "#bigleaves2", "uv": [ 0.0, 0.0, 32.0, 32.0 ], "windMode": [0,2,2,0], "windData": [0,2,2,0] }
													}
												},
												{
													"name": "Leavesc2",
													"from": [ -7.0, -5.0, 0.0 ],
													"to": [ 25.0, 27.0, 0.0 ],
													"shade": false,
													"climateColorMap": "climatePlantTint",
													"seasonColorMap": "seasonalFoliage",
													"renderPass": 1,
													"rotationOrigin": [ 0.0, -5.0, 0.0 ],
													"rotationY": -90.0,
													"faces": {
														"north": { "texture": "#bigleaves1", "uv": [ 0.0, 0.0, 32.0, 32.0 ], "windMode": [0,2,2,0], "windData": [0,2,2,0] }
													}
												},
												{
													"name": "Leavesd2",
													"from": [ -12.0, -5.0, 2.0 ],
													"to": [ 20.0, 27.0, 2.0 ],
													"shade": false,
													"climateColorMap": "climatePlantTint",
													"seasonColorMap": "seasonalFoliage",
													"renderPass": 1,
													"rotationOrigin": [ 0.0, -5.0, 2.0 ],
													"rotationX": 15.0,
													"faces": {
														"north": { "texture": "#bigleaves2", "uv": [ 0.0, 0.0, 32.0, 32.0 ], "windMode": [0,2,2,0], "windData": [0,2,2,0] }
													}
												},
												{
													"name": "Leavese2",
													"from": [ -10.2679, -5.0, -1.0 ],
													"to": [ 21.7321, 27.0, -1.0 ],
													"shade": false,
													"climateColorMap": "climatePlantTint",
													"seasonColorMap": "seasonalFoliage",
													"renderPass": 1,
													"rotationOrigin": [ 1.7321, -5.0, -1.0 ],
													"rotationX": 151.8132,
													"rotationY": 56.7741,
													"rotationZ": -155.8539,
													"faces": {
														"north": { "texture": "#bigleaves1", "uv": [ 0.0, 0.0, 32.0, 32.0 ], "windMode": [2,2,2,2], "windData": [0,2,2,0] }
													}
												},
												{
													"name": "Leavesf2",
													"from": [ -13.7, -5.0, -1.0 ],
													"to": [ 18.3, 27.0, -1.0 ],
													"shade": false,
													"climateColorMap": "climatePlantTint",
													"seasonColorMap": "seasonalFoliage",
													"renderPass": 1,
													"rotationOrigin": [ -1.7, -5.0, -1.0 ],
													"rotationX": 151.8132,
													"rotationY": -56.7741,
													"rotationZ": 155.8539,
													"faces": {
														"north": { "texture": "#bigleaves2", "uv": [ 0.0, 0.0, 32.0, 32.0 ], "windMode": [2,2,2,0], "windData": [0,2,2,0] }
													}
												},
												{
													"name": "Flowers2",
													"from": [ -7.0, 17.0, 0.0 ],
													"to": [ 1.0, 25.0, 0.0 ],
													"shade": false,
													"climateColorMap": "",
													"seasonColorMap": "",
													"renderPass": 1,
													"rotationOrigin": [ 0.0, 17.0, 0.0 ],
													"rotationY": 32.0,
													"faces": {
														"north": { "texture": "#empty", "uv": [ 0.0, 0.0, 8.0, 8.0 ], "windMode": [0,2,2,0], "windData": [0,2,2,0] }
													}
												}
											]
										},
										{
											"name": "Foliage Origin3",
											"from": [ -1.0, 2.0, 16.0 ],
											"to": [ -1.0, 2.0, 16.0 ],
											"rotationOrigin": [ -1.0, 2.0, 16.0 ],
											"rotationX": -22.5,
											"rotationY": 45.0,
											"rotationZ": 22.5,
											"faces": {
											},
											"children": [
												{
													"name": "Leavesa3",
													"from": [ -7.0, -5.0, 0.0 ],
													"to": [ 25.0, 27.0, 0.0 ],
													"shade": false,
													"climateColorMap": "climatePlantTint",
													"seasonColorMap": "seasonalFoliage",
													"renderPass": 1,
													"rotationOrigin": [ 0.0, -5.0, 0.0 ],
													"rotationY": 30.0,
													"faces": {
														"north": { "texture": "#bigleaves1", "uv": [ 0.0, 0.0, 32.0, 32.0 ], "windMode": [0,2,2,0], "windData": [0,2,2,0] }
													}
												},
												{
													"name": "Leavesb3",
													"from": [ -7.0, -5.0, 0.0 ],
													"to": [ 25.0, 27.0, 0.0 ],
													"shade": false,
													"climateColorMap": "climatePlantTint",
													"seasonColorMap": "seasonalFoliage",
													"renderPass": 1,
													"rotationOrigin": [ 0.0, -5.0, 0.0 ],
													"rotationY": 150.0,
													"faces": {
														"north": { "texture": "#bigleaves2", "uv": [ 0.0, 0.0, 32.0, 32.0 ], "windMode": [0,2,2,0], "windData": [0,2,2,0] }
													}
												},
												{
													"name": "Leavesc3",
													"from": [ -7.0, -5.0, 0.0 ],
													"to": [ 25.0, 27.0, 0.0 ],
													"shade": false,
													"climateColorMap": "climatePlantTint",
													"seasonColorMap": "seasonalFoliage",
													"renderPass": 1,
													"rotationOrigin": [ 0.0, -5.0, 0.0 ],
													"rotationY": -90.0,
													"faces": {
														"north": { "texture": "#bigleaves1", "uv": [ 0.0, 0.0, 32.0, 32.0 ], "windMode": [0,2,2,0], "windData": [0,2,2,0] }
													}
												},
												{
													"name": "Leavesd3",
													"from": [ -12.0, -5.0, 2.0 ],
													"to": [ 20.0, 27.0, 2.0 ],
													"shade": false,
													"climateColorMap": "climatePlantTint",
													"seasonColorMap": "seasonalFoliage",
													"renderPass": 1,
													"rotationOrigin": [ 0.0, -5.0, 2.0 ],
													"rotationX": 15.0,
													"faces": {
														"north": { "texture": "#bigleaves2", "uv": [ 0.0, 0.0, 32.0, 32.0 ], "windMode": [0,2,2,0], "windData": [0,2,2,0] }
													}
												},
												{
													"name": "Leavese3",
													"from": [ -10.2679, -5.0, -1.0 ],
													"to": [ 21.7321, 27.0, -1.0 ],
													"shade": false,
													"climateColorMap": "climatePlantTint",
													"seasonColorMap": "seasonalFoliage",
													"renderPass": 1,
													"rotationOrigin": [ 1.7321, -5.0, -1.0 ],
													"rotationX": 151.8132,
													"rotationY": 56.7741,
													"rotationZ": -155.8539,
													"faces": {
														"north": { "texture": "#bigleaves1", "uv": [ 0.0, 0.0, 32.0, 32.0 ], "windMode": [2,2,2,2], "windData": [0,2,2,0] }
													}
												},
												{
													"name": "Leavesf3",
													"from": [ -13.7, -5.0, -1.0 ],
													"to": [ 18.3, 27.0, -1.0 ],
													"shade": false,
													"climateColorMap": "climatePlantTint",
													"seasonColorMap": "seasonalFoliage",
													"renderPass": 1,
													"rotationOrigin": [ -1.7, -5.0, -1.0 ],
													"rotationX": 151.8132,
													"rotationY": -56.7741,
													"rotationZ": 155.8539,
													"faces": {
														"north": { "texture": "#bigleaves2", "uv": [ 0.0, 0.0, 32.0, 32.0 ], "windMode": [2,2,2,0], "windData": [0,2,2,0] }
													}
												},
												{
													"name": "Flowers3",
													"from": [ -7.0, 17.0, 0.0 ],
													"to": [ 1.0, 25.0, 0.0 ],
													"shade": false,
													"climateColorMap": "",
													"seasonColorMap": "",
													"renderPass": 1,
													"rotationOrigin": [ 0.0, 17.0, 0.0 ],
													"rotationY": 32.0,
													"faces": {
														"north": { "texture": "#empty", "uv": [ 0.0, 0.0, 8.0, 8.0 ], "windMode": [0,2,2,0], "windData": [0,2,2,0] }
													}
												}
											]
										},
										{
											"name": "Foliage Origin4",
											"from": [ 18.0, 4.0, 0.0 ],
											"to": [ 18.0, 4.0, 0.0 ],
											"rotationOrigin": [ 18.0, 4.0, 0.0 ],
											"rotationY": 67.5,
											"faces": {
											},
											"children": [
												{
													"name": "Leavesa4",
													"from": [ -7.0, -5.0, 0.0 ],
													"to": [ 25.0, 27.0, 0.0 ],
													"shade": false,
													"climateColorMap": "climatePlantTint",
													"seasonColorMap": "seasonalFoliage",
													"renderPass": 1,
													"rotationOrigin": [ 0.0, -5.0, 0.0 ],
													"rotationY": 30.0,
													"faces": {
														"north": { "texture": "#bigleaves1", "uv": [ 0.0, 0.0, 32.0, 32.0 ], "windMode": [0,2,2,0], "windData": [0,2,2,0] }
													}
												},
												{
													"name": "Leavesb4",
													"from": [ -7.0, -5.0, 0.0 ],
													"to": [ 25.0, 27.0, 0.0 ],
													"shade": false,
													"climateColorMap": "climatePlantTint",
													"seasonColorMap": "seasonalFoliage",
													"renderPass": 1,
													"rotationOrigin": [ 0.0, -5.0, 0.0 ],
													"rotationY": 150.0,
													"faces": {
														"north": { "texture": "#bigleaves2", "uv": [ 0.0, 0.0, 32.0, 32.0 ], "windMode": [0,2,2,0], "windData": [0,2,2,0] }
													}
												},
												{
													"name": "Leavesc4",
													"from": [ -7.0, -5.0, 0.0 ],
													"to": [ 25.0, 27.0, 0.0 ],
													"shade": false,
													"climateColorMap": "climatePlantTint",
													"seasonColorMap": "seasonalFoliage",
													"renderPass": 1,
													"rotationOrigin": [ 0.0, -5.0, 0.0 ],
													"rotationY": -90.0,
													"faces": {
														"north": { "texture": "#bigleaves1", "uv": [ 0.0, 0.0, 32.0, 32.0 ], "windMode": [0,2,2,0], "windData": [0,2,2,0] }
													}
												},
												{
													"name": "Leavesd4",
													"from": [ -12.0, -5.0, 2.0 ],
													"to": [ 20.0, 27.0, 2.0 ],
													"shade": false,
													"climateColorMap": "climatePlantTint",
													"seasonColorMap": "seasonalFoliage",
													"renderPass": 1,
													"rotationOrigin": [ 0.0, -5.0, 2.0 ],
													"rotationX": 15.0,
													"faces": {
														"north": { "texture": "#bigleaves2", "uv": [ 0.0, 0.0, 32.0, 32.0 ], "windMode": [0,2,2,0], "windData": [0,2,2,0] }
													}
												},
												{
													"name": "Leavese4",
													"from": [ -10.2679, -5.0, -1.0 ],
													"to": [ 21.7321, 27.0, -1.0 ],
													"shade": false,
													"climateColorMap": "climatePlantTint",
													"seasonColorMap": "seasonalFoliage",
													"renderPass": 1,
													"rotationOrigin": [ 1.7321, -5.0, -1.0 ],
													"rotationX": 151.8132,
													"rotationY": 56.7741,
													"rotationZ": -155.8539,
													"faces": {
														"north": { "texture": "#bigleaves1", "uv": [ 0.0, 0.0, 32.0, 32.0 ], "windMode": [2,2,2,2], "windData": [0,2,2,0] }
													}
												},
												{
													"name": "Leavesf4",
													"from": [ -13.7, -5.0, -1.0 ],
													"to": [ 18.3, 27.0, -1.0 ],
													"shade": false,
													"climateColorMap": "climatePlantTint",
													"seasonColorMap": "seasonalFoliage",
													"renderPass": 1,
													"rotationOrigin": [ -1.7, -5.0, -1.0 ],
													"rotationX": 151.8132,
													"rotationY": -56.7741,
													"rotationZ": 155.8539,
													"faces": {
														"north": { "texture": "#bigleaves2", "uv": [ 0.0, 0.0, 32.0, 32.0 ], "windMode": [2,2,2,0], "windData": [0,2,2,0] }
													}
												},
												{
													"name": "Flowers4",
													"from": [ -7.0, 17.0, 0.0 ],
													"to": [ 1.0, 25.0, 0.0 ],
													"shade": false,
													"climateColorMap": "",
													"seasonColorMap": "",
													"renderPass": 1,
													"rotationOrigin": [ 0.0, 17.0, 0.0 ],
													"rotationY": 32.0,
													"faces": {
														"north": { "texture": "#empty", "uv": [ 0.0, 0.0, 8.0, 8.0 ], "windMode": [0,2,2,0], "windData": [0,2,2,0] }
													}
												}
											]
										},
										{
											"name": "Foliage Origin5",
											"from": [ 2.0, 4.0, -16.0 ],
											"to": [ 2.0, 4.0, -16.0 ],
											"rotationOrigin": [ 2.0, 4.0, -16.0 ],
											"rotationY": -22.5,
											"rotationZ": 22.5,
											"faces": {
											},
											"children": [
												{
													"name": "Leavesa5",
													"from": [ -7.0, -5.0, 0.0 ],
													"to": [ 25.0, 27.0, 0.0 ],
													"shade": false,
													"climateColorMap": "climatePlantTint",
													"seasonColorMap": "seasonalFoliage",
													"renderPass": 1,
													"rotationOrigin": [ 0.0, -5.0, 0.0 ],
													"rotationY": 30.0,
													"faces": {
														"north": { "texture": "#bigleaves1", "uv": [ 0.0, 0.0, 32.0, 32.0 ], "windMode": [0,2,2,0], "windData": [0,2,2,0] }
													}
												},
												{
													"name": "Leavesb5",
													"from": [ -7.0, -5.0, 0.0 ],
													"to": [ 25.0, 27.0, 0.0 ],
													"shade": false,
													"climateColorMap": "climatePlantTint",
													"seasonColorMap": "seasonalFoliage",
													"renderPass": 1,
													"rotationOrigin": [ 0.0, -5.0, 0.0 ],
													"rotationY": 150.0,
													"faces": {
														"north": { "texture": "#bigleaves2", "uv": [ 0.0, 0.0, 32.0, 32.0 ], "windMode": [0,2,2,0], "windData": [0,2,2,0] }
													}
												},
												{
													"name": "Leavesc5",
													"from": [ -7.0, -5.0, 0.0 ],
													"to": [ 25.0, 27.0, 0.0 ],
													"shade": false,
													"climateColorMap": "climatePlantTint",
													"seasonColorMap": "seasonalFoliage",
													"renderPass": 1,
													"rotationOrigin": [ 0.0, -5.0, 0.0 ],
													"rotationY": -90.0,
													"faces": {
														"north": { "texture": "#bigleaves1", "uv": [ 0.0, 0.0, 32.0, 32.0 ], "windMode": [0,2,2,0], "windData": [0,2,2,0] }
													}
												},
												{
													"name": "Leavesd5",
													"from": [ -12.0, -5.0, 2.0 ],
													"to": [ 20.0, 27.0, 2.0 ],
													"shade": false,
													"climateColorMap": "climatePlantTint",
													"seasonColorMap": "seasonalFoliage",
													"renderPass": 1,
													"rotationOrigin": [ 0.0, -5.0, 2.0 ],
													"rotationX": 15.0,
													"faces": {
														"north": { "texture": "#bigleaves2", "uv": [ 0.0, 0.0, 32.0, 32.0 ], "windMode": [0,2,2,0], "windData": [0,2,2,0] }
													}
												},
												{
													"name": "Leavese5",
													"from": [ -10.2679, -5.0, -1.0 ],
													"to": [ 21.7321, 27.0, -1.0 ],
													"shade": false,
													"climateColorMap": "climatePlantTint",
													"seasonColorMap": "seasonalFoliage",
													"renderPass": 1,
													"rotationOrigin": [ 1.7321, -5.0, -1.0 ],
													"rotationX": 151.8132,
													"rotationY": 56.7741,
													"rotationZ": -155.8539,
													"faces": {
														"north": { "texture": "#bigleaves1", "uv": [ 0.0, 0.0, 32.0, 32.0 ], "windMode": [2,2,2,2], "windData": [0,2,2,0] }
													}
												},
												{
													"name": "Leavesf5",
													"from": [ -13.7, -5.0, -1.0 ],
													"to": [ 18.3, 27.0, -1.0 ],
													"shade": false,
													"climateColorMap": "climatePlantTint",
													"seasonColorMap": "seasonalFoliage",
													"renderPass": 1,
													"rotationOrigin": [ -1.7, -5.0, -1.0 ],
													"rotationX": 151.8132,
													"rotationY": -56.7741,
													"rotationZ": 155.8539,
													"faces": {
														"north": { "texture": "#bigleaves2", "uv": [ 0.0, 0.0, 32.0, 32.0 ], "windMode": [2,2,2,0], "windData": [0,2,2,0] }
													}
												},
												{
													"name": "Flowers5",
													"from": [ -7.0, 17.0, 0.0 ],
													"to": [ 1.0, 25.0, 0.0 ],
													"shade": false,
													"climateColorMap": "",
													"seasonColorMap": "",
													"renderPass": 1,
													"rotationOrigin": [ 0.0, 17.0, 0.0 ],
													"rotationY": 32.0,
													"faces": {
														"north": { "texture": "#empty", "uv": [ 0.0, 0.0, 8.0, 8.0 ], "windMode": [0,2,2,0], "windData": [0,2,2,0] }
													}
												}
											]
										},
										{
											"name": "Foliage Origin6",
											"from": [ 2.0, 16.0, 2.0 ],
											"to": [ 2.0, 16.0, 2.0 ],
											"rotationOrigin": [ 2.0, 16.0, 2.0 ],
											"rotationY": 45.0,
											"rotationZ": 22.5,
											"faces": {
											},
											"children": [
												{
													"name": "Leavesa6",
													"from": [ -7.0, -5.0, 0.0 ],
													"to": [ 25.0, 27.0, 0.0 ],
													"shade": false,
													"climateColorMap": "climatePlantTint",
													"seasonColorMap": "seasonalFoliage",
													"renderPass": 1,
													"rotationOrigin": [ 0.0, -5.0, 0.0 ],
													"rotationY": 30.0,
													"faces": {
														"north": { "texture": "#bigleaves1", "uv": [ 0.0, 0.0, 32.0, 32.0 ], "windMode": [0,2,2,0], "windData": [0,2,2,0] }
													}
												},
												{
													"name": "Leavesb6",
													"from": [ -7.0, -5.0, 0.0 ],
													"to": [ 25.0, 27.0, 0.0 ],
													"shade": false,
													"climateColorMap": "climatePlantTint",
													"seasonColorMap": "seasonalFoliage",
													"renderPass": 1,
													"rotationOrigin": [ 0.0, -5.0, 0.0 ],
													"rotationY": 150.0,
													"faces": {
														"north": { "texture": "#bigleaves2", "uv": [ 0.0, 0.0, 32.0, 32.0 ], "windMode": [0,2,2,0], "windData": [0,2,2,0] }
													}
												},
												{
													"name": "Leavesc6",
													"from": [ -7.0, -5.0, 0.0 ],
													"to": [ 25.0, 27.0, 0.0 ],
													"shade": false,
													"climateColorMap": "climatePlantTint",
													"seasonColorMap": "seasonalFoliage",
													"renderPass": 1,
													"rotationOrigin": [ 0.0, -5.0, 0.0 ],
													"rotationY": -90.0,
													"faces": {
														"north": { "texture": "#bigleaves1", "uv": [ 0.0, 0.0, 32.0, 32.0 ], "windMode": [0,2,2,0], "windData": [0,2,2,0] }
													}
												},
												{
													"name": "Leavesd6",
													"from": [ -12.0, -5.0, 2.0 ],
													"to": [ 20.0, 27.0, 2.0 ],
													"shade": false,
													"climateColorMap": "climatePlantTint",
													"seasonColorMap": "seasonalFoliage",
													"renderPass": 1,
													"rotationOrigin": [ 0.0, -5.0, 2.0 ],
													"rotationX": 15.0,
													"faces": {
														"north": { "texture": "#bigleaves2", "uv": [ 0.0, 0.0, 32.0, 32.0 ], "windMode": [0,2,2,0], "windData": [0,2,2,0] }
													}
												},
												{
													"name": "Leavese6",
													"from": [ -10.2679, -5.0, -1.0 ],
													"to": [ 21.7321, 27.0, -1.0 ],
													"shade": false,
													"climateColorMap": "climatePlantTint",
													"seasonColorMap": "seasonalFoliage",
													"renderPass": 1,
													"rotationOrigin": [ 1.7321, -5.0, -1.0 ],
													"rotationX": 151.8132,
													"rotationY": 56.7741,
													"rotationZ": -155.8539,
													"faces": {
														"north": { "texture": "#bigleaves1", "uv": [ 0.0, 0.0, 32.0, 32.0 ], "windMode": [2,2,2,2], "windData": [0,2,2,0] }
													}
												},
												{
													"name": "Leavesf6",
													"from": [ -13.7, -5.0, -1.0 ],
													"to": [ 18.3, 27.0, -1.0 ],
													"shade": false,
													"climateColorMap": "climatePlantTint",
													"seasonColorMap": "seasonalFoliage",
													"renderPass": 1,
													"rotationOrigin": [ -1.7, -5.0, -1.0 ],
													"rotationX": 151.8132,
													"rotationY": -56.7741,
													"rotationZ": 155.8539,
													"faces": {
														"north": { "texture": "#bigleaves2", "uv": [ 0.0, 0.0, 32.0, 32.0 ], "windMode": [2,2,2,0], "windData": [0,2,2,0] }
													}
												},
												{
													"name": "Flowers6",
													"from": [ -7.0, 17.0, 0.0 ],
													"to": [ 1.0, 25.0, 0.0 ],
													"shade": false,
													"climateColorMap": "",
													"seasonColorMap": "",
													"renderPass": 1,
													"rotationOrigin": [ 0.0, 17.0, 0.0 ],
													"rotationY": 32.0,
													"faces": {
														"north": { "texture": "#empty", "uv": [ 0.0, 0.0, 8.0, 8.0 ], "windMode": [0,2,2,0], "windData": [0,2,2,0] }
													}
												}
											]
										}
									]
								}
							]
						},
						{
							"name": "Trunk4",
							"from": [ 0.0, -16.0, 0.0 ],
							"to": [ 4.0, 0.0, 4.0 ],
							"rotationOrigin": [ 2.0, 0.0, 2.0 ],
							"rotationX": 0.0,
							"rotationY": 0.0,
							"rotationZ": -2.0,
							"faces": {
								"north": { "texture": "#trunk", "uv": [ 10.0, 0.0, 14.0, 16.0 ] },
								"east": { "texture": "#trunk", "uv": [ 10.0, 0.0, 14.0, 16.0 ] },
								"south": { "texture": "#trunk", "uv": [ 10.5, 0.0, 14.5, 16.0 ] },
								"west": { "texture": "#trunk", "uv": [ 10.0, 0.0, 14.0, 16.0 ] },
								"up": { "texture": "#trunk", "uv": [ 2.0, 2.0, 6.0, 6.0 ], "windMode": [-1,-1,-1,-1], "windData": [2,2,2,2] },
								"down": { "texture": "#trunk", "uv": [ 2.0, 2.0, 6.0, 6.0 ] }
							},
							"children": [
								{
									"name": "Roots",
									"from": [ -10.0, 1.0, 4.0 ],
									"to": [ 14.0, 1.0, 28.0 ],
									"shade": false,
									"renderPass": 1,
									"rotationOrigin": [ 2.0, 1.0, 4.0 ],
									"rotationX": 80.0,
									"faces": {
										"up": { "texture": "#proproots1", "uv": [ 0.0, 0.0, 24.0, 24.0 ], "windMode": [-1,-1,-1,-1], "windData": [-1,-1,-1,-1] }
									}
								},
								{
									"name": "Roots2",
									"from": [ -10.0, 1.0, 0.0 ],
									"to": [ 14.0, 1.0, 24.0 ],
									"shade": false,
									"renderPass": 1,
									"rotationOrigin": [ 2.0, 1.0, 0.0 ],
									"rotationX": -80.0,
									"rotationY": 180.0,
									"faces": {
										"up": { "texture": "#proproots1", "uv": [ 0.0, 0.0, 24.0, 24.0 ], "windMode": [-1,-1,-1,-1], "windData": [-1,-1,-1,-1] }
									}
								}
							]
						}
					]
				}
			]
		}
	]}