[
  {
    "side": "Server",
    "dependsOn": [{ "modid": "combatoverhaul" }],
    "file": "viverridae:entities/land/viverridae",
    "op": "add",
    "path": "/client/behaviors/-",
    "value": {
      "code": "CombatOverhaul:EntityColliders",
      "elements": {
        "Torso": ["Neck", "Body", "Abdomen", "Hip"],
        "Head": ["Head"],
        "Arm": ["L Shoulder", "L Upper Arm", "L Lower Arm","L Hand","R Shoulder", "R Upper Arm", "R Lower Arm","R Hand"],
        "Leg": ["L Upper Leg", "L Lower Leg", "R Upper Leg", "R Lower Leg"],
        "Critical": ["Neck 2"],
        "Resistant": []
      }
    }
  },
  {
    "side": "Server",
    "dependsOn": [{ "modid": "combatoverhaul" }],
    "file": "viverridae:entities/land/viverridae",
    "op": "add",
    "path": "/server/behaviors/-",
    "value": {
      "code": "CombatOverhaul:EntityColliders",
      "elements": {
        "Torso": ["Neck", "Body", "Abdomen", "Hip"],
        "Head": ["Head"],
        "Arm": ["L Shoulder", "L Upper Arm", "L Lower Arm","L Hand","R Shoulder", "R Upper Arm", "R Lower Arm","R Hand"],
        "Leg": ["L Upper Leg", "L Lower Leg", "R Upper Leg", "R Lower Leg"],
        "Critical": ["Neck 2"],
        "Resistant": []
      }
    }
  },
  {
    "side": "Server",
    "dependsOn": [{ "modid": "combatoverhaul" }],
    "file": "viverridae:entities/land/viverridae",
    "op": "add",
    "path": "/server/behaviors/-",
    "value": {
      "code": "CombatOverhaul:EntityDamageModel",
      "damageModel": {
        "TorsoDamageMultiplier": 1,
        "LimbsDamageMultiplier": 0.75,
        "HeadDamageMultiplier": 1.5,
        "CriticalDamageMultiplier": 2,
        "DefaultResists": {"BluntAttack": 0, "SlashingAttack": 0, "PiercingAttack": 0}
      }
    }
  },
  {
    "side": "Server",
    "dependsOn": [{ "modid": "combatoverhaul" }],
    "file": "viverridae:entities/land/viverridae",
    "op": "add",
    "path": "/client/behaviors/-",
    "value": {
      "code": "CombatOverhaul:EntityDamageModel",
      "damageModel": {
        "TorsoDamageMultiplier": 1,
        "LimbsDamageMultiplier": 0.75,
        "HeadDamageMultiplier": 1.5,
        "CriticalDamageMultiplier": 2,
        "DefaultResists": {"BluntAttack": 0, "SlashingAttack": 0, "PiercingAttack": 0}
      }
    }
  }
]