{
	"editor": {
		"allAngles": true,
		"entityTextureMode": true
	},
	"textureWidth": 84,
	"textureHeight": 104,
	"textureSizes": {
		"skin": [84,104]
	},
	"textures": {
	},
	"elements": [
		{
			"name": "Origin",
			"from": [ 8.0, 0.0, 8.0 ],
			"to": [ 8.0, 0.0, 8.0 ],
			"uv": [ 0.0, 0.0 ],
			"rotationOrigin": [ 8.0, 0.0, 8.0 ],
			"faces": {
			},
			"children": [
				{
					"name": "Shell Base",
					"from": [ -8.0, 0.6, -6.2 ],
					"to": [ 8.0, 8.6, 6.2 ],
					"unwrapMode": 6,
					"unwrapRotation": 1,
					"uv": [ 25.0, 28.0 ],
					"rotationOrigin": [ 0.0, 0.6, 0.0 ],
					"faces": {
					},
					"children": [
						{
							"name": "SRidge1",
							"from": [ -2.0, 6.5, 5.2 ],
							"to": [ 2.0, 7.5, 7.2 ],
							"unwrapMode": 7,
							"unwrapRotation": 1,
							"autoUnwrap": false,
							"uv": [ 8.5, 1.0 ],
							"rotationOrigin": [ -2.0, 6.5, 5.2 ],
							"rotationZ": 29.0,
							"faces": {
								"north": { "texture": "#skin", "uv": [ 17.5, 2.0, 18.5, 6.0 ], "rotation": 90 },
								"south": { "texture": "#skin", "uv": [ 14.5, 2.0, 15.5, 6.0 ], "rotation": 270 },
								"west": { "texture": "#skin", "uv": [ 15.5, 1.0, 17.5, 2.0 ], "rotation": 180 },
								"up": { "texture": "#skin", "uv": [ 15.5, 2.0, 17.5, 6.0 ], "rotation": 270 },
								"down": { "texture": "#skin", "uv": [ 45.5, 1.0, 47.5, 5.0 ], "rotation": 90 }
							},
							"children": [
								{
									"name": "SRidge2",
									"from": [ 4.0, 0.0, -0.1 ],
									"to": [ 8.4, 1.0, 2.1 ],
									"unwrapMode": 7,
									"unwrapRotation": 1,
									"autoUnwrap": false,
									"uv": [ 9.5, 4.0 ],
									"rotationOrigin": [ 4.0, 1.0, -0.1 ],
									"rotationZ": -20.0,
									"faces": {
										"north": { "texture": "#skin", "uv": [ 17.5, 7.5, 18.5, 11.5 ], "rotation": 90 },
										"south": { "texture": "#skin", "uv": [ 14.5, 7.5, 15.5, 11.5 ], "rotation": 270 },
										"west": { "texture": "#skin", "uv": [ 15.5, 6.5, 17.5, 7.5 ], "rotation": 180 },
										"up": { "texture": "#skin", "uv": [ 15.5, 7.5, 17.5, 11.5 ], "rotation": 270 },
										"down": { "texture": "#skin", "uv": [ 45.5, 5.5, 47.5, 9.5 ], "rotation": 90 }
									},
									"children": [
										{
											"name": "SRidge3",
											"from": [ 4.4, 0.0, -0.1 ],
											"to": [ 14.4, 1.0, 2.3 ],
											"unwrapMode": 7,
											"unwrapRotation": 1,
											"autoUnwrap": false,
											"uv": [ 9.5, 7.0 ],
											"rotationOrigin": [ 4.4, 1.0, -0.1 ],
											"rotationZ": -19.0,
											"faces": {
												"north": { "texture": "#skin", "uv": [ 17.5, 13.0, 18.5, 23.0 ], "rotation": 90 },
												"east": { "texture": "#skin", "uv": [ 15.5, 23.0, 17.5, 24.0 ] },
												"south": { "texture": "#skin", "uv": [ 14.5, 13.0, 15.5, 23.0 ], "rotation": 270 },
												"west": { "texture": "#skin", "uv": [ 15.5, 12.0, 17.5, 13.0 ], "rotation": 180 },
												"up": { "texture": "#skin", "uv": [ 15.5, 13.0, 17.5, 23.0 ], "rotation": 270 },
												"down": { "texture": "#skin", "uv": [ 45.5, 10.0, 47.5, 20.0 ], "rotation": 90 }
											},
											"children": [
												{
													"name": "SRidge4",
													"from": [ 10.0, 0.0, 0.1 ],
													"to": [ 18.2, 1.0, 2.3 ],
													"unwrapMode": 7,
													"unwrapRotation": 1,
													"autoUnwrap": false,
													"uv": [ 8.5, 12.5 ],
													"rotationOrigin": [ 10.0, 1.0, 0.1 ],
													"rotationZ": -10.0,
													"faces": {
														"north": { "texture": "#skin", "uv": [ 17.5, 24.5, 18.5, 32.5 ], "rotation": 90 },
														"east": { "texture": "#skin", "uv": [ 15.5, 32.5, 17.5, 33.5 ] },
														"south": { "texture": "#skin", "uv": [ 14.5, 24.5, 15.5, 32.5 ], "rotation": 270 },
														"up": { "texture": "#skin", "uv": [ 15.5, 24.5, 17.5, 32.5 ], "rotation": 270 },
														"down": { "texture": "#skin", "uv": [ 45.5, 20.5, 47.5, 28.5 ], "rotation": 90 }
													},
													"children": [
														{
															"name": "RTopa4",
															"from": [ -0.2, -0.4, -3.2 ],
															"to": [ 5.3, 0.6, 0.2 ],
															"unwrapMode": 7,
															"unwrapRotation": 1,
															"autoUnwrap": false,
															"uv": [ 11.0, 12.5 ],
															"rotationOrigin": [ -0.2, -0.4, 0.2 ],
															"rotationX": -8.0,
															"rotationY": -5.0,
															"faces": {
																"north": { "texture": "#skin", "uv": [ 22.0, 25.5, 23.0, 31.0 ], "rotation": 90 },
																"west": { "texture": "#skin", "uv": [ 19.0, 24.5, 22.0, 25.5 ], "rotation": 180 },
																"up": { "texture": "#skin", "uv": [ 19.0, 25.5, 22.0, 31.0 ], "rotation": 270 },
																"down": { "texture": "#skin", "uv": [ 42.0, 20.5, 45.0, 26.0 ], "rotation": 90 }
															},
															"children": [
																{
																	"name": "RTopb4",
																	"from": [ 0.0, -0.2, -3.0 ],
																	"to": [ 5.5, 1.0, 0.0 ],
																	"unwrapMode": 7,
																	"unwrapRotation": 1,
																	"autoUnwrap": false,
																	"uv": [ 14.0, 12.5 ],
																	"rotationOrigin": [ 0.0, 1.0, 0.0 ],
																	"rotationX": -28.0,
																	"faces": {
																		"north": { "texture": "#skin", "uv": [ 26.5, 25.5, 27.5, 31.0 ], "rotation": 90 },
																		"east": { "texture": "#skin", "uv": [ 23.5, 31.0, 26.5, 32.0 ] },
																		"west": { "texture": "#skin", "uv": [ 23.5, 24.5, 26.5, 25.5 ], "rotation": 180 },
																		"up": { "texture": "#skin", "uv": [ 23.5, 25.5, 26.5, 31.0 ], "rotation": 270 },
																		"down": { "texture": "#skin", "uv": [ 38.5, 20.5, 41.5, 26.0 ], "rotation": 90 }
																	},
																	"children": [
																		{
																			"name": "RTopc4",
																			"from": [ 0.6, 0.5, -2.7 ],
																			"to": [ 3.6, 1.2, 0.0 ],
																			"unwrapMode": 7,
																			"unwrapRotation": 1,
																			"autoUnwrap": false,
																			"uv": [ 16.5, 12.5 ],
																			"rotationOrigin": [ 0.6, 1.2, 0.0 ],
																			"rotationX": -28.0,
																			"faces": {
																				"east": { "texture": "#skin", "uv": [ 28.0, 28.5, 30.5, 29.0 ] },
																				"west": { "texture": "#skin", "uv": [ 28.0, 25.0, 30.5, 25.5 ], "rotation": 180 },
																				"up": { "texture": "#skin", "uv": [ 28.0, 25.5, 30.5, 28.5 ], "rotation": 270 },
																				"down": { "texture": "#skin", "uv": [ 35.5, 20.5, 38.0, 23.5 ], "rotation": 90 }
																			}
																		}
																	]
																},
																{
																	"name": "RTopa5",
																	"from": [ 5.5, -0.5, 0.0 ],
																	"to": [ 10.0, 1.0, 3.0 ],
																	"unwrapMode": 7,
																	"unwrapRotation": 1,
																	"autoUnwrap": false,
																	"uv": [ 11.0, 16.0 ],
																	"rotationOrigin": [ 5.5, 1.0, 0.0 ],
																	"rotationZ": -5.0,
																	"faces": {
																		"north": { "texture": "#skin", "uv": [ 23.5, 33.0, 25.0, 37.5 ], "rotation": 90 },
																		"up": { "texture": "#skin", "uv": [ 20.5, 33.0, 23.5, 37.5 ], "rotation": 270 },
																		"down": { "texture": "#skin", "uv": [ 42.0, 26.5, 45.0, 31.0 ], "rotation": 90 }
																	}
																}
															]
														},
														{
															"name": "LTopa4",
															"from": [ -0.2, -0.4, 2.0 ],
															"to": [ 5.3, 0.6, 5.4 ],
															"unwrapMode": 7,
															"unwrapRotation": 1,
															"autoUnwrap": false,
															"uv": [ 5.5, 12.5 ],
															"rotationOrigin": [ -0.2, -0.4, 2.2 ],
															"rotationX": 8.0,
															"rotationY": 5.0,
															"faces": {
																"south": { "texture": "#skin", "uv": [ 10.0, 25.5, 11.0, 31.0 ], "rotation": 270 },
																"west": { "texture": "#skin", "uv": [ 11.0, 24.5, 14.0, 25.5 ], "rotation": 180 },
																"up": { "texture": "#skin", "uv": [ 11.0, 25.5, 14.0, 31.0 ], "rotation": 270 },
																"down": { "texture": "#skin", "uv": [ 48.0, 20.5, 51.0, 26.0 ], "rotation": 90 }
															},
															"children": [
																{
																	"name": "LTopb4",
																	"from": [ 0.0, -0.2, 3.4 ],
																	"to": [ 5.5, 1.0, 6.4 ],
																	"unwrapMode": 7,
																	"unwrapRotation": 1,
																	"autoUnwrap": false,
																	"uv": [ 3.0, 12.5 ],
																	"rotationOrigin": [ 0.0, 1.0, 3.4 ],
																	"rotationX": 28.0,
																	"faces": {
																		"east": { "texture": "#skin", "uv": [ 6.5, 31.0, 9.5, 32.0 ] },
																		"south": { "texture": "#skin", "uv": [ 5.5, 25.5, 6.5, 31.0 ], "rotation": 270 },
																		"west": { "texture": "#skin", "uv": [ 6.5, 24.5, 9.5, 25.5 ], "rotation": 180 },
																		"up": { "texture": "#skin", "uv": [ 6.5, 25.5, 9.5, 31.0 ], "rotation": 270 },
																		"down": { "texture": "#skin", "uv": [ 51.5, 20.5, 54.5, 26.0 ], "rotation": 90 }
																	},
																	"children": [
																		{
																			"name": "LTopc4",
																			"from": [ 0.6, 0.5, 3.0 ],
																			"to": [ 3.6, 1.2, 5.7 ],
																			"unwrapMode": 7,
																			"unwrapRotation": 1,
																			"autoUnwrap": false,
																			"uv": [ 1.5, 12.5 ],
																			"rotationOrigin": [ 0.6, 1.2, 3.0 ],
																			"rotationX": 28.0,
																			"faces": {
																				"east": { "texture": "#skin", "uv": [ 2.5, 28.5, 5.0, 29.0 ] },
																				"west": { "texture": "#skin", "uv": [ 2.5, 25.0, 5.0, 25.5 ], "rotation": 180 },
																				"up": { "texture": "#skin", "uv": [ 2.5, 25.5, 5.0, 28.5 ], "rotation": 270 },
																				"down": { "texture": "#skin", "uv": [ 55.0, 20.5, 57.5, 23.5 ], "rotation": 90 }
																			}
																		}
																	]
																},
																{
																	"name": "LTopa5",
																	"from": [ 5.5, -0.5, 0.4 ],
																	"to": [ 10.0, 1.0, 3.4 ],
																	"unwrapMode": 7,
																	"unwrapRotation": 1,
																	"autoUnwrap": false,
																	"uv": [ 5.5, 16.0 ],
																	"rotationOrigin": [ 5.5, 1.0, 3.4 ],
																	"rotationZ": -5.0,
																	"faces": {
																		"south": { "texture": "#skin", "uv": [ 8.5, 33.0, 10.0, 37.5 ], "rotation": 270, "windMode": [-1,-1,-1,-1] },
																		"up": { "texture": "#skin", "uv": [ 10.0, 33.0, 13.0, 37.5 ], "rotation": 270 },
																		"down": { "texture": "#skin", "uv": [ 48.0, 26.5, 51.0, 31.0 ], "rotation": 90 }
																	}
																}
															]
														},
														{
															"name": "SRidge5",
															"from": [ 8.0, -1.2, -0.2 ],
															"to": [ 13.0, 1.0, 2.4 ],
															"unwrapMode": 7,
															"unwrapRotation": 1,
															"autoUnwrap": false,
															"uv": [ 13.5, 34.0 ],
															"rotationOrigin": [ 8.0, 1.0, -0.2 ],
															"rotationZ": 2.0,
															"faces": {
																"north": { "texture": "#skin", "uv": [ 18.0, 34.0, 20.0, 39.0 ], "rotation": 90 },
																"east": { "texture": "#skin", "uv": [ 15.5, 39.0, 18.0, 41.0 ] },
																"south": { "texture": "#skin", "uv": [ 13.5, 34.0, 15.5, 39.0 ], "rotation": 270 },
																"up": { "texture": "#skin", "uv": [ 15.5, 34.0, 18.0, 39.0 ], "rotation": 270 },
																"down": { "texture": "#skin", "uv": [ 45.0, 31.5, 47.5, 36.5 ], "rotation": 90 }
															}
														}
													]
												},
												{
													"name": "RTopa3",
													"from": [ 0.0, -0.2, -4.0 ],
													"to": [ 10.0, 0.8, 0.0 ],
													"unwrapMode": 7,
													"unwrapRotation": 1,
													"autoUnwrap": false,
													"uv": [ 11.0, 7.0 ],
													"rotationOrigin": [ 0.0, 0.8, 0.0 ],
													"rotationX": -9.0,
													"rotationY": -4.0,
													"faces": {
														"east": { "texture": "#skin", "uv": [ 20.0, 23.0, 24.0, 24.0 ] },
														"south": { "texture": "#skin", "uv": [ 19.0, 13.0, 20.0, 23.0 ], "rotation": 270 },
														"west": { "texture": "#skin", "uv": [ 20.0, 12.0, 24.0, 13.0 ], "rotation": 180 },
														"up": { "texture": "#skin", "uv": [ 20.0, 13.0, 24.0, 23.0 ], "rotation": 270 },
														"down": { "texture": "#skin", "uv": [ 41.0, 10.0, 45.0, 20.0 ], "rotation": 90 }
													},
													"children": [
														{
															"name": "RTopb3",
															"from": [ 0.0, 0.0, -4.0 ],
															"to": [ 10.0, 1.0, 0.0 ],
															"unwrapMode": 7,
															"unwrapRotation": 1,
															"autoUnwrap": false,
															"uv": [ 14.5, 7.0 ],
															"rotationOrigin": [ 0.0, 1.0, 0.0 ],
															"rotationX": -29.0,
															"faces": {
																"east": { "texture": "#skin", "uv": [ 24.5, 23.0, 28.5, 24.0 ] },
																"west": { "texture": "#skin", "uv": [ 24.5, 12.0, 28.5, 13.0 ], "rotation": 180 },
																"up": { "texture": "#skin", "uv": [ 24.5, 13.0, 28.5, 23.0 ], "rotation": 270 },
																"down": { "texture": "#skin", "uv": [ 36.5, 10.0, 40.5, 20.0 ], "rotation": 90 }
															},
															"children": [
																{
																	"name": "RTopc3",
																	"from": [ 0.0, 0.0, -3.0 ],
																	"to": [ 10.0, 1.0, 0.0 ],
																	"unwrapMode": 7,
																	"unwrapRotation": 1,
																	"autoUnwrap": false,
																	"uv": [ 17.5, 7.0 ],
																	"rotationOrigin": [ 0.0, 1.0, 0.0 ],
																	"rotationX": -27.0,
																	"faces": {
																		"east": { "texture": "#skin", "uv": [ 29.0, 23.0, 32.0, 24.0 ] },
																		"west": { "texture": "#skin", "uv": [ 29.0, 12.0, 32.0, 13.0 ], "rotation": 180 },
																		"up": { "texture": "#skin", "uv": [ 29.0, 13.0, 32.0, 23.0 ], "rotation": 270 },
																		"down": { "texture": "#skin", "uv": [ 33.0, 10.0, 36.0, 20.0 ], "rotation": 90 }
																	}
																}
															]
														}
													]
												},
												{
													"name": "LTopa3",
													"from": [ 0.0, -0.2, 2.4 ],
													"to": [ 10.0, 0.8, 6.4 ],
													"unwrapMode": 7,
													"unwrapRotation": 1,
													"autoUnwrap": false,
													"uv": [ 5.5, 7.0 ],
													"rotationOrigin": [ 0.0, 0.8, 2.4 ],
													"rotationX": 9.0,
													"rotationY": 4.0,
													"faces": {
														"north": { "texture": "#skin", "uv": [ 13.0, 13.0, 14.0, 23.0 ], "rotation": 90 },
														"east": { "texture": "#skin", "uv": [ 9.0, 23.0, 13.0, 24.0 ] },
														"west": { "texture": "#skin", "uv": [ 9.0, 12.0, 13.0, 13.0 ], "rotation": 180 },
														"up": { "texture": "#skin", "uv": [ 9.0, 13.0, 13.0, 23.0 ], "rotation": 270 },
														"down": { "texture": "#skin", "uv": [ 48.0, 10.0, 52.0, 20.0 ], "rotation": 90 }
													},
													"children": [
														{
															"name": "LTopb3",
															"from": [ 0.0, 0.0, 4.0 ],
															"to": [ 10.0, 1.0, 8.0 ],
															"unwrapMode": 7,
															"unwrapRotation": 1,
															"autoUnwrap": false,
															"uv": [ 1.5, 7.0 ],
															"rotationOrigin": [ 0.0, 1.0, 4.0 ],
															"rotationX": 29.0,
															"faces": {
																"east": { "texture": "#skin", "uv": [ 4.5, 23.0, 8.5, 24.0 ] },
																"west": { "texture": "#skin", "uv": [ 4.5, 12.0, 8.5, 13.0 ], "rotation": 180 },
																"up": { "texture": "#skin", "uv": [ 4.5, 13.0, 8.5, 23.0 ], "rotation": 270 },
																"down": { "texture": "#skin", "uv": [ 52.5, 10.0, 56.5, 20.0 ], "rotation": 90 }
															},
															"children": [
																{
																	"name": "LTopc3",
																	"from": [ 0.0, 0.0, 4.0 ],
																	"to": [ 10.0, 1.0, 7.0 ],
																	"unwrapMode": 7,
																	"unwrapRotation": 1,
																	"autoUnwrap": false,
																	"uv": [ 0.5, 7.0 ],
																	"rotationOrigin": [ 0.0, 1.0, 4.0 ],
																	"rotationX": 27.0,
																	"faces": {
																		"east": { "texture": "#skin", "uv": [ 1.0, 23.0, 4.0, 24.0 ] },
																		"west": { "texture": "#skin", "uv": [ 1.0, 12.0, 4.0, 13.0 ], "rotation": 180 },
																		"up": { "texture": "#skin", "uv": [ 1.0, 13.0, 4.0, 23.0 ], "rotation": 270 },
																		"down": { "texture": "#skin", "uv": [ 57.0, 10.0, 60.0, 20.0 ], "rotation": 90 }
																	}
																}
															]
														}
													]
												}
											]
										},
										{
											"name": "RTopa2",
											"from": [ 0.0, -0.1, -4.0 ],
											"to": [ 4.4, 0.9, 0.0 ],
											"unwrapMode": 7,
											"unwrapRotation": 1,
											"autoUnwrap": false,
											"uv": [ 11.0, 4.0 ],
											"rotationOrigin": [ 0.0, 0.9, 0.0 ],
											"rotationX": -10.0,
											"rotationZ": -1.0,
											"faces": {
												"south": { "texture": "#skin", "uv": [ 19.0, 7.5, 20.0, 11.5 ], "rotation": 270 },
												"west": { "texture": "#skin", "uv": [ 20.0, 6.5, 24.0, 7.5 ], "rotation": 180 },
												"up": { "texture": "#skin", "uv": [ 20.0, 7.5, 24.0, 11.5 ], "rotation": 270 },
												"down": { "texture": "#skin", "uv": [ 41.0, 5.5, 45.0, 9.5 ], "rotation": 90 }
											},
											"children": [
												{
													"name": "RTopb2",
													"from": [ 0.0, 0.4, -4.0 ],
													"to": [ 4.4, 1.0, 0.0 ],
													"unwrapMode": 7,
													"unwrapRotation": 1,
													"autoUnwrap": false,
													"uv": [ 14.5, 3.5 ],
													"rotationOrigin": [ 4.0, 1.0, 0.0 ],
													"rotationX": -32.0,
													"faces": {
														"north": { "texture": "#skin", "uv": [ 28.5, 7.0, 29.0, 11.0 ], "rotation": 90 },
														"east": { "texture": "#skin", "uv": [ 24.5, 11.0, 28.5, 11.5 ] },
														"west": { "texture": "#skin", "uv": [ 24.5, 6.5, 28.5, 7.0 ], "rotation": 180 },
														"up": { "texture": "#skin", "uv": [ 24.5, 7.0, 28.5, 11.0 ], "rotation": 270 },
														"down": { "texture": "#skin", "uv": [ 36.5, 5.5, 40.5, 9.5 ], "rotation": 90 }
													},
													"children": [
														{
															"name": "RTopc2",
															"from": [ 1.0, 0.0, -1.0 ],
															"to": [ 4.0, 0.6, 0.0 ],
															"unwrapMode": 7,
															"unwrapRotation": 1,
															"autoUnwrap": false,
															"uv": [ 17.5, 4.0 ],
															"rotationOrigin": [ 4.0, 0.6, 0.0 ],
															"rotationX": -25.0,
															"faces": {
																"north": { "texture": "#skin", "uv": [ 30.5, 8.0, 31.0, 11.0 ], "rotation": 90 },
																"west": { "texture": "#skin", "uv": [ 29.5, 7.5, 30.5, 8.0 ], "rotation": 180 },
																"up": { "texture": "#skin", "uv": [ 29.5, 8.0, 30.5, 11.0 ], "rotation": 270 },
																"down": { "texture": "#skin", "uv": [ 35.0, 6.5, 36.0, 9.5 ], "rotation": 90 }
															}
														}
													]
												},
												{
													"name": "RTopa1",
													"from": [ -4.0, -0.04, 0.0 ],
													"to": [ 0.0, 0.96, 4.2 ],
													"unwrapMode": 7,
													"unwrapRotation": 1,
													"autoUnwrap": false,
													"uv": [ 11.0, 1.5 ],
													"rotationOrigin": [ 0.0, 0.96, 0.0 ],
													"rotationY": 4.0,
													"rotationZ": 19.5,
													"faces": {
														"up": { "texture": "#skin", "uv": [ 19.0, 2.0, 23.0, 6.0 ], "rotation": 270 },
														"down": { "texture": "#skin", "uv": [ 41.0, 1.0, 45.0, 5.0 ], "rotation": 90 }
													},
													"children": [
														{
															"name": "RTopb1",
															"from": [ 0.1, 0.8, -1.5 ],
															"to": [ 4.1, 1.0, 0.0 ],
															"unwrapMode": 7,
															"unwrapRotation": 1,
															"autoUnwrap": false,
															"uv": [ 14.0, 1.0 ],
															"rotationOrigin": [ 0.1, 1.0, 0.0 ],
															"rotationX": -35.0,
															"faces": {
																"up": { "texture": "#skin", "uv": [ 23.5, 2.0, 25.0, 6.0 ], "rotation": 270 },
																"down": { "texture": "#skin", "uv": [ 39.0, 1.0, 40.5, 5.0 ], "rotation": 90 }
															},
															"children": [
																{
																	"name": "RTopc1",
																	"from": [ 1.5, 0.0, -1.5 ],
																	"to": [ 4.0, 0.2, 0.0 ],
																	"unwrapMode": 7,
																	"unwrapRotation": 1,
																	"autoUnwrap": false,
																	"uv": [ 15.5, 2.0 ],
																	"rotationOrigin": [ 1.5, 0.2, 0.0 ],
																	"rotationX": -5.0,
																	"faces": {
																		"up": { "texture": "#skin", "uv": [ 25.5, 3.5, 27.0, 6.0 ], "rotation": 270 },
																		"down": { "texture": "#skin", "uv": [ 37.0, 2.5, 38.5, 5.0 ], "rotation": 90 }
																	}
																}
															]
														}
													]
												}
											]
										},
										{
											"name": "LTopa2",
											"from": [ 0.0, -0.1, 2.2 ],
											"to": [ 4.4, 0.9, 6.2 ],
											"unwrapMode": 7,
											"unwrapRotation": 1,
											"autoUnwrap": false,
											"uv": [ 5.5, 4.0 ],
											"rotationOrigin": [ 0.0, 0.9, 2.2 ],
											"rotationX": 10.0,
											"rotationZ": -1.0,
											"faces": {
												"north": { "texture": "#skin", "uv": [ 13.0, 7.5, 14.0, 11.5 ], "rotation": 90 },
												"west": { "texture": "#skin", "uv": [ 9.0, 6.5, 13.0, 7.5 ], "rotation": 180 },
												"up": { "texture": "#skin", "uv": [ 9.0, 7.5, 13.0, 11.5 ], "rotation": 270 },
												"down": { "texture": "#skin", "uv": [ 48.0, 5.5, 52.0, 9.5 ], "rotation": 90 }
											},
											"children": [
												{
													"name": "LTopb2",
													"from": [ 0.0, 0.4, 4.0 ],
													"to": [ 4.4, 1.0, 8.0 ],
													"unwrapMode": 7,
													"unwrapRotation": 1,
													"autoUnwrap": false,
													"uv": [ 2.0, 3.5 ],
													"rotationOrigin": [ 4.0, 1.0, 4.0 ],
													"rotationX": 32.0,
													"faces": {
														"east": { "texture": "#skin", "uv": [ 4.5, 11.0, 8.5, 11.5 ] },
														"south": { "texture": "#skin", "uv": [ 4.0, 7.0, 4.5, 11.0 ], "rotation": 270 },
														"west": { "texture": "#skin", "uv": [ 4.5, 6.5, 8.5, 7.0 ], "rotation": 180 },
														"up": { "texture": "#skin", "uv": [ 4.5, 7.0, 8.5, 11.0 ], "rotation": 270 },
														"down": { "texture": "#skin", "uv": [ 52.5, 5.5, 56.5, 9.5 ], "rotation": 90 }
													},
													"children": [
														{
															"name": "LTopc2",
															"from": [ 1.0, 0.0, 4.0 ],
															"to": [ 4.0, 0.6, 5.0 ],
															"unwrapMode": 7,
															"unwrapRotation": 1,
															"autoUnwrap": false,
															"uv": [ 0.5, 4.0 ],
															"rotationOrigin": [ 4.0, 0.6, 4.0 ],
															"rotationX": 25.0,
															"faces": {
																"south": { "texture": "#skin", "uv": [ 2.0, 8.0, 2.5, 11.0 ], "rotation": 270, "windMode": [-1,-1,-1,-1] },
																"west": { "texture": "#skin", "uv": [ 2.5, 7.5, 3.5, 8.0 ], "rotation": 180 },
																"up": { "texture": "#skin", "uv": [ 2.5, 8.0, 3.5, 11.0 ], "rotation": 270 },
																"down": { "texture": "#skin", "uv": [ 57.0, 6.5, 58.0, 9.5 ], "rotation": 90 }
															}
														}
													]
												},
												{
													"name": "LTopa1",
													"from": [ -4.0, -0.04, -0.2 ],
													"to": [ 0.0, 0.96, 4.0 ],
													"unwrapMode": 7,
													"unwrapRotation": 1,
													"autoUnwrap": false,
													"uv": [ 5.5, 1.5 ],
													"rotationOrigin": [ 0.0, 0.96, 4.0 ],
													"rotationY": -4.0,
													"rotationZ": 19.5,
													"faces": {
														"up": { "texture": "#skin", "uv": [ 10.0, 2.0, 14.0, 6.0 ], "rotation": 270 },
														"down": { "texture": "#skin", "uv": [ 48.0, 1.0, 52.0, 5.0 ], "rotation": 90 }
													},
													"children": [
														{
															"name": "LTopb1",
															"from": [ 0.1, 0.8, 4.2 ],
															"to": [ 4.1, 1.0, 5.7 ],
															"unwrapMode": 7,
															"unwrapRotation": 1,
															"autoUnwrap": false,
															"uv": [ 4.0, 1.0 ],
															"rotationOrigin": [ 0.1, 1.0, 4.2 ],
															"rotationX": 35.0,
															"faces": {
																"up": { "texture": "#skin", "uv": [ 8.0, 2.0, 9.5, 6.0 ], "rotation": 270 },
																"down": { "texture": "#skin", "uv": [ 52.5, 1.0, 54.0, 5.0 ], "rotation": 90 }
															},
															"children": [
																{
																	"name": "LTopc1",
																	"from": [ 1.5, 0.0, 1.5 ],
																	"to": [ 4.0, 0.2, 3.0 ],
																	"unwrapMode": 7,
																	"unwrapRotation": 1,
																	"autoUnwrap": false,
																	"uv": [ 3.0, 2.0 ],
																	"rotationOrigin": [ 1.5, 0.2, 1.5 ],
																	"rotationX": 5.0,
																	"faces": {
																		"up": { "texture": "#skin", "uv": [ 6.0, 3.5, 7.5, 6.0 ], "rotation": 270 },
																		"down": { "texture": "#skin", "uv": [ 54.5, 2.5, 56.0, 5.0 ], "rotation": 90 }
																	}
																}
															]
														}
													]
												}
											]
										}
									]
								}
							]
						},
						{
							"name": "RSEdge1",
							"from": [ -2.3, 6.4, 1.8 ],
							"to": [ -0.3, 7.45, 5.8 ],
							"unwrapMode": 7,
							"unwrapRotation": 1,
							"uv": [ 70.5, 1.0 ],
							"rotationOrigin": [ -2.3, 6.4, 5.8 ],
							"rotationX": -10.0,
							"rotationY": 6.0,
							"rotationZ": 4.0,
							"faces": {
								"north": { "texture": "#skin", "uv": [ 75.5, 2.0, 76.5, 4.0 ], "rotation": 90 },
								"east": { "texture": "#skin", "uv": [ 71.5, 4.0, 75.5, 5.0 ] },
								"south": { "texture": "#skin", "uv": [ 70.5, 2.0, 71.5, 4.0 ], "rotation": 270 },
								"west": { "texture": "#skin", "uv": [ 71.5, 1.0, 75.5, 2.0 ], "rotation": 180 },
								"up": { "texture": "#skin", "uv": [ 71.5, 2.0, 75.5, 4.0 ], "rotation": 270 },
								"down": { "texture": "#skin", "uv": [ 76.5, 2.0, 80.5, 4.0 ], "rotation": 90 }
							},
							"children": [
								{
									"name": "RSEdge2",
									"from": [ 0.0, 0.0, -4.0 ],
									"to": [ 2.0, 1.1, 0.2 ],
									"unwrapMode": 7,
									"unwrapRotation": 1,
									"uv": [ 70.5, 5.5 ],
									"rotationOrigin": [ 0.0, 0.0, 0.0 ],
									"rotationX": -10.0,
									"rotationY": -35.0,
									"faces": {
										"north": { "texture": "#skin", "uv": [ 75.5, 6.5, 76.5, 8.5 ], "rotation": 90 },
										"east": { "texture": "#skin", "uv": [ 71.5, 8.5, 75.5, 9.5 ] },
										"south": { "texture": "#skin", "uv": [ 70.5, 6.5, 71.5, 8.5 ], "rotation": 270 },
										"west": { "texture": "#skin", "uv": [ 71.5, 5.5, 75.5, 6.5 ], "rotation": 180 },
										"up": { "texture": "#skin", "uv": [ 71.5, 6.5, 75.5, 8.5 ], "rotation": 270 },
										"down": { "texture": "#skin", "uv": [ 76.5, 6.5, 80.5, 8.5 ], "rotation": 90 }
									},
									"children": [
										{
											"name": "RSEdge3",
											"from": [ 0.0, 0.0, -4.2 ],
											"to": [ 2.0, 1.2, 0.0 ],
											"unwrapMode": 7,
											"unwrapRotation": 1,
											"uv": [ 71.5, 10.0 ],
											"rotationOrigin": [ 0.0, 0.0, 0.0 ],
											"rotationY": -40.0,
											"rotationZ": -1.0,
											"faces": {
												"north": { "texture": "#skin", "uv": [ 76.5, 11.0, 77.5, 13.0 ], "rotation": 90 },
												"east": { "texture": "#skin", "uv": [ 72.5, 13.0, 76.5, 14.0 ] },
												"south": { "texture": "#skin", "uv": [ 71.5, 11.0, 72.5, 13.0 ], "rotation": 270 },
												"west": { "texture": "#skin", "uv": [ 72.5, 10.0, 76.5, 11.0 ], "rotation": 180 },
												"up": { "texture": "#skin", "uv": [ 72.5, 11.0, 76.5, 13.0 ], "rotation": 270 },
												"down": { "texture": "#skin", "uv": [ 77.5, 11.0, 81.5, 13.0 ], "rotation": 90 }
											},
											"children": [
												{
													"name": "RSEdge4",
													"from": [ 0.0, 0.0, -4.0 ],
													"to": [ 2.2, 1.2, 0.0 ],
													"unwrapMode": 7,
													"unwrapRotation": 1,
													"uv": [ 71.5, 14.5 ],
													"rotationOrigin": [ 2.0, 1.2, 0.0 ],
													"rotationX": -30.0,
													"rotationZ": 5.0,
													"faces": {
														"north": { "texture": "#skin", "uv": [ 76.5, 15.5, 77.5, 17.5 ], "rotation": 90 },
														"east": { "texture": "#skin", "uv": [ 72.5, 17.5, 76.5, 18.5 ] },
														"south": { "texture": "#skin", "uv": [ 71.5, 15.5, 72.5, 17.5 ], "rotation": 270 },
														"west": { "texture": "#skin", "uv": [ 72.5, 14.5, 76.5, 15.5 ], "rotation": 180 },
														"up": { "texture": "#skin", "uv": [ 72.5, 15.5, 76.5, 17.5 ], "rotation": 270 },
														"down": { "texture": "#skin", "uv": [ 77.5, 15.5, 81.5, 17.5 ], "rotation": 90 }
													},
													"children": [
														{
															"name": "RSEdge5",
															"from": [ 0.0, 0.0, -9.0 ],
															"to": [ 2.0, 1.2, 0.0 ],
															"unwrapMode": 7,
															"unwrapRotation": 1,
															"uv": [ 61.5, 23.5 ],
															"rotationOrigin": [ 0.0, 0.0, 0.0 ],
															"rotationX": 15.0,
															"rotationY": -20.0,
															"rotationZ": -5.0,
															"faces": {
																"north": { "texture": "#skin", "uv": [ 71.5, 24.5, 72.5, 26.5 ], "rotation": 90 },
																"east": { "texture": "#skin", "uv": [ 62.5, 26.5, 71.5, 27.5 ] },
																"south": { "texture": "#skin", "uv": [ 61.5, 24.5, 62.5, 26.5 ], "rotation": 270 },
																"west": { "texture": "#skin", "uv": [ 62.5, 23.5, 71.5, 24.5 ], "rotation": 180 },
																"up": { "texture": "#skin", "uv": [ 62.5, 24.5, 71.5, 26.5 ], "rotation": 270 },
																"down": { "texture": "#skin", "uv": [ 72.5, 24.5, 81.5, 26.5 ], "rotation": 90 }
															},
															"children": [
																{
																	"name": "RSEdge6",
																	"from": [ 0.0, 0.0, -5.0 ],
																	"to": [ 1.6, 1.2, 0.0 ],
																	"unwrapMode": 7,
																	"unwrapRotation": 1,
																	"uv": [ 69.5, 32.0 ],
																	"rotationOrigin": [ 0.0, 0.0, 0.0 ],
																	"rotationY": -35.0,
																	"rotationZ": -5.0,
																	"faces": {
																		"north": { "texture": "#skin", "uv": [ 75.5, 33.0, 76.5, 34.5 ], "rotation": 90 },
																		"east": { "texture": "#skin", "uv": [ 70.5, 34.5, 75.5, 35.5 ] },
																		"south": { "texture": "#skin", "uv": [ 69.5, 33.0, 70.5, 34.5 ], "rotation": 270 },
																		"west": { "texture": "#skin", "uv": [ 70.5, 32.0, 75.5, 33.0 ], "rotation": 180 },
																		"up": { "texture": "#skin", "uv": [ 70.5, 33.0, 75.5, 34.5 ], "rotation": 270 },
																		"down": { "texture": "#skin", "uv": [ 76.5, 33.0, 81.5, 34.5 ], "rotation": 90 }
																	},
																	"children": [
																		{
																			"name": "RSEdge7",
																			"from": [ 0.0, 0.0, -9.3 ],
																			"to": [ 2.5, 2.0, 0.0 ],
																			"unwrapMode": 7,
																			"unwrapRotation": 1,
																			"uv": [ 33.0, 36.0 ],
																			"rotationOrigin": [ 0.0, 1.2, 0.0 ],
																			"rotationX": -6.0,
																			"rotationY": 2.0,
																			"rotationZ": -5.0,
																			"faces": {
																				"north": { "texture": "#skin", "uv": [ 44.0, 38.0, 46.0, 40.5 ], "rotation": 90 },
																				"east": { "texture": "#skin", "uv": [ 35.0, 40.5, 44.0, 42.5 ] },
																				"south": { "texture": "#skin", "uv": [ 33.0, 38.0, 35.0, 40.5 ], "rotation": 270 },
																				"west": { "texture": "#skin", "uv": [ 35.0, 36.0, 44.0, 38.0 ], "rotation": 180 },
																				"up": { "texture": "#skin", "uv": [ 35.0, 38.0, 44.0, 40.5 ], "rotation": 270 },
																				"down": { "texture": "#skin", "uv": [ 46.0, 38.0, 55.0, 40.5 ], "rotation": 90 }
																			}
																		},
																		{
																			"name": "RSEdge6B",
																			"from": [ 0.0, 0.2, -0.2 ],
																			"to": [ 1.5, 1.2, 5.0 ],
																			"unwrapMode": 7,
																			"unwrapRotation": 1,
																			"uv": [ 72.0, 28.0 ],
																			"rotationOrigin": [ 0.0, 1.2, 5.0 ],
																			"rotationX": 9.0,
																			"rotationY": -1.0,
																			"rotationZ": -5.0,
																			"faces": {
																				"north": { "texture": "#skin", "uv": [ 78.0, 29.0, 79.0, 30.5 ], "rotation": 90 },
																				"east": { "texture": "#skin", "uv": [ 73.0, 30.5, 78.0, 31.5 ] },
																				"south": { "texture": "#skin", "uv": [ 72.0, 29.0, 73.0, 30.5 ], "rotation": 270 },
																				"west": { "texture": "#skin", "uv": [ 73.0, 28.0, 78.0, 29.0 ], "rotation": 180 },
																				"up": { "texture": "#skin", "uv": [ 73.0, 29.0, 78.0, 30.5 ], "rotation": 270 }
																			}
																		}
																	]
																}
															]
														}
													]
												}
											]
										}
									]
								}
							]
						},
						{
							"name": "LSEdge1",
							"from": [ -2.3, 6.4, 6.6 ],
							"to": [ -0.3, 7.45, 10.6 ],
							"unwrapMode": 7,
							"unwrapRotation": 1,
							"uv": [ 60.0, 1.0 ],
							"rotationOrigin": [ -2.3, 6.4, 6.6 ],
							"rotationX": 10.0,
							"rotationY": -6.0,
							"rotationZ": 4.0,
							"faces": {
								"north": { "texture": "#skin", "uv": [ 65.0, 2.0, 66.0, 4.0 ], "rotation": 90 },
								"east": { "texture": "#skin", "uv": [ 61.0, 4.0, 65.0, 5.0 ] },
								"south": { "texture": "#skin", "uv": [ 60.0, 2.0, 61.0, 4.0 ], "rotation": 270 },
								"west": { "texture": "#skin", "uv": [ 61.0, 1.0, 65.0, 2.0 ], "rotation": 180 },
								"up": { "texture": "#skin", "uv": [ 61.0, 2.0, 65.0, 4.0 ], "rotation": 270 },
								"down": { "texture": "#skin", "uv": [ 66.0, 2.0, 70.0, 4.0 ], "rotation": 90 }
							},
							"children": [
								{
									"name": "LSEdge2",
									"from": [ 0.0, 0.0, 3.8 ],
									"to": [ 2.0, 1.1, 8.0 ],
									"unwrapMode": 7,
									"unwrapRotation": 1,
									"uv": [ 60.0, 5.5 ],
									"rotationOrigin": [ 0.0, 0.0, 4.0 ],
									"rotationX": 10.0,
									"rotationY": 35.0,
									"faces": {
										"north": { "texture": "#skin", "uv": [ 65.0, 6.5, 66.0, 8.5 ], "rotation": 90 },
										"east": { "texture": "#skin", "uv": [ 61.0, 8.5, 65.0, 9.5 ] },
										"south": { "texture": "#skin", "uv": [ 60.0, 6.5, 61.0, 8.5 ], "rotation": 270 },
										"west": { "texture": "#skin", "uv": [ 61.0, 5.5, 65.0, 6.5 ], "rotation": 180 },
										"up": { "texture": "#skin", "uv": [ 61.0, 6.5, 65.0, 8.5 ], "rotation": 270 },
										"down": { "texture": "#skin", "uv": [ 66.0, 6.5, 70.0, 8.5 ], "rotation": 90 }
									},
									"children": [
										{
											"name": "LSEdge3",
											"from": [ 0.0, 0.0, 4.2 ],
											"to": [ 2.0, 1.2, 8.4 ],
											"unwrapMode": 7,
											"unwrapRotation": 1,
											"uv": [ 61.0, 10.0 ],
											"rotationOrigin": [ 0.0, 0.0, 4.2 ],
											"rotationY": 40.0,
											"rotationZ": -1.0,
											"faces": {
												"north": { "texture": "#skin", "uv": [ 66.0, 11.0, 67.0, 13.0 ], "rotation": 90 },
												"east": { "texture": "#skin", "uv": [ 62.0, 13.0, 66.0, 14.0 ] },
												"south": { "texture": "#skin", "uv": [ 61.0, 11.0, 62.0, 13.0 ], "rotation": 270 },
												"west": { "texture": "#skin", "uv": [ 62.0, 10.0, 66.0, 11.0 ], "rotation": 180 },
												"up": { "texture": "#skin", "uv": [ 62.0, 11.0, 66.0, 13.0 ], "rotation": 270 },
												"down": { "texture": "#skin", "uv": [ 67.0, 11.0, 71.0, 13.0 ], "rotation": 90 }
											},
											"children": [
												{
													"name": "LSEdge4",
													"from": [ 0.0, 0.0, 4.2 ],
													"to": [ 2.2, 1.2, 8.2 ],
													"unwrapMode": 7,
													"unwrapRotation": 1,
													"uv": [ 61.0, 14.5 ],
													"rotationOrigin": [ 2.0, 1.2, 4.2 ],
													"rotationX": 30.0,
													"rotationZ": 5.0,
													"faces": {
														"north": { "texture": "#skin", "uv": [ 66.0, 15.5, 67.0, 17.5 ], "rotation": 90 },
														"east": { "texture": "#skin", "uv": [ 62.0, 17.5, 66.0, 18.5 ] },
														"south": { "texture": "#skin", "uv": [ 61.0, 15.5, 62.0, 17.5 ], "rotation": 270 },
														"west": { "texture": "#skin", "uv": [ 62.0, 14.5, 66.0, 15.5 ], "rotation": 180 },
														"up": { "texture": "#skin", "uv": [ 62.0, 15.5, 66.0, 17.5 ], "rotation": 270 },
														"down": { "texture": "#skin", "uv": [ 67.0, 15.5, 71.0, 17.5 ], "rotation": 90 }
													},
													"children": [
														{
															"name": "LSEdge5",
															"from": [ 0.0, 0.0, 4.0 ],
															"to": [ 2.0, 1.2, 13.0 ],
															"unwrapMode": 7,
															"unwrapRotation": 1,
															"uv": [ 61.0, 19.0 ],
															"rotationOrigin": [ 0.0, 0.0, 4.0 ],
															"rotationX": -15.0,
															"rotationY": 20.0,
															"rotationZ": -5.0,
															"faces": {
																"north": { "texture": "#skin", "uv": [ 71.0, 20.0, 72.0, 22.0 ], "rotation": 90 },
																"east": { "texture": "#skin", "uv": [ 62.0, 22.0, 71.0, 23.0 ] },
																"south": { "texture": "#skin", "uv": [ 61.0, 20.0, 62.0, 22.0 ], "rotation": 270 },
																"west": { "texture": "#skin", "uv": [ 62.0, 19.0, 71.0, 20.0 ], "rotation": 180 },
																"up": { "texture": "#skin", "uv": [ 62.0, 20.0, 71.0, 22.0 ], "rotation": 270 },
																"down": { "texture": "#skin", "uv": [ 72.0, 20.0, 81.0, 22.0 ], "rotation": 90 }
															},
															"children": [
																{
																	"name": "LSEdge6",
																	"from": [ 0.0, 0.0, 9.0 ],
																	"to": [ 1.6, 1.2, 14.0 ],
																	"unwrapMode": 7,
																	"unwrapRotation": 1,
																	"uv": [ 57.0, 32.0 ],
																	"rotationOrigin": [ 0.0, 0.0, 9.0 ],
																	"rotationY": 35.0,
																	"rotationZ": -5.0,
																	"faces": {
																		"north": { "texture": "#skin", "uv": [ 63.0, 33.0, 64.0, 34.5 ], "rotation": 90 },
																		"east": { "texture": "#skin", "uv": [ 58.0, 34.5, 63.0, 35.5 ] },
																		"south": { "texture": "#skin", "uv": [ 57.0, 33.0, 58.0, 34.5 ], "rotation": 270 },
																		"west": { "texture": "#skin", "uv": [ 58.0, 32.0, 63.0, 33.0 ], "rotation": 180 },
																		"up": { "texture": "#skin", "uv": [ 58.0, 33.0, 63.0, 34.5 ], "rotation": 270 },
																		"down": { "texture": "#skin", "uv": [ 64.0, 33.0, 69.0, 34.5 ], "rotation": 90 }
																	},
																	"children": [
																		{
																			"name": "LSEdge7",
																			"from": [ 0.0, 0.0, 5.0 ],
																			"to": [ 2.5, 2.0, 14.3 ],
																			"unwrapMode": 7,
																			"unwrapRotation": 1,
																			"uv": [ 56.0, 36.0 ],
																			"rotationOrigin": [ 0.0, 1.2, 5.0 ],
																			"rotationX": 6.0,
																			"rotationY": -2.0,
																			"rotationZ": -5.0,
																			"faces": {
																				"north": { "texture": "#skin", "uv": [ 67.0, 38.0, 69.0, 40.5 ], "rotation": 90 },
																				"east": { "texture": "#skin", "uv": [ 58.0, 40.5, 67.0, 42.5 ] },
																				"south": { "texture": "#skin", "uv": [ 56.0, 38.0, 58.0, 40.5 ], "rotation": 270 },
																				"west": { "texture": "#skin", "uv": [ 58.0, 36.0, 67.0, 38.0 ], "rotation": 180 },
																				"up": { "texture": "#skin", "uv": [ 58.0, 38.0, 67.0, 40.5 ], "rotation": 270 },
																				"down": { "texture": "#skin", "uv": [ 69.0, 38.0, 78.0, 40.5 ], "rotation": 90 }
																			}
																		},
																		{
																			"name": "LSEdge6B",
																			"from": [ 0.0, 0.2, 0.0 ],
																			"to": [ 1.5, 1.2, 5.2 ],
																			"unwrapMode": 7,
																			"unwrapRotation": 1,
																			"uv": [ 61.5, 28.0 ],
																			"rotationOrigin": [ 0.0, 1.2, 0.0 ],
																			"rotationX": -9.0,
																			"rotationY": 1.0,
																			"rotationZ": -5.0,
																			"faces": {
																				"north": { "texture": "#skin", "uv": [ 67.5, 29.0, 68.5, 30.5 ], "rotation": 90 },
																				"east": { "texture": "#skin", "uv": [ 62.5, 30.5, 67.5, 31.5 ] },
																				"south": { "texture": "#skin", "uv": [ 61.5, 29.0, 62.5, 30.5 ], "rotation": 270 },
																				"west": { "texture": "#skin", "uv": [ 62.5, 28.0, 67.5, 29.0 ], "rotation": 180 },
																				"up": { "texture": "#skin", "uv": [ 62.5, 29.0, 67.5, 30.5 ], "rotation": 270 }
																			}
																		}
																	]
																}
															]
														}
													]
												}
											]
										}
									]
								}
							]
						},
						{
							"name": "SBottom1",
							"from": [ -3.0, 0.0, 2.0 ],
							"to": [ 2.0, 1.0, 10.4 ],
							"unwrapMode": 6,
							"unwrapRotation": 1,
							"uv": [ 4.0, 41.0 ],
							"rotationOrigin": [ -3.0, 0.0, 2.0 ],
							"rotationZ": -6.0,
							"faces": {
								"north": { "texture": "#skin", "uv": [ 4.0, 42.0, 5.0, 47.0 ], "rotation": 90 },
								"south": { "texture": "#skin", "uv": [ 13.0, 42.0, 14.0, 47.0 ], "rotation": 270 },
								"west": { "texture": "#skin", "uv": [ 5.0, 41.0, 13.0, 42.0 ] },
								"up": { "texture": "#skin", "uv": [ 14.0, 42.0, 22.0, 47.0 ], "rotation": 270 },
								"down": { "texture": "#skin", "uv": [ 5.0, 42.0, 13.0, 47.0 ], "rotation": 90 }
							},
							"children": [
								{
									"name": "SBottom2",
									"from": [ 5.0, 0.0, -3.8 ],
									"to": [ 19.0, 1.0, 12.2 ],
									"unwrapMode": 6,
									"unwrapRotation": 1,
									"uv": [ 1.0, 47.5 ],
									"rotationOrigin": [ 5.0, 0.0, -3.8 ],
									"rotationZ": 5.0,
									"faces": {
										"north": { "texture": "#skin", "uv": [ 1.0, 48.5, 2.0, 62.5 ], "rotation": 90 },
										"east": { "texture": "#skin", "uv": [ 2.0, 62.5, 18.0, 63.5 ], "rotation": 180 },
										"south": { "texture": "#skin", "uv": [ 18.0, 48.5, 19.0, 62.5 ], "rotation": 270 },
										"west": { "texture": "#skin", "uv": [ 2.0, 47.5, 18.0, 48.5 ] },
										"up": { "texture": "#skin", "uv": [ 19.0, 48.5, 35.0, 62.5 ], "rotation": 270 },
										"down": { "texture": "#skin", "uv": [ 2.0, 48.5, 18.0, 62.5 ], "rotation": 90 }
									},
									"children": [
										{
											"name": "SBottom3",
											"from": [ 14.0, 0.0, 3.9 ],
											"to": [ 20.0, 1.0, 12.1 ],
											"unwrapMode": 6,
											"unwrapRotation": 1,
											"uv": [ 4.5, 64.0 ],
											"rotationOrigin": [ 14.0, 0.0, 3.9 ],
											"rotationZ": 4.0,
											"faces": {
												"north": { "texture": "#skin", "uv": [ 4.5, 64.0, 5.5, 70.0 ], "rotation": 90 },
												"east": { "texture": "#skin", "uv": [ 5.5, 70.0, 13.5, 71.0 ], "rotation": 180 },
												"south": { "texture": "#skin", "uv": [ 13.5, 64.0, 14.5, 70.0 ], "rotation": 270 },
												"up": { "texture": "#skin", "uv": [ 14.5, 64.0, 22.5, 70.0 ], "rotation": 270 },
												"down": { "texture": "#skin", "uv": [ 5.5, 64.0, 13.5, 70.0 ], "rotation": 90 }
											}
										}
									]
								}
							]
						},
						{
							"name": "Neckbase",
							"from": [ -2.0, 0.4, 2.2 ],
							"to": [ -1.0, 6.5, 10.2 ],
							"unwrapMode": 4,
							"uv": [ 14.5, 71.0 ],
							"rotationOrigin": [ -2.0, 0.4, 2.2 ],
							"faces": {
							},
							"children": [
								{
									"name": "RArmbase",
									"from": [ 0.0, -0.4, -4.0 ],
									"to": [ 2.6, 5.6, 0.0 ],
									"unwrapMode": 2,
									"uv": [ 66.0, 93.5 ],
									"rotationOrigin": [ 0.0, 4.6, 0.0 ],
									"rotationY": -45.0,
									"faces": {
									},
									"children": [
										{
											"name": "RSide",
											"from": [ 0.0, 0.0, -4.0 ],
											"to": [ 2.0, 5.2, 0.0 ],
											"unwrapMode": 4,
											"uv": [ 61.5, 95.0 ],
											"rotationOrigin": [ 0.0, 3.0, 0.0 ],
											"rotationY": -12.0,
											"faces": {
											},
											"children": [
												{
													"name": "RSide2",
													"from": [ 0.0, 0.0, -6.0 ],
													"to": [ 1.0, 3.7, 0.0 ],
													"unwrapMode": 4,
													"uv": [ 55.0, 96.5 ],
													"rotationOrigin": [ 0.0, 3.0, 0.0 ],
													"rotationY": -35.0,
													"faces": {
														"west": { "texture": "#skin", "uv": [ 55.0, 96.5, 61.0, 100.0 ] },
														"down": { "texture": "#skin", "uv": [ 55.0, 100.0, 61.0, 101.0 ], "rotation": 90 }
													},
													"children": [
														{
															"name": "RSide3",
															"from": [ 0.0, 0.0, -6.0 ],
															"to": [ 1.0, 2.2, 0.0 ],
															"unwrapMode": 4,
															"uv": [ 47.5, 98.0 ],
															"rotationOrigin": [ 0.0, 0.0, 0.0 ],
															"rotationY": -8.0,
															"faces": {
																"north": { "texture": "#skin", "uv": [ 47.5, 98.0, 48.5, 100.0 ] },
																"west": { "texture": "#skin", "uv": [ 48.5, 98.0, 54.5, 100.0 ] },
																"down": { "texture": "#skin", "uv": [ 48.5, 100.0, 54.5, 101.0 ], "rotation": 90 }
															}
														}
													]
												}
											]
										}
									]
								},
								{
									"name": "LArmbase",
									"from": [ 0.0, -0.4, 8.0 ],
									"to": [ 2.6, 5.6, 12.0 ],
									"unwrapMode": 4,
									"uv": [ 1.0, 94.0 ],
									"rotationOrigin": [ 0.0, 4.6, 8.0 ],
									"rotationY": 45.0,
									"faces": {
									},
									"children": [
										{
											"name": "LSide",
											"from": [ 0.0, 0.0, 4.0 ],
											"to": [ 2.0, 5.0, 8.0 ],
											"unwrapMode": 4,
											"uv": [ 5.5, 95.0 ],
											"rotationOrigin": [ 0.0, 3.0, 4.0 ],
											"rotationY": 12.0,
											"faces": {
											},
											"children": [
												{
													"name": "LSide2",
													"from": [ 0.0, 0.0, 4.0 ],
													"to": [ 1.0, 3.7, 10.0 ],
													"unwrapMode": 4,
													"uv": [ 10.0, 96.5 ],
													"rotationOrigin": [ 0.0, 3.0, 4.0 ],
													"rotationY": 35.0,
													"faces": {
														"west": { "texture": "#skin", "uv": [ 10.0, 96.5, 16.0, 100.0 ] },
														"down": { "texture": "#skin", "uv": [ 10.0, 100.0, 16.0, 101.0 ], "rotation": 90 }
													},
													"children": [
														{
															"name": "LSide3",
															"from": [ 0.0, 0.0, 6.0 ],
															"to": [ 1.0, 2.2, 12.0 ],
															"unwrapMode": 4,
															"uv": [ 16.5, 98.0 ],
															"rotationOrigin": [ 0.0, 0.0, 6.0 ],
															"rotationY": 8.0,
															"faces": {
																"south": { "texture": "#skin", "uv": [ 22.5, 98.0, 23.5, 100.0 ] },
																"west": { "texture": "#skin", "uv": [ 16.5, 98.0, 22.5, 100.0 ] },
																"down": { "texture": "#skin", "uv": [ 16.5, 100.0, 22.5, 101.0 ], "rotation": 90 }
															}
														}
													]
												}
											]
										}
									]
								}
							]
						}
					],
					"attachmentpoints": [
						{
							"code": "Center",
							"posX": "6.0","posY": "0.0","posZ": "3.1",
							"rotationX": "0.0","rotationY": "0.0","rotationZ": "0.0"
						}
					]
				}
			]
		}
	]}