{
	"code": "shamshir",
	"damagedby": ["attacking"],
	"tool": "sword",
	"attributes": {
		"handbook": { "groupBy": ["shamshir"] },
		"toolrackTransform": {
			"translation": { "x": 0.2, "y": 0.62, "z": 0.05 },
			"rotation": { "x": 0, "y": 180, "z": 0 },
			"scale": 1.25
		},
		"groundStorageTransform": {
			"translation": { "x": 0, "y": 0.53, "z": 0.086 },
			"rotation": { "x": 24, "y": 90, "z": -87 },
			"scale": 0.63
		}
	},
	"behaviors": [{ 
		"name": "GroundStorable",
		"properties": {
			"layout": 'WallHalves',
			"wallOffY": 1,
			"sprintKey": true,
			"selectionBox": { "x1": 0, "y1": 0, "z1": 0, "x2": 1, "y2": 0.1, "z2": 1 },
			"collisionBox": { "x1": 0, "y1": 0, "z1": 0, "x2": 0, "y2": 0, "z2": 0 },
		}
	}, { "name": "AnimationAuthoritative", "properties": { "onlyOnEntity": true } }],
	
	
	"variantgroups": [ 
	{ "code": "metal", "states": ["iron","meteoriciron","steel","stainlesssteel","titanium","mithril","adamant","orichalcum","aithril"]},
	{ "code": "sharpness", "states": ["blunt","dull","sharp","honed"]},
	],
	"shape": { "base": "swords/shamshir" },
	"heldTpHitAnimation": "falx",
	"textures": {
	"blackbronze": {"base": "game:block/metal/plate/{metal}"},
	"brass": {"base": "game:block/metal/ingot/brass"},
	"handle": {"base": "game:block/leather/plain"}, 	
	},
	
	"attackRange": 2.4,
	
//	"allowedVariants": [
//	"shamshir-iron-blunt",
//	"shamshir-iron-dull",
//	"shamshir-iron-sharp",
//	"shamshir-iron-honed",
//	
//	"shamshir-meteoriciron-blunt",
//	"shamshir-meteoriciron-dull",
//	"shamshir-meteoriciron-sharp",
//	"shamshir-meteoriciron-honed",
//	
//	"shamshir-steel-blunt",
//	"shamshir-steel-dull",
//	"shamshir-steel-sharp",
//	"shamshir-steel-honed",
//	],
	
	"tooltierbytype": {
		"shamshir-iron-blunt": 1,
		"shamshir-iron-dull": 2,
		"shamshir-iron-sharp": 3,
		"shamshir-iron-honed": 4,
		
		"shamshir-meteoriciron-blunt": 1,
		"shamshir-meteoriciron-dull": 2,
		"shamshir-meteoriciron-sharp": 3,
		"shamshir-meteoriciron-honed": 4,
		
		"shamshir-steel-blunt": 2,
		"shamshir-steel-dull": 3,
		"shamshir-steel-sharp": 4,
		"shamshir-steel-honed": 5,
		
		"shamshir-stainlesssteel-blunt": 3,
		"shamshir-stainlesssteel-dull": 4,
		"shamshir-stainlesssteel-sharp": 5,
		"shamshir-stainlesssteel-honed": 6,		
		
		"shamshir-titanium-blunt": 4,
		"shamshir-titanium-dull": 5,
		"shamshir-titanium-sharp": 6,
		"shamshir-titanium-honed": 7,
		
		"shamshir-mithril-blunt": 5,
		"shamshir-mithril-dull": 6,
		"shamshir-mithril-sharp": 7,
		"shamshir-mithril-honed": 8,		
		
		"shamshir-adamant-blunt": 6,
		"shamshir-adamant-dull": 7,
		"shamshir-adamant-sharp": 8,
		"shamshir-adamant-honed": 9,		
		
		"shamshir-orichalcum-blunt": 7,
		"shamshir-orichalcum-dull": 8,
		"shamshir-orichalcum-sharp": 9,
		"shamshir-orichalcum-honed": 10,	
		
		"shamshir-aithril-blunt": 8,
		"shamshir-aithril-dull": 9,
		"shamshir-aithril-sharp": 10,
		"shamshir-aithril-honed": 11
	},

	"durabilitybytype": {
		"shamshir-iron-blunt": 350,
		"shamshir-iron-dull": 600,
		"shamshir-iron-sharp": 800,
		"shamshir-iron-honed": 1000,
		
		"shamshir-meteoriciron-blunt": 400,
		"shamshir-meteoriciron-dull": 800,
		"shamshir-meteoriciron-sharp": 900,
		"shamshir-meteoriciron-honed": 1200,
		
		"shamshir-steel-blunt": 500,
		"shamshir-steel-dull": 900,
		"shamshir-steel-sharp": 1700,
		"shamshir-steel-honed": 1900,
		
		"shamshir-stainlesssteel-blunt": 1000,
		"shamshir-stainlesssteel-dull": 1500,
		"shamshir-stainlesssteel-sharp": 1900,
		"shamshir-stainlesssteel-honed": 2250,		
		
		"shamshir-titanium-blunt": 1250,
		"shamshir-titanium-dull": 1750,
		"shamshir-titanium-sharp": 2250,
		"shamshir-titanium-honed": 2750,
		
		"shamshir-mithril-blunt": 1500,
		"shamshir-mithril-dull": 2000,
		"shamshir-mithril-sharp": 2750,
		"shamshir-mithril-honed": 3250,		
		
		"shamshir-adamant-blunt": 2000,
		"shamshir-adamant-dull": 2500,
		"shamshir-adamant-sharp": 3250,
		"shamshir-adamant-honed": 3750,
		
		"shamshir-orichalcum-blunt": 2500,
		"shamshir-orichalcum-dull": 3000,
		"shamshir-orichalcum-sharp": 3750,
		"shamshir-orichalcum-honed": 4250,	
		
		"shamshir-aithril-blunt": 3000,
		"shamshir-aithril-dull": 3500,
		"shamshir-aithril-sharp": 4250,
		"shamshir-aithril-honed": 5000
		},

	"attackpowerbytype": {
		"shamshir-iron-blunt": 2.5,
		"shamshir-iron-dull": 4.6,
		"shamshir-iron-sharp": 5,
		"shamshir-iron-honed": 5.4,

		"shamshir-meteoriciron-blunt":2.6,
		"shamshir-meteoriciron-dull":4.9,
		"shamshir-meteoriciron-sharp":5.3,
		"shamshir-meteoriciron-honed":5.7,

		"shamshir-steel-blunt": 2.8,
		"shamshir-steel-dull": 4.9,
		"shamshir-steel-sharp": 5.4,
		"shamshir-steel-honed": 5.8,

		"shamshir-stainlesssteel-blunt": 3,
		"shamshir-stainlesssteel-dull": 5.3,
		"shamshir-stainlesssteel-sharp": 5.7,
		"shamshir-stainlesssteel-honed": 6.2,

		"shamshir-titanium-blunt": 3.2,
		"shamshir-titanium-dull": 5.7,
		"shamshir-titanium-sharp": 6.1,
		"shamshir-titanium-honed": 6.6,		

		"shamshir-mithril-blunt": 3.5,
		"shamshir-mithril-dull": 6.1,
		"shamshir-mithril-sharp": 6.5,
		"shamshir-mithril-honed": 7,		

		"shamshir-adamant-blunt": 3.8,
		"shamshir-adamant-dull": 6.5,
		"shamshir-adamant-sharp": 6.9,
		"shamshir-adamant-honed": 7.4,

		"shamshir-orichalcum-blunt": 4,
		"shamshir-orichalcum-dull": 6.9,
		"shamshir-orichalcum-sharp": 7.3,
		"shamshir-orichalcum-honed": 7.8,	

		"shamshir-aithril-blunt": 4.5,
		"shamshir-aithril-dull": 7.3,
		"shamshir-aithril-sharp": 7.7,
		"shamshir-aithril-honed": 8.2
		},

	"creativeinventory": { "general": ["*"], "swordz": ["*"]},
	"guiTransform": {
		translation: { x: -2, y: -11, z: -5 },
		rotation: { x: -93, y: 131, z: 37 },
		origin: { x: 1.15, y: -0.1, z: 0.57 },
		scale: 1.95
	},
	"groundTransform": {
		translation: { x: 0, y: 0.05, z: 0 },
		rotation: { x: 14, y: 0, z: 0 },
		origin: { x: 0.5, y: 0, z: 0.5 },
		scale: 3.4
	},
	"tpHandTransform": {
		translation: { x: -0.95, y: 0.05, z: -0.75 },
		rotation: { x: 85, y: 8, z: 0 },
		origin: { x: 0.5, y: 0, z: 0.5 },
		scale: 0.67
	}
}