{
  "code": "magecandle",
  "class": "BlockMageCandleRM",
  "enabled": true,

  "storageFlags": 131329,

  "variantgroups": [
    {
      "code": "type",
      "states": [ "ritual" ]
    },
    {
      "code": "orientation",
      "states": [ "up" ],
      "loadFromProperties": "game:abstract/horizontalorientation"
    }
  ],

  "behaviorsByType": {
    "*-up": [
      { "name": "Lockable" },
      {
        "name": "UnstableFalling",
        "properties": {
          "ignorePlaceTest": true,
          "attachmentArea": {
            "x1": 5,
            "y1": 15,
            "z1": 5,
            "x2": 10,
            "y2": 16,
            "z2": 10
          }
        }
      },
      { "name": "RightClickPickup" }
    ],
    "*": [
      { "name": "Lockable" },
      { "name": "RightClickPickup" }
    ]
  },

  "heldRightTpIdleAnimation": "holdinglanternrighthand",
  "heldLeftTpIdleAnimation": "holdinglanternlefthand",


  "attributes": {
    "reinforcable": true,
    "attachmentAreas": {
      "down": {
        "x1": 5,
        "y1": 0,
        "z1": 5,
        "x2": 10,
        "y2": 0,
        "z2": 10
      },
      "north": {
        "x1": 7,
        "y1": 6,
        "z1": 15,
        "x2": 8,
        "y2": 7,
        "z2": 15,
        "rotateY": 180
      },
      "east": {
        "x1": 7,
        "y1": 6,
        "z1": 15,
        "x2": 8,
        "y2": 7,
        "z2": 15,
        "rotateY": 270
      },
      "south": {
        "x1": 7,
        "y1": 6,
        "z1": 15,
        "x2": 8,
        "y2": 7,
        "z2": 15,
        "rotateY": 0
      },
      "west": {
        "x1": 7,
        "y1": 6,
        "z1": 15,
        "x2": 8,
        "y2": 7,
        "z2": 15,
        "rotateY": 90
      }
    }
  },

  "shapebytype": {
    "*-up": { "base": "blocks/lightsources/magecandle-{type}-ground" },
    "*-north": {
      "base": "blocks/lightsources/magecandle-{type}-wall",
      "rotateY": 0
    },
    "*-east": {
      "base": "blocks/lightsources/magecandle-{type}-wall",
      "rotateY": 270
    },
    "*-south": {
      "base": "blocks/lightsources/magecandle-{type}-wall",
      "rotateY": 180
    },
    "*-west": {
      "base": "blocks/lightsources/magecandle-{type}-wall",
      "rotateY": 90
    }
  },
  "textures": {
    "content": { "base": "game:block/fire" },
    "mat": { "base": "game:block/clay/ceramic" },
    //"candle": { "base": "game:block/candle-unlit" },
    "candle": { "base": "blocks/lightsources/magecandle-{type}" }
  },

  "doNotRenderAtLod2": true,
  "sidesolid": {
    "all": false
  },
  "sideopaque": {
    "all": false
  },

  "creativeinventory": {
    "general": [ "*-up" ],
    "decorative": [ "*-up" ],
    "rustboundmagic": [ "*-up" ]
  },

  "replaceable": 5001,
  "resistance": 0.5,
  "maxStackSize": 64,
  "blockmaterial": "Other",
  "rainPermeable": true,
  "materialDensity": 600,

  "lightAbsorption": 0,
  "lightHsv": [ 7, 7, 7 ],
  "particleProperties": [
    {
      "__comment": "Fire quads",
      "hsvaColor": [
        {
          "avg": 230,
          "var": 20
        },
        {
          "avg": 120,
          "var": 20
        },
        {
          "avg": 250,
          "var": 20
        },
        {
          "avg": 255,
          "var": 0
        }
      ],
      "posOffsetByType": {
        "*-up": [
          {
            "avg": 0,
            "var": 0.02
          },
          {
            "avg": -0.05,
            "var": 0
          },
          {
            "avg": 0,
            "var": 0.02
          }
        ],
        "*-north": [
          {
            "avg": 0,
            "var": 0.02
          },
          {
            "avg": -0.05,
            "var": 0
          },
          {
            "avg": 0,
            "var": 0.02
          }
        ],
        "*-east": [
          {
            "avg": 0,
            "var": 0.02
          },
          {
            "avg": -0.05,
            "var": 0
          },
          {
            "avg": 0,
            "var": 0.02
          }
        ],
        "*-south": [
          {
            "avg": 0,
            "var": 0.02
          },
          {
            "avg": -0.05,
            "var": 0
          },
          {
            "avg": 0,
            "var": 0.02
          }
        ],
        "*-west": [
          {
            "avg": 0,
            "var": 0.02
          },
          {
            "avg": -0.05,
            "var": 0
          },
          {
            "avg": 0,
            "var": 0.02
          }
        ]
      },
      "opacityEvolve": {
        "transform": "quadratic",
        "factor": -16
      },
      "gravityEffect": {
        "avg": 0,
        "var": 0
      },
      "velocity": [
        {
          "avg": 0,
          "var": 0.0125
        },
        {
          "avg": 0.03,
          "var": 0.01
        },
        {
          "avg": 0,
          "var": 0.0125
        }
      ],
      "quantity": { "avg": 0.1 },
      "size": {
        "avg": 0.05,
        "var": 0.025
      },
      "lifeLength": { "avg": 0.5 },
      "sizeEvolve": {
        "transform": "linear",
        "factor": 0.1
      },
      "particleModel": "Quad",
      "vertexFlags": 128,
      "windAffectednes": 0.05
    }
  ],

  "collisionbox": null,
  "selectionboxbytype": {
    "*-up": {
      "x1": 0.3125,
      "y1": 0,
      "z1": 0.3125,
      "x2": 0.6875,
      "y2": 0.375,
      "z2": 0.6875
    },
    "*-east": {
      "x1": 0.3125,
      "y1": 0.375,
      "z1": 0.625,
      "x2": 0.6875,
      "y2": 0.75,
      "z2": 1,
      "rotateY": 270
    },
    "*-south": {
      "x1": 0.3125,
      "y1": 0.375,
      "z1": 0.625,
      "x2": 0.6875,
      "y2": 0.75,
      "z2": 1,
      "rotateY": 180
    },
    "*-west": {
      "x1": 0.3125,
      "y1": 0.375,
      "z1": 0.625,
      "x2": 0.6875,
      "y2": 0.75,
      "z2": 1,
      "rotateY": 90
    },
    "*-north": {
      "x1": 0.3125,
      "y1": 0.375,
      "z1": 0.625,
      "x2": 0.6875,
      "y2": 0.75,
      "z2": 1,
      "rotateY": 0
    }
  },

  "sounds": {
    "place": "game:player/build"
  },

  "guiTransform": {
    "translation": {
      "x": 0,
      "y": 4,
      "z": 0
    },
    "origin": {
      "x": 0.5,
      "y": 0.1625,
      "z": 0.5
    },
    "scale": 3
  },
  "groundTransform": {
    "scale": 2.5
  },
  "tpHandTransform": {
    "translation": {
      "x": -0.84,
      "y": -0.18,
      "z": -0.59
    },
    "rotation": {
      "x": -115,
      "y": 0,
      "z": -89
    },
    "origin": {
      "x": 0.5,
      "y": 0.1,
      "z": 0.5
    },
    "scale": 0.66
  },
  "tpOffHandTransform": {
    "translation": {
      "x": -0.84,
      "y": -0.23,
      "z": -0.88
    },
    "rotation": {
      "x": -62,
      "y": 0,
      "z": -89
    },
    "origin": {
      "x": 0.5,
      "y": 0.1,
      "z": 0.5
    },
    "scale": 0.66
  }
}