{
	"editor": {
		"collapsedPaths": "",
		"allAngles": true,
		"entityTextureMode": false
	},
	"textureWidth": 16,
	"textureHeight": 16,
	"textureSizes": {
	},
	"textures": {
		"mat": "game:block/clay/ceramic",
		"whitemarble4": "game:block/stone/rock/whitemarble4"
	},
	"elements": [
		{
			"name": "Cube2",
			"from": [ 9.8, 0.0, 5.8 ],
			"to": [ 11.8, 2.0, 7.8 ],
			"rotationOrigin": [ 10.0, 2.0, 7.0 ],
			"rotationX": 28.0,
			"rotationY": 75.0,
			"rotationZ": 44.0,
			"faces": {
				"north": { "texture": "#null", "uv": [ 0.0, 0.0, 2.0, 2.0 ] },
				"east": { "texture": "#null", "uv": [ 0.0, 0.0, 2.0, 2.0 ] },
				"south": { "texture": "#null", "uv": [ 0.0, 0.0, 2.0, 2.0 ] },
				"west": { "texture": "#null", "uv": [ 0.0, 0.0, 2.0, 2.0 ] },
				"up": { "texture": "#null", "uv": [ 0.0, 0.0, 2.0, 2.0 ] },
				"down": { "texture": "#null", "uv": [ 0.0, 0.0, 2.0, 2.0 ] }
			},
			"children": [
				{
					"name": "Cube3",
					"from": [ 8.0, -1.0, 0.0 ],
					"to": [ 10.0, 3.0, 2.0 ],
					"rotationOrigin": [ 8.0, -1.0, 0.0 ],
					"faces": {
						"north": { "texture": "#mat", "uv": [ 0.0, 0.0, 2.0, 4.0 ] },
						"east": { "texture": "#mat", "uv": [ 0.0, 0.0, 2.0, 4.0 ] },
						"south": { "texture": "#mat", "uv": [ 0.0, 0.0, 2.0, 4.0 ] },
						"west": { "texture": "#mat", "uv": [ 0.0, 0.0, 2.0, 4.0 ] },
						"up": { "texture": "#mat", "uv": [ 0.0, 0.0, 2.0, 2.0 ] },
						"down": { "texture": "#mat", "uv": [ 0.0, 0.0, 2.0, 2.0 ] }
					},
					"children": [
						{
							"name": "Cube10",
							"from": [ 0.0, 0.0, 0.0 ],
							"to": [ 1.0, 1.0, 1.0 ],
							"faces": {
								"north": { "texture": "#mat", "uv": [ 0.0, 0.0, 1.0, 1.0 ] },
								"east": { "texture": "#mat", "uv": [ 0.0, 0.0, 1.0, 1.0 ] },
								"south": { "texture": "#mat", "uv": [ 0.0, 0.0, 1.0, 1.0 ] },
								"west": { "texture": "#mat", "uv": [ 0.0, 0.0, 1.0, 1.0 ] },
								"up": { "texture": "#mat", "uv": [ 0.0, 0.0, 1.0, 1.0 ] },
								"down": { "texture": "#mat", "uv": [ 0.0, 0.0, 1.0, 1.0 ] }
							}
						}
					]
				},
				{
					"name": "Cube4",
					"from": [ 8.0, 0.0, -1.0 ],
					"to": [ 10.0, 2.0, 3.0 ],
					"rotationOrigin": [ 8.0, 0.0, -1.0 ],
					"faces": {
						"north": { "texture": "#mat", "uv": [ 0.0, 0.0, 2.0, 2.0 ] },
						"east": { "texture": "#mat", "uv": [ 0.0, 0.0, 4.0, 2.0 ] },
						"south": { "texture": "#mat", "uv": [ 0.0, 0.0, 2.0, 2.0 ] },
						"west": { "texture": "#mat", "uv": [ 0.0, 0.0, 4.0, 2.0 ] },
						"up": { "texture": "#mat", "uv": [ 0.0, 0.0, 2.0, 4.0 ] },
						"down": { "texture": "#mat", "uv": [ 0.0, 0.0, 2.0, 4.0 ] }
					}
				},
				{
					"name": "Cube5",
					"from": [ 10.0, 0.0, 0.0 ],
					"to": [ 11.0, 2.0, 2.0 ],
					"rotationOrigin": [ 10.0, 0.0, 0.0 ],
					"faces": {
						"north": { "texture": "#mat", "uv": [ 0.0, 0.0, 1.0, 2.0 ] },
						"east": { "texture": "#mat", "uv": [ 0.0, 0.0, 2.0, 2.0 ] },
						"south": { "texture": "#mat", "uv": [ 0.0, 0.0, 1.0, 2.0 ] },
						"west": { "texture": "#mat", "uv": [ 0.0, 0.0, 2.0, 2.0 ] },
						"up": { "texture": "#mat", "uv": [ 0.0, 0.0, 1.0, 2.0 ] },
						"down": { "texture": "#mat", "uv": [ 0.0, 0.0, 1.0, 2.0 ] }
					}
				},
				{
					"name": "Cube6",
					"from": [ 0.0, 0.0, 0.0 ],
					"to": [ 8.3, 2.0, 2.0 ],
					"rotationOrigin": [ 0.0, 0.0, 0.0 ],
					"rotationY": -7.0,
					"faces": {
						"north": { "texture": "#whitemarble4", "uv": [ 0.0, 0.0, 8.0, 2.0 ] },
						"east": { "texture": "#whitemarble4", "uv": [ 0.0, 0.0, 2.0, 2.0 ] },
						"south": { "texture": "#whitemarble4", "uv": [ 0.0, 0.0, 8.0, 2.0 ] },
						"west": { "texture": "#whitemarble4", "uv": [ 0.0, 0.0, 2.0, 2.0 ] },
						"up": { "texture": "#whitemarble4", "uv": [ 0.0, 0.0, 8.0, 2.0 ] },
						"down": { "texture": "#whitemarble4", "uv": [ 0.0, 0.0, 8.0, 2.0 ] }
					}
				},
				{
					"name": "Cube7",
					"from": [ 0.0, 0.0, 0.0 ],
					"to": [ 8.1, 2.0, 2.0 ],
					"rotationOrigin": [ 0.0, 0.0, 0.0 ],
					"rotationY": 7.0,
					"faces": {
						"north": { "texture": "#whitemarble4", "uv": [ 0.0, 0.0, 8.0, 2.0 ] },
						"east": { "texture": "#whitemarble4", "uv": [ 0.0, 0.0, 2.0, 2.0 ] },
						"south": { "texture": "#whitemarble4", "uv": [ 0.0, 0.0, 8.0, 2.0 ] },
						"west": { "texture": "#whitemarble4", "uv": [ 0.0, 0.0, 2.0, 2.0 ] },
						"up": { "texture": "#whitemarble4", "uv": [ 0.0, 0.0, 8.0, 2.0 ] },
						"down": { "texture": "#whitemarble4", "uv": [ 0.0, 0.0, 8.0, 2.0 ] }
					}
				},
				{
					"name": "Cube8",
					"from": [ 0.0, 0.0, 0.0 ],
					"to": [ 8.3, 2.0, 2.0 ],
					"rotationOrigin": [ 0.0, 0.0, 0.0 ],
					"rotationZ": 7.0,
					"faces": {
						"north": { "texture": "#whitemarble4", "uv": [ 0.0, 0.0, 8.0, 2.0 ] },
						"east": { "texture": "#whitemarble4", "uv": [ 0.0, 0.0, 2.0, 2.0 ] },
						"south": { "texture": "#whitemarble4", "uv": [ 0.0, 0.0, 8.0, 2.0 ] },
						"west": { "texture": "#whitemarble4", "uv": [ 0.0, 0.0, 2.0, 2.0 ] },
						"up": { "texture": "#whitemarble4", "uv": [ 0.0, 0.0, 8.0, 2.0 ] },
						"down": { "texture": "#whitemarble4", "uv": [ 0.0, 0.0, 8.0, 2.0 ] }
					}
				},
				{
					"name": "Cube9",
					"from": [ 0.0, 0.0, 0.0 ],
					"to": [ 8.1, 2.0, 2.0 ],
					"rotationOrigin": [ 0.0, 0.0, 0.0 ],
					"rotationZ": -7.0,
					"faces": {
						"north": { "texture": "#whitemarble4", "uv": [ 0.0, 0.0, 8.0, 2.0 ] },
						"east": { "texture": "#whitemarble4", "uv": [ 0.0, 0.0, 2.0, 2.0 ] },
						"south": { "texture": "#whitemarble4", "uv": [ 0.0, 0.0, 8.0, 2.0 ] },
						"west": { "texture": "#whitemarble4", "uv": [ 0.0, 0.0, 2.0, 2.0 ] },
						"up": { "texture": "#whitemarble4", "uv": [ 0.0, 0.0, 8.0, 2.0 ] },
						"down": { "texture": "#whitemarble4", "uv": [ 0.0, 0.0, 8.0, 2.0 ] }
					}
				},
				{
					"name": "Cube11",
					"from": [ 7.5, -0.5, -1.5 ],
					"to": [ 8.5, 2.5, 3.5 ],
					"rotationOrigin": [ 7.0, -1.0, -1.0 ],
					"faces": {
						"north": { "texture": "#mat", "uv": [ 0.0, 0.0, 1.0, 3.0 ] },
						"east": { "texture": "#mat", "uv": [ 0.0, 0.0, 5.0, 3.0 ] },
						"south": { "texture": "#mat", "uv": [ 0.0, 0.0, 1.0, 3.0 ] },
						"west": { "texture": "#mat", "uv": [ 0.0, 0.0, 5.0, 3.0 ] },
						"up": { "texture": "#mat", "uv": [ 0.0, 0.0, 1.0, 5.0 ] },
						"down": { "texture": "#mat", "uv": [ 0.0, 0.0, 1.0, 5.0 ] }
					}
				},
				{
					"name": "Cube12",
					"from": [ 7.5, 3.5, -1.5 ],
					"to": [ 8.5, 6.5, 3.5 ],
					"rotationOrigin": [ 7.0, 3.0, -1.0 ],
					"rotationX": 90.0,
					"faces": {
						"north": { "texture": "#mat", "uv": [ 0.0, 0.0, 1.0, 3.0 ] },
						"east": { "texture": "#mat", "uv": [ 0.0, 0.0, 5.0, 3.0 ] },
						"south": { "texture": "#mat", "uv": [ 0.0, 0.0, 1.0, 3.0 ] },
						"west": { "texture": "#mat", "uv": [ 0.0, 0.0, 5.0, 3.0 ] },
						"up": { "texture": "#mat", "uv": [ 0.0, 0.0, 1.0, 5.0 ] },
						"down": { "texture": "#mat", "uv": [ 0.0, 0.0, 1.0, 5.0 ] }
					}
				}
			]
		},
		{
			"name": "Bowl 1 floor",
			"from": [ 4.75, 0.0, 3.75 ],
			"to": [ 12.25, 1.5, 11.25 ],
			"rotationOrigin": [ -5.0, 0.0, -6.0 ],
			"faces": {
				"up": { "texture": "#mat", "uv": [ 5.5, 4.0, 13.0, 11.5 ] },
				"down": { "texture": "#mat", "uv": [ 5.0, 5.0, 12.5, 12.5 ] }
			},
			"children": [
				{
					"name": "N 1",
					"from": [ 0.0, 0.0, -1.5 ],
					"to": [ 7.5, 4.5, 0.0 ],
					"rotationOrigin": [ 1.5, 0.0, 0.0 ],
					"faces": {
						"north": { "texture": "#mat", "uv": [ 6.0, 5.0, 13.5, 9.5 ] },
						"east": { "texture": "#mat", "uv": [ 9.0, 6.0, 10.5, 10.5 ] },
						"south": { "texture": "#mat", "uv": [ 4.0, 7.0, 11.5, 11.5 ] },
						"west": { "texture": "#mat", "uv": [ 12.0, 1.0, 13.5, 5.5 ] },
						"up": { "texture": "#mat", "uv": [ 3.0, 12.0, 10.5, 13.5 ] },
						"down": { "texture": "#mat", "uv": [ 2.0, 10.0, 9.5, 11.5 ] }
					}
				},
				{
					"name": "S 1",
					"from": [ 0.0, 0.0, 7.5 ],
					"to": [ 7.5, 4.5, 9.0 ],
					"rotationOrigin": [ 1.5, 0.0, 3.0 ],
					"faces": {
						"north": { "texture": "#mat", "uv": [ 6.0, 10.0, 13.5, 14.5 ] },
						"east": { "texture": "#mat", "uv": [ 6.0, 7.0, 7.5, 11.5 ] },
						"south": { "texture": "#mat", "uv": [ 7.0, 4.0, 14.5, 8.5 ] },
						"west": { "texture": "#mat", "uv": [ 11.0, 5.0, 12.5, 9.5 ] },
						"up": { "texture": "#mat", "uv": [ 7.0, 9.0, 14.5, 10.5 ] },
						"down": { "texture": "#mat", "uv": [ 7.0, 6.0, 14.5, 7.5 ] }
					}
				},
				{
					"name": "S 2",
					"from": [ 3.0, 0.0, 6.0 ],
					"to": [ 10.5, 4.5, 7.5 ],
					"rotationOrigin": [ 4.5, 0.0, 1.5 ],
					"rotationY": -90.0,
					"faces": {
						"north": { "texture": "#mat", "uv": [ 6.0, 10.0, 13.5, 14.5 ] },
						"east": { "texture": "#mat", "uv": [ 6.0, 7.0, 7.5, 11.5 ] },
						"south": { "texture": "#mat", "uv": [ 5.0, 5.5, 12.5, 10.0 ] },
						"west": { "texture": "#mat", "uv": [ 11.0, 5.0, 12.5, 9.5 ] },
						"up": { "texture": "#mat", "uv": [ 7.0, 9.0, 14.5, 10.5 ] },
						"down": { "texture": "#mat", "uv": [ 7.0, 6.0, 14.5, 7.5 ] }
					}
				},
				{
					"name": "S 3",
					"from": [ 12.0, 0.0, 6.0 ],
					"to": [ 19.5, 4.5, 7.5 ],
					"rotationOrigin": [ 13.5, 0.0, 1.5 ],
					"rotationY": -90.0,
					"faces": {
						"north": { "texture": "#mat", "uv": [ 6.0, 10.0, 13.5, 14.5 ] },
						"east": { "texture": "#mat", "uv": [ 6.0, 7.0, 7.5, 11.5 ] },
						"south": { "texture": "#mat", "uv": [ 5.5, 3.5, 13.0, 8.0 ] },
						"west": { "texture": "#mat", "uv": [ 11.0, 5.0, 12.5, 9.5 ] },
						"up": { "texture": "#mat", "uv": [ 7.0, 9.0, 14.5, 10.5 ] },
						"down": { "texture": "#mat", "uv": [ 7.0, 6.0, 14.5, 7.5 ] }
					}
				}
			]
		}
	]}