{
  "beastsofmen:hoppers": {
    "game:armor-body-plate-*": "beastsofmen:clothes/armor/plate/body",
    "game:armor-body-scale-*": "beastsofmen:clothes/armor/scale/body",
    "game:armor-body-plate-*": "beastsofmen:clothes/armor/plate/body",
    "game:armor-body-padded-*": "beastsofmen:clothes/armor/padded/body",
    "game:armor-body-sewn-*": "beastsofmen:clothes/armor/leather/body",
    "game:armor-body-lamellar-*": "beastsofmen:clothes/armor/lamellar/body",
    "game:armor-body-jerkin-*": "beastsofmen:clothes/armor/jerkin/body",
    "game:armor-body-improvised-*": "beastsofmen:clothes/armor/improvised/body",
    "game:armor-body-tailored-*": "beastsofmen:clothes/armor/gambeson/body",
    "game:armor-body-chain-*": "beastsofmen:clothes/armor/chain/body",
    "game:armor-body-brigandine-*": "beastsofmen:clothes/armor/brigandine/body"
  },
  "beastsofmen:windstriders": {
    "game:armor-body-plate-*": "beastsofmen:clothes/armor/plate/body",
    "game:armor-body-scale-*": "beastsofmen:clothes/armor/scale/body",
    "game:armor-body-plate-*": "beastsofmen:clothes/armor/plate/body",
    "game:armor-body-padded-*": "beastsofmen:clothes/armor/padded/body",
    "game:armor-body-sewn-*": "beastsofmen:clothes/armor/leather/body",
    "game:armor-body-lamellar-*": "beastsofmen:clothes/armor/lamellar/body",
    "game:armor-body-jerkin-*": "beastsofmen:clothes/armor/jerkin/body",
    "game:armor-body-improvised-*": "beastsofmen:clothes/armor/improvised/body",
    "game:armor-body-tailored-*": "beastsofmen:clothes/armor/gambeson/body",
    "game:armor-body-chain-*": "beastsofmen:clothes/armor/chain/body",
    "game:armor-body-brigandine-*": "beastsofmen:clothes/armor/brigandine/body"
  },
    "beastsofmen:alphas": {
    "game:armor-body-plate-*": "beastsofmen:clothes/armor/plate/body",
    "game:armor-body-scale-*": "beastsofmen:clothes/armor/scale/body",
    "game:armor-body-plate-*": "beastsofmen:clothes/armor/plate/body",
    "game:armor-body-padded-*": "beastsofmen:clothes/armor/padded/body",
    "game:armor-body-sewn-*": "beastsofmen:clothes/armor/leather/body",
    "game:armor-body-lamellar-*": "beastsofmen:clothes/armor/lamellar/body",
    "game:armor-body-jerkin-*": "beastsofmen:clothes/armor/jerkin/body",
    "game:armor-body-improvised-*": "beastsofmen:clothes/armor/improvised/body",
    "game:armor-body-tailored-*": "beastsofmen:clothes/armor/gambeson/body",
    "game:armor-body-chain-*": "beastsofmen:clothes/armor/chain/body",
    "game:armor-body-brigandine-*": "beastsofmen:clothes/armor/brigandine/body"
  },
    "beastsofmen:purrlianfemale": {
    "game:armor-body-plate-*": "beastsofmen:clothes/armor/plate/body",
    "game:armor-body-scale-*": "beastsofmen:clothes/armor/scale/body",
    "game:armor-body-plate-*": "beastsofmen:clothes/armor/plate/body",
    "game:armor-body-padded-*": "beastsofmen:clothes/armor/padded/body",
    "game:armor-body-sewn-*": "beastsofmen:clothes/armor/leather/body",
    "game:armor-body-lamellar-*": "beastsofmen:clothes/armor/lamellar/body",
    "game:armor-body-jerkin-*": "beastsofmen:clothes/armor/jerkin/body",
    "game:armor-body-improvised-*": "beastsofmen:clothes/armor/improvised/body",
    "game:armor-body-tailored-*": "beastsofmen:clothes/armor/gambeson/body",
    "game:armor-body-chain-*": "beastsofmen:clothes/armor/chain/body",
    "game:armor-body-brigandine-*": "beastsofmen:clothes/armor/brigandine/body"
  } 
}