{
	"editor": {
		"backDropShape": "S:/seraph-faceless",
		"collapsedPaths": "Root/UpperTorsoOrigin,Root/LowerTorsoOrigin/BeltE,Root/LowerTorsoOrigin/shouldertextureFrontLower2,Root/LowerTorsoOrigin",
		"allAngles": true,
		"entityTextureMode": true
	},
	"textureWidth": 16,
	"textureHeight": 16,
	"textureSizes": {
	},
	"textures": {
	},
	"elements": [
		{
			"name": "ORIGINLegLeftW",
			"stepParentName": "UpperFootL",
			"from": [ -0.03, -0.03, -0.03 ],
			"to": [ 0.345, 6.78, 2.43 ],
			"unwrapMode": 4,
			"autoUnwrap": false,
			"uv": [ 7.5, 5.0 ],
			"rotationOrigin": [ -0.03, 0.0, 0.03 ],
			"faces": {
				"north": { "texture": "#shouldertexture", "uv": [ 7.5, 5.5, 8.0, 14.5 ], "autoUv": false, "windMode": [-1,-1,-1,-1], "windData": [0,1,1,0] },
				"east": { "texture": "#shouldertexture", "uv": [ 8.0, 5.5, 11.0, 14.5 ], "autoUv": false, "windMode": [-1,-1,-1,-1], "windData": [0,1,1,0] },
				"south": { "texture": "#shouldertexture", "uv": [ 11.0, 5.5, 11.5, 14.5 ], "autoUv": false, "windMode": [-1,-1,-1,-1], "windData": [0,0,1,1] },
				"west": { "texture": "#shouldertexture", "uv": [ 8.0, 5.5, 11.0, 14.5 ], "autoUv": false },
				"up": { "texture": "#shouldertexture", "uv": [ 8.0, 5.0, 11.0, 5.5 ], "rotation": 90, "autoUv": false },
				"down": { "texture": "#shouldertexture", "uv": [ 8.0, 14.5, 11.0, 15.0 ], "rotation": 90, "autoUv": false, "windMode": [-1,-1,-1,-1] }
			}
		},
		{
			"name": "ORIGINLegRightW",
			"stepParentName": "UpperFootR",
			"from": [ -0.03, -0.03, -0.03 ],
			"to": [ 0.345, 6.78, 2.43 ],
			"unwrapMode": 4,
			"autoUnwrap": false,
			"uv": [ 4.5, 5.0 ],
			"rotationOrigin": [ -0.03, 0.0, -0.03 ],
			"faces": {
				"north": { "texture": "#shouldertexture", "uv": [ 4.5, 5.5, 5.0, 14.5 ], "autoUv": false },
				"east": { "texture": "#shouldertexture", "uv": [ 5.0, 5.5, 8.0, 14.5 ], "autoUv": false },
				"south": { "texture": "#shouldertexture", "uv": [ 8.0, 5.5, 8.5, 14.5 ], "autoUv": false, "windMode": [-1,-1,-1,-1], "windData": [0,0,1,1] },
				"west": { "texture": "#shouldertexture", "uv": [ 5.0, 5.5, 8.0, 14.5 ], "autoUv": false },
				"up": { "texture": "#shouldertexture", "uv": [ 5.0, 5.0, 8.0, 5.5 ], "rotation": 90, "autoUv": false, "windMode": [-1,-1,-1,-1], "windData": [1,1,1,1] },
				"down": { "texture": "#shouldertexture", "uv": [ 5.0, 14.5, 8.0, 15.0 ], "rotation": 90, "autoUv": false, "windMode": [-1,-1,-1,-1] }
			}
		},
		{
			"name": "LowerTorsoOrigin",
			"stepParentName": "LowerTorso",
			"from": [ 0.0, 0.0, 0.0 ],
			"to": [ 3.75, 3.75, 4.5 ],
			"uv": [ 2.0, 0.0 ],
			"faces": {
			},
			"children": [
				{
					"name": "shouldertextureFrontLower2",
					"from": [ -0.03, -0.78, -0.03 ],
					"to": [ 0.345, 3.78, 4.53 ],
					"unwrapMode": 4,
					"autoUnwrap": false,
					"uv": [ 4.5, 3.0 ],
					"rotationOrigin": [ 3.78, 3.0, 0.075 ],
					"faces": {
						"north": { "texture": "#shouldertexture", "uv": [ 4.5, 3.5, 5.0, 9.5 ], "autoUv": false, "windMode": [-1,-1,-1,-1], "windData": [0,1,1,0] },
						"east": { "texture": "#shouldertexture", "uv": [ 5.0, 3.5, 11.0, 9.5 ], "autoUv": false },
						"south": { "texture": "#shouldertexture", "uv": [ 11.0, 3.5, 11.5, 9.5 ], "autoUv": false },
						"west": { "texture": "#shouldertexture", "uv": [ 5.0, 3.5, 11.0, 9.5 ], "autoUv": false },
						"up": { "texture": "#shouldertexture", "uv": [ 5.0, 3.0, 11.0, 3.5 ], "rotation": 90, "autoUv": false, "windMode": [-1,-1,-1,-1], "windData": [1,1,1,1] },
						"down": { "texture": "#shouldertexture", "uv": [ 5.0, 9.5, 11.0, 10.0 ], "rotation": 90, "autoUv": false, "windMode": [-1,-1,-1,-1] }
					},
					"children": [
						{
							"name": "shouldertextureFrontLower3",
							"from": [ 0.0, -3.75, 0.0 ],
							"to": [ 0.375, 0.06, 4.56 ],
							"unwrapMode": 4,
							"autoUnwrap": false,
							"uv": [ 4.5, 9.0 ],
							"rotationOrigin": [ 0.375, 0.06, 0.0 ],
							"rotationZ": -5.0,
							"faces": {
								"north": { "texture": "#shouldertexture", "uv": [ 4.5, 9.5, 5.0, 14.5 ], "autoUv": false },
								"east": { "texture": "#shouldertexture", "uv": [ 5.0, 9.5, 11.0, 14.5 ], "autoUv": false },
								"south": { "texture": "#shouldertexture", "uv": [ 11.0, 9.5, 11.5, 14.5 ], "autoUv": false },
								"west": { "texture": "#shouldertexture", "uv": [ 5.0, 9.5, 11.0, 14.5 ], "autoUv": false },
								"up": { "texture": "#shouldertexture", "uv": [ 5.0, 9.0, 11.0, 9.5 ], "rotation": 90, "autoUv": false },
								"down": { "texture": "#shouldertexture", "uv": [ 5.0, 14.5, 11.0, 15.0 ], "rotation": 90, "autoUv": false }
							}
						}
					]
				},
				{
					"name": "BeltN",
					"from": [ 0.345, 2.28, -0.03 ],
					"to": [ 3.78, 3.03, 0.345 ],
					"unwrapMode": 1,
					"unwrapRotation": 1,
					"uv": [ 0.0, 0.0 ],
					"rotationOrigin": [ 0.3, 2.28, 0.0 ],
					"faces": {
						"north": { "texture": "#shouldertexture", "uv": [ 0.5, 0.5, 1.5, 5.0 ], "rotation": 90, "autoUv": false },
						"east": { "texture": "#shouldertexture", "uv": [ 0.5, 5.0, 1.5, 5.5 ], "rotation": 90, "autoUv": false },
						"south": { "texture": "#shouldertexture", "uv": [ 2.0, 0.5, 3.0, 5.0 ], "rotation": 270, "autoUv": false },
						"west": { "texture": "#shouldertexture", "uv": [ 0.5, 0.0, 1.5, 0.5 ], "rotation": 90, "autoUv": false },
						"up": { "texture": "#shouldertexture", "uv": [ 0.0, 0.5, 0.5, 5.0 ], "rotation": 270, "autoUv": false },
						"down": { "texture": "#shouldertexture", "uv": [ 1.5, 0.5, 2.0, 5.0 ], "rotation": 90, "autoUv": false }
					}
				},
				{
					"name": "BeltS",
					"from": [ 0.345, 2.28, 4.155 ],
					"to": [ 3.78, 3.03, 4.53 ],
					"unwrapMode": 1,
					"unwrapRotation": 1,
					"uv": [ 0.0, 10.5 ],
					"rotationOrigin": [ 0.3, 2.28, 4.2 ],
					"faces": {
						"north": { "texture": "#shouldertexture", "uv": [ 0.5, 11.0, 1.5, 15.5 ], "rotation": 90, "autoUv": false, "windMode": [-1,-1,-1,-1], "windData": [1,1,1,1] },
						"east": { "texture": "#shouldertexture", "uv": [ 0.5, 15.5, 1.5, 16.0 ], "rotation": 90, "autoUv": false },
						"south": { "texture": "#shouldertexture", "uv": [ 2.0, 11.0, 3.0, 15.5 ], "rotation": 270, "autoUv": false },
						"west": { "texture": "#shouldertexture", "uv": [ 0.5, 10.5, 1.5, 11.0 ], "rotation": 90, "autoUv": false },
						"up": { "texture": "#shouldertexture", "uv": [ 0.0, 11.0, 0.5, 15.5 ], "rotation": 270, "autoUv": false },
						"down": { "texture": "#shouldertexture", "uv": [ 1.5, 11.0, 2.0, 15.5 ], "rotation": 90, "autoUv": false }
					}
				},
				{
					"name": "BeltE",
					"from": [ 3.345, 2.28, 0.345 ],
					"to": [ 3.78, 3.03, 4.155 ],
					"unwrapMode": 2,
					"unwrapRotation": 1,
					"uv": [ 0.0, 5.0 ],
					"rotationOrigin": [ 3.3, 2.28, 0.375 ],
					"faces": {
						"north": { "texture": "#shouldertexture", "uv": [ 0.5, 5.0, 1.5, 5.5 ], "rotation": 90, "autoUv": false },
						"east": { "texture": "#shouldertexture", "uv": [ 0.5, 5.5, 1.5, 10.5 ], "rotation": 90, "autoUv": false },
						"south": { "texture": "#shouldertexture", "uv": [ 0.5, 10.5, 1.5, 11.0 ], "rotation": 90, "autoUv": false },
						"west": { "texture": "#shouldertexture", "uv": [ 2.0, 5.5, 3.0, 10.5 ], "rotation": 270, "autoUv": false },
						"up": { "texture": "#shouldertexture", "uv": [ 0.0, 5.5, 0.5, 10.5 ], "autoUv": false, "windMode": [-1,-1,-1,-1], "windData": [1,1,1,1] },
						"down": { "texture": "#shouldertexture", "uv": [ 1.5, 5.5, 2.0, 10.5 ], "autoUv": false }
					},
					"children": [
						{
							"name": "SuspenderStubN",
							"from": [ 0.06, 0.75, -0.045 ],
							"to": [ 0.435, 1.5, 0.705 ],
							"unwrapMode": 4,
							"uv": [ 13.0, 12.0 ],
							"rotationOrigin": [ 0.0, 0.75, -0.075 ],
							"faces": {
								"north": { "texture": "#shouldertexture", "uv": [ 13.0, 12.5, 13.5, 13.5 ], "autoUv": false },
								"east": { "texture": "#shouldertexture", "uv": [ 15.0, 12.5, 16.0, 13.5 ], "autoUv": false },
								"south": { "texture": "#shouldertexture", "uv": [ 14.5, 12.5, 15.0, 13.5 ], "autoUv": false },
								"west": { "texture": "#shouldertexture", "uv": [ 13.5, 12.5, 14.5, 13.5 ], "autoUv": false },
								"up": { "texture": "#shouldertexture", "uv": [ 13.5, 12.0, 14.5, 12.5 ], "rotation": 90, "autoUv": false },
								"down": { "texture": "#shouldertexture", "uv": [ 13.5, 13.5, 14.5, 14.0 ], "rotation": 90, "autoUv": false }
							}
						},
						{
							"name": "SuspenderStubS",
							"from": [ 0.06, 0.75, 3.105 ],
							"to": [ 0.435, 1.5, 3.855 ],
							"unwrapMode": 4,
							"uv": [ 13.0, 5.0 ],
							"rotationOrigin": [ 0.0, 0.75, 3.075 ],
							"faces": {
								"north": { "texture": "#shouldertexture", "uv": [ 13.0, 5.5, 13.5, 6.5 ], "autoUv": false },
								"east": { "texture": "#shouldertexture", "uv": [ 15.0, 5.5, 16.0, 6.5 ], "autoUv": false },
								"south": { "texture": "#shouldertexture", "uv": [ 14.5, 5.5, 15.0, 6.5 ], "autoUv": false },
								"west": { "texture": "#shouldertexture", "uv": [ 13.5, 5.5, 14.5, 6.5 ], "autoUv": false },
								"up": { "texture": "#shouldertexture", "uv": [ 13.5, 5.0, 14.5, 5.5 ], "rotation": 90, "autoUv": false },
								"down": { "texture": "#shouldertexture", "uv": [ 13.5, 6.5, 14.5, 7.0 ], "rotation": 90, "autoUv": false }
							}
						}
					]
				},
				{
					"name": "shouldertextureFrontLowerLfiller",
					"from": [ 0.345, 1.08, 4.125 ],
					"to": [ 0.72, 2.28, 4.53 ],
					"unwrapMode": 3,
					"uv": [ 10.5, 6.0 ],
					"rotationOrigin": [ 4.095, -0.48, 4.245 ],
					"faces": {
						"north": { "texture": "#shouldertexture", "uv": [ 11.5, 6.0, 12.0, 7.5 ], "autoUv": false, "windMode": [-1,-1,-1,-1], "windData": [1,1,1,1] },
						"east": { "texture": "#shouldertexture", "uv": [ 11.0, 6.0, 11.5, 7.5 ], "autoUv": false },
						"south": { "texture": "#shouldertexture", "uv": [ 10.5, 6.0, 11.0, 7.5 ], "autoUv": false, "windMode": [-1,-1,-1,-1], "windData": [1,1,1,1] }
					}
				},
				{
					"name": "shouldertextureFrontLowerRfiller",
					"from": [ 0.345, 1.08, -0.03 ],
					"to": [ 0.72, 2.28, 0.375 ],
					"unwrapMode": 1,
					"uv": [ 4.0, 6.0 ],
					"rotationOrigin": [ 4.095, -0.48, 0.87 ],
					"faces": {
						"north": { "texture": "#shouldertexture", "uv": [ 4.5, 6.0, 5.0, 7.5 ], "autoUv": false },
						"east": { "texture": "#shouldertexture", "uv": [ 4.0, 6.0, 4.5, 7.5 ], "autoUv": false },
						"south": { "texture": "#shouldertexture", "uv": [ 5.0, 6.0, 5.5, 7.5 ], "autoUv": false },
						"down": { "texture": "#shouldertexture", "uv": [ 4.5, 7.5, 5.0, 8.0 ], "autoUv": false, "windMode": [-1,-1,-1,-1], "windData": [1,1,1,1] }
					}
				},
				{
					"name": "shouldertextureFrontTile",
					"from": [ -0.03, -4.59, -0.03 ],
					"to": [ 0.78, -0.03, 4.53 ],
					"unwrapMode": 4,
					"uv": [ 4.0, 8.5 ],
					"rotationOrigin": [ -0.03, -0.03, 2.22 ],
					"rotationZ": -3.5,
					"faces": {
						"north": { "texture": "#shouldertexture", "uv": [ 4.0, 8.5, 5.0, 14.5 ], "autoUv": false, "windMode": [-1,-1,-1,-1] },
						"south": { "texture": "#shouldertexture", "uv": [ 11.0, 8.5, 12.0, 14.5 ], "autoUv": false, "windMode": [-1,-1,-1,-1] },
						"west": { "texture": "#shouldertexture", "uv": [ 5.0, 8.5, 11.0, 14.5 ], "autoUv": false, "windMode": [-1,-1,-1,-1] }
					}
				}
			]
		},
		{
			"name": "UpperTorsoOrigin",
			"stepParentName": "UpperTorso",
			"from": [ 0.0, 0.0, 0.0 ],
			"to": [ 3.75, 3.75, 4.65 ],
			"uv": [ 999.0, 999.0 ],
			"faces": {
			},
			"children": [
				{
					"name": "RightofNeckStrap",
					"from": [ -0.03, 3.42, 0.375 ],
					"to": [ 3.78, 3.795, 1.125 ],
					"unwrapMode": 5,
					"unwrapRotation": 1,
					"uv": [ 0.0, 0.0 ],
					"rotationOrigin": [ 0.0, 3.375, 0.375 ],
					"faces": {
						"north": { "texture": "#shouldertexture", "uv": [ 0.0, 0.5, 0.5, 5.5 ], "rotation": 270, "autoUv": false },
						"east": { "texture": "#shouldertexture", "uv": [ 0.5, 0.0, 1.5, 0.5 ], "rotation": 180, "autoUv": false },
						"south": { "texture": "#shouldertexture", "uv": [ 1.5, 0.5, 2.0, 5.5 ], "rotation": 90, "autoUv": false },
						"west": { "texture": "#shouldertexture", "uv": [ 0.5, 5.5, 1.5, 6.0 ], "autoUv": false },
						"up": { "texture": "#shouldertexture", "uv": [ 0.5, 0.5, 1.5, 5.5 ], "rotation": 90, "autoUv": false },
						"down": { "texture": "#shouldertexture", "uv": [ 2.0, 0.5, 3.0, 5.5 ], "rotation": 270, "autoUv": false }
					},
					"children": [
						{
							"name": "ChestRightStrap",
							"from": [ -1.185, -1.95, 0.0 ],
							"to": [ 0.015, 0.45, 0.75 ],
							"unwrapMode": 1,
							"autoUnwrap": false,
							"uv": [ 12.0, 11.5 ],
							"rotationOrigin": [ -0.72, -1.95, 0.03 ],
							"rotationZ": -25.0,
							"faces": {
								"north": { "texture": "#shouldertexture", "uv": [ 13.0, 11.5, 14.5, 14.5 ], "autoUv": false },
								"east": { "texture": "#shouldertexture", "uv": [ 12.0, 11.5, 13.0, 14.5 ], "autoUv": false, "windMode": [-1,-1,-1,-1], "windData": [1,1,1,1] },
								"south": { "texture": "#shouldertexture", "uv": [ 14.5, 11.5, 16.0, 14.5 ], "autoUv": false, "windMode": [-1,-1,-1,-1], "windData": [1,1,1,1] },
								"west": { "texture": "#shouldertexture", "uv": [ 14.5, 11.5, 15.5, 14.5 ], "autoUv": false, "windMode": [-1,-1,-1,-1], "windData": [1,1,1,1] },
								"down": { "texture": "#shouldertexture", "uv": [ 13.0, 14.5, 14.5, 15.5 ], "autoUv": false }
							}
						},
						{
							"name": "BackUpperStrapR",
							"from": [ 3.435, -3.45, 0.0 ],
							"to": [ 3.81, 0.0, 0.75 ],
							"unwrapMode": 4,
							"uv": [ 0.0, 10.5 ],
							"rotationOrigin": [ 3.405, -3.45, 0.03 ],
							"faces": {
								"north": { "texture": "#shouldertexture", "uv": [ 0.0, 10.5, 0.5, 15.0 ], "autoUv": false },
								"east": { "texture": "#shouldertexture", "uv": [ 2.0, 10.5, 3.0, 15.0 ], "autoUv": false },
								"south": { "texture": "#shouldertexture", "uv": [ 1.5, 10.5, 2.0, 15.0 ], "autoUv": false },
								"west": { "texture": "#shouldertexture", "uv": [ 0.5, 10.5, 1.5, 15.0 ], "autoUv": false },
								"down": { "texture": "#shouldertexture", "uv": [ 0.5, 15.0, 1.5, 15.5 ], "rotation": 90, "autoUv": false }
							}
						}
					]
				},
				{
					"name": "LeftofNeckStrap",
					"from": [ -0.03, 3.42, 3.525 ],
					"to": [ 3.78, 3.795, 4.275 ],
					"unwrapMode": 5,
					"unwrapRotation": 1,
					"uv": [ 13.0, 0.0 ],
					"rotationOrigin": [ 0.0, 3.42, 3.525 ],
					"faces": {
						"north": { "texture": "#shouldertexture", "uv": [ 13.0, 0.5, 13.5, 5.5 ], "rotation": 270, "autoUv": false },
						"east": { "texture": "#shouldertexture", "uv": [ 13.5, 0.0, 14.5, 0.5 ], "rotation": 180, "autoUv": false },
						"south": { "texture": "#shouldertexture", "uv": [ 14.5, 0.5, 15.0, 5.5 ], "rotation": 90, "autoUv": false },
						"west": { "texture": "#shouldertexture", "uv": [ 13.5, 5.5, 14.5, 6.0 ], "autoUv": false },
						"up": { "texture": "#shouldertexture", "uv": [ 13.5, 0.5, 14.5, 5.5 ], "rotation": 90, "autoUv": false },
						"down": { "texture": "#shouldertexture", "uv": [ 15.0, 0.5, 16.0, 5.5 ], "rotation": 270, "autoUv": false }
					},
					"children": [
						{
							"name": "BackUpperStrapL",
							"from": [ 3.435, -3.45, 0.0 ],
							"to": [ 3.81, 0.0, 0.75 ],
							"unwrapMode": 4,
							"uv": [ 13.0, 8.0 ],
							"rotationOrigin": [ 3.405, -3.45, -0.03 ],
							"faces": {
								"north": { "texture": "#shouldertexture", "uv": [ 13.0, 8.0, 13.5, 12.5 ], "autoUv": false },
								"east": { "texture": "#shouldertexture", "uv": [ 15.0, 8.0, 16.0, 12.5 ], "autoUv": false },
								"south": { "texture": "#shouldertexture", "uv": [ 14.5, 8.0, 15.0, 12.5 ], "autoUv": false },
								"west": { "texture": "#shouldertexture", "uv": [ 13.5, 8.0, 14.5, 12.5 ], "autoUv": false },
								"down": { "texture": "#shouldertexture", "uv": [ 13.5, 12.5, 14.5, 13.0 ], "rotation": 90, "autoUv": false }
							}
						},
						{
							"name": "ChestRightStrap2",
							"from": [ -1.185, -1.95, 0.0 ],
							"to": [ 0.015, 0.45, 0.75 ],
							"unwrapMode": 1,
							"autoUnwrap": false,
							"uv": [ 12.0, 11.5 ],
							"rotationOrigin": [ -0.72, -1.95, -0.12 ],
							"rotationZ": -25.0,
							"faces": {
								"north": { "texture": "#shouldertexture", "uv": [ 13.0, 11.5, 14.5, 14.5 ], "autoUv": false },
								"east": { "texture": "#shouldertexture", "uv": [ 12.0, 11.5, 13.0, 14.5 ], "autoUv": false, "windMode": [-1,-1,-1,-1], "windData": [1,1,1,1] },
								"south": { "texture": "#shouldertexture", "uv": [ 14.5, 11.5, 16.0, 14.5 ], "rotation": 180, "autoUv": false, "windMode": [-1,-1,-1,-1], "windData": [1,1,1,1] },
								"west": { "texture": "#shouldertexture", "uv": [ 14.5, 11.5, 15.5, 14.5 ], "rotation": 180, "autoUv": false, "windMode": [-1,-1,-1,-1], "windData": [1,1,1,1] },
								"down": { "texture": "#shouldertexture", "uv": [ 13.0, 14.5, 14.5, 15.5 ], "autoUv": false }
							}
						}
					]
				},
				{
					"name": "shouldertextureFrontUpper",
					"from": [ -0.03, 1.095, 0.375 ],
					"to": [ 0.345, 2.22, 4.275 ],
					"unwrapMode": 4,
					"autoUnwrap": false,
					"uv": [ 5.0, 0.0 ],
					"rotationOrigin": [ 0.0, 0.795, 0.405 ],
					"faces": {
						"north": { "texture": "#shouldertexture", "uv": [ 5.0, 0.5, 5.5, 2.0 ], "autoUv": false, "windMode": [-1,-1,-1,-1], "windData": [1,1,1,1] },
						"east": { "texture": "#shouldertexture", "uv": [ 5.5, 0.5, 10.5, 2.0 ], "autoUv": false },
						"south": { "texture": "#shouldertexture", "uv": [ 10.5, 0.5, 11.0, 2.0 ], "autoUv": false },
						"west": { "texture": "#shouldertexture", "uv": [ 5.5, 0.5, 10.5, 2.0 ], "autoUv": false },
						"up": { "texture": "#shouldertexture", "uv": [ 5.5, 0.0, 10.5, 0.5 ], "rotation": 90, "autoUv": false, "windMode": [-1,-1,-1,-1], "windData": [1,1,1,1] },
						"down": { "texture": "#shouldertexture", "uv": [ 5.5, 2.0, 10.5, 2.5 ], "rotation": 90, "autoUv": false }
					}
				},
				{
					"name": "shouldertextureFrontUpper2",
					"from": [ -0.03, -0.03, -0.03 ],
					"to": [ 0.345, 1.095, 4.695 ],
					"unwrapMode": 4,
					"autoUnwrap": false,
					"uv": [ 4.5, 2.0 ],
					"rotationOrigin": [ 0.0, -0.03, 0.105 ],
					"faces": {
						"north": { "texture": "#shouldertexture", "uv": [ 4.5, 2.5, 5.0, 4.0 ], "autoUv": false },
						"east": { "texture": "#shouldertexture", "uv": [ 5.0, 2.5, 11.0, 4.0 ], "autoUv": false },
						"south": { "texture": "#shouldertexture", "uv": [ 11.0, 2.5, 11.5, 4.0 ], "autoUv": false },
						"west": { "texture": "#shouldertexture", "uv": [ 5.0, 2.5, 11.0, 4.0 ], "autoUv": false },
						"up": { "texture": "#shouldertexture", "uv": [ 5.0, 2.0, 11.0, 2.5 ], "rotation": 90, "autoUv": false },
						"down": { "texture": "#shouldertexture", "uv": [ 5.0, 4.0, 11.0, 4.5 ], "rotation": 90, "autoUv": false }
					}
				},
				{
					"name": "Cube2",
					"from": [ -1.125, 1.5, 0.75 ],
					"to": [ 0.375, 2.625, 3.93 ],
					"unwrapMode": 1,
					"autoUnwrap": false,
					"uv": [ 0.0, -3.5 ],
					"rotationOrigin": [ -0.75, 1.5, 0.75 ],
					"rotationZ": -25.0,
					"faces": {
						"north": { "texture": "#shouldertexture", "uv": [ 4.0, 0.5, 6.0, 2.0 ], "autoUv": false },
						"east": { "texture": "#shouldertexture", "uv": [ 0.0, 0.5, 4.0, 2.0 ], "autoUv": false },
						"south": { "texture": "#shouldertexture", "uv": [ 10.0, 0.5, 12.0, 2.0 ], "autoUv": false },
						"west": { "texture": "#shouldertexture", "uv": [ 6.0, 0.5, 10.0, 2.0 ], "autoUv": false },
						"up": { "texture": "#shouldertexture", "uv": [ 12.0, 7.5, 13.0, 11.5 ], "rotation": 180, "autoUv": false, "windMode": [-1,-1,-1,-1], "windData": [1,1,1,1] },
						"down": { "texture": "#shouldertexture", "uv": [ 6.0, 2.0, 10.0, 4.0 ], "rotation": 90, "autoUv": false, "windMode": [-1,-1,-1,-1], "windData": [1,1,1,1] }
					}
				},
				{
					"name": "BreastR",
					"from": [ 0.0, 0.0, 0.0 ],
					"to": [ 0.0, 0.0, 0.0 ],
					"uv": [ 0.0, 0.0 ],
					"faces": {
						"north": { "texture": "#null", "uv": [ 0.0, 0.5, 0.5, 1.0 ], "autoUv": false },
						"east": { "texture": "#null", "uv": [ 0.5, 0.5, 1.0, 1.0 ], "autoUv": false },
						"south": { "texture": "#null", "uv": [ 1.0, 0.5, 1.5, 1.0 ], "autoUv": false },
						"west": { "texture": "#null", "uv": [ 1.5, 0.5, 2.0, 1.0 ], "autoUv": false },
						"up": { "texture": "#null", "uv": [ 0.0, 0.0, 0.5, 0.5 ], "autoUv": false },
						"down": { "texture": "#null", "uv": [ 0.5, 0.0, 1.0, 0.5 ], "autoUv": false }
					}
				},
				{
					"name": "BreastL",
					"from": [ 0.0, 0.0, 0.0 ],
					"to": [ 0.0, 0.0, 0.0 ],
					"uv": [ 0.0, 0.0 ],
					"faces": {
						"north": { "texture": "#null", "uv": [ 0.0, 0.5, 0.5, 1.0 ], "autoUv": false },
						"east": { "texture": "#null", "uv": [ 0.5, 0.5, 1.0, 1.0 ], "autoUv": false },
						"south": { "texture": "#null", "uv": [ 1.0, 0.5, 1.5, 1.0 ], "autoUv": false },
						"west": { "texture": "#null", "uv": [ 1.5, 0.5, 2.0, 1.0 ], "autoUv": false },
						"up": { "texture": "#null", "uv": [ 0.0, 0.0, 0.5, 0.5 ], "autoUv": false },
						"down": { "texture": "#null", "uv": [ 0.5, 0.0, 1.0, 0.5 ], "autoUv": false }
					}
				}
			]
		},
		{
			"name": "UpperArmLOrigin",
			"stepParentName": "UpperArmL",
			"from": [ -0.03, 4.875, -0.03 ],
			"to": [ 2.28, 5.28, 0.27 ],
			"unwrapMode": 5,
			"unwrapRotation": 1,
			"uv": [ 13.5, 1.0 ],
			"rotationOrigin": [ -0.015, 4.86, -0.015 ],
			"faces": {
				"north": { "texture": "#shouldertexture", "uv": [ 13.5, 1.5, 14.0, 4.5 ], "rotation": 270, "autoUv": false },
				"east": { "texture": "#shouldertexture", "uv": [ 14.0, 1.0, 14.5, 1.5 ], "rotation": 180, "autoUv": false },
				"south": { "texture": "#shouldertexture", "uv": [ 14.5, 1.5, 15.0, 4.5 ], "rotation": 90, "autoUv": false },
				"west": { "texture": "#shouldertexture", "uv": [ 14.0, 4.5, 14.5, 5.0 ], "autoUv": false },
				"up": { "texture": "#shouldertexture", "uv": [ 14.0, 1.5, 14.5, 4.5 ], "rotation": 90, "autoUv": false },
				"down": { "texture": "#shouldertexture", "uv": [ 15.0, 1.5, 15.5, 4.5 ], "rotation": 270, "autoUv": false }
			}
		},
		{
			"name": "UpperArmROrigin",
			"stepParentName": "UpperArmR",
			"from": [ -0.03, 4.875, 1.2375 ],
			"to": [ 2.28, 5.28, 1.6125 ],
			"unwrapMode": 5,
			"unwrapRotation": 1,
			"uv": [ 1.0, 1.0 ],
			"rotationOrigin": [ -0.015, 4.86, 1.185 ],
			"faces": {
				"north": { "texture": "#shouldertexture", "uv": [ 1.0, 1.5, 1.5, 4.5 ], "rotation": 270, "autoUv": false },
				"east": { "texture": "#shouldertexture", "uv": [ 1.5, 1.0, 2.0, 1.5 ], "rotation": 180, "autoUv": false },
				"south": { "texture": "#shouldertexture", "uv": [ 2.0, 1.5, 2.5, 4.5 ], "rotation": 90, "autoUv": false },
				"west": { "texture": "#shouldertexture", "uv": [ 1.5, 4.5, 2.0, 5.0 ], "autoUv": false },
				"up": { "texture": "#shouldertexture", "uv": [ 1.5, 1.5, 2.0, 4.5 ], "rotation": 90, "autoUv": false },
				"down": { "texture": "#shouldertexture", "uv": [ 2.5, 1.5, 3.0, 4.5 ], "rotation": 270, "autoUv": false }
			}
		}
	],
	"animations": [
		{
			"name": "SneakWalk",
			"code": "sneakwalk",
			"quantityframes": 40,
			"onActivityStopped": "Rewind",
			"onAnimationEnd": "Repeat",
			"keyframes": [
				{
					"frame": 0,
					"elements": {
						"shouldertextureFrontTile": { "rotationX": 0.0, "rotationY": 0.0, "rotationZ": -32.0 }
					}
				},
				{
					"frame": 20,
					"elements": {
						"shouldertextureFrontTile": { "rotationX": 0.0, "rotationY": 0.0, "rotationZ": -27.0 }
					}
				}
			]
		},

		{
			"name": "SneakIdle",
			"code": "sneakidle",
			"quantityframes": 35,
			"onActivityStopped": "Rewind",
			"onAnimationEnd": "Repeat",
			"keyframes": [
				{
					"frame": 0,
					"elements": {
						"shouldertextureFrontTile": { "rotationX": 0.1, "rotationY": 0.0, "rotationZ": -24.0 }
					}
				}
			]
		}
	]
}