{
	"editor": {
		"backDropShape": "C:/Users/Robin/AppData/Roaming/VintagestoryData/Mods/IndiginousVillagers/assets/game/shapes/entity/humanoid/seraph-faceless",
		"collapsedPaths": "Root/bandN/toothR1,Root/bandN/toothL1",
		"allAngles": false,
		"entityTextureMode": true
	},
	"textureWidth": 28,
	"textureHeight": 56,
	"textureSizes": {
		"shouldertexture": [28,56]
	},
	"textures": {
	},
	"elements": [
		{
			"name": "UpperTorsoOrigin",
			"stepParentName": "UpperTorso",
			"from": [ -0.03, -0.03, -0.03 ],
			"to": [ 3.78, 3.78, 4.68 ],
			"unwrapMode": 4,
			"autoUnwrap": false,
			"uv": [ 10.0, 0.0 ],
			"rotationOrigin": [ 1.5, 1.5, 2.4375 ],
			"faces": {
				"north": { "texture": "#shouldertexture", "uv": [ 1.0, 5.5, 6.0, 10.5 ], "autoUv": false, "windMode": [-1,-1,-1,-1], "windData": [1,1,1,1] },
				"east": { "texture": "#shouldertexture", "uv": [ 17.0, 5.5, 23.0, 10.5 ], "autoUv": false, "windMode": [-1,-1,-1,-1] },
				"south": { "texture": "#shouldertexture", "uv": [ 12.0, 5.5, 17.0, 10.5 ], "autoUv": false },
				"west": { "texture": "#shouldertexture", "uv": [ 6.0, 5.5, 12.0, 10.5 ], "autoUv": false },
				"up": { "texture": "#shouldertexture", "uv": [ 6.0, 0.5, 12.0, 5.5 ], "rotation": 90, "autoUv": false },
				"down": { "texture": "#shouldertexture", "uv": [ 19.0, 16.0, 25.0, 21.0 ], "rotation": 90, "autoUv": false, "windMode": [-1,-1,-1,-1] }
			},
			"children": [
				{
					"name": "Blackout",
					"from": [ 0.075, 0.6, 0.45 ],
					"to": [ 3.675, 3.6, 4.2 ],
					"autoUnwrap": false,
					"uv": [ 23.0, 9.0 ],
					"rotationOrigin": [ 0.075, 0.6, 0.45 ],
					"faces": {
						"north": { "texture": "#shouldertexture", "uv": [ 0.0, 0.0, 4.5, 4.0 ], "autoUv": false },
						"east": { "texture": "#shouldertexture", "uv": [ 1.0, 0.0, 5.0, 5.0 ], "rotation": 90, "autoUv": false, "windMode": [-1,-1,-1,-1], "windData": [1,1,1,1] },
						"south": { "texture": "#shouldertexture", "uv": [ 0.0, 1.0, 4.5, 5.0 ], "autoUv": false, "windMode": [-1,-1,-1,-1], "windData": [1,1,1,1] },
						"west": { "texture": "#shouldertexture", "uv": [ 0.5, 0.0, 4.5, 5.0 ], "rotation": 90, "autoUv": false, "windMode": [-1,-1,-1,-1], "windData": [1,1,1,1] },
						"up": { "texture": "#shouldertexture", "uv": [ 0.0, 0.0, 4.5, 5.0 ], "autoUv": false },
						"down": { "texture": "#shouldertexture", "uv": [ 0.5, 0.0, 5.0, 5.0 ], "autoUv": false }
					}
				},
				{
					"name": "Breasts",
					"from": [ -1.05, 1.65, 0.0075 ],
					"to": [ 0.45, 3.9, 4.6875 ],
					"unwrapMode": 1,
					"autoUnwrap": false,
					"uv": [ -2.0, -0.5 ],
					"rotationOrigin": [ -0.75, 1.5, 0.0 ],
					"rotationZ": -25.0,
					"faces": {
						"north": { "texture": "#shouldertexture", "uv": [ 4.0, 5.5, 6.0, 8.5 ], "autoUv": false },
						"east": { "texture": "#shouldertexture", "uv": [ -2.0, 5.5, 4.0, 8.5 ], "autoUv": false },
						"south": { "texture": "#shouldertexture", "uv": [ 12.0, 5.5, 14.0, 8.5 ], "autoUv": false },
						"west": { "texture": "#shouldertexture", "uv": [ 6.0, 5.5, 12.0, 8.5 ], "autoUv": false },
						"up": { "texture": "#shouldertexture", "uv": [ 6.0, 3.5, 12.0, 5.5 ], "rotation": 270, "autoUv": false },
						"down": { "texture": "#shouldertexture", "uv": [ 6.0, 8.0, 12.0, 10.0 ], "rotation": 90, "autoUv": false, "windMode": [-1,-1,-1,-1], "windData": [1,1,1,1] }
					}
				}
			]
		},
		{
			"name": "LowerTorsoOrigin",
			"stepParentName": "LowerTorso",
			"from": [ -0.03, -0.03, -0.03 ],
			"to": [ 3.78, 3.78, 4.53 ],
			"unwrapMode": 4,
			"autoUnwrap": false,
			"uv": [ 9.0, 10.0 ],
			"rotationOrigin": [ 2.25, 2.25, 2.25 ],
			"faces": {
				"north": { "texture": "#shouldertexture", "uv": [ 1.0, 10.5, 6.0, 15.5 ], "autoUv": false },
				"east": { "texture": "#shouldertexture", "uv": [ 17.0, 10.5, 23.0, 15.5 ], "autoUv": false },
				"south": { "texture": "#shouldertexture", "uv": [ 12.0, 10.5, 17.0, 15.5 ], "autoUv": false },
				"west": { "texture": "#shouldertexture", "uv": [ 6.0, 10.5, 12.0, 15.5 ], "autoUv": false },
				"up": { "texture": "#shouldertexture", "uv": [ 19.0, 16.0, 25.0, 21.0 ], "rotation": 90, "autoUv": false, "windMode": [-1,-1,-1,-1], "windData": [1,1,1,1] }
			}
		},
		{
			"name": "hidecollar",
			"stepParentName": "Neck",
			"from": [ -0.03, 0.375, -0.03 ],
			"to": [ 2.28, 1.875, 2.28 ],
			"unwrapMode": 4,
			"uv": [ 13.0, 2.5 ],
			"rotationOrigin": [ 1.125, 2.025, 1.125 ],
			"faces": {
				"north": { "texture": "#shouldertexture", "uv": [ 13.0, 2.5, 16.0, 4.5 ], "autoUv": false },
				"east": { "texture": "#shouldertexture", "uv": [ 22.0, 2.5, 25.0, 4.5 ], "autoUv": false },
				"south": { "texture": "#shouldertexture", "uv": [ 19.0, 2.5, 22.0, 4.5 ], "autoUv": false },
				"west": { "texture": "#shouldertexture", "uv": [ 16.0, 2.5, 19.0, 4.5 ], "autoUv": false }
			}
		},
		{
			"name": "UpperArmROrigin",
			"stepParentName": "UpperArmR",
			"from": [ -0.03, -0.03, -0.03 ],
			"to": [ 2.28, 5.28, 1.53 ],
			"unwrapMode": 1,
			"autoUnwrap": false,
			"uv": [ 8.0, 21.0 ],
			"rotationOrigin": [ 1.125, 5.25, 0.75 ],
			"faces": {
				"north": { "texture": "#shouldertexture", "uv": [ 4.0, 22.0, 7.0, 29.0 ], "autoUv": false },
				"east": { "texture": "#shouldertexture", "uv": [ 2.0, 22.0, 4.0, 29.0 ], "autoUv": false },
				"south": { "texture": "#shouldertexture", "uv": [ 9.0, 22.0, 12.0, 29.0 ], "autoUv": false },
				"west": { "texture": "#shouldertexture", "uv": [ 7.0, 22.0, 9.0, 29.0 ], "autoUv": false },
				"up": { "texture": "#shouldertexture", "uv": [ 7.0, 19.0, 9.0, 22.0 ], "rotation": 90, "autoUv": false, "windMode": [-1,-1,-1,-1] },
				"down": { "texture": "#shouldertexture", "uv": [ 10.0, 18.0, 12.0, 21.0 ], "rotation": 90, "autoUv": false, "windMode": [-1,-1,-1,-1] }
			}
		},
		{
			"name": "UpperArmLorigin",
			"stepParentName": "UpperArmL",
			"from": [ -0.03, -0.03, -0.03 ],
			"to": [ 2.28, 5.28, 1.53 ],
			"unwrapMode": 3,
			"autoUnwrap": false,
			"uv": [ 0.0, 13.0 ],
			"rotationOrigin": [ 1.125, 5.175, 0.75 ],
			"faces": {
				"north": { "texture": "#shouldertexture", "uv": [ 13.0, 22.0, 16.0, 29.0 ], "autoUv": false },
				"east": { "texture": "#shouldertexture", "uv": [ 21.0, 22.0, 23.0, 29.0 ], "autoUv": false, "windMode": [-1,-1,-1,-1] },
				"south": { "texture": "#shouldertexture", "uv": [ 18.0, 22.0, 21.0, 29.0 ], "autoUv": false, "windMode": [-1,-1,-1,-1] },
				"west": { "texture": "#shouldertexture", "uv": [ 16.0, 22.0, 18.0, 29.0 ], "autoUv": false },
				"up": { "texture": "#shouldertexture", "uv": [ 16.0, 19.0, 18.0, 22.0 ], "rotation": 90, "autoUv": false, "windMode": [-1,-1,-1,-1] },
				"down": { "texture": "#shouldertexture", "uv": [ 13.0, 18.0, 15.0, 21.0 ], "rotation": 90, "autoUv": false, "windMode": [-1,-1,-1,-1] }
			}
		},
		{
			"name": "Hood",
			"stepParentName": "Head",
			"from": [ -0.4125, -1.8, -0.465 ],
			"to": [ 4.9125, 4.2, 4.185 ],
			"unwrapMode": 4,
			"autoUnwrap": false,
			"uv": [ 1.0, 40.0 ],
			"faces": {
				"north": { "texture": "#shouldertexture", "uv": [ 1.0, 47.0, 8.0, 55.0 ], "autoUv": false },
				"east": { "texture": "#shouldertexture", "uv": [ 21.0, 47.0, 27.0, 55.0 ], "autoUv": false },
				"south": { "texture": "#shouldertexture", "uv": [ 14.0, 47.0, 21.0, 55.0 ], "autoUv": false },
				"west": { "texture": "#shouldertexture", "uv": [ 8.0, 47.0, 14.0, 55.0 ], "autoUv": false },
				"up": { "texture": "#shouldertexture", "uv": [ 8.0, 40.0, 14.0, 47.0 ], "rotation": 90, "autoUv": false },
				"down": { "texture": "#shouldertexture", "uv": [ 1.0, 39.0, 7.0, 46.0 ], "rotation": 270, "autoUv": false }
			}
		}
	]}