{
	"editor": {
		"backDropShape": "C:/Users/Robin/AppData/Roaming/VintagestoryData/Mods/IndiginousVillagers/assets/game/shapes/entity/humanoid/seraph-faceless",
		"collapsedPaths": "Root/UpperTorsoOrigin,Root/ORIGINLegLeftW,Root/LowerTorsoOrigin/BeltE,Root/LowerTorsoOrigin/shouldertextureFrontLower2,Root/ORIGINLegRightW,Root/LowerTorsoOrigin",
		"allAngles": true,
		"entityTextureMode": true
	},
	"textureWidth": 16,
	"textureHeight": 24,
	"textureSizes": {
	},
	"textures": {
	},
	"elements": [
		{
			"name": "ORIGINLegLeftW",
			"stepParentName": "UpperFootL",
			"from": [ -0.03, 1.47, -0.03 ],
			"to": [ 0.345, 6.78, 2.43 ],
			"unwrapMode": 4,
			"autoUnwrap": false,
			"uv": [ 9.0, 13.0 ],
			"rotationOrigin": [ -0.03, 1.5, 0.03 ],
			"faces": {
				"north": { "texture": "#shouldertexture", "uv": [ 9.0, 13.5, 9.5, 20.5 ], "autoUv": false, "windMode": [-1,-1,-1,-1], "windData": [0,1,1,0] },
				"east": { "texture": "#shouldertexture", "uv": [ 9.5, 13.5, 12.5, 20.5 ], "autoUv": false, "windMode": [-1,-1,-1,-1], "windData": [0,1,1,0] },
				"south": { "texture": "#shouldertexture", "uv": [ 12.5, 13.5, 13.0, 20.5 ], "autoUv": false, "windMode": [-1,-1,-1,-1], "windData": [0,0,1,1] },
				"west": { "texture": "#shouldertexture", "uv": [ 9.5, 13.5, 12.5, 20.5 ], "autoUv": false },
				"up": { "texture": "#shouldertexture", "uv": [ 9.5, 13.0, 12.5, 13.5 ], "rotation": 90, "autoUv": false }
			},
			"children": [
				{
					"name": "LegLeft1",
					"from": [ 0.375, 0.0, 2.085 ],
					"to": [ 0.75, 5.31, 2.46 ],
					"unwrapMode": 3,
					"uv": [ 13.0, 13.0 ],
					"rotationOrigin": [ 0.375, 0.0, 2.025 ],
					"faces": {
						"north": { "texture": "#shouldertexture", "uv": [ 14.0, 13.5, 14.5, 20.5 ], "autoUv": false },
						"east": { "texture": "#shouldertexture", "uv": [ 13.5, 13.5, 14.0, 20.5 ], "autoUv": false },
						"south": { "texture": "#shouldertexture", "uv": [ 13.0, 13.5, 13.5, 20.5 ], "autoUv": false },
						"up": { "texture": "#shouldertexture", "uv": [ 13.0, 13.0, 13.5, 13.5 ], "autoUv": false },
						"down": { "texture": "#shouldertexture", "uv": [ 13.0, 20.5, 13.5, 21.0 ], "rotation": 180, "autoUv": false }
					}
				},
				{
					"name": "LegLeft2",
					"from": [ 0.75, 0.375, 2.085 ],
					"to": [ 1.125, 5.31, 2.46 ],
					"unwrapMode": 3,
					"uv": [ 13.5, 12.5 ],
					"rotationOrigin": [ 0.75, 0.375, 2.025 ],
					"faces": {
						"north": { "texture": "#shouldertexture", "uv": [ 14.5, 13.0, 15.0, 19.5 ], "autoUv": false },
						"east": { "texture": "#shouldertexture", "uv": [ 14.0, 13.0, 14.5, 19.5 ], "autoUv": false },
						"south": { "texture": "#shouldertexture", "uv": [ 13.5, 13.0, 14.0, 19.5 ], "autoUv": false },
						"up": { "texture": "#shouldertexture", "uv": [ 13.5, 12.5, 14.0, 13.0 ], "autoUv": false },
						"down": { "texture": "#shouldertexture", "uv": [ 13.5, 19.5, 14.0, 20.0 ], "rotation": 180, "autoUv": false }
					}
				},
				{
					"name": "LegLeft3",
					"from": [ 1.125, 1.125, 2.085 ],
					"to": [ 1.5, 5.31, 2.46 ],
					"unwrapMode": 3,
					"uv": [ 14.0, 12.5 ],
					"rotationOrigin": [ 1.125, 1.125, 2.025 ],
					"faces": {
						"north": { "texture": "#shouldertexture", "uv": [ 15.0, 13.0, 15.5, 18.5 ], "autoUv": false },
						"east": { "texture": "#shouldertexture", "uv": [ 14.5, 13.0, 15.0, 18.5 ], "autoUv": false },
						"south": { "texture": "#shouldertexture", "uv": [ 14.0, 13.0, 14.5, 18.5 ], "autoUv": false },
						"up": { "texture": "#shouldertexture", "uv": [ 14.0, 12.5, 14.5, 13.0 ], "autoUv": false },
						"down": { "texture": "#shouldertexture", "uv": [ 14.0, 18.5, 14.5, 19.0 ], "rotation": 180, "autoUv": false }
					}
				}
			]
		},
		{
			"name": "ORIGINLegRightW",
			"stepParentName": "UpperFootR",
			"from": [ -0.03, 1.47, -0.03 ],
			"to": [ 0.345, 6.78, 2.43 ],
			"unwrapMode": 4,
			"autoUnwrap": false,
			"uv": [ 6.0, 13.0 ],
			"rotationOrigin": [ -0.03, 1.5, -0.03 ],
			"faces": {
				"north": { "texture": "#shouldertexture", "uv": [ 6.0, 13.5, 6.5, 20.5 ], "autoUv": false },
				"east": { "texture": "#shouldertexture", "uv": [ 6.5, 13.5, 9.5, 20.5 ], "autoUv": false },
				"south": { "texture": "#shouldertexture", "uv": [ 9.5, 13.5, 10.0, 20.5 ], "autoUv": false, "windMode": [-1,-1,-1,-1], "windData": [0,0,1,1] },
				"west": { "texture": "#shouldertexture", "uv": [ 6.5, 13.5, 9.5, 20.5 ], "autoUv": false },
				"up": { "texture": "#shouldertexture", "uv": [ 6.5, 13.0, 9.5, 13.5 ], "rotation": 90, "autoUv": false, "windMode": [-1,-1,-1,-1], "windData": [1,1,1,1] },
				"down": { "texture": "#shouldertexture", "uv": [ 6.5, 20.5, 9.5, 21.0 ], "rotation": 90, "autoUv": false, "windMode": [-1,-1,-1,-1] }
			},
			"children": [
				{
					"name": "LegRight1",
					"from": [ 0.375, 0.0, 0.0 ],
					"to": [ 0.75, 5.31, 0.375 ],
					"unwrapMode": 1,
					"uv": [ 5.0, 12.79 ],
					"rotationOrigin": [ 0.375, 0.0, 0.0 ],
					"faces": {
						"north": { "texture": "#shouldertexture", "uv": [ 5.5, 13.5, 6.0, 20.5 ], "autoUv": false },
						"east": { "texture": "#shouldertexture", "uv": [ 5.0, 13.5, 5.5, 20.5 ], "autoUv": false },
						"up": { "texture": "#shouldertexture", "uv": [ 5.5, 13.0, 6.0, 13.5 ], "rotation": 180, "autoUv": false }
					}
				},
				{
					"name": "LegRight2",
					"from": [ 0.75, 0.375, 0.0 ],
					"to": [ 1.125, 5.31, 0.375 ],
					"unwrapMode": 1,
					"uv": [ 4.5, 12.79 ],
					"rotationOrigin": [ 0.75, 0.375, 0.0 ],
					"faces": {
						"north": { "texture": "#shouldertexture", "uv": [ 5.0, 13.5, 5.5, 20.0 ], "autoUv": false },
						"east": { "texture": "#shouldertexture", "uv": [ 4.5, 13.5, 5.0, 20.0 ], "autoUv": false },
						"up": { "texture": "#shouldertexture", "uv": [ 5.0, 13.0, 5.5, 13.5 ], "rotation": 180, "autoUv": false }
					}
				},
				{
					"name": "LegRight3",
					"from": [ 1.125, 1.125, 0.0 ],
					"to": [ 1.5, 5.31, 0.375 ],
					"unwrapMode": 1,
					"uv": [ 4.0, 12.29 ],
					"rotationOrigin": [ 1.125, 1.125, 0.0 ],
					"faces": {
						"north": { "texture": "#shouldertexture", "uv": [ 4.5, 13.0, 5.0, 18.5 ], "autoUv": false },
						"east": { "texture": "#shouldertexture", "uv": [ 4.0, 13.0, 4.5, 18.5 ], "autoUv": false },
						"up": { "texture": "#shouldertexture", "uv": [ 4.5, 12.5, 5.0, 13.0 ], "rotation": 180, "autoUv": false }
					}
				}
			]
		},
		{
			"name": "LowerTorsoOrigin",
			"stepParentName": "LowerTorso",
			"from": [ 0.0, 0.0, 0.0 ],
			"to": [ 3.75, 3.75, 4.5 ],
			"uv": [ 2.0, 0.0 ],
			"faces": {
			},
			"children": [
				{
					"name": "shouldertextureFrontLower2",
					"from": [ -0.03, -3.03, -0.03 ],
					"to": [ 0.345, 3.03, 4.53 ],
					"unwrapMode": 4,
					"autoUnwrap": false,
					"uv": [ 6.0, 12.0 ],
					"rotationOrigin": [ 3.78, 1.5, 0.075 ],
					"faces": {
						"north": { "texture": "#shouldertexture", "uv": [ 6.0, 12.5, 6.5, 20.5 ], "autoUv": false, "windMode": [-1,-1,-1,-1], "windData": [0,1,1,0] },
						"east": { "texture": "#shouldertexture", "uv": [ 6.5, 12.5, 12.5, 20.5 ], "autoUv": false },
						"south": { "texture": "#shouldertexture", "uv": [ 12.5, 12.5, 13.0, 20.5 ], "autoUv": false },
						"west": { "texture": "#shouldertexture", "uv": [ 6.5, 12.5, 12.5, 20.5 ], "autoUv": false },
						"up": { "texture": "#shouldertexture", "uv": [ 6.5, 12.0, 12.5, 12.5 ], "rotation": 90, "autoUv": false, "windMode": [-1,-1,-1,-1], "windData": [1,1,1,1] },
						"down": { "texture": "#shouldertexture", "uv": [ 6.5, 20.5, 12.5, 21.0 ], "rotation": 90, "autoUv": false, "windMode": [-1,-1,-1,-1] }
					},
					"children": [
						{
							"name": "shouldertextureFrontLowerTop",
							"from": [ 0.0, 6.06, 0.33 ],
							"to": [ 0.375, 6.81, 4.215 ],
							"unwrapMode": 4,
							"autoUnwrap": false,
							"uv": [ 6.5, 8.5 ],
							"rotationOrigin": [ 0.0, 6.06, 0.0 ],
							"faces": {
								"north": { "texture": "#shouldertexture", "uv": [ 7.0, 9.0, 7.5, 10.0 ], "autoUv": false },
								"east": { "texture": "#shouldertexture", "uv": [ 7.0, 9.0, 12.0, 10.0 ], "autoUv": false },
								"south": { "texture": "#shouldertexture", "uv": [ 11.5, 9.0, 12.0, 10.0 ], "autoUv": false },
								"west": { "texture": "#shouldertexture", "uv": [ 7.0, 9.0, 12.0, 10.0 ], "autoUv": false },
								"up": { "texture": "#shouldertexture", "uv": [ 7.0, 8.5, 12.0, 9.0 ], "rotation": 90, "autoUv": false },
								"down": { "texture": "#shouldertexture", "uv": [ 7.0, 9.5, 12.0, 10.0 ], "rotation": 90, "autoUv": false }
							}
						},
						{
							"name": "shouldertextureFrontLowerLfiller",
							"from": [ 0.375, 4.11, 4.155 ],
							"to": [ 0.75, 5.31, 4.56 ],
							"unwrapMode": 3,
							"uv": [ 12.5, 14.5 ],
							"rotationOrigin": [ 4.125, 2.55, 4.275 ],
							"faces": {
								"east": { "texture": "#shouldertexture", "uv": [ 13.0, 14.5, 13.5, 16.0 ], "autoUv": false },
								"south": { "texture": "#shouldertexture", "uv": [ 12.5, 14.5, 13.0, 16.0 ], "autoUv": false }
							}
						},
						{
							"name": "shouldertextureFrontLowerRfiller",
							"from": [ 0.375, 4.11, 0.0 ],
							"to": [ 0.75, 5.31, 0.405 ],
							"unwrapMode": 1,
							"uv": [ 12.5, 14.5 ],
							"rotationOrigin": [ 4.125, 2.55, 0.9 ],
							"faces": {
								"north": { "texture": "#shouldertexture", "uv": [ 13.0, 15.0, 13.5, 16.5 ], "autoUv": false },
								"east": { "texture": "#shouldertexture", "uv": [ 12.5, 15.0, 13.0, 16.5 ], "autoUv": false },
								"south": { "texture": "#shouldertexture", "uv": [ 14.0, 15.0, 14.5, 16.5 ], "autoUv": false },
								"west": { "texture": "#shouldertexture", "uv": [ 13.5, 15.0, 14.0, 16.5 ], "autoUv": false },
								"up": { "texture": "#shouldertexture", "uv": [ 13.0, 14.5, 13.5, 15.0 ], "rotation": 180, "autoUv": false },
								"down": { "texture": "#shouldertexture", "uv": [ 13.0, 16.5, 13.5, 17.0 ], "autoUv": false }
							}
						},
						{
							"name": "String1",
							"from": [ -0.0075, 3.405, 1.5 ],
							"to": [ 0.0675, 6.06, 1.905 ],
							"unwrapMode": 4,
							"uv": [ 0.5, 18.5 ],
							"rotationOrigin": [ -0.075, 3.375, 1.5 ],
							"faces": {
								"north": { "texture": "#shouldertexture", "uv": [ 0.5, 19.0, 1.0, 22.5 ], "autoUv": false, "windMode": [-1,-1,-1,-1], "windData": [0,1,1,0] },
								"south": { "texture": "#shouldertexture", "uv": [ 1.5, 19.0, 2.0, 22.5 ], "autoUv": false },
								"west": { "texture": "#shouldertexture", "uv": [ 1.0, 19.0, 1.5, 22.5 ], "autoUv": false },
								"up": { "texture": "#shouldertexture", "uv": [ 1.0, 18.5, 1.5, 19.0 ], "rotation": 90, "autoUv": false },
								"down": { "texture": "#shouldertexture", "uv": [ 1.0, 22.5, 1.5, 23.0 ], "rotation": 90, "autoUv": false }
							}
						},
						{
							"name": "String2",
							"from": [ -0.0075, 4.155, 0.75 ],
							"to": [ 0.0675, 6.06, 1.155 ],
							"unwrapMode": 4,
							"uv": [ 0.5, 19.0 ],
							"rotationOrigin": [ -0.075, 4.125, 0.75 ],
							"faces": {
								"north": { "texture": "#shouldertexture", "uv": [ 0.5, 19.5, 1.0, 22.0 ], "autoUv": false },
								"south": { "texture": "#shouldertexture", "uv": [ 1.5, 19.5, 2.0, 22.0 ], "autoUv": false },
								"west": { "texture": "#shouldertexture", "uv": [ 1.0, 19.5, 1.5, 22.0 ], "autoUv": false },
								"up": { "texture": "#shouldertexture", "uv": [ 1.0, 19.0, 1.5, 19.5 ], "rotation": 90, "autoUv": false },
								"down": { "texture": "#shouldertexture", "uv": [ 1.0, 22.0, 1.5, 22.5 ], "rotation": 90, "autoUv": false }
							}
						}
					]
				},
				{
					"name": "BeltN",
					"from": [ 0.345, 2.28, -0.03 ],
					"to": [ 3.78, 3.03, 0.345 ],
					"unwrapMode": 1,
					"unwrapRotation": 1,
					"autoUnwrap": false,
					"uv": [ 0.5, 2.0 ],
					"rotationOrigin": [ 0.3, 2.28, 0.0 ],
					"faces": {
						"north": { "texture": "#shouldertexture", "uv": [ 1.0, 2.5, 2.0, 7.0 ], "rotation": 90, "autoUv": false },
						"east": { "texture": "#shouldertexture", "uv": [ 1.0, 7.0, 2.0, 7.5 ], "rotation": 90, "autoUv": false },
						"south": { "texture": "#shouldertexture", "uv": [ 1.0, 2.5, 2.0, 7.0 ], "rotation": 270, "autoUv": false },
						"west": { "texture": "#shouldertexture", "uv": [ 1.0, 2.0, 2.0, 2.5 ], "rotation": 90, "autoUv": false },
						"up": { "texture": "#shouldertexture", "uv": [ 0.5, 2.5, 1.0, 7.0 ], "rotation": 270, "autoUv": false },
						"down": { "texture": "#shouldertexture", "uv": [ 2.0, 2.5, 2.5, 7.0 ], "rotation": 90, "autoUv": false }
					}
				},
				{
					"name": "BeltS",
					"from": [ 0.345, 2.28, 4.155 ],
					"to": [ 3.78, 3.03, 4.53 ],
					"unwrapMode": 1,
					"unwrapRotation": 1,
					"autoUnwrap": false,
					"uv": [ 0.5, 12.5 ],
					"rotationOrigin": [ 0.3, 2.28, 4.2 ],
					"faces": {
						"north": { "texture": "#shouldertexture", "uv": [ 1.0, 13.0, 2.0, 17.5 ], "rotation": 90, "autoUv": false, "windMode": [-1,-1,-1,-1], "windData": [1,1,1,1] },
						"east": { "texture": "#shouldertexture", "uv": [ 1.0, 17.5, 2.0, 18.0 ], "rotation": 90, "autoUv": false },
						"south": { "texture": "#shouldertexture", "uv": [ 1.0, 13.0, 2.0, 17.5 ], "rotation": 90, "autoUv": false },
						"west": { "texture": "#shouldertexture", "uv": [ 1.0, 12.5, 2.0, 13.0 ], "rotation": 90, "autoUv": false },
						"up": { "texture": "#shouldertexture", "uv": [ 0.5, 13.0, 1.0, 17.5 ], "rotation": 270, "autoUv": false },
						"down": { "texture": "#shouldertexture", "uv": [ 2.0, 13.0, 2.5, 17.5 ], "rotation": 90, "autoUv": false }
					}
				},
				{
					"name": "BeltE",
					"from": [ 3.345, 2.28, 0.345 ],
					"to": [ 3.78, 3.03, 4.155 ],
					"unwrapMode": 2,
					"unwrapRotation": 1,
					"autoUnwrap": false,
					"uv": [ 0.5, 7.0 ],
					"rotationOrigin": [ 3.3, 2.28, 0.375 ],
					"faces": {
						"north": { "texture": "#shouldertexture", "uv": [ 1.0, 7.0, 2.0, 7.5 ], "rotation": 90, "autoUv": false },
						"east": { "texture": "#shouldertexture", "uv": [ 1.0, 7.5, 2.0, 12.5 ], "rotation": 90, "autoUv": false },
						"south": { "texture": "#shouldertexture", "uv": [ 1.0, 12.5, 2.0, 13.0 ], "rotation": 90, "autoUv": false },
						"west": { "texture": "#shouldertexture", "uv": [ 1.0, 7.5, 2.0, 12.5 ], "rotation": 270, "autoUv": false },
						"up": { "texture": "#shouldertexture", "uv": [ 0.5, 7.5, 1.0, 12.5 ], "autoUv": false, "windMode": [-1,-1,-1,-1], "windData": [1,1,1,1] },
						"down": { "texture": "#shouldertexture", "uv": [ 2.0, 7.5, 2.5, 12.5 ], "autoUv": false }
					},
					"children": [
						{
							"name": "SuspenderStubN",
							"from": [ 0.06, 0.75, -0.045 ],
							"to": [ 0.435, 1.5, 0.705 ],
							"unwrapMode": 4,
							"autoUnwrap": false,
							"uv": [ 6.5, 2.0 ],
							"rotationOrigin": [ 0.0, 0.75, -0.075 ],
							"faces": {
								"north": { "texture": "#shouldertexture", "uv": [ 6.5, 2.5, 7.0, 3.5 ], "autoUv": false },
								"east": { "texture": "#shouldertexture", "uv": [ 7.0, 2.5, 8.0, 3.5 ], "autoUv": false },
								"south": { "texture": "#shouldertexture", "uv": [ 8.0, 2.5, 8.5, 3.5 ], "autoUv": false },
								"west": { "texture": "#shouldertexture", "uv": [ 7.0, 2.5, 8.0, 3.5 ], "autoUv": false },
								"up": { "texture": "#shouldertexture", "uv": [ 7.0, 2.0, 8.0, 2.5 ], "rotation": 90, "autoUv": false },
								"down": { "texture": "#shouldertexture", "uv": [ 7.0, 3.5, 8.0, 4.0 ], "rotation": 90, "autoUv": false }
							}
						},
						{
							"name": "SuspenderStubS",
							"from": [ 0.06, 0.75, 3.105 ],
							"to": [ 0.435, 1.5, 3.855 ],
							"unwrapMode": 4,
							"autoUnwrap": false,
							"uv": [ 10.5, 2.0 ],
							"rotationOrigin": [ 0.0, 0.75, 3.075 ],
							"faces": {
								"north": { "texture": "#shouldertexture", "uv": [ 10.5, 2.5, 11.0, 3.5 ], "autoUv": false },
								"east": { "texture": "#shouldertexture", "uv": [ 11.0, 2.5, 12.0, 3.5 ], "autoUv": false },
								"south": { "texture": "#shouldertexture", "uv": [ 12.0, 2.5, 12.5, 3.5 ], "autoUv": false },
								"west": { "texture": "#shouldertexture", "uv": [ 11.0, 2.5, 12.0, 3.5 ], "autoUv": false },
								"up": { "texture": "#shouldertexture", "uv": [ 11.0, 2.0, 12.0, 2.5 ], "rotation": 90, "autoUv": false },
								"down": { "texture": "#shouldertexture", "uv": [ 11.0, 3.5, 12.0, 4.0 ], "rotation": 90, "autoUv": false }
							}
						}
					]
				},
				{
					"name": "shouldertextureFrontTile",
					"from": [ -0.03, -3.09, -0.03 ],
					"to": [ 0.78, -0.03, 4.53 ],
					"unwrapMode": 4,
					"uv": [ 5.5, 16.5 ],
					"rotationOrigin": [ -0.03, -0.03, 2.22 ],
					"rotationZ": -3.5,
					"faces": {
						"north": { "texture": "#shouldertexture", "uv": [ 5.5, 16.5, 6.5, 20.5 ], "autoUv": false, "windMode": [-1,-1,-1,-1] },
						"south": { "texture": "#shouldertexture", "uv": [ 12.5, 16.5, 13.5, 20.5 ], "autoUv": false, "windMode": [-1,-1,-1,-1] },
						"west": { "texture": "#shouldertexture", "uv": [ 6.5, 16.5, 12.5, 20.5 ], "autoUv": false, "windMode": [-1,-1,-1,-1] }
					}
				}
			]
		},
		{
			"name": "UpperTorsoOrigin",
			"stepParentName": "UpperTorso",
			"from": [ 0.0, 0.0, 0.0 ],
			"to": [ 3.75, 3.75, 4.65 ],
			"uv": [ 999.0, 999.0 ],
			"faces": {
			},
			"children": [
				{
					"name": "RightofNeck",
					"from": [ -0.03, 3.42, 0.375 ],
					"to": [ 3.78, 3.795, 1.125 ],
					"unwrapMode": 5,
					"unwrapRotation": 1,
					"autoUnwrap": false,
					"uv": [ 6.5, 1.0 ],
					"rotationOrigin": [ 0.0, 3.375, 0.375 ],
					"faces": {
						"north": { "texture": "#shouldertexture", "uv": [ 6.5, 1.5, 7.0, 6.5 ], "rotation": 270, "autoUv": false },
						"east": { "texture": "#shouldertexture", "uv": [ 7.0, 1.0, 8.0, 1.5 ], "rotation": 180, "autoUv": false },
						"south": { "texture": "#shouldertexture", "uv": [ 8.0, 1.5, 8.5, 6.5 ], "rotation": 90, "autoUv": false },
						"west": { "texture": "#shouldertexture", "uv": [ 7.0, 6.5, 8.0, 7.0 ], "autoUv": false },
						"up": { "texture": "#shouldertexture", "uv": [ 7.0, 1.5, 8.0, 6.5 ], "rotation": 90, "autoUv": false },
						"down": { "texture": "#shouldertexture", "uv": [ 7.0, 1.5, 8.0, 6.5 ], "rotation": 270, "autoUv": false }
					},
					"children": [
						{
							"name": "ChestRight",
							"from": [ 0.0, -1.2, 0.0 ],
							"to": [ 0.375, 0.0, 0.75 ],
							"unwrapMode": 4,
							"autoUnwrap": false,
							"uv": [ 6.5, 3.0 ],
							"rotationOrigin": [ 0.03, -1.2, 0.03 ],
							"faces": {
								"north": { "texture": "#shouldertexture", "uv": [ 6.5, 3.5, 7.0, 5.0 ], "autoUv": false },
								"east": { "texture": "#shouldertexture", "uv": [ 7.0, 3.5, 8.0, 5.0 ], "autoUv": false },
								"south": { "texture": "#shouldertexture", "uv": [ 8.0, 3.5, 8.5, 5.0 ], "autoUv": false },
								"west": { "texture": "#shouldertexture", "uv": [ 7.0, 3.5, 8.0, 5.0 ], "autoUv": false },
								"down": { "texture": "#shouldertexture", "uv": [ 7.0, 8.0, 8.0, 8.5 ], "rotation": 90, "autoUv": false }
							}
						},
						{
							"name": "BackUpperStrapR",
							"from": [ 3.435, -3.45, 0.0 ],
							"to": [ 3.81, 0.0, 0.75 ],
							"unwrapMode": 4,
							"autoUnwrap": false,
							"uv": [ 6.5, 3.0 ],
							"rotationOrigin": [ 3.405, -3.45, 0.03 ],
							"faces": {
								"north": { "texture": "#shouldertexture", "uv": [ 6.5, 3.5, 7.0, 8.0 ], "autoUv": false },
								"east": { "texture": "#shouldertexture", "uv": [ 7.0, 3.5, 8.0, 8.0 ], "autoUv": false },
								"south": { "texture": "#shouldertexture", "uv": [ 8.0, 3.5, 8.5, 8.0 ], "autoUv": false },
								"west": { "texture": "#shouldertexture", "uv": [ 7.0, 3.5, 8.0, 8.0 ], "autoUv": false },
								"down": { "texture": "#shouldertexture", "uv": [ 7.0, 8.0, 8.0, 8.5 ], "rotation": 90, "autoUv": false }
							}
						},
						{
							"name": "Breasts1",
							"from": [ -1.05, -1.92, 0.0 ],
							"to": [ 0.45, 0.33, 0.75 ],
							"unwrapMode": 1,
							"autoUnwrap": false,
							"uv": [ 4.5, 4.0 ],
							"rotationOrigin": [ -0.72, -1.92, -0.375 ],
							"rotationZ": -25.0,
							"faces": {
								"north": { "texture": "#shouldertexture", "uv": [ 6.5, 5.0, 8.5, 8.0 ], "autoUv": false },
								"east": { "texture": "#shouldertexture", "uv": [ 6.5, 5.0, 7.5, 8.0 ], "autoUv": false },
								"south": { "texture": "#shouldertexture", "uv": [ 6.5, 5.0, 8.5, 8.0 ], "autoUv": false },
								"west": { "texture": "#shouldertexture", "uv": [ 7.5, 5.0, 8.5, 8.0 ], "autoUv": false },
								"up": { "texture": "#shouldertexture", "uv": [ 6.5, 4.0, 8.5, 5.0 ], "rotation": 180, "autoUv": false },
								"down": { "texture": "#shouldertexture", "uv": [ 6.5, 8.0, 8.5, 9.0 ], "autoUv": false }
							}
						}
					]
				},
				{
					"name": "LeftofNeck",
					"from": [ -0.03, 3.42, 3.525 ],
					"to": [ 3.78, 3.795, 4.275 ],
					"unwrapMode": 5,
					"unwrapRotation": 1,
					"autoUnwrap": false,
					"uv": [ 10.5, 1.0 ],
					"rotationOrigin": [ 0.0, 3.42, 3.525 ],
					"faces": {
						"north": { "texture": "#shouldertexture", "uv": [ 10.5, 1.5, 11.0, 6.5 ], "rotation": 270, "autoUv": false },
						"east": { "texture": "#shouldertexture", "uv": [ 11.0, 1.0, 12.0, 1.5 ], "rotation": 180, "autoUv": false },
						"south": { "texture": "#shouldertexture", "uv": [ 12.0, 1.5, 12.5, 6.5 ], "rotation": 90, "autoUv": false },
						"west": { "texture": "#shouldertexture", "uv": [ 11.0, 6.5, 12.0, 7.0 ], "autoUv": false },
						"up": { "texture": "#shouldertexture", "uv": [ 11.0, 1.5, 12.0, 6.5 ], "rotation": 90, "autoUv": false },
						"down": { "texture": "#shouldertexture", "uv": [ 11.0, 1.5, 12.0, 6.5 ], "rotation": 270, "autoUv": false }
					},
					"children": [
						{
							"name": "ChestLeft",
							"from": [ 0.0, -1.2, 0.0 ],
							"to": [ 0.375, 0.0, 0.75 ],
							"unwrapMode": 4,
							"autoUnwrap": false,
							"uv": [ 10.5, 3.0 ],
							"rotationOrigin": [ 0.03, -1.2, -0.03 ],
							"faces": {
								"north": { "texture": "#shouldertexture", "uv": [ 10.5, 3.5, 11.0, 5.0 ], "autoUv": false },
								"east": { "texture": "#shouldertexture", "uv": [ 11.0, 3.5, 12.0, 5.0 ], "autoUv": false },
								"south": { "texture": "#shouldertexture", "uv": [ 12.0, 3.5, 12.5, 5.0 ], "autoUv": false, "windMode": [-1,-1,-1,-1], "windData": [1,1,1,1] },
								"west": { "texture": "#shouldertexture", "uv": [ 11.0, 3.5, 12.0, 5.0 ], "autoUv": false },
								"down": { "texture": "#shouldertexture", "uv": [ 11.0, 8.0, 12.0, 8.5 ], "rotation": 90, "autoUv": false }
							}
						},
						{
							"name": "BackUpperStrapL",
							"from": [ 3.435, -3.45, 0.0 ],
							"to": [ 3.81, 0.0, 0.75 ],
							"unwrapMode": 4,
							"autoUnwrap": false,
							"uv": [ 10.5, 3.0 ],
							"rotationOrigin": [ 3.405, -3.45, -0.03 ],
							"faces": {
								"north": { "texture": "#shouldertexture", "uv": [ 10.5, 3.5, 11.0, 8.0 ], "autoUv": false },
								"east": { "texture": "#shouldertexture", "uv": [ 11.0, 3.5, 12.0, 8.0 ], "autoUv": false },
								"south": { "texture": "#shouldertexture", "uv": [ 12.0, 3.5, 12.5, 8.0 ], "autoUv": false },
								"west": { "texture": "#shouldertexture", "uv": [ 11.0, 3.5, 12.0, 8.0 ], "autoUv": false },
								"down": { "texture": "#shouldertexture", "uv": [ 11.0, 8.0, 12.0, 8.5 ], "rotation": 90, "autoUv": false }
							}
						},
						{
							"name": "Breasts2",
							"from": [ -1.05, -1.92, 0.0 ],
							"to": [ 0.45, 0.33, 0.75 ],
							"unwrapMode": 1,
							"autoUnwrap": false,
							"uv": [ 4.5, 4.0 ],
							"rotationOrigin": [ -0.72, -1.92, -0.525 ],
							"rotationZ": -25.0,
							"faces": {
								"north": { "texture": "#shouldertexture", "uv": [ 6.5, 5.0, 8.5, 8.0 ], "autoUv": false },
								"east": { "texture": "#shouldertexture", "uv": [ 6.5, 5.0, 7.5, 8.0 ], "autoUv": false },
								"south": { "texture": "#shouldertexture", "uv": [ 6.5, 5.0, 8.5, 8.0 ], "autoUv": false },
								"west": { "texture": "#shouldertexture", "uv": [ 7.5, 5.0, 8.5, 8.0 ], "autoUv": false },
								"up": { "texture": "#shouldertexture", "uv": [ 6.5, 4.0, 8.5, 5.0 ], "rotation": 180, "autoUv": false },
								"down": { "texture": "#shouldertexture", "uv": [ 6.5, 8.0, 8.5, 9.0 ], "autoUv": false }
							}
						}
					]
				},
				{
					"name": "shouldertextureFrontUpper",
					"from": [ -0.03, -0.03, 0.375 ],
					"to": [ 0.345, 2.22, 4.275 ],
					"unwrapMode": 4,
					"autoUnwrap": false,
					"uv": [ 6.5, 7.5 ],
					"rotationOrigin": [ 0.0, -0.33, 0.405 ],
					"faces": {
						"north": { "texture": "#shouldertexture", "uv": [ 7.0, 8.0, 7.5, 11.0 ], "autoUv": false, "windMode": [-1,-1,-1,-1], "windData": [1,1,1,1] },
						"east": { "texture": "#shouldertexture", "uv": [ 7.0, 17.5, 12.0, 20.5 ], "autoUv": false },
						"south": { "texture": "#shouldertexture", "uv": [ 11.5, 8.0, 12.0, 11.0 ], "autoUv": false },
						"west": { "texture": "#shouldertexture", "uv": [ 7.0, 8.0, 12.0, 11.0 ], "autoUv": false },
						"up": { "texture": "#shouldertexture", "uv": [ 7.0, 7.5, 12.0, 8.0 ], "rotation": 90, "autoUv": false, "windMode": [-1,-1,-1,-1], "windData": [1,1,1,1] },
						"down": { "texture": "#shouldertexture", "uv": [ 7.0, 11.0, 12.0, 11.5 ], "rotation": 90, "autoUv": false }
					}
				},
				{
					"name": "Breasts3",
					"from": [ -0.975, 1.875, 0.75 ],
					"to": [ 0.525, 3.0, 3.93 ],
					"unwrapMode": 1,
					"autoUnwrap": false,
					"uv": [ 1.5, 4.0 ],
					"rotationOrigin": [ -1.5, 1.5, 0.75 ],
					"rotationZ": -25.0,
					"faces": {
						"north": { "texture": "#shouldertexture", "uv": [ 5.5, 8.0, 7.5, 9.5 ], "autoUv": false },
						"east": { "texture": "#shouldertexture", "uv": [ 1.5, 8.0, 5.5, 9.5 ], "autoUv": false },
						"south": { "texture": "#shouldertexture", "uv": [ 11.5, 8.0, 13.5, 9.5 ], "autoUv": false },
						"west": { "texture": "#shouldertexture", "uv": [ 7.5, 8.0, 11.5, 9.5 ], "autoUv": false },
						"up": { "texture": "#shouldertexture", "uv": [ 3.0, 4.0, 5.0, 8.0 ], "rotation": 180, "autoUv": false, "windMode": [-1,-1,-1,-1], "windData": [1,1,1,1] },
						"down": { "texture": "#shouldertexture", "uv": [ 7.5, 9.5, 11.5, 11.5 ], "rotation": 90, "autoUv": false, "windMode": [-1,-1,-1,-1], "windData": [1,1,1,1] }
					}
				}
			]
		},
		{
			"name": "UpperArmLOrigin",
			"stepParentName": "UpperArmL",
			"from": [ -0.03, 4.875, -0.03 ],
			"to": [ 2.28, 5.28, 0.27 ],
			"unwrapMode": 5,
			"unwrapRotation": 1,
			"uv": [ 10.5, 1.0 ],
			"rotationOrigin": [ -0.015, 4.86, -0.015 ],
			"faces": {
				"north": { "texture": "#shouldertexture", "uv": [ 10.5, 1.5, 11.0, 4.5 ], "rotation": 270, "autoUv": false },
				"east": { "texture": "#shouldertexture", "uv": [ 11.0, 1.0, 11.5, 1.5 ], "rotation": 180, "autoUv": false },
				"south": { "texture": "#shouldertexture", "uv": [ 11.5, 1.5, 12.0, 4.5 ], "rotation": 90, "autoUv": false },
				"west": { "texture": "#shouldertexture", "uv": [ 11.0, 4.5, 11.5, 5.0 ], "autoUv": false },
				"up": { "texture": "#shouldertexture", "uv": [ 11.0, 1.5, 11.5, 4.5 ], "rotation": 90, "autoUv": false },
				"down": { "texture": "#shouldertexture", "uv": [ 12.0, 1.5, 12.5, 4.5 ], "rotation": 270, "autoUv": false }
			}
		},
		{
			"name": "UpperArmROrigin",
			"stepParentName": "UpperArmR",
			"from": [ -0.03, 4.875, 1.2375 ],
			"to": [ 2.28, 5.28, 1.6125 ],
			"unwrapMode": 5,
			"unwrapRotation": 1,
			"uv": [ 6.5, 3.5 ],
			"rotationOrigin": [ -0.015, 4.86, 1.185 ],
			"faces": {
				"north": { "texture": "#shouldertexture", "uv": [ 6.5, 4.0, 7.0, 7.0 ], "rotation": 270, "autoUv": false },
				"east": { "texture": "#shouldertexture", "uv": [ 7.0, 3.5, 7.5, 4.0 ], "rotation": 180, "autoUv": false },
				"south": { "texture": "#shouldertexture", "uv": [ 7.5, 4.0, 8.0, 7.0 ], "rotation": 90, "autoUv": false },
				"west": { "texture": "#shouldertexture", "uv": [ 7.0, 7.0, 7.5, 7.5 ], "autoUv": false },
				"up": { "texture": "#shouldertexture", "uv": [ 7.0, 4.0, 7.5, 7.0 ], "rotation": 90, "autoUv": false },
				"down": { "texture": "#shouldertexture", "uv": [ 8.0, 4.0, 8.5, 7.0 ], "rotation": 270, "autoUv": false }
			}
		}
	],
	"animations": [
		{
			"name": "SneakWalk",
			"code": "sneakwalk",
			"quantityframes": 40,
			"onActivityStopped": "Rewind",
			"onAnimationEnd": "Repeat",
			"keyframes": [
				{
					"frame": 0,
					"elements": {
						"shouldertextureFrontTile": { "rotationX": 0.0, "rotationY": 0.0, "rotationZ": -32.0 }
					}
				},
				{
					"frame": 20,
					"elements": {
						"shouldertextureFrontTile": { "rotationX": 0.0, "rotationY": 0.0, "rotationZ": -27.0 }
					}
				}
			]
		},

		{
			"name": "SneakIdle",
			"code": "sneakidle",
			"quantityframes": 35,
			"onActivityStopped": "Rewind",
			"onAnimationEnd": "Repeat",
			"keyframes": [
				{
					"frame": 0,
					"elements": {
						"shouldertextureFrontTile": { "rotationX": 0.1, "rotationY": 0.0, "rotationZ": -24.0 }
					}
				}
			]
		}
	]
}