﻿{
    "code": "cannadiyannecklace",
    "class": "CANItemNadiyanNecklace",
    "storageFlags": 128,

    "attributes": {
        "handbook": {
            "groupBy": [ "cannadiyannecklace-*" ]
        },
        "clothescategory": "neck",
        "rackable": true,
        "wearableAttachment": true,
        "groundStorageTransformByType": {
            "*": {
                "translation": {
                    "x": -0.42,
                    "y": -0.45,
                    "z": -0.045
                },
                "rotation": {
                    "x": 21,
                    "y": 179,
                    "z": -90
                },
                "scale": 1
            }
        },
        "variantGroups": {
            "leather": [ "blue", "green", "pink", "plain", "red", "yellow", "white", "black", "gray", "orange", "purple" ],
            "metal": [ "tinbronze", "bismuthbronze", "blackbronze", "gold", "silver", "iron", "meteoriciron", "steel", "copper" ],
        },
        "allowedVariants": [
            {
                "construction": "leather",
                "leather": "*"
            },
            {
                "construction": "metal",
                "metal": "*"
            }
        ]
    },
    "variantgroups": [
        {
            "code": "construction",
            "states": [ "leather", "metal" ]
        }
    ],

    "texturesByType": {
        "*": {
            "seraph": { "base": "game:block/transparent" }
        }
    },
    "shapeByType": {
        "*-leather": { "base": "canjewelry:item/cannadiyannecklace" },
        "*-metal": { "base": "canjewelry:item/cannadiyanmetalnecklace" }
    },
    "fpHandTransform": {
        "translation": {
            "x": 0,
            "y": 0.3,
            "z": 0.3
        },
        "rotation": {
            "x": 65,
            "y": -81,
            "z": 67
        },
        "origin": {
            "x": 0.1,
            "y": -0.9,
            "z": 0.5
        },
        "scale": 1.00
    },
    "tpHandTransformByType": {
        "*-leather": {
            "translation": {
                "x": 0.3,
                "y": 0.36,
                "z": 0.36
            },
            "rotation": {
                "x": 16,
                "y": -141,
                "z": -10
            },
            "origin": {
                "x": -1.4,
                "y": -1.7,
                "z": 0.1
            },
            "scale": 0.72

        },
        "*-metal": {
            "translation": {
                "x": 0.3,
                "y": 0.36,
                "z": 0.36
            },
            "rotation": {
                "x": 19,
                "y": -127,
                "z": -23
            },
            "origin": {
                "x": -1.2,
                "y": -1.8,
                "z": 0.6
            },
            "scale": 0.84          
        }
    },
    "guiTransformByType": {
        "*-leather": {
            "translation": {
                "x": -5,
                "y": -8.8,
                "z": 1
            },
            "rotation": {
                "x": 115,
                "y": -95,
                "z": -54
            },
            "origin": {
                "x": 0.3,
                "y": 0.28,
                "z": 0.25
            },
            "scale": 4.77
        },
        "*-metal": {
            "rotation": {
                "x": 49,
                "y": -105,
                "z": -113
            },
            "origin": {
                "x": -0.1,
                "y": 0.3,
                "z": 0.2
            },
            "scale": 4.54          
        }
    },
    "groundTransform": {
        "translation": {
            "x": 0,
            "y": -0.05,
            "z": 0
        },
        "rotation": {
            "x": 0,
            "y": 0,
            "z": -78
        },
        "origin": {
            "x": 0.09,
            "y": 0.2,
            "z": 0.5
        },
        "scale": 6
    }

}