﻿{
    "code": "cannosering",
    "class": "CANItemNoseRing",
    "storageFlags": 128,

    "attributes": {
        "handbook": {
            "groupBy": [ "cannosering-*" ]
        },
        "clothescategory": "nose",
        "rackable": true,
        "wearableAttachment": true,
        "groundStorageTransformByType": {
            "*": {
                "translation": {
                    "x": -0.42,
                    "y": -0.45,
                    "z": -0.045
                },
                "rotation": {
                    "x": 21,
                    "y": 179,
                    "z": -90
                },
                "scale": 1
            }
        },
        "variantGroups": {
            "metal": [ "tinbronze", "bismuthbronze", "blackbronze", "gold", "silver", "iron", "meteoriciron", "steel" ]
        },
        "allowedVariants": [
            {
                "construction": "normal",
                "metal": "*"
            }
        ]
    },
    "variantgroups": [
        {
            "code": "construction",
            "states": [ "normal" ]
        }
    ],

    "texturesByType": {
        "*": {
            "seraph": { "base": "game:block/transparent" }
        }
    },
    "shapeByType": {
        "normal-neck": { "base": "canjewelry:item/cannosering" },
        "*": { "base": "canjewelry:item/cannosering" }
    },
    "fpHandTransform": {
        "translation": {
            "x": 0,
            "y": 0.3,
            "z": 0.3
        },
        "rotation": {
            "x": 65,
            "y": -81,
            "z": 67
        },
        "origin": {
            "x": 0.1,
            "y": -0.9,
            "z": 0.5
        },
        "scale": 1.00
    },
    "tpHandTransform": {
        "translation": {
            "x": -1.1,
            "y": -0.75,
            "z": -1.24
        },
        "rotation": {
            "x": 30,
            "y": -68,
            "z": -36
        },
        "origin": {
            "x": 0.5,
            "y": 1.4,
            "z": 0.5
        },
        "scale": 0.72
    },
    "guiTransform": {
        "translation": {
            "x": -5,
            "y": -8.8,
            "z": 1
        },
        "rotation": {
            "x": 115,
            "y": -95,
            "z": -54
        },
        "origin": {
            "x": 0.3,
            "y": 0.1,
            "z": 0.2
        },
        "scale": 6
    },
    "groundTransform": {
        "translation": {
            "x": 0,
            "y": -0.05,
            "z": 0
        },
        "rotation": {
            "x": 0,
            "y": 0,
            "z": -78
        },
        "origin": {
            "x": 0.09,
            "y": 0.2,
            "z": 0.5
        },
        "scale": 6
    }

}