{
	"code": "cangemchisel",
	"class": "CANItemGemChisel",
	"attributes": {
		"heldItemPitchFollow": 1,
		"alwaysPlayHeldReady": true,
		"handbook": {
			"groupBy": [ "cangemchisel-*" ]
		},
		"toolrackTransform": {
			"translation": {
				"x": 0,
				"y": 0.61,
				"z": 0
			},
			"rotation": {
				"x": 5,
				"y": 180,
				"z": -1
			},
			"scale": 1.25
		},
		"groundStorageTransform": {
			"translation": {
				"x": 0,
				"y": -0.06,
				"z": 0.015
			},
			"rotation": {
				"x": 26,
				"y": 88,
				"z": -87
			},
			"scale": 0.88
		}
	},
	"behaviors": [
		{
			"name": "GroundStorable",
			"properties": {
				"layout": "WallHalves",
				"wallOffY": 1,
				"sprintKey": true,
				"selectionBox": {
					"x1": 0,
					"y1": 0,
					"z1": 0,
					"x2": 1,
					"y2": 0.1,
					"z2": 1
				},
				"collisionBox": {
					"x1": 0,
					"y1": 0,
					"z1": 0,
					"x2": 0,
					"y2": 0,
					"z2": 0
				}
			}
		}
	],
	"variantgroups": [
		{
			"code": "material",
			"states": [ "copper", "tinbronze", "bismuthbronze", "blackbronze", "iron", "meteoriciron", "steel" ]
		}
	],
	"shape": { "base": "canjewelry:item/cangemchisel" },
	"tool": "Chisel",
	"heldRightReadyAnimation": "chiselready",
	"heldTpHitAnimation": "chiselhit",
	"heldTpUseAnimation": "chiselhit",
	"creativeinventory": {
		"general": [ "*" ],
		"items": [ "*" ],
		"tools": [ "*" ],
		"canjewelry": [ "*" ]
	},
	"textures": {
		"metal": { "base": "game:block/metal/ingot/{material}" }
	},
	"guiTransform": {
		"translation": {
			"x": 0,
			"y": 0,
			"z": 0
		},
		"rotation": {
			"x": 9,
			"y": 137,
			"z": -53
		},
		"origin": {
			"x": 0.44,
			"y": 0,
			"z": 0.38
		},
		"scale": 2.92
	},
	"fpHandTransform": {
		"translation": {
			"x": -0.1,
			"y": 0.2,
			"z": 0
		},
		"rotation": {
			"x": 90,
			"y": 99,
			"z": -42
		},
		"origin": {
			"x": 0.5,
			"y": 0,
			"z": 0.5
		},
		"scale": 2.15
	},
	"groundTransform": {
		"translation": {
			"x": 0,
			"y": 0,
			"z": 0
		},
		"rotation": {
			"x": 0,
			"y": 0,
			"z": 0
		},
		"origin": {
			"x": 0.5,
			"y": 0,
			"z": 0.5
		},
		"scale": 4.31
	},
	"tpHandTransform": {
		"translation": {
			"x": -0.5599,
			"y": 0.04,
			"z": -0.65
		},
		"rotation": {
			"x": -3,
			"y": 0,
			"z": -170
		},
		"origin": {
			"x": 0.5,
			"y": 0,
			"z": 0.5
		},
		"scale": 0.76
	},
	"durabilitybytype": {
		"cangemchisel-copper": 600,
		"cangemchisel-tinbronze": 1000,
		"cangemchisel-bismuthbronze": 1200,
		"cangemchisel-blackbronze": 1400,
		"cangemchisel-iron": 2000,
		"cangemchisel-meteoriciron": 2800,
		"cangemchisel-steel": 6000
	}
}