[
	{
		ingredientPattern: "_BF,CDC,EGE",
		recipeGroup: 1,
		ingredients: {
			"B": { type: "item", code: "game:armor-legs-plate-steel"
			},
			"C": { type: "item", code: "game:metalplate-steel", quantity: 2
			},
			"D": { type: "item", code: "fa-templar-schematic"
			},
			"E": { type: "item", code: "game:metalnailsandstrips-steel", quantity: 2
			},
			"G": { type: "item", code: "game:hammer-*", isTool: true, toolDurabilityCost: 100
			},
			"F": { type: "item", code: "game:leather-sturdy-plain", quantity: 4
			}
		},
		width: 3,
		height: 3,
		name: "templar plate legs",
		output: { type: "item", code: "fa-templar-legs-heavy-steel-none"
		}
	},
	{
		ingredientPattern: "_BF,CDC,EGE",
		recipeGroup: 1,
		ingredients: {
			"B": { type: "item", code: "game:armor-legs-plate-meteoriciron"
			},
			"C": { type: "item", code: "game:metalplate-meteoriciron", quantity: 2
			},
			"D": { type: "item", code: "fa-templar-schematic"
			},
			"E": { type: "item", code: "game:metalnailsandstrips-meteoriciron", quantity: 2
			},
			"G": { type: "item", code: "game:hammer-*", isTool: true, toolDurabilityCost: 100
			},
			"F": { type: "item", code: "game:leather-normal-plain", quantity: 4
			}
		},
		width: 3,
		height: 3,
		name: "templar plate legs",
		output: { type: "item", code: "fa-templar-legs-heavy-meteoriciron-none"
		}
	},
	{
		ingredientPattern: "_BF,CDC,EGE",
		recipeGroup: 1,
		ingredients: {
			"B": { type: "item", code: "game:armor-legs-plate-iron"
			},
			"C": { type: "item", code: "game:metalplate-iron", quantity: 2
			},
			"D": { type: "item", code: "fa-templar-schematic"
			},
			"E": { type: "item", code: "game:metalnailsandstrips-iron", quantity: 2
			},
			"G": { type: "item", code: "game:hammer-*", isTool: true, toolDurabilityCost: 100
			},
			"F": { type: "item", code: "game:leather-normal-plain", quantity: 4
			}
		},
		width: 3,
		height: 3,
		name: "templar plate legs",
		output: { type: "item", code: "fa-templar-legs-heavy-iron-none"
		}
	},
	{
		ingredientPattern: "ABF,CDC,EGE",
		recipeGroup: 1,
		ingredients: {
			"A": { type: "item", code: "game:cloth-*", name: "color", 
					allowedVariants: [
					"plain",
					"blue",
					"red",
					"yellow",
					"green",
					"purple",
					"pink",
					"orange",
					"brown",
					"gray",
					"black",
					"white"
				], quantity: 8
			},
			"B": { type: "item", code: "game:armor-legs-plate-steel"
			},
			"C": { type: "item", code: "game:metalplate-steel", quantity: 2
			},
			"D": { type: "item", code: "fa-templar-schematic"
			},
			"E": { type: "item", code: "game:metalnailsandstrips-steel", quantity: 2
			},
			"G": { type: "item", code: "game:hammer-*", isTool: true, toolDurabilityCost: 100
			},
			"F": { type: "item", code: "game:leather-sturdy-plain", quantity: 4
			}
		},
		width: 3,
		height: 3,
		name: "templar plate legs",
		output: { type: "item", code: "fa-templar-legs-heavy-steel-{color}"
		}
	},
	{
		ingredientPattern: "ABF,CDC,EGE",
		recipeGroup: 1,
		ingredients: {
			"A": { type: "item", code: "game:cloth-*", name: "color", 
					allowedVariants: [
					"plain",
					"blue",
					"red",
					"yellow",
					"green",
					"purple",
					"pink",
					"orange",
					"brown",
					"gray",
					"black",
					"white"
				], quantity: 8
			},
			"B": { type: "item", code: "game:armor-legs-plate-meteoriciron"
			},
			"C": { type: "item", code: "game:metalplate-meteoriciron", quantity: 2
			},
			"D": { type: "item", code: "fa-templar-schematic"
			},
			"E": { type: "item", code: "game:metalnailsandstrips-meteoriciron", quantity: 2
			},
			"G": { type: "item", code: "game:hammer-*", isTool: true, toolDurabilityCost: 100
			},
			"F": { type: "item", code: "game:leather-normal-plain", quantity: 4
			}
		},
		width: 3,
		height: 3,
		name: "templar plate legs",
		output: { type: "item", code: "fa-templar-legs-heavy-meteoriciron-{color}"
		}
	},
	{
		ingredientPattern: "ABF,CDC,EGE",
		recipeGroup: 1,
		ingredients: {
			"A": { type: "item", code: "game:cloth-*", name: "color", 
					allowedVariants: [
					"plain",
					"blue",
					"red",
					"yellow",
					"green",
					"purple",
					"pink",
					"orange",
					"brown",
					"gray",
					"black",
					"white"
				], quantity: 8
			},
			"B": { type: "item", code: "game:armor-legs-plate-iron"
			},
			"C": { type: "item", code: "game:metalplate-iron", quantity: 2
			},
			"D": { type: "item", code: "fa-templar-schematic"
			},
			"E": { type: "item", code: "game:metalnailsandstrips-iron", quantity: 2
			},
			"G": { type: "item", code: "game:hammer-*", isTool: true, toolDurabilityCost: 100
			},
			"F": { type: "item", code: "game:leather-normal-plain", quantity: 4
			}
		},
		width: 3,
		height: 3,
		name: "templar plate legs",
		output: { type: "item", code: "fa-templar-legs-heavy-iron-{color}"
		}
	},
]