{
	"editor": {
		"allAngles": false,
		"entityTextureMode": false
	},
	"textureWidth": 16,
	"textureHeight": 16,
	"textureSizes": {
		"aged": [16,16],
		"bark": [16,16],
		"bottom": [16,16],
		"iron": [16,16]
	},
	"textures": {
		"iron": "game:block/wood/bed/normal/bottom"
	},
	"elements": [
		{
			"name": "Cube4",
			"from": [ 5.0, 0.02, 6.9 ],
			"to": [ 11.0, 1.02, 9.3 ],
			"rotationOrigin": [ 8.0, 1.0, 8.1 ],
			"faces": {
				"north": { "texture": "#iron", "uv": [ 6.5, 8.5, 12.5, 9.5 ] },
				"east": { "texture": "#iron", "uv": [ 7.0, 8.5, 9.0, 9.5 ] },
				"south": { "texture": "#iron", "uv": [ 9.0, 7.5, 15.0, 8.5 ] },
				"west": { "texture": "#iron", "uv": [ 7.0, 10.0, 9.0, 11.0 ] },
				"up": { "texture": "#iron", "uv": [ 0.0, 6.5, 6.0, 8.5 ], "rotation": 90, "autoUv": false },
				"down": { "texture": "#iron", "uv": [ 7.5, 3.5, 9.5, 9.5 ], "rotation": 90 }
			},
			"children": [
				{
					"name": "Cube5",
					"from": [ 0.0, -0.04, 0.0 ],
					"to": [ 6.0, 0.96, 2.4 ],
					"rotationOrigin": [ 3.0, 0.98, 1.2 ],
					"rotationY": -45.0,
					"faces": {
						"north": { "texture": "#iron", "uv": [ 6.5, 8.5, 12.5, 9.5 ] },
						"east": { "texture": "#iron", "uv": [ 7.0, 8.5, 9.0, 9.5 ] },
						"south": { "texture": "#iron", "uv": [ 9.0, 7.5, 15.0, 8.5 ] },
						"west": { "texture": "#iron", "uv": [ 7.0, 10.0, 9.0, 11.0 ] },
						"up": { "texture": "#iron", "uv": [ 0.0, 6.5, 6.0, 8.5 ], "rotation": 90, "autoUv": false },
						"down": { "texture": "#iron", "uv": [ 7.5, 3.5, 9.5, 9.5 ], "rotation": 90 }
					}
				},
				{
					"name": "Cube6",
					"from": [ -2.0E-4, 0.01, -0.0017 ],
					"to": [ 5.9998, 1.01, 2.3983 ],
					"rotationOrigin": [ 3.0, 0.98, 1.2 ],
					"rotationY": -89.9802,
					"faces": {
						"north": { "texture": "#iron", "uv": [ 6.5, 8.5, 12.5, 9.5 ] },
						"east": { "texture": "#iron", "uv": [ 7.0, 8.5, 9.0, 9.5 ] },
						"south": { "texture": "#iron", "uv": [ 9.0, 7.5, 15.0, 8.5 ] },
						"west": { "texture": "#iron", "uv": [ 7.0, 10.0, 9.0, 11.0 ] },
						"up": { "texture": "#iron", "uv": [ 0.0, 6.5, 6.0, 8.5 ], "rotation": 90, "autoUv": false },
						"down": { "texture": "#iron", "uv": [ 7.5, 3.5, 9.5, 9.5 ], "rotation": 90 }
					}
				},
				{
					"name": "Cube7",
					"from": [ 0.0, -0.05, 0.0 ],
					"to": [ 6.0, 0.95, 2.4 ],
					"rotationOrigin": [ 3.0, 0.98, 1.2 ],
					"rotationX": -180.0,
					"rotationY": -45.0,
					"rotationZ": -180.0,
					"faces": {
						"north": { "texture": "#iron", "uv": [ 6.5, 8.5, 12.5, 9.5 ] },
						"east": { "texture": "#iron", "uv": [ 7.0, 8.5, 9.0, 9.5 ] },
						"south": { "texture": "#iron", "uv": [ 9.0, 7.5, 15.0, 8.5 ] },
						"west": { "texture": "#iron", "uv": [ 7.0, 10.0, 9.0, 11.0 ] },
						"up": { "texture": "#iron", "uv": [ 0.0, 6.5, 6.0, 8.5 ], "rotation": 90, "autoUv": false },
						"down": { "texture": "#iron", "uv": [ 7.5, 3.5, 9.5, 9.5 ], "rotation": 90 }
					}
				}
			]
		}
	]}