{
	"editor": {
		"allAngles": false,
		"entityTextureMode": false
	},
	"textureWidth": 16,
	"textureHeight": 16,
	"textureSizes": {
		"oak": [16,16],
		"oak-h": [16,16],
		"oak2": [16,16]
	},
	"textures": {
		"oak": "game:block/wood/bark/oak",
		"oak-h": "game:block/wood/bark/oak-h",
		"oak2": "game:block/wood/debarked/oak"
	},
	"elements": [
		{
			"name": "Origin",
			"from": [ 8.0, 0.0, 8.0 ],
			"to": [ 8.0, 0.0, 8.0 ],
			"rotationOrigin": [ 8.0, 0.0, 8.0 ],
			"faces": {
				"north": { "texture": "#null", "uv": [ 0.0, 0.0, 0.5, 0.5 ] },
				"east": { "texture": "#null", "uv": [ 0.0, 0.0, 0.5, 0.5 ] },
				"south": { "texture": "#null", "uv": [ 0.0, 0.0, 0.5, 0.5 ] },
				"west": { "texture": "#null", "uv": [ 0.0, 0.0, 0.5, 0.5 ] },
				"up": { "texture": "#null", "uv": [ 0.0, 0.0, 0.5, 0.5 ] },
				"down": { "texture": "#null", "uv": [ 0.0, 0.0, 0.5, 0.5 ] }
			},
			"children": [
				{
					"name": "Cube5",
					"from": [ -2.5, 0.5, -1.55 ],
					"to": [ -2.0, 1.0, 1.45 ],
					"rotationOrigin": [ -2.5, 0.5, -1.55 ],
					"rotationZ": 8.0,
					"faces": {
						"north": { "texture": "#oak", "uv": [ 0.0, 0.0, 0.5, 0.5 ] },
						"east": { "texture": "#oak", "uv": [ 0.0, 0.0, 0.5, 3.0 ], "rotation": 90 },
						"south": { "texture": "#oak", "uv": [ 0.0, 0.0, 0.5, 0.5 ] },
						"west": { "texture": "#oak", "uv": [ 0.0, 0.0, 0.5, 3.0 ], "rotation": 90 },
						"up": { "texture": "#oak", "uv": [ 0.0, 0.0, 0.5, 3.0 ] },
						"down": { "texture": "#oak", "uv": [ 0.0, 0.0, 0.5, 3.0 ] }
					},
					"children": [
						{
							"name": "Cube2",
							"from": [ -3.0, 0.0, -0.45 ],
							"to": [ 3.5, 0.5, 0.05 ],
							"rotationOrigin": [ -3.0, 0.0, -0.45 ],
							"faces": {
								"north": { "texture": "#oak-h", "uv": [ 0.0, 0.0, 6.5, 0.5 ] },
								"east": { "texture": "#oak-h", "uv": [ 0.0, 0.0, 0.5, 0.5 ] },
								"south": { "texture": "#oak-h", "uv": [ 0.0, 0.0, 6.5, 0.5 ] },
								"west": { "texture": "#oak-h", "uv": [ 0.0, 0.0, 0.5, 0.5 ] },
								"up": { "texture": "#oak-h", "uv": [ 0.0, 0.0, 6.5, 0.5 ] },
								"down": { "texture": "#oak-h", "uv": [ 0.0, 0.0, 6.5, 0.5 ] }
							},
							"children": [
								{
									"name": "Cube16",
									"from": [ 7.0, 2.9, 0.1 ],
									"to": [ 9.0, 3.4, 0.6 ],
									"rotationOrigin": [ 7.0, 2.9, 0.1 ],
									"faces": {
										"north": { "texture": "#oak-h", "uv": [ 0.0, 0.0, 2.0, 0.5 ] },
										"east": { "texture": "#oak-h", "uv": [ 0.0, 0.0, 0.5, 0.5 ] },
										"south": { "texture": "#oak-h", "uv": [ 0.0, 0.0, 2.0, 0.5 ] },
										"west": { "texture": "#oak-h", "uv": [ 0.0, 0.0, 0.5, 0.5 ] },
										"up": { "texture": "#oak-h", "uv": [ 0.0, 0.0, 2.0, 0.5 ] },
										"down": { "texture": "#oak-h", "uv": [ 0.0, 0.0, 2.0, 0.5 ] }
									},
									"children": [
										{
											"name": "Cube17",
											"from": [ 2.0, 0.0, 0.0 ],
											"to": [ 3.0, 0.5, 0.5 ],
											"rotationOrigin": [ 2.0, 0.0, 0.5 ],
											"faces": {
												"north": { "texture": "#oak-h", "uv": [ 0.0, 0.0, 1.0, 0.5 ] },
												"east": { "texture": "#oak-h", "uv": [ 0.0, 0.0, 0.5, 0.5 ] },
												"south": { "texture": "#oak-h", "uv": [ 0.0, 0.0, 1.0, 0.5 ] },
												"west": { "texture": "#oak-h", "uv": [ 0.0, 0.0, 0.5, 0.5 ] },
												"up": { "texture": "#oak-h", "uv": [ 0.0, 0.0, 1.0, 0.5 ] },
												"down": { "texture": "#oak-h", "uv": [ 0.0, 0.0, 1.0, 0.5 ] }
											},
											"children": [
												{
													"name": "Cube24",
													"from": [ 1.0, 0.0, 0.0 ],
													"to": [ 2.0, 0.5, 0.5 ],
													"rotationOrigin": [ 1.0, 0.0, 0.5 ],
													"rotationZ": 15.0,
													"faces": {
														"north": { "texture": "#oak-h", "uv": [ 0.0, 0.0, 1.0, 0.5 ] },
														"east": { "texture": "#oak-h", "uv": [ 0.0, 0.0, 0.5, 0.5 ] },
														"south": { "texture": "#oak-h", "uv": [ 0.0, 0.0, 1.0, 0.5 ] },
														"west": { "texture": "#oak-h", "uv": [ 0.0, 0.0, 0.5, 0.5 ] },
														"up": { "texture": "#oak-h", "uv": [ 0.0, 0.0, 1.0, 0.5 ] },
														"down": { "texture": "#oak-h", "uv": [ 0.0, 0.0, 1.0, 0.5 ] }
													},
													"children": [
														{
															"name": "Cube25",
															"from": [ 1.0, 0.0, 0.0 ],
															"to": [ 2.0, 0.5, 0.5 ],
															"rotationOrigin": [ 1.0, 0.5, 0.0 ],
															"rotationZ": -15.0,
															"faces": {
																"north": { "texture": "#oak-h", "uv": [ 0.0, 0.0, 1.0, 0.5 ] },
																"east": { "texture": "#oak-h", "uv": [ 0.0, 0.0, 0.5, 0.5 ] },
																"south": { "texture": "#oak-h", "uv": [ 0.0, 0.0, 1.0, 0.5 ] },
																"west": { "texture": "#oak-h", "uv": [ 0.0, 0.0, 0.5, 0.5 ] },
																"up": { "texture": "#oak-h", "uv": [ 0.0, 0.0, 1.0, 0.5 ] },
																"down": { "texture": "#oak-h", "uv": [ 0.0, 0.0, 1.0, 0.5 ] }
															},
															"children": [
																{
																	"name": "Cube26",
																	"from": [ 1.0, 0.0, 0.0 ],
																	"to": [ 3.0, 0.5, 0.5 ],
																	"rotationOrigin": [ 1.0, 0.5, 0.0 ],
																	"rotationZ": -15.0,
																	"faces": {
																		"north": { "texture": "#oak-h", "uv": [ 0.0, 0.0, 2.0, 0.5 ] },
																		"east": { "texture": "#oak-h", "uv": [ 0.0, 0.0, 0.5, 0.5 ] },
																		"south": { "texture": "#oak-h", "uv": [ 0.0, 0.0, 2.0, 0.5 ] },
																		"west": { "texture": "#oak-h", "uv": [ 0.0, 0.0, 0.5, 0.5 ] },
																		"up": { "texture": "#oak-h", "uv": [ 0.0, 0.0, 2.0, 0.5 ] },
																		"down": { "texture": "#oak-h", "uv": [ 0.0, 0.0, 2.0, 0.5 ] }
																	}
																}
															]
														}
													]
												}
											]
										}
									]
								}
							]
						},
						{
							"name": "Cube3",
							"from": [ -3.0, 0.0, 2.95 ],
							"to": [ 3.5, 0.5, 3.45 ],
							"rotationOrigin": [ -3.0, 0.0, 2.95 ],
							"faces": {
								"north": { "texture": "#oak-h", "uv": [ 0.0, 0.0, 6.5, 0.5 ] },
								"east": { "texture": "#oak-h", "uv": [ 0.0, 0.0, 0.5, 0.5 ] },
								"south": { "texture": "#oak-h", "uv": [ 0.0, 0.0, 6.5, 0.5 ] },
								"west": { "texture": "#oak-h", "uv": [ 0.0, 0.0, 0.5, 0.5 ] },
								"up": { "texture": "#oak-h", "uv": [ 0.0, 0.0, 6.5, 0.5 ] },
								"down": { "texture": "#oak-h", "uv": [ 0.0, 0.0, 6.5, 0.5 ] }
							},
							"children": [
								{
									"name": "Cube18",
									"from": [ 7.0, 2.9, -0.1 ],
									"to": [ 9.0, 3.4, 0.4 ],
									"rotationOrigin": [ 7.0, 2.9, 0.4 ],
									"faces": {
										"north": { "texture": "#oak-h", "uv": [ 0.0, 0.0, 2.0, 0.5 ] },
										"east": { "texture": "#oak-h", "uv": [ 0.0, 0.0, 0.5, 0.5 ] },
										"south": { "texture": "#oak-h", "uv": [ 0.0, 0.0, 2.0, 0.5 ] },
										"west": { "texture": "#oak-h", "uv": [ 0.0, 0.0, 0.5, 0.5 ] },
										"up": { "texture": "#oak-h", "uv": [ 0.0, 0.0, 2.0, 0.5 ] },
										"down": { "texture": "#oak-h", "uv": [ 0.0, 0.0, 2.0, 0.5 ] }
									},
									"children": [
										{
											"name": "Cube19",
											"from": [ 2.0, 0.0, 0.0 ],
											"to": [ 3.0, 0.5, 0.5 ],
											"rotationOrigin": [ 2.0, 0.0, 0.0 ],
											"faces": {
												"north": { "texture": "#oak-h", "uv": [ 0.0, 0.0, 1.0, 0.5 ] },
												"east": { "texture": "#oak-h", "uv": [ 0.0, 0.0, 0.5, 0.5 ] },
												"south": { "texture": "#oak-h", "uv": [ 0.0, 0.0, 1.0, 0.5 ] },
												"west": { "texture": "#oak-h", "uv": [ 0.0, 0.0, 0.5, 0.5 ] },
												"up": { "texture": "#oak-h", "uv": [ 0.0, 0.0, 1.0, 0.5 ] },
												"down": { "texture": "#oak-h", "uv": [ 0.0, 0.0, 1.0, 0.5 ] }
											},
											"children": [
												{
													"name": "Cube27",
													"from": [ 1.0, 0.0, 0.0 ],
													"to": [ 2.0, 0.5, 0.5 ],
													"rotationOrigin": [ 1.0, 0.0, 0.5 ],
													"rotationZ": 15.0,
													"faces": {
														"north": { "texture": "#oak-h", "uv": [ 0.0, 0.0, 1.0, 0.5 ] },
														"east": { "texture": "#oak-h", "uv": [ 0.0, 0.0, 0.5, 0.5 ] },
														"south": { "texture": "#oak-h", "uv": [ 0.0, 0.0, 1.0, 0.5 ] },
														"west": { "texture": "#oak-h", "uv": [ 0.0, 0.0, 0.5, 0.5 ] },
														"up": { "texture": "#oak-h", "uv": [ 0.0, 0.0, 1.0, 0.5 ] },
														"down": { "texture": "#oak-h", "uv": [ 0.0, 0.0, 1.0, 0.5 ] }
													},
													"children": [
														{
															"name": "Cube28",
															"from": [ 1.0, 0.0, 0.0 ],
															"to": [ 2.0, 0.5, 0.5 ],
															"rotationOrigin": [ 1.0, 0.5, 0.0 ],
															"rotationZ": -15.0,
															"faces": {
																"north": { "texture": "#oak-h", "uv": [ 0.0, 0.0, 1.0, 0.5 ] },
																"east": { "texture": "#oak-h", "uv": [ 0.0, 0.0, 0.5, 0.5 ] },
																"south": { "texture": "#oak-h", "uv": [ 0.0, 0.0, 1.0, 0.5 ] },
																"west": { "texture": "#oak-h", "uv": [ 0.0, 0.0, 0.5, 0.5 ] },
																"up": { "texture": "#oak-h", "uv": [ 0.0, 0.0, 1.0, 0.5 ] },
																"down": { "texture": "#oak-h", "uv": [ 0.0, 0.0, 1.0, 0.5 ] }
															},
															"children": [
																{
																	"name": "Cube29",
																	"from": [ 1.0, 0.0, 0.0 ],
																	"to": [ 3.0, 0.5, 0.5 ],
																	"rotationOrigin": [ 1.0, 0.5, 0.0 ],
																	"rotationZ": -15.0,
																	"faces": {
																		"north": { "texture": "#oak-h", "uv": [ 0.0, 0.0, 2.0, 0.5 ] },
																		"east": { "texture": "#oak-h", "uv": [ 0.0, 0.0, 0.5, 0.5 ] },
																		"south": { "texture": "#oak-h", "uv": [ 0.0, 0.0, 2.0, 0.5 ] },
																		"west": { "texture": "#oak-h", "uv": [ 0.0, 0.0, 0.5, 0.5 ] },
																		"up": { "texture": "#oak-h", "uv": [ 0.0, 0.0, 2.0, 0.5 ] },
																		"down": { "texture": "#oak-h", "uv": [ 0.0, 0.0, 2.0, 0.5 ] }
																	}
																}
															]
														}
													]
												}
											]
										}
									]
								}
							]
						},
						{
							"name": "Cube4",
							"from": [ -3.5, 0.0, 0.0 ],
							"to": [ -3.0, 0.5, 3.0 ],
							"rotationOrigin": [ -3.5, 0.0, 0.0 ],
							"faces": {
								"north": { "texture": "#oak", "uv": [ 0.0, 0.0, 0.5, 0.5 ] },
								"east": { "texture": "#oak", "uv": [ 0.0, 0.0, 0.5, 3.0 ], "rotation": 90 },
								"south": { "texture": "#oak", "uv": [ 0.0, 0.0, 0.5, 0.5 ] },
								"west": { "texture": "#oak", "uv": [ 0.0, 0.0, 0.5, 3.0 ], "rotation": 90 },
								"up": { "texture": "#oak", "uv": [ 0.0, 0.0, 0.5, 3.0 ] },
								"down": { "texture": "#oak", "uv": [ 0.0, 0.0, 0.5, 3.0 ] }
							},
							"children": [
								{
									"name": "Cube14",
									"from": [ 7.0, 0.0, 0.0 ],
									"to": [ 7.5, 0.5, 3.0 ],
									"rotationOrigin": [ 7.0, 0.0, 0.0 ],
									"faces": {
										"north": { "texture": "#oak", "uv": [ 0.0, 0.0, 0.5, 0.5 ] },
										"east": { "texture": "#oak", "uv": [ 0.0, 0.0, 0.5, 3.0 ], "rotation": 90 },
										"south": { "texture": "#oak", "uv": [ 0.0, 0.0, 0.5, 0.5 ] },
										"west": { "texture": "#oak", "uv": [ 0.0, 0.0, 0.5, 3.0 ], "rotation": 90 },
										"up": { "texture": "#oak", "uv": [ 0.0, 0.0, 0.5, 3.0 ] },
										"down": { "texture": "#oak", "uv": [ 0.0, 0.0, 0.5, 3.0 ] }
									}
								},
								{
									"name": "Cube20",
									"from": [ 7.0, -1.0, -0.5 ],
									"to": [ 7.5, 4.0, 0.0 ],
									"rotationOrigin": [ 7.0, -1.0, -0.5 ],
									"faces": {
										"north": { "texture": "#oak-h", "uv": [ 0.0, 0.0, 5.0, 0.5 ], "rotation": 90 },
										"east": { "texture": "#oak-h", "uv": [ 0.0, 0.0, 5.0, 0.5 ], "rotation": 90, "autoUv": false },
										"south": { "texture": "#oak-h", "uv": [ 0.0, 0.0, 7.0, 1.0 ], "rotation": 90, "autoUv": false },
										"west": { "texture": "#oak-h", "uv": [ 0.0, 0.0, 5.0, 0.5 ], "rotation": 90 },
										"up": { "texture": "#oak-h", "uv": [ 0.0, 0.0, 0.5, 0.5 ] },
										"down": { "texture": "#oak-h", "uv": [ 0.0, 0.0, 0.5, 0.5 ] }
									}
								},
								{
									"name": "Cube21",
									"from": [ 0.0, 0.0, -0.5 ],
									"to": [ 0.5, 4.0, 0.0 ],
									"rotationOrigin": [ 0.0, 0.0, -0.5 ],
									"faces": {
										"north": { "texture": "#oak-h", "uv": [ 0.0, 0.0, 4.0, 0.5 ], "rotation": 90 },
										"east": { "texture": "#oak-h", "uv": [ 0.0, 0.0, 5.0, 0.5 ], "rotation": 90, "autoUv": false },
										"south": { "texture": "#oak-h", "uv": [ 0.0, 0.0, 7.0, 1.0 ], "rotation": 90, "autoUv": false },
										"west": { "texture": "#oak-h", "uv": [ 0.0, 0.0, 4.0, 0.5 ], "rotation": 90 },
										"up": { "texture": "#oak-h", "uv": [ 0.0, 0.0, 0.5, 0.5 ] },
										"down": { "texture": "#oak-h", "uv": [ 0.0, 0.0, 0.5, 0.5 ] }
									}
								},
								{
									"name": "Cube22",
									"from": [ 0.0, 0.0, 3.0 ],
									"to": [ 0.5, 4.0, 3.5 ],
									"rotationOrigin": [ 0.0, 0.0, 3.0 ],
									"faces": {
										"north": { "texture": "#oak-h", "uv": [ 0.0, 0.0, 4.0, 0.5 ], "rotation": 90 },
										"east": { "texture": "#oak-h", "uv": [ 0.0, 0.0, 5.0, 0.5 ], "rotation": 90, "autoUv": false },
										"south": { "texture": "#oak-h", "uv": [ 0.0, 0.0, 7.0, 1.0 ], "rotation": 90, "autoUv": false },
										"west": { "texture": "#oak-h", "uv": [ 0.0, 0.0, 4.0, 0.5 ], "rotation": 90 },
										"up": { "texture": "#oak-h", "uv": [ 0.0, 0.0, 0.5, 0.5 ] },
										"down": { "texture": "#oak-h", "uv": [ 0.0, 0.0, 0.5, 0.5 ] }
									}
								},
								{
									"name": "Cube23",
									"from": [ 7.0, -1.0, 3.0 ],
									"to": [ 7.5, 4.0, 3.5 ],
									"rotationOrigin": [ 7.0, -1.0, 3.0 ],
									"faces": {
										"north": { "texture": "#oak-h", "uv": [ 0.0, 0.0, 5.0, 0.5 ], "rotation": 90 },
										"east": { "texture": "#oak-h", "uv": [ 0.0, 0.0, 5.0, 0.5 ], "rotation": 90, "autoUv": false },
										"south": { "texture": "#oak-h", "uv": [ 0.0, 0.0, 7.0, 1.0 ], "rotation": 90, "autoUv": false },
										"west": { "texture": "#oak-h", "uv": [ 0.0, 0.0, 5.0, 0.5 ], "rotation": 90 },
										"up": { "texture": "#oak-h", "uv": [ 0.0, 0.0, 0.5, 0.5 ] },
										"down": { "texture": "#oak-h", "uv": [ 0.0, 0.0, 0.5, 0.5 ] }
									}
								},
								{
									"name": "Cube30",
									"from": [ 0.0, 0.5, -0.6 ],
									"to": [ 7.5, 1.5, -0.5 ],
									"rotationOrigin": [ 0.0, 0.5, -0.6 ],
									"faces": {
										"north": { "texture": "#oak2", "uv": [ 0.0, 0.0, 9.0, 7.5 ], "rotation": 90, "autoUv": false },
										"east": { "texture": "#oak2", "uv": [ 0.0, 0.0, 5.0, 0.5 ], "rotation": 90, "autoUv": false },
										"south": { "texture": "#oak2", "uv": [ 0.0, 0.0, 16.0, 11.5 ], "rotation": 90, "autoUv": false },
										"west": { "texture": "#oak2", "uv": [ 0.0, 0.0, 1.0, 0.5 ], "rotation": 90 },
										"up": { "texture": "#oak2", "uv": [ 0.0, 0.0, 7.5, 0.5 ] },
										"down": { "texture": "#oak2", "uv": [ 0.0, 0.0, 7.5, 0.5 ] }
									}
								},
								{
									"name": "Cube31",
									"from": [ 0.0, 0.5, -0.5 ],
									"to": [ 4.0, 3.6, -0.4 ],
									"rotationOrigin": [ 0.0, 0.5, -0.5 ],
									"rotationY": -90.0,
									"faces": {
										"north": { "texture": "#oak2", "uv": [ 0.0, 0.0, 9.0, 7.5 ], "rotation": 90, "autoUv": false },
										"east": { "texture": "#oak2", "uv": [ 0.0, 0.0, 5.0, 0.5 ], "rotation": 90, "autoUv": false },
										"south": { "texture": "#oak2", "uv": [ 0.0, 0.0, 16.0, 11.5 ], "rotation": 90, "autoUv": false },
										"west": { "texture": "#oak2", "uv": [ 0.0, 0.0, 3.0, 0.5 ], "rotation": 90 },
										"up": { "texture": "#oak2", "uv": [ 0.0, 0.0, 4.0, 0.5 ] },
										"down": { "texture": "#oak2", "uv": [ 0.0, 0.0, 4.0, 0.5 ] }
									}
								},
								{
									"name": "Cube32",
									"from": [ 7.6, 0.5, -0.5 ],
									"to": [ 11.6, 3.6, -0.4 ],
									"rotationOrigin": [ 7.6, 0.5, -0.5 ],
									"rotationY": -90.0,
									"faces": {
										"north": { "texture": "#oak2", "uv": [ 0.0, 0.0, 9.0, 7.5 ], "rotation": 90, "autoUv": false },
										"east": { "texture": "#oak2", "uv": [ 0.0, 0.0, 5.0, 0.5 ], "rotation": 90, "autoUv": false },
										"south": { "texture": "#oak2", "uv": [ 0.0, 0.0, 16.0, 11.5 ], "rotation": 90, "autoUv": false },
										"west": { "texture": "#oak2", "uv": [ 0.0, 0.0, 3.0, 0.5 ], "rotation": 90 },
										"up": { "texture": "#oak2", "uv": [ 0.0, 0.0, 4.0, 0.5 ] },
										"down": { "texture": "#oak2", "uv": [ 0.0, 0.0, 4.0, 0.5 ] }
									}
								},
								{
									"name": "Cube33",
									"from": [ -0.01, 3.7, 1.9 ],
									"to": [ 7.57, 5.2, 2.0 ],
									"rotationOrigin": [ -0.1, 3.7, 1.9 ],
									"rotationX": 90.0,
									"faces": {
										"north": { "texture": "#oak2", "uv": [ 0.0, 0.0, 9.0, 7.5 ], "rotation": 90, "autoUv": false },
										"east": { "texture": "#oak2", "uv": [ 0.0, 0.0, 5.0, 0.5 ], "rotation": 90, "autoUv": false },
										"south": { "texture": "#oak2", "uv": [ 0.0, 0.0, 16.0, 11.5 ], "rotation": 90, "autoUv": false },
										"west": { "texture": "#oak2", "uv": [ 0.0, 0.0, 1.5, 0.5 ], "rotation": 90 },
										"up": { "texture": "#oak2", "uv": [ 0.0, 0.0, 7.5, 0.5 ] },
										"down": { "texture": "#oak2", "uv": [ 0.0, 0.0, 7.5, 0.5 ] }
									}
								},
								{
									"name": "Cube34",
									"from": [ -0.01, 2.5, 1.7 ],
									"to": [ 7.47, 5.5, 1.8 ],
									"rotationOrigin": [ -0.1, 2.5, 1.8 ],
									"rotationX": -112.5,
									"faces": {
										"north": { "texture": "#oak2", "uv": [ 0.0, 0.0, 9.0, 7.5 ], "rotation": 90, "autoUv": false },
										"east": { "texture": "#oak2", "uv": [ 0.0, 0.0, 5.0, 0.5 ], "rotation": 90, "autoUv": false },
										"south": { "texture": "#oak2", "uv": [ 0.0, 0.0, 16.0, 11.5 ], "rotation": 90, "autoUv": false },
										"west": { "texture": "#oak2", "uv": [ 0.0, 0.0, 3.0, 0.5 ], "rotation": 90 },
										"up": { "texture": "#oak2", "uv": [ 0.0, 0.0, 7.0, 0.5 ] },
										"down": { "texture": "#oak2", "uv": [ 0.0, 0.0, 7.0, 0.5 ] }
									}
								},
								{
									"name": "Cube35",
									"from": [ -0.01, 3.7, 1.9 ],
									"to": [ 7.47, 5.7, 2.0 ],
									"rotationOrigin": [ -0.1, 3.7, 1.9 ],
									"rotationX": 180.0,
									"faces": {
										"north": { "texture": "#oak2", "uv": [ 0.0, 0.0, 9.0, 7.5 ], "rotation": 90, "autoUv": false },
										"east": { "texture": "#oak2", "uv": [ 0.0, 0.0, 5.0, 0.5 ], "rotation": 90, "autoUv": false },
										"south": { "texture": "#oak2", "uv": [ 0.0, 0.0, 16.0, 11.5 ], "rotation": 90, "autoUv": false },
										"west": { "texture": "#oak2", "uv": [ 0.0, 0.0, 2.0, 0.5 ], "rotation": 90 },
										"up": { "texture": "#oak2", "uv": [ 0.0, 0.0, 7.0, 0.5 ] },
										"down": { "texture": "#oak2", "uv": [ 0.0, 0.0, 7.0, 0.5 ] }
									}
								},
								{
									"name": "Cube36",
									"from": [ -0.01, 1.3, -1.0 ],
									"to": [ 7.47, 2.3, -0.9 ],
									"rotationOrigin": [ -0.1, 1.3, -0.9 ],
									"rotationX": -22.5,
									"faces": {
										"north": { "texture": "#oak2", "uv": [ 0.0, 0.0, 9.0, 7.5 ], "rotation": 90, "autoUv": false },
										"east": { "texture": "#oak2", "uv": [ 0.0, 0.0, 5.0, 0.5 ], "rotation": 90, "autoUv": false },
										"south": { "texture": "#oak2", "uv": [ 0.0, 0.0, 16.0, 11.5 ], "rotation": 90, "autoUv": false },
										"west": { "texture": "#oak2", "uv": [ 0.0, 0.0, 1.0, 0.5 ], "rotation": 90 },
										"up": { "texture": "#oak2", "uv": [ 0.0, 0.0, 7.0, 0.5 ] },
										"down": { "texture": "#oak2", "uv": [ 0.0, 0.0, 7.0, 0.5 ] }
									}
								},
								{
									"name": "Cube37",
									"from": [ 0.09, 2.4, 2.1 ],
									"to": [ 0.97, 5.7, 2.2 ],
									"rotationOrigin": [ 0.0, 2.4, 2.2 ],
									"rotationX": -112.5,
									"rotationY": -90.0,
									"faces": {
										"north": { "texture": "#oak2", "uv": [ 0.0, 0.0, 9.0, 7.5 ], "rotation": 90, "autoUv": false },
										"east": { "texture": "#oak2", "uv": [ 0.0, 0.0, 5.0, 0.5 ], "rotation": 90, "autoUv": false },
										"south": { "texture": "#oak2", "uv": [ 0.0, 0.0, 16.0, 11.5 ], "rotation": 90, "autoUv": false },
										"west": { "texture": "#oak2", "uv": [ 0.0, 0.0, 3.0, 0.5 ], "rotation": 90 },
										"up": { "texture": "#oak2", "uv": [ 0.0, 0.0, 0.5, 0.5 ] },
										"down": { "texture": "#oak2", "uv": [ 0.0, 0.0, 0.5, 0.5 ] }
									}
								},
								{
									"name": "Cube38",
									"from": [ 3.69, 2.4, 2.1 ],
									"to": [ 4.57, 5.7, 2.2 ],
									"rotationOrigin": [ 3.6, 2.4, 2.2 ],
									"rotationX": -112.5,
									"rotationY": -90.0,
									"faces": {
										"north": { "texture": "#oak2", "uv": [ 0.0, 0.0, 9.0, 7.5 ], "rotation": 90, "autoUv": false },
										"east": { "texture": "#oak2", "uv": [ 0.0, 0.0, 5.0, 0.5 ], "rotation": 90, "autoUv": false },
										"south": { "texture": "#oak2", "uv": [ 0.0, 0.0, 16.0, 11.5 ], "rotation": 90, "autoUv": false },
										"west": { "texture": "#oak2", "uv": [ 0.0, 0.0, 3.0, 0.5 ], "rotation": 90 },
										"up": { "texture": "#oak2", "uv": [ 0.0, 0.0, 0.5, 0.5 ] },
										"down": { "texture": "#oak2", "uv": [ 0.0, 0.0, 0.5, 0.5 ] }
									}
								},
								{
									"name": "Cube39",
									"from": [ 7.39, 2.4, 2.1 ],
									"to": [ 8.27, 5.7, 2.2 ],
									"rotationOrigin": [ 7.3, 2.4, 2.2 ],
									"rotationX": -112.5,
									"rotationY": -90.0,
									"faces": {
										"north": { "texture": "#oak2", "uv": [ 0.0, 0.0, 9.0, 7.5 ], "rotation": 90, "autoUv": false },
										"east": { "texture": "#oak2", "uv": [ 0.0, 0.0, 5.0, 0.5 ], "rotation": 90, "autoUv": false },
										"south": { "texture": "#oak2", "uv": [ 0.0, 0.0, 16.0, 11.5 ], "rotation": 90, "autoUv": false },
										"west": { "texture": "#oak2", "uv": [ 0.0, 0.0, 3.0, 0.5 ], "rotation": 90 },
										"up": { "texture": "#oak2", "uv": [ 0.0, 0.0, 0.5, 0.5 ] },
										"down": { "texture": "#oak2", "uv": [ 0.0, 0.0, 0.5, 0.5 ] }
									}
								}
							]
						}
					]
				}
			]
		}
	]}