{
	"code": "leather",
	"attributes": {
		"displaycaseable": true,
		"shelvable": true,
		"onDisplayTransform": {
			"translation": { "x": 0.05, "y": 0, "z": 0 },
			"rotation": { "x": 0, "y": -90, "z": 0 },
			"origin": { "x": 0.5, "y": 0, "z": 0.5 },
			"scale": 0.65
		},
		"handbook": { "groupBy": ["leather-*"] }
	},
	"variantgroups": [
		{ "code":"color", "states": [ "darkblue", "darkbrown", "darkgreen", "darkred", "nadiyan" ] }
	],
	"shape": { "base": "game:item/resource/leather-heavy" },
	"texturesByType": {
		"leather-darkblue": {
			"leather": { "base": "game:block/leather/blue",
				"blendedOverlays": [ { "base": "tailorsdelight:overlays/{color}", "blendMode": "Darken" } ] }
		},
		"leather-darkbrown": {
			"leather": { "base": "game:block/leather/plain",
				"blendedOverlays": [ { "base": "tailorsdelight:overlays/{color}", "blendMode": "Multiply" } ] }
		},
		"leather-darkgreen": {
			"leather": { "base": "game:block/leather/green",
				"blendedOverlays": [ { "base": "tailorsdelight:overlays/{color}", "blendMode": "Multiply" } ] }
		},
		"leather-darkred": {
			"leather": { "base": "game:block/leather/red",
				"blendedOverlays": [ { "base": "tailorsdelight:overlays/{color}", "blendMode": "Multiply" } ] }
		},
		"leather-nadiyan": {
			"leather": { "base": "game:block/leather/plain",
				"blendedOverlays": [ { "base": "tailorsdelight:overlays/lighten2", "blendMode": "Lighten" } ] }
		}
	},
	"creativeinventory": { "general": ["*"], "items": ["*"] },
	"maxstacksize": 64,
	"materialDensity": 500,
	"guiTransform": {
		"rotation": { "x": -180, "y": 77, "z": -53 },
		"origin": { "x": 0.5, "y": 0.1, "z": 0.52 },
		"scale": 1.87
	},
	"tpHandTransform": {
		"translation": { "x": -1, "y": -1.2, "z": -1.45 },
		"rotation": { "x": 92, "y": -180, "z": 180 },
		"scale": 0.49
	},
	"groundTransform": {
		"translation": { "x": 0, "y": 0.25, "z": 0 },
		"rotation": { "x": 0, "y": 0, "z": 0 },
		"origin": { "x": 0.5, "y": 0.32, "z": 0.5299 },
		"scale": 4
	}
}
