{
	"code": "arrow",
	"class": "ItemArrow",
	"variantgroups": [ { "code": "material", "states": ["obsidian","stainlesssteel","titanium","mithril","adamant","orichalcum","aithril" ] }, ],
	"maxstacksize": 64,
	"storageFlags": 513,
	"shapeByType": { 
		"arrow-obsidian": { "base": "game:item/tool/arrow-stone" },
		"*": { "base": "game:item/tool/arrow-copper" }		
	},
	"texturesByType": {
		"arrow-obsidian": { "material": { "base": "game:block/stone/rock/obsidian1" } },
			"arrow-mithril": { 
				"handle": { "base": "game:block/wood/debarked/ebony" },
				"material": { "base": "game:block/metal/ingot/{material}" },
				"feather2": { "base": "game:item/tool/material/feather1" },		
			},
			"arrow-adamant": { 
				"handle": { "base": "game:block/wood/debarked/ebony" },
				"material": { "base": "game:block/metal/ingot/{material}" },
				"feather2": { "base": "game:item/tool/material/feather1" },		
			},			
			"arrow-orichalcum": { 
				"handle": { "base": "game:block/wood/debarked/ebony" },
				"material": { "base": "game:block/metal/ingot/{material}" },
				"feather2": { "base": "game:item/tool/material/feather1" },		
			},			
			"arrow-aithril": { 
				"handle": { "base": "game:block/wood/debarked/ebony" },
				"material": { "base": "game:block/metal/ingot/{material}" },
				"feather2": { "base": "game:item/tool/material/feather1" },		
			},	
		"*": {
			"material": { "base": "game:block/metal/ingot/{material}" },
			"feather2": { "base": "game:item/tool/material/feather1" },
		},

	},
	
	
	
	"behaviors": [ { "name": "GroundStorable",
			"properties": {
				"layout": "Stacking",
				"placeRemoveSound": "game:sounds/arrow-impact",
				"stackingModelByType": { "*": "swordz:misc/arrowstack" },
				"stackingTexturesByType": { 
					"*": { "material": "game:block/metal/ingot/{material}" },
					"*": { "feather": "game:item/tool/material/feather" },
					"*": { "feather1": "game:item/tool/material/feather" },
					"*": { "feather2": "game:item/tool/material/feather" },
					
					
					},
					
				"modelItemsToStackSizeRatio": 10,
				"stackingCapacity": 161,
				"transferQuantity": 1,
				"bulkTransferQuantity": 7,
				"collisionBox": {
					"x1": 0,
					"y1": 0,
					"z1": 0,
					"x2": 1,
					"y2": 0.125,
					"z2": 1
				},
				"cbScaleYByLayer": 0.045
			}
		}
	],	
	
	
	
	
	
	
	
	
	
	
	
	"creativeinventory": { "general": ["*"], "items": ["*"], "swordz": ["*"] },
	"guiTransform": {
		"rotation": { "x": -23, "y": -45, "z": -145 },
		"origin": { "x": 0.7, "y": -0.45, "z": 0 },
		"scale": 1.44
	},
	"fpHandTransform": {
		"translation": { "x": 0.35, "y": 0, "z": 0 },
		"rotation": { "x": 87, "y": 90, "z": -30 },
		"scale": 1.14
	},
	"tpHandTransform": {
		"translation": { "x": -1.05, "y": -0.4599, "z": -0.87 },
		"rotation": { "x": 0, "y": 2, "z": 3 },
		"scale": 0.55
	},
	"groundTransform": {
		"translation": { "x": 0, "y": 0, "z": 0 },
		"rotation": { "x": 0, "y": 0, "z": 0 },
		"origin": { "x": 0.5, "y": -0.03, "z": 0.5 },
		"scale": 2.64
	},
	"attributes": {
		"arrowEntityCodeByType": { "*": "swordz:arrow-{material}" },
		"damageByType": {
			"arrow-obsidian": 1,
			"*-stainless": 2.6,
			"*-titanium": 2.75,
			"*-mithril": 3,
			"*-adamant": 3.25,
			"*-orichalcum": 3.5,
			"*-aithril": 4
		},
		"breakChanceOnImpactByType": {
			"arrow-obsidian": 0.3,
			"*-stainless": 0.06,
			"*-titanium": 0.05,
			"*-mithril": 0.05,
			"*-adamant": 0.05,
			"*-orichalcum": 0.05,
			"*-aithril": 0.04,
		},
		"handbook": { "groupBy": ["arrow-*"] } },
}