{
	code: "whetstone",
	variantgroups: [ { code: "stone", states: ["suevite","sandstone","granite"]}, ],
	shape: { base: "game:item/ingot" },
	textures: { 
	"metal": {base: "game:block/stone/polishedrock/{stone}"} 
	},
	"maxstacksize": 8,
	creativeinventory: { "general": ["*"], "swordz": ["*"]},

	attributes: {
		displaycaseable: true, 
		shelvable: true,
		onshelfTransform: { rotation: { x: 0, y: 90, z: 0 } },		
	},


	"behaviors": [ { "name": "GroundStorable",
			"properties": {
				"layout": "Stacking",
				"placeRemoveSound": "game:sounds/thud",
				"stackingModelByType": { "*": "game:block/metal/ingotpile" },
				"stackingTexturesByType": { 
					"*-preparedstainless": { "metal": "game:block/stone/polishedrock/{stone}" },
					},
				"modelItemsToStackSizeRatio": 1,
				"stackingCapacity": 64,
				"transferQuantity": 1,
				"bulkTransferQuantity": 4,
				"collisionBox": {
					"x1": 0,
					"y1": 0,
					"z1": 0,
					"x2": 1,
					"y2": 0.125,
					"z2": 1
				},
				"cbScaleYByLayer": 0.125
			}
		}
	],



	fpHandTransform: {
		translation: { x: 0, y: 0.1, z: 0 },
		rotation: { x: 65, y: 21, z: -6 },
		origin: { x: 0.5, y: 0.1, z: 0.5 },
		scale: 2.15
	},
	guiTransform: {
		translation: { x: 2, y: 0, z: 0 },
		rotation: { x: 158, y: -40, z: 5 },
		origin: { x: 0.5, y: 0.1, z: 0.5 },
		scale: 3.5
	},
	tpHandTransform: {
		translation: { x: -1.1, y: -0.9, z: -1.3 },
		rotation: { x: -80, y: -81, z: -1 },
		scale: 0.5
	},
	groundTransform: {
		translation: { x: 0, y: -0.188, z: 0 },
		rotation: { x: 180, y: 0, z: 0 },
		origin: { x: 0.5, y: 0.5, z: 0.5299 },
		scale: 2.5
	},
}