{
	"editor": {
		"allAngles": false,
		"entityTextureMode": false
	},
	"textureWidth": 16,
	"textureHeight": 16,
	"textureSizes": {
	},
	"textures": {
	},
	"elements": [
		{
			"name": "egg 3",
			"from": [ 5.8, -0.1, 8.0 ],
			"to": [ 7.3, 0.9, 10.0 ],
			"rotationOrigin": [ 6.8, 1.0, 9.0 ],
			"rotationY": -67.5,
			"faces": {
				"north": { "texture": "#duck_egg", "uv": [ 11.5, 13.0, 13.0, 14.0 ] },
				"east": { "texture": "#duck_egg", "uv": [ 13.5, 0.5, 15.5, 1.5 ] },
				"south": { "texture": "#duck_egg", "uv": [ 10.0, 11.0, 11.5, 12.0 ] },
				"west": { "texture": "#duck_egg", "uv": [ 11.0, 13.0, 13.0, 14.0 ] },
				"up": { "texture": "#duck_egg", "uv": [ 13.0, 0.0, 14.5, 2.0 ] },
				"down": { "texture": "#duck_egg", "uv": [ 14.5, 0.0, 16.0, 2.0 ] }
			},
			"attachmentpoints": [
				{
					"code": "Center",
					"posX": "0.0","posY": "0.0","posZ": "0.0",
					"rotationX": "0.0","rotationY": "0.0","rotationZ": "0.0"
				}
			]
		}
	]}