{
	code: "warhammerhead",
	variantgroups: [ { code: "metal", states: ["tinbronze","bismuthbronze","blackbronze","iron","meteoriciron","steel"]}, ],
	shape: { base: "shapes/clubs/warhammer" },
	textures: { 
	"metal": {base: "game:block/metal/ingot/{metal}"},
	"metaltwo": {base: "game:block/transparent"},
	"haft": {base: "game:block/transparent"} 
	},
	creativeinventory: { "general": ["*"], "swordz": ["*"]},
	fpHandTransform: {
		translation: { x: 0.9, y: -1.1, z: 0 },
		rotation: { x: -13, y: 85, z: 65 },
		scale: 3.2
	},
	guiTransform: {
		translation: { x: 14, y: 43, z: 0 },
		rotation: { x: 105, y: -68, z: 5 },
		origin: { x: 0.65, y: 0.1, z: 0.45 },
		scaleXyz: { x: -2.6, y: 2.6, z: 2.6 }
	},
	tpHandTransform: {
		translation: { x: 1.2, y: 0.05, z: 0.49 },
		rotation: { x: 0, y: 0, z: 0 },
		origin: { x: 0, y: 0, z: 0 },
		scale: 0.8
	},
	groundTransform: {
		translation: { x: 0, y: 0, z: 0 },
		rotation: { x: 90, y: 0, z: 0 },
		origin: { x: 0.5, y: 0.5, z: 0.5299 },
		scale: 3.2
	},
}