[
    {

        "ingredientPattern": "W_W,_W_",
        "ingredients": {
            "W": {
                "type": "item",
                "code": "canjewelry:canwirehank-*",
                "name": "metal-type",
                "allowedVariants": [ "tinbronze", "bismuthbronze", "blackbronze", "gold", "silver", "iron", "meteoriciron", "steel", "copper" ]
            }
        },
        "name": "can-cannosering-default-crafts",
        "width": 3,
        "height": 2,
        "output": {
            "type": "item",
            "code": "canjewelry:cannosering-normal",
            "quantity": 1,
            "attributes": {
                "metal": "{metal-type}"
            }
        }

    }
]