[
    {
        "ingredientPattern": "W_W,W_W,_W_",
        "ingredients": {
            "W": {
                "type": "item",
                "code": "canjewelry:canwirehank-*",
                "name": "metal-type",
                "quantity": 1,
                "allowedVariants": [ "tinbronze", "bismuthbronze", "blackbronze", "gold", "silver", "iron", "meteoriciron", "steel", "copper" ]
            }
        },
        "name": "can-nadiyanmetalnecklace",
        "width": 3,
        "height": 3,
        "output": {
            "type": "item",
            "code": "canjewelry:cannadiyannecklace-metal",
            "quantity": 1,
            "attributes": {
                "metal": "{metal-type}"
            }
        }

    },
    {
        "ingredientPattern": "LWL,_L_",
        "ingredients": {
            "W": {
                "type": "item",
                "code": "canjewelry:canwirehank-*",
                "name": "metal-type",
                "quantity": 1,
                "allowedVariants": [ "tinbronze", "bismuthbronze", "blackbronze", "gold", "silver", "iron", "meteoriciron", "steel", "copper" ]
            },
            "L": {
                "type": "item",
                "code": "game:leather-normal-*",
                "allowedVariants": [ "plain", "orange", "black", "red", "blue", "purple", "pink", "white", "yellow", "gray", "green" ],
                "quantity": 1,
                "name": "leather-type"
            }
        },
        "name": "can-nadiyanleathernecklace",
        "width": 3,
        "height": 2,
        "output": {
            "type": "item",
            "code": "canjewelry:cannadiyannecklace-leather",
            "quantity": 1,
            "attributes": {
                "leather": "{leather-type}"
            }
        }

    }
]