[
  {
    "file": "game:recipes/cooking/meatystew",
    "side": "server",
    "op": "add",
    "path": "/ingredients/0/validStacks/-",
    "value": {
      "type": "item",
      "code": "cannibalism:palemeat-raw",
      "shapeElement": "bowl/meat stew/*"
    }
  },
  {
    "file": "game:recipes/cooking/meatystew",
    "side": "server",
    "op": "add",
    "path": "/ingredients/2/validStacks/-",
    "value": {
      "type": "item",
      "code": "cannibalism:palemeat-raw",
      "shapeElement": "bowl/red meat/*",
      "textureMapping": [ "meat", "group6" ]
    }
  },
  {
    "file": "game:recipes/cooking/meatystew",
    "side": "server",
    "op": "add",
    "path": "/ingredients/3/validStacks/-",
    "value": {
      "type": "item",
      "code": "cannibalism:palemeat-raw",
      "shapeElement": "bowl/red meat/*",
      "textureMapping": [ "meat", "group6" ]
    }
  },
  {
    "file": "game:recipes/cooking/soup",
    "side": "server",
    "op": "add",
    "path": "/ingredients/4/validStacks/-",
    "value": {
      "type": "item",
      "code": "cannibalism:palemeat-raw",
      "shapeElement": "bowl/meat/*"
    }
  },

  {
    "file": "game:recipes/cooking/meatystew",
    "side": "server",
    "op": "add",
    "path": "/ingredients/0/validStacks/-",
    "value": {
      "type": "item",
      "code": "cannibalism:palemeat-cured",
      "shapeElement": "bowl/meat stew/*"
    }
  },
  {
    "file": "game:recipes/cooking/meatystew",
    "side": "server",
    "op": "add",
    "path": "/ingredients/2/validStacks/-",
    "value": {
      "type": "item",
      "code": "cannibalism:palemeat-cured",
      "shapeElement": "bowl/red meat/*",
      "textureMapping": [ "meat", "group6" ]
    }
  },
  {
    "file": "game:recipes/cooking/meatystew",
    "side": "server",
    "op": "add",
    "path": "/ingredients/3/validStacks/-",
    "value": {
      "type": "item",
      "code": "cannibalism:palemeat-cured",
      "shapeElement": "bowl/red meat/*",
      "textureMapping": [ "meat", "group6" ]
    }
  },
  {
    "file": "game:recipes/cooking/soup",
    "side": "server",
    "op": "add",
    "path": "/ingredients/4/validStacks/-",
    "value": {
      "type": "item",
      "code": "cannibalism:palemeat-cured",
      "shapeElement": "bowl/meat/*"
    }
  },
  
  {
    "file": "game:blocktypes/clay/pot",
    "side": "server",
    "op": "add",
    "path": "/attributesByType/claypot-cooked/textureMapping/palemeat-raw",
    "value": [ "meat", "group6" ]
  },
  {
    "file": "game:blocktypes/clay/pot",
    "side": "server",
    "op": "add",
    "path": "/attributesByType/claypot-cooked/textureMapping/palemeat-cured",
    "value": [ "meat", "group6" ]
  }
]