{
	"editor": {
		"collapsedPaths": "Root/origin/handle,Root/origin/blademiddle1/blademiddle2,Root/origin/blademiddle1/blade1S,Root/origin/handle1/blademiddle1/blade1,Root/origin/blademiddle5/blademiddle6/blademiddle7,Root/origin/blade20,Root/origin/blademiddle1/fuller1S,Root/origin/blademiddle1/fuller1N,Root/origin/blademiddle1/blade1N,Root/origin/blade anchor/spine1/spine2,Root/origin/Ricasso/Central Band,Root/origin/handle1/hilt1/blademiddle1,Root/origin/hilt/blademiddle1,Root/origin/handle1/blademiddle1,Root/origin/blademiddle5/blademiddle6,Root/origin/handle/hilt,Root/origin/blademiddle1/blade1S/blade2S,Root/origin/blademiddle1/blade1N/blade2N,Root/origin/handle1/guard,Root/origin/blademiddle9",
		"allAngles": false,
		"entityTextureMode": false
	},
	"textureWidth": 16,
	"textureHeight": 16,
	"textureSizes": {
		"metal": [16,16],
		"wood": [16,16],
		"handle": [16,16]
	},
	"textures": {
	},
	"elements": [
		{
			"name": "origin",
			"from": [ -0.8, 0.0, 8.0 ],
			"to": [ -0.8, 0.0, 8.0 ],
			"rotationOrigin": [ -0.8, 0.0, 8.0 ],
			"faces": {
			},
			"children": [
				{
					"name": "guard",
					"from": [ -0.2, -0.75, -2.05 ],
					"to": [ 0.8, 0.55, 1.25 ],
					"rotationOrigin": [ -0.2, 0.25, 0.2 ],
					"faces": {
						"north": { "texture": "#dmetal", "uv": [ 7.5, 9.0, 8.5, 10.0 ] },
						"east": { "texture": "#dmetal", "uv": [ 3.0, 10.5, 6.0, 11.5 ] },
						"south": { "texture": "#dmetal", "uv": [ 11.0, 1.0, 12.0, 2.0 ] },
						"west": { "texture": "#dmetal", "uv": [ 9.0, 0.5, 12.0, 1.5 ] },
						"up": { "texture": "#dmetal", "uv": [ 3.0, 9.0, 4.0, 12.0 ] },
						"down": { "texture": "#dmetal", "uv": [ 11.5, 2.5, 12.5, 5.5 ] }
					},
					"children": [
						{
							"name": "handguard 1",
							"from": [ 0.5, 0.35, -1.7 ],
							"to": [ 1.3, 1.05, -0.3 ],
							"rotationOrigin": [ 1.5, 1.2, 0.3 ],
							"rotationY": 50.0,
							"faces": {
								"north": { "texture": "#dmetal", "uv": [ 9.0, 9.5, 9.5, 10.0 ] },
								"east": { "texture": "#dmetal", "uv": [ 9.5, 3.0, 10.5, 3.5 ] },
								"west": { "texture": "#dmetal", "uv": [ 13.0, 13.0, 14.0, 13.5 ] },
								"up": { "texture": "#dmetal", "uv": [ 8.0, 10.0, 8.5, 11.0 ] },
								"down": { "texture": "#dmetal", "uv": [ 3.0, 0.5, 3.5, 1.5 ] }
							},
							"children": [
								{
									"name": "handguard 2",
									"from": [ 0.11, 0.01, -1.4 ],
									"to": [ 0.91, 0.71, 0.1 ],
									"rotationOrigin": [ 1.1, 0.75, 0.6 ],
									"rotationY": 11.5,
									"faces": {
										"north": { "texture": "#dmetal", "uv": [ 0.5, 9.0, 1.0, 9.5 ] },
										"east": { "texture": "#dmetal", "uv": [ 3.0, 11.0, 4.5, 11.5 ], "windMode": [-1,-1,-1,-1] },
										"west": { "texture": "#dmetal", "uv": [ 3.5, 1.0, 5.0, 1.5 ] },
										"up": { "texture": "#dmetal", "uv": [ 6.5, 1.0, 7.0, 2.5 ] },
										"down": { "texture": "#dmetal", "uv": [ 4.0, 4.5, 4.5, 6.0 ] }
									},
									"children": [
										{
											"name": "handguard 3",
											"from": [ -0.02, -0.01, -2.11 ],
											"to": [ 0.78, 0.69, -0.11 ],
											"rotationOrigin": [ 1.0, 0.75, -0.1 ],
											"rotationY": 28.5,
											"faces": {
												"north": { "texture": "#dmetal", "uv": [ 14.5, 0.5, 15.0, 1.0 ] },
												"east": { "texture": "#dmetal", "uv": [ 1.0, 2.0, 3.0, 2.5 ] },
												"west": { "texture": "#dmetal", "uv": [ 8.5, 1.5, 10.5, 2.0 ] },
												"up": { "texture": "#dmetal", "uv": [ 3.0, 12.0, 3.5, 14.0 ] },
												"down": { "texture": "#dmetal", "uv": [ 10.0, 12.5, 10.5, 14.5 ] }
											},
											"children": [
												{
													"name": "handguard knob",
													"from": [ -0.99, 0.0, -2.59 ],
													"to": [ -0.49, 0.7, -1.29 ],
													"rotationOrigin": [ -0.9887, 0.95, -0.3437 ],
													"rotationY": -87.5,
													"faces": {
														"north": { "texture": "#dmetal", "uv": [ 7.5, 9.0, 8.0, 9.5 ] },
														"east": { "texture": "#dmetal", "uv": [ 3.0, 10.5, 4.0, 11.0 ] },
														"south": { "texture": "#dmetal", "uv": [ 11.0, 1.0, 11.5, 1.5 ] },
														"west": { "texture": "#dmetal", "uv": [ 9.0, 0.5, 10.0, 1.0 ] },
														"up": { "texture": "#dmetal", "uv": [ 3.0, 9.0, 3.5, 10.0 ] },
														"down": { "texture": "#dmetal", "uv": [ 11.5, 2.5, 12.0, 3.5 ] }
													}
												}
											]
										}
									]
								}
							]
						},
						{
							"name": "Guard S1",
							"from": [ 0.0, 0.35, 3.2 ],
							"to": [ 1.0, 1.05, 4.7 ],
							"rotationOrigin": [ 0.0, 1.05, 3.2 ],
							"rotationY": 25.0,
							"faces": {
								"east": { "texture": "#dmetal", "uv": [ 4.5, 12.0, 6.0, 12.5 ] },
								"south": { "texture": "#dmetal", "uv": [ 11.5, 7.5, 12.5, 8.0 ] },
								"west": { "texture": "#dmetal", "uv": [ 12.0, 1.0, 13.5, 1.5 ] },
								"up": { "texture": "#dmetal", "uv": [ 0.5, 1.5, 1.5, 3.0 ] },
								"down": { "texture": "#dmetal", "uv": [ 10.0, 12.0, 11.0, 13.5 ] }
							},
							"children": [
								{
									"name": "Guard S2",
									"from": [ 0.0, -0.01, 1.5 ],
									"to": [ 1.0, 0.69, 3.5 ],
									"rotationOrigin": [ 0.0, 0.8, 1.5 ],
									"rotationY": 30.0,
									"faces": {
										"east": { "texture": "#dmetal", "uv": [ 8.5, 4.5, 10.5, 5.0 ] },
										"south": { "texture": "#dmetal", "uv": [ 3.5, 2.5, 4.5, 3.0 ] },
										"west": { "texture": "#dmetal", "uv": [ 5.5, 8.5, 7.5, 9.0 ] },
										"up": { "texture": "#dmetal", "uv": [ 7.0, 10.0, 8.0, 12.0 ] },
										"down": { "texture": "#dmetal", "uv": [ 13.0, 9.0, 14.0, 11.0 ] }
									}
								}
							]
						}
					]
				},
				{
					"name": "pommel",
					"from": [ -5.15, -0.6, -1.45 ],
					"to": [ -4.55, 0.7, 0.65 ],
					"rotationOrigin": [ -5.2, 0.35, 0.8 ],
					"rotationY": 5.0,
					"faces": {
						"north": { "texture": "#dmetal", "uv": [ 7.5, 9.0, 8.0, 10.0 ] },
						"east": { "texture": "#dmetal", "uv": [ 3.0, 10.5, 5.0, 11.5 ] },
						"south": { "texture": "#dmetal", "uv": [ 11.0, 1.0, 11.5, 2.0 ] },
						"west": { "texture": "#dmetal", "uv": [ 9.0, 0.5, 11.0, 1.5 ] },
						"up": { "texture": "#dmetal", "uv": [ 3.0, 9.0, 3.5, 11.0 ] },
						"down": { "texture": "#dmetal", "uv": [ 11.5, 2.5, 12.0, 4.5 ] }
					}
				},
				{
					"name": "ricasso",
					"from": [ 0.8, -0.3, -1.35 ],
					"to": [ 1.3, 0.2, 0.75 ],
					"rotationOrigin": [ 0.8, 0.65, 0.9 ],
					"faces": {
						"north": { "texture": "#dmetal", "uv": [ 7.5, 9.0, 8.0, 9.5 ] },
						"east": { "texture": "#dmetal", "uv": [ 3.0, 10.5, 5.0, 11.0 ] },
						"south": { "texture": "#dmetal", "uv": [ 11.0, 1.0, 11.5, 1.5 ] },
						"west": { "texture": "#dmetal", "uv": [ 9.0, 0.5, 11.0, 1.0 ] },
						"up": { "texture": "#dmetal", "uv": [ 3.0, 9.0, 3.5, 11.0 ] },
						"down": { "texture": "#dmetal", "uv": [ 11.5, 2.5, 12.0, 4.5 ] }
					}
				},
				{
					"name": "handle",
					"from": [ -4.7, -0.3, -0.95 ],
					"to": [ -0.2, 0.2, 0.55 ],
					"rotationOrigin": [ -0.7, 0.45, -0.2 ],
					"faces": {
						"north": { "texture": "#handle", "uv": [ 0.0, 13.0, 4.5, 13.5 ] },
						"south": { "texture": "#handle", "uv": [ 7.5, 7.0, 12.0, 7.5 ] },
						"west": { "texture": "#handle", "uv": [ 11.5, 6.0, 13.0, 6.5 ] },
						"up": { "texture": "#handle", "uv": [ 8.0, 8.5, 12.5, 10.0 ] },
						"down": { "texture": "#handle", "uv": [ 3.0, 9.5, 7.5, 11.0 ] }
					},
					"children": [
						{
							"name": "pin1",
							"from": [ 3.3, -0.05, 0.6 ],
							"to": [ 3.6, 0.55, 0.9 ],
							"rotationOrigin": [ 3.3, 0.85, 2.85 ],
							"faces": {
								"north": { "texture": "#metal", "uv": [ 7.5, 9.0, 8.0, 9.5 ] },
								"east": { "texture": "#metal", "uv": [ 3.0, 10.5, 3.5, 11.0 ] },
								"south": { "texture": "#metal", "uv": [ 11.0, 1.0, 11.5, 1.5 ] },
								"west": { "texture": "#metal", "uv": [ 9.0, 0.5, 9.5, 1.0 ] },
								"up": { "texture": "#metal", "uv": [ 3.0, 9.0, 3.5, 9.5 ] },
								"down": { "texture": "#metal", "uv": [ 11.5, 2.5, 12.0, 3.0 ] }
							}
						},
						{
							"name": "pin2",
							"from": [ 1.4, -0.05, 0.6 ],
							"to": [ 1.7, 0.55, 0.9 ],
							"rotationOrigin": [ 1.4, 0.95, 2.85 ],
							"faces": {
								"north": { "texture": "#metal", "uv": [ 7.5, 9.0, 8.0, 9.5 ] },
								"east": { "texture": "#metal", "uv": [ 3.0, 10.5, 3.5, 11.0 ] },
								"south": { "texture": "#metal", "uv": [ 11.0, 1.0, 11.5, 1.5 ] },
								"west": { "texture": "#metal", "uv": [ 9.0, 0.5, 9.5, 1.0 ] },
								"up": { "texture": "#metal", "uv": [ 3.0, 9.0, 3.5, 9.5 ] },
								"down": { "texture": "#metal", "uv": [ 11.5, 2.5, 12.0, 3.0 ] }
							}
						},
						{
							"name": "tang",
							"from": [ -0.2, 0.2, -0.05 ],
							"to": [ 4.5, 0.3, 1.54 ],
							"rotationOrigin": [ -0.2, 1.05, 2.15 ],
							"faces": {
								"north": { "texture": "#metal", "uv": [ 7.5, 9.0, 12.0, 9.5 ] },
								"east": { "texture": "#metal", "uv": [ 3.0, 10.5, 4.5, 11.0 ] },
								"south": { "texture": "#metal", "uv": [ 11.0, 1.0, 15.5, 1.5 ] },
								"west": { "texture": "#metal", "uv": [ 9.0, 0.5, 10.5, 1.0 ] },
								"up": { "texture": "#metal", "uv": [ 3.0, 9.0, 7.5, 10.5 ] },
								"down": { "texture": "#metal", "uv": [ 11.5, 2.5, 16.0, 4.0 ] }
							}
						}
					]
				},
				{
					"name": "blade anchor",
					"from": [ 0.8, 0.0, -8.0 ],
					"to": [ 0.8, 0.0, -8.0 ],
					"rotationOrigin": [ 0.8, 0.0, -8.0 ],
					"faces": {
						"north": { "texture": "#null", "uv": [ 0.0, 0.0, 0.5, 0.5 ] },
						"east": { "texture": "#null", "uv": [ 0.0, 0.0, 0.5, 0.5 ] },
						"south": { "texture": "#null", "uv": [ 0.0, 0.0, 0.5, 0.5 ] },
						"west": { "texture": "#null", "uv": [ 0.0, 0.0, 0.5, 0.5 ] },
						"up": { "texture": "#null", "uv": [ 0.0, 0.0, 0.5, 0.5 ] },
						"down": { "texture": "#null", "uv": [ 0.0, 0.0, 0.5, 0.5 ] }
					},
					"children": [
						{
							"name": "spine1",
							"from": [ 0.44, -0.22, 7.47 ],
							"to": [ 4.44, 0.155, 8.595 ],
							"rotationOrigin": [ 0.4388, -0.0375, 7.8405 ],
							"faces": {
								"north": { "texture": "#dmetal", "uv": [ 0.0, 6.5, 4.0, 7.0 ] },
								"east": { "texture": "#dmetal", "uv": [ 8.5, 0.5, 9.5, 1.0 ] },
								"south": { "texture": "#dmetal", "uv": [ 0.0, 8.5, 4.0, 9.0 ] },
								"up": { "texture": "#dmetal", "uv": [ 0.0, 4.5, 4.0, 5.5 ] },
								"down": { "texture": "#dmetal", "uv": [ 0.0, 8.0, 4.0, 9.0 ] }
							},
							"children": [
								{
									"name": "spine2",
									"from": [ 4.0, 0.0, 0.0 ],
									"to": [ 10.0, 0.375, 1.125 ],
									"rotationOrigin": [ 4.0206, 0.0075, -0.0252 ],
									"faces": {
										"north": { "texture": "#dmetal", "uv": [ 1.0, 5.5, 7.0, 6.0 ] },
										"east": { "texture": "#dmetal", "uv": [ 5.5, 8.0, 6.5, 8.5 ] },
										"south": { "texture": "#dmetal", "uv": [ 3.5, 6.5, 9.5, 7.0 ] },
										"up": { "texture": "#dmetal", "uv": [ 0.5, 11.5, 6.5, 12.5 ] },
										"down": { "texture": "#dmetal", "uv": [ 6.0, 9.0, 12.0, 10.0 ] }
									},
									"children": [
										{
											"name": "spine3",
											"from": [ 5.99, 0.0075, 0.0 ],
											"to": [ 8.34, 0.3825, 0.975 ],
											"rotationOrigin": [ 5.925, 0.1875, -0.05 ],
											"rotationY": -5.0,
											"faces": {
												"north": { "texture": "#dmetal", "uv": [ 4.0, 7.5, 6.0, 8.0 ] },
												"east": { "texture": "#dmetal", "uv": [ 9.5, 12.5, 10.0, 13.0 ] },
												"south": { "texture": "#dmetal", "uv": [ 5.5, 13.5, 7.5, 14.0 ], "windMode": [-1,-1,-1,-1] },
												"west": { "texture": "#dmetal", "uv": [ 5.5, 7.5, 6.0, 8.0 ] },
												"up": { "texture": "#dmetal", "uv": [ 11.5, 3.5, 13.5, 4.0 ] },
												"down": { "texture": "#dmetal", "uv": [ 6.0, 14.5, 8.0, 15.0 ] }
											}
										}
									]
								}
							]
						},
						{
							"name": "blade1",
							"from": [ 0.44, -0.1075, 6.72 ],
							"to": [ 8.34, 0.0425, 7.47 ],
							"rotationOrigin": [ 0.44, -0.0325, 6.72 ],
							"faces": {
								"north": { "texture": "#metal", "uv": [ 2.5, 8.5, 10.0, 9.0 ] },
								"west": { "texture": "#metal", "uv": [ 7.5, 9.0, 8.0, 9.5 ] },
								"up": { "texture": "#metal", "uv": [ 1.0, 5.0, 8.5, 5.5 ] },
								"down": { "texture": "#metal", "uv": [ 1.0, 11.0, 8.5, 11.5 ] }
							},
							"children": [
								{
									"name": "blade2",
									"from": [ 7.9, 0.0, 0.0 ],
									"to": [ 10.15, 0.15, 0.75 ],
									"rotationOrigin": [ 7.9, 0.0075, 0.0 ],
									"rotationY": -1.0,
									"faces": {
										"north": { "texture": "#metal", "uv": [ 1.0, 3.5, 3.0, 4.0 ] },
										"east": { "texture": "#metal", "uv": [ 2.0, 10.0, 2.5, 10.5 ] },
										"up": { "texture": "#metal", "uv": [ 4.5, 1.5, 6.5, 2.0 ] },
										"down": { "texture": "#metal", "uv": [ 6.5, 10.5, 8.5, 11.0 ] }
									}
								},
								{
									"name": "blade3",
									"from": [ 10.15, 0.0075, 0.0393 ],
									"to": [ 12.4, 0.1575, 0.7893 ],
									"rotationOrigin": [ 10.1497, 0.0, 0.0393 ],
									"rotationY": -6.0,
									"faces": {
										"north": { "texture": "#metal", "uv": [ 12.0, 8.5, 14.0, 9.0 ] },
										"east": { "texture": "#metal", "uv": [ 1.0, 11.5, 1.5, 12.0 ] },
										"up": { "texture": "#metal", "uv": [ 1.5, 13.5, 3.5, 14.0 ] },
										"down": { "texture": "#metal", "uv": [ 5.5, 4.0, 7.5, 4.5 ] }
									},
									"children": [
										{
											"name": "bladetip1",
											"from": [ 2.25, -0.0075, 0.0 ],
											"to": [ 3.75, 0.1425, 1.35 ],
											"rotationOrigin": [ 2.25, 0.075, 0.0 ],
											"rotationY": -7.0,
											"faces": {
												"north": { "texture": "#metal", "uv": [ 3.5, 1.5, 5.0, 2.0 ] },
												"east": { "texture": "#metal", "uv": [ 7.0, 1.0, 8.0, 1.5 ] },
												"south": { "texture": "#metal", "uv": [ 2.5, 14.5, 4.0, 15.0 ] },
												"up": { "texture": "#metal", "uv": [ 11.5, 4.5, 13.0, 5.5 ] },
												"down": { "texture": "#metal", "uv": [ 2.0, 11.0, 3.5, 12.0 ] }
											}
										},
										{
											"name": "bladetip2",
											"from": [ 3.7388, 0.0, 0.1828 ],
											"to": [ 4.8638, 0.15, 1.3828 ],
											"rotationOrigin": [ 3.7388, -0.0075, 0.1828 ],
											"rotationY": -22.0,
											"faces": {
												"north": { "texture": "#metal", "uv": [ 7.0, 13.0, 8.0, 13.5 ] },
												"east": { "texture": "#metal", "uv": [ 1.5, 4.5, 2.5, 5.0 ] },
												"south": { "texture": "#metal", "uv": [ 9.0, 6.0, 10.0, 6.5 ] },
												"up": { "texture": "#metal", "uv": [ 5.0, 4.0, 6.0, 5.0 ] },
												"down": { "texture": "#metal", "uv": [ 4.0, 7.0, 5.0, 8.0 ] }
											}
										},
										{
											"name": "bladetip3",
											"from": [ 4.2102, 0.03, 0.716 ],
											"to": [ 5.1102, 0.105, 1.616 ],
											"rotationOrigin": [ 4.5852, 0.075, 1.091 ],
											"rotationY": -62.0,
											"faces": {
												"north": { "texture": "#metal", "uv": [ 9.0, 14.0, 9.5, 14.5 ] },
												"east": { "texture": "#metal", "uv": [ 2.0, 10.0, 2.5, 10.5 ] },
												"south": { "texture": "#metal", "uv": [ 14.5, 11.0, 15.0, 11.5 ] },
												"west": { "texture": "#metal", "uv": [ 6.5, 11.0, 7.0, 11.5 ] },
												"up": { "texture": "#metal", "uv": [ 6.5, 1.0, 7.0, 1.5 ] },
												"down": { "texture": "#metal", "uv": [ 14.5, 3.5, 15.0, 4.0 ] }
											}
										}
									]
								}
							]
						}
					]
				}
			]
		}
	]}