{
	"editor": {
		"allAngles": false,
		"entityTextureMode": false
	},
	"textureWidth": 16,
	"textureHeight": 16,
	"textureSizes": {
		"south1": [32,32],
		"north1": [32,32],
		"southTinted1": [32,32],
		"northTinted1": [32,32]
	},
	"textures": {
	},
	"elements": [
		{
			"name": "origin",
			"from": [ 0.0, 0.0, 0.0 ],
			"to": [ 0.0, 0.0, 0.0 ],
			"rotationOrigin": [ 8.0, 0.0, 8.0 ],
			"faces": {
			},
			"children": [
				{
					"name": "flower",
					"from": [ 8.0, 0.0, 8.0 ],
					"to": [ 8.0, 0.0, 8.0 ],
					"rotationOrigin": [ 8.0, 0.0, 8.0 ],
					"faces": {
					},
					"children": [
						{
							"name": "face 6",
							"from": [ -16.0, 0.0, 0.0 ],
							"to": [ 16.0, 32.0, 0.0 ],
					"shade": false,
					"renderPass": 2,
							"rotationOrigin": [ 0.0, 0.0, 0.0 ],
							"rotationY": -22.5,
							"faces": {
								"north": { "texture": "#north1", "uv": [ 0.0, 0.0, 32.0, 32.0 ], "windMode": [0,2,2,0], "windData": [0,1,1,0] }
							}
						},
						{
							"name": "face 7",
							"from": [ -16.0, 0.0, 0.0 ],
							"to": [ 16.0, 32.0, 0.0 ],
					"shade": false,
					"renderPass": 2,
							"rotationOrigin": [ 0.0, 0.0, 0.0 ],
							"rotationY": 45.0,
							"faces": {
								"north": { "texture": "#south1", "uv": [ 0.0, 0.0, 32.0, 32.0 ], "windMode": [0,2,2,0], "windData": [0,1,1,0] }
							}
						},
						{
							"name": "face 8",
							"from": [ -16.0, 0.0, 0.0 ],
							"to": [ 16.0, 32.0, 0.0 ],
					"shade": false,
					"renderPass": 2,
							"rotationOrigin": [ 0.0, 0.0, 0.0 ],
							"rotationY": -67.5,
							"faces": {
								"north": { "texture": "#north1", "uv": [ 0.0, 0.0, 32.0, 32.0 ], "windMode": [0,2,2,0], "windData": [0,1,1,0] }
							}
						}
					]
				},
				{
					"name": "stem",
					"from": [ 8.0, 0.0, 8.0 ],
					"to": [ 8.0, 0.0, 8.0 ],
					"rotationOrigin": [ 8.0, 0.0, 8.0 ],
					"faces": {
					},
					"children": [
						{
							"name": "face 1",
							"from": [ -16.0, 0.0, 0.0 ],
							"to": [ 16.0, 32.0, 0.0 ],
					"shade": false,
					"renderPass": 2,
							"climateColorMap": "climatePlantTint",
							"seasonColorMap": "seasonalGrass",
							"rotationOrigin": [ 0.0, 0.0, 0.0 ],
							"rotationY": -22.5,
							"faces": {
								"north": { "texture": "#northTinted1", "uv": [ 0.0, 0.0, 32.0, 32.0 ], "windMode": [0,2,2,0], "windData": [0,1,1,0] }
							}
						},
						{
							"name": "face 2",
							"from": [ -16.0, 0.0, 0.0 ],
							"to": [ 16.0, 32.0, 0.0 ],
					"shade": false,
					"renderPass": 2,
							"climateColorMap": "climatePlantTint",
							"seasonColorMap": "seasonalGrass",
							"rotationOrigin": [ 0.0, 0.0, 0.0 ],
							"rotationY": 45.0,
							"faces": {
								"north": { "texture": "#southTinted1", "uv": [ 0.0, 0.0, 32.0, 32.0 ], "windMode": [0,2,2,0], "windData": [0,1,1,0] }
							}
						},
						{
							"name": "face 3",
							"from": [ -16.0, 0.0, 0.0 ],
							"to": [ 16.0, 32.0, 0.0 ],
					"shade": false,
					"renderPass": 2,
							"climateColorMap": "climatePlantTint",
							"seasonColorMap": "seasonalGrass",
							"rotationOrigin": [ 0.0, 0.0, 0.0 ],
							"rotationY": -67.5,
							"faces": {
								"north": { "texture": "#southTinted1", "uv": [ 0.0, 0.0, 32.0, 32.0 ], "windMode": [0,2,2,0], "windData": [0,1,1,0] }
							}
						}
					]
				}
			]
		}
	]}