{
	"editor": {
		"allAngles": false,
		"entityTextureMode": false
	},
	"textureWidth": 4,
	"textureHeight": 16,
	"textureSizes": {
		"roriduladentata": [4,16]
	},
	"textures": {
	},
	"elements": [
		{
			"name": "origin",
			"from": [ 0.0, 0.0, 0.0 ],
			"to": [ 0.0, 0.0, 0.0 ],
			"faces": {
			},
			"children": [
				{
					"name": "stem 1",
					"from": [ 7.8, 0.0, 8.0 ],
					"to": [ 8.2, 16.0, 8.0 ],
					"shade": false,
					"renderPass": 2,
					"rotationOrigin": [ 8.0, 0.0, 8.0 ],
					"faces": {
						"north": { "texture": "#roriduladentata", "uv": [ 0.0, 0.0, 0.5, 16.0 ], "windMode": [0,5,5,0], "windData": [0,1,1,0] }
					},
					"children": [
						{
							"name": "stemb 1",
							"from": [ 0.2, 0.0, -0.4 ],
							"to": [ 0.6, 16.0, -0.4 ],
					"shade": false,
					"renderPass": 2,
							"rotationOrigin": [ 0.5, 0.0, -0.1 ],
							"rotationY": 90.0,
							"faces": {
								"north": { "texture": "#roriduladentata", "uv": [ 0.0, 0.0, 0.5, 16.0 ], "windMode": [0,5,5,0], "windData": [0,1,1,0] }
							}
						},
						{
							"name": "upperstem 1",
							"from": [ 0.0, 16.0, 0.0 ],
							"to": [ 0.4, 28.0, 0.0 ],
					"shade": false,
					"renderPass": 2,
							"rotationOrigin": [ 0.5, 16.0, 0.0 ],
							"faces": {
								"north": { "texture": "#roriduladentata", "uv": [ 0.0, 0.0, 0.5, 12.0 ], "windMode": [5,5,5,5], "windData": [1,1,1,1] }
							},
							"children": [
								{
									"name": "upperstemb 1",
									"from": [ -0.3, 0.0, -0.3 ],
									"to": [ 0.1, 12.0, -0.3 ],
					"shade": false,
					"renderPass": 2,
									"rotationOrigin": [ 0.2, 0.0, -0.3 ],
									"rotationY": 90.0,
									"faces": {
										"north": { "texture": "#roriduladentata", "uv": [ 0.0, 0.0, 0.5, 12.0 ], "windMode": [5,5,5,5], "windData": [1,1,1,1] }
									}
								},
								{
									"name": "flower 1",
									"from": [ -0.8, 12.0, 0.0 ],
									"to": [ 1.2, 16.0, 0.0 ],
					"shade": false,
					"renderPass": 2,
									"rotationOrigin": [ 0.2, 12.0, 0.0 ],
									"faces": {
										"north": { "texture": "#roriduladentata", "uv": [ 1.0, 0.0, 4.0, 4.0 ], "autoUv": false, "windMode": [5,5,5,5], "windData": [1,2,2,1] }
									},
									"children": [
										{
											"name": "flowerb 1",
											"from": [ 0.0, 0.0, 0.0 ],
											"to": [ 2.0, 4.0, 0.0 ],
					"shade": false,
					"renderPass": 2,
											"rotationOrigin": [ 1.0, 0.0, 0.0 ],
											"rotationY": 90.0,
											"faces": {
												"north": { "texture": "#roriduladentata", "uv": [ 1.0, 0.0, 4.0, 4.0 ], "autoUv": false, "windMode": [5,5,5,5], "windData": [1,2,2,1] }
											}
										}
									]
								}
							]
						},
						{
							"name": "starburst a1",
							"from": [ 0.1, 5.0, 0.6 ],
							"to": [ 3.1, 5.0, 3.6 ],
					"shade": false,
					"renderPass": 2,
							"rotationOrigin": [ 1.6, 5.0, 2.1 ],
							"rotationX": 15.0,
							"rotationY": -22.5,
							"faces": {
								"up": { "texture": "#roriduladentata", "uv": [ 1.0, 7.0, 4.0, 10.0 ], "windMode": [5,5,5,5] }
							},
							"children": [
								{
									"name": "starburst a2",
									"from": [ 0.0, 0.0, 0.0 ],
									"to": [ 3.0, 0.0, 3.0 ],
					"shade": false,
					"renderPass": 2,
									"rotationOrigin": [ 1.5, 0.0, 1.5 ],
									"rotationX": -30.0,
									"rotationZ": 15.0,
									"faces": {
										"up": { "texture": "#roriduladentata", "uv": [ 1.0, 10.0, 4.0, 13.0 ], "windMode": [5,5,5,5] }
									},
									"children": [
										{
											"name": "starburst a3",
											"from": [ 0.0, 0.0, 0.0 ],
											"to": [ 3.0, 0.0, 3.0 ],
					"shade": false,
					"renderPass": 2,
											"rotationOrigin": [ 1.5, 0.0, 1.5 ],
											"rotationX": -15.0,
											"rotationZ": -30.0,
											"faces": {
												"up": { "texture": "#roriduladentata", "uv": [ 1.0, 13.0, 4.0, 16.0 ], "windMode": [5,5,5,5] }
											}
										}
									]
								}
							]
						},
						{
							"name": "starburst b1",
							"from": [ -2.9, 6.0, -0.4 ],
							"to": [ 0.1, 6.0, 2.6 ],
					"shade": false,
					"renderPass": 2,
							"rotationOrigin": [ -1.4, 6.0, 1.1 ],
							"rotationX": 15.0,
							"rotationY": 67.5,
							"faces": {
								"up": { "texture": "#roriduladentata", "uv": [ 1.0, 10.0, 4.0, 13.0 ], "windMode": [5,5,5,5] }
							},
							"children": [
								{
									"name": "starburst b2",
									"from": [ 0.0, 0.0, 0.0 ],
									"to": [ 3.0, 0.0, 3.0 ],
					"shade": false,
					"renderPass": 2,
									"rotationOrigin": [ 1.5, 0.0, 1.5 ],
									"rotationX": -30.0,
									"rotationZ": 15.0,
									"faces": {
										"up": { "texture": "#roriduladentata", "uv": [ 1.0, 7.0, 4.0, 10.0 ], "windMode": [5,5,5,5] }
									},
									"children": [
										{
											"name": "starburst b3",
											"from": [ 0.0, 0.0, 0.0 ],
											"to": [ 3.0, 0.0, 3.0 ],
					"shade": false,
					"renderPass": 2,
											"rotationOrigin": [ 1.5, 0.0, 1.5 ],
											"rotationX": -15.0,
											"rotationZ": -30.0,
											"faces": {
												"up": { "texture": "#roriduladentata", "uv": [ 1.0, 7.0, 4.0, 10.0 ], "windMode": [5,5,5,5] }
											}
										}
									]
								}
							]
						},
						{
							"name": "starburst c1",
							"from": [ -1.9, 8.0, -3.4 ],
							"to": [ 1.1, 8.0, -0.4 ],
					"shade": false,
					"renderPass": 2,
							"rotationOrigin": [ -0.4, 8.0, -1.9 ],
							"rotationX": 15.0,
							"rotationY": -22.5,
							"faces": {
								"up": { "texture": "#roriduladentata", "uv": [ 1.0, 13.0, 4.0, 16.0 ], "windMode": [5,5,5,5] }
							},
							"children": [
								{
									"name": "starburst c2",
									"from": [ 0.0, 0.0, 0.0 ],
									"to": [ 3.0, 0.0, 3.0 ],
					"shade": false,
					"renderPass": 2,
									"rotationOrigin": [ 1.5, 0.0, 1.5 ],
									"rotationX": -30.0,
									"rotationZ": 15.0,
									"faces": {
										"up": { "texture": "#roriduladentata", "uv": [ 1.0, 13.0, 4.0, 16.0 ], "windMode": [5,5,5,5] }
									},
									"children": [
										{
											"name": "starburst c3",
											"from": [ 0.0, 0.0, 0.0 ],
											"to": [ 3.0, 0.0, 3.0 ],
					"shade": false,
					"renderPass": 2,
											"rotationOrigin": [ 1.5, 0.0, 1.5 ],
											"rotationX": -15.0,
											"rotationZ": -30.0,
											"faces": {
												"up": { "texture": "#roriduladentata", "uv": [ 1.0, 13.0, 4.0, 16.0 ], "windMode": [5,5,5,5] }
											}
										}
									]
								}
							]
						},
						{
							"name": "starburst d1",
							"from": [ 1.1, 7.0, -2.4 ],
							"to": [ 4.1, 7.0, 0.6 ],
					"shade": false,
					"renderPass": 2,
							"rotationOrigin": [ 2.6, 7.0, -0.9 ],
							"rotationX": 15.0,
							"rotationY": -135.0,
							"faces": {
								"up": { "texture": "#roriduladentata", "uv": [ 1.0, 10.0, 4.0, 13.0 ], "windMode": [5,5,5,5] }
							},
							"children": [
								{
									"name": "starburst d2",
									"from": [ 0.0, 0.0, 0.0 ],
									"to": [ 3.0, 0.0, 3.0 ],
					"shade": false,
					"renderPass": 2,
									"rotationOrigin": [ 1.5, 0.0, 1.5 ],
									"rotationX": -30.0,
									"rotationZ": 15.0,
									"faces": {
										"up": { "texture": "#roriduladentata", "uv": [ 1.0, 7.0, 4.0, 10.0 ], "windMode": [5,5,5,5] }
									},
									"children": [
										{
											"name": "starburst d3",
											"from": [ 0.0, 0.0, 0.0 ],
											"to": [ 3.0, 0.0, 3.0 ],
					"shade": false,
					"renderPass": 2,
											"rotationOrigin": [ 1.5, 0.0, 1.5 ],
											"rotationX": -15.0,
											"rotationZ": -30.0,
											"faces": {
												"up": { "texture": "#roriduladentata", "uv": [ 1.0, 13.0, 4.0, 16.0 ], "windMode": [5,5,5,5] }
											}
										}
									]
								}
							]
						},
						{
							"name": "starburst e1",
							"from": [ 0.1, 10.0, -0.4 ],
							"to": [ 3.1, 10.0, 2.6 ],
					"shade": false,
					"renderPass": 2,
							"rotationOrigin": [ 1.6, 10.0, 1.1 ],
							"rotationX": 15.0,
							"faces": {
								"up": { "texture": "#roriduladentata", "uv": [ 1.0, 13.0, 4.0, 16.0 ], "windMode": [5,5,5,5] }
							},
							"children": [
								{
									"name": "starburst e2",
									"from": [ 0.0, 0.0, 0.0 ],
									"to": [ 3.0, 0.0, 3.0 ],
					"shade": false,
					"renderPass": 2,
									"rotationOrigin": [ 1.5, 0.0, 1.5 ],
									"rotationX": -30.0,
									"rotationZ": 15.0,
									"faces": {
										"up": { "texture": "#roriduladentata", "uv": [ 1.0, 7.0, 4.0, 10.0 ], "windMode": [5,5,5,5] }
									},
									"children": [
										{
											"name": "starburst e3",
											"from": [ 0.0, 0.0, 0.0 ],
											"to": [ 3.0, 0.0, 3.0 ],
					"shade": false,
					"renderPass": 2,
											"rotationOrigin": [ 1.5, 0.0, 1.5 ],
											"rotationX": -15.0,
											"rotationZ": -30.0,
											"faces": {
												"up": { "texture": "#roriduladentata", "uv": [ 1.0, 13.0, 4.0, 16.0 ], "windMode": [5,5,5,5] }
											}
										}
									]
								}
							]
						},
						{
							"name": "starburst f1",
							"from": [ -1.9, 12.0, -0.4 ],
							"to": [ 1.1, 12.0, 2.6 ],
					"shade": false,
					"renderPass": 2,
							"rotationOrigin": [ -0.4, 12.0, 1.1 ],
							"rotationX": 15.0,
							"rotationY": 45.0,
							"faces": {
								"up": { "texture": "#roriduladentata", "uv": [ 1.0, 10.0, 4.0, 13.0 ], "windMode": [5,5,5,5] }
							},
							"children": [
								{
									"name": "starburst f2",
									"from": [ 0.0, 0.0, 0.0 ],
									"to": [ 3.0, 0.0, 3.0 ],
					"shade": false,
					"renderPass": 2,
									"rotationOrigin": [ 1.5, 0.0, 1.5 ],
									"rotationX": -30.0,
									"rotationZ": 15.0,
									"faces": {
										"up": { "texture": "#roriduladentata", "uv": [ 1.0, 7.0, 4.0, 10.0 ], "windMode": [5,5,5,5] }
									},
									"children": [
										{
											"name": "starburst f3",
											"from": [ 0.0, 0.0, 0.0 ],
											"to": [ 3.0, 0.0, 3.0 ],
					"shade": false,
					"renderPass": 2,
											"rotationOrigin": [ 1.5, 0.0, 1.5 ],
											"rotationX": -15.0,
											"rotationZ": -30.0,
											"faces": {
												"up": { "texture": "#roriduladentata", "uv": [ 1.0, 13.0, 4.0, 16.0 ], "windMode": [5,5,5,5] }
											}
										}
									]
								}
							]
						},
						{
							"name": "starburst g1",
							"from": [ 0.1, 15.0, -2.4 ],
							"to": [ 3.1, 15.0, 0.6 ],
					"shade": false,
					"renderPass": 2,
							"rotationOrigin": [ 1.6, 15.0, -0.9 ],
							"rotationX": 15.0,
							"rotationY": -45.0,
							"faces": {
								"up": { "texture": "#roriduladentata", "uv": [ 1.0, 13.0, 4.0, 16.0 ], "windMode": [5,5,5,5] }
							},
							"children": [
								{
									"name": "starburst g2",
									"from": [ 0.0, 0.0, 0.0 ],
									"to": [ 3.0, 0.0, 3.0 ],
					"shade": false,
					"renderPass": 2,
									"rotationOrigin": [ 1.5, 0.0, 1.5 ],
									"rotationX": -30.0,
									"rotationZ": 15.0,
									"faces": {
										"up": { "texture": "#roriduladentata", "uv": [ 1.0, 13.0, 4.0, 16.0 ], "windMode": [5,5,5,5] }
									},
									"children": [
										{
											"name": "starburst g3",
											"from": [ 0.0, 0.0, 0.0 ],
											"to": [ 3.0, 0.0, 3.0 ],
					"shade": false,
					"renderPass": 2,
											"rotationOrigin": [ 1.5, 0.0, 1.5 ],
											"rotationX": -15.0,
											"rotationZ": -30.0,
											"faces": {
												"up": { "texture": "#roriduladentata", "uv": [ 1.0, 7.0, 4.0, 10.0 ], "windMode": [5,5,5,5], "windData": [0,1,0,0] }
											}
										}
									]
								}
							]
						},
						{
							"name": "starburst h1",
							"from": [ -0.9, 17.0, -1.5 ],
							"to": [ 2.1, 17.0, 1.5 ],
					"shade": false,
					"renderPass": 2,
							"rotationOrigin": [ 0.6, 17.0, 0.0 ],
							"rotationX": 15.0,
							"rotationY": 67.5,
							"faces": {
								"up": { "texture": "#roriduladentata", "uv": [ 1.0, 10.0, 4.0, 13.0 ], "windMode": [5,5,5,5], "windData": [1,1,1,1] }
							},
							"children": [
								{
									"name": "starburst h2",
									"from": [ 0.0, 0.0, 0.0 ],
									"to": [ 3.0, 0.0, 3.0 ],
					"shade": false,
					"renderPass": 2,
									"rotationOrigin": [ 1.5, 0.0, 1.5 ],
									"rotationX": -30.0,
									"rotationZ": 15.0,
									"faces": {
										"up": { "texture": "#roriduladentata", "uv": [ 1.0, 13.0, 4.0, 16.0 ], "windMode": [5,5,5,5], "windData": [0,1,1,1] }
									},
									"children": [
										{
											"name": "starburst h3",
											"from": [ 0.0, 0.0, 0.0 ],
											"to": [ 3.0, 0.0, 3.0 ],
					"shade": false,
					"renderPass": 2,
											"rotationOrigin": [ 1.5, 0.0, 1.5 ],
											"rotationX": -15.0,
											"rotationZ": -30.0,
											"faces": {
												"up": { "texture": "#roriduladentata", "uv": [ 1.0, 7.0, 4.0, 10.0 ], "windMode": [5,5,5,5], "windData": [1,1,1,1] }
											}
										}
									]
								}
							]
						},
						{
							"name": "starburst i1",
							"from": [ -0.9, 19.0, -1.5 ],
							"to": [ 2.1, 19.0, 1.5 ],
					"shade": false,
					"renderPass": 2,
							"rotationOrigin": [ 0.6, 19.0, 0.0 ],
							"rotationX": 15.0,
							"rotationY": -45.0,
							"faces": {
								"up": { "texture": "#roriduladentata", "uv": [ 1.0, 13.0, 4.0, 16.0 ], "windMode": [5,5,5,5], "windData": [1,1,1,1] }
							},
							"children": [
								{
									"name": "starburst i2",
									"from": [ 0.0, 1.0, 0.0 ],
									"to": [ 3.0, 1.0, 3.0 ],
					"shade": false,
					"renderPass": 2,
									"rotationOrigin": [ 1.5, 1.0, 1.5 ],
									"rotationX": -30.0,
									"rotationZ": 15.0,
									"faces": {
										"up": { "texture": "#roriduladentata", "uv": [ 1.0, 7.0, 4.0, 10.0 ], "windMode": [5,5,5,5], "windData": [1,1,1,1] }
									},
									"children": [
										{
											"name": "starburst i3",
											"from": [ 0.0, 1.0, 0.0 ],
											"to": [ 3.0, 1.0, 3.0 ],
					"shade": false,
					"renderPass": 2,
											"rotationOrigin": [ 1.5, 1.0, 1.5 ],
											"rotationX": -15.0,
											"rotationZ": -30.0,
											"faces": {
												"up": { "texture": "#roriduladentata", "uv": [ 1.0, 10.0, 4.0, 13.0 ], "windMode": [5,5,5,5], "windData": [1,1,1,1] }
											}
										}
									]
								}
							]
						},
						{
							"name": "starburst j1",
							"from": [ -0.9, 22.0, -1.5 ],
							"to": [ 2.1, 22.0, 1.5 ],
					"shade": false,
					"renderPass": 2,
							"rotationOrigin": [ 0.6, 22.0, 0.0 ],
							"rotationX": 15.0,
							"rotationY": 90.0,
							"faces": {
								"up": { "texture": "#roriduladentata", "uv": [ 1.0, 13.0, 4.0, 16.0 ], "windMode": [5,5,5,5], "windData": [1,1,1,1] }
							},
							"children": [
								{
									"name": "starburst j2",
									"from": [ 0.0, 1.0, 0.0 ],
									"to": [ 3.0, 1.0, 3.0 ],
					"shade": false,
					"renderPass": 2,
									"rotationOrigin": [ 1.5, 1.0, 1.5 ],
									"rotationX": -30.0,
									"rotationZ": 15.0,
									"faces": {
										"up": { "texture": "#roriduladentata", "uv": [ 1.0, 10.0, 4.0, 13.0 ], "windMode": [5,5,5,5], "windData": [1,1,1,1] }
									},
									"children": [
										{
											"name": "starburst j3",
											"from": [ 0.9, 0.6, 0.2 ],
											"to": [ 3.9, 0.6, 3.2 ],
					"shade": false,
					"renderPass": 2,
											"rotationOrigin": [ 2.4, 0.6, 1.7 ],
											"rotationX": -15.0,
											"rotationZ": -30.0,
											"faces": {
												"up": { "texture": "#roriduladentata", "uv": [ 1.0, 7.0, 4.0, 10.0 ], "windMode": [5,5,5,5], "windData": [1,1,1,1] }
											}
										}
									]
								}
							]
						},
						{
							"name": "starburst k1",
							"from": [ -0.9, 25.0, -1.5 ],
							"to": [ 2.1, 25.0, 1.5 ],
					"shade": false,
					"renderPass": 2,
							"rotationOrigin": [ 0.6, 25.0, 0.0 ],
							"rotationX": 15.0,
							"rotationY": -22.5,
							"faces": {
								"up": { "texture": "#roriduladentata", "uv": [ 1.0, 13.0, 4.0, 16.0 ], "windMode": [5,5,5,5], "windData": [1,1,1,1] }
							},
							"children": [
								{
									"name": "starburst k2",
									"from": [ 0.0, 1.0, 0.0 ],
									"to": [ 3.0, 1.0, 3.0 ],
					"shade": false,
					"renderPass": 2,
									"rotationOrigin": [ 1.5, 1.0, 1.5 ],
									"rotationX": -30.0,
									"rotationZ": 15.0,
									"faces": {
										"up": { "texture": "#roriduladentata", "uv": [ 1.0, 10.0, 4.0, 13.0 ], "windMode": [5,5,5,5], "windData": [1,1,1,1] }
									},
									"children": [
										{
											"name": "starburst k3",
											"from": [ 0.2, 0.8, 0.0 ],
											"to": [ 3.2, 0.8, 3.0 ],
					"shade": false,
					"renderPass": 2,
											"rotationOrigin": [ 1.7, 0.8, 1.5 ],
											"rotationX": -15.0,
											"rotationZ": -30.0,
											"faces": {
												"up": { "texture": "#roriduladentata", "uv": [ 1.0, 13.0, 4.0, 16.0 ], "windMode": [5,5,5,5], "windData": [1,1,1,1] }
											}
										}
									]
								}
							]
						}
					]
				}
			]
		}
	]}