{
	"editor": {
		"allAngles": false,
		"entityTextureMode": false
	},
	"textureWidth": 4,
	"textureHeight": 4,
	"textureSizes": {
		"leaves": [16,16],
		"bottom": [16,16],
		"flower": [4,4],
		"stem": [4,16]
	},
	"textures": {
	},
	"elements": [
		{
			"name": "origin 1",
			"from": [ 0.0, 0.0, 0.0 ],
			"to": [ 0.0, 0.0, 0.0 ],
			"rotationOrigin": [ 8.0, 0.0, 8.0 ],
			"faces": {
			},
			"children": [
				{
					"name": "center",
					"from": [ 8.0, 0.0, 8.0 ],
					"to": [ 8.0, 0.0, 8.0 ],
					"rotationOrigin": [ 8.0, 0.0, 8.0 ],
					"faces": {
					},
					"children": [
						{
							"name": "middle1",
							"from": [ -8.0, 0.0, 0.0 ],
							"to": [ 8.0, 16.0, 0.0 ],
							"shade": false,
							"climateColorMap": "",
							"seasonColorMap": "",
							"renderPass": 2,
							"rotationOrigin": [ 0.0, 0.0, 0.0 ],
							"rotationY": -75.0,
							"faces": {
								"north": { "texture": "#leaves", "uv": [ 0.0, 0.0, 16.0, 16.0 ], "windMode": [0,5,5,0], "windData": [0,1,1,0] }
							}
						},
						{
							"name": "middle2",
							"from": [ -8.0, 0.0, 0.0 ],
							"to": [ 8.0, 16.0, 0.0 ],
							"shade": false,
							"climateColorMap": "",
							"seasonColorMap": "",
							"renderPass": 2,
							"rotationOrigin": [ 0.0, 0.0, 0.0 ],
							"rotationY": -22.0,
							"faces": {
								"north": { "texture": "#leaves", "uv": [ 0.0, 0.0, 16.0, 16.0 ], "windMode": [0,5,5,0], "windData": [0,1,1,0] }
							}
						},
						{
							"name": "middle3",
							"from": [ -8.0, 0.0, 0.0 ],
							"to": [ 8.0, 16.0, 0.0 ],
							"shade": false,
							"climateColorMap": "",
							"seasonColorMap": "",
							"renderPass": 2,
							"rotationOrigin": [ 0.0, 0.0, 0.0 ],
							"rotationX": -180.0,
							"rotationY": -45.0,
							"rotationZ": -180.0,
							"faces": {
								"north": { "texture": "#leaves", "uv": [ 0.0, 0.0, 16.0, 16.0 ], "windMode": [0,5,5,0], "windData": [0,1,1,0] }
							}
						}
					]
				}
			]
		},
		{
			"name": "origin cobs",
			"from": [ 0.0, 0.0, 4.0 ],
			"to": [ 0.0, 0.0, 4.0 ],
			"rotationOrigin": [ 8.0, 0.0, 8.0 ],
			"rotationY": 10.0,
			"faces": {
			},
			"children": [
				{
					"name": "stem 3",
					"from": [ 6.8, 0.0, 4.2 ],
					"to": [ 7.4, 16.0, 4.8 ],
					"shade": false,
					"climateColorMap": "",
					"seasonColorMap": "",
					"renderPass": 1,
					"rotationOrigin": [ 7.3, 0.0, 4.7 ],
					"rotationZ": 5.0,
					"faces": {
						"north": { "texture": "#stem", "uv": [ 0.0, 0.0, 1.0, 16.0 ], "autoUv": false, "windMode": [0,5,5,0] },
						"east": { "texture": "#stem", "uv": [ 1.0, 0.0, 2.0, 16.0 ], "autoUv": false, "windMode": [0,5,5,0] },
						"south": { "texture": "#stem", "uv": [ 2.0, 0.0, 3.0, 16.0 ], "autoUv": false, "windMode": [0,0,5,5] },
						"west": { "texture": "#stem", "uv": [ 3.0, 0.0, 4.0, 16.0 ], "autoUv": false, "windMode": [0,0,5,5] }
					},
					"children": [
						{
							"name": "Flowerbase 3",
							"from": [ 0.0, 15.9, 0.0 ],
							"to": [ 0.6, 17.9, 0.6 ],
							"shade": false,
							"renderPass": 1,
							"rotationOrigin": [ 0.3, 15.9, 0.3 ],
							"rotationY": -22.5,
							"rotationZ": 1.0,
							"faces": {
								"north": { "texture": "#flower", "uv": [ 3.0, 0.0, 3.5, 2.0 ], "windMode": [5,5,5,5], "windData": [0,1,1,0] },
								"east": { "texture": "#flower", "uv": [ 3.0, 0.0, 3.5, 2.0 ], "windMode": [5,5,5,5], "windData": [0,1,1,0] },
								"south": { "texture": "#flower", "uv": [ 3.5, 0.0, 4.0, 2.0 ], "windMode": [5,5,5,5], "windData": [0,0,1,1] },
								"west": { "texture": "#flower", "uv": [ 3.5, 0.0, 4.0, 2.0 ], "windMode": [5,5,5,5], "windData": [0,0,1,1] },
								"down": { "texture": "#flower", "uv": [ 3.0, 1.5, 3.5, 2.0 ], "windMode": [5,5,5,5] }
							},
							"children": [
								{
									"name": "stamen 3",
									"from": [ 0.1, 0.1, 0.1 ],
									"to": [ 0.5, 2.3, 0.5 ],
									"shade": false,
									"rotationOrigin": [ 0.3, 0.1, 0.3 ],
									"rotationX": -2.0,
									"faces": {
										"north": { "texture": "#flower", "uv": [ 2.5, 0.0, 3.0, 2.0 ], "windMode": [5,5,5,5], "windData": [0,1,1,0] },
										"east": { "texture": "#flower", "uv": [ 2.5, 0.0, 3.0, 2.0 ], "windMode": [5,5,5,5], "windData": [0,1,1,0] },
										"south": { "texture": "#flower", "uv": [ 2.5, 0.0, 3.0, 2.0 ], "windMode": [5,5,5,5], "windData": [0,0,1,1] },
										"west": { "texture": "#flower", "uv": [ 2.5, 0.0, 3.0, 2.0 ], "windMode": [5,5,5,5], "windData": [0,0,1,1] },
										"up": { "texture": "#flower", "uv": [ 2.5, 0.0, 3.0, 0.5 ], "windMode": [5,5,5,5], "windData": [1,1,1,1] }
									}
								},
								{
									"name": "tip3",
									"from": [ 0.3, 1.9, -1.2 ],
									"to": [ 2.8, 1.9, 1.3 ],
									"shade": false,
									"renderPass": 1,
									"rotationOrigin": [ 0.3, 1.9, -1.2 ],
									"rotationX": -15.0,
									"rotationY": -45.0,
									"rotationZ": -5.0,
									"faces": {
										"up": { "texture": "#flower", "uv": [ 0.0, 0.0, 2.5, 2.5 ], "rotation": 180, "windMode": [5,5,5,5], "windData": [1,1,1,1] }
									},
									"children": [
										{
											"name": "Tapera3",
											"from": [ 0.5, -1.0, 0.5 ],
											"to": [ 1.5, 0.0, 0.5 ],
											"shade": false,
											"renderPass": 1,
											"rotationOrigin": [ 0.5, 0.0, 0.5 ],
											"rotationX": -22.0,
											"faces": {
												"north": { "texture": "#flower", "uv": [ 3.0, 0.0, 4.0, 1.0 ], "windMode": [5,5,5,5], "windData": [1,1,1,1] }
											}
										},
										{
											"name": "Taperb3",
											"from": [ 0.5, -1.0, 0.5 ],
											"to": [ 0.5, 0.0, 1.5 ],
											"shade": false,
											"renderPass": 1,
											"rotationOrigin": [ 0.5, 0.0, 0.5 ],
											"rotationZ": 28.0,
											"faces": {
												"east": { "texture": "#flower", "uv": [ 3.0, 0.0, 4.0, 1.0 ], "windMode": [5,5,5,5], "windData": [1,1,1,1] }
											}
										},
										{
											"name": "Taperc3",
											"from": [ 1.5, -1.0, 0.5 ],
											"to": [ 1.5, 0.0, 1.5 ],
											"shade": false,
											"renderPass": 1,
											"rotationOrigin": [ 1.5, 0.0, 0.5 ],
											"rotationZ": -20.0,
											"faces": {
												"east": { "texture": "#flower", "uv": [ 3.0, 0.0, 4.0, 1.0 ], "windMode": [5,5,5,5], "windData": [1,1,1,1] }
											}
										},
										{
											"name": "Taperd3",
											"from": [ 0.5, -1.0, 1.5 ],
											"to": [ 1.5, 0.0, 1.5 ],
											"shade": false,
											"renderPass": 1,
											"rotationOrigin": [ 0.5, 0.0, 1.5 ],
											"rotationX": 26.0,
											"faces": {
												"north": { "texture": "#flower", "uv": [ 3.0, 0.0, 4.0, 1.0 ], "windMode": [5,5,5,5], "windData": [1,1,1,1] }
											}
										}
									]
								}
							]
						}
					]
				},
				{
					"name": "stem 4",
					"from": [ 7.8, 0.0, 3.2 ],
					"to": [ 8.4, 16.0, 3.8 ],
					"shade": false,
					"climateColorMap": "",
					"seasonColorMap": "",
					"renderPass": 1,
					"rotationOrigin": [ 8.3, 0.0, 3.7 ],
					"rotationX": -2.0,
					"rotationZ": -5.0,
					"faces": {
						"north": { "texture": "#stem", "uv": [ 0.0, 0.0, 1.0, 16.0 ], "autoUv": false, "windMode": [0,5,5,0] },
						"east": { "texture": "#stem", "uv": [ 1.0, 0.0, 2.0, 16.0 ], "autoUv": false, "windMode": [0,5,5,0] },
						"south": { "texture": "#stem", "uv": [ 2.0, 0.0, 3.0, 16.0 ], "autoUv": false, "windMode": [0,0,5,5] },
						"west": { "texture": "#stem", "uv": [ 3.0, 0.0, 4.0, 16.0 ], "autoUv": false, "windMode": [0,0,5,5] }
					},
					"children": [
						{
							"name": "Flowerbase 4",
							"from": [ 0.0, 15.9, 0.0 ],
							"to": [ 0.6, 17.9, 0.6 ],
							"shade": false,
							"renderPass": 1,
							"rotationOrigin": [ 0.3, 15.9, 0.3 ],
							"rotationY": 67.5,
							"rotationZ": 1.0,
							"faces": {
								"north": { "texture": "#flower", "uv": [ 3.0, 0.0, 3.5, 2.0 ], "windMode": [5,5,5,5], "windData": [0,1,1,0] },
								"east": { "texture": "#flower", "uv": [ 3.0, 0.0, 3.5, 2.0 ], "windMode": [5,5,5,5], "windData": [0,1,1,0] },
								"south": { "texture": "#flower", "uv": [ 3.5, 0.0, 4.0, 2.0 ], "windMode": [5,5,5,5], "windData": [0,0,1,1] },
								"west": { "texture": "#flower", "uv": [ 3.5, 0.0, 4.0, 2.0 ], "windMode": [5,5,5,5], "windData": [0,0,1,1] },
								"down": { "texture": "#flower", "uv": [ 3.0, 1.5, 3.5, 2.0 ], "windMode": [5,5,5,5] }
							},
							"children": [
								{
									"name": "stamen 4",
									"from": [ 0.1, 0.1, 0.1 ],
									"to": [ 0.5, 2.3, 0.5 ],
									"shade": false,
									"rotationOrigin": [ 0.3, 0.1, 0.3 ],
									"rotationX": -2.0,
									"faces": {
										"north": { "texture": "#flower", "uv": [ 2.5, 0.0, 3.0, 2.0 ], "windMode": [5,5,5,5], "windData": [0,1,1,0] },
										"east": { "texture": "#flower", "uv": [ 2.5, 0.0, 3.0, 2.0 ], "windMode": [5,5,5,5], "windData": [0,1,1,0] },
										"south": { "texture": "#flower", "uv": [ 2.5, 0.0, 3.0, 2.0 ], "windMode": [5,5,5,5], "windData": [0,0,1,1] },
										"west": { "texture": "#flower", "uv": [ 2.5, 0.0, 3.0, 2.0 ], "windMode": [5,5,5,5], "windData": [0,0,1,1] },
										"up": { "texture": "#flower", "uv": [ 2.5, 0.0, 3.0, 0.5 ], "windMode": [5,5,5,5], "windData": [1,1,1,1] }
									}
								},
								{
									"name": "tip4",
									"from": [ 0.3, 1.9, -1.2 ],
									"to": [ 2.8, 1.9, 1.3 ],
									"shade": false,
									"renderPass": 1,
									"rotationOrigin": [ 0.3, 1.9, -1.2 ],
									"rotationX": -15.0,
									"rotationY": -45.0,
									"rotationZ": -5.0,
									"faces": {
										"up": { "texture": "#flower", "uv": [ 0.0, 0.0, 2.5, 2.5 ], "rotation": 180, "windMode": [5,5,5,5], "windData": [1,1,1,1] }
									},
									"children": [
										{
											"name": "Tapera4",
											"from": [ 0.5, -1.0, 0.5 ],
											"to": [ 1.5, 0.0, 0.5 ],
											"shade": false,
											"renderPass": 1,
											"rotationOrigin": [ 0.5, 0.0, 0.5 ],
											"rotationX": -22.0,
											"faces": {
												"north": { "texture": "#flower", "uv": [ 3.0, 0.0, 4.0, 1.0 ], "windMode": [5,5,5,5], "windData": [1,1,1,1] }
											}
										},
										{
											"name": "Taperb4",
											"from": [ 0.5, -1.0, 0.5 ],
											"to": [ 0.5, 0.0, 1.5 ],
											"shade": false,
											"renderPass": 1,
											"rotationOrigin": [ 0.5, 0.0, 0.5 ],
											"rotationZ": 28.0,
											"faces": {
												"east": { "texture": "#flower", "uv": [ 3.0, 0.0, 4.0, 1.0 ], "windMode": [5,5,5,5], "windData": [1,1,1,1] }
											}
										},
										{
											"name": "Taperc4",
											"from": [ 1.5, -1.0, 0.5 ],
											"to": [ 1.5, 0.0, 1.5 ],
											"shade": false,
											"renderPass": 1,
											"rotationOrigin": [ 1.5, 0.0, 0.5 ],
											"rotationZ": -20.0,
											"faces": {
												"east": { "texture": "#flower", "uv": [ 3.0, 0.0, 4.0, 1.0 ], "windMode": [5,5,5,5], "windData": [1,1,1,1] }
											}
										},
										{
											"name": "Taperd4",
											"from": [ 0.5, -1.0, 1.5 ],
											"to": [ 1.5, 0.0, 1.5 ],
											"shade": false,
											"renderPass": 1,
											"rotationOrigin": [ 0.5, 0.0, 1.5 ],
											"rotationX": 26.0,
											"faces": {
												"north": { "texture": "#flower", "uv": [ 3.0, 0.0, 4.0, 1.0 ], "windMode": [5,5,5,5], "windData": [1,1,1,1] }
											}
										}
									]
								}
							]
						}
					]
				},
				{
					"name": "stem 5",
					"from": [ 8.8, 0.0, 4.2 ],
					"to": [ 9.4, 12.0, 4.8 ],
					"shade": false,
					"climateColorMap": "",
					"seasonColorMap": "",
					"renderPass": 1,
					"rotationOrigin": [ 9.3, 0.0, 4.7 ],
					"rotationZ": -8.5,
					"faces": {
						"north": { "texture": "#stem", "uv": [ 0.0, 0.0, 1.0, 12.0 ], "autoUv": false, "windMode": [0,5,5,0] },
						"east": { "texture": "#stem", "uv": [ 1.0, 0.0, 2.0, 12.0 ], "autoUv": false, "windMode": [0,5,5,0] },
						"south": { "texture": "#stem", "uv": [ 2.0, 0.0, 3.0, 12.0 ], "autoUv": false, "windMode": [0,0,5,5] },
						"west": { "texture": "#stem", "uv": [ 3.0, 0.0, 4.0, 12.0 ], "autoUv": false, "windMode": [0,0,5,5] }
					},
					"children": [
						{
							"name": "Flowerbase 5",
							"from": [ 0.0, 11.9, 0.0 ],
							"to": [ 0.6, 13.9, 0.6 ],
							"shade": false,
							"renderPass": 1,
							"rotationOrigin": [ 0.3, 11.9, 0.3 ],
							"rotationY": 90.0,
							"rotationZ": 1.0,
							"faces": {
								"north": { "texture": "#flower", "uv": [ 3.0, 0.0, 3.5, 2.0 ], "windMode": [5,5,5,5] },
								"east": { "texture": "#flower", "uv": [ 3.0, 0.0, 3.5, 2.0 ], "windMode": [5,5,5,5] },
								"south": { "texture": "#flower", "uv": [ 3.5, 0.0, 4.0, 2.0 ], "windMode": [5,5,5,5] },
								"west": { "texture": "#flower", "uv": [ 3.5, 0.0, 4.0, 2.0 ], "windMode": [5,5,5,5] },
								"down": { "texture": "#flower", "uv": [ 3.0, 1.5, 3.5, 2.0 ], "windMode": [5,5,5,5] }
							},
							"children": [
								{
									"name": "stamen 5",
									"from": [ 0.1, 0.1, 0.1 ],
									"to": [ 0.5, 2.3, 0.5 ],
									"shade": false,
									"rotationOrigin": [ 0.3, 0.1, 0.3 ],
									"rotationX": -2.0,
									"faces": {
										"north": { "texture": "#flower", "uv": [ 2.5, 0.0, 3.0, 2.0 ], "windMode": [5,5,5,5] },
										"east": { "texture": "#flower", "uv": [ 2.5, 0.0, 3.0, 2.0 ], "windMode": [5,5,5,5] },
										"south": { "texture": "#flower", "uv": [ 2.5, 0.0, 3.0, 2.0 ], "windMode": [5,5,5,5] },
										"west": { "texture": "#flower", "uv": [ 2.5, 0.0, 3.0, 2.0 ], "windMode": [5,5,5,5] },
										"up": { "texture": "#flower", "uv": [ 2.5, 0.0, 3.0, 0.5 ], "windMode": [5,5,5,5] }
									}
								},
								{
									"name": "tip5",
									"from": [ 0.3, 1.9, -1.2 ],
									"to": [ 2.8, 1.9, 1.3 ],
									"shade": false,
									"renderPass": 1,
									"rotationOrigin": [ 0.3, 1.9, -1.2 ],
									"rotationX": -15.0,
									"rotationY": -45.0,
									"rotationZ": -5.0,
									"faces": {
										"up": { "texture": "#flower", "uv": [ 0.0, 0.0, 2.5, 2.5 ], "rotation": 180, "windMode": [5,5,5,5] }
									},
									"children": [
										{
											"name": "Tapera5",
											"from": [ 0.5, -1.0, 0.5 ],
											"to": [ 1.5, 0.0, 0.5 ],
											"shade": false,
											"renderPass": 1,
											"rotationOrigin": [ 0.5, 0.0, 0.5 ],
											"rotationX": -22.0,
											"faces": {
												"north": { "texture": "#flower", "uv": [ 3.0, 0.0, 4.0, 1.0 ], "windMode": [5,5,5,5] }
											}
										},
										{
											"name": "Taperb5",
											"from": [ 0.5, -1.0, 0.5 ],
											"to": [ 0.5, 0.0, 1.5 ],
											"shade": false,
											"renderPass": 1,
											"rotationOrigin": [ 0.5, 0.0, 0.5 ],
											"rotationZ": 28.0,
											"faces": {
												"east": { "texture": "#flower", "uv": [ 3.0, 0.0, 4.0, 1.0 ], "windMode": [5,5,5,5] }
											}
										},
										{
											"name": "Taperc5",
											"from": [ 1.5, -1.0, 0.5 ],
											"to": [ 1.5, 0.0, 1.5 ],
											"shade": false,
											"renderPass": 1,
											"rotationOrigin": [ 1.5, 0.0, 0.5 ],
											"rotationZ": -20.0,
											"faces": {
												"east": { "texture": "#flower", "uv": [ 3.0, 0.0, 4.0, 1.0 ], "windMode": [5,5,5,5] }
											}
										},
										{
											"name": "Taperd5",
											"from": [ 0.5, -1.0, 1.5 ],
											"to": [ 1.5, 0.0, 1.5 ],
											"shade": false,
											"renderPass": 1,
											"rotationOrigin": [ 0.5, 0.0, 1.5 ],
											"rotationX": 26.0,
											"faces": {
												"north": { "texture": "#flower", "uv": [ 3.0, 0.0, 4.0, 1.0 ], "windMode": [5,5,5,5] }
											}
										}
									]
								}
							]
						}
					]
				}
			]
		}
	]}