{
	"editor": {
		"backDropShape": "entity/humanoid/seraph-hairless",
		"allAngles": true,
		"entityTextureMode": true
	},
	"textureWidth": 64,
	"textureHeight": 64,
	"textureSizes": {
	},
	"textures": {
	},
	"elements": [
		{
			"name": "ArmorHelmet",
			"stepParentName": "Head",
			"from": [ 0.075, 0.075, -0.45 ],
			"to": [ 4.95, 4.2, 4.275 ],
			"unwrapMode": 1,
			"uv": [ 36.0, 17.5 ],
			"rotationOrigin": [ 0.075, 0.075, -0.45 ],
			"faces": {
				"north": { "texture": "#meteoric", "uv": [ 42.0, 23.5, 48.5, 29.0 ], "autoUv": false },
				"east": { "texture": "#meteoric", "uv": [ 36.0, 23.5, 42.0, 29.0 ], "autoUv": false },
				"south": { "texture": "#meteoric", "uv": [ 54.5, 23.5, 61.0, 29.0 ], "autoUv": false },
				"west": { "texture": "#meteoric", "uv": [ 48.5, 23.5, 54.5, 29.0 ], "autoUv": false },
				"up": { "texture": "#meteoric", "uv": [ 42.0, 17.5, 48.5, 23.5 ], "rotation": 180, "autoUv": false },
				"down": { "texture": "#meteoric", "uv": [ 42.0, 29.0, 48.5, 35.0 ], "autoUv": false }
			},
			"children": [
				{
					"name": "ArmorHelmetstrap",
					"from": [ 0.375, -0.375, 0.15 ],
					"to": [ 1.5, 0.375, 4.575 ],
					"unwrapMode": 5,
					"uv": [ 46.5, 1.0 ],
					"rotationOrigin": [ 0.375, -0.375, 0.15 ],
					"faces": {
						"north": { "texture": "#meteoric", "uv": [ 47.5, 1.0, 49.0, 2.0 ], "rotation": 180, "autoUv": false },
						"east": { "texture": "#meteoric", "uv": [ 49.0, 2.0, 50.0, 7.5 ], "rotation": 90, "autoUv": false },
						"south": { "texture": "#meteoric", "uv": [ 47.5, 7.5, 49.0, 8.5 ], "autoUv": false },
						"west": { "texture": "#meteoric", "uv": [ 46.5, 2.0, 47.5, 7.5 ], "rotation": 270, "autoUv": false },
						"up": { "texture": "#meteoric", "uv": [ 47.5, 2.0, 49.0, 7.5 ], "autoUv": false },
						"down": { "texture": "#meteoric", "uv": [ 50.0, 2.0, 51.5, 7.5 ], "autoUv": false }
					}
				},
				{
					"name": "ArmorHelmetFace",
					"from": [ -0.525, 2.1, 0.0 ],
					"to": [ 0.0, 4.125, 4.725 ],
					"unwrapMode": 1,
					"uv": [ 32.0, 35.5 ],
					"rotationOrigin": [ -0.375, 2.1, 0.0 ],
					"faces": {
						"north": { "texture": "#meteoric", "uv": [ 32.0, 41.5, 32.5, 44.0 ], "autoUv": false },
						"south": { "texture": "#meteoric", "uv": [ 38.5, 41.5, 39.0, 44.0 ], "autoUv": false },
						"west": { "texture": "#meteoric", "uv": [ 32.5, 41.5, 38.5, 44.0 ], "autoUv": false },
						"up": { "texture": "#meteoric", "uv": [ 32.0, 35.5, 32.5, 41.5 ], "rotation": 180, "autoUv": false },
						"down": { "texture": "#meteoric", "uv": [ 32.0, 44.0, 32.5, 50.0 ], "autoUv": false }
					},
					"children": [
						{
							"name": "ArmorHelmetNasal",
							"from": [ 0.0, -1.875, 1.95 ],
							"to": [ 0.375, 0.0, 2.7 ],
							"unwrapMode": 1,
							"uv": [ 32.5, 35.5 ],
							"rotationOrigin": [ 0.0, -1.125, 1.95 ],
							"faces": {
								"north": { "texture": "#meteoric", "uv": [ 32.5, 35.5, 33.0, 38.0 ], "autoUv": false },
								"south": { "texture": "#meteoric", "uv": [ 34.0, 35.5, 34.5, 38.0 ], "autoUv": false },
								"west": { "texture": "#meteoric", "uv": [ 33.0, 35.5, 34.0, 38.0 ], "autoUv": false },
								"down": { "texture": "#meteoric", "uv": [ 32.5, 38.0, 33.0, 39.0 ], "autoUv": false }
							},
							"children": [
								{
									"name": "ArmorOcularL",
									"from": [ 0.0, 0.375, 0.75 ],
									"to": [ 0.375, 1.125, 2.25 ],
									"autoUnwrap": false,
									"uv": [ 42.0, 36.5 ],
									"rotationOrigin": [ 0.0, 0.375, 0.75 ],
									"faces": {
										"north": { "texture": "#meteoric", "uv": [ 33.5, 35.0, 34.0, 36.0 ], "autoUv": false },
										"south": { "texture": "#meteoric", "uv": [ 32.0, 49.0, 32.5, 50.0 ], "autoUv": false },
										"west": { "texture": "#meteoric", "uv": [ 46.5, 20.0, 48.5, 21.0 ], "autoUv": false },
										"up": { "texture": "#meteoric", "uv": [ 32.0, 46.5, 32.5, 48.5 ], "autoUv": false },
										"down": { "texture": "#meteoric", "uv": [ 32.0, 44.5, 32.5, 46.5 ], "autoUv": false }
									}
								},
								{
									"name": "ArmorOcularR",
									"from": [ 0.0, 0.375, -1.5 ],
									"to": [ 0.375, 1.125, 0.0 ],
									"autoUnwrap": false,
									"uv": [ 41.5, 18.0 ],
									"rotationOrigin": [ 0.0, 0.375, 0.0 ],
									"faces": {
										"north": { "texture": "#meteoric", "uv": [ 32.0, 45.5, 32.5, 46.5 ], "autoUv": false },
										"south": { "texture": "#meteoric", "uv": [ 38.5, 33.5, 39.0, 34.5 ], "autoUv": false },
										"west": { "texture": "#meteoric", "uv": [ 42.5, 20.0, 44.5, 21.0 ], "autoUv": false },
										"up": { "texture": "#meteoric", "uv": [ 35.5, 42.0, 36.0, 44.0 ], "autoUv": false },
										"down": { "texture": "#meteoric", "uv": [ 38.5, 30.5, 39.0, 32.5 ], "autoUv": false }
									}
								},
								{
									"name": "R",
									"from": [ 0.0, 0.75, -1.875 ],
									"to": [ 0.525, 1.875, -1.5 ],
									"autoUnwrap": false,
									"uv": [ 37.0, 21.0 ],
									"rotationOrigin": [ 0.0, 0.75, -1.875 ],
									"faces": {
										"north": { "texture": "#meteoric", "uv": [ 39.0, 24.0, 39.5, 25.5 ], "autoUv": false },
										"south": { "texture": "#meteoric", "uv": [ 33.5, 35.5, 34.0, 37.0 ], "autoUv": false },
										"west": { "texture": "#meteoric", "uv": [ 39.0, 25.5, 39.5, 27.0 ], "autoUv": false },
										"down": { "texture": "#meteoric", "uv": [ 39.0, 24.5, 39.5, 25.0 ], "autoUv": false }
									}
								},
								{
									"name": "L",
									"from": [ 0.0, 0.75, 2.25 ],
									"to": [ 0.525, 1.875, 2.625 ],
									"autoUnwrap": false,
									"uv": [ 37.0, 21.0 ],
									"rotationOrigin": [ 0.0, 0.75, 2.25 ],
									"faces": {
										"north": { "texture": "#meteoric", "uv": [ 39.0, 24.0, 39.5, 25.5 ], "autoUv": false },
										"south": { "texture": "#meteoric", "uv": [ 33.5, 35.5, 34.0, 37.0 ], "autoUv": false },
										"west": { "texture": "#meteoric", "uv": [ 39.0, 25.5, 39.5, 27.0 ], "autoUv": false },
										"down": { "texture": "#meteoric", "uv": [ 39.0, 24.5, 39.5, 25.0 ], "autoUv": false }
									}
								}
							]
						}
					]
				},
				{
					"name": "ArmorHelmetTop",
					"from": [ 0.375, 4.125, 0.375 ],
					"to": [ 4.5, 4.725, 4.275 ],
					"unwrapMode": 1,
					"uv": [ 31.0, 30.0 ],
					"rotationOrigin": [ 0.375, 4.125, 0.375 ],
					"faces": {
						"north": { "texture": "#meteoric", "uv": [ 36.0, 35.0, 41.5, 35.5 ], "autoUv": false },
						"east": { "texture": "#meteoric", "uv": [ 31.0, 35.0, 36.0, 35.5 ], "autoUv": false },
						"south": { "texture": "#meteoric", "uv": [ 46.5, 35.0, 52.0, 35.5 ], "autoUv": false },
						"west": { "texture": "#meteoric", "uv": [ 41.5, 35.0, 46.5, 35.5 ], "autoUv": false },
						"up": { "texture": "#meteoric", "uv": [ 36.0, 30.0, 41.5, 35.0 ], "rotation": 180, "autoUv": false }
					}
				}
			]
		}
	]}