{
	"editor": {
		"backDropShape": "entity/humanoid/seraph-hairless",
		"allAngles": true,
		"entityTextureMode": true
	},
	"textureWidth": 64,
	"textureHeight": 64,
	"textureSizes": {
	},
	"textures": {
	},
	"elements": [
		{
			"name": "ArmorHelmet",
			"stepParentName": "Head",
			"from": [ 0.075, 0.0, -0.45 ],
			"to": [ 4.95, 4.125, 4.275 ],
			"unwrapMode": 1,
			"uv": [ 36.0, 17.5 ],
			"rotationOrigin": [ 0.075, 0.0, -0.45 ],
			"faces": {
				"north": { "texture": "#material", "uv": [ 42.0, 23.5, 48.5, 29.0 ], "autoUv": false },
				"east": { "texture": "#material", "uv": [ 36.0, 23.5, 42.0, 29.0 ], "autoUv": false },
				"south": { "texture": "#material", "uv": [ 54.5, 23.5, 61.0, 29.0 ], "autoUv": false },
				"west": { "texture": "#material", "uv": [ 48.5, 23.5, 54.5, 29.0 ], "autoUv": false },
				"up": { "texture": "#material", "uv": [ 42.0, 17.5, 48.5, 23.5 ], "rotation": 180, "autoUv": false },
				"down": { "texture": "#material", "uv": [ 42.0, 29.0, 48.5, 35.0 ], "autoUv": false }
			},
			"children": [
				{
					"name": "ArmorHelmetstrap",
					"from": [ 0.375, -0.375, 0.15 ],
					"to": [ 1.5, 0.375, 4.575 ],
					"unwrapMode": 5,
					"uv": [ 46.5, 1.0 ],
					"rotationOrigin": [ 0.375, -0.375, 0.15 ],
					"faces": {
						"north": { "texture": "#material", "uv": [ 47.5, 1.0, 49.0, 2.0 ], "rotation": 180, "autoUv": false },
						"east": { "texture": "#material", "uv": [ 49.0, 2.0, 50.0, 7.5 ], "rotation": 90, "autoUv": false },
						"south": { "texture": "#material", "uv": [ 47.5, 7.5, 49.0, 8.5 ], "autoUv": false },
						"west": { "texture": "#material", "uv": [ 46.5, 2.0, 47.5, 7.5 ], "rotation": 270, "autoUv": false },
						"up": { "texture": "#material", "uv": [ 47.5, 2.0, 49.0, 7.5 ], "autoUv": false },
						"down": { "texture": "#material", "uv": [ 50.0, 2.0, 51.5, 7.5 ], "autoUv": false }
					}
				},
				{
					"name": "ArmorHelmetFace",
					"from": [ -0.525, 2.25, 0.0 ],
					"to": [ 0.0, 4.125, 4.725 ],
					"unwrapMode": 1,
					"uv": [ 32.0, 35.5 ],
					"rotationOrigin": [ -0.375, 2.25, 0.0 ],
					"faces": {
						"north": { "texture": "#material", "uv": [ 32.0, 41.5, 32.5, 44.0 ], "autoUv": false },
						"south": { "texture": "#material", "uv": [ 38.5, 41.5, 39.0, 44.0 ], "autoUv": false },
						"west": { "texture": "#material", "uv": [ 32.5, 41.5, 38.5, 44.0 ], "autoUv": false },
						"up": { "texture": "#material", "uv": [ 32.0, 35.5, 32.5, 41.5 ], "rotation": 180, "autoUv": false },
						"down": { "texture": "#material", "uv": [ 32.0, 44.0, 32.5, 50.0 ], "autoUv": false }
					},
					"children": [
						{
							"name": "OcularR",
							"from": [ 0.0, -1.35, 0.0 ],
							"to": [ 0.525, 0.0, 0.75 ],
							"autoUnwrap": false,
							"uv": [ 54.5, 31.5 ],
							"rotationOrigin": [ 0.0, -1.35, 0.0 ],
							"faces": {
								"north": { "texture": "#material", "uv": [ 52.5, 31.0, 53.0, 32.5 ], "autoUv": false },
								"south": { "texture": "#material", "uv": [ 52.5, 31.0, 53.0, 32.5 ], "autoUv": false },
								"west": { "texture": "#material", "uv": [ 52.5, 31.0, 53.5, 32.5 ], "autoUv": false },
								"down": { "texture": "#material", "uv": [ 52.5, 30.0, 53.0, 31.0 ], "autoUv": false }
							},
							"children": [
								{
									"name": "CheekR",
									"from": [ 0.0, -0.6, 0.75 ],
									"to": [ 0.375, 0.525, 1.95 ],
									"autoUnwrap": false,
									"uv": [ 49.5, 39.0 ],
									"rotationOrigin": [ 0.0, -0.6, 0.75 ],
									"faces": {
										"north": { "texture": "#material", "uv": [ 52.5, 31.0, 53.0, 32.5 ], "autoUv": false },
										"south": { "texture": "#material", "uv": [ 52.5, 30.0, 53.0, 31.5 ], "autoUv": false },
										"west": { "texture": "#material", "uv": [ 50.5, 31.0, 52.0, 32.5 ], "autoUv": false },
										"up": { "texture": "#material", "uv": [ 52.5, 31.5, 53.0, 33.0 ], "autoUv": false },
										"down": { "texture": "#material", "uv": [ 52.5, 32.0, 53.0, 33.5 ], "autoUv": false }
									}
								}
							]
						},
						{
							"name": "OcularL",
							"from": [ 0.0, -1.35, 3.975 ],
							"to": [ 0.525, 0.0, 4.725 ],
							"autoUnwrap": false,
							"uv": [ 0.0, 0.0 ],
							"rotationOrigin": [ 0.0, -1.35, 3.975 ],
							"faces": {
								"north": { "texture": "#material", "uv": [ 52.5, 31.0, 53.0, 32.5 ], "autoUv": false },
								"south": { "texture": "#material", "uv": [ 52.5, 31.0, 53.0, 32.5 ], "autoUv": false },
								"west": { "texture": "#material", "uv": [ 52.0, 31.0, 53.0, 32.5 ], "autoUv": false },
								"down": { "texture": "#material", "uv": [ 52.5, 30.0, 53.0, 31.0 ], "autoUv": false }
							},
							"children": [
								{
									"name": "CheekL",
									"from": [ 0.0, -0.6, -1.275 ],
									"to": [ 0.375, 0.525, 0.0 ],
									"autoUnwrap": false,
									"uv": [ 53.5, 36.0 ],
									"rotationOrigin": [ 0.0, -0.6, -1.275 ],
									"faces": {
										"north": { "texture": "#material", "uv": [ 52.5, 31.5, 53.0, 33.0 ], "autoUv": false },
										"south": { "texture": "#material", "uv": [ 52.5, 30.0, 53.0, 31.5 ], "autoUv": false },
										"west": { "texture": "#material", "uv": [ 53.5, 31.0, 55.0, 32.5 ], "autoUv": false },
										"up": { "texture": "#material", "uv": [ 52.5, 31.5, 53.0, 33.0 ], "autoUv": false },
										"down": { "texture": "#material", "uv": [ 52.5, 30.0, 53.0, 31.5 ], "autoUv": false }
									}
								}
							]
						}
					]
				},
				{
					"name": "ArmorHelmetTop",
					"from": [ 0.375, 4.125, 0.375 ],
					"to": [ 4.5, 4.725, 4.275 ],
					"unwrapMode": 1,
					"uv": [ 31.0, 30.0 ],
					"rotationOrigin": [ 0.375, 4.125, 0.375 ],
					"faces": {
						"north": { "texture": "#material", "uv": [ 36.0, 35.0, 41.5, 35.5 ], "autoUv": false },
						"east": { "texture": "#material", "uv": [ 31.0, 35.0, 36.0, 35.5 ], "autoUv": false },
						"south": { "texture": "#material", "uv": [ 46.5, 35.0, 52.0, 35.5 ], "autoUv": false },
						"west": { "texture": "#material", "uv": [ 41.5, 35.0, 46.5, 35.5 ], "autoUv": false },
						"up": { "texture": "#material", "uv": [ 36.0, 30.0, 41.5, 35.0 ], "rotation": 180, "autoUv": false }
					}
				}
			]
		}
	]}