[
	{
		"file": "fatemplar:recipes/grid/armor/balance/fa-templar-body-balance-recipe",
		"op": "replace",
		"path": "/0",
		"value": {
		ingredientPattern: "ABC,DE_,GHI",
		recipeGroup: 1,
		ingredients: {
			"C":  { type: "item", code: "game:cloth-*", name: "color", 
					allowedVariants: [
					"plain",
					"blue",
					"red",
					"yellow",
					"green",
					"purple",
					"pink",
					"orange",
					"brown",
					"gray",
					"black",
					"white"
				], quantity: 2
			},
			"B": { type: "item", code: "game:metalnailsandstrips-steel", quantity: 2
			},
			"D": { type: "item", code: "game:metalplate-steel"
			},
			"E": { type: "item", code: "game:armor-body-scale-steel"
			},
			"A": { type: "item", code: "game:armor-body-sewn-linen"
			},
			"G": { type: "item", code: "game:hammer-*", isTool: true, toolDurabilityCost: 100
			},
			"H": { type: "item", code: "fa-templar-schematic"
			},
			"I": { type: "item", code: "game:leather-sturdy-plain", quantity: 4
			}
		},
		width: 3,
		height: 3,
		name: "templar body plain",
		output: { type: "item", code: "fa-templar-body-balance-steel-{color}"
			}
		}
	},
	{
		"file": "fatemplar:recipes/grid/armor/balance/fa-templar-body-balance-recipe",
		"op": "replace",
		"path": "/1",
		"value": {
		ingredientPattern: "ABC,DE_,GHI",
		recipeGroup: 1,
		ingredients: {
			"C":  { type: "item", code: "game:cloth-*", name: "color", 
					allowedVariants: [
					"plain",
					"blue",
					"red",
					"yellow",
					"green",
					"purple",
					"pink",
					"orange",
					"brown",
					"gray",
					"black",
					"white"
				], quantity: 2
			},
			"B": { type: "item", code: "game:metalnailsandstrips-meteoriciron", quantity: 2
			},
			"D": { type: "item", code: "game:metalplate-meteoriciron"
			},
			"E": { type: "item", code: "game:armor-body-scale-meteoriciron"
			},
			"A": { type: "item", code: "game:armor-body-sewn-linen"
			},
			"G": { type: "item", code: "game:hammer-*", isTool: true, toolDurabilityCost: 100
			},
			"H": { type: "item", code: "fa-templar-schematic"
			},
			"I": { type: "item", code: "game:leather-normal-plain", quantity: 4
			}
		},
		width: 3,
		height: 3,
		name: "templar body plain",
		output: { type: "item", code: "fa-templar-body-balance-meteoriciron-{color}"
			}
		}
	},
	{
		"file": "fatemplar:recipes/grid/armor/balance/fa-templar-body-balance-recipe",
		"op": "replace",
		"path": "/2",
		"value": {
		ingredientPattern: "ABC,DE_,GHI",
		recipeGroup: 1,
		ingredients: {
			"C":  { type: "item", code: "game:cloth-*", name: "color", 
					allowedVariants: [
					"plain",
					"blue",
					"red",
					"yellow",
					"green",
					"purple",
					"pink",
					"orange",
					"brown",
					"gray",
					"black",
					"white"
				], quantity: 2
			},
			"B": { type: "item", code: "game:metalnailsandstrips-iron", quantity: 2
			},
			"D": { type: "item", code: "game:metalplate-iron"
			},
			"E": { type: "item", code: "game:armor-body-scale-iron"
			},
			"A": { type: "item", code: "game:armor-body-sewn-linen"
			},
			"G": { type: "item", code: "game:hammer-*", isTool: true, toolDurabilityCost: 100
			},
			"H": { type: "item", code: "fa-templar-schematic"
			},
			"I": { type: "item", code: "game:leather-normal-plain", quantity: 4
			}
		},
		width: 3,
		height: 3,
		name: "templar body plain",
		output: { type: "item", code: "fa-templar-body-balance-iron-{color}"
			},
		},
	}
]