{
    code: "creature",
    class: "ItemCreature",
    maxstacksize: 64,
    variantgroups: [
        { code: "type", states: [
            "sheep-bighorn-male-lamb", "sheep-bighorn-female-lamb", 
            "chicken-male-chick", "chicken-female-chick", 
            "pig-wild-male-piglet", "pig-wild-female-piglet", 
            "wolf-male-pup", "wolf-female-pup",
            "fox-male-pup-red", "fox-female-pup-red", "fox-male-pup-arctic", "fox-female-pup-arctic",
            "raccoon-male-pup", "raccoon-female-pup",
            "hyena-male-pup", "hyena-female-pup",
            "gazelle-male-calf", "gazelle-female-calf",
            "hare-male-baby", "hare-female-baby",
            ] }
    ],
    shapeByType: {
        "*-sheep-bighorn-*-lamb": { base: "game:entity/land/sheep-bighorn-lamb" },
        "*-chicken-*-chick": { base: "game:entity/land/chicken-baby" },
        "*-pig-wild-*-piglet": { base: "game:entity/land/pig-wild-piglet" },
        "*-wolf-*-pup": { base: "game:entity/land/wolf-pup" },
		"creature-fox-*-pup-*": { "base": "game:entity/land/fox-pup" },
        "*-raccoon-*": { base: "game:entity/land/raccoon-pup" },
        "*-hyena-*": { base: "game:entity/land/hyena-pup" },
        "*-gazelle-*": { base: "game:entity/land/gazelle-calf" },
		"*-hare-*-baby": { "base": "game:entity/land/hare-baby" },
        "*": { base: "game:entity/land/{type}" }
    },
    texturesByType: {
		"creature-fox-*-pup-red": {"skin": { "base": "game:entity/fox/red-pup" }},
		"creature-fox-*-pup-arctic": {"skin": { "base": "game:entity/fox/arctic-pup" }},
		"*-gazelle-*-calf": { "skin": { base: "game:entity/gazelle/calf" }},
		"*-hare-*-baby": {"skin": { "base": "game:entity/hare/baby-brown" }},
    },
    creativeinventory: { "general": ["*"], "items": ["*"], "creatures": ["*"] },
    materialDensity: 600,
    guiTransformByType: {
        "creature-chicken-*-chick": {
            rotate: true,
            translation: { x: 2, y: 0, z: 0 },
            rotation: { x: -11, y: -15, z: -171 },
            origin: { x: 0.5, y: 0.15, z: 0.5 },
            scale: 4.5
        },
        "creature-sheep-bighorn-*-lamb": {
            rotate: true,
            translation: { x: 1, y: -1, z: 0 },
            rotation: { x: -11, y: -52, z: -180 },
            origin: { x: 0.5, y: 0.4, z: 0.5 },
            scale: 1.86
        },
        "creature-pig-wild-*-piglet": {
            rotate: true,
            translation: { x: 2, y: 2, z: 0 },
            rotation: { x: -5, y: -36, z: -180 },
            origin: { x: 0.5, y: 0.17, z: 0.5 },
            scale: 3
        },
		"creature-wolf-*-pup": {
			rotate: true,
			translation: { x: 3, y: 0, z: 0 },
			rotation: { x: -12, y: -48, z: -180 },
			origin: { x: 0.5, y: 0.3, z: 0.5 },
			scale: 2.18
		},
		"creature-fox-*-pup-*": {
			rotate: true,
			translation: { x: 3, y: 0, z: 0 },
			rotation: { x: -12, y: -48, z: -180 },
			origin: { x: 0.5, y: 0.3, z: 0.5 },
			scale: 2.18
		},
		"creature-raccoon-*-pup": {
			rotate: true,
			translation: { x: 3, y: 0, z: 0 },
			rotation: { x: -12, y: -48, z: -180 },
			origin: { x: 0.5, y: 0.2, z: 0.5 },
			scale: 3
		},
		"creature-hyena-*-pup": {
			rotate: true,
			translation: { x: 3, y: 0, z: 0 },
			rotation: { x: -12, y: -48, z: -180 },
			origin: { x: 0.5, y: 0.3, z: 0.5 },
			scale: 2.18
		},
		"creature-gazelle-*": {
			rotate: true,
			translation: { x: 3, y: 0, z: 0 },
			rotation: { x: -11, y: -52, z: -180 },
			origin: { x: 0.5, y: 0.8, z: 0.5 },
			scale: 0.97
		},
		"creature-hare-*": {
			rotate: true,
			translation: { x: 2, y: 0, z: 0 },
			rotation: { x: 4, y: -59, z: -180 },
			origin: { x: 0.54, y: 0.28, z: 0.5 },
			scale: 2.6
		},
		"creature-deer-*": {
			rotate: true,
			translation: { x: 3, y: 0, z: 0 },
			rotation: { x: -11, y: -52, z: -180 },
			origin: { x: 0.5, y: 0.8, z: 0.5 },
			scale: 0.97
		},
    },
    
    tpHandTransformByType: {
        "creature-chicken-*-chick": {
            translation: { x: -0.6, y: -0.1, z: -0.5 },
            rotation: { x: -156, y: -19, z: -82 },
            origin: { x: 0.5, y: 0.1, z: 0.5 },
            scale: 0.9
        },
        "creature-sheep-bighorn-*-lamb": {
            translation: { x: -0.4, y: 0, z: -0.6 },
            rotation: { x: -160, y: -26, z: -90 },
            origin: { x: 0.5, y: 0.1, z: 0.5 },
            scale: 0.73
        },
        "creature-pig-wild-*-piglet": {
            translation: { x: -0.4, y: -0.1, z: -0.4 },
            rotation: { x: -136, y: -19, z: -135 },
            origin: { x: 0.5, y: 0.1, z: 0.5 },
            scale: 0.92
        },
		"creature-wolf-*-pup": {
			translation: { x: -0.4, y: 0, z: -0.5 },
			rotation: { x: -160, y: -26, z: -90 },
			origin: { x: 0.5, y: 0.1, z: 0.5 },
			scale: 0.92
		},
		"creature-fox-*-pup-*": {
			translation: { x: -1, y: -0.2, z: -0.6 },
			rotation: { x: 17, y: -173, z: 68 },
			origin: { x: 0.5, y: 0.2, z: 0.5 },
			scale: 0.61
		},
		"creature-raccoon-*-pup": {
			translation: { x: -0.8, y: -0.4, z: -0.5 },
			rotation: { x: -180, y: 0, z: -156 },
			scale: 0.75
		},
		"creature-hyena-*-pup": {
			translation: { x: -0.4, y: 0, z: -0.5 },
			rotation: { x: -160, y: -26, z: -90 },
			origin: { x: 0.5, y: 0.1, z: 0.5 },
			scale: 0.92
		},
		"creature-gazelle-*": {
			translation: { x: -0.9, y: -0.9, z: -0.7 },
			rotation: { x: -180, y: 0, z: -156 },
			scale: 0.45
		},
		"creature-hare-*-baby": {
			translation: { x: -0.6, y: -0.1, z: -0.3 },
			rotation: { x: -180, y: 0, z: -156 },
			scale: 1
		},
		"creature-deer-*": {
			translation: { x: -0.9, y: -0.9, z: -0.7 },
			rotation: { x: -180, y: 0, z: -156 },
			scale: 0.45
		},
    },
    fpHandTransformByType: {
        "creature-chicken-*-chick": {
            translation: { x: 0.5, y: 0.3, z: 0 },
            rotation: { x: -180, y: -119, z: -180 },
            scale: 2
        },
        "creature-sheep-bighorn-*-lamb": {
            translation: { x: 0.4, y: 0, z: 0 },
            rotation: { x: -8, y: -63, z: -7 }
        },
        "creature-pig-wild-*-piglet": {
            translation: { x: 0.5, y: 0.1, z: 0 },
            rotation: { x: -180, y: -95, z: -180 },
            scale: 1.36
        },
		"creature-wolf-*-pup": {
			translation: { x: 0.4, y: 0.1, z: 0 },
			rotation: { x: -180, y: -78, z: -180 },
			scale: 1.21
		},
		"creature-fox-*-pup-*": {
			translation: { x: 0.4, y: 0.1, z: 0 },
			rotation: { x: -180, y: -78, z: -180 },
			scale: 1.21
		},
		"creature-raccoon-*-pup": {
			translation: { x: 0.2, y: 0, z: 0.5 },
			rotation: { x: -155, y: -99, z: -180 },
			scale: 1.7
		},
		"creature-hyena-*-pup": {
			translation: { x: 0.4, y: 0.1, z: 0 },
			rotation: { x: -180, y: -78, z: -180 },
			scale: 1.21
		},
		"creature-gazelle-*": {
			translation: { x: 0.2, y: 0, z: 0 },
			rotation: { x: -8, y: -63, z: -7 }
		},
		"creature-hare-*-baby": {
			translation: { x: 0.4, y: 0.1, z: 0 },
			rotation: { x: -180, y: -78, z: -180 },
			scale: 1.21
		},
    },
	
	groundTransformByType: {
		"creature-deer-*": {
			translation: { x: 0.2, y: 0, z: 0 },
			rotation: { x: -8, y: -63, z: -7 }
		},
	}
}
