{
	"editor": {
		"backDropShape": "entity/land/basiccart",
		"allAngles": false,
		"entityTextureMode": false
	},
	"textureWidth": 16,
	"textureHeight": 16,
	"textureSizes": {
		"blanket": [16,24]
	},
	"textures": {
	},
	"elements": [
		{
			"name": "ORIGIN",
			"stepParentName": "Blanket",
			"from": [ 21.5, 0.0, 24.0 ],
			"to": [ 21.5, 1.0, 24.0 ],
			"rotationOrigin": [ 21.5, 0.0, 24.0 ],
			"rotationY": 90.0,
			"faces": {
				"north": { "texture": "#blanket", "uv": [ 0.0, 0.0, 0.5, 1.0 ] },
				"east": { "texture": "#blanket", "uv": [ 0.0, 0.0, 0.5, 1.0 ] },
				"south": { "texture": "#blanket", "uv": [ 0.0, 0.0, 0.5, 1.0 ] },
				"west": { "texture": "#blanket", "uv": [ 0.0, 0.0, 0.5, 1.0 ] },
				"up": { "texture": "#blanket", "uv": [ 0.0, 0.0, 0.5, 0.5 ] },
				"down": { "texture": "#blanket", "uv": [ 0.0, 0.0, 0.5, 0.5 ] }
			},
			"children": [
				{
					"name": "CartBlanket",
					"from": [ -8.0, 0.0, -16.0 ],
					"to": [ 24.0, 0.21, 32.0 ],
					"rotationOrigin": [ -8.0, 0.0, -16.0 ],
					"faces": {
						"north": { "texture": "#blanket", "uv": [ 1.0, 0.0, 15.0, 0.5 ], "autoUv": false },
						"east": { "texture": "#blanket", "uv": [ 1.0, 0.0, 1.5, 23.5 ], "rotation": 90, "autoUv": false },
						"south": { "texture": "#blanket", "uv": [ 1.0, 0.0, 15.0, 0.5 ], "autoUv": false },
						"west": { "texture": "#blanket", "uv": [ 1.0, 0.0, 1.5, 23.5 ], "rotation": 90, "autoUv": false },
						"up": { "texture": "#blanket", "uv": [ 1.0, 0.0, 15.0, 23.5 ], "autoUv": false, "windMode": [-1,-1,-1,-1] },
						"down": { "texture": "#blanket", "uv": [ 1.0, 0.0, 15.0, 23.5 ], "autoUv": false, "windMode": [-1,-1,-1,-1] }
					}
				}
			]
		}
	]}