{
  "code": "spellcipherempty",
  "class": "ItemSpellCipherEmptyRM",
  "enabled": true,

  "storageFlags": 131073,

  "variantgroups": [
    {
      "code": "tier",
      "states": [
        "tier1",
        "tier2",
        "tier3"
      ]
    },
    {
      "code": "type",
      "states": [
        "light",
        "neutral",
        "dark"
      ]
    },
    {
      "code": "school",
      "states": [
        "none",
        "evocation",
        "alteration",
        "incantation",
        "conjuration"
      ]
    }
  ],
  //"skipVariants": [ "*-nospell", "*-transmutation", "*-lifetap", "*-imbueelement", "*-familiar", "*-rustvolley", "*-firevolley", "*-watervolley", "*-windvolley", "*-earthvolley", "*-lightningvolley", "*-frostvolley", "*-naturevolley", "*-arcanevolley", "*-sneakingsteps", "*-wateringdew", "*-ignite" ],

  "creativeinventory": {
    "general": [ "*" ],
    "items": [ "*" ],
    "rustboundmagicciphers": [ "*" ]
  },

  "maxstacksize": 1,
  "materialDensity": 1200,

  "shapebytype": {
    "*": {
      "base": "items/spells/spellcipher"
    }
  },
  "texturesByType": {
    "*-tier1-*": {
      "default": { "base": "default" },
      "synthesiscipherskin": { "base": "items/synthesis/cipher/cipher-{type}-main" },
      "synthesiscipherskindecal": { "base": "items/synthesis/cipher/cipher-{type}-spellrune1" },
      "icon": { "base": "items/grimoire/schoolsymbol-{school}" }
    },
    "*-tier2-*": {
      "default": { "base": "default" },
      "synthesiscipherskin": { "base": "items/synthesis/cipher/cipher-{type}-main" },
      "synthesiscipherskindecal": { "base": "items/synthesis/cipher/cipher-{type}-spellrune2" },
      "icon": { "base": "items/grimoire/schoolsymbol-{school}" }
    },
    "*-tier3-*": {
      "default": { "base": "default" },
      "synthesiscipherskin": { "base": "items/synthesis/cipher/cipher-{type}-main" },
      "synthesiscipherskindecal": { "base": "items/synthesis/cipher/cipher-{type}-spellrune3" },
      "icon": { "base": "items/grimoire/schoolsymbol-{school}" }
    },

    //--------//--------//--------//--------//

    "*": {
      "default": { "base": "default" },
      "synthesiscipherskin": { "base": "items/synthesis/synthesiscipher-blank" },
      "synthesiscipherskindecal": { "base": "items/synthesis/synthesiscipher-spellrunes1" },
      "icon": { "base": "items/spells/{type}" }
    }
  },

  "attributesByType": {
    "*": {
      "displaycaseable": true,
      "onDisplayTransform": {
        "translation": {
          "x": 0,
          "y": -0.482,
          "z": -0.055
        },
        "rotation": {
          "x": 90,
          "y": 0,
          "z": 0
        },
        "scale": 0.5
      },
      "shelvable": true,
      "onshelfTransform": {
        "translation": {
          "x": 0,
          "y": -0.482,
          "z": -0.055
        },
        "rotation": {
          "x": 90,
          "y": 0,
          "z": 0
        },
        "scale": 0.5
      },
      "scrollrackable": true,
      "onscrollrackTransform": {
        "translation": {
          "x": -0.67,
          "y": -0.11,
          "z": 0.5
        },
        "rotation": {
          "x": 0,
          "y": 0,
          "z": -90
        },
        "origin": {
          "x": 0.5,
          "y": 0.1,
          "z": 0.5
        },
        "scale": 0.7
      },
      "handbookByType": {
        "*-light-*": {
          "groupByByType": {
            "*": [ "synthesiscipher-*" ]
          },
          "extraSections": [
            {
              "title": "game:Created by",
              "text": "rustboundmagic:handbook-thaumicworkbenchlightessenceinfusion-text"
            },
            {
              "title": "rustboundmagic:handbook-usedinthespellforge-title",
              "text": "rustboundmagic:handbook-usedinthespellforge-text"
            }
          ]
        },
        "*-neutral-*": {
          "groupByByType": {
            "*": [ "synthesiscipher-*" ]
          },
          "extraSections": [
            {
              "title": "game:Created by",
              "text": "rustboundmagic:handbook-thaumicworkbenchneutralessenceinfusion-text"
            },
            {
              "title": "rustboundmagic:handbook-usedinthespellforge-title",
              "text": "rustboundmagic:handbook-usedinthespellforge-text"
            }
          ]
        },
        "*-dark-*": {
          "groupByByType": {
            "*": [ "synthesiscipher-*" ]
          },
          "extraSections": [
            {
              "title": "game:Created by",
              "text": "rustboundmagic:handbook-thaumicworkbenchdarkessenceinfusion-text"
            },
            {
              "title": "rustboundmagic:handbook-usedinthespellforge-title",
              "text": "rustboundmagic:handbook-usedinthespellforge-text"
            }
          ]
        }
      }
    }
  },

  "guiTransform": {
    "translation": {
      "x": 0,
      "y": 0,
      "z": 0
    },
    "rotation": {
      "x": -159,
      "y": -33,
      "z": 13
    },
    "origin": {
      "x": 0.4,
      "y": 0.57,
      "z": 0.4
    },
    "scale": 2.07
  },
  "fpHandTransform": {
    "translation": {
      "x": 0.15,
      "y": -0.5,
      "z": 0
    },
    "rotation": {
      "x": -180,
      "y": 59,
      "z": 180
    },
    "origin": {
      "x": 0.5,
      "y": 0.5,
      "z": 0.1
    },
    "scale": 2.5
  },
  "tpHandTransform": {
    "translation": {
      "x": 0,
      "y": 0,
      "z": 0
    },
    "rotation": {
      "x": 5,
      "y": 180,
      "z": 0
    },
    "origin": {
      "x": -0.97,
      "y": -1.37,
      "z": -1.28
    },
    "scale": 0.65
  },
  "groundTransform": {
    "translation": {
      "x": 0,
      "y": 0,
      "z": 0
    },
    "rotation": {
      "x": 90,
      "y": 0,
      "z": 0
    },
    "origin": {
      "x": 0.5,
      "y": -0,
      "z": 0.52
    },
    "scale": 3
  }
}
