[
	{
		ingredientPattern: "A	L",
		ingredients: {
			"A": { type: "item", code: "swordz:axe-*", isTool: true  },
			"L": { type: "block", code: "game:log-*", allowedVariants: ["placed-birch-ud", "placed-oak-ud", "placed-maple-ud", "placed-pine-ud", "placed-acacia-ud", "placed-redwood-ud", "placed-larch-ud", "placed-baldcypress-ud", "placed-walnut-ud"] }
		},
		width: 1,
		height: 2,
		output: { type: "item", code: "game:firewood", quantity: 4  }
	},
	
	{
		ingredientPattern: "A	L",
		ingredients: {
			"A": { type: "item", code: "swordz:axe-*", isTool: true  },
			"L": { type: "block", code: "game:logsection-placed-*" }
		},
		width: 1,
		height: 2,
		output: { type: "item", code: "game:firewood", quantity: 4  }
	},

	{
		ingredientPattern: "A	L",
		ingredients: {
			"A": { type: "item", code: "swordz:axe-*", isTool: true  },
			"L": { type: "block", code: "game:log-*", allowedVariants: ["placed-kapok-ud", "placed-purpleheart-ud", "placed-ebony-ud"] }
		},
		width: 1,
		height: 2,
		name: "Kapok Firewood",
		output: { type: "item", code: "game:firewood", quantity: 3  }
	},
	{
	ingredientPattern: "AS_	PSP",
	ingredients: {
		"A": { type: "item", code: "swordz:axe-*", isTool: true  },
		"P": { type: "block", code: "game:log-placed-*-ud", name: "wood", allowedVariants: ["birch", "oak", "maple", "pine", "acacia", "kapok", "aged", "baldcypress", "larch", "redwood", "walnut"] },
		"S": { type: "item", code: "game:stick" }
	},
	width: 3,
	height: 2,
	output: { type: "block", code: "game:roughhewnfence-{wood}-ew-free", quantity: 8  }
	},
	{
	ingredientPattern: "APS	PSP	SPS",
	ingredients: {
		"A": { type: "item", code: "swordz:axe-*", isTool: true  },
		"P": { type: "block", code: "game:log-placed-*-ud", name: "wood", allowedVariants: ["birch", "oak", "maple", "pine", "acacia", "kapok", "aged", "baldcypress", "larch", "redwood", "walnut"] },
		"S": { type: "item", code: "game:stick" }
	},
	width: 3,
	height: 3,
	output: { type: "block", code: "game:roughhewnfencegate-{wood}-n-closed-free", quantity: 2  }
	},
	{
		name: "Crude door",
		ingredientPattern: "AS,PS,PS",
		ingredients: {
			"A": { type: "item", code: "swordz:axe-*", isTool: true  },
			"P": { type: "block", code: "game:log-placed-*-ud", name: "wood" },
			"S": { type: "item", code: "game:stick" }
		},
		width: 2,
		height: 3,
		output: { type: "block", code: "game:door-crude"  }
	},	
	{
		ingredientPattern: "AHL",
		ingredients: {
			"A": { type: "item", code: "swordz:axe-*", isTool: true  },
			"H": { type: "item", code: "game:hammer-*", isTool: true  },
			"L": { type: "block", code: "game:log-placed-*-ud", name: "wood" }
		},
		width: 3,
		height: 1,
		shapeless: true,
		output: { type: "block", code: "game:debarkedlog-{wood}-ud", quantity: 1  }
	}
	
	
	
	
	
	
	
	
	
	
	
	
	
	
	
	
	
	
	
	
	
]