{
	"code": "entityfamiliar",
	"class": "EntityPetRM",
	"habitatByType": {
		"*-wisp-*": "Air",
		"*-supporter1-2": "Air",
		"*": "Land"
	},
	"enabled": true,

	"variantgroups": [
		{
			"code": "type",
			"states": [
				"bear",
				"wolf",
				"hare",
				"pig",
				"fox",
				"chicken",
				"rooster",
				"raccoon",
				"ram",
				"ewe",
				"drifter",
				"locust",
				"drone1",
				"drone2",
				"sentry1",
				"sentry2",
				"ravager",
				"wisp",
				"alphatester1",
				"supporter1"
			]
		},
		{
			"code": "variant",
			"states": [
				"1",
				"2",
				"3",
				"4"
			]
		}
	],
	"skipVariants": [
		"*-alphatester1-4",
		//"*-supporter1-2",
		"*-supporter1-3",
		"*-supporter1-4",
		"*-ravager-2",
		"*-ravager-3",
		"*-ravager-4"
	],

	//"attributesByType": {
	//	"*-fire": {
	//		"weaknessElement1RM": "frost",
	//		"weaknessAmount1RM": 1.5,
	//		"resistanceElement1RM": "poison",
	//		"resistanceAmount1RM": 0.5,
	//		"strengthElement1RM": "fire",
	//		"strengthAmount1RM": 2.0
	//	},
	//	"*": {
	//		"weaknessElement1RM": "gravity",
	//		"weaknessAmount1RM": 1.5,
	//		"resistanceElement1RM": "poison",
	//		"resistanceAmount1RM": 0.5,
	//		"strengthElement1RM": "heal",
	//		"strengthAmount1RM": 2.0
	//	}
	//
	//},

	"hitboxSize": {
		"x": 0.5,
		"y": 0.5
	},
	"deadHitboxSizeByType": {
		"*": {
			"x": 0.25,
			"y": 0.25
		}
	},
	"eyeHeight": 0.35,

	"client": {
		"renderer": "Shape",
		"sizeByType": {
			"*-bear-*": 0.4,
			"*-wolf-*": 0.5,
			"*-hare-*": 0.8,
			"*-pig-*": 0.6,
			"*-fox-*": 1.0,
			"*-chicken-*": 0.8,
			"*-rooster-*": 0.8,
			"*-raccoon-*": 1.0,
			"*-ram-*": 0.5,
			"*-ewe-*": 0.5,
			"*-drifter-*": 0.6,
			"*-locust-*": 0.8,
			"*-drone1-*": 0.4,
			"*-drone2-*": 0.4,
			"*-sentry1-*": 0.4,
			"*-sentry2-*": 0.4,
			"*-ravager-*": 0.4,
			"*-wisp-*": 0.4,
			"*-alphatester1-*": 0.8,
			"*-supporter1-1": 0.8,
			"*-supporter1-2": 0.4,
			"*": 0.4
		},

		"shapeByType": {
			"*-bear-*": { "base": "game:entity/land/bear" },
			"*-wolf-*": { "base": "game:entity/land/wolf-adult" },
			"*-hare-*": { "base": "game:entity/land/hare-male" },
			"*-pig-*": { "base": "game:entity/land/pig-wild-male" },
			"*-fox-*": { "base": "game:entity/land/fox-male" },
			"*-chicken-*": { "base": "game:entity/land/chicken-hen" },
			"*-rooster-*": { "base": "game:entity/land/chicken-rooster" },
			"*-raccoon-*": { "base": "game:entity/land/raccoon-male" },
			"*-ram-*": { "base": "game:entity/land/sheep-bighorn-male" },
			"*-ewe-*": { "base": "game:entity/land/sheep-bighorn-female" },
			"*-drifter-*": { "base": "game:entity/land/drifter/surface" },
			"*-locust-*": { "base": "game:entity/land/locust-bronze" },
			"*-drone1-*": { "base": "entities/creatures/elementals/elementaldrone" },
			"*-drone2-*": { "base": "entities/creatures/elementals/elementaldrone" },
			"*-sentry1-*": { "base": "entities/creatures/elementals/elementalsentry" },
			"*-sentry2-*": { "base": "entities/creatures/elementals/elementalsentry" },
			"*-ravager-*": { "base": "entities/creatures/elementals/elementalravager" },
			"*-wisp-*": { "base": "entities/familiars/wisp" },

			"*-alphatester1-1": { "base": "game:entity/land/locust-bronze" },
			"*-alphatester1-2": { "base": "game:entity/land/locust-corrupt-sawblade" },
			"*-alphatester1-3": { "base": "game:entity/land/bell" },

			"*-supporter1-1": { "base": "game:entity/land/hare-male" },
			"*-supporter1-2": { "base": "entities/familiars/wisp" }
		},
		"texturesByType": {
			"*-bear-1": {
				"default": { "base": "default" },
				"fur": { "base": "game:entity/bear/black1" }
			},
			"*-bear-2": {
				"default": { "base": "default" },
				"fur": { "base": "game:entity/bear/brown1" }
			},
			"*-bear-3": {
				"default": { "base": "default" },
				"fur": { "base": "game:entity/bear/polar1" }
			},
			"*-bear-4": {
				"default": { "base": "default" },
				"fur": { "base": "game:entity/bear/panda1" }
			},

			"*-wolf-1": {
				"default": { "base": "default" },
				"skin": { "base": "game:entity/wolf/wolf1" }
			},
			"*-wolf-2": {
				"default": { "base": "default" },
				"skin": { "base": "game:entity/wolf/wolf2" }
			},
			"*-wolf-3": {
				"default": { "base": "default" },
				"skin": { "base": "game:entity/wolf/wolf6" }
			},
			"*-wolf-4": {
				"default": { "base": "default" },
				"skin": { "base": "game:entity/wolf/wolf9" }
			},

			"*-hare-1": {
				"default": { "base": "default" },
				"skin": { "base": "game:entity/hare/male-darkgrey" }
			},
			"*-hare-2": {
				"default": { "base": "default" },
				"skin": { "base": "game:entity/hare/male-darkbrown" }
			},
			"*-hare-3": {
				"default": { "base": "default" },
				"skin": { "base": "game:entity/hare/male-gold" }
			},
			"*-hare-4": {
				"default": { "base": "default" },
				"skin": { "base": "game:entity/hare/male-arctic" }
			},

			"*-pig-1": {
				"default": { "base": "default" },
				"skin": { "base": "game:entity/pig/pig-wild-male1" }
			},
			"*-pig-2": {
				"default": { "base": "default" },
				"skin": { "base": "entities/familiars/pig/pig2" }
			},
			"*-pig-3": {
				"default": { "base": "default" },
				"skin": { "base": "entities/familiars/pig/pig3" }
			},
			"*-pig-4": {
				"default": { "base": "default" },
				"skin": { "base": "entities/familiars/pig/pig4" }
			},

			"*-fox-1": {
				"default": { "base": "default" },
				"skin": { "base": "game:entity/fox/red-male" }
			},
			"*-fox-2": {
				"default": { "base": "default" },
				"skin": { "base": "game:entity/fox/arctic-male" }
			},
			"*-fox-3": {
				"default": { "base": "default" },
				"skin": { "base": "entities/familiars/fox/fox3" }
			},
			"*-fox-4": {
				"default": { "base": "default" },
				"skin": { "base": "entities/familiars/fox/fox4" }
			},

			"*-chicken-1": {
				"default": { "base": "default" },
				"hen": { "base": "game:entity/chicken/hen1" }
			},
			"*-chicken-2": {
				"default": { "base": "default" },
				"hen": { "base": "game:entity/chicken/hen5" }
			},
			"*-chicken-3": {
				"default": { "base": "default" },
				"hen": { "base": "game:entity/chicken/hen7" }
			},
			"*-chicken-4": {
				"default": { "base": "default" },
				"hen": { "base": "game:entity/chicken/hen4" }
			},

			"*-rooster-1": {
				"default": { "base": "default" },
				"rooster": { "base": "game:entity/chicken/rooster3" }
			},
			"*-rooster-2": {
				"default": { "base": "default" },
				"rooster": { "base": "game:entity/chicken/rooster4" }
			},
			"*-rooster-3": {
				"default": { "base": "default" },
				"rooster": { "base": "game:entity/chicken/rooster5" }
			},
			"*-rooster-4": {
				"default": { "base": "default" },
				"rooster": { "base": "game:entity/chicken/rooster2" }
			},

			"*-raccoon-1": {
				"default": { "base": "default" },
				"raccoon": { "base": "game:entity/raccoon/raccoon-male1" }
			},
			"*-raccoon-2": {
				"default": { "base": "default" },
				"raccoon": { "base": "entities/familiars/raccoon/raccoon2" }
			},
			"*-raccoon-3": {
				"default": { "base": "default" },
				"raccoon": { "base": "entities/familiars/raccoon/raccoon3" }
			},
			"*-raccoon-4": {
				"default": { "base": "default" },
				"raccoon": { "base": "entities/familiars/raccoon/raccoon4" }
			},

			"*-ram-1": {
				"default": { "base": "default" },
				"ram": { "base": "game:entity/sheep/sheep-bighorn-male" }
			},
			"*-ram-2": {
				"default": { "base": "default" },
				"ram": { "base": "entities/familiars/ram/ram2" }
			},
			"*-ram-3": {
				"default": { "base": "default" },
				"ram": { "base": "entities/familiars/ram/ram3" }
			},
			"*-ram-4": {
				"default": { "base": "default" },
				"ram": { "base": "entities/familiars/ram/ram4" }
			},

			"*-ewe-1": {
				"default": { "base": "default" },
				"ewe": { "base": "game:entity/sheep/sheep-bighorn-female" }
			},
			"*-ewe-2": {
				"default": { "base": "default" },
				"ewe": { "base": "entities/familiars/ewe/ewe2" }
			},
			"*-ewe-3": {
				"default": { "base": "default" },
				"ewe": { "base": "entities/familiars/ewe/ewe3" }
			},
			"*-ewe-4": {
				"default": { "base": "default" },
				"ewe": { "base": "entities/familiars/ewe/ewe4" }
			},

			"*-drifter-1": {
				"default": { "base": "default" },
				"skin": { "base": "game:entity/drifter/surface1" }
			},
			"*-drifter-2": {
				"default": { "base": "default" },
				"skin": { "base": "entities/familiars/drifter/drifter2" }
			},
			"*-drifter-3": {
				"default": { "base": "default" },
				"skin": { "base": "entities/familiars/drifter/drifter3" }
			},
			"*-drifter-4": {
				"default": { "base": "default" },
				"skin": { "base": "entities/familiars/drifter/drifter4" }
			},

			"*-locust-1": {
				"default": { "base": "default" },
				"skin": { "base": "game:entity/locust/bronze" }
			},
			"*-locust-2": {
				"default": { "base": "default" },
				"skin": { "base": "entities/familiars/locust/locust2" }
			},
			"*-locust-3": {
				"default": { "base": "default" },
				"skin": { "base": "entities/familiars/locust/locust3" }
			},
			"*-locust-4": {
				"default": { "base": "default" },
				"skin": { "base": "entities/familiars/locust/locust4" }
			},

			"*-drone1-1": {
				"default": { "base": "default" },
				"solidrock": { "base": "entities/creatures/elementals/general/fire/solidrock*" },
				"cobblestone": { "base": "entities/creatures/elementals/general/fire/solidrock*" },
				"elementalsolid": { "base": "entities/creatures/elementals/general/fire/elementalsolid" },
				"elementalcrystal": { "base": "entities/creatures/elementals/general/fire/elementalsolid" }
			},
			"*-drone1-2": {
				"default": { "base": "default" },
				"solidrock": { "base": "entities/creatures/elementals/general/water/solidrock*" },
				"cobblestone": { "base": "entities/creatures/elementals/general/water/solidrock*" },
				"elementalsolid": { "base": "entities/creatures/elementals/general/water/elementalsolid" },
				"elementalcrystal": { "base": "entities/creatures/elementals/general/water/elementalsolid" }
			},
			"*-drone1-3": {
				"default": { "base": "default" },
				"solidrock": { "base": "entities/creatures/elementals/general/wind/solidrock*" },
				"cobblestone": { "base": "entities/creatures/elementals/general/wind/solidrock*" },
				"elementalsolid": { "base": "entities/creatures/elementals/general/wind/elementalsolid" },
				"elementalcrystal": { "base": "entities/creatures/elementals/general/wind/elementalsolid" }
			},
			"*-drone1-4": {
				"default": { "base": "default" },
				"solidrock": { "base": "entities/creatures/elementals/general/earth/solidrock*" },
				"cobblestone": { "base": "entities/creatures/elementals/general/earth/solidrock*" },
				"elementalsolid": { "base": "entities/creatures/elementals/general/earth/elementalsolid" },
				"elementalcrystal": { "base": "entities/creatures/elementals/general/earth/elementalsolid" }
			},

			"*-drone2-1": {
				"default": { "base": "default" },
				"solidrock": { "base": "entities/creatures/elementals/general/lightning/solidrock*" },
				"cobblestone": { "base": "entities/creatures/elementals/general/lightning/solidrock*" },
				"elementalsolid": { "base": "entities/creatures/elementals/general/lightning/elementalsolid" },
				"elementalcrystal": { "base": "entities/creatures/elementals/general/lightning/elementalsolid" }
			},
			"*-drone2-2": {
				"default": { "base": "default" },
				"solidrock": { "base": "entities/creatures/elementals/general/frost/solidrock*" },
				"cobblestone": { "base": "entities/creatures/elementals/general/frost/solidrock*" },
				"elementalsolid": { "base": "entities/creatures/elementals/general/frost/elementalsolid" },
				"elementalcrystal": { "base": "entities/creatures/elementals/general/frost/elementalsolid" }
			},
			"*-drone2-3": {
				"default": { "base": "default" },
				"solidrock": { "base": "entities/creatures/elementals/general/nature/solidrock*" },
				"cobblestone": { "base": "entities/creatures/elementals/general/nature/solidrock*" },
				"elementalsolid": { "base": "entities/creatures/elementals/general/nature/elementalsolid" },
				"elementalcrystal": { "base": "entities/creatures/elementals/general/nature/elementalsolid" }
			},
			"*-drone2-4": {
				"default": { "base": "default" },
				"solidrock": { "base": "entities/creatures/elementals/general/arcane/solidrock*" },
				"cobblestone": { "base": "entities/creatures/elementals/general/arcane/solidrock*" },
				"elementalsolid": { "base": "entities/creatures/elementals/general/arcane/elementalsolid" },
				"elementalcrystal": { "base": "entities/creatures/elementals/general/arcane/elementalsolid" }
			},

			"*-sentry1-1": {
				"default": { "base": "default" },
				"solidrock": { "base": "entities/creatures/elementals/general/fire/solidrock*" },
				"cobblestone": { "base": "entities/creatures/elementals/general/fire/solidrock*" },
				"elementalsolid": { "base": "entities/creatures/elementals/general/fire/elementalsolid" },
				"elementalcrystal": { "base": "entities/creatures/elementals/general/fire/elementalsolid" }
			},
			"*-sentry1-2": {
				"default": { "base": "default" },
				"solidrock": { "base": "entities/creatures/elementals/general/water/solidrock*" },
				"cobblestone": { "base": "entities/creatures/elementals/general/water/solidrock*" },
				"elementalsolid": { "base": "entities/creatures/elementals/general/water/elementalsolid" },
				"elementalcrystal": { "base": "entities/creatures/elementals/general/water/elementalsolid" }
			},
			"*-sentry1-3": {
				"default": { "base": "default" },
				"solidrock": { "base": "entities/creatures/elementals/general/wind/solidrock*" },
				"cobblestone": { "base": "entities/creatures/elementals/general/wind/solidrock*" },
				"elementalsolid": { "base": "entities/creatures/elementals/general/wind/elementalsolid" },
				"elementalcrystal": { "base": "entities/creatures/elementals/general/wind/elementalsolid" }
			},
			"*-sentry1-4": {
				"default": { "base": "default" },
				"solidrock": { "base": "entities/creatures/elementals/general/earth/solidrock*" },
				"cobblestone": { "base": "entities/creatures/elementals/general/earth/solidrock*" },
				"elementalsolid": { "base": "entities/creatures/elementals/general/earth/elementalsolid" },
				"elementalcrystal": { "base": "entities/creatures/elementals/general/earth/elementalsolid" }
			},

			"*-sentry2-1": {
				"default": { "base": "default" },
				"solidrock": { "base": "entities/creatures/elementals/general/lightning/solidrock*" },
				"cobblestone": { "base": "entities/creatures/elementals/general/lightning/solidrock*" },
				"elementalsolid": { "base": "entities/creatures/elementals/general/lightning/elementalsolid" },
				"elementalcrystal": { "base": "entities/creatures/elementals/general/lightning/elementalsolid" }
			},
			"*-sentry2-2": {
				"default": { "base": "default" },
				"solidrock": { "base": "entities/creatures/elementals/general/frost/solidrock*" },
				"cobblestone": { "base": "entities/creatures/elementals/general/frost/solidrock*" },
				"elementalsolid": { "base": "entities/creatures/elementals/general/frost/elementalsolid" },
				"elementalcrystal": { "base": "entities/creatures/elementals/general/frost/elementalsolid" }
			},
			"*-sentry2-3": {
				"default": { "base": "default" },
				"solidrock": { "base": "entities/creatures/elementals/general/nature/solidrock*" },
				"cobblestone": { "base": "entities/creatures/elementals/general/nature/solidrock*" },
				"elementalsolid": { "base": "entities/creatures/elementals/general/nature/elementalsolid" },
				"elementalcrystal": { "base": "entities/creatures/elementals/general/nature/elementalsolid" }
			},
			"*-sentry2-4": {
				"default": { "base": "default" },
				"solidrock": { "base": "entities/creatures/elementals/general/arcane/solidrock*" },
				"cobblestone": { "base": "entities/creatures/elementals/general/arcane/solidrock*" },
				"elementalsolid": { "base": "entities/creatures/elementals/general/arcane/elementalsolid" },
				"elementalcrystal": { "base": "entities/creatures/elementals/general/arcane/elementalsolid" }
			},

			"*-ravager-1": {
				"default": { "base": "default" },
				"solidrock": { "base": "entities/creatures/elementals/general/rust/cobblestone*" },
				"cobblestone": { "base": "entities/creatures/elementals/general/rust/cobblestone*" },
				"elementalsolid": { "base": "entities/creatures/elementals/general/rust/elementalsolid" },
				"elementalcrystal": { "base": "entities/creatures/elementals/general/rust/elementalsolid" }
			},

			"*-wisp-1": {
				"default": { "base": "default" },
				"material": { "base": "color-blue" },
				"outerenergy": { "base": "color-bluetransparent" }
			},
			"*-wisp-2": {
				"default": { "base": "default" },
				"material": { "base": "color-white" },
				"outerenergy": { "base": "color-whitetransparent" }
			},
			"*-wisp-3": {
				"default": { "base": "default" },
				"material": { "base": "color-purple" },
				"outerenergy": { "base": "color-purpletransparent" }
			},
			"*-wisp-4": {
				"default": { "base": "default" },
				"material": { "base": "color-red" },
				"outerenergy": { "base": "color-redtransparent" }
			},

			"*-alphatester1-1": {
				"default": { "base": "default" },
				"skin": { "base": "game:entity/locust/corrupt" }
			},
			"*-alphatester1-2": {
				"default": { "base": "default" },
				"skin": { "base": "game:entity/locust/sawblade" }
			},
			"*-alphatester1-3": {
				"default": { "base": "default" },
				"skin": { "base": "game:entity/bell" }
			},

			"*-supporter1-1": {
				"default": { "base": "default" },
				"skin": { "base": "entities/familiars/supporter1/rabbit1" }
			},
			"*-supporter1-2": {
				"default": { "base": "default" },
				"material": { "base": "color-gold" },
				"outerenergy": { "base": "color-goldtransparent" }
			},



			"*": {
				"default": { "base": "default" },
				"fur": { "base": "game:entity/bear/black1" }
			}
		},
		"behaviors": [
			//{
			//	"code": "EntityBehaviorElementalDamageModifiersRM"
			//},
			{
				"code": "nametag",
				"showtagonlywhentargeted": true
			},
			{
				"code": "controlledphysics",
				"stepHeight": 1.1251
			},
			{ "code": "commandable" },
			{ "code": "interpolateposition" }

		],
		"animations": [
			{
				"code": "idle",
				"animation": "idle",
				"blendMode": "AddAverage",
				"triggeredBy": { "defaultAnim": true }
			}
		]
	},
	"server": {
		"attributes": {
			"pathfinder": {
				"minTurnAnglePerSec": 1800,
				"maxTurnAnglePerSec": 3600
			}
		},
		"behaviors": [
			{
				"code": "health",
				"currenthealth": 3,
				"maxhealth": 3
			},
			{
				"code": "nametag",
				"showtagonlywhentargeted": true
			},
			{
				"code": "controlledphysics",
				"stepHeight": 1.1251
			},
			//{
			//	"code": "despawn",
			//	"minPlayerDistance": 32,
			//	"minSeconds": 30
			//},
			{
				"code": "pettable",
				"minGeneration": 1
			},
			{ "code": "commandable" },
			{
				"code": "taskai",
				"aitasksByType": {
					"*-drone1-*": [
						{
							"code": "followowner_rm",
							"priority": 2,
							"movespeed": 0.045,
							"minDistance": 2,
							"maxDistance": 4,
							"searchRange": 999,
							"animation": "walk",
							"animationSpeed": 3.5,
							"allowTeleport": true,
							"teleportAfterRange": 120
						},

						//{
						//	"code": "idle",
						//	"priority": 1.3,
						//	"priorityForCancel": 1.35,
						//	"minduration": 200000,
						//	"maxduration": 800000,
						//	"mincooldown": 10000,
						//	"maxcooldown": 30000,
						//	"animation": "dead",
						//	"animationSpeed": 0.3
						//},
						{
							"code": "idle",
							"priority": 1.2,
							"priorityForCancel": 1.35,
							"minduration": 4667,
							"maxduration": 4667,
							"mincooldown": 80000,
							"maxcooldown": 500000,
							"animation": "idle",
							"animationSpeed": 0.5
						},
						{
							"code": "idle",
							"priority": 1.1,
							"priorityForCancel": 1.35,
							"minduration": 2500,
							"maxduration": 2500,
							"mincooldown": 6000,
							"maxcooldown": 20000,
							"animation": "idle",
							"animationSpeed": 1.25
						},
						//{
						//	"code": "wander",
						//	"priority": 1.0,
						//	"priorityForCancel": 1.35,
						//	"movespeed": 0.005,
						//	"animation": "walk",
						//	"preferredLightLevel": 20,
						//	"animationSpeed": 0.8
						//},
						{
							"code": "idle",
							"priority": 0.9,
							"priorityForCancel": 1.35,
							"minduration": 5000,
							"maxduration": 30000,
							"mincooldown": 2000,
							"maxcooldown": 120000,
							"animation": "idle",
							"supressDefaultAnimation": true
						},
						{
							"code": "idle",
							"priority": 0.6,
							"priorityForCancel": 1.35,
							"minduration": 5000,
							"maxduration": 30000,
							"mincooldown": 2000,
							"maxcooldown": 120000,
							"animation": "idle"
						},
						{
							"code": "lookaround",
							"turnSpeedMul": 0.2,
							"priority": 0.5
						}
					],
					"*-drone2-*": [
						{
							"code": "followowner_rm",
							"priority": 2,
							"movespeed": 0.045,
							"minDistance": 2,
							"maxDistance": 4,
							"searchRange": 150, //999,
							"animation": "walk",
							"animationSpeed": 3.5,
							"allowTeleport": true,
							"teleportAfterRange": 120
						},

						//{
						//	"code": "idle",
						//	"priority": 1.3,
						//	"priorityForCancel": 1.35,
						//	"minduration": 200000,
						//	"maxduration": 800000,
						//	"mincooldown": 10000,
						//	"maxcooldown": 30000,
						//	"animation": "dead",
						//	"animationSpeed": 0.3
						//},
						{
							"code": "idle",
							"priority": 1.2,
							"priorityForCancel": 1.35,
							"minduration": 4667,
							"maxduration": 4667,
							"mincooldown": 80000,
							"maxcooldown": 500000,
							"animation": "idle",
							"animationSpeed": 0.5
						},
						{
							"code": "idle",
							"priority": 1.1,
							"priorityForCancel": 1.35,
							"minduration": 2500,
							"maxduration": 2500,
							"mincooldown": 6000,
							"maxcooldown": 20000,
							"animation": "idle",
							"animationSpeed": 1.25
						},
						//{
						//	"code": "wander",
						//	"priority": 1.0,
						//	"priorityForCancel": 1.35,
						//	"movespeed": 0.005,
						//	"animation": "walk",
						//	"preferredLightLevel": 20,
						//	"animationSpeed": 0.8
						//},
						{
							"code": "idle",
							"priority": 0.9,
							"priorityForCancel": 1.35,
							"minduration": 5000,
							"maxduration": 30000,
							"mincooldown": 2000,
							"maxcooldown": 120000,
							"animation": "idle",
							"supressDefaultAnimation": true
						},
						{
							"code": "idle",
							"priority": 0.6,
							"priorityForCancel": 1.35,
							"minduration": 5000,
							"maxduration": 30000,
							"mincooldown": 2000,
							"maxcooldown": 120000,
							"animation": "idle"
						},
						{
							"code": "lookaround",
							"turnSpeedMul": 0.2,
							"priority": 0.5
						}
					],
					"*-sentry1-*": [
						{
							"code": "followowner_rm",
							"priority": 2,
							"movespeed": 0.045,
							"minDistance": 2,
							"maxDistance": 4,
							"searchRange": 999,
							"animation": "walk",
							"animationSpeed": 3.5,
							"allowTeleport": true,
							"teleportAfterRange": 120
						},

						//{
						//	"code": "idle",
						//	"priority": 1.3,
						//	"priorityForCancel": 1.35,
						//	"minduration": 200000,
						//	"maxduration": 800000,
						//	"mincooldown": 10000,
						//	"maxcooldown": 30000,
						//	"animation": "dead",
						//	"animationSpeed": 0.3
						//},
						{
							"code": "idle",
							"priority": 1.2,
							"priorityForCancel": 1.35,
							"minduration": 4667,
							"maxduration": 4667,
							"mincooldown": 80000,
							"maxcooldown": 500000,
							"animation": "idle",
							"animationSpeed": 0.5
						},
						{
							"code": "idle",
							"priority": 1.1,
							"priorityForCancel": 1.35,
							"minduration": 2500,
							"maxduration": 2500,
							"mincooldown": 6000,
							"maxcooldown": 20000,
							"animation": "idle",
							"animationSpeed": 1.25
						},
						//{
						//	"code": "wander",
						//	"priority": 1.0,
						//	"priorityForCancel": 1.35,
						//	"movespeed": 0.005,
						//	"animation": "walk",
						//	"preferredLightLevel": 20,
						//	"animationSpeed": 0.8
						//},
						{
							"code": "idle",
							"priority": 0.9,
							"priorityForCancel": 1.35,
							"minduration": 5000,
							"maxduration": 30000,
							"mincooldown": 2000,
							"maxcooldown": 120000,
							"animation": "idle",
							"supressDefaultAnimation": true
						},
						{
							"code": "idle",
							"priority": 0.6,
							"priorityForCancel": 1.35,
							"minduration": 5000,
							"maxduration": 30000,
							"mincooldown": 2000,
							"maxcooldown": 120000,
							"animation": "idle"
						},
						{
							"code": "lookaround",
							"turnSpeedMul": 0.2,
							"priority": 0.5
						}
					],
					"*-sentry2-*": [
						{
							"code": "followowner_rm",
							"priority": 2,
							"movespeed": 0.045,
							"minDistance": 2,
							"maxDistance": 4,
							"searchRange": 999,
							"animation": "walk",
							"animationSpeed": 3.5,
							"allowTeleport": true,
							"teleportAfterRange": 120
						},

						//{
						//	"code": "idle",
						//	"priority": 1.3,
						//	"priorityForCancel": 1.35,
						//	"minduration": 200000,
						//	"maxduration": 800000,
						//	"mincooldown": 10000,
						//	"maxcooldown": 30000,
						//	"animation": "dead",
						//	"animationSpeed": 0.3
						//},
						{
							"code": "idle",
							"priority": 1.2,
							"priorityForCancel": 1.35,
							"minduration": 4667,
							"maxduration": 4667,
							"mincooldown": 80000,
							"maxcooldown": 500000,
							"animation": "idle",
							"animationSpeed": 0.5
						},
						{
							"code": "idle",
							"priority": 1.1,
							"priorityForCancel": 1.35,
							"minduration": 2500,
							"maxduration": 2500,
							"mincooldown": 6000,
							"maxcooldown": 20000,
							"animation": "idle",
							"animationSpeed": 1.25
						},
						//{
						//	"code": "wander",
						//	"priority": 1.0,
						//	"priorityForCancel": 1.35,
						//	"movespeed": 0.005,
						//	"animation": "walk",
						//	"preferredLightLevel": 20,
						//	"animationSpeed": 0.8
						//},
						{
							"code": "idle",
							"priority": 0.9,
							"priorityForCancel": 1.35,
							"minduration": 5000,
							"maxduration": 30000,
							"mincooldown": 2000,
							"maxcooldown": 120000,
							"animation": "idle",
							"supressDefaultAnimation": true
						},
						{
							"code": "idle",
							"priority": 0.6,
							"priorityForCancel": 1.35,
							"minduration": 5000,
							"maxduration": 30000,
							"mincooldown": 2000,
							"maxcooldown": 120000,
							"animation": "idle"
						},
						{
							"code": "lookaround",
							"turnSpeedMul": 0.2,
							"priority": 0.5
						}
					],
					"*-ravager-*": [
						{
							"code": "followowner_rm",
							"priority": 2,
							"movespeed": 0.045,
							"minDistance": 2,
							"maxDistance": 4,
							"searchRange": 999,
							"animation": "walk",
							"animationSpeed": 3.5,
							"allowTeleport": true,
							"teleportAfterRange": 120
						},

						//{
						//	"code": "idle",
						//	"priority": 1.3,
						//	"priorityForCancel": 1.35,
						//	"minduration": 200000,
						//	"maxduration": 800000,
						//	"mincooldown": 10000,
						//	"maxcooldown": 30000,
						//	"animation": "dead",
						//	"animationSpeed": 0.3
						//},
						{
							"code": "idle",
							"priority": 1.2,
							"priorityForCancel": 1.35,
							"minduration": 4667,
							"maxduration": 4667,
							"mincooldown": 80000,
							"maxcooldown": 500000,
							"animation": "idle",
							"animationSpeed": 0.5
						},
						{
							"code": "idle",
							"priority": 1.1,
							"priorityForCancel": 1.35,
							"minduration": 2500,
							"maxduration": 2500,
							"mincooldown": 6000,
							"maxcooldown": 20000,
							"animation": "idle",
							"animationSpeed": 1.25
						},
						//{
						//	"code": "wander",
						//	"priority": 1.0,
						//	"priorityForCancel": 1.35,
						//	"movespeed": 0.005,
						//	"animation": "walk",
						//	"preferredLightLevel": 20,
						//	"animationSpeed": 0.8
						//},
						{
							"code": "idle",
							"priority": 0.9,
							"priorityForCancel": 1.35,
							"minduration": 5000,
							"maxduration": 30000,
							"mincooldown": 2000,
							"maxcooldown": 120000,
							"animation": "idle",
							"supressDefaultAnimation": true
						},
						{
							"code": "idle",
							"priority": 0.6,
							"priorityForCancel": 1.35,
							"minduration": 5000,
							"maxduration": 30000,
							"mincooldown": 2000,
							"maxcooldown": 120000,
							"animation": "idle"
						},
						{
							"code": "lookaround",
							"turnSpeedMul": 0.2,
							"priority": 0.5
						}
					],
					"*-alphatester1-1": [
						{
							"code": "followowner_rm",
							"priority": 2,
							"movespeed": 0.045,
							"minDistance": 2,
							"maxDistance": 4,
							"searchRange": 999,
							"animation": "rundrill",
							"animationSpeed": 6.5,
							"allowTeleport": true,
							"teleportAfterRange": 120
						},

						{
							"code": "idle",
							"priority": 1.3,
							"priorityForCancel": 1.35,
							"minduration": 200000,
							"maxduration": 800000,
							"mincooldown": 10000,
							"maxcooldown": 30000,
							"animation": "sleep",
							"animationSpeed": 1.3
						},
						{
							"code": "idle",
							"priority": 1.2,
							"priorityForCancel": 1.35,
							"minduration": 4667,
							"maxduration": 4667,
							"mincooldown": 80000,
							"maxcooldown": 500000,
							"animation": "saw",
							"animationSpeed": 0.5
						},
						{
							"code": "idle",
							"priority": 1.1,
							"priorityForCancel": 1.35,
							"minduration": 2500,
							"maxduration": 2500,
							"mincooldown": 6000,
							"maxcooldown": 20000,
							"animation": "drill",
							"animationSpeed": 1.25
						},
						//{
						//	"code": "wander",
						//	"priority": 1.0,
						//	"priorityForCancel": 1.35,
						//	"movespeed": 0.005,
						//	"animation": "run",
						//	"preferredLightLevel": 20,
						//	"animationSpeed": 1.8
						//},
						{
							"code": "idle",
							"priority": 0.9,
							"priorityForCancel": 1.35,
							"minduration": 5000,
							"maxduration": 30000,
							"mincooldown": 2000,
							"maxcooldown": 120000,
							"animation": "idletwitch",
							"supressDefaultAnimation": true
						},
						{
							"code": "idle",
							"priority": 0.6,
							"priorityForCancel": 1.35,
							"minduration": 5000,
							"maxduration": 30000,
							"mincooldown": 2000,
							"maxcooldown": 120000,
							"animation": "idlecalm"
						},
						{
							"code": "lookaround",
							"turnSpeedMul": 0.2,
							"priority": 0.5
						}
					],
					"*-alphatester1-2": [
						{
							"code": "followowner_rm",
							"priority": 2,
							"movespeed": 0.045,
							"minDistance": 2,
							"maxDistance": 4,
							"searchRange": 999,
							"animation": "rundrill",
							"animationSpeed": 6.5,
							"allowTeleport": true,
							"teleportAfterRange": 120
						},

						{
							"code": "idle",
							"priority": 1.3,
							"priorityForCancel": 1.35,
							"minduration": 200000,
							"maxduration": 800000,
							"mincooldown": 10000,
							"maxcooldown": 30000,
							"animation": "sleep",
							"animationSpeed": 1.3
						},
						{
							"code": "idle",
							"priority": 1.2,
							"priorityForCancel": 1.35,
							"minduration": 4667,
							"maxduration": 4667,
							"mincooldown": 80000,
							"maxcooldown": 500000,
							"animation": "saw",
							"animationSpeed": 0.5
						},
						{
							"code": "idle",
							"priority": 1.1,
							"priorityForCancel": 1.35,
							"minduration": 2500,
							"maxduration": 2500,
							"mincooldown": 6000,
							"maxcooldown": 20000,
							"animation": "drill",
							"animationSpeed": 1.25
						},
						//{
						//	"code": "wander",
						//	"priority": 1.0,
						//	"priorityForCancel": 1.35,
						//	"movespeed": 0.005,
						//	"animation": "run",
						//	"preferredLightLevel": 20,
						//	"animationSpeed": 1.8
						//},
						{
							"code": "idle",
							"priority": 0.9,
							"priorityForCancel": 1.35,
							"minduration": 5000,
							"maxduration": 30000,
							"mincooldown": 2000,
							"maxcooldown": 120000,
							"animation": "idletwitch",
							"supressDefaultAnimation": true
						},
						{
							"code": "idle",
							"priority": 0.6,
							"priorityForCancel": 1.35,
							"minduration": 5000,
							"maxduration": 30000,
							"mincooldown": 2000,
							"maxcooldown": 120000,
							"animation": "idlecalm"
						},
						{
							"code": "lookaround",
							"turnSpeedMul": 0.2,
							"priority": 0.5
						}
					],
					"*-alphatester1-3": [
						{
							"code": "followowner_rm",
							"priority": 2,
							"movespeed": 0.045,
							"minDistance": 2,
							"maxDistance": 4,
							"searchRange": 999,
							"animation": "walk",
							"animationSpeed": 3.5,
							"allowTeleport": true,
							"teleportAfterRange": 120
						},

						{
							"code": "idle",
							"priority": 1.3,
							"priorityForCancel": 1.35,
							"minduration": 200000,
							"maxduration": 800000,
							"mincooldown": 10000,
							"maxcooldown": 30000,
							"animation": "hide",
							"animationSpeed": 0.3
						},
						{
							"code": "idle",
							"priority": 1.2,
							"priorityForCancel": 1.35,
							"minduration": 4667,
							"maxduration": 4667,
							"mincooldown": 80000,
							"maxcooldown": 500000,
							"animation": "idle",
							"animationSpeed": 0.5
						},
						{
							"code": "idle",
							"priority": 1.1,
							"priorityForCancel": 1.35,
							"minduration": 2500,
							"maxduration": 2500,
							"mincooldown": 6000,
							"maxcooldown": 20000,
							"animation": "idle",
							"animationSpeed": 1.25
						},
						//{
						//	"code": "wander",
						//	"priority": 1.0,
						//	"priorityForCancel": 1.35,
						//	"movespeed": 0.005,
						//	"animation": "walk",
						//	"preferredLightLevel": 20,
						//	"animationSpeed": 0.8
						//},
						{
							"code": "idle",
							"priority": 0.9,
							"priorityForCancel": 1.35,
							"minduration": 5000,
							"maxduration": 30000,
							"mincooldown": 2000,
							"maxcooldown": 120000,
							"animation": "idle",
							"supressDefaultAnimation": true
						},
						{
							"code": "idle",
							"priority": 0.6,
							"priorityForCancel": 1.35,
							"minduration": 5000,
							"maxduration": 30000,
							"mincooldown": 2000,
							"maxcooldown": 120000,
							"animation": "idle"
						},
						{
							"code": "lookaround",
							"turnSpeedMul": 0.2,
							"priority": 0.5
						}
					],
					"*-drifter-*": [
						{
							"code": "followowner_rm",
							"priority": 2,
							"movespeed": 0.045,
							"minDistance": 2,
							"maxDistance": 4,
							"searchRange": 999,
							"animation": "standrun",
							"animationSpeed": 3.5,
							"allowTeleport": true,
							"teleportAfterRange": 120
						},

						{
							"code": "idle",
							"priority": 1.3,
							"priorityForCancel": 1.35,
							"minduration": 200000,
							"maxduration": 800000,
							"mincooldown": 10000,
							"maxcooldown": 30000,
							"animation": "standdie",
							"animationSpeed": 0.3
						},
						{
							"code": "idle",
							"priority": 1.2,
							"priorityForCancel": 1.35,
							"minduration": 4667,
							"maxduration": 4667,
							"mincooldown": 80000,
							"maxcooldown": 500000,
							"animation": "standcry",
							"animationSpeed": 0.5
						},
						{
							"code": "idle",
							"priority": 1.1,
							"priorityForCancel": 1.35,
							"minduration": 2500,
							"maxduration": 2500,
							"mincooldown": 6000,
							"maxcooldown": 20000,
							"animation": "standdespair",
							"animationSpeed": 1.25
						},
						//{
						//	"code": "wander",
						//	"priority": 1.0,
						//	"priorityForCancel": 1.35,
						//	"movespeed": 0.005,
						//	"animation": "standwalk",
						//	"preferredLightLevel": 20,
						//	"animationSpeed": 0.8
						//},
						{
							"code": "idle",
							"priority": 0.9,
							"priorityForCancel": 1.35,
							"minduration": 5000,
							"maxduration": 30000,
							"mincooldown": 2000,
							"maxcooldown": 120000,
							"animation": "standcry",
							"supressDefaultAnimation": true
						},
						{
							"code": "idle",
							"priority": 0.6,
							"priorityForCancel": 1.35,
							"minduration": 5000,
							"maxduration": 30000,
							"mincooldown": 2000,
							"maxcooldown": 120000,
							"animation": "standdie"
						},
						{
							"code": "lookaround",
							"turnSpeedMul": 0.2,
							"priority": 0.5
						}
					],
					"*-wisp-*": [
						{
							"code": "followowner_rm",
							"priority": 2,
							"movespeed": 0.015,
							"minDistance": 3,
							"maxDistance": 4,
							"searchRange": 999,
							"animation": "Run",
							"animationSpeed": 3.5,
							"allowTeleport": true,
							"teleportAfterRange": 120
						},

						{
							"code": "idle",
							"priority": 1.3,
							"priorityForCancel": 1.35,
							"minduration": 200000,
							"maxduration": 800000,
							"mincooldown": 10000,
							"maxcooldown": 30000,
							"animation": "Sleep",
							"animationSpeed": 0.3
						},
						{
							"code": "idle",
							"priority": 1.2,
							"priorityForCancel": 1.35,
							"minduration": 4667,
							"maxduration": 4667,
							"mincooldown": 80000,
							"maxcooldown": 500000,
							"animation": "Stand",
							"animationSpeed": 0.5
						},
						{
							"code": "idle",
							"priority": 1.1,
							"priorityForCancel": 1.35,
							"minduration": 2500,
							"maxduration": 2500,
							"mincooldown": 6000,
							"maxcooldown": 20000,
							"animation": "Stand",
							"animationSpeed": 1.25
						},
						//{
						//	"code": "wander",
						//	"priority": 1.0,
						//	"priorityForCancel": 1.35,
						//	"movespeed": 0.005,
						//	"animation": "Walk",
						//	"preferredLightLevel": 20,
						//	"animationSpeed": 0.8
						//},
						{
							"code": "idle",
							"priority": 0.9,
							"priorityForCancel": 1.35,
							"minduration": 5000,
							"maxduration": 30000,
							"mincooldown": 2000,
							"maxcooldown": 120000,
							"animation": "Sit",
							"supressDefaultAnimation": true
						},
						{
							"code": "idle",
							"priority": 0.6,
							"priorityForCancel": 1.35,
							"minduration": 5000,
							"maxduration": 30000,
							"mincooldown": 2000,
							"maxcooldown": 120000,
							"animation": "Lie"
						},
						{
							"code": "lookaround",
							"turnSpeedMul": 0.2,
							"priority": 0.5
						}
					],
					"*-wolf-*": [
						{
							"code": "followowner_rm",
							"priority": 2,
							"movespeed": 0.045,
							"minDistance": 2,
							"maxDistance": 4,
							"searchRange": 999,
							"animation": "Run",
							"animationSpeed": 1.5,
							"allowTeleport": true,
							"teleportAfterRange": 120
						},

						{
							"code": "idle",
							"priority": 1.3,
							"priorityForCancel": 1.35,
							"minduration": 200000,
							"maxduration": 800000,
							"mincooldown": 10000,
							"maxcooldown": 30000,
							"animation": "Sleep",
							"animationSpeed": 0.3
						},
						{
							"code": "idle",
							"priority": 1.2,
							"priorityForCancel": 1.35,
							"minduration": 4667,
							"maxduration": 4667,
							"mincooldown": 80000,
							"maxcooldown": 500000,
							"animation": "Stand",
							"animationSpeed": 0.5
						},
						{
							"code": "idle",
							"priority": 1.1,
							"priorityForCancel": 1.35,
							"minduration": 2500,
							"maxduration": 2500,
							"mincooldown": 6000,
							"maxcooldown": 20000,
							"animation": "Stand",
							"animationSpeed": 1.25
						},
						//{
						//	"code": "wander",
						//	"priority": 1.0,
						//	"priorityForCancel": 1.35,
						//	"movespeed": 0.005,
						//	"animation": "Walk",
						//	"preferredLightLevel": 20,
						//	"animationSpeed": 0.8
						//},
						{
							"code": "idle",
							"priority": 0.9,
							"priorityForCancel": 1.35,
							"minduration": 5000,
							"maxduration": 30000,
							"mincooldown": 2000,
							"maxcooldown": 120000,
							"animation": "Sit",
							"supressDefaultAnimation": true
						},
						{
							"code": "idle",
							"priority": 0.6,
							"priorityForCancel": 1.35,
							"minduration": 5000,
							"maxduration": 30000,
							"mincooldown": 2000,
							"maxcooldown": 120000,
							"animation": "Lie"
						},
						{
							"code": "lookaround",
							"turnSpeedMul": 0.2,
							"priority": 0.5
						}
					],
					"*": [
						{
							"code": "followowner_rm",
							"priority": 2,
							"movespeed": 0.045,
							"minDistance": 2,
							"maxDistance": 4,
							"searchRange": 999,
							"animation": "Run",
							"animationSpeed": 3.5,
							"allowTeleport": true,
							"teleportAfterRange": 120
						},

						{
							"code": "idle",
							"priority": 1.3,
							"priorityForCancel": 1.35,
							"minduration": 200000,
							"maxduration": 800000,
							"mincooldown": 10000,
							"maxcooldown": 30000,
							"animation": "Sleep",
							"animationSpeed": 0.3
						},
						{
							"code": "idle",
							"priority": 1.2,
							"priorityForCancel": 1.35,
							"minduration": 4667,
							"maxduration": 4667,
							"mincooldown": 80000,
							"maxcooldown": 500000,
							"animation": "Stand",
							"animationSpeed": 0.5
						},
						{
							"code": "idle",
							"priority": 1.1,
							"priorityForCancel": 1.35,
							"minduration": 2500,
							"maxduration": 2500,
							"mincooldown": 6000,
							"maxcooldown": 20000,
							"animation": "Stand",
							"animationSpeed": 1.25
						},
						//{
						//	"code": "wander",
						//	"priority": 1.0,
						//	"priorityForCancel": 1.35,
						//	"movespeed": 0.005,
						//	"animation": "Walk",
						//	"preferredLightLevel": 20,
						//	"animationSpeed": 0.8
						//},
						{
							"code": "idle",
							"priority": 0.9,
							"priorityForCancel": 1.35,
							"minduration": 5000,
							"maxduration": 30000,
							"mincooldown": 2000,
							"maxcooldown": 120000,
							"animation": "Sit",
							"supressDefaultAnimation": true
						},
						{
							"code": "idle",
							"priority": 0.6,
							"priorityForCancel": 1.35,
							"minduration": 5000,
							"maxduration": 30000,
							"mincooldown": 2000,
							"maxcooldown": 120000,
							"animation": "Lie"
						},
						{
							"code": "lookaround",
							"turnSpeedMul": 0.2,
							"priority": 0.5
						}
					]
				}
			}
		]
	},
	"sounds": {

	}
}
