[
	{
		"ingredientPattern": "A	L",
		"ingredients": {
			"A": { "type": "item", "code": "game:axe-*", "isTool": true  },
			"L": { "type": "block", "code": "floralzonescentralaustralianregion:log-*" }
		},
		"width": 1,
		"height": 2,
		"output": { "type": "item", "code": "game:firewood", "quantity": 4  }
	},
	{
		"ingredientPattern": "A	L",
		"ingredients": {
			"A": { "type": "item", "code": "game:axe-*", "isTool": true  },
			"L": { "type": "block", "code": "floralzonescentralaustralianregion:lognarrow-*" }
		},
		"width": 1,
		"height": 2,
		"output": { "type": "item", "code": "game:firewood", "quantity": 2  }
	}
]