{
    "editor": {
        "backDropShape": "shapes/entity/humanoid/seraph",
        "allAngles": true,
        "entityTextureMode": true
    },
    "textureWidth": 64,
    "textureHeight": 64,
    "textureSizes": {},
    "textures": {
        "silver": "entity/humanoid/serapharmor/plate/silver"
    },
    "elements": [
        {
            "name": "ArmorHelmet",
            "stepParentName": "Head",
            "from": [
                -0.2,
                -0.5,
                -0.6
            ],
            "to": [
                6.4,
                5.5,
                5.7
            ],
            "unwrapMode": 4,
            "uv": [
                26.5,
                14
            ],
            "rotationOrigin": [
                -0.2,
                -0.5,
                -0.6
            ],
            "faces": {
                "north": {
                    "texture": "#silver",
                    "uv": [
                        26.5,
                        20.5,
                        33,
                        26.5
                    ]
                },
                "east": {
                    "texture": "#silver",
                    "uv": [
                        45.5,
                        20.5,
                        51.5,
                        26.5
                    ]
                },
                "south": {
                    "texture": "#silver",
                    "uv": [
                        39,
                        20.5,
                        45.5,
                        26.5
                    ]
                },
                "west": {
                    "texture": "#silver",
                    "uv": [
                        33,
                        20.5,
                        39,
                        26.5
                    ]
                },
                "up": {
                    "texture": "#silver",
                    "uv": [
                        33,
                        14,
                        39,
                        20.5
                    ],
                    "rotation": 90
                },
                "down": {
                    "texture": "#silver",
                    "uv": [
                        33,
                        26.5,
                        39,
                        33
                    ],
                    "rotation": 90
                }
            },
            "children": [
                {
                    "name": "ArmorHelmetFront",
                    "from": [
                        -1.7,
                        2.71,
                        1.4
                    ],
                    "to": [
                        2.8,
                        4.71,
                        5.7
                    ],
                    "autoUnwrap": false,
                    "uv": [
                        48.5,
                        26
                    ],
                    "rotationOrigin": [
                        0,
                        3.3,
                        3.2
                    ],
                    "rotationY": 45,
                    "faces": {
                        "north": {
                            "texture": "#silver",
                            "uv": [
                                33.5,
                                24.5,
                                38,
                                26.5
                            ]
                        },
                        "south": {
                            "texture": "#silver",
                            "uv": [
                                38,
                                20.5,
                                42.5,
                                22.5
                            ]
                        },
                        "west": {
                            "texture": "#silver",
                            "uv": [
                                34,
                                24.5,
                                38,
                                26.5
                            ]
                        },
                        "up": {
                            "texture": "#silver",
                            "uv": [
                                33,
                                14,
                                37.5,
                                18
                            ]
                        },
                        "down": {
                            "texture": "#silver",
                            "uv": [
                                34.5,
                                14,
                                39,
                                18
                            ]
                        }
                    }
                },
                {
                    "name": "FaceplateR",
                    "from": [
                        4,
                        4,
                        -0.5
                    ],
                    "to": [
                        6,
                        6,
                        0
                    ],
                    "autoUnwrap": false,
                    "uv": [
                        27,
                        8
                    ],
                    "rotationOrigin": [
                        4,
                        4,
                        -0.6
                    ],
                    "rotationZ": 60,
                    "faces": {
                        "north": {
                            "texture": "#silver",
                            "uv": [
                                41.5,
                                8,
                                43.5,
                                10
                            ]
                        },
                        "east": {
                            "texture": "#silver",
                            "uv": [
                                42,
                                3,
                                42.5,
                                5
                            ]
                        },
                        "west": {
                            "texture": "#silver",
                            "uv": [
                                42.5,
                                3,
                                43,
                                5
                            ]
                        },
                        "up": {
                            "texture": "#silver",
                            "uv": [
                                41.5,
                                1,
                                43.5,
                                1.5
                            ]
                        },
                        "down": {
                            "texture": "#silver",
                            "uv": [
                                41.5,
                                1.5,
                                43.5,
                                2
                            ]
                        }
                    },
                    "children": [
                        {
                            "name": "Plume1R",
                            "from": [
                                2.1,
                                0.1,
                                0.1
                            ],
                            "to": [
                                8.1,
                                1.1,
                                0.6
                            ],
                            "autoUnwrap": false,
                            "uv": [
                                50.5,
                                47.5
                            ],
                            "rotationOrigin": [
                                2,
                                0,
                                0
                            ],
                            "rotationY": 5,
                            "faces": {
                                "north": {
                                    "texture": "#silver",
                                    "uv": [
                                        54,
                                        50,
                                        60,
                                        51
                                    ]
                                },
                                "east": {
                                    "texture": "#silver",
                                    "uv": [
                                        56.5,
                                        48,
                                        57,
                                        49
                                    ]
                                },
                                "south": {
                                    "texture": "#silver",
                                    "uv": [
                                        57,
                                        48,
                                        63,
                                        49
                                    ]
                                },
                                "up": {
                                    "texture": "#silver",
                                    "uv": [
                                        56,
                                        53.5,
                                        62,
                                        54
                                    ]
                                },
                                "down": {
                                    "texture": "#silver",
                                    "uv": [
                                        56.5,
                                        47.5,
                                        62.5,
                                        48
                                    ]
                                }
                            }
                        },
                        {
                            "name": "Plume2R",
                            "from": [
                                1.4,
                                0.1,
                                0.3
                            ],
                            "to": [
                                6.4,
                                1.1,
                                0.8
                            ],
                            "autoUnwrap": false,
                            "uv": [
                                0,
                                0
                            ],
                            "rotationOrigin": [
                                2,
                                0,
                                0
                            ],
                            "rotationY": 7,
                            "rotationZ": -17,
                            "faces": {
                                "north": {
                                    "texture": "#silver",
                                    "uv": [
                                        54,
                                        50,
                                        59,
                                        51
                                    ]
                                },
                                "east": {
                                    "texture": "#silver",
                                    "uv": [
                                        56.5,
                                        48,
                                        57,
                                        49
                                    ]
                                },
                                "south": {
                                    "texture": "#silver",
                                    "uv": [
                                        57,
                                        48,
                                        62,
                                        49
                                    ]
                                },
                                "up": {
                                    "texture": "#silver",
                                    "uv": [
                                        56,
                                        53.5,
                                        61,
                                        54
                                    ]
                                }
                            }
                        },
                        {
                            "name": "Plume3R",
                            "from": [
                                1.4,
                                0.1,
                                0.3
                            ],
                            "to": [
                                6.4,
                                1.1,
                                0.8
                            ],
                            "autoUnwrap": false,
                            "uv": [
                                0,
                                0
                            ],
                            "rotationOrigin": [
                                1.5,
                                0,
                                1.2
                            ],
                            "rotationY": 8,
                            "rotationZ": -30,
                            "faces": {
                                "north": {
                                    "texture": "#silver",
                                    "uv": [
                                        54,
                                        50,
                                        59,
                                        51
                                    ]
                                },
                                "east": {
                                    "texture": "#silver",
                                    "uv": [
                                        56.5,
                                        48,
                                        57,
                                        49
                                    ]
                                },
                                "south": {
                                    "texture": "#silver",
                                    "uv": [
                                        57,
                                        48,
                                        62,
                                        49
                                    ]
                                },
                                "up": {
                                    "texture": "#silver",
                                    "uv": [
                                        56,
                                        53.5,
                                        61,
                                        54
                                    ]
                                }
                            }
                        }
                    ]
                },
                {
                    "name": "FaceplateL",
                    "from": [
                        4,
                        4,
                        6.3
                    ],
                    "to": [
                        6,
                        6,
                        6.8
                    ],
                    "autoUnwrap": false,
                    "uv": [
                        33,
                        8
                    ],
                    "rotationOrigin": [
                        4,
                        4,
                        6.4
                    ],
                    "rotationZ": 60,
                    "faces": {
                        "east": {
                            "texture": "#silver",
                            "uv": [
                                41.5,
                                3,
                                42,
                                5
                            ]
                        },
                        "south": {
                            "texture": "#silver",
                            "uv": [
                                41.5,
                                6,
                                43.5,
                                8
                            ]
                        },
                        "west": {
                            "texture": "#silver",
                            "uv": [
                                43,
                                3,
                                43.5,
                                5
                            ]
                        },
                        "up": {
                            "texture": "#silver",
                            "uv": [
                                41.5,
                                2.5,
                                43.5,
                                3
                            ]
                        },
                        "down": {
                            "texture": "#silver",
                            "uv": [
                                41.5,
                                2,
                                43.5,
                                2.5
                            ]
                        }
                    },
                    "children": [
                        {
                            "name": "Plume1L",
                            "from": [
                                1.9,
                                0.1,
                                0
                            ],
                            "to": [
                                7.9,
                                1.1,
                                0.5
                            ],
                            "autoUnwrap": false,
                            "uv": [
                                0,
                                0
                            ],
                            "rotationOrigin": [
                                2,
                                0,
                                0.2
                            ],
                            "rotationY": -5,
                            "faces": {
                                "north": {
                                    "texture": "#silver",
                                    "uv": [
                                        54,
                                        50,
                                        60,
                                        51
                                    ]
                                },
                                "east": {
                                    "texture": "#silver",
                                    "uv": [
                                        56.5,
                                        48,
                                        57,
                                        49
                                    ]
                                },
                                "south": {
                                    "texture": "#silver",
                                    "uv": [
                                        57,
                                        48,
                                        63,
                                        49
                                    ]
                                },
                                "up": {
                                    "texture": "#silver",
                                    "uv": [
                                        56,
                                        53.5,
                                        62,
                                        54
                                    ]
                                },
                                "down": {
                                    "texture": "#silver",
                                    "uv": [
                                        56.5,
                                        47.5,
                                        62.5,
                                        48
                                    ]
                                }
                            }
                        },
                        {
                            "name": "Plume2L",
                            "from": [
                                1.4,
                                0.1,
                                0
                            ],
                            "to": [
                                6.4,
                                1.1,
                                0.5
                            ],
                            "autoUnwrap": false,
                            "uv": [
                                0,
                                0
                            ],
                            "rotationOrigin": [
                                2,
                                0,
                                0.2
                            ],
                            "rotationY": -7,
                            "rotationZ": -17,
                            "faces": {
                                "north": {
                                    "texture": "#silver",
                                    "uv": [
                                        54,
                                        50,
                                        59,
                                        51
                                    ]
                                },
                                "east": {
                                    "texture": "#silver",
                                    "uv": [
                                        56.5,
                                        48,
                                        57,
                                        49
                                    ]
                                },
                                "south": {
                                    "texture": "#silver",
                                    "uv": [
                                        57,
                                        48,
                                        62,
                                        49
                                    ]
                                },
                                "up": {
                                    "texture": "#silver",
                                    "uv": [
                                        56,
                                        53.5,
                                        61,
                                        54
                                    ]
                                },
                                "down": {
                                    "texture": "#silver",
                                    "uv": [
                                        56.5,
                                        47.5,
                                        61.5,
                                        48
                                    ]
                                }
                            }
                        },
                        {
                            "name": "Plume3L",
                            "from": [
                                1.4,
                                0.1,
                                0
                            ],
                            "to": [
                                6.4,
                                1.1,
                                0.5
                            ],
                            "autoUnwrap": false,
                            "uv": [
                                0,
                                0
                            ],
                            "rotationOrigin": [
                                1.4,
                                0,
                                0
                            ],
                            "rotationY": -8,
                            "rotationZ": -30,
                            "faces": {
                                "north": {
                                    "texture": "#silver",
                                    "uv": [
                                        54,
                                        50,
                                        59,
                                        51
                                    ]
                                },
                                "east": {
                                    "texture": "#silver",
                                    "uv": [
                                        56.5,
                                        48,
                                        57,
                                        49
                                    ]
                                },
                                "south": {
                                    "texture": "#silver",
                                    "uv": [
                                        57,
                                        48,
                                        62,
                                        49
                                    ]
                                },
                                "up": {
                                    "texture": "#silver",
                                    "uv": [
                                        56,
                                        53.5,
                                        61,
                                        54
                                    ]
                                },
                                "down": {
                                    "texture": "#silver",
                                    "uv": [
                                        56.5,
                                        47.5,
                                        61.5,
                                        48
                                    ]
                                }
                            }
                        }
                    ]
                }
            ]
        },
        {
            "name": "ArmorNeck",
            "stepParentName": "Neck",
            "from": [
                -0.3,
                0.6,
                -0.3
            ],
            "to": [
                3.3,
                2.4,
                3.3
            ],
            "unwrapMode": 4,
            "uv": [
                12,
                5.5
            ],
            "rotationOrigin": [
                -0.3,
                2.6,
                -0.3
            ],
            "faces": {
                "north": {
                    "texture": "#silver",
                    "uv": [
                        12,
                        5.5,
                        15.5,
                        7
                    ]
                },
                "east": {
                    "texture": "#silver",
                    "uv": [
                        22.5,
                        5.5,
                        26,
                        7
                    ]
                },
                "south": {
                    "texture": "#silver",
                    "uv": [
                        19,
                        5.5,
                        22.5,
                        7
                    ]
                },
                "west": {
                    "texture": "#silver",
                    "uv": [
                        15.5,
                        5.5,
                        19,
                        7
                    ]
                }
            }
        }
    ]
}