{
    "editor": {
        "allAngles": true,
        "entityTextureMode": true
    },
    "textureWidth": 64,
    "textureHeight": 64,
    "textureSizes": {},
    "textures": {
        "material": "entity/humanoid/serapharmor/plate/iron"
    },
    "elements": [
        {
            "name": "ArmorUpperLegR",
            "stepParentName": "UpperFootR",
            "from": [
                -0.19,
                -0.5,
                -0.1
            ],
            "to": [
                4.41,
                9.5,
                3.7
            ],
            "autoUnwrap": false,
            "uv": [
                17.5,
                40.5
            ],
            "rotationOrigin": [
                -0.2,
                -0.5,
                -0.1
            ],
            "faces": {
                "north": {
                    "texture": "#material",
                    "uv": [
                        16,
                        40,
                        20.5,
                        50
                    ]
                },
                "east": {
                    "texture": "#material",
                    "uv": [
                        20.5,
                        40,
                        24,
                        50
                    ]
                },
                "south": {
                    "texture": "#material",
                    "uv": [
                        24,
                        40,
                        28.5,
                        50
                    ]
                },
                "west": {
                    "texture": "#material",
                    "uv": [
                        28.5,
                        40,
                        32,
                        50
                    ]
                },
                "up": {
                    "texture": "#material",
                    "uv": [
                        32,
                        4,
                        36.5,
                        7.5
                    ]
                },
                "down": {
                    "texture": "#material",
                    "uv": [
                        36.5,
                        4,
                        41,
                        7.5
                    ]
                }
            },
            "children": [
                {
                    "name": "ArmorKneeR",
                    "from": [
                        -0.41,
                        -1.2,
                        -0.05
                    ],
                    "to": [
                        1.59,
                        2.1,
                        3.95
                    ],
                    "unwrapMode": 4,
                    "uv": [
                        44,
                        57
                    ],
                    "rotationOrigin": [
                        -0.41,
                        -1.2,
                        -0.05
                    ],
                    "rotationZ": 15,
                    "faces": {
                        "north": {
                            "texture": "#material",
                            "uv": [
                                44,
                                59,
                                46,
                                62
                            ]
                        },
                        "east": {
                            "texture": "#material",
                            "uv": [
                                52,
                                59,
                                56,
                                62
                            ]
                        },
                        "south": {
                            "texture": "#material",
                            "uv": [
                                50,
                                59,
                                52,
                                62
                            ]
                        },
                        "west": {
                            "texture": "#material",
                            "uv": [
                                46,
                                59,
                                50,
                                62
                            ]
                        },
                        "up": {
                            "texture": "#material",
                            "uv": [
                                46,
                                57,
                                50,
                                59
                            ],
                            "rotation": 90
                        },
                        "down": {
                            "texture": "#material",
                            "uv": [
                                46,
                                62,
                                50,
                                64
                            ],
                            "rotation": 90
                        }
                    }
                }
            ]
        },
        {
            "name": "ArmorUpperLegL",
            "stepParentName": "UpperFootL",
            "from": [
                -0.19,
                -0.5,
                -0.5
            ],
            "to": [
                4.41,
                9.5,
                3.3
            ],
            "autoUnwrap": false,
            "uv": [
                0,
                40
            ],
            "rotationOrigin": [
                -0.2,
                -0.5,
                -0.5
            ],
            "faces": {
                "north": {
                    "texture": "#material",
                    "uv": [
                        0,
                        40,
                        4.5,
                        50
                    ]
                },
                "east": {
                    "texture": "#material",
                    "uv": [
                        4.5,
                        40,
                        8,
                        50
                    ]
                },
                "south": {
                    "texture": "#material",
                    "uv": [
                        8,
                        40,
                        12.5,
                        50
                    ]
                },
                "west": {
                    "texture": "#material",
                    "uv": [
                        12.5,
                        40,
                        16,
                        50
                    ]
                },
                "up": {
                    "texture": "#material",
                    "uv": [
                        32,
                        0.5,
                        36.5,
                        4
                    ]
                },
                "down": {
                    "texture": "#material",
                    "uv": [
                        36.5,
                        0.5,
                        41,
                        4
                    ]
                }
            },
            "children": [
                {
                    "name": "ArmorKneeL",
                    "from": [
                        -0.41,
                        -1.2,
                        -0.15
                    ],
                    "to": [
                        1.59,
                        2.1,
                        3.85
                    ],
                    "unwrapMode": 4,
                    "uv": [
                        32,
                        57
                    ],
                    "rotationOrigin": [
                        -0.41,
                        -1.2,
                        -0.15
                    ],
                    "rotationZ": 15,
                    "faces": {
                        "north": {
                            "texture": "#material",
                            "uv": [
                                32,
                                59,
                                34,
                                62
                            ]
                        },
                        "east": {
                            "texture": "#material",
                            "uv": [
                                40,
                                59,
                                44,
                                62
                            ]
                        },
                        "south": {
                            "texture": "#material",
                            "uv": [
                                38,
                                59,
                                40,
                                62
                            ]
                        },
                        "west": {
                            "texture": "#material",
                            "uv": [
                                34,
                                59,
                                38,
                                62
                            ]
                        },
                        "up": {
                            "texture": "#material",
                            "uv": [
                                34,
                                57,
                                38,
                                59
                            ],
                            "rotation": 90
                        },
                        "down": {
                            "texture": "#material",
                            "uv": [
                                34,
                                62,
                                38,
                                64
                            ],
                            "rotation": 90
                        }
                    }
                }
            ]
        },
        {
            "name": "ArmorLowerLegR",
            "stepParentName": "LowerFootR",
            "from": [
                -0.3,
                0.8,
                -0.35
            ],
            "to": [
                3.2,
                7.3,
                3.15
            ],
            "autoUnwrap": false,
            "uv": [
                16,
                51
            ],
            "rotationOrigin": [
                -0.3,
                0.8,
                -0.5
            ],
            "faces": {
                "north": {
                    "texture": "#material",
                    "uv": [
                        16,
                        55.5,
                        19.5,
                        62
                    ]
                },
                "east": {
                    "texture": "#material",
                    "uv": [
                        20.5,
                        55.5,
                        24,
                        62
                    ]
                },
                "south": {
                    "texture": "#material",
                    "uv": [
                        24,
                        56.5,
                        27.5,
                        63
                    ]
                },
                "west": {
                    "texture": "#material",
                    "uv": [
                        28.5,
                        55.5,
                        32,
                        62
                    ]
                },
                "up": {
                    "texture": "#material",
                    "uv": [
                        16,
                        51,
                        19.5,
                        54.5
                    ]
                },
                "down": {
                    "texture": "#material",
                    "uv": [
                        20.5,
                        51,
                        24,
                        54.5
                    ]
                }
            }
        },
        {
            "name": "ArmorLowerLegL",
            "stepParentName": "LowerFootL",
            "from": [
                -0.3,
                0.8,
                -0.15
            ],
            "to": [
                3.2,
                6.3,
                3.35
            ],
            "autoUnwrap": false,
            "uv": [
                0,
                51
            ],
            "rotationOrigin": [
                -0.3,
                0.8,
                -0.3
            ],
            "faces": {
                "north": {
                    "texture": "#material",
                    "uv": [
                        1,
                        57.5,
                        4.5,
                        63
                    ]
                },
                "east": {
                    "texture": "#material",
                    "uv": [
                        4.5,
                        55.5,
                        8,
                        61
                    ]
                },
                "south": {
                    "texture": "#material",
                    "uv": [
                        8,
                        55.5,
                        11.5,
                        61
                    ]
                },
                "west": {
                    "texture": "#material",
                    "uv": [
                        12.5,
                        55.5,
                        16,
                        61
                    ]
                },
                "up": {
                    "texture": "#material",
                    "uv": [
                        0,
                        51,
                        3.5,
                        54.5
                    ]
                },
                "down": {
                    "texture": "#material",
                    "uv": [
                        4.5,
                        51,
                        8,
                        54.5
                    ]
                }
            }
        },
        {
            "name": "ArmorLowerLegL2",
            "stepParentName": "PawL",
            "from": [
                -0.3,
                -0.2,
                -0.15
            ],
            "to": [
                3.2,
                7.3,
                3.35
            ],
            "autoUnwrap": false,
            "uv": [
                0,
                51
            ],
            "rotationOrigin": [
                -0.3,
                -0.2,
                -0.3
            ],
            "faces": {
                "north": {
                    "texture": "#material",
                    "uv": [
                        1,
                        56.5,
                        4.5,
                        64
                    ]
                },
                "east": {
                    "texture": "#material",
                    "uv": [
                        4.5,
                        56.5,
                        8,
                        64
                    ]
                },
                "south": {
                    "texture": "#material",
                    "uv": [
                        8,
                        56.5,
                        11.5,
                        64
                    ]
                },
                "west": {
                    "texture": "#material",
                    "uv": [
                        12.5,
                        56.5,
                        16,
                        64
                    ]
                },
                "up": {
                    "texture": "#material",
                    "uv": [
                        0,
                        51,
                        3.5,
                        54.5
                    ]
                },
                "down": {
                    "texture": "#material",
                    "uv": [
                        4.5,
                        51,
                        8,
                        54.5
                    ]
                }
            },
            "children": [
                {
                    "name": "ArmorKneeSideL2",
                    "from": [
                        -0.5,
                        5,
                        3.5
                    ],
                    "to": [
                        3.5,
                        9,
                        4
                    ],
                    "unwrapMode": 3,
                    "uv": [
                        12.5,
                        0
                    ],
                    "rotationOrigin": [
                        -0.5,
                        5,
                        3.5
                    ],
                    "faces": {
                        "north": {
                            "texture": "#material",
                            "uv": [
                                17.5,
                                0.5,
                                21.5,
                                4.5
                            ]
                        },
                        "east": {
                            "texture": "#material",
                            "uv": [
                                17,
                                0.5,
                                17.5,
                                4.5
                            ]
                        },
                        "south": {
                            "texture": "#material",
                            "uv": [
                                13,
                                0.5,
                                17,
                                4.5
                            ]
                        },
                        "west": {
                            "texture": "#material",
                            "uv": [
                                12.5,
                                0.5,
                                13,
                                4.5
                            ]
                        },
                        "up": {
                            "texture": "#material",
                            "uv": [
                                13,
                                0,
                                17,
                                0.5
                            ]
                        },
                        "down": {
                            "texture": "#material",
                            "uv": [
                                13,
                                4.5,
                                17,
                                5
                            ],
                            "rotation": 180
                        }
                    }
                }
            ]
        },
        {
            "name": "ArmorLowerLegR2",
            "stepParentName": "PawR",
            "from": [
                -0.3,
                -0.2,
                -0.35
            ],
            "to": [
                3.2,
                7.3,
                3.15
            ],
            "autoUnwrap": false,
            "uv": [
                16,
                51
            ],
            "rotationOrigin": [
                -0.3,
                -0.2,
                -0.5
            ],
            "faces": {
                "north": {
                    "texture": "#material",
                    "uv": [
                        16,
                        56.5,
                        19.5,
                        64
                    ]
                },
                "east": {
                    "texture": "#material",
                    "uv": [
                        20.5,
                        56.5,
                        24,
                        64
                    ]
                },
                "south": {
                    "texture": "#material",
                    "uv": [
                        24.5,
                        56.5,
                        28,
                        64
                    ]
                },
                "west": {
                    "texture": "#material",
                    "uv": [
                        28.5,
                        56.5,
                        32,
                        64
                    ]
                },
                "up": {
                    "texture": "#material",
                    "uv": [
                        16,
                        51,
                        19.5,
                        54.5
                    ]
                },
                "down": {
                    "texture": "#material",
                    "uv": [
                        20.5,
                        51,
                        24,
                        54.5
                    ]
                }
            },
            "children": [
                {
                    "name": "ArmorKneeSideR2",
                    "from": [
                        -0.5,
                        5,
                        -0.5
                    ],
                    "to": [
                        3.5,
                        9,
                        0
                    ],
                    "unwrapMode": 1,
                    "uv": [
                        22,
                        0
                    ],
                    "rotationOrigin": [
                        -0.5,
                        5,
                        -0.5
                    ],
                    "faces": {
                        "north": {
                            "texture": "#material",
                            "uv": [
                                22.5,
                                0.5,
                                26.5,
                                4.5
                            ]
                        },
                        "east": {
                            "texture": "#material",
                            "uv": [
                                22,
                                0.5,
                                22.5,
                                4.5
                            ]
                        },
                        "south": {
                            "texture": "#material",
                            "uv": [
                                27,
                                0.5,
                                31,
                                4.5
                            ]
                        },
                        "west": {
                            "texture": "#material",
                            "uv": [
                                26.5,
                                0.5,
                                27,
                                4.5
                            ]
                        },
                        "up": {
                            "texture": "#material",
                            "uv": [
                                22.5,
                                0,
                                26.5,
                                0.5
                            ],
                            "rotation": 180
                        },
                        "down": {
                            "texture": "#material",
                            "uv": [
                                22.5,
                                4.5,
                                26.5,
                                5
                            ]
                        }
                    }
                }
            ]
        }
    ]
}