{
	"editor": {
		"allAngles": false,
		"entityTextureMode": false
	},
	"textureWidth": 16,
	"textureHeight": 16,
	"textureSizes": {
	},
	"textures": {
	},
	"elements": [
		{
			"name": "ns",
			"from": [ 8.0, 0.0, 0.006 ],
			"to": [ 16.0, 16.0, 15.994 ],
			"rotationOrigin": [ 8.0, 0.0, 0.0 ],
			"faces": {
				"north": { "texture": "#north", "uv": [ 0.0, 0.0, 8.0, 16.0 ] },
				"south": { "texture": "#south", "uv": [ 0.0, 0.0, 8.0, 16.0 ] }
			}
		},
		{
			"name": "ew",
			"from": [ 8.01, 0.0, 0.0 ],
			"to": [ 15.998, 16.0, 16.0 ],
			"rotationOrigin": [ 8.0, 0.0, 0.0 ],
			"faces": {
				"east": { "texture": "#east", "uv": [ 0.0, 0.0, 16.0, 16.0 ] },
				"west": { "texture": "#west", "uv": [ 0.0, 0.0, 16.0, 16.0 ] }
			}
		},
		{
			"name": "ud",
			"from": [ 8.0, 0.006, 0.0 ],
			"to": [ 16.0, 15.994, 16.0 ],
			"rotationOrigin": [ 8.0, 0.0, 0.0 ],
			"faces": {
				"up": { "texture": "#up", "uv": [ 0.0, 0.0, 8.0, 16.0 ] },
				"down": { "texture": "#down", "uv": [ 0.0, 0.0, 8.0, 16.0 ] }
			}
		}
	]}