{
	"editor": {
		"collapsedPaths": "",
		"allAngles": false,
		"entityTextureMode": false
	},
	"textureWidth": 16,
	"textureHeight": 16,
	"textureSizes": {
		"normal": [32,16],
		"short-south": [24,24],
		"short-north": [24,24],
		"aged1": [16,16]
	},
	"textures": {
		"glacier": "glacier"
	},
	"elements": [
		{
			"name": "origin",
			"from": [ 0.0, 0.0, 0.0 ],
			"to": [ 0.0, 0.0, 0.0 ],
			"rotationOrigin": [ 8.0, 0.0, 8.0 ],
			"faces": {
			},
			"children": [
				{
					"name": "slanted down",
					"from": [ 5.0, 14.0, -0.05 ],
					"to": [ 17.2, 18.0, 15.95 ],
					"renderPass": 2,
					"rotationOrigin": [ 15.0, 14.0, 8.0 ],
					"rotationZ": 45.0,
					"faces": {
						"north": { "texture": "#glacier", "uv": [ 0.0, 8.0, 16.0, 16.0 ], "rotation": 180, "autoUv": false },
						"east": { "texture": "#glacier", "uv": [ 0.0, 8.0, 16.0, 16.0 ], "autoUv": false, "windMode": [-1,-1,-1,-1], "windData": [0,1,1,0] },
						"south": { "texture": "#glacier", "uv": [ 0.0, 8.0, 16.0, 16.0 ], "autoUv": false },
						"west": { "texture": "#glacier", "uv": [ 0.0, 8.0, 16.0, 16.0 ], "autoUv": false },
						"up": { "texture": "#glacier", "uv": [ 0.0, 8.0, 16.0, 16.0 ], "rotation": 90, "autoUv": false, "windMode": [-1,-1,-1,-1] },
						"down": { "texture": "#glacier", "uv": [ 0.0, 8.0, 16.0, 16.0 ], "rotation": 270, "autoUv": false, "windMode": [-1,-1,-1,-1] }
					}
				}
			]
		}
	]}