{
	"editor": {
		"allAngles": false,
		"entityTextureMode": false
	},
	"textureWidth": 16,
	"textureHeight": 16,
	"textureSizes": {
		"normal": [32,16],
		"short-south": [24,24],
		"short-north": [24,24],
		"aged1": [16,16]
	},
	"textures": {	"color": "blue",
		"color-cut": "blue-cut",
		"frame-cut": "frame-cut",
		"frame-slab": "frame-slab"

	},
	"elements": [
		{
			"name": "origin",
			"from": [ 0.0, 0.0, -8.0 ],
			"to": [ 0.0, 0.0, -8.0 ],
			"rotationOrigin": [ 8.0, 0.0, 0.0 ],
			"faces": {
			},
			"children": [
				{
					"name": "slanted down",
					"from": [ -2.5, 7.0, 7.95 ],
					"to": [ 8.0, 11.0, 15.95 ],
					"renderPass": 2,
					"rotationOrigin": [ 8.0, 7.0, 16.0 ],
					"rotationZ": 45.0,
					"faces": {
						"north": { "texture": "#frame-slab", "uv": [ 0.0, 8.0, 12.0, 16.0 ], "rotation": 180, "autoUv": false },
						"south": { "texture": "#frame-slab", "uv": [ 0.0, 8.0, 12.0, 16.0 ], "autoUv": false },
						"west": { "texture": "#frame-slab", "uv": [ 0.0, 8.0, 16.0, 16.0 ], "autoUv": false },
						"up": { "texture": "#frame-slab", "uv": [ 0.0, 8.0, 14.0, 16.0 ], "autoUv": false, "windMode": [-1,-1,-1,-1] },
						"down": { "texture": "#frame-slab", "uv": [ 0.0, 8.0, 14.0, 16.0 ], "rotation": 180, "autoUv": false, "windMode": [-1,-1,-1,-1] }
					},
					"children": [
						{
							"name": "slanted down2",
							"from": [ 10.5, 0.0, 0.0 ],
							"to": [ 22.7, 4.0, 8.0 ],
							"renderPass": 2,
							"rotationOrigin": [ 10.5, 0.0, 8.0 ],
							"faces": {
								"north": { "texture": "#frame-slab", "uv": [ 0.0, 8.0, 12.0, 16.0 ], "autoUv": false },
								"east": { "texture": "#frame-slab", "uv": [ 0.0, 8.0, 16.0, 16.0 ], "autoUv": false },
								"south": { "texture": "#frame-slab", "uv": [ 0.0, 8.0, 12.0, 16.0 ], "rotation": 180, "autoUv": false },
								"up": { "texture": "#frame-slab", "uv": [ 0.0, 8.0, 12.0, 16.0 ], "rotation": 180, "autoUv": false, "windMode": [-1,-1,-1,-1], "windData": [0,0,1,1] },
								"down": { "texture": "#frame-slab", "uv": [ 0.0, 8.0, 12.0, 16.0 ], "autoUv": false }
							}
						}
					]
				},
				{
					"name": "slanted down3",
					"from": [ -2.25, 7.25, 8.1 ],
					"to": [ 8.0, 10.75, 15.6 ],
					"renderPass": 3,
					"rotationOrigin": [ 8.0, 7.0, 16.0 ],
					"rotationZ": 45.0,
					"faces": {
						"north": { "texture": "#color", "uv": [ 0.0, 8.0, 13.0, 16.0 ], "rotation": 180, "autoUv": false, "windMode": [-1,-1,-1,-1] },
						"south": { "texture": "#color", "uv": [ 0.0, 8.0, 12.0, 16.0 ], "autoUv": false, "windMode": [-1,-1,-1,-1] },
						"west": { "texture": "#color", "uv": [ 0.0, 8.0, 16.0, 16.0 ], "autoUv": false, "windMode": [-1,-1,-1,-1] },
						"up": { "texture": "#color", "uv": [ 0.0, 0.0, 12.0, 16.0 ], "autoUv": false, "windMode": [-1,-1,-1,-1] },
						"down": { "texture": "#color", "uv": [ 0.0, 5.0, 16.0, 16.0 ], "rotation": 270, "autoUv": false, "windMode": [-1,-1,-1,-1] }
					},
					"children": [
						{
							"name": "slanted down4",
							"from": [ 10.25, 0.0, 0.0 ],
							"to": [ 22.25, 3.5, 7.5 ],
							"renderPass": 3,
							"rotationOrigin": [ 10.5, 0.0, 8.0 ],
							"faces": {
								"north": { "texture": "#color", "uv": [ 0.0, 8.0, 12.0, 16.0 ], "autoUv": false },
								"east": { "texture": "#color", "uv": [ 0.0, 8.0, 16.0, 16.0 ], "autoUv": false, "snapUv": false },
								"south": { "texture": "#color", "uv": [ 0.0, 8.0, 12.0, 16.0 ], "rotation": 180, "autoUv": false },
								"up": { "texture": "#color", "uv": [ 0.0, 0.0, 12.0, 16.0 ], "rotation": 180, "autoUv": false, "windMode": [-1,-1,-1,-1], "windData": [0,0,1,1] },
								"down": { "texture": "#color", "uv": [ 0.0, 0.0, 12.0, 16.0 ], "autoUv": false }
							}
						}
					]
				},
				{
					"name": "Cube2",
					"from": [ 0.0, 0.0, 8.0 ],
					"to": [ 16.0, 16.0, 16.0 ],
					"renderPass": 2,
					"rotationOrigin": [ 0.0, 0.0, 8.0 ],
					"faces": {
						"north": { "texture": "#frame-cut", "uv": [ 0.0, 0.0, 16.0, 16.0 ], "rotation": 90 },
						"east": { "texture": "#frame-slab", "uv": [ 0.0, 8.0, 16.0, 16.0 ], "rotation": 90, "autoUv": false },
						"south": { "texture": "#frame-cut", "uv": [ 0.0, 0.0, 16.0, 16.0 ], "autoUv": false },
						"down": { "texture": "#frame-slab", "uv": [ 0.0, 8.0, 16.0, 16.0 ] }
					},
					"children": [
						{
							"name": "Cube3",
							"from": [ 0.25, 0.25, 0.25 ],
							"to": [ 15.75, 15.75, 7.75 ],
							"renderPass": 3,
							"faces": {
								"north": { "texture": "#color-cut", "uv": [ 0.0, 0.0, 15.5, 15.5 ], "rotation": 90 },
								"east": { "texture": "#color", "uv": [ 0.0, 0.0, 7.5, 15.5 ] },
								"south": { "texture": "#color-cut", "uv": [ 0.0, 0.0, 15.5, 15.5 ] }
							}
						}
					]
				}
			]
		}
	]}