{
	"editor": {
		"collapsedPaths": "",
		"allAngles": false,
		"entityTextureMode": false
	},
	"textureWidth": 16,
	"textureHeight": 16,
	"textureSizes": {
		"normal": [32,16],
		"short-south": [24,24],
		"short-north": [24,24],
		"aged1": [16,16]
	},
	"textures": {
		"color": "blue",
		"frame-slab": "frame-slab",
"frame":"frame"
	},
	"elements": [
		{
			"name": "origin",
			"from": [ 0.0, 0.0, 0.0 ],
			"to": [ 0.0, 0.0, 0.0 ],
			"rotationOrigin": [ 8.0, 0.0, 8.0 ],
			"faces": {
			},
			"children": [
				{
					"name": "slanted down",
					"from": [ 5.0, 14.0, -0.05 ],
					"to": [ 17.2, 18.0, 15.95 ],
					"renderPass": 2,
					"rotationOrigin": [ 15.0, 14.0, 8.0 ],
					"rotationZ": 45.0,
					"faces": {
						"north": { "texture": "#frame-slab", "uv": [ 0.0, 8.0, 16.0, 16.0 ], "rotation": 180, "autoUv": false },
						"east": { "texture": "#frame-slab", "uv": [ 0.0, 8.0, 16.0, 16.0 ], "autoUv": false, "windMode": [-1,-1,-1,-1], "windData": [0,1,1,0] },
						"south": { "texture": "#frame-slab", "uv": [ 0.0, 8.0, 16.0, 16.0 ], "autoUv": false },
						"west": { "texture": "#frame-slab", "uv": [ 0.0, 8.0, 16.0, 16.0 ], "autoUv": false },
						"up": { "texture": "#frame-slab", "uv": [ 0.0, 8.0, 16.0, 16.0 ], "rotation": 90, "autoUv": false, "windMode": [-1,-1,-1,-1] },
						"down": { "texture": "#frame-slab", "uv": [ 0.0, 8.0, 16.0, 16.0 ], "rotation": 270, "autoUv": false, "windMode": [-1,-1,-1,-1] }
					},
					"children": [
						{
							"name": "slanted down3",
							"from": [ 0.1, 0.0, 0.0 ],
							"to": [ 12.1, 4.0, 16.0 ],
							"renderPass": 3,
							"rotationOrigin": [ 10.0, 0.0, 8.05 ],
							"faces": {
								"north": { "texture": "#color", "uv": [ 0.0, 8.0, 13.0, 16.0 ], "rotation": 180, "autoUv": false, "windMode": [-1,-1,-1,-1] },
								"east": { "texture": "#color", "uv": [ 0.0, 0.0, 16.0, 4.0 ], "windMode": [-1,-1,-1,-1], "windData": [0,1,1,0] },
								"south": { "texture": "#color", "uv": [ 0.0, 8.0, 12.0, 16.0 ], "autoUv": false, "windMode": [-1,-1,-1,-1] },
								"west": { "texture": "#color", "uv": [ 0.0, 8.0, 16.0, 16.0 ], "autoUv": false, "windMode": [-1,-1,-1,-1] },
								"up": { "texture": "#color", "uv": [ 0.0, 0.0, 12.0, 16.0 ], "autoUv": false, "windMode": [-1,-1,-1,-1] },
								"down": { "texture": "#color", "uv": [ 0.0, 5.0, 16.0, 16.0 ], "rotation": 270, "autoUv": false, "windMode": [-1,-1,-1,-1] }
							}
						}
					]
				}
			]
		}
	]}