{
	"editor": {
		"allAngles": false,
		"entityTextureMode": false
	},
	"textureWidth": 16,
	"textureHeight": 16,
	"textureSizes": {
		"normal": [32,16],
		"short-south": [24,24],
		"short-north": [24,24],
		"aged1": [16,16]
	},
	"textures": {
		"color": "blue",
		"frame-slab": "frame-slab"
	},
	"elements": [
		{
			"name": "origin",
			"from": [ 0.0, 0.0, 0.0 ],
			"to": [ 0.0, 0.0, 0.0 ],
			"rotationOrigin": [ 8.0, 0.0, 8.0 ],
			"faces": {
			},
			"children": [
				{
					"name": "slanted down",
					"from": [ -2.5, 7.0, -0.05 ],
					"to": [ 8.0, 11.0, 7.95 ],
					"renderPass": 2,
					"rotationOrigin": [ 8.0, 7.0, 8.0 ],
					"rotationZ": 45.0,
					"faces": {
						"north": { "texture": "#frame-slab", "uv": [ 0.0, 8.0, 12.0, 16.0 ], "rotation": 180, "autoUv": false },
						"south": { "texture": "#frame-slab", "uv": [ 0.0, 8.0, 12.0, 16.0 ], "autoUv": false },
						"west": { "texture": "#frame-slab", "uv": [ 0.0, 8.0, 16.0, 16.0 ], "autoUv": false },
						"up": { "texture": "#frame-slab", "uv": [ 0.0, 8.0, 14.0, 16.0 ], "autoUv": false, "windMode": [-1,-1,-1,-1] },
						"down": { "texture": "#frame-slab", "uv": [ 0.0, 8.0, 14.0, 16.0 ], "rotation": 180, "autoUv": false, "windMode": [-1,-1,-1,-1] }
					},
					"children": [
						{
							"name": "slanted down2",
							"from": [ 10.5, 0.0, 0.0 ],
							"to": [ 22.7, 4.0, 8.0 ],
							"renderPass": 2,
							"rotationOrigin": [ 10.5, 0.0, 8.0 ],
							"faces": {
								"north": { "texture": "#frame-slab", "uv": [ 0.0, 8.0, 12.0, 16.0 ], "autoUv": false },
								"east": { "texture": "#frame-slab", "uv": [ 0.0, 8.0, 16.0, 16.0 ], "autoUv": false },
								"south": { "texture": "#frame-slab", "uv": [ 0.0, 8.0, 12.0, 16.0 ], "rotation": 180, "autoUv": false },
								"up": { "texture": "#frame-slab", "uv": [ 0.0, 8.0, 12.0, 16.0 ], "rotation": 180, "autoUv": false, "windMode": [-1,-1,-1,-1], "windData": [0,0,1,1] },
								"down": { "texture": "#frame-slab", "uv": [ 0.0, 8.0, 12.0, 16.0 ], "autoUv": false }
							}
						}
					]
				},
				{
					"name": "slanted down3",
					"from": [ -2.5, 7.25, 0.24 ],
					"to": [ 8.0, 10.75, 7.74 ],
					"renderPass": 3,
					"rotationOrigin": [ 8.0, 7.0, 8.0 ],
					"rotationZ": 45.0,
					"faces": {
						"north": { "texture": "#color", "uv": [ 0.0, 8.0, 13.0, 16.0 ], "rotation": 180, "autoUv": false, "windMode": [-1,-1,-1,-1] },
						"south": { "texture": "#color", "uv": [ 0.0, 8.0, 12.0, 16.0 ], "autoUv": false, "windMode": [-1,-1,-1,-1] },
						"west": { "texture": "#color", "uv": [ 0.0, 8.0, 16.0, 16.0 ], "autoUv": false, "windMode": [-1,-1,-1,-1] },
						"up": { "texture": "#color", "uv": [ 0.0, 0.0, 12.0, 16.0 ], "autoUv": false, "windMode": [-1,-1,-1,-1] },
						"down": { "texture": "#color", "uv": [ 0.0, 5.0, 16.0, 16.0 ], "rotation": 270, "autoUv": false, "windMode": [-1,-1,-1,-1] }
					},
					"children": [
						{
							"name": "slanted down4",
							"from": [ 10.5, 0.0, 0.0 ],
							"to": [ 22.5, 3.5, 7.5 ],
							"renderPass": 3,
							"rotationOrigin": [ 10.5, 0.0, 8.0 ],
							"faces": {
								"north": { "texture": "#color", "uv": [ 0.0, 8.0, 12.0, 16.0 ], "autoUv": false },
								"east": { "texture": "#color", "uv": [ 0.0, 8.0, 16.0, 16.0 ], "autoUv": false, "snapUv": false },
								"south": { "texture": "#color", "uv": [ 0.0, 8.0, 12.0, 16.0 ], "rotation": 180, "autoUv": false },
								"up": { "texture": "#color", "uv": [ 0.0, 0.0, 12.0, 16.0 ], "rotation": 180, "autoUv": false, "windMode": [-1,-1,-1,-1], "windData": [0,0,1,1] },
								"down": { "texture": "#color", "uv": [ 0.0, 0.0, 12.0, 16.0 ], "autoUv": false }
							}
						}
					]
				}
			]
		}
	]}